Ville;Latitude;Longitude;Date;Heure;temperature_2m;weathercode;Temps_Label;windspeed_10m;wind_gusts_10m;precipitation
Bourg-en-Bresse;46.2;5.22;08/08/2026;00:00;24.4;0;SOLEIL;3;0;0
Bourg-en-Bresse;46.2;5.22;08/08/2026;01:00;24.4;0;SOLEIL;3;0;0
Bourg-en-Bresse;46.2;5.22;08/08/2026;02:00;22.4;0;SOLEIL;2;0;0
Bourg-en-Bresse;46.2;5.22;08/08/2026;03:00;22.4;0;SOLEIL;2;0;0
Bourg-en-Bresse;46.2;5.22;08/08/2026;04:00;22.4;0;SOLEIL;2;0;0
Bourg-en-Bresse;46.2;5.22;08/08/2026;05:00;21.7;0;SOLEIL;2;0;0
Bourg-en-Bresse;46.2;5.22;08/08/2026;06:00;21.7;0;SOLEIL;2;0;0
Bourg-en-Bresse;46.2;5.22;08/08/2026;07:00;21.7;0;SOLEIL;2;0;0
Bourg-en-Bresse;46.2;5.22;08/08/2026;08:00;26.5;0;SOLEIL;2;0;0
Bourg-en-Bresse;46.2;5.22;08/08/2026;09:00;26.5;0;SOLEIL;2;0;0
Bourg-en-Bresse;46.2;5.22;08/08/2026;10:00;26.5;0;SOLEIL;2;0;0
Bourg-en-Bresse;46.2;5.22;08/08/2026;11:00;31.6;0;SOLEIL;1;0;0
Bourg-en-Bresse;46.2;5.22;08/08/2026;12:00;31.6;0;SOLEIL;1;0;0
Bourg-en-Bresse;46.2;5.22;08/08/2026;13:00;31.6;0;SOLEIL;1;0;0
Bourg-en-Bresse;46.2;5.22;08/08/2026;14:00;34.2;0;SOLEIL;2;0;0
Bourg-en-Bresse;46.2;5.22;08/08/2026;15:00;34.2;0;SOLEIL;2;0;0
Bourg-en-Bresse;46.2;5.22;08/08/2026;16:00;34.2;0;SOLEIL;2;0;0
Bourg-en-Bresse;46.2;5.22;08/08/2026;17:00;33;5;SOLEIL VOILÉ;2;0;0
Bourg-en-Bresse;46.2;5.22;08/08/2026;18:00;33;5;SOLEIL VOILÉ;2;0;0
Bourg-en-Bresse;46.2;5.22;08/08/2026;19:00;33;5;SOLEIL VOILÉ;2;0;0
Bourg-en-Bresse;46.2;5.22;08/08/2026;20:00;27.2;0;SOLEIL;1;0;0
Bourg-en-Bresse;46.2;5.22;08/08/2026;21:00;27.2;0;SOLEIL;1;0;0
Bourg-en-Bresse;46.2;5.22;08/08/2026;22:00;27.2;0;SOLEIL;1;0;0
Bourg-en-Bresse;46.2;5.22;08/08/2026;23:00;24.7;0;SOLEIL;2;0;0
Bourg-en-Bresse;46.2;5.22;09/08/2026;00:00;24.7;0;SOLEIL;2;0;0
Bourg-en-Bresse;46.2;5.22;09/08/2026;01:00;24.7;0;SOLEIL;2;0;0
Bourg-en-Bresse;46.2;5.22;09/08/2026;02:00;23.2;0;SOLEIL;0;0;0
Bourg-en-Bresse;46.2;5.22;09/08/2026;03:00;23.2;0;SOLEIL;0;0;0
Bourg-en-Bresse;46.2;5.22;09/08/2026;04:00;23.2;0;SOLEIL;0;0;0
Bourg-en-Bresse;46.2;5.22;09/08/2026;05:00;23.5;10;ORAGEUX;1;0;0
Bourg-en-Bresse;46.2;5.22;09/08/2026;06:00;23.5;10;ORAGEUX;1;0;0
Bourg-en-Bresse;46.2;5.22;09/08/2026;07:00;23.5;10;ORAGEUX;1;0;0
Bourg-en-Bresse;46.2;5.22;09/08/2026;08:00;27.6;10;ORAGEUX;2;0;0
Bourg-en-Bresse;46.2;5.22;09/08/2026;09:00;27.6;10;ORAGEUX;2;0;0
Bourg-en-Bresse;46.2;5.22;09/08/2026;10:00;27.6;10;ORAGEUX;2;0;0
Bourg-en-Bresse;46.2;5.22;09/08/2026;11:00;33.2;10;ORAGEUX;3;0;0
Bourg-en-Bresse;46.2;5.22;09/08/2026;12:00;33.2;10;ORAGEUX;3;0;0
Bourg-en-Bresse;46.2;5.22;09/08/2026;13:00;33.2;10;ORAGEUX;3;0;0
Bourg-en-Bresse;46.2;5.22;09/08/2026;14:00;33.2;10;ORAGEUX;2;0;0
Bourg-en-Bresse;46.2;5.22;09/08/2026;15:00;33.2;10;ORAGEUX;2;0;0
Bourg-en-Bresse;46.2;5.22;09/08/2026;16:00;33.2;10;ORAGEUX;2;0;0
Bourg-en-Bresse;46.2;5.22;09/08/2026;17:00;30;10;ORAGEUX;2;0;0
Bourg-en-Bresse;46.2;5.22;09/08/2026;18:00;30;10;ORAGEUX;2;0;0
Bourg-en-Bresse;46.2;5.22;09/08/2026;19:00;30;10;ORAGEUX;2;0;0
Bourg-en-Bresse;46.2;5.22;09/08/2026;20:00;27.3;0;SOLEIL;5;0;0
Bourg-en-Bresse;46.2;5.22;09/08/2026;21:00;25.8;0;SOLEIL;5;0;0
Bourg-en-Bresse;46.2;5.22;09/08/2026;22:00;24.3;0;SOLEIL;5;0;0
Bourg-en-Bresse;46.2;5.22;09/08/2026;23:00;25;0;SOLEIL;2;0;0
Bourg-en-Bresse;46.2;5.22;10/08/2026;00:00;25;0;SOLEIL;2;0;0
Bourg-en-Bresse;46.2;5.22;10/08/2026;01:00;25;0;SOLEIL;2;0;0
Bourg-en-Bresse;46.2;5.22;10/08/2026;02:00;22.4;10;ORAGEUX;5;0;0
Bourg-en-Bresse;46.2;5.22;10/08/2026;03:00;22.4;10;ORAGEUX;5;0;0
Bourg-en-Bresse;46.2;5.22;10/08/2026;04:00;22.4;10;ORAGEUX;5;0;0
Bourg-en-Bresse;46.2;5.22;10/08/2026;05:00;23.5;0;SOLEIL;0;0;0
Bourg-en-Bresse;46.2;5.22;10/08/2026;06:00;23.5;0;SOLEIL;0;0;0
Bourg-en-Bresse;46.2;5.22;10/08/2026;07:00;23.5;0;SOLEIL;0;0;0
Bourg-en-Bresse;46.2;5.22;10/08/2026;08:00;25.0;10;ORAGEUX;5;0;0
Bourg-en-Bresse;46.2;5.22;10/08/2026;09:00;26.3;10;ORAGEUX;5;0;0
Bourg-en-Bresse;46.2;5.22;10/08/2026;10:00;27.6;10;ORAGEUX;5;0;0
Bourg-en-Bresse;46.2;5.22;10/08/2026;11:00;33.1;0;SOLEIL;2;0;0
Bourg-en-Bresse;46.2;5.22;10/08/2026;12:00;33.1;0;SOLEIL;2;0;0
Bourg-en-Bresse;46.2;5.22;10/08/2026;13:00;33.1;0;SOLEIL;2;0;0
Bourg-en-Bresse;46.2;5.22;10/08/2026;14:00;32.8;10;ORAGEUX;5;0;0
Bourg-en-Bresse;46.2;5.22;10/08/2026;15:00;34.1;10;ORAGEUX;5;0;0
Bourg-en-Bresse;46.2;5.22;10/08/2026;16:00;32.8;10;ORAGEUX;5;0;0
Bourg-en-Bresse;46.2;5.22;10/08/2026;17:00;31.1;6;AVERSES;2;0;0
Bourg-en-Bresse;46.2;5.22;10/08/2026;18:00;31.1;6;AVERSES;2;0;0
Bourg-en-Bresse;46.2;5.22;10/08/2026;19:00;31.1;6;AVERSES;2;0;0
Bourg-en-Bresse;46.2;5.22;10/08/2026;20:00;27.6;10;ORAGEUX;5;0;0
Bourg-en-Bresse;46.2;5.22;10/08/2026;21:00;26.3;10;ORAGEUX;5;0;0
Bourg-en-Bresse;46.2;5.22;10/08/2026;22:00;25.0;10;ORAGEUX;5;0;0
Bourg-en-Bresse;46.2;5.22;10/08/2026;23:00;24.7;0;SOLEIL;1;0;0
Bourg-en-Bresse;46.2;5.22;11/08/2026;00:00;24.7;0;SOLEIL;1;0;0
Bourg-en-Bresse;46.2;5.22;11/08/2026;01:00;24.7;0;SOLEIL;1;0;0
Bourg-en-Bresse;46.2;5.22;11/08/2026;02:00;22.1;0;SOLEIL;5;0;0
Bourg-en-Bresse;46.2;5.22;11/08/2026;03:00;22.1;0;SOLEIL;5;0;0
Bourg-en-Bresse;46.2;5.22;11/08/2026;04:00;22.1;0;SOLEIL;5;0;0
Bourg-en-Bresse;46.2;5.22;11/08/2026;05:00;23.5;0;SOLEIL;2;0;0
Bourg-en-Bresse;46.2;5.22;11/08/2026;06:00;23.5;0;SOLEIL;2;0;0
Bourg-en-Bresse;46.2;5.22;11/08/2026;07:00;23.5;0;SOLEIL;2;0;0
Bourg-en-Bresse;46.2;5.22;11/08/2026;08:00;25.0;0;SOLEIL;5;0;0
Bourg-en-Bresse;46.2;5.22;11/08/2026;09:00;26.4;0;SOLEIL;5;0;0
Bourg-en-Bresse;46.2;5.22;11/08/2026;10:00;27.9;0;SOLEIL;5;0;0
Bourg-en-Bresse;46.2;5.22;11/08/2026;11:00;33.2;0;SOLEIL;2;0;0
Bourg-en-Bresse;46.2;5.22;11/08/2026;12:00;33.2;0;SOLEIL;2;0;0
Bourg-en-Bresse;46.2;5.22;11/08/2026;13:00;33.2;0;SOLEIL;2;0;0
Bourg-en-Bresse;46.2;5.22;11/08/2026;14:00;33.7;0;SOLEIL;5;0;0
Bourg-en-Bresse;46.2;5.22;11/08/2026;15:00;35.1;0;SOLEIL;5;0;0
Bourg-en-Bresse;46.2;5.22;11/08/2026;16:00;33.7;0;SOLEIL;5;0;0
Bourg-en-Bresse;46.2;5.22;11/08/2026;17:00;33.1;0;SOLEIL;2;0;0
Bourg-en-Bresse;46.2;5.22;11/08/2026;18:00;33.1;0;SOLEIL;2;0;0
Bourg-en-Bresse;46.2;5.22;11/08/2026;19:00;33.1;0;SOLEIL;2;0;0
Bourg-en-Bresse;46.2;5.22;11/08/2026;20:00;27.9;0;SOLEIL;5;0;0
Bourg-en-Bresse;46.2;5.22;11/08/2026;21:00;26.4;0;SOLEIL;5;0;0
Bourg-en-Bresse;46.2;5.22;11/08/2026;22:00;25.0;0;SOLEIL;5;0;0
Bourg-en-Bresse;46.2;5.22;11/08/2026;23:00;25.1;0;SOLEIL;1;0;0
Bourg-en-Bresse;46.2;5.22;12/08/2026;00:00;25.1;0;SOLEIL;1;0;0
Bourg-en-Bresse;46.2;5.22;12/08/2026;01:00;25.1;0;SOLEIL;1;0;0
Bourg-en-Bresse;46.2;5.22;12/08/2026;02:00;22.5;0;SOLEIL;5;0;0
Bourg-en-Bresse;46.2;5.22;12/08/2026;03:00;22.5;0;SOLEIL;5;0;0
Bourg-en-Bresse;46.2;5.22;12/08/2026;04:00;22.5;0;SOLEIL;5;0;0
Bourg-en-Bresse;46.2;5.22;12/08/2026;05:00;23.9;0;SOLEIL;0;0;0
Bourg-en-Bresse;46.2;5.22;12/08/2026;06:00;23.9;0;SOLEIL;0;0;0
Bourg-en-Bresse;46.2;5.22;12/08/2026;07:00;23.9;0;SOLEIL;0;0;0
Bourg-en-Bresse;46.2;5.22;12/08/2026;08:00;25.4;0;SOLEIL;5;0;0
Bourg-en-Bresse;46.2;5.22;12/08/2026;09:00;26.9;0;SOLEIL;5;0;0
Bourg-en-Bresse;46.2;5.22;12/08/2026;10:00;28.4;0;SOLEIL;5;0;0
Bourg-en-Bresse;46.2;5.22;12/08/2026;11:00;34.1;0;SOLEIL;1;0;0
Bourg-en-Bresse;46.2;5.22;12/08/2026;12:00;34.1;0;SOLEIL;1;0;0
Bourg-en-Bresse;46.2;5.22;12/08/2026;13:00;34.1;0;SOLEIL;1;0;0
Bourg-en-Bresse;46.2;5.22;12/08/2026;14:00;34.2;0;SOLEIL;5;0;0
Bourg-en-Bresse;46.2;5.22;12/08/2026;15:00;35.7;0;SOLEIL;5;0;0
Bourg-en-Bresse;46.2;5.22;12/08/2026;16:00;34.2;0;SOLEIL;5;0;0
Bourg-en-Bresse;46.2;5.22;12/08/2026;17:00;34.6;0;SOLEIL;2;0;0
Bourg-en-Bresse;46.2;5.22;12/08/2026;18:00;34.6;0;SOLEIL;2;0;0
Bourg-en-Bresse;46.2;5.22;12/08/2026;19:00;34.6;0;SOLEIL;2;0;0
Bourg-en-Bresse;46.2;5.22;12/08/2026;20:00;28.4;0;SOLEIL;5;0;0
Bourg-en-Bresse;46.2;5.22;12/08/2026;21:00;26.9;0;SOLEIL;5;0;0
Bourg-en-Bresse;46.2;5.22;12/08/2026;22:00;25.4;0;SOLEIL;5;0;0
Bourg-en-Bresse;46.2;5.22;12/08/2026;23:00;26.1;0;SOLEIL;1;0;0
Vichy;46.12;3.42;08/08/2026;00:00;19.5;0;SOLEIL;3;0;0
Vichy;46.12;3.42;08/08/2026;01:00;19.5;0;SOLEIL;3;0;0
Vichy;46.12;3.42;08/08/2026;02:00;17.4;0;SOLEIL;2;0;0
Vichy;46.12;3.42;08/08/2026;03:00;17.4;0;SOLEIL;2;0;0
Vichy;46.12;3.42;08/08/2026;04:00;17.4;0;SOLEIL;2;0;0
Vichy;46.12;3.42;08/08/2026;05:00;18.2;0;SOLEIL;2;0;0
Vichy;46.12;3.42;08/08/2026;06:00;18.2;0;SOLEIL;2;0;0
Vichy;46.12;3.42;08/08/2026;07:00;18.2;0;SOLEIL;2;0;0
Vichy;46.12;3.42;08/08/2026;08:00;25.1;0;SOLEIL;2;0;0
Vichy;46.12;3.42;08/08/2026;09:00;25.1;0;SOLEIL;2;0;0
Vichy;46.12;3.42;08/08/2026;10:00;25.1;0;SOLEIL;2;0;0
Vichy;46.12;3.42;08/08/2026;11:00;30.9;0;SOLEIL;2;0;0
Vichy;46.12;3.42;08/08/2026;12:00;30.9;0;SOLEIL;2;0;0
Vichy;46.12;3.42;08/08/2026;13:00;30.9;0;SOLEIL;2;0;0
Vichy;46.12;3.42;08/08/2026;14:00;33.2;0;SOLEIL;2;0;0
Vichy;46.12;3.42;08/08/2026;15:00;33.2;0;SOLEIL;2;0;0
Vichy;46.12;3.42;08/08/2026;16:00;33.2;0;SOLEIL;2;0;0
Vichy;46.12;3.42;08/08/2026;17:00;33;0;SOLEIL;2;0;0
Vichy;46.12;3.42;08/08/2026;18:00;33;0;SOLEIL;2;0;0
Vichy;46.12;3.42;08/08/2026;19:00;33;0;SOLEIL;2;0;0
Vichy;46.12;3.42;08/08/2026;20:00;23.6;0;SOLEIL;1;0;0
Vichy;46.12;3.42;08/08/2026;21:00;23.6;0;SOLEIL;1;0;0
Vichy;46.12;3.42;08/08/2026;22:00;23.6;0;SOLEIL;1;0;0
Vichy;46.12;3.42;08/08/2026;23:00;21.2;0;SOLEIL;1;0;0
Vichy;46.12;3.42;09/08/2026;00:00;21.2;0;SOLEIL;1;0;0
Vichy;46.12;3.42;09/08/2026;01:00;21.2;0;SOLEIL;1;0;0
Vichy;46.12;3.42;09/08/2026;02:00;21.7;0;SOLEIL;2;0;0
Vichy;46.12;3.42;09/08/2026;03:00;21.7;0;SOLEIL;2;0;0
Vichy;46.12;3.42;09/08/2026;04:00;21.7;0;SOLEIL;2;0;0
Vichy;46.12;3.42;09/08/2026;05:00;23;0;SOLEIL;3;0;0
Vichy;46.12;3.42;09/08/2026;06:00;23;0;SOLEIL;3;0;0
Vichy;46.12;3.42;09/08/2026;07:00;23;0;SOLEIL;3;0;0
Vichy;46.12;3.42;09/08/2026;08:00;27.9;0;SOLEIL;4;0;0
Vichy;46.12;3.42;09/08/2026;09:00;27.9;0;SOLEIL;4;0;0
Vichy;46.12;3.42;09/08/2026;10:00;27.9;0;SOLEIL;4;0;0
Vichy;46.12;3.42;09/08/2026;11:00;33.4;0;SOLEIL;3;0;0
Vichy;46.12;3.42;09/08/2026;12:00;33.4;0;SOLEIL;3;0;0
Vichy;46.12;3.42;09/08/2026;13:00;33.4;0;SOLEIL;3;0;0
Vichy;46.12;3.42;09/08/2026;14:00;32;10;ORAGEUX;4;0;0
Vichy;46.12;3.42;09/08/2026;15:00;32;10;ORAGEUX;4;0;0
Vichy;46.12;3.42;09/08/2026;16:00;32;10;ORAGEUX;4;0;0
Vichy;46.12;3.42;09/08/2026;17:00;32.9;10;ORAGEUX;3;0;0
Vichy;46.12;3.42;09/08/2026;18:00;32.9;10;ORAGEUX;3;0;0
Vichy;46.12;3.42;09/08/2026;19:00;32.9;10;ORAGEUX;3;0;0
Vichy;46.12;3.42;09/08/2026;20:00;24.3;0;SOLEIL;5;0;0
Vichy;46.12;3.42;09/08/2026;21:00;22.3;0;SOLEIL;5;0;0
Vichy;46.12;3.42;09/08/2026;22:00;20.4;0;SOLEIL;5;0;0
Vichy;46.12;3.42;09/08/2026;23:00;21.2;0;SOLEIL;2;0;0
Vichy;46.12;3.42;10/08/2026;00:00;21.2;0;SOLEIL;2;0;0
Vichy;46.12;3.42;10/08/2026;01:00;21.2;0;SOLEIL;2;0;0
Vichy;46.12;3.42;10/08/2026;02:00;19.1;10;ORAGEUX;5;0;0
Vichy;46.12;3.42;10/08/2026;03:00;19.1;10;ORAGEUX;5;0;0
Vichy;46.12;3.42;10/08/2026;04:00;19.1;10;ORAGEUX;5;0;0
Vichy;46.12;3.42;10/08/2026;05:00;22.9;0;SOLEIL;2;0;0
Vichy;46.12;3.42;10/08/2026;06:00;22.9;0;SOLEIL;2;0;0
Vichy;46.12;3.42;10/08/2026;07:00;22.9;0;SOLEIL;2;0;0
Vichy;46.12;3.42;10/08/2026;08:00;22.4;10;ORAGEUX;5;0;0
Vichy;46.12;3.42;10/08/2026;09:00;24.1;10;ORAGEUX;5;0;0
Vichy;46.12;3.42;10/08/2026;10:00;25.8;10;ORAGEUX;5;0;0
Vichy;46.12;3.42;10/08/2026;11:00;32.2;0;SOLEIL;2;0;0
Vichy;46.12;3.42;10/08/2026;12:00;32.2;0;SOLEIL;2;0;0
Vichy;46.12;3.42;10/08/2026;13:00;32.2;0;SOLEIL;2;0;0
Vichy;46.12;3.42;10/08/2026;14:00;32.4;10;ORAGEUX;5;0;0
Vichy;46.12;3.42;10/08/2026;15:00;34.1;10;ORAGEUX;5;0;0
Vichy;46.12;3.42;10/08/2026;16:00;32.4;10;ORAGEUX;5;0;0
Vichy;46.12;3.42;10/08/2026;17:00;31;6;AVERSES;2;0;0
Vichy;46.12;3.42;10/08/2026;18:00;31;6;AVERSES;2;0;0
Vichy;46.12;3.42;10/08/2026;19:00;31;6;AVERSES;2;0;0
Vichy;46.12;3.42;10/08/2026;20:00;25.8;10;ORAGEUX;5;0;0
Vichy;46.12;3.42;10/08/2026;21:00;24.1;10;ORAGEUX;5;0;0
Vichy;46.12;3.42;10/08/2026;22:00;22.4;10;ORAGEUX;5;0;0
Vichy;46.12;3.42;10/08/2026;23:00;22.1;0;SOLEIL;1;0;0
Vichy;46.12;3.42;11/08/2026;00:00;22.1;0;SOLEIL;1;0;0
Vichy;46.12;3.42;11/08/2026;01:00;22.1;0;SOLEIL;1;0;0
Vichy;46.12;3.42;11/08/2026;02:00;20.7;0;SOLEIL;5;0;0
Vichy;46.12;3.42;11/08/2026;03:00;20.7;0;SOLEIL;5;0;0
Vichy;46.12;3.42;11/08/2026;04:00;20.7;0;SOLEIL;5;0;0
Vichy;46.12;3.42;11/08/2026;05:00;21.6;0;SOLEIL;2;0;0
Vichy;46.12;3.42;11/08/2026;06:00;21.6;0;SOLEIL;2;0;0
Vichy;46.12;3.42;11/08/2026;07:00;21.6;0;SOLEIL;2;0;0
Vichy;46.12;3.42;11/08/2026;08:00;23.7;0;SOLEIL;5;0;0
Vichy;46.12;3.42;11/08/2026;09:00;25.2;0;SOLEIL;5;0;0
Vichy;46.12;3.42;11/08/2026;10:00;26.7;0;SOLEIL;5;0;0
Vichy;46.12;3.42;11/08/2026;11:00;33.1;0;SOLEIL;3;0;0
Vichy;46.12;3.42;11/08/2026;12:00;33.1;0;SOLEIL;3;0;0
Vichy;46.12;3.42;11/08/2026;13:00;33.1;0;SOLEIL;3;0;0
Vichy;46.12;3.42;11/08/2026;14:00;32.7;0;SOLEIL;5;0;0
Vichy;46.12;3.42;11/08/2026;15:00;34.2;0;SOLEIL;5;0;0
Vichy;46.12;3.42;11/08/2026;16:00;32.7;0;SOLEIL;5;0;0
Vichy;46.12;3.42;11/08/2026;17:00;32.4;0;SOLEIL;3;0;0
Vichy;46.12;3.42;11/08/2026;18:00;32.4;0;SOLEIL;3;0;0
Vichy;46.12;3.42;11/08/2026;19:00;32.4;0;SOLEIL;3;0;0
Vichy;46.12;3.42;11/08/2026;20:00;26.7;0;SOLEIL;5;0;0
Vichy;46.12;3.42;11/08/2026;21:00;25.2;0;SOLEIL;5;0;0
Vichy;46.12;3.42;11/08/2026;22:00;23.7;0;SOLEIL;5;0;0
Vichy;46.12;3.42;11/08/2026;23:00;22.1;0;SOLEIL;1;0;0
Vichy;46.12;3.42;12/08/2026;00:00;22.1;0;SOLEIL;1;0;0
Vichy;46.12;3.42;12/08/2026;01:00;22.1;0;SOLEIL;1;0;0
Vichy;46.12;3.42;12/08/2026;02:00;19.6;0;SOLEIL;5;0;0
Vichy;46.12;3.42;12/08/2026;03:00;19.6;0;SOLEIL;5;0;0
Vichy;46.12;3.42;12/08/2026;04:00;19.6;0;SOLEIL;5;0;0
Vichy;46.12;3.42;12/08/2026;05:00;21.1;0;SOLEIL;2;0;0
Vichy;46.12;3.42;12/08/2026;06:00;21.1;0;SOLEIL;2;0;0
Vichy;46.12;3.42;12/08/2026;07:00;21.1;0;SOLEIL;2;0;0
Vichy;46.12;3.42;12/08/2026;08:00;23.0;0;SOLEIL;5;0;0
Vichy;46.12;3.42;12/08/2026;09:00;24.8;0;SOLEIL;5;0;0
Vichy;46.12;3.42;12/08/2026;10:00;26.5;0;SOLEIL;5;0;0
Vichy;46.12;3.42;12/08/2026;11:00;33.1;0;SOLEIL;2;0;0
Vichy;46.12;3.42;12/08/2026;12:00;33.1;0;SOLEIL;2;0;0
Vichy;46.12;3.42;12/08/2026;13:00;33.1;0;SOLEIL;2;0;0
Vichy;46.12;3.42;12/08/2026;14:00;33.4;0;SOLEIL;5;0;0
Vichy;46.12;3.42;12/08/2026;15:00;35.1;0;SOLEIL;5;0;0
Vichy;46.12;3.42;12/08/2026;16:00;33.4;0;SOLEIL;5;0;0
Vichy;46.12;3.42;12/08/2026;17:00;33.1;0;SOLEIL;2;0;0
Vichy;46.12;3.42;12/08/2026;18:00;33.1;0;SOLEIL;2;0;0
Vichy;46.12;3.42;12/08/2026;19:00;33.1;0;SOLEIL;2;0;0
Vichy;46.12;3.42;12/08/2026;20:00;26.5;0;SOLEIL;5;0;0
Vichy;46.12;3.42;12/08/2026;21:00;24.8;0;SOLEIL;5;0;0
Vichy;46.12;3.42;12/08/2026;22:00;23.0;0;SOLEIL;5;0;0
Vichy;46.12;3.42;12/08/2026;23:00;22.9;0;SOLEIL;1;0;0
Montluçon;46.34;2.6;08/08/2026;00:00;17.9;0;SOLEIL;2;0;0
Montluçon;46.34;2.6;08/08/2026;01:00;17.9;0;SOLEIL;2;0;0
Montluçon;46.34;2.6;08/08/2026;02:00;15.7;0;SOLEIL;2;0;0
Montluçon;46.34;2.6;08/08/2026;03:00;15.7;0;SOLEIL;2;0;0
Montluçon;46.34;2.6;08/08/2026;04:00;15.7;0;SOLEIL;2;0;0
Montluçon;46.34;2.6;08/08/2026;05:00;16.1;0;SOLEIL;1;0;0
Montluçon;46.34;2.6;08/08/2026;06:00;16.1;0;SOLEIL;1;0;0
Montluçon;46.34;2.6;08/08/2026;07:00;16.1;0;SOLEIL;1;0;0
Montluçon;46.34;2.6;08/08/2026;08:00;25.1;0;SOLEIL;1;0;0
Montluçon;46.34;2.6;08/08/2026;09:00;25.1;0;SOLEIL;1;0;0
Montluçon;46.34;2.6;08/08/2026;10:00;25.1;0;SOLEIL;1;0;0
Montluçon;46.34;2.6;08/08/2026;11:00;32;0;SOLEIL;2;0;0
Montluçon;46.34;2.6;08/08/2026;12:00;32;0;SOLEIL;2;0;0
Montluçon;46.34;2.6;08/08/2026;13:00;32;0;SOLEIL;2;0;0
Montluçon;46.34;2.6;08/08/2026;14:00;35.1;0;SOLEIL;3;0;0
Montluçon;46.34;2.6;08/08/2026;15:00;35.1;0;SOLEIL;3;0;0
Montluçon;46.34;2.6;08/08/2026;16:00;35.1;0;SOLEIL;3;0;0
Montluçon;46.34;2.6;08/08/2026;17:00;33.2;5;SOLEIL VOILÉ;2;0;0
Montluçon;46.34;2.6;08/08/2026;18:00;33.2;5;SOLEIL VOILÉ;2;0;0
Montluçon;46.34;2.6;08/08/2026;19:00;33.2;5;SOLEIL VOILÉ;2;0;0
Montluçon;46.34;2.6;08/08/2026;20:00;26.6;0;SOLEIL;2;0;0
Montluçon;46.34;2.6;08/08/2026;21:00;26.6;0;SOLEIL;2;0;0
Montluçon;46.34;2.6;08/08/2026;22:00;26.6;0;SOLEIL;2;0;0
Montluçon;46.34;2.6;08/08/2026;23:00;24.1;5;SOLEIL VOILÉ;1;0;0
Montluçon;46.34;2.6;09/08/2026;00:00;24.1;5;SOLEIL VOILÉ;1;0;0
Montluçon;46.34;2.6;09/08/2026;01:00;24.1;5;SOLEIL VOILÉ;1;0;0
Montluçon;46.34;2.6;09/08/2026;02:00;21.7;5;SOLEIL VOILÉ;2;0;0
Montluçon;46.34;2.6;09/08/2026;03:00;21.7;5;SOLEIL VOILÉ;2;0;0
Montluçon;46.34;2.6;09/08/2026;04:00;21.7;5;SOLEIL VOILÉ;2;0;0
Montluçon;46.34;2.6;09/08/2026;05:00;19.6;10;ORAGEUX;2;0;0
Montluçon;46.34;2.6;09/08/2026;06:00;19.6;10;ORAGEUX;2;0;0
Montluçon;46.34;2.6;09/08/2026;07:00;19.6;10;ORAGEUX;2;0;0
Montluçon;46.34;2.6;09/08/2026;08:00;25;10;ORAGEUX;3;0;0
Montluçon;46.34;2.6;09/08/2026;09:00;25;10;ORAGEUX;3;0;0
Montluçon;46.34;2.6;09/08/2026;10:00;25;10;ORAGEUX;3;0;0
Montluçon;46.34;2.6;09/08/2026;11:00;30.9;10;ORAGEUX;2;0;0
Montluçon;46.34;2.6;09/08/2026;12:00;30.9;10;ORAGEUX;2;0;0
Montluçon;46.34;2.6;09/08/2026;13:00;30.9;10;ORAGEUX;2;0;0
Montluçon;46.34;2.6;09/08/2026;14:00;31.4;10;ORAGEUX;3;0;0
Montluçon;46.34;2.6;09/08/2026;15:00;31.4;10;ORAGEUX;3;0;0
Montluçon;46.34;2.6;09/08/2026;16:00;31.4;10;ORAGEUX;3;0;0
Montluçon;46.34;2.6;09/08/2026;17:00;28.5;5;SOLEIL VOILÉ;3;0;0
Montluçon;46.34;2.6;09/08/2026;18:00;28.5;5;SOLEIL VOILÉ;3;0;0
Montluçon;46.34;2.6;09/08/2026;19:00;28.5;5;SOLEIL VOILÉ;3;0;0
Montluçon;46.34;2.6;09/08/2026;20:00;24.1;0;SOLEIL;5;0;0
Montluçon;46.34;2.6;09/08/2026;21:00;21.8;0;SOLEIL;5;0;0
Montluçon;46.34;2.6;09/08/2026;22:00;19.5;0;SOLEIL;5;0;0
Montluçon;46.34;2.6;09/08/2026;23:00;22.4;0;SOLEIL;2;0;0
Montluçon;46.34;2.6;10/08/2026;00:00;22.4;0;SOLEIL;2;0;0
Montluçon;46.34;2.6;10/08/2026;01:00;22.4;0;SOLEIL;2;0;0
Montluçon;46.34;2.6;10/08/2026;02:00;18.9;10;ORAGEUX;5;0;0
Montluçon;46.34;2.6;10/08/2026;03:00;18.9;10;ORAGEUX;5;0;0
Montluçon;46.34;2.6;10/08/2026;04:00;18.9;10;ORAGEUX;5;0;0
Montluçon;46.34;2.6;10/08/2026;05:00;21.7;0;SOLEIL;2;0;0
Montluçon;46.34;2.6;10/08/2026;06:00;21.7;0;SOLEIL;2;0;0
Montluçon;46.34;2.6;10/08/2026;07:00;21.7;0;SOLEIL;2;0;0
Montluçon;46.34;2.6;10/08/2026;08:00;21.9;10;ORAGEUX;5;0;0
Montluçon;46.34;2.6;10/08/2026;09:00;23.3;10;ORAGEUX;5;0;0
Montluçon;46.34;2.6;10/08/2026;10:00;24.8;10;ORAGEUX;5;0;0
Montluçon;46.34;2.6;10/08/2026;11:00;32.1;6;AVERSES;2;0;0
Montluçon;46.34;2.6;10/08/2026;12:00;32.1;6;AVERSES;2;0;0
Montluçon;46.34;2.6;10/08/2026;13:00;32.1;6;AVERSES;2;0;0
Montluçon;46.34;2.6;10/08/2026;14:00;30.7;10;ORAGEUX;5;0;0
Montluçon;46.34;2.6;10/08/2026;15:00;32.2;10;ORAGEUX;5;0;0
Montluçon;46.34;2.6;10/08/2026;16:00;30.7;10;ORAGEUX;5;0;0
Montluçon;46.34;2.6;10/08/2026;17:00;30.2;6;AVERSES;2;0;0
Montluçon;46.34;2.6;10/08/2026;18:00;30.2;6;AVERSES;2;0;0
Montluçon;46.34;2.6;10/08/2026;19:00;30.2;6;AVERSES;2;0;0
Montluçon;46.34;2.6;10/08/2026;20:00;24.8;10;ORAGEUX;5;0;0
Montluçon;46.34;2.6;10/08/2026;21:00;23.3;10;ORAGEUX;5;0;0
Montluçon;46.34;2.6;10/08/2026;22:00;21.9;10;ORAGEUX;5;0;0
Montluçon;46.34;2.6;10/08/2026;23:00;23.1;0;SOLEIL;2;0;0
Montluçon;46.34;2.6;11/08/2026;00:00;23.1;0;SOLEIL;2;0;0
Montluçon;46.34;2.6;11/08/2026;01:00;23.1;0;SOLEIL;2;0;0
Montluçon;46.34;2.6;11/08/2026;02:00;20.1;6;AVERSES;5;0;0
Montluçon;46.34;2.6;11/08/2026;03:00;20.1;6;AVERSES;5;0;0
Montluçon;46.34;2.6;11/08/2026;04:00;20.1;6;AVERSES;5;0;0
Montluçon;46.34;2.6;11/08/2026;05:00;20.9;0;SOLEIL;1;0;0
Montluçon;46.34;2.6;11/08/2026;06:00;20.9;0;SOLEIL;1;0;0
Montluçon;46.34;2.6;11/08/2026;07:00;20.9;0;SOLEIL;1;0;0
Montluçon;46.34;2.6;11/08/2026;08:00;23.3;6;AVERSES;5;0;0
Montluçon;46.34;2.6;11/08/2026;09:00;24.9;6;AVERSES;5;0;0
Montluçon;46.34;2.6;11/08/2026;10:00;26.5;6;AVERSES;5;0;0
Montluçon;46.34;2.6;11/08/2026;11:00;34;0;SOLEIL;3;0;0
Montluçon;46.34;2.6;11/08/2026;12:00;34;0;SOLEIL;3;0;0
Montluçon;46.34;2.6;11/08/2026;13:00;34;0;SOLEIL;3;0;0
Montluçon;46.34;2.6;11/08/2026;14:00;32.8;6;AVERSES;5;0;0
Montluçon;46.34;2.6;11/08/2026;15:00;34.4;6;AVERSES;5;0;0
Montluçon;46.34;2.6;11/08/2026;16:00;32.8;6;AVERSES;5;0;0
Montluçon;46.34;2.6;11/08/2026;17:00;33.6;0;SOLEIL;2;0;0
Montluçon;46.34;2.6;11/08/2026;18:00;33.6;0;SOLEIL;2;0;0
Montluçon;46.34;2.6;11/08/2026;19:00;33.6;0;SOLEIL;2;0;0
Montluçon;46.34;2.6;11/08/2026;20:00;26.5;6;AVERSES;5;0;0
Montluçon;46.34;2.6;11/08/2026;21:00;24.9;6;AVERSES;5;0;0
Montluçon;46.34;2.6;11/08/2026;22:00;23.3;6;AVERSES;5;0;0
Montluçon;46.34;2.6;11/08/2026;23:00;24.9;0;SOLEIL;3;0;0
Montluçon;46.34;2.6;12/08/2026;00:00;24.9;0;SOLEIL;3;0;0
Montluçon;46.34;2.6;12/08/2026;01:00;24.9;0;SOLEIL;3;0;0
Montluçon;46.34;2.6;12/08/2026;02:00;20.1;0;SOLEIL;5;0;0
Montluçon;46.34;2.6;12/08/2026;03:00;20.1;0;SOLEIL;5;0;0
Montluçon;46.34;2.6;12/08/2026;04:00;20.1;0;SOLEIL;5;0;0
Montluçon;46.34;2.6;12/08/2026;05:00;20.5;0;SOLEIL;1;0;0
Montluçon;46.34;2.6;12/08/2026;06:00;20.5;0;SOLEIL;1;0;0
Montluçon;46.34;2.6;12/08/2026;07:00;20.5;0;SOLEIL;1;0;0
Montluçon;46.34;2.6;12/08/2026;08:00;23.7;0;SOLEIL;5;0;0
Montluçon;46.34;2.6;12/08/2026;09:00;25.5;0;SOLEIL;5;0;0
Montluçon;46.34;2.6;12/08/2026;10:00;27.3;0;SOLEIL;5;0;0
Montluçon;46.34;2.6;12/08/2026;11:00;34.6;0;SOLEIL;2;0;0
Montluçon;46.34;2.6;12/08/2026;12:00;34.6;0;SOLEIL;2;0;0
Montluçon;46.34;2.6;12/08/2026;13:00;34.6;0;SOLEIL;2;0;0
Montluçon;46.34;2.6;12/08/2026;14:00;34.6;0;SOLEIL;5;0;0
Montluçon;46.34;2.6;12/08/2026;15:00;36.4;0;SOLEIL;5;0;0
Montluçon;46.34;2.6;12/08/2026;16:00;34.6;0;SOLEIL;5;0;0
Montluçon;46.34;2.6;12/08/2026;17:00;35.2;0;SOLEIL;1;0;0
Montluçon;46.34;2.6;12/08/2026;18:00;35.2;0;SOLEIL;1;0;0
Montluçon;46.34;2.6;12/08/2026;19:00;35.2;0;SOLEIL;1;0;0
Montluçon;46.34;2.6;12/08/2026;20:00;27.3;0;SOLEIL;5;0;0
Montluçon;46.34;2.6;12/08/2026;21:00;25.5;0;SOLEIL;5;0;0
Montluçon;46.34;2.6;12/08/2026;22:00;23.7;0;SOLEIL;5;0;0
Montluçon;46.34;2.6;12/08/2026;23:00;24.7;0;SOLEIL;2;0;0
Moulins;46.56;3.33;08/08/2026;00:00;16.5;0;SOLEIL;1;0;0
Moulins;46.56;3.33;08/08/2026;01:00;16.5;0;SOLEIL;1;0;0
Moulins;46.56;3.33;08/08/2026;02:00;13.1;0;SOLEIL;1;0;0
Moulins;46.56;3.33;08/08/2026;03:00;13.1;0;SOLEIL;1;0;0
Moulins;46.56;3.33;08/08/2026;04:00;13.1;0;SOLEIL;1;0;0
Moulins;46.56;3.33;08/08/2026;05:00;15.5;0;SOLEIL;2;0;0
Moulins;46.56;3.33;08/08/2026;06:00;15.5;0;SOLEIL;2;0;0
Moulins;46.56;3.33;08/08/2026;07:00;15.5;0;SOLEIL;2;0;0
Moulins;46.56;3.33;08/08/2026;08:00;27.5;0;SOLEIL;2;0;0
Moulins;46.56;3.33;08/08/2026;09:00;27.5;0;SOLEIL;2;0;0
Moulins;46.56;3.33;08/08/2026;10:00;27.5;0;SOLEIL;2;0;0
Moulins;46.56;3.33;08/08/2026;11:00;33.2;0;SOLEIL;2;0;0
Moulins;46.56;3.33;08/08/2026;12:00;33.2;0;SOLEIL;2;0;0
Moulins;46.56;3.33;08/08/2026;13:00;33.2;0;SOLEIL;2;0;0
Moulins;46.56;3.33;08/08/2026;14:00;35.6;0;SOLEIL;2;0;0
Moulins;46.56;3.33;08/08/2026;15:00;35.6;0;SOLEIL;2;0;0
Moulins;46.56;3.33;08/08/2026;16:00;35.6;0;SOLEIL;2;0;0
Moulins;46.56;3.33;08/08/2026;17:00;34.7;0;SOLEIL;3;0;0
Moulins;46.56;3.33;08/08/2026;18:00;34.7;0;SOLEIL;3;0;0
Moulins;46.56;3.33;08/08/2026;19:00;34.7;0;SOLEIL;3;0;0
Moulins;46.56;3.33;08/08/2026;20:00;25.2;5;SOLEIL VOILÉ;2;0;0
Moulins;46.56;3.33;08/08/2026;21:00;25.2;5;SOLEIL VOILÉ;2;0;0
Moulins;46.56;3.33;08/08/2026;22:00;25.2;5;SOLEIL VOILÉ;2;0;0
Moulins;46.56;3.33;08/08/2026;23:00;21.4;5;SOLEIL VOILÉ;2;0;0
Moulins;46.56;3.33;09/08/2026;00:00;21.4;5;SOLEIL VOILÉ;2;0;0
Moulins;46.56;3.33;09/08/2026;01:00;21.4;5;SOLEIL VOILÉ;2;0;0
Moulins;46.56;3.33;09/08/2026;02:00;20.4;5;SOLEIL VOILÉ;2;0;0
Moulins;46.56;3.33;09/08/2026;03:00;20.4;5;SOLEIL VOILÉ;2;0;0
Moulins;46.56;3.33;09/08/2026;04:00;20.4;5;SOLEIL VOILÉ;2;0;0
Moulins;46.56;3.33;09/08/2026;05:00;20.7;5;SOLEIL VOILÉ;3;0;0
Moulins;46.56;3.33;09/08/2026;06:00;20.7;5;SOLEIL VOILÉ;3;0;0
Moulins;46.56;3.33;09/08/2026;07:00;20.7;5;SOLEIL VOILÉ;3;0;0
Moulins;46.56;3.33;09/08/2026;08:00;25.1;10;ORAGEUX;3;0;0
Moulins;46.56;3.33;09/08/2026;09:00;25.1;10;ORAGEUX;3;0;0
Moulins;46.56;3.33;09/08/2026;10:00;25.1;10;ORAGEUX;3;0;0
Moulins;46.56;3.33;09/08/2026;11:00;30.7;10;ORAGEUX;3;0;0
Moulins;46.56;3.33;09/08/2026;12:00;30.7;10;ORAGEUX;3;0;0
Moulins;46.56;3.33;09/08/2026;13:00;30.7;10;ORAGEUX;3;0;0
Moulins;46.56;3.33;09/08/2026;14:00;30.5;10;ORAGEUX;3;0;0
Moulins;46.56;3.33;09/08/2026;15:00;30.5;10;ORAGEUX;3;0;0
Moulins;46.56;3.33;09/08/2026;16:00;30.5;10;ORAGEUX;3;0;0
Moulins;46.56;3.33;09/08/2026;17:00;30.6;10;ORAGEUX;3;0;0
Moulins;46.56;3.33;09/08/2026;18:00;30.6;10;ORAGEUX;3;0;0
Moulins;46.56;3.33;09/08/2026;19:00;30.6;10;ORAGEUX;3;0;0
Moulins;46.56;3.33;09/08/2026;20:00;22.9;0;SOLEIL;5;0;0
Moulins;46.56;3.33;09/08/2026;21:00;20.1;0;SOLEIL;5;0;0
Moulins;46.56;3.33;09/08/2026;22:00;17.3;0;SOLEIL;5;0;0
Moulins;46.56;3.33;09/08/2026;23:00;21.4;0;SOLEIL;2;0;0
Moulins;46.56;3.33;10/08/2026;00:00;21.4;0;SOLEIL;2;0;0
Moulins;46.56;3.33;10/08/2026;01:00;21.4;0;SOLEIL;2;0;0
Moulins;46.56;3.33;10/08/2026;02:00;18.9;10;ORAGEUX;5;0;0
Moulins;46.56;3.33;10/08/2026;03:00;18.9;10;ORAGEUX;5;0;0
Moulins;46.56;3.33;10/08/2026;04:00;18.9;10;ORAGEUX;5;0;0
Moulins;46.56;3.33;10/08/2026;05:00;20.1;0;SOLEIL;2;0;0
Moulins;46.56;3.33;10/08/2026;06:00;20.1;0;SOLEIL;2;0;0
Moulins;46.56;3.33;10/08/2026;07:00;20.1;0;SOLEIL;2;0;0
Moulins;46.56;3.33;10/08/2026;08:00;21.9;10;ORAGEUX;5;0;0
Moulins;46.56;3.33;10/08/2026;09:00;23.5;10;ORAGEUX;5;0;0
Moulins;46.56;3.33;10/08/2026;10:00;25.0;10;ORAGEUX;5;0;0
Moulins;46.56;3.33;10/08/2026;11:00;31.6;0;SOLEIL;2;0;0
Moulins;46.56;3.33;10/08/2026;12:00;31.6;0;SOLEIL;2;0;0
Moulins;46.56;3.33;10/08/2026;13:00;31.6;0;SOLEIL;2;0;0
Moulins;46.56;3.33;10/08/2026;14:00;31.1;10;ORAGEUX;5;0;0
Moulins;46.56;3.33;10/08/2026;15:00;32.6;10;ORAGEUX;5;0;0
Moulins;46.56;3.33;10/08/2026;16:00;31.1;10;ORAGEUX;5;0;0
Moulins;46.56;3.33;10/08/2026;17:00;30.2;6;AVERSES;2;0;0
Moulins;46.56;3.33;10/08/2026;18:00;30.2;6;AVERSES;2;0;0
Moulins;46.56;3.33;10/08/2026;19:00;30.2;6;AVERSES;2;0;0
Moulins;46.56;3.33;10/08/2026;20:00;25.0;10;ORAGEUX;5;0;0
Moulins;46.56;3.33;10/08/2026;21:00;23.5;10;ORAGEUX;5;0;0
Moulins;46.56;3.33;10/08/2026;22:00;21.9;10;ORAGEUX;5;0;0
Moulins;46.56;3.33;10/08/2026;23:00;19.5;0;SOLEIL;2;0;0
Moulins;46.56;3.33;11/08/2026;00:00;19.5;0;SOLEIL;2;0;0
Moulins;46.56;3.33;11/08/2026;01:00;19.5;0;SOLEIL;2;0;0
Moulins;46.56;3.33;11/08/2026;02:00;18.4;0;SOLEIL;5;0;0
Moulins;46.56;3.33;11/08/2026;03:00;18.4;0;SOLEIL;5;0;0
Moulins;46.56;3.33;11/08/2026;04:00;18.4;0;SOLEIL;5;0;0
Moulins;46.56;3.33;11/08/2026;05:00;18;0;SOLEIL;2;0;0
Moulins;46.56;3.33;11/08/2026;06:00;18;0;SOLEIL;2;0;0
Moulins;46.56;3.33;11/08/2026;07:00;18;0;SOLEIL;2;0;0
Moulins;46.56;3.33;11/08/2026;08:00;21.7;0;SOLEIL;5;0;0
Moulins;46.56;3.33;11/08/2026;09:00;23.4;0;SOLEIL;5;0;0
Moulins;46.56;3.33;11/08/2026;10:00;25.1;0;SOLEIL;5;0;0
Moulins;46.56;3.33;11/08/2026;11:00;33.5;0;SOLEIL;3;0;0
Moulins;46.56;3.33;11/08/2026;12:00;33.5;0;SOLEIL;3;0;0
Moulins;46.56;3.33;11/08/2026;13:00;33.5;0;SOLEIL;3;0;0
Moulins;46.56;3.33;11/08/2026;14:00;31.7;0;SOLEIL;5;0;0
Moulins;46.56;3.33;11/08/2026;15:00;33.4;0;SOLEIL;5;0;0
Moulins;46.56;3.33;11/08/2026;16:00;31.7;0;SOLEIL;5;0;0
Moulins;46.56;3.33;11/08/2026;17:00;33.1;0;SOLEIL;4;0;0
Moulins;46.56;3.33;11/08/2026;18:00;33.1;0;SOLEIL;4;0;0
Moulins;46.56;3.33;11/08/2026;19:00;33.1;0;SOLEIL;4;0;0
Moulins;46.56;3.33;11/08/2026;20:00;25.1;0;SOLEIL;5;0;0
Moulins;46.56;3.33;11/08/2026;21:00;23.4;0;SOLEIL;5;0;0
Moulins;46.56;3.33;11/08/2026;22:00;21.7;0;SOLEIL;5;0;0
Moulins;46.56;3.33;11/08/2026;23:00;21;0;SOLEIL;2;0;0
Moulins;46.56;3.33;12/08/2026;00:00;21;0;SOLEIL;2;0;0
Moulins;46.56;3.33;12/08/2026;01:00;21;0;SOLEIL;2;0;0
Moulins;46.56;3.33;12/08/2026;02:00;16;0;SOLEIL;5;0;0
Moulins;46.56;3.33;12/08/2026;03:00;16;0;SOLEIL;5;0;0
Moulins;46.56;3.33;12/08/2026;04:00;16;0;SOLEIL;5;0;0
Moulins;46.56;3.33;12/08/2026;05:00;19.1;0;SOLEIL;2;0;0
Moulins;46.56;3.33;12/08/2026;06:00;19.1;0;SOLEIL;2;0;0
Moulins;46.56;3.33;12/08/2026;07:00;19.1;0;SOLEIL;2;0;0
Moulins;46.56;3.33;12/08/2026;08:00;20.4;0;SOLEIL;5;0;0
Moulins;46.56;3.33;12/08/2026;09:00;22.6;0;SOLEIL;5;0;0
Moulins;46.56;3.33;12/08/2026;10:00;24.8;0;SOLEIL;5;0;0
Moulins;46.56;3.33;12/08/2026;11:00;33.7;0;SOLEIL;2;0;0
Moulins;46.56;3.33;12/08/2026;12:00;33.7;0;SOLEIL;2;0;0
Moulins;46.56;3.33;12/08/2026;13:00;33.7;0;SOLEIL;2;0;0
Moulins;46.56;3.33;12/08/2026;14:00;33.7;0;SOLEIL;5;0;0
Moulins;46.56;3.33;12/08/2026;15:00;35.9;0;SOLEIL;5;0;0
Moulins;46.56;3.33;12/08/2026;16:00;33.7;0;SOLEIL;5;0;0
Moulins;46.56;3.33;12/08/2026;17:00;33.7;0;SOLEIL;2;0;0
Moulins;46.56;3.33;12/08/2026;18:00;33.7;0;SOLEIL;2;0;0
Moulins;46.56;3.33;12/08/2026;19:00;33.7;0;SOLEIL;2;0;0
Moulins;46.56;3.33;12/08/2026;20:00;24.8;0;SOLEIL;5;0;0
Moulins;46.56;3.33;12/08/2026;21:00;22.6;0;SOLEIL;5;0;0
Moulins;46.56;3.33;12/08/2026;22:00;20.4;0;SOLEIL;5;0;0
Moulins;46.56;3.33;12/08/2026;23:00;21.2;0;SOLEIL;2;0;0
Privas;44.73;4.59;08/08/2026;00:00;16.6;0;SOLEIL;2;0;0
Privas;44.73;4.59;08/08/2026;01:00;16.6;0;SOLEIL;2;0;0
Privas;44.73;4.59;08/08/2026;02:00;13.2;0;SOLEIL;2;0;0
Privas;44.73;4.59;08/08/2026;03:00;13.2;0;SOLEIL;2;0;0
Privas;44.73;4.59;08/08/2026;04:00;13.2;0;SOLEIL;2;0;0
Privas;44.73;4.59;08/08/2026;05:00;16.6;0;SOLEIL;1;0;0
Privas;44.73;4.59;08/08/2026;06:00;16.6;0;SOLEIL;1;0;0
Privas;44.73;4.59;08/08/2026;07:00;16.6;0;SOLEIL;1;0;0
Privas;44.73;4.59;08/08/2026;08:00;26.1;0;SOLEIL;3;0;0
Privas;44.73;4.59;08/08/2026;09:00;26.1;0;SOLEIL;3;0;0
Privas;44.73;4.59;08/08/2026;10:00;26.1;0;SOLEIL;3;0;0
Privas;44.73;4.59;08/08/2026;11:00;31.1;0;SOLEIL;2;0;0
Privas;44.73;4.59;08/08/2026;12:00;31.1;0;SOLEIL;2;0;0
Privas;44.73;4.59;08/08/2026;13:00;31.1;0;SOLEIL;2;0;0
Privas;44.73;4.59;08/08/2026;14:00;34.1;0;SOLEIL;2;0;0
Privas;44.73;4.59;08/08/2026;15:00;34.1;0;SOLEIL;2;0;0
Privas;44.73;4.59;08/08/2026;16:00;34.1;0;SOLEIL;2;0;0
Privas;44.73;4.59;08/08/2026;17:00;33.6;0;SOLEIL;2;0;0
Privas;44.73;4.59;08/08/2026;18:00;33.6;0;SOLEIL;2;0;0
Privas;44.73;4.59;08/08/2026;19:00;33.6;0;SOLEIL;2;0;0
Privas;44.73;4.59;08/08/2026;20:00;24.7;0;SOLEIL;2;0;0
Privas;44.73;4.59;08/08/2026;21:00;24.7;0;SOLEIL;2;0;0
Privas;44.73;4.59;08/08/2026;22:00;24.7;0;SOLEIL;2;0;0
Privas;44.73;4.59;08/08/2026;23:00;20.1;5;SOLEIL VOILÉ;1;0;0
Privas;44.73;4.59;09/08/2026;00:00;20.1;5;SOLEIL VOILÉ;1;0;0
Privas;44.73;4.59;09/08/2026;01:00;20.1;5;SOLEIL VOILÉ;1;0;0
Privas;44.73;4.59;09/08/2026;02:00;18.5;5;SOLEIL VOILÉ;1;0;0
Privas;44.73;4.59;09/08/2026;03:00;18.5;5;SOLEIL VOILÉ;1;0;0
Privas;44.73;4.59;09/08/2026;04:00;18.5;5;SOLEIL VOILÉ;1;0;0
Privas;44.73;4.59;09/08/2026;05:00;20.1;5;SOLEIL VOILÉ;2;0;0
Privas;44.73;4.59;09/08/2026;06:00;20.1;5;SOLEIL VOILÉ;2;0;0
Privas;44.73;4.59;09/08/2026;07:00;20.1;5;SOLEIL VOILÉ;2;0;0
Privas;44.73;4.59;09/08/2026;08:00;25.9;10;ORAGEUX;4;0;0
Privas;44.73;4.59;09/08/2026;09:00;25.9;10;ORAGEUX;4;0;0
Privas;44.73;4.59;09/08/2026;10:00;25.9;10;ORAGEUX;4;0;0
Privas;44.73;4.59;09/08/2026;11:00;31.1;10;ORAGEUX;3;0;0
Privas;44.73;4.59;09/08/2026;12:00;31.1;10;ORAGEUX;3;0;0
Privas;44.73;4.59;09/08/2026;13:00;31.1;10;ORAGEUX;3;0;0
Privas;44.73;4.59;09/08/2026;14:00;30.6;10;ORAGEUX;4;0;0
Privas;44.73;4.59;09/08/2026;15:00;30.6;10;ORAGEUX;4;0;0
Privas;44.73;4.59;09/08/2026;16:00;30.6;10;ORAGEUX;4;0;0
Privas;44.73;4.59;09/08/2026;17:00;30.9;5;SOLEIL VOILÉ;3;0;0
Privas;44.73;4.59;09/08/2026;18:00;30.9;5;SOLEIL VOILÉ;3;0;0
Privas;44.73;4.59;09/08/2026;19:00;30.9;5;SOLEIL VOILÉ;3;0;0
Privas;44.73;4.59;09/08/2026;20:00;23.0;0;SOLEIL;5;0;0
Privas;44.73;4.59;09/08/2026;21:00;20.5;0;SOLEIL;5;0;0
Privas;44.73;4.59;09/08/2026;22:00;18.0;0;SOLEIL;5;0;0
Privas;44.73;4.59;09/08/2026;23:00;20.1;0;SOLEIL;3;0;0
Privas;44.73;4.59;10/08/2026;00:00;20.1;0;SOLEIL;3;0;0
Privas;44.73;4.59;10/08/2026;01:00;20.1;0;SOLEIL;3;0;0
Privas;44.73;4.59;10/08/2026;02:00;17.9;10;ORAGEUX;5;0;0
Privas;44.73;4.59;10/08/2026;03:00;17.9;10;ORAGEUX;5;0;0
Privas;44.73;4.59;10/08/2026;04:00;17.9;10;ORAGEUX;5;0;0
Privas;44.73;4.59;10/08/2026;05:00;20.2;0;SOLEIL;2;0;0
Privas;44.73;4.59;10/08/2026;06:00;20.2;0;SOLEIL;2;0;0
Privas;44.73;4.59;10/08/2026;07:00;20.2;0;SOLEIL;2;0;0
Privas;44.73;4.59;10/08/2026;08:00;21.2;10;ORAGEUX;5;0;0
Privas;44.73;4.59;10/08/2026;09:00;22.8;10;ORAGEUX;5;0;0
Privas;44.73;4.59;10/08/2026;10:00;24.5;10;ORAGEUX;5;0;0
Privas;44.73;4.59;10/08/2026;11:00;31.6;6;AVERSES;2;0;0
Privas;44.73;4.59;10/08/2026;12:00;31.6;6;AVERSES;2;0;0
Privas;44.73;4.59;10/08/2026;13:00;31.6;6;AVERSES;2;0;0
Privas;44.73;4.59;10/08/2026;14:00;31.1;10;ORAGEUX;5;0;0
Privas;44.73;4.59;10/08/2026;15:00;32.7;10;ORAGEUX;5;0;0
Privas;44.73;4.59;10/08/2026;16:00;31.1;10;ORAGEUX;5;0;0
Privas;44.73;4.59;10/08/2026;17:00;29.2;0;SOLEIL;3;0;0
Privas;44.73;4.59;10/08/2026;18:00;29.2;0;SOLEIL;3;0;0
Privas;44.73;4.59;10/08/2026;19:00;29.2;0;SOLEIL;3;0;0
Privas;44.73;4.59;10/08/2026;20:00;24.5;10;ORAGEUX;5;0;0
Privas;44.73;4.59;10/08/2026;21:00;22.8;10;ORAGEUX;5;0;0
Privas;44.73;4.59;10/08/2026;22:00;21.2;10;ORAGEUX;5;0;0
Privas;44.73;4.59;10/08/2026;23:00;20.1;0;SOLEIL;2;0;0
Privas;44.73;4.59;11/08/2026;00:00;20.1;0;SOLEIL;2;0;0
Privas;44.73;4.59;11/08/2026;01:00;20.1;0;SOLEIL;2;0;0
Privas;44.73;4.59;11/08/2026;02:00;18.2;0;SOLEIL;5;0;0
Privas;44.73;4.59;11/08/2026;03:00;18.2;0;SOLEIL;5;0;0
Privas;44.73;4.59;11/08/2026;04:00;18.2;0;SOLEIL;5;0;0
Privas;44.73;4.59;11/08/2026;05:00;19.5;0;SOLEIL;3;0;0
Privas;44.73;4.59;11/08/2026;06:00;19.5;0;SOLEIL;3;0;0
Privas;44.73;4.59;11/08/2026;07:00;19.5;0;SOLEIL;3;0;0
Privas;44.73;4.59;11/08/2026;08:00;21.7;0;SOLEIL;5;0;0
Privas;44.73;4.59;11/08/2026;09:00;23.5;0;SOLEIL;5;0;0
Privas;44.73;4.59;11/08/2026;10:00;25.2;0;SOLEIL;5;0;0
Privas;44.73;4.59;11/08/2026;11:00;33.6;0;SOLEIL;3;0;0
Privas;44.73;4.59;11/08/2026;12:00;33.6;0;SOLEIL;3;0;0
Privas;44.73;4.59;11/08/2026;13:00;33.6;0;SOLEIL;3;0;0
Privas;44.73;4.59;11/08/2026;14:00;32.2;0;SOLEIL;5;0;0
Privas;44.73;4.59;11/08/2026;15:00;34.0;0;SOLEIL;5;0;0
Privas;44.73;4.59;11/08/2026;16:00;32.2;0;SOLEIL;5;0;0
Privas;44.73;4.59;11/08/2026;17:00;33.1;0;SOLEIL;2;0;0
Privas;44.73;4.59;11/08/2026;18:00;33.1;0;SOLEIL;2;0;0
Privas;44.73;4.59;11/08/2026;19:00;33.1;0;SOLEIL;2;0;0
Privas;44.73;4.59;11/08/2026;20:00;25.2;0;SOLEIL;5;0;0
Privas;44.73;4.59;11/08/2026;21:00;23.5;0;SOLEIL;5;0;0
Privas;44.73;4.59;11/08/2026;22:00;21.7;0;SOLEIL;5;0;0
Privas;44.73;4.59;11/08/2026;23:00;20.2;0;SOLEIL;2;0;0
Privas;44.73;4.59;12/08/2026;00:00;20.2;0;SOLEIL;2;0;0
Privas;44.73;4.59;12/08/2026;01:00;20.2;0;SOLEIL;2;0;0
Privas;44.73;4.59;12/08/2026;02:00;17.2;0;SOLEIL;5;0;0
Privas;44.73;4.59;12/08/2026;03:00;17.2;0;SOLEIL;5;0;0
Privas;44.73;4.59;12/08/2026;04:00;17.2;0;SOLEIL;5;0;0
Privas;44.73;4.59;12/08/2026;05:00;19.9;0;SOLEIL;3;0;0
Privas;44.73;4.59;12/08/2026;06:00;19.9;0;SOLEIL;3;0;0
Privas;44.73;4.59;12/08/2026;07:00;19.9;0;SOLEIL;3;0;0
Privas;44.73;4.59;12/08/2026;08:00;21.4;0;SOLEIL;5;0;0
Privas;44.73;4.59;12/08/2026;09:00;23.5;0;SOLEIL;5;0;0
Privas;44.73;4.59;12/08/2026;10:00;25.6;0;SOLEIL;5;0;0
Privas;44.73;4.59;12/08/2026;11:00;34.5;0;SOLEIL;2;0;0
Privas;44.73;4.59;12/08/2026;12:00;34.5;0;SOLEIL;2;0;0
Privas;44.73;4.59;12/08/2026;13:00;34.5;0;SOLEIL;2;0;0
Privas;44.73;4.59;12/08/2026;14:00;33.9;0;SOLEIL;5;0;0
Privas;44.73;4.59;12/08/2026;15:00;36.0;0;SOLEIL;5;0;0
Privas;44.73;4.59;12/08/2026;16:00;33.9;0;SOLEIL;5;0;0
Privas;44.73;4.59;12/08/2026;17:00;35.1;0;SOLEIL;2;0;0
Privas;44.73;4.59;12/08/2026;18:00;35.1;0;SOLEIL;2;0;0
Privas;44.73;4.59;12/08/2026;19:00;35.1;0;SOLEIL;2;0;0
Privas;44.73;4.59;12/08/2026;20:00;25.6;0;SOLEIL;5;0;0
Privas;44.73;4.59;12/08/2026;21:00;23.5;0;SOLEIL;5;0;0
Privas;44.73;4.59;12/08/2026;22:00;21.4;0;SOLEIL;5;0;0
Privas;44.73;4.59;12/08/2026;23:00;21.2;0;SOLEIL;2;0;0
Sablières;44.53;4.07;08/08/2026;00:00;22.6;0;SOLEIL;3;0;0
Sablières;44.53;4.07;08/08/2026;01:00;22.6;0;SOLEIL;3;0;0
Sablières;44.53;4.07;08/08/2026;02:00;18.6;0;SOLEIL;3;0;0
Sablières;44.53;4.07;08/08/2026;03:00;18.6;0;SOLEIL;3;0;0
Sablières;44.53;4.07;08/08/2026;04:00;18.6;0;SOLEIL;3;0;0
Sablières;44.53;4.07;08/08/2026;05:00;20.9;0;SOLEIL;3;0;0
Sablières;44.53;4.07;08/08/2026;06:00;20.9;0;SOLEIL;3;0;0
Sablières;44.53;4.07;08/08/2026;07:00;20.9;0;SOLEIL;3;0;0
Sablières;44.53;4.07;08/08/2026;08:00;28.6;0;SOLEIL;3;0;0
Sablières;44.53;4.07;08/08/2026;09:00;28.6;0;SOLEIL;3;0;0
Sablières;44.53;4.07;08/08/2026;10:00;28.6;0;SOLEIL;3;0;0
Sablières;44.53;4.07;08/08/2026;11:00;33.1;0;SOLEIL;3;0;0
Sablières;44.53;4.07;08/08/2026;12:00;33.1;0;SOLEIL;3;0;0
Sablières;44.53;4.07;08/08/2026;13:00;33.1;0;SOLEIL;3;0;0
Sablières;44.53;4.07;08/08/2026;14:00;35.1;0;SOLEIL;3;0;0
Sablières;44.53;4.07;08/08/2026;15:00;35.1;0;SOLEIL;3;0;0
Sablières;44.53;4.07;08/08/2026;16:00;35.1;0;SOLEIL;3;0;0
Sablières;44.53;4.07;08/08/2026;17:00;33.6;0;SOLEIL;2;0;0
Sablières;44.53;4.07;08/08/2026;18:00;33.6;0;SOLEIL;2;0;0
Sablières;44.53;4.07;08/08/2026;19:00;33.6;0;SOLEIL;2;0;0
Sablières;44.53;4.07;08/08/2026;20:00;27.1;0;SOLEIL;2;0;0
Sablières;44.53;4.07;08/08/2026;21:00;27.1;0;SOLEIL;2;0;0
Sablières;44.53;4.07;08/08/2026;22:00;27.1;0;SOLEIL;2;0;0
Sablières;44.53;4.07;08/08/2026;23:00;22.6;0;SOLEIL;2;0;0
Sablières;44.53;4.07;09/08/2026;00:00;22.6;0;SOLEIL;2;0;0
Sablières;44.53;4.07;09/08/2026;01:00;22.6;0;SOLEIL;2;0;0
Sablières;44.53;4.07;09/08/2026;02:00;20.7;0;SOLEIL;2;0;0
Sablières;44.53;4.07;09/08/2026;03:00;20.7;0;SOLEIL;2;0;0
Sablières;44.53;4.07;09/08/2026;04:00;20.7;0;SOLEIL;2;0;0
Sablières;44.53;4.07;09/08/2026;05:00;22.2;0;SOLEIL;2;0;0
Sablières;44.53;4.07;09/08/2026;06:00;22.2;0;SOLEIL;2;0;0
Sablières;44.53;4.07;09/08/2026;07:00;22.2;0;SOLEIL;2;0;0
Sablières;44.53;4.07;09/08/2026;08:00;30;0;SOLEIL;3;0;0
Sablières;44.53;4.07;09/08/2026;09:00;30;0;SOLEIL;3;0;0
Sablières;44.53;4.07;09/08/2026;10:00;30;0;SOLEIL;3;0;0
Sablières;44.53;4.07;09/08/2026;11:00;33.7;0;SOLEIL;4;11;0
Sablières;44.53;4.07;09/08/2026;12:00;33.7;0;SOLEIL;4;11;0
Sablières;44.53;4.07;09/08/2026;13:00;33.7;0;SOLEIL;4;11;0
Sablières;44.53;4.07;09/08/2026;14:00;32.2;10;ORAGEUX;3;12;0
Sablières;44.53;4.07;09/08/2026;15:00;32.2;10;ORAGEUX;3;12;0
Sablières;44.53;4.07;09/08/2026;16:00;32.2;10;ORAGEUX;3;12;0
Sablières;44.53;4.07;09/08/2026;17:00;28.6;10;ORAGEUX;3;0;0
Sablières;44.53;4.07;09/08/2026;18:00;28.6;10;ORAGEUX;3;0;0
Sablières;44.53;4.07;09/08/2026;19:00;28.6;10;ORAGEUX;3;0;0
Sablières;44.53;4.07;09/08/2026;20:00;25.5;0;SOLEIL;5;0;0
Sablières;44.53;4.07;09/08/2026;21:00;23.5;0;SOLEIL;5;0;0
Sablières;44.53;4.07;09/08/2026;22:00;21.5;0;SOLEIL;5;0;0
Sablières;44.53;4.07;09/08/2026;23:00;22.2;0;SOLEIL;2;0;0
Sablières;44.53;4.07;10/08/2026;00:00;22.2;0;SOLEIL;2;0;0
Sablières;44.53;4.07;10/08/2026;01:00;22.2;0;SOLEIL;2;0;0
Sablières;44.53;4.07;10/08/2026;02:00;20;10;ORAGEUX;5;0;0
Sablières;44.53;4.07;10/08/2026;03:00;20;10;ORAGEUX;5;0;0
Sablières;44.53;4.07;10/08/2026;04:00;20;10;ORAGEUX;5;0;0
Sablières;44.53;4.07;10/08/2026;05:00;22.1;0;SOLEIL;2;0;0
Sablières;44.53;4.07;10/08/2026;06:00;22.1;0;SOLEIL;2;0;0
Sablières;44.53;4.07;10/08/2026;07:00;22.1;0;SOLEIL;2;0;0
Sablières;44.53;4.07;10/08/2026;08:00;23.2;10;ORAGEUX;5;0;0
Sablières;44.53;4.07;10/08/2026;09:00;24.7;10;ORAGEUX;5;0;0
Sablières;44.53;4.07;10/08/2026;10:00;26.3;10;ORAGEUX;5;0;0
Sablières;44.53;4.07;10/08/2026;11:00;32.9;6;AVERSES;3;0;0
Sablières;44.53;4.07;10/08/2026;12:00;32.9;6;AVERSES;3;0;0
Sablières;44.53;4.07;10/08/2026;13:00;32.9;6;AVERSES;3;0;0
Sablières;44.53;4.07;10/08/2026;14:00;32.6;10;ORAGEUX;5;0;0
Sablières;44.53;4.07;10/08/2026;15:00;34.2;10;ORAGEUX;5;0;0
Sablières;44.53;4.07;10/08/2026;16:00;32.6;10;ORAGEUX;5;0;0
Sablières;44.53;4.07;10/08/2026;17:00;29.6;6;AVERSES;2;0;0
Sablières;44.53;4.07;10/08/2026;18:00;29.6;6;AVERSES;2;0;0
Sablières;44.53;4.07;10/08/2026;19:00;29.6;6;AVERSES;2;0;0
Sablières;44.53;4.07;10/08/2026;20:00;26.3;10;ORAGEUX;5;0;0
Sablières;44.53;4.07;10/08/2026;21:00;24.7;10;ORAGEUX;5;0;0
Sablières;44.53;4.07;10/08/2026;22:00;23.2;10;ORAGEUX;5;0;0
Sablières;44.53;4.07;10/08/2026;23:00;22;0;SOLEIL;2;0;0
Sablières;44.53;4.07;11/08/2026;00:00;22;0;SOLEIL;2;0;0
Sablières;44.53;4.07;11/08/2026;01:00;22;0;SOLEIL;2;0;0
Sablières;44.53;4.07;11/08/2026;02:00;19.9;6;AVERSES;5;0;0
Sablières;44.53;4.07;11/08/2026;03:00;19.9;6;AVERSES;5;0;0
Sablières;44.53;4.07;11/08/2026;04:00;19.9;6;AVERSES;5;0;0
Sablières;44.53;4.07;11/08/2026;05:00;22.1;0;SOLEIL;3;0;0
Sablières;44.53;4.07;11/08/2026;06:00;22.1;0;SOLEIL;3;0;0
Sablières;44.53;4.07;11/08/2026;07:00;22.1;0;SOLEIL;3;0;0
Sablières;44.53;4.07;11/08/2026;08:00;23.0;6;AVERSES;5;0;0
Sablières;44.53;4.07;11/08/2026;09:00;24.6;6;AVERSES;5;0;0
Sablières;44.53;4.07;11/08/2026;10:00;26.1;6;AVERSES;5;0;0
Sablières;44.53;4.07;11/08/2026;11:00;33.6;0;SOLEIL;3;0;0
Sablières;44.53;4.07;11/08/2026;12:00;33.6;0;SOLEIL;3;0;0
Sablières;44.53;4.07;11/08/2026;13:00;33.6;0;SOLEIL;3;0;0
Sablières;44.53;4.07;11/08/2026;14:00;32.3;6;AVERSES;5;0;0
Sablières;44.53;4.07;11/08/2026;15:00;33.9;6;AVERSES;5;0;0
Sablières;44.53;4.07;11/08/2026;16:00;32.3;6;AVERSES;5;0;0
Sablières;44.53;4.07;11/08/2026;17:00;31.5;6;AVERSES;3;0;0
Sablières;44.53;4.07;11/08/2026;18:00;31.5;6;AVERSES;3;0;0
Sablières;44.53;4.07;11/08/2026;19:00;31.5;6;AVERSES;3;0;0
Sablières;44.53;4.07;11/08/2026;20:00;26.1;6;AVERSES;5;0;0
Sablières;44.53;4.07;11/08/2026;21:00;24.6;6;AVERSES;5;0;0
Sablières;44.53;4.07;11/08/2026;22:00;23.0;6;AVERSES;5;0;0
Sablières;44.53;4.07;11/08/2026;23:00;22.6;0;SOLEIL;2;0;0
Sablières;44.53;4.07;12/08/2026;00:00;22.6;0;SOLEIL;2;0;0
Sablières;44.53;4.07;12/08/2026;01:00;22.6;0;SOLEIL;2;0;0
Sablières;44.53;4.07;12/08/2026;02:00;19.6;0;SOLEIL;5;0;0
Sablières;44.53;4.07;12/08/2026;03:00;19.6;0;SOLEIL;5;0;0
Sablières;44.53;4.07;12/08/2026;04:00;19.6;0;SOLEIL;5;0;0
Sablières;44.53;4.07;12/08/2026;05:00;22.5;0;SOLEIL;1;0;0
Sablières;44.53;4.07;12/08/2026;06:00;22.5;0;SOLEIL;1;0;0
Sablières;44.53;4.07;12/08/2026;07:00;22.5;0;SOLEIL;1;0;0
Sablières;44.53;4.07;12/08/2026;08:00;23.3;0;SOLEIL;5;0;0
Sablières;44.53;4.07;12/08/2026;09:00;25.1;0;SOLEIL;5;0;0
Sablières;44.53;4.07;12/08/2026;10:00;27.0;0;SOLEIL;5;0;0
Sablières;44.53;4.07;12/08/2026;11:00;34.7;0;SOLEIL;3;0;0
Sablières;44.53;4.07;12/08/2026;12:00;34.7;0;SOLEIL;3;0;0
Sablières;44.53;4.07;12/08/2026;13:00;34.7;0;SOLEIL;3;0;0
Sablières;44.53;4.07;12/08/2026;14:00;34.4;0;SOLEIL;5;0;0
Sablières;44.53;4.07;12/08/2026;15:00;36.2;0;SOLEIL;5;0;0
Sablières;44.53;4.07;12/08/2026;16:00;34.4;0;SOLEIL;5;0;0
Sablières;44.53;4.07;12/08/2026;17:00;33.4;0;SOLEIL;2;0;0
Sablières;44.53;4.07;12/08/2026;18:00;33.4;0;SOLEIL;2;0;0
Sablières;44.53;4.07;12/08/2026;19:00;33.4;0;SOLEIL;2;0;0
Sablières;44.53;4.07;12/08/2026;20:00;27.0;0;SOLEIL;5;0;0
Sablières;44.53;4.07;12/08/2026;21:00;25.1;0;SOLEIL;5;0;0
Sablières;44.53;4.07;12/08/2026;22:00;23.3;0;SOLEIL;5;0;0
Sablières;44.53;4.07;12/08/2026;23:00;23.6;0;SOLEIL;1;0;0
Aurillac;44.93;2.44;08/08/2026;00:00;18.6;0;SOLEIL;2;0;0
Aurillac;44.93;2.44;08/08/2026;01:00;18.6;0;SOLEIL;2;0;0
Aurillac;44.93;2.44;08/08/2026;02:00;17.1;0;SOLEIL;4;0;0
Aurillac;44.93;2.44;08/08/2026;03:00;17.1;0;SOLEIL;4;0;0
Aurillac;44.93;2.44;08/08/2026;04:00;17.1;0;SOLEIL;4;0;0
Aurillac;44.93;2.44;08/08/2026;05:00;17.9;0;SOLEIL;3;0;0
Aurillac;44.93;2.44;08/08/2026;06:00;17.9;0;SOLEIL;3;0;0
Aurillac;44.93;2.44;08/08/2026;07:00;17.9;0;SOLEIL;3;0;0
Aurillac;44.93;2.44;08/08/2026;08:00;29.1;0;SOLEIL;2;0;0
Aurillac;44.93;2.44;08/08/2026;09:00;29.1;0;SOLEIL;2;0;0
Aurillac;44.93;2.44;08/08/2026;10:00;29.1;0;SOLEIL;2;0;0
Aurillac;44.93;2.44;08/08/2026;11:00;34;0;SOLEIL;3;0;0
Aurillac;44.93;2.44;08/08/2026;12:00;34;0;SOLEIL;3;0;0
Aurillac;44.93;2.44;08/08/2026;13:00;34;0;SOLEIL;3;0;0
Aurillac;44.93;2.44;08/08/2026;14:00;34.1;0;SOLEIL;3;0;0
Aurillac;44.93;2.44;08/08/2026;15:00;34.1;0;SOLEIL;3;0;0
Aurillac;44.93;2.44;08/08/2026;16:00;34.1;0;SOLEIL;3;0;0
Aurillac;44.93;2.44;08/08/2026;17:00;31.7;5;SOLEIL VOILÉ;2;0;0
Aurillac;44.93;2.44;08/08/2026;18:00;31.7;5;SOLEIL VOILÉ;2;0;0
Aurillac;44.93;2.44;08/08/2026;19:00;31.7;5;SOLEIL VOILÉ;2;0;0
Aurillac;44.93;2.44;08/08/2026;20:00;24.9;5;SOLEIL VOILÉ;1;0;0
Aurillac;44.93;2.44;08/08/2026;21:00;24.9;5;SOLEIL VOILÉ;1;0;0
Aurillac;44.93;2.44;08/08/2026;22:00;24.9;5;SOLEIL VOILÉ;1;0;0
Aurillac;44.93;2.44;08/08/2026;23:00;21.7;0;SOLEIL;1;0;0
Aurillac;44.93;2.44;09/08/2026;00:00;21.7;0;SOLEIL;1;0;0
Aurillac;44.93;2.44;09/08/2026;01:00;21.7;0;SOLEIL;1;0;0
Aurillac;44.93;2.44;09/08/2026;02:00;19.5;0;SOLEIL;1;0;0
Aurillac;44.93;2.44;09/08/2026;03:00;19.5;0;SOLEIL;1;0;0
Aurillac;44.93;2.44;09/08/2026;04:00;19.5;0;SOLEIL;1;0;0
Aurillac;44.93;2.44;09/08/2026;05:00;20.9;0;SOLEIL;1;0;0
Aurillac;44.93;2.44;09/08/2026;06:00;20.9;0;SOLEIL;1;0;0
Aurillac;44.93;2.44;09/08/2026;07:00;20.9;0;SOLEIL;1;0;0
Aurillac;44.93;2.44;09/08/2026;08:00;27.9;0;SOLEIL;3;0;0
Aurillac;44.93;2.44;09/08/2026;09:00;27.9;0;SOLEIL;3;0;0
Aurillac;44.93;2.44;09/08/2026;10:00;27.9;0;SOLEIL;3;0;0
Aurillac;44.93;2.44;09/08/2026;11:00;31.1;0;SOLEIL;3;0;0
Aurillac;44.93;2.44;09/08/2026;12:00;31.1;0;SOLEIL;3;0;0
Aurillac;44.93;2.44;09/08/2026;13:00;31.1;0;SOLEIL;3;0;0
Aurillac;44.93;2.44;09/08/2026;14:00;30.6;10;ORAGEUX;3;0;0
Aurillac;44.93;2.44;09/08/2026;15:00;30.6;10;ORAGEUX;3;0;0
Aurillac;44.93;2.44;09/08/2026;16:00;30.6;10;ORAGEUX;3;0;0
Aurillac;44.93;2.44;09/08/2026;17:00;27.6;10;ORAGEUX;2;0;0
Aurillac;44.93;2.44;09/08/2026;18:00;27.6;10;ORAGEUX;2;0;0
Aurillac;44.93;2.44;09/08/2026;19:00;27.6;10;ORAGEUX;2;0;0
Aurillac;44.93;2.44;09/08/2026;20:00;24.9;0;SOLEIL;5;0;0
Aurillac;44.93;2.44;09/08/2026;21:00;22.7;0;SOLEIL;5;0;0
Aurillac;44.93;2.44;09/08/2026;22:00;20.5;0;SOLEIL;5;0;0
Aurillac;44.93;2.44;09/08/2026;23:00;21.7;0;SOLEIL;1;0;0
Aurillac;44.93;2.44;10/08/2026;00:00;21.7;0;SOLEIL;1;0;0
Aurillac;44.93;2.44;10/08/2026;01:00;21.7;0;SOLEIL;1;0;0
Aurillac;44.93;2.44;10/08/2026;02:00;19;10;ORAGEUX;5;0;0
Aurillac;44.93;2.44;10/08/2026;03:00;19;10;ORAGEUX;5;0;0
Aurillac;44.93;2.44;10/08/2026;04:00;19;10;ORAGEUX;5;0;0
Aurillac;44.93;2.44;10/08/2026;05:00;21;0;SOLEIL;3;0;0
Aurillac;44.93;2.44;10/08/2026;06:00;21;0;SOLEIL;3;0;0
Aurillac;44.93;2.44;10/08/2026;07:00;21;0;SOLEIL;3;0;0
Aurillac;44.93;2.44;10/08/2026;08:00;21.8;10;ORAGEUX;5;0;0
Aurillac;44.93;2.44;10/08/2026;09:00;23.2;10;ORAGEUX;5;0;0
Aurillac;44.93;2.44;10/08/2026;10:00;24.6;10;ORAGEUX;5;0;0
Aurillac;44.93;2.44;10/08/2026;11:00;33.1;6;AVERSES;2;0;0
Aurillac;44.93;2.44;10/08/2026;12:00;33.1;6;AVERSES;2;0;0
Aurillac;44.93;2.44;10/08/2026;13:00;33.1;6;AVERSES;2;0;0
Aurillac;44.93;2.44;10/08/2026;14:00;30.2;10;ORAGEUX;5;0;0
Aurillac;44.93;2.44;10/08/2026;15:00;31.6;10;ORAGEUX;5;0;0
Aurillac;44.93;2.44;10/08/2026;16:00;30.2;10;ORAGEUX;5;0;0
Aurillac;44.93;2.44;10/08/2026;17:00;27.6;6;AVERSES;2;0;0
Aurillac;44.93;2.44;10/08/2026;18:00;27.6;6;AVERSES;2;0;0
Aurillac;44.93;2.44;10/08/2026;19:00;27.6;6;AVERSES;2;0;0
Aurillac;44.93;2.44;10/08/2026;20:00;24.6;10;ORAGEUX;5;0;0
Aurillac;44.93;2.44;10/08/2026;21:00;23.2;10;ORAGEUX;5;0;0
Aurillac;44.93;2.44;10/08/2026;22:00;21.8;10;ORAGEUX;5;0;0
Aurillac;44.93;2.44;10/08/2026;23:00;22.1;0;SOLEIL;2;0;0
Aurillac;44.93;2.44;11/08/2026;00:00;22.1;0;SOLEIL;2;0;0
Aurillac;44.93;2.44;11/08/2026;01:00;22.1;0;SOLEIL;2;0;0
Aurillac;44.93;2.44;11/08/2026;02:00;19.9;6;AVERSES;5;0;0
Aurillac;44.93;2.44;11/08/2026;03:00;19.9;6;AVERSES;5;0;0
Aurillac;44.93;2.44;11/08/2026;04:00;19.9;6;AVERSES;5;0;0
Aurillac;44.93;2.44;11/08/2026;05:00;21.6;0;SOLEIL;3;0;0
Aurillac;44.93;2.44;11/08/2026;06:00;21.6;0;SOLEIL;3;0;0
Aurillac;44.93;2.44;11/08/2026;07:00;21.6;0;SOLEIL;3;0;0
Aurillac;44.93;2.44;11/08/2026;08:00;23.0;6;AVERSES;5;0;0
Aurillac;44.93;2.44;11/08/2026;09:00;24.5;6;AVERSES;5;0;0
Aurillac;44.93;2.44;11/08/2026;10:00;26.0;6;AVERSES;5;0;0
Aurillac;44.93;2.44;11/08/2026;11:00;35.1;0;SOLEIL;3;0;0
Aurillac;44.93;2.44;11/08/2026;12:00;35.1;0;SOLEIL;3;0;0
Aurillac;44.93;2.44;11/08/2026;13:00;35.1;0;SOLEIL;3;0;0
Aurillac;44.93;2.44;11/08/2026;14:00;32.2;6;AVERSES;5;0;0
Aurillac;44.93;2.44;11/08/2026;15:00;33.7;6;AVERSES;5;0;0
Aurillac;44.93;2.44;11/08/2026;16:00;32.2;6;AVERSES;5;0;0
Aurillac;44.93;2.44;11/08/2026;17:00;30.1;6;AVERSES;1;0;0
Aurillac;44.93;2.44;11/08/2026;18:00;30.1;6;AVERSES;1;0;0
Aurillac;44.93;2.44;11/08/2026;19:00;30.1;6;AVERSES;1;0;0
Aurillac;44.93;2.44;11/08/2026;20:00;26.0;6;AVERSES;5;0;0
Aurillac;44.93;2.44;11/08/2026;21:00;24.5;6;AVERSES;5;0;0
Aurillac;44.93;2.44;11/08/2026;22:00;23.0;6;AVERSES;5;0;0
Aurillac;44.93;2.44;11/08/2026;23:00;23.2;0;SOLEIL;1;0;0
Aurillac;44.93;2.44;12/08/2026;00:00;23.2;0;SOLEIL;1;0;0
Aurillac;44.93;2.44;12/08/2026;01:00;23.2;0;SOLEIL;1;0;0
Aurillac;44.93;2.44;12/08/2026;02:00;20.2;0;SOLEIL;5;0;0
Aurillac;44.93;2.44;12/08/2026;03:00;20.2;0;SOLEIL;5;0;0
Aurillac;44.93;2.44;12/08/2026;04:00;20.2;0;SOLEIL;5;0;0
Aurillac;44.93;2.44;12/08/2026;05:00;22.1;0;SOLEIL;1;0;0
Aurillac;44.93;2.44;12/08/2026;06:00;22.1;0;SOLEIL;1;0;0
Aurillac;44.93;2.44;12/08/2026;07:00;22.1;0;SOLEIL;1;0;0
Aurillac;44.93;2.44;12/08/2026;08:00;23.7;0;SOLEIL;5;0;0
Aurillac;44.93;2.44;12/08/2026;09:00;25.5;0;SOLEIL;5;0;0
Aurillac;44.93;2.44;12/08/2026;10:00;27.3;0;SOLEIL;5;0;0
Aurillac;44.93;2.44;12/08/2026;11:00;35.1;0;SOLEIL;3;0;0
Aurillac;44.93;2.44;12/08/2026;12:00;35.1;0;SOLEIL;3;0;0
Aurillac;44.93;2.44;12/08/2026;13:00;35.1;0;SOLEIL;3;0;0
Aurillac;44.93;2.44;12/08/2026;14:00;34.3;0;SOLEIL;5;0;0
Aurillac;44.93;2.44;12/08/2026;15:00;36.1;0;SOLEIL;5;0;0
Aurillac;44.93;2.44;12/08/2026;16:00;34.3;0;SOLEIL;5;0;0
Aurillac;44.93;2.44;12/08/2026;17:00;31.5;6;AVERSES;1;0;0
Aurillac;44.93;2.44;12/08/2026;18:00;31.5;6;AVERSES;1;0;0
Aurillac;44.93;2.44;12/08/2026;19:00;31.5;6;AVERSES;1;0;0
Aurillac;44.93;2.44;12/08/2026;20:00;27.3;0;SOLEIL;5;0;0
Aurillac;44.93;2.44;12/08/2026;21:00;25.5;0;SOLEIL;5;0;0
Aurillac;44.93;2.44;12/08/2026;22:00;23.7;0;SOLEIL;5;0;0
Aurillac;44.93;2.44;12/08/2026;23:00;25.1;0;SOLEIL;1;0;0
Saint-Flour;45.03;3.09;08/08/2026;00:00;19.1;0;SOLEIL;1;0;0
Saint-Flour;45.03;3.09;08/08/2026;01:00;19.1;0;SOLEIL;1;0;0
Saint-Flour;45.03;3.09;08/08/2026;02:00;18.7;0;SOLEIL;1;0;0
Saint-Flour;45.03;3.09;08/08/2026;03:00;18.7;0;SOLEIL;1;0;0
Saint-Flour;45.03;3.09;08/08/2026;04:00;18.7;0;SOLEIL;1;0;0
Saint-Flour;45.03;3.09;08/08/2026;05:00;20.6;0;SOLEIL;2;0;0
Saint-Flour;45.03;3.09;08/08/2026;06:00;20.6;0;SOLEIL;2;0;0
Saint-Flour;45.03;3.09;08/08/2026;07:00;20.6;0;SOLEIL;2;0;0
Saint-Flour;45.03;3.09;08/08/2026;08:00;27.6;0;SOLEIL;2;0;0
Saint-Flour;45.03;3.09;08/08/2026;09:00;27.6;0;SOLEIL;2;0;0
Saint-Flour;45.03;3.09;08/08/2026;10:00;27.6;0;SOLEIL;2;0;0
Saint-Flour;45.03;3.09;08/08/2026;11:00;32.7;0;SOLEIL;2;0;0
Saint-Flour;45.03;3.09;08/08/2026;12:00;32.7;0;SOLEIL;2;0;0
Saint-Flour;45.03;3.09;08/08/2026;13:00;32.7;0;SOLEIL;2;0;0
Saint-Flour;45.03;3.09;08/08/2026;14:00;34.2;0;SOLEIL;2;0;0
Saint-Flour;45.03;3.09;08/08/2026;15:00;34.2;0;SOLEIL;2;0;0
Saint-Flour;45.03;3.09;08/08/2026;16:00;34.2;0;SOLEIL;2;0;0
Saint-Flour;45.03;3.09;08/08/2026;17:00;32.6;5;SOLEIL VOILÉ;3;0;0
Saint-Flour;45.03;3.09;08/08/2026;18:00;32.6;5;SOLEIL VOILÉ;3;0;0
Saint-Flour;45.03;3.09;08/08/2026;19:00;32.6;5;SOLEIL VOILÉ;3;0;0
Saint-Flour;45.03;3.09;08/08/2026;20:00;26.1;5;SOLEIL VOILÉ;2;0;0
Saint-Flour;45.03;3.09;08/08/2026;21:00;26.1;5;SOLEIL VOILÉ;2;0;0
Saint-Flour;45.03;3.09;08/08/2026;22:00;26.1;5;SOLEIL VOILÉ;2;0;0
Saint-Flour;45.03;3.09;08/08/2026;23:00;24.9;0;SOLEIL;2;0;0
Saint-Flour;45.03;3.09;09/08/2026;00:00;24.9;0;SOLEIL;2;0;0
Saint-Flour;45.03;3.09;09/08/2026;01:00;24.9;0;SOLEIL;2;0;0
Saint-Flour;45.03;3.09;09/08/2026;02:00;22;0;SOLEIL;3;0;0
Saint-Flour;45.03;3.09;09/08/2026;03:00;22;0;SOLEIL;3;0;0
Saint-Flour;45.03;3.09;09/08/2026;04:00;22;0;SOLEIL;3;0;0
Saint-Flour;45.03;3.09;09/08/2026;05:00;22.9;0;SOLEIL;3;0;0
Saint-Flour;45.03;3.09;09/08/2026;06:00;22.9;0;SOLEIL;3;0;0
Saint-Flour;45.03;3.09;09/08/2026;07:00;22.9;0;SOLEIL;3;0;0
Saint-Flour;45.03;3.09;09/08/2026;08:00;27.2;0;SOLEIL;3;0;0
Saint-Flour;45.03;3.09;09/08/2026;09:00;27.2;0;SOLEIL;3;0;0
Saint-Flour;45.03;3.09;09/08/2026;10:00;27.2;0;SOLEIL;3;0;0
Saint-Flour;45.03;3.09;09/08/2026;11:00;30.9;10;ORAGEUX;3;0;0
Saint-Flour;45.03;3.09;09/08/2026;12:00;30.9;10;ORAGEUX;3;0;0
Saint-Flour;45.03;3.09;09/08/2026;13:00;30.9;10;ORAGEUX;3;0;0
Saint-Flour;45.03;3.09;09/08/2026;14:00;31.2;10;ORAGEUX;3;0;0
Saint-Flour;45.03;3.09;09/08/2026;15:00;31.2;10;ORAGEUX;3;0;0
Saint-Flour;45.03;3.09;09/08/2026;16:00;31.2;10;ORAGEUX;3;0;0
Saint-Flour;45.03;3.09;09/08/2026;17:00;29.1;10;ORAGEUX;3;0;0
Saint-Flour;45.03;3.09;09/08/2026;18:00;29.1;10;ORAGEUX;3;0;0
Saint-Flour;45.03;3.09;09/08/2026;19:00;29.1;10;ORAGEUX;3;0;0
Saint-Flour;45.03;3.09;09/08/2026;20:00;25.3;0;SOLEIL;5;0;0
Saint-Flour;45.03;3.09;09/08/2026;21:00;23.4;0;SOLEIL;5;0;0
Saint-Flour;45.03;3.09;09/08/2026;22:00;21.4;0;SOLEIL;5;0;0
Saint-Flour;45.03;3.09;09/08/2026;23:00;22.7;0;SOLEIL;2;0;0
Saint-Flour;45.03;3.09;10/08/2026;00:00;22.7;0;SOLEIL;2;0;0
Saint-Flour;45.03;3.09;10/08/2026;01:00;22.7;0;SOLEIL;2;0;0
Saint-Flour;45.03;3.09;10/08/2026;02:00;20.9;10;ORAGEUX;5;0;0
Saint-Flour;45.03;3.09;10/08/2026;03:00;20.9;10;ORAGEUX;5;0;0
Saint-Flour;45.03;3.09;10/08/2026;04:00;20.9;10;ORAGEUX;5;0;0
Saint-Flour;45.03;3.09;10/08/2026;05:00;20.7;0;SOLEIL;2;0;0
Saint-Flour;45.03;3.09;10/08/2026;06:00;20.7;0;SOLEIL;2;0;0
Saint-Flour;45.03;3.09;10/08/2026;07:00;20.7;0;SOLEIL;2;0;0
Saint-Flour;45.03;3.09;10/08/2026;08:00;23.5;10;ORAGEUX;5;0;0
Saint-Flour;45.03;3.09;10/08/2026;09:00;24.7;10;ORAGEUX;5;0;0
Saint-Flour;45.03;3.09;10/08/2026;10:00;26.0;10;ORAGEUX;5;0;0
Saint-Flour;45.03;3.09;10/08/2026;11:00;30.6;6;AVERSES;2;0;0
Saint-Flour;45.03;3.09;10/08/2026;12:00;30.6;6;AVERSES;2;0;0
Saint-Flour;45.03;3.09;10/08/2026;13:00;30.6;6;AVERSES;2;0;0
Saint-Flour;45.03;3.09;10/08/2026;14:00;31.1;10;ORAGEUX;5;0;0
Saint-Flour;45.03;3.09;10/08/2026;15:00;32.4;10;ORAGEUX;5;0;0
Saint-Flour;45.03;3.09;10/08/2026;16:00;31.1;10;ORAGEUX;5;0;0
Saint-Flour;45.03;3.09;10/08/2026;17:00;28.6;6;AVERSES;2;0;0
Saint-Flour;45.03;3.09;10/08/2026;18:00;28.6;6;AVERSES;2;0;0
Saint-Flour;45.03;3.09;10/08/2026;19:00;28.6;6;AVERSES;2;0;0
Saint-Flour;45.03;3.09;10/08/2026;20:00;26.0;10;ORAGEUX;5;0;0
Saint-Flour;45.03;3.09;10/08/2026;21:00;24.7;10;ORAGEUX;5;0;0
Saint-Flour;45.03;3.09;10/08/2026;22:00;23.5;10;ORAGEUX;5;0;0
Saint-Flour;45.03;3.09;10/08/2026;23:00;22.5;0;SOLEIL;3;0;0
Saint-Flour;45.03;3.09;11/08/2026;00:00;22.5;0;SOLEIL;3;0;0
Saint-Flour;45.03;3.09;11/08/2026;01:00;22.5;0;SOLEIL;3;0;0
Saint-Flour;45.03;3.09;11/08/2026;02:00;19.4;0;SOLEIL;5;0;0
Saint-Flour;45.03;3.09;11/08/2026;03:00;19.4;0;SOLEIL;5;0;0
Saint-Flour;45.03;3.09;11/08/2026;04:00;19.4;0;SOLEIL;5;0;0
Saint-Flour;45.03;3.09;11/08/2026;05:00;21.7;0;SOLEIL;2;0;0
Saint-Flour;45.03;3.09;11/08/2026;06:00;21.7;0;SOLEIL;2;0;0
Saint-Flour;45.03;3.09;11/08/2026;07:00;21.7;0;SOLEIL;2;0;0
Saint-Flour;45.03;3.09;11/08/2026;08:00;22.2;0;SOLEIL;5;0;0
Saint-Flour;45.03;3.09;11/08/2026;09:00;23.6;0;SOLEIL;5;0;0
Saint-Flour;45.03;3.09;11/08/2026;10:00;25.0;0;SOLEIL;5;0;0
Saint-Flour;45.03;3.09;11/08/2026;11:00;33.1;0;SOLEIL;1;0;0
Saint-Flour;45.03;3.09;11/08/2026;12:00;33.1;0;SOLEIL;1;0;0
Saint-Flour;45.03;3.09;11/08/2026;13:00;33.1;0;SOLEIL;1;0;0
Saint-Flour;45.03;3.09;11/08/2026;14:00;30.6;0;SOLEIL;5;0;0
Saint-Flour;45.03;3.09;11/08/2026;15:00;32.0;0;SOLEIL;5;0;0
Saint-Flour;45.03;3.09;11/08/2026;16:00;30.6;0;SOLEIL;5;0;0
Saint-Flour;45.03;3.09;11/08/2026;17:00;30.9;0;SOLEIL;2;0;0
Saint-Flour;45.03;3.09;11/08/2026;18:00;30.9;0;SOLEIL;2;0;0
Saint-Flour;45.03;3.09;11/08/2026;19:00;30.9;0;SOLEIL;2;0;0
Saint-Flour;45.03;3.09;11/08/2026;20:00;25.0;0;SOLEIL;5;0;0
Saint-Flour;45.03;3.09;11/08/2026;21:00;23.6;0;SOLEIL;5;0;0
Saint-Flour;45.03;3.09;11/08/2026;22:00;22.2;0;SOLEIL;5;0;0
Saint-Flour;45.03;3.09;11/08/2026;23:00;23.6;0;SOLEIL;4;0;0
Saint-Flour;45.03;3.09;12/08/2026;00:00;23.6;0;SOLEIL;4;0;0
Saint-Flour;45.03;3.09;12/08/2026;01:00;23.6;0;SOLEIL;4;0;0
Saint-Flour;45.03;3.09;12/08/2026;02:00;19.9;0;SOLEIL;5;0;0
Saint-Flour;45.03;3.09;12/08/2026;03:00;19.9;0;SOLEIL;5;0;0
Saint-Flour;45.03;3.09;12/08/2026;04:00;19.9;0;SOLEIL;5;0;0
Saint-Flour;45.03;3.09;12/08/2026;05:00;23.1;0;SOLEIL;2;0;0
Saint-Flour;45.03;3.09;12/08/2026;06:00;23.1;0;SOLEIL;2;0;0
Saint-Flour;45.03;3.09;12/08/2026;07:00;23.1;0;SOLEIL;2;0;0
Saint-Flour;45.03;3.09;12/08/2026;08:00;23.3;0;SOLEIL;5;0;0
Saint-Flour;45.03;3.09;12/08/2026;09:00;25.0;0;SOLEIL;5;0;0
Saint-Flour;45.03;3.09;12/08/2026;10:00;26.7;0;SOLEIL;5;0;0
Saint-Flour;45.03;3.09;12/08/2026;11:00;35.1;0;SOLEIL;2;0;0
Saint-Flour;45.03;3.09;12/08/2026;12:00;35.1;0;SOLEIL;2;0;0
Saint-Flour;45.03;3.09;12/08/2026;13:00;35.1;0;SOLEIL;2;0;0
Saint-Flour;45.03;3.09;12/08/2026;14:00;33.4;0;SOLEIL;5;0;0
Saint-Flour;45.03;3.09;12/08/2026;15:00;35.1;0;SOLEIL;5;0;0
Saint-Flour;45.03;3.09;12/08/2026;16:00;33.4;0;SOLEIL;5;0;0
Saint-Flour;45.03;3.09;12/08/2026;17:00;32.5;0;SOLEIL;2;0;0
Saint-Flour;45.03;3.09;12/08/2026;18:00;32.5;0;SOLEIL;2;0;0
Saint-Flour;45.03;3.09;12/08/2026;19:00;32.5;0;SOLEIL;2;0;0
Saint-Flour;45.03;3.09;12/08/2026;20:00;26.7;0;SOLEIL;5;0;0
Saint-Flour;45.03;3.09;12/08/2026;21:00;25.0;0;SOLEIL;5;0;0
Saint-Flour;45.03;3.09;12/08/2026;22:00;23.3;0;SOLEIL;5;0;0
Saint-Flour;45.03;3.09;12/08/2026;23:00;24.6;0;SOLEIL;2;0;0
Dieulefit;44.52;5.06;08/08/2026;00:00;16.1;0;SOLEIL;2;0;0
Dieulefit;44.52;5.06;08/08/2026;01:00;16.1;0;SOLEIL;2;0;0
Dieulefit;44.52;5.06;08/08/2026;02:00;13.7;0;SOLEIL;1;0;0
Dieulefit;44.52;5.06;08/08/2026;03:00;13.7;0;SOLEIL;1;0;0
Dieulefit;44.52;5.06;08/08/2026;04:00;13.7;0;SOLEIL;1;0;0
Dieulefit;44.52;5.06;08/08/2026;05:00;15.6;0;SOLEIL;0;0;0
Dieulefit;44.52;5.06;08/08/2026;06:00;15.6;0;SOLEIL;0;0;0
Dieulefit;44.52;5.06;08/08/2026;07:00;15.6;0;SOLEIL;0;0;0
Dieulefit;44.52;5.06;08/08/2026;08:00;23.6;0;SOLEIL;0;0;0
Dieulefit;44.52;5.06;08/08/2026;09:00;23.6;0;SOLEIL;0;0;0
Dieulefit;44.52;5.06;08/08/2026;10:00;23.6;0;SOLEIL;0;0;0
Dieulefit;44.52;5.06;08/08/2026;11:00;29.6;0;SOLEIL;1;0;0
Dieulefit;44.52;5.06;08/08/2026;12:00;29.6;0;SOLEIL;1;0;0
Dieulefit;44.52;5.06;08/08/2026;13:00;29.6;0;SOLEIL;1;0;0
Dieulefit;44.52;5.06;08/08/2026;14:00;32.1;0;SOLEIL;2;0;0
Dieulefit;44.52;5.06;08/08/2026;15:00;32.1;0;SOLEIL;2;0;0
Dieulefit;44.52;5.06;08/08/2026;16:00;32.1;0;SOLEIL;2;0;0
Dieulefit;44.52;5.06;08/08/2026;17:00;29.9;5;SOLEIL VOILÉ;2;0;0
Dieulefit;44.52;5.06;08/08/2026;18:00;29.9;5;SOLEIL VOILÉ;2;0;0
Dieulefit;44.52;5.06;08/08/2026;19:00;29.9;5;SOLEIL VOILÉ;2;0;0
Dieulefit;44.52;5.06;08/08/2026;20:00;23;5;SOLEIL VOILÉ;2;0;0
Dieulefit;44.52;5.06;08/08/2026;21:00;23;5;SOLEIL VOILÉ;2;0;0
Dieulefit;44.52;5.06;08/08/2026;22:00;23;5;SOLEIL VOILÉ;2;0;0
Dieulefit;44.52;5.06;08/08/2026;23:00;20.1;0;SOLEIL;0;0;0
Dieulefit;44.52;5.06;09/08/2026;00:00;20.1;0;SOLEIL;0;0;0
Dieulefit;44.52;5.06;09/08/2026;01:00;20.1;0;SOLEIL;0;0;0
Dieulefit;44.52;5.06;09/08/2026;02:00;15.9;0;SOLEIL;1;0;0
Dieulefit;44.52;5.06;09/08/2026;03:00;15.9;0;SOLEIL;1;0;0
Dieulefit;44.52;5.06;09/08/2026;04:00;15.9;0;SOLEIL;1;0;0
Dieulefit;44.52;5.06;09/08/2026;05:00;18.1;0;SOLEIL;1;0;0
Dieulefit;44.52;5.06;09/08/2026;06:00;18.1;0;SOLEIL;1;0;0
Dieulefit;44.52;5.06;09/08/2026;07:00;18.1;0;SOLEIL;1;0;0
Dieulefit;44.52;5.06;09/08/2026;08:00;26.2;0;SOLEIL;2;0;0
Dieulefit;44.52;5.06;09/08/2026;09:00;26.2;0;SOLEIL;2;0;0
Dieulefit;44.52;5.06;09/08/2026;10:00;26.2;0;SOLEIL;2;0;0
Dieulefit;44.52;5.06;09/08/2026;11:00;26.6;10;ORAGEUX;3;0;0
Dieulefit;44.52;5.06;09/08/2026;12:00;26.6;10;ORAGEUX;3;0;0
Dieulefit;44.52;5.06;09/08/2026;13:00;26.6;10;ORAGEUX;3;0;0
Dieulefit;44.52;5.06;09/08/2026;14:00;27;10;ORAGEUX;4;0;0
Dieulefit;44.52;5.06;09/08/2026;15:00;27;10;ORAGEUX;4;0;0
Dieulefit;44.52;5.06;09/08/2026;16:00;27;10;ORAGEUX;4;0;0
Dieulefit;44.52;5.06;09/08/2026;17:00;25.1;10;ORAGEUX;2;0;0
Dieulefit;44.52;5.06;09/08/2026;18:00;25.1;10;ORAGEUX;2;0;0
Dieulefit;44.52;5.06;09/08/2026;19:00;25.1;10;ORAGEUX;2;0;0
Dieulefit;44.52;5.06;09/08/2026;20:00;21.7;0;SOLEIL;5;0;0
Dieulefit;44.52;5.06;09/08/2026;21:00;19.5;0;SOLEIL;5;0;0
Dieulefit;44.52;5.06;09/08/2026;22:00;17.3;0;SOLEIL;5;0;0
Dieulefit;44.52;5.06;09/08/2026;23:00;18.2;0;SOLEIL;0;0;0
Dieulefit;44.52;5.06;10/08/2026;00:00;18.2;0;SOLEIL;0;0;0
Dieulefit;44.52;5.06;10/08/2026;01:00;18.2;0;SOLEIL;0;0;0
Dieulefit;44.52;5.06;10/08/2026;02:00;15.1;10;ORAGEUX;5;0;0
Dieulefit;44.52;5.06;10/08/2026;03:00;15.1;10;ORAGEUX;5;0;0
Dieulefit;44.52;5.06;10/08/2026;04:00;15.1;10;ORAGEUX;5;0;0
Dieulefit;44.52;5.06;10/08/2026;05:00;16.1;0;SOLEIL;1;0;0
Dieulefit;44.52;5.06;10/08/2026;06:00;16.1;0;SOLEIL;1;0;0
Dieulefit;44.52;5.06;10/08/2026;07:00;16.1;0;SOLEIL;1;0;0
Dieulefit;44.52;5.06;10/08/2026;08:00;18.0;10;ORAGEUX;5;0;0
Dieulefit;44.52;5.06;10/08/2026;09:00;19.4;10;ORAGEUX;5;0;0
Dieulefit;44.52;5.06;10/08/2026;10:00;20.9;10;ORAGEUX;5;0;0
Dieulefit;44.52;5.06;10/08/2026;11:00;28.6;6;AVERSES;2;0;0
Dieulefit;44.52;5.06;10/08/2026;12:00;28.6;6;AVERSES;2;0;0
Dieulefit;44.52;5.06;10/08/2026;13:00;28.6;6;AVERSES;2;0;0
Dieulefit;44.52;5.06;10/08/2026;14:00;26.7;10;ORAGEUX;5;0;0
Dieulefit;44.52;5.06;10/08/2026;15:00;28.1;10;ORAGEUX;5;0;0
Dieulefit;44.52;5.06;10/08/2026;16:00;26.7;10;ORAGEUX;5;0;0
Dieulefit;44.52;5.06;10/08/2026;17:00;25.6;6;AVERSES;3;0;0
Dieulefit;44.52;5.06;10/08/2026;18:00;25.6;6;AVERSES;3;0;0
Dieulefit;44.52;5.06;10/08/2026;19:00;25.6;6;AVERSES;3;0;0
Dieulefit;44.52;5.06;10/08/2026;20:00;20.9;10;ORAGEUX;5;0;0
Dieulefit;44.52;5.06;10/08/2026;21:00;19.4;10;ORAGEUX;5;0;0
Dieulefit;44.52;5.06;10/08/2026;22:00;18.0;10;ORAGEUX;5;0;0
Dieulefit;44.52;5.06;10/08/2026;23:00;18.1;0;SOLEIL;1;0;0
Dieulefit;44.52;5.06;11/08/2026;00:00;18.1;0;SOLEIL;1;0;0
Dieulefit;44.52;5.06;11/08/2026;01:00;18.1;0;SOLEIL;1;0;0
Dieulefit;44.52;5.06;11/08/2026;02:00;14.9;6;AVERSES;5;0;0
Dieulefit;44.52;5.06;11/08/2026;03:00;14.9;6;AVERSES;5;0;0
Dieulefit;44.52;5.06;11/08/2026;04:00;14.9;6;AVERSES;5;0;0
Dieulefit;44.52;5.06;11/08/2026;05:00;16.6;0;SOLEIL;1;0;0
Dieulefit;44.52;5.06;11/08/2026;06:00;16.6;0;SOLEIL;1;0;0
Dieulefit;44.52;5.06;11/08/2026;07:00;16.6;0;SOLEIL;1;0;0
Dieulefit;44.52;5.06;11/08/2026;08:00;18.2;6;AVERSES;5;0;0
Dieulefit;44.52;5.06;11/08/2026;09:00;19.8;6;AVERSES;5;0;0
Dieulefit;44.52;5.06;11/08/2026;10:00;21.4;6;AVERSES;5;0;0
Dieulefit;44.52;5.06;11/08/2026;11:00;29.9;0;SOLEIL;1;0;0
Dieulefit;44.52;5.06;11/08/2026;12:00;29.9;0;SOLEIL;1;0;0
Dieulefit;44.52;5.06;11/08/2026;13:00;29.9;0;SOLEIL;1;0;0
Dieulefit;44.52;5.06;11/08/2026;14:00;28.0;6;AVERSES;5;0;0
Dieulefit;44.52;5.06;11/08/2026;15:00;29.6;6;AVERSES;5;0;0
Dieulefit;44.52;5.06;11/08/2026;16:00;28.0;6;AVERSES;5;0;0
Dieulefit;44.52;5.06;11/08/2026;17:00;28.1;0;SOLEIL;2;0;0
Dieulefit;44.52;5.06;11/08/2026;18:00;28.1;0;SOLEIL;2;0;0
Dieulefit;44.52;5.06;11/08/2026;19:00;28.1;0;SOLEIL;2;0;0
Dieulefit;44.52;5.06;11/08/2026;20:00;21.4;6;AVERSES;5;0;0
Dieulefit;44.52;5.06;11/08/2026;21:00;19.8;6;AVERSES;5;0;0
Dieulefit;44.52;5.06;11/08/2026;22:00;18.2;6;AVERSES;5;0;0
Dieulefit;44.52;5.06;11/08/2026;23:00;19.1;0;SOLEIL;0;0;0
Dieulefit;44.52;5.06;12/08/2026;00:00;19.1;0;SOLEIL;0;0;0
Dieulefit;44.52;5.06;12/08/2026;01:00;19.1;0;SOLEIL;0;0;0
Dieulefit;44.52;5.06;12/08/2026;02:00;15;0;SOLEIL;5;0;0
Dieulefit;44.52;5.06;12/08/2026;03:00;15;0;SOLEIL;5;0;0
Dieulefit;44.52;5.06;12/08/2026;04:00;15;0;SOLEIL;5;0;0
Dieulefit;44.52;5.06;12/08/2026;05:00;17.2;0;SOLEIL;0;0;0
Dieulefit;44.52;5.06;12/08/2026;06:00;17.2;0;SOLEIL;0;0;0
Dieulefit;44.52;5.06;12/08/2026;07:00;17.2;0;SOLEIL;0;0;0
Dieulefit;44.52;5.06;12/08/2026;08:00;18.8;0;SOLEIL;5;0;0
Dieulefit;44.52;5.06;12/08/2026;09:00;20.6;0;SOLEIL;5;0;0
Dieulefit;44.52;5.06;12/08/2026;10:00;22.5;0;SOLEIL;5;0;0
Dieulefit;44.52;5.06;12/08/2026;11:00;31.6;0;SOLEIL;1;0;0
Dieulefit;44.52;5.06;12/08/2026;12:00;31.6;0;SOLEIL;1;0;0
Dieulefit;44.52;5.06;12/08/2026;13:00;31.6;0;SOLEIL;1;0;0
Dieulefit;44.52;5.06;12/08/2026;14:00;30.0;0;SOLEIL;5;0;0
Dieulefit;44.52;5.06;12/08/2026;15:00;31.9;0;SOLEIL;5;0;0
Dieulefit;44.52;5.06;12/08/2026;16:00;30.0;0;SOLEIL;5;0;0
Dieulefit;44.52;5.06;12/08/2026;17:00;29.5;0;SOLEIL;2;0;0
Dieulefit;44.52;5.06;12/08/2026;18:00;29.5;0;SOLEIL;2;0;0
Dieulefit;44.52;5.06;12/08/2026;19:00;29.5;0;SOLEIL;2;0;0
Dieulefit;44.52;5.06;12/08/2026;20:00;22.5;0;SOLEIL;5;0;0
Dieulefit;44.52;5.06;12/08/2026;21:00;20.6;0;SOLEIL;5;0;0
Dieulefit;44.52;5.06;12/08/2026;22:00;18.8;0;SOLEIL;5;0;0
Dieulefit;44.52;5.06;12/08/2026;23:00;20.2;0;SOLEIL;0;0;0
Montélimar;44.56;4.75;08/08/2026;00:00;19.2;0;SOLEIL;2;0;0
Montélimar;44.56;4.75;08/08/2026;01:00;19.2;0;SOLEIL;2;0;0
Montélimar;44.56;4.75;08/08/2026;02:00;17;0;SOLEIL;4;0;0
Montélimar;44.56;4.75;08/08/2026;03:00;17;0;SOLEIL;4;0;0
Montélimar;44.56;4.75;08/08/2026;04:00;17;0;SOLEIL;4;0;0
Montélimar;44.56;4.75;08/08/2026;05:00;17.5;0;SOLEIL;4;0;0
Montélimar;44.56;4.75;08/08/2026;06:00;17.5;0;SOLEIL;4;0;0
Montélimar;44.56;4.75;08/08/2026;07:00;17.5;0;SOLEIL;4;0;0
Montélimar;44.56;4.75;08/08/2026;08:00;28.4;0;SOLEIL;4;0;0
Montélimar;44.56;4.75;08/08/2026;09:00;28.4;0;SOLEIL;4;0;0
Montélimar;44.56;4.75;08/08/2026;10:00;28.4;0;SOLEIL;4;0;0
Montélimar;44.56;4.75;08/08/2026;11:00;33.7;0;SOLEIL;3;0;0
Montélimar;44.56;4.75;08/08/2026;12:00;33.7;0;SOLEIL;3;0;0
Montélimar;44.56;4.75;08/08/2026;13:00;33.7;0;SOLEIL;3;0;0
Montélimar;44.56;4.75;08/08/2026;14:00;35.4;0;SOLEIL;3;0;0
Montélimar;44.56;4.75;08/08/2026;15:00;35.4;0;SOLEIL;3;0;0
Montélimar;44.56;4.75;08/08/2026;16:00;35.4;0;SOLEIL;3;0;0
Montélimar;44.56;4.75;08/08/2026;17:00;32.6;0;SOLEIL;2;0;0
Montélimar;44.56;4.75;08/08/2026;18:00;32.6;0;SOLEIL;2;0;0
Montélimar;44.56;4.75;08/08/2026;19:00;32.6;0;SOLEIL;2;0;0
Montélimar;44.56;4.75;08/08/2026;20:00;24.2;0;SOLEIL;3;0;0
Montélimar;44.56;4.75;08/08/2026;21:00;24.2;0;SOLEIL;3;0;0
Montélimar;44.56;4.75;08/08/2026;22:00;24.2;0;SOLEIL;3;0;0
Montélimar;44.56;4.75;08/08/2026;23:00;21.4;0;SOLEIL;2;0;0
Montélimar;44.56;4.75;09/08/2026;00:00;21.4;0;SOLEIL;2;0;0
Montélimar;44.56;4.75;09/08/2026;01:00;21.4;0;SOLEIL;2;0;0
Montélimar;44.56;4.75;09/08/2026;02:00;20.4;0;SOLEIL;1;0;0
Montélimar;44.56;4.75;09/08/2026;03:00;20.4;0;SOLEIL;1;0;0
Montélimar;44.56;4.75;09/08/2026;04:00;20.4;0;SOLEIL;1;0;0
Montélimar;44.56;4.75;09/08/2026;05:00;20.7;0;SOLEIL;1;0;0
Montélimar;44.56;4.75;09/08/2026;06:00;20.7;0;SOLEIL;1;0;0
Montélimar;44.56;4.75;09/08/2026;07:00;20.7;0;SOLEIL;1;0;0
Montélimar;44.56;4.75;09/08/2026;08:00;30.5;0;SOLEIL;3;0;0
Montélimar;44.56;4.75;09/08/2026;09:00;30.5;0;SOLEIL;3;0;0
Montélimar;44.56;4.75;09/08/2026;10:00;30.5;0;SOLEIL;3;0;0
Montélimar;44.56;4.75;09/08/2026;11:00;33.4;0;SOLEIL;4;11;0
Montélimar;44.56;4.75;09/08/2026;12:00;33.4;0;SOLEIL;4;11;0
Montélimar;44.56;4.75;09/08/2026;13:00;33.4;0;SOLEIL;4;11;0
Montélimar;44.56;4.75;09/08/2026;14:00;32.5;10;ORAGEUX;4;13;0
Montélimar;44.56;4.75;09/08/2026;15:00;32.5;10;ORAGEUX;4;13;0
Montélimar;44.56;4.75;09/08/2026;16:00;32.5;10;ORAGEUX;4;13;0
Montélimar;44.56;4.75;09/08/2026;17:00;27.5;10;ORAGEUX;3;11;0
Montélimar;44.56;4.75;09/08/2026;18:00;27.5;10;ORAGEUX;3;11;0
Montélimar;44.56;4.75;09/08/2026;19:00;27.5;10;ORAGEUX;3;11;0
Montélimar;44.56;4.75;09/08/2026;20:00;24.9;0;SOLEIL;5;0;0
Montélimar;44.56;4.75;09/08/2026;21:00;22.7;0;SOLEIL;5;0;0
Montélimar;44.56;4.75;09/08/2026;22:00;20.5;0;SOLEIL;5;0;0
Montélimar;44.56;4.75;09/08/2026;23:00;21.1;0;SOLEIL;1;0;0
Montélimar;44.56;4.75;10/08/2026;00:00;21.1;0;SOLEIL;1;0;0
Montélimar;44.56;4.75;10/08/2026;01:00;21.1;0;SOLEIL;1;0;0
Montélimar;44.56;4.75;10/08/2026;02:00;18.5;10;ORAGEUX;5;0;0
Montélimar;44.56;4.75;10/08/2026;03:00;18.5;10;ORAGEUX;5;0;0
Montélimar;44.56;4.75;10/08/2026;04:00;18.5;10;ORAGEUX;5;0;0
Montélimar;44.56;4.75;10/08/2026;05:00;21.1;0;SOLEIL;2;0;0
Montélimar;44.56;4.75;10/08/2026;06:00;21.1;0;SOLEIL;2;0;0
Montélimar;44.56;4.75;10/08/2026;07:00;21.1;0;SOLEIL;2;0;0
Montélimar;44.56;4.75;10/08/2026;08:00;22.1;10;ORAGEUX;5;0;0
Montélimar;44.56;4.75;10/08/2026;09:00;23.9;10;ORAGEUX;5;0;0
Montélimar;44.56;4.75;10/08/2026;10:00;25.7;10;ORAGEUX;5;0;0
Montélimar;44.56;4.75;10/08/2026;11:00;33.6;0;SOLEIL;3;0;0
Montélimar;44.56;4.75;10/08/2026;12:00;33.6;0;SOLEIL;3;0;0
Montélimar;44.56;4.75;10/08/2026;13:00;33.6;0;SOLEIL;3;0;0
Montélimar;44.56;4.75;10/08/2026;14:00;32.9;10;ORAGEUX;5;0;0
Montélimar;44.56;4.75;10/08/2026;15:00;34.7;10;ORAGEUX;5;0;0
Montélimar;44.56;4.75;10/08/2026;16:00;32.9;10;ORAGEUX;5;0;0
Montélimar;44.56;4.75;10/08/2026;17:00;29.4;6;AVERSES;3;0;0
Montélimar;44.56;4.75;10/08/2026;18:00;29.4;6;AVERSES;3;0;0
Montélimar;44.56;4.75;10/08/2026;19:00;29.4;6;AVERSES;3;0;0
Montélimar;44.56;4.75;10/08/2026;20:00;25.7;10;ORAGEUX;5;0;0
Montélimar;44.56;4.75;10/08/2026;21:00;23.9;10;ORAGEUX;5;0;0
Montélimar;44.56;4.75;10/08/2026;22:00;22.1;10;ORAGEUX;5;0;0
Montélimar;44.56;4.75;10/08/2026;23:00;20.7;0;SOLEIL;3;0;0
Montélimar;44.56;4.75;11/08/2026;00:00;20.7;0;SOLEIL;3;0;0
Montélimar;44.56;4.75;11/08/2026;01:00;20.7;0;SOLEIL;3;0;0
Montélimar;44.56;4.75;11/08/2026;02:00;18.9;0;SOLEIL;5;0;0
Montélimar;44.56;4.75;11/08/2026;03:00;18.9;0;SOLEIL;5;0;0
Montélimar;44.56;4.75;11/08/2026;04:00;18.9;0;SOLEIL;5;0;0
Montélimar;44.56;4.75;11/08/2026;05:00;21;0;SOLEIL;3;0;0
Montélimar;44.56;4.75;11/08/2026;06:00;21;0;SOLEIL;3;0;0
Montélimar;44.56;4.75;11/08/2026;07:00;21;0;SOLEIL;3;0;0
Montélimar;44.56;4.75;11/08/2026;08:00;22.5;0;SOLEIL;5;0;0
Montélimar;44.56;4.75;11/08/2026;09:00;24.2;0;SOLEIL;5;0;0
Montélimar;44.56;4.75;11/08/2026;10:00;26.0;0;SOLEIL;5;0;0
Montélimar;44.56;4.75;11/08/2026;11:00;34.4;0;SOLEIL;4;0;0
Montélimar;44.56;4.75;11/08/2026;12:00;34.4;0;SOLEIL;4;0;0
Montélimar;44.56;4.75;11/08/2026;13:00;34.4;0;SOLEIL;4;0;0
Montélimar;44.56;4.75;11/08/2026;14:00;33.1;0;SOLEIL;5;0;0
Montélimar;44.56;4.75;11/08/2026;15:00;34.9;0;SOLEIL;5;0;0
Montélimar;44.56;4.75;11/08/2026;16:00;33.1;0;SOLEIL;5;0;0
Montélimar;44.56;4.75;11/08/2026;17:00;32.4;0;SOLEIL;2;0;0
Montélimar;44.56;4.75;11/08/2026;18:00;32.4;0;SOLEIL;2;0;0
Montélimar;44.56;4.75;11/08/2026;19:00;32.4;0;SOLEIL;2;0;0
Montélimar;44.56;4.75;11/08/2026;20:00;26.0;0;SOLEIL;5;0;0
Montélimar;44.56;4.75;11/08/2026;21:00;24.2;0;SOLEIL;5;0;0
Montélimar;44.56;4.75;11/08/2026;22:00;22.5;0;SOLEIL;5;0;0
Montélimar;44.56;4.75;11/08/2026;23:00;22;0;SOLEIL;1;0;0
Montélimar;44.56;4.75;12/08/2026;00:00;22;0;SOLEIL;1;0;0
Montélimar;44.56;4.75;12/08/2026;01:00;22;0;SOLEIL;1;0;0
Montélimar;44.56;4.75;12/08/2026;02:00;18.6;0;SOLEIL;5;0;0
Montélimar;44.56;4.75;12/08/2026;03:00;18.6;0;SOLEIL;5;0;0
Montélimar;44.56;4.75;12/08/2026;04:00;18.6;0;SOLEIL;5;0;0
Montélimar;44.56;4.75;12/08/2026;05:00;21.9;0;SOLEIL;0;0;0
Montélimar;44.56;4.75;12/08/2026;06:00;21.9;0;SOLEIL;0;0;0
Montélimar;44.56;4.75;12/08/2026;07:00;21.9;0;SOLEIL;0;0;0
Montélimar;44.56;4.75;12/08/2026;08:00;22.7;0;SOLEIL;5;0;0
Montélimar;44.56;4.75;12/08/2026;09:00;24.7;0;SOLEIL;5;0;0
Montélimar;44.56;4.75;12/08/2026;10:00;26.8;0;SOLEIL;5;0;0
Montélimar;44.56;4.75;12/08/2026;11:00;35.5;0;SOLEIL;3;0;0
Montélimar;44.56;4.75;12/08/2026;12:00;35.5;0;SOLEIL;3;0;0
Montélimar;44.56;4.75;12/08/2026;13:00;35.5;0;SOLEIL;3;0;0
Montélimar;44.56;4.75;12/08/2026;14:00;35.0;0;SOLEIL;5;0;0
Montélimar;44.56;4.75;12/08/2026;15:00;37.0;0;SOLEIL;5;0;0
Montélimar;44.56;4.75;12/08/2026;16:00;35.0;0;SOLEIL;5;0;0
Montélimar;44.56;4.75;12/08/2026;17:00;32.4;0;SOLEIL;3;0;0
Montélimar;44.56;4.75;12/08/2026;18:00;32.4;0;SOLEIL;3;0;0
Montélimar;44.56;4.75;12/08/2026;19:00;32.4;0;SOLEIL;3;0;0
Montélimar;44.56;4.75;12/08/2026;20:00;26.8;0;SOLEIL;5;0;0
Montélimar;44.56;4.75;12/08/2026;21:00;24.7;0;SOLEIL;5;0;0
Montélimar;44.56;4.75;12/08/2026;22:00;22.7;0;SOLEIL;5;0;0
Montélimar;44.56;4.75;12/08/2026;23:00;23;0;SOLEIL;1;0;0
Valence;44.93;4.89;08/08/2026;00:00;25.1;0;SOLEIL;5;0;0
Valence;44.93;4.89;08/08/2026;01:00;25.1;0;SOLEIL;5;0;0
Valence;44.93;4.89;08/08/2026;02:00;22.9;0;SOLEIL;5;11;0
Valence;44.93;4.89;08/08/2026;03:00;22.9;0;SOLEIL;5;11;0
Valence;44.93;4.89;08/08/2026;04:00;22.9;0;SOLEIL;5;11;0
Valence;44.93;4.89;08/08/2026;05:00;22.9;0;SOLEIL;5;0;0
Valence;44.93;4.89;08/08/2026;06:00;22.9;0;SOLEIL;5;0;0
Valence;44.93;4.89;08/08/2026;07:00;22.9;0;SOLEIL;5;0;0
Valence;44.93;4.89;08/08/2026;08:00;28.5;0;SOLEIL;5;11;0
Valence;44.93;4.89;08/08/2026;09:00;28.5;0;SOLEIL;5;11;0
Valence;44.93;4.89;08/08/2026;10:00;28.5;0;SOLEIL;5;11;0
Valence;44.93;4.89;08/08/2026;11:00;34.7;0;SOLEIL;4;11;0
Valence;44.93;4.89;08/08/2026;12:00;34.7;0;SOLEIL;4;11;0
Valence;44.93;4.89;08/08/2026;13:00;34.7;0;SOLEIL;4;11;0
Valence;44.93;4.89;08/08/2026;14:00;37.1;0;SOLEIL;3;0;0
Valence;44.93;4.89;08/08/2026;15:00;37.1;0;SOLEIL;3;0;0
Valence;44.93;4.89;08/08/2026;16:00;37.1;0;SOLEIL;3;0;0
Valence;44.93;4.89;08/08/2026;17:00;34.6;0;SOLEIL;1;0;0
Valence;44.93;4.89;08/08/2026;18:00;34.6;0;SOLEIL;1;0;0
Valence;44.93;4.89;08/08/2026;19:00;34.6;0;SOLEIL;1;0;0
Valence;44.93;4.89;08/08/2026;20:00;29.1;0;SOLEIL;3;0;0
Valence;44.93;4.89;08/08/2026;21:00;29.1;0;SOLEIL;3;0;0
Valence;44.93;4.89;08/08/2026;22:00;29.1;0;SOLEIL;3;0;0
Valence;44.93;4.89;08/08/2026;23:00;24.6;0;SOLEIL;2;0;0
Valence;44.93;4.89;09/08/2026;00:00;24.6;0;SOLEIL;2;0;0
Valence;44.93;4.89;09/08/2026;01:00;24.6;0;SOLEIL;2;0;0
Valence;44.93;4.89;09/08/2026;02:00;22.4;0;SOLEIL;2;0;0
Valence;44.93;4.89;09/08/2026;03:00;22.4;0;SOLEIL;2;0;0
Valence;44.93;4.89;09/08/2026;04:00;22.4;0;SOLEIL;2;0;0
Valence;44.93;4.89;09/08/2026;05:00;22.4;0;SOLEIL;1;0;0
Valence;44.93;4.89;09/08/2026;06:00;22.4;0;SOLEIL;1;0;0
Valence;44.93;4.89;09/08/2026;07:00;22.4;0;SOLEIL;1;0;0
Valence;44.93;4.89;09/08/2026;08:00;29.6;0;SOLEIL;2;0;0
Valence;44.93;4.89;09/08/2026;09:00;29.6;0;SOLEIL;2;0;0
Valence;44.93;4.89;09/08/2026;10:00;29.6;0;SOLEIL;2;0;0
Valence;44.93;4.89;09/08/2026;11:00;34.6;0;SOLEIL;4;0;0
Valence;44.93;4.89;09/08/2026;12:00;34.6;0;SOLEIL;4;0;0
Valence;44.93;4.89;09/08/2026;13:00;34.6;0;SOLEIL;4;0;0
Valence;44.93;4.89;09/08/2026;14:00;33.6;10;ORAGEUX;4;12;0
Valence;44.93;4.89;09/08/2026;15:00;33.6;10;ORAGEUX;4;12;0
Valence;44.93;4.89;09/08/2026;16:00;33.6;10;ORAGEUX;4;12;0
Valence;44.93;4.89;09/08/2026;17:00;29.9;10;ORAGEUX;4;11;0
Valence;44.93;4.89;09/08/2026;18:00;29.9;10;ORAGEUX;4;11;0
Valence;44.93;4.89;09/08/2026;19:00;29.9;10;ORAGEUX;4;11;0
Valence;44.93;4.89;09/08/2026;20:00;28.7;0;SOLEIL;5;0;0
Valence;44.93;4.89;09/08/2026;21:00;26.9;0;SOLEIL;5;0;0
Valence;44.93;4.89;09/08/2026;22:00;25.1;0;SOLEIL;5;0;0
Valence;44.93;4.89;09/08/2026;23:00;22;0;SOLEIL;2;0;0
Valence;44.93;4.89;10/08/2026;00:00;22;0;SOLEIL;2;0;0
Valence;44.93;4.89;10/08/2026;01:00;22;0;SOLEIL;2;0;0
Valence;44.93;4.89;10/08/2026;02:00;21.4;10;ORAGEUX;5;0;0
Valence;44.93;4.89;10/08/2026;03:00;21.4;10;ORAGEUX;5;0;0
Valence;44.93;4.89;10/08/2026;04:00;21.4;10;ORAGEUX;5;0;0
Valence;44.93;4.89;10/08/2026;05:00;22.6;0;SOLEIL;2;0;0
Valence;44.93;4.89;10/08/2026;06:00;22.6;0;SOLEIL;2;0;0
Valence;44.93;4.89;10/08/2026;07:00;22.6;0;SOLEIL;2;0;0
Valence;44.93;4.89;10/08/2026;08:00;24.5;10;ORAGEUX;5;0;0
Valence;44.93;4.89;10/08/2026;09:00;26.1;10;ORAGEUX;5;0;0
Valence;44.93;4.89;10/08/2026;10:00;27.6;10;ORAGEUX;5;0;0
Valence;44.93;4.89;10/08/2026;11:00;35.2;0;SOLEIL;3;0;0
Valence;44.93;4.89;10/08/2026;12:00;35.2;0;SOLEIL;3;0;0
Valence;44.93;4.89;10/08/2026;13:00;35.2;0;SOLEIL;3;0;0
Valence;44.93;4.89;10/08/2026;14:00;33.8;10;ORAGEUX;5;0;0
Valence;44.93;4.89;10/08/2026;15:00;35.4;10;ORAGEUX;5;0;0
Valence;44.93;4.89;10/08/2026;16:00;33.8;10;ORAGEUX;5;0;0
Valence;44.93;4.89;10/08/2026;17:00;32.4;6;AVERSES;3;0;0
Valence;44.93;4.89;10/08/2026;18:00;32.4;6;AVERSES;3;0;0
Valence;44.93;4.89;10/08/2026;19:00;32.4;6;AVERSES;3;0;0
Valence;44.93;4.89;10/08/2026;20:00;27.6;10;ORAGEUX;5;0;0
Valence;44.93;4.89;10/08/2026;21:00;26.1;10;ORAGEUX;5;0;0
Valence;44.93;4.89;10/08/2026;22:00;24.5;10;ORAGEUX;5;0;0
Valence;44.93;4.89;10/08/2026;23:00;23.5;0;SOLEIL;3;0;0
Valence;44.93;4.89;11/08/2026;00:00;23.5;0;SOLEIL;3;0;0
Valence;44.93;4.89;11/08/2026;01:00;23.5;0;SOLEIL;3;0;0
Valence;44.93;4.89;11/08/2026;02:00;20.5;0;SOLEIL;5;0;0
Valence;44.93;4.89;11/08/2026;03:00;20.5;0;SOLEIL;5;0;0
Valence;44.93;4.89;11/08/2026;04:00;20.5;0;SOLEIL;5;0;0
Valence;44.93;4.89;11/08/2026;05:00;23.7;0;SOLEIL;4;0;0
Valence;44.93;4.89;11/08/2026;06:00;23.7;0;SOLEIL;4;0;0
Valence;44.93;4.89;11/08/2026;07:00;23.7;0;SOLEIL;4;0;0
Valence;44.93;4.89;11/08/2026;08:00;24.1;0;SOLEIL;5;0;0
Valence;44.93;4.89;11/08/2026;09:00;25.9;0;SOLEIL;5;0;0
Valence;44.93;4.89;11/08/2026;10:00;27.7;0;SOLEIL;5;0;0
Valence;44.93;4.89;11/08/2026;11:00;35.6;0;SOLEIL;4;11;0
Valence;44.93;4.89;11/08/2026;12:00;35.6;0;SOLEIL;4;11;0
Valence;44.93;4.89;11/08/2026;13:00;35.6;0;SOLEIL;4;11;0
Valence;44.93;4.89;11/08/2026;14:00;34.8;0;SOLEIL;5;0;0
Valence;44.93;4.89;11/08/2026;15:00;36.6;0;SOLEIL;5;0;0
Valence;44.93;4.89;11/08/2026;16:00;34.8;0;SOLEIL;5;0;0
Valence;44.93;4.89;11/08/2026;17:00;35;0;SOLEIL;3;0;0
Valence;44.93;4.89;11/08/2026;18:00;35;0;SOLEIL;3;0;0
Valence;44.93;4.89;11/08/2026;19:00;35;0;SOLEIL;3;0;0
Valence;44.93;4.89;11/08/2026;20:00;27.7;0;SOLEIL;5;0;0
Valence;44.93;4.89;11/08/2026;21:00;25.9;0;SOLEIL;5;0;0
Valence;44.93;4.89;11/08/2026;22:00;24.1;0;SOLEIL;5;0;0
Valence;44.93;4.89;11/08/2026;23:00;23.6;0;SOLEIL;3;0;0
Valence;44.93;4.89;12/08/2026;00:00;23.6;0;SOLEIL;3;0;0
Valence;44.93;4.89;12/08/2026;01:00;23.6;0;SOLEIL;3;0;0
Valence;44.93;4.89;12/08/2026;02:00;21.2;0;SOLEIL;5;0;0
Valence;44.93;4.89;12/08/2026;03:00;21.2;0;SOLEIL;5;0;0
Valence;44.93;4.89;12/08/2026;04:00;21.2;0;SOLEIL;5;0;0
Valence;44.93;4.89;12/08/2026;05:00;22.7;0;SOLEIL;2;0;0
Valence;44.93;4.89;12/08/2026;06:00;22.7;0;SOLEIL;2;0;0
Valence;44.93;4.89;12/08/2026;07:00;22.7;0;SOLEIL;2;0;0
Valence;44.93;4.89;12/08/2026;08:00;25.0;0;SOLEIL;5;0;0
Valence;44.93;4.89;12/08/2026;09:00;26.9;0;SOLEIL;5;0;0
Valence;44.93;4.89;12/08/2026;10:00;28.8;0;SOLEIL;5;0;0
Valence;44.93;4.89;12/08/2026;11:00;37.1;0;SOLEIL;2;0;0
Valence;44.93;4.89;12/08/2026;12:00;37.1;0;SOLEIL;2;0;0
Valence;44.93;4.89;12/08/2026;13:00;37.1;0;SOLEIL;2;0;0
Valence;44.93;4.89;12/08/2026;14:00;36.5;0;SOLEIL;5;0;0
Valence;44.93;4.89;12/08/2026;15:00;38.4;0;SOLEIL;5;0;0
Valence;44.93;4.89;12/08/2026;16:00;36.5;0;SOLEIL;5;0;0
Valence;44.93;4.89;12/08/2026;17:00;36.2;0;SOLEIL;3;0;0
Valence;44.93;4.89;12/08/2026;18:00;36.2;0;SOLEIL;3;0;0
Valence;44.93;4.89;12/08/2026;19:00;36.2;0;SOLEIL;3;0;0
Valence;44.93;4.89;12/08/2026;20:00;28.8;0;SOLEIL;5;0;0
Valence;44.93;4.89;12/08/2026;21:00;26.9;0;SOLEIL;5;0;0
Valence;44.93;4.89;12/08/2026;22:00;25.0;0;SOLEIL;5;0;0
Valence;44.93;4.89;12/08/2026;23:00;24.1;0;SOLEIL;1;0;0
Bourgoin-Jallieu;45.59;5.28;08/08/2026;00:00;24;0;SOLEIL;4;0;0
Bourgoin-Jallieu;45.59;5.28;08/08/2026;01:00;24;0;SOLEIL;4;0;0
Bourgoin-Jallieu;45.59;5.28;08/08/2026;02:00;22.1;0;SOLEIL;4;0;0
Bourgoin-Jallieu;45.59;5.28;08/08/2026;03:00;22.1;0;SOLEIL;4;0;0
Bourgoin-Jallieu;45.59;5.28;08/08/2026;04:00;22.1;0;SOLEIL;4;0;0
Bourgoin-Jallieu;45.59;5.28;08/08/2026;05:00;22.4;0;SOLEIL;5;0;0
Bourgoin-Jallieu;45.59;5.28;08/08/2026;06:00;22.4;0;SOLEIL;5;0;0
Bourgoin-Jallieu;45.59;5.28;08/08/2026;07:00;22.4;0;SOLEIL;5;0;0
Bourgoin-Jallieu;45.59;5.28;08/08/2026;08:00;27.6;0;SOLEIL;4;0;0
Bourgoin-Jallieu;45.59;5.28;08/08/2026;09:00;27.6;0;SOLEIL;4;0;0
Bourgoin-Jallieu;45.59;5.28;08/08/2026;10:00;27.6;0;SOLEIL;4;0;0
Bourgoin-Jallieu;45.59;5.28;08/08/2026;11:00;33.4;0;SOLEIL;4;0;0
Bourgoin-Jallieu;45.59;5.28;08/08/2026;12:00;33.4;0;SOLEIL;4;0;0
Bourgoin-Jallieu;45.59;5.28;08/08/2026;13:00;33.4;0;SOLEIL;4;0;0
Bourgoin-Jallieu;45.59;5.28;08/08/2026;14:00;36.1;0;SOLEIL;4;0;0
Bourgoin-Jallieu;45.59;5.28;08/08/2026;15:00;36.1;0;SOLEIL;4;0;0
Bourgoin-Jallieu;45.59;5.28;08/08/2026;16:00;36.1;0;SOLEIL;4;0;0
Bourgoin-Jallieu;45.59;5.28;08/08/2026;17:00;34.2;0;SOLEIL;2;0;0
Bourgoin-Jallieu;45.59;5.28;08/08/2026;18:00;34.2;0;SOLEIL;2;0;0
Bourgoin-Jallieu;45.59;5.28;08/08/2026;19:00;34.2;0;SOLEIL;2;0;0
Bourgoin-Jallieu;45.59;5.28;08/08/2026;20:00;28.7;0;SOLEIL;1;0;0
Bourgoin-Jallieu;45.59;5.28;08/08/2026;21:00;28.7;0;SOLEIL;1;0;0
Bourgoin-Jallieu;45.59;5.28;08/08/2026;22:00;28.7;0;SOLEIL;1;0;0
Bourgoin-Jallieu;45.59;5.28;08/08/2026;23:00;26.1;0;SOLEIL;3;0;0
Bourgoin-Jallieu;45.59;5.28;09/08/2026;00:00;26.1;0;SOLEIL;3;0;0
Bourgoin-Jallieu;45.59;5.28;09/08/2026;01:00;26.1;0;SOLEIL;3;0;0
Bourgoin-Jallieu;45.59;5.28;09/08/2026;02:00;24.6;0;SOLEIL;3;0;0
Bourgoin-Jallieu;45.59;5.28;09/08/2026;03:00;24.6;0;SOLEIL;3;0;0
Bourgoin-Jallieu;45.59;5.28;09/08/2026;04:00;24.6;0;SOLEIL;3;0;0
Bourgoin-Jallieu;45.59;5.28;09/08/2026;05:00;23.1;0;SOLEIL;3;0;0
Bourgoin-Jallieu;45.59;5.28;09/08/2026;06:00;23.1;0;SOLEIL;3;0;0
Bourgoin-Jallieu;45.59;5.28;09/08/2026;07:00;23.1;0;SOLEIL;3;0;0
Bourgoin-Jallieu;45.59;5.28;09/08/2026;08:00;29.7;0;SOLEIL;5;0;0
Bourgoin-Jallieu;45.59;5.28;09/08/2026;09:00;29.7;0;SOLEIL;5;0;0
Bourgoin-Jallieu;45.59;5.28;09/08/2026;10:00;29.7;0;SOLEIL;5;0;0
Bourgoin-Jallieu;45.59;5.28;09/08/2026;11:00;34.6;0;SOLEIL;6;13;0
Bourgoin-Jallieu;45.59;5.28;09/08/2026;12:00;34.6;0;SOLEIL;6;13;0
Bourgoin-Jallieu;45.59;5.28;09/08/2026;13:00;34.6;0;SOLEIL;6;13;0
Bourgoin-Jallieu;45.59;5.28;09/08/2026;14:00;33;10;ORAGEUX;5;13;0
Bourgoin-Jallieu;45.59;5.28;09/08/2026;15:00;33;10;ORAGEUX;5;13;0
Bourgoin-Jallieu;45.59;5.28;09/08/2026;16:00;33;10;ORAGEUX;5;13;0
Bourgoin-Jallieu;45.59;5.28;09/08/2026;17:00;30.1;10;ORAGEUX;4;12;0
Bourgoin-Jallieu;45.59;5.28;09/08/2026;18:00;30.1;10;ORAGEUX;4;12;0
Bourgoin-Jallieu;45.59;5.28;09/08/2026;19:00;30.1;10;ORAGEUX;4;12;0
Bourgoin-Jallieu;45.59;5.28;09/08/2026;20:00;27.6;0;SOLEIL;5;0;0
Bourgoin-Jallieu;45.59;5.28;09/08/2026;21:00;25.8;0;SOLEIL;5;0;0
Bourgoin-Jallieu;45.59;5.28;09/08/2026;22:00;24.0;0;SOLEIL;5;0;0
Bourgoin-Jallieu;45.59;5.28;09/08/2026;23:00;24.1;0;SOLEIL;4;0;0
Bourgoin-Jallieu;45.59;5.28;10/08/2026;00:00;24.1;0;SOLEIL;4;0;0
Bourgoin-Jallieu;45.59;5.28;10/08/2026;01:00;24.1;0;SOLEIL;4;0;0
Bourgoin-Jallieu;45.59;5.28;10/08/2026;02:00;22.6;10;ORAGEUX;5;0;0
Bourgoin-Jallieu;45.59;5.28;10/08/2026;03:00;22.6;10;ORAGEUX;5;0;0
Bourgoin-Jallieu;45.59;5.28;10/08/2026;04:00;22.6;10;ORAGEUX;5;0;0
Bourgoin-Jallieu;45.59;5.28;10/08/2026;05:00;23.1;0;SOLEIL;1;0;0
Bourgoin-Jallieu;45.59;5.28;10/08/2026;06:00;23.1;0;SOLEIL;1;0;0
Bourgoin-Jallieu;45.59;5.28;10/08/2026;07:00;23.1;0;SOLEIL;1;0;0
Bourgoin-Jallieu;45.59;5.28;10/08/2026;08:00;25.4;10;ORAGEUX;5;0;0
Bourgoin-Jallieu;45.59;5.28;10/08/2026;09:00;26.9;10;ORAGEUX;5;0;0
Bourgoin-Jallieu;45.59;5.28;10/08/2026;10:00;28.3;10;ORAGEUX;5;0;0
Bourgoin-Jallieu;45.59;5.28;10/08/2026;11:00;35.1;0;SOLEIL;3;0;0
Bourgoin-Jallieu;45.59;5.28;10/08/2026;12:00;35.1;0;SOLEIL;3;0;0
Bourgoin-Jallieu;45.59;5.28;10/08/2026;13:00;35.1;0;SOLEIL;3;0;0
Bourgoin-Jallieu;45.59;5.28;10/08/2026;14:00;34.0;10;ORAGEUX;5;0;0
Bourgoin-Jallieu;45.59;5.28;10/08/2026;15:00;35.4;10;ORAGEUX;5;0;0
Bourgoin-Jallieu;45.59;5.28;10/08/2026;16:00;34.0;10;ORAGEUX;5;0;0
Bourgoin-Jallieu;45.59;5.28;10/08/2026;17:00;31.7;6;AVERSES;3;0;0
Bourgoin-Jallieu;45.59;5.28;10/08/2026;18:00;31.7;6;AVERSES;3;0;0
Bourgoin-Jallieu;45.59;5.28;10/08/2026;19:00;31.7;6;AVERSES;3;0;0
Bourgoin-Jallieu;45.59;5.28;10/08/2026;20:00;28.3;10;ORAGEUX;5;0;0
Bourgoin-Jallieu;45.59;5.28;10/08/2026;21:00;26.9;10;ORAGEUX;5;0;0
Bourgoin-Jallieu;45.59;5.28;10/08/2026;22:00;25.4;10;ORAGEUX;5;0;0
Bourgoin-Jallieu;45.59;5.28;10/08/2026;23:00;24.6;0;SOLEIL;1;0;0
Bourgoin-Jallieu;45.59;5.28;11/08/2026;00:00;24.6;0;SOLEIL;1;0;0
Bourgoin-Jallieu;45.59;5.28;11/08/2026;01:00;24.6;0;SOLEIL;1;0;0
Bourgoin-Jallieu;45.59;5.28;11/08/2026;02:00;22.1;0;SOLEIL;5;0;0
Bourgoin-Jallieu;45.59;5.28;11/08/2026;03:00;22.1;0;SOLEIL;5;0;0
Bourgoin-Jallieu;45.59;5.28;11/08/2026;04:00;22.1;0;SOLEIL;5;0;0
Bourgoin-Jallieu;45.59;5.28;11/08/2026;05:00;23.5;0;SOLEIL;3;0;0
Bourgoin-Jallieu;45.59;5.28;11/08/2026;06:00;23.5;0;SOLEIL;3;0;0
Bourgoin-Jallieu;45.59;5.28;11/08/2026;07:00;23.5;0;SOLEIL;3;0;0
Bourgoin-Jallieu;45.59;5.28;11/08/2026;08:00;25.2;0;SOLEIL;5;0;0
Bourgoin-Jallieu;45.59;5.28;11/08/2026;09:00;26.8;0;SOLEIL;5;0;0
Bourgoin-Jallieu;45.59;5.28;11/08/2026;10:00;28.4;0;SOLEIL;5;0;0
Bourgoin-Jallieu;45.59;5.28;11/08/2026;11:00;35.7;0;SOLEIL;4;0;0
Bourgoin-Jallieu;45.59;5.28;11/08/2026;12:00;35.7;0;SOLEIL;4;0;0
Bourgoin-Jallieu;45.59;5.28;11/08/2026;13:00;35.7;0;SOLEIL;4;0;0
Bourgoin-Jallieu;45.59;5.28;11/08/2026;14:00;34.6;0;SOLEIL;5;0;0
Bourgoin-Jallieu;45.59;5.28;11/08/2026;15:00;36.2;0;SOLEIL;5;0;0
Bourgoin-Jallieu;45.59;5.28;11/08/2026;16:00;34.6;0;SOLEIL;5;0;0
Bourgoin-Jallieu;45.59;5.28;11/08/2026;17:00;34.4;0;SOLEIL;4;0;0
Bourgoin-Jallieu;45.59;5.28;11/08/2026;18:00;34.4;0;SOLEIL;4;0;0
Bourgoin-Jallieu;45.59;5.28;11/08/2026;19:00;34.4;0;SOLEIL;4;0;0
Bourgoin-Jallieu;45.59;5.28;11/08/2026;20:00;28.4;0;SOLEIL;5;0;0
Bourgoin-Jallieu;45.59;5.28;11/08/2026;21:00;26.8;0;SOLEIL;5;0;0
Bourgoin-Jallieu;45.59;5.28;11/08/2026;22:00;25.2;0;SOLEIL;5;0;0
Bourgoin-Jallieu;45.59;5.28;11/08/2026;23:00;25.9;0;SOLEIL;1;0;0
Bourgoin-Jallieu;45.59;5.28;12/08/2026;00:00;25.9;0;SOLEIL;1;0;0
Bourgoin-Jallieu;45.59;5.28;12/08/2026;01:00;25.9;0;SOLEIL;1;0;0
Bourgoin-Jallieu;45.59;5.28;12/08/2026;02:00;22.1;0;SOLEIL;5;0;0
Bourgoin-Jallieu;45.59;5.28;12/08/2026;03:00;22.1;0;SOLEIL;5;0;0
Bourgoin-Jallieu;45.59;5.28;12/08/2026;04:00;22.1;0;SOLEIL;5;0;0
Bourgoin-Jallieu;45.59;5.28;12/08/2026;05:00;23.7;0;SOLEIL;2;0;0
Bourgoin-Jallieu;45.59;5.28;12/08/2026;06:00;23.7;0;SOLEIL;2;0;0
Bourgoin-Jallieu;45.59;5.28;12/08/2026;07:00;23.7;0;SOLEIL;2;0;0
Bourgoin-Jallieu;45.59;5.28;12/08/2026;08:00;25.7;0;SOLEIL;5;0;0
Bourgoin-Jallieu;45.59;5.28;12/08/2026;09:00;27.4;0;SOLEIL;5;0;0
Bourgoin-Jallieu;45.59;5.28;12/08/2026;10:00;29.2;0;SOLEIL;5;0;0
Bourgoin-Jallieu;45.59;5.28;12/08/2026;11:00;36.7;0;SOLEIL;2;0;0
Bourgoin-Jallieu;45.59;5.28;12/08/2026;12:00;36.7;0;SOLEIL;2;0;0
Bourgoin-Jallieu;45.59;5.28;12/08/2026;13:00;36.7;0;SOLEIL;2;0;0
Bourgoin-Jallieu;45.59;5.28;12/08/2026;14:00;36.3;0;SOLEIL;5;0;0
Bourgoin-Jallieu;45.59;5.28;12/08/2026;15:00;38.1;0;SOLEIL;5;0;0
Bourgoin-Jallieu;45.59;5.28;12/08/2026;16:00;36.3;0;SOLEIL;5;0;0
Bourgoin-Jallieu;45.59;5.28;12/08/2026;17:00;35.5;0;SOLEIL;3;0;0
Bourgoin-Jallieu;45.59;5.28;12/08/2026;18:00;35.5;0;SOLEIL;3;0;0
Bourgoin-Jallieu;45.59;5.28;12/08/2026;19:00;35.5;0;SOLEIL;3;0;0
Bourgoin-Jallieu;45.59;5.28;12/08/2026;20:00;29.2;0;SOLEIL;5;0;0
Bourgoin-Jallieu;45.59;5.28;12/08/2026;21:00;27.4;0;SOLEIL;5;0;0
Bourgoin-Jallieu;45.59;5.28;12/08/2026;22:00;25.7;0;SOLEIL;5;0;0
Bourgoin-Jallieu;45.59;5.28;12/08/2026;23:00;26.1;0;SOLEIL;2;0;0
Grenoble;45.18;5.72;08/08/2026;00:00;24.1;0;SOLEIL;2;0;0
Grenoble;45.18;5.72;08/08/2026;01:00;24.1;0;SOLEIL;2;0;0
Grenoble;45.18;5.72;08/08/2026;02:00;20.4;0;SOLEIL;2;0;0
Grenoble;45.18;5.72;08/08/2026;03:00;20.4;0;SOLEIL;2;0;0
Grenoble;45.18;5.72;08/08/2026;04:00;20.4;0;SOLEIL;2;0;0
Grenoble;45.18;5.72;08/08/2026;05:00;20.1;0;SOLEIL;2;0;0
Grenoble;45.18;5.72;08/08/2026;06:00;20.1;0;SOLEIL;2;0;0
Grenoble;45.18;5.72;08/08/2026;07:00;20.1;0;SOLEIL;2;0;0
Grenoble;45.18;5.72;08/08/2026;08:00;25.6;0;SOLEIL;2;0;0
Grenoble;45.18;5.72;08/08/2026;09:00;25.6;0;SOLEIL;2;0;0
Grenoble;45.18;5.72;08/08/2026;10:00;25.6;0;SOLEIL;2;0;0
Grenoble;45.18;5.72;08/08/2026;11:00;31.4;0;SOLEIL;2;0;0
Grenoble;45.18;5.72;08/08/2026;12:00;31.4;0;SOLEIL;2;0;0
Grenoble;45.18;5.72;08/08/2026;13:00;31.4;0;SOLEIL;2;0;0
Grenoble;45.18;5.72;08/08/2026;14:00;34.6;0;SOLEIL;3;0;0
Grenoble;45.18;5.72;08/08/2026;15:00;34.6;0;SOLEIL;3;0;0
Grenoble;45.18;5.72;08/08/2026;16:00;34.6;0;SOLEIL;3;0;0
Grenoble;45.18;5.72;08/08/2026;17:00;32.6;0;SOLEIL;1;0;0
Grenoble;45.18;5.72;08/08/2026;18:00;32.6;0;SOLEIL;1;0;0
Grenoble;45.18;5.72;08/08/2026;19:00;32.6;0;SOLEIL;1;0;0
Grenoble;45.18;5.72;08/08/2026;20:00;27.9;0;SOLEIL;1;0;0
Grenoble;45.18;5.72;08/08/2026;21:00;27.9;0;SOLEIL;1;0;0
Grenoble;45.18;5.72;08/08/2026;22:00;27.9;0;SOLEIL;1;0;0
Grenoble;45.18;5.72;08/08/2026;23:00;25.4;0;SOLEIL;2;0;0
Grenoble;45.18;5.72;09/08/2026;00:00;25.4;0;SOLEIL;2;0;0
Grenoble;45.18;5.72;09/08/2026;01:00;25.4;0;SOLEIL;2;0;0
Grenoble;45.18;5.72;09/08/2026;02:00;24.4;0;SOLEIL;2;0;0
Grenoble;45.18;5.72;09/08/2026;03:00;24.4;0;SOLEIL;2;0;0
Grenoble;45.18;5.72;09/08/2026;04:00;24.4;0;SOLEIL;2;0;0
Grenoble;45.18;5.72;09/08/2026;05:00;24.5;0;SOLEIL;3;0;0
Grenoble;45.18;5.72;09/08/2026;06:00;24.5;0;SOLEIL;3;0;0
Grenoble;45.18;5.72;09/08/2026;07:00;24.5;0;SOLEIL;3;0;0
Grenoble;45.18;5.72;09/08/2026;08:00;29.4;0;SOLEIL;3;0;0
Grenoble;45.18;5.72;09/08/2026;09:00;29.4;0;SOLEIL;3;0;0
Grenoble;45.18;5.72;09/08/2026;10:00;29.4;0;SOLEIL;3;0;0
Grenoble;45.18;5.72;09/08/2026;11:00;32.1;0;SOLEIL;5;0;0
Grenoble;45.18;5.72;09/08/2026;12:00;32.1;0;SOLEIL;5;0;0
Grenoble;45.18;5.72;09/08/2026;13:00;32.1;0;SOLEIL;5;0;0
Grenoble;45.18;5.72;09/08/2026;14:00;31.6;10;ORAGEUX;5;12;0
Grenoble;45.18;5.72;09/08/2026;15:00;31.6;10;ORAGEUX;5;12;0
Grenoble;45.18;5.72;09/08/2026;16:00;31.6;10;ORAGEUX;5;12;0
Grenoble;45.18;5.72;09/08/2026;17:00;30.1;10;ORAGEUX;4;11;0
Grenoble;45.18;5.72;09/08/2026;18:00;30.1;10;ORAGEUX;4;11;0
Grenoble;45.18;5.72;09/08/2026;19:00;30.1;10;ORAGEUX;4;11;0
Grenoble;45.18;5.72;09/08/2026;20:00;26.2;0;SOLEIL;5;0;0
Grenoble;45.18;5.72;09/08/2026;21:00;24.4;0;SOLEIL;5;0;0
Grenoble;45.18;5.72;09/08/2026;22:00;22.7;0;SOLEIL;5;0;0
Grenoble;45.18;5.72;09/08/2026;23:00;24.2;0;SOLEIL;2;0;0
Grenoble;45.18;5.72;10/08/2026;00:00;24.2;0;SOLEIL;2;0;0
Grenoble;45.18;5.72;10/08/2026;01:00;24.2;0;SOLEIL;2;0;0
Grenoble;45.18;5.72;10/08/2026;02:00;23.1;10;ORAGEUX;5;0;0
Grenoble;45.18;5.72;10/08/2026;03:00;23.1;10;ORAGEUX;5;0;0
Grenoble;45.18;5.72;10/08/2026;04:00;23.1;10;ORAGEUX;5;0;0
Grenoble;45.18;5.72;10/08/2026;05:00;23.7;0;SOLEIL;2;0;0
Grenoble;45.18;5.72;10/08/2026;06:00;23.7;0;SOLEIL;2;0;0
Grenoble;45.18;5.72;10/08/2026;07:00;23.7;0;SOLEIL;2;0;0
Grenoble;45.18;5.72;10/08/2026;08:00;25.3;10;ORAGEUX;5;0;0
Grenoble;45.18;5.72;10/08/2026;09:00;26.4;10;ORAGEUX;5;0;0
Grenoble;45.18;5.72;10/08/2026;10:00;27.5;10;ORAGEUX;5;0;0
Grenoble;45.18;5.72;10/08/2026;11:00;33;6;AVERSES;2;0;0
Grenoble;45.18;5.72;10/08/2026;12:00;33;6;AVERSES;2;0;0
Grenoble;45.18;5.72;10/08/2026;13:00;33;6;AVERSES;2;0;0
Grenoble;45.18;5.72;10/08/2026;14:00;32.0;10;ORAGEUX;5;0;0
Grenoble;45.18;5.72;10/08/2026;15:00;33.1;10;ORAGEUX;5;0;0
Grenoble;45.18;5.72;10/08/2026;16:00;32.0;10;ORAGEUX;5;0;0
Grenoble;45.18;5.72;10/08/2026;17:00;30.2;6;AVERSES;2;0;0
Grenoble;45.18;5.72;10/08/2026;18:00;30.2;6;AVERSES;2;0;0
Grenoble;45.18;5.72;10/08/2026;19:00;30.2;6;AVERSES;2;0;0
Grenoble;45.18;5.72;10/08/2026;20:00;27.5;10;ORAGEUX;5;0;0
Grenoble;45.18;5.72;10/08/2026;21:00;26.4;10;ORAGEUX;5;0;0
Grenoble;45.18;5.72;10/08/2026;22:00;25.3;10;ORAGEUX;5;0;0
Grenoble;45.18;5.72;10/08/2026;23:00;23.9;0;SOLEIL;1;0;0
Grenoble;45.18;5.72;11/08/2026;00:00;23.9;0;SOLEIL;1;0;0
Grenoble;45.18;5.72;11/08/2026;01:00;23.9;0;SOLEIL;1;0;0
Grenoble;45.18;5.72;11/08/2026;02:00;22.4;0;SOLEIL;5;0;0
Grenoble;45.18;5.72;11/08/2026;03:00;22.4;0;SOLEIL;5;0;0
Grenoble;45.18;5.72;11/08/2026;04:00;22.4;0;SOLEIL;5;0;0
Grenoble;45.18;5.72;11/08/2026;05:00;22.2;0;SOLEIL;2;0;0
Grenoble;45.18;5.72;11/08/2026;06:00;22.2;0;SOLEIL;2;0;0
Grenoble;45.18;5.72;11/08/2026;07:00;22.2;0;SOLEIL;2;0;0
Grenoble;45.18;5.72;11/08/2026;08:00;25.1;0;SOLEIL;5;0;0
Grenoble;45.18;5.72;11/08/2026;09:00;26.5;0;SOLEIL;5;0;0
Grenoble;45.18;5.72;11/08/2026;10:00;27.8;0;SOLEIL;5;0;0
Grenoble;45.18;5.72;11/08/2026;11:00;33.4;0;SOLEIL;3;0;0
Grenoble;45.18;5.72;11/08/2026;12:00;33.4;0;SOLEIL;3;0;0
Grenoble;45.18;5.72;11/08/2026;13:00;33.4;0;SOLEIL;3;0;0
Grenoble;45.18;5.72;11/08/2026;14:00;33.2;0;SOLEIL;5;0;0
Grenoble;45.18;5.72;11/08/2026;15:00;34.6;0;SOLEIL;5;0;0
Grenoble;45.18;5.72;11/08/2026;16:00;33.2;0;SOLEIL;5;0;0
Grenoble;45.18;5.72;11/08/2026;17:00;31.9;0;SOLEIL;2;0;0
Grenoble;45.18;5.72;11/08/2026;18:00;31.9;0;SOLEIL;2;0;0
Grenoble;45.18;5.72;11/08/2026;19:00;31.9;0;SOLEIL;2;0;0
Grenoble;45.18;5.72;11/08/2026;20:00;27.8;0;SOLEIL;5;0;0
Grenoble;45.18;5.72;11/08/2026;21:00;26.5;0;SOLEIL;5;0;0
Grenoble;45.18;5.72;11/08/2026;22:00;25.1;0;SOLEIL;5;0;0
Grenoble;45.18;5.72;11/08/2026;23:00;24.9;0;SOLEIL;0;0;0
Grenoble;45.18;5.72;12/08/2026;00:00;24.9;0;SOLEIL;0;0;0
Grenoble;45.18;5.72;12/08/2026;01:00;24.9;0;SOLEIL;0;0;0
Grenoble;45.18;5.72;12/08/2026;02:00;21.2;0;SOLEIL;5;0;0
Grenoble;45.18;5.72;12/08/2026;03:00;21.2;0;SOLEIL;5;0;0
Grenoble;45.18;5.72;12/08/2026;04:00;21.2;0;SOLEIL;5;0;0
Grenoble;45.18;5.72;12/08/2026;05:00;23.2;0;SOLEIL;2;0;0
Grenoble;45.18;5.72;12/08/2026;06:00;23.2;0;SOLEIL;2;0;0
Grenoble;45.18;5.72;12/08/2026;07:00;23.2;0;SOLEIL;2;0;0
Grenoble;45.18;5.72;12/08/2026;08:00;24.4;0;SOLEIL;5;0;0
Grenoble;45.18;5.72;12/08/2026;09:00;26.0;0;SOLEIL;5;0;0
Grenoble;45.18;5.72;12/08/2026;10:00;27.6;0;SOLEIL;5;0;0
Grenoble;45.18;5.72;12/08/2026;11:00;34.1;0;SOLEIL;1;0;0
Grenoble;45.18;5.72;12/08/2026;12:00;34.1;0;SOLEIL;1;0;0
Grenoble;45.18;5.72;12/08/2026;13:00;34.1;0;SOLEIL;1;0;0
Grenoble;45.18;5.72;12/08/2026;14:00;34.0;0;SOLEIL;5;0;0
Grenoble;45.18;5.72;12/08/2026;15:00;35.6;0;SOLEIL;5;0;0
Grenoble;45.18;5.72;12/08/2026;16:00;34.0;0;SOLEIL;5;0;0
Grenoble;45.18;5.72;12/08/2026;17:00;31.9;0;SOLEIL;2;0;0
Grenoble;45.18;5.72;12/08/2026;18:00;31.9;0;SOLEIL;2;0;0
Grenoble;45.18;5.72;12/08/2026;19:00;31.9;0;SOLEIL;2;0;0
Grenoble;45.18;5.72;12/08/2026;20:00;27.6;0;SOLEIL;5;0;0
Grenoble;45.18;5.72;12/08/2026;21:00;26.0;0;SOLEIL;5;0;0
Grenoble;45.18;5.72;12/08/2026;22:00;24.4;0;SOLEIL;5;0;0
Grenoble;45.18;5.72;12/08/2026;23:00;26.6;0;SOLEIL;3;0;0
Lalley;44.76;5.67;08/08/2026;00:00;23.1;0;SOLEIL;2;0;0
Lalley;44.76;5.67;08/08/2026;01:00;23.1;0;SOLEIL;2;0;0
Lalley;44.76;5.67;08/08/2026;02:00;20.2;0;SOLEIL;2;0;0
Lalley;44.76;5.67;08/08/2026;03:00;20.2;0;SOLEIL;2;0;0
Lalley;44.76;5.67;08/08/2026;04:00;20.2;0;SOLEIL;2;0;0
Lalley;44.76;5.67;08/08/2026;05:00;21.6;0;SOLEIL;1;0;0
Lalley;44.76;5.67;08/08/2026;06:00;21.6;0;SOLEIL;1;0;0
Lalley;44.76;5.67;08/08/2026;07:00;21.6;0;SOLEIL;1;0;0
Lalley;44.76;5.67;08/08/2026;08:00;27.1;0;SOLEIL;2;0;0
Lalley;44.76;5.67;08/08/2026;09:00;27.1;0;SOLEIL;2;0;0
Lalley;44.76;5.67;08/08/2026;10:00;27.1;0;SOLEIL;2;0;0
Lalley;44.76;5.67;08/08/2026;11:00;31.6;0;SOLEIL;1;0;0
Lalley;44.76;5.67;08/08/2026;12:00;31.6;0;SOLEIL;1;0;0
Lalley;44.76;5.67;08/08/2026;13:00;31.6;0;SOLEIL;1;0;0
Lalley;44.76;5.67;08/08/2026;14:00;34.2;0;SOLEIL;2;0;0
Lalley;44.76;5.67;08/08/2026;15:00;34.2;0;SOLEIL;2;0;0
Lalley;44.76;5.67;08/08/2026;16:00;34.2;0;SOLEIL;2;0;0
Lalley;44.76;5.67;08/08/2026;17:00;32.6;0;SOLEIL;1;0;0
Lalley;44.76;5.67;08/08/2026;18:00;32.6;0;SOLEIL;1;0;0
Lalley;44.76;5.67;08/08/2026;19:00;32.6;0;SOLEIL;1;0;0
Lalley;44.76;5.67;08/08/2026;20:00;26;0;SOLEIL;2;0;0
Lalley;44.76;5.67;08/08/2026;21:00;26;0;SOLEIL;2;0;0
Lalley;44.76;5.67;08/08/2026;22:00;26;0;SOLEIL;2;0;0
Lalley;44.76;5.67;08/08/2026;23:00;23.6;0;SOLEIL;1;0;0
Lalley;44.76;5.67;09/08/2026;00:00;23.6;0;SOLEIL;1;0;0
Lalley;44.76;5.67;09/08/2026;01:00;23.6;0;SOLEIL;1;0;0
Lalley;44.76;5.67;09/08/2026;02:00;22.1;0;SOLEIL;0;0;0
Lalley;44.76;5.67;09/08/2026;03:00;22.1;0;SOLEIL;0;0;0
Lalley;44.76;5.67;09/08/2026;04:00;22.1;0;SOLEIL;0;0;0
Lalley;44.76;5.67;09/08/2026;05:00;21.7;0;SOLEIL;1;0;0
Lalley;44.76;5.67;09/08/2026;06:00;21.7;0;SOLEIL;1;0;0
Lalley;44.76;5.67;09/08/2026;07:00;21.7;0;SOLEIL;1;0;0
Lalley;44.76;5.67;09/08/2026;08:00;28.7;0;SOLEIL;1;0;0
Lalley;44.76;5.67;09/08/2026;09:00;28.7;0;SOLEIL;1;0;0
Lalley;44.76;5.67;09/08/2026;10:00;28.7;0;SOLEIL;1;0;0
Lalley;44.76;5.67;09/08/2026;11:00;33.6;10;ORAGEUX;2;0;0
Lalley;44.76;5.67;09/08/2026;12:00;33.6;10;ORAGEUX;2;0;0
Lalley;44.76;5.67;09/08/2026;13:00;33.6;10;ORAGEUX;2;0;0
Lalley;44.76;5.67;09/08/2026;14:00;34.4;10;ORAGEUX;1;0;0
Lalley;44.76;5.67;09/08/2026;15:00;34.4;10;ORAGEUX;1;0;0
Lalley;44.76;5.67;09/08/2026;16:00;34.4;10;ORAGEUX;1;0;0
Lalley;44.76;5.67;09/08/2026;17:00;30;10;ORAGEUX;2;0;0
Lalley;44.76;5.67;09/08/2026;18:00;30;10;ORAGEUX;2;0;0
Lalley;44.76;5.67;09/08/2026;19:00;30;10;ORAGEUX;2;0;0
Lalley;44.76;5.67;09/08/2026;20:00;26.7;0;SOLEIL;5;0;0
Lalley;44.76;5.67;09/08/2026;21:00;24.9;0;SOLEIL;5;0;0
Lalley;44.76;5.67;09/08/2026;22:00;23.1;0;SOLEIL;5;0;0
Lalley;44.76;5.67;09/08/2026;23:00;24.5;0;SOLEIL;1;0;0
Lalley;44.76;5.67;10/08/2026;00:00;24.5;0;SOLEIL;1;0;0
Lalley;44.76;5.67;10/08/2026;01:00;24.5;0;SOLEIL;1;0;0
Lalley;44.76;5.67;10/08/2026;02:00;20.5;10;ORAGEUX;5;0;0
Lalley;44.76;5.67;10/08/2026;03:00;20.5;10;ORAGEUX;5;0;0
Lalley;44.76;5.67;10/08/2026;04:00;20.5;10;ORAGEUX;5;0;0
Lalley;44.76;5.67;10/08/2026;05:00;22.6;0;SOLEIL;1;0;0
Lalley;44.76;5.67;10/08/2026;06:00;22.6;0;SOLEIL;1;0;0
Lalley;44.76;5.67;10/08/2026;07:00;22.6;0;SOLEIL;1;0;0
Lalley;44.76;5.67;10/08/2026;08:00;23.7;10;ORAGEUX;5;0;0
Lalley;44.76;5.67;10/08/2026;09:00;25.2;10;ORAGEUX;5;0;0
Lalley;44.76;5.67;10/08/2026;10:00;26.8;10;ORAGEUX;5;0;0
Lalley;44.76;5.67;10/08/2026;11:00;33.2;6;AVERSES;1;0;0
Lalley;44.76;5.67;10/08/2026;12:00;33.2;6;AVERSES;1;0;0
Lalley;44.76;5.67;10/08/2026;13:00;33.2;6;AVERSES;1;0;0
Lalley;44.76;5.67;10/08/2026;14:00;33.1;10;ORAGEUX;5;0;0
Lalley;44.76;5.67;10/08/2026;15:00;34.7;10;ORAGEUX;5;0;0
Lalley;44.76;5.67;10/08/2026;16:00;33.1;10;ORAGEUX;5;0;0
Lalley;44.76;5.67;10/08/2026;17:00;30;6;AVERSES;0;0;0
Lalley;44.76;5.67;10/08/2026;18:00;30;6;AVERSES;0;0;0
Lalley;44.76;5.67;10/08/2026;19:00;30;6;AVERSES;0;0;0
Lalley;44.76;5.67;10/08/2026;20:00;26.8;10;ORAGEUX;5;0;0
Lalley;44.76;5.67;10/08/2026;21:00;25.2;10;ORAGEUX;5;0;0
Lalley;44.76;5.67;10/08/2026;22:00;23.7;10;ORAGEUX;5;0;0
Lalley;44.76;5.67;10/08/2026;23:00;23.1;0;SOLEIL;0;0;0
Lalley;44.76;5.67;11/08/2026;00:00;23.1;0;SOLEIL;0;0;0
Lalley;44.76;5.67;11/08/2026;01:00;23.1;0;SOLEIL;0;0;0
Lalley;44.76;5.67;11/08/2026;02:00;21;0;SOLEIL;5;0;0
Lalley;44.76;5.67;11/08/2026;03:00;21;0;SOLEIL;5;0;0
Lalley;44.76;5.67;11/08/2026;04:00;21;0;SOLEIL;5;0;0
Lalley;44.76;5.67;11/08/2026;05:00;22.2;0;SOLEIL;0;0;0
Lalley;44.76;5.67;11/08/2026;06:00;22.2;0;SOLEIL;0;0;0
Lalley;44.76;5.67;11/08/2026;07:00;22.2;0;SOLEIL;0;0;0
Lalley;44.76;5.67;11/08/2026;08:00;24.1;0;SOLEIL;5;0;0
Lalley;44.76;5.67;11/08/2026;09:00;25.7;0;SOLEIL;5;0;0
Lalley;44.76;5.67;11/08/2026;10:00;27.2;0;SOLEIL;5;0;0
Lalley;44.76;5.67;11/08/2026;11:00;33.2;0;SOLEIL;1;0;0
Lalley;44.76;5.67;11/08/2026;12:00;33.2;0;SOLEIL;1;0;0
Lalley;44.76;5.67;11/08/2026;13:00;33.2;0;SOLEIL;1;0;0
Lalley;44.76;5.67;11/08/2026;14:00;33.4;0;SOLEIL;5;0;0
Lalley;44.76;5.67;11/08/2026;15:00;35.0;0;SOLEIL;5;0;0
Lalley;44.76;5.67;11/08/2026;16:00;33.4;0;SOLEIL;5;0;0
Lalley;44.76;5.67;11/08/2026;17:00;32;0;SOLEIL;1;0;0
Lalley;44.76;5.67;11/08/2026;18:00;32;0;SOLEIL;1;0;0
Lalley;44.76;5.67;11/08/2026;19:00;32;0;SOLEIL;1;0;0
Lalley;44.76;5.67;11/08/2026;20:00;27.2;0;SOLEIL;5;0;0
Lalley;44.76;5.67;11/08/2026;21:00;25.7;0;SOLEIL;5;0;0
Lalley;44.76;5.67;11/08/2026;22:00;24.1;0;SOLEIL;5;0;0
Lalley;44.76;5.67;11/08/2026;23:00;23.6;0;SOLEIL;0;0;0
Lalley;44.76;5.67;12/08/2026;00:00;23.6;0;SOLEIL;0;0;0
Lalley;44.76;5.67;12/08/2026;01:00;23.6;0;SOLEIL;0;0;0
Lalley;44.76;5.67;12/08/2026;02:00;20.6;0;SOLEIL;5;0;0
Lalley;44.76;5.67;12/08/2026;03:00;20.6;0;SOLEIL;5;0;0
Lalley;44.76;5.67;12/08/2026;04:00;20.6;0;SOLEIL;5;0;0
Lalley;44.76;5.67;12/08/2026;05:00;23.4;0;SOLEIL;1;0;0
Lalley;44.76;5.67;12/08/2026;06:00;23.4;0;SOLEIL;1;0;0
Lalley;44.76;5.67;12/08/2026;07:00;23.4;0;SOLEIL;1;0;0
Lalley;44.76;5.67;12/08/2026;08:00;24.1;0;SOLEIL;5;0;0
Lalley;44.76;5.67;12/08/2026;09:00;25.8;0;SOLEIL;5;0;0
Lalley;44.76;5.67;12/08/2026;10:00;27.5;0;SOLEIL;5;0;0
Lalley;44.76;5.67;12/08/2026;11:00;34;0;SOLEIL;0;0;0
Lalley;44.76;5.67;12/08/2026;12:00;34;0;SOLEIL;0;0;0
Lalley;44.76;5.67;12/08/2026;13:00;34;0;SOLEIL;0;0;0
Lalley;44.76;5.67;12/08/2026;14:00;34.5;0;SOLEIL;5;0;0
Lalley;44.76;5.67;12/08/2026;15:00;36.2;0;SOLEIL;5;0;0
Lalley;44.76;5.67;12/08/2026;16:00;34.5;0;SOLEIL;5;0;0
Lalley;44.76;5.67;12/08/2026;17:00;31.9;0;SOLEIL;0;0;0
Lalley;44.76;5.67;12/08/2026;18:00;31.9;0;SOLEIL;0;0;0
Lalley;44.76;5.67;12/08/2026;19:00;31.9;0;SOLEIL;0;0;0
Lalley;44.76;5.67;12/08/2026;20:00;27.5;0;SOLEIL;5;0;0
Lalley;44.76;5.67;12/08/2026;21:00;25.8;0;SOLEIL;5;0;0
Lalley;44.76;5.67;12/08/2026;22:00;24.1;0;SOLEIL;5;0;0
Lalley;44.76;5.67;12/08/2026;23:00;25.1;0;SOLEIL;0;0;0
Roanne;46.03;4.07;08/08/2026;00:00;16.4;0;SOLEIL;1;0;0
Roanne;46.03;4.07;08/08/2026;01:00;16.4;0;SOLEIL;1;0;0
Roanne;46.03;4.07;08/08/2026;02:00;12.9;0;SOLEIL;2;0;0
Roanne;46.03;4.07;08/08/2026;03:00;12.9;0;SOLEIL;2;0;0
Roanne;46.03;4.07;08/08/2026;04:00;12.9;0;SOLEIL;2;0;0
Roanne;46.03;4.07;08/08/2026;05:00;14;0;SOLEIL;1;0;0
Roanne;46.03;4.07;08/08/2026;06:00;14;0;SOLEIL;1;0;0
Roanne;46.03;4.07;08/08/2026;07:00;14;0;SOLEIL;1;0;0
Roanne;46.03;4.07;08/08/2026;08:00;26.6;0;SOLEIL;1;0;0
Roanne;46.03;4.07;08/08/2026;09:00;26.6;0;SOLEIL;1;0;0
Roanne;46.03;4.07;08/08/2026;10:00;26.6;0;SOLEIL;1;0;0
Roanne;46.03;4.07;08/08/2026;11:00;32.5;0;SOLEIL;3;0;0
Roanne;46.03;4.07;08/08/2026;12:00;32.5;0;SOLEIL;3;0;0
Roanne;46.03;4.07;08/08/2026;13:00;32.5;0;SOLEIL;3;0;0
Roanne;46.03;4.07;08/08/2026;14:00;33.1;0;SOLEIL;4;0;0
Roanne;46.03;4.07;08/08/2026;15:00;33.1;0;SOLEIL;4;0;0
Roanne;46.03;4.07;08/08/2026;16:00;33.1;0;SOLEIL;4;0;0
Roanne;46.03;4.07;08/08/2026;17:00;29.4;0;SOLEIL;2;0;0
Roanne;46.03;4.07;08/08/2026;18:00;29.4;0;SOLEIL;2;0;0
Roanne;46.03;4.07;08/08/2026;19:00;29.4;0;SOLEIL;2;0;0
Roanne;46.03;4.07;08/08/2026;20:00;20.7;0;SOLEIL;2;0;0
Roanne;46.03;4.07;08/08/2026;21:00;20.7;0;SOLEIL;2;0;0
Roanne;46.03;4.07;08/08/2026;22:00;20.7;0;SOLEIL;2;0;0
Roanne;46.03;4.07;08/08/2026;23:00;18.5;0;SOLEIL;1;0;0
Roanne;46.03;4.07;09/08/2026;00:00;18.5;0;SOLEIL;1;0;0
Roanne;46.03;4.07;09/08/2026;01:00;18.5;0;SOLEIL;1;0;0
Roanne;46.03;4.07;09/08/2026;02:00;16.9;0;SOLEIL;1;0;0
Roanne;46.03;4.07;09/08/2026;03:00;16.9;0;SOLEIL;1;0;0
Roanne;46.03;4.07;09/08/2026;04:00;16.9;0;SOLEIL;1;0;0
Roanne;46.03;4.07;09/08/2026;05:00;18.1;0;SOLEIL;2;0;0
Roanne;46.03;4.07;09/08/2026;06:00;18.1;0;SOLEIL;2;0;0
Roanne;46.03;4.07;09/08/2026;07:00;18.1;0;SOLEIL;2;0;0
Roanne;46.03;4.07;09/08/2026;08:00;29.1;0;SOLEIL;2;0;0
Roanne;46.03;4.07;09/08/2026;09:00;29.1;0;SOLEIL;2;0;0
Roanne;46.03;4.07;09/08/2026;10:00;29.1;0;SOLEIL;2;0;0
Roanne;46.03;4.07;09/08/2026;11:00;32.2;10;ORAGEUX;3;11;0
Roanne;46.03;4.07;09/08/2026;12:00;32.2;10;ORAGEUX;3;11;0
Roanne;46.03;4.07;09/08/2026;13:00;32.2;10;ORAGEUX;3;11;0
Roanne;46.03;4.07;09/08/2026;14:00;28.6;10;ORAGEUX;3;11;0
Roanne;46.03;4.07;09/08/2026;15:00;28.6;10;ORAGEUX;3;11;0
Roanne;46.03;4.07;09/08/2026;16:00;28.6;10;ORAGEUX;3;11;0
Roanne;46.03;4.07;09/08/2026;17:00;25.5;10;ORAGEUX;3;0;0
Roanne;46.03;4.07;09/08/2026;18:00;25.5;10;ORAGEUX;3;0;0
Roanne;46.03;4.07;09/08/2026;19:00;25.5;10;ORAGEUX;3;0;0
Roanne;46.03;4.07;09/08/2026;20:00;22.5;0;SOLEIL;5;0;0
Roanne;46.03;4.07;09/08/2026;21:00;20.0;0;SOLEIL;5;0;0
Roanne;46.03;4.07;09/08/2026;22:00;17.5;0;SOLEIL;5;0;0
Roanne;46.03;4.07;09/08/2026;23:00;18.2;0;SOLEIL;1;0;0
Roanne;46.03;4.07;10/08/2026;00:00;18.2;0;SOLEIL;1;0;0
Roanne;46.03;4.07;10/08/2026;01:00;18.2;0;SOLEIL;1;0;0
Roanne;46.03;4.07;10/08/2026;02:00;15.9;10;ORAGEUX;5;0;0
Roanne;46.03;4.07;10/08/2026;03:00;15.9;10;ORAGEUX;5;0;0
Roanne;46.03;4.07;10/08/2026;04:00;15.9;10;ORAGEUX;5;0;0
Roanne;46.03;4.07;10/08/2026;05:00;15.6;0;SOLEIL;1;0;0
Roanne;46.03;4.07;10/08/2026;06:00;15.6;0;SOLEIL;1;0;0
Roanne;46.03;4.07;10/08/2026;07:00;15.6;0;SOLEIL;1;0;0
Roanne;46.03;4.07;10/08/2026;08:00;19.6;10;ORAGEUX;5;0;0
Roanne;46.03;4.07;10/08/2026;09:00;21.5;10;ORAGEUX;5;0;0
Roanne;46.03;4.07;10/08/2026;10:00;23.3;10;ORAGEUX;5;0;0
Roanne;46.03;4.07;10/08/2026;11:00;30.5;6;AVERSES;2;0;0
Roanne;46.03;4.07;10/08/2026;12:00;30.5;6;AVERSES;2;0;0
Roanne;46.03;4.07;10/08/2026;13:00;30.5;6;AVERSES;2;0;0
Roanne;46.03;4.07;10/08/2026;14:00;30.7;10;ORAGEUX;5;0;0
Roanne;46.03;4.07;10/08/2026;15:00;32.6;10;ORAGEUX;5;0;0
Roanne;46.03;4.07;10/08/2026;16:00;30.7;10;ORAGEUX;5;0;0
Roanne;46.03;4.07;10/08/2026;17:00;24.2;6;AVERSES;2;0;0
Roanne;46.03;4.07;10/08/2026;18:00;24.2;6;AVERSES;2;0;0
Roanne;46.03;4.07;10/08/2026;19:00;24.2;6;AVERSES;2;0;0
Roanne;46.03;4.07;10/08/2026;20:00;23.3;10;ORAGEUX;5;0;0
Roanne;46.03;4.07;10/08/2026;21:00;21.5;10;ORAGEUX;5;0;0
Roanne;46.03;4.07;10/08/2026;22:00;19.6;10;ORAGEUX;5;0;0
Roanne;46.03;4.07;10/08/2026;23:00;16.1;0;SOLEIL;0;0;0
Roanne;46.03;4.07;11/08/2026;00:00;16.1;0;SOLEIL;0;0;0
Roanne;46.03;4.07;11/08/2026;01:00;16.1;0;SOLEIL;0;0;0
Roanne;46.03;4.07;11/08/2026;02:00;13.7;6;AVERSES;5;0;0
Roanne;46.03;4.07;11/08/2026;03:00;13.7;6;AVERSES;5;0;0
Roanne;46.03;4.07;11/08/2026;04:00;13.7;6;AVERSES;5;0;0
Roanne;46.03;4.07;11/08/2026;05:00;15.4;0;SOLEIL;1;0;0
Roanne;46.03;4.07;11/08/2026;06:00;15.4;0;SOLEIL;1;0;0
Roanne;46.03;4.07;11/08/2026;07:00;15.4;0;SOLEIL;1;0;0
Roanne;46.03;4.07;11/08/2026;08:00;17.7;6;AVERSES;5;0;0
Roanne;46.03;4.07;11/08/2026;09:00;19.7;6;AVERSES;5;0;0
Roanne;46.03;4.07;11/08/2026;10:00;21.7;6;AVERSES;5;0;0
Roanne;46.03;4.07;11/08/2026;11:00;31.6;0;SOLEIL;2;0;0
Roanne;46.03;4.07;11/08/2026;12:00;31.6;0;SOLEIL;2;0;0
Roanne;46.03;4.07;11/08/2026;13:00;31.6;0;SOLEIL;2;0;0
Roanne;46.03;4.07;11/08/2026;14:00;29.6;6;AVERSES;5;0;0
Roanne;46.03;4.07;11/08/2026;15:00;31.6;6;AVERSES;5;0;0
Roanne;46.03;4.07;11/08/2026;16:00;29.6;6;AVERSES;5;0;0
Roanne;46.03;4.07;11/08/2026;17:00;25.6;6;AVERSES;1;0;0
Roanne;46.03;4.07;11/08/2026;18:00;25.6;6;AVERSES;1;0;0
Roanne;46.03;4.07;11/08/2026;19:00;25.6;6;AVERSES;1;0;0
Roanne;46.03;4.07;11/08/2026;20:00;21.7;6;AVERSES;5;0;0
Roanne;46.03;4.07;11/08/2026;21:00;19.7;6;AVERSES;5;0;0
Roanne;46.03;4.07;11/08/2026;22:00;17.7;6;AVERSES;5;0;0
Roanne;46.03;4.07;11/08/2026;23:00;16.1;0;SOLEIL;1;0;0
Roanne;46.03;4.07;12/08/2026;00:00;16.1;0;SOLEIL;1;0;0
Roanne;46.03;4.07;12/08/2026;01:00;16.1;0;SOLEIL;1;0;0
Roanne;46.03;4.07;12/08/2026;02:00;13.4;0;SOLEIL;5;0;0
Roanne;46.03;4.07;12/08/2026;03:00;13.4;0;SOLEIL;5;0;0
Roanne;46.03;4.07;12/08/2026;04:00;13.4;0;SOLEIL;5;0;0
Roanne;46.03;4.07;12/08/2026;05:00;16.4;0;SOLEIL;1;0;0
Roanne;46.03;4.07;12/08/2026;06:00;16.4;0;SOLEIL;1;0;0
Roanne;46.03;4.07;12/08/2026;07:00;16.4;0;SOLEIL;1;0;0
Roanne;46.03;4.07;12/08/2026;08:00;17.9;0;SOLEIL;5;0;0
Roanne;46.03;4.07;12/08/2026;09:00;20.1;0;SOLEIL;5;0;0
Roanne;46.03;4.07;12/08/2026;10:00;22.4;0;SOLEIL;5;0;0
Roanne;46.03;4.07;12/08/2026;11:00;33;0;SOLEIL;2;0;0
Roanne;46.03;4.07;12/08/2026;12:00;33;0;SOLEIL;2;0;0
Roanne;46.03;4.07;12/08/2026;13:00;33;0;SOLEIL;2;0;0
Roanne;46.03;4.07;12/08/2026;14:00;31.4;0;SOLEIL;5;0;0
Roanne;46.03;4.07;12/08/2026;15:00;33.6;0;SOLEIL;5;0;0
Roanne;46.03;4.07;12/08/2026;16:00;31.4;0;SOLEIL;5;0;0
Roanne;46.03;4.07;12/08/2026;17:00;26.4;6;AVERSES;1;0;0
Roanne;46.03;4.07;12/08/2026;18:00;26.4;6;AVERSES;1;0;0
Roanne;46.03;4.07;12/08/2026;19:00;26.4;6;AVERSES;1;0;0
Roanne;46.03;4.07;12/08/2026;20:00;22.4;0;SOLEIL;5;0;0
Roanne;46.03;4.07;12/08/2026;21:00;20.1;0;SOLEIL;5;0;0
Roanne;46.03;4.07;12/08/2026;22:00;17.9;0;SOLEIL;5;0;0
Roanne;46.03;4.07;12/08/2026;23:00;17.1;0;SOLEIL;0;0;0
Saint-Étienne;45.43;4.39;08/08/2026;00:00;21.1;0;SOLEIL;2;0;0
Saint-Étienne;45.43;4.39;08/08/2026;01:00;21.1;0;SOLEIL;2;0;0
Saint-Étienne;45.43;4.39;08/08/2026;02:00;18.6;0;SOLEIL;1;0;0
Saint-Étienne;45.43;4.39;08/08/2026;03:00;18.6;0;SOLEIL;1;0;0
Saint-Étienne;45.43;4.39;08/08/2026;04:00;18.6;0;SOLEIL;1;0;0
Saint-Étienne;45.43;4.39;08/08/2026;05:00;19.7;0;SOLEIL;1;0;0
Saint-Étienne;45.43;4.39;08/08/2026;06:00;19.7;0;SOLEIL;1;0;0
Saint-Étienne;45.43;4.39;08/08/2026;07:00;19.7;0;SOLEIL;1;0;0
Saint-Étienne;45.43;4.39;08/08/2026;08:00;25.2;0;SOLEIL;1;0;0
Saint-Étienne;45.43;4.39;08/08/2026;09:00;25.2;0;SOLEIL;1;0;0
Saint-Étienne;45.43;4.39;08/08/2026;10:00;25.2;0;SOLEIL;1;0;0
Saint-Étienne;45.43;4.39;08/08/2026;11:00;31;0;SOLEIL;1;0;0
Saint-Étienne;45.43;4.39;08/08/2026;12:00;31;0;SOLEIL;1;0;0
Saint-Étienne;45.43;4.39;08/08/2026;13:00;31;0;SOLEIL;1;0;0
Saint-Étienne;45.43;4.39;08/08/2026;14:00;34.4;0;SOLEIL;3;0;0
Saint-Étienne;45.43;4.39;08/08/2026;15:00;34.4;0;SOLEIL;3;0;0
Saint-Étienne;45.43;4.39;08/08/2026;16:00;34.4;0;SOLEIL;3;0;0
Saint-Étienne;45.43;4.39;08/08/2026;17:00;32.4;5;SOLEIL VOILÉ;2;0;0
Saint-Étienne;45.43;4.39;08/08/2026;18:00;32.4;5;SOLEIL VOILÉ;2;0;0
Saint-Étienne;45.43;4.39;08/08/2026;19:00;32.4;5;SOLEIL VOILÉ;2;0;0
Saint-Étienne;45.43;4.39;08/08/2026;20:00;27.4;5;SOLEIL VOILÉ;1;0;0
Saint-Étienne;45.43;4.39;08/08/2026;21:00;27.4;5;SOLEIL VOILÉ;1;0;0
Saint-Étienne;45.43;4.39;08/08/2026;22:00;27.4;5;SOLEIL VOILÉ;1;0;0
Saint-Étienne;45.43;4.39;08/08/2026;23:00;25;0;SOLEIL;1;0;0
Saint-Étienne;45.43;4.39;09/08/2026;00:00;25;0;SOLEIL;1;0;0
Saint-Étienne;45.43;4.39;09/08/2026;01:00;25;0;SOLEIL;1;0;0
Saint-Étienne;45.43;4.39;09/08/2026;02:00;23;5;SOLEIL VOILÉ;2;0;0
Saint-Étienne;45.43;4.39;09/08/2026;03:00;23;5;SOLEIL VOILÉ;2;0;0
Saint-Étienne;45.43;4.39;09/08/2026;04:00;23;5;SOLEIL VOILÉ;2;0;0
Saint-Étienne;45.43;4.39;09/08/2026;05:00;21.9;10;ORAGEUX;2;0;0
Saint-Étienne;45.43;4.39;09/08/2026;06:00;21.9;10;ORAGEUX;2;0;0
Saint-Étienne;45.43;4.39;09/08/2026;07:00;21.9;10;ORAGEUX;2;0;0
Saint-Étienne;45.43;4.39;09/08/2026;08:00;26.6;10;ORAGEUX;3;0;0
Saint-Étienne;45.43;4.39;09/08/2026;09:00;26.6;10;ORAGEUX;3;0;0
Saint-Étienne;45.43;4.39;09/08/2026;10:00;26.6;10;ORAGEUX;3;0;0
Saint-Étienne;45.43;4.39;09/08/2026;11:00;31;0;SOLEIL;2;0;0
Saint-Étienne;45.43;4.39;09/08/2026;12:00;31;0;SOLEIL;2;0;0
Saint-Étienne;45.43;4.39;09/08/2026;13:00;31;0;SOLEIL;2;0;0
Saint-Étienne;45.43;4.39;09/08/2026;14:00;31.5;10;ORAGEUX;3;0;0
Saint-Étienne;45.43;4.39;09/08/2026;15:00;31.5;10;ORAGEUX;3;0;0
Saint-Étienne;45.43;4.39;09/08/2026;16:00;31.5;10;ORAGEUX;3;0;0
Saint-Étienne;45.43;4.39;09/08/2026;17:00;31.2;5;SOLEIL VOILÉ;3;0;0
Saint-Étienne;45.43;4.39;09/08/2026;18:00;31.2;5;SOLEIL VOILÉ;3;0;0
Saint-Étienne;45.43;4.39;09/08/2026;19:00;31.2;5;SOLEIL VOILÉ;3;0;0
Saint-Étienne;45.43;4.39;09/08/2026;20:00;25.7;0;SOLEIL;5;0;0
Saint-Étienne;45.43;4.39;09/08/2026;21:00;23.8;0;SOLEIL;5;0;0
Saint-Étienne;45.43;4.39;09/08/2026;22:00;21.9;0;SOLEIL;5;0;0
Saint-Étienne;45.43;4.39;09/08/2026;23:00;22.9;0;SOLEIL;2;0;0
Saint-Étienne;45.43;4.39;10/08/2026;00:00;22.9;0;SOLEIL;2;0;0
Saint-Étienne;45.43;4.39;10/08/2026;01:00;22.9;0;SOLEIL;2;0;0
Saint-Étienne;45.43;4.39;10/08/2026;02:00;21;10;ORAGEUX;5;0;0
Saint-Étienne;45.43;4.39;10/08/2026;03:00;21;10;ORAGEUX;5;0;0
Saint-Étienne;45.43;4.39;10/08/2026;04:00;21;10;ORAGEUX;5;0;0
Saint-Étienne;45.43;4.39;10/08/2026;05:00;23.1;0;SOLEIL;1;0;0
Saint-Étienne;45.43;4.39;10/08/2026;06:00;23.1;0;SOLEIL;1;0;0
Saint-Étienne;45.43;4.39;10/08/2026;07:00;23.1;0;SOLEIL;1;0;0
Saint-Étienne;45.43;4.39;10/08/2026;08:00;23.6;10;ORAGEUX;5;0;0
Saint-Étienne;45.43;4.39;10/08/2026;09:00;25.0;10;ORAGEUX;5;0;0
Saint-Étienne;45.43;4.39;10/08/2026;10:00;26.3;10;ORAGEUX;5;0;0
Saint-Étienne;45.43;4.39;10/08/2026;11:00;31.7;6;AVERSES;2;0;0
Saint-Étienne;45.43;4.39;10/08/2026;12:00;31.7;6;AVERSES;2;0;0
Saint-Étienne;45.43;4.39;10/08/2026;13:00;31.7;6;AVERSES;2;0;0
Saint-Étienne;45.43;4.39;10/08/2026;14:00;31.6;10;ORAGEUX;5;0;0
Saint-Étienne;45.43;4.39;10/08/2026;15:00;32.9;10;ORAGEUX;5;0;0
Saint-Étienne;45.43;4.39;10/08/2026;16:00;31.6;10;ORAGEUX;5;0;0
Saint-Étienne;45.43;4.39;10/08/2026;17:00;28.9;6;AVERSES;2;0;0
Saint-Étienne;45.43;4.39;10/08/2026;18:00;28.9;6;AVERSES;2;0;0
Saint-Étienne;45.43;4.39;10/08/2026;19:00;28.9;6;AVERSES;2;0;0
Saint-Étienne;45.43;4.39;10/08/2026;20:00;26.3;10;ORAGEUX;5;0;0
Saint-Étienne;45.43;4.39;10/08/2026;21:00;25.0;10;ORAGEUX;5;0;0
Saint-Étienne;45.43;4.39;10/08/2026;22:00;23.6;10;ORAGEUX;5;0;0
Saint-Étienne;45.43;4.39;10/08/2026;23:00;25;0;SOLEIL;1;0;0
Saint-Étienne;45.43;4.39;11/08/2026;00:00;25;0;SOLEIL;1;0;0
Saint-Étienne;45.43;4.39;11/08/2026;01:00;25;0;SOLEIL;1;0;0
Saint-Étienne;45.43;4.39;11/08/2026;02:00;21.5;6;AVERSES;5;0;0
Saint-Étienne;45.43;4.39;11/08/2026;03:00;21.5;6;AVERSES;5;0;0
Saint-Étienne;45.43;4.39;11/08/2026;04:00;21.5;6;AVERSES;5;0;0
Saint-Étienne;45.43;4.39;11/08/2026;05:00;23.2;0;SOLEIL;1;0;0
Saint-Étienne;45.43;4.39;11/08/2026;06:00;23.2;0;SOLEIL;1;0;0
Saint-Étienne;45.43;4.39;11/08/2026;07:00;23.2;0;SOLEIL;1;0;0
Saint-Étienne;45.43;4.39;11/08/2026;08:00;24.1;6;AVERSES;5;0;0
Saint-Étienne;45.43;4.39;11/08/2026;09:00;25.4;6;AVERSES;5;0;0
Saint-Étienne;45.43;4.39;11/08/2026;10:00;26.7;6;AVERSES;5;0;0
Saint-Étienne;45.43;4.39;11/08/2026;11:00;32.9;0;SOLEIL;2;0;0
Saint-Étienne;45.43;4.39;11/08/2026;12:00;32.9;0;SOLEIL;2;0;0
Saint-Étienne;45.43;4.39;11/08/2026;13:00;32.9;0;SOLEIL;2;0;0
Saint-Étienne;45.43;4.39;11/08/2026;14:00;31.8;6;AVERSES;5;0;0
Saint-Étienne;45.43;4.39;11/08/2026;15:00;33.1;6;AVERSES;5;0;0
Saint-Étienne;45.43;4.39;11/08/2026;16:00;31.8;6;AVERSES;5;0;0
Saint-Étienne;45.43;4.39;11/08/2026;17:00;31.5;0;SOLEIL;2;0;0
Saint-Étienne;45.43;4.39;11/08/2026;18:00;31.5;0;SOLEIL;2;0;0
Saint-Étienne;45.43;4.39;11/08/2026;19:00;31.5;0;SOLEIL;2;0;0
Saint-Étienne;45.43;4.39;11/08/2026;20:00;26.7;6;AVERSES;5;0;0
Saint-Étienne;45.43;4.39;11/08/2026;21:00;25.4;6;AVERSES;5;0;0
Saint-Étienne;45.43;4.39;11/08/2026;22:00;24.1;6;AVERSES;5;0;0
Saint-Étienne;45.43;4.39;11/08/2026;23:00;26.1;0;SOLEIL;1;0;0
Saint-Étienne;45.43;4.39;12/08/2026;00:00;26.1;0;SOLEIL;1;0;0
Saint-Étienne;45.43;4.39;12/08/2026;01:00;26.1;0;SOLEIL;1;0;0
Saint-Étienne;45.43;4.39;12/08/2026;02:00;22;0;SOLEIL;5;0;0
Saint-Étienne;45.43;4.39;12/08/2026;03:00;22;0;SOLEIL;5;0;0
Saint-Étienne;45.43;4.39;12/08/2026;04:00;22;0;SOLEIL;5;0;0
Saint-Étienne;45.43;4.39;12/08/2026;05:00;23.6;0;SOLEIL;1;0;0
Saint-Étienne;45.43;4.39;12/08/2026;06:00;23.6;0;SOLEIL;1;0;0
Saint-Étienne;45.43;4.39;12/08/2026;07:00;23.6;0;SOLEIL;1;0;0
Saint-Étienne;45.43;4.39;12/08/2026;08:00;24.8;0;SOLEIL;5;0;0
Saint-Étienne;45.43;4.39;12/08/2026;09:00;26.2;0;SOLEIL;5;0;0
Saint-Étienne;45.43;4.39;12/08/2026;10:00;27.6;0;SOLEIL;5;0;0
Saint-Étienne;45.43;4.39;12/08/2026;11:00;35;0;SOLEIL;2;0;0
Saint-Étienne;45.43;4.39;12/08/2026;12:00;35;0;SOLEIL;2;0;0
Saint-Étienne;45.43;4.39;12/08/2026;13:00;35;0;SOLEIL;2;0;0
Saint-Étienne;45.43;4.39;12/08/2026;14:00;33.3;0;SOLEIL;5;0;0
Saint-Étienne;45.43;4.39;12/08/2026;15:00;34.7;0;SOLEIL;5;0;0
Saint-Étienne;45.43;4.39;12/08/2026;16:00;33.3;0;SOLEIL;5;0;0
Saint-Étienne;45.43;4.39;12/08/2026;17:00;33.1;0;SOLEIL;0;0;0
Saint-Étienne;45.43;4.39;12/08/2026;18:00;33.1;0;SOLEIL;0;0;0
Saint-Étienne;45.43;4.39;12/08/2026;19:00;33.1;0;SOLEIL;0;0;0
Saint-Étienne;45.43;4.39;12/08/2026;20:00;27.6;0;SOLEIL;5;0;0
Saint-Étienne;45.43;4.39;12/08/2026;21:00;26.2;0;SOLEIL;5;0;0
Saint-Étienne;45.43;4.39;12/08/2026;22:00;24.8;0;SOLEIL;5;0;0
Saint-Étienne;45.43;4.39;12/08/2026;23:00;28.1;0;SOLEIL;1;0;0
Le Puy-en-Velay;45.04;3.88;08/08/2026;00:00;20.6;0;SOLEIL;2;0;0
Le Puy-en-Velay;45.04;3.88;08/08/2026;01:00;20.6;0;SOLEIL;2;0;0
Le Puy-en-Velay;45.04;3.88;08/08/2026;02:00;18.2;0;SOLEIL;1;0;0
Le Puy-en-Velay;45.04;3.88;08/08/2026;03:00;18.2;0;SOLEIL;1;0;0
Le Puy-en-Velay;45.04;3.88;08/08/2026;04:00;18.2;0;SOLEIL;1;0;0
Le Puy-en-Velay;45.04;3.88;08/08/2026;05:00;17.9;0;SOLEIL;2;0;0
Le Puy-en-Velay;45.04;3.88;08/08/2026;06:00;17.9;0;SOLEIL;2;0;0
Le Puy-en-Velay;45.04;3.88;08/08/2026;07:00;17.9;0;SOLEIL;2;0;0
Le Puy-en-Velay;45.04;3.88;08/08/2026;08:00;25.1;0;SOLEIL;2;0;0
Le Puy-en-Velay;45.04;3.88;08/08/2026;09:00;25.1;0;SOLEIL;2;0;0
Le Puy-en-Velay;45.04;3.88;08/08/2026;10:00;25.1;0;SOLEIL;2;0;0
Le Puy-en-Velay;45.04;3.88;08/08/2026;11:00;31.5;0;SOLEIL;3;0;0
Le Puy-en-Velay;45.04;3.88;08/08/2026;12:00;31.5;0;SOLEIL;3;0;0
Le Puy-en-Velay;45.04;3.88;08/08/2026;13:00;31.5;0;SOLEIL;3;0;0
Le Puy-en-Velay;45.04;3.88;08/08/2026;14:00;33.2;0;SOLEIL;3;0;0
Le Puy-en-Velay;45.04;3.88;08/08/2026;15:00;33.2;0;SOLEIL;3;0;0
Le Puy-en-Velay;45.04;3.88;08/08/2026;16:00;33.2;0;SOLEIL;3;0;0
Le Puy-en-Velay;45.04;3.88;08/08/2026;17:00;30.7;5;SOLEIL VOILÉ;3;0;0
Le Puy-en-Velay;45.04;3.88;08/08/2026;18:00;30.7;5;SOLEIL VOILÉ;3;0;0
Le Puy-en-Velay;45.04;3.88;08/08/2026;19:00;30.7;5;SOLEIL VOILÉ;3;0;0
Le Puy-en-Velay;45.04;3.88;08/08/2026;20:00;26.4;0;SOLEIL;2;0;0
Le Puy-en-Velay;45.04;3.88;08/08/2026;21:00;26.4;0;SOLEIL;2;0;0
Le Puy-en-Velay;45.04;3.88;08/08/2026;22:00;26.4;0;SOLEIL;2;0;0
Le Puy-en-Velay;45.04;3.88;08/08/2026;23:00;25.1;0;SOLEIL;1;0;0
Le Puy-en-Velay;45.04;3.88;09/08/2026;00:00;25.1;0;SOLEIL;1;0;0
Le Puy-en-Velay;45.04;3.88;09/08/2026;01:00;25.1;0;SOLEIL;1;0;0
Le Puy-en-Velay;45.04;3.88;09/08/2026;02:00;21.9;0;SOLEIL;2;0;0
Le Puy-en-Velay;45.04;3.88;09/08/2026;03:00;21.9;0;SOLEIL;2;0;0
Le Puy-en-Velay;45.04;3.88;09/08/2026;04:00;21.9;0;SOLEIL;2;0;0
Le Puy-en-Velay;45.04;3.88;09/08/2026;05:00;22.1;10;ORAGEUX;3;0;0
Le Puy-en-Velay;45.04;3.88;09/08/2026;06:00;22.1;10;ORAGEUX;3;0;0
Le Puy-en-Velay;45.04;3.88;09/08/2026;07:00;22.1;10;ORAGEUX;3;0;0
Le Puy-en-Velay;45.04;3.88;09/08/2026;08:00;26.4;0;SOLEIL;3;0;0
Le Puy-en-Velay;45.04;3.88;09/08/2026;09:00;26.4;0;SOLEIL;3;0;0
Le Puy-en-Velay;45.04;3.88;09/08/2026;10:00;26.4;0;SOLEIL;3;0;0
Le Puy-en-Velay;45.04;3.88;09/08/2026;11:00;31.1;10;ORAGEUX;3;0;0
Le Puy-en-Velay;45.04;3.88;09/08/2026;12:00;31.1;10;ORAGEUX;3;0;0
Le Puy-en-Velay;45.04;3.88;09/08/2026;13:00;31.1;10;ORAGEUX;3;0;0
Le Puy-en-Velay;45.04;3.88;09/08/2026;14:00;30.1;10;ORAGEUX;3;0;0
Le Puy-en-Velay;45.04;3.88;09/08/2026;15:00;30.1;10;ORAGEUX;3;0;0
Le Puy-en-Velay;45.04;3.88;09/08/2026;16:00;30.1;10;ORAGEUX;3;0;0
Le Puy-en-Velay;45.04;3.88;09/08/2026;17:00;26.1;10;ORAGEUX;2;0;0
Le Puy-en-Velay;45.04;3.88;09/08/2026;18:00;26.1;10;ORAGEUX;2;0;0
Le Puy-en-Velay;45.04;3.88;09/08/2026;19:00;26.1;10;ORAGEUX;2;0;0
Le Puy-en-Velay;45.04;3.88;09/08/2026;20:00;24.4;0;SOLEIL;5;0;0
Le Puy-en-Velay;45.04;3.88;09/08/2026;21:00;22.5;0;SOLEIL;5;0;0
Le Puy-en-Velay;45.04;3.88;09/08/2026;22:00;20.6;0;SOLEIL;5;0;0
Le Puy-en-Velay;45.04;3.88;09/08/2026;23:00;24.1;0;SOLEIL;2;0;0
Le Puy-en-Velay;45.04;3.88;10/08/2026;00:00;24.1;0;SOLEIL;2;0;0
Le Puy-en-Velay;45.04;3.88;10/08/2026;01:00;24.1;0;SOLEIL;2;0;0
Le Puy-en-Velay;45.04;3.88;10/08/2026;02:00;20.6;10;ORAGEUX;5;0;0
Le Puy-en-Velay;45.04;3.88;10/08/2026;03:00;20.6;10;ORAGEUX;5;0;0
Le Puy-en-Velay;45.04;3.88;10/08/2026;04:00;20.6;10;ORAGEUX;5;0;0
Le Puy-en-Velay;45.04;3.88;10/08/2026;05:00;21.4;0;SOLEIL;2;0;0
Le Puy-en-Velay;45.04;3.88;10/08/2026;06:00;21.4;0;SOLEIL;2;0;0
Le Puy-en-Velay;45.04;3.88;10/08/2026;07:00;21.4;0;SOLEIL;2;0;0
Le Puy-en-Velay;45.04;3.88;10/08/2026;08:00;23.1;10;ORAGEUX;5;0;0
Le Puy-en-Velay;45.04;3.88;10/08/2026;09:00;24.4;10;ORAGEUX;5;0;0
Le Puy-en-Velay;45.04;3.88;10/08/2026;10:00;25.7;10;ORAGEUX;5;0;0
Le Puy-en-Velay;45.04;3.88;10/08/2026;11:00;31.1;6;AVERSES;2;0;0
Le Puy-en-Velay;45.04;3.88;10/08/2026;12:00;31.1;6;AVERSES;2;0;0
Le Puy-en-Velay;45.04;3.88;10/08/2026;13:00;31.1;6;AVERSES;2;0;0
Le Puy-en-Velay;45.04;3.88;10/08/2026;14:00;30.7;10;ORAGEUX;5;0;0
Le Puy-en-Velay;45.04;3.88;10/08/2026;15:00;32.0;10;ORAGEUX;5;0;0
Le Puy-en-Velay;45.04;3.88;10/08/2026;16:00;30.7;10;ORAGEUX;5;0;0
Le Puy-en-Velay;45.04;3.88;10/08/2026;17:00;27.7;6;AVERSES;2;0;0
Le Puy-en-Velay;45.04;3.88;10/08/2026;18:00;27.7;6;AVERSES;2;0;0
Le Puy-en-Velay;45.04;3.88;10/08/2026;19:00;27.7;6;AVERSES;2;0;0
Le Puy-en-Velay;45.04;3.88;10/08/2026;20:00;25.7;10;ORAGEUX;5;0;0
Le Puy-en-Velay;45.04;3.88;10/08/2026;21:00;24.4;10;ORAGEUX;5;0;0
Le Puy-en-Velay;45.04;3.88;10/08/2026;22:00;23.1;10;ORAGEUX;5;0;0
Le Puy-en-Velay;45.04;3.88;10/08/2026;23:00;23;0;SOLEIL;1;0;0
Le Puy-en-Velay;45.04;3.88;11/08/2026;00:00;23;0;SOLEIL;1;0;0
Le Puy-en-Velay;45.04;3.88;11/08/2026;01:00;23;0;SOLEIL;1;0;0
Le Puy-en-Velay;45.04;3.88;11/08/2026;02:00;20.2;6;AVERSES;5;0;0
Le Puy-en-Velay;45.04;3.88;11/08/2026;03:00;20.2;6;AVERSES;5;0;0
Le Puy-en-Velay;45.04;3.88;11/08/2026;04:00;20.2;6;AVERSES;5;0;0
Le Puy-en-Velay;45.04;3.88;11/08/2026;05:00;21;0;SOLEIL;1;0;0
Le Puy-en-Velay;45.04;3.88;11/08/2026;06:00;21;0;SOLEIL;1;0;0
Le Puy-en-Velay;45.04;3.88;11/08/2026;07:00;21;0;SOLEIL;1;0;0
Le Puy-en-Velay;45.04;3.88;11/08/2026;08:00;22.8;6;AVERSES;5;0;0
Le Puy-en-Velay;45.04;3.88;11/08/2026;09:00;24.2;6;AVERSES;5;0;0
Le Puy-en-Velay;45.04;3.88;11/08/2026;10:00;25.5;6;AVERSES;5;0;0
Le Puy-en-Velay;45.04;3.88;11/08/2026;11:00;31.6;0;SOLEIL;2;0;0
Le Puy-en-Velay;45.04;3.88;11/08/2026;12:00;31.6;0;SOLEIL;2;0;0
Le Puy-en-Velay;45.04;3.88;11/08/2026;13:00;31.6;0;SOLEIL;2;0;0
Le Puy-en-Velay;45.04;3.88;11/08/2026;14:00;30.8;6;AVERSES;5;0;0
Le Puy-en-Velay;45.04;3.88;11/08/2026;15:00;32.1;6;AVERSES;5;0;0
Le Puy-en-Velay;45.04;3.88;11/08/2026;16:00;30.8;6;AVERSES;5;0;0
Le Puy-en-Velay;45.04;3.88;11/08/2026;17:00;29.4;0;SOLEIL;2;0;0
Le Puy-en-Velay;45.04;3.88;11/08/2026;18:00;29.4;0;SOLEIL;2;0;0
Le Puy-en-Velay;45.04;3.88;11/08/2026;19:00;29.4;0;SOLEIL;2;0;0
Le Puy-en-Velay;45.04;3.88;11/08/2026;20:00;25.5;6;AVERSES;5;0;0
Le Puy-en-Velay;45.04;3.88;11/08/2026;21:00;24.2;6;AVERSES;5;0;0
Le Puy-en-Velay;45.04;3.88;11/08/2026;22:00;22.8;6;AVERSES;5;0;0
Le Puy-en-Velay;45.04;3.88;11/08/2026;23:00;25.2;0;SOLEIL;0;0;0
Le Puy-en-Velay;45.04;3.88;12/08/2026;00:00;25.2;0;SOLEIL;0;0;0
Le Puy-en-Velay;45.04;3.88;12/08/2026;01:00;25.2;0;SOLEIL;0;0;0
Le Puy-en-Velay;45.04;3.88;12/08/2026;02:00;19.9;0;SOLEIL;5;0;0
Le Puy-en-Velay;45.04;3.88;12/08/2026;03:00;19.9;0;SOLEIL;5;0;0
Le Puy-en-Velay;45.04;3.88;12/08/2026;04:00;19.9;0;SOLEIL;5;0;0
Le Puy-en-Velay;45.04;3.88;12/08/2026;05:00;24.4;0;SOLEIL;1;0;0
Le Puy-en-Velay;45.04;3.88;12/08/2026;06:00;24.4;0;SOLEIL;1;0;0
Le Puy-en-Velay;45.04;3.88;12/08/2026;07:00;24.4;0;SOLEIL;1;0;0
Le Puy-en-Velay;45.04;3.88;12/08/2026;08:00;22.8;0;SOLEIL;5;0;0
Le Puy-en-Velay;45.04;3.88;12/08/2026;09:00;24.3;0;SOLEIL;5;0;0
Le Puy-en-Velay;45.04;3.88;12/08/2026;10:00;25.8;0;SOLEIL;5;0;0
Le Puy-en-Velay;45.04;3.88;12/08/2026;11:00;32.5;0;SOLEIL;2;0;0
Le Puy-en-Velay;45.04;3.88;12/08/2026;12:00;32.5;0;SOLEIL;2;0;0
Le Puy-en-Velay;45.04;3.88;12/08/2026;13:00;32.5;0;SOLEIL;2;0;0
Le Puy-en-Velay;45.04;3.88;12/08/2026;14:00;31.6;0;SOLEIL;5;0;0
Le Puy-en-Velay;45.04;3.88;12/08/2026;15:00;33.1;0;SOLEIL;5;0;0
Le Puy-en-Velay;45.04;3.88;12/08/2026;16:00;31.6;0;SOLEIL;5;0;0
Le Puy-en-Velay;45.04;3.88;12/08/2026;17:00;31;0;SOLEIL;2;0;0
Le Puy-en-Velay;45.04;3.88;12/08/2026;18:00;31;0;SOLEIL;2;0;0
Le Puy-en-Velay;45.04;3.88;12/08/2026;19:00;31;0;SOLEIL;2;0;0
Le Puy-en-Velay;45.04;3.88;12/08/2026;20:00;25.8;0;SOLEIL;5;0;0
Le Puy-en-Velay;45.04;3.88;12/08/2026;21:00;24.3;0;SOLEIL;5;0;0
Le Puy-en-Velay;45.04;3.88;12/08/2026;22:00;22.8;0;SOLEIL;5;0;0
Le Puy-en-Velay;45.04;3.88;12/08/2026;23:00;27.6;0;SOLEIL;0;0;0
Ambert;45.55;3.74;08/08/2026;00:00;17.4;0;SOLEIL;1;0;0
Ambert;45.55;3.74;08/08/2026;01:00;17.4;0;SOLEIL;1;0;0
Ambert;45.55;3.74;08/08/2026;02:00;13.7;0;SOLEIL;0;0;0
Ambert;45.55;3.74;08/08/2026;03:00;13.7;0;SOLEIL;0;0;0
Ambert;45.55;3.74;08/08/2026;04:00;13.7;0;SOLEIL;0;0;0
Ambert;45.55;3.74;08/08/2026;05:00;13.7;0;SOLEIL;1;0;0
Ambert;45.55;3.74;08/08/2026;06:00;13.7;0;SOLEIL;1;0;0
Ambert;45.55;3.74;08/08/2026;07:00;13.7;0;SOLEIL;1;0;0
Ambert;45.55;3.74;08/08/2026;08:00;23.4;0;SOLEIL;1;0;0
Ambert;45.55;3.74;08/08/2026;09:00;23.4;0;SOLEIL;1;0;0
Ambert;45.55;3.74;08/08/2026;10:00;23.4;0;SOLEIL;1;0;0
Ambert;45.55;3.74;08/08/2026;11:00;31.4;0;SOLEIL;2;0;0
Ambert;45.55;3.74;08/08/2026;12:00;31.4;0;SOLEIL;2;0;0
Ambert;45.55;3.74;08/08/2026;13:00;31.4;0;SOLEIL;2;0;0
Ambert;45.55;3.74;08/08/2026;14:00;32.2;0;SOLEIL;3;0;0
Ambert;45.55;3.74;08/08/2026;15:00;32.2;0;SOLEIL;3;0;0
Ambert;45.55;3.74;08/08/2026;16:00;32.2;0;SOLEIL;3;0;0
Ambert;45.55;3.74;08/08/2026;17:00;29.9;5;SOLEIL VOILÉ;1;0;0
Ambert;45.55;3.74;08/08/2026;18:00;29.9;5;SOLEIL VOILÉ;1;0;0
Ambert;45.55;3.74;08/08/2026;19:00;29.9;5;SOLEIL VOILÉ;1;0;0
Ambert;45.55;3.74;08/08/2026;20:00;24.2;5;SOLEIL VOILÉ;2;0;0
Ambert;45.55;3.74;08/08/2026;21:00;24.2;5;SOLEIL VOILÉ;2;0;0
Ambert;45.55;3.74;08/08/2026;22:00;24.2;5;SOLEIL VOILÉ;2;0;0
Ambert;45.55;3.74;08/08/2026;23:00;21.6;0;SOLEIL;2;0;0
Ambert;45.55;3.74;09/08/2026;00:00;21.6;0;SOLEIL;2;0;0
Ambert;45.55;3.74;09/08/2026;01:00;21.6;0;SOLEIL;2;0;0
Ambert;45.55;3.74;09/08/2026;02:00;19.4;0;SOLEIL;3;0;0
Ambert;45.55;3.74;09/08/2026;03:00;19.4;0;SOLEIL;3;0;0
Ambert;45.55;3.74;09/08/2026;04:00;19.4;0;SOLEIL;3;0;0
Ambert;45.55;3.74;09/08/2026;05:00;18.1;0;SOLEIL;3;0;0
Ambert;45.55;3.74;09/08/2026;06:00;18.1;0;SOLEIL;3;0;0
Ambert;45.55;3.74;09/08/2026;07:00;18.1;0;SOLEIL;3;0;0
Ambert;45.55;3.74;09/08/2026;08:00;25.5;10;ORAGEUX;4;0;0
Ambert;45.55;3.74;09/08/2026;09:00;25.5;10;ORAGEUX;4;0;0
Ambert;45.55;3.74;09/08/2026;10:00;25.5;10;ORAGEUX;4;0;0
Ambert;45.55;3.74;09/08/2026;11:00;27.1;10;ORAGEUX;2;0;0
Ambert;45.55;3.74;09/08/2026;12:00;27.1;10;ORAGEUX;2;0;0
Ambert;45.55;3.74;09/08/2026;13:00;27.1;10;ORAGEUX;2;0;0
Ambert;45.55;3.74;09/08/2026;14:00;29.6;10;ORAGEUX;3;11;0
Ambert;45.55;3.74;09/08/2026;15:00;29.6;10;ORAGEUX;3;11;0
Ambert;45.55;3.74;09/08/2026;16:00;29.6;10;ORAGEUX;3;11;0
Ambert;45.55;3.74;09/08/2026;17:00;25.1;10;ORAGEUX;3;0;0
Ambert;45.55;3.74;09/08/2026;18:00;25.1;10;ORAGEUX;3;0;0
Ambert;45.55;3.74;09/08/2026;19:00;25.1;10;ORAGEUX;3;0;0
Ambert;45.55;3.74;09/08/2026;20:00;21.5;0;SOLEIL;5;0;0
Ambert;45.55;3.74;09/08/2026;21:00;19.2;0;SOLEIL;5;0;0
Ambert;45.55;3.74;09/08/2026;22:00;16.8;0;SOLEIL;5;0;0
Ambert;45.55;3.74;09/08/2026;23:00;18.9;0;SOLEIL;2;0;0
Ambert;45.55;3.74;10/08/2026;00:00;18.9;0;SOLEIL;2;0;0
Ambert;45.55;3.74;10/08/2026;01:00;18.9;0;SOLEIL;2;0;0
Ambert;45.55;3.74;10/08/2026;02:00;16.5;10;ORAGEUX;5;0;0
Ambert;45.55;3.74;10/08/2026;03:00;16.5;10;ORAGEUX;5;0;0
Ambert;45.55;3.74;10/08/2026;04:00;16.5;10;ORAGEUX;5;0;0
Ambert;45.55;3.74;10/08/2026;05:00;17.6;0;SOLEIL;1;0;0
Ambert;45.55;3.74;10/08/2026;06:00;17.6;0;SOLEIL;1;0;0
Ambert;45.55;3.74;10/08/2026;07:00;17.6;0;SOLEIL;1;0;0
Ambert;45.55;3.74;10/08/2026;08:00;19.5;10;ORAGEUX;5;0;0
Ambert;45.55;3.74;10/08/2026;09:00;21.0;10;ORAGEUX;5;0;0
Ambert;45.55;3.74;10/08/2026;10:00;22.5;10;ORAGEUX;5;0;0
Ambert;45.55;3.74;10/08/2026;11:00;30.5;6;AVERSES;2;0;0
Ambert;45.55;3.74;10/08/2026;12:00;30.5;6;AVERSES;2;0;0
Ambert;45.55;3.74;10/08/2026;13:00;30.5;6;AVERSES;2;0;0
Ambert;45.55;3.74;10/08/2026;14:00;28.6;10;ORAGEUX;5;0;0
Ambert;45.55;3.74;10/08/2026;15:00;30.1;10;ORAGEUX;5;0;0
Ambert;45.55;3.74;10/08/2026;16:00;28.6;10;ORAGEUX;5;0;0
Ambert;45.55;3.74;10/08/2026;17:00;28.4;6;AVERSES;3;0;0
Ambert;45.55;3.74;10/08/2026;18:00;28.4;6;AVERSES;3;0;0
Ambert;45.55;3.74;10/08/2026;19:00;28.4;6;AVERSES;3;0;0
Ambert;45.55;3.74;10/08/2026;20:00;22.5;10;ORAGEUX;5;0;0
Ambert;45.55;3.74;10/08/2026;21:00;21.0;10;ORAGEUX;5;0;0
Ambert;45.55;3.74;10/08/2026;22:00;19.5;10;ORAGEUX;5;0;0
Ambert;45.55;3.74;10/08/2026;23:00;19.6;0;SOLEIL;1;0;0
Ambert;45.55;3.74;11/08/2026;00:00;19.6;0;SOLEIL;1;0;0
Ambert;45.55;3.74;11/08/2026;01:00;19.6;0;SOLEIL;1;0;0
Ambert;45.55;3.74;11/08/2026;02:00;16.7;0;SOLEIL;5;0;0
Ambert;45.55;3.74;11/08/2026;03:00;16.7;0;SOLEIL;5;0;0
Ambert;45.55;3.74;11/08/2026;04:00;16.7;0;SOLEIL;5;0;0
Ambert;45.55;3.74;11/08/2026;05:00;16.6;0;SOLEIL;0;0;0
Ambert;45.55;3.74;11/08/2026;06:00;16.6;0;SOLEIL;0;0;0
Ambert;45.55;3.74;11/08/2026;07:00;16.6;0;SOLEIL;0;0;0
Ambert;45.55;3.74;11/08/2026;08:00;20.2;0;SOLEIL;5;0;0
Ambert;45.55;3.74;11/08/2026;09:00;21.9;0;SOLEIL;5;0;0
Ambert;45.55;3.74;11/08/2026;10:00;23.7;0;SOLEIL;5;0;0
Ambert;45.55;3.74;11/08/2026;11:00;31.6;0;SOLEIL;2;0;0
Ambert;45.55;3.74;11/08/2026;12:00;31.6;0;SOLEIL;2;0;0
Ambert;45.55;3.74;11/08/2026;13:00;31.6;0;SOLEIL;2;0;0
Ambert;45.55;3.74;11/08/2026;14:00;30.7;0;SOLEIL;5;0;0
Ambert;45.55;3.74;11/08/2026;15:00;32.4;0;SOLEIL;5;0;0
Ambert;45.55;3.74;11/08/2026;16:00;30.7;0;SOLEIL;5;0;0
Ambert;45.55;3.74;11/08/2026;17:00;29.5;0;SOLEIL;3;0;0
Ambert;45.55;3.74;11/08/2026;18:00;29.5;0;SOLEIL;3;0;0
Ambert;45.55;3.74;11/08/2026;19:00;29.5;0;SOLEIL;3;0;0
Ambert;45.55;3.74;11/08/2026;20:00;23.7;0;SOLEIL;5;0;0
Ambert;45.55;3.74;11/08/2026;21:00;21.9;0;SOLEIL;5;0;0
Ambert;45.55;3.74;11/08/2026;22:00;20.2;0;SOLEIL;5;0;0
Ambert;45.55;3.74;11/08/2026;23:00;20.1;0;SOLEIL;2;0;0
Ambert;45.55;3.74;12/08/2026;00:00;20.1;0;SOLEIL;2;0;0
Ambert;45.55;3.74;12/08/2026;01:00;20.1;0;SOLEIL;2;0;0
Ambert;45.55;3.74;12/08/2026;02:00;15.7;0;SOLEIL;5;0;0
Ambert;45.55;3.74;12/08/2026;03:00;15.7;0;SOLEIL;5;0;0
Ambert;45.55;3.74;12/08/2026;04:00;15.7;0;SOLEIL;5;0;0
Ambert;45.55;3.74;12/08/2026;05:00;16.6;0;SOLEIL;2;0;0
Ambert;45.55;3.74;12/08/2026;06:00;16.6;0;SOLEIL;2;0;0
Ambert;45.55;3.74;12/08/2026;07:00;16.6;0;SOLEIL;2;0;0
Ambert;45.55;3.74;12/08/2026;08:00;19.8;0;SOLEIL;5;0;0
Ambert;45.55;3.74;12/08/2026;09:00;21.8;0;SOLEIL;5;0;0
Ambert;45.55;3.74;12/08/2026;10:00;23.9;0;SOLEIL;5;0;0
Ambert;45.55;3.74;12/08/2026;11:00;33.4;0;SOLEIL;1;0;0
Ambert;45.55;3.74;12/08/2026;12:00;33.4;0;SOLEIL;1;0;0
Ambert;45.55;3.74;12/08/2026;13:00;33.4;0;SOLEIL;1;0;0
Ambert;45.55;3.74;12/08/2026;14:00;32.1;0;SOLEIL;5;0;0
Ambert;45.55;3.74;12/08/2026;15:00;34.1;0;SOLEIL;5;0;0
Ambert;45.55;3.74;12/08/2026;16:00;32.1;0;SOLEIL;5;0;0
Ambert;45.55;3.74;12/08/2026;17:00;31.1;0;SOLEIL;2;0;0
Ambert;45.55;3.74;12/08/2026;18:00;31.1;0;SOLEIL;2;0;0
Ambert;45.55;3.74;12/08/2026;19:00;31.1;0;SOLEIL;2;0;0
Ambert;45.55;3.74;12/08/2026;20:00;23.9;0;SOLEIL;5;0;0
Ambert;45.55;3.74;12/08/2026;21:00;21.8;0;SOLEIL;5;0;0
Ambert;45.55;3.74;12/08/2026;22:00;19.8;0;SOLEIL;5;0;0
Ambert;45.55;3.74;12/08/2026;23:00;21.4;0;SOLEIL;2;0;0
Clermont-Ferrand;45.78;3.08;08/08/2026;00:00;13.6;0;SOLEIL;1;0;0
Clermont-Ferrand;45.78;3.08;08/08/2026;01:00;13.6;0;SOLEIL;1;0;0
Clermont-Ferrand;45.78;3.08;08/08/2026;02:00;11.1;0;SOLEIL;2;0;0
Clermont-Ferrand;45.78;3.08;08/08/2026;03:00;11.1;0;SOLEIL;2;0;0
Clermont-Ferrand;45.78;3.08;08/08/2026;04:00;11.1;0;SOLEIL;2;0;0
Clermont-Ferrand;45.78;3.08;08/08/2026;05:00;12.6;0;SOLEIL;1;0;0
Clermont-Ferrand;45.78;3.08;08/08/2026;06:00;12.6;0;SOLEIL;1;0;0
Clermont-Ferrand;45.78;3.08;08/08/2026;07:00;12.6;0;SOLEIL;1;0;0
Clermont-Ferrand;45.78;3.08;08/08/2026;08:00;25.1;0;SOLEIL;2;0;0
Clermont-Ferrand;45.78;3.08;08/08/2026;09:00;25.1;0;SOLEIL;2;0;0
Clermont-Ferrand;45.78;3.08;08/08/2026;10:00;25.1;0;SOLEIL;2;0;0
Clermont-Ferrand;45.78;3.08;08/08/2026;11:00;31;0;SOLEIL;1;0;0
Clermont-Ferrand;45.78;3.08;08/08/2026;12:00;31;0;SOLEIL;1;0;0
Clermont-Ferrand;45.78;3.08;08/08/2026;13:00;31;0;SOLEIL;1;0;0
Clermont-Ferrand;45.78;3.08;08/08/2026;14:00;32.6;0;SOLEIL;2;0;0
Clermont-Ferrand;45.78;3.08;08/08/2026;15:00;32.6;0;SOLEIL;2;0;0
Clermont-Ferrand;45.78;3.08;08/08/2026;16:00;32.6;0;SOLEIL;2;0;0
Clermont-Ferrand;45.78;3.08;08/08/2026;17:00;30;5;SOLEIL VOILÉ;1;0;0
Clermont-Ferrand;45.78;3.08;08/08/2026;18:00;30;5;SOLEIL VOILÉ;1;0;0
Clermont-Ferrand;45.78;3.08;08/08/2026;19:00;30;5;SOLEIL VOILÉ;1;0;0
Clermont-Ferrand;45.78;3.08;08/08/2026;20:00;22.6;5;SOLEIL VOILÉ;2;0;0
Clermont-Ferrand;45.78;3.08;08/08/2026;21:00;22.6;5;SOLEIL VOILÉ;2;0;0
Clermont-Ferrand;45.78;3.08;08/08/2026;22:00;22.6;5;SOLEIL VOILÉ;2;0;0
Clermont-Ferrand;45.78;3.08;08/08/2026;23:00;19.6;0;SOLEIL;1;0;0
Clermont-Ferrand;45.78;3.08;09/08/2026;00:00;19.6;0;SOLEIL;1;0;0
Clermont-Ferrand;45.78;3.08;09/08/2026;01:00;19.6;0;SOLEIL;1;0;0
Clermont-Ferrand;45.78;3.08;09/08/2026;02:00;17.4;0;SOLEIL;1;0;0
Clermont-Ferrand;45.78;3.08;09/08/2026;03:00;17.4;0;SOLEIL;1;0;0
Clermont-Ferrand;45.78;3.08;09/08/2026;04:00;17.4;0;SOLEIL;1;0;0
Clermont-Ferrand;45.78;3.08;09/08/2026;05:00;18.2;10;ORAGEUX;1;0;0
Clermont-Ferrand;45.78;3.08;09/08/2026;06:00;18.2;10;ORAGEUX;1;0;0
Clermont-Ferrand;45.78;3.08;09/08/2026;07:00;18.2;10;ORAGEUX;1;0;0
Clermont-Ferrand;45.78;3.08;09/08/2026;08:00;26.1;10;ORAGEUX;2;0;0
Clermont-Ferrand;45.78;3.08;09/08/2026;09:00;26.1;10;ORAGEUX;2;0;0
Clermont-Ferrand;45.78;3.08;09/08/2026;10:00;26.1;10;ORAGEUX;2;0;0
Clermont-Ferrand;45.78;3.08;09/08/2026;11:00;28;10;ORAGEUX;3;0;0
Clermont-Ferrand;45.78;3.08;09/08/2026;12:00;28;10;ORAGEUX;3;0;0
Clermont-Ferrand;45.78;3.08;09/08/2026;13:00;28;10;ORAGEUX;3;0;0
Clermont-Ferrand;45.78;3.08;09/08/2026;14:00;28.9;10;ORAGEUX;3;0;0
Clermont-Ferrand;45.78;3.08;09/08/2026;15:00;28.9;10;ORAGEUX;3;0;0
Clermont-Ferrand;45.78;3.08;09/08/2026;16:00;28.9;10;ORAGEUX;3;0;0
Clermont-Ferrand;45.78;3.08;09/08/2026;17:00;26.7;10;ORAGEUX;1;0;0
Clermont-Ferrand;45.78;3.08;09/08/2026;18:00;26.7;10;ORAGEUX;1;0;0
Clermont-Ferrand;45.78;3.08;09/08/2026;19:00;26.7;10;ORAGEUX;1;0;0
Clermont-Ferrand;45.78;3.08;09/08/2026;20:00;21.0;0;SOLEIL;5;0;0
Clermont-Ferrand;45.78;3.08;09/08/2026;21:00;18.4;0;SOLEIL;5;0;0
Clermont-Ferrand;45.78;3.08;09/08/2026;22:00;15.8;0;SOLEIL;5;0;0
Clermont-Ferrand;45.78;3.08;09/08/2026;23:00;18.1;0;SOLEIL;0;0;0
Clermont-Ferrand;45.78;3.08;10/08/2026;00:00;18.1;0;SOLEIL;0;0;0
Clermont-Ferrand;45.78;3.08;10/08/2026;01:00;18.1;0;SOLEIL;0;0;0
Clermont-Ferrand;45.78;3.08;10/08/2026;02:00;16.4;10;ORAGEUX;5;0;0
Clermont-Ferrand;45.78;3.08;10/08/2026;03:00;16.4;10;ORAGEUX;5;0;0
Clermont-Ferrand;45.78;3.08;10/08/2026;04:00;16.4;10;ORAGEUX;5;0;0
Clermont-Ferrand;45.78;3.08;10/08/2026;05:00;16.5;0;SOLEIL;1;0;0
Clermont-Ferrand;45.78;3.08;10/08/2026;06:00;16.5;0;SOLEIL;1;0;0
Clermont-Ferrand;45.78;3.08;10/08/2026;07:00;16.5;0;SOLEIL;1;0;0
Clermont-Ferrand;45.78;3.08;10/08/2026;08:00;19.3;10;ORAGEUX;5;0;0
Clermont-Ferrand;45.78;3.08;10/08/2026;09:00;20.8;10;ORAGEUX;5;0;0
Clermont-Ferrand;45.78;3.08;10/08/2026;10:00;22.2;10;ORAGEUX;5;0;0
Clermont-Ferrand;45.78;3.08;10/08/2026;11:00;31;6;AVERSES;2;0;0
Clermont-Ferrand;45.78;3.08;10/08/2026;12:00;31;6;AVERSES;2;0;0
Clermont-Ferrand;45.78;3.08;10/08/2026;13:00;31;6;AVERSES;2;0;0
Clermont-Ferrand;45.78;3.08;10/08/2026;14:00;28.0;10;ORAGEUX;5;0;0
Clermont-Ferrand;45.78;3.08;10/08/2026;15:00;29.5;10;ORAGEUX;5;0;0
Clermont-Ferrand;45.78;3.08;10/08/2026;16:00;28.0;10;ORAGEUX;5;0;0
Clermont-Ferrand;45.78;3.08;10/08/2026;17:00;27;6;AVERSES;2;0;0
Clermont-Ferrand;45.78;3.08;10/08/2026;18:00;27;6;AVERSES;2;0;0
Clermont-Ferrand;45.78;3.08;10/08/2026;19:00;27;6;AVERSES;2;0;0
Clermont-Ferrand;45.78;3.08;10/08/2026;20:00;22.2;10;ORAGEUX;5;0;0
Clermont-Ferrand;45.78;3.08;10/08/2026;21:00;20.8;10;ORAGEUX;5;0;0
Clermont-Ferrand;45.78;3.08;10/08/2026;22:00;19.3;10;ORAGEUX;5;0;0
Clermont-Ferrand;45.78;3.08;10/08/2026;23:00;17.1;0;SOLEIL;0;0;0
Clermont-Ferrand;45.78;3.08;11/08/2026;00:00;17.1;0;SOLEIL;0;0;0
Clermont-Ferrand;45.78;3.08;11/08/2026;01:00;17.1;0;SOLEIL;0;0;0
Clermont-Ferrand;45.78;3.08;11/08/2026;02:00;15.1;6;AVERSES;5;0;0
Clermont-Ferrand;45.78;3.08;11/08/2026;03:00;15.1;6;AVERSES;5;0;0
Clermont-Ferrand;45.78;3.08;11/08/2026;04:00;15.1;6;AVERSES;5;0;0
Clermont-Ferrand;45.78;3.08;11/08/2026;05:00;15.6;0;SOLEIL;1;0;0
Clermont-Ferrand;45.78;3.08;11/08/2026;06:00;15.6;0;SOLEIL;1;0;0
Clermont-Ferrand;45.78;3.08;11/08/2026;07:00;15.6;0;SOLEIL;1;0;0
Clermont-Ferrand;45.78;3.08;11/08/2026;08:00;18.9;6;AVERSES;5;0;0
Clermont-Ferrand;45.78;3.08;11/08/2026;09:00;20.9;6;AVERSES;5;0;0
Clermont-Ferrand;45.78;3.08;11/08/2026;10:00;22.8;6;AVERSES;5;0;0
Clermont-Ferrand;45.78;3.08;11/08/2026;11:00;32.6;0;SOLEIL;1;0;0
Clermont-Ferrand;45.78;3.08;11/08/2026;12:00;32.6;0;SOLEIL;1;0;0
Clermont-Ferrand;45.78;3.08;11/08/2026;13:00;32.6;0;SOLEIL;1;0;0
Clermont-Ferrand;45.78;3.08;11/08/2026;14:00;30.5;6;AVERSES;5;0;0
Clermont-Ferrand;45.78;3.08;11/08/2026;15:00;32.4;6;AVERSES;5;0;0
Clermont-Ferrand;45.78;3.08;11/08/2026;16:00;30.5;6;AVERSES;5;0;0
Clermont-Ferrand;45.78;3.08;11/08/2026;17:00;28.6;0;SOLEIL;1;0;0
Clermont-Ferrand;45.78;3.08;11/08/2026;18:00;28.6;0;SOLEIL;1;0;0
Clermont-Ferrand;45.78;3.08;11/08/2026;19:00;28.6;0;SOLEIL;1;0;0
Clermont-Ferrand;45.78;3.08;11/08/2026;20:00;22.8;6;AVERSES;5;0;0
Clermont-Ferrand;45.78;3.08;11/08/2026;21:00;20.9;6;AVERSES;5;0;0
Clermont-Ferrand;45.78;3.08;11/08/2026;22:00;18.9;6;AVERSES;5;0;0
Clermont-Ferrand;45.78;3.08;11/08/2026;23:00;18.1;0;SOLEIL;1;0;0
Clermont-Ferrand;45.78;3.08;12/08/2026;00:00;18.1;0;SOLEIL;1;0;0
Clermont-Ferrand;45.78;3.08;12/08/2026;01:00;18.1;0;SOLEIL;1;0;0
Clermont-Ferrand;45.78;3.08;12/08/2026;02:00;14.1;0;SOLEIL;5;0;0
Clermont-Ferrand;45.78;3.08;12/08/2026;03:00;14.1;0;SOLEIL;5;0;0
Clermont-Ferrand;45.78;3.08;12/08/2026;04:00;14.1;0;SOLEIL;5;0;0
Clermont-Ferrand;45.78;3.08;12/08/2026;05:00;16.1;0;SOLEIL;1;0;0
Clermont-Ferrand;45.78;3.08;12/08/2026;06:00;16.1;0;SOLEIL;1;0;0
Clermont-Ferrand;45.78;3.08;12/08/2026;07:00;16.1;0;SOLEIL;1;0;0
Clermont-Ferrand;45.78;3.08;12/08/2026;08:00;18.7;0;SOLEIL;5;0;0
Clermont-Ferrand;45.78;3.08;12/08/2026;09:00;21.0;0;SOLEIL;5;0;0
Clermont-Ferrand;45.78;3.08;12/08/2026;10:00;23.3;0;SOLEIL;5;0;0
Clermont-Ferrand;45.78;3.08;12/08/2026;11:00;30.6;0;SOLEIL;2;0;0
Clermont-Ferrand;45.78;3.08;12/08/2026;12:00;30.6;0;SOLEIL;2;0;0
Clermont-Ferrand;45.78;3.08;12/08/2026;13:00;30.6;0;SOLEIL;2;0;0
Clermont-Ferrand;45.78;3.08;12/08/2026;14:00;32.6;0;SOLEIL;5;0;0
Clermont-Ferrand;45.78;3.08;12/08/2026;15:00;34.9;0;SOLEIL;5;0;0
Clermont-Ferrand;45.78;3.08;12/08/2026;16:00;32.6;0;SOLEIL;5;0;0
Clermont-Ferrand;45.78;3.08;12/08/2026;17:00;31.2;0;SOLEIL;1;0;0
Clermont-Ferrand;45.78;3.08;12/08/2026;18:00;31.2;0;SOLEIL;1;0;0
Clermont-Ferrand;45.78;3.08;12/08/2026;19:00;31.2;0;SOLEIL;1;0;0
Clermont-Ferrand;45.78;3.08;12/08/2026;20:00;23.3;0;SOLEIL;5;0;0
Clermont-Ferrand;45.78;3.08;12/08/2026;21:00;21.0;0;SOLEIL;5;0;0
Clermont-Ferrand;45.78;3.08;12/08/2026;22:00;18.7;0;SOLEIL;5;0;0
Clermont-Ferrand;45.78;3.08;12/08/2026;23:00;18.9;0;SOLEIL;1;0;0
Vodable;45.5;3.14;08/08/2026;00:00;17.9;0;SOLEIL;2;0;0
Vodable;45.5;3.14;08/08/2026;01:00;17.9;0;SOLEIL;2;0;0
Vodable;45.5;3.14;08/08/2026;02:00;15.6;0;SOLEIL;2;0;0
Vodable;45.5;3.14;08/08/2026;03:00;15.6;0;SOLEIL;2;0;0
Vodable;45.5;3.14;08/08/2026;04:00;15.6;0;SOLEIL;2;0;0
Vodable;45.5;3.14;08/08/2026;05:00;17.1;0;SOLEIL;1;0;0
Vodable;45.5;3.14;08/08/2026;06:00;17.1;0;SOLEIL;1;0;0
Vodable;45.5;3.14;08/08/2026;07:00;17.1;0;SOLEIL;1;0;0
Vodable;45.5;3.14;08/08/2026;08:00;25.6;0;SOLEIL;2;0;0
Vodable;45.5;3.14;08/08/2026;09:00;25.6;0;SOLEIL;2;0;0
Vodable;45.5;3.14;08/08/2026;10:00;25.6;0;SOLEIL;2;0;0
Vodable;45.5;3.14;08/08/2026;11:00;31.4;0;SOLEIL;2;0;0
Vodable;45.5;3.14;08/08/2026;12:00;31.4;0;SOLEIL;2;0;0
Vodable;45.5;3.14;08/08/2026;13:00;31.4;0;SOLEIL;2;0;0
Vodable;45.5;3.14;08/08/2026;14:00;33.7;0;SOLEIL;3;0;0
Vodable;45.5;3.14;08/08/2026;15:00;33.7;0;SOLEIL;3;0;0
Vodable;45.5;3.14;08/08/2026;16:00;33.7;0;SOLEIL;3;0;0
Vodable;45.5;3.14;08/08/2026;17:00;31.5;5;SOLEIL VOILÉ;3;0;0
Vodable;45.5;3.14;08/08/2026;18:00;31.5;5;SOLEIL VOILÉ;3;0;0
Vodable;45.5;3.14;08/08/2026;19:00;31.5;5;SOLEIL VOILÉ;3;0;0
Vodable;45.5;3.14;08/08/2026;20:00;25.5;5;SOLEIL VOILÉ;3;0;0
Vodable;45.5;3.14;08/08/2026;21:00;25.5;5;SOLEIL VOILÉ;3;0;0
Vodable;45.5;3.14;08/08/2026;22:00;25.5;5;SOLEIL VOILÉ;3;0;0
Vodable;45.5;3.14;08/08/2026;23:00;23.1;5;SOLEIL VOILÉ;2;0;0
Vodable;45.5;3.14;09/08/2026;00:00;23.1;5;SOLEIL VOILÉ;2;0;0
Vodable;45.5;3.14;09/08/2026;01:00;23.1;5;SOLEIL VOILÉ;2;0;0
Vodable;45.5;3.14;09/08/2026;02:00;22.4;5;SOLEIL VOILÉ;2;0;0
Vodable;45.5;3.14;09/08/2026;03:00;22.4;5;SOLEIL VOILÉ;2;0;0
Vodable;45.5;3.14;09/08/2026;04:00;22.4;5;SOLEIL VOILÉ;2;0;0
Vodable;45.5;3.14;09/08/2026;05:00;21.2;10;ORAGEUX;2;0;0
Vodable;45.5;3.14;09/08/2026;06:00;21.2;10;ORAGEUX;2;0;0
Vodable;45.5;3.14;09/08/2026;07:00;21.2;10;ORAGEUX;2;0;0
Vodable;45.5;3.14;09/08/2026;08:00;26.6;10;ORAGEUX;1;0;0
Vodable;45.5;3.14;09/08/2026;09:00;26.6;10;ORAGEUX;1;0;0
Vodable;45.5;3.14;09/08/2026;10:00;26.6;10;ORAGEUX;1;0;0
Vodable;45.5;3.14;09/08/2026;11:00;30.9;10;ORAGEUX;3;0;0
Vodable;45.5;3.14;09/08/2026;12:00;30.9;10;ORAGEUX;3;0;0
Vodable;45.5;3.14;09/08/2026;13:00;30.9;10;ORAGEUX;3;0;0
Vodable;45.5;3.14;09/08/2026;14:00;30.1;10;ORAGEUX;3;0;0
Vodable;45.5;3.14;09/08/2026;15:00;30.1;10;ORAGEUX;3;0;0
Vodable;45.5;3.14;09/08/2026;16:00;30.1;10;ORAGEUX;3;0;0
Vodable;45.5;3.14;09/08/2026;17:00;27.9;10;ORAGEUX;3;0;0
Vodable;45.5;3.14;09/08/2026;18:00;27.9;10;ORAGEUX;3;0;0
Vodable;45.5;3.14;09/08/2026;19:00;27.9;10;ORAGEUX;3;0;0
Vodable;45.5;3.14;09/08/2026;20:00;23.3;0;SOLEIL;5;0;0
Vodable;45.5;3.14;09/08/2026;21:00;21.0;0;SOLEIL;5;0;0
Vodable;45.5;3.14;09/08/2026;22:00;18.7;0;SOLEIL;5;0;0
Vodable;45.5;3.14;09/08/2026;23:00;21.1;0;SOLEIL;1;0;0
Vodable;45.5;3.14;10/08/2026;00:00;21.1;0;SOLEIL;1;0;0
Vodable;45.5;3.14;10/08/2026;01:00;21.1;0;SOLEIL;1;0;0
Vodable;45.5;3.14;10/08/2026;02:00;20.5;10;ORAGEUX;5;0;0
Vodable;45.5;3.14;10/08/2026;03:00;20.5;10;ORAGEUX;5;0;0
Vodable;45.5;3.14;10/08/2026;04:00;20.5;10;ORAGEUX;5;0;0
Vodable;45.5;3.14;10/08/2026;05:00;20.9;0;SOLEIL;1;0;0
Vodable;45.5;3.14;10/08/2026;06:00;20.9;0;SOLEIL;1;0;0
Vodable;45.5;3.14;10/08/2026;07:00;20.9;0;SOLEIL;1;0;0
Vodable;45.5;3.14;10/08/2026;08:00;22.9;10;ORAGEUX;5;0;0
Vodable;45.5;3.14;10/08/2026;09:00;24.1;10;ORAGEUX;5;0;0
Vodable;45.5;3.14;10/08/2026;10:00;25.3;10;ORAGEUX;5;0;0
Vodable;45.5;3.14;10/08/2026;11:00;31.1;6;AVERSES;2;0;0
Vodable;45.5;3.14;10/08/2026;12:00;31.1;6;AVERSES;2;0;0
Vodable;45.5;3.14;10/08/2026;13:00;31.1;6;AVERSES;2;0;0
Vodable;45.5;3.14;10/08/2026;14:00;30.2;10;ORAGEUX;5;0;0
Vodable;45.5;3.14;10/08/2026;15:00;31.4;10;ORAGEUX;5;0;0
Vodable;45.5;3.14;10/08/2026;16:00;30.2;10;ORAGEUX;5;0;0
Vodable;45.5;3.14;10/08/2026;17:00;28;6;AVERSES;1;0;0
Vodable;45.5;3.14;10/08/2026;18:00;28;6;AVERSES;1;0;0
Vodable;45.5;3.14;10/08/2026;19:00;28;6;AVERSES;1;0;0
Vodable;45.5;3.14;10/08/2026;20:00;25.3;10;ORAGEUX;5;0;0
Vodable;45.5;3.14;10/08/2026;21:00;24.1;10;ORAGEUX;5;0;0
Vodable;45.5;3.14;10/08/2026;22:00;22.9;10;ORAGEUX;5;0;0
Vodable;45.5;3.14;10/08/2026;23:00;21.1;0;SOLEIL;0;0;0
Vodable;45.5;3.14;11/08/2026;00:00;21.1;0;SOLEIL;0;0;0
Vodable;45.5;3.14;11/08/2026;01:00;21.1;0;SOLEIL;0;0;0
Vodable;45.5;3.14;11/08/2026;02:00;18.6;6;AVERSES;5;0;0
Vodable;45.5;3.14;11/08/2026;03:00;18.6;6;AVERSES;5;0;0
Vodable;45.5;3.14;11/08/2026;04:00;18.6;6;AVERSES;5;0;0
Vodable;45.5;3.14;11/08/2026;05:00;20.4;0;SOLEIL;1;0;0
Vodable;45.5;3.14;11/08/2026;06:00;20.4;0;SOLEIL;1;0;0
Vodable;45.5;3.14;11/08/2026;07:00;20.4;0;SOLEIL;1;0;0
Vodable;45.5;3.14;11/08/2026;08:00;21.8;6;AVERSES;5;0;0
Vodable;45.5;3.14;11/08/2026;09:00;23.4;6;AVERSES;5;0;0
Vodable;45.5;3.14;11/08/2026;10:00;25.0;6;AVERSES;5;0;0
Vodable;45.5;3.14;11/08/2026;11:00;32.4;0;SOLEIL;2;0;0
Vodable;45.5;3.14;11/08/2026;12:00;32.4;0;SOLEIL;2;0;0
Vodable;45.5;3.14;11/08/2026;13:00;32.4;0;SOLEIL;2;0;0
Vodable;45.5;3.14;11/08/2026;14:00;31.4;6;AVERSES;5;0;0
Vodable;45.5;3.14;11/08/2026;15:00;33.0;6;AVERSES;5;0;0
Vodable;45.5;3.14;11/08/2026;16:00;31.4;6;AVERSES;5;0;0
Vodable;45.5;3.14;11/08/2026;17:00;31.2;0;SOLEIL;2;0;0
Vodable;45.5;3.14;11/08/2026;18:00;31.2;0;SOLEIL;2;0;0
Vodable;45.5;3.14;11/08/2026;19:00;31.2;0;SOLEIL;2;0;0
Vodable;45.5;3.14;11/08/2026;20:00;25.0;6;AVERSES;5;0;0
Vodable;45.5;3.14;11/08/2026;21:00;23.4;6;AVERSES;5;0;0
Vodable;45.5;3.14;11/08/2026;22:00;21.8;6;AVERSES;5;0;0
Vodable;45.5;3.14;11/08/2026;23:00;22.7;0;SOLEIL;1;0;0
Vodable;45.5;3.14;12/08/2026;00:00;22.7;0;SOLEIL;1;0;0
Vodable;45.5;3.14;12/08/2026;01:00;22.7;0;SOLEIL;1;0;0
Vodable;45.5;3.14;12/08/2026;02:00;17.9;0;SOLEIL;5;0;0
Vodable;45.5;3.14;12/08/2026;03:00;17.9;0;SOLEIL;5;0;0
Vodable;45.5;3.14;12/08/2026;04:00;17.9;0;SOLEIL;5;0;0
Vodable;45.5;3.14;12/08/2026;05:00;20.9;0;SOLEIL;1;0;0
Vodable;45.5;3.14;12/08/2026;06:00;20.9;0;SOLEIL;1;0;0
Vodable;45.5;3.14;12/08/2026;07:00;20.9;0;SOLEIL;1;0;0
Vodable;45.5;3.14;12/08/2026;08:00;21.6;0;SOLEIL;5;0;0
Vodable;45.5;3.14;12/08/2026;09:00;23.5;0;SOLEIL;5;0;0
Vodable;45.5;3.14;12/08/2026;10:00;25.3;0;SOLEIL;5;0;0
Vodable;45.5;3.14;12/08/2026;11:00;34.9;0;SOLEIL;2;0;0
Vodable;45.5;3.14;12/08/2026;12:00;34.9;0;SOLEIL;2;0;0
Vodable;45.5;3.14;12/08/2026;13:00;34.9;0;SOLEIL;2;0;0
Vodable;45.5;3.14;12/08/2026;14:00;32.7;0;SOLEIL;5;0;0
Vodable;45.5;3.14;12/08/2026;15:00;34.6;0;SOLEIL;5;0;0
Vodable;45.5;3.14;12/08/2026;16:00;32.7;0;SOLEIL;5;0;0
Vodable;45.5;3.14;12/08/2026;17:00;32;0;SOLEIL;2;0;0
Vodable;45.5;3.14;12/08/2026;18:00;32;0;SOLEIL;2;0;0
Vodable;45.5;3.14;12/08/2026;19:00;32;0;SOLEIL;2;0;0
Vodable;45.5;3.14;12/08/2026;20:00;25.3;0;SOLEIL;5;0;0
Vodable;45.5;3.14;12/08/2026;21:00;23.5;0;SOLEIL;5;0;0
Vodable;45.5;3.14;12/08/2026;22:00;21.6;0;SOLEIL;5;0;0
Vodable;45.5;3.14;12/08/2026;23:00;24.6;0;SOLEIL;1;0;0
Lyon;45.76;4.83;08/08/2026;00:00;17.1;0;SOLEIL;3;0;0
Lyon;45.76;4.83;08/08/2026;01:00;17.1;0;SOLEIL;3;0;0
Lyon;45.76;4.83;08/08/2026;02:00;14.1;0;SOLEIL;2;0;0
Lyon;45.76;4.83;08/08/2026;03:00;14.1;0;SOLEIL;2;0;0
Lyon;45.76;4.83;08/08/2026;04:00;14.1;0;SOLEIL;2;0;0
Lyon;45.76;4.83;08/08/2026;05:00;16.6;0;SOLEIL;1;0;0
Lyon;45.76;4.83;08/08/2026;06:00;16.6;0;SOLEIL;1;0;0
Lyon;45.76;4.83;08/08/2026;07:00;16.6;0;SOLEIL;1;0;0
Lyon;45.76;4.83;08/08/2026;08:00;23.2;0;SOLEIL;2;0;0
Lyon;45.76;4.83;08/08/2026;09:00;23.2;0;SOLEIL;2;0;0
Lyon;45.76;4.83;08/08/2026;10:00;23.2;0;SOLEIL;2;0;0
Lyon;45.76;4.83;08/08/2026;11:00;28.6;0;SOLEIL;2;0;0
Lyon;45.76;4.83;08/08/2026;12:00;28.6;0;SOLEIL;2;0;0
Lyon;45.76;4.83;08/08/2026;13:00;28.6;0;SOLEIL;2;0;0
Lyon;45.76;4.83;08/08/2026;14:00;31.1;0;SOLEIL;3;0;0
Lyon;45.76;4.83;08/08/2026;15:00;31.1;0;SOLEIL;3;0;0
Lyon;45.76;4.83;08/08/2026;16:00;31.1;0;SOLEIL;3;0;0
Lyon;45.76;4.83;08/08/2026;17:00;27.2;5;SOLEIL VOILÉ;3;0;0
Lyon;45.76;4.83;08/08/2026;18:00;27.2;5;SOLEIL VOILÉ;3;0;0
Lyon;45.76;4.83;08/08/2026;19:00;27.2;5;SOLEIL VOILÉ;3;0;0
Lyon;45.76;4.83;08/08/2026;20:00;21.5;5;SOLEIL VOILÉ;2;0;0
Lyon;45.76;4.83;08/08/2026;21:00;21.5;5;SOLEIL VOILÉ;2;0;0
Lyon;45.76;4.83;08/08/2026;22:00;21.5;5;SOLEIL VOILÉ;2;0;0
Lyon;45.76;4.83;08/08/2026;23:00;18.2;5;SOLEIL VOILÉ;3;0;0
Lyon;45.76;4.83;09/08/2026;00:00;18.2;5;SOLEIL VOILÉ;3;0;0
Lyon;45.76;4.83;09/08/2026;01:00;18.2;5;SOLEIL VOILÉ;3;0;0
Lyon;45.76;4.83;09/08/2026;02:00;16.5;0;SOLEIL;2;0;0
Lyon;45.76;4.83;09/08/2026;03:00;16.5;0;SOLEIL;2;0;0
Lyon;45.76;4.83;09/08/2026;04:00;16.5;0;SOLEIL;2;0;0
Lyon;45.76;4.83;09/08/2026;05:00;18.6;10;ORAGEUX;2;0;0
Lyon;45.76;4.83;09/08/2026;06:00;18.6;10;ORAGEUX;2;0;0
Lyon;45.76;4.83;09/08/2026;07:00;18.6;10;ORAGEUX;2;0;0
Lyon;45.76;4.83;09/08/2026;08:00;24.1;0;SOLEIL;1;0;0
Lyon;45.76;4.83;09/08/2026;09:00;24.1;0;SOLEIL;1;0;0
Lyon;45.76;4.83;09/08/2026;10:00;24.1;0;SOLEIL;1;0;0
Lyon;45.76;4.83;09/08/2026;11:00;28.1;10;ORAGEUX;3;0;0
Lyon;45.76;4.83;09/08/2026;12:00;28.1;10;ORAGEUX;3;0;0
Lyon;45.76;4.83;09/08/2026;13:00;28.1;10;ORAGEUX;3;0;0
Lyon;45.76;4.83;09/08/2026;14:00;29.6;10;ORAGEUX;2;0;0
Lyon;45.76;4.83;09/08/2026;15:00;29.6;10;ORAGEUX;2;0;0
Lyon;45.76;4.83;09/08/2026;16:00;29.6;10;ORAGEUX;2;0;0
Lyon;45.76;4.83;09/08/2026;17:00;26.6;10;ORAGEUX;2;0;0
Lyon;45.76;4.83;09/08/2026;18:00;26.6;10;ORAGEUX;2;0;0
Lyon;45.76;4.83;09/08/2026;19:00;26.6;10;ORAGEUX;2;0;0
Lyon;45.76;4.83;09/08/2026;20:00;21.1;0;SOLEIL;5;0;0
Lyon;45.76;4.83;09/08/2026;21:00;18.8;0;SOLEIL;5;0;0
Lyon;45.76;4.83;09/08/2026;22:00;16.5;0;SOLEIL;5;0;0
Lyon;45.76;4.83;09/08/2026;23:00;18.1;0;SOLEIL;2;0;0
Lyon;45.76;4.83;10/08/2026;00:00;18.1;0;SOLEIL;2;0;0
Lyon;45.76;4.83;10/08/2026;01:00;18.1;0;SOLEIL;2;0;0
Lyon;45.76;4.83;10/08/2026;02:00;16.4;10;ORAGEUX;5;0;0
Lyon;45.76;4.83;10/08/2026;03:00;16.4;10;ORAGEUX;5;0;0
Lyon;45.76;4.83;10/08/2026;04:00;16.4;10;ORAGEUX;5;0;0
Lyon;45.76;4.83;10/08/2026;05:00;19.6;0;SOLEIL;2;0;0
Lyon;45.76;4.83;10/08/2026;06:00;19.6;0;SOLEIL;2;0;0
Lyon;45.76;4.83;10/08/2026;07:00;19.6;0;SOLEIL;2;0;0
Lyon;45.76;4.83;10/08/2026;08:00;19.6;10;ORAGEUX;5;0;0
Lyon;45.76;4.83;10/08/2026;09:00;21.1;10;ORAGEUX;5;0;0
Lyon;45.76;4.83;10/08/2026;10:00;22.7;10;ORAGEUX;5;0;0
Lyon;45.76;4.83;10/08/2026;11:00;28.7;6;AVERSES;2;0;0
Lyon;45.76;4.83;10/08/2026;12:00;28.7;6;AVERSES;2;0;0
Lyon;45.76;4.83;10/08/2026;13:00;28.7;6;AVERSES;2;0;0
Lyon;45.76;4.83;10/08/2026;14:00;29.0;10;ORAGEUX;5;0;0
Lyon;45.76;4.83;10/08/2026;15:00;30.6;10;ORAGEUX;5;0;0
Lyon;45.76;4.83;10/08/2026;16:00;29.0;10;ORAGEUX;5;0;0
Lyon;45.76;4.83;10/08/2026;17:00;25.6;6;AVERSES;2;0;0
Lyon;45.76;4.83;10/08/2026;18:00;25.6;6;AVERSES;2;0;0
Lyon;45.76;4.83;10/08/2026;19:00;25.6;6;AVERSES;2;0;0
Lyon;45.76;4.83;10/08/2026;20:00;22.7;10;ORAGEUX;5;0;0
Lyon;45.76;4.83;10/08/2026;21:00;21.1;10;ORAGEUX;5;0;0
Lyon;45.76;4.83;10/08/2026;22:00;19.6;10;ORAGEUX;5;0;0
Lyon;45.76;4.83;10/08/2026;23:00;19;0;SOLEIL;0;0;0
Lyon;45.76;4.83;11/08/2026;00:00;19;0;SOLEIL;0;0;0
Lyon;45.76;4.83;11/08/2026;01:00;19;0;SOLEIL;0;0;0
Lyon;45.76;4.83;11/08/2026;02:00;17.1;6;AVERSES;5;0;0
Lyon;45.76;4.83;11/08/2026;03:00;17.1;6;AVERSES;5;0;0
Lyon;45.76;4.83;11/08/2026;04:00;17.1;6;AVERSES;5;0;0
Lyon;45.76;4.83;11/08/2026;05:00;19.7;0;SOLEIL;0;0;0
Lyon;45.76;4.83;11/08/2026;06:00;19.7;0;SOLEIL;0;0;0
Lyon;45.76;4.83;11/08/2026;07:00;19.7;0;SOLEIL;0;0;0
Lyon;45.76;4.83;11/08/2026;08:00;20.1;6;AVERSES;5;0;0
Lyon;45.76;4.83;11/08/2026;09:00;21.6;6;AVERSES;5;0;0
Lyon;45.76;4.83;11/08/2026;10:00;23.1;6;AVERSES;5;0;0
Lyon;45.76;4.83;11/08/2026;11:00;30.4;0;SOLEIL;2;0;0
Lyon;45.76;4.83;11/08/2026;12:00;30.4;0;SOLEIL;2;0;0
Lyon;45.76;4.83;11/08/2026;13:00;30.4;0;SOLEIL;2;0;0
Lyon;45.76;4.83;11/08/2026;14:00;29.0;6;AVERSES;5;0;0
Lyon;45.76;4.83;11/08/2026;15:00;30.5;6;AVERSES;5;0;0
Lyon;45.76;4.83;11/08/2026;16:00;29.0;6;AVERSES;5;0;0
Lyon;45.76;4.83;11/08/2026;17:00;28.2;0;SOLEIL;2;0;0
Lyon;45.76;4.83;11/08/2026;18:00;28.2;0;SOLEIL;2;0;0
Lyon;45.76;4.83;11/08/2026;19:00;28.2;0;SOLEIL;2;0;0
Lyon;45.76;4.83;11/08/2026;20:00;23.1;6;AVERSES;5;0;0
Lyon;45.76;4.83;11/08/2026;21:00;21.6;6;AVERSES;5;0;0
Lyon;45.76;4.83;11/08/2026;22:00;20.1;6;AVERSES;5;0;0
Lyon;45.76;4.83;11/08/2026;23:00;19.5;0;SOLEIL;1;0;0
Lyon;45.76;4.83;12/08/2026;00:00;19.5;0;SOLEIL;1;0;0
Lyon;45.76;4.83;12/08/2026;01:00;19.5;0;SOLEIL;1;0;0
Lyon;45.76;4.83;12/08/2026;02:00;16.7;0;SOLEIL;5;0;0
Lyon;45.76;4.83;12/08/2026;03:00;16.7;0;SOLEIL;5;0;0
Lyon;45.76;4.83;12/08/2026;04:00;16.7;0;SOLEIL;5;0;0
Lyon;45.76;4.83;12/08/2026;05:00;19.7;0;SOLEIL;1;0;0
Lyon;45.76;4.83;12/08/2026;06:00;19.7;0;SOLEIL;1;0;0
Lyon;45.76;4.83;12/08/2026;07:00;19.7;0;SOLEIL;1;0;0
Lyon;45.76;4.83;12/08/2026;08:00;20.2;0;SOLEIL;5;0;0
Lyon;45.76;4.83;12/08/2026;09:00;22.0;0;SOLEIL;5;0;0
Lyon;45.76;4.83;12/08/2026;10:00;23.8;0;SOLEIL;5;0;0
Lyon;45.76;4.83;12/08/2026;11:00;32.6;0;SOLEIL;2;0;0
Lyon;45.76;4.83;12/08/2026;12:00;32.6;0;SOLEIL;2;0;0
Lyon;45.76;4.83;12/08/2026;13:00;32.6;0;SOLEIL;2;0;0
Lyon;45.76;4.83;12/08/2026;14:00;30.8;0;SOLEIL;5;0;0
Lyon;45.76;4.83;12/08/2026;15:00;32.6;0;SOLEIL;5;0;0
Lyon;45.76;4.83;12/08/2026;16:00;30.8;0;SOLEIL;5;0;0
Lyon;45.76;4.83;12/08/2026;17:00;29.7;6;AVERSES;2;0;0
Lyon;45.76;4.83;12/08/2026;18:00;29.7;6;AVERSES;2;0;0
Lyon;45.76;4.83;12/08/2026;19:00;29.7;6;AVERSES;2;0;0
Lyon;45.76;4.83;12/08/2026;20:00;23.8;0;SOLEIL;5;0;0
Lyon;45.76;4.83;12/08/2026;21:00;22.0;0;SOLEIL;5;0;0
Lyon;45.76;4.83;12/08/2026;22:00;20.2;0;SOLEIL;5;0;0
Lyon;45.76;4.83;12/08/2026;23:00;20.6;0;SOLEIL;0;0;0
Bonneval-sur-Arc;45.37;7.04;08/08/2026;00:00;14.6;0;SOLEIL;2;0;0
Bonneval-sur-Arc;45.37;7.04;08/08/2026;01:00;14.6;0;SOLEIL;2;0;0
Bonneval-sur-Arc;45.37;7.04;08/08/2026;02:00;14.2;0;SOLEIL;1;0;0
Bonneval-sur-Arc;45.37;7.04;08/08/2026;03:00;14.2;0;SOLEIL;1;0;0
Bonneval-sur-Arc;45.37;7.04;08/08/2026;04:00;14.2;0;SOLEIL;1;0;0
Bonneval-sur-Arc;45.37;7.04;08/08/2026;05:00;15.1;0;SOLEIL;1;0;0
Bonneval-sur-Arc;45.37;7.04;08/08/2026;06:00;15.1;0;SOLEIL;1;0;0
Bonneval-sur-Arc;45.37;7.04;08/08/2026;07:00;15.1;0;SOLEIL;1;0;0
Bonneval-sur-Arc;45.37;7.04;08/08/2026;08:00;22.6;0;SOLEIL;1;0;0
Bonneval-sur-Arc;45.37;7.04;08/08/2026;09:00;22.6;0;SOLEIL;1;0;0
Bonneval-sur-Arc;45.37;7.04;08/08/2026;10:00;22.6;0;SOLEIL;1;0;0
Bonneval-sur-Arc;45.37;7.04;08/08/2026;11:00;27.1;0;SOLEIL;3;0;0
Bonneval-sur-Arc;45.37;7.04;08/08/2026;12:00;27.1;0;SOLEIL;3;0;0
Bonneval-sur-Arc;45.37;7.04;08/08/2026;13:00;27.1;0;SOLEIL;3;0;0
Bonneval-sur-Arc;45.37;7.04;08/08/2026;14:00;27.5;0;SOLEIL;3;0;0
Bonneval-sur-Arc;45.37;7.04;08/08/2026;15:00;27.5;0;SOLEIL;3;0;0
Bonneval-sur-Arc;45.37;7.04;08/08/2026;16:00;27.5;0;SOLEIL;3;0;0
Bonneval-sur-Arc;45.37;7.04;08/08/2026;17:00;22.8;0;SOLEIL;2;0;0
Bonneval-sur-Arc;45.37;7.04;08/08/2026;18:00;22.8;0;SOLEIL;2;0;0
Bonneval-sur-Arc;45.37;7.04;08/08/2026;19:00;22.8;0;SOLEIL;2;0;0
Bonneval-sur-Arc;45.37;7.04;08/08/2026;20:00;18.9;0;SOLEIL;1;0;0
Bonneval-sur-Arc;45.37;7.04;08/08/2026;21:00;18.9;0;SOLEIL;1;0;0
Bonneval-sur-Arc;45.37;7.04;08/08/2026;22:00;18.9;0;SOLEIL;1;0;0
Bonneval-sur-Arc;45.37;7.04;08/08/2026;23:00;16.5;0;SOLEIL;0;0;0
Bonneval-sur-Arc;45.37;7.04;09/08/2026;00:00;16.5;0;SOLEIL;0;0;0
Bonneval-sur-Arc;45.37;7.04;09/08/2026;01:00;16.5;0;SOLEIL;0;0;0
Bonneval-sur-Arc;45.37;7.04;09/08/2026;02:00;15.3;0;SOLEIL;0;0;0
Bonneval-sur-Arc;45.37;7.04;09/08/2026;03:00;15.3;0;SOLEIL;0;0;0
Bonneval-sur-Arc;45.37;7.04;09/08/2026;04:00;15.3;0;SOLEIL;0;0;0
Bonneval-sur-Arc;45.37;7.04;09/08/2026;05:00;17.2;0;SOLEIL;1;0;0
Bonneval-sur-Arc;45.37;7.04;09/08/2026;06:00;17.2;0;SOLEIL;1;0;0
Bonneval-sur-Arc;45.37;7.04;09/08/2026;07:00;17.2;0;SOLEIL;1;0;0
Bonneval-sur-Arc;45.37;7.04;09/08/2026;08:00;23.4;0;SOLEIL;2;0;0
Bonneval-sur-Arc;45.37;7.04;09/08/2026;09:00;23.4;0;SOLEIL;2;0;0
Bonneval-sur-Arc;45.37;7.04;09/08/2026;10:00;23.4;0;SOLEIL;2;0;0
Bonneval-sur-Arc;45.37;7.04;09/08/2026;11:00;26.2;0;SOLEIL;2;0;0
Bonneval-sur-Arc;45.37;7.04;09/08/2026;12:00;26.2;0;SOLEIL;2;0;0
Bonneval-sur-Arc;45.37;7.04;09/08/2026;13:00;26.2;0;SOLEIL;2;0;0
Bonneval-sur-Arc;45.37;7.04;09/08/2026;14:00;23.9;6;AVERSES;3;0;0
Bonneval-sur-Arc;45.37;7.04;09/08/2026;15:00;23.9;6;AVERSES;3;0;0
Bonneval-sur-Arc;45.37;7.04;09/08/2026;16:00;23.9;6;AVERSES;3;0;0
Bonneval-sur-Arc;45.37;7.04;09/08/2026;17:00;18.8;6;AVERSES;2;0;0
Bonneval-sur-Arc;45.37;7.04;09/08/2026;18:00;18.8;6;AVERSES;2;0;0
Bonneval-sur-Arc;45.37;7.04;09/08/2026;19:00;18.8;6;AVERSES;2;0;0
Bonneval-sur-Arc;45.37;7.04;09/08/2026;20:00;20.1;0;SOLEIL;5;0;0
Bonneval-sur-Arc;45.37;7.04;09/08/2026;21:00;18.4;0;SOLEIL;5;0;0
Bonneval-sur-Arc;45.37;7.04;09/08/2026;22:00;16.8;0;SOLEIL;5;0;0
Bonneval-sur-Arc;45.37;7.04;09/08/2026;23:00;15.8;0;SOLEIL;1;0;0
Bonneval-sur-Arc;45.37;7.04;10/08/2026;00:00;15.8;0;SOLEIL;1;0;0
Bonneval-sur-Arc;45.37;7.04;10/08/2026;01:00;15.8;0;SOLEIL;1;0;0
Bonneval-sur-Arc;45.37;7.04;10/08/2026;02:00;14.8;6;AVERSES;5;0;0
Bonneval-sur-Arc;45.37;7.04;10/08/2026;03:00;14.8;6;AVERSES;5;0;0
Bonneval-sur-Arc;45.37;7.04;10/08/2026;04:00;14.8;6;AVERSES;5;0;0
Bonneval-sur-Arc;45.37;7.04;10/08/2026;05:00;13.9;0;SOLEIL;1;0;0
Bonneval-sur-Arc;45.37;7.04;10/08/2026;06:00;13.9;0;SOLEIL;1;0;0
Bonneval-sur-Arc;45.37;7.04;10/08/2026;07:00;13.9;0;SOLEIL;1;0;0
Bonneval-sur-Arc;45.37;7.04;10/08/2026;08:00;17.5;6;AVERSES;5;0;0
Bonneval-sur-Arc;45.37;7.04;10/08/2026;09:00;18.8;6;AVERSES;5;0;0
Bonneval-sur-Arc;45.37;7.04;10/08/2026;10:00;20.1;6;AVERSES;5;0;0
Bonneval-sur-Arc;45.37;7.04;10/08/2026;11:00;21.4;6;AVERSES;3;0;0
Bonneval-sur-Arc;45.37;7.04;10/08/2026;12:00;21.4;6;AVERSES;3;0;0
Bonneval-sur-Arc;45.37;7.04;10/08/2026;13:00;21.4;6;AVERSES;3;0;0
Bonneval-sur-Arc;45.37;7.04;10/08/2026;14:00;25.5;6;AVERSES;5;0;0
Bonneval-sur-Arc;45.37;7.04;10/08/2026;15:00;26.8;6;AVERSES;5;0;0
Bonneval-sur-Arc;45.37;7.04;10/08/2026;16:00;25.5;6;AVERSES;5;0;0
Bonneval-sur-Arc;45.37;7.04;10/08/2026;17:00;17.5;6;AVERSES;2;0;0
Bonneval-sur-Arc;45.37;7.04;10/08/2026;18:00;17.5;6;AVERSES;2;0;0
Bonneval-sur-Arc;45.37;7.04;10/08/2026;19:00;17.5;6;AVERSES;2;0;0
Bonneval-sur-Arc;45.37;7.04;10/08/2026;20:00;20.1;6;AVERSES;5;0;0
Bonneval-sur-Arc;45.37;7.04;10/08/2026;21:00;18.8;6;AVERSES;5;0;0
Bonneval-sur-Arc;45.37;7.04;10/08/2026;22:00;17.5;6;AVERSES;5;0;0
Bonneval-sur-Arc;45.37;7.04;10/08/2026;23:00;12.3;0;SOLEIL;0;0;0
Bonneval-sur-Arc;45.37;7.04;11/08/2026;00:00;12.3;0;SOLEIL;0;0;0
Bonneval-sur-Arc;45.37;7.04;11/08/2026;01:00;12.3;0;SOLEIL;0;0;0
Bonneval-sur-Arc;45.37;7.04;11/08/2026;02:00;11.7;6;AVERSES;5;0;0
Bonneval-sur-Arc;45.37;7.04;11/08/2026;03:00;11.7;6;AVERSES;5;0;0
Bonneval-sur-Arc;45.37;7.04;11/08/2026;04:00;11.7;6;AVERSES;5;0;0
Bonneval-sur-Arc;45.37;7.04;11/08/2026;05:00;13.6;0;SOLEIL;0;0;0
Bonneval-sur-Arc;45.37;7.04;11/08/2026;06:00;13.6;0;SOLEIL;0;0;0
Bonneval-sur-Arc;45.37;7.04;11/08/2026;07:00;13.6;0;SOLEIL;0;0;0
Bonneval-sur-Arc;45.37;7.04;11/08/2026;08:00;14.1;6;AVERSES;5;0;0
Bonneval-sur-Arc;45.37;7.04;11/08/2026;09:00;15.2;6;AVERSES;5;0;0
Bonneval-sur-Arc;45.37;7.04;11/08/2026;10:00;16.4;6;AVERSES;5;0;0
Bonneval-sur-Arc;45.37;7.04;11/08/2026;11:00;23;6;AVERSES;2;0;0
Bonneval-sur-Arc;45.37;7.04;11/08/2026;12:00;23;6;AVERSES;2;0;0
Bonneval-sur-Arc;45.37;7.04;11/08/2026;13:00;23;6;AVERSES;2;0;0
Bonneval-sur-Arc;45.37;7.04;11/08/2026;14:00;21.1;6;AVERSES;5;0;0
Bonneval-sur-Arc;45.37;7.04;11/08/2026;15:00;22.3;6;AVERSES;5;0;0
Bonneval-sur-Arc;45.37;7.04;11/08/2026;16:00;21.1;6;AVERSES;5;0;0
Bonneval-sur-Arc;45.37;7.04;11/08/2026;17:00;18.6;6;AVERSES;2;0;0
Bonneval-sur-Arc;45.37;7.04;11/08/2026;18:00;18.6;6;AVERSES;2;0;0
Bonneval-sur-Arc;45.37;7.04;11/08/2026;19:00;18.6;6;AVERSES;2;0;0
Bonneval-sur-Arc;45.37;7.04;11/08/2026;20:00;16.4;6;AVERSES;5;0;0
Bonneval-sur-Arc;45.37;7.04;11/08/2026;21:00;15.2;6;AVERSES;5;0;0
Bonneval-sur-Arc;45.37;7.04;11/08/2026;22:00;14.1;6;AVERSES;5;0;0
Bonneval-sur-Arc;45.37;7.04;11/08/2026;23:00;14.1;0;SOLEIL;0;0;0
Bonneval-sur-Arc;45.37;7.04;12/08/2026;00:00;14.1;0;SOLEIL;0;0;0
Bonneval-sur-Arc;45.37;7.04;12/08/2026;01:00;14.1;0;SOLEIL;0;0;0
Bonneval-sur-Arc;45.37;7.04;12/08/2026;02:00;11.2;6;AVERSES;5;0;0
Bonneval-sur-Arc;45.37;7.04;12/08/2026;03:00;11.2;6;AVERSES;5;0;0
Bonneval-sur-Arc;45.37;7.04;12/08/2026;04:00;11.2;6;AVERSES;5;0;0
Bonneval-sur-Arc;45.37;7.04;12/08/2026;05:00;14.7;0;SOLEIL;1;0;0
Bonneval-sur-Arc;45.37;7.04;12/08/2026;06:00;14.7;0;SOLEIL;1;0;0
Bonneval-sur-Arc;45.37;7.04;12/08/2026;07:00;14.7;0;SOLEIL;1;0;0
Bonneval-sur-Arc;45.37;7.04;12/08/2026;08:00;14.1;6;AVERSES;5;0;0
Bonneval-sur-Arc;45.37;7.04;12/08/2026;09:00;15.5;6;AVERSES;5;0;0
Bonneval-sur-Arc;45.37;7.04;12/08/2026;10:00;17.0;6;AVERSES;5;0;0
Bonneval-sur-Arc;45.37;7.04;12/08/2026;11:00;23;6;AVERSES;2;0;0
Bonneval-sur-Arc;45.37;7.04;12/08/2026;12:00;23;6;AVERSES;2;0;0
Bonneval-sur-Arc;45.37;7.04;12/08/2026;13:00;23;6;AVERSES;2;0;0
Bonneval-sur-Arc;45.37;7.04;12/08/2026;14:00;22.8;6;AVERSES;5;0;0
Bonneval-sur-Arc;45.37;7.04;12/08/2026;15:00;24.2;6;AVERSES;5;0;0
Bonneval-sur-Arc;45.37;7.04;12/08/2026;16:00;22.8;6;AVERSES;5;0;0
Bonneval-sur-Arc;45.37;7.04;12/08/2026;17:00;19.2;6;AVERSES;2;0;0
Bonneval-sur-Arc;45.37;7.04;12/08/2026;18:00;19.2;6;AVERSES;2;0;0
Bonneval-sur-Arc;45.37;7.04;12/08/2026;19:00;19.2;6;AVERSES;2;0;0
Bonneval-sur-Arc;45.37;7.04;12/08/2026;20:00;17.0;6;AVERSES;5;0;0
Bonneval-sur-Arc;45.37;7.04;12/08/2026;21:00;15.5;6;AVERSES;5;0;0
Bonneval-sur-Arc;45.37;7.04;12/08/2026;22:00;14.1;6;AVERSES;5;0;0
Bonneval-sur-Arc;45.37;7.04;12/08/2026;23:00;14.6;0;SOLEIL;0;0;0
Chambéry;45.56;5.91;08/08/2026;00:00;22.1;0;SOLEIL;2;0;0
Chambéry;45.56;5.91;08/08/2026;01:00;22.1;0;SOLEIL;2;0;0
Chambéry;45.56;5.91;08/08/2026;02:00;20.9;0;SOLEIL;0;0;0
Chambéry;45.56;5.91;08/08/2026;03:00;20.9;0;SOLEIL;0;0;0
Chambéry;45.56;5.91;08/08/2026;04:00;20.9;0;SOLEIL;0;0;0
Chambéry;45.56;5.91;08/08/2026;05:00;21.1;0;SOLEIL;0;0;0
Chambéry;45.56;5.91;08/08/2026;06:00;21.1;0;SOLEIL;0;0;0
Chambéry;45.56;5.91;08/08/2026;07:00;21.1;0;SOLEIL;0;0;0
Chambéry;45.56;5.91;08/08/2026;08:00;26.9;0;SOLEIL;2;0;0
Chambéry;45.56;5.91;08/08/2026;09:00;26.9;0;SOLEIL;2;0;0
Chambéry;45.56;5.91;08/08/2026;10:00;26.9;0;SOLEIL;2;0;0
Chambéry;45.56;5.91;08/08/2026;11:00;31.5;0;SOLEIL;3;0;0
Chambéry;45.56;5.91;08/08/2026;12:00;31.5;0;SOLEIL;3;0;0
Chambéry;45.56;5.91;08/08/2026;13:00;31.5;0;SOLEIL;3;0;0
Chambéry;45.56;5.91;08/08/2026;14:00;33.6;0;SOLEIL;2;0;0
Chambéry;45.56;5.91;08/08/2026;15:00;33.6;0;SOLEIL;2;0;0
Chambéry;45.56;5.91;08/08/2026;16:00;33.6;0;SOLEIL;2;0;0
Chambéry;45.56;5.91;08/08/2026;17:00;30.7;0;SOLEIL;1;0;0
Chambéry;45.56;5.91;08/08/2026;18:00;30.7;0;SOLEIL;1;0;0
Chambéry;45.56;5.91;08/08/2026;19:00;30.7;0;SOLEIL;1;0;0
Chambéry;45.56;5.91;08/08/2026;20:00;24.9;0;SOLEIL;0;0;0
Chambéry;45.56;5.91;08/08/2026;21:00;24.9;0;SOLEIL;0;0;0
Chambéry;45.56;5.91;08/08/2026;22:00;24.9;0;SOLEIL;0;0;0
Chambéry;45.56;5.91;08/08/2026;23:00;23.1;0;SOLEIL;0;0;0
Chambéry;45.56;5.91;09/08/2026;00:00;23.1;0;SOLEIL;0;0;0
Chambéry;45.56;5.91;09/08/2026;01:00;23.1;0;SOLEIL;0;0;0
Chambéry;45.56;5.91;09/08/2026;02:00;22.1;0;SOLEIL;1;0;0
Chambéry;45.56;5.91;09/08/2026;03:00;22.1;0;SOLEIL;1;0;0
Chambéry;45.56;5.91;09/08/2026;04:00;22.1;0;SOLEIL;1;0;0
Chambéry;45.56;5.91;09/08/2026;05:00;22.4;0;SOLEIL;0;0;0
Chambéry;45.56;5.91;09/08/2026;06:00;22.4;0;SOLEIL;0;0;0
Chambéry;45.56;5.91;09/08/2026;07:00;22.4;0;SOLEIL;0;0;0
Chambéry;45.56;5.91;09/08/2026;08:00;29;0;SOLEIL;1;0;0
Chambéry;45.56;5.91;09/08/2026;09:00;29;0;SOLEIL;1;0;0
Chambéry;45.56;5.91;09/08/2026;10:00;29;0;SOLEIL;1;0;0
Chambéry;45.56;5.91;09/08/2026;11:00;33.1;0;SOLEIL;2;0;0
Chambéry;45.56;5.91;09/08/2026;12:00;33.1;0;SOLEIL;2;0;0
Chambéry;45.56;5.91;09/08/2026;13:00;33.1;0;SOLEIL;2;0;0
Chambéry;45.56;5.91;09/08/2026;14:00;34;10;ORAGEUX;3;0;0
Chambéry;45.56;5.91;09/08/2026;15:00;34;10;ORAGEUX;3;0;0
Chambéry;45.56;5.91;09/08/2026;16:00;34;10;ORAGEUX;3;0;0
Chambéry;45.56;5.91;09/08/2026;17:00;29.9;10;ORAGEUX;2;0;0
Chambéry;45.56;5.91;09/08/2026;18:00;29.9;10;ORAGEUX;2;0;0
Chambéry;45.56;5.91;09/08/2026;19:00;29.9;10;ORAGEUX;2;0;0
Chambéry;45.56;5.91;09/08/2026;20:00;25.8;0;SOLEIL;5;0;0
Chambéry;45.56;5.91;09/08/2026;21:00;24.3;0;SOLEIL;5;0;0
Chambéry;45.56;5.91;09/08/2026;22:00;22.7;0;SOLEIL;5;0;0
Chambéry;45.56;5.91;09/08/2026;23:00;25.4;0;SOLEIL;1;0;0
Chambéry;45.56;5.91;10/08/2026;00:00;25.4;0;SOLEIL;1;0;0
Chambéry;45.56;5.91;10/08/2026;01:00;25.4;0;SOLEIL;1;0;0
Chambéry;45.56;5.91;10/08/2026;02:00;20.9;10;ORAGEUX;5;0;0
Chambéry;45.56;5.91;10/08/2026;03:00;20.9;10;ORAGEUX;5;0;0
Chambéry;45.56;5.91;10/08/2026;04:00;20.9;10;ORAGEUX;5;0;0
Chambéry;45.56;5.91;10/08/2026;05:00;19.4;0;SOLEIL;2;0;0
Chambéry;45.56;5.91;10/08/2026;06:00;19.4;0;SOLEIL;2;0;0
Chambéry;45.56;5.91;10/08/2026;07:00;19.4;0;SOLEIL;2;0;0
Chambéry;45.56;5.91;10/08/2026;08:00;23.9;10;ORAGEUX;5;0;0
Chambéry;45.56;5.91;10/08/2026;09:00;25.5;10;ORAGEUX;5;0;0
Chambéry;45.56;5.91;10/08/2026;10:00;27.0;10;ORAGEUX;5;0;0
Chambéry;45.56;5.91;10/08/2026;11:00;30.6;6;AVERSES;2;0;0
Chambéry;45.56;5.91;10/08/2026;12:00;30.6;6;AVERSES;2;0;0
Chambéry;45.56;5.91;10/08/2026;13:00;30.6;6;AVERSES;2;0;0
Chambéry;45.56;5.91;10/08/2026;14:00;33.1;10;ORAGEUX;5;0;0
Chambéry;45.56;5.91;10/08/2026;15:00;34.6;10;ORAGEUX;5;0;0
Chambéry;45.56;5.91;10/08/2026;16:00;33.1;10;ORAGEUX;5;0;0
Chambéry;45.56;5.91;10/08/2026;17:00;27.6;6;AVERSES;2;0;0
Chambéry;45.56;5.91;10/08/2026;18:00;27.6;6;AVERSES;2;0;0
Chambéry;45.56;5.91;10/08/2026;19:00;27.6;6;AVERSES;2;0;0
Chambéry;45.56;5.91;10/08/2026;20:00;27.0;10;ORAGEUX;5;0;0
Chambéry;45.56;5.91;10/08/2026;21:00;25.5;10;ORAGEUX;5;0;0
Chambéry;45.56;5.91;10/08/2026;22:00;23.9;10;ORAGEUX;5;0;0
Chambéry;45.56;5.91;10/08/2026;23:00;19.2;0;SOLEIL;1;0;0
Chambéry;45.56;5.91;11/08/2026;00:00;19.2;0;SOLEIL;1;0;0
Chambéry;45.56;5.91;11/08/2026;01:00;19.2;0;SOLEIL;1;0;0
Chambéry;45.56;5.91;11/08/2026;02:00;17.9;6;AVERSES;5;0;0
Chambéry;45.56;5.91;11/08/2026;03:00;17.9;6;AVERSES;5;0;0
Chambéry;45.56;5.91;11/08/2026;04:00;17.9;6;AVERSES;5;0;0
Chambéry;45.56;5.91;11/08/2026;05:00;18.6;0;SOLEIL;1;0;0
Chambéry;45.56;5.91;11/08/2026;06:00;18.6;0;SOLEIL;1;0;0
Chambéry;45.56;5.91;11/08/2026;07:00;18.6;0;SOLEIL;1;0;0
Chambéry;45.56;5.91;11/08/2026;08:00;21.2;6;AVERSES;5;0;0
Chambéry;45.56;5.91;11/08/2026;09:00;22.8;6;AVERSES;5;0;0
Chambéry;45.56;5.91;11/08/2026;10:00;24.4;6;AVERSES;5;0;0
Chambéry;45.56;5.91;11/08/2026;11:00;31;0;SOLEIL;3;0;0
Chambéry;45.56;5.91;11/08/2026;12:00;31;0;SOLEIL;3;0;0
Chambéry;45.56;5.91;11/08/2026;13:00;31;0;SOLEIL;3;0;0
Chambéry;45.56;5.91;11/08/2026;14:00;31.0;6;AVERSES;5;0;0
Chambéry;45.56;5.91;11/08/2026;15:00;32.6;6;AVERSES;5;0;0
Chambéry;45.56;5.91;11/08/2026;16:00;31.0;6;AVERSES;5;0;0
Chambéry;45.56;5.91;11/08/2026;17:00;29.4;0;SOLEIL;1;0;0
Chambéry;45.56;5.91;11/08/2026;18:00;29.4;0;SOLEIL;1;0;0
Chambéry;45.56;5.91;11/08/2026;19:00;29.4;0;SOLEIL;1;0;0
Chambéry;45.56;5.91;11/08/2026;20:00;24.4;6;AVERSES;5;0;0
Chambéry;45.56;5.91;11/08/2026;21:00;22.8;6;AVERSES;5;0;0
Chambéry;45.56;5.91;11/08/2026;22:00;21.2;6;AVERSES;5;0;0
Chambéry;45.56;5.91;11/08/2026;23:00;19.9;0;SOLEIL;1;0;0
Chambéry;45.56;5.91;12/08/2026;00:00;19.9;0;SOLEIL;1;0;0
Chambéry;45.56;5.91;12/08/2026;01:00;19.9;0;SOLEIL;1;0;0
Chambéry;45.56;5.91;12/08/2026;02:00;17;0;SOLEIL;5;0;0
Chambéry;45.56;5.91;12/08/2026;03:00;17;0;SOLEIL;5;0;0
Chambéry;45.56;5.91;12/08/2026;04:00;17;0;SOLEIL;5;0;0
Chambéry;45.56;5.91;12/08/2026;05:00;20;0;SOLEIL;1;0;0
Chambéry;45.56;5.91;12/08/2026;06:00;20;0;SOLEIL;1;0;0
Chambéry;45.56;5.91;12/08/2026;07:00;20;0;SOLEIL;1;0;0
Chambéry;45.56;5.91;12/08/2026;08:00;20.6;0;SOLEIL;5;0;0
Chambéry;45.56;5.91;12/08/2026;09:00;22.5;0;SOLEIL;5;0;0
Chambéry;45.56;5.91;12/08/2026;10:00;24.3;0;SOLEIL;5;0;0
Chambéry;45.56;5.91;12/08/2026;11:00;32.6;0;SOLEIL;2;0;0
Chambéry;45.56;5.91;12/08/2026;12:00;32.6;0;SOLEIL;2;0;0
Chambéry;45.56;5.91;12/08/2026;13:00;32.6;0;SOLEIL;2;0;0
Chambéry;45.56;5.91;12/08/2026;14:00;31.6;0;SOLEIL;5;0;0
Chambéry;45.56;5.91;12/08/2026;15:00;33.4;0;SOLEIL;5;0;0
Chambéry;45.56;5.91;12/08/2026;16:00;31.6;0;SOLEIL;5;0;0
Chambéry;45.56;5.91;12/08/2026;17:00;29.1;0;SOLEIL;1;0;0
Chambéry;45.56;5.91;12/08/2026;18:00;29.1;0;SOLEIL;1;0;0
Chambéry;45.56;5.91;12/08/2026;19:00;29.1;0;SOLEIL;1;0;0
Chambéry;45.56;5.91;12/08/2026;20:00;24.3;0;SOLEIL;5;0;0
Chambéry;45.56;5.91;12/08/2026;21:00;22.5;0;SOLEIL;5;0;0
Chambéry;45.56;5.91;12/08/2026;22:00;20.6;0;SOLEIL;5;0;0
Chambéry;45.56;5.91;12/08/2026;23:00;21.4;0;SOLEIL;1;0;0
Moûtiers;45.48;6.53;08/08/2026;00:00;19.2;0;SOLEIL;0;0;0
Moûtiers;45.48;6.53;08/08/2026;01:00;19.2;0;SOLEIL;0;0;0
Moûtiers;45.48;6.53;08/08/2026;02:00;17.1;0;SOLEIL;0;0;0
Moûtiers;45.48;6.53;08/08/2026;03:00;17.1;0;SOLEIL;0;0;0
Moûtiers;45.48;6.53;08/08/2026;04:00;17.1;0;SOLEIL;0;0;0
Moûtiers;45.48;6.53;08/08/2026;05:00;16.7;0;SOLEIL;0;0;0
Moûtiers;45.48;6.53;08/08/2026;06:00;16.7;0;SOLEIL;0;0;0
Moûtiers;45.48;6.53;08/08/2026;07:00;16.7;0;SOLEIL;0;0;0
Moûtiers;45.48;6.53;08/08/2026;08:00;25.6;0;SOLEIL;1;0;0
Moûtiers;45.48;6.53;08/08/2026;09:00;25.6;0;SOLEIL;1;0;0
Moûtiers;45.48;6.53;08/08/2026;10:00;25.6;0;SOLEIL;1;0;0
Moûtiers;45.48;6.53;08/08/2026;11:00;33;0;SOLEIL;2;0;0
Moûtiers;45.48;6.53;08/08/2026;12:00;33;0;SOLEIL;2;0;0
Moûtiers;45.48;6.53;08/08/2026;13:00;33;0;SOLEIL;2;0;0
Moûtiers;45.48;6.53;08/08/2026;14:00;35.7;0;SOLEIL;2;0;0
Moûtiers;45.48;6.53;08/08/2026;15:00;35.7;0;SOLEIL;2;0;0
Moûtiers;45.48;6.53;08/08/2026;16:00;35.7;0;SOLEIL;2;0;0
Moûtiers;45.48;6.53;08/08/2026;17:00;30.1;0;SOLEIL;1;0;0
Moûtiers;45.48;6.53;08/08/2026;18:00;30.1;0;SOLEIL;1;0;0
Moûtiers;45.48;6.53;08/08/2026;19:00;30.1;0;SOLEIL;1;0;0
Moûtiers;45.48;6.53;08/08/2026;20:00;24.2;0;SOLEIL;0;0;0
Moûtiers;45.48;6.53;08/08/2026;21:00;24.2;0;SOLEIL;0;0;0
Moûtiers;45.48;6.53;08/08/2026;22:00;24.2;0;SOLEIL;0;0;0
Moûtiers;45.48;6.53;08/08/2026;23:00;20.7;0;SOLEIL;0;0;0
Moûtiers;45.48;6.53;09/08/2026;00:00;20.7;0;SOLEIL;0;0;0
Moûtiers;45.48;6.53;09/08/2026;01:00;20.7;0;SOLEIL;0;0;0
Moûtiers;45.48;6.53;09/08/2026;02:00;18.9;0;SOLEIL;1;0;0
Moûtiers;45.48;6.53;09/08/2026;03:00;18.9;0;SOLEIL;1;0;0
Moûtiers;45.48;6.53;09/08/2026;04:00;18.9;0;SOLEIL;1;0;0
Moûtiers;45.48;6.53;09/08/2026;05:00;18.7;0;SOLEIL;0;0;0
Moûtiers;45.48;6.53;09/08/2026;06:00;18.7;0;SOLEIL;0;0;0
Moûtiers;45.48;6.53;09/08/2026;07:00;18.7;0;SOLEIL;0;0;0
Moûtiers;45.48;6.53;09/08/2026;08:00;28.2;0;SOLEIL;1;0;0
Moûtiers;45.48;6.53;09/08/2026;09:00;28.2;0;SOLEIL;1;0;0
Moûtiers;45.48;6.53;09/08/2026;10:00;28.2;0;SOLEIL;1;0;0
Moûtiers;45.48;6.53;09/08/2026;11:00;32.4;0;SOLEIL;2;0;0
Moûtiers;45.48;6.53;09/08/2026;12:00;32.4;0;SOLEIL;2;0;0
Moûtiers;45.48;6.53;09/08/2026;13:00;32.4;0;SOLEIL;2;0;0
Moûtiers;45.48;6.53;09/08/2026;14:00;33.7;0;SOLEIL;2;0;0
Moûtiers;45.48;6.53;09/08/2026;15:00;33.7;0;SOLEIL;2;0;0
Moûtiers;45.48;6.53;09/08/2026;16:00;33.7;0;SOLEIL;2;0;0
Moûtiers;45.48;6.53;09/08/2026;17:00;26.1;10;ORAGEUX;1;0;0
Moûtiers;45.48;6.53;09/08/2026;18:00;26.1;10;ORAGEUX;1;0;0
Moûtiers;45.48;6.53;09/08/2026;19:00;26.1;10;ORAGEUX;1;0;0
Moûtiers;45.48;6.53;09/08/2026;20:00;25.1;0;SOLEIL;5;0;0
Moûtiers;45.48;6.53;09/08/2026;21:00;22.9;0;SOLEIL;5;0;0
Moûtiers;45.48;6.53;09/08/2026;22:00;20.6;0;SOLEIL;5;0;0
Moûtiers;45.48;6.53;09/08/2026;23:00;21.9;0;SOLEIL;0;0;0
Moûtiers;45.48;6.53;10/08/2026;00:00;21.9;0;SOLEIL;0;0;0
Moûtiers;45.48;6.53;10/08/2026;01:00;21.9;0;SOLEIL;0;0;0
Moûtiers;45.48;6.53;10/08/2026;02:00;17.1;10;ORAGEUX;5;0;0
Moûtiers;45.48;6.53;10/08/2026;03:00;17.1;10;ORAGEUX;5;0;0
Moûtiers;45.48;6.53;10/08/2026;04:00;17.1;10;ORAGEUX;5;0;0
Moûtiers;45.48;6.53;10/08/2026;05:00;18.1;0;SOLEIL;1;0;0
Moûtiers;45.48;6.53;10/08/2026;06:00;18.1;0;SOLEIL;1;0;0
Moûtiers;45.48;6.53;10/08/2026;07:00;18.1;0;SOLEIL;1;0;0
Moûtiers;45.48;6.53;10/08/2026;08:00;20.9;10;ORAGEUX;5;0;0
Moûtiers;45.48;6.53;10/08/2026;09:00;22.8;10;ORAGEUX;5;0;0
Moûtiers;45.48;6.53;10/08/2026;10:00;24.7;10;ORAGEUX;5;0;0
Moûtiers;45.48;6.53;10/08/2026;11:00;31.5;6;AVERSES;2;0;0
Moûtiers;45.48;6.53;10/08/2026;12:00;31.5;6;AVERSES;2;0;0
Moûtiers;45.48;6.53;10/08/2026;13:00;31.5;6;AVERSES;2;0;0
Moûtiers;45.48;6.53;10/08/2026;14:00;32.2;10;ORAGEUX;5;0;0
Moûtiers;45.48;6.53;10/08/2026;15:00;34.1;10;ORAGEUX;5;0;0
Moûtiers;45.48;6.53;10/08/2026;16:00;32.2;10;ORAGEUX;5;0;0
Moûtiers;45.48;6.53;10/08/2026;17:00;28.4;6;AVERSES;1;0;0
Moûtiers;45.48;6.53;10/08/2026;18:00;28.4;6;AVERSES;1;0;0
Moûtiers;45.48;6.53;10/08/2026;19:00;28.4;6;AVERSES;1;0;0
Moûtiers;45.48;6.53;10/08/2026;20:00;24.7;10;ORAGEUX;5;0;0
Moûtiers;45.48;6.53;10/08/2026;21:00;22.8;10;ORAGEUX;5;0;0
Moûtiers;45.48;6.53;10/08/2026;22:00;20.9;10;ORAGEUX;5;0;0
Moûtiers;45.48;6.53;10/08/2026;23:00;20.4;0;SOLEIL;1;0;0
Moûtiers;45.48;6.53;11/08/2026;00:00;20.4;0;SOLEIL;1;0;0
Moûtiers;45.48;6.53;11/08/2026;01:00;20.4;0;SOLEIL;1;0;0
Moûtiers;45.48;6.53;11/08/2026;02:00;17.4;6;AVERSES;5;0;0
Moûtiers;45.48;6.53;11/08/2026;03:00;17.4;6;AVERSES;5;0;0
Moûtiers;45.48;6.53;11/08/2026;04:00;17.4;6;AVERSES;5;0;0
Moûtiers;45.48;6.53;11/08/2026;05:00;18.1;0;SOLEIL;1;0;0
Moûtiers;45.48;6.53;11/08/2026;06:00;18.1;0;SOLEIL;1;0;0
Moûtiers;45.48;6.53;11/08/2026;07:00;18.1;0;SOLEIL;1;0;0
Moûtiers;45.48;6.53;11/08/2026;08:00;21.0;6;AVERSES;5;0;0
Moûtiers;45.48;6.53;11/08/2026;09:00;22.7;6;AVERSES;5;0;0
Moûtiers;45.48;6.53;11/08/2026;10:00;24.5;6;AVERSES;5;0;0
Moûtiers;45.48;6.53;11/08/2026;11:00;32.6;0;SOLEIL;2;0;0
Moûtiers;45.48;6.53;11/08/2026;12:00;32.6;0;SOLEIL;2;0;0
Moûtiers;45.48;6.53;11/08/2026;13:00;32.6;0;SOLEIL;2;0;0
Moûtiers;45.48;6.53;11/08/2026;14:00;31.6;6;AVERSES;5;0;0
Moûtiers;45.48;6.53;11/08/2026;15:00;33.4;6;AVERSES;5;0;0
Moûtiers;45.48;6.53;11/08/2026;16:00;31.6;6;AVERSES;5;0;0
Moûtiers;45.48;6.53;11/08/2026;17:00;29.9;0;SOLEIL;1;0;0
Moûtiers;45.48;6.53;11/08/2026;18:00;29.9;0;SOLEIL;1;0;0
Moûtiers;45.48;6.53;11/08/2026;19:00;29.9;0;SOLEIL;1;0;0
Moûtiers;45.48;6.53;11/08/2026;20:00;24.5;6;AVERSES;5;0;0
Moûtiers;45.48;6.53;11/08/2026;21:00;22.7;6;AVERSES;5;0;0
Moûtiers;45.48;6.53;11/08/2026;22:00;21.0;6;AVERSES;5;0;0
Moûtiers;45.48;6.53;11/08/2026;23:00;21.2;0;SOLEIL;1;0;0
Moûtiers;45.48;6.53;12/08/2026;00:00;21.2;0;SOLEIL;1;0;0
Moûtiers;45.48;6.53;12/08/2026;01:00;21.2;0;SOLEIL;1;0;0
Moûtiers;45.48;6.53;12/08/2026;02:00;16.9;0;SOLEIL;5;0;0
Moûtiers;45.48;6.53;12/08/2026;03:00;16.9;0;SOLEIL;5;0;0
Moûtiers;45.48;6.53;12/08/2026;04:00;16.9;0;SOLEIL;5;0;0
Moûtiers;45.48;6.53;12/08/2026;05:00;18.7;0;SOLEIL;1;0;0
Moûtiers;45.48;6.53;12/08/2026;06:00;18.7;0;SOLEIL;1;0;0
Moûtiers;45.48;6.53;12/08/2026;07:00;18.7;0;SOLEIL;1;0;0
Moûtiers;45.48;6.53;12/08/2026;08:00;20.9;0;SOLEIL;5;0;0
Moûtiers;45.48;6.53;12/08/2026;09:00;22.9;0;SOLEIL;5;0;0
Moûtiers;45.48;6.53;12/08/2026;10:00;24.9;0;SOLEIL;5;0;0
Moûtiers;45.48;6.53;12/08/2026;11:00;34;0;SOLEIL;3;0;0
Moûtiers;45.48;6.53;12/08/2026;12:00;34;0;SOLEIL;3;0;0
Moûtiers;45.48;6.53;12/08/2026;13:00;34;0;SOLEIL;3;0;0
Moûtiers;45.48;6.53;12/08/2026;14:00;33.0;0;SOLEIL;5;0;0
Moûtiers;45.48;6.53;12/08/2026;15:00;35.0;0;SOLEIL;5;0;0
Moûtiers;45.48;6.53;12/08/2026;16:00;33.0;0;SOLEIL;5;0;0
Moûtiers;45.48;6.53;12/08/2026;17:00;29.6;0;SOLEIL;1;0;0
Moûtiers;45.48;6.53;12/08/2026;18:00;29.6;0;SOLEIL;1;0;0
Moûtiers;45.48;6.53;12/08/2026;19:00;29.6;0;SOLEIL;1;0;0
Moûtiers;45.48;6.53;12/08/2026;20:00;24.9;0;SOLEIL;5;0;0
Moûtiers;45.48;6.53;12/08/2026;21:00;22.9;0;SOLEIL;5;0;0
Moûtiers;45.48;6.53;12/08/2026;22:00;20.9;0;SOLEIL;5;0;0
Moûtiers;45.48;6.53;12/08/2026;23:00;21.7;0;SOLEIL;1;0;0
Annecy;45.9;6.12;08/08/2026;00:00;20.1;0;SOLEIL;1;0;0
Annecy;45.9;6.12;08/08/2026;01:00;20.1;0;SOLEIL;1;0;0
Annecy;45.9;6.12;08/08/2026;02:00;18.2;0;SOLEIL;1;0;0
Annecy;45.9;6.12;08/08/2026;03:00;18.2;0;SOLEIL;1;0;0
Annecy;45.9;6.12;08/08/2026;04:00;18.2;0;SOLEIL;1;0;0
Annecy;45.9;6.12;08/08/2026;05:00;20;0;SOLEIL;1;0;0
Annecy;45.9;6.12;08/08/2026;06:00;20;0;SOLEIL;1;0;0
Annecy;45.9;6.12;08/08/2026;07:00;20;0;SOLEIL;1;0;0
Annecy;45.9;6.12;08/08/2026;08:00;25.7;0;SOLEIL;2;0;0
Annecy;45.9;6.12;08/08/2026;09:00;25.7;0;SOLEIL;2;0;0
Annecy;45.9;6.12;08/08/2026;10:00;25.7;0;SOLEIL;2;0;0
Annecy;45.9;6.12;08/08/2026;11:00;30.1;0;SOLEIL;2;0;0
Annecy;45.9;6.12;08/08/2026;12:00;30.1;0;SOLEIL;2;0;0
Annecy;45.9;6.12;08/08/2026;13:00;30.1;0;SOLEIL;2;0;0
Annecy;45.9;6.12;08/08/2026;14:00;32.6;0;SOLEIL;2;0;0
Annecy;45.9;6.12;08/08/2026;15:00;32.6;0;SOLEIL;2;0;0
Annecy;45.9;6.12;08/08/2026;16:00;32.6;0;SOLEIL;2;0;0
Annecy;45.9;6.12;08/08/2026;17:00;30.2;0;SOLEIL;2;0;0
Annecy;45.9;6.12;08/08/2026;18:00;30.2;0;SOLEIL;2;0;0
Annecy;45.9;6.12;08/08/2026;19:00;30.2;0;SOLEIL;2;0;0
Annecy;45.9;6.12;08/08/2026;20:00;24.1;0;SOLEIL;2;0;0
Annecy;45.9;6.12;08/08/2026;21:00;24.1;0;SOLEIL;2;0;0
Annecy;45.9;6.12;08/08/2026;22:00;24.1;0;SOLEIL;2;0;0
Annecy;45.9;6.12;08/08/2026;23:00;21.7;0;SOLEIL;2;0;0
Annecy;45.9;6.12;09/08/2026;00:00;21.7;0;SOLEIL;2;0;0
Annecy;45.9;6.12;09/08/2026;01:00;21.7;0;SOLEIL;2;0;0
Annecy;45.9;6.12;09/08/2026;02:00;20.6;0;SOLEIL;1;0;0
Annecy;45.9;6.12;09/08/2026;03:00;20.6;0;SOLEIL;1;0;0
Annecy;45.9;6.12;09/08/2026;04:00;20.6;0;SOLEIL;1;0;0
Annecy;45.9;6.12;09/08/2026;05:00;21.4;0;SOLEIL;1;0;0
Annecy;45.9;6.12;09/08/2026;06:00;21.4;0;SOLEIL;1;0;0
Annecy;45.9;6.12;09/08/2026;07:00;21.4;0;SOLEIL;1;0;0
Annecy;45.9;6.12;09/08/2026;08:00;27.9;0;SOLEIL;2;0;0
Annecy;45.9;6.12;09/08/2026;09:00;27.9;0;SOLEIL;2;0;0
Annecy;45.9;6.12;09/08/2026;10:00;27.9;0;SOLEIL;2;0;0
Annecy;45.9;6.12;09/08/2026;11:00;31.1;0;SOLEIL;3;0;0
Annecy;45.9;6.12;09/08/2026;12:00;31.1;0;SOLEIL;3;0;0
Annecy;45.9;6.12;09/08/2026;13:00;31.1;0;SOLEIL;3;0;0
Annecy;45.9;6.12;09/08/2026;14:00;31.1;5;SOLEIL VOILÉ;3;0;0
Annecy;45.9;6.12;09/08/2026;15:00;31.1;5;SOLEIL VOILÉ;3;0;0
Annecy;45.9;6.12;09/08/2026;16:00;31.1;5;SOLEIL VOILÉ;3;0;0
Annecy;45.9;6.12;09/08/2026;17:00;29.4;5;SOLEIL VOILÉ;2;0;0
Annecy;45.9;6.12;09/08/2026;18:00;29.4;5;SOLEIL VOILÉ;2;0;0
Annecy;45.9;6.12;09/08/2026;19:00;29.4;5;SOLEIL VOILÉ;2;0;0
Annecy;45.9;6.12;09/08/2026;20:00;24.2;0;SOLEIL;5;0;0
Annecy;45.9;6.12;09/08/2026;21:00;22.4;0;SOLEIL;5;0;0
Annecy;45.9;6.12;09/08/2026;22:00;20.6;0;SOLEIL;5;0;0
Annecy;45.9;6.12;09/08/2026;23:00;22.7;0;SOLEIL;2;0;0
Annecy;45.9;6.12;10/08/2026;00:00;22.7;0;SOLEIL;2;0;0
Annecy;45.9;6.12;10/08/2026;01:00;22.7;0;SOLEIL;2;0;0
Annecy;45.9;6.12;10/08/2026;02:00;19.4;0;SOLEIL;5;0;0
Annecy;45.9;6.12;10/08/2026;03:00;19.4;0;SOLEIL;5;0;0
Annecy;45.9;6.12;10/08/2026;04:00;19.4;0;SOLEIL;5;0;0
Annecy;45.9;6.12;10/08/2026;05:00;19.9;0;SOLEIL;1;0;0
Annecy;45.9;6.12;10/08/2026;06:00;19.9;0;SOLEIL;1;0;0
Annecy;45.9;6.12;10/08/2026;07:00;19.9;0;SOLEIL;1;0;0
Annecy;45.9;6.12;10/08/2026;08:00;22.2;0;SOLEIL;5;0;0
Annecy;45.9;6.12;10/08/2026;09:00;23.7;0;SOLEIL;5;0;0
Annecy;45.9;6.12;10/08/2026;10:00;25.1;0;SOLEIL;5;0;0
Annecy;45.9;6.12;10/08/2026;11:00;30.7;0;SOLEIL;2;0;0
Annecy;45.9;6.12;10/08/2026;12:00;30.7;0;SOLEIL;2;0;0
Annecy;45.9;6.12;10/08/2026;13:00;30.7;0;SOLEIL;2;0;0
Annecy;45.9;6.12;10/08/2026;14:00;30.8;0;SOLEIL;5;0;0
Annecy;45.9;6.12;10/08/2026;15:00;32.2;0;SOLEIL;5;0;0
Annecy;45.9;6.12;10/08/2026;16:00;30.8;0;SOLEIL;5;0;0
Annecy;45.9;6.12;10/08/2026;17:00;27.6;6;AVERSES;2;0;0
Annecy;45.9;6.12;10/08/2026;18:00;27.6;6;AVERSES;2;0;0
Annecy;45.9;6.12;10/08/2026;19:00;27.6;6;AVERSES;2;0;0
Annecy;45.9;6.12;10/08/2026;20:00;25.1;0;SOLEIL;5;0;0
Annecy;45.9;6.12;10/08/2026;21:00;23.7;0;SOLEIL;5;0;0
Annecy;45.9;6.12;10/08/2026;22:00;22.2;0;SOLEIL;5;0;0
Annecy;45.9;6.12;10/08/2026;23:00;20.6;0;SOLEIL;1;0;0
Annecy;45.9;6.12;11/08/2026;00:00;20.6;0;SOLEIL;1;0;0
Annecy;45.9;6.12;11/08/2026;01:00;20.6;0;SOLEIL;1;0;0
Annecy;45.9;6.12;11/08/2026;02:00;18.5;0;SOLEIL;5;0;0
Annecy;45.9;6.12;11/08/2026;03:00;18.5;0;SOLEIL;5;0;0
Annecy;45.9;6.12;11/08/2026;04:00;18.5;0;SOLEIL;5;0;0
Annecy;45.9;6.12;11/08/2026;05:00;19.1;0;SOLEIL;2;0;0
Annecy;45.9;6.12;11/08/2026;06:00;19.1;0;SOLEIL;2;0;0
Annecy;45.9;6.12;11/08/2026;07:00;19.1;0;SOLEIL;2;0;0
Annecy;45.9;6.12;11/08/2026;08:00;21.6;0;SOLEIL;5;0;0
Annecy;45.9;6.12;11/08/2026;09:00;23.2;0;SOLEIL;5;0;0
Annecy;45.9;6.12;11/08/2026;10:00;24.8;0;SOLEIL;5;0;0
Annecy;45.9;6.12;11/08/2026;11:00;30.7;0;SOLEIL;3;0;0
Annecy;45.9;6.12;11/08/2026;12:00;30.7;0;SOLEIL;3;0;0
Annecy;45.9;6.12;11/08/2026;13:00;30.7;0;SOLEIL;3;0;0
Annecy;45.9;6.12;11/08/2026;14:00;31.0;0;SOLEIL;5;0;0
Annecy;45.9;6.12;11/08/2026;15:00;32.6;0;SOLEIL;5;0;0
Annecy;45.9;6.12;11/08/2026;16:00;31.0;0;SOLEIL;5;0;0
Annecy;45.9;6.12;11/08/2026;17:00;30.1;0;SOLEIL;2;0;0
Annecy;45.9;6.12;11/08/2026;18:00;30.1;0;SOLEIL;2;0;0
Annecy;45.9;6.12;11/08/2026;19:00;30.1;0;SOLEIL;2;0;0
Annecy;45.9;6.12;11/08/2026;20:00;24.8;0;SOLEIL;5;0;0
Annecy;45.9;6.12;11/08/2026;21:00;23.2;0;SOLEIL;5;0;0
Annecy;45.9;6.12;11/08/2026;22:00;21.6;0;SOLEIL;5;0;0
Annecy;45.9;6.12;11/08/2026;23:00;22.1;0;SOLEIL;2;0;0
Annecy;45.9;6.12;12/08/2026;00:00;22.1;0;SOLEIL;2;0;0
Annecy;45.9;6.12;12/08/2026;01:00;22.1;0;SOLEIL;2;0;0
Annecy;45.9;6.12;12/08/2026;02:00;17.6;0;SOLEIL;5;0;0
Annecy;45.9;6.12;12/08/2026;03:00;17.6;0;SOLEIL;5;0;0
Annecy;45.9;6.12;12/08/2026;04:00;17.6;0;SOLEIL;5;0;0
Annecy;45.9;6.12;12/08/2026;05:00;20.6;0;SOLEIL;2;0;0
Annecy;45.9;6.12;12/08/2026;06:00;20.6;0;SOLEIL;2;0;0
Annecy;45.9;6.12;12/08/2026;07:00;20.6;0;SOLEIL;2;0;0
Annecy;45.9;6.12;12/08/2026;08:00;21.0;0;SOLEIL;5;0;0
Annecy;45.9;6.12;12/08/2026;09:00;22.8;0;SOLEIL;5;0;0
Annecy;45.9;6.12;12/08/2026;10:00;24.5;0;SOLEIL;5;0;0
Annecy;45.9;6.12;12/08/2026;11:00;31.5;0;SOLEIL;1;0;0
Annecy;45.9;6.12;12/08/2026;12:00;31.5;0;SOLEIL;1;0;0
Annecy;45.9;6.12;12/08/2026;13:00;31.5;0;SOLEIL;1;0;0
Annecy;45.9;6.12;12/08/2026;14:00;31.4;0;SOLEIL;5;0;0
Annecy;45.9;6.12;12/08/2026;15:00;33.1;0;SOLEIL;5;0;0
Annecy;45.9;6.12;12/08/2026;16:00;31.4;0;SOLEIL;5;0;0
Annecy;45.9;6.12;12/08/2026;17:00;30.2;0;SOLEIL;2;0;0
Annecy;45.9;6.12;12/08/2026;18:00;30.2;0;SOLEIL;2;0;0
Annecy;45.9;6.12;12/08/2026;19:00;30.2;0;SOLEIL;2;0;0
Annecy;45.9;6.12;12/08/2026;20:00;24.5;0;SOLEIL;5;0;0
Annecy;45.9;6.12;12/08/2026;21:00;22.8;0;SOLEIL;5;0;0
Annecy;45.9;6.12;12/08/2026;22:00;21.0;0;SOLEIL;5;0;0
Annecy;45.9;6.12;12/08/2026;23:00;23.6;0;SOLEIL;0;0;0
Chamonix;45.92;6.86;08/08/2026;00:00;13.1;0;SOLEIL;0;0;0
Chamonix;45.92;6.86;08/08/2026;01:00;13.1;0;SOLEIL;0;0;0
Chamonix;45.92;6.86;08/08/2026;02:00;11.7;0;SOLEIL;4;0;0
Chamonix;45.92;6.86;08/08/2026;03:00;11.7;0;SOLEIL;4;0;0
Chamonix;45.92;6.86;08/08/2026;04:00;11.7;0;SOLEIL;4;0;0
Chamonix;45.92;6.86;08/08/2026;05:00;11.1;0;SOLEIL;3;0;0
Chamonix;45.92;6.86;08/08/2026;06:00;11.1;0;SOLEIL;3;0;0
Chamonix;45.92;6.86;08/08/2026;07:00;11.1;0;SOLEIL;3;0;0
Chamonix;45.92;6.86;08/08/2026;08:00;23.1;0;SOLEIL;1;0;0
Chamonix;45.92;6.86;08/08/2026;09:00;23.1;0;SOLEIL;1;0;0
Chamonix;45.92;6.86;08/08/2026;10:00;23.1;0;SOLEIL;1;0;0
Chamonix;45.92;6.86;08/08/2026;11:00;29;0;SOLEIL;2;0;0
Chamonix;45.92;6.86;08/08/2026;12:00;29;0;SOLEIL;2;0;0
Chamonix;45.92;6.86;08/08/2026;13:00;29;0;SOLEIL;2;0;0
Chamonix;45.92;6.86;08/08/2026;14:00;31.2;0;SOLEIL;2;0;0
Chamonix;45.92;6.86;08/08/2026;15:00;31.2;0;SOLEIL;2;0;0
Chamonix;45.92;6.86;08/08/2026;16:00;31.2;0;SOLEIL;2;0;0
Chamonix;45.92;6.86;08/08/2026;17:00;22.1;0;SOLEIL;1;0;0
Chamonix;45.92;6.86;08/08/2026;18:00;22.1;0;SOLEIL;1;0;0
Chamonix;45.92;6.86;08/08/2026;19:00;22.1;0;SOLEIL;1;0;0
Chamonix;45.92;6.86;08/08/2026;20:00;16.1;0;SOLEIL;3;0;0
Chamonix;45.92;6.86;08/08/2026;21:00;16.1;0;SOLEIL;3;0;0
Chamonix;45.92;6.86;08/08/2026;22:00;16.1;0;SOLEIL;3;0;0
Chamonix;45.92;6.86;08/08/2026;23:00;13.7;0;SOLEIL;0;0;0
Chamonix;45.92;6.86;09/08/2026;00:00;13.7;0;SOLEIL;0;0;0
Chamonix;45.92;6.86;09/08/2026;01:00;13.7;0;SOLEIL;0;0;0
Chamonix;45.92;6.86;09/08/2026;02:00;13.7;0;SOLEIL;2;0;0
Chamonix;45.92;6.86;09/08/2026;03:00;13.7;0;SOLEIL;2;0;0
Chamonix;45.92;6.86;09/08/2026;04:00;13.7;0;SOLEIL;2;0;0
Chamonix;45.92;6.86;09/08/2026;05:00;14.1;0;SOLEIL;2;0;0
Chamonix;45.92;6.86;09/08/2026;06:00;14.1;0;SOLEIL;2;0;0
Chamonix;45.92;6.86;09/08/2026;07:00;14.1;0;SOLEIL;2;0;0
Chamonix;45.92;6.86;09/08/2026;08:00;24.1;0;SOLEIL;1;0;0
Chamonix;45.92;6.86;09/08/2026;09:00;24.1;0;SOLEIL;1;0;0
Chamonix;45.92;6.86;09/08/2026;10:00;24.1;0;SOLEIL;1;0;0
Chamonix;45.92;6.86;09/08/2026;11:00;28.4;0;SOLEIL;3;0;0
Chamonix;45.92;6.86;09/08/2026;12:00;28.4;0;SOLEIL;3;0;0
Chamonix;45.92;6.86;09/08/2026;13:00;28.4;0;SOLEIL;3;0;0
Chamonix;45.92;6.86;09/08/2026;14:00;28;0;SOLEIL;2;11;0
Chamonix;45.92;6.86;09/08/2026;15:00;28;0;SOLEIL;2;11;0
Chamonix;45.92;6.86;09/08/2026;16:00;28;0;SOLEIL;2;11;0
Chamonix;45.92;6.86;09/08/2026;17:00;20.1;10;ORAGEUX;1;0;0
Chamonix;45.92;6.86;09/08/2026;18:00;20.1;10;ORAGEUX;1;0;0
Chamonix;45.92;6.86;09/08/2026;19:00;20.1;10;ORAGEUX;1;0;0
Chamonix;45.92;6.86;09/08/2026;20:00;20.1;0;SOLEIL;5;0;0
Chamonix;45.92;6.86;09/08/2026;21:00;17.7;0;SOLEIL;5;0;0
Chamonix;45.92;6.86;09/08/2026;22:00;15.4;0;SOLEIL;5;0;0
Chamonix;45.92;6.86;09/08/2026;23:00;13.7;0;SOLEIL;1;0;0
Chamonix;45.92;6.86;10/08/2026;00:00;13.7;0;SOLEIL;1;0;0
Chamonix;45.92;6.86;10/08/2026;01:00;13.7;0;SOLEIL;1;0;0
Chamonix;45.92;6.86;10/08/2026;02:00;12.1;10;ORAGEUX;5;0;0
Chamonix;45.92;6.86;10/08/2026;03:00;12.1;10;ORAGEUX;5;0;0
Chamonix;45.92;6.86;10/08/2026;04:00;12.1;10;ORAGEUX;5;0;0
Chamonix;45.92;6.86;10/08/2026;05:00;13.9;0;SOLEIL;1;0;0
Chamonix;45.92;6.86;10/08/2026;06:00;13.9;0;SOLEIL;1;0;0
Chamonix;45.92;6.86;10/08/2026;07:00;13.9;0;SOLEIL;1;0;0
Chamonix;45.92;6.86;10/08/2026;08:00;15.9;10;ORAGEUX;5;0;0
Chamonix;45.92;6.86;10/08/2026;09:00;17.9;10;ORAGEUX;5;0;0
Chamonix;45.92;6.86;10/08/2026;10:00;19.8;10;ORAGEUX;5;0;0
Chamonix;45.92;6.86;10/08/2026;11:00;27.4;6;AVERSES;2;0;0
Chamonix;45.92;6.86;10/08/2026;12:00;27.4;6;AVERSES;2;0;0
Chamonix;45.92;6.86;10/08/2026;13:00;27.4;6;AVERSES;2;0;0
Chamonix;45.92;6.86;10/08/2026;14:00;27.5;10;ORAGEUX;5;0;0
Chamonix;45.92;6.86;10/08/2026;15:00;29.4;10;ORAGEUX;5;0;0
Chamonix;45.92;6.86;10/08/2026;16:00;27.5;10;ORAGEUX;5;0;0
Chamonix;45.92;6.86;10/08/2026;17:00;20.6;6;AVERSES;0;0;0
Chamonix;45.92;6.86;10/08/2026;18:00;20.6;6;AVERSES;0;0;0
Chamonix;45.92;6.86;10/08/2026;19:00;20.6;6;AVERSES;0;0;0
Chamonix;45.92;6.86;10/08/2026;20:00;19.8;10;ORAGEUX;5;0;0
Chamonix;45.92;6.86;10/08/2026;21:00;17.9;10;ORAGEUX;5;0;0
Chamonix;45.92;6.86;10/08/2026;22:00;15.9;10;ORAGEUX;5;0;0
Chamonix;45.92;6.86;10/08/2026;23:00;13.7;6;AVERSES;1;0;0
Chamonix;45.92;6.86;11/08/2026;00:00;13.7;6;AVERSES;1;0;0
Chamonix;45.92;6.86;11/08/2026;01:00;13.7;6;AVERSES;1;0;0
Chamonix;45.92;6.86;11/08/2026;02:00;12.1;6;AVERSES;5;0;0
Chamonix;45.92;6.86;11/08/2026;03:00;12.1;6;AVERSES;5;0;0
Chamonix;45.92;6.86;11/08/2026;04:00;12.1;6;AVERSES;5;0;0
Chamonix;45.92;6.86;11/08/2026;05:00;12.1;0;SOLEIL;1;0;0
Chamonix;45.92;6.86;11/08/2026;06:00;12.1;0;SOLEIL;1;0;0
Chamonix;45.92;6.86;11/08/2026;07:00;12.1;0;SOLEIL;1;0;0
Chamonix;45.92;6.86;11/08/2026;08:00;15.7;6;AVERSES;5;0;0
Chamonix;45.92;6.86;11/08/2026;09:00;17.5;6;AVERSES;5;0;0
Chamonix;45.92;6.86;11/08/2026;10:00;19.3;6;AVERSES;5;0;0
Chamonix;45.92;6.86;11/08/2026;11:00;29;0;SOLEIL;2;0;0
Chamonix;45.92;6.86;11/08/2026;12:00;29;0;SOLEIL;2;0;0
Chamonix;45.92;6.86;11/08/2026;13:00;29;0;SOLEIL;2;0;0
Chamonix;45.92;6.86;11/08/2026;14:00;26.4;6;AVERSES;5;0;0
Chamonix;45.92;6.86;11/08/2026;15:00;28.2;6;AVERSES;5;0;0
Chamonix;45.92;6.86;11/08/2026;16:00;26.4;6;AVERSES;5;0;0
Chamonix;45.92;6.86;11/08/2026;17:00;21.9;6;AVERSES;1;0;0
Chamonix;45.92;6.86;11/08/2026;18:00;21.9;6;AVERSES;1;0;0
Chamonix;45.92;6.86;11/08/2026;19:00;21.9;6;AVERSES;1;0;0
Chamonix;45.92;6.86;11/08/2026;20:00;19.3;6;AVERSES;5;0;0
Chamonix;45.92;6.86;11/08/2026;21:00;17.5;6;AVERSES;5;0;0
Chamonix;45.92;6.86;11/08/2026;22:00;15.7;6;AVERSES;5;0;0
Chamonix;45.92;6.86;11/08/2026;23:00;14.4;6;AVERSES;1;0;0
Chamonix;45.92;6.86;12/08/2026;00:00;14.4;6;AVERSES;1;0;0
Chamonix;45.92;6.86;12/08/2026;01:00;14.4;6;AVERSES;1;0;0
Chamonix;45.92;6.86;12/08/2026;02:00;10.9;0;SOLEIL;5;0;0
Chamonix;45.92;6.86;12/08/2026;03:00;10.9;0;SOLEIL;5;0;0
Chamonix;45.92;6.86;12/08/2026;04:00;10.9;0;SOLEIL;5;0;0
Chamonix;45.92;6.86;12/08/2026;05:00;12.4;6;AVERSES;1;0;0
Chamonix;45.92;6.86;12/08/2026;06:00;12.4;6;AVERSES;1;0;0
Chamonix;45.92;6.86;12/08/2026;07:00;12.4;6;AVERSES;1;0;0
Chamonix;45.92;6.86;12/08/2026;08:00;15.1;0;SOLEIL;5;0;0
Chamonix;45.92;6.86;12/08/2026;09:00;17.2;0;SOLEIL;5;0;0
Chamonix;45.92;6.86;12/08/2026;10:00;19.3;0;SOLEIL;5;0;0
Chamonix;45.92;6.86;12/08/2026;11:00;29.1;0;SOLEIL;2;0;0
Chamonix;45.92;6.86;12/08/2026;12:00;29.1;0;SOLEIL;2;0;0
Chamonix;45.92;6.86;12/08/2026;13:00;29.1;0;SOLEIL;2;0;0
Chamonix;45.92;6.86;12/08/2026;14:00;27.8;0;SOLEIL;5;0;0
Chamonix;45.92;6.86;12/08/2026;15:00;29.9;0;SOLEIL;5;0;0
Chamonix;45.92;6.86;12/08/2026;16:00;27.8;0;SOLEIL;5;0;0
Chamonix;45.92;6.86;12/08/2026;17:00;22.1;0;SOLEIL;0;0;0
Chamonix;45.92;6.86;12/08/2026;18:00;22.1;0;SOLEIL;0;0;0
Chamonix;45.92;6.86;12/08/2026;19:00;22.1;0;SOLEIL;0;0;0
Chamonix;45.92;6.86;12/08/2026;20:00;19.3;0;SOLEIL;5;0;0
Chamonix;45.92;6.86;12/08/2026;21:00;17.2;0;SOLEIL;5;0;0
Chamonix;45.92;6.86;12/08/2026;22:00;15.1;0;SOLEIL;5;0;0
Chamonix;45.92;6.86;12/08/2026;23:00;14.5;0;SOLEIL;1;0;0
Thonon-les-Bains;46.37;6.48;08/08/2026;00:00;20.5;0;SOLEIL;2;0;0
Thonon-les-Bains;46.37;6.48;08/08/2026;01:00;20.5;0;SOLEIL;2;0;0
Thonon-les-Bains;46.37;6.48;08/08/2026;02:00;17.1;0;SOLEIL;3;0;0
Thonon-les-Bains;46.37;6.48;08/08/2026;03:00;17.1;0;SOLEIL;3;0;0
Thonon-les-Bains;46.37;6.48;08/08/2026;04:00;17.1;0;SOLEIL;3;0;0
Thonon-les-Bains;46.37;6.48;08/08/2026;05:00;19.4;0;SOLEIL;4;0;0
Thonon-les-Bains;46.37;6.48;08/08/2026;06:00;19.4;0;SOLEIL;4;0;0
Thonon-les-Bains;46.37;6.48;08/08/2026;07:00;19.4;0;SOLEIL;4;0;0
Thonon-les-Bains;46.37;6.48;08/08/2026;08:00;25.5;0;SOLEIL;2;0;0
Thonon-les-Bains;46.37;6.48;08/08/2026;09:00;25.5;0;SOLEIL;2;0;0
Thonon-les-Bains;46.37;6.48;08/08/2026;10:00;25.5;0;SOLEIL;2;0;0
Thonon-les-Bains;46.37;6.48;08/08/2026;11:00;30.6;0;SOLEIL;2;0;0
Thonon-les-Bains;46.37;6.48;08/08/2026;12:00;30.6;0;SOLEIL;2;0;0
Thonon-les-Bains;46.37;6.48;08/08/2026;13:00;30.6;0;SOLEIL;2;0;0
Thonon-les-Bains;46.37;6.48;08/08/2026;14:00;32.7;0;SOLEIL;2;0;0
Thonon-les-Bains;46.37;6.48;08/08/2026;15:00;32.7;0;SOLEIL;2;0;0
Thonon-les-Bains;46.37;6.48;08/08/2026;16:00;32.7;0;SOLEIL;2;0;0
Thonon-les-Bains;46.37;6.48;08/08/2026;17:00;30.1;0;SOLEIL;2;0;0
Thonon-les-Bains;46.37;6.48;08/08/2026;18:00;30.1;0;SOLEIL;2;0;0
Thonon-les-Bains;46.37;6.48;08/08/2026;19:00;30.1;0;SOLEIL;2;0;0
Thonon-les-Bains;46.37;6.48;08/08/2026;20:00;24.6;0;SOLEIL;4;0;0
Thonon-les-Bains;46.37;6.48;08/08/2026;21:00;24.6;0;SOLEIL;4;0;0
Thonon-les-Bains;46.37;6.48;08/08/2026;22:00;24.6;0;SOLEIL;4;0;0
Thonon-les-Bains;46.37;6.48;08/08/2026;23:00;22.7;0;SOLEIL;3;0;0
Thonon-les-Bains;46.37;6.48;09/08/2026;00:00;22.7;0;SOLEIL;3;0;0
Thonon-les-Bains;46.37;6.48;09/08/2026;01:00;22.7;0;SOLEIL;3;0;0
Thonon-les-Bains;46.37;6.48;09/08/2026;02:00;19.9;0;SOLEIL;3;0;0
Thonon-les-Bains;46.37;6.48;09/08/2026;03:00;19.9;0;SOLEIL;3;0;0
Thonon-les-Bains;46.37;6.48;09/08/2026;04:00;19.9;0;SOLEIL;3;0;0
Thonon-les-Bains;46.37;6.48;09/08/2026;05:00;22.7;0;SOLEIL;2;0;0
Thonon-les-Bains;46.37;6.48;09/08/2026;06:00;22.7;0;SOLEIL;2;0;0
Thonon-les-Bains;46.37;6.48;09/08/2026;07:00;22.7;0;SOLEIL;2;0;0
Thonon-les-Bains;46.37;6.48;09/08/2026;08:00;27.2;0;SOLEIL;1;0;0
Thonon-les-Bains;46.37;6.48;09/08/2026;09:00;27.2;0;SOLEIL;1;0;0
Thonon-les-Bains;46.37;6.48;09/08/2026;10:00;27.2;0;SOLEIL;1;0;0
Thonon-les-Bains;46.37;6.48;09/08/2026;11:00;30.1;0;SOLEIL;2;0;0
Thonon-les-Bains;46.37;6.48;09/08/2026;12:00;30.1;0;SOLEIL;2;0;0
Thonon-les-Bains;46.37;6.48;09/08/2026;13:00;30.1;0;SOLEIL;2;0;0
Thonon-les-Bains;46.37;6.48;09/08/2026;14:00;30.5;0;SOLEIL;2;0;0
Thonon-les-Bains;46.37;6.48;09/08/2026;15:00;30.5;0;SOLEIL;2;0;0
Thonon-les-Bains;46.37;6.48;09/08/2026;16:00;30.5;0;SOLEIL;2;0;0
Thonon-les-Bains;46.37;6.48;09/08/2026;17:00;28.9;10;ORAGEUX;2;0;0
Thonon-les-Bains;46.37;6.48;09/08/2026;18:00;28.9;10;ORAGEUX;2;0;0
Thonon-les-Bains;46.37;6.48;09/08/2026;19:00;28.9;10;ORAGEUX;2;0;0
Thonon-les-Bains;46.37;6.48;09/08/2026;20:00;24.0;0;SOLEIL;5;0;0
Thonon-les-Bains;46.37;6.48;09/08/2026;21:00;22.3;0;SOLEIL;5;0;0
Thonon-les-Bains;46.37;6.48;09/08/2026;22:00;20.6;0;SOLEIL;5;0;0
Thonon-les-Bains;46.37;6.48;09/08/2026;23:00;23.1;0;SOLEIL;2;0;0
Thonon-les-Bains;46.37;6.48;10/08/2026;00:00;23.1;0;SOLEIL;2;0;0
Thonon-les-Bains;46.37;6.48;10/08/2026;01:00;23.1;0;SOLEIL;2;0;0
Thonon-les-Bains;46.37;6.48;10/08/2026;02:00;19.9;10;ORAGEUX;5;0;0
Thonon-les-Bains;46.37;6.48;10/08/2026;03:00;19.9;10;ORAGEUX;5;0;0
Thonon-les-Bains;46.37;6.48;10/08/2026;04:00;19.9;10;ORAGEUX;5;0;0
Thonon-les-Bains;46.37;6.48;10/08/2026;05:00;20.9;0;SOLEIL;1;0;0
Thonon-les-Bains;46.37;6.48;10/08/2026;06:00;20.9;0;SOLEIL;1;0;0
Thonon-les-Bains;46.37;6.48;10/08/2026;07:00;20.9;0;SOLEIL;1;0;0
Thonon-les-Bains;46.37;6.48;10/08/2026;08:00;22.5;10;ORAGEUX;5;0;0
Thonon-les-Bains;46.37;6.48;10/08/2026;09:00;23.8;10;ORAGEUX;5;0;0
Thonon-les-Bains;46.37;6.48;10/08/2026;10:00;25.1;10;ORAGEUX;5;0;0
Thonon-les-Bains;46.37;6.48;10/08/2026;11:00;30.5;6;AVERSES;2;0;0
Thonon-les-Bains;46.37;6.48;10/08/2026;12:00;30.5;6;AVERSES;2;0;0
Thonon-les-Bains;46.37;6.48;10/08/2026;13:00;30.5;6;AVERSES;2;0;0
Thonon-les-Bains;46.37;6.48;10/08/2026;14:00;30.2;10;ORAGEUX;5;0;0
Thonon-les-Bains;46.37;6.48;10/08/2026;15:00;31.5;10;ORAGEUX;5;0;0
Thonon-les-Bains;46.37;6.48;10/08/2026;16:00;30.2;10;ORAGEUX;5;0;0
Thonon-les-Bains;46.37;6.48;10/08/2026;17:00;28.1;6;AVERSES;2;0;0
Thonon-les-Bains;46.37;6.48;10/08/2026;18:00;28.1;6;AVERSES;2;0;0
Thonon-les-Bains;46.37;6.48;10/08/2026;19:00;28.1;6;AVERSES;2;0;0
Thonon-les-Bains;46.37;6.48;10/08/2026;20:00;25.1;10;ORAGEUX;5;0;0
Thonon-les-Bains;46.37;6.48;10/08/2026;21:00;23.8;10;ORAGEUX;5;0;0
Thonon-les-Bains;46.37;6.48;10/08/2026;22:00;22.5;10;ORAGEUX;5;0;0
Thonon-les-Bains;46.37;6.48;10/08/2026;23:00;21;0;SOLEIL;2;0;0
Thonon-les-Bains;46.37;6.48;11/08/2026;00:00;21;0;SOLEIL;2;0;0
Thonon-les-Bains;46.37;6.48;11/08/2026;01:00;21;0;SOLEIL;2;0;0
Thonon-les-Bains;46.37;6.48;11/08/2026;02:00;19.1;6;AVERSES;5;0;0
Thonon-les-Bains;46.37;6.48;11/08/2026;03:00;19.1;6;AVERSES;5;0;0
Thonon-les-Bains;46.37;6.48;11/08/2026;04:00;19.1;6;AVERSES;5;0;0
Thonon-les-Bains;46.37;6.48;11/08/2026;05:00;21.4;0;SOLEIL;3;0;0
Thonon-les-Bains;46.37;6.48;11/08/2026;06:00;21.4;0;SOLEIL;3;0;0
Thonon-les-Bains;46.37;6.48;11/08/2026;07:00;21.4;0;SOLEIL;3;0;0
Thonon-les-Bains;46.37;6.48;11/08/2026;08:00;22.1;6;AVERSES;5;0;0
Thonon-les-Bains;46.37;6.48;11/08/2026;09:00;23.6;6;AVERSES;5;0;0
Thonon-les-Bains;46.37;6.48;11/08/2026;10:00;25.1;6;AVERSES;5;0;0
Thonon-les-Bains;46.37;6.48;11/08/2026;11:00;32.2;0;SOLEIL;3;0;0
Thonon-les-Bains;46.37;6.48;11/08/2026;12:00;32.2;0;SOLEIL;3;0;0
Thonon-les-Bains;46.37;6.48;11/08/2026;13:00;32.2;0;SOLEIL;3;0;0
Thonon-les-Bains;46.37;6.48;11/08/2026;14:00;31.1;6;AVERSES;5;0;0
Thonon-les-Bains;46.37;6.48;11/08/2026;15:00;32.6;6;AVERSES;5;0;0
Thonon-les-Bains;46.37;6.48;11/08/2026;16:00;31.1;6;AVERSES;5;0;0
Thonon-les-Bains;46.37;6.48;11/08/2026;17:00;31.5;0;SOLEIL;4;0;0
Thonon-les-Bains;46.37;6.48;11/08/2026;18:00;31.5;0;SOLEIL;4;0;0
Thonon-les-Bains;46.37;6.48;11/08/2026;19:00;31.5;0;SOLEIL;4;0;0
Thonon-les-Bains;46.37;6.48;11/08/2026;20:00;25.1;6;AVERSES;5;0;0
Thonon-les-Bains;46.37;6.48;11/08/2026;21:00;23.6;6;AVERSES;5;0;0
Thonon-les-Bains;46.37;6.48;11/08/2026;22:00;22.1;6;AVERSES;5;0;0
Thonon-les-Bains;46.37;6.48;11/08/2026;23:00;22.9;0;SOLEIL;3;0;0
Thonon-les-Bains;46.37;6.48;12/08/2026;00:00;22.9;0;SOLEIL;3;0;0
Thonon-les-Bains;46.37;6.48;12/08/2026;01:00;22.9;0;SOLEIL;3;0;0
Thonon-les-Bains;46.37;6.48;12/08/2026;02:00;18.9;0;SOLEIL;5;0;0
Thonon-les-Bains;46.37;6.48;12/08/2026;03:00;18.9;0;SOLEIL;5;0;0
Thonon-les-Bains;46.37;6.48;12/08/2026;04:00;18.9;0;SOLEIL;5;0;0
Thonon-les-Bains;46.37;6.48;12/08/2026;05:00;22;0;SOLEIL;3;0;0
Thonon-les-Bains;46.37;6.48;12/08/2026;06:00;22;0;SOLEIL;3;0;0
Thonon-les-Bains;46.37;6.48;12/08/2026;07:00;22;0;SOLEIL;3;0;0
Thonon-les-Bains;46.37;6.48;12/08/2026;08:00;22.5;0;SOLEIL;5;0;0
Thonon-les-Bains;46.37;6.48;12/08/2026;09:00;24.2;0;SOLEIL;5;0;0
Thonon-les-Bains;46.37;6.48;12/08/2026;10:00;26.0;0;SOLEIL;5;0;0
Thonon-les-Bains;46.37;6.48;12/08/2026;11:00;33.1;0;SOLEIL;1;0;0
Thonon-les-Bains;46.37;6.48;12/08/2026;12:00;33.1;0;SOLEIL;1;0;0
Thonon-les-Bains;46.37;6.48;12/08/2026;13:00;33.1;0;SOLEIL;1;0;0
Thonon-les-Bains;46.37;6.48;12/08/2026;14:00;33.1;0;SOLEIL;5;0;0
Thonon-les-Bains;46.37;6.48;12/08/2026;15:00;34.9;0;SOLEIL;5;0;0
Thonon-les-Bains;46.37;6.48;12/08/2026;16:00;33.1;0;SOLEIL;5;0;0
Thonon-les-Bains;46.37;6.48;12/08/2026;17:00;30.1;0;SOLEIL;1;0;0
Thonon-les-Bains;46.37;6.48;12/08/2026;18:00;30.1;0;SOLEIL;1;0;0
Thonon-les-Bains;46.37;6.48;12/08/2026;19:00;30.1;0;SOLEIL;1;0;0
Thonon-les-Bains;46.37;6.48;12/08/2026;20:00;26.0;0;SOLEIL;5;0;0
Thonon-les-Bains;46.37;6.48;12/08/2026;21:00;24.2;0;SOLEIL;5;0;0
Thonon-les-Bains;46.37;6.48;12/08/2026;22:00;22.5;0;SOLEIL;5;0;0
Thonon-les-Bains;46.37;6.48;12/08/2026;23:00;24.4;0;SOLEIL;1;0;0
