Ville;Latitude;Longitude;Date;Heure;temperature_2m;weathercode;Temps_Label;windspeed_10m;wind_gusts_10m;precipitation
Charleville-Mézières;49.76;4.71;08/08/2026;00:00;20.1;0;SOLEIL;3;0;0
Charleville-Mézières;49.76;4.71;08/08/2026;01:00;20.1;0;SOLEIL;3;0;0
Charleville-Mézières;49.76;4.71;08/08/2026;02:00;18.5;0;SOLEIL;2;0;0
Charleville-Mézières;49.76;4.71;08/08/2026;03:00;18.5;0;SOLEIL;2;0;0
Charleville-Mézières;49.76;4.71;08/08/2026;04:00;18.5;0;SOLEIL;2;0;0
Charleville-Mézières;49.76;4.71;08/08/2026;05:00;17.6;0;SOLEIL;2;0;0
Charleville-Mézières;49.76;4.71;08/08/2026;06:00;17.6;0;SOLEIL;2;0;0
Charleville-Mézières;49.76;4.71;08/08/2026;07:00;17.6;0;SOLEIL;2;0;0
Charleville-Mézières;49.76;4.71;08/08/2026;08:00;23.7;5;SOLEIL VOILÉ;2;0;0
Charleville-Mézières;49.76;4.71;08/08/2026;09:00;23.7;5;SOLEIL VOILÉ;2;0;0
Charleville-Mézières;49.76;4.71;08/08/2026;10:00;23.7;5;SOLEIL VOILÉ;2;0;0
Charleville-Mézières;49.76;4.71;08/08/2026;11:00;27.6;0;SOLEIL;2;0;0
Charleville-Mézières;49.76;4.71;08/08/2026;12:00;27.6;0;SOLEIL;2;0;0
Charleville-Mézières;49.76;4.71;08/08/2026;13:00;27.6;0;SOLEIL;2;0;0
Charleville-Mézières;49.76;4.71;08/08/2026;14:00;29.6;5;SOLEIL VOILÉ;1;0;0
Charleville-Mézières;49.76;4.71;08/08/2026;15:00;29.6;5;SOLEIL VOILÉ;1;0;0
Charleville-Mézières;49.76;4.71;08/08/2026;16:00;29.6;5;SOLEIL VOILÉ;1;0;0
Charleville-Mézières;49.76;4.71;08/08/2026;17:00;29.4;0;SOLEIL;2;0;0
Charleville-Mézières;49.76;4.71;08/08/2026;18:00;29.4;0;SOLEIL;2;0;0
Charleville-Mézières;49.76;4.71;08/08/2026;19:00;29.4;0;SOLEIL;2;0;0
Charleville-Mézières;49.76;4.71;08/08/2026;20:00;25.2;0;SOLEIL;3;0;0
Charleville-Mézières;49.76;4.71;08/08/2026;21:00;25.2;0;SOLEIL;3;0;0
Charleville-Mézières;49.76;4.71;08/08/2026;22:00;25.2;0;SOLEIL;3;0;0
Charleville-Mézières;49.76;4.71;08/08/2026;23:00;23.2;0;SOLEIL;2;0;0
Charleville-Mézières;49.76;4.71;09/08/2026;00:00;23.2;0;SOLEIL;2;0;0
Charleville-Mézières;49.76;4.71;09/08/2026;01:00;23.2;0;SOLEIL;2;0;0
Charleville-Mézières;49.76;4.71;09/08/2026;02:00;21.6;5;SOLEIL VOILÉ;1;0;0
Charleville-Mézières;49.76;4.71;09/08/2026;03:00;21.6;5;SOLEIL VOILÉ;1;0;0
Charleville-Mézières;49.76;4.71;09/08/2026;04:00;21.6;5;SOLEIL VOILÉ;1;0;0
Charleville-Mézières;49.76;4.71;09/08/2026;05:00;21;5;SOLEIL VOILÉ;1;0;0
Charleville-Mézières;49.76;4.71;09/08/2026;06:00;21;5;SOLEIL VOILÉ;1;0;0
Charleville-Mézières;49.76;4.71;09/08/2026;07:00;21;5;SOLEIL VOILÉ;1;0;0
Charleville-Mézières;49.76;4.71;09/08/2026;08:00;27.5;0;SOLEIL;2;0;0
Charleville-Mézières;49.76;4.71;09/08/2026;09:00;27.5;0;SOLEIL;2;0;0
Charleville-Mézières;49.76;4.71;09/08/2026;10:00;27.5;0;SOLEIL;2;0;0
Charleville-Mézières;49.76;4.71;09/08/2026;11:00;31.5;5;SOLEIL VOILÉ;3;0;0
Charleville-Mézières;49.76;4.71;09/08/2026;12:00;31.5;5;SOLEIL VOILÉ;3;0;0
Charleville-Mézières;49.76;4.71;09/08/2026;13:00;31.5;5;SOLEIL VOILÉ;3;0;0
Charleville-Mézières;49.76;4.71;09/08/2026;14:00;31.7;0;SOLEIL;2;0;0
Charleville-Mézières;49.76;4.71;09/08/2026;15:00;31.7;0;SOLEIL;2;0;0
Charleville-Mézières;49.76;4.71;09/08/2026;16:00;31.7;0;SOLEIL;2;0;0
Charleville-Mézières;49.76;4.71;09/08/2026;17:00;29.9;0;SOLEIL;3;0;0
Charleville-Mézières;49.76;4.71;09/08/2026;18:00;29.9;0;SOLEIL;3;0;0
Charleville-Mézières;49.76;4.71;09/08/2026;19:00;29.9;0;SOLEIL;3;0;0
Charleville-Mézières;49.76;4.71;09/08/2026;20:00;23.1;0;SOLEIL;5;0;0
Charleville-Mézières;49.76;4.71;09/08/2026;21:00;21.6;0;SOLEIL;5;0;0
Charleville-Mézières;49.76;4.71;09/08/2026;22:00;20.1;0;SOLEIL;5;0;0
Charleville-Mézières;49.76;4.71;09/08/2026;23:00;24.1;0;SOLEIL;3;0;0
Charleville-Mézières;49.76;4.71;10/08/2026;00:00;24.1;0;SOLEIL;3;0;0
Charleville-Mézières;49.76;4.71;10/08/2026;01:00;24.1;0;SOLEIL;3;0;0
Charleville-Mézières;49.76;4.71;10/08/2026;02:00;20.1;2;NUAGEUX;5;0;0
Charleville-Mézières;49.76;4.71;10/08/2026;03:00;20.1;2;NUAGEUX;5;0;0
Charleville-Mézières;49.76;4.71;10/08/2026;04:00;20.1;2;NUAGEUX;5;0;0
Charleville-Mézières;49.76;4.71;10/08/2026;05:00;22;0;SOLEIL;2;0;0
Charleville-Mézières;49.76;4.71;10/08/2026;06:00;22;0;SOLEIL;2;0;0
Charleville-Mézières;49.76;4.71;10/08/2026;07:00;22;0;SOLEIL;2;0;0
Charleville-Mézières;49.76;4.71;10/08/2026;08:00;22.9;2;NUAGEUX;5;0;0
Charleville-Mézières;49.76;4.71;10/08/2026;09:00;24.3;2;NUAGEUX;5;0;0
Charleville-Mézières;49.76;4.71;10/08/2026;10:00;25.7;2;NUAGEUX;5;0;0
Charleville-Mézières;49.76;4.71;10/08/2026;11:00;28.1;0;SOLEIL;3;0;0
Charleville-Mézières;49.76;4.71;10/08/2026;12:00;28.1;0;SOLEIL;3;0;0
Charleville-Mézières;49.76;4.71;10/08/2026;13:00;28.1;0;SOLEIL;3;0;0
Charleville-Mézières;49.76;4.71;10/08/2026;14:00;31.2;2;NUAGEUX;5;0;0
Charleville-Mézières;49.76;4.71;10/08/2026;15:00;32.6;2;NUAGEUX;5;0;0
Charleville-Mézières;49.76;4.71;10/08/2026;16:00;31.2;2;NUAGEUX;5;0;0
Charleville-Mézières;49.76;4.71;10/08/2026;17:00;28.6;0;SOLEIL;4;0;0
Charleville-Mézières;49.76;4.71;10/08/2026;18:00;28.6;0;SOLEIL;4;0;0
Charleville-Mézières;49.76;4.71;10/08/2026;19:00;28.6;0;SOLEIL;4;0;0
Charleville-Mézières;49.76;4.71;10/08/2026;20:00;25.7;2;NUAGEUX;5;0;0
Charleville-Mézières;49.76;4.71;10/08/2026;21:00;24.3;2;NUAGEUX;5;0;0
Charleville-Mézières;49.76;4.71;10/08/2026;22:00;22.9;2;NUAGEUX;5;0;0
Charleville-Mézières;49.76;4.71;10/08/2026;23:00;22.2;0;SOLEIL;3;0;0
Charleville-Mézières;49.76;4.71;11/08/2026;00:00;22.2;0;SOLEIL;3;0;0
Charleville-Mézières;49.76;4.71;11/08/2026;01:00;22.2;0;SOLEIL;3;0;0
Charleville-Mézières;49.76;4.71;11/08/2026;02:00;21.5;0;SOLEIL;5;0;0
Charleville-Mézières;49.76;4.71;11/08/2026;03:00;21.5;0;SOLEIL;5;0;0
Charleville-Mézières;49.76;4.71;11/08/2026;04:00;21.5;0;SOLEIL;5;0;0
Charleville-Mézières;49.76;4.71;11/08/2026;05:00;20.1;0;SOLEIL;2;0;0
Charleville-Mézières;49.76;4.71;11/08/2026;06:00;20.1;0;SOLEIL;2;0;0
Charleville-Mézières;49.76;4.71;11/08/2026;07:00;20.1;0;SOLEIL;2;0;0
Charleville-Mézières;49.76;4.71;11/08/2026;08:00;23.5;0;SOLEIL;5;0;0
Charleville-Mézières;49.76;4.71;11/08/2026;09:00;24.5;0;SOLEIL;5;0;0
Charleville-Mézières;49.76;4.71;11/08/2026;10:00;25.5;0;SOLEIL;5;0;0
Charleville-Mézières;49.76;4.71;11/08/2026;11:00;27.7;0;SOLEIL;3;0;0
Charleville-Mézières;49.76;4.71;11/08/2026;12:00;27.7;0;SOLEIL;3;0;0
Charleville-Mézières;49.76;4.71;11/08/2026;13:00;27.7;0;SOLEIL;3;0;0
Charleville-Mézières;49.76;4.71;11/08/2026;14:00;29.4;0;SOLEIL;5;0;0
Charleville-Mézières;49.76;4.71;11/08/2026;15:00;30.4;0;SOLEIL;5;0;0
Charleville-Mézières;49.76;4.71;11/08/2026;16:00;29.4;0;SOLEIL;5;0;0
Charleville-Mézières;49.76;4.71;11/08/2026;17:00;29;0;SOLEIL;4;0;0
Charleville-Mézières;49.76;4.71;11/08/2026;18:00;29;0;SOLEIL;4;0;0
Charleville-Mézières;49.76;4.71;11/08/2026;19:00;29;0;SOLEIL;4;0;0
Charleville-Mézières;49.76;4.71;11/08/2026;20:00;25.5;0;SOLEIL;5;0;0
Charleville-Mézières;49.76;4.71;11/08/2026;21:00;24.5;0;SOLEIL;5;0;0
Charleville-Mézières;49.76;4.71;11/08/2026;22:00;23.5;0;SOLEIL;5;0;0
Charleville-Mézières;49.76;4.71;11/08/2026;23:00;23.1;0;SOLEIL;3;0;0
Charleville-Mézières;49.76;4.71;12/08/2026;00:00;23.1;0;SOLEIL;3;0;0
Charleville-Mézières;49.76;4.71;12/08/2026;01:00;23.1;0;SOLEIL;3;0;0
Charleville-Mézières;49.76;4.71;12/08/2026;02:00;19.6;0;SOLEIL;5;0;0
Charleville-Mézières;49.76;4.71;12/08/2026;03:00;19.6;0;SOLEIL;5;0;0
Charleville-Mézières;49.76;4.71;12/08/2026;04:00;19.6;0;SOLEIL;5;0;0
Charleville-Mézières;49.76;4.71;12/08/2026;05:00;21.6;0;SOLEIL;2;0;0
Charleville-Mézières;49.76;4.71;12/08/2026;06:00;21.6;0;SOLEIL;2;0;0
Charleville-Mézières;49.76;4.71;12/08/2026;07:00;21.6;0;SOLEIL;2;0;0
Charleville-Mézières;49.76;4.71;12/08/2026;08:00;22.0;0;SOLEIL;5;0;0
Charleville-Mézières;49.76;4.71;12/08/2026;09:00;23.3;0;SOLEIL;5;0;0
Charleville-Mézières;49.76;4.71;12/08/2026;10:00;24.5;0;SOLEIL;5;0;0
Charleville-Mézières;49.76;4.71;12/08/2026;11:00;30.4;0;SOLEIL;2;0;0
Charleville-Mézières;49.76;4.71;12/08/2026;12:00;30.4;0;SOLEIL;2;0;0
Charleville-Mézières;49.76;4.71;12/08/2026;13:00;30.4;0;SOLEIL;2;0;0
Charleville-Mézières;49.76;4.71;12/08/2026;14:00;29.4;0;SOLEIL;5;0;0
Charleville-Mézières;49.76;4.71;12/08/2026;15:00;30.6;0;SOLEIL;5;0;0
Charleville-Mézières;49.76;4.71;12/08/2026;16:00;29.4;0;SOLEIL;5;0;0
Charleville-Mézières;49.76;4.71;12/08/2026;17:00;31.5;0;SOLEIL;2;0;0
Charleville-Mézières;49.76;4.71;12/08/2026;18:00;31.5;0;SOLEIL;2;0;0
Charleville-Mézières;49.76;4.71;12/08/2026;19:00;31.5;0;SOLEIL;2;0;0
Charleville-Mézières;49.76;4.71;12/08/2026;20:00;24.5;0;SOLEIL;5;0;0
Charleville-Mézières;49.76;4.71;12/08/2026;21:00;23.3;0;SOLEIL;5;0;0
Charleville-Mézières;49.76;4.71;12/08/2026;22:00;22.0;0;SOLEIL;5;0;0
Charleville-Mézières;49.76;4.71;12/08/2026;23:00;26.4;0;SOLEIL;2;0;0
Rethel;49.51;4.36;08/08/2026;00:00;13.2;0;SOLEIL;2;0;0
Rethel;49.51;4.36;08/08/2026;01:00;13.2;0;SOLEIL;2;0;0
Rethel;49.51;4.36;08/08/2026;02:00;10;0;SOLEIL;2;0;0
Rethel;49.51;4.36;08/08/2026;03:00;10;0;SOLEIL;2;0;0
Rethel;49.51;4.36;08/08/2026;04:00;10;0;SOLEIL;2;0;0
Rethel;49.51;4.36;08/08/2026;05:00;14.5;0;SOLEIL;2;0;0
Rethel;49.51;4.36;08/08/2026;06:00;14.5;0;SOLEIL;2;0;0
Rethel;49.51;4.36;08/08/2026;07:00;14.5;0;SOLEIL;2;0;0
Rethel;49.51;4.36;08/08/2026;08:00;23.1;0;SOLEIL;2;0;0
Rethel;49.51;4.36;08/08/2026;09:00;23.1;0;SOLEIL;2;0;0
Rethel;49.51;4.36;08/08/2026;10:00;23.1;0;SOLEIL;2;0;0
Rethel;49.51;4.36;08/08/2026;11:00;26.9;0;SOLEIL;2;0;0
Rethel;49.51;4.36;08/08/2026;12:00;26.9;0;SOLEIL;2;0;0
Rethel;49.51;4.36;08/08/2026;13:00;26.9;0;SOLEIL;2;0;0
Rethel;49.51;4.36;08/08/2026;14:00;28.6;0;SOLEIL;1;0;0
Rethel;49.51;4.36;08/08/2026;15:00;28.6;0;SOLEIL;1;0;0
Rethel;49.51;4.36;08/08/2026;16:00;28.6;0;SOLEIL;1;0;0
Rethel;49.51;4.36;08/08/2026;17:00;27.5;0;SOLEIL;1;0;0
Rethel;49.51;4.36;08/08/2026;18:00;27.5;0;SOLEIL;1;0;0
Rethel;49.51;4.36;08/08/2026;19:00;27.5;0;SOLEIL;1;0;0
Rethel;49.51;4.36;08/08/2026;20:00;18.2;0;SOLEIL;2;0;0
Rethel;49.51;4.36;08/08/2026;21:00;18.2;0;SOLEIL;2;0;0
Rethel;49.51;4.36;08/08/2026;22:00;18.2;0;SOLEIL;2;0;0
Rethel;49.51;4.36;08/08/2026;23:00;14.4;0;SOLEIL;1;0;0
Rethel;49.51;4.36;09/08/2026;00:00;14.4;0;SOLEIL;1;0;0
Rethel;49.51;4.36;09/08/2026;01:00;14.4;0;SOLEIL;1;0;0
Rethel;49.51;4.36;09/08/2026;02:00;12.1;0;SOLEIL;1;0;0
Rethel;49.51;4.36;09/08/2026;03:00;12.1;0;SOLEIL;1;0;0
Rethel;49.51;4.36;09/08/2026;04:00;12.1;0;SOLEIL;1;0;0
Rethel;49.51;4.36;09/08/2026;05:00;15.9;5;SOLEIL VOILÉ;1;0;0
Rethel;49.51;4.36;09/08/2026;06:00;15.9;5;SOLEIL VOILÉ;1;0;0
Rethel;49.51;4.36;09/08/2026;07:00;15.9;5;SOLEIL VOILÉ;1;0;0
Rethel;49.51;4.36;09/08/2026;08:00;26.2;5;SOLEIL VOILÉ;1;0;0
Rethel;49.51;4.36;09/08/2026;09:00;26.2;5;SOLEIL VOILÉ;1;0;0
Rethel;49.51;4.36;09/08/2026;10:00;26.2;5;SOLEIL VOILÉ;1;0;0
Rethel;49.51;4.36;09/08/2026;11:00;29.2;5;SOLEIL VOILÉ;2;0;0
Rethel;49.51;4.36;09/08/2026;12:00;29.2;5;SOLEIL VOILÉ;2;0;0
Rethel;49.51;4.36;09/08/2026;13:00;29.2;5;SOLEIL VOILÉ;2;0;0
Rethel;49.51;4.36;09/08/2026;14:00;29.4;0;SOLEIL;3;0;0
Rethel;49.51;4.36;09/08/2026;15:00;29.4;0;SOLEIL;3;0;0
Rethel;49.51;4.36;09/08/2026;16:00;29.4;0;SOLEIL;3;0;0
Rethel;49.51;4.36;09/08/2026;17:00;27.4;0;SOLEIL;1;0;0
Rethel;49.51;4.36;09/08/2026;18:00;27.4;0;SOLEIL;1;0;0
Rethel;49.51;4.36;09/08/2026;19:00;27.4;0;SOLEIL;1;0;0
Rethel;49.51;4.36;09/08/2026;20:00;18.3;0;SOLEIL;5;0;0
Rethel;49.51;4.36;09/08/2026;21:00;16.2;0;SOLEIL;5;0;0
Rethel;49.51;4.36;09/08/2026;22:00;14.0;0;SOLEIL;5;0;0
Rethel;49.51;4.36;09/08/2026;23:00;18.6;0;SOLEIL;1;0;0
Rethel;49.51;4.36;10/08/2026;00:00;18.6;0;SOLEIL;1;0;0
Rethel;49.51;4.36;10/08/2026;01:00;18.6;0;SOLEIL;1;0;0
Rethel;49.51;4.36;10/08/2026;02:00;11.5;2;NUAGEUX;5;0;0
Rethel;49.51;4.36;10/08/2026;03:00;11.5;2;NUAGEUX;5;0;0
Rethel;49.51;4.36;10/08/2026;04:00;11.5;2;NUAGEUX;5;0;0
Rethel;49.51;4.36;10/08/2026;05:00;17.5;0;SOLEIL;2;0;0
Rethel;49.51;4.36;10/08/2026;06:00;17.5;0;SOLEIL;2;0;0
Rethel;49.51;4.36;10/08/2026;07:00;17.5;0;SOLEIL;2;0;0
Rethel;49.51;4.36;10/08/2026;08:00;15.9;2;NUAGEUX;5;0;0
Rethel;49.51;4.36;10/08/2026;09:00;18.0;2;NUAGEUX;5;0;0
Rethel;49.51;4.36;10/08/2026;10:00;20.2;2;NUAGEUX;5;0;0
Rethel;49.51;4.36;10/08/2026;11:00;27.5;0;SOLEIL;4;0;0
Rethel;49.51;4.36;10/08/2026;12:00;27.5;0;SOLEIL;4;0;0
Rethel;49.51;4.36;10/08/2026;13:00;27.5;0;SOLEIL;4;0;0
Rethel;49.51;4.36;10/08/2026;14:00;28.9;2;NUAGEUX;5;0;0
Rethel;49.51;4.36;10/08/2026;15:00;31.1;2;NUAGEUX;5;0;0
Rethel;49.51;4.36;10/08/2026;16:00;28.9;2;NUAGEUX;5;0;0
Rethel;49.51;4.36;10/08/2026;17:00;26.6;0;SOLEIL;4;0;0
Rethel;49.51;4.36;10/08/2026;18:00;26.6;0;SOLEIL;4;0;0
Rethel;49.51;4.36;10/08/2026;19:00;26.6;0;SOLEIL;4;0;0
Rethel;49.51;4.36;10/08/2026;20:00;20.2;2;NUAGEUX;5;0;0
Rethel;49.51;4.36;10/08/2026;21:00;18.0;2;NUAGEUX;5;0;0
Rethel;49.51;4.36;10/08/2026;22:00;15.9;2;NUAGEUX;5;0;0
Rethel;49.51;4.36;10/08/2026;23:00;16.6;0;SOLEIL;3;0;0
Rethel;49.51;4.36;11/08/2026;00:00;16.6;0;SOLEIL;3;0;0
Rethel;49.51;4.36;11/08/2026;01:00;16.6;0;SOLEIL;3;0;0
Rethel;49.51;4.36;11/08/2026;02:00;15.1;0;SOLEIL;5;0;0
Rethel;49.51;4.36;11/08/2026;03:00;15.1;0;SOLEIL;5;0;0
Rethel;49.51;4.36;11/08/2026;04:00;15.1;0;SOLEIL;5;0;0
Rethel;49.51;4.36;11/08/2026;05:00;15.6;0;SOLEIL;2;0;0
Rethel;49.51;4.36;11/08/2026;06:00;15.6;0;SOLEIL;2;0;0
Rethel;49.51;4.36;11/08/2026;07:00;15.6;0;SOLEIL;2;0;0
Rethel;49.51;4.36;11/08/2026;08:00;18.2;0;SOLEIL;5;0;0
Rethel;49.51;4.36;11/08/2026;09:00;19.7;0;SOLEIL;5;0;0
Rethel;49.51;4.36;11/08/2026;10:00;21.3;0;SOLEIL;5;0;0
Rethel;49.51;4.36;11/08/2026;11:00;25.7;0;SOLEIL;3;0;0
Rethel;49.51;4.36;11/08/2026;12:00;25.7;0;SOLEIL;3;0;0
Rethel;49.51;4.36;11/08/2026;13:00;25.7;0;SOLEIL;3;0;0
Rethel;49.51;4.36;11/08/2026;14:00;27.5;0;SOLEIL;5;0;0
Rethel;49.51;4.36;11/08/2026;15:00;29.0;0;SOLEIL;5;0;0
Rethel;49.51;4.36;11/08/2026;16:00;27.5;0;SOLEIL;5;0;0
Rethel;49.51;4.36;11/08/2026;17:00;25.2;0;SOLEIL;4;0;0
Rethel;49.51;4.36;11/08/2026;18:00;25.2;0;SOLEIL;4;0;0
Rethel;49.51;4.36;11/08/2026;19:00;25.2;0;SOLEIL;4;0;0
Rethel;49.51;4.36;11/08/2026;20:00;21.3;0;SOLEIL;5;0;0
Rethel;49.51;4.36;11/08/2026;21:00;19.7;0;SOLEIL;5;0;0
Rethel;49.51;4.36;11/08/2026;22:00;18.2;0;SOLEIL;5;0;0
Rethel;49.51;4.36;11/08/2026;23:00;15.6;0;SOLEIL;3;0;0
Rethel;49.51;4.36;12/08/2026;00:00;15.6;0;SOLEIL;3;0;0
Rethel;49.51;4.36;12/08/2026;01:00;15.6;0;SOLEIL;3;0;0
Rethel;49.51;4.36;12/08/2026;02:00;12.6;0;SOLEIL;5;0;0
Rethel;49.51;4.36;12/08/2026;03:00;12.6;0;SOLEIL;5;0;0
Rethel;49.51;4.36;12/08/2026;04:00;12.6;0;SOLEIL;5;0;0
Rethel;49.51;4.36;12/08/2026;05:00;16.2;0;SOLEIL;3;0;0
Rethel;49.51;4.36;12/08/2026;06:00;16.2;0;SOLEIL;3;0;0
Rethel;49.51;4.36;12/08/2026;07:00;16.2;0;SOLEIL;3;0;0
Rethel;49.51;4.36;12/08/2026;08:00;15.9;0;SOLEIL;5;0;0
Rethel;49.51;4.36;12/08/2026;09:00;17.6;0;SOLEIL;5;0;0
Rethel;49.51;4.36;12/08/2026;10:00;19.3;0;SOLEIL;5;0;0
Rethel;49.51;4.36;12/08/2026;11:00;28.4;0;SOLEIL;2;0;0
Rethel;49.51;4.36;12/08/2026;12:00;28.4;0;SOLEIL;2;0;0
Rethel;49.51;4.36;12/08/2026;13:00;28.4;0;SOLEIL;2;0;0
Rethel;49.51;4.36;12/08/2026;14:00;25.9;0;SOLEIL;5;0;0
Rethel;49.51;4.36;12/08/2026;15:00;27.6;0;SOLEIL;5;0;0
Rethel;49.51;4.36;12/08/2026;16:00;25.9;0;SOLEIL;5;0;0
Rethel;49.51;4.36;12/08/2026;17:00;27.5;0;SOLEIL;1;0;0
Rethel;49.51;4.36;12/08/2026;18:00;27.5;0;SOLEIL;1;0;0
Rethel;49.51;4.36;12/08/2026;19:00;27.5;0;SOLEIL;1;0;0
Rethel;49.51;4.36;12/08/2026;20:00;19.3;0;SOLEIL;5;0;0
Rethel;49.51;4.36;12/08/2026;21:00;17.6;0;SOLEIL;5;0;0
Rethel;49.51;4.36;12/08/2026;22:00;15.9;0;SOLEIL;5;0;0
Rethel;49.51;4.36;12/08/2026;23:00;17.6;0;SOLEIL;2;0;0
Nogent-sur-Seine;48.49;3.5;08/08/2026;00:00;15.6;0;SOLEIL;2;0;0
Nogent-sur-Seine;48.49;3.5;08/08/2026;01:00;15.6;0;SOLEIL;2;0;0
Nogent-sur-Seine;48.49;3.5;08/08/2026;02:00;12.5;0;SOLEIL;2;0;0
Nogent-sur-Seine;48.49;3.5;08/08/2026;03:00;12.5;0;SOLEIL;2;0;0
Nogent-sur-Seine;48.49;3.5;08/08/2026;04:00;12.5;0;SOLEIL;2;0;0
Nogent-sur-Seine;48.49;3.5;08/08/2026;05:00;15.1;0;SOLEIL;3;0;0
Nogent-sur-Seine;48.49;3.5;08/08/2026;06:00;15.1;0;SOLEIL;3;0;0
Nogent-sur-Seine;48.49;3.5;08/08/2026;07:00;15.1;0;SOLEIL;3;0;0
Nogent-sur-Seine;48.49;3.5;08/08/2026;08:00;23.9;0;SOLEIL;3;0;0
Nogent-sur-Seine;48.49;3.5;08/08/2026;09:00;23.9;0;SOLEIL;3;0;0
Nogent-sur-Seine;48.49;3.5;08/08/2026;10:00;23.9;0;SOLEIL;3;0;0
Nogent-sur-Seine;48.49;3.5;08/08/2026;11:00;27.6;0;SOLEIL;2;0;0
Nogent-sur-Seine;48.49;3.5;08/08/2026;12:00;27.6;0;SOLEIL;2;0;0
Nogent-sur-Seine;48.49;3.5;08/08/2026;13:00;27.6;0;SOLEIL;2;0;0
Nogent-sur-Seine;48.49;3.5;08/08/2026;14:00;30.2;0;SOLEIL;2;0;0
Nogent-sur-Seine;48.49;3.5;08/08/2026;15:00;30.2;0;SOLEIL;2;0;0
Nogent-sur-Seine;48.49;3.5;08/08/2026;16:00;30.2;0;SOLEIL;2;0;0
Nogent-sur-Seine;48.49;3.5;08/08/2026;17:00;29;0;SOLEIL;2;0;0
Nogent-sur-Seine;48.49;3.5;08/08/2026;18:00;29;0;SOLEIL;2;0;0
Nogent-sur-Seine;48.49;3.5;08/08/2026;19:00;29;0;SOLEIL;2;0;0
Nogent-sur-Seine;48.49;3.5;08/08/2026;20:00;20.9;0;SOLEIL;2;0;0
Nogent-sur-Seine;48.49;3.5;08/08/2026;21:00;20.9;0;SOLEIL;2;0;0
Nogent-sur-Seine;48.49;3.5;08/08/2026;22:00;20.9;0;SOLEIL;2;0;0
Nogent-sur-Seine;48.49;3.5;08/08/2026;23:00;17.1;0;SOLEIL;2;0;0
Nogent-sur-Seine;48.49;3.5;09/08/2026;00:00;17.1;0;SOLEIL;2;0;0
Nogent-sur-Seine;48.49;3.5;09/08/2026;01:00;17.1;0;SOLEIL;2;0;0
Nogent-sur-Seine;48.49;3.5;09/08/2026;02:00;13.7;0;SOLEIL;1;0;0
Nogent-sur-Seine;48.49;3.5;09/08/2026;03:00;13.7;0;SOLEIL;1;0;0
Nogent-sur-Seine;48.49;3.5;09/08/2026;04:00;13.7;0;SOLEIL;1;0;0
Nogent-sur-Seine;48.49;3.5;09/08/2026;05:00;15.6;5;SOLEIL VOILÉ;0;0;0
Nogent-sur-Seine;48.49;3.5;09/08/2026;06:00;15.6;5;SOLEIL VOILÉ;0;0;0
Nogent-sur-Seine;48.49;3.5;09/08/2026;07:00;15.6;5;SOLEIL VOILÉ;0;0;0
Nogent-sur-Seine;48.49;3.5;09/08/2026;08:00;25.7;5;SOLEIL VOILÉ;1;0;0
Nogent-sur-Seine;48.49;3.5;09/08/2026;09:00;25.7;5;SOLEIL VOILÉ;1;0;0
Nogent-sur-Seine;48.49;3.5;09/08/2026;10:00;25.7;5;SOLEIL VOILÉ;1;0;0
Nogent-sur-Seine;48.49;3.5;09/08/2026;11:00;31.2;5;SOLEIL VOILÉ;2;0;0
Nogent-sur-Seine;48.49;3.5;09/08/2026;12:00;31.2;5;SOLEIL VOILÉ;2;0;0
Nogent-sur-Seine;48.49;3.5;09/08/2026;13:00;31.2;5;SOLEIL VOILÉ;2;0;0
Nogent-sur-Seine;48.49;3.5;09/08/2026;14:00;31.7;5;SOLEIL VOILÉ;2;0;0
Nogent-sur-Seine;48.49;3.5;09/08/2026;15:00;31.7;5;SOLEIL VOILÉ;2;0;0
Nogent-sur-Seine;48.49;3.5;09/08/2026;16:00;31.7;5;SOLEIL VOILÉ;2;0;0
Nogent-sur-Seine;48.49;3.5;09/08/2026;17:00;29;0;SOLEIL;3;0;0
Nogent-sur-Seine;48.49;3.5;09/08/2026;18:00;29;0;SOLEIL;3;0;0
Nogent-sur-Seine;48.49;3.5;09/08/2026;19:00;29;0;SOLEIL;3;0;0
Nogent-sur-Seine;48.49;3.5;09/08/2026;20:00;20.4;0;SOLEIL;5;0;0
Nogent-sur-Seine;48.49;3.5;09/08/2026;21:00;18.3;0;SOLEIL;5;0;0
Nogent-sur-Seine;48.49;3.5;09/08/2026;22:00;16.2;0;SOLEIL;5;0;0
Nogent-sur-Seine;48.49;3.5;09/08/2026;23:00;19.9;0;SOLEIL;3;0;0
Nogent-sur-Seine;48.49;3.5;10/08/2026;00:00;19.9;0;SOLEIL;3;0;0
Nogent-sur-Seine;48.49;3.5;10/08/2026;01:00;19.9;0;SOLEIL;3;0;0
Nogent-sur-Seine;48.49;3.5;10/08/2026;02:00;12.9;5;SOLEIL VOILÉ;5;0;0
Nogent-sur-Seine;48.49;3.5;10/08/2026;03:00;12.9;5;SOLEIL VOILÉ;5;0;0
Nogent-sur-Seine;48.49;3.5;10/08/2026;04:00;12.9;5;SOLEIL VOILÉ;5;0;0
Nogent-sur-Seine;48.49;3.5;10/08/2026;05:00;19;0;SOLEIL;2;0;0
Nogent-sur-Seine;48.49;3.5;10/08/2026;06:00;19;0;SOLEIL;2;0;0
Nogent-sur-Seine;48.49;3.5;10/08/2026;07:00;19;0;SOLEIL;2;0;0
Nogent-sur-Seine;48.49;3.5;10/08/2026;08:00;17.4;5;SOLEIL VOILÉ;5;0;0
Nogent-sur-Seine;48.49;3.5;10/08/2026;09:00;19.6;5;SOLEIL VOILÉ;5;0;0
Nogent-sur-Seine;48.49;3.5;10/08/2026;10:00;21.9;5;SOLEIL VOILÉ;5;0;0
Nogent-sur-Seine;48.49;3.5;10/08/2026;11:00;29.9;0;SOLEIL;4;0;0
Nogent-sur-Seine;48.49;3.5;10/08/2026;12:00;29.9;0;SOLEIL;4;0;0
Nogent-sur-Seine;48.49;3.5;10/08/2026;13:00;29.9;0;SOLEIL;4;0;0
Nogent-sur-Seine;48.49;3.5;10/08/2026;14:00;30.9;5;SOLEIL VOILÉ;5;0;0
Nogent-sur-Seine;48.49;3.5;10/08/2026;15:00;33.1;5;SOLEIL VOILÉ;5;0;0
Nogent-sur-Seine;48.49;3.5;10/08/2026;16:00;30.9;5;SOLEIL VOILÉ;5;0;0
Nogent-sur-Seine;48.49;3.5;10/08/2026;17:00;28.4;0;SOLEIL;3;0;0
Nogent-sur-Seine;48.49;3.5;10/08/2026;18:00;28.4;0;SOLEIL;3;0;0
Nogent-sur-Seine;48.49;3.5;10/08/2026;19:00;28.4;0;SOLEIL;3;0;0
Nogent-sur-Seine;48.49;3.5;10/08/2026;20:00;21.9;5;SOLEIL VOILÉ;5;0;0
Nogent-sur-Seine;48.49;3.5;10/08/2026;21:00;19.6;5;SOLEIL VOILÉ;5;0;0
Nogent-sur-Seine;48.49;3.5;10/08/2026;22:00;17.4;5;SOLEIL VOILÉ;5;0;0
Nogent-sur-Seine;48.49;3.5;10/08/2026;23:00;18;0;SOLEIL;3;0;0
Nogent-sur-Seine;48.49;3.5;11/08/2026;00:00;18;0;SOLEIL;3;0;0
Nogent-sur-Seine;48.49;3.5;11/08/2026;01:00;18;0;SOLEIL;3;0;0
Nogent-sur-Seine;48.49;3.5;11/08/2026;02:00;17.1;0;SOLEIL;5;0;0
Nogent-sur-Seine;48.49;3.5;11/08/2026;03:00;17.1;0;SOLEIL;5;0;0
Nogent-sur-Seine;48.49;3.5;11/08/2026;04:00;17.1;0;SOLEIL;5;0;0
Nogent-sur-Seine;48.49;3.5;11/08/2026;05:00;17.7;0;SOLEIL;3;0;0
Nogent-sur-Seine;48.49;3.5;11/08/2026;06:00;17.7;0;SOLEIL;3;0;0
Nogent-sur-Seine;48.49;3.5;11/08/2026;07:00;17.7;0;SOLEIL;3;0;0
Nogent-sur-Seine;48.49;3.5;11/08/2026;08:00;20.2;0;SOLEIL;5;0;0
Nogent-sur-Seine;48.49;3.5;11/08/2026;09:00;21.8;0;SOLEIL;5;0;0
Nogent-sur-Seine;48.49;3.5;11/08/2026;10:00;23.3;0;SOLEIL;5;0;0
Nogent-sur-Seine;48.49;3.5;11/08/2026;11:00;27.9;0;SOLEIL;2;0;0
Nogent-sur-Seine;48.49;3.5;11/08/2026;12:00;27.9;0;SOLEIL;2;0;0
Nogent-sur-Seine;48.49;3.5;11/08/2026;13:00;27.9;0;SOLEIL;2;0;0
Nogent-sur-Seine;48.49;3.5;11/08/2026;14:00;29.5;0;SOLEIL;5;0;0
Nogent-sur-Seine;48.49;3.5;11/08/2026;15:00;31.1;0;SOLEIL;5;0;0
Nogent-sur-Seine;48.49;3.5;11/08/2026;16:00;29.5;0;SOLEIL;5;0;0
Nogent-sur-Seine;48.49;3.5;11/08/2026;17:00;27.2;0;SOLEIL;4;0;0
Nogent-sur-Seine;48.49;3.5;11/08/2026;18:00;27.2;0;SOLEIL;4;0;0
Nogent-sur-Seine;48.49;3.5;11/08/2026;19:00;27.2;0;SOLEIL;4;0;0
Nogent-sur-Seine;48.49;3.5;11/08/2026;20:00;23.3;0;SOLEIL;5;0;0
Nogent-sur-Seine;48.49;3.5;11/08/2026;21:00;21.8;0;SOLEIL;5;0;0
Nogent-sur-Seine;48.49;3.5;11/08/2026;22:00;20.2;0;SOLEIL;5;0;0
Nogent-sur-Seine;48.49;3.5;11/08/2026;23:00;18.2;0;SOLEIL;4;0;0
Nogent-sur-Seine;48.49;3.5;12/08/2026;00:00;18.2;0;SOLEIL;4;0;0
Nogent-sur-Seine;48.49;3.5;12/08/2026;01:00;18.2;0;SOLEIL;4;0;0
Nogent-sur-Seine;48.49;3.5;12/08/2026;02:00;15.7;0;SOLEIL;5;0;0
Nogent-sur-Seine;48.49;3.5;12/08/2026;03:00;15.7;0;SOLEIL;5;0;0
Nogent-sur-Seine;48.49;3.5;12/08/2026;04:00;15.7;0;SOLEIL;5;0;0
Nogent-sur-Seine;48.49;3.5;12/08/2026;05:00;18.6;0;SOLEIL;4;0;0
Nogent-sur-Seine;48.49;3.5;12/08/2026;06:00;18.6;0;SOLEIL;4;0;0
Nogent-sur-Seine;48.49;3.5;12/08/2026;07:00;18.6;0;SOLEIL;4;0;0
Nogent-sur-Seine;48.49;3.5;12/08/2026;08:00;18.9;0;SOLEIL;5;0;0
Nogent-sur-Seine;48.49;3.5;12/08/2026;09:00;20.4;0;SOLEIL;5;0;0
Nogent-sur-Seine;48.49;3.5;12/08/2026;10:00;22.0;0;SOLEIL;5;0;0
Nogent-sur-Seine;48.49;3.5;12/08/2026;11:00;30.4;0;SOLEIL;3;0;0
Nogent-sur-Seine;48.49;3.5;12/08/2026;12:00;30.4;0;SOLEIL;3;0;0
Nogent-sur-Seine;48.49;3.5;12/08/2026;13:00;30.4;0;SOLEIL;3;0;0
Nogent-sur-Seine;48.49;3.5;12/08/2026;14:00;28.3;0;SOLEIL;5;0;0
Nogent-sur-Seine;48.49;3.5;12/08/2026;15:00;29.9;0;SOLEIL;5;0;0
Nogent-sur-Seine;48.49;3.5;12/08/2026;16:00;28.3;0;SOLEIL;5;0;0
Nogent-sur-Seine;48.49;3.5;12/08/2026;17:00;30.1;0;SOLEIL;2;0;0
Nogent-sur-Seine;48.49;3.5;12/08/2026;18:00;30.1;0;SOLEIL;2;0;0
Nogent-sur-Seine;48.49;3.5;12/08/2026;19:00;30.1;0;SOLEIL;2;0;0
Nogent-sur-Seine;48.49;3.5;12/08/2026;20:00;22.0;0;SOLEIL;5;0;0
Nogent-sur-Seine;48.49;3.5;12/08/2026;21:00;20.4;0;SOLEIL;5;0;0
Nogent-sur-Seine;48.49;3.5;12/08/2026;22:00;18.9;0;SOLEIL;5;0;0
Nogent-sur-Seine;48.49;3.5;12/08/2026;23:00;20.1;0;SOLEIL;3;0;0
Troyes;48.3;4.07;08/08/2026;00:00;14.9;0;SOLEIL;2;0;0
Troyes;48.3;4.07;08/08/2026;01:00;14.9;0;SOLEIL;2;0;0
Troyes;48.3;4.07;08/08/2026;02:00;13.5;0;SOLEIL;3;0;0
Troyes;48.3;4.07;08/08/2026;03:00;13.5;0;SOLEIL;3;0;0
Troyes;48.3;4.07;08/08/2026;04:00;13.5;0;SOLEIL;3;0;0
Troyes;48.3;4.07;08/08/2026;05:00;16.1;0;SOLEIL;3;0;0
Troyes;48.3;4.07;08/08/2026;06:00;16.1;0;SOLEIL;3;0;0
Troyes;48.3;4.07;08/08/2026;07:00;16.1;0;SOLEIL;3;0;0
Troyes;48.3;4.07;08/08/2026;08:00;23.1;0;SOLEIL;3;0;0
Troyes;48.3;4.07;08/08/2026;09:00;23.1;0;SOLEIL;3;0;0
Troyes;48.3;4.07;08/08/2026;10:00;23.1;0;SOLEIL;3;0;0
Troyes;48.3;4.07;08/08/2026;11:00;28.7;0;SOLEIL;2;0;0
Troyes;48.3;4.07;08/08/2026;12:00;28.7;0;SOLEIL;2;0;0
Troyes;48.3;4.07;08/08/2026;13:00;28.7;0;SOLEIL;2;0;0
Troyes;48.3;4.07;08/08/2026;14:00;31.1;0;SOLEIL;1;0;0
Troyes;48.3;4.07;08/08/2026;15:00;31.1;0;SOLEIL;1;0;0
Troyes;48.3;4.07;08/08/2026;16:00;31.1;0;SOLEIL;1;0;0
Troyes;48.3;4.07;08/08/2026;17:00;30.2;0;SOLEIL;2;0;0
Troyes;48.3;4.07;08/08/2026;18:00;30.2;0;SOLEIL;2;0;0
Troyes;48.3;4.07;08/08/2026;19:00;30.2;0;SOLEIL;2;0;0
Troyes;48.3;4.07;08/08/2026;20:00;20;0;SOLEIL;1;0;0
Troyes;48.3;4.07;08/08/2026;21:00;20;0;SOLEIL;1;0;0
Troyes;48.3;4.07;08/08/2026;22:00;20;0;SOLEIL;1;0;0
Troyes;48.3;4.07;08/08/2026;23:00;16.7;0;SOLEIL;2;0;0
Troyes;48.3;4.07;09/08/2026;00:00;16.7;0;SOLEIL;2;0;0
Troyes;48.3;4.07;09/08/2026;01:00;16.7;0;SOLEIL;2;0;0
Troyes;48.3;4.07;09/08/2026;02:00;14.7;5;SOLEIL VOILÉ;2;0;0
Troyes;48.3;4.07;09/08/2026;03:00;14.7;5;SOLEIL VOILÉ;2;0;0
Troyes;48.3;4.07;09/08/2026;04:00;14.7;5;SOLEIL VOILÉ;2;0;0
Troyes;48.3;4.07;09/08/2026;05:00;18.2;5;SOLEIL VOILÉ;2;0;0
Troyes;48.3;4.07;09/08/2026;06:00;18.2;5;SOLEIL VOILÉ;2;0;0
Troyes;48.3;4.07;09/08/2026;07:00;18.2;5;SOLEIL VOILÉ;2;0;0
Troyes;48.3;4.07;09/08/2026;08:00;26.2;5;SOLEIL VOILÉ;2;0;0
Troyes;48.3;4.07;09/08/2026;09:00;26.2;5;SOLEIL VOILÉ;2;0;0
Troyes;48.3;4.07;09/08/2026;10:00;26.2;5;SOLEIL VOILÉ;2;0;0
Troyes;48.3;4.07;09/08/2026;11:00;30.7;5;SOLEIL VOILÉ;3;0;0
Troyes;48.3;4.07;09/08/2026;12:00;30.7;5;SOLEIL VOILÉ;3;0;0
Troyes;48.3;4.07;09/08/2026;13:00;30.7;5;SOLEIL VOILÉ;3;0;0
Troyes;48.3;4.07;09/08/2026;14:00;32;0;SOLEIL;1;0;0
Troyes;48.3;4.07;09/08/2026;15:00;32;0;SOLEIL;1;0;0
Troyes;48.3;4.07;09/08/2026;16:00;32;0;SOLEIL;1;0;0
Troyes;48.3;4.07;09/08/2026;17:00;30.4;0;SOLEIL;4;0;0
Troyes;48.3;4.07;09/08/2026;18:00;30.4;0;SOLEIL;4;0;0
Troyes;48.3;4.07;09/08/2026;19:00;30.4;0;SOLEIL;4;0;0
Troyes;48.3;4.07;09/08/2026;20:00;21.3;0;SOLEIL;5;0;0
Troyes;48.3;4.07;09/08/2026;21:00;19.1;0;SOLEIL;5;0;0
Troyes;48.3;4.07;09/08/2026;22:00;16.9;0;SOLEIL;5;0;0
Troyes;48.3;4.07;09/08/2026;23:00;19.2;0;SOLEIL;2;0;0
Troyes;48.3;4.07;10/08/2026;00:00;19.2;0;SOLEIL;2;0;0
Troyes;48.3;4.07;10/08/2026;01:00;19.2;0;SOLEIL;2;0;0
Troyes;48.3;4.07;10/08/2026;02:00;14.5;5;SOLEIL VOILÉ;5;0;0
Troyes;48.3;4.07;10/08/2026;03:00;14.5;5;SOLEIL VOILÉ;5;0;0
Troyes;48.3;4.07;10/08/2026;04:00;14.5;5;SOLEIL VOILÉ;5;0;0
Troyes;48.3;4.07;10/08/2026;05:00;19.9;0;SOLEIL;2;0;0
Troyes;48.3;4.07;10/08/2026;06:00;19.9;0;SOLEIL;2;0;0
Troyes;48.3;4.07;10/08/2026;07:00;19.9;0;SOLEIL;2;0;0
Troyes;48.3;4.07;10/08/2026;08:00;18.5;5;SOLEIL VOILÉ;5;0;0
Troyes;48.3;4.07;10/08/2026;09:00;20.5;5;SOLEIL VOILÉ;5;0;0
Troyes;48.3;4.07;10/08/2026;10:00;22.5;5;SOLEIL VOILÉ;5;0;0
Troyes;48.3;4.07;10/08/2026;11:00;30.9;0;SOLEIL;3;0;0
Troyes;48.3;4.07;10/08/2026;12:00;30.9;0;SOLEIL;3;0;0
Troyes;48.3;4.07;10/08/2026;13:00;30.9;0;SOLEIL;3;0;0
Troyes;48.3;4.07;10/08/2026;14:00;30.6;5;SOLEIL VOILÉ;5;0;0
Troyes;48.3;4.07;10/08/2026;15:00;32.6;5;SOLEIL VOILÉ;5;0;0
Troyes;48.3;4.07;10/08/2026;16:00;30.6;5;SOLEIL VOILÉ;5;0;0
Troyes;48.3;4.07;10/08/2026;17:00;29.4;0;SOLEIL;3;0;0
Troyes;48.3;4.07;10/08/2026;18:00;29.4;0;SOLEIL;3;0;0
Troyes;48.3;4.07;10/08/2026;19:00;29.4;0;SOLEIL;3;0;0
Troyes;48.3;4.07;10/08/2026;20:00;22.5;5;SOLEIL VOILÉ;5;0;0
Troyes;48.3;4.07;10/08/2026;21:00;20.5;5;SOLEIL VOILÉ;5;0;0
Troyes;48.3;4.07;10/08/2026;22:00;18.5;5;SOLEIL VOILÉ;5;0;0
Troyes;48.3;4.07;10/08/2026;23:00;19.2;0;SOLEIL;3;0;0
Troyes;48.3;4.07;11/08/2026;00:00;19.2;0;SOLEIL;3;0;0
Troyes;48.3;4.07;11/08/2026;01:00;19.2;0;SOLEIL;3;0;0
Troyes;48.3;4.07;11/08/2026;02:00;17.7;0;SOLEIL;5;0;0
Troyes;48.3;4.07;11/08/2026;03:00;17.7;0;SOLEIL;5;0;0
Troyes;48.3;4.07;11/08/2026;04:00;17.7;0;SOLEIL;5;0;0
Troyes;48.3;4.07;11/08/2026;05:00;18.6;0;SOLEIL;3;0;0
Troyes;48.3;4.07;11/08/2026;06:00;18.6;0;SOLEIL;3;0;0
Troyes;48.3;4.07;11/08/2026;07:00;18.6;0;SOLEIL;3;0;0
Troyes;48.3;4.07;11/08/2026;08:00;20.9;0;SOLEIL;5;0;0
Troyes;48.3;4.07;11/08/2026;09:00;22.5;0;SOLEIL;5;0;0
Troyes;48.3;4.07;11/08/2026;10:00;24.1;0;SOLEIL;5;0;0
Troyes;48.3;4.07;11/08/2026;11:00;29.6;0;SOLEIL;3;0;0
Troyes;48.3;4.07;11/08/2026;12:00;29.6;0;SOLEIL;3;0;0
Troyes;48.3;4.07;11/08/2026;13:00;29.6;0;SOLEIL;3;0;0
Troyes;48.3;4.07;11/08/2026;14:00;30.6;0;SOLEIL;5;0;0
Troyes;48.3;4.07;11/08/2026;15:00;32.2;0;SOLEIL;5;0;0
Troyes;48.3;4.07;11/08/2026;16:00;30.6;0;SOLEIL;5;0;0
Troyes;48.3;4.07;11/08/2026;17:00;28.6;0;SOLEIL;4;0;0
Troyes;48.3;4.07;11/08/2026;18:00;28.6;0;SOLEIL;4;0;0
Troyes;48.3;4.07;11/08/2026;19:00;28.6;0;SOLEIL;4;0;0
Troyes;48.3;4.07;11/08/2026;20:00;24.1;0;SOLEIL;5;0;0
Troyes;48.3;4.07;11/08/2026;21:00;22.5;0;SOLEIL;5;0;0
Troyes;48.3;4.07;11/08/2026;22:00;20.9;0;SOLEIL;5;0;0
Troyes;48.3;4.07;11/08/2026;23:00;19.5;0;SOLEIL;4;0;0
Troyes;48.3;4.07;12/08/2026;00:00;19.5;0;SOLEIL;4;0;0
Troyes;48.3;4.07;12/08/2026;01:00;19.5;0;SOLEIL;4;0;0
Troyes;48.3;4.07;12/08/2026;02:00;16.2;0;SOLEIL;5;0;0
Troyes;48.3;4.07;12/08/2026;03:00;16.2;0;SOLEIL;5;0;0
Troyes;48.3;4.07;12/08/2026;04:00;16.2;0;SOLEIL;5;0;0
Troyes;48.3;4.07;12/08/2026;05:00;19.1;0;SOLEIL;4;0;0
Troyes;48.3;4.07;12/08/2026;06:00;19.1;0;SOLEIL;4;0;0
Troyes;48.3;4.07;12/08/2026;07:00;19.1;0;SOLEIL;4;0;0
Troyes;48.3;4.07;12/08/2026;08:00;19.5;0;SOLEIL;5;0;0
Troyes;48.3;4.07;12/08/2026;09:00;21.2;0;SOLEIL;5;0;0
Troyes;48.3;4.07;12/08/2026;10:00;22.8;0;SOLEIL;5;0;0
Troyes;48.3;4.07;12/08/2026;11:00;31.1;0;SOLEIL;3;0;0
Troyes;48.3;4.07;12/08/2026;12:00;31.1;0;SOLEIL;3;0;0
Troyes;48.3;4.07;12/08/2026;13:00;31.1;0;SOLEIL;3;0;0
Troyes;48.3;4.07;12/08/2026;14:00;29.4;0;SOLEIL;5;0;0
Troyes;48.3;4.07;12/08/2026;15:00;31.1;0;SOLEIL;5;0;0
Troyes;48.3;4.07;12/08/2026;16:00;29.4;0;SOLEIL;5;0;0
Troyes;48.3;4.07;12/08/2026;17:00;31.1;0;SOLEIL;2;0;0
Troyes;48.3;4.07;12/08/2026;18:00;31.1;0;SOLEIL;2;0;0
Troyes;48.3;4.07;12/08/2026;19:00;31.1;0;SOLEIL;2;0;0
Troyes;48.3;4.07;12/08/2026;20:00;22.8;0;SOLEIL;5;0;0
Troyes;48.3;4.07;12/08/2026;21:00;21.2;0;SOLEIL;5;0;0
Troyes;48.3;4.07;12/08/2026;22:00;19.5;0;SOLEIL;5;0;0
Troyes;48.3;4.07;12/08/2026;23:00;21.1;0;SOLEIL;3;0;0
Vitry-le-Croisé;48.15;4.65;08/08/2026;00:00;16.1;0;SOLEIL;3;0;0
Vitry-le-Croisé;48.15;4.65;08/08/2026;01:00;16.1;0;SOLEIL;3;0;0
Vitry-le-Croisé;48.15;4.65;08/08/2026;02:00;14.5;0;SOLEIL;2;0;0
Vitry-le-Croisé;48.15;4.65;08/08/2026;03:00;14.5;0;SOLEIL;2;0;0
Vitry-le-Croisé;48.15;4.65;08/08/2026;04:00;14.5;0;SOLEIL;2;0;0
Vitry-le-Croisé;48.15;4.65;08/08/2026;05:00;15.5;0;SOLEIL;2;0;0
Vitry-le-Croisé;48.15;4.65;08/08/2026;06:00;15.5;0;SOLEIL;2;0;0
Vitry-le-Croisé;48.15;4.65;08/08/2026;07:00;15.5;0;SOLEIL;2;0;0
Vitry-le-Croisé;48.15;4.65;08/08/2026;08:00;23.1;0;SOLEIL;2;0;0
Vitry-le-Croisé;48.15;4.65;08/08/2026;09:00;23.1;0;SOLEIL;2;0;0
Vitry-le-Croisé;48.15;4.65;08/08/2026;10:00;23.1;0;SOLEIL;2;0;0
Vitry-le-Croisé;48.15;4.65;08/08/2026;11:00;29.1;0;SOLEIL;2;0;0
Vitry-le-Croisé;48.15;4.65;08/08/2026;12:00;29.1;0;SOLEIL;2;0;0
Vitry-le-Croisé;48.15;4.65;08/08/2026;13:00;29.1;0;SOLEIL;2;0;0
Vitry-le-Croisé;48.15;4.65;08/08/2026;14:00;31.1;0;SOLEIL;2;0;0
Vitry-le-Croisé;48.15;4.65;08/08/2026;15:00;31.1;0;SOLEIL;2;0;0
Vitry-le-Croisé;48.15;4.65;08/08/2026;16:00;31.1;0;SOLEIL;2;0;0
Vitry-le-Croisé;48.15;4.65;08/08/2026;17:00;30.1;0;SOLEIL;2;0;0
Vitry-le-Croisé;48.15;4.65;08/08/2026;18:00;30.1;0;SOLEIL;2;0;0
Vitry-le-Croisé;48.15;4.65;08/08/2026;19:00;30.1;0;SOLEIL;2;0;0
Vitry-le-Croisé;48.15;4.65;08/08/2026;20:00;21.4;0;SOLEIL;1;0;0
Vitry-le-Croisé;48.15;4.65;08/08/2026;21:00;21.4;0;SOLEIL;1;0;0
Vitry-le-Croisé;48.15;4.65;08/08/2026;22:00;21.4;0;SOLEIL;1;0;0
Vitry-le-Croisé;48.15;4.65;08/08/2026;23:00;17.6;0;SOLEIL;0;0;0
Vitry-le-Croisé;48.15;4.65;09/08/2026;00:00;17.6;0;SOLEIL;0;0;0
Vitry-le-Croisé;48.15;4.65;09/08/2026;01:00;17.6;0;SOLEIL;0;0;0
Vitry-le-Croisé;48.15;4.65;09/08/2026;02:00;16.5;5;SOLEIL VOILÉ;0;0;0
Vitry-le-Croisé;48.15;4.65;09/08/2026;03:00;16.5;5;SOLEIL VOILÉ;0;0;0
Vitry-le-Croisé;48.15;4.65;09/08/2026;04:00;16.5;5;SOLEIL VOILÉ;0;0;0
Vitry-le-Croisé;48.15;4.65;09/08/2026;05:00;19.4;5;SOLEIL VOILÉ;0;0;0
Vitry-le-Croisé;48.15;4.65;09/08/2026;06:00;19.4;5;SOLEIL VOILÉ;0;0;0
Vitry-le-Croisé;48.15;4.65;09/08/2026;07:00;19.4;5;SOLEIL VOILÉ;0;0;0
Vitry-le-Croisé;48.15;4.65;09/08/2026;08:00;26.9;5;SOLEIL VOILÉ;1;0;0
Vitry-le-Croisé;48.15;4.65;09/08/2026;09:00;26.9;5;SOLEIL VOILÉ;1;0;0
Vitry-le-Croisé;48.15;4.65;09/08/2026;10:00;26.9;5;SOLEIL VOILÉ;1;0;0
Vitry-le-Croisé;48.15;4.65;09/08/2026;11:00;31.1;5;SOLEIL VOILÉ;1;0;0
Vitry-le-Croisé;48.15;4.65;09/08/2026;12:00;31.1;5;SOLEIL VOILÉ;1;0;0
Vitry-le-Croisé;48.15;4.65;09/08/2026;13:00;31.1;5;SOLEIL VOILÉ;1;0;0
Vitry-le-Croisé;48.15;4.65;09/08/2026;14:00;32.4;5;SOLEIL VOILÉ;2;0;0
Vitry-le-Croisé;48.15;4.65;09/08/2026;15:00;32.4;5;SOLEIL VOILÉ;2;0;0
Vitry-le-Croisé;48.15;4.65;09/08/2026;16:00;32.4;5;SOLEIL VOILÉ;2;0;0
Vitry-le-Croisé;48.15;4.65;09/08/2026;17:00;30.1;0;SOLEIL;2;0;0
Vitry-le-Croisé;48.15;4.65;09/08/2026;18:00;30.1;0;SOLEIL;2;0;0
Vitry-le-Croisé;48.15;4.65;09/08/2026;19:00;30.1;0;SOLEIL;2;0;0
Vitry-le-Croisé;48.15;4.65;09/08/2026;20:00;21.1;0;SOLEIL;5;0;0
Vitry-le-Croisé;48.15;4.65;09/08/2026;21:00;18.9;0;SOLEIL;5;0;0
Vitry-le-Croisé;48.15;4.65;09/08/2026;22:00;16.8;0;SOLEIL;5;0;0
Vitry-le-Croisé;48.15;4.65;09/08/2026;23:00;20.9;0;SOLEIL;2;0;0
Vitry-le-Croisé;48.15;4.65;10/08/2026;00:00;20.9;0;SOLEIL;2;0;0
Vitry-le-Croisé;48.15;4.65;10/08/2026;01:00;20.9;0;SOLEIL;2;0;0
Vitry-le-Croisé;48.15;4.65;10/08/2026;02:00;16.1;5;SOLEIL VOILÉ;5;0;0
Vitry-le-Croisé;48.15;4.65;10/08/2026;03:00;16.1;5;SOLEIL VOILÉ;5;0;0
Vitry-le-Croisé;48.15;4.65;10/08/2026;04:00;16.1;5;SOLEIL VOILÉ;5;0;0
Vitry-le-Croisé;48.15;4.65;10/08/2026;05:00;21;0;SOLEIL;2;0;0
Vitry-le-Croisé;48.15;4.65;10/08/2026;06:00;21;0;SOLEIL;2;0;0
Vitry-le-Croisé;48.15;4.65;10/08/2026;07:00;21;0;SOLEIL;2;0;0
Vitry-le-Croisé;48.15;4.65;10/08/2026;08:00;19.9;5;SOLEIL VOILÉ;5;0;0
Vitry-le-Croisé;48.15;4.65;10/08/2026;09:00;21.8;5;SOLEIL VOILÉ;5;0;0
Vitry-le-Croisé;48.15;4.65;10/08/2026;10:00;23.7;5;SOLEIL VOILÉ;5;0;0
Vitry-le-Croisé;48.15;4.65;10/08/2026;11:00;32;0;SOLEIL;3;0;0
Vitry-le-Croisé;48.15;4.65;10/08/2026;12:00;32;0;SOLEIL;3;0;0
Vitry-le-Croisé;48.15;4.65;10/08/2026;13:00;32;0;SOLEIL;3;0;0
Vitry-le-Croisé;48.15;4.65;10/08/2026;14:00;31.2;5;SOLEIL VOILÉ;5;0;0
Vitry-le-Croisé;48.15;4.65;10/08/2026;15:00;33.1;5;SOLEIL VOILÉ;5;0;0
Vitry-le-Croisé;48.15;4.65;10/08/2026;16:00;31.2;5;SOLEIL VOILÉ;5;0;0
Vitry-le-Croisé;48.15;4.65;10/08/2026;17:00;30.7;0;SOLEIL;3;0;0
Vitry-le-Croisé;48.15;4.65;10/08/2026;18:00;30.7;0;SOLEIL;3;0;0
Vitry-le-Croisé;48.15;4.65;10/08/2026;19:00;30.7;0;SOLEIL;3;0;0
Vitry-le-Croisé;48.15;4.65;10/08/2026;20:00;23.7;5;SOLEIL VOILÉ;5;0;0
Vitry-le-Croisé;48.15;4.65;10/08/2026;21:00;21.8;5;SOLEIL VOILÉ;5;0;0
Vitry-le-Croisé;48.15;4.65;10/08/2026;22:00;19.9;5;SOLEIL VOILÉ;5;0;0
Vitry-le-Croisé;48.15;4.65;10/08/2026;23:00;22;0;SOLEIL;3;0;0
Vitry-le-Croisé;48.15;4.65;11/08/2026;00:00;22;0;SOLEIL;3;0;0
Vitry-le-Croisé;48.15;4.65;11/08/2026;01:00;22;0;SOLEIL;3;0;0
Vitry-le-Croisé;48.15;4.65;11/08/2026;02:00;19.4;0;SOLEIL;5;0;0
Vitry-le-Croisé;48.15;4.65;11/08/2026;03:00;19.4;0;SOLEIL;5;0;0
Vitry-le-Croisé;48.15;4.65;11/08/2026;04:00;19.4;0;SOLEIL;5;0;0
Vitry-le-Croisé;48.15;4.65;11/08/2026;05:00;19;0;SOLEIL;2;0;0
Vitry-le-Croisé;48.15;4.65;11/08/2026;06:00;19;0;SOLEIL;2;0;0
Vitry-le-Croisé;48.15;4.65;11/08/2026;07:00;19;0;SOLEIL;2;0;0
Vitry-le-Croisé;48.15;4.65;11/08/2026;08:00;22.6;0;SOLEIL;5;0;0
Vitry-le-Croisé;48.15;4.65;11/08/2026;09:00;24.2;0;SOLEIL;5;0;0
Vitry-le-Croisé;48.15;4.65;11/08/2026;10:00;25.8;0;SOLEIL;5;0;0
Vitry-le-Croisé;48.15;4.65;11/08/2026;11:00;30.6;0;SOLEIL;3;0;0
Vitry-le-Croisé;48.15;4.65;11/08/2026;12:00;30.6;0;SOLEIL;3;0;0
Vitry-le-Croisé;48.15;4.65;11/08/2026;13:00;30.6;0;SOLEIL;3;0;0
Vitry-le-Croisé;48.15;4.65;11/08/2026;14:00;32.1;0;SOLEIL;5;0;0
Vitry-le-Croisé;48.15;4.65;11/08/2026;15:00;33.7;0;SOLEIL;5;0;0
Vitry-le-Croisé;48.15;4.65;11/08/2026;16:00;32.1;0;SOLEIL;5;0;0
Vitry-le-Croisé;48.15;4.65;11/08/2026;17:00;30;0;SOLEIL;3;0;0
Vitry-le-Croisé;48.15;4.65;11/08/2026;18:00;30;0;SOLEIL;3;0;0
Vitry-le-Croisé;48.15;4.65;11/08/2026;19:00;30;0;SOLEIL;3;0;0
Vitry-le-Croisé;48.15;4.65;11/08/2026;20:00;25.8;0;SOLEIL;5;0;0
Vitry-le-Croisé;48.15;4.65;11/08/2026;21:00;24.2;0;SOLEIL;5;0;0
Vitry-le-Croisé;48.15;4.65;11/08/2026;22:00;22.6;0;SOLEIL;5;0;0
Vitry-le-Croisé;48.15;4.65;11/08/2026;23:00;21.9;0;SOLEIL;3;0;0
Vitry-le-Croisé;48.15;4.65;12/08/2026;00:00;21.9;0;SOLEIL;3;0;0
Vitry-le-Croisé;48.15;4.65;12/08/2026;01:00;21.9;0;SOLEIL;3;0;0
Vitry-le-Croisé;48.15;4.65;12/08/2026;02:00;17.6;0;SOLEIL;5;0;0
Vitry-le-Croisé;48.15;4.65;12/08/2026;03:00;17.6;0;SOLEIL;5;0;0
Vitry-le-Croisé;48.15;4.65;12/08/2026;04:00;17.6;0;SOLEIL;5;0;0
Vitry-le-Croisé;48.15;4.65;12/08/2026;05:00;19.2;0;SOLEIL;3;0;0
Vitry-le-Croisé;48.15;4.65;12/08/2026;06:00;19.2;0;SOLEIL;3;0;0
Vitry-le-Croisé;48.15;4.65;12/08/2026;07:00;19.2;0;SOLEIL;3;0;0
Vitry-le-Croisé;48.15;4.65;12/08/2026;08:00;20.9;0;SOLEIL;5;0;0
Vitry-le-Croisé;48.15;4.65;12/08/2026;09:00;22.6;0;SOLEIL;5;0;0
Vitry-le-Croisé;48.15;4.65;12/08/2026;10:00;24.3;0;SOLEIL;5;0;0
Vitry-le-Croisé;48.15;4.65;12/08/2026;11:00;33;0;SOLEIL;3;0;0
Vitry-le-Croisé;48.15;4.65;12/08/2026;12:00;33;0;SOLEIL;3;0;0
Vitry-le-Croisé;48.15;4.65;12/08/2026;13:00;33;0;SOLEIL;3;0;0
Vitry-le-Croisé;48.15;4.65;12/08/2026;14:00;30.9;0;SOLEIL;5;0;0
Vitry-le-Croisé;48.15;4.65;12/08/2026;15:00;32.6;0;SOLEIL;5;0;0
Vitry-le-Croisé;48.15;4.65;12/08/2026;16:00;30.9;0;SOLEIL;5;0;0
Vitry-le-Croisé;48.15;4.65;12/08/2026;17:00;32.9;0;SOLEIL;2;0;0
Vitry-le-Croisé;48.15;4.65;12/08/2026;18:00;32.9;0;SOLEIL;2;0;0
Vitry-le-Croisé;48.15;4.65;12/08/2026;19:00;32.9;0;SOLEIL;2;0;0
Vitry-le-Croisé;48.15;4.65;12/08/2026;20:00;24.3;0;SOLEIL;5;0;0
Vitry-le-Croisé;48.15;4.65;12/08/2026;21:00;22.6;0;SOLEIL;5;0;0
Vitry-le-Croisé;48.15;4.65;12/08/2026;22:00;20.9;0;SOLEIL;5;0;0
Vitry-le-Croisé;48.15;4.65;12/08/2026;23:00;23;0;SOLEIL;2;0;0
Châlons-en-Champagne;48.95;4.36;08/08/2026;00:00;16;0;SOLEIL;3;0;0
Châlons-en-Champagne;48.95;4.36;08/08/2026;01:00;16;0;SOLEIL;3;0;0
Châlons-en-Champagne;48.95;4.36;08/08/2026;02:00;12.4;0;SOLEIL;2;0;0
Châlons-en-Champagne;48.95;4.36;08/08/2026;03:00;12.4;0;SOLEIL;2;0;0
Châlons-en-Champagne;48.95;4.36;08/08/2026;04:00;12.4;0;SOLEIL;2;0;0
Châlons-en-Champagne;48.95;4.36;08/08/2026;05:00;14.4;0;SOLEIL;3;0;0
Châlons-en-Champagne;48.95;4.36;08/08/2026;06:00;14.4;0;SOLEIL;3;0;0
Châlons-en-Champagne;48.95;4.36;08/08/2026;07:00;14.4;0;SOLEIL;3;0;0
Châlons-en-Champagne;48.95;4.36;08/08/2026;08:00;24.1;0;SOLEIL;2;0;0
Châlons-en-Champagne;48.95;4.36;08/08/2026;09:00;24.1;0;SOLEIL;2;0;0
Châlons-en-Champagne;48.95;4.36;08/08/2026;10:00;24.1;0;SOLEIL;2;0;0
Châlons-en-Champagne;48.95;4.36;08/08/2026;11:00;29;0;SOLEIL;1;0;0
Châlons-en-Champagne;48.95;4.36;08/08/2026;12:00;29;0;SOLEIL;1;0;0
Châlons-en-Champagne;48.95;4.36;08/08/2026;13:00;29;0;SOLEIL;1;0;0
Châlons-en-Champagne;48.95;4.36;08/08/2026;14:00;31.1;0;SOLEIL;2;0;0
Châlons-en-Champagne;48.95;4.36;08/08/2026;15:00;31.1;0;SOLEIL;2;0;0
Châlons-en-Champagne;48.95;4.36;08/08/2026;16:00;31.1;0;SOLEIL;2;0;0
Châlons-en-Champagne;48.95;4.36;08/08/2026;17:00;29.7;0;SOLEIL;3;0;0
Châlons-en-Champagne;48.95;4.36;08/08/2026;18:00;29.7;0;SOLEIL;3;0;0
Châlons-en-Champagne;48.95;4.36;08/08/2026;19:00;29.7;0;SOLEIL;3;0;0
Châlons-en-Champagne;48.95;4.36;08/08/2026;20:00;22;0;SOLEIL;2;0;0
Châlons-en-Champagne;48.95;4.36;08/08/2026;21:00;22;0;SOLEIL;2;0;0
Châlons-en-Champagne;48.95;4.36;08/08/2026;22:00;22;0;SOLEIL;2;0;0
Châlons-en-Champagne;48.95;4.36;08/08/2026;23:00;18.6;0;SOLEIL;0;0;0
Châlons-en-Champagne;48.95;4.36;09/08/2026;00:00;18.6;0;SOLEIL;0;0;0
Châlons-en-Champagne;48.95;4.36;09/08/2026;01:00;18.6;0;SOLEIL;0;0;0
Châlons-en-Champagne;48.95;4.36;09/08/2026;02:00;17.4;5;SOLEIL VOILÉ;2;0;0
Châlons-en-Champagne;48.95;4.36;09/08/2026;03:00;17.4;5;SOLEIL VOILÉ;2;0;0
Châlons-en-Champagne;48.95;4.36;09/08/2026;04:00;17.4;5;SOLEIL VOILÉ;2;0;0
Châlons-en-Champagne;48.95;4.36;09/08/2026;05:00;19.4;5;SOLEIL VOILÉ;2;0;0
Châlons-en-Champagne;48.95;4.36;09/08/2026;06:00;19.4;5;SOLEIL VOILÉ;2;0;0
Châlons-en-Champagne;48.95;4.36;09/08/2026;07:00;19.4;5;SOLEIL VOILÉ;2;0;0
Châlons-en-Champagne;48.95;4.36;09/08/2026;08:00;28;5;SOLEIL VOILÉ;2;0;0
Châlons-en-Champagne;48.95;4.36;09/08/2026;09:00;28;5;SOLEIL VOILÉ;2;0;0
Châlons-en-Champagne;48.95;4.36;09/08/2026;10:00;28;5;SOLEIL VOILÉ;2;0;0
Châlons-en-Champagne;48.95;4.36;09/08/2026;11:00;30.5;5;SOLEIL VOILÉ;3;0;0
Châlons-en-Champagne;48.95;4.36;09/08/2026;12:00;30.5;5;SOLEIL VOILÉ;3;0;0
Châlons-en-Champagne;48.95;4.36;09/08/2026;13:00;30.5;5;SOLEIL VOILÉ;3;0;0
Châlons-en-Champagne;48.95;4.36;09/08/2026;14:00;31.1;5;SOLEIL VOILÉ;2;0;0
Châlons-en-Champagne;48.95;4.36;09/08/2026;15:00;31.1;5;SOLEIL VOILÉ;2;0;0
Châlons-en-Champagne;48.95;4.36;09/08/2026;16:00;31.1;5;SOLEIL VOILÉ;2;0;0
Châlons-en-Champagne;48.95;4.36;09/08/2026;17:00;28.6;0;SOLEIL;2;0;0
Châlons-en-Champagne;48.95;4.36;09/08/2026;18:00;28.6;0;SOLEIL;2;0;0
Châlons-en-Champagne;48.95;4.36;09/08/2026;19:00;28.6;0;SOLEIL;2;0;0
Châlons-en-Champagne;48.95;4.36;09/08/2026;20:00;21.1;0;SOLEIL;5;0;0
Châlons-en-Champagne;48.95;4.36;09/08/2026;21:00;18.7;0;SOLEIL;5;0;0
Châlons-en-Champagne;48.95;4.36;09/08/2026;22:00;16.4;0;SOLEIL;5;0;0
Châlons-en-Champagne;48.95;4.36;09/08/2026;23:00;20.1;0;SOLEIL;2;0;0
Châlons-en-Champagne;48.95;4.36;10/08/2026;00:00;20.1;0;SOLEIL;2;0;0
Châlons-en-Champagne;48.95;4.36;10/08/2026;01:00;20.1;0;SOLEIL;2;0;0
Châlons-en-Champagne;48.95;4.36;10/08/2026;02:00;16.6;5;SOLEIL VOILÉ;5;0;0
Châlons-en-Champagne;48.95;4.36;10/08/2026;03:00;16.6;5;SOLEIL VOILÉ;5;0;0
Châlons-en-Champagne;48.95;4.36;10/08/2026;04:00;16.6;5;SOLEIL VOILÉ;5;0;0
Châlons-en-Champagne;48.95;4.36;10/08/2026;05:00;19.6;0;SOLEIL;2;0;0
Châlons-en-Champagne;48.95;4.36;10/08/2026;06:00;19.6;0;SOLEIL;2;0;0
Châlons-en-Champagne;48.95;4.36;10/08/2026;07:00;19.6;0;SOLEIL;2;0;0
Châlons-en-Champagne;48.95;4.36;10/08/2026;08:00;20.0;5;SOLEIL VOILÉ;5;0;0
Châlons-en-Champagne;48.95;4.36;10/08/2026;09:00;21.7;5;SOLEIL VOILÉ;5;0;0
Châlons-en-Champagne;48.95;4.36;10/08/2026;10:00;23.4;5;SOLEIL VOILÉ;5;0;0
Châlons-en-Champagne;48.95;4.36;10/08/2026;11:00;30.5;0;SOLEIL;3;0;0
Châlons-en-Champagne;48.95;4.36;10/08/2026;12:00;30.5;0;SOLEIL;3;0;0
Châlons-en-Champagne;48.95;4.36;10/08/2026;13:00;30.5;0;SOLEIL;3;0;0
Châlons-en-Champagne;48.95;4.36;10/08/2026;14:00;30.2;5;SOLEIL VOILÉ;5;0;0
Châlons-en-Champagne;48.95;4.36;10/08/2026;15:00;31.9;5;SOLEIL VOILÉ;5;0;0
Châlons-en-Champagne;48.95;4.36;10/08/2026;16:00;30.2;5;SOLEIL VOILÉ;5;0;0
Châlons-en-Champagne;48.95;4.36;10/08/2026;17:00;28.7;0;SOLEIL;3;0;0
Châlons-en-Champagne;48.95;4.36;10/08/2026;18:00;28.7;0;SOLEIL;3;0;0
Châlons-en-Champagne;48.95;4.36;10/08/2026;19:00;28.7;0;SOLEIL;3;0;0
Châlons-en-Champagne;48.95;4.36;10/08/2026;20:00;23.4;5;SOLEIL VOILÉ;5;0;0
Châlons-en-Champagne;48.95;4.36;10/08/2026;21:00;21.7;5;SOLEIL VOILÉ;5;0;0
Châlons-en-Champagne;48.95;4.36;10/08/2026;22:00;20.0;5;SOLEIL VOILÉ;5;0;0
Châlons-en-Champagne;48.95;4.36;10/08/2026;23:00;19.5;0;SOLEIL;3;0;0
Châlons-en-Champagne;48.95;4.36;11/08/2026;00:00;19.5;0;SOLEIL;3;0;0
Châlons-en-Champagne;48.95;4.36;11/08/2026;01:00;19.5;0;SOLEIL;3;0;0
Châlons-en-Champagne;48.95;4.36;11/08/2026;02:00;17.5;0;SOLEIL;5;0;0
Châlons-en-Champagne;48.95;4.36;11/08/2026;03:00;17.5;0;SOLEIL;5;0;0
Châlons-en-Champagne;48.95;4.36;11/08/2026;04:00;17.5;0;SOLEIL;5;0;0
Châlons-en-Champagne;48.95;4.36;11/08/2026;05:00;17.9;0;SOLEIL;3;0;0
Châlons-en-Champagne;48.95;4.36;11/08/2026;06:00;17.9;0;SOLEIL;3;0;0
Châlons-en-Champagne;48.95;4.36;11/08/2026;07:00;17.9;0;SOLEIL;3;0;0
Châlons-en-Champagne;48.95;4.36;11/08/2026;08:00;20.6;0;SOLEIL;5;0;0
Châlons-en-Champagne;48.95;4.36;11/08/2026;09:00;22.2;0;SOLEIL;5;0;0
Châlons-en-Champagne;48.95;4.36;11/08/2026;10:00;23.8;0;SOLEIL;5;0;0
Châlons-en-Champagne;48.95;4.36;11/08/2026;11:00;29;0;SOLEIL;3;0;0
Châlons-en-Champagne;48.95;4.36;11/08/2026;12:00;29;0;SOLEIL;3;0;0
Châlons-en-Champagne;48.95;4.36;11/08/2026;13:00;29;0;SOLEIL;3;0;0
Châlons-en-Champagne;48.95;4.36;11/08/2026;14:00;30.0;0;SOLEIL;5;0;0
Châlons-en-Champagne;48.95;4.36;11/08/2026;15:00;31.6;0;SOLEIL;5;0;0
Châlons-en-Champagne;48.95;4.36;11/08/2026;16:00;30.0;0;SOLEIL;5;0;0
Châlons-en-Champagne;48.95;4.36;11/08/2026;17:00;28;0;SOLEIL;3;0;0
Châlons-en-Champagne;48.95;4.36;11/08/2026;18:00;28;0;SOLEIL;3;0;0
Châlons-en-Champagne;48.95;4.36;11/08/2026;19:00;28;0;SOLEIL;3;0;0
Châlons-en-Champagne;48.95;4.36;11/08/2026;20:00;23.8;0;SOLEIL;5;0;0
Châlons-en-Champagne;48.95;4.36;11/08/2026;21:00;22.2;0;SOLEIL;5;0;0
Châlons-en-Champagne;48.95;4.36;11/08/2026;22:00;20.6;0;SOLEIL;5;0;0
Châlons-en-Champagne;48.95;4.36;11/08/2026;23:00;19.1;0;SOLEIL;4;0;0
Châlons-en-Champagne;48.95;4.36;12/08/2026;00:00;19.1;0;SOLEIL;4;0;0
Châlons-en-Champagne;48.95;4.36;12/08/2026;01:00;19.1;0;SOLEIL;4;0;0
Châlons-en-Champagne;48.95;4.36;12/08/2026;02:00;15.5;0;SOLEIL;5;0;0
Châlons-en-Champagne;48.95;4.36;12/08/2026;03:00;15.5;0;SOLEIL;5;0;0
Châlons-en-Champagne;48.95;4.36;12/08/2026;04:00;15.5;0;SOLEIL;5;0;0
Châlons-en-Champagne;48.95;4.36;12/08/2026;05:00;18.4;0;SOLEIL;3;0;0
Châlons-en-Champagne;48.95;4.36;12/08/2026;06:00;18.4;0;SOLEIL;3;0;0
Châlons-en-Champagne;48.95;4.36;12/08/2026;07:00;18.4;0;SOLEIL;3;0;0
Châlons-en-Champagne;48.95;4.36;12/08/2026;08:00;18.8;0;SOLEIL;5;0;0
Châlons-en-Champagne;48.95;4.36;12/08/2026;09:00;20.5;0;SOLEIL;5;0;0
Châlons-en-Champagne;48.95;4.36;12/08/2026;10:00;22.1;0;SOLEIL;5;0;0
Châlons-en-Champagne;48.95;4.36;12/08/2026;11:00;32;0;SOLEIL;2;0;0
Châlons-en-Champagne;48.95;4.36;12/08/2026;12:00;32;0;SOLEIL;2;0;0
Châlons-en-Champagne;48.95;4.36;12/08/2026;13:00;32;0;SOLEIL;2;0;0
Châlons-en-Champagne;48.95;4.36;12/08/2026;14:00;28.7;0;SOLEIL;5;0;0
Châlons-en-Champagne;48.95;4.36;12/08/2026;15:00;30.4;0;SOLEIL;5;0;0
Châlons-en-Champagne;48.95;4.36;12/08/2026;16:00;28.7;0;SOLEIL;5;0;0
Châlons-en-Champagne;48.95;4.36;12/08/2026;17:00;30.2;0;SOLEIL;2;0;0
Châlons-en-Champagne;48.95;4.36;12/08/2026;18:00;30.2;0;SOLEIL;2;0;0
Châlons-en-Champagne;48.95;4.36;12/08/2026;19:00;30.2;0;SOLEIL;2;0;0
Châlons-en-Champagne;48.95;4.36;12/08/2026;20:00;22.1;0;SOLEIL;5;0;0
Châlons-en-Champagne;48.95;4.36;12/08/2026;21:00;20.5;0;SOLEIL;5;0;0
Châlons-en-Champagne;48.95;4.36;12/08/2026;22:00;18.8;0;SOLEIL;5;0;0
Châlons-en-Champagne;48.95;4.36;12/08/2026;23:00;21;0;SOLEIL;3;0;0
Épernay;49.04;3.95;08/08/2026;00:00;16.9;0;SOLEIL;3;0;0
Épernay;49.04;3.95;08/08/2026;01:00;16.9;0;SOLEIL;3;0;0
Épernay;49.04;3.95;08/08/2026;02:00;14.4;0;SOLEIL;2;0;0
Épernay;49.04;3.95;08/08/2026;03:00;14.4;0;SOLEIL;2;0;0
Épernay;49.04;3.95;08/08/2026;04:00;14.4;0;SOLEIL;2;0;0
Épernay;49.04;3.95;08/08/2026;05:00;16.2;0;SOLEIL;2;0;0
Épernay;49.04;3.95;08/08/2026;06:00;16.2;0;SOLEIL;2;0;0
Épernay;49.04;3.95;08/08/2026;07:00;16.2;0;SOLEIL;2;0;0
Épernay;49.04;3.95;08/08/2026;08:00;24.1;0;SOLEIL;2;0;0
Épernay;49.04;3.95;08/08/2026;09:00;24.1;0;SOLEIL;2;0;0
Épernay;49.04;3.95;08/08/2026;10:00;24.1;0;SOLEIL;2;0;0
Épernay;49.04;3.95;08/08/2026;11:00;29.6;0;SOLEIL;2;0;0
Épernay;49.04;3.95;08/08/2026;12:00;29.6;0;SOLEIL;2;0;0
Épernay;49.04;3.95;08/08/2026;13:00;29.6;0;SOLEIL;2;0;0
Épernay;49.04;3.95;08/08/2026;14:00;32.1;0;SOLEIL;2;0;0
Épernay;49.04;3.95;08/08/2026;15:00;32.1;0;SOLEIL;2;0;0
Épernay;49.04;3.95;08/08/2026;16:00;32.1;0;SOLEIL;2;0;0
Épernay;49.04;3.95;08/08/2026;17:00;30.1;0;SOLEIL;2;0;0
Épernay;49.04;3.95;08/08/2026;18:00;30.1;0;SOLEIL;2;0;0
Épernay;49.04;3.95;08/08/2026;19:00;30.1;0;SOLEIL;2;0;0
Épernay;49.04;3.95;08/08/2026;20:00;24;0;SOLEIL;2;0;0
Épernay;49.04;3.95;08/08/2026;21:00;24;0;SOLEIL;2;0;0
Épernay;49.04;3.95;08/08/2026;22:00;24;0;SOLEIL;2;0;0
Épernay;49.04;3.95;08/08/2026;23:00;19.7;0;SOLEIL;2;0;0
Épernay;49.04;3.95;09/08/2026;00:00;19.7;0;SOLEIL;2;0;0
Épernay;49.04;3.95;09/08/2026;01:00;19.7;0;SOLEIL;2;0;0
Épernay;49.04;3.95;09/08/2026;02:00;15.9;5;SOLEIL VOILÉ;1;0;0
Épernay;49.04;3.95;09/08/2026;03:00;15.9;5;SOLEIL VOILÉ;1;0;0
Épernay;49.04;3.95;09/08/2026;04:00;15.9;5;SOLEIL VOILÉ;1;0;0
Épernay;49.04;3.95;09/08/2026;05:00;18.1;5;SOLEIL VOILÉ;0;0;0
Épernay;49.04;3.95;09/08/2026;06:00;18.1;5;SOLEIL VOILÉ;0;0;0
Épernay;49.04;3.95;09/08/2026;07:00;18.1;5;SOLEIL VOILÉ;0;0;0
Épernay;49.04;3.95;09/08/2026;08:00;27.5;5;SOLEIL VOILÉ;0;0;0
Épernay;49.04;3.95;09/08/2026;09:00;27.5;5;SOLEIL VOILÉ;0;0;0
Épernay;49.04;3.95;09/08/2026;10:00;27.5;5;SOLEIL VOILÉ;0;0;0
Épernay;49.04;3.95;09/08/2026;11:00;31.6;5;SOLEIL VOILÉ;2;0;0
Épernay;49.04;3.95;09/08/2026;12:00;31.6;5;SOLEIL VOILÉ;2;0;0
Épernay;49.04;3.95;09/08/2026;13:00;31.6;5;SOLEIL VOILÉ;2;0;0
Épernay;49.04;3.95;09/08/2026;14:00;32.7;5;SOLEIL VOILÉ;3;0;0
Épernay;49.04;3.95;09/08/2026;15:00;32.7;5;SOLEIL VOILÉ;3;0;0
Épernay;49.04;3.95;09/08/2026;16:00;32.7;5;SOLEIL VOILÉ;3;0;0
Épernay;49.04;3.95;09/08/2026;17:00;29.6;0;SOLEIL;3;0;0
Épernay;49.04;3.95;09/08/2026;18:00;29.6;0;SOLEIL;3;0;0
Épernay;49.04;3.95;09/08/2026;19:00;29.6;0;SOLEIL;3;0;0
Épernay;49.04;3.95;09/08/2026;20:00;21.8;0;SOLEIL;5;0;0
Épernay;49.04;3.95;09/08/2026;21:00;19.8;0;SOLEIL;5;0;0
Épernay;49.04;3.95;09/08/2026;22:00;17.7;0;SOLEIL;5;0;0
Épernay;49.04;3.95;09/08/2026;23:00;22.1;0;SOLEIL;3;0;0
Épernay;49.04;3.95;10/08/2026;00:00;22.1;0;SOLEIL;3;0;0
Épernay;49.04;3.95;10/08/2026;01:00;22.1;0;SOLEIL;3;0;0
Épernay;49.04;3.95;10/08/2026;02:00;15.1;5;SOLEIL VOILÉ;5;0;0
Épernay;49.04;3.95;10/08/2026;03:00;15.1;5;SOLEIL VOILÉ;5;0;0
Épernay;49.04;3.95;10/08/2026;04:00;15.1;5;SOLEIL VOILÉ;5;0;0
Épernay;49.04;3.95;10/08/2026;05:00;20.1;0;SOLEIL;2;0;0
Épernay;49.04;3.95;10/08/2026;06:00;20.1;0;SOLEIL;2;0;0
Épernay;49.04;3.95;10/08/2026;07:00;20.1;0;SOLEIL;2;0;0
Épernay;49.04;3.95;10/08/2026;08:00;19.2;5;SOLEIL VOILÉ;5;0;0
Épernay;49.04;3.95;10/08/2026;09:00;21.2;5;SOLEIL VOILÉ;5;0;0
Épernay;49.04;3.95;10/08/2026;10:00;23.2;5;SOLEIL VOILÉ;5;0;0
Épernay;49.04;3.95;10/08/2026;11:00;31.6;0;SOLEIL;3;0;0
Épernay;49.04;3.95;10/08/2026;12:00;31.6;0;SOLEIL;3;0;0
Épernay;49.04;3.95;10/08/2026;13:00;31.6;0;SOLEIL;3;0;0
Épernay;49.04;3.95;10/08/2026;14:00;31.4;5;SOLEIL VOILÉ;5;0;0
Épernay;49.04;3.95;10/08/2026;15:00;33.4;5;SOLEIL VOILÉ;5;0;0
Épernay;49.04;3.95;10/08/2026;16:00;31.4;5;SOLEIL VOILÉ;5;0;0
Épernay;49.04;3.95;10/08/2026;17:00;29.1;0;SOLEIL;4;0;0
Épernay;49.04;3.95;10/08/2026;18:00;29.1;0;SOLEIL;4;0;0
Épernay;49.04;3.95;10/08/2026;19:00;29.1;0;SOLEIL;4;0;0
Épernay;49.04;3.95;10/08/2026;20:00;23.2;5;SOLEIL VOILÉ;5;0;0
Épernay;49.04;3.95;10/08/2026;21:00;21.2;5;SOLEIL VOILÉ;5;0;0
Épernay;49.04;3.95;10/08/2026;22:00;19.2;5;SOLEIL VOILÉ;5;0;0
Épernay;49.04;3.95;10/08/2026;23:00;20.4;0;SOLEIL;3;0;0
Épernay;49.04;3.95;11/08/2026;00:00;20.4;0;SOLEIL;3;0;0
Épernay;49.04;3.95;11/08/2026;01:00;20.4;0;SOLEIL;3;0;0
Épernay;49.04;3.95;11/08/2026;02:00;18.6;0;SOLEIL;5;0;0
Épernay;49.04;3.95;11/08/2026;03:00;18.6;0;SOLEIL;5;0;0
Épernay;49.04;3.95;11/08/2026;04:00;18.6;0;SOLEIL;5;0;0
Épernay;49.04;3.95;11/08/2026;05:00;18.1;0;SOLEIL;3;0;0
Épernay;49.04;3.95;11/08/2026;06:00;18.1;0;SOLEIL;3;0;0
Épernay;49.04;3.95;11/08/2026;07:00;18.1;0;SOLEIL;3;0;0
Épernay;49.04;3.95;11/08/2026;08:00;21.7;0;SOLEIL;5;0;0
Épernay;49.04;3.95;11/08/2026;09:00;23.3;0;SOLEIL;5;0;0
Épernay;49.04;3.95;11/08/2026;10:00;24.8;0;SOLEIL;5;0;0
Épernay;49.04;3.95;11/08/2026;11:00;29.4;0;SOLEIL;3;0;0
Épernay;49.04;3.95;11/08/2026;12:00;29.4;0;SOLEIL;3;0;0
Épernay;49.04;3.95;11/08/2026;13:00;29.4;0;SOLEIL;3;0;0
Épernay;49.04;3.95;11/08/2026;14:00;31.0;0;SOLEIL;5;0;0
Épernay;49.04;3.95;11/08/2026;15:00;32.6;0;SOLEIL;5;0;0
Épernay;49.04;3.95;11/08/2026;16:00;31.0;0;SOLEIL;5;0;0
Épernay;49.04;3.95;11/08/2026;17:00;28.7;0;SOLEIL;4;0;0
Épernay;49.04;3.95;11/08/2026;18:00;28.7;0;SOLEIL;4;0;0
Épernay;49.04;3.95;11/08/2026;19:00;28.7;0;SOLEIL;4;0;0
Épernay;49.04;3.95;11/08/2026;20:00;24.8;0;SOLEIL;5;0;0
Épernay;49.04;3.95;11/08/2026;21:00;23.3;0;SOLEIL;5;0;0
Épernay;49.04;3.95;11/08/2026;22:00;21.7;0;SOLEIL;5;0;0
Épernay;49.04;3.95;11/08/2026;23:00;20;0;SOLEIL;3;0;0
Épernay;49.04;3.95;12/08/2026;00:00;20;0;SOLEIL;3;0;0
Épernay;49.04;3.95;12/08/2026;01:00;20;0;SOLEIL;3;0;0
Épernay;49.04;3.95;12/08/2026;02:00;16.6;0;SOLEIL;5;0;0
Épernay;49.04;3.95;12/08/2026;03:00;16.6;0;SOLEIL;5;0;0
Épernay;49.04;3.95;12/08/2026;04:00;16.6;0;SOLEIL;5;0;0
Épernay;49.04;3.95;12/08/2026;05:00;18.9;0;SOLEIL;3;0;0
Épernay;49.04;3.95;12/08/2026;06:00;18.9;0;SOLEIL;3;0;0
Épernay;49.04;3.95;12/08/2026;07:00;18.9;0;SOLEIL;3;0;0
Épernay;49.04;3.95;12/08/2026;08:00;19.7;0;SOLEIL;5;0;0
Épernay;49.04;3.95;12/08/2026;09:00;21.3;0;SOLEIL;5;0;0
Épernay;49.04;3.95;12/08/2026;10:00;22.8;0;SOLEIL;5;0;0
Épernay;49.04;3.95;12/08/2026;11:00;31.6;0;SOLEIL;3;0;0
Épernay;49.04;3.95;12/08/2026;12:00;31.6;0;SOLEIL;3;0;0
Épernay;49.04;3.95;12/08/2026;13:00;31.6;0;SOLEIL;3;0;0
Épernay;49.04;3.95;12/08/2026;14:00;29.0;0;SOLEIL;5;0;0
Épernay;49.04;3.95;12/08/2026;15:00;30.6;0;SOLEIL;5;0;0
Épernay;49.04;3.95;12/08/2026;16:00;29.0;0;SOLEIL;5;0;0
Épernay;49.04;3.95;12/08/2026;17:00;31.6;0;SOLEIL;2;0;0
Épernay;49.04;3.95;12/08/2026;18:00;31.6;0;SOLEIL;2;0;0
Épernay;49.04;3.95;12/08/2026;19:00;31.6;0;SOLEIL;2;0;0
Épernay;49.04;3.95;12/08/2026;20:00;22.8;0;SOLEIL;5;0;0
Épernay;49.04;3.95;12/08/2026;21:00;21.3;0;SOLEIL;5;0;0
Épernay;49.04;3.95;12/08/2026;22:00;19.7;0;SOLEIL;5;0;0
Épernay;49.04;3.95;12/08/2026;23:00;22.6;0;SOLEIL;2;0;0
Reims;49.25;4.03;08/08/2026;00:00;17.2;0;SOLEIL;3;0;0
Reims;49.25;4.03;08/08/2026;01:00;17.2;0;SOLEIL;3;0;0
Reims;49.25;4.03;08/08/2026;02:00;15.7;0;SOLEIL;2;0;0
Reims;49.25;4.03;08/08/2026;03:00;15.7;0;SOLEIL;2;0;0
Reims;49.25;4.03;08/08/2026;04:00;15.7;0;SOLEIL;2;0;0
Reims;49.25;4.03;08/08/2026;05:00;17;0;SOLEIL;2;0;0
Reims;49.25;4.03;08/08/2026;06:00;17;0;SOLEIL;2;0;0
Reims;49.25;4.03;08/08/2026;07:00;17;0;SOLEIL;2;0;0
Reims;49.25;4.03;08/08/2026;08:00;23.5;0;SOLEIL;2;0;0
Reims;49.25;4.03;08/08/2026;09:00;23.5;0;SOLEIL;2;0;0
Reims;49.25;4.03;08/08/2026;10:00;23.5;0;SOLEIL;2;0;0
Reims;49.25;4.03;08/08/2026;11:00;29;0;SOLEIL;2;0;0
Reims;49.25;4.03;08/08/2026;12:00;29;0;SOLEIL;2;0;0
Reims;49.25;4.03;08/08/2026;13:00;29;0;SOLEIL;2;0;0
Reims;49.25;4.03;08/08/2026;14:00;31.1;0;SOLEIL;1;0;0
Reims;49.25;4.03;08/08/2026;15:00;31.1;0;SOLEIL;1;0;0
Reims;49.25;4.03;08/08/2026;16:00;31.1;0;SOLEIL;1;0;0
Reims;49.25;4.03;08/08/2026;17:00;29.6;0;SOLEIL;1;0;0
Reims;49.25;4.03;08/08/2026;18:00;29.6;0;SOLEIL;1;0;0
Reims;49.25;4.03;08/08/2026;19:00;29.6;0;SOLEIL;1;0;0
Reims;49.25;4.03;08/08/2026;20:00;22;0;SOLEIL;2;0;0
Reims;49.25;4.03;08/08/2026;21:00;22;0;SOLEIL;2;0;0
Reims;49.25;4.03;08/08/2026;22:00;22;0;SOLEIL;2;0;0
Reims;49.25;4.03;08/08/2026;23:00;18.6;0;SOLEIL;2;0;0
Reims;49.25;4.03;09/08/2026;00:00;18.6;0;SOLEIL;2;0;0
Reims;49.25;4.03;09/08/2026;01:00;18.6;0;SOLEIL;2;0;0
Reims;49.25;4.03;09/08/2026;02:00;16.9;5;SOLEIL VOILÉ;2;0;0
Reims;49.25;4.03;09/08/2026;03:00;16.9;5;SOLEIL VOILÉ;2;0;0
Reims;49.25;4.03;09/08/2026;04:00;16.9;5;SOLEIL VOILÉ;2;0;0
Reims;49.25;4.03;09/08/2026;05:00;18.2;5;SOLEIL VOILÉ;2;0;0
Reims;49.25;4.03;09/08/2026;06:00;18.2;5;SOLEIL VOILÉ;2;0;0
Reims;49.25;4.03;09/08/2026;07:00;18.2;5;SOLEIL VOILÉ;2;0;0
Reims;49.25;4.03;09/08/2026;08:00;26.5;5;SOLEIL VOILÉ;1;0;0
Reims;49.25;4.03;09/08/2026;09:00;26.5;5;SOLEIL VOILÉ;1;0;0
Reims;49.25;4.03;09/08/2026;10:00;26.5;5;SOLEIL VOILÉ;1;0;0
Reims;49.25;4.03;09/08/2026;11:00;32;5;SOLEIL VOILÉ;2;0;0
Reims;49.25;4.03;09/08/2026;12:00;32;5;SOLEIL VOILÉ;2;0;0
Reims;49.25;4.03;09/08/2026;13:00;32;5;SOLEIL VOILÉ;2;0;0
Reims;49.25;4.03;09/08/2026;14:00;32.5;5;SOLEIL VOILÉ;3;0;0
Reims;49.25;4.03;09/08/2026;15:00;32.5;5;SOLEIL VOILÉ;3;0;0
Reims;49.25;4.03;09/08/2026;16:00;32.5;5;SOLEIL VOILÉ;3;0;0
Reims;49.25;4.03;09/08/2026;17:00;30.1;0;SOLEIL;3;0;0
Reims;49.25;4.03;09/08/2026;18:00;30.1;0;SOLEIL;3;0;0
Reims;49.25;4.03;09/08/2026;19:00;30.1;0;SOLEIL;3;0;0
Reims;49.25;4.03;09/08/2026;20:00;22.1;0;SOLEIL;5;0;0
Reims;49.25;4.03;09/08/2026;21:00;20.2;0;SOLEIL;5;0;0
Reims;49.25;4.03;09/08/2026;22:00;18.4;0;SOLEIL;5;0;0
Reims;49.25;4.03;09/08/2026;23:00;21.4;0;SOLEIL;3;0;0
Reims;49.25;4.03;10/08/2026;00:00;21.4;0;SOLEIL;3;0;0
Reims;49.25;4.03;10/08/2026;01:00;21.4;0;SOLEIL;3;0;0
Reims;49.25;4.03;10/08/2026;02:00;16;5;SOLEIL VOILÉ;5;0;0
Reims;49.25;4.03;10/08/2026;03:00;16;5;SOLEIL VOILÉ;5;0;0
Reims;49.25;4.03;10/08/2026;04:00;16;5;SOLEIL VOILÉ;5;0;0
Reims;49.25;4.03;10/08/2026;05:00;20.6;0;SOLEIL;2;0;0
Reims;49.25;4.03;10/08/2026;06:00;20.6;0;SOLEIL;2;0;0
Reims;49.25;4.03;10/08/2026;07:00;20.6;0;SOLEIL;2;0;0
Reims;49.25;4.03;10/08/2026;08:00;19.8;5;SOLEIL VOILÉ;5;0;0
Reims;49.25;4.03;10/08/2026;09:00;21.7;5;SOLEIL VOILÉ;5;0;0
Reims;49.25;4.03;10/08/2026;10:00;23.6;5;SOLEIL VOILÉ;5;0;0
Reims;49.25;4.03;10/08/2026;11:00;31.1;0;SOLEIL;3;0;0
Reims;49.25;4.03;10/08/2026;12:00;31.1;0;SOLEIL;3;0;0
Reims;49.25;4.03;10/08/2026;13:00;31.1;0;SOLEIL;3;0;0
Reims;49.25;4.03;10/08/2026;14:00;31.1;5;SOLEIL VOILÉ;5;0;0
Reims;49.25;4.03;10/08/2026;15:00;33.0;5;SOLEIL VOILÉ;5;0;0
Reims;49.25;4.03;10/08/2026;16:00;31.1;5;SOLEIL VOILÉ;5;0;0
Reims;49.25;4.03;10/08/2026;17:00;29;0;SOLEIL;4;0;0
Reims;49.25;4.03;10/08/2026;18:00;29;0;SOLEIL;4;0;0
Reims;49.25;4.03;10/08/2026;19:00;29;0;SOLEIL;4;0;0
Reims;49.25;4.03;10/08/2026;20:00;23.6;5;SOLEIL VOILÉ;5;0;0
Reims;49.25;4.03;10/08/2026;21:00;21.7;5;SOLEIL VOILÉ;5;0;0
Reims;49.25;4.03;10/08/2026;22:00;19.8;5;SOLEIL VOILÉ;5;0;0
Reims;49.25;4.03;10/08/2026;23:00;20.7;0;SOLEIL;3;0;0
Reims;49.25;4.03;11/08/2026;00:00;20.7;0;SOLEIL;3;0;0
Reims;49.25;4.03;11/08/2026;01:00;20.7;0;SOLEIL;3;0;0
Reims;49.25;4.03;11/08/2026;02:00;19;0;SOLEIL;5;0;0
Reims;49.25;4.03;11/08/2026;03:00;19;0;SOLEIL;5;0;0
Reims;49.25;4.03;11/08/2026;04:00;19;0;SOLEIL;5;0;0
Reims;49.25;4.03;11/08/2026;05:00;19.5;0;SOLEIL;3;0;0
Reims;49.25;4.03;11/08/2026;06:00;19.5;0;SOLEIL;3;0;0
Reims;49.25;4.03;11/08/2026;07:00;19.5;0;SOLEIL;3;0;0
Reims;49.25;4.03;11/08/2026;08:00;22.0;0;SOLEIL;5;0;0
Reims;49.25;4.03;11/08/2026;09:00;23.5;0;SOLEIL;5;0;0
Reims;49.25;4.03;11/08/2026;10:00;25.0;0;SOLEIL;5;0;0
Reims;49.25;4.03;11/08/2026;11:00;28.9;0;SOLEIL;3;0;0
Reims;49.25;4.03;11/08/2026;12:00;28.9;0;SOLEIL;3;0;0
Reims;49.25;4.03;11/08/2026;13:00;28.9;0;SOLEIL;3;0;0
Reims;49.25;4.03;11/08/2026;14:00;31.0;0;SOLEIL;5;0;0
Reims;49.25;4.03;11/08/2026;15:00;32.5;0;SOLEIL;5;0;0
Reims;49.25;4.03;11/08/2026;16:00;31.0;0;SOLEIL;5;0;0
Reims;49.25;4.03;11/08/2026;17:00;28.5;0;SOLEIL;3;0;0
Reims;49.25;4.03;11/08/2026;18:00;28.5;0;SOLEIL;3;0;0
Reims;49.25;4.03;11/08/2026;19:00;28.5;0;SOLEIL;3;0;0
Reims;49.25;4.03;11/08/2026;20:00;25.0;0;SOLEIL;5;0;0
Reims;49.25;4.03;11/08/2026;21:00;23.5;0;SOLEIL;5;0;0
Reims;49.25;4.03;11/08/2026;22:00;22.0;0;SOLEIL;5;0;0
Reims;49.25;4.03;11/08/2026;23:00;20.6;0;SOLEIL;3;0;0
Reims;49.25;4.03;12/08/2026;00:00;20.6;0;SOLEIL;3;0;0
Reims;49.25;4.03;12/08/2026;01:00;20.6;0;SOLEIL;3;0;0
Reims;49.25;4.03;12/08/2026;02:00;18.1;0;SOLEIL;5;0;0
Reims;49.25;4.03;12/08/2026;03:00;18.1;0;SOLEIL;5;0;0
Reims;49.25;4.03;12/08/2026;04:00;18.1;0;SOLEIL;5;0;0
Reims;49.25;4.03;12/08/2026;05:00;20.1;0;SOLEIL;3;0;0
Reims;49.25;4.03;12/08/2026;06:00;20.1;0;SOLEIL;3;0;0
Reims;49.25;4.03;12/08/2026;07:00;20.1;0;SOLEIL;3;0;0
Reims;49.25;4.03;12/08/2026;08:00;20.9;0;SOLEIL;5;0;0
Reims;49.25;4.03;12/08/2026;09:00;22.3;0;SOLEIL;5;0;0
Reims;49.25;4.03;12/08/2026;10:00;23.7;0;SOLEIL;5;0;0
Reims;49.25;4.03;12/08/2026;11:00;32.1;0;SOLEIL;3;0;0
Reims;49.25;4.03;12/08/2026;12:00;32.1;0;SOLEIL;3;0;0
Reims;49.25;4.03;12/08/2026;13:00;32.1;0;SOLEIL;3;0;0
Reims;49.25;4.03;12/08/2026;14:00;29.2;0;SOLEIL;5;0;0
Reims;49.25;4.03;12/08/2026;15:00;30.6;0;SOLEIL;5;0;0
Reims;49.25;4.03;12/08/2026;16:00;29.2;0;SOLEIL;5;0;0
Reims;49.25;4.03;12/08/2026;17:00;31.1;0;SOLEIL;2;0;0
Reims;49.25;4.03;12/08/2026;18:00;31.1;0;SOLEIL;2;0;0
Reims;49.25;4.03;12/08/2026;19:00;31.1;0;SOLEIL;2;0;0
Reims;49.25;4.03;12/08/2026;20:00;23.7;0;SOLEIL;5;0;0
Reims;49.25;4.03;12/08/2026;21:00;22.3;0;SOLEIL;5;0;0
Reims;49.25;4.03;12/08/2026;22:00;20.9;0;SOLEIL;5;0;0
Reims;49.25;4.03;12/08/2026;23:00;22.4;0;SOLEIL;2;0;0
Vitry-le-François;48.72;4.58;08/08/2026;00:00;15.5;0;SOLEIL;2;0;0
Vitry-le-François;48.72;4.58;08/08/2026;01:00;15.5;0;SOLEIL;2;0;0
Vitry-le-François;48.72;4.58;08/08/2026;02:00;13.4;0;SOLEIL;2;0;0
Vitry-le-François;48.72;4.58;08/08/2026;03:00;13.4;0;SOLEIL;2;0;0
Vitry-le-François;48.72;4.58;08/08/2026;04:00;13.4;0;SOLEIL;2;0;0
Vitry-le-François;48.72;4.58;08/08/2026;05:00;15;0;SOLEIL;2;0;0
Vitry-le-François;48.72;4.58;08/08/2026;06:00;15;0;SOLEIL;2;0;0
Vitry-le-François;48.72;4.58;08/08/2026;07:00;15;0;SOLEIL;2;0;0
Vitry-le-François;48.72;4.58;08/08/2026;08:00;22.9;0;SOLEIL;2;0;0
Vitry-le-François;48.72;4.58;08/08/2026;09:00;22.9;0;SOLEIL;2;0;0
Vitry-le-François;48.72;4.58;08/08/2026;10:00;22.9;0;SOLEIL;2;0;0
Vitry-le-François;48.72;4.58;08/08/2026;11:00;28.2;0;SOLEIL;2;0;0
Vitry-le-François;48.72;4.58;08/08/2026;12:00;28.2;0;SOLEIL;2;0;0
Vitry-le-François;48.72;4.58;08/08/2026;13:00;28.2;0;SOLEIL;2;0;0
Vitry-le-François;48.72;4.58;08/08/2026;14:00;30.1;0;SOLEIL;2;0;0
Vitry-le-François;48.72;4.58;08/08/2026;15:00;30.1;0;SOLEIL;2;0;0
Vitry-le-François;48.72;4.58;08/08/2026;16:00;30.1;0;SOLEIL;2;0;0
Vitry-le-François;48.72;4.58;08/08/2026;17:00;28.9;0;SOLEIL;2;0;0
Vitry-le-François;48.72;4.58;08/08/2026;18:00;28.9;0;SOLEIL;2;0;0
Vitry-le-François;48.72;4.58;08/08/2026;19:00;28.9;0;SOLEIL;2;0;0
Vitry-le-François;48.72;4.58;08/08/2026;20:00;21.6;0;SOLEIL;2;0;0
Vitry-le-François;48.72;4.58;08/08/2026;21:00;21.6;0;SOLEIL;2;0;0
Vitry-le-François;48.72;4.58;08/08/2026;22:00;21.6;0;SOLEIL;2;0;0
Vitry-le-François;48.72;4.58;08/08/2026;23:00;18.5;0;SOLEIL;1;0;0
Vitry-le-François;48.72;4.58;09/08/2026;00:00;18.5;0;SOLEIL;1;0;0
Vitry-le-François;48.72;4.58;09/08/2026;01:00;18.5;0;SOLEIL;1;0;0
Vitry-le-François;48.72;4.58;09/08/2026;02:00;15.9;0;SOLEIL;1;0;0
Vitry-le-François;48.72;4.58;09/08/2026;03:00;15.9;0;SOLEIL;1;0;0
Vitry-le-François;48.72;4.58;09/08/2026;04:00;15.9;0;SOLEIL;1;0;0
Vitry-le-François;48.72;4.58;09/08/2026;05:00;18;5;SOLEIL VOILÉ;0;0;0
Vitry-le-François;48.72;4.58;09/08/2026;06:00;18;5;SOLEIL VOILÉ;0;0;0
Vitry-le-François;48.72;4.58;09/08/2026;07:00;18;5;SOLEIL VOILÉ;0;0;0
Vitry-le-François;48.72;4.58;09/08/2026;08:00;26.2;5;SOLEIL VOILÉ;1;0;0
Vitry-le-François;48.72;4.58;09/08/2026;09:00;26.2;5;SOLEIL VOILÉ;1;0;0
Vitry-le-François;48.72;4.58;09/08/2026;10:00;26.2;5;SOLEIL VOILÉ;1;0;0
Vitry-le-François;48.72;4.58;09/08/2026;11:00;31.5;5;SOLEIL VOILÉ;2;0;0
Vitry-le-François;48.72;4.58;09/08/2026;12:00;31.5;5;SOLEIL VOILÉ;2;0;0
Vitry-le-François;48.72;4.58;09/08/2026;13:00;31.5;5;SOLEIL VOILÉ;2;0;0
Vitry-le-François;48.72;4.58;09/08/2026;14:00;32.6;5;SOLEIL VOILÉ;3;0;0
Vitry-le-François;48.72;4.58;09/08/2026;15:00;32.6;5;SOLEIL VOILÉ;3;0;0
Vitry-le-François;48.72;4.58;09/08/2026;16:00;32.6;5;SOLEIL VOILÉ;3;0;0
Vitry-le-François;48.72;4.58;09/08/2026;17:00;30.1;0;SOLEIL;2;0;0
Vitry-le-François;48.72;4.58;09/08/2026;18:00;30.1;0;SOLEIL;2;0;0
Vitry-le-François;48.72;4.58;09/08/2026;19:00;30.1;0;SOLEIL;2;0;0
Vitry-le-François;48.72;4.58;09/08/2026;20:00;20.1;0;SOLEIL;5;0;0
Vitry-le-François;48.72;4.58;09/08/2026;21:00;18.1;0;SOLEIL;5;0;0
Vitry-le-François;48.72;4.58;09/08/2026;22:00;16.1;0;SOLEIL;5;0;0
Vitry-le-François;48.72;4.58;09/08/2026;23:00;21.7;0;SOLEIL;3;0;0
Vitry-le-François;48.72;4.58;10/08/2026;00:00;21.7;0;SOLEIL;3;0;0
Vitry-le-François;48.72;4.58;10/08/2026;01:00;21.7;0;SOLEIL;3;0;0
Vitry-le-François;48.72;4.58;10/08/2026;02:00;15.1;5;SOLEIL VOILÉ;5;0;0
Vitry-le-François;48.72;4.58;10/08/2026;03:00;15.1;5;SOLEIL VOILÉ;5;0;0
Vitry-le-François;48.72;4.58;10/08/2026;04:00;15.1;5;SOLEIL VOILÉ;5;0;0
Vitry-le-François;48.72;4.58;10/08/2026;05:00;20.5;0;SOLEIL;2;0;0
Vitry-le-François;48.72;4.58;10/08/2026;06:00;20.5;0;SOLEIL;2;0;0
Vitry-le-François;48.72;4.58;10/08/2026;07:00;20.5;0;SOLEIL;2;0;0
Vitry-le-François;48.72;4.58;10/08/2026;08:00;19.1;5;SOLEIL VOILÉ;5;0;0
Vitry-le-François;48.72;4.58;10/08/2026;09:00;21.1;5;SOLEIL VOILÉ;5;0;0
Vitry-le-François;48.72;4.58;10/08/2026;10:00;23.1;5;SOLEIL VOILÉ;5;0;0
Vitry-le-François;48.72;4.58;10/08/2026;11:00;30.1;0;SOLEIL;3;0;0
Vitry-le-François;48.72;4.58;10/08/2026;12:00;30.1;0;SOLEIL;3;0;0
Vitry-le-François;48.72;4.58;10/08/2026;13:00;30.1;0;SOLEIL;3;0;0
Vitry-le-François;48.72;4.58;10/08/2026;14:00;31.1;5;SOLEIL VOILÉ;5;0;0
Vitry-le-François;48.72;4.58;10/08/2026;15:00;33.1;5;SOLEIL VOILÉ;5;0;0
Vitry-le-François;48.72;4.58;10/08/2026;16:00;31.1;5;SOLEIL VOILÉ;5;0;0
Vitry-le-François;48.72;4.58;10/08/2026;17:00;28.7;0;SOLEIL;4;0;0
Vitry-le-François;48.72;4.58;10/08/2026;18:00;28.7;0;SOLEIL;4;0;0
Vitry-le-François;48.72;4.58;10/08/2026;19:00;28.7;0;SOLEIL;4;0;0
Vitry-le-François;48.72;4.58;10/08/2026;20:00;23.1;5;SOLEIL VOILÉ;5;0;0
Vitry-le-François;48.72;4.58;10/08/2026;21:00;21.1;5;SOLEIL VOILÉ;5;0;0
Vitry-le-François;48.72;4.58;10/08/2026;22:00;19.1;5;SOLEIL VOILÉ;5;0;0
Vitry-le-François;48.72;4.58;10/08/2026;23:00;19.1;0;SOLEIL;3;0;0
Vitry-le-François;48.72;4.58;11/08/2026;00:00;19.1;0;SOLEIL;3;0;0
Vitry-le-François;48.72;4.58;11/08/2026;01:00;19.1;0;SOLEIL;3;0;0
Vitry-le-François;48.72;4.58;11/08/2026;02:00;18.6;0;SOLEIL;5;0;0
Vitry-le-François;48.72;4.58;11/08/2026;03:00;18.6;0;SOLEIL;5;0;0
Vitry-le-François;48.72;4.58;11/08/2026;04:00;18.6;0;SOLEIL;5;0;0
Vitry-le-François;48.72;4.58;11/08/2026;05:00;18.6;0;SOLEIL;2;0;0
Vitry-le-François;48.72;4.58;11/08/2026;06:00;18.6;0;SOLEIL;2;0;0
Vitry-le-François;48.72;4.58;11/08/2026;07:00;18.6;0;SOLEIL;2;0;0
Vitry-le-François;48.72;4.58;11/08/2026;08:00;21.6;0;SOLEIL;5;0;0
Vitry-le-François;48.72;4.58;11/08/2026;09:00;23.0;0;SOLEIL;5;0;0
Vitry-le-François;48.72;4.58;11/08/2026;10:00;24.5;0;SOLEIL;5;0;0
Vitry-le-François;48.72;4.58;11/08/2026;11:00;28.6;0;SOLEIL;3;0;0
Vitry-le-François;48.72;4.58;11/08/2026;12:00;28.6;0;SOLEIL;3;0;0
Vitry-le-François;48.72;4.58;11/08/2026;13:00;28.6;0;SOLEIL;3;0;0
Vitry-le-François;48.72;4.58;11/08/2026;14:00;30.4;0;SOLEIL;5;0;0
Vitry-le-François;48.72;4.58;11/08/2026;15:00;31.9;0;SOLEIL;5;0;0
Vitry-le-François;48.72;4.58;11/08/2026;16:00;30.4;0;SOLEIL;5;0;0
Vitry-le-François;48.72;4.58;11/08/2026;17:00;27.9;0;SOLEIL;3;0;0
Vitry-le-François;48.72;4.58;11/08/2026;18:00;27.9;0;SOLEIL;3;0;0
Vitry-le-François;48.72;4.58;11/08/2026;19:00;27.9;0;SOLEIL;3;0;0
Vitry-le-François;48.72;4.58;11/08/2026;20:00;24.5;0;SOLEIL;5;0;0
Vitry-le-François;48.72;4.58;11/08/2026;21:00;23.0;0;SOLEIL;5;0;0
Vitry-le-François;48.72;4.58;11/08/2026;22:00;21.6;0;SOLEIL;5;0;0
Vitry-le-François;48.72;4.58;11/08/2026;23:00;19.1;0;SOLEIL;3;0;0
Vitry-le-François;48.72;4.58;12/08/2026;00:00;19.1;0;SOLEIL;3;0;0
Vitry-le-François;48.72;4.58;12/08/2026;01:00;19.1;0;SOLEIL;3;0;0
Vitry-le-François;48.72;4.58;12/08/2026;02:00;17;0;SOLEIL;5;0;0
Vitry-le-François;48.72;4.58;12/08/2026;03:00;17;0;SOLEIL;5;0;0
Vitry-le-François;48.72;4.58;12/08/2026;04:00;17;0;SOLEIL;5;0;0
Vitry-le-François;48.72;4.58;12/08/2026;05:00;18.7;0;SOLEIL;3;0;0
Vitry-le-François;48.72;4.58;12/08/2026;06:00;18.7;0;SOLEIL;3;0;0
Vitry-le-François;48.72;4.58;12/08/2026;07:00;18.7;0;SOLEIL;3;0;0
Vitry-le-François;48.72;4.58;12/08/2026;08:00;20.0;0;SOLEIL;5;0;0
Vitry-le-François;48.72;4.58;12/08/2026;09:00;21.5;0;SOLEIL;5;0;0
Vitry-le-François;48.72;4.58;12/08/2026;10:00;23.0;0;SOLEIL;5;0;0
Vitry-le-François;48.72;4.58;12/08/2026;11:00;30.6;0;SOLEIL;3;0;0
Vitry-le-François;48.72;4.58;12/08/2026;12:00;30.6;0;SOLEIL;3;0;0
Vitry-le-François;48.72;4.58;12/08/2026;13:00;30.6;0;SOLEIL;3;0;0
Vitry-le-François;48.72;4.58;12/08/2026;14:00;29.0;0;SOLEIL;5;0;0
Vitry-le-François;48.72;4.58;12/08/2026;15:00;30.5;0;SOLEIL;5;0;0
Vitry-le-François;48.72;4.58;12/08/2026;16:00;29.0;0;SOLEIL;5;0;0
Vitry-le-François;48.72;4.58;12/08/2026;17:00;31;0;SOLEIL;3;0;0
Vitry-le-François;48.72;4.58;12/08/2026;18:00;31;0;SOLEIL;3;0;0
Vitry-le-François;48.72;4.58;12/08/2026;19:00;31;0;SOLEIL;3;0;0
Vitry-le-François;48.72;4.58;12/08/2026;20:00;23.0;0;SOLEIL;5;0;0
Vitry-le-François;48.72;4.58;12/08/2026;21:00;21.5;0;SOLEIL;5;0;0
Vitry-le-François;48.72;4.58;12/08/2026;22:00;20.0;0;SOLEIL;5;0;0
Vitry-le-François;48.72;4.58;12/08/2026;23:00;20.7;0;SOLEIL;2;0;0
Chaumont;48.11;5.14;08/08/2026;00:00;15.2;0;SOLEIL;3;0;0
Chaumont;48.11;5.14;08/08/2026;01:00;15.2;0;SOLEIL;3;0;0
Chaumont;48.11;5.14;08/08/2026;02:00;13.4;0;SOLEIL;3;0;0
Chaumont;48.11;5.14;08/08/2026;03:00;13.4;0;SOLEIL;3;0;0
Chaumont;48.11;5.14;08/08/2026;04:00;13.4;0;SOLEIL;3;0;0
Chaumont;48.11;5.14;08/08/2026;05:00;16.4;0;SOLEIL;3;0;0
Chaumont;48.11;5.14;08/08/2026;06:00;16.4;0;SOLEIL;3;0;0
Chaumont;48.11;5.14;08/08/2026;07:00;16.4;0;SOLEIL;3;0;0
Chaumont;48.11;5.14;08/08/2026;08:00;24.6;0;SOLEIL;2;0;0
Chaumont;48.11;5.14;08/08/2026;09:00;24.6;0;SOLEIL;2;0;0
Chaumont;48.11;5.14;08/08/2026;10:00;24.6;0;SOLEIL;2;0;0
Chaumont;48.11;5.14;08/08/2026;11:00;30.1;0;SOLEIL;2;0;0
Chaumont;48.11;5.14;08/08/2026;12:00;30.1;0;SOLEIL;2;0;0
Chaumont;48.11;5.14;08/08/2026;13:00;30.1;0;SOLEIL;2;0;0
Chaumont;48.11;5.14;08/08/2026;14:00;32.1;0;SOLEIL;1;0;0
Chaumont;48.11;5.14;08/08/2026;15:00;32.1;0;SOLEIL;1;0;0
Chaumont;48.11;5.14;08/08/2026;16:00;32.1;0;SOLEIL;1;0;0
Chaumont;48.11;5.14;08/08/2026;17:00;30.9;0;SOLEIL;1;0;0
Chaumont;48.11;5.14;08/08/2026;18:00;30.9;0;SOLEIL;1;0;0
Chaumont;48.11;5.14;08/08/2026;19:00;30.9;0;SOLEIL;1;0;0
Chaumont;48.11;5.14;08/08/2026;20:00;22.1;0;SOLEIL;2;0;0
Chaumont;48.11;5.14;08/08/2026;21:00;22.1;0;SOLEIL;2;0;0
Chaumont;48.11;5.14;08/08/2026;22:00;22.1;0;SOLEIL;2;0;0
Chaumont;48.11;5.14;08/08/2026;23:00;18.4;0;SOLEIL;1;0;0
Chaumont;48.11;5.14;09/08/2026;00:00;18.4;0;SOLEIL;1;0;0
Chaumont;48.11;5.14;09/08/2026;01:00;18.4;0;SOLEIL;1;0;0
Chaumont;48.11;5.14;09/08/2026;02:00;16.4;5;SOLEIL VOILÉ;1;0;0
Chaumont;48.11;5.14;09/08/2026;03:00;16.4;5;SOLEIL VOILÉ;1;0;0
Chaumont;48.11;5.14;09/08/2026;04:00;16.4;5;SOLEIL VOILÉ;1;0;0
Chaumont;48.11;5.14;09/08/2026;05:00;18.2;5;SOLEIL VOILÉ;0;0;0
Chaumont;48.11;5.14;09/08/2026;06:00;18.2;5;SOLEIL VOILÉ;0;0;0
Chaumont;48.11;5.14;09/08/2026;07:00;18.2;5;SOLEIL VOILÉ;0;0;0
Chaumont;48.11;5.14;09/08/2026;08:00;28.1;5;SOLEIL VOILÉ;0;0;0
Chaumont;48.11;5.14;09/08/2026;09:00;28.1;5;SOLEIL VOILÉ;0;0;0
Chaumont;48.11;5.14;09/08/2026;10:00;28.1;5;SOLEIL VOILÉ;0;0;0
Chaumont;48.11;5.14;09/08/2026;11:00;31.6;5;SOLEIL VOILÉ;1;0;0
Chaumont;48.11;5.14;09/08/2026;12:00;31.6;5;SOLEIL VOILÉ;1;0;0
Chaumont;48.11;5.14;09/08/2026;13:00;31.6;5;SOLEIL VOILÉ;1;0;0
Chaumont;48.11;5.14;09/08/2026;14:00;32.6;5;SOLEIL VOILÉ;2;0;0
Chaumont;48.11;5.14;09/08/2026;15:00;32.6;5;SOLEIL VOILÉ;2;0;0
Chaumont;48.11;5.14;09/08/2026;16:00;32.6;5;SOLEIL VOILÉ;2;0;0
Chaumont;48.11;5.14;09/08/2026;17:00;29.7;0;SOLEIL;2;0;0
Chaumont;48.11;5.14;09/08/2026;18:00;29.7;0;SOLEIL;2;0;0
Chaumont;48.11;5.14;09/08/2026;19:00;29.7;0;SOLEIL;2;0;0
Chaumont;48.11;5.14;09/08/2026;20:00;21.4;0;SOLEIL;5;0;0
Chaumont;48.11;5.14;09/08/2026;21:00;19.1;0;SOLEIL;5;0;0
Chaumont;48.11;5.14;09/08/2026;22:00;16.8;0;SOLEIL;5;0;0
Chaumont;48.11;5.14;09/08/2026;23:00;20.6;0;SOLEIL;2;0;0
Chaumont;48.11;5.14;10/08/2026;00:00;20.6;0;SOLEIL;2;0;0
Chaumont;48.11;5.14;10/08/2026;01:00;20.6;0;SOLEIL;2;0;0
Chaumont;48.11;5.14;10/08/2026;02:00;15.9;5;SOLEIL VOILÉ;5;0;0
Chaumont;48.11;5.14;10/08/2026;03:00;15.9;5;SOLEIL VOILÉ;5;0;0
Chaumont;48.11;5.14;10/08/2026;04:00;15.9;5;SOLEIL VOILÉ;5;0;0
Chaumont;48.11;5.14;10/08/2026;05:00;20.2;0;SOLEIL;2;0;0
Chaumont;48.11;5.14;10/08/2026;06:00;20.2;0;SOLEIL;2;0;0
Chaumont;48.11;5.14;10/08/2026;07:00;20.2;0;SOLEIL;2;0;0
Chaumont;48.11;5.14;10/08/2026;08:00;19.7;5;SOLEIL VOILÉ;5;0;0
Chaumont;48.11;5.14;10/08/2026;09:00;21.7;5;SOLEIL VOILÉ;5;0;0
Chaumont;48.11;5.14;10/08/2026;10:00;23.6;5;SOLEIL VOILÉ;5;0;0
Chaumont;48.11;5.14;10/08/2026;11:00;32.5;0;SOLEIL;4;0;0
Chaumont;48.11;5.14;10/08/2026;12:00;32.5;0;SOLEIL;4;0;0
Chaumont;48.11;5.14;10/08/2026;13:00;32.5;0;SOLEIL;4;0;0
Chaumont;48.11;5.14;10/08/2026;14:00;31.3;5;SOLEIL VOILÉ;5;0;0
Chaumont;48.11;5.14;10/08/2026;15:00;33.2;5;SOLEIL VOILÉ;5;0;0
Chaumont;48.11;5.14;10/08/2026;16:00;31.3;5;SOLEIL VOILÉ;5;0;0
Chaumont;48.11;5.14;10/08/2026;17:00;30.5;0;SOLEIL;4;0;0
Chaumont;48.11;5.14;10/08/2026;18:00;30.5;0;SOLEIL;4;0;0
Chaumont;48.11;5.14;10/08/2026;19:00;30.5;0;SOLEIL;4;0;0
Chaumont;48.11;5.14;10/08/2026;20:00;23.6;5;SOLEIL VOILÉ;5;0;0
Chaumont;48.11;5.14;10/08/2026;21:00;21.7;5;SOLEIL VOILÉ;5;0;0
Chaumont;48.11;5.14;10/08/2026;22:00;19.7;5;SOLEIL VOILÉ;5;0;0
Chaumont;48.11;5.14;10/08/2026;23:00;19.6;0;SOLEIL;3;0;0
Chaumont;48.11;5.14;11/08/2026;00:00;19.6;0;SOLEIL;3;0;0
Chaumont;48.11;5.14;11/08/2026;01:00;19.6;0;SOLEIL;3;0;0
Chaumont;48.11;5.14;11/08/2026;02:00;18.4;0;SOLEIL;5;0;0
Chaumont;48.11;5.14;11/08/2026;03:00;18.4;0;SOLEIL;5;0;0
Chaumont;48.11;5.14;11/08/2026;04:00;18.4;0;SOLEIL;5;0;0
Chaumont;48.11;5.14;11/08/2026;05:00;18.7;0;SOLEIL;3;0;0
Chaumont;48.11;5.14;11/08/2026;06:00;18.7;0;SOLEIL;3;0;0
Chaumont;48.11;5.14;11/08/2026;07:00;18.7;0;SOLEIL;3;0;0
Chaumont;48.11;5.14;11/08/2026;08:00;21.9;0;SOLEIL;5;0;0
Chaumont;48.11;5.14;11/08/2026;09:00;23.6;0;SOLEIL;5;0;0
Chaumont;48.11;5.14;11/08/2026;10:00;25.3;0;SOLEIL;5;0;0
Chaumont;48.11;5.14;11/08/2026;11:00;31.2;0;SOLEIL;3;0;0
Chaumont;48.11;5.14;11/08/2026;12:00;31.2;0;SOLEIL;3;0;0
Chaumont;48.11;5.14;11/08/2026;13:00;31.2;0;SOLEIL;3;0;0
Chaumont;48.11;5.14;11/08/2026;14:00;32.3;0;SOLEIL;5;0;0
Chaumont;48.11;5.14;11/08/2026;15:00;34.0;0;SOLEIL;5;0;0
Chaumont;48.11;5.14;11/08/2026;16:00;32.3;0;SOLEIL;5;0;0
Chaumont;48.11;5.14;11/08/2026;17:00;29.6;0;SOLEIL;4;0;0
Chaumont;48.11;5.14;11/08/2026;18:00;29.6;0;SOLEIL;4;0;0
Chaumont;48.11;5.14;11/08/2026;19:00;29.6;0;SOLEIL;4;0;0
Chaumont;48.11;5.14;11/08/2026;20:00;25.3;0;SOLEIL;5;0;0
Chaumont;48.11;5.14;11/08/2026;21:00;23.6;0;SOLEIL;5;0;0
Chaumont;48.11;5.14;11/08/2026;22:00;21.9;0;SOLEIL;5;0;0
Chaumont;48.11;5.14;11/08/2026;23:00;20.1;0;SOLEIL;4;0;0
Chaumont;48.11;5.14;12/08/2026;00:00;20.1;0;SOLEIL;4;0;0
Chaumont;48.11;5.14;12/08/2026;01:00;20.1;0;SOLEIL;4;0;0
Chaumont;48.11;5.14;12/08/2026;02:00;15.9;0;SOLEIL;5;0;0
Chaumont;48.11;5.14;12/08/2026;03:00;15.9;0;SOLEIL;5;0;0
Chaumont;48.11;5.14;12/08/2026;04:00;15.9;0;SOLEIL;5;0;0
Chaumont;48.11;5.14;12/08/2026;05:00;19.7;0;SOLEIL;3;0;0
Chaumont;48.11;5.14;12/08/2026;06:00;19.7;0;SOLEIL;3;0;0
Chaumont;48.11;5.14;12/08/2026;07:00;19.7;0;SOLEIL;3;0;0
Chaumont;48.11;5.14;12/08/2026;08:00;19.6;0;SOLEIL;5;0;0
Chaumont;48.11;5.14;12/08/2026;09:00;21.4;0;SOLEIL;5;0;0
Chaumont;48.11;5.14;12/08/2026;10:00;23.2;0;SOLEIL;5;0;0
Chaumont;48.11;5.14;12/08/2026;11:00;33.1;0;SOLEIL;3;0;0
Chaumont;48.11;5.14;12/08/2026;12:00;33.1;0;SOLEIL;3;0;0
Chaumont;48.11;5.14;12/08/2026;13:00;33.1;0;SOLEIL;3;0;0
Chaumont;48.11;5.14;12/08/2026;14:00;30.6;0;SOLEIL;5;0;0
Chaumont;48.11;5.14;12/08/2026;15:00;32.4;0;SOLEIL;5;0;0
Chaumont;48.11;5.14;12/08/2026;16:00;30.6;0;SOLEIL;5;0;0
Chaumont;48.11;5.14;12/08/2026;17:00;32.1;0;SOLEIL;2;0;0
Chaumont;48.11;5.14;12/08/2026;18:00;32.1;0;SOLEIL;2;0;0
Chaumont;48.11;5.14;12/08/2026;19:00;32.1;0;SOLEIL;2;0;0
Chaumont;48.11;5.14;12/08/2026;20:00;23.2;0;SOLEIL;5;0;0
Chaumont;48.11;5.14;12/08/2026;21:00;21.4;0;SOLEIL;5;0;0
Chaumont;48.11;5.14;12/08/2026;22:00;19.6;0;SOLEIL;5;0;0
Chaumont;48.11;5.14;12/08/2026;23:00;21.4;0;SOLEIL;2;0;0
Langres;47.86;5.33;08/08/2026;00:00;13.6;0;SOLEIL;1;0;0
Langres;47.86;5.33;08/08/2026;01:00;13.6;0;SOLEIL;1;0;0
Langres;47.86;5.33;08/08/2026;02:00;11.2;0;SOLEIL;3;0;0
Langres;47.86;5.33;08/08/2026;03:00;11.2;0;SOLEIL;3;0;0
Langres;47.86;5.33;08/08/2026;04:00;11.2;0;SOLEIL;3;0;0
Langres;47.86;5.33;08/08/2026;05:00;15.1;0;SOLEIL;3;0;0
Langres;47.86;5.33;08/08/2026;06:00;15.1;0;SOLEIL;3;0;0
Langres;47.86;5.33;08/08/2026;07:00;15.1;0;SOLEIL;3;0;0
Langres;47.86;5.33;08/08/2026;08:00;25.2;0;SOLEIL;2;0;0
Langres;47.86;5.33;08/08/2026;09:00;25.2;0;SOLEIL;2;0;0
Langres;47.86;5.33;08/08/2026;10:00;25.2;0;SOLEIL;2;0;0
Langres;47.86;5.33;08/08/2026;11:00;30;0;SOLEIL;2;0;0
Langres;47.86;5.33;08/08/2026;12:00;30;0;SOLEIL;2;0;0
Langres;47.86;5.33;08/08/2026;13:00;30;0;SOLEIL;2;0;0
Langres;47.86;5.33;08/08/2026;14:00;33;0;SOLEIL;1;0;0
Langres;47.86;5.33;08/08/2026;15:00;33;0;SOLEIL;1;0;0
Langres;47.86;5.33;08/08/2026;16:00;33;0;SOLEIL;1;0;0
Langres;47.86;5.33;08/08/2026;17:00;31.4;0;SOLEIL;2;0;0
Langres;47.86;5.33;08/08/2026;18:00;31.4;0;SOLEIL;2;0;0
Langres;47.86;5.33;08/08/2026;19:00;31.4;0;SOLEIL;2;0;0
Langres;47.86;5.33;08/08/2026;20:00;21.5;0;SOLEIL;2;0;0
Langres;47.86;5.33;08/08/2026;21:00;21.5;0;SOLEIL;2;0;0
Langres;47.86;5.33;08/08/2026;22:00;21.5;0;SOLEIL;2;0;0
Langres;47.86;5.33;08/08/2026;23:00;17.9;0;SOLEIL;2;0;0
Langres;47.86;5.33;09/08/2026;00:00;17.9;0;SOLEIL;2;0;0
Langres;47.86;5.33;09/08/2026;01:00;17.9;0;SOLEIL;2;0;0
Langres;47.86;5.33;09/08/2026;02:00;16;0;SOLEIL;2;0;0
Langres;47.86;5.33;09/08/2026;03:00;16;0;SOLEIL;2;0;0
Langres;47.86;5.33;09/08/2026;04:00;16;0;SOLEIL;2;0;0
Langres;47.86;5.33;09/08/2026;05:00;19;5;SOLEIL VOILÉ;2;0;0
Langres;47.86;5.33;09/08/2026;06:00;19;5;SOLEIL VOILÉ;2;0;0
Langres;47.86;5.33;09/08/2026;07:00;19;5;SOLEIL VOILÉ;2;0;0
Langres;47.86;5.33;09/08/2026;08:00;27.1;5;SOLEIL VOILÉ;2;0;0
Langres;47.86;5.33;09/08/2026;09:00;27.1;5;SOLEIL VOILÉ;2;0;0
Langres;47.86;5.33;09/08/2026;10:00;27.1;5;SOLEIL VOILÉ;2;0;0
Langres;47.86;5.33;09/08/2026;11:00;30.1;5;SOLEIL VOILÉ;2;0;0
Langres;47.86;5.33;09/08/2026;12:00;30.1;5;SOLEIL VOILÉ;2;0;0
Langres;47.86;5.33;09/08/2026;13:00;30.1;5;SOLEIL VOILÉ;2;0;0
Langres;47.86;5.33;09/08/2026;14:00;30.1;5;SOLEIL VOILÉ;3;0;0
Langres;47.86;5.33;09/08/2026;15:00;30.1;5;SOLEIL VOILÉ;3;0;0
Langres;47.86;5.33;09/08/2026;16:00;30.1;5;SOLEIL VOILÉ;3;0;0
Langres;47.86;5.33;09/08/2026;17:00;28.1;0;SOLEIL;3;0;0
Langres;47.86;5.33;09/08/2026;18:00;28.1;0;SOLEIL;3;0;0
Langres;47.86;5.33;09/08/2026;19:00;28.1;0;SOLEIL;3;0;0
Langres;47.86;5.33;09/08/2026;20:00;20.9;0;SOLEIL;5;0;0
Langres;47.86;5.33;09/08/2026;21:00;18.4;0;SOLEIL;5;0;0
Langres;47.86;5.33;09/08/2026;22:00;15.9;0;SOLEIL;5;0;0
Langres;47.86;5.33;09/08/2026;23:00;19.5;0;SOLEIL;2;0;0
Langres;47.86;5.33;10/08/2026;00:00;19.5;0;SOLEIL;2;0;0
Langres;47.86;5.33;10/08/2026;01:00;19.5;0;SOLEIL;2;0;0
Langres;47.86;5.33;10/08/2026;02:00;15.6;5;SOLEIL VOILÉ;5;0;0
Langres;47.86;5.33;10/08/2026;03:00;15.6;5;SOLEIL VOILÉ;5;0;0
Langres;47.86;5.33;10/08/2026;04:00;15.6;5;SOLEIL VOILÉ;5;0;0
Langres;47.86;5.33;10/08/2026;05:00;20;0;SOLEIL;2;0;0
Langres;47.86;5.33;10/08/2026;06:00;20;0;SOLEIL;2;0;0
Langres;47.86;5.33;10/08/2026;07:00;20;0;SOLEIL;2;0;0
Langres;47.86;5.33;10/08/2026;08:00;19.0;5;SOLEIL VOILÉ;5;0;0
Langres;47.86;5.33;10/08/2026;09:00;20.8;5;SOLEIL VOILÉ;5;0;0
Langres;47.86;5.33;10/08/2026;10:00;22.5;5;SOLEIL VOILÉ;5;0;0
Langres;47.86;5.33;10/08/2026;11:00;31.7;0;SOLEIL;3;0;0
Langres;47.86;5.33;10/08/2026;12:00;31.7;0;SOLEIL;3;0;0
Langres;47.86;5.33;10/08/2026;13:00;31.7;0;SOLEIL;3;0;0
Langres;47.86;5.33;10/08/2026;14:00;29.4;5;SOLEIL VOILÉ;5;0;0
Langres;47.86;5.33;10/08/2026;15:00;31.1;5;SOLEIL VOILÉ;5;0;0
Langres;47.86;5.33;10/08/2026;16:00;29.4;5;SOLEIL VOILÉ;5;0;0
Langres;47.86;5.33;10/08/2026;17:00;28.9;6;AVERSES;3;0;0
Langres;47.86;5.33;10/08/2026;18:00;28.9;6;AVERSES;3;0;0
Langres;47.86;5.33;10/08/2026;19:00;28.9;6;AVERSES;3;0;0
Langres;47.86;5.33;10/08/2026;20:00;22.5;5;SOLEIL VOILÉ;5;0;0
Langres;47.86;5.33;10/08/2026;21:00;20.8;5;SOLEIL VOILÉ;5;0;0
Langres;47.86;5.33;10/08/2026;22:00;19.0;5;SOLEIL VOILÉ;5;0;0
Langres;47.86;5.33;10/08/2026;23:00;18.1;0;SOLEIL;3;0;0
Langres;47.86;5.33;11/08/2026;00:00;18.1;0;SOLEIL;3;0;0
Langres;47.86;5.33;11/08/2026;01:00;18.1;0;SOLEIL;3;0;0
Langres;47.86;5.33;11/08/2026;02:00;17.1;0;SOLEIL;5;0;0
Langres;47.86;5.33;11/08/2026;03:00;17.1;0;SOLEIL;5;0;0
Langres;47.86;5.33;11/08/2026;04:00;17.1;0;SOLEIL;5;0;0
Langres;47.86;5.33;11/08/2026;05:00;18.1;0;SOLEIL;3;0;0
Langres;47.86;5.33;11/08/2026;06:00;18.1;0;SOLEIL;3;0;0
Langres;47.86;5.33;11/08/2026;07:00;18.1;0;SOLEIL;3;0;0
Langres;47.86;5.33;11/08/2026;08:00;20.7;0;SOLEIL;5;0;0
Langres;47.86;5.33;11/08/2026;09:00;22.5;0;SOLEIL;5;0;0
Langres;47.86;5.33;11/08/2026;10:00;24.3;0;SOLEIL;5;0;0
Langres;47.86;5.33;11/08/2026;11:00;30.6;0;SOLEIL;2;0;0
Langres;47.86;5.33;11/08/2026;12:00;30.6;0;SOLEIL;2;0;0
Langres;47.86;5.33;11/08/2026;13:00;30.6;0;SOLEIL;2;0;0
Langres;47.86;5.33;11/08/2026;14:00;31.6;0;SOLEIL;5;0;0
Langres;47.86;5.33;11/08/2026;15:00;33.4;0;SOLEIL;5;0;0
Langres;47.86;5.33;11/08/2026;16:00;31.6;0;SOLEIL;5;0;0
Langres;47.86;5.33;11/08/2026;17:00;29.1;0;SOLEIL;3;0;0
Langres;47.86;5.33;11/08/2026;18:00;29.1;0;SOLEIL;3;0;0
Langres;47.86;5.33;11/08/2026;19:00;29.1;0;SOLEIL;3;0;0
Langres;47.86;5.33;11/08/2026;20:00;24.3;0;SOLEIL;5;0;0
Langres;47.86;5.33;11/08/2026;21:00;22.5;0;SOLEIL;5;0;0
Langres;47.86;5.33;11/08/2026;22:00;20.7;0;SOLEIL;5;0;0
Langres;47.86;5.33;11/08/2026;23:00;17.9;0;SOLEIL;4;0;0
Langres;47.86;5.33;12/08/2026;00:00;17.9;0;SOLEIL;4;0;0
Langres;47.86;5.33;12/08/2026;01:00;17.9;0;SOLEIL;4;0;0
Langres;47.86;5.33;12/08/2026;02:00;15.1;0;SOLEIL;5;0;0
Langres;47.86;5.33;12/08/2026;03:00;15.1;0;SOLEIL;5;0;0
Langres;47.86;5.33;12/08/2026;04:00;15.1;0;SOLEIL;5;0;0
Langres;47.86;5.33;12/08/2026;05:00;17.6;0;SOLEIL;3;0;0
Langres;47.86;5.33;12/08/2026;06:00;17.6;0;SOLEIL;3;0;0
Langres;47.86;5.33;12/08/2026;07:00;17.6;0;SOLEIL;3;0;0
Langres;47.86;5.33;12/08/2026;08:00;18.9;0;SOLEIL;5;0;0
Langres;47.86;5.33;12/08/2026;09:00;20.8;0;SOLEIL;5;0;0
Langres;47.86;5.33;12/08/2026;10:00;22.7;0;SOLEIL;5;0;0
Langres;47.86;5.33;12/08/2026;11:00;33.1;0;SOLEIL;2;0;0
Langres;47.86;5.33;12/08/2026;12:00;33.1;0;SOLEIL;2;0;0
Langres;47.86;5.33;12/08/2026;13:00;33.1;0;SOLEIL;2;0;0
Langres;47.86;5.33;12/08/2026;14:00;30.3;0;SOLEIL;5;0;0
Langres;47.86;5.33;12/08/2026;15:00;32.2;0;SOLEIL;5;0;0
Langres;47.86;5.33;12/08/2026;16:00;30.3;0;SOLEIL;5;0;0
Langres;47.86;5.33;12/08/2026;17:00;31.7;0;SOLEIL;2;0;0
Langres;47.86;5.33;12/08/2026;18:00;31.7;0;SOLEIL;2;0;0
Langres;47.86;5.33;12/08/2026;19:00;31.7;0;SOLEIL;2;0;0
Langres;47.86;5.33;12/08/2026;20:00;22.7;0;SOLEIL;5;0;0
Langres;47.86;5.33;12/08/2026;21:00;20.8;0;SOLEIL;5;0;0
Langres;47.86;5.33;12/08/2026;22:00;18.9;0;SOLEIL;5;0;0
Langres;47.86;5.33;12/08/2026;23:00;19.7;0;SOLEIL;2;0;0
Saint-Dizier;48.63;4.95;08/08/2026;00:00;17.1;0;SOLEIL;2;0;0
Saint-Dizier;48.63;4.95;08/08/2026;01:00;17.1;0;SOLEIL;2;0;0
Saint-Dizier;48.63;4.95;08/08/2026;02:00;16.2;0;SOLEIL;3;0;0
Saint-Dizier;48.63;4.95;08/08/2026;03:00;16.2;0;SOLEIL;3;0;0
Saint-Dizier;48.63;4.95;08/08/2026;04:00;16.2;0;SOLEIL;3;0;0
Saint-Dizier;48.63;4.95;08/08/2026;05:00;16.6;0;SOLEIL;3;0;0
Saint-Dizier;48.63;4.95;08/08/2026;06:00;16.6;0;SOLEIL;3;0;0
Saint-Dizier;48.63;4.95;08/08/2026;07:00;16.6;0;SOLEIL;3;0;0
Saint-Dizier;48.63;4.95;08/08/2026;08:00;23.6;0;SOLEIL;2;0;0
Saint-Dizier;48.63;4.95;08/08/2026;09:00;23.6;0;SOLEIL;2;0;0
Saint-Dizier;48.63;4.95;08/08/2026;10:00;23.6;0;SOLEIL;2;0;0
Saint-Dizier;48.63;4.95;08/08/2026;11:00;28.4;0;SOLEIL;1;0;0
Saint-Dizier;48.63;4.95;08/08/2026;12:00;28.4;0;SOLEIL;1;0;0
Saint-Dizier;48.63;4.95;08/08/2026;13:00;28.4;0;SOLEIL;1;0;0
Saint-Dizier;48.63;4.95;08/08/2026;14:00;30.7;0;SOLEIL;2;0;0
Saint-Dizier;48.63;4.95;08/08/2026;15:00;30.7;0;SOLEIL;2;0;0
Saint-Dizier;48.63;4.95;08/08/2026;16:00;30.7;0;SOLEIL;2;0;0
Saint-Dizier;48.63;4.95;08/08/2026;17:00;29.1;0;SOLEIL;1;0;0
Saint-Dizier;48.63;4.95;08/08/2026;18:00;29.1;0;SOLEIL;1;0;0
Saint-Dizier;48.63;4.95;08/08/2026;19:00;29.1;0;SOLEIL;1;0;0
Saint-Dizier;48.63;4.95;08/08/2026;20:00;24.1;0;SOLEIL;2;0;0
Saint-Dizier;48.63;4.95;08/08/2026;21:00;24.1;0;SOLEIL;2;0;0
Saint-Dizier;48.63;4.95;08/08/2026;22:00;24.1;0;SOLEIL;2;0;0
Saint-Dizier;48.63;4.95;08/08/2026;23:00;20.9;0;SOLEIL;2;0;0
Saint-Dizier;48.63;4.95;09/08/2026;00:00;20.9;0;SOLEIL;2;0;0
Saint-Dizier;48.63;4.95;09/08/2026;01:00;20.9;0;SOLEIL;2;0;0
Saint-Dizier;48.63;4.95;09/08/2026;02:00;20.4;0;SOLEIL;1;0;0
Saint-Dizier;48.63;4.95;09/08/2026;03:00;20.4;0;SOLEIL;1;0;0
Saint-Dizier;48.63;4.95;09/08/2026;04:00;20.4;0;SOLEIL;1;0;0
Saint-Dizier;48.63;4.95;09/08/2026;05:00;21.6;5;SOLEIL VOILÉ;1;0;0
Saint-Dizier;48.63;4.95;09/08/2026;06:00;21.6;5;SOLEIL VOILÉ;1;0;0
Saint-Dizier;48.63;4.95;09/08/2026;07:00;21.6;5;SOLEIL VOILÉ;1;0;0
Saint-Dizier;48.63;4.95;09/08/2026;08:00;26;5;SOLEIL VOILÉ;2;0;0
Saint-Dizier;48.63;4.95;09/08/2026;09:00;26;5;SOLEIL VOILÉ;2;0;0
Saint-Dizier;48.63;4.95;09/08/2026;10:00;26;5;SOLEIL VOILÉ;2;0;0
Saint-Dizier;48.63;4.95;09/08/2026;11:00;28.6;5;SOLEIL VOILÉ;3;0;0
Saint-Dizier;48.63;4.95;09/08/2026;12:00;28.6;5;SOLEIL VOILÉ;3;0;0
Saint-Dizier;48.63;4.95;09/08/2026;13:00;28.6;5;SOLEIL VOILÉ;3;0;0
Saint-Dizier;48.63;4.95;09/08/2026;14:00;29.6;5;SOLEIL VOILÉ;4;0;0
Saint-Dizier;48.63;4.95;09/08/2026;15:00;29.6;5;SOLEIL VOILÉ;4;0;0
Saint-Dizier;48.63;4.95;09/08/2026;16:00;29.6;5;SOLEIL VOILÉ;4;0;0
Saint-Dizier;48.63;4.95;09/08/2026;17:00;27.1;0;SOLEIL;3;0;0
Saint-Dizier;48.63;4.95;09/08/2026;18:00;27.1;0;SOLEIL;3;0;0
Saint-Dizier;48.63;4.95;09/08/2026;19:00;27.1;0;SOLEIL;3;0;0
Saint-Dizier;48.63;4.95;09/08/2026;20:00;22.2;0;SOLEIL;5;0;0
Saint-Dizier;48.63;4.95;09/08/2026;21:00;20.4;0;SOLEIL;5;0;0
Saint-Dizier;48.63;4.95;09/08/2026;22:00;18.7;0;SOLEIL;5;0;0
Saint-Dizier;48.63;4.95;09/08/2026;23:00;21.5;0;SOLEIL;2;0;0
Saint-Dizier;48.63;4.95;10/08/2026;00:00;21.5;0;SOLEIL;2;0;0
Saint-Dizier;48.63;4.95;10/08/2026;01:00;21.5;0;SOLEIL;2;0;0
Saint-Dizier;48.63;4.95;10/08/2026;02:00;19.6;5;SOLEIL VOILÉ;5;0;0
Saint-Dizier;48.63;4.95;10/08/2026;03:00;19.6;5;SOLEIL VOILÉ;5;0;0
Saint-Dizier;48.63;4.95;10/08/2026;04:00;19.6;5;SOLEIL VOILÉ;5;0;0
Saint-Dizier;48.63;4.95;10/08/2026;05:00;21.6;0;SOLEIL;2;0;0
Saint-Dizier;48.63;4.95;10/08/2026;06:00;21.6;0;SOLEIL;2;0;0
Saint-Dizier;48.63;4.95;10/08/2026;07:00;21.6;0;SOLEIL;2;0;0
Saint-Dizier;48.63;4.95;10/08/2026;08:00;22.0;5;SOLEIL VOILÉ;5;0;0
Saint-Dizier;48.63;4.95;10/08/2026;09:00;23.2;5;SOLEIL VOILÉ;5;0;0
Saint-Dizier;48.63;4.95;10/08/2026;10:00;24.4;5;SOLEIL VOILÉ;5;0;0
Saint-Dizier;48.63;4.95;10/08/2026;11:00;31.4;6;AVERSES;3;0;0
Saint-Dizier;48.63;4.95;10/08/2026;12:00;31.4;6;AVERSES;3;0;0
Saint-Dizier;48.63;4.95;10/08/2026;13:00;31.4;6;AVERSES;3;0;0
Saint-Dizier;48.63;4.95;10/08/2026;14:00;29.3;5;SOLEIL VOILÉ;5;0;0
Saint-Dizier;48.63;4.95;10/08/2026;15:00;30.5;5;SOLEIL VOILÉ;5;0;0
Saint-Dizier;48.63;4.95;10/08/2026;16:00;29.3;5;SOLEIL VOILÉ;5;0;0
Saint-Dizier;48.63;4.95;10/08/2026;17:00;28.6;6;AVERSES;3;0;0
Saint-Dizier;48.63;4.95;10/08/2026;18:00;28.6;6;AVERSES;3;0;0
Saint-Dizier;48.63;4.95;10/08/2026;19:00;28.6;6;AVERSES;3;0;0
Saint-Dizier;48.63;4.95;10/08/2026;20:00;24.4;5;SOLEIL VOILÉ;5;0;0
Saint-Dizier;48.63;4.95;10/08/2026;21:00;23.2;5;SOLEIL VOILÉ;5;0;0
Saint-Dizier;48.63;4.95;10/08/2026;22:00;22.0;5;SOLEIL VOILÉ;5;0;0
Saint-Dizier;48.63;4.95;10/08/2026;23:00;20.7;0;SOLEIL;3;0;0
Saint-Dizier;48.63;4.95;11/08/2026;00:00;20.7;0;SOLEIL;3;0;0
Saint-Dizier;48.63;4.95;11/08/2026;01:00;20.7;0;SOLEIL;3;0;0
Saint-Dizier;48.63;4.95;11/08/2026;02:00;18.9;0;SOLEIL;5;0;0
Saint-Dizier;48.63;4.95;11/08/2026;03:00;18.9;0;SOLEIL;5;0;0
Saint-Dizier;48.63;4.95;11/08/2026;04:00;18.9;0;SOLEIL;5;0;0
Saint-Dizier;48.63;4.95;11/08/2026;05:00;20.6;0;SOLEIL;3;0;0
Saint-Dizier;48.63;4.95;11/08/2026;06:00;20.6;0;SOLEIL;3;0;0
Saint-Dizier;48.63;4.95;11/08/2026;07:00;20.6;0;SOLEIL;3;0;0
Saint-Dizier;48.63;4.95;11/08/2026;08:00;21.9;0;SOLEIL;5;0;0
Saint-Dizier;48.63;4.95;11/08/2026;09:00;23.5;0;SOLEIL;5;0;0
Saint-Dizier;48.63;4.95;11/08/2026;10:00;25.0;0;SOLEIL;5;0;0
Saint-Dizier;48.63;4.95;11/08/2026;11:00;29.9;0;SOLEIL;2;0;0
Saint-Dizier;48.63;4.95;11/08/2026;12:00;29.9;0;SOLEIL;2;0;0
Saint-Dizier;48.63;4.95;11/08/2026;13:00;29.9;0;SOLEIL;2;0;0
Saint-Dizier;48.63;4.95;11/08/2026;14:00;31.1;0;SOLEIL;5;0;0
Saint-Dizier;48.63;4.95;11/08/2026;15:00;32.6;0;SOLEIL;5;0;0
Saint-Dizier;48.63;4.95;11/08/2026;16:00;31.1;0;SOLEIL;5;0;0
Saint-Dizier;48.63;4.95;11/08/2026;17:00;29.1;0;SOLEIL;3;0;0
Saint-Dizier;48.63;4.95;11/08/2026;18:00;29.1;0;SOLEIL;3;0;0
Saint-Dizier;48.63;4.95;11/08/2026;19:00;29.1;0;SOLEIL;3;0;0
Saint-Dizier;48.63;4.95;11/08/2026;20:00;25.0;0;SOLEIL;5;0;0
Saint-Dizier;48.63;4.95;11/08/2026;21:00;23.5;0;SOLEIL;5;0;0
Saint-Dizier;48.63;4.95;11/08/2026;22:00;21.9;0;SOLEIL;5;0;0
Saint-Dizier;48.63;4.95;11/08/2026;23:00;20.7;0;SOLEIL;3;0;0
Saint-Dizier;48.63;4.95;12/08/2026;00:00;20.7;0;SOLEIL;3;0;0
Saint-Dizier;48.63;4.95;12/08/2026;01:00;20.7;0;SOLEIL;3;0;0
Saint-Dizier;48.63;4.95;12/08/2026;02:00;18.6;0;SOLEIL;5;0;0
Saint-Dizier;48.63;4.95;12/08/2026;03:00;18.6;0;SOLEIL;5;0;0
Saint-Dizier;48.63;4.95;12/08/2026;04:00;18.6;0;SOLEIL;5;0;0
Saint-Dizier;48.63;4.95;12/08/2026;05:00;20;0;SOLEIL;3;0;0
Saint-Dizier;48.63;4.95;12/08/2026;06:00;20;0;SOLEIL;3;0;0
Saint-Dizier;48.63;4.95;12/08/2026;07:00;20;0;SOLEIL;3;0;0
Saint-Dizier;48.63;4.95;12/08/2026;08:00;21.5;0;SOLEIL;5;0;0
Saint-Dizier;48.63;4.95;12/08/2026;09:00;23.0;0;SOLEIL;5;0;0
Saint-Dizier;48.63;4.95;12/08/2026;10:00;24.4;0;SOLEIL;5;0;0
Saint-Dizier;48.63;4.95;12/08/2026;11:00;31.9;0;SOLEIL;2;0;0
Saint-Dizier;48.63;4.95;12/08/2026;12:00;31.9;0;SOLEIL;2;0;0
Saint-Dizier;48.63;4.95;12/08/2026;13:00;31.9;0;SOLEIL;2;0;0
Saint-Dizier;48.63;4.95;12/08/2026;14:00;30.2;0;SOLEIL;5;0;0
Saint-Dizier;48.63;4.95;12/08/2026;15:00;31.7;0;SOLEIL;5;0;0
Saint-Dizier;48.63;4.95;12/08/2026;16:00;30.2;0;SOLEIL;5;0;0
Saint-Dizier;48.63;4.95;12/08/2026;17:00;31;0;SOLEIL;2;0;0
Saint-Dizier;48.63;4.95;12/08/2026;18:00;31;0;SOLEIL;2;0;0
Saint-Dizier;48.63;4.95;12/08/2026;19:00;31;0;SOLEIL;2;0;0
Saint-Dizier;48.63;4.95;12/08/2026;20:00;24.4;0;SOLEIL;5;0;0
Saint-Dizier;48.63;4.95;12/08/2026;21:00;23.0;0;SOLEIL;5;0;0
Saint-Dizier;48.63;4.95;12/08/2026;22:00;21.5;0;SOLEIL;5;0;0
Saint-Dizier;48.63;4.95;12/08/2026;23:00;22.2;0;SOLEIL;2;0;0
Longwy;49.52;5.76;08/08/2026;00:00;16.4;0;SOLEIL;3;0;0
Longwy;49.52;5.76;08/08/2026;01:00;16.4;0;SOLEIL;3;0;0
Longwy;49.52;5.76;08/08/2026;02:00;15.1;0;SOLEIL;3;0;0
Longwy;49.52;5.76;08/08/2026;03:00;15.1;0;SOLEIL;3;0;0
Longwy;49.52;5.76;08/08/2026;04:00;15.1;0;SOLEIL;3;0;0
Longwy;49.52;5.76;08/08/2026;05:00;17.4;0;SOLEIL;3;0;0
Longwy;49.52;5.76;08/08/2026;06:00;17.4;0;SOLEIL;3;0;0
Longwy;49.52;5.76;08/08/2026;07:00;17.4;0;SOLEIL;3;0;0
Longwy;49.52;5.76;08/08/2026;08:00;25.1;0;SOLEIL;3;0;0
Longwy;49.52;5.76;08/08/2026;09:00;25.1;0;SOLEIL;3;0;0
Longwy;49.52;5.76;08/08/2026;10:00;25.1;0;SOLEIL;3;0;0
Longwy;49.52;5.76;08/08/2026;11:00;29.9;0;SOLEIL;2;0;0
Longwy;49.52;5.76;08/08/2026;12:00;29.9;0;SOLEIL;2;0;0
Longwy;49.52;5.76;08/08/2026;13:00;29.9;0;SOLEIL;2;0;0
Longwy;49.52;5.76;08/08/2026;14:00;32.5;0;SOLEIL;2;0;0
Longwy;49.52;5.76;08/08/2026;15:00;32.5;0;SOLEIL;2;0;0
Longwy;49.52;5.76;08/08/2026;16:00;32.5;0;SOLEIL;2;0;0
Longwy;49.52;5.76;08/08/2026;17:00;31.1;0;SOLEIL;2;0;0
Longwy;49.52;5.76;08/08/2026;18:00;31.1;0;SOLEIL;2;0;0
Longwy;49.52;5.76;08/08/2026;19:00;31.1;0;SOLEIL;2;0;0
Longwy;49.52;5.76;08/08/2026;20:00;22.6;0;SOLEIL;2;0;0
Longwy;49.52;5.76;08/08/2026;21:00;22.6;0;SOLEIL;2;0;0
Longwy;49.52;5.76;08/08/2026;22:00;22.6;0;SOLEIL;2;0;0
Longwy;49.52;5.76;08/08/2026;23:00;19.9;0;SOLEIL;2;0;0
Longwy;49.52;5.76;09/08/2026;00:00;19.9;0;SOLEIL;2;0;0
Longwy;49.52;5.76;09/08/2026;01:00;19.9;0;SOLEIL;2;0;0
Longwy;49.52;5.76;09/08/2026;02:00;17.1;5;SOLEIL VOILÉ;1;0;0
Longwy;49.52;5.76;09/08/2026;03:00;17.1;5;SOLEIL VOILÉ;1;0;0
Longwy;49.52;5.76;09/08/2026;04:00;17.1;5;SOLEIL VOILÉ;1;0;0
Longwy;49.52;5.76;09/08/2026;05:00;19.7;5;SOLEIL VOILÉ;1;0;0
Longwy;49.52;5.76;09/08/2026;06:00;19.7;5;SOLEIL VOILÉ;1;0;0
Longwy;49.52;5.76;09/08/2026;07:00;19.7;5;SOLEIL VOILÉ;1;0;0
Longwy;49.52;5.76;09/08/2026;08:00;28.2;5;SOLEIL VOILÉ;1;0;0
Longwy;49.52;5.76;09/08/2026;09:00;28.2;5;SOLEIL VOILÉ;1;0;0
Longwy;49.52;5.76;09/08/2026;10:00;28.2;5;SOLEIL VOILÉ;1;0;0
Longwy;49.52;5.76;09/08/2026;11:00;30.6;5;SOLEIL VOILÉ;2;0;0
Longwy;49.52;5.76;09/08/2026;12:00;30.6;5;SOLEIL VOILÉ;2;0;0
Longwy;49.52;5.76;09/08/2026;13:00;30.6;5;SOLEIL VOILÉ;2;0;0
Longwy;49.52;5.76;09/08/2026;14:00;31.6;5;SOLEIL VOILÉ;3;0;0
Longwy;49.52;5.76;09/08/2026;15:00;31.6;5;SOLEIL VOILÉ;3;0;0
Longwy;49.52;5.76;09/08/2026;16:00;31.6;5;SOLEIL VOILÉ;3;0;0
Longwy;49.52;5.76;09/08/2026;17:00;29.2;0;SOLEIL;2;0;0
Longwy;49.52;5.76;09/08/2026;18:00;29.2;0;SOLEIL;2;0;0
Longwy;49.52;5.76;09/08/2026;19:00;29.2;0;SOLEIL;2;0;0
Longwy;49.52;5.76;09/08/2026;20:00;22.6;0;SOLEIL;5;0;0
Longwy;49.52;5.76;09/08/2026;21:00;20.5;0;SOLEIL;5;0;0
Longwy;49.52;5.76;09/08/2026;22:00;18.4;0;SOLEIL;5;0;0
Longwy;49.52;5.76;09/08/2026;23:00;21.2;0;SOLEIL;2;0;0
Longwy;49.52;5.76;10/08/2026;00:00;21.2;0;SOLEIL;2;0;0
Longwy;49.52;5.76;10/08/2026;01:00;21.2;0;SOLEIL;2;0;0
Longwy;49.52;5.76;10/08/2026;02:00;16.6;5;SOLEIL VOILÉ;5;0;0
Longwy;49.52;5.76;10/08/2026;03:00;16.6;5;SOLEIL VOILÉ;5;0;0
Longwy;49.52;5.76;10/08/2026;04:00;16.6;5;SOLEIL VOILÉ;5;0;0
Longwy;49.52;5.76;10/08/2026;05:00;20.4;0;SOLEIL;2;0;0
Longwy;49.52;5.76;10/08/2026;06:00;20.4;0;SOLEIL;2;0;0
Longwy;49.52;5.76;10/08/2026;07:00;20.4;0;SOLEIL;2;0;0
Longwy;49.52;5.76;10/08/2026;08:00;20.3;5;SOLEIL VOILÉ;5;0;0
Longwy;49.52;5.76;10/08/2026;09:00;22.1;5;SOLEIL VOILÉ;5;0;0
Longwy;49.52;5.76;10/08/2026;10:00;23.9;5;SOLEIL VOILÉ;5;0;0
Longwy;49.52;5.76;10/08/2026;11:00;31.1;0;SOLEIL;3;0;0
Longwy;49.52;5.76;10/08/2026;12:00;31.1;0;SOLEIL;3;0;0
Longwy;49.52;5.76;10/08/2026;13:00;31.1;0;SOLEIL;3;0;0
Longwy;49.52;5.76;10/08/2026;14:00;31.3;5;SOLEIL VOILÉ;5;0;0
Longwy;49.52;5.76;10/08/2026;15:00;33.1;5;SOLEIL VOILÉ;5;0;0
Longwy;49.52;5.76;10/08/2026;16:00;31.3;5;SOLEIL VOILÉ;5;0;0
Longwy;49.52;5.76;10/08/2026;17:00;30.1;0;SOLEIL;3;0;0
Longwy;49.52;5.76;10/08/2026;18:00;30.1;0;SOLEIL;3;0;0
Longwy;49.52;5.76;10/08/2026;19:00;30.1;0;SOLEIL;3;0;0
Longwy;49.52;5.76;10/08/2026;20:00;23.9;5;SOLEIL VOILÉ;5;0;0
Longwy;49.52;5.76;10/08/2026;21:00;22.1;5;SOLEIL VOILÉ;5;0;0
Longwy;49.52;5.76;10/08/2026;22:00;20.3;5;SOLEIL VOILÉ;5;0;0
Longwy;49.52;5.76;10/08/2026;23:00;20.1;0;SOLEIL;3;0;0
Longwy;49.52;5.76;11/08/2026;00:00;20.1;0;SOLEIL;3;0;0
Longwy;49.52;5.76;11/08/2026;01:00;20.1;0;SOLEIL;3;0;0
Longwy;49.52;5.76;11/08/2026;02:00;18.6;0;SOLEIL;5;0;0
Longwy;49.52;5.76;11/08/2026;03:00;18.6;0;SOLEIL;5;0;0
Longwy;49.52;5.76;11/08/2026;04:00;18.6;0;SOLEIL;5;0;0
Longwy;49.52;5.76;11/08/2026;05:00;19;0;SOLEIL;3;0;0
Longwy;49.52;5.76;11/08/2026;06:00;19;0;SOLEIL;3;0;0
Longwy;49.52;5.76;11/08/2026;07:00;19;0;SOLEIL;3;0;0
Longwy;49.52;5.76;11/08/2026;08:00;21.8;0;SOLEIL;5;0;0
Longwy;49.52;5.76;11/08/2026;09:00;23.4;0;SOLEIL;5;0;0
Longwy;49.52;5.76;11/08/2026;10:00;25.0;0;SOLEIL;5;0;0
Longwy;49.52;5.76;11/08/2026;11:00;29.6;0;SOLEIL;2;0;0
Longwy;49.52;5.76;11/08/2026;12:00;29.6;0;SOLEIL;2;0;0
Longwy;49.52;5.76;11/08/2026;13:00;29.6;0;SOLEIL;2;0;0
Longwy;49.52;5.76;11/08/2026;14:00;31.3;0;SOLEIL;5;0;0
Longwy;49.52;5.76;11/08/2026;15:00;32.9;0;SOLEIL;5;0;0
Longwy;49.52;5.76;11/08/2026;16:00;31.3;0;SOLEIL;5;0;0
Longwy;49.52;5.76;11/08/2026;17:00;29.6;0;SOLEIL;3;0;0
Longwy;49.52;5.76;11/08/2026;18:00;29.6;0;SOLEIL;3;0;0
Longwy;49.52;5.76;11/08/2026;19:00;29.6;0;SOLEIL;3;0;0
Longwy;49.52;5.76;11/08/2026;20:00;25.0;0;SOLEIL;5;0;0
Longwy;49.52;5.76;11/08/2026;21:00;23.4;0;SOLEIL;5;0;0
Longwy;49.52;5.76;11/08/2026;22:00;21.8;0;SOLEIL;5;0;0
Longwy;49.52;5.76;11/08/2026;23:00;20;0;SOLEIL;5;0;0
Longwy;49.52;5.76;12/08/2026;00:00;20;0;SOLEIL;5;0;0
Longwy;49.52;5.76;12/08/2026;01:00;20;0;SOLEIL;5;0;0
Longwy;49.52;5.76;12/08/2026;02:00;16.6;0;SOLEIL;5;0;0
Longwy;49.52;5.76;12/08/2026;03:00;16.6;0;SOLEIL;5;0;0
Longwy;49.52;5.76;12/08/2026;04:00;16.6;0;SOLEIL;5;0;0
Longwy;49.52;5.76;12/08/2026;05:00;20;0;SOLEIL;4;0;0
Longwy;49.52;5.76;12/08/2026;06:00;20;0;SOLEIL;4;0;0
Longwy;49.52;5.76;12/08/2026;07:00;20;0;SOLEIL;4;0;0
Longwy;49.52;5.76;12/08/2026;08:00;20.0;0;SOLEIL;5;0;0
Longwy;49.52;5.76;12/08/2026;09:00;21.7;0;SOLEIL;5;0;0
Longwy;49.52;5.76;12/08/2026;10:00;23.4;0;SOLEIL;5;0;0
Longwy;49.52;5.76;12/08/2026;11:00;31.6;0;SOLEIL;3;0;0
Longwy;49.52;5.76;12/08/2026;12:00;31.6;0;SOLEIL;3;0;0
Longwy;49.52;5.76;12/08/2026;13:00;31.6;0;SOLEIL;3;0;0
Longwy;49.52;5.76;12/08/2026;14:00;30.2;0;SOLEIL;5;0;0
Longwy;49.52;5.76;12/08/2026;15:00;31.9;0;SOLEIL;5;0;0
Longwy;49.52;5.76;12/08/2026;16:00;30.2;0;SOLEIL;5;0;0
Longwy;49.52;5.76;12/08/2026;17:00;31.6;0;SOLEIL;2;0;0
Longwy;49.52;5.76;12/08/2026;18:00;31.6;0;SOLEIL;2;0;0
Longwy;49.52;5.76;12/08/2026;19:00;31.6;0;SOLEIL;2;0;0
Longwy;49.52;5.76;12/08/2026;20:00;23.4;0;SOLEIL;5;0;0
Longwy;49.52;5.76;12/08/2026;21:00;21.7;0;SOLEIL;5;0;0
Longwy;49.52;5.76;12/08/2026;22:00;20.0;0;SOLEIL;5;0;0
Longwy;49.52;5.76;12/08/2026;23:00;22;0;SOLEIL;4;0;0
Lunéville;48.59;6.49;08/08/2026;00:00;15.6;0;SOLEIL;4;0;0
Lunéville;48.59;6.49;08/08/2026;01:00;15.6;0;SOLEIL;4;0;0
Lunéville;48.59;6.49;08/08/2026;02:00;14.4;0;SOLEIL;4;0;0
Lunéville;48.59;6.49;08/08/2026;03:00;14.4;0;SOLEIL;4;0;0
Lunéville;48.59;6.49;08/08/2026;04:00;14.4;0;SOLEIL;4;0;0
Lunéville;48.59;6.49;08/08/2026;05:00;15.4;0;SOLEIL;3;0;0
Lunéville;48.59;6.49;08/08/2026;06:00;15.4;0;SOLEIL;3;0;0
Lunéville;48.59;6.49;08/08/2026;07:00;15.4;0;SOLEIL;3;0;0
Lunéville;48.59;6.49;08/08/2026;08:00;22.2;0;SOLEIL;3;0;0
Lunéville;48.59;6.49;08/08/2026;09:00;22.2;0;SOLEIL;3;0;0
Lunéville;48.59;6.49;08/08/2026;10:00;22.2;0;SOLEIL;3;0;0
Lunéville;48.59;6.49;08/08/2026;11:00;27;0;SOLEIL;2;0;0
Lunéville;48.59;6.49;08/08/2026;12:00;27;0;SOLEIL;2;0;0
Lunéville;48.59;6.49;08/08/2026;13:00;27;0;SOLEIL;2;0;0
Lunéville;48.59;6.49;08/08/2026;14:00;28.6;0;SOLEIL;2;0;0
Lunéville;48.59;6.49;08/08/2026;15:00;28.6;0;SOLEIL;2;0;0
Lunéville;48.59;6.49;08/08/2026;16:00;28.6;0;SOLEIL;2;0;0
Lunéville;48.59;6.49;08/08/2026;17:00;27.1;0;SOLEIL;2;0;0
Lunéville;48.59;6.49;08/08/2026;18:00;27.1;0;SOLEIL;2;0;0
Lunéville;48.59;6.49;08/08/2026;19:00;27.1;0;SOLEIL;2;0;0
Lunéville;48.59;6.49;08/08/2026;20:00;19.6;0;SOLEIL;2;0;0
Lunéville;48.59;6.49;08/08/2026;21:00;19.6;0;SOLEIL;2;0;0
Lunéville;48.59;6.49;08/08/2026;22:00;19.6;0;SOLEIL;2;0;0
Lunéville;48.59;6.49;08/08/2026;23:00;17;0;SOLEIL;2;0;0
Lunéville;48.59;6.49;09/08/2026;00:00;17;0;SOLEIL;2;0;0
Lunéville;48.59;6.49;09/08/2026;01:00;17;0;SOLEIL;2;0;0
Lunéville;48.59;6.49;09/08/2026;02:00;16.1;0;SOLEIL;2;0;0
Lunéville;48.59;6.49;09/08/2026;03:00;16.1;0;SOLEIL;2;0;0
Lunéville;48.59;6.49;09/08/2026;04:00;16.1;0;SOLEIL;2;0;0
Lunéville;48.59;6.49;09/08/2026;05:00;18.6;5;SOLEIL VOILÉ;1;0;0
Lunéville;48.59;6.49;09/08/2026;06:00;18.6;5;SOLEIL VOILÉ;1;0;0
Lunéville;48.59;6.49;09/08/2026;07:00;18.6;5;SOLEIL VOILÉ;1;0;0
Lunéville;48.59;6.49;09/08/2026;08:00;26.1;5;SOLEIL VOILÉ;2;0;0
Lunéville;48.59;6.49;09/08/2026;09:00;26.1;5;SOLEIL VOILÉ;2;0;0
Lunéville;48.59;6.49;09/08/2026;10:00;26.1;5;SOLEIL VOILÉ;2;0;0
Lunéville;48.59;6.49;09/08/2026;11:00;29.1;5;SOLEIL VOILÉ;2;0;0
Lunéville;48.59;6.49;09/08/2026;12:00;29.1;5;SOLEIL VOILÉ;2;0;0
Lunéville;48.59;6.49;09/08/2026;13:00;29.1;5;SOLEIL VOILÉ;2;0;0
Lunéville;48.59;6.49;09/08/2026;14:00;29.9;5;SOLEIL VOILÉ;3;0;0
Lunéville;48.59;6.49;09/08/2026;15:00;29.9;5;SOLEIL VOILÉ;3;0;0
Lunéville;48.59;6.49;09/08/2026;16:00;29.9;5;SOLEIL VOILÉ;3;0;0
Lunéville;48.59;6.49;09/08/2026;17:00;27.6;0;SOLEIL;1;0;0
Lunéville;48.59;6.49;09/08/2026;18:00;27.6;0;SOLEIL;1;0;0
Lunéville;48.59;6.49;09/08/2026;19:00;27.6;0;SOLEIL;1;0;0
Lunéville;48.59;6.49;09/08/2026;20:00;20.2;0;SOLEIL;5;0;0
Lunéville;48.59;6.49;09/08/2026;21:00;18.4;0;SOLEIL;5;0;0
Lunéville;48.59;6.49;09/08/2026;22:00;16.7;0;SOLEIL;5;0;0
Lunéville;48.59;6.49;09/08/2026;23:00;19.1;0;SOLEIL;2;0;0
Lunéville;48.59;6.49;10/08/2026;00:00;19.1;0;SOLEIL;2;0;0
Lunéville;48.59;6.49;10/08/2026;01:00;19.1;0;SOLEIL;2;0;0
Lunéville;48.59;6.49;10/08/2026;02:00;15.6;5;SOLEIL VOILÉ;5;0;0
Lunéville;48.59;6.49;10/08/2026;03:00;15.6;5;SOLEIL VOILÉ;5;0;0
Lunéville;48.59;6.49;10/08/2026;04:00;15.6;5;SOLEIL VOILÉ;5;0;0
Lunéville;48.59;6.49;10/08/2026;05:00;20;0;SOLEIL;2;0;0
Lunéville;48.59;6.49;10/08/2026;06:00;20;0;SOLEIL;2;0;0
Lunéville;48.59;6.49;10/08/2026;07:00;20;0;SOLEIL;2;0;0
Lunéville;48.59;6.49;10/08/2026;08:00;18.9;5;SOLEIL VOILÉ;5;0;0
Lunéville;48.59;6.49;10/08/2026;09:00;20.6;5;SOLEIL VOILÉ;5;0;0
Lunéville;48.59;6.49;10/08/2026;10:00;22.3;5;SOLEIL VOILÉ;5;0;0
Lunéville;48.59;6.49;10/08/2026;11:00;28.6;0;SOLEIL;5;0;0
Lunéville;48.59;6.49;10/08/2026;12:00;28.6;0;SOLEIL;5;0;0
Lunéville;48.59;6.49;10/08/2026;13:00;28.6;0;SOLEIL;5;0;0
Lunéville;48.59;6.49;10/08/2026;14:00;28.9;5;SOLEIL VOILÉ;5;0;0
Lunéville;48.59;6.49;10/08/2026;15:00;30.6;5;SOLEIL VOILÉ;5;0;0
Lunéville;48.59;6.49;10/08/2026;16:00;28.9;5;SOLEIL VOILÉ;5;0;0
Lunéville;48.59;6.49;10/08/2026;17:00;25.6;0;SOLEIL;3;0;0
Lunéville;48.59;6.49;10/08/2026;18:00;25.6;0;SOLEIL;3;0;0
Lunéville;48.59;6.49;10/08/2026;19:00;25.6;0;SOLEIL;3;0;0
Lunéville;48.59;6.49;10/08/2026;20:00;22.3;5;SOLEIL VOILÉ;5;0;0
Lunéville;48.59;6.49;10/08/2026;21:00;20.6;5;SOLEIL VOILÉ;5;0;0
Lunéville;48.59;6.49;10/08/2026;22:00;18.9;5;SOLEIL VOILÉ;5;0;0
Lunéville;48.59;6.49;10/08/2026;23:00;17.2;0;SOLEIL;4;0;0
Lunéville;48.59;6.49;11/08/2026;00:00;17.2;0;SOLEIL;4;0;0
Lunéville;48.59;6.49;11/08/2026;01:00;17.2;0;SOLEIL;4;0;0
Lunéville;48.59;6.49;11/08/2026;02:00;17.2;0;SOLEIL;5;0;0
Lunéville;48.59;6.49;11/08/2026;03:00;17.2;0;SOLEIL;5;0;0
Lunéville;48.59;6.49;11/08/2026;04:00;17.2;0;SOLEIL;5;0;0
Lunéville;48.59;6.49;11/08/2026;05:00;17.2;0;SOLEIL;4;0;0
Lunéville;48.59;6.49;11/08/2026;06:00;17.2;0;SOLEIL;4;0;0
Lunéville;48.59;6.49;11/08/2026;07:00;17.2;0;SOLEIL;4;0;0
Lunéville;48.59;6.49;11/08/2026;08:00;19.9;0;SOLEIL;5;0;0
Lunéville;48.59;6.49;11/08/2026;09:00;21.2;0;SOLEIL;5;0;0
Lunéville;48.59;6.49;11/08/2026;10:00;22.5;0;SOLEIL;5;0;0
Lunéville;48.59;6.49;11/08/2026;11:00;25.9;0;SOLEIL;2;0;0
Lunéville;48.59;6.49;11/08/2026;12:00;25.9;0;SOLEIL;2;0;0
Lunéville;48.59;6.49;11/08/2026;13:00;25.9;0;SOLEIL;2;0;0
Lunéville;48.59;6.49;11/08/2026;14:00;27.9;0;SOLEIL;5;0;0
Lunéville;48.59;6.49;11/08/2026;15:00;29.2;0;SOLEIL;5;0;0
Lunéville;48.59;6.49;11/08/2026;16:00;27.9;0;SOLEIL;5;0;0
Lunéville;48.59;6.49;11/08/2026;17:00;24.6;0;SOLEIL;3;0;0
Lunéville;48.59;6.49;11/08/2026;18:00;24.6;0;SOLEIL;3;0;0
Lunéville;48.59;6.49;11/08/2026;19:00;24.6;0;SOLEIL;3;0;0
Lunéville;48.59;6.49;11/08/2026;20:00;22.5;0;SOLEIL;5;0;0
Lunéville;48.59;6.49;11/08/2026;21:00;21.2;0;SOLEIL;5;0;0
Lunéville;48.59;6.49;11/08/2026;22:00;19.9;0;SOLEIL;5;0;0
Lunéville;48.59;6.49;11/08/2026;23:00;16.2;0;SOLEIL;4;0;0
Lunéville;48.59;6.49;12/08/2026;00:00;16.2;0;SOLEIL;4;0;0
Lunéville;48.59;6.49;12/08/2026;01:00;16.2;0;SOLEIL;4;0;0
Lunéville;48.59;6.49;12/08/2026;02:00;15.1;0;SOLEIL;5;0;0
Lunéville;48.59;6.49;12/08/2026;03:00;15.1;0;SOLEIL;5;0;0
Lunéville;48.59;6.49;12/08/2026;04:00;15.1;0;SOLEIL;5;0;0
Lunéville;48.59;6.49;12/08/2026;05:00;16.9;0;SOLEIL;4;0;0
Lunéville;48.59;6.49;12/08/2026;06:00;16.9;0;SOLEIL;4;0;0
Lunéville;48.59;6.49;12/08/2026;07:00;16.9;0;SOLEIL;4;0;0
Lunéville;48.59;6.49;12/08/2026;08:00;17.8;0;SOLEIL;5;0;0
Lunéville;48.59;6.49;12/08/2026;09:00;19.1;0;SOLEIL;5;0;0
Lunéville;48.59;6.49;12/08/2026;10:00;20.4;0;SOLEIL;5;0;0
Lunéville;48.59;6.49;12/08/2026;11:00;27.7;0;SOLEIL;3;0;0
Lunéville;48.59;6.49;12/08/2026;12:00;27.7;0;SOLEIL;3;0;0
Lunéville;48.59;6.49;12/08/2026;13:00;27.7;0;SOLEIL;3;0;0
Lunéville;48.59;6.49;12/08/2026;14:00;25.8;0;SOLEIL;5;0;0
Lunéville;48.59;6.49;12/08/2026;15:00;27.1;0;SOLEIL;5;0;0
Lunéville;48.59;6.49;12/08/2026;16:00;25.8;0;SOLEIL;5;0;0
Lunéville;48.59;6.49;12/08/2026;17:00;27.1;0;SOLEIL;2;0;0
Lunéville;48.59;6.49;12/08/2026;18:00;27.1;0;SOLEIL;2;0;0
Lunéville;48.59;6.49;12/08/2026;19:00;27.1;0;SOLEIL;2;0;0
Lunéville;48.59;6.49;12/08/2026;20:00;20.4;0;SOLEIL;5;0;0
Lunéville;48.59;6.49;12/08/2026;21:00;19.1;0;SOLEIL;5;0;0
Lunéville;48.59;6.49;12/08/2026;22:00;17.8;0;SOLEIL;5;0;0
Lunéville;48.59;6.49;12/08/2026;23:00;19.1;0;SOLEIL;3;0;0
Nancy;48.69;6.18;08/08/2026;00:00;16.2;0;SOLEIL;3;0;0
Nancy;48.69;6.18;08/08/2026;01:00;16.2;0;SOLEIL;3;0;0
Nancy;48.69;6.18;08/08/2026;02:00;14.2;0;SOLEIL;3;0;0
Nancy;48.69;6.18;08/08/2026;03:00;14.2;0;SOLEIL;3;0;0
Nancy;48.69;6.18;08/08/2026;04:00;14.2;0;SOLEIL;3;0;0
Nancy;48.69;6.18;08/08/2026;05:00;17.1;0;SOLEIL;3;0;0
Nancy;48.69;6.18;08/08/2026;06:00;17.1;0;SOLEIL;3;0;0
Nancy;48.69;6.18;08/08/2026;07:00;17.1;0;SOLEIL;3;0;0
Nancy;48.69;6.18;08/08/2026;08:00;25.1;0;SOLEIL;3;0;0
Nancy;48.69;6.18;08/08/2026;09:00;25.1;0;SOLEIL;3;0;0
Nancy;48.69;6.18;08/08/2026;10:00;25.1;0;SOLEIL;3;0;0
Nancy;48.69;6.18;08/08/2026;11:00;30;0;SOLEIL;3;0;0
Nancy;48.69;6.18;08/08/2026;12:00;30;0;SOLEIL;3;0;0
Nancy;48.69;6.18;08/08/2026;13:00;30;0;SOLEIL;3;0;0
Nancy;48.69;6.18;08/08/2026;14:00;32.2;0;SOLEIL;3;0;0
Nancy;48.69;6.18;08/08/2026;15:00;32.2;0;SOLEIL;3;0;0
Nancy;48.69;6.18;08/08/2026;16:00;32.2;0;SOLEIL;3;0;0
Nancy;48.69;6.18;08/08/2026;17:00;29.9;0;SOLEIL;3;0;0
Nancy;48.69;6.18;08/08/2026;18:00;29.9;0;SOLEIL;3;0;0
Nancy;48.69;6.18;08/08/2026;19:00;29.9;0;SOLEIL;3;0;0
Nancy;48.69;6.18;08/08/2026;20:00;22.4;0;SOLEIL;2;0;0
Nancy;48.69;6.18;08/08/2026;21:00;22.4;0;SOLEIL;2;0;0
Nancy;48.69;6.18;08/08/2026;22:00;22.4;0;SOLEIL;2;0;0
Nancy;48.69;6.18;08/08/2026;23:00;18.2;0;SOLEIL;1;0;0
Nancy;48.69;6.18;09/08/2026;00:00;18.2;0;SOLEIL;1;0;0
Nancy;48.69;6.18;09/08/2026;01:00;18.2;0;SOLEIL;1;0;0
Nancy;48.69;6.18;09/08/2026;02:00;16.1;0;SOLEIL;0;0;0
Nancy;48.69;6.18;09/08/2026;03:00;16.1;0;SOLEIL;0;0;0
Nancy;48.69;6.18;09/08/2026;04:00;16.1;0;SOLEIL;0;0;0
Nancy;48.69;6.18;09/08/2026;05:00;19.6;5;SOLEIL VOILÉ;0;0;0
Nancy;48.69;6.18;09/08/2026;06:00;19.6;5;SOLEIL VOILÉ;0;0;0
Nancy;48.69;6.18;09/08/2026;07:00;19.6;5;SOLEIL VOILÉ;0;0;0
Nancy;48.69;6.18;09/08/2026;08:00;24.6;5;SOLEIL VOILÉ;2;0;0
Nancy;48.69;6.18;09/08/2026;09:00;24.6;5;SOLEIL VOILÉ;2;0;0
Nancy;48.69;6.18;09/08/2026;10:00;24.6;5;SOLEIL VOILÉ;2;0;0
Nancy;48.69;6.18;09/08/2026;11:00;31.6;5;SOLEIL VOILÉ;2;0;0
Nancy;48.69;6.18;09/08/2026;12:00;31.6;5;SOLEIL VOILÉ;2;0;0
Nancy;48.69;6.18;09/08/2026;13:00;31.6;5;SOLEIL VOILÉ;2;0;0
Nancy;48.69;6.18;09/08/2026;14:00;32.7;0;SOLEIL;3;0;0
Nancy;48.69;6.18;09/08/2026;15:00;32.7;0;SOLEIL;3;0;0
Nancy;48.69;6.18;09/08/2026;16:00;32.7;0;SOLEIL;3;0;0
Nancy;48.69;6.18;09/08/2026;17:00;29;5;SOLEIL VOILÉ;3;0;0
Nancy;48.69;6.18;09/08/2026;18:00;29;5;SOLEIL VOILÉ;3;0;0
Nancy;48.69;6.18;09/08/2026;19:00;29;5;SOLEIL VOILÉ;3;0;0
Nancy;48.69;6.18;09/08/2026;20:00;21.7;0;SOLEIL;5;0;0
Nancy;48.69;6.18;09/08/2026;21:00;19.5;0;SOLEIL;5;0;0
Nancy;48.69;6.18;09/08/2026;22:00;17.4;0;SOLEIL;5;0;0
Nancy;48.69;6.18;09/08/2026;23:00;20.7;0;SOLEIL;3;0;0
Nancy;48.69;6.18;10/08/2026;00:00;20.7;0;SOLEIL;3;0;0
Nancy;48.69;6.18;10/08/2026;01:00;20.7;0;SOLEIL;3;0;0
Nancy;48.69;6.18;10/08/2026;02:00;15.6;5;SOLEIL VOILÉ;5;0;0
Nancy;48.69;6.18;10/08/2026;03:00;15.6;5;SOLEIL VOILÉ;5;0;0
Nancy;48.69;6.18;10/08/2026;04:00;15.6;5;SOLEIL VOILÉ;5;0;0
Nancy;48.69;6.18;10/08/2026;05:00;21.6;0;SOLEIL;3;0;0
Nancy;48.69;6.18;10/08/2026;06:00;21.6;0;SOLEIL;3;0;0
Nancy;48.69;6.18;10/08/2026;07:00;21.6;0;SOLEIL;3;0;0
Nancy;48.69;6.18;10/08/2026;08:00;19.6;5;SOLEIL VOILÉ;5;0;0
Nancy;48.69;6.18;10/08/2026;09:00;21.6;5;SOLEIL VOILÉ;5;0;0
Nancy;48.69;6.18;10/08/2026;10:00;23.6;5;SOLEIL VOILÉ;5;0;0
Nancy;48.69;6.18;10/08/2026;11:00;32.4;6;AVERSES;4;0;0
Nancy;48.69;6.18;10/08/2026;12:00;32.4;6;AVERSES;4;0;0
Nancy;48.69;6.18;10/08/2026;13:00;32.4;6;AVERSES;4;0;0
Nancy;48.69;6.18;10/08/2026;14:00;31.5;5;SOLEIL VOILÉ;5;0;0
Nancy;48.69;6.18;10/08/2026;15:00;33.5;5;SOLEIL VOILÉ;5;0;0
Nancy;48.69;6.18;10/08/2026;16:00;31.5;5;SOLEIL VOILÉ;5;0;0
Nancy;48.69;6.18;10/08/2026;17:00;30.1;6;AVERSES;3;0;0
Nancy;48.69;6.18;10/08/2026;18:00;30.1;6;AVERSES;3;0;0
Nancy;48.69;6.18;10/08/2026;19:00;30.1;6;AVERSES;3;0;0
Nancy;48.69;6.18;10/08/2026;20:00;23.6;5;SOLEIL VOILÉ;5;0;0
Nancy;48.69;6.18;10/08/2026;21:00;21.6;5;SOLEIL VOILÉ;5;0;0
Nancy;48.69;6.18;10/08/2026;22:00;19.6;5;SOLEIL VOILÉ;5;0;0
Nancy;48.69;6.18;10/08/2026;23:00;20.5;0;SOLEIL;2;0;0
Nancy;48.69;6.18;11/08/2026;00:00;20.5;0;SOLEIL;2;0;0
Nancy;48.69;6.18;11/08/2026;01:00;20.5;0;SOLEIL;2;0;0
Nancy;48.69;6.18;11/08/2026;02:00;19;6;AVERSES;5;0;0
Nancy;48.69;6.18;11/08/2026;03:00;19;6;AVERSES;5;0;0
Nancy;48.69;6.18;11/08/2026;04:00;19;6;AVERSES;5;0;0
Nancy;48.69;6.18;11/08/2026;05:00;19.6;0;SOLEIL;3;0;0
Nancy;48.69;6.18;11/08/2026;06:00;19.6;0;SOLEIL;3;0;0
Nancy;48.69;6.18;11/08/2026;07:00;19.6;0;SOLEIL;3;0;0
Nancy;48.69;6.18;11/08/2026;08:00;22.4;6;AVERSES;5;0;0
Nancy;48.69;6.18;11/08/2026;09:00;24.1;6;AVERSES;5;0;0
Nancy;48.69;6.18;11/08/2026;10:00;25.8;6;AVERSES;5;0;0
Nancy;48.69;6.18;11/08/2026;11:00;31.1;0;SOLEIL;3;0;0
Nancy;48.69;6.18;11/08/2026;12:00;31.1;0;SOLEIL;3;0;0
Nancy;48.69;6.18;11/08/2026;13:00;31.1;0;SOLEIL;3;0;0
Nancy;48.69;6.18;11/08/2026;14:00;32.5;6;AVERSES;5;0;0
Nancy;48.69;6.18;11/08/2026;15:00;34.2;6;AVERSES;5;0;0
Nancy;48.69;6.18;11/08/2026;16:00;32.5;6;AVERSES;5;0;0
Nancy;48.69;6.18;11/08/2026;17:00;29.7;0;SOLEIL;3;0;0
Nancy;48.69;6.18;11/08/2026;18:00;29.7;0;SOLEIL;3;0;0
Nancy;48.69;6.18;11/08/2026;19:00;29.7;0;SOLEIL;3;0;0
Nancy;48.69;6.18;11/08/2026;20:00;25.8;6;AVERSES;5;0;0
Nancy;48.69;6.18;11/08/2026;21:00;24.1;6;AVERSES;5;0;0
Nancy;48.69;6.18;11/08/2026;22:00;22.4;6;AVERSES;5;0;0
Nancy;48.69;6.18;11/08/2026;23:00;19.5;0;SOLEIL;3;0;0
Nancy;48.69;6.18;12/08/2026;00:00;19.5;0;SOLEIL;3;0;0
Nancy;48.69;6.18;12/08/2026;01:00;19.5;0;SOLEIL;3;0;0
Nancy;48.69;6.18;12/08/2026;02:00;16.7;0;SOLEIL;5;0;0
Nancy;48.69;6.18;12/08/2026;03:00;16.7;0;SOLEIL;5;0;0
Nancy;48.69;6.18;12/08/2026;04:00;16.7;0;SOLEIL;5;0;0
Nancy;48.69;6.18;12/08/2026;05:00;19.1;0;SOLEIL;3;0;0
Nancy;48.69;6.18;12/08/2026;06:00;19.1;0;SOLEIL;3;0;0
Nancy;48.69;6.18;12/08/2026;07:00;19.1;0;SOLEIL;3;0;0
Nancy;48.69;6.18;12/08/2026;08:00;20.3;0;SOLEIL;5;0;0
Nancy;48.69;6.18;12/08/2026;09:00;22.1;0;SOLEIL;5;0;0
Nancy;48.69;6.18;12/08/2026;10:00;23.9;0;SOLEIL;5;0;0
Nancy;48.69;6.18;12/08/2026;11:00;32.7;0;SOLEIL;3;0;0
Nancy;48.69;6.18;12/08/2026;12:00;32.7;0;SOLEIL;3;0;0
Nancy;48.69;6.18;12/08/2026;13:00;32.7;0;SOLEIL;3;0;0
Nancy;48.69;6.18;12/08/2026;14:00;31.2;0;SOLEIL;5;0;0
Nancy;48.69;6.18;12/08/2026;15:00;33.0;0;SOLEIL;5;0;0
Nancy;48.69;6.18;12/08/2026;16:00;31.2;0;SOLEIL;5;0;0
Nancy;48.69;6.18;12/08/2026;17:00;31.4;0;SOLEIL;3;0;0
Nancy;48.69;6.18;12/08/2026;18:00;31.4;0;SOLEIL;3;0;0
Nancy;48.69;6.18;12/08/2026;19:00;31.4;0;SOLEIL;3;0;0
Nancy;48.69;6.18;12/08/2026;20:00;23.9;0;SOLEIL;5;0;0
Nancy;48.69;6.18;12/08/2026;21:00;22.1;0;SOLEIL;5;0;0
Nancy;48.69;6.18;12/08/2026;22:00;20.3;0;SOLEIL;5;0;0
Nancy;48.69;6.18;12/08/2026;23:00;21.4;0;SOLEIL;2;0;0
Bar-le-Duc;48.77;5.16;08/08/2026;00:00;17.1;0;SOLEIL;2;0;0
Bar-le-Duc;48.77;5.16;08/08/2026;01:00;17.1;0;SOLEIL;2;0;0
Bar-le-Duc;48.77;5.16;08/08/2026;02:00;15.5;0;SOLEIL;3;0;0
Bar-le-Duc;48.77;5.16;08/08/2026;03:00;15.5;0;SOLEIL;3;0;0
Bar-le-Duc;48.77;5.16;08/08/2026;04:00;15.5;0;SOLEIL;3;0;0
Bar-le-Duc;48.77;5.16;08/08/2026;05:00;17.6;0;SOLEIL;3;0;0
Bar-le-Duc;48.77;5.16;08/08/2026;06:00;17.6;0;SOLEIL;3;0;0
Bar-le-Duc;48.77;5.16;08/08/2026;07:00;17.6;0;SOLEIL;3;0;0
Bar-le-Duc;48.77;5.16;08/08/2026;08:00;24.6;0;SOLEIL;3;0;0
Bar-le-Duc;48.77;5.16;08/08/2026;09:00;24.6;0;SOLEIL;3;0;0
Bar-le-Duc;48.77;5.16;08/08/2026;10:00;24.6;0;SOLEIL;3;0;0
Bar-le-Duc;48.77;5.16;08/08/2026;11:00;29.6;0;SOLEIL;3;0;0
Bar-le-Duc;48.77;5.16;08/08/2026;12:00;29.6;0;SOLEIL;3;0;0
Bar-le-Duc;48.77;5.16;08/08/2026;13:00;29.6;0;SOLEIL;3;0;0
Bar-le-Duc;48.77;5.16;08/08/2026;14:00;32.1;0;SOLEIL;2;0;0
Bar-le-Duc;48.77;5.16;08/08/2026;15:00;32.1;0;SOLEIL;2;0;0
Bar-le-Duc;48.77;5.16;08/08/2026;16:00;32.1;0;SOLEIL;2;0;0
Bar-le-Duc;48.77;5.16;08/08/2026;17:00;30.6;0;SOLEIL;2;0;0
Bar-le-Duc;48.77;5.16;08/08/2026;18:00;30.6;0;SOLEIL;2;0;0
Bar-le-Duc;48.77;5.16;08/08/2026;19:00;30.6;0;SOLEIL;2;0;0
Bar-le-Duc;48.77;5.16;08/08/2026;20:00;23.6;0;SOLEIL;2;0;0
Bar-le-Duc;48.77;5.16;08/08/2026;21:00;23.6;0;SOLEIL;2;0;0
Bar-le-Duc;48.77;5.16;08/08/2026;22:00;23.6;0;SOLEIL;2;0;0
Bar-le-Duc;48.77;5.16;08/08/2026;23:00;19.6;0;SOLEIL;2;0;0
Bar-le-Duc;48.77;5.16;09/08/2026;00:00;19.6;0;SOLEIL;2;0;0
Bar-le-Duc;48.77;5.16;09/08/2026;01:00;19.6;0;SOLEIL;2;0;0
Bar-le-Duc;48.77;5.16;09/08/2026;02:00;16.6;0;SOLEIL;0;0;0
Bar-le-Duc;48.77;5.16;09/08/2026;03:00;16.6;0;SOLEIL;0;0;0
Bar-le-Duc;48.77;5.16;09/08/2026;04:00;16.6;0;SOLEIL;0;0;0
Bar-le-Duc;48.77;5.16;09/08/2026;05:00;20.2;5;SOLEIL VOILÉ;1;0;0
Bar-le-Duc;48.77;5.16;09/08/2026;06:00;20.2;5;SOLEIL VOILÉ;1;0;0
Bar-le-Duc;48.77;5.16;09/08/2026;07:00;20.2;5;SOLEIL VOILÉ;1;0;0
Bar-le-Duc;48.77;5.16;09/08/2026;08:00;25.1;5;SOLEIL VOILÉ;1;0;0
Bar-le-Duc;48.77;5.16;09/08/2026;09:00;25.1;5;SOLEIL VOILÉ;1;0;0
Bar-le-Duc;48.77;5.16;09/08/2026;10:00;25.1;5;SOLEIL VOILÉ;1;0;0
Bar-le-Duc;48.77;5.16;09/08/2026;11:00;31.7;5;SOLEIL VOILÉ;3;0;0
Bar-le-Duc;48.77;5.16;09/08/2026;12:00;31.7;5;SOLEIL VOILÉ;3;0;0
Bar-le-Duc;48.77;5.16;09/08/2026;13:00;31.7;5;SOLEIL VOILÉ;3;0;0
Bar-le-Duc;48.77;5.16;09/08/2026;14:00;33;5;SOLEIL VOILÉ;3;0;0
Bar-le-Duc;48.77;5.16;09/08/2026;15:00;33;5;SOLEIL VOILÉ;3;0;0
Bar-le-Duc;48.77;5.16;09/08/2026;16:00;33;5;SOLEIL VOILÉ;3;0;0
Bar-le-Duc;48.77;5.16;09/08/2026;17:00;29.2;5;SOLEIL VOILÉ;3;0;0
Bar-le-Duc;48.77;5.16;09/08/2026;18:00;29.2;5;SOLEIL VOILÉ;3;0;0
Bar-le-Duc;48.77;5.16;09/08/2026;19:00;29.2;5;SOLEIL VOILÉ;3;0;0
Bar-le-Duc;48.77;5.16;09/08/2026;20:00;22.6;0;SOLEIL;5;0;0
Bar-le-Duc;48.77;5.16;09/08/2026;21:00;20.6;0;SOLEIL;5;0;0
Bar-le-Duc;48.77;5.16;09/08/2026;22:00;18.6;0;SOLEIL;5;0;0
Bar-le-Duc;48.77;5.16;09/08/2026;23:00;22;0;SOLEIL;2;0;0
Bar-le-Duc;48.77;5.16;10/08/2026;00:00;22;0;SOLEIL;2;0;0
Bar-le-Duc;48.77;5.16;10/08/2026;01:00;22;0;SOLEIL;2;0;0
Bar-le-Duc;48.77;5.16;10/08/2026;02:00;16.1;5;SOLEIL VOILÉ;5;0;0
Bar-le-Duc;48.77;5.16;10/08/2026;03:00;16.1;5;SOLEIL VOILÉ;5;0;0
Bar-le-Duc;48.77;5.16;10/08/2026;04:00;16.1;5;SOLEIL VOILÉ;5;0;0
Bar-le-Duc;48.77;5.16;10/08/2026;05:00;22.1;0;SOLEIL;2;0;0
Bar-le-Duc;48.77;5.16;10/08/2026;06:00;22.1;0;SOLEIL;2;0;0
Bar-le-Duc;48.77;5.16;10/08/2026;07:00;22.1;0;SOLEIL;2;0;0
Bar-le-Duc;48.77;5.16;10/08/2026;08:00;20.0;5;SOLEIL VOILÉ;5;0;0
Bar-le-Duc;48.77;5.16;10/08/2026;09:00;21.9;5;SOLEIL VOILÉ;5;0;0
Bar-le-Duc;48.77;5.16;10/08/2026;10:00;23.8;5;SOLEIL VOILÉ;5;0;0
Bar-le-Duc;48.77;5.16;10/08/2026;11:00;31.9;0;SOLEIL;4;0;0
Bar-le-Duc;48.77;5.16;10/08/2026;12:00;31.9;0;SOLEIL;4;0;0
Bar-le-Duc;48.77;5.16;10/08/2026;13:00;31.9;0;SOLEIL;4;0;0
Bar-le-Duc;48.77;5.16;10/08/2026;14:00;31.6;5;SOLEIL VOILÉ;5;0;0
Bar-le-Duc;48.77;5.16;10/08/2026;15:00;33.5;5;SOLEIL VOILÉ;5;0;0
Bar-le-Duc;48.77;5.16;10/08/2026;16:00;31.6;5;SOLEIL VOILÉ;5;0;0
Bar-le-Duc;48.77;5.16;10/08/2026;17:00;29.9;0;SOLEIL;4;0;0
Bar-le-Duc;48.77;5.16;10/08/2026;18:00;29.9;0;SOLEIL;4;0;0
Bar-le-Duc;48.77;5.16;10/08/2026;19:00;29.9;0;SOLEIL;4;0;0
Bar-le-Duc;48.77;5.16;10/08/2026;20:00;23.8;5;SOLEIL VOILÉ;5;0;0
Bar-le-Duc;48.77;5.16;10/08/2026;21:00;21.9;5;SOLEIL VOILÉ;5;0;0
Bar-le-Duc;48.77;5.16;10/08/2026;22:00;20.0;5;SOLEIL VOILÉ;5;0;0
Bar-le-Duc;48.77;5.16;10/08/2026;23:00;21.1;0;SOLEIL;3;0;0
Bar-le-Duc;48.77;5.16;11/08/2026;00:00;21.1;0;SOLEIL;3;0;0
Bar-le-Duc;48.77;5.16;11/08/2026;01:00;21.1;0;SOLEIL;3;0;0
Bar-le-Duc;48.77;5.16;11/08/2026;02:00;19.6;0;SOLEIL;5;0;0
Bar-le-Duc;48.77;5.16;11/08/2026;03:00;19.6;0;SOLEIL;5;0;0
Bar-le-Duc;48.77;5.16;11/08/2026;04:00;19.6;0;SOLEIL;5;0;0
Bar-le-Duc;48.77;5.16;11/08/2026;05:00;20.6;0;SOLEIL;3;0;0
Bar-le-Duc;48.77;5.16;11/08/2026;06:00;20.6;0;SOLEIL;3;0;0
Bar-le-Duc;48.77;5.16;11/08/2026;07:00;20.6;0;SOLEIL;3;0;0
Bar-le-Duc;48.77;5.16;11/08/2026;08:00;22.7;0;SOLEIL;5;0;0
Bar-le-Duc;48.77;5.16;11/08/2026;09:00;24.3;0;SOLEIL;5;0;0
Bar-le-Duc;48.77;5.16;11/08/2026;10:00;25.9;0;SOLEIL;5;0;0
Bar-le-Duc;48.77;5.16;11/08/2026;11:00;30.4;0;SOLEIL;3;0;0
Bar-le-Duc;48.77;5.16;11/08/2026;12:00;30.4;0;SOLEIL;3;0;0
Bar-le-Duc;48.77;5.16;11/08/2026;13:00;30.4;0;SOLEIL;3;0;0
Bar-le-Duc;48.77;5.16;11/08/2026;14:00;32.1;0;SOLEIL;5;0;0
Bar-le-Duc;48.77;5.16;11/08/2026;15:00;33.7;0;SOLEIL;5;0;0
Bar-le-Duc;48.77;5.16;11/08/2026;16:00;32.1;0;SOLEIL;5;0;0
Bar-le-Duc;48.77;5.16;11/08/2026;17:00;29.1;0;SOLEIL;3;0;0
Bar-le-Duc;48.77;5.16;11/08/2026;18:00;29.1;0;SOLEIL;3;0;0
Bar-le-Duc;48.77;5.16;11/08/2026;19:00;29.1;0;SOLEIL;3;0;0
Bar-le-Duc;48.77;5.16;11/08/2026;20:00;25.9;0;SOLEIL;5;0;0
Bar-le-Duc;48.77;5.16;11/08/2026;21:00;24.3;0;SOLEIL;5;0;0
Bar-le-Duc;48.77;5.16;11/08/2026;22:00;22.7;0;SOLEIL;5;0;0
Bar-le-Duc;48.77;5.16;11/08/2026;23:00;20.5;0;SOLEIL;4;0;0
Bar-le-Duc;48.77;5.16;12/08/2026;00:00;20.5;0;SOLEIL;4;0;0
Bar-le-Duc;48.77;5.16;12/08/2026;01:00;20.5;0;SOLEIL;4;0;0
Bar-le-Duc;48.77;5.16;12/08/2026;02:00;17.9;0;SOLEIL;5;0;0
Bar-le-Duc;48.77;5.16;12/08/2026;03:00;17.9;0;SOLEIL;5;0;0
Bar-le-Duc;48.77;5.16;12/08/2026;04:00;17.9;0;SOLEIL;5;0;0
Bar-le-Duc;48.77;5.16;12/08/2026;05:00;19.9;0;SOLEIL;3;0;0
Bar-le-Duc;48.77;5.16;12/08/2026;06:00;19.9;0;SOLEIL;3;0;0
Bar-le-Duc;48.77;5.16;12/08/2026;07:00;19.9;0;SOLEIL;3;0;0
Bar-le-Duc;48.77;5.16;12/08/2026;08:00;21.1;0;SOLEIL;5;0;0
Bar-le-Duc;48.77;5.16;12/08/2026;09:00;22.8;0;SOLEIL;5;0;0
Bar-le-Duc;48.77;5.16;12/08/2026;10:00;24.4;0;SOLEIL;5;0;0
Bar-le-Duc;48.77;5.16;12/08/2026;11:00;32.1;0;SOLEIL;3;0;0
Bar-le-Duc;48.77;5.16;12/08/2026;12:00;32.1;0;SOLEIL;3;0;0
Bar-le-Duc;48.77;5.16;12/08/2026;13:00;32.1;0;SOLEIL;3;0;0
Bar-le-Duc;48.77;5.16;12/08/2026;14:00;30.9;0;SOLEIL;5;0;0
Bar-le-Duc;48.77;5.16;12/08/2026;15:00;32.5;0;SOLEIL;5;0;0
Bar-le-Duc;48.77;5.16;12/08/2026;16:00;30.9;0;SOLEIL;5;0;0
Bar-le-Duc;48.77;5.16;12/08/2026;17:00;31.6;0;SOLEIL;2;0;0
Bar-le-Duc;48.77;5.16;12/08/2026;18:00;31.6;0;SOLEIL;2;0;0
Bar-le-Duc;48.77;5.16;12/08/2026;19:00;31.6;0;SOLEIL;2;0;0
Bar-le-Duc;48.77;5.16;12/08/2026;20:00;24.4;0;SOLEIL;5;0;0
Bar-le-Duc;48.77;5.16;12/08/2026;21:00;22.8;0;SOLEIL;5;0;0
Bar-le-Duc;48.77;5.16;12/08/2026;22:00;21.1;0;SOLEIL;5;0;0
Bar-le-Duc;48.77;5.16;12/08/2026;23:00;23;0;SOLEIL;2;0;0
Commercy;48.76;5.59;08/08/2026;00:00;16.2;0;SOLEIL;3;0;0
Commercy;48.76;5.59;08/08/2026;01:00;16.2;0;SOLEIL;3;0;0
Commercy;48.76;5.59;08/08/2026;02:00;14.6;0;SOLEIL;4;0;0
Commercy;48.76;5.59;08/08/2026;03:00;14.6;0;SOLEIL;4;0;0
Commercy;48.76;5.59;08/08/2026;04:00;14.6;0;SOLEIL;4;0;0
Commercy;48.76;5.59;08/08/2026;05:00;17.1;0;SOLEIL;4;0;0
Commercy;48.76;5.59;08/08/2026;06:00;17.1;0;SOLEIL;4;0;0
Commercy;48.76;5.59;08/08/2026;07:00;17.1;0;SOLEIL;4;0;0
Commercy;48.76;5.59;08/08/2026;08:00;25.1;0;SOLEIL;4;0;0
Commercy;48.76;5.59;08/08/2026;09:00;25.1;0;SOLEIL;4;0;0
Commercy;48.76;5.59;08/08/2026;10:00;25.1;0;SOLEIL;4;0;0
Commercy;48.76;5.59;08/08/2026;11:00;30.1;0;SOLEIL;2;0;0
Commercy;48.76;5.59;08/08/2026;12:00;30.1;0;SOLEIL;2;0;0
Commercy;48.76;5.59;08/08/2026;13:00;30.1;0;SOLEIL;2;0;0
Commercy;48.76;5.59;08/08/2026;14:00;31.9;0;SOLEIL;1;0;0
Commercy;48.76;5.59;08/08/2026;15:00;31.9;0;SOLEIL;1;0;0
Commercy;48.76;5.59;08/08/2026;16:00;31.9;0;SOLEIL;1;0;0
Commercy;48.76;5.59;08/08/2026;17:00;31;0;SOLEIL;1;0;0
Commercy;48.76;5.59;08/08/2026;18:00;31;0;SOLEIL;1;0;0
Commercy;48.76;5.59;08/08/2026;19:00;31;0;SOLEIL;1;0;0
Commercy;48.76;5.59;08/08/2026;20:00;22.1;0;SOLEIL;1;0;0
Commercy;48.76;5.59;08/08/2026;21:00;22.1;0;SOLEIL;1;0;0
Commercy;48.76;5.59;08/08/2026;22:00;22.1;0;SOLEIL;1;0;0
Commercy;48.76;5.59;08/08/2026;23:00;18.7;0;SOLEIL;2;0;0
Commercy;48.76;5.59;09/08/2026;00:00;18.7;0;SOLEIL;2;0;0
Commercy;48.76;5.59;09/08/2026;01:00;18.7;0;SOLEIL;2;0;0
Commercy;48.76;5.59;09/08/2026;02:00;17.4;5;SOLEIL VOILÉ;2;0;0
Commercy;48.76;5.59;09/08/2026;03:00;17.4;5;SOLEIL VOILÉ;2;0;0
Commercy;48.76;5.59;09/08/2026;04:00;17.4;5;SOLEIL VOILÉ;2;0;0
Commercy;48.76;5.59;09/08/2026;05:00;20.2;5;SOLEIL VOILÉ;2;0;0
Commercy;48.76;5.59;09/08/2026;06:00;20.2;5;SOLEIL VOILÉ;2;0;0
Commercy;48.76;5.59;09/08/2026;07:00;20.2;5;SOLEIL VOILÉ;2;0;0
Commercy;48.76;5.59;09/08/2026;08:00;29.7;5;SOLEIL VOILÉ;1;0;0
Commercy;48.76;5.59;09/08/2026;09:00;29.7;5;SOLEIL VOILÉ;1;0;0
Commercy;48.76;5.59;09/08/2026;10:00;29.7;5;SOLEIL VOILÉ;1;0;0
Commercy;48.76;5.59;09/08/2026;11:00;31.6;5;SOLEIL VOILÉ;2;0;0
Commercy;48.76;5.59;09/08/2026;12:00;31.6;5;SOLEIL VOILÉ;2;0;0
Commercy;48.76;5.59;09/08/2026;13:00;31.6;5;SOLEIL VOILÉ;2;0;0
Commercy;48.76;5.59;09/08/2026;14:00;32.6;5;SOLEIL VOILÉ;3;0;0
Commercy;48.76;5.59;09/08/2026;15:00;32.6;5;SOLEIL VOILÉ;3;0;0
Commercy;48.76;5.59;09/08/2026;16:00;32.6;5;SOLEIL VOILÉ;3;0;0
Commercy;48.76;5.59;09/08/2026;17:00;29.1;0;SOLEIL;2;0;0
Commercy;48.76;5.59;09/08/2026;18:00;29.1;0;SOLEIL;2;0;0
Commercy;48.76;5.59;09/08/2026;19:00;29.1;0;SOLEIL;2;0;0
Commercy;48.76;5.59;09/08/2026;20:00;22.4;0;SOLEIL;5;0;0
Commercy;48.76;5.59;09/08/2026;21:00;20.3;0;SOLEIL;5;0;0
Commercy;48.76;5.59;09/08/2026;22:00;18.2;0;SOLEIL;5;0;0
Commercy;48.76;5.59;09/08/2026;23:00;20.7;0;SOLEIL;2;0;0
Commercy;48.76;5.59;10/08/2026;00:00;20.7;0;SOLEIL;2;0;0
Commercy;48.76;5.59;10/08/2026;01:00;20.7;0;SOLEIL;2;0;0
Commercy;48.76;5.59;10/08/2026;02:00;17.1;5;SOLEIL VOILÉ;5;0;0
Commercy;48.76;5.59;10/08/2026;03:00;17.1;5;SOLEIL VOILÉ;5;0;0
Commercy;48.76;5.59;10/08/2026;04:00;17.1;5;SOLEIL VOILÉ;5;0;0
Commercy;48.76;5.59;10/08/2026;05:00;20.1;0;SOLEIL;3;0;0
Commercy;48.76;5.59;10/08/2026;06:00;20.1;0;SOLEIL;3;0;0
Commercy;48.76;5.59;10/08/2026;07:00;20.1;0;SOLEIL;3;0;0
Commercy;48.76;5.59;10/08/2026;08:00;20.7;5;SOLEIL VOILÉ;5;0;0
Commercy;48.76;5.59;10/08/2026;09:00;22.6;5;SOLEIL VOILÉ;5;0;0
Commercy;48.76;5.59;10/08/2026;10:00;24.4;5;SOLEIL VOILÉ;5;0;0
Commercy;48.76;5.59;10/08/2026;11:00;31.9;0;SOLEIL;4;0;0
Commercy;48.76;5.59;10/08/2026;12:00;31.9;0;SOLEIL;4;0;0
Commercy;48.76;5.59;10/08/2026;13:00;31.9;0;SOLEIL;4;0;0
Commercy;48.76;5.59;10/08/2026;14:00;31.7;5;SOLEIL VOILÉ;5;0;0
Commercy;48.76;5.59;10/08/2026;15:00;33.5;5;SOLEIL VOILÉ;5;0;0
Commercy;48.76;5.59;10/08/2026;16:00;31.7;5;SOLEIL VOILÉ;5;0;0
Commercy;48.76;5.59;10/08/2026;17:00;29.5;0;SOLEIL;3;0;0
Commercy;48.76;5.59;10/08/2026;18:00;29.5;0;SOLEIL;3;0;0
Commercy;48.76;5.59;10/08/2026;19:00;29.5;0;SOLEIL;3;0;0
Commercy;48.76;5.59;10/08/2026;20:00;24.4;5;SOLEIL VOILÉ;5;0;0
Commercy;48.76;5.59;10/08/2026;21:00;22.6;5;SOLEIL VOILÉ;5;0;0
Commercy;48.76;5.59;10/08/2026;22:00;20.7;5;SOLEIL VOILÉ;5;0;0
Commercy;48.76;5.59;10/08/2026;23:00;19.6;0;SOLEIL;3;0;0
Commercy;48.76;5.59;11/08/2026;00:00;19.6;0;SOLEIL;3;0;0
Commercy;48.76;5.59;11/08/2026;01:00;19.6;0;SOLEIL;3;0;0
Commercy;48.76;5.59;11/08/2026;02:00;18.1;0;SOLEIL;5;0;0
Commercy;48.76;5.59;11/08/2026;03:00;18.1;0;SOLEIL;5;0;0
Commercy;48.76;5.59;11/08/2026;04:00;18.1;0;SOLEIL;5;0;0
Commercy;48.76;5.59;11/08/2026;05:00;19.2;0;SOLEIL;3;0;0
Commercy;48.76;5.59;11/08/2026;06:00;19.2;0;SOLEIL;3;0;0
Commercy;48.76;5.59;11/08/2026;07:00;19.2;0;SOLEIL;3;0;0
Commercy;48.76;5.59;11/08/2026;08:00;21.4;0;SOLEIL;5;0;0
Commercy;48.76;5.59;11/08/2026;09:00;23.1;0;SOLEIL;5;0;0
Commercy;48.76;5.59;11/08/2026;10:00;24.7;0;SOLEIL;5;0;0
Commercy;48.76;5.59;11/08/2026;11:00;30.2;0;SOLEIL;2;0;0
Commercy;48.76;5.59;11/08/2026;12:00;30.2;0;SOLEIL;2;0;0
Commercy;48.76;5.59;11/08/2026;13:00;30.2;0;SOLEIL;2;0;0
Commercy;48.76;5.59;11/08/2026;14:00;31.3;0;SOLEIL;5;0;0
Commercy;48.76;5.59;11/08/2026;15:00;33.0;0;SOLEIL;5;0;0
Commercy;48.76;5.59;11/08/2026;16:00;31.3;0;SOLEIL;5;0;0
Commercy;48.76;5.59;11/08/2026;17:00;29.1;0;SOLEIL;3;0;0
Commercy;48.76;5.59;11/08/2026;18:00;29.1;0;SOLEIL;3;0;0
Commercy;48.76;5.59;11/08/2026;19:00;29.1;0;SOLEIL;3;0;0
Commercy;48.76;5.59;11/08/2026;20:00;24.7;0;SOLEIL;5;0;0
Commercy;48.76;5.59;11/08/2026;21:00;23.1;0;SOLEIL;5;0;0
Commercy;48.76;5.59;11/08/2026;22:00;21.4;0;SOLEIL;5;0;0
Commercy;48.76;5.59;11/08/2026;23:00;20.1;0;SOLEIL;5;0;0
Commercy;48.76;5.59;12/08/2026;00:00;20.1;0;SOLEIL;5;0;0
Commercy;48.76;5.59;12/08/2026;01:00;20.1;0;SOLEIL;5;0;0
Commercy;48.76;5.59;12/08/2026;02:00;16.6;0;SOLEIL;5;0;0
Commercy;48.76;5.59;12/08/2026;03:00;16.6;0;SOLEIL;5;0;0
Commercy;48.76;5.59;12/08/2026;04:00;16.6;0;SOLEIL;5;0;0
Commercy;48.76;5.59;12/08/2026;05:00;19.4;0;SOLEIL;4;0;0
Commercy;48.76;5.59;12/08/2026;06:00;19.4;0;SOLEIL;4;0;0
Commercy;48.76;5.59;12/08/2026;07:00;19.4;0;SOLEIL;4;0;0
Commercy;48.76;5.59;12/08/2026;08:00;20.0;0;SOLEIL;5;0;0
Commercy;48.76;5.59;12/08/2026;09:00;21.7;0;SOLEIL;5;0;0
Commercy;48.76;5.59;12/08/2026;10:00;23.4;0;SOLEIL;5;0;0
Commercy;48.76;5.59;12/08/2026;11:00;32.5;0;SOLEIL;3;0;0
Commercy;48.76;5.59;12/08/2026;12:00;32.5;0;SOLEIL;3;0;0
Commercy;48.76;5.59;12/08/2026;13:00;32.5;0;SOLEIL;3;0;0
Commercy;48.76;5.59;12/08/2026;14:00;30.2;0;SOLEIL;5;0;0
Commercy;48.76;5.59;12/08/2026;15:00;31.9;0;SOLEIL;5;0;0
Commercy;48.76;5.59;12/08/2026;16:00;30.2;0;SOLEIL;5;0;0
Commercy;48.76;5.59;12/08/2026;17:00;31.5;0;SOLEIL;2;0;0
Commercy;48.76;5.59;12/08/2026;18:00;31.5;0;SOLEIL;2;0;0
Commercy;48.76;5.59;12/08/2026;19:00;31.5;0;SOLEIL;2;0;0
Commercy;48.76;5.59;12/08/2026;20:00;23.4;0;SOLEIL;5;0;0
Commercy;48.76;5.59;12/08/2026;21:00;21.7;0;SOLEIL;5;0;0
Commercy;48.76;5.59;12/08/2026;22:00;20.0;0;SOLEIL;5;0;0
Commercy;48.76;5.59;12/08/2026;23:00;22.5;0;SOLEIL;3;0;0
Verdun;49.16;5.38;08/08/2026;00:00;14.1;0;SOLEIL;2;0;0
Verdun;49.16;5.38;08/08/2026;01:00;14.1;0;SOLEIL;2;0;0
Verdun;49.16;5.38;08/08/2026;02:00;12.7;0;SOLEIL;3;0;0
Verdun;49.16;5.38;08/08/2026;03:00;12.7;0;SOLEIL;3;0;0
Verdun;49.16;5.38;08/08/2026;04:00;12.7;0;SOLEIL;3;0;0
Verdun;49.16;5.38;08/08/2026;05:00;15.6;0;SOLEIL;3;0;0
Verdun;49.16;5.38;08/08/2026;06:00;15.6;0;SOLEIL;3;0;0
Verdun;49.16;5.38;08/08/2026;07:00;15.6;0;SOLEIL;3;0;0
Verdun;49.16;5.38;08/08/2026;08:00;24.5;0;SOLEIL;3;0;0
Verdun;49.16;5.38;08/08/2026;09:00;24.5;0;SOLEIL;3;0;0
Verdun;49.16;5.38;08/08/2026;10:00;24.5;0;SOLEIL;3;0;0
Verdun;49.16;5.38;08/08/2026;11:00;29.4;0;SOLEIL;2;0;0
Verdun;49.16;5.38;08/08/2026;12:00;29.4;0;SOLEIL;2;0;0
Verdun;49.16;5.38;08/08/2026;13:00;29.4;0;SOLEIL;2;0;0
Verdun;49.16;5.38;08/08/2026;14:00;31.6;0;SOLEIL;2;0;0
Verdun;49.16;5.38;08/08/2026;15:00;31.6;0;SOLEIL;2;0;0
Verdun;49.16;5.38;08/08/2026;16:00;31.6;0;SOLEIL;2;0;0
Verdun;49.16;5.38;08/08/2026;17:00;30;0;SOLEIL;2;0;0
Verdun;49.16;5.38;08/08/2026;18:00;30;0;SOLEIL;2;0;0
Verdun;49.16;5.38;08/08/2026;19:00;30;0;SOLEIL;2;0;0
Verdun;49.16;5.38;08/08/2026;20:00;20.6;0;SOLEIL;2;0;0
Verdun;49.16;5.38;08/08/2026;21:00;20.6;0;SOLEIL;2;0;0
Verdun;49.16;5.38;08/08/2026;22:00;20.6;0;SOLEIL;2;0;0
Verdun;49.16;5.38;08/08/2026;23:00;16.6;0;SOLEIL;0;0;0
Verdun;49.16;5.38;09/08/2026;00:00;16.6;0;SOLEIL;0;0;0
Verdun;49.16;5.38;09/08/2026;01:00;16.6;0;SOLEIL;0;0;0
Verdun;49.16;5.38;09/08/2026;02:00;14.1;0;SOLEIL;1;0;0
Verdun;49.16;5.38;09/08/2026;03:00;14.1;0;SOLEIL;1;0;0
Verdun;49.16;5.38;09/08/2026;04:00;14.1;0;SOLEIL;1;0;0
Verdun;49.16;5.38;09/08/2026;05:00;17.6;5;SOLEIL VOILÉ;0;0;0
Verdun;49.16;5.38;09/08/2026;06:00;17.6;5;SOLEIL VOILÉ;0;0;0
Verdun;49.16;5.38;09/08/2026;07:00;17.6;5;SOLEIL VOILÉ;0;0;0
Verdun;49.16;5.38;09/08/2026;08:00;28.4;5;SOLEIL VOILÉ;1;0;0
Verdun;49.16;5.38;09/08/2026;09:00;28.4;5;SOLEIL VOILÉ;1;0;0
Verdun;49.16;5.38;09/08/2026;10:00;28.4;5;SOLEIL VOILÉ;1;0;0
Verdun;49.16;5.38;09/08/2026;11:00;32.1;5;SOLEIL VOILÉ;3;0;0
Verdun;49.16;5.38;09/08/2026;12:00;32.1;5;SOLEIL VOILÉ;3;0;0
Verdun;49.16;5.38;09/08/2026;13:00;32.1;5;SOLEIL VOILÉ;3;0;0
Verdun;49.16;5.38;09/08/2026;14:00;31.9;5;SOLEIL VOILÉ;3;0;0
Verdun;49.16;5.38;09/08/2026;15:00;31.9;5;SOLEIL VOILÉ;3;0;0
Verdun;49.16;5.38;09/08/2026;16:00;31.9;5;SOLEIL VOILÉ;3;0;0
Verdun;49.16;5.38;09/08/2026;17:00;28.9;5;SOLEIL VOILÉ;2;0;0
Verdun;49.16;5.38;09/08/2026;18:00;28.9;5;SOLEIL VOILÉ;2;0;0
Verdun;49.16;5.38;09/08/2026;19:00;28.9;5;SOLEIL VOILÉ;2;0;0
Verdun;49.16;5.38;09/08/2026;20:00;20.8;0;SOLEIL;5;0;0
Verdun;49.16;5.38;09/08/2026;21:00;18.5;0;SOLEIL;5;0;0
Verdun;49.16;5.38;09/08/2026;22:00;16.2;0;SOLEIL;5;0;0
Verdun;49.16;5.38;09/08/2026;23:00;19.1;0;SOLEIL;3;0;0
Verdun;49.16;5.38;10/08/2026;00:00;19.1;0;SOLEIL;3;0;0
Verdun;49.16;5.38;10/08/2026;01:00;19.1;0;SOLEIL;3;0;0
Verdun;49.16;5.38;10/08/2026;02:00;13.5;5;SOLEIL VOILÉ;5;0;0
Verdun;49.16;5.38;10/08/2026;03:00;13.5;5;SOLEIL VOILÉ;5;0;0
Verdun;49.16;5.38;10/08/2026;04:00;13.5;5;SOLEIL VOILÉ;5;0;0
Verdun;49.16;5.38;10/08/2026;05:00;19.2;0;SOLEIL;3;0;0
Verdun;49.16;5.38;10/08/2026;06:00;19.2;0;SOLEIL;3;0;0
Verdun;49.16;5.38;10/08/2026;07:00;19.2;0;SOLEIL;3;0;0
Verdun;49.16;5.38;10/08/2026;08:00;17.9;5;SOLEIL VOILÉ;5;0;0
Verdun;49.16;5.38;10/08/2026;09:00;20.0;5;SOLEIL VOILÉ;5;0;0
Verdun;49.16;5.38;10/08/2026;10:00;22.2;5;SOLEIL VOILÉ;5;0;0
Verdun;49.16;5.38;10/08/2026;11:00;31.4;0;SOLEIL;4;0;0
Verdun;49.16;5.38;10/08/2026;12:00;31.4;0;SOLEIL;4;0;0
Verdun;49.16;5.38;10/08/2026;13:00;31.4;0;SOLEIL;4;0;0
Verdun;49.16;5.38;10/08/2026;14:00;30.9;5;SOLEIL VOILÉ;5;0;0
Verdun;49.16;5.38;10/08/2026;15:00;33.1;5;SOLEIL VOILÉ;5;0;0
Verdun;49.16;5.38;10/08/2026;16:00;30.9;5;SOLEIL VOILÉ;5;0;0
Verdun;49.16;5.38;10/08/2026;17:00;28.7;0;SOLEIL;3;0;0
Verdun;49.16;5.38;10/08/2026;18:00;28.7;0;SOLEIL;3;0;0
Verdun;49.16;5.38;10/08/2026;19:00;28.7;0;SOLEIL;3;0;0
Verdun;49.16;5.38;10/08/2026;20:00;22.2;5;SOLEIL VOILÉ;5;0;0
Verdun;49.16;5.38;10/08/2026;21:00;20.0;5;SOLEIL VOILÉ;5;0;0
Verdun;49.16;5.38;10/08/2026;22:00;17.9;5;SOLEIL VOILÉ;5;0;0
Verdun;49.16;5.38;10/08/2026;23:00;16.9;0;SOLEIL;3;0;0
Verdun;49.16;5.38;11/08/2026;00:00;16.9;0;SOLEIL;3;0;0
Verdun;49.16;5.38;11/08/2026;01:00;16.9;0;SOLEIL;3;0;0
Verdun;49.16;5.38;11/08/2026;02:00;16.6;0;SOLEIL;5;0;0
Verdun;49.16;5.38;11/08/2026;03:00;16.6;0;SOLEIL;5;0;0
Verdun;49.16;5.38;11/08/2026;04:00;16.6;0;SOLEIL;5;0;0
Verdun;49.16;5.38;11/08/2026;05:00;17.1;0;SOLEIL;3;0;0
Verdun;49.16;5.38;11/08/2026;06:00;17.1;0;SOLEIL;3;0;0
Verdun;49.16;5.38;11/08/2026;07:00;17.1;0;SOLEIL;3;0;0
Verdun;49.16;5.38;11/08/2026;08:00;20.1;0;SOLEIL;5;0;0
Verdun;49.16;5.38;11/08/2026;09:00;21.9;0;SOLEIL;5;0;0
Verdun;49.16;5.38;11/08/2026;10:00;23.7;0;SOLEIL;5;0;0
Verdun;49.16;5.38;11/08/2026;11:00;29.1;0;SOLEIL;3;0;0
Verdun;49.16;5.38;11/08/2026;12:00;29.1;0;SOLEIL;3;0;0
Verdun;49.16;5.38;11/08/2026;13:00;29.1;0;SOLEIL;3;0;0
Verdun;49.16;5.38;11/08/2026;14:00;30.7;0;SOLEIL;5;0;0
Verdun;49.16;5.38;11/08/2026;15:00;32.5;0;SOLEIL;5;0;0
Verdun;49.16;5.38;11/08/2026;16:00;30.7;0;SOLEIL;5;0;0
Verdun;49.16;5.38;11/08/2026;17:00;28.6;0;SOLEIL;3;0;0
Verdun;49.16;5.38;11/08/2026;18:00;28.6;0;SOLEIL;3;0;0
Verdun;49.16;5.38;11/08/2026;19:00;28.6;0;SOLEIL;3;0;0
Verdun;49.16;5.38;11/08/2026;20:00;23.7;0;SOLEIL;5;0;0
Verdun;49.16;5.38;11/08/2026;21:00;21.9;0;SOLEIL;5;0;0
Verdun;49.16;5.38;11/08/2026;22:00;20.1;0;SOLEIL;5;0;0
Verdun;49.16;5.38;11/08/2026;23:00;17.1;0;SOLEIL;4;0;0
Verdun;49.16;5.38;12/08/2026;00:00;17.1;0;SOLEIL;4;0;0
Verdun;49.16;5.38;12/08/2026;01:00;17.1;0;SOLEIL;4;0;0
Verdun;49.16;5.38;12/08/2026;02:00;14.1;0;SOLEIL;5;0;0
Verdun;49.16;5.38;12/08/2026;03:00;14.1;0;SOLEIL;5;0;0
Verdun;49.16;5.38;12/08/2026;04:00;14.1;0;SOLEIL;5;0;0
Verdun;49.16;5.38;12/08/2026;05:00;17.2;0;SOLEIL;3;0;0
Verdun;49.16;5.38;12/08/2026;06:00;17.2;0;SOLEIL;3;0;0
Verdun;49.16;5.38;12/08/2026;07:00;17.2;0;SOLEIL;3;0;0
Verdun;49.16;5.38;12/08/2026;08:00;17.8;0;SOLEIL;5;0;0
Verdun;49.16;5.38;12/08/2026;09:00;19.6;0;SOLEIL;5;0;0
Verdun;49.16;5.38;12/08/2026;10:00;21.5;0;SOLEIL;5;0;0
Verdun;49.16;5.38;12/08/2026;11:00;31.2;0;SOLEIL;3;0;0
Verdun;49.16;5.38;12/08/2026;12:00;31.2;0;SOLEIL;3;0;0
Verdun;49.16;5.38;12/08/2026;13:00;31.2;0;SOLEIL;3;0;0
Verdun;49.16;5.38;12/08/2026;14:00;28.9;0;SOLEIL;5;0;0
Verdun;49.16;5.38;12/08/2026;15:00;30.7;0;SOLEIL;5;0;0
Verdun;49.16;5.38;12/08/2026;16:00;28.9;0;SOLEIL;5;0;0
Verdun;49.16;5.38;12/08/2026;17:00;30.9;0;SOLEIL;2;0;0
Verdun;49.16;5.38;12/08/2026;18:00;30.9;0;SOLEIL;2;0;0
Verdun;49.16;5.38;12/08/2026;19:00;30.9;0;SOLEIL;2;0;0
Verdun;49.16;5.38;12/08/2026;20:00;21.5;0;SOLEIL;5;0;0
Verdun;49.16;5.38;12/08/2026;21:00;19.6;0;SOLEIL;5;0;0
Verdun;49.16;5.38;12/08/2026;22:00;17.8;0;SOLEIL;5;0;0
Verdun;49.16;5.38;12/08/2026;23:00;19.2;0;SOLEIL;3;0;0
Metz;49.11;6.17;08/08/2026;00:00;15.6;0;SOLEIL;4;0;0
Metz;49.11;6.17;08/08/2026;01:00;15.6;0;SOLEIL;4;0;0
Metz;49.11;6.17;08/08/2026;02:00;13.6;0;SOLEIL;3;0;0
Metz;49.11;6.17;08/08/2026;03:00;13.6;0;SOLEIL;3;0;0
Metz;49.11;6.17;08/08/2026;04:00;13.6;0;SOLEIL;3;0;0
Metz;49.11;6.17;08/08/2026;05:00;17;0;SOLEIL;3;0;0
Metz;49.11;6.17;08/08/2026;06:00;17;0;SOLEIL;3;0;0
Metz;49.11;6.17;08/08/2026;07:00;17;0;SOLEIL;3;0;0
Metz;49.11;6.17;08/08/2026;08:00;24.6;0;SOLEIL;3;0;0
Metz;49.11;6.17;08/08/2026;09:00;24.6;0;SOLEIL;3;0;0
Metz;49.11;6.17;08/08/2026;10:00;24.6;0;SOLEIL;3;0;0
Metz;49.11;6.17;08/08/2026;11:00;29.4;0;SOLEIL;3;0;0
Metz;49.11;6.17;08/08/2026;12:00;29.4;0;SOLEIL;3;0;0
Metz;49.11;6.17;08/08/2026;13:00;29.4;0;SOLEIL;3;0;0
Metz;49.11;6.17;08/08/2026;14:00;31.5;0;SOLEIL;2;0;0
Metz;49.11;6.17;08/08/2026;15:00;31.5;0;SOLEIL;2;0;0
Metz;49.11;6.17;08/08/2026;16:00;31.5;0;SOLEIL;2;0;0
Metz;49.11;6.17;08/08/2026;17:00;30.1;0;SOLEIL;2;0;0
Metz;49.11;6.17;08/08/2026;18:00;30.1;0;SOLEIL;2;0;0
Metz;49.11;6.17;08/08/2026;19:00;30.1;0;SOLEIL;2;0;0
Metz;49.11;6.17;08/08/2026;20:00;20.6;0;SOLEIL;2;0;0
Metz;49.11;6.17;08/08/2026;21:00;20.6;0;SOLEIL;2;0;0
Metz;49.11;6.17;08/08/2026;22:00;20.6;0;SOLEIL;2;0;0
Metz;49.11;6.17;08/08/2026;23:00;18.1;0;SOLEIL;2;0;0
Metz;49.11;6.17;09/08/2026;00:00;18.1;0;SOLEIL;2;0;0
Metz;49.11;6.17;09/08/2026;01:00;18.1;0;SOLEIL;2;0;0
Metz;49.11;6.17;09/08/2026;02:00;16.2;0;SOLEIL;2;0;0
Metz;49.11;6.17;09/08/2026;03:00;16.2;0;SOLEIL;2;0;0
Metz;49.11;6.17;09/08/2026;04:00;16.2;0;SOLEIL;2;0;0
Metz;49.11;6.17;09/08/2026;05:00;19.9;5;SOLEIL VOILÉ;2;0;0
Metz;49.11;6.17;09/08/2026;06:00;19.9;5;SOLEIL VOILÉ;2;0;0
Metz;49.11;6.17;09/08/2026;07:00;19.9;5;SOLEIL VOILÉ;2;0;0
Metz;49.11;6.17;09/08/2026;08:00;28.6;5;SOLEIL VOILÉ;1;0;0
Metz;49.11;6.17;09/08/2026;09:00;28.6;5;SOLEIL VOILÉ;1;0;0
Metz;49.11;6.17;09/08/2026;10:00;28.6;5;SOLEIL VOILÉ;1;0;0
Metz;49.11;6.17;09/08/2026;11:00;32.6;5;SOLEIL VOILÉ;2;0;0
Metz;49.11;6.17;09/08/2026;12:00;32.6;5;SOLEIL VOILÉ;2;0;0
Metz;49.11;6.17;09/08/2026;13:00;32.6;5;SOLEIL VOILÉ;2;0;0
Metz;49.11;6.17;09/08/2026;14:00;32.5;5;SOLEIL VOILÉ;3;0;0
Metz;49.11;6.17;09/08/2026;15:00;32.5;5;SOLEIL VOILÉ;3;0;0
Metz;49.11;6.17;09/08/2026;16:00;32.5;5;SOLEIL VOILÉ;3;0;0
Metz;49.11;6.17;09/08/2026;17:00;28.9;0;SOLEIL;2;0;0
Metz;49.11;6.17;09/08/2026;18:00;28.9;0;SOLEIL;2;0;0
Metz;49.11;6.17;09/08/2026;19:00;28.9;0;SOLEIL;2;0;0
Metz;49.11;6.17;09/08/2026;20:00;21.8;0;SOLEIL;5;0;0
Metz;49.11;6.17;09/08/2026;21:00;19.6;0;SOLEIL;5;0;0
Metz;49.11;6.17;09/08/2026;22:00;17.4;0;SOLEIL;5;0;0
Metz;49.11;6.17;09/08/2026;23:00;20.4;0;SOLEIL;3;0;0
Metz;49.11;6.17;10/08/2026;00:00;20.4;0;SOLEIL;3;0;0
Metz;49.11;6.17;10/08/2026;01:00;20.4;0;SOLEIL;3;0;0
Metz;49.11;6.17;10/08/2026;02:00;15.9;5;SOLEIL VOILÉ;5;0;0
Metz;49.11;6.17;10/08/2026;03:00;15.9;5;SOLEIL VOILÉ;5;0;0
Metz;49.11;6.17;10/08/2026;04:00;15.9;5;SOLEIL VOILÉ;5;0;0
Metz;49.11;6.17;10/08/2026;05:00;18.6;0;SOLEIL;2;0;0
Metz;49.11;6.17;10/08/2026;06:00;18.6;0;SOLEIL;2;0;0
Metz;49.11;6.17;10/08/2026;07:00;18.6;0;SOLEIL;2;0;0
Metz;49.11;6.17;10/08/2026;08:00;19.8;5;SOLEIL VOILÉ;5;0;0
Metz;49.11;6.17;10/08/2026;09:00;21.8;5;SOLEIL VOILÉ;5;0;0
Metz;49.11;6.17;10/08/2026;10:00;23.8;5;SOLEIL VOILÉ;5;0;0
Metz;49.11;6.17;10/08/2026;11:00;31.2;0;SOLEIL;4;0;0
Metz;49.11;6.17;10/08/2026;12:00;31.2;0;SOLEIL;4;0;0
Metz;49.11;6.17;10/08/2026;13:00;31.2;0;SOLEIL;4;0;0
Metz;49.11;6.17;10/08/2026;14:00;31.6;5;SOLEIL VOILÉ;5;0;0
Metz;49.11;6.17;10/08/2026;15:00;33.6;5;SOLEIL VOILÉ;5;0;0
Metz;49.11;6.17;10/08/2026;16:00;31.6;5;SOLEIL VOILÉ;5;0;0
Metz;49.11;6.17;10/08/2026;17:00;28.5;0;SOLEIL;3;0;0
Metz;49.11;6.17;10/08/2026;18:00;28.5;0;SOLEIL;3;0;0
Metz;49.11;6.17;10/08/2026;19:00;28.5;0;SOLEIL;3;0;0
Metz;49.11;6.17;10/08/2026;20:00;23.8;5;SOLEIL VOILÉ;5;0;0
Metz;49.11;6.17;10/08/2026;21:00;21.8;5;SOLEIL VOILÉ;5;0;0
Metz;49.11;6.17;10/08/2026;22:00;19.8;5;SOLEIL VOILÉ;5;0;0
Metz;49.11;6.17;10/08/2026;23:00;17.9;0;SOLEIL;3;0;0
Metz;49.11;6.17;11/08/2026;00:00;17.9;0;SOLEIL;3;0;0
Metz;49.11;6.17;11/08/2026;01:00;17.9;0;SOLEIL;3;0;0
Metz;49.11;6.17;11/08/2026;02:00;17;0;SOLEIL;5;0;0
Metz;49.11;6.17;11/08/2026;03:00;17;0;SOLEIL;5;0;0
Metz;49.11;6.17;11/08/2026;04:00;17;0;SOLEIL;5;0;0
Metz;49.11;6.17;11/08/2026;05:00;16.4;0;SOLEIL;3;0;0
Metz;49.11;6.17;11/08/2026;06:00;16.4;0;SOLEIL;3;0;0
Metz;49.11;6.17;11/08/2026;07:00;16.4;0;SOLEIL;3;0;0
Metz;49.11;6.17;11/08/2026;08:00;20.4;0;SOLEIL;5;0;0
Metz;49.11;6.17;11/08/2026;09:00;22.0;0;SOLEIL;5;0;0
Metz;49.11;6.17;11/08/2026;10:00;23.7;0;SOLEIL;5;0;0
Metz;49.11;6.17;11/08/2026;11:00;29;0;SOLEIL;2;0;0
Metz;49.11;6.17;11/08/2026;12:00;29;0;SOLEIL;2;0;0
Metz;49.11;6.17;11/08/2026;13:00;29;0;SOLEIL;2;0;0
Metz;49.11;6.17;11/08/2026;14:00;30.4;0;SOLEIL;5;0;0
Metz;49.11;6.17;11/08/2026;15:00;32.1;0;SOLEIL;5;0;0
Metz;49.11;6.17;11/08/2026;16:00;30.4;0;SOLEIL;5;0;0
Metz;49.11;6.17;11/08/2026;17:00;27.6;0;SOLEIL;2;0;0
Metz;49.11;6.17;11/08/2026;18:00;27.6;0;SOLEIL;2;0;0
Metz;49.11;6.17;11/08/2026;19:00;27.6;0;SOLEIL;2;0;0
Metz;49.11;6.17;11/08/2026;20:00;23.7;0;SOLEIL;5;0;0
Metz;49.11;6.17;11/08/2026;21:00;22.0;0;SOLEIL;5;0;0
Metz;49.11;6.17;11/08/2026;22:00;20.4;0;SOLEIL;5;0;0
Metz;49.11;6.17;11/08/2026;23:00;18.6;0;SOLEIL;4;0;0
Metz;49.11;6.17;12/08/2026;00:00;18.6;0;SOLEIL;4;0;0
Metz;49.11;6.17;12/08/2026;01:00;18.6;0;SOLEIL;4;0;0
Metz;49.11;6.17;12/08/2026;02:00;14.2;0;SOLEIL;5;0;0
Metz;49.11;6.17;12/08/2026;03:00;14.2;0;SOLEIL;5;0;0
Metz;49.11;6.17;12/08/2026;04:00;14.2;0;SOLEIL;5;0;0
Metz;49.11;6.17;12/08/2026;05:00;17.1;0;SOLEIL;4;0;0
Metz;49.11;6.17;12/08/2026;06:00;17.1;0;SOLEIL;4;0;0
Metz;49.11;6.17;12/08/2026;07:00;17.1;0;SOLEIL;4;0;0
Metz;49.11;6.17;12/08/2026;08:00;17.8;0;SOLEIL;5;0;0
Metz;49.11;6.17;12/08/2026;09:00;19.7;0;SOLEIL;5;0;0
Metz;49.11;6.17;12/08/2026;10:00;21.5;0;SOLEIL;5;0;0
Metz;49.11;6.17;12/08/2026;11:00;31.1;0;SOLEIL;3;0;0
Metz;49.11;6.17;12/08/2026;12:00;31.1;0;SOLEIL;3;0;0
Metz;49.11;6.17;12/08/2026;13:00;31.1;0;SOLEIL;3;0;0
Metz;49.11;6.17;12/08/2026;14:00;28.8;0;SOLEIL;5;0;0
Metz;49.11;6.17;12/08/2026;15:00;30.6;0;SOLEIL;5;0;0
Metz;49.11;6.17;12/08/2026;16:00;28.8;0;SOLEIL;5;0;0
Metz;49.11;6.17;12/08/2026;17:00;30.1;0;SOLEIL;2;0;0
Metz;49.11;6.17;12/08/2026;18:00;30.1;0;SOLEIL;2;0;0
Metz;49.11;6.17;12/08/2026;19:00;30.1;0;SOLEIL;2;0;0
Metz;49.11;6.17;12/08/2026;20:00;21.5;0;SOLEIL;5;0;0
Metz;49.11;6.17;12/08/2026;21:00;19.7;0;SOLEIL;5;0;0
Metz;49.11;6.17;12/08/2026;22:00;17.8;0;SOLEIL;5;0;0
Metz;49.11;6.17;12/08/2026;23:00;20.7;0;SOLEIL;3;0;0
Sarrebourg;48.73;7.05;08/08/2026;00:00;16.1;0;SOLEIL;4;0;0
Sarrebourg;48.73;7.05;08/08/2026;01:00;16.1;0;SOLEIL;4;0;0
Sarrebourg;48.73;7.05;08/08/2026;02:00;14.4;0;SOLEIL;3;0;0
Sarrebourg;48.73;7.05;08/08/2026;03:00;14.4;0;SOLEIL;3;0;0
Sarrebourg;48.73;7.05;08/08/2026;04:00;14.4;0;SOLEIL;3;0;0
Sarrebourg;48.73;7.05;08/08/2026;05:00;16.7;0;SOLEIL;3;0;0
Sarrebourg;48.73;7.05;08/08/2026;06:00;16.7;0;SOLEIL;3;0;0
Sarrebourg;48.73;7.05;08/08/2026;07:00;16.7;0;SOLEIL;3;0;0
Sarrebourg;48.73;7.05;08/08/2026;08:00;24.1;0;SOLEIL;3;0;0
Sarrebourg;48.73;7.05;08/08/2026;09:00;24.1;0;SOLEIL;3;0;0
Sarrebourg;48.73;7.05;08/08/2026;10:00;24.1;0;SOLEIL;3;0;0
Sarrebourg;48.73;7.05;08/08/2026;11:00;29.4;0;SOLEIL;3;0;0
Sarrebourg;48.73;7.05;08/08/2026;12:00;29.4;0;SOLEIL;3;0;0
Sarrebourg;48.73;7.05;08/08/2026;13:00;29.4;0;SOLEIL;3;0;0
Sarrebourg;48.73;7.05;08/08/2026;14:00;31.4;0;SOLEIL;2;0;0
Sarrebourg;48.73;7.05;08/08/2026;15:00;31.4;0;SOLEIL;2;0;0
Sarrebourg;48.73;7.05;08/08/2026;16:00;31.4;0;SOLEIL;2;0;0
Sarrebourg;48.73;7.05;08/08/2026;17:00;30.6;0;SOLEIL;1;0;0
Sarrebourg;48.73;7.05;08/08/2026;18:00;30.6;0;SOLEIL;1;0;0
Sarrebourg;48.73;7.05;08/08/2026;19:00;30.6;0;SOLEIL;1;0;0
Sarrebourg;48.73;7.05;08/08/2026;20:00;22.7;0;SOLEIL;2;0;0
Sarrebourg;48.73;7.05;08/08/2026;21:00;22.7;0;SOLEIL;2;0;0
Sarrebourg;48.73;7.05;08/08/2026;22:00;22.7;0;SOLEIL;2;0;0
Sarrebourg;48.73;7.05;08/08/2026;23:00;19.1;0;SOLEIL;2;0;0
Sarrebourg;48.73;7.05;09/08/2026;00:00;19.1;0;SOLEIL;2;0;0
Sarrebourg;48.73;7.05;09/08/2026;01:00;19.1;0;SOLEIL;2;0;0
Sarrebourg;48.73;7.05;09/08/2026;02:00;17;0;SOLEIL;2;0;0
Sarrebourg;48.73;7.05;09/08/2026;03:00;17;0;SOLEIL;2;0;0
Sarrebourg;48.73;7.05;09/08/2026;04:00;17;0;SOLEIL;2;0;0
Sarrebourg;48.73;7.05;09/08/2026;05:00;20;5;SOLEIL VOILÉ;1;0;0
Sarrebourg;48.73;7.05;09/08/2026;06:00;20;5;SOLEIL VOILÉ;1;0;0
Sarrebourg;48.73;7.05;09/08/2026;07:00;20;5;SOLEIL VOILÉ;1;0;0
Sarrebourg;48.73;7.05;09/08/2026;08:00;27.6;5;SOLEIL VOILÉ;1;0;0
Sarrebourg;48.73;7.05;09/08/2026;09:00;27.6;5;SOLEIL VOILÉ;1;0;0
Sarrebourg;48.73;7.05;09/08/2026;10:00;27.6;5;SOLEIL VOILÉ;1;0;0
Sarrebourg;48.73;7.05;09/08/2026;11:00;32.1;5;SOLEIL VOILÉ;3;0;0
Sarrebourg;48.73;7.05;09/08/2026;12:00;32.1;5;SOLEIL VOILÉ;3;0;0
Sarrebourg;48.73;7.05;09/08/2026;13:00;32.1;5;SOLEIL VOILÉ;3;0;0
Sarrebourg;48.73;7.05;09/08/2026;14:00;32.2;5;SOLEIL VOILÉ;3;0;0
Sarrebourg;48.73;7.05;09/08/2026;15:00;32.2;5;SOLEIL VOILÉ;3;0;0
Sarrebourg;48.73;7.05;09/08/2026;16:00;32.2;5;SOLEIL VOILÉ;3;0;0
Sarrebourg;48.73;7.05;09/08/2026;17:00;29.5;5;SOLEIL VOILÉ;3;0;0
Sarrebourg;48.73;7.05;09/08/2026;18:00;29.5;5;SOLEIL VOILÉ;3;0;0
Sarrebourg;48.73;7.05;09/08/2026;19:00;29.5;5;SOLEIL VOILÉ;3;0;0
Sarrebourg;48.73;7.05;09/08/2026;20:00;21.8;0;SOLEIL;5;0;0
Sarrebourg;48.73;7.05;09/08/2026;21:00;19.8;0;SOLEIL;5;0;0
Sarrebourg;48.73;7.05;09/08/2026;22:00;17.8;0;SOLEIL;5;0;0
Sarrebourg;48.73;7.05;09/08/2026;23:00;21.4;0;SOLEIL;2;0;0
Sarrebourg;48.73;7.05;10/08/2026;00:00;21.4;0;SOLEIL;2;0;0
Sarrebourg;48.73;7.05;10/08/2026;01:00;21.4;0;SOLEIL;2;0;0
Sarrebourg;48.73;7.05;10/08/2026;02:00;16.6;5;SOLEIL VOILÉ;5;0;0
Sarrebourg;48.73;7.05;10/08/2026;03:00;16.6;5;SOLEIL VOILÉ;5;0;0
Sarrebourg;48.73;7.05;10/08/2026;04:00;16.6;5;SOLEIL VOILÉ;5;0;0
Sarrebourg;48.73;7.05;10/08/2026;05:00;21.7;0;SOLEIL;2;0;0
Sarrebourg;48.73;7.05;10/08/2026;06:00;21.7;0;SOLEIL;2;0;0
Sarrebourg;48.73;7.05;10/08/2026;07:00;21.7;0;SOLEIL;2;0;0
Sarrebourg;48.73;7.05;10/08/2026;08:00;20.3;5;SOLEIL VOILÉ;5;0;0
Sarrebourg;48.73;7.05;10/08/2026;09:00;22.1;5;SOLEIL VOILÉ;5;0;0
Sarrebourg;48.73;7.05;10/08/2026;10:00;24.0;5;SOLEIL VOILÉ;5;0;0
Sarrebourg;48.73;7.05;10/08/2026;11:00;31.6;0;SOLEIL;4;0;0
Sarrebourg;48.73;7.05;10/08/2026;12:00;31.6;0;SOLEIL;4;0;0
Sarrebourg;48.73;7.05;10/08/2026;13:00;31.6;0;SOLEIL;4;0;0
Sarrebourg;48.73;7.05;10/08/2026;14:00;31.4;5;SOLEIL VOILÉ;5;0;0
Sarrebourg;48.73;7.05;10/08/2026;15:00;33.2;5;SOLEIL VOILÉ;5;0;0
Sarrebourg;48.73;7.05;10/08/2026;16:00;31.4;5;SOLEIL VOILÉ;5;0;0
Sarrebourg;48.73;7.05;10/08/2026;17:00;29.2;0;SOLEIL;4;0;0
Sarrebourg;48.73;7.05;10/08/2026;18:00;29.2;0;SOLEIL;4;0;0
Sarrebourg;48.73;7.05;10/08/2026;19:00;29.2;0;SOLEIL;4;0;0
Sarrebourg;48.73;7.05;10/08/2026;20:00;24.0;5;SOLEIL VOILÉ;5;0;0
Sarrebourg;48.73;7.05;10/08/2026;21:00;22.1;5;SOLEIL VOILÉ;5;0;0
Sarrebourg;48.73;7.05;10/08/2026;22:00;20.3;5;SOLEIL VOILÉ;5;0;0
Sarrebourg;48.73;7.05;10/08/2026;23:00;20.6;0;SOLEIL;3;0;0
Sarrebourg;48.73;7.05;11/08/2026;00:00;20.6;0;SOLEIL;3;0;0
Sarrebourg;48.73;7.05;11/08/2026;01:00;20.6;0;SOLEIL;3;0;0
Sarrebourg;48.73;7.05;11/08/2026;02:00;19.6;0;SOLEIL;5;0;0
Sarrebourg;48.73;7.05;11/08/2026;03:00;19.6;0;SOLEIL;5;0;0
Sarrebourg;48.73;7.05;11/08/2026;04:00;19.6;0;SOLEIL;5;0;0
Sarrebourg;48.73;7.05;11/08/2026;05:00;20.1;0;SOLEIL;3;0;0
Sarrebourg;48.73;7.05;11/08/2026;06:00;20.1;0;SOLEIL;3;0;0
Sarrebourg;48.73;7.05;11/08/2026;07:00;20.1;0;SOLEIL;3;0;0
Sarrebourg;48.73;7.05;11/08/2026;08:00;22.6;0;SOLEIL;5;0;0
Sarrebourg;48.73;7.05;11/08/2026;09:00;24.1;0;SOLEIL;5;0;0
Sarrebourg;48.73;7.05;11/08/2026;10:00;25.6;0;SOLEIL;5;0;0
Sarrebourg;48.73;7.05;11/08/2026;11:00;28.4;0;SOLEIL;2;0;0
Sarrebourg;48.73;7.05;11/08/2026;12:00;28.4;0;SOLEIL;2;0;0
Sarrebourg;48.73;7.05;11/08/2026;13:00;28.4;0;SOLEIL;2;0;0
Sarrebourg;48.73;7.05;11/08/2026;14:00;31.7;0;SOLEIL;5;0;0
Sarrebourg;48.73;7.05;11/08/2026;15:00;33.2;0;SOLEIL;5;0;0
Sarrebourg;48.73;7.05;11/08/2026;16:00;31.7;0;SOLEIL;5;0;0
Sarrebourg;48.73;7.05;11/08/2026;17:00;28.6;0;SOLEIL;3;0;0
Sarrebourg;48.73;7.05;11/08/2026;18:00;28.6;0;SOLEIL;3;0;0
Sarrebourg;48.73;7.05;11/08/2026;19:00;28.6;0;SOLEIL;3;0;0
Sarrebourg;48.73;7.05;11/08/2026;20:00;25.6;0;SOLEIL;5;0;0
Sarrebourg;48.73;7.05;11/08/2026;21:00;24.1;0;SOLEIL;5;0;0
Sarrebourg;48.73;7.05;11/08/2026;22:00;22.6;0;SOLEIL;5;0;0
Sarrebourg;48.73;7.05;11/08/2026;23:00;20.2;0;SOLEIL;3;0;0
Sarrebourg;48.73;7.05;12/08/2026;00:00;20.2;0;SOLEIL;3;0;0
Sarrebourg;48.73;7.05;12/08/2026;01:00;20.2;0;SOLEIL;3;0;0
Sarrebourg;48.73;7.05;12/08/2026;02:00;18.5;0;SOLEIL;5;0;0
Sarrebourg;48.73;7.05;12/08/2026;03:00;18.5;0;SOLEIL;5;0;0
Sarrebourg;48.73;7.05;12/08/2026;04:00;18.5;0;SOLEIL;5;0;0
Sarrebourg;48.73;7.05;12/08/2026;05:00;20.1;0;SOLEIL;3;0;0
Sarrebourg;48.73;7.05;12/08/2026;06:00;20.1;0;SOLEIL;3;0;0
Sarrebourg;48.73;7.05;12/08/2026;07:00;20.1;0;SOLEIL;3;0;0
Sarrebourg;48.73;7.05;12/08/2026;08:00;21.3;0;SOLEIL;5;0;0
Sarrebourg;48.73;7.05;12/08/2026;09:00;22.6;0;SOLEIL;5;0;0
Sarrebourg;48.73;7.05;12/08/2026;10:00;24.0;0;SOLEIL;5;0;0
Sarrebourg;48.73;7.05;12/08/2026;11:00;31.5;0;SOLEIL;3;0;0
Sarrebourg;48.73;7.05;12/08/2026;12:00;31.5;0;SOLEIL;3;0;0
Sarrebourg;48.73;7.05;12/08/2026;13:00;31.5;0;SOLEIL;3;0;0
Sarrebourg;48.73;7.05;12/08/2026;14:00;29.5;0;SOLEIL;5;0;0
Sarrebourg;48.73;7.05;12/08/2026;15:00;30.9;0;SOLEIL;5;0;0
Sarrebourg;48.73;7.05;12/08/2026;16:00;29.5;0;SOLEIL;5;0;0
Sarrebourg;48.73;7.05;12/08/2026;17:00;31;0;SOLEIL;2;0;0
Sarrebourg;48.73;7.05;12/08/2026;18:00;31;0;SOLEIL;2;0;0
Sarrebourg;48.73;7.05;12/08/2026;19:00;31;0;SOLEIL;2;0;0
Sarrebourg;48.73;7.05;12/08/2026;20:00;24.0;0;SOLEIL;5;0;0
Sarrebourg;48.73;7.05;12/08/2026;21:00;22.6;0;SOLEIL;5;0;0
Sarrebourg;48.73;7.05;12/08/2026;22:00;21.3;0;SOLEIL;5;0;0
Sarrebourg;48.73;7.05;12/08/2026;23:00;22.1;0;SOLEIL;3;0;0
Sarreguemines;49.11;7.06;08/08/2026;00:00;15.1;0;SOLEIL;2;0;0
Sarreguemines;49.11;7.06;08/08/2026;01:00;15.1;0;SOLEIL;2;0;0
Sarreguemines;49.11;7.06;08/08/2026;02:00;12.1;0;SOLEIL;3;0;0
Sarreguemines;49.11;7.06;08/08/2026;03:00;12.1;0;SOLEIL;3;0;0
Sarreguemines;49.11;7.06;08/08/2026;04:00;12.1;0;SOLEIL;3;0;0
Sarreguemines;49.11;7.06;08/08/2026;05:00;15.6;0;SOLEIL;3;0;0
Sarreguemines;49.11;7.06;08/08/2026;06:00;15.6;0;SOLEIL;3;0;0
Sarreguemines;49.11;7.06;08/08/2026;07:00;15.6;0;SOLEIL;3;0;0
Sarreguemines;49.11;7.06;08/08/2026;08:00;24.9;0;SOLEIL;4;0;0
Sarreguemines;49.11;7.06;08/08/2026;09:00;24.9;0;SOLEIL;4;0;0
Sarreguemines;49.11;7.06;08/08/2026;10:00;24.9;0;SOLEIL;4;0;0
Sarreguemines;49.11;7.06;08/08/2026;11:00;28.6;0;SOLEIL;3;0;0
Sarreguemines;49.11;7.06;08/08/2026;12:00;28.6;0;SOLEIL;3;0;0
Sarreguemines;49.11;7.06;08/08/2026;13:00;28.6;0;SOLEIL;3;0;0
Sarreguemines;49.11;7.06;08/08/2026;14:00;32;0;SOLEIL;3;0;0
Sarreguemines;49.11;7.06;08/08/2026;15:00;32;0;SOLEIL;3;0;0
Sarreguemines;49.11;7.06;08/08/2026;16:00;32;0;SOLEIL;3;0;0
Sarreguemines;49.11;7.06;08/08/2026;17:00;28.7;0;SOLEIL;3;0;0
Sarreguemines;49.11;7.06;08/08/2026;18:00;28.7;0;SOLEIL;3;0;0
Sarreguemines;49.11;7.06;08/08/2026;19:00;28.7;0;SOLEIL;3;0;0
Sarreguemines;49.11;7.06;08/08/2026;20:00;19.6;0;SOLEIL;2;0;0
Sarreguemines;49.11;7.06;08/08/2026;21:00;19.6;0;SOLEIL;2;0;0
Sarreguemines;49.11;7.06;08/08/2026;22:00;19.6;0;SOLEIL;2;0;0
Sarreguemines;49.11;7.06;08/08/2026;23:00;16.2;0;SOLEIL;2;0;0
Sarreguemines;49.11;7.06;09/08/2026;00:00;16.2;0;SOLEIL;2;0;0
Sarreguemines;49.11;7.06;09/08/2026;01:00;16.2;0;SOLEIL;2;0;0
Sarreguemines;49.11;7.06;09/08/2026;02:00;16.2;0;SOLEIL;1;0;0
Sarreguemines;49.11;7.06;09/08/2026;03:00;16.2;0;SOLEIL;1;0;0
Sarreguemines;49.11;7.06;09/08/2026;04:00;16.2;0;SOLEIL;1;0;0
Sarreguemines;49.11;7.06;09/08/2026;05:00;19.1;5;SOLEIL VOILÉ;1;0;0
Sarreguemines;49.11;7.06;09/08/2026;06:00;19.1;5;SOLEIL VOILÉ;1;0;0
Sarreguemines;49.11;7.06;09/08/2026;07:00;19.1;5;SOLEIL VOILÉ;1;0;0
Sarreguemines;49.11;7.06;09/08/2026;08:00;26.9;5;SOLEIL VOILÉ;2;0;0
Sarreguemines;49.11;7.06;09/08/2026;09:00;26.9;5;SOLEIL VOILÉ;2;0;0
Sarreguemines;49.11;7.06;09/08/2026;10:00;26.9;5;SOLEIL VOILÉ;2;0;0
Sarreguemines;49.11;7.06;09/08/2026;11:00;30.1;5;SOLEIL VOILÉ;3;0;0
Sarreguemines;49.11;7.06;09/08/2026;12:00;30.1;5;SOLEIL VOILÉ;3;0;0
Sarreguemines;49.11;7.06;09/08/2026;13:00;30.1;5;SOLEIL VOILÉ;3;0;0
Sarreguemines;49.11;7.06;09/08/2026;14:00;32.1;0;SOLEIL;3;0;0
Sarreguemines;49.11;7.06;09/08/2026;15:00;32.1;0;SOLEIL;3;0;0
Sarreguemines;49.11;7.06;09/08/2026;16:00;32.1;0;SOLEIL;3;0;0
Sarreguemines;49.11;7.06;09/08/2026;17:00;28.4;5;SOLEIL VOILÉ;2;0;0
Sarreguemines;49.11;7.06;09/08/2026;18:00;28.4;5;SOLEIL VOILÉ;2;0;0
Sarreguemines;49.11;7.06;09/08/2026;19:00;28.4;5;SOLEIL VOILÉ;2;0;0
Sarreguemines;49.11;7.06;09/08/2026;20:00;20.7;0;SOLEIL;5;0;0
Sarreguemines;49.11;7.06;09/08/2026;21:00;18.4;0;SOLEIL;5;0;0
Sarreguemines;49.11;7.06;09/08/2026;22:00;16.1;0;SOLEIL;5;0;0
Sarreguemines;49.11;7.06;09/08/2026;23:00;19.2;0;SOLEIL;3;0;0
Sarreguemines;49.11;7.06;10/08/2026;00:00;19.2;0;SOLEIL;3;0;0
Sarreguemines;49.11;7.06;10/08/2026;01:00;19.2;0;SOLEIL;3;0;0
Sarreguemines;49.11;7.06;10/08/2026;02:00;15.2;5;SOLEIL VOILÉ;5;0;0
Sarreguemines;49.11;7.06;10/08/2026;03:00;15.2;5;SOLEIL VOILÉ;5;0;0
Sarreguemines;49.11;7.06;10/08/2026;04:00;15.2;5;SOLEIL VOILÉ;5;0;0
Sarreguemines;49.11;7.06;10/08/2026;05:00;20.4;0;SOLEIL;3;0;0
Sarreguemines;49.11;7.06;10/08/2026;06:00;20.4;0;SOLEIL;3;0;0
Sarreguemines;49.11;7.06;10/08/2026;07:00;20.4;0;SOLEIL;3;0;0
Sarreguemines;49.11;7.06;10/08/2026;08:00;19.1;5;SOLEIL VOILÉ;5;0;0
Sarreguemines;49.11;7.06;10/08/2026;09:00;21.0;5;SOLEIL VOILÉ;5;0;0
Sarreguemines;49.11;7.06;10/08/2026;10:00;22.9;5;SOLEIL VOILÉ;5;0;0
Sarreguemines;49.11;7.06;10/08/2026;11:00;31;6;AVERSES;4;0;0
Sarreguemines;49.11;7.06;10/08/2026;12:00;31;6;AVERSES;4;0;0
Sarreguemines;49.11;7.06;10/08/2026;13:00;31;6;AVERSES;4;0;0
Sarreguemines;49.11;7.06;10/08/2026;14:00;30.7;5;SOLEIL VOILÉ;5;0;0
Sarreguemines;49.11;7.06;10/08/2026;15:00;32.6;5;SOLEIL VOILÉ;5;0;0
Sarreguemines;49.11;7.06;10/08/2026;16:00;30.7;5;SOLEIL VOILÉ;5;0;0
Sarreguemines;49.11;7.06;10/08/2026;17:00;29.4;6;AVERSES;4;0;0
Sarreguemines;49.11;7.06;10/08/2026;18:00;29.4;6;AVERSES;4;0;0
Sarreguemines;49.11;7.06;10/08/2026;19:00;29.4;6;AVERSES;4;0;0
Sarreguemines;49.11;7.06;10/08/2026;20:00;22.9;5;SOLEIL VOILÉ;5;0;0
Sarreguemines;49.11;7.06;10/08/2026;21:00;21.0;5;SOLEIL VOILÉ;5;0;0
Sarreguemines;49.11;7.06;10/08/2026;22:00;19.1;5;SOLEIL VOILÉ;5;0;0
Sarreguemines;49.11;7.06;10/08/2026;23:00;18.1;0;SOLEIL;3;0;0
Sarreguemines;49.11;7.06;11/08/2026;00:00;18.1;0;SOLEIL;3;0;0
Sarreguemines;49.11;7.06;11/08/2026;01:00;18.1;0;SOLEIL;3;0;0
Sarreguemines;49.11;7.06;11/08/2026;02:00;17.6;6;AVERSES;5;0;0
Sarreguemines;49.11;7.06;11/08/2026;03:00;17.6;6;AVERSES;5;0;0
Sarreguemines;49.11;7.06;11/08/2026;04:00;17.6;6;AVERSES;5;0;0
Sarreguemines;49.11;7.06;11/08/2026;05:00;18.4;0;SOLEIL;3;0;0
Sarreguemines;49.11;7.06;11/08/2026;06:00;18.4;0;SOLEIL;3;0;0
Sarreguemines;49.11;7.06;11/08/2026;07:00;18.4;0;SOLEIL;3;0;0
Sarreguemines;49.11;7.06;11/08/2026;08:00;20.9;6;AVERSES;5;0;0
Sarreguemines;49.11;7.06;11/08/2026;09:00;22.5;6;AVERSES;5;0;0
Sarreguemines;49.11;7.06;11/08/2026;10:00;24.2;6;AVERSES;5;0;0
Sarreguemines;49.11;7.06;11/08/2026;11:00;29.1;0;SOLEIL;2;0;0
Sarreguemines;49.11;7.06;11/08/2026;12:00;29.1;0;SOLEIL;2;0;0
Sarreguemines;49.11;7.06;11/08/2026;13:00;29.1;0;SOLEIL;2;0;0
Sarreguemines;49.11;7.06;11/08/2026;14:00;30.8;6;AVERSES;5;0;0
Sarreguemines;49.11;7.06;11/08/2026;15:00;32.4;6;AVERSES;5;0;0
Sarreguemines;49.11;7.06;11/08/2026;16:00;30.8;6;AVERSES;5;0;0
Sarreguemines;49.11;7.06;11/08/2026;17:00;28.7;0;SOLEIL;4;0;0
Sarreguemines;49.11;7.06;11/08/2026;18:00;28.7;0;SOLEIL;4;0;0
Sarreguemines;49.11;7.06;11/08/2026;19:00;28.7;0;SOLEIL;4;0;0
Sarreguemines;49.11;7.06;11/08/2026;20:00;24.2;6;AVERSES;5;0;0
Sarreguemines;49.11;7.06;11/08/2026;21:00;22.5;6;AVERSES;5;0;0
Sarreguemines;49.11;7.06;11/08/2026;22:00;20.9;6;AVERSES;5;0;0
Sarreguemines;49.11;7.06;11/08/2026;23:00;17.1;0;SOLEIL;4;0;0
Sarreguemines;49.11;7.06;12/08/2026;00:00;17.1;0;SOLEIL;4;0;0
Sarreguemines;49.11;7.06;12/08/2026;01:00;17.1;0;SOLEIL;4;0;0
Sarreguemines;49.11;7.06;12/08/2026;02:00;15.2;0;SOLEIL;5;0;0
Sarreguemines;49.11;7.06;12/08/2026;03:00;15.2;0;SOLEIL;5;0;0
Sarreguemines;49.11;7.06;12/08/2026;04:00;15.2;0;SOLEIL;5;0;0
Sarreguemines;49.11;7.06;12/08/2026;05:00;18.1;0;SOLEIL;4;0;0
Sarreguemines;49.11;7.06;12/08/2026;06:00;18.1;0;SOLEIL;4;0;0
Sarreguemines;49.11;7.06;12/08/2026;07:00;18.1;0;SOLEIL;4;0;0
Sarreguemines;49.11;7.06;12/08/2026;08:00;18.7;0;SOLEIL;5;0;0
Sarreguemines;49.11;7.06;12/08/2026;09:00;20.5;0;SOLEIL;5;0;0
Sarreguemines;49.11;7.06;12/08/2026;10:00;22.3;0;SOLEIL;5;0;0
Sarreguemines;49.11;7.06;12/08/2026;11:00;29.9;0;SOLEIL;4;0;0
Sarreguemines;49.11;7.06;12/08/2026;12:00;29.9;0;SOLEIL;4;0;0
Sarreguemines;49.11;7.06;12/08/2026;13:00;29.9;0;SOLEIL;4;0;0
Sarreguemines;49.11;7.06;12/08/2026;14:00;29.3;0;SOLEIL;5;0;0
Sarreguemines;49.11;7.06;12/08/2026;15:00;31.1;0;SOLEIL;5;0;0
Sarreguemines;49.11;7.06;12/08/2026;16:00;29.3;0;SOLEIL;5;0;0
Sarreguemines;49.11;7.06;12/08/2026;17:00;30.1;0;SOLEIL;3;0;0
Sarreguemines;49.11;7.06;12/08/2026;18:00;30.1;0;SOLEIL;3;0;0
Sarreguemines;49.11;7.06;12/08/2026;19:00;30.1;0;SOLEIL;3;0;0
Sarreguemines;49.11;7.06;12/08/2026;20:00;22.3;0;SOLEIL;5;0;0
Sarreguemines;49.11;7.06;12/08/2026;21:00;20.5;0;SOLEIL;5;0;0
Sarreguemines;49.11;7.06;12/08/2026;22:00;18.7;0;SOLEIL;5;0;0
Sarreguemines;49.11;7.06;12/08/2026;23:00;19.7;0;SOLEIL;3;0;0
Strasbourg;48.57;7.75;08/08/2026;00:00;16.9;0;SOLEIL;3;0;0
Strasbourg;48.57;7.75;08/08/2026;01:00;16.9;0;SOLEIL;3;0;0
Strasbourg;48.57;7.75;08/08/2026;02:00;15.2;0;SOLEIL;4;0;0
Strasbourg;48.57;7.75;08/08/2026;03:00;15.2;0;SOLEIL;4;0;0
Strasbourg;48.57;7.75;08/08/2026;04:00;15.2;0;SOLEIL;4;0;0
Strasbourg;48.57;7.75;08/08/2026;05:00;17.6;0;SOLEIL;3;0;0
Strasbourg;48.57;7.75;08/08/2026;06:00;17.6;0;SOLEIL;3;0;0
Strasbourg;48.57;7.75;08/08/2026;07:00;17.6;0;SOLEIL;3;0;0
Strasbourg;48.57;7.75;08/08/2026;08:00;24.9;0;SOLEIL;3;0;0
Strasbourg;48.57;7.75;08/08/2026;09:00;24.9;0;SOLEIL;3;0;0
Strasbourg;48.57;7.75;08/08/2026;10:00;24.9;0;SOLEIL;3;0;0
Strasbourg;48.57;7.75;08/08/2026;11:00;29.7;0;SOLEIL;3;0;0
Strasbourg;48.57;7.75;08/08/2026;12:00;29.7;0;SOLEIL;3;0;0
Strasbourg;48.57;7.75;08/08/2026;13:00;29.7;0;SOLEIL;3;0;0
Strasbourg;48.57;7.75;08/08/2026;14:00;31.6;0;SOLEIL;2;0;0
Strasbourg;48.57;7.75;08/08/2026;15:00;31.6;0;SOLEIL;2;0;0
Strasbourg;48.57;7.75;08/08/2026;16:00;31.6;0;SOLEIL;2;0;0
Strasbourg;48.57;7.75;08/08/2026;17:00;30.1;0;SOLEIL;2;0;0
Strasbourg;48.57;7.75;08/08/2026;18:00;30.1;0;SOLEIL;2;0;0
Strasbourg;48.57;7.75;08/08/2026;19:00;30.1;0;SOLEIL;2;0;0
Strasbourg;48.57;7.75;08/08/2026;20:00;22.7;0;SOLEIL;3;0;0
Strasbourg;48.57;7.75;08/08/2026;21:00;22.7;0;SOLEIL;3;0;0
Strasbourg;48.57;7.75;08/08/2026;22:00;22.7;0;SOLEIL;3;0;0
Strasbourg;48.57;7.75;08/08/2026;23:00;19.7;0;SOLEIL;3;0;0
Strasbourg;48.57;7.75;09/08/2026;00:00;19.7;0;SOLEIL;3;0;0
Strasbourg;48.57;7.75;09/08/2026;01:00;19.7;0;SOLEIL;3;0;0
Strasbourg;48.57;7.75;09/08/2026;02:00;17;0;SOLEIL;2;0;0
Strasbourg;48.57;7.75;09/08/2026;03:00;17;0;SOLEIL;2;0;0
Strasbourg;48.57;7.75;09/08/2026;04:00;17;0;SOLEIL;2;0;0
Strasbourg;48.57;7.75;09/08/2026;05:00;20.4;0;SOLEIL;2;0;0
Strasbourg;48.57;7.75;09/08/2026;06:00;20.4;0;SOLEIL;2;0;0
Strasbourg;48.57;7.75;09/08/2026;07:00;20.4;0;SOLEIL;2;0;0
Strasbourg;48.57;7.75;09/08/2026;08:00;28;5;SOLEIL VOILÉ;2;0;0
Strasbourg;48.57;7.75;09/08/2026;09:00;28;5;SOLEIL VOILÉ;2;0;0
Strasbourg;48.57;7.75;09/08/2026;10:00;28;5;SOLEIL VOILÉ;2;0;0
Strasbourg;48.57;7.75;09/08/2026;11:00;30.9;5;SOLEIL VOILÉ;3;0;0
Strasbourg;48.57;7.75;09/08/2026;12:00;30.9;5;SOLEIL VOILÉ;3;0;0
Strasbourg;48.57;7.75;09/08/2026;13:00;30.9;5;SOLEIL VOILÉ;3;0;0
Strasbourg;48.57;7.75;09/08/2026;14:00;32.6;5;SOLEIL VOILÉ;3;0;0
Strasbourg;48.57;7.75;09/08/2026;15:00;32.6;5;SOLEIL VOILÉ;3;0;0
Strasbourg;48.57;7.75;09/08/2026;16:00;32.6;5;SOLEIL VOILÉ;3;0;0
Strasbourg;48.57;7.75;09/08/2026;17:00;29.6;5;SOLEIL VOILÉ;3;0;0
Strasbourg;48.57;7.75;09/08/2026;18:00;29.6;5;SOLEIL VOILÉ;3;0;0
Strasbourg;48.57;7.75;09/08/2026;19:00;29.6;5;SOLEIL VOILÉ;3;0;0
Strasbourg;48.57;7.75;09/08/2026;20:00;22.7;0;SOLEIL;5;0;0
Strasbourg;48.57;7.75;09/08/2026;21:00;20.6;0;SOLEIL;5;0;0
Strasbourg;48.57;7.75;09/08/2026;22:00;18.6;0;SOLEIL;5;0;0
Strasbourg;48.57;7.75;09/08/2026;23:00;21.7;0;SOLEIL;2;0;0
Strasbourg;48.57;7.75;10/08/2026;00:00;21.7;0;SOLEIL;2;0;0
Strasbourg;48.57;7.75;10/08/2026;01:00;21.7;0;SOLEIL;2;0;0
Strasbourg;48.57;7.75;10/08/2026;02:00;16.6;5;SOLEIL VOILÉ;5;0;0
Strasbourg;48.57;7.75;10/08/2026;03:00;16.6;5;SOLEIL VOILÉ;5;0;0
Strasbourg;48.57;7.75;10/08/2026;04:00;16.6;5;SOLEIL VOILÉ;5;0;0
Strasbourg;48.57;7.75;10/08/2026;05:00;20.1;0;SOLEIL;2;0;0
Strasbourg;48.57;7.75;10/08/2026;06:00;20.1;0;SOLEIL;2;0;0
Strasbourg;48.57;7.75;10/08/2026;07:00;20.1;0;SOLEIL;2;0;0
Strasbourg;48.57;7.75;10/08/2026;08:00;20.3;5;SOLEIL VOILÉ;5;0;0
Strasbourg;48.57;7.75;10/08/2026;09:00;22.1;5;SOLEIL VOILÉ;5;0;0
Strasbourg;48.57;7.75;10/08/2026;10:00;24.0;5;SOLEIL VOILÉ;5;0;0
Strasbourg;48.57;7.75;10/08/2026;11:00;31.7;0;SOLEIL;4;0;0
Strasbourg;48.57;7.75;10/08/2026;12:00;31.7;0;SOLEIL;4;0;0
Strasbourg;48.57;7.75;10/08/2026;13:00;31.7;0;SOLEIL;4;0;0
Strasbourg;48.57;7.75;10/08/2026;14:00;31.4;5;SOLEIL VOILÉ;5;0;0
Strasbourg;48.57;7.75;10/08/2026;15:00;33.2;5;SOLEIL VOILÉ;5;0;0
Strasbourg;48.57;7.75;10/08/2026;16:00;31.4;5;SOLEIL VOILÉ;5;0;0
Strasbourg;48.57;7.75;10/08/2026;17:00;30.5;0;SOLEIL;4;11;0
Strasbourg;48.57;7.75;10/08/2026;18:00;30.5;0;SOLEIL;4;11;0
Strasbourg;48.57;7.75;10/08/2026;19:00;30.5;0;SOLEIL;4;11;0
Strasbourg;48.57;7.75;10/08/2026;20:00;24.0;5;SOLEIL VOILÉ;5;0;0
Strasbourg;48.57;7.75;10/08/2026;21:00;22.1;5;SOLEIL VOILÉ;5;0;0
Strasbourg;48.57;7.75;10/08/2026;22:00;20.3;5;SOLEIL VOILÉ;5;0;0
Strasbourg;48.57;7.75;10/08/2026;23:00;19.1;0;SOLEIL;3;0;0
Strasbourg;48.57;7.75;11/08/2026;00:00;19.1;0;SOLEIL;3;0;0
Strasbourg;48.57;7.75;11/08/2026;01:00;19.1;0;SOLEIL;3;0;0
Strasbourg;48.57;7.75;11/08/2026;02:00;16.9;0;SOLEIL;5;0;0
Strasbourg;48.57;7.75;11/08/2026;03:00;16.9;0;SOLEIL;5;0;0
Strasbourg;48.57;7.75;11/08/2026;04:00;16.9;0;SOLEIL;5;0;0
Strasbourg;48.57;7.75;11/08/2026;05:00;19.1;0;SOLEIL;3;0;0
Strasbourg;48.57;7.75;11/08/2026;06:00;19.1;0;SOLEIL;3;0;0
Strasbourg;48.57;7.75;11/08/2026;07:00;19.1;0;SOLEIL;3;0;0
Strasbourg;48.57;7.75;11/08/2026;08:00;20.6;0;SOLEIL;5;0;0
Strasbourg;48.57;7.75;11/08/2026;09:00;22.4;0;SOLEIL;5;0;0
Strasbourg;48.57;7.75;11/08/2026;10:00;24.3;0;SOLEIL;5;0;0
Strasbourg;48.57;7.75;11/08/2026;11:00;29.7;0;SOLEIL;2;0;0
Strasbourg;48.57;7.75;11/08/2026;12:00;29.7;0;SOLEIL;2;0;0
Strasbourg;48.57;7.75;11/08/2026;13:00;29.7;0;SOLEIL;2;0;0
Strasbourg;48.57;7.75;11/08/2026;14:00;31.7;0;SOLEIL;5;0;0
Strasbourg;48.57;7.75;11/08/2026;15:00;33.5;0;SOLEIL;5;0;0
Strasbourg;48.57;7.75;11/08/2026;16:00;31.7;0;SOLEIL;5;0;0
Strasbourg;48.57;7.75;11/08/2026;17:00;30;0;SOLEIL;4;0;0
Strasbourg;48.57;7.75;11/08/2026;18:00;30;0;SOLEIL;4;0;0
Strasbourg;48.57;7.75;11/08/2026;19:00;30;0;SOLEIL;4;0;0
Strasbourg;48.57;7.75;11/08/2026;20:00;24.3;0;SOLEIL;5;0;0
Strasbourg;48.57;7.75;11/08/2026;21:00;22.4;0;SOLEIL;5;0;0
Strasbourg;48.57;7.75;11/08/2026;22:00;20.6;0;SOLEIL;5;0;0
Strasbourg;48.57;7.75;11/08/2026;23:00;19;0;SOLEIL;4;0;0
Strasbourg;48.57;7.75;12/08/2026;00:00;19;0;SOLEIL;4;0;0
Strasbourg;48.57;7.75;12/08/2026;01:00;19;0;SOLEIL;4;0;0
Strasbourg;48.57;7.75;12/08/2026;02:00;16;0;SOLEIL;5;0;0
Strasbourg;48.57;7.75;12/08/2026;03:00;16;0;SOLEIL;5;0;0
Strasbourg;48.57;7.75;12/08/2026;04:00;16;0;SOLEIL;5;0;0
Strasbourg;48.57;7.75;12/08/2026;05:00;18.6;0;SOLEIL;3;0;0
Strasbourg;48.57;7.75;12/08/2026;06:00;18.6;0;SOLEIL;3;0;0
Strasbourg;48.57;7.75;12/08/2026;07:00;18.6;0;SOLEIL;3;0;0
Strasbourg;48.57;7.75;12/08/2026;08:00;19.7;0;SOLEIL;5;0;0
Strasbourg;48.57;7.75;12/08/2026;09:00;21.5;0;SOLEIL;5;0;0
Strasbourg;48.57;7.75;12/08/2026;10:00;23.3;0;SOLEIL;5;0;0
Strasbourg;48.57;7.75;12/08/2026;11:00;31.6;0;SOLEIL;3;0;0
Strasbourg;48.57;7.75;12/08/2026;12:00;31.6;0;SOLEIL;3;0;0
Strasbourg;48.57;7.75;12/08/2026;13:00;31.6;0;SOLEIL;3;0;0
Strasbourg;48.57;7.75;12/08/2026;14:00;30.7;0;SOLEIL;5;0;0
Strasbourg;48.57;7.75;12/08/2026;15:00;32.5;0;SOLEIL;5;0;0
Strasbourg;48.57;7.75;12/08/2026;16:00;30.7;0;SOLEIL;5;0;0
Strasbourg;48.57;7.75;12/08/2026;17:00;31.1;0;SOLEIL;3;0;0
Strasbourg;48.57;7.75;12/08/2026;18:00;31.1;0;SOLEIL;3;0;0
Strasbourg;48.57;7.75;12/08/2026;19:00;31.1;0;SOLEIL;3;0;0
Strasbourg;48.57;7.75;12/08/2026;20:00;23.3;0;SOLEIL;5;0;0
Strasbourg;48.57;7.75;12/08/2026;21:00;21.5;0;SOLEIL;5;0;0
Strasbourg;48.57;7.75;12/08/2026;22:00;19.7;0;SOLEIL;5;0;0
Strasbourg;48.57;7.75;12/08/2026;23:00;20.9;0;SOLEIL;3;0;0
Wissembourg;49.03;7.94;08/08/2026;00:00;20.4;0;SOLEIL;4;0;0
Wissembourg;49.03;7.94;08/08/2026;01:00;20.4;0;SOLEIL;4;0;0
Wissembourg;49.03;7.94;08/08/2026;02:00;18.2;0;SOLEIL;3;0;0
Wissembourg;49.03;7.94;08/08/2026;03:00;18.2;0;SOLEIL;3;0;0
Wissembourg;49.03;7.94;08/08/2026;04:00;18.2;0;SOLEIL;3;0;0
Wissembourg;49.03;7.94;08/08/2026;05:00;18.5;0;SOLEIL;3;0;0
Wissembourg;49.03;7.94;08/08/2026;06:00;18.5;0;SOLEIL;3;0;0
Wissembourg;49.03;7.94;08/08/2026;07:00;18.5;0;SOLEIL;3;0;0
Wissembourg;49.03;7.94;08/08/2026;08:00;25;0;SOLEIL;2;0;0
Wissembourg;49.03;7.94;08/08/2026;09:00;25;0;SOLEIL;2;0;0
Wissembourg;49.03;7.94;08/08/2026;10:00;25;0;SOLEIL;2;0;0
Wissembourg;49.03;7.94;08/08/2026;11:00;30.6;0;SOLEIL;3;0;0
Wissembourg;49.03;7.94;08/08/2026;12:00;30.6;0;SOLEIL;3;0;0
Wissembourg;49.03;7.94;08/08/2026;13:00;30.6;0;SOLEIL;3;0;0
Wissembourg;49.03;7.94;08/08/2026;14:00;32.1;0;SOLEIL;3;0;0
Wissembourg;49.03;7.94;08/08/2026;15:00;32.1;0;SOLEIL;3;0;0
Wissembourg;49.03;7.94;08/08/2026;16:00;32.1;0;SOLEIL;3;0;0
Wissembourg;49.03;7.94;08/08/2026;17:00;30.2;0;SOLEIL;3;0;0
Wissembourg;49.03;7.94;08/08/2026;18:00;30.2;0;SOLEIL;3;0;0
Wissembourg;49.03;7.94;08/08/2026;19:00;30.2;0;SOLEIL;3;0;0
Wissembourg;49.03;7.94;08/08/2026;20:00;25.5;0;SOLEIL;2;0;0
Wissembourg;49.03;7.94;08/08/2026;21:00;25.5;0;SOLEIL;2;0;0
Wissembourg;49.03;7.94;08/08/2026;22:00;25.5;0;SOLEIL;2;0;0
Wissembourg;49.03;7.94;08/08/2026;23:00;22.5;0;SOLEIL;3;0;0
Wissembourg;49.03;7.94;09/08/2026;00:00;22.5;0;SOLEIL;3;0;0
Wissembourg;49.03;7.94;09/08/2026;01:00;22.5;0;SOLEIL;3;0;0
Wissembourg;49.03;7.94;09/08/2026;02:00;20.6;0;SOLEIL;1;0;0
Wissembourg;49.03;7.94;09/08/2026;03:00;20.6;0;SOLEIL;1;0;0
Wissembourg;49.03;7.94;09/08/2026;04:00;20.6;0;SOLEIL;1;0;0
Wissembourg;49.03;7.94;09/08/2026;05:00;22.1;0;SOLEIL;1;0;0
Wissembourg;49.03;7.94;09/08/2026;06:00;22.1;0;SOLEIL;1;0;0
Wissembourg;49.03;7.94;09/08/2026;07:00;22.1;0;SOLEIL;1;0;0
Wissembourg;49.03;7.94;09/08/2026;08:00;29.1;5;SOLEIL VOILÉ;2;0;0
Wissembourg;49.03;7.94;09/08/2026;09:00;29.1;5;SOLEIL VOILÉ;2;0;0
Wissembourg;49.03;7.94;09/08/2026;10:00;29.1;5;SOLEIL VOILÉ;2;0;0
Wissembourg;49.03;7.94;09/08/2026;11:00;31;5;SOLEIL VOILÉ;0;0;0
Wissembourg;49.03;7.94;09/08/2026;12:00;31;5;SOLEIL VOILÉ;0;0;0
Wissembourg;49.03;7.94;09/08/2026;13:00;31;5;SOLEIL VOILÉ;0;0;0
Wissembourg;49.03;7.94;09/08/2026;14:00;32.2;0;SOLEIL;2;0;0
Wissembourg;49.03;7.94;09/08/2026;15:00;32.2;0;SOLEIL;2;0;0
Wissembourg;49.03;7.94;09/08/2026;16:00;32.2;0;SOLEIL;2;0;0
Wissembourg;49.03;7.94;09/08/2026;17:00;29.2;5;SOLEIL VOILÉ;2;0;0
Wissembourg;49.03;7.94;09/08/2026;18:00;29.2;5;SOLEIL VOILÉ;2;0;0
Wissembourg;49.03;7.94;09/08/2026;19:00;29.2;5;SOLEIL VOILÉ;2;0;0
Wissembourg;49.03;7.94;09/08/2026;20:00;24.2;0;SOLEIL;5;0;0
Wissembourg;49.03;7.94;09/08/2026;21:00;22.5;0;SOLEIL;5;0;0
Wissembourg;49.03;7.94;09/08/2026;22:00;20.9;0;SOLEIL;5;0;0
Wissembourg;49.03;7.94;09/08/2026;23:00;23.4;0;SOLEIL;2;0;0
Wissembourg;49.03;7.94;10/08/2026;00:00;23.4;0;SOLEIL;2;0;0
Wissembourg;49.03;7.94;10/08/2026;01:00;23.4;0;SOLEIL;2;0;0
Wissembourg;49.03;7.94;10/08/2026;02:00;20;2;NUAGEUX;5;0;0
Wissembourg;49.03;7.94;10/08/2026;03:00;20;2;NUAGEUX;5;0;0
Wissembourg;49.03;7.94;10/08/2026;04:00;20;2;NUAGEUX;5;0;0
Wissembourg;49.03;7.94;10/08/2026;05:00;23.2;0;SOLEIL;2;0;0
Wissembourg;49.03;7.94;10/08/2026;06:00;23.2;0;SOLEIL;2;0;0
Wissembourg;49.03;7.94;10/08/2026;07:00;23.2;0;SOLEIL;2;0;0
Wissembourg;49.03;7.94;10/08/2026;08:00;22.9;2;NUAGEUX;5;0;0
Wissembourg;49.03;7.94;10/08/2026;09:00;24.4;2;NUAGEUX;5;0;0
Wissembourg;49.03;7.94;10/08/2026;10:00;25.8;2;NUAGEUX;5;0;0
Wissembourg;49.03;7.94;10/08/2026;11:00;31.6;6;AVERSES;2;0;0
Wissembourg;49.03;7.94;10/08/2026;12:00;31.6;6;AVERSES;2;0;0
Wissembourg;49.03;7.94;10/08/2026;13:00;31.6;6;AVERSES;2;0;0
Wissembourg;49.03;7.94;10/08/2026;14:00;31.6;2;NUAGEUX;5;0;0
Wissembourg;49.03;7.94;10/08/2026;15:00;33.1;2;NUAGEUX;5;0;0
Wissembourg;49.03;7.94;10/08/2026;16:00;31.6;2;NUAGEUX;5;0;0
Wissembourg;49.03;7.94;10/08/2026;17:00;30.4;6;AVERSES;2;0;0
Wissembourg;49.03;7.94;10/08/2026;18:00;30.4;6;AVERSES;2;0;0
Wissembourg;49.03;7.94;10/08/2026;19:00;30.4;6;AVERSES;2;0;0
Wissembourg;49.03;7.94;10/08/2026;20:00;25.8;2;NUAGEUX;5;0;0
Wissembourg;49.03;7.94;10/08/2026;21:00;24.4;2;NUAGEUX;5;0;0
Wissembourg;49.03;7.94;10/08/2026;22:00;22.9;2;NUAGEUX;5;0;0
Wissembourg;49.03;7.94;10/08/2026;23:00;23.7;0;SOLEIL;0;0;0
Wissembourg;49.03;7.94;11/08/2026;00:00;23.7;0;SOLEIL;0;0;0
Wissembourg;49.03;7.94;11/08/2026;01:00;23.7;0;SOLEIL;0;0;0
Wissembourg;49.03;7.94;11/08/2026;02:00;21.9;0;SOLEIL;5;0;0
Wissembourg;49.03;7.94;11/08/2026;03:00;21.9;0;SOLEIL;5;0;0
Wissembourg;49.03;7.94;11/08/2026;04:00;21.9;0;SOLEIL;5;0;0
Wissembourg;49.03;7.94;11/08/2026;05:00;21.1;0;SOLEIL;3;0;0
Wissembourg;49.03;7.94;11/08/2026;06:00;21.1;0;SOLEIL;3;0;0
Wissembourg;49.03;7.94;11/08/2026;07:00;21.1;0;SOLEIL;3;0;0
Wissembourg;49.03;7.94;11/08/2026;08:00;24.4;0;SOLEIL;5;0;0
Wissembourg;49.03;7.94;11/08/2026;09:00;25.6;0;SOLEIL;5;0;0
Wissembourg;49.03;7.94;11/08/2026;10:00;26.9;0;SOLEIL;5;0;0
Wissembourg;49.03;7.94;11/08/2026;11:00;30.6;0;SOLEIL;3;0;0
Wissembourg;49.03;7.94;11/08/2026;12:00;30.6;0;SOLEIL;3;0;0
Wissembourg;49.03;7.94;11/08/2026;13:00;30.6;0;SOLEIL;3;0;0
Wissembourg;49.03;7.94;11/08/2026;14:00;31.9;0;SOLEIL;5;0;0
Wissembourg;49.03;7.94;11/08/2026;15:00;33.1;0;SOLEIL;5;0;0
Wissembourg;49.03;7.94;11/08/2026;16:00;31.9;0;SOLEIL;5;0;0
Wissembourg;49.03;7.94;11/08/2026;17:00;30.1;0;SOLEIL;4;0;0
Wissembourg;49.03;7.94;11/08/2026;18:00;30.1;0;SOLEIL;4;0;0
Wissembourg;49.03;7.94;11/08/2026;19:00;30.1;0;SOLEIL;4;0;0
Wissembourg;49.03;7.94;11/08/2026;20:00;26.9;0;SOLEIL;5;0;0
Wissembourg;49.03;7.94;11/08/2026;21:00;25.6;0;SOLEIL;5;0;0
Wissembourg;49.03;7.94;11/08/2026;22:00;24.4;0;SOLEIL;5;0;0
Wissembourg;49.03;7.94;11/08/2026;23:00;22.7;0;SOLEIL;2;0;0
Wissembourg;49.03;7.94;12/08/2026;00:00;22.7;0;SOLEIL;2;0;0
Wissembourg;49.03;7.94;12/08/2026;01:00;22.7;0;SOLEIL;2;0;0
Wissembourg;49.03;7.94;12/08/2026;02:00;20.1;0;SOLEIL;5;0;0
Wissembourg;49.03;7.94;12/08/2026;03:00;20.1;0;SOLEIL;5;0;0
Wissembourg;49.03;7.94;12/08/2026;04:00;20.1;0;SOLEIL;5;0;0
Wissembourg;49.03;7.94;12/08/2026;05:00;20.1;0;SOLEIL;2;0;0
Wissembourg;49.03;7.94;12/08/2026;06:00;20.1;0;SOLEIL;2;0;0
Wissembourg;49.03;7.94;12/08/2026;07:00;20.1;0;SOLEIL;2;0;0
Wissembourg;49.03;7.94;12/08/2026;08:00;22.8;0;SOLEIL;5;0;0
Wissembourg;49.03;7.94;12/08/2026;09:00;24.1;0;SOLEIL;5;0;0
Wissembourg;49.03;7.94;12/08/2026;10:00;25.4;0;SOLEIL;5;0;0
Wissembourg;49.03;7.94;12/08/2026;11:00;32.4;0;SOLEIL;2;0;0
Wissembourg;49.03;7.94;12/08/2026;12:00;32.4;0;SOLEIL;2;0;0
Wissembourg;49.03;7.94;12/08/2026;13:00;32.4;0;SOLEIL;2;0;0
Wissembourg;49.03;7.94;12/08/2026;14:00;30.8;0;SOLEIL;5;0;0
Wissembourg;49.03;7.94;12/08/2026;15:00;32.1;0;SOLEIL;5;0;0
Wissembourg;49.03;7.94;12/08/2026;16:00;30.8;0;SOLEIL;5;0;0
Wissembourg;49.03;7.94;12/08/2026;17:00;31.6;0;SOLEIL;3;0;0
Wissembourg;49.03;7.94;12/08/2026;18:00;31.6;0;SOLEIL;3;0;0
Wissembourg;49.03;7.94;12/08/2026;19:00;31.6;0;SOLEIL;3;0;0
Wissembourg;49.03;7.94;12/08/2026;20:00;25.4;0;SOLEIL;5;0;0
Wissembourg;49.03;7.94;12/08/2026;21:00;24.1;0;SOLEIL;5;0;0
Wissembourg;49.03;7.94;12/08/2026;22:00;22.8;0;SOLEIL;5;0;0
Wissembourg;49.03;7.94;12/08/2026;23:00;24.2;0;SOLEIL;1;0;0
Colmar;48.08;7.35;08/08/2026;00:00;16.4;0;SOLEIL;4;0;0
Colmar;48.08;7.35;08/08/2026;01:00;16.4;0;SOLEIL;4;0;0
Colmar;48.08;7.35;08/08/2026;02:00;14.6;0;SOLEIL;4;0;0
Colmar;48.08;7.35;08/08/2026;03:00;14.6;0;SOLEIL;4;0;0
Colmar;48.08;7.35;08/08/2026;04:00;14.6;0;SOLEIL;4;0;0
Colmar;48.08;7.35;08/08/2026;05:00;17.1;0;SOLEIL;4;0;0
Colmar;48.08;7.35;08/08/2026;06:00;17.1;0;SOLEIL;4;0;0
Colmar;48.08;7.35;08/08/2026;07:00;17.1;0;SOLEIL;4;0;0
Colmar;48.08;7.35;08/08/2026;08:00;24.1;0;SOLEIL;4;0;0
Colmar;48.08;7.35;08/08/2026;09:00;24.1;0;SOLEIL;4;0;0
Colmar;48.08;7.35;08/08/2026;10:00;24.1;0;SOLEIL;4;0;0
Colmar;48.08;7.35;08/08/2026;11:00;29.4;0;SOLEIL;3;0;0
Colmar;48.08;7.35;08/08/2026;12:00;29.4;0;SOLEIL;3;0;0
Colmar;48.08;7.35;08/08/2026;13:00;29.4;0;SOLEIL;3;0;0
Colmar;48.08;7.35;08/08/2026;14:00;31.1;0;SOLEIL;3;0;0
Colmar;48.08;7.35;08/08/2026;15:00;31.1;0;SOLEIL;3;0;0
Colmar;48.08;7.35;08/08/2026;16:00;31.1;0;SOLEIL;3;0;0
Colmar;48.08;7.35;08/08/2026;17:00;28.7;0;SOLEIL;3;0;0
Colmar;48.08;7.35;08/08/2026;18:00;28.7;0;SOLEIL;3;0;0
Colmar;48.08;7.35;08/08/2026;19:00;28.7;0;SOLEIL;3;0;0
Colmar;48.08;7.35;08/08/2026;20:00;22.5;0;SOLEIL;3;0;0
Colmar;48.08;7.35;08/08/2026;21:00;22.5;0;SOLEIL;3;0;0
Colmar;48.08;7.35;08/08/2026;22:00;22.5;0;SOLEIL;3;0;0
Colmar;48.08;7.35;08/08/2026;23:00;20.1;0;SOLEIL;3;0;0
Colmar;48.08;7.35;09/08/2026;00:00;20.1;0;SOLEIL;3;0;0
Colmar;48.08;7.35;09/08/2026;01:00;20.1;0;SOLEIL;3;0;0
Colmar;48.08;7.35;09/08/2026;02:00;16.9;0;SOLEIL;2;0;0
Colmar;48.08;7.35;09/08/2026;03:00;16.9;0;SOLEIL;2;0;0
Colmar;48.08;7.35;09/08/2026;04:00;16.9;0;SOLEIL;2;0;0
Colmar;48.08;7.35;09/08/2026;05:00;20.5;0;SOLEIL;2;0;0
Colmar;48.08;7.35;09/08/2026;06:00;20.5;0;SOLEIL;2;0;0
Colmar;48.08;7.35;09/08/2026;07:00;20.5;0;SOLEIL;2;0;0
Colmar;48.08;7.35;09/08/2026;08:00;29.7;5;SOLEIL VOILÉ;2;0;0
Colmar;48.08;7.35;09/08/2026;09:00;29.7;5;SOLEIL VOILÉ;2;0;0
Colmar;48.08;7.35;09/08/2026;10:00;29.7;5;SOLEIL VOILÉ;2;0;0
Colmar;48.08;7.35;09/08/2026;11:00;33.4;0;SOLEIL;3;0;0
Colmar;48.08;7.35;09/08/2026;12:00;33.4;0;SOLEIL;3;0;0
Colmar;48.08;7.35;09/08/2026;13:00;33.4;0;SOLEIL;3;0;0
Colmar;48.08;7.35;09/08/2026;14:00;32.9;0;SOLEIL;3;0;0
Colmar;48.08;7.35;09/08/2026;15:00;32.9;0;SOLEIL;3;0;0
Colmar;48.08;7.35;09/08/2026;16:00;32.9;0;SOLEIL;3;0;0
Colmar;48.08;7.35;09/08/2026;17:00;29.1;0;SOLEIL;2;0;0
Colmar;48.08;7.35;09/08/2026;18:00;29.1;0;SOLEIL;2;0;0
Colmar;48.08;7.35;09/08/2026;19:00;29.1;0;SOLEIL;2;0;0
Colmar;48.08;7.35;09/08/2026;20:00;22.2;0;SOLEIL;5;0;0
Colmar;48.08;7.35;09/08/2026;21:00;20.1;0;SOLEIL;5;0;0
Colmar;48.08;7.35;09/08/2026;22:00;18.0;0;SOLEIL;5;0;0
Colmar;48.08;7.35;09/08/2026;23:00;21.6;0;SOLEIL;3;0;0
Colmar;48.08;7.35;10/08/2026;00:00;21.6;0;SOLEIL;3;0;0
Colmar;48.08;7.35;10/08/2026;01:00;21.6;0;SOLEIL;3;0;0
Colmar;48.08;7.35;10/08/2026;02:00;16.5;0;SOLEIL;5;0;0
Colmar;48.08;7.35;10/08/2026;03:00;16.5;0;SOLEIL;5;0;0
Colmar;48.08;7.35;10/08/2026;04:00;16.5;0;SOLEIL;5;0;0
Colmar;48.08;7.35;10/08/2026;05:00;21.6;0;SOLEIL;3;0;0
Colmar;48.08;7.35;10/08/2026;06:00;21.6;0;SOLEIL;3;0;0
Colmar;48.08;7.35;10/08/2026;07:00;21.6;0;SOLEIL;3;0;0
Colmar;48.08;7.35;10/08/2026;08:00;20.5;0;SOLEIL;5;0;0
Colmar;48.08;7.35;10/08/2026;09:00;22.5;0;SOLEIL;5;0;0
Colmar;48.08;7.35;10/08/2026;10:00;24.5;0;SOLEIL;5;0;0
Colmar;48.08;7.35;10/08/2026;11:00;32.2;0;SOLEIL;4;0;0
Colmar;48.08;7.35;10/08/2026;12:00;32.2;0;SOLEIL;4;0;0
Colmar;48.08;7.35;10/08/2026;13:00;32.2;0;SOLEIL;4;0;0
Colmar;48.08;7.35;10/08/2026;14:00;32.4;0;SOLEIL;5;0;0
Colmar;48.08;7.35;10/08/2026;15:00;34.4;0;SOLEIL;5;0;0
Colmar;48.08;7.35;10/08/2026;16:00;32.4;0;SOLEIL;5;0;0
Colmar;48.08;7.35;10/08/2026;17:00;29.6;0;SOLEIL;3;0;0
Colmar;48.08;7.35;10/08/2026;18:00;29.6;0;SOLEIL;3;0;0
Colmar;48.08;7.35;10/08/2026;19:00;29.6;0;SOLEIL;3;0;0
Colmar;48.08;7.35;10/08/2026;20:00;24.5;0;SOLEIL;5;0;0
Colmar;48.08;7.35;10/08/2026;21:00;22.5;0;SOLEIL;5;0;0
Colmar;48.08;7.35;10/08/2026;22:00;20.5;0;SOLEIL;5;0;0
Colmar;48.08;7.35;10/08/2026;23:00;21.1;0;SOLEIL;3;0;0
Colmar;48.08;7.35;11/08/2026;00:00;21.1;0;SOLEIL;3;0;0
Colmar;48.08;7.35;11/08/2026;01:00;21.1;0;SOLEIL;3;0;0
Colmar;48.08;7.35;11/08/2026;02:00;19.1;0;SOLEIL;5;0;0
Colmar;48.08;7.35;11/08/2026;03:00;19.1;0;SOLEIL;5;0;0
Colmar;48.08;7.35;11/08/2026;04:00;19.1;0;SOLEIL;5;0;0
Colmar;48.08;7.35;11/08/2026;05:00;19.4;0;SOLEIL;4;0;0
Colmar;48.08;7.35;11/08/2026;06:00;19.4;0;SOLEIL;4;0;0
Colmar;48.08;7.35;11/08/2026;07:00;19.4;0;SOLEIL;4;0;0
Colmar;48.08;7.35;11/08/2026;08:00;22.5;0;SOLEIL;5;0;0
Colmar;48.08;7.35;11/08/2026;09:00;24.1;0;SOLEIL;5;0;0
Colmar;48.08;7.35;11/08/2026;10:00;25.8;0;SOLEIL;5;0;0
Colmar;48.08;7.35;11/08/2026;11:00;29.6;0;SOLEIL;3;0;0
Colmar;48.08;7.35;11/08/2026;12:00;29.6;0;SOLEIL;3;0;0
Colmar;48.08;7.35;11/08/2026;13:00;29.6;0;SOLEIL;3;0;0
Colmar;48.08;7.35;11/08/2026;14:00;32.5;0;SOLEIL;5;0;0
Colmar;48.08;7.35;11/08/2026;15:00;34.2;0;SOLEIL;5;0;0
Colmar;48.08;7.35;11/08/2026;16:00;32.5;0;SOLEIL;5;0;0
Colmar;48.08;7.35;11/08/2026;17:00;27.9;0;SOLEIL;4;0;0
Colmar;48.08;7.35;11/08/2026;18:00;27.9;0;SOLEIL;4;0;0
Colmar;48.08;7.35;11/08/2026;19:00;27.9;0;SOLEIL;4;0;0
Colmar;48.08;7.35;11/08/2026;20:00;25.8;0;SOLEIL;5;0;0
Colmar;48.08;7.35;11/08/2026;21:00;24.1;0;SOLEIL;5;0;0
Colmar;48.08;7.35;11/08/2026;22:00;22.5;0;SOLEIL;5;0;0
Colmar;48.08;7.35;11/08/2026;23:00;20.1;0;SOLEIL;4;0;0
Colmar;48.08;7.35;12/08/2026;00:00;20.1;0;SOLEIL;4;0;0
Colmar;48.08;7.35;12/08/2026;01:00;20.1;0;SOLEIL;4;0;0
Colmar;48.08;7.35;12/08/2026;02:00;18;0;SOLEIL;5;0;0
Colmar;48.08;7.35;12/08/2026;03:00;18;0;SOLEIL;5;0;0
Colmar;48.08;7.35;12/08/2026;04:00;18;0;SOLEIL;5;0;0
Colmar;48.08;7.35;12/08/2026;05:00;18.5;0;SOLEIL;4;0;0
Colmar;48.08;7.35;12/08/2026;06:00;18.5;0;SOLEIL;4;0;0
Colmar;48.08;7.35;12/08/2026;07:00;18.5;0;SOLEIL;4;0;0
Colmar;48.08;7.35;12/08/2026;08:00;21.0;0;SOLEIL;5;0;0
Colmar;48.08;7.35;12/08/2026;09:00;22.5;0;SOLEIL;5;0;0
Colmar;48.08;7.35;12/08/2026;10:00;24.0;0;SOLEIL;5;0;0
Colmar;48.08;7.35;12/08/2026;11:00;31.1;0;SOLEIL;4;0;0
Colmar;48.08;7.35;12/08/2026;12:00;31.1;0;SOLEIL;4;0;0
Colmar;48.08;7.35;12/08/2026;13:00;31.1;0;SOLEIL;4;0;0
Colmar;48.08;7.35;12/08/2026;14:00;30.1;0;SOLEIL;5;0;0
Colmar;48.08;7.35;12/08/2026;15:00;31.6;0;SOLEIL;5;0;0
Colmar;48.08;7.35;12/08/2026;16:00;30.1;0;SOLEIL;5;0;0
Colmar;48.08;7.35;12/08/2026;17:00;30;0;SOLEIL;3;0;0
Colmar;48.08;7.35;12/08/2026;18:00;30;0;SOLEIL;3;0;0
Colmar;48.08;7.35;12/08/2026;19:00;30;0;SOLEIL;3;0;0
Colmar;48.08;7.35;12/08/2026;20:00;24.0;0;SOLEIL;5;0;0
Colmar;48.08;7.35;12/08/2026;21:00;22.5;0;SOLEIL;5;0;0
Colmar;48.08;7.35;12/08/2026;22:00;21.0;0;SOLEIL;5;0;0
Colmar;48.08;7.35;12/08/2026;23:00;23.1;0;SOLEIL;3;0;0
Mulhouse;47.75;7.33;08/08/2026;00:00;20.1;0;SOLEIL;4;0;0
Mulhouse;47.75;7.33;08/08/2026;01:00;20.1;0;SOLEIL;4;0;0
Mulhouse;47.75;7.33;08/08/2026;02:00;18.4;0;SOLEIL;5;0;0
Mulhouse;47.75;7.33;08/08/2026;03:00;18.4;0;SOLEIL;5;0;0
Mulhouse;47.75;7.33;08/08/2026;04:00;18.4;0;SOLEIL;5;0;0
Mulhouse;47.75;7.33;08/08/2026;05:00;20.1;0;SOLEIL;3;0;0
Mulhouse;47.75;7.33;08/08/2026;06:00;20.1;0;SOLEIL;3;0;0
Mulhouse;47.75;7.33;08/08/2026;07:00;20.1;0;SOLEIL;3;0;0
Mulhouse;47.75;7.33;08/08/2026;08:00;24.6;0;SOLEIL;2;0;0
Mulhouse;47.75;7.33;08/08/2026;09:00;24.6;0;SOLEIL;2;0;0
Mulhouse;47.75;7.33;08/08/2026;10:00;24.6;0;SOLEIL;2;0;0
Mulhouse;47.75;7.33;08/08/2026;11:00;29.6;0;SOLEIL;3;0;0
Mulhouse;47.75;7.33;08/08/2026;12:00;29.6;0;SOLEIL;3;0;0
Mulhouse;47.75;7.33;08/08/2026;13:00;29.6;0;SOLEIL;3;0;0
Mulhouse;47.75;7.33;08/08/2026;14:00;31.6;0;SOLEIL;2;0;0
Mulhouse;47.75;7.33;08/08/2026;15:00;31.6;0;SOLEIL;2;0;0
Mulhouse;47.75;7.33;08/08/2026;16:00;31.6;0;SOLEIL;2;0;0
Mulhouse;47.75;7.33;08/08/2026;17:00;30.6;0;SOLEIL;3;0;0
Mulhouse;47.75;7.33;08/08/2026;18:00;30.6;0;SOLEIL;3;0;0
Mulhouse;47.75;7.33;08/08/2026;19:00;30.6;0;SOLEIL;3;0;0
Mulhouse;47.75;7.33;08/08/2026;20:00;24.7;0;SOLEIL;1;0;0
Mulhouse;47.75;7.33;08/08/2026;21:00;24.7;0;SOLEIL;1;0;0
Mulhouse;47.75;7.33;08/08/2026;22:00;24.7;0;SOLEIL;1;0;0
Mulhouse;47.75;7.33;08/08/2026;23:00;21.6;0;SOLEIL;1;0;0
Mulhouse;47.75;7.33;09/08/2026;00:00;21.6;0;SOLEIL;1;0;0
Mulhouse;47.75;7.33;09/08/2026;01:00;21.6;0;SOLEIL;1;0;0
Mulhouse;47.75;7.33;09/08/2026;02:00;19;0;SOLEIL;1;0;0
Mulhouse;47.75;7.33;09/08/2026;03:00;19;0;SOLEIL;1;0;0
Mulhouse;47.75;7.33;09/08/2026;04:00;19;0;SOLEIL;1;0;0
Mulhouse;47.75;7.33;09/08/2026;05:00;22.1;0;SOLEIL;1;0;0
Mulhouse;47.75;7.33;09/08/2026;06:00;22.1;0;SOLEIL;1;0;0
Mulhouse;47.75;7.33;09/08/2026;07:00;22.1;0;SOLEIL;1;0;0
Mulhouse;47.75;7.33;09/08/2026;08:00;28.4;0;SOLEIL;2;0;0
Mulhouse;47.75;7.33;09/08/2026;09:00;28.4;0;SOLEIL;2;0;0
Mulhouse;47.75;7.33;09/08/2026;10:00;28.4;0;SOLEIL;2;0;0
Mulhouse;47.75;7.33;09/08/2026;11:00;29;0;SOLEIL;2;0;0
Mulhouse;47.75;7.33;09/08/2026;12:00;29;0;SOLEIL;2;0;0
Mulhouse;47.75;7.33;09/08/2026;13:00;29;0;SOLEIL;2;0;0
Mulhouse;47.75;7.33;09/08/2026;14:00;32.1;0;SOLEIL;3;0;0
Mulhouse;47.75;7.33;09/08/2026;15:00;32.1;0;SOLEIL;3;0;0
Mulhouse;47.75;7.33;09/08/2026;16:00;32.1;0;SOLEIL;3;0;0
Mulhouse;47.75;7.33;09/08/2026;17:00;29.1;5;SOLEIL VOILÉ;2;0;0
Mulhouse;47.75;7.33;09/08/2026;18:00;29.1;5;SOLEIL VOILÉ;2;0;0
Mulhouse;47.75;7.33;09/08/2026;19:00;29.1;5;SOLEIL VOILÉ;2;0;0
Mulhouse;47.75;7.33;09/08/2026;20:00;23.7;0;SOLEIL;5;0;0
Mulhouse;47.75;7.33;09/08/2026;21:00;22.0;0;SOLEIL;5;0;0
Mulhouse;47.75;7.33;09/08/2026;22:00;20.2;0;SOLEIL;5;0;0
Mulhouse;47.75;7.33;09/08/2026;23:00;23.1;0;SOLEIL;2;0;0
Mulhouse;47.75;7.33;10/08/2026;00:00;23.1;0;SOLEIL;2;0;0
Mulhouse;47.75;7.33;10/08/2026;01:00;23.1;0;SOLEIL;2;0;0
Mulhouse;47.75;7.33;10/08/2026;02:00;18.5;0;SOLEIL;5;0;0
Mulhouse;47.75;7.33;10/08/2026;03:00;18.5;0;SOLEIL;5;0;0
Mulhouse;47.75;7.33;10/08/2026;04:00;18.5;0;SOLEIL;5;0;0
Mulhouse;47.75;7.33;10/08/2026;05:00;22.5;0;SOLEIL;1;0;0
Mulhouse;47.75;7.33;10/08/2026;06:00;22.5;0;SOLEIL;1;0;0
Mulhouse;47.75;7.33;10/08/2026;07:00;22.5;0;SOLEIL;1;0;0
Mulhouse;47.75;7.33;10/08/2026;08:00;21.7;0;SOLEIL;5;0;0
Mulhouse;47.75;7.33;10/08/2026;09:00;23.2;0;SOLEIL;5;0;0
Mulhouse;47.75;7.33;10/08/2026;10:00;24.8;0;SOLEIL;5;0;0
Mulhouse;47.75;7.33;10/08/2026;11:00;31.2;6;AVERSES;2;0;0
Mulhouse;47.75;7.33;10/08/2026;12:00;31.2;6;AVERSES;2;0;0
Mulhouse;47.75;7.33;10/08/2026;13:00;31.2;6;AVERSES;2;0;0
Mulhouse;47.75;7.33;10/08/2026;14:00;31.1;0;SOLEIL;5;0;0
Mulhouse;47.75;7.33;10/08/2026;15:00;32.7;0;SOLEIL;5;0;0
Mulhouse;47.75;7.33;10/08/2026;16:00;31.1;0;SOLEIL;5;0;0
Mulhouse;47.75;7.33;10/08/2026;17:00;29.6;6;AVERSES;2;0;0
Mulhouse;47.75;7.33;10/08/2026;18:00;29.6;6;AVERSES;2;0;0
Mulhouse;47.75;7.33;10/08/2026;19:00;29.6;6;AVERSES;2;0;0
Mulhouse;47.75;7.33;10/08/2026;20:00;24.8;0;SOLEIL;5;0;0
Mulhouse;47.75;7.33;10/08/2026;21:00;23.2;0;SOLEIL;5;0;0
Mulhouse;47.75;7.33;10/08/2026;22:00;21.7;0;SOLEIL;5;0;0
Mulhouse;47.75;7.33;10/08/2026;23:00;22.4;6;AVERSES;1;0;0
Mulhouse;47.75;7.33;11/08/2026;00:00;22.4;6;AVERSES;1;0;0
Mulhouse;47.75;7.33;11/08/2026;01:00;22.4;6;AVERSES;1;0;0
Mulhouse;47.75;7.33;11/08/2026;02:00;19.7;6;AVERSES;5;0;0
Mulhouse;47.75;7.33;11/08/2026;03:00;19.7;6;AVERSES;5;0;0
Mulhouse;47.75;7.33;11/08/2026;04:00;19.7;6;AVERSES;5;0;0
Mulhouse;47.75;7.33;11/08/2026;05:00;21.9;0;SOLEIL;2;0;0
Mulhouse;47.75;7.33;11/08/2026;06:00;21.9;0;SOLEIL;2;0;0
Mulhouse;47.75;7.33;11/08/2026;07:00;21.9;0;SOLEIL;2;0;0
Mulhouse;47.75;7.33;11/08/2026;08:00;22.6;6;AVERSES;5;0;0
Mulhouse;47.75;7.33;11/08/2026;09:00;24.0;6;AVERSES;5;0;0
Mulhouse;47.75;7.33;11/08/2026;10:00;25.4;6;AVERSES;5;0;0
Mulhouse;47.75;7.33;11/08/2026;11:00;29.7;0;SOLEIL;2;0;0
Mulhouse;47.75;7.33;11/08/2026;12:00;29.7;0;SOLEIL;2;0;0
Mulhouse;47.75;7.33;11/08/2026;13:00;29.7;0;SOLEIL;2;0;0
Mulhouse;47.75;7.33;11/08/2026;14:00;31.2;6;AVERSES;5;0;0
Mulhouse;47.75;7.33;11/08/2026;15:00;32.6;6;AVERSES;5;0;0
Mulhouse;47.75;7.33;11/08/2026;16:00;31.2;6;AVERSES;5;0;0
Mulhouse;47.75;7.33;11/08/2026;17:00;29.7;0;SOLEIL;2;0;0
Mulhouse;47.75;7.33;11/08/2026;18:00;29.7;0;SOLEIL;2;0;0
Mulhouse;47.75;7.33;11/08/2026;19:00;29.7;0;SOLEIL;2;0;0
Mulhouse;47.75;7.33;11/08/2026;20:00;25.4;6;AVERSES;5;0;0
Mulhouse;47.75;7.33;11/08/2026;21:00;24.0;6;AVERSES;5;0;0
Mulhouse;47.75;7.33;11/08/2026;22:00;22.6;6;AVERSES;5;0;0
Mulhouse;47.75;7.33;11/08/2026;23:00;22;0;SOLEIL;2;0;0
Mulhouse;47.75;7.33;12/08/2026;00:00;22;0;SOLEIL;2;0;0
Mulhouse;47.75;7.33;12/08/2026;01:00;22;0;SOLEIL;2;0;0
Mulhouse;47.75;7.33;12/08/2026;02:00;19.6;0;SOLEIL;5;0;0
Mulhouse;47.75;7.33;12/08/2026;03:00;19.6;0;SOLEIL;5;0;0
Mulhouse;47.75;7.33;12/08/2026;04:00;19.6;0;SOLEIL;5;0;0
Mulhouse;47.75;7.33;12/08/2026;05:00;21.4;0;SOLEIL;1;0;0
Mulhouse;47.75;7.33;12/08/2026;06:00;21.4;0;SOLEIL;1;0;0
Mulhouse;47.75;7.33;12/08/2026;07:00;21.4;0;SOLEIL;1;0;0
Mulhouse;47.75;7.33;12/08/2026;08:00;22.4;0;SOLEIL;5;0;0
Mulhouse;47.75;7.33;12/08/2026;09:00;23.8;0;SOLEIL;5;0;0
Mulhouse;47.75;7.33;12/08/2026;10:00;25.2;0;SOLEIL;5;0;0
Mulhouse;47.75;7.33;12/08/2026;11:00;30.4;0;SOLEIL;2;0;0
Mulhouse;47.75;7.33;12/08/2026;12:00;30.4;0;SOLEIL;2;0;0
Mulhouse;47.75;7.33;12/08/2026;13:00;30.4;0;SOLEIL;2;0;0
Mulhouse;47.75;7.33;12/08/2026;14:00;30.7;0;SOLEIL;5;0;0
Mulhouse;47.75;7.33;12/08/2026;15:00;32.1;0;SOLEIL;5;0;0
Mulhouse;47.75;7.33;12/08/2026;16:00;30.7;0;SOLEIL;5;0;0
Mulhouse;47.75;7.33;12/08/2026;17:00;31.1;0;SOLEIL;1;0;0
Mulhouse;47.75;7.33;12/08/2026;18:00;31.1;0;SOLEIL;1;0;0
Mulhouse;47.75;7.33;12/08/2026;19:00;31.1;0;SOLEIL;1;0;0
Mulhouse;47.75;7.33;12/08/2026;20:00;25.2;0;SOLEIL;5;0;0
Mulhouse;47.75;7.33;12/08/2026;21:00;23.8;0;SOLEIL;5;0;0
Mulhouse;47.75;7.33;12/08/2026;22:00;22.4;0;SOLEIL;5;0;0
Mulhouse;47.75;7.33;12/08/2026;23:00;23.6;0;SOLEIL;1;0;0
Épinal;48.17;6.45;08/08/2026;00:00;19.5;0;SOLEIL;4;0;0
Épinal;48.17;6.45;08/08/2026;01:00;19.5;0;SOLEIL;4;0;0
Épinal;48.17;6.45;08/08/2026;02:00;17;0;SOLEIL;4;0;0
Épinal;48.17;6.45;08/08/2026;03:00;17;0;SOLEIL;4;0;0
Épinal;48.17;6.45;08/08/2026;04:00;17;0;SOLEIL;4;0;0
Épinal;48.17;6.45;08/08/2026;05:00;18.9;0;SOLEIL;3;0;0
Épinal;48.17;6.45;08/08/2026;06:00;18.9;0;SOLEIL;3;0;0
Épinal;48.17;6.45;08/08/2026;07:00;18.9;0;SOLEIL;3;0;0
Épinal;48.17;6.45;08/08/2026;08:00;24.6;0;SOLEIL;3;0;0
Épinal;48.17;6.45;08/08/2026;09:00;24.6;0;SOLEIL;3;0;0
Épinal;48.17;6.45;08/08/2026;10:00;24.6;0;SOLEIL;3;0;0
Épinal;48.17;6.45;08/08/2026;11:00;30.1;0;SOLEIL;3;0;0
Épinal;48.17;6.45;08/08/2026;12:00;30.1;0;SOLEIL;3;0;0
Épinal;48.17;6.45;08/08/2026;13:00;30.1;0;SOLEIL;3;0;0
Épinal;48.17;6.45;08/08/2026;14:00;33.2;0;SOLEIL;2;0;0
Épinal;48.17;6.45;08/08/2026;15:00;33.2;0;SOLEIL;2;0;0
Épinal;48.17;6.45;08/08/2026;16:00;33.2;0;SOLEIL;2;0;0
Épinal;48.17;6.45;08/08/2026;17:00;31.6;0;SOLEIL;2;0;0
Épinal;48.17;6.45;08/08/2026;18:00;31.6;0;SOLEIL;2;0;0
Épinal;48.17;6.45;08/08/2026;19:00;31.6;0;SOLEIL;2;0;0
Épinal;48.17;6.45;08/08/2026;20:00;24.1;0;SOLEIL;2;0;0
Épinal;48.17;6.45;08/08/2026;21:00;24.1;0;SOLEIL;2;0;0
Épinal;48.17;6.45;08/08/2026;22:00;24.1;0;SOLEIL;2;0;0
Épinal;48.17;6.45;08/08/2026;23:00;20.5;0;SOLEIL;1;0;0
Épinal;48.17;6.45;09/08/2026;00:00;20.5;0;SOLEIL;1;0;0
Épinal;48.17;6.45;09/08/2026;01:00;20.5;0;SOLEIL;1;0;0
Épinal;48.17;6.45;09/08/2026;02:00;18.1;0;SOLEIL;1;0;0
Épinal;48.17;6.45;09/08/2026;03:00;18.1;0;SOLEIL;1;0;0
Épinal;48.17;6.45;09/08/2026;04:00;18.1;0;SOLEIL;1;0;0
Épinal;48.17;6.45;09/08/2026;05:00;22.1;0;SOLEIL;1;0;0
Épinal;48.17;6.45;09/08/2026;06:00;22.1;0;SOLEIL;1;0;0
Épinal;48.17;6.45;09/08/2026;07:00;22.1;0;SOLEIL;1;0;0
Épinal;48.17;6.45;09/08/2026;08:00;27.9;0;SOLEIL;1;0;0
Épinal;48.17;6.45;09/08/2026;09:00;27.9;0;SOLEIL;1;0;0
Épinal;48.17;6.45;09/08/2026;10:00;27.9;0;SOLEIL;1;0;0
Épinal;48.17;6.45;09/08/2026;11:00;32.1;0;SOLEIL;3;0;0
Épinal;48.17;6.45;09/08/2026;12:00;32.1;0;SOLEIL;3;0;0
Épinal;48.17;6.45;09/08/2026;13:00;32.1;0;SOLEIL;3;0;0
Épinal;48.17;6.45;09/08/2026;14:00;32.5;0;SOLEIL;4;0;0
Épinal;48.17;6.45;09/08/2026;15:00;32.5;0;SOLEIL;4;0;0
Épinal;48.17;6.45;09/08/2026;16:00;32.5;0;SOLEIL;4;0;0
Épinal;48.17;6.45;09/08/2026;17:00;30.1;0;SOLEIL;3;0;0
Épinal;48.17;6.45;09/08/2026;18:00;30.1;0;SOLEIL;3;0;0
Épinal;48.17;6.45;09/08/2026;19:00;30.1;0;SOLEIL;3;0;0
Épinal;48.17;6.45;09/08/2026;20:00;24.0;0;SOLEIL;5;0;0
Épinal;48.17;6.45;09/08/2026;21:00;22.0;0;SOLEIL;5;0;0
Épinal;48.17;6.45;09/08/2026;22:00;20.0;0;SOLEIL;5;0;0
Épinal;48.17;6.45;09/08/2026;23:00;22.5;0;SOLEIL;2;0;0
Épinal;48.17;6.45;10/08/2026;00:00;22.5;0;SOLEIL;2;0;0
Épinal;48.17;6.45;10/08/2026;01:00;22.5;0;SOLEIL;2;0;0
Épinal;48.17;6.45;10/08/2026;02:00;17.6;0;SOLEIL;5;0;0
Épinal;48.17;6.45;10/08/2026;03:00;17.6;0;SOLEIL;5;0;0
Épinal;48.17;6.45;10/08/2026;04:00;17.6;0;SOLEIL;5;0;0
Épinal;48.17;6.45;10/08/2026;05:00;22.6;0;SOLEIL;2;0;0
Épinal;48.17;6.45;10/08/2026;06:00;22.6;0;SOLEIL;2;0;0
Épinal;48.17;6.45;10/08/2026;07:00;22.6;0;SOLEIL;2;0;0
Épinal;48.17;6.45;10/08/2026;08:00;21.2;0;SOLEIL;5;0;0
Épinal;48.17;6.45;10/08/2026;09:00;23.1;0;SOLEIL;5;0;0
Épinal;48.17;6.45;10/08/2026;10:00;24.9;0;SOLEIL;5;0;0
Épinal;48.17;6.45;10/08/2026;11:00;32.4;0;SOLEIL;3;0;0
Épinal;48.17;6.45;10/08/2026;12:00;32.4;0;SOLEIL;3;0;0
Épinal;48.17;6.45;10/08/2026;13:00;32.4;0;SOLEIL;3;0;0
Épinal;48.17;6.45;10/08/2026;14:00;32.2;0;SOLEIL;5;0;0
Épinal;48.17;6.45;10/08/2026;15:00;34.0;0;SOLEIL;5;0;0
Épinal;48.17;6.45;10/08/2026;16:00;32.2;0;SOLEIL;5;0;0
Épinal;48.17;6.45;10/08/2026;17:00;30.2;6;AVERSES;2;0;0
Épinal;48.17;6.45;10/08/2026;18:00;30.2;6;AVERSES;2;0;0
Épinal;48.17;6.45;10/08/2026;19:00;30.2;6;AVERSES;2;0;0
Épinal;48.17;6.45;10/08/2026;20:00;24.9;0;SOLEIL;5;0;0
Épinal;48.17;6.45;10/08/2026;21:00;23.1;0;SOLEIL;5;0;0
Épinal;48.17;6.45;10/08/2026;22:00;21.2;0;SOLEIL;5;0;0
Épinal;48.17;6.45;10/08/2026;23:00;21.1;0;SOLEIL;2;0;0
Épinal;48.17;6.45;11/08/2026;00:00;21.1;0;SOLEIL;2;0;0
Épinal;48.17;6.45;11/08/2026;01:00;21.1;0;SOLEIL;2;0;0
Épinal;48.17;6.45;11/08/2026;02:00;20.6;0;SOLEIL;5;0;0
Épinal;48.17;6.45;11/08/2026;03:00;20.6;0;SOLEIL;5;0;0
Épinal;48.17;6.45;11/08/2026;04:00;20.6;0;SOLEIL;5;0;0
Épinal;48.17;6.45;11/08/2026;05:00;21.7;0;SOLEIL;3;0;0
Épinal;48.17;6.45;11/08/2026;06:00;21.7;0;SOLEIL;3;0;0
Épinal;48.17;6.45;11/08/2026;07:00;21.7;0;SOLEIL;3;0;0
Épinal;48.17;6.45;11/08/2026;08:00;23.6;0;SOLEIL;5;0;0
Épinal;48.17;6.45;11/08/2026;09:00;25.0;0;SOLEIL;5;0;0
Épinal;48.17;6.45;11/08/2026;10:00;26.5;0;SOLEIL;5;0;0
Épinal;48.17;6.45;11/08/2026;11:00;31.1;0;SOLEIL;3;0;0
Épinal;48.17;6.45;11/08/2026;12:00;31.1;0;SOLEIL;3;0;0
Épinal;48.17;6.45;11/08/2026;13:00;31.1;0;SOLEIL;3;0;0
Épinal;48.17;6.45;11/08/2026;14:00;32.4;0;SOLEIL;5;0;0
Épinal;48.17;6.45;11/08/2026;15:00;33.9;0;SOLEIL;5;0;0
Épinal;48.17;6.45;11/08/2026;16:00;32.4;0;SOLEIL;5;0;0
Épinal;48.17;6.45;11/08/2026;17:00;30.4;0;SOLEIL;4;0;0
Épinal;48.17;6.45;11/08/2026;18:00;30.4;0;SOLEIL;4;0;0
Épinal;48.17;6.45;11/08/2026;19:00;30.4;0;SOLEIL;4;0;0
Épinal;48.17;6.45;11/08/2026;20:00;26.5;0;SOLEIL;5;0;0
Épinal;48.17;6.45;11/08/2026;21:00;25.0;0;SOLEIL;5;0;0
Épinal;48.17;6.45;11/08/2026;22:00;23.6;0;SOLEIL;5;0;0
Épinal;48.17;6.45;11/08/2026;23:00;22.2;0;SOLEIL;3;0;0
Épinal;48.17;6.45;12/08/2026;00:00;22.2;0;SOLEIL;3;0;0
Épinal;48.17;6.45;12/08/2026;01:00;22.2;0;SOLEIL;3;0;0
Épinal;48.17;6.45;12/08/2026;02:00;19.5;0;SOLEIL;5;0;0
Épinal;48.17;6.45;12/08/2026;03:00;19.5;0;SOLEIL;5;0;0
Épinal;48.17;6.45;12/08/2026;04:00;19.5;0;SOLEIL;5;0;0
Épinal;48.17;6.45;12/08/2026;05:00;20.9;0;SOLEIL;2;0;0
Épinal;48.17;6.45;12/08/2026;06:00;20.9;0;SOLEIL;2;0;0
Épinal;48.17;6.45;12/08/2026;07:00;20.9;0;SOLEIL;2;0;0
Épinal;48.17;6.45;12/08/2026;08:00;22.4;0;SOLEIL;5;0;0
Épinal;48.17;6.45;12/08/2026;09:00;23.9;0;SOLEIL;5;0;0
Épinal;48.17;6.45;12/08/2026;10:00;25.3;0;SOLEIL;5;0;0
Épinal;48.17;6.45;12/08/2026;11:00;31.1;0;SOLEIL;2;0;0
Épinal;48.17;6.45;12/08/2026;12:00;31.1;0;SOLEIL;2;0;0
Épinal;48.17;6.45;12/08/2026;13:00;31.1;0;SOLEIL;2;0;0
Épinal;48.17;6.45;12/08/2026;14:00;31.1;0;SOLEIL;5;0;0
Épinal;48.17;6.45;12/08/2026;15:00;32.6;0;SOLEIL;5;0;0
Épinal;48.17;6.45;12/08/2026;16:00;31.1;0;SOLEIL;5;0;0
Épinal;48.17;6.45;12/08/2026;17:00;31.6;0;SOLEIL;3;0;0
Épinal;48.17;6.45;12/08/2026;18:00;31.6;0;SOLEIL;3;0;0
Épinal;48.17;6.45;12/08/2026;19:00;31.6;0;SOLEIL;3;0;0
Épinal;48.17;6.45;12/08/2026;20:00;25.3;0;SOLEIL;5;0;0
Épinal;48.17;6.45;12/08/2026;21:00;23.9;0;SOLEIL;5;0;0
Épinal;48.17;6.45;12/08/2026;22:00;22.4;0;SOLEIL;5;0;0
Épinal;48.17;6.45;12/08/2026;23:00;23.1;0;SOLEIL;2;0;0
Neufchâteau;48.35;5.69;08/08/2026;00:00;15.2;0;SOLEIL;2;0;0
Neufchâteau;48.35;5.69;08/08/2026;01:00;15.2;0;SOLEIL;2;0;0
Neufchâteau;48.35;5.69;08/08/2026;02:00;13;0;SOLEIL;3;0;0
Neufchâteau;48.35;5.69;08/08/2026;03:00;13;0;SOLEIL;3;0;0
Neufchâteau;48.35;5.69;08/08/2026;04:00;13;0;SOLEIL;3;0;0
Neufchâteau;48.35;5.69;08/08/2026;05:00;15.7;0;SOLEIL;2;0;0
Neufchâteau;48.35;5.69;08/08/2026;06:00;15.7;0;SOLEIL;2;0;0
Neufchâteau;48.35;5.69;08/08/2026;07:00;15.7;0;SOLEIL;2;0;0
Neufchâteau;48.35;5.69;08/08/2026;08:00;24.9;0;SOLEIL;2;0;0
Neufchâteau;48.35;5.69;08/08/2026;09:00;24.9;0;SOLEIL;2;0;0
Neufchâteau;48.35;5.69;08/08/2026;10:00;24.9;0;SOLEIL;2;0;0
Neufchâteau;48.35;5.69;08/08/2026;11:00;29.5;0;SOLEIL;2;0;0
Neufchâteau;48.35;5.69;08/08/2026;12:00;29.5;0;SOLEIL;2;0;0
Neufchâteau;48.35;5.69;08/08/2026;13:00;29.5;0;SOLEIL;2;0;0
Neufchâteau;48.35;5.69;08/08/2026;14:00;31.9;0;SOLEIL;2;0;0
Neufchâteau;48.35;5.69;08/08/2026;15:00;31.9;0;SOLEIL;2;0;0
Neufchâteau;48.35;5.69;08/08/2026;16:00;31.9;0;SOLEIL;2;0;0
Neufchâteau;48.35;5.69;08/08/2026;17:00;30.1;0;SOLEIL;1;0;0
Neufchâteau;48.35;5.69;08/08/2026;18:00;30.1;0;SOLEIL;1;0;0
Neufchâteau;48.35;5.69;08/08/2026;19:00;30.1;0;SOLEIL;1;0;0
Neufchâteau;48.35;5.69;08/08/2026;20:00;22.5;0;SOLEIL;2;0;0
Neufchâteau;48.35;5.69;08/08/2026;21:00;22.5;0;SOLEIL;2;0;0
Neufchâteau;48.35;5.69;08/08/2026;22:00;22.5;0;SOLEIL;2;0;0
Neufchâteau;48.35;5.69;08/08/2026;23:00;18.7;0;SOLEIL;1;0;0
Neufchâteau;48.35;5.69;09/08/2026;00:00;18.7;0;SOLEIL;1;0;0
Neufchâteau;48.35;5.69;09/08/2026;01:00;18.7;0;SOLEIL;1;0;0
Neufchâteau;48.35;5.69;09/08/2026;02:00;17.6;0;SOLEIL;1;0;0
Neufchâteau;48.35;5.69;09/08/2026;03:00;17.6;0;SOLEIL;1;0;0
Neufchâteau;48.35;5.69;09/08/2026;04:00;17.6;0;SOLEIL;1;0;0
Neufchâteau;48.35;5.69;09/08/2026;05:00;21.5;5;SOLEIL VOILÉ;1;0;0
Neufchâteau;48.35;5.69;09/08/2026;06:00;21.5;5;SOLEIL VOILÉ;1;0;0
Neufchâteau;48.35;5.69;09/08/2026;07:00;21.5;5;SOLEIL VOILÉ;1;0;0
Neufchâteau;48.35;5.69;09/08/2026;08:00;27;5;SOLEIL VOILÉ;2;0;0
Neufchâteau;48.35;5.69;09/08/2026;09:00;27;5;SOLEIL VOILÉ;2;0;0
Neufchâteau;48.35;5.69;09/08/2026;10:00;27;5;SOLEIL VOILÉ;2;0;0
Neufchâteau;48.35;5.69;09/08/2026;11:00;29.9;5;SOLEIL VOILÉ;3;0;0
Neufchâteau;48.35;5.69;09/08/2026;12:00;29.9;5;SOLEIL VOILÉ;3;0;0
Neufchâteau;48.35;5.69;09/08/2026;13:00;29.9;5;SOLEIL VOILÉ;3;0;0
Neufchâteau;48.35;5.69;09/08/2026;14:00;31.5;0;SOLEIL;4;0;0
Neufchâteau;48.35;5.69;09/08/2026;15:00;31.5;0;SOLEIL;4;0;0
Neufchâteau;48.35;5.69;09/08/2026;16:00;31.5;0;SOLEIL;4;0;0
Neufchâteau;48.35;5.69;09/08/2026;17:00;28.6;5;SOLEIL VOILÉ;3;0;0
Neufchâteau;48.35;5.69;09/08/2026;18:00;28.6;5;SOLEIL VOILÉ;3;0;0
Neufchâteau;48.35;5.69;09/08/2026;19:00;28.6;5;SOLEIL VOILÉ;3;0;0
Neufchâteau;48.35;5.69;09/08/2026;20:00;21.1;0;SOLEIL;5;0;0
Neufchâteau;48.35;5.69;09/08/2026;21:00;18.8;0;SOLEIL;5;0;0
Neufchâteau;48.35;5.69;09/08/2026;22:00;16.6;0;SOLEIL;5;0;0
Neufchâteau;48.35;5.69;09/08/2026;23:00;19.5;0;SOLEIL;3;0;0
Neufchâteau;48.35;5.69;10/08/2026;00:00;19.5;0;SOLEIL;3;0;0
Neufchâteau;48.35;5.69;10/08/2026;01:00;19.5;0;SOLEIL;3;0;0
Neufchâteau;48.35;5.69;10/08/2026;02:00;17.1;5;SOLEIL VOILÉ;5;0;0
Neufchâteau;48.35;5.69;10/08/2026;03:00;17.1;5;SOLEIL VOILÉ;5;0;0
Neufchâteau;48.35;5.69;10/08/2026;04:00;17.1;5;SOLEIL VOILÉ;5;0;0
Neufchâteau;48.35;5.69;10/08/2026;05:00;20.7;0;SOLEIL;3;0;0
Neufchâteau;48.35;5.69;10/08/2026;06:00;20.7;0;SOLEIL;3;0;0
Neufchâteau;48.35;5.69;10/08/2026;07:00;20.7;0;SOLEIL;3;0;0
Neufchâteau;48.35;5.69;10/08/2026;08:00;20.4;5;SOLEIL VOILÉ;5;0;0
Neufchâteau;48.35;5.69;10/08/2026;09:00;22.1;5;SOLEIL VOILÉ;5;0;0
Neufchâteau;48.35;5.69;10/08/2026;10:00;23.7;5;SOLEIL VOILÉ;5;0;0
Neufchâteau;48.35;5.69;10/08/2026;11:00;30.5;0;SOLEIL;4;0;0
Neufchâteau;48.35;5.69;10/08/2026;12:00;30.5;0;SOLEIL;4;0;0
Neufchâteau;48.35;5.69;10/08/2026;13:00;30.5;0;SOLEIL;4;0;0
Neufchâteau;48.35;5.69;10/08/2026;14:00;30.3;5;SOLEIL VOILÉ;5;0;0
Neufchâteau;48.35;5.69;10/08/2026;15:00;32.0;5;SOLEIL VOILÉ;5;0;0
Neufchâteau;48.35;5.69;10/08/2026;16:00;30.3;5;SOLEIL VOILÉ;5;0;0
Neufchâteau;48.35;5.69;10/08/2026;17:00;28.6;6;AVERSES;3;0;0
Neufchâteau;48.35;5.69;10/08/2026;18:00;28.6;6;AVERSES;3;0;0
Neufchâteau;48.35;5.69;10/08/2026;19:00;28.6;6;AVERSES;3;0;0
Neufchâteau;48.35;5.69;10/08/2026;20:00;23.7;5;SOLEIL VOILÉ;5;0;0
Neufchâteau;48.35;5.69;10/08/2026;21:00;22.1;5;SOLEIL VOILÉ;5;0;0
Neufchâteau;48.35;5.69;10/08/2026;22:00;20.4;5;SOLEIL VOILÉ;5;0;0
Neufchâteau;48.35;5.69;10/08/2026;23:00;18.4;0;SOLEIL;2;0;0
Neufchâteau;48.35;5.69;11/08/2026;00:00;18.4;0;SOLEIL;2;0;0
Neufchâteau;48.35;5.69;11/08/2026;01:00;18.4;0;SOLEIL;2;0;0
Neufchâteau;48.35;5.69;11/08/2026;02:00;18.4;0;SOLEIL;5;0;0
Neufchâteau;48.35;5.69;11/08/2026;03:00;18.4;0;SOLEIL;5;0;0
Neufchâteau;48.35;5.69;11/08/2026;04:00;18.4;0;SOLEIL;5;0;0
Neufchâteau;48.35;5.69;11/08/2026;05:00;18.1;0;SOLEIL;2;0;0
Neufchâteau;48.35;5.69;11/08/2026;06:00;18.1;0;SOLEIL;2;0;0
Neufchâteau;48.35;5.69;11/08/2026;07:00;18.1;0;SOLEIL;2;0;0
Neufchâteau;48.35;5.69;11/08/2026;08:00;21.4;0;SOLEIL;5;0;0
Neufchâteau;48.35;5.69;11/08/2026;09:00;23.0;0;SOLEIL;5;0;0
Neufchâteau;48.35;5.69;11/08/2026;10:00;24.5;0;SOLEIL;5;0;0
Neufchâteau;48.35;5.69;11/08/2026;11:00;29;0;SOLEIL;3;0;0
Neufchâteau;48.35;5.69;11/08/2026;12:00;29;0;SOLEIL;3;0;0
Neufchâteau;48.35;5.69;11/08/2026;13:00;29;0;SOLEIL;3;0;0
Neufchâteau;48.35;5.69;11/08/2026;14:00;30.6;0;SOLEIL;5;0;0
Neufchâteau;48.35;5.69;11/08/2026;15:00;32.1;0;SOLEIL;5;0;0
Neufchâteau;48.35;5.69;11/08/2026;16:00;30.6;0;SOLEIL;5;0;0
Neufchâteau;48.35;5.69;11/08/2026;17:00;28.6;0;SOLEIL;3;0;0
Neufchâteau;48.35;5.69;11/08/2026;18:00;28.6;0;SOLEIL;3;0;0
Neufchâteau;48.35;5.69;11/08/2026;19:00;28.6;0;SOLEIL;3;0;0
Neufchâteau;48.35;5.69;11/08/2026;20:00;24.5;0;SOLEIL;5;0;0
Neufchâteau;48.35;5.69;11/08/2026;21:00;23.0;0;SOLEIL;5;0;0
Neufchâteau;48.35;5.69;11/08/2026;22:00;21.4;0;SOLEIL;5;0;0
Neufchâteau;48.35;5.69;11/08/2026;23:00;17.6;0;SOLEIL;3;0;0
Neufchâteau;48.35;5.69;12/08/2026;00:00;17.6;0;SOLEIL;3;0;0
Neufchâteau;48.35;5.69;12/08/2026;01:00;17.6;0;SOLEIL;3;0;0
Neufchâteau;48.35;5.69;12/08/2026;02:00;15.6;0;SOLEIL;5;0;0
Neufchâteau;48.35;5.69;12/08/2026;03:00;15.6;0;SOLEIL;5;0;0
Neufchâteau;48.35;5.69;12/08/2026;04:00;15.6;0;SOLEIL;5;0;0
Neufchâteau;48.35;5.69;12/08/2026;05:00;18.1;0;SOLEIL;2;0;0
Neufchâteau;48.35;5.69;12/08/2026;06:00;18.1;0;SOLEIL;2;0;0
Neufchâteau;48.35;5.69;12/08/2026;07:00;18.1;0;SOLEIL;2;0;0
Neufchâteau;48.35;5.69;12/08/2026;08:00;19.0;0;SOLEIL;5;0;0
Neufchâteau;48.35;5.69;12/08/2026;09:00;20.6;0;SOLEIL;5;0;0
Neufchâteau;48.35;5.69;12/08/2026;10:00;22.3;0;SOLEIL;5;0;0
Neufchâteau;48.35;5.69;12/08/2026;11:00;31.5;0;SOLEIL;2;0;0
Neufchâteau;48.35;5.69;12/08/2026;12:00;31.5;0;SOLEIL;2;0;0
Neufchâteau;48.35;5.69;12/08/2026;13:00;31.5;0;SOLEIL;2;0;0
Neufchâteau;48.35;5.69;12/08/2026;14:00;29.0;0;SOLEIL;5;0;0
Neufchâteau;48.35;5.69;12/08/2026;15:00;30.7;0;SOLEIL;5;0;0
Neufchâteau;48.35;5.69;12/08/2026;16:00;29.0;0;SOLEIL;5;0;0
Neufchâteau;48.35;5.69;12/08/2026;17:00;30.2;0;SOLEIL;2;0;0
Neufchâteau;48.35;5.69;12/08/2026;18:00;30.2;0;SOLEIL;2;0;0
Neufchâteau;48.35;5.69;12/08/2026;19:00;30.2;0;SOLEIL;2;0;0
Neufchâteau;48.35;5.69;12/08/2026;20:00;22.3;0;SOLEIL;5;0;0
Neufchâteau;48.35;5.69;12/08/2026;21:00;20.6;0;SOLEIL;5;0;0
Neufchâteau;48.35;5.69;12/08/2026;22:00;19.0;0;SOLEIL;5;0;0
Neufchâteau;48.35;5.69;12/08/2026;23:00;19.1;0;SOLEIL;2;0;0
Saint-Dié-des-Vosges;48.29;6.95;08/08/2026;00:00;15.1;0;SOLEIL;2;0;0
Saint-Dié-des-Vosges;48.29;6.95;08/08/2026;01:00;15.1;0;SOLEIL;2;0;0
Saint-Dié-des-Vosges;48.29;6.95;08/08/2026;02:00;12.9;0;SOLEIL;3;0;0
Saint-Dié-des-Vosges;48.29;6.95;08/08/2026;03:00;12.9;0;SOLEIL;3;0;0
Saint-Dié-des-Vosges;48.29;6.95;08/08/2026;04:00;12.9;0;SOLEIL;3;0;0
Saint-Dié-des-Vosges;48.29;6.95;08/08/2026;05:00;14.9;0;SOLEIL;3;0;0
Saint-Dié-des-Vosges;48.29;6.95;08/08/2026;06:00;14.9;0;SOLEIL;3;0;0
Saint-Dié-des-Vosges;48.29;6.95;08/08/2026;07:00;14.9;0;SOLEIL;3;0;0
Saint-Dié-des-Vosges;48.29;6.95;08/08/2026;08:00;24.6;0;SOLEIL;3;0;0
Saint-Dié-des-Vosges;48.29;6.95;08/08/2026;09:00;24.6;0;SOLEIL;3;0;0
Saint-Dié-des-Vosges;48.29;6.95;08/08/2026;10:00;24.6;0;SOLEIL;3;0;0
Saint-Dié-des-Vosges;48.29;6.95;08/08/2026;11:00;29.5;0;SOLEIL;2;0;0
Saint-Dié-des-Vosges;48.29;6.95;08/08/2026;12:00;29.5;0;SOLEIL;2;0;0
Saint-Dié-des-Vosges;48.29;6.95;08/08/2026;13:00;29.5;0;SOLEIL;2;0;0
Saint-Dié-des-Vosges;48.29;6.95;08/08/2026;14:00;31.6;0;SOLEIL;2;0;0
Saint-Dié-des-Vosges;48.29;6.95;08/08/2026;15:00;31.6;0;SOLEIL;2;0;0
Saint-Dié-des-Vosges;48.29;6.95;08/08/2026;16:00;31.6;0;SOLEIL;2;0;0
Saint-Dié-des-Vosges;48.29;6.95;08/08/2026;17:00;30.9;0;SOLEIL;2;0;0
Saint-Dié-des-Vosges;48.29;6.95;08/08/2026;18:00;30.9;0;SOLEIL;2;0;0
Saint-Dié-des-Vosges;48.29;6.95;08/08/2026;19:00;30.9;0;SOLEIL;2;0;0
Saint-Dié-des-Vosges;48.29;6.95;08/08/2026;20:00;22;0;SOLEIL;2;0;0
Saint-Dié-des-Vosges;48.29;6.95;08/08/2026;21:00;22;0;SOLEIL;2;0;0
Saint-Dié-des-Vosges;48.29;6.95;08/08/2026;22:00;22;0;SOLEIL;2;0;0
Saint-Dié-des-Vosges;48.29;6.95;08/08/2026;23:00;18.4;0;SOLEIL;0;0;0
Saint-Dié-des-Vosges;48.29;6.95;09/08/2026;00:00;18.4;0;SOLEIL;0;0;0
Saint-Dié-des-Vosges;48.29;6.95;09/08/2026;01:00;18.4;0;SOLEIL;0;0;0
Saint-Dié-des-Vosges;48.29;6.95;09/08/2026;02:00;15.7;0;SOLEIL;1;0;0
Saint-Dié-des-Vosges;48.29;6.95;09/08/2026;03:00;15.7;0;SOLEIL;1;0;0
Saint-Dié-des-Vosges;48.29;6.95;09/08/2026;04:00;15.7;0;SOLEIL;1;0;0
Saint-Dié-des-Vosges;48.29;6.95;09/08/2026;05:00;18.2;5;SOLEIL VOILÉ;2;0;0
Saint-Dié-des-Vosges;48.29;6.95;09/08/2026;06:00;18.2;5;SOLEIL VOILÉ;2;0;0
Saint-Dié-des-Vosges;48.29;6.95;09/08/2026;07:00;18.2;5;SOLEIL VOILÉ;2;0;0
Saint-Dié-des-Vosges;48.29;6.95;09/08/2026;08:00;26.5;5;SOLEIL VOILÉ;2;0;0
Saint-Dié-des-Vosges;48.29;6.95;09/08/2026;09:00;26.5;5;SOLEIL VOILÉ;2;0;0
Saint-Dié-des-Vosges;48.29;6.95;09/08/2026;10:00;26.5;5;SOLEIL VOILÉ;2;0;0
Saint-Dié-des-Vosges;48.29;6.95;09/08/2026;11:00;29;5;SOLEIL VOILÉ;2;0;0
Saint-Dié-des-Vosges;48.29;6.95;09/08/2026;12:00;29;5;SOLEIL VOILÉ;2;0;0
Saint-Dié-des-Vosges;48.29;6.95;09/08/2026;13:00;29;5;SOLEIL VOILÉ;2;0;0
Saint-Dié-des-Vosges;48.29;6.95;09/08/2026;14:00;30;5;SOLEIL VOILÉ;4;0;0
Saint-Dié-des-Vosges;48.29;6.95;09/08/2026;15:00;30;5;SOLEIL VOILÉ;4;0;0
Saint-Dié-des-Vosges;48.29;6.95;09/08/2026;16:00;30;5;SOLEIL VOILÉ;4;0;0
Saint-Dié-des-Vosges;48.29;6.95;09/08/2026;17:00;28.1;0;SOLEIL;3;0;0
Saint-Dié-des-Vosges;48.29;6.95;09/08/2026;18:00;28.1;0;SOLEIL;3;0;0
Saint-Dié-des-Vosges;48.29;6.95;09/08/2026;19:00;28.1;0;SOLEIL;3;0;0
Saint-Dié-des-Vosges;48.29;6.95;09/08/2026;20:00;21.2;0;SOLEIL;5;0;0
Saint-Dié-des-Vosges;48.29;6.95;09/08/2026;21:00;18.9;0;SOLEIL;5;0;0
Saint-Dié-des-Vosges;48.29;6.95;09/08/2026;22:00;16.6;0;SOLEIL;5;0;0
Saint-Dié-des-Vosges;48.29;6.95;09/08/2026;23:00;19;0;SOLEIL;2;0;0
Saint-Dié-des-Vosges;48.29;6.95;10/08/2026;00:00;19;0;SOLEIL;2;0;0
Saint-Dié-des-Vosges;48.29;6.95;10/08/2026;01:00;19;0;SOLEIL;2;0;0
Saint-Dié-des-Vosges;48.29;6.95;10/08/2026;02:00;15.4;5;SOLEIL VOILÉ;5;0;0
Saint-Dié-des-Vosges;48.29;6.95;10/08/2026;03:00;15.4;5;SOLEIL VOILÉ;5;0;0
Saint-Dié-des-Vosges;48.29;6.95;10/08/2026;04:00;15.4;5;SOLEIL VOILÉ;5;0;0
Saint-Dié-des-Vosges;48.29;6.95;10/08/2026;05:00;19.1;0;SOLEIL;2;0;0
Saint-Dié-des-Vosges;48.29;6.95;10/08/2026;06:00;19.1;0;SOLEIL;2;0;0
Saint-Dié-des-Vosges;48.29;6.95;10/08/2026;07:00;19.1;0;SOLEIL;2;0;0
Saint-Dié-des-Vosges;48.29;6.95;10/08/2026;08:00;18.9;5;SOLEIL VOILÉ;5;0;0
Saint-Dié-des-Vosges;48.29;6.95;10/08/2026;09:00;20.7;5;SOLEIL VOILÉ;5;0;0
Saint-Dié-des-Vosges;48.29;6.95;10/08/2026;10:00;22.4;5;SOLEIL VOILÉ;5;0;0
Saint-Dié-des-Vosges;48.29;6.95;10/08/2026;11:00;31.1;6;AVERSES;3;0;0
Saint-Dié-des-Vosges;48.29;6.95;10/08/2026;12:00;31.1;6;AVERSES;3;0;0
Saint-Dié-des-Vosges;48.29;6.95;10/08/2026;13:00;31.1;6;AVERSES;3;0;0
Saint-Dié-des-Vosges;48.29;6.95;10/08/2026;14:00;29.4;5;SOLEIL VOILÉ;5;0;0
Saint-Dié-des-Vosges;48.29;6.95;10/08/2026;15:00;31.2;5;SOLEIL VOILÉ;5;0;0
Saint-Dié-des-Vosges;48.29;6.95;10/08/2026;16:00;29.4;5;SOLEIL VOILÉ;5;0;0
Saint-Dié-des-Vosges;48.29;6.95;10/08/2026;17:00;28.4;6;AVERSES;3;0;0
Saint-Dié-des-Vosges;48.29;6.95;10/08/2026;18:00;28.4;6;AVERSES;3;0;0
Saint-Dié-des-Vosges;48.29;6.95;10/08/2026;19:00;28.4;6;AVERSES;3;0;0
Saint-Dié-des-Vosges;48.29;6.95;10/08/2026;20:00;22.4;5;SOLEIL VOILÉ;5;0;0
Saint-Dié-des-Vosges;48.29;6.95;10/08/2026;21:00;20.7;5;SOLEIL VOILÉ;5;0;0
Saint-Dié-des-Vosges;48.29;6.95;10/08/2026;22:00;18.9;5;SOLEIL VOILÉ;5;0;0
Saint-Dié-des-Vosges;48.29;6.95;10/08/2026;23:00;18.6;0;SOLEIL;3;0;0
Saint-Dié-des-Vosges;48.29;6.95;11/08/2026;00:00;18.6;0;SOLEIL;3;0;0
Saint-Dié-des-Vosges;48.29;6.95;11/08/2026;01:00;18.6;0;SOLEIL;3;0;0
Saint-Dié-des-Vosges;48.29;6.95;11/08/2026;02:00;17.5;6;AVERSES;5;0;0
Saint-Dié-des-Vosges;48.29;6.95;11/08/2026;03:00;17.5;6;AVERSES;5;0;0
Saint-Dié-des-Vosges;48.29;6.95;11/08/2026;04:00;17.5;6;AVERSES;5;0;0
Saint-Dié-des-Vosges;48.29;6.95;11/08/2026;05:00;17.4;0;SOLEIL;3;0;0
Saint-Dié-des-Vosges;48.29;6.95;11/08/2026;06:00;17.4;0;SOLEIL;3;0;0
Saint-Dié-des-Vosges;48.29;6.95;11/08/2026;07:00;17.4;0;SOLEIL;3;0;0
Saint-Dié-des-Vosges;48.29;6.95;11/08/2026;08:00;20.9;6;AVERSES;5;0;0
Saint-Dié-des-Vosges;48.29;6.95;11/08/2026;09:00;22.6;6;AVERSES;5;0;0
Saint-Dié-des-Vosges;48.29;6.95;11/08/2026;10:00;24.3;6;AVERSES;5;0;0
Saint-Dié-des-Vosges;48.29;6.95;11/08/2026;11:00;29.4;0;SOLEIL;3;0;0
Saint-Dié-des-Vosges;48.29;6.95;11/08/2026;12:00;29.4;0;SOLEIL;3;0;0
Saint-Dié-des-Vosges;48.29;6.95;11/08/2026;13:00;29.4;0;SOLEIL;3;0;0
Saint-Dié-des-Vosges;48.29;6.95;11/08/2026;14:00;31.0;6;AVERSES;5;0;0
Saint-Dié-des-Vosges;48.29;6.95;11/08/2026;15:00;32.7;6;AVERSES;5;0;0
Saint-Dié-des-Vosges;48.29;6.95;11/08/2026;16:00;31.0;6;AVERSES;5;0;0
Saint-Dié-des-Vosges;48.29;6.95;11/08/2026;17:00;27.9;0;SOLEIL;3;0;0
Saint-Dié-des-Vosges;48.29;6.95;11/08/2026;18:00;27.9;0;SOLEIL;3;0;0
Saint-Dié-des-Vosges;48.29;6.95;11/08/2026;19:00;27.9;0;SOLEIL;3;0;0
Saint-Dié-des-Vosges;48.29;6.95;11/08/2026;20:00;24.3;6;AVERSES;5;0;0
Saint-Dié-des-Vosges;48.29;6.95;11/08/2026;21:00;22.6;6;AVERSES;5;0;0
Saint-Dié-des-Vosges;48.29;6.95;11/08/2026;22:00;20.9;6;AVERSES;5;0;0
Saint-Dié-des-Vosges;48.29;6.95;11/08/2026;23:00;18.4;0;SOLEIL;4;0;0
Saint-Dié-des-Vosges;48.29;6.95;12/08/2026;00:00;18.4;0;SOLEIL;4;0;0
Saint-Dié-des-Vosges;48.29;6.95;12/08/2026;01:00;18.4;0;SOLEIL;4;0;0
Saint-Dié-des-Vosges;48.29;6.95;12/08/2026;02:00;15;0;SOLEIL;5;0;0
Saint-Dié-des-Vosges;48.29;6.95;12/08/2026;03:00;15;0;SOLEIL;5;0;0
Saint-Dié-des-Vosges;48.29;6.95;12/08/2026;04:00;15;0;SOLEIL;5;0;0
Saint-Dié-des-Vosges;48.29;6.95;12/08/2026;05:00;17.1;0;SOLEIL;3;0;0
Saint-Dié-des-Vosges;48.29;6.95;12/08/2026;06:00;17.1;0;SOLEIL;3;0;0
Saint-Dié-des-Vosges;48.29;6.95;12/08/2026;07:00;17.1;0;SOLEIL;3;0;0
Saint-Dié-des-Vosges;48.29;6.95;12/08/2026;08:00;18.7;0;SOLEIL;5;0;0
Saint-Dié-des-Vosges;48.29;6.95;12/08/2026;09:00;20.5;0;SOLEIL;5;0;0
Saint-Dié-des-Vosges;48.29;6.95;12/08/2026;10:00;22.3;0;SOLEIL;5;0;0
Saint-Dié-des-Vosges;48.29;6.95;12/08/2026;11:00;31.2;0;SOLEIL;2;0;0
Saint-Dié-des-Vosges;48.29;6.95;12/08/2026;12:00;31.2;0;SOLEIL;2;0;0
Saint-Dié-des-Vosges;48.29;6.95;12/08/2026;13:00;31.2;0;SOLEIL;2;0;0
Saint-Dié-des-Vosges;48.29;6.95;12/08/2026;14:00;29.7;0;SOLEIL;5;0;0
Saint-Dié-des-Vosges;48.29;6.95;12/08/2026;15:00;31.5;0;SOLEIL;5;0;0
Saint-Dié-des-Vosges;48.29;6.95;12/08/2026;16:00;29.7;0;SOLEIL;5;0;0
Saint-Dié-des-Vosges;48.29;6.95;12/08/2026;17:00;29.5;0;SOLEIL;2;0;0
Saint-Dié-des-Vosges;48.29;6.95;12/08/2026;18:00;29.5;0;SOLEIL;2;0;0
Saint-Dié-des-Vosges;48.29;6.95;12/08/2026;19:00;29.5;0;SOLEIL;2;0;0
Saint-Dié-des-Vosges;48.29;6.95;12/08/2026;20:00;22.3;0;SOLEIL;5;0;0
Saint-Dié-des-Vosges;48.29;6.95;12/08/2026;21:00;20.5;0;SOLEIL;5;0;0
Saint-Dié-des-Vosges;48.29;6.95;12/08/2026;22:00;18.7;0;SOLEIL;5;0;0
Saint-Dié-des-Vosges;48.29;6.95;12/08/2026;23:00;19.7;0;SOLEIL;2;0;0
