Ville;Latitude;Longitude;Date;Heure;temperature_2m;weathercode;Temps_Label;windspeed_10m;wind_gusts_10m;precipitation
Blain;47.47;-1.76;08/08/2026;00:00;18.1;5;SOLEIL VOILÉ;3;0;0
Blain;47.47;-1.76;08/08/2026;01:00;18.1;5;SOLEIL VOILÉ;3;0;0
Blain;47.47;-1.76;08/08/2026;02:00;16.9;5;SOLEIL VOILÉ;4;0;0
Blain;47.47;-1.76;08/08/2026;03:00;16.9;5;SOLEIL VOILÉ;4;0;0
Blain;47.47;-1.76;08/08/2026;04:00;16.9;5;SOLEIL VOILÉ;4;0;0
Blain;47.47;-1.76;08/08/2026;05:00;17.2;5;SOLEIL VOILÉ;3;0;0
Blain;47.47;-1.76;08/08/2026;06:00;17.2;5;SOLEIL VOILÉ;3;0;0
Blain;47.47;-1.76;08/08/2026;07:00;17.2;5;SOLEIL VOILÉ;3;0;0
Blain;47.47;-1.76;08/08/2026;08:00;24.6;5;SOLEIL VOILÉ;3;0;0
Blain;47.47;-1.76;08/08/2026;09:00;24.6;5;SOLEIL VOILÉ;3;0;0
Blain;47.47;-1.76;08/08/2026;10:00;24.6;5;SOLEIL VOILÉ;3;0;0
Blain;47.47;-1.76;08/08/2026;11:00;30.4;5;SOLEIL VOILÉ;2;0;0
Blain;47.47;-1.76;08/08/2026;12:00;30.4;5;SOLEIL VOILÉ;2;0;0
Blain;47.47;-1.76;08/08/2026;13:00;30.4;5;SOLEIL VOILÉ;2;0;0
Blain;47.47;-1.76;08/08/2026;14:00;33.5;0;SOLEIL;2;0;0
Blain;47.47;-1.76;08/08/2026;15:00;33.5;0;SOLEIL;2;0;0
Blain;47.47;-1.76;08/08/2026;16:00;33.5;0;SOLEIL;2;0;0
Blain;47.47;-1.76;08/08/2026;17:00;30.5;0;SOLEIL;4;0;0
Blain;47.47;-1.76;08/08/2026;18:00;30.5;0;SOLEIL;4;0;0
Blain;47.47;-1.76;08/08/2026;19:00;30.5;0;SOLEIL;4;0;0
Blain;47.47;-1.76;08/08/2026;20:00;25.1;0;SOLEIL;3;0;0
Blain;47.47;-1.76;08/08/2026;21:00;25.1;0;SOLEIL;3;0;0
Blain;47.47;-1.76;08/08/2026;22:00;25.1;0;SOLEIL;3;0;0
Blain;47.47;-1.76;08/08/2026;23:00;21.9;5;SOLEIL VOILÉ;2;0;0
Blain;47.47;-1.76;09/08/2026;00:00;21.9;5;SOLEIL VOILÉ;2;0;0
Blain;47.47;-1.76;09/08/2026;01:00;21.9;5;SOLEIL VOILÉ;2;0;0
Blain;47.47;-1.76;09/08/2026;02:00;19.9;0;SOLEIL;2;0;0
Blain;47.47;-1.76;09/08/2026;03:00;19.9;0;SOLEIL;2;0;0
Blain;47.47;-1.76;09/08/2026;04:00;19.9;0;SOLEIL;2;0;0
Blain;47.47;-1.76;09/08/2026;05:00;19.7;0;SOLEIL;2;0;0
Blain;47.47;-1.76;09/08/2026;06:00;19.7;0;SOLEIL;2;0;0
Blain;47.47;-1.76;09/08/2026;07:00;19.7;0;SOLEIL;2;0;0
Blain;47.47;-1.76;09/08/2026;08:00;24.6;0;SOLEIL;2;0;0
Blain;47.47;-1.76;09/08/2026;09:00;24.6;0;SOLEIL;2;0;0
Blain;47.47;-1.76;09/08/2026;10:00;24.6;0;SOLEIL;2;0;0
Blain;47.47;-1.76;09/08/2026;11:00;28.7;0;SOLEIL;3;0;0
Blain;47.47;-1.76;09/08/2026;12:00;28.7;0;SOLEIL;3;0;0
Blain;47.47;-1.76;09/08/2026;13:00;28.7;0;SOLEIL;3;0;0
Blain;47.47;-1.76;09/08/2026;14:00;29.5;0;SOLEIL;4;0;0
Blain;47.47;-1.76;09/08/2026;15:00;29.5;0;SOLEIL;4;0;0
Blain;47.47;-1.76;09/08/2026;16:00;29.5;0;SOLEIL;4;0;0
Blain;47.47;-1.76;09/08/2026;17:00;27.7;0;SOLEIL;5;0;0
Blain;47.47;-1.76;09/08/2026;18:00;27.7;0;SOLEIL;5;0;0
Blain;47.47;-1.76;09/08/2026;19:00;27.7;0;SOLEIL;5;0;0
Blain;47.47;-1.76;09/08/2026;20:00;23.9;5;SOLEIL VOILÉ;5;0;0
Blain;47.47;-1.76;09/08/2026;21:00;21.9;5;SOLEIL VOILÉ;5;0;0
Blain;47.47;-1.76;09/08/2026;22:00;19.8;5;SOLEIL VOILÉ;5;0;0
Blain;47.47;-1.76;09/08/2026;23:00;21.1;0;SOLEIL;3;0;0
Blain;47.47;-1.76;10/08/2026;00:00;21.1;0;SOLEIL;3;0;0
Blain;47.47;-1.76;10/08/2026;01:00;21.1;0;SOLEIL;3;0;0
Blain;47.47;-1.76;10/08/2026;02:00;19.1;0;SOLEIL;5;0;0
Blain;47.47;-1.76;10/08/2026;03:00;19.1;0;SOLEIL;5;0;0
Blain;47.47;-1.76;10/08/2026;04:00;19.1;0;SOLEIL;5;0;0
Blain;47.47;-1.76;10/08/2026;05:00;19.6;0;SOLEIL;3;0;0
Blain;47.47;-1.76;10/08/2026;06:00;19.6;0;SOLEIL;3;0;0
Blain;47.47;-1.76;10/08/2026;07:00;19.6;0;SOLEIL;3;0;0
Blain;47.47;-1.76;10/08/2026;08:00;21.5;0;SOLEIL;5;0;0
Blain;47.47;-1.76;10/08/2026;09:00;22.7;0;SOLEIL;5;0;0
Blain;47.47;-1.76;10/08/2026;10:00;23.9;0;SOLEIL;5;0;0
Blain;47.47;-1.76;10/08/2026;11:00;28.4;0;SOLEIL;2;0;0
Blain;47.47;-1.76;10/08/2026;12:00;28.4;0;SOLEIL;2;0;0
Blain;47.47;-1.76;10/08/2026;13:00;28.4;0;SOLEIL;2;0;0
Blain;47.47;-1.76;10/08/2026;14:00;28.8;0;SOLEIL;5;0;0
Blain;47.47;-1.76;10/08/2026;15:00;30.0;0;SOLEIL;5;0;0
Blain;47.47;-1.76;10/08/2026;16:00;28.8;0;SOLEIL;5;0;0
Blain;47.47;-1.76;10/08/2026;17:00;30.1;0;SOLEIL;3;0;0
Blain;47.47;-1.76;10/08/2026;18:00;30.1;0;SOLEIL;3;0;0
Blain;47.47;-1.76;10/08/2026;19:00;30.1;0;SOLEIL;3;0;0
Blain;47.47;-1.76;10/08/2026;20:00;23.9;0;SOLEIL;5;0;0
Blain;47.47;-1.76;10/08/2026;21:00;22.7;0;SOLEIL;5;0;0
Blain;47.47;-1.76;10/08/2026;22:00;21.5;0;SOLEIL;5;0;0
Blain;47.47;-1.76;10/08/2026;23:00;22.6;0;SOLEIL;4;0;0
Blain;47.47;-1.76;11/08/2026;00:00;22.6;0;SOLEIL;4;0;0
Blain;47.47;-1.76;11/08/2026;01:00;22.6;0;SOLEIL;4;0;0
Blain;47.47;-1.76;11/08/2026;02:00;19.1;0;SOLEIL;5;0;0
Blain;47.47;-1.76;11/08/2026;03:00;19.1;0;SOLEIL;5;0;0
Blain;47.47;-1.76;11/08/2026;04:00;19.1;0;SOLEIL;5;0;0
Blain;47.47;-1.76;11/08/2026;05:00;21;0;SOLEIL;3;0;0
Blain;47.47;-1.76;11/08/2026;06:00;21;0;SOLEIL;3;0;0
Blain;47.47;-1.76;11/08/2026;07:00;21;0;SOLEIL;3;0;0
Blain;47.47;-1.76;11/08/2026;08:00;21.9;0;SOLEIL;5;0;0
Blain;47.47;-1.76;11/08/2026;09:00;23.2;0;SOLEIL;5;0;0
Blain;47.47;-1.76;11/08/2026;10:00;24.6;0;SOLEIL;5;0;0
Blain;47.47;-1.76;11/08/2026;11:00;31.1;0;SOLEIL;3;0;0
Blain;47.47;-1.76;11/08/2026;12:00;31.1;0;SOLEIL;3;0;0
Blain;47.47;-1.76;11/08/2026;13:00;31.1;0;SOLEIL;3;0;0
Blain;47.47;-1.76;11/08/2026;14:00;30.1;0;SOLEIL;5;0;0
Blain;47.47;-1.76;11/08/2026;15:00;31.5;0;SOLEIL;5;0;0
Blain;47.47;-1.76;11/08/2026;16:00;30.1;0;SOLEIL;5;0;0
Blain;47.47;-1.76;11/08/2026;17:00;32.1;0;SOLEIL;3;0;0
Blain;47.47;-1.76;11/08/2026;18:00;32.1;0;SOLEIL;3;0;0
Blain;47.47;-1.76;11/08/2026;19:00;32.1;0;SOLEIL;3;0;0
Blain;47.47;-1.76;11/08/2026;20:00;24.6;0;SOLEIL;5;0;0
Blain;47.47;-1.76;11/08/2026;21:00;23.2;0;SOLEIL;5;0;0
Blain;47.47;-1.76;11/08/2026;22:00;21.9;0;SOLEIL;5;0;0
Blain;47.47;-1.76;11/08/2026;23:00;26.5;0;SOLEIL;4;0;0
Blain;47.47;-1.76;12/08/2026;00:00;26.5;0;SOLEIL;4;0;0
Blain;47.47;-1.76;12/08/2026;01:00;26.5;0;SOLEIL;4;0;0
Blain;47.47;-1.76;12/08/2026;02:00;20.1;0;SOLEIL;5;0;0
Blain;47.47;-1.76;12/08/2026;03:00;20.1;0;SOLEIL;5;0;0
Blain;47.47;-1.76;12/08/2026;04:00;20.1;0;SOLEIL;5;0;0
Blain;47.47;-1.76;12/08/2026;05:00;23.1;0;SOLEIL;4;0;0
Blain;47.47;-1.76;12/08/2026;06:00;23.1;0;SOLEIL;4;0;0
Blain;47.47;-1.76;12/08/2026;07:00;23.1;0;SOLEIL;4;0;0
Blain;47.47;-1.76;12/08/2026;08:00;23.2;0;SOLEIL;5;0;0
Blain;47.47;-1.76;12/08/2026;09:00;24.8;0;SOLEIL;5;0;0
Blain;47.47;-1.76;12/08/2026;10:00;26.3;0;SOLEIL;5;0;0
Blain;47.47;-1.76;12/08/2026;11:00;32.6;0;SOLEIL;3;0;0
Blain;47.47;-1.76;12/08/2026;12:00;32.6;0;SOLEIL;3;0;0
Blain;47.47;-1.76;12/08/2026;13:00;32.6;0;SOLEIL;3;0;0
Blain;47.47;-1.76;12/08/2026;14:00;32.5;0;SOLEIL;5;0;0
Blain;47.47;-1.76;12/08/2026;15:00;34.1;0;SOLEIL;5;0;0
Blain;47.47;-1.76;12/08/2026;16:00;32.5;0;SOLEIL;5;0;0
Blain;47.47;-1.76;12/08/2026;17:00;31.1;0;SOLEIL;4;0;0
Blain;47.47;-1.76;12/08/2026;18:00;31.1;0;SOLEIL;4;0;0
Blain;47.47;-1.76;12/08/2026;19:00;31.1;0;SOLEIL;4;0;0
Blain;47.47;-1.76;12/08/2026;20:00;26.3;0;SOLEIL;5;0;0
Blain;47.47;-1.76;12/08/2026;21:00;24.8;0;SOLEIL;5;0;0
Blain;47.47;-1.76;12/08/2026;22:00;23.2;0;SOLEIL;5;0;0
Blain;47.47;-1.76;12/08/2026;23:00;24.4;0;SOLEIL;2;0;0
Châteaubriant;47.71;-1.37;08/08/2026;00:00;16.6;0;SOLEIL;3;0;0
Châteaubriant;47.71;-1.37;08/08/2026;01:00;16.6;0;SOLEIL;3;0;0
Châteaubriant;47.71;-1.37;08/08/2026;02:00;14.5;5;SOLEIL VOILÉ;3;0;0
Châteaubriant;47.71;-1.37;08/08/2026;03:00;14.5;5;SOLEIL VOILÉ;3;0;0
Châteaubriant;47.71;-1.37;08/08/2026;04:00;14.5;5;SOLEIL VOILÉ;3;0;0
Châteaubriant;47.71;-1.37;08/08/2026;05:00;14.6;5;SOLEIL VOILÉ;3;0;0
Châteaubriant;47.71;-1.37;08/08/2026;06:00;14.6;5;SOLEIL VOILÉ;3;0;0
Châteaubriant;47.71;-1.37;08/08/2026;07:00;14.6;5;SOLEIL VOILÉ;3;0;0
Châteaubriant;47.71;-1.37;08/08/2026;08:00;24.1;5;SOLEIL VOILÉ;3;0;0
Châteaubriant;47.71;-1.37;08/08/2026;09:00;24.1;5;SOLEIL VOILÉ;3;0;0
Châteaubriant;47.71;-1.37;08/08/2026;10:00;24.1;5;SOLEIL VOILÉ;3;0;0
Châteaubriant;47.71;-1.37;08/08/2026;11:00;30.5;5;SOLEIL VOILÉ;3;0;0
Châteaubriant;47.71;-1.37;08/08/2026;12:00;30.5;5;SOLEIL VOILÉ;3;0;0
Châteaubriant;47.71;-1.37;08/08/2026;13:00;30.5;5;SOLEIL VOILÉ;3;0;0
Châteaubriant;47.71;-1.37;08/08/2026;14:00;31.9;0;SOLEIL;2;0;0
Châteaubriant;47.71;-1.37;08/08/2026;15:00;31.9;0;SOLEIL;2;0;0
Châteaubriant;47.71;-1.37;08/08/2026;16:00;31.9;0;SOLEIL;2;0;0
Châteaubriant;47.71;-1.37;08/08/2026;17:00;29.5;0;SOLEIL;2;0;0
Châteaubriant;47.71;-1.37;08/08/2026;18:00;29.5;0;SOLEIL;2;0;0
Châteaubriant;47.71;-1.37;08/08/2026;19:00;29.5;0;SOLEIL;2;0;0
Châteaubriant;47.71;-1.37;08/08/2026;20:00;22.7;0;SOLEIL;2;0;0
Châteaubriant;47.71;-1.37;08/08/2026;21:00;22.7;0;SOLEIL;2;0;0
Châteaubriant;47.71;-1.37;08/08/2026;22:00;22.7;0;SOLEIL;2;0;0
Châteaubriant;47.71;-1.37;08/08/2026;23:00;19.1;5;SOLEIL VOILÉ;3;0;0
Châteaubriant;47.71;-1.37;09/08/2026;00:00;19.1;5;SOLEIL VOILÉ;3;0;0
Châteaubriant;47.71;-1.37;09/08/2026;01:00;19.1;5;SOLEIL VOILÉ;3;0;0
Châteaubriant;47.71;-1.37;09/08/2026;02:00;17.2;0;SOLEIL;2;0;0
Châteaubriant;47.71;-1.37;09/08/2026;03:00;17.2;0;SOLEIL;2;0;0
Châteaubriant;47.71;-1.37;09/08/2026;04:00;17.2;0;SOLEIL;2;0;0
Châteaubriant;47.71;-1.37;09/08/2026;05:00;17.5;0;SOLEIL;2;0;0
Châteaubriant;47.71;-1.37;09/08/2026;06:00;17.5;0;SOLEIL;2;0;0
Châteaubriant;47.71;-1.37;09/08/2026;07:00;17.5;0;SOLEIL;2;0;0
Châteaubriant;47.71;-1.37;09/08/2026;08:00;24.7;0;SOLEIL;2;0;0
Châteaubriant;47.71;-1.37;09/08/2026;09:00;24.7;0;SOLEIL;2;0;0
Châteaubriant;47.71;-1.37;09/08/2026;10:00;24.7;0;SOLEIL;2;0;0
Châteaubriant;47.71;-1.37;09/08/2026;11:00;28.1;0;SOLEIL;2;0;0
Châteaubriant;47.71;-1.37;09/08/2026;12:00;28.1;0;SOLEIL;2;0;0
Châteaubriant;47.71;-1.37;09/08/2026;13:00;28.1;0;SOLEIL;2;0;0
Châteaubriant;47.71;-1.37;09/08/2026;14:00;29.5;0;SOLEIL;4;0;0
Châteaubriant;47.71;-1.37;09/08/2026;15:00;29.5;0;SOLEIL;4;0;0
Châteaubriant;47.71;-1.37;09/08/2026;16:00;29.5;0;SOLEIL;4;0;0
Châteaubriant;47.71;-1.37;09/08/2026;17:00;27.9;0;SOLEIL;4;0;0
Châteaubriant;47.71;-1.37;09/08/2026;18:00;27.9;0;SOLEIL;4;0;0
Châteaubriant;47.71;-1.37;09/08/2026;19:00;27.9;0;SOLEIL;4;0;0
Châteaubriant;47.71;-1.37;09/08/2026;20:00;21.7;5;SOLEIL VOILÉ;5;0;0
Châteaubriant;47.71;-1.37;09/08/2026;21:00;19.6;5;SOLEIL VOILÉ;5;0;0
Châteaubriant;47.71;-1.37;09/08/2026;22:00;17.5;5;SOLEIL VOILÉ;5;0;0
Châteaubriant;47.71;-1.37;09/08/2026;23:00;18.9;0;SOLEIL;3;0;0
Châteaubriant;47.71;-1.37;10/08/2026;00:00;18.9;0;SOLEIL;3;0;0
Châteaubriant;47.71;-1.37;10/08/2026;01:00;18.9;0;SOLEIL;3;0;0
Châteaubriant;47.71;-1.37;10/08/2026;02:00;16.4;0;SOLEIL;5;0;0
Châteaubriant;47.71;-1.37;10/08/2026;03:00;16.4;0;SOLEIL;5;0;0
Châteaubriant;47.71;-1.37;10/08/2026;04:00;16.4;0;SOLEIL;5;0;0
Châteaubriant;47.71;-1.37;10/08/2026;05:00;17.7;0;SOLEIL;3;0;0
Châteaubriant;47.71;-1.37;10/08/2026;06:00;17.7;0;SOLEIL;3;0;0
Châteaubriant;47.71;-1.37;10/08/2026;07:00;17.7;0;SOLEIL;3;0;0
Châteaubriant;47.71;-1.37;10/08/2026;08:00;19.3;0;SOLEIL;5;0;0
Châteaubriant;47.71;-1.37;10/08/2026;09:00;20.8;0;SOLEIL;5;0;0
Châteaubriant;47.71;-1.37;10/08/2026;10:00;22.3;0;SOLEIL;5;0;0
Châteaubriant;47.71;-1.37;10/08/2026;11:00;30;0;SOLEIL;2;0;0
Châteaubriant;47.71;-1.37;10/08/2026;12:00;30;0;SOLEIL;2;0;0
Châteaubriant;47.71;-1.37;10/08/2026;13:00;30;0;SOLEIL;2;0;0
Châteaubriant;47.71;-1.37;10/08/2026;14:00;28.1;0;SOLEIL;5;0;0
Châteaubriant;47.71;-1.37;10/08/2026;15:00;29.6;0;SOLEIL;5;0;0
Châteaubriant;47.71;-1.37;10/08/2026;16:00;28.1;0;SOLEIL;5;0;0
Châteaubriant;47.71;-1.37;10/08/2026;17:00;30.2;0;SOLEIL;4;0;0
Châteaubriant;47.71;-1.37;10/08/2026;18:00;30.2;0;SOLEIL;4;0;0
Châteaubriant;47.71;-1.37;10/08/2026;19:00;30.2;0;SOLEIL;4;0;0
Châteaubriant;47.71;-1.37;10/08/2026;20:00;22.3;0;SOLEIL;5;0;0
Châteaubriant;47.71;-1.37;10/08/2026;21:00;20.8;0;SOLEIL;5;0;0
Châteaubriant;47.71;-1.37;10/08/2026;22:00;19.3;0;SOLEIL;5;0;0
Châteaubriant;47.71;-1.37;10/08/2026;23:00;19.6;0;SOLEIL;4;0;0
Châteaubriant;47.71;-1.37;11/08/2026;00:00;19.6;0;SOLEIL;4;0;0
Châteaubriant;47.71;-1.37;11/08/2026;01:00;19.6;0;SOLEIL;4;0;0
Châteaubriant;47.71;-1.37;11/08/2026;02:00;16.6;0;SOLEIL;5;0;0
Châteaubriant;47.71;-1.37;11/08/2026;03:00;16.6;0;SOLEIL;5;0;0
Châteaubriant;47.71;-1.37;11/08/2026;04:00;16.6;0;SOLEIL;5;0;0
Châteaubriant;47.71;-1.37;11/08/2026;05:00;19.4;0;SOLEIL;4;0;0
Châteaubriant;47.71;-1.37;11/08/2026;06:00;19.4;0;SOLEIL;4;0;0
Châteaubriant;47.71;-1.37;11/08/2026;07:00;19.4;0;SOLEIL;4;0;0
Châteaubriant;47.71;-1.37;11/08/2026;08:00;20.3;0;SOLEIL;5;0;0
Châteaubriant;47.71;-1.37;11/08/2026;09:00;22.1;0;SOLEIL;5;0;0
Châteaubriant;47.71;-1.37;11/08/2026;10:00;23.9;0;SOLEIL;5;0;0
Châteaubriant;47.71;-1.37;11/08/2026;11:00;32.9;0;SOLEIL;4;0;0
Châteaubriant;47.71;-1.37;11/08/2026;12:00;32.9;0;SOLEIL;4;0;0
Châteaubriant;47.71;-1.37;11/08/2026;13:00;32.9;0;SOLEIL;4;0;0
Châteaubriant;47.71;-1.37;11/08/2026;14:00;31.3;0;SOLEIL;5;0;0
Châteaubriant;47.71;-1.37;11/08/2026;15:00;33.1;0;SOLEIL;5;0;0
Châteaubriant;47.71;-1.37;11/08/2026;16:00;31.3;0;SOLEIL;5;0;0
Châteaubriant;47.71;-1.37;11/08/2026;17:00;33.6;0;SOLEIL;3;0;0
Châteaubriant;47.71;-1.37;11/08/2026;18:00;33.6;0;SOLEIL;3;0;0
Châteaubriant;47.71;-1.37;11/08/2026;19:00;33.6;0;SOLEIL;3;0;0
Châteaubriant;47.71;-1.37;11/08/2026;20:00;23.9;0;SOLEIL;5;0;0
Châteaubriant;47.71;-1.37;11/08/2026;21:00;22.1;0;SOLEIL;5;0;0
Châteaubriant;47.71;-1.37;11/08/2026;22:00;20.3;0;SOLEIL;5;0;0
Châteaubriant;47.71;-1.37;11/08/2026;23:00;25;0;SOLEIL;4;0;0
Châteaubriant;47.71;-1.37;12/08/2026;00:00;25;0;SOLEIL;4;0;0
Châteaubriant;47.71;-1.37;12/08/2026;01:00;25;0;SOLEIL;4;0;0
Châteaubriant;47.71;-1.37;12/08/2026;02:00;18.1;0;SOLEIL;5;0;0
Châteaubriant;47.71;-1.37;12/08/2026;03:00;18.1;0;SOLEIL;5;0;0
Châteaubriant;47.71;-1.37;12/08/2026;04:00;18.1;0;SOLEIL;5;0;0
Châteaubriant;47.71;-1.37;12/08/2026;05:00;22.1;0;SOLEIL;4;0;0
Châteaubriant;47.71;-1.37;12/08/2026;06:00;22.1;0;SOLEIL;4;0;0
Châteaubriant;47.71;-1.37;12/08/2026;07:00;22.1;0;SOLEIL;4;0;0
Châteaubriant;47.71;-1.37;12/08/2026;08:00;22.0;0;SOLEIL;5;0;0
Châteaubriant;47.71;-1.37;12/08/2026;09:00;23.9;0;SOLEIL;5;0;0
Châteaubriant;47.71;-1.37;12/08/2026;10:00;25.9;0;SOLEIL;5;0;0
Châteaubriant;47.71;-1.37;12/08/2026;11:00;34.1;0;SOLEIL;4;0;0
Châteaubriant;47.71;-1.37;12/08/2026;12:00;34.1;0;SOLEIL;4;0;0
Châteaubriant;47.71;-1.37;12/08/2026;13:00;34.1;0;SOLEIL;4;0;0
Châteaubriant;47.71;-1.37;12/08/2026;14:00;33.7;0;SOLEIL;5;0;0
Châteaubriant;47.71;-1.37;12/08/2026;15:00;35.6;0;SOLEIL;5;0;0
Châteaubriant;47.71;-1.37;12/08/2026;16:00;33.7;0;SOLEIL;5;0;0
Châteaubriant;47.71;-1.37;12/08/2026;17:00;32.4;0;SOLEIL;4;0;0
Châteaubriant;47.71;-1.37;12/08/2026;18:00;32.4;0;SOLEIL;4;0;0
Châteaubriant;47.71;-1.37;12/08/2026;19:00;32.4;0;SOLEIL;4;0;0
Châteaubriant;47.71;-1.37;12/08/2026;20:00;25.9;0;SOLEIL;5;0;0
Châteaubriant;47.71;-1.37;12/08/2026;21:00;23.9;0;SOLEIL;5;0;0
Châteaubriant;47.71;-1.37;12/08/2026;22:00;22.0;0;SOLEIL;5;0;0
Châteaubriant;47.71;-1.37;12/08/2026;23:00;21.6;0;SOLEIL;3;0;0
NANTES;47.21;-1.55;08/08/2026;00:00;16.9;0;SOLEIL;4;0;0
NANTES;47.21;-1.55;08/08/2026;01:00;16.9;0;SOLEIL;4;0;0
NANTES;47.21;-1.55;08/08/2026;02:00;16;5;SOLEIL VOILÉ;4;0;0
NANTES;47.21;-1.55;08/08/2026;03:00;16;5;SOLEIL VOILÉ;4;0;0
NANTES;47.21;-1.55;08/08/2026;04:00;16;5;SOLEIL VOILÉ;4;0;0
NANTES;47.21;-1.55;08/08/2026;05:00;15.7;5;SOLEIL VOILÉ;4;0;0
NANTES;47.21;-1.55;08/08/2026;06:00;15.7;5;SOLEIL VOILÉ;4;0;0
NANTES;47.21;-1.55;08/08/2026;07:00;15.7;5;SOLEIL VOILÉ;4;0;0
NANTES;47.21;-1.55;08/08/2026;08:00;24;5;SOLEIL VOILÉ;4;0;0
NANTES;47.21;-1.55;08/08/2026;09:00;24;5;SOLEIL VOILÉ;4;0;0
NANTES;47.21;-1.55;08/08/2026;10:00;24;5;SOLEIL VOILÉ;4;0;0
NANTES;47.21;-1.55;08/08/2026;11:00;29.7;5;SOLEIL VOILÉ;3;0;0
NANTES;47.21;-1.55;08/08/2026;12:00;29.7;5;SOLEIL VOILÉ;3;0;0
NANTES;47.21;-1.55;08/08/2026;13:00;29.7;5;SOLEIL VOILÉ;3;0;0
NANTES;47.21;-1.55;08/08/2026;14:00;31.7;0;SOLEIL;2;0;0
NANTES;47.21;-1.55;08/08/2026;15:00;31.7;0;SOLEIL;2;0;0
NANTES;47.21;-1.55;08/08/2026;16:00;31.7;0;SOLEIL;2;0;0
NANTES;47.21;-1.55;08/08/2026;17:00;29.5;0;SOLEIL;2;0;0
NANTES;47.21;-1.55;08/08/2026;18:00;29.5;0;SOLEIL;2;0;0
NANTES;47.21;-1.55;08/08/2026;19:00;29.5;0;SOLEIL;2;0;0
NANTES;47.21;-1.55;08/08/2026;20:00;23.9;0;SOLEIL;3;0;0
NANTES;47.21;-1.55;08/08/2026;21:00;23.9;0;SOLEIL;3;0;0
NANTES;47.21;-1.55;08/08/2026;22:00;23.9;0;SOLEIL;3;0;0
NANTES;47.21;-1.55;08/08/2026;23:00;20.7;5;SOLEIL VOILÉ;3;0;0
NANTES;47.21;-1.55;09/08/2026;00:00;20.7;5;SOLEIL VOILÉ;3;0;0
NANTES;47.21;-1.55;09/08/2026;01:00;20.7;5;SOLEIL VOILÉ;3;0;0
NANTES;47.21;-1.55;09/08/2026;02:00;17.7;0;SOLEIL;2;0;0
NANTES;47.21;-1.55;09/08/2026;03:00;17.7;0;SOLEIL;2;0;0
NANTES;47.21;-1.55;09/08/2026;04:00;17.7;0;SOLEIL;2;0;0
NANTES;47.21;-1.55;09/08/2026;05:00;18.2;0;SOLEIL;2;0;0
NANTES;47.21;-1.55;09/08/2026;06:00;18.2;0;SOLEIL;2;0;0
NANTES;47.21;-1.55;09/08/2026;07:00;18.2;0;SOLEIL;2;0;0
NANTES;47.21;-1.55;09/08/2026;08:00;24.9;0;SOLEIL;1;0;0
NANTES;47.21;-1.55;09/08/2026;09:00;24.9;0;SOLEIL;1;0;0
NANTES;47.21;-1.55;09/08/2026;10:00;24.9;0;SOLEIL;1;0;0
NANTES;47.21;-1.55;09/08/2026;11:00;29;0;SOLEIL;3;0;0
NANTES;47.21;-1.55;09/08/2026;12:00;29;0;SOLEIL;3;0;0
NANTES;47.21;-1.55;09/08/2026;13:00;29;0;SOLEIL;3;0;0
NANTES;47.21;-1.55;09/08/2026;14:00;30.2;0;SOLEIL;3;0;0
NANTES;47.21;-1.55;09/08/2026;15:00;30.2;0;SOLEIL;3;0;0
NANTES;47.21;-1.55;09/08/2026;16:00;30.2;0;SOLEIL;3;0;0
NANTES;47.21;-1.55;09/08/2026;17:00;28.4;0;SOLEIL;4;0;0
NANTES;47.21;-1.55;09/08/2026;18:00;28.4;0;SOLEIL;4;0;0
NANTES;47.21;-1.55;09/08/2026;19:00;28.4;0;SOLEIL;4;0;0
NANTES;47.21;-1.55;09/08/2026;20:00;22.5;5;SOLEIL VOILÉ;5;0;0
NANTES;47.21;-1.55;09/08/2026;21:00;20.5;5;SOLEIL VOILÉ;5;0;0
NANTES;47.21;-1.55;09/08/2026;22:00;18.6;5;SOLEIL VOILÉ;5;0;0
NANTES;47.21;-1.55;09/08/2026;23:00;19;0;SOLEIL;4;0;0
NANTES;47.21;-1.55;10/08/2026;00:00;19;0;SOLEIL;4;0;0
NANTES;47.21;-1.55;10/08/2026;01:00;19;0;SOLEIL;4;0;0
NANTES;47.21;-1.55;10/08/2026;02:00;16.9;0;SOLEIL;5;0;0
NANTES;47.21;-1.55;10/08/2026;03:00;16.9;0;SOLEIL;5;0;0
NANTES;47.21;-1.55;10/08/2026;04:00;16.9;0;SOLEIL;5;0;0
NANTES;47.21;-1.55;10/08/2026;05:00;18.1;0;SOLEIL;3;0;0
NANTES;47.21;-1.55;10/08/2026;06:00;18.1;0;SOLEIL;3;0;0
NANTES;47.21;-1.55;10/08/2026;07:00;18.1;0;SOLEIL;3;0;0
NANTES;47.21;-1.55;10/08/2026;08:00;19.9;0;SOLEIL;5;0;0
NANTES;47.21;-1.55;10/08/2026;09:00;21.4;0;SOLEIL;5;0;0
NANTES;47.21;-1.55;10/08/2026;10:00;22.9;0;SOLEIL;5;0;0
NANTES;47.21;-1.55;10/08/2026;11:00;28.1;0;SOLEIL;2;0;0
NANTES;47.21;-1.55;10/08/2026;12:00;28.1;0;SOLEIL;2;0;0
NANTES;47.21;-1.55;10/08/2026;13:00;28.1;0;SOLEIL;2;0;0
NANTES;47.21;-1.55;10/08/2026;14:00;29.0;0;SOLEIL;5;0;0
NANTES;47.21;-1.55;10/08/2026;15:00;30.5;0;SOLEIL;5;0;0
NANTES;47.21;-1.55;10/08/2026;16:00;29.0;0;SOLEIL;5;0;0
NANTES;47.21;-1.55;10/08/2026;17:00;28.6;0;SOLEIL;4;0;0
NANTES;47.21;-1.55;10/08/2026;18:00;28.6;0;SOLEIL;4;0;0
NANTES;47.21;-1.55;10/08/2026;19:00;28.6;0;SOLEIL;4;0;0
NANTES;47.21;-1.55;10/08/2026;20:00;22.9;0;SOLEIL;5;0;0
NANTES;47.21;-1.55;10/08/2026;21:00;21.4;0;SOLEIL;5;0;0
NANTES;47.21;-1.55;10/08/2026;22:00;19.9;0;SOLEIL;5;0;0
NANTES;47.21;-1.55;10/08/2026;23:00;19.7;0;SOLEIL;4;0;0
NANTES;47.21;-1.55;11/08/2026;00:00;19.7;0;SOLEIL;4;0;0
NANTES;47.21;-1.55;11/08/2026;01:00;19.7;0;SOLEIL;4;0;0
NANTES;47.21;-1.55;11/08/2026;02:00;17.1;0;SOLEIL;5;0;0
NANTES;47.21;-1.55;11/08/2026;03:00;17.1;0;SOLEIL;5;0;0
NANTES;47.21;-1.55;11/08/2026;04:00;17.1;0;SOLEIL;5;0;0
NANTES;47.21;-1.55;11/08/2026;05:00;19.4;0;SOLEIL;4;0;0
NANTES;47.21;-1.55;11/08/2026;06:00;19.4;0;SOLEIL;4;0;0
NANTES;47.21;-1.55;11/08/2026;07:00;19.4;0;SOLEIL;4;0;0
NANTES;47.21;-1.55;11/08/2026;08:00;20.3;0;SOLEIL;5;0;0
NANTES;47.21;-1.55;11/08/2026;09:00;21.9;0;SOLEIL;5;0;0
NANTES;47.21;-1.55;11/08/2026;10:00;23.5;0;SOLEIL;5;0;0
NANTES;47.21;-1.55;11/08/2026;11:00;30.9;0;SOLEIL;4;0;0
NANTES;47.21;-1.55;11/08/2026;12:00;30.9;0;SOLEIL;4;0;0
NANTES;47.21;-1.55;11/08/2026;13:00;30.9;0;SOLEIL;4;0;0
NANTES;47.21;-1.55;11/08/2026;14:00;29.8;0;SOLEIL;5;0;0
NANTES;47.21;-1.55;11/08/2026;15:00;31.4;0;SOLEIL;5;0;0
NANTES;47.21;-1.55;11/08/2026;16:00;29.8;0;SOLEIL;5;0;0
NANTES;47.21;-1.55;11/08/2026;17:00;31.6;0;SOLEIL;3;0;0
NANTES;47.21;-1.55;11/08/2026;18:00;31.6;0;SOLEIL;3;0;0
NANTES;47.21;-1.55;11/08/2026;19:00;31.6;0;SOLEIL;3;0;0
NANTES;47.21;-1.55;11/08/2026;20:00;23.5;0;SOLEIL;5;0;0
NANTES;47.21;-1.55;11/08/2026;21:00;21.9;0;SOLEIL;5;0;0
NANTES;47.21;-1.55;11/08/2026;22:00;20.3;0;SOLEIL;5;0;0
NANTES;47.21;-1.55;11/08/2026;23:00;25.1;0;SOLEIL;4;0;0
NANTES;47.21;-1.55;12/08/2026;00:00;25.1;0;SOLEIL;4;0;0
NANTES;47.21;-1.55;12/08/2026;01:00;25.1;0;SOLEIL;4;0;0
NANTES;47.21;-1.55;12/08/2026;02:00;18.2;0;SOLEIL;5;0;0
NANTES;47.21;-1.55;12/08/2026;03:00;18.2;0;SOLEIL;5;0;0
NANTES;47.21;-1.55;12/08/2026;04:00;18.2;0;SOLEIL;5;0;0
NANTES;47.21;-1.55;12/08/2026;05:00;22.5;0;SOLEIL;4;0;0
NANTES;47.21;-1.55;12/08/2026;06:00;22.5;0;SOLEIL;4;0;0
NANTES;47.21;-1.55;12/08/2026;07:00;22.5;0;SOLEIL;4;0;0
NANTES;47.21;-1.55;12/08/2026;08:00;21.6;0;SOLEIL;5;0;0
NANTES;47.21;-1.55;12/08/2026;09:00;23.4;0;SOLEIL;5;0;0
NANTES;47.21;-1.55;12/08/2026;10:00;25.1;0;SOLEIL;5;0;0
NANTES;47.21;-1.55;12/08/2026;11:00;33.5;0;SOLEIL;4;0;0
NANTES;47.21;-1.55;12/08/2026;12:00;33.5;0;SOLEIL;4;0;0
NANTES;47.21;-1.55;12/08/2026;13:00;33.5;0;SOLEIL;4;0;0
NANTES;47.21;-1.55;12/08/2026;14:00;32.0;0;SOLEIL;5;0;0
NANTES;47.21;-1.55;12/08/2026;15:00;33.7;0;SOLEIL;5;0;0
NANTES;47.21;-1.55;12/08/2026;16:00;32.0;0;SOLEIL;5;0;0
NANTES;47.21;-1.55;12/08/2026;17:00;33.1;0;SOLEIL;4;0;0
NANTES;47.21;-1.55;12/08/2026;18:00;33.1;0;SOLEIL;4;0;0
NANTES;47.21;-1.55;12/08/2026;19:00;33.1;0;SOLEIL;4;0;0
NANTES;47.21;-1.55;12/08/2026;20:00;25.1;0;SOLEIL;5;0;0
NANTES;47.21;-1.55;12/08/2026;21:00;23.4;0;SOLEIL;5;0;0
NANTES;47.21;-1.55;12/08/2026;22:00;21.6;0;SOLEIL;5;0;0
NANTES;47.21;-1.55;12/08/2026;23:00;23.1;0;SOLEIL;3;0;0
Saint-Nazaire;47.27;-2.21;08/08/2026;00:00;17.6;5;SOLEIL VOILÉ;5;0;0
Saint-Nazaire;47.27;-2.21;08/08/2026;01:00;17.6;5;SOLEIL VOILÉ;5;0;0
Saint-Nazaire;47.27;-2.21;08/08/2026;02:00;16.4;5;SOLEIL VOILÉ;4;0;0
Saint-Nazaire;47.27;-2.21;08/08/2026;03:00;16.4;5;SOLEIL VOILÉ;4;0;0
Saint-Nazaire;47.27;-2.21;08/08/2026;04:00;16.4;5;SOLEIL VOILÉ;4;0;0
Saint-Nazaire;47.27;-2.21;08/08/2026;05:00;17.1;5;SOLEIL VOILÉ;4;0;0
Saint-Nazaire;47.27;-2.21;08/08/2026;06:00;17.1;5;SOLEIL VOILÉ;4;0;0
Saint-Nazaire;47.27;-2.21;08/08/2026;07:00;17.1;5;SOLEIL VOILÉ;4;0;0
Saint-Nazaire;47.27;-2.21;08/08/2026;08:00;23.5;5;SOLEIL VOILÉ;4;0;0
Saint-Nazaire;47.27;-2.21;08/08/2026;09:00;23.5;5;SOLEIL VOILÉ;4;0;0
Saint-Nazaire;47.27;-2.21;08/08/2026;10:00;23.5;5;SOLEIL VOILÉ;4;0;0
Saint-Nazaire;47.27;-2.21;08/08/2026;11:00;29.2;5;SOLEIL VOILÉ;3;0;0
Saint-Nazaire;47.27;-2.21;08/08/2026;12:00;29.2;5;SOLEIL VOILÉ;3;0;0
Saint-Nazaire;47.27;-2.21;08/08/2026;13:00;29.2;5;SOLEIL VOILÉ;3;0;0
Saint-Nazaire;47.27;-2.21;08/08/2026;14:00;29.6;0;SOLEIL;3;0;0
Saint-Nazaire;47.27;-2.21;08/08/2026;15:00;29.6;0;SOLEIL;3;0;0
Saint-Nazaire;47.27;-2.21;08/08/2026;16:00;29.6;0;SOLEIL;3;0;0
Saint-Nazaire;47.27;-2.21;08/08/2026;17:00;27.5;0;SOLEIL;3;0;0
Saint-Nazaire;47.27;-2.21;08/08/2026;18:00;27.5;0;SOLEIL;3;0;0
Saint-Nazaire;47.27;-2.21;08/08/2026;19:00;27.5;0;SOLEIL;3;0;0
Saint-Nazaire;47.27;-2.21;08/08/2026;20:00;21.6;0;SOLEIL;3;0;0
Saint-Nazaire;47.27;-2.21;08/08/2026;21:00;21.6;0;SOLEIL;3;0;0
Saint-Nazaire;47.27;-2.21;08/08/2026;22:00;21.6;0;SOLEIL;3;0;0
Saint-Nazaire;47.27;-2.21;08/08/2026;23:00;19.4;0;SOLEIL;2;0;0
Saint-Nazaire;47.27;-2.21;09/08/2026;00:00;19.4;0;SOLEIL;2;0;0
Saint-Nazaire;47.27;-2.21;09/08/2026;01:00;19.4;0;SOLEIL;2;0;0
Saint-Nazaire;47.27;-2.21;09/08/2026;02:00;18.5;0;SOLEIL;2;0;0
Saint-Nazaire;47.27;-2.21;09/08/2026;03:00;18.5;0;SOLEIL;2;0;0
Saint-Nazaire;47.27;-2.21;09/08/2026;04:00;18.5;0;SOLEIL;2;0;0
Saint-Nazaire;47.27;-2.21;09/08/2026;05:00;18.6;0;SOLEIL;2;0;0
Saint-Nazaire;47.27;-2.21;09/08/2026;06:00;18.6;0;SOLEIL;2;0;0
Saint-Nazaire;47.27;-2.21;09/08/2026;07:00;18.6;0;SOLEIL;2;0;0
Saint-Nazaire;47.27;-2.21;09/08/2026;08:00;23.6;0;SOLEIL;2;0;0
Saint-Nazaire;47.27;-2.21;09/08/2026;09:00;23.6;0;SOLEIL;2;0;0
Saint-Nazaire;47.27;-2.21;09/08/2026;10:00;23.6;0;SOLEIL;2;0;0
Saint-Nazaire;47.27;-2.21;09/08/2026;11:00;26.1;0;SOLEIL;3;0;0
Saint-Nazaire;47.27;-2.21;09/08/2026;12:00;26.1;0;SOLEIL;3;0;0
Saint-Nazaire;47.27;-2.21;09/08/2026;13:00;26.1;0;SOLEIL;3;0;0
Saint-Nazaire;47.27;-2.21;09/08/2026;14:00;26.4;0;SOLEIL;5;0;0
Saint-Nazaire;47.27;-2.21;09/08/2026;15:00;26.4;0;SOLEIL;5;0;0
Saint-Nazaire;47.27;-2.21;09/08/2026;16:00;26.4;0;SOLEIL;5;0;0
Saint-Nazaire;47.27;-2.21;09/08/2026;17:00;24;0;SOLEIL;5;0;0
Saint-Nazaire;47.27;-2.21;09/08/2026;18:00;24;0;SOLEIL;5;0;0
Saint-Nazaire;47.27;-2.21;09/08/2026;19:00;24;0;SOLEIL;5;0;0
Saint-Nazaire;47.27;-2.21;09/08/2026;20:00;22.1;5;SOLEIL VOILÉ;5;0;0
Saint-Nazaire;47.27;-2.21;09/08/2026;21:00;20.5;5;SOLEIL VOILÉ;5;0;0
Saint-Nazaire;47.27;-2.21;09/08/2026;22:00;18.8;5;SOLEIL VOILÉ;5;0;0
Saint-Nazaire;47.27;-2.21;09/08/2026;23:00;19.6;0;SOLEIL;3;0;0
Saint-Nazaire;47.27;-2.21;10/08/2026;00:00;19.6;0;SOLEIL;3;0;0
Saint-Nazaire;47.27;-2.21;10/08/2026;01:00;19.6;0;SOLEIL;3;0;0
Saint-Nazaire;47.27;-2.21;10/08/2026;02:00;18;0;SOLEIL;5;0;0
Saint-Nazaire;47.27;-2.21;10/08/2026;03:00;18;0;SOLEIL;5;0;0
Saint-Nazaire;47.27;-2.21;10/08/2026;04:00;18;0;SOLEIL;5;0;0
Saint-Nazaire;47.27;-2.21;10/08/2026;05:00;18.7;0;SOLEIL;3;0;0
Saint-Nazaire;47.27;-2.21;10/08/2026;06:00;18.7;0;SOLEIL;3;0;0
Saint-Nazaire;47.27;-2.21;10/08/2026;07:00;18.7;0;SOLEIL;3;0;0
Saint-Nazaire;47.27;-2.21;10/08/2026;08:00;20.1;0;SOLEIL;5;0;0
Saint-Nazaire;47.27;-2.21;10/08/2026;09:00;21.2;0;SOLEIL;5;0;0
Saint-Nazaire;47.27;-2.21;10/08/2026;10:00;22.2;0;SOLEIL;5;0;0
Saint-Nazaire;47.27;-2.21;10/08/2026;11:00;27.7;0;SOLEIL;3;0;0
Saint-Nazaire;47.27;-2.21;10/08/2026;12:00;27.7;0;SOLEIL;3;0;0
Saint-Nazaire;47.27;-2.21;10/08/2026;13:00;27.7;0;SOLEIL;3;0;0
Saint-Nazaire;47.27;-2.21;10/08/2026;14:00;26.4;0;SOLEIL;5;0;0
Saint-Nazaire;47.27;-2.21;10/08/2026;15:00;27.5;0;SOLEIL;5;0;0
Saint-Nazaire;47.27;-2.21;10/08/2026;16:00;26.4;0;SOLEIL;5;0;0
Saint-Nazaire;47.27;-2.21;10/08/2026;17:00;27.6;0;SOLEIL;4;0;0
Saint-Nazaire;47.27;-2.21;10/08/2026;18:00;27.6;0;SOLEIL;4;0;0
Saint-Nazaire;47.27;-2.21;10/08/2026;19:00;27.6;0;SOLEIL;4;0;0
Saint-Nazaire;47.27;-2.21;10/08/2026;20:00;22.2;0;SOLEIL;5;0;0
Saint-Nazaire;47.27;-2.21;10/08/2026;21:00;21.2;0;SOLEIL;5;0;0
Saint-Nazaire;47.27;-2.21;10/08/2026;22:00;20.1;0;SOLEIL;5;0;0
Saint-Nazaire;47.27;-2.21;10/08/2026;23:00;20.7;0;SOLEIL;5;0;0
Saint-Nazaire;47.27;-2.21;11/08/2026;00:00;20.7;0;SOLEIL;5;0;0
Saint-Nazaire;47.27;-2.21;11/08/2026;01:00;20.7;0;SOLEIL;5;0;0
Saint-Nazaire;47.27;-2.21;11/08/2026;02:00;17.9;0;SOLEIL;5;0;0
Saint-Nazaire;47.27;-2.21;11/08/2026;03:00;17.9;0;SOLEIL;5;0;0
Saint-Nazaire;47.27;-2.21;11/08/2026;04:00;17.9;0;SOLEIL;5;0;0
Saint-Nazaire;47.27;-2.21;11/08/2026;05:00;20.1;0;SOLEIL;4;0;0
Saint-Nazaire;47.27;-2.21;11/08/2026;06:00;20.1;0;SOLEIL;4;0;0
Saint-Nazaire;47.27;-2.21;11/08/2026;07:00;20.1;0;SOLEIL;4;0;0
Saint-Nazaire;47.27;-2.21;11/08/2026;08:00;20.5;0;SOLEIL;5;0;0
Saint-Nazaire;47.27;-2.21;11/08/2026;09:00;21.8;0;SOLEIL;5;0;0
Saint-Nazaire;47.27;-2.21;11/08/2026;10:00;23.1;0;SOLEIL;5;0;0
Saint-Nazaire;47.27;-2.21;11/08/2026;11:00;32.1;0;SOLEIL;3;0;0
Saint-Nazaire;47.27;-2.21;11/08/2026;12:00;32.1;0;SOLEIL;3;0;0
Saint-Nazaire;47.27;-2.21;11/08/2026;13:00;32.1;0;SOLEIL;3;0;0
Saint-Nazaire;47.27;-2.21;11/08/2026;14:00;28.4;0;SOLEIL;5;0;0
Saint-Nazaire;47.27;-2.21;11/08/2026;15:00;29.7;0;SOLEIL;5;0;0
Saint-Nazaire;47.27;-2.21;11/08/2026;16:00;28.4;0;SOLEIL;5;0;0
Saint-Nazaire;47.27;-2.21;11/08/2026;17:00;32.1;0;SOLEIL;4;0;0
Saint-Nazaire;47.27;-2.21;11/08/2026;18:00;32.1;0;SOLEIL;4;0;0
Saint-Nazaire;47.27;-2.21;11/08/2026;19:00;32.1;0;SOLEIL;4;0;0
Saint-Nazaire;47.27;-2.21;11/08/2026;20:00;23.1;0;SOLEIL;5;0;0
Saint-Nazaire;47.27;-2.21;11/08/2026;21:00;21.8;0;SOLEIL;5;0;0
Saint-Nazaire;47.27;-2.21;11/08/2026;22:00;20.5;0;SOLEIL;5;0;0
Saint-Nazaire;47.27;-2.21;11/08/2026;23:00;26.1;0;SOLEIL;5;0;0
Saint-Nazaire;47.27;-2.21;12/08/2026;00:00;26.1;0;SOLEIL;5;0;0
Saint-Nazaire;47.27;-2.21;12/08/2026;01:00;26.1;0;SOLEIL;5;0;0
Saint-Nazaire;47.27;-2.21;12/08/2026;02:00;18.6;0;SOLEIL;5;0;0
Saint-Nazaire;47.27;-2.21;12/08/2026;03:00;18.6;0;SOLEIL;5;0;0
Saint-Nazaire;47.27;-2.21;12/08/2026;04:00;18.6;0;SOLEIL;5;0;0
Saint-Nazaire;47.27;-2.21;12/08/2026;05:00;23.2;0;SOLEIL;4;0;0
Saint-Nazaire;47.27;-2.21;12/08/2026;06:00;23.2;0;SOLEIL;4;0;0
Saint-Nazaire;47.27;-2.21;12/08/2026;07:00;23.2;0;SOLEIL;4;0;0
Saint-Nazaire;47.27;-2.21;12/08/2026;08:00;22.1;0;SOLEIL;5;0;0
Saint-Nazaire;47.27;-2.21;12/08/2026;09:00;23.9;0;SOLEIL;5;0;0
Saint-Nazaire;47.27;-2.21;12/08/2026;10:00;25.6;0;SOLEIL;5;0;0
Saint-Nazaire;47.27;-2.21;12/08/2026;11:00;31.6;0;SOLEIL;4;0;0
Saint-Nazaire;47.27;-2.21;12/08/2026;12:00;31.6;0;SOLEIL;4;0;0
Saint-Nazaire;47.27;-2.21;12/08/2026;13:00;31.6;0;SOLEIL;4;0;0
Saint-Nazaire;47.27;-2.21;12/08/2026;14:00;32.6;0;SOLEIL;5;0;0
Saint-Nazaire;47.27;-2.21;12/08/2026;15:00;34.4;0;SOLEIL;5;0;0
Saint-Nazaire;47.27;-2.21;12/08/2026;16:00;32.6;0;SOLEIL;5;0;0
Saint-Nazaire;47.27;-2.21;12/08/2026;17:00;28.2;0;SOLEIL;4;0;0
Saint-Nazaire;47.27;-2.21;12/08/2026;18:00;28.2;0;SOLEIL;4;0;0
Saint-Nazaire;47.27;-2.21;12/08/2026;19:00;28.2;0;SOLEIL;4;0;0
Saint-Nazaire;47.27;-2.21;12/08/2026;20:00;25.6;0;SOLEIL;5;0;0
Saint-Nazaire;47.27;-2.21;12/08/2026;21:00;23.9;0;SOLEIL;5;0;0
Saint-Nazaire;47.27;-2.21;12/08/2026;22:00;22.1;0;SOLEIL;5;0;0
Saint-Nazaire;47.27;-2.21;12/08/2026;23:00;22.6;0;SOLEIL;4;0;0
Angers;47.47;-0.55;08/08/2026;00:00;18;0;SOLEIL;3;0;0
Angers;47.47;-0.55;08/08/2026;01:00;18;0;SOLEIL;3;0;0
Angers;47.47;-0.55;08/08/2026;02:00;15.4;5;SOLEIL VOILÉ;3;0;0
Angers;47.47;-0.55;08/08/2026;03:00;15.4;5;SOLEIL VOILÉ;3;0;0
Angers;47.47;-0.55;08/08/2026;04:00;15.4;5;SOLEIL VOILÉ;3;0;0
Angers;47.47;-0.55;08/08/2026;05:00;15.5;5;SOLEIL VOILÉ;3;0;0
Angers;47.47;-0.55;08/08/2026;06:00;15.5;5;SOLEIL VOILÉ;3;0;0
Angers;47.47;-0.55;08/08/2026;07:00;15.5;5;SOLEIL VOILÉ;3;0;0
Angers;47.47;-0.55;08/08/2026;08:00;23.9;0;SOLEIL;3;0;0
Angers;47.47;-0.55;08/08/2026;09:00;23.9;0;SOLEIL;3;0;0
Angers;47.47;-0.55;08/08/2026;10:00;23.9;0;SOLEIL;3;0;0
Angers;47.47;-0.55;08/08/2026;11:00;30;5;SOLEIL VOILÉ;3;0;0
Angers;47.47;-0.55;08/08/2026;12:00;30;5;SOLEIL VOILÉ;3;0;0
Angers;47.47;-0.55;08/08/2026;13:00;30;5;SOLEIL VOILÉ;3;0;0
Angers;47.47;-0.55;08/08/2026;14:00;32.6;0;SOLEIL;2;0;0
Angers;47.47;-0.55;08/08/2026;15:00;32.6;0;SOLEIL;2;0;0
Angers;47.47;-0.55;08/08/2026;16:00;32.6;0;SOLEIL;2;0;0
Angers;47.47;-0.55;08/08/2026;17:00;29.6;0;SOLEIL;3;0;0
Angers;47.47;-0.55;08/08/2026;18:00;29.6;0;SOLEIL;3;0;0
Angers;47.47;-0.55;08/08/2026;19:00;29.6;0;SOLEIL;3;0;0
Angers;47.47;-0.55;08/08/2026;20:00;24.9;0;SOLEIL;2;0;0
Angers;47.47;-0.55;08/08/2026;21:00;24.9;0;SOLEIL;2;0;0
Angers;47.47;-0.55;08/08/2026;22:00;24.9;0;SOLEIL;2;0;0
Angers;47.47;-0.55;08/08/2026;23:00;21.7;5;SOLEIL VOILÉ;2;0;0
Angers;47.47;-0.55;09/08/2026;00:00;21.7;5;SOLEIL VOILÉ;2;0;0
Angers;47.47;-0.55;09/08/2026;01:00;21.7;5;SOLEIL VOILÉ;2;0;0
Angers;47.47;-0.55;09/08/2026;02:00;20;5;SOLEIL VOILÉ;1;0;0
Angers;47.47;-0.55;09/08/2026;03:00;20;5;SOLEIL VOILÉ;1;0;0
Angers;47.47;-0.55;09/08/2026;04:00;20;5;SOLEIL VOILÉ;1;0;0
Angers;47.47;-0.55;09/08/2026;05:00;19.6;0;SOLEIL;2;0;0
Angers;47.47;-0.55;09/08/2026;06:00;19.6;0;SOLEIL;2;0;0
Angers;47.47;-0.55;09/08/2026;07:00;19.6;0;SOLEIL;2;0;0
Angers;47.47;-0.55;09/08/2026;08:00;26.1;0;SOLEIL;3;0;0
Angers;47.47;-0.55;09/08/2026;09:00;26.1;0;SOLEIL;3;0;0
Angers;47.47;-0.55;09/08/2026;10:00;26.1;0;SOLEIL;3;0;0
Angers;47.47;-0.55;09/08/2026;11:00;29.9;0;SOLEIL;3;0;0
Angers;47.47;-0.55;09/08/2026;12:00;29.9;0;SOLEIL;3;0;0
Angers;47.47;-0.55;09/08/2026;13:00;29.9;0;SOLEIL;3;0;0
Angers;47.47;-0.55;09/08/2026;14:00;31.1;0;SOLEIL;3;0;0
Angers;47.47;-0.55;09/08/2026;15:00;31.1;0;SOLEIL;3;0;0
Angers;47.47;-0.55;09/08/2026;16:00;31.1;0;SOLEIL;3;0;0
Angers;47.47;-0.55;09/08/2026;17:00;30.1;0;SOLEIL;3;0;0
Angers;47.47;-0.55;09/08/2026;18:00;30.1;0;SOLEIL;3;0;0
Angers;47.47;-0.55;09/08/2026;19:00;30.1;0;SOLEIL;3;0;0
Angers;47.47;-0.55;09/08/2026;20:00;22.7;0;SOLEIL;5;0;0
Angers;47.47;-0.55;09/08/2026;21:00;20.6;0;SOLEIL;5;0;0
Angers;47.47;-0.55;09/08/2026;22:00;18.6;0;SOLEIL;5;0;0
Angers;47.47;-0.55;09/08/2026;23:00;22.1;0;SOLEIL;3;0;0
Angers;47.47;-0.55;10/08/2026;00:00;22.1;0;SOLEIL;3;0;0
Angers;47.47;-0.55;10/08/2026;01:00;22.1;0;SOLEIL;3;0;0
Angers;47.47;-0.55;10/08/2026;02:00;19;0;SOLEIL;5;0;0
Angers;47.47;-0.55;10/08/2026;03:00;19;0;SOLEIL;5;0;0
Angers;47.47;-0.55;10/08/2026;04:00;19;0;SOLEIL;5;0;0
Angers;47.47;-0.55;10/08/2026;05:00;19.1;0;SOLEIL;3;0;0
Angers;47.47;-0.55;10/08/2026;06:00;19.1;0;SOLEIL;3;0;0
Angers;47.47;-0.55;10/08/2026;07:00;19.1;0;SOLEIL;3;0;0
Angers;47.47;-0.55;10/08/2026;08:00;21.8;0;SOLEIL;5;0;0
Angers;47.47;-0.55;10/08/2026;09:00;23.2;0;SOLEIL;5;0;0
Angers;47.47;-0.55;10/08/2026;10:00;24.6;0;SOLEIL;5;0;0
Angers;47.47;-0.55;10/08/2026;11:00;30.1;0;SOLEIL;2;0;0
Angers;47.47;-0.55;10/08/2026;12:00;30.1;0;SOLEIL;2;0;0
Angers;47.47;-0.55;10/08/2026;13:00;30.1;0;SOLEIL;2;0;0
Angers;47.47;-0.55;10/08/2026;14:00;30.2;0;SOLEIL;5;0;0
Angers;47.47;-0.55;10/08/2026;15:00;31.6;0;SOLEIL;5;0;0
Angers;47.47;-0.55;10/08/2026;16:00;30.2;0;SOLEIL;5;0;0
Angers;47.47;-0.55;10/08/2026;17:00;30.4;0;SOLEIL;4;0;0
Angers;47.47;-0.55;10/08/2026;18:00;30.4;0;SOLEIL;4;0;0
Angers;47.47;-0.55;10/08/2026;19:00;30.4;0;SOLEIL;4;0;0
Angers;47.47;-0.55;10/08/2026;20:00;24.6;0;SOLEIL;5;0;0
Angers;47.47;-0.55;10/08/2026;21:00;23.2;0;SOLEIL;5;0;0
Angers;47.47;-0.55;10/08/2026;22:00;21.8;0;SOLEIL;5;0;0
Angers;47.47;-0.55;10/08/2026;23:00;22;0;SOLEIL;4;0;0
Angers;47.47;-0.55;11/08/2026;00:00;22;0;SOLEIL;4;0;0
Angers;47.47;-0.55;11/08/2026;01:00;22;0;SOLEIL;4;0;0
Angers;47.47;-0.55;11/08/2026;02:00;18.2;0;SOLEIL;5;0;0
Angers;47.47;-0.55;11/08/2026;03:00;18.2;0;SOLEIL;5;0;0
Angers;47.47;-0.55;11/08/2026;04:00;18.2;0;SOLEIL;5;0;0
Angers;47.47;-0.55;11/08/2026;05:00;19.6;0;SOLEIL;3;0;0
Angers;47.47;-0.55;11/08/2026;06:00;19.6;0;SOLEIL;3;0;0
Angers;47.47;-0.55;11/08/2026;07:00;19.6;0;SOLEIL;3;0;0
Angers;47.47;-0.55;11/08/2026;08:00;21.4;0;SOLEIL;5;0;0
Angers;47.47;-0.55;11/08/2026;09:00;23.0;0;SOLEIL;5;0;0
Angers;47.47;-0.55;11/08/2026;10:00;24.6;0;SOLEIL;5;0;0
Angers;47.47;-0.55;11/08/2026;11:00;31.1;0;SOLEIL;3;0;0
Angers;47.47;-0.55;11/08/2026;12:00;31.1;0;SOLEIL;3;0;0
Angers;47.47;-0.55;11/08/2026;13:00;31.1;0;SOLEIL;3;0;0
Angers;47.47;-0.55;11/08/2026;14:00;31.1;0;SOLEIL;5;0;0
Angers;47.47;-0.55;11/08/2026;15:00;32.7;0;SOLEIL;5;0;0
Angers;47.47;-0.55;11/08/2026;16:00;31.1;0;SOLEIL;5;0;0
Angers;47.47;-0.55;11/08/2026;17:00;32.4;0;SOLEIL;3;0;0
Angers;47.47;-0.55;11/08/2026;18:00;32.4;0;SOLEIL;3;0;0
Angers;47.47;-0.55;11/08/2026;19:00;32.4;0;SOLEIL;3;0;0
Angers;47.47;-0.55;11/08/2026;20:00;24.6;0;SOLEIL;5;0;0
Angers;47.47;-0.55;11/08/2026;21:00;23.0;0;SOLEIL;5;0;0
Angers;47.47;-0.55;11/08/2026;22:00;21.4;0;SOLEIL;5;0;0
Angers;47.47;-0.55;11/08/2026;23:00;24.4;0;SOLEIL;4;0;0
Angers;47.47;-0.55;12/08/2026;00:00;24.4;0;SOLEIL;4;0;0
Angers;47.47;-0.55;12/08/2026;01:00;24.4;0;SOLEIL;4;0;0
Angers;47.47;-0.55;12/08/2026;02:00;18.6;0;SOLEIL;5;0;0
Angers;47.47;-0.55;12/08/2026;03:00;18.6;0;SOLEIL;5;0;0
Angers;47.47;-0.55;12/08/2026;04:00;18.6;0;SOLEIL;5;0;0
Angers;47.47;-0.55;12/08/2026;05:00;22.1;0;SOLEIL;3;0;0
Angers;47.47;-0.55;12/08/2026;06:00;22.1;0;SOLEIL;3;0;0
Angers;47.47;-0.55;12/08/2026;07:00;22.1;0;SOLEIL;3;0;0
Angers;47.47;-0.55;12/08/2026;08:00;22.1;0;SOLEIL;5;0;0
Angers;47.47;-0.55;12/08/2026;09:00;23.8;0;SOLEIL;5;0;0
Angers;47.47;-0.55;12/08/2026;10:00;25.5;0;SOLEIL;5;0;0
Angers;47.47;-0.55;12/08/2026;11:00;34.4;0;SOLEIL;3;0;0
Angers;47.47;-0.55;12/08/2026;12:00;34.4;0;SOLEIL;3;0;0
Angers;47.47;-0.55;12/08/2026;13:00;34.4;0;SOLEIL;3;0;0
Angers;47.47;-0.55;12/08/2026;14:00;32.5;0;SOLEIL;5;0;0
Angers;47.47;-0.55;12/08/2026;15:00;34.2;0;SOLEIL;5;0;0
Angers;47.47;-0.55;12/08/2026;16:00;32.5;0;SOLEIL;5;0;0
Angers;47.47;-0.55;12/08/2026;17:00;34.1;0;SOLEIL;2;0;0
Angers;47.47;-0.55;12/08/2026;18:00;34.1;0;SOLEIL;2;0;0
Angers;47.47;-0.55;12/08/2026;19:00;34.1;0;SOLEIL;2;0;0
Angers;47.47;-0.55;12/08/2026;20:00;25.5;0;SOLEIL;5;0;0
Angers;47.47;-0.55;12/08/2026;21:00;23.8;0;SOLEIL;5;0;0
Angers;47.47;-0.55;12/08/2026;22:00;22.1;0;SOLEIL;5;0;0
Angers;47.47;-0.55;12/08/2026;23:00;24.2;0;SOLEIL;3;0;0
Cholet;47.06;-0.87;08/08/2026;00:00;17.7;0;SOLEIL;3;0;0
Cholet;47.06;-0.87;08/08/2026;01:00;17.7;0;SOLEIL;3;0;0
Cholet;47.06;-0.87;08/08/2026;02:00;16.2;5;SOLEIL VOILÉ;3;0;0
Cholet;47.06;-0.87;08/08/2026;03:00;16.2;5;SOLEIL VOILÉ;3;0;0
Cholet;47.06;-0.87;08/08/2026;04:00;16.2;5;SOLEIL VOILÉ;3;0;0
Cholet;47.06;-0.87;08/08/2026;05:00;16.2;5;SOLEIL VOILÉ;4;0;0
Cholet;47.06;-0.87;08/08/2026;06:00;16.2;5;SOLEIL VOILÉ;4;0;0
Cholet;47.06;-0.87;08/08/2026;07:00;16.2;5;SOLEIL VOILÉ;4;0;0
Cholet;47.06;-0.87;08/08/2026;08:00;25.1;0;SOLEIL;4;0;0
Cholet;47.06;-0.87;08/08/2026;09:00;25.1;0;SOLEIL;4;0;0
Cholet;47.06;-0.87;08/08/2026;10:00;25.1;0;SOLEIL;4;0;0
Cholet;47.06;-0.87;08/08/2026;11:00;30.5;5;SOLEIL VOILÉ;3;0;0
Cholet;47.06;-0.87;08/08/2026;12:00;30.5;5;SOLEIL VOILÉ;3;0;0
Cholet;47.06;-0.87;08/08/2026;13:00;30.5;5;SOLEIL VOILÉ;3;0;0
Cholet;47.06;-0.87;08/08/2026;14:00;32.1;0;SOLEIL;2;0;0
Cholet;47.06;-0.87;08/08/2026;15:00;32.1;0;SOLEIL;2;0;0
Cholet;47.06;-0.87;08/08/2026;16:00;32.1;0;SOLEIL;2;0;0
Cholet;47.06;-0.87;08/08/2026;17:00;30.7;0;SOLEIL;2;0;0
Cholet;47.06;-0.87;08/08/2026;18:00;30.7;0;SOLEIL;2;0;0
Cholet;47.06;-0.87;08/08/2026;19:00;30.7;0;SOLEIL;2;0;0
Cholet;47.06;-0.87;08/08/2026;20:00;24.2;5;SOLEIL VOILÉ;2;0;0
Cholet;47.06;-0.87;08/08/2026;21:00;24.2;5;SOLEIL VOILÉ;2;0;0
Cholet;47.06;-0.87;08/08/2026;22:00;24.2;5;SOLEIL VOILÉ;2;0;0
Cholet;47.06;-0.87;08/08/2026;23:00;20.6;5;SOLEIL VOILÉ;2;0;0
Cholet;47.06;-0.87;09/08/2026;00:00;20.6;5;SOLEIL VOILÉ;2;0;0
Cholet;47.06;-0.87;09/08/2026;01:00;20.6;5;SOLEIL VOILÉ;2;0;0
Cholet;47.06;-0.87;09/08/2026;02:00;19;5;SOLEIL VOILÉ;3;0;0
Cholet;47.06;-0.87;09/08/2026;03:00;19;5;SOLEIL VOILÉ;3;0;0
Cholet;47.06;-0.87;09/08/2026;04:00;19;5;SOLEIL VOILÉ;3;0;0
Cholet;47.06;-0.87;09/08/2026;05:00;18.9;0;SOLEIL;2;0;0
Cholet;47.06;-0.87;09/08/2026;06:00;18.9;0;SOLEIL;2;0;0
Cholet;47.06;-0.87;09/08/2026;07:00;18.9;0;SOLEIL;2;0;0
Cholet;47.06;-0.87;09/08/2026;08:00;25.6;0;SOLEIL;2;0;0
Cholet;47.06;-0.87;09/08/2026;09:00;25.6;0;SOLEIL;2;0;0
Cholet;47.06;-0.87;09/08/2026;10:00;25.6;0;SOLEIL;2;0;0
Cholet;47.06;-0.87;09/08/2026;11:00;29.6;0;SOLEIL;3;0;0
Cholet;47.06;-0.87;09/08/2026;12:00;29.6;0;SOLEIL;3;0;0
Cholet;47.06;-0.87;09/08/2026;13:00;29.6;0;SOLEIL;3;0;0
Cholet;47.06;-0.87;09/08/2026;14:00;31.6;0;SOLEIL;4;0;0
Cholet;47.06;-0.87;09/08/2026;15:00;31.6;0;SOLEIL;4;0;0
Cholet;47.06;-0.87;09/08/2026;16:00;31.6;0;SOLEIL;4;0;0
Cholet;47.06;-0.87;09/08/2026;17:00;29.7;0;SOLEIL;4;0;0
Cholet;47.06;-0.87;09/08/2026;18:00;29.7;0;SOLEIL;4;0;0
Cholet;47.06;-0.87;09/08/2026;19:00;29.7;0;SOLEIL;4;0;0
Cholet;47.06;-0.87;09/08/2026;20:00;22.6;5;SOLEIL VOILÉ;5;0;0
Cholet;47.06;-0.87;09/08/2026;21:00;20.6;5;SOLEIL VOILÉ;5;0;0
Cholet;47.06;-0.87;09/08/2026;22:00;18.6;5;SOLEIL VOILÉ;5;0;0
Cholet;47.06;-0.87;09/08/2026;23:00;20.6;0;SOLEIL;2;0;0
Cholet;47.06;-0.87;10/08/2026;00:00;20.6;0;SOLEIL;2;0;0
Cholet;47.06;-0.87;10/08/2026;01:00;20.6;0;SOLEIL;2;0;0
Cholet;47.06;-0.87;10/08/2026;02:00;18;0;SOLEIL;5;0;0
Cholet;47.06;-0.87;10/08/2026;03:00;18;0;SOLEIL;5;0;0
Cholet;47.06;-0.87;10/08/2026;04:00;18;0;SOLEIL;5;0;0
Cholet;47.06;-0.87;10/08/2026;05:00;18.6;0;SOLEIL;3;0;0
Cholet;47.06;-0.87;10/08/2026;06:00;18.6;0;SOLEIL;3;0;0
Cholet;47.06;-0.87;10/08/2026;07:00;18.6;0;SOLEIL;3;0;0
Cholet;47.06;-0.87;10/08/2026;08:00;21.1;0;SOLEIL;5;0;0
Cholet;47.06;-0.87;10/08/2026;09:00;22.7;0;SOLEIL;5;0;0
Cholet;47.06;-0.87;10/08/2026;10:00;24.3;0;SOLEIL;5;0;0
Cholet;47.06;-0.87;10/08/2026;11:00;30;0;SOLEIL;2;0;0
Cholet;47.06;-0.87;10/08/2026;12:00;30;0;SOLEIL;2;0;0
Cholet;47.06;-0.87;10/08/2026;13:00;30;0;SOLEIL;2;0;0
Cholet;47.06;-0.87;10/08/2026;14:00;30.5;0;SOLEIL;5;0;0
Cholet;47.06;-0.87;10/08/2026;15:00;32.1;0;SOLEIL;5;0;0
Cholet;47.06;-0.87;10/08/2026;16:00;30.5;0;SOLEIL;5;0;0
Cholet;47.06;-0.87;10/08/2026;17:00;31.1;0;SOLEIL;3;0;0
Cholet;47.06;-0.87;10/08/2026;18:00;31.1;0;SOLEIL;3;0;0
Cholet;47.06;-0.87;10/08/2026;19:00;31.1;0;SOLEIL;3;0;0
Cholet;47.06;-0.87;10/08/2026;20:00;24.3;0;SOLEIL;5;0;0
Cholet;47.06;-0.87;10/08/2026;21:00;22.7;0;SOLEIL;5;0;0
Cholet;47.06;-0.87;10/08/2026;22:00;21.1;0;SOLEIL;5;0;0
Cholet;47.06;-0.87;10/08/2026;23:00;22.1;0;SOLEIL;4;0;0
Cholet;47.06;-0.87;11/08/2026;00:00;22.1;0;SOLEIL;4;0;0
Cholet;47.06;-0.87;11/08/2026;01:00;22.1;0;SOLEIL;4;0;0
Cholet;47.06;-0.87;11/08/2026;02:00;17.6;0;SOLEIL;5;0;0
Cholet;47.06;-0.87;11/08/2026;03:00;17.6;0;SOLEIL;5;0;0
Cholet;47.06;-0.87;11/08/2026;04:00;17.6;0;SOLEIL;5;0;0
Cholet;47.06;-0.87;11/08/2026;05:00;20.1;0;SOLEIL;4;0;0
Cholet;47.06;-0.87;11/08/2026;06:00;20.1;0;SOLEIL;4;0;0
Cholet;47.06;-0.87;11/08/2026;07:00;20.1;0;SOLEIL;4;0;0
Cholet;47.06;-0.87;11/08/2026;08:00;21.0;0;SOLEIL;5;0;0
Cholet;47.06;-0.87;11/08/2026;09:00;22.8;0;SOLEIL;5;0;0
Cholet;47.06;-0.87;11/08/2026;10:00;24.5;0;SOLEIL;5;0;0
Cholet;47.06;-0.87;11/08/2026;11:00;32.7;0;SOLEIL;4;0;0
Cholet;47.06;-0.87;11/08/2026;12:00;32.7;0;SOLEIL;4;0;0
Cholet;47.06;-0.87;11/08/2026;13:00;32.7;0;SOLEIL;4;0;0
Cholet;47.06;-0.87;11/08/2026;14:00;31.4;0;SOLEIL;5;0;0
Cholet;47.06;-0.87;11/08/2026;15:00;33.1;0;SOLEIL;5;0;0
Cholet;47.06;-0.87;11/08/2026;16:00;31.4;0;SOLEIL;5;0;0
Cholet;47.06;-0.87;11/08/2026;17:00;32.7;0;SOLEIL;3;0;0
Cholet;47.06;-0.87;11/08/2026;18:00;32.7;0;SOLEIL;3;0;0
Cholet;47.06;-0.87;11/08/2026;19:00;32.7;0;SOLEIL;3;0;0
Cholet;47.06;-0.87;11/08/2026;20:00;24.5;0;SOLEIL;5;0;0
Cholet;47.06;-0.87;11/08/2026;21:00;22.8;0;SOLEIL;5;0;0
Cholet;47.06;-0.87;11/08/2026;22:00;21.0;0;SOLEIL;5;0;0
Cholet;47.06;-0.87;11/08/2026;23:00;24.5;0;SOLEIL;4;0;0
Cholet;47.06;-0.87;12/08/2026;00:00;24.5;0;SOLEIL;4;0;0
Cholet;47.06;-0.87;12/08/2026;01:00;24.5;0;SOLEIL;4;0;0
Cholet;47.06;-0.87;12/08/2026;02:00;18.9;0;SOLEIL;5;0;0
Cholet;47.06;-0.87;12/08/2026;03:00;18.9;0;SOLEIL;5;0;0
Cholet;47.06;-0.87;12/08/2026;04:00;18.9;0;SOLEIL;5;0;0
Cholet;47.06;-0.87;12/08/2026;05:00;23.1;0;SOLEIL;4;0;0
Cholet;47.06;-0.87;12/08/2026;06:00;23.1;0;SOLEIL;4;0;0
Cholet;47.06;-0.87;12/08/2026;07:00;23.1;0;SOLEIL;4;0;0
Cholet;47.06;-0.87;12/08/2026;08:00;22.6;0;SOLEIL;5;0;0
Cholet;47.06;-0.87;12/08/2026;09:00;24.4;0;SOLEIL;5;0;0
Cholet;47.06;-0.87;12/08/2026;10:00;26.2;0;SOLEIL;5;0;0
Cholet;47.06;-0.87;12/08/2026;11:00;35;0;SOLEIL;4;0;0
Cholet;47.06;-0.87;12/08/2026;12:00;35;0;SOLEIL;4;0;0
Cholet;47.06;-0.87;12/08/2026;13:00;35;0;SOLEIL;4;0;0
Cholet;47.06;-0.87;12/08/2026;14:00;33.6;0;SOLEIL;5;0;0
Cholet;47.06;-0.87;12/08/2026;15:00;35.4;0;SOLEIL;5;0;0
Cholet;47.06;-0.87;12/08/2026;16:00;33.6;0;SOLEIL;5;0;0
Cholet;47.06;-0.87;12/08/2026;17:00;33.6;0;SOLEIL;4;0;0
Cholet;47.06;-0.87;12/08/2026;18:00;33.6;0;SOLEIL;4;0;0
Cholet;47.06;-0.87;12/08/2026;19:00;33.6;0;SOLEIL;4;0;0
Cholet;47.06;-0.87;12/08/2026;20:00;26.2;0;SOLEIL;5;0;0
Cholet;47.06;-0.87;12/08/2026;21:00;24.4;0;SOLEIL;5;0;0
Cholet;47.06;-0.87;12/08/2026;22:00;22.6;0;SOLEIL;5;0;0
Cholet;47.06;-0.87;12/08/2026;23:00;23.5;0;SOLEIL;3;0;0
Nyoiseau;47.71;-0.91;08/08/2026;00:00;15.6;0;SOLEIL;2;0;0
Nyoiseau;47.71;-0.91;08/08/2026;01:00;15.6;0;SOLEIL;2;0;0
Nyoiseau;47.71;-0.91;08/08/2026;02:00;12.6;5;SOLEIL VOILÉ;3;0;0
Nyoiseau;47.71;-0.91;08/08/2026;03:00;12.6;5;SOLEIL VOILÉ;3;0;0
Nyoiseau;47.71;-0.91;08/08/2026;04:00;12.6;5;SOLEIL VOILÉ;3;0;0
Nyoiseau;47.71;-0.91;08/08/2026;05:00;13.6;5;SOLEIL VOILÉ;3;0;0
Nyoiseau;47.71;-0.91;08/08/2026;06:00;13.6;5;SOLEIL VOILÉ;3;0;0
Nyoiseau;47.71;-0.91;08/08/2026;07:00;13.6;5;SOLEIL VOILÉ;3;0;0
Nyoiseau;47.71;-0.91;08/08/2026;08:00;24.1;5;SOLEIL VOILÉ;3;0;0
Nyoiseau;47.71;-0.91;08/08/2026;09:00;24.1;5;SOLEIL VOILÉ;3;0;0
Nyoiseau;47.71;-0.91;08/08/2026;10:00;24.1;5;SOLEIL VOILÉ;3;0;0
Nyoiseau;47.71;-0.91;08/08/2026;11:00;29.4;5;SOLEIL VOILÉ;3;0;0
Nyoiseau;47.71;-0.91;08/08/2026;12:00;29.4;5;SOLEIL VOILÉ;3;0;0
Nyoiseau;47.71;-0.91;08/08/2026;13:00;29.4;5;SOLEIL VOILÉ;3;0;0
Nyoiseau;47.71;-0.91;08/08/2026;14:00;31.6;0;SOLEIL;2;0;0
Nyoiseau;47.71;-0.91;08/08/2026;15:00;31.6;0;SOLEIL;2;0;0
Nyoiseau;47.71;-0.91;08/08/2026;16:00;31.6;0;SOLEIL;2;0;0
Nyoiseau;47.71;-0.91;08/08/2026;17:00;29.7;0;SOLEIL;2;0;0
Nyoiseau;47.71;-0.91;08/08/2026;18:00;29.7;0;SOLEIL;2;0;0
Nyoiseau;47.71;-0.91;08/08/2026;19:00;29.7;0;SOLEIL;2;0;0
Nyoiseau;47.71;-0.91;08/08/2026;20:00;21;0;SOLEIL;2;0;0
Nyoiseau;47.71;-0.91;08/08/2026;21:00;21;0;SOLEIL;2;0;0
Nyoiseau;47.71;-0.91;08/08/2026;22:00;21;0;SOLEIL;2;0;0
Nyoiseau;47.71;-0.91;08/08/2026;23:00;17.6;5;SOLEIL VOILÉ;2;0;0
Nyoiseau;47.71;-0.91;09/08/2026;00:00;17.6;5;SOLEIL VOILÉ;2;0;0
Nyoiseau;47.71;-0.91;09/08/2026;01:00;17.6;5;SOLEIL VOILÉ;2;0;0
Nyoiseau;47.71;-0.91;09/08/2026;02:00;16.4;0;SOLEIL;1;0;0
Nyoiseau;47.71;-0.91;09/08/2026;03:00;16.4;0;SOLEIL;1;0;0
Nyoiseau;47.71;-0.91;09/08/2026;04:00;16.4;0;SOLEIL;1;0;0
Nyoiseau;47.71;-0.91;09/08/2026;05:00;17.4;0;SOLEIL;2;0;0
Nyoiseau;47.71;-0.91;09/08/2026;06:00;17.4;0;SOLEIL;2;0;0
Nyoiseau;47.71;-0.91;09/08/2026;07:00;17.4;0;SOLEIL;2;0;0
Nyoiseau;47.71;-0.91;09/08/2026;08:00;24.7;0;SOLEIL;2;0;0
Nyoiseau;47.71;-0.91;09/08/2026;09:00;24.7;0;SOLEIL;2;0;0
Nyoiseau;47.71;-0.91;09/08/2026;10:00;24.7;0;SOLEIL;2;0;0
Nyoiseau;47.71;-0.91;09/08/2026;11:00;27.1;0;SOLEIL;3;0;0
Nyoiseau;47.71;-0.91;09/08/2026;12:00;27.1;0;SOLEIL;3;0;0
Nyoiseau;47.71;-0.91;09/08/2026;13:00;27.1;0;SOLEIL;3;0;0
Nyoiseau;47.71;-0.91;09/08/2026;14:00;30.1;0;SOLEIL;3;0;0
Nyoiseau;47.71;-0.91;09/08/2026;15:00;30.1;0;SOLEIL;3;0;0
Nyoiseau;47.71;-0.91;09/08/2026;16:00;30.1;0;SOLEIL;3;0;0
Nyoiseau;47.71;-0.91;09/08/2026;17:00;28.6;0;SOLEIL;3;0;0
Nyoiseau;47.71;-0.91;09/08/2026;18:00;28.6;0;SOLEIL;3;0;0
Nyoiseau;47.71;-0.91;09/08/2026;19:00;28.6;0;SOLEIL;3;0;0
Nyoiseau;47.71;-0.91;09/08/2026;20:00;20.8;5;SOLEIL VOILÉ;5;0;0
Nyoiseau;47.71;-0.91;09/08/2026;21:00;18.4;5;SOLEIL VOILÉ;5;0;0
Nyoiseau;47.71;-0.91;09/08/2026;22:00;16.1;5;SOLEIL VOILÉ;5;0;0
Nyoiseau;47.71;-0.91;09/08/2026;23:00;18.5;0;SOLEIL;3;0;0
Nyoiseau;47.71;-0.91;10/08/2026;00:00;18.5;0;SOLEIL;3;0;0
Nyoiseau;47.71;-0.91;10/08/2026;01:00;18.5;0;SOLEIL;3;0;0
Nyoiseau;47.71;-0.91;10/08/2026;02:00;15.6;0;SOLEIL;5;0;0
Nyoiseau;47.71;-0.91;10/08/2026;03:00;15.6;0;SOLEIL;5;0;0
Nyoiseau;47.71;-0.91;10/08/2026;04:00;15.6;0;SOLEIL;5;0;0
Nyoiseau;47.71;-0.91;10/08/2026;05:00;18;0;SOLEIL;3;0;0
Nyoiseau;47.71;-0.91;10/08/2026;06:00;18;0;SOLEIL;3;0;0
Nyoiseau;47.71;-0.91;10/08/2026;07:00;18;0;SOLEIL;3;0;0
Nyoiseau;47.71;-0.91;10/08/2026;08:00;19.1;0;SOLEIL;5;0;0
Nyoiseau;47.71;-0.91;10/08/2026;09:00;20.9;0;SOLEIL;5;0;0
Nyoiseau;47.71;-0.91;10/08/2026;10:00;22.7;0;SOLEIL;5;0;0
Nyoiseau;47.71;-0.91;10/08/2026;11:00;28.1;0;SOLEIL;3;0;0
Nyoiseau;47.71;-0.91;10/08/2026;12:00;28.1;0;SOLEIL;3;0;0
Nyoiseau;47.71;-0.91;10/08/2026;13:00;28.1;0;SOLEIL;3;0;0
Nyoiseau;47.71;-0.91;10/08/2026;14:00;29.7;0;SOLEIL;5;0;0
Nyoiseau;47.71;-0.91;10/08/2026;15:00;31.5;0;SOLEIL;5;0;0
Nyoiseau;47.71;-0.91;10/08/2026;16:00;29.7;0;SOLEIL;5;0;0
Nyoiseau;47.71;-0.91;10/08/2026;17:00;29.1;0;SOLEIL;4;0;0
Nyoiseau;47.71;-0.91;10/08/2026;18:00;29.1;0;SOLEIL;4;0;0
Nyoiseau;47.71;-0.91;10/08/2026;19:00;29.1;0;SOLEIL;4;0;0
Nyoiseau;47.71;-0.91;10/08/2026;20:00;22.7;0;SOLEIL;5;0;0
Nyoiseau;47.71;-0.91;10/08/2026;21:00;20.9;0;SOLEIL;5;0;0
Nyoiseau;47.71;-0.91;10/08/2026;22:00;19.1;0;SOLEIL;5;0;0
Nyoiseau;47.71;-0.91;10/08/2026;23:00;19.2;0;SOLEIL;4;0;0
Nyoiseau;47.71;-0.91;11/08/2026;00:00;19.2;0;SOLEIL;4;0;0
Nyoiseau;47.71;-0.91;11/08/2026;01:00;19.2;0;SOLEIL;4;0;0
Nyoiseau;47.71;-0.91;11/08/2026;02:00;16.2;0;SOLEIL;5;0;0
Nyoiseau;47.71;-0.91;11/08/2026;03:00;16.2;0;SOLEIL;5;0;0
Nyoiseau;47.71;-0.91;11/08/2026;04:00;16.2;0;SOLEIL;5;0;0
Nyoiseau;47.71;-0.91;11/08/2026;05:00;19;0;SOLEIL;3;0;0
Nyoiseau;47.71;-0.91;11/08/2026;06:00;19;0;SOLEIL;3;0;0
Nyoiseau;47.71;-0.91;11/08/2026;07:00;19;0;SOLEIL;3;0;0
Nyoiseau;47.71;-0.91;11/08/2026;08:00;19.6;0;SOLEIL;5;0;0
Nyoiseau;47.71;-0.91;11/08/2026;09:00;21.3;0;SOLEIL;5;0;0
Nyoiseau;47.71;-0.91;11/08/2026;10:00;23.0;0;SOLEIL;5;0;0
Nyoiseau;47.71;-0.91;11/08/2026;11:00;29.7;0;SOLEIL;4;0;0
Nyoiseau;47.71;-0.91;11/08/2026;12:00;29.7;0;SOLEIL;4;0;0
Nyoiseau;47.71;-0.91;11/08/2026;13:00;29.7;0;SOLEIL;4;0;0
Nyoiseau;47.71;-0.91;11/08/2026;14:00;29.7;0;SOLEIL;5;0;0
Nyoiseau;47.71;-0.91;11/08/2026;15:00;31.4;0;SOLEIL;5;0;0
Nyoiseau;47.71;-0.91;11/08/2026;16:00;29.7;0;SOLEIL;5;0;0
Nyoiseau;47.71;-0.91;11/08/2026;17:00;31.5;0;SOLEIL;3;0;0
Nyoiseau;47.71;-0.91;11/08/2026;18:00;31.5;0;SOLEIL;3;0;0
Nyoiseau;47.71;-0.91;11/08/2026;19:00;31.5;0;SOLEIL;3;0;0
Nyoiseau;47.71;-0.91;11/08/2026;20:00;23.0;0;SOLEIL;5;0;0
Nyoiseau;47.71;-0.91;11/08/2026;21:00;21.3;0;SOLEIL;5;0;0
Nyoiseau;47.71;-0.91;11/08/2026;22:00;19.6;0;SOLEIL;5;0;0
Nyoiseau;47.71;-0.91;11/08/2026;23:00;22.1;0;SOLEIL;4;0;0
Nyoiseau;47.71;-0.91;12/08/2026;00:00;22.1;0;SOLEIL;4;0;0
Nyoiseau;47.71;-0.91;12/08/2026;01:00;22.1;0;SOLEIL;4;0;0
Nyoiseau;47.71;-0.91;12/08/2026;02:00;17.5;0;SOLEIL;5;0;0
Nyoiseau;47.71;-0.91;12/08/2026;03:00;17.5;0;SOLEIL;5;0;0
Nyoiseau;47.71;-0.91;12/08/2026;04:00;17.5;0;SOLEIL;5;0;0
Nyoiseau;47.71;-0.91;12/08/2026;05:00;22;0;SOLEIL;4;0;0
Nyoiseau;47.71;-0.91;12/08/2026;06:00;22;0;SOLEIL;4;0;0
Nyoiseau;47.71;-0.91;12/08/2026;07:00;22;0;SOLEIL;4;0;0
Nyoiseau;47.71;-0.91;12/08/2026;08:00;21.0;0;SOLEIL;5;0;0
Nyoiseau;47.71;-0.91;12/08/2026;09:00;22.8;0;SOLEIL;5;0;0
Nyoiseau;47.71;-0.91;12/08/2026;10:00;24.6;0;SOLEIL;5;0;0
Nyoiseau;47.71;-0.91;12/08/2026;11:00;33.1;0;SOLEIL;4;0;0
Nyoiseau;47.71;-0.91;12/08/2026;12:00;33.1;0;SOLEIL;4;0;0
Nyoiseau;47.71;-0.91;12/08/2026;13:00;33.1;0;SOLEIL;4;0;0
Nyoiseau;47.71;-0.91;12/08/2026;14:00;31.6;0;SOLEIL;5;0;0
Nyoiseau;47.71;-0.91;12/08/2026;15:00;33.4;0;SOLEIL;5;0;0
Nyoiseau;47.71;-0.91;12/08/2026;16:00;31.6;0;SOLEIL;5;0;0
Nyoiseau;47.71;-0.91;12/08/2026;17:00;33.7;0;SOLEIL;4;0;0
Nyoiseau;47.71;-0.91;12/08/2026;18:00;33.7;0;SOLEIL;4;0;0
Nyoiseau;47.71;-0.91;12/08/2026;19:00;33.7;0;SOLEIL;4;0;0
Nyoiseau;47.71;-0.91;12/08/2026;20:00;24.6;0;SOLEIL;5;0;0
Nyoiseau;47.71;-0.91;12/08/2026;21:00;22.8;0;SOLEIL;5;0;0
Nyoiseau;47.71;-0.91;12/08/2026;22:00;21.0;0;SOLEIL;5;0;0
Nyoiseau;47.71;-0.91;12/08/2026;23:00;20.6;0;SOLEIL;3;0;0
Saumur;47.26;-0.07;08/08/2026;00:00;19;0;SOLEIL;2;0;0
Saumur;47.26;-0.07;08/08/2026;01:00;19;0;SOLEIL;2;0;0
Saumur;47.26;-0.07;08/08/2026;02:00;16.5;5;SOLEIL VOILÉ;3;0;0
Saumur;47.26;-0.07;08/08/2026;03:00;16.5;5;SOLEIL VOILÉ;3;0;0
Saumur;47.26;-0.07;08/08/2026;04:00;16.5;5;SOLEIL VOILÉ;3;0;0
Saumur;47.26;-0.07;08/08/2026;05:00;15.7;5;SOLEIL VOILÉ;3;0;0
Saumur;47.26;-0.07;08/08/2026;06:00;15.7;5;SOLEIL VOILÉ;3;0;0
Saumur;47.26;-0.07;08/08/2026;07:00;15.7;5;SOLEIL VOILÉ;3;0;0
Saumur;47.26;-0.07;08/08/2026;08:00;25.1;0;SOLEIL;3;0;0
Saumur;47.26;-0.07;08/08/2026;09:00;25.1;0;SOLEIL;3;0;0
Saumur;47.26;-0.07;08/08/2026;10:00;25.1;0;SOLEIL;3;0;0
Saumur;47.26;-0.07;08/08/2026;11:00;31.4;0;SOLEIL;3;0;0
Saumur;47.26;-0.07;08/08/2026;12:00;31.4;0;SOLEIL;3;0;0
Saumur;47.26;-0.07;08/08/2026;13:00;31.4;0;SOLEIL;3;0;0
Saumur;47.26;-0.07;08/08/2026;14:00;33.4;0;SOLEIL;1;0;0
Saumur;47.26;-0.07;08/08/2026;15:00;33.4;0;SOLEIL;1;0;0
Saumur;47.26;-0.07;08/08/2026;16:00;33.4;0;SOLEIL;1;0;0
Saumur;47.26;-0.07;08/08/2026;17:00;31.6;0;SOLEIL;2;0;0
Saumur;47.26;-0.07;08/08/2026;18:00;31.6;0;SOLEIL;2;0;0
Saumur;47.26;-0.07;08/08/2026;19:00;31.6;0;SOLEIL;2;0;0
Saumur;47.26;-0.07;08/08/2026;20:00;26.2;0;SOLEIL;2;0;0
Saumur;47.26;-0.07;08/08/2026;21:00;26.2;0;SOLEIL;2;0;0
Saumur;47.26;-0.07;08/08/2026;22:00;26.2;0;SOLEIL;2;0;0
Saumur;47.26;-0.07;08/08/2026;23:00;21.7;5;SOLEIL VOILÉ;1;0;0
Saumur;47.26;-0.07;09/08/2026;00:00;21.7;5;SOLEIL VOILÉ;1;0;0
Saumur;47.26;-0.07;09/08/2026;01:00;21.7;5;SOLEIL VOILÉ;1;0;0
Saumur;47.26;-0.07;09/08/2026;02:00;20.9;5;SOLEIL VOILÉ;1;0;0
Saumur;47.26;-0.07;09/08/2026;03:00;20.9;5;SOLEIL VOILÉ;1;0;0
Saumur;47.26;-0.07;09/08/2026;04:00;20.9;5;SOLEIL VOILÉ;1;0;0
Saumur;47.26;-0.07;09/08/2026;05:00;20.1;0;SOLEIL;2;0;0
Saumur;47.26;-0.07;09/08/2026;06:00;20.1;0;SOLEIL;2;0;0
Saumur;47.26;-0.07;09/08/2026;07:00;20.1;0;SOLEIL;2;0;0
Saumur;47.26;-0.07;09/08/2026;08:00;25.2;0;SOLEIL;2;0;0
Saumur;47.26;-0.07;09/08/2026;09:00;25.2;0;SOLEIL;2;0;0
Saumur;47.26;-0.07;09/08/2026;10:00;25.2;0;SOLEIL;2;0;0
Saumur;47.26;-0.07;09/08/2026;11:00;29.7;0;SOLEIL;2;0;0
Saumur;47.26;-0.07;09/08/2026;12:00;29.7;0;SOLEIL;2;0;0
Saumur;47.26;-0.07;09/08/2026;13:00;29.7;0;SOLEIL;2;0;0
Saumur;47.26;-0.07;09/08/2026;14:00;32.2;0;SOLEIL;3;0;0
Saumur;47.26;-0.07;09/08/2026;15:00;32.2;0;SOLEIL;3;0;0
Saumur;47.26;-0.07;09/08/2026;16:00;32.2;0;SOLEIL;3;0;0
Saumur;47.26;-0.07;09/08/2026;17:00;29.6;0;SOLEIL;3;0;0
Saumur;47.26;-0.07;09/08/2026;18:00;29.6;0;SOLEIL;3;0;0
Saumur;47.26;-0.07;09/08/2026;19:00;29.6;0;SOLEIL;3;0;0
Saumur;47.26;-0.07;09/08/2026;20:00;23.2;0;SOLEIL;5;0;0
Saumur;47.26;-0.07;09/08/2026;21:00;21.0;0;SOLEIL;5;0;0
Saumur;47.26;-0.07;09/08/2026;22:00;18.9;0;SOLEIL;5;0;0
Saumur;47.26;-0.07;09/08/2026;23:00;22.7;0;SOLEIL;3;0;0
Saumur;47.26;-0.07;10/08/2026;00:00;22.7;0;SOLEIL;3;0;0
Saumur;47.26;-0.07;10/08/2026;01:00;22.7;0;SOLEIL;3;0;0
Saumur;47.26;-0.07;10/08/2026;02:00;19.2;0;SOLEIL;5;0;0
Saumur;47.26;-0.07;10/08/2026;03:00;19.2;0;SOLEIL;5;0;0
Saumur;47.26;-0.07;10/08/2026;04:00;19.2;0;SOLEIL;5;0;0
Saumur;47.26;-0.07;10/08/2026;05:00;19.2;0;SOLEIL;2;0;0
Saumur;47.26;-0.07;10/08/2026;06:00;19.2;0;SOLEIL;2;0;0
Saumur;47.26;-0.07;10/08/2026;07:00;19.2;0;SOLEIL;2;0;0
Saumur;47.26;-0.07;10/08/2026;08:00;22.2;0;SOLEIL;5;0;0
Saumur;47.26;-0.07;10/08/2026;09:00;23.7;0;SOLEIL;5;0;0
Saumur;47.26;-0.07;10/08/2026;10:00;25.2;0;SOLEIL;5;0;0
Saumur;47.26;-0.07;10/08/2026;11:00;30.6;0;SOLEIL;2;0;0
Saumur;47.26;-0.07;10/08/2026;12:00;30.6;0;SOLEIL;2;0;0
Saumur;47.26;-0.07;10/08/2026;13:00;30.6;0;SOLEIL;2;0;0
Saumur;47.26;-0.07;10/08/2026;14:00;31.2;0;SOLEIL;5;0;0
Saumur;47.26;-0.07;10/08/2026;15:00;32.7;0;SOLEIL;5;0;0
Saumur;47.26;-0.07;10/08/2026;16:00;31.2;0;SOLEIL;5;0;0
Saumur;47.26;-0.07;10/08/2026;17:00;31.6;0;SOLEIL;3;0;0
Saumur;47.26;-0.07;10/08/2026;18:00;31.6;0;SOLEIL;3;0;0
Saumur;47.26;-0.07;10/08/2026;19:00;31.6;0;SOLEIL;3;0;0
Saumur;47.26;-0.07;10/08/2026;20:00;25.2;0;SOLEIL;5;0;0
Saumur;47.26;-0.07;10/08/2026;21:00;23.7;0;SOLEIL;5;0;0
Saumur;47.26;-0.07;10/08/2026;22:00;22.2;0;SOLEIL;5;0;0
Saumur;47.26;-0.07;10/08/2026;23:00;22.5;0;SOLEIL;3;0;0
Saumur;47.26;-0.07;11/08/2026;00:00;22.5;0;SOLEIL;3;0;0
Saumur;47.26;-0.07;11/08/2026;01:00;22.5;0;SOLEIL;3;0;0
Saumur;47.26;-0.07;11/08/2026;02:00;18.5;0;SOLEIL;5;0;0
Saumur;47.26;-0.07;11/08/2026;03:00;18.5;0;SOLEIL;5;0;0
Saumur;47.26;-0.07;11/08/2026;04:00;18.5;0;SOLEIL;5;0;0
Saumur;47.26;-0.07;11/08/2026;05:00;20;0;SOLEIL;3;0;0
Saumur;47.26;-0.07;11/08/2026;06:00;20;0;SOLEIL;3;0;0
Saumur;47.26;-0.07;11/08/2026;07:00;20;0;SOLEIL;3;0;0
Saumur;47.26;-0.07;11/08/2026;08:00;21.8;0;SOLEIL;5;0;0
Saumur;47.26;-0.07;11/08/2026;09:00;23.5;0;SOLEIL;5;0;0
Saumur;47.26;-0.07;11/08/2026;10:00;25.1;0;SOLEIL;5;0;0
Saumur;47.26;-0.07;11/08/2026;11:00;31.4;0;SOLEIL;3;0;0
Saumur;47.26;-0.07;11/08/2026;12:00;31.4;0;SOLEIL;3;0;0
Saumur;47.26;-0.07;11/08/2026;13:00;31.4;0;SOLEIL;3;0;0
Saumur;47.26;-0.07;11/08/2026;14:00;31.7;0;SOLEIL;5;0;0
Saumur;47.26;-0.07;11/08/2026;15:00;33.4;0;SOLEIL;5;0;0
Saumur;47.26;-0.07;11/08/2026;16:00;31.7;0;SOLEIL;5;0;0
Saumur;47.26;-0.07;11/08/2026;17:00;32.6;0;SOLEIL;3;0;0
Saumur;47.26;-0.07;11/08/2026;18:00;32.6;0;SOLEIL;3;0;0
Saumur;47.26;-0.07;11/08/2026;19:00;32.6;0;SOLEIL;3;0;0
Saumur;47.26;-0.07;11/08/2026;20:00;25.1;0;SOLEIL;5;0;0
Saumur;47.26;-0.07;11/08/2026;21:00;23.5;0;SOLEIL;5;0;0
Saumur;47.26;-0.07;11/08/2026;22:00;21.8;0;SOLEIL;5;0;0
Saumur;47.26;-0.07;11/08/2026;23:00;23.6;0;SOLEIL;4;0;0
Saumur;47.26;-0.07;12/08/2026;00:00;23.6;0;SOLEIL;4;0;0
Saumur;47.26;-0.07;12/08/2026;01:00;23.6;0;SOLEIL;4;0;0
Saumur;47.26;-0.07;12/08/2026;02:00;19.1;0;SOLEIL;5;0;0
Saumur;47.26;-0.07;12/08/2026;03:00;19.1;0;SOLEIL;5;0;0
Saumur;47.26;-0.07;12/08/2026;04:00;19.1;0;SOLEIL;5;0;0
Saumur;47.26;-0.07;12/08/2026;05:00;21.4;0;SOLEIL;3;0;0
Saumur;47.26;-0.07;12/08/2026;06:00;21.4;0;SOLEIL;3;0;0
Saumur;47.26;-0.07;12/08/2026;07:00;21.4;0;SOLEIL;3;0;0
Saumur;47.26;-0.07;12/08/2026;08:00;22.5;0;SOLEIL;5;0;0
Saumur;47.26;-0.07;12/08/2026;09:00;24.3;0;SOLEIL;5;0;0
Saumur;47.26;-0.07;12/08/2026;10:00;26.0;0;SOLEIL;5;0;0
Saumur;47.26;-0.07;12/08/2026;11:00;34.4;0;SOLEIL;3;0;0
Saumur;47.26;-0.07;12/08/2026;12:00;34.4;0;SOLEIL;3;0;0
Saumur;47.26;-0.07;12/08/2026;13:00;34.4;0;SOLEIL;3;0;0
Saumur;47.26;-0.07;12/08/2026;14:00;32.9;0;SOLEIL;5;0;0
Saumur;47.26;-0.07;12/08/2026;15:00;34.6;0;SOLEIL;5;0;0
Saumur;47.26;-0.07;12/08/2026;16:00;32.9;0;SOLEIL;5;0;0
Saumur;47.26;-0.07;12/08/2026;17:00;34.9;0;SOLEIL;3;0;0
Saumur;47.26;-0.07;12/08/2026;18:00;34.9;0;SOLEIL;3;0;0
Saumur;47.26;-0.07;12/08/2026;19:00;34.9;0;SOLEIL;3;0;0
Saumur;47.26;-0.07;12/08/2026;20:00;26.0;0;SOLEIL;5;0;0
Saumur;47.26;-0.07;12/08/2026;21:00;24.3;0;SOLEIL;5;0;0
Saumur;47.26;-0.07;12/08/2026;22:00;22.5;0;SOLEIL;5;0;0
Saumur;47.26;-0.07;12/08/2026;23:00;24.4;0;SOLEIL;3;0;0
Ernée;48.3;-0.93;08/08/2026;00:00;15.6;0;SOLEIL;4;0;0
Ernée;48.3;-0.93;08/08/2026;01:00;15.6;0;SOLEIL;4;0;0
Ernée;48.3;-0.93;08/08/2026;02:00;14.1;0;SOLEIL;4;0;0
Ernée;48.3;-0.93;08/08/2026;03:00;14.1;0;SOLEIL;4;0;0
Ernée;48.3;-0.93;08/08/2026;04:00;14.1;0;SOLEIL;4;0;0
Ernée;48.3;-0.93;08/08/2026;05:00;16;5;SOLEIL VOILÉ;4;0;0
Ernée;48.3;-0.93;08/08/2026;06:00;16;5;SOLEIL VOILÉ;4;0;0
Ernée;48.3;-0.93;08/08/2026;07:00;16;5;SOLEIL VOILÉ;4;0;0
Ernée;48.3;-0.93;08/08/2026;08:00;23.6;5;SOLEIL VOILÉ;4;0;0
Ernée;48.3;-0.93;08/08/2026;09:00;23.6;5;SOLEIL VOILÉ;4;0;0
Ernée;48.3;-0.93;08/08/2026;10:00;23.6;5;SOLEIL VOILÉ;4;0;0
Ernée;48.3;-0.93;08/08/2026;11:00;28.7;5;SOLEIL VOILÉ;3;0;0
Ernée;48.3;-0.93;08/08/2026;12:00;28.7;5;SOLEIL VOILÉ;3;0;0
Ernée;48.3;-0.93;08/08/2026;13:00;28.7;5;SOLEIL VOILÉ;3;0;0
Ernée;48.3;-0.93;08/08/2026;14:00;30;0;SOLEIL;2;0;0
Ernée;48.3;-0.93;08/08/2026;15:00;30;0;SOLEIL;2;0;0
Ernée;48.3;-0.93;08/08/2026;16:00;30;0;SOLEIL;2;0;0
Ernée;48.3;-0.93;08/08/2026;17:00;28.1;0;SOLEIL;1;0;0
Ernée;48.3;-0.93;08/08/2026;18:00;28.1;0;SOLEIL;1;0;0
Ernée;48.3;-0.93;08/08/2026;19:00;28.1;0;SOLEIL;1;0;0
Ernée;48.3;-0.93;08/08/2026;20:00;21.9;0;SOLEIL;2;0;0
Ernée;48.3;-0.93;08/08/2026;21:00;21.9;0;SOLEIL;2;0;0
Ernée;48.3;-0.93;08/08/2026;22:00;21.9;0;SOLEIL;2;0;0
Ernée;48.3;-0.93;08/08/2026;23:00;18.6;0;SOLEIL;2;0;0
Ernée;48.3;-0.93;09/08/2026;00:00;18.6;0;SOLEIL;2;0;0
Ernée;48.3;-0.93;09/08/2026;01:00;18.6;0;SOLEIL;2;0;0
Ernée;48.3;-0.93;09/08/2026;02:00;16.2;0;SOLEIL;2;0;0
Ernée;48.3;-0.93;09/08/2026;03:00;16.2;0;SOLEIL;2;0;0
Ernée;48.3;-0.93;09/08/2026;04:00;16.2;0;SOLEIL;2;0;0
Ernée;48.3;-0.93;09/08/2026;05:00;19.1;0;SOLEIL;2;0;0
Ernée;48.3;-0.93;09/08/2026;06:00;19.1;0;SOLEIL;2;0;0
Ernée;48.3;-0.93;09/08/2026;07:00;19.1;0;SOLEIL;2;0;0
Ernée;48.3;-0.93;09/08/2026;08:00;24.7;0;SOLEIL;2;0;0
Ernée;48.3;-0.93;09/08/2026;09:00;24.7;0;SOLEIL;2;0;0
Ernée;48.3;-0.93;09/08/2026;10:00;24.7;0;SOLEIL;2;0;0
Ernée;48.3;-0.93;09/08/2026;11:00;27.7;0;SOLEIL;3;0;0
Ernée;48.3;-0.93;09/08/2026;12:00;27.7;0;SOLEIL;3;0;0
Ernée;48.3;-0.93;09/08/2026;13:00;27.7;0;SOLEIL;3;0;0
Ernée;48.3;-0.93;09/08/2026;14:00;28.6;0;SOLEIL;3;0;0
Ernée;48.3;-0.93;09/08/2026;15:00;28.6;0;SOLEIL;3;0;0
Ernée;48.3;-0.93;09/08/2026;16:00;28.6;0;SOLEIL;3;0;0
Ernée;48.3;-0.93;09/08/2026;17:00;25.6;0;SOLEIL;5;0;0
Ernée;48.3;-0.93;09/08/2026;18:00;25.6;0;SOLEIL;5;0;0
Ernée;48.3;-0.93;09/08/2026;19:00;25.6;0;SOLEIL;5;0;0
Ernée;48.3;-0.93;09/08/2026;20:00;21.2;0;SOLEIL;5;0;0
Ernée;48.3;-0.93;09/08/2026;21:00;19.3;0;SOLEIL;5;0;0
Ernée;48.3;-0.93;09/08/2026;22:00;17.4;0;SOLEIL;5;0;0
Ernée;48.3;-0.93;09/08/2026;23:00;17.4;0;SOLEIL;4;0;0
Ernée;48.3;-0.93;10/08/2026;00:00;17.4;0;SOLEIL;4;0;0
Ernée;48.3;-0.93;10/08/2026;01:00;17.4;0;SOLEIL;4;0;0
Ernée;48.3;-0.93;10/08/2026;02:00;16;0;SOLEIL;5;0;0
Ernée;48.3;-0.93;10/08/2026;03:00;16;0;SOLEIL;5;0;0
Ernée;48.3;-0.93;10/08/2026;04:00;16;0;SOLEIL;5;0;0
Ernée;48.3;-0.93;10/08/2026;05:00;17.5;0;SOLEIL;3;0;0
Ernée;48.3;-0.93;10/08/2026;06:00;17.5;0;SOLEIL;3;0;0
Ernée;48.3;-0.93;10/08/2026;07:00;17.5;0;SOLEIL;3;0;0
Ernée;48.3;-0.93;10/08/2026;08:00;18.9;0;SOLEIL;5;0;0
Ernée;48.3;-0.93;10/08/2026;09:00;20.3;0;SOLEIL;5;0;0
Ernée;48.3;-0.93;10/08/2026;10:00;21.7;0;SOLEIL;5;0;0
Ernée;48.3;-0.93;10/08/2026;11:00;26.5;0;SOLEIL;3;0;0
Ernée;48.3;-0.93;10/08/2026;12:00;26.5;0;SOLEIL;3;0;0
Ernée;48.3;-0.93;10/08/2026;13:00;26.5;0;SOLEIL;3;0;0
Ernée;48.3;-0.93;10/08/2026;14:00;27.5;0;SOLEIL;5;0;0
Ernée;48.3;-0.93;10/08/2026;15:00;28.9;0;SOLEIL;5;0;0
Ernée;48.3;-0.93;10/08/2026;16:00;27.5;0;SOLEIL;5;0;0
Ernée;48.3;-0.93;10/08/2026;17:00;25.6;0;SOLEIL;5;0;0
Ernée;48.3;-0.93;10/08/2026;18:00;25.6;0;SOLEIL;5;0;0
Ernée;48.3;-0.93;10/08/2026;19:00;25.6;0;SOLEIL;5;0;0
Ernée;48.3;-0.93;10/08/2026;20:00;21.7;0;SOLEIL;5;0;0
Ernée;48.3;-0.93;10/08/2026;21:00;20.3;0;SOLEIL;5;0;0
Ernée;48.3;-0.93;10/08/2026;22:00;18.9;0;SOLEIL;5;0;0
Ernée;48.3;-0.93;10/08/2026;23:00;18;0;SOLEIL;4;0;0
Ernée;48.3;-0.93;11/08/2026;00:00;18;0;SOLEIL;4;0;0
Ernée;48.3;-0.93;11/08/2026;01:00;18;0;SOLEIL;4;0;0
Ernée;48.3;-0.93;11/08/2026;02:00;16.1;0;SOLEIL;5;0;0
Ernée;48.3;-0.93;11/08/2026;03:00;16.1;0;SOLEIL;5;0;0
Ernée;48.3;-0.93;11/08/2026;04:00;16.1;0;SOLEIL;5;0;0
Ernée;48.3;-0.93;11/08/2026;05:00;17.6;0;SOLEIL;4;0;0
Ernée;48.3;-0.93;11/08/2026;06:00;17.6;0;SOLEIL;4;0;0
Ernée;48.3;-0.93;11/08/2026;07:00;17.6;0;SOLEIL;4;0;0
Ernée;48.3;-0.93;11/08/2026;08:00;18.9;0;SOLEIL;5;0;0
Ernée;48.3;-0.93;11/08/2026;09:00;20.3;0;SOLEIL;5;0;0
Ernée;48.3;-0.93;11/08/2026;10:00;21.7;0;SOLEIL;5;0;0
Ernée;48.3;-0.93;11/08/2026;11:00;29.1;0;SOLEIL;4;0;0
Ernée;48.3;-0.93;11/08/2026;12:00;29.1;0;SOLEIL;4;0;0
Ernée;48.3;-0.93;11/08/2026;13:00;29.1;0;SOLEIL;4;0;0
Ernée;48.3;-0.93;11/08/2026;14:00;27.2;0;SOLEIL;5;0;0
Ernée;48.3;-0.93;11/08/2026;15:00;28.6;0;SOLEIL;5;0;0
Ernée;48.3;-0.93;11/08/2026;16:00;27.2;0;SOLEIL;5;0;0
Ernée;48.3;-0.93;11/08/2026;17:00;29.5;0;SOLEIL;3;0;0
Ernée;48.3;-0.93;11/08/2026;18:00;29.5;0;SOLEIL;3;0;0
Ernée;48.3;-0.93;11/08/2026;19:00;29.5;0;SOLEIL;3;0;0
Ernée;48.3;-0.93;11/08/2026;20:00;21.7;0;SOLEIL;5;0;0
Ernée;48.3;-0.93;11/08/2026;21:00;20.3;0;SOLEIL;5;0;0
Ernée;48.3;-0.93;11/08/2026;22:00;18.9;0;SOLEIL;5;0;0
Ernée;48.3;-0.93;11/08/2026;23:00;22;0;SOLEIL;5;0;0
Ernée;48.3;-0.93;12/08/2026;00:00;22;0;SOLEIL;5;0;0
Ernée;48.3;-0.93;12/08/2026;01:00;22;0;SOLEIL;5;0;0
Ernée;48.3;-0.93;12/08/2026;02:00;16.1;0;SOLEIL;5;0;0
Ernée;48.3;-0.93;12/08/2026;03:00;16.1;0;SOLEIL;5;0;0
Ernée;48.3;-0.93;12/08/2026;04:00;16.1;0;SOLEIL;5;0;0
Ernée;48.3;-0.93;12/08/2026;05:00;21.1;0;SOLEIL;5;0;0
Ernée;48.3;-0.93;12/08/2026;06:00;21.1;0;SOLEIL;5;0;0
Ernée;48.3;-0.93;12/08/2026;07:00;21.1;0;SOLEIL;5;0;0
Ernée;48.3;-0.93;12/08/2026;08:00;19.7;0;SOLEIL;5;0;0
Ernée;48.3;-0.93;12/08/2026;09:00;21.4;0;SOLEIL;5;0;0
Ernée;48.3;-0.93;12/08/2026;10:00;23.2;0;SOLEIL;5;0;0
Ernée;48.3;-0.93;12/08/2026;11:00;31.7;0;SOLEIL;4;0;0
Ernée;48.3;-0.93;12/08/2026;12:00;31.7;0;SOLEIL;4;0;0
Ernée;48.3;-0.93;12/08/2026;13:00;31.7;0;SOLEIL;4;0;0
Ernée;48.3;-0.93;12/08/2026;14:00;30.3;0;SOLEIL;5;0;0
Ernée;48.3;-0.93;12/08/2026;15:00;32.1;0;SOLEIL;5;0;0
Ernée;48.3;-0.93;12/08/2026;16:00;30.3;0;SOLEIL;5;0;0
Ernée;48.3;-0.93;12/08/2026;17:00;30.9;0;SOLEIL;2;0;0
Ernée;48.3;-0.93;12/08/2026;18:00;30.9;0;SOLEIL;2;0;0
Ernée;48.3;-0.93;12/08/2026;19:00;30.9;0;SOLEIL;2;0;0
Ernée;48.3;-0.93;12/08/2026;20:00;23.2;0;SOLEIL;5;0;0
Ernée;48.3;-0.93;12/08/2026;21:00;21.4;0;SOLEIL;5;0;0
Ernée;48.3;-0.93;12/08/2026;22:00;19.7;0;SOLEIL;5;0;0
Ernée;48.3;-0.93;12/08/2026;23:00;21.2;0;SOLEIL;4;0;0
Javron-les-Chapelles;48.41;-0.34;08/08/2026;00:00;12.7;0;SOLEIL;2;0;0
Javron-les-Chapelles;48.41;-0.34;08/08/2026;01:00;12.7;0;SOLEIL;2;0;0
Javron-les-Chapelles;48.41;-0.34;08/08/2026;02:00;11.1;5;SOLEIL VOILÉ;3;0;0
Javron-les-Chapelles;48.41;-0.34;08/08/2026;03:00;11.1;5;SOLEIL VOILÉ;3;0;0
Javron-les-Chapelles;48.41;-0.34;08/08/2026;04:00;11.1;5;SOLEIL VOILÉ;3;0;0
Javron-les-Chapelles;48.41;-0.34;08/08/2026;05:00;13.9;5;SOLEIL VOILÉ;4;0;0
Javron-les-Chapelles;48.41;-0.34;08/08/2026;06:00;13.9;5;SOLEIL VOILÉ;4;0;0
Javron-les-Chapelles;48.41;-0.34;08/08/2026;07:00;13.9;5;SOLEIL VOILÉ;4;0;0
Javron-les-Chapelles;48.41;-0.34;08/08/2026;08:00;23.6;5;SOLEIL VOILÉ;4;0;0
Javron-les-Chapelles;48.41;-0.34;08/08/2026;09:00;23.6;5;SOLEIL VOILÉ;4;0;0
Javron-les-Chapelles;48.41;-0.34;08/08/2026;10:00;23.6;5;SOLEIL VOILÉ;4;0;0
Javron-les-Chapelles;48.41;-0.34;08/08/2026;11:00;27.6;5;SOLEIL VOILÉ;3;0;0
Javron-les-Chapelles;48.41;-0.34;08/08/2026;12:00;27.6;5;SOLEIL VOILÉ;3;0;0
Javron-les-Chapelles;48.41;-0.34;08/08/2026;13:00;27.6;5;SOLEIL VOILÉ;3;0;0
Javron-les-Chapelles;48.41;-0.34;08/08/2026;14:00;29.4;0;SOLEIL;2;0;0
Javron-les-Chapelles;48.41;-0.34;08/08/2026;15:00;29.4;0;SOLEIL;2;0;0
Javron-les-Chapelles;48.41;-0.34;08/08/2026;16:00;29.4;0;SOLEIL;2;0;0
Javron-les-Chapelles;48.41;-0.34;08/08/2026;17:00;27.6;0;SOLEIL;2;0;0
Javron-les-Chapelles;48.41;-0.34;08/08/2026;18:00;27.6;0;SOLEIL;2;0;0
Javron-les-Chapelles;48.41;-0.34;08/08/2026;19:00;27.6;0;SOLEIL;2;0;0
Javron-les-Chapelles;48.41;-0.34;08/08/2026;20:00;20.2;0;SOLEIL;1;0;0
Javron-les-Chapelles;48.41;-0.34;08/08/2026;21:00;20.2;0;SOLEIL;1;0;0
Javron-les-Chapelles;48.41;-0.34;08/08/2026;22:00;20.2;0;SOLEIL;1;0;0
Javron-les-Chapelles;48.41;-0.34;08/08/2026;23:00;17.4;0;SOLEIL;2;0;0
Javron-les-Chapelles;48.41;-0.34;09/08/2026;00:00;17.4;0;SOLEIL;2;0;0
Javron-les-Chapelles;48.41;-0.34;09/08/2026;01:00;17.4;0;SOLEIL;2;0;0
Javron-les-Chapelles;48.41;-0.34;09/08/2026;02:00;15.6;5;SOLEIL VOILÉ;2;0;0
Javron-les-Chapelles;48.41;-0.34;09/08/2026;03:00;15.6;5;SOLEIL VOILÉ;2;0;0
Javron-les-Chapelles;48.41;-0.34;09/08/2026;04:00;15.6;5;SOLEIL VOILÉ;2;0;0
Javron-les-Chapelles;48.41;-0.34;09/08/2026;05:00;18.9;0;SOLEIL;3;0;0
Javron-les-Chapelles;48.41;-0.34;09/08/2026;06:00;18.9;0;SOLEIL;3;0;0
Javron-les-Chapelles;48.41;-0.34;09/08/2026;07:00;18.9;0;SOLEIL;3;0;0
Javron-les-Chapelles;48.41;-0.34;09/08/2026;08:00;27;0;SOLEIL;3;0;0
Javron-les-Chapelles;48.41;-0.34;09/08/2026;09:00;27;0;SOLEIL;3;0;0
Javron-les-Chapelles;48.41;-0.34;09/08/2026;10:00;27;0;SOLEIL;3;0;0
Javron-les-Chapelles;48.41;-0.34;09/08/2026;11:00;28.4;0;SOLEIL;3;0;0
Javron-les-Chapelles;48.41;-0.34;09/08/2026;12:00;28.4;0;SOLEIL;3;0;0
Javron-les-Chapelles;48.41;-0.34;09/08/2026;13:00;28.4;0;SOLEIL;3;0;0
Javron-les-Chapelles;48.41;-0.34;09/08/2026;14:00;29.7;0;SOLEIL;4;0;0
Javron-les-Chapelles;48.41;-0.34;09/08/2026;15:00;29.7;0;SOLEIL;4;0;0
Javron-les-Chapelles;48.41;-0.34;09/08/2026;16:00;29.7;0;SOLEIL;4;0;0
Javron-les-Chapelles;48.41;-0.34;09/08/2026;17:00;26.4;0;SOLEIL;4;0;0
Javron-les-Chapelles;48.41;-0.34;09/08/2026;18:00;26.4;0;SOLEIL;4;0;0
Javron-les-Chapelles;48.41;-0.34;09/08/2026;19:00;26.4;0;SOLEIL;4;0;0
Javron-les-Chapelles;48.41;-0.34;09/08/2026;20:00;18.8;5;SOLEIL VOILÉ;5;0;0
Javron-les-Chapelles;48.41;-0.34;09/08/2026;21:00;16.6;5;SOLEIL VOILÉ;5;0;0
Javron-les-Chapelles;48.41;-0.34;09/08/2026;22:00;14.3;5;SOLEIL VOILÉ;5;0;0
Javron-les-Chapelles;48.41;-0.34;09/08/2026;23:00;17.2;0;SOLEIL;3;0;0
Javron-les-Chapelles;48.41;-0.34;10/08/2026;00:00;17.2;0;SOLEIL;3;0;0
Javron-les-Chapelles;48.41;-0.34;10/08/2026;01:00;17.2;0;SOLEIL;3;0;0
Javron-les-Chapelles;48.41;-0.34;10/08/2026;02:00;15.2;0;SOLEIL;5;0;0
Javron-les-Chapelles;48.41;-0.34;10/08/2026;03:00;15.2;0;SOLEIL;5;0;0
Javron-les-Chapelles;48.41;-0.34;10/08/2026;04:00;15.2;0;SOLEIL;5;0;0
Javron-les-Chapelles;48.41;-0.34;10/08/2026;05:00;16.4;0;SOLEIL;3;0;0
Javron-les-Chapelles;48.41;-0.34;10/08/2026;06:00;16.4;0;SOLEIL;3;0;0
Javron-les-Chapelles;48.41;-0.34;10/08/2026;07:00;16.4;0;SOLEIL;3;0;0
Javron-les-Chapelles;48.41;-0.34;10/08/2026;08:00;18.5;0;SOLEIL;5;0;0
Javron-les-Chapelles;48.41;-0.34;10/08/2026;09:00;20.2;0;SOLEIL;5;0;0
Javron-les-Chapelles;48.41;-0.34;10/08/2026;10:00;21.8;0;SOLEIL;5;0;0
Javron-les-Chapelles;48.41;-0.34;10/08/2026;11:00;27.1;0;SOLEIL;3;0;0
Javron-les-Chapelles;48.41;-0.34;10/08/2026;12:00;27.1;0;SOLEIL;3;0;0
Javron-les-Chapelles;48.41;-0.34;10/08/2026;13:00;27.1;0;SOLEIL;3;0;0
Javron-les-Chapelles;48.41;-0.34;10/08/2026;14:00;28.4;0;SOLEIL;5;0;0
Javron-les-Chapelles;48.41;-0.34;10/08/2026;15:00;30.1;0;SOLEIL;5;0;0
Javron-les-Chapelles;48.41;-0.34;10/08/2026;16:00;28.4;0;SOLEIL;5;0;0
Javron-les-Chapelles;48.41;-0.34;10/08/2026;17:00;27;0;SOLEIL;5;0;0
Javron-les-Chapelles;48.41;-0.34;10/08/2026;18:00;27;0;SOLEIL;5;0;0
Javron-les-Chapelles;48.41;-0.34;10/08/2026;19:00;27;0;SOLEIL;5;0;0
Javron-les-Chapelles;48.41;-0.34;10/08/2026;20:00;21.8;0;SOLEIL;5;0;0
Javron-les-Chapelles;48.41;-0.34;10/08/2026;21:00;20.2;0;SOLEIL;5;0;0
Javron-les-Chapelles;48.41;-0.34;10/08/2026;22:00;18.5;0;SOLEIL;5;0;0
Javron-les-Chapelles;48.41;-0.34;10/08/2026;23:00;16.4;0;SOLEIL;4;0;0
Javron-les-Chapelles;48.41;-0.34;11/08/2026;00:00;16.4;0;SOLEIL;4;0;0
Javron-les-Chapelles;48.41;-0.34;11/08/2026;01:00;16.4;0;SOLEIL;4;0;0
Javron-les-Chapelles;48.41;-0.34;11/08/2026;02:00;14.6;0;SOLEIL;5;0;0
Javron-les-Chapelles;48.41;-0.34;11/08/2026;03:00;14.6;0;SOLEIL;5;0;0
Javron-les-Chapelles;48.41;-0.34;11/08/2026;04:00;14.6;0;SOLEIL;5;0;0
Javron-les-Chapelles;48.41;-0.34;11/08/2026;05:00;17.1;0;SOLEIL;4;0;0
Javron-les-Chapelles;48.41;-0.34;11/08/2026;06:00;17.1;0;SOLEIL;4;0;0
Javron-les-Chapelles;48.41;-0.34;11/08/2026;07:00;17.1;0;SOLEIL;4;0;0
Javron-les-Chapelles;48.41;-0.34;11/08/2026;08:00;17.9;0;SOLEIL;5;0;0
Javron-les-Chapelles;48.41;-0.34;11/08/2026;09:00;19.6;0;SOLEIL;5;0;0
Javron-les-Chapelles;48.41;-0.34;11/08/2026;10:00;21.2;0;SOLEIL;5;0;0
Javron-les-Chapelles;48.41;-0.34;11/08/2026;11:00;29;0;SOLEIL;3;0;0
Javron-les-Chapelles;48.41;-0.34;11/08/2026;12:00;29;0;SOLEIL;3;0;0
Javron-les-Chapelles;48.41;-0.34;11/08/2026;13:00;29;0;SOLEIL;3;0;0
Javron-les-Chapelles;48.41;-0.34;11/08/2026;14:00;27.8;0;SOLEIL;5;0;0
Javron-les-Chapelles;48.41;-0.34;11/08/2026;15:00;29.5;0;SOLEIL;5;0;0
Javron-les-Chapelles;48.41;-0.34;11/08/2026;16:00;27.8;0;SOLEIL;5;0;0
Javron-les-Chapelles;48.41;-0.34;11/08/2026;17:00;29.5;0;SOLEIL;3;0;0
Javron-les-Chapelles;48.41;-0.34;11/08/2026;18:00;29.5;0;SOLEIL;3;0;0
Javron-les-Chapelles;48.41;-0.34;11/08/2026;19:00;29.5;0;SOLEIL;3;0;0
Javron-les-Chapelles;48.41;-0.34;11/08/2026;20:00;21.2;0;SOLEIL;5;0;0
Javron-les-Chapelles;48.41;-0.34;11/08/2026;21:00;19.6;0;SOLEIL;5;0;0
Javron-les-Chapelles;48.41;-0.34;11/08/2026;22:00;17.9;0;SOLEIL;5;0;0
Javron-les-Chapelles;48.41;-0.34;11/08/2026;23:00;20;0;SOLEIL;5;0;0
Javron-les-Chapelles;48.41;-0.34;12/08/2026;00:00;20;0;SOLEIL;5;0;0
Javron-les-Chapelles;48.41;-0.34;12/08/2026;01:00;20;0;SOLEIL;5;0;0
Javron-les-Chapelles;48.41;-0.34;12/08/2026;02:00;15.1;0;SOLEIL;5;0;0
Javron-les-Chapelles;48.41;-0.34;12/08/2026;03:00;15.1;0;SOLEIL;5;0;0
Javron-les-Chapelles;48.41;-0.34;12/08/2026;04:00;15.1;0;SOLEIL;5;0;0
Javron-les-Chapelles;48.41;-0.34;12/08/2026;05:00;19.7;0;SOLEIL;5;0;0
Javron-les-Chapelles;48.41;-0.34;12/08/2026;06:00;19.7;0;SOLEIL;5;0;0
Javron-les-Chapelles;48.41;-0.34;12/08/2026;07:00;19.7;0;SOLEIL;5;0;0
Javron-les-Chapelles;48.41;-0.34;12/08/2026;08:00;18.8;0;SOLEIL;5;0;0
Javron-les-Chapelles;48.41;-0.34;12/08/2026;09:00;20.6;0;SOLEIL;5;0;0
Javron-les-Chapelles;48.41;-0.34;12/08/2026;10:00;22.5;0;SOLEIL;5;0;0
Javron-les-Chapelles;48.41;-0.34;12/08/2026;11:00;31.7;0;SOLEIL;4;0;0
Javron-les-Chapelles;48.41;-0.34;12/08/2026;12:00;31.7;0;SOLEIL;4;0;0
Javron-les-Chapelles;48.41;-0.34;12/08/2026;13:00;31.7;0;SOLEIL;4;0;0
Javron-les-Chapelles;48.41;-0.34;12/08/2026;14:00;29.9;0;SOLEIL;5;0;0
Javron-les-Chapelles;48.41;-0.34;12/08/2026;15:00;31.7;0;SOLEIL;5;0;0
Javron-les-Chapelles;48.41;-0.34;12/08/2026;16:00;29.9;0;SOLEIL;5;0;0
Javron-les-Chapelles;48.41;-0.34;12/08/2026;17:00;30.9;0;SOLEIL;2;0;0
Javron-les-Chapelles;48.41;-0.34;12/08/2026;18:00;30.9;0;SOLEIL;2;0;0
Javron-les-Chapelles;48.41;-0.34;12/08/2026;19:00;30.9;0;SOLEIL;2;0;0
Javron-les-Chapelles;48.41;-0.34;12/08/2026;20:00;22.5;0;SOLEIL;5;0;0
Javron-les-Chapelles;48.41;-0.34;12/08/2026;21:00;20.6;0;SOLEIL;5;0;0
Javron-les-Chapelles;48.41;-0.34;12/08/2026;22:00;18.8;0;SOLEIL;5;0;0
Javron-les-Chapelles;48.41;-0.34;12/08/2026;23:00;20.9;0;SOLEIL;4;0;0
Laval;48.07;-0.77;08/08/2026;00:00;16.1;0;SOLEIL;2;0;0
Laval;48.07;-0.77;08/08/2026;01:00;16.1;0;SOLEIL;2;0;0
Laval;48.07;-0.77;08/08/2026;02:00;13.9;5;SOLEIL VOILÉ;3;0;0
Laval;48.07;-0.77;08/08/2026;03:00;13.9;5;SOLEIL VOILÉ;3;0;0
Laval;48.07;-0.77;08/08/2026;04:00;13.9;5;SOLEIL VOILÉ;3;0;0
Laval;48.07;-0.77;08/08/2026;05:00;16.1;5;SOLEIL VOILÉ;3;0;0
Laval;48.07;-0.77;08/08/2026;06:00;16.1;5;SOLEIL VOILÉ;3;0;0
Laval;48.07;-0.77;08/08/2026;07:00;16.1;5;SOLEIL VOILÉ;3;0;0
Laval;48.07;-0.77;08/08/2026;08:00;24.5;5;SOLEIL VOILÉ;3;0;0
Laval;48.07;-0.77;08/08/2026;09:00;24.5;5;SOLEIL VOILÉ;3;0;0
Laval;48.07;-0.77;08/08/2026;10:00;24.5;5;SOLEIL VOILÉ;3;0;0
Laval;48.07;-0.77;08/08/2026;11:00;29.4;5;SOLEIL VOILÉ;3;0;0
Laval;48.07;-0.77;08/08/2026;12:00;29.4;5;SOLEIL VOILÉ;3;0;0
Laval;48.07;-0.77;08/08/2026;13:00;29.4;5;SOLEIL VOILÉ;3;0;0
Laval;48.07;-0.77;08/08/2026;14:00;30.6;0;SOLEIL;2;0;0
Laval;48.07;-0.77;08/08/2026;15:00;30.6;0;SOLEIL;2;0;0
Laval;48.07;-0.77;08/08/2026;16:00;30.6;0;SOLEIL;2;0;0
Laval;48.07;-0.77;08/08/2026;17:00;28.6;0;SOLEIL;2;0;0
Laval;48.07;-0.77;08/08/2026;18:00;28.6;0;SOLEIL;2;0;0
Laval;48.07;-0.77;08/08/2026;19:00;28.6;0;SOLEIL;2;0;0
Laval;48.07;-0.77;08/08/2026;20:00;24.2;0;SOLEIL;2;0;0
Laval;48.07;-0.77;08/08/2026;21:00;24.2;0;SOLEIL;2;0;0
Laval;48.07;-0.77;08/08/2026;22:00;24.2;0;SOLEIL;2;0;0
Laval;48.07;-0.77;08/08/2026;23:00;20;5;SOLEIL VOILÉ;2;0;0
Laval;48.07;-0.77;09/08/2026;00:00;20;5;SOLEIL VOILÉ;2;0;0
Laval;48.07;-0.77;09/08/2026;01:00;20;5;SOLEIL VOILÉ;2;0;0
Laval;48.07;-0.77;09/08/2026;02:00;17.6;0;SOLEIL;2;0;0
Laval;48.07;-0.77;09/08/2026;03:00;17.6;0;SOLEIL;2;0;0
Laval;48.07;-0.77;09/08/2026;04:00;17.6;0;SOLEIL;2;0;0
Laval;48.07;-0.77;09/08/2026;05:00;17.9;0;SOLEIL;2;0;0
Laval;48.07;-0.77;09/08/2026;06:00;17.9;0;SOLEIL;2;0;0
Laval;48.07;-0.77;09/08/2026;07:00;17.9;0;SOLEIL;2;0;0
Laval;48.07;-0.77;09/08/2026;08:00;26.1;0;SOLEIL;2;0;0
Laval;48.07;-0.77;09/08/2026;09:00;26.1;0;SOLEIL;2;0;0
Laval;48.07;-0.77;09/08/2026;10:00;26.1;0;SOLEIL;2;0;0
Laval;48.07;-0.77;09/08/2026;11:00;29.7;0;SOLEIL;3;0;0
Laval;48.07;-0.77;09/08/2026;12:00;29.7;0;SOLEIL;3;0;0
Laval;48.07;-0.77;09/08/2026;13:00;29.7;0;SOLEIL;3;0;0
Laval;48.07;-0.77;09/08/2026;14:00;30.9;0;SOLEIL;3;0;0
Laval;48.07;-0.77;09/08/2026;15:00;30.9;0;SOLEIL;3;0;0
Laval;48.07;-0.77;09/08/2026;16:00;30.9;0;SOLEIL;3;0;0
Laval;48.07;-0.77;09/08/2026;17:00;28.4;0;SOLEIL;3;0;0
Laval;48.07;-0.77;09/08/2026;18:00;28.4;0;SOLEIL;3;0;0
Laval;48.07;-0.77;09/08/2026;19:00;28.4;0;SOLEIL;3;0;0
Laval;48.07;-0.77;09/08/2026;20:00;21.2;5;SOLEIL VOILÉ;5;0;0
Laval;48.07;-0.77;09/08/2026;21:00;19.2;5;SOLEIL VOILÉ;5;0;0
Laval;48.07;-0.77;09/08/2026;22:00;17.2;5;SOLEIL VOILÉ;5;0;0
Laval;48.07;-0.77;09/08/2026;23:00;19.6;0;SOLEIL;3;0;0
Laval;48.07;-0.77;10/08/2026;00:00;19.6;0;SOLEIL;3;0;0
Laval;48.07;-0.77;10/08/2026;01:00;19.6;0;SOLEIL;3;0;0
Laval;48.07;-0.77;10/08/2026;02:00;16.5;0;SOLEIL;5;0;0
Laval;48.07;-0.77;10/08/2026;03:00;16.5;0;SOLEIL;5;0;0
Laval;48.07;-0.77;10/08/2026;04:00;16.5;0;SOLEIL;5;0;0
Laval;48.07;-0.77;10/08/2026;05:00;18.6;0;SOLEIL;3;0;0
Laval;48.07;-0.77;10/08/2026;06:00;18.6;0;SOLEIL;3;0;0
Laval;48.07;-0.77;10/08/2026;07:00;18.6;0;SOLEIL;3;0;0
Laval;48.07;-0.77;10/08/2026;08:00;19.8;0;SOLEIL;5;0;0
Laval;48.07;-0.77;10/08/2026;09:00;21.5;0;SOLEIL;5;0;0
Laval;48.07;-0.77;10/08/2026;10:00;23.2;0;SOLEIL;5;0;0
Laval;48.07;-0.77;10/08/2026;11:00;28.6;0;SOLEIL;3;0;0
Laval;48.07;-0.77;10/08/2026;12:00;28.6;0;SOLEIL;3;0;0
Laval;48.07;-0.77;10/08/2026;13:00;28.6;0;SOLEIL;3;0;0
Laval;48.07;-0.77;10/08/2026;14:00;29.8;0;SOLEIL;5;0;0
Laval;48.07;-0.77;10/08/2026;15:00;31.5;0;SOLEIL;5;0;0
Laval;48.07;-0.77;10/08/2026;16:00;29.8;0;SOLEIL;5;0;0
Laval;48.07;-0.77;10/08/2026;17:00;29;0;SOLEIL;5;0;0
Laval;48.07;-0.77;10/08/2026;18:00;29;0;SOLEIL;5;0;0
Laval;48.07;-0.77;10/08/2026;19:00;29;0;SOLEIL;5;0;0
Laval;48.07;-0.77;10/08/2026;20:00;23.2;0;SOLEIL;5;0;0
Laval;48.07;-0.77;10/08/2026;21:00;21.5;0;SOLEIL;5;0;0
Laval;48.07;-0.77;10/08/2026;22:00;19.8;0;SOLEIL;5;0;0
Laval;48.07;-0.77;10/08/2026;23:00;19.6;0;SOLEIL;3;0;0
Laval;48.07;-0.77;11/08/2026;00:00;19.6;0;SOLEIL;3;0;0
Laval;48.07;-0.77;11/08/2026;01:00;19.6;0;SOLEIL;3;0;0
Laval;48.07;-0.77;11/08/2026;02:00;17.1;0;SOLEIL;5;0;0
Laval;48.07;-0.77;11/08/2026;03:00;17.1;0;SOLEIL;5;0;0
Laval;48.07;-0.77;11/08/2026;04:00;17.1;0;SOLEIL;5;0;0
Laval;48.07;-0.77;11/08/2026;05:00;18.4;0;SOLEIL;3;0;0
Laval;48.07;-0.77;11/08/2026;06:00;18.4;0;SOLEIL;3;0;0
Laval;48.07;-0.77;11/08/2026;07:00;18.4;0;SOLEIL;3;0;0
Laval;48.07;-0.77;11/08/2026;08:00;20.3;0;SOLEIL;5;0;0
Laval;48.07;-0.77;11/08/2026;09:00;21.9;0;SOLEIL;5;0;0
Laval;48.07;-0.77;11/08/2026;10:00;23.5;0;SOLEIL;5;0;0
Laval;48.07;-0.77;11/08/2026;11:00;30.9;0;SOLEIL;4;0;0
Laval;48.07;-0.77;11/08/2026;12:00;30.9;0;SOLEIL;4;0;0
Laval;48.07;-0.77;11/08/2026;13:00;30.9;0;SOLEIL;4;0;0
Laval;48.07;-0.77;11/08/2026;14:00;29.9;0;SOLEIL;5;0;0
Laval;48.07;-0.77;11/08/2026;15:00;31.5;0;SOLEIL;5;0;0
Laval;48.07;-0.77;11/08/2026;16:00;29.9;0;SOLEIL;5;0;0
Laval;48.07;-0.77;11/08/2026;17:00;31.6;0;SOLEIL;3;0;0
Laval;48.07;-0.77;11/08/2026;18:00;31.6;0;SOLEIL;3;0;0
Laval;48.07;-0.77;11/08/2026;19:00;31.6;0;SOLEIL;3;0;0
Laval;48.07;-0.77;11/08/2026;20:00;23.5;0;SOLEIL;5;0;0
Laval;48.07;-0.77;11/08/2026;21:00;21.9;0;SOLEIL;5;0;0
Laval;48.07;-0.77;11/08/2026;22:00;20.3;0;SOLEIL;5;0;0
Laval;48.07;-0.77;11/08/2026;23:00;23.1;0;SOLEIL;4;0;0
Laval;48.07;-0.77;12/08/2026;00:00;23.1;0;SOLEIL;4;0;0
Laval;48.07;-0.77;12/08/2026;01:00;23.1;0;SOLEIL;4;0;0
Laval;48.07;-0.77;12/08/2026;02:00;16.6;0;SOLEIL;5;0;0
Laval;48.07;-0.77;12/08/2026;03:00;16.6;0;SOLEIL;5;0;0
Laval;48.07;-0.77;12/08/2026;04:00;16.6;0;SOLEIL;5;0;0
Laval;48.07;-0.77;12/08/2026;05:00;21.4;0;SOLEIL;4;0;0
Laval;48.07;-0.77;12/08/2026;06:00;21.4;0;SOLEIL;4;0;0
Laval;48.07;-0.77;12/08/2026;07:00;21.4;0;SOLEIL;4;0;0
Laval;48.07;-0.77;12/08/2026;08:00;20.5;0;SOLEIL;5;0;0
Laval;48.07;-0.77;12/08/2026;09:00;22.4;0;SOLEIL;5;0;0
Laval;48.07;-0.77;12/08/2026;10:00;24.4;0;SOLEIL;5;0;0
Laval;48.07;-0.77;12/08/2026;11:00;33.1;0;SOLEIL;4;0;0
Laval;48.07;-0.77;12/08/2026;12:00;33.1;0;SOLEIL;4;0;0
Laval;48.07;-0.77;12/08/2026;13:00;33.1;0;SOLEIL;4;0;0
Laval;48.07;-0.77;12/08/2026;14:00;32.2;0;SOLEIL;5;0;0
Laval;48.07;-0.77;12/08/2026;15:00;34.1;0;SOLEIL;5;0;0
Laval;48.07;-0.77;12/08/2026;16:00;32.2;0;SOLEIL;5;0;0
Laval;48.07;-0.77;12/08/2026;17:00;33.9;0;SOLEIL;2;0;0
Laval;48.07;-0.77;12/08/2026;18:00;33.9;0;SOLEIL;2;0;0
Laval;48.07;-0.77;12/08/2026;19:00;33.9;0;SOLEIL;2;0;0
Laval;48.07;-0.77;12/08/2026;20:00;24.4;0;SOLEIL;5;0;0
Laval;48.07;-0.77;12/08/2026;21:00;22.4;0;SOLEIL;5;0;0
Laval;48.07;-0.77;12/08/2026;22:00;20.5;0;SOLEIL;5;0;0
Laval;48.07;-0.77;12/08/2026;23:00;22.9;0;SOLEIL;3;0;0
La Ferté-Bernard;48.18;0.65;08/08/2026;00:00;15.1;0;SOLEIL;3;0;0
La Ferté-Bernard;48.18;0.65;08/08/2026;01:00;15.1;0;SOLEIL;3;0;0
La Ferté-Bernard;48.18;0.65;08/08/2026;02:00;12.6;0;SOLEIL;3;0;0
La Ferté-Bernard;48.18;0.65;08/08/2026;03:00;12.6;0;SOLEIL;3;0;0
La Ferté-Bernard;48.18;0.65;08/08/2026;04:00;12.6;0;SOLEIL;3;0;0
La Ferté-Bernard;48.18;0.65;08/08/2026;05:00;14.4;5;SOLEIL VOILÉ;3;0;0
La Ferté-Bernard;48.18;0.65;08/08/2026;06:00;14.4;5;SOLEIL VOILÉ;3;0;0
La Ferté-Bernard;48.18;0.65;08/08/2026;07:00;14.4;5;SOLEIL VOILÉ;3;0;0
La Ferté-Bernard;48.18;0.65;08/08/2026;08:00;24.2;5;SOLEIL VOILÉ;3;0;0
La Ferté-Bernard;48.18;0.65;08/08/2026;09:00;24.2;5;SOLEIL VOILÉ;3;0;0
La Ferté-Bernard;48.18;0.65;08/08/2026;10:00;24.2;5;SOLEIL VOILÉ;3;0;0
La Ferté-Bernard;48.18;0.65;08/08/2026;11:00;27.7;0;SOLEIL;3;0;0
La Ferté-Bernard;48.18;0.65;08/08/2026;12:00;27.7;0;SOLEIL;3;0;0
La Ferté-Bernard;48.18;0.65;08/08/2026;13:00;27.7;0;SOLEIL;3;0;0
La Ferté-Bernard;48.18;0.65;08/08/2026;14:00;29.2;0;SOLEIL;2;0;0
La Ferté-Bernard;48.18;0.65;08/08/2026;15:00;29.2;0;SOLEIL;2;0;0
La Ferté-Bernard;48.18;0.65;08/08/2026;16:00;29.2;0;SOLEIL;2;0;0
La Ferté-Bernard;48.18;0.65;08/08/2026;17:00;29.4;0;SOLEIL;1;0;0
La Ferté-Bernard;48.18;0.65;08/08/2026;18:00;29.4;0;SOLEIL;1;0;0
La Ferté-Bernard;48.18;0.65;08/08/2026;19:00;29.4;0;SOLEIL;1;0;0
La Ferté-Bernard;48.18;0.65;08/08/2026;20:00;21.1;0;SOLEIL;2;0;0
La Ferté-Bernard;48.18;0.65;08/08/2026;21:00;21.1;0;SOLEIL;2;0;0
La Ferté-Bernard;48.18;0.65;08/08/2026;22:00;21.1;0;SOLEIL;2;0;0
La Ferté-Bernard;48.18;0.65;08/08/2026;23:00;18.4;5;SOLEIL VOILÉ;3;0;0
La Ferté-Bernard;48.18;0.65;09/08/2026;00:00;18.4;5;SOLEIL VOILÉ;3;0;0
La Ferté-Bernard;48.18;0.65;09/08/2026;01:00;18.4;5;SOLEIL VOILÉ;3;0;0
La Ferté-Bernard;48.18;0.65;09/08/2026;02:00;15.6;5;SOLEIL VOILÉ;3;0;0
La Ferté-Bernard;48.18;0.65;09/08/2026;03:00;15.6;5;SOLEIL VOILÉ;3;0;0
La Ferté-Bernard;48.18;0.65;09/08/2026;04:00;15.6;5;SOLEIL VOILÉ;3;0;0
La Ferté-Bernard;48.18;0.65;09/08/2026;05:00;17.6;5;SOLEIL VOILÉ;2;0;0
La Ferté-Bernard;48.18;0.65;09/08/2026;06:00;17.6;5;SOLEIL VOILÉ;2;0;0
La Ferté-Bernard;48.18;0.65;09/08/2026;07:00;17.6;5;SOLEIL VOILÉ;2;0;0
La Ferté-Bernard;48.18;0.65;09/08/2026;08:00;26.1;0;SOLEIL;1;0;0
La Ferté-Bernard;48.18;0.65;09/08/2026;09:00;26.1;0;SOLEIL;1;0;0
La Ferté-Bernard;48.18;0.65;09/08/2026;10:00;26.1;0;SOLEIL;1;0;0
La Ferté-Bernard;48.18;0.65;09/08/2026;11:00;29;0;SOLEIL;3;0;0
La Ferté-Bernard;48.18;0.65;09/08/2026;12:00;29;0;SOLEIL;3;0;0
La Ferté-Bernard;48.18;0.65;09/08/2026;13:00;29;0;SOLEIL;3;0;0
La Ferté-Bernard;48.18;0.65;09/08/2026;14:00;30.7;0;SOLEIL;3;0;0
La Ferté-Bernard;48.18;0.65;09/08/2026;15:00;30.7;0;SOLEIL;3;0;0
La Ferté-Bernard;48.18;0.65;09/08/2026;16:00;30.7;0;SOLEIL;3;0;0
La Ferté-Bernard;48.18;0.65;09/08/2026;17:00;27.9;0;SOLEIL;2;0;0
La Ferté-Bernard;48.18;0.65;09/08/2026;18:00;27.9;0;SOLEIL;2;0;0
La Ferté-Bernard;48.18;0.65;09/08/2026;19:00;27.9;0;SOLEIL;2;0;0
La Ferté-Bernard;48.18;0.65;09/08/2026;20:00;19.7;0;SOLEIL;5;0;0
La Ferté-Bernard;48.18;0.65;09/08/2026;21:00;17.6;0;SOLEIL;5;0;0
La Ferté-Bernard;48.18;0.65;09/08/2026;22:00;15.4;0;SOLEIL;5;0;0
La Ferté-Bernard;48.18;0.65;09/08/2026;23:00;19.1;0;SOLEIL;3;0;0
La Ferté-Bernard;48.18;0.65;10/08/2026;00:00;19.1;0;SOLEIL;3;0;0
La Ferté-Bernard;48.18;0.65;10/08/2026;01:00;19.1;0;SOLEIL;3;0;0
La Ferté-Bernard;48.18;0.65;10/08/2026;02:00;15;0;SOLEIL;5;0;0
La Ferté-Bernard;48.18;0.65;10/08/2026;03:00;15;0;SOLEIL;5;0;0
La Ferté-Bernard;48.18;0.65;10/08/2026;04:00;15;0;SOLEIL;5;0;0
La Ferté-Bernard;48.18;0.65;10/08/2026;05:00;17.6;0;SOLEIL;3;0;0
La Ferté-Bernard;48.18;0.65;10/08/2026;06:00;17.6;0;SOLEIL;3;0;0
La Ferté-Bernard;48.18;0.65;10/08/2026;07:00;17.6;0;SOLEIL;3;0;0
La Ferté-Bernard;48.18;0.65;10/08/2026;08:00;18.7;0;SOLEIL;5;0;0
La Ferté-Bernard;48.18;0.65;10/08/2026;09:00;20.5;0;SOLEIL;5;0;0
La Ferté-Bernard;48.18;0.65;10/08/2026;10:00;22.4;0;SOLEIL;5;0;0
La Ferté-Bernard;48.18;0.65;10/08/2026;11:00;28.4;0;SOLEIL;2;0;0
La Ferté-Bernard;48.18;0.65;10/08/2026;12:00;28.4;0;SOLEIL;2;0;0
La Ferté-Bernard;48.18;0.65;10/08/2026;13:00;28.4;0;SOLEIL;2;0;0
La Ferté-Bernard;48.18;0.65;10/08/2026;14:00;29.8;0;SOLEIL;5;0;0
La Ferté-Bernard;48.18;0.65;10/08/2026;15:00;31.6;0;SOLEIL;5;0;0
La Ferté-Bernard;48.18;0.65;10/08/2026;16:00;29.8;0;SOLEIL;5;0;0
La Ferté-Bernard;48.18;0.65;10/08/2026;17:00;29;0;SOLEIL;3;0;0
La Ferté-Bernard;48.18;0.65;10/08/2026;18:00;29;0;SOLEIL;3;0;0
La Ferté-Bernard;48.18;0.65;10/08/2026;19:00;29;0;SOLEIL;3;0;0
La Ferté-Bernard;48.18;0.65;10/08/2026;20:00;22.4;0;SOLEIL;5;0;0
La Ferté-Bernard;48.18;0.65;10/08/2026;21:00;20.5;0;SOLEIL;5;0;0
La Ferté-Bernard;48.18;0.65;10/08/2026;22:00;18.7;0;SOLEIL;5;0;0
La Ferté-Bernard;48.18;0.65;10/08/2026;23:00;18.6;0;SOLEIL;4;0;0
La Ferté-Bernard;48.18;0.65;11/08/2026;00:00;18.6;0;SOLEIL;4;0;0
La Ferté-Bernard;48.18;0.65;11/08/2026;01:00;18.6;0;SOLEIL;4;0;0
La Ferté-Bernard;48.18;0.65;11/08/2026;02:00;15.9;0;SOLEIL;5;0;0
La Ferté-Bernard;48.18;0.65;11/08/2026;03:00;15.9;0;SOLEIL;5;0;0
La Ferté-Bernard;48.18;0.65;11/08/2026;04:00;15.9;0;SOLEIL;5;0;0
La Ferté-Bernard;48.18;0.65;11/08/2026;05:00;18.6;0;SOLEIL;4;0;0
La Ferté-Bernard;48.18;0.65;11/08/2026;06:00;18.6;0;SOLEIL;4;0;0
La Ferté-Bernard;48.18;0.65;11/08/2026;07:00;18.6;0;SOLEIL;4;0;0
La Ferté-Bernard;48.18;0.65;11/08/2026;08:00;19.2;0;SOLEIL;5;0;0
La Ferté-Bernard;48.18;0.65;11/08/2026;09:00;20.8;0;SOLEIL;5;0;0
La Ferté-Bernard;48.18;0.65;11/08/2026;10:00;22.5;0;SOLEIL;5;0;0
La Ferté-Bernard;48.18;0.65;11/08/2026;11:00;28.7;0;SOLEIL;3;0;0
La Ferté-Bernard;48.18;0.65;11/08/2026;12:00;28.7;0;SOLEIL;3;0;0
La Ferté-Bernard;48.18;0.65;11/08/2026;13:00;28.7;0;SOLEIL;3;0;0
La Ferté-Bernard;48.18;0.65;11/08/2026;14:00;29.1;0;SOLEIL;5;0;0
La Ferté-Bernard;48.18;0.65;11/08/2026;15:00;30.7;0;SOLEIL;5;0;0
La Ferté-Bernard;48.18;0.65;11/08/2026;16:00;29.1;0;SOLEIL;5;0;0
La Ferté-Bernard;48.18;0.65;11/08/2026;17:00;29.9;0;SOLEIL;3;0;0
La Ferté-Bernard;48.18;0.65;11/08/2026;18:00;29.9;0;SOLEIL;3;0;0
La Ferté-Bernard;48.18;0.65;11/08/2026;19:00;29.9;0;SOLEIL;3;0;0
La Ferté-Bernard;48.18;0.65;11/08/2026;20:00;22.5;0;SOLEIL;5;0;0
La Ferté-Bernard;48.18;0.65;11/08/2026;21:00;20.8;0;SOLEIL;5;0;0
La Ferté-Bernard;48.18;0.65;11/08/2026;22:00;19.2;0;SOLEIL;5;0;0
La Ferté-Bernard;48.18;0.65;11/08/2026;23:00;19.1;0;SOLEIL;5;0;0
La Ferté-Bernard;48.18;0.65;12/08/2026;00:00;19.1;0;SOLEIL;5;0;0
La Ferté-Bernard;48.18;0.65;12/08/2026;01:00;19.1;0;SOLEIL;5;0;0
La Ferté-Bernard;48.18;0.65;12/08/2026;02:00;16.6;0;SOLEIL;5;0;0
La Ferté-Bernard;48.18;0.65;12/08/2026;03:00;16.6;0;SOLEIL;5;0;0
La Ferté-Bernard;48.18;0.65;12/08/2026;04:00;16.6;0;SOLEIL;5;0;0
La Ferté-Bernard;48.18;0.65;12/08/2026;05:00;20.4;0;SOLEIL;4;0;0
La Ferté-Bernard;48.18;0.65;12/08/2026;06:00;20.4;0;SOLEIL;4;0;0
La Ferté-Bernard;48.18;0.65;12/08/2026;07:00;20.4;0;SOLEIL;4;0;0
La Ferté-Bernard;48.18;0.65;12/08/2026;08:00;19.9;0;SOLEIL;5;0;0
La Ferté-Bernard;48.18;0.65;12/08/2026;09:00;21.6;0;SOLEIL;5;0;0
La Ferté-Bernard;48.18;0.65;12/08/2026;10:00;23.3;0;SOLEIL;5;0;0
La Ferté-Bernard;48.18;0.65;12/08/2026;11:00;31.2;0;SOLEIL;4;0;0
La Ferté-Bernard;48.18;0.65;12/08/2026;12:00;31.2;0;SOLEIL;4;0;0
La Ferté-Bernard;48.18;0.65;12/08/2026;13:00;31.2;0;SOLEIL;4;0;0
La Ferté-Bernard;48.18;0.65;12/08/2026;14:00;29.9;0;SOLEIL;5;0;0
La Ferté-Bernard;48.18;0.65;12/08/2026;15:00;31.6;0;SOLEIL;5;0;0
La Ferté-Bernard;48.18;0.65;12/08/2026;16:00;29.9;0;SOLEIL;5;0;0
La Ferté-Bernard;48.18;0.65;12/08/2026;17:00;32.7;0;SOLEIL;2;0;0
La Ferté-Bernard;48.18;0.65;12/08/2026;18:00;32.7;0;SOLEIL;2;0;0
La Ferté-Bernard;48.18;0.65;12/08/2026;19:00;32.7;0;SOLEIL;2;0;0
La Ferté-Bernard;48.18;0.65;12/08/2026;20:00;23.3;0;SOLEIL;5;0;0
La Ferté-Bernard;48.18;0.65;12/08/2026;21:00;21.6;0;SOLEIL;5;0;0
La Ferté-Bernard;48.18;0.65;12/08/2026;22:00;19.9;0;SOLEIL;5;0;0
La Ferté-Bernard;48.18;0.65;12/08/2026;23:00;21;0;SOLEIL;4;0;0
La Flèche;47.7;-0.07;08/08/2026;00:00;17.6;0;SOLEIL;3;0;0
La Flèche;47.7;-0.07;08/08/2026;01:00;17.6;0;SOLEIL;3;0;0
La Flèche;47.7;-0.07;08/08/2026;02:00;16.1;5;SOLEIL VOILÉ;3;0;0
La Flèche;47.7;-0.07;08/08/2026;03:00;16.1;5;SOLEIL VOILÉ;3;0;0
La Flèche;47.7;-0.07;08/08/2026;04:00;16.1;5;SOLEIL VOILÉ;3;0;0
La Flèche;47.7;-0.07;08/08/2026;05:00;16.6;5;SOLEIL VOILÉ;3;0;0
La Flèche;47.7;-0.07;08/08/2026;06:00;16.6;5;SOLEIL VOILÉ;3;0;0
La Flèche;47.7;-0.07;08/08/2026;07:00;16.6;5;SOLEIL VOILÉ;3;0;0
La Flèche;47.7;-0.07;08/08/2026;08:00;24.6;0;SOLEIL;3;0;0
La Flèche;47.7;-0.07;08/08/2026;09:00;24.6;0;SOLEIL;3;0;0
La Flèche;47.7;-0.07;08/08/2026;10:00;24.6;0;SOLEIL;3;0;0
La Flèche;47.7;-0.07;08/08/2026;11:00;30;5;SOLEIL VOILÉ;3;0;0
La Flèche;47.7;-0.07;08/08/2026;12:00;30;5;SOLEIL VOILÉ;3;0;0
La Flèche;47.7;-0.07;08/08/2026;13:00;30;5;SOLEIL VOILÉ;3;0;0
La Flèche;47.7;-0.07;08/08/2026;14:00;32.6;0;SOLEIL;1;0;0
La Flèche;47.7;-0.07;08/08/2026;15:00;32.6;0;SOLEIL;1;0;0
La Flèche;47.7;-0.07;08/08/2026;16:00;32.6;0;SOLEIL;1;0;0
La Flèche;47.7;-0.07;08/08/2026;17:00;30.9;0;SOLEIL;1;0;0
La Flèche;47.7;-0.07;08/08/2026;18:00;30.9;0;SOLEIL;1;0;0
La Flèche;47.7;-0.07;08/08/2026;19:00;30.9;0;SOLEIL;1;0;0
La Flèche;47.7;-0.07;08/08/2026;20:00;23.7;0;SOLEIL;2;0;0
La Flèche;47.7;-0.07;08/08/2026;21:00;23.7;0;SOLEIL;2;0;0
La Flèche;47.7;-0.07;08/08/2026;22:00;23.7;0;SOLEIL;2;0;0
La Flèche;47.7;-0.07;08/08/2026;23:00;21.9;5;SOLEIL VOILÉ;2;0;0
La Flèche;47.7;-0.07;09/08/2026;00:00;21.9;5;SOLEIL VOILÉ;2;0;0
La Flèche;47.7;-0.07;09/08/2026;01:00;21.9;5;SOLEIL VOILÉ;2;0;0
La Flèche;47.7;-0.07;09/08/2026;02:00;19.1;5;SOLEIL VOILÉ;2;0;0
La Flèche;47.7;-0.07;09/08/2026;03:00;19.1;5;SOLEIL VOILÉ;2;0;0
La Flèche;47.7;-0.07;09/08/2026;04:00;19.1;5;SOLEIL VOILÉ;2;0;0
La Flèche;47.7;-0.07;09/08/2026;05:00;19.1;0;SOLEIL;2;0;0
La Flèche;47.7;-0.07;09/08/2026;06:00;19.1;0;SOLEIL;2;0;0
La Flèche;47.7;-0.07;09/08/2026;07:00;19.1;0;SOLEIL;2;0;0
La Flèche;47.7;-0.07;09/08/2026;08:00;26;0;SOLEIL;2;0;0
La Flèche;47.7;-0.07;09/08/2026;09:00;26;0;SOLEIL;2;0;0
La Flèche;47.7;-0.07;09/08/2026;10:00;26;0;SOLEIL;2;0;0
La Flèche;47.7;-0.07;09/08/2026;11:00;30.7;0;SOLEIL;3;0;0
La Flèche;47.7;-0.07;09/08/2026;12:00;30.7;0;SOLEIL;3;0;0
La Flèche;47.7;-0.07;09/08/2026;13:00;30.7;0;SOLEIL;3;0;0
La Flèche;47.7;-0.07;09/08/2026;14:00;30.6;0;SOLEIL;3;0;0
La Flèche;47.7;-0.07;09/08/2026;15:00;30.6;0;SOLEIL;3;0;0
La Flèche;47.7;-0.07;09/08/2026;16:00;30.6;0;SOLEIL;3;0;0
La Flèche;47.7;-0.07;09/08/2026;17:00;30.1;0;SOLEIL;3;0;0
La Flèche;47.7;-0.07;09/08/2026;18:00;30.1;0;SOLEIL;3;0;0
La Flèche;47.7;-0.07;09/08/2026;19:00;30.1;0;SOLEIL;3;0;0
La Flèche;47.7;-0.07;09/08/2026;20:00;23.0;0;SOLEIL;5;0;0
La Flèche;47.7;-0.07;09/08/2026;21:00;21.0;0;SOLEIL;5;0;0
La Flèche;47.7;-0.07;09/08/2026;22:00;19.1;0;SOLEIL;5;0;0
La Flèche;47.7;-0.07;09/08/2026;23:00;22.6;0;SOLEIL;3;0;0
La Flèche;47.7;-0.07;10/08/2026;00:00;22.6;0;SOLEIL;3;0;0
La Flèche;47.7;-0.07;10/08/2026;01:00;22.6;0;SOLEIL;3;0;0
La Flèche;47.7;-0.07;10/08/2026;02:00;18.9;0;SOLEIL;5;0;0
La Flèche;47.7;-0.07;10/08/2026;03:00;18.9;0;SOLEIL;5;0;0
La Flèche;47.7;-0.07;10/08/2026;04:00;18.9;0;SOLEIL;5;0;0
La Flèche;47.7;-0.07;10/08/2026;05:00;18.2;0;SOLEIL;2;0;0
La Flèche;47.7;-0.07;10/08/2026;06:00;18.2;0;SOLEIL;2;0;0
La Flèche;47.7;-0.07;10/08/2026;07:00;18.2;0;SOLEIL;2;0;0
La Flèche;47.7;-0.07;10/08/2026;08:00;21.9;0;SOLEIL;5;0;0
La Flèche;47.7;-0.07;10/08/2026;09:00;23.4;0;SOLEIL;5;0;0
La Flèche;47.7;-0.07;10/08/2026;10:00;24.9;0;SOLEIL;5;0;0
La Flèche;47.7;-0.07;10/08/2026;11:00;30.7;0;SOLEIL;2;0;0
La Flèche;47.7;-0.07;10/08/2026;12:00;30.7;0;SOLEIL;2;0;0
La Flèche;47.7;-0.07;10/08/2026;13:00;30.7;0;SOLEIL;2;0;0
La Flèche;47.7;-0.07;10/08/2026;14:00;31.0;0;SOLEIL;5;0;0
La Flèche;47.7;-0.07;10/08/2026;15:00;32.5;0;SOLEIL;5;0;0
La Flèche;47.7;-0.07;10/08/2026;16:00;31.0;0;SOLEIL;5;0;0
La Flèche;47.7;-0.07;10/08/2026;17:00;29.9;0;SOLEIL;3;0;0
La Flèche;47.7;-0.07;10/08/2026;18:00;29.9;0;SOLEIL;3;0;0
La Flèche;47.7;-0.07;10/08/2026;19:00;29.9;0;SOLEIL;3;0;0
La Flèche;47.7;-0.07;10/08/2026;20:00;24.9;0;SOLEIL;5;0;0
La Flèche;47.7;-0.07;10/08/2026;21:00;23.4;0;SOLEIL;5;0;0
La Flèche;47.7;-0.07;10/08/2026;22:00;21.9;0;SOLEIL;5;0;0
La Flèche;47.7;-0.07;10/08/2026;23:00;20.2;0;SOLEIL;4;0;0
La Flèche;47.7;-0.07;11/08/2026;00:00;20.2;0;SOLEIL;4;0;0
La Flèche;47.7;-0.07;11/08/2026;01:00;20.2;0;SOLEIL;4;0;0
La Flèche;47.7;-0.07;11/08/2026;02:00;17.2;0;SOLEIL;5;0;0
La Flèche;47.7;-0.07;11/08/2026;03:00;17.2;0;SOLEIL;5;0;0
La Flèche;47.7;-0.07;11/08/2026;04:00;17.2;0;SOLEIL;5;0;0
La Flèche;47.7;-0.07;11/08/2026;05:00;18.1;0;SOLEIL;3;0;0
La Flèche;47.7;-0.07;11/08/2026;06:00;18.1;0;SOLEIL;3;0;0
La Flèche;47.7;-0.07;11/08/2026;07:00;18.1;0;SOLEIL;3;0;0
La Flèche;47.7;-0.07;11/08/2026;08:00;20.8;0;SOLEIL;5;0;0
La Flèche;47.7;-0.07;11/08/2026;09:00;22.5;0;SOLEIL;5;0;0
La Flèche;47.7;-0.07;11/08/2026;10:00;24.3;0;SOLEIL;5;0;0
La Flèche;47.7;-0.07;11/08/2026;11:00;31.7;0;SOLEIL;3;0;0
La Flèche;47.7;-0.07;11/08/2026;12:00;31.7;0;SOLEIL;3;0;0
La Flèche;47.7;-0.07;11/08/2026;13:00;31.7;0;SOLEIL;3;0;0
La Flèche;47.7;-0.07;11/08/2026;14:00;31.4;0;SOLEIL;5;0;0
La Flèche;47.7;-0.07;11/08/2026;15:00;33.2;0;SOLEIL;5;0;0
La Flèche;47.7;-0.07;11/08/2026;16:00;31.4;0;SOLEIL;5;0;0
La Flèche;47.7;-0.07;11/08/2026;17:00;31.1;0;SOLEIL;2;0;0
La Flèche;47.7;-0.07;11/08/2026;18:00;31.1;0;SOLEIL;2;0;0
La Flèche;47.7;-0.07;11/08/2026;19:00;31.1;0;SOLEIL;2;0;0
La Flèche;47.7;-0.07;11/08/2026;20:00;24.3;0;SOLEIL;5;0;0
La Flèche;47.7;-0.07;11/08/2026;21:00;22.5;0;SOLEIL;5;0;0
La Flèche;47.7;-0.07;11/08/2026;22:00;20.8;0;SOLEIL;5;0;0
La Flèche;47.7;-0.07;11/08/2026;23:00;22.4;0;SOLEIL;4;0;0
La Flèche;47.7;-0.07;12/08/2026;00:00;22.4;0;SOLEIL;4;0;0
La Flèche;47.7;-0.07;12/08/2026;01:00;22.4;0;SOLEIL;4;0;0
La Flèche;47.7;-0.07;12/08/2026;02:00;16.9;0;SOLEIL;5;0;0
La Flèche;47.7;-0.07;12/08/2026;03:00;16.9;0;SOLEIL;5;0;0
La Flèche;47.7;-0.07;12/08/2026;04:00;16.9;0;SOLEIL;5;0;0
La Flèche;47.7;-0.07;12/08/2026;05:00;19.9;0;SOLEIL;3;0;0
La Flèche;47.7;-0.07;12/08/2026;06:00;19.9;0;SOLEIL;3;0;0
La Flèche;47.7;-0.07;12/08/2026;07:00;19.9;0;SOLEIL;3;0;0
La Flèche;47.7;-0.07;12/08/2026;08:00;20.8;0;SOLEIL;5;0;0
La Flèche;47.7;-0.07;12/08/2026;09:00;22.8;0;SOLEIL;5;0;0
La Flèche;47.7;-0.07;12/08/2026;10:00;24.8;0;SOLEIL;5;0;0
La Flèche;47.7;-0.07;12/08/2026;11:00;35.5;0;SOLEIL;3;0;0
La Flèche;47.7;-0.07;12/08/2026;12:00;35.5;0;SOLEIL;3;0;0
La Flèche;47.7;-0.07;12/08/2026;13:00;35.5;0;SOLEIL;3;0;0
La Flèche;47.7;-0.07;12/08/2026;14:00;32.6;0;SOLEIL;5;0;0
La Flèche;47.7;-0.07;12/08/2026;15:00;34.6;0;SOLEIL;5;0;0
La Flèche;47.7;-0.07;12/08/2026;16:00;32.6;0;SOLEIL;5;0;0
La Flèche;47.7;-0.07;12/08/2026;17:00;34;0;SOLEIL;2;0;0
La Flèche;47.7;-0.07;12/08/2026;18:00;34;0;SOLEIL;2;0;0
La Flèche;47.7;-0.07;12/08/2026;19:00;34;0;SOLEIL;2;0;0
La Flèche;47.7;-0.07;12/08/2026;20:00;24.8;0;SOLEIL;5;0;0
La Flèche;47.7;-0.07;12/08/2026;21:00;22.8;0;SOLEIL;5;0;0
La Flèche;47.7;-0.07;12/08/2026;22:00;20.8;0;SOLEIL;5;0;0
La Flèche;47.7;-0.07;12/08/2026;23:00;22.5;0;SOLEIL;3;0;0
Le Mans;48.0;0.19;08/08/2026;00:00;16.9;0;SOLEIL;3;0;0
Le Mans;48.0;0.19;08/08/2026;01:00;16.9;0;SOLEIL;3;0;0
Le Mans;48.0;0.19;08/08/2026;02:00;14.6;0;SOLEIL;3;0;0
Le Mans;48.0;0.19;08/08/2026;03:00;14.6;0;SOLEIL;3;0;0
Le Mans;48.0;0.19;08/08/2026;04:00;14.6;0;SOLEIL;3;0;0
Le Mans;48.0;0.19;08/08/2026;05:00;15.4;5;SOLEIL VOILÉ;3;0;0
Le Mans;48.0;0.19;08/08/2026;06:00;15.4;5;SOLEIL VOILÉ;3;0;0
Le Mans;48.0;0.19;08/08/2026;07:00;15.4;5;SOLEIL VOILÉ;3;0;0
Le Mans;48.0;0.19;08/08/2026;08:00;24.6;0;SOLEIL;3;0;0
Le Mans;48.0;0.19;08/08/2026;09:00;24.6;0;SOLEIL;3;0;0
Le Mans;48.0;0.19;08/08/2026;10:00;24.6;0;SOLEIL;3;0;0
Le Mans;48.0;0.19;08/08/2026;11:00;29.4;5;SOLEIL VOILÉ;2;0;0
Le Mans;48.0;0.19;08/08/2026;12:00;29.4;5;SOLEIL VOILÉ;2;0;0
Le Mans;48.0;0.19;08/08/2026;13:00;29.4;5;SOLEIL VOILÉ;2;0;0
Le Mans;48.0;0.19;08/08/2026;14:00;31.1;0;SOLEIL;2;0;0
Le Mans;48.0;0.19;08/08/2026;15:00;31.1;0;SOLEIL;2;0;0
Le Mans;48.0;0.19;08/08/2026;16:00;31.1;0;SOLEIL;2;0;0
Le Mans;48.0;0.19;08/08/2026;17:00;30.2;0;SOLEIL;1;0;0
Le Mans;48.0;0.19;08/08/2026;18:00;30.2;0;SOLEIL;1;0;0
Le Mans;48.0;0.19;08/08/2026;19:00;30.2;0;SOLEIL;1;0;0
Le Mans;48.0;0.19;08/08/2026;20:00;24;0;SOLEIL;2;0;0
Le Mans;48.0;0.19;08/08/2026;21:00;24;0;SOLEIL;2;0;0
Le Mans;48.0;0.19;08/08/2026;22:00;24;0;SOLEIL;2;0;0
Le Mans;48.0;0.19;08/08/2026;23:00;19.9;5;SOLEIL VOILÉ;2;0;0
Le Mans;48.0;0.19;09/08/2026;00:00;19.9;5;SOLEIL VOILÉ;2;0;0
Le Mans;48.0;0.19;09/08/2026;01:00;19.9;5;SOLEIL VOILÉ;2;0;0
Le Mans;48.0;0.19;09/08/2026;02:00;17.7;5;SOLEIL VOILÉ;2;0;0
Le Mans;48.0;0.19;09/08/2026;03:00;17.7;5;SOLEIL VOILÉ;2;0;0
Le Mans;48.0;0.19;09/08/2026;04:00;17.7;5;SOLEIL VOILÉ;2;0;0
Le Mans;48.0;0.19;09/08/2026;05:00;18.6;0;SOLEIL;2;0;0
Le Mans;48.0;0.19;09/08/2026;06:00;18.6;0;SOLEIL;2;0;0
Le Mans;48.0;0.19;09/08/2026;07:00;18.6;0;SOLEIL;2;0;0
Le Mans;48.0;0.19;09/08/2026;08:00;26.5;0;SOLEIL;1;0;0
Le Mans;48.0;0.19;09/08/2026;09:00;26.5;0;SOLEIL;1;0;0
Le Mans;48.0;0.19;09/08/2026;10:00;26.5;0;SOLEIL;1;0;0
Le Mans;48.0;0.19;09/08/2026;11:00;30.1;0;SOLEIL;3;0;0
Le Mans;48.0;0.19;09/08/2026;12:00;30.1;0;SOLEIL;3;0;0
Le Mans;48.0;0.19;09/08/2026;13:00;30.1;0;SOLEIL;3;0;0
Le Mans;48.0;0.19;09/08/2026;14:00;31.1;0;SOLEIL;3;0;0
Le Mans;48.0;0.19;09/08/2026;15:00;31.1;0;SOLEIL;3;0;0
Le Mans;48.0;0.19;09/08/2026;16:00;31.1;0;SOLEIL;3;0;0
Le Mans;48.0;0.19;09/08/2026;17:00;28.1;0;SOLEIL;3;0;0
Le Mans;48.0;0.19;09/08/2026;18:00;28.1;0;SOLEIL;3;0;0
Le Mans;48.0;0.19;09/08/2026;19:00;28.1;0;SOLEIL;3;0;0
Le Mans;48.0;0.19;09/08/2026;20:00;21.8;0;SOLEIL;5;0;0
Le Mans;48.0;0.19;09/08/2026;21:00;19.9;0;SOLEIL;5;0;0
Le Mans;48.0;0.19;09/08/2026;22:00;17.9;0;SOLEIL;5;0;0
Le Mans;48.0;0.19;09/08/2026;23:00;21.1;0;SOLEIL;3;0;0
Le Mans;48.0;0.19;10/08/2026;00:00;21.1;0;SOLEIL;3;0;0
Le Mans;48.0;0.19;10/08/2026;01:00;21.1;0;SOLEIL;3;0;0
Le Mans;48.0;0.19;10/08/2026;02:00;17;0;SOLEIL;5;0;0
Le Mans;48.0;0.19;10/08/2026;03:00;17;0;SOLEIL;5;0;0
Le Mans;48.0;0.19;10/08/2026;04:00;17;0;SOLEIL;5;0;0
Le Mans;48.0;0.19;10/08/2026;05:00;18.9;0;SOLEIL;2;0;0
Le Mans;48.0;0.19;10/08/2026;06:00;18.9;0;SOLEIL;2;0;0
Le Mans;48.0;0.19;10/08/2026;07:00;18.9;0;SOLEIL;2;0;0
Le Mans;48.0;0.19;10/08/2026;08:00;20.3;0;SOLEIL;5;0;0
Le Mans;48.0;0.19;10/08/2026;09:00;21.9;0;SOLEIL;5;0;0
Le Mans;48.0;0.19;10/08/2026;10:00;23.5;0;SOLEIL;5;0;0
Le Mans;48.0;0.19;10/08/2026;11:00;29.4;0;SOLEIL;2;0;0
Le Mans;48.0;0.19;10/08/2026;12:00;29.4;0;SOLEIL;2;0;0
Le Mans;48.0;0.19;10/08/2026;13:00;29.4;0;SOLEIL;2;0;0
Le Mans;48.0;0.19;10/08/2026;14:00;30.1;0;SOLEIL;5;0;0
Le Mans;48.0;0.19;10/08/2026;15:00;31.7;0;SOLEIL;5;0;0
Le Mans;48.0;0.19;10/08/2026;16:00;30.1;0;SOLEIL;5;0;0
Le Mans;48.0;0.19;10/08/2026;17:00;30;0;SOLEIL;3;0;0
Le Mans;48.0;0.19;10/08/2026;18:00;30;0;SOLEIL;3;0;0
Le Mans;48.0;0.19;10/08/2026;19:00;30;0;SOLEIL;3;0;0
Le Mans;48.0;0.19;10/08/2026;20:00;23.5;0;SOLEIL;5;0;0
Le Mans;48.0;0.19;10/08/2026;21:00;21.9;0;SOLEIL;5;0;0
Le Mans;48.0;0.19;10/08/2026;22:00;20.3;0;SOLEIL;5;0;0
Le Mans;48.0;0.19;10/08/2026;23:00;20.9;0;SOLEIL;4;0;0
Le Mans;48.0;0.19;11/08/2026;00:00;20.9;0;SOLEIL;4;0;0
Le Mans;48.0;0.19;11/08/2026;01:00;20.9;0;SOLEIL;4;0;0
Le Mans;48.0;0.19;11/08/2026;02:00;17.9;0;SOLEIL;5;0;0
Le Mans;48.0;0.19;11/08/2026;03:00;17.9;0;SOLEIL;5;0;0
Le Mans;48.0;0.19;11/08/2026;04:00;17.9;0;SOLEIL;5;0;0
Le Mans;48.0;0.19;11/08/2026;05:00;19.2;0;SOLEIL;3;0;0
Le Mans;48.0;0.19;11/08/2026;06:00;19.2;0;SOLEIL;3;0;0
Le Mans;48.0;0.19;11/08/2026;07:00;19.2;0;SOLEIL;3;0;0
Le Mans;48.0;0.19;11/08/2026;08:00;21.1;0;SOLEIL;5;0;0
Le Mans;48.0;0.19;11/08/2026;09:00;22.6;0;SOLEIL;5;0;0
Le Mans;48.0;0.19;11/08/2026;10:00;24.2;0;SOLEIL;5;0;0
Le Mans;48.0;0.19;11/08/2026;11:00;30.4;0;SOLEIL;3;0;0
Le Mans;48.0;0.19;11/08/2026;12:00;30.4;0;SOLEIL;3;0;0
Le Mans;48.0;0.19;11/08/2026;13:00;30.4;0;SOLEIL;3;0;0
Le Mans;48.0;0.19;11/08/2026;14:00;30.5;0;SOLEIL;5;0;0
Le Mans;48.0;0.19;11/08/2026;15:00;32.1;0;SOLEIL;5;0;0
Le Mans;48.0;0.19;11/08/2026;16:00;30.5;0;SOLEIL;5;0;0
Le Mans;48.0;0.19;11/08/2026;17:00;30.7;0;SOLEIL;3;0;0
Le Mans;48.0;0.19;11/08/2026;18:00;30.7;0;SOLEIL;3;0;0
Le Mans;48.0;0.19;11/08/2026;19:00;30.7;0;SOLEIL;3;0;0
Le Mans;48.0;0.19;11/08/2026;20:00;24.2;0;SOLEIL;5;0;0
Le Mans;48.0;0.19;11/08/2026;21:00;22.6;0;SOLEIL;5;0;0
Le Mans;48.0;0.19;11/08/2026;22:00;21.1;0;SOLEIL;5;0;0
Le Mans;48.0;0.19;11/08/2026;23:00;22.7;0;SOLEIL;4;0;0
Le Mans;48.0;0.19;12/08/2026;00:00;22.7;0;SOLEIL;4;0;0
Le Mans;48.0;0.19;12/08/2026;01:00;22.7;0;SOLEIL;4;0;0
Le Mans;48.0;0.19;12/08/2026;02:00;18;0;SOLEIL;5;0;0
Le Mans;48.0;0.19;12/08/2026;03:00;18;0;SOLEIL;5;0;0
Le Mans;48.0;0.19;12/08/2026;04:00;18;0;SOLEIL;5;0;0
Le Mans;48.0;0.19;12/08/2026;05:00;21.4;0;SOLEIL;3;0;0
Le Mans;48.0;0.19;12/08/2026;06:00;21.4;0;SOLEIL;3;0;0
Le Mans;48.0;0.19;12/08/2026;07:00;21.4;0;SOLEIL;3;0;0
Le Mans;48.0;0.19;12/08/2026;08:00;21.3;0;SOLEIL;5;0;0
Le Mans;48.0;0.19;12/08/2026;09:00;23.0;0;SOLEIL;5;0;0
Le Mans;48.0;0.19;12/08/2026;10:00;24.7;0;SOLEIL;5;0;0
Le Mans;48.0;0.19;12/08/2026;11:00;33.2;0;SOLEIL;3;0;0
Le Mans;48.0;0.19;12/08/2026;12:00;33.2;0;SOLEIL;3;0;0
Le Mans;48.0;0.19;12/08/2026;13:00;33.2;0;SOLEIL;3;0;0
Le Mans;48.0;0.19;12/08/2026;14:00;31.3;0;SOLEIL;5;0;0
Le Mans;48.0;0.19;12/08/2026;15:00;33.0;0;SOLEIL;5;0;0
Le Mans;48.0;0.19;12/08/2026;16:00;31.3;0;SOLEIL;5;0;0
Le Mans;48.0;0.19;12/08/2026;17:00;34;0;SOLEIL;1;0;0
Le Mans;48.0;0.19;12/08/2026;18:00;34;0;SOLEIL;1;0;0
Le Mans;48.0;0.19;12/08/2026;19:00;34;0;SOLEIL;1;0;0
Le Mans;48.0;0.19;12/08/2026;20:00;24.7;0;SOLEIL;5;0;0
Le Mans;48.0;0.19;12/08/2026;21:00;23.0;0;SOLEIL;5;0;0
Le Mans;48.0;0.19;12/08/2026;22:00;21.3;0;SOLEIL;5;0;0
Le Mans;48.0;0.19;12/08/2026;23:00;24.4;0;SOLEIL;3;0;0
Mamers;48.35;0.37;08/08/2026;00:00;16.4;0;SOLEIL;4;0;0
Mamers;48.35;0.37;08/08/2026;01:00;16.4;0;SOLEIL;4;0;0
Mamers;48.35;0.37;08/08/2026;02:00;15.1;0;SOLEIL;4;0;0
Mamers;48.35;0.37;08/08/2026;03:00;15.1;0;SOLEIL;4;0;0
Mamers;48.35;0.37;08/08/2026;04:00;15.1;0;SOLEIL;4;0;0
Mamers;48.35;0.37;08/08/2026;05:00;15.9;5;SOLEIL VOILÉ;3;0;0
Mamers;48.35;0.37;08/08/2026;06:00;15.9;5;SOLEIL VOILÉ;3;0;0
Mamers;48.35;0.37;08/08/2026;07:00;15.9;5;SOLEIL VOILÉ;3;0;0
Mamers;48.35;0.37;08/08/2026;08:00;24.1;5;SOLEIL VOILÉ;3;0;0
Mamers;48.35;0.37;08/08/2026;09:00;24.1;5;SOLEIL VOILÉ;3;0;0
Mamers;48.35;0.37;08/08/2026;10:00;24.1;5;SOLEIL VOILÉ;3;0;0
Mamers;48.35;0.37;08/08/2026;11:00;28.2;5;SOLEIL VOILÉ;3;0;0
Mamers;48.35;0.37;08/08/2026;12:00;28.2;5;SOLEIL VOILÉ;3;0;0
Mamers;48.35;0.37;08/08/2026;13:00;28.2;5;SOLEIL VOILÉ;3;0;0
Mamers;48.35;0.37;08/08/2026;14:00;30;0;SOLEIL;2;0;0
Mamers;48.35;0.37;08/08/2026;15:00;30;0;SOLEIL;2;0;0
Mamers;48.35;0.37;08/08/2026;16:00;30;0;SOLEIL;2;0;0
Mamers;48.35;0.37;08/08/2026;17:00;29.1;0;SOLEIL;1;0;0
Mamers;48.35;0.37;08/08/2026;18:00;29.1;0;SOLEIL;1;0;0
Mamers;48.35;0.37;08/08/2026;19:00;29.1;0;SOLEIL;1;0;0
Mamers;48.35;0.37;08/08/2026;20:00;21.7;0;SOLEIL;2;0;0
Mamers;48.35;0.37;08/08/2026;21:00;21.7;0;SOLEIL;2;0;0
Mamers;48.35;0.37;08/08/2026;22:00;21.7;0;SOLEIL;2;0;0
Mamers;48.35;0.37;08/08/2026;23:00;18.5;5;SOLEIL VOILÉ;3;0;0
Mamers;48.35;0.37;09/08/2026;00:00;18.5;5;SOLEIL VOILÉ;3;0;0
Mamers;48.35;0.37;09/08/2026;01:00;18.5;5;SOLEIL VOILÉ;3;0;0
Mamers;48.35;0.37;09/08/2026;02:00;17.2;5;SOLEIL VOILÉ;2;0;0
Mamers;48.35;0.37;09/08/2026;03:00;17.2;5;SOLEIL VOILÉ;2;0;0
Mamers;48.35;0.37;09/08/2026;04:00;17.2;5;SOLEIL VOILÉ;2;0;0
Mamers;48.35;0.37;09/08/2026;05:00;18.1;0;SOLEIL;2;0;0
Mamers;48.35;0.37;09/08/2026;06:00;18.1;0;SOLEIL;2;0;0
Mamers;48.35;0.37;09/08/2026;07:00;18.1;0;SOLEIL;2;0;0
Mamers;48.35;0.37;09/08/2026;08:00;26.6;0;SOLEIL;2;0;0
Mamers;48.35;0.37;09/08/2026;09:00;26.6;0;SOLEIL;2;0;0
Mamers;48.35;0.37;09/08/2026;10:00;26.6;0;SOLEIL;2;0;0
Mamers;48.35;0.37;09/08/2026;11:00;29.2;0;SOLEIL;3;0;0
Mamers;48.35;0.37;09/08/2026;12:00;29.2;0;SOLEIL;3;0;0
Mamers;48.35;0.37;09/08/2026;13:00;29.2;0;SOLEIL;3;0;0
Mamers;48.35;0.37;09/08/2026;14:00;31;0;SOLEIL;3;0;0
Mamers;48.35;0.37;09/08/2026;15:00;31;0;SOLEIL;3;0;0
Mamers;48.35;0.37;09/08/2026;16:00;31;0;SOLEIL;3;0;0
Mamers;48.35;0.37;09/08/2026;17:00;27.5;0;SOLEIL;2;0;0
Mamers;48.35;0.37;09/08/2026;18:00;27.5;0;SOLEIL;2;0;0
Mamers;48.35;0.37;09/08/2026;19:00;27.5;0;SOLEIL;2;0;0
Mamers;48.35;0.37;09/08/2026;20:00;21.1;0;SOLEIL;5;0;0
Mamers;48.35;0.37;09/08/2026;21:00;19.3;0;SOLEIL;5;0;0
Mamers;48.35;0.37;09/08/2026;22:00;17.4;0;SOLEIL;5;0;0
Mamers;48.35;0.37;09/08/2026;23:00;19.9;0;SOLEIL;3;0;0
Mamers;48.35;0.37;10/08/2026;00:00;19.9;0;SOLEIL;3;0;0
Mamers;48.35;0.37;10/08/2026;01:00;19.9;0;SOLEIL;3;0;0
Mamers;48.35;0.37;10/08/2026;02:00;16.6;0;SOLEIL;5;0;0
Mamers;48.35;0.37;10/08/2026;03:00;16.6;0;SOLEIL;5;0;0
Mamers;48.35;0.37;10/08/2026;04:00;16.6;0;SOLEIL;5;0;0
Mamers;48.35;0.37;10/08/2026;05:00;18.2;0;SOLEIL;2;0;0
Mamers;48.35;0.37;10/08/2026;06:00;18.2;0;SOLEIL;2;0;0
Mamers;48.35;0.37;10/08/2026;07:00;18.2;0;SOLEIL;2;0;0
Mamers;48.35;0.37;10/08/2026;08:00;20.0;0;SOLEIL;5;0;0
Mamers;48.35;0.37;10/08/2026;09:00;21.8;0;SOLEIL;5;0;0
Mamers;48.35;0.37;10/08/2026;10:00;23.5;0;SOLEIL;5;0;0
Mamers;48.35;0.37;10/08/2026;11:00;28.1;0;SOLEIL;2;0;0
Mamers;48.35;0.37;10/08/2026;12:00;28.1;0;SOLEIL;2;0;0
Mamers;48.35;0.37;10/08/2026;13:00;28.1;0;SOLEIL;2;0;0
Mamers;48.35;0.37;10/08/2026;14:00;30.4;0;SOLEIL;5;0;0
Mamers;48.35;0.37;10/08/2026;15:00;32.1;0;SOLEIL;5;0;0
Mamers;48.35;0.37;10/08/2026;16:00;30.4;0;SOLEIL;5;0;0
Mamers;48.35;0.37;10/08/2026;17:00;28.6;0;SOLEIL;4;0;0
Mamers;48.35;0.37;10/08/2026;18:00;28.6;0;SOLEIL;4;0;0
Mamers;48.35;0.37;10/08/2026;19:00;28.6;0;SOLEIL;4;0;0
Mamers;48.35;0.37;10/08/2026;20:00;23.5;0;SOLEIL;5;0;0
Mamers;48.35;0.37;10/08/2026;21:00;21.8;0;SOLEIL;5;0;0
Mamers;48.35;0.37;10/08/2026;22:00;20.0;0;SOLEIL;5;0;0
Mamers;48.35;0.37;10/08/2026;23:00;19.6;0;SOLEIL;4;0;0
Mamers;48.35;0.37;11/08/2026;00:00;19.6;0;SOLEIL;4;0;0
Mamers;48.35;0.37;11/08/2026;01:00;19.6;0;SOLEIL;4;0;0
Mamers;48.35;0.37;11/08/2026;02:00;16.9;0;SOLEIL;5;0;0
Mamers;48.35;0.37;11/08/2026;03:00;16.9;0;SOLEIL;5;0;0
Mamers;48.35;0.37;11/08/2026;04:00;16.9;0;SOLEIL;5;0;0
Mamers;48.35;0.37;11/08/2026;05:00;18.9;0;SOLEIL;3;0;0
Mamers;48.35;0.37;11/08/2026;06:00;18.9;0;SOLEIL;3;0;0
Mamers;48.35;0.37;11/08/2026;07:00;18.9;0;SOLEIL;3;0;0
Mamers;48.35;0.37;11/08/2026;08:00;20.0;0;SOLEIL;5;0;0
Mamers;48.35;0.37;11/08/2026;09:00;21.6;0;SOLEIL;5;0;0
Mamers;48.35;0.37;11/08/2026;10:00;23.2;0;SOLEIL;5;0;0
Mamers;48.35;0.37;11/08/2026;11:00;29.4;0;SOLEIL;3;0;0
Mamers;48.35;0.37;11/08/2026;12:00;29.4;0;SOLEIL;3;0;0
Mamers;48.35;0.37;11/08/2026;13:00;29.4;0;SOLEIL;3;0;0
Mamers;48.35;0.37;11/08/2026;14:00;29.4;0;SOLEIL;5;0;0
Mamers;48.35;0.37;11/08/2026;15:00;31.0;0;SOLEIL;5;0;0
Mamers;48.35;0.37;11/08/2026;16:00;29.4;0;SOLEIL;5;0;0
Mamers;48.35;0.37;11/08/2026;17:00;30.1;0;SOLEIL;2;0;0
Mamers;48.35;0.37;11/08/2026;18:00;30.1;0;SOLEIL;2;0;0
Mamers;48.35;0.37;11/08/2026;19:00;30.1;0;SOLEIL;2;0;0
Mamers;48.35;0.37;11/08/2026;20:00;23.2;0;SOLEIL;5;0;0
Mamers;48.35;0.37;11/08/2026;21:00;21.6;0;SOLEIL;5;0;0
Mamers;48.35;0.37;11/08/2026;22:00;20.0;0;SOLEIL;5;0;0
Mamers;48.35;0.37;11/08/2026;23:00;22;0;SOLEIL;4;0;0
Mamers;48.35;0.37;12/08/2026;00:00;22;0;SOLEIL;4;0;0
Mamers;48.35;0.37;12/08/2026;01:00;22;0;SOLEIL;4;0;0
Mamers;48.35;0.37;12/08/2026;02:00;17.2;0;SOLEIL;5;0;0
Mamers;48.35;0.37;12/08/2026;03:00;17.2;0;SOLEIL;5;0;0
Mamers;48.35;0.37;12/08/2026;04:00;17.2;0;SOLEIL;5;0;0
Mamers;48.35;0.37;12/08/2026;05:00;20.4;0;SOLEIL;3;0;0
Mamers;48.35;0.37;12/08/2026;06:00;20.4;0;SOLEIL;3;0;0
Mamers;48.35;0.37;12/08/2026;07:00;20.4;0;SOLEIL;3;0;0
Mamers;48.35;0.37;12/08/2026;08:00;20.5;0;SOLEIL;5;0;0
Mamers;48.35;0.37;12/08/2026;09:00;22.1;0;SOLEIL;5;0;0
Mamers;48.35;0.37;12/08/2026;10:00;23.7;0;SOLEIL;5;0;0
Mamers;48.35;0.37;12/08/2026;11:00;31.6;0;SOLEIL;3;0;0
Mamers;48.35;0.37;12/08/2026;12:00;31.6;0;SOLEIL;3;0;0
Mamers;48.35;0.37;12/08/2026;13:00;31.6;0;SOLEIL;3;0;0
Mamers;48.35;0.37;12/08/2026;14:00;30.3;0;SOLEIL;5;0;0
Mamers;48.35;0.37;12/08/2026;15:00;31.9;0;SOLEIL;5;0;0
Mamers;48.35;0.37;12/08/2026;16:00;30.3;0;SOLEIL;5;0;0
Mamers;48.35;0.37;12/08/2026;17:00;32.9;0;SOLEIL;2;0;0
Mamers;48.35;0.37;12/08/2026;18:00;32.9;0;SOLEIL;2;0;0
Mamers;48.35;0.37;12/08/2026;19:00;32.9;0;SOLEIL;2;0;0
Mamers;48.35;0.37;12/08/2026;20:00;23.7;0;SOLEIL;5;0;0
Mamers;48.35;0.37;12/08/2026;21:00;22.1;0;SOLEIL;5;0;0
Mamers;48.35;0.37;12/08/2026;22:00;20.5;0;SOLEIL;5;0;0
Mamers;48.35;0.37;12/08/2026;23:00;22.7;0;SOLEIL;3;0;0
Challans;46.84;-1.88;08/08/2026;00:00;19.6;5;SOLEIL VOILÉ;4;0;0
Challans;46.84;-1.88;08/08/2026;01:00;19.6;5;SOLEIL VOILÉ;4;0;0
Challans;46.84;-1.88;08/08/2026;02:00;16.1;5;SOLEIL VOILÉ;4;0;0
Challans;46.84;-1.88;08/08/2026;03:00;16.1;5;SOLEIL VOILÉ;4;0;0
Challans;46.84;-1.88;08/08/2026;04:00;16.1;5;SOLEIL VOILÉ;4;0;0
Challans;46.84;-1.88;08/08/2026;05:00;16.7;5;SOLEIL VOILÉ;4;0;0
Challans;46.84;-1.88;08/08/2026;06:00;16.7;5;SOLEIL VOILÉ;4;0;0
Challans;46.84;-1.88;08/08/2026;07:00;16.7;5;SOLEIL VOILÉ;4;0;0
Challans;46.84;-1.88;08/08/2026;08:00;26.9;5;SOLEIL VOILÉ;3;0;0
Challans;46.84;-1.88;08/08/2026;09:00;26.9;5;SOLEIL VOILÉ;3;0;0
Challans;46.84;-1.88;08/08/2026;10:00;26.9;5;SOLEIL VOILÉ;3;0;0
Challans;46.84;-1.88;08/08/2026;11:00;32.4;0;SOLEIL;2;0;0
Challans;46.84;-1.88;08/08/2026;12:00;32.4;0;SOLEIL;2;0;0
Challans;46.84;-1.88;08/08/2026;13:00;32.4;0;SOLEIL;2;0;0
Challans;46.84;-1.88;08/08/2026;14:00;32.4;0;SOLEIL;5;0;0
Challans;46.84;-1.88;08/08/2026;15:00;32.4;0;SOLEIL;5;0;0
Challans;46.84;-1.88;08/08/2026;16:00;32.4;0;SOLEIL;5;0;0
Challans;46.84;-1.88;08/08/2026;17:00;30.1;0;SOLEIL;3;0;0
Challans;46.84;-1.88;08/08/2026;18:00;30.1;0;SOLEIL;3;0;0
Challans;46.84;-1.88;08/08/2026;19:00;30.1;0;SOLEIL;3;0;0
Challans;46.84;-1.88;08/08/2026;20:00;21.1;0;SOLEIL;3;0;0
Challans;46.84;-1.88;08/08/2026;21:00;21.1;0;SOLEIL;3;0;0
Challans;46.84;-1.88;08/08/2026;22:00;21.1;0;SOLEIL;3;0;0
Challans;46.84;-1.88;08/08/2026;23:00;20;0;SOLEIL;2;0;0
Challans;46.84;-1.88;09/08/2026;00:00;20;0;SOLEIL;2;0;0
Challans;46.84;-1.88;09/08/2026;01:00;20;0;SOLEIL;2;0;0
Challans;46.84;-1.88;09/08/2026;02:00;17.6;0;SOLEIL;2;0;0
Challans;46.84;-1.88;09/08/2026;03:00;17.6;0;SOLEIL;2;0;0
Challans;46.84;-1.88;09/08/2026;04:00;17.6;0;SOLEIL;2;0;0
Challans;46.84;-1.88;09/08/2026;05:00;17.1;0;SOLEIL;2;0;0
Challans;46.84;-1.88;09/08/2026;06:00;17.1;0;SOLEIL;2;0;0
Challans;46.84;-1.88;09/08/2026;07:00;17.1;0;SOLEIL;2;0;0
Challans;46.84;-1.88;09/08/2026;08:00;24.9;0;SOLEIL;3;0;0
Challans;46.84;-1.88;09/08/2026;09:00;24.9;0;SOLEIL;3;0;0
Challans;46.84;-1.88;09/08/2026;10:00;24.9;0;SOLEIL;3;0;0
Challans;46.84;-1.88;09/08/2026;11:00;28.1;0;SOLEIL;4;0;0
Challans;46.84;-1.88;09/08/2026;12:00;28.1;0;SOLEIL;4;0;0
Challans;46.84;-1.88;09/08/2026;13:00;28.1;0;SOLEIL;4;0;0
Challans;46.84;-1.88;09/08/2026;14:00;28;0;SOLEIL;5;0;0
Challans;46.84;-1.88;09/08/2026;15:00;28;0;SOLEIL;5;0;0
Challans;46.84;-1.88;09/08/2026;16:00;28;0;SOLEIL;5;0;0
Challans;46.84;-1.88;09/08/2026;17:00;25.6;0;SOLEIL;5;0;0
Challans;46.84;-1.88;09/08/2026;18:00;25.6;0;SOLEIL;5;0;0
Challans;46.84;-1.88;09/08/2026;19:00;25.6;0;SOLEIL;5;0;0
Challans;46.84;-1.88;09/08/2026;20:00;23.7;0;SOLEIL;5;0;0
Challans;46.84;-1.88;09/08/2026;21:00;21.6;0;SOLEIL;5;0;0
Challans;46.84;-1.88;09/08/2026;22:00;19.6;0;SOLEIL;5;0;0
Challans;46.84;-1.88;09/08/2026;23:00;19.2;0;SOLEIL;3;0;0
Challans;46.84;-1.88;10/08/2026;00:00;19.2;0;SOLEIL;3;0;0
Challans;46.84;-1.88;10/08/2026;01:00;19.2;0;SOLEIL;3;0;0
Challans;46.84;-1.88;10/08/2026;02:00;16.9;0;SOLEIL;5;0;0
Challans;46.84;-1.88;10/08/2026;03:00;16.9;0;SOLEIL;5;0;0
Challans;46.84;-1.88;10/08/2026;04:00;16.9;0;SOLEIL;5;0;0
Challans;46.84;-1.88;10/08/2026;05:00;17.7;0;SOLEIL;3;0;0
Challans;46.84;-1.88;10/08/2026;06:00;17.7;0;SOLEIL;3;0;0
Challans;46.84;-1.88;10/08/2026;07:00;17.7;0;SOLEIL;3;0;0
Challans;46.84;-1.88;10/08/2026;08:00;19.8;0;SOLEIL;5;0;0
Challans;46.84;-1.88;10/08/2026;09:00;21.3;0;SOLEIL;5;0;0
Challans;46.84;-1.88;10/08/2026;10:00;22.8;0;SOLEIL;5;0;0
Challans;46.84;-1.88;10/08/2026;11:00;29.4;0;SOLEIL;3;0;0
Challans;46.84;-1.88;10/08/2026;12:00;29.4;0;SOLEIL;3;0;0
Challans;46.84;-1.88;10/08/2026;13:00;29.4;0;SOLEIL;3;0;0
Challans;46.84;-1.88;10/08/2026;14:00;28.6;0;SOLEIL;5;0;0
Challans;46.84;-1.88;10/08/2026;15:00;30.1;0;SOLEIL;5;0;0
Challans;46.84;-1.88;10/08/2026;16:00;28.6;0;SOLEIL;5;0;0
Challans;46.84;-1.88;10/08/2026;17:00;27.2;0;SOLEIL;5;0;0
Challans;46.84;-1.88;10/08/2026;18:00;27.2;0;SOLEIL;5;0;0
Challans;46.84;-1.88;10/08/2026;19:00;27.2;0;SOLEIL;5;0;0
Challans;46.84;-1.88;10/08/2026;20:00;22.8;0;SOLEIL;5;0;0
Challans;46.84;-1.88;10/08/2026;21:00;21.3;0;SOLEIL;5;0;0
Challans;46.84;-1.88;10/08/2026;22:00;19.8;0;SOLEIL;5;0;0
Challans;46.84;-1.88;10/08/2026;23:00;21.1;0;SOLEIL;5;0;0
Challans;46.84;-1.88;11/08/2026;00:00;21.1;0;SOLEIL;5;0;0
Challans;46.84;-1.88;11/08/2026;01:00;21.1;0;SOLEIL;5;0;0
Challans;46.84;-1.88;11/08/2026;02:00;16.6;0;SOLEIL;5;0;0
Challans;46.84;-1.88;11/08/2026;03:00;16.6;0;SOLEIL;5;0;0
Challans;46.84;-1.88;11/08/2026;04:00;16.6;0;SOLEIL;5;0;0
Challans;46.84;-1.88;11/08/2026;05:00;20.1;0;SOLEIL;4;0;0
Challans;46.84;-1.88;11/08/2026;06:00;20.1;0;SOLEIL;4;0;0
Challans;46.84;-1.88;11/08/2026;07:00;20.1;0;SOLEIL;4;0;0
Challans;46.84;-1.88;11/08/2026;08:00;19.7;0;SOLEIL;5;0;0
Challans;46.84;-1.88;11/08/2026;09:00;21.3;0;SOLEIL;5;0;0
Challans;46.84;-1.88;11/08/2026;10:00;22.8;0;SOLEIL;5;0;0
Challans;46.84;-1.88;11/08/2026;11:00;32;0;SOLEIL;3;0;0
Challans;46.84;-1.88;11/08/2026;12:00;32;0;SOLEIL;3;0;0
Challans;46.84;-1.88;11/08/2026;13:00;32;0;SOLEIL;3;0;0
Challans;46.84;-1.88;11/08/2026;14:00;29.0;0;SOLEIL;5;0;0
Challans;46.84;-1.88;11/08/2026;15:00;30.6;0;SOLEIL;5;0;0
Challans;46.84;-1.88;11/08/2026;16:00;29.0;0;SOLEIL;5;0;0
Challans;46.84;-1.88;11/08/2026;17:00;31.6;0;SOLEIL;3;0;0
Challans;46.84;-1.88;11/08/2026;18:00;31.6;0;SOLEIL;3;0;0
Challans;46.84;-1.88;11/08/2026;19:00;31.6;0;SOLEIL;3;0;0
Challans;46.84;-1.88;11/08/2026;20:00;22.8;0;SOLEIL;5;0;0
Challans;46.84;-1.88;11/08/2026;21:00;21.3;0;SOLEIL;5;0;0
Challans;46.84;-1.88;11/08/2026;22:00;19.7;0;SOLEIL;5;0;0
Challans;46.84;-1.88;11/08/2026;23:00;24.1;0;SOLEIL;4;0;0
Challans;46.84;-1.88;12/08/2026;00:00;24.1;0;SOLEIL;4;0;0
Challans;46.84;-1.88;12/08/2026;01:00;24.1;0;SOLEIL;4;0;0
Challans;46.84;-1.88;12/08/2026;02:00;18.5;0;SOLEIL;5;0;0
Challans;46.84;-1.88;12/08/2026;03:00;18.5;0;SOLEIL;5;0;0
Challans;46.84;-1.88;12/08/2026;04:00;18.5;0;SOLEIL;5;0;0
Challans;46.84;-1.88;12/08/2026;05:00;22.1;0;SOLEIL;4;0;0
Challans;46.84;-1.88;12/08/2026;06:00;22.1;0;SOLEIL;4;0;0
Challans;46.84;-1.88;12/08/2026;07:00;22.1;0;SOLEIL;4;0;0
Challans;46.84;-1.88;12/08/2026;08:00;22.1;0;SOLEIL;5;0;0
Challans;46.84;-1.88;12/08/2026;09:00;23.9;0;SOLEIL;5;0;0
Challans;46.84;-1.88;12/08/2026;10:00;25.7;0;SOLEIL;5;0;0
Challans;46.84;-1.88;12/08/2026;11:00;29.9;0;SOLEIL;4;0;0
Challans;46.84;-1.88;12/08/2026;12:00;29.9;0;SOLEIL;4;0;0
Challans;46.84;-1.88;12/08/2026;13:00;29.9;0;SOLEIL;4;0;0
Challans;46.84;-1.88;12/08/2026;14:00;32.9;0;SOLEIL;5;0;0
Challans;46.84;-1.88;12/08/2026;15:00;34.7;0;SOLEIL;5;0;0
Challans;46.84;-1.88;12/08/2026;16:00;32.9;0;SOLEIL;5;0;0
Challans;46.84;-1.88;12/08/2026;17:00;27.1;0;SOLEIL;4;0;0
Challans;46.84;-1.88;12/08/2026;18:00;27.1;0;SOLEIL;4;0;0
Challans;46.84;-1.88;12/08/2026;19:00;27.1;0;SOLEIL;4;0;0
Challans;46.84;-1.88;12/08/2026;20:00;25.7;0;SOLEIL;5;0;0
Challans;46.84;-1.88;12/08/2026;21:00;23.9;0;SOLEIL;5;0;0
Challans;46.84;-1.88;12/08/2026;22:00;22.1;0;SOLEIL;5;0;0
Challans;46.84;-1.88;12/08/2026;23:00;20.7;0;SOLEIL;4;0;0
Fontenay-le-Comte;46.46;-0.8;08/08/2026;00:00;21.2;0;SOLEIL;4;0;0
Fontenay-le-Comte;46.46;-0.8;08/08/2026;01:00;21.2;0;SOLEIL;4;0;0
Fontenay-le-Comte;46.46;-0.8;08/08/2026;02:00;19.2;5;SOLEIL VOILÉ;4;0;0
Fontenay-le-Comte;46.46;-0.8;08/08/2026;03:00;19.2;5;SOLEIL VOILÉ;4;0;0
Fontenay-le-Comte;46.46;-0.8;08/08/2026;04:00;19.2;5;SOLEIL VOILÉ;4;0;0
Fontenay-le-Comte;46.46;-0.8;08/08/2026;05:00;20;0;SOLEIL;4;0;0
Fontenay-le-Comte;46.46;-0.8;08/08/2026;06:00;20;0;SOLEIL;4;0;0
Fontenay-le-Comte;46.46;-0.8;08/08/2026;07:00;20;0;SOLEIL;4;0;0
Fontenay-le-Comte;46.46;-0.8;08/08/2026;08:00;28.1;0;SOLEIL;3;0;0
Fontenay-le-Comte;46.46;-0.8;08/08/2026;09:00;28.1;0;SOLEIL;3;0;0
Fontenay-le-Comte;46.46;-0.8;08/08/2026;10:00;28.1;0;SOLEIL;3;0;0
Fontenay-le-Comte;46.46;-0.8;08/08/2026;11:00;31.7;0;SOLEIL;2;0;0
Fontenay-le-Comte;46.46;-0.8;08/08/2026;12:00;31.7;0;SOLEIL;2;0;0
Fontenay-le-Comte;46.46;-0.8;08/08/2026;13:00;31.7;0;SOLEIL;2;0;0
Fontenay-le-Comte;46.46;-0.8;08/08/2026;14:00;33.1;0;SOLEIL;1;0;0
Fontenay-le-Comte;46.46;-0.8;08/08/2026;15:00;33.1;0;SOLEIL;1;0;0
Fontenay-le-Comte;46.46;-0.8;08/08/2026;16:00;33.1;0;SOLEIL;1;0;0
Fontenay-le-Comte;46.46;-0.8;08/08/2026;17:00;32.4;0;SOLEIL;2;0;0
Fontenay-le-Comte;46.46;-0.8;08/08/2026;18:00;32.4;0;SOLEIL;2;0;0
Fontenay-le-Comte;46.46;-0.8;08/08/2026;19:00;32.4;0;SOLEIL;2;0;0
Fontenay-le-Comte;46.46;-0.8;08/08/2026;20:00;25.2;0;SOLEIL;3;0;0
Fontenay-le-Comte;46.46;-0.8;08/08/2026;21:00;25.2;0;SOLEIL;3;0;0
Fontenay-le-Comte;46.46;-0.8;08/08/2026;22:00;25.2;0;SOLEIL;3;0;0
Fontenay-le-Comte;46.46;-0.8;08/08/2026;23:00;22.2;5;SOLEIL VOILÉ;3;0;0
Fontenay-le-Comte;46.46;-0.8;09/08/2026;00:00;22.2;5;SOLEIL VOILÉ;3;0;0
Fontenay-le-Comte;46.46;-0.8;09/08/2026;01:00;22.2;5;SOLEIL VOILÉ;3;0;0
Fontenay-le-Comte;46.46;-0.8;09/08/2026;02:00;20.6;5;SOLEIL VOILÉ;2;0;0
Fontenay-le-Comte;46.46;-0.8;09/08/2026;03:00;20.6;5;SOLEIL VOILÉ;2;0;0
Fontenay-le-Comte;46.46;-0.8;09/08/2026;04:00;20.6;5;SOLEIL VOILÉ;2;0;0
Fontenay-le-Comte;46.46;-0.8;09/08/2026;05:00;20.7;0;SOLEIL;2;0;0
Fontenay-le-Comte;46.46;-0.8;09/08/2026;06:00;20.7;0;SOLEIL;2;0;0
Fontenay-le-Comte;46.46;-0.8;09/08/2026;07:00;20.7;0;SOLEIL;2;0;0
Fontenay-le-Comte;46.46;-0.8;09/08/2026;08:00;27;0;SOLEIL;2;0;0
Fontenay-le-Comte;46.46;-0.8;09/08/2026;09:00;27;0;SOLEIL;2;0;0
Fontenay-le-Comte;46.46;-0.8;09/08/2026;10:00;27;0;SOLEIL;2;0;0
Fontenay-le-Comte;46.46;-0.8;09/08/2026;11:00;30.4;0;SOLEIL;3;0;0
Fontenay-le-Comte;46.46;-0.8;09/08/2026;12:00;30.4;0;SOLEIL;3;0;0
Fontenay-le-Comte;46.46;-0.8;09/08/2026;13:00;30.4;0;SOLEIL;3;0;0
Fontenay-le-Comte;46.46;-0.8;09/08/2026;14:00;31.6;0;SOLEIL;3;0;0
Fontenay-le-Comte;46.46;-0.8;09/08/2026;15:00;31.6;0;SOLEIL;3;0;0
Fontenay-le-Comte;46.46;-0.8;09/08/2026;16:00;31.6;0;SOLEIL;3;0;0
Fontenay-le-Comte;46.46;-0.8;09/08/2026;17:00;30.2;0;SOLEIL;3;0;0
Fontenay-le-Comte;46.46;-0.8;09/08/2026;18:00;30.2;0;SOLEIL;3;0;0
Fontenay-le-Comte;46.46;-0.8;09/08/2026;19:00;30.2;0;SOLEIL;3;0;0
Fontenay-le-Comte;46.46;-0.8;09/08/2026;20:00;25.2;0;SOLEIL;5;0;0
Fontenay-le-Comte;46.46;-0.8;09/08/2026;21:00;23.4;0;SOLEIL;5;0;0
Fontenay-le-Comte;46.46;-0.8;09/08/2026;22:00;21.7;0;SOLEIL;5;0;0
Fontenay-le-Comte;46.46;-0.8;09/08/2026;23:00;21.4;0;SOLEIL;3;0;0
Fontenay-le-Comte;46.46;-0.8;10/08/2026;00:00;21.4;0;SOLEIL;3;0;0
Fontenay-le-Comte;46.46;-0.8;10/08/2026;01:00;21.4;0;SOLEIL;3;0;0
Fontenay-le-Comte;46.46;-0.8;10/08/2026;02:00;19.6;0;SOLEIL;5;0;0
Fontenay-le-Comte;46.46;-0.8;10/08/2026;03:00;19.6;0;SOLEIL;5;0;0
Fontenay-le-Comte;46.46;-0.8;10/08/2026;04:00;19.6;0;SOLEIL;5;0;0
Fontenay-le-Comte;46.46;-0.8;10/08/2026;05:00;20.1;0;SOLEIL;3;0;0
Fontenay-le-Comte;46.46;-0.8;10/08/2026;06:00;20.1;0;SOLEIL;3;0;0
Fontenay-le-Comte;46.46;-0.8;10/08/2026;07:00;20.1;0;SOLEIL;3;0;0
Fontenay-le-Comte;46.46;-0.8;10/08/2026;08:00;22.4;0;SOLEIL;5;0;0
Fontenay-le-Comte;46.46;-0.8;10/08/2026;09:00;23.8;0;SOLEIL;5;0;0
Fontenay-le-Comte;46.46;-0.8;10/08/2026;10:00;25.2;0;SOLEIL;5;0;0
Fontenay-le-Comte;46.46;-0.8;10/08/2026;11:00;30.6;0;SOLEIL;2;0;0
Fontenay-le-Comte;46.46;-0.8;10/08/2026;12:00;30.6;0;SOLEIL;2;0;0
Fontenay-le-Comte;46.46;-0.8;10/08/2026;13:00;30.6;0;SOLEIL;2;0;0
Fontenay-le-Comte;46.46;-0.8;10/08/2026;14:00;30.7;0;SOLEIL;5;0;0
Fontenay-le-Comte;46.46;-0.8;10/08/2026;15:00;32.1;0;SOLEIL;5;0;0
Fontenay-le-Comte;46.46;-0.8;10/08/2026;16:00;30.7;0;SOLEIL;5;0;0
Fontenay-le-Comte;46.46;-0.8;10/08/2026;17:00;32.5;0;SOLEIL;3;0;0
Fontenay-le-Comte;46.46;-0.8;10/08/2026;18:00;32.5;0;SOLEIL;3;0;0
Fontenay-le-Comte;46.46;-0.8;10/08/2026;19:00;32.5;0;SOLEIL;3;0;0
Fontenay-le-Comte;46.46;-0.8;10/08/2026;20:00;25.2;0;SOLEIL;5;0;0
Fontenay-le-Comte;46.46;-0.8;10/08/2026;21:00;23.8;0;SOLEIL;5;0;0
Fontenay-le-Comte;46.46;-0.8;10/08/2026;22:00;22.4;0;SOLEIL;5;0;0
Fontenay-le-Comte;46.46;-0.8;10/08/2026;23:00;23.1;0;SOLEIL;4;0;0
Fontenay-le-Comte;46.46;-0.8;11/08/2026;00:00;23.1;0;SOLEIL;4;0;0
Fontenay-le-Comte;46.46;-0.8;11/08/2026;01:00;23.1;0;SOLEIL;4;0;0
Fontenay-le-Comte;46.46;-0.8;11/08/2026;02:00;18.4;0;SOLEIL;5;0;0
Fontenay-le-Comte;46.46;-0.8;11/08/2026;03:00;18.4;0;SOLEIL;5;0;0
Fontenay-le-Comte;46.46;-0.8;11/08/2026;04:00;18.4;0;SOLEIL;5;0;0
Fontenay-le-Comte;46.46;-0.8;11/08/2026;05:00;22.7;0;SOLEIL;4;0;0
Fontenay-le-Comte;46.46;-0.8;11/08/2026;06:00;22.7;0;SOLEIL;4;0;0
Fontenay-le-Comte;46.46;-0.8;11/08/2026;07:00;22.7;0;SOLEIL;4;0;0
Fontenay-le-Comte;46.46;-0.8;11/08/2026;08:00;22.0;0;SOLEIL;5;0;0
Fontenay-le-Comte;46.46;-0.8;11/08/2026;09:00;23.8;0;SOLEIL;5;0;0
Fontenay-le-Comte;46.46;-0.8;11/08/2026;10:00;25.6;0;SOLEIL;5;0;0
Fontenay-le-Comte;46.46;-0.8;11/08/2026;11:00;34.5;0;SOLEIL;4;0;0
Fontenay-le-Comte;46.46;-0.8;11/08/2026;12:00;34.5;0;SOLEIL;4;0;0
Fontenay-le-Comte;46.46;-0.8;11/08/2026;13:00;34.5;0;SOLEIL;4;0;0
Fontenay-le-Comte;46.46;-0.8;11/08/2026;14:00;32.8;0;SOLEIL;5;0;0
Fontenay-le-Comte;46.46;-0.8;11/08/2026;15:00;34.6;0;SOLEIL;5;0;0
Fontenay-le-Comte;46.46;-0.8;11/08/2026;16:00;32.8;0;SOLEIL;5;0;0
Fontenay-le-Comte;46.46;-0.8;11/08/2026;17:00;34.1;0;SOLEIL;3;0;0
Fontenay-le-Comte;46.46;-0.8;11/08/2026;18:00;34.1;0;SOLEIL;3;0;0
Fontenay-le-Comte;46.46;-0.8;11/08/2026;19:00;34.1;0;SOLEIL;3;0;0
Fontenay-le-Comte;46.46;-0.8;11/08/2026;20:00;25.6;0;SOLEIL;5;0;0
Fontenay-le-Comte;46.46;-0.8;11/08/2026;21:00;23.8;0;SOLEIL;5;0;0
Fontenay-le-Comte;46.46;-0.8;11/08/2026;22:00;22.0;0;SOLEIL;5;0;0
Fontenay-le-Comte;46.46;-0.8;11/08/2026;23:00;26.1;0;SOLEIL;5;0;0
Fontenay-le-Comte;46.46;-0.8;12/08/2026;00:00;26.1;0;SOLEIL;5;0;0
Fontenay-le-Comte;46.46;-0.8;12/08/2026;01:00;26.1;0;SOLEIL;5;0;0
Fontenay-le-Comte;46.46;-0.8;12/08/2026;02:00;21.1;0;SOLEIL;5;0;0
Fontenay-le-Comte;46.46;-0.8;12/08/2026;03:00;21.1;0;SOLEIL;5;0;0
Fontenay-le-Comte;46.46;-0.8;12/08/2026;04:00;21.1;0;SOLEIL;5;0;0
Fontenay-le-Comte;46.46;-0.8;12/08/2026;05:00;23.6;0;SOLEIL;4;0;0
Fontenay-le-Comte;46.46;-0.8;12/08/2026;06:00;23.6;0;SOLEIL;4;0;0
Fontenay-le-Comte;46.46;-0.8;12/08/2026;07:00;23.6;0;SOLEIL;4;0;0
Fontenay-le-Comte;46.46;-0.8;12/08/2026;08:00;24.5;0;SOLEIL;5;0;0
Fontenay-le-Comte;46.46;-0.8;12/08/2026;09:00;26.3;0;SOLEIL;5;0;0
Fontenay-le-Comte;46.46;-0.8;12/08/2026;10:00;28.0;0;SOLEIL;5;0;0
Fontenay-le-Comte;46.46;-0.8;12/08/2026;11:00;34.1;0;SOLEIL;3;0;0
Fontenay-le-Comte;46.46;-0.8;12/08/2026;12:00;34.1;0;SOLEIL;3;0;0
Fontenay-le-Comte;46.46;-0.8;12/08/2026;13:00;34.1;0;SOLEIL;3;0;0
Fontenay-le-Comte;46.46;-0.8;12/08/2026;14:00;34.9;0;SOLEIL;5;0;0
Fontenay-le-Comte;46.46;-0.8;12/08/2026;15:00;36.6;0;SOLEIL;5;0;0
Fontenay-le-Comte;46.46;-0.8;12/08/2026;16:00;34.9;0;SOLEIL;5;0;0
Fontenay-le-Comte;46.46;-0.8;12/08/2026;17:00;31.5;0;SOLEIL;3;0;0
Fontenay-le-Comte;46.46;-0.8;12/08/2026;18:00;31.5;0;SOLEIL;3;0;0
Fontenay-le-Comte;46.46;-0.8;12/08/2026;19:00;31.5;0;SOLEIL;3;0;0
Fontenay-le-Comte;46.46;-0.8;12/08/2026;20:00;28.0;0;SOLEIL;5;0;0
Fontenay-le-Comte;46.46;-0.8;12/08/2026;21:00;26.3;0;SOLEIL;5;0;0
Fontenay-le-Comte;46.46;-0.8;12/08/2026;22:00;24.5;0;SOLEIL;5;0;0
Fontenay-le-Comte;46.46;-0.8;12/08/2026;23:00;23.1;0;SOLEIL;2;0;0
La Roche-sur-Yon;46.67;-1.42;08/08/2026;00:00;20.1;5;SOLEIL VOILÉ;3;0;0
La Roche-sur-Yon;46.67;-1.42;08/08/2026;01:00;20.1;5;SOLEIL VOILÉ;3;0;0
La Roche-sur-Yon;46.67;-1.42;08/08/2026;02:00;18;5;SOLEIL VOILÉ;3;0;0
La Roche-sur-Yon;46.67;-1.42;08/08/2026;03:00;18;5;SOLEIL VOILÉ;3;0;0
La Roche-sur-Yon;46.67;-1.42;08/08/2026;04:00;18;5;SOLEIL VOILÉ;3;0;0
La Roche-sur-Yon;46.67;-1.42;08/08/2026;05:00;19.4;5;SOLEIL VOILÉ;4;0;0
La Roche-sur-Yon;46.67;-1.42;08/08/2026;06:00;19.4;5;SOLEIL VOILÉ;4;0;0
La Roche-sur-Yon;46.67;-1.42;08/08/2026;07:00;19.4;5;SOLEIL VOILÉ;4;0;0
La Roche-sur-Yon;46.67;-1.42;08/08/2026;08:00;27.1;0;SOLEIL;3;0;0
La Roche-sur-Yon;46.67;-1.42;08/08/2026;09:00;27.1;0;SOLEIL;3;0;0
La Roche-sur-Yon;46.67;-1.42;08/08/2026;10:00;27.1;0;SOLEIL;3;0;0
La Roche-sur-Yon;46.67;-1.42;08/08/2026;11:00;31.7;0;SOLEIL;2;0;0
La Roche-sur-Yon;46.67;-1.42;08/08/2026;12:00;31.7;0;SOLEIL;2;0;0
La Roche-sur-Yon;46.67;-1.42;08/08/2026;13:00;31.7;0;SOLEIL;2;0;0
La Roche-sur-Yon;46.67;-1.42;08/08/2026;14:00;33.1;0;SOLEIL;1;0;0
La Roche-sur-Yon;46.67;-1.42;08/08/2026;15:00;33.1;0;SOLEIL;1;0;0
La Roche-sur-Yon;46.67;-1.42;08/08/2026;16:00;33.1;0;SOLEIL;1;0;0
La Roche-sur-Yon;46.67;-1.42;08/08/2026;17:00;29.6;0;SOLEIL;3;0;0
La Roche-sur-Yon;46.67;-1.42;08/08/2026;18:00;29.6;0;SOLEIL;3;0;0
La Roche-sur-Yon;46.67;-1.42;08/08/2026;19:00;29.6;0;SOLEIL;3;0;0
La Roche-sur-Yon;46.67;-1.42;08/08/2026;20:00;23.7;0;SOLEIL;2;0;0
La Roche-sur-Yon;46.67;-1.42;08/08/2026;21:00;23.7;0;SOLEIL;2;0;0
La Roche-sur-Yon;46.67;-1.42;08/08/2026;22:00;23.7;0;SOLEIL;2;0;0
La Roche-sur-Yon;46.67;-1.42;08/08/2026;23:00;20.6;5;SOLEIL VOILÉ;2;0;0
La Roche-sur-Yon;46.67;-1.42;09/08/2026;00:00;20.6;5;SOLEIL VOILÉ;2;0;0
La Roche-sur-Yon;46.67;-1.42;09/08/2026;01:00;20.6;5;SOLEIL VOILÉ;2;0;0
La Roche-sur-Yon;46.67;-1.42;09/08/2026;02:00;19.2;0;SOLEIL;3;0;0
La Roche-sur-Yon;46.67;-1.42;09/08/2026;03:00;19.2;0;SOLEIL;3;0;0
La Roche-sur-Yon;46.67;-1.42;09/08/2026;04:00;19.2;0;SOLEIL;3;0;0
La Roche-sur-Yon;46.67;-1.42;09/08/2026;05:00;19.1;0;SOLEIL;2;0;0
La Roche-sur-Yon;46.67;-1.42;09/08/2026;06:00;19.1;0;SOLEIL;2;0;0
La Roche-sur-Yon;46.67;-1.42;09/08/2026;07:00;19.1;0;SOLEIL;2;0;0
La Roche-sur-Yon;46.67;-1.42;09/08/2026;08:00;24.7;0;SOLEIL;2;0;0
La Roche-sur-Yon;46.67;-1.42;09/08/2026;09:00;24.7;0;SOLEIL;2;0;0
La Roche-sur-Yon;46.67;-1.42;09/08/2026;10:00;24.7;0;SOLEIL;2;0;0
La Roche-sur-Yon;46.67;-1.42;09/08/2026;11:00;29.9;0;SOLEIL;3;0;0
La Roche-sur-Yon;46.67;-1.42;09/08/2026;12:00;29.9;0;SOLEIL;3;0;0
La Roche-sur-Yon;46.67;-1.42;09/08/2026;13:00;29.9;0;SOLEIL;3;0;0
La Roche-sur-Yon;46.67;-1.42;09/08/2026;14:00;29.7;0;SOLEIL;4;0;0
La Roche-sur-Yon;46.67;-1.42;09/08/2026;15:00;29.7;0;SOLEIL;4;0;0
La Roche-sur-Yon;46.67;-1.42;09/08/2026;16:00;29.7;0;SOLEIL;4;0;0
La Roche-sur-Yon;46.67;-1.42;09/08/2026;17:00;27.9;0;SOLEIL;4;0;0
La Roche-sur-Yon;46.67;-1.42;09/08/2026;18:00;27.9;0;SOLEIL;4;0;0
La Roche-sur-Yon;46.67;-1.42;09/08/2026;19:00;27.9;0;SOLEIL;4;0;0
La Roche-sur-Yon;46.67;-1.42;09/08/2026;20:00;24.6;0;SOLEIL;5;0;0
La Roche-sur-Yon;46.67;-1.42;09/08/2026;21:00;22.8;0;SOLEIL;5;0;0
La Roche-sur-Yon;46.67;-1.42;09/08/2026;22:00;20.9;0;SOLEIL;5;0;0
La Roche-sur-Yon;46.67;-1.42;09/08/2026;23:00;19.9;0;SOLEIL;3;0;0
La Roche-sur-Yon;46.67;-1.42;10/08/2026;00:00;19.9;0;SOLEIL;3;0;0
La Roche-sur-Yon;46.67;-1.42;10/08/2026;01:00;19.9;0;SOLEIL;3;0;0
La Roche-sur-Yon;46.67;-1.42;10/08/2026;02:00;18.6;0;SOLEIL;5;0;0
La Roche-sur-Yon;46.67;-1.42;10/08/2026;03:00;18.6;0;SOLEIL;5;0;0
La Roche-sur-Yon;46.67;-1.42;10/08/2026;04:00;18.6;0;SOLEIL;5;0;0
La Roche-sur-Yon;46.67;-1.42;10/08/2026;05:00;19.1;0;SOLEIL;3;0;0
La Roche-sur-Yon;46.67;-1.42;10/08/2026;06:00;19.1;0;SOLEIL;3;0;0
La Roche-sur-Yon;46.67;-1.42;10/08/2026;07:00;19.1;0;SOLEIL;3;0;0
La Roche-sur-Yon;46.67;-1.42;10/08/2026;08:00;21.2;0;SOLEIL;5;0;0
La Roche-sur-Yon;46.67;-1.42;10/08/2026;09:00;22.6;0;SOLEIL;5;0;0
La Roche-sur-Yon;46.67;-1.42;10/08/2026;10:00;23.9;0;SOLEIL;5;0;0
La Roche-sur-Yon;46.67;-1.42;10/08/2026;11:00;30.2;0;SOLEIL;0;0;0
La Roche-sur-Yon;46.67;-1.42;10/08/2026;12:00;30.2;0;SOLEIL;0;0;0
La Roche-sur-Yon;46.67;-1.42;10/08/2026;13:00;30.2;0;SOLEIL;0;0;0
La Roche-sur-Yon;46.67;-1.42;10/08/2026;14:00;29.2;0;SOLEIL;5;0;0
La Roche-sur-Yon;46.67;-1.42;10/08/2026;15:00;30.5;0;SOLEIL;5;0;0
La Roche-sur-Yon;46.67;-1.42;10/08/2026;16:00;29.2;0;SOLEIL;5;0;0
La Roche-sur-Yon;46.67;-1.42;10/08/2026;17:00;30.6;0;SOLEIL;3;0;0
La Roche-sur-Yon;46.67;-1.42;10/08/2026;18:00;30.6;0;SOLEIL;3;0;0
La Roche-sur-Yon;46.67;-1.42;10/08/2026;19:00;30.6;0;SOLEIL;3;0;0
La Roche-sur-Yon;46.67;-1.42;10/08/2026;20:00;23.9;0;SOLEIL;5;0;0
La Roche-sur-Yon;46.67;-1.42;10/08/2026;21:00;22.6;0;SOLEIL;5;0;0
La Roche-sur-Yon;46.67;-1.42;10/08/2026;22:00;21.2;0;SOLEIL;5;0;0
La Roche-sur-Yon;46.67;-1.42;10/08/2026;23:00;22.6;0;SOLEIL;4;0;0
La Roche-sur-Yon;46.67;-1.42;11/08/2026;00:00;22.6;0;SOLEIL;4;0;0
La Roche-sur-Yon;46.67;-1.42;11/08/2026;01:00;22.6;0;SOLEIL;4;0;0
La Roche-sur-Yon;46.67;-1.42;11/08/2026;02:00;18.4;0;SOLEIL;5;0;0
La Roche-sur-Yon;46.67;-1.42;11/08/2026;03:00;18.4;0;SOLEIL;5;0;0
La Roche-sur-Yon;46.67;-1.42;11/08/2026;04:00;18.4;0;SOLEIL;5;0;0
La Roche-sur-Yon;46.67;-1.42;11/08/2026;05:00;21.6;0;SOLEIL;4;0;0
La Roche-sur-Yon;46.67;-1.42;11/08/2026;06:00;21.6;0;SOLEIL;4;0;0
La Roche-sur-Yon;46.67;-1.42;11/08/2026;07:00;21.6;0;SOLEIL;4;0;0
La Roche-sur-Yon;46.67;-1.42;11/08/2026;08:00;21.6;0;SOLEIL;5;0;0
La Roche-sur-Yon;46.67;-1.42;11/08/2026;09:00;23.1;0;SOLEIL;5;0;0
La Roche-sur-Yon;46.67;-1.42;11/08/2026;10:00;24.7;0;SOLEIL;5;0;0
La Roche-sur-Yon;46.67;-1.42;11/08/2026;11:00;33.4;0;SOLEIL;4;0;0
La Roche-sur-Yon;46.67;-1.42;11/08/2026;12:00;33.4;0;SOLEIL;4;0;0
La Roche-sur-Yon;46.67;-1.42;11/08/2026;13:00;33.4;0;SOLEIL;4;0;0
La Roche-sur-Yon;46.67;-1.42;11/08/2026;14:00;31.0;0;SOLEIL;5;0;0
La Roche-sur-Yon;46.67;-1.42;11/08/2026;15:00;32.6;0;SOLEIL;5;0;0
La Roche-sur-Yon;46.67;-1.42;11/08/2026;16:00;31.0;0;SOLEIL;5;0;0
La Roche-sur-Yon;46.67;-1.42;11/08/2026;17:00;34.1;0;SOLEIL;3;0;0
La Roche-sur-Yon;46.67;-1.42;11/08/2026;18:00;34.1;0;SOLEIL;3;0;0
La Roche-sur-Yon;46.67;-1.42;11/08/2026;19:00;34.1;0;SOLEIL;3;0;0
La Roche-sur-Yon;46.67;-1.42;11/08/2026;20:00;24.7;0;SOLEIL;5;0;0
La Roche-sur-Yon;46.67;-1.42;11/08/2026;21:00;23.1;0;SOLEIL;5;0;0
La Roche-sur-Yon;46.67;-1.42;11/08/2026;22:00;21.6;0;SOLEIL;5;0;0
La Roche-sur-Yon;46.67;-1.42;11/08/2026;23:00;25.9;0;SOLEIL;4;0;0
La Roche-sur-Yon;46.67;-1.42;12/08/2026;00:00;25.9;0;SOLEIL;4;0;0
La Roche-sur-Yon;46.67;-1.42;12/08/2026;01:00;25.9;0;SOLEIL;4;0;0
La Roche-sur-Yon;46.67;-1.42;12/08/2026;02:00;20.4;0;SOLEIL;5;0;0
La Roche-sur-Yon;46.67;-1.42;12/08/2026;03:00;20.4;0;SOLEIL;5;0;0
La Roche-sur-Yon;46.67;-1.42;12/08/2026;04:00;20.4;0;SOLEIL;5;0;0
La Roche-sur-Yon;46.67;-1.42;12/08/2026;05:00;23.7;0;SOLEIL;4;0;0
La Roche-sur-Yon;46.67;-1.42;12/08/2026;06:00;23.7;0;SOLEIL;4;0;0
La Roche-sur-Yon;46.67;-1.42;12/08/2026;07:00;23.7;0;SOLEIL;4;0;0
La Roche-sur-Yon;46.67;-1.42;12/08/2026;08:00;23.9;0;SOLEIL;5;0;0
La Roche-sur-Yon;46.67;-1.42;12/08/2026;09:00;25.6;0;SOLEIL;5;0;0
La Roche-sur-Yon;46.67;-1.42;12/08/2026;10:00;27.4;0;SOLEIL;5;0;0
La Roche-sur-Yon;46.67;-1.42;12/08/2026;11:00;34;0;SOLEIL;4;0;0
La Roche-sur-Yon;46.67;-1.42;12/08/2026;12:00;34;0;SOLEIL;4;0;0
La Roche-sur-Yon;46.67;-1.42;12/08/2026;13:00;34;0;SOLEIL;4;0;0
La Roche-sur-Yon;46.67;-1.42;12/08/2026;14:00;34.4;0;SOLEIL;5;0;0
La Roche-sur-Yon;46.67;-1.42;12/08/2026;15:00;36.1;0;SOLEIL;5;0;0
La Roche-sur-Yon;46.67;-1.42;12/08/2026;16:00;34.4;0;SOLEIL;5;0;0
La Roche-sur-Yon;46.67;-1.42;12/08/2026;17:00;31.4;0;SOLEIL;4;0;0
La Roche-sur-Yon;46.67;-1.42;12/08/2026;18:00;31.4;0;SOLEIL;4;0;0
La Roche-sur-Yon;46.67;-1.42;12/08/2026;19:00;31.4;0;SOLEIL;4;0;0
La Roche-sur-Yon;46.67;-1.42;12/08/2026;20:00;27.4;0;SOLEIL;5;0;0
La Roche-sur-Yon;46.67;-1.42;12/08/2026;21:00;25.6;0;SOLEIL;5;0;0
La Roche-sur-Yon;46.67;-1.42;12/08/2026;22:00;23.9;0;SOLEIL;5;0;0
La Roche-sur-Yon;46.67;-1.42;12/08/2026;23:00;22.9;0;SOLEIL;3;0;0
La Tranche-sur-Mer;46.34;-1.43;08/08/2026;00:00;18.9;0;SOLEIL;3;0;0
La Tranche-sur-Mer;46.34;-1.43;08/08/2026;01:00;18.9;0;SOLEIL;3;0;0
La Tranche-sur-Mer;46.34;-1.43;08/08/2026;02:00;17.9;5;SOLEIL VOILÉ;5;0;0
La Tranche-sur-Mer;46.34;-1.43;08/08/2026;03:00;17.9;5;SOLEIL VOILÉ;5;0;0
La Tranche-sur-Mer;46.34;-1.43;08/08/2026;04:00;17.9;5;SOLEIL VOILÉ;5;0;0
La Tranche-sur-Mer;46.34;-1.43;08/08/2026;05:00;18.6;0;SOLEIL;5;0;0
La Tranche-sur-Mer;46.34;-1.43;08/08/2026;06:00;18.6;0;SOLEIL;5;0;0
La Tranche-sur-Mer;46.34;-1.43;08/08/2026;07:00;18.6;0;SOLEIL;5;0;0
La Tranche-sur-Mer;46.34;-1.43;08/08/2026;08:00;26.1;0;SOLEIL;5;0;0
La Tranche-sur-Mer;46.34;-1.43;08/08/2026;09:00;26.1;0;SOLEIL;5;0;0
La Tranche-sur-Mer;46.34;-1.43;08/08/2026;10:00;26.1;0;SOLEIL;5;0;0
La Tranche-sur-Mer;46.34;-1.43;08/08/2026;11:00;28.6;0;SOLEIL;2;0;0
La Tranche-sur-Mer;46.34;-1.43;08/08/2026;12:00;28.6;0;SOLEIL;2;0;0
La Tranche-sur-Mer;46.34;-1.43;08/08/2026;13:00;28.6;0;SOLEIL;2;0;0
La Tranche-sur-Mer;46.34;-1.43;08/08/2026;14:00;28.4;0;SOLEIL;3;0;0
La Tranche-sur-Mer;46.34;-1.43;08/08/2026;15:00;28.4;0;SOLEIL;3;0;0
La Tranche-sur-Mer;46.34;-1.43;08/08/2026;16:00;28.4;0;SOLEIL;3;0;0
La Tranche-sur-Mer;46.34;-1.43;08/08/2026;17:00;26.5;0;SOLEIL;5;0;0
La Tranche-sur-Mer;46.34;-1.43;08/08/2026;18:00;26.5;0;SOLEIL;5;0;0
La Tranche-sur-Mer;46.34;-1.43;08/08/2026;19:00;26.5;0;SOLEIL;5;0;0
La Tranche-sur-Mer;46.34;-1.43;08/08/2026;20:00;22.2;0;SOLEIL;4;0;0
La Tranche-sur-Mer;46.34;-1.43;08/08/2026;21:00;22.2;0;SOLEIL;4;0;0
La Tranche-sur-Mer;46.34;-1.43;08/08/2026;22:00;22.2;0;SOLEIL;4;0;0
La Tranche-sur-Mer;46.34;-1.43;08/08/2026;23:00;20.5;5;SOLEIL VOILÉ;4;0;0
La Tranche-sur-Mer;46.34;-1.43;09/08/2026;00:00;20.5;5;SOLEIL VOILÉ;4;0;0
La Tranche-sur-Mer;46.34;-1.43;09/08/2026;01:00;20.5;5;SOLEIL VOILÉ;4;0;0
La Tranche-sur-Mer;46.34;-1.43;09/08/2026;02:00;18.7;0;SOLEIL;4;0;0
La Tranche-sur-Mer;46.34;-1.43;09/08/2026;03:00;18.7;0;SOLEIL;4;0;0
La Tranche-sur-Mer;46.34;-1.43;09/08/2026;04:00;18.7;0;SOLEIL;4;0;0
La Tranche-sur-Mer;46.34;-1.43;09/08/2026;05:00;19.5;0;SOLEIL;4;0;0
La Tranche-sur-Mer;46.34;-1.43;09/08/2026;06:00;19.5;0;SOLEIL;4;0;0
La Tranche-sur-Mer;46.34;-1.43;09/08/2026;07:00;19.5;0;SOLEIL;4;0;0
La Tranche-sur-Mer;46.34;-1.43;09/08/2026;08:00;23.9;0;SOLEIL;3;0;0
La Tranche-sur-Mer;46.34;-1.43;09/08/2026;09:00;23.9;0;SOLEIL;3;0;0
La Tranche-sur-Mer;46.34;-1.43;09/08/2026;10:00;23.9;0;SOLEIL;3;0;0
La Tranche-sur-Mer;46.34;-1.43;09/08/2026;11:00;25.1;0;SOLEIL;5;0;0
La Tranche-sur-Mer;46.34;-1.43;09/08/2026;12:00;25.1;0;SOLEIL;5;0;0
La Tranche-sur-Mer;46.34;-1.43;09/08/2026;13:00;25.1;0;SOLEIL;5;0;0
La Tranche-sur-Mer;46.34;-1.43;09/08/2026;14:00;25.5;0;SOLEIL;6;0;0
La Tranche-sur-Mer;46.34;-1.43;09/08/2026;15:00;25.5;0;SOLEIL;6;0;0
La Tranche-sur-Mer;46.34;-1.43;09/08/2026;16:00;25.5;0;SOLEIL;6;0;0
La Tranche-sur-Mer;46.34;-1.43;09/08/2026;17:00;24.7;0;SOLEIL;7;0;0
La Tranche-sur-Mer;46.34;-1.43;09/08/2026;18:00;24.7;0;SOLEIL;7;0;0
La Tranche-sur-Mer;46.34;-1.43;09/08/2026;19:00;24.7;0;SOLEIL;7;0;0
La Tranche-sur-Mer;46.34;-1.43;09/08/2026;20:00;22.6;0;SOLEIL;5;0;0
La Tranche-sur-Mer;46.34;-1.43;09/08/2026;21:00;21.2;0;SOLEIL;5;0;0
La Tranche-sur-Mer;46.34;-1.43;09/08/2026;22:00;19.8;0;SOLEIL;5;0;0
La Tranche-sur-Mer;46.34;-1.43;09/08/2026;23:00;19.4;0;SOLEIL;5;0;0
La Tranche-sur-Mer;46.34;-1.43;10/08/2026;00:00;19.4;0;SOLEIL;5;0;0
La Tranche-sur-Mer;46.34;-1.43;10/08/2026;01:00;19.4;0;SOLEIL;5;0;0
La Tranche-sur-Mer;46.34;-1.43;10/08/2026;02:00;18.1;0;SOLEIL;5;0;0
La Tranche-sur-Mer;46.34;-1.43;10/08/2026;03:00;18.1;0;SOLEIL;5;0;0
La Tranche-sur-Mer;46.34;-1.43;10/08/2026;04:00;18.1;0;SOLEIL;5;0;0
La Tranche-sur-Mer;46.34;-1.43;10/08/2026;05:00;19.1;0;SOLEIL;4;0;0
La Tranche-sur-Mer;46.34;-1.43;10/08/2026;06:00;19.1;0;SOLEIL;4;0;0
La Tranche-sur-Mer;46.34;-1.43;10/08/2026;07:00;19.1;0;SOLEIL;4;0;0
La Tranche-sur-Mer;46.34;-1.43;10/08/2026;08:00;19.9;0;SOLEIL;5;0;0
La Tranche-sur-Mer;46.34;-1.43;10/08/2026;09:00;20.7;0;SOLEIL;5;0;0
La Tranche-sur-Mer;46.34;-1.43;10/08/2026;10:00;21.6;0;SOLEIL;5;0;0
La Tranche-sur-Mer;46.34;-1.43;10/08/2026;11:00;26.5;0;SOLEIL;4;0;0
La Tranche-sur-Mer;46.34;-1.43;10/08/2026;12:00;26.5;0;SOLEIL;4;0;0
La Tranche-sur-Mer;46.34;-1.43;10/08/2026;13:00;26.5;0;SOLEIL;4;0;0
La Tranche-sur-Mer;46.34;-1.43;10/08/2026;14:00;25.1;0;SOLEIL;5;0;0
La Tranche-sur-Mer;46.34;-1.43;10/08/2026;15:00;26.0;0;SOLEIL;5;0;0
La Tranche-sur-Mer;46.34;-1.43;10/08/2026;16:00;25.1;0;SOLEIL;5;0;0
La Tranche-sur-Mer;46.34;-1.43;10/08/2026;17:00;27.1;0;SOLEIL;6;0;0
La Tranche-sur-Mer;46.34;-1.43;10/08/2026;18:00;27.1;0;SOLEIL;6;0;0
La Tranche-sur-Mer;46.34;-1.43;10/08/2026;19:00;27.1;0;SOLEIL;6;0;0
La Tranche-sur-Mer;46.34;-1.43;10/08/2026;20:00;21.6;0;SOLEIL;5;0;0
La Tranche-sur-Mer;46.34;-1.43;10/08/2026;21:00;20.7;0;SOLEIL;5;0;0
La Tranche-sur-Mer;46.34;-1.43;10/08/2026;22:00;19.9;0;SOLEIL;5;0;0
La Tranche-sur-Mer;46.34;-1.43;10/08/2026;23:00;21.6;0;SOLEIL;6;0;0
La Tranche-sur-Mer;46.34;-1.43;11/08/2026;00:00;21.6;0;SOLEIL;6;0;0
La Tranche-sur-Mer;46.34;-1.43;11/08/2026;01:00;21.6;0;SOLEIL;6;0;0
La Tranche-sur-Mer;46.34;-1.43;11/08/2026;02:00;18.1;0;SOLEIL;5;0;0
La Tranche-sur-Mer;46.34;-1.43;11/08/2026;03:00;18.1;0;SOLEIL;5;0;0
La Tranche-sur-Mer;46.34;-1.43;11/08/2026;04:00;18.1;0;SOLEIL;5;0;0
La Tranche-sur-Mer;46.34;-1.43;11/08/2026;05:00;21.2;0;SOLEIL;6;0;0
La Tranche-sur-Mer;46.34;-1.43;11/08/2026;06:00;21.2;0;SOLEIL;6;0;0
La Tranche-sur-Mer;46.34;-1.43;11/08/2026;07:00;21.2;0;SOLEIL;6;0;0
La Tranche-sur-Mer;46.34;-1.43;11/08/2026;08:00;20.4;0;SOLEIL;5;0;0
La Tranche-sur-Mer;46.34;-1.43;11/08/2026;09:00;21.5;0;SOLEIL;5;0;0
La Tranche-sur-Mer;46.34;-1.43;11/08/2026;10:00;22.7;0;SOLEIL;5;0;0
La Tranche-sur-Mer;46.34;-1.43;11/08/2026;11:00;32;0;SOLEIL;3;0;0
La Tranche-sur-Mer;46.34;-1.43;11/08/2026;12:00;32;0;SOLEIL;3;0;0
La Tranche-sur-Mer;46.34;-1.43;11/08/2026;13:00;32;0;SOLEIL;3;0;0
La Tranche-sur-Mer;46.34;-1.43;11/08/2026;14:00;27.3;0;SOLEIL;5;0;0
La Tranche-sur-Mer;46.34;-1.43;11/08/2026;15:00;28.4;0;SOLEIL;5;0;0
La Tranche-sur-Mer;46.34;-1.43;11/08/2026;16:00;27.3;0;SOLEIL;5;0;0
La Tranche-sur-Mer;46.34;-1.43;11/08/2026;17:00;30.6;0;SOLEIL;4;0;0
La Tranche-sur-Mer;46.34;-1.43;11/08/2026;18:00;30.6;0;SOLEIL;4;0;0
La Tranche-sur-Mer;46.34;-1.43;11/08/2026;19:00;30.6;0;SOLEIL;4;0;0
La Tranche-sur-Mer;46.34;-1.43;11/08/2026;20:00;22.7;0;SOLEIL;5;0;0
La Tranche-sur-Mer;46.34;-1.43;11/08/2026;21:00;21.5;0;SOLEIL;5;0;0
La Tranche-sur-Mer;46.34;-1.43;11/08/2026;22:00;20.4;0;SOLEIL;5;0;0
La Tranche-sur-Mer;46.34;-1.43;11/08/2026;23:00;24;0;SOLEIL;6;0;0
La Tranche-sur-Mer;46.34;-1.43;12/08/2026;00:00;24;0;SOLEIL;6;0;0
La Tranche-sur-Mer;46.34;-1.43;12/08/2026;01:00;24;0;SOLEIL;6;0;0
La Tranche-sur-Mer;46.34;-1.43;12/08/2026;02:00;19.6;0;SOLEIL;5;0;0
La Tranche-sur-Mer;46.34;-1.43;12/08/2026;03:00;19.6;0;SOLEIL;5;0;0
La Tranche-sur-Mer;46.34;-1.43;12/08/2026;04:00;19.6;0;SOLEIL;5;0;0
La Tranche-sur-Mer;46.34;-1.43;12/08/2026;05:00;22.4;0;SOLEIL;6;0;0
La Tranche-sur-Mer;46.34;-1.43;12/08/2026;06:00;22.4;0;SOLEIL;6;0;0
La Tranche-sur-Mer;46.34;-1.43;12/08/2026;07:00;22.4;0;SOLEIL;6;0;0
La Tranche-sur-Mer;46.34;-1.43;12/08/2026;08:00;22.8;0;SOLEIL;5;0;0
La Tranche-sur-Mer;46.34;-1.43;12/08/2026;09:00;24.4;0;SOLEIL;5;0;0
La Tranche-sur-Mer;46.34;-1.43;12/08/2026;10:00;26.0;0;SOLEIL;5;0;0
La Tranche-sur-Mer;46.34;-1.43;12/08/2026;11:00;29.1;0;SOLEIL;4;0;0
La Tranche-sur-Mer;46.34;-1.43;12/08/2026;12:00;29.1;0;SOLEIL;4;0;0
La Tranche-sur-Mer;46.34;-1.43;12/08/2026;13:00;29.1;0;SOLEIL;4;0;0
La Tranche-sur-Mer;46.34;-1.43;12/08/2026;14:00;32.5;0;SOLEIL;5;0;0
La Tranche-sur-Mer;46.34;-1.43;12/08/2026;15:00;34.1;0;SOLEIL;5;0;0
La Tranche-sur-Mer;46.34;-1.43;12/08/2026;16:00;32.5;0;SOLEIL;5;0;0
La Tranche-sur-Mer;46.34;-1.43;12/08/2026;17:00;26.4;0;SOLEIL;6;0;0
La Tranche-sur-Mer;46.34;-1.43;12/08/2026;18:00;26.4;0;SOLEIL;6;0;0
La Tranche-sur-Mer;46.34;-1.43;12/08/2026;19:00;26.4;0;SOLEIL;6;0;0
La Tranche-sur-Mer;46.34;-1.43;12/08/2026;20:00;26.0;0;SOLEIL;5;0;0
La Tranche-sur-Mer;46.34;-1.43;12/08/2026;21:00;24.4;0;SOLEIL;5;0;0
La Tranche-sur-Mer;46.34;-1.43;12/08/2026;22:00;22.8;0;SOLEIL;5;0;0
La Tranche-sur-Mer;46.34;-1.43;12/08/2026;23:00;21.1;0;SOLEIL;5;0;0
