Ville;Latitude;Longitude;Date;Heure;temperature_2m;weathercode;Temps_Label;windspeed_10m;wind_gusts_10m;precipitation
Amiens;49.894;2.295;08/08/2026;00:00;17.9;0;SOLEIL;3;0;0
Amiens;49.894;2.295;08/08/2026;01:00;17.9;0;SOLEIL;3;0;0
Amiens;49.894;2.295;08/08/2026;02:00;16.5;0;SOLEIL;2;0;0
Amiens;49.894;2.295;08/08/2026;03:00;16.5;0;SOLEIL;2;0;0
Amiens;49.894;2.295;08/08/2026;04:00;16.5;0;SOLEIL;2;0;0
Amiens;49.894;2.295;08/08/2026;05:00;17.1;0;SOLEIL;2;0;0
Amiens;49.894;2.295;08/08/2026;06:00;17.1;0;SOLEIL;2;0;0
Amiens;49.894;2.295;08/08/2026;07:00;17.1;0;SOLEIL;2;0;0
Amiens;49.894;2.295;08/08/2026;08:00;22.9;0;SOLEIL;3;0;0
Amiens;49.894;2.295;08/08/2026;09:00;22.9;0;SOLEIL;3;0;0
Amiens;49.894;2.295;08/08/2026;10:00;22.9;0;SOLEIL;3;0;0
Amiens;49.894;2.295;08/08/2026;11:00;26.2;0;SOLEIL;3;0;0
Amiens;49.894;2.295;08/08/2026;12:00;26.2;0;SOLEIL;3;0;0
Amiens;49.894;2.295;08/08/2026;13:00;26.2;0;SOLEIL;3;0;0
Amiens;49.894;2.295;08/08/2026;14:00;27.6;5;SOLEIL VOILÉ;2;0;0
Amiens;49.894;2.295;08/08/2026;15:00;27.6;5;SOLEIL VOILÉ;2;0;0
Amiens;49.894;2.295;08/08/2026;16:00;27.6;5;SOLEIL VOILÉ;2;0;0
Amiens;49.894;2.295;08/08/2026;17:00;27;5;SOLEIL VOILÉ;2;0;0
Amiens;49.894;2.295;08/08/2026;18:00;27;5;SOLEIL VOILÉ;2;0;0
Amiens;49.894;2.295;08/08/2026;19:00;27;5;SOLEIL VOILÉ;2;0;0
Amiens;49.894;2.295;08/08/2026;20:00;22.2;0;SOLEIL;2;0;0
Amiens;49.894;2.295;08/08/2026;21:00;22.2;0;SOLEIL;2;0;0
Amiens;49.894;2.295;08/08/2026;22:00;22.2;0;SOLEIL;2;0;0
Amiens;49.894;2.295;08/08/2026;23:00;19.2;0;SOLEIL;2;0;0
Amiens;49.894;2.295;09/08/2026;00:00;19.2;0;SOLEIL;2;0;0
Amiens;49.894;2.295;09/08/2026;01:00;19.2;0;SOLEIL;2;0;0
Amiens;49.894;2.295;09/08/2026;02:00;16.6;0;SOLEIL;1;0;0
Amiens;49.894;2.295;09/08/2026;03:00;16.6;0;SOLEIL;1;0;0
Amiens;49.894;2.295;09/08/2026;04:00;16.6;0;SOLEIL;1;0;0
Amiens;49.894;2.295;09/08/2026;05:00;18.1;0;SOLEIL;2;0;0
Amiens;49.894;2.295;09/08/2026;06:00;18.1;0;SOLEIL;2;0;0
Amiens;49.894;2.295;09/08/2026;07:00;18.1;0;SOLEIL;2;0;0
Amiens;49.894;2.295;09/08/2026;08:00;26.2;0;SOLEIL;2;0;0
Amiens;49.894;2.295;09/08/2026;09:00;26.2;0;SOLEIL;2;0;0
Amiens;49.894;2.295;09/08/2026;10:00;26.2;0;SOLEIL;2;0;0
Amiens;49.894;2.295;09/08/2026;11:00;30.4;0;SOLEIL;3;0;0
Amiens;49.894;2.295;09/08/2026;12:00;30.4;0;SOLEIL;3;0;0
Amiens;49.894;2.295;09/08/2026;13:00;30.4;0;SOLEIL;3;0;0
Amiens;49.894;2.295;09/08/2026;14:00;31.1;0;SOLEIL;3;0;0
Amiens;49.894;2.295;09/08/2026;15:00;31.1;0;SOLEIL;3;0;0
Amiens;49.894;2.295;09/08/2026;16:00;31.1;0;SOLEIL;3;0;0
Amiens;49.894;2.295;09/08/2026;17:00;29;0;SOLEIL;3;0;0
Amiens;49.894;2.295;09/08/2026;18:00;29;0;SOLEIL;3;0;0
Amiens;49.894;2.295;09/08/2026;19:00;29;0;SOLEIL;3;0;0
Amiens;49.894;2.295;09/08/2026;20:00;21.2;0;SOLEIL;5;0;0
Amiens;49.894;2.295;09/08/2026;21:00;19.8;0;SOLEIL;5;0;0
Amiens;49.894;2.295;09/08/2026;22:00;18.4;0;SOLEIL;5;0;0
Amiens;49.894;2.295;09/08/2026;23:00;21.9;0;SOLEIL;3;0;0
Amiens;49.894;2.295;10/08/2026;00:00;21.9;0;SOLEIL;3;0;0
Amiens;49.894;2.295;10/08/2026;01:00;21.9;0;SOLEIL;3;0;0
Amiens;49.894;2.295;10/08/2026;02:00;15.9;0;SOLEIL;5;0;0
Amiens;49.894;2.295;10/08/2026;03:00;15.9;0;SOLEIL;5;0;0
Amiens;49.894;2.295;10/08/2026;04:00;15.9;0;SOLEIL;5;0;0
Amiens;49.894;2.295;10/08/2026;05:00;20.4;0;SOLEIL;3;0;0
Amiens;49.894;2.295;10/08/2026;06:00;20.4;0;SOLEIL;3;0;0
Amiens;49.894;2.295;10/08/2026;07:00;20.4;0;SOLEIL;3;0;0
Amiens;49.894;2.295;10/08/2026;08:00;19.5;0;SOLEIL;5;0;0
Amiens;49.894;2.295;10/08/2026;09:00;21.3;0;SOLEIL;5;0;0
Amiens;49.894;2.295;10/08/2026;10:00;23.1;0;SOLEIL;5;0;0
Amiens;49.894;2.295;10/08/2026;11:00;26.9;0;SOLEIL;4;0;0
Amiens;49.894;2.295;10/08/2026;12:00;26.9;0;SOLEIL;4;0;0
Amiens;49.894;2.295;10/08/2026;13:00;26.9;0;SOLEIL;4;0;0
Amiens;49.894;2.295;10/08/2026;14:00;30.2;0;SOLEIL;5;0;0
Amiens;49.894;2.295;10/08/2026;15:00;32.0;0;SOLEIL;5;0;0
Amiens;49.894;2.295;10/08/2026;16:00;30.2;0;SOLEIL;5;0;0
Amiens;49.894;2.295;10/08/2026;17:00;25;0;SOLEIL;4;0;0
Amiens;49.894;2.295;10/08/2026;18:00;25;0;SOLEIL;4;0;0
Amiens;49.894;2.295;10/08/2026;19:00;25;0;SOLEIL;4;0;0
Amiens;49.894;2.295;10/08/2026;20:00;23.1;0;SOLEIL;5;0;0
Amiens;49.894;2.295;10/08/2026;21:00;21.3;0;SOLEIL;5;0;0
Amiens;49.894;2.295;10/08/2026;22:00;19.5;0;SOLEIL;5;0;0
Amiens;49.894;2.295;10/08/2026;23:00;19.4;0;SOLEIL;2;0;0
Amiens;49.894;2.295;11/08/2026;00:00;19.4;0;SOLEIL;2;0;0
Amiens;49.894;2.295;11/08/2026;01:00;19.4;0;SOLEIL;2;0;0
Amiens;49.894;2.295;11/08/2026;02:00;19.1;0;SOLEIL;5;0;0
Amiens;49.894;2.295;11/08/2026;03:00;19.1;0;SOLEIL;5;0;0
Amiens;49.894;2.295;11/08/2026;04:00;19.1;0;SOLEIL;5;0;0
Amiens;49.894;2.295;11/08/2026;05:00;18.4;0;SOLEIL;3;0;0
Amiens;49.894;2.295;11/08/2026;06:00;18.4;0;SOLEIL;3;0;0
Amiens;49.894;2.295;11/08/2026;07:00;18.4;0;SOLEIL;3;0;0
Amiens;49.894;2.295;11/08/2026;08:00;21.1;0;SOLEIL;5;0;0
Amiens;49.894;2.295;11/08/2026;09:00;22.1;0;SOLEIL;5;0;0
Amiens;49.894;2.295;11/08/2026;10:00;23.1;0;SOLEIL;5;0;0
Amiens;49.894;2.295;11/08/2026;11:00;25.4;0;SOLEIL;3;0;0
Amiens;49.894;2.295;11/08/2026;12:00;25.4;0;SOLEIL;3;0;0
Amiens;49.894;2.295;11/08/2026;13:00;25.4;0;SOLEIL;3;0;0
Amiens;49.894;2.295;11/08/2026;14:00;27.1;0;SOLEIL;5;0;0
Amiens;49.894;2.295;11/08/2026;15:00;28.1;0;SOLEIL;5;0;0
Amiens;49.894;2.295;11/08/2026;16:00;27.1;0;SOLEIL;5;0;0
Amiens;49.894;2.295;11/08/2026;17:00;25.6;0;SOLEIL;3;0;0
Amiens;49.894;2.295;11/08/2026;18:00;25.6;0;SOLEIL;3;0;0
Amiens;49.894;2.295;11/08/2026;19:00;25.6;0;SOLEIL;3;0;0
Amiens;49.894;2.295;11/08/2026;20:00;23.1;0;SOLEIL;5;0;0
Amiens;49.894;2.295;11/08/2026;21:00;22.1;0;SOLEIL;5;0;0
Amiens;49.894;2.295;11/08/2026;22:00;21.1;0;SOLEIL;5;0;0
Amiens;49.894;2.295;11/08/2026;23:00;20.1;0;SOLEIL;4;0;0
Amiens;49.894;2.295;12/08/2026;00:00;20.1;0;SOLEIL;4;0;0
Amiens;49.894;2.295;12/08/2026;01:00;20.1;0;SOLEIL;4;0;0
Amiens;49.894;2.295;12/08/2026;02:00;16.9;0;SOLEIL;5;0;0
Amiens;49.894;2.295;12/08/2026;03:00;16.9;0;SOLEIL;5;0;0
Amiens;49.894;2.295;12/08/2026;04:00;16.9;0;SOLEIL;5;0;0
Amiens;49.894;2.295;12/08/2026;05:00;18.9;0;SOLEIL;3;0;0
Amiens;49.894;2.295;12/08/2026;06:00;18.9;0;SOLEIL;3;0;0
Amiens;49.894;2.295;12/08/2026;07:00;18.9;0;SOLEIL;3;0;0
Amiens;49.894;2.295;12/08/2026;08:00;19.2;0;SOLEIL;5;0;0
Amiens;49.894;2.295;12/08/2026;09:00;20.3;0;SOLEIL;5;0;0
Amiens;49.894;2.295;12/08/2026;10:00;21.4;0;SOLEIL;5;0;0
Amiens;49.894;2.295;12/08/2026;11:00;27.6;0;SOLEIL;3;0;0
Amiens;49.894;2.295;12/08/2026;12:00;27.6;0;SOLEIL;3;0;0
Amiens;49.894;2.295;12/08/2026;13:00;27.6;0;SOLEIL;3;0;0
Amiens;49.894;2.295;12/08/2026;14:00;26.0;0;SOLEIL;5;0;0
Amiens;49.894;2.295;12/08/2026;15:00;27.1;0;SOLEIL;5;0;0
Amiens;49.894;2.295;12/08/2026;16:00;26.0;0;SOLEIL;5;0;0
Amiens;49.894;2.295;12/08/2026;17:00;29.5;0;SOLEIL;2;0;0
Amiens;49.894;2.295;12/08/2026;18:00;29.5;0;SOLEIL;2;0;0
Amiens;49.894;2.295;12/08/2026;19:00;29.5;0;SOLEIL;2;0;0
Amiens;49.894;2.295;12/08/2026;20:00;21.4;0;SOLEIL;5;0;0
Amiens;49.894;2.295;12/08/2026;21:00;20.3;0;SOLEIL;5;0;0
Amiens;49.894;2.295;12/08/2026;22:00;19.2;0;SOLEIL;5;0;0
Amiens;49.894;2.295;12/08/2026;23:00;22.6;0;SOLEIL;3;0;0
Château-Thierry;49.046;3.403;08/08/2026;00:00;16.6;0;SOLEIL;2;0;0
Château-Thierry;49.046;3.403;08/08/2026;01:00;16.6;0;SOLEIL;2;0;0
Château-Thierry;49.046;3.403;08/08/2026;02:00;14;0;SOLEIL;2;0;0
Château-Thierry;49.046;3.403;08/08/2026;03:00;14;0;SOLEIL;2;0;0
Château-Thierry;49.046;3.403;08/08/2026;04:00;14;0;SOLEIL;2;0;0
Château-Thierry;49.046;3.403;08/08/2026;05:00;14.6;0;SOLEIL;2;0;0
Château-Thierry;49.046;3.403;08/08/2026;06:00;14.6;0;SOLEIL;2;0;0
Château-Thierry;49.046;3.403;08/08/2026;07:00;14.6;0;SOLEIL;2;0;0
Château-Thierry;49.046;3.403;08/08/2026;08:00;22.6;5;SOLEIL VOILÉ;3;0;0
Château-Thierry;49.046;3.403;08/08/2026;09:00;22.6;5;SOLEIL VOILÉ;3;0;0
Château-Thierry;49.046;3.403;08/08/2026;10:00;22.6;5;SOLEIL VOILÉ;3;0;0
Château-Thierry;49.046;3.403;08/08/2026;11:00;26.1;5;SOLEIL VOILÉ;3;0;0
Château-Thierry;49.046;3.403;08/08/2026;12:00;26.1;5;SOLEIL VOILÉ;3;0;0
Château-Thierry;49.046;3.403;08/08/2026;13:00;26.1;5;SOLEIL VOILÉ;3;0;0
Château-Thierry;49.046;3.403;08/08/2026;14:00;28.1;5;SOLEIL VOILÉ;3;0;0
Château-Thierry;49.046;3.403;08/08/2026;15:00;28.1;5;SOLEIL VOILÉ;3;0;0
Château-Thierry;49.046;3.403;08/08/2026;16:00;28.1;5;SOLEIL VOILÉ;3;0;0
Château-Thierry;49.046;3.403;08/08/2026;17:00;26.5;5;SOLEIL VOILÉ;2;0;0
Château-Thierry;49.046;3.403;08/08/2026;18:00;26.5;5;SOLEIL VOILÉ;2;0;0
Château-Thierry;49.046;3.403;08/08/2026;19:00;26.5;5;SOLEIL VOILÉ;2;0;0
Château-Thierry;49.046;3.403;08/08/2026;20:00;21.1;0;SOLEIL;2;0;0
Château-Thierry;49.046;3.403;08/08/2026;21:00;21.1;0;SOLEIL;2;0;0
Château-Thierry;49.046;3.403;08/08/2026;22:00;21.1;0;SOLEIL;2;0;0
Château-Thierry;49.046;3.403;08/08/2026;23:00;17.5;0;SOLEIL;0;0;0
Château-Thierry;49.046;3.403;09/08/2026;00:00;17.5;0;SOLEIL;0;0;0
Château-Thierry;49.046;3.403;09/08/2026;01:00;17.5;0;SOLEIL;0;0;0
Château-Thierry;49.046;3.403;09/08/2026;02:00;15.5;0;SOLEIL;0;0;0
Château-Thierry;49.046;3.403;09/08/2026;03:00;15.5;0;SOLEIL;0;0;0
Château-Thierry;49.046;3.403;09/08/2026;04:00;15.5;0;SOLEIL;0;0;0
Château-Thierry;49.046;3.403;09/08/2026;05:00;16.1;5;SOLEIL VOILÉ;2;0;0
Château-Thierry;49.046;3.403;09/08/2026;06:00;16.1;5;SOLEIL VOILÉ;2;0;0
Château-Thierry;49.046;3.403;09/08/2026;07:00;16.1;5;SOLEIL VOILÉ;2;0;0
Château-Thierry;49.046;3.403;09/08/2026;08:00;26;0;SOLEIL;1;0;0
Château-Thierry;49.046;3.403;09/08/2026;09:00;26;0;SOLEIL;1;0;0
Château-Thierry;49.046;3.403;09/08/2026;10:00;26;0;SOLEIL;1;0;0
Château-Thierry;49.046;3.403;09/08/2026;11:00;31.1;0;SOLEIL;2;0;0
Château-Thierry;49.046;3.403;09/08/2026;12:00;31.1;0;SOLEIL;2;0;0
Château-Thierry;49.046;3.403;09/08/2026;13:00;31.1;0;SOLEIL;2;0;0
Château-Thierry;49.046;3.403;09/08/2026;14:00;30.6;0;SOLEIL;4;0;0
Château-Thierry;49.046;3.403;09/08/2026;15:00;30.6;0;SOLEIL;4;0;0
Château-Thierry;49.046;3.403;09/08/2026;16:00;30.6;0;SOLEIL;4;0;0
Château-Thierry;49.046;3.403;09/08/2026;17:00;27.1;0;SOLEIL;5;0;0
Château-Thierry;49.046;3.403;09/08/2026;18:00;27.1;0;SOLEIL;5;0;0
Château-Thierry;49.046;3.403;09/08/2026;19:00;27.1;0;SOLEIL;5;0;0
Château-Thierry;49.046;3.403;09/08/2026;20:00;19.8;5;SOLEIL VOILÉ;5;0;0
Château-Thierry;49.046;3.403;09/08/2026;21:00;18.0;5;SOLEIL VOILÉ;5;0;0
Château-Thierry;49.046;3.403;09/08/2026;22:00;16.2;5;SOLEIL VOILÉ;5;0;0
Château-Thierry;49.046;3.403;09/08/2026;23:00;19.6;0;SOLEIL;3;0;0
Château-Thierry;49.046;3.403;10/08/2026;00:00;19.6;0;SOLEIL;3;0;0
Château-Thierry;49.046;3.403;10/08/2026;01:00;19.6;0;SOLEIL;3;0;0
Château-Thierry;49.046;3.403;10/08/2026;02:00;14.7;0;SOLEIL;5;0;0
Château-Thierry;49.046;3.403;10/08/2026;03:00;14.7;0;SOLEIL;5;0;0
Château-Thierry;49.046;3.403;10/08/2026;04:00;14.7;0;SOLEIL;5;0;0
Château-Thierry;49.046;3.403;10/08/2026;05:00;19;0;SOLEIL;3;0;0
Château-Thierry;49.046;3.403;10/08/2026;06:00;19;0;SOLEIL;3;0;0
Château-Thierry;49.046;3.403;10/08/2026;07:00;19;0;SOLEIL;3;0;0
Château-Thierry;49.046;3.403;10/08/2026;08:00;18.6;0;SOLEIL;5;0;0
Château-Thierry;49.046;3.403;10/08/2026;09:00;20.5;0;SOLEIL;5;0;0
Château-Thierry;49.046;3.403;10/08/2026;10:00;22.4;0;SOLEIL;5;0;0
Château-Thierry;49.046;3.403;10/08/2026;11:00;27.4;0;SOLEIL;4;0;0
Château-Thierry;49.046;3.403;10/08/2026;12:00;27.4;0;SOLEIL;4;0;0
Château-Thierry;49.046;3.403;10/08/2026;13:00;27.4;0;SOLEIL;4;0;0
Château-Thierry;49.046;3.403;10/08/2026;14:00;30.2;0;SOLEIL;5;0;0
Château-Thierry;49.046;3.403;10/08/2026;15:00;32.1;0;SOLEIL;5;0;0
Château-Thierry;49.046;3.403;10/08/2026;16:00;30.2;0;SOLEIL;5;0;0
Château-Thierry;49.046;3.403;10/08/2026;17:00;25.2;0;SOLEIL;4;0;0
Château-Thierry;49.046;3.403;10/08/2026;18:00;25.2;0;SOLEIL;4;0;0
Château-Thierry;49.046;3.403;10/08/2026;19:00;25.2;0;SOLEIL;4;0;0
Château-Thierry;49.046;3.403;10/08/2026;20:00;22.4;0;SOLEIL;5;0;0
Château-Thierry;49.046;3.403;10/08/2026;21:00;20.5;0;SOLEIL;5;0;0
Château-Thierry;49.046;3.403;10/08/2026;22:00;18.6;0;SOLEIL;5;0;0
Château-Thierry;49.046;3.403;10/08/2026;23:00;17.9;0;SOLEIL;3;0;0
Château-Thierry;49.046;3.403;11/08/2026;00:00;17.9;0;SOLEIL;3;0;0
Château-Thierry;49.046;3.403;11/08/2026;01:00;17.9;0;SOLEIL;3;0;0
Château-Thierry;49.046;3.403;11/08/2026;02:00;17.5;0;SOLEIL;5;0;0
Château-Thierry;49.046;3.403;11/08/2026;03:00;17.5;0;SOLEIL;5;0;0
Château-Thierry;49.046;3.403;11/08/2026;04:00;17.5;0;SOLEIL;5;0;0
Château-Thierry;49.046;3.403;11/08/2026;05:00;16.6;0;SOLEIL;3;0;0
Château-Thierry;49.046;3.403;11/08/2026;06:00;16.6;0;SOLEIL;3;0;0
Château-Thierry;49.046;3.403;11/08/2026;07:00;16.6;0;SOLEIL;3;0;0
Château-Thierry;49.046;3.403;11/08/2026;08:00;19.9;0;SOLEIL;5;0;0
Château-Thierry;49.046;3.403;11/08/2026;09:00;21.0;0;SOLEIL;5;0;0
Château-Thierry;49.046;3.403;11/08/2026;10:00;22.2;0;SOLEIL;5;0;0
Château-Thierry;49.046;3.403;11/08/2026;11:00;27.2;0;SOLEIL;4;0;0
Château-Thierry;49.046;3.403;11/08/2026;12:00;27.2;0;SOLEIL;4;0;0
Château-Thierry;49.046;3.403;11/08/2026;13:00;27.2;0;SOLEIL;4;0;0
Château-Thierry;49.046;3.403;11/08/2026;14:00;26.9;0;SOLEIL;5;0;0
Château-Thierry;49.046;3.403;11/08/2026;15:00;28.1;0;SOLEIL;5;0;0
Château-Thierry;49.046;3.403;11/08/2026;16:00;26.9;0;SOLEIL;5;0;0
Château-Thierry;49.046;3.403;11/08/2026;17:00;27.2;0;SOLEIL;4;0;0
Château-Thierry;49.046;3.403;11/08/2026;18:00;27.2;0;SOLEIL;4;0;0
Château-Thierry;49.046;3.403;11/08/2026;19:00;27.2;0;SOLEIL;4;0;0
Château-Thierry;49.046;3.403;11/08/2026;20:00;22.2;0;SOLEIL;5;0;0
Château-Thierry;49.046;3.403;11/08/2026;21:00;21.0;0;SOLEIL;5;0;0
Château-Thierry;49.046;3.403;11/08/2026;22:00;19.9;0;SOLEIL;5;0;0
Château-Thierry;49.046;3.403;11/08/2026;23:00;19;0;SOLEIL;4;0;0
Château-Thierry;49.046;3.403;12/08/2026;00:00;19;0;SOLEIL;4;0;0
Château-Thierry;49.046;3.403;12/08/2026;01:00;19;0;SOLEIL;4;0;0
Château-Thierry;49.046;3.403;12/08/2026;02:00;15.2;0;SOLEIL;5;0;0
Château-Thierry;49.046;3.403;12/08/2026;03:00;15.2;0;SOLEIL;5;0;0
Château-Thierry;49.046;3.403;12/08/2026;04:00;15.2;0;SOLEIL;5;0;0
Château-Thierry;49.046;3.403;12/08/2026;05:00;17.4;0;SOLEIL;3;0;0
Château-Thierry;49.046;3.403;12/08/2026;06:00;17.4;0;SOLEIL;3;0;0
Château-Thierry;49.046;3.403;12/08/2026;07:00;17.4;0;SOLEIL;3;0;0
Château-Thierry;49.046;3.403;12/08/2026;08:00;18.4;0;SOLEIL;5;0;0
Château-Thierry;49.046;3.403;12/08/2026;09:00;20.0;0;SOLEIL;5;0;0
Château-Thierry;49.046;3.403;12/08/2026;10:00;21.6;0;SOLEIL;5;0;0
Château-Thierry;49.046;3.403;12/08/2026;11:00;30.6;0;SOLEIL;3;0;0
Château-Thierry;49.046;3.403;12/08/2026;12:00;30.6;0;SOLEIL;3;0;0
Château-Thierry;49.046;3.403;12/08/2026;13:00;30.6;0;SOLEIL;3;0;0
Château-Thierry;49.046;3.403;12/08/2026;14:00;27.9;0;SOLEIL;5;0;0
Château-Thierry;49.046;3.403;12/08/2026;15:00;29.5;0;SOLEIL;5;0;0
Château-Thierry;49.046;3.403;12/08/2026;16:00;27.9;0;SOLEIL;5;0;0
Château-Thierry;49.046;3.403;12/08/2026;17:00;30.4;0;SOLEIL;2;0;0
Château-Thierry;49.046;3.403;12/08/2026;18:00;30.4;0;SOLEIL;2;0;0
Château-Thierry;49.046;3.403;12/08/2026;19:00;30.4;0;SOLEIL;2;0;0
Château-Thierry;49.046;3.403;12/08/2026;20:00;21.6;0;SOLEIL;5;0;0
Château-Thierry;49.046;3.403;12/08/2026;21:00;20.0;0;SOLEIL;5;0;0
Château-Thierry;49.046;3.403;12/08/2026;22:00;18.4;0;SOLEIL;5;0;0
Château-Thierry;49.046;3.403;12/08/2026;23:00;22.7;0;SOLEIL;3;0;0
Laon;49.56;3.62;08/08/2026;00:00;13.5;0;SOLEIL;3;0;0
Laon;49.56;3.62;08/08/2026;01:00;13.5;0;SOLEIL;3;0;0
Laon;49.56;3.62;08/08/2026;02:00;9.1;0;SOLEIL;3;0;0
Laon;49.56;3.62;08/08/2026;03:00;9.1;0;SOLEIL;3;0;0
Laon;49.56;3.62;08/08/2026;04:00;9.1;0;SOLEIL;3;0;0
Laon;49.56;3.62;08/08/2026;05:00;11.9;0;SOLEIL;3;0;0
Laon;49.56;3.62;08/08/2026;06:00;11.9;0;SOLEIL;3;0;0
Laon;49.56;3.62;08/08/2026;07:00;11.9;0;SOLEIL;3;0;0
Laon;49.56;3.62;08/08/2026;08:00;23.2;0;SOLEIL;2;0;0
Laon;49.56;3.62;08/08/2026;09:00;23.2;0;SOLEIL;2;0;0
Laon;49.56;3.62;08/08/2026;10:00;23.2;0;SOLEIL;2;0;0
Laon;49.56;3.62;08/08/2026;11:00;28.1;0;SOLEIL;2;0;0
Laon;49.56;3.62;08/08/2026;12:00;28.1;0;SOLEIL;2;0;0
Laon;49.56;3.62;08/08/2026;13:00;28.1;0;SOLEIL;2;0;0
Laon;49.56;3.62;08/08/2026;14:00;30.7;0;SOLEIL;1;0;0
Laon;49.56;3.62;08/08/2026;15:00;30.7;0;SOLEIL;1;0;0
Laon;49.56;3.62;08/08/2026;16:00;30.7;0;SOLEIL;1;0;0
Laon;49.56;3.62;08/08/2026;17:00;28.6;0;SOLEIL;1;0;0
Laon;49.56;3.62;08/08/2026;18:00;28.6;0;SOLEIL;1;0;0
Laon;49.56;3.62;08/08/2026;19:00;28.6;0;SOLEIL;1;0;0
Laon;49.56;3.62;08/08/2026;20:00;18.1;0;SOLEIL;2;0;0
Laon;49.56;3.62;08/08/2026;21:00;18.1;0;SOLEIL;2;0;0
Laon;49.56;3.62;08/08/2026;22:00;18.1;0;SOLEIL;2;0;0
Laon;49.56;3.62;08/08/2026;23:00;13.1;0;SOLEIL;2;0;0
Laon;49.56;3.62;09/08/2026;00:00;13.1;0;SOLEIL;2;0;0
Laon;49.56;3.62;09/08/2026;01:00;13.1;0;SOLEIL;2;0;0
Laon;49.56;3.62;09/08/2026;02:00;11.5;5;SOLEIL VOILÉ;1;0;0
Laon;49.56;3.62;09/08/2026;03:00;11.5;5;SOLEIL VOILÉ;1;0;0
Laon;49.56;3.62;09/08/2026;04:00;11.5;5;SOLEIL VOILÉ;1;0;0
Laon;49.56;3.62;09/08/2026;05:00;14;5;SOLEIL VOILÉ;1;0;0
Laon;49.56;3.62;09/08/2026;06:00;14;5;SOLEIL VOILÉ;1;0;0
Laon;49.56;3.62;09/08/2026;07:00;14;5;SOLEIL VOILÉ;1;0;0
Laon;49.56;3.62;09/08/2026;08:00;27.5;5;SOLEIL VOILÉ;2;0;0
Laon;49.56;3.62;09/08/2026;09:00;27.5;5;SOLEIL VOILÉ;2;0;0
Laon;49.56;3.62;09/08/2026;10:00;27.5;5;SOLEIL VOILÉ;2;0;0
Laon;49.56;3.62;09/08/2026;11:00;32.1;5;SOLEIL VOILÉ;3;0;0
Laon;49.56;3.62;09/08/2026;12:00;32.1;5;SOLEIL VOILÉ;3;0;0
Laon;49.56;3.62;09/08/2026;13:00;32.1;5;SOLEIL VOILÉ;3;0;0
Laon;49.56;3.62;09/08/2026;14:00;32.4;0;SOLEIL;3;0;0
Laon;49.56;3.62;09/08/2026;15:00;32.4;0;SOLEIL;3;0;0
Laon;49.56;3.62;09/08/2026;16:00;32.4;0;SOLEIL;3;0;0
Laon;49.56;3.62;09/08/2026;17:00;29.1;0;SOLEIL;3;0;0
Laon;49.56;3.62;09/08/2026;18:00;29.1;0;SOLEIL;3;0;0
Laon;49.56;3.62;09/08/2026;19:00;29.1;0;SOLEIL;3;0;0
Laon;49.56;3.62;09/08/2026;20:00;18.6;0;SOLEIL;5;0;0
Laon;49.56;3.62;09/08/2026;21:00;16.1;0;SOLEIL;5;0;0
Laon;49.56;3.62;09/08/2026;22:00;13.6;0;SOLEIL;5;0;0
Laon;49.56;3.62;09/08/2026;23:00;17.1;0;SOLEIL;3;0;0
Laon;49.56;3.62;10/08/2026;00:00;17.1;0;SOLEIL;3;0;0
Laon;49.56;3.62;10/08/2026;01:00;17.1;0;SOLEIL;3;0;0
Laon;49.56;3.62;10/08/2026;02:00;11;5;SOLEIL VOILÉ;5;0;0
Laon;49.56;3.62;10/08/2026;03:00;11;5;SOLEIL VOILÉ;5;0;0
Laon;49.56;3.62;10/08/2026;04:00;11;5;SOLEIL VOILÉ;5;0;0
Laon;49.56;3.62;10/08/2026;05:00;18.1;0;SOLEIL;2;0;0
Laon;49.56;3.62;10/08/2026;06:00;18.1;0;SOLEIL;2;0;0
Laon;49.56;3.62;10/08/2026;07:00;18.1;0;SOLEIL;2;0;0
Laon;49.56;3.62;10/08/2026;08:00;15.9;5;SOLEIL VOILÉ;5;0;0
Laon;49.56;3.62;10/08/2026;09:00;18.4;5;SOLEIL VOILÉ;5;0;0
Laon;49.56;3.62;10/08/2026;10:00;20.8;5;SOLEIL VOILÉ;5;0;0
Laon;49.56;3.62;10/08/2026;11:00;28.9;0;SOLEIL;3;0;0
Laon;49.56;3.62;10/08/2026;12:00;28.9;0;SOLEIL;3;0;0
Laon;49.56;3.62;10/08/2026;13:00;28.9;0;SOLEIL;3;0;0
Laon;49.56;3.62;10/08/2026;14:00;30.6;5;SOLEIL VOILÉ;5;0;0
Laon;49.56;3.62;10/08/2026;15:00;33.1;5;SOLEIL VOILÉ;5;0;0
Laon;49.56;3.62;10/08/2026;16:00;30.6;5;SOLEIL VOILÉ;5;0;0
Laon;49.56;3.62;10/08/2026;17:00;28.1;0;SOLEIL;3;0;0
Laon;49.56;3.62;10/08/2026;18:00;28.1;0;SOLEIL;3;0;0
Laon;49.56;3.62;10/08/2026;19:00;28.1;0;SOLEIL;3;0;0
Laon;49.56;3.62;10/08/2026;20:00;20.8;5;SOLEIL VOILÉ;5;0;0
Laon;49.56;3.62;10/08/2026;21:00;18.4;5;SOLEIL VOILÉ;5;0;0
Laon;49.56;3.62;10/08/2026;22:00;15.9;5;SOLEIL VOILÉ;5;0;0
Laon;49.56;3.62;10/08/2026;23:00;16.9;0;SOLEIL;3;0;0
Laon;49.56;3.62;11/08/2026;00:00;16.9;0;SOLEIL;3;0;0
Laon;49.56;3.62;11/08/2026;01:00;16.9;0;SOLEIL;3;0;0
Laon;49.56;3.62;11/08/2026;02:00;15.4;0;SOLEIL;5;0;0
Laon;49.56;3.62;11/08/2026;03:00;15.4;0;SOLEIL;5;0;0
Laon;49.56;3.62;11/08/2026;04:00;15.4;0;SOLEIL;5;0;0
Laon;49.56;3.62;11/08/2026;05:00;16.4;0;SOLEIL;3;0;0
Laon;49.56;3.62;11/08/2026;06:00;16.4;0;SOLEIL;3;0;0
Laon;49.56;3.62;11/08/2026;07:00;16.4;0;SOLEIL;3;0;0
Laon;49.56;3.62;11/08/2026;08:00;18.9;0;SOLEIL;5;0;0
Laon;49.56;3.62;11/08/2026;09:00;20.6;0;SOLEIL;5;0;0
Laon;49.56;3.62;11/08/2026;10:00;22.3;0;SOLEIL;5;0;0
Laon;49.56;3.62;11/08/2026;11:00;28.2;0;SOLEIL;3;0;0
Laon;49.56;3.62;11/08/2026;12:00;28.2;0;SOLEIL;3;0;0
Laon;49.56;3.62;11/08/2026;13:00;28.2;0;SOLEIL;3;0;0
Laon;49.56;3.62;11/08/2026;14:00;29.3;0;SOLEIL;5;0;0
Laon;49.56;3.62;11/08/2026;15:00;31.0;0;SOLEIL;5;0;0
Laon;49.56;3.62;11/08/2026;16:00;29.3;0;SOLEIL;5;0;0
Laon;49.56;3.62;11/08/2026;17:00;27.7;0;SOLEIL;3;0;0
Laon;49.56;3.62;11/08/2026;18:00;27.7;0;SOLEIL;3;0;0
Laon;49.56;3.62;11/08/2026;19:00;27.7;0;SOLEIL;3;0;0
Laon;49.56;3.62;11/08/2026;20:00;22.3;0;SOLEIL;5;0;0
Laon;49.56;3.62;11/08/2026;21:00;20.6;0;SOLEIL;5;0;0
Laon;49.56;3.62;11/08/2026;22:00;18.9;0;SOLEIL;5;0;0
Laon;49.56;3.62;11/08/2026;23:00;16.5;0;SOLEIL;4;0;0
Laon;49.56;3.62;12/08/2026;00:00;16.5;0;SOLEIL;4;0;0
Laon;49.56;3.62;12/08/2026;01:00;16.5;0;SOLEIL;4;0;0
Laon;49.56;3.62;12/08/2026;02:00;14;0;SOLEIL;5;0;0
Laon;49.56;3.62;12/08/2026;03:00;14;0;SOLEIL;5;0;0
Laon;49.56;3.62;12/08/2026;04:00;14;0;SOLEIL;5;0;0
Laon;49.56;3.62;12/08/2026;05:00;17.9;0;SOLEIL;3;0;0
Laon;49.56;3.62;12/08/2026;06:00;17.9;0;SOLEIL;3;0;0
Laon;49.56;3.62;12/08/2026;07:00;17.9;0;SOLEIL;3;0;0
Laon;49.56;3.62;12/08/2026;08:00;17.6;0;SOLEIL;5;0;0
Laon;49.56;3.62;12/08/2026;09:00;19.4;0;SOLEIL;5;0;0
Laon;49.56;3.62;12/08/2026;10:00;21.2;0;SOLEIL;5;0;0
Laon;49.56;3.62;12/08/2026;11:00;30.9;0;SOLEIL;3;0;0
Laon;49.56;3.62;12/08/2026;12:00;30.9;0;SOLEIL;3;0;0
Laon;49.56;3.62;12/08/2026;13:00;30.9;0;SOLEIL;3;0;0
Laon;49.56;3.62;12/08/2026;14:00;28.4;0;SOLEIL;5;0;0
Laon;49.56;3.62;12/08/2026;15:00;30.2;0;SOLEIL;5;0;0
Laon;49.56;3.62;12/08/2026;16:00;28.4;0;SOLEIL;5;0;0
Laon;49.56;3.62;12/08/2026;17:00;30.9;0;SOLEIL;2;0;0
Laon;49.56;3.62;12/08/2026;18:00;30.9;0;SOLEIL;2;0;0
Laon;49.56;3.62;12/08/2026;19:00;30.9;0;SOLEIL;2;0;0
Laon;49.56;3.62;12/08/2026;20:00;21.2;0;SOLEIL;5;0;0
Laon;49.56;3.62;12/08/2026;21:00;19.4;0;SOLEIL;5;0;0
Laon;49.56;3.62;12/08/2026;22:00;17.6;0;SOLEIL;5;0;0
Laon;49.56;3.62;12/08/2026;23:00;18.6;0;SOLEIL;2;0;0
Saint-Quentin;49.85;3.29;08/08/2026;00:00;15.6;0;SOLEIL;2;0;0
Saint-Quentin;49.85;3.29;08/08/2026;01:00;15.6;0;SOLEIL;2;0;0
Saint-Quentin;49.85;3.29;08/08/2026;02:00;14.1;0;SOLEIL;2;0;0
Saint-Quentin;49.85;3.29;08/08/2026;03:00;14.1;0;SOLEIL;2;0;0
Saint-Quentin;49.85;3.29;08/08/2026;04:00;14.1;0;SOLEIL;2;0;0
Saint-Quentin;49.85;3.29;08/08/2026;05:00;15.5;0;SOLEIL;3;0;0
Saint-Quentin;49.85;3.29;08/08/2026;06:00;15.5;0;SOLEIL;3;0;0
Saint-Quentin;49.85;3.29;08/08/2026;07:00;15.5;0;SOLEIL;3;0;0
Saint-Quentin;49.85;3.29;08/08/2026;08:00;21.1;0;SOLEIL;2;0;0
Saint-Quentin;49.85;3.29;08/08/2026;09:00;21.1;0;SOLEIL;2;0;0
Saint-Quentin;49.85;3.29;08/08/2026;10:00;21.1;0;SOLEIL;2;0;0
Saint-Quentin;49.85;3.29;08/08/2026;11:00;26.1;0;SOLEIL;2;0;0
Saint-Quentin;49.85;3.29;08/08/2026;12:00;26.1;0;SOLEIL;2;0;0
Saint-Quentin;49.85;3.29;08/08/2026;13:00;26.1;0;SOLEIL;2;0;0
Saint-Quentin;49.85;3.29;08/08/2026;14:00;28.2;5;SOLEIL VOILÉ;2;0;0
Saint-Quentin;49.85;3.29;08/08/2026;15:00;28.2;5;SOLEIL VOILÉ;2;0;0
Saint-Quentin;49.85;3.29;08/08/2026;16:00;28.2;5;SOLEIL VOILÉ;2;0;0
Saint-Quentin;49.85;3.29;08/08/2026;17:00;27.1;0;SOLEIL;3;0;0
Saint-Quentin;49.85;3.29;08/08/2026;18:00;27.1;0;SOLEIL;3;0;0
Saint-Quentin;49.85;3.29;08/08/2026;19:00;27.1;0;SOLEIL;3;0;0
Saint-Quentin;49.85;3.29;08/08/2026;20:00;21.6;0;SOLEIL;2;0;0
Saint-Quentin;49.85;3.29;08/08/2026;21:00;21.6;0;SOLEIL;2;0;0
Saint-Quentin;49.85;3.29;08/08/2026;22:00;21.6;0;SOLEIL;2;0;0
Saint-Quentin;49.85;3.29;08/08/2026;23:00;16.9;0;SOLEIL;2;0;0
Saint-Quentin;49.85;3.29;09/08/2026;00:00;16.9;0;SOLEIL;2;0;0
Saint-Quentin;49.85;3.29;09/08/2026;01:00;16.9;0;SOLEIL;2;0;0
Saint-Quentin;49.85;3.29;09/08/2026;02:00;15.5;0;SOLEIL;1;0;0
Saint-Quentin;49.85;3.29;09/08/2026;03:00;15.5;0;SOLEIL;1;0;0
Saint-Quentin;49.85;3.29;09/08/2026;04:00;15.5;0;SOLEIL;1;0;0
Saint-Quentin;49.85;3.29;09/08/2026;05:00;18;5;SOLEIL VOILÉ;2;0;0
Saint-Quentin;49.85;3.29;09/08/2026;06:00;18;5;SOLEIL VOILÉ;2;0;0
Saint-Quentin;49.85;3.29;09/08/2026;07:00;18;5;SOLEIL VOILÉ;2;0;0
Saint-Quentin;49.85;3.29;09/08/2026;08:00;25;5;SOLEIL VOILÉ;1;0;0
Saint-Quentin;49.85;3.29;09/08/2026;09:00;25;5;SOLEIL VOILÉ;1;0;0
Saint-Quentin;49.85;3.29;09/08/2026;10:00;25;5;SOLEIL VOILÉ;1;0;0
Saint-Quentin;49.85;3.29;09/08/2026;11:00;29.9;5;SOLEIL VOILÉ;2;0;0
Saint-Quentin;49.85;3.29;09/08/2026;12:00;29.9;5;SOLEIL VOILÉ;2;0;0
Saint-Quentin;49.85;3.29;09/08/2026;13:00;29.9;5;SOLEIL VOILÉ;2;0;0
Saint-Quentin;49.85;3.29;09/08/2026;14:00;31.1;0;SOLEIL;2;0;0
Saint-Quentin;49.85;3.29;09/08/2026;15:00;31.1;0;SOLEIL;2;0;0
Saint-Quentin;49.85;3.29;09/08/2026;16:00;31.1;0;SOLEIL;2;0;0
Saint-Quentin;49.85;3.29;09/08/2026;17:00;28;0;SOLEIL;3;0;0
Saint-Quentin;49.85;3.29;09/08/2026;18:00;28;0;SOLEIL;3;0;0
Saint-Quentin;49.85;3.29;09/08/2026;19:00;28;0;SOLEIL;3;0;0
Saint-Quentin;49.85;3.29;09/08/2026;20:00;19.7;0;SOLEIL;5;0;0
Saint-Quentin;49.85;3.29;09/08/2026;21:00;17.9;0;SOLEIL;5;0;0
Saint-Quentin;49.85;3.29;09/08/2026;22:00;16.2;0;SOLEIL;5;0;0
Saint-Quentin;49.85;3.29;09/08/2026;23:00;19.6;0;SOLEIL;3;0;0
Saint-Quentin;49.85;3.29;10/08/2026;00:00;19.6;0;SOLEIL;3;0;0
Saint-Quentin;49.85;3.29;10/08/2026;01:00;19.6;0;SOLEIL;3;0;0
Saint-Quentin;49.85;3.29;10/08/2026;02:00;15.1;2;NUAGEUX;5;0;0
Saint-Quentin;49.85;3.29;10/08/2026;03:00;15.1;2;NUAGEUX;5;0;0
Saint-Quentin;49.85;3.29;10/08/2026;04:00;15.1;2;NUAGEUX;5;0;0
Saint-Quentin;49.85;3.29;10/08/2026;05:00;18.9;0;SOLEIL;2;0;0
Saint-Quentin;49.85;3.29;10/08/2026;06:00;18.9;0;SOLEIL;2;0;0
Saint-Quentin;49.85;3.29;10/08/2026;07:00;18.9;0;SOLEIL;2;0;0
Saint-Quentin;49.85;3.29;10/08/2026;08:00;18.9;2;NUAGEUX;5;0;0
Saint-Quentin;49.85;3.29;10/08/2026;09:00;20.7;2;NUAGEUX;5;0;0
Saint-Quentin;49.85;3.29;10/08/2026;10:00;22.6;2;NUAGEUX;5;0;0
Saint-Quentin;49.85;3.29;10/08/2026;11:00;27.6;0;SOLEIL;3;0;0
Saint-Quentin;49.85;3.29;10/08/2026;12:00;27.6;0;SOLEIL;3;0;0
Saint-Quentin;49.85;3.29;10/08/2026;13:00;27.6;0;SOLEIL;3;0;0
Saint-Quentin;49.85;3.29;10/08/2026;14:00;30.1;2;NUAGEUX;5;0;0
Saint-Quentin;49.85;3.29;10/08/2026;15:00;32.0;2;NUAGEUX;5;0;0
Saint-Quentin;49.85;3.29;10/08/2026;16:00;30.1;2;NUAGEUX;5;0;0
Saint-Quentin;49.85;3.29;10/08/2026;17:00;26.5;0;SOLEIL;3;0;0
Saint-Quentin;49.85;3.29;10/08/2026;18:00;26.5;0;SOLEIL;3;0;0
Saint-Quentin;49.85;3.29;10/08/2026;19:00;26.5;0;SOLEIL;3;0;0
Saint-Quentin;49.85;3.29;10/08/2026;20:00;22.6;2;NUAGEUX;5;0;0
Saint-Quentin;49.85;3.29;10/08/2026;21:00;20.7;2;NUAGEUX;5;0;0
Saint-Quentin;49.85;3.29;10/08/2026;22:00;18.9;2;NUAGEUX;5;0;0
Saint-Quentin;49.85;3.29;10/08/2026;23:00;18.1;0;SOLEIL;3;0;0
Saint-Quentin;49.85;3.29;11/08/2026;00:00;18.1;0;SOLEIL;3;0;0
Saint-Quentin;49.85;3.29;11/08/2026;01:00;18.1;0;SOLEIL;3;0;0
Saint-Quentin;49.85;3.29;11/08/2026;02:00;17.4;0;SOLEIL;5;0;0
Saint-Quentin;49.85;3.29;11/08/2026;03:00;17.4;0;SOLEIL;5;0;0
Saint-Quentin;49.85;3.29;11/08/2026;04:00;17.4;0;SOLEIL;5;0;0
Saint-Quentin;49.85;3.29;11/08/2026;05:00;17.4;0;SOLEIL;3;0;0
Saint-Quentin;49.85;3.29;11/08/2026;06:00;17.4;0;SOLEIL;3;0;0
Saint-Quentin;49.85;3.29;11/08/2026;07:00;17.4;0;SOLEIL;3;0;0
Saint-Quentin;49.85;3.29;11/08/2026;08:00;20.1;0;SOLEIL;5;0;0
Saint-Quentin;49.85;3.29;11/08/2026;09:00;21.5;0;SOLEIL;5;0;0
Saint-Quentin;49.85;3.29;11/08/2026;10:00;22.8;0;SOLEIL;5;0;0
Saint-Quentin;49.85;3.29;11/08/2026;11:00;26.6;0;SOLEIL;3;0;0
Saint-Quentin;49.85;3.29;11/08/2026;12:00;26.6;0;SOLEIL;3;0;0
Saint-Quentin;49.85;3.29;11/08/2026;13:00;26.6;0;SOLEIL;3;0;0
Saint-Quentin;49.85;3.29;11/08/2026;14:00;28.2;0;SOLEIL;5;0;0
Saint-Quentin;49.85;3.29;11/08/2026;15:00;29.6;0;SOLEIL;5;0;0
Saint-Quentin;49.85;3.29;11/08/2026;16:00;28.2;0;SOLEIL;5;0;0
Saint-Quentin;49.85;3.29;11/08/2026;17:00;25.6;0;SOLEIL;3;0;0
Saint-Quentin;49.85;3.29;11/08/2026;18:00;25.6;0;SOLEIL;3;0;0
Saint-Quentin;49.85;3.29;11/08/2026;19:00;25.6;0;SOLEIL;3;0;0
Saint-Quentin;49.85;3.29;11/08/2026;20:00;22.8;0;SOLEIL;5;0;0
Saint-Quentin;49.85;3.29;11/08/2026;21:00;21.5;0;SOLEIL;5;0;0
Saint-Quentin;49.85;3.29;11/08/2026;22:00;20.1;0;SOLEIL;5;0;0
Saint-Quentin;49.85;3.29;11/08/2026;23:00;18.1;0;SOLEIL;3;0;0
Saint-Quentin;49.85;3.29;12/08/2026;00:00;18.1;0;SOLEIL;3;0;0
Saint-Quentin;49.85;3.29;12/08/2026;01:00;18.1;0;SOLEIL;3;0;0
Saint-Quentin;49.85;3.29;12/08/2026;02:00;15.6;0;SOLEIL;5;0;0
Saint-Quentin;49.85;3.29;12/08/2026;03:00;15.6;0;SOLEIL;5;0;0
Saint-Quentin;49.85;3.29;12/08/2026;04:00;15.6;0;SOLEIL;5;0;0
Saint-Quentin;49.85;3.29;12/08/2026;05:00;18.1;0;SOLEIL;3;0;0
Saint-Quentin;49.85;3.29;12/08/2026;06:00;18.1;0;SOLEIL;3;0;0
Saint-Quentin;49.85;3.29;12/08/2026;07:00;18.1;0;SOLEIL;3;0;0
Saint-Quentin;49.85;3.29;12/08/2026;08:00;18.5;0;SOLEIL;5;0;0
Saint-Quentin;49.85;3.29;12/08/2026;09:00;19.9;0;SOLEIL;5;0;0
Saint-Quentin;49.85;3.29;12/08/2026;10:00;21.4;0;SOLEIL;5;0;0
Saint-Quentin;49.85;3.29;12/08/2026;11:00;28.5;0;SOLEIL;3;0;0
Saint-Quentin;49.85;3.29;12/08/2026;12:00;28.5;0;SOLEIL;3;0;0
Saint-Quentin;49.85;3.29;12/08/2026;13:00;28.5;0;SOLEIL;3;0;0
Saint-Quentin;49.85;3.29;12/08/2026;14:00;27.2;0;SOLEIL;5;0;0
Saint-Quentin;49.85;3.29;12/08/2026;15:00;28.6;0;SOLEIL;5;0;0
Saint-Quentin;49.85;3.29;12/08/2026;16:00;27.2;0;SOLEIL;5;0;0
Saint-Quentin;49.85;3.29;12/08/2026;17:00;28.9;0;SOLEIL;2;0;0
Saint-Quentin;49.85;3.29;12/08/2026;18:00;28.9;0;SOLEIL;2;0;0
Saint-Quentin;49.85;3.29;12/08/2026;19:00;28.9;0;SOLEIL;2;0;0
Saint-Quentin;49.85;3.29;12/08/2026;20:00;21.4;0;SOLEIL;5;0;0
Saint-Quentin;49.85;3.29;12/08/2026;21:00;19.9;0;SOLEIL;5;0;0
Saint-Quentin;49.85;3.29;12/08/2026;22:00;18.5;0;SOLEIL;5;0;0
Saint-Quentin;49.85;3.29;12/08/2026;23:00;19.9;0;SOLEIL;3;0;0
Soissons;49.38;3.32;08/08/2026;00:00;15.2;0;SOLEIL;2;0;0
Soissons;49.38;3.32;08/08/2026;01:00;15.2;0;SOLEIL;2;0;0
Soissons;49.38;3.32;08/08/2026;02:00;13.2;0;SOLEIL;2;0;0
Soissons;49.38;3.32;08/08/2026;03:00;13.2;0;SOLEIL;2;0;0
Soissons;49.38;3.32;08/08/2026;04:00;13.2;0;SOLEIL;2;0;0
Soissons;49.38;3.32;08/08/2026;05:00;15.6;0;SOLEIL;2;0;0
Soissons;49.38;3.32;08/08/2026;06:00;15.6;0;SOLEIL;2;0;0
Soissons;49.38;3.32;08/08/2026;07:00;15.6;0;SOLEIL;2;0;0
Soissons;49.38;3.32;08/08/2026;08:00;22.6;0;SOLEIL;2;0;0
Soissons;49.38;3.32;08/08/2026;09:00;22.6;0;SOLEIL;2;0;0
Soissons;49.38;3.32;08/08/2026;10:00;22.6;0;SOLEIL;2;0;0
Soissons;49.38;3.32;08/08/2026;11:00;26.7;0;SOLEIL;3;0;0
Soissons;49.38;3.32;08/08/2026;12:00;26.7;0;SOLEIL;3;0;0
Soissons;49.38;3.32;08/08/2026;13:00;26.7;0;SOLEIL;3;0;0
Soissons;49.38;3.32;08/08/2026;14:00;28.2;5;SOLEIL VOILÉ;2;0;0
Soissons;49.38;3.32;08/08/2026;15:00;28.2;5;SOLEIL VOILÉ;2;0;0
Soissons;49.38;3.32;08/08/2026;16:00;28.2;5;SOLEIL VOILÉ;2;0;0
Soissons;49.38;3.32;08/08/2026;17:00;27.4;5;SOLEIL VOILÉ;2;0;0
Soissons;49.38;3.32;08/08/2026;18:00;27.4;5;SOLEIL VOILÉ;2;0;0
Soissons;49.38;3.32;08/08/2026;19:00;27.4;5;SOLEIL VOILÉ;2;0;0
Soissons;49.38;3.32;08/08/2026;20:00;22.2;0;SOLEIL;2;0;0
Soissons;49.38;3.32;08/08/2026;21:00;22.2;0;SOLEIL;2;0;0
Soissons;49.38;3.32;08/08/2026;22:00;22.2;0;SOLEIL;2;0;0
Soissons;49.38;3.32;08/08/2026;23:00;17.7;0;SOLEIL;2;0;0
Soissons;49.38;3.32;09/08/2026;00:00;17.7;0;SOLEIL;2;0;0
Soissons;49.38;3.32;09/08/2026;01:00;17.7;0;SOLEIL;2;0;0
Soissons;49.38;3.32;09/08/2026;02:00;15.6;0;SOLEIL;1;0;0
Soissons;49.38;3.32;09/08/2026;03:00;15.6;0;SOLEIL;1;0;0
Soissons;49.38;3.32;09/08/2026;04:00;15.6;0;SOLEIL;1;0;0
Soissons;49.38;3.32;09/08/2026;05:00;17.1;5;SOLEIL VOILÉ;1;0;0
Soissons;49.38;3.32;09/08/2026;06:00;17.1;5;SOLEIL VOILÉ;1;0;0
Soissons;49.38;3.32;09/08/2026;07:00;17.1;5;SOLEIL VOILÉ;1;0;0
Soissons;49.38;3.32;09/08/2026;08:00;26.1;5;SOLEIL VOILÉ;2;0;0
Soissons;49.38;3.32;09/08/2026;09:00;26.1;5;SOLEIL VOILÉ;2;0;0
Soissons;49.38;3.32;09/08/2026;10:00;26.1;5;SOLEIL VOILÉ;2;0;0
Soissons;49.38;3.32;09/08/2026;11:00;30.7;0;SOLEIL;2;0;0
Soissons;49.38;3.32;09/08/2026;12:00;30.7;0;SOLEIL;2;0;0
Soissons;49.38;3.32;09/08/2026;13:00;30.7;0;SOLEIL;2;0;0
Soissons;49.38;3.32;09/08/2026;14:00;31.6;0;SOLEIL;3;0;0
Soissons;49.38;3.32;09/08/2026;15:00;31.6;0;SOLEIL;3;0;0
Soissons;49.38;3.32;09/08/2026;16:00;31.6;0;SOLEIL;3;0;0
Soissons;49.38;3.32;09/08/2026;17:00;28.6;0;SOLEIL;3;0;0
Soissons;49.38;3.32;09/08/2026;18:00;28.6;0;SOLEIL;3;0;0
Soissons;49.38;3.32;09/08/2026;19:00;28.6;0;SOLEIL;3;0;0
Soissons;49.38;3.32;09/08/2026;20:00;19.8;0;SOLEIL;5;0;0
Soissons;49.38;3.32;09/08/2026;21:00;18.0;0;SOLEIL;5;0;0
Soissons;49.38;3.32;09/08/2026;22:00;16.2;0;SOLEIL;5;0;0
Soissons;49.38;3.32;09/08/2026;23:00;20;0;SOLEIL;2;0;0
Soissons;49.38;3.32;10/08/2026;00:00;20;0;SOLEIL;2;0;0
Soissons;49.38;3.32;10/08/2026;01:00;20;0;SOLEIL;2;0;0
Soissons;49.38;3.32;10/08/2026;02:00;15;0;SOLEIL;5;0;0
Soissons;49.38;3.32;10/08/2026;03:00;15;0;SOLEIL;5;0;0
Soissons;49.38;3.32;10/08/2026;04:00;15;0;SOLEIL;5;0;0
Soissons;49.38;3.32;10/08/2026;05:00;19.2;0;SOLEIL;3;0;0
Soissons;49.38;3.32;10/08/2026;06:00;19.2;0;SOLEIL;3;0;0
Soissons;49.38;3.32;10/08/2026;07:00;19.2;0;SOLEIL;3;0;0
Soissons;49.38;3.32;10/08/2026;08:00;19.0;0;SOLEIL;5;0;0
Soissons;49.38;3.32;10/08/2026;09:00;21.0;0;SOLEIL;5;0;0
Soissons;49.38;3.32;10/08/2026;10:00;23.0;0;SOLEIL;5;0;0
Soissons;49.38;3.32;10/08/2026;11:00;28.1;0;SOLEIL;4;0;0
Soissons;49.38;3.32;10/08/2026;12:00;28.1;0;SOLEIL;4;0;0
Soissons;49.38;3.32;10/08/2026;13:00;28.1;0;SOLEIL;4;0;0
Soissons;49.38;3.32;10/08/2026;14:00;31.1;0;SOLEIL;5;0;0
Soissons;49.38;3.32;10/08/2026;15:00;33.1;0;SOLEIL;5;0;0
Soissons;49.38;3.32;10/08/2026;16:00;31.1;0;SOLEIL;5;0;0
Soissons;49.38;3.32;10/08/2026;17:00;26.5;0;SOLEIL;4;0;0
Soissons;49.38;3.32;10/08/2026;18:00;26.5;0;SOLEIL;4;0;0
Soissons;49.38;3.32;10/08/2026;19:00;26.5;0;SOLEIL;4;0;0
Soissons;49.38;3.32;10/08/2026;20:00;23.0;0;SOLEIL;5;0;0
Soissons;49.38;3.32;10/08/2026;21:00;21.0;0;SOLEIL;5;0;0
Soissons;49.38;3.32;10/08/2026;22:00;19.0;0;SOLEIL;5;0;0
Soissons;49.38;3.32;10/08/2026;23:00;18.4;0;SOLEIL;3;0;0
Soissons;49.38;3.32;11/08/2026;00:00;18.4;0;SOLEIL;3;0;0
Soissons;49.38;3.32;11/08/2026;01:00;18.4;0;SOLEIL;3;0;0
Soissons;49.38;3.32;11/08/2026;02:00;17.6;0;SOLEIL;5;0;0
Soissons;49.38;3.32;11/08/2026;03:00;17.6;0;SOLEIL;5;0;0
Soissons;49.38;3.32;11/08/2026;04:00;17.6;0;SOLEIL;5;0;0
Soissons;49.38;3.32;11/08/2026;05:00;17.5;0;SOLEIL;3;0;0
Soissons;49.38;3.32;11/08/2026;06:00;17.5;0;SOLEIL;3;0;0
Soissons;49.38;3.32;11/08/2026;07:00;17.5;0;SOLEIL;3;0;0
Soissons;49.38;3.32;11/08/2026;08:00;20.4;0;SOLEIL;5;0;0
Soissons;49.38;3.32;11/08/2026;09:00;21.8;0;SOLEIL;5;0;0
Soissons;49.38;3.32;11/08/2026;10:00;23.2;0;SOLEIL;5;0;0
Soissons;49.38;3.32;11/08/2026;11:00;27.1;0;SOLEIL;3;0;0
Soissons;49.38;3.32;11/08/2026;12:00;27.1;0;SOLEIL;3;0;0
Soissons;49.38;3.32;11/08/2026;13:00;27.1;0;SOLEIL;3;0;0
Soissons;49.38;3.32;11/08/2026;14:00;28.7;0;SOLEIL;5;0;0
Soissons;49.38;3.32;11/08/2026;15:00;30.1;0;SOLEIL;5;0;0
Soissons;49.38;3.32;11/08/2026;16:00;28.7;0;SOLEIL;5;0;0
Soissons;49.38;3.32;11/08/2026;17:00;26.6;0;SOLEIL;4;0;0
Soissons;49.38;3.32;11/08/2026;18:00;26.6;0;SOLEIL;4;0;0
Soissons;49.38;3.32;11/08/2026;19:00;26.6;0;SOLEIL;4;0;0
Soissons;49.38;3.32;11/08/2026;20:00;23.2;0;SOLEIL;5;0;0
Soissons;49.38;3.32;11/08/2026;21:00;21.8;0;SOLEIL;5;0;0
Soissons;49.38;3.32;11/08/2026;22:00;20.4;0;SOLEIL;5;0;0
Soissons;49.38;3.32;11/08/2026;23:00;18.6;0;SOLEIL;3;0;0
Soissons;49.38;3.32;12/08/2026;00:00;18.6;0;SOLEIL;3;0;0
Soissons;49.38;3.32;12/08/2026;01:00;18.6;0;SOLEIL;3;0;0
Soissons;49.38;3.32;12/08/2026;02:00;16.1;0;SOLEIL;5;0;0
Soissons;49.38;3.32;12/08/2026;03:00;16.1;0;SOLEIL;5;0;0
Soissons;49.38;3.32;12/08/2026;04:00;16.1;0;SOLEIL;5;0;0
Soissons;49.38;3.32;12/08/2026;05:00;18.5;0;SOLEIL;3;0;0
Soissons;49.38;3.32;12/08/2026;06:00;18.5;0;SOLEIL;3;0;0
Soissons;49.38;3.32;12/08/2026;07:00;18.5;0;SOLEIL;3;0;0
Soissons;49.38;3.32;12/08/2026;08:00;19.1;0;SOLEIL;5;0;0
Soissons;49.38;3.32;12/08/2026;09:00;20.6;0;SOLEIL;5;0;0
Soissons;49.38;3.32;12/08/2026;10:00;22.1;0;SOLEIL;5;0;0
Soissons;49.38;3.32;12/08/2026;11:00;29.1;0;SOLEIL;3;0;0
Soissons;49.38;3.32;12/08/2026;12:00;29.1;0;SOLEIL;3;0;0
Soissons;49.38;3.32;12/08/2026;13:00;29.1;0;SOLEIL;3;0;0
Soissons;49.38;3.32;12/08/2026;14:00;28.1;0;SOLEIL;5;0;0
Soissons;49.38;3.32;12/08/2026;15:00;29.6;0;SOLEIL;5;0;0
Soissons;49.38;3.32;12/08/2026;16:00;28.1;0;SOLEIL;5;0;0
Soissons;49.38;3.32;12/08/2026;17:00;30.1;0;SOLEIL;2;0;0
Soissons;49.38;3.32;12/08/2026;18:00;30.1;0;SOLEIL;2;0;0
Soissons;49.38;3.32;12/08/2026;19:00;30.1;0;SOLEIL;2;0;0
Soissons;49.38;3.32;12/08/2026;20:00;22.1;0;SOLEIL;5;0;0
Soissons;49.38;3.32;12/08/2026;21:00;20.6;0;SOLEIL;5;0;0
Soissons;49.38;3.32;12/08/2026;22:00;19.1;0;SOLEIL;5;0;0
Soissons;49.38;3.32;12/08/2026;23:00;20.4;0;SOLEIL;2;0;0
Vervins;49.83;3.91;08/08/2026;00:00;14.5;0;SOLEIL;2;0;0
Vervins;49.83;3.91;08/08/2026;01:00;14.5;0;SOLEIL;2;0;0
Vervins;49.83;3.91;08/08/2026;02:00;12.4;0;SOLEIL;2;0;0
Vervins;49.83;3.91;08/08/2026;03:00;12.4;0;SOLEIL;2;0;0
Vervins;49.83;3.91;08/08/2026;04:00;12.4;0;SOLEIL;2;0;0
Vervins;49.83;3.91;08/08/2026;05:00;14.1;0;SOLEIL;2;0;0
Vervins;49.83;3.91;08/08/2026;06:00;14.1;0;SOLEIL;2;0;0
Vervins;49.83;3.91;08/08/2026;07:00;14.1;0;SOLEIL;2;0;0
Vervins;49.83;3.91;08/08/2026;08:00;22.5;0;SOLEIL;2;0;0
Vervins;49.83;3.91;08/08/2026;09:00;22.5;0;SOLEIL;2;0;0
Vervins;49.83;3.91;08/08/2026;10:00;22.5;0;SOLEIL;2;0;0
Vervins;49.83;3.91;08/08/2026;11:00;27.2;0;SOLEIL;2;0;0
Vervins;49.83;3.91;08/08/2026;12:00;27.2;0;SOLEIL;2;0;0
Vervins;49.83;3.91;08/08/2026;13:00;27.2;0;SOLEIL;2;0;0
Vervins;49.83;3.91;08/08/2026;14:00;29.9;5;SOLEIL VOILÉ;2;0;0
Vervins;49.83;3.91;08/08/2026;15:00;29.9;5;SOLEIL VOILÉ;2;0;0
Vervins;49.83;3.91;08/08/2026;16:00;29.9;5;SOLEIL VOILÉ;2;0;0
Vervins;49.83;3.91;08/08/2026;17:00;28.6;0;SOLEIL;2;0;0
Vervins;49.83;3.91;08/08/2026;18:00;28.6;0;SOLEIL;2;0;0
Vervins;49.83;3.91;08/08/2026;19:00;28.6;0;SOLEIL;2;0;0
Vervins;49.83;3.91;08/08/2026;20:00;20.2;0;SOLEIL;2;0;0
Vervins;49.83;3.91;08/08/2026;21:00;20.2;0;SOLEIL;2;0;0
Vervins;49.83;3.91;08/08/2026;22:00;20.2;0;SOLEIL;2;0;0
Vervins;49.83;3.91;08/08/2026;23:00;16.5;0;SOLEIL;2;0;0
Vervins;49.83;3.91;09/08/2026;00:00;16.5;0;SOLEIL;2;0;0
Vervins;49.83;3.91;09/08/2026;01:00;16.5;0;SOLEIL;2;0;0
Vervins;49.83;3.91;09/08/2026;02:00;13.9;5;SOLEIL VOILÉ;0;0;0
Vervins;49.83;3.91;09/08/2026;03:00;13.9;5;SOLEIL VOILÉ;0;0;0
Vervins;49.83;3.91;09/08/2026;04:00;13.9;5;SOLEIL VOILÉ;0;0;0
Vervins;49.83;3.91;09/08/2026;05:00;15.5;5;SOLEIL VOILÉ;1;0;0
Vervins;49.83;3.91;09/08/2026;06:00;15.5;5;SOLEIL VOILÉ;1;0;0
Vervins;49.83;3.91;09/08/2026;07:00;15.5;5;SOLEIL VOILÉ;1;0;0
Vervins;49.83;3.91;09/08/2026;08:00;26.4;5;SOLEIL VOILÉ;1;0;0
Vervins;49.83;3.91;09/08/2026;09:00;26.4;5;SOLEIL VOILÉ;1;0;0
Vervins;49.83;3.91;09/08/2026;10:00;26.4;5;SOLEIL VOILÉ;1;0;0
Vervins;49.83;3.91;09/08/2026;11:00;31.4;5;SOLEIL VOILÉ;2;0;0
Vervins;49.83;3.91;09/08/2026;12:00;31.4;5;SOLEIL VOILÉ;2;0;0
Vervins;49.83;3.91;09/08/2026;13:00;31.4;5;SOLEIL VOILÉ;2;0;0
Vervins;49.83;3.91;09/08/2026;14:00;32.4;0;SOLEIL;2;0;0
Vervins;49.83;3.91;09/08/2026;15:00;32.4;0;SOLEIL;2;0;0
Vervins;49.83;3.91;09/08/2026;16:00;32.4;0;SOLEIL;2;0;0
Vervins;49.83;3.91;09/08/2026;17:00;29.9;0;SOLEIL;2;0;0
Vervins;49.83;3.91;09/08/2026;18:00;29.9;0;SOLEIL;2;0;0
Vervins;49.83;3.91;09/08/2026;19:00;29.9;0;SOLEIL;2;0;0
Vervins;49.83;3.91;09/08/2026;20:00;19.6;0;SOLEIL;5;0;0
Vervins;49.83;3.91;09/08/2026;21:00;17.5;0;SOLEIL;5;0;0
Vervins;49.83;3.91;09/08/2026;22:00;15.4;0;SOLEIL;5;0;0
Vervins;49.83;3.91;09/08/2026;23:00;19.6;0;SOLEIL;3;0;0
Vervins;49.83;3.91;10/08/2026;00:00;19.6;0;SOLEIL;3;0;0
Vervins;49.83;3.91;10/08/2026;01:00;19.6;0;SOLEIL;3;0;0
Vervins;49.83;3.91;10/08/2026;02:00;13;5;SOLEIL VOILÉ;5;0;0
Vervins;49.83;3.91;10/08/2026;03:00;13;5;SOLEIL VOILÉ;5;0;0
Vervins;49.83;3.91;10/08/2026;04:00;13;5;SOLEIL VOILÉ;5;0;0
Vervins;49.83;3.91;10/08/2026;05:00;18.4;0;SOLEIL;3;0;0
Vervins;49.83;3.91;10/08/2026;06:00;18.4;0;SOLEIL;3;0;0
Vervins;49.83;3.91;10/08/2026;07:00;18.4;0;SOLEIL;3;0;0
Vervins;49.83;3.91;10/08/2026;08:00;17.5;5;SOLEIL VOILÉ;5;0;0
Vervins;49.83;3.91;10/08/2026;09:00;19.7;5;SOLEIL VOILÉ;5;0;0
Vervins;49.83;3.91;10/08/2026;10:00;22.0;5;SOLEIL VOILÉ;5;0;0
Vervins;49.83;3.91;10/08/2026;11:00;29.9;0;SOLEIL;3;0;0
Vervins;49.83;3.91;10/08/2026;12:00;29.9;0;SOLEIL;3;0;0
Vervins;49.83;3.91;10/08/2026;13:00;29.9;0;SOLEIL;3;0;0
Vervins;49.83;3.91;10/08/2026;14:00;31.0;5;SOLEIL VOILÉ;5;0;0
Vervins;49.83;3.91;10/08/2026;15:00;33.2;5;SOLEIL VOILÉ;5;0;0
Vervins;49.83;3.91;10/08/2026;16:00;31.0;5;SOLEIL VOILÉ;5;0;0
Vervins;49.83;3.91;10/08/2026;17:00;28.1;0;SOLEIL;4;0;0
Vervins;49.83;3.91;10/08/2026;18:00;28.1;0;SOLEIL;4;0;0
Vervins;49.83;3.91;10/08/2026;19:00;28.1;0;SOLEIL;4;0;0
Vervins;49.83;3.91;10/08/2026;20:00;22.0;5;SOLEIL VOILÉ;5;0;0
Vervins;49.83;3.91;10/08/2026;21:00;19.7;5;SOLEIL VOILÉ;5;0;0
Vervins;49.83;3.91;10/08/2026;22:00;17.5;5;SOLEIL VOILÉ;5;0;0
Vervins;49.83;3.91;10/08/2026;23:00;18.5;0;SOLEIL;3;0;0
Vervins;49.83;3.91;11/08/2026;00:00;18.5;0;SOLEIL;3;0;0
Vervins;49.83;3.91;11/08/2026;01:00;18.5;0;SOLEIL;3;0;0
Vervins;49.83;3.91;11/08/2026;02:00;16.6;0;SOLEIL;5;0;0
Vervins;49.83;3.91;11/08/2026;03:00;16.6;0;SOLEIL;5;0;0
Vervins;49.83;3.91;11/08/2026;04:00;16.6;0;SOLEIL;5;0;0
Vervins;49.83;3.91;11/08/2026;05:00;16.5;0;SOLEIL;3;0;0
Vervins;49.83;3.91;11/08/2026;06:00;16.5;0;SOLEIL;3;0;0
Vervins;49.83;3.91;11/08/2026;07:00;16.5;0;SOLEIL;3;0;0
Vervins;49.83;3.91;11/08/2026;08:00;20.0;0;SOLEIL;5;0;0
Vervins;49.83;3.91;11/08/2026;09:00;21.8;0;SOLEIL;5;0;0
Vervins;49.83;3.91;11/08/2026;10:00;23.5;0;SOLEIL;5;0;0
Vervins;49.83;3.91;11/08/2026;11:00;28.4;0;SOLEIL;3;0;0
Vervins;49.83;3.91;11/08/2026;12:00;28.4;0;SOLEIL;3;0;0
Vervins;49.83;3.91;11/08/2026;13:00;28.4;0;SOLEIL;3;0;0
Vervins;49.83;3.91;11/08/2026;14:00;30.4;0;SOLEIL;5;0;0
Vervins;49.83;3.91;11/08/2026;15:00;32.1;0;SOLEIL;5;0;0
Vervins;49.83;3.91;11/08/2026;16:00;30.4;0;SOLEIL;5;0;0
Vervins;49.83;3.91;11/08/2026;17:00;27.7;0;SOLEIL;3;0;0
Vervins;49.83;3.91;11/08/2026;18:00;27.7;0;SOLEIL;3;0;0
Vervins;49.83;3.91;11/08/2026;19:00;27.7;0;SOLEIL;3;0;0
Vervins;49.83;3.91;11/08/2026;20:00;23.5;0;SOLEIL;5;0;0
Vervins;49.83;3.91;11/08/2026;21:00;21.8;0;SOLEIL;5;0;0
Vervins;49.83;3.91;11/08/2026;22:00;20.0;0;SOLEIL;5;0;0
Vervins;49.83;3.91;11/08/2026;23:00;18.1;0;SOLEIL;3;0;0
Vervins;49.83;3.91;12/08/2026;00:00;18.1;0;SOLEIL;3;0;0
Vervins;49.83;3.91;12/08/2026;01:00;18.1;0;SOLEIL;3;0;0
Vervins;49.83;3.91;12/08/2026;02:00;15;0;SOLEIL;5;0;0
Vervins;49.83;3.91;12/08/2026;03:00;15;0;SOLEIL;5;0;0
Vervins;49.83;3.91;12/08/2026;04:00;15;0;SOLEIL;5;0;0
Vervins;49.83;3.91;12/08/2026;05:00;17.1;0;SOLEIL;3;0;0
Vervins;49.83;3.91;12/08/2026;06:00;17.1;0;SOLEIL;3;0;0
Vervins;49.83;3.91;12/08/2026;07:00;17.1;0;SOLEIL;3;0;0
Vervins;49.83;3.91;12/08/2026;08:00;18.5;0;SOLEIL;5;0;0
Vervins;49.83;3.91;12/08/2026;09:00;20.2;0;SOLEIL;5;0;0
Vervins;49.83;3.91;12/08/2026;10:00;21.9;0;SOLEIL;5;0;0
Vervins;49.83;3.91;12/08/2026;11:00;30.9;0;SOLEIL;3;0;0
Vervins;49.83;3.91;12/08/2026;12:00;30.9;0;SOLEIL;3;0;0
Vervins;49.83;3.91;12/08/2026;13:00;30.9;0;SOLEIL;3;0;0
Vervins;49.83;3.91;12/08/2026;14:00;28.9;0;SOLEIL;5;0;0
Vervins;49.83;3.91;12/08/2026;15:00;30.6;0;SOLEIL;5;0;0
Vervins;49.83;3.91;12/08/2026;16:00;28.9;0;SOLEIL;5;0;0
Vervins;49.83;3.91;12/08/2026;17:00;31.1;0;SOLEIL;2;0;0
Vervins;49.83;3.91;12/08/2026;18:00;31.1;0;SOLEIL;2;0;0
Vervins;49.83;3.91;12/08/2026;19:00;31.1;0;SOLEIL;2;0;0
Vervins;49.83;3.91;12/08/2026;20:00;21.9;0;SOLEIL;5;0;0
Vervins;49.83;3.91;12/08/2026;21:00;20.2;0;SOLEIL;5;0;0
Vervins;49.83;3.91;12/08/2026;22:00;18.5;0;SOLEIL;5;0;0
Vervins;49.83;3.91;12/08/2026;23:00;20.4;0;SOLEIL;2;0;0
Avesnes-sur-Helpe;50.12;3.93;08/08/2026;00:00;15.1;0;SOLEIL;4;0;0
Avesnes-sur-Helpe;50.12;3.93;08/08/2026;01:00;15.1;0;SOLEIL;4;0;0
Avesnes-sur-Helpe;50.12;3.93;08/08/2026;02:00;12.5;0;SOLEIL;3;0;0
Avesnes-sur-Helpe;50.12;3.93;08/08/2026;03:00;12.5;0;SOLEIL;3;0;0
Avesnes-sur-Helpe;50.12;3.93;08/08/2026;04:00;12.5;0;SOLEIL;3;0;0
Avesnes-sur-Helpe;50.12;3.93;08/08/2026;05:00;15.1;0;SOLEIL;3;0;0
Avesnes-sur-Helpe;50.12;3.93;08/08/2026;06:00;15.1;0;SOLEIL;3;0;0
Avesnes-sur-Helpe;50.12;3.93;08/08/2026;07:00;15.1;0;SOLEIL;3;0;0
Avesnes-sur-Helpe;50.12;3.93;08/08/2026;08:00;22.9;0;SOLEIL;3;0;0
Avesnes-sur-Helpe;50.12;3.93;08/08/2026;09:00;22.9;0;SOLEIL;3;0;0
Avesnes-sur-Helpe;50.12;3.93;08/08/2026;10:00;22.9;0;SOLEIL;3;0;0
Avesnes-sur-Helpe;50.12;3.93;08/08/2026;11:00;26.2;0;SOLEIL;2;0;0
Avesnes-sur-Helpe;50.12;3.93;08/08/2026;12:00;26.2;0;SOLEIL;2;0;0
Avesnes-sur-Helpe;50.12;3.93;08/08/2026;13:00;26.2;0;SOLEIL;2;0;0
Avesnes-sur-Helpe;50.12;3.93;08/08/2026;14:00;26.4;5;SOLEIL VOILÉ;2;0;0
Avesnes-sur-Helpe;50.12;3.93;08/08/2026;15:00;26.4;5;SOLEIL VOILÉ;2;0;0
Avesnes-sur-Helpe;50.12;3.93;08/08/2026;16:00;26.4;5;SOLEIL VOILÉ;2;0;0
Avesnes-sur-Helpe;50.12;3.93;08/08/2026;17:00;25;5;SOLEIL VOILÉ;2;0;0
Avesnes-sur-Helpe;50.12;3.93;08/08/2026;18:00;25;5;SOLEIL VOILÉ;2;0;0
Avesnes-sur-Helpe;50.12;3.93;08/08/2026;19:00;25;5;SOLEIL VOILÉ;2;0;0
Avesnes-sur-Helpe;50.12;3.93;08/08/2026;20:00;19.6;0;SOLEIL;3;0;0
Avesnes-sur-Helpe;50.12;3.93;08/08/2026;21:00;19.6;0;SOLEIL;3;0;0
Avesnes-sur-Helpe;50.12;3.93;08/08/2026;22:00;19.6;0;SOLEIL;3;0;0
Avesnes-sur-Helpe;50.12;3.93;08/08/2026;23:00;16;0;SOLEIL;2;0;0
Avesnes-sur-Helpe;50.12;3.93;09/08/2026;00:00;16;0;SOLEIL;2;0;0
Avesnes-sur-Helpe;50.12;3.93;09/08/2026;01:00;16;0;SOLEIL;2;0;0
Avesnes-sur-Helpe;50.12;3.93;09/08/2026;02:00;15.1;0;SOLEIL;2;0;0
Avesnes-sur-Helpe;50.12;3.93;09/08/2026;03:00;15.1;0;SOLEIL;2;0;0
Avesnes-sur-Helpe;50.12;3.93;09/08/2026;04:00;15.1;0;SOLEIL;2;0;0
Avesnes-sur-Helpe;50.12;3.93;09/08/2026;05:00;17.6;5;SOLEIL VOILÉ;2;0;0
Avesnes-sur-Helpe;50.12;3.93;09/08/2026;06:00;17.6;5;SOLEIL VOILÉ;2;0;0
Avesnes-sur-Helpe;50.12;3.93;09/08/2026;07:00;17.6;5;SOLEIL VOILÉ;2;0;0
Avesnes-sur-Helpe;50.12;3.93;09/08/2026;08:00;24.6;5;SOLEIL VOILÉ;2;0;0
Avesnes-sur-Helpe;50.12;3.93;09/08/2026;09:00;24.6;5;SOLEIL VOILÉ;2;0;0
Avesnes-sur-Helpe;50.12;3.93;09/08/2026;10:00;24.6;5;SOLEIL VOILÉ;2;0;0
Avesnes-sur-Helpe;50.12;3.93;09/08/2026;11:00;29.2;5;SOLEIL VOILÉ;2;0;0
Avesnes-sur-Helpe;50.12;3.93;09/08/2026;12:00;29.2;5;SOLEIL VOILÉ;2;0;0
Avesnes-sur-Helpe;50.12;3.93;09/08/2026;13:00;29.2;5;SOLEIL VOILÉ;2;0;0
Avesnes-sur-Helpe;50.12;3.93;09/08/2026;14:00;29.1;0;SOLEIL;2;0;0
Avesnes-sur-Helpe;50.12;3.93;09/08/2026;15:00;29.1;0;SOLEIL;2;0;0
Avesnes-sur-Helpe;50.12;3.93;09/08/2026;16:00;29.1;0;SOLEIL;2;0;0
Avesnes-sur-Helpe;50.12;3.93;09/08/2026;17:00;25.5;0;SOLEIL;1;0;0
Avesnes-sur-Helpe;50.12;3.93;09/08/2026;18:00;25.5;0;SOLEIL;1;0;0
Avesnes-sur-Helpe;50.12;3.93;09/08/2026;19:00;25.5;0;SOLEIL;1;0;0
Avesnes-sur-Helpe;50.12;3.93;09/08/2026;20:00;18.4;0;SOLEIL;5;0;0
Avesnes-sur-Helpe;50.12;3.93;09/08/2026;21:00;16.7;0;SOLEIL;5;0;0
Avesnes-sur-Helpe;50.12;3.93;09/08/2026;22:00;15.0;0;SOLEIL;5;0;0
Avesnes-sur-Helpe;50.12;3.93;09/08/2026;23:00;19.6;0;SOLEIL;3;0;0
Avesnes-sur-Helpe;50.12;3.93;10/08/2026;00:00;19.6;0;SOLEIL;3;0;0
Avesnes-sur-Helpe;50.12;3.93;10/08/2026;01:00;19.6;0;SOLEIL;3;0;0
Avesnes-sur-Helpe;50.12;3.93;10/08/2026;02:00;14.2;2;NUAGEUX;5;0;0
Avesnes-sur-Helpe;50.12;3.93;10/08/2026;03:00;14.2;2;NUAGEUX;5;0;0
Avesnes-sur-Helpe;50.12;3.93;10/08/2026;04:00;14.2;2;NUAGEUX;5;0;0
Avesnes-sur-Helpe;50.12;3.93;10/08/2026;05:00;18.4;0;SOLEIL;3;0;0
Avesnes-sur-Helpe;50.12;3.93;10/08/2026;06:00;18.4;0;SOLEIL;3;0;0
Avesnes-sur-Helpe;50.12;3.93;10/08/2026;07:00;18.4;0;SOLEIL;3;0;0
Avesnes-sur-Helpe;50.12;3.93;10/08/2026;08:00;17.7;2;NUAGEUX;5;0;0
Avesnes-sur-Helpe;50.12;3.93;10/08/2026;09:00;19.5;2;NUAGEUX;5;0;0
Avesnes-sur-Helpe;50.12;3.93;10/08/2026;10:00;21.3;2;NUAGEUX;5;0;0
Avesnes-sur-Helpe;50.12;3.93;10/08/2026;11:00;26.9;0;SOLEIL;4;0;0
Avesnes-sur-Helpe;50.12;3.93;10/08/2026;12:00;26.9;0;SOLEIL;4;0;0
Avesnes-sur-Helpe;50.12;3.93;10/08/2026;13:00;26.9;0;SOLEIL;4;0;0
Avesnes-sur-Helpe;50.12;3.93;10/08/2026;14:00;28.3;2;NUAGEUX;5;0;0
Avesnes-sur-Helpe;50.12;3.93;10/08/2026;15:00;30.1;2;NUAGEUX;5;0;0
Avesnes-sur-Helpe;50.12;3.93;10/08/2026;16:00;28.3;2;NUAGEUX;5;0;0
Avesnes-sur-Helpe;50.12;3.93;10/08/2026;17:00;25.7;0;SOLEIL;4;0;0
Avesnes-sur-Helpe;50.12;3.93;10/08/2026;18:00;25.7;0;SOLEIL;4;0;0
Avesnes-sur-Helpe;50.12;3.93;10/08/2026;19:00;25.7;0;SOLEIL;4;0;0
Avesnes-sur-Helpe;50.12;3.93;10/08/2026;20:00;21.3;2;NUAGEUX;5;0;0
Avesnes-sur-Helpe;50.12;3.93;10/08/2026;21:00;19.5;2;NUAGEUX;5;0;0
Avesnes-sur-Helpe;50.12;3.93;10/08/2026;22:00;17.7;2;NUAGEUX;5;0;0
Avesnes-sur-Helpe;50.12;3.93;10/08/2026;23:00;17.1;0;SOLEIL;4;0;0
Avesnes-sur-Helpe;50.12;3.93;11/08/2026;00:00;17.1;0;SOLEIL;4;0;0
Avesnes-sur-Helpe;50.12;3.93;11/08/2026;01:00;17.1;0;SOLEIL;4;0;0
Avesnes-sur-Helpe;50.12;3.93;11/08/2026;02:00;16.9;0;SOLEIL;5;0;0
Avesnes-sur-Helpe;50.12;3.93;11/08/2026;03:00;16.9;0;SOLEIL;5;0;0
Avesnes-sur-Helpe;50.12;3.93;11/08/2026;04:00;16.9;0;SOLEIL;5;0;0
Avesnes-sur-Helpe;50.12;3.93;11/08/2026;05:00;17;0;SOLEIL;4;0;0
Avesnes-sur-Helpe;50.12;3.93;11/08/2026;06:00;17;0;SOLEIL;4;0;0
Avesnes-sur-Helpe;50.12;3.93;11/08/2026;07:00;17;0;SOLEIL;4;0;0
Avesnes-sur-Helpe;50.12;3.93;11/08/2026;08:00;19.5;0;SOLEIL;5;0;0
Avesnes-sur-Helpe;50.12;3.93;11/08/2026;09:00;20.8;0;SOLEIL;5;0;0
Avesnes-sur-Helpe;50.12;3.93;11/08/2026;10:00;22.1;0;SOLEIL;5;0;0
Avesnes-sur-Helpe;50.12;3.93;11/08/2026;11:00;26.1;0;SOLEIL;3;0;0
Avesnes-sur-Helpe;50.12;3.93;11/08/2026;12:00;26.1;0;SOLEIL;3;0;0
Avesnes-sur-Helpe;50.12;3.93;11/08/2026;13:00;26.1;0;SOLEIL;3;0;0
Avesnes-sur-Helpe;50.12;3.93;11/08/2026;14:00;27.3;0;SOLEIL;5;0;0
Avesnes-sur-Helpe;50.12;3.93;11/08/2026;15:00;28.6;0;SOLEIL;5;0;0
Avesnes-sur-Helpe;50.12;3.93;11/08/2026;16:00;27.3;0;SOLEIL;5;0;0
Avesnes-sur-Helpe;50.12;3.93;11/08/2026;17:00;25.1;0;SOLEIL;4;0;0
Avesnes-sur-Helpe;50.12;3.93;11/08/2026;18:00;25.1;0;SOLEIL;4;0;0
Avesnes-sur-Helpe;50.12;3.93;11/08/2026;19:00;25.1;0;SOLEIL;4;0;0
Avesnes-sur-Helpe;50.12;3.93;11/08/2026;20:00;22.1;0;SOLEIL;5;0;0
Avesnes-sur-Helpe;50.12;3.93;11/08/2026;21:00;20.8;0;SOLEIL;5;0;0
Avesnes-sur-Helpe;50.12;3.93;11/08/2026;22:00;19.5;0;SOLEIL;5;0;0
Avesnes-sur-Helpe;50.12;3.93;11/08/2026;23:00;17.6;0;SOLEIL;5;0;0
Avesnes-sur-Helpe;50.12;3.93;12/08/2026;00:00;17.6;0;SOLEIL;5;0;0
Avesnes-sur-Helpe;50.12;3.93;12/08/2026;01:00;17.6;0;SOLEIL;5;0;0
Avesnes-sur-Helpe;50.12;3.93;12/08/2026;02:00;15.1;0;SOLEIL;5;0;0
Avesnes-sur-Helpe;50.12;3.93;12/08/2026;03:00;15.1;0;SOLEIL;5;0;0
Avesnes-sur-Helpe;50.12;3.93;12/08/2026;04:00;15.1;0;SOLEIL;5;0;0
Avesnes-sur-Helpe;50.12;3.93;12/08/2026;05:00;18.5;0;SOLEIL;4;0;0
Avesnes-sur-Helpe;50.12;3.93;12/08/2026;06:00;18.5;0;SOLEIL;4;0;0
Avesnes-sur-Helpe;50.12;3.93;12/08/2026;07:00;18.5;0;SOLEIL;4;0;0
Avesnes-sur-Helpe;50.12;3.93;12/08/2026;08:00;18.0;0;SOLEIL;5;0;0
Avesnes-sur-Helpe;50.12;3.93;12/08/2026;09:00;19.4;0;SOLEIL;5;0;0
Avesnes-sur-Helpe;50.12;3.93;12/08/2026;10:00;20.8;0;SOLEIL;5;0;0
Avesnes-sur-Helpe;50.12;3.93;12/08/2026;11:00;27.9;0;SOLEIL;3;0;0
Avesnes-sur-Helpe;50.12;3.93;12/08/2026;12:00;27.9;0;SOLEIL;3;0;0
Avesnes-sur-Helpe;50.12;3.93;12/08/2026;13:00;27.9;0;SOLEIL;3;0;0
Avesnes-sur-Helpe;50.12;3.93;12/08/2026;14:00;26.6;0;SOLEIL;5;0;0
Avesnes-sur-Helpe;50.12;3.93;12/08/2026;15:00;28.0;0;SOLEIL;5;0;0
Avesnes-sur-Helpe;50.12;3.93;12/08/2026;16:00;26.6;0;SOLEIL;5;0;0
Avesnes-sur-Helpe;50.12;3.93;12/08/2026;17:00;28.6;0;SOLEIL;1;0;0
Avesnes-sur-Helpe;50.12;3.93;12/08/2026;18:00;28.6;0;SOLEIL;1;0;0
Avesnes-sur-Helpe;50.12;3.93;12/08/2026;19:00;28.6;0;SOLEIL;1;0;0
Avesnes-sur-Helpe;50.12;3.93;12/08/2026;20:00;20.8;0;SOLEIL;5;0;0
Avesnes-sur-Helpe;50.12;3.93;12/08/2026;21:00;19.4;0;SOLEIL;5;0;0
Avesnes-sur-Helpe;50.12;3.93;12/08/2026;22:00;18.0;0;SOLEIL;5;0;0
Avesnes-sur-Helpe;50.12;3.93;12/08/2026;23:00;20.1;0;SOLEIL;3;0;0
Cambrai;50.17;3.23;08/08/2026;00:00;12.6;0;SOLEIL;2;0;0
Cambrai;50.17;3.23;08/08/2026;01:00;12.6;0;SOLEIL;2;0;0
Cambrai;50.17;3.23;08/08/2026;02:00;11.1;0;SOLEIL;3;0;0
Cambrai;50.17;3.23;08/08/2026;03:00;11.1;0;SOLEIL;3;0;0
Cambrai;50.17;3.23;08/08/2026;04:00;11.1;0;SOLEIL;3;0;0
Cambrai;50.17;3.23;08/08/2026;05:00;14.1;0;SOLEIL;3;0;0
Cambrai;50.17;3.23;08/08/2026;06:00;14.1;0;SOLEIL;3;0;0
Cambrai;50.17;3.23;08/08/2026;07:00;14.1;0;SOLEIL;3;0;0
Cambrai;50.17;3.23;08/08/2026;08:00;23.2;0;SOLEIL;3;0;0
Cambrai;50.17;3.23;08/08/2026;09:00;23.2;0;SOLEIL;3;0;0
Cambrai;50.17;3.23;08/08/2026;10:00;23.2;0;SOLEIL;3;0;0
Cambrai;50.17;3.23;08/08/2026;11:00;27.5;0;SOLEIL;2;0;0
Cambrai;50.17;3.23;08/08/2026;12:00;27.5;0;SOLEIL;2;0;0
Cambrai;50.17;3.23;08/08/2026;13:00;27.5;0;SOLEIL;2;0;0
Cambrai;50.17;3.23;08/08/2026;14:00;28.2;5;SOLEIL VOILÉ;2;0;0
Cambrai;50.17;3.23;08/08/2026;15:00;28.2;5;SOLEIL VOILÉ;2;0;0
Cambrai;50.17;3.23;08/08/2026;16:00;28.2;5;SOLEIL VOILÉ;2;0;0
Cambrai;50.17;3.23;08/08/2026;17:00;26.2;5;SOLEIL VOILÉ;2;0;0
Cambrai;50.17;3.23;08/08/2026;18:00;26.2;5;SOLEIL VOILÉ;2;0;0
Cambrai;50.17;3.23;08/08/2026;19:00;26.2;5;SOLEIL VOILÉ;2;0;0
Cambrai;50.17;3.23;08/08/2026;20:00;19.6;0;SOLEIL;2;0;0
Cambrai;50.17;3.23;08/08/2026;21:00;19.6;0;SOLEIL;2;0;0
Cambrai;50.17;3.23;08/08/2026;22:00;19.6;0;SOLEIL;2;0;0
Cambrai;50.17;3.23;08/08/2026;23:00;14;0;SOLEIL;2;0;0
Cambrai;50.17;3.23;09/08/2026;00:00;14;0;SOLEIL;2;0;0
Cambrai;50.17;3.23;09/08/2026;01:00;14;0;SOLEIL;2;0;0
Cambrai;50.17;3.23;09/08/2026;02:00;13.5;0;SOLEIL;1;0;0
Cambrai;50.17;3.23;09/08/2026;03:00;13.5;0;SOLEIL;1;0;0
Cambrai;50.17;3.23;09/08/2026;04:00;13.5;0;SOLEIL;1;0;0
Cambrai;50.17;3.23;09/08/2026;05:00;15.1;5;SOLEIL VOILÉ;1;0;0
Cambrai;50.17;3.23;09/08/2026;06:00;15.1;5;SOLEIL VOILÉ;1;0;0
Cambrai;50.17;3.23;09/08/2026;07:00;15.1;5;SOLEIL VOILÉ;1;0;0
Cambrai;50.17;3.23;09/08/2026;08:00;26;5;SOLEIL VOILÉ;1;0;0
Cambrai;50.17;3.23;09/08/2026;09:00;26;5;SOLEIL VOILÉ;1;0;0
Cambrai;50.17;3.23;09/08/2026;10:00;26;5;SOLEIL VOILÉ;1;0;0
Cambrai;50.17;3.23;09/08/2026;11:00;30.4;0;SOLEIL;3;0;0
Cambrai;50.17;3.23;09/08/2026;12:00;30.4;0;SOLEIL;3;0;0
Cambrai;50.17;3.23;09/08/2026;13:00;30.4;0;SOLEIL;3;0;0
Cambrai;50.17;3.23;09/08/2026;14:00;30.1;0;SOLEIL;3;0;0
Cambrai;50.17;3.23;09/08/2026;15:00;30.1;0;SOLEIL;3;0;0
Cambrai;50.17;3.23;09/08/2026;16:00;30.1;0;SOLEIL;3;0;0
Cambrai;50.17;3.23;09/08/2026;17:00;26.5;0;SOLEIL;2;0;0
Cambrai;50.17;3.23;09/08/2026;18:00;26.5;0;SOLEIL;2;0;0
Cambrai;50.17;3.23;09/08/2026;19:00;26.5;0;SOLEIL;2;0;0
Cambrai;50.17;3.23;09/08/2026;20:00;18.3;0;SOLEIL;5;0;0
Cambrai;50.17;3.23;09/08/2026;21:00;16.2;0;SOLEIL;5;0;0
Cambrai;50.17;3.23;09/08/2026;22:00;14.2;0;SOLEIL;5;0;0
Cambrai;50.17;3.23;09/08/2026;23:00;18.6;0;SOLEIL;3;0;0
Cambrai;50.17;3.23;10/08/2026;00:00;18.6;0;SOLEIL;3;0;0
Cambrai;50.17;3.23;10/08/2026;01:00;18.6;0;SOLEIL;3;0;0
Cambrai;50.17;3.23;10/08/2026;02:00;12.1;0;SOLEIL;5;0;0
Cambrai;50.17;3.23;10/08/2026;03:00;12.1;0;SOLEIL;5;0;0
Cambrai;50.17;3.23;10/08/2026;04:00;12.1;0;SOLEIL;5;0;0
Cambrai;50.17;3.23;10/08/2026;05:00;18.1;0;SOLEIL;3;0;0
Cambrai;50.17;3.23;10/08/2026;06:00;18.1;0;SOLEIL;3;0;0
Cambrai;50.17;3.23;10/08/2026;07:00;18.1;0;SOLEIL;3;0;0
Cambrai;50.17;3.23;10/08/2026;08:00;16.3;0;SOLEIL;5;0;0
Cambrai;50.17;3.23;10/08/2026;09:00;18.4;0;SOLEIL;5;0;0
Cambrai;50.17;3.23;10/08/2026;10:00;20.5;0;SOLEIL;5;0;0
Cambrai;50.17;3.23;10/08/2026;11:00;28.2;0;SOLEIL;4;0;0
Cambrai;50.17;3.23;10/08/2026;12:00;28.2;0;SOLEIL;4;0;0
Cambrai;50.17;3.23;10/08/2026;13:00;28.2;0;SOLEIL;4;0;0
Cambrai;50.17;3.23;10/08/2026;14:00;28.8;0;SOLEIL;5;0;0
Cambrai;50.17;3.23;10/08/2026;15:00;30.9;0;SOLEIL;5;0;0
Cambrai;50.17;3.23;10/08/2026;16:00;28.8;0;SOLEIL;5;0;0
Cambrai;50.17;3.23;10/08/2026;17:00;25.9;0;SOLEIL;5;0;0
Cambrai;50.17;3.23;10/08/2026;18:00;25.9;0;SOLEIL;5;0;0
Cambrai;50.17;3.23;10/08/2026;19:00;25.9;0;SOLEIL;5;0;0
Cambrai;50.17;3.23;10/08/2026;20:00;20.5;0;SOLEIL;5;0;0
Cambrai;50.17;3.23;10/08/2026;21:00;18.4;0;SOLEIL;5;0;0
Cambrai;50.17;3.23;10/08/2026;22:00;16.3;0;SOLEIL;5;0;0
Cambrai;50.17;3.23;10/08/2026;23:00;16.9;0;SOLEIL;3;0;0
Cambrai;50.17;3.23;11/08/2026;00:00;16.9;0;SOLEIL;3;0;0
Cambrai;50.17;3.23;11/08/2026;01:00;16.9;0;SOLEIL;3;0;0
Cambrai;50.17;3.23;11/08/2026;02:00;16.1;0;SOLEIL;5;0;0
Cambrai;50.17;3.23;11/08/2026;03:00;16.1;0;SOLEIL;5;0;0
Cambrai;50.17;3.23;11/08/2026;04:00;16.1;0;SOLEIL;5;0;0
Cambrai;50.17;3.23;11/08/2026;05:00;16.5;0;SOLEIL;3;0;0
Cambrai;50.17;3.23;11/08/2026;06:00;16.5;0;SOLEIL;3;0;0
Cambrai;50.17;3.23;11/08/2026;07:00;16.5;0;SOLEIL;3;0;0
Cambrai;50.17;3.23;11/08/2026;08:00;19.2;0;SOLEIL;5;0;0
Cambrai;50.17;3.23;11/08/2026;09:00;20.7;0;SOLEIL;5;0;0
Cambrai;50.17;3.23;11/08/2026;10:00;22.3;0;SOLEIL;5;0;0
Cambrai;50.17;3.23;11/08/2026;11:00;27.9;0;SOLEIL;4;0;0
Cambrai;50.17;3.23;11/08/2026;12:00;27.9;0;SOLEIL;4;0;0
Cambrai;50.17;3.23;11/08/2026;13:00;27.9;0;SOLEIL;4;0;0
Cambrai;50.17;3.23;11/08/2026;14:00;28.5;0;SOLEIL;5;0;0
Cambrai;50.17;3.23;11/08/2026;15:00;30.0;0;SOLEIL;5;0;0
Cambrai;50.17;3.23;11/08/2026;16:00;28.5;0;SOLEIL;5;0;0
Cambrai;50.17;3.23;11/08/2026;17:00;26.1;0;SOLEIL;4;0;0
Cambrai;50.17;3.23;11/08/2026;18:00;26.1;0;SOLEIL;4;0;0
Cambrai;50.17;3.23;11/08/2026;19:00;26.1;0;SOLEIL;4;0;0
Cambrai;50.17;3.23;11/08/2026;20:00;22.3;0;SOLEIL;5;0;0
Cambrai;50.17;3.23;11/08/2026;21:00;20.7;0;SOLEIL;5;0;0
Cambrai;50.17;3.23;11/08/2026;22:00;19.2;0;SOLEIL;5;0;0
Cambrai;50.17;3.23;11/08/2026;23:00;17.6;0;SOLEIL;4;0;0
Cambrai;50.17;3.23;12/08/2026;00:00;17.6;0;SOLEIL;4;0;0
Cambrai;50.17;3.23;12/08/2026;01:00;17.6;0;SOLEIL;4;0;0
Cambrai;50.17;3.23;12/08/2026;02:00;14.9;0;SOLEIL;5;0;0
Cambrai;50.17;3.23;12/08/2026;03:00;14.9;0;SOLEIL;5;0;0
Cambrai;50.17;3.23;12/08/2026;04:00;14.9;0;SOLEIL;5;0;0
Cambrai;50.17;3.23;12/08/2026;05:00;17.2;0;SOLEIL;3;0;0
Cambrai;50.17;3.23;12/08/2026;06:00;17.2;0;SOLEIL;3;0;0
Cambrai;50.17;3.23;12/08/2026;07:00;17.2;0;SOLEIL;3;0;0
Cambrai;50.17;3.23;12/08/2026;08:00;18.2;0;SOLEIL;5;0;0
Cambrai;50.17;3.23;12/08/2026;09:00;19.8;0;SOLEIL;5;0;0
Cambrai;50.17;3.23;12/08/2026;10:00;21.4;0;SOLEIL;5;0;0
Cambrai;50.17;3.23;12/08/2026;11:00;30;0;SOLEIL;3;0;0
Cambrai;50.17;3.23;12/08/2026;12:00;30;0;SOLEIL;3;0;0
Cambrai;50.17;3.23;12/08/2026;13:00;30;0;SOLEIL;3;0;0
Cambrai;50.17;3.23;12/08/2026;14:00;28.0;0;SOLEIL;5;0;0
Cambrai;50.17;3.23;12/08/2026;15:00;29.6;0;SOLEIL;5;0;0
Cambrai;50.17;3.23;12/08/2026;16:00;28.0;0;SOLEIL;5;0;0
Cambrai;50.17;3.23;12/08/2026;17:00;29.7;0;SOLEIL;3;0;0
Cambrai;50.17;3.23;12/08/2026;18:00;29.7;0;SOLEIL;3;0;0
Cambrai;50.17;3.23;12/08/2026;19:00;29.7;0;SOLEIL;3;0;0
Cambrai;50.17;3.23;12/08/2026;20:00;21.4;0;SOLEIL;5;0;0
Cambrai;50.17;3.23;12/08/2026;21:00;19.8;0;SOLEIL;5;0;0
Cambrai;50.17;3.23;12/08/2026;22:00;18.2;0;SOLEIL;5;0;0
Cambrai;50.17;3.23;12/08/2026;23:00;19.9;0;SOLEIL;3;0;0
Dunkerque;51.03;2.37;08/08/2026;00:00;15.7;0;SOLEIL;2;0;0
Dunkerque;51.03;2.37;08/08/2026;01:00;15.7;0;SOLEIL;2;0;0
Dunkerque;51.03;2.37;08/08/2026;02:00;13.2;0;SOLEIL;2;0;0
Dunkerque;51.03;2.37;08/08/2026;03:00;13.2;0;SOLEIL;2;0;0
Dunkerque;51.03;2.37;08/08/2026;04:00;13.2;0;SOLEIL;2;0;0
Dunkerque;51.03;2.37;08/08/2026;05:00;14.4;0;SOLEIL;2;0;0
Dunkerque;51.03;2.37;08/08/2026;06:00;14.4;0;SOLEIL;2;0;0
Dunkerque;51.03;2.37;08/08/2026;07:00;14.4;0;SOLEIL;2;0;0
Dunkerque;51.03;2.37;08/08/2026;08:00;22.6;0;SOLEIL;3;0;0
Dunkerque;51.03;2.37;08/08/2026;09:00;22.6;0;SOLEIL;3;0;0
Dunkerque;51.03;2.37;08/08/2026;10:00;22.6;0;SOLEIL;3;0;0
Dunkerque;51.03;2.37;08/08/2026;11:00;26.5;0;SOLEIL;3;0;0
Dunkerque;51.03;2.37;08/08/2026;12:00;26.5;0;SOLEIL;3;0;0
Dunkerque;51.03;2.37;08/08/2026;13:00;26.5;0;SOLEIL;3;0;0
Dunkerque;51.03;2.37;08/08/2026;14:00;27.7;5;SOLEIL VOILÉ;2;0;0
Dunkerque;51.03;2.37;08/08/2026;15:00;27.7;5;SOLEIL VOILÉ;2;0;0
Dunkerque;51.03;2.37;08/08/2026;16:00;27.7;5;SOLEIL VOILÉ;2;0;0
Dunkerque;51.03;2.37;08/08/2026;17:00;27.1;5;SOLEIL VOILÉ;2;0;0
Dunkerque;51.03;2.37;08/08/2026;18:00;27.1;5;SOLEIL VOILÉ;2;0;0
Dunkerque;51.03;2.37;08/08/2026;19:00;27.1;5;SOLEIL VOILÉ;2;0;0
Dunkerque;51.03;2.37;08/08/2026;20:00;21.4;0;SOLEIL;2;0;0
Dunkerque;51.03;2.37;08/08/2026;21:00;21.4;0;SOLEIL;2;0;0
Dunkerque;51.03;2.37;08/08/2026;22:00;21.4;0;SOLEIL;2;0;0
Dunkerque;51.03;2.37;08/08/2026;23:00;17.4;0;SOLEIL;1;0;0
Dunkerque;51.03;2.37;09/08/2026;00:00;17.4;0;SOLEIL;1;0;0
Dunkerque;51.03;2.37;09/08/2026;01:00;17.4;0;SOLEIL;1;0;0
Dunkerque;51.03;2.37;09/08/2026;02:00;15.4;0;SOLEIL;0;0;0
Dunkerque;51.03;2.37;09/08/2026;03:00;15.4;0;SOLEIL;0;0;0
Dunkerque;51.03;2.37;09/08/2026;04:00;15.4;0;SOLEIL;0;0;0
Dunkerque;51.03;2.37;09/08/2026;05:00;17.1;0;SOLEIL;1;0;0
Dunkerque;51.03;2.37;09/08/2026;06:00;17.1;0;SOLEIL;1;0;0
Dunkerque;51.03;2.37;09/08/2026;07:00;17.1;0;SOLEIL;1;0;0
Dunkerque;51.03;2.37;09/08/2026;08:00;27.1;0;SOLEIL;0;0;0
Dunkerque;51.03;2.37;09/08/2026;09:00;27.1;0;SOLEIL;0;0;0
Dunkerque;51.03;2.37;09/08/2026;10:00;27.1;0;SOLEIL;0;0;0
Dunkerque;51.03;2.37;09/08/2026;11:00;30.6;0;SOLEIL;2;0;0
Dunkerque;51.03;2.37;09/08/2026;12:00;30.6;0;SOLEIL;2;0;0
Dunkerque;51.03;2.37;09/08/2026;13:00;30.6;0;SOLEIL;2;0;0
Dunkerque;51.03;2.37;09/08/2026;14:00;32.1;0;SOLEIL;3;0;0
Dunkerque;51.03;2.37;09/08/2026;15:00;32.1;0;SOLEIL;3;0;0
Dunkerque;51.03;2.37;09/08/2026;16:00;32.1;0;SOLEIL;3;0;0
Dunkerque;51.03;2.37;09/08/2026;17:00;30;0;SOLEIL;1;0;0
Dunkerque;51.03;2.37;09/08/2026;18:00;30;0;SOLEIL;1;0;0
Dunkerque;51.03;2.37;09/08/2026;19:00;30;0;SOLEIL;1;0;0
Dunkerque;51.03;2.37;09/08/2026;20:00;19.3;0;SOLEIL;5;0;0
Dunkerque;51.03;2.37;09/08/2026;21:00;17.5;0;SOLEIL;5;0;0
Dunkerque;51.03;2.37;09/08/2026;22:00;15.7;0;SOLEIL;5;0;0
Dunkerque;51.03;2.37;09/08/2026;23:00;19.7;0;SOLEIL;3;0;0
Dunkerque;51.03;2.37;10/08/2026;00:00;19.7;0;SOLEIL;3;0;0
Dunkerque;51.03;2.37;10/08/2026;01:00;19.7;0;SOLEIL;3;0;0
Dunkerque;51.03;2.37;10/08/2026;02:00;14.6;0;SOLEIL;5;0;0
Dunkerque;51.03;2.37;10/08/2026;03:00;14.6;0;SOLEIL;5;0;0
Dunkerque;51.03;2.37;10/08/2026;04:00;14.6;0;SOLEIL;5;0;0
Dunkerque;51.03;2.37;10/08/2026;05:00;19.6;0;SOLEIL;3;0;0
Dunkerque;51.03;2.37;10/08/2026;06:00;19.6;0;SOLEIL;3;0;0
Dunkerque;51.03;2.37;10/08/2026;07:00;19.6;0;SOLEIL;3;0;0
Dunkerque;51.03;2.37;10/08/2026;08:00;18.7;0;SOLEIL;5;0;0
Dunkerque;51.03;2.37;10/08/2026;09:00;20.7;0;SOLEIL;5;0;0
Dunkerque;51.03;2.37;10/08/2026;10:00;22.8;0;SOLEIL;5;0;0
Dunkerque;51.03;2.37;10/08/2026;11:00;28.1;0;SOLEIL;4;0;0
Dunkerque;51.03;2.37;10/08/2026;12:00;28.1;0;SOLEIL;4;0;0
Dunkerque;51.03;2.37;10/08/2026;13:00;28.1;0;SOLEIL;4;0;0
Dunkerque;51.03;2.37;10/08/2026;14:00;31.0;0;SOLEIL;5;0;0
Dunkerque;51.03;2.37;10/08/2026;15:00;33.0;0;SOLEIL;5;0;0
Dunkerque;51.03;2.37;10/08/2026;16:00;31.0;0;SOLEIL;5;0;0
Dunkerque;51.03;2.37;10/08/2026;17:00;26.1;0;SOLEIL;4;0;0
Dunkerque;51.03;2.37;10/08/2026;18:00;26.1;0;SOLEIL;4;0;0
Dunkerque;51.03;2.37;10/08/2026;19:00;26.1;0;SOLEIL;4;0;0
Dunkerque;51.03;2.37;10/08/2026;20:00;22.8;0;SOLEIL;5;0;0
Dunkerque;51.03;2.37;10/08/2026;21:00;20.7;0;SOLEIL;5;0;0
Dunkerque;51.03;2.37;10/08/2026;22:00;18.7;0;SOLEIL;5;0;0
Dunkerque;51.03;2.37;10/08/2026;23:00;17.7;0;SOLEIL;3;0;0
Dunkerque;51.03;2.37;11/08/2026;00:00;17.7;0;SOLEIL;3;0;0
Dunkerque;51.03;2.37;11/08/2026;01:00;17.7;0;SOLEIL;3;0;0
Dunkerque;51.03;2.37;11/08/2026;02:00;18.1;0;SOLEIL;5;0;0
Dunkerque;51.03;2.37;11/08/2026;03:00;18.1;0;SOLEIL;5;0;0
Dunkerque;51.03;2.37;11/08/2026;04:00;18.1;0;SOLEIL;5;0;0
Dunkerque;51.03;2.37;11/08/2026;05:00;17.2;0;SOLEIL;3;0;0
Dunkerque;51.03;2.37;11/08/2026;06:00;17.2;0;SOLEIL;3;0;0
Dunkerque;51.03;2.37;11/08/2026;07:00;17.2;0;SOLEIL;3;0;0
Dunkerque;51.03;2.37;11/08/2026;08:00;20.7;0;SOLEIL;5;0;0
Dunkerque;51.03;2.37;11/08/2026;09:00;22.0;0;SOLEIL;5;0;0
Dunkerque;51.03;2.37;11/08/2026;10:00;23.3;0;SOLEIL;5;0;0
Dunkerque;51.03;2.37;11/08/2026;11:00;26.4;0;SOLEIL;3;0;0
Dunkerque;51.03;2.37;11/08/2026;12:00;26.4;0;SOLEIL;3;0;0
Dunkerque;51.03;2.37;11/08/2026;13:00;26.4;0;SOLEIL;3;0;0
Dunkerque;51.03;2.37;11/08/2026;14:00;28.4;0;SOLEIL;5;0;0
Dunkerque;51.03;2.37;11/08/2026;15:00;29.7;0;SOLEIL;5;0;0
Dunkerque;51.03;2.37;11/08/2026;16:00;28.4;0;SOLEIL;5;0;0
Dunkerque;51.03;2.37;11/08/2026;17:00;26.1;0;SOLEIL;4;0;0
Dunkerque;51.03;2.37;11/08/2026;18:00;26.1;0;SOLEIL;4;0;0
Dunkerque;51.03;2.37;11/08/2026;19:00;26.1;0;SOLEIL;4;0;0
Dunkerque;51.03;2.37;11/08/2026;20:00;23.3;0;SOLEIL;5;0;0
Dunkerque;51.03;2.37;11/08/2026;21:00;22.0;0;SOLEIL;5;0;0
Dunkerque;51.03;2.37;11/08/2026;22:00;20.7;0;SOLEIL;5;0;0
Dunkerque;51.03;2.37;11/08/2026;23:00;18.1;0;SOLEIL;3;0;0
Dunkerque;51.03;2.37;12/08/2026;00:00;18.1;0;SOLEIL;3;0;0
Dunkerque;51.03;2.37;12/08/2026;01:00;18.1;0;SOLEIL;3;0;0
Dunkerque;51.03;2.37;12/08/2026;02:00;15.6;0;SOLEIL;5;0;0
Dunkerque;51.03;2.37;12/08/2026;03:00;15.6;0;SOLEIL;5;0;0
Dunkerque;51.03;2.37;12/08/2026;04:00;15.6;0;SOLEIL;5;0;0
Dunkerque;51.03;2.37;12/08/2026;05:00;17.2;0;SOLEIL;3;0;0
Dunkerque;51.03;2.37;12/08/2026;06:00;17.2;0;SOLEIL;3;0;0
Dunkerque;51.03;2.37;12/08/2026;07:00;17.2;0;SOLEIL;3;0;0
Dunkerque;51.03;2.37;12/08/2026;08:00;18.4;0;SOLEIL;5;0;0
Dunkerque;51.03;2.37;12/08/2026;09:00;19.8;0;SOLEIL;5;0;0
Dunkerque;51.03;2.37;12/08/2026;10:00;21.2;0;SOLEIL;5;0;0
Dunkerque;51.03;2.37;12/08/2026;11:00;28.9;0;SOLEIL;3;0;0
Dunkerque;51.03;2.37;12/08/2026;12:00;28.9;0;SOLEIL;3;0;0
Dunkerque;51.03;2.37;12/08/2026;13:00;28.9;0;SOLEIL;3;0;0
Dunkerque;51.03;2.37;12/08/2026;14:00;26.8;0;SOLEIL;5;0;0
Dunkerque;51.03;2.37;12/08/2026;15:00;28.2;0;SOLEIL;5;0;0
Dunkerque;51.03;2.37;12/08/2026;16:00;26.8;0;SOLEIL;5;0;0
Dunkerque;51.03;2.37;12/08/2026;17:00;29.7;0;SOLEIL;2;0;0
Dunkerque;51.03;2.37;12/08/2026;18:00;29.7;0;SOLEIL;2;0;0
Dunkerque;51.03;2.37;12/08/2026;19:00;29.7;0;SOLEIL;2;0;0
Dunkerque;51.03;2.37;12/08/2026;20:00;21.2;0;SOLEIL;5;0;0
Dunkerque;51.03;2.37;12/08/2026;21:00;19.8;0;SOLEIL;5;0;0
Dunkerque;51.03;2.37;12/08/2026;22:00;18.4;0;SOLEIL;5;0;0
Dunkerque;51.03;2.37;12/08/2026;23:00;20.9;0;SOLEIL;2;0;0
Hazebrouck;50.72;2.53;08/08/2026;00:00;17.5;0;SOLEIL;3;0;0
Hazebrouck;50.72;2.53;08/08/2026;01:00;17.5;0;SOLEIL;3;0;0
Hazebrouck;50.72;2.53;08/08/2026;02:00;15.6;0;SOLEIL;2;0;0
Hazebrouck;50.72;2.53;08/08/2026;03:00;15.6;0;SOLEIL;2;0;0
Hazebrouck;50.72;2.53;08/08/2026;04:00;15.6;0;SOLEIL;2;0;0
Hazebrouck;50.72;2.53;08/08/2026;05:00;16.1;0;SOLEIL;3;0;0
Hazebrouck;50.72;2.53;08/08/2026;06:00;16.1;0;SOLEIL;3;0;0
Hazebrouck;50.72;2.53;08/08/2026;07:00;16.1;0;SOLEIL;3;0;0
Hazebrouck;50.72;2.53;08/08/2026;08:00;22.1;0;SOLEIL;2;0;0
Hazebrouck;50.72;2.53;08/08/2026;09:00;22.1;0;SOLEIL;2;0;0
Hazebrouck;50.72;2.53;08/08/2026;10:00;22.1;0;SOLEIL;2;0;0
Hazebrouck;50.72;2.53;08/08/2026;11:00;24.6;5;SOLEIL VOILÉ;3;0;0
Hazebrouck;50.72;2.53;08/08/2026;12:00;24.6;5;SOLEIL VOILÉ;3;0;0
Hazebrouck;50.72;2.53;08/08/2026;13:00;24.6;5;SOLEIL VOILÉ;3;0;0
Hazebrouck;50.72;2.53;08/08/2026;14:00;24.2;5;SOLEIL VOILÉ;4;0;0
Hazebrouck;50.72;2.53;08/08/2026;15:00;24.2;5;SOLEIL VOILÉ;4;0;0
Hazebrouck;50.72;2.53;08/08/2026;16:00;24.2;5;SOLEIL VOILÉ;4;0;0
Hazebrouck;50.72;2.53;08/08/2026;17:00;22.9;5;SOLEIL VOILÉ;5;0;0
Hazebrouck;50.72;2.53;08/08/2026;18:00;22.9;5;SOLEIL VOILÉ;5;0;0
Hazebrouck;50.72;2.53;08/08/2026;19:00;22.9;5;SOLEIL VOILÉ;5;0;0
Hazebrouck;50.72;2.53;08/08/2026;20:00;20.9;0;SOLEIL;4;0;0
Hazebrouck;50.72;2.53;08/08/2026;21:00;20.9;0;SOLEIL;4;0;0
Hazebrouck;50.72;2.53;08/08/2026;22:00;20.9;0;SOLEIL;4;0;0
Hazebrouck;50.72;2.53;08/08/2026;23:00;19.5;0;SOLEIL;3;0;0
Hazebrouck;50.72;2.53;09/08/2026;00:00;19.5;0;SOLEIL;3;0;0
Hazebrouck;50.72;2.53;09/08/2026;01:00;19.5;0;SOLEIL;3;0;0
Hazebrouck;50.72;2.53;09/08/2026;02:00;18.1;0;SOLEIL;2;0;0
Hazebrouck;50.72;2.53;09/08/2026;03:00;18.1;0;SOLEIL;2;0;0
Hazebrouck;50.72;2.53;09/08/2026;04:00;18.1;0;SOLEIL;2;0;0
Hazebrouck;50.72;2.53;09/08/2026;05:00;18.9;0;SOLEIL;2;0;0
Hazebrouck;50.72;2.53;09/08/2026;06:00;18.9;0;SOLEIL;2;0;0
Hazebrouck;50.72;2.53;09/08/2026;07:00;18.9;0;SOLEIL;2;0;0
Hazebrouck;50.72;2.53;09/08/2026;08:00;24.9;0;SOLEIL;2;0;0
Hazebrouck;50.72;2.53;09/08/2026;09:00;24.9;0;SOLEIL;2;0;0
Hazebrouck;50.72;2.53;09/08/2026;10:00;24.9;0;SOLEIL;2;0;0
Hazebrouck;50.72;2.53;09/08/2026;11:00;25.6;0;SOLEIL;3;0;0
Hazebrouck;50.72;2.53;09/08/2026;12:00;25.6;0;SOLEIL;3;0;0
Hazebrouck;50.72;2.53;09/08/2026;13:00;25.6;0;SOLEIL;3;0;0
Hazebrouck;50.72;2.53;09/08/2026;14:00;25.9;0;SOLEIL;3;0;0
Hazebrouck;50.72;2.53;09/08/2026;15:00;25.9;0;SOLEIL;3;0;0
Hazebrouck;50.72;2.53;09/08/2026;16:00;25.9;0;SOLEIL;3;0;0
Hazebrouck;50.72;2.53;09/08/2026;17:00;24.4;0;SOLEIL;2;0;0
Hazebrouck;50.72;2.53;09/08/2026;18:00;24.4;0;SOLEIL;2;0;0
Hazebrouck;50.72;2.53;09/08/2026;19:00;24.4;0;SOLEIL;2;0;0
Hazebrouck;50.72;2.53;09/08/2026;20:00;19.5;0;SOLEIL;5;0;0
Hazebrouck;50.72;2.53;09/08/2026;21:00;18.4;0;SOLEIL;5;0;0
Hazebrouck;50.72;2.53;09/08/2026;22:00;17.3;0;SOLEIL;5;0;0
Hazebrouck;50.72;2.53;09/08/2026;23:00;20.4;0;SOLEIL;4;0;0
Hazebrouck;50.72;2.53;10/08/2026;00:00;20.4;0;SOLEIL;4;0;0
Hazebrouck;50.72;2.53;10/08/2026;01:00;20.4;0;SOLEIL;4;0;0
Hazebrouck;50.72;2.53;10/08/2026;02:00;17.5;0;SOLEIL;5;0;0
Hazebrouck;50.72;2.53;10/08/2026;03:00;17.5;0;SOLEIL;5;0;0
Hazebrouck;50.72;2.53;10/08/2026;04:00;17.5;0;SOLEIL;5;0;0
Hazebrouck;50.72;2.53;10/08/2026;05:00;20.5;0;SOLEIL;4;0;0
Hazebrouck;50.72;2.53;10/08/2026;06:00;20.5;0;SOLEIL;4;0;0
Hazebrouck;50.72;2.53;10/08/2026;07:00;20.5;0;SOLEIL;4;0;0
Hazebrouck;50.72;2.53;10/08/2026;08:00;19.5;0;SOLEIL;5;0;0
Hazebrouck;50.72;2.53;10/08/2026;09:00;20.6;0;SOLEIL;5;0;0
Hazebrouck;50.72;2.53;10/08/2026;10:00;21.6;0;SOLEIL;5;0;0
Hazebrouck;50.72;2.53;10/08/2026;11:00;23.1;0;SOLEIL;4;0;0
Hazebrouck;50.72;2.53;10/08/2026;12:00;23.1;0;SOLEIL;4;0;0
Hazebrouck;50.72;2.53;10/08/2026;13:00;23.1;0;SOLEIL;4;0;0
Hazebrouck;50.72;2.53;10/08/2026;14:00;25.7;0;SOLEIL;5;0;0
Hazebrouck;50.72;2.53;10/08/2026;15:00;26.7;0;SOLEIL;5;0;0
Hazebrouck;50.72;2.53;10/08/2026;16:00;25.7;0;SOLEIL;5;0;0
Hazebrouck;50.72;2.53;10/08/2026;17:00;21.6;0;SOLEIL;4;0;0
Hazebrouck;50.72;2.53;10/08/2026;18:00;21.6;0;SOLEIL;4;0;0
Hazebrouck;50.72;2.53;10/08/2026;19:00;21.6;0;SOLEIL;4;0;0
Hazebrouck;50.72;2.53;10/08/2026;20:00;21.6;0;SOLEIL;5;0;0
Hazebrouck;50.72;2.53;10/08/2026;21:00;20.6;0;SOLEIL;5;0;0
Hazebrouck;50.72;2.53;10/08/2026;22:00;19.5;0;SOLEIL;5;0;0
Hazebrouck;50.72;2.53;10/08/2026;23:00;18.6;0;SOLEIL;3;0;0
Hazebrouck;50.72;2.53;11/08/2026;00:00;18.6;0;SOLEIL;3;0;0
Hazebrouck;50.72;2.53;11/08/2026;01:00;18.6;0;SOLEIL;3;0;0
Hazebrouck;50.72;2.53;11/08/2026;02:00;19.1;0;SOLEIL;5;0;0
Hazebrouck;50.72;2.53;11/08/2026;03:00;19.1;0;SOLEIL;5;0;0
Hazebrouck;50.72;2.53;11/08/2026;04:00;19.1;0;SOLEIL;5;0;0
Hazebrouck;50.72;2.53;11/08/2026;05:00;18.6;0;SOLEIL;3;0;0
Hazebrouck;50.72;2.53;11/08/2026;06:00;18.6;0;SOLEIL;3;0;0
Hazebrouck;50.72;2.53;11/08/2026;07:00;18.6;0;SOLEIL;3;0;0
Hazebrouck;50.72;2.53;11/08/2026;08:00;20.1;0;SOLEIL;5;0;0
Hazebrouck;50.72;2.53;11/08/2026;09:00;20.6;0;SOLEIL;5;0;0
Hazebrouck;50.72;2.53;11/08/2026;10:00;21.1;0;SOLEIL;5;0;0
Hazebrouck;50.72;2.53;11/08/2026;11:00;24.9;0;SOLEIL;5;11;0
Hazebrouck;50.72;2.53;11/08/2026;12:00;24.9;0;SOLEIL;5;11;0
Hazebrouck;50.72;2.53;11/08/2026;13:00;24.9;0;SOLEIL;5;11;0
Hazebrouck;50.72;2.53;11/08/2026;14:00;23.2;0;SOLEIL;5;0;0
Hazebrouck;50.72;2.53;11/08/2026;15:00;23.7;0;SOLEIL;5;0;0
Hazebrouck;50.72;2.53;11/08/2026;16:00;23.2;0;SOLEIL;5;0;0
Hazebrouck;50.72;2.53;11/08/2026;17:00;21.9;0;SOLEIL;6;13;0
Hazebrouck;50.72;2.53;11/08/2026;18:00;21.9;0;SOLEIL;6;13;0
Hazebrouck;50.72;2.53;11/08/2026;19:00;21.9;0;SOLEIL;6;13;0
Hazebrouck;50.72;2.53;11/08/2026;20:00;21.1;0;SOLEIL;5;0;0
Hazebrouck;50.72;2.53;11/08/2026;21:00;20.6;0;SOLEIL;5;0;0
Hazebrouck;50.72;2.53;11/08/2026;22:00;20.1;0;SOLEIL;5;0;0
Hazebrouck;50.72;2.53;11/08/2026;23:00;21;0;SOLEIL;5;11;0
Hazebrouck;50.72;2.53;12/08/2026;00:00;21;0;SOLEIL;5;11;0
Hazebrouck;50.72;2.53;12/08/2026;01:00;21;0;SOLEIL;5;11;0
Hazebrouck;50.72;2.53;12/08/2026;02:00;17.1;0;SOLEIL;5;0;0
Hazebrouck;50.72;2.53;12/08/2026;03:00;17.1;0;SOLEIL;5;0;0
Hazebrouck;50.72;2.53;12/08/2026;04:00;17.1;0;SOLEIL;5;0;0
Hazebrouck;50.72;2.53;12/08/2026;05:00;18.6;0;SOLEIL;4;0;0
Hazebrouck;50.72;2.53;12/08/2026;06:00;18.6;0;SOLEIL;4;0;0
Hazebrouck;50.72;2.53;12/08/2026;07:00;18.6;0;SOLEIL;4;0;0
Hazebrouck;50.72;2.53;12/08/2026;08:00;19.1;0;SOLEIL;5;0;0
Hazebrouck;50.72;2.53;12/08/2026;09:00;20.0;0;SOLEIL;5;0;0
Hazebrouck;50.72;2.53;12/08/2026;10:00;21.0;0;SOLEIL;5;0;0
Hazebrouck;50.72;2.53;12/08/2026;11:00;27.2;0;SOLEIL;4;0;0
Hazebrouck;50.72;2.53;12/08/2026;12:00;27.2;0;SOLEIL;4;0;0
Hazebrouck;50.72;2.53;12/08/2026;13:00;27.2;0;SOLEIL;4;0;0
Hazebrouck;50.72;2.53;12/08/2026;14:00;24.9;0;SOLEIL;5;0;0
Hazebrouck;50.72;2.53;12/08/2026;15:00;25.9;0;SOLEIL;5;0;0
Hazebrouck;50.72;2.53;12/08/2026;16:00;24.9;0;SOLEIL;5;0;0
Hazebrouck;50.72;2.53;12/08/2026;17:00;26.6;0;SOLEIL;4;0;0
Hazebrouck;50.72;2.53;12/08/2026;18:00;26.6;0;SOLEIL;4;0;0
Hazebrouck;50.72;2.53;12/08/2026;19:00;26.6;0;SOLEIL;4;0;0
Hazebrouck;50.72;2.53;12/08/2026;20:00;21.0;0;SOLEIL;5;0;0
Hazebrouck;50.72;2.53;12/08/2026;21:00;20.0;0;SOLEIL;5;0;0
Hazebrouck;50.72;2.53;12/08/2026;22:00;19.1;0;SOLEIL;5;0;0
Hazebrouck;50.72;2.53;12/08/2026;23:00;22.4;0;SOLEIL;4;0;0
Lille;50.62;3.05;08/08/2026;00:00;16.1;0;SOLEIL;2;0;0
Lille;50.62;3.05;08/08/2026;01:00;16.1;0;SOLEIL;2;0;0
Lille;50.62;3.05;08/08/2026;02:00;14.1;0;SOLEIL;2;0;0
Lille;50.62;3.05;08/08/2026;03:00;14.1;0;SOLEIL;2;0;0
Lille;50.62;3.05;08/08/2026;04:00;14.1;0;SOLEIL;2;0;0
Lille;50.62;3.05;08/08/2026;05:00;15.6;0;SOLEIL;2;0;0
Lille;50.62;3.05;08/08/2026;06:00;15.6;0;SOLEIL;2;0;0
Lille;50.62;3.05;08/08/2026;07:00;15.6;0;SOLEIL;2;0;0
Lille;50.62;3.05;08/08/2026;08:00;23.1;5;SOLEIL VOILÉ;2;0;0
Lille;50.62;3.05;08/08/2026;09:00;23.1;5;SOLEIL VOILÉ;2;0;0
Lille;50.62;3.05;08/08/2026;10:00;23.1;5;SOLEIL VOILÉ;2;0;0
Lille;50.62;3.05;08/08/2026;11:00;26.6;0;SOLEIL;3;0;0
Lille;50.62;3.05;08/08/2026;12:00;26.6;0;SOLEIL;3;0;0
Lille;50.62;3.05;08/08/2026;13:00;26.6;0;SOLEIL;3;0;0
Lille;50.62;3.05;08/08/2026;14:00;27.9;5;SOLEIL VOILÉ;2;0;0
Lille;50.62;3.05;08/08/2026;15:00;27.9;5;SOLEIL VOILÉ;2;0;0
Lille;50.62;3.05;08/08/2026;16:00;27.9;5;SOLEIL VOILÉ;2;0;0
Lille;50.62;3.05;08/08/2026;17:00;26;5;SOLEIL VOILÉ;2;0;0
Lille;50.62;3.05;08/08/2026;18:00;26;5;SOLEIL VOILÉ;2;0;0
Lille;50.62;3.05;08/08/2026;19:00;26;5;SOLEIL VOILÉ;2;0;0
Lille;50.62;3.05;08/08/2026;20:00;20.5;0;SOLEIL;2;0;0
Lille;50.62;3.05;08/08/2026;21:00;20.5;0;SOLEIL;2;0;0
Lille;50.62;3.05;08/08/2026;22:00;20.5;0;SOLEIL;2;0;0
Lille;50.62;3.05;08/08/2026;23:00;17.6;0;SOLEIL;2;0;0
Lille;50.62;3.05;09/08/2026;00:00;17.6;0;SOLEIL;2;0;0
Lille;50.62;3.05;09/08/2026;01:00;17.6;0;SOLEIL;2;0;0
Lille;50.62;3.05;09/08/2026;02:00;15.1;0;SOLEIL;1;0;0
Lille;50.62;3.05;09/08/2026;03:00;15.1;0;SOLEIL;1;0;0
Lille;50.62;3.05;09/08/2026;04:00;15.1;0;SOLEIL;1;0;0
Lille;50.62;3.05;09/08/2026;05:00;17.1;0;SOLEIL;0;0;0
Lille;50.62;3.05;09/08/2026;06:00;17.1;0;SOLEIL;0;0;0
Lille;50.62;3.05;09/08/2026;07:00;17.1;0;SOLEIL;0;0;0
Lille;50.62;3.05;09/08/2026;08:00;26.5;0;SOLEIL;1;0;0
Lille;50.62;3.05;09/08/2026;09:00;26.5;0;SOLEIL;1;0;0
Lille;50.62;3.05;09/08/2026;10:00;26.5;0;SOLEIL;1;0;0
Lille;50.62;3.05;09/08/2026;11:00;30.7;0;SOLEIL;3;0;0
Lille;50.62;3.05;09/08/2026;12:00;30.7;0;SOLEIL;3;0;0
Lille;50.62;3.05;09/08/2026;13:00;30.7;0;SOLEIL;3;0;0
Lille;50.62;3.05;09/08/2026;14:00;31.9;0;SOLEIL;3;0;0
Lille;50.62;3.05;09/08/2026;15:00;31.9;0;SOLEIL;3;0;0
Lille;50.62;3.05;09/08/2026;16:00;31.9;0;SOLEIL;3;0;0
Lille;50.62;3.05;09/08/2026;17:00;27.1;0;SOLEIL;4;0;0
Lille;50.62;3.05;09/08/2026;18:00;27.1;0;SOLEIL;4;0;0
Lille;50.62;3.05;09/08/2026;19:00;27.1;0;SOLEIL;4;0;0
Lille;50.62;3.05;09/08/2026;20:00;19.8;0;SOLEIL;5;0;0
Lille;50.62;3.05;09/08/2026;21:00;18.2;0;SOLEIL;5;0;0
Lille;50.62;3.05;09/08/2026;22:00;16.5;0;SOLEIL;5;0;0
Lille;50.62;3.05;09/08/2026;23:00;18.7;0;SOLEIL;4;0;0
Lille;50.62;3.05;10/08/2026;00:00;18.7;0;SOLEIL;4;0;0
Lille;50.62;3.05;10/08/2026;01:00;18.7;0;SOLEIL;4;0;0
Lille;50.62;3.05;10/08/2026;02:00;14.6;0;SOLEIL;5;0;0
Lille;50.62;3.05;10/08/2026;03:00;14.6;0;SOLEIL;5;0;0
Lille;50.62;3.05;10/08/2026;04:00;14.6;0;SOLEIL;5;0;0
Lille;50.62;3.05;10/08/2026;05:00;20;0;SOLEIL;3;0;0
Lille;50.62;3.05;10/08/2026;06:00;20;0;SOLEIL;3;0;0
Lille;50.62;3.05;10/08/2026;07:00;20;0;SOLEIL;3;0;0
Lille;50.62;3.05;10/08/2026;08:00;18.6;0;SOLEIL;5;0;0
Lille;50.62;3.05;10/08/2026;09:00;20.6;0;SOLEIL;5;0;0
Lille;50.62;3.05;10/08/2026;10:00;22.6;0;SOLEIL;5;0;0
Lille;50.62;3.05;10/08/2026;11:00;26.9;0;SOLEIL;4;0;0
Lille;50.62;3.05;10/08/2026;12:00;26.9;0;SOLEIL;4;0;0
Lille;50.62;3.05;10/08/2026;13:00;26.9;0;SOLEIL;4;0;0
Lille;50.62;3.05;10/08/2026;14:00;30.6;0;SOLEIL;5;0;0
Lille;50.62;3.05;10/08/2026;15:00;32.6;0;SOLEIL;5;0;0
Lille;50.62;3.05;10/08/2026;16:00;30.6;0;SOLEIL;5;0;0
Lille;50.62;3.05;10/08/2026;17:00;24.6;0;SOLEIL;3;0;0
Lille;50.62;3.05;10/08/2026;18:00;24.6;0;SOLEIL;3;0;0
Lille;50.62;3.05;10/08/2026;19:00;24.6;0;SOLEIL;3;0;0
Lille;50.62;3.05;10/08/2026;20:00;22.6;0;SOLEIL;5;0;0
Lille;50.62;3.05;10/08/2026;21:00;20.6;0;SOLEIL;5;0;0
Lille;50.62;3.05;10/08/2026;22:00;18.6;0;SOLEIL;5;0;0
Lille;50.62;3.05;10/08/2026;23:00;17.6;0;SOLEIL;3;0;0
Lille;50.62;3.05;11/08/2026;00:00;17.6;0;SOLEIL;3;0;0
Lille;50.62;3.05;11/08/2026;01:00;17.6;0;SOLEIL;3;0;0
Lille;50.62;3.05;11/08/2026;02:00;18.1;0;SOLEIL;5;0;0
Lille;50.62;3.05;11/08/2026;03:00;18.1;0;SOLEIL;5;0;0
Lille;50.62;3.05;11/08/2026;04:00;18.1;0;SOLEIL;5;0;0
Lille;50.62;3.05;11/08/2026;05:00;17.4;0;SOLEIL;3;0;0
Lille;50.62;3.05;11/08/2026;06:00;17.4;0;SOLEIL;3;0;0
Lille;50.62;3.05;11/08/2026;07:00;17.4;0;SOLEIL;3;0;0
Lille;50.62;3.05;11/08/2026;08:00;20.2;0;SOLEIL;5;0;0
Lille;50.62;3.05;11/08/2026;09:00;21.3;0;SOLEIL;5;0;0
Lille;50.62;3.05;11/08/2026;10:00;22.4;0;SOLEIL;5;0;0
Lille;50.62;3.05;11/08/2026;11:00;27;0;SOLEIL;4;0;0
Lille;50.62;3.05;11/08/2026;12:00;27;0;SOLEIL;4;0;0
Lille;50.62;3.05;11/08/2026;13:00;27;0;SOLEIL;4;0;0
Lille;50.62;3.05;11/08/2026;14:00;26.6;0;SOLEIL;5;0;0
Lille;50.62;3.05;11/08/2026;15:00;27.7;0;SOLEIL;5;0;0
Lille;50.62;3.05;11/08/2026;16:00;26.6;0;SOLEIL;5;0;0
Lille;50.62;3.05;11/08/2026;17:00;25.5;0;SOLEIL;5;0;0
Lille;50.62;3.05;11/08/2026;18:00;25.5;0;SOLEIL;5;0;0
Lille;50.62;3.05;11/08/2026;19:00;25.5;0;SOLEIL;5;0;0
Lille;50.62;3.05;11/08/2026;20:00;22.4;0;SOLEIL;5;0;0
Lille;50.62;3.05;11/08/2026;21:00;21.3;0;SOLEIL;5;0;0
Lille;50.62;3.05;11/08/2026;22:00;20.2;0;SOLEIL;5;0;0
Lille;50.62;3.05;11/08/2026;23:00;18.6;0;SOLEIL;4;0;0
Lille;50.62;3.05;12/08/2026;00:00;18.6;0;SOLEIL;4;0;0
Lille;50.62;3.05;12/08/2026;01:00;18.6;0;SOLEIL;4;0;0
Lille;50.62;3.05;12/08/2026;02:00;15.6;0;SOLEIL;5;0;0
Lille;50.62;3.05;12/08/2026;03:00;15.6;0;SOLEIL;5;0;0
Lille;50.62;3.05;12/08/2026;04:00;15.6;0;SOLEIL;5;0;0
Lille;50.62;3.05;12/08/2026;05:00;17.9;0;SOLEIL;3;0;0
Lille;50.62;3.05;12/08/2026;06:00;17.9;0;SOLEIL;3;0;0
Lille;50.62;3.05;12/08/2026;07:00;17.9;0;SOLEIL;3;0;0
Lille;50.62;3.05;12/08/2026;08:00;18.4;0;SOLEIL;5;0;0
Lille;50.62;3.05;12/08/2026;09:00;19.9;0;SOLEIL;5;0;0
Lille;50.62;3.05;12/08/2026;10:00;21.3;0;SOLEIL;5;0;0
Lille;50.62;3.05;12/08/2026;11:00;29.6;0;SOLEIL;3;0;0
Lille;50.62;3.05;12/08/2026;12:00;29.6;0;SOLEIL;3;0;0
Lille;50.62;3.05;12/08/2026;13:00;29.6;0;SOLEIL;3;0;0
Lille;50.62;3.05;12/08/2026;14:00;27.0;0;SOLEIL;5;0;0
Lille;50.62;3.05;12/08/2026;15:00;28.4;0;SOLEIL;5;0;0
Lille;50.62;3.05;12/08/2026;16:00;27.0;0;SOLEIL;5;0;0
Lille;50.62;3.05;12/08/2026;17:00;29.7;0;SOLEIL;3;0;0
Lille;50.62;3.05;12/08/2026;18:00;29.7;0;SOLEIL;3;0;0
Lille;50.62;3.05;12/08/2026;19:00;29.7;0;SOLEIL;3;0;0
Lille;50.62;3.05;12/08/2026;20:00;21.3;0;SOLEIL;5;0;0
Lille;50.62;3.05;12/08/2026;21:00;19.9;0;SOLEIL;5;0;0
Lille;50.62;3.05;12/08/2026;22:00;18.4;0;SOLEIL;5;0;0
Lille;50.62;3.05;12/08/2026;23:00;21.7;0;SOLEIL;3;0;0
Valenciennes;50.36;3.52;08/08/2026;00:00;14.9;0;SOLEIL;2;0;0
Valenciennes;50.36;3.52;08/08/2026;01:00;14.9;0;SOLEIL;2;0;0
Valenciennes;50.36;3.52;08/08/2026;02:00;12.2;0;SOLEIL;2;0;0
Valenciennes;50.36;3.52;08/08/2026;03:00;12.2;0;SOLEIL;2;0;0
Valenciennes;50.36;3.52;08/08/2026;04:00;12.2;0;SOLEIL;2;0;0
Valenciennes;50.36;3.52;08/08/2026;05:00;13.9;0;SOLEIL;2;0;0
Valenciennes;50.36;3.52;08/08/2026;06:00;13.9;0;SOLEIL;2;0;0
Valenciennes;50.36;3.52;08/08/2026;07:00;13.9;0;SOLEIL;2;0;0
Valenciennes;50.36;3.52;08/08/2026;08:00;23;0;SOLEIL;3;0;0
Valenciennes;50.36;3.52;08/08/2026;09:00;23;0;SOLEIL;3;0;0
Valenciennes;50.36;3.52;08/08/2026;10:00;23;0;SOLEIL;3;0;0
Valenciennes;50.36;3.52;08/08/2026;11:00;26.5;0;SOLEIL;3;0;0
Valenciennes;50.36;3.52;08/08/2026;12:00;26.5;0;SOLEIL;3;0;0
Valenciennes;50.36;3.52;08/08/2026;13:00;26.5;0;SOLEIL;3;0;0
Valenciennes;50.36;3.52;08/08/2026;14:00;27.1;5;SOLEIL VOILÉ;2;0;0
Valenciennes;50.36;3.52;08/08/2026;15:00;27.1;5;SOLEIL VOILÉ;2;0;0
Valenciennes;50.36;3.52;08/08/2026;16:00;27.1;5;SOLEIL VOILÉ;2;0;0
Valenciennes;50.36;3.52;08/08/2026;17:00;26.9;5;SOLEIL VOILÉ;2;0;0
Valenciennes;50.36;3.52;08/08/2026;18:00;26.9;5;SOLEIL VOILÉ;2;0;0
Valenciennes;50.36;3.52;08/08/2026;19:00;26.9;5;SOLEIL VOILÉ;2;0;0
Valenciennes;50.36;3.52;08/08/2026;20:00;20.7;0;SOLEIL;2;0;0
Valenciennes;50.36;3.52;08/08/2026;21:00;20.7;0;SOLEIL;2;0;0
Valenciennes;50.36;3.52;08/08/2026;22:00;20.7;0;SOLEIL;2;0;0
Valenciennes;50.36;3.52;08/08/2026;23:00;16.1;0;SOLEIL;2;0;0
Valenciennes;50.36;3.52;09/08/2026;00:00;16.1;0;SOLEIL;2;0;0
Valenciennes;50.36;3.52;09/08/2026;01:00;16.1;0;SOLEIL;2;0;0
Valenciennes;50.36;3.52;09/08/2026;02:00;12.7;0;SOLEIL;1;0;0
Valenciennes;50.36;3.52;09/08/2026;03:00;12.7;0;SOLEIL;1;0;0
Valenciennes;50.36;3.52;09/08/2026;04:00;12.7;0;SOLEIL;1;0;0
Valenciennes;50.36;3.52;09/08/2026;05:00;15.1;0;SOLEIL;0;0;0
Valenciennes;50.36;3.52;09/08/2026;06:00;15.1;0;SOLEIL;0;0;0
Valenciennes;50.36;3.52;09/08/2026;07:00;15.1;0;SOLEIL;0;0;0
Valenciennes;50.36;3.52;09/08/2026;08:00;26;5;SOLEIL VOILÉ;0;0;0
Valenciennes;50.36;3.52;09/08/2026;09:00;26;5;SOLEIL VOILÉ;0;0;0
Valenciennes;50.36;3.52;09/08/2026;10:00;26;5;SOLEIL VOILÉ;0;0;0
Valenciennes;50.36;3.52;09/08/2026;11:00;30.1;0;SOLEIL;2;0;0
Valenciennes;50.36;3.52;09/08/2026;12:00;30.1;0;SOLEIL;2;0;0
Valenciennes;50.36;3.52;09/08/2026;13:00;30.1;0;SOLEIL;2;0;0
Valenciennes;50.36;3.52;09/08/2026;14:00;31.7;0;SOLEIL;3;0;0
Valenciennes;50.36;3.52;09/08/2026;15:00;31.7;0;SOLEIL;3;0;0
Valenciennes;50.36;3.52;09/08/2026;16:00;31.7;0;SOLEIL;3;0;0
Valenciennes;50.36;3.52;09/08/2026;17:00;31.1;0;SOLEIL;2;0;0
Valenciennes;50.36;3.52;09/08/2026;18:00;31.1;0;SOLEIL;2;0;0
Valenciennes;50.36;3.52;09/08/2026;19:00;31.1;0;SOLEIL;2;0;0
Valenciennes;50.36;3.52;09/08/2026;20:00;18.6;0;SOLEIL;5;0;0
Valenciennes;50.36;3.52;09/08/2026;21:00;16.7;0;SOLEIL;5;0;0
Valenciennes;50.36;3.52;09/08/2026;22:00;14.8;0;SOLEIL;5;0;0
Valenciennes;50.36;3.52;09/08/2026;23:00;19.2;0;SOLEIL;3;0;0
Valenciennes;50.36;3.52;10/08/2026;00:00;19.2;0;SOLEIL;3;0;0
Valenciennes;50.36;3.52;10/08/2026;01:00;19.2;0;SOLEIL;3;0;0
Valenciennes;50.36;3.52;10/08/2026;02:00;12.4;0;SOLEIL;5;0;0
Valenciennes;50.36;3.52;10/08/2026;03:00;12.4;0;SOLEIL;5;0;0
Valenciennes;50.36;3.52;10/08/2026;04:00;12.4;0;SOLEIL;5;0;0
Valenciennes;50.36;3.52;10/08/2026;05:00;19.1;0;SOLEIL;3;0;0
Valenciennes;50.36;3.52;10/08/2026;06:00;19.1;0;SOLEIL;3;0;0
Valenciennes;50.36;3.52;10/08/2026;07:00;19.1;0;SOLEIL;3;0;0
Valenciennes;50.36;3.52;10/08/2026;08:00;17.0;0;SOLEIL;5;0;0
Valenciennes;50.36;3.52;10/08/2026;09:00;19.3;0;SOLEIL;5;0;0
Valenciennes;50.36;3.52;10/08/2026;10:00;21.6;0;SOLEIL;5;0;0
Valenciennes;50.36;3.52;10/08/2026;11:00;27.5;0;SOLEIL;4;0;0
Valenciennes;50.36;3.52;10/08/2026;12:00;27.5;0;SOLEIL;4;0;0
Valenciennes;50.36;3.52;10/08/2026;13:00;27.5;0;SOLEIL;4;0;0
Valenciennes;50.36;3.52;10/08/2026;14:00;30.8;0;SOLEIL;5;0;0
Valenciennes;50.36;3.52;10/08/2026;15:00;33.1;0;SOLEIL;5;0;0
Valenciennes;50.36;3.52;10/08/2026;16:00;30.8;0;SOLEIL;5;0;0
Valenciennes;50.36;3.52;10/08/2026;17:00;25.4;0;SOLEIL;4;0;0
Valenciennes;50.36;3.52;10/08/2026;18:00;25.4;0;SOLEIL;4;0;0
Valenciennes;50.36;3.52;10/08/2026;19:00;25.4;0;SOLEIL;4;0;0
Valenciennes;50.36;3.52;10/08/2026;20:00;21.6;0;SOLEIL;5;0;0
Valenciennes;50.36;3.52;10/08/2026;21:00;19.3;0;SOLEIL;5;0;0
Valenciennes;50.36;3.52;10/08/2026;22:00;17.0;0;SOLEIL;5;0;0
Valenciennes;50.36;3.52;10/08/2026;23:00;18.1;0;SOLEIL;3;0;0
Valenciennes;50.36;3.52;11/08/2026;00:00;18.1;0;SOLEIL;3;0;0
Valenciennes;50.36;3.52;11/08/2026;01:00;18.1;0;SOLEIL;3;0;0
Valenciennes;50.36;3.52;11/08/2026;02:00;17.5;0;SOLEIL;5;0;0
Valenciennes;50.36;3.52;11/08/2026;03:00;17.5;0;SOLEIL;5;0;0
Valenciennes;50.36;3.52;11/08/2026;04:00;17.5;0;SOLEIL;5;0;0
Valenciennes;50.36;3.52;11/08/2026;05:00;17.5;0;SOLEIL;3;0;0
Valenciennes;50.36;3.52;11/08/2026;06:00;17.5;0;SOLEIL;3;0;0
Valenciennes;50.36;3.52;11/08/2026;07:00;17.5;0;SOLEIL;3;0;0
Valenciennes;50.36;3.52;11/08/2026;08:00;20.0;0;SOLEIL;5;0;0
Valenciennes;50.36;3.52;11/08/2026;09:00;21.3;0;SOLEIL;5;0;0
Valenciennes;50.36;3.52;11/08/2026;10:00;22.6;0;SOLEIL;5;0;0
Valenciennes;50.36;3.52;11/08/2026;11:00;26.1;0;SOLEIL;3;0;0
Valenciennes;50.36;3.52;11/08/2026;12:00;26.1;0;SOLEIL;3;0;0
Valenciennes;50.36;3.52;11/08/2026;13:00;26.1;0;SOLEIL;3;0;0
Valenciennes;50.36;3.52;11/08/2026;14:00;27.6;0;SOLEIL;5;0;0
Valenciennes;50.36;3.52;11/08/2026;15:00;28.9;0;SOLEIL;5;0;0
Valenciennes;50.36;3.52;11/08/2026;16:00;27.6;0;SOLEIL;5;0;0
Valenciennes;50.36;3.52;11/08/2026;17:00;26.1;0;SOLEIL;3;0;0
Valenciennes;50.36;3.52;11/08/2026;18:00;26.1;0;SOLEIL;3;0;0
Valenciennes;50.36;3.52;11/08/2026;19:00;26.1;0;SOLEIL;3;0;0
Valenciennes;50.36;3.52;11/08/2026;20:00;22.6;0;SOLEIL;5;0;0
Valenciennes;50.36;3.52;11/08/2026;21:00;21.3;0;SOLEIL;5;0;0
Valenciennes;50.36;3.52;11/08/2026;22:00;20.0;0;SOLEIL;5;0;0
Valenciennes;50.36;3.52;11/08/2026;23:00;18.6;0;SOLEIL;4;0;0
Valenciennes;50.36;3.52;12/08/2026;00:00;18.6;0;SOLEIL;4;0;0
Valenciennes;50.36;3.52;12/08/2026;01:00;18.6;0;SOLEIL;4;0;0
Valenciennes;50.36;3.52;12/08/2026;02:00;15.6;0;SOLEIL;5;0;0
Valenciennes;50.36;3.52;12/08/2026;03:00;15.6;0;SOLEIL;5;0;0
Valenciennes;50.36;3.52;12/08/2026;04:00;15.6;0;SOLEIL;5;0;0
Valenciennes;50.36;3.52;12/08/2026;05:00;18.1;0;SOLEIL;3;0;0
Valenciennes;50.36;3.52;12/08/2026;06:00;18.1;0;SOLEIL;3;0;0
Valenciennes;50.36;3.52;12/08/2026;07:00;18.1;0;SOLEIL;3;0;0
Valenciennes;50.36;3.52;12/08/2026;08:00;18.3;0;SOLEIL;5;0;0
Valenciennes;50.36;3.52;12/08/2026;09:00;19.7;0;SOLEIL;5;0;0
Valenciennes;50.36;3.52;12/08/2026;10:00;21.1;0;SOLEIL;5;0;0
Valenciennes;50.36;3.52;12/08/2026;11:00;28.5;0;SOLEIL;3;0;0
Valenciennes;50.36;3.52;12/08/2026;12:00;28.5;0;SOLEIL;3;0;0
Valenciennes;50.36;3.52;12/08/2026;13:00;28.5;0;SOLEIL;3;0;0
Valenciennes;50.36;3.52;12/08/2026;14:00;26.5;0;SOLEIL;5;0;0
Valenciennes;50.36;3.52;12/08/2026;15:00;27.9;0;SOLEIL;5;0;0
Valenciennes;50.36;3.52;12/08/2026;16:00;26.5;0;SOLEIL;5;0;0
Valenciennes;50.36;3.52;12/08/2026;17:00;28.7;0;SOLEIL;2;0;0
Valenciennes;50.36;3.52;12/08/2026;18:00;28.7;0;SOLEIL;2;0;0
Valenciennes;50.36;3.52;12/08/2026;19:00;28.7;0;SOLEIL;2;0;0
Valenciennes;50.36;3.52;12/08/2026;20:00;21.1;0;SOLEIL;5;0;0
Valenciennes;50.36;3.52;12/08/2026;21:00;19.7;0;SOLEIL;5;0;0
Valenciennes;50.36;3.52;12/08/2026;22:00;18.3;0;SOLEIL;5;0;0
Valenciennes;50.36;3.52;12/08/2026;23:00;21.2;0;SOLEIL;3;0;0
Beauvais;49.43;2.08;08/08/2026;00:00;13.6;0;SOLEIL;1;0;0
Beauvais;49.43;2.08;08/08/2026;01:00;13.6;0;SOLEIL;1;0;0
Beauvais;49.43;2.08;08/08/2026;02:00;10.4;0;SOLEIL;2;0;0
Beauvais;49.43;2.08;08/08/2026;03:00;10.4;0;SOLEIL;2;0;0
Beauvais;49.43;2.08;08/08/2026;04:00;10.4;0;SOLEIL;2;0;0
Beauvais;49.43;2.08;08/08/2026;05:00;12.6;0;SOLEIL;2;0;0
Beauvais;49.43;2.08;08/08/2026;06:00;12.6;0;SOLEIL;2;0;0
Beauvais;49.43;2.08;08/08/2026;07:00;12.6;0;SOLEIL;2;0;0
Beauvais;49.43;2.08;08/08/2026;08:00;22.4;5;SOLEIL VOILÉ;2;0;0
Beauvais;49.43;2.08;08/08/2026;09:00;22.4;5;SOLEIL VOILÉ;2;0;0
Beauvais;49.43;2.08;08/08/2026;10:00;22.4;5;SOLEIL VOILÉ;2;0;0
Beauvais;49.43;2.08;08/08/2026;11:00;26.7;5;SOLEIL VOILÉ;3;0;0
Beauvais;49.43;2.08;08/08/2026;12:00;26.7;5;SOLEIL VOILÉ;3;0;0
Beauvais;49.43;2.08;08/08/2026;13:00;26.7;5;SOLEIL VOILÉ;3;0;0
Beauvais;49.43;2.08;08/08/2026;14:00;28.4;5;SOLEIL VOILÉ;2;0;0
Beauvais;49.43;2.08;08/08/2026;15:00;28.4;5;SOLEIL VOILÉ;2;0;0
Beauvais;49.43;2.08;08/08/2026;16:00;28.4;5;SOLEIL VOILÉ;2;0;0
Beauvais;49.43;2.08;08/08/2026;17:00;28;0;SOLEIL;2;0;0
Beauvais;49.43;2.08;08/08/2026;18:00;28;0;SOLEIL;2;0;0
Beauvais;49.43;2.08;08/08/2026;19:00;28;0;SOLEIL;2;0;0
Beauvais;49.43;2.08;08/08/2026;20:00;19.6;0;SOLEIL;2;0;0
Beauvais;49.43;2.08;08/08/2026;21:00;19.6;0;SOLEIL;2;0;0
Beauvais;49.43;2.08;08/08/2026;22:00;19.6;0;SOLEIL;2;0;0
Beauvais;49.43;2.08;08/08/2026;23:00;15.4;0;SOLEIL;2;0;0
Beauvais;49.43;2.08;09/08/2026;00:00;15.4;0;SOLEIL;2;0;0
Beauvais;49.43;2.08;09/08/2026;01:00;15.4;0;SOLEIL;2;0;0
Beauvais;49.43;2.08;09/08/2026;02:00;13.5;0;SOLEIL;1;0;0
Beauvais;49.43;2.08;09/08/2026;03:00;13.5;0;SOLEIL;1;0;0
Beauvais;49.43;2.08;09/08/2026;04:00;13.5;0;SOLEIL;1;0;0
Beauvais;49.43;2.08;09/08/2026;05:00;15.7;5;SOLEIL VOILÉ;1;0;0
Beauvais;49.43;2.08;09/08/2026;06:00;15.7;5;SOLEIL VOILÉ;1;0;0
Beauvais;49.43;2.08;09/08/2026;07:00;15.7;5;SOLEIL VOILÉ;1;0;0
Beauvais;49.43;2.08;09/08/2026;08:00;26.9;0;SOLEIL;2;0;0
Beauvais;49.43;2.08;09/08/2026;09:00;26.9;0;SOLEIL;2;0;0
Beauvais;49.43;2.08;09/08/2026;10:00;26.9;0;SOLEIL;2;0;0
Beauvais;49.43;2.08;09/08/2026;11:00;30.6;0;SOLEIL;3;0;0
Beauvais;49.43;2.08;09/08/2026;12:00;30.6;0;SOLEIL;3;0;0
Beauvais;49.43;2.08;09/08/2026;13:00;30.6;0;SOLEIL;3;0;0
Beauvais;49.43;2.08;09/08/2026;14:00;30.6;0;SOLEIL;3;0;0
Beauvais;49.43;2.08;09/08/2026;15:00;30.6;0;SOLEIL;3;0;0
Beauvais;49.43;2.08;09/08/2026;16:00;30.6;0;SOLEIL;3;0;0
Beauvais;49.43;2.08;09/08/2026;17:00;28.1;0;SOLEIL;2;0;0
Beauvais;49.43;2.08;09/08/2026;18:00;28.1;0;SOLEIL;2;0;0
Beauvais;49.43;2.08;09/08/2026;19:00;28.1;0;SOLEIL;2;0;0
Beauvais;49.43;2.08;09/08/2026;20:00;17.9;0;SOLEIL;5;0;0
Beauvais;49.43;2.08;09/08/2026;21:00;15.6;0;SOLEIL;5;0;0
Beauvais;49.43;2.08;09/08/2026;22:00;13.4;0;SOLEIL;5;0;0
Beauvais;49.43;2.08;09/08/2026;23:00;18.6;0;SOLEIL;3;0;0
Beauvais;49.43;2.08;10/08/2026;00:00;18.6;0;SOLEIL;3;0;0
Beauvais;49.43;2.08;10/08/2026;01:00;18.6;0;SOLEIL;3;0;0
Beauvais;49.43;2.08;10/08/2026;02:00;13;0;SOLEIL;5;0;0
Beauvais;49.43;2.08;10/08/2026;03:00;13;0;SOLEIL;5;0;0
Beauvais;49.43;2.08;10/08/2026;04:00;13;0;SOLEIL;5;0;0
Beauvais;49.43;2.08;10/08/2026;05:00;18;0;SOLEIL;3;0;0
Beauvais;49.43;2.08;10/08/2026;06:00;18;0;SOLEIL;3;0;0
Beauvais;49.43;2.08;10/08/2026;07:00;18;0;SOLEIL;3;0;0
Beauvais;49.43;2.08;10/08/2026;08:00;17.1;0;SOLEIL;5;0;0
Beauvais;49.43;2.08;10/08/2026;09:00;19.1;0;SOLEIL;5;0;0
Beauvais;49.43;2.08;10/08/2026;10:00;21.2;0;SOLEIL;5;0;0
Beauvais;49.43;2.08;10/08/2026;11:00;27.7;0;SOLEIL;4;0;0
Beauvais;49.43;2.08;10/08/2026;12:00;27.7;0;SOLEIL;4;0;0
Beauvais;49.43;2.08;10/08/2026;13:00;27.7;0;SOLEIL;4;0;0
Beauvais;49.43;2.08;10/08/2026;14:00;29.4;0;SOLEIL;5;0;0
Beauvais;49.43;2.08;10/08/2026;15:00;31.4;0;SOLEIL;5;0;0
Beauvais;49.43;2.08;10/08/2026;16:00;29.4;0;SOLEIL;5;0;0
Beauvais;49.43;2.08;10/08/2026;17:00;25.6;0;SOLEIL;4;0;0
Beauvais;49.43;2.08;10/08/2026;18:00;25.6;0;SOLEIL;4;0;0
Beauvais;49.43;2.08;10/08/2026;19:00;25.6;0;SOLEIL;4;0;0
Beauvais;49.43;2.08;10/08/2026;20:00;21.2;0;SOLEIL;5;0;0
Beauvais;49.43;2.08;10/08/2026;21:00;19.1;0;SOLEIL;5;0;0
Beauvais;49.43;2.08;10/08/2026;22:00;17.1;0;SOLEIL;5;0;0
Beauvais;49.43;2.08;10/08/2026;23:00;16.1;0;SOLEIL;3;0;0
Beauvais;49.43;2.08;11/08/2026;00:00;16.1;0;SOLEIL;3;0;0
Beauvais;49.43;2.08;11/08/2026;01:00;16.1;0;SOLEIL;3;0;0
Beauvais;49.43;2.08;11/08/2026;02:00;15.6;0;SOLEIL;5;0;0
Beauvais;49.43;2.08;11/08/2026;03:00;15.6;0;SOLEIL;5;0;0
Beauvais;49.43;2.08;11/08/2026;04:00;15.6;0;SOLEIL;5;0;0
Beauvais;49.43;2.08;11/08/2026;05:00;16;0;SOLEIL;3;0;0
Beauvais;49.43;2.08;11/08/2026;06:00;16;0;SOLEIL;3;0;0
Beauvais;49.43;2.08;11/08/2026;07:00;16;0;SOLEIL;3;0;0
Beauvais;49.43;2.08;11/08/2026;08:00;18.7;0;SOLEIL;5;0;0
Beauvais;49.43;2.08;11/08/2026;09:00;20.2;0;SOLEIL;5;0;0
Beauvais;49.43;2.08;11/08/2026;10:00;21.7;0;SOLEIL;5;0;0
Beauvais;49.43;2.08;11/08/2026;11:00;27.5;0;SOLEIL;4;0;0
Beauvais;49.43;2.08;11/08/2026;12:00;27.5;0;SOLEIL;4;0;0
Beauvais;49.43;2.08;11/08/2026;13:00;27.5;0;SOLEIL;4;0;0
Beauvais;49.43;2.08;11/08/2026;14:00;27.9;0;SOLEIL;5;0;0
Beauvais;49.43;2.08;11/08/2026;15:00;29.4;0;SOLEIL;5;0;0
Beauvais;49.43;2.08;11/08/2026;16:00;27.9;0;SOLEIL;5;0;0
Beauvais;49.43;2.08;11/08/2026;17:00;27.1;0;SOLEIL;4;0;0
Beauvais;49.43;2.08;11/08/2026;18:00;27.1;0;SOLEIL;4;0;0
Beauvais;49.43;2.08;11/08/2026;19:00;27.1;0;SOLEIL;4;0;0
Beauvais;49.43;2.08;11/08/2026;20:00;21.7;0;SOLEIL;5;0;0
Beauvais;49.43;2.08;11/08/2026;21:00;20.2;0;SOLEIL;5;0;0
Beauvais;49.43;2.08;11/08/2026;22:00;18.7;0;SOLEIL;5;0;0
Beauvais;49.43;2.08;11/08/2026;23:00;17.9;0;SOLEIL;4;0;0
Beauvais;49.43;2.08;12/08/2026;00:00;17.9;0;SOLEIL;4;0;0
Beauvais;49.43;2.08;12/08/2026;01:00;17.9;0;SOLEIL;4;0;0
Beauvais;49.43;2.08;12/08/2026;02:00;14.1;0;SOLEIL;5;0;0
Beauvais;49.43;2.08;12/08/2026;03:00;14.1;0;SOLEIL;5;0;0
Beauvais;49.43;2.08;12/08/2026;04:00;14.1;0;SOLEIL;5;0;0
Beauvais;49.43;2.08;12/08/2026;05:00;16.9;0;SOLEIL;3;0;0
Beauvais;49.43;2.08;12/08/2026;06:00;16.9;0;SOLEIL;3;0;0
Beauvais;49.43;2.08;12/08/2026;07:00;16.9;0;SOLEIL;3;0;0
Beauvais;49.43;2.08;12/08/2026;08:00;17.5;0;SOLEIL;5;0;0
Beauvais;49.43;2.08;12/08/2026;09:00;19.2;0;SOLEIL;5;0;0
Beauvais;49.43;2.08;12/08/2026;10:00;20.9;0;SOLEIL;5;0;0
Beauvais;49.43;2.08;12/08/2026;11:00;30.7;0;SOLEIL;3;0;0
Beauvais;49.43;2.08;12/08/2026;12:00;30.7;0;SOLEIL;3;0;0
Beauvais;49.43;2.08;12/08/2026;13:00;30.7;0;SOLEIL;3;0;0
Beauvais;49.43;2.08;12/08/2026;14:00;27.8;0;SOLEIL;5;0;0
Beauvais;49.43;2.08;12/08/2026;15:00;29.5;0;SOLEIL;5;0;0
Beauvais;49.43;2.08;12/08/2026;16:00;27.8;0;SOLEIL;5;0;0
Beauvais;49.43;2.08;12/08/2026;17:00;30.9;0;SOLEIL;3;0;0
Beauvais;49.43;2.08;12/08/2026;18:00;30.9;0;SOLEIL;3;0;0
Beauvais;49.43;2.08;12/08/2026;19:00;30.9;0;SOLEIL;3;0;0
Beauvais;49.43;2.08;12/08/2026;20:00;20.9;0;SOLEIL;5;0;0
Beauvais;49.43;2.08;12/08/2026;21:00;19.2;0;SOLEIL;5;0;0
Beauvais;49.43;2.08;12/08/2026;22:00;17.5;0;SOLEIL;5;0;0
Beauvais;49.43;2.08;12/08/2026;23:00;20.6;0;SOLEIL;3;0;0
Compiègne;49.41;2.82;08/08/2026;00:00;16.2;0;SOLEIL;2;0;0
Compiègne;49.41;2.82;08/08/2026;01:00;16.2;0;SOLEIL;2;0;0
Compiègne;49.41;2.82;08/08/2026;02:00;13.4;0;SOLEIL;2;0;0
Compiègne;49.41;2.82;08/08/2026;03:00;13.4;0;SOLEIL;2;0;0
Compiègne;49.41;2.82;08/08/2026;04:00;13.4;0;SOLEIL;2;0;0
Compiègne;49.41;2.82;08/08/2026;05:00;14.6;0;SOLEIL;2;0;0
Compiègne;49.41;2.82;08/08/2026;06:00;14.6;0;SOLEIL;2;0;0
Compiègne;49.41;2.82;08/08/2026;07:00;14.6;0;SOLEIL;2;0;0
Compiègne;49.41;2.82;08/08/2026;08:00;21.4;0;SOLEIL;2;0;0
Compiègne;49.41;2.82;08/08/2026;09:00;21.4;0;SOLEIL;2;0;0
Compiègne;49.41;2.82;08/08/2026;10:00;21.4;0;SOLEIL;2;0;0
Compiègne;49.41;2.82;08/08/2026;11:00;26.9;0;SOLEIL;2;0;0
Compiègne;49.41;2.82;08/08/2026;12:00;26.9;0;SOLEIL;2;0;0
Compiègne;49.41;2.82;08/08/2026;13:00;26.9;0;SOLEIL;2;0;0
Compiègne;49.41;2.82;08/08/2026;14:00;28.4;5;SOLEIL VOILÉ;2;0;0
Compiègne;49.41;2.82;08/08/2026;15:00;28.4;5;SOLEIL VOILÉ;2;0;0
Compiègne;49.41;2.82;08/08/2026;16:00;28.4;5;SOLEIL VOILÉ;2;0;0
Compiègne;49.41;2.82;08/08/2026;17:00;28;0;SOLEIL;2;0;0
Compiègne;49.41;2.82;08/08/2026;18:00;28;0;SOLEIL;2;0;0
Compiègne;49.41;2.82;08/08/2026;19:00;28;0;SOLEIL;2;0;0
Compiègne;49.41;2.82;08/08/2026;20:00;21.6;0;SOLEIL;2;0;0
Compiègne;49.41;2.82;08/08/2026;21:00;21.6;0;SOLEIL;2;0;0
Compiègne;49.41;2.82;08/08/2026;22:00;21.6;0;SOLEIL;2;0;0
Compiègne;49.41;2.82;08/08/2026;23:00;17.7;0;SOLEIL;2;0;0
Compiègne;49.41;2.82;09/08/2026;00:00;17.7;0;SOLEIL;2;0;0
Compiègne;49.41;2.82;09/08/2026;01:00;17.7;0;SOLEIL;2;0;0
Compiègne;49.41;2.82;09/08/2026;02:00;16.1;0;SOLEIL;1;0;0
Compiègne;49.41;2.82;09/08/2026;03:00;16.1;0;SOLEIL;1;0;0
Compiègne;49.41;2.82;09/08/2026;04:00;16.1;0;SOLEIL;1;0;0
Compiègne;49.41;2.82;09/08/2026;05:00;16.6;5;SOLEIL VOILÉ;0;0;0
Compiègne;49.41;2.82;09/08/2026;06:00;16.6;5;SOLEIL VOILÉ;0;0;0
Compiègne;49.41;2.82;09/08/2026;07:00;16.6;5;SOLEIL VOILÉ;0;0;0
Compiègne;49.41;2.82;09/08/2026;08:00;25.4;5;SOLEIL VOILÉ;1;0;0
Compiègne;49.41;2.82;09/08/2026;09:00;25.4;5;SOLEIL VOILÉ;1;0;0
Compiègne;49.41;2.82;09/08/2026;10:00;25.4;5;SOLEIL VOILÉ;1;0;0
Compiègne;49.41;2.82;09/08/2026;11:00;30.7;0;SOLEIL;2;0;0
Compiègne;49.41;2.82;09/08/2026;12:00;30.7;0;SOLEIL;2;0;0
Compiègne;49.41;2.82;09/08/2026;13:00;30.7;0;SOLEIL;2;0;0
Compiègne;49.41;2.82;09/08/2026;14:00;32.1;0;SOLEIL;2;0;0
Compiègne;49.41;2.82;09/08/2026;15:00;32.1;0;SOLEIL;2;0;0
Compiègne;49.41;2.82;09/08/2026;16:00;32.1;0;SOLEIL;2;0;0
Compiègne;49.41;2.82;09/08/2026;17:00;29.6;0;SOLEIL;3;0;0
Compiègne;49.41;2.82;09/08/2026;18:00;29.6;0;SOLEIL;3;0;0
Compiègne;49.41;2.82;09/08/2026;19:00;29.6;0;SOLEIL;3;0;0
Compiègne;49.41;2.82;09/08/2026;20:00;19.8;0;SOLEIL;5;0;0
Compiègne;49.41;2.82;09/08/2026;21:00;17.9;0;SOLEIL;5;0;0
Compiègne;49.41;2.82;09/08/2026;22:00;16.0;0;SOLEIL;5;0;0
Compiègne;49.41;2.82;09/08/2026;23:00;20.2;0;SOLEIL;2;0;0
Compiègne;49.41;2.82;10/08/2026;00:00;20.2;0;SOLEIL;2;0;0
Compiègne;49.41;2.82;10/08/2026;01:00;20.2;0;SOLEIL;2;0;0
Compiègne;49.41;2.82;10/08/2026;02:00;15.4;0;SOLEIL;5;0;0
Compiègne;49.41;2.82;10/08/2026;03:00;15.4;0;SOLEIL;5;0;0
Compiègne;49.41;2.82;10/08/2026;04:00;15.4;0;SOLEIL;5;0;0
Compiègne;49.41;2.82;10/08/2026;05:00;18.9;0;SOLEIL;3;0;0
Compiègne;49.41;2.82;10/08/2026;06:00;18.9;0;SOLEIL;3;0;0
Compiègne;49.41;2.82;10/08/2026;07:00;18.9;0;SOLEIL;3;0;0
Compiègne;49.41;2.82;10/08/2026;08:00;19.3;0;SOLEIL;5;0;0
Compiègne;49.41;2.82;10/08/2026;09:00;21.2;0;SOLEIL;5;0;0
Compiègne;49.41;2.82;10/08/2026;10:00;23.2;0;SOLEIL;5;0;0
Compiègne;49.41;2.82;10/08/2026;11:00;28.9;0;SOLEIL;4;0;0
Compiègne;49.41;2.82;10/08/2026;12:00;28.9;0;SOLEIL;4;0;0
Compiègne;49.41;2.82;10/08/2026;13:00;28.9;0;SOLEIL;4;0;0
Compiègne;49.41;2.82;10/08/2026;14:00;31.0;0;SOLEIL;5;0;0
Compiègne;49.41;2.82;10/08/2026;15:00;32.9;0;SOLEIL;5;0;0
Compiègne;49.41;2.82;10/08/2026;16:00;31.0;0;SOLEIL;5;0;0
Compiègne;49.41;2.82;10/08/2026;17:00;26.9;0;SOLEIL;4;0;0
Compiègne;49.41;2.82;10/08/2026;18:00;26.9;0;SOLEIL;4;0;0
Compiègne;49.41;2.82;10/08/2026;19:00;26.9;0;SOLEIL;4;0;0
Compiègne;49.41;2.82;10/08/2026;20:00;23.2;0;SOLEIL;5;0;0
Compiègne;49.41;2.82;10/08/2026;21:00;21.2;0;SOLEIL;5;0;0
Compiègne;49.41;2.82;10/08/2026;22:00;19.3;0;SOLEIL;5;0;0
Compiègne;49.41;2.82;10/08/2026;23:00;19;0;SOLEIL;3;0;0
Compiègne;49.41;2.82;11/08/2026;00:00;19;0;SOLEIL;3;0;0
Compiègne;49.41;2.82;11/08/2026;01:00;19;0;SOLEIL;3;0;0
Compiègne;49.41;2.82;11/08/2026;02:00;17.6;0;SOLEIL;5;0;0
Compiègne;49.41;2.82;11/08/2026;03:00;17.6;0;SOLEIL;5;0;0
Compiègne;49.41;2.82;11/08/2026;04:00;17.6;0;SOLEIL;5;0;0
Compiègne;49.41;2.82;11/08/2026;05:00;17.1;0;SOLEIL;3;0;0
Compiègne;49.41;2.82;11/08/2026;06:00;17.1;0;SOLEIL;3;0;0
Compiègne;49.41;2.82;11/08/2026;07:00;17.1;0;SOLEIL;3;0;0
Compiègne;49.41;2.82;11/08/2026;08:00;20.5;0;SOLEIL;5;0;0
Compiègne;49.41;2.82;11/08/2026;09:00;21.9;0;SOLEIL;5;0;0
Compiègne;49.41;2.82;11/08/2026;10:00;23.3;0;SOLEIL;5;0;0
Compiègne;49.41;2.82;11/08/2026;11:00;27.7;0;SOLEIL;3;0;0
Compiègne;49.41;2.82;11/08/2026;12:00;27.7;0;SOLEIL;3;0;0
Compiègne;49.41;2.82;11/08/2026;13:00;27.7;0;SOLEIL;3;0;0
Compiègne;49.41;2.82;11/08/2026;14:00;29.1;0;SOLEIL;5;0;0
Compiègne;49.41;2.82;11/08/2026;15:00;30.5;0;SOLEIL;5;0;0
Compiègne;49.41;2.82;11/08/2026;16:00;29.1;0;SOLEIL;5;0;0
Compiègne;49.41;2.82;11/08/2026;17:00;27.1;0;SOLEIL;3;0;0
Compiègne;49.41;2.82;11/08/2026;18:00;27.1;0;SOLEIL;3;0;0
Compiègne;49.41;2.82;11/08/2026;19:00;27.1;0;SOLEIL;3;0;0
Compiègne;49.41;2.82;11/08/2026;20:00;23.3;0;SOLEIL;5;0;0
Compiègne;49.41;2.82;11/08/2026;21:00;21.9;0;SOLEIL;5;0;0
Compiègne;49.41;2.82;11/08/2026;22:00;20.5;0;SOLEIL;5;0;0
Compiègne;49.41;2.82;11/08/2026;23:00;19.6;0;SOLEIL;3;0;0
Compiègne;49.41;2.82;12/08/2026;00:00;19.6;0;SOLEIL;3;0;0
Compiègne;49.41;2.82;12/08/2026;01:00;19.6;0;SOLEIL;3;0;0
Compiègne;49.41;2.82;12/08/2026;02:00;16.1;0;SOLEIL;5;0;0
Compiègne;49.41;2.82;12/08/2026;03:00;16.1;0;SOLEIL;5;0;0
Compiègne;49.41;2.82;12/08/2026;04:00;16.1;0;SOLEIL;5;0;0
Compiègne;49.41;2.82;12/08/2026;05:00;17.6;0;SOLEIL;3;0;0
Compiègne;49.41;2.82;12/08/2026;06:00;17.6;0;SOLEIL;3;0;0
Compiègne;49.41;2.82;12/08/2026;07:00;17.6;0;SOLEIL;3;0;0
Compiègne;49.41;2.82;12/08/2026;08:00;19.2;0;SOLEIL;5;0;0
Compiègne;49.41;2.82;12/08/2026;09:00;20.8;0;SOLEIL;5;0;0
Compiègne;49.41;2.82;12/08/2026;10:00;22.4;0;SOLEIL;5;0;0
Compiègne;49.41;2.82;12/08/2026;11:00;30.4;0;SOLEIL;3;0;0
Compiègne;49.41;2.82;12/08/2026;12:00;30.4;0;SOLEIL;3;0;0
Compiègne;49.41;2.82;12/08/2026;13:00;30.4;0;SOLEIL;3;0;0
Compiègne;49.41;2.82;12/08/2026;14:00;28.6;0;SOLEIL;5;0;0
Compiègne;49.41;2.82;12/08/2026;15:00;30.2;0;SOLEIL;5;0;0
Compiègne;49.41;2.82;12/08/2026;16:00;28.6;0;SOLEIL;5;0;0
Compiègne;49.41;2.82;12/08/2026;17:00;30.9;0;SOLEIL;2;0;0
Compiègne;49.41;2.82;12/08/2026;18:00;30.9;0;SOLEIL;2;0;0
Compiègne;49.41;2.82;12/08/2026;19:00;30.9;0;SOLEIL;2;0;0
Compiègne;49.41;2.82;12/08/2026;20:00;22.4;0;SOLEIL;5;0;0
Compiègne;49.41;2.82;12/08/2026;21:00;20.8;0;SOLEIL;5;0;0
Compiègne;49.41;2.82;12/08/2026;22:00;19.2;0;SOLEIL;5;0;0
Compiègne;49.41;2.82;12/08/2026;23:00;21.1;0;SOLEIL;2;0;0
Senlis;49.207;2.585;08/08/2026;00:00;14.9;0;SOLEIL;3;0;0
Senlis;49.207;2.585;08/08/2026;01:00;14.9;0;SOLEIL;3;0;0
Senlis;49.207;2.585;08/08/2026;02:00;11.6;0;SOLEIL;2;0;0
Senlis;49.207;2.585;08/08/2026;03:00;11.6;0;SOLEIL;2;0;0
Senlis;49.207;2.585;08/08/2026;04:00;11.6;0;SOLEIL;2;0;0
Senlis;49.207;2.585;08/08/2026;05:00;13.6;0;SOLEIL;2;0;0
Senlis;49.207;2.585;08/08/2026;06:00;13.6;0;SOLEIL;2;0;0
Senlis;49.207;2.585;08/08/2026;07:00;13.6;0;SOLEIL;2;0;0
Senlis;49.207;2.585;08/08/2026;08:00;22.9;0;SOLEIL;2;0;0
Senlis;49.207;2.585;08/08/2026;09:00;22.9;0;SOLEIL;2;0;0
Senlis;49.207;2.585;08/08/2026;10:00;22.9;0;SOLEIL;2;0;0
Senlis;49.207;2.585;08/08/2026;11:00;27.2;0;SOLEIL;2;0;0
Senlis;49.207;2.585;08/08/2026;12:00;27.2;0;SOLEIL;2;0;0
Senlis;49.207;2.585;08/08/2026;13:00;27.2;0;SOLEIL;2;0;0
Senlis;49.207;2.585;08/08/2026;14:00;29.4;5;SOLEIL VOILÉ;2;0;0
Senlis;49.207;2.585;08/08/2026;15:00;29.4;5;SOLEIL VOILÉ;2;0;0
Senlis;49.207;2.585;08/08/2026;16:00;29.4;5;SOLEIL VOILÉ;2;0;0
Senlis;49.207;2.585;08/08/2026;17:00;28.2;0;SOLEIL;2;0;0
Senlis;49.207;2.585;08/08/2026;18:00;28.2;0;SOLEIL;2;0;0
Senlis;49.207;2.585;08/08/2026;19:00;28.2;0;SOLEIL;2;0;0
Senlis;49.207;2.585;08/08/2026;20:00;21.4;0;SOLEIL;3;0;0
Senlis;49.207;2.585;08/08/2026;21:00;21.4;0;SOLEIL;3;0;0
Senlis;49.207;2.585;08/08/2026;22:00;21.4;0;SOLEIL;3;0;0
Senlis;49.207;2.585;08/08/2026;23:00;17.2;0;SOLEIL;2;0;0
Senlis;49.207;2.585;09/08/2026;00:00;17.2;0;SOLEIL;2;0;0
Senlis;49.207;2.585;09/08/2026;01:00;17.2;0;SOLEIL;2;0;0
Senlis;49.207;2.585;09/08/2026;02:00;15.4;5;SOLEIL VOILÉ;1;0;0
Senlis;49.207;2.585;09/08/2026;03:00;15.4;5;SOLEIL VOILÉ;1;0;0
Senlis;49.207;2.585;09/08/2026;04:00;15.4;5;SOLEIL VOILÉ;1;0;0
Senlis;49.207;2.585;09/08/2026;05:00;17.2;5;SOLEIL VOILÉ;0;0;0
Senlis;49.207;2.585;09/08/2026;06:00;17.2;5;SOLEIL VOILÉ;0;0;0
Senlis;49.207;2.585;09/08/2026;07:00;17.2;5;SOLEIL VOILÉ;0;0;0
Senlis;49.207;2.585;09/08/2026;08:00;26.1;5;SOLEIL VOILÉ;2;0;0
Senlis;49.207;2.585;09/08/2026;09:00;26.1;5;SOLEIL VOILÉ;2;0;0
Senlis;49.207;2.585;09/08/2026;10:00;26.1;5;SOLEIL VOILÉ;2;0;0
Senlis;49.207;2.585;09/08/2026;11:00;30.9;0;SOLEIL;2;0;0
Senlis;49.207;2.585;09/08/2026;12:00;30.9;0;SOLEIL;2;0;0
Senlis;49.207;2.585;09/08/2026;13:00;30.9;0;SOLEIL;2;0;0
Senlis;49.207;2.585;09/08/2026;14:00;32.1;0;SOLEIL;3;0;0
Senlis;49.207;2.585;09/08/2026;15:00;32.1;0;SOLEIL;3;0;0
Senlis;49.207;2.585;09/08/2026;16:00;32.1;0;SOLEIL;3;0;0
Senlis;49.207;2.585;09/08/2026;17:00;29;0;SOLEIL;3;0;0
Senlis;49.207;2.585;09/08/2026;18:00;29;0;SOLEIL;3;0;0
Senlis;49.207;2.585;09/08/2026;19:00;29;0;SOLEIL;3;0;0
Senlis;49.207;2.585;09/08/2026;20:00;19.5;0;SOLEIL;5;0;0
Senlis;49.207;2.585;09/08/2026;21:00;17.4;0;SOLEIL;5;0;0
Senlis;49.207;2.585;09/08/2026;22:00;15.3;0;SOLEIL;5;0;0
Senlis;49.207;2.585;09/08/2026;23:00;19.6;0;SOLEIL;2;0;0
Senlis;49.207;2.585;10/08/2026;00:00;19.6;0;SOLEIL;2;0;0
Senlis;49.207;2.585;10/08/2026;01:00;19.6;0;SOLEIL;2;0;0
Senlis;49.207;2.585;10/08/2026;02:00;14.7;2;NUAGEUX;5;0;0
Senlis;49.207;2.585;10/08/2026;03:00;14.7;2;NUAGEUX;5;0;0
Senlis;49.207;2.585;10/08/2026;04:00;14.7;2;NUAGEUX;5;0;0
Senlis;49.207;2.585;10/08/2026;05:00;18.7;0;SOLEIL;2;0;0
Senlis;49.207;2.585;10/08/2026;06:00;18.7;0;SOLEIL;2;0;0
Senlis;49.207;2.585;10/08/2026;07:00;18.7;0;SOLEIL;2;0;0
Senlis;49.207;2.585;10/08/2026;08:00;18.8;2;NUAGEUX;5;0;0
Senlis;49.207;2.585;10/08/2026;09:00;20.8;2;NUAGEUX;5;0;0
Senlis;49.207;2.585;10/08/2026;10:00;22.9;2;NUAGEUX;5;0;0
Senlis;49.207;2.585;10/08/2026;11:00;29.1;0;SOLEIL;3;0;0
Senlis;49.207;2.585;10/08/2026;12:00;29.1;0;SOLEIL;3;0;0
Senlis;49.207;2.585;10/08/2026;13:00;29.1;0;SOLEIL;3;0;0
Senlis;49.207;2.585;10/08/2026;14:00;31.1;2;NUAGEUX;5;0;0
Senlis;49.207;2.585;10/08/2026;15:00;33.1;2;NUAGEUX;5;0;0
Senlis;49.207;2.585;10/08/2026;16:00;31.1;2;NUAGEUX;5;0;0
Senlis;49.207;2.585;10/08/2026;17:00;27.2;0;SOLEIL;4;0;0
Senlis;49.207;2.585;10/08/2026;18:00;27.2;0;SOLEIL;4;0;0
Senlis;49.207;2.585;10/08/2026;19:00;27.2;0;SOLEIL;4;0;0
Senlis;49.207;2.585;10/08/2026;20:00;22.9;2;NUAGEUX;5;0;0
Senlis;49.207;2.585;10/08/2026;21:00;20.8;2;NUAGEUX;5;0;0
Senlis;49.207;2.585;10/08/2026;22:00;18.8;2;NUAGEUX;5;0;0
Senlis;49.207;2.585;10/08/2026;23:00;17.6;0;SOLEIL;3;0;0
Senlis;49.207;2.585;11/08/2026;00:00;17.6;0;SOLEIL;3;0;0
Senlis;49.207;2.585;11/08/2026;01:00;17.6;0;SOLEIL;3;0;0
Senlis;49.207;2.585;11/08/2026;02:00;17.1;0;SOLEIL;5;0;0
Senlis;49.207;2.585;11/08/2026;03:00;17.1;0;SOLEIL;5;0;0
Senlis;49.207;2.585;11/08/2026;04:00;17.1;0;SOLEIL;5;0;0
Senlis;49.207;2.585;11/08/2026;05:00;16.7;0;SOLEIL;3;0;0
Senlis;49.207;2.585;11/08/2026;06:00;16.7;0;SOLEIL;3;0;0
Senlis;49.207;2.585;11/08/2026;07:00;16.7;0;SOLEIL;3;0;0
Senlis;49.207;2.585;11/08/2026;08:00;20.1;0;SOLEIL;5;0;0
Senlis;49.207;2.585;11/08/2026;09:00;21.6;0;SOLEIL;5;0;0
Senlis;49.207;2.585;11/08/2026;10:00;23.1;0;SOLEIL;5;0;0
Senlis;49.207;2.585;11/08/2026;11:00;28.1;0;SOLEIL;3;0;0
Senlis;49.207;2.585;11/08/2026;12:00;28.1;0;SOLEIL;3;0;0
Senlis;49.207;2.585;11/08/2026;13:00;28.1;0;SOLEIL;3;0;0
Senlis;49.207;2.585;11/08/2026;14:00;29.1;0;SOLEIL;5;0;0
Senlis;49.207;2.585;11/08/2026;15:00;30.6;0;SOLEIL;5;0;0
Senlis;49.207;2.585;11/08/2026;16:00;29.1;0;SOLEIL;5;0;0
Senlis;49.207;2.585;11/08/2026;17:00;27.6;0;SOLEIL;4;0;0
Senlis;49.207;2.585;11/08/2026;18:00;27.6;0;SOLEIL;4;0;0
Senlis;49.207;2.585;11/08/2026;19:00;27.6;0;SOLEIL;4;0;0
Senlis;49.207;2.585;11/08/2026;20:00;23.1;0;SOLEIL;5;0;0
Senlis;49.207;2.585;11/08/2026;21:00;21.6;0;SOLEIL;5;0;0
Senlis;49.207;2.585;11/08/2026;22:00;20.1;0;SOLEIL;5;0;0
Senlis;49.207;2.585;11/08/2026;23:00;18.2;0;SOLEIL;3;0;0
Senlis;49.207;2.585;12/08/2026;00:00;18.2;0;SOLEIL;3;0;0
Senlis;49.207;2.585;12/08/2026;01:00;18.2;0;SOLEIL;3;0;0
Senlis;49.207;2.585;12/08/2026;02:00;15.1;0;SOLEIL;5;0;0
Senlis;49.207;2.585;12/08/2026;03:00;15.1;0;SOLEIL;5;0;0
Senlis;49.207;2.585;12/08/2026;04:00;15.1;0;SOLEIL;5;0;0
Senlis;49.207;2.585;12/08/2026;05:00;18.1;0;SOLEIL;2;0;0
Senlis;49.207;2.585;12/08/2026;06:00;18.1;0;SOLEIL;2;0;0
Senlis;49.207;2.585;12/08/2026;07:00;18.1;0;SOLEIL;2;0;0
Senlis;49.207;2.585;12/08/2026;08:00;18.5;0;SOLEIL;5;0;0
Senlis;49.207;2.585;12/08/2026;09:00;20.3;0;SOLEIL;5;0;0
Senlis;49.207;2.585;12/08/2026;10:00;22.0;0;SOLEIL;5;0;0
Senlis;49.207;2.585;12/08/2026;11:00;31.6;0;SOLEIL;3;0;0
Senlis;49.207;2.585;12/08/2026;12:00;31.6;0;SOLEIL;3;0;0
Senlis;49.207;2.585;12/08/2026;13:00;31.6;0;SOLEIL;3;0;0
Senlis;49.207;2.585;12/08/2026;14:00;28.9;0;SOLEIL;5;0;0
Senlis;49.207;2.585;12/08/2026;15:00;30.6;0;SOLEIL;5;0;0
Senlis;49.207;2.585;12/08/2026;16:00;28.9;0;SOLEIL;5;0;0
Senlis;49.207;2.585;12/08/2026;17:00;31.2;0;SOLEIL;3;0;0
Senlis;49.207;2.585;12/08/2026;18:00;31.2;0;SOLEIL;3;0;0
Senlis;49.207;2.585;12/08/2026;19:00;31.2;0;SOLEIL;3;0;0
Senlis;49.207;2.585;12/08/2026;20:00;22.0;0;SOLEIL;5;0;0
Senlis;49.207;2.585;12/08/2026;21:00;20.3;0;SOLEIL;5;0;0
Senlis;49.207;2.585;12/08/2026;22:00;18.5;0;SOLEIL;5;0;0
Senlis;49.207;2.585;12/08/2026;23:00;20.6;0;SOLEIL;2;0;0
Feuquières;49.64;1.85;08/08/2026;00:00;12.7;0;SOLEIL;3;0;0
Feuquières;49.64;1.85;08/08/2026;01:00;12.7;0;SOLEIL;3;0;0
Feuquières;49.64;1.85;08/08/2026;02:00;11.7;0;SOLEIL;2;0;0
Feuquières;49.64;1.85;08/08/2026;03:00;11.7;0;SOLEIL;2;0;0
Feuquières;49.64;1.85;08/08/2026;04:00;11.7;0;SOLEIL;2;0;0
Feuquières;49.64;1.85;08/08/2026;05:00;14.9;0;SOLEIL;3;0;0
Feuquières;49.64;1.85;08/08/2026;06:00;14.9;0;SOLEIL;3;0;0
Feuquières;49.64;1.85;08/08/2026;07:00;14.9;0;SOLEIL;3;0;0
Feuquières;49.64;1.85;08/08/2026;08:00;22.4;5;SOLEIL VOILÉ;3;0;0
Feuquières;49.64;1.85;08/08/2026;09:00;22.4;5;SOLEIL VOILÉ;3;0;0
Feuquières;49.64;1.85;08/08/2026;10:00;22.4;5;SOLEIL VOILÉ;3;0;0
Feuquières;49.64;1.85;08/08/2026;11:00;26.1;5;SOLEIL VOILÉ;3;0;0
Feuquières;49.64;1.85;08/08/2026;12:00;26.1;5;SOLEIL VOILÉ;3;0;0
Feuquières;49.64;1.85;08/08/2026;13:00;26.1;5;SOLEIL VOILÉ;3;0;0
Feuquières;49.64;1.85;08/08/2026;14:00;27.4;5;SOLEIL VOILÉ;2;0;0
Feuquières;49.64;1.85;08/08/2026;15:00;27.4;5;SOLEIL VOILÉ;2;0;0
Feuquières;49.64;1.85;08/08/2026;16:00;27.4;5;SOLEIL VOILÉ;2;0;0
Feuquières;49.64;1.85;08/08/2026;17:00;26.1;0;SOLEIL;3;0;0
Feuquières;49.64;1.85;08/08/2026;18:00;26.1;0;SOLEIL;3;0;0
Feuquières;49.64;1.85;08/08/2026;19:00;26.1;0;SOLEIL;3;0;0
Feuquières;49.64;1.85;08/08/2026;20:00;19.1;0;SOLEIL;3;0;0
Feuquières;49.64;1.85;08/08/2026;21:00;19.1;0;SOLEIL;3;0;0
Feuquières;49.64;1.85;08/08/2026;22:00;19.1;0;SOLEIL;3;0;0
Feuquières;49.64;1.85;08/08/2026;23:00;16.2;0;SOLEIL;3;0;0
Feuquières;49.64;1.85;09/08/2026;00:00;16.2;0;SOLEIL;3;0;0
Feuquières;49.64;1.85;09/08/2026;01:00;16.2;0;SOLEIL;3;0;0
Feuquières;49.64;1.85;09/08/2026;02:00;15.1;0;SOLEIL;2;0;0
Feuquières;49.64;1.85;09/08/2026;03:00;15.1;0;SOLEIL;2;0;0
Feuquières;49.64;1.85;09/08/2026;04:00;15.1;0;SOLEIL;2;0;0
Feuquières;49.64;1.85;09/08/2026;05:00;18;5;SOLEIL VOILÉ;2;0;0
Feuquières;49.64;1.85;09/08/2026;06:00;18;5;SOLEIL VOILÉ;2;0;0
Feuquières;49.64;1.85;09/08/2026;07:00;18;5;SOLEIL VOILÉ;2;0;0
Feuquières;49.64;1.85;09/08/2026;08:00;26.9;0;SOLEIL;3;0;0
Feuquières;49.64;1.85;09/08/2026;09:00;26.9;0;SOLEIL;3;0;0
Feuquières;49.64;1.85;09/08/2026;10:00;26.9;0;SOLEIL;3;0;0
Feuquières;49.64;1.85;09/08/2026;11:00;30.1;0;SOLEIL;3;0;0
Feuquières;49.64;1.85;09/08/2026;12:00;30.1;0;SOLEIL;3;0;0
Feuquières;49.64;1.85;09/08/2026;13:00;30.1;0;SOLEIL;3;0;0
Feuquières;49.64;1.85;09/08/2026;14:00;30.2;0;SOLEIL;3;0;0
Feuquières;49.64;1.85;09/08/2026;15:00;30.2;0;SOLEIL;3;0;0
Feuquières;49.64;1.85;09/08/2026;16:00;30.2;0;SOLEIL;3;0;0
Feuquières;49.64;1.85;09/08/2026;17:00;25.7;0;SOLEIL;5;0;0
Feuquières;49.64;1.85;09/08/2026;18:00;25.7;0;SOLEIL;5;0;0
Feuquières;49.64;1.85;09/08/2026;19:00;25.7;0;SOLEIL;5;0;0
Feuquières;49.64;1.85;09/08/2026;20:00;18.8;0;SOLEIL;5;0;0
Feuquières;49.64;1.85;09/08/2026;21:00;17.0;0;SOLEIL;5;0;0
Feuquières;49.64;1.85;09/08/2026;22:00;15.2;0;SOLEIL;5;0;0
Feuquières;49.64;1.85;09/08/2026;23:00;17.2;0;SOLEIL;4;0;0
Feuquières;49.64;1.85;10/08/2026;00:00;17.2;0;SOLEIL;4;0;0
Feuquières;49.64;1.85;10/08/2026;01:00;17.2;0;SOLEIL;4;0;0
Feuquières;49.64;1.85;10/08/2026;02:00;14.5;0;SOLEIL;5;0;0
Feuquières;49.64;1.85;10/08/2026;03:00;14.5;0;SOLEIL;5;0;0
Feuquières;49.64;1.85;10/08/2026;04:00;14.5;0;SOLEIL;5;0;0
Feuquières;49.64;1.85;10/08/2026;05:00;17.9;0;SOLEIL;4;0;0
Feuquières;49.64;1.85;10/08/2026;06:00;17.9;0;SOLEIL;4;0;0
Feuquières;49.64;1.85;10/08/2026;07:00;17.9;0;SOLEIL;4;0;0
Feuquières;49.64;1.85;10/08/2026;08:00;18.2;0;SOLEIL;5;0;0
Feuquières;49.64;1.85;10/08/2026;09:00;20.0;0;SOLEIL;5;0;0
Feuquières;49.64;1.85;10/08/2026;10:00;21.8;0;SOLEIL;5;0;0
Feuquières;49.64;1.85;10/08/2026;11:00;26.2;0;SOLEIL;4;0;0
Feuquières;49.64;1.85;10/08/2026;12:00;26.2;0;SOLEIL;4;0;0
Feuquières;49.64;1.85;10/08/2026;13:00;26.2;0;SOLEIL;4;0;0
Feuquières;49.64;1.85;10/08/2026;14:00;29.2;0;SOLEIL;5;0;0
Feuquières;49.64;1.85;10/08/2026;15:00;31.0;0;SOLEIL;5;0;0
Feuquières;49.64;1.85;10/08/2026;16:00;29.2;0;SOLEIL;5;0;0
Feuquières;49.64;1.85;10/08/2026;17:00;23.6;0;SOLEIL;4;0;0
Feuquières;49.64;1.85;10/08/2026;18:00;23.6;0;SOLEIL;4;0;0
Feuquières;49.64;1.85;10/08/2026;19:00;23.6;0;SOLEIL;4;0;0
Feuquières;49.64;1.85;10/08/2026;20:00;21.8;0;SOLEIL;5;0;0
Feuquières;49.64;1.85;10/08/2026;21:00;20.0;0;SOLEIL;5;0;0
Feuquières;49.64;1.85;10/08/2026;22:00;18.2;0;SOLEIL;5;0;0
Feuquières;49.64;1.85;10/08/2026;23:00;15.7;0;SOLEIL;3;0;0
Feuquières;49.64;1.85;11/08/2026;00:00;15.7;0;SOLEIL;3;0;0
Feuquières;49.64;1.85;11/08/2026;01:00;15.7;0;SOLEIL;3;0;0
Feuquières;49.64;1.85;11/08/2026;02:00;15.7;0;SOLEIL;5;0;0
Feuquières;49.64;1.85;11/08/2026;03:00;15.7;0;SOLEIL;5;0;0
Feuquières;49.64;1.85;11/08/2026;04:00;15.7;0;SOLEIL;5;0;0
Feuquières;49.64;1.85;11/08/2026;05:00;16.4;0;SOLEIL;4;0;0
Feuquières;49.64;1.85;11/08/2026;06:00;16.4;0;SOLEIL;4;0;0
Feuquières;49.64;1.85;11/08/2026;07:00;16.4;0;SOLEIL;4;0;0
Feuquières;49.64;1.85;11/08/2026;08:00;18.2;0;SOLEIL;5;0;0
Feuquières;49.64;1.85;11/08/2026;09:00;19.5;0;SOLEIL;5;0;0
Feuquières;49.64;1.85;11/08/2026;10:00;20.8;0;SOLEIL;5;0;0
Feuquières;49.64;1.85;11/08/2026;11:00;26.4;0;SOLEIL;4;0;0
Feuquières;49.64;1.85;11/08/2026;12:00;26.4;0;SOLEIL;4;0;0
Feuquières;49.64;1.85;11/08/2026;13:00;26.4;0;SOLEIL;4;0;0
Feuquières;49.64;1.85;11/08/2026;14:00;25.8;0;SOLEIL;5;0;0
Feuquières;49.64;1.85;11/08/2026;15:00;27.1;0;SOLEIL;5;0;0
Feuquières;49.64;1.85;11/08/2026;16:00;25.8;0;SOLEIL;5;0;0
Feuquières;49.64;1.85;11/08/2026;17:00;26.5;0;SOLEIL;4;0;0
Feuquières;49.64;1.85;11/08/2026;18:00;26.5;0;SOLEIL;4;0;0
Feuquières;49.64;1.85;11/08/2026;19:00;26.5;0;SOLEIL;4;0;0
Feuquières;49.64;1.85;11/08/2026;20:00;20.8;0;SOLEIL;5;0;0
Feuquières;49.64;1.85;11/08/2026;21:00;19.5;0;SOLEIL;5;0;0
Feuquières;49.64;1.85;11/08/2026;22:00;18.2;0;SOLEIL;5;0;0
Feuquières;49.64;1.85;11/08/2026;23:00;17.6;0;SOLEIL;4;0;0
Feuquières;49.64;1.85;12/08/2026;00:00;17.6;0;SOLEIL;4;0;0
Feuquières;49.64;1.85;12/08/2026;01:00;17.6;0;SOLEIL;4;0;0
Feuquières;49.64;1.85;12/08/2026;02:00;14.2;0;SOLEIL;5;0;0
Feuquières;49.64;1.85;12/08/2026;03:00;14.2;0;SOLEIL;5;0;0
Feuquières;49.64;1.85;12/08/2026;04:00;14.2;0;SOLEIL;5;0;0
Feuquières;49.64;1.85;12/08/2026;05:00;17.4;0;SOLEIL;4;0;0
Feuquières;49.64;1.85;12/08/2026;06:00;17.4;0;SOLEIL;4;0;0
Feuquières;49.64;1.85;12/08/2026;07:00;17.4;0;SOLEIL;4;0;0
Feuquières;49.64;1.85;12/08/2026;08:00;17.4;0;SOLEIL;5;0;0
Feuquières;49.64;1.85;12/08/2026;09:00;19.0;0;SOLEIL;5;0;0
Feuquières;49.64;1.85;12/08/2026;10:00;20.6;0;SOLEIL;5;0;0
Feuquières;49.64;1.85;12/08/2026;11:00;29.7;0;SOLEIL;4;0;0
Feuquières;49.64;1.85;12/08/2026;12:00;29.7;0;SOLEIL;4;0;0
Feuquières;49.64;1.85;12/08/2026;13:00;29.7;0;SOLEIL;4;0;0
Feuquières;49.64;1.85;12/08/2026;14:00;27.0;0;SOLEIL;5;0;0
Feuquières;49.64;1.85;12/08/2026;15:00;28.6;0;SOLEIL;5;0;0
Feuquières;49.64;1.85;12/08/2026;16:00;27.0;0;SOLEIL;5;0;0
Feuquières;49.64;1.85;12/08/2026;17:00;29.5;0;SOLEIL;3;0;0
Feuquières;49.64;1.85;12/08/2026;18:00;29.5;0;SOLEIL;3;0;0
Feuquières;49.64;1.85;12/08/2026;19:00;29.5;0;SOLEIL;3;0;0
Feuquières;49.64;1.85;12/08/2026;20:00;20.6;0;SOLEIL;5;0;0
Feuquières;49.64;1.85;12/08/2026;21:00;19.0;0;SOLEIL;5;0;0
Feuquières;49.64;1.85;12/08/2026;22:00;17.4;0;SOLEIL;5;0;0
Feuquières;49.64;1.85;12/08/2026;23:00;20.7;0;SOLEIL;4;0;0
Rosoy-en-Multien;49.098;2.995;08/08/2026;00:00;13.1;0;SOLEIL;3;0;0
Rosoy-en-Multien;49.098;2.995;08/08/2026;01:00;13.1;0;SOLEIL;3;0;0
Rosoy-en-Multien;49.098;2.995;08/08/2026;02:00;10.7;0;SOLEIL;3;0;0
Rosoy-en-Multien;49.098;2.995;08/08/2026;03:00;10.7;0;SOLEIL;3;0;0
Rosoy-en-Multien;49.098;2.995;08/08/2026;04:00;10.7;0;SOLEIL;3;0;0
Rosoy-en-Multien;49.098;2.995;08/08/2026;05:00;12.6;0;SOLEIL;3;0;0
Rosoy-en-Multien;49.098;2.995;08/08/2026;06:00;12.6;0;SOLEIL;3;0;0
Rosoy-en-Multien;49.098;2.995;08/08/2026;07:00;12.6;0;SOLEIL;3;0;0
Rosoy-en-Multien;49.098;2.995;08/08/2026;08:00;23.1;0;SOLEIL;2;0;0
Rosoy-en-Multien;49.098;2.995;08/08/2026;09:00;23.1;0;SOLEIL;2;0;0
Rosoy-en-Multien;49.098;2.995;08/08/2026;10:00;23.1;0;SOLEIL;2;0;0
Rosoy-en-Multien;49.098;2.995;08/08/2026;11:00;28;0;SOLEIL;2;0;0
Rosoy-en-Multien;49.098;2.995;08/08/2026;12:00;28;0;SOLEIL;2;0;0
Rosoy-en-Multien;49.098;2.995;08/08/2026;13:00;28;0;SOLEIL;2;0;0
Rosoy-en-Multien;49.098;2.995;08/08/2026;14:00;30.4;0;SOLEIL;2;0;0
Rosoy-en-Multien;49.098;2.995;08/08/2026;15:00;30.4;0;SOLEIL;2;0;0
Rosoy-en-Multien;49.098;2.995;08/08/2026;16:00;30.4;0;SOLEIL;2;0;0
Rosoy-en-Multien;49.098;2.995;08/08/2026;17:00;28;0;SOLEIL;1;0;0
Rosoy-en-Multien;49.098;2.995;08/08/2026;18:00;28;0;SOLEIL;1;0;0
Rosoy-en-Multien;49.098;2.995;08/08/2026;19:00;28;0;SOLEIL;1;0;0
Rosoy-en-Multien;49.098;2.995;08/08/2026;20:00;18.7;0;SOLEIL;3;0;0
Rosoy-en-Multien;49.098;2.995;08/08/2026;21:00;18.7;0;SOLEIL;3;0;0
Rosoy-en-Multien;49.098;2.995;08/08/2026;22:00;18.7;0;SOLEIL;3;0;0
Rosoy-en-Multien;49.098;2.995;08/08/2026;23:00;15.4;0;SOLEIL;2;0;0
Rosoy-en-Multien;49.098;2.995;09/08/2026;00:00;15.4;0;SOLEIL;2;0;0
Rosoy-en-Multien;49.098;2.995;09/08/2026;01:00;15.4;0;SOLEIL;2;0;0
Rosoy-en-Multien;49.098;2.995;09/08/2026;02:00;13.2;5;SOLEIL VOILÉ;2;0;0
Rosoy-en-Multien;49.098;2.995;09/08/2026;03:00;13.2;5;SOLEIL VOILÉ;2;0;0
Rosoy-en-Multien;49.098;2.995;09/08/2026;04:00;13.2;5;SOLEIL VOILÉ;2;0;0
Rosoy-en-Multien;49.098;2.995;09/08/2026;05:00;14.2;5;SOLEIL VOILÉ;2;0;0
Rosoy-en-Multien;49.098;2.995;09/08/2026;06:00;14.2;5;SOLEIL VOILÉ;2;0;0
Rosoy-en-Multien;49.098;2.995;09/08/2026;07:00;14.2;5;SOLEIL VOILÉ;2;0;0
Rosoy-en-Multien;49.098;2.995;09/08/2026;08:00;27.2;5;SOLEIL VOILÉ;2;0;0
Rosoy-en-Multien;49.098;2.995;09/08/2026;09:00;27.2;5;SOLEIL VOILÉ;2;0;0
Rosoy-en-Multien;49.098;2.995;09/08/2026;10:00;27.2;5;SOLEIL VOILÉ;2;0;0
Rosoy-en-Multien;49.098;2.995;09/08/2026;11:00;31.5;5;SOLEIL VOILÉ;2;0;0
Rosoy-en-Multien;49.098;2.995;09/08/2026;12:00;31.5;5;SOLEIL VOILÉ;2;0;0
Rosoy-en-Multien;49.098;2.995;09/08/2026;13:00;31.5;5;SOLEIL VOILÉ;2;0;0
Rosoy-en-Multien;49.098;2.995;09/08/2026;14:00;32.1;0;SOLEIL;3;0;0
Rosoy-en-Multien;49.098;2.995;09/08/2026;15:00;32.1;0;SOLEIL;3;0;0
Rosoy-en-Multien;49.098;2.995;09/08/2026;16:00;32.1;0;SOLEIL;3;0;0
Rosoy-en-Multien;49.098;2.995;09/08/2026;17:00;28.9;0;SOLEIL;3;0;0
Rosoy-en-Multien;49.098;2.995;09/08/2026;18:00;28.9;0;SOLEIL;3;0;0
Rosoy-en-Multien;49.098;2.995;09/08/2026;19:00;28.9;0;SOLEIL;3;0;0
Rosoy-en-Multien;49.098;2.995;09/08/2026;20:00;19.3;0;SOLEIL;5;0;0
Rosoy-en-Multien;49.098;2.995;09/08/2026;21:00;17.0;0;SOLEIL;5;0;0
Rosoy-en-Multien;49.098;2.995;09/08/2026;22:00;14.7;0;SOLEIL;5;0;0
Rosoy-en-Multien;49.098;2.995;09/08/2026;23:00;17.4;0;SOLEIL;3;0;0
Rosoy-en-Multien;49.098;2.995;10/08/2026;00:00;17.4;0;SOLEIL;3;0;0
Rosoy-en-Multien;49.098;2.995;10/08/2026;01:00;17.4;0;SOLEIL;3;0;0
Rosoy-en-Multien;49.098;2.995;10/08/2026;02:00;12.2;5;SOLEIL VOILÉ;5;0;0
Rosoy-en-Multien;49.098;2.995;10/08/2026;03:00;12.2;5;SOLEIL VOILÉ;5;0;0
Rosoy-en-Multien;49.098;2.995;10/08/2026;04:00;12.2;5;SOLEIL VOILÉ;5;0;0
Rosoy-en-Multien;49.098;2.995;10/08/2026;05:00;17.6;0;SOLEIL;2;0;0
Rosoy-en-Multien;49.098;2.995;10/08/2026;06:00;17.6;0;SOLEIL;2;0;0
Rosoy-en-Multien;49.098;2.995;10/08/2026;07:00;17.6;0;SOLEIL;2;0;0
Rosoy-en-Multien;49.098;2.995;10/08/2026;08:00;16.8;5;SOLEIL VOILÉ;5;0;0
Rosoy-en-Multien;49.098;2.995;10/08/2026;09:00;19.2;5;SOLEIL VOILÉ;5;0;0
Rosoy-en-Multien;49.098;2.995;10/08/2026;10:00;21.5;5;SOLEIL VOILÉ;5;0;0
Rosoy-en-Multien;49.098;2.995;10/08/2026;11:00;29.6;0;SOLEIL;3;0;0
Rosoy-en-Multien;49.098;2.995;10/08/2026;12:00;29.6;0;SOLEIL;3;0;0
Rosoy-en-Multien;49.098;2.995;10/08/2026;13:00;29.6;0;SOLEIL;3;0;0
Rosoy-en-Multien;49.098;2.995;10/08/2026;14:00;30.8;5;SOLEIL VOILÉ;5;0;0
Rosoy-en-Multien;49.098;2.995;10/08/2026;15:00;33.1;5;SOLEIL VOILÉ;5;0;0
Rosoy-en-Multien;49.098;2.995;10/08/2026;16:00;30.8;5;SOLEIL VOILÉ;5;0;0
Rosoy-en-Multien;49.098;2.995;10/08/2026;17:00;27.1;0;SOLEIL;4;0;0
Rosoy-en-Multien;49.098;2.995;10/08/2026;18:00;27.1;0;SOLEIL;4;0;0
Rosoy-en-Multien;49.098;2.995;10/08/2026;19:00;27.1;0;SOLEIL;4;0;0
Rosoy-en-Multien;49.098;2.995;10/08/2026;20:00;21.5;5;SOLEIL VOILÉ;5;0;0
Rosoy-en-Multien;49.098;2.995;10/08/2026;21:00;19.2;5;SOLEIL VOILÉ;5;0;0
Rosoy-en-Multien;49.098;2.995;10/08/2026;22:00;16.8;5;SOLEIL VOILÉ;5;0;0
Rosoy-en-Multien;49.098;2.995;10/08/2026;23:00;15.7;0;SOLEIL;4;0;0
Rosoy-en-Multien;49.098;2.995;11/08/2026;00:00;15.7;0;SOLEIL;4;0;0
Rosoy-en-Multien;49.098;2.995;11/08/2026;01:00;15.7;0;SOLEIL;4;0;0
Rosoy-en-Multien;49.098;2.995;11/08/2026;02:00;15.6;0;SOLEIL;5;0;0
Rosoy-en-Multien;49.098;2.995;11/08/2026;03:00;15.6;0;SOLEIL;5;0;0
Rosoy-en-Multien;49.098;2.995;11/08/2026;04:00;15.6;0;SOLEIL;5;0;0
Rosoy-en-Multien;49.098;2.995;11/08/2026;05:00;16.1;0;SOLEIL;3;0;0
Rosoy-en-Multien;49.098;2.995;11/08/2026;06:00;16.1;0;SOLEIL;3;0;0
Rosoy-en-Multien;49.098;2.995;11/08/2026;07:00;16.1;0;SOLEIL;3;0;0
Rosoy-en-Multien;49.098;2.995;11/08/2026;08:00;19.0;0;SOLEIL;5;0;0
Rosoy-en-Multien;49.098;2.995;11/08/2026;09:00;20.7;0;SOLEIL;5;0;0
Rosoy-en-Multien;49.098;2.995;11/08/2026;10:00;22.4;0;SOLEIL;5;0;0
Rosoy-en-Multien;49.098;2.995;11/08/2026;11:00;28.6;0;SOLEIL;3;0;0
Rosoy-en-Multien;49.098;2.995;11/08/2026;12:00;28.6;0;SOLEIL;3;0;0
Rosoy-en-Multien;49.098;2.995;11/08/2026;13:00;28.6;0;SOLEIL;3;0;0
Rosoy-en-Multien;49.098;2.995;11/08/2026;14:00;29.3;0;SOLEIL;5;0;0
Rosoy-en-Multien;49.098;2.995;11/08/2026;15:00;31.0;0;SOLEIL;5;0;0
Rosoy-en-Multien;49.098;2.995;11/08/2026;16:00;29.3;0;SOLEIL;5;0;0
Rosoy-en-Multien;49.098;2.995;11/08/2026;17:00;27.1;0;SOLEIL;4;0;0
Rosoy-en-Multien;49.098;2.995;11/08/2026;18:00;27.1;0;SOLEIL;4;0;0
Rosoy-en-Multien;49.098;2.995;11/08/2026;19:00;27.1;0;SOLEIL;4;0;0
Rosoy-en-Multien;49.098;2.995;11/08/2026;20:00;22.4;0;SOLEIL;5;0;0
Rosoy-en-Multien;49.098;2.995;11/08/2026;21:00;20.7;0;SOLEIL;5;0;0
Rosoy-en-Multien;49.098;2.995;11/08/2026;22:00;19.0;0;SOLEIL;5;0;0
Rosoy-en-Multien;49.098;2.995;11/08/2026;23:00;16;0;SOLEIL;4;0;0
Rosoy-en-Multien;49.098;2.995;12/08/2026;00:00;16;0;SOLEIL;4;0;0
Rosoy-en-Multien;49.098;2.995;12/08/2026;01:00;16;0;SOLEIL;4;0;0
Rosoy-en-Multien;49.098;2.995;12/08/2026;02:00;14;0;SOLEIL;5;0;0
Rosoy-en-Multien;49.098;2.995;12/08/2026;03:00;14;0;SOLEIL;5;0;0
Rosoy-en-Multien;49.098;2.995;12/08/2026;04:00;14;0;SOLEIL;5;0;0
Rosoy-en-Multien;49.098;2.995;12/08/2026;05:00;17.6;0;SOLEIL;3;0;0
Rosoy-en-Multien;49.098;2.995;12/08/2026;06:00;17.6;0;SOLEIL;3;0;0
Rosoy-en-Multien;49.098;2.995;12/08/2026;07:00;17.6;0;SOLEIL;3;0;0
Rosoy-en-Multien;49.098;2.995;12/08/2026;08:00;17.8;0;SOLEIL;5;0;0
Rosoy-en-Multien;49.098;2.995;12/08/2026;09:00;19.7;0;SOLEIL;5;0;0
Rosoy-en-Multien;49.098;2.995;12/08/2026;10:00;21.6;0;SOLEIL;5;0;0
Rosoy-en-Multien;49.098;2.995;12/08/2026;11:00;31.6;0;SOLEIL;3;0;0
Rosoy-en-Multien;49.098;2.995;12/08/2026;12:00;31.6;0;SOLEIL;3;0;0
Rosoy-en-Multien;49.098;2.995;12/08/2026;13:00;31.6;0;SOLEIL;3;0;0
Rosoy-en-Multien;49.098;2.995;12/08/2026;14:00;29.1;0;SOLEIL;5;0;0
Rosoy-en-Multien;49.098;2.995;12/08/2026;15:00;31.0;0;SOLEIL;5;0;0
Rosoy-en-Multien;49.098;2.995;12/08/2026;16:00;29.1;0;SOLEIL;5;0;0
Rosoy-en-Multien;49.098;2.995;12/08/2026;17:00;29.7;0;SOLEIL;2;0;0
Rosoy-en-Multien;49.098;2.995;12/08/2026;18:00;29.7;0;SOLEIL;2;0;0
Rosoy-en-Multien;49.098;2.995;12/08/2026;19:00;29.7;0;SOLEIL;2;0;0
Rosoy-en-Multien;49.098;2.995;12/08/2026;20:00;21.6;0;SOLEIL;5;0;0
Rosoy-en-Multien;49.098;2.995;12/08/2026;21:00;19.7;0;SOLEIL;5;0;0
Rosoy-en-Multien;49.098;2.995;12/08/2026;22:00;17.8;0;SOLEIL;5;0;0
Rosoy-en-Multien;49.098;2.995;12/08/2026;23:00;18.7;0;SOLEIL;3;0;0
Arras;50.29;2.78;08/08/2026;00:00;14.9;0;SOLEIL;2;0;0
Arras;50.29;2.78;08/08/2026;01:00;14.9;0;SOLEIL;2;0;0
Arras;50.29;2.78;08/08/2026;02:00;11;0;SOLEIL;2;0;0
Arras;50.29;2.78;08/08/2026;03:00;11;0;SOLEIL;2;0;0
Arras;50.29;2.78;08/08/2026;04:00;11;0;SOLEIL;2;0;0
Arras;50.29;2.78;08/08/2026;05:00;13.6;0;SOLEIL;2;0;0
Arras;50.29;2.78;08/08/2026;06:00;13.6;0;SOLEIL;2;0;0
Arras;50.29;2.78;08/08/2026;07:00;13.6;0;SOLEIL;2;0;0
Arras;50.29;2.78;08/08/2026;08:00;22.9;0;SOLEIL;3;0;0
Arras;50.29;2.78;08/08/2026;09:00;22.9;0;SOLEIL;3;0;0
Arras;50.29;2.78;08/08/2026;10:00;22.9;0;SOLEIL;3;0;0
Arras;50.29;2.78;08/08/2026;11:00;27.1;5;SOLEIL VOILÉ;3;0;0
Arras;50.29;2.78;08/08/2026;12:00;27.1;5;SOLEIL VOILÉ;3;0;0
Arras;50.29;2.78;08/08/2026;13:00;27.1;5;SOLEIL VOILÉ;3;0;0
Arras;50.29;2.78;08/08/2026;14:00;27.6;5;SOLEIL VOILÉ;2;0;0
Arras;50.29;2.78;08/08/2026;15:00;27.6;5;SOLEIL VOILÉ;2;0;0
Arras;50.29;2.78;08/08/2026;16:00;27.6;5;SOLEIL VOILÉ;2;0;0
Arras;50.29;2.78;08/08/2026;17:00;26.5;5;SOLEIL VOILÉ;2;0;0
Arras;50.29;2.78;08/08/2026;18:00;26.5;5;SOLEIL VOILÉ;2;0;0
Arras;50.29;2.78;08/08/2026;19:00;26.5;5;SOLEIL VOILÉ;2;0;0
Arras;50.29;2.78;08/08/2026;20:00;19.6;0;SOLEIL;2;0;0
Arras;50.29;2.78;08/08/2026;21:00;19.6;0;SOLEIL;2;0;0
Arras;50.29;2.78;08/08/2026;22:00;19.6;0;SOLEIL;2;0;0
Arras;50.29;2.78;08/08/2026;23:00;16.1;0;SOLEIL;2;0;0
Arras;50.29;2.78;09/08/2026;00:00;16.1;0;SOLEIL;2;0;0
Arras;50.29;2.78;09/08/2026;01:00;16.1;0;SOLEIL;2;0;0
Arras;50.29;2.78;09/08/2026;02:00;13.6;0;SOLEIL;0;0;0
Arras;50.29;2.78;09/08/2026;03:00;13.6;0;SOLEIL;0;0;0
Arras;50.29;2.78;09/08/2026;04:00;13.6;0;SOLEIL;0;0;0
Arras;50.29;2.78;09/08/2026;05:00;16.6;0;SOLEIL;1;0;0
Arras;50.29;2.78;09/08/2026;06:00;16.6;0;SOLEIL;1;0;0
Arras;50.29;2.78;09/08/2026;07:00;16.6;0;SOLEIL;1;0;0
Arras;50.29;2.78;09/08/2026;08:00;27.6;0;SOLEIL;2;0;0
Arras;50.29;2.78;09/08/2026;09:00;27.6;0;SOLEIL;2;0;0
Arras;50.29;2.78;09/08/2026;10:00;27.6;0;SOLEIL;2;0;0
Arras;50.29;2.78;09/08/2026;11:00;30.7;0;SOLEIL;3;0;0
Arras;50.29;2.78;09/08/2026;12:00;30.7;0;SOLEIL;3;0;0
Arras;50.29;2.78;09/08/2026;13:00;30.7;0;SOLEIL;3;0;0
Arras;50.29;2.78;09/08/2026;14:00;32.4;0;SOLEIL;3;0;0
Arras;50.29;2.78;09/08/2026;15:00;32.4;0;SOLEIL;3;0;0
Arras;50.29;2.78;09/08/2026;16:00;32.4;0;SOLEIL;3;0;0
Arras;50.29;2.78;09/08/2026;17:00;28.9;0;SOLEIL;5;0;0
Arras;50.29;2.78;09/08/2026;18:00;28.9;0;SOLEIL;5;0;0
Arras;50.29;2.78;09/08/2026;19:00;28.9;0;SOLEIL;5;0;0
Arras;50.29;2.78;09/08/2026;20:00;18.1;0;SOLEIL;5;0;0
Arras;50.29;2.78;09/08/2026;21:00;16.1;0;SOLEIL;5;0;0
Arras;50.29;2.78;09/08/2026;22:00;14.0;0;SOLEIL;5;0;0
Arras;50.29;2.78;09/08/2026;23:00;18.1;0;SOLEIL;4;0;0
Arras;50.29;2.78;10/08/2026;00:00;18.1;0;SOLEIL;4;0;0
Arras;50.29;2.78;10/08/2026;01:00;18.1;0;SOLEIL;4;0;0
Arras;50.29;2.78;10/08/2026;02:00;13.1;0;SOLEIL;5;0;0
Arras;50.29;2.78;10/08/2026;03:00;13.1;0;SOLEIL;5;0;0
Arras;50.29;2.78;10/08/2026;04:00;13.1;0;SOLEIL;5;0;0
Arras;50.29;2.78;10/08/2026;05:00;18.6;0;SOLEIL;4;0;0
Arras;50.29;2.78;10/08/2026;06:00;18.6;0;SOLEIL;4;0;0
Arras;50.29;2.78;10/08/2026;07:00;18.6;0;SOLEIL;4;0;0
Arras;50.29;2.78;10/08/2026;08:00;17.5;0;SOLEIL;5;0;0
Arras;50.29;2.78;10/08/2026;09:00;19.8;0;SOLEIL;5;0;0
Arras;50.29;2.78;10/08/2026;10:00;22.0;0;SOLEIL;5;0;0
Arras;50.29;2.78;10/08/2026;11:00;27.7;0;SOLEIL;4;0;0
Arras;50.29;2.78;10/08/2026;12:00;27.7;0;SOLEIL;4;0;0
Arras;50.29;2.78;10/08/2026;13:00;27.7;0;SOLEIL;4;0;0
Arras;50.29;2.78;10/08/2026;14:00;30.9;0;SOLEIL;5;0;0
Arras;50.29;2.78;10/08/2026;15:00;33.1;0;SOLEIL;5;0;0
Arras;50.29;2.78;10/08/2026;16:00;30.9;0;SOLEIL;5;0;0
Arras;50.29;2.78;10/08/2026;17:00;25.1;0;SOLEIL;5;0;0
Arras;50.29;2.78;10/08/2026;18:00;25.1;0;SOLEIL;5;0;0
Arras;50.29;2.78;10/08/2026;19:00;25.1;0;SOLEIL;5;0;0
Arras;50.29;2.78;10/08/2026;20:00;22.0;0;SOLEIL;5;0;0
Arras;50.29;2.78;10/08/2026;21:00;19.8;0;SOLEIL;5;0;0
Arras;50.29;2.78;10/08/2026;22:00;17.5;0;SOLEIL;5;0;0
Arras;50.29;2.78;10/08/2026;23:00;17.1;0;SOLEIL;3;0;0
Arras;50.29;2.78;11/08/2026;00:00;17.1;0;SOLEIL;3;0;0
Arras;50.29;2.78;11/08/2026;01:00;17.1;0;SOLEIL;3;0;0
Arras;50.29;2.78;11/08/2026;02:00;16.9;0;SOLEIL;5;0;0
Arras;50.29;2.78;11/08/2026;03:00;16.9;0;SOLEIL;5;0;0
Arras;50.29;2.78;11/08/2026;04:00;16.9;0;SOLEIL;5;0;0
Arras;50.29;2.78;11/08/2026;05:00;17.1;0;SOLEIL;3;0;0
Arras;50.29;2.78;11/08/2026;06:00;17.1;0;SOLEIL;3;0;0
Arras;50.29;2.78;11/08/2026;07:00;17.1;0;SOLEIL;3;0;0
Arras;50.29;2.78;11/08/2026;08:00;19.6;0;SOLEIL;5;0;0
Arras;50.29;2.78;11/08/2026;09:00;20.9;0;SOLEIL;5;0;0
Arras;50.29;2.78;11/08/2026;10:00;22.3;0;SOLEIL;5;0;0
Arras;50.29;2.78;11/08/2026;11:00;26.6;0;SOLEIL;4;0;0
Arras;50.29;2.78;11/08/2026;12:00;26.6;0;SOLEIL;4;0;0
Arras;50.29;2.78;11/08/2026;13:00;26.6;0;SOLEIL;4;0;0
Arras;50.29;2.78;11/08/2026;14:00;27.7;0;SOLEIL;5;0;0
Arras;50.29;2.78;11/08/2026;15:00;29.0;0;SOLEIL;5;0;0
Arras;50.29;2.78;11/08/2026;16:00;27.7;0;SOLEIL;5;0;0
Arras;50.29;2.78;11/08/2026;17:00;25.6;0;SOLEIL;4;0;0
Arras;50.29;2.78;11/08/2026;18:00;25.6;0;SOLEIL;4;0;0
Arras;50.29;2.78;11/08/2026;19:00;25.6;0;SOLEIL;4;0;0
Arras;50.29;2.78;11/08/2026;20:00;22.3;0;SOLEIL;5;0;0
Arras;50.29;2.78;11/08/2026;21:00;20.9;0;SOLEIL;5;0;0
Arras;50.29;2.78;11/08/2026;22:00;19.6;0;SOLEIL;5;0;0
Arras;50.29;2.78;11/08/2026;23:00;17.7;0;SOLEIL;4;0;0
Arras;50.29;2.78;12/08/2026;00:00;17.7;0;SOLEIL;4;0;0
Arras;50.29;2.78;12/08/2026;01:00;17.7;0;SOLEIL;4;0;0
Arras;50.29;2.78;12/08/2026;02:00;15;0;SOLEIL;5;0;0
Arras;50.29;2.78;12/08/2026;03:00;15;0;SOLEIL;5;0;0
Arras;50.29;2.78;12/08/2026;04:00;15;0;SOLEIL;5;0;0
Arras;50.29;2.78;12/08/2026;05:00;16.9;0;SOLEIL;3;0;0
Arras;50.29;2.78;12/08/2026;06:00;16.9;0;SOLEIL;3;0;0
Arras;50.29;2.78;12/08/2026;07:00;16.9;0;SOLEIL;3;0;0
Arras;50.29;2.78;12/08/2026;08:00;18.0;0;SOLEIL;5;0;0
Arras;50.29;2.78;12/08/2026;09:00;19.5;0;SOLEIL;5;0;0
Arras;50.29;2.78;12/08/2026;10:00;21.0;0;SOLEIL;5;0;0
Arras;50.29;2.78;12/08/2026;11:00;29.1;0;SOLEIL;3;0;0
Arras;50.29;2.78;12/08/2026;12:00;29.1;0;SOLEIL;3;0;0
Arras;50.29;2.78;12/08/2026;13:00;29.1;0;SOLEIL;3;0;0
Arras;50.29;2.78;12/08/2026;14:00;26.9;0;SOLEIL;5;0;0
Arras;50.29;2.78;12/08/2026;15:00;28.4;0;SOLEIL;5;0;0
Arras;50.29;2.78;12/08/2026;16:00;26.9;0;SOLEIL;5;0;0
Arras;50.29;2.78;12/08/2026;17:00;29.1;0;SOLEIL;3;0;0
Arras;50.29;2.78;12/08/2026;18:00;29.1;0;SOLEIL;3;0;0
Arras;50.29;2.78;12/08/2026;19:00;29.1;0;SOLEIL;3;0;0
Arras;50.29;2.78;12/08/2026;20:00;21.0;0;SOLEIL;5;0;0
Arras;50.29;2.78;12/08/2026;21:00;19.5;0;SOLEIL;5;0;0
Arras;50.29;2.78;12/08/2026;22:00;18.0;0;SOLEIL;5;0;0
Arras;50.29;2.78;12/08/2026;23:00;20.4;0;SOLEIL;2;0;0
Berck;50.4;1.57;08/08/2026;00:00;16.1;0;SOLEIL;3;0;0
Berck;50.4;1.57;08/08/2026;01:00;16.1;0;SOLEIL;3;0;0
Berck;50.4;1.57;08/08/2026;02:00;14.6;0;SOLEIL;3;0;0
Berck;50.4;1.57;08/08/2026;03:00;14.6;0;SOLEIL;3;0;0
Berck;50.4;1.57;08/08/2026;04:00;14.6;0;SOLEIL;3;0;0
Berck;50.4;1.57;08/08/2026;05:00;16;0;SOLEIL;3;0;0
Berck;50.4;1.57;08/08/2026;06:00;16;0;SOLEIL;3;0;0
Berck;50.4;1.57;08/08/2026;07:00;16;0;SOLEIL;3;0;0
Berck;50.4;1.57;08/08/2026;08:00;23.1;5;SOLEIL VOILÉ;3;0;0
Berck;50.4;1.57;08/08/2026;09:00;23.1;5;SOLEIL VOILÉ;3;0;0
Berck;50.4;1.57;08/08/2026;10:00;23.1;5;SOLEIL VOILÉ;3;0;0
Berck;50.4;1.57;08/08/2026;11:00;25.7;5;SOLEIL VOILÉ;3;0;0
Berck;50.4;1.57;08/08/2026;12:00;25.7;5;SOLEIL VOILÉ;3;0;0
Berck;50.4;1.57;08/08/2026;13:00;25.7;5;SOLEIL VOILÉ;3;0;0
Berck;50.4;1.57;08/08/2026;14:00;25.7;5;SOLEIL VOILÉ;4;0;0
Berck;50.4;1.57;08/08/2026;15:00;25.7;5;SOLEIL VOILÉ;4;0;0
Berck;50.4;1.57;08/08/2026;16:00;25.7;5;SOLEIL VOILÉ;4;0;0
Berck;50.4;1.57;08/08/2026;17:00;23.6;0;SOLEIL;4;0;0
Berck;50.4;1.57;08/08/2026;18:00;23.6;0;SOLEIL;4;0;0
Berck;50.4;1.57;08/08/2026;19:00;23.6;0;SOLEIL;4;0;0
Berck;50.4;1.57;08/08/2026;20:00;20.1;0;SOLEIL;3;0;0
Berck;50.4;1.57;08/08/2026;21:00;20.1;0;SOLEIL;3;0;0
Berck;50.4;1.57;08/08/2026;22:00;20.1;0;SOLEIL;3;0;0
Berck;50.4;1.57;08/08/2026;23:00;17.9;0;SOLEIL;3;0;0
Berck;50.4;1.57;09/08/2026;00:00;17.9;0;SOLEIL;3;0;0
Berck;50.4;1.57;09/08/2026;01:00;17.9;0;SOLEIL;3;0;0
Berck;50.4;1.57;09/08/2026;02:00;16.1;0;SOLEIL;3;0;0
Berck;50.4;1.57;09/08/2026;03:00;16.1;0;SOLEIL;3;0;0
Berck;50.4;1.57;09/08/2026;04:00;16.1;0;SOLEIL;3;0;0
Berck;50.4;1.57;09/08/2026;05:00;17.9;0;SOLEIL;3;0;0
Berck;50.4;1.57;09/08/2026;06:00;17.9;0;SOLEIL;3;0;0
Berck;50.4;1.57;09/08/2026;07:00;17.9;0;SOLEIL;3;0;0
Berck;50.4;1.57;09/08/2026;08:00;25.9;0;SOLEIL;2;0;0
Berck;50.4;1.57;09/08/2026;09:00;25.9;0;SOLEIL;2;0;0
Berck;50.4;1.57;09/08/2026;10:00;25.9;0;SOLEIL;2;0;0
Berck;50.4;1.57;09/08/2026;11:00;28.9;0;SOLEIL;3;0;0
Berck;50.4;1.57;09/08/2026;12:00;28.9;0;SOLEIL;3;0;0
Berck;50.4;1.57;09/08/2026;13:00;28.9;0;SOLEIL;3;0;0
Berck;50.4;1.57;09/08/2026;14:00;26.5;0;SOLEIL;3;0;0
Berck;50.4;1.57;09/08/2026;15:00;26.5;0;SOLEIL;3;0;0
Berck;50.4;1.57;09/08/2026;16:00;26.5;0;SOLEIL;3;0;0
Berck;50.4;1.57;09/08/2026;17:00;23.1;0;SOLEIL;4;0;0
Berck;50.4;1.57;09/08/2026;18:00;23.1;0;SOLEIL;4;0;0
Berck;50.4;1.57;09/08/2026;19:00;23.1;0;SOLEIL;4;0;0
Berck;50.4;1.57;09/08/2026;20:00;19.2;0;SOLEIL;5;0;0
Berck;50.4;1.57;09/08/2026;21:00;17.8;0;SOLEIL;5;0;0
Berck;50.4;1.57;09/08/2026;22:00;16.5;0;SOLEIL;5;0;0
Berck;50.4;1.57;09/08/2026;23:00;19.4;0;SOLEIL;5;0;0
Berck;50.4;1.57;10/08/2026;00:00;19.4;0;SOLEIL;5;0;0
Berck;50.4;1.57;10/08/2026;01:00;19.4;0;SOLEIL;5;0;0
Berck;50.4;1.57;10/08/2026;02:00;15.5;0;SOLEIL;5;0;0
Berck;50.4;1.57;10/08/2026;03:00;15.5;0;SOLEIL;5;0;0
Berck;50.4;1.57;10/08/2026;04:00;15.5;0;SOLEIL;5;0;0
Berck;50.4;1.57;10/08/2026;05:00;19.6;0;SOLEIL;5;0;0
Berck;50.4;1.57;10/08/2026;06:00;19.6;0;SOLEIL;5;0;0
Berck;50.4;1.57;10/08/2026;07:00;19.6;0;SOLEIL;5;0;0
Berck;50.4;1.57;10/08/2026;08:00;18.7;0;SOLEIL;5;0;0
Berck;50.4;1.57;10/08/2026;09:00;20.3;0;SOLEIL;5;0;0
Berck;50.4;1.57;10/08/2026;10:00;21.9;0;SOLEIL;5;0;0
Berck;50.4;1.57;10/08/2026;11:00;22.7;0;SOLEIL;5;0;0
Berck;50.4;1.57;10/08/2026;12:00;22.7;0;SOLEIL;5;0;0
Berck;50.4;1.57;10/08/2026;13:00;22.7;0;SOLEIL;5;0;0
Berck;50.4;1.57;10/08/2026;14:00;28.3;0;SOLEIL;5;0;0
Berck;50.4;1.57;10/08/2026;15:00;29.9;0;SOLEIL;5;0;0
Berck;50.4;1.57;10/08/2026;16:00;28.3;0;SOLEIL;5;0;0
Berck;50.4;1.57;10/08/2026;17:00;21.6;0;SOLEIL;4;0;0
Berck;50.4;1.57;10/08/2026;18:00;21.6;0;SOLEIL;4;0;0
Berck;50.4;1.57;10/08/2026;19:00;21.6;0;SOLEIL;4;0;0
Berck;50.4;1.57;10/08/2026;20:00;21.9;0;SOLEIL;5;0;0
Berck;50.4;1.57;10/08/2026;21:00;20.3;0;SOLEIL;5;0;0
Berck;50.4;1.57;10/08/2026;22:00;18.7;0;SOLEIL;5;0;0
Berck;50.4;1.57;10/08/2026;23:00;17.4;0;SOLEIL;4;0;0
Berck;50.4;1.57;11/08/2026;00:00;17.4;0;SOLEIL;4;0;0
Berck;50.4;1.57;11/08/2026;01:00;17.4;0;SOLEIL;4;0;0
Berck;50.4;1.57;11/08/2026;02:00;18.4;0;SOLEIL;5;0;0
Berck;50.4;1.57;11/08/2026;03:00;18.4;0;SOLEIL;5;0;0
Berck;50.4;1.57;11/08/2026;04:00;18.4;0;SOLEIL;5;0;0
Berck;50.4;1.57;11/08/2026;05:00;17.1;0;SOLEIL;4;0;0
Berck;50.4;1.57;11/08/2026;06:00;17.1;0;SOLEIL;4;0;0
Berck;50.4;1.57;11/08/2026;07:00;17.1;0;SOLEIL;4;0;0
Berck;50.4;1.57;11/08/2026;08:00;19.7;0;SOLEIL;5;0;0
Berck;50.4;1.57;11/08/2026;09:00;20.3;0;SOLEIL;5;0;0
Berck;50.4;1.57;11/08/2026;10:00;20.9;0;SOLEIL;5;0;0
Berck;50.4;1.57;11/08/2026;11:00;26.1;0;SOLEIL;4;0;0
Berck;50.4;1.57;11/08/2026;12:00;26.1;0;SOLEIL;4;0;0
Berck;50.4;1.57;11/08/2026;13:00;26.1;0;SOLEIL;4;0;0
Berck;50.4;1.57;11/08/2026;14:00;23.5;0;SOLEIL;5;0;0
Berck;50.4;1.57;11/08/2026;15:00;24.1;0;SOLEIL;5;0;0
Berck;50.4;1.57;11/08/2026;16:00;23.5;0;SOLEIL;5;0;0
Berck;50.4;1.57;11/08/2026;17:00;25.4;0;SOLEIL;5;0;0
Berck;50.4;1.57;11/08/2026;18:00;25.4;0;SOLEIL;5;0;0
Berck;50.4;1.57;11/08/2026;19:00;25.4;0;SOLEIL;5;0;0
Berck;50.4;1.57;11/08/2026;20:00;20.9;0;SOLEIL;5;0;0
Berck;50.4;1.57;11/08/2026;21:00;20.3;0;SOLEIL;5;0;0
Berck;50.4;1.57;11/08/2026;22:00;19.7;0;SOLEIL;5;0;0
Berck;50.4;1.57;11/08/2026;23:00;19.1;0;SOLEIL;5;0;0
Berck;50.4;1.57;12/08/2026;00:00;19.1;0;SOLEIL;5;0;0
Berck;50.4;1.57;12/08/2026;01:00;19.1;0;SOLEIL;5;0;0
Berck;50.4;1.57;12/08/2026;02:00;15.5;0;SOLEIL;5;0;0
Berck;50.4;1.57;12/08/2026;03:00;15.5;0;SOLEIL;5;0;0
Berck;50.4;1.57;12/08/2026;04:00;15.5;0;SOLEIL;5;0;0
Berck;50.4;1.57;12/08/2026;05:00;17.2;0;SOLEIL;5;0;0
Berck;50.4;1.57;12/08/2026;06:00;17.2;0;SOLEIL;5;0;0
Berck;50.4;1.57;12/08/2026;07:00;17.2;0;SOLEIL;5;0;0
Berck;50.4;1.57;12/08/2026;08:00;18.1;0;SOLEIL;5;0;0
Berck;50.4;1.57;12/08/2026;09:00;19.4;0;SOLEIL;5;0;0
Berck;50.4;1.57;12/08/2026;10:00;20.7;0;SOLEIL;5;0;0
Berck;50.4;1.57;12/08/2026;11:00;28;0;SOLEIL;4;0;0
Berck;50.4;1.57;12/08/2026;12:00;28;0;SOLEIL;4;0;0
Berck;50.4;1.57;12/08/2026;13:00;28;0;SOLEIL;4;0;0
Berck;50.4;1.57;12/08/2026;14:00;25.8;0;SOLEIL;5;0;0
Berck;50.4;1.57;12/08/2026;15:00;27.1;0;SOLEIL;5;0;0
Berck;50.4;1.57;12/08/2026;16:00;25.8;0;SOLEIL;5;0;0
Berck;50.4;1.57;12/08/2026;17:00;27;0;SOLEIL;3;0;0
Berck;50.4;1.57;12/08/2026;18:00;27;0;SOLEIL;3;0;0
Berck;50.4;1.57;12/08/2026;19:00;27;0;SOLEIL;3;0;0
Berck;50.4;1.57;12/08/2026;20:00;20.7;0;SOLEIL;5;0;0
Berck;50.4;1.57;12/08/2026;21:00;19.4;0;SOLEIL;5;0;0
Berck;50.4;1.57;12/08/2026;22:00;18.1;0;SOLEIL;5;0;0
Berck;50.4;1.57;12/08/2026;23:00;21.9;0;SOLEIL;5;0;0
Calais;50.95;1.85;08/08/2026;00:00;17.7;0;SOLEIL;2;0;0
Calais;50.95;1.85;08/08/2026;01:00;17.7;0;SOLEIL;2;0;0
Calais;50.95;1.85;08/08/2026;02:00;16.1;0;SOLEIL;3;0;0
Calais;50.95;1.85;08/08/2026;03:00;16.1;0;SOLEIL;3;0;0
Calais;50.95;1.85;08/08/2026;04:00;16.1;0;SOLEIL;3;0;0
Calais;50.95;1.85;08/08/2026;05:00;16.6;0;SOLEIL;3;0;0
Calais;50.95;1.85;08/08/2026;06:00;16.6;0;SOLEIL;3;0;0
Calais;50.95;1.85;08/08/2026;07:00;16.6;0;SOLEIL;3;0;0
Calais;50.95;1.85;08/08/2026;08:00;23.6;5;SOLEIL VOILÉ;3;0;0
Calais;50.95;1.85;08/08/2026;09:00;23.6;5;SOLEIL VOILÉ;3;0;0
Calais;50.95;1.85;08/08/2026;10:00;23.6;5;SOLEIL VOILÉ;3;0;0
Calais;50.95;1.85;08/08/2026;11:00;24.9;5;SOLEIL VOILÉ;3;0;0
Calais;50.95;1.85;08/08/2026;12:00;24.9;5;SOLEIL VOILÉ;3;0;0
Calais;50.95;1.85;08/08/2026;13:00;24.9;5;SOLEIL VOILÉ;3;0;0
Calais;50.95;1.85;08/08/2026;14:00;25.1;5;SOLEIL VOILÉ;3;0;0
Calais;50.95;1.85;08/08/2026;15:00;25.1;5;SOLEIL VOILÉ;3;0;0
Calais;50.95;1.85;08/08/2026;16:00;25.1;5;SOLEIL VOILÉ;3;0;0
Calais;50.95;1.85;08/08/2026;17:00;22.9;5;SOLEIL VOILÉ;5;0;0
Calais;50.95;1.85;08/08/2026;18:00;22.9;5;SOLEIL VOILÉ;5;0;0
Calais;50.95;1.85;08/08/2026;19:00;22.9;5;SOLEIL VOILÉ;5;0;0
Calais;50.95;1.85;08/08/2026;20:00;21.4;0;SOLEIL;3;0;0
Calais;50.95;1.85;08/08/2026;21:00;21.4;0;SOLEIL;3;0;0
Calais;50.95;1.85;08/08/2026;22:00;21.4;0;SOLEIL;3;0;0
Calais;50.95;1.85;08/08/2026;23:00;18.5;0;SOLEIL;3;0;0
Calais;50.95;1.85;09/08/2026;00:00;18.5;0;SOLEIL;3;0;0
Calais;50.95;1.85;09/08/2026;01:00;18.5;0;SOLEIL;3;0;0
Calais;50.95;1.85;09/08/2026;02:00;18.6;0;SOLEIL;3;0;0
Calais;50.95;1.85;09/08/2026;03:00;18.6;0;SOLEIL;3;0;0
Calais;50.95;1.85;09/08/2026;04:00;18.6;0;SOLEIL;3;0;0
Calais;50.95;1.85;09/08/2026;05:00;20.1;0;SOLEIL;2;0;0
Calais;50.95;1.85;09/08/2026;06:00;20.1;0;SOLEIL;2;0;0
Calais;50.95;1.85;09/08/2026;07:00;20.1;0;SOLEIL;2;0;0
Calais;50.95;1.85;09/08/2026;08:00;25.2;0;SOLEIL;2;0;0
Calais;50.95;1.85;09/08/2026;09:00;25.2;0;SOLEIL;2;0;0
Calais;50.95;1.85;09/08/2026;10:00;25.2;0;SOLEIL;2;0;0
Calais;50.95;1.85;09/08/2026;11:00;26.6;0;SOLEIL;3;0;0
Calais;50.95;1.85;09/08/2026;12:00;26.6;0;SOLEIL;3;0;0
Calais;50.95;1.85;09/08/2026;13:00;26.6;0;SOLEIL;3;0;0
Calais;50.95;1.85;09/08/2026;14:00;26.2;0;SOLEIL;3;0;0
Calais;50.95;1.85;09/08/2026;15:00;26.2;0;SOLEIL;3;0;0
Calais;50.95;1.85;09/08/2026;16:00;26.2;0;SOLEIL;3;0;0
Calais;50.95;1.85;09/08/2026;17:00;24.1;0;SOLEIL;4;0;0
Calais;50.95;1.85;09/08/2026;18:00;24.1;0;SOLEIL;4;0;0
Calais;50.95;1.85;09/08/2026;19:00;24.1;0;SOLEIL;4;0;0
Calais;50.95;1.85;09/08/2026;20:00;19.9;5;SOLEIL VOILÉ;5;0;0
Calais;50.95;1.85;09/08/2026;21:00;18.7;5;SOLEIL VOILÉ;5;0;0
Calais;50.95;1.85;09/08/2026;22:00;17.5;5;SOLEIL VOILÉ;5;0;0
Calais;50.95;1.85;09/08/2026;23:00;20.5;0;SOLEIL;5;0;0
Calais;50.95;1.85;10/08/2026;00:00;20.5;0;SOLEIL;5;0;0
Calais;50.95;1.85;10/08/2026;01:00;20.5;0;SOLEIL;5;0;0
Calais;50.95;1.85;10/08/2026;02:00;17.2;0;SOLEIL;5;0;0
Calais;50.95;1.85;10/08/2026;03:00;17.2;0;SOLEIL;5;0;0
Calais;50.95;1.85;10/08/2026;04:00;17.2;0;SOLEIL;5;0;0
Calais;50.95;1.85;10/08/2026;05:00;20.5;0;SOLEIL;5;0;0
Calais;50.95;1.85;10/08/2026;06:00;20.5;0;SOLEIL;5;0;0
Calais;50.95;1.85;10/08/2026;07:00;20.5;0;SOLEIL;5;0;0
Calais;50.95;1.85;10/08/2026;08:00;19.4;0;SOLEIL;5;0;0
Calais;50.95;1.85;10/08/2026;09:00;20.5;0;SOLEIL;5;0;0
Calais;50.95;1.85;10/08/2026;10:00;21.6;0;SOLEIL;5;0;0
Calais;50.95;1.85;10/08/2026;11:00;24.7;0;SOLEIL;5;0;0
Calais;50.95;1.85;10/08/2026;12:00;24.7;0;SOLEIL;5;0;0
Calais;50.95;1.85;10/08/2026;13:00;24.7;0;SOLEIL;5;0;0
Calais;50.95;1.85;10/08/2026;14:00;26.1;0;SOLEIL;5;0;0
Calais;50.95;1.85;10/08/2026;15:00;27.2;0;SOLEIL;5;0;0
Calais;50.95;1.85;10/08/2026;16:00;26.1;0;SOLEIL;5;0;0
Calais;50.95;1.85;10/08/2026;17:00;22.6;0;SOLEIL;4;0;0
Calais;50.95;1.85;10/08/2026;18:00;22.6;0;SOLEIL;4;0;0
Calais;50.95;1.85;10/08/2026;19:00;22.6;0;SOLEIL;4;0;0
Calais;50.95;1.85;10/08/2026;20:00;21.6;0;SOLEIL;5;0;0
Calais;50.95;1.85;10/08/2026;21:00;20.5;0;SOLEIL;5;0;0
Calais;50.95;1.85;10/08/2026;22:00;19.4;0;SOLEIL;5;0;0
Calais;50.95;1.85;10/08/2026;23:00;18.6;0;SOLEIL;5;0;0
Calais;50.95;1.85;11/08/2026;00:00;18.6;0;SOLEIL;5;0;0
Calais;50.95;1.85;11/08/2026;01:00;18.6;0;SOLEIL;5;0;0
Calais;50.95;1.85;11/08/2026;02:00;19.2;0;SOLEIL;5;0;0
Calais;50.95;1.85;11/08/2026;03:00;19.2;0;SOLEIL;5;0;0
Calais;50.95;1.85;11/08/2026;04:00;19.2;0;SOLEIL;5;0;0
Calais;50.95;1.85;11/08/2026;05:00;18.1;0;SOLEIL;5;0;0
Calais;50.95;1.85;11/08/2026;06:00;18.1;0;SOLEIL;5;0;0
Calais;50.95;1.85;11/08/2026;07:00;18.1;0;SOLEIL;5;0;0
Calais;50.95;1.85;11/08/2026;08:00;20.6;0;SOLEIL;5;0;0
Calais;50.95;1.85;11/08/2026;09:00;21.3;0;SOLEIL;5;0;0
Calais;50.95;1.85;11/08/2026;10:00;22.0;0;SOLEIL;5;0;0
Calais;50.95;1.85;11/08/2026;11:00;26.1;0;SOLEIL;7;0;0
Calais;50.95;1.85;11/08/2026;12:00;26.1;0;SOLEIL;7;0;0
Calais;50.95;1.85;11/08/2026;13:00;26.1;0;SOLEIL;7;0;0
Calais;50.95;1.85;11/08/2026;14:00;24.9;0;SOLEIL;5;0;0
Calais;50.95;1.85;11/08/2026;15:00;25.6;0;SOLEIL;5;0;0
Calais;50.95;1.85;11/08/2026;16:00;24.9;0;SOLEIL;5;0;0
Calais;50.95;1.85;11/08/2026;17:00;22.7;0;SOLEIL;8;0;0
Calais;50.95;1.85;11/08/2026;18:00;22.7;0;SOLEIL;8;0;0
Calais;50.95;1.85;11/08/2026;19:00;22.7;0;SOLEIL;8;0;0
Calais;50.95;1.85;11/08/2026;20:00;22.0;0;SOLEIL;5;0;0
Calais;50.95;1.85;11/08/2026;21:00;21.3;0;SOLEIL;5;0;0
Calais;50.95;1.85;11/08/2026;22:00;20.6;0;SOLEIL;5;0;0
Calais;50.95;1.85;11/08/2026;23:00;19.7;0;SOLEIL;6;0;0
Calais;50.95;1.85;12/08/2026;00:00;19.7;0;SOLEIL;6;0;0
Calais;50.95;1.85;12/08/2026;01:00;19.7;0;SOLEIL;6;0;0
Calais;50.95;1.85;12/08/2026;02:00;16.6;0;SOLEIL;5;0;0
Calais;50.95;1.85;12/08/2026;03:00;16.6;0;SOLEIL;5;0;0
Calais;50.95;1.85;12/08/2026;04:00;16.6;0;SOLEIL;5;0;0
Calais;50.95;1.85;12/08/2026;05:00;17.9;0;SOLEIL;5;0;0
Calais;50.95;1.85;12/08/2026;06:00;17.9;0;SOLEIL;5;0;0
Calais;50.95;1.85;12/08/2026;07:00;17.9;0;SOLEIL;5;0;0
Calais;50.95;1.85;12/08/2026;08:00;18.8;0;SOLEIL;5;0;0
Calais;50.95;1.85;12/08/2026;09:00;19.9;0;SOLEIL;5;0;0
Calais;50.95;1.85;12/08/2026;10:00;21.0;0;SOLEIL;5;0;0
Calais;50.95;1.85;12/08/2026;11:00;29.6;0;SOLEIL;6;0;0
Calais;50.95;1.85;12/08/2026;12:00;29.6;0;SOLEIL;6;0;0
Calais;50.95;1.85;12/08/2026;13:00;29.6;0;SOLEIL;6;0;0
Calais;50.95;1.85;12/08/2026;14:00;25.5;0;SOLEIL;5;0;0
Calais;50.95;1.85;12/08/2026;15:00;26.6;0;SOLEIL;5;0;0
Calais;50.95;1.85;12/08/2026;16:00;25.5;0;SOLEIL;5;0;0
Calais;50.95;1.85;12/08/2026;17:00;27.9;0;SOLEIL;6;0;0
Calais;50.95;1.85;12/08/2026;18:00;27.9;0;SOLEIL;6;0;0
Calais;50.95;1.85;12/08/2026;19:00;27.9;0;SOLEIL;6;0;0
Calais;50.95;1.85;12/08/2026;20:00;21.0;0;SOLEIL;5;0;0
Calais;50.95;1.85;12/08/2026;21:00;19.9;0;SOLEIL;5;0;0
Calais;50.95;1.85;12/08/2026;22:00;18.8;0;SOLEIL;5;0;0
Calais;50.95;1.85;12/08/2026;23:00;22.9;0;SOLEIL;5;0;0
Renty;50.58;2.06;08/08/2026;00:00;13.6;0;SOLEIL;1;0;0
Renty;50.58;2.06;08/08/2026;01:00;13.6;0;SOLEIL;1;0;0
Renty;50.58;2.06;08/08/2026;02:00;12.2;0;SOLEIL;2;0;0
Renty;50.58;2.06;08/08/2026;03:00;12.2;0;SOLEIL;2;0;0
Renty;50.58;2.06;08/08/2026;04:00;12.2;0;SOLEIL;2;0;0
Renty;50.58;2.06;08/08/2026;05:00;14.1;0;SOLEIL;3;0;0
Renty;50.58;2.06;08/08/2026;06:00;14.1;0;SOLEIL;3;0;0
Renty;50.58;2.06;08/08/2026;07:00;14.1;0;SOLEIL;3;0;0
Renty;50.58;2.06;08/08/2026;08:00;23.1;5;SOLEIL VOILÉ;3;0;0
Renty;50.58;2.06;08/08/2026;09:00;23.1;5;SOLEIL VOILÉ;3;0;0
Renty;50.58;2.06;08/08/2026;10:00;23.1;5;SOLEIL VOILÉ;3;0;0
Renty;50.58;2.06;08/08/2026;11:00;25.5;5;SOLEIL VOILÉ;3;0;0
Renty;50.58;2.06;08/08/2026;12:00;25.5;5;SOLEIL VOILÉ;3;0;0
Renty;50.58;2.06;08/08/2026;13:00;25.5;5;SOLEIL VOILÉ;3;0;0
Renty;50.58;2.06;08/08/2026;14:00;27.1;5;SOLEIL VOILÉ;3;0;0
Renty;50.58;2.06;08/08/2026;15:00;27.1;5;SOLEIL VOILÉ;3;0;0
Renty;50.58;2.06;08/08/2026;16:00;27.1;5;SOLEIL VOILÉ;3;0;0
Renty;50.58;2.06;08/08/2026;17:00;25;5;SOLEIL VOILÉ;2;0;0
Renty;50.58;2.06;08/08/2026;18:00;25;5;SOLEIL VOILÉ;2;0;0
Renty;50.58;2.06;08/08/2026;19:00;25;5;SOLEIL VOILÉ;2;0;0
Renty;50.58;2.06;08/08/2026;20:00;18.4;0;SOLEIL;2;0;0
Renty;50.58;2.06;08/08/2026;21:00;18.4;0;SOLEIL;2;0;0
Renty;50.58;2.06;08/08/2026;22:00;18.4;0;SOLEIL;2;0;0
Renty;50.58;2.06;08/08/2026;23:00;16.2;0;SOLEIL;2;0;0
Renty;50.58;2.06;09/08/2026;00:00;16.2;0;SOLEIL;2;0;0
Renty;50.58;2.06;09/08/2026;01:00;16.2;0;SOLEIL;2;0;0
Renty;50.58;2.06;09/08/2026;02:00;14.5;0;SOLEIL;2;0;0
Renty;50.58;2.06;09/08/2026;03:00;14.5;0;SOLEIL;2;0;0
Renty;50.58;2.06;09/08/2026;04:00;14.5;0;SOLEIL;2;0;0
Renty;50.58;2.06;09/08/2026;05:00;17.6;0;SOLEIL;2;0;0
Renty;50.58;2.06;09/08/2026;06:00;17.6;0;SOLEIL;2;0;0
Renty;50.58;2.06;09/08/2026;07:00;17.6;0;SOLEIL;2;0;0
Renty;50.58;2.06;09/08/2026;08:00;26.4;0;SOLEIL;2;0;0
Renty;50.58;2.06;09/08/2026;09:00;26.4;0;SOLEIL;2;0;0
Renty;50.58;2.06;09/08/2026;10:00;26.4;0;SOLEIL;2;0;0
Renty;50.58;2.06;09/08/2026;11:00;29.2;0;SOLEIL;3;0;0
Renty;50.58;2.06;09/08/2026;12:00;29.2;0;SOLEIL;3;0;0
Renty;50.58;2.06;09/08/2026;13:00;29.2;0;SOLEIL;3;0;0
Renty;50.58;2.06;09/08/2026;14:00;29.7;0;SOLEIL;4;0;0
Renty;50.58;2.06;09/08/2026;15:00;29.7;0;SOLEIL;4;0;0
Renty;50.58;2.06;09/08/2026;16:00;29.7;0;SOLEIL;4;0;0
Renty;50.58;2.06;09/08/2026;17:00;25;0;SOLEIL;4;0;0
Renty;50.58;2.06;09/08/2026;18:00;25;0;SOLEIL;4;0;0
Renty;50.58;2.06;09/08/2026;19:00;25;0;SOLEIL;4;0;0
Renty;50.58;2.06;09/08/2026;20:00;18.5;5;SOLEIL VOILÉ;5;0;0
Renty;50.58;2.06;09/08/2026;21:00;16.7;5;SOLEIL VOILÉ;5;0;0
Renty;50.58;2.06;09/08/2026;22:00;14.9;5;SOLEIL VOILÉ;5;0;0
Renty;50.58;2.06;09/08/2026;23:00;17.1;0;SOLEIL;4;0;0
Renty;50.58;2.06;10/08/2026;00:00;17.1;0;SOLEIL;4;0;0
Renty;50.58;2.06;10/08/2026;01:00;17.1;0;SOLEIL;4;0;0
Renty;50.58;2.06;10/08/2026;02:00;13.6;0;SOLEIL;5;0;0
Renty;50.58;2.06;10/08/2026;03:00;13.6;0;SOLEIL;5;0;0
Renty;50.58;2.06;10/08/2026;04:00;13.6;0;SOLEIL;5;0;0
Renty;50.58;2.06;10/08/2026;05:00;18.6;0;SOLEIL;3;0;0
Renty;50.58;2.06;10/08/2026;06:00;18.6;0;SOLEIL;3;0;0
Renty;50.58;2.06;10/08/2026;07:00;18.6;0;SOLEIL;3;0;0
Renty;50.58;2.06;10/08/2026;08:00;17.4;0;SOLEIL;5;0;0
Renty;50.58;2.06;10/08/2026;09:00;19.3;0;SOLEIL;5;0;0
Renty;50.58;2.06;10/08/2026;10:00;21.2;0;SOLEIL;5;0;0
Renty;50.58;2.06;10/08/2026;11:00;25.5;0;SOLEIL;4;0;0
Renty;50.58;2.06;10/08/2026;12:00;25.5;0;SOLEIL;4;0;0
Renty;50.58;2.06;10/08/2026;13:00;25.5;0;SOLEIL;4;0;0
Renty;50.58;2.06;10/08/2026;14:00;28.8;0;SOLEIL;5;0;0
Renty;50.58;2.06;10/08/2026;15:00;30.7;0;SOLEIL;5;0;0
Renty;50.58;2.06;10/08/2026;16:00;28.8;0;SOLEIL;5;0;0
Renty;50.58;2.06;10/08/2026;17:00;23;0;SOLEIL;4;0;0
Renty;50.58;2.06;10/08/2026;18:00;23;0;SOLEIL;4;0;0
Renty;50.58;2.06;10/08/2026;19:00;23;0;SOLEIL;4;0;0
Renty;50.58;2.06;10/08/2026;20:00;21.2;0;SOLEIL;5;0;0
Renty;50.58;2.06;10/08/2026;21:00;19.3;0;SOLEIL;5;0;0
Renty;50.58;2.06;10/08/2026;22:00;17.4;0;SOLEIL;5;0;0
Renty;50.58;2.06;10/08/2026;23:00;15.9;0;SOLEIL;4;0;0
Renty;50.58;2.06;11/08/2026;00:00;15.9;0;SOLEIL;4;0;0
Renty;50.58;2.06;11/08/2026;01:00;15.9;0;SOLEIL;4;0;0
Renty;50.58;2.06;11/08/2026;02:00;16.1;0;SOLEIL;5;0;0
Renty;50.58;2.06;11/08/2026;03:00;16.1;0;SOLEIL;5;0;0
Renty;50.58;2.06;11/08/2026;04:00;16.1;0;SOLEIL;5;0;0
Renty;50.58;2.06;11/08/2026;05:00;16.7;0;SOLEIL;4;0;0
Renty;50.58;2.06;11/08/2026;06:00;16.7;0;SOLEIL;4;0;0
Renty;50.58;2.06;11/08/2026;07:00;16.7;0;SOLEIL;4;0;0
Renty;50.58;2.06;11/08/2026;08:00;18.4;0;SOLEIL;5;0;0
Renty;50.58;2.06;11/08/2026;09:00;19.6;0;SOLEIL;5;0;0
Renty;50.58;2.06;11/08/2026;10:00;20.8;0;SOLEIL;5;0;0
Renty;50.58;2.06;11/08/2026;11:00;25.7;0;SOLEIL;4;0;0
Renty;50.58;2.06;11/08/2026;12:00;25.7;0;SOLEIL;4;0;0
Renty;50.58;2.06;11/08/2026;13:00;25.7;0;SOLEIL;4;0;0
Renty;50.58;2.06;11/08/2026;14:00;25.4;0;SOLEIL;5;0;0
Renty;50.58;2.06;11/08/2026;15:00;26.6;0;SOLEIL;5;0;0
Renty;50.58;2.06;11/08/2026;16:00;25.4;0;SOLEIL;5;0;0
Renty;50.58;2.06;11/08/2026;17:00;24.6;0;SOLEIL;4;0;0
Renty;50.58;2.06;11/08/2026;18:00;24.6;0;SOLEIL;4;0;0
Renty;50.58;2.06;11/08/2026;19:00;24.6;0;SOLEIL;4;0;0
Renty;50.58;2.06;11/08/2026;20:00;20.8;0;SOLEIL;5;0;0
Renty;50.58;2.06;11/08/2026;21:00;19.6;0;SOLEIL;5;0;0
Renty;50.58;2.06;11/08/2026;22:00;18.4;0;SOLEIL;5;0;0
Renty;50.58;2.06;11/08/2026;23:00;17.2;0;SOLEIL;5;0;0
Renty;50.58;2.06;12/08/2026;00:00;17.2;0;SOLEIL;5;0;0
Renty;50.58;2.06;12/08/2026;01:00;17.2;0;SOLEIL;5;0;0
Renty;50.58;2.06;12/08/2026;02:00;14.4;0;SOLEIL;5;0;0
Renty;50.58;2.06;12/08/2026;03:00;14.4;0;SOLEIL;5;0;0
Renty;50.58;2.06;12/08/2026;04:00;14.4;0;SOLEIL;5;0;0
Renty;50.58;2.06;12/08/2026;05:00;17.1;0;SOLEIL;4;0;0
Renty;50.58;2.06;12/08/2026;06:00;17.1;0;SOLEIL;4;0;0
Renty;50.58;2.06;12/08/2026;07:00;17.1;0;SOLEIL;4;0;0
Renty;50.58;2.06;12/08/2026;08:00;17.4;0;SOLEIL;5;0;0
Renty;50.58;2.06;12/08/2026;09:00;19.0;0;SOLEIL;5;0;0
Renty;50.58;2.06;12/08/2026;10:00;20.5;0;SOLEIL;5;0;0
Renty;50.58;2.06;12/08/2026;11:00;28.1;0;SOLEIL;4;0;0
Renty;50.58;2.06;12/08/2026;12:00;28.1;0;SOLEIL;4;0;0
Renty;50.58;2.06;12/08/2026;13:00;28.1;0;SOLEIL;4;0;0
Renty;50.58;2.06;12/08/2026;14:00;26.6;0;SOLEIL;5;0;0
Renty;50.58;2.06;12/08/2026;15:00;28.1;0;SOLEIL;5;0;0
Renty;50.58;2.06;12/08/2026;16:00;26.6;0;SOLEIL;5;0;0
Renty;50.58;2.06;12/08/2026;17:00;27.6;0;SOLEIL;2;0;0
Renty;50.58;2.06;12/08/2026;18:00;27.6;0;SOLEIL;2;0;0
Renty;50.58;2.06;12/08/2026;19:00;27.6;0;SOLEIL;2;0;0
Renty;50.58;2.06;12/08/2026;20:00;20.5;0;SOLEIL;5;0;0
Renty;50.58;2.06;12/08/2026;21:00;19.0;0;SOLEIL;5;0;0
Renty;50.58;2.06;12/08/2026;22:00;17.4;0;SOLEIL;5;0;0
Renty;50.58;2.06;12/08/2026;23:00;20.6;0;SOLEIL;4;0;0
Saint-Pol-sur-Ternoise;50.38;2.33;08/08/2026;00:00;14.2;0;SOLEIL;2;0;0
Saint-Pol-sur-Ternoise;50.38;2.33;08/08/2026;01:00;14.2;0;SOLEIL;2;0;0
Saint-Pol-sur-Ternoise;50.38;2.33;08/08/2026;02:00;12;0;SOLEIL;2;0;0
Saint-Pol-sur-Ternoise;50.38;2.33;08/08/2026;03:00;12;0;SOLEIL;2;0;0
Saint-Pol-sur-Ternoise;50.38;2.33;08/08/2026;04:00;12;0;SOLEIL;2;0;0
Saint-Pol-sur-Ternoise;50.38;2.33;08/08/2026;05:00;13.2;0;SOLEIL;3;0;0
Saint-Pol-sur-Ternoise;50.38;2.33;08/08/2026;06:00;13.2;0;SOLEIL;3;0;0
Saint-Pol-sur-Ternoise;50.38;2.33;08/08/2026;07:00;13.2;0;SOLEIL;3;0;0
Saint-Pol-sur-Ternoise;50.38;2.33;08/08/2026;08:00;23.2;5;SOLEIL VOILÉ;3;0;0
Saint-Pol-sur-Ternoise;50.38;2.33;08/08/2026;09:00;23.2;5;SOLEIL VOILÉ;3;0;0
Saint-Pol-sur-Ternoise;50.38;2.33;08/08/2026;10:00;23.2;5;SOLEIL VOILÉ;3;0;0
Saint-Pol-sur-Ternoise;50.38;2.33;08/08/2026;11:00;26.6;5;SOLEIL VOILÉ;3;0;0
Saint-Pol-sur-Ternoise;50.38;2.33;08/08/2026;12:00;26.6;5;SOLEIL VOILÉ;3;0;0
Saint-Pol-sur-Ternoise;50.38;2.33;08/08/2026;13:00;26.6;5;SOLEIL VOILÉ;3;0;0
Saint-Pol-sur-Ternoise;50.38;2.33;08/08/2026;14:00;28.1;5;SOLEIL VOILÉ;3;0;0
Saint-Pol-sur-Ternoise;50.38;2.33;08/08/2026;15:00;28.1;5;SOLEIL VOILÉ;3;0;0
Saint-Pol-sur-Ternoise;50.38;2.33;08/08/2026;16:00;28.1;5;SOLEIL VOILÉ;3;0;0
Saint-Pol-sur-Ternoise;50.38;2.33;08/08/2026;17:00;25.1;5;SOLEIL VOILÉ;2;0;0
Saint-Pol-sur-Ternoise;50.38;2.33;08/08/2026;18:00;25.1;5;SOLEIL VOILÉ;2;0;0
Saint-Pol-sur-Ternoise;50.38;2.33;08/08/2026;19:00;25.1;5;SOLEIL VOILÉ;2;0;0
Saint-Pol-sur-Ternoise;50.38;2.33;08/08/2026;20:00;18.4;0;SOLEIL;2;0;0
Saint-Pol-sur-Ternoise;50.38;2.33;08/08/2026;21:00;18.4;0;SOLEIL;2;0;0
Saint-Pol-sur-Ternoise;50.38;2.33;08/08/2026;22:00;18.4;0;SOLEIL;2;0;0
Saint-Pol-sur-Ternoise;50.38;2.33;08/08/2026;23:00;15.4;0;SOLEIL;2;0;0
Saint-Pol-sur-Ternoise;50.38;2.33;09/08/2026;00:00;15.4;0;SOLEIL;2;0;0
Saint-Pol-sur-Ternoise;50.38;2.33;09/08/2026;01:00;15.4;0;SOLEIL;2;0;0
Saint-Pol-sur-Ternoise;50.38;2.33;09/08/2026;02:00;13.7;0;SOLEIL;2;0;0
Saint-Pol-sur-Ternoise;50.38;2.33;09/08/2026;03:00;13.7;0;SOLEIL;2;0;0
Saint-Pol-sur-Ternoise;50.38;2.33;09/08/2026;04:00;13.7;0;SOLEIL;2;0;0
Saint-Pol-sur-Ternoise;50.38;2.33;09/08/2026;05:00;15.9;0;SOLEIL;2;0;0
Saint-Pol-sur-Ternoise;50.38;2.33;09/08/2026;06:00;15.9;0;SOLEIL;2;0;0
Saint-Pol-sur-Ternoise;50.38;2.33;09/08/2026;07:00;15.9;0;SOLEIL;2;0;0
Saint-Pol-sur-Ternoise;50.38;2.33;09/08/2026;08:00;27.4;0;SOLEIL;2;0;0
Saint-Pol-sur-Ternoise;50.38;2.33;09/08/2026;09:00;27.4;0;SOLEIL;2;0;0
Saint-Pol-sur-Ternoise;50.38;2.33;09/08/2026;10:00;27.4;0;SOLEIL;2;0;0
Saint-Pol-sur-Ternoise;50.38;2.33;09/08/2026;11:00;30.9;0;SOLEIL;3;0;0
Saint-Pol-sur-Ternoise;50.38;2.33;09/08/2026;12:00;30.9;0;SOLEIL;3;0;0
Saint-Pol-sur-Ternoise;50.38;2.33;09/08/2026;13:00;30.9;0;SOLEIL;3;0;0
Saint-Pol-sur-Ternoise;50.38;2.33;09/08/2026;14:00;31.1;0;SOLEIL;2;0;0
Saint-Pol-sur-Ternoise;50.38;2.33;09/08/2026;15:00;31.1;0;SOLEIL;2;0;0
Saint-Pol-sur-Ternoise;50.38;2.33;09/08/2026;16:00;31.1;0;SOLEIL;2;0;0
Saint-Pol-sur-Ternoise;50.38;2.33;09/08/2026;17:00;25.6;0;SOLEIL;4;0;0
Saint-Pol-sur-Ternoise;50.38;2.33;09/08/2026;18:00;25.6;0;SOLEIL;4;0;0
Saint-Pol-sur-Ternoise;50.38;2.33;09/08/2026;19:00;25.6;0;SOLEIL;4;0;0
Saint-Pol-sur-Ternoise;50.38;2.33;09/08/2026;20:00;18.7;5;SOLEIL VOILÉ;5;0;0
Saint-Pol-sur-Ternoise;50.38;2.33;09/08/2026;21:00;16.7;5;SOLEIL VOILÉ;5;0;0
Saint-Pol-sur-Ternoise;50.38;2.33;09/08/2026;22:00;14.7;5;SOLEIL VOILÉ;5;0;0
Saint-Pol-sur-Ternoise;50.38;2.33;09/08/2026;23:00;17.6;0;SOLEIL;4;0;0
Saint-Pol-sur-Ternoise;50.38;2.33;10/08/2026;00:00;17.6;0;SOLEIL;4;0;0
Saint-Pol-sur-Ternoise;50.38;2.33;10/08/2026;01:00;17.6;0;SOLEIL;4;0;0
Saint-Pol-sur-Ternoise;50.38;2.33;10/08/2026;02:00;13;0;SOLEIL;5;0;0
Saint-Pol-sur-Ternoise;50.38;2.33;10/08/2026;03:00;13;0;SOLEIL;5;0;0
Saint-Pol-sur-Ternoise;50.38;2.33;10/08/2026;04:00;13;0;SOLEIL;5;0;0
Saint-Pol-sur-Ternoise;50.38;2.33;10/08/2026;05:00;18;0;SOLEIL;4;0;0
Saint-Pol-sur-Ternoise;50.38;2.33;10/08/2026;06:00;18;0;SOLEIL;4;0;0
Saint-Pol-sur-Ternoise;50.38;2.33;10/08/2026;07:00;18;0;SOLEIL;4;0;0
Saint-Pol-sur-Ternoise;50.38;2.33;10/08/2026;08:00;17.2;0;SOLEIL;5;0;0
Saint-Pol-sur-Ternoise;50.38;2.33;10/08/2026;09:00;19.4;0;SOLEIL;5;0;0
Saint-Pol-sur-Ternoise;50.38;2.33;10/08/2026;10:00;21.5;0;SOLEIL;5;0;0
Saint-Pol-sur-Ternoise;50.38;2.33;10/08/2026;11:00;27.1;0;SOLEIL;5;0;0
Saint-Pol-sur-Ternoise;50.38;2.33;10/08/2026;12:00;27.1;0;SOLEIL;5;0;0
Saint-Pol-sur-Ternoise;50.38;2.33;10/08/2026;13:00;27.1;0;SOLEIL;5;0;0
Saint-Pol-sur-Ternoise;50.38;2.33;10/08/2026;14:00;30.0;0;SOLEIL;5;0;0
Saint-Pol-sur-Ternoise;50.38;2.33;10/08/2026;15:00;32.1;0;SOLEIL;5;0;0
Saint-Pol-sur-Ternoise;50.38;2.33;10/08/2026;16:00;30.0;0;SOLEIL;5;0;0
Saint-Pol-sur-Ternoise;50.38;2.33;10/08/2026;17:00;24.1;0;SOLEIL;4;0;0
Saint-Pol-sur-Ternoise;50.38;2.33;10/08/2026;18:00;24.1;0;SOLEIL;4;0;0
Saint-Pol-sur-Ternoise;50.38;2.33;10/08/2026;19:00;24.1;0;SOLEIL;4;0;0
Saint-Pol-sur-Ternoise;50.38;2.33;10/08/2026;20:00;21.5;0;SOLEIL;5;0;0
Saint-Pol-sur-Ternoise;50.38;2.33;10/08/2026;21:00;19.4;0;SOLEIL;5;0;0
Saint-Pol-sur-Ternoise;50.38;2.33;10/08/2026;22:00;17.2;0;SOLEIL;5;0;0
Saint-Pol-sur-Ternoise;50.38;2.33;10/08/2026;23:00;16.2;0;SOLEIL;3;0;0
Saint-Pol-sur-Ternoise;50.38;2.33;11/08/2026;00:00;16.2;0;SOLEIL;3;0;0
Saint-Pol-sur-Ternoise;50.38;2.33;11/08/2026;01:00;16.2;0;SOLEIL;3;0;0
Saint-Pol-sur-Ternoise;50.38;2.33;11/08/2026;02:00;16.1;0;SOLEIL;5;0;0
Saint-Pol-sur-Ternoise;50.38;2.33;11/08/2026;03:00;16.1;0;SOLEIL;5;0;0
Saint-Pol-sur-Ternoise;50.38;2.33;11/08/2026;04:00;16.1;0;SOLEIL;5;0;0
Saint-Pol-sur-Ternoise;50.38;2.33;11/08/2026;05:00;16.1;0;SOLEIL;4;0;0
Saint-Pol-sur-Ternoise;50.38;2.33;11/08/2026;06:00;16.1;0;SOLEIL;4;0;0
Saint-Pol-sur-Ternoise;50.38;2.33;11/08/2026;07:00;16.1;0;SOLEIL;4;0;0
Saint-Pol-sur-Ternoise;50.38;2.33;11/08/2026;08:00;18.8;0;SOLEIL;5;0;0
Saint-Pol-sur-Ternoise;50.38;2.33;11/08/2026;09:00;20.1;0;SOLEIL;5;0;0
Saint-Pol-sur-Ternoise;50.38;2.33;11/08/2026;10:00;21.4;0;SOLEIL;5;0;0
Saint-Pol-sur-Ternoise;50.38;2.33;11/08/2026;11:00;26.5;0;SOLEIL;4;0;0
Saint-Pol-sur-Ternoise;50.38;2.33;11/08/2026;12:00;26.5;0;SOLEIL;4;0;0
Saint-Pol-sur-Ternoise;50.38;2.33;11/08/2026;13:00;26.5;0;SOLEIL;4;0;0
Saint-Pol-sur-Ternoise;50.38;2.33;11/08/2026;14:00;26.8;0;SOLEIL;5;0;0
Saint-Pol-sur-Ternoise;50.38;2.33;11/08/2026;15:00;28.1;0;SOLEIL;5;0;0
Saint-Pol-sur-Ternoise;50.38;2.33;11/08/2026;16:00;26.8;0;SOLEIL;5;0;0
Saint-Pol-sur-Ternoise;50.38;2.33;11/08/2026;17:00;25.5;0;SOLEIL;4;0;0
Saint-Pol-sur-Ternoise;50.38;2.33;11/08/2026;18:00;25.5;0;SOLEIL;4;0;0
Saint-Pol-sur-Ternoise;50.38;2.33;11/08/2026;19:00;25.5;0;SOLEIL;4;0;0
Saint-Pol-sur-Ternoise;50.38;2.33;11/08/2026;20:00;21.4;0;SOLEIL;5;0;0
Saint-Pol-sur-Ternoise;50.38;2.33;11/08/2026;21:00;20.1;0;SOLEIL;5;0;0
Saint-Pol-sur-Ternoise;50.38;2.33;11/08/2026;22:00;18.8;0;SOLEIL;5;0;0
Saint-Pol-sur-Ternoise;50.38;2.33;11/08/2026;23:00;17.4;0;SOLEIL;4;0;0
Saint-Pol-sur-Ternoise;50.38;2.33;12/08/2026;00:00;17.4;0;SOLEIL;4;0;0
Saint-Pol-sur-Ternoise;50.38;2.33;12/08/2026;01:00;17.4;0;SOLEIL;4;0;0
Saint-Pol-sur-Ternoise;50.38;2.33;12/08/2026;02:00;14.1;0;SOLEIL;5;0;0
Saint-Pol-sur-Ternoise;50.38;2.33;12/08/2026;03:00;14.1;0;SOLEIL;5;0;0
Saint-Pol-sur-Ternoise;50.38;2.33;12/08/2026;04:00;14.1;0;SOLEIL;5;0;0
Saint-Pol-sur-Ternoise;50.38;2.33;12/08/2026;05:00;16.5;0;SOLEIL;4;0;0
Saint-Pol-sur-Ternoise;50.38;2.33;12/08/2026;06:00;16.5;0;SOLEIL;4;0;0
Saint-Pol-sur-Ternoise;50.38;2.33;12/08/2026;07:00;16.5;0;SOLEIL;4;0;0
Saint-Pol-sur-Ternoise;50.38;2.33;12/08/2026;08:00;17.3;0;SOLEIL;5;0;0
Saint-Pol-sur-Ternoise;50.38;2.33;12/08/2026;09:00;18.9;0;SOLEIL;5;0;0
Saint-Pol-sur-Ternoise;50.38;2.33;12/08/2026;10:00;20.5;0;SOLEIL;5;0;0
Saint-Pol-sur-Ternoise;50.38;2.33;12/08/2026;11:00;29.9;0;SOLEIL;3;0;0
Saint-Pol-sur-Ternoise;50.38;2.33;12/08/2026;12:00;29.9;0;SOLEIL;3;0;0
Saint-Pol-sur-Ternoise;50.38;2.33;12/08/2026;13:00;29.9;0;SOLEIL;3;0;0
Saint-Pol-sur-Ternoise;50.38;2.33;12/08/2026;14:00;26.9;0;SOLEIL;5;0;0
Saint-Pol-sur-Ternoise;50.38;2.33;12/08/2026;15:00;28.5;0;SOLEIL;5;0;0
Saint-Pol-sur-Ternoise;50.38;2.33;12/08/2026;16:00;26.9;0;SOLEIL;5;0;0
Saint-Pol-sur-Ternoise;50.38;2.33;12/08/2026;17:00;28.5;0;SOLEIL;3;0;0
Saint-Pol-sur-Ternoise;50.38;2.33;12/08/2026;18:00;28.5;0;SOLEIL;3;0;0
Saint-Pol-sur-Ternoise;50.38;2.33;12/08/2026;19:00;28.5;0;SOLEIL;3;0;0
Saint-Pol-sur-Ternoise;50.38;2.33;12/08/2026;20:00;20.5;0;SOLEIL;5;0;0
Saint-Pol-sur-Ternoise;50.38;2.33;12/08/2026;21:00;18.9;0;SOLEIL;5;0;0
Saint-Pol-sur-Ternoise;50.38;2.33;12/08/2026;22:00;17.3;0;SOLEIL;5;0;0
Saint-Pol-sur-Ternoise;50.38;2.33;12/08/2026;23:00;20.6;0;SOLEIL;3;0;0
Abbeville;50.11;1.83;08/08/2026;00:00;14.1;0;SOLEIL;1;0;0
Abbeville;50.11;1.83;08/08/2026;01:00;14.1;0;SOLEIL;1;0;0
Abbeville;50.11;1.83;08/08/2026;02:00;14.1;0;SOLEIL;2;0;0
Abbeville;50.11;1.83;08/08/2026;03:00;14.1;0;SOLEIL;2;0;0
Abbeville;50.11;1.83;08/08/2026;04:00;14.1;0;SOLEIL;2;0;0
Abbeville;50.11;1.83;08/08/2026;05:00;14.6;0;SOLEIL;3;0;0
Abbeville;50.11;1.83;08/08/2026;06:00;14.6;0;SOLEIL;3;0;0
Abbeville;50.11;1.83;08/08/2026;07:00;14.6;0;SOLEIL;3;0;0
Abbeville;50.11;1.83;08/08/2026;08:00;23.4;5;SOLEIL VOILÉ;3;0;0
Abbeville;50.11;1.83;08/08/2026;09:00;23.4;5;SOLEIL VOILÉ;3;0;0
Abbeville;50.11;1.83;08/08/2026;10:00;23.4;5;SOLEIL VOILÉ;3;0;0
Abbeville;50.11;1.83;08/08/2026;11:00;27;5;SOLEIL VOILÉ;3;0;0
Abbeville;50.11;1.83;08/08/2026;12:00;27;5;SOLEIL VOILÉ;3;0;0
Abbeville;50.11;1.83;08/08/2026;13:00;27;5;SOLEIL VOILÉ;3;0;0
Abbeville;50.11;1.83;08/08/2026;14:00;28.4;5;SOLEIL VOILÉ;2;0;0
Abbeville;50.11;1.83;08/08/2026;15:00;28.4;5;SOLEIL VOILÉ;2;0;0
Abbeville;50.11;1.83;08/08/2026;16:00;28.4;5;SOLEIL VOILÉ;2;0;0
Abbeville;50.11;1.83;08/08/2026;17:00;26.9;5;SOLEIL VOILÉ;3;0;0
Abbeville;50.11;1.83;08/08/2026;18:00;26.9;5;SOLEIL VOILÉ;3;0;0
Abbeville;50.11;1.83;08/08/2026;19:00;26.9;5;SOLEIL VOILÉ;3;0;0
Abbeville;50.11;1.83;08/08/2026;20:00;19.9;0;SOLEIL;2;0;0
Abbeville;50.11;1.83;08/08/2026;21:00;19.9;0;SOLEIL;2;0;0
Abbeville;50.11;1.83;08/08/2026;22:00;19.9;0;SOLEIL;2;0;0
Abbeville;50.11;1.83;08/08/2026;23:00;17;0;SOLEIL;2;0;0
Abbeville;50.11;1.83;09/08/2026;00:00;17;0;SOLEIL;2;0;0
Abbeville;50.11;1.83;09/08/2026;01:00;17;0;SOLEIL;2;0;0
Abbeville;50.11;1.83;09/08/2026;02:00;15.2;0;SOLEIL;2;0;0
Abbeville;50.11;1.83;09/08/2026;03:00;15.2;0;SOLEIL;2;0;0
Abbeville;50.11;1.83;09/08/2026;04:00;15.2;0;SOLEIL;2;0;0
Abbeville;50.11;1.83;09/08/2026;05:00;17.1;0;SOLEIL;2;0;0
Abbeville;50.11;1.83;09/08/2026;06:00;17.1;0;SOLEIL;2;0;0
Abbeville;50.11;1.83;09/08/2026;07:00;17.1;0;SOLEIL;2;0;0
Abbeville;50.11;1.83;09/08/2026;08:00;28.1;0;SOLEIL;2;0;0
Abbeville;50.11;1.83;09/08/2026;09:00;28.1;0;SOLEIL;2;0;0
Abbeville;50.11;1.83;09/08/2026;10:00;28.1;0;SOLEIL;2;0;0
Abbeville;50.11;1.83;09/08/2026;11:00;30.7;0;SOLEIL;3;0;0
Abbeville;50.11;1.83;09/08/2026;12:00;30.7;0;SOLEIL;3;0;0
Abbeville;50.11;1.83;09/08/2026;13:00;30.7;0;SOLEIL;3;0;0
Abbeville;50.11;1.83;09/08/2026;14:00;30.2;0;SOLEIL;4;0;0
Abbeville;50.11;1.83;09/08/2026;15:00;30.2;0;SOLEIL;4;0;0
Abbeville;50.11;1.83;09/08/2026;16:00;30.2;0;SOLEIL;4;0;0
Abbeville;50.11;1.83;09/08/2026;17:00;25.5;0;SOLEIL;4;0;0
Abbeville;50.11;1.83;09/08/2026;18:00;25.5;0;SOLEIL;4;0;0
Abbeville;50.11;1.83;09/08/2026;19:00;25.5;0;SOLEIL;4;0;0
Abbeville;50.11;1.83;09/08/2026;20:00;20.0;5;SOLEIL VOILÉ;5;0;0
Abbeville;50.11;1.83;09/08/2026;21:00;18.2;5;SOLEIL VOILÉ;5;0;0
Abbeville;50.11;1.83;09/08/2026;22:00;16.5;5;SOLEIL VOILÉ;5;0;0
Abbeville;50.11;1.83;09/08/2026;23:00;18.6;0;SOLEIL;3;0;0
Abbeville;50.11;1.83;10/08/2026;00:00;18.6;0;SOLEIL;3;0;0
Abbeville;50.11;1.83;10/08/2026;01:00;18.6;0;SOLEIL;3;0;0
Abbeville;50.11;1.83;10/08/2026;02:00;14.6;0;SOLEIL;5;0;0
Abbeville;50.11;1.83;10/08/2026;03:00;14.6;0;SOLEIL;5;0;0
Abbeville;50.11;1.83;10/08/2026;04:00;14.6;0;SOLEIL;5;0;0
Abbeville;50.11;1.83;10/08/2026;05:00;19;0;SOLEIL;4;0;0
Abbeville;50.11;1.83;10/08/2026;06:00;19;0;SOLEIL;4;0;0
Abbeville;50.11;1.83;10/08/2026;07:00;19;0;SOLEIL;4;0;0
Abbeville;50.11;1.83;10/08/2026;08:00;18.4;0;SOLEIL;5;0;0
Abbeville;50.11;1.83;10/08/2026;09:00;20.3;0;SOLEIL;5;0;0
Abbeville;50.11;1.83;10/08/2026;10:00;22.2;0;SOLEIL;5;0;0
Abbeville;50.11;1.83;10/08/2026;11:00;26.9;0;SOLEIL;4;0;0
Abbeville;50.11;1.83;10/08/2026;12:00;26.9;0;SOLEIL;4;0;0
Abbeville;50.11;1.83;10/08/2026;13:00;26.9;0;SOLEIL;4;0;0
Abbeville;50.11;1.83;10/08/2026;14:00;29.7;0;SOLEIL;5;0;0
Abbeville;50.11;1.83;10/08/2026;15:00;31.6;0;SOLEIL;5;0;0
Abbeville;50.11;1.83;10/08/2026;16:00;29.7;0;SOLEIL;5;0;0
Abbeville;50.11;1.83;10/08/2026;17:00;24.4;0;SOLEIL;3;0;0
Abbeville;50.11;1.83;10/08/2026;18:00;24.4;0;SOLEIL;3;0;0
Abbeville;50.11;1.83;10/08/2026;19:00;24.4;0;SOLEIL;3;0;0
Abbeville;50.11;1.83;10/08/2026;20:00;22.2;0;SOLEIL;5;0;0
Abbeville;50.11;1.83;10/08/2026;21:00;20.3;0;SOLEIL;5;0;0
Abbeville;50.11;1.83;10/08/2026;22:00;18.4;0;SOLEIL;5;0;0
Abbeville;50.11;1.83;10/08/2026;23:00;17.7;0;SOLEIL;3;0;0
Abbeville;50.11;1.83;11/08/2026;00:00;17.7;0;SOLEIL;3;0;0
Abbeville;50.11;1.83;11/08/2026;01:00;17.7;0;SOLEIL;3;0;0
Abbeville;50.11;1.83;11/08/2026;02:00;17.1;0;SOLEIL;5;0;0
Abbeville;50.11;1.83;11/08/2026;03:00;17.1;0;SOLEIL;5;0;0
Abbeville;50.11;1.83;11/08/2026;04:00;17.1;0;SOLEIL;5;0;0
Abbeville;50.11;1.83;11/08/2026;05:00;16.9;0;SOLEIL;3;0;0
Abbeville;50.11;1.83;11/08/2026;06:00;16.9;0;SOLEIL;3;0;0
Abbeville;50.11;1.83;11/08/2026;07:00;16.9;0;SOLEIL;3;0;0
Abbeville;50.11;1.83;11/08/2026;08:00;19.5;0;SOLEIL;5;0;0
Abbeville;50.11;1.83;11/08/2026;09:00;20.6;0;SOLEIL;5;0;0
Abbeville;50.11;1.83;11/08/2026;10:00;21.8;0;SOLEIL;5;0;0
Abbeville;50.11;1.83;11/08/2026;11:00;28;0;SOLEIL;4;0;0
Abbeville;50.11;1.83;11/08/2026;12:00;28;0;SOLEIL;4;0;0
Abbeville;50.11;1.83;11/08/2026;13:00;28;0;SOLEIL;4;0;0
Abbeville;50.11;1.83;11/08/2026;14:00;26.5;0;SOLEIL;5;0;0
Abbeville;50.11;1.83;11/08/2026;15:00;27.7;0;SOLEIL;5;0;0
Abbeville;50.11;1.83;11/08/2026;16:00;26.5;0;SOLEIL;5;0;0
Abbeville;50.11;1.83;11/08/2026;17:00;27.7;0;SOLEIL;4;0;0
Abbeville;50.11;1.83;11/08/2026;18:00;27.7;0;SOLEIL;4;0;0
Abbeville;50.11;1.83;11/08/2026;19:00;27.7;0;SOLEIL;4;0;0
Abbeville;50.11;1.83;11/08/2026;20:00;21.8;0;SOLEIL;5;0;0
Abbeville;50.11;1.83;11/08/2026;21:00;20.6;0;SOLEIL;5;0;0
Abbeville;50.11;1.83;11/08/2026;22:00;19.5;0;SOLEIL;5;0;0
Abbeville;50.11;1.83;11/08/2026;23:00;18.6;0;SOLEIL;4;0;0
Abbeville;50.11;1.83;12/08/2026;00:00;18.6;0;SOLEIL;4;0;0
Abbeville;50.11;1.83;12/08/2026;01:00;18.6;0;SOLEIL;4;0;0
Abbeville;50.11;1.83;12/08/2026;02:00;15.4;0;SOLEIL;5;0;0
Abbeville;50.11;1.83;12/08/2026;03:00;15.4;0;SOLEIL;5;0;0
Abbeville;50.11;1.83;12/08/2026;04:00;15.4;0;SOLEIL;5;0;0
Abbeville;50.11;1.83;12/08/2026;05:00;17.5;0;SOLEIL;3;0;0
Abbeville;50.11;1.83;12/08/2026;06:00;17.5;0;SOLEIL;3;0;0
Abbeville;50.11;1.83;12/08/2026;07:00;17.5;0;SOLEIL;3;0;0
Abbeville;50.11;1.83;12/08/2026;08:00;18.6;0;SOLEIL;5;0;0
Abbeville;50.11;1.83;12/08/2026;09:00;20.2;0;SOLEIL;5;0;0
Abbeville;50.11;1.83;12/08/2026;10:00;21.8;0;SOLEIL;5;0;0
Abbeville;50.11;1.83;12/08/2026;11:00;31.6;0;SOLEIL;4;0;0
Abbeville;50.11;1.83;12/08/2026;12:00;31.6;0;SOLEIL;4;0;0
Abbeville;50.11;1.83;12/08/2026;13:00;31.6;0;SOLEIL;4;0;0
Abbeville;50.11;1.83;12/08/2026;14:00;28.3;0;SOLEIL;5;0;0
Abbeville;50.11;1.83;12/08/2026;15:00;29.9;0;SOLEIL;5;0;0
Abbeville;50.11;1.83;12/08/2026;16:00;28.3;0;SOLEIL;5;0;0
Abbeville;50.11;1.83;12/08/2026;17:00;30;0;SOLEIL;3;0;0
Abbeville;50.11;1.83;12/08/2026;18:00;30;0;SOLEIL;3;0;0
Abbeville;50.11;1.83;12/08/2026;19:00;30;0;SOLEIL;3;0;0
Abbeville;50.11;1.83;12/08/2026;20:00;21.8;0;SOLEIL;5;0;0
Abbeville;50.11;1.83;12/08/2026;21:00;20.2;0;SOLEIL;5;0;0
Abbeville;50.11;1.83;12/08/2026;22:00;18.6;0;SOLEIL;5;0;0
Abbeville;50.11;1.83;12/08/2026;23:00;22.1;0;SOLEIL;3;0;0
Estrées-Deniécourt;49.87;2.82;08/08/2026;00:00;13.7;0;SOLEIL;3;0;0
Estrées-Deniécourt;49.87;2.82;08/08/2026;01:00;13.7;0;SOLEIL;3;0;0
Estrées-Deniécourt;49.87;2.82;08/08/2026;02:00;11.9;0;SOLEIL;3;0;0
Estrées-Deniécourt;49.87;2.82;08/08/2026;03:00;11.9;0;SOLEIL;3;0;0
Estrées-Deniécourt;49.87;2.82;08/08/2026;04:00;11.9;0;SOLEIL;3;0;0
Estrées-Deniécourt;49.87;2.82;08/08/2026;05:00;13.2;0;SOLEIL;2;0;0
Estrées-Deniécourt;49.87;2.82;08/08/2026;06:00;13.2;0;SOLEIL;2;0;0
Estrées-Deniécourt;49.87;2.82;08/08/2026;07:00;13.2;0;SOLEIL;2;0;0
Estrées-Deniécourt;49.87;2.82;08/08/2026;08:00;23.1;0;SOLEIL;3;0;0
Estrées-Deniécourt;49.87;2.82;08/08/2026;09:00;23.1;0;SOLEIL;3;0;0
Estrées-Deniécourt;49.87;2.82;08/08/2026;10:00;23.1;0;SOLEIL;3;0;0
Estrées-Deniécourt;49.87;2.82;08/08/2026;11:00;26.1;5;SOLEIL VOILÉ;3;0;0
Estrées-Deniécourt;49.87;2.82;08/08/2026;12:00;26.1;5;SOLEIL VOILÉ;3;0;0
Estrées-Deniécourt;49.87;2.82;08/08/2026;13:00;26.1;5;SOLEIL VOILÉ;3;0;0
Estrées-Deniécourt;49.87;2.82;08/08/2026;14:00;28;5;SOLEIL VOILÉ;2;0;0
Estrées-Deniécourt;49.87;2.82;08/08/2026;15:00;28;5;SOLEIL VOILÉ;2;0;0
Estrées-Deniécourt;49.87;2.82;08/08/2026;16:00;28;5;SOLEIL VOILÉ;2;0;0
Estrées-Deniécourt;49.87;2.82;08/08/2026;17:00;26.6;5;SOLEIL VOILÉ;2;0;0
Estrées-Deniécourt;49.87;2.82;08/08/2026;18:00;26.6;5;SOLEIL VOILÉ;2;0;0
Estrées-Deniécourt;49.87;2.82;08/08/2026;19:00;26.6;5;SOLEIL VOILÉ;2;0;0
Estrées-Deniécourt;49.87;2.82;08/08/2026;20:00;19.1;0;SOLEIL;2;0;0
Estrées-Deniécourt;49.87;2.82;08/08/2026;21:00;19.1;0;SOLEIL;2;0;0
Estrées-Deniécourt;49.87;2.82;08/08/2026;22:00;19.1;0;SOLEIL;2;0;0
Estrées-Deniécourt;49.87;2.82;08/08/2026;23:00;16.5;0;SOLEIL;2;0;0
Estrées-Deniécourt;49.87;2.82;09/08/2026;00:00;16.5;0;SOLEIL;2;0;0
Estrées-Deniécourt;49.87;2.82;09/08/2026;01:00;16.5;0;SOLEIL;2;0;0
Estrées-Deniécourt;49.87;2.82;09/08/2026;02:00;14.1;0;SOLEIL;1;0;0
Estrées-Deniécourt;49.87;2.82;09/08/2026;03:00;14.1;0;SOLEIL;1;0;0
Estrées-Deniécourt;49.87;2.82;09/08/2026;04:00;14.1;0;SOLEIL;1;0;0
Estrées-Deniécourt;49.87;2.82;09/08/2026;05:00;15;5;SOLEIL VOILÉ;2;0;0
Estrées-Deniécourt;49.87;2.82;09/08/2026;06:00;15;5;SOLEIL VOILÉ;2;0;0
Estrées-Deniécourt;49.87;2.82;09/08/2026;07:00;15;5;SOLEIL VOILÉ;2;0;0
Estrées-Deniécourt;49.87;2.82;09/08/2026;08:00;24.6;0;SOLEIL;1;0;0
Estrées-Deniécourt;49.87;2.82;09/08/2026;09:00;24.6;0;SOLEIL;1;0;0
Estrées-Deniécourt;49.87;2.82;09/08/2026;10:00;24.6;0;SOLEIL;1;0;0
Estrées-Deniécourt;49.87;2.82;09/08/2026;11:00;30.6;0;SOLEIL;3;0;0
Estrées-Deniécourt;49.87;2.82;09/08/2026;12:00;30.6;0;SOLEIL;3;0;0
Estrées-Deniécourt;49.87;2.82;09/08/2026;13:00;30.6;0;SOLEIL;3;0;0
Estrées-Deniécourt;49.87;2.82;09/08/2026;14:00;30.5;0;SOLEIL;2;0;0
Estrées-Deniécourt;49.87;2.82;09/08/2026;15:00;30.5;0;SOLEIL;2;0;0
Estrées-Deniécourt;49.87;2.82;09/08/2026;16:00;30.5;0;SOLEIL;2;0;0
Estrées-Deniécourt;49.87;2.82;09/08/2026;17:00;27.6;0;SOLEIL;3;0;0
Estrées-Deniécourt;49.87;2.82;09/08/2026;18:00;27.6;0;SOLEIL;3;0;0
Estrées-Deniécourt;49.87;2.82;09/08/2026;19:00;27.6;0;SOLEIL;3;0;0
Estrées-Deniécourt;49.87;2.82;09/08/2026;20:00;18.6;0;SOLEIL;5;0;0
Estrées-Deniécourt;49.87;2.82;09/08/2026;21:00;16.6;0;SOLEIL;5;0;0
Estrées-Deniécourt;49.87;2.82;09/08/2026;22:00;14.6;0;SOLEIL;5;0;0
Estrées-Deniécourt;49.87;2.82;09/08/2026;23:00;18.6;0;SOLEIL;3;0;0
Estrées-Deniécourt;49.87;2.82;10/08/2026;00:00;18.6;0;SOLEIL;3;0;0
Estrées-Deniécourt;49.87;2.82;10/08/2026;01:00;18.6;0;SOLEIL;3;0;0
Estrées-Deniécourt;49.87;2.82;10/08/2026;02:00;13;0;SOLEIL;5;0;0
Estrées-Deniécourt;49.87;2.82;10/08/2026;03:00;13;0;SOLEIL;5;0;0
Estrées-Deniécourt;49.87;2.82;10/08/2026;04:00;13;0;SOLEIL;5;0;0
Estrées-Deniécourt;49.87;2.82;10/08/2026;05:00;18.6;0;SOLEIL;3;0;0
Estrées-Deniécourt;49.87;2.82;10/08/2026;06:00;18.6;0;SOLEIL;3;0;0
Estrées-Deniécourt;49.87;2.82;10/08/2026;07:00;18.6;0;SOLEIL;3;0;0
Estrées-Deniécourt;49.87;2.82;10/08/2026;08:00;17.1;0;SOLEIL;5;0;0
Estrées-Deniécourt;49.87;2.82;10/08/2026;09:00;19.2;0;SOLEIL;5;0;0
Estrées-Deniécourt;49.87;2.82;10/08/2026;10:00;21.2;0;SOLEIL;5;0;0
Estrées-Deniécourt;49.87;2.82;10/08/2026;11:00;27.7;0;SOLEIL;4;0;0
Estrées-Deniécourt;49.87;2.82;10/08/2026;12:00;27.7;0;SOLEIL;4;0;0
Estrées-Deniécourt;49.87;2.82;10/08/2026;13:00;27.7;0;SOLEIL;4;0;0
Estrées-Deniécourt;49.87;2.82;10/08/2026;14:00;29.4;0;SOLEIL;5;0;0
Estrées-Deniécourt;49.87;2.82;10/08/2026;15:00;31.5;0;SOLEIL;5;0;0
Estrées-Deniécourt;49.87;2.82;10/08/2026;16:00;29.4;0;SOLEIL;5;0;0
Estrées-Deniécourt;49.87;2.82;10/08/2026;17:00;25.4;0;SOLEIL;4;0;0
Estrées-Deniécourt;49.87;2.82;10/08/2026;18:00;25.4;0;SOLEIL;4;0;0
Estrées-Deniécourt;49.87;2.82;10/08/2026;19:00;25.4;0;SOLEIL;4;0;0
Estrées-Deniécourt;49.87;2.82;10/08/2026;20:00;21.2;0;SOLEIL;5;0;0
Estrées-Deniécourt;49.87;2.82;10/08/2026;21:00;19.2;0;SOLEIL;5;0;0
Estrées-Deniécourt;49.87;2.82;10/08/2026;22:00;17.1;0;SOLEIL;5;0;0
Estrées-Deniécourt;49.87;2.82;10/08/2026;23:00;17.6;0;SOLEIL;4;0;0
Estrées-Deniécourt;49.87;2.82;11/08/2026;00:00;17.6;0;SOLEIL;4;0;0
Estrées-Deniécourt;49.87;2.82;11/08/2026;01:00;17.6;0;SOLEIL;4;0;0
Estrées-Deniécourt;49.87;2.82;11/08/2026;02:00;17.1;0;SOLEIL;5;0;0
Estrées-Deniécourt;49.87;2.82;11/08/2026;03:00;17.1;0;SOLEIL;5;0;0
Estrées-Deniécourt;49.87;2.82;11/08/2026;04:00;17.1;0;SOLEIL;5;0;0
Estrées-Deniécourt;49.87;2.82;11/08/2026;05:00;16.5;0;SOLEIL;3;0;0
Estrées-Deniécourt;49.87;2.82;11/08/2026;06:00;16.5;0;SOLEIL;3;0;0
Estrées-Deniécourt;49.87;2.82;11/08/2026;07:00;16.5;0;SOLEIL;3;0;0
Estrées-Deniécourt;49.87;2.82;11/08/2026;08:00;19.8;0;SOLEIL;5;0;0
Estrées-Deniécourt;49.87;2.82;11/08/2026;09:00;21.1;0;SOLEIL;5;0;0
Estrées-Deniécourt;49.87;2.82;11/08/2026;10:00;22.4;0;SOLEIL;5;0;0
Estrées-Deniécourt;49.87;2.82;11/08/2026;11:00;27.2;0;SOLEIL;4;0;0
Estrées-Deniécourt;49.87;2.82;11/08/2026;12:00;27.2;0;SOLEIL;4;0;0
Estrées-Deniécourt;49.87;2.82;11/08/2026;13:00;27.2;0;SOLEIL;4;0;0
Estrées-Deniécourt;49.87;2.82;11/08/2026;14:00;27.8;0;SOLEIL;5;0;0
Estrées-Deniécourt;49.87;2.82;11/08/2026;15:00;29.1;0;SOLEIL;5;0;0
Estrées-Deniécourt;49.87;2.82;11/08/2026;16:00;27.8;0;SOLEIL;5;0;0
Estrées-Deniécourt;49.87;2.82;11/08/2026;17:00;26.4;0;SOLEIL;4;0;0
Estrées-Deniécourt;49.87;2.82;11/08/2026;18:00;26.4;0;SOLEIL;4;0;0
Estrées-Deniécourt;49.87;2.82;11/08/2026;19:00;26.4;0;SOLEIL;4;0;0
Estrées-Deniécourt;49.87;2.82;11/08/2026;20:00;22.4;0;SOLEIL;5;0;0
Estrées-Deniécourt;49.87;2.82;11/08/2026;21:00;21.1;0;SOLEIL;5;0;0
Estrées-Deniécourt;49.87;2.82;11/08/2026;22:00;19.8;0;SOLEIL;5;0;0
Estrées-Deniécourt;49.87;2.82;11/08/2026;23:00;18.1;0;SOLEIL;4;0;0
Estrées-Deniécourt;49.87;2.82;12/08/2026;00:00;18.1;0;SOLEIL;4;0;0
Estrées-Deniécourt;49.87;2.82;12/08/2026;01:00;18.1;0;SOLEIL;4;0;0
Estrées-Deniécourt;49.87;2.82;12/08/2026;02:00;15.1;0;SOLEIL;5;0;0
Estrées-Deniécourt;49.87;2.82;12/08/2026;03:00;15.1;0;SOLEIL;5;0;0
Estrées-Deniécourt;49.87;2.82;12/08/2026;04:00;15.1;0;SOLEIL;5;0;0
Estrées-Deniécourt;49.87;2.82;12/08/2026;05:00;17.5;0;SOLEIL;4;0;0
Estrées-Deniécourt;49.87;2.82;12/08/2026;06:00;17.5;0;SOLEIL;4;0;0
Estrées-Deniécourt;49.87;2.82;12/08/2026;07:00;17.5;0;SOLEIL;4;0;0
Estrées-Deniécourt;49.87;2.82;12/08/2026;08:00;18.3;0;SOLEIL;5;0;0
Estrées-Deniécourt;49.87;2.82;12/08/2026;09:00;19.9;0;SOLEIL;5;0;0
Estrées-Deniécourt;49.87;2.82;12/08/2026;10:00;21.5;0;SOLEIL;5;0;0
Estrées-Deniécourt;49.87;2.82;12/08/2026;11:00;29.6;0;SOLEIL;3;0;0
Estrées-Deniécourt;49.87;2.82;12/08/2026;12:00;29.6;0;SOLEIL;3;0;0
Estrées-Deniécourt;49.87;2.82;12/08/2026;13:00;29.6;0;SOLEIL;3;0;0
Estrées-Deniécourt;49.87;2.82;12/08/2026;14:00;27.9;0;SOLEIL;5;0;0
Estrées-Deniécourt;49.87;2.82;12/08/2026;15:00;29.5;0;SOLEIL;5;0;0
Estrées-Deniécourt;49.87;2.82;12/08/2026;16:00;27.9;0;SOLEIL;5;0;0
Estrées-Deniécourt;49.87;2.82;12/08/2026;17:00;29.5;0;SOLEIL;3;0;0
Estrées-Deniécourt;49.87;2.82;12/08/2026;18:00;29.5;0;SOLEIL;3;0;0
Estrées-Deniécourt;49.87;2.82;12/08/2026;19:00;29.5;0;SOLEIL;3;0;0
Estrées-Deniécourt;49.87;2.82;12/08/2026;20:00;21.5;0;SOLEIL;5;0;0
Estrées-Deniécourt;49.87;2.82;12/08/2026;21:00;19.9;0;SOLEIL;5;0;0
Estrées-Deniécourt;49.87;2.82;12/08/2026;22:00;18.3;0;SOLEIL;5;0;0
Estrées-Deniécourt;49.87;2.82;12/08/2026;23:00;21.2;0;SOLEIL;3;0;0
Montdidier;49.65;2.57;08/08/2026;00:00;14.1;0;SOLEIL;4;0;0
Montdidier;49.65;2.57;08/08/2026;01:00;14.1;0;SOLEIL;4;0;0
Montdidier;49.65;2.57;08/08/2026;02:00;10.4;0;SOLEIL;2;0;0
Montdidier;49.65;2.57;08/08/2026;03:00;10.4;0;SOLEIL;2;0;0
Montdidier;49.65;2.57;08/08/2026;04:00;10.4;0;SOLEIL;2;0;0
Montdidier;49.65;2.57;08/08/2026;05:00;13.1;0;SOLEIL;2;0;0
Montdidier;49.65;2.57;08/08/2026;06:00;13.1;0;SOLEIL;2;0;0
Montdidier;49.65;2.57;08/08/2026;07:00;13.1;0;SOLEIL;2;0;0
Montdidier;49.65;2.57;08/08/2026;08:00;22.1;0;SOLEIL;3;0;0
Montdidier;49.65;2.57;08/08/2026;09:00;22.1;0;SOLEIL;3;0;0
Montdidier;49.65;2.57;08/08/2026;10:00;22.1;0;SOLEIL;3;0;0
Montdidier;49.65;2.57;08/08/2026;11:00;26.2;5;SOLEIL VOILÉ;3;0;0
Montdidier;49.65;2.57;08/08/2026;12:00;26.2;5;SOLEIL VOILÉ;3;0;0
Montdidier;49.65;2.57;08/08/2026;13:00;26.2;5;SOLEIL VOILÉ;3;0;0
Montdidier;49.65;2.57;08/08/2026;14:00;28;5;SOLEIL VOILÉ;3;0;0
Montdidier;49.65;2.57;08/08/2026;15:00;28;5;SOLEIL VOILÉ;3;0;0
Montdidier;49.65;2.57;08/08/2026;16:00;28;5;SOLEIL VOILÉ;3;0;0
Montdidier;49.65;2.57;08/08/2026;17:00;26.6;5;SOLEIL VOILÉ;4;0;0
Montdidier;49.65;2.57;08/08/2026;18:00;26.6;5;SOLEIL VOILÉ;4;0;0
Montdidier;49.65;2.57;08/08/2026;19:00;26.6;5;SOLEIL VOILÉ;4;0;0
Montdidier;49.65;2.57;08/08/2026;20:00;18.6;0;SOLEIL;2;0;0
Montdidier;49.65;2.57;08/08/2026;21:00;18.6;0;SOLEIL;2;0;0
Montdidier;49.65;2.57;08/08/2026;22:00;18.6;0;SOLEIL;2;0;0
Montdidier;49.65;2.57;08/08/2026;23:00;15.6;0;SOLEIL;2;0;0
Montdidier;49.65;2.57;09/08/2026;00:00;15.6;0;SOLEIL;2;0;0
Montdidier;49.65;2.57;09/08/2026;01:00;15.6;0;SOLEIL;2;0;0
Montdidier;49.65;2.57;09/08/2026;02:00;13;0;SOLEIL;1;0;0
Montdidier;49.65;2.57;09/08/2026;03:00;13;0;SOLEIL;1;0;0
Montdidier;49.65;2.57;09/08/2026;04:00;13;0;SOLEIL;1;0;0
Montdidier;49.65;2.57;09/08/2026;05:00;15.4;5;SOLEIL VOILÉ;2;0;0
Montdidier;49.65;2.57;09/08/2026;06:00;15.4;5;SOLEIL VOILÉ;2;0;0
Montdidier;49.65;2.57;09/08/2026;07:00;15.4;5;SOLEIL VOILÉ;2;0;0
Montdidier;49.65;2.57;09/08/2026;08:00;26.4;0;SOLEIL;2;0;0
Montdidier;49.65;2.57;09/08/2026;09:00;26.4;0;SOLEIL;2;0;0
Montdidier;49.65;2.57;09/08/2026;10:00;26.4;0;SOLEIL;2;0;0
Montdidier;49.65;2.57;09/08/2026;11:00;31.2;0;SOLEIL;2;0;0
Montdidier;49.65;2.57;09/08/2026;12:00;31.2;0;SOLEIL;2;0;0
Montdidier;49.65;2.57;09/08/2026;13:00;31.2;0;SOLEIL;2;0;0
Montdidier;49.65;2.57;09/08/2026;14:00;31.7;0;SOLEIL;4;0;0
Montdidier;49.65;2.57;09/08/2026;15:00;31.7;0;SOLEIL;4;0;0
Montdidier;49.65;2.57;09/08/2026;16:00;31.7;0;SOLEIL;4;0;0
Montdidier;49.65;2.57;09/08/2026;17:00;28.6;0;SOLEIL;3;0;0
Montdidier;49.65;2.57;09/08/2026;18:00;28.6;0;SOLEIL;3;0;0
Montdidier;49.65;2.57;09/08/2026;19:00;28.6;0;SOLEIL;3;0;0
Montdidier;49.65;2.57;09/08/2026;20:00;18.0;0;SOLEIL;5;0;0
Montdidier;49.65;2.57;09/08/2026;21:00;15.9;0;SOLEIL;5;0;0
Montdidier;49.65;2.57;09/08/2026;22:00;13.7;0;SOLEIL;5;0;0
Montdidier;49.65;2.57;09/08/2026;23:00;17.6;0;SOLEIL;3;0;0
Montdidier;49.65;2.57;10/08/2026;00:00;17.6;0;SOLEIL;3;0;0
Montdidier;49.65;2.57;10/08/2026;01:00;17.6;0;SOLEIL;3;0;0
Montdidier;49.65;2.57;10/08/2026;02:00;12.4;0;SOLEIL;5;0;0
Montdidier;49.65;2.57;10/08/2026;03:00;12.4;0;SOLEIL;5;0;0
Montdidier;49.65;2.57;10/08/2026;04:00;12.4;0;SOLEIL;5;0;0
Montdidier;49.65;2.57;10/08/2026;05:00;18.6;0;SOLEIL;3;0;0
Montdidier;49.65;2.57;10/08/2026;06:00;18.6;0;SOLEIL;3;0;0
Montdidier;49.65;2.57;10/08/2026;07:00;18.6;0;SOLEIL;3;0;0
Montdidier;49.65;2.57;10/08/2026;08:00;16.9;0;SOLEIL;5;0;0
Montdidier;49.65;2.57;10/08/2026;09:00;19.1;0;SOLEIL;5;0;0
Montdidier;49.65;2.57;10/08/2026;10:00;21.4;0;SOLEIL;5;0;0
Montdidier;49.65;2.57;10/08/2026;11:00;28.1;0;SOLEIL;4;0;0
Montdidier;49.65;2.57;10/08/2026;12:00;28.1;0;SOLEIL;4;0;0
Montdidier;49.65;2.57;10/08/2026;13:00;28.1;0;SOLEIL;4;0;0
Montdidier;49.65;2.57;10/08/2026;14:00;30.4;0;SOLEIL;5;0;0
Montdidier;49.65;2.57;10/08/2026;15:00;32.6;0;SOLEIL;5;0;0
Montdidier;49.65;2.57;10/08/2026;16:00;30.4;0;SOLEIL;5;0;0
Montdidier;49.65;2.57;10/08/2026;17:00;25.6;0;SOLEIL;4;0;0
Montdidier;49.65;2.57;10/08/2026;18:00;25.6;0;SOLEIL;4;0;0
Montdidier;49.65;2.57;10/08/2026;19:00;25.6;0;SOLEIL;4;0;0
Montdidier;49.65;2.57;10/08/2026;20:00;21.4;0;SOLEIL;5;0;0
Montdidier;49.65;2.57;10/08/2026;21:00;19.1;0;SOLEIL;5;0;0
Montdidier;49.65;2.57;10/08/2026;22:00;16.9;0;SOLEIL;5;0;0
Montdidier;49.65;2.57;10/08/2026;23:00;17.5;0;SOLEIL;3;0;0
Montdidier;49.65;2.57;11/08/2026;00:00;17.5;0;SOLEIL;3;0;0
Montdidier;49.65;2.57;11/08/2026;01:00;17.5;0;SOLEIL;3;0;0
Montdidier;49.65;2.57;11/08/2026;02:00;17.1;0;SOLEIL;5;0;0
Montdidier;49.65;2.57;11/08/2026;03:00;17.1;0;SOLEIL;5;0;0
Montdidier;49.65;2.57;11/08/2026;04:00;17.1;0;SOLEIL;5;0;0
Montdidier;49.65;2.57;11/08/2026;05:00;16.7;0;SOLEIL;3;0;0
Montdidier;49.65;2.57;11/08/2026;06:00;16.7;0;SOLEIL;3;0;0
Montdidier;49.65;2.57;11/08/2026;07:00;16.7;0;SOLEIL;3;0;0
Montdidier;49.65;2.57;11/08/2026;08:00;19.9;0;SOLEIL;5;0;0
Montdidier;49.65;2.57;11/08/2026;09:00;21.3;0;SOLEIL;5;0;0
Montdidier;49.65;2.57;11/08/2026;10:00;22.7;0;SOLEIL;5;0;0
Montdidier;49.65;2.57;11/08/2026;11:00;26.7;0;SOLEIL;4;0;0
Montdidier;49.65;2.57;11/08/2026;12:00;26.7;0;SOLEIL;4;0;0
Montdidier;49.65;2.57;11/08/2026;13:00;26.7;0;SOLEIL;4;0;0
Montdidier;49.65;2.57;11/08/2026;14:00;28.2;0;SOLEIL;5;0;0
Montdidier;49.65;2.57;11/08/2026;15:00;29.6;0;SOLEIL;5;0;0
Montdidier;49.65;2.57;11/08/2026;16:00;28.2;0;SOLEIL;5;0;0
Montdidier;49.65;2.57;11/08/2026;17:00;26.7;0;SOLEIL;4;0;0
Montdidier;49.65;2.57;11/08/2026;18:00;26.7;0;SOLEIL;4;0;0
Montdidier;49.65;2.57;11/08/2026;19:00;26.7;0;SOLEIL;4;0;0
Montdidier;49.65;2.57;11/08/2026;20:00;22.7;0;SOLEIL;5;0;0
Montdidier;49.65;2.57;11/08/2026;21:00;21.3;0;SOLEIL;5;0;0
Montdidier;49.65;2.57;11/08/2026;22:00;19.9;0;SOLEIL;5;0;0
Montdidier;49.65;2.57;11/08/2026;23:00;18.6;0;SOLEIL;4;0;0
Montdidier;49.65;2.57;12/08/2026;00:00;18.6;0;SOLEIL;4;0;0
Montdidier;49.65;2.57;12/08/2026;01:00;18.6;0;SOLEIL;4;0;0
Montdidier;49.65;2.57;12/08/2026;02:00;15.1;0;SOLEIL;5;0;0
Montdidier;49.65;2.57;12/08/2026;03:00;15.1;0;SOLEIL;5;0;0
Montdidier;49.65;2.57;12/08/2026;04:00;15.1;0;SOLEIL;5;0;0
Montdidier;49.65;2.57;12/08/2026;05:00;17.6;0;SOLEIL;3;0;0
Montdidier;49.65;2.57;12/08/2026;06:00;17.6;0;SOLEIL;3;0;0
Montdidier;49.65;2.57;12/08/2026;07:00;17.6;0;SOLEIL;3;0;0
Montdidier;49.65;2.57;12/08/2026;08:00;18.2;0;SOLEIL;5;0;0
Montdidier;49.65;2.57;12/08/2026;09:00;19.8;0;SOLEIL;5;0;0
Montdidier;49.65;2.57;12/08/2026;10:00;21.3;0;SOLEIL;5;0;0
Montdidier;49.65;2.57;12/08/2026;11:00;30.4;0;SOLEIL;3;0;0
Montdidier;49.65;2.57;12/08/2026;12:00;30.4;0;SOLEIL;3;0;0
Montdidier;49.65;2.57;12/08/2026;13:00;30.4;0;SOLEIL;3;0;0
Montdidier;49.65;2.57;12/08/2026;14:00;27.5;0;SOLEIL;5;0;0
Montdidier;49.65;2.57;12/08/2026;15:00;29.1;0;SOLEIL;5;0;0
Montdidier;49.65;2.57;12/08/2026;16:00;27.5;0;SOLEIL;5;0;0
Montdidier;49.65;2.57;12/08/2026;17:00;30.2;0;SOLEIL;2;0;0
Montdidier;49.65;2.57;12/08/2026;18:00;30.2;0;SOLEIL;2;0;0
Montdidier;49.65;2.57;12/08/2026;19:00;30.2;0;SOLEIL;2;0;0
Montdidier;49.65;2.57;12/08/2026;20:00;21.3;0;SOLEIL;5;0;0
Montdidier;49.65;2.57;12/08/2026;21:00;19.8;0;SOLEIL;5;0;0
Montdidier;49.65;2.57;12/08/2026;22:00;18.2;0;SOLEIL;5;0;0
Montdidier;49.65;2.57;12/08/2026;23:00;21;0;SOLEIL;3;0;0
Boulogne-sur-Mer;50.726;1.614;08/08/2026;00:00;17.4;0;SOLEIL;3;0;0
Boulogne-sur-Mer;50.726;1.614;08/08/2026;01:00;17.4;0;SOLEIL;3;0;0
Boulogne-sur-Mer;50.726;1.614;08/08/2026;02:00;15.6;0;SOLEIL;3;0;0
Boulogne-sur-Mer;50.726;1.614;08/08/2026;03:00;15.6;0;SOLEIL;3;0;0
Boulogne-sur-Mer;50.726;1.614;08/08/2026;04:00;15.6;0;SOLEIL;3;0;0
Boulogne-sur-Mer;50.726;1.614;08/08/2026;05:00;17.4;0;SOLEIL;3;0;0
Boulogne-sur-Mer;50.726;1.614;08/08/2026;06:00;17.4;0;SOLEIL;3;0;0
Boulogne-sur-Mer;50.726;1.614;08/08/2026;07:00;17.4;0;SOLEIL;3;0;0
Boulogne-sur-Mer;50.726;1.614;08/08/2026;08:00;22.1;5;SOLEIL VOILÉ;3;0;0
Boulogne-sur-Mer;50.726;1.614;08/08/2026;09:00;22.1;5;SOLEIL VOILÉ;3;0;0
Boulogne-sur-Mer;50.726;1.614;08/08/2026;10:00;22.1;5;SOLEIL VOILÉ;3;0;0
Boulogne-sur-Mer;50.726;1.614;08/08/2026;11:00;24;5;SOLEIL VOILÉ;3;0;0
Boulogne-sur-Mer;50.726;1.614;08/08/2026;12:00;24;5;SOLEIL VOILÉ;3;0;0
Boulogne-sur-Mer;50.726;1.614;08/08/2026;13:00;24;5;SOLEIL VOILÉ;3;0;0
Boulogne-sur-Mer;50.726;1.614;08/08/2026;14:00;23.9;5;SOLEIL VOILÉ;5;0;0
Boulogne-sur-Mer;50.726;1.614;08/08/2026;15:00;23.9;5;SOLEIL VOILÉ;5;0;0
Boulogne-sur-Mer;50.726;1.614;08/08/2026;16:00;23.9;5;SOLEIL VOILÉ;5;0;0
Boulogne-sur-Mer;50.726;1.614;08/08/2026;17:00;23.2;5;SOLEIL VOILÉ;4;0;0
Boulogne-sur-Mer;50.726;1.614;08/08/2026;18:00;23.2;5;SOLEIL VOILÉ;4;0;0
Boulogne-sur-Mer;50.726;1.614;08/08/2026;19:00;23.2;5;SOLEIL VOILÉ;4;0;0
Boulogne-sur-Mer;50.726;1.614;08/08/2026;20:00;21.2;0;SOLEIL;4;0;0
Boulogne-sur-Mer;50.726;1.614;08/08/2026;21:00;21.2;0;SOLEIL;4;0;0
Boulogne-sur-Mer;50.726;1.614;08/08/2026;22:00;21.2;0;SOLEIL;4;0;0
Boulogne-sur-Mer;50.726;1.614;08/08/2026;23:00;20.1;0;SOLEIL;3;0;0
Boulogne-sur-Mer;50.726;1.614;09/08/2026;00:00;20.1;0;SOLEIL;3;0;0
Boulogne-sur-Mer;50.726;1.614;09/08/2026;01:00;20.1;0;SOLEIL;3;0;0
Boulogne-sur-Mer;50.726;1.614;09/08/2026;02:00;19.7;0;SOLEIL;3;0;0
Boulogne-sur-Mer;50.726;1.614;09/08/2026;03:00;19.7;0;SOLEIL;3;0;0
Boulogne-sur-Mer;50.726;1.614;09/08/2026;04:00;19.7;0;SOLEIL;3;0;0
Boulogne-sur-Mer;50.726;1.614;09/08/2026;05:00;21;0;SOLEIL;3;0;0
Boulogne-sur-Mer;50.726;1.614;09/08/2026;06:00;21;0;SOLEIL;3;0;0
Boulogne-sur-Mer;50.726;1.614;09/08/2026;07:00;21;0;SOLEIL;3;0;0
Boulogne-sur-Mer;50.726;1.614;09/08/2026;08:00;25.1;0;SOLEIL;3;0;0
Boulogne-sur-Mer;50.726;1.614;09/08/2026;09:00;25.1;0;SOLEIL;3;0;0
Boulogne-sur-Mer;50.726;1.614;09/08/2026;10:00;25.1;0;SOLEIL;3;0;0
Boulogne-sur-Mer;50.726;1.614;09/08/2026;11:00;26.5;0;SOLEIL;3;0;0
Boulogne-sur-Mer;50.726;1.614;09/08/2026;12:00;26.5;0;SOLEIL;3;0;0
Boulogne-sur-Mer;50.726;1.614;09/08/2026;13:00;26.5;0;SOLEIL;3;0;0
Boulogne-sur-Mer;50.726;1.614;09/08/2026;14:00;25.9;0;SOLEIL;2;0;0
Boulogne-sur-Mer;50.726;1.614;09/08/2026;15:00;25.9;0;SOLEIL;2;0;0
Boulogne-sur-Mer;50.726;1.614;09/08/2026;16:00;25.9;0;SOLEIL;2;0;0
Boulogne-sur-Mer;50.726;1.614;09/08/2026;17:00;23.1;0;SOLEIL;4;0;0
Boulogne-sur-Mer;50.726;1.614;09/08/2026;18:00;23.1;0;SOLEIL;4;0;0
Boulogne-sur-Mer;50.726;1.614;09/08/2026;19:00;23.1;0;SOLEIL;4;0;0
Boulogne-sur-Mer;50.726;1.614;09/08/2026;20:00;19.6;5;SOLEIL VOILÉ;5;0;0
Boulogne-sur-Mer;50.726;1.614;09/08/2026;21:00;18.5;5;SOLEIL VOILÉ;5;0;0
Boulogne-sur-Mer;50.726;1.614;09/08/2026;22:00;17.4;5;SOLEIL VOILÉ;5;0;0
Boulogne-sur-Mer;50.726;1.614;09/08/2026;23:00;20.1;0;SOLEIL;5;0;0
Boulogne-sur-Mer;50.726;1.614;10/08/2026;00:00;20.1;0;SOLEIL;5;0;0
Boulogne-sur-Mer;50.726;1.614;10/08/2026;01:00;20.1;0;SOLEIL;5;0;0
Boulogne-sur-Mer;50.726;1.614;10/08/2026;02:00;19.1;0;SOLEIL;5;0;0
Boulogne-sur-Mer;50.726;1.614;10/08/2026;03:00;19.1;0;SOLEIL;5;0;0
Boulogne-sur-Mer;50.726;1.614;10/08/2026;04:00;19.1;0;SOLEIL;5;0;0
Boulogne-sur-Mer;50.726;1.614;10/08/2026;05:00;19.6;0;SOLEIL;5;0;0
Boulogne-sur-Mer;50.726;1.614;10/08/2026;06:00;19.6;0;SOLEIL;5;0;0
Boulogne-sur-Mer;50.726;1.614;10/08/2026;07:00;19.6;0;SOLEIL;5;0;0
Boulogne-sur-Mer;50.726;1.614;10/08/2026;08:00;21.1;0;SOLEIL;5;0;0
Boulogne-sur-Mer;50.726;1.614;10/08/2026;09:00;22.1;0;SOLEIL;5;0;0
Boulogne-sur-Mer;50.726;1.614;10/08/2026;10:00;23.1;0;SOLEIL;5;0;0
Boulogne-sur-Mer;50.726;1.614;10/08/2026;11:00;22.5;0;SOLEIL;5;0;0
Boulogne-sur-Mer;50.726;1.614;10/08/2026;12:00;22.5;0;SOLEIL;5;0;0
Boulogne-sur-Mer;50.726;1.614;10/08/2026;13:00;22.5;0;SOLEIL;5;0;0
Boulogne-sur-Mer;50.726;1.614;10/08/2026;14:00;27.1;0;SOLEIL;5;0;0
Boulogne-sur-Mer;50.726;1.614;10/08/2026;15:00;28.1;0;SOLEIL;5;0;0
Boulogne-sur-Mer;50.726;1.614;10/08/2026;16:00;27.1;0;SOLEIL;5;0;0
Boulogne-sur-Mer;50.726;1.614;10/08/2026;17:00;21.6;0;SOLEIL;5;0;0
Boulogne-sur-Mer;50.726;1.614;10/08/2026;18:00;21.6;0;SOLEIL;5;0;0
Boulogne-sur-Mer;50.726;1.614;10/08/2026;19:00;21.6;0;SOLEIL;5;0;0
Boulogne-sur-Mer;50.726;1.614;10/08/2026;20:00;23.1;0;SOLEIL;5;0;0
Boulogne-sur-Mer;50.726;1.614;10/08/2026;21:00;22.1;0;SOLEIL;5;0;0
Boulogne-sur-Mer;50.726;1.614;10/08/2026;22:00;21.1;0;SOLEIL;5;0;0
Boulogne-sur-Mer;50.726;1.614;10/08/2026;23:00;18.2;0;SOLEIL;5;0;0
Boulogne-sur-Mer;50.726;1.614;11/08/2026;00:00;18.2;0;SOLEIL;5;0;0
Boulogne-sur-Mer;50.726;1.614;11/08/2026;01:00;18.2;0;SOLEIL;5;0;0
Boulogne-sur-Mer;50.726;1.614;11/08/2026;02:00;18.4;0;SOLEIL;5;0;0
Boulogne-sur-Mer;50.726;1.614;11/08/2026;03:00;18.4;0;SOLEIL;5;0;0
Boulogne-sur-Mer;50.726;1.614;11/08/2026;04:00;18.4;0;SOLEIL;5;0;0
Boulogne-sur-Mer;50.726;1.614;11/08/2026;05:00;19.1;0;SOLEIL;5;0;0
Boulogne-sur-Mer;50.726;1.614;11/08/2026;06:00;19.1;0;SOLEIL;5;0;0
Boulogne-sur-Mer;50.726;1.614;11/08/2026;07:00;19.1;0;SOLEIL;5;0;0
Boulogne-sur-Mer;50.726;1.614;11/08/2026;08:00;19.6;0;SOLEIL;5;0;0
Boulogne-sur-Mer;50.726;1.614;11/08/2026;09:00;20.2;0;SOLEIL;5;0;0
Boulogne-sur-Mer;50.726;1.614;11/08/2026;10:00;20.8;0;SOLEIL;5;0;0
Boulogne-sur-Mer;50.726;1.614;11/08/2026;11:00;25.7;0;SOLEIL;6;0;0
Boulogne-sur-Mer;50.726;1.614;11/08/2026;12:00;25.7;0;SOLEIL;6;0;0
Boulogne-sur-Mer;50.726;1.614;11/08/2026;13:00;25.7;0;SOLEIL;6;0;0
Boulogne-sur-Mer;50.726;1.614;11/08/2026;14:00;23.1;0;SOLEIL;5;0;0
Boulogne-sur-Mer;50.726;1.614;11/08/2026;15:00;23.7;0;SOLEIL;5;0;0
Boulogne-sur-Mer;50.726;1.614;11/08/2026;16:00;23.1;0;SOLEIL;5;0;0
Boulogne-sur-Mer;50.726;1.614;11/08/2026;17:00;23.7;0;SOLEIL;7;12;0
Boulogne-sur-Mer;50.726;1.614;11/08/2026;18:00;23.7;0;SOLEIL;7;12;0
Boulogne-sur-Mer;50.726;1.614;11/08/2026;19:00;23.7;0;SOLEIL;7;12;0
Boulogne-sur-Mer;50.726;1.614;11/08/2026;20:00;20.8;0;SOLEIL;5;0;0
Boulogne-sur-Mer;50.726;1.614;11/08/2026;21:00;20.2;0;SOLEIL;5;0;0
Boulogne-sur-Mer;50.726;1.614;11/08/2026;22:00;19.6;0;SOLEIL;5;0;0
Boulogne-sur-Mer;50.726;1.614;11/08/2026;23:00;20.1;0;SOLEIL;6;0;0
Boulogne-sur-Mer;50.726;1.614;12/08/2026;00:00;20.1;0;SOLEIL;6;0;0
Boulogne-sur-Mer;50.726;1.614;12/08/2026;01:00;20.1;0;SOLEIL;6;0;0
Boulogne-sur-Mer;50.726;1.614;12/08/2026;02:00;17.1;0;SOLEIL;5;0;0
Boulogne-sur-Mer;50.726;1.614;12/08/2026;03:00;17.1;0;SOLEIL;5;0;0
Boulogne-sur-Mer;50.726;1.614;12/08/2026;04:00;17.1;0;SOLEIL;5;0;0
Boulogne-sur-Mer;50.726;1.614;12/08/2026;05:00;20;0;SOLEIL;5;0;0
Boulogne-sur-Mer;50.726;1.614;12/08/2026;06:00;20;0;SOLEIL;5;0;0
Boulogne-sur-Mer;50.726;1.614;12/08/2026;07:00;20;0;SOLEIL;5;0;0
Boulogne-sur-Mer;50.726;1.614;12/08/2026;08:00;19.2;0;SOLEIL;5;0;0
Boulogne-sur-Mer;50.726;1.614;12/08/2026;09:00;20.3;0;SOLEIL;5;0;0
Boulogne-sur-Mer;50.726;1.614;12/08/2026;10:00;21.3;0;SOLEIL;5;0;0
Boulogne-sur-Mer;50.726;1.614;12/08/2026;11:00;28.4;0;SOLEIL;4;0;0
Boulogne-sur-Mer;50.726;1.614;12/08/2026;12:00;28.4;0;SOLEIL;4;0;0
Boulogne-sur-Mer;50.726;1.614;12/08/2026;13:00;28.4;0;SOLEIL;4;0;0
Boulogne-sur-Mer;50.726;1.614;12/08/2026;14:00;25.5;0;SOLEIL;5;0;0
Boulogne-sur-Mer;50.726;1.614;12/08/2026;15:00;26.6;0;SOLEIL;5;0;0
Boulogne-sur-Mer;50.726;1.614;12/08/2026;16:00;25.5;0;SOLEIL;5;0;0
Boulogne-sur-Mer;50.726;1.614;12/08/2026;17:00;26.1;0;SOLEIL;5;0;0
Boulogne-sur-Mer;50.726;1.614;12/08/2026;18:00;26.1;0;SOLEIL;5;0;0
Boulogne-sur-Mer;50.726;1.614;12/08/2026;19:00;26.1;0;SOLEIL;5;0;0
Boulogne-sur-Mer;50.726;1.614;12/08/2026;20:00;21.3;0;SOLEIL;5;0;0
Boulogne-sur-Mer;50.726;1.614;12/08/2026;21:00;20.3;0;SOLEIL;5;0;0
Boulogne-sur-Mer;50.726;1.614;12/08/2026;22:00;19.2;0;SOLEIL;5;0;0
Boulogne-sur-Mer;50.726;1.614;12/08/2026;23:00;22.9;0;SOLEIL;6;0;0
