Ville;Latitude;Longitude;Date;Heure;temperature_2m;weathercode;Temps_Label;windspeed_10m;wind_gusts_10m;precipitation
Argent-sur-Sauldre;47.56;2.45;08/08/2026;00:00;18.6;0;SOLEIL;3;0;0
Argent-sur-Sauldre;47.56;2.45;08/08/2026;01:00;18.6;0;SOLEIL;3;0;0
Argent-sur-Sauldre;47.56;2.45;08/08/2026;02:00;14.6;0;SOLEIL;3;0;0
Argent-sur-Sauldre;47.56;2.45;08/08/2026;03:00;14.6;0;SOLEIL;3;0;0
Argent-sur-Sauldre;47.56;2.45;08/08/2026;04:00;14.6;0;SOLEIL;3;0;0
Argent-sur-Sauldre;47.56;2.45;08/08/2026;05:00;16.2;0;SOLEIL;3;0;0
Argent-sur-Sauldre;47.56;2.45;08/08/2026;06:00;16.2;0;SOLEIL;3;0;0
Argent-sur-Sauldre;47.56;2.45;08/08/2026;07:00;16.2;0;SOLEIL;3;0;0
Argent-sur-Sauldre;47.56;2.45;08/08/2026;08:00;24.5;5;SOLEIL VOILÉ;3;0;0
Argent-sur-Sauldre;47.56;2.45;08/08/2026;09:00;24.5;5;SOLEIL VOILÉ;3;0;0
Argent-sur-Sauldre;47.56;2.45;08/08/2026;10:00;24.5;5;SOLEIL VOILÉ;3;0;0
Argent-sur-Sauldre;47.56;2.45;08/08/2026;11:00;29.5;0;SOLEIL;2;0;0
Argent-sur-Sauldre;47.56;2.45;08/08/2026;12:00;29.5;0;SOLEIL;2;0;0
Argent-sur-Sauldre;47.56;2.45;08/08/2026;13:00;29.5;0;SOLEIL;2;0;0
Argent-sur-Sauldre;47.56;2.45;08/08/2026;14:00;31.9;0;SOLEIL;2;0;0
Argent-sur-Sauldre;47.56;2.45;08/08/2026;15:00;31.9;0;SOLEIL;2;0;0
Argent-sur-Sauldre;47.56;2.45;08/08/2026;16:00;31.9;0;SOLEIL;2;0;0
Argent-sur-Sauldre;47.56;2.45;08/08/2026;17:00;31.9;0;SOLEIL;2;0;0
Argent-sur-Sauldre;47.56;2.45;08/08/2026;18:00;31.9;0;SOLEIL;2;0;0
Argent-sur-Sauldre;47.56;2.45;08/08/2026;19:00;31.9;0;SOLEIL;2;0;0
Argent-sur-Sauldre;47.56;2.45;08/08/2026;20:00;23.6;0;SOLEIL;2;0;0
Argent-sur-Sauldre;47.56;2.45;08/08/2026;21:00;23.6;0;SOLEIL;2;0;0
Argent-sur-Sauldre;47.56;2.45;08/08/2026;22:00;23.6;0;SOLEIL;2;0;0
Argent-sur-Sauldre;47.56;2.45;08/08/2026;23:00;20.1;5;SOLEIL VOILÉ;2;0;0
Argent-sur-Sauldre;47.56;2.45;09/08/2026;00:00;20.1;5;SOLEIL VOILÉ;2;0;0
Argent-sur-Sauldre;47.56;2.45;09/08/2026;01:00;20.1;5;SOLEIL VOILÉ;2;0;0
Argent-sur-Sauldre;47.56;2.45;09/08/2026;02:00;16.9;5;SOLEIL VOILÉ;2;0;0
Argent-sur-Sauldre;47.56;2.45;09/08/2026;03:00;16.9;5;SOLEIL VOILÉ;2;0;0
Argent-sur-Sauldre;47.56;2.45;09/08/2026;04:00;16.9;5;SOLEIL VOILÉ;2;0;0
Argent-sur-Sauldre;47.56;2.45;09/08/2026;05:00;19.6;5;SOLEIL VOILÉ;2;0;0
Argent-sur-Sauldre;47.56;2.45;09/08/2026;06:00;19.6;5;SOLEIL VOILÉ;2;0;0
Argent-sur-Sauldre;47.56;2.45;09/08/2026;07:00;19.6;5;SOLEIL VOILÉ;2;0;0
Argent-sur-Sauldre;47.56;2.45;09/08/2026;08:00;24;0;SOLEIL;2;0;0
Argent-sur-Sauldre;47.56;2.45;09/08/2026;09:00;24;0;SOLEIL;2;0;0
Argent-sur-Sauldre;47.56;2.45;09/08/2026;10:00;24;0;SOLEIL;2;0;0
Argent-sur-Sauldre;47.56;2.45;09/08/2026;11:00;28.7;0;SOLEIL;1;0;0
Argent-sur-Sauldre;47.56;2.45;09/08/2026;12:00;28.7;0;SOLEIL;1;0;0
Argent-sur-Sauldre;47.56;2.45;09/08/2026;13:00;28.7;0;SOLEIL;1;0;0
Argent-sur-Sauldre;47.56;2.45;09/08/2026;14:00;31.6;0;SOLEIL;2;0;0
Argent-sur-Sauldre;47.56;2.45;09/08/2026;15:00;31.6;0;SOLEIL;2;0;0
Argent-sur-Sauldre;47.56;2.45;09/08/2026;16:00;31.6;0;SOLEIL;2;0;0
Argent-sur-Sauldre;47.56;2.45;09/08/2026;17:00;30.9;0;SOLEIL;2;0;0
Argent-sur-Sauldre;47.56;2.45;09/08/2026;18:00;30.9;0;SOLEIL;2;0;0
Argent-sur-Sauldre;47.56;2.45;09/08/2026;19:00;30.9;0;SOLEIL;2;0;0
Argent-sur-Sauldre;47.56;2.45;09/08/2026;20:00;22.5;0;SOLEIL;5;0;0
Argent-sur-Sauldre;47.56;2.45;09/08/2026;21:00;20.4;0;SOLEIL;5;0;0
Argent-sur-Sauldre;47.56;2.45;09/08/2026;22:00;18.3;0;SOLEIL;5;0;0
Argent-sur-Sauldre;47.56;2.45;09/08/2026;23:00;21.6;0;SOLEIL;3;0;0
Argent-sur-Sauldre;47.56;2.45;10/08/2026;00:00;21.6;0;SOLEIL;3;0;0
Argent-sur-Sauldre;47.56;2.45;10/08/2026;01:00;21.6;0;SOLEIL;3;0;0
Argent-sur-Sauldre;47.56;2.45;10/08/2026;02:00;16.2;0;SOLEIL;5;0;0
Argent-sur-Sauldre;47.56;2.45;10/08/2026;03:00;16.2;0;SOLEIL;5;0;0
Argent-sur-Sauldre;47.56;2.45;10/08/2026;04:00;16.2;0;SOLEIL;5;0;0
Argent-sur-Sauldre;47.56;2.45;10/08/2026;05:00;19.6;0;SOLEIL;2;0;0
Argent-sur-Sauldre;47.56;2.45;10/08/2026;06:00;19.6;0;SOLEIL;2;0;0
Argent-sur-Sauldre;47.56;2.45;10/08/2026;07:00;19.6;0;SOLEIL;2;0;0
Argent-sur-Sauldre;47.56;2.45;10/08/2026;08:00;19.8;0;SOLEIL;5;0;0
Argent-sur-Sauldre;47.56;2.45;10/08/2026;09:00;21.7;0;SOLEIL;5;0;0
Argent-sur-Sauldre;47.56;2.45;10/08/2026;10:00;23.5;0;SOLEIL;5;0;0
Argent-sur-Sauldre;47.56;2.45;10/08/2026;11:00;31.1;0;SOLEIL;3;0;0
Argent-sur-Sauldre;47.56;2.45;10/08/2026;12:00;31.1;0;SOLEIL;3;0;0
Argent-sur-Sauldre;47.56;2.45;10/08/2026;13:00;31.1;0;SOLEIL;3;0;0
Argent-sur-Sauldre;47.56;2.45;10/08/2026;14:00;30.8;0;SOLEIL;5;0;0
Argent-sur-Sauldre;47.56;2.45;10/08/2026;15:00;32.6;0;SOLEIL;5;0;0
Argent-sur-Sauldre;47.56;2.45;10/08/2026;16:00;30.8;0;SOLEIL;5;0;0
Argent-sur-Sauldre;47.56;2.45;10/08/2026;17:00;29.7;0;SOLEIL;2;0;0
Argent-sur-Sauldre;47.56;2.45;10/08/2026;18:00;29.7;0;SOLEIL;2;0;0
Argent-sur-Sauldre;47.56;2.45;10/08/2026;19:00;29.7;0;SOLEIL;2;0;0
Argent-sur-Sauldre;47.56;2.45;10/08/2026;20:00;23.5;0;SOLEIL;5;0;0
Argent-sur-Sauldre;47.56;2.45;10/08/2026;21:00;21.7;0;SOLEIL;5;0;0
Argent-sur-Sauldre;47.56;2.45;10/08/2026;22:00;19.8;0;SOLEIL;5;0;0
Argent-sur-Sauldre;47.56;2.45;10/08/2026;23:00;21.1;0;SOLEIL;4;0;0
Argent-sur-Sauldre;47.56;2.45;11/08/2026;00:00;21.1;0;SOLEIL;4;0;0
Argent-sur-Sauldre;47.56;2.45;11/08/2026;01:00;21.1;0;SOLEIL;4;0;0
Argent-sur-Sauldre;47.56;2.45;11/08/2026;02:00;18.2;0;SOLEIL;5;0;0
Argent-sur-Sauldre;47.56;2.45;11/08/2026;03:00;18.2;0;SOLEIL;5;0;0
Argent-sur-Sauldre;47.56;2.45;11/08/2026;04:00;18.2;0;SOLEIL;5;0;0
Argent-sur-Sauldre;47.56;2.45;11/08/2026;05:00;19.1;0;SOLEIL;3;0;0
Argent-sur-Sauldre;47.56;2.45;11/08/2026;06:00;19.1;0;SOLEIL;3;0;0
Argent-sur-Sauldre;47.56;2.45;11/08/2026;07:00;19.1;0;SOLEIL;3;0;0
Argent-sur-Sauldre;47.56;2.45;11/08/2026;08:00;21.6;0;SOLEIL;5;0;0
Argent-sur-Sauldre;47.56;2.45;11/08/2026;09:00;23.3;0;SOLEIL;5;0;0
Argent-sur-Sauldre;47.56;2.45;11/08/2026;10:00;25.0;0;SOLEIL;5;0;0
Argent-sur-Sauldre;47.56;2.45;11/08/2026;11:00;30.9;0;SOLEIL;3;0;0
Argent-sur-Sauldre;47.56;2.45;11/08/2026;12:00;30.9;0;SOLEIL;3;0;0
Argent-sur-Sauldre;47.56;2.45;11/08/2026;13:00;30.9;0;SOLEIL;3;0;0
Argent-sur-Sauldre;47.56;2.45;11/08/2026;14:00;31.9;0;SOLEIL;5;0;0
Argent-sur-Sauldre;47.56;2.45;11/08/2026;15:00;33.6;0;SOLEIL;5;0;0
Argent-sur-Sauldre;47.56;2.45;11/08/2026;16:00;31.9;0;SOLEIL;5;0;0
Argent-sur-Sauldre;47.56;2.45;11/08/2026;17:00;30.7;0;SOLEIL;4;0;0
Argent-sur-Sauldre;47.56;2.45;11/08/2026;18:00;30.7;0;SOLEIL;4;0;0
Argent-sur-Sauldre;47.56;2.45;11/08/2026;19:00;30.7;0;SOLEIL;4;0;0
Argent-sur-Sauldre;47.56;2.45;11/08/2026;20:00;25.0;0;SOLEIL;5;0;0
Argent-sur-Sauldre;47.56;2.45;11/08/2026;21:00;23.3;0;SOLEIL;5;0;0
Argent-sur-Sauldre;47.56;2.45;11/08/2026;22:00;21.6;0;SOLEIL;5;0;0
Argent-sur-Sauldre;47.56;2.45;11/08/2026;23:00;20.6;0;SOLEIL;4;0;0
Argent-sur-Sauldre;47.56;2.45;12/08/2026;00:00;20.6;0;SOLEIL;4;0;0
Argent-sur-Sauldre;47.56;2.45;12/08/2026;01:00;20.6;0;SOLEIL;4;0;0
Argent-sur-Sauldre;47.56;2.45;12/08/2026;02:00;17.5;0;SOLEIL;5;0;0
Argent-sur-Sauldre;47.56;2.45;12/08/2026;03:00;17.5;0;SOLEIL;5;0;0
Argent-sur-Sauldre;47.56;2.45;12/08/2026;04:00;17.5;0;SOLEIL;5;0;0
Argent-sur-Sauldre;47.56;2.45;12/08/2026;05:00;20.5;0;SOLEIL;3;0;0
Argent-sur-Sauldre;47.56;2.45;12/08/2026;06:00;20.5;0;SOLEIL;3;0;0
Argent-sur-Sauldre;47.56;2.45;12/08/2026;07:00;20.5;0;SOLEIL;3;0;0
Argent-sur-Sauldre;47.56;2.45;12/08/2026;08:00;21.0;0;SOLEIL;5;0;0
Argent-sur-Sauldre;47.56;2.45;12/08/2026;09:00;22.7;0;SOLEIL;5;0;0
Argent-sur-Sauldre;47.56;2.45;12/08/2026;10:00;24.5;0;SOLEIL;5;0;0
Argent-sur-Sauldre;47.56;2.45;12/08/2026;11:00;33.5;0;SOLEIL;3;0;0
Argent-sur-Sauldre;47.56;2.45;12/08/2026;12:00;33.5;0;SOLEIL;3;0;0
Argent-sur-Sauldre;47.56;2.45;12/08/2026;13:00;33.5;0;SOLEIL;3;0;0
Argent-sur-Sauldre;47.56;2.45;12/08/2026;14:00;31.5;0;SOLEIL;5;0;0
Argent-sur-Sauldre;47.56;2.45;12/08/2026;15:00;33.2;0;SOLEIL;5;0;0
Argent-sur-Sauldre;47.56;2.45;12/08/2026;16:00;31.5;0;SOLEIL;5;0;0
Argent-sur-Sauldre;47.56;2.45;12/08/2026;17:00;34.5;0;SOLEIL;2;0;0
Argent-sur-Sauldre;47.56;2.45;12/08/2026;18:00;34.5;0;SOLEIL;2;0;0
Argent-sur-Sauldre;47.56;2.45;12/08/2026;19:00;34.5;0;SOLEIL;2;0;0
Argent-sur-Sauldre;47.56;2.45;12/08/2026;20:00;24.5;0;SOLEIL;5;0;0
Argent-sur-Sauldre;47.56;2.45;12/08/2026;21:00;22.7;0;SOLEIL;5;0;0
Argent-sur-Sauldre;47.56;2.45;12/08/2026;22:00;21.0;0;SOLEIL;5;0;0
Argent-sur-Sauldre;47.56;2.45;12/08/2026;23:00;23.1;0;SOLEIL;3;0;0
Bourges;47.08;2.39;08/08/2026;00:00;13.6;0;SOLEIL;2;0;0
Bourges;47.08;2.39;08/08/2026;01:00;13.6;0;SOLEIL;2;0;0
Bourges;47.08;2.39;08/08/2026;02:00;12;0;SOLEIL;3;0;0
Bourges;47.08;2.39;08/08/2026;03:00;12;0;SOLEIL;3;0;0
Bourges;47.08;2.39;08/08/2026;04:00;12;0;SOLEIL;3;0;0
Bourges;47.08;2.39;08/08/2026;05:00;14.6;0;SOLEIL;3;0;0
Bourges;47.08;2.39;08/08/2026;06:00;14.6;0;SOLEIL;3;0;0
Bourges;47.08;2.39;08/08/2026;07:00;14.6;0;SOLEIL;3;0;0
Bourges;47.08;2.39;08/08/2026;08:00;24.6;0;SOLEIL;3;0;0
Bourges;47.08;2.39;08/08/2026;09:00;24.6;0;SOLEIL;3;0;0
Bourges;47.08;2.39;08/08/2026;10:00;24.6;0;SOLEIL;3;0;0
Bourges;47.08;2.39;08/08/2026;11:00;30;0;SOLEIL;2;0;0
Bourges;47.08;2.39;08/08/2026;12:00;30;0;SOLEIL;2;0;0
Bourges;47.08;2.39;08/08/2026;13:00;30;0;SOLEIL;2;0;0
Bourges;47.08;2.39;08/08/2026;14:00;32.2;0;SOLEIL;2;0;0
Bourges;47.08;2.39;08/08/2026;15:00;32.2;0;SOLEIL;2;0;0
Bourges;47.08;2.39;08/08/2026;16:00;32.2;0;SOLEIL;2;0;0
Bourges;47.08;2.39;08/08/2026;17:00;30.5;0;SOLEIL;2;0;0
Bourges;47.08;2.39;08/08/2026;18:00;30.5;0;SOLEIL;2;0;0
Bourges;47.08;2.39;08/08/2026;19:00;30.5;0;SOLEIL;2;0;0
Bourges;47.08;2.39;08/08/2026;20:00;20.6;0;SOLEIL;2;0;0
Bourges;47.08;2.39;08/08/2026;21:00;20.6;0;SOLEIL;2;0;0
Bourges;47.08;2.39;08/08/2026;22:00;20.6;0;SOLEIL;2;0;0
Bourges;47.08;2.39;08/08/2026;23:00;17.2;5;SOLEIL VOILÉ;3;0;0
Bourges;47.08;2.39;09/08/2026;00:00;17.2;5;SOLEIL VOILÉ;3;0;0
Bourges;47.08;2.39;09/08/2026;01:00;17.2;5;SOLEIL VOILÉ;3;0;0
Bourges;47.08;2.39;09/08/2026;02:00;17.1;5;SOLEIL VOILÉ;2;0;0
Bourges;47.08;2.39;09/08/2026;03:00;17.1;5;SOLEIL VOILÉ;2;0;0
Bourges;47.08;2.39;09/08/2026;04:00;17.1;5;SOLEIL VOILÉ;2;0;0
Bourges;47.08;2.39;09/08/2026;05:00;20.6;5;SOLEIL VOILÉ;3;0;0
Bourges;47.08;2.39;09/08/2026;06:00;20.6;5;SOLEIL VOILÉ;3;0;0
Bourges;47.08;2.39;09/08/2026;07:00;20.6;5;SOLEIL VOILÉ;3;0;0
Bourges;47.08;2.39;09/08/2026;08:00;23.1;5;SOLEIL VOILÉ;0;0;0
Bourges;47.08;2.39;09/08/2026;09:00;23.1;5;SOLEIL VOILÉ;0;0;0
Bourges;47.08;2.39;09/08/2026;10:00;23.1;5;SOLEIL VOILÉ;0;0;0
Bourges;47.08;2.39;09/08/2026;11:00;24.4;5;SOLEIL VOILÉ;3;0;0
Bourges;47.08;2.39;09/08/2026;12:00;24.4;5;SOLEIL VOILÉ;3;0;0
Bourges;47.08;2.39;09/08/2026;13:00;24.4;5;SOLEIL VOILÉ;3;0;0
Bourges;47.08;2.39;09/08/2026;14:00;31.7;0;SOLEIL;3;0;0
Bourges;47.08;2.39;09/08/2026;15:00;31.7;0;SOLEIL;3;0;0
Bourges;47.08;2.39;09/08/2026;16:00;31.7;0;SOLEIL;3;0;0
Bourges;47.08;2.39;09/08/2026;17:00;28.6;0;SOLEIL;3;0;0
Bourges;47.08;2.39;09/08/2026;18:00;28.6;0;SOLEIL;3;0;0
Bourges;47.08;2.39;09/08/2026;19:00;28.6;0;SOLEIL;3;0;0
Bourges;47.08;2.39;09/08/2026;20:00;20.6;0;SOLEIL;5;0;0
Bourges;47.08;2.39;09/08/2026;21:00;18.1;0;SOLEIL;5;0;0
Bourges;47.08;2.39;09/08/2026;22:00;15.6;0;SOLEIL;5;0;0
Bourges;47.08;2.39;09/08/2026;23:00;18.6;0;SOLEIL;2;0;0
Bourges;47.08;2.39;10/08/2026;00:00;18.6;0;SOLEIL;2;0;0
Bourges;47.08;2.39;10/08/2026;01:00;18.6;0;SOLEIL;2;0;0
Bourges;47.08;2.39;10/08/2026;02:00;15.6;5;SOLEIL VOILÉ;5;0;0
Bourges;47.08;2.39;10/08/2026;03:00;15.6;5;SOLEIL VOILÉ;5;0;0
Bourges;47.08;2.39;10/08/2026;04:00;15.6;5;SOLEIL VOILÉ;5;0;0
Bourges;47.08;2.39;10/08/2026;05:00;18.7;0;SOLEIL;3;0;0
Bourges;47.08;2.39;10/08/2026;06:00;18.7;0;SOLEIL;3;0;0
Bourges;47.08;2.39;10/08/2026;07:00;18.7;0;SOLEIL;3;0;0
Bourges;47.08;2.39;10/08/2026;08:00;19.4;5;SOLEIL VOILÉ;5;0;0
Bourges;47.08;2.39;10/08/2026;09:00;21.3;5;SOLEIL VOILÉ;5;0;0
Bourges;47.08;2.39;10/08/2026;10:00;23.2;5;SOLEIL VOILÉ;5;0;0
Bourges;47.08;2.39;10/08/2026;11:00;31;0;SOLEIL;2;0;0
Bourges;47.08;2.39;10/08/2026;12:00;31;0;SOLEIL;2;0;0
Bourges;47.08;2.39;10/08/2026;13:00;31;0;SOLEIL;2;0;0
Bourges;47.08;2.39;10/08/2026;14:00;30.7;5;SOLEIL VOILÉ;5;0;0
Bourges;47.08;2.39;10/08/2026;15:00;32.6;5;SOLEIL VOILÉ;5;0;0
Bourges;47.08;2.39;10/08/2026;16:00;30.7;5;SOLEIL VOILÉ;5;0;0
Bourges;47.08;2.39;10/08/2026;17:00;29.4;0;SOLEIL;2;0;0
Bourges;47.08;2.39;10/08/2026;18:00;29.4;0;SOLEIL;2;0;0
Bourges;47.08;2.39;10/08/2026;19:00;29.4;0;SOLEIL;2;0;0
Bourges;47.08;2.39;10/08/2026;20:00;23.2;5;SOLEIL VOILÉ;5;0;0
Bourges;47.08;2.39;10/08/2026;21:00;21.3;5;SOLEIL VOILÉ;5;0;0
Bourges;47.08;2.39;10/08/2026;22:00;19.4;5;SOLEIL VOILÉ;5;0;0
Bourges;47.08;2.39;10/08/2026;23:00;19.2;0;SOLEIL;4;0;0
Bourges;47.08;2.39;11/08/2026;00:00;19.2;0;SOLEIL;4;0;0
Bourges;47.08;2.39;11/08/2026;01:00;19.2;0;SOLEIL;4;0;0
Bourges;47.08;2.39;11/08/2026;02:00;16.7;0;SOLEIL;5;0;0
Bourges;47.08;2.39;11/08/2026;03:00;16.7;0;SOLEIL;5;0;0
Bourges;47.08;2.39;11/08/2026;04:00;16.7;0;SOLEIL;5;0;0
Bourges;47.08;2.39;11/08/2026;05:00;18.2;0;SOLEIL;3;0;0
Bourges;47.08;2.39;11/08/2026;06:00;18.2;0;SOLEIL;3;0;0
Bourges;47.08;2.39;11/08/2026;07:00;18.2;0;SOLEIL;3;0;0
Bourges;47.08;2.39;11/08/2026;08:00;20.2;0;SOLEIL;5;0;0
Bourges;47.08;2.39;11/08/2026;09:00;22.0;0;SOLEIL;5;0;0
Bourges;47.08;2.39;11/08/2026;10:00;23.8;0;SOLEIL;5;0;0
Bourges;47.08;2.39;11/08/2026;11:00;30.7;0;SOLEIL;3;0;0
Bourges;47.08;2.39;11/08/2026;12:00;30.7;0;SOLEIL;3;0;0
Bourges;47.08;2.39;11/08/2026;13:00;30.7;0;SOLEIL;3;0;0
Bourges;47.08;2.39;11/08/2026;14:00;30.8;0;SOLEIL;5;0;0
Bourges;47.08;2.39;11/08/2026;15:00;32.6;0;SOLEIL;5;0;0
Bourges;47.08;2.39;11/08/2026;16:00;30.8;0;SOLEIL;5;0;0
Bourges;47.08;2.39;11/08/2026;17:00;29.9;0;SOLEIL;4;0;0
Bourges;47.08;2.39;11/08/2026;18:00;29.9;0;SOLEIL;4;0;0
Bourges;47.08;2.39;11/08/2026;19:00;29.9;0;SOLEIL;4;0;0
Bourges;47.08;2.39;11/08/2026;20:00;23.8;0;SOLEIL;5;0;0
Bourges;47.08;2.39;11/08/2026;21:00;22.0;0;SOLEIL;5;0;0
Bourges;47.08;2.39;11/08/2026;22:00;20.2;0;SOLEIL;5;0;0
Bourges;47.08;2.39;11/08/2026;23:00;19.1;0;SOLEIL;4;0;0
Bourges;47.08;2.39;12/08/2026;00:00;19.1;0;SOLEIL;4;0;0
Bourges;47.08;2.39;12/08/2026;01:00;19.1;0;SOLEIL;4;0;0
Bourges;47.08;2.39;12/08/2026;02:00;16;0;SOLEIL;5;0;0
Bourges;47.08;2.39;12/08/2026;03:00;16;0;SOLEIL;5;0;0
Bourges;47.08;2.39;12/08/2026;04:00;16;0;SOLEIL;5;0;0
Bourges;47.08;2.39;12/08/2026;05:00;19.6;0;SOLEIL;3;0;0
Bourges;47.08;2.39;12/08/2026;06:00;19.6;0;SOLEIL;3;0;0
Bourges;47.08;2.39;12/08/2026;07:00;19.6;0;SOLEIL;3;0;0
Bourges;47.08;2.39;12/08/2026;08:00;19.7;0;SOLEIL;5;0;0
Bourges;47.08;2.39;12/08/2026;09:00;21.5;0;SOLEIL;5;0;0
Bourges;47.08;2.39;12/08/2026;10:00;23.4;0;SOLEIL;5;0;0
Bourges;47.08;2.39;12/08/2026;11:00;33.6;0;SOLEIL;2;0;0
Bourges;47.08;2.39;12/08/2026;12:00;33.6;0;SOLEIL;2;0;0
Bourges;47.08;2.39;12/08/2026;13:00;33.6;0;SOLEIL;2;0;0
Bourges;47.08;2.39;12/08/2026;14:00;30.8;0;SOLEIL;5;0;0
Bourges;47.08;2.39;12/08/2026;15:00;32.6;0;SOLEIL;5;0;0
Bourges;47.08;2.39;12/08/2026;16:00;30.8;0;SOLEIL;5;0;0
Bourges;47.08;2.39;12/08/2026;17:00;32.7;0;SOLEIL;3;0;0
Bourges;47.08;2.39;12/08/2026;18:00;32.7;0;SOLEIL;3;0;0
Bourges;47.08;2.39;12/08/2026;19:00;32.7;0;SOLEIL;3;0;0
Bourges;47.08;2.39;12/08/2026;20:00;23.4;0;SOLEIL;5;0;0
Bourges;47.08;2.39;12/08/2026;21:00;21.5;0;SOLEIL;5;0;0
Bourges;47.08;2.39;12/08/2026;22:00;19.7;0;SOLEIL;5;0;0
Bourges;47.08;2.39;12/08/2026;23:00;21.4;0;SOLEIL;3;0;0
Saint-Amand-Montrond;46.72;2.5;08/08/2026;00:00;20;0;SOLEIL;3;0;0
Saint-Amand-Montrond;46.72;2.5;08/08/2026;01:00;20;0;SOLEIL;3;0;0
Saint-Amand-Montrond;46.72;2.5;08/08/2026;02:00;17.1;0;SOLEIL;3;0;0
Saint-Amand-Montrond;46.72;2.5;08/08/2026;03:00;17.1;0;SOLEIL;3;0;0
Saint-Amand-Montrond;46.72;2.5;08/08/2026;04:00;17.1;0;SOLEIL;3;0;0
Saint-Amand-Montrond;46.72;2.5;08/08/2026;05:00;18.1;0;SOLEIL;3;0;0
Saint-Amand-Montrond;46.72;2.5;08/08/2026;06:00;18.1;0;SOLEIL;3;0;0
Saint-Amand-Montrond;46.72;2.5;08/08/2026;07:00;18.1;0;SOLEIL;3;0;0
Saint-Amand-Montrond;46.72;2.5;08/08/2026;08:00;25;0;SOLEIL;2;0;0
Saint-Amand-Montrond;46.72;2.5;08/08/2026;09:00;25;0;SOLEIL;2;0;0
Saint-Amand-Montrond;46.72;2.5;08/08/2026;10:00;25;0;SOLEIL;2;0;0
Saint-Amand-Montrond;46.72;2.5;08/08/2026;11:00;30.6;0;SOLEIL;2;0;0
Saint-Amand-Montrond;46.72;2.5;08/08/2026;12:00;30.6;0;SOLEIL;2;0;0
Saint-Amand-Montrond;46.72;2.5;08/08/2026;13:00;30.6;0;SOLEIL;2;0;0
Saint-Amand-Montrond;46.72;2.5;08/08/2026;14:00;33.5;0;SOLEIL;2;0;0
Saint-Amand-Montrond;46.72;2.5;08/08/2026;15:00;33.5;0;SOLEIL;2;0;0
Saint-Amand-Montrond;46.72;2.5;08/08/2026;16:00;33.5;0;SOLEIL;2;0;0
Saint-Amand-Montrond;46.72;2.5;08/08/2026;17:00;32.5;0;SOLEIL;2;0;0
Saint-Amand-Montrond;46.72;2.5;08/08/2026;18:00;32.5;0;SOLEIL;2;0;0
Saint-Amand-Montrond;46.72;2.5;08/08/2026;19:00;32.5;0;SOLEIL;2;0;0
Saint-Amand-Montrond;46.72;2.5;08/08/2026;20:00;26.6;0;SOLEIL;2;0;0
Saint-Amand-Montrond;46.72;2.5;08/08/2026;21:00;26.6;0;SOLEIL;2;0;0
Saint-Amand-Montrond;46.72;2.5;08/08/2026;22:00;26.6;0;SOLEIL;2;0;0
Saint-Amand-Montrond;46.72;2.5;08/08/2026;23:00;22.5;5;SOLEIL VOILÉ;2;0;0
Saint-Amand-Montrond;46.72;2.5;09/08/2026;00:00;22.5;5;SOLEIL VOILÉ;2;0;0
Saint-Amand-Montrond;46.72;2.5;09/08/2026;01:00;22.5;5;SOLEIL VOILÉ;2;0;0
Saint-Amand-Montrond;46.72;2.5;09/08/2026;02:00;20.7;5;SOLEIL VOILÉ;2;0;0
Saint-Amand-Montrond;46.72;2.5;09/08/2026;03:00;20.7;5;SOLEIL VOILÉ;2;0;0
Saint-Amand-Montrond;46.72;2.5;09/08/2026;04:00;20.7;5;SOLEIL VOILÉ;2;0;0
Saint-Amand-Montrond;46.72;2.5;09/08/2026;05:00;21.2;5;SOLEIL VOILÉ;2;0;0
Saint-Amand-Montrond;46.72;2.5;09/08/2026;06:00;21.2;5;SOLEIL VOILÉ;2;0;0
Saint-Amand-Montrond;46.72;2.5;09/08/2026;07:00;21.2;5;SOLEIL VOILÉ;2;0;0
Saint-Amand-Montrond;46.72;2.5;09/08/2026;08:00;25;0;SOLEIL;3;0;0
Saint-Amand-Montrond;46.72;2.5;09/08/2026;09:00;25;0;SOLEIL;3;0;0
Saint-Amand-Montrond;46.72;2.5;09/08/2026;10:00;25;0;SOLEIL;3;0;0
Saint-Amand-Montrond;46.72;2.5;09/08/2026;11:00;28.6;5;SOLEIL VOILÉ;3;0;0
Saint-Amand-Montrond;46.72;2.5;09/08/2026;12:00;28.6;5;SOLEIL VOILÉ;3;0;0
Saint-Amand-Montrond;46.72;2.5;09/08/2026;13:00;28.6;5;SOLEIL VOILÉ;3;0;0
Saint-Amand-Montrond;46.72;2.5;09/08/2026;14:00;31.9;0;SOLEIL;2;0;0
Saint-Amand-Montrond;46.72;2.5;09/08/2026;15:00;31.9;0;SOLEIL;2;0;0
Saint-Amand-Montrond;46.72;2.5;09/08/2026;16:00;31.9;0;SOLEIL;2;0;0
Saint-Amand-Montrond;46.72;2.5;09/08/2026;17:00;30.1;0;SOLEIL;2;0;0
Saint-Amand-Montrond;46.72;2.5;09/08/2026;18:00;30.1;0;SOLEIL;2;0;0
Saint-Amand-Montrond;46.72;2.5;09/08/2026;19:00;30.1;0;SOLEIL;2;0;0
Saint-Amand-Montrond;46.72;2.5;09/08/2026;20:00;24.1;0;SOLEIL;5;0;0
Saint-Amand-Montrond;46.72;2.5;09/08/2026;21:00;22.1;0;SOLEIL;5;0;0
Saint-Amand-Montrond;46.72;2.5;09/08/2026;22:00;20.1;0;SOLEIL;5;0;0
Saint-Amand-Montrond;46.72;2.5;09/08/2026;23:00;23;0;SOLEIL;3;0;0
Saint-Amand-Montrond;46.72;2.5;10/08/2026;00:00;23;0;SOLEIL;3;0;0
Saint-Amand-Montrond;46.72;2.5;10/08/2026;01:00;23;0;SOLEIL;3;0;0
Saint-Amand-Montrond;46.72;2.5;10/08/2026;02:00;20.2;2;NUAGEUX;5;0;0
Saint-Amand-Montrond;46.72;2.5;10/08/2026;03:00;20.2;2;NUAGEUX;5;0;0
Saint-Amand-Montrond;46.72;2.5;10/08/2026;04:00;20.2;2;NUAGEUX;5;0;0
Saint-Amand-Montrond;46.72;2.5;10/08/2026;05:00;20.4;0;SOLEIL;2;0;0
Saint-Amand-Montrond;46.72;2.5;10/08/2026;06:00;20.4;0;SOLEIL;2;0;0
Saint-Amand-Montrond;46.72;2.5;10/08/2026;07:00;20.4;0;SOLEIL;2;0;0
Saint-Amand-Montrond;46.72;2.5;10/08/2026;08:00;22.9;2;NUAGEUX;5;0;0
Saint-Amand-Montrond;46.72;2.5;10/08/2026;09:00;24.3;2;NUAGEUX;5;0;0
Saint-Amand-Montrond;46.72;2.5;10/08/2026;10:00;25.7;2;NUAGEUX;5;0;0
Saint-Amand-Montrond;46.72;2.5;10/08/2026;11:00;30.9;0;SOLEIL;3;0;0
Saint-Amand-Montrond;46.72;2.5;10/08/2026;12:00;30.9;0;SOLEIL;3;0;0
Saint-Amand-Montrond;46.72;2.5;10/08/2026;13:00;30.9;0;SOLEIL;3;0;0
Saint-Amand-Montrond;46.72;2.5;10/08/2026;14:00;31.1;2;NUAGEUX;5;0;0
Saint-Amand-Montrond;46.72;2.5;10/08/2026;15:00;32.5;2;NUAGEUX;5;0;0
Saint-Amand-Montrond;46.72;2.5;10/08/2026;16:00;31.1;2;NUAGEUX;5;0;0
Saint-Amand-Montrond;46.72;2.5;10/08/2026;17:00;30.5;0;SOLEIL;2;0;0
Saint-Amand-Montrond;46.72;2.5;10/08/2026;18:00;30.5;0;SOLEIL;2;0;0
Saint-Amand-Montrond;46.72;2.5;10/08/2026;19:00;30.5;0;SOLEIL;2;0;0
Saint-Amand-Montrond;46.72;2.5;10/08/2026;20:00;25.7;2;NUAGEUX;5;0;0
Saint-Amand-Montrond;46.72;2.5;10/08/2026;21:00;24.3;2;NUAGEUX;5;0;0
Saint-Amand-Montrond;46.72;2.5;10/08/2026;22:00;22.9;2;NUAGEUX;5;0;0
Saint-Amand-Montrond;46.72;2.5;10/08/2026;23:00;23.6;0;SOLEIL;3;0;0
Saint-Amand-Montrond;46.72;2.5;11/08/2026;00:00;23.6;0;SOLEIL;3;0;0
Saint-Amand-Montrond;46.72;2.5;11/08/2026;01:00;23.6;0;SOLEIL;3;0;0
Saint-Amand-Montrond;46.72;2.5;11/08/2026;02:00;19.4;0;SOLEIL;5;0;0
Saint-Amand-Montrond;46.72;2.5;11/08/2026;03:00;19.4;0;SOLEIL;5;0;0
Saint-Amand-Montrond;46.72;2.5;11/08/2026;04:00;19.4;0;SOLEIL;5;0;0
Saint-Amand-Montrond;46.72;2.5;11/08/2026;05:00;21;0;SOLEIL;3;0;0
Saint-Amand-Montrond;46.72;2.5;11/08/2026;06:00;21;0;SOLEIL;3;0;0
Saint-Amand-Montrond;46.72;2.5;11/08/2026;07:00;21;0;SOLEIL;3;0;0
Saint-Amand-Montrond;46.72;2.5;11/08/2026;08:00;22.3;0;SOLEIL;5;0;0
Saint-Amand-Montrond;46.72;2.5;11/08/2026;09:00;23.8;0;SOLEIL;5;0;0
Saint-Amand-Montrond;46.72;2.5;11/08/2026;10:00;25.3;0;SOLEIL;5;0;0
Saint-Amand-Montrond;46.72;2.5;11/08/2026;11:00;31.5;0;SOLEIL;3;0;0
Saint-Amand-Montrond;46.72;2.5;11/08/2026;12:00;31.5;0;SOLEIL;3;0;0
Saint-Amand-Montrond;46.72;2.5;11/08/2026;13:00;31.5;0;SOLEIL;3;0;0
Saint-Amand-Montrond;46.72;2.5;11/08/2026;14:00;31.1;0;SOLEIL;5;0;0
Saint-Amand-Montrond;46.72;2.5;11/08/2026;15:00;32.6;0;SOLEIL;5;0;0
Saint-Amand-Montrond;46.72;2.5;11/08/2026;16:00;31.1;0;SOLEIL;5;0;0
Saint-Amand-Montrond;46.72;2.5;11/08/2026;17:00;31.6;0;SOLEIL;3;0;0
Saint-Amand-Montrond;46.72;2.5;11/08/2026;18:00;31.6;0;SOLEIL;3;0;0
Saint-Amand-Montrond;46.72;2.5;11/08/2026;19:00;31.6;0;SOLEIL;3;0;0
Saint-Amand-Montrond;46.72;2.5;11/08/2026;20:00;25.3;0;SOLEIL;5;0;0
Saint-Amand-Montrond;46.72;2.5;11/08/2026;21:00;23.8;0;SOLEIL;5;0;0
Saint-Amand-Montrond;46.72;2.5;11/08/2026;22:00;22.3;0;SOLEIL;5;0;0
Saint-Amand-Montrond;46.72;2.5;11/08/2026;23:00;24.1;0;SOLEIL;4;0;0
Saint-Amand-Montrond;46.72;2.5;12/08/2026;00:00;24.1;0;SOLEIL;4;0;0
Saint-Amand-Montrond;46.72;2.5;12/08/2026;01:00;24.1;0;SOLEIL;4;0;0
Saint-Amand-Montrond;46.72;2.5;12/08/2026;02:00;19.9;0;SOLEIL;5;0;0
Saint-Amand-Montrond;46.72;2.5;12/08/2026;03:00;19.9;0;SOLEIL;5;0;0
Saint-Amand-Montrond;46.72;2.5;12/08/2026;04:00;19.9;0;SOLEIL;5;0;0
Saint-Amand-Montrond;46.72;2.5;12/08/2026;05:00;21.2;0;SOLEIL;3;0;0
Saint-Amand-Montrond;46.72;2.5;12/08/2026;06:00;21.2;0;SOLEIL;3;0;0
Saint-Amand-Montrond;46.72;2.5;12/08/2026;07:00;21.2;0;SOLEIL;3;0;0
Saint-Amand-Montrond;46.72;2.5;12/08/2026;08:00;23.0;0;SOLEIL;5;0;0
Saint-Amand-Montrond;46.72;2.5;12/08/2026;09:00;24.5;0;SOLEIL;5;0;0
Saint-Amand-Montrond;46.72;2.5;12/08/2026;10:00;26.0;0;SOLEIL;5;0;0
Saint-Amand-Montrond;46.72;2.5;12/08/2026;11:00;32.5;0;SOLEIL;2;0;0
Saint-Amand-Montrond;46.72;2.5;12/08/2026;12:00;32.5;0;SOLEIL;2;0;0
Saint-Amand-Montrond;46.72;2.5;12/08/2026;13:00;32.5;0;SOLEIL;2;0;0
Saint-Amand-Montrond;46.72;2.5;12/08/2026;14:00;32.2;0;SOLEIL;5;0;0
Saint-Amand-Montrond;46.72;2.5;12/08/2026;15:00;33.7;0;SOLEIL;5;0;0
Saint-Amand-Montrond;46.72;2.5;12/08/2026;16:00;32.2;0;SOLEIL;5;0;0
Saint-Amand-Montrond;46.72;2.5;12/08/2026;17:00;33.1;0;SOLEIL;2;0;0
Saint-Amand-Montrond;46.72;2.5;12/08/2026;18:00;33.1;0;SOLEIL;2;0;0
Saint-Amand-Montrond;46.72;2.5;12/08/2026;19:00;33.1;0;SOLEIL;2;0;0
Saint-Amand-Montrond;46.72;2.5;12/08/2026;20:00;26.0;0;SOLEIL;5;0;0
Saint-Amand-Montrond;46.72;2.5;12/08/2026;21:00;24.5;0;SOLEIL;5;0;0
Saint-Amand-Montrond;46.72;2.5;12/08/2026;22:00;23.0;0;SOLEIL;5;0;0
Saint-Amand-Montrond;46.72;2.5;12/08/2026;23:00;25.1;0;SOLEIL;2;0;0
Sancerre;47.33;2.84;08/08/2026;00:00;17.7;0;SOLEIL;3;0;0
Sancerre;47.33;2.84;08/08/2026;01:00;17.7;0;SOLEIL;3;0;0
Sancerre;47.33;2.84;08/08/2026;02:00;15;0;SOLEIL;2;0;0
Sancerre;47.33;2.84;08/08/2026;03:00;15;0;SOLEIL;2;0;0
Sancerre;47.33;2.84;08/08/2026;04:00;15;0;SOLEIL;2;0;0
Sancerre;47.33;2.84;08/08/2026;05:00;16.2;0;SOLEIL;2;0;0
Sancerre;47.33;2.84;08/08/2026;06:00;16.2;0;SOLEIL;2;0;0
Sancerre;47.33;2.84;08/08/2026;07:00;16.2;0;SOLEIL;2;0;0
Sancerre;47.33;2.84;08/08/2026;08:00;25.7;0;SOLEIL;3;0;0
Sancerre;47.33;2.84;08/08/2026;09:00;25.7;0;SOLEIL;3;0;0
Sancerre;47.33;2.84;08/08/2026;10:00;25.7;0;SOLEIL;3;0;0
Sancerre;47.33;2.84;08/08/2026;11:00;31.9;0;SOLEIL;3;0;0
Sancerre;47.33;2.84;08/08/2026;12:00;31.9;0;SOLEIL;3;0;0
Sancerre;47.33;2.84;08/08/2026;13:00;31.9;0;SOLEIL;3;0;0
Sancerre;47.33;2.84;08/08/2026;14:00;34.6;0;SOLEIL;2;0;0
Sancerre;47.33;2.84;08/08/2026;15:00;34.6;0;SOLEIL;2;0;0
Sancerre;47.33;2.84;08/08/2026;16:00;34.6;0;SOLEIL;2;0;0
Sancerre;47.33;2.84;08/08/2026;17:00;33.1;0;SOLEIL;3;0;0
Sancerre;47.33;2.84;08/08/2026;18:00;33.1;0;SOLEIL;3;0;0
Sancerre;47.33;2.84;08/08/2026;19:00;33.1;0;SOLEIL;3;0;0
Sancerre;47.33;2.84;08/08/2026;20:00;24.9;0;SOLEIL;2;0;0
Sancerre;47.33;2.84;08/08/2026;21:00;24.9;0;SOLEIL;2;0;0
Sancerre;47.33;2.84;08/08/2026;22:00;24.9;0;SOLEIL;2;0;0
Sancerre;47.33;2.84;08/08/2026;23:00;20.7;5;SOLEIL VOILÉ;2;0;0
Sancerre;47.33;2.84;09/08/2026;00:00;20.7;5;SOLEIL VOILÉ;2;0;0
Sancerre;47.33;2.84;09/08/2026;01:00;20.7;5;SOLEIL VOILÉ;2;0;0
Sancerre;47.33;2.84;09/08/2026;02:00;19.4;5;SOLEIL VOILÉ;1;0;0
Sancerre;47.33;2.84;09/08/2026;03:00;19.4;5;SOLEIL VOILÉ;1;0;0
Sancerre;47.33;2.84;09/08/2026;04:00;19.4;5;SOLEIL VOILÉ;1;0;0
Sancerre;47.33;2.84;09/08/2026;05:00;20.1;5;SOLEIL VOILÉ;2;0;0
Sancerre;47.33;2.84;09/08/2026;06:00;20.1;5;SOLEIL VOILÉ;2;0;0
Sancerre;47.33;2.84;09/08/2026;07:00;20.1;5;SOLEIL VOILÉ;2;0;0
Sancerre;47.33;2.84;09/08/2026;08:00;24.6;0;SOLEIL;3;0;0
Sancerre;47.33;2.84;09/08/2026;09:00;24.6;0;SOLEIL;3;0;0
Sancerre;47.33;2.84;09/08/2026;10:00;24.6;0;SOLEIL;3;0;0
Sancerre;47.33;2.84;09/08/2026;11:00;29.7;10;ORAGEUX;3;0;0
Sancerre;47.33;2.84;09/08/2026;12:00;29.7;10;ORAGEUX;3;0;0
Sancerre;47.33;2.84;09/08/2026;13:00;29.7;10;ORAGEUX;3;0;0
Sancerre;47.33;2.84;09/08/2026;14:00;31.2;10;ORAGEUX;2;0;0
Sancerre;47.33;2.84;09/08/2026;15:00;31.2;10;ORAGEUX;2;0;0
Sancerre;47.33;2.84;09/08/2026;16:00;31.2;10;ORAGEUX;2;0;0
Sancerre;47.33;2.84;09/08/2026;17:00;29.5;5;SOLEIL VOILÉ;3;0;0
Sancerre;47.33;2.84;09/08/2026;18:00;29.5;5;SOLEIL VOILÉ;3;0;0
Sancerre;47.33;2.84;09/08/2026;19:00;29.5;5;SOLEIL VOILÉ;3;0;0
Sancerre;47.33;2.84;09/08/2026;20:00;23.1;0;SOLEIL;5;0;0
Sancerre;47.33;2.84;09/08/2026;21:00;20.7;0;SOLEIL;5;0;0
Sancerre;47.33;2.84;09/08/2026;22:00;18.3;0;SOLEIL;5;0;0
Sancerre;47.33;2.84;09/08/2026;23:00;21.1;0;SOLEIL;2;0;0
Sancerre;47.33;2.84;10/08/2026;00:00;21.1;0;SOLEIL;2;0;0
Sancerre;47.33;2.84;10/08/2026;01:00;21.1;0;SOLEIL;2;0;0
Sancerre;47.33;2.84;10/08/2026;02:00;18.7;10;ORAGEUX;5;0;0
Sancerre;47.33;2.84;10/08/2026;03:00;18.7;10;ORAGEUX;5;0;0
Sancerre;47.33;2.84;10/08/2026;04:00;18.7;10;ORAGEUX;5;0;0
Sancerre;47.33;2.84;10/08/2026;05:00;20.4;0;SOLEIL;2;0;0
Sancerre;47.33;2.84;10/08/2026;06:00;20.4;0;SOLEIL;2;0;0
Sancerre;47.33;2.84;10/08/2026;07:00;20.4;0;SOLEIL;2;0;0
Sancerre;47.33;2.84;10/08/2026;08:00;21.7;10;ORAGEUX;5;0;0
Sancerre;47.33;2.84;10/08/2026;09:00;23.2;10;ORAGEUX;5;0;0
Sancerre;47.33;2.84;10/08/2026;10:00;24.7;10;ORAGEUX;5;0;0
Sancerre;47.33;2.84;10/08/2026;11:00;31.4;0;SOLEIL;3;0;0
Sancerre;47.33;2.84;10/08/2026;12:00;31.4;0;SOLEIL;3;0;0
Sancerre;47.33;2.84;10/08/2026;13:00;31.4;0;SOLEIL;3;0;0
Sancerre;47.33;2.84;10/08/2026;14:00;30.6;10;ORAGEUX;5;0;0
Sancerre;47.33;2.84;10/08/2026;15:00;32.1;10;ORAGEUX;5;0;0
Sancerre;47.33;2.84;10/08/2026;16:00;30.6;10;ORAGEUX;5;0;0
Sancerre;47.33;2.84;10/08/2026;17:00;30.7;0;SOLEIL;2;0;0
Sancerre;47.33;2.84;10/08/2026;18:00;30.7;0;SOLEIL;2;0;0
Sancerre;47.33;2.84;10/08/2026;19:00;30.7;0;SOLEIL;2;0;0
Sancerre;47.33;2.84;10/08/2026;20:00;24.7;10;ORAGEUX;5;0;0
Sancerre;47.33;2.84;10/08/2026;21:00;23.2;10;ORAGEUX;5;0;0
Sancerre;47.33;2.84;10/08/2026;22:00;21.7;10;ORAGEUX;5;0;0
Sancerre;47.33;2.84;10/08/2026;23:00;22.1;0;SOLEIL;2;0;0
Sancerre;47.33;2.84;11/08/2026;00:00;22.1;0;SOLEIL;2;0;0
Sancerre;47.33;2.84;11/08/2026;01:00;22.1;0;SOLEIL;2;0;0
Sancerre;47.33;2.84;11/08/2026;02:00;18.9;0;SOLEIL;5;0;0
Sancerre;47.33;2.84;11/08/2026;03:00;18.9;0;SOLEIL;5;0;0
Sancerre;47.33;2.84;11/08/2026;04:00;18.9;0;SOLEIL;5;0;0
Sancerre;47.33;2.84;11/08/2026;05:00;19.9;0;SOLEIL;3;0;0
Sancerre;47.33;2.84;11/08/2026;06:00;19.9;0;SOLEIL;3;0;0
Sancerre;47.33;2.84;11/08/2026;07:00;19.9;0;SOLEIL;3;0;0
Sancerre;47.33;2.84;11/08/2026;08:00;22.1;0;SOLEIL;5;0;0
Sancerre;47.33;2.84;11/08/2026;09:00;23.7;0;SOLEIL;5;0;0
Sancerre;47.33;2.84;11/08/2026;10:00;25.3;0;SOLEIL;5;0;0
Sancerre;47.33;2.84;11/08/2026;11:00;33.1;0;SOLEIL;3;0;0
Sancerre;47.33;2.84;11/08/2026;12:00;33.1;0;SOLEIL;3;0;0
Sancerre;47.33;2.84;11/08/2026;13:00;33.1;0;SOLEIL;3;0;0
Sancerre;47.33;2.84;11/08/2026;14:00;31.8;0;SOLEIL;5;0;0
Sancerre;47.33;2.84;11/08/2026;15:00;33.4;0;SOLEIL;5;0;0
Sancerre;47.33;2.84;11/08/2026;16:00;31.8;0;SOLEIL;5;0;0
Sancerre;47.33;2.84;11/08/2026;17:00;32.2;0;SOLEIL;3;0;0
Sancerre;47.33;2.84;11/08/2026;18:00;32.2;0;SOLEIL;3;0;0
Sancerre;47.33;2.84;11/08/2026;19:00;32.2;0;SOLEIL;3;0;0
Sancerre;47.33;2.84;11/08/2026;20:00;25.3;0;SOLEIL;5;0;0
Sancerre;47.33;2.84;11/08/2026;21:00;23.7;0;SOLEIL;5;0;0
Sancerre;47.33;2.84;11/08/2026;22:00;22.1;0;SOLEIL;5;0;0
Sancerre;47.33;2.84;11/08/2026;23:00;23.6;0;SOLEIL;3;0;0
Sancerre;47.33;2.84;12/08/2026;00:00;23.6;0;SOLEIL;3;0;0
Sancerre;47.33;2.84;12/08/2026;01:00;23.6;0;SOLEIL;3;0;0
Sancerre;47.33;2.84;12/08/2026;02:00;18.1;0;SOLEIL;5;0;0
Sancerre;47.33;2.84;12/08/2026;03:00;18.1;0;SOLEIL;5;0;0
Sancerre;47.33;2.84;12/08/2026;04:00;18.1;0;SOLEIL;5;0;0
Sancerre;47.33;2.84;12/08/2026;05:00;20.2;0;SOLEIL;3;0;0
Sancerre;47.33;2.84;12/08/2026;06:00;20.2;0;SOLEIL;3;0;0
Sancerre;47.33;2.84;12/08/2026;07:00;20.2;0;SOLEIL;3;0;0
Sancerre;47.33;2.84;12/08/2026;08:00;22.0;0;SOLEIL;5;0;0
Sancerre;47.33;2.84;12/08/2026;09:00;23.9;0;SOLEIL;5;0;0
Sancerre;47.33;2.84;12/08/2026;10:00;25.9;0;SOLEIL;5;0;0
Sancerre;47.33;2.84;12/08/2026;11:00;33.5;0;SOLEIL;3;0;0
Sancerre;47.33;2.84;12/08/2026;12:00;33.5;0;SOLEIL;3;0;0
Sancerre;47.33;2.84;12/08/2026;13:00;33.5;0;SOLEIL;3;0;0
Sancerre;47.33;2.84;12/08/2026;14:00;33.7;0;SOLEIL;5;0;0
Sancerre;47.33;2.84;12/08/2026;15:00;35.6;0;SOLEIL;5;0;0
Sancerre;47.33;2.84;12/08/2026;16:00;33.7;0;SOLEIL;5;0;0
Sancerre;47.33;2.84;12/08/2026;17:00;34.6;0;SOLEIL;2;0;0
Sancerre;47.33;2.84;12/08/2026;18:00;34.6;0;SOLEIL;2;0;0
Sancerre;47.33;2.84;12/08/2026;19:00;34.6;0;SOLEIL;2;0;0
Sancerre;47.33;2.84;12/08/2026;20:00;25.9;0;SOLEIL;5;0;0
Sancerre;47.33;2.84;12/08/2026;21:00;23.9;0;SOLEIL;5;0;0
Sancerre;47.33;2.84;12/08/2026;22:00;22.0;0;SOLEIL;5;0;0
Sancerre;47.33;2.84;12/08/2026;23:00;23.5;0;SOLEIL;2;0;0
Chartres;48.44;1.48;08/08/2026;00:00;17.7;0;SOLEIL;3;0;0
Chartres;48.44;1.48;08/08/2026;01:00;17.7;0;SOLEIL;3;0;0
Chartres;48.44;1.48;08/08/2026;02:00;15.1;0;SOLEIL;3;0;0
Chartres;48.44;1.48;08/08/2026;03:00;15.1;0;SOLEIL;3;0;0
Chartres;48.44;1.48;08/08/2026;04:00;15.1;0;SOLEIL;3;0;0
Chartres;48.44;1.48;08/08/2026;05:00;17.4;0;SOLEIL;3;0;0
Chartres;48.44;1.48;08/08/2026;06:00;17.4;0;SOLEIL;3;0;0
Chartres;48.44;1.48;08/08/2026;07:00;17.4;0;SOLEIL;3;0;0
Chartres;48.44;1.48;08/08/2026;08:00;23.7;0;SOLEIL;3;0;0
Chartres;48.44;1.48;08/08/2026;09:00;23.7;0;SOLEIL;3;0;0
Chartres;48.44;1.48;08/08/2026;10:00;23.7;0;SOLEIL;3;0;0
Chartres;48.44;1.48;08/08/2026;11:00;29.2;0;SOLEIL;2;0;0
Chartres;48.44;1.48;08/08/2026;12:00;29.2;0;SOLEIL;2;0;0
Chartres;48.44;1.48;08/08/2026;13:00;29.2;0;SOLEIL;2;0;0
Chartres;48.44;1.48;08/08/2026;14:00;31.9;0;SOLEIL;1;0;0
Chartres;48.44;1.48;08/08/2026;15:00;31.9;0;SOLEIL;1;0;0
Chartres;48.44;1.48;08/08/2026;16:00;31.9;0;SOLEIL;1;0;0
Chartres;48.44;1.48;08/08/2026;17:00;31.1;0;SOLEIL;1;0;0
Chartres;48.44;1.48;08/08/2026;18:00;31.1;0;SOLEIL;1;0;0
Chartres;48.44;1.48;08/08/2026;19:00;31.1;0;SOLEIL;1;0;0
Chartres;48.44;1.48;08/08/2026;20:00;23.2;0;SOLEIL;3;0;0
Chartres;48.44;1.48;08/08/2026;21:00;23.2;0;SOLEIL;3;0;0
Chartres;48.44;1.48;08/08/2026;22:00;23.2;0;SOLEIL;3;0;0
Chartres;48.44;1.48;08/08/2026;23:00;19.9;5;SOLEIL VOILÉ;2;0;0
Chartres;48.44;1.48;09/08/2026;00:00;19.9;5;SOLEIL VOILÉ;2;0;0
Chartres;48.44;1.48;09/08/2026;01:00;19.9;5;SOLEIL VOILÉ;2;0;0
Chartres;48.44;1.48;09/08/2026;02:00;19.2;5;SOLEIL VOILÉ;2;0;0
Chartres;48.44;1.48;09/08/2026;03:00;19.2;5;SOLEIL VOILÉ;2;0;0
Chartres;48.44;1.48;09/08/2026;04:00;19.2;5;SOLEIL VOILÉ;2;0;0
Chartres;48.44;1.48;09/08/2026;05:00;21.5;5;SOLEIL VOILÉ;2;0;0
Chartres;48.44;1.48;09/08/2026;06:00;21.5;5;SOLEIL VOILÉ;2;0;0
Chartres;48.44;1.48;09/08/2026;07:00;21.5;5;SOLEIL VOILÉ;2;0;0
Chartres;48.44;1.48;09/08/2026;08:00;23;5;SOLEIL VOILÉ;3;0;0
Chartres;48.44;1.48;09/08/2026;09:00;23;5;SOLEIL VOILÉ;3;0;0
Chartres;48.44;1.48;09/08/2026;10:00;23;5;SOLEIL VOILÉ;3;0;0
Chartres;48.44;1.48;09/08/2026;11:00;28.1;5;SOLEIL VOILÉ;3;0;0
Chartres;48.44;1.48;09/08/2026;12:00;28.1;5;SOLEIL VOILÉ;3;0;0
Chartres;48.44;1.48;09/08/2026;13:00;28.1;5;SOLEIL VOILÉ;3;0;0
Chartres;48.44;1.48;09/08/2026;14:00;32;0;SOLEIL;4;0;0
Chartres;48.44;1.48;09/08/2026;15:00;32;0;SOLEIL;4;0;0
Chartres;48.44;1.48;09/08/2026;16:00;32;0;SOLEIL;4;0;0
Chartres;48.44;1.48;09/08/2026;17:00;28.5;0;SOLEIL;2;0;0
Chartres;48.44;1.48;09/08/2026;18:00;28.5;0;SOLEIL;2;0;0
Chartres;48.44;1.48;09/08/2026;19:00;28.5;0;SOLEIL;2;0;0
Chartres;48.44;1.48;09/08/2026;20:00;22.7;0;SOLEIL;5;0;0
Chartres;48.44;1.48;09/08/2026;21:00;20.7;0;SOLEIL;5;0;0
Chartres;48.44;1.48;09/08/2026;22:00;18.6;0;SOLEIL;5;0;0
Chartres;48.44;1.48;09/08/2026;23:00;20.6;0;SOLEIL;3;0;0
Chartres;48.44;1.48;10/08/2026;00:00;20.6;0;SOLEIL;3;0;0
Chartres;48.44;1.48;10/08/2026;01:00;20.6;0;SOLEIL;3;0;0
Chartres;48.44;1.48;10/08/2026;02:00;18.1;5;SOLEIL VOILÉ;5;0;0
Chartres;48.44;1.48;10/08/2026;03:00;18.1;5;SOLEIL VOILÉ;5;0;0
Chartres;48.44;1.48;10/08/2026;04:00;18.1;5;SOLEIL VOILÉ;5;0;0
Chartres;48.44;1.48;10/08/2026;05:00;20;0;SOLEIL;2;0;0
Chartres;48.44;1.48;10/08/2026;06:00;20;0;SOLEIL;2;0;0
Chartres;48.44;1.48;10/08/2026;07:00;20;0;SOLEIL;2;0;0
Chartres;48.44;1.48;10/08/2026;08:00;21.2;5;SOLEIL VOILÉ;5;0;0
Chartres;48.44;1.48;10/08/2026;09:00;22.8;5;SOLEIL VOILÉ;5;0;0
Chartres;48.44;1.48;10/08/2026;10:00;24.4;5;SOLEIL VOILÉ;5;0;0
Chartres;48.44;1.48;10/08/2026;11:00;30.2;0;SOLEIL;3;0;0
Chartres;48.44;1.48;10/08/2026;12:00;30.2;0;SOLEIL;3;0;0
Chartres;48.44;1.48;10/08/2026;13:00;30.2;0;SOLEIL;3;0;0
Chartres;48.44;1.48;10/08/2026;14:00;30.6;5;SOLEIL VOILÉ;5;0;0
Chartres;48.44;1.48;10/08/2026;15:00;32.2;5;SOLEIL VOILÉ;5;0;0
Chartres;48.44;1.48;10/08/2026;16:00;30.6;5;SOLEIL VOILÉ;5;0;0
Chartres;48.44;1.48;10/08/2026;17:00;28.9;6;AVERSES;3;0;0
Chartres;48.44;1.48;10/08/2026;18:00;28.9;6;AVERSES;3;0;0
Chartres;48.44;1.48;10/08/2026;19:00;28.9;6;AVERSES;3;0;0
Chartres;48.44;1.48;10/08/2026;20:00;24.4;5;SOLEIL VOILÉ;5;0;0
Chartres;48.44;1.48;10/08/2026;21:00;22.8;5;SOLEIL VOILÉ;5;0;0
Chartres;48.44;1.48;10/08/2026;22:00;21.2;5;SOLEIL VOILÉ;5;0;0
Chartres;48.44;1.48;10/08/2026;23:00;21.7;0;SOLEIL;3;0;0
Chartres;48.44;1.48;11/08/2026;00:00;21.7;0;SOLEIL;3;0;0
Chartres;48.44;1.48;11/08/2026;01:00;21.7;0;SOLEIL;3;0;0
Chartres;48.44;1.48;11/08/2026;02:00;18.7;0;SOLEIL;5;0;0
Chartres;48.44;1.48;11/08/2026;03:00;18.7;0;SOLEIL;5;0;0
Chartres;48.44;1.48;11/08/2026;04:00;18.7;0;SOLEIL;5;0;0
Chartres;48.44;1.48;11/08/2026;05:00;19.9;0;SOLEIL;3;0;0
Chartres;48.44;1.48;11/08/2026;06:00;19.9;0;SOLEIL;3;0;0
Chartres;48.44;1.48;11/08/2026;07:00;19.9;0;SOLEIL;3;0;0
Chartres;48.44;1.48;11/08/2026;08:00;21.8;0;SOLEIL;5;0;0
Chartres;48.44;1.48;11/08/2026;09:00;23.3;0;SOLEIL;5;0;0
Chartres;48.44;1.48;11/08/2026;10:00;24.8;0;SOLEIL;5;0;0
Chartres;48.44;1.48;11/08/2026;11:00;31.1;0;SOLEIL;3;0;0
Chartres;48.44;1.48;11/08/2026;12:00;31.1;0;SOLEIL;3;0;0
Chartres;48.44;1.48;11/08/2026;13:00;31.1;0;SOLEIL;3;0;0
Chartres;48.44;1.48;11/08/2026;14:00;31.0;0;SOLEIL;5;0;0
Chartres;48.44;1.48;11/08/2026;15:00;32.5;0;SOLEIL;5;0;0
Chartres;48.44;1.48;11/08/2026;16:00;31.0;0;SOLEIL;5;0;0
Chartres;48.44;1.48;11/08/2026;17:00;30.1;0;SOLEIL;3;0;0
Chartres;48.44;1.48;11/08/2026;18:00;30.1;0;SOLEIL;3;0;0
Chartres;48.44;1.48;11/08/2026;19:00;30.1;0;SOLEIL;3;0;0
Chartres;48.44;1.48;11/08/2026;20:00;24.8;0;SOLEIL;5;0;0
Chartres;48.44;1.48;11/08/2026;21:00;23.3;0;SOLEIL;5;0;0
Chartres;48.44;1.48;11/08/2026;22:00;21.8;0;SOLEIL;5;0;0
Chartres;48.44;1.48;11/08/2026;23:00;22.1;0;SOLEIL;4;0;0
Chartres;48.44;1.48;12/08/2026;00:00;22.1;0;SOLEIL;4;0;0
Chartres;48.44;1.48;12/08/2026;01:00;22.1;0;SOLEIL;4;0;0
Chartres;48.44;1.48;12/08/2026;02:00;18.6;0;SOLEIL;5;0;0
Chartres;48.44;1.48;12/08/2026;03:00;18.6;0;SOLEIL;5;0;0
Chartres;48.44;1.48;12/08/2026;04:00;18.6;0;SOLEIL;5;0;0
Chartres;48.44;1.48;12/08/2026;05:00;20.4;0;SOLEIL;3;0;0
Chartres;48.44;1.48;12/08/2026;06:00;20.4;0;SOLEIL;3;0;0
Chartres;48.44;1.48;12/08/2026;07:00;20.4;0;SOLEIL;3;0;0
Chartres;48.44;1.48;12/08/2026;08:00;21.8;0;SOLEIL;5;0;0
Chartres;48.44;1.48;12/08/2026;09:00;23.4;0;SOLEIL;5;0;0
Chartres;48.44;1.48;12/08/2026;10:00;25.0;0;SOLEIL;5;0;0
Chartres;48.44;1.48;12/08/2026;11:00;33.1;0;SOLEIL;2;0;0
Chartres;48.44;1.48;12/08/2026;12:00;33.1;0;SOLEIL;2;0;0
Chartres;48.44;1.48;12/08/2026;13:00;33.1;0;SOLEIL;2;0;0
Chartres;48.44;1.48;12/08/2026;14:00;31.4;0;SOLEIL;5;0;0
Chartres;48.44;1.48;12/08/2026;15:00;33.0;0;SOLEIL;5;0;0
Chartres;48.44;1.48;12/08/2026;16:00;31.4;0;SOLEIL;5;0;0
Chartres;48.44;1.48;12/08/2026;17:00;31.7;0;SOLEIL;2;0;0
Chartres;48.44;1.48;12/08/2026;18:00;31.7;0;SOLEIL;2;0;0
Chartres;48.44;1.48;12/08/2026;19:00;31.7;0;SOLEIL;2;0;0
Chartres;48.44;1.48;12/08/2026;20:00;25.0;0;SOLEIL;5;0;0
Chartres;48.44;1.48;12/08/2026;21:00;23.4;0;SOLEIL;5;0;0
Chartres;48.44;1.48;12/08/2026;22:00;21.8;0;SOLEIL;5;0;0
Chartres;48.44;1.48;12/08/2026;23:00;23.7;0;SOLEIL;2;0;0
Châteaudun;48.07;1.33;08/08/2026;00:00;16.5;0;SOLEIL;3;0;0
Châteaudun;48.07;1.33;08/08/2026;01:00;16.5;0;SOLEIL;3;0;0
Châteaudun;48.07;1.33;08/08/2026;02:00;13.2;0;SOLEIL;2;0;0
Châteaudun;48.07;1.33;08/08/2026;03:00;13.2;0;SOLEIL;2;0;0
Châteaudun;48.07;1.33;08/08/2026;04:00;13.2;0;SOLEIL;2;0;0
Châteaudun;48.07;1.33;08/08/2026;05:00;14.1;5;SOLEIL VOILÉ;3;0;0
Châteaudun;48.07;1.33;08/08/2026;06:00;14.1;5;SOLEIL VOILÉ;3;0;0
Châteaudun;48.07;1.33;08/08/2026;07:00;14.1;5;SOLEIL VOILÉ;3;0;0
Châteaudun;48.07;1.33;08/08/2026;08:00;23.1;5;SOLEIL VOILÉ;3;0;0
Châteaudun;48.07;1.33;08/08/2026;09:00;23.1;5;SOLEIL VOILÉ;3;0;0
Châteaudun;48.07;1.33;08/08/2026;10:00;23.1;5;SOLEIL VOILÉ;3;0;0
Châteaudun;48.07;1.33;08/08/2026;11:00;27.6;0;SOLEIL;3;0;0
Châteaudun;48.07;1.33;08/08/2026;12:00;27.6;0;SOLEIL;3;0;0
Châteaudun;48.07;1.33;08/08/2026;13:00;27.6;0;SOLEIL;3;0;0
Châteaudun;48.07;1.33;08/08/2026;14:00;30.2;5;SOLEIL VOILÉ;2;0;0
Châteaudun;48.07;1.33;08/08/2026;15:00;30.2;5;SOLEIL VOILÉ;2;0;0
Châteaudun;48.07;1.33;08/08/2026;16:00;30.2;5;SOLEIL VOILÉ;2;0;0
Châteaudun;48.07;1.33;08/08/2026;17:00;29.9;0;SOLEIL;1;0;0
Châteaudun;48.07;1.33;08/08/2026;18:00;29.9;0;SOLEIL;1;0;0
Châteaudun;48.07;1.33;08/08/2026;19:00;29.9;0;SOLEIL;1;0;0
Châteaudun;48.07;1.33;08/08/2026;20:00;22.5;0;SOLEIL;2;0;0
Châteaudun;48.07;1.33;08/08/2026;21:00;22.5;0;SOLEIL;2;0;0
Châteaudun;48.07;1.33;08/08/2026;22:00;22.5;0;SOLEIL;2;0;0
Châteaudun;48.07;1.33;08/08/2026;23:00;19.1;5;SOLEIL VOILÉ;2;0;0
Châteaudun;48.07;1.33;09/08/2026;00:00;19.1;5;SOLEIL VOILÉ;2;0;0
Châteaudun;48.07;1.33;09/08/2026;01:00;19.1;5;SOLEIL VOILÉ;2;0;0
Châteaudun;48.07;1.33;09/08/2026;02:00;17.2;5;SOLEIL VOILÉ;2;0;0
Châteaudun;48.07;1.33;09/08/2026;03:00;17.2;5;SOLEIL VOILÉ;2;0;0
Châteaudun;48.07;1.33;09/08/2026;04:00;17.2;5;SOLEIL VOILÉ;2;0;0
Châteaudun;48.07;1.33;09/08/2026;05:00;18.6;5;SOLEIL VOILÉ;1;0;0
Châteaudun;48.07;1.33;09/08/2026;06:00;18.6;5;SOLEIL VOILÉ;1;0;0
Châteaudun;48.07;1.33;09/08/2026;07:00;18.6;5;SOLEIL VOILÉ;1;0;0
Châteaudun;48.07;1.33;09/08/2026;08:00;28;0;SOLEIL;2;0;0
Châteaudun;48.07;1.33;09/08/2026;09:00;28;0;SOLEIL;2;0;0
Châteaudun;48.07;1.33;09/08/2026;10:00;28;0;SOLEIL;2;0;0
Châteaudun;48.07;1.33;09/08/2026;11:00;29.9;0;SOLEIL;4;0;0
Châteaudun;48.07;1.33;09/08/2026;12:00;29.9;0;SOLEIL;4;0;0
Châteaudun;48.07;1.33;09/08/2026;13:00;29.9;0;SOLEIL;4;0;0
Châteaudun;48.07;1.33;09/08/2026;14:00;31;0;SOLEIL;3;0;0
Châteaudun;48.07;1.33;09/08/2026;15:00;31;0;SOLEIL;3;0;0
Châteaudun;48.07;1.33;09/08/2026;16:00;31;0;SOLEIL;3;0;0
Châteaudun;48.07;1.33;09/08/2026;17:00;29.9;0;SOLEIL;2;0;0
Châteaudun;48.07;1.33;09/08/2026;18:00;29.9;0;SOLEIL;2;0;0
Châteaudun;48.07;1.33;09/08/2026;19:00;29.9;0;SOLEIL;2;0;0
Châteaudun;48.07;1.33;09/08/2026;20:00;20.6;0;SOLEIL;5;0;0
Châteaudun;48.07;1.33;09/08/2026;21:00;18.5;0;SOLEIL;5;0;0
Châteaudun;48.07;1.33;09/08/2026;22:00;16.4;0;SOLEIL;5;0;0
Châteaudun;48.07;1.33;09/08/2026;23:00;20.4;0;SOLEIL;3;0;0
Châteaudun;48.07;1.33;10/08/2026;00:00;20.4;0;SOLEIL;3;0;0
Châteaudun;48.07;1.33;10/08/2026;01:00;20.4;0;SOLEIL;3;0;0
Châteaudun;48.07;1.33;10/08/2026;02:00;16.4;0;SOLEIL;5;0;0
Châteaudun;48.07;1.33;10/08/2026;03:00;16.4;0;SOLEIL;5;0;0
Châteaudun;48.07;1.33;10/08/2026;04:00;16.4;0;SOLEIL;5;0;0
Châteaudun;48.07;1.33;10/08/2026;05:00;18.5;0;SOLEIL;3;0;0
Châteaudun;48.07;1.33;10/08/2026;06:00;18.5;0;SOLEIL;3;0;0
Châteaudun;48.07;1.33;10/08/2026;07:00;18.5;0;SOLEIL;3;0;0
Châteaudun;48.07;1.33;10/08/2026;08:00;19.8;0;SOLEIL;5;0;0
Châteaudun;48.07;1.33;10/08/2026;09:00;21.5;0;SOLEIL;5;0;0
Châteaudun;48.07;1.33;10/08/2026;10:00;23.2;0;SOLEIL;5;0;0
Châteaudun;48.07;1.33;10/08/2026;11:00;29.2;0;SOLEIL;2;0;0
Châteaudun;48.07;1.33;10/08/2026;12:00;29.2;0;SOLEIL;2;0;0
Châteaudun;48.07;1.33;10/08/2026;13:00;29.2;0;SOLEIL;2;0;0
Châteaudun;48.07;1.33;10/08/2026;14:00;29.9;0;SOLEIL;5;0;0
Châteaudun;48.07;1.33;10/08/2026;15:00;31.6;0;SOLEIL;5;0;0
Châteaudun;48.07;1.33;10/08/2026;16:00;29.9;0;SOLEIL;5;0;0
Châteaudun;48.07;1.33;10/08/2026;17:00;28.7;0;SOLEIL;4;0;0
Châteaudun;48.07;1.33;10/08/2026;18:00;28.7;0;SOLEIL;4;0;0
Châteaudun;48.07;1.33;10/08/2026;19:00;28.7;0;SOLEIL;4;0;0
Châteaudun;48.07;1.33;10/08/2026;20:00;23.2;0;SOLEIL;5;0;0
Châteaudun;48.07;1.33;10/08/2026;21:00;21.5;0;SOLEIL;5;0;0
Châteaudun;48.07;1.33;10/08/2026;22:00;19.8;0;SOLEIL;5;0;0
Châteaudun;48.07;1.33;10/08/2026;23:00;18.7;0;SOLEIL;3;0;0
Châteaudun;48.07;1.33;11/08/2026;00:00;18.7;0;SOLEIL;3;0;0
Châteaudun;48.07;1.33;11/08/2026;01:00;18.7;0;SOLEIL;3;0;0
Châteaudun;48.07;1.33;11/08/2026;02:00;17.1;0;SOLEIL;5;0;0
Châteaudun;48.07;1.33;11/08/2026;03:00;17.1;0;SOLEIL;5;0;0
Châteaudun;48.07;1.33;11/08/2026;04:00;17.1;0;SOLEIL;5;0;0
Châteaudun;48.07;1.33;11/08/2026;05:00;17.6;0;SOLEIL;3;0;0
Châteaudun;48.07;1.33;11/08/2026;06:00;17.6;0;SOLEIL;3;0;0
Châteaudun;48.07;1.33;11/08/2026;07:00;17.6;0;SOLEIL;3;0;0
Châteaudun;48.07;1.33;11/08/2026;08:00;20.2;0;SOLEIL;5;0;0
Châteaudun;48.07;1.33;11/08/2026;09:00;21.8;0;SOLEIL;5;0;0
Châteaudun;48.07;1.33;11/08/2026;10:00;23.3;0;SOLEIL;5;0;0
Châteaudun;48.07;1.33;11/08/2026;11:00;29;0;SOLEIL;3;0;0
Châteaudun;48.07;1.33;11/08/2026;12:00;29;0;SOLEIL;3;0;0
Châteaudun;48.07;1.33;11/08/2026;13:00;29;0;SOLEIL;3;0;0
Châteaudun;48.07;1.33;11/08/2026;14:00;29.5;0;SOLEIL;5;0;0
Châteaudun;48.07;1.33;11/08/2026;15:00;31.1;0;SOLEIL;5;0;0
Châteaudun;48.07;1.33;11/08/2026;16:00;29.5;0;SOLEIL;5;0;0
Châteaudun;48.07;1.33;11/08/2026;17:00;29.4;0;SOLEIL;4;0;0
Châteaudun;48.07;1.33;11/08/2026;18:00;29.4;0;SOLEIL;4;0;0
Châteaudun;48.07;1.33;11/08/2026;19:00;29.4;0;SOLEIL;4;0;0
Châteaudun;48.07;1.33;11/08/2026;20:00;23.3;0;SOLEIL;5;0;0
Châteaudun;48.07;1.33;11/08/2026;21:00;21.8;0;SOLEIL;5;0;0
Châteaudun;48.07;1.33;11/08/2026;22:00;20.2;0;SOLEIL;5;0;0
Châteaudun;48.07;1.33;11/08/2026;23:00;20;0;SOLEIL;4;0;0
Châteaudun;48.07;1.33;12/08/2026;00:00;20;0;SOLEIL;4;0;0
Châteaudun;48.07;1.33;12/08/2026;01:00;20;0;SOLEIL;4;0;0
Châteaudun;48.07;1.33;12/08/2026;02:00;16;0;SOLEIL;5;0;0
Châteaudun;48.07;1.33;12/08/2026;03:00;16;0;SOLEIL;5;0;0
Châteaudun;48.07;1.33;12/08/2026;04:00;16;0;SOLEIL;5;0;0
Châteaudun;48.07;1.33;12/08/2026;05:00;19.6;0;SOLEIL;3;0;0
Châteaudun;48.07;1.33;12/08/2026;06:00;19.6;0;SOLEIL;3;0;0
Châteaudun;48.07;1.33;12/08/2026;07:00;19.6;0;SOLEIL;3;0;0
Châteaudun;48.07;1.33;12/08/2026;08:00;19.4;0;SOLEIL;5;0;0
Châteaudun;48.07;1.33;12/08/2026;09:00;21.0;0;SOLEIL;5;0;0
Châteaudun;48.07;1.33;12/08/2026;10:00;22.7;0;SOLEIL;5;0;0
Châteaudun;48.07;1.33;12/08/2026;11:00;31.6;0;SOLEIL;3;0;0
Châteaudun;48.07;1.33;12/08/2026;12:00;31.6;0;SOLEIL;3;0;0
Châteaudun;48.07;1.33;12/08/2026;13:00;31.6;0;SOLEIL;3;0;0
Châteaudun;48.07;1.33;12/08/2026;14:00;29.4;0;SOLEIL;5;0;0
Châteaudun;48.07;1.33;12/08/2026;15:00;31.1;0;SOLEIL;5;0;0
Châteaudun;48.07;1.33;12/08/2026;16:00;29.4;0;SOLEIL;5;0;0
Châteaudun;48.07;1.33;12/08/2026;17:00;33.2;0;SOLEIL;2;0;0
Châteaudun;48.07;1.33;12/08/2026;18:00;33.2;0;SOLEIL;2;0;0
Châteaudun;48.07;1.33;12/08/2026;19:00;33.2;0;SOLEIL;2;0;0
Châteaudun;48.07;1.33;12/08/2026;20:00;22.7;0;SOLEIL;5;0;0
Châteaudun;48.07;1.33;12/08/2026;21:00;21.0;0;SOLEIL;5;0;0
Châteaudun;48.07;1.33;12/08/2026;22:00;19.4;0;SOLEIL;5;0;0
Châteaudun;48.07;1.33;12/08/2026;23:00;23.2;0;SOLEIL;3;0;0
Dreux;48.73;1.36;08/08/2026;00:00;16.6;0;SOLEIL;3;0;0
Dreux;48.73;1.36;08/08/2026;01:00;16.6;0;SOLEIL;3;0;0
Dreux;48.73;1.36;08/08/2026;02:00;13.9;0;SOLEIL;3;0;0
Dreux;48.73;1.36;08/08/2026;03:00;13.9;0;SOLEIL;3;0;0
Dreux;48.73;1.36;08/08/2026;04:00;13.9;0;SOLEIL;3;0;0
Dreux;48.73;1.36;08/08/2026;05:00;15.5;5;SOLEIL VOILÉ;3;0;0
Dreux;48.73;1.36;08/08/2026;06:00;15.5;5;SOLEIL VOILÉ;3;0;0
Dreux;48.73;1.36;08/08/2026;07:00;15.5;5;SOLEIL VOILÉ;3;0;0
Dreux;48.73;1.36;08/08/2026;08:00;23.2;5;SOLEIL VOILÉ;3;0;0
Dreux;48.73;1.36;08/08/2026;09:00;23.2;5;SOLEIL VOILÉ;3;0;0
Dreux;48.73;1.36;08/08/2026;10:00;23.2;5;SOLEIL VOILÉ;3;0;0
Dreux;48.73;1.36;08/08/2026;11:00;27.6;0;SOLEIL;3;0;0
Dreux;48.73;1.36;08/08/2026;12:00;27.6;0;SOLEIL;3;0;0
Dreux;48.73;1.36;08/08/2026;13:00;27.6;0;SOLEIL;3;0;0
Dreux;48.73;1.36;08/08/2026;14:00;30;0;SOLEIL;2;0;0
Dreux;48.73;1.36;08/08/2026;15:00;30;0;SOLEIL;2;0;0
Dreux;48.73;1.36;08/08/2026;16:00;30;0;SOLEIL;2;0;0
Dreux;48.73;1.36;08/08/2026;17:00;30.1;0;SOLEIL;2;0;0
Dreux;48.73;1.36;08/08/2026;18:00;30.1;0;SOLEIL;2;0;0
Dreux;48.73;1.36;08/08/2026;19:00;30.1;0;SOLEIL;2;0;0
Dreux;48.73;1.36;08/08/2026;20:00;23.1;0;SOLEIL;2;0;0
Dreux;48.73;1.36;08/08/2026;21:00;23.1;0;SOLEIL;2;0;0
Dreux;48.73;1.36;08/08/2026;22:00;23.1;0;SOLEIL;2;0;0
Dreux;48.73;1.36;08/08/2026;23:00;19.9;5;SOLEIL VOILÉ;2;0;0
Dreux;48.73;1.36;09/08/2026;00:00;19.9;5;SOLEIL VOILÉ;2;0;0
Dreux;48.73;1.36;09/08/2026;01:00;19.9;5;SOLEIL VOILÉ;2;0;0
Dreux;48.73;1.36;09/08/2026;02:00;17.5;5;SOLEIL VOILÉ;2;0;0
Dreux;48.73;1.36;09/08/2026;03:00;17.5;5;SOLEIL VOILÉ;2;0;0
Dreux;48.73;1.36;09/08/2026;04:00;17.5;5;SOLEIL VOILÉ;2;0;0
Dreux;48.73;1.36;09/08/2026;05:00;18.5;5;SOLEIL VOILÉ;2;0;0
Dreux;48.73;1.36;09/08/2026;06:00;18.5;5;SOLEIL VOILÉ;2;0;0
Dreux;48.73;1.36;09/08/2026;07:00;18.5;5;SOLEIL VOILÉ;2;0;0
Dreux;48.73;1.36;09/08/2026;08:00;27.1;5;SOLEIL VOILÉ;2;0;0
Dreux;48.73;1.36;09/08/2026;09:00;27.1;5;SOLEIL VOILÉ;2;0;0
Dreux;48.73;1.36;09/08/2026;10:00;27.1;5;SOLEIL VOILÉ;2;0;0
Dreux;48.73;1.36;09/08/2026;11:00;28.1;0;SOLEIL;4;0;0
Dreux;48.73;1.36;09/08/2026;12:00;28.1;0;SOLEIL;4;0;0
Dreux;48.73;1.36;09/08/2026;13:00;28.1;0;SOLEIL;4;0;0
Dreux;48.73;1.36;09/08/2026;14:00;31.7;0;SOLEIL;2;0;0
Dreux;48.73;1.36;09/08/2026;15:00;31.7;0;SOLEIL;2;0;0
Dreux;48.73;1.36;09/08/2026;16:00;31.7;0;SOLEIL;2;0;0
Dreux;48.73;1.36;09/08/2026;17:00;29.6;0;SOLEIL;3;0;0
Dreux;48.73;1.36;09/08/2026;18:00;29.6;0;SOLEIL;3;0;0
Dreux;48.73;1.36;09/08/2026;19:00;29.6;0;SOLEIL;3;0;0
Dreux;48.73;1.36;09/08/2026;20:00;21.1;0;SOLEIL;5;0;0
Dreux;48.73;1.36;09/08/2026;21:00;19.1;0;SOLEIL;5;0;0
Dreux;48.73;1.36;09/08/2026;22:00;17.1;0;SOLEIL;5;0;0
Dreux;48.73;1.36;09/08/2026;23:00;20.6;0;SOLEIL;3;0;0
Dreux;48.73;1.36;10/08/2026;00:00;20.6;0;SOLEIL;3;0;0
Dreux;48.73;1.36;10/08/2026;01:00;20.6;0;SOLEIL;3;0;0
Dreux;48.73;1.36;10/08/2026;02:00;16.5;2;NUAGEUX;5;0;0
Dreux;48.73;1.36;10/08/2026;03:00;16.5;2;NUAGEUX;5;0;0
Dreux;48.73;1.36;10/08/2026;04:00;16.5;2;NUAGEUX;5;0;0
Dreux;48.73;1.36;10/08/2026;05:00;18.6;0;SOLEIL;3;0;0
Dreux;48.73;1.36;10/08/2026;06:00;18.6;0;SOLEIL;3;0;0
Dreux;48.73;1.36;10/08/2026;07:00;18.6;0;SOLEIL;3;0;0
Dreux;48.73;1.36;10/08/2026;08:00;20.1;2;NUAGEUX;5;0;0
Dreux;48.73;1.36;10/08/2026;09:00;21.9;2;NUAGEUX;5;0;0
Dreux;48.73;1.36;10/08/2026;10:00;23.7;2;NUAGEUX;5;0;0
Dreux;48.73;1.36;10/08/2026;11:00;28.9;0;SOLEIL;3;0;0
Dreux;48.73;1.36;10/08/2026;12:00;28.9;0;SOLEIL;3;0;0
Dreux;48.73;1.36;10/08/2026;13:00;28.9;0;SOLEIL;3;0;0
Dreux;48.73;1.36;10/08/2026;14:00;30.8;2;NUAGEUX;5;0;0
Dreux;48.73;1.36;10/08/2026;15:00;32.6;2;NUAGEUX;5;0;0
Dreux;48.73;1.36;10/08/2026;16:00;30.8;2;NUAGEUX;5;0;0
Dreux;48.73;1.36;10/08/2026;17:00;28.9;0;SOLEIL;3;0;0
Dreux;48.73;1.36;10/08/2026;18:00;28.9;0;SOLEIL;3;0;0
Dreux;48.73;1.36;10/08/2026;19:00;28.9;0;SOLEIL;3;0;0
Dreux;48.73;1.36;10/08/2026;20:00;23.7;2;NUAGEUX;5;0;0
Dreux;48.73;1.36;10/08/2026;21:00;21.9;2;NUAGEUX;5;0;0
Dreux;48.73;1.36;10/08/2026;22:00;20.1;2;NUAGEUX;5;0;0
Dreux;48.73;1.36;10/08/2026;23:00;19.5;0;SOLEIL;4;0;0
Dreux;48.73;1.36;11/08/2026;00:00;19.5;0;SOLEIL;4;0;0
Dreux;48.73;1.36;11/08/2026;01:00;19.5;0;SOLEIL;4;0;0
Dreux;48.73;1.36;11/08/2026;02:00;17.6;0;SOLEIL;5;0;0
Dreux;48.73;1.36;11/08/2026;03:00;17.6;0;SOLEIL;5;0;0
Dreux;48.73;1.36;11/08/2026;04:00;17.6;0;SOLEIL;5;0;0
Dreux;48.73;1.36;11/08/2026;05:00;17.9;0;SOLEIL;3;0;0
Dreux;48.73;1.36;11/08/2026;06:00;17.9;0;SOLEIL;3;0;0
Dreux;48.73;1.36;11/08/2026;07:00;17.9;0;SOLEIL;3;0;0
Dreux;48.73;1.36;11/08/2026;08:00;20.6;0;SOLEIL;5;0;0
Dreux;48.73;1.36;11/08/2026;09:00;22.1;0;SOLEIL;5;0;0
Dreux;48.73;1.36;11/08/2026;10:00;23.6;0;SOLEIL;5;0;0
Dreux;48.73;1.36;11/08/2026;11:00;28.6;0;SOLEIL;3;0;0
Dreux;48.73;1.36;11/08/2026;12:00;28.6;0;SOLEIL;3;0;0
Dreux;48.73;1.36;11/08/2026;13:00;28.6;0;SOLEIL;3;0;0
Dreux;48.73;1.36;11/08/2026;14:00;29.6;0;SOLEIL;5;0;0
Dreux;48.73;1.36;11/08/2026;15:00;31.1;0;SOLEIL;5;0;0
Dreux;48.73;1.36;11/08/2026;16:00;29.6;0;SOLEIL;5;0;0
Dreux;48.73;1.36;11/08/2026;17:00;29.5;0;SOLEIL;4;0;0
Dreux;48.73;1.36;11/08/2026;18:00;29.5;0;SOLEIL;4;0;0
Dreux;48.73;1.36;11/08/2026;19:00;29.5;0;SOLEIL;4;0;0
Dreux;48.73;1.36;11/08/2026;20:00;23.6;0;SOLEIL;5;0;0
Dreux;48.73;1.36;11/08/2026;21:00;22.1;0;SOLEIL;5;0;0
Dreux;48.73;1.36;11/08/2026;22:00;20.6;0;SOLEIL;5;0;0
Dreux;48.73;1.36;11/08/2026;23:00;20.6;0;SOLEIL;4;0;0
Dreux;48.73;1.36;12/08/2026;00:00;20.6;0;SOLEIL;4;0;0
Dreux;48.73;1.36;12/08/2026;01:00;20.6;0;SOLEIL;4;0;0
Dreux;48.73;1.36;12/08/2026;02:00;16.9;0;SOLEIL;5;0;0
Dreux;48.73;1.36;12/08/2026;03:00;16.9;0;SOLEIL;5;0;0
Dreux;48.73;1.36;12/08/2026;04:00;16.9;0;SOLEIL;5;0;0
Dreux;48.73;1.36;12/08/2026;05:00;18.9;0;SOLEIL;3;0;0
Dreux;48.73;1.36;12/08/2026;06:00;18.9;0;SOLEIL;3;0;0
Dreux;48.73;1.36;12/08/2026;07:00;18.9;0;SOLEIL;3;0;0
Dreux;48.73;1.36;12/08/2026;08:00;19.9;0;SOLEIL;5;0;0
Dreux;48.73;1.36;12/08/2026;09:00;21.5;0;SOLEIL;5;0;0
Dreux;48.73;1.36;12/08/2026;10:00;23.0;0;SOLEIL;5;0;0
Dreux;48.73;1.36;12/08/2026;11:00;31.9;0;SOLEIL;3;0;0
Dreux;48.73;1.36;12/08/2026;12:00;31.9;0;SOLEIL;3;0;0
Dreux;48.73;1.36;12/08/2026;13:00;31.9;0;SOLEIL;3;0;0
Dreux;48.73;1.36;12/08/2026;14:00;29.1;0;SOLEIL;5;0;0
Dreux;48.73;1.36;12/08/2026;15:00;30.6;0;SOLEIL;5;0;0
Dreux;48.73;1.36;12/08/2026;16:00;29.1;0;SOLEIL;5;0;0
Dreux;48.73;1.36;12/08/2026;17:00;32.6;0;SOLEIL;2;0;0
Dreux;48.73;1.36;12/08/2026;18:00;32.6;0;SOLEIL;2;0;0
Dreux;48.73;1.36;12/08/2026;19:00;32.6;0;SOLEIL;2;0;0
Dreux;48.73;1.36;12/08/2026;20:00;23.0;0;SOLEIL;5;0;0
Dreux;48.73;1.36;12/08/2026;21:00;21.5;0;SOLEIL;5;0;0
Dreux;48.73;1.36;12/08/2026;22:00;19.9;0;SOLEIL;5;0;0
Dreux;48.73;1.36;12/08/2026;23:00;23.1;0;SOLEIL;2;0;0
Nogent-le-Rotrou;48.32;0.82;08/08/2026;00:00;16;0;SOLEIL;2;0;0
Nogent-le-Rotrou;48.32;0.82;08/08/2026;01:00;16;0;SOLEIL;2;0;0
Nogent-le-Rotrou;48.32;0.82;08/08/2026;02:00;13.4;0;SOLEIL;2;0;0
Nogent-le-Rotrou;48.32;0.82;08/08/2026;03:00;13.4;0;SOLEIL;2;0;0
Nogent-le-Rotrou;48.32;0.82;08/08/2026;04:00;13.4;0;SOLEIL;2;0;0
Nogent-le-Rotrou;48.32;0.82;08/08/2026;05:00;13.7;5;SOLEIL VOILÉ;2;0;0
Nogent-le-Rotrou;48.32;0.82;08/08/2026;06:00;13.7;5;SOLEIL VOILÉ;2;0;0
Nogent-le-Rotrou;48.32;0.82;08/08/2026;07:00;13.7;5;SOLEIL VOILÉ;2;0;0
Nogent-le-Rotrou;48.32;0.82;08/08/2026;08:00;23.9;5;SOLEIL VOILÉ;2;0;0
Nogent-le-Rotrou;48.32;0.82;08/08/2026;09:00;23.9;5;SOLEIL VOILÉ;2;0;0
Nogent-le-Rotrou;48.32;0.82;08/08/2026;10:00;23.9;5;SOLEIL VOILÉ;2;0;0
Nogent-le-Rotrou;48.32;0.82;08/08/2026;11:00;28.2;0;SOLEIL;2;0;0
Nogent-le-Rotrou;48.32;0.82;08/08/2026;12:00;28.2;0;SOLEIL;2;0;0
Nogent-le-Rotrou;48.32;0.82;08/08/2026;13:00;28.2;0;SOLEIL;2;0;0
Nogent-le-Rotrou;48.32;0.82;08/08/2026;14:00;30.6;5;SOLEIL VOILÉ;2;0;0
Nogent-le-Rotrou;48.32;0.82;08/08/2026;15:00;30.6;5;SOLEIL VOILÉ;2;0;0
Nogent-le-Rotrou;48.32;0.82;08/08/2026;16:00;30.6;5;SOLEIL VOILÉ;2;0;0
Nogent-le-Rotrou;48.32;0.82;08/08/2026;17:00;30;0;SOLEIL;2;0;0
Nogent-le-Rotrou;48.32;0.82;08/08/2026;18:00;30;0;SOLEIL;2;0;0
Nogent-le-Rotrou;48.32;0.82;08/08/2026;19:00;30;0;SOLEIL;2;0;0
Nogent-le-Rotrou;48.32;0.82;08/08/2026;20:00;22.1;0;SOLEIL;2;0;0
Nogent-le-Rotrou;48.32;0.82;08/08/2026;21:00;22.1;0;SOLEIL;2;0;0
Nogent-le-Rotrou;48.32;0.82;08/08/2026;22:00;22.1;0;SOLEIL;2;0;0
Nogent-le-Rotrou;48.32;0.82;08/08/2026;23:00;18.4;5;SOLEIL VOILÉ;0;0;0
Nogent-le-Rotrou;48.32;0.82;09/08/2026;00:00;18.4;5;SOLEIL VOILÉ;0;0;0
Nogent-le-Rotrou;48.32;0.82;09/08/2026;01:00;18.4;5;SOLEIL VOILÉ;0;0;0
Nogent-le-Rotrou;48.32;0.82;09/08/2026;02:00;15.2;5;SOLEIL VOILÉ;0;0;0
Nogent-le-Rotrou;48.32;0.82;09/08/2026;03:00;15.2;5;SOLEIL VOILÉ;0;0;0
Nogent-le-Rotrou;48.32;0.82;09/08/2026;04:00;15.2;5;SOLEIL VOILÉ;0;0;0
Nogent-le-Rotrou;48.32;0.82;09/08/2026;05:00;16.1;5;SOLEIL VOILÉ;0;0;0
Nogent-le-Rotrou;48.32;0.82;09/08/2026;06:00;16.1;5;SOLEIL VOILÉ;0;0;0
Nogent-le-Rotrou;48.32;0.82;09/08/2026;07:00;16.1;5;SOLEIL VOILÉ;0;0;0
Nogent-le-Rotrou;48.32;0.82;09/08/2026;08:00;27.6;0;SOLEIL;2;0;0
Nogent-le-Rotrou;48.32;0.82;09/08/2026;09:00;27.6;0;SOLEIL;2;0;0
Nogent-le-Rotrou;48.32;0.82;09/08/2026;10:00;27.6;0;SOLEIL;2;0;0
Nogent-le-Rotrou;48.32;0.82;09/08/2026;11:00;30.6;0;SOLEIL;3;0;0
Nogent-le-Rotrou;48.32;0.82;09/08/2026;12:00;30.6;0;SOLEIL;3;0;0
Nogent-le-Rotrou;48.32;0.82;09/08/2026;13:00;30.6;0;SOLEIL;3;0;0
Nogent-le-Rotrou;48.32;0.82;09/08/2026;14:00;31.2;0;SOLEIL;3;0;0
Nogent-le-Rotrou;48.32;0.82;09/08/2026;15:00;31.2;0;SOLEIL;3;0;0
Nogent-le-Rotrou;48.32;0.82;09/08/2026;16:00;31.2;0;SOLEIL;3;0;0
Nogent-le-Rotrou;48.32;0.82;09/08/2026;17:00;30.2;0;SOLEIL;4;0;0
Nogent-le-Rotrou;48.32;0.82;09/08/2026;18:00;30.2;0;SOLEIL;4;0;0
Nogent-le-Rotrou;48.32;0.82;09/08/2026;19:00;30.2;0;SOLEIL;4;0;0
Nogent-le-Rotrou;48.32;0.82;09/08/2026;20:00;20.7;0;SOLEIL;5;0;0
Nogent-le-Rotrou;48.32;0.82;09/08/2026;21:00;18.5;0;SOLEIL;5;0;0
Nogent-le-Rotrou;48.32;0.82;09/08/2026;22:00;16.4;0;SOLEIL;5;0;0
Nogent-le-Rotrou;48.32;0.82;09/08/2026;23:00;19.6;0;SOLEIL;2;0;0
Nogent-le-Rotrou;48.32;0.82;10/08/2026;00:00;19.6;0;SOLEIL;2;0;0
Nogent-le-Rotrou;48.32;0.82;10/08/2026;01:00;19.6;0;SOLEIL;2;0;0
Nogent-le-Rotrou;48.32;0.82;10/08/2026;02:00;14.5;0;SOLEIL;5;0;0
Nogent-le-Rotrou;48.32;0.82;10/08/2026;03:00;14.5;0;SOLEIL;5;0;0
Nogent-le-Rotrou;48.32;0.82;10/08/2026;04:00;14.5;0;SOLEIL;5;0;0
Nogent-le-Rotrou;48.32;0.82;10/08/2026;05:00;18.1;0;SOLEIL;2;0;0
Nogent-le-Rotrou;48.32;0.82;10/08/2026;06:00;18.1;0;SOLEIL;2;0;0
Nogent-le-Rotrou;48.32;0.82;10/08/2026;07:00;18.1;0;SOLEIL;2;0;0
Nogent-le-Rotrou;48.32;0.82;10/08/2026;08:00;18.4;0;SOLEIL;5;0;0
Nogent-le-Rotrou;48.32;0.82;10/08/2026;09:00;20.4;0;SOLEIL;5;0;0
Nogent-le-Rotrou;48.32;0.82;10/08/2026;10:00;22.4;0;SOLEIL;5;0;0
Nogent-le-Rotrou;48.32;0.82;10/08/2026;11:00;29.1;0;SOLEIL;3;0;0
Nogent-le-Rotrou;48.32;0.82;10/08/2026;12:00;29.1;0;SOLEIL;3;0;0
Nogent-le-Rotrou;48.32;0.82;10/08/2026;13:00;29.1;0;SOLEIL;3;0;0
Nogent-le-Rotrou;48.32;0.82;10/08/2026;14:00;30.2;0;SOLEIL;5;0;0
Nogent-le-Rotrou;48.32;0.82;10/08/2026;15:00;32.2;0;SOLEIL;5;0;0
Nogent-le-Rotrou;48.32;0.82;10/08/2026;16:00;30.2;0;SOLEIL;5;0;0
Nogent-le-Rotrou;48.32;0.82;10/08/2026;17:00;29;0;SOLEIL;4;0;0
Nogent-le-Rotrou;48.32;0.82;10/08/2026;18:00;29;0;SOLEIL;4;0;0
Nogent-le-Rotrou;48.32;0.82;10/08/2026;19:00;29;0;SOLEIL;4;0;0
Nogent-le-Rotrou;48.32;0.82;10/08/2026;20:00;22.4;0;SOLEIL;5;0;0
Nogent-le-Rotrou;48.32;0.82;10/08/2026;21:00;20.4;0;SOLEIL;5;0;0
Nogent-le-Rotrou;48.32;0.82;10/08/2026;22:00;18.4;0;SOLEIL;5;0;0
Nogent-le-Rotrou;48.32;0.82;10/08/2026;23:00;19.1;0;SOLEIL;3;0;0
Nogent-le-Rotrou;48.32;0.82;11/08/2026;00:00;19.1;0;SOLEIL;3;0;0
Nogent-le-Rotrou;48.32;0.82;11/08/2026;01:00;19.1;0;SOLEIL;3;0;0
Nogent-le-Rotrou;48.32;0.82;11/08/2026;02:00;16.9;0;SOLEIL;5;0;0
Nogent-le-Rotrou;48.32;0.82;11/08/2026;03:00;16.9;0;SOLEIL;5;0;0
Nogent-le-Rotrou;48.32;0.82;11/08/2026;04:00;16.9;0;SOLEIL;5;0;0
Nogent-le-Rotrou;48.32;0.82;11/08/2026;05:00;17.4;0;SOLEIL;3;0;0
Nogent-le-Rotrou;48.32;0.82;11/08/2026;06:00;17.4;0;SOLEIL;3;0;0
Nogent-le-Rotrou;48.32;0.82;11/08/2026;07:00;17.4;0;SOLEIL;3;0;0
Nogent-le-Rotrou;48.32;0.82;11/08/2026;08:00;20.1;0;SOLEIL;5;0;0
Nogent-le-Rotrou;48.32;0.82;11/08/2026;09:00;21.8;0;SOLEIL;5;0;0
Nogent-le-Rotrou;48.32;0.82;11/08/2026;10:00;23.4;0;SOLEIL;5;0;0
Nogent-le-Rotrou;48.32;0.82;11/08/2026;11:00;29.4;0;SOLEIL;3;0;0
Nogent-le-Rotrou;48.32;0.82;11/08/2026;12:00;29.4;0;SOLEIL;3;0;0
Nogent-le-Rotrou;48.32;0.82;11/08/2026;13:00;29.4;0;SOLEIL;3;0;0
Nogent-le-Rotrou;48.32;0.82;11/08/2026;14:00;29.9;0;SOLEIL;5;0;0
Nogent-le-Rotrou;48.32;0.82;11/08/2026;15:00;31.5;0;SOLEIL;5;0;0
Nogent-le-Rotrou;48.32;0.82;11/08/2026;16:00;29.9;0;SOLEIL;5;0;0
Nogent-le-Rotrou;48.32;0.82;11/08/2026;17:00;30.1;0;SOLEIL;4;0;0
Nogent-le-Rotrou;48.32;0.82;11/08/2026;18:00;30.1;0;SOLEIL;4;0;0
Nogent-le-Rotrou;48.32;0.82;11/08/2026;19:00;30.1;0;SOLEIL;4;0;0
Nogent-le-Rotrou;48.32;0.82;11/08/2026;20:00;23.4;0;SOLEIL;5;0;0
Nogent-le-Rotrou;48.32;0.82;11/08/2026;21:00;21.8;0;SOLEIL;5;0;0
Nogent-le-Rotrou;48.32;0.82;11/08/2026;22:00;20.1;0;SOLEIL;5;0;0
Nogent-le-Rotrou;48.32;0.82;11/08/2026;23:00;20.6;0;SOLEIL;4;0;0
Nogent-le-Rotrou;48.32;0.82;12/08/2026;00:00;20.6;0;SOLEIL;4;0;0
Nogent-le-Rotrou;48.32;0.82;12/08/2026;01:00;20.6;0;SOLEIL;4;0;0
Nogent-le-Rotrou;48.32;0.82;12/08/2026;02:00;16.1;0;SOLEIL;5;0;0
Nogent-le-Rotrou;48.32;0.82;12/08/2026;03:00;16.1;0;SOLEIL;5;0;0
Nogent-le-Rotrou;48.32;0.82;12/08/2026;04:00;16.1;0;SOLEIL;5;0;0
Nogent-le-Rotrou;48.32;0.82;12/08/2026;05:00;19.1;0;SOLEIL;3;0;0
Nogent-le-Rotrou;48.32;0.82;12/08/2026;06:00;19.1;0;SOLEIL;3;0;0
Nogent-le-Rotrou;48.32;0.82;12/08/2026;07:00;19.1;0;SOLEIL;3;0;0
Nogent-le-Rotrou;48.32;0.82;12/08/2026;08:00;19.7;0;SOLEIL;5;0;0
Nogent-le-Rotrou;48.32;0.82;12/08/2026;09:00;21.5;0;SOLEIL;5;0;0
Nogent-le-Rotrou;48.32;0.82;12/08/2026;10:00;23.3;0;SOLEIL;5;0;0
Nogent-le-Rotrou;48.32;0.82;12/08/2026;11:00;33;0;SOLEIL;3;0;0
Nogent-le-Rotrou;48.32;0.82;12/08/2026;12:00;33;0;SOLEIL;3;0;0
Nogent-le-Rotrou;48.32;0.82;12/08/2026;13:00;33;0;SOLEIL;3;0;0
Nogent-le-Rotrou;48.32;0.82;12/08/2026;14:00;30.4;0;SOLEIL;5;0;0
Nogent-le-Rotrou;48.32;0.82;12/08/2026;15:00;32.2;0;SOLEIL;5;0;0
Nogent-le-Rotrou;48.32;0.82;12/08/2026;16:00;30.4;0;SOLEIL;5;0;0
Nogent-le-Rotrou;48.32;0.82;12/08/2026;17:00;33.9;0;SOLEIL;2;0;0
Nogent-le-Rotrou;48.32;0.82;12/08/2026;18:00;33.9;0;SOLEIL;2;0;0
Nogent-le-Rotrou;48.32;0.82;12/08/2026;19:00;33.9;0;SOLEIL;2;0;0
Nogent-le-Rotrou;48.32;0.82;12/08/2026;20:00;23.3;0;SOLEIL;5;0;0
Nogent-le-Rotrou;48.32;0.82;12/08/2026;21:00;21.5;0;SOLEIL;5;0;0
Nogent-le-Rotrou;48.32;0.82;12/08/2026;22:00;19.7;0;SOLEIL;5;0;0
Nogent-le-Rotrou;48.32;0.82;12/08/2026;23:00;22.6;0;SOLEIL;3;0;0
Châteauroux;46.81;1.69;08/08/2026;00:00;14.9;0;SOLEIL;3;0;0
Châteauroux;46.81;1.69;08/08/2026;01:00;14.9;0;SOLEIL;3;0;0
Châteauroux;46.81;1.69;08/08/2026;02:00;11.5;0;SOLEIL;3;0;0
Châteauroux;46.81;1.69;08/08/2026;03:00;11.5;0;SOLEIL;3;0;0
Châteauroux;46.81;1.69;08/08/2026;04:00;11.5;0;SOLEIL;3;0;0
Châteauroux;46.81;1.69;08/08/2026;05:00;14.4;5;SOLEIL VOILÉ;4;0;0
Châteauroux;46.81;1.69;08/08/2026;06:00;14.4;5;SOLEIL VOILÉ;4;0;0
Châteauroux;46.81;1.69;08/08/2026;07:00;14.4;5;SOLEIL VOILÉ;4;0;0
Châteauroux;46.81;1.69;08/08/2026;08:00;23.6;5;SOLEIL VOILÉ;3;0;0
Châteauroux;46.81;1.69;08/08/2026;09:00;23.6;5;SOLEIL VOILÉ;3;0;0
Châteauroux;46.81;1.69;08/08/2026;10:00;23.6;5;SOLEIL VOILÉ;3;0;0
Châteauroux;46.81;1.69;08/08/2026;11:00;27.1;0;SOLEIL;3;0;0
Châteauroux;46.81;1.69;08/08/2026;12:00;27.1;0;SOLEIL;3;0;0
Châteauroux;46.81;1.69;08/08/2026;13:00;27.1;0;SOLEIL;3;0;0
Châteauroux;46.81;1.69;08/08/2026;14:00;28.5;0;SOLEIL;2;0;0
Châteauroux;46.81;1.69;08/08/2026;15:00;28.5;0;SOLEIL;2;0;0
Châteauroux;46.81;1.69;08/08/2026;16:00;28.5;0;SOLEIL;2;0;0
Châteauroux;46.81;1.69;08/08/2026;17:00;28.9;0;SOLEIL;2;0;0
Châteauroux;46.81;1.69;08/08/2026;18:00;28.9;0;SOLEIL;2;0;0
Châteauroux;46.81;1.69;08/08/2026;19:00;28.9;0;SOLEIL;2;0;0
Châteauroux;46.81;1.69;08/08/2026;20:00;20.7;0;SOLEIL;2;0;0
Châteauroux;46.81;1.69;08/08/2026;21:00;20.7;0;SOLEIL;2;0;0
Châteauroux;46.81;1.69;08/08/2026;22:00;20.7;0;SOLEIL;2;0;0
Châteauroux;46.81;1.69;08/08/2026;23:00;18;5;SOLEIL VOILÉ;2;0;0
Châteauroux;46.81;1.69;09/08/2026;00:00;18;5;SOLEIL VOILÉ;2;0;0
Châteauroux;46.81;1.69;09/08/2026;01:00;18;5;SOLEIL VOILÉ;2;0;0
Châteauroux;46.81;1.69;09/08/2026;02:00;15.7;5;SOLEIL VOILÉ;2;0;0
Châteauroux;46.81;1.69;09/08/2026;03:00;15.7;5;SOLEIL VOILÉ;2;0;0
Châteauroux;46.81;1.69;09/08/2026;04:00;15.7;5;SOLEIL VOILÉ;2;0;0
Châteauroux;46.81;1.69;09/08/2026;05:00;18.6;5;SOLEIL VOILÉ;2;0;0
Châteauroux;46.81;1.69;09/08/2026;06:00;18.6;5;SOLEIL VOILÉ;2;0;0
Châteauroux;46.81;1.69;09/08/2026;07:00;18.6;5;SOLEIL VOILÉ;2;0;0
Châteauroux;46.81;1.69;09/08/2026;08:00;25.1;0;SOLEIL;2;0;0
Châteauroux;46.81;1.69;09/08/2026;09:00;25.1;0;SOLEIL;2;0;0
Châteauroux;46.81;1.69;09/08/2026;10:00;25.1;0;SOLEIL;2;0;0
Châteauroux;46.81;1.69;09/08/2026;11:00;29.4;0;SOLEIL;3;0;0
Châteauroux;46.81;1.69;09/08/2026;12:00;29.4;0;SOLEIL;3;0;0
Châteauroux;46.81;1.69;09/08/2026;13:00;29.4;0;SOLEIL;3;0;0
Châteauroux;46.81;1.69;09/08/2026;14:00;29.1;0;SOLEIL;2;0;0
Châteauroux;46.81;1.69;09/08/2026;15:00;29.1;0;SOLEIL;2;0;0
Châteauroux;46.81;1.69;09/08/2026;16:00;29.1;0;SOLEIL;2;0;0
Châteauroux;46.81;1.69;09/08/2026;17:00;27.2;0;SOLEIL;2;0;0
Châteauroux;46.81;1.69;09/08/2026;18:00;27.2;0;SOLEIL;2;0;0
Châteauroux;46.81;1.69;09/08/2026;19:00;27.2;0;SOLEIL;2;0;0
Châteauroux;46.81;1.69;09/08/2026;20:00;18.5;0;SOLEIL;5;0;0
Châteauroux;46.81;1.69;09/08/2026;21:00;16.3;0;SOLEIL;5;0;0
Châteauroux;46.81;1.69;09/08/2026;22:00;14.1;0;SOLEIL;5;0;0
Châteauroux;46.81;1.69;09/08/2026;23:00;18.4;0;SOLEIL;3;0;0
Châteauroux;46.81;1.69;10/08/2026;00:00;18.4;0;SOLEIL;3;0;0
Châteauroux;46.81;1.69;10/08/2026;01:00;18.4;0;SOLEIL;3;0;0
Châteauroux;46.81;1.69;10/08/2026;02:00;15.4;0;SOLEIL;5;0;0
Châteauroux;46.81;1.69;10/08/2026;03:00;15.4;0;SOLEIL;5;0;0
Châteauroux;46.81;1.69;10/08/2026;04:00;15.4;0;SOLEIL;5;0;0
Châteauroux;46.81;1.69;10/08/2026;05:00;17.2;0;SOLEIL;3;0;0
Châteauroux;46.81;1.69;10/08/2026;06:00;17.2;0;SOLEIL;3;0;0
Châteauroux;46.81;1.69;10/08/2026;07:00;17.2;0;SOLEIL;3;0;0
Châteauroux;46.81;1.69;10/08/2026;08:00;18.7;0;SOLEIL;5;0;0
Châteauroux;46.81;1.69;10/08/2026;09:00;20.3;0;SOLEIL;5;0;0
Châteauroux;46.81;1.69;10/08/2026;10:00;21.9;0;SOLEIL;5;0;0
Châteauroux;46.81;1.69;10/08/2026;11:00;27.5;0;SOLEIL;2;0;0
Châteauroux;46.81;1.69;10/08/2026;12:00;27.5;0;SOLEIL;2;0;0
Châteauroux;46.81;1.69;10/08/2026;13:00;27.5;0;SOLEIL;2;0;0
Châteauroux;46.81;1.69;10/08/2026;14:00;28.5;0;SOLEIL;5;0;0
Châteauroux;46.81;1.69;10/08/2026;15:00;30.1;0;SOLEIL;5;0;0
Châteauroux;46.81;1.69;10/08/2026;16:00;28.5;0;SOLEIL;5;0;0
Châteauroux;46.81;1.69;10/08/2026;17:00;28.6;0;SOLEIL;3;0;0
Châteauroux;46.81;1.69;10/08/2026;18:00;28.6;0;SOLEIL;3;0;0
Châteauroux;46.81;1.69;10/08/2026;19:00;28.6;0;SOLEIL;3;0;0
Châteauroux;46.81;1.69;10/08/2026;20:00;21.9;0;SOLEIL;5;0;0
Châteauroux;46.81;1.69;10/08/2026;21:00;20.3;0;SOLEIL;5;0;0
Châteauroux;46.81;1.69;10/08/2026;22:00;18.7;0;SOLEIL;5;0;0
Châteauroux;46.81;1.69;10/08/2026;23:00;17.7;0;SOLEIL;4;0;0
Châteauroux;46.81;1.69;11/08/2026;00:00;17.7;0;SOLEIL;4;0;0
Châteauroux;46.81;1.69;11/08/2026;01:00;17.7;0;SOLEIL;4;0;0
Châteauroux;46.81;1.69;11/08/2026;02:00;15.5;0;SOLEIL;5;0;0
Châteauroux;46.81;1.69;11/08/2026;03:00;15.5;0;SOLEIL;5;0;0
Châteauroux;46.81;1.69;11/08/2026;04:00;15.5;0;SOLEIL;5;0;0
Châteauroux;46.81;1.69;11/08/2026;05:00;18;0;SOLEIL;4;0;0
Châteauroux;46.81;1.69;11/08/2026;06:00;18;0;SOLEIL;4;0;0
Châteauroux;46.81;1.69;11/08/2026;07:00;18;0;SOLEIL;4;0;0
Châteauroux;46.81;1.69;11/08/2026;08:00;18.7;0;SOLEIL;5;0;0
Châteauroux;46.81;1.69;11/08/2026;09:00;20.3;0;SOLEIL;5;0;0
Châteauroux;46.81;1.69;11/08/2026;10:00;21.9;0;SOLEIL;5;0;0
Châteauroux;46.81;1.69;11/08/2026;11:00;27.6;0;SOLEIL;3;0;0
Châteauroux;46.81;1.69;11/08/2026;12:00;27.6;0;SOLEIL;3;0;0
Châteauroux;46.81;1.69;11/08/2026;13:00;27.6;0;SOLEIL;3;0;0
Châteauroux;46.81;1.69;11/08/2026;14:00;28.4;0;SOLEIL;5;0;0
Châteauroux;46.81;1.69;11/08/2026;15:00;30.0;0;SOLEIL;5;0;0
Châteauroux;46.81;1.69;11/08/2026;16:00;28.4;0;SOLEIL;5;0;0
Châteauroux;46.81;1.69;11/08/2026;17:00;29.5;0;SOLEIL;3;0;0
Châteauroux;46.81;1.69;11/08/2026;18:00;29.5;0;SOLEIL;3;0;0
Châteauroux;46.81;1.69;11/08/2026;19:00;29.5;0;SOLEIL;3;0;0
Châteauroux;46.81;1.69;11/08/2026;20:00;21.9;0;SOLEIL;5;0;0
Châteauroux;46.81;1.69;11/08/2026;21:00;20.3;0;SOLEIL;5;0;0
Châteauroux;46.81;1.69;11/08/2026;22:00;18.7;0;SOLEIL;5;0;0
Châteauroux;46.81;1.69;11/08/2026;23:00;18.9;0;SOLEIL;5;0;0
Châteauroux;46.81;1.69;12/08/2026;00:00;18.9;0;SOLEIL;5;0;0
Châteauroux;46.81;1.69;12/08/2026;01:00;18.9;0;SOLEIL;5;0;0
Châteauroux;46.81;1.69;12/08/2026;02:00;15.6;0;SOLEIL;5;0;0
Châteauroux;46.81;1.69;12/08/2026;03:00;15.6;0;SOLEIL;5;0;0
Châteauroux;46.81;1.69;12/08/2026;04:00;15.6;0;SOLEIL;5;0;0
Châteauroux;46.81;1.69;12/08/2026;05:00;19.5;0;SOLEIL;4;0;0
Châteauroux;46.81;1.69;12/08/2026;06:00;19.5;0;SOLEIL;4;0;0
Châteauroux;46.81;1.69;12/08/2026;07:00;19.5;0;SOLEIL;4;0;0
Châteauroux;46.81;1.69;12/08/2026;08:00;18.9;0;SOLEIL;5;0;0
Châteauroux;46.81;1.69;12/08/2026;09:00;20.5;0;SOLEIL;5;0;0
Châteauroux;46.81;1.69;12/08/2026;10:00;22.2;0;SOLEIL;5;0;0
Châteauroux;46.81;1.69;12/08/2026;11:00;30;0;SOLEIL;4;0;0
Châteauroux;46.81;1.69;12/08/2026;12:00;30;0;SOLEIL;4;0;0
Châteauroux;46.81;1.69;12/08/2026;13:00;30;0;SOLEIL;4;0;0
Châteauroux;46.81;1.69;12/08/2026;14:00;28.8;0;SOLEIL;5;0;0
Châteauroux;46.81;1.69;12/08/2026;15:00;30.4;0;SOLEIL;5;0;0
Châteauroux;46.81;1.69;12/08/2026;16:00;28.8;0;SOLEIL;5;0;0
Châteauroux;46.81;1.69;12/08/2026;17:00;32.1;0;SOLEIL;2;0;0
Châteauroux;46.81;1.69;12/08/2026;18:00;32.1;0;SOLEIL;2;0;0
Châteauroux;46.81;1.69;12/08/2026;19:00;32.1;0;SOLEIL;2;0;0
Châteauroux;46.81;1.69;12/08/2026;20:00;22.2;0;SOLEIL;5;0;0
Châteauroux;46.81;1.69;12/08/2026;21:00;20.5;0;SOLEIL;5;0;0
Châteauroux;46.81;1.69;12/08/2026;22:00;18.9;0;SOLEIL;5;0;0
Châteauroux;46.81;1.69;12/08/2026;23:00;21.1;0;SOLEIL;4;0;0
Écueillé;47.08;1.34;08/08/2026;00:00;18.9;0;SOLEIL;3;0;0
Écueillé;47.08;1.34;08/08/2026;01:00;18.9;0;SOLEIL;3;0;0
Écueillé;47.08;1.34;08/08/2026;02:00;16.4;0;SOLEIL;3;0;0
Écueillé;47.08;1.34;08/08/2026;03:00;16.4;0;SOLEIL;3;0;0
Écueillé;47.08;1.34;08/08/2026;04:00;16.4;0;SOLEIL;3;0;0
Écueillé;47.08;1.34;08/08/2026;05:00;17.6;5;SOLEIL VOILÉ;3;0;0
Écueillé;47.08;1.34;08/08/2026;06:00;17.6;5;SOLEIL VOILÉ;3;0;0
Écueillé;47.08;1.34;08/08/2026;07:00;17.6;5;SOLEIL VOILÉ;3;0;0
Écueillé;47.08;1.34;08/08/2026;08:00;25.5;0;SOLEIL;3;0;0
Écueillé;47.08;1.34;08/08/2026;09:00;25.5;0;SOLEIL;3;0;0
Écueillé;47.08;1.34;08/08/2026;10:00;25.5;0;SOLEIL;3;0;0
Écueillé;47.08;1.34;08/08/2026;11:00;31.1;0;SOLEIL;3;0;0
Écueillé;47.08;1.34;08/08/2026;12:00;31.1;0;SOLEIL;3;0;0
Écueillé;47.08;1.34;08/08/2026;13:00;31.1;0;SOLEIL;3;0;0
Écueillé;47.08;1.34;08/08/2026;14:00;33.4;0;SOLEIL;2;0;0
Écueillé;47.08;1.34;08/08/2026;15:00;33.4;0;SOLEIL;2;0;0
Écueillé;47.08;1.34;08/08/2026;16:00;33.4;0;SOLEIL;2;0;0
Écueillé;47.08;1.34;08/08/2026;17:00;33.2;0;SOLEIL;3;0;0
Écueillé;47.08;1.34;08/08/2026;18:00;33.2;0;SOLEIL;3;0;0
Écueillé;47.08;1.34;08/08/2026;19:00;33.2;0;SOLEIL;3;0;0
Écueillé;47.08;1.34;08/08/2026;20:00;25.9;0;SOLEIL;2;0;0
Écueillé;47.08;1.34;08/08/2026;21:00;25.9;0;SOLEIL;2;0;0
Écueillé;47.08;1.34;08/08/2026;22:00;25.9;0;SOLEIL;2;0;0
Écueillé;47.08;1.34;08/08/2026;23:00;21.9;5;SOLEIL VOILÉ;2;0;0
Écueillé;47.08;1.34;09/08/2026;00:00;21.9;5;SOLEIL VOILÉ;2;0;0
Écueillé;47.08;1.34;09/08/2026;01:00;21.9;5;SOLEIL VOILÉ;2;0;0
Écueillé;47.08;1.34;09/08/2026;02:00;20.1;5;SOLEIL VOILÉ;2;0;0
Écueillé;47.08;1.34;09/08/2026;03:00;20.1;5;SOLEIL VOILÉ;2;0;0
Écueillé;47.08;1.34;09/08/2026;04:00;20.1;5;SOLEIL VOILÉ;2;0;0
Écueillé;47.08;1.34;09/08/2026;05:00;21.1;5;SOLEIL VOILÉ;3;0;0
Écueillé;47.08;1.34;09/08/2026;06:00;21.1;5;SOLEIL VOILÉ;3;0;0
Écueillé;47.08;1.34;09/08/2026;07:00;21.1;5;SOLEIL VOILÉ;3;0;0
Écueillé;47.08;1.34;09/08/2026;08:00;25.7;0;SOLEIL;3;0;0
Écueillé;47.08;1.34;09/08/2026;09:00;25.7;0;SOLEIL;3;0;0
Écueillé;47.08;1.34;09/08/2026;10:00;25.7;0;SOLEIL;3;0;0
Écueillé;47.08;1.34;09/08/2026;11:00;30.7;10;ORAGEUX;3;0;0
Écueillé;47.08;1.34;09/08/2026;12:00;30.7;10;ORAGEUX;3;0;0
Écueillé;47.08;1.34;09/08/2026;13:00;30.7;10;ORAGEUX;3;0;0
Écueillé;47.08;1.34;09/08/2026;14:00;31.9;0;SOLEIL;2;0;0
Écueillé;47.08;1.34;09/08/2026;15:00;31.9;0;SOLEIL;2;0;0
Écueillé;47.08;1.34;09/08/2026;16:00;31.9;0;SOLEIL;2;0;0
Écueillé;47.08;1.34;09/08/2026;17:00;31.2;0;SOLEIL;3;0;0
Écueillé;47.08;1.34;09/08/2026;18:00;31.2;0;SOLEIL;3;0;0
Écueillé;47.08;1.34;09/08/2026;19:00;31.2;0;SOLEIL;3;0;0
Écueillé;47.08;1.34;09/08/2026;20:00;24.1;0;SOLEIL;5;0;0
Écueillé;47.08;1.34;09/08/2026;21:00;22.0;0;SOLEIL;5;0;0
Écueillé;47.08;1.34;09/08/2026;22:00;19.8;0;SOLEIL;5;0;0
Écueillé;47.08;1.34;09/08/2026;23:00;21.5;0;SOLEIL;3;0;0
Écueillé;47.08;1.34;10/08/2026;00:00;21.5;0;SOLEIL;3;0;0
Écueillé;47.08;1.34;10/08/2026;01:00;21.5;0;SOLEIL;3;0;0
Écueillé;47.08;1.34;10/08/2026;02:00;19.6;10;ORAGEUX;5;0;0
Écueillé;47.08;1.34;10/08/2026;03:00;19.6;10;ORAGEUX;5;0;0
Écueillé;47.08;1.34;10/08/2026;04:00;19.6;10;ORAGEUX;5;0;0
Écueillé;47.08;1.34;10/08/2026;05:00;21.1;0;SOLEIL;2;0;0
Écueillé;47.08;1.34;10/08/2026;06:00;21.1;0;SOLEIL;2;0;0
Écueillé;47.08;1.34;10/08/2026;07:00;21.1;0;SOLEIL;2;0;0
Écueillé;47.08;1.34;10/08/2026;08:00;22.6;10;ORAGEUX;5;0;0
Écueillé;47.08;1.34;10/08/2026;09:00;24.1;10;ORAGEUX;5;0;0
Écueillé;47.08;1.34;10/08/2026;10:00;25.6;10;ORAGEUX;5;0;0
Écueillé;47.08;1.34;10/08/2026;11:00;31.9;0;SOLEIL;2;0;0
Écueillé;47.08;1.34;10/08/2026;12:00;31.9;0;SOLEIL;2;0;0
Écueillé;47.08;1.34;10/08/2026;13:00;31.9;0;SOLEIL;2;0;0
Écueillé;47.08;1.34;10/08/2026;14:00;31.6;10;ORAGEUX;5;0;0
Écueillé;47.08;1.34;10/08/2026;15:00;33.1;10;ORAGEUX;5;0;0
Écueillé;47.08;1.34;10/08/2026;16:00;31.6;10;ORAGEUX;5;0;0
Écueillé;47.08;1.34;10/08/2026;17:00;31.1;0;SOLEIL;2;0;0
Écueillé;47.08;1.34;10/08/2026;18:00;31.1;0;SOLEIL;2;0;0
Écueillé;47.08;1.34;10/08/2026;19:00;31.1;0;SOLEIL;2;0;0
Écueillé;47.08;1.34;10/08/2026;20:00;25.6;10;ORAGEUX;5;0;0
Écueillé;47.08;1.34;10/08/2026;21:00;24.1;10;ORAGEUX;5;0;0
Écueillé;47.08;1.34;10/08/2026;22:00;22.6;10;ORAGEUX;5;0;0
Écueillé;47.08;1.34;10/08/2026;23:00;23.1;0;SOLEIL;2;0;0
Écueillé;47.08;1.34;11/08/2026;00:00;23.1;0;SOLEIL;2;0;0
Écueillé;47.08;1.34;11/08/2026;01:00;23.1;0;SOLEIL;2;0;0
Écueillé;47.08;1.34;11/08/2026;02:00;19.4;0;SOLEIL;5;0;0
Écueillé;47.08;1.34;11/08/2026;03:00;19.4;0;SOLEIL;5;0;0
Écueillé;47.08;1.34;11/08/2026;04:00;19.4;0;SOLEIL;5;0;0
Écueillé;47.08;1.34;11/08/2026;05:00;20.1;0;SOLEIL;3;0;0
Écueillé;47.08;1.34;11/08/2026;06:00;20.1;0;SOLEIL;3;0;0
Écueillé;47.08;1.34;11/08/2026;07:00;20.1;0;SOLEIL;3;0;0
Écueillé;47.08;1.34;11/08/2026;08:00;22.6;0;SOLEIL;5;0;0
Écueillé;47.08;1.34;11/08/2026;09:00;24.3;0;SOLEIL;5;0;0
Écueillé;47.08;1.34;11/08/2026;10:00;25.9;0;SOLEIL;5;0;0
Écueillé;47.08;1.34;11/08/2026;11:00;32.9;0;SOLEIL;3;0;0
Écueillé;47.08;1.34;11/08/2026;12:00;32.9;0;SOLEIL;3;0;0
Écueillé;47.08;1.34;11/08/2026;13:00;32.9;0;SOLEIL;3;0;0
Écueillé;47.08;1.34;11/08/2026;14:00;32.4;0;SOLEIL;5;0;0
Écueillé;47.08;1.34;11/08/2026;15:00;34.0;0;SOLEIL;5;0;0
Écueillé;47.08;1.34;11/08/2026;16:00;32.4;0;SOLEIL;5;0;0
Écueillé;47.08;1.34;11/08/2026;17:00;32.9;0;SOLEIL;3;0;0
Écueillé;47.08;1.34;11/08/2026;18:00;32.9;0;SOLEIL;3;0;0
Écueillé;47.08;1.34;11/08/2026;19:00;32.9;0;SOLEIL;3;0;0
Écueillé;47.08;1.34;11/08/2026;20:00;25.9;0;SOLEIL;5;0;0
Écueillé;47.08;1.34;11/08/2026;21:00;24.3;0;SOLEIL;5;0;0
Écueillé;47.08;1.34;11/08/2026;22:00;22.6;0;SOLEIL;5;0;0
Écueillé;47.08;1.34;11/08/2026;23:00;24.6;0;SOLEIL;3;0;0
Écueillé;47.08;1.34;12/08/2026;00:00;24.6;0;SOLEIL;3;0;0
Écueillé;47.08;1.34;12/08/2026;01:00;24.6;0;SOLEIL;3;0;0
Écueillé;47.08;1.34;12/08/2026;02:00;18.7;0;SOLEIL;5;0;0
Écueillé;47.08;1.34;12/08/2026;03:00;18.7;0;SOLEIL;5;0;0
Écueillé;47.08;1.34;12/08/2026;04:00;18.7;0;SOLEIL;5;0;0
Écueillé;47.08;1.34;12/08/2026;05:00;21.1;0;SOLEIL;3;0;0
Écueillé;47.08;1.34;12/08/2026;06:00;21.1;0;SOLEIL;3;0;0
Écueillé;47.08;1.34;12/08/2026;07:00;21.1;0;SOLEIL;3;0;0
Écueillé;47.08;1.34;12/08/2026;08:00;22.4;0;SOLEIL;5;0;0
Écueillé;47.08;1.34;12/08/2026;09:00;24.3;0;SOLEIL;5;0;0
Écueillé;47.08;1.34;12/08/2026;10:00;26.2;0;SOLEIL;5;0;0
Écueillé;47.08;1.34;12/08/2026;11:00;33.2;0;SOLEIL;3;0;0
Écueillé;47.08;1.34;12/08/2026;12:00;33.2;0;SOLEIL;3;0;0
Écueillé;47.08;1.34;12/08/2026;13:00;33.2;0;SOLEIL;3;0;0
Écueillé;47.08;1.34;12/08/2026;14:00;33.6;0;SOLEIL;5;0;0
Écueillé;47.08;1.34;12/08/2026;15:00;35.5;0;SOLEIL;5;0;0
Écueillé;47.08;1.34;12/08/2026;16:00;33.6;0;SOLEIL;5;0;0
Écueillé;47.08;1.34;12/08/2026;17:00;35.5;0;SOLEIL;2;0;0
Écueillé;47.08;1.34;12/08/2026;18:00;35.5;0;SOLEIL;2;0;0
Écueillé;47.08;1.34;12/08/2026;19:00;35.5;0;SOLEIL;2;0;0
Écueillé;47.08;1.34;12/08/2026;20:00;26.2;0;SOLEIL;5;0;0
Écueillé;47.08;1.34;12/08/2026;21:00;24.3;0;SOLEIL;5;0;0
Écueillé;47.08;1.34;12/08/2026;22:00;22.4;0;SOLEIL;5;0;0
Écueillé;47.08;1.34;12/08/2026;23:00;26.1;0;SOLEIL;3;0;0
Éguzon-Chantôme;46.44;1.58;08/08/2026;00:00;17.5;0;SOLEIL;3;0;0
Éguzon-Chantôme;46.44;1.58;08/08/2026;01:00;17.5;0;SOLEIL;3;0;0
Éguzon-Chantôme;46.44;1.58;08/08/2026;02:00;14.6;0;SOLEIL;3;0;0
Éguzon-Chantôme;46.44;1.58;08/08/2026;03:00;14.6;0;SOLEIL;3;0;0
Éguzon-Chantôme;46.44;1.58;08/08/2026;04:00;14.6;0;SOLEIL;3;0;0
Éguzon-Chantôme;46.44;1.58;08/08/2026;05:00;15.1;5;SOLEIL VOILÉ;3;0;0
Éguzon-Chantôme;46.44;1.58;08/08/2026;06:00;15.1;5;SOLEIL VOILÉ;3;0;0
Éguzon-Chantôme;46.44;1.58;08/08/2026;07:00;15.1;5;SOLEIL VOILÉ;3;0;0
Éguzon-Chantôme;46.44;1.58;08/08/2026;08:00;25.4;0;SOLEIL;3;0;0
Éguzon-Chantôme;46.44;1.58;08/08/2026;09:00;25.4;0;SOLEIL;3;0;0
Éguzon-Chantôme;46.44;1.58;08/08/2026;10:00;25.4;0;SOLEIL;3;0;0
Éguzon-Chantôme;46.44;1.58;08/08/2026;11:00;30.6;0;SOLEIL;3;0;0
Éguzon-Chantôme;46.44;1.58;08/08/2026;12:00;30.6;0;SOLEIL;3;0;0
Éguzon-Chantôme;46.44;1.58;08/08/2026;13:00;30.6;0;SOLEIL;3;0;0
Éguzon-Chantôme;46.44;1.58;08/08/2026;14:00;33;0;SOLEIL;2;0;0
Éguzon-Chantôme;46.44;1.58;08/08/2026;15:00;33;0;SOLEIL;2;0;0
Éguzon-Chantôme;46.44;1.58;08/08/2026;16:00;33;0;SOLEIL;2;0;0
Éguzon-Chantôme;46.44;1.58;08/08/2026;17:00;31.6;0;SOLEIL;2;0;0
Éguzon-Chantôme;46.44;1.58;08/08/2026;18:00;31.6;0;SOLEIL;2;0;0
Éguzon-Chantôme;46.44;1.58;08/08/2026;19:00;31.6;0;SOLEIL;2;0;0
Éguzon-Chantôme;46.44;1.58;08/08/2026;20:00;23.6;0;SOLEIL;1;0;0
Éguzon-Chantôme;46.44;1.58;08/08/2026;21:00;23.6;0;SOLEIL;1;0;0
Éguzon-Chantôme;46.44;1.58;08/08/2026;22:00;23.6;0;SOLEIL;1;0;0
Éguzon-Chantôme;46.44;1.58;08/08/2026;23:00;19.6;5;SOLEIL VOILÉ;3;0;0
Éguzon-Chantôme;46.44;1.58;09/08/2026;00:00;19.6;5;SOLEIL VOILÉ;3;0;0
Éguzon-Chantôme;46.44;1.58;09/08/2026;01:00;19.6;5;SOLEIL VOILÉ;3;0;0
Éguzon-Chantôme;46.44;1.58;09/08/2026;02:00;18.2;5;SOLEIL VOILÉ;2;0;0
Éguzon-Chantôme;46.44;1.58;09/08/2026;03:00;18.2;5;SOLEIL VOILÉ;2;0;0
Éguzon-Chantôme;46.44;1.58;09/08/2026;04:00;18.2;5;SOLEIL VOILÉ;2;0;0
Éguzon-Chantôme;46.44;1.58;09/08/2026;05:00;20.2;5;SOLEIL VOILÉ;2;0;0
Éguzon-Chantôme;46.44;1.58;09/08/2026;06:00;20.2;5;SOLEIL VOILÉ;2;0;0
Éguzon-Chantôme;46.44;1.58;09/08/2026;07:00;20.2;5;SOLEIL VOILÉ;2;0;0
Éguzon-Chantôme;46.44;1.58;09/08/2026;08:00;26.1;0;SOLEIL;2;0;0
Éguzon-Chantôme;46.44;1.58;09/08/2026;09:00;26.1;0;SOLEIL;2;0;0
Éguzon-Chantôme;46.44;1.58;09/08/2026;10:00;26.1;0;SOLEIL;2;0;0
Éguzon-Chantôme;46.44;1.58;09/08/2026;11:00;30.9;0;SOLEIL;3;0;0
Éguzon-Chantôme;46.44;1.58;09/08/2026;12:00;30.9;0;SOLEIL;3;0;0
Éguzon-Chantôme;46.44;1.58;09/08/2026;13:00;30.9;0;SOLEIL;3;0;0
Éguzon-Chantôme;46.44;1.58;09/08/2026;14:00;32.1;0;SOLEIL;2;0;0
Éguzon-Chantôme;46.44;1.58;09/08/2026;15:00;32.1;0;SOLEIL;2;0;0
Éguzon-Chantôme;46.44;1.58;09/08/2026;16:00;32.1;0;SOLEIL;2;0;0
Éguzon-Chantôme;46.44;1.58;09/08/2026;17:00;28.9;0;SOLEIL;3;0;0
Éguzon-Chantôme;46.44;1.58;09/08/2026;18:00;28.9;0;SOLEIL;3;0;0
Éguzon-Chantôme;46.44;1.58;09/08/2026;19:00;28.9;0;SOLEIL;3;0;0
Éguzon-Chantôme;46.44;1.58;09/08/2026;20:00;21.9;0;SOLEIL;5;0;0
Éguzon-Chantôme;46.44;1.58;09/08/2026;21:00;19.6;0;SOLEIL;5;0;0
Éguzon-Chantôme;46.44;1.58;09/08/2026;22:00;17.3;0;SOLEIL;5;0;0
Éguzon-Chantôme;46.44;1.58;09/08/2026;23:00;19.6;0;SOLEIL;2;0;0
Éguzon-Chantôme;46.44;1.58;10/08/2026;00:00;19.6;0;SOLEIL;2;0;0
Éguzon-Chantôme;46.44;1.58;10/08/2026;01:00;19.6;0;SOLEIL;2;0;0
Éguzon-Chantôme;46.44;1.58;10/08/2026;02:00;17.6;0;SOLEIL;5;0;0
Éguzon-Chantôme;46.44;1.58;10/08/2026;03:00;17.6;0;SOLEIL;5;0;0
Éguzon-Chantôme;46.44;1.58;10/08/2026;04:00;17.6;0;SOLEIL;5;0;0
Éguzon-Chantôme;46.44;1.58;10/08/2026;05:00;19.9;0;SOLEIL;3;0;0
Éguzon-Chantôme;46.44;1.58;10/08/2026;06:00;19.9;0;SOLEIL;3;0;0
Éguzon-Chantôme;46.44;1.58;10/08/2026;07:00;19.9;0;SOLEIL;3;0;0
Éguzon-Chantôme;46.44;1.58;10/08/2026;08:00;20.9;0;SOLEIL;5;0;0
Éguzon-Chantôme;46.44;1.58;10/08/2026;09:00;22.6;0;SOLEIL;5;0;0
Éguzon-Chantôme;46.44;1.58;10/08/2026;10:00;24.3;0;SOLEIL;5;0;0
Éguzon-Chantôme;46.44;1.58;10/08/2026;11:00;31.1;0;SOLEIL;2;0;0
Éguzon-Chantôme;46.44;1.58;10/08/2026;12:00;31.1;0;SOLEIL;2;0;0
Éguzon-Chantôme;46.44;1.58;10/08/2026;13:00;31.1;0;SOLEIL;2;0;0
Éguzon-Chantôme;46.44;1.58;10/08/2026;14:00;30.9;0;SOLEIL;5;0;0
Éguzon-Chantôme;46.44;1.58;10/08/2026;15:00;32.6;0;SOLEIL;5;0;0
Éguzon-Chantôme;46.44;1.58;10/08/2026;16:00;30.9;0;SOLEIL;5;0;0
Éguzon-Chantôme;46.44;1.58;10/08/2026;17:00;30;0;SOLEIL;2;0;0
Éguzon-Chantôme;46.44;1.58;10/08/2026;18:00;30;0;SOLEIL;2;0;0
Éguzon-Chantôme;46.44;1.58;10/08/2026;19:00;30;0;SOLEIL;2;0;0
Éguzon-Chantôme;46.44;1.58;10/08/2026;20:00;24.3;0;SOLEIL;5;0;0
Éguzon-Chantôme;46.44;1.58;10/08/2026;21:00;22.6;0;SOLEIL;5;0;0
Éguzon-Chantôme;46.44;1.58;10/08/2026;22:00;20.9;0;SOLEIL;5;0;0
Éguzon-Chantôme;46.44;1.58;10/08/2026;23:00;21.4;0;SOLEIL;4;0;0
Éguzon-Chantôme;46.44;1.58;11/08/2026;00:00;21.4;0;SOLEIL;4;0;0
Éguzon-Chantôme;46.44;1.58;11/08/2026;01:00;21.4;0;SOLEIL;4;0;0
Éguzon-Chantôme;46.44;1.58;11/08/2026;02:00;18.2;0;SOLEIL;5;0;0
Éguzon-Chantôme;46.44;1.58;11/08/2026;03:00;18.2;0;SOLEIL;5;0;0
Éguzon-Chantôme;46.44;1.58;11/08/2026;04:00;18.2;0;SOLEIL;5;0;0
Éguzon-Chantôme;46.44;1.58;11/08/2026;05:00;20;0;SOLEIL;4;0;0
Éguzon-Chantôme;46.44;1.58;11/08/2026;06:00;20;0;SOLEIL;4;0;0
Éguzon-Chantôme;46.44;1.58;11/08/2026;07:00;20;0;SOLEIL;4;0;0
Éguzon-Chantôme;46.44;1.58;11/08/2026;08:00;21.5;0;SOLEIL;5;0;0
Éguzon-Chantôme;46.44;1.58;11/08/2026;09:00;23.1;0;SOLEIL;5;0;0
Éguzon-Chantôme;46.44;1.58;11/08/2026;10:00;24.7;0;SOLEIL;5;0;0
Éguzon-Chantôme;46.44;1.58;11/08/2026;11:00;31.2;0;SOLEIL;4;0;0
Éguzon-Chantôme;46.44;1.58;11/08/2026;12:00;31.2;0;SOLEIL;4;0;0
Éguzon-Chantôme;46.44;1.58;11/08/2026;13:00;31.2;0;SOLEIL;4;0;0
Éguzon-Chantôme;46.44;1.58;11/08/2026;14:00;31.3;0;SOLEIL;5;0;0
Éguzon-Chantôme;46.44;1.58;11/08/2026;15:00;32.9;0;SOLEIL;5;0;0
Éguzon-Chantôme;46.44;1.58;11/08/2026;16:00;31.3;0;SOLEIL;5;0;0
Éguzon-Chantôme;46.44;1.58;11/08/2026;17:00;31.2;0;SOLEIL;3;0;0
Éguzon-Chantôme;46.44;1.58;11/08/2026;18:00;31.2;0;SOLEIL;3;0;0
Éguzon-Chantôme;46.44;1.58;11/08/2026;19:00;31.2;0;SOLEIL;3;0;0
Éguzon-Chantôme;46.44;1.58;11/08/2026;20:00;24.7;0;SOLEIL;5;0;0
Éguzon-Chantôme;46.44;1.58;11/08/2026;21:00;23.1;0;SOLEIL;5;0;0
Éguzon-Chantôme;46.44;1.58;11/08/2026;22:00;21.5;0;SOLEIL;5;0;0
Éguzon-Chantôme;46.44;1.58;11/08/2026;23:00;22.7;0;SOLEIL;4;0;0
Éguzon-Chantôme;46.44;1.58;12/08/2026;00:00;22.7;0;SOLEIL;4;0;0
Éguzon-Chantôme;46.44;1.58;12/08/2026;01:00;22.7;0;SOLEIL;4;0;0
Éguzon-Chantôme;46.44;1.58;12/08/2026;02:00;18.4;0;SOLEIL;5;0;0
Éguzon-Chantôme;46.44;1.58;12/08/2026;03:00;18.4;0;SOLEIL;5;0;0
Éguzon-Chantôme;46.44;1.58;12/08/2026;04:00;18.4;0;SOLEIL;5;0;0
Éguzon-Chantôme;46.44;1.58;12/08/2026;05:00;20.6;0;SOLEIL;4;0;0
Éguzon-Chantôme;46.44;1.58;12/08/2026;06:00;20.6;0;SOLEIL;4;0;0
Éguzon-Chantôme;46.44;1.58;12/08/2026;07:00;20.6;0;SOLEIL;4;0;0
Éguzon-Chantôme;46.44;1.58;12/08/2026;08:00;21.8;0;SOLEIL;5;0;0
Éguzon-Chantôme;46.44;1.58;12/08/2026;09:00;23.6;0;SOLEIL;5;0;0
Éguzon-Chantôme;46.44;1.58;12/08/2026;10:00;25.3;0;SOLEIL;5;0;0
Éguzon-Chantôme;46.44;1.58;12/08/2026;11:00;33.4;0;SOLEIL;3;0;0
Éguzon-Chantôme;46.44;1.58;12/08/2026;12:00;33.4;0;SOLEIL;3;0;0
Éguzon-Chantôme;46.44;1.58;12/08/2026;13:00;33.4;0;SOLEIL;3;0;0
Éguzon-Chantôme;46.44;1.58;12/08/2026;14:00;32.2;0;SOLEIL;5;0;0
Éguzon-Chantôme;46.44;1.58;12/08/2026;15:00;33.9;0;SOLEIL;5;0;0
Éguzon-Chantôme;46.44;1.58;12/08/2026;16:00;32.2;0;SOLEIL;5;0;0
Éguzon-Chantôme;46.44;1.58;12/08/2026;17:00;33.2;0;SOLEIL;2;0;0
Éguzon-Chantôme;46.44;1.58;12/08/2026;18:00;33.2;0;SOLEIL;2;0;0
Éguzon-Chantôme;46.44;1.58;12/08/2026;19:00;33.2;0;SOLEIL;2;0;0
Éguzon-Chantôme;46.44;1.58;12/08/2026;20:00;25.3;0;SOLEIL;5;0;0
Éguzon-Chantôme;46.44;1.58;12/08/2026;21:00;23.6;0;SOLEIL;5;0;0
Éguzon-Chantôme;46.44;1.58;12/08/2026;22:00;21.8;0;SOLEIL;5;0;0
Éguzon-Chantôme;46.44;1.58;12/08/2026;23:00;23.4;0;SOLEIL;3;0;0
Le Blanc;46.63;1.06;08/08/2026;00:00;15.1;0;SOLEIL;0;0;0
Le Blanc;46.63;1.06;08/08/2026;01:00;15.1;0;SOLEIL;0;0;0
Le Blanc;46.63;1.06;08/08/2026;02:00;12.9;0;SOLEIL;3;0;0
Le Blanc;46.63;1.06;08/08/2026;03:00;12.9;0;SOLEIL;3;0;0
Le Blanc;46.63;1.06;08/08/2026;04:00;12.9;0;SOLEIL;3;0;0
Le Blanc;46.63;1.06;08/08/2026;05:00;14.6;0;SOLEIL;3;0;0
Le Blanc;46.63;1.06;08/08/2026;06:00;14.6;0;SOLEIL;3;0;0
Le Blanc;46.63;1.06;08/08/2026;07:00;14.6;0;SOLEIL;3;0;0
Le Blanc;46.63;1.06;08/08/2026;08:00;26.1;0;SOLEIL;3;0;0
Le Blanc;46.63;1.06;08/08/2026;09:00;26.1;0;SOLEIL;3;0;0
Le Blanc;46.63;1.06;08/08/2026;10:00;26.1;0;SOLEIL;3;0;0
Le Blanc;46.63;1.06;08/08/2026;11:00;31.6;0;SOLEIL;3;0;0
Le Blanc;46.63;1.06;08/08/2026;12:00;31.6;0;SOLEIL;3;0;0
Le Blanc;46.63;1.06;08/08/2026;13:00;31.6;0;SOLEIL;3;0;0
Le Blanc;46.63;1.06;08/08/2026;14:00;33.6;0;SOLEIL;2;0;0
Le Blanc;46.63;1.06;08/08/2026;15:00;33.6;0;SOLEIL;2;0;0
Le Blanc;46.63;1.06;08/08/2026;16:00;33.6;0;SOLEIL;2;0;0
Le Blanc;46.63;1.06;08/08/2026;17:00;32.6;0;SOLEIL;3;0;0
Le Blanc;46.63;1.06;08/08/2026;18:00;32.6;0;SOLEIL;3;0;0
Le Blanc;46.63;1.06;08/08/2026;19:00;32.6;0;SOLEIL;3;0;0
Le Blanc;46.63;1.06;08/08/2026;20:00;23.1;0;SOLEIL;2;0;0
Le Blanc;46.63;1.06;08/08/2026;21:00;23.1;0;SOLEIL;2;0;0
Le Blanc;46.63;1.06;08/08/2026;22:00;23.1;0;SOLEIL;2;0;0
Le Blanc;46.63;1.06;08/08/2026;23:00;20.6;5;SOLEIL VOILÉ;2;0;0
Le Blanc;46.63;1.06;09/08/2026;00:00;20.6;5;SOLEIL VOILÉ;2;0;0
Le Blanc;46.63;1.06;09/08/2026;01:00;20.6;5;SOLEIL VOILÉ;2;0;0
Le Blanc;46.63;1.06;09/08/2026;02:00;19;5;SOLEIL VOILÉ;2;0;0
Le Blanc;46.63;1.06;09/08/2026;03:00;19;5;SOLEIL VOILÉ;2;0;0
Le Blanc;46.63;1.06;09/08/2026;04:00;19;5;SOLEIL VOILÉ;2;0;0
Le Blanc;46.63;1.06;09/08/2026;05:00;20.7;0;SOLEIL;3;0;0
Le Blanc;46.63;1.06;09/08/2026;06:00;20.7;0;SOLEIL;3;0;0
Le Blanc;46.63;1.06;09/08/2026;07:00;20.7;0;SOLEIL;3;0;0
Le Blanc;46.63;1.06;09/08/2026;08:00;26.6;10;ORAGEUX;3;0;0
Le Blanc;46.63;1.06;09/08/2026;09:00;26.6;10;ORAGEUX;3;0;0
Le Blanc;46.63;1.06;09/08/2026;10:00;26.6;10;ORAGEUX;3;0;0
Le Blanc;46.63;1.06;09/08/2026;11:00;30.6;10;ORAGEUX;4;0;0
Le Blanc;46.63;1.06;09/08/2026;12:00;30.6;10;ORAGEUX;4;0;0
Le Blanc;46.63;1.06;09/08/2026;13:00;30.6;10;ORAGEUX;4;0;0
Le Blanc;46.63;1.06;09/08/2026;14:00;32.1;0;SOLEIL;3;0;0
Le Blanc;46.63;1.06;09/08/2026;15:00;32.1;0;SOLEIL;3;0;0
Le Blanc;46.63;1.06;09/08/2026;16:00;32.1;0;SOLEIL;3;0;0
Le Blanc;46.63;1.06;09/08/2026;17:00;29.6;0;SOLEIL;3;0;0
Le Blanc;46.63;1.06;09/08/2026;18:00;29.6;0;SOLEIL;3;0;0
Le Blanc;46.63;1.06;09/08/2026;19:00;29.6;0;SOLEIL;3;0;0
Le Blanc;46.63;1.06;09/08/2026;20:00;22.0;0;SOLEIL;5;0;0
Le Blanc;46.63;1.06;09/08/2026;21:00;19.5;0;SOLEIL;5;0;0
Le Blanc;46.63;1.06;09/08/2026;22:00;16.9;0;SOLEIL;5;0;0
Le Blanc;46.63;1.06;09/08/2026;23:00;19.6;0;SOLEIL;3;0;0
Le Blanc;46.63;1.06;10/08/2026;00:00;19.6;0;SOLEIL;3;0;0
Le Blanc;46.63;1.06;10/08/2026;01:00;19.6;0;SOLEIL;3;0;0
Le Blanc;46.63;1.06;10/08/2026;02:00;18.4;10;ORAGEUX;5;0;0
Le Blanc;46.63;1.06;10/08/2026;03:00;18.4;10;ORAGEUX;5;0;0
Le Blanc;46.63;1.06;10/08/2026;04:00;18.4;10;ORAGEUX;5;0;0
Le Blanc;46.63;1.06;10/08/2026;05:00;18.9;0;SOLEIL;2;0;0
Le Blanc;46.63;1.06;10/08/2026;06:00;18.9;0;SOLEIL;2;0;0
Le Blanc;46.63;1.06;10/08/2026;07:00;18.9;0;SOLEIL;2;0;0
Le Blanc;46.63;1.06;10/08/2026;08:00;21.6;10;ORAGEUX;5;0;0
Le Blanc;46.63;1.06;10/08/2026;09:00;23.1;10;ORAGEUX;5;0;0
Le Blanc;46.63;1.06;10/08/2026;10:00;24.7;10;ORAGEUX;5;0;0
Le Blanc;46.63;1.06;10/08/2026;11:00;30.6;0;SOLEIL;2;0;0
Le Blanc;46.63;1.06;10/08/2026;12:00;30.6;0;SOLEIL;2;0;0
Le Blanc;46.63;1.06;10/08/2026;13:00;30.6;0;SOLEIL;2;0;0
Le Blanc;46.63;1.06;10/08/2026;14:00;31.0;10;ORAGEUX;5;0;0
Le Blanc;46.63;1.06;10/08/2026;15:00;32.6;10;ORAGEUX;5;0;0
Le Blanc;46.63;1.06;10/08/2026;16:00;31.0;10;ORAGEUX;5;0;0
Le Blanc;46.63;1.06;10/08/2026;17:00;30.2;0;SOLEIL;3;0;0
Le Blanc;46.63;1.06;10/08/2026;18:00;30.2;0;SOLEIL;3;0;0
Le Blanc;46.63;1.06;10/08/2026;19:00;30.2;0;SOLEIL;3;0;0
Le Blanc;46.63;1.06;10/08/2026;20:00;24.7;10;ORAGEUX;5;0;0
Le Blanc;46.63;1.06;10/08/2026;21:00;23.1;10;ORAGEUX;5;0;0
Le Blanc;46.63;1.06;10/08/2026;22:00;21.6;10;ORAGEUX;5;0;0
Le Blanc;46.63;1.06;10/08/2026;23:00;21;0;SOLEIL;3;0;0
Le Blanc;46.63;1.06;11/08/2026;00:00;21;0;SOLEIL;3;0;0
Le Blanc;46.63;1.06;11/08/2026;01:00;21;0;SOLEIL;3;0;0
Le Blanc;46.63;1.06;11/08/2026;02:00;17.5;0;SOLEIL;5;0;0
Le Blanc;46.63;1.06;11/08/2026;03:00;17.5;0;SOLEIL;5;0;0
Le Blanc;46.63;1.06;11/08/2026;04:00;17.5;0;SOLEIL;5;0;0
Le Blanc;46.63;1.06;11/08/2026;05:00;19;0;SOLEIL;3;0;0
Le Blanc;46.63;1.06;11/08/2026;06:00;19;0;SOLEIL;3;0;0
Le Blanc;46.63;1.06;11/08/2026;07:00;19;0;SOLEIL;3;0;0
Le Blanc;46.63;1.06;11/08/2026;08:00;20.9;0;SOLEIL;5;0;0
Le Blanc;46.63;1.06;11/08/2026;09:00;22.6;0;SOLEIL;5;0;0
Le Blanc;46.63;1.06;11/08/2026;10:00;24.3;0;SOLEIL;5;0;0
Le Blanc;46.63;1.06;11/08/2026;11:00;33.2;0;SOLEIL;4;0;0
Le Blanc;46.63;1.06;11/08/2026;12:00;33.2;0;SOLEIL;4;0;0
Le Blanc;46.63;1.06;11/08/2026;13:00;33.2;0;SOLEIL;4;0;0
Le Blanc;46.63;1.06;11/08/2026;14:00;31.0;0;SOLEIL;5;0;0
Le Blanc;46.63;1.06;11/08/2026;15:00;32.7;0;SOLEIL;5;0;0
Le Blanc;46.63;1.06;11/08/2026;16:00;31.0;0;SOLEIL;5;0;0
Le Blanc;46.63;1.06;11/08/2026;17:00;32.5;0;SOLEIL;4;0;0
Le Blanc;46.63;1.06;11/08/2026;18:00;32.5;0;SOLEIL;4;0;0
Le Blanc;46.63;1.06;11/08/2026;19:00;32.5;0;SOLEIL;4;0;0
Le Blanc;46.63;1.06;11/08/2026;20:00;24.3;0;SOLEIL;5;0;0
Le Blanc;46.63;1.06;11/08/2026;21:00;22.6;0;SOLEIL;5;0;0
Le Blanc;46.63;1.06;11/08/2026;22:00;20.9;0;SOLEIL;5;0;0
Le Blanc;46.63;1.06;11/08/2026;23:00;22.1;0;SOLEIL;4;0;0
Le Blanc;46.63;1.06;12/08/2026;00:00;22.1;0;SOLEIL;4;0;0
Le Blanc;46.63;1.06;12/08/2026;01:00;22.1;0;SOLEIL;4;0;0
Le Blanc;46.63;1.06;12/08/2026;02:00;17.5;0;SOLEIL;5;0;0
Le Blanc;46.63;1.06;12/08/2026;03:00;17.5;0;SOLEIL;5;0;0
Le Blanc;46.63;1.06;12/08/2026;04:00;17.5;0;SOLEIL;5;0;0
Le Blanc;46.63;1.06;12/08/2026;05:00;19.6;0;SOLEIL;3;0;0
Le Blanc;46.63;1.06;12/08/2026;06:00;19.6;0;SOLEIL;3;0;0
Le Blanc;46.63;1.06;12/08/2026;07:00;19.6;0;SOLEIL;3;0;0
Le Blanc;46.63;1.06;12/08/2026;08:00;21.4;0;SOLEIL;5;0;0
Le Blanc;46.63;1.06;12/08/2026;09:00;23.4;0;SOLEIL;5;0;0
Le Blanc;46.63;1.06;12/08/2026;10:00;25.4;0;SOLEIL;5;0;0
Le Blanc;46.63;1.06;12/08/2026;11:00;33.5;0;SOLEIL;3;0;0
Le Blanc;46.63;1.06;12/08/2026;12:00;33.5;0;SOLEIL;3;0;0
Le Blanc;46.63;1.06;12/08/2026;13:00;33.5;0;SOLEIL;3;0;0
Le Blanc;46.63;1.06;12/08/2026;14:00;33.2;0;SOLEIL;5;0;0
Le Blanc;46.63;1.06;12/08/2026;15:00;35.2;0;SOLEIL;5;0;0
Le Blanc;46.63;1.06;12/08/2026;16:00;33.2;0;SOLEIL;5;0;0
Le Blanc;46.63;1.06;12/08/2026;17:00;34.5;0;SOLEIL;2;0;0
Le Blanc;46.63;1.06;12/08/2026;18:00;34.5;0;SOLEIL;2;0;0
Le Blanc;46.63;1.06;12/08/2026;19:00;34.5;0;SOLEIL;2;0;0
Le Blanc;46.63;1.06;12/08/2026;20:00;25.4;0;SOLEIL;5;0;0
Le Blanc;46.63;1.06;12/08/2026;21:00;23.4;0;SOLEIL;5;0;0
Le Blanc;46.63;1.06;12/08/2026;22:00;21.4;0;SOLEIL;5;0;0
Le Blanc;46.63;1.06;12/08/2026;23:00;22.9;0;SOLEIL;3;0;0
Chinon;47.16;0.24;08/08/2026;00:00;18.2;0;SOLEIL;2;0;0
Chinon;47.16;0.24;08/08/2026;01:00;18.2;0;SOLEIL;2;0;0
Chinon;47.16;0.24;08/08/2026;02:00;14.6;0;SOLEIL;3;0;0
Chinon;47.16;0.24;08/08/2026;03:00;14.6;0;SOLEIL;3;0;0
Chinon;47.16;0.24;08/08/2026;04:00;14.6;0;SOLEIL;3;0;0
Chinon;47.16;0.24;08/08/2026;05:00;14.9;0;SOLEIL;3;0;0
Chinon;47.16;0.24;08/08/2026;06:00;14.9;0;SOLEIL;3;0;0
Chinon;47.16;0.24;08/08/2026;07:00;14.9;0;SOLEIL;3;0;0
Chinon;47.16;0.24;08/08/2026;08:00;26.5;0;SOLEIL;3;0;0
Chinon;47.16;0.24;08/08/2026;09:00;26.5;0;SOLEIL;3;0;0
Chinon;47.16;0.24;08/08/2026;10:00;26.5;0;SOLEIL;3;0;0
Chinon;47.16;0.24;08/08/2026;11:00;32.1;0;SOLEIL;3;0;0
Chinon;47.16;0.24;08/08/2026;12:00;32.1;0;SOLEIL;3;0;0
Chinon;47.16;0.24;08/08/2026;13:00;32.1;0;SOLEIL;3;0;0
Chinon;47.16;0.24;08/08/2026;14:00;34.6;0;SOLEIL;2;0;0
Chinon;47.16;0.24;08/08/2026;15:00;34.6;0;SOLEIL;2;0;0
Chinon;47.16;0.24;08/08/2026;16:00;34.6;0;SOLEIL;2;0;0
Chinon;47.16;0.24;08/08/2026;17:00;31.9;0;SOLEIL;2;0;0
Chinon;47.16;0.24;08/08/2026;18:00;31.9;0;SOLEIL;2;0;0
Chinon;47.16;0.24;08/08/2026;19:00;31.9;0;SOLEIL;2;0;0
Chinon;47.16;0.24;08/08/2026;20:00;25.1;0;SOLEIL;3;0;0
Chinon;47.16;0.24;08/08/2026;21:00;25.1;0;SOLEIL;3;0;0
Chinon;47.16;0.24;08/08/2026;22:00;25.1;0;SOLEIL;3;0;0
Chinon;47.16;0.24;08/08/2026;23:00;21.1;5;SOLEIL VOILÉ;2;0;0
Chinon;47.16;0.24;09/08/2026;00:00;21.1;5;SOLEIL VOILÉ;2;0;0
Chinon;47.16;0.24;09/08/2026;01:00;21.1;5;SOLEIL VOILÉ;2;0;0
Chinon;47.16;0.24;09/08/2026;02:00;19.7;5;SOLEIL VOILÉ;2;0;0
Chinon;47.16;0.24;09/08/2026;03:00;19.7;5;SOLEIL VOILÉ;2;0;0
Chinon;47.16;0.24;09/08/2026;04:00;19.7;5;SOLEIL VOILÉ;2;0;0
Chinon;47.16;0.24;09/08/2026;05:00;19.6;0;SOLEIL;2;0;0
Chinon;47.16;0.24;09/08/2026;06:00;19.6;0;SOLEIL;2;0;0
Chinon;47.16;0.24;09/08/2026;07:00;19.6;0;SOLEIL;2;0;0
Chinon;47.16;0.24;09/08/2026;08:00;27.1;10;ORAGEUX;3;0;0
Chinon;47.16;0.24;09/08/2026;09:00;27.1;10;ORAGEUX;3;0;0
Chinon;47.16;0.24;09/08/2026;10:00;27.1;10;ORAGEUX;3;0;0
Chinon;47.16;0.24;09/08/2026;11:00;32.2;10;ORAGEUX;2;0;0
Chinon;47.16;0.24;09/08/2026;12:00;32.2;10;ORAGEUX;2;0;0
Chinon;47.16;0.24;09/08/2026;13:00;32.2;10;ORAGEUX;2;0;0
Chinon;47.16;0.24;09/08/2026;14:00;33.2;0;SOLEIL;2;0;0
Chinon;47.16;0.24;09/08/2026;15:00;33.2;0;SOLEIL;2;0;0
Chinon;47.16;0.24;09/08/2026;16:00;33.2;0;SOLEIL;2;0;0
Chinon;47.16;0.24;09/08/2026;17:00;29.4;0;SOLEIL;2;0;0
Chinon;47.16;0.24;09/08/2026;18:00;29.4;0;SOLEIL;2;0;0
Chinon;47.16;0.24;09/08/2026;19:00;29.4;0;SOLEIL;2;0;0
Chinon;47.16;0.24;09/08/2026;20:00;23.0;0;SOLEIL;5;0;0
Chinon;47.16;0.24;09/08/2026;21:00;20.6;0;SOLEIL;5;0;0
Chinon;47.16;0.24;09/08/2026;22:00;18.2;0;SOLEIL;5;0;0
Chinon;47.16;0.24;09/08/2026;23:00;20.9;0;SOLEIL;3;0;0
Chinon;47.16;0.24;10/08/2026;00:00;20.9;0;SOLEIL;3;0;0
Chinon;47.16;0.24;10/08/2026;01:00;20.9;0;SOLEIL;3;0;0
Chinon;47.16;0.24;10/08/2026;02:00;18.7;10;ORAGEUX;5;0;0
Chinon;47.16;0.24;10/08/2026;03:00;18.7;10;ORAGEUX;5;0;0
Chinon;47.16;0.24;10/08/2026;04:00;18.7;10;ORAGEUX;5;0;0
Chinon;47.16;0.24;10/08/2026;05:00;19.2;0;SOLEIL;2;0;0
Chinon;47.16;0.24;10/08/2026;06:00;19.2;0;SOLEIL;2;0;0
Chinon;47.16;0.24;10/08/2026;07:00;19.2;0;SOLEIL;2;0;0
Chinon;47.16;0.24;10/08/2026;08:00;22.1;10;ORAGEUX;5;0;0
Chinon;47.16;0.24;10/08/2026;09:00;23.8;10;ORAGEUX;5;0;0
Chinon;47.16;0.24;10/08/2026;10:00;25.5;10;ORAGEUX;5;0;0
Chinon;47.16;0.24;10/08/2026;11:00;31.6;0;SOLEIL;2;0;0
Chinon;47.16;0.24;10/08/2026;12:00;31.6;0;SOLEIL;2;0;0
Chinon;47.16;0.24;10/08/2026;13:00;31.6;0;SOLEIL;2;0;0
Chinon;47.16;0.24;10/08/2026;14:00;32.4;10;ORAGEUX;5;0;0
Chinon;47.16;0.24;10/08/2026;15:00;34.1;10;ORAGEUX;5;0;0
Chinon;47.16;0.24;10/08/2026;16:00;32.4;10;ORAGEUX;5;0;0
Chinon;47.16;0.24;10/08/2026;17:00;30.7;0;SOLEIL;3;0;0
Chinon;47.16;0.24;10/08/2026;18:00;30.7;0;SOLEIL;3;0;0
Chinon;47.16;0.24;10/08/2026;19:00;30.7;0;SOLEIL;3;0;0
Chinon;47.16;0.24;10/08/2026;20:00;25.5;10;ORAGEUX;5;0;0
Chinon;47.16;0.24;10/08/2026;21:00;23.8;10;ORAGEUX;5;0;0
Chinon;47.16;0.24;10/08/2026;22:00;22.1;10;ORAGEUX;5;0;0
Chinon;47.16;0.24;10/08/2026;23:00;22;0;SOLEIL;3;0;0
Chinon;47.16;0.24;11/08/2026;00:00;22;0;SOLEIL;3;0;0
Chinon;47.16;0.24;11/08/2026;01:00;22;0;SOLEIL;3;0;0
Chinon;47.16;0.24;11/08/2026;02:00;18;0;SOLEIL;5;0;0
Chinon;47.16;0.24;11/08/2026;03:00;18;0;SOLEIL;5;0;0
Chinon;47.16;0.24;11/08/2026;04:00;18;0;SOLEIL;5;0;0
Chinon;47.16;0.24;11/08/2026;05:00;19.6;0;SOLEIL;3;0;0
Chinon;47.16;0.24;11/08/2026;06:00;19.6;0;SOLEIL;3;0;0
Chinon;47.16;0.24;11/08/2026;07:00;19.6;0;SOLEIL;3;0;0
Chinon;47.16;0.24;11/08/2026;08:00;21.7;0;SOLEIL;5;0;0
Chinon;47.16;0.24;11/08/2026;09:00;23.5;0;SOLEIL;5;0;0
Chinon;47.16;0.24;11/08/2026;10:00;25.3;0;SOLEIL;5;0;0
Chinon;47.16;0.24;11/08/2026;11:00;34.1;0;SOLEIL;4;0;0
Chinon;47.16;0.24;11/08/2026;12:00;34.1;0;SOLEIL;4;0;0
Chinon;47.16;0.24;11/08/2026;13:00;34.1;0;SOLEIL;4;0;0
Chinon;47.16;0.24;11/08/2026;14:00;32.7;0;SOLEIL;5;0;0
Chinon;47.16;0.24;11/08/2026;15:00;34.5;0;SOLEIL;5;0;0
Chinon;47.16;0.24;11/08/2026;16:00;32.7;0;SOLEIL;5;0;0
Chinon;47.16;0.24;11/08/2026;17:00;32.6;0;SOLEIL;4;0;0
Chinon;47.16;0.24;11/08/2026;18:00;32.6;0;SOLEIL;4;0;0
Chinon;47.16;0.24;11/08/2026;19:00;32.6;0;SOLEIL;4;0;0
Chinon;47.16;0.24;11/08/2026;20:00;25.3;0;SOLEIL;5;0;0
Chinon;47.16;0.24;11/08/2026;21:00;23.5;0;SOLEIL;5;0;0
Chinon;47.16;0.24;11/08/2026;22:00;21.7;0;SOLEIL;5;0;0
Chinon;47.16;0.24;11/08/2026;23:00;22.6;0;SOLEIL;4;0;0
Chinon;47.16;0.24;12/08/2026;00:00;22.6;0;SOLEIL;4;0;0
Chinon;47.16;0.24;12/08/2026;01:00;22.6;0;SOLEIL;4;0;0
Chinon;47.16;0.24;12/08/2026;02:00;18.1;0;SOLEIL;5;0;0
Chinon;47.16;0.24;12/08/2026;03:00;18.1;0;SOLEIL;5;0;0
Chinon;47.16;0.24;12/08/2026;04:00;18.1;0;SOLEIL;5;0;0
Chinon;47.16;0.24;12/08/2026;05:00;20.1;0;SOLEIL;3;0;0
Chinon;47.16;0.24;12/08/2026;06:00;20.1;0;SOLEIL;3;0;0
Chinon;47.16;0.24;12/08/2026;07:00;20.1;0;SOLEIL;3;0;0
Chinon;47.16;0.24;12/08/2026;08:00;22.2;0;SOLEIL;5;0;0
Chinon;47.16;0.24;12/08/2026;09:00;24.3;0;SOLEIL;5;0;0
Chinon;47.16;0.24;12/08/2026;10:00;26.4;0;SOLEIL;5;0;0
Chinon;47.16;0.24;12/08/2026;11:00;36.6;0;SOLEIL;3;0;0
Chinon;47.16;0.24;12/08/2026;12:00;36.6;0;SOLEIL;3;0;0
Chinon;47.16;0.24;12/08/2026;13:00;36.6;0;SOLEIL;3;0;0
Chinon;47.16;0.24;12/08/2026;14:00;34.6;0;SOLEIL;5;0;0
Chinon;47.16;0.24;12/08/2026;15:00;36.7;0;SOLEIL;5;0;0
Chinon;47.16;0.24;12/08/2026;16:00;34.6;0;SOLEIL;5;0;0
Chinon;47.16;0.24;12/08/2026;17:00;34.5;0;SOLEIL;2;0;0
Chinon;47.16;0.24;12/08/2026;18:00;34.5;0;SOLEIL;2;0;0
Chinon;47.16;0.24;12/08/2026;19:00;34.5;0;SOLEIL;2;0;0
Chinon;47.16;0.24;12/08/2026;20:00;26.4;0;SOLEIL;5;0;0
Chinon;47.16;0.24;12/08/2026;21:00;24.3;0;SOLEIL;5;0;0
Chinon;47.16;0.24;12/08/2026;22:00;22.2;0;SOLEIL;5;0;0
Chinon;47.16;0.24;12/08/2026;23:00;23.9;0;SOLEIL;3;0;0
Le Grand-Pressigny;46.92;0.8;08/08/2026;00:00;16.5;0;SOLEIL;2;0;0
Le Grand-Pressigny;46.92;0.8;08/08/2026;01:00;16.5;0;SOLEIL;2;0;0
Le Grand-Pressigny;46.92;0.8;08/08/2026;02:00;15.4;5;SOLEIL VOILÉ;3;0;0
Le Grand-Pressigny;46.92;0.8;08/08/2026;03:00;15.4;5;SOLEIL VOILÉ;3;0;0
Le Grand-Pressigny;46.92;0.8;08/08/2026;04:00;15.4;5;SOLEIL VOILÉ;3;0;0
Le Grand-Pressigny;46.92;0.8;08/08/2026;05:00;15.7;5;SOLEIL VOILÉ;3;0;0
Le Grand-Pressigny;46.92;0.8;08/08/2026;06:00;15.7;5;SOLEIL VOILÉ;3;0;0
Le Grand-Pressigny;46.92;0.8;08/08/2026;07:00;15.7;5;SOLEIL VOILÉ;3;0;0
Le Grand-Pressigny;46.92;0.8;08/08/2026;08:00;25.6;0;SOLEIL;3;0;0
Le Grand-Pressigny;46.92;0.8;08/08/2026;09:00;25.6;0;SOLEIL;3;0;0
Le Grand-Pressigny;46.92;0.8;08/08/2026;10:00;25.6;0;SOLEIL;3;0;0
Le Grand-Pressigny;46.92;0.8;08/08/2026;11:00;30.7;0;SOLEIL;2;0;0
Le Grand-Pressigny;46.92;0.8;08/08/2026;12:00;30.7;0;SOLEIL;2;0;0
Le Grand-Pressigny;46.92;0.8;08/08/2026;13:00;30.7;0;SOLEIL;2;0;0
Le Grand-Pressigny;46.92;0.8;08/08/2026;14:00;33.1;0;SOLEIL;1;0;0
Le Grand-Pressigny;46.92;0.8;08/08/2026;15:00;33.1;0;SOLEIL;1;0;0
Le Grand-Pressigny;46.92;0.8;08/08/2026;16:00;33.1;0;SOLEIL;1;0;0
Le Grand-Pressigny;46.92;0.8;08/08/2026;17:00;31.7;0;SOLEIL;2;0;0
Le Grand-Pressigny;46.92;0.8;08/08/2026;18:00;31.7;0;SOLEIL;2;0;0
Le Grand-Pressigny;46.92;0.8;08/08/2026;19:00;31.7;0;SOLEIL;2;0;0
Le Grand-Pressigny;46.92;0.8;08/08/2026;20:00;23.1;0;SOLEIL;2;0;0
Le Grand-Pressigny;46.92;0.8;08/08/2026;21:00;23.1;0;SOLEIL;2;0;0
Le Grand-Pressigny;46.92;0.8;08/08/2026;22:00;23.1;0;SOLEIL;2;0;0
Le Grand-Pressigny;46.92;0.8;08/08/2026;23:00;21.1;5;SOLEIL VOILÉ;2;0;0
Le Grand-Pressigny;46.92;0.8;09/08/2026;00:00;21.1;5;SOLEIL VOILÉ;2;0;0
Le Grand-Pressigny;46.92;0.8;09/08/2026;01:00;21.1;5;SOLEIL VOILÉ;2;0;0
Le Grand-Pressigny;46.92;0.8;09/08/2026;02:00;18.9;5;SOLEIL VOILÉ;2;0;0
Le Grand-Pressigny;46.92;0.8;09/08/2026;03:00;18.9;5;SOLEIL VOILÉ;2;0;0
Le Grand-Pressigny;46.92;0.8;09/08/2026;04:00;18.9;5;SOLEIL VOILÉ;2;0;0
Le Grand-Pressigny;46.92;0.8;09/08/2026;05:00;19.1;0;SOLEIL;2;0;0
Le Grand-Pressigny;46.92;0.8;09/08/2026;06:00;19.1;0;SOLEIL;2;0;0
Le Grand-Pressigny;46.92;0.8;09/08/2026;07:00;19.1;0;SOLEIL;2;0;0
Le Grand-Pressigny;46.92;0.8;09/08/2026;08:00;26.6;10;ORAGEUX;2;0;0
Le Grand-Pressigny;46.92;0.8;09/08/2026;09:00;26.6;10;ORAGEUX;2;0;0
Le Grand-Pressigny;46.92;0.8;09/08/2026;10:00;26.6;10;ORAGEUX;2;0;0
Le Grand-Pressigny;46.92;0.8;09/08/2026;11:00;30;10;ORAGEUX;2;0;0
Le Grand-Pressigny;46.92;0.8;09/08/2026;12:00;30;10;ORAGEUX;2;0;0
Le Grand-Pressigny;46.92;0.8;09/08/2026;13:00;30;10;ORAGEUX;2;0;0
Le Grand-Pressigny;46.92;0.8;09/08/2026;14:00;32.1;0;SOLEIL;3;0;0
Le Grand-Pressigny;46.92;0.8;09/08/2026;15:00;32.1;0;SOLEIL;3;0;0
Le Grand-Pressigny;46.92;0.8;09/08/2026;16:00;32.1;0;SOLEIL;3;0;0
Le Grand-Pressigny;46.92;0.8;09/08/2026;17:00;30.6;0;SOLEIL;4;0;0
Le Grand-Pressigny;46.92;0.8;09/08/2026;18:00;30.6;0;SOLEIL;4;0;0
Le Grand-Pressigny;46.92;0.8;09/08/2026;19:00;30.6;0;SOLEIL;4;0;0
Le Grand-Pressigny;46.92;0.8;09/08/2026;20:00;23.0;0;SOLEIL;5;0;0
Le Grand-Pressigny;46.92;0.8;09/08/2026;21:00;20.8;0;SOLEIL;5;0;0
Le Grand-Pressigny;46.92;0.8;09/08/2026;22:00;18.6;0;SOLEIL;5;0;0
Le Grand-Pressigny;46.92;0.8;09/08/2026;23:00;21.1;0;SOLEIL;3;0;0
Le Grand-Pressigny;46.92;0.8;10/08/2026;00:00;21.1;0;SOLEIL;3;0;0
Le Grand-Pressigny;46.92;0.8;10/08/2026;01:00;21.1;0;SOLEIL;3;0;0
Le Grand-Pressigny;46.92;0.8;10/08/2026;02:00;17.7;10;ORAGEUX;5;0;0
Le Grand-Pressigny;46.92;0.8;10/08/2026;03:00;17.7;10;ORAGEUX;5;0;0
Le Grand-Pressigny;46.92;0.8;10/08/2026;04:00;17.7;10;ORAGEUX;5;0;0
Le Grand-Pressigny;46.92;0.8;10/08/2026;05:00;19.7;0;SOLEIL;2;0;0
Le Grand-Pressigny;46.92;0.8;10/08/2026;06:00;19.7;0;SOLEIL;2;0;0
Le Grand-Pressigny;46.92;0.8;10/08/2026;07:00;19.7;0;SOLEIL;2;0;0
Le Grand-Pressigny;46.92;0.8;10/08/2026;08:00;21.1;10;ORAGEUX;5;0;0
Le Grand-Pressigny;46.92;0.8;10/08/2026;09:00;22.8;10;ORAGEUX;5;0;0
Le Grand-Pressigny;46.92;0.8;10/08/2026;10:00;24.5;10;ORAGEUX;5;0;0
Le Grand-Pressigny;46.92;0.8;10/08/2026;11:00;31;0;SOLEIL;2;0;0
Le Grand-Pressigny;46.92;0.8;10/08/2026;12:00;31;0;SOLEIL;2;0;0
Le Grand-Pressigny;46.92;0.8;10/08/2026;13:00;31;0;SOLEIL;2;0;0
Le Grand-Pressigny;46.92;0.8;10/08/2026;14:00;31.3;10;ORAGEUX;5;0;0
Le Grand-Pressigny;46.92;0.8;10/08/2026;15:00;33.0;10;ORAGEUX;5;0;0
Le Grand-Pressigny;46.92;0.8;10/08/2026;16:00;31.3;10;ORAGEUX;5;0;0
Le Grand-Pressigny;46.92;0.8;10/08/2026;17:00;31.2;0;SOLEIL;3;0;0
Le Grand-Pressigny;46.92;0.8;10/08/2026;18:00;31.2;0;SOLEIL;3;0;0
Le Grand-Pressigny;46.92;0.8;10/08/2026;19:00;31.2;0;SOLEIL;3;0;0
Le Grand-Pressigny;46.92;0.8;10/08/2026;20:00;24.5;10;ORAGEUX;5;0;0
Le Grand-Pressigny;46.92;0.8;10/08/2026;21:00;22.8;10;ORAGEUX;5;0;0
Le Grand-Pressigny;46.92;0.8;10/08/2026;22:00;21.1;10;ORAGEUX;5;0;0
Le Grand-Pressigny;46.92;0.8;10/08/2026;23:00;22.1;0;SOLEIL;4;0;0
Le Grand-Pressigny;46.92;0.8;11/08/2026;00:00;22.1;0;SOLEIL;4;0;0
Le Grand-Pressigny;46.92;0.8;11/08/2026;01:00;22.1;0;SOLEIL;4;0;0
Le Grand-Pressigny;46.92;0.8;11/08/2026;02:00;18.6;0;SOLEIL;5;0;0
Le Grand-Pressigny;46.92;0.8;11/08/2026;03:00;18.6;0;SOLEIL;5;0;0
Le Grand-Pressigny;46.92;0.8;11/08/2026;04:00;18.6;0;SOLEIL;5;0;0
Le Grand-Pressigny;46.92;0.8;11/08/2026;05:00;20.6;0;SOLEIL;3;0;0
Le Grand-Pressigny;46.92;0.8;11/08/2026;06:00;20.6;0;SOLEIL;3;0;0
Le Grand-Pressigny;46.92;0.8;11/08/2026;07:00;20.6;0;SOLEIL;3;0;0
Le Grand-Pressigny;46.92;0.8;11/08/2026;08:00;22.0;0;SOLEIL;5;0;0
Le Grand-Pressigny;46.92;0.8;11/08/2026;09:00;23.6;0;SOLEIL;5;0;0
Le Grand-Pressigny;46.92;0.8;11/08/2026;10:00;25.3;0;SOLEIL;5;0;0
Le Grand-Pressigny;46.92;0.8;11/08/2026;11:00;31.7;0;SOLEIL;3;0;0
Le Grand-Pressigny;46.92;0.8;11/08/2026;12:00;31.7;0;SOLEIL;3;0;0
Le Grand-Pressigny;46.92;0.8;11/08/2026;13:00;31.7;0;SOLEIL;3;0;0
Le Grand-Pressigny;46.92;0.8;11/08/2026;14:00;32.0;0;SOLEIL;5;0;0
Le Grand-Pressigny;46.92;0.8;11/08/2026;15:00;33.7;0;SOLEIL;5;0;0
Le Grand-Pressigny;46.92;0.8;11/08/2026;16:00;32.0;0;SOLEIL;5;0;0
Le Grand-Pressigny;46.92;0.8;11/08/2026;17:00;32.9;0;SOLEIL;3;0;0
Le Grand-Pressigny;46.92;0.8;11/08/2026;18:00;32.9;0;SOLEIL;3;0;0
Le Grand-Pressigny;46.92;0.8;11/08/2026;19:00;32.9;0;SOLEIL;3;0;0
Le Grand-Pressigny;46.92;0.8;11/08/2026;20:00;25.3;0;SOLEIL;5;0;0
Le Grand-Pressigny;46.92;0.8;11/08/2026;21:00;23.6;0;SOLEIL;5;0;0
Le Grand-Pressigny;46.92;0.8;11/08/2026;22:00;22.0;0;SOLEIL;5;0;0
Le Grand-Pressigny;46.92;0.8;11/08/2026;23:00;24.1;0;SOLEIL;4;0;0
Le Grand-Pressigny;46.92;0.8;12/08/2026;00:00;24.1;0;SOLEIL;4;0;0
Le Grand-Pressigny;46.92;0.8;12/08/2026;01:00;24.1;0;SOLEIL;4;0;0
Le Grand-Pressigny;46.92;0.8;12/08/2026;02:00;19.2;0;SOLEIL;5;0;0
Le Grand-Pressigny;46.92;0.8;12/08/2026;03:00;19.2;0;SOLEIL;5;0;0
Le Grand-Pressigny;46.92;0.8;12/08/2026;04:00;19.2;0;SOLEIL;5;0;0
Le Grand-Pressigny;46.92;0.8;12/08/2026;05:00;21.6;0;SOLEIL;3;0;0
Le Grand-Pressigny;46.92;0.8;12/08/2026;06:00;21.6;0;SOLEIL;3;0;0
Le Grand-Pressigny;46.92;0.8;12/08/2026;07:00;21.6;0;SOLEIL;3;0;0
Le Grand-Pressigny;46.92;0.8;12/08/2026;08:00;22.8;0;SOLEIL;5;0;0
Le Grand-Pressigny;46.92;0.8;12/08/2026;09:00;24.6;0;SOLEIL;5;0;0
Le Grand-Pressigny;46.92;0.8;12/08/2026;10:00;26.4;0;SOLEIL;5;0;0
Le Grand-Pressigny;46.92;0.8;12/08/2026;11:00;34.7;0;SOLEIL;3;0;0
Le Grand-Pressigny;46.92;0.8;12/08/2026;12:00;34.7;0;SOLEIL;3;0;0
Le Grand-Pressigny;46.92;0.8;12/08/2026;13:00;34.7;0;SOLEIL;3;0;0
Le Grand-Pressigny;46.92;0.8;12/08/2026;14:00;33.6;0;SOLEIL;5;0;0
Le Grand-Pressigny;46.92;0.8;12/08/2026;15:00;35.4;0;SOLEIL;5;0;0
Le Grand-Pressigny;46.92;0.8;12/08/2026;16:00;33.6;0;SOLEIL;5;0;0
Le Grand-Pressigny;46.92;0.8;12/08/2026;17:00;35.4;0;SOLEIL;2;0;0
Le Grand-Pressigny;46.92;0.8;12/08/2026;18:00;35.4;0;SOLEIL;2;0;0
Le Grand-Pressigny;46.92;0.8;12/08/2026;19:00;35.4;0;SOLEIL;2;0;0
Le Grand-Pressigny;46.92;0.8;12/08/2026;20:00;26.4;0;SOLEIL;5;0;0
Le Grand-Pressigny;46.92;0.8;12/08/2026;21:00;24.6;0;SOLEIL;5;0;0
Le Grand-Pressigny;46.92;0.8;12/08/2026;22:00;22.8;0;SOLEIL;5;0;0
Le Grand-Pressigny;46.92;0.8;12/08/2026;23:00;24.2;0;SOLEIL;3;0;0
Tours;47.39;0.68;08/08/2026;00:00;14.7;0;SOLEIL;3;0;0
Tours;47.39;0.68;08/08/2026;01:00;14.7;0;SOLEIL;3;0;0
Tours;47.39;0.68;08/08/2026;02:00;12.5;5;SOLEIL VOILÉ;3;0;0
Tours;47.39;0.68;08/08/2026;03:00;12.5;5;SOLEIL VOILÉ;3;0;0
Tours;47.39;0.68;08/08/2026;04:00;12.5;5;SOLEIL VOILÉ;3;0;0
Tours;47.39;0.68;08/08/2026;05:00;12.6;5;SOLEIL VOILÉ;3;0;0
Tours;47.39;0.68;08/08/2026;06:00;12.6;5;SOLEIL VOILÉ;3;0;0
Tours;47.39;0.68;08/08/2026;07:00;12.6;5;SOLEIL VOILÉ;3;0;0
Tours;47.39;0.68;08/08/2026;08:00;26.4;0;SOLEIL;3;0;0
Tours;47.39;0.68;08/08/2026;09:00;26.4;0;SOLEIL;3;0;0
Tours;47.39;0.68;08/08/2026;10:00;26.4;0;SOLEIL;3;0;0
Tours;47.39;0.68;08/08/2026;11:00;30.9;0;SOLEIL;3;0;0
Tours;47.39;0.68;08/08/2026;12:00;30.9;0;SOLEIL;3;0;0
Tours;47.39;0.68;08/08/2026;13:00;30.9;0;SOLEIL;3;0;0
Tours;47.39;0.68;08/08/2026;14:00;33.1;0;SOLEIL;2;0;0
Tours;47.39;0.68;08/08/2026;15:00;33.1;0;SOLEIL;2;0;0
Tours;47.39;0.68;08/08/2026;16:00;33.1;0;SOLEIL;2;0;0
Tours;47.39;0.68;08/08/2026;17:00;31.4;0;SOLEIL;2;0;0
Tours;47.39;0.68;08/08/2026;18:00;31.4;0;SOLEIL;2;0;0
Tours;47.39;0.68;08/08/2026;19:00;31.4;0;SOLEIL;2;0;0
Tours;47.39;0.68;08/08/2026;20:00;20.7;0;SOLEIL;2;0;0
Tours;47.39;0.68;08/08/2026;21:00;20.7;0;SOLEIL;2;0;0
Tours;47.39;0.68;08/08/2026;22:00;20.7;0;SOLEIL;2;0;0
Tours;47.39;0.68;08/08/2026;23:00;17.2;5;SOLEIL VOILÉ;2;0;0
Tours;47.39;0.68;09/08/2026;00:00;17.2;5;SOLEIL VOILÉ;2;0;0
Tours;47.39;0.68;09/08/2026;01:00;17.2;5;SOLEIL VOILÉ;2;0;0
Tours;47.39;0.68;09/08/2026;02:00;17.1;5;SOLEIL VOILÉ;2;0;0
Tours;47.39;0.68;09/08/2026;03:00;17.1;5;SOLEIL VOILÉ;2;0;0
Tours;47.39;0.68;09/08/2026;04:00;17.1;5;SOLEIL VOILÉ;2;0;0
Tours;47.39;0.68;09/08/2026;05:00;18.6;0;SOLEIL;2;0;0
Tours;47.39;0.68;09/08/2026;06:00;18.6;0;SOLEIL;2;0;0
Tours;47.39;0.68;09/08/2026;07:00;18.6;0;SOLEIL;2;0;0
Tours;47.39;0.68;09/08/2026;08:00;26.7;10;ORAGEUX;3;0;0
Tours;47.39;0.68;09/08/2026;09:00;26.7;10;ORAGEUX;3;0;0
Tours;47.39;0.68;09/08/2026;10:00;26.7;10;ORAGEUX;3;0;0
Tours;47.39;0.68;09/08/2026;11:00;31.1;0;SOLEIL;1;0;0
Tours;47.39;0.68;09/08/2026;12:00;31.1;0;SOLEIL;1;0;0
Tours;47.39;0.68;09/08/2026;13:00;31.1;0;SOLEIL;1;0;0
Tours;47.39;0.68;09/08/2026;14:00;30.7;0;SOLEIL;3;0;0
Tours;47.39;0.68;09/08/2026;15:00;30.7;0;SOLEIL;3;0;0
Tours;47.39;0.68;09/08/2026;16:00;30.7;0;SOLEIL;3;0;0
Tours;47.39;0.68;09/08/2026;17:00;29.4;0;SOLEIL;3;0;0
Tours;47.39;0.68;09/08/2026;18:00;29.4;0;SOLEIL;3;0;0
Tours;47.39;0.68;09/08/2026;19:00;29.4;0;SOLEIL;3;0;0
Tours;47.39;0.68;09/08/2026;20:00;21.0;0;SOLEIL;5;0;0
Tours;47.39;0.68;09/08/2026;21:00;18.5;0;SOLEIL;5;0;0
Tours;47.39;0.68;09/08/2026;22:00;16.0;0;SOLEIL;5;0;0
Tours;47.39;0.68;09/08/2026;23:00;17.7;0;SOLEIL;3;0;0
Tours;47.39;0.68;10/08/2026;00:00;17.7;0;SOLEIL;3;0;0
Tours;47.39;0.68;10/08/2026;01:00;17.7;0;SOLEIL;3;0;0
Tours;47.39;0.68;10/08/2026;02:00;16.4;10;ORAGEUX;5;0;0
Tours;47.39;0.68;10/08/2026;03:00;16.4;10;ORAGEUX;5;0;0
Tours;47.39;0.68;10/08/2026;04:00;16.4;10;ORAGEUX;5;0;0
Tours;47.39;0.68;10/08/2026;05:00;18.1;0;SOLEIL;3;0;0
Tours;47.39;0.68;10/08/2026;06:00;18.1;0;SOLEIL;3;0;0
Tours;47.39;0.68;10/08/2026;07:00;18.1;0;SOLEIL;3;0;0
Tours;47.39;0.68;10/08/2026;08:00;19.9;10;ORAGEUX;5;0;0
Tours;47.39;0.68;10/08/2026;09:00;21.6;10;ORAGEUX;5;0;0
Tours;47.39;0.68;10/08/2026;10:00;23.3;10;ORAGEUX;5;0;0
Tours;47.39;0.68;10/08/2026;11:00;30.7;0;SOLEIL;2;0;0
Tours;47.39;0.68;10/08/2026;12:00;30.7;0;SOLEIL;2;0;0
Tours;47.39;0.68;10/08/2026;13:00;30.7;0;SOLEIL;2;0;0
Tours;47.39;0.68;10/08/2026;14:00;30.3;10;ORAGEUX;5;0;0
Tours;47.39;0.68;10/08/2026;15:00;32.0;10;ORAGEUX;5;0;0
Tours;47.39;0.68;10/08/2026;16:00;30.3;10;ORAGEUX;5;0;0
Tours;47.39;0.68;10/08/2026;17:00;31.2;0;SOLEIL;2;0;0
Tours;47.39;0.68;10/08/2026;18:00;31.2;0;SOLEIL;2;0;0
Tours;47.39;0.68;10/08/2026;19:00;31.2;0;SOLEIL;2;0;0
Tours;47.39;0.68;10/08/2026;20:00;23.3;10;ORAGEUX;5;0;0
Tours;47.39;0.68;10/08/2026;21:00;21.6;10;ORAGEUX;5;0;0
Tours;47.39;0.68;10/08/2026;22:00;19.9;10;ORAGEUX;5;0;0
Tours;47.39;0.68;10/08/2026;23:00;19.6;0;SOLEIL;4;0;0
Tours;47.39;0.68;11/08/2026;00:00;19.6;0;SOLEIL;4;0;0
Tours;47.39;0.68;11/08/2026;01:00;19.6;0;SOLEIL;4;0;0
Tours;47.39;0.68;11/08/2026;02:00;16.5;0;SOLEIL;5;0;0
Tours;47.39;0.68;11/08/2026;03:00;16.5;0;SOLEIL;5;0;0
Tours;47.39;0.68;11/08/2026;04:00;16.5;0;SOLEIL;5;0;0
Tours;47.39;0.68;11/08/2026;05:00;18.6;0;SOLEIL;4;0;0
Tours;47.39;0.68;11/08/2026;06:00;18.6;0;SOLEIL;4;0;0
Tours;47.39;0.68;11/08/2026;07:00;18.6;0;SOLEIL;4;0;0
Tours;47.39;0.68;11/08/2026;08:00;20.3;0;SOLEIL;5;0;0
Tours;47.39;0.68;11/08/2026;09:00;22.2;0;SOLEIL;5;0;0
Tours;47.39;0.68;11/08/2026;10:00;24.1;0;SOLEIL;5;0;0
Tours;47.39;0.68;11/08/2026;11:00;31.6;0;SOLEIL;4;0;0
Tours;47.39;0.68;11/08/2026;12:00;31.6;0;SOLEIL;4;0;0
Tours;47.39;0.68;11/08/2026;13:00;31.6;0;SOLEIL;4;0;0
Tours;47.39;0.68;11/08/2026;14:00;31.7;0;SOLEIL;5;0;0
Tours;47.39;0.68;11/08/2026;15:00;33.6;0;SOLEIL;5;0;0
Tours;47.39;0.68;11/08/2026;16:00;31.7;0;SOLEIL;5;0;0
Tours;47.39;0.68;11/08/2026;17:00;32.4;0;SOLEIL;3;0;0
Tours;47.39;0.68;11/08/2026;18:00;32.4;0;SOLEIL;3;0;0
Tours;47.39;0.68;11/08/2026;19:00;32.4;0;SOLEIL;3;0;0
Tours;47.39;0.68;11/08/2026;20:00;24.1;0;SOLEIL;5;0;0
Tours;47.39;0.68;11/08/2026;21:00;22.2;0;SOLEIL;5;0;0
Tours;47.39;0.68;11/08/2026;22:00;20.3;0;SOLEIL;5;0;0
Tours;47.39;0.68;11/08/2026;23:00;20.2;0;SOLEIL;4;0;0
Tours;47.39;0.68;12/08/2026;00:00;20.2;0;SOLEIL;4;0;0
Tours;47.39;0.68;12/08/2026;01:00;20.2;0;SOLEIL;4;0;0
Tours;47.39;0.68;12/08/2026;02:00;16.6;0;SOLEIL;5;0;0
Tours;47.39;0.68;12/08/2026;03:00;16.6;0;SOLEIL;5;0;0
Tours;47.39;0.68;12/08/2026;04:00;16.6;0;SOLEIL;5;0;0
Tours;47.39;0.68;12/08/2026;05:00;18.9;0;SOLEIL;4;0;0
Tours;47.39;0.68;12/08/2026;06:00;18.9;0;SOLEIL;4;0;0
Tours;47.39;0.68;12/08/2026;07:00;18.9;0;SOLEIL;4;0;0
Tours;47.39;0.68;12/08/2026;08:00;20.7;0;SOLEIL;5;0;0
Tours;47.39;0.68;12/08/2026;09:00;22.7;0;SOLEIL;5;0;0
Tours;47.39;0.68;12/08/2026;10:00;24.7;0;SOLEIL;5;0;0
Tours;47.39;0.68;12/08/2026;11:00;34.2;0;SOLEIL;3;0;0
Tours;47.39;0.68;12/08/2026;12:00;34.2;0;SOLEIL;3;0;0
Tours;47.39;0.68;12/08/2026;13:00;34.2;0;SOLEIL;3;0;0
Tours;47.39;0.68;12/08/2026;14:00;32.9;0;SOLEIL;5;0;0
Tours;47.39;0.68;12/08/2026;15:00;34.9;0;SOLEIL;5;0;0
Tours;47.39;0.68;12/08/2026;16:00;32.9;0;SOLEIL;5;0;0
Tours;47.39;0.68;12/08/2026;17:00;34.4;0;SOLEIL;2;0;0
Tours;47.39;0.68;12/08/2026;18:00;34.4;0;SOLEIL;2;0;0
Tours;47.39;0.68;12/08/2026;19:00;34.4;0;SOLEIL;2;0;0
Tours;47.39;0.68;12/08/2026;20:00;24.7;0;SOLEIL;5;0;0
Tours;47.39;0.68;12/08/2026;21:00;22.7;0;SOLEIL;5;0;0
Tours;47.39;0.68;12/08/2026;22:00;20.7;0;SOLEIL;5;0;0
Tours;47.39;0.68;12/08/2026;23:00;20.7;0;SOLEIL;3;0;0
Blois;47.58;1.33;08/08/2026;00:00;19;0;SOLEIL;3;0;0
Blois;47.58;1.33;08/08/2026;01:00;19;0;SOLEIL;3;0;0
Blois;47.58;1.33;08/08/2026;02:00;16.5;5;SOLEIL VOILÉ;4;0;0
Blois;47.58;1.33;08/08/2026;03:00;16.5;5;SOLEIL VOILÉ;4;0;0
Blois;47.58;1.33;08/08/2026;04:00;16.5;5;SOLEIL VOILÉ;4;0;0
Blois;47.58;1.33;08/08/2026;05:00;16.9;5;SOLEIL VOILÉ;4;0;0
Blois;47.58;1.33;08/08/2026;06:00;16.9;5;SOLEIL VOILÉ;4;0;0
Blois;47.58;1.33;08/08/2026;07:00;16.9;5;SOLEIL VOILÉ;4;0;0
Blois;47.58;1.33;08/08/2026;08:00;24.9;0;SOLEIL;3;0;0
Blois;47.58;1.33;08/08/2026;09:00;24.9;0;SOLEIL;3;0;0
Blois;47.58;1.33;08/08/2026;10:00;24.9;0;SOLEIL;3;0;0
Blois;47.58;1.33;08/08/2026;11:00;30;0;SOLEIL;3;0;0
Blois;47.58;1.33;08/08/2026;12:00;30;0;SOLEIL;3;0;0
Blois;47.58;1.33;08/08/2026;13:00;30;0;SOLEIL;3;0;0
Blois;47.58;1.33;08/08/2026;14:00;31.9;0;SOLEIL;2;0;0
Blois;47.58;1.33;08/08/2026;15:00;31.9;0;SOLEIL;2;0;0
Blois;47.58;1.33;08/08/2026;16:00;31.9;0;SOLEIL;2;0;0
Blois;47.58;1.33;08/08/2026;17:00;31.6;0;SOLEIL;1;0;0
Blois;47.58;1.33;08/08/2026;18:00;31.6;0;SOLEIL;1;0;0
Blois;47.58;1.33;08/08/2026;19:00;31.6;0;SOLEIL;1;0;0
Blois;47.58;1.33;08/08/2026;20:00;25.2;0;SOLEIL;3;0;0
Blois;47.58;1.33;08/08/2026;21:00;25.2;0;SOLEIL;3;0;0
Blois;47.58;1.33;08/08/2026;22:00;25.2;0;SOLEIL;3;0;0
Blois;47.58;1.33;08/08/2026;23:00;21.2;5;SOLEIL VOILÉ;3;0;0
Blois;47.58;1.33;09/08/2026;00:00;21.2;5;SOLEIL VOILÉ;3;0;0
Blois;47.58;1.33;09/08/2026;01:00;21.2;5;SOLEIL VOILÉ;3;0;0
Blois;47.58;1.33;09/08/2026;02:00;19.6;5;SOLEIL VOILÉ;2;0;0
Blois;47.58;1.33;09/08/2026;03:00;19.6;5;SOLEIL VOILÉ;2;0;0
Blois;47.58;1.33;09/08/2026;04:00;19.6;5;SOLEIL VOILÉ;2;0;0
Blois;47.58;1.33;09/08/2026;05:00;19.6;0;SOLEIL;3;0;0
Blois;47.58;1.33;09/08/2026;06:00;19.6;0;SOLEIL;3;0;0
Blois;47.58;1.33;09/08/2026;07:00;19.6;0;SOLEIL;3;0;0
Blois;47.58;1.33;09/08/2026;08:00;26.4;10;ORAGEUX;3;0;0
Blois;47.58;1.33;09/08/2026;09:00;26.4;10;ORAGEUX;3;0;0
Blois;47.58;1.33;09/08/2026;10:00;26.4;10;ORAGEUX;3;0;0
Blois;47.58;1.33;09/08/2026;11:00;31.1;10;ORAGEUX;2;0;0
Blois;47.58;1.33;09/08/2026;12:00;31.1;10;ORAGEUX;2;0;0
Blois;47.58;1.33;09/08/2026;13:00;31.1;10;ORAGEUX;2;0;0
Blois;47.58;1.33;09/08/2026;14:00;32.7;0;SOLEIL;3;0;0
Blois;47.58;1.33;09/08/2026;15:00;32.7;0;SOLEIL;3;0;0
Blois;47.58;1.33;09/08/2026;16:00;32.7;0;SOLEIL;3;0;0
Blois;47.58;1.33;09/08/2026;17:00;30.6;0;SOLEIL;3;0;0
Blois;47.58;1.33;09/08/2026;18:00;30.6;0;SOLEIL;3;0;0
Blois;47.58;1.33;09/08/2026;19:00;30.6;0;SOLEIL;3;0;0
Blois;47.58;1.33;09/08/2026;20:00;23.4;0;SOLEIL;5;0;0
Blois;47.58;1.33;09/08/2026;21:00;21.4;0;SOLEIL;5;0;0
Blois;47.58;1.33;09/08/2026;22:00;19.5;0;SOLEIL;5;0;0
Blois;47.58;1.33;09/08/2026;23:00;21.4;0;SOLEIL;3;0;0
Blois;47.58;1.33;10/08/2026;00:00;21.4;0;SOLEIL;3;0;0
Blois;47.58;1.33;10/08/2026;01:00;21.4;0;SOLEIL;3;0;0
Blois;47.58;1.33;10/08/2026;02:00;18.9;10;ORAGEUX;5;0;0
Blois;47.58;1.33;10/08/2026;03:00;18.9;10;ORAGEUX;5;0;0
Blois;47.58;1.33;10/08/2026;04:00;18.9;10;ORAGEUX;5;0;0
Blois;47.58;1.33;10/08/2026;05:00;19.6;0;SOLEIL;3;0;0
Blois;47.58;1.33;10/08/2026;06:00;19.6;0;SOLEIL;3;0;0
Blois;47.58;1.33;10/08/2026;07:00;19.6;0;SOLEIL;3;0;0
Blois;47.58;1.33;10/08/2026;08:00;22.2;10;ORAGEUX;5;0;0
Blois;47.58;1.33;10/08/2026;09:00;23.9;10;ORAGEUX;5;0;0
Blois;47.58;1.33;10/08/2026;10:00;25.6;10;ORAGEUX;5;0;0
Blois;47.58;1.33;10/08/2026;11:00;30.6;0;SOLEIL;3;0;0
Blois;47.58;1.33;10/08/2026;12:00;30.6;0;SOLEIL;3;0;0
Blois;47.58;1.33;10/08/2026;13:00;30.6;0;SOLEIL;3;0;0
Blois;47.58;1.33;10/08/2026;14:00;32.2;10;ORAGEUX;5;0;0
Blois;47.58;1.33;10/08/2026;15:00;33.9;10;ORAGEUX;5;0;0
Blois;47.58;1.33;10/08/2026;16:00;32.2;10;ORAGEUX;5;0;0
Blois;47.58;1.33;10/08/2026;17:00;30.9;0;SOLEIL;3;0;0
Blois;47.58;1.33;10/08/2026;18:00;30.9;0;SOLEIL;3;0;0
Blois;47.58;1.33;10/08/2026;19:00;30.9;0;SOLEIL;3;0;0
Blois;47.58;1.33;10/08/2026;20:00;25.6;10;ORAGEUX;5;0;0
Blois;47.58;1.33;10/08/2026;21:00;23.9;10;ORAGEUX;5;0;0
Blois;47.58;1.33;10/08/2026;22:00;22.2;10;ORAGEUX;5;0;0
Blois;47.58;1.33;10/08/2026;23:00;21.7;0;SOLEIL;4;0;0
Blois;47.58;1.33;11/08/2026;00:00;21.7;0;SOLEIL;4;0;0
Blois;47.58;1.33;11/08/2026;01:00;21.7;0;SOLEIL;4;0;0
Blois;47.58;1.33;11/08/2026;02:00;19.1;0;SOLEIL;5;0;0
Blois;47.58;1.33;11/08/2026;03:00;19.1;0;SOLEIL;5;0;0
Blois;47.58;1.33;11/08/2026;04:00;19.1;0;SOLEIL;5;0;0
Blois;47.58;1.33;11/08/2026;05:00;19.7;0;SOLEIL;4;0;0
Blois;47.58;1.33;11/08/2026;06:00;19.7;0;SOLEIL;4;0;0
Blois;47.58;1.33;11/08/2026;07:00;19.7;0;SOLEIL;4;0;0
Blois;47.58;1.33;11/08/2026;08:00;22.2;0;SOLEIL;5;0;0
Blois;47.58;1.33;11/08/2026;09:00;23.8;0;SOLEIL;5;0;0
Blois;47.58;1.33;11/08/2026;10:00;25.3;0;SOLEIL;5;0;0
Blois;47.58;1.33;11/08/2026;11:00;31.1;0;SOLEIL;3;0;0
Blois;47.58;1.33;11/08/2026;12:00;31.1;0;SOLEIL;3;0;0
Blois;47.58;1.33;11/08/2026;13:00;31.1;0;SOLEIL;3;0;0
Blois;47.58;1.33;11/08/2026;14:00;31.5;0;SOLEIL;5;0;0
Blois;47.58;1.33;11/08/2026;15:00;33.1;0;SOLEIL;5;0;0
Blois;47.58;1.33;11/08/2026;16:00;31.5;0;SOLEIL;5;0;0
Blois;47.58;1.33;11/08/2026;17:00;31.6;0;SOLEIL;3;0;0
Blois;47.58;1.33;11/08/2026;18:00;31.6;0;SOLEIL;3;0;0
Blois;47.58;1.33;11/08/2026;19:00;31.6;0;SOLEIL;3;0;0
Blois;47.58;1.33;11/08/2026;20:00;25.3;0;SOLEIL;5;0;0
Blois;47.58;1.33;11/08/2026;21:00;23.8;0;SOLEIL;5;0;0
Blois;47.58;1.33;11/08/2026;22:00;22.2;0;SOLEIL;5;0;0
Blois;47.58;1.33;11/08/2026;23:00;23.1;0;SOLEIL;4;0;0
Blois;47.58;1.33;12/08/2026;00:00;23.1;0;SOLEIL;4;0;0
Blois;47.58;1.33;12/08/2026;01:00;23.1;0;SOLEIL;4;0;0
Blois;47.58;1.33;12/08/2026;02:00;19.1;0;SOLEIL;5;0;0
Blois;47.58;1.33;12/08/2026;03:00;19.1;0;SOLEIL;5;0;0
Blois;47.58;1.33;12/08/2026;04:00;19.1;0;SOLEIL;5;0;0
Blois;47.58;1.33;12/08/2026;05:00;21.1;0;SOLEIL;4;0;0
Blois;47.58;1.33;12/08/2026;06:00;21.1;0;SOLEIL;4;0;0
Blois;47.58;1.33;12/08/2026;07:00;21.1;0;SOLEIL;4;0;0
Blois;47.58;1.33;12/08/2026;08:00;22.4;0;SOLEIL;5;0;0
Blois;47.58;1.33;12/08/2026;09:00;24.1;0;SOLEIL;5;0;0
Blois;47.58;1.33;12/08/2026;10:00;25.8;0;SOLEIL;5;0;0
Blois;47.58;1.33;12/08/2026;11:00;34;0;SOLEIL;3;0;0
Blois;47.58;1.33;12/08/2026;12:00;34;0;SOLEIL;3;0;0
Blois;47.58;1.33;12/08/2026;13:00;34;0;SOLEIL;3;0;0
Blois;47.58;1.33;12/08/2026;14:00;32.4;0;SOLEIL;5;0;0
Blois;47.58;1.33;12/08/2026;15:00;34.1;0;SOLEIL;5;0;0
Blois;47.58;1.33;12/08/2026;16:00;32.4;0;SOLEIL;5;0;0
Blois;47.58;1.33;12/08/2026;17:00;34.1;0;SOLEIL;2;0;0
Blois;47.58;1.33;12/08/2026;18:00;34.1;0;SOLEIL;2;0;0
Blois;47.58;1.33;12/08/2026;19:00;34.1;0;SOLEIL;2;0;0
Blois;47.58;1.33;12/08/2026;20:00;25.8;0;SOLEIL;5;0;0
Blois;47.58;1.33;12/08/2026;21:00;24.1;0;SOLEIL;5;0;0
Blois;47.58;1.33;12/08/2026;22:00;22.4;0;SOLEIL;5;0;0
Blois;47.58;1.33;12/08/2026;23:00;25.1;0;SOLEIL;3;0;0
Romorantin-Lanthenay;47.35;1.74;08/08/2026;00:00;17.7;0;SOLEIL;3;0;0
Romorantin-Lanthenay;47.35;1.74;08/08/2026;01:00;17.7;0;SOLEIL;3;0;0
Romorantin-Lanthenay;47.35;1.74;08/08/2026;02:00;15.5;0;SOLEIL;3;0;0
Romorantin-Lanthenay;47.35;1.74;08/08/2026;03:00;15.5;0;SOLEIL;3;0;0
Romorantin-Lanthenay;47.35;1.74;08/08/2026;04:00;15.5;0;SOLEIL;3;0;0
Romorantin-Lanthenay;47.35;1.74;08/08/2026;05:00;16.2;5;SOLEIL VOILÉ;3;0;0
Romorantin-Lanthenay;47.35;1.74;08/08/2026;06:00;16.2;5;SOLEIL VOILÉ;3;0;0
Romorantin-Lanthenay;47.35;1.74;08/08/2026;07:00;16.2;5;SOLEIL VOILÉ;3;0;0
Romorantin-Lanthenay;47.35;1.74;08/08/2026;08:00;24.4;0;SOLEIL;3;0;0
Romorantin-Lanthenay;47.35;1.74;08/08/2026;09:00;24.4;0;SOLEIL;3;0;0
Romorantin-Lanthenay;47.35;1.74;08/08/2026;10:00;24.4;0;SOLEIL;3;0;0
Romorantin-Lanthenay;47.35;1.74;08/08/2026;11:00;30.5;0;SOLEIL;2;0;0
Romorantin-Lanthenay;47.35;1.74;08/08/2026;12:00;30.5;0;SOLEIL;2;0;0
Romorantin-Lanthenay;47.35;1.74;08/08/2026;13:00;30.5;0;SOLEIL;2;0;0
Romorantin-Lanthenay;47.35;1.74;08/08/2026;14:00;32;0;SOLEIL;2;0;0
Romorantin-Lanthenay;47.35;1.74;08/08/2026;15:00;32;0;SOLEIL;2;0;0
Romorantin-Lanthenay;47.35;1.74;08/08/2026;16:00;32;0;SOLEIL;2;0;0
Romorantin-Lanthenay;47.35;1.74;08/08/2026;17:00;31.9;0;SOLEIL;1;0;0
Romorantin-Lanthenay;47.35;1.74;08/08/2026;18:00;31.9;0;SOLEIL;1;0;0
Romorantin-Lanthenay;47.35;1.74;08/08/2026;19:00;31.9;0;SOLEIL;1;0;0
Romorantin-Lanthenay;47.35;1.74;08/08/2026;20:00;23.6;0;SOLEIL;3;0;0
Romorantin-Lanthenay;47.35;1.74;08/08/2026;21:00;23.6;0;SOLEIL;3;0;0
Romorantin-Lanthenay;47.35;1.74;08/08/2026;22:00;23.6;0;SOLEIL;3;0;0
Romorantin-Lanthenay;47.35;1.74;08/08/2026;23:00;20.5;5;SOLEIL VOILÉ;2;0;0
Romorantin-Lanthenay;47.35;1.74;09/08/2026;00:00;20.5;5;SOLEIL VOILÉ;2;0;0
Romorantin-Lanthenay;47.35;1.74;09/08/2026;01:00;20.5;5;SOLEIL VOILÉ;2;0;0
Romorantin-Lanthenay;47.35;1.74;09/08/2026;02:00;17.5;5;SOLEIL VOILÉ;2;0;0
Romorantin-Lanthenay;47.35;1.74;09/08/2026;03:00;17.5;5;SOLEIL VOILÉ;2;0;0
Romorantin-Lanthenay;47.35;1.74;09/08/2026;04:00;17.5;5;SOLEIL VOILÉ;2;0;0
Romorantin-Lanthenay;47.35;1.74;09/08/2026;05:00;19.5;5;SOLEIL VOILÉ;2;0;0
Romorantin-Lanthenay;47.35;1.74;09/08/2026;06:00;19.5;5;SOLEIL VOILÉ;2;0;0
Romorantin-Lanthenay;47.35;1.74;09/08/2026;07:00;19.5;5;SOLEIL VOILÉ;2;0;0
Romorantin-Lanthenay;47.35;1.74;09/08/2026;08:00;26.1;0;SOLEIL;2;0;0
Romorantin-Lanthenay;47.35;1.74;09/08/2026;09:00;26.1;0;SOLEIL;2;0;0
Romorantin-Lanthenay;47.35;1.74;09/08/2026;10:00;26.1;0;SOLEIL;2;0;0
Romorantin-Lanthenay;47.35;1.74;09/08/2026;11:00;30.4;10;ORAGEUX;2;0;0
Romorantin-Lanthenay;47.35;1.74;09/08/2026;12:00;30.4;10;ORAGEUX;2;0;0
Romorantin-Lanthenay;47.35;1.74;09/08/2026;13:00;30.4;10;ORAGEUX;2;0;0
Romorantin-Lanthenay;47.35;1.74;09/08/2026;14:00;31.7;0;SOLEIL;2;0;0
Romorantin-Lanthenay;47.35;1.74;09/08/2026;15:00;31.7;0;SOLEIL;2;0;0
Romorantin-Lanthenay;47.35;1.74;09/08/2026;16:00;31.7;0;SOLEIL;2;0;0
Romorantin-Lanthenay;47.35;1.74;09/08/2026;17:00;29.6;0;SOLEIL;4;0;0
Romorantin-Lanthenay;47.35;1.74;09/08/2026;18:00;29.6;0;SOLEIL;4;0;0
Romorantin-Lanthenay;47.35;1.74;09/08/2026;19:00;29.6;0;SOLEIL;4;0;0
Romorantin-Lanthenay;47.35;1.74;09/08/2026;20:00;22.8;0;SOLEIL;5;0;0
Romorantin-Lanthenay;47.35;1.74;09/08/2026;21:00;20.7;0;SOLEIL;5;0;0
Romorantin-Lanthenay;47.35;1.74;09/08/2026;22:00;18.6;0;SOLEIL;5;0;0
Romorantin-Lanthenay;47.35;1.74;09/08/2026;23:00;20.2;0;SOLEIL;3;0;0
Romorantin-Lanthenay;47.35;1.74;10/08/2026;00:00;20.2;0;SOLEIL;3;0;0
Romorantin-Lanthenay;47.35;1.74;10/08/2026;01:00;20.2;0;SOLEIL;3;0;0
Romorantin-Lanthenay;47.35;1.74;10/08/2026;02:00;17;10;ORAGEUX;5;0;0
Romorantin-Lanthenay;47.35;1.74;10/08/2026;03:00;17;10;ORAGEUX;5;0;0
Romorantin-Lanthenay;47.35;1.74;10/08/2026;04:00;17;10;ORAGEUX;5;0;0
Romorantin-Lanthenay;47.35;1.74;10/08/2026;05:00;19.1;0;SOLEIL;2;0;0
Romorantin-Lanthenay;47.35;1.74;10/08/2026;06:00;19.1;0;SOLEIL;2;0;0
Romorantin-Lanthenay;47.35;1.74;10/08/2026;07:00;19.1;0;SOLEIL;2;0;0
Romorantin-Lanthenay;47.35;1.74;10/08/2026;08:00;20.4;10;ORAGEUX;5;0;0
Romorantin-Lanthenay;47.35;1.74;10/08/2026;09:00;22.2;10;ORAGEUX;5;0;0
Romorantin-Lanthenay;47.35;1.74;10/08/2026;10:00;23.9;10;ORAGEUX;5;0;0
Romorantin-Lanthenay;47.35;1.74;10/08/2026;11:00;31.1;0;SOLEIL;2;0;0
Romorantin-Lanthenay;47.35;1.74;10/08/2026;12:00;31.1;0;SOLEIL;2;0;0
Romorantin-Lanthenay;47.35;1.74;10/08/2026;13:00;31.1;0;SOLEIL;2;0;0
Romorantin-Lanthenay;47.35;1.74;10/08/2026;14:00;30.8;10;ORAGEUX;5;0;0
Romorantin-Lanthenay;47.35;1.74;10/08/2026;15:00;32.5;10;ORAGEUX;5;0;0
Romorantin-Lanthenay;47.35;1.74;10/08/2026;16:00;30.8;10;ORAGEUX;5;0;0
Romorantin-Lanthenay;47.35;1.74;10/08/2026;17:00;30.7;0;SOLEIL;2;0;0
Romorantin-Lanthenay;47.35;1.74;10/08/2026;18:00;30.7;0;SOLEIL;2;0;0
Romorantin-Lanthenay;47.35;1.74;10/08/2026;19:00;30.7;0;SOLEIL;2;0;0
Romorantin-Lanthenay;47.35;1.74;10/08/2026;20:00;23.9;10;ORAGEUX;5;0;0
Romorantin-Lanthenay;47.35;1.74;10/08/2026;21:00;22.2;10;ORAGEUX;5;0;0
Romorantin-Lanthenay;47.35;1.74;10/08/2026;22:00;20.4;10;ORAGEUX;5;0;0
Romorantin-Lanthenay;47.35;1.74;10/08/2026;23:00;22;0;SOLEIL;4;0;0
Romorantin-Lanthenay;47.35;1.74;11/08/2026;00:00;22;0;SOLEIL;4;0;0
Romorantin-Lanthenay;47.35;1.74;11/08/2026;01:00;22;0;SOLEIL;4;0;0
Romorantin-Lanthenay;47.35;1.74;11/08/2026;02:00;18;0;SOLEIL;5;0;0
Romorantin-Lanthenay;47.35;1.74;11/08/2026;03:00;18;0;SOLEIL;5;0;0
Romorantin-Lanthenay;47.35;1.74;11/08/2026;04:00;18;0;SOLEIL;5;0;0
Romorantin-Lanthenay;47.35;1.74;11/08/2026;05:00;18.6;0;SOLEIL;3;0;0
Romorantin-Lanthenay;47.35;1.74;11/08/2026;06:00;18.6;0;SOLEIL;3;0;0
Romorantin-Lanthenay;47.35;1.74;11/08/2026;07:00;18.6;0;SOLEIL;3;0;0
Romorantin-Lanthenay;47.35;1.74;11/08/2026;08:00;21.4;0;SOLEIL;5;0;0
Romorantin-Lanthenay;47.35;1.74;11/08/2026;09:00;23.0;0;SOLEIL;5;0;0
Romorantin-Lanthenay;47.35;1.74;11/08/2026;10:00;24.7;0;SOLEIL;5;0;0
Romorantin-Lanthenay;47.35;1.74;11/08/2026;11:00;31;0;SOLEIL;3;0;0
Romorantin-Lanthenay;47.35;1.74;11/08/2026;12:00;31;0;SOLEIL;3;0;0
Romorantin-Lanthenay;47.35;1.74;11/08/2026;13:00;31;0;SOLEIL;3;0;0
Romorantin-Lanthenay;47.35;1.74;11/08/2026;14:00;31.4;0;SOLEIL;5;0;0
Romorantin-Lanthenay;47.35;1.74;11/08/2026;15:00;33.1;0;SOLEIL;5;0;0
Romorantin-Lanthenay;47.35;1.74;11/08/2026;16:00;31.4;0;SOLEIL;5;0;0
Romorantin-Lanthenay;47.35;1.74;11/08/2026;17:00;31.2;0;SOLEIL;3;0;0
Romorantin-Lanthenay;47.35;1.74;11/08/2026;18:00;31.2;0;SOLEIL;3;0;0
Romorantin-Lanthenay;47.35;1.74;11/08/2026;19:00;31.2;0;SOLEIL;3;0;0
Romorantin-Lanthenay;47.35;1.74;11/08/2026;20:00;24.7;0;SOLEIL;5;0;0
Romorantin-Lanthenay;47.35;1.74;11/08/2026;21:00;23.0;0;SOLEIL;5;0;0
Romorantin-Lanthenay;47.35;1.74;11/08/2026;22:00;21.4;0;SOLEIL;5;0;0
Romorantin-Lanthenay;47.35;1.74;11/08/2026;23:00;22.1;0;SOLEIL;4;0;0
Romorantin-Lanthenay;47.35;1.74;12/08/2026;00:00;22.1;0;SOLEIL;4;0;0
Romorantin-Lanthenay;47.35;1.74;12/08/2026;01:00;22.1;0;SOLEIL;4;0;0
Romorantin-Lanthenay;47.35;1.74;12/08/2026;02:00;17.4;0;SOLEIL;5;0;0
Romorantin-Lanthenay;47.35;1.74;12/08/2026;03:00;17.4;0;SOLEIL;5;0;0
Romorantin-Lanthenay;47.35;1.74;12/08/2026;04:00;17.4;0;SOLEIL;5;0;0
Romorantin-Lanthenay;47.35;1.74;12/08/2026;05:00;19.6;0;SOLEIL;3;0;0
Romorantin-Lanthenay;47.35;1.74;12/08/2026;06:00;19.6;0;SOLEIL;3;0;0
Romorantin-Lanthenay;47.35;1.74;12/08/2026;07:00;19.6;0;SOLEIL;3;0;0
Romorantin-Lanthenay;47.35;1.74;12/08/2026;08:00;21.1;0;SOLEIL;5;0;0
Romorantin-Lanthenay;47.35;1.74;12/08/2026;09:00;22.9;0;SOLEIL;5;0;0
Romorantin-Lanthenay;47.35;1.74;12/08/2026;10:00;24.7;0;SOLEIL;5;0;0
Romorantin-Lanthenay;47.35;1.74;12/08/2026;11:00;34;0;SOLEIL;2;0;0
Romorantin-Lanthenay;47.35;1.74;12/08/2026;12:00;34;0;SOLEIL;2;0;0
Romorantin-Lanthenay;47.35;1.74;12/08/2026;13:00;34;0;SOLEIL;2;0;0
Romorantin-Lanthenay;47.35;1.74;12/08/2026;14:00;32.1;0;SOLEIL;5;0;0
Romorantin-Lanthenay;47.35;1.74;12/08/2026;15:00;33.9;0;SOLEIL;5;0;0
Romorantin-Lanthenay;47.35;1.74;12/08/2026;16:00;32.1;0;SOLEIL;5;0;0
Romorantin-Lanthenay;47.35;1.74;12/08/2026;17:00;34.4;0;SOLEIL;2;0;0
Romorantin-Lanthenay;47.35;1.74;12/08/2026;18:00;34.4;0;SOLEIL;2;0;0
Romorantin-Lanthenay;47.35;1.74;12/08/2026;19:00;34.4;0;SOLEIL;2;0;0
Romorantin-Lanthenay;47.35;1.74;12/08/2026;20:00;24.7;0;SOLEIL;5;0;0
Romorantin-Lanthenay;47.35;1.74;12/08/2026;21:00;22.9;0;SOLEIL;5;0;0
Romorantin-Lanthenay;47.35;1.74;12/08/2026;22:00;21.1;0;SOLEIL;5;0;0
Romorantin-Lanthenay;47.35;1.74;12/08/2026;23:00;23.7;0;SOLEIL;2;0;0
Vendôme;47.79;1.06;08/08/2026;00:00;14.2;0;SOLEIL;2;0;0
Vendôme;47.79;1.06;08/08/2026;01:00;14.2;0;SOLEIL;2;0;0
Vendôme;47.79;1.06;08/08/2026;02:00;11.6;0;SOLEIL;3;0;0
Vendôme;47.79;1.06;08/08/2026;03:00;11.6;0;SOLEIL;3;0;0
Vendôme;47.79;1.06;08/08/2026;04:00;11.6;0;SOLEIL;3;0;0
Vendôme;47.79;1.06;08/08/2026;05:00;15;5;SOLEIL VOILÉ;3;0;0
Vendôme;47.79;1.06;08/08/2026;06:00;15;5;SOLEIL VOILÉ;3;0;0
Vendôme;47.79;1.06;08/08/2026;07:00;15;5;SOLEIL VOILÉ;3;0;0
Vendôme;47.79;1.06;08/08/2026;08:00;25.4;0;SOLEIL;2;0;0
Vendôme;47.79;1.06;08/08/2026;09:00;25.4;0;SOLEIL;2;0;0
Vendôme;47.79;1.06;08/08/2026;10:00;25.4;0;SOLEIL;2;0;0
Vendôme;47.79;1.06;08/08/2026;11:00;30.9;0;SOLEIL;2;0;0
Vendôme;47.79;1.06;08/08/2026;12:00;30.9;0;SOLEIL;2;0;0
Vendôme;47.79;1.06;08/08/2026;13:00;30.9;0;SOLEIL;2;0;0
Vendôme;47.79;1.06;08/08/2026;14:00;33.6;0;SOLEIL;1;0;0
Vendôme;47.79;1.06;08/08/2026;15:00;33.6;0;SOLEIL;1;0;0
Vendôme;47.79;1.06;08/08/2026;16:00;33.6;0;SOLEIL;1;0;0
Vendôme;47.79;1.06;08/08/2026;17:00;32.1;0;SOLEIL;1;0;0
Vendôme;47.79;1.06;08/08/2026;18:00;32.1;0;SOLEIL;1;0;0
Vendôme;47.79;1.06;08/08/2026;19:00;32.1;0;SOLEIL;1;0;0
Vendôme;47.79;1.06;08/08/2026;20:00;20.6;0;SOLEIL;2;0;0
Vendôme;47.79;1.06;08/08/2026;21:00;20.6;0;SOLEIL;2;0;0
Vendôme;47.79;1.06;08/08/2026;22:00;20.6;0;SOLEIL;2;0;0
Vendôme;47.79;1.06;08/08/2026;23:00;18.2;5;SOLEIL VOILÉ;2;0;0
Vendôme;47.79;1.06;09/08/2026;00:00;18.2;5;SOLEIL VOILÉ;2;0;0
Vendôme;47.79;1.06;09/08/2026;01:00;18.2;5;SOLEIL VOILÉ;2;0;0
Vendôme;47.79;1.06;09/08/2026;02:00;16.1;5;SOLEIL VOILÉ;2;0;0
Vendôme;47.79;1.06;09/08/2026;03:00;16.1;5;SOLEIL VOILÉ;2;0;0
Vendôme;47.79;1.06;09/08/2026;04:00;16.1;5;SOLEIL VOILÉ;2;0;0
Vendôme;47.79;1.06;09/08/2026;05:00;19.4;5;SOLEIL VOILÉ;2;0;0
Vendôme;47.79;1.06;09/08/2026;06:00;19.4;5;SOLEIL VOILÉ;2;0;0
Vendôme;47.79;1.06;09/08/2026;07:00;19.4;5;SOLEIL VOILÉ;2;0;0
Vendôme;47.79;1.06;09/08/2026;08:00;26.1;5;SOLEIL VOILÉ;2;0;0
Vendôme;47.79;1.06;09/08/2026;09:00;26.1;5;SOLEIL VOILÉ;2;0;0
Vendôme;47.79;1.06;09/08/2026;10:00;26.1;5;SOLEIL VOILÉ;2;0;0
Vendôme;47.79;1.06;09/08/2026;11:00;30.6;0;SOLEIL;3;0;0
Vendôme;47.79;1.06;09/08/2026;12:00;30.6;0;SOLEIL;3;0;0
Vendôme;47.79;1.06;09/08/2026;13:00;30.6;0;SOLEIL;3;0;0
Vendôme;47.79;1.06;09/08/2026;14:00;33.1;0;SOLEIL;2;0;0
Vendôme;47.79;1.06;09/08/2026;15:00;33.1;0;SOLEIL;2;0;0
Vendôme;47.79;1.06;09/08/2026;16:00;33.1;0;SOLEIL;2;0;0
Vendôme;47.79;1.06;09/08/2026;17:00;30.2;0;SOLEIL;3;0;0
Vendôme;47.79;1.06;09/08/2026;18:00;30.2;0;SOLEIL;3;0;0
Vendôme;47.79;1.06;09/08/2026;19:00;30.2;0;SOLEIL;3;0;0
Vendôme;47.79;1.06;09/08/2026;20:00;21.4;0;SOLEIL;5;0;0
Vendôme;47.79;1.06;09/08/2026;21:00;18.8;0;SOLEIL;5;0;0
Vendôme;47.79;1.06;09/08/2026;22:00;16.2;0;SOLEIL;5;0;0
Vendôme;47.79;1.06;09/08/2026;23:00;18.9;0;SOLEIL;3;0;0
Vendôme;47.79;1.06;10/08/2026;00:00;18.9;0;SOLEIL;3;0;0
Vendôme;47.79;1.06;10/08/2026;01:00;18.9;0;SOLEIL;3;0;0
Vendôme;47.79;1.06;10/08/2026;02:00;15.6;2;NUAGEUX;5;0;0
Vendôme;47.79;1.06;10/08/2026;03:00;15.6;2;NUAGEUX;5;0;0
Vendôme;47.79;1.06;10/08/2026;04:00;15.6;2;NUAGEUX;5;0;0
Vendôme;47.79;1.06;10/08/2026;05:00;18.2;0;SOLEIL;2;0;0
Vendôme;47.79;1.06;10/08/2026;06:00;18.2;0;SOLEIL;2;0;0
Vendôme;47.79;1.06;10/08/2026;07:00;18.2;0;SOLEIL;2;0;0
Vendôme;47.79;1.06;10/08/2026;08:00;19.7;2;NUAGEUX;5;0;0
Vendôme;47.79;1.06;10/08/2026;09:00;21.7;2;NUAGEUX;5;0;0
Vendôme;47.79;1.06;10/08/2026;10:00;23.8;2;NUAGEUX;5;0;0
Vendôme;47.79;1.06;10/08/2026;11:00;31.5;0;SOLEIL;2;0;0
Vendôme;47.79;1.06;10/08/2026;12:00;31.5;0;SOLEIL;2;0;0
Vendôme;47.79;1.06;10/08/2026;13:00;31.5;0;SOLEIL;2;0;0
Vendôme;47.79;1.06;10/08/2026;14:00;32.0;2;NUAGEUX;5;0;0
Vendôme;47.79;1.06;10/08/2026;15:00;34.0;2;NUAGEUX;5;0;0
Vendôme;47.79;1.06;10/08/2026;16:00;32.0;2;NUAGEUX;5;0;0
Vendôme;47.79;1.06;10/08/2026;17:00;30.7;0;SOLEIL;3;0;0
Vendôme;47.79;1.06;10/08/2026;18:00;30.7;0;SOLEIL;3;0;0
Vendôme;47.79;1.06;10/08/2026;19:00;30.7;0;SOLEIL;3;0;0
Vendôme;47.79;1.06;10/08/2026;20:00;23.8;2;NUAGEUX;5;0;0
Vendôme;47.79;1.06;10/08/2026;21:00;21.7;2;NUAGEUX;5;0;0
Vendôme;47.79;1.06;10/08/2026;22:00;19.7;2;NUAGEUX;5;0;0
Vendôme;47.79;1.06;10/08/2026;23:00;19.6;0;SOLEIL;4;0;0
Vendôme;47.79;1.06;11/08/2026;00:00;19.6;0;SOLEIL;4;0;0
Vendôme;47.79;1.06;11/08/2026;01:00;19.6;0;SOLEIL;4;0;0
Vendôme;47.79;1.06;11/08/2026;02:00;16.6;0;SOLEIL;5;0;0
Vendôme;47.79;1.06;11/08/2026;03:00;16.6;0;SOLEIL;5;0;0
Vendôme;47.79;1.06;11/08/2026;04:00;16.6;0;SOLEIL;5;0;0
Vendôme;47.79;1.06;11/08/2026;05:00;18.4;0;SOLEIL;3;0;0
Vendôme;47.79;1.06;11/08/2026;06:00;18.4;0;SOLEIL;3;0;0
Vendôme;47.79;1.06;11/08/2026;07:00;18.4;0;SOLEIL;3;0;0
Vendôme;47.79;1.06;11/08/2026;08:00;20.3;0;SOLEIL;5;0;0
Vendôme;47.79;1.06;11/08/2026;09:00;22.2;0;SOLEIL;5;0;0
Vendôme;47.79;1.06;11/08/2026;10:00;24.1;0;SOLEIL;5;0;0
Vendôme;47.79;1.06;11/08/2026;11:00;32;0;SOLEIL;3;0;0
Vendôme;47.79;1.06;11/08/2026;12:00;32;0;SOLEIL;3;0;0
Vendôme;47.79;1.06;11/08/2026;13:00;32;0;SOLEIL;3;0;0
Vendôme;47.79;1.06;11/08/2026;14:00;31.5;0;SOLEIL;5;0;0
Vendôme;47.79;1.06;11/08/2026;15:00;33.4;0;SOLEIL;5;0;0
Vendôme;47.79;1.06;11/08/2026;16:00;31.5;0;SOLEIL;5;0;0
Vendôme;47.79;1.06;11/08/2026;17:00;31.7;0;SOLEIL;3;0;0
Vendôme;47.79;1.06;11/08/2026;18:00;31.7;0;SOLEIL;3;0;0
Vendôme;47.79;1.06;11/08/2026;19:00;31.7;0;SOLEIL;3;0;0
Vendôme;47.79;1.06;11/08/2026;20:00;24.1;0;SOLEIL;5;0;0
Vendôme;47.79;1.06;11/08/2026;21:00;22.2;0;SOLEIL;5;0;0
Vendôme;47.79;1.06;11/08/2026;22:00;20.3;0;SOLEIL;5;0;0
Vendôme;47.79;1.06;11/08/2026;23:00;20.4;0;SOLEIL;3;0;0
Vendôme;47.79;1.06;12/08/2026;00:00;20.4;0;SOLEIL;3;0;0
Vendôme;47.79;1.06;12/08/2026;01:00;20.4;0;SOLEIL;3;0;0
Vendôme;47.79;1.06;12/08/2026;02:00;16.1;0;SOLEIL;5;0;0
Vendôme;47.79;1.06;12/08/2026;03:00;16.1;0;SOLEIL;5;0;0
Vendôme;47.79;1.06;12/08/2026;04:00;16.1;0;SOLEIL;5;0;0
Vendôme;47.79;1.06;12/08/2026;05:00;18.6;0;SOLEIL;3;0;0
Vendôme;47.79;1.06;12/08/2026;06:00;18.6;0;SOLEIL;3;0;0
Vendôme;47.79;1.06;12/08/2026;07:00;18.6;0;SOLEIL;3;0;0
Vendôme;47.79;1.06;12/08/2026;08:00;20.2;0;SOLEIL;5;0;0
Vendôme;47.79;1.06;12/08/2026;09:00;22.3;0;SOLEIL;5;0;0
Vendôme;47.79;1.06;12/08/2026;10:00;24.3;0;SOLEIL;5;0;0
Vendôme;47.79;1.06;12/08/2026;11:00;33.6;0;SOLEIL;3;0;0
Vendôme;47.79;1.06;12/08/2026;12:00;33.6;0;SOLEIL;3;0;0
Vendôme;47.79;1.06;12/08/2026;13:00;33.6;0;SOLEIL;3;0;0
Vendôme;47.79;1.06;12/08/2026;14:00;32.5;0;SOLEIL;5;0;0
Vendôme;47.79;1.06;12/08/2026;15:00;34.6;0;SOLEIL;5;0;0
Vendôme;47.79;1.06;12/08/2026;16:00;32.5;0;SOLEIL;5;0;0
Vendôme;47.79;1.06;12/08/2026;17:00;33.6;0;SOLEIL;2;0;0
Vendôme;47.79;1.06;12/08/2026;18:00;33.6;0;SOLEIL;2;0;0
Vendôme;47.79;1.06;12/08/2026;19:00;33.6;0;SOLEIL;2;0;0
Vendôme;47.79;1.06;12/08/2026;20:00;24.3;0;SOLEIL;5;0;0
Vendôme;47.79;1.06;12/08/2026;21:00;22.3;0;SOLEIL;5;0;0
Vendôme;47.79;1.06;12/08/2026;22:00;20.2;0;SOLEIL;5;0;0
Vendôme;47.79;1.06;12/08/2026;23:00;21.5;0;SOLEIL;3;0;0
Montargis;47.99;2.73;08/08/2026;00:00;17.1;0;SOLEIL;2;0;0
Montargis;47.99;2.73;08/08/2026;01:00;17.1;0;SOLEIL;2;0;0
Montargis;47.99;2.73;08/08/2026;02:00;14.9;0;SOLEIL;3;0;0
Montargis;47.99;2.73;08/08/2026;03:00;14.9;0;SOLEIL;3;0;0
Montargis;47.99;2.73;08/08/2026;04:00;14.9;0;SOLEIL;3;0;0
Montargis;47.99;2.73;08/08/2026;05:00;15.9;5;SOLEIL VOILÉ;4;0;0
Montargis;47.99;2.73;08/08/2026;06:00;15.9;5;SOLEIL VOILÉ;4;0;0
Montargis;47.99;2.73;08/08/2026;07:00;15.9;5;SOLEIL VOILÉ;4;0;0
Montargis;47.99;2.73;08/08/2026;08:00;24.5;0;SOLEIL;3;0;0
Montargis;47.99;2.73;08/08/2026;09:00;24.5;0;SOLEIL;3;0;0
Montargis;47.99;2.73;08/08/2026;10:00;24.5;0;SOLEIL;3;0;0
Montargis;47.99;2.73;08/08/2026;11:00;29.7;0;SOLEIL;3;0;0
Montargis;47.99;2.73;08/08/2026;12:00;29.7;0;SOLEIL;3;0;0
Montargis;47.99;2.73;08/08/2026;13:00;29.7;0;SOLEIL;3;0;0
Montargis;47.99;2.73;08/08/2026;14:00;31.7;0;SOLEIL;1;0;0
Montargis;47.99;2.73;08/08/2026;15:00;31.7;0;SOLEIL;1;0;0
Montargis;47.99;2.73;08/08/2026;16:00;31.7;0;SOLEIL;1;0;0
Montargis;47.99;2.73;08/08/2026;17:00;31;0;SOLEIL;1;0;0
Montargis;47.99;2.73;08/08/2026;18:00;31;0;SOLEIL;1;0;0
Montargis;47.99;2.73;08/08/2026;19:00;31;0;SOLEIL;1;0;0
Montargis;47.99;2.73;08/08/2026;20:00;24;0;SOLEIL;2;0;0
Montargis;47.99;2.73;08/08/2026;21:00;24;0;SOLEIL;2;0;0
Montargis;47.99;2.73;08/08/2026;22:00;24;0;SOLEIL;2;0;0
Montargis;47.99;2.73;08/08/2026;23:00;20.6;5;SOLEIL VOILÉ;2;0;0
Montargis;47.99;2.73;09/08/2026;00:00;20.6;5;SOLEIL VOILÉ;2;0;0
Montargis;47.99;2.73;09/08/2026;01:00;20.6;5;SOLEIL VOILÉ;2;0;0
Montargis;47.99;2.73;09/08/2026;02:00;18.2;5;SOLEIL VOILÉ;3;0;0
Montargis;47.99;2.73;09/08/2026;03:00;18.2;5;SOLEIL VOILÉ;3;0;0
Montargis;47.99;2.73;09/08/2026;04:00;18.2;5;SOLEIL VOILÉ;3;0;0
Montargis;47.99;2.73;09/08/2026;05:00;19.5;5;SOLEIL VOILÉ;2;0;0
Montargis;47.99;2.73;09/08/2026;06:00;19.5;5;SOLEIL VOILÉ;2;0;0
Montargis;47.99;2.73;09/08/2026;07:00;19.5;5;SOLEIL VOILÉ;2;0;0
Montargis;47.99;2.73;09/08/2026;08:00;27.4;5;SOLEIL VOILÉ;2;0;0
Montargis;47.99;2.73;09/08/2026;09:00;27.4;5;SOLEIL VOILÉ;2;0;0
Montargis;47.99;2.73;09/08/2026;10:00;27.4;5;SOLEIL VOILÉ;2;0;0
Montargis;47.99;2.73;09/08/2026;11:00;29.6;10;ORAGEUX;2;0;0
Montargis;47.99;2.73;09/08/2026;12:00;29.6;10;ORAGEUX;2;0;0
Montargis;47.99;2.73;09/08/2026;13:00;29.6;10;ORAGEUX;2;0;0
Montargis;47.99;2.73;09/08/2026;14:00;32.4;0;SOLEIL;2;0;0
Montargis;47.99;2.73;09/08/2026;15:00;32.4;0;SOLEIL;2;0;0
Montargis;47.99;2.73;09/08/2026;16:00;32.4;0;SOLEIL;2;0;0
Montargis;47.99;2.73;09/08/2026;17:00;30.9;0;SOLEIL;1;0;0
Montargis;47.99;2.73;09/08/2026;18:00;30.9;0;SOLEIL;1;0;0
Montargis;47.99;2.73;09/08/2026;19:00;30.9;0;SOLEIL;1;0;0
Montargis;47.99;2.73;09/08/2026;20:00;21.8;0;SOLEIL;5;0;0
Montargis;47.99;2.73;09/08/2026;21:00;19.8;0;SOLEIL;5;0;0
Montargis;47.99;2.73;09/08/2026;22:00;17.7;0;SOLEIL;5;0;0
Montargis;47.99;2.73;09/08/2026;23:00;21.1;0;SOLEIL;3;0;0
Montargis;47.99;2.73;10/08/2026;00:00;21.1;0;SOLEIL;3;0;0
Montargis;47.99;2.73;10/08/2026;01:00;21.1;0;SOLEIL;3;0;0
Montargis;47.99;2.73;10/08/2026;02:00;17.9;10;ORAGEUX;5;0;0
Montargis;47.99;2.73;10/08/2026;03:00;17.9;10;ORAGEUX;5;0;0
Montargis;47.99;2.73;10/08/2026;04:00;17.9;10;ORAGEUX;5;0;0
Montargis;47.99;2.73;10/08/2026;05:00;19;0;SOLEIL;3;0;0
Montargis;47.99;2.73;10/08/2026;06:00;19;0;SOLEIL;3;0;0
Montargis;47.99;2.73;10/08/2026;07:00;19;0;SOLEIL;3;0;0
Montargis;47.99;2.73;10/08/2026;08:00;21.3;10;ORAGEUX;5;0;0
Montargis;47.99;2.73;10/08/2026;09:00;23.1;10;ORAGEUX;5;0;0
Montargis;47.99;2.73;10/08/2026;10:00;24.8;10;ORAGEUX;5;0;0
Montargis;47.99;2.73;10/08/2026;11:00;31.1;0;SOLEIL;3;0;0
Montargis;47.99;2.73;10/08/2026;12:00;31.1;0;SOLEIL;3;0;0
Montargis;47.99;2.73;10/08/2026;13:00;31.1;0;SOLEIL;3;0;0
Montargis;47.99;2.73;10/08/2026;14:00;31.7;10;ORAGEUX;5;0;0
Montargis;47.99;2.73;10/08/2026;15:00;33.4;10;ORAGEUX;5;0;0
Montargis;47.99;2.73;10/08/2026;16:00;31.7;10;ORAGEUX;5;0;0
Montargis;47.99;2.73;10/08/2026;17:00;28.7;0;SOLEIL;3;0;0
Montargis;47.99;2.73;10/08/2026;18:00;28.7;0;SOLEIL;3;0;0
Montargis;47.99;2.73;10/08/2026;19:00;28.7;0;SOLEIL;3;0;0
Montargis;47.99;2.73;10/08/2026;20:00;24.8;10;ORAGEUX;5;0;0
Montargis;47.99;2.73;10/08/2026;21:00;23.1;10;ORAGEUX;5;0;0
Montargis;47.99;2.73;10/08/2026;22:00;21.3;10;ORAGEUX;5;0;0
Montargis;47.99;2.73;10/08/2026;23:00;20.1;0;SOLEIL;4;0;0
Montargis;47.99;2.73;11/08/2026;00:00;20.1;0;SOLEIL;4;0;0
Montargis;47.99;2.73;11/08/2026;01:00;20.1;0;SOLEIL;4;0;0
Montargis;47.99;2.73;11/08/2026;02:00;17.1;0;SOLEIL;5;0;0
Montargis;47.99;2.73;11/08/2026;03:00;17.1;0;SOLEIL;5;0;0
Montargis;47.99;2.73;11/08/2026;04:00;17.1;0;SOLEIL;5;0;0
Montargis;47.99;2.73;11/08/2026;05:00;18.7;0;SOLEIL;4;0;0
Montargis;47.99;2.73;11/08/2026;06:00;18.7;0;SOLEIL;4;0;0
Montargis;47.99;2.73;11/08/2026;07:00;18.7;0;SOLEIL;4;0;0
Montargis;47.99;2.73;11/08/2026;08:00;20.7;0;SOLEIL;5;0;0
Montargis;47.99;2.73;11/08/2026;09:00;22.4;0;SOLEIL;5;0;0
Montargis;47.99;2.73;11/08/2026;10:00;24.2;0;SOLEIL;5;0;0
Montargis;47.99;2.73;11/08/2026;11:00;31.6;0;SOLEIL;3;0;0
Montargis;47.99;2.73;11/08/2026;12:00;31.6;0;SOLEIL;3;0;0
Montargis;47.99;2.73;11/08/2026;13:00;31.6;0;SOLEIL;3;0;0
Montargis;47.99;2.73;11/08/2026;14:00;31.3;0;SOLEIL;5;0;0
Montargis;47.99;2.73;11/08/2026;15:00;33.1;0;SOLEIL;5;0;0
Montargis;47.99;2.73;11/08/2026;16:00;31.3;0;SOLEIL;5;0;0
Montargis;47.99;2.73;11/08/2026;17:00;30.6;0;SOLEIL;4;0;0
Montargis;47.99;2.73;11/08/2026;18:00;30.6;0;SOLEIL;4;0;0
Montargis;47.99;2.73;11/08/2026;19:00;30.6;0;SOLEIL;4;0;0
Montargis;47.99;2.73;11/08/2026;20:00;24.2;0;SOLEIL;5;0;0
Montargis;47.99;2.73;11/08/2026;21:00;22.4;0;SOLEIL;5;0;0
Montargis;47.99;2.73;11/08/2026;22:00;20.7;0;SOLEIL;5;0;0
Montargis;47.99;2.73;11/08/2026;23:00;21.1;0;SOLEIL;4;0;0
Montargis;47.99;2.73;12/08/2026;00:00;21.1;0;SOLEIL;4;0;0
Montargis;47.99;2.73;12/08/2026;01:00;21.1;0;SOLEIL;4;0;0
Montargis;47.99;2.73;12/08/2026;02:00;17.1;0;SOLEIL;5;0;0
Montargis;47.99;2.73;12/08/2026;03:00;17.1;0;SOLEIL;5;0;0
Montargis;47.99;2.73;12/08/2026;04:00;17.1;0;SOLEIL;5;0;0
Montargis;47.99;2.73;12/08/2026;05:00;20.5;0;SOLEIL;4;0;0
Montargis;47.99;2.73;12/08/2026;06:00;20.5;0;SOLEIL;4;0;0
Montargis;47.99;2.73;12/08/2026;07:00;20.5;0;SOLEIL;4;0;0
Montargis;47.99;2.73;12/08/2026;08:00;20.8;0;SOLEIL;5;0;0
Montargis;47.99;2.73;12/08/2026;09:00;22.6;0;SOLEIL;5;0;0
Montargis;47.99;2.73;12/08/2026;10:00;24.4;0;SOLEIL;5;0;0
Montargis;47.99;2.73;12/08/2026;11:00;34.6;0;SOLEIL;3;0;0
Montargis;47.99;2.73;12/08/2026;12:00;34.6;0;SOLEIL;3;0;0
Montargis;47.99;2.73;12/08/2026;13:00;34.6;0;SOLEIL;3;0;0
Montargis;47.99;2.73;12/08/2026;14:00;31.8;0;SOLEIL;5;0;0
Montargis;47.99;2.73;12/08/2026;15:00;33.6;0;SOLEIL;5;0;0
Montargis;47.99;2.73;12/08/2026;16:00;31.8;0;SOLEIL;5;0;0
Montargis;47.99;2.73;12/08/2026;17:00;33.1;0;SOLEIL;2;0;0
Montargis;47.99;2.73;12/08/2026;18:00;33.1;0;SOLEIL;2;0;0
Montargis;47.99;2.73;12/08/2026;19:00;33.1;0;SOLEIL;2;0;0
Montargis;47.99;2.73;12/08/2026;20:00;24.4;0;SOLEIL;5;0;0
Montargis;47.99;2.73;12/08/2026;21:00;22.6;0;SOLEIL;5;0;0
Montargis;47.99;2.73;12/08/2026;22:00;20.8;0;SOLEIL;5;0;0
Montargis;47.99;2.73;12/08/2026;23:00;22.4;0;SOLEIL;3;0;0
Orléans;47.9;1.9;08/08/2026;00:00;16.5;0;SOLEIL;3;0;0
Orléans;47.9;1.9;08/08/2026;01:00;16.5;0;SOLEIL;3;0;0
Orléans;47.9;1.9;08/08/2026;02:00;13.9;0;SOLEIL;2;0;0
Orléans;47.9;1.9;08/08/2026;03:00;13.9;0;SOLEIL;2;0;0
Orléans;47.9;1.9;08/08/2026;04:00;13.9;0;SOLEIL;2;0;0
Orléans;47.9;1.9;08/08/2026;05:00;16.4;0;SOLEIL;2;0;0
Orléans;47.9;1.9;08/08/2026;06:00;16.4;0;SOLEIL;2;0;0
Orléans;47.9;1.9;08/08/2026;07:00;16.4;0;SOLEIL;2;0;0
Orléans;47.9;1.9;08/08/2026;08:00;23.9;0;SOLEIL;2;0;0
Orléans;47.9;1.9;08/08/2026;09:00;23.9;0;SOLEIL;2;0;0
Orléans;47.9;1.9;08/08/2026;10:00;23.9;0;SOLEIL;2;0;0
Orléans;47.9;1.9;08/08/2026;11:00;29.9;0;SOLEIL;2;0;0
Orléans;47.9;1.9;08/08/2026;12:00;29.9;0;SOLEIL;2;0;0
Orléans;47.9;1.9;08/08/2026;13:00;29.9;0;SOLEIL;2;0;0
Orléans;47.9;1.9;08/08/2026;14:00;32.7;0;SOLEIL;2;0;0
Orléans;47.9;1.9;08/08/2026;15:00;32.7;0;SOLEIL;2;0;0
Orléans;47.9;1.9;08/08/2026;16:00;32.7;0;SOLEIL;2;0;0
Orléans;47.9;1.9;08/08/2026;17:00;31.4;0;SOLEIL;1;0;0
Orléans;47.9;1.9;08/08/2026;18:00;31.4;0;SOLEIL;1;0;0
Orléans;47.9;1.9;08/08/2026;19:00;31.4;0;SOLEIL;1;0;0
Orléans;47.9;1.9;08/08/2026;20:00;24.1;0;SOLEIL;2;0;0
Orléans;47.9;1.9;08/08/2026;21:00;24.1;0;SOLEIL;2;0;0
Orléans;47.9;1.9;08/08/2026;22:00;24.1;0;SOLEIL;2;0;0
Orléans;47.9;1.9;08/08/2026;23:00;19.6;5;SOLEIL VOILÉ;2;0;0
Orléans;47.9;1.9;09/08/2026;00:00;19.6;5;SOLEIL VOILÉ;2;0;0
Orléans;47.9;1.9;09/08/2026;01:00;19.6;5;SOLEIL VOILÉ;2;0;0
Orléans;47.9;1.9;09/08/2026;02:00;17.1;5;SOLEIL VOILÉ;2;0;0
Orléans;47.9;1.9;09/08/2026;03:00;17.1;5;SOLEIL VOILÉ;2;0;0
Orléans;47.9;1.9;09/08/2026;04:00;17.1;5;SOLEIL VOILÉ;2;0;0
Orléans;47.9;1.9;09/08/2026;05:00;19;5;SOLEIL VOILÉ;1;0;0
Orléans;47.9;1.9;09/08/2026;06:00;19;5;SOLEIL VOILÉ;1;0;0
Orléans;47.9;1.9;09/08/2026;07:00;19;5;SOLEIL VOILÉ;1;0;0
Orléans;47.9;1.9;09/08/2026;08:00;25.2;5;SOLEIL VOILÉ;2;0;0
Orléans;47.9;1.9;09/08/2026;09:00;25.2;5;SOLEIL VOILÉ;2;0;0
Orléans;47.9;1.9;09/08/2026;10:00;25.2;5;SOLEIL VOILÉ;2;0;0
Orléans;47.9;1.9;09/08/2026;11:00;28.9;5;SOLEIL VOILÉ;2;0;0
Orléans;47.9;1.9;09/08/2026;12:00;28.9;5;SOLEIL VOILÉ;2;0;0
Orléans;47.9;1.9;09/08/2026;13:00;28.9;5;SOLEIL VOILÉ;2;0;0
Orléans;47.9;1.9;09/08/2026;14:00;32.4;0;SOLEIL;2;0;0
Orléans;47.9;1.9;09/08/2026;15:00;32.4;0;SOLEIL;2;0;0
Orléans;47.9;1.9;09/08/2026;16:00;32.4;0;SOLEIL;2;0;0
Orléans;47.9;1.9;09/08/2026;17:00;31.4;0;SOLEIL;3;0;0
Orléans;47.9;1.9;09/08/2026;18:00;31.4;0;SOLEIL;3;0;0
Orléans;47.9;1.9;09/08/2026;19:00;31.4;0;SOLEIL;3;0;0
Orléans;47.9;1.9;09/08/2026;20:00;22.0;0;SOLEIL;5;0;0
Orléans;47.9;1.9;09/08/2026;21:00;19.8;0;SOLEIL;5;0;0
Orléans;47.9;1.9;09/08/2026;22:00;17.6;0;SOLEIL;5;0;0
Orléans;47.9;1.9;09/08/2026;23:00;20.6;0;SOLEIL;2;0;0
Orléans;47.9;1.9;10/08/2026;00:00;20.6;0;SOLEIL;2;0;0
Orléans;47.9;1.9;10/08/2026;01:00;20.6;0;SOLEIL;2;0;0
Orléans;47.9;1.9;10/08/2026;02:00;16.5;5;SOLEIL VOILÉ;5;0;0
Orléans;47.9;1.9;10/08/2026;03:00;16.5;5;SOLEIL VOILÉ;5;0;0
Orléans;47.9;1.9;10/08/2026;04:00;16.5;5;SOLEIL VOILÉ;5;0;0
Orléans;47.9;1.9;10/08/2026;05:00;20.2;0;SOLEIL;2;0;0
Orléans;47.9;1.9;10/08/2026;06:00;20.2;0;SOLEIL;2;0;0
Orléans;47.9;1.9;10/08/2026;07:00;20.2;0;SOLEIL;2;0;0
Orléans;47.9;1.9;10/08/2026;08:00;20.3;5;SOLEIL VOILÉ;5;0;0
Orléans;47.9;1.9;10/08/2026;09:00;22.2;5;SOLEIL VOILÉ;5;0;0
Orléans;47.9;1.9;10/08/2026;10:00;24.1;5;SOLEIL VOILÉ;5;0;0
Orléans;47.9;1.9;10/08/2026;11:00;31.9;0;SOLEIL;3;0;0
Orléans;47.9;1.9;10/08/2026;12:00;31.9;0;SOLEIL;3;0;0
Orléans;47.9;1.9;10/08/2026;13:00;31.9;0;SOLEIL;3;0;0
Orléans;47.9;1.9;10/08/2026;14:00;31.7;5;SOLEIL VOILÉ;5;0;0
Orléans;47.9;1.9;10/08/2026;15:00;33.6;5;SOLEIL VOILÉ;5;0;0
Orléans;47.9;1.9;10/08/2026;16:00;31.7;5;SOLEIL VOILÉ;5;0;0
Orléans;47.9;1.9;10/08/2026;17:00;30.9;0;SOLEIL;3;0;0
Orléans;47.9;1.9;10/08/2026;18:00;30.9;0;SOLEIL;3;0;0
Orléans;47.9;1.9;10/08/2026;19:00;30.9;0;SOLEIL;3;0;0
Orléans;47.9;1.9;10/08/2026;20:00;24.1;5;SOLEIL VOILÉ;5;0;0
Orléans;47.9;1.9;10/08/2026;21:00;22.2;5;SOLEIL VOILÉ;5;0;0
Orléans;47.9;1.9;10/08/2026;22:00;20.3;5;SOLEIL VOILÉ;5;0;0
Orléans;47.9;1.9;10/08/2026;23:00;22.6;0;SOLEIL;4;0;0
Orléans;47.9;1.9;11/08/2026;00:00;22.6;0;SOLEIL;4;0;0
Orléans;47.9;1.9;11/08/2026;01:00;22.6;0;SOLEIL;4;0;0
Orléans;47.9;1.9;11/08/2026;02:00;18.6;0;SOLEIL;5;0;0
Orléans;47.9;1.9;11/08/2026;03:00;18.6;0;SOLEIL;5;0;0
Orléans;47.9;1.9;11/08/2026;04:00;18.6;0;SOLEIL;5;0;0
Orléans;47.9;1.9;11/08/2026;05:00;19.2;0;SOLEIL;3;0;0
Orléans;47.9;1.9;11/08/2026;06:00;19.2;0;SOLEIL;3;0;0
Orléans;47.9;1.9;11/08/2026;07:00;19.2;0;SOLEIL;3;0;0
Orléans;47.9;1.9;11/08/2026;08:00;21.9;0;SOLEIL;5;0;0
Orléans;47.9;1.9;11/08/2026;09:00;23.6;0;SOLEIL;5;0;0
Orléans;47.9;1.9;11/08/2026;10:00;25.3;0;SOLEIL;5;0;0
Orléans;47.9;1.9;11/08/2026;11:00;31.4;0;SOLEIL;3;0;0
Orléans;47.9;1.9;11/08/2026;12:00;31.4;0;SOLEIL;3;0;0
Orléans;47.9;1.9;11/08/2026;13:00;31.4;0;SOLEIL;3;0;0
Orléans;47.9;1.9;11/08/2026;14:00;31.9;0;SOLEIL;5;0;0
Orléans;47.9;1.9;11/08/2026;15:00;33.6;0;SOLEIL;5;0;0
Orléans;47.9;1.9;11/08/2026;16:00;31.9;0;SOLEIL;5;0;0
Orléans;47.9;1.9;11/08/2026;17:00;30.5;0;SOLEIL;3;0;0
Orléans;47.9;1.9;11/08/2026;18:00;30.5;0;SOLEIL;3;0;0
Orléans;47.9;1.9;11/08/2026;19:00;30.5;0;SOLEIL;3;0;0
Orléans;47.9;1.9;11/08/2026;20:00;25.3;0;SOLEIL;5;0;0
Orléans;47.9;1.9;11/08/2026;21:00;23.6;0;SOLEIL;5;0;0
Orléans;47.9;1.9;11/08/2026;22:00;21.9;0;SOLEIL;5;0;0
Orléans;47.9;1.9;11/08/2026;23:00;22.1;0;SOLEIL;4;0;0
Orléans;47.9;1.9;12/08/2026;00:00;22.1;0;SOLEIL;4;0;0
Orléans;47.9;1.9;12/08/2026;01:00;22.1;0;SOLEIL;4;0;0
Orléans;47.9;1.9;12/08/2026;02:00;17.9;0;SOLEIL;5;0;0
Orléans;47.9;1.9;12/08/2026;03:00;17.9;0;SOLEIL;5;0;0
Orléans;47.9;1.9;12/08/2026;04:00;17.9;0;SOLEIL;5;0;0
Orléans;47.9;1.9;12/08/2026;05:00;19.5;0;SOLEIL;3;0;0
Orléans;47.9;1.9;12/08/2026;06:00;19.5;0;SOLEIL;3;0;0
Orléans;47.9;1.9;12/08/2026;07:00;19.5;0;SOLEIL;3;0;0
Orléans;47.9;1.9;12/08/2026;08:00;21.3;0;SOLEIL;5;0;0
Orléans;47.9;1.9;12/08/2026;09:00;23.1;0;SOLEIL;5;0;0
Orléans;47.9;1.9;12/08/2026;10:00;24.8;0;SOLEIL;5;0;0
Orléans;47.9;1.9;12/08/2026;11:00;33.6;0;SOLEIL;2;0;0
Orléans;47.9;1.9;12/08/2026;12:00;33.6;0;SOLEIL;2;0;0
Orléans;47.9;1.9;12/08/2026;13:00;33.6;0;SOLEIL;2;0;0
Orléans;47.9;1.9;12/08/2026;14:00;31.7;0;SOLEIL;5;0;0
Orléans;47.9;1.9;12/08/2026;15:00;33.4;0;SOLEIL;5;0;0
Orléans;47.9;1.9;12/08/2026;16:00;31.7;0;SOLEIL;5;0;0
Orléans;47.9;1.9;12/08/2026;17:00;33.5;0;SOLEIL;2;0;0
Orléans;47.9;1.9;12/08/2026;18:00;33.5;0;SOLEIL;2;0;0
Orléans;47.9;1.9;12/08/2026;19:00;33.5;0;SOLEIL;2;0;0
Orléans;47.9;1.9;12/08/2026;20:00;24.8;0;SOLEIL;5;0;0
Orléans;47.9;1.9;12/08/2026;21:00;23.1;0;SOLEIL;5;0;0
Orléans;47.9;1.9;12/08/2026;22:00;21.3;0;SOLEIL;5;0;0
Orléans;47.9;1.9;12/08/2026;23:00;23.6;0;SOLEIL;2;0;0
Pithiviers;48.17;2.25;08/08/2026;00:00;18.6;0;SOLEIL;3;0;0
Pithiviers;48.17;2.25;08/08/2026;01:00;18.6;0;SOLEIL;3;0;0
Pithiviers;48.17;2.25;08/08/2026;02:00;16;0;SOLEIL;3;0;0
Pithiviers;48.17;2.25;08/08/2026;03:00;16;0;SOLEIL;3;0;0
Pithiviers;48.17;2.25;08/08/2026;04:00;16;0;SOLEIL;3;0;0
Pithiviers;48.17;2.25;08/08/2026;05:00;15.6;0;SOLEIL;3;0;0
Pithiviers;48.17;2.25;08/08/2026;06:00;15.6;0;SOLEIL;3;0;0
Pithiviers;48.17;2.25;08/08/2026;07:00;15.6;0;SOLEIL;3;0;0
Pithiviers;48.17;2.25;08/08/2026;08:00;24.1;5;SOLEIL VOILÉ;3;0;0
Pithiviers;48.17;2.25;08/08/2026;09:00;24.1;5;SOLEIL VOILÉ;3;0;0
Pithiviers;48.17;2.25;08/08/2026;10:00;24.1;5;SOLEIL VOILÉ;3;0;0
Pithiviers;48.17;2.25;08/08/2026;11:00;29.4;0;SOLEIL;2;0;0
Pithiviers;48.17;2.25;08/08/2026;12:00;29.4;0;SOLEIL;2;0;0
Pithiviers;48.17;2.25;08/08/2026;13:00;29.4;0;SOLEIL;2;0;0
Pithiviers;48.17;2.25;08/08/2026;14:00;32.1;0;SOLEIL;2;0;0
Pithiviers;48.17;2.25;08/08/2026;15:00;32.1;0;SOLEIL;2;0;0
Pithiviers;48.17;2.25;08/08/2026;16:00;32.1;0;SOLEIL;2;0;0
Pithiviers;48.17;2.25;08/08/2026;17:00;31.5;0;SOLEIL;2;0;0
Pithiviers;48.17;2.25;08/08/2026;18:00;31.5;0;SOLEIL;2;0;0
Pithiviers;48.17;2.25;08/08/2026;19:00;31.5;0;SOLEIL;2;0;0
Pithiviers;48.17;2.25;08/08/2026;20:00;24.2;0;SOLEIL;2;0;0
Pithiviers;48.17;2.25;08/08/2026;21:00;24.2;0;SOLEIL;2;0;0
Pithiviers;48.17;2.25;08/08/2026;22:00;24.2;0;SOLEIL;2;0;0
Pithiviers;48.17;2.25;08/08/2026;23:00;21.2;5;SOLEIL VOILÉ;2;0;0
Pithiviers;48.17;2.25;09/08/2026;00:00;21.2;5;SOLEIL VOILÉ;2;0;0
Pithiviers;48.17;2.25;09/08/2026;01:00;21.2;5;SOLEIL VOILÉ;2;0;0
Pithiviers;48.17;2.25;09/08/2026;02:00;17.4;5;SOLEIL VOILÉ;2;0;0
Pithiviers;48.17;2.25;09/08/2026;03:00;17.4;5;SOLEIL VOILÉ;2;0;0
Pithiviers;48.17;2.25;09/08/2026;04:00;17.4;5;SOLEIL VOILÉ;2;0;0
Pithiviers;48.17;2.25;09/08/2026;05:00;19.5;5;SOLEIL VOILÉ;2;0;0
Pithiviers;48.17;2.25;09/08/2026;06:00;19.5;5;SOLEIL VOILÉ;2;0;0
Pithiviers;48.17;2.25;09/08/2026;07:00;19.5;5;SOLEIL VOILÉ;2;0;0
Pithiviers;48.17;2.25;09/08/2026;08:00;27.1;0;SOLEIL;2;0;0
Pithiviers;48.17;2.25;09/08/2026;09:00;27.1;0;SOLEIL;2;0;0
Pithiviers;48.17;2.25;09/08/2026;10:00;27.1;0;SOLEIL;2;0;0
Pithiviers;48.17;2.25;09/08/2026;11:00;29.6;5;SOLEIL VOILÉ;4;0;0
Pithiviers;48.17;2.25;09/08/2026;12:00;29.6;5;SOLEIL VOILÉ;4;0;0
Pithiviers;48.17;2.25;09/08/2026;13:00;29.6;5;SOLEIL VOILÉ;4;0;0
Pithiviers;48.17;2.25;09/08/2026;14:00;31.9;0;SOLEIL;2;0;0
Pithiviers;48.17;2.25;09/08/2026;15:00;31.9;0;SOLEIL;2;0;0
Pithiviers;48.17;2.25;09/08/2026;16:00;31.9;0;SOLEIL;2;0;0
Pithiviers;48.17;2.25;09/08/2026;17:00;30.9;0;SOLEIL;3;0;0
Pithiviers;48.17;2.25;09/08/2026;18:00;30.9;0;SOLEIL;3;0;0
Pithiviers;48.17;2.25;09/08/2026;19:00;30.9;0;SOLEIL;3;0;0
Pithiviers;48.17;2.25;09/08/2026;20:00;22.7;0;SOLEIL;5;0;0
Pithiviers;48.17;2.25;09/08/2026;21:00;20.6;0;SOLEIL;5;0;0
Pithiviers;48.17;2.25;09/08/2026;22:00;18.6;0;SOLEIL;5;0;0
Pithiviers;48.17;2.25;09/08/2026;23:00;21.2;0;SOLEIL;3;0;0
Pithiviers;48.17;2.25;10/08/2026;00:00;21.2;0;SOLEIL;3;0;0
Pithiviers;48.17;2.25;10/08/2026;01:00;21.2;0;SOLEIL;3;0;0
Pithiviers;48.17;2.25;10/08/2026;02:00;16.9;2;NUAGEUX;5;0;0
Pithiviers;48.17;2.25;10/08/2026;03:00;16.9;2;NUAGEUX;5;0;0
Pithiviers;48.17;2.25;10/08/2026;04:00;16.9;2;NUAGEUX;5;0;0
Pithiviers;48.17;2.25;10/08/2026;05:00;20;0;SOLEIL;3;0;0
Pithiviers;48.17;2.25;10/08/2026;06:00;20;0;SOLEIL;3;0;0
Pithiviers;48.17;2.25;10/08/2026;07:00;20;0;SOLEIL;3;0;0
Pithiviers;48.17;2.25;10/08/2026;08:00;20.4;2;NUAGEUX;5;0;0
Pithiviers;48.17;2.25;10/08/2026;09:00;22.2;2;NUAGEUX;5;0;0
Pithiviers;48.17;2.25;10/08/2026;10:00;23.9;2;NUAGEUX;5;0;0
Pithiviers;48.17;2.25;10/08/2026;11:00;31.2;0;SOLEIL;3;0;0
Pithiviers;48.17;2.25;10/08/2026;12:00;31.2;0;SOLEIL;3;0;0
Pithiviers;48.17;2.25;10/08/2026;13:00;31.2;0;SOLEIL;3;0;0
Pithiviers;48.17;2.25;10/08/2026;14:00;30.9;2;NUAGEUX;5;0;0
Pithiviers;48.17;2.25;10/08/2026;15:00;32.7;2;NUAGEUX;5;0;0
Pithiviers;48.17;2.25;10/08/2026;16:00;30.9;2;NUAGEUX;5;0;0
Pithiviers;48.17;2.25;10/08/2026;17:00;30.1;0;SOLEIL;3;0;0
Pithiviers;48.17;2.25;10/08/2026;18:00;30.1;0;SOLEIL;3;0;0
Pithiviers;48.17;2.25;10/08/2026;19:00;30.1;0;SOLEIL;3;0;0
Pithiviers;48.17;2.25;10/08/2026;20:00;23.9;2;NUAGEUX;5;0;0
Pithiviers;48.17;2.25;10/08/2026;21:00;22.2;2;NUAGEUX;5;0;0
Pithiviers;48.17;2.25;10/08/2026;22:00;20.4;2;NUAGEUX;5;0;0
Pithiviers;48.17;2.25;10/08/2026;23:00;22.2;0;SOLEIL;4;0;0
Pithiviers;48.17;2.25;11/08/2026;00:00;22.2;0;SOLEIL;4;0;0
Pithiviers;48.17;2.25;11/08/2026;01:00;22.2;0;SOLEIL;4;0;0
Pithiviers;48.17;2.25;11/08/2026;02:00;18.6;0;SOLEIL;5;0;0
Pithiviers;48.17;2.25;11/08/2026;03:00;18.6;0;SOLEIL;5;0;0
Pithiviers;48.17;2.25;11/08/2026;04:00;18.6;0;SOLEIL;5;0;0
Pithiviers;48.17;2.25;11/08/2026;05:00;19.4;0;SOLEIL;3;0;0
Pithiviers;48.17;2.25;11/08/2026;06:00;19.4;0;SOLEIL;3;0;0
Pithiviers;48.17;2.25;11/08/2026;07:00;19.4;0;SOLEIL;3;0;0
Pithiviers;48.17;2.25;11/08/2026;08:00;21.8;0;SOLEIL;5;0;0
Pithiviers;48.17;2.25;11/08/2026;09:00;23.5;0;SOLEIL;5;0;0
Pithiviers;48.17;2.25;11/08/2026;10:00;25.1;0;SOLEIL;5;0;0
Pithiviers;48.17;2.25;11/08/2026;11:00;30.5;0;SOLEIL;3;0;0
Pithiviers;48.17;2.25;11/08/2026;12:00;30.5;0;SOLEIL;3;0;0
Pithiviers;48.17;2.25;11/08/2026;13:00;30.5;0;SOLEIL;3;0;0
Pithiviers;48.17;2.25;11/08/2026;14:00;31.6;0;SOLEIL;5;0;0
Pithiviers;48.17;2.25;11/08/2026;15:00;33.2;0;SOLEIL;5;0;0
Pithiviers;48.17;2.25;11/08/2026;16:00;31.6;0;SOLEIL;5;0;0
Pithiviers;48.17;2.25;11/08/2026;17:00;29.9;0;SOLEIL;4;0;0
Pithiviers;48.17;2.25;11/08/2026;18:00;29.9;0;SOLEIL;4;0;0
Pithiviers;48.17;2.25;11/08/2026;19:00;29.9;0;SOLEIL;4;0;0
Pithiviers;48.17;2.25;11/08/2026;20:00;25.1;0;SOLEIL;5;0;0
Pithiviers;48.17;2.25;11/08/2026;21:00;23.5;0;SOLEIL;5;0;0
Pithiviers;48.17;2.25;11/08/2026;22:00;21.8;0;SOLEIL;5;0;0
Pithiviers;48.17;2.25;11/08/2026;23:00;21.9;0;SOLEIL;4;0;0
Pithiviers;48.17;2.25;12/08/2026;00:00;21.9;0;SOLEIL;4;0;0
Pithiviers;48.17;2.25;12/08/2026;01:00;21.9;0;SOLEIL;4;0;0
Pithiviers;48.17;2.25;12/08/2026;02:00;18.1;0;SOLEIL;5;0;0
Pithiviers;48.17;2.25;12/08/2026;03:00;18.1;0;SOLEIL;5;0;0
Pithiviers;48.17;2.25;12/08/2026;04:00;18.1;0;SOLEIL;5;0;0
Pithiviers;48.17;2.25;12/08/2026;05:00;20.4;0;SOLEIL;3;0;0
Pithiviers;48.17;2.25;12/08/2026;06:00;20.4;0;SOLEIL;3;0;0
Pithiviers;48.17;2.25;12/08/2026;07:00;20.4;0;SOLEIL;3;0;0
Pithiviers;48.17;2.25;12/08/2026;08:00;21.2;0;SOLEIL;5;0;0
Pithiviers;48.17;2.25;12/08/2026;09:00;22.8;0;SOLEIL;5;0;0
Pithiviers;48.17;2.25;12/08/2026;10:00;24.4;0;SOLEIL;5;0;0
Pithiviers;48.17;2.25;12/08/2026;11:00;33.1;0;SOLEIL;3;0;0
Pithiviers;48.17;2.25;12/08/2026;12:00;33.1;0;SOLEIL;3;0;0
Pithiviers;48.17;2.25;12/08/2026;13:00;33.1;0;SOLEIL;3;0;0
Pithiviers;48.17;2.25;12/08/2026;14:00;30.6;0;SOLEIL;5;0;0
Pithiviers;48.17;2.25;12/08/2026;15:00;32.2;0;SOLEIL;5;0;0
Pithiviers;48.17;2.25;12/08/2026;16:00;30.6;0;SOLEIL;5;0;0
Pithiviers;48.17;2.25;12/08/2026;17:00;33.1;0;SOLEIL;2;0;0
Pithiviers;48.17;2.25;12/08/2026;18:00;33.1;0;SOLEIL;2;0;0
Pithiviers;48.17;2.25;12/08/2026;19:00;33.1;0;SOLEIL;2;0;0
Pithiviers;48.17;2.25;12/08/2026;20:00;24.4;0;SOLEIL;5;0;0
Pithiviers;48.17;2.25;12/08/2026;21:00;22.8;0;SOLEIL;5;0;0
Pithiviers;48.17;2.25;12/08/2026;22:00;21.2;0;SOLEIL;5;0;0
Pithiviers;48.17;2.25;12/08/2026;23:00;23.9;0;SOLEIL;3;0;0
