Ville;Latitude;Longitude;Date;Heure;temperature_2m;weathercode;Temps_Label;windspeed_10m;wind_gusts_10m;precipitation
Bayeux;49.28;-0.7;08/08/2026;00:00;14.5;0;SOLEIL;3;0;0
Bayeux;49.28;-0.7;08/08/2026;01:00;14.5;0;SOLEIL;3;0;0
Bayeux;49.28;-0.7;08/08/2026;02:00;12.7;0;SOLEIL;2;0;0
Bayeux;49.28;-0.7;08/08/2026;03:00;12.7;0;SOLEIL;2;0;0
Bayeux;49.28;-0.7;08/08/2026;04:00;12.7;0;SOLEIL;2;0;0
Bayeux;49.28;-0.7;08/08/2026;05:00;14.5;0;SOLEIL;2;0;0
Bayeux;49.28;-0.7;08/08/2026;06:00;14.5;0;SOLEIL;2;0;0
Bayeux;49.28;-0.7;08/08/2026;07:00;14.5;0;SOLEIL;2;0;0
Bayeux;49.28;-0.7;08/08/2026;08:00;24.2;5;SOLEIL VOILÉ;3;0;0
Bayeux;49.28;-0.7;08/08/2026;09:00;24.2;5;SOLEIL VOILÉ;3;0;0
Bayeux;49.28;-0.7;08/08/2026;10:00;24.2;5;SOLEIL VOILÉ;3;0;0
Bayeux;49.28;-0.7;08/08/2026;11:00;28.6;5;SOLEIL VOILÉ;2;0;0
Bayeux;49.28;-0.7;08/08/2026;12:00;28.6;5;SOLEIL VOILÉ;2;0;0
Bayeux;49.28;-0.7;08/08/2026;13:00;28.6;5;SOLEIL VOILÉ;2;0;0
Bayeux;49.28;-0.7;08/08/2026;14:00;30.7;5;SOLEIL VOILÉ;2;0;0
Bayeux;49.28;-0.7;08/08/2026;15:00;30.7;5;SOLEIL VOILÉ;2;0;0
Bayeux;49.28;-0.7;08/08/2026;16:00;30.7;5;SOLEIL VOILÉ;2;0;0
Bayeux;49.28;-0.7;08/08/2026;17:00;27.7;0;SOLEIL;1;0;0
Bayeux;49.28;-0.7;08/08/2026;18:00;27.7;0;SOLEIL;1;0;0
Bayeux;49.28;-0.7;08/08/2026;19:00;27.7;0;SOLEIL;1;0;0
Bayeux;49.28;-0.7;08/08/2026;20:00;19.7;0;SOLEIL;3;0;0
Bayeux;49.28;-0.7;08/08/2026;21:00;19.7;0;SOLEIL;3;0;0
Bayeux;49.28;-0.7;08/08/2026;22:00;19.7;0;SOLEIL;3;0;0
Bayeux;49.28;-0.7;08/08/2026;23:00;15.6;0;SOLEIL;2;0;0
Bayeux;49.28;-0.7;09/08/2026;00:00;15.6;0;SOLEIL;2;0;0
Bayeux;49.28;-0.7;09/08/2026;01:00;15.6;0;SOLEIL;2;0;0
Bayeux;49.28;-0.7;09/08/2026;02:00;13.9;0;SOLEIL;2;0;0
Bayeux;49.28;-0.7;09/08/2026;03:00;13.9;0;SOLEIL;2;0;0
Bayeux;49.28;-0.7;09/08/2026;04:00;13.9;0;SOLEIL;2;0;0
Bayeux;49.28;-0.7;09/08/2026;05:00;15.6;0;SOLEIL;2;0;0
Bayeux;49.28;-0.7;09/08/2026;06:00;15.6;0;SOLEIL;2;0;0
Bayeux;49.28;-0.7;09/08/2026;07:00;15.6;0;SOLEIL;2;0;0
Bayeux;49.28;-0.7;09/08/2026;08:00;27.1;0;SOLEIL;2;0;0
Bayeux;49.28;-0.7;09/08/2026;09:00;27.1;0;SOLEIL;2;0;0
Bayeux;49.28;-0.7;09/08/2026;10:00;27.1;0;SOLEIL;2;0;0
Bayeux;49.28;-0.7;09/08/2026;11:00;31.4;0;SOLEIL;2;0;0
Bayeux;49.28;-0.7;09/08/2026;12:00;31.4;0;SOLEIL;2;0;0
Bayeux;49.28;-0.7;09/08/2026;13:00;31.4;0;SOLEIL;2;0;0
Bayeux;49.28;-0.7;09/08/2026;14:00;31.2;0;SOLEIL;3;0;0
Bayeux;49.28;-0.7;09/08/2026;15:00;31.2;0;SOLEIL;3;0;0
Bayeux;49.28;-0.7;09/08/2026;16:00;31.2;0;SOLEIL;3;0;0
Bayeux;49.28;-0.7;09/08/2026;17:00;27;0;SOLEIL;4;0;0
Bayeux;49.28;-0.7;09/08/2026;18:00;27;0;SOLEIL;4;0;0
Bayeux;49.28;-0.7;09/08/2026;19:00;27;0;SOLEIL;4;0;0
Bayeux;49.28;-0.7;09/08/2026;20:00;20.4;0;SOLEIL;5;0;0
Bayeux;49.28;-0.7;09/08/2026;21:00;18.4;0;SOLEIL;5;0;0
Bayeux;49.28;-0.7;09/08/2026;22:00;16.3;0;SOLEIL;5;0;0
Bayeux;49.28;-0.7;09/08/2026;23:00;17.9;0;SOLEIL;3;0;0
Bayeux;49.28;-0.7;10/08/2026;00:00;17.9;0;SOLEIL;3;0;0
Bayeux;49.28;-0.7;10/08/2026;01:00;17.9;0;SOLEIL;3;0;0
Bayeux;49.28;-0.7;10/08/2026;02:00;13.1;0;SOLEIL;5;0;0
Bayeux;49.28;-0.7;10/08/2026;03:00;13.1;0;SOLEIL;5;0;0
Bayeux;49.28;-0.7;10/08/2026;04:00;13.1;0;SOLEIL;5;0;0
Bayeux;49.28;-0.7;10/08/2026;05:00;18.7;0;SOLEIL;3;0;0
Bayeux;49.28;-0.7;10/08/2026;06:00;18.7;0;SOLEIL;3;0;0
Bayeux;49.28;-0.7;10/08/2026;07:00;18.7;0;SOLEIL;3;0;0
Bayeux;49.28;-0.7;10/08/2026;08:00;17.5;0;SOLEIL;5;0;0
Bayeux;49.28;-0.7;10/08/2026;09:00;19.7;0;SOLEIL;5;0;0
Bayeux;49.28;-0.7;10/08/2026;10:00;21.9;0;SOLEIL;5;0;0
Bayeux;49.28;-0.7;10/08/2026;11:00;28.2;0;SOLEIL;3;0;0
Bayeux;49.28;-0.7;10/08/2026;12:00;28.2;0;SOLEIL;3;0;0
Bayeux;49.28;-0.7;10/08/2026;13:00;28.2;0;SOLEIL;3;0;0
Bayeux;49.28;-0.7;10/08/2026;14:00;30.8;0;SOLEIL;5;0;0
Bayeux;49.28;-0.7;10/08/2026;15:00;33.0;0;SOLEIL;5;0;0
Bayeux;49.28;-0.7;10/08/2026;16:00;30.8;0;SOLEIL;5;0;0
Bayeux;49.28;-0.7;10/08/2026;17:00;25.2;0;SOLEIL;4;0;0
Bayeux;49.28;-0.7;10/08/2026;18:00;25.2;0;SOLEIL;4;0;0
Bayeux;49.28;-0.7;10/08/2026;19:00;25.2;0;SOLEIL;4;0;0
Bayeux;49.28;-0.7;10/08/2026;20:00;21.9;0;SOLEIL;5;0;0
Bayeux;49.28;-0.7;10/08/2026;21:00;19.7;0;SOLEIL;5;0;0
Bayeux;49.28;-0.7;10/08/2026;22:00;17.5;0;SOLEIL;5;0;0
Bayeux;49.28;-0.7;10/08/2026;23:00;18.6;0;SOLEIL;3;0;0
Bayeux;49.28;-0.7;11/08/2026;00:00;18.6;0;SOLEIL;3;0;0
Bayeux;49.28;-0.7;11/08/2026;01:00;18.6;0;SOLEIL;3;0;0
Bayeux;49.28;-0.7;11/08/2026;02:00;17.6;0;SOLEIL;5;0;0
Bayeux;49.28;-0.7;11/08/2026;03:00;17.6;0;SOLEIL;5;0;0
Bayeux;49.28;-0.7;11/08/2026;04:00;17.6;0;SOLEIL;5;0;0
Bayeux;49.28;-0.7;11/08/2026;05:00;17.9;0;SOLEIL;3;0;0
Bayeux;49.28;-0.7;11/08/2026;06:00;17.9;0;SOLEIL;3;0;0
Bayeux;49.28;-0.7;11/08/2026;07:00;17.9;0;SOLEIL;3;0;0
Bayeux;49.28;-0.7;11/08/2026;08:00;20.3;0;SOLEIL;5;0;0
Bayeux;49.28;-0.7;11/08/2026;09:00;21.6;0;SOLEIL;5;0;0
Bayeux;49.28;-0.7;11/08/2026;10:00;22.9;0;SOLEIL;5;0;0
Bayeux;49.28;-0.7;11/08/2026;11:00;30;0;SOLEIL;3;0;0
Bayeux;49.28;-0.7;11/08/2026;12:00;30;0;SOLEIL;3;0;0
Bayeux;49.28;-0.7;11/08/2026;13:00;30;0;SOLEIL;3;0;0
Bayeux;49.28;-0.7;11/08/2026;14:00;28.3;0;SOLEIL;5;0;0
Bayeux;49.28;-0.7;11/08/2026;15:00;29.6;0;SOLEIL;5;0;0
Bayeux;49.28;-0.7;11/08/2026;16:00;28.3;0;SOLEIL;5;0;0
Bayeux;49.28;-0.7;11/08/2026;17:00;28.9;0;SOLEIL;4;0;0
Bayeux;49.28;-0.7;11/08/2026;18:00;28.9;0;SOLEIL;4;0;0
Bayeux;49.28;-0.7;11/08/2026;19:00;28.9;0;SOLEIL;4;0;0
Bayeux;49.28;-0.7;11/08/2026;20:00;22.9;0;SOLEIL;5;0;0
Bayeux;49.28;-0.7;11/08/2026;21:00;21.6;0;SOLEIL;5;0;0
Bayeux;49.28;-0.7;11/08/2026;22:00;20.3;0;SOLEIL;5;0;0
Bayeux;49.28;-0.7;11/08/2026;23:00;22;0;SOLEIL;4;0;0
Bayeux;49.28;-0.7;12/08/2026;00:00;22;0;SOLEIL;4;0;0
Bayeux;49.28;-0.7;12/08/2026;01:00;22;0;SOLEIL;4;0;0
Bayeux;49.28;-0.7;12/08/2026;02:00;16.6;0;SOLEIL;5;0;0
Bayeux;49.28;-0.7;12/08/2026;03:00;16.6;0;SOLEIL;5;0;0
Bayeux;49.28;-0.7;12/08/2026;04:00;16.6;0;SOLEIL;5;0;0
Bayeux;49.28;-0.7;12/08/2026;05:00;19.4;0;SOLEIL;3;0;0
Bayeux;49.28;-0.7;12/08/2026;06:00;19.4;0;SOLEIL;3;0;0
Bayeux;49.28;-0.7;12/08/2026;07:00;19.4;0;SOLEIL;3;0;0
Bayeux;49.28;-0.7;12/08/2026;08:00;20.0;0;SOLEIL;5;0;0
Bayeux;49.28;-0.7;12/08/2026;09:00;21.7;0;SOLEIL;5;0;0
Bayeux;49.28;-0.7;12/08/2026;10:00;23.4;0;SOLEIL;5;0;0
Bayeux;49.28;-0.7;12/08/2026;11:00;32.5;0;SOLEIL;3;0;0
Bayeux;49.28;-0.7;12/08/2026;12:00;32.5;0;SOLEIL;3;0;0
Bayeux;49.28;-0.7;12/08/2026;13:00;32.5;0;SOLEIL;3;0;0
Bayeux;49.28;-0.7;12/08/2026;14:00;30.3;0;SOLEIL;5;0;0
Bayeux;49.28;-0.7;12/08/2026;15:00;32.0;0;SOLEIL;5;0;0
Bayeux;49.28;-0.7;12/08/2026;16:00;30.3;0;SOLEIL;5;0;0
Bayeux;49.28;-0.7;12/08/2026;17:00;32;0;SOLEIL;2;0;0
Bayeux;49.28;-0.7;12/08/2026;18:00;32;0;SOLEIL;2;0;0
Bayeux;49.28;-0.7;12/08/2026;19:00;32;0;SOLEIL;2;0;0
Bayeux;49.28;-0.7;12/08/2026;20:00;23.4;0;SOLEIL;5;0;0
Bayeux;49.28;-0.7;12/08/2026;21:00;21.7;0;SOLEIL;5;0;0
Bayeux;49.28;-0.7;12/08/2026;22:00;20.0;0;SOLEIL;5;0;0
Bayeux;49.28;-0.7;12/08/2026;23:00;23.1;0;SOLEIL;3;0;0
Caen;49.18;-0.37;08/08/2026;00:00;14.9;0;SOLEIL;1;0;0
Caen;49.18;-0.37;08/08/2026;01:00;14.9;0;SOLEIL;1;0;0
Caen;49.18;-0.37;08/08/2026;02:00;12.7;0;SOLEIL;2;0;0
Caen;49.18;-0.37;08/08/2026;03:00;12.7;0;SOLEIL;2;0;0
Caen;49.18;-0.37;08/08/2026;04:00;12.7;0;SOLEIL;2;0;0
Caen;49.18;-0.37;08/08/2026;05:00;14.4;5;SOLEIL VOILÉ;3;0;0
Caen;49.18;-0.37;08/08/2026;06:00;14.4;5;SOLEIL VOILÉ;3;0;0
Caen;49.18;-0.37;08/08/2026;07:00;14.4;5;SOLEIL VOILÉ;3;0;0
Caen;49.18;-0.37;08/08/2026;08:00;22.9;5;SOLEIL VOILÉ;3;0;0
Caen;49.18;-0.37;08/08/2026;09:00;22.9;5;SOLEIL VOILÉ;3;0;0
Caen;49.18;-0.37;08/08/2026;10:00;22.9;5;SOLEIL VOILÉ;3;0;0
Caen;49.18;-0.37;08/08/2026;11:00;27;5;SOLEIL VOILÉ;3;0;0
Caen;49.18;-0.37;08/08/2026;12:00;27;5;SOLEIL VOILÉ;3;0;0
Caen;49.18;-0.37;08/08/2026;13:00;27;5;SOLEIL VOILÉ;3;0;0
Caen;49.18;-0.37;08/08/2026;14:00;26.6;5;SOLEIL VOILÉ;5;0;0
Caen;49.18;-0.37;08/08/2026;15:00;26.6;5;SOLEIL VOILÉ;5;0;0
Caen;49.18;-0.37;08/08/2026;16:00;26.6;5;SOLEIL VOILÉ;5;0;0
Caen;49.18;-0.37;08/08/2026;17:00;24.4;0;SOLEIL;4;0;0
Caen;49.18;-0.37;08/08/2026;18:00;24.4;0;SOLEIL;4;0;0
Caen;49.18;-0.37;08/08/2026;19:00;24.4;0;SOLEIL;4;0;0
Caen;49.18;-0.37;08/08/2026;20:00;19.7;0;SOLEIL;2;0;0
Caen;49.18;-0.37;08/08/2026;21:00;19.7;0;SOLEIL;2;0;0
Caen;49.18;-0.37;08/08/2026;22:00;19.7;0;SOLEIL;2;0;0
Caen;49.18;-0.37;08/08/2026;23:00;18.2;0;SOLEIL;2;0;0
Caen;49.18;-0.37;09/08/2026;00:00;18.2;0;SOLEIL;2;0;0
Caen;49.18;-0.37;09/08/2026;01:00;18.2;0;SOLEIL;2;0;0
Caen;49.18;-0.37;09/08/2026;02:00;17.4;0;SOLEIL;2;0;0
Caen;49.18;-0.37;09/08/2026;03:00;17.4;0;SOLEIL;2;0;0
Caen;49.18;-0.37;09/08/2026;04:00;17.4;0;SOLEIL;2;0;0
Caen;49.18;-0.37;09/08/2026;05:00;18.7;0;SOLEIL;2;0;0
Caen;49.18;-0.37;09/08/2026;06:00;18.7;0;SOLEIL;2;0;0
Caen;49.18;-0.37;09/08/2026;07:00;18.7;0;SOLEIL;2;0;0
Caen;49.18;-0.37;09/08/2026;08:00;25.7;0;SOLEIL;3;0;0
Caen;49.18;-0.37;09/08/2026;09:00;25.7;0;SOLEIL;3;0;0
Caen;49.18;-0.37;09/08/2026;10:00;25.7;0;SOLEIL;3;0;0
Caen;49.18;-0.37;09/08/2026;11:00;26.6;0;SOLEIL;3;0;0
Caen;49.18;-0.37;09/08/2026;12:00;26.6;0;SOLEIL;3;0;0
Caen;49.18;-0.37;09/08/2026;13:00;26.6;0;SOLEIL;3;0;0
Caen;49.18;-0.37;09/08/2026;14:00;26.7;0;SOLEIL;5;0;0
Caen;49.18;-0.37;09/08/2026;15:00;26.7;0;SOLEIL;5;0;0
Caen;49.18;-0.37;09/08/2026;16:00;26.7;0;SOLEIL;5;0;0
Caen;49.18;-0.37;09/08/2026;17:00;24.9;0;SOLEIL;3;0;0
Caen;49.18;-0.37;09/08/2026;18:00;24.9;0;SOLEIL;3;0;0
Caen;49.18;-0.37;09/08/2026;19:00;24.9;0;SOLEIL;3;0;0
Caen;49.18;-0.37;09/08/2026;20:00;19.0;5;SOLEIL VOILÉ;5;0;0
Caen;49.18;-0.37;09/08/2026;21:00;17.3;5;SOLEIL VOILÉ;5;0;0
Caen;49.18;-0.37;09/08/2026;22:00;15.5;5;SOLEIL VOILÉ;5;0;0
Caen;49.18;-0.37;09/08/2026;23:00;17.4;0;SOLEIL;4;0;0
Caen;49.18;-0.37;10/08/2026;00:00;17.4;0;SOLEIL;4;0;0
Caen;49.18;-0.37;10/08/2026;01:00;17.4;0;SOLEIL;4;0;0
Caen;49.18;-0.37;10/08/2026;02:00;17;0;SOLEIL;5;0;0
Caen;49.18;-0.37;10/08/2026;03:00;17;0;SOLEIL;5;0;0
Caen;49.18;-0.37;10/08/2026;04:00;17;0;SOLEIL;5;0;0
Caen;49.18;-0.37;10/08/2026;05:00;17.7;0;SOLEIL;3;0;0
Caen;49.18;-0.37;10/08/2026;06:00;17.7;0;SOLEIL;3;0;0
Caen;49.18;-0.37;10/08/2026;07:00;17.7;0;SOLEIL;3;0;0
Caen;49.18;-0.37;10/08/2026;08:00;19.4;0;SOLEIL;5;0;0
Caen;49.18;-0.37;10/08/2026;09:00;20.6;0;SOLEIL;5;0;0
Caen;49.18;-0.37;10/08/2026;10:00;21.8;0;SOLEIL;5;0;0
Caen;49.18;-0.37;10/08/2026;11:00;24.6;0;SOLEIL;3;0;0
Caen;49.18;-0.37;10/08/2026;12:00;24.6;0;SOLEIL;3;0;0
Caen;49.18;-0.37;10/08/2026;13:00;24.6;0;SOLEIL;3;0;0
Caen;49.18;-0.37;10/08/2026;14:00;26.5;0;SOLEIL;5;0;0
Caen;49.18;-0.37;10/08/2026;15:00;27.7;0;SOLEIL;5;0;0
Caen;49.18;-0.37;10/08/2026;16:00;26.5;0;SOLEIL;5;0;0
Caen;49.18;-0.37;10/08/2026;17:00;22.2;0;SOLEIL;3;0;0
Caen;49.18;-0.37;10/08/2026;18:00;22.2;0;SOLEIL;3;0;0
Caen;49.18;-0.37;10/08/2026;19:00;22.2;0;SOLEIL;3;0;0
Caen;49.18;-0.37;10/08/2026;20:00;21.8;0;SOLEIL;5;0;0
Caen;49.18;-0.37;10/08/2026;21:00;20.6;0;SOLEIL;5;0;0
Caen;49.18;-0.37;10/08/2026;22:00;19.4;0;SOLEIL;5;0;0
Caen;49.18;-0.37;10/08/2026;23:00;17.1;0;SOLEIL;2;0;0
Caen;49.18;-0.37;11/08/2026;00:00;17.1;0;SOLEIL;2;0;0
Caen;49.18;-0.37;11/08/2026;01:00;17.1;0;SOLEIL;2;0;0
Caen;49.18;-0.37;11/08/2026;02:00;16.5;0;SOLEIL;5;0;0
Caen;49.18;-0.37;11/08/2026;03:00;16.5;0;SOLEIL;5;0;0
Caen;49.18;-0.37;11/08/2026;04:00;16.5;0;SOLEIL;5;0;0
Caen;49.18;-0.37;11/08/2026;05:00;17.2;0;SOLEIL;4;0;0
Caen;49.18;-0.37;11/08/2026;06:00;17.2;0;SOLEIL;4;0;0
Caen;49.18;-0.37;11/08/2026;07:00;17.2;0;SOLEIL;4;0;0
Caen;49.18;-0.37;11/08/2026;08:00;18.4;0;SOLEIL;5;0;0
Caen;49.18;-0.37;11/08/2026;09:00;19.4;0;SOLEIL;5;0;0
Caen;49.18;-0.37;11/08/2026;10:00;20.3;0;SOLEIL;5;0;0
Caen;49.18;-0.37;11/08/2026;11:00;26.6;0;SOLEIL;4;0;0
Caen;49.18;-0.37;11/08/2026;12:00;26.6;0;SOLEIL;4;0;0
Caen;49.18;-0.37;11/08/2026;13:00;26.6;0;SOLEIL;4;0;0
Caen;49.18;-0.37;11/08/2026;14:00;24.1;0;SOLEIL;5;0;0
Caen;49.18;-0.37;11/08/2026;15:00;25.1;0;SOLEIL;5;0;0
Caen;49.18;-0.37;11/08/2026;16:00;24.1;0;SOLEIL;5;0;0
Caen;49.18;-0.37;11/08/2026;17:00;24.9;0;SOLEIL;5;0;0
Caen;49.18;-0.37;11/08/2026;18:00;24.9;0;SOLEIL;5;0;0
Caen;49.18;-0.37;11/08/2026;19:00;24.9;0;SOLEIL;5;0;0
Caen;49.18;-0.37;11/08/2026;20:00;20.3;0;SOLEIL;5;0;0
Caen;49.18;-0.37;11/08/2026;21:00;19.4;0;SOLEIL;5;0;0
Caen;49.18;-0.37;11/08/2026;22:00;18.4;0;SOLEIL;5;0;0
Caen;49.18;-0.37;11/08/2026;23:00;22;0;SOLEIL;4;0;0
Caen;49.18;-0.37;12/08/2026;00:00;22;0;SOLEIL;4;0;0
Caen;49.18;-0.37;12/08/2026;01:00;22;0;SOLEIL;4;0;0
Caen;49.18;-0.37;12/08/2026;02:00;15.6;0;SOLEIL;5;0;0
Caen;49.18;-0.37;12/08/2026;03:00;15.6;0;SOLEIL;5;0;0
Caen;49.18;-0.37;12/08/2026;04:00;15.6;0;SOLEIL;5;0;0
Caen;49.18;-0.37;12/08/2026;05:00;21.4;0;SOLEIL;4;0;0
Caen;49.18;-0.37;12/08/2026;06:00;21.4;0;SOLEIL;4;0;0
Caen;49.18;-0.37;12/08/2026;07:00;21.4;0;SOLEIL;4;0;0
Caen;49.18;-0.37;12/08/2026;08:00;18.2;0;SOLEIL;5;0;0
Caen;49.18;-0.37;12/08/2026;09:00;19.4;0;SOLEIL;5;0;0
Caen;49.18;-0.37;12/08/2026;10:00;20.7;0;SOLEIL;5;0;0
Caen;49.18;-0.37;12/08/2026;11:00;30.2;0;SOLEIL;4;0;0
Caen;49.18;-0.37;12/08/2026;12:00;30.2;0;SOLEIL;4;0;0
Caen;49.18;-0.37;12/08/2026;13:00;30.2;0;SOLEIL;4;0;0
Caen;49.18;-0.37;12/08/2026;14:00;25.8;0;SOLEIL;5;0;0
Caen;49.18;-0.37;12/08/2026;15:00;27.1;0;SOLEIL;5;0;0
Caen;49.18;-0.37;12/08/2026;16:00;25.8;0;SOLEIL;5;0;0
Caen;49.18;-0.37;12/08/2026;17:00;26.7;0;SOLEIL;3;0;0
Caen;49.18;-0.37;12/08/2026;18:00;26.7;0;SOLEIL;3;0;0
Caen;49.18;-0.37;12/08/2026;19:00;26.7;0;SOLEIL;3;0;0
Caen;49.18;-0.37;12/08/2026;20:00;20.7;0;SOLEIL;5;0;0
Caen;49.18;-0.37;12/08/2026;21:00;19.4;0;SOLEIL;5;0;0
Caen;49.18;-0.37;12/08/2026;22:00;18.2;0;SOLEIL;5;0;0
Caen;49.18;-0.37;12/08/2026;23:00;21.6;0;SOLEIL;3;0;0
Clécy;48.91;-0.48;08/08/2026;00:00;15.4;0;SOLEIL;2;0;0
Clécy;48.91;-0.48;08/08/2026;01:00;15.4;0;SOLEIL;2;0;0
Clécy;48.91;-0.48;08/08/2026;02:00;13.5;0;SOLEIL;1;0;0
Clécy;48.91;-0.48;08/08/2026;03:00;13.5;0;SOLEIL;1;0;0
Clécy;48.91;-0.48;08/08/2026;04:00;13.5;0;SOLEIL;1;0;0
Clécy;48.91;-0.48;08/08/2026;05:00;14.6;5;SOLEIL VOILÉ;2;0;0
Clécy;48.91;-0.48;08/08/2026;06:00;14.6;5;SOLEIL VOILÉ;2;0;0
Clécy;48.91;-0.48;08/08/2026;07:00;14.6;5;SOLEIL VOILÉ;2;0;0
Clécy;48.91;-0.48;08/08/2026;08:00;22.6;5;SOLEIL VOILÉ;3;0;0
Clécy;48.91;-0.48;08/08/2026;09:00;22.6;5;SOLEIL VOILÉ;3;0;0
Clécy;48.91;-0.48;08/08/2026;10:00;22.6;5;SOLEIL VOILÉ;3;0;0
Clécy;48.91;-0.48;08/08/2026;11:00;27.6;5;SOLEIL VOILÉ;3;0;0
Clécy;48.91;-0.48;08/08/2026;12:00;27.6;5;SOLEIL VOILÉ;3;0;0
Clécy;48.91;-0.48;08/08/2026;13:00;27.6;5;SOLEIL VOILÉ;3;0;0
Clécy;48.91;-0.48;08/08/2026;14:00;28.4;5;SOLEIL VOILÉ;4;0;0
Clécy;48.91;-0.48;08/08/2026;15:00;28.4;5;SOLEIL VOILÉ;4;0;0
Clécy;48.91;-0.48;08/08/2026;16:00;28.4;5;SOLEIL VOILÉ;4;0;0
Clécy;48.91;-0.48;08/08/2026;17:00;25.5;0;SOLEIL;4;0;0
Clécy;48.91;-0.48;08/08/2026;18:00;25.5;0;SOLEIL;4;0;0
Clécy;48.91;-0.48;08/08/2026;19:00;25.5;0;SOLEIL;4;0;0
Clécy;48.91;-0.48;08/08/2026;20:00;21.2;0;SOLEIL;3;0;0
Clécy;48.91;-0.48;08/08/2026;21:00;21.2;0;SOLEIL;3;0;0
Clécy;48.91;-0.48;08/08/2026;22:00;21.2;0;SOLEIL;3;0;0
Clécy;48.91;-0.48;08/08/2026;23:00;18.1;0;SOLEIL;2;0;0
Clécy;48.91;-0.48;09/08/2026;00:00;18.1;0;SOLEIL;2;0;0
Clécy;48.91;-0.48;09/08/2026;01:00;18.1;0;SOLEIL;2;0;0
Clécy;48.91;-0.48;09/08/2026;02:00;16.5;0;SOLEIL;1;0;0
Clécy;48.91;-0.48;09/08/2026;03:00;16.5;0;SOLEIL;1;0;0
Clécy;48.91;-0.48;09/08/2026;04:00;16.5;0;SOLEIL;1;0;0
Clécy;48.91;-0.48;09/08/2026;05:00;18.7;0;SOLEIL;2;0;0
Clécy;48.91;-0.48;09/08/2026;06:00;18.7;0;SOLEIL;2;0;0
Clécy;48.91;-0.48;09/08/2026;07:00;18.7;0;SOLEIL;2;0;0
Clécy;48.91;-0.48;09/08/2026;08:00;27.6;0;SOLEIL;2;0;0
Clécy;48.91;-0.48;09/08/2026;09:00;27.6;0;SOLEIL;2;0;0
Clécy;48.91;-0.48;09/08/2026;10:00;27.6;0;SOLEIL;2;0;0
Clécy;48.91;-0.48;09/08/2026;11:00;28.9;0;SOLEIL;3;0;0
Clécy;48.91;-0.48;09/08/2026;12:00;28.9;0;SOLEIL;3;0;0
Clécy;48.91;-0.48;09/08/2026;13:00;28.9;0;SOLEIL;3;0;0
Clécy;48.91;-0.48;09/08/2026;14:00;28.2;0;SOLEIL;5;11;0
Clécy;48.91;-0.48;09/08/2026;15:00;28.2;0;SOLEIL;5;11;0
Clécy;48.91;-0.48;09/08/2026;16:00;28.2;0;SOLEIL;5;11;0
Clécy;48.91;-0.48;09/08/2026;17:00;26.1;0;SOLEIL;3;0;0
Clécy;48.91;-0.48;09/08/2026;18:00;26.1;0;SOLEIL;3;0;0
Clécy;48.91;-0.48;09/08/2026;19:00;26.1;0;SOLEIL;3;0;0
Clécy;48.91;-0.48;09/08/2026;20:00;19.9;5;SOLEIL VOILÉ;5;0;0
Clécy;48.91;-0.48;09/08/2026;21:00;18.1;5;SOLEIL VOILÉ;5;0;0
Clécy;48.91;-0.48;09/08/2026;22:00;16.3;5;SOLEIL VOILÉ;5;0;0
Clécy;48.91;-0.48;09/08/2026;23:00;18.5;0;SOLEIL;3;0;0
Clécy;48.91;-0.48;10/08/2026;00:00;18.5;0;SOLEIL;3;0;0
Clécy;48.91;-0.48;10/08/2026;01:00;18.5;0;SOLEIL;3;0;0
Clécy;48.91;-0.48;10/08/2026;02:00;15.7;0;SOLEIL;5;0;0
Clécy;48.91;-0.48;10/08/2026;03:00;15.7;0;SOLEIL;5;0;0
Clécy;48.91;-0.48;10/08/2026;04:00;15.7;0;SOLEIL;5;0;0
Clécy;48.91;-0.48;10/08/2026;05:00;19.4;0;SOLEIL;3;0;0
Clécy;48.91;-0.48;10/08/2026;06:00;19.4;0;SOLEIL;3;0;0
Clécy;48.91;-0.48;10/08/2026;07:00;19.4;0;SOLEIL;3;0;0
Clécy;48.91;-0.48;10/08/2026;08:00;18.8;0;SOLEIL;5;0;0
Clécy;48.91;-0.48;10/08/2026;09:00;20.3;0;SOLEIL;5;0;0
Clécy;48.91;-0.48;10/08/2026;10:00;21.8;0;SOLEIL;5;0;0
Clécy;48.91;-0.48;10/08/2026;11:00;25.9;0;SOLEIL;3;0;0
Clécy;48.91;-0.48;10/08/2026;12:00;25.9;0;SOLEIL;3;0;0
Clécy;48.91;-0.48;10/08/2026;13:00;25.9;0;SOLEIL;3;0;0
Clécy;48.91;-0.48;10/08/2026;14:00;28.0;0;SOLEIL;5;0;0
Clécy;48.91;-0.48;10/08/2026;15:00;29.5;0;SOLEIL;5;0;0
Clécy;48.91;-0.48;10/08/2026;16:00;28.0;0;SOLEIL;5;0;0
Clécy;48.91;-0.48;10/08/2026;17:00;23.6;0;SOLEIL;3;0;0
Clécy;48.91;-0.48;10/08/2026;18:00;23.6;0;SOLEIL;3;0;0
Clécy;48.91;-0.48;10/08/2026;19:00;23.6;0;SOLEIL;3;0;0
Clécy;48.91;-0.48;10/08/2026;20:00;21.8;0;SOLEIL;5;0;0
Clécy;48.91;-0.48;10/08/2026;21:00;20.3;0;SOLEIL;5;0;0
Clécy;48.91;-0.48;10/08/2026;22:00;18.8;0;SOLEIL;5;0;0
Clécy;48.91;-0.48;10/08/2026;23:00;18.5;0;SOLEIL;2;0;0
Clécy;48.91;-0.48;11/08/2026;00:00;18.5;0;SOLEIL;2;0;0
Clécy;48.91;-0.48;11/08/2026;01:00;18.5;0;SOLEIL;2;0;0
Clécy;48.91;-0.48;11/08/2026;02:00;17.9;0;SOLEIL;5;0;0
Clécy;48.91;-0.48;11/08/2026;03:00;17.9;0;SOLEIL;5;0;0
Clécy;48.91;-0.48;11/08/2026;04:00;17.9;0;SOLEIL;5;0;0
Clécy;48.91;-0.48;11/08/2026;05:00;17.9;0;SOLEIL;3;0;0
Clécy;48.91;-0.48;11/08/2026;06:00;17.9;0;SOLEIL;3;0;0
Clécy;48.91;-0.48;11/08/2026;07:00;17.9;0;SOLEIL;3;0;0
Clécy;48.91;-0.48;11/08/2026;08:00;19.8;0;SOLEIL;5;0;0
Clécy;48.91;-0.48;11/08/2026;09:00;20.8;0;SOLEIL;5;0;0
Clécy;48.91;-0.48;11/08/2026;10:00;21.7;0;SOLEIL;5;0;0
Clécy;48.91;-0.48;11/08/2026;11:00;28.7;0;SOLEIL;4;0;0
Clécy;48.91;-0.48;11/08/2026;12:00;28.7;0;SOLEIL;4;0;0
Clécy;48.91;-0.48;11/08/2026;13:00;28.7;0;SOLEIL;4;0;0
Clécy;48.91;-0.48;11/08/2026;14:00;25.5;0;SOLEIL;5;0;0
Clécy;48.91;-0.48;11/08/2026;15:00;26.5;0;SOLEIL;5;0;0
Clécy;48.91;-0.48;11/08/2026;16:00;25.5;0;SOLEIL;5;0;0
Clécy;48.91;-0.48;11/08/2026;17:00;28;0;SOLEIL;5;0;0
Clécy;48.91;-0.48;11/08/2026;18:00;28;0;SOLEIL;5;0;0
Clécy;48.91;-0.48;11/08/2026;19:00;28;0;SOLEIL;5;0;0
Clécy;48.91;-0.48;11/08/2026;20:00;21.7;0;SOLEIL;5;0;0
Clécy;48.91;-0.48;11/08/2026;21:00;20.8;0;SOLEIL;5;0;0
Clécy;48.91;-0.48;11/08/2026;22:00;19.8;0;SOLEIL;5;0;0
Clécy;48.91;-0.48;11/08/2026;23:00;22.2;0;SOLEIL;3;0;0
Clécy;48.91;-0.48;12/08/2026;00:00;22.2;0;SOLEIL;3;0;0
Clécy;48.91;-0.48;12/08/2026;01:00;22.2;0;SOLEIL;3;0;0
Clécy;48.91;-0.48;12/08/2026;02:00;16.4;0;SOLEIL;5;0;0
Clécy;48.91;-0.48;12/08/2026;03:00;16.4;0;SOLEIL;5;0;0
Clécy;48.91;-0.48;12/08/2026;04:00;16.4;0;SOLEIL;5;0;0
Clécy;48.91;-0.48;12/08/2026;05:00;21.6;0;SOLEIL;3;0;0
Clécy;48.91;-0.48;12/08/2026;06:00;21.6;0;SOLEIL;3;0;0
Clécy;48.91;-0.48;12/08/2026;07:00;21.6;0;SOLEIL;3;0;0
Clécy;48.91;-0.48;12/08/2026;08:00;19.3;0;SOLEIL;5;0;0
Clécy;48.91;-0.48;12/08/2026;09:00;20.8;0;SOLEIL;5;0;0
Clécy;48.91;-0.48;12/08/2026;10:00;22.2;0;SOLEIL;5;0;0
Clécy;48.91;-0.48;12/08/2026;11:00;34.1;0;SOLEIL;3;0;0
Clécy;48.91;-0.48;12/08/2026;12:00;34.1;0;SOLEIL;3;0;0
Clécy;48.91;-0.48;12/08/2026;13:00;34.1;0;SOLEIL;3;0;0
Clécy;48.91;-0.48;12/08/2026;14:00;28.0;0;SOLEIL;5;0;0
Clécy;48.91;-0.48;12/08/2026;15:00;29.5;0;SOLEIL;5;0;0
Clécy;48.91;-0.48;12/08/2026;16:00;28.0;0;SOLEIL;5;0;0
Clécy;48.91;-0.48;12/08/2026;17:00;29.7;0;SOLEIL;3;0;0
Clécy;48.91;-0.48;12/08/2026;18:00;29.7;0;SOLEIL;3;0;0
Clécy;48.91;-0.48;12/08/2026;19:00;29.7;0;SOLEIL;3;0;0
Clécy;48.91;-0.48;12/08/2026;20:00;22.2;0;SOLEIL;5;0;0
Clécy;48.91;-0.48;12/08/2026;21:00;20.8;0;SOLEIL;5;0;0
Clécy;48.91;-0.48;12/08/2026;22:00;19.3;0;SOLEIL;5;0;0
Clécy;48.91;-0.48;12/08/2026;23:00;23.4;0;SOLEIL;3;0;0
Lisieux;49.14;0.22;08/08/2026;00:00;11.5;0;SOLEIL;1;0;0
Lisieux;49.14;0.22;08/08/2026;01:00;11.5;0;SOLEIL;1;0;0
Lisieux;49.14;0.22;08/08/2026;02:00;9.7;0;SOLEIL;2;0;0
Lisieux;49.14;0.22;08/08/2026;03:00;9.7;0;SOLEIL;2;0;0
Lisieux;49.14;0.22;08/08/2026;04:00;9.7;0;SOLEIL;2;0;0
Lisieux;49.14;0.22;08/08/2026;05:00;10.9;5;SOLEIL VOILÉ;2;0;0
Lisieux;49.14;0.22;08/08/2026;06:00;10.9;5;SOLEIL VOILÉ;2;0;0
Lisieux;49.14;0.22;08/08/2026;07:00;10.9;5;SOLEIL VOILÉ;2;0;0
Lisieux;49.14;0.22;08/08/2026;08:00;23.2;5;SOLEIL VOILÉ;3;0;0
Lisieux;49.14;0.22;08/08/2026;09:00;23.2;5;SOLEIL VOILÉ;3;0;0
Lisieux;49.14;0.22;08/08/2026;10:00;23.2;5;SOLEIL VOILÉ;3;0;0
Lisieux;49.14;0.22;08/08/2026;11:00;27.6;5;SOLEIL VOILÉ;2;0;0
Lisieux;49.14;0.22;08/08/2026;12:00;27.6;5;SOLEIL VOILÉ;2;0;0
Lisieux;49.14;0.22;08/08/2026;13:00;27.6;5;SOLEIL VOILÉ;2;0;0
Lisieux;49.14;0.22;08/08/2026;14:00;29.4;5;SOLEIL VOILÉ;1;0;0
Lisieux;49.14;0.22;08/08/2026;15:00;29.4;5;SOLEIL VOILÉ;1;0;0
Lisieux;49.14;0.22;08/08/2026;16:00;29.4;5;SOLEIL VOILÉ;1;0;0
Lisieux;49.14;0.22;08/08/2026;17:00;27.4;0;SOLEIL;2;0;0
Lisieux;49.14;0.22;08/08/2026;18:00;27.4;0;SOLEIL;2;0;0
Lisieux;49.14;0.22;08/08/2026;19:00;27.4;0;SOLEIL;2;0;0
Lisieux;49.14;0.22;08/08/2026;20:00;18.9;0;SOLEIL;2;0;0
Lisieux;49.14;0.22;08/08/2026;21:00;18.9;0;SOLEIL;2;0;0
Lisieux;49.14;0.22;08/08/2026;22:00;18.9;0;SOLEIL;2;0;0
Lisieux;49.14;0.22;08/08/2026;23:00;15.7;0;SOLEIL;1;0;0
Lisieux;49.14;0.22;09/08/2026;00:00;15.7;0;SOLEIL;1;0;0
Lisieux;49.14;0.22;09/08/2026;01:00;15.7;0;SOLEIL;1;0;0
Lisieux;49.14;0.22;09/08/2026;02:00;14.1;0;SOLEIL;1;0;0
Lisieux;49.14;0.22;09/08/2026;03:00;14.1;0;SOLEIL;1;0;0
Lisieux;49.14;0.22;09/08/2026;04:00;14.1;0;SOLEIL;1;0;0
Lisieux;49.14;0.22;09/08/2026;05:00;16;0;SOLEIL;2;0;0
Lisieux;49.14;0.22;09/08/2026;06:00;16;0;SOLEIL;2;0;0
Lisieux;49.14;0.22;09/08/2026;07:00;16;0;SOLEIL;2;0;0
Lisieux;49.14;0.22;09/08/2026;08:00;26.5;0;SOLEIL;3;0;0
Lisieux;49.14;0.22;09/08/2026;09:00;26.5;0;SOLEIL;3;0;0
Lisieux;49.14;0.22;09/08/2026;10:00;26.5;0;SOLEIL;3;0;0
Lisieux;49.14;0.22;09/08/2026;11:00;30;0;SOLEIL;3;0;0
Lisieux;49.14;0.22;09/08/2026;12:00;30;0;SOLEIL;3;0;0
Lisieux;49.14;0.22;09/08/2026;13:00;30;0;SOLEIL;3;0;0
Lisieux;49.14;0.22;09/08/2026;14:00;29.2;0;SOLEIL;4;0;0
Lisieux;49.14;0.22;09/08/2026;15:00;29.2;0;SOLEIL;4;0;0
Lisieux;49.14;0.22;09/08/2026;16:00;29.2;0;SOLEIL;4;0;0
Lisieux;49.14;0.22;09/08/2026;17:00;26;0;SOLEIL;4;0;0
Lisieux;49.14;0.22;09/08/2026;18:00;26;0;SOLEIL;4;0;0
Lisieux;49.14;0.22;09/08/2026;19:00;26;0;SOLEIL;4;0;0
Lisieux;49.14;0.22;09/08/2026;20:00;18.2;5;SOLEIL VOILÉ;5;0;0
Lisieux;49.14;0.22;09/08/2026;21:00;15.8;5;SOLEIL VOILÉ;5;0;0
Lisieux;49.14;0.22;09/08/2026;22:00;13.4;5;SOLEIL VOILÉ;5;0;0
Lisieux;49.14;0.22;09/08/2026;23:00;15.5;0;SOLEIL;3;0;0
Lisieux;49.14;0.22;10/08/2026;00:00;15.5;0;SOLEIL;3;0;0
Lisieux;49.14;0.22;10/08/2026;01:00;15.5;0;SOLEIL;3;0;0
Lisieux;49.14;0.22;10/08/2026;02:00;13.6;0;SOLEIL;5;0;0
Lisieux;49.14;0.22;10/08/2026;03:00;13.6;0;SOLEIL;5;0;0
Lisieux;49.14;0.22;10/08/2026;04:00;13.6;0;SOLEIL;5;0;0
Lisieux;49.14;0.22;10/08/2026;05:00;16.6;0;SOLEIL;3;0;0
Lisieux;49.14;0.22;10/08/2026;06:00;16.6;0;SOLEIL;3;0;0
Lisieux;49.14;0.22;10/08/2026;07:00;16.6;0;SOLEIL;3;0;0
Lisieux;49.14;0.22;10/08/2026;08:00;17.4;0;SOLEIL;5;0;0
Lisieux;49.14;0.22;10/08/2026;09:00;19.3;0;SOLEIL;5;0;0
Lisieux;49.14;0.22;10/08/2026;10:00;21.2;0;SOLEIL;5;0;0
Lisieux;49.14;0.22;10/08/2026;11:00;26.5;0;SOLEIL;3;0;0
Lisieux;49.14;0.22;10/08/2026;12:00;26.5;0;SOLEIL;3;0;0
Lisieux;49.14;0.22;10/08/2026;13:00;26.5;0;SOLEIL;3;0;0
Lisieux;49.14;0.22;10/08/2026;14:00;28.7;0;SOLEIL;5;0;0
Lisieux;49.14;0.22;10/08/2026;15:00;30.6;0;SOLEIL;5;0;0
Lisieux;49.14;0.22;10/08/2026;16:00;28.7;0;SOLEIL;5;0;0
Lisieux;49.14;0.22;10/08/2026;17:00;24.6;0;SOLEIL;4;0;0
Lisieux;49.14;0.22;10/08/2026;18:00;24.6;0;SOLEIL;4;0;0
Lisieux;49.14;0.22;10/08/2026;19:00;24.6;0;SOLEIL;4;0;0
Lisieux;49.14;0.22;10/08/2026;20:00;21.2;0;SOLEIL;5;0;0
Lisieux;49.14;0.22;10/08/2026;21:00;19.3;0;SOLEIL;5;0;0
Lisieux;49.14;0.22;10/08/2026;22:00;17.4;0;SOLEIL;5;0;0
Lisieux;49.14;0.22;10/08/2026;23:00;15.2;0;SOLEIL;2;0;0
Lisieux;49.14;0.22;11/08/2026;00:00;15.2;0;SOLEIL;2;0;0
Lisieux;49.14;0.22;11/08/2026;01:00;15.2;0;SOLEIL;2;0;0
Lisieux;49.14;0.22;11/08/2026;02:00;14.4;0;SOLEIL;5;0;0
Lisieux;49.14;0.22;11/08/2026;03:00;14.4;0;SOLEIL;5;0;0
Lisieux;49.14;0.22;11/08/2026;04:00;14.4;0;SOLEIL;5;0;0
Lisieux;49.14;0.22;11/08/2026;05:00;15.6;0;SOLEIL;3;0;0
Lisieux;49.14;0.22;11/08/2026;06:00;15.6;0;SOLEIL;3;0;0
Lisieux;49.14;0.22;11/08/2026;07:00;15.6;0;SOLEIL;3;0;0
Lisieux;49.14;0.22;11/08/2026;08:00;17.5;0;SOLEIL;5;0;0
Lisieux;49.14;0.22;11/08/2026;09:00;19.1;0;SOLEIL;5;0;0
Lisieux;49.14;0.22;11/08/2026;10:00;20.7;0;SOLEIL;5;0;0
Lisieux;49.14;0.22;11/08/2026;11:00;28.5;0;SOLEIL;3;0;0
Lisieux;49.14;0.22;11/08/2026;12:00;28.5;0;SOLEIL;3;0;0
Lisieux;49.14;0.22;11/08/2026;13:00;28.5;0;SOLEIL;3;0;0
Lisieux;49.14;0.22;11/08/2026;14:00;26.9;0;SOLEIL;5;0;0
Lisieux;49.14;0.22;11/08/2026;15:00;28.5;0;SOLEIL;5;0;0
Lisieux;49.14;0.22;11/08/2026;16:00;26.9;0;SOLEIL;5;0;0
Lisieux;49.14;0.22;11/08/2026;17:00;28.1;0;SOLEIL;4;0;0
Lisieux;49.14;0.22;11/08/2026;18:00;28.1;0;SOLEIL;4;0;0
Lisieux;49.14;0.22;11/08/2026;19:00;28.1;0;SOLEIL;4;0;0
Lisieux;49.14;0.22;11/08/2026;20:00;20.7;0;SOLEIL;5;0;0
Lisieux;49.14;0.22;11/08/2026;21:00;19.1;0;SOLEIL;5;0;0
Lisieux;49.14;0.22;11/08/2026;22:00;17.5;0;SOLEIL;5;0;0
Lisieux;49.14;0.22;11/08/2026;23:00;18.6;0;SOLEIL;4;0;0
Lisieux;49.14;0.22;12/08/2026;00:00;18.6;0;SOLEIL;4;0;0
Lisieux;49.14;0.22;12/08/2026;01:00;18.6;0;SOLEIL;4;0;0
Lisieux;49.14;0.22;12/08/2026;02:00;13.6;0;SOLEIL;5;0;0
Lisieux;49.14;0.22;12/08/2026;03:00;13.6;0;SOLEIL;5;0;0
Lisieux;49.14;0.22;12/08/2026;04:00;13.6;0;SOLEIL;5;0;0
Lisieux;49.14;0.22;12/08/2026;05:00;19.1;0;SOLEIL;3;0;0
Lisieux;49.14;0.22;12/08/2026;06:00;19.1;0;SOLEIL;3;0;0
Lisieux;49.14;0.22;12/08/2026;07:00;19.1;0;SOLEIL;3;0;0
Lisieux;49.14;0.22;12/08/2026;08:00;17.4;0;SOLEIL;5;0;0
Lisieux;49.14;0.22;12/08/2026;09:00;19.4;0;SOLEIL;5;0;0
Lisieux;49.14;0.22;12/08/2026;10:00;21.3;0;SOLEIL;5;0;0
Lisieux;49.14;0.22;12/08/2026;11:00;32.6;0;SOLEIL;3;0;0
Lisieux;49.14;0.22;12/08/2026;12:00;32.6;0;SOLEIL;3;0;0
Lisieux;49.14;0.22;12/08/2026;13:00;32.6;0;SOLEIL;3;0;0
Lisieux;49.14;0.22;12/08/2026;14:00;29.0;0;SOLEIL;5;0;0
Lisieux;49.14;0.22;12/08/2026;15:00;30.9;0;SOLEIL;5;0;0
Lisieux;49.14;0.22;12/08/2026;16:00;29.0;0;SOLEIL;5;0;0
Lisieux;49.14;0.22;12/08/2026;17:00;29.6;0;SOLEIL;3;0;0
Lisieux;49.14;0.22;12/08/2026;18:00;29.6;0;SOLEIL;3;0;0
Lisieux;49.14;0.22;12/08/2026;19:00;29.6;0;SOLEIL;3;0;0
Lisieux;49.14;0.22;12/08/2026;20:00;21.3;0;SOLEIL;5;0;0
Lisieux;49.14;0.22;12/08/2026;21:00;19.4;0;SOLEIL;5;0;0
Lisieux;49.14;0.22;12/08/2026;22:00;17.4;0;SOLEIL;5;0;0
Lisieux;49.14;0.22;12/08/2026;23:00;19.2;0;SOLEIL;3;0;0
Vire;48.84;-0.89;08/08/2026;00:00;13.6;0;SOLEIL;1;0;0
Vire;48.84;-0.89;08/08/2026;01:00;13.6;0;SOLEIL;1;0;0
Vire;48.84;-0.89;08/08/2026;02:00;10.7;0;SOLEIL;3;0;0
Vire;48.84;-0.89;08/08/2026;03:00;10.7;0;SOLEIL;3;0;0
Vire;48.84;-0.89;08/08/2026;04:00;10.7;0;SOLEIL;3;0;0
Vire;48.84;-0.89;08/08/2026;05:00;10.7;0;SOLEIL;3;0;0
Vire;48.84;-0.89;08/08/2026;06:00;10.7;0;SOLEIL;3;0;0
Vire;48.84;-0.89;08/08/2026;07:00;10.7;0;SOLEIL;3;0;0
Vire;48.84;-0.89;08/08/2026;08:00;23.9;5;SOLEIL VOILÉ;4;0;0
Vire;48.84;-0.89;08/08/2026;09:00;23.9;5;SOLEIL VOILÉ;4;0;0
Vire;48.84;-0.89;08/08/2026;10:00;23.9;5;SOLEIL VOILÉ;4;0;0
Vire;48.84;-0.89;08/08/2026;11:00;28.6;5;SOLEIL VOILÉ;3;0;0
Vire;48.84;-0.89;08/08/2026;12:00;28.6;5;SOLEIL VOILÉ;3;0;0
Vire;48.84;-0.89;08/08/2026;13:00;28.6;5;SOLEIL VOILÉ;3;0;0
Vire;48.84;-0.89;08/08/2026;14:00;30.6;5;SOLEIL VOILÉ;2;0;0
Vire;48.84;-0.89;08/08/2026;15:00;30.6;5;SOLEIL VOILÉ;2;0;0
Vire;48.84;-0.89;08/08/2026;16:00;30.6;5;SOLEIL VOILÉ;2;0;0
Vire;48.84;-0.89;08/08/2026;17:00;28.1;0;SOLEIL;3;0;0
Vire;48.84;-0.89;08/08/2026;18:00;28.1;0;SOLEIL;3;0;0
Vire;48.84;-0.89;08/08/2026;19:00;28.1;0;SOLEIL;3;0;0
Vire;48.84;-0.89;08/08/2026;20:00;20;0;SOLEIL;3;0;0
Vire;48.84;-0.89;08/08/2026;21:00;20;0;SOLEIL;3;0;0
Vire;48.84;-0.89;08/08/2026;22:00;20;0;SOLEIL;3;0;0
Vire;48.84;-0.89;08/08/2026;23:00;15.2;0;SOLEIL;2;0;0
Vire;48.84;-0.89;09/08/2026;00:00;15.2;0;SOLEIL;2;0;0
Vire;48.84;-0.89;09/08/2026;01:00;15.2;0;SOLEIL;2;0;0
Vire;48.84;-0.89;09/08/2026;02:00;13.6;0;SOLEIL;2;0;0
Vire;48.84;-0.89;09/08/2026;03:00;13.6;0;SOLEIL;2;0;0
Vire;48.84;-0.89;09/08/2026;04:00;13.6;0;SOLEIL;2;0;0
Vire;48.84;-0.89;09/08/2026;05:00;14.1;0;SOLEIL;3;0;0
Vire;48.84;-0.89;09/08/2026;06:00;14.1;0;SOLEIL;3;0;0
Vire;48.84;-0.89;09/08/2026;07:00;14.1;0;SOLEIL;3;0;0
Vire;48.84;-0.89;09/08/2026;08:00;27.6;0;SOLEIL;2;0;0
Vire;48.84;-0.89;09/08/2026;09:00;27.6;0;SOLEIL;2;0;0
Vire;48.84;-0.89;09/08/2026;10:00;27.6;0;SOLEIL;2;0;0
Vire;48.84;-0.89;09/08/2026;11:00;29.5;0;SOLEIL;3;0;0
Vire;48.84;-0.89;09/08/2026;12:00;29.5;0;SOLEIL;3;0;0
Vire;48.84;-0.89;09/08/2026;13:00;29.5;0;SOLEIL;3;0;0
Vire;48.84;-0.89;09/08/2026;14:00;30.1;0;SOLEIL;4;0;0
Vire;48.84;-0.89;09/08/2026;15:00;30.1;0;SOLEIL;4;0;0
Vire;48.84;-0.89;09/08/2026;16:00;30.1;0;SOLEIL;4;0;0
Vire;48.84;-0.89;09/08/2026;17:00;25.6;0;SOLEIL;4;0;0
Vire;48.84;-0.89;09/08/2026;18:00;25.6;0;SOLEIL;4;0;0
Vire;48.84;-0.89;09/08/2026;19:00;25.6;0;SOLEIL;4;0;0
Vire;48.84;-0.89;09/08/2026;20:00;19.1;0;SOLEIL;5;0;0
Vire;48.84;-0.89;09/08/2026;21:00;16.7;0;SOLEIL;5;0;0
Vire;48.84;-0.89;09/08/2026;22:00;14.3;0;SOLEIL;5;0;0
Vire;48.84;-0.89;09/08/2026;23:00;17.1;0;SOLEIL;3;0;0
Vire;48.84;-0.89;10/08/2026;00:00;17.1;0;SOLEIL;3;0;0
Vire;48.84;-0.89;10/08/2026;01:00;17.1;0;SOLEIL;3;0;0
Vire;48.84;-0.89;10/08/2026;02:00;12.4;0;SOLEIL;5;0;0
Vire;48.84;-0.89;10/08/2026;03:00;12.4;0;SOLEIL;5;0;0
Vire;48.84;-0.89;10/08/2026;04:00;12.4;0;SOLEIL;5;0;0
Vire;48.84;-0.89;10/08/2026;05:00;16.9;0;SOLEIL;3;0;0
Vire;48.84;-0.89;10/08/2026;06:00;16.9;0;SOLEIL;3;0;0
Vire;48.84;-0.89;10/08/2026;07:00;16.9;0;SOLEIL;3;0;0
Vire;48.84;-0.89;10/08/2026;08:00;16.4;0;SOLEIL;5;0;0
Vire;48.84;-0.89;10/08/2026;09:00;18.5;0;SOLEIL;5;0;0
Vire;48.84;-0.89;10/08/2026;10:00;20.5;0;SOLEIL;5;0;0
Vire;48.84;-0.89;10/08/2026;11:00;27.6;0;SOLEIL;4;0;0
Vire;48.84;-0.89;10/08/2026;12:00;27.6;0;SOLEIL;4;0;0
Vire;48.84;-0.89;10/08/2026;13:00;27.6;0;SOLEIL;4;0;0
Vire;48.84;-0.89;10/08/2026;14:00;28.6;0;SOLEIL;5;0;0
Vire;48.84;-0.89;10/08/2026;15:00;30.6;0;SOLEIL;5;0;0
Vire;48.84;-0.89;10/08/2026;16:00;28.6;0;SOLEIL;5;0;0
Vire;48.84;-0.89;10/08/2026;17:00;24.9;0;SOLEIL;4;0;0
Vire;48.84;-0.89;10/08/2026;18:00;24.9;0;SOLEIL;4;0;0
Vire;48.84;-0.89;10/08/2026;19:00;24.9;0;SOLEIL;4;0;0
Vire;48.84;-0.89;10/08/2026;20:00;20.5;0;SOLEIL;5;0;0
Vire;48.84;-0.89;10/08/2026;21:00;18.5;0;SOLEIL;5;0;0
Vire;48.84;-0.89;10/08/2026;22:00;16.4;0;SOLEIL;5;0;0
Vire;48.84;-0.89;10/08/2026;23:00;16.2;0;SOLEIL;3;0;0
Vire;48.84;-0.89;11/08/2026;00:00;16.2;0;SOLEIL;3;0;0
Vire;48.84;-0.89;11/08/2026;01:00;16.2;0;SOLEIL;3;0;0
Vire;48.84;-0.89;11/08/2026;02:00;15.4;0;SOLEIL;5;0;0
Vire;48.84;-0.89;11/08/2026;03:00;15.4;0;SOLEIL;5;0;0
Vire;48.84;-0.89;11/08/2026;04:00;15.4;0;SOLEIL;5;0;0
Vire;48.84;-0.89;11/08/2026;05:00;14.7;0;SOLEIL;4;0;0
Vire;48.84;-0.89;11/08/2026;06:00;14.7;0;SOLEIL;4;0;0
Vire;48.84;-0.89;11/08/2026;07:00;14.7;0;SOLEIL;4;0;0
Vire;48.84;-0.89;11/08/2026;08:00;18.4;0;SOLEIL;5;0;0
Vire;48.84;-0.89;11/08/2026;09:00;20.0;0;SOLEIL;5;0;0
Vire;48.84;-0.89;11/08/2026;10:00;21.5;0;SOLEIL;5;0;0
Vire;48.84;-0.89;11/08/2026;11:00;29.7;0;SOLEIL;4;0;0
Vire;48.84;-0.89;11/08/2026;12:00;29.7;0;SOLEIL;4;0;0
Vire;48.84;-0.89;11/08/2026;13:00;29.7;0;SOLEIL;4;0;0
Vire;48.84;-0.89;11/08/2026;14:00;27.6;0;SOLEIL;5;0;0
Vire;48.84;-0.89;11/08/2026;15:00;29.1;0;SOLEIL;5;0;0
Vire;48.84;-0.89;11/08/2026;16:00;27.6;0;SOLEIL;5;0;0
Vire;48.84;-0.89;11/08/2026;17:00;30.5;0;SOLEIL;4;0;0
Vire;48.84;-0.89;11/08/2026;18:00;30.5;0;SOLEIL;4;0;0
Vire;48.84;-0.89;11/08/2026;19:00;30.5;0;SOLEIL;4;0;0
Vire;48.84;-0.89;11/08/2026;20:00;21.5;0;SOLEIL;5;0;0
Vire;48.84;-0.89;11/08/2026;21:00;20.0;0;SOLEIL;5;0;0
Vire;48.84;-0.89;11/08/2026;22:00;18.4;0;SOLEIL;5;0;0
Vire;48.84;-0.89;11/08/2026;23:00;19.6;0;SOLEIL;5;0;0
Vire;48.84;-0.89;12/08/2026;00:00;19.6;0;SOLEIL;5;0;0
Vire;48.84;-0.89;12/08/2026;01:00;19.6;0;SOLEIL;5;0;0
Vire;48.84;-0.89;12/08/2026;02:00;13.4;0;SOLEIL;5;0;0
Vire;48.84;-0.89;12/08/2026;03:00;13.4;0;SOLEIL;5;0;0
Vire;48.84;-0.89;12/08/2026;04:00;13.4;0;SOLEIL;5;0;0
Vire;48.84;-0.89;12/08/2026;05:00;17.6;0;SOLEIL;5;0;0
Vire;48.84;-0.89;12/08/2026;06:00;17.6;0;SOLEIL;5;0;0
Vire;48.84;-0.89;12/08/2026;07:00;17.6;0;SOLEIL;5;0;0
Vire;48.84;-0.89;12/08/2026;08:00;17.7;0;SOLEIL;5;0;0
Vire;48.84;-0.89;12/08/2026;09:00;19.8;0;SOLEIL;5;0;0
Vire;48.84;-0.89;12/08/2026;10:00;21.9;0;SOLEIL;5;0;0
Vire;48.84;-0.89;12/08/2026;11:00;34;0;SOLEIL;4;0;0
Vire;48.84;-0.89;12/08/2026;12:00;34;0;SOLEIL;4;0;0
Vire;48.84;-0.89;12/08/2026;13:00;34;0;SOLEIL;4;0;0
Vire;48.84;-0.89;12/08/2026;14:00;30.5;0;SOLEIL;5;0;0
Vire;48.84;-0.89;12/08/2026;15:00;32.6;0;SOLEIL;5;0;0
Vire;48.84;-0.89;12/08/2026;16:00;30.5;0;SOLEIL;5;0;0
Vire;48.84;-0.89;12/08/2026;17:00;33;0;SOLEIL;3;0;0
Vire;48.84;-0.89;12/08/2026;18:00;33;0;SOLEIL;3;0;0
Vire;48.84;-0.89;12/08/2026;19:00;33;0;SOLEIL;3;0;0
Vire;48.84;-0.89;12/08/2026;20:00;21.9;0;SOLEIL;5;0;0
Vire;48.84;-0.89;12/08/2026;21:00;19.8;0;SOLEIL;5;0;0
Vire;48.84;-0.89;12/08/2026;22:00;17.7;0;SOLEIL;5;0;0
Vire;48.84;-0.89;12/08/2026;23:00;21.6;0;SOLEIL;5;0;0
Brionne;49.19;0.72;08/08/2026;00:00;13.6;0;SOLEIL;2;0;0
Brionne;49.19;0.72;08/08/2026;01:00;13.6;0;SOLEIL;2;0;0
Brionne;49.19;0.72;08/08/2026;02:00;12.6;0;SOLEIL;3;0;0
Brionne;49.19;0.72;08/08/2026;03:00;12.6;0;SOLEIL;3;0;0
Brionne;49.19;0.72;08/08/2026;04:00;12.6;0;SOLEIL;3;0;0
Brionne;49.19;0.72;08/08/2026;05:00;14.6;5;SOLEIL VOILÉ;3;0;0
Brionne;49.19;0.72;08/08/2026;06:00;14.6;5;SOLEIL VOILÉ;3;0;0
Brionne;49.19;0.72;08/08/2026;07:00;14.6;5;SOLEIL VOILÉ;3;0;0
Brionne;49.19;0.72;08/08/2026;08:00;23.1;5;SOLEIL VOILÉ;4;0;0
Brionne;49.19;0.72;08/08/2026;09:00;23.1;5;SOLEIL VOILÉ;4;0;0
Brionne;49.19;0.72;08/08/2026;10:00;23.1;5;SOLEIL VOILÉ;4;0;0
Brionne;49.19;0.72;08/08/2026;11:00;27.6;5;SOLEIL VOILÉ;3;0;0
Brionne;49.19;0.72;08/08/2026;12:00;27.6;5;SOLEIL VOILÉ;3;0;0
Brionne;49.19;0.72;08/08/2026;13:00;27.6;5;SOLEIL VOILÉ;3;0;0
Brionne;49.19;0.72;08/08/2026;14:00;29.1;5;SOLEIL VOILÉ;2;0;0
Brionne;49.19;0.72;08/08/2026;15:00;29.1;5;SOLEIL VOILÉ;2;0;0
Brionne;49.19;0.72;08/08/2026;16:00;29.1;5;SOLEIL VOILÉ;2;0;0
Brionne;49.19;0.72;08/08/2026;17:00;27.5;0;SOLEIL;1;0;0
Brionne;49.19;0.72;08/08/2026;18:00;27.5;0;SOLEIL;1;0;0
Brionne;49.19;0.72;08/08/2026;19:00;27.5;0;SOLEIL;1;0;0
Brionne;49.19;0.72;08/08/2026;20:00;20.6;0;SOLEIL;2;0;0
Brionne;49.19;0.72;08/08/2026;21:00;20.6;0;SOLEIL;2;0;0
Brionne;49.19;0.72;08/08/2026;22:00;20.6;0;SOLEIL;2;0;0
Brionne;49.19;0.72;08/08/2026;23:00;17.5;0;SOLEIL;2;0;0
Brionne;49.19;0.72;09/08/2026;00:00;17.5;0;SOLEIL;2;0;0
Brionne;49.19;0.72;09/08/2026;01:00;17.5;0;SOLEIL;2;0;0
Brionne;49.19;0.72;09/08/2026;02:00;16.6;0;SOLEIL;2;0;0
Brionne;49.19;0.72;09/08/2026;03:00;16.6;0;SOLEIL;2;0;0
Brionne;49.19;0.72;09/08/2026;04:00;16.6;0;SOLEIL;2;0;0
Brionne;49.19;0.72;09/08/2026;05:00;18.1;0;SOLEIL;3;0;0
Brionne;49.19;0.72;09/08/2026;06:00;18.1;0;SOLEIL;3;0;0
Brionne;49.19;0.72;09/08/2026;07:00;18.1;0;SOLEIL;3;0;0
Brionne;49.19;0.72;09/08/2026;08:00;24.6;0;SOLEIL;2;0;0
Brionne;49.19;0.72;09/08/2026;09:00;24.6;0;SOLEIL;2;0;0
Brionne;49.19;0.72;09/08/2026;10:00;24.6;0;SOLEIL;2;0;0
Brionne;49.19;0.72;09/08/2026;11:00;26.6;0;SOLEIL;3;0;0
Brionne;49.19;0.72;09/08/2026;12:00;26.6;0;SOLEIL;3;0;0
Brionne;49.19;0.72;09/08/2026;13:00;26.6;0;SOLEIL;3;0;0
Brionne;49.19;0.72;09/08/2026;14:00;27.6;0;SOLEIL;4;0;0
Brionne;49.19;0.72;09/08/2026;15:00;27.6;0;SOLEIL;4;0;0
Brionne;49.19;0.72;09/08/2026;16:00;27.6;0;SOLEIL;4;0;0
Brionne;49.19;0.72;09/08/2026;17:00;24.9;0;SOLEIL;4;0;0
Brionne;49.19;0.72;09/08/2026;18:00;24.9;0;SOLEIL;4;0;0
Brionne;49.19;0.72;09/08/2026;19:00;24.9;0;SOLEIL;4;0;0
Brionne;49.19;0.72;09/08/2026;20:00;19.7;5;SOLEIL VOILÉ;5;0;0
Brionne;49.19;0.72;09/08/2026;21:00;17.7;5;SOLEIL VOILÉ;5;0;0
Brionne;49.19;0.72;09/08/2026;22:00;15.7;5;SOLEIL VOILÉ;5;0;0
Brionne;49.19;0.72;09/08/2026;23:00;16.5;0;SOLEIL;3;0;0
Brionne;49.19;0.72;10/08/2026;00:00;16.5;0;SOLEIL;3;0;0
Brionne;49.19;0.72;10/08/2026;01:00;16.5;0;SOLEIL;3;0;0
Brionne;49.19;0.72;10/08/2026;02:00;15.5;0;SOLEIL;5;0;0
Brionne;49.19;0.72;10/08/2026;03:00;15.5;0;SOLEIL;5;0;0
Brionne;49.19;0.72;10/08/2026;04:00;15.5;0;SOLEIL;5;0;0
Brionne;49.19;0.72;10/08/2026;05:00;16.7;0;SOLEIL;3;0;0
Brionne;49.19;0.72;10/08/2026;06:00;16.7;0;SOLEIL;3;0;0
Brionne;49.19;0.72;10/08/2026;07:00;16.7;0;SOLEIL;3;0;0
Brionne;49.19;0.72;10/08/2026;08:00;18.2;0;SOLEIL;5;0;0
Brionne;49.19;0.72;10/08/2026;09:00;19.5;0;SOLEIL;5;0;0
Brionne;49.19;0.72;10/08/2026;10:00;20.9;0;SOLEIL;5;0;0
Brionne;49.19;0.72;10/08/2026;11:00;25.6;0;SOLEIL;3;0;0
Brionne;49.19;0.72;10/08/2026;12:00;25.6;0;SOLEIL;3;0;0
Brionne;49.19;0.72;10/08/2026;13:00;25.6;0;SOLEIL;3;0;0
Brionne;49.19;0.72;10/08/2026;14:00;26.3;0;SOLEIL;5;0;0
Brionne;49.19;0.72;10/08/2026;15:00;27.6;0;SOLEIL;5;0;0
Brionne;49.19;0.72;10/08/2026;16:00;26.3;0;SOLEIL;5;0;0
Brionne;49.19;0.72;10/08/2026;17:00;24.2;0;SOLEIL;4;0;0
Brionne;49.19;0.72;10/08/2026;18:00;24.2;0;SOLEIL;4;0;0
Brionne;49.19;0.72;10/08/2026;19:00;24.2;0;SOLEIL;4;0;0
Brionne;49.19;0.72;10/08/2026;20:00;20.9;0;SOLEIL;5;0;0
Brionne;49.19;0.72;10/08/2026;21:00;19.5;0;SOLEIL;5;0;0
Brionne;49.19;0.72;10/08/2026;22:00;18.2;0;SOLEIL;5;0;0
Brionne;49.19;0.72;10/08/2026;23:00;16.2;0;SOLEIL;3;0;0
Brionne;49.19;0.72;11/08/2026;00:00;16.2;0;SOLEIL;3;0;0
Brionne;49.19;0.72;11/08/2026;01:00;16.2;0;SOLEIL;3;0;0
Brionne;49.19;0.72;11/08/2026;02:00;15.6;0;SOLEIL;5;0;0
Brionne;49.19;0.72;11/08/2026;03:00;15.6;0;SOLEIL;5;0;0
Brionne;49.19;0.72;11/08/2026;04:00;15.6;0;SOLEIL;5;0;0
Brionne;49.19;0.72;11/08/2026;05:00;16.1;0;SOLEIL;4;0;0
Brionne;49.19;0.72;11/08/2026;06:00;16.1;0;SOLEIL;4;0;0
Brionne;49.19;0.72;11/08/2026;07:00;16.1;0;SOLEIL;4;0;0
Brionne;49.19;0.72;11/08/2026;08:00;18.3;0;SOLEIL;5;0;0
Brionne;49.19;0.72;11/08/2026;09:00;19.6;0;SOLEIL;5;0;0
Brionne;49.19;0.72;11/08/2026;10:00;21.0;0;SOLEIL;5;0;0
Brionne;49.19;0.72;11/08/2026;11:00;28.4;0;SOLEIL;3;0;0
Brionne;49.19;0.72;11/08/2026;12:00;28.4;0;SOLEIL;3;0;0
Brionne;49.19;0.72;11/08/2026;13:00;28.4;0;SOLEIL;3;0;0
Brionne;49.19;0.72;11/08/2026;14:00;26.4;0;SOLEIL;5;0;0
Brionne;49.19;0.72;11/08/2026;15:00;27.7;0;SOLEIL;5;0;0
Brionne;49.19;0.72;11/08/2026;16:00;26.4;0;SOLEIL;5;0;0
Brionne;49.19;0.72;11/08/2026;17:00;27.1;0;SOLEIL;4;0;0
Brionne;49.19;0.72;11/08/2026;18:00;27.1;0;SOLEIL;4;0;0
Brionne;49.19;0.72;11/08/2026;19:00;27.1;0;SOLEIL;4;0;0
Brionne;49.19;0.72;11/08/2026;20:00;21.0;0;SOLEIL;5;0;0
Brionne;49.19;0.72;11/08/2026;21:00;19.6;0;SOLEIL;5;0;0
Brionne;49.19;0.72;11/08/2026;22:00;18.3;0;SOLEIL;5;0;0
Brionne;49.19;0.72;11/08/2026;23:00;20.1;0;SOLEIL;5;0;0
Brionne;49.19;0.72;12/08/2026;00:00;20.1;0;SOLEIL;5;0;0
Brionne;49.19;0.72;12/08/2026;01:00;20.1;0;SOLEIL;5;0;0
Brionne;49.19;0.72;12/08/2026;02:00;13.6;0;SOLEIL;5;0;0
Brionne;49.19;0.72;12/08/2026;03:00;13.6;0;SOLEIL;5;0;0
Brionne;49.19;0.72;12/08/2026;04:00;13.6;0;SOLEIL;5;0;0
Brionne;49.19;0.72;12/08/2026;05:00;20.4;0;SOLEIL;4;0;0
Brionne;49.19;0.72;12/08/2026;06:00;20.4;0;SOLEIL;4;0;0
Brionne;49.19;0.72;12/08/2026;07:00;20.4;0;SOLEIL;4;0;0
Brionne;49.19;0.72;12/08/2026;08:00;17.4;0;SOLEIL;5;0;0
Brionne;49.19;0.72;12/08/2026;09:00;19.3;0;SOLEIL;5;0;0
Brionne;49.19;0.72;12/08/2026;10:00;21.2;0;SOLEIL;5;0;0
Brionne;49.19;0.72;12/08/2026;11:00;30.6;0;SOLEIL;4;0;0
Brionne;49.19;0.72;12/08/2026;12:00;30.6;0;SOLEIL;4;0;0
Brionne;49.19;0.72;12/08/2026;13:00;30.6;0;SOLEIL;4;0;0
Brionne;49.19;0.72;12/08/2026;14:00;28.8;0;SOLEIL;5;0;0
Brionne;49.19;0.72;12/08/2026;15:00;30.7;0;SOLEIL;5;0;0
Brionne;49.19;0.72;12/08/2026;16:00;28.8;0;SOLEIL;5;0;0
Brionne;49.19;0.72;12/08/2026;17:00;28.5;0;SOLEIL;2;0;0
Brionne;49.19;0.72;12/08/2026;18:00;28.5;0;SOLEIL;2;0;0
Brionne;49.19;0.72;12/08/2026;19:00;28.5;0;SOLEIL;2;0;0
Brionne;49.19;0.72;12/08/2026;20:00;21.2;0;SOLEIL;5;0;0
Brionne;49.19;0.72;12/08/2026;21:00;19.3;0;SOLEIL;5;0;0
Brionne;49.19;0.72;12/08/2026;22:00;17.4;0;SOLEIL;5;0;0
Brionne;49.19;0.72;12/08/2026;23:00;19.6;0;SOLEIL;3;0;0
Étrépagny;49.3;1.61;08/08/2026;00:00;12.6;0;SOLEIL;1;0;0
Étrépagny;49.3;1.61;08/08/2026;01:00;12.6;0;SOLEIL;1;0;0
Étrépagny;49.3;1.61;08/08/2026;02:00;9.1;0;SOLEIL;2;0;0
Étrépagny;49.3;1.61;08/08/2026;03:00;9.1;0;SOLEIL;2;0;0
Étrépagny;49.3;1.61;08/08/2026;04:00;9.1;0;SOLEIL;2;0;0
Étrépagny;49.3;1.61;08/08/2026;05:00;11.6;0;SOLEIL;3;0;0
Étrépagny;49.3;1.61;08/08/2026;06:00;11.6;0;SOLEIL;3;0;0
Étrépagny;49.3;1.61;08/08/2026;07:00;11.6;0;SOLEIL;3;0;0
Étrépagny;49.3;1.61;08/08/2026;08:00;23.7;5;SOLEIL VOILÉ;3;0;0
Étrépagny;49.3;1.61;08/08/2026;09:00;23.7;5;SOLEIL VOILÉ;3;0;0
Étrépagny;49.3;1.61;08/08/2026;10:00;23.7;5;SOLEIL VOILÉ;3;0;0
Étrépagny;49.3;1.61;08/08/2026;11:00;27.7;5;SOLEIL VOILÉ;2;0;0
Étrépagny;49.3;1.61;08/08/2026;12:00;27.7;5;SOLEIL VOILÉ;2;0;0
Étrépagny;49.3;1.61;08/08/2026;13:00;27.7;5;SOLEIL VOILÉ;2;0;0
Étrépagny;49.3;1.61;08/08/2026;14:00;29.6;5;SOLEIL VOILÉ;2;0;0
Étrépagny;49.3;1.61;08/08/2026;15:00;29.6;5;SOLEIL VOILÉ;2;0;0
Étrépagny;49.3;1.61;08/08/2026;16:00;29.6;5;SOLEIL VOILÉ;2;0;0
Étrépagny;49.3;1.61;08/08/2026;17:00;28;0;SOLEIL;2;0;0
Étrépagny;49.3;1.61;08/08/2026;18:00;28;0;SOLEIL;2;0;0
Étrépagny;49.3;1.61;08/08/2026;19:00;28;0;SOLEIL;2;0;0
Étrépagny;49.3;1.61;08/08/2026;20:00;18.4;0;SOLEIL;2;0;0
Étrépagny;49.3;1.61;08/08/2026;21:00;18.4;0;SOLEIL;2;0;0
Étrépagny;49.3;1.61;08/08/2026;22:00;18.4;0;SOLEIL;2;0;0
Étrépagny;49.3;1.61;08/08/2026;23:00;13.9;0;SOLEIL;2;0;0
Étrépagny;49.3;1.61;09/08/2026;00:00;13.9;0;SOLEIL;2;0;0
Étrépagny;49.3;1.61;09/08/2026;01:00;13.9;0;SOLEIL;2;0;0
Étrépagny;49.3;1.61;09/08/2026;02:00;11.7;5;SOLEIL VOILÉ;2;0;0
Étrépagny;49.3;1.61;09/08/2026;03:00;11.7;5;SOLEIL VOILÉ;2;0;0
Étrépagny;49.3;1.61;09/08/2026;04:00;11.7;5;SOLEIL VOILÉ;2;0;0
Étrépagny;49.3;1.61;09/08/2026;05:00;14.1;0;SOLEIL;2;0;0
Étrépagny;49.3;1.61;09/08/2026;06:00;14.1;0;SOLEIL;2;0;0
Étrépagny;49.3;1.61;09/08/2026;07:00;14.1;0;SOLEIL;2;0;0
Étrépagny;49.3;1.61;09/08/2026;08:00;27.4;0;SOLEIL;2;0;0
Étrépagny;49.3;1.61;09/08/2026;09:00;27.4;0;SOLEIL;2;0;0
Étrépagny;49.3;1.61;09/08/2026;10:00;27.4;0;SOLEIL;2;0;0
Étrépagny;49.3;1.61;09/08/2026;11:00;28.7;0;SOLEIL;3;0;0
Étrépagny;49.3;1.61;09/08/2026;12:00;28.7;0;SOLEIL;3;0;0
Étrépagny;49.3;1.61;09/08/2026;13:00;28.7;0;SOLEIL;3;0;0
Étrépagny;49.3;1.61;09/08/2026;14:00;30.5;0;SOLEIL;3;0;0
Étrépagny;49.3;1.61;09/08/2026;15:00;30.5;0;SOLEIL;3;0;0
Étrépagny;49.3;1.61;09/08/2026;16:00;30.5;0;SOLEIL;3;0;0
Étrépagny;49.3;1.61;09/08/2026;17:00;25.6;0;SOLEIL;4;0;0
Étrépagny;49.3;1.61;09/08/2026;18:00;25.6;0;SOLEIL;4;0;0
Étrépagny;49.3;1.61;09/08/2026;19:00;25.6;0;SOLEIL;4;0;0
Étrépagny;49.3;1.61;09/08/2026;20:00;18.1;0;SOLEIL;5;0;0
Étrépagny;49.3;1.61;09/08/2026;21:00;15.6;0;SOLEIL;5;0;0
Étrépagny;49.3;1.61;09/08/2026;22:00;13.1;0;SOLEIL;5;0;0
Étrépagny;49.3;1.61;09/08/2026;23:00;15.7;0;SOLEIL;3;0;0
Étrépagny;49.3;1.61;10/08/2026;00:00;15.7;0;SOLEIL;3;0;0
Étrépagny;49.3;1.61;10/08/2026;01:00;15.7;0;SOLEIL;3;0;0
Étrépagny;49.3;1.61;10/08/2026;02:00;11.1;0;SOLEIL;5;0;0
Étrépagny;49.3;1.61;10/08/2026;03:00;11.1;0;SOLEIL;5;0;0
Étrépagny;49.3;1.61;10/08/2026;04:00;11.1;0;SOLEIL;5;0;0
Étrépagny;49.3;1.61;10/08/2026;05:00;17.1;0;SOLEIL;3;0;0
Étrépagny;49.3;1.61;10/08/2026;06:00;17.1;0;SOLEIL;3;0;0
Étrépagny;49.3;1.61;10/08/2026;07:00;17.1;0;SOLEIL;3;0;0
Étrépagny;49.3;1.61;10/08/2026;08:00;15.7;0;SOLEIL;5;0;0
Étrépagny;49.3;1.61;10/08/2026;09:00;17.9;0;SOLEIL;5;0;0
Étrépagny;49.3;1.61;10/08/2026;10:00;20.2;0;SOLEIL;5;0;0
Étrépagny;49.3;1.61;10/08/2026;11:00;27.6;0;SOLEIL;4;0;0
Étrépagny;49.3;1.61;10/08/2026;12:00;27.6;0;SOLEIL;4;0;0
Étrépagny;49.3;1.61;10/08/2026;13:00;27.6;0;SOLEIL;4;0;0
Étrépagny;49.3;1.61;10/08/2026;14:00;29.3;0;SOLEIL;5;0;0
Étrépagny;49.3;1.61;10/08/2026;15:00;31.6;0;SOLEIL;5;0;0
Étrépagny;49.3;1.61;10/08/2026;16:00;29.3;0;SOLEIL;5;0;0
Étrépagny;49.3;1.61;10/08/2026;17:00;24.7;0;SOLEIL;4;0;0
Étrépagny;49.3;1.61;10/08/2026;18:00;24.7;0;SOLEIL;4;0;0
Étrépagny;49.3;1.61;10/08/2026;19:00;24.7;0;SOLEIL;4;0;0
Étrépagny;49.3;1.61;10/08/2026;20:00;20.2;0;SOLEIL;5;0;0
Étrépagny;49.3;1.61;10/08/2026;21:00;17.9;0;SOLEIL;5;0;0
Étrépagny;49.3;1.61;10/08/2026;22:00;15.7;0;SOLEIL;5;0;0
Étrépagny;49.3;1.61;10/08/2026;23:00;15.1;0;SOLEIL;2;0;0
Étrépagny;49.3;1.61;11/08/2026;00:00;15.1;0;SOLEIL;2;0;0
Étrépagny;49.3;1.61;11/08/2026;01:00;15.1;0;SOLEIL;2;0;0
Étrépagny;49.3;1.61;11/08/2026;02:00;14.6;0;SOLEIL;5;0;0
Étrépagny;49.3;1.61;11/08/2026;03:00;14.6;0;SOLEIL;5;0;0
Étrépagny;49.3;1.61;11/08/2026;04:00;14.6;0;SOLEIL;5;0;0
Étrépagny;49.3;1.61;11/08/2026;05:00;15.7;0;SOLEIL;3;0;0
Étrépagny;49.3;1.61;11/08/2026;06:00;15.7;0;SOLEIL;3;0;0
Étrépagny;49.3;1.61;11/08/2026;07:00;15.7;0;SOLEIL;3;0;0
Étrépagny;49.3;1.61;11/08/2026;08:00;17.8;0;SOLEIL;5;0;0
Étrépagny;49.3;1.61;11/08/2026;09:00;19.4;0;SOLEIL;5;0;0
Étrépagny;49.3;1.61;11/08/2026;10:00;21.0;0;SOLEIL;5;0;0
Étrépagny;49.3;1.61;11/08/2026;11:00;28.9;0;SOLEIL;4;0;0
Étrépagny;49.3;1.61;11/08/2026;12:00;28.9;0;SOLEIL;4;0;0
Étrépagny;49.3;1.61;11/08/2026;13:00;28.9;0;SOLEIL;4;0;0
Étrépagny;49.3;1.61;11/08/2026;14:00;27.5;0;SOLEIL;5;0;0
Étrépagny;49.3;1.61;11/08/2026;15:00;29.1;0;SOLEIL;5;0;0
Étrépagny;49.3;1.61;11/08/2026;16:00;27.5;0;SOLEIL;5;0;0
Étrépagny;49.3;1.61;11/08/2026;17:00;28.6;0;SOLEIL;4;0;0
Étrépagny;49.3;1.61;11/08/2026;18:00;28.6;0;SOLEIL;4;0;0
Étrépagny;49.3;1.61;11/08/2026;19:00;28.6;0;SOLEIL;4;0;0
Étrépagny;49.3;1.61;11/08/2026;20:00;21.0;0;SOLEIL;5;0;0
Étrépagny;49.3;1.61;11/08/2026;21:00;19.4;0;SOLEIL;5;0;0
Étrépagny;49.3;1.61;11/08/2026;22:00;17.8;0;SOLEIL;5;0;0
Étrépagny;49.3;1.61;11/08/2026;23:00;18.6;0;SOLEIL;4;0;0
Étrépagny;49.3;1.61;12/08/2026;00:00;18.6;0;SOLEIL;4;0;0
Étrépagny;49.3;1.61;12/08/2026;01:00;18.6;0;SOLEIL;4;0;0
Étrépagny;49.3;1.61;12/08/2026;02:00;13.2;0;SOLEIL;5;0;0
Étrépagny;49.3;1.61;12/08/2026;03:00;13.2;0;SOLEIL;5;0;0
Étrépagny;49.3;1.61;12/08/2026;04:00;13.2;0;SOLEIL;5;0;0
Étrépagny;49.3;1.61;12/08/2026;05:00;17.6;0;SOLEIL;4;0;0
Étrépagny;49.3;1.61;12/08/2026;06:00;17.6;0;SOLEIL;4;0;0
Étrépagny;49.3;1.61;12/08/2026;07:00;17.6;0;SOLEIL;4;0;0
Étrépagny;49.3;1.61;12/08/2026;08:00;17.3;0;SOLEIL;5;0;0
Étrépagny;49.3;1.61;12/08/2026;09:00;19.3;0;SOLEIL;5;0;0
Étrépagny;49.3;1.61;12/08/2026;10:00;21.4;0;SOLEIL;5;0;0
Étrépagny;49.3;1.61;12/08/2026;11:00;32.1;0;SOLEIL;4;0;0
Étrépagny;49.3;1.61;12/08/2026;12:00;32.1;0;SOLEIL;4;0;0
Étrépagny;49.3;1.61;12/08/2026;13:00;32.1;0;SOLEIL;4;0;0
Étrépagny;49.3;1.61;12/08/2026;14:00;29.6;0;SOLEIL;5;0;0
Étrépagny;49.3;1.61;12/08/2026;15:00;31.6;0;SOLEIL;5;0;0
Étrépagny;49.3;1.61;12/08/2026;16:00;29.6;0;SOLEIL;5;0;0
Étrépagny;49.3;1.61;12/08/2026;17:00;30.9;0;SOLEIL;3;0;0
Étrépagny;49.3;1.61;12/08/2026;18:00;30.9;0;SOLEIL;3;0;0
Étrépagny;49.3;1.61;12/08/2026;19:00;30.9;0;SOLEIL;3;0;0
Étrépagny;49.3;1.61;12/08/2026;20:00;21.4;0;SOLEIL;5;0;0
Étrépagny;49.3;1.61;12/08/2026;21:00;19.3;0;SOLEIL;5;0;0
Étrépagny;49.3;1.61;12/08/2026;22:00;17.3;0;SOLEIL;5;0;0
Étrépagny;49.3;1.61;12/08/2026;23:00;20.2;0;SOLEIL;4;0;0
Évreux;49.02;1.15;08/08/2026;00:00;14.5;0;SOLEIL;2;0;0
Évreux;49.02;1.15;08/08/2026;01:00;14.5;0;SOLEIL;2;0;0
Évreux;49.02;1.15;08/08/2026;02:00;11.1;0;SOLEIL;2;0;0
Évreux;49.02;1.15;08/08/2026;03:00;11.1;0;SOLEIL;2;0;0
Évreux;49.02;1.15;08/08/2026;04:00;11.1;0;SOLEIL;2;0;0
Évreux;49.02;1.15;08/08/2026;05:00;14.4;0;SOLEIL;3;0;0
Évreux;49.02;1.15;08/08/2026;06:00;14.4;0;SOLEIL;3;0;0
Évreux;49.02;1.15;08/08/2026;07:00;14.4;0;SOLEIL;3;0;0
Évreux;49.02;1.15;08/08/2026;08:00;23.4;5;SOLEIL VOILÉ;3;0;0
Évreux;49.02;1.15;08/08/2026;09:00;23.4;5;SOLEIL VOILÉ;3;0;0
Évreux;49.02;1.15;08/08/2026;10:00;23.4;5;SOLEIL VOILÉ;3;0;0
Évreux;49.02;1.15;08/08/2026;11:00;27.1;5;SOLEIL VOILÉ;2;0;0
Évreux;49.02;1.15;08/08/2026;12:00;27.1;5;SOLEIL VOILÉ;2;0;0
Évreux;49.02;1.15;08/08/2026;13:00;27.1;5;SOLEIL VOILÉ;2;0;0
Évreux;49.02;1.15;08/08/2026;14:00;29.1;5;SOLEIL VOILÉ;1;0;0
Évreux;49.02;1.15;08/08/2026;15:00;29.1;5;SOLEIL VOILÉ;1;0;0
Évreux;49.02;1.15;08/08/2026;16:00;29.1;5;SOLEIL VOILÉ;1;0;0
Évreux;49.02;1.15;08/08/2026;17:00;28;0;SOLEIL;1;0;0
Évreux;49.02;1.15;08/08/2026;18:00;28;0;SOLEIL;1;0;0
Évreux;49.02;1.15;08/08/2026;19:00;28;0;SOLEIL;1;0;0
Évreux;49.02;1.15;08/08/2026;20:00;20.6;0;SOLEIL;2;0;0
Évreux;49.02;1.15;08/08/2026;21:00;20.6;0;SOLEIL;2;0;0
Évreux;49.02;1.15;08/08/2026;22:00;20.6;0;SOLEIL;2;0;0
Évreux;49.02;1.15;08/08/2026;23:00;15.9;0;SOLEIL;2;0;0
Évreux;49.02;1.15;09/08/2026;00:00;15.9;0;SOLEIL;2;0;0
Évreux;49.02;1.15;09/08/2026;01:00;15.9;0;SOLEIL;2;0;0
Évreux;49.02;1.15;09/08/2026;02:00;14.5;5;SOLEIL VOILÉ;2;0;0
Évreux;49.02;1.15;09/08/2026;03:00;14.5;5;SOLEIL VOILÉ;2;0;0
Évreux;49.02;1.15;09/08/2026;04:00;14.5;5;SOLEIL VOILÉ;2;0;0
Évreux;49.02;1.15;09/08/2026;05:00;16.6;5;SOLEIL VOILÉ;1;0;0
Évreux;49.02;1.15;09/08/2026;06:00;16.6;5;SOLEIL VOILÉ;1;0;0
Évreux;49.02;1.15;09/08/2026;07:00;16.6;5;SOLEIL VOILÉ;1;0;0
Évreux;49.02;1.15;09/08/2026;08:00;26.9;0;SOLEIL;2;0;0
Évreux;49.02;1.15;09/08/2026;09:00;26.9;0;SOLEIL;2;0;0
Évreux;49.02;1.15;09/08/2026;10:00;26.9;0;SOLEIL;2;0;0
Évreux;49.02;1.15;09/08/2026;11:00;31;0;SOLEIL;2;0;0
Évreux;49.02;1.15;09/08/2026;12:00;31;0;SOLEIL;2;0;0
Évreux;49.02;1.15;09/08/2026;13:00;31;0;SOLEIL;2;0;0
Évreux;49.02;1.15;09/08/2026;14:00;31.6;0;SOLEIL;3;0;0
Évreux;49.02;1.15;09/08/2026;15:00;31.6;0;SOLEIL;3;0;0
Évreux;49.02;1.15;09/08/2026;16:00;31.6;0;SOLEIL;3;0;0
Évreux;49.02;1.15;09/08/2026;17:00;28.1;0;SOLEIL;4;0;0
Évreux;49.02;1.15;09/08/2026;18:00;28.1;0;SOLEIL;4;0;0
Évreux;49.02;1.15;09/08/2026;19:00;28.1;0;SOLEIL;4;0;0
Évreux;49.02;1.15;09/08/2026;20:00;19.0;0;SOLEIL;5;0;0
Évreux;49.02;1.15;09/08/2026;21:00;16.9;0;SOLEIL;5;0;0
Évreux;49.02;1.15;09/08/2026;22:00;14.8;0;SOLEIL;5;0;0
Évreux;49.02;1.15;09/08/2026;23:00;18.6;0;SOLEIL;2;0;0
Évreux;49.02;1.15;10/08/2026;00:00;18.6;0;SOLEIL;2;0;0
Évreux;49.02;1.15;10/08/2026;01:00;18.6;0;SOLEIL;2;0;0
Évreux;49.02;1.15;10/08/2026;02:00;13.9;0;SOLEIL;5;0;0
Évreux;49.02;1.15;10/08/2026;03:00;13.9;0;SOLEIL;5;0;0
Évreux;49.02;1.15;10/08/2026;04:00;13.9;0;SOLEIL;5;0;0
Évreux;49.02;1.15;10/08/2026;05:00;18.5;0;SOLEIL;3;0;0
Évreux;49.02;1.15;10/08/2026;06:00;18.5;0;SOLEIL;3;0;0
Évreux;49.02;1.15;10/08/2026;07:00;18.5;0;SOLEIL;3;0;0
Évreux;49.02;1.15;10/08/2026;08:00;17.9;0;SOLEIL;5;0;0
Évreux;49.02;1.15;10/08/2026;09:00;20.0;0;SOLEIL;5;0;0
Évreux;49.02;1.15;10/08/2026;10:00;22.0;0;SOLEIL;5;0;0
Évreux;49.02;1.15;10/08/2026;11:00;28.7;0;SOLEIL;3;0;0
Évreux;49.02;1.15;10/08/2026;12:00;28.7;0;SOLEIL;3;0;0
Évreux;49.02;1.15;10/08/2026;13:00;28.7;0;SOLEIL;3;0;0
Évreux;49.02;1.15;10/08/2026;14:00;30.1;0;SOLEIL;5;0;0
Évreux;49.02;1.15;10/08/2026;15:00;32.1;0;SOLEIL;5;0;0
Évreux;49.02;1.15;10/08/2026;16:00;30.1;0;SOLEIL;5;0;0
Évreux;49.02;1.15;10/08/2026;17:00;25.7;0;SOLEIL;4;0;0
Évreux;49.02;1.15;10/08/2026;18:00;25.7;0;SOLEIL;4;0;0
Évreux;49.02;1.15;10/08/2026;19:00;25.7;0;SOLEIL;4;0;0
Évreux;49.02;1.15;10/08/2026;20:00;22.0;0;SOLEIL;5;0;0
Évreux;49.02;1.15;10/08/2026;21:00;20.0;0;SOLEIL;5;0;0
Évreux;49.02;1.15;10/08/2026;22:00;17.9;0;SOLEIL;5;0;0
Évreux;49.02;1.15;10/08/2026;23:00;16.7;0;SOLEIL;3;0;0
Évreux;49.02;1.15;11/08/2026;00:00;16.7;0;SOLEIL;3;0;0
Évreux;49.02;1.15;11/08/2026;01:00;16.7;0;SOLEIL;3;0;0
Évreux;49.02;1.15;11/08/2026;02:00;16.1;0;SOLEIL;5;0;0
Évreux;49.02;1.15;11/08/2026;03:00;16.1;0;SOLEIL;5;0;0
Évreux;49.02;1.15;11/08/2026;04:00;16.1;0;SOLEIL;5;0;0
Évreux;49.02;1.15;11/08/2026;05:00;17.1;0;SOLEIL;3;0;0
Évreux;49.02;1.15;11/08/2026;06:00;17.1;0;SOLEIL;3;0;0
Évreux;49.02;1.15;11/08/2026;07:00;17.1;0;SOLEIL;3;0;0
Évreux;49.02;1.15;11/08/2026;08:00;19.2;0;SOLEIL;5;0;0
Évreux;49.02;1.15;11/08/2026;09:00;20.8;0;SOLEIL;5;0;0
Évreux;49.02;1.15;11/08/2026;10:00;22.3;0;SOLEIL;5;0;0
Évreux;49.02;1.15;11/08/2026;11:00;29.4;0;SOLEIL;3;0;0
Évreux;49.02;1.15;11/08/2026;12:00;29.4;0;SOLEIL;3;0;0
Évreux;49.02;1.15;11/08/2026;13:00;29.4;0;SOLEIL;3;0;0
Évreux;49.02;1.15;11/08/2026;14:00;28.5;0;SOLEIL;5;0;0
Évreux;49.02;1.15;11/08/2026;15:00;30.1;0;SOLEIL;5;0;0
Évreux;49.02;1.15;11/08/2026;16:00;28.5;0;SOLEIL;5;0;0
Évreux;49.02;1.15;11/08/2026;17:00;28.2;0;SOLEIL;4;0;0
Évreux;49.02;1.15;11/08/2026;18:00;28.2;0;SOLEIL;4;0;0
Évreux;49.02;1.15;11/08/2026;19:00;28.2;0;SOLEIL;4;0;0
Évreux;49.02;1.15;11/08/2026;20:00;22.3;0;SOLEIL;5;0;0
Évreux;49.02;1.15;11/08/2026;21:00;20.8;0;SOLEIL;5;0;0
Évreux;49.02;1.15;11/08/2026;22:00;19.2;0;SOLEIL;5;0;0
Évreux;49.02;1.15;11/08/2026;23:00;20;0;SOLEIL;4;0;0
Évreux;49.02;1.15;12/08/2026;00:00;20;0;SOLEIL;4;0;0
Évreux;49.02;1.15;12/08/2026;01:00;20;0;SOLEIL;4;0;0
Évreux;49.02;1.15;12/08/2026;02:00;14.9;0;SOLEIL;5;0;0
Évreux;49.02;1.15;12/08/2026;03:00;14.9;0;SOLEIL;5;0;0
Évreux;49.02;1.15;12/08/2026;04:00;14.9;0;SOLEIL;5;0;0
Évreux;49.02;1.15;12/08/2026;05:00;18.9;0;SOLEIL;3;0;0
Évreux;49.02;1.15;12/08/2026;06:00;18.9;0;SOLEIL;3;0;0
Évreux;49.02;1.15;12/08/2026;07:00;18.9;0;SOLEIL;3;0;0
Évreux;49.02;1.15;12/08/2026;08:00;18.5;0;SOLEIL;5;0;0
Évreux;49.02;1.15;12/08/2026;09:00;20.3;0;SOLEIL;5;0;0
Évreux;49.02;1.15;12/08/2026;10:00;22.1;0;SOLEIL;5;0;0
Évreux;49.02;1.15;12/08/2026;11:00;32.2;0;SOLEIL;3;0;0
Évreux;49.02;1.15;12/08/2026;12:00;32.2;0;SOLEIL;3;0;0
Évreux;49.02;1.15;12/08/2026;13:00;32.2;0;SOLEIL;3;0;0
Évreux;49.02;1.15;12/08/2026;14:00;29.2;0;SOLEIL;5;0;0
Évreux;49.02;1.15;12/08/2026;15:00;31.0;0;SOLEIL;5;0;0
Évreux;49.02;1.15;12/08/2026;16:00;29.2;0;SOLEIL;5;0;0
Évreux;49.02;1.15;12/08/2026;17:00;31.5;0;SOLEIL;2;0;0
Évreux;49.02;1.15;12/08/2026;18:00;31.5;0;SOLEIL;2;0;0
Évreux;49.02;1.15;12/08/2026;19:00;31.5;0;SOLEIL;2;0;0
Évreux;49.02;1.15;12/08/2026;20:00;22.1;0;SOLEIL;5;0;0
Évreux;49.02;1.15;12/08/2026;21:00;20.3;0;SOLEIL;5;0;0
Évreux;49.02;1.15;12/08/2026;22:00;18.5;0;SOLEIL;5;0;0
Évreux;49.02;1.15;12/08/2026;23:00;22.1;0;SOLEIL;3;0;0
Giverny;49.07;1.53;08/08/2026;00:00;15.2;0;SOLEIL;2;0;0
Giverny;49.07;1.53;08/08/2026;01:00;15.2;0;SOLEIL;2;0;0
Giverny;49.07;1.53;08/08/2026;02:00;12.5;0;SOLEIL;2;0;0
Giverny;49.07;1.53;08/08/2026;03:00;12.5;0;SOLEIL;2;0;0
Giverny;49.07;1.53;08/08/2026;04:00;12.5;0;SOLEIL;2;0;0
Giverny;49.07;1.53;08/08/2026;05:00;13.6;0;SOLEIL;2;0;0
Giverny;49.07;1.53;08/08/2026;06:00;13.6;0;SOLEIL;2;0;0
Giverny;49.07;1.53;08/08/2026;07:00;13.6;0;SOLEIL;2;0;0
Giverny;49.07;1.53;08/08/2026;08:00;23.1;5;SOLEIL VOILÉ;2;0;0
Giverny;49.07;1.53;08/08/2026;09:00;23.1;5;SOLEIL VOILÉ;2;0;0
Giverny;49.07;1.53;08/08/2026;10:00;23.1;5;SOLEIL VOILÉ;2;0;0
Giverny;49.07;1.53;08/08/2026;11:00;27.1;5;SOLEIL VOILÉ;3;0;0
Giverny;49.07;1.53;08/08/2026;12:00;27.1;5;SOLEIL VOILÉ;3;0;0
Giverny;49.07;1.53;08/08/2026;13:00;27.1;5;SOLEIL VOILÉ;3;0;0
Giverny;49.07;1.53;08/08/2026;14:00;29.6;5;SOLEIL VOILÉ;2;0;0
Giverny;49.07;1.53;08/08/2026;15:00;29.6;5;SOLEIL VOILÉ;2;0;0
Giverny;49.07;1.53;08/08/2026;16:00;29.6;5;SOLEIL VOILÉ;2;0;0
Giverny;49.07;1.53;08/08/2026;17:00;28.6;0;SOLEIL;2;0;0
Giverny;49.07;1.53;08/08/2026;18:00;28.6;0;SOLEIL;2;0;0
Giverny;49.07;1.53;08/08/2026;19:00;28.6;0;SOLEIL;2;0;0
Giverny;49.07;1.53;08/08/2026;20:00;21.7;0;SOLEIL;2;0;0
Giverny;49.07;1.53;08/08/2026;21:00;21.7;0;SOLEIL;2;0;0
Giverny;49.07;1.53;08/08/2026;22:00;21.7;0;SOLEIL;2;0;0
Giverny;49.07;1.53;08/08/2026;23:00;17.2;0;SOLEIL;1;0;0
Giverny;49.07;1.53;09/08/2026;00:00;17.2;0;SOLEIL;1;0;0
Giverny;49.07;1.53;09/08/2026;01:00;17.2;0;SOLEIL;1;0;0
Giverny;49.07;1.53;09/08/2026;02:00;15.1;5;SOLEIL VOILÉ;1;0;0
Giverny;49.07;1.53;09/08/2026;03:00;15.1;5;SOLEIL VOILÉ;1;0;0
Giverny;49.07;1.53;09/08/2026;04:00;15.1;5;SOLEIL VOILÉ;1;0;0
Giverny;49.07;1.53;09/08/2026;05:00;16.2;5;SOLEIL VOILÉ;0;0;0
Giverny;49.07;1.53;09/08/2026;06:00;16.2;5;SOLEIL VOILÉ;0;0;0
Giverny;49.07;1.53;09/08/2026;07:00;16.2;5;SOLEIL VOILÉ;0;0;0
Giverny;49.07;1.53;09/08/2026;08:00;26;0;SOLEIL;2;0;0
Giverny;49.07;1.53;09/08/2026;09:00;26;0;SOLEIL;2;0;0
Giverny;49.07;1.53;09/08/2026;10:00;26;0;SOLEIL;2;0;0
Giverny;49.07;1.53;09/08/2026;11:00;29.7;0;SOLEIL;3;0;0
Giverny;49.07;1.53;09/08/2026;12:00;29.7;0;SOLEIL;3;0;0
Giverny;49.07;1.53;09/08/2026;13:00;29.7;0;SOLEIL;3;0;0
Giverny;49.07;1.53;09/08/2026;14:00;30.1;0;SOLEIL;3;0;0
Giverny;49.07;1.53;09/08/2026;15:00;30.1;0;SOLEIL;3;0;0
Giverny;49.07;1.53;09/08/2026;16:00;30.1;0;SOLEIL;3;0;0
Giverny;49.07;1.53;09/08/2026;17:00;27.6;0;SOLEIL;3;0;0
Giverny;49.07;1.53;09/08/2026;18:00;27.6;0;SOLEIL;3;0;0
Giverny;49.07;1.53;09/08/2026;19:00;27.6;0;SOLEIL;3;0;0
Giverny;49.07;1.53;09/08/2026;20:00;19.8;0;SOLEIL;5;0;0
Giverny;49.07;1.53;09/08/2026;21:00;17.7;0;SOLEIL;5;0;0
Giverny;49.07;1.53;09/08/2026;22:00;15.6;0;SOLEIL;5;0;0
Giverny;49.07;1.53;09/08/2026;23:00;19.4;0;SOLEIL;2;0;0
Giverny;49.07;1.53;10/08/2026;00:00;19.4;0;SOLEIL;2;0;0
Giverny;49.07;1.53;10/08/2026;01:00;19.4;0;SOLEIL;2;0;0
Giverny;49.07;1.53;10/08/2026;02:00;14.4;0;SOLEIL;5;0;0
Giverny;49.07;1.53;10/08/2026;03:00;14.4;0;SOLEIL;5;0;0
Giverny;49.07;1.53;10/08/2026;04:00;14.4;0;SOLEIL;5;0;0
Giverny;49.07;1.53;10/08/2026;05:00;18.4;0;SOLEIL;3;0;0
Giverny;49.07;1.53;10/08/2026;06:00;18.4;0;SOLEIL;3;0;0
Giverny;49.07;1.53;10/08/2026;07:00;18.4;0;SOLEIL;3;0;0
Giverny;49.07;1.53;10/08/2026;08:00;18.1;0;SOLEIL;5;0;0
Giverny;49.07;1.53;10/08/2026;09:00;20.0;0;SOLEIL;5;0;0
Giverny;49.07;1.53;10/08/2026;10:00;21.8;0;SOLEIL;5;0;0
Giverny;49.07;1.53;10/08/2026;11:00;28.4;0;SOLEIL;3;0;0
Giverny;49.07;1.53;10/08/2026;12:00;28.4;0;SOLEIL;3;0;0
Giverny;49.07;1.53;10/08/2026;13:00;28.4;0;SOLEIL;3;0;0
Giverny;49.07;1.53;10/08/2026;14:00;29.2;0;SOLEIL;5;0;0
Giverny;49.07;1.53;10/08/2026;15:00;31.1;0;SOLEIL;5;0;0
Giverny;49.07;1.53;10/08/2026;16:00;29.2;0;SOLEIL;5;0;0
Giverny;49.07;1.53;10/08/2026;17:00;26.5;0;SOLEIL;4;0;0
Giverny;49.07;1.53;10/08/2026;18:00;26.5;0;SOLEIL;4;0;0
Giverny;49.07;1.53;10/08/2026;19:00;26.5;0;SOLEIL;4;0;0
Giverny;49.07;1.53;10/08/2026;20:00;21.8;0;SOLEIL;5;0;0
Giverny;49.07;1.53;10/08/2026;21:00;20.0;0;SOLEIL;5;0;0
Giverny;49.07;1.53;10/08/2026;22:00;18.1;0;SOLEIL;5;0;0
Giverny;49.07;1.53;10/08/2026;23:00;18.5;0;SOLEIL;3;0;0
Giverny;49.07;1.53;11/08/2026;00:00;18.5;0;SOLEIL;3;0;0
Giverny;49.07;1.53;11/08/2026;01:00;18.5;0;SOLEIL;3;0;0
Giverny;49.07;1.53;11/08/2026;02:00;16.6;0;SOLEIL;5;0;0
Giverny;49.07;1.53;11/08/2026;03:00;16.6;0;SOLEIL;5;0;0
Giverny;49.07;1.53;11/08/2026;04:00;16.6;0;SOLEIL;5;0;0
Giverny;49.07;1.53;11/08/2026;05:00;17.6;0;SOLEIL;3;0;0
Giverny;49.07;1.53;11/08/2026;06:00;17.6;0;SOLEIL;3;0;0
Giverny;49.07;1.53;11/08/2026;07:00;17.6;0;SOLEIL;3;0;0
Giverny;49.07;1.53;11/08/2026;08:00;19.6;0;SOLEIL;5;0;0
Giverny;49.07;1.53;11/08/2026;09:00;21.1;0;SOLEIL;5;0;0
Giverny;49.07;1.53;11/08/2026;10:00;22.6;0;SOLEIL;5;0;0
Giverny;49.07;1.53;11/08/2026;11:00;28.7;0;SOLEIL;3;0;0
Giverny;49.07;1.53;11/08/2026;12:00;28.7;0;SOLEIL;3;0;0
Giverny;49.07;1.53;11/08/2026;13:00;28.7;0;SOLEIL;3;0;0
Giverny;49.07;1.53;11/08/2026;14:00;28.6;0;SOLEIL;5;0;0
Giverny;49.07;1.53;11/08/2026;15:00;30.1;0;SOLEIL;5;0;0
Giverny;49.07;1.53;11/08/2026;16:00;28.6;0;SOLEIL;5;0;0
Giverny;49.07;1.53;11/08/2026;17:00;29.1;0;SOLEIL;4;0;0
Giverny;49.07;1.53;11/08/2026;18:00;29.1;0;SOLEIL;4;0;0
Giverny;49.07;1.53;11/08/2026;19:00;29.1;0;SOLEIL;4;0;0
Giverny;49.07;1.53;11/08/2026;20:00;22.6;0;SOLEIL;5;0;0
Giverny;49.07;1.53;11/08/2026;21:00;21.1;0;SOLEIL;5;0;0
Giverny;49.07;1.53;11/08/2026;22:00;19.6;0;SOLEIL;5;0;0
Giverny;49.07;1.53;11/08/2026;23:00;21;0;SOLEIL;4;0;0
Giverny;49.07;1.53;12/08/2026;00:00;21;0;SOLEIL;4;0;0
Giverny;49.07;1.53;12/08/2026;01:00;21;0;SOLEIL;4;0;0
Giverny;49.07;1.53;12/08/2026;02:00;16;0;SOLEIL;5;0;0
Giverny;49.07;1.53;12/08/2026;03:00;16;0;SOLEIL;5;0;0
Giverny;49.07;1.53;12/08/2026;04:00;16;0;SOLEIL;5;0;0
Giverny;49.07;1.53;12/08/2026;05:00;19.2;0;SOLEIL;3;0;0
Giverny;49.07;1.53;12/08/2026;06:00;19.2;0;SOLEIL;3;0;0
Giverny;49.07;1.53;12/08/2026;07:00;19.2;0;SOLEIL;3;0;0
Giverny;49.07;1.53;12/08/2026;08:00;19.4;0;SOLEIL;5;0;0
Giverny;49.07;1.53;12/08/2026;09:00;21.0;0;SOLEIL;5;0;0
Giverny;49.07;1.53;12/08/2026;10:00;22.7;0;SOLEIL;5;0;0
Giverny;49.07;1.53;12/08/2026;11:00;32.2;0;SOLEIL;3;0;0
Giverny;49.07;1.53;12/08/2026;12:00;32.2;0;SOLEIL;3;0;0
Giverny;49.07;1.53;12/08/2026;13:00;32.2;0;SOLEIL;3;0;0
Giverny;49.07;1.53;12/08/2026;14:00;29.4;0;SOLEIL;5;0;0
Giverny;49.07;1.53;12/08/2026;15:00;31.1;0;SOLEIL;5;0;0
Giverny;49.07;1.53;12/08/2026;16:00;29.4;0;SOLEIL;5;0;0
Giverny;49.07;1.53;12/08/2026;17:00;32.6;0;SOLEIL;3;0;0
Giverny;49.07;1.53;12/08/2026;18:00;32.6;0;SOLEIL;3;0;0
Giverny;49.07;1.53;12/08/2026;19:00;32.6;0;SOLEIL;3;0;0
Giverny;49.07;1.53;12/08/2026;20:00;22.7;0;SOLEIL;5;0;0
Giverny;49.07;1.53;12/08/2026;21:00;21.0;0;SOLEIL;5;0;0
Giverny;49.07;1.53;12/08/2026;22:00;19.4;0;SOLEIL;5;0;0
Giverny;49.07;1.53;12/08/2026;23:00;22.7;0;SOLEIL;3;0;0
Vesly;49.24;1.65;08/08/2026;00:00;14.9;0;SOLEIL;1;0;0
Vesly;49.24;1.65;08/08/2026;01:00;14.9;0;SOLEIL;1;0;0
Vesly;49.24;1.65;08/08/2026;02:00;13.2;0;SOLEIL;2;0;0
Vesly;49.24;1.65;08/08/2026;03:00;13.2;0;SOLEIL;2;0;0
Vesly;49.24;1.65;08/08/2026;04:00;13.2;0;SOLEIL;2;0;0
Vesly;49.24;1.65;08/08/2026;05:00;14.7;0;SOLEIL;2;0;0
Vesly;49.24;1.65;08/08/2026;06:00;14.7;0;SOLEIL;2;0;0
Vesly;49.24;1.65;08/08/2026;07:00;14.7;0;SOLEIL;2;0;0
Vesly;49.24;1.65;08/08/2026;08:00;23.1;5;SOLEIL VOILÉ;2;0;0
Vesly;49.24;1.65;08/08/2026;09:00;23.1;5;SOLEIL VOILÉ;2;0;0
Vesly;49.24;1.65;08/08/2026;10:00;23.1;5;SOLEIL VOILÉ;2;0;0
Vesly;49.24;1.65;08/08/2026;11:00;28.1;5;SOLEIL VOILÉ;2;0;0
Vesly;49.24;1.65;08/08/2026;12:00;28.1;5;SOLEIL VOILÉ;2;0;0
Vesly;49.24;1.65;08/08/2026;13:00;28.1;5;SOLEIL VOILÉ;2;0;0
Vesly;49.24;1.65;08/08/2026;14:00;30.2;5;SOLEIL VOILÉ;2;0;0
Vesly;49.24;1.65;08/08/2026;15:00;30.2;5;SOLEIL VOILÉ;2;0;0
Vesly;49.24;1.65;08/08/2026;16:00;30.2;5;SOLEIL VOILÉ;2;0;0
Vesly;49.24;1.65;08/08/2026;17:00;29.4;0;SOLEIL;1;0;0
Vesly;49.24;1.65;08/08/2026;18:00;29.4;0;SOLEIL;1;0;0
Vesly;49.24;1.65;08/08/2026;19:00;29.4;0;SOLEIL;1;0;0
Vesly;49.24;1.65;08/08/2026;20:00;22.4;0;SOLEIL;1;0;0
Vesly;49.24;1.65;08/08/2026;21:00;22.4;0;SOLEIL;1;0;0
Vesly;49.24;1.65;08/08/2026;22:00;22.4;0;SOLEIL;1;0;0
Vesly;49.24;1.65;08/08/2026;23:00;18.2;0;SOLEIL;2;0;0
Vesly;49.24;1.65;09/08/2026;00:00;18.2;0;SOLEIL;2;0;0
Vesly;49.24;1.65;09/08/2026;01:00;18.2;0;SOLEIL;2;0;0
Vesly;49.24;1.65;09/08/2026;02:00;16;5;SOLEIL VOILÉ;2;0;0
Vesly;49.24;1.65;09/08/2026;03:00;16;5;SOLEIL VOILÉ;2;0;0
Vesly;49.24;1.65;09/08/2026;04:00;16;5;SOLEIL VOILÉ;2;0;0
Vesly;49.24;1.65;09/08/2026;05:00;17.1;5;SOLEIL VOILÉ;0;0;0
Vesly;49.24;1.65;09/08/2026;06:00;17.1;5;SOLEIL VOILÉ;0;0;0
Vesly;49.24;1.65;09/08/2026;07:00;17.1;5;SOLEIL VOILÉ;0;0;0
Vesly;49.24;1.65;09/08/2026;08:00;27.9;0;SOLEIL;1;0;0
Vesly;49.24;1.65;09/08/2026;09:00;27.9;0;SOLEIL;1;0;0
Vesly;49.24;1.65;09/08/2026;10:00;27.9;0;SOLEIL;1;0;0
Vesly;49.24;1.65;09/08/2026;11:00;31.2;0;SOLEIL;3;0;0
Vesly;49.24;1.65;09/08/2026;12:00;31.2;0;SOLEIL;3;0;0
Vesly;49.24;1.65;09/08/2026;13:00;31.2;0;SOLEIL;3;0;0
Vesly;49.24;1.65;09/08/2026;14:00;31.6;0;SOLEIL;3;0;0
Vesly;49.24;1.65;09/08/2026;15:00;31.6;0;SOLEIL;3;0;0
Vesly;49.24;1.65;09/08/2026;16:00;31.6;0;SOLEIL;3;0;0
Vesly;49.24;1.65;09/08/2026;17:00;29.6;0;SOLEIL;4;0;0
Vesly;49.24;1.65;09/08/2026;18:00;29.6;0;SOLEIL;4;0;0
Vesly;49.24;1.65;09/08/2026;19:00;29.6;0;SOLEIL;4;0;0
Vesly;49.24;1.65;09/08/2026;20:00;20.5;0;SOLEIL;5;0;0
Vesly;49.24;1.65;09/08/2026;21:00;18.4;0;SOLEIL;5;0;0
Vesly;49.24;1.65;09/08/2026;22:00;16.4;0;SOLEIL;5;0;0
Vesly;49.24;1.65;09/08/2026;23:00;20.1;0;SOLEIL;2;0;0
Vesly;49.24;1.65;10/08/2026;00:00;20.1;0;SOLEIL;2;0;0
Vesly;49.24;1.65;10/08/2026;01:00;20.1;0;SOLEIL;2;0;0
Vesly;49.24;1.65;10/08/2026;02:00;14.9;0;SOLEIL;5;0;0
Vesly;49.24;1.65;10/08/2026;03:00;14.9;0;SOLEIL;5;0;0
Vesly;49.24;1.65;10/08/2026;04:00;14.9;0;SOLEIL;5;0;0
Vesly;49.24;1.65;10/08/2026;05:00;19.1;0;SOLEIL;3;0;0
Vesly;49.24;1.65;10/08/2026;06:00;19.1;0;SOLEIL;3;0;0
Vesly;49.24;1.65;10/08/2026;07:00;19.1;0;SOLEIL;3;0;0
Vesly;49.24;1.65;10/08/2026;08:00;18.8;0;SOLEIL;5;0;0
Vesly;49.24;1.65;10/08/2026;09:00;20.7;0;SOLEIL;5;0;0
Vesly;49.24;1.65;10/08/2026;10:00;22.7;0;SOLEIL;5;0;0
Vesly;49.24;1.65;10/08/2026;11:00;29.4;0;SOLEIL;3;0;0
Vesly;49.24;1.65;10/08/2026;12:00;29.4;0;SOLEIL;3;0;0
Vesly;49.24;1.65;10/08/2026;13:00;29.4;0;SOLEIL;3;0;0
Vesly;49.24;1.65;10/08/2026;14:00;30.5;0;SOLEIL;5;0;0
Vesly;49.24;1.65;10/08/2026;15:00;32.4;0;SOLEIL;5;0;0
Vesly;49.24;1.65;10/08/2026;16:00;30.5;0;SOLEIL;5;0;0
Vesly;49.24;1.65;10/08/2026;17:00;28;0;SOLEIL;4;0;0
Vesly;49.24;1.65;10/08/2026;18:00;28;0;SOLEIL;4;0;0
Vesly;49.24;1.65;10/08/2026;19:00;28;0;SOLEIL;4;0;0
Vesly;49.24;1.65;10/08/2026;20:00;22.7;0;SOLEIL;5;0;0
Vesly;49.24;1.65;10/08/2026;21:00;20.7;0;SOLEIL;5;0;0
Vesly;49.24;1.65;10/08/2026;22:00;18.8;0;SOLEIL;5;0;0
Vesly;49.24;1.65;10/08/2026;23:00;19.1;0;SOLEIL;2;0;0
Vesly;49.24;1.65;11/08/2026;00:00;19.1;0;SOLEIL;2;0;0
Vesly;49.24;1.65;11/08/2026;01:00;19.1;0;SOLEIL;2;0;0
Vesly;49.24;1.65;11/08/2026;02:00;17.2;0;SOLEIL;5;0;0
Vesly;49.24;1.65;11/08/2026;03:00;17.2;0;SOLEIL;5;0;0
Vesly;49.24;1.65;11/08/2026;04:00;17.2;0;SOLEIL;5;0;0
Vesly;49.24;1.65;11/08/2026;05:00;18.1;0;SOLEIL;3;0;0
Vesly;49.24;1.65;11/08/2026;06:00;18.1;0;SOLEIL;3;0;0
Vesly;49.24;1.65;11/08/2026;07:00;18.1;0;SOLEIL;3;0;0
Vesly;49.24;1.65;11/08/2026;08:00;20.4;0;SOLEIL;5;0;0
Vesly;49.24;1.65;11/08/2026;09:00;21.9;0;SOLEIL;5;0;0
Vesly;49.24;1.65;11/08/2026;10:00;23.5;0;SOLEIL;5;0;0
Vesly;49.24;1.65;11/08/2026;11:00;29.7;0;SOLEIL;3;0;0
Vesly;49.24;1.65;11/08/2026;12:00;29.7;0;SOLEIL;3;0;0
Vesly;49.24;1.65;11/08/2026;13:00;29.7;0;SOLEIL;3;0;0
Vesly;49.24;1.65;11/08/2026;14:00;29.8;0;SOLEIL;5;0;0
Vesly;49.24;1.65;11/08/2026;15:00;31.4;0;SOLEIL;5;0;0
Vesly;49.24;1.65;11/08/2026;16:00;29.8;0;SOLEIL;5;0;0
Vesly;49.24;1.65;11/08/2026;17:00;30.1;0;SOLEIL;3;0;0
Vesly;49.24;1.65;11/08/2026;18:00;30.1;0;SOLEIL;3;0;0
Vesly;49.24;1.65;11/08/2026;19:00;30.1;0;SOLEIL;3;0;0
Vesly;49.24;1.65;11/08/2026;20:00;23.5;0;SOLEIL;5;0;0
Vesly;49.24;1.65;11/08/2026;21:00;21.9;0;SOLEIL;5;0;0
Vesly;49.24;1.65;11/08/2026;22:00;20.4;0;SOLEIL;5;0;0
Vesly;49.24;1.65;11/08/2026;23:00;21.1;0;SOLEIL;4;0;0
Vesly;49.24;1.65;12/08/2026;00:00;21.1;0;SOLEIL;4;0;0
Vesly;49.24;1.65;12/08/2026;01:00;21.1;0;SOLEIL;4;0;0
Vesly;49.24;1.65;12/08/2026;02:00;16.5;0;SOLEIL;5;0;0
Vesly;49.24;1.65;12/08/2026;03:00;16.5;0;SOLEIL;5;0;0
Vesly;49.24;1.65;12/08/2026;04:00;16.5;0;SOLEIL;5;0;0
Vesly;49.24;1.65;12/08/2026;05:00;19.4;0;SOLEIL;3;0;0
Vesly;49.24;1.65;12/08/2026;06:00;19.4;0;SOLEIL;3;0;0
Vesly;49.24;1.65;12/08/2026;07:00;19.4;0;SOLEIL;3;0;0
Vesly;49.24;1.65;12/08/2026;08:00;20.0;0;SOLEIL;5;0;0
Vesly;49.24;1.65;12/08/2026;09:00;21.7;0;SOLEIL;5;0;0
Vesly;49.24;1.65;12/08/2026;10:00;23.4;0;SOLEIL;5;0;0
Vesly;49.24;1.65;12/08/2026;11:00;32.6;0;SOLEIL;3;0;0
Vesly;49.24;1.65;12/08/2026;12:00;32.6;0;SOLEIL;3;0;0
Vesly;49.24;1.65;12/08/2026;13:00;32.6;0;SOLEIL;3;0;0
Vesly;49.24;1.65;12/08/2026;14:00;30.4;0;SOLEIL;5;0;0
Vesly;49.24;1.65;12/08/2026;15:00;32.1;0;SOLEIL;5;0;0
Vesly;49.24;1.65;12/08/2026;16:00;30.4;0;SOLEIL;5;0;0
Vesly;49.24;1.65;12/08/2026;17:00;33.6;0;SOLEIL;2;0;0
Vesly;49.24;1.65;12/08/2026;18:00;33.6;0;SOLEIL;2;0;0
Vesly;49.24;1.65;12/08/2026;19:00;33.6;0;SOLEIL;2;0;0
Vesly;49.24;1.65;12/08/2026;20:00;23.4;0;SOLEIL;5;0;0
Vesly;49.24;1.65;12/08/2026;21:00;21.7;0;SOLEIL;5;0;0
Vesly;49.24;1.65;12/08/2026;22:00;20.0;0;SOLEIL;5;0;0
Vesly;49.24;1.65;12/08/2026;23:00;23.1;0;SOLEIL;3;0;0
Verneuil-sur-Avre;48.74;0.93;08/08/2026;00:00;13.5;0;SOLEIL;1;0;0
Verneuil-sur-Avre;48.74;0.93;08/08/2026;01:00;13.5;0;SOLEIL;1;0;0
Verneuil-sur-Avre;48.74;0.93;08/08/2026;02:00;11.4;0;SOLEIL;2;0;0
Verneuil-sur-Avre;48.74;0.93;08/08/2026;03:00;11.4;0;SOLEIL;2;0;0
Verneuil-sur-Avre;48.74;0.93;08/08/2026;04:00;11.4;0;SOLEIL;2;0;0
Verneuil-sur-Avre;48.74;0.93;08/08/2026;05:00;14.5;0;SOLEIL;3;0;0
Verneuil-sur-Avre;48.74;0.93;08/08/2026;06:00;14.5;0;SOLEIL;3;0;0
Verneuil-sur-Avre;48.74;0.93;08/08/2026;07:00;14.5;0;SOLEIL;3;0;0
Verneuil-sur-Avre;48.74;0.93;08/08/2026;08:00;22.7;5;SOLEIL VOILÉ;3;0;0
Verneuil-sur-Avre;48.74;0.93;08/08/2026;09:00;22.7;5;SOLEIL VOILÉ;3;0;0
Verneuil-sur-Avre;48.74;0.93;08/08/2026;10:00;22.7;5;SOLEIL VOILÉ;3;0;0
Verneuil-sur-Avre;48.74;0.93;08/08/2026;11:00;26.9;5;SOLEIL VOILÉ;3;0;0
Verneuil-sur-Avre;48.74;0.93;08/08/2026;12:00;26.9;5;SOLEIL VOILÉ;3;0;0
Verneuil-sur-Avre;48.74;0.93;08/08/2026;13:00;26.9;5;SOLEIL VOILÉ;3;0;0
Verneuil-sur-Avre;48.74;0.93;08/08/2026;14:00;28.6;5;SOLEIL VOILÉ;1;0;0
Verneuil-sur-Avre;48.74;0.93;08/08/2026;15:00;28.6;5;SOLEIL VOILÉ;1;0;0
Verneuil-sur-Avre;48.74;0.93;08/08/2026;16:00;28.6;5;SOLEIL VOILÉ;1;0;0
Verneuil-sur-Avre;48.74;0.93;08/08/2026;17:00;28;0;SOLEIL;1;0;0
Verneuil-sur-Avre;48.74;0.93;08/08/2026;18:00;28;0;SOLEIL;1;0;0
Verneuil-sur-Avre;48.74;0.93;08/08/2026;19:00;28;0;SOLEIL;1;0;0
Verneuil-sur-Avre;48.74;0.93;08/08/2026;20:00;20.9;0;SOLEIL;2;0;0
Verneuil-sur-Avre;48.74;0.93;08/08/2026;21:00;20.9;0;SOLEIL;2;0;0
Verneuil-sur-Avre;48.74;0.93;08/08/2026;22:00;20.9;0;SOLEIL;2;0;0
Verneuil-sur-Avre;48.74;0.93;08/08/2026;23:00;16.2;0;SOLEIL;2;0;0
Verneuil-sur-Avre;48.74;0.93;09/08/2026;00:00;16.2;0;SOLEIL;2;0;0
Verneuil-sur-Avre;48.74;0.93;09/08/2026;01:00;16.2;0;SOLEIL;2;0;0
Verneuil-sur-Avre;48.74;0.93;09/08/2026;02:00;15.1;5;SOLEIL VOILÉ;2;0;0
Verneuil-sur-Avre;48.74;0.93;09/08/2026;03:00;15.1;5;SOLEIL VOILÉ;2;0;0
Verneuil-sur-Avre;48.74;0.93;09/08/2026;04:00;15.1;5;SOLEIL VOILÉ;2;0;0
Verneuil-sur-Avre;48.74;0.93;09/08/2026;05:00;17.1;5;SOLEIL VOILÉ;1;0;0
Verneuil-sur-Avre;48.74;0.93;09/08/2026;06:00;17.1;5;SOLEIL VOILÉ;1;0;0
Verneuil-sur-Avre;48.74;0.93;09/08/2026;07:00;17.1;5;SOLEIL VOILÉ;1;0;0
Verneuil-sur-Avre;48.74;0.93;09/08/2026;08:00;27.1;0;SOLEIL;2;0;0
Verneuil-sur-Avre;48.74;0.93;09/08/2026;09:00;27.1;0;SOLEIL;2;0;0
Verneuil-sur-Avre;48.74;0.93;09/08/2026;10:00;27.1;0;SOLEIL;2;0;0
Verneuil-sur-Avre;48.74;0.93;09/08/2026;11:00;30.5;0;SOLEIL;3;0;0
Verneuil-sur-Avre;48.74;0.93;09/08/2026;12:00;30.5;0;SOLEIL;3;0;0
Verneuil-sur-Avre;48.74;0.93;09/08/2026;13:00;30.5;0;SOLEIL;3;0;0
Verneuil-sur-Avre;48.74;0.93;09/08/2026;14:00;31.2;0;SOLEIL;3;0;0
Verneuil-sur-Avre;48.74;0.93;09/08/2026;15:00;31.2;0;SOLEIL;3;0;0
Verneuil-sur-Avre;48.74;0.93;09/08/2026;16:00;31.2;0;SOLEIL;3;0;0
Verneuil-sur-Avre;48.74;0.93;09/08/2026;17:00;28.5;0;SOLEIL;4;0;0
Verneuil-sur-Avre;48.74;0.93;09/08/2026;18:00;28.5;0;SOLEIL;4;0;0
Verneuil-sur-Avre;48.74;0.93;09/08/2026;19:00;28.5;0;SOLEIL;4;0;0
Verneuil-sur-Avre;48.74;0.93;09/08/2026;20:00;18.9;0;SOLEIL;5;0;0
Verneuil-sur-Avre;48.74;0.93;09/08/2026;21:00;16.8;0;SOLEIL;5;0;0
Verneuil-sur-Avre;48.74;0.93;09/08/2026;22:00;14.7;0;SOLEIL;5;0;0
Verneuil-sur-Avre;48.74;0.93;09/08/2026;23:00;18.4;0;SOLEIL;2;0;0
Verneuil-sur-Avre;48.74;0.93;10/08/2026;00:00;18.4;0;SOLEIL;2;0;0
Verneuil-sur-Avre;48.74;0.93;10/08/2026;01:00;18.4;0;SOLEIL;2;0;0
Verneuil-sur-Avre;48.74;0.93;10/08/2026;02:00;14.2;0;SOLEIL;5;0;0
Verneuil-sur-Avre;48.74;0.93;10/08/2026;03:00;14.2;0;SOLEIL;5;0;0
Verneuil-sur-Avre;48.74;0.93;10/08/2026;04:00;14.2;0;SOLEIL;5;0;0
Verneuil-sur-Avre;48.74;0.93;10/08/2026;05:00;18.5;0;SOLEIL;3;0;0
Verneuil-sur-Avre;48.74;0.93;10/08/2026;06:00;18.5;0;SOLEIL;3;0;0
Verneuil-sur-Avre;48.74;0.93;10/08/2026;07:00;18.5;0;SOLEIL;3;0;0
Verneuil-sur-Avre;48.74;0.93;10/08/2026;08:00;18.1;0;SOLEIL;5;0;0
Verneuil-sur-Avre;48.74;0.93;10/08/2026;09:00;20.0;0;SOLEIL;5;0;0
Verneuil-sur-Avre;48.74;0.93;10/08/2026;10:00;22.0;0;SOLEIL;5;0;0
Verneuil-sur-Avre;48.74;0.93;10/08/2026;11:00;28.6;0;SOLEIL;3;0;0
Verneuil-sur-Avre;48.74;0.93;10/08/2026;12:00;28.6;0;SOLEIL;3;0;0
Verneuil-sur-Avre;48.74;0.93;10/08/2026;13:00;28.6;0;SOLEIL;3;0;0
Verneuil-sur-Avre;48.74;0.93;10/08/2026;14:00;29.8;0;SOLEIL;5;0;0
Verneuil-sur-Avre;48.74;0.93;10/08/2026;15:00;31.7;0;SOLEIL;5;0;0
Verneuil-sur-Avre;48.74;0.93;10/08/2026;16:00;29.8;0;SOLEIL;5;0;0
Verneuil-sur-Avre;48.74;0.93;10/08/2026;17:00;26;0;SOLEIL;4;0;0
Verneuil-sur-Avre;48.74;0.93;10/08/2026;18:00;26;0;SOLEIL;4;0;0
Verneuil-sur-Avre;48.74;0.93;10/08/2026;19:00;26;0;SOLEIL;4;0;0
Verneuil-sur-Avre;48.74;0.93;10/08/2026;20:00;22.0;0;SOLEIL;5;0;0
Verneuil-sur-Avre;48.74;0.93;10/08/2026;21:00;20.0;0;SOLEIL;5;0;0
Verneuil-sur-Avre;48.74;0.93;10/08/2026;22:00;18.1;0;SOLEIL;5;0;0
Verneuil-sur-Avre;48.74;0.93;10/08/2026;23:00;17;0;SOLEIL;4;0;0
Verneuil-sur-Avre;48.74;0.93;11/08/2026;00:00;17;0;SOLEIL;4;0;0
Verneuil-sur-Avre;48.74;0.93;11/08/2026;01:00;17;0;SOLEIL;4;0;0
Verneuil-sur-Avre;48.74;0.93;11/08/2026;02:00;16.5;0;SOLEIL;5;0;0
Verneuil-sur-Avre;48.74;0.93;11/08/2026;03:00;16.5;0;SOLEIL;5;0;0
Verneuil-sur-Avre;48.74;0.93;11/08/2026;04:00;16.5;0;SOLEIL;5;0;0
Verneuil-sur-Avre;48.74;0.93;11/08/2026;05:00;17.5;0;SOLEIL;3;0;0
Verneuil-sur-Avre;48.74;0.93;11/08/2026;06:00;17.5;0;SOLEIL;3;0;0
Verneuil-sur-Avre;48.74;0.93;11/08/2026;07:00;17.5;0;SOLEIL;3;0;0
Verneuil-sur-Avre;48.74;0.93;11/08/2026;08:00;19.5;0;SOLEIL;5;0;0
Verneuil-sur-Avre;48.74;0.93;11/08/2026;09:00;21.0;0;SOLEIL;5;0;0
Verneuil-sur-Avre;48.74;0.93;11/08/2026;10:00;22.5;0;SOLEIL;5;0;0
Verneuil-sur-Avre;48.74;0.93;11/08/2026;11:00;28.7;0;SOLEIL;3;0;0
Verneuil-sur-Avre;48.74;0.93;11/08/2026;12:00;28.7;0;SOLEIL;3;0;0
Verneuil-sur-Avre;48.74;0.93;11/08/2026;13:00;28.7;0;SOLEIL;3;0;0
Verneuil-sur-Avre;48.74;0.93;11/08/2026;14:00;28.6;0;SOLEIL;5;0;0
Verneuil-sur-Avre;48.74;0.93;11/08/2026;15:00;30.1;0;SOLEIL;5;0;0
Verneuil-sur-Avre;48.74;0.93;11/08/2026;16:00;28.6;0;SOLEIL;5;0;0
Verneuil-sur-Avre;48.74;0.93;11/08/2026;17:00;27.7;0;SOLEIL;4;0;0
Verneuil-sur-Avre;48.74;0.93;11/08/2026;18:00;27.7;0;SOLEIL;4;0;0
Verneuil-sur-Avre;48.74;0.93;11/08/2026;19:00;27.7;0;SOLEIL;4;0;0
Verneuil-sur-Avre;48.74;0.93;11/08/2026;20:00;22.5;0;SOLEIL;5;0;0
Verneuil-sur-Avre;48.74;0.93;11/08/2026;21:00;21.0;0;SOLEIL;5;0;0
Verneuil-sur-Avre;48.74;0.93;11/08/2026;22:00;19.5;0;SOLEIL;5;0;0
Verneuil-sur-Avre;48.74;0.93;11/08/2026;23:00;19.4;0;SOLEIL;4;0;0
Verneuil-sur-Avre;48.74;0.93;12/08/2026;00:00;19.4;0;SOLEIL;4;0;0
Verneuil-sur-Avre;48.74;0.93;12/08/2026;01:00;19.4;0;SOLEIL;4;0;0
Verneuil-sur-Avre;48.74;0.93;12/08/2026;02:00;15.2;0;SOLEIL;5;0;0
Verneuil-sur-Avre;48.74;0.93;12/08/2026;03:00;15.2;0;SOLEIL;5;0;0
Verneuil-sur-Avre;48.74;0.93;12/08/2026;04:00;15.2;0;SOLEIL;5;0;0
Verneuil-sur-Avre;48.74;0.93;12/08/2026;05:00;18.7;0;SOLEIL;3;0;0
Verneuil-sur-Avre;48.74;0.93;12/08/2026;06:00;18.7;0;SOLEIL;3;0;0
Verneuil-sur-Avre;48.74;0.93;12/08/2026;07:00;18.7;0;SOLEIL;3;0;0
Verneuil-sur-Avre;48.74;0.93;12/08/2026;08:00;18.6;0;SOLEIL;5;0;0
Verneuil-sur-Avre;48.74;0.93;12/08/2026;09:00;20.3;0;SOLEIL;5;0;0
Verneuil-sur-Avre;48.74;0.93;12/08/2026;10:00;22.0;0;SOLEIL;5;0;0
Verneuil-sur-Avre;48.74;0.93;12/08/2026;11:00;31.6;0;SOLEIL;3;0;0
Verneuil-sur-Avre;48.74;0.93;12/08/2026;12:00;31.6;0;SOLEIL;3;0;0
Verneuil-sur-Avre;48.74;0.93;12/08/2026;13:00;31.6;0;SOLEIL;3;0;0
Verneuil-sur-Avre;48.74;0.93;12/08/2026;14:00;28.7;0;SOLEIL;5;0;0
Verneuil-sur-Avre;48.74;0.93;12/08/2026;15:00;30.4;0;SOLEIL;5;0;0
Verneuil-sur-Avre;48.74;0.93;12/08/2026;16:00;28.7;0;SOLEIL;5;0;0
Verneuil-sur-Avre;48.74;0.93;12/08/2026;17:00;31.2;0;SOLEIL;2;0;0
Verneuil-sur-Avre;48.74;0.93;12/08/2026;18:00;31.2;0;SOLEIL;2;0;0
Verneuil-sur-Avre;48.74;0.93;12/08/2026;19:00;31.2;0;SOLEIL;2;0;0
Verneuil-sur-Avre;48.74;0.93;12/08/2026;20:00;22.0;0;SOLEIL;5;0;0
Verneuil-sur-Avre;48.74;0.93;12/08/2026;21:00;20.3;0;SOLEIL;5;0;0
Verneuil-sur-Avre;48.74;0.93;12/08/2026;22:00;18.6;0;SOLEIL;5;0;0
Verneuil-sur-Avre;48.74;0.93;12/08/2026;23:00;21.6;0;SOLEIL;3;0;0
Avranches;48.68;-1.36;08/08/2026;00:00;12;0;SOLEIL;2;0;0
Avranches;48.68;-1.36;08/08/2026;01:00;12;0;SOLEIL;2;0;0
Avranches;48.68;-1.36;08/08/2026;02:00;9.1;0;SOLEIL;2;0;0
Avranches;48.68;-1.36;08/08/2026;03:00;9.1;0;SOLEIL;2;0;0
Avranches;48.68;-1.36;08/08/2026;04:00;9.1;0;SOLEIL;2;0;0
Avranches;48.68;-1.36;08/08/2026;05:00;10.4;5;SOLEIL VOILÉ;2;0;0
Avranches;48.68;-1.36;08/08/2026;06:00;10.4;5;SOLEIL VOILÉ;2;0;0
Avranches;48.68;-1.36;08/08/2026;07:00;10.4;5;SOLEIL VOILÉ;2;0;0
Avranches;48.68;-1.36;08/08/2026;08:00;23.2;5;SOLEIL VOILÉ;3;0;0
Avranches;48.68;-1.36;08/08/2026;09:00;23.2;5;SOLEIL VOILÉ;3;0;0
Avranches;48.68;-1.36;08/08/2026;10:00;23.2;5;SOLEIL VOILÉ;3;0;0
Avranches;48.68;-1.36;08/08/2026;11:00;27.9;5;SOLEIL VOILÉ;3;0;0
Avranches;48.68;-1.36;08/08/2026;12:00;27.9;5;SOLEIL VOILÉ;3;0;0
Avranches;48.68;-1.36;08/08/2026;13:00;27.9;5;SOLEIL VOILÉ;3;0;0
Avranches;48.68;-1.36;08/08/2026;14:00;30.1;5;SOLEIL VOILÉ;2;0;0
Avranches;48.68;-1.36;08/08/2026;15:00;30.1;5;SOLEIL VOILÉ;2;0;0
Avranches;48.68;-1.36;08/08/2026;16:00;30.1;5;SOLEIL VOILÉ;2;0;0
Avranches;48.68;-1.36;08/08/2026;17:00;28.7;0;SOLEIL;1;0;0
Avranches;48.68;-1.36;08/08/2026;18:00;28.7;0;SOLEIL;1;0;0
Avranches;48.68;-1.36;08/08/2026;19:00;28.7;0;SOLEIL;1;0;0
Avranches;48.68;-1.36;08/08/2026;20:00;17.2;0;SOLEIL;2;0;0
Avranches;48.68;-1.36;08/08/2026;21:00;17.2;0;SOLEIL;2;0;0
Avranches;48.68;-1.36;08/08/2026;22:00;17.2;0;SOLEIL;2;0;0
Avranches;48.68;-1.36;08/08/2026;23:00;14.6;5;SOLEIL VOILÉ;0;0;0
Avranches;48.68;-1.36;09/08/2026;00:00;14.6;5;SOLEIL VOILÉ;0;0;0
Avranches;48.68;-1.36;09/08/2026;01:00;14.6;5;SOLEIL VOILÉ;0;0;0
Avranches;48.68;-1.36;09/08/2026;02:00;12;5;SOLEIL VOILÉ;0;0;0
Avranches;48.68;-1.36;09/08/2026;03:00;12;5;SOLEIL VOILÉ;0;0;0
Avranches;48.68;-1.36;09/08/2026;04:00;12;5;SOLEIL VOILÉ;0;0;0
Avranches;48.68;-1.36;09/08/2026;05:00;13.6;5;SOLEIL VOILÉ;2;0;0
Avranches;48.68;-1.36;09/08/2026;06:00;13.6;5;SOLEIL VOILÉ;2;0;0
Avranches;48.68;-1.36;09/08/2026;07:00;13.6;5;SOLEIL VOILÉ;2;0;0
Avranches;48.68;-1.36;09/08/2026;08:00;26.4;0;SOLEIL;2;0;0
Avranches;48.68;-1.36;09/08/2026;09:00;26.4;0;SOLEIL;2;0;0
Avranches;48.68;-1.36;09/08/2026;10:00;26.4;0;SOLEIL;2;0;0
Avranches;48.68;-1.36;09/08/2026;11:00;27.6;0;SOLEIL;3;0;0
Avranches;48.68;-1.36;09/08/2026;12:00;27.6;0;SOLEIL;3;0;0
Avranches;48.68;-1.36;09/08/2026;13:00;27.6;0;SOLEIL;3;0;0
Avranches;48.68;-1.36;09/08/2026;14:00;29.9;0;SOLEIL;4;0;0
Avranches;48.68;-1.36;09/08/2026;15:00;29.9;0;SOLEIL;4;0;0
Avranches;48.68;-1.36;09/08/2026;16:00;29.9;0;SOLEIL;4;0;0
Avranches;48.68;-1.36;09/08/2026;17:00;28;0;SOLEIL;3;0;0
Avranches;48.68;-1.36;09/08/2026;18:00;28;0;SOLEIL;3;0;0
Avranches;48.68;-1.36;09/08/2026;19:00;28;0;SOLEIL;3;0;0
Avranches;48.68;-1.36;09/08/2026;20:00;18.3;5;SOLEIL VOILÉ;5;0;0
Avranches;48.68;-1.36;09/08/2026;21:00;15.8;5;SOLEIL VOILÉ;5;0;0
Avranches;48.68;-1.36;09/08/2026;22:00;13.2;5;SOLEIL VOILÉ;5;0;0
Avranches;48.68;-1.36;09/08/2026;23:00;16.1;0;SOLEIL;2;0;0
Avranches;48.68;-1.36;10/08/2026;00:00;16.1;0;SOLEIL;2;0;0
Avranches;48.68;-1.36;10/08/2026;01:00;16.1;0;SOLEIL;2;0;0
Avranches;48.68;-1.36;10/08/2026;02:00;11.1;0;SOLEIL;5;0;0
Avranches;48.68;-1.36;10/08/2026;03:00;11.1;0;SOLEIL;5;0;0
Avranches;48.68;-1.36;10/08/2026;04:00;11.1;0;SOLEIL;5;0;0
Avranches;48.68;-1.36;10/08/2026;05:00;16.1;0;SOLEIL;3;0;0
Avranches;48.68;-1.36;10/08/2026;06:00;16.1;0;SOLEIL;3;0;0
Avranches;48.68;-1.36;10/08/2026;07:00;16.1;0;SOLEIL;3;0;0
Avranches;48.68;-1.36;10/08/2026;08:00;15.4;0;SOLEIL;5;0;0
Avranches;48.68;-1.36;10/08/2026;09:00;17.6;0;SOLEIL;5;0;0
Avranches;48.68;-1.36;10/08/2026;10:00;19.8;0;SOLEIL;5;0;0
Avranches;48.68;-1.36;10/08/2026;11:00;28.7;0;SOLEIL;3;0;0
Avranches;48.68;-1.36;10/08/2026;12:00;28.7;0;SOLEIL;3;0;0
Avranches;48.68;-1.36;10/08/2026;13:00;28.7;0;SOLEIL;3;0;0
Avranches;48.68;-1.36;10/08/2026;14:00;28.4;0;SOLEIL;5;0;0
Avranches;48.68;-1.36;10/08/2026;15:00;30.6;0;SOLEIL;5;0;0
Avranches;48.68;-1.36;10/08/2026;16:00;28.4;0;SOLEIL;5;0;0
Avranches;48.68;-1.36;10/08/2026;17:00;26.4;0;SOLEIL;5;0;0
Avranches;48.68;-1.36;10/08/2026;18:00;26.4;0;SOLEIL;5;0;0
Avranches;48.68;-1.36;10/08/2026;19:00;26.4;0;SOLEIL;5;0;0
Avranches;48.68;-1.36;10/08/2026;20:00;19.8;0;SOLEIL;5;0;0
Avranches;48.68;-1.36;10/08/2026;21:00;17.6;0;SOLEIL;5;0;0
Avranches;48.68;-1.36;10/08/2026;22:00;15.4;0;SOLEIL;5;0;0
Avranches;48.68;-1.36;10/08/2026;23:00;15.2;0;SOLEIL;3;0;0
Avranches;48.68;-1.36;11/08/2026;00:00;15.2;0;SOLEIL;3;0;0
Avranches;48.68;-1.36;11/08/2026;01:00;15.2;0;SOLEIL;3;0;0
Avranches;48.68;-1.36;11/08/2026;02:00;14.1;0;SOLEIL;5;0;0
Avranches;48.68;-1.36;11/08/2026;03:00;14.1;0;SOLEIL;5;0;0
Avranches;48.68;-1.36;11/08/2026;04:00;14.1;0;SOLEIL;5;0;0
Avranches;48.68;-1.36;11/08/2026;05:00;14.4;0;SOLEIL;3;0;0
Avranches;48.68;-1.36;11/08/2026;06:00;14.4;0;SOLEIL;3;0;0
Avranches;48.68;-1.36;11/08/2026;07:00;14.4;0;SOLEIL;3;0;0
Avranches;48.68;-1.36;11/08/2026;08:00;17.7;0;SOLEIL;5;0;0
Avranches;48.68;-1.36;11/08/2026;09:00;19.5;0;SOLEIL;5;0;0
Avranches;48.68;-1.36;11/08/2026;10:00;21.3;0;SOLEIL;5;0;0
Avranches;48.68;-1.36;11/08/2026;11:00;29.2;0;SOLEIL;3;0;0
Avranches;48.68;-1.36;11/08/2026;12:00;29.2;0;SOLEIL;3;0;0
Avranches;48.68;-1.36;11/08/2026;13:00;29.2;0;SOLEIL;3;0;0
Avranches;48.68;-1.36;11/08/2026;14:00;28.6;0;SOLEIL;5;0;0
Avranches;48.68;-1.36;11/08/2026;15:00;30.4;0;SOLEIL;5;0;0
Avranches;48.68;-1.36;11/08/2026;16:00;28.6;0;SOLEIL;5;0;0
Avranches;48.68;-1.36;11/08/2026;17:00;28.9;0;SOLEIL;4;0;0
Avranches;48.68;-1.36;11/08/2026;18:00;28.9;0;SOLEIL;4;0;0
Avranches;48.68;-1.36;11/08/2026;19:00;28.9;0;SOLEIL;4;0;0
Avranches;48.68;-1.36;11/08/2026;20:00;21.3;0;SOLEIL;5;0;0
Avranches;48.68;-1.36;11/08/2026;21:00;19.5;0;SOLEIL;5;0;0
Avranches;48.68;-1.36;11/08/2026;22:00;17.7;0;SOLEIL;5;0;0
Avranches;48.68;-1.36;11/08/2026;23:00;17.4;0;SOLEIL;4;0;0
Avranches;48.68;-1.36;12/08/2026;00:00;17.4;0;SOLEIL;4;0;0
Avranches;48.68;-1.36;12/08/2026;01:00;17.4;0;SOLEIL;4;0;0
Avranches;48.68;-1.36;12/08/2026;02:00;12.2;0;SOLEIL;5;0;0
Avranches;48.68;-1.36;12/08/2026;03:00;12.2;0;SOLEIL;5;0;0
Avranches;48.68;-1.36;12/08/2026;04:00;12.2;0;SOLEIL;5;0;0
Avranches;48.68;-1.36;12/08/2026;05:00;16.9;0;SOLEIL;3;0;0
Avranches;48.68;-1.36;12/08/2026;06:00;16.9;0;SOLEIL;3;0;0
Avranches;48.68;-1.36;12/08/2026;07:00;16.9;0;SOLEIL;3;0;0
Avranches;48.68;-1.36;12/08/2026;08:00;16.5;0;SOLEIL;5;0;0
Avranches;48.68;-1.36;12/08/2026;09:00;18.7;0;SOLEIL;5;0;0
Avranches;48.68;-1.36;12/08/2026;10:00;20.8;0;SOLEIL;5;0;0
Avranches;48.68;-1.36;12/08/2026;11:00;33.1;0;SOLEIL;3;0;0
Avranches;48.68;-1.36;12/08/2026;12:00;33.1;0;SOLEIL;3;0;0
Avranches;48.68;-1.36;12/08/2026;13:00;33.1;0;SOLEIL;3;0;0
Avranches;48.68;-1.36;12/08/2026;14:00;29.4;0;SOLEIL;5;0;0
Avranches;48.68;-1.36;12/08/2026;15:00;31.6;0;SOLEIL;5;0;0
Avranches;48.68;-1.36;12/08/2026;16:00;29.4;0;SOLEIL;5;0;0
Avranches;48.68;-1.36;12/08/2026;17:00;32.4;0;SOLEIL;2;0;0
Avranches;48.68;-1.36;12/08/2026;18:00;32.4;0;SOLEIL;2;0;0
Avranches;48.68;-1.36;12/08/2026;19:00;32.4;0;SOLEIL;2;0;0
Avranches;48.68;-1.36;12/08/2026;20:00;20.8;0;SOLEIL;5;0;0
Avranches;48.68;-1.36;12/08/2026;21:00;18.7;0;SOLEIL;5;0;0
Avranches;48.68;-1.36;12/08/2026;22:00;16.5;0;SOLEIL;5;0;0
Avranches;48.68;-1.36;12/08/2026;23:00;20.1;0;SOLEIL;3;0;0
Cherbourg-Octeville;49.63;-1.62;08/08/2026;00:00;13.1;0;SOLEIL;4;0;0
Cherbourg-Octeville;49.63;-1.62;08/08/2026;01:00;13.1;0;SOLEIL;4;0;0
Cherbourg-Octeville;49.63;-1.62;08/08/2026;02:00;16.2;5;SOLEIL VOILÉ;4;0;0
Cherbourg-Octeville;49.63;-1.62;08/08/2026;03:00;16.2;5;SOLEIL VOILÉ;4;0;0
Cherbourg-Octeville;49.63;-1.62;08/08/2026;04:00;16.2;5;SOLEIL VOILÉ;4;0;0
Cherbourg-Octeville;49.63;-1.62;08/08/2026;05:00;17.6;5;SOLEIL VOILÉ;4;0;0
Cherbourg-Octeville;49.63;-1.62;08/08/2026;06:00;17.6;5;SOLEIL VOILÉ;4;0;0
Cherbourg-Octeville;49.63;-1.62;08/08/2026;07:00;17.6;5;SOLEIL VOILÉ;4;0;0
Cherbourg-Octeville;49.63;-1.62;08/08/2026;08:00;22;5;SOLEIL VOILÉ;4;0;0
Cherbourg-Octeville;49.63;-1.62;08/08/2026;09:00;22;5;SOLEIL VOILÉ;4;0;0
Cherbourg-Octeville;49.63;-1.62;08/08/2026;10:00;22;5;SOLEIL VOILÉ;4;0;0
Cherbourg-Octeville;49.63;-1.62;08/08/2026;11:00;26.6;5;SOLEIL VOILÉ;3;0;0
Cherbourg-Octeville;49.63;-1.62;08/08/2026;12:00;26.6;5;SOLEIL VOILÉ;3;0;0
Cherbourg-Octeville;49.63;-1.62;08/08/2026;13:00;26.6;5;SOLEIL VOILÉ;3;0;0
Cherbourg-Octeville;49.63;-1.62;08/08/2026;14:00;28.6;0;SOLEIL;2;0;0
Cherbourg-Octeville;49.63;-1.62;08/08/2026;15:00;28.6;0;SOLEIL;2;0;0
Cherbourg-Octeville;49.63;-1.62;08/08/2026;16:00;28.6;0;SOLEIL;2;0;0
Cherbourg-Octeville;49.63;-1.62;08/08/2026;17:00;27.1;0;SOLEIL;1;0;0
Cherbourg-Octeville;49.63;-1.62;08/08/2026;18:00;27.1;0;SOLEIL;1;0;0
Cherbourg-Octeville;49.63;-1.62;08/08/2026;19:00;27.1;0;SOLEIL;1;0;0
Cherbourg-Octeville;49.63;-1.62;08/08/2026;20:00;20.2;0;SOLEIL;3;0;0
Cherbourg-Octeville;49.63;-1.62;08/08/2026;21:00;20.2;0;SOLEIL;3;0;0
Cherbourg-Octeville;49.63;-1.62;08/08/2026;22:00;20.2;0;SOLEIL;3;0;0
Cherbourg-Octeville;49.63;-1.62;08/08/2026;23:00;17.5;0;SOLEIL;3;0;0
Cherbourg-Octeville;49.63;-1.62;09/08/2026;00:00;17.5;0;SOLEIL;3;0;0
Cherbourg-Octeville;49.63;-1.62;09/08/2026;01:00;17.5;0;SOLEIL;3;0;0
Cherbourg-Octeville;49.63;-1.62;09/08/2026;02:00;19.1;0;SOLEIL;2;0;0
Cherbourg-Octeville;49.63;-1.62;09/08/2026;03:00;19.1;0;SOLEIL;2;0;0
Cherbourg-Octeville;49.63;-1.62;09/08/2026;04:00;19.1;0;SOLEIL;2;0;0
Cherbourg-Octeville;49.63;-1.62;09/08/2026;05:00;19.1;0;SOLEIL;2;0;0
Cherbourg-Octeville;49.63;-1.62;09/08/2026;06:00;19.1;0;SOLEIL;2;0;0
Cherbourg-Octeville;49.63;-1.62;09/08/2026;07:00;19.1;0;SOLEIL;2;0;0
Cherbourg-Octeville;49.63;-1.62;09/08/2026;08:00;22.4;0;SOLEIL;3;0;0
Cherbourg-Octeville;49.63;-1.62;09/08/2026;09:00;22.4;0;SOLEIL;3;0;0
Cherbourg-Octeville;49.63;-1.62;09/08/2026;10:00;22.4;0;SOLEIL;3;0;0
Cherbourg-Octeville;49.63;-1.62;09/08/2026;11:00;23.5;0;SOLEIL;3;0;0
Cherbourg-Octeville;49.63;-1.62;09/08/2026;12:00;23.5;0;SOLEIL;3;0;0
Cherbourg-Octeville;49.63;-1.62;09/08/2026;13:00;23.5;0;SOLEIL;3;0;0
Cherbourg-Octeville;49.63;-1.62;09/08/2026;14:00;24.1;0;SOLEIL;4;0;0
Cherbourg-Octeville;49.63;-1.62;09/08/2026;15:00;24.1;0;SOLEIL;4;0;0
Cherbourg-Octeville;49.63;-1.62;09/08/2026;16:00;24.1;0;SOLEIL;4;0;0
Cherbourg-Octeville;49.63;-1.62;09/08/2026;17:00;20.6;0;SOLEIL;4;0;0
Cherbourg-Octeville;49.63;-1.62;09/08/2026;18:00;20.6;0;SOLEIL;4;0;0
Cherbourg-Octeville;49.63;-1.62;09/08/2026;19:00;20.6;0;SOLEIL;4;0;0
Cherbourg-Octeville;49.63;-1.62;09/08/2026;20:00;20.3;5;SOLEIL VOILÉ;5;0;0
Cherbourg-Octeville;49.63;-1.62;09/08/2026;21:00;18.5;5;SOLEIL VOILÉ;5;0;0
Cherbourg-Octeville;49.63;-1.62;09/08/2026;22:00;16.7;5;SOLEIL VOILÉ;5;0;0
Cherbourg-Octeville;49.63;-1.62;09/08/2026;23:00;15.6;0;SOLEIL;3;0;0
Cherbourg-Octeville;49.63;-1.62;10/08/2026;00:00;15.6;0;SOLEIL;3;0;0
Cherbourg-Octeville;49.63;-1.62;10/08/2026;01:00;15.6;0;SOLEIL;3;0;0
Cherbourg-Octeville;49.63;-1.62;10/08/2026;02:00;15.7;0;SOLEIL;5;0;0
Cherbourg-Octeville;49.63;-1.62;10/08/2026;03:00;15.7;0;SOLEIL;5;0;0
Cherbourg-Octeville;49.63;-1.62;10/08/2026;04:00;15.7;0;SOLEIL;5;0;0
Cherbourg-Octeville;49.63;-1.62;10/08/2026;05:00;17.9;0;SOLEIL;3;0;0
Cherbourg-Octeville;49.63;-1.62;10/08/2026;06:00;17.9;0;SOLEIL;3;0;0
Cherbourg-Octeville;49.63;-1.62;10/08/2026;07:00;17.9;0;SOLEIL;3;0;0
Cherbourg-Octeville;49.63;-1.62;10/08/2026;08:00;17.6;0;SOLEIL;5;0;0
Cherbourg-Octeville;49.63;-1.62;10/08/2026;09:00;18.5;0;SOLEIL;5;0;0
Cherbourg-Octeville;49.63;-1.62;10/08/2026;10:00;19.5;0;SOLEIL;5;0;0
Cherbourg-Octeville;49.63;-1.62;10/08/2026;11:00;24.9;0;SOLEIL;3;0;0
Cherbourg-Octeville;49.63;-1.62;10/08/2026;12:00;24.9;0;SOLEIL;3;0;0
Cherbourg-Octeville;49.63;-1.62;10/08/2026;13:00;24.9;0;SOLEIL;3;0;0
Cherbourg-Octeville;49.63;-1.62;10/08/2026;14:00;23.3;0;SOLEIL;5;0;0
Cherbourg-Octeville;49.63;-1.62;10/08/2026;15:00;24.2;0;SOLEIL;5;0;0
Cherbourg-Octeville;49.63;-1.62;10/08/2026;16:00;23.3;0;SOLEIL;5;0;0
Cherbourg-Octeville;49.63;-1.62;10/08/2026;17:00;24.6;0;SOLEIL;4;0;0
Cherbourg-Octeville;49.63;-1.62;10/08/2026;18:00;24.6;0;SOLEIL;4;0;0
Cherbourg-Octeville;49.63;-1.62;10/08/2026;19:00;24.6;0;SOLEIL;4;0;0
Cherbourg-Octeville;49.63;-1.62;10/08/2026;20:00;19.5;0;SOLEIL;5;0;0
Cherbourg-Octeville;49.63;-1.62;10/08/2026;21:00;18.5;0;SOLEIL;5;0;0
Cherbourg-Octeville;49.63;-1.62;10/08/2026;22:00;17.6;0;SOLEIL;5;0;0
Cherbourg-Octeville;49.63;-1.62;10/08/2026;23:00;18.7;0;SOLEIL;4;0;0
Cherbourg-Octeville;49.63;-1.62;11/08/2026;00:00;18.7;0;SOLEIL;4;0;0
Cherbourg-Octeville;49.63;-1.62;11/08/2026;01:00;18.7;0;SOLEIL;4;0;0
Cherbourg-Octeville;49.63;-1.62;11/08/2026;02:00;16.6;0;SOLEIL;5;0;0
Cherbourg-Octeville;49.63;-1.62;11/08/2026;03:00;16.6;0;SOLEIL;5;0;0
Cherbourg-Octeville;49.63;-1.62;11/08/2026;04:00;16.6;0;SOLEIL;5;0;0
Cherbourg-Octeville;49.63;-1.62;11/08/2026;05:00;18.6;0;SOLEIL;4;0;0
Cherbourg-Octeville;49.63;-1.62;11/08/2026;06:00;18.6;0;SOLEIL;4;0;0
Cherbourg-Octeville;49.63;-1.62;11/08/2026;07:00;18.6;0;SOLEIL;4;0;0
Cherbourg-Octeville;49.63;-1.62;11/08/2026;08:00;18.9;0;SOLEIL;5;0;0
Cherbourg-Octeville;49.63;-1.62;11/08/2026;09:00;20.1;0;SOLEIL;5;0;0
Cherbourg-Octeville;49.63;-1.62;11/08/2026;10:00;21.2;0;SOLEIL;5;0;0
Cherbourg-Octeville;49.63;-1.62;11/08/2026;11:00;28.9;0;SOLEIL;3;0;0
Cherbourg-Octeville;49.63;-1.62;11/08/2026;12:00;28.9;0;SOLEIL;3;0;0
Cherbourg-Octeville;49.63;-1.62;11/08/2026;13:00;28.9;0;SOLEIL;3;0;0
Cherbourg-Octeville;49.63;-1.62;11/08/2026;14:00;25.8;0;SOLEIL;5;0;0
Cherbourg-Octeville;49.63;-1.62;11/08/2026;15:00;27.0;0;SOLEIL;5;0;0
Cherbourg-Octeville;49.63;-1.62;11/08/2026;16:00;25.8;0;SOLEIL;5;0;0
Cherbourg-Octeville;49.63;-1.62;11/08/2026;17:00;28.2;0;SOLEIL;4;0;0
Cherbourg-Octeville;49.63;-1.62;11/08/2026;18:00;28.2;0;SOLEIL;4;0;0
Cherbourg-Octeville;49.63;-1.62;11/08/2026;19:00;28.2;0;SOLEIL;4;0;0
Cherbourg-Octeville;49.63;-1.62;11/08/2026;20:00;21.2;0;SOLEIL;5;0;0
Cherbourg-Octeville;49.63;-1.62;11/08/2026;21:00;20.1;0;SOLEIL;5;0;0
Cherbourg-Octeville;49.63;-1.62;11/08/2026;22:00;18.9;0;SOLEIL;5;0;0
Cherbourg-Octeville;49.63;-1.62;11/08/2026;23:00;22.7;0;SOLEIL;5;0;0
Cherbourg-Octeville;49.63;-1.62;12/08/2026;00:00;22.7;0;SOLEIL;5;0;0
Cherbourg-Octeville;49.63;-1.62;12/08/2026;01:00;22.7;0;SOLEIL;5;0;0
Cherbourg-Octeville;49.63;-1.62;12/08/2026;02:00;17.2;0;SOLEIL;5;0;0
Cherbourg-Octeville;49.63;-1.62;12/08/2026;03:00;17.2;0;SOLEIL;5;0;0
Cherbourg-Octeville;49.63;-1.62;12/08/2026;04:00;17.2;0;SOLEIL;5;0;0
Cherbourg-Octeville;49.63;-1.62;12/08/2026;05:00;22.4;0;SOLEIL;5;0;0
Cherbourg-Octeville;49.63;-1.62;12/08/2026;06:00;22.4;0;SOLEIL;5;0;0
Cherbourg-Octeville;49.63;-1.62;12/08/2026;07:00;22.4;0;SOLEIL;5;0;0
Cherbourg-Octeville;49.63;-1.62;12/08/2026;08:00;20.5;0;SOLEIL;5;0;0
Cherbourg-Octeville;49.63;-1.62;12/08/2026;09:00;22.1;0;SOLEIL;5;0;0
Cherbourg-Octeville;49.63;-1.62;12/08/2026;10:00;23.8;0;SOLEIL;5;0;0
Cherbourg-Octeville;49.63;-1.62;12/08/2026;11:00;30.1;0;SOLEIL;4;0;0
Cherbourg-Octeville;49.63;-1.62;12/08/2026;12:00;30.1;0;SOLEIL;4;0;0
Cherbourg-Octeville;49.63;-1.62;12/08/2026;13:00;30.1;0;SOLEIL;4;0;0
Cherbourg-Octeville;49.63;-1.62;12/08/2026;14:00;30.4;0;SOLEIL;5;0;0
Cherbourg-Octeville;49.63;-1.62;12/08/2026;15:00;32.0;0;SOLEIL;5;0;0
Cherbourg-Octeville;49.63;-1.62;12/08/2026;16:00;30.4;0;SOLEIL;5;0;0
Cherbourg-Octeville;49.63;-1.62;12/08/2026;17:00;30.1;0;SOLEIL;4;0;0
Cherbourg-Octeville;49.63;-1.62;12/08/2026;18:00;30.1;0;SOLEIL;4;0;0
Cherbourg-Octeville;49.63;-1.62;12/08/2026;19:00;30.1;0;SOLEIL;4;0;0
Cherbourg-Octeville;49.63;-1.62;12/08/2026;20:00;23.8;0;SOLEIL;5;0;0
Cherbourg-Octeville;49.63;-1.62;12/08/2026;21:00;22.1;0;SOLEIL;5;0;0
Cherbourg-Octeville;49.63;-1.62;12/08/2026;22:00;20.5;0;SOLEIL;5;0;0
Cherbourg-Octeville;49.63;-1.62;12/08/2026;23:00;22.1;0;SOLEIL;3;0;0
Coutances;49.05;-1.44;08/08/2026;00:00;14.6;0;SOLEIL;2;0;0
Coutances;49.05;-1.44;08/08/2026;01:00;14.6;0;SOLEIL;2;0;0
Coutances;49.05;-1.44;08/08/2026;02:00;13.2;5;SOLEIL VOILÉ;3;0;0
Coutances;49.05;-1.44;08/08/2026;03:00;13.2;5;SOLEIL VOILÉ;3;0;0
Coutances;49.05;-1.44;08/08/2026;04:00;13.2;5;SOLEIL VOILÉ;3;0;0
Coutances;49.05;-1.44;08/08/2026;05:00;15.6;5;SOLEIL VOILÉ;3;0;0
Coutances;49.05;-1.44;08/08/2026;06:00;15.6;5;SOLEIL VOILÉ;3;0;0
Coutances;49.05;-1.44;08/08/2026;07:00;15.6;5;SOLEIL VOILÉ;3;0;0
Coutances;49.05;-1.44;08/08/2026;08:00;22;5;SOLEIL VOILÉ;4;0;0
Coutances;49.05;-1.44;08/08/2026;09:00;22;5;SOLEIL VOILÉ;4;0;0
Coutances;49.05;-1.44;08/08/2026;10:00;22;5;SOLEIL VOILÉ;4;0;0
Coutances;49.05;-1.44;08/08/2026;11:00;28.4;5;SOLEIL VOILÉ;3;0;0
Coutances;49.05;-1.44;08/08/2026;12:00;28.4;5;SOLEIL VOILÉ;3;0;0
Coutances;49.05;-1.44;08/08/2026;13:00;28.4;5;SOLEIL VOILÉ;3;0;0
Coutances;49.05;-1.44;08/08/2026;14:00;27.4;5;SOLEIL VOILÉ;5;0;0
Coutances;49.05;-1.44;08/08/2026;15:00;27.4;5;SOLEIL VOILÉ;5;0;0
Coutances;49.05;-1.44;08/08/2026;16:00;27.4;5;SOLEIL VOILÉ;5;0;0
Coutances;49.05;-1.44;08/08/2026;17:00;24.4;0;SOLEIL;4;0;0
Coutances;49.05;-1.44;08/08/2026;18:00;24.4;0;SOLEIL;4;0;0
Coutances;49.05;-1.44;08/08/2026;19:00;24.4;0;SOLEIL;4;0;0
Coutances;49.05;-1.44;08/08/2026;20:00;19.1;0;SOLEIL;4;0;0
Coutances;49.05;-1.44;08/08/2026;21:00;19.1;0;SOLEIL;4;0;0
Coutances;49.05;-1.44;08/08/2026;22:00;19.1;0;SOLEIL;4;0;0
Coutances;49.05;-1.44;08/08/2026;23:00;17.9;0;SOLEIL;4;0;0
Coutances;49.05;-1.44;09/08/2026;00:00;17.9;0;SOLEIL;4;0;0
Coutances;49.05;-1.44;09/08/2026;01:00;17.9;0;SOLEIL;4;0;0
Coutances;49.05;-1.44;09/08/2026;02:00;17.1;0;SOLEIL;3;0;0
Coutances;49.05;-1.44;09/08/2026;03:00;17.1;0;SOLEIL;3;0;0
Coutances;49.05;-1.44;09/08/2026;04:00;17.1;0;SOLEIL;3;0;0
Coutances;49.05;-1.44;09/08/2026;05:00;19;0;SOLEIL;1;0;0
Coutances;49.05;-1.44;09/08/2026;06:00;19;0;SOLEIL;1;0;0
Coutances;49.05;-1.44;09/08/2026;07:00;19;0;SOLEIL;1;0;0
Coutances;49.05;-1.44;09/08/2026;08:00;24;0;SOLEIL;3;0;0
Coutances;49.05;-1.44;09/08/2026;09:00;24;0;SOLEIL;3;0;0
Coutances;49.05;-1.44;09/08/2026;10:00;24;0;SOLEIL;3;0;0
Coutances;49.05;-1.44;09/08/2026;11:00;25.1;0;SOLEIL;6;0;0
Coutances;49.05;-1.44;09/08/2026;12:00;25.1;0;SOLEIL;6;0;0
Coutances;49.05;-1.44;09/08/2026;13:00;25.1;0;SOLEIL;6;0;0
Coutances;49.05;-1.44;09/08/2026;14:00;25.1;0;SOLEIL;6;0;0
Coutances;49.05;-1.44;09/08/2026;15:00;25.1;0;SOLEIL;6;0;0
Coutances;49.05;-1.44;09/08/2026;16:00;25.1;0;SOLEIL;6;0;0
Coutances;49.05;-1.44;09/08/2026;17:00;22.4;0;SOLEIL;3;0;0
Coutances;49.05;-1.44;09/08/2026;18:00;22.4;0;SOLEIL;3;0;0
Coutances;49.05;-1.44;09/08/2026;19:00;22.4;0;SOLEIL;3;0;0
Coutances;49.05;-1.44;09/08/2026;20:00;19.8;5;SOLEIL VOILÉ;5;0;0
Coutances;49.05;-1.44;09/08/2026;21:00;18.0;5;SOLEIL VOILÉ;5;0;0
Coutances;49.05;-1.44;09/08/2026;22:00;16.2;5;SOLEIL VOILÉ;5;0;0
Coutances;49.05;-1.44;09/08/2026;23:00;18.2;0;SOLEIL;5;0;0
Coutances;49.05;-1.44;10/08/2026;00:00;18.2;0;SOLEIL;5;0;0
Coutances;49.05;-1.44;10/08/2026;01:00;18.2;0;SOLEIL;5;0;0
Coutances;49.05;-1.44;10/08/2026;02:00;16.5;0;SOLEIL;5;0;0
Coutances;49.05;-1.44;10/08/2026;03:00;16.5;0;SOLEIL;5;0;0
Coutances;49.05;-1.44;10/08/2026;04:00;16.5;0;SOLEIL;5;0;0
Coutances;49.05;-1.44;10/08/2026;05:00;17.7;0;SOLEIL;5;0;0
Coutances;49.05;-1.44;10/08/2026;06:00;17.7;0;SOLEIL;5;0;0
Coutances;49.05;-1.44;10/08/2026;07:00;17.7;0;SOLEIL;5;0;0
Coutances;49.05;-1.44;10/08/2026;08:00;18.7;0;SOLEIL;5;0;0
Coutances;49.05;-1.44;10/08/2026;09:00;19.9;0;SOLEIL;5;0;0
Coutances;49.05;-1.44;10/08/2026;10:00;21.0;0;SOLEIL;5;0;0
Coutances;49.05;-1.44;10/08/2026;11:00;22.1;0;SOLEIL;5;0;0
Coutances;49.05;-1.44;10/08/2026;12:00;22.1;0;SOLEIL;5;0;0
Coutances;49.05;-1.44;10/08/2026;13:00;22.1;0;SOLEIL;5;0;0
Coutances;49.05;-1.44;10/08/2026;14:00;25.5;0;SOLEIL;5;0;0
Coutances;49.05;-1.44;10/08/2026;15:00;26.6;0;SOLEIL;5;0;0
Coutances;49.05;-1.44;10/08/2026;16:00;25.5;0;SOLEIL;5;0;0
Coutances;49.05;-1.44;10/08/2026;17:00;21.2;0;SOLEIL;5;0;0
Coutances;49.05;-1.44;10/08/2026;18:00;21.2;0;SOLEIL;5;0;0
Coutances;49.05;-1.44;10/08/2026;19:00;21.2;0;SOLEIL;5;0;0
Coutances;49.05;-1.44;10/08/2026;20:00;21.0;0;SOLEIL;5;0;0
Coutances;49.05;-1.44;10/08/2026;21:00;19.9;0;SOLEIL;5;0;0
Coutances;49.05;-1.44;10/08/2026;22:00;18.7;0;SOLEIL;5;0;0
Coutances;49.05;-1.44;10/08/2026;23:00;17.4;0;SOLEIL;3;0;0
Coutances;49.05;-1.44;11/08/2026;00:00;17.4;0;SOLEIL;3;0;0
Coutances;49.05;-1.44;11/08/2026;01:00;17.4;0;SOLEIL;3;0;0
Coutances;49.05;-1.44;11/08/2026;02:00;16.6;0;SOLEIL;5;0;0
Coutances;49.05;-1.44;11/08/2026;03:00;16.6;0;SOLEIL;5;0;0
Coutances;49.05;-1.44;11/08/2026;04:00;16.6;0;SOLEIL;5;0;0
Coutances;49.05;-1.44;11/08/2026;05:00;17.7;0;SOLEIL;5;0;0
Coutances;49.05;-1.44;11/08/2026;06:00;17.7;0;SOLEIL;5;0;0
Coutances;49.05;-1.44;11/08/2026;07:00;17.7;0;SOLEIL;5;0;0
Coutances;49.05;-1.44;11/08/2026;08:00;17.9;0;SOLEIL;5;0;0
Coutances;49.05;-1.44;11/08/2026;09:00;18.6;0;SOLEIL;5;0;0
Coutances;49.05;-1.44;11/08/2026;10:00;19.3;0;SOLEIL;5;0;0
Coutances;49.05;-1.44;11/08/2026;11:00;23.1;0;SOLEIL;6;0;0
Coutances;49.05;-1.44;11/08/2026;12:00;23.1;0;SOLEIL;6;0;0
Coutances;49.05;-1.44;11/08/2026;13:00;23.1;0;SOLEIL;6;0;0
Coutances;49.05;-1.44;11/08/2026;14:00;21.9;0;SOLEIL;5;0;0
Coutances;49.05;-1.44;11/08/2026;15:00;22.6;0;SOLEIL;5;0;0
Coutances;49.05;-1.44;11/08/2026;16:00;21.9;0;SOLEIL;5;0;0
Coutances;49.05;-1.44;11/08/2026;17:00;22.6;0;SOLEIL;7;0;0
Coutances;49.05;-1.44;11/08/2026;18:00;22.6;0;SOLEIL;7;0;0
Coutances;49.05;-1.44;11/08/2026;19:00;22.6;0;SOLEIL;7;0;0
Coutances;49.05;-1.44;11/08/2026;20:00;19.3;0;SOLEIL;5;0;0
Coutances;49.05;-1.44;11/08/2026;21:00;18.6;0;SOLEIL;5;0;0
Coutances;49.05;-1.44;11/08/2026;22:00;17.9;0;SOLEIL;5;0;0
Coutances;49.05;-1.44;11/08/2026;23:00;20.7;0;SOLEIL;7;0;0
Coutances;49.05;-1.44;12/08/2026;00:00;20.7;0;SOLEIL;7;0;0
Coutances;49.05;-1.44;12/08/2026;01:00;20.7;0;SOLEIL;7;0;0
Coutances;49.05;-1.44;12/08/2026;02:00;15.6;0;SOLEIL;5;0;0
Coutances;49.05;-1.44;12/08/2026;03:00;15.6;0;SOLEIL;5;0;0
Coutances;49.05;-1.44;12/08/2026;04:00;15.6;0;SOLEIL;5;0;0
Coutances;49.05;-1.44;12/08/2026;05:00;20.2;0;SOLEIL;7;0;0
Coutances;49.05;-1.44;12/08/2026;06:00;20.2;0;SOLEIL;7;0;0
Coutances;49.05;-1.44;12/08/2026;07:00;20.2;0;SOLEIL;7;0;0
Coutances;49.05;-1.44;12/08/2026;08:00;17.5;0;SOLEIL;5;0;0
Coutances;49.05;-1.44;12/08/2026;09:00;18.4;0;SOLEIL;5;0;0
Coutances;49.05;-1.44;12/08/2026;10:00;19.4;0;SOLEIL;5;0;0
Coutances;49.05;-1.44;12/08/2026;11:00;24.2;0;SOLEIL;6;0;0
Coutances;49.05;-1.44;12/08/2026;12:00;24.2;0;SOLEIL;6;0;0
Coutances;49.05;-1.44;12/08/2026;13:00;24.2;0;SOLEIL;6;0;0
Coutances;49.05;-1.44;12/08/2026;14:00;23.2;0;SOLEIL;5;0;0
Coutances;49.05;-1.44;12/08/2026;15:00;24.1;0;SOLEIL;5;0;0
Coutances;49.05;-1.44;12/08/2026;16:00;23.2;0;SOLEIL;5;0;0
Coutances;49.05;-1.44;12/08/2026;17:00;23.6;0;SOLEIL;6;0;0
Coutances;49.05;-1.44;12/08/2026;18:00;23.6;0;SOLEIL;6;0;0
Coutances;49.05;-1.44;12/08/2026;19:00;23.6;0;SOLEIL;6;0;0
Coutances;49.05;-1.44;12/08/2026;20:00;19.4;0;SOLEIL;5;0;0
Coutances;49.05;-1.44;12/08/2026;21:00;18.4;0;SOLEIL;5;0;0
Coutances;49.05;-1.44;12/08/2026;22:00;17.5;0;SOLEIL;5;0;0
Coutances;49.05;-1.44;12/08/2026;23:00;20.2;0;SOLEIL;5;0;0
Saint-Lô;49.11;-1.09;08/08/2026;00:00;13.4;0;SOLEIL;3;0;0
Saint-Lô;49.11;-1.09;08/08/2026;01:00;13.4;0;SOLEIL;3;0;0
Saint-Lô;49.11;-1.09;08/08/2026;02:00;13.6;5;SOLEIL VOILÉ;4;0;0
Saint-Lô;49.11;-1.09;08/08/2026;03:00;13.6;5;SOLEIL VOILÉ;4;0;0
Saint-Lô;49.11;-1.09;08/08/2026;04:00;13.6;5;SOLEIL VOILÉ;4;0;0
Saint-Lô;49.11;-1.09;08/08/2026;05:00;15;5;SOLEIL VOILÉ;4;0;0
Saint-Lô;49.11;-1.09;08/08/2026;06:00;15;5;SOLEIL VOILÉ;4;0;0
Saint-Lô;49.11;-1.09;08/08/2026;07:00;15;5;SOLEIL VOILÉ;4;0;0
Saint-Lô;49.11;-1.09;08/08/2026;08:00;24.6;5;SOLEIL VOILÉ;3;0;0
Saint-Lô;49.11;-1.09;08/08/2026;09:00;24.6;5;SOLEIL VOILÉ;3;0;0
Saint-Lô;49.11;-1.09;08/08/2026;10:00;24.6;5;SOLEIL VOILÉ;3;0;0
Saint-Lô;49.11;-1.09;08/08/2026;11:00;26.5;5;SOLEIL VOILÉ;2;0;0
Saint-Lô;49.11;-1.09;08/08/2026;12:00;26.5;5;SOLEIL VOILÉ;2;0;0
Saint-Lô;49.11;-1.09;08/08/2026;13:00;26.5;5;SOLEIL VOILÉ;2;0;0
Saint-Lô;49.11;-1.09;08/08/2026;14:00;27.1;0;SOLEIL;1;0;0
Saint-Lô;49.11;-1.09;08/08/2026;15:00;27.1;0;SOLEIL;1;0;0
Saint-Lô;49.11;-1.09;08/08/2026;16:00;27.1;0;SOLEIL;1;0;0
Saint-Lô;49.11;-1.09;08/08/2026;17:00;27.1;0;SOLEIL;2;0;0
Saint-Lô;49.11;-1.09;08/08/2026;18:00;27.1;0;SOLEIL;2;0;0
Saint-Lô;49.11;-1.09;08/08/2026;19:00;27.1;0;SOLEIL;2;0;0
Saint-Lô;49.11;-1.09;08/08/2026;20:00;20.6;0;SOLEIL;4;0;0
Saint-Lô;49.11;-1.09;08/08/2026;21:00;20.6;0;SOLEIL;4;0;0
Saint-Lô;49.11;-1.09;08/08/2026;22:00;20.6;0;SOLEIL;4;0;0
Saint-Lô;49.11;-1.09;08/08/2026;23:00;18.6;0;SOLEIL;3;0;0
Saint-Lô;49.11;-1.09;09/08/2026;00:00;18.6;0;SOLEIL;3;0;0
Saint-Lô;49.11;-1.09;09/08/2026;01:00;18.6;0;SOLEIL;3;0;0
Saint-Lô;49.11;-1.09;09/08/2026;02:00;18.1;0;SOLEIL;2;0;0
Saint-Lô;49.11;-1.09;09/08/2026;03:00;18.1;0;SOLEIL;2;0;0
Saint-Lô;49.11;-1.09;09/08/2026;04:00;18.1;0;SOLEIL;2;0;0
Saint-Lô;49.11;-1.09;09/08/2026;05:00;19.2;0;SOLEIL;3;0;0
Saint-Lô;49.11;-1.09;09/08/2026;06:00;19.2;0;SOLEIL;3;0;0
Saint-Lô;49.11;-1.09;09/08/2026;07:00;19.2;0;SOLEIL;3;0;0
Saint-Lô;49.11;-1.09;09/08/2026;08:00;22.7;0;SOLEIL;3;0;0
Saint-Lô;49.11;-1.09;09/08/2026;09:00;22.7;0;SOLEIL;3;0;0
Saint-Lô;49.11;-1.09;09/08/2026;10:00;22.7;0;SOLEIL;3;0;0
Saint-Lô;49.11;-1.09;09/08/2026;11:00;24;0;SOLEIL;4;0;0
Saint-Lô;49.11;-1.09;09/08/2026;12:00;24;0;SOLEIL;4;0;0
Saint-Lô;49.11;-1.09;09/08/2026;13:00;24;0;SOLEIL;4;0;0
Saint-Lô;49.11;-1.09;09/08/2026;14:00;24;0;SOLEIL;4;0;0
Saint-Lô;49.11;-1.09;09/08/2026;15:00;24;0;SOLEIL;4;0;0
Saint-Lô;49.11;-1.09;09/08/2026;16:00;24;0;SOLEIL;4;0;0
Saint-Lô;49.11;-1.09;09/08/2026;17:00;22.1;0;SOLEIL;4;0;0
Saint-Lô;49.11;-1.09;09/08/2026;18:00;22.1;0;SOLEIL;4;0;0
Saint-Lô;49.11;-1.09;09/08/2026;19:00;22.1;0;SOLEIL;4;0;0
Saint-Lô;49.11;-1.09;09/08/2026;20:00;20.0;5;SOLEIL VOILÉ;5;0;0
Saint-Lô;49.11;-1.09;09/08/2026;21:00;18.3;5;SOLEIL VOILÉ;5;0;0
Saint-Lô;49.11;-1.09;09/08/2026;22:00;16.5;5;SOLEIL VOILÉ;5;0;0
Saint-Lô;49.11;-1.09;09/08/2026;23:00;17.1;0;SOLEIL;3;0;0
Saint-Lô;49.11;-1.09;10/08/2026;00:00;17.1;0;SOLEIL;3;0;0
Saint-Lô;49.11;-1.09;10/08/2026;01:00;17.1;0;SOLEIL;3;0;0
Saint-Lô;49.11;-1.09;10/08/2026;02:00;17.6;0;SOLEIL;5;0;0
Saint-Lô;49.11;-1.09;10/08/2026;03:00;17.6;0;SOLEIL;5;0;0
Saint-Lô;49.11;-1.09;10/08/2026;04:00;17.6;0;SOLEIL;5;0;0
Saint-Lô;49.11;-1.09;10/08/2026;05:00;18.1;0;SOLEIL;3;0;0
Saint-Lô;49.11;-1.09;10/08/2026;06:00;18.1;0;SOLEIL;3;0;0
Saint-Lô;49.11;-1.09;10/08/2026;07:00;18.1;0;SOLEIL;3;0;0
Saint-Lô;49.11;-1.09;10/08/2026;08:00;19.2;0;SOLEIL;5;0;0
Saint-Lô;49.11;-1.09;10/08/2026;09:00;19.9;0;SOLEIL;5;0;0
Saint-Lô;49.11;-1.09;10/08/2026;10:00;20.7;0;SOLEIL;5;0;0
Saint-Lô;49.11;-1.09;10/08/2026;11:00;24.9;0;SOLEIL;4;0;0
Saint-Lô;49.11;-1.09;10/08/2026;12:00;24.9;0;SOLEIL;4;0;0
Saint-Lô;49.11;-1.09;10/08/2026;13:00;24.9;0;SOLEIL;4;0;0
Saint-Lô;49.11;-1.09;10/08/2026;14:00;23.8;0;SOLEIL;5;0;0
Saint-Lô;49.11;-1.09;10/08/2026;15:00;24.6;0;SOLEIL;5;0;0
Saint-Lô;49.11;-1.09;10/08/2026;16:00;23.8;0;SOLEIL;5;0;0
Saint-Lô;49.11;-1.09;10/08/2026;17:00;24.1;0;SOLEIL;4;0;0
Saint-Lô;49.11;-1.09;10/08/2026;18:00;24.1;0;SOLEIL;4;0;0
Saint-Lô;49.11;-1.09;10/08/2026;19:00;24.1;0;SOLEIL;4;0;0
Saint-Lô;49.11;-1.09;10/08/2026;20:00;20.7;0;SOLEIL;5;0;0
Saint-Lô;49.11;-1.09;10/08/2026;21:00;19.9;0;SOLEIL;5;0;0
Saint-Lô;49.11;-1.09;10/08/2026;22:00;19.2;0;SOLEIL;5;0;0
Saint-Lô;49.11;-1.09;10/08/2026;23:00;18;0;SOLEIL;3;0;0
Saint-Lô;49.11;-1.09;11/08/2026;00:00;18;0;SOLEIL;3;0;0
Saint-Lô;49.11;-1.09;11/08/2026;01:00;18;0;SOLEIL;3;0;0
Saint-Lô;49.11;-1.09;11/08/2026;02:00;16.6;0;SOLEIL;5;0;0
Saint-Lô;49.11;-1.09;11/08/2026;03:00;16.6;0;SOLEIL;5;0;0
Saint-Lô;49.11;-1.09;11/08/2026;04:00;16.6;0;SOLEIL;5;0;0
Saint-Lô;49.11;-1.09;11/08/2026;05:00;17.9;0;SOLEIL;4;0;0
Saint-Lô;49.11;-1.09;11/08/2026;06:00;17.9;0;SOLEIL;4;0;0
Saint-Lô;49.11;-1.09;11/08/2026;07:00;17.9;0;SOLEIL;4;0;0
Saint-Lô;49.11;-1.09;11/08/2026;08:00;18.7;0;SOLEIL;5;0;0
Saint-Lô;49.11;-1.09;11/08/2026;09:00;19.8;0;SOLEIL;5;0;0
Saint-Lô;49.11;-1.09;11/08/2026;10:00;20.9;0;SOLEIL;5;0;0
Saint-Lô;49.11;-1.09;11/08/2026;11:00;29.1;0;SOLEIL;4;0;0
Saint-Lô;49.11;-1.09;11/08/2026;12:00;29.1;0;SOLEIL;4;0;0
Saint-Lô;49.11;-1.09;11/08/2026;13:00;29.1;0;SOLEIL;4;0;0
Saint-Lô;49.11;-1.09;11/08/2026;14:00;25.1;0;SOLEIL;5;0;0
Saint-Lô;49.11;-1.09;11/08/2026;15:00;26.2;0;SOLEIL;5;0;0
Saint-Lô;49.11;-1.09;11/08/2026;16:00;25.1;0;SOLEIL;5;0;0
Saint-Lô;49.11;-1.09;11/08/2026;17:00;26.4;0;SOLEIL;6;0;0
Saint-Lô;49.11;-1.09;11/08/2026;18:00;26.4;0;SOLEIL;6;0;0
Saint-Lô;49.11;-1.09;11/08/2026;19:00;26.4;0;SOLEIL;6;0;0
Saint-Lô;49.11;-1.09;11/08/2026;20:00;20.9;0;SOLEIL;5;0;0
Saint-Lô;49.11;-1.09;11/08/2026;21:00;19.8;0;SOLEIL;5;0;0
Saint-Lô;49.11;-1.09;11/08/2026;22:00;18.7;0;SOLEIL;5;0;0
Saint-Lô;49.11;-1.09;11/08/2026;23:00;21.6;0;SOLEIL;5;0;0
Saint-Lô;49.11;-1.09;12/08/2026;00:00;21.6;0;SOLEIL;5;0;0
Saint-Lô;49.11;-1.09;12/08/2026;01:00;21.6;0;SOLEIL;5;0;0
Saint-Lô;49.11;-1.09;12/08/2026;02:00;16.2;0;SOLEIL;5;0;0
Saint-Lô;49.11;-1.09;12/08/2026;03:00;16.2;0;SOLEIL;5;0;0
Saint-Lô;49.11;-1.09;12/08/2026;04:00;16.2;0;SOLEIL;5;0;0
Saint-Lô;49.11;-1.09;12/08/2026;05:00;22.2;0;SOLEIL;5;0;0
Saint-Lô;49.11;-1.09;12/08/2026;06:00;22.2;0;SOLEIL;5;0;0
Saint-Lô;49.11;-1.09;12/08/2026;07:00;22.2;0;SOLEIL;5;0;0
Saint-Lô;49.11;-1.09;12/08/2026;08:00;19.6;0;SOLEIL;5;0;0
Saint-Lô;49.11;-1.09;12/08/2026;09:00;21.4;0;SOLEIL;5;0;0
Saint-Lô;49.11;-1.09;12/08/2026;10:00;23.1;0;SOLEIL;5;0;0
Saint-Lô;49.11;-1.09;12/08/2026;11:00;30.1;0;SOLEIL;4;0;0
Saint-Lô;49.11;-1.09;12/08/2026;12:00;30.1;0;SOLEIL;4;0;0
Saint-Lô;49.11;-1.09;12/08/2026;13:00;30.1;0;SOLEIL;4;0;0
Saint-Lô;49.11;-1.09;12/08/2026;14:00;30.0;0;SOLEIL;5;0;0
Saint-Lô;49.11;-1.09;12/08/2026;15:00;31.7;0;SOLEIL;5;0;0
Saint-Lô;49.11;-1.09;12/08/2026;16:00;30.0;0;SOLEIL;5;0;0
Saint-Lô;49.11;-1.09;12/08/2026;17:00;27.7;0;SOLEIL;4;0;0
Saint-Lô;49.11;-1.09;12/08/2026;18:00;27.7;0;SOLEIL;4;0;0
Saint-Lô;49.11;-1.09;12/08/2026;19:00;27.7;0;SOLEIL;4;0;0
Saint-Lô;49.11;-1.09;12/08/2026;20:00;23.1;0;SOLEIL;5;0;0
Saint-Lô;49.11;-1.09;12/08/2026;21:00;21.4;0;SOLEIL;5;0;0
Saint-Lô;49.11;-1.09;12/08/2026;22:00;19.6;0;SOLEIL;5;0;0
Saint-Lô;49.11;-1.09;12/08/2026;23:00;20.7;0;SOLEIL;3;0;0
Alençon;48.43;0.09;08/08/2026;00:00;13.9;0;SOLEIL;2;0;0
Alençon;48.43;0.09;08/08/2026;01:00;13.9;0;SOLEIL;2;0;0
Alençon;48.43;0.09;08/08/2026;02:00;11.9;0;SOLEIL;3;0;0
Alençon;48.43;0.09;08/08/2026;03:00;11.9;0;SOLEIL;3;0;0
Alençon;48.43;0.09;08/08/2026;04:00;11.9;0;SOLEIL;3;0;0
Alençon;48.43;0.09;08/08/2026;05:00;12.5;5;SOLEIL VOILÉ;3;0;0
Alençon;48.43;0.09;08/08/2026;06:00;12.5;5;SOLEIL VOILÉ;3;0;0
Alençon;48.43;0.09;08/08/2026;07:00;12.5;5;SOLEIL VOILÉ;3;0;0
Alençon;48.43;0.09;08/08/2026;08:00;24.6;5;SOLEIL VOILÉ;3;0;0
Alençon;48.43;0.09;08/08/2026;09:00;24.6;5;SOLEIL VOILÉ;3;0;0
Alençon;48.43;0.09;08/08/2026;10:00;24.6;5;SOLEIL VOILÉ;3;0;0
Alençon;48.43;0.09;08/08/2026;11:00;28.9;5;SOLEIL VOILÉ;3;0;0
Alençon;48.43;0.09;08/08/2026;12:00;28.9;5;SOLEIL VOILÉ;3;0;0
Alençon;48.43;0.09;08/08/2026;13:00;28.9;5;SOLEIL VOILÉ;3;0;0
Alençon;48.43;0.09;08/08/2026;14:00;29.1;5;SOLEIL VOILÉ;2;0;0
Alençon;48.43;0.09;08/08/2026;15:00;29.1;5;SOLEIL VOILÉ;2;0;0
Alençon;48.43;0.09;08/08/2026;16:00;29.1;5;SOLEIL VOILÉ;2;0;0
Alençon;48.43;0.09;08/08/2026;17:00;26.7;0;SOLEIL;2;0;0
Alençon;48.43;0.09;08/08/2026;18:00;26.7;0;SOLEIL;2;0;0
Alençon;48.43;0.09;08/08/2026;19:00;26.7;0;SOLEIL;2;0;0
Alençon;48.43;0.09;08/08/2026;20:00;19.2;0;SOLEIL;3;0;0
Alençon;48.43;0.09;08/08/2026;21:00;19.2;0;SOLEIL;3;0;0
Alençon;48.43;0.09;08/08/2026;22:00;19.2;0;SOLEIL;3;0;0
Alençon;48.43;0.09;08/08/2026;23:00;17.1;0;SOLEIL;3;0;0
Alençon;48.43;0.09;09/08/2026;00:00;17.1;0;SOLEIL;3;0;0
Alençon;48.43;0.09;09/08/2026;01:00;17.1;0;SOLEIL;3;0;0
Alençon;48.43;0.09;09/08/2026;02:00;15.6;0;SOLEIL;2;0;0
Alençon;48.43;0.09;09/08/2026;03:00;15.6;0;SOLEIL;2;0;0
Alençon;48.43;0.09;09/08/2026;04:00;15.6;0;SOLEIL;2;0;0
Alençon;48.43;0.09;09/08/2026;05:00;17.6;0;SOLEIL;3;0;0
Alençon;48.43;0.09;09/08/2026;06:00;17.6;0;SOLEIL;3;0;0
Alençon;48.43;0.09;09/08/2026;07:00;17.6;0;SOLEIL;3;0;0
Alençon;48.43;0.09;09/08/2026;08:00;26;0;SOLEIL;3;0;0
Alençon;48.43;0.09;09/08/2026;09:00;26;0;SOLEIL;3;0;0
Alençon;48.43;0.09;09/08/2026;10:00;26;0;SOLEIL;3;0;0
Alençon;48.43;0.09;09/08/2026;11:00;28.1;0;SOLEIL;4;0;0
Alençon;48.43;0.09;09/08/2026;12:00;28.1;0;SOLEIL;4;0;0
Alençon;48.43;0.09;09/08/2026;13:00;28.1;0;SOLEIL;4;0;0
Alençon;48.43;0.09;09/08/2026;14:00;27.1;0;SOLEIL;4;0;0
Alençon;48.43;0.09;09/08/2026;15:00;27.1;0;SOLEIL;4;0;0
Alençon;48.43;0.09;09/08/2026;16:00;27.1;0;SOLEIL;4;0;0
Alençon;48.43;0.09;09/08/2026;17:00;25;0;SOLEIL;4;0;0
Alençon;48.43;0.09;09/08/2026;18:00;25;0;SOLEIL;4;0;0
Alençon;48.43;0.09;09/08/2026;19:00;25;0;SOLEIL;4;0;0
Alençon;48.43;0.09;09/08/2026;20:00;19.5;5;SOLEIL VOILÉ;5;0;0
Alençon;48.43;0.09;09/08/2026;21:00;17.4;5;SOLEIL VOILÉ;5;0;0
Alençon;48.43;0.09;09/08/2026;22:00;15.3;5;SOLEIL VOILÉ;5;0;0
Alençon;48.43;0.09;09/08/2026;23:00;16.5;0;SOLEIL;3;0;0
Alençon;48.43;0.09;10/08/2026;00:00;16.5;0;SOLEIL;3;0;0
Alençon;48.43;0.09;10/08/2026;01:00;16.5;0;SOLEIL;3;0;0
Alençon;48.43;0.09;10/08/2026;02:00;15.2;0;SOLEIL;5;0;0
Alençon;48.43;0.09;10/08/2026;03:00;15.2;0;SOLEIL;5;0;0
Alençon;48.43;0.09;10/08/2026;04:00;15.2;0;SOLEIL;5;0;0
Alençon;48.43;0.09;10/08/2026;05:00;16.4;0;SOLEIL;3;0;0
Alençon;48.43;0.09;10/08/2026;06:00;16.4;0;SOLEIL;3;0;0
Alençon;48.43;0.09;10/08/2026;07:00;16.4;0;SOLEIL;3;0;0
Alençon;48.43;0.09;10/08/2026;08:00;18.2;0;SOLEIL;5;0;0
Alençon;48.43;0.09;10/08/2026;09:00;19.7;0;SOLEIL;5;0;0
Alençon;48.43;0.09;10/08/2026;10:00;21.2;0;SOLEIL;5;0;0
Alençon;48.43;0.09;10/08/2026;11:00;26;0;SOLEIL;3;0;0
Alençon;48.43;0.09;10/08/2026;12:00;26;0;SOLEIL;3;0;0
Alençon;48.43;0.09;10/08/2026;13:00;26;0;SOLEIL;3;0;0
Alençon;48.43;0.09;10/08/2026;14:00;27.2;0;SOLEIL;5;0;0
Alençon;48.43;0.09;10/08/2026;15:00;28.7;0;SOLEIL;5;0;0
Alençon;48.43;0.09;10/08/2026;16:00;27.2;0;SOLEIL;5;0;0
Alençon;48.43;0.09;10/08/2026;17:00;24.2;0;SOLEIL;5;0;0
Alençon;48.43;0.09;10/08/2026;18:00;24.2;0;SOLEIL;5;0;0
Alençon;48.43;0.09;10/08/2026;19:00;24.2;0;SOLEIL;5;0;0
Alençon;48.43;0.09;10/08/2026;20:00;21.2;0;SOLEIL;5;0;0
Alençon;48.43;0.09;10/08/2026;21:00;19.7;0;SOLEIL;5;0;0
Alençon;48.43;0.09;10/08/2026;22:00;18.2;0;SOLEIL;5;0;0
Alençon;48.43;0.09;10/08/2026;23:00;16;0;SOLEIL;3;0;0
Alençon;48.43;0.09;11/08/2026;00:00;16;0;SOLEIL;3;0;0
Alençon;48.43;0.09;11/08/2026;01:00;16;0;SOLEIL;3;0;0
Alençon;48.43;0.09;11/08/2026;02:00;14.9;0;SOLEIL;5;0;0
Alençon;48.43;0.09;11/08/2026;03:00;14.9;0;SOLEIL;5;0;0
Alençon;48.43;0.09;11/08/2026;04:00;14.9;0;SOLEIL;5;0;0
Alençon;48.43;0.09;11/08/2026;05:00;15.4;0;SOLEIL;3;0;0
Alençon;48.43;0.09;11/08/2026;06:00;15.4;0;SOLEIL;3;0;0
Alençon;48.43;0.09;11/08/2026;07:00;15.4;0;SOLEIL;3;0;0
Alençon;48.43;0.09;11/08/2026;08:00;17.7;0;SOLEIL;5;0;0
Alençon;48.43;0.09;11/08/2026;09:00;19.1;0;SOLEIL;5;0;0
Alençon;48.43;0.09;11/08/2026;10:00;20.5;0;SOLEIL;5;0;0
Alençon;48.43;0.09;11/08/2026;11:00;28.9;0;SOLEIL;4;0;0
Alençon;48.43;0.09;11/08/2026;12:00;28.9;0;SOLEIL;4;0;0
Alençon;48.43;0.09;11/08/2026;13:00;28.9;0;SOLEIL;4;0;0
Alençon;48.43;0.09;11/08/2026;14:00;26.2;0;SOLEIL;5;0;0
Alençon;48.43;0.09;11/08/2026;15:00;27.6;0;SOLEIL;5;0;0
Alençon;48.43;0.09;11/08/2026;16:00;26.2;0;SOLEIL;5;0;0
Alençon;48.43;0.09;11/08/2026;17:00;26.9;0;SOLEIL;5;0;0
Alençon;48.43;0.09;11/08/2026;18:00;26.9;0;SOLEIL;5;0;0
Alençon;48.43;0.09;11/08/2026;19:00;26.9;0;SOLEIL;5;0;0
Alençon;48.43;0.09;11/08/2026;20:00;20.5;0;SOLEIL;5;0;0
Alençon;48.43;0.09;11/08/2026;21:00;19.1;0;SOLEIL;5;0;0
Alençon;48.43;0.09;11/08/2026;22:00;17.7;0;SOLEIL;5;0;0
Alençon;48.43;0.09;11/08/2026;23:00;20.2;0;SOLEIL;5;0;0
Alençon;48.43;0.09;12/08/2026;00:00;20.2;0;SOLEIL;5;0;0
Alençon;48.43;0.09;12/08/2026;01:00;20.2;0;SOLEIL;5;0;0
Alençon;48.43;0.09;12/08/2026;02:00;13.6;0;SOLEIL;5;0;0
Alençon;48.43;0.09;12/08/2026;03:00;13.6;0;SOLEIL;5;0;0
Alençon;48.43;0.09;12/08/2026;04:00;13.6;0;SOLEIL;5;0;0
Alençon;48.43;0.09;12/08/2026;05:00;19.5;0;SOLEIL;5;0;0
Alençon;48.43;0.09;12/08/2026;06:00;19.5;0;SOLEIL;5;0;0
Alençon;48.43;0.09;12/08/2026;07:00;19.5;0;SOLEIL;5;0;0
Alençon;48.43;0.09;12/08/2026;08:00;17.5;0;SOLEIL;5;0;0
Alençon;48.43;0.09;12/08/2026;09:00;19.4;0;SOLEIL;5;0;0
Alençon;48.43;0.09;12/08/2026;10:00;21.4;0;SOLEIL;5;0;0
Alençon;48.43;0.09;12/08/2026;11:00;29.6;0;SOLEIL;4;0;0
Alençon;48.43;0.09;12/08/2026;12:00;29.6;0;SOLEIL;4;0;0
Alençon;48.43;0.09;12/08/2026;13:00;29.6;0;SOLEIL;4;0;0
Alençon;48.43;0.09;12/08/2026;14:00;29.2;0;SOLEIL;5;0;0
Alençon;48.43;0.09;12/08/2026;15:00;31.1;0;SOLEIL;5;0;0
Alençon;48.43;0.09;12/08/2026;16:00;29.2;0;SOLEIL;5;0;0
Alençon;48.43;0.09;12/08/2026;17:00;28.1;0;SOLEIL;4;0;0
Alençon;48.43;0.09;12/08/2026;18:00;28.1;0;SOLEIL;4;0;0
Alençon;48.43;0.09;12/08/2026;19:00;28.1;0;SOLEIL;4;0;0
Alençon;48.43;0.09;12/08/2026;20:00;21.4;0;SOLEIL;5;0;0
Alençon;48.43;0.09;12/08/2026;21:00;19.4;0;SOLEIL;5;0;0
Alençon;48.43;0.09;12/08/2026;22:00;17.5;0;SOLEIL;5;0;0
Alençon;48.43;0.09;12/08/2026;23:00;19.6;0;SOLEIL;4;0;0
Argentan;48.74;-0.02;08/08/2026;00:00;16;0;SOLEIL;3;0;0
Argentan;48.74;-0.02;08/08/2026;01:00;16;0;SOLEIL;3;0;0
Argentan;48.74;-0.02;08/08/2026;02:00;14;0;SOLEIL;3;0;0
Argentan;48.74;-0.02;08/08/2026;03:00;14;0;SOLEIL;3;0;0
Argentan;48.74;-0.02;08/08/2026;04:00;14;0;SOLEIL;3;0;0
Argentan;48.74;-0.02;08/08/2026;05:00;15.7;5;SOLEIL VOILÉ;3;0;0
Argentan;48.74;-0.02;08/08/2026;06:00;15.7;5;SOLEIL VOILÉ;3;0;0
Argentan;48.74;-0.02;08/08/2026;07:00;15.7;5;SOLEIL VOILÉ;3;0;0
Argentan;48.74;-0.02;08/08/2026;08:00;23.6;5;SOLEIL VOILÉ;3;0;0
Argentan;48.74;-0.02;08/08/2026;09:00;23.6;5;SOLEIL VOILÉ;3;0;0
Argentan;48.74;-0.02;08/08/2026;10:00;23.6;5;SOLEIL VOILÉ;3;0;0
Argentan;48.74;-0.02;08/08/2026;11:00;28.4;5;SOLEIL VOILÉ;2;0;0
Argentan;48.74;-0.02;08/08/2026;12:00;28.4;5;SOLEIL VOILÉ;2;0;0
Argentan;48.74;-0.02;08/08/2026;13:00;28.4;5;SOLEIL VOILÉ;2;0;0
Argentan;48.74;-0.02;08/08/2026;14:00;30.1;0;SOLEIL;2;0;0
Argentan;48.74;-0.02;08/08/2026;15:00;30.1;0;SOLEIL;2;0;0
Argentan;48.74;-0.02;08/08/2026;16:00;30.1;0;SOLEIL;2;0;0
Argentan;48.74;-0.02;08/08/2026;17:00;28.9;0;SOLEIL;2;0;0
Argentan;48.74;-0.02;08/08/2026;18:00;28.9;0;SOLEIL;2;0;0
Argentan;48.74;-0.02;08/08/2026;19:00;28.9;0;SOLEIL;2;0;0
Argentan;48.74;-0.02;08/08/2026;20:00;22.2;0;SOLEIL;2;0;0
Argentan;48.74;-0.02;08/08/2026;21:00;22.2;0;SOLEIL;2;0;0
Argentan;48.74;-0.02;08/08/2026;22:00;22.2;0;SOLEIL;2;0;0
Argentan;48.74;-0.02;08/08/2026;23:00;18.6;0;SOLEIL;2;0;0
Argentan;48.74;-0.02;09/08/2026;00:00;18.6;0;SOLEIL;2;0;0
Argentan;48.74;-0.02;09/08/2026;01:00;18.6;0;SOLEIL;2;0;0
Argentan;48.74;-0.02;09/08/2026;02:00;17.5;5;SOLEIL VOILÉ;2;0;0
Argentan;48.74;-0.02;09/08/2026;03:00;17.5;5;SOLEIL VOILÉ;2;0;0
Argentan;48.74;-0.02;09/08/2026;04:00;17.5;5;SOLEIL VOILÉ;2;0;0
Argentan;48.74;-0.02;09/08/2026;05:00;18.2;0;SOLEIL;2;0;0
Argentan;48.74;-0.02;09/08/2026;06:00;18.2;0;SOLEIL;2;0;0
Argentan;48.74;-0.02;09/08/2026;07:00;18.2;0;SOLEIL;2;0;0
Argentan;48.74;-0.02;09/08/2026;08:00;25.9;0;SOLEIL;0;0;0
Argentan;48.74;-0.02;09/08/2026;09:00;25.9;0;SOLEIL;0;0;0
Argentan;48.74;-0.02;09/08/2026;10:00;25.9;0;SOLEIL;0;0;0
Argentan;48.74;-0.02;09/08/2026;11:00;28.7;0;SOLEIL;2;0;0
Argentan;48.74;-0.02;09/08/2026;12:00;28.7;0;SOLEIL;2;0;0
Argentan;48.74;-0.02;09/08/2026;13:00;28.7;0;SOLEIL;2;0;0
Argentan;48.74;-0.02;09/08/2026;14:00;30.4;0;SOLEIL;4;0;0
Argentan;48.74;-0.02;09/08/2026;15:00;30.4;0;SOLEIL;4;0;0
Argentan;48.74;-0.02;09/08/2026;16:00;30.4;0;SOLEIL;4;0;0
Argentan;48.74;-0.02;09/08/2026;17:00;28;0;SOLEIL;3;0;0
Argentan;48.74;-0.02;09/08/2026;18:00;28;0;SOLEIL;3;0;0
Argentan;48.74;-0.02;09/08/2026;19:00;28;0;SOLEIL;3;0;0
Argentan;48.74;-0.02;09/08/2026;20:00;21.2;0;SOLEIL;5;0;0
Argentan;48.74;-0.02;09/08/2026;21:00;19.3;0;SOLEIL;5;0;0
Argentan;48.74;-0.02;09/08/2026;22:00;17.4;0;SOLEIL;5;0;0
Argentan;48.74;-0.02;09/08/2026;23:00;19.5;0;SOLEIL;3;0;0
Argentan;48.74;-0.02;10/08/2026;00:00;19.5;0;SOLEIL;3;0;0
Argentan;48.74;-0.02;10/08/2026;01:00;19.5;0;SOLEIL;3;0;0
Argentan;48.74;-0.02;10/08/2026;02:00;16.6;0;SOLEIL;5;0;0
Argentan;48.74;-0.02;10/08/2026;03:00;16.6;0;SOLEIL;5;0;0
Argentan;48.74;-0.02;10/08/2026;04:00;16.6;0;SOLEIL;5;0;0
Argentan;48.74;-0.02;10/08/2026;05:00;18.5;0;SOLEIL;3;0;0
Argentan;48.74;-0.02;10/08/2026;06:00;18.5;0;SOLEIL;3;0;0
Argentan;48.74;-0.02;10/08/2026;07:00;18.5;0;SOLEIL;3;0;0
Argentan;48.74;-0.02;10/08/2026;08:00;19.8;0;SOLEIL;5;0;0
Argentan;48.74;-0.02;10/08/2026;09:00;21.4;0;SOLEIL;5;0;0
Argentan;48.74;-0.02;10/08/2026;10:00;23.0;0;SOLEIL;5;0;0
Argentan;48.74;-0.02;10/08/2026;11:00;28.1;0;SOLEIL;3;0;0
Argentan;48.74;-0.02;10/08/2026;12:00;28.1;0;SOLEIL;3;0;0
Argentan;48.74;-0.02;10/08/2026;13:00;28.1;0;SOLEIL;3;0;0
Argentan;48.74;-0.02;10/08/2026;14:00;29.5;0;SOLEIL;5;0;0
Argentan;48.74;-0.02;10/08/2026;15:00;31.1;0;SOLEIL;5;0;0
Argentan;48.74;-0.02;10/08/2026;16:00;29.5;0;SOLEIL;5;0;0
Argentan;48.74;-0.02;10/08/2026;17:00;28.4;0;SOLEIL;4;0;0
Argentan;48.74;-0.02;10/08/2026;18:00;28.4;0;SOLEIL;4;0;0
Argentan;48.74;-0.02;10/08/2026;19:00;28.4;0;SOLEIL;4;0;0
Argentan;48.74;-0.02;10/08/2026;20:00;23.0;0;SOLEIL;5;0;0
Argentan;48.74;-0.02;10/08/2026;21:00;21.4;0;SOLEIL;5;0;0
Argentan;48.74;-0.02;10/08/2026;22:00;19.8;0;SOLEIL;5;0;0
Argentan;48.74;-0.02;10/08/2026;23:00;18.9;0;SOLEIL;4;0;0
Argentan;48.74;-0.02;11/08/2026;00:00;18.9;0;SOLEIL;4;0;0
Argentan;48.74;-0.02;11/08/2026;01:00;18.9;0;SOLEIL;4;0;0
Argentan;48.74;-0.02;11/08/2026;02:00;17.1;0;SOLEIL;5;0;0
Argentan;48.74;-0.02;11/08/2026;03:00;17.1;0;SOLEIL;5;0;0
Argentan;48.74;-0.02;11/08/2026;04:00;17.1;0;SOLEIL;5;0;0
Argentan;48.74;-0.02;11/08/2026;05:00;18.5;0;SOLEIL;3;0;0
Argentan;48.74;-0.02;11/08/2026;06:00;18.5;0;SOLEIL;3;0;0
Argentan;48.74;-0.02;11/08/2026;07:00;18.5;0;SOLEIL;3;0;0
Argentan;48.74;-0.02;11/08/2026;08:00;20.2;0;SOLEIL;5;0;0
Argentan;48.74;-0.02;11/08/2026;09:00;21.8;0;SOLEIL;5;0;0
Argentan;48.74;-0.02;11/08/2026;10:00;23.3;0;SOLEIL;5;0;0
Argentan;48.74;-0.02;11/08/2026;11:00;29.4;0;SOLEIL;3;0;0
Argentan;48.74;-0.02;11/08/2026;12:00;29.4;0;SOLEIL;3;0;0
Argentan;48.74;-0.02;11/08/2026;13:00;29.4;0;SOLEIL;3;0;0
Argentan;48.74;-0.02;11/08/2026;14:00;29.5;0;SOLEIL;5;0;0
Argentan;48.74;-0.02;11/08/2026;15:00;31.1;0;SOLEIL;5;0;0
Argentan;48.74;-0.02;11/08/2026;16:00;29.5;0;SOLEIL;5;0;0
Argentan;48.74;-0.02;11/08/2026;17:00;30.2;0;SOLEIL;3;0;0
Argentan;48.74;-0.02;11/08/2026;18:00;30.2;0;SOLEIL;3;0;0
Argentan;48.74;-0.02;11/08/2026;19:00;30.2;0;SOLEIL;3;0;0
Argentan;48.74;-0.02;11/08/2026;20:00;23.3;0;SOLEIL;5;0;0
Argentan;48.74;-0.02;11/08/2026;21:00;21.8;0;SOLEIL;5;0;0
Argentan;48.74;-0.02;11/08/2026;22:00;20.2;0;SOLEIL;5;0;0
Argentan;48.74;-0.02;11/08/2026;23:00;21.7;0;SOLEIL;4;0;0
Argentan;48.74;-0.02;12/08/2026;00:00;21.7;0;SOLEIL;4;0;0
Argentan;48.74;-0.02;12/08/2026;01:00;21.7;0;SOLEIL;4;0;0
Argentan;48.74;-0.02;12/08/2026;02:00;16.9;0;SOLEIL;5;0;0
Argentan;48.74;-0.02;12/08/2026;03:00;16.9;0;SOLEIL;5;0;0
Argentan;48.74;-0.02;12/08/2026;04:00;16.9;0;SOLEIL;5;0;0
Argentan;48.74;-0.02;12/08/2026;05:00;20.2;0;SOLEIL;3;0;0
Argentan;48.74;-0.02;12/08/2026;06:00;20.2;0;SOLEIL;3;0;0
Argentan;48.74;-0.02;12/08/2026;07:00;20.2;0;SOLEIL;3;0;0
Argentan;48.74;-0.02;12/08/2026;08:00;20.4;0;SOLEIL;5;0;0
Argentan;48.74;-0.02;12/08/2026;09:00;22.1;0;SOLEIL;5;0;0
Argentan;48.74;-0.02;12/08/2026;10:00;23.8;0;SOLEIL;5;0;0
Argentan;48.74;-0.02;12/08/2026;11:00;32.5;0;SOLEIL;4;0;0
Argentan;48.74;-0.02;12/08/2026;12:00;32.5;0;SOLEIL;4;0;0
Argentan;48.74;-0.02;12/08/2026;13:00;32.5;0;SOLEIL;4;0;0
Argentan;48.74;-0.02;12/08/2026;14:00;30.8;0;SOLEIL;5;0;0
Argentan;48.74;-0.02;12/08/2026;15:00;32.5;0;SOLEIL;5;0;0
Argentan;48.74;-0.02;12/08/2026;16:00;30.8;0;SOLEIL;5;0;0
Argentan;48.74;-0.02;12/08/2026;17:00;33.1;0;SOLEIL;2;0;0
Argentan;48.74;-0.02;12/08/2026;18:00;33.1;0;SOLEIL;2;0;0
Argentan;48.74;-0.02;12/08/2026;19:00;33.1;0;SOLEIL;2;0;0
Argentan;48.74;-0.02;12/08/2026;20:00;23.8;0;SOLEIL;5;0;0
Argentan;48.74;-0.02;12/08/2026;21:00;22.1;0;SOLEIL;5;0;0
Argentan;48.74;-0.02;12/08/2026;22:00;20.4;0;SOLEIL;5;0;0
Argentan;48.74;-0.02;12/08/2026;23:00;22.6;0;SOLEIL;4;0;0
Domfront;48.59;-0.65;08/08/2026;00:00;15.7;0;SOLEIL;1;0;0
Domfront;48.59;-0.65;08/08/2026;01:00;15.7;0;SOLEIL;1;0;0
Domfront;48.59;-0.65;08/08/2026;02:00;12.6;0;SOLEIL;1;0;0
Domfront;48.59;-0.65;08/08/2026;03:00;12.6;0;SOLEIL;1;0;0
Domfront;48.59;-0.65;08/08/2026;04:00;12.6;0;SOLEIL;1;0;0
Domfront;48.59;-0.65;08/08/2026;05:00;13.1;5;SOLEIL VOILÉ;3;0;0
Domfront;48.59;-0.65;08/08/2026;06:00;13.1;5;SOLEIL VOILÉ;3;0;0
Domfront;48.59;-0.65;08/08/2026;07:00;13.1;5;SOLEIL VOILÉ;3;0;0
Domfront;48.59;-0.65;08/08/2026;08:00;23.4;5;SOLEIL VOILÉ;3;0;0
Domfront;48.59;-0.65;08/08/2026;09:00;23.4;5;SOLEIL VOILÉ;3;0;0
Domfront;48.59;-0.65;08/08/2026;10:00;23.4;5;SOLEIL VOILÉ;3;0;0
Domfront;48.59;-0.65;08/08/2026;11:00;27.4;5;SOLEIL VOILÉ;2;0;0
Domfront;48.59;-0.65;08/08/2026;12:00;27.4;5;SOLEIL VOILÉ;2;0;0
Domfront;48.59;-0.65;08/08/2026;13:00;27.4;5;SOLEIL VOILÉ;2;0;0
Domfront;48.59;-0.65;08/08/2026;14:00;29.2;5;SOLEIL VOILÉ;2;0;0
Domfront;48.59;-0.65;08/08/2026;15:00;29.2;5;SOLEIL VOILÉ;2;0;0
Domfront;48.59;-0.65;08/08/2026;16:00;29.2;5;SOLEIL VOILÉ;2;0;0
Domfront;48.59;-0.65;08/08/2026;17:00;28.1;0;SOLEIL;2;0;0
Domfront;48.59;-0.65;08/08/2026;18:00;28.1;0;SOLEIL;2;0;0
Domfront;48.59;-0.65;08/08/2026;19:00;28.1;0;SOLEIL;2;0;0
Domfront;48.59;-0.65;08/08/2026;20:00;21.7;0;SOLEIL;1;0;0
Domfront;48.59;-0.65;08/08/2026;21:00;21.7;0;SOLEIL;1;0;0
Domfront;48.59;-0.65;08/08/2026;22:00;21.7;0;SOLEIL;1;0;0
Domfront;48.59;-0.65;08/08/2026;23:00;17.5;0;SOLEIL;0;0;0
Domfront;48.59;-0.65;09/08/2026;00:00;17.5;0;SOLEIL;0;0;0
Domfront;48.59;-0.65;09/08/2026;01:00;17.5;0;SOLEIL;0;0;0
Domfront;48.59;-0.65;09/08/2026;02:00;15.1;0;SOLEIL;2;0;0
Domfront;48.59;-0.65;09/08/2026;03:00;15.1;0;SOLEIL;2;0;0
Domfront;48.59;-0.65;09/08/2026;04:00;15.1;0;SOLEIL;2;0;0
Domfront;48.59;-0.65;09/08/2026;05:00;18;0;SOLEIL;2;0;0
Domfront;48.59;-0.65;09/08/2026;06:00;18;0;SOLEIL;2;0;0
Domfront;48.59;-0.65;09/08/2026;07:00;18;0;SOLEIL;2;0;0
Domfront;48.59;-0.65;09/08/2026;08:00;27.1;0;SOLEIL;3;0;0
Domfront;48.59;-0.65;09/08/2026;09:00;27.1;0;SOLEIL;3;0;0
Domfront;48.59;-0.65;09/08/2026;10:00;27.1;0;SOLEIL;3;0;0
Domfront;48.59;-0.65;09/08/2026;11:00;28.1;0;SOLEIL;3;0;0
Domfront;48.59;-0.65;09/08/2026;12:00;28.1;0;SOLEIL;3;0;0
Domfront;48.59;-0.65;09/08/2026;13:00;28.1;0;SOLEIL;3;0;0
Domfront;48.59;-0.65;09/08/2026;14:00;28.7;0;SOLEIL;4;0;0
Domfront;48.59;-0.65;09/08/2026;15:00;28.7;0;SOLEIL;4;0;0
Domfront;48.59;-0.65;09/08/2026;16:00;28.7;0;SOLEIL;4;0;0
Domfront;48.59;-0.65;09/08/2026;17:00;27.1;0;SOLEIL;4;0;0
Domfront;48.59;-0.65;09/08/2026;18:00;27.1;0;SOLEIL;4;0;0
Domfront;48.59;-0.65;09/08/2026;19:00;27.1;0;SOLEIL;4;0;0
Domfront;48.59;-0.65;09/08/2026;20:00;19.5;5;SOLEIL VOILÉ;5;0;0
Domfront;48.59;-0.65;09/08/2026;21:00;17.4;5;SOLEIL VOILÉ;5;0;0
Domfront;48.59;-0.65;09/08/2026;22:00;15.2;5;SOLEIL VOILÉ;5;0;0
Domfront;48.59;-0.65;09/08/2026;23:00;17.4;0;SOLEIL;2;0;0
Domfront;48.59;-0.65;10/08/2026;00:00;17.4;0;SOLEIL;2;0;0
Domfront;48.59;-0.65;10/08/2026;01:00;17.4;0;SOLEIL;2;0;0
Domfront;48.59;-0.65;10/08/2026;02:00;14.6;0;SOLEIL;5;0;0
Domfront;48.59;-0.65;10/08/2026;03:00;14.6;0;SOLEIL;5;0;0
Domfront;48.59;-0.65;10/08/2026;04:00;14.6;0;SOLEIL;5;0;0
Domfront;48.59;-0.65;10/08/2026;05:00;17.4;0;SOLEIL;2;0;0
Domfront;48.59;-0.65;10/08/2026;06:00;17.4;0;SOLEIL;2;0;0
Domfront;48.59;-0.65;10/08/2026;07:00;17.4;0;SOLEIL;2;0;0
Domfront;48.59;-0.65;10/08/2026;08:00;18.1;0;SOLEIL;5;0;0
Domfront;48.59;-0.65;10/08/2026;09:00;19.9;0;SOLEIL;5;0;0
Domfront;48.59;-0.65;10/08/2026;10:00;21.7;0;SOLEIL;5;0;0
Domfront;48.59;-0.65;10/08/2026;11:00;27.2;0;SOLEIL;3;0;0
Domfront;48.59;-0.65;10/08/2026;12:00;27.2;0;SOLEIL;3;0;0
Domfront;48.59;-0.65;10/08/2026;13:00;27.2;0;SOLEIL;3;0;0
Domfront;48.59;-0.65;10/08/2026;14:00;28.7;0;SOLEIL;5;0;0
Domfront;48.59;-0.65;10/08/2026;15:00;30.5;0;SOLEIL;5;0;0
Domfront;48.59;-0.65;10/08/2026;16:00;28.7;0;SOLEIL;5;0;0
Domfront;48.59;-0.65;10/08/2026;17:00;25.4;0;SOLEIL;5;0;0
Domfront;48.59;-0.65;10/08/2026;18:00;25.4;0;SOLEIL;5;0;0
Domfront;48.59;-0.65;10/08/2026;19:00;25.4;0;SOLEIL;5;0;0
Domfront;48.59;-0.65;10/08/2026;20:00;21.7;0;SOLEIL;5;0;0
Domfront;48.59;-0.65;10/08/2026;21:00;19.9;0;SOLEIL;5;0;0
Domfront;48.59;-0.65;10/08/2026;22:00;18.1;0;SOLEIL;5;0;0
Domfront;48.59;-0.65;10/08/2026;23:00;17.2;0;SOLEIL;2;0;0
Domfront;48.59;-0.65;11/08/2026;00:00;17.2;0;SOLEIL;2;0;0
Domfront;48.59;-0.65;11/08/2026;01:00;17.2;0;SOLEIL;2;0;0
Domfront;48.59;-0.65;11/08/2026;02:00;15.6;0;SOLEIL;5;0;0
Domfront;48.59;-0.65;11/08/2026;03:00;15.6;0;SOLEIL;5;0;0
Domfront;48.59;-0.65;11/08/2026;04:00;15.6;0;SOLEIL;5;0;0
Domfront;48.59;-0.65;11/08/2026;05:00;17.1;0;SOLEIL;2;0;0
Domfront;48.59;-0.65;11/08/2026;06:00;17.1;0;SOLEIL;2;0;0
Domfront;48.59;-0.65;11/08/2026;07:00;17.1;0;SOLEIL;2;0;0
Domfront;48.59;-0.65;11/08/2026;08:00;18.6;0;SOLEIL;5;0;0
Domfront;48.59;-0.65;11/08/2026;09:00;20.1;0;SOLEIL;5;0;0
Domfront;48.59;-0.65;11/08/2026;10:00;21.6;0;SOLEIL;5;0;0
Domfront;48.59;-0.65;11/08/2026;11:00;28.5;0;SOLEIL;3;0;0
Domfront;48.59;-0.65;11/08/2026;12:00;28.5;0;SOLEIL;3;0;0
Domfront;48.59;-0.65;11/08/2026;13:00;28.5;0;SOLEIL;3;0;0
Domfront;48.59;-0.65;11/08/2026;14:00;27.6;0;SOLEIL;5;0;0
Domfront;48.59;-0.65;11/08/2026;15:00;29.1;0;SOLEIL;5;0;0
Domfront;48.59;-0.65;11/08/2026;16:00;27.6;0;SOLEIL;5;0;0
Domfront;48.59;-0.65;11/08/2026;17:00;29.5;0;SOLEIL;4;0;0
Domfront;48.59;-0.65;11/08/2026;18:00;29.5;0;SOLEIL;4;0;0
Domfront;48.59;-0.65;11/08/2026;19:00;29.5;0;SOLEIL;4;0;0
Domfront;48.59;-0.65;11/08/2026;20:00;21.6;0;SOLEIL;5;0;0
Domfront;48.59;-0.65;11/08/2026;21:00;20.1;0;SOLEIL;5;0;0
Domfront;48.59;-0.65;11/08/2026;22:00;18.6;0;SOLEIL;5;0;0
Domfront;48.59;-0.65;11/08/2026;23:00;20.6;0;SOLEIL;4;0;0
Domfront;48.59;-0.65;12/08/2026;00:00;20.6;0;SOLEIL;4;0;0
Domfront;48.59;-0.65;12/08/2026;01:00;20.6;0;SOLEIL;4;0;0
Domfront;48.59;-0.65;12/08/2026;02:00;14.7;0;SOLEIL;5;0;0
Domfront;48.59;-0.65;12/08/2026;03:00;14.7;0;SOLEIL;5;0;0
Domfront;48.59;-0.65;12/08/2026;04:00;14.7;0;SOLEIL;5;0;0
Domfront;48.59;-0.65;12/08/2026;05:00;20;0;SOLEIL;4;0;0
Domfront;48.59;-0.65;12/08/2026;06:00;20;0;SOLEIL;4;0;0
Domfront;48.59;-0.65;12/08/2026;07:00;20;0;SOLEIL;4;0;0
Domfront;48.59;-0.65;12/08/2026;08:00;18.3;0;SOLEIL;5;0;0
Domfront;48.59;-0.65;12/08/2026;09:00;20.2;0;SOLEIL;5;0;0
Domfront;48.59;-0.65;12/08/2026;10:00;22.0;0;SOLEIL;5;0;0
Domfront;48.59;-0.65;12/08/2026;11:00;32.7;0;SOLEIL;4;0;0
Domfront;48.59;-0.65;12/08/2026;12:00;32.7;0;SOLEIL;4;0;0
Domfront;48.59;-0.65;12/08/2026;13:00;32.7;0;SOLEIL;4;0;0
Domfront;48.59;-0.65;12/08/2026;14:00;29.3;0;SOLEIL;5;0;0
Domfront;48.59;-0.65;12/08/2026;15:00;31.1;0;SOLEIL;5;0;0
Domfront;48.59;-0.65;12/08/2026;16:00;29.3;0;SOLEIL;5;0;0
Domfront;48.59;-0.65;12/08/2026;17:00;31.9;0;SOLEIL;2;0;0
Domfront;48.59;-0.65;12/08/2026;18:00;31.9;0;SOLEIL;2;0;0
Domfront;48.59;-0.65;12/08/2026;19:00;31.9;0;SOLEIL;2;0;0
Domfront;48.59;-0.65;12/08/2026;20:00;22.0;0;SOLEIL;5;0;0
Domfront;48.59;-0.65;12/08/2026;21:00;20.2;0;SOLEIL;5;0;0
Domfront;48.59;-0.65;12/08/2026;22:00;18.3;0;SOLEIL;5;0;0
Domfront;48.59;-0.65;12/08/2026;23:00;21.9;0;SOLEIL;3;0;0
Mortagne-au-Perche;48.52;0.54;08/08/2026;00:00;15.6;0;SOLEIL;5;0;0
Mortagne-au-Perche;48.52;0.54;08/08/2026;01:00;15.6;0;SOLEIL;5;0;0
Mortagne-au-Perche;48.52;0.54;08/08/2026;02:00;14.4;0;SOLEIL;4;0;0
Mortagne-au-Perche;48.52;0.54;08/08/2026;03:00;14.4;0;SOLEIL;4;0;0
Mortagne-au-Perche;48.52;0.54;08/08/2026;04:00;14.4;0;SOLEIL;4;0;0
Mortagne-au-Perche;48.52;0.54;08/08/2026;05:00;15.2;5;SOLEIL VOILÉ;3;0;0
Mortagne-au-Perche;48.52;0.54;08/08/2026;06:00;15.2;5;SOLEIL VOILÉ;3;0;0
Mortagne-au-Perche;48.52;0.54;08/08/2026;07:00;15.2;5;SOLEIL VOILÉ;3;0;0
Mortagne-au-Perche;48.52;0.54;08/08/2026;08:00;23.2;5;SOLEIL VOILÉ;4;0;0
Mortagne-au-Perche;48.52;0.54;08/08/2026;09:00;23.2;5;SOLEIL VOILÉ;4;0;0
Mortagne-au-Perche;48.52;0.54;08/08/2026;10:00;23.2;5;SOLEIL VOILÉ;4;0;0
Mortagne-au-Perche;48.52;0.54;08/08/2026;11:00;27.6;5;SOLEIL VOILÉ;3;0;0
Mortagne-au-Perche;48.52;0.54;08/08/2026;12:00;27.6;5;SOLEIL VOILÉ;3;0;0
Mortagne-au-Perche;48.52;0.54;08/08/2026;13:00;27.6;5;SOLEIL VOILÉ;3;0;0
Mortagne-au-Perche;48.52;0.54;08/08/2026;14:00;29.9;5;SOLEIL VOILÉ;2;0;0
Mortagne-au-Perche;48.52;0.54;08/08/2026;15:00;29.9;5;SOLEIL VOILÉ;2;0;0
Mortagne-au-Perche;48.52;0.54;08/08/2026;16:00;29.9;5;SOLEIL VOILÉ;2;0;0
Mortagne-au-Perche;48.52;0.54;08/08/2026;17:00;27.9;0;SOLEIL;1;0;0
Mortagne-au-Perche;48.52;0.54;08/08/2026;18:00;27.9;0;SOLEIL;1;0;0
Mortagne-au-Perche;48.52;0.54;08/08/2026;19:00;27.9;0;SOLEIL;1;0;0
Mortagne-au-Perche;48.52;0.54;08/08/2026;20:00;22.2;0;SOLEIL;2;0;0
Mortagne-au-Perche;48.52;0.54;08/08/2026;21:00;22.2;0;SOLEIL;2;0;0
Mortagne-au-Perche;48.52;0.54;08/08/2026;22:00;22.2;0;SOLEIL;2;0;0
Mortagne-au-Perche;48.52;0.54;08/08/2026;23:00;18.2;0;SOLEIL;2;0;0
Mortagne-au-Perche;48.52;0.54;09/08/2026;00:00;18.2;0;SOLEIL;2;0;0
Mortagne-au-Perche;48.52;0.54;09/08/2026;01:00;18.2;0;SOLEIL;2;0;0
Mortagne-au-Perche;48.52;0.54;09/08/2026;02:00;17.6;0;SOLEIL;2;0;0
Mortagne-au-Perche;48.52;0.54;09/08/2026;03:00;17.6;0;SOLEIL;2;0;0
Mortagne-au-Perche;48.52;0.54;09/08/2026;04:00;17.6;0;SOLEIL;2;0;0
Mortagne-au-Perche;48.52;0.54;09/08/2026;05:00;18.4;0;SOLEIL;2;0;0
Mortagne-au-Perche;48.52;0.54;09/08/2026;06:00;18.4;0;SOLEIL;2;0;0
Mortagne-au-Perche;48.52;0.54;09/08/2026;07:00;18.4;0;SOLEIL;2;0;0
Mortagne-au-Perche;48.52;0.54;09/08/2026;08:00;24.1;0;SOLEIL;2;0;0
Mortagne-au-Perche;48.52;0.54;09/08/2026;09:00;24.1;0;SOLEIL;2;0;0
Mortagne-au-Perche;48.52;0.54;09/08/2026;10:00;24.1;0;SOLEIL;2;0;0
Mortagne-au-Perche;48.52;0.54;09/08/2026;11:00;27.1;0;SOLEIL;3;0;0
Mortagne-au-Perche;48.52;0.54;09/08/2026;12:00;27.1;0;SOLEIL;3;0;0
Mortagne-au-Perche;48.52;0.54;09/08/2026;13:00;27.1;0;SOLEIL;3;0;0
Mortagne-au-Perche;48.52;0.54;09/08/2026;14:00;28;0;SOLEIL;4;0;0
Mortagne-au-Perche;48.52;0.54;09/08/2026;15:00;28;0;SOLEIL;4;0;0
Mortagne-au-Perche;48.52;0.54;09/08/2026;16:00;28;0;SOLEIL;4;0;0
Mortagne-au-Perche;48.52;0.54;09/08/2026;17:00;26.2;0;SOLEIL;4;0;0
Mortagne-au-Perche;48.52;0.54;09/08/2026;18:00;26.2;0;SOLEIL;4;0;0
Mortagne-au-Perche;48.52;0.54;09/08/2026;19:00;26.2;0;SOLEIL;4;0;0
Mortagne-au-Perche;48.52;0.54;09/08/2026;20:00;20.7;5;SOLEIL VOILÉ;5;0;0
Mortagne-au-Perche;48.52;0.54;09/08/2026;21:00;18.8;5;SOLEIL VOILÉ;5;0;0
Mortagne-au-Perche;48.52;0.54;09/08/2026;22:00;16.9;5;SOLEIL VOILÉ;5;0;0
Mortagne-au-Perche;48.52;0.54;09/08/2026;23:00;18.7;0;SOLEIL;3;0;0
Mortagne-au-Perche;48.52;0.54;10/08/2026;00:00;18.7;0;SOLEIL;3;0;0
Mortagne-au-Perche;48.52;0.54;10/08/2026;01:00;18.7;0;SOLEIL;3;0;0
Mortagne-au-Perche;48.52;0.54;10/08/2026;02:00;16.6;0;SOLEIL;5;0;0
Mortagne-au-Perche;48.52;0.54;10/08/2026;03:00;16.6;0;SOLEIL;5;0;0
Mortagne-au-Perche;48.52;0.54;10/08/2026;04:00;16.6;0;SOLEIL;5;0;0
Mortagne-au-Perche;48.52;0.54;10/08/2026;05:00;17.6;0;SOLEIL;3;0;0
Mortagne-au-Perche;48.52;0.54;10/08/2026;06:00;17.6;0;SOLEIL;3;0;0
Mortagne-au-Perche;48.52;0.54;10/08/2026;07:00;17.6;0;SOLEIL;3;0;0
Mortagne-au-Perche;48.52;0.54;10/08/2026;08:00;19.3;0;SOLEIL;5;0;0
Mortagne-au-Perche;48.52;0.54;10/08/2026;09:00;20.6;0;SOLEIL;5;0;0
Mortagne-au-Perche;48.52;0.54;10/08/2026;10:00;22.0;0;SOLEIL;5;0;0
Mortagne-au-Perche;48.52;0.54;10/08/2026;11:00;26.7;0;SOLEIL;3;0;0
Mortagne-au-Perche;48.52;0.54;10/08/2026;12:00;26.7;0;SOLEIL;3;0;0
Mortagne-au-Perche;48.52;0.54;10/08/2026;13:00;26.7;0;SOLEIL;3;0;0
Mortagne-au-Perche;48.52;0.54;10/08/2026;14:00;27.4;0;SOLEIL;5;0;0
Mortagne-au-Perche;48.52;0.54;10/08/2026;15:00;28.7;0;SOLEIL;5;0;0
Mortagne-au-Perche;48.52;0.54;10/08/2026;16:00;27.4;0;SOLEIL;5;0;0
Mortagne-au-Perche;48.52;0.54;10/08/2026;17:00;26.6;0;SOLEIL;4;0;0
Mortagne-au-Perche;48.52;0.54;10/08/2026;18:00;26.6;0;SOLEIL;4;0;0
Mortagne-au-Perche;48.52;0.54;10/08/2026;19:00;26.6;0;SOLEIL;4;0;0
Mortagne-au-Perche;48.52;0.54;10/08/2026;20:00;22.0;0;SOLEIL;5;0;0
Mortagne-au-Perche;48.52;0.54;10/08/2026;21:00;20.6;0;SOLEIL;5;0;0
Mortagne-au-Perche;48.52;0.54;10/08/2026;22:00;19.3;0;SOLEIL;5;0;0
Mortagne-au-Perche;48.52;0.54;10/08/2026;23:00;18.1;0;SOLEIL;3;0;0
Mortagne-au-Perche;48.52;0.54;11/08/2026;00:00;18.1;0;SOLEIL;3;0;0
Mortagne-au-Perche;48.52;0.54;11/08/2026;01:00;18.1;0;SOLEIL;3;0;0
Mortagne-au-Perche;48.52;0.54;11/08/2026;02:00;16.4;0;SOLEIL;5;0;0
Mortagne-au-Perche;48.52;0.54;11/08/2026;03:00;16.4;0;SOLEIL;5;0;0
Mortagne-au-Perche;48.52;0.54;11/08/2026;04:00;16.4;0;SOLEIL;5;0;0
Mortagne-au-Perche;48.52;0.54;11/08/2026;05:00;17.4;0;SOLEIL;3;0;0
Mortagne-au-Perche;48.52;0.54;11/08/2026;06:00;17.4;0;SOLEIL;3;0;0
Mortagne-au-Perche;48.52;0.54;11/08/2026;07:00;17.4;0;SOLEIL;3;0;0
Mortagne-au-Perche;48.52;0.54;11/08/2026;08:00;19.2;0;SOLEIL;5;0;0
Mortagne-au-Perche;48.52;0.54;11/08/2026;09:00;20.6;0;SOLEIL;5;0;0
Mortagne-au-Perche;48.52;0.54;11/08/2026;10:00;22.0;0;SOLEIL;5;0;0
Mortagne-au-Perche;48.52;0.54;11/08/2026;11:00;28.9;0;SOLEIL;4;0;0
Mortagne-au-Perche;48.52;0.54;11/08/2026;12:00;28.9;0;SOLEIL;4;0;0
Mortagne-au-Perche;48.52;0.54;11/08/2026;13:00;28.9;0;SOLEIL;4;0;0
Mortagne-au-Perche;48.52;0.54;11/08/2026;14:00;27.7;0;SOLEIL;5;0;0
Mortagne-au-Perche;48.52;0.54;11/08/2026;15:00;29.1;0;SOLEIL;5;0;0
Mortagne-au-Perche;48.52;0.54;11/08/2026;16:00;27.7;0;SOLEIL;5;0;0
Mortagne-au-Perche;48.52;0.54;11/08/2026;17:00;29.1;0;SOLEIL;3;0;0
Mortagne-au-Perche;48.52;0.54;11/08/2026;18:00;29.1;0;SOLEIL;3;0;0
Mortagne-au-Perche;48.52;0.54;11/08/2026;19:00;29.1;0;SOLEIL;3;0;0
Mortagne-au-Perche;48.52;0.54;11/08/2026;20:00;22.0;0;SOLEIL;5;0;0
Mortagne-au-Perche;48.52;0.54;11/08/2026;21:00;20.6;0;SOLEIL;5;0;0
Mortagne-au-Perche;48.52;0.54;11/08/2026;22:00;19.2;0;SOLEIL;5;0;0
Mortagne-au-Perche;48.52;0.54;11/08/2026;23:00;21.5;0;SOLEIL;4;0;0
Mortagne-au-Perche;48.52;0.54;12/08/2026;00:00;21.5;0;SOLEIL;4;0;0
Mortagne-au-Perche;48.52;0.54;12/08/2026;01:00;21.5;0;SOLEIL;4;0;0
Mortagne-au-Perche;48.52;0.54;12/08/2026;02:00;16.2;0;SOLEIL;5;0;0
Mortagne-au-Perche;48.52;0.54;12/08/2026;03:00;16.2;0;SOLEIL;5;0;0
Mortagne-au-Perche;48.52;0.54;12/08/2026;04:00;16.2;0;SOLEIL;5;0;0
Mortagne-au-Perche;48.52;0.54;12/08/2026;05:00;20.1;0;SOLEIL;3;0;0
Mortagne-au-Perche;48.52;0.54;12/08/2026;06:00;20.1;0;SOLEIL;3;0;0
Mortagne-au-Perche;48.52;0.54;12/08/2026;07:00;20.1;0;SOLEIL;3;0;0
Mortagne-au-Perche;48.52;0.54;12/08/2026;08:00;19.8;0;SOLEIL;5;0;0
Mortagne-au-Perche;48.52;0.54;12/08/2026;09:00;21.6;0;SOLEIL;5;0;0
Mortagne-au-Perche;48.52;0.54;12/08/2026;10:00;23.4;0;SOLEIL;5;0;0
Mortagne-au-Perche;48.52;0.54;12/08/2026;11:00;31.4;0;SOLEIL;4;0;0
Mortagne-au-Perche;48.52;0.54;12/08/2026;12:00;31.4;0;SOLEIL;4;0;0
Mortagne-au-Perche;48.52;0.54;12/08/2026;13:00;31.4;0;SOLEIL;4;0;0
Mortagne-au-Perche;48.52;0.54;12/08/2026;14:00;30.7;0;SOLEIL;5;0;0
Mortagne-au-Perche;48.52;0.54;12/08/2026;15:00;32.5;0;SOLEIL;5;0;0
Mortagne-au-Perche;48.52;0.54;12/08/2026;16:00;30.7;0;SOLEIL;5;0;0
Mortagne-au-Perche;48.52;0.54;12/08/2026;17:00;29.1;0;SOLEIL;2;0;0
Mortagne-au-Perche;48.52;0.54;12/08/2026;18:00;29.1;0;SOLEIL;2;0;0
Mortagne-au-Perche;48.52;0.54;12/08/2026;19:00;29.1;0;SOLEIL;2;0;0
Mortagne-au-Perche;48.52;0.54;12/08/2026;20:00;23.4;0;SOLEIL;5;0;0
Mortagne-au-Perche;48.52;0.54;12/08/2026;21:00;21.6;0;SOLEIL;5;0;0
Mortagne-au-Perche;48.52;0.54;12/08/2026;22:00;19.8;0;SOLEIL;5;0;0
Mortagne-au-Perche;48.52;0.54;12/08/2026;23:00;20.7;0;SOLEIL;4;0;0
Villers-en-Ouche;48.86;0.57;08/08/2026;00:00;17.4;0;SOLEIL;5;0;0
Villers-en-Ouche;48.86;0.57;08/08/2026;01:00;17.4;0;SOLEIL;5;0;0
Villers-en-Ouche;48.86;0.57;08/08/2026;02:00;16.1;0;SOLEIL;4;0;0
Villers-en-Ouche;48.86;0.57;08/08/2026;03:00;16.1;0;SOLEIL;4;0;0
Villers-en-Ouche;48.86;0.57;08/08/2026;04:00;16.1;0;SOLEIL;4;0;0
Villers-en-Ouche;48.86;0.57;08/08/2026;05:00;16.6;5;SOLEIL VOILÉ;4;0;0
Villers-en-Ouche;48.86;0.57;08/08/2026;06:00;16.6;5;SOLEIL VOILÉ;4;0;0
Villers-en-Ouche;48.86;0.57;08/08/2026;07:00;16.6;5;SOLEIL VOILÉ;4;0;0
Villers-en-Ouche;48.86;0.57;08/08/2026;08:00;23.2;5;SOLEIL VOILÉ;3;0;0
Villers-en-Ouche;48.86;0.57;08/08/2026;09:00;23.2;5;SOLEIL VOILÉ;3;0;0
Villers-en-Ouche;48.86;0.57;08/08/2026;10:00;23.2;5;SOLEIL VOILÉ;3;0;0
Villers-en-Ouche;48.86;0.57;08/08/2026;11:00;26.6;5;SOLEIL VOILÉ;3;0;0
Villers-en-Ouche;48.86;0.57;08/08/2026;12:00;26.6;5;SOLEIL VOILÉ;3;0;0
Villers-en-Ouche;48.86;0.57;08/08/2026;13:00;26.6;5;SOLEIL VOILÉ;3;0;0
Villers-en-Ouche;48.86;0.57;08/08/2026;14:00;29;5;SOLEIL VOILÉ;2;0;0
Villers-en-Ouche;48.86;0.57;08/08/2026;15:00;29;5;SOLEIL VOILÉ;2;0;0
Villers-en-Ouche;48.86;0.57;08/08/2026;16:00;29;5;SOLEIL VOILÉ;2;0;0
Villers-en-Ouche;48.86;0.57;08/08/2026;17:00;28.1;0;SOLEIL;1;0;0
Villers-en-Ouche;48.86;0.57;08/08/2026;18:00;28.1;0;SOLEIL;1;0;0
Villers-en-Ouche;48.86;0.57;08/08/2026;19:00;28.1;0;SOLEIL;1;0;0
Villers-en-Ouche;48.86;0.57;08/08/2026;20:00;23.4;0;SOLEIL;2;0;0
Villers-en-Ouche;48.86;0.57;08/08/2026;21:00;23.4;0;SOLEIL;2;0;0
Villers-en-Ouche;48.86;0.57;08/08/2026;22:00;23.4;0;SOLEIL;2;0;0
Villers-en-Ouche;48.86;0.57;08/08/2026;23:00;20.6;5;SOLEIL VOILÉ;2;0;0
Villers-en-Ouche;48.86;0.57;09/08/2026;00:00;20.6;5;SOLEIL VOILÉ;2;0;0
Villers-en-Ouche;48.86;0.57;09/08/2026;01:00;20.6;5;SOLEIL VOILÉ;2;0;0
Villers-en-Ouche;48.86;0.57;09/08/2026;02:00;19.2;5;SOLEIL VOILÉ;2;0;0
Villers-en-Ouche;48.86;0.57;09/08/2026;03:00;19.2;5;SOLEIL VOILÉ;2;0;0
Villers-en-Ouche;48.86;0.57;09/08/2026;04:00;19.2;5;SOLEIL VOILÉ;2;0;0
Villers-en-Ouche;48.86;0.57;09/08/2026;05:00;20.4;0;SOLEIL;2;0;0
Villers-en-Ouche;48.86;0.57;09/08/2026;06:00;20.4;0;SOLEIL;2;0;0
Villers-en-Ouche;48.86;0.57;09/08/2026;07:00;20.4;0;SOLEIL;2;0;0
Villers-en-Ouche;48.86;0.57;09/08/2026;08:00;27;0;SOLEIL;2;0;0
Villers-en-Ouche;48.86;0.57;09/08/2026;09:00;27;0;SOLEIL;2;0;0
Villers-en-Ouche;48.86;0.57;09/08/2026;10:00;27;0;SOLEIL;2;0;0
Villers-en-Ouche;48.86;0.57;09/08/2026;11:00;28.9;0;SOLEIL;3;0;0
Villers-en-Ouche;48.86;0.57;09/08/2026;12:00;28.9;0;SOLEIL;3;0;0
Villers-en-Ouche;48.86;0.57;09/08/2026;13:00;28.9;0;SOLEIL;3;0;0
Villers-en-Ouche;48.86;0.57;09/08/2026;14:00;29.6;0;SOLEIL;4;0;0
Villers-en-Ouche;48.86;0.57;09/08/2026;15:00;29.6;0;SOLEIL;4;0;0
Villers-en-Ouche;48.86;0.57;09/08/2026;16:00;29.6;0;SOLEIL;4;0;0
Villers-en-Ouche;48.86;0.57;09/08/2026;17:00;27.1;0;SOLEIL;4;0;0
Villers-en-Ouche;48.86;0.57;09/08/2026;18:00;27.1;0;SOLEIL;4;0;0
Villers-en-Ouche;48.86;0.57;09/08/2026;19:00;27.1;0;SOLEIL;4;0;0
Villers-en-Ouche;48.86;0.57;09/08/2026;20:00;21.2;5;SOLEIL VOILÉ;5;0;0
Villers-en-Ouche;48.86;0.57;09/08/2026;21:00;19.5;5;SOLEIL VOILÉ;5;0;0
Villers-en-Ouche;48.86;0.57;09/08/2026;22:00;17.8;5;SOLEIL VOILÉ;5;0;0
Villers-en-Ouche;48.86;0.57;09/08/2026;23:00;20.9;0;SOLEIL;3;0;0
Villers-en-Ouche;48.86;0.57;10/08/2026;00:00;20.9;0;SOLEIL;3;0;0
Villers-en-Ouche;48.86;0.57;10/08/2026;01:00;20.9;0;SOLEIL;3;0;0
Villers-en-Ouche;48.86;0.57;10/08/2026;02:00;18.6;0;SOLEIL;5;0;0
Villers-en-Ouche;48.86;0.57;10/08/2026;03:00;18.6;0;SOLEIL;5;0;0
Villers-en-Ouche;48.86;0.57;10/08/2026;04:00;18.6;0;SOLEIL;5;0;0
Villers-en-Ouche;48.86;0.57;10/08/2026;05:00;18.2;0;SOLEIL;3;0;0
Villers-en-Ouche;48.86;0.57;10/08/2026;06:00;18.2;0;SOLEIL;3;0;0
Villers-en-Ouche;48.86;0.57;10/08/2026;07:00;18.2;0;SOLEIL;3;0;0
Villers-en-Ouche;48.86;0.57;10/08/2026;08:00;21.2;0;SOLEIL;5;0;0
Villers-en-Ouche;48.86;0.57;10/08/2026;09:00;22.6;0;SOLEIL;5;0;0
Villers-en-Ouche;48.86;0.57;10/08/2026;10:00;23.9;0;SOLEIL;5;0;0
Villers-en-Ouche;48.86;0.57;10/08/2026;11:00;27.1;0;SOLEIL;3;0;0
Villers-en-Ouche;48.86;0.57;10/08/2026;12:00;27.1;0;SOLEIL;3;0;0
Villers-en-Ouche;48.86;0.57;10/08/2026;13:00;27.1;0;SOLEIL;3;0;0
Villers-en-Ouche;48.86;0.57;10/08/2026;14:00;29.2;0;SOLEIL;5;0;0
Villers-en-Ouche;48.86;0.57;10/08/2026;15:00;30.5;0;SOLEIL;5;0;0
Villers-en-Ouche;48.86;0.57;10/08/2026;16:00;29.2;0;SOLEIL;5;0;0
Villers-en-Ouche;48.86;0.57;10/08/2026;17:00;27.2;0;SOLEIL;5;0;0
Villers-en-Ouche;48.86;0.57;10/08/2026;18:00;27.2;0;SOLEIL;5;0;0
Villers-en-Ouche;48.86;0.57;10/08/2026;19:00;27.2;0;SOLEIL;5;0;0
Villers-en-Ouche;48.86;0.57;10/08/2026;20:00;23.9;0;SOLEIL;5;0;0
Villers-en-Ouche;48.86;0.57;10/08/2026;21:00;22.6;0;SOLEIL;5;0;0
Villers-en-Ouche;48.86;0.57;10/08/2026;22:00;21.2;0;SOLEIL;5;0;0
Villers-en-Ouche;48.86;0.57;10/08/2026;23:00;19.1;0;SOLEIL;4;0;0
Villers-en-Ouche;48.86;0.57;11/08/2026;00:00;19.1;0;SOLEIL;4;0;0
Villers-en-Ouche;48.86;0.57;11/08/2026;01:00;19.1;0;SOLEIL;4;0;0
Villers-en-Ouche;48.86;0.57;11/08/2026;02:00;17.1;0;SOLEIL;5;0;0
Villers-en-Ouche;48.86;0.57;11/08/2026;03:00;17.1;0;SOLEIL;5;0;0
Villers-en-Ouche;48.86;0.57;11/08/2026;04:00;17.1;0;SOLEIL;5;0;0
Villers-en-Ouche;48.86;0.57;11/08/2026;05:00;19.2;0;SOLEIL;4;0;0
Villers-en-Ouche;48.86;0.57;11/08/2026;06:00;19.2;0;SOLEIL;4;0;0
Villers-en-Ouche;48.86;0.57;11/08/2026;07:00;19.2;0;SOLEIL;4;0;0
Villers-en-Ouche;48.86;0.57;11/08/2026;08:00;20.0;0;SOLEIL;5;0;0
Villers-en-Ouche;48.86;0.57;11/08/2026;09:00;21.4;0;SOLEIL;5;0;0
Villers-en-Ouche;48.86;0.57;11/08/2026;10:00;22.9;0;SOLEIL;5;0;0
Villers-en-Ouche;48.86;0.57;11/08/2026;11:00;28.1;0;SOLEIL;3;0;0
Villers-en-Ouche;48.86;0.57;11/08/2026;12:00;28.1;0;SOLEIL;3;0;0
Villers-en-Ouche;48.86;0.57;11/08/2026;13:00;28.1;0;SOLEIL;3;0;0
Villers-en-Ouche;48.86;0.57;11/08/2026;14:00;28.7;0;SOLEIL;5;0;0
Villers-en-Ouche;48.86;0.57;11/08/2026;15:00;30.1;0;SOLEIL;5;0;0
Villers-en-Ouche;48.86;0.57;11/08/2026;16:00;28.7;0;SOLEIL;5;0;0
Villers-en-Ouche;48.86;0.57;11/08/2026;17:00;29.6;0;SOLEIL;4;0;0
Villers-en-Ouche;48.86;0.57;11/08/2026;18:00;29.6;0;SOLEIL;4;0;0
Villers-en-Ouche;48.86;0.57;11/08/2026;19:00;29.6;0;SOLEIL;4;0;0
Villers-en-Ouche;48.86;0.57;11/08/2026;20:00;22.9;0;SOLEIL;5;0;0
Villers-en-Ouche;48.86;0.57;11/08/2026;21:00;21.4;0;SOLEIL;5;0;0
Villers-en-Ouche;48.86;0.57;11/08/2026;22:00;20.0;0;SOLEIL;5;0;0
Villers-en-Ouche;48.86;0.57;11/08/2026;23:00;21.7;0;SOLEIL;5;0;0
Villers-en-Ouche;48.86;0.57;12/08/2026;00:00;21.7;0;SOLEIL;5;0;0
Villers-en-Ouche;48.86;0.57;12/08/2026;01:00;21.7;0;SOLEIL;5;0;0
Villers-en-Ouche;48.86;0.57;12/08/2026;02:00;17.6;0;SOLEIL;5;0;0
Villers-en-Ouche;48.86;0.57;12/08/2026;03:00;17.6;0;SOLEIL;5;0;0
Villers-en-Ouche;48.86;0.57;12/08/2026;04:00;17.6;0;SOLEIL;5;0;0
Villers-en-Ouche;48.86;0.57;12/08/2026;05:00;20.6;0;SOLEIL;4;0;0
Villers-en-Ouche;48.86;0.57;12/08/2026;06:00;20.6;0;SOLEIL;4;0;0
Villers-en-Ouche;48.86;0.57;12/08/2026;07:00;20.6;0;SOLEIL;4;0;0
Villers-en-Ouche;48.86;0.57;12/08/2026;08:00;20.6;0;SOLEIL;5;0;0
Villers-en-Ouche;48.86;0.57;12/08/2026;09:00;22.1;0;SOLEIL;5;0;0
Villers-en-Ouche;48.86;0.57;12/08/2026;10:00;23.6;0;SOLEIL;5;0;0
Villers-en-Ouche;48.86;0.57;12/08/2026;11:00;31.4;0;SOLEIL;4;0;0
Villers-en-Ouche;48.86;0.57;12/08/2026;12:00;31.4;0;SOLEIL;4;0;0
Villers-en-Ouche;48.86;0.57;12/08/2026;13:00;31.4;0;SOLEIL;4;0;0
Villers-en-Ouche;48.86;0.57;12/08/2026;14:00;29.5;0;SOLEIL;5;0;0
Villers-en-Ouche;48.86;0.57;12/08/2026;15:00;31.0;0;SOLEIL;5;0;0
Villers-en-Ouche;48.86;0.57;12/08/2026;16:00;29.5;0;SOLEIL;5;0;0
Villers-en-Ouche;48.86;0.57;12/08/2026;17:00;32.5;0;SOLEIL;1;0;0
Villers-en-Ouche;48.86;0.57;12/08/2026;18:00;32.5;0;SOLEIL;1;0;0
Villers-en-Ouche;48.86;0.57;12/08/2026;19:00;32.5;0;SOLEIL;1;0;0
Villers-en-Ouche;48.86;0.57;12/08/2026;20:00;23.6;0;SOLEIL;5;0;0
Villers-en-Ouche;48.86;0.57;12/08/2026;21:00;22.1;0;SOLEIL;5;0;0
Villers-en-Ouche;48.86;0.57;12/08/2026;22:00;20.6;0;SOLEIL;5;0;0
Villers-en-Ouche;48.86;0.57;12/08/2026;23:00;22.1;0;SOLEIL;4;0;0
Dieppe;49.92;1.07;08/08/2026;00:00;12.2;0;SOLEIL;2;0;0
Dieppe;49.92;1.07;08/08/2026;01:00;12.2;0;SOLEIL;2;0;0
Dieppe;49.92;1.07;08/08/2026;02:00;10.1;0;SOLEIL;3;0;0
Dieppe;49.92;1.07;08/08/2026;03:00;10.1;0;SOLEIL;3;0;0
Dieppe;49.92;1.07;08/08/2026;04:00;10.1;0;SOLEIL;3;0;0
Dieppe;49.92;1.07;08/08/2026;05:00;13.1;5;SOLEIL VOILÉ;3;0;0
Dieppe;49.92;1.07;08/08/2026;06:00;13.1;5;SOLEIL VOILÉ;3;0;0
Dieppe;49.92;1.07;08/08/2026;07:00;13.1;5;SOLEIL VOILÉ;3;0;0
Dieppe;49.92;1.07;08/08/2026;08:00;22.7;5;SOLEIL VOILÉ;3;0;0
Dieppe;49.92;1.07;08/08/2026;09:00;22.7;5;SOLEIL VOILÉ;3;0;0
Dieppe;49.92;1.07;08/08/2026;10:00;22.7;5;SOLEIL VOILÉ;3;0;0
Dieppe;49.92;1.07;08/08/2026;11:00;26.5;5;SOLEIL VOILÉ;3;0;0
Dieppe;49.92;1.07;08/08/2026;12:00;26.5;5;SOLEIL VOILÉ;3;0;0
Dieppe;49.92;1.07;08/08/2026;13:00;26.5;5;SOLEIL VOILÉ;3;0;0
Dieppe;49.92;1.07;08/08/2026;14:00;28.6;5;SOLEIL VOILÉ;2;0;0
Dieppe;49.92;1.07;08/08/2026;15:00;28.6;5;SOLEIL VOILÉ;2;0;0
Dieppe;49.92;1.07;08/08/2026;16:00;28.6;5;SOLEIL VOILÉ;2;0;0
Dieppe;49.92;1.07;08/08/2026;17:00;26.7;0;SOLEIL;2;0;0
Dieppe;49.92;1.07;08/08/2026;18:00;26.7;0;SOLEIL;2;0;0
Dieppe;49.92;1.07;08/08/2026;19:00;26.7;0;SOLEIL;2;0;0
Dieppe;49.92;1.07;08/08/2026;20:00;19.1;0;SOLEIL;2;0;0
Dieppe;49.92;1.07;08/08/2026;21:00;19.1;0;SOLEIL;2;0;0
Dieppe;49.92;1.07;08/08/2026;22:00;19.1;0;SOLEIL;2;0;0
Dieppe;49.92;1.07;08/08/2026;23:00;15.2;0;SOLEIL;2;0;0
Dieppe;49.92;1.07;09/08/2026;00:00;15.2;0;SOLEIL;2;0;0
Dieppe;49.92;1.07;09/08/2026;01:00;15.2;0;SOLEIL;2;0;0
Dieppe;49.92;1.07;09/08/2026;02:00;13.4;5;SOLEIL VOILÉ;0;0;0
Dieppe;49.92;1.07;09/08/2026;03:00;13.4;5;SOLEIL VOILÉ;0;0;0
Dieppe;49.92;1.07;09/08/2026;04:00;13.4;5;SOLEIL VOILÉ;0;0;0
Dieppe;49.92;1.07;09/08/2026;05:00;16.5;0;SOLEIL;2;0;0
Dieppe;49.92;1.07;09/08/2026;06:00;16.5;0;SOLEIL;2;0;0
Dieppe;49.92;1.07;09/08/2026;07:00;16.5;0;SOLEIL;2;0;0
Dieppe;49.92;1.07;09/08/2026;08:00;27.2;0;SOLEIL;2;0;0
Dieppe;49.92;1.07;09/08/2026;09:00;27.2;0;SOLEIL;2;0;0
Dieppe;49.92;1.07;09/08/2026;10:00;27.2;0;SOLEIL;2;0;0
Dieppe;49.92;1.07;09/08/2026;11:00;26.9;0;SOLEIL;3;0;0
Dieppe;49.92;1.07;09/08/2026;12:00;26.9;0;SOLEIL;3;0;0
Dieppe;49.92;1.07;09/08/2026;13:00;26.9;0;SOLEIL;3;0;0
Dieppe;49.92;1.07;09/08/2026;14:00;28.7;0;SOLEIL;3;0;0
Dieppe;49.92;1.07;09/08/2026;15:00;28.7;0;SOLEIL;3;0;0
Dieppe;49.92;1.07;09/08/2026;16:00;28.7;0;SOLEIL;3;0;0
Dieppe;49.92;1.07;09/08/2026;17:00;26.1;0;SOLEIL;4;0;0
Dieppe;49.92;1.07;09/08/2026;18:00;26.1;0;SOLEIL;4;0;0
Dieppe;49.92;1.07;09/08/2026;19:00;26.1;0;SOLEIL;4;0;0
Dieppe;49.92;1.07;09/08/2026;20:00;18.0;5;SOLEIL VOILÉ;5;0;0
Dieppe;49.92;1.07;09/08/2026;21:00;15.8;5;SOLEIL VOILÉ;5;0;0
Dieppe;49.92;1.07;09/08/2026;22:00;13.7;5;SOLEIL VOILÉ;5;0;0
Dieppe;49.92;1.07;09/08/2026;23:00;16.4;0;SOLEIL;3;0;0
Dieppe;49.92;1.07;10/08/2026;00:00;16.4;0;SOLEIL;3;0;0
Dieppe;49.92;1.07;10/08/2026;01:00;16.4;0;SOLEIL;3;0;0
Dieppe;49.92;1.07;10/08/2026;02:00;13;0;SOLEIL;5;0;0
Dieppe;49.92;1.07;10/08/2026;03:00;13;0;SOLEIL;5;0;0
Dieppe;49.92;1.07;10/08/2026;04:00;13;0;SOLEIL;5;0;0
Dieppe;49.92;1.07;10/08/2026;05:00;17.1;0;SOLEIL;3;0;0
Dieppe;49.92;1.07;10/08/2026;06:00;17.1;0;SOLEIL;3;0;0
Dieppe;49.92;1.07;10/08/2026;07:00;17.1;0;SOLEIL;3;0;0
Dieppe;49.92;1.07;10/08/2026;08:00;16.8;0;SOLEIL;5;0;0
Dieppe;49.92;1.07;10/08/2026;09:00;18.6;0;SOLEIL;5;0;0
Dieppe;49.92;1.07;10/08/2026;10:00;20.5;0;SOLEIL;5;0;0
Dieppe;49.92;1.07;10/08/2026;11:00;26.6;0;SOLEIL;3;0;0
Dieppe;49.92;1.07;10/08/2026;12:00;26.6;0;SOLEIL;3;0;0
Dieppe;49.92;1.07;10/08/2026;13:00;26.6;0;SOLEIL;3;0;0
Dieppe;49.92;1.07;10/08/2026;14:00;28.0;0;SOLEIL;5;0;0
Dieppe;49.92;1.07;10/08/2026;15:00;29.9;0;SOLEIL;5;0;0
Dieppe;49.92;1.07;10/08/2026;16:00;28.0;0;SOLEIL;5;0;0
Dieppe;49.92;1.07;10/08/2026;17:00;25.4;0;SOLEIL;5;0;0
Dieppe;49.92;1.07;10/08/2026;18:00;25.4;0;SOLEIL;5;0;0
Dieppe;49.92;1.07;10/08/2026;19:00;25.4;0;SOLEIL;5;0;0
Dieppe;49.92;1.07;10/08/2026;20:00;20.5;0;SOLEIL;5;0;0
Dieppe;49.92;1.07;10/08/2026;21:00;18.6;0;SOLEIL;5;0;0
Dieppe;49.92;1.07;10/08/2026;22:00;16.8;0;SOLEIL;5;0;0
Dieppe;49.92;1.07;10/08/2026;23:00;15.9;0;SOLEIL;4;0;0
Dieppe;49.92;1.07;11/08/2026;00:00;15.9;0;SOLEIL;4;0;0
Dieppe;49.92;1.07;11/08/2026;01:00;15.9;0;SOLEIL;4;0;0
Dieppe;49.92;1.07;11/08/2026;02:00;15.1;0;SOLEIL;5;0;0
Dieppe;49.92;1.07;11/08/2026;03:00;15.1;0;SOLEIL;5;0;0
Dieppe;49.92;1.07;11/08/2026;04:00;15.1;0;SOLEIL;5;0;0
Dieppe;49.92;1.07;11/08/2026;05:00;16.4;0;SOLEIL;4;0;0
Dieppe;49.92;1.07;11/08/2026;06:00;16.4;0;SOLEIL;4;0;0
Dieppe;49.92;1.07;11/08/2026;07:00;16.4;0;SOLEIL;4;0;0
Dieppe;49.92;1.07;11/08/2026;08:00;18.1;0;SOLEIL;5;0;0
Dieppe;49.92;1.07;11/08/2026;09:00;19.6;0;SOLEIL;5;0;0
Dieppe;49.92;1.07;11/08/2026;10:00;21.1;0;SOLEIL;5;0;0
Dieppe;49.92;1.07;11/08/2026;11:00;27.6;0;SOLEIL;3;0;0
Dieppe;49.92;1.07;11/08/2026;12:00;27.6;0;SOLEIL;3;0;0
Dieppe;49.92;1.07;11/08/2026;13:00;27.6;0;SOLEIL;3;0;0
Dieppe;49.92;1.07;11/08/2026;14:00;27.1;0;SOLEIL;5;0;0
Dieppe;49.92;1.07;11/08/2026;15:00;28.6;0;SOLEIL;5;0;0
Dieppe;49.92;1.07;11/08/2026;16:00;27.1;0;SOLEIL;5;0;0
Dieppe;49.92;1.07;11/08/2026;17:00;29.1;0;SOLEIL;4;0;0
Dieppe;49.92;1.07;11/08/2026;18:00;29.1;0;SOLEIL;4;0;0
Dieppe;49.92;1.07;11/08/2026;19:00;29.1;0;SOLEIL;4;0;0
Dieppe;49.92;1.07;11/08/2026;20:00;21.1;0;SOLEIL;5;0;0
Dieppe;49.92;1.07;11/08/2026;21:00;19.6;0;SOLEIL;5;0;0
Dieppe;49.92;1.07;11/08/2026;22:00;18.1;0;SOLEIL;5;0;0
Dieppe;49.92;1.07;11/08/2026;23:00;18.6;0;SOLEIL;5;0;0
Dieppe;49.92;1.07;12/08/2026;00:00;18.6;0;SOLEIL;5;0;0
Dieppe;49.92;1.07;12/08/2026;01:00;18.6;0;SOLEIL;5;0;0
Dieppe;49.92;1.07;12/08/2026;02:00;13.7;0;SOLEIL;5;0;0
Dieppe;49.92;1.07;12/08/2026;03:00;13.7;0;SOLEIL;5;0;0
Dieppe;49.92;1.07;12/08/2026;04:00;13.7;0;SOLEIL;5;0;0
Dieppe;49.92;1.07;12/08/2026;05:00;18.1;0;SOLEIL;4;0;0
Dieppe;49.92;1.07;12/08/2026;06:00;18.1;0;SOLEIL;4;0;0
Dieppe;49.92;1.07;12/08/2026;07:00;18.1;0;SOLEIL;4;0;0
Dieppe;49.92;1.07;12/08/2026;08:00;17.5;0;SOLEIL;5;0;0
Dieppe;49.92;1.07;12/08/2026;09:00;19.4;0;SOLEIL;5;0;0
Dieppe;49.92;1.07;12/08/2026;10:00;21.3;0;SOLEIL;5;0;0
Dieppe;49.92;1.07;12/08/2026;11:00;31.6;0;SOLEIL;3;0;0
Dieppe;49.92;1.07;12/08/2026;12:00;31.6;0;SOLEIL;3;0;0
Dieppe;49.92;1.07;12/08/2026;13:00;31.6;0;SOLEIL;3;0;0
Dieppe;49.92;1.07;12/08/2026;14:00;28.8;0;SOLEIL;5;0;0
Dieppe;49.92;1.07;12/08/2026;15:00;30.7;0;SOLEIL;5;0;0
Dieppe;49.92;1.07;12/08/2026;16:00;28.8;0;SOLEIL;5;0;0
Dieppe;49.92;1.07;12/08/2026;17:00;32.1;0;SOLEIL;2;0;0
Dieppe;49.92;1.07;12/08/2026;18:00;32.1;0;SOLEIL;2;0;0
Dieppe;49.92;1.07;12/08/2026;19:00;32.1;0;SOLEIL;2;0;0
Dieppe;49.92;1.07;12/08/2026;20:00;21.3;0;SOLEIL;5;0;0
Dieppe;49.92;1.07;12/08/2026;21:00;19.4;0;SOLEIL;5;0;0
Dieppe;49.92;1.07;12/08/2026;22:00;17.5;0;SOLEIL;5;0;0
Dieppe;49.92;1.07;12/08/2026;23:00;20.6;0;SOLEIL;3;0;0
Fécamp;49.75;0.37;08/08/2026;00:00;16.5;0;SOLEIL;2;0;0
Fécamp;49.75;0.37;08/08/2026;01:00;16.5;0;SOLEIL;2;0;0
Fécamp;49.75;0.37;08/08/2026;02:00;14.1;0;SOLEIL;3;0;0
Fécamp;49.75;0.37;08/08/2026;03:00;14.1;0;SOLEIL;3;0;0
Fécamp;49.75;0.37;08/08/2026;04:00;14.1;0;SOLEIL;3;0;0
Fécamp;49.75;0.37;08/08/2026;05:00;14.1;0;SOLEIL;3;0;0
Fécamp;49.75;0.37;08/08/2026;06:00;14.1;0;SOLEIL;3;0;0
Fécamp;49.75;0.37;08/08/2026;07:00;14.1;0;SOLEIL;3;0;0
Fécamp;49.75;0.37;08/08/2026;08:00;22.6;5;SOLEIL VOILÉ;3;0;0
Fécamp;49.75;0.37;08/08/2026;09:00;22.6;5;SOLEIL VOILÉ;3;0;0
Fécamp;49.75;0.37;08/08/2026;10:00;22.6;5;SOLEIL VOILÉ;3;0;0
Fécamp;49.75;0.37;08/08/2026;11:00;24.1;5;SOLEIL VOILÉ;2;0;0
Fécamp;49.75;0.37;08/08/2026;12:00;24.1;5;SOLEIL VOILÉ;2;0;0
Fécamp;49.75;0.37;08/08/2026;13:00;24.1;5;SOLEIL VOILÉ;2;0;0
Fécamp;49.75;0.37;08/08/2026;14:00;24.4;5;SOLEIL VOILÉ;5;0;0
Fécamp;49.75;0.37;08/08/2026;15:00;24.4;5;SOLEIL VOILÉ;5;0;0
Fécamp;49.75;0.37;08/08/2026;16:00;24.4;5;SOLEIL VOILÉ;5;0;0
Fécamp;49.75;0.37;08/08/2026;17:00;21.9;0;SOLEIL;5;0;0
Fécamp;49.75;0.37;08/08/2026;18:00;21.9;0;SOLEIL;5;0;0
Fécamp;49.75;0.37;08/08/2026;19:00;21.9;0;SOLEIL;5;0;0
Fécamp;49.75;0.37;08/08/2026;20:00;20.1;0;SOLEIL;3;0;0
Fécamp;49.75;0.37;08/08/2026;21:00;20.1;0;SOLEIL;3;0;0
Fécamp;49.75;0.37;08/08/2026;22:00;20.1;0;SOLEIL;3;0;0
Fécamp;49.75;0.37;08/08/2026;23:00;18.6;0;SOLEIL;3;0;0
Fécamp;49.75;0.37;09/08/2026;00:00;18.6;0;SOLEIL;3;0;0
Fécamp;49.75;0.37;09/08/2026;01:00;18.6;0;SOLEIL;3;0;0
Fécamp;49.75;0.37;09/08/2026;02:00;17.1;0;SOLEIL;3;0;0
Fécamp;49.75;0.37;09/08/2026;03:00;17.1;0;SOLEIL;3;0;0
Fécamp;49.75;0.37;09/08/2026;04:00;17.1;0;SOLEIL;3;0;0
Fécamp;49.75;0.37;09/08/2026;05:00;17.6;0;SOLEIL;3;0;0
Fécamp;49.75;0.37;09/08/2026;06:00;17.6;0;SOLEIL;3;0;0
Fécamp;49.75;0.37;09/08/2026;07:00;17.6;0;SOLEIL;3;0;0
Fécamp;49.75;0.37;09/08/2026;08:00;25.5;0;SOLEIL;3;0;0
Fécamp;49.75;0.37;09/08/2026;09:00;25.5;0;SOLEIL;3;0;0
Fécamp;49.75;0.37;09/08/2026;10:00;25.5;0;SOLEIL;3;0;0
Fécamp;49.75;0.37;09/08/2026;11:00;24.6;0;SOLEIL;3;0;0
Fécamp;49.75;0.37;09/08/2026;12:00;24.6;0;SOLEIL;3;0;0
Fécamp;49.75;0.37;09/08/2026;13:00;24.6;0;SOLEIL;3;0;0
Fécamp;49.75;0.37;09/08/2026;14:00;24.5;0;SOLEIL;4;0;0
Fécamp;49.75;0.37;09/08/2026;15:00;24.5;0;SOLEIL;4;0;0
Fécamp;49.75;0.37;09/08/2026;16:00;24.5;0;SOLEIL;4;0;0
Fécamp;49.75;0.37;09/08/2026;17:00;23.4;0;SOLEIL;4;0;0
Fécamp;49.75;0.37;09/08/2026;18:00;23.4;0;SOLEIL;4;0;0
Fécamp;49.75;0.37;09/08/2026;19:00;23.4;0;SOLEIL;4;0;0
Fécamp;49.75;0.37;09/08/2026;20:00;18.6;0;SOLEIL;5;0;0
Fécamp;49.75;0.37;09/08/2026;21:00;17.3;0;SOLEIL;5;0;0
Fécamp;49.75;0.37;09/08/2026;22:00;16.0;0;SOLEIL;5;0;0
Fécamp;49.75;0.37;09/08/2026;23:00;19;0;SOLEIL;5;0;0
Fécamp;49.75;0.37;10/08/2026;00:00;19;0;SOLEIL;5;0;0
Fécamp;49.75;0.37;10/08/2026;01:00;19;0;SOLEIL;5;0;0
Fécamp;49.75;0.37;10/08/2026;02:00;16.4;0;SOLEIL;5;0;0
Fécamp;49.75;0.37;10/08/2026;03:00;16.4;0;SOLEIL;5;0;0
Fécamp;49.75;0.37;10/08/2026;04:00;16.4;0;SOLEIL;5;0;0
Fécamp;49.75;0.37;10/08/2026;05:00;19.2;0;SOLEIL;6;0;0
Fécamp;49.75;0.37;10/08/2026;06:00;19.2;0;SOLEIL;6;0;0
Fécamp;49.75;0.37;10/08/2026;07:00;19.2;0;SOLEIL;6;0;0
Fécamp;49.75;0.37;10/08/2026;08:00;18.7;0;SOLEIL;5;0;0
Fécamp;49.75;0.37;10/08/2026;09:00;19.8;0;SOLEIL;5;0;0
Fécamp;49.75;0.37;10/08/2026;10:00;20.9;0;SOLEIL;5;0;0
Fécamp;49.75;0.37;10/08/2026;11:00;21.7;0;SOLEIL;6;0;0
Fécamp;49.75;0.37;10/08/2026;12:00;21.7;0;SOLEIL;6;0;0
Fécamp;49.75;0.37;10/08/2026;13:00;21.7;0;SOLEIL;6;0;0
Fécamp;49.75;0.37;10/08/2026;14:00;25.5;0;SOLEIL;5;0;0
Fécamp;49.75;0.37;10/08/2026;15:00;26.6;0;SOLEIL;5;0;0
Fécamp;49.75;0.37;10/08/2026;16:00;25.5;0;SOLEIL;5;0;0
Fécamp;49.75;0.37;10/08/2026;17:00;21;0;SOLEIL;5;0;0
Fécamp;49.75;0.37;10/08/2026;18:00;21;0;SOLEIL;5;0;0
Fécamp;49.75;0.37;10/08/2026;19:00;21;0;SOLEIL;5;0;0
Fécamp;49.75;0.37;10/08/2026;20:00;20.9;0;SOLEIL;5;0;0
Fécamp;49.75;0.37;10/08/2026;21:00;19.8;0;SOLEIL;5;0;0
Fécamp;49.75;0.37;10/08/2026;22:00;18.7;0;SOLEIL;5;0;0
Fécamp;49.75;0.37;10/08/2026;23:00;17.9;0;SOLEIL;5;0;0
Fécamp;49.75;0.37;11/08/2026;00:00;17.9;0;SOLEIL;5;0;0
Fécamp;49.75;0.37;11/08/2026;01:00;17.9;0;SOLEIL;5;0;0
Fécamp;49.75;0.37;11/08/2026;02:00;18;0;SOLEIL;5;0;0
Fécamp;49.75;0.37;11/08/2026;03:00;18;0;SOLEIL;5;0;0
Fécamp;49.75;0.37;11/08/2026;04:00;18;0;SOLEIL;5;0;0
Fécamp;49.75;0.37;11/08/2026;05:00;17.7;0;SOLEIL;5;0;0
Fécamp;49.75;0.37;11/08/2026;06:00;17.7;0;SOLEIL;5;0;0
Fécamp;49.75;0.37;11/08/2026;07:00;17.7;0;SOLEIL;5;0;0
Fécamp;49.75;0.37;11/08/2026;08:00;19.0;0;SOLEIL;5;0;0
Fécamp;49.75;0.37;11/08/2026;09:00;19.5;0;SOLEIL;5;0;0
Fécamp;49.75;0.37;11/08/2026;10:00;20.0;0;SOLEIL;5;0;0
Fécamp;49.75;0.37;11/08/2026;11:00;25;0;SOLEIL;6;0;0
Fécamp;49.75;0.37;11/08/2026;12:00;25;0;SOLEIL;6;0;0
Fécamp;49.75;0.37;11/08/2026;13:00;25;0;SOLEIL;6;0;0
Fécamp;49.75;0.37;11/08/2026;14:00;21.9;0;SOLEIL;5;0;0
Fécamp;49.75;0.37;11/08/2026;15:00;22.4;0;SOLEIL;5;0;0
Fécamp;49.75;0.37;11/08/2026;16:00;21.9;0;SOLEIL;5;0;0
Fécamp;49.75;0.37;11/08/2026;17:00;25.1;0;SOLEIL;7;0;0
Fécamp;49.75;0.37;11/08/2026;18:00;25.1;0;SOLEIL;7;0;0
Fécamp;49.75;0.37;11/08/2026;19:00;25.1;0;SOLEIL;7;0;0
Fécamp;49.75;0.37;11/08/2026;20:00;20.0;0;SOLEIL;5;0;0
Fécamp;49.75;0.37;11/08/2026;21:00;19.5;0;SOLEIL;5;0;0
Fécamp;49.75;0.37;11/08/2026;22:00;19.0;0;SOLEIL;5;0;0
Fécamp;49.75;0.37;11/08/2026;23:00;20.1;0;SOLEIL;7;0;0
Fécamp;49.75;0.37;12/08/2026;00:00;20.1;0;SOLEIL;7;0;0
Fécamp;49.75;0.37;12/08/2026;01:00;20.1;0;SOLEIL;7;0;0
Fécamp;49.75;0.37;12/08/2026;02:00;15.9;0;SOLEIL;5;0;0
Fécamp;49.75;0.37;12/08/2026;03:00;15.9;0;SOLEIL;5;0;0
Fécamp;49.75;0.37;12/08/2026;04:00;15.9;0;SOLEIL;5;0;0
Fécamp;49.75;0.37;12/08/2026;05:00;19.5;0;SOLEIL;5;0;0
Fécamp;49.75;0.37;12/08/2026;06:00;19.5;0;SOLEIL;5;0;0
Fécamp;49.75;0.37;12/08/2026;07:00;19.5;0;SOLEIL;5;0;0
Fécamp;49.75;0.37;12/08/2026;08:00;18.1;0;SOLEIL;5;0;0
Fécamp;49.75;0.37;12/08/2026;09:00;19.3;0;SOLEIL;5;0;0
Fécamp;49.75;0.37;12/08/2026;10:00;20.4;0;SOLEIL;5;0;0
Fécamp;49.75;0.37;12/08/2026;11:00;26.9;0;SOLEIL;6;0;0
Fécamp;49.75;0.37;12/08/2026;12:00;26.9;0;SOLEIL;6;0;0
Fécamp;49.75;0.37;12/08/2026;13:00;26.9;0;SOLEIL;6;0;0
Fécamp;49.75;0.37;12/08/2026;14:00;24.9;0;SOLEIL;5;0;0
Fécamp;49.75;0.37;12/08/2026;15:00;26.0;0;SOLEIL;5;0;0
Fécamp;49.75;0.37;12/08/2026;16:00;24.9;0;SOLEIL;5;0;0
Fécamp;49.75;0.37;12/08/2026;17:00;26;0;SOLEIL;6;0;0
Fécamp;49.75;0.37;12/08/2026;18:00;26;0;SOLEIL;6;0;0
Fécamp;49.75;0.37;12/08/2026;19:00;26;0;SOLEIL;6;0;0
Fécamp;49.75;0.37;12/08/2026;20:00;20.4;0;SOLEIL;5;0;0
Fécamp;49.75;0.37;12/08/2026;21:00;19.3;0;SOLEIL;5;0;0
Fécamp;49.75;0.37;12/08/2026;22:00;18.1;0;SOLEIL;5;0;0
Fécamp;49.75;0.37;12/08/2026;23:00;21.5;0;SOLEIL;6;0;0
Le Havre;49.49;0.1;08/08/2026;00:00;14.6;0;SOLEIL;2;0;0
Le Havre;49.49;0.1;08/08/2026;01:00;14.6;0;SOLEIL;2;0;0
Le Havre;49.49;0.1;08/08/2026;02:00;15.2;0;SOLEIL;2;0;0
Le Havre;49.49;0.1;08/08/2026;03:00;15.2;0;SOLEIL;2;0;0
Le Havre;49.49;0.1;08/08/2026;04:00;15.2;0;SOLEIL;2;0;0
Le Havre;49.49;0.1;08/08/2026;05:00;16;5;SOLEIL VOILÉ;3;0;0
Le Havre;49.49;0.1;08/08/2026;06:00;16;5;SOLEIL VOILÉ;3;0;0
Le Havre;49.49;0.1;08/08/2026;07:00;16;5;SOLEIL VOILÉ;3;0;0
Le Havre;49.49;0.1;08/08/2026;08:00;23.7;5;SOLEIL VOILÉ;3;0;0
Le Havre;49.49;0.1;08/08/2026;09:00;23.7;5;SOLEIL VOILÉ;3;0;0
Le Havre;49.49;0.1;08/08/2026;10:00;23.7;5;SOLEIL VOILÉ;3;0;0
Le Havre;49.49;0.1;08/08/2026;11:00;23.5;5;SOLEIL VOILÉ;4;0;0
Le Havre;49.49;0.1;08/08/2026;12:00;23.5;5;SOLEIL VOILÉ;4;0;0
Le Havre;49.49;0.1;08/08/2026;13:00;23.5;5;SOLEIL VOILÉ;4;0;0
Le Havre;49.49;0.1;08/08/2026;14:00;23.6;5;SOLEIL VOILÉ;5;0;0
Le Havre;49.49;0.1;08/08/2026;15:00;23.6;5;SOLEIL VOILÉ;5;0;0
Le Havre;49.49;0.1;08/08/2026;16:00;23.6;5;SOLEIL VOILÉ;5;0;0
Le Havre;49.49;0.1;08/08/2026;17:00;22.5;0;SOLEIL;5;0;0
Le Havre;49.49;0.1;08/08/2026;18:00;22.5;0;SOLEIL;5;0;0
Le Havre;49.49;0.1;08/08/2026;19:00;22.5;0;SOLEIL;5;0;0
Le Havre;49.49;0.1;08/08/2026;20:00;21;0;SOLEIL;4;0;0
Le Havre;49.49;0.1;08/08/2026;21:00;21;0;SOLEIL;4;0;0
Le Havre;49.49;0.1;08/08/2026;22:00;21;0;SOLEIL;4;0;0
Le Havre;49.49;0.1;08/08/2026;23:00;21.9;0;SOLEIL;3;0;0
Le Havre;49.49;0.1;09/08/2026;00:00;21.9;0;SOLEIL;3;0;0
Le Havre;49.49;0.1;09/08/2026;01:00;21.9;0;SOLEIL;3;0;0
Le Havre;49.49;0.1;09/08/2026;02:00;18.4;0;SOLEIL;4;0;0
Le Havre;49.49;0.1;09/08/2026;03:00;18.4;0;SOLEIL;4;0;0
Le Havre;49.49;0.1;09/08/2026;04:00;18.4;0;SOLEIL;4;0;0
Le Havre;49.49;0.1;09/08/2026;05:00;18.7;0;SOLEIL;4;0;0
Le Havre;49.49;0.1;09/08/2026;06:00;18.7;0;SOLEIL;4;0;0
Le Havre;49.49;0.1;09/08/2026;07:00;18.7;0;SOLEIL;4;0;0
Le Havre;49.49;0.1;09/08/2026;08:00;26.6;0;SOLEIL;3;0;0
Le Havre;49.49;0.1;09/08/2026;09:00;26.6;0;SOLEIL;3;0;0
Le Havre;49.49;0.1;09/08/2026;10:00;26.6;0;SOLEIL;3;0;0
Le Havre;49.49;0.1;09/08/2026;11:00;24.4;0;SOLEIL;5;0;0
Le Havre;49.49;0.1;09/08/2026;12:00;24.4;0;SOLEIL;5;0;0
Le Havre;49.49;0.1;09/08/2026;13:00;24.4;0;SOLEIL;5;0;0
Le Havre;49.49;0.1;09/08/2026;14:00;25.1;0;SOLEIL;5;0;0
Le Havre;49.49;0.1;09/08/2026;15:00;25.1;0;SOLEIL;5;0;0
Le Havre;49.49;0.1;09/08/2026;16:00;25.1;0;SOLEIL;5;0;0
Le Havre;49.49;0.1;09/08/2026;17:00;22.1;0;SOLEIL;4;0;0
Le Havre;49.49;0.1;09/08/2026;18:00;22.1;0;SOLEIL;4;0;0
Le Havre;49.49;0.1;09/08/2026;19:00;22.1;0;SOLEIL;4;0;0
Le Havre;49.49;0.1;09/08/2026;20:00;19.3;5;SOLEIL VOILÉ;5;0;0
Le Havre;49.49;0.1;09/08/2026;21:00;18.1;5;SOLEIL VOILÉ;5;0;0
Le Havre;49.49;0.1;09/08/2026;22:00;16.9;5;SOLEIL VOILÉ;5;0;0
Le Havre;49.49;0.1;09/08/2026;23:00;20;0;SOLEIL;5;0;0
Le Havre;49.49;0.1;10/08/2026;00:00;20;0;SOLEIL;5;0;0
Le Havre;49.49;0.1;10/08/2026;01:00;20;0;SOLEIL;5;0;0
Le Havre;49.49;0.1;10/08/2026;02:00;17.6;0;SOLEIL;5;0;0
Le Havre;49.49;0.1;10/08/2026;03:00;17.6;0;SOLEIL;5;0;0
Le Havre;49.49;0.1;10/08/2026;04:00;17.6;0;SOLEIL;5;0;0
Le Havre;49.49;0.1;10/08/2026;05:00;18.6;0;SOLEIL;4;0;0
Le Havre;49.49;0.1;10/08/2026;06:00;18.6;0;SOLEIL;4;0;0
Le Havre;49.49;0.1;10/08/2026;07:00;18.6;0;SOLEIL;4;0;0
Le Havre;49.49;0.1;10/08/2026;08:00;19.7;0;SOLEIL;5;0;0
Le Havre;49.49;0.1;10/08/2026;09:00;20.8;0;SOLEIL;5;0;0
Le Havre;49.49;0.1;10/08/2026;10:00;21.9;0;SOLEIL;5;0;0
Le Havre;49.49;0.1;10/08/2026;11:00;21.9;0;SOLEIL;5;0;0
Le Havre;49.49;0.1;10/08/2026;12:00;21.9;0;SOLEIL;5;0;0
Le Havre;49.49;0.1;10/08/2026;13:00;21.9;0;SOLEIL;5;0;0
Le Havre;49.49;0.1;10/08/2026;14:00;26.1;0;SOLEIL;5;0;0
Le Havre;49.49;0.1;10/08/2026;15:00;27.2;0;SOLEIL;5;0;0
Le Havre;49.49;0.1;10/08/2026;16:00;26.1;0;SOLEIL;5;0;0
Le Havre;49.49;0.1;10/08/2026;17:00;21.2;0;SOLEIL;4;0;0
Le Havre;49.49;0.1;10/08/2026;18:00;21.2;0;SOLEIL;4;0;0
Le Havre;49.49;0.1;10/08/2026;19:00;21.2;0;SOLEIL;4;0;0
Le Havre;49.49;0.1;10/08/2026;20:00;21.9;0;SOLEIL;5;0;0
Le Havre;49.49;0.1;10/08/2026;21:00;20.8;0;SOLEIL;5;0;0
Le Havre;49.49;0.1;10/08/2026;22:00;19.7;0;SOLEIL;5;0;0
Le Havre;49.49;0.1;10/08/2026;23:00;17.5;0;SOLEIL;4;0;0
Le Havre;49.49;0.1;11/08/2026;00:00;17.5;0;SOLEIL;4;0;0
Le Havre;49.49;0.1;11/08/2026;01:00;17.5;0;SOLEIL;4;0;0
Le Havre;49.49;0.1;11/08/2026;02:00;17.1;0;SOLEIL;5;0;0
Le Havre;49.49;0.1;11/08/2026;03:00;17.1;0;SOLEIL;5;0;0
Le Havre;49.49;0.1;11/08/2026;04:00;17.1;0;SOLEIL;5;0;0
Le Havre;49.49;0.1;11/08/2026;05:00;17.6;0;SOLEIL;4;0;0
Le Havre;49.49;0.1;11/08/2026;06:00;17.6;0;SOLEIL;4;0;0
Le Havre;49.49;0.1;11/08/2026;07:00;17.6;0;SOLEIL;4;0;0
Le Havre;49.49;0.1;11/08/2026;08:00;18.4;0;SOLEIL;5;0;0
Le Havre;49.49;0.1;11/08/2026;09:00;19.1;0;SOLEIL;5;0;0
Le Havre;49.49;0.1;11/08/2026;10:00;19.8;0;SOLEIL;5;0;0
Le Havre;49.49;0.1;11/08/2026;11:00;24.9;0;SOLEIL;6;0;0
Le Havre;49.49;0.1;11/08/2026;12:00;24.9;0;SOLEIL;6;0;0
Le Havre;49.49;0.1;11/08/2026;13:00;24.9;0;SOLEIL;6;0;0
Le Havre;49.49;0.1;11/08/2026;14:00;22.4;0;SOLEIL;5;0;0
Le Havre;49.49;0.1;11/08/2026;15:00;23.1;0;SOLEIL;5;0;0
Le Havre;49.49;0.1;11/08/2026;16:00;22.4;0;SOLEIL;5;0;0
Le Havre;49.49;0.1;11/08/2026;17:00;24.6;0;SOLEIL;7;12;0
Le Havre;49.49;0.1;11/08/2026;18:00;24.6;0;SOLEIL;7;12;0
Le Havre;49.49;0.1;11/08/2026;19:00;24.6;0;SOLEIL;7;12;0
Le Havre;49.49;0.1;11/08/2026;20:00;19.8;0;SOLEIL;5;0;0
Le Havre;49.49;0.1;11/08/2026;21:00;19.1;0;SOLEIL;5;0;0
Le Havre;49.49;0.1;11/08/2026;22:00;18.4;0;SOLEIL;5;0;0
Le Havre;49.49;0.1;11/08/2026;23:00;20.4;0;SOLEIL;6;0;0
Le Havre;49.49;0.1;12/08/2026;00:00;20.4;0;SOLEIL;6;0;0
Le Havre;49.49;0.1;12/08/2026;01:00;20.4;0;SOLEIL;6;0;0
Le Havre;49.49;0.1;12/08/2026;02:00;16.1;0;SOLEIL;5;0;0
Le Havre;49.49;0.1;12/08/2026;03:00;16.1;0;SOLEIL;5;0;0
Le Havre;49.49;0.1;12/08/2026;04:00;16.1;0;SOLEIL;5;0;0
Le Havre;49.49;0.1;12/08/2026;05:00;19.4;0;SOLEIL;5;0;0
Le Havre;49.49;0.1;12/08/2026;06:00;19.4;0;SOLEIL;5;0;0
Le Havre;49.49;0.1;12/08/2026;07:00;19.4;0;SOLEIL;5;0;0
Le Havre;49.49;0.1;12/08/2026;08:00;18.5;0;SOLEIL;5;0;0
Le Havre;49.49;0.1;12/08/2026;09:00;19.8;0;SOLEIL;5;0;0
Le Havre;49.49;0.1;12/08/2026;10:00;21.0;0;SOLEIL;5;0;0
Le Havre;49.49;0.1;12/08/2026;11:00;29;0;SOLEIL;5;0;0
Le Havre;49.49;0.1;12/08/2026;12:00;29;0;SOLEIL;5;0;0
Le Havre;49.49;0.1;12/08/2026;13:00;29;0;SOLEIL;5;0;0
Le Havre;49.49;0.1;12/08/2026;14:00;25.9;0;SOLEIL;5;0;0
Le Havre;49.49;0.1;12/08/2026;15:00;27.1;0;SOLEIL;5;0;0
Le Havre;49.49;0.1;12/08/2026;16:00;25.9;0;SOLEIL;5;0;0
Le Havre;49.49;0.1;12/08/2026;17:00;27.5;0;SOLEIL;5;0;0
Le Havre;49.49;0.1;12/08/2026;18:00;27.5;0;SOLEIL;5;0;0
Le Havre;49.49;0.1;12/08/2026;19:00;27.5;0;SOLEIL;5;0;0
Le Havre;49.49;0.1;12/08/2026;20:00;21.0;0;SOLEIL;5;0;0
Le Havre;49.49;0.1;12/08/2026;21:00;19.8;0;SOLEIL;5;0;0
Le Havre;49.49;0.1;12/08/2026;22:00;18.5;0;SOLEIL;5;0;0
Le Havre;49.49;0.1;12/08/2026;23:00;21.2;0;SOLEIL;6;0;0
Neufchâtel-en-Bray;49.73;1.44;08/08/2026;00:00;16.1;0;SOLEIL;3;0;0
Neufchâtel-en-Bray;49.73;1.44;08/08/2026;01:00;16.1;0;SOLEIL;3;0;0
Neufchâtel-en-Bray;49.73;1.44;08/08/2026;02:00;15;0;SOLEIL;3;0;0
Neufchâtel-en-Bray;49.73;1.44;08/08/2026;03:00;15;0;SOLEIL;3;0;0
Neufchâtel-en-Bray;49.73;1.44;08/08/2026;04:00;15;0;SOLEIL;3;0;0
Neufchâtel-en-Bray;49.73;1.44;08/08/2026;05:00;16.2;5;SOLEIL VOILÉ;4;0;0
Neufchâtel-en-Bray;49.73;1.44;08/08/2026;06:00;16.2;5;SOLEIL VOILÉ;4;0;0
Neufchâtel-en-Bray;49.73;1.44;08/08/2026;07:00;16.2;5;SOLEIL VOILÉ;4;0;0
Neufchâtel-en-Bray;49.73;1.44;08/08/2026;08:00;23.6;5;SOLEIL VOILÉ;3;0;0
Neufchâtel-en-Bray;49.73;1.44;08/08/2026;09:00;23.6;5;SOLEIL VOILÉ;3;0;0
Neufchâtel-en-Bray;49.73;1.44;08/08/2026;10:00;23.6;5;SOLEIL VOILÉ;3;0;0
Neufchâtel-en-Bray;49.73;1.44;08/08/2026;11:00;25.9;5;SOLEIL VOILÉ;2;0;0
Neufchâtel-en-Bray;49.73;1.44;08/08/2026;12:00;25.9;5;SOLEIL VOILÉ;2;0;0
Neufchâtel-en-Bray;49.73;1.44;08/08/2026;13:00;25.9;5;SOLEIL VOILÉ;2;0;0
Neufchâtel-en-Bray;49.73;1.44;08/08/2026;14:00;25.6;5;SOLEIL VOILÉ;6;0;0
Neufchâtel-en-Bray;49.73;1.44;08/08/2026;15:00;25.6;5;SOLEIL VOILÉ;6;0;0
Neufchâtel-en-Bray;49.73;1.44;08/08/2026;16:00;25.6;5;SOLEIL VOILÉ;6;0;0
Neufchâtel-en-Bray;49.73;1.44;08/08/2026;17:00;25.4;0;SOLEIL;6;0;0
Neufchâtel-en-Bray;49.73;1.44;08/08/2026;18:00;25.4;0;SOLEIL;6;0;0
Neufchâtel-en-Bray;49.73;1.44;08/08/2026;19:00;25.4;0;SOLEIL;6;0;0
Neufchâtel-en-Bray;49.73;1.44;08/08/2026;20:00;21.4;0;SOLEIL;4;0;0
Neufchâtel-en-Bray;49.73;1.44;08/08/2026;21:00;21.4;0;SOLEIL;4;0;0
Neufchâtel-en-Bray;49.73;1.44;08/08/2026;22:00;21.4;0;SOLEIL;4;0;0
Neufchâtel-en-Bray;49.73;1.44;08/08/2026;23:00;19.5;0;SOLEIL;4;0;0
Neufchâtel-en-Bray;49.73;1.44;09/08/2026;00:00;19.5;0;SOLEIL;4;0;0
Neufchâtel-en-Bray;49.73;1.44;09/08/2026;01:00;19.5;0;SOLEIL;4;0;0
Neufchâtel-en-Bray;49.73;1.44;09/08/2026;02:00;17.6;0;SOLEIL;3;0;0
Neufchâtel-en-Bray;49.73;1.44;09/08/2026;03:00;17.6;0;SOLEIL;3;0;0
Neufchâtel-en-Bray;49.73;1.44;09/08/2026;04:00;17.6;0;SOLEIL;3;0;0
Neufchâtel-en-Bray;49.73;1.44;09/08/2026;05:00;19.4;0;SOLEIL;3;0;0
Neufchâtel-en-Bray;49.73;1.44;09/08/2026;06:00;19.4;0;SOLEIL;3;0;0
Neufchâtel-en-Bray;49.73;1.44;09/08/2026;07:00;19.4;0;SOLEIL;3;0;0
Neufchâtel-en-Bray;49.73;1.44;09/08/2026;08:00;26.7;0;SOLEIL;2;0;0
Neufchâtel-en-Bray;49.73;1.44;09/08/2026;09:00;26.7;0;SOLEIL;2;0;0
Neufchâtel-en-Bray;49.73;1.44;09/08/2026;10:00;26.7;0;SOLEIL;2;0;0
Neufchâtel-en-Bray;49.73;1.44;09/08/2026;11:00;26.1;0;SOLEIL;3;0;0
Neufchâtel-en-Bray;49.73;1.44;09/08/2026;12:00;26.1;0;SOLEIL;3;0;0
Neufchâtel-en-Bray;49.73;1.44;09/08/2026;13:00;26.1;0;SOLEIL;3;0;0
Neufchâtel-en-Bray;49.73;1.44;09/08/2026;14:00;26.1;0;SOLEIL;4;0;0
Neufchâtel-en-Bray;49.73;1.44;09/08/2026;15:00;26.1;0;SOLEIL;4;0;0
Neufchâtel-en-Bray;49.73;1.44;09/08/2026;16:00;26.1;0;SOLEIL;4;0;0
Neufchâtel-en-Bray;49.73;1.44;09/08/2026;17:00;23.2;0;SOLEIL;4;0;0
Neufchâtel-en-Bray;49.73;1.44;09/08/2026;18:00;23.2;0;SOLEIL;4;0;0
Neufchâtel-en-Bray;49.73;1.44;09/08/2026;19:00;23.2;0;SOLEIL;4;0;0
Neufchâtel-en-Bray;49.73;1.44;09/08/2026;20:00;19.4;5;SOLEIL VOILÉ;5;0;0
Neufchâtel-en-Bray;49.73;1.44;09/08/2026;21:00;18.1;5;SOLEIL VOILÉ;5;0;0
Neufchâtel-en-Bray;49.73;1.44;09/08/2026;22:00;16.8;5;SOLEIL VOILÉ;5;0;0
Neufchâtel-en-Bray;49.73;1.44;09/08/2026;23:00;19.6;0;SOLEIL;5;0;0
Neufchâtel-en-Bray;49.73;1.44;10/08/2026;00:00;19.6;0;SOLEIL;5;0;0
Neufchâtel-en-Bray;49.73;1.44;10/08/2026;01:00;19.6;0;SOLEIL;5;0;0
Neufchâtel-en-Bray;49.73;1.44;10/08/2026;02:00;17.1;0;SOLEIL;5;0;0
Neufchâtel-en-Bray;49.73;1.44;10/08/2026;03:00;17.1;0;SOLEIL;5;0;0
Neufchâtel-en-Bray;49.73;1.44;10/08/2026;04:00;17.1;0;SOLEIL;5;0;0
Neufchâtel-en-Bray;49.73;1.44;10/08/2026;05:00;19.7;0;SOLEIL;5;0;0
Neufchâtel-en-Bray;49.73;1.44;10/08/2026;06:00;19.7;0;SOLEIL;5;0;0
Neufchâtel-en-Bray;49.73;1.44;10/08/2026;07:00;19.7;0;SOLEIL;5;0;0
Neufchâtel-en-Bray;49.73;1.44;10/08/2026;08:00;19.5;0;SOLEIL;5;0;0
Neufchâtel-en-Bray;49.73;1.44;10/08/2026;09:00;20.8;0;SOLEIL;5;0;0
Neufchâtel-en-Bray;49.73;1.44;10/08/2026;10:00;22.0;0;SOLEIL;5;0;0
Neufchâtel-en-Bray;49.73;1.44;10/08/2026;11:00;24.6;0;SOLEIL;4;0;0
Neufchâtel-en-Bray;49.73;1.44;10/08/2026;12:00;24.6;0;SOLEIL;4;0;0
Neufchâtel-en-Bray;49.73;1.44;10/08/2026;13:00;24.6;0;SOLEIL;4;0;0
Neufchâtel-en-Bray;49.73;1.44;10/08/2026;14:00;26.9;0;SOLEIL;5;0;0
Neufchâtel-en-Bray;49.73;1.44;10/08/2026;15:00;28.1;0;SOLEIL;5;0;0
Neufchâtel-en-Bray;49.73;1.44;10/08/2026;16:00;26.9;0;SOLEIL;5;0;0
Neufchâtel-en-Bray;49.73;1.44;10/08/2026;17:00;23;0;SOLEIL;4;0;0
Neufchâtel-en-Bray;49.73;1.44;10/08/2026;18:00;23;0;SOLEIL;4;0;0
Neufchâtel-en-Bray;49.73;1.44;10/08/2026;19:00;23;0;SOLEIL;4;0;0
Neufchâtel-en-Bray;49.73;1.44;10/08/2026;20:00;22.0;0;SOLEIL;5;0;0
Neufchâtel-en-Bray;49.73;1.44;10/08/2026;21:00;20.8;0;SOLEIL;5;0;0
Neufchâtel-en-Bray;49.73;1.44;10/08/2026;22:00;19.5;0;SOLEIL;5;0;0
Neufchâtel-en-Bray;49.73;1.44;10/08/2026;23:00;18.6;0;SOLEIL;3;0;0
Neufchâtel-en-Bray;49.73;1.44;11/08/2026;00:00;18.6;0;SOLEIL;3;0;0
Neufchâtel-en-Bray;49.73;1.44;11/08/2026;01:00;18.6;0;SOLEIL;3;0;0
Neufchâtel-en-Bray;49.73;1.44;11/08/2026;02:00;18.4;0;SOLEIL;5;0;0
Neufchâtel-en-Bray;49.73;1.44;11/08/2026;03:00;18.4;0;SOLEIL;5;0;0
Neufchâtel-en-Bray;49.73;1.44;11/08/2026;04:00;18.4;0;SOLEIL;5;0;0
Neufchâtel-en-Bray;49.73;1.44;11/08/2026;05:00;18.1;0;SOLEIL;4;0;0
Neufchâtel-en-Bray;49.73;1.44;11/08/2026;06:00;18.1;0;SOLEIL;4;0;0
Neufchâtel-en-Bray;49.73;1.44;11/08/2026;07:00;18.1;0;SOLEIL;4;0;0
Neufchâtel-en-Bray;49.73;1.44;11/08/2026;08:00;19.9;0;SOLEIL;5;0;0
Neufchâtel-en-Bray;49.73;1.44;11/08/2026;09:00;20.6;0;SOLEIL;5;0;0
Neufchâtel-en-Bray;49.73;1.44;11/08/2026;10:00;21.4;0;SOLEIL;5;0;0
Neufchâtel-en-Bray;49.73;1.44;11/08/2026;11:00;29.5;0;SOLEIL;5;0;0
Neufchâtel-en-Bray;49.73;1.44;11/08/2026;12:00;29.5;0;SOLEIL;5;0;0
Neufchâtel-en-Bray;49.73;1.44;11/08/2026;13:00;29.5;0;SOLEIL;5;0;0
Neufchâtel-en-Bray;49.73;1.44;11/08/2026;14:00;24.4;0;SOLEIL;5;0;0
Neufchâtel-en-Bray;49.73;1.44;11/08/2026;15:00;25.1;0;SOLEIL;5;0;0
Neufchâtel-en-Bray;49.73;1.44;11/08/2026;16:00;24.4;0;SOLEIL;5;0;0
Neufchâtel-en-Bray;49.73;1.44;11/08/2026;17:00;29.2;0;SOLEIL;7;0;0
Neufchâtel-en-Bray;49.73;1.44;11/08/2026;18:00;29.2;0;SOLEIL;7;0;0
Neufchâtel-en-Bray;49.73;1.44;11/08/2026;19:00;29.2;0;SOLEIL;7;0;0
Neufchâtel-en-Bray;49.73;1.44;11/08/2026;20:00;21.4;0;SOLEIL;5;0;0
Neufchâtel-en-Bray;49.73;1.44;11/08/2026;21:00;20.6;0;SOLEIL;5;0;0
Neufchâtel-en-Bray;49.73;1.44;11/08/2026;22:00;19.9;0;SOLEIL;5;0;0
Neufchâtel-en-Bray;49.73;1.44;11/08/2026;23:00;21.9;0;SOLEIL;7;0;0
Neufchâtel-en-Bray;49.73;1.44;12/08/2026;00:00;21.9;0;SOLEIL;7;0;0
Neufchâtel-en-Bray;49.73;1.44;12/08/2026;01:00;21.9;0;SOLEIL;7;0;0
Neufchâtel-en-Bray;49.73;1.44;12/08/2026;02:00;16.5;0;SOLEIL;5;0;0
Neufchâtel-en-Bray;49.73;1.44;12/08/2026;03:00;16.5;0;SOLEIL;5;0;0
Neufchâtel-en-Bray;49.73;1.44;12/08/2026;04:00;16.5;0;SOLEIL;5;0;0
Neufchâtel-en-Bray;49.73;1.44;12/08/2026;05:00;20;0;SOLEIL;6;0;0
Neufchâtel-en-Bray;49.73;1.44;12/08/2026;06:00;20;0;SOLEIL;6;0;0
Neufchâtel-en-Bray;49.73;1.44;12/08/2026;07:00;20;0;SOLEIL;6;0;0
Neufchâtel-en-Bray;49.73;1.44;12/08/2026;08:00;19.6;0;SOLEIL;5;0;0
Neufchâtel-en-Bray;49.73;1.44;12/08/2026;09:00;21.2;0;SOLEIL;5;0;0
Neufchâtel-en-Bray;49.73;1.44;12/08/2026;10:00;22.8;0;SOLEIL;5;0;0
Neufchâtel-en-Bray;49.73;1.44;12/08/2026;11:00;32;0;SOLEIL;3;0;0
Neufchâtel-en-Bray;49.73;1.44;12/08/2026;12:00;32;0;SOLEIL;3;0;0
Neufchâtel-en-Bray;49.73;1.44;12/08/2026;13:00;32;0;SOLEIL;3;0;0
Neufchâtel-en-Bray;49.73;1.44;12/08/2026;14:00;29.0;0;SOLEIL;5;0;0
Neufchâtel-en-Bray;49.73;1.44;12/08/2026;15:00;30.6;0;SOLEIL;5;0;0
Neufchâtel-en-Bray;49.73;1.44;12/08/2026;16:00;29.0;0;SOLEIL;5;0;0
Neufchâtel-en-Bray;49.73;1.44;12/08/2026;17:00;31.5;0;SOLEIL;6;0;0
Neufchâtel-en-Bray;49.73;1.44;12/08/2026;18:00;31.5;0;SOLEIL;6;0;0
Neufchâtel-en-Bray;49.73;1.44;12/08/2026;19:00;31.5;0;SOLEIL;6;0;0
Neufchâtel-en-Bray;49.73;1.44;12/08/2026;20:00;22.8;0;SOLEIL;5;0;0
Neufchâtel-en-Bray;49.73;1.44;12/08/2026;21:00;21.2;0;SOLEIL;5;0;0
Neufchâtel-en-Bray;49.73;1.44;12/08/2026;22:00;19.6;0;SOLEIL;5;0;0
Neufchâtel-en-Bray;49.73;1.44;12/08/2026;23:00;22.7;0;SOLEIL;7;0;0
Rouen;49.44;1.09;08/08/2026;00:00;12.2;0;SOLEIL;1;0;0
Rouen;49.44;1.09;08/08/2026;01:00;12.2;0;SOLEIL;1;0;0
Rouen;49.44;1.09;08/08/2026;02:00;9.2;0;SOLEIL;2;0;0
Rouen;49.44;1.09;08/08/2026;03:00;9.2;0;SOLEIL;2;0;0
Rouen;49.44;1.09;08/08/2026;04:00;9.2;0;SOLEIL;2;0;0
Rouen;49.44;1.09;08/08/2026;05:00;10.6;0;SOLEIL;3;0;0
Rouen;49.44;1.09;08/08/2026;06:00;10.6;0;SOLEIL;3;0;0
Rouen;49.44;1.09;08/08/2026;07:00;10.6;0;SOLEIL;3;0;0
Rouen;49.44;1.09;08/08/2026;08:00;23.4;5;SOLEIL VOILÉ;3;0;0
Rouen;49.44;1.09;08/08/2026;09:00;23.4;5;SOLEIL VOILÉ;3;0;0
Rouen;49.44;1.09;08/08/2026;10:00;23.4;5;SOLEIL VOILÉ;3;0;0
Rouen;49.44;1.09;08/08/2026;11:00;27.6;5;SOLEIL VOILÉ;3;0;0
Rouen;49.44;1.09;08/08/2026;12:00;27.6;5;SOLEIL VOILÉ;3;0;0
Rouen;49.44;1.09;08/08/2026;13:00;27.6;5;SOLEIL VOILÉ;3;0;0
Rouen;49.44;1.09;08/08/2026;14:00;29.1;5;SOLEIL VOILÉ;2;0;0
Rouen;49.44;1.09;08/08/2026;15:00;29.1;5;SOLEIL VOILÉ;2;0;0
Rouen;49.44;1.09;08/08/2026;16:00;29.1;5;SOLEIL VOILÉ;2;0;0
Rouen;49.44;1.09;08/08/2026;17:00;26.2;0;SOLEIL;1;0;0
Rouen;49.44;1.09;08/08/2026;18:00;26.2;0;SOLEIL;1;0;0
Rouen;49.44;1.09;08/08/2026;19:00;26.2;0;SOLEIL;1;0;0
Rouen;49.44;1.09;08/08/2026;20:00;18;0;SOLEIL;3;0;0
Rouen;49.44;1.09;08/08/2026;21:00;18;0;SOLEIL;3;0;0
Rouen;49.44;1.09;08/08/2026;22:00;18;0;SOLEIL;3;0;0
Rouen;49.44;1.09;08/08/2026;23:00;14.4;0;SOLEIL;3;0;0
Rouen;49.44;1.09;09/08/2026;00:00;14.4;0;SOLEIL;3;0;0
Rouen;49.44;1.09;09/08/2026;01:00;14.4;0;SOLEIL;3;0;0
Rouen;49.44;1.09;09/08/2026;02:00;12.6;0;SOLEIL;2;0;0
Rouen;49.44;1.09;09/08/2026;03:00;12.6;0;SOLEIL;2;0;0
Rouen;49.44;1.09;09/08/2026;04:00;12.6;0;SOLEIL;2;0;0
Rouen;49.44;1.09;09/08/2026;05:00;13.7;0;SOLEIL;2;0;0
Rouen;49.44;1.09;09/08/2026;06:00;13.7;0;SOLEIL;2;0;0
Rouen;49.44;1.09;09/08/2026;07:00;13.7;0;SOLEIL;2;0;0
Rouen;49.44;1.09;09/08/2026;08:00;26.4;0;SOLEIL;3;0;0
Rouen;49.44;1.09;09/08/2026;09:00;26.4;0;SOLEIL;3;0;0
Rouen;49.44;1.09;09/08/2026;10:00;26.4;0;SOLEIL;3;0;0
Rouen;49.44;1.09;09/08/2026;11:00;30.6;0;SOLEIL;3;0;0
Rouen;49.44;1.09;09/08/2026;12:00;30.6;0;SOLEIL;3;0;0
Rouen;49.44;1.09;09/08/2026;13:00;30.6;0;SOLEIL;3;0;0
Rouen;49.44;1.09;09/08/2026;14:00;30.1;0;SOLEIL;3;0;0
Rouen;49.44;1.09;09/08/2026;15:00;30.1;0;SOLEIL;3;0;0
Rouen;49.44;1.09;09/08/2026;16:00;30.1;0;SOLEIL;3;0;0
Rouen;49.44;1.09;09/08/2026;17:00;25.9;0;SOLEIL;4;0;0
Rouen;49.44;1.09;09/08/2026;18:00;25.9;0;SOLEIL;4;0;0
Rouen;49.44;1.09;09/08/2026;19:00;25.9;0;SOLEIL;4;0;0
Rouen;49.44;1.09;09/08/2026;20:00;17.9;0;SOLEIL;5;0;0
Rouen;49.44;1.09;09/08/2026;21:00;15.5;0;SOLEIL;5;0;0
Rouen;49.44;1.09;09/08/2026;22:00;13.2;0;SOLEIL;5;0;0
Rouen;49.44;1.09;09/08/2026;23:00;16.6;0;SOLEIL;3;0;0
Rouen;49.44;1.09;10/08/2026;00:00;16.6;0;SOLEIL;3;0;0
Rouen;49.44;1.09;10/08/2026;01:00;16.6;0;SOLEIL;3;0;0
Rouen;49.44;1.09;10/08/2026;02:00;11.4;0;SOLEIL;5;0;0
Rouen;49.44;1.09;10/08/2026;03:00;11.4;0;SOLEIL;5;0;0
Rouen;49.44;1.09;10/08/2026;04:00;11.4;0;SOLEIL;5;0;0
Rouen;49.44;1.09;10/08/2026;05:00;17;0;SOLEIL;3;0;0
Rouen;49.44;1.09;10/08/2026;06:00;17;0;SOLEIL;3;0;0
Rouen;49.44;1.09;10/08/2026;07:00;17;0;SOLEIL;3;0;0
Rouen;49.44;1.09;10/08/2026;08:00;15.8;0;SOLEIL;5;0;0
Rouen;49.44;1.09;10/08/2026;09:00;18.0;0;SOLEIL;5;0;0
Rouen;49.44;1.09;10/08/2026;10:00;20.2;0;SOLEIL;5;0;0
Rouen;49.44;1.09;10/08/2026;11:00;27;0;SOLEIL;4;0;0
Rouen;49.44;1.09;10/08/2026;12:00;27;0;SOLEIL;4;0;0
Rouen;49.44;1.09;10/08/2026;13:00;27;0;SOLEIL;4;0;0
Rouen;49.44;1.09;10/08/2026;14:00;28.9;0;SOLEIL;5;0;0
Rouen;49.44;1.09;10/08/2026;15:00;31.1;0;SOLEIL;5;0;0
Rouen;49.44;1.09;10/08/2026;16:00;28.9;0;SOLEIL;5;0;0
Rouen;49.44;1.09;10/08/2026;17:00;23.9;0;SOLEIL;3;0;0
Rouen;49.44;1.09;10/08/2026;18:00;23.9;0;SOLEIL;3;0;0
Rouen;49.44;1.09;10/08/2026;19:00;23.9;0;SOLEIL;3;0;0
Rouen;49.44;1.09;10/08/2026;20:00;20.2;0;SOLEIL;5;0;0
Rouen;49.44;1.09;10/08/2026;21:00;18.0;0;SOLEIL;5;0;0
Rouen;49.44;1.09;10/08/2026;22:00;15.8;0;SOLEIL;5;0;0
Rouen;49.44;1.09;10/08/2026;23:00;15.5;0;SOLEIL;3;0;0
Rouen;49.44;1.09;11/08/2026;00:00;15.5;0;SOLEIL;3;0;0
Rouen;49.44;1.09;11/08/2026;01:00;15.5;0;SOLEIL;3;0;0
Rouen;49.44;1.09;11/08/2026;02:00;15.1;0;SOLEIL;5;0;0
Rouen;49.44;1.09;11/08/2026;03:00;15.1;0;SOLEIL;5;0;0
Rouen;49.44;1.09;11/08/2026;04:00;15.1;0;SOLEIL;5;0;0
Rouen;49.44;1.09;11/08/2026;05:00;16.1;0;SOLEIL;4;0;0
Rouen;49.44;1.09;11/08/2026;06:00;16.1;0;SOLEIL;4;0;0
Rouen;49.44;1.09;11/08/2026;07:00;16.1;0;SOLEIL;4;0;0
Rouen;49.44;1.09;11/08/2026;08:00;18.0;0;SOLEIL;5;0;0
Rouen;49.44;1.09;11/08/2026;09:00;19.4;0;SOLEIL;5;0;0
Rouen;49.44;1.09;11/08/2026;10:00;20.9;0;SOLEIL;5;0;0
Rouen;49.44;1.09;11/08/2026;11:00;28;0;SOLEIL;4;0;0
Rouen;49.44;1.09;11/08/2026;12:00;28;0;SOLEIL;4;0;0
Rouen;49.44;1.09;11/08/2026;13:00;28;0;SOLEIL;4;0;0
Rouen;49.44;1.09;11/08/2026;14:00;26.7;0;SOLEIL;5;0;0
Rouen;49.44;1.09;11/08/2026;15:00;28.1;0;SOLEIL;5;0;0
Rouen;49.44;1.09;11/08/2026;16:00;26.7;0;SOLEIL;5;0;0
Rouen;49.44;1.09;11/08/2026;17:00;27.2;0;SOLEIL;4;0;0
Rouen;49.44;1.09;11/08/2026;18:00;27.2;0;SOLEIL;4;0;0
Rouen;49.44;1.09;11/08/2026;19:00;27.2;0;SOLEIL;4;0;0
Rouen;49.44;1.09;11/08/2026;20:00;20.9;0;SOLEIL;5;0;0
Rouen;49.44;1.09;11/08/2026;21:00;19.4;0;SOLEIL;5;0;0
Rouen;49.44;1.09;11/08/2026;22:00;18.0;0;SOLEIL;5;0;0
Rouen;49.44;1.09;11/08/2026;23:00;19.2;0;SOLEIL;5;0;0
Rouen;49.44;1.09;12/08/2026;00:00;19.2;0;SOLEIL;5;0;0
Rouen;49.44;1.09;12/08/2026;01:00;19.2;0;SOLEIL;5;0;0
Rouen;49.44;1.09;12/08/2026;02:00;14.1;0;SOLEIL;5;0;0
Rouen;49.44;1.09;12/08/2026;03:00;14.1;0;SOLEIL;5;0;0
Rouen;49.44;1.09;12/08/2026;04:00;14.1;0;SOLEIL;5;0;0
Rouen;49.44;1.09;12/08/2026;05:00;17.2;0;SOLEIL;4;0;0
Rouen;49.44;1.09;12/08/2026;06:00;17.2;0;SOLEIL;4;0;0
Rouen;49.44;1.09;12/08/2026;07:00;17.2;0;SOLEIL;4;0;0
Rouen;49.44;1.09;12/08/2026;08:00;17.7;0;SOLEIL;5;0;0
Rouen;49.44;1.09;12/08/2026;09:00;19.4;0;SOLEIL;5;0;0
Rouen;49.44;1.09;12/08/2026;10:00;21.2;0;SOLEIL;5;0;0
Rouen;49.44;1.09;12/08/2026;11:00;31.2;0;SOLEIL;4;0;0
Rouen;49.44;1.09;12/08/2026;12:00;31.2;0;SOLEIL;4;0;0
Rouen;49.44;1.09;12/08/2026;13:00;31.2;0;SOLEIL;4;0;0
Rouen;49.44;1.09;12/08/2026;14:00;28.3;0;SOLEIL;5;0;0
Rouen;49.44;1.09;12/08/2026;15:00;30.1;0;SOLEIL;5;0;0
Rouen;49.44;1.09;12/08/2026;16:00;28.3;0;SOLEIL;5;0;0
Rouen;49.44;1.09;12/08/2026;17:00;29.9;0;SOLEIL;2;0;0
Rouen;49.44;1.09;12/08/2026;18:00;29.9;0;SOLEIL;2;0;0
Rouen;49.44;1.09;12/08/2026;19:00;29.9;0;SOLEIL;2;0;0
Rouen;49.44;1.09;12/08/2026;20:00;21.2;0;SOLEIL;5;0;0
Rouen;49.44;1.09;12/08/2026;21:00;19.4;0;SOLEIL;5;0;0
Rouen;49.44;1.09;12/08/2026;22:00;17.7;0;SOLEIL;5;0;0
Rouen;49.44;1.09;12/08/2026;23:00;20.4;0;SOLEIL;4;0;0
Le Tréport;50.06;1.37;08/08/2026;00:00;16.6;0;SOLEIL;3;0;0
Le Tréport;50.06;1.37;08/08/2026;01:00;16.6;0;SOLEIL;3;0;0
Le Tréport;50.06;1.37;08/08/2026;02:00;13.9;0;SOLEIL;2;0;0
Le Tréport;50.06;1.37;08/08/2026;03:00;13.9;0;SOLEIL;2;0;0
Le Tréport;50.06;1.37;08/08/2026;04:00;13.9;0;SOLEIL;2;0;0
Le Tréport;50.06;1.37;08/08/2026;05:00;15.1;0;SOLEIL;3;0;0
Le Tréport;50.06;1.37;08/08/2026;06:00;15.1;0;SOLEIL;3;0;0
Le Tréport;50.06;1.37;08/08/2026;07:00;15.1;0;SOLEIL;3;0;0
Le Tréport;50.06;1.37;08/08/2026;08:00;23.7;5;SOLEIL VOILÉ;3;0;0
Le Tréport;50.06;1.37;08/08/2026;09:00;23.7;5;SOLEIL VOILÉ;3;0;0
Le Tréport;50.06;1.37;08/08/2026;10:00;23.7;5;SOLEIL VOILÉ;3;0;0
Le Tréport;50.06;1.37;08/08/2026;11:00;26.4;5;SOLEIL VOILÉ;3;0;0
Le Tréport;50.06;1.37;08/08/2026;12:00;26.4;5;SOLEIL VOILÉ;3;0;0
Le Tréport;50.06;1.37;08/08/2026;13:00;26.4;5;SOLEIL VOILÉ;3;0;0
Le Tréport;50.06;1.37;08/08/2026;14:00;27.9;5;SOLEIL VOILÉ;2;0;0
Le Tréport;50.06;1.37;08/08/2026;15:00;27.9;5;SOLEIL VOILÉ;2;0;0
Le Tréport;50.06;1.37;08/08/2026;16:00;27.9;5;SOLEIL VOILÉ;2;0;0
Le Tréport;50.06;1.37;08/08/2026;17:00;24;0;SOLEIL;6;0;0
Le Tréport;50.06;1.37;08/08/2026;18:00;24;0;SOLEIL;6;0;0
Le Tréport;50.06;1.37;08/08/2026;19:00;24;0;SOLEIL;6;0;0
Le Tréport;50.06;1.37;08/08/2026;20:00;20.7;0;SOLEIL;3;0;0
Le Tréport;50.06;1.37;08/08/2026;21:00;20.7;0;SOLEIL;3;0;0
Le Tréport;50.06;1.37;08/08/2026;22:00;20.7;0;SOLEIL;3;0;0
Le Tréport;50.06;1.37;08/08/2026;23:00;18.7;0;SOLEIL;3;0;0
Le Tréport;50.06;1.37;09/08/2026;00:00;18.7;0;SOLEIL;3;0;0
Le Tréport;50.06;1.37;09/08/2026;01:00;18.7;0;SOLEIL;3;0;0
Le Tréport;50.06;1.37;09/08/2026;02:00;17.9;0;SOLEIL;3;0;0
Le Tréport;50.06;1.37;09/08/2026;03:00;17.9;0;SOLEIL;3;0;0
Le Tréport;50.06;1.37;09/08/2026;04:00;17.9;0;SOLEIL;3;0;0
Le Tréport;50.06;1.37;09/08/2026;05:00;19.1;0;SOLEIL;3;0;0
Le Tréport;50.06;1.37;09/08/2026;06:00;19.1;0;SOLEIL;3;0;0
Le Tréport;50.06;1.37;09/08/2026;07:00;19.1;0;SOLEIL;3;0;0
Le Tréport;50.06;1.37;09/08/2026;08:00;26.9;0;SOLEIL;3;0;0
Le Tréport;50.06;1.37;09/08/2026;09:00;26.9;0;SOLEIL;3;0;0
Le Tréport;50.06;1.37;09/08/2026;10:00;26.9;0;SOLEIL;3;0;0
Le Tréport;50.06;1.37;09/08/2026;11:00;28.1;0;SOLEIL;2;0;0
Le Tréport;50.06;1.37;09/08/2026;12:00;28.1;0;SOLEIL;2;0;0
Le Tréport;50.06;1.37;09/08/2026;13:00;28.1;0;SOLEIL;2;0;0
Le Tréport;50.06;1.37;09/08/2026;14:00;25.6;0;SOLEIL;4;0;0
Le Tréport;50.06;1.37;09/08/2026;15:00;25.6;0;SOLEIL;4;0;0
Le Tréport;50.06;1.37;09/08/2026;16:00;25.6;0;SOLEIL;4;0;0
Le Tréport;50.06;1.37;09/08/2026;17:00;24.6;0;SOLEIL;4;0;0
Le Tréport;50.06;1.37;09/08/2026;18:00;24.6;0;SOLEIL;4;0;0
Le Tréport;50.06;1.37;09/08/2026;19:00;24.6;0;SOLEIL;4;0;0
Le Tréport;50.06;1.37;09/08/2026;20:00;20.1;0;SOLEIL;5;0;0
Le Tréport;50.06;1.37;09/08/2026;21:00;18.4;0;SOLEIL;5;0;0
Le Tréport;50.06;1.37;09/08/2026;22:00;16.7;0;SOLEIL;5;0;0
Le Tréport;50.06;1.37;09/08/2026;23:00;19.6;0;SOLEIL;5;0;0
Le Tréport;50.06;1.37;10/08/2026;00:00;19.6;0;SOLEIL;5;0;0
Le Tréport;50.06;1.37;10/08/2026;01:00;19.6;0;SOLEIL;5;0;0
Le Tréport;50.06;1.37;10/08/2026;02:00;17.2;0;SOLEIL;5;0;0
Le Tréport;50.06;1.37;10/08/2026;03:00;17.2;0;SOLEIL;5;0;0
Le Tréport;50.06;1.37;10/08/2026;04:00;17.2;0;SOLEIL;5;0;0
Le Tréport;50.06;1.37;10/08/2026;05:00;20.4;0;SOLEIL;4;0;0
Le Tréport;50.06;1.37;10/08/2026;06:00;20.4;0;SOLEIL;4;0;0
Le Tréport;50.06;1.37;10/08/2026;07:00;20.4;0;SOLEIL;4;0;0
Le Tréport;50.06;1.37;10/08/2026;08:00;19.8;0;SOLEIL;5;0;0
Le Tréport;50.06;1.37;10/08/2026;09:00;21.2;0;SOLEIL;5;0;0
Le Tréport;50.06;1.37;10/08/2026;10:00;22.5;0;SOLEIL;5;0;0
Le Tréport;50.06;1.37;10/08/2026;11:00;22.9;0;SOLEIL;4;0;0
Le Tréport;50.06;1.37;10/08/2026;12:00;22.9;0;SOLEIL;4;0;0
Le Tréport;50.06;1.37;10/08/2026;13:00;22.9;0;SOLEIL;4;0;0
Le Tréport;50.06;1.37;10/08/2026;14:00;27.8;0;SOLEIL;5;0;0
Le Tréport;50.06;1.37;10/08/2026;15:00;29.1;0;SOLEIL;5;0;0
Le Tréport;50.06;1.37;10/08/2026;16:00;27.8;0;SOLEIL;5;0;0
Le Tréport;50.06;1.37;10/08/2026;17:00;23.1;0;SOLEIL;3;0;0
Le Tréport;50.06;1.37;10/08/2026;18:00;23.1;0;SOLEIL;3;0;0
Le Tréport;50.06;1.37;10/08/2026;19:00;23.1;0;SOLEIL;3;0;0
Le Tréport;50.06;1.37;10/08/2026;20:00;22.5;0;SOLEIL;5;0;0
Le Tréport;50.06;1.37;10/08/2026;21:00;21.2;0;SOLEIL;5;0;0
Le Tréport;50.06;1.37;10/08/2026;22:00;19.8;0;SOLEIL;5;0;0
Le Tréport;50.06;1.37;10/08/2026;23:00;19.1;0;SOLEIL;3;0;0
Le Tréport;50.06;1.37;11/08/2026;00:00;19.1;0;SOLEIL;3;0;0
Le Tréport;50.06;1.37;11/08/2026;01:00;19.1;0;SOLEIL;3;0;0
Le Tréport;50.06;1.37;11/08/2026;02:00;18.9;0;SOLEIL;5;0;0
Le Tréport;50.06;1.37;11/08/2026;03:00;18.9;0;SOLEIL;5;0;0
Le Tréport;50.06;1.37;11/08/2026;04:00;18.9;0;SOLEIL;5;0;0
Le Tréport;50.06;1.37;11/08/2026;05:00;18.2;0;SOLEIL;4;0;0
Le Tréport;50.06;1.37;11/08/2026;06:00;18.2;0;SOLEIL;4;0;0
Le Tréport;50.06;1.37;11/08/2026;07:00;18.2;0;SOLEIL;4;0;0
Le Tréport;50.06;1.37;11/08/2026;08:00;20.1;0;SOLEIL;5;0;0
Le Tréport;50.06;1.37;11/08/2026;09:00;20.6;0;SOLEIL;5;0;0
Le Tréport;50.06;1.37;11/08/2026;10:00;21.2;0;SOLEIL;5;0;0
Le Tréport;50.06;1.37;11/08/2026;11:00;27.2;0;SOLEIL;4;0;0
Le Tréport;50.06;1.37;11/08/2026;12:00;27.2;0;SOLEIL;4;0;0
Le Tréport;50.06;1.37;11/08/2026;13:00;27.2;0;SOLEIL;4;0;0
Le Tréport;50.06;1.37;11/08/2026;14:00;23.5;0;SOLEIL;5;0;0
Le Tréport;50.06;1.37;11/08/2026;15:00;24.1;0;SOLEIL;5;0;0
Le Tréport;50.06;1.37;11/08/2026;16:00;23.5;0;SOLEIL;5;0;0
Le Tréport;50.06;1.37;11/08/2026;17:00;27.2;0;SOLEIL;4;0;0
Le Tréport;50.06;1.37;11/08/2026;18:00;27.2;0;SOLEIL;4;0;0
Le Tréport;50.06;1.37;11/08/2026;19:00;27.2;0;SOLEIL;4;0;0
Le Tréport;50.06;1.37;11/08/2026;20:00;21.2;0;SOLEIL;5;0;0
Le Tréport;50.06;1.37;11/08/2026;21:00;20.6;0;SOLEIL;5;0;0
Le Tréport;50.06;1.37;11/08/2026;22:00;20.1;0;SOLEIL;5;0;0
Le Tréport;50.06;1.37;11/08/2026;23:00;21.4;0;SOLEIL;4;0;0
Le Tréport;50.06;1.37;12/08/2026;00:00;21.4;0;SOLEIL;4;0;0
Le Tréport;50.06;1.37;12/08/2026;01:00;21.4;0;SOLEIL;4;0;0
Le Tréport;50.06;1.37;12/08/2026;02:00;16.6;0;SOLEIL;5;0;0
Le Tréport;50.06;1.37;12/08/2026;03:00;16.6;0;SOLEIL;5;0;0
Le Tréport;50.06;1.37;12/08/2026;04:00;16.6;0;SOLEIL;5;0;0
Le Tréport;50.06;1.37;12/08/2026;05:00;19.6;0;SOLEIL;4;0;0
Le Tréport;50.06;1.37;12/08/2026;06:00;19.6;0;SOLEIL;4;0;0
Le Tréport;50.06;1.37;12/08/2026;07:00;19.6;0;SOLEIL;4;0;0
Le Tréport;50.06;1.37;12/08/2026;08:00;19.3;0;SOLEIL;5;0;0
Le Tréport;50.06;1.37;12/08/2026;09:00;20.6;0;SOLEIL;5;0;0
Le Tréport;50.06;1.37;12/08/2026;10:00;21.9;0;SOLEIL;5;0;0
Le Tréport;50.06;1.37;12/08/2026;11:00;30;0;SOLEIL;4;0;0
Le Tréport;50.06;1.37;12/08/2026;12:00;30;0;SOLEIL;4;0;0
Le Tréport;50.06;1.37;12/08/2026;13:00;30;0;SOLEIL;4;0;0
Le Tréport;50.06;1.37;12/08/2026;14:00;27.3;0;SOLEIL;5;0;0
Le Tréport;50.06;1.37;12/08/2026;15:00;28.6;0;SOLEIL;5;0;0
Le Tréport;50.06;1.37;12/08/2026;16:00;27.3;0;SOLEIL;5;0;0
Le Tréport;50.06;1.37;12/08/2026;17:00;28.1;0;SOLEIL;3;0;0
Le Tréport;50.06;1.37;12/08/2026;18:00;28.1;0;SOLEIL;3;0;0
Le Tréport;50.06;1.37;12/08/2026;19:00;28.1;0;SOLEIL;3;0;0
Le Tréport;50.06;1.37;12/08/2026;20:00;21.9;0;SOLEIL;5;0;0
Le Tréport;50.06;1.37;12/08/2026;21:00;20.6;0;SOLEIL;5;0;0
Le Tréport;50.06;1.37;12/08/2026;22:00;19.3;0;SOLEIL;5;0;0
Le Tréport;50.06;1.37;12/08/2026;23:00;23.1;0;SOLEIL;4;0;0
