Ville;Latitude;Longitude;Date;Heure;temperature_2m;weathercode;Temps_Label;windspeed_10m;wind_gusts_10m;precipitation
Angoulême;45.65;0.15;08/08/2026;00:00;23.2;0;SOLEIL;2;0;0
Angoulême;45.65;0.15;08/08/2026;01:00;23.2;0;SOLEIL;2;0;0
Angoulême;45.65;0.15;08/08/2026;02:00;20.5;0;SOLEIL;2;0;0
Angoulême;45.65;0.15;08/08/2026;03:00;20.5;0;SOLEIL;2;0;0
Angoulême;45.65;0.15;08/08/2026;04:00;20.5;0;SOLEIL;2;0;0
Angoulême;45.65;0.15;08/08/2026;05:00;21.1;0;SOLEIL;2;0;0
Angoulême;45.65;0.15;08/08/2026;06:00;21.1;0;SOLEIL;2;0;0
Angoulême;45.65;0.15;08/08/2026;07:00;21.1;0;SOLEIL;2;0;0
Angoulême;45.65;0.15;08/08/2026;08:00;28.6;0;SOLEIL;1;0;0
Angoulême;45.65;0.15;08/08/2026;09:00;28.6;0;SOLEIL;1;0;0
Angoulême;45.65;0.15;08/08/2026;10:00;28.6;0;SOLEIL;1;0;0
Angoulême;45.65;0.15;08/08/2026;11:00;33.6;0;SOLEIL;2;0;0
Angoulême;45.65;0.15;08/08/2026;12:00;33.6;0;SOLEIL;2;0;0
Angoulême;45.65;0.15;08/08/2026;13:00;33.6;0;SOLEIL;2;0;0
Angoulême;45.65;0.15;08/08/2026;14:00;36.1;0;SOLEIL;3;0;0
Angoulême;45.65;0.15;08/08/2026;15:00;36.1;0;SOLEIL;3;0;0
Angoulême;45.65;0.15;08/08/2026;16:00;36.1;0;SOLEIL;3;0;0
Angoulême;45.65;0.15;08/08/2026;17:00;34.5;0;SOLEIL;5;0;0
Angoulême;45.65;0.15;08/08/2026;18:00;34.5;0;SOLEIL;5;0;0
Angoulême;45.65;0.15;08/08/2026;19:00;34.5;0;SOLEIL;5;0;0
Angoulême;45.65;0.15;08/08/2026;20:00;27.7;5;SOLEIL VOILÉ;3;0;0
Angoulême;45.65;0.15;08/08/2026;21:00;27.7;5;SOLEIL VOILÉ;3;0;0
Angoulême;45.65;0.15;08/08/2026;22:00;27.7;5;SOLEIL VOILÉ;3;0;0
Angoulême;45.65;0.15;08/08/2026;23:00;24;10;ORAGEUX;3;0;0
Angoulême;45.65;0.15;09/08/2026;00:00;24;10;ORAGEUX;3;0;0
Angoulême;45.65;0.15;09/08/2026;01:00;24;10;ORAGEUX;3;0;0
Angoulême;45.65;0.15;09/08/2026;02:00;24.1;10;ORAGEUX;2;0;0
Angoulême;45.65;0.15;09/08/2026;03:00;24.1;10;ORAGEUX;2;0;0
Angoulême;45.65;0.15;09/08/2026;04:00;24.1;10;ORAGEUX;2;0;0
Angoulême;45.65;0.15;09/08/2026;05:00;23;10;ORAGEUX;2;0;0
Angoulême;45.65;0.15;09/08/2026;06:00;23;10;ORAGEUX;2;0;0
Angoulême;45.65;0.15;09/08/2026;07:00;23;10;ORAGEUX;2;0;0
Angoulême;45.65;0.15;09/08/2026;08:00;25.6;10;ORAGEUX;3;0;0
Angoulême;45.65;0.15;09/08/2026;09:00;25.6;10;ORAGEUX;3;0;0
Angoulême;45.65;0.15;09/08/2026;10:00;25.6;10;ORAGEUX;3;0;0
Angoulême;45.65;0.15;09/08/2026;11:00;29.6;10;ORAGEUX;2;0;0
Angoulême;45.65;0.15;09/08/2026;12:00;29.6;10;ORAGEUX;2;0;0
Angoulême;45.65;0.15;09/08/2026;13:00;29.6;10;ORAGEUX;2;0;0
Angoulême;45.65;0.15;09/08/2026;14:00;32.1;10;ORAGEUX;2;0;0
Angoulême;45.65;0.15;09/08/2026;15:00;32.1;10;ORAGEUX;2;0;0
Angoulême;45.65;0.15;09/08/2026;16:00;32.1;10;ORAGEUX;2;0;0
Angoulême;45.65;0.15;09/08/2026;17:00;29.9;10;ORAGEUX;4;0;0
Angoulême;45.65;0.15;09/08/2026;18:00;29.9;10;ORAGEUX;4;0;0
Angoulême;45.65;0.15;09/08/2026;19:00;29.9;10;ORAGEUX;4;0;0
Angoulême;45.65;0.15;09/08/2026;20:00;28.0;0;SOLEIL;5;0;0
Angoulême;45.65;0.15;09/08/2026;21:00;26.0;0;SOLEIL;5;0;0
Angoulême;45.65;0.15;09/08/2026;22:00;24.1;0;SOLEIL;5;0;0
Angoulême;45.65;0.15;09/08/2026;23:00;23.1;0;SOLEIL;3;0;0
Angoulême;45.65;0.15;10/08/2026;00:00;23.1;0;SOLEIL;3;0;0
Angoulême;45.65;0.15;10/08/2026;01:00;23.1;0;SOLEIL;3;0;0
Angoulême;45.65;0.15;10/08/2026;02:00;22.4;10;ORAGEUX;5;0;0
Angoulême;45.65;0.15;10/08/2026;03:00;22.4;10;ORAGEUX;5;0;0
Angoulême;45.65;0.15;10/08/2026;04:00;22.4;10;ORAGEUX;5;0;0
Angoulême;45.65;0.15;10/08/2026;05:00;21.4;0;SOLEIL;2;0;0
Angoulême;45.65;0.15;10/08/2026;06:00;21.4;0;SOLEIL;2;0;0
Angoulême;45.65;0.15;10/08/2026;07:00;21.4;0;SOLEIL;2;0;0
Angoulême;45.65;0.15;10/08/2026;08:00;24.8;10;ORAGEUX;5;0;0
Angoulême;45.65;0.15;10/08/2026;09:00;26.1;10;ORAGEUX;5;0;0
Angoulême;45.65;0.15;10/08/2026;10:00;27.3;10;ORAGEUX;5;0;0
Angoulême;45.65;0.15;10/08/2026;11:00;30.1;0;SOLEIL;2;0;0
Angoulême;45.65;0.15;10/08/2026;12:00;30.1;0;SOLEIL;2;0;0
Angoulême;45.65;0.15;10/08/2026;13:00;30.1;0;SOLEIL;2;0;0
Angoulême;45.65;0.15;10/08/2026;14:00;32.2;10;ORAGEUX;5;0;0
Angoulême;45.65;0.15;10/08/2026;15:00;33.4;10;ORAGEUX;5;0;0
Angoulême;45.65;0.15;10/08/2026;16:00;32.2;10;ORAGEUX;5;0;0
Angoulême;45.65;0.15;10/08/2026;17:00;32.9;0;SOLEIL;3;0;0
Angoulême;45.65;0.15;10/08/2026;18:00;32.9;0;SOLEIL;3;0;0
Angoulême;45.65;0.15;10/08/2026;19:00;32.9;0;SOLEIL;3;0;0
Angoulême;45.65;0.15;10/08/2026;20:00;27.3;10;ORAGEUX;5;0;0
Angoulême;45.65;0.15;10/08/2026;21:00;26.1;10;ORAGEUX;5;0;0
Angoulême;45.65;0.15;10/08/2026;22:00;24.8;10;ORAGEUX;5;0;0
Angoulême;45.65;0.15;10/08/2026;23:00;24.5;0;SOLEIL;3;0;0
Angoulême;45.65;0.15;11/08/2026;00:00;24.5;0;SOLEIL;3;0;0
Angoulême;45.65;0.15;11/08/2026;01:00;24.5;0;SOLEIL;3;0;0
Angoulême;45.65;0.15;11/08/2026;02:00;20.4;0;SOLEIL;5;0;0
Angoulême;45.65;0.15;11/08/2026;03:00;20.4;0;SOLEIL;5;0;0
Angoulême;45.65;0.15;11/08/2026;04:00;20.4;0;SOLEIL;5;0;0
Angoulême;45.65;0.15;11/08/2026;05:00;23.1;0;SOLEIL;3;0;0
Angoulême;45.65;0.15;11/08/2026;06:00;23.1;0;SOLEIL;3;0;0
Angoulême;45.65;0.15;11/08/2026;07:00;23.1;0;SOLEIL;3;0;0
Angoulême;45.65;0.15;11/08/2026;08:00;23.5;0;SOLEIL;5;0;0
Angoulême;45.65;0.15;11/08/2026;09:00;25.1;0;SOLEIL;5;0;0
Angoulême;45.65;0.15;11/08/2026;10:00;26.7;0;SOLEIL;5;0;0
Angoulême;45.65;0.15;11/08/2026;11:00;35.1;0;SOLEIL;3;0;0
Angoulême;45.65;0.15;11/08/2026;12:00;35.1;0;SOLEIL;3;0;0
Angoulême;45.65;0.15;11/08/2026;13:00;35.1;0;SOLEIL;3;0;0
Angoulême;45.65;0.15;11/08/2026;14:00;32.9;0;SOLEIL;5;0;0
Angoulême;45.65;0.15;11/08/2026;15:00;34.5;0;SOLEIL;5;0;0
Angoulême;45.65;0.15;11/08/2026;16:00;32.9;0;SOLEIL;5;0;0
Angoulême;45.65;0.15;11/08/2026;17:00;35.6;0;SOLEIL;3;0;0
Angoulême;45.65;0.15;11/08/2026;18:00;35.6;0;SOLEIL;3;0;0
Angoulême;45.65;0.15;11/08/2026;19:00;35.6;0;SOLEIL;3;0;0
Angoulême;45.65;0.15;11/08/2026;20:00;26.7;0;SOLEIL;5;0;0
Angoulême;45.65;0.15;11/08/2026;21:00;25.1;0;SOLEIL;5;0;0
Angoulême;45.65;0.15;11/08/2026;22:00;23.5;0;SOLEIL;5;0;0
Angoulême;45.65;0.15;11/08/2026;23:00;27;0;SOLEIL;3;0;0
Angoulême;45.65;0.15;12/08/2026;00:00;27;0;SOLEIL;3;0;0
Angoulême;45.65;0.15;12/08/2026;01:00;27;0;SOLEIL;3;0;0
Angoulême;45.65;0.15;12/08/2026;02:00;22.4;0;SOLEIL;5;0;0
Angoulême;45.65;0.15;12/08/2026;03:00;22.4;0;SOLEIL;5;0;0
Angoulême;45.65;0.15;12/08/2026;04:00;22.4;0;SOLEIL;5;0;0
Angoulême;45.65;0.15;12/08/2026;05:00;24;0;SOLEIL;3;0;0
Angoulême;45.65;0.15;12/08/2026;06:00;24;0;SOLEIL;3;0;0
Angoulême;45.65;0.15;12/08/2026;07:00;24;0;SOLEIL;3;0;0
Angoulême;45.65;0.15;12/08/2026;08:00;25.7;0;SOLEIL;5;0;0
Angoulême;45.65;0.15;12/08/2026;09:00;27.3;0;SOLEIL;5;0;0
Angoulême;45.65;0.15;12/08/2026;10:00;28.9;0;SOLEIL;5;0;0
Angoulême;45.65;0.15;12/08/2026;11:00;32.4;0;SOLEIL;3;0;0
Angoulême;45.65;0.15;12/08/2026;12:00;32.4;0;SOLEIL;3;0;0
Angoulême;45.65;0.15;12/08/2026;13:00;32.4;0;SOLEIL;3;0;0
Angoulême;45.65;0.15;12/08/2026;14:00;35.5;0;SOLEIL;5;0;0
Angoulême;45.65;0.15;12/08/2026;15:00;37.1;0;SOLEIL;5;0;0
Angoulême;45.65;0.15;12/08/2026;16:00;35.5;0;SOLEIL;5;0;0
Angoulême;45.65;0.15;12/08/2026;17:00;31.1;0;SOLEIL;4;0;0
Angoulême;45.65;0.15;12/08/2026;18:00;31.1;0;SOLEIL;4;0;0
Angoulême;45.65;0.15;12/08/2026;19:00;31.1;0;SOLEIL;4;0;0
Angoulême;45.65;0.15;12/08/2026;20:00;28.9;0;SOLEIL;5;0;0
Angoulême;45.65;0.15;12/08/2026;21:00;27.3;0;SOLEIL;5;0;0
Angoulême;45.65;0.15;12/08/2026;22:00;25.7;0;SOLEIL;5;0;0
Angoulême;45.65;0.15;12/08/2026;23:00;24.1;0;SOLEIL;3;0;0
La Rochelle;46.16;-1.15;08/08/2026;00:00;20.6;0;SOLEIL;2;0;0
La Rochelle;46.16;-1.15;08/08/2026;01:00;20.6;0;SOLEIL;2;0;0
La Rochelle;46.16;-1.15;08/08/2026;02:00;17.5;0;SOLEIL;2;0;0
La Rochelle;46.16;-1.15;08/08/2026;03:00;17.5;0;SOLEIL;2;0;0
La Rochelle;46.16;-1.15;08/08/2026;04:00;17.5;0;SOLEIL;2;0;0
La Rochelle;46.16;-1.15;08/08/2026;05:00;18.6;0;SOLEIL;2;0;0
La Rochelle;46.16;-1.15;08/08/2026;06:00;18.6;0;SOLEIL;2;0;0
La Rochelle;46.16;-1.15;08/08/2026;07:00;18.6;0;SOLEIL;2;0;0
La Rochelle;46.16;-1.15;08/08/2026;08:00;28;0;SOLEIL;1;0;0
La Rochelle;46.16;-1.15;08/08/2026;09:00;28;0;SOLEIL;1;0;0
La Rochelle;46.16;-1.15;08/08/2026;10:00;28;0;SOLEIL;1;0;0
La Rochelle;46.16;-1.15;08/08/2026;11:00;34;0;SOLEIL;1;0;0
La Rochelle;46.16;-1.15;08/08/2026;12:00;34;0;SOLEIL;1;0;0
La Rochelle;46.16;-1.15;08/08/2026;13:00;34;0;SOLEIL;1;0;0
La Rochelle;46.16;-1.15;08/08/2026;14:00;35.1;0;SOLEIL;2;0;0
La Rochelle;46.16;-1.15;08/08/2026;15:00;35.1;0;SOLEIL;2;0;0
La Rochelle;46.16;-1.15;08/08/2026;16:00;35.1;0;SOLEIL;2;0;0
La Rochelle;46.16;-1.15;08/08/2026;17:00;34.1;0;SOLEIL;1;0;0
La Rochelle;46.16;-1.15;08/08/2026;18:00;34.1;0;SOLEIL;1;0;0
La Rochelle;46.16;-1.15;08/08/2026;19:00;34.1;0;SOLEIL;1;0;0
La Rochelle;46.16;-1.15;08/08/2026;20:00;28.2;0;SOLEIL;2;0;0
La Rochelle;46.16;-1.15;08/08/2026;21:00;28.2;0;SOLEIL;2;0;0
La Rochelle;46.16;-1.15;08/08/2026;22:00;28.2;0;SOLEIL;2;0;0
La Rochelle;46.16;-1.15;08/08/2026;23:00;24.6;5;SOLEIL VOILÉ;2;0;0
La Rochelle;46.16;-1.15;09/08/2026;00:00;24.6;5;SOLEIL VOILÉ;2;0;0
La Rochelle;46.16;-1.15;09/08/2026;01:00;24.6;5;SOLEIL VOILÉ;2;0;0
La Rochelle;46.16;-1.15;09/08/2026;02:00;22.9;5;SOLEIL VOILÉ;2;0;0
La Rochelle;46.16;-1.15;09/08/2026;03:00;22.9;5;SOLEIL VOILÉ;2;0;0
La Rochelle;46.16;-1.15;09/08/2026;04:00;22.9;5;SOLEIL VOILÉ;2;0;0
La Rochelle;46.16;-1.15;09/08/2026;05:00;22.6;10;ORAGEUX;3;0;0
La Rochelle;46.16;-1.15;09/08/2026;06:00;22.6;10;ORAGEUX;3;0;0
La Rochelle;46.16;-1.15;09/08/2026;07:00;22.6;10;ORAGEUX;3;0;0
La Rochelle;46.16;-1.15;09/08/2026;08:00;27.2;10;ORAGEUX;3;0;0
La Rochelle;46.16;-1.15;09/08/2026;09:00;27.2;10;ORAGEUX;3;0;0
La Rochelle;46.16;-1.15;09/08/2026;10:00;27.2;10;ORAGEUX;3;0;0
La Rochelle;46.16;-1.15;09/08/2026;11:00;31.9;0;SOLEIL;2;0;0
La Rochelle;46.16;-1.15;09/08/2026;12:00;31.9;0;SOLEIL;2;0;0
La Rochelle;46.16;-1.15;09/08/2026;13:00;31.9;0;SOLEIL;2;0;0
La Rochelle;46.16;-1.15;09/08/2026;14:00;34;0;SOLEIL;2;0;0
La Rochelle;46.16;-1.15;09/08/2026;15:00;34;0;SOLEIL;2;0;0
La Rochelle;46.16;-1.15;09/08/2026;16:00;34;0;SOLEIL;2;0;0
La Rochelle;46.16;-1.15;09/08/2026;17:00;31.6;10;ORAGEUX;2;0;0
La Rochelle;46.16;-1.15;09/08/2026;18:00;31.6;10;ORAGEUX;2;0;0
La Rochelle;46.16;-1.15;09/08/2026;19:00;31.6;10;ORAGEUX;2;0;0
La Rochelle;46.16;-1.15;09/08/2026;20:00;25.3;0;SOLEIL;5;0;0
La Rochelle;46.16;-1.15;09/08/2026;21:00;23.1;0;SOLEIL;5;0;0
La Rochelle;46.16;-1.15;09/08/2026;22:00;21.0;0;SOLEIL;5;0;0
La Rochelle;46.16;-1.15;09/08/2026;23:00;22.1;0;SOLEIL;2;0;0
La Rochelle;46.16;-1.15;10/08/2026;00:00;22.1;0;SOLEIL;2;0;0
La Rochelle;46.16;-1.15;10/08/2026;01:00;22.1;0;SOLEIL;2;0;0
La Rochelle;46.16;-1.15;10/08/2026;02:00;21.5;10;ORAGEUX;5;0;0
La Rochelle;46.16;-1.15;10/08/2026;03:00;21.5;10;ORAGEUX;5;0;0
La Rochelle;46.16;-1.15;10/08/2026;04:00;21.5;10;ORAGEUX;5;0;0
La Rochelle;46.16;-1.15;10/08/2026;05:00;19.6;0;SOLEIL;2;0;0
La Rochelle;46.16;-1.15;10/08/2026;06:00;19.6;0;SOLEIL;2;0;0
La Rochelle;46.16;-1.15;10/08/2026;07:00;19.6;0;SOLEIL;2;0;0
La Rochelle;46.16;-1.15;10/08/2026;08:00;24.4;10;ORAGEUX;5;0;0
La Rochelle;46.16;-1.15;10/08/2026;09:00;25.9;10;ORAGEUX;5;0;0
La Rochelle;46.16;-1.15;10/08/2026;10:00;27.3;10;ORAGEUX;5;0;0
La Rochelle;46.16;-1.15;10/08/2026;11:00;32.6;0;SOLEIL;2;0;0
La Rochelle;46.16;-1.15;10/08/2026;12:00;32.6;0;SOLEIL;2;0;0
La Rochelle;46.16;-1.15;10/08/2026;13:00;32.6;0;SOLEIL;2;0;0
La Rochelle;46.16;-1.15;10/08/2026;14:00;33.1;10;ORAGEUX;5;0;0
La Rochelle;46.16;-1.15;10/08/2026;15:00;34.6;10;ORAGEUX;5;0;0
La Rochelle;46.16;-1.15;10/08/2026;16:00;33.1;10;ORAGEUX;5;0;0
La Rochelle;46.16;-1.15;10/08/2026;17:00;33.5;0;SOLEIL;2;0;0
La Rochelle;46.16;-1.15;10/08/2026;18:00;33.5;0;SOLEIL;2;0;0
La Rochelle;46.16;-1.15;10/08/2026;19:00;33.5;0;SOLEIL;2;0;0
La Rochelle;46.16;-1.15;10/08/2026;20:00;27.3;10;ORAGEUX;5;0;0
La Rochelle;46.16;-1.15;10/08/2026;21:00;25.9;10;ORAGEUX;5;0;0
La Rochelle;46.16;-1.15;10/08/2026;22:00;24.4;10;ORAGEUX;5;0;0
La Rochelle;46.16;-1.15;10/08/2026;23:00;23.1;0;SOLEIL;3;0;0
La Rochelle;46.16;-1.15;11/08/2026;00:00;23.1;0;SOLEIL;3;0;0
La Rochelle;46.16;-1.15;11/08/2026;01:00;23.1;0;SOLEIL;3;0;0
La Rochelle;46.16;-1.15;11/08/2026;02:00;19;0;SOLEIL;5;0;0
La Rochelle;46.16;-1.15;11/08/2026;03:00;19;0;SOLEIL;5;0;0
La Rochelle;46.16;-1.15;11/08/2026;04:00;19;0;SOLEIL;5;0;0
La Rochelle;46.16;-1.15;11/08/2026;05:00;20.9;0;SOLEIL;3;0;0
La Rochelle;46.16;-1.15;11/08/2026;06:00;20.9;0;SOLEIL;3;0;0
La Rochelle;46.16;-1.15;11/08/2026;07:00;20.9;0;SOLEIL;3;0;0
La Rochelle;46.16;-1.15;11/08/2026;08:00;22.7;0;SOLEIL;5;0;0
La Rochelle;46.16;-1.15;11/08/2026;09:00;24.5;0;SOLEIL;5;0;0
La Rochelle;46.16;-1.15;11/08/2026;10:00;26.4;0;SOLEIL;5;0;0
La Rochelle;46.16;-1.15;11/08/2026;11:00;36.1;0;SOLEIL;2;0;0
La Rochelle;46.16;-1.15;11/08/2026;12:00;36.1;0;SOLEIL;2;0;0
La Rochelle;46.16;-1.15;11/08/2026;13:00;36.1;0;SOLEIL;2;0;0
La Rochelle;46.16;-1.15;11/08/2026;14:00;33.8;0;SOLEIL;5;0;0
La Rochelle;46.16;-1.15;11/08/2026;15:00;35.6;0;SOLEIL;5;0;0
La Rochelle;46.16;-1.15;11/08/2026;16:00;33.8;0;SOLEIL;5;0;0
La Rochelle;46.16;-1.15;11/08/2026;17:00;35.7;0;SOLEIL;2;0;0
La Rochelle;46.16;-1.15;11/08/2026;18:00;35.7;0;SOLEIL;2;0;0
La Rochelle;46.16;-1.15;11/08/2026;19:00;35.7;0;SOLEIL;2;0;0
La Rochelle;46.16;-1.15;11/08/2026;20:00;26.4;0;SOLEIL;5;0;0
La Rochelle;46.16;-1.15;11/08/2026;21:00;24.5;0;SOLEIL;5;0;0
La Rochelle;46.16;-1.15;11/08/2026;22:00;22.7;0;SOLEIL;5;0;0
La Rochelle;46.16;-1.15;11/08/2026;23:00;25.4;0;SOLEIL;3;0;0
La Rochelle;46.16;-1.15;12/08/2026;00:00;25.4;0;SOLEIL;3;0;0
La Rochelle;46.16;-1.15;12/08/2026;01:00;25.4;0;SOLEIL;3;0;0
La Rochelle;46.16;-1.15;12/08/2026;02:00;19.6;0;SOLEIL;5;0;0
La Rochelle;46.16;-1.15;12/08/2026;03:00;19.6;0;SOLEIL;5;0;0
La Rochelle;46.16;-1.15;12/08/2026;04:00;19.6;0;SOLEIL;5;0;0
La Rochelle;46.16;-1.15;12/08/2026;05:00;22.2;0;SOLEIL;3;0;0
La Rochelle;46.16;-1.15;12/08/2026;06:00;22.2;0;SOLEIL;3;0;0
La Rochelle;46.16;-1.15;12/08/2026;07:00;22.2;0;SOLEIL;3;0;0
La Rochelle;46.16;-1.15;12/08/2026;08:00;23.8;0;SOLEIL;5;0;0
La Rochelle;46.16;-1.15;12/08/2026;09:00;25.9;0;SOLEIL;5;0;0
La Rochelle;46.16;-1.15;12/08/2026;10:00;28.0;0;SOLEIL;5;0;0
La Rochelle;46.16;-1.15;12/08/2026;11:00;37.1;0;SOLEIL;3;0;0
La Rochelle;46.16;-1.15;12/08/2026;12:00;37.1;0;SOLEIL;3;0;0
La Rochelle;46.16;-1.15;12/08/2026;13:00;37.1;0;SOLEIL;3;0;0
La Rochelle;46.16;-1.15;12/08/2026;14:00;36.4;0;SOLEIL;5;0;0
La Rochelle;46.16;-1.15;12/08/2026;15:00;38.5;0;SOLEIL;5;0;0
La Rochelle;46.16;-1.15;12/08/2026;16:00;36.4;0;SOLEIL;5;0;0
La Rochelle;46.16;-1.15;12/08/2026;17:00;36.2;0;SOLEIL;3;0;0
La Rochelle;46.16;-1.15;12/08/2026;18:00;36.2;0;SOLEIL;3;0;0
La Rochelle;46.16;-1.15;12/08/2026;19:00;36.2;0;SOLEIL;3;0;0
La Rochelle;46.16;-1.15;12/08/2026;20:00;28.0;0;SOLEIL;5;0;0
La Rochelle;46.16;-1.15;12/08/2026;21:00;25.9;0;SOLEIL;5;0;0
La Rochelle;46.16;-1.15;12/08/2026;22:00;23.8;0;SOLEIL;5;0;0
La Rochelle;46.16;-1.15;12/08/2026;23:00;24.6;0;SOLEIL;2;0;0
Pons;45.58;-0.55;08/08/2026;00:00;20.4;0;SOLEIL;4;0;0
Pons;45.58;-0.55;08/08/2026;01:00;20.4;0;SOLEIL;4;0;0
Pons;45.58;-0.55;08/08/2026;02:00;19;5;SOLEIL VOILÉ;4;0;0
Pons;45.58;-0.55;08/08/2026;03:00;19;5;SOLEIL VOILÉ;4;0;0
Pons;45.58;-0.55;08/08/2026;04:00;19;5;SOLEIL VOILÉ;4;0;0
Pons;45.58;-0.55;08/08/2026;05:00;19.6;0;SOLEIL;4;0;0
Pons;45.58;-0.55;08/08/2026;06:00;19.6;0;SOLEIL;4;0;0
Pons;45.58;-0.55;08/08/2026;07:00;19.6;0;SOLEIL;4;0;0
Pons;45.58;-0.55;08/08/2026;08:00;27.1;0;SOLEIL;4;0;0
Pons;45.58;-0.55;08/08/2026;09:00;27.1;0;SOLEIL;4;0;0
Pons;45.58;-0.55;08/08/2026;10:00;27.1;0;SOLEIL;4;0;0
Pons;45.58;-0.55;08/08/2026;11:00;30;0;SOLEIL;3;0;0
Pons;45.58;-0.55;08/08/2026;12:00;30;0;SOLEIL;3;0;0
Pons;45.58;-0.55;08/08/2026;13:00;30;0;SOLEIL;3;0;0
Pons;45.58;-0.55;08/08/2026;14:00;29.6;0;SOLEIL;4;0;0
Pons;45.58;-0.55;08/08/2026;15:00;29.6;0;SOLEIL;4;0;0
Pons;45.58;-0.55;08/08/2026;16:00;29.6;0;SOLEIL;4;0;0
Pons;45.58;-0.55;08/08/2026;17:00;26;0;SOLEIL;4;0;0
Pons;45.58;-0.55;08/08/2026;18:00;26;0;SOLEIL;4;0;0
Pons;45.58;-0.55;08/08/2026;19:00;26;0;SOLEIL;4;0;0
Pons;45.58;-0.55;08/08/2026;20:00;24.1;0;SOLEIL;3;0;0
Pons;45.58;-0.55;08/08/2026;21:00;24.1;0;SOLEIL;3;0;0
Pons;45.58;-0.55;08/08/2026;22:00;24.1;0;SOLEIL;3;0;0
Pons;45.58;-0.55;08/08/2026;23:00;22.1;5;SOLEIL VOILÉ;3;0;0
Pons;45.58;-0.55;09/08/2026;00:00;22.1;5;SOLEIL VOILÉ;3;0;0
Pons;45.58;-0.55;09/08/2026;01:00;22.1;5;SOLEIL VOILÉ;3;0;0
Pons;45.58;-0.55;09/08/2026;02:00;20.6;0;SOLEIL;3;0;0
Pons;45.58;-0.55;09/08/2026;03:00;20.6;0;SOLEIL;3;0;0
Pons;45.58;-0.55;09/08/2026;04:00;20.6;0;SOLEIL;3;0;0
Pons;45.58;-0.55;09/08/2026;05:00;21.1;0;SOLEIL;2;0;0
Pons;45.58;-0.55;09/08/2026;06:00;21.1;0;SOLEIL;2;0;0
Pons;45.58;-0.55;09/08/2026;07:00;21.1;0;SOLEIL;2;0;0
Pons;45.58;-0.55;09/08/2026;08:00;24.5;0;SOLEIL;3;0;0
Pons;45.58;-0.55;09/08/2026;09:00;24.5;0;SOLEIL;3;0;0
Pons;45.58;-0.55;09/08/2026;10:00;24.5;0;SOLEIL;3;0;0
Pons;45.58;-0.55;09/08/2026;11:00;26.2;0;SOLEIL;4;0;0
Pons;45.58;-0.55;09/08/2026;12:00;26.2;0;SOLEIL;4;0;0
Pons;45.58;-0.55;09/08/2026;13:00;26.2;0;SOLEIL;4;0;0
Pons;45.58;-0.55;09/08/2026;14:00;25.1;0;SOLEIL;5;0;0
Pons;45.58;-0.55;09/08/2026;15:00;25.1;0;SOLEIL;5;0;0
Pons;45.58;-0.55;09/08/2026;16:00;25.1;0;SOLEIL;5;0;0
Pons;45.58;-0.55;09/08/2026;17:00;21.7;0;SOLEIL;5;0;0
Pons;45.58;-0.55;09/08/2026;18:00;21.7;0;SOLEIL;5;0;0
Pons;45.58;-0.55;09/08/2026;19:00;21.7;0;SOLEIL;5;0;0
Pons;45.58;-0.55;09/08/2026;20:00;23.7;0;SOLEIL;5;0;0
Pons;45.58;-0.55;09/08/2026;21:00;22.3;0;SOLEIL;5;0;0
Pons;45.58;-0.55;09/08/2026;22:00;20.8;0;SOLEIL;5;0;0
Pons;45.58;-0.55;09/08/2026;23:00;20.9;0;SOLEIL;4;0;0
Pons;45.58;-0.55;10/08/2026;00:00;20.9;0;SOLEIL;4;0;0
Pons;45.58;-0.55;10/08/2026;01:00;20.9;0;SOLEIL;4;0;0
Pons;45.58;-0.55;10/08/2026;02:00;20.1;0;SOLEIL;5;0;0
Pons;45.58;-0.55;10/08/2026;03:00;20.1;0;SOLEIL;5;0;0
Pons;45.58;-0.55;10/08/2026;04:00;20.1;0;SOLEIL;5;0;0
Pons;45.58;-0.55;10/08/2026;05:00;21.2;0;SOLEIL;3;0;0
Pons;45.58;-0.55;10/08/2026;06:00;21.2;0;SOLEIL;3;0;0
Pons;45.58;-0.55;10/08/2026;07:00;21.2;0;SOLEIL;3;0;0
Pons;45.58;-0.55;10/08/2026;08:00;21.6;0;SOLEIL;5;0;0
Pons;45.58;-0.55;10/08/2026;09:00;22.3;0;SOLEIL;5;0;0
Pons;45.58;-0.55;10/08/2026;10:00;23.0;0;SOLEIL;5;0;0
Pons;45.58;-0.55;10/08/2026;11:00;26.6;0;SOLEIL;4;0;0
Pons;45.58;-0.55;10/08/2026;12:00;26.6;0;SOLEIL;4;0;0
Pons;45.58;-0.55;10/08/2026;13:00;26.6;0;SOLEIL;4;0;0
Pons;45.58;-0.55;10/08/2026;14:00;26.0;0;SOLEIL;5;0;0
Pons;45.58;-0.55;10/08/2026;15:00;26.7;0;SOLEIL;5;0;0
Pons;45.58;-0.55;10/08/2026;16:00;26.0;0;SOLEIL;5;0;0
Pons;45.58;-0.55;10/08/2026;17:00;25.1;0;SOLEIL;5;0;0
Pons;45.58;-0.55;10/08/2026;18:00;25.1;0;SOLEIL;5;0;0
Pons;45.58;-0.55;10/08/2026;19:00;25.1;0;SOLEIL;5;0;0
Pons;45.58;-0.55;10/08/2026;20:00;23.0;0;SOLEIL;5;0;0
Pons;45.58;-0.55;10/08/2026;21:00;22.3;0;SOLEIL;5;0;0
Pons;45.58;-0.55;10/08/2026;22:00;21.6;0;SOLEIL;5;0;0
Pons;45.58;-0.55;10/08/2026;23:00;24.6;0;SOLEIL;5;0;0
Pons;45.58;-0.55;11/08/2026;00:00;24.6;0;SOLEIL;5;0;0
Pons;45.58;-0.55;11/08/2026;01:00;24.6;0;SOLEIL;5;0;0
Pons;45.58;-0.55;11/08/2026;02:00;19.6;0;SOLEIL;5;0;0
Pons;45.58;-0.55;11/08/2026;03:00;19.6;0;SOLEIL;5;0;0
Pons;45.58;-0.55;11/08/2026;04:00;19.6;0;SOLEIL;5;0;0
Pons;45.58;-0.55;11/08/2026;05:00;22.1;0;SOLEIL;4;0;0
Pons;45.58;-0.55;11/08/2026;06:00;22.1;0;SOLEIL;4;0;0
Pons;45.58;-0.55;11/08/2026;07:00;22.1;0;SOLEIL;4;0;0
Pons;45.58;-0.55;11/08/2026;08:00;21.4;0;SOLEIL;5;0;0
Pons;45.58;-0.55;11/08/2026;09:00;22.2;0;SOLEIL;5;0;0
Pons;45.58;-0.55;11/08/2026;10:00;23.1;0;SOLEIL;5;0;0
Pons;45.58;-0.55;11/08/2026;11:00;33.6;0;SOLEIL;4;0;0
Pons;45.58;-0.55;11/08/2026;12:00;33.6;0;SOLEIL;4;0;0
Pons;45.58;-0.55;11/08/2026;13:00;33.6;0;SOLEIL;4;0;0
Pons;45.58;-0.55;11/08/2026;14:00;26.6;0;SOLEIL;5;0;0
Pons;45.58;-0.55;11/08/2026;15:00;27.5;0;SOLEIL;5;0;0
Pons;45.58;-0.55;11/08/2026;16:00;26.6;0;SOLEIL;5;0;0
Pons;45.58;-0.55;11/08/2026;17:00;32.2;0;SOLEIL;4;0;0
Pons;45.58;-0.55;11/08/2026;18:00;32.2;0;SOLEIL;4;0;0
Pons;45.58;-0.55;11/08/2026;19:00;32.2;0;SOLEIL;4;0;0
Pons;45.58;-0.55;11/08/2026;20:00;23.1;0;SOLEIL;5;0;0
Pons;45.58;-0.55;11/08/2026;21:00;22.2;0;SOLEIL;5;0;0
Pons;45.58;-0.55;11/08/2026;22:00;21.4;0;SOLEIL;5;0;0
Pons;45.58;-0.55;11/08/2026;23:00;26.4;0;SOLEIL;5;0;0
Pons;45.58;-0.55;12/08/2026;00:00;26.4;0;SOLEIL;5;0;0
Pons;45.58;-0.55;12/08/2026;01:00;26.4;0;SOLEIL;5;0;0
Pons;45.58;-0.55;12/08/2026;02:00;21.2;0;SOLEIL;5;0;0
Pons;45.58;-0.55;12/08/2026;03:00;21.2;0;SOLEIL;5;0;0
Pons;45.58;-0.55;12/08/2026;04:00;21.2;0;SOLEIL;5;0;0
Pons;45.58;-0.55;12/08/2026;05:00;23.5;0;SOLEIL;4;0;0
Pons;45.58;-0.55;12/08/2026;06:00;23.5;0;SOLEIL;4;0;0
Pons;45.58;-0.55;12/08/2026;07:00;23.5;0;SOLEIL;4;0;0
Pons;45.58;-0.55;12/08/2026;08:00;24.4;0;SOLEIL;5;0;0
Pons;45.58;-0.55;12/08/2026;09:00;25.9;0;SOLEIL;5;0;0
Pons;45.58;-0.55;12/08/2026;10:00;27.5;0;SOLEIL;5;0;0
Pons;45.58;-0.55;12/08/2026;11:00;29.6;0;SOLEIL;4;0;0
Pons;45.58;-0.55;12/08/2026;12:00;29.6;0;SOLEIL;4;0;0
Pons;45.58;-0.55;12/08/2026;13:00;29.6;0;SOLEIL;4;0;0
Pons;45.58;-0.55;12/08/2026;14:00;33.8;0;SOLEIL;5;0;0
Pons;45.58;-0.55;12/08/2026;15:00;35.4;0;SOLEIL;5;0;0
Pons;45.58;-0.55;12/08/2026;16:00;33.8;0;SOLEIL;5;0;0
Pons;45.58;-0.55;12/08/2026;17:00;25.7;0;SOLEIL;4;0;0
Pons;45.58;-0.55;12/08/2026;18:00;25.7;0;SOLEIL;4;0;0
Pons;45.58;-0.55;12/08/2026;19:00;25.7;0;SOLEIL;4;0;0
Pons;45.58;-0.55;12/08/2026;20:00;27.5;0;SOLEIL;5;0;0
Pons;45.58;-0.55;12/08/2026;21:00;25.9;0;SOLEIL;5;0;0
Pons;45.58;-0.55;12/08/2026;22:00;24.4;0;SOLEIL;5;0;0
Pons;45.58;-0.55;12/08/2026;23:00;23.2;0;SOLEIL;4;0;0
Brive-la-Gaillarde;45.15;1.53;08/08/2026;00:00;19.7;0;SOLEIL;3;0;0
Brive-la-Gaillarde;45.15;1.53;08/08/2026;01:00;19.7;0;SOLEIL;3;0;0
Brive-la-Gaillarde;45.15;1.53;08/08/2026;02:00;18.6;0;SOLEIL;3;0;0
Brive-la-Gaillarde;45.15;1.53;08/08/2026;03:00;18.6;0;SOLEIL;3;0;0
Brive-la-Gaillarde;45.15;1.53;08/08/2026;04:00;18.6;0;SOLEIL;3;0;0
Brive-la-Gaillarde;45.15;1.53;08/08/2026;05:00;19.1;0;SOLEIL;3;0;0
Brive-la-Gaillarde;45.15;1.53;08/08/2026;06:00;19.1;0;SOLEIL;3;0;0
Brive-la-Gaillarde;45.15;1.53;08/08/2026;07:00;19.1;0;SOLEIL;3;0;0
Brive-la-Gaillarde;45.15;1.53;08/08/2026;08:00;27.2;0;SOLEIL;2;0;0
Brive-la-Gaillarde;45.15;1.53;08/08/2026;09:00;27.2;0;SOLEIL;2;0;0
Brive-la-Gaillarde;45.15;1.53;08/08/2026;10:00;27.2;0;SOLEIL;2;0;0
Brive-la-Gaillarde;45.15;1.53;08/08/2026;11:00;32.1;0;SOLEIL;2;0;0
Brive-la-Gaillarde;45.15;1.53;08/08/2026;12:00;32.1;0;SOLEIL;2;0;0
Brive-la-Gaillarde;45.15;1.53;08/08/2026;13:00;32.1;0;SOLEIL;2;0;0
Brive-la-Gaillarde;45.15;1.53;08/08/2026;14:00;34.2;0;SOLEIL;2;0;0
Brive-la-Gaillarde;45.15;1.53;08/08/2026;15:00;34.2;0;SOLEIL;2;0;0
Brive-la-Gaillarde;45.15;1.53;08/08/2026;16:00;34.2;0;SOLEIL;2;0;0
Brive-la-Gaillarde;45.15;1.53;08/08/2026;17:00;32.6;0;SOLEIL;2;0;0
Brive-la-Gaillarde;45.15;1.53;08/08/2026;18:00;32.6;0;SOLEIL;2;0;0
Brive-la-Gaillarde;45.15;1.53;08/08/2026;19:00;32.6;0;SOLEIL;2;0;0
Brive-la-Gaillarde;45.15;1.53;08/08/2026;20:00;25;0;SOLEIL;3;0;0
Brive-la-Gaillarde;45.15;1.53;08/08/2026;21:00;25;0;SOLEIL;3;0;0
Brive-la-Gaillarde;45.15;1.53;08/08/2026;22:00;25;0;SOLEIL;3;0;0
Brive-la-Gaillarde;45.15;1.53;08/08/2026;23:00;22.1;5;SOLEIL VOILÉ;3;0;0
Brive-la-Gaillarde;45.15;1.53;09/08/2026;00:00;22.1;5;SOLEIL VOILÉ;3;0;0
Brive-la-Gaillarde;45.15;1.53;09/08/2026;01:00;22.1;5;SOLEIL VOILÉ;3;0;0
Brive-la-Gaillarde;45.15;1.53;09/08/2026;02:00;21.2;0;SOLEIL;2;0;0
Brive-la-Gaillarde;45.15;1.53;09/08/2026;03:00;21.2;0;SOLEIL;2;0;0
Brive-la-Gaillarde;45.15;1.53;09/08/2026;04:00;21.2;0;SOLEIL;2;0;0
Brive-la-Gaillarde;45.15;1.53;09/08/2026;05:00;20.4;0;SOLEIL;2;0;0
Brive-la-Gaillarde;45.15;1.53;09/08/2026;06:00;20.4;0;SOLEIL;2;0;0
Brive-la-Gaillarde;45.15;1.53;09/08/2026;07:00;20.4;0;SOLEIL;2;0;0
Brive-la-Gaillarde;45.15;1.53;09/08/2026;08:00;25.1;10;ORAGEUX;3;0;0
Brive-la-Gaillarde;45.15;1.53;09/08/2026;09:00;25.1;10;ORAGEUX;3;0;0
Brive-la-Gaillarde;45.15;1.53;09/08/2026;10:00;25.1;10;ORAGEUX;3;0;0
Brive-la-Gaillarde;45.15;1.53;09/08/2026;11:00;29.2;10;ORAGEUX;3;0;0
Brive-la-Gaillarde;45.15;1.53;09/08/2026;12:00;29.2;10;ORAGEUX;3;0;0
Brive-la-Gaillarde;45.15;1.53;09/08/2026;13:00;29.2;10;ORAGEUX;3;0;0
Brive-la-Gaillarde;45.15;1.53;09/08/2026;14:00;31.2;0;SOLEIL;3;0;0
Brive-la-Gaillarde;45.15;1.53;09/08/2026;15:00;31.2;0;SOLEIL;3;0;0
Brive-la-Gaillarde;45.15;1.53;09/08/2026;16:00;31.2;0;SOLEIL;3;0;0
Brive-la-Gaillarde;45.15;1.53;09/08/2026;17:00;28.4;0;SOLEIL;4;0;0
Brive-la-Gaillarde;45.15;1.53;09/08/2026;18:00;28.4;0;SOLEIL;4;0;0
Brive-la-Gaillarde;45.15;1.53;09/08/2026;19:00;28.4;0;SOLEIL;4;0;0
Brive-la-Gaillarde;45.15;1.53;09/08/2026;20:00;25.0;0;SOLEIL;5;0;0
Brive-la-Gaillarde;45.15;1.53;09/08/2026;21:00;23.1;0;SOLEIL;5;0;0
Brive-la-Gaillarde;45.15;1.53;09/08/2026;22:00;21.3;0;SOLEIL;5;0;0
Brive-la-Gaillarde;45.15;1.53;09/08/2026;23:00;21.5;0;SOLEIL;3;0;0
Brive-la-Gaillarde;45.15;1.53;10/08/2026;00:00;21.5;0;SOLEIL;3;0;0
Brive-la-Gaillarde;45.15;1.53;10/08/2026;01:00;21.5;0;SOLEIL;3;0;0
Brive-la-Gaillarde;45.15;1.53;10/08/2026;02:00;19.5;10;ORAGEUX;5;0;0
Brive-la-Gaillarde;45.15;1.53;10/08/2026;03:00;19.5;10;ORAGEUX;5;0;0
Brive-la-Gaillarde;45.15;1.53;10/08/2026;04:00;19.5;10;ORAGEUX;5;0;0
Brive-la-Gaillarde;45.15;1.53;10/08/2026;05:00;19.5;0;SOLEIL;2;0;0
Brive-la-Gaillarde;45.15;1.53;10/08/2026;06:00;19.5;0;SOLEIL;2;0;0
Brive-la-Gaillarde;45.15;1.53;10/08/2026;07:00;19.5;0;SOLEIL;2;0;0
Brive-la-Gaillarde;45.15;1.53;10/08/2026;08:00;22.2;10;ORAGEUX;5;0;0
Brive-la-Gaillarde;45.15;1.53;10/08/2026;09:00;23.6;10;ORAGEUX;5;0;0
Brive-la-Gaillarde;45.15;1.53;10/08/2026;10:00;24.9;10;ORAGEUX;5;0;0
Brive-la-Gaillarde;45.15;1.53;10/08/2026;11:00;30.6;0;SOLEIL;1;0;0
Brive-la-Gaillarde;45.15;1.53;10/08/2026;12:00;30.6;0;SOLEIL;1;0;0
Brive-la-Gaillarde;45.15;1.53;10/08/2026;13:00;30.6;0;SOLEIL;1;0;0
Brive-la-Gaillarde;45.15;1.53;10/08/2026;14:00;30.3;10;ORAGEUX;5;0;0
Brive-la-Gaillarde;45.15;1.53;10/08/2026;15:00;31.7;10;ORAGEUX;5;0;0
Brive-la-Gaillarde;45.15;1.53;10/08/2026;16:00;30.3;10;ORAGEUX;5;0;0
Brive-la-Gaillarde;45.15;1.53;10/08/2026;17:00;31.2;0;SOLEIL;2;0;0
Brive-la-Gaillarde;45.15;1.53;10/08/2026;18:00;31.2;0;SOLEIL;2;0;0
Brive-la-Gaillarde;45.15;1.53;10/08/2026;19:00;31.2;0;SOLEIL;2;0;0
Brive-la-Gaillarde;45.15;1.53;10/08/2026;20:00;24.9;10;ORAGEUX;5;0;0
Brive-la-Gaillarde;45.15;1.53;10/08/2026;21:00;23.6;10;ORAGEUX;5;0;0
Brive-la-Gaillarde;45.15;1.53;10/08/2026;22:00;22.2;10;ORAGEUX;5;0;0
Brive-la-Gaillarde;45.15;1.53;10/08/2026;23:00;21.9;0;SOLEIL;2;0;0
Brive-la-Gaillarde;45.15;1.53;11/08/2026;00:00;21.9;0;SOLEIL;2;0;0
Brive-la-Gaillarde;45.15;1.53;11/08/2026;01:00;21.9;0;SOLEIL;2;0;0
Brive-la-Gaillarde;45.15;1.53;11/08/2026;02:00;18.5;0;SOLEIL;5;0;0
Brive-la-Gaillarde;45.15;1.53;11/08/2026;03:00;18.5;0;SOLEIL;5;0;0
Brive-la-Gaillarde;45.15;1.53;11/08/2026;04:00;18.5;0;SOLEIL;5;0;0
Brive-la-Gaillarde;45.15;1.53;11/08/2026;05:00;20.9;0;SOLEIL;3;0;0
Brive-la-Gaillarde;45.15;1.53;11/08/2026;06:00;20.9;0;SOLEIL;3;0;0
Brive-la-Gaillarde;45.15;1.53;11/08/2026;07:00;20.9;0;SOLEIL;3;0;0
Brive-la-Gaillarde;45.15;1.53;11/08/2026;08:00;21.9;0;SOLEIL;5;0;0
Brive-la-Gaillarde;45.15;1.53;11/08/2026;09:00;23.5;0;SOLEIL;5;0;0
Brive-la-Gaillarde;45.15;1.53;11/08/2026;10:00;25.2;0;SOLEIL;5;0;0
Brive-la-Gaillarde;45.15;1.53;11/08/2026;11:00;34.6;0;SOLEIL;3;0;0
Brive-la-Gaillarde;45.15;1.53;11/08/2026;12:00;34.6;0;SOLEIL;3;0;0
Brive-la-Gaillarde;45.15;1.53;11/08/2026;13:00;34.6;0;SOLEIL;3;0;0
Brive-la-Gaillarde;45.15;1.53;11/08/2026;14:00;31.9;0;SOLEIL;5;0;0
Brive-la-Gaillarde;45.15;1.53;11/08/2026;15:00;33.6;0;SOLEIL;5;0;0
Brive-la-Gaillarde;45.15;1.53;11/08/2026;16:00;31.9;0;SOLEIL;5;0;0
Brive-la-Gaillarde;45.15;1.53;11/08/2026;17:00;33.7;0;SOLEIL;2;0;0
Brive-la-Gaillarde;45.15;1.53;11/08/2026;18:00;33.7;0;SOLEIL;2;0;0
Brive-la-Gaillarde;45.15;1.53;11/08/2026;19:00;33.7;0;SOLEIL;2;0;0
Brive-la-Gaillarde;45.15;1.53;11/08/2026;20:00;25.2;0;SOLEIL;5;0;0
Brive-la-Gaillarde;45.15;1.53;11/08/2026;21:00;23.5;0;SOLEIL;5;0;0
Brive-la-Gaillarde;45.15;1.53;11/08/2026;22:00;21.9;0;SOLEIL;5;0;0
Brive-la-Gaillarde;45.15;1.53;11/08/2026;23:00;24.4;0;SOLEIL;3;0;0
Brive-la-Gaillarde;45.15;1.53;12/08/2026;00:00;24.4;0;SOLEIL;3;0;0
Brive-la-Gaillarde;45.15;1.53;12/08/2026;01:00;24.4;0;SOLEIL;3;0;0
Brive-la-Gaillarde;45.15;1.53;12/08/2026;02:00;19.6;0;SOLEIL;5;0;0
Brive-la-Gaillarde;45.15;1.53;12/08/2026;03:00;19.6;0;SOLEIL;5;0;0
Brive-la-Gaillarde;45.15;1.53;12/08/2026;04:00;19.6;0;SOLEIL;5;0;0
Brive-la-Gaillarde;45.15;1.53;12/08/2026;05:00;22.4;0;SOLEIL;3;0;0
Brive-la-Gaillarde;45.15;1.53;12/08/2026;06:00;22.4;0;SOLEIL;3;0;0
Brive-la-Gaillarde;45.15;1.53;12/08/2026;07:00;22.4;0;SOLEIL;3;0;0
Brive-la-Gaillarde;45.15;1.53;12/08/2026;08:00;23.4;0;SOLEIL;5;0;0
Brive-la-Gaillarde;45.15;1.53;12/08/2026;09:00;25.3;0;SOLEIL;5;0;0
Brive-la-Gaillarde;45.15;1.53;12/08/2026;10:00;27.2;0;SOLEIL;5;0;0
Brive-la-Gaillarde;45.15;1.53;12/08/2026;11:00;33.7;0;SOLEIL;3;0;0
Brive-la-Gaillarde;45.15;1.53;12/08/2026;12:00;33.7;0;SOLEIL;3;0;0
Brive-la-Gaillarde;45.15;1.53;12/08/2026;13:00;33.7;0;SOLEIL;3;0;0
Brive-la-Gaillarde;45.15;1.53;12/08/2026;14:00;34.8;0;SOLEIL;5;0;0
Brive-la-Gaillarde;45.15;1.53;12/08/2026;15:00;36.7;0;SOLEIL;5;0;0
Brive-la-Gaillarde;45.15;1.53;12/08/2026;16:00;34.8;0;SOLEIL;5;0;0
Brive-la-Gaillarde;45.15;1.53;12/08/2026;17:00;30.2;0;SOLEIL;4;0;0
Brive-la-Gaillarde;45.15;1.53;12/08/2026;18:00;30.2;0;SOLEIL;4;0;0
Brive-la-Gaillarde;45.15;1.53;12/08/2026;19:00;30.2;0;SOLEIL;4;0;0
Brive-la-Gaillarde;45.15;1.53;12/08/2026;20:00;27.2;0;SOLEIL;5;0;0
Brive-la-Gaillarde;45.15;1.53;12/08/2026;21:00;25.3;0;SOLEIL;5;0;0
Brive-la-Gaillarde;45.15;1.53;12/08/2026;22:00;23.4;0;SOLEIL;5;0;0
Brive-la-Gaillarde;45.15;1.53;12/08/2026;23:00;21.9;0;SOLEIL;3;0;0
Tulle;45.26;1.77;08/08/2026;00:00;20.7;0;SOLEIL;1;0;0
Tulle;45.26;1.77;08/08/2026;01:00;20.7;0;SOLEIL;1;0;0
Tulle;45.26;1.77;08/08/2026;02:00;16.2;0;SOLEIL;2;0;0
Tulle;45.26;1.77;08/08/2026;03:00;16.2;0;SOLEIL;2;0;0
Tulle;45.26;1.77;08/08/2026;04:00;16.2;0;SOLEIL;2;0;0
Tulle;45.26;1.77;08/08/2026;05:00;17.5;0;SOLEIL;2;0;0
Tulle;45.26;1.77;08/08/2026;06:00;17.5;0;SOLEIL;2;0;0
Tulle;45.26;1.77;08/08/2026;07:00;17.5;0;SOLEIL;2;0;0
Tulle;45.26;1.77;08/08/2026;08:00;28.9;0;SOLEIL;0;0;0
Tulle;45.26;1.77;08/08/2026;09:00;28.9;0;SOLEIL;0;0;0
Tulle;45.26;1.77;08/08/2026;10:00;28.9;0;SOLEIL;0;0;0
Tulle;45.26;1.77;08/08/2026;11:00;34.9;0;SOLEIL;2;0;0
Tulle;45.26;1.77;08/08/2026;12:00;34.9;0;SOLEIL;2;0;0
Tulle;45.26;1.77;08/08/2026;13:00;34.9;0;SOLEIL;2;0;0
Tulle;45.26;1.77;08/08/2026;14:00;37.4;0;SOLEIL;2;0;0
Tulle;45.26;1.77;08/08/2026;15:00;37.4;0;SOLEIL;2;0;0
Tulle;45.26;1.77;08/08/2026;16:00;37.4;0;SOLEIL;2;0;0
Tulle;45.26;1.77;08/08/2026;17:00;34.1;5;SOLEIL VOILÉ;3;0;0
Tulle;45.26;1.77;08/08/2026;18:00;34.1;5;SOLEIL VOILÉ;3;0;0
Tulle;45.26;1.77;08/08/2026;19:00;34.1;5;SOLEIL VOILÉ;3;0;0
Tulle;45.26;1.77;08/08/2026;20:00;27.2;5;SOLEIL VOILÉ;2;0;0
Tulle;45.26;1.77;08/08/2026;21:00;27.2;5;SOLEIL VOILÉ;2;0;0
Tulle;45.26;1.77;08/08/2026;22:00;27.2;5;SOLEIL VOILÉ;2;0;0
Tulle;45.26;1.77;08/08/2026;23:00;23.6;5;SOLEIL VOILÉ;0;0;0
Tulle;45.26;1.77;09/08/2026;00:00;23.6;5;SOLEIL VOILÉ;0;0;0
Tulle;45.26;1.77;09/08/2026;01:00;23.6;5;SOLEIL VOILÉ;0;0;0
Tulle;45.26;1.77;09/08/2026;02:00;22.4;5;SOLEIL VOILÉ;2;0;0
Tulle;45.26;1.77;09/08/2026;03:00;22.4;5;SOLEIL VOILÉ;2;0;0
Tulle;45.26;1.77;09/08/2026;04:00;22.4;5;SOLEIL VOILÉ;2;0;0
Tulle;45.26;1.77;09/08/2026;05:00;21.2;10;ORAGEUX;2;0;0
Tulle;45.26;1.77;09/08/2026;06:00;21.2;10;ORAGEUX;2;0;0
Tulle;45.26;1.77;09/08/2026;07:00;21.2;10;ORAGEUX;2;0;0
Tulle;45.26;1.77;09/08/2026;08:00;27.4;10;ORAGEUX;3;0;0
Tulle;45.26;1.77;09/08/2026;09:00;27.4;10;ORAGEUX;3;0;0
Tulle;45.26;1.77;09/08/2026;10:00;27.4;10;ORAGEUX;3;0;0
Tulle;45.26;1.77;09/08/2026;11:00;30.6;10;ORAGEUX;2;0;0
Tulle;45.26;1.77;09/08/2026;12:00;30.6;10;ORAGEUX;2;0;0
Tulle;45.26;1.77;09/08/2026;13:00;30.6;10;ORAGEUX;2;0;0
Tulle;45.26;1.77;09/08/2026;14:00;34;10;ORAGEUX;2;0;0
Tulle;45.26;1.77;09/08/2026;15:00;34;10;ORAGEUX;2;0;0
Tulle;45.26;1.77;09/08/2026;16:00;34;10;ORAGEUX;2;0;0
Tulle;45.26;1.77;09/08/2026;17:00;31.2;10;ORAGEUX;3;0;0
Tulle;45.26;1.77;09/08/2026;18:00;31.2;10;ORAGEUX;3;0;0
Tulle;45.26;1.77;09/08/2026;19:00;31.2;10;ORAGEUX;3;0;0
Tulle;45.26;1.77;09/08/2026;20:00;25.0;0;SOLEIL;5;0;0
Tulle;45.26;1.77;09/08/2026;21:00;22.4;0;SOLEIL;5;0;0
Tulle;45.26;1.77;09/08/2026;22:00;19.7;0;SOLEIL;5;0;0
Tulle;45.26;1.77;09/08/2026;23:00;21.4;10;ORAGEUX;1;0;0
Tulle;45.26;1.77;10/08/2026;00:00;21.4;10;ORAGEUX;1;0;0
Tulle;45.26;1.77;10/08/2026;01:00;21.4;10;ORAGEUX;1;0;0
Tulle;45.26;1.77;10/08/2026;02:00;20.4;10;ORAGEUX;5;0;0
Tulle;45.26;1.77;10/08/2026;03:00;20.4;10;ORAGEUX;5;0;0
Tulle;45.26;1.77;10/08/2026;04:00;20.4;10;ORAGEUX;5;0;0
Tulle;45.26;1.77;10/08/2026;05:00;20.6;0;SOLEIL;2;0;0
Tulle;45.26;1.77;10/08/2026;06:00;20.6;0;SOLEIL;2;0;0
Tulle;45.26;1.77;10/08/2026;07:00;20.6;0;SOLEIL;2;0;0
Tulle;45.26;1.77;10/08/2026;08:00;23.6;10;ORAGEUX;5;0;0
Tulle;45.26;1.77;10/08/2026;09:00;25.3;10;ORAGEUX;5;0;0
Tulle;45.26;1.77;10/08/2026;10:00;26.9;10;ORAGEUX;5;0;0
Tulle;45.26;1.77;10/08/2026;11:00;33;0;SOLEIL;2;0;0
Tulle;45.26;1.77;10/08/2026;12:00;33;0;SOLEIL;2;0;0
Tulle;45.26;1.77;10/08/2026;13:00;33;0;SOLEIL;2;0;0
Tulle;45.26;1.77;10/08/2026;14:00;33.4;10;ORAGEUX;5;0;0
Tulle;45.26;1.77;10/08/2026;15:00;35.0;10;ORAGEUX;5;0;0
Tulle;45.26;1.77;10/08/2026;16:00;33.4;10;ORAGEUX;5;0;0
Tulle;45.26;1.77;10/08/2026;17:00;33.4;6;AVERSES;2;0;0
Tulle;45.26;1.77;10/08/2026;18:00;33.4;6;AVERSES;2;0;0
Tulle;45.26;1.77;10/08/2026;19:00;33.4;6;AVERSES;2;0;0
Tulle;45.26;1.77;10/08/2026;20:00;26.9;10;ORAGEUX;5;0;0
Tulle;45.26;1.77;10/08/2026;21:00;25.3;10;ORAGEUX;5;0;0
Tulle;45.26;1.77;10/08/2026;22:00;23.6;10;ORAGEUX;5;0;0
Tulle;45.26;1.77;10/08/2026;23:00;23.1;0;SOLEIL;2;0;0
Tulle;45.26;1.77;11/08/2026;00:00;23.1;0;SOLEIL;2;0;0
Tulle;45.26;1.77;11/08/2026;01:00;23.1;0;SOLEIL;2;0;0
Tulle;45.26;1.77;11/08/2026;02:00;18.5;0;SOLEIL;5;0;0
Tulle;45.26;1.77;11/08/2026;03:00;18.5;0;SOLEIL;5;0;0
Tulle;45.26;1.77;11/08/2026;04:00;18.5;0;SOLEIL;5;0;0
Tulle;45.26;1.77;11/08/2026;05:00;20.2;0;SOLEIL;2;0;0
Tulle;45.26;1.77;11/08/2026;06:00;20.2;0;SOLEIL;2;0;0
Tulle;45.26;1.77;11/08/2026;07:00;20.2;0;SOLEIL;2;0;0
Tulle;45.26;1.77;11/08/2026;08:00;22.4;0;SOLEIL;5;0;0
Tulle;45.26;1.77;11/08/2026;09:00;24.3;0;SOLEIL;5;0;0
Tulle;45.26;1.77;11/08/2026;10:00;26.2;0;SOLEIL;5;0;0
Tulle;45.26;1.77;11/08/2026;11:00;36.2;0;SOLEIL;1;0;0
Tulle;45.26;1.77;11/08/2026;12:00;36.2;0;SOLEIL;1;0;0
Tulle;45.26;1.77;11/08/2026;13:00;36.2;0;SOLEIL;1;0;0
Tulle;45.26;1.77;11/08/2026;14:00;34.0;0;SOLEIL;5;0;0
Tulle;45.26;1.77;11/08/2026;15:00;35.9;0;SOLEIL;5;0;0
Tulle;45.26;1.77;11/08/2026;16:00;34.0;0;SOLEIL;5;0;0
Tulle;45.26;1.77;11/08/2026;17:00;35.6;0;SOLEIL;2;0;0
Tulle;45.26;1.77;11/08/2026;18:00;35.6;0;SOLEIL;2;0;0
Tulle;45.26;1.77;11/08/2026;19:00;35.6;0;SOLEIL;2;0;0
Tulle;45.26;1.77;11/08/2026;20:00;26.2;0;SOLEIL;5;0;0
Tulle;45.26;1.77;11/08/2026;21:00;24.3;0;SOLEIL;5;0;0
Tulle;45.26;1.77;11/08/2026;22:00;22.4;0;SOLEIL;5;0;0
Tulle;45.26;1.77;11/08/2026;23:00;23.9;0;SOLEIL;2;0;0
Tulle;45.26;1.77;12/08/2026;00:00;23.9;0;SOLEIL;2;0;0
Tulle;45.26;1.77;12/08/2026;01:00;23.9;0;SOLEIL;2;0;0
Tulle;45.26;1.77;12/08/2026;02:00;18.6;0;SOLEIL;5;0;0
Tulle;45.26;1.77;12/08/2026;03:00;18.6;0;SOLEIL;5;0;0
Tulle;45.26;1.77;12/08/2026;04:00;18.6;0;SOLEIL;5;0;0
Tulle;45.26;1.77;12/08/2026;05:00;21.4;0;SOLEIL;2;0;0
Tulle;45.26;1.77;12/08/2026;06:00;21.4;0;SOLEIL;2;0;0
Tulle;45.26;1.77;12/08/2026;07:00;21.4;0;SOLEIL;2;0;0
Tulle;45.26;1.77;12/08/2026;08:00;23.1;0;SOLEIL;5;0;0
Tulle;45.26;1.77;12/08/2026;09:00;25.4;0;SOLEIL;5;0;0
Tulle;45.26;1.77;12/08/2026;10:00;27.6;0;SOLEIL;5;0;0
Tulle;45.26;1.77;12/08/2026;11:00;37.2;0;SOLEIL;2;0;0
Tulle;45.26;1.77;12/08/2026;12:00;37.2;0;SOLEIL;2;0;0
Tulle;45.26;1.77;12/08/2026;13:00;37.2;0;SOLEIL;2;0;0
Tulle;45.26;1.77;12/08/2026;14:00;36.6;0;SOLEIL;5;0;0
Tulle;45.26;1.77;12/08/2026;15:00;38.9;0;SOLEIL;5;0;0
Tulle;45.26;1.77;12/08/2026;16:00;36.6;0;SOLEIL;5;0;0
Tulle;45.26;1.77;12/08/2026;17:00;35.6;0;SOLEIL;1;0;0
Tulle;45.26;1.77;12/08/2026;18:00;35.6;0;SOLEIL;1;0;0
Tulle;45.26;1.77;12/08/2026;19:00;35.6;0;SOLEIL;1;0;0
Tulle;45.26;1.77;12/08/2026;20:00;27.6;0;SOLEIL;5;0;0
Tulle;45.26;1.77;12/08/2026;21:00;25.4;0;SOLEIL;5;0;0
Tulle;45.26;1.77;12/08/2026;22:00;23.1;0;SOLEIL;5;0;0
Tulle;45.26;1.77;12/08/2026;23:00;24.9;0;SOLEIL;2;0;0
Guéret;46.17;1.87;08/08/2026;00:00;17.5;0;SOLEIL;1;0;0
Guéret;46.17;1.87;08/08/2026;01:00;17.5;0;SOLEIL;1;0;0
Guéret;46.17;1.87;08/08/2026;02:00;14.6;0;SOLEIL;2;0;0
Guéret;46.17;1.87;08/08/2026;03:00;14.6;0;SOLEIL;2;0;0
Guéret;46.17;1.87;08/08/2026;04:00;14.6;0;SOLEIL;2;0;0
Guéret;46.17;1.87;08/08/2026;05:00;15;0;SOLEIL;3;0;0
Guéret;46.17;1.87;08/08/2026;06:00;15;0;SOLEIL;3;0;0
Guéret;46.17;1.87;08/08/2026;07:00;15;0;SOLEIL;3;0;0
Guéret;46.17;1.87;08/08/2026;08:00;28;0;SOLEIL;1;0;0
Guéret;46.17;1.87;08/08/2026;09:00;28;0;SOLEIL;1;0;0
Guéret;46.17;1.87;08/08/2026;10:00;28;0;SOLEIL;1;0;0
Guéret;46.17;1.87;08/08/2026;11:00;33;0;SOLEIL;1;0;0
Guéret;46.17;1.87;08/08/2026;12:00;33;0;SOLEIL;1;0;0
Guéret;46.17;1.87;08/08/2026;13:00;33;0;SOLEIL;1;0;0
Guéret;46.17;1.87;08/08/2026;14:00;35.2;0;SOLEIL;1;0;0
Guéret;46.17;1.87;08/08/2026;15:00;35.2;0;SOLEIL;1;0;0
Guéret;46.17;1.87;08/08/2026;16:00;35.2;0;SOLEIL;1;0;0
Guéret;46.17;1.87;08/08/2026;17:00;31;5;SOLEIL VOILÉ;1;0;0
Guéret;46.17;1.87;08/08/2026;18:00;31;5;SOLEIL VOILÉ;1;0;0
Guéret;46.17;1.87;08/08/2026;19:00;31;5;SOLEIL VOILÉ;1;0;0
Guéret;46.17;1.87;08/08/2026;20:00;23;0;SOLEIL;2;0;0
Guéret;46.17;1.87;08/08/2026;21:00;23;0;SOLEIL;2;0;0
Guéret;46.17;1.87;08/08/2026;22:00;23;0;SOLEIL;2;0;0
Guéret;46.17;1.87;08/08/2026;23:00;19.6;5;SOLEIL VOILÉ;2;0;0
Guéret;46.17;1.87;09/08/2026;00:00;19.6;5;SOLEIL VOILÉ;2;0;0
Guéret;46.17;1.87;09/08/2026;01:00;19.6;5;SOLEIL VOILÉ;2;0;0
Guéret;46.17;1.87;09/08/2026;02:00;17.9;5;SOLEIL VOILÉ;2;0;0
Guéret;46.17;1.87;09/08/2026;03:00;17.9;5;SOLEIL VOILÉ;2;0;0
Guéret;46.17;1.87;09/08/2026;04:00;17.9;5;SOLEIL VOILÉ;2;0;0
Guéret;46.17;1.87;09/08/2026;05:00;18.7;10;ORAGEUX;2;0;0
Guéret;46.17;1.87;09/08/2026;06:00;18.7;10;ORAGEUX;2;0;0
Guéret;46.17;1.87;09/08/2026;07:00;18.7;10;ORAGEUX;2;0;0
Guéret;46.17;1.87;09/08/2026;08:00;26.6;10;ORAGEUX;3;0;0
Guéret;46.17;1.87;09/08/2026;09:00;26.6;10;ORAGEUX;3;0;0
Guéret;46.17;1.87;09/08/2026;10:00;26.6;10;ORAGEUX;3;0;0
Guéret;46.17;1.87;09/08/2026;11:00;30.5;10;ORAGEUX;2;0;0
Guéret;46.17;1.87;09/08/2026;12:00;30.5;10;ORAGEUX;2;0;0
Guéret;46.17;1.87;09/08/2026;13:00;30.5;10;ORAGEUX;2;0;0
Guéret;46.17;1.87;09/08/2026;14:00;32.7;0;SOLEIL;2;0;0
Guéret;46.17;1.87;09/08/2026;15:00;32.7;0;SOLEIL;2;0;0
Guéret;46.17;1.87;09/08/2026;16:00;32.7;0;SOLEIL;2;0;0
Guéret;46.17;1.87;09/08/2026;17:00;27.2;10;ORAGEUX;3;0;0
Guéret;46.17;1.87;09/08/2026;18:00;27.2;10;ORAGEUX;3;0;0
Guéret;46.17;1.87;09/08/2026;19:00;27.2;10;ORAGEUX;3;0;0
Guéret;46.17;1.87;09/08/2026;20:00;23.2;0;SOLEIL;5;0;0
Guéret;46.17;1.87;09/08/2026;21:00;20.7;0;SOLEIL;5;0;0
Guéret;46.17;1.87;09/08/2026;22:00;18.1;0;SOLEIL;5;0;0
Guéret;46.17;1.87;09/08/2026;23:00;17.9;10;ORAGEUX;1;0;0
Guéret;46.17;1.87;10/08/2026;00:00;17.9;10;ORAGEUX;1;0;0
Guéret;46.17;1.87;10/08/2026;01:00;17.9;10;ORAGEUX;1;0;0
Guéret;46.17;1.87;10/08/2026;02:00;17.9;10;ORAGEUX;5;0;0
Guéret;46.17;1.87;10/08/2026;03:00;17.9;10;ORAGEUX;5;0;0
Guéret;46.17;1.87;10/08/2026;04:00;17.9;10;ORAGEUX;5;0;0
Guéret;46.17;1.87;10/08/2026;05:00;18.2;0;SOLEIL;2;0;0
Guéret;46.17;1.87;10/08/2026;06:00;18.2;0;SOLEIL;2;0;0
Guéret;46.17;1.87;10/08/2026;07:00;18.2;0;SOLEIL;2;0;0
Guéret;46.17;1.87;10/08/2026;08:00;21.4;10;ORAGEUX;5;0;0
Guéret;46.17;1.87;10/08/2026;09:00;23.1;10;ORAGEUX;5;0;0
Guéret;46.17;1.87;10/08/2026;10:00;24.9;10;ORAGEUX;5;0;0
Guéret;46.17;1.87;10/08/2026;11:00;32.1;6;AVERSES;2;0;0
Guéret;46.17;1.87;10/08/2026;12:00;32.1;6;AVERSES;2;0;0
Guéret;46.17;1.87;10/08/2026;13:00;32.1;6;AVERSES;2;0;0
Guéret;46.17;1.87;10/08/2026;14:00;31.9;10;ORAGEUX;5;0;0
Guéret;46.17;1.87;10/08/2026;15:00;33.6;10;ORAGEUX;5;0;0
Guéret;46.17;1.87;10/08/2026;16:00;31.9;10;ORAGEUX;5;0;0
Guéret;46.17;1.87;10/08/2026;17:00;27.9;6;AVERSES;2;0;0
Guéret;46.17;1.87;10/08/2026;18:00;27.9;6;AVERSES;2;0;0
Guéret;46.17;1.87;10/08/2026;19:00;27.9;6;AVERSES;2;0;0
Guéret;46.17;1.87;10/08/2026;20:00;24.9;10;ORAGEUX;5;0;0
Guéret;46.17;1.87;10/08/2026;21:00;23.1;10;ORAGEUX;5;0;0
Guéret;46.17;1.87;10/08/2026;22:00;21.4;10;ORAGEUX;5;0;0
Guéret;46.17;1.87;10/08/2026;23:00;20.1;0;SOLEIL;3;0;0
Guéret;46.17;1.87;11/08/2026;00:00;20.1;0;SOLEIL;3;0;0
Guéret;46.17;1.87;11/08/2026;01:00;20.1;0;SOLEIL;3;0;0
Guéret;46.17;1.87;11/08/2026;02:00;16.6;6;AVERSES;5;0;0
Guéret;46.17;1.87;11/08/2026;03:00;16.6;6;AVERSES;5;0;0
Guéret;46.17;1.87;11/08/2026;04:00;16.6;6;AVERSES;5;0;0
Guéret;46.17;1.87;11/08/2026;05:00;18.1;0;SOLEIL;3;0;0
Guéret;46.17;1.87;11/08/2026;06:00;18.1;0;SOLEIL;3;0;0
Guéret;46.17;1.87;11/08/2026;07:00;18.1;0;SOLEIL;3;0;0
Guéret;46.17;1.87;11/08/2026;08:00;20.6;6;AVERSES;5;0;0
Guéret;46.17;1.87;11/08/2026;09:00;22.6;6;AVERSES;5;0;0
Guéret;46.17;1.87;11/08/2026;10:00;24.6;6;AVERSES;5;0;0
Guéret;46.17;1.87;11/08/2026;11:00;35.1;0;SOLEIL;1;0;0
Guéret;46.17;1.87;11/08/2026;12:00;35.1;0;SOLEIL;1;0;0
Guéret;46.17;1.87;11/08/2026;13:00;35.1;0;SOLEIL;1;0;0
Guéret;46.17;1.87;11/08/2026;14:00;32.5;6;AVERSES;5;0;0
Guéret;46.17;1.87;11/08/2026;15:00;34.5;6;AVERSES;5;0;0
Guéret;46.17;1.87;11/08/2026;16:00;32.5;6;AVERSES;5;0;0
Guéret;46.17;1.87;11/08/2026;17:00;29.5;0;SOLEIL;1;0;0
Guéret;46.17;1.87;11/08/2026;18:00;29.5;0;SOLEIL;1;0;0
Guéret;46.17;1.87;11/08/2026;19:00;29.5;0;SOLEIL;1;0;0
Guéret;46.17;1.87;11/08/2026;20:00;24.6;6;AVERSES;5;0;0
Guéret;46.17;1.87;11/08/2026;21:00;22.6;6;AVERSES;5;0;0
Guéret;46.17;1.87;11/08/2026;22:00;20.6;6;AVERSES;5;0;0
Guéret;46.17;1.87;11/08/2026;23:00;20.6;0;SOLEIL;3;0;0
Guéret;46.17;1.87;12/08/2026;00:00;20.6;0;SOLEIL;3;0;0
Guéret;46.17;1.87;12/08/2026;01:00;20.6;0;SOLEIL;3;0;0
Guéret;46.17;1.87;12/08/2026;02:00;16.6;0;SOLEIL;5;0;0
Guéret;46.17;1.87;12/08/2026;03:00;16.6;0;SOLEIL;5;0;0
Guéret;46.17;1.87;12/08/2026;04:00;16.6;0;SOLEIL;5;0;0
Guéret;46.17;1.87;12/08/2026;05:00;19;0;SOLEIL;3;0;0
Guéret;46.17;1.87;12/08/2026;06:00;19;0;SOLEIL;3;0;0
Guéret;46.17;1.87;12/08/2026;07:00;19;0;SOLEIL;3;0;0
Guéret;46.17;1.87;12/08/2026;08:00;21.2;0;SOLEIL;5;0;0
Guéret;46.17;1.87;12/08/2026;09:00;23.4;0;SOLEIL;5;0;0
Guéret;46.17;1.87;12/08/2026;10:00;25.7;0;SOLEIL;5;0;0
Guéret;46.17;1.87;12/08/2026;11:00;35.7;0;SOLEIL;2;0;0
Guéret;46.17;1.87;12/08/2026;12:00;35.7;0;SOLEIL;2;0;0
Guéret;46.17;1.87;12/08/2026;13:00;35.7;0;SOLEIL;2;0;0
Guéret;46.17;1.87;12/08/2026;14:00;34.8;0;SOLEIL;5;0;0
Guéret;46.17;1.87;12/08/2026;15:00;37.1;0;SOLEIL;5;0;0
Guéret;46.17;1.87;12/08/2026;16:00;34.8;0;SOLEIL;5;0;0
Guéret;46.17;1.87;12/08/2026;17:00;30;0;SOLEIL;1;0;0
Guéret;46.17;1.87;12/08/2026;18:00;30;0;SOLEIL;1;0;0
Guéret;46.17;1.87;12/08/2026;19:00;30;0;SOLEIL;1;0;0
Guéret;46.17;1.87;12/08/2026;20:00;25.7;0;SOLEIL;5;0;0
Guéret;46.17;1.87;12/08/2026;21:00;23.4;0;SOLEIL;5;0;0
Guéret;46.17;1.87;12/08/2026;22:00;21.2;0;SOLEIL;5;0;0
Guéret;46.17;1.87;12/08/2026;23:00;21.1;0;SOLEIL;2;0;0
Périgueux;45.18;0.72;08/08/2026;00:00;17.1;0;SOLEIL;2;0;0
Périgueux;45.18;0.72;08/08/2026;01:00;17.1;0;SOLEIL;2;0;0
Périgueux;45.18;0.72;08/08/2026;02:00;15.6;0;SOLEIL;2;0;0
Périgueux;45.18;0.72;08/08/2026;03:00;15.6;0;SOLEIL;2;0;0
Périgueux;45.18;0.72;08/08/2026;04:00;15.6;0;SOLEIL;2;0;0
Périgueux;45.18;0.72;08/08/2026;05:00;17.9;0;SOLEIL;3;0;0
Périgueux;45.18;0.72;08/08/2026;06:00;17.9;0;SOLEIL;3;0;0
Périgueux;45.18;0.72;08/08/2026;07:00;17.9;0;SOLEIL;3;0;0
Périgueux;45.18;0.72;08/08/2026;08:00;26;0;SOLEIL;2;0;0
Périgueux;45.18;0.72;08/08/2026;09:00;26;0;SOLEIL;2;0;0
Périgueux;45.18;0.72;08/08/2026;10:00;26;0;SOLEIL;2;0;0
Périgueux;45.18;0.72;08/08/2026;11:00;30.6;0;SOLEIL;2;0;0
Périgueux;45.18;0.72;08/08/2026;12:00;30.6;0;SOLEIL;2;0;0
Périgueux;45.18;0.72;08/08/2026;13:00;30.6;0;SOLEIL;2;0;0
Périgueux;45.18;0.72;08/08/2026;14:00;33.6;0;SOLEIL;2;0;0
Périgueux;45.18;0.72;08/08/2026;15:00;33.6;0;SOLEIL;2;0;0
Périgueux;45.18;0.72;08/08/2026;16:00;33.6;0;SOLEIL;2;0;0
Périgueux;45.18;0.72;08/08/2026;17:00;30.7;0;SOLEIL;2;0;0
Périgueux;45.18;0.72;08/08/2026;18:00;30.7;0;SOLEIL;2;0;0
Périgueux;45.18;0.72;08/08/2026;19:00;30.7;0;SOLEIL;2;0;0
Périgueux;45.18;0.72;08/08/2026;20:00;21.6;0;SOLEIL;2;0;0
Périgueux;45.18;0.72;08/08/2026;21:00;21.6;0;SOLEIL;2;0;0
Périgueux;45.18;0.72;08/08/2026;22:00;21.6;0;SOLEIL;2;0;0
Périgueux;45.18;0.72;08/08/2026;23:00;19.1;5;SOLEIL VOILÉ;2;0;0
Périgueux;45.18;0.72;09/08/2026;00:00;19.1;5;SOLEIL VOILÉ;2;0;0
Périgueux;45.18;0.72;09/08/2026;01:00;19.1;5;SOLEIL VOILÉ;2;0;0
Périgueux;45.18;0.72;09/08/2026;02:00;19.2;5;SOLEIL VOILÉ;2;0;0
Périgueux;45.18;0.72;09/08/2026;03:00;19.2;5;SOLEIL VOILÉ;2;0;0
Périgueux;45.18;0.72;09/08/2026;04:00;19.2;5;SOLEIL VOILÉ;2;0;0
Périgueux;45.18;0.72;09/08/2026;05:00;20.6;5;SOLEIL VOILÉ;2;0;0
Périgueux;45.18;0.72;09/08/2026;06:00;20.6;5;SOLEIL VOILÉ;2;0;0
Périgueux;45.18;0.72;09/08/2026;07:00;20.6;5;SOLEIL VOILÉ;2;0;0
Périgueux;45.18;0.72;09/08/2026;08:00;23.1;10;ORAGEUX;3;0;0
Périgueux;45.18;0.72;09/08/2026;09:00;23.1;10;ORAGEUX;3;0;0
Périgueux;45.18;0.72;09/08/2026;10:00;23.1;10;ORAGEUX;3;0;0
Périgueux;45.18;0.72;09/08/2026;11:00;30.2;10;ORAGEUX;4;0;0
Périgueux;45.18;0.72;09/08/2026;12:00;30.2;10;ORAGEUX;4;0;0
Périgueux;45.18;0.72;09/08/2026;13:00;30.2;10;ORAGEUX;4;0;0
Périgueux;45.18;0.72;09/08/2026;14:00;30.1;10;ORAGEUX;2;0;0
Périgueux;45.18;0.72;09/08/2026;15:00;30.1;10;ORAGEUX;2;0;0
Périgueux;45.18;0.72;09/08/2026;16:00;30.1;10;ORAGEUX;2;0;0
Périgueux;45.18;0.72;09/08/2026;17:00;26.7;5;SOLEIL VOILÉ;3;0;0
Périgueux;45.18;0.72;09/08/2026;18:00;26.7;5;SOLEIL VOILÉ;3;0;0
Périgueux;45.18;0.72;09/08/2026;19:00;26.7;5;SOLEIL VOILÉ;3;0;0
Périgueux;45.18;0.72;09/08/2026;20:00;23.3;0;SOLEIL;5;0;0
Périgueux;45.18;0.72;09/08/2026;21:00;21.1;0;SOLEIL;5;0;0
Périgueux;45.18;0.72;09/08/2026;22:00;18.9;0;SOLEIL;5;0;0
Périgueux;45.18;0.72;09/08/2026;23:00;17.9;0;SOLEIL;2;0;0
Périgueux;45.18;0.72;10/08/2026;00:00;17.9;0;SOLEIL;2;0;0
Périgueux;45.18;0.72;10/08/2026;01:00;17.9;0;SOLEIL;2;0;0
Périgueux;45.18;0.72;10/08/2026;02:00;18.5;10;ORAGEUX;5;0;0
Périgueux;45.18;0.72;10/08/2026;03:00;18.5;10;ORAGEUX;5;0;0
Périgueux;45.18;0.72;10/08/2026;04:00;18.5;10;ORAGEUX;5;0;0
Périgueux;45.18;0.72;10/08/2026;05:00;20.1;0;SOLEIL;2;0;0
Périgueux;45.18;0.72;10/08/2026;06:00;20.1;0;SOLEIL;2;0;0
Périgueux;45.18;0.72;10/08/2026;07:00;20.1;0;SOLEIL;2;0;0
Périgueux;45.18;0.72;10/08/2026;08:00;21.3;10;ORAGEUX;5;0;0
Périgueux;45.18;0.72;10/08/2026;09:00;22.7;10;ORAGEUX;5;0;0
Périgueux;45.18;0.72;10/08/2026;10:00;24.1;10;ORAGEUX;5;0;0
Périgueux;45.18;0.72;10/08/2026;11:00;30.1;0;SOLEIL;2;0;0
Périgueux;45.18;0.72;10/08/2026;12:00;30.1;0;SOLEIL;2;0;0
Périgueux;45.18;0.72;10/08/2026;13:00;30.1;0;SOLEIL;2;0;0
Périgueux;45.18;0.72;10/08/2026;14:00;29.7;10;ORAGEUX;5;0;0
Périgueux;45.18;0.72;10/08/2026;15:00;31.1;10;ORAGEUX;5;0;0
Périgueux;45.18;0.72;10/08/2026;16:00;29.7;10;ORAGEUX;5;0;0
Périgueux;45.18;0.72;10/08/2026;17:00;28.6;6;AVERSES;3;0;0
Périgueux;45.18;0.72;10/08/2026;18:00;28.6;6;AVERSES;3;0;0
Périgueux;45.18;0.72;10/08/2026;19:00;28.6;6;AVERSES;3;0;0
Périgueux;45.18;0.72;10/08/2026;20:00;24.1;10;ORAGEUX;5;0;0
Périgueux;45.18;0.72;10/08/2026;21:00;22.7;10;ORAGEUX;5;0;0
Périgueux;45.18;0.72;10/08/2026;22:00;21.3;10;ORAGEUX;5;0;0
Périgueux;45.18;0.72;10/08/2026;23:00;20.5;0;SOLEIL;2;0;0
Périgueux;45.18;0.72;11/08/2026;00:00;20.5;0;SOLEIL;2;0;0
Périgueux;45.18;0.72;11/08/2026;01:00;20.5;0;SOLEIL;2;0;0
Périgueux;45.18;0.72;11/08/2026;02:00;15.7;0;SOLEIL;5;0;0
Périgueux;45.18;0.72;11/08/2026;03:00;15.7;0;SOLEIL;5;0;0
Périgueux;45.18;0.72;11/08/2026;04:00;15.7;0;SOLEIL;5;0;0
Périgueux;45.18;0.72;11/08/2026;05:00;19.9;0;SOLEIL;3;0;0
Périgueux;45.18;0.72;11/08/2026;06:00;19.9;0;SOLEIL;3;0;0
Périgueux;45.18;0.72;11/08/2026;07:00;19.9;0;SOLEIL;3;0;0
Périgueux;45.18;0.72;11/08/2026;08:00;19.2;0;SOLEIL;5;0;0
Périgueux;45.18;0.72;11/08/2026;09:00;21.0;0;SOLEIL;5;0;0
Périgueux;45.18;0.72;11/08/2026;10:00;22.8;0;SOLEIL;5;0;0
Périgueux;45.18;0.72;11/08/2026;11:00;32.6;0;SOLEIL;3;0;0
Périgueux;45.18;0.72;11/08/2026;12:00;32.6;0;SOLEIL;3;0;0
Périgueux;45.18;0.72;11/08/2026;13:00;32.6;0;SOLEIL;3;0;0
Périgueux;45.18;0.72;11/08/2026;14:00;29.8;0;SOLEIL;5;0;0
Périgueux;45.18;0.72;11/08/2026;15:00;31.6;0;SOLEIL;5;0;0
Périgueux;45.18;0.72;11/08/2026;16:00;29.8;0;SOLEIL;5;0;0
Périgueux;45.18;0.72;11/08/2026;17:00;31.6;0;SOLEIL;3;0;0
Périgueux;45.18;0.72;11/08/2026;18:00;31.6;0;SOLEIL;3;0;0
Périgueux;45.18;0.72;11/08/2026;19:00;31.6;0;SOLEIL;3;0;0
Périgueux;45.18;0.72;11/08/2026;20:00;22.8;0;SOLEIL;5;0;0
Périgueux;45.18;0.72;11/08/2026;21:00;21.0;0;SOLEIL;5;0;0
Périgueux;45.18;0.72;11/08/2026;22:00;19.2;0;SOLEIL;5;0;0
Périgueux;45.18;0.72;11/08/2026;23:00;22.4;0;SOLEIL;3;0;0
Périgueux;45.18;0.72;12/08/2026;00:00;22.4;0;SOLEIL;3;0;0
Périgueux;45.18;0.72;12/08/2026;01:00;22.4;0;SOLEIL;3;0;0
Périgueux;45.18;0.72;12/08/2026;02:00;17.6;0;SOLEIL;5;0;0
Périgueux;45.18;0.72;12/08/2026;03:00;17.6;0;SOLEIL;5;0;0
Périgueux;45.18;0.72;12/08/2026;04:00;17.6;0;SOLEIL;5;0;0
Périgueux;45.18;0.72;12/08/2026;05:00;20.6;0;SOLEIL;3;0;0
Périgueux;45.18;0.72;12/08/2026;06:00;20.6;0;SOLEIL;3;0;0
Périgueux;45.18;0.72;12/08/2026;07:00;20.6;0;SOLEIL;3;0;0
Périgueux;45.18;0.72;12/08/2026;08:00;21.4;0;SOLEIL;5;0;0
Périgueux;45.18;0.72;12/08/2026;09:00;23.3;0;SOLEIL;5;0;0
Périgueux;45.18;0.72;12/08/2026;10:00;25.2;0;SOLEIL;5;0;0
Périgueux;45.18;0.72;12/08/2026;11:00;32.1;0;SOLEIL;2;0;0
Périgueux;45.18;0.72;12/08/2026;12:00;32.1;0;SOLEIL;2;0;0
Périgueux;45.18;0.72;12/08/2026;13:00;32.1;0;SOLEIL;2;0;0
Périgueux;45.18;0.72;12/08/2026;14:00;32.7;0;SOLEIL;5;0;0
Périgueux;45.18;0.72;12/08/2026;15:00;34.6;0;SOLEIL;5;0;0
Périgueux;45.18;0.72;12/08/2026;16:00;32.7;0;SOLEIL;5;0;0
Périgueux;45.18;0.72;12/08/2026;17:00;33.1;0;SOLEIL;2;0;0
Périgueux;45.18;0.72;12/08/2026;18:00;33.1;0;SOLEIL;2;0;0
Périgueux;45.18;0.72;12/08/2026;19:00;33.1;0;SOLEIL;2;0;0
Périgueux;45.18;0.72;12/08/2026;20:00;25.2;0;SOLEIL;5;0;0
Périgueux;45.18;0.72;12/08/2026;21:00;23.3;0;SOLEIL;5;0;0
Périgueux;45.18;0.72;12/08/2026;22:00;21.4;0;SOLEIL;5;0;0
Périgueux;45.18;0.72;12/08/2026;23:00;23;0;SOLEIL;2;0;0
Bordeaux;44.83;-0.57;08/08/2026;00:00;19.9;0;SOLEIL;2;0;0
Bordeaux;44.83;-0.57;08/08/2026;01:00;19.9;0;SOLEIL;2;0;0
Bordeaux;44.83;-0.57;08/08/2026;02:00;16;0;SOLEIL;2;0;0
Bordeaux;44.83;-0.57;08/08/2026;03:00;16;0;SOLEIL;2;0;0
Bordeaux;44.83;-0.57;08/08/2026;04:00;16;0;SOLEIL;2;0;0
Bordeaux;44.83;-0.57;08/08/2026;05:00;16.1;0;SOLEIL;2;0;0
Bordeaux;44.83;-0.57;08/08/2026;06:00;16.1;0;SOLEIL;2;0;0
Bordeaux;44.83;-0.57;08/08/2026;07:00;16.1;0;SOLEIL;2;0;0
Bordeaux;44.83;-0.57;08/08/2026;08:00;27.1;0;SOLEIL;2;0;0
Bordeaux;44.83;-0.57;08/08/2026;09:00;27.1;0;SOLEIL;2;0;0
Bordeaux;44.83;-0.57;08/08/2026;10:00;27.1;0;SOLEIL;2;0;0
Bordeaux;44.83;-0.57;08/08/2026;11:00;33.1;0;SOLEIL;1;0;0
Bordeaux;44.83;-0.57;08/08/2026;12:00;33.1;0;SOLEIL;1;0;0
Bordeaux;44.83;-0.57;08/08/2026;13:00;33.1;0;SOLEIL;1;0;0
Bordeaux;44.83;-0.57;08/08/2026;14:00;35.9;0;SOLEIL;0;0;0
Bordeaux;44.83;-0.57;08/08/2026;15:00;35.9;0;SOLEIL;0;0;0
Bordeaux;44.83;-0.57;08/08/2026;16:00;35.9;0;SOLEIL;0;0;0
Bordeaux;44.83;-0.57;08/08/2026;17:00;34.1;0;SOLEIL;2;0;0
Bordeaux;44.83;-0.57;08/08/2026;18:00;34.1;0;SOLEIL;2;0;0
Bordeaux;44.83;-0.57;08/08/2026;19:00;34.1;0;SOLEIL;2;0;0
Bordeaux;44.83;-0.57;08/08/2026;20:00;26.6;0;SOLEIL;0;0;0
Bordeaux;44.83;-0.57;08/08/2026;21:00;26.6;0;SOLEIL;0;0;0
Bordeaux;44.83;-0.57;08/08/2026;22:00;26.6;0;SOLEIL;0;0;0
Bordeaux;44.83;-0.57;08/08/2026;23:00;23.9;5;SOLEIL VOILÉ;2;0;0
Bordeaux;44.83;-0.57;09/08/2026;00:00;23.9;5;SOLEIL VOILÉ;2;0;0
Bordeaux;44.83;-0.57;09/08/2026;01:00;23.9;5;SOLEIL VOILÉ;2;0;0
Bordeaux;44.83;-0.57;09/08/2026;02:00;21.7;10;ORAGEUX;2;0;0
Bordeaux;44.83;-0.57;09/08/2026;03:00;21.7;10;ORAGEUX;2;0;0
Bordeaux;44.83;-0.57;09/08/2026;04:00;21.7;10;ORAGEUX;2;0;0
Bordeaux;44.83;-0.57;09/08/2026;05:00;21.1;10;ORAGEUX;2;0;0
Bordeaux;44.83;-0.57;09/08/2026;06:00;21.1;10;ORAGEUX;2;0;0
Bordeaux;44.83;-0.57;09/08/2026;07:00;21.1;10;ORAGEUX;2;0;0
Bordeaux;44.83;-0.57;09/08/2026;08:00;26.9;10;ORAGEUX;2;0;0
Bordeaux;44.83;-0.57;09/08/2026;09:00;26.9;10;ORAGEUX;2;0;0
Bordeaux;44.83;-0.57;09/08/2026;10:00;26.9;10;ORAGEUX;2;0;0
Bordeaux;44.83;-0.57;09/08/2026;11:00;31.2;10;ORAGEUX;2;0;0
Bordeaux;44.83;-0.57;09/08/2026;12:00;31.2;10;ORAGEUX;2;0;0
Bordeaux;44.83;-0.57;09/08/2026;13:00;31.2;10;ORAGEUX;2;0;0
Bordeaux;44.83;-0.57;09/08/2026;14:00;33.1;10;ORAGEUX;2;0;0
Bordeaux;44.83;-0.57;09/08/2026;15:00;33.1;10;ORAGEUX;2;0;0
Bordeaux;44.83;-0.57;09/08/2026;16:00;33.1;10;ORAGEUX;2;0;0
Bordeaux;44.83;-0.57;09/08/2026;17:00;29.5;10;ORAGEUX;2;0;0
Bordeaux;44.83;-0.57;09/08/2026;18:00;29.5;10;ORAGEUX;2;0;0
Bordeaux;44.83;-0.57;09/08/2026;19:00;29.5;10;ORAGEUX;2;0;0
Bordeaux;44.83;-0.57;09/08/2026;20:00;24.4;0;SOLEIL;5;0;0
Bordeaux;44.83;-0.57;09/08/2026;21:00;21.8;0;SOLEIL;5;0;0
Bordeaux;44.83;-0.57;09/08/2026;22:00;19.2;0;SOLEIL;5;0;0
Bordeaux;44.83;-0.57;09/08/2026;23:00;20.6;0;SOLEIL;1;0;0
Bordeaux;44.83;-0.57;10/08/2026;00:00;20.6;0;SOLEIL;1;0;0
Bordeaux;44.83;-0.57;10/08/2026;01:00;20.6;0;SOLEIL;1;0;0
Bordeaux;44.83;-0.57;10/08/2026;02:00;20;10;ORAGEUX;5;0;0
Bordeaux;44.83;-0.57;10/08/2026;03:00;20;10;ORAGEUX;5;0;0
Bordeaux;44.83;-0.57;10/08/2026;04:00;20;10;ORAGEUX;5;0;0
Bordeaux;44.83;-0.57;10/08/2026;05:00;20;0;SOLEIL;2;0;0
Bordeaux;44.83;-0.57;10/08/2026;06:00;20;0;SOLEIL;2;0;0
Bordeaux;44.83;-0.57;10/08/2026;07:00;20;0;SOLEIL;2;0;0
Bordeaux;44.83;-0.57;10/08/2026;08:00;23.2;10;ORAGEUX;5;0;0
Bordeaux;44.83;-0.57;10/08/2026;09:00;24.9;10;ORAGEUX;5;0;0
Bordeaux;44.83;-0.57;10/08/2026;10:00;26.5;10;ORAGEUX;5;0;0
Bordeaux;44.83;-0.57;10/08/2026;11:00;32.5;0;SOLEIL;2;0;0
Bordeaux;44.83;-0.57;10/08/2026;12:00;32.5;0;SOLEIL;2;0;0
Bordeaux;44.83;-0.57;10/08/2026;13:00;32.5;0;SOLEIL;2;0;0
Bordeaux;44.83;-0.57;10/08/2026;14:00;33.0;10;ORAGEUX;5;0;0
Bordeaux;44.83;-0.57;10/08/2026;15:00;34.6;10;ORAGEUX;5;0;0
Bordeaux;44.83;-0.57;10/08/2026;16:00;33.0;10;ORAGEUX;5;0;0
Bordeaux;44.83;-0.57;10/08/2026;17:00;32.7;0;SOLEIL;2;0;0
Bordeaux;44.83;-0.57;10/08/2026;18:00;32.7;0;SOLEIL;2;0;0
Bordeaux;44.83;-0.57;10/08/2026;19:00;32.7;0;SOLEIL;2;0;0
Bordeaux;44.83;-0.57;10/08/2026;20:00;26.5;10;ORAGEUX;5;0;0
Bordeaux;44.83;-0.57;10/08/2026;21:00;24.9;10;ORAGEUX;5;0;0
Bordeaux;44.83;-0.57;10/08/2026;22:00;23.2;10;ORAGEUX;5;0;0
Bordeaux;44.83;-0.57;10/08/2026;23:00;23;0;SOLEIL;2;0;0
Bordeaux;44.83;-0.57;11/08/2026;00:00;23;0;SOLEIL;2;0;0
Bordeaux;44.83;-0.57;11/08/2026;01:00;23;0;SOLEIL;2;0;0
Bordeaux;44.83;-0.57;11/08/2026;02:00;19;0;SOLEIL;5;0;0
Bordeaux;44.83;-0.57;11/08/2026;03:00;19;0;SOLEIL;5;0;0
Bordeaux;44.83;-0.57;11/08/2026;04:00;19;0;SOLEIL;5;0;0
Bordeaux;44.83;-0.57;11/08/2026;05:00;19.7;0;SOLEIL;2;0;0
Bordeaux;44.83;-0.57;11/08/2026;06:00;19.7;0;SOLEIL;2;0;0
Bordeaux;44.83;-0.57;11/08/2026;07:00;19.7;0;SOLEIL;2;0;0
Bordeaux;44.83;-0.57;11/08/2026;08:00;22.6;0;SOLEIL;5;0;0
Bordeaux;44.83;-0.57;11/08/2026;09:00;24.5;0;SOLEIL;5;0;0
Bordeaux;44.83;-0.57;11/08/2026;10:00;26.3;0;SOLEIL;5;0;0
Bordeaux;44.83;-0.57;11/08/2026;11:00;36.1;0;SOLEIL;1;0;0
Bordeaux;44.83;-0.57;11/08/2026;12:00;36.1;0;SOLEIL;1;0;0
Bordeaux;44.83;-0.57;11/08/2026;13:00;36.1;0;SOLEIL;1;0;0
Bordeaux;44.83;-0.57;11/08/2026;14:00;33.6;0;SOLEIL;5;0;0
Bordeaux;44.83;-0.57;11/08/2026;15:00;35.4;0;SOLEIL;5;0;0
Bordeaux;44.83;-0.57;11/08/2026;16:00;33.6;0;SOLEIL;5;0;0
Bordeaux;44.83;-0.57;11/08/2026;17:00;35.6;0;SOLEIL;2;0;0
Bordeaux;44.83;-0.57;11/08/2026;18:00;35.6;0;SOLEIL;2;0;0
Bordeaux;44.83;-0.57;11/08/2026;19:00;35.6;0;SOLEIL;2;0;0
Bordeaux;44.83;-0.57;11/08/2026;20:00;26.3;0;SOLEIL;5;0;0
Bordeaux;44.83;-0.57;11/08/2026;21:00;24.5;0;SOLEIL;5;0;0
Bordeaux;44.83;-0.57;11/08/2026;22:00;22.6;0;SOLEIL;5;0;0
Bordeaux;44.83;-0.57;11/08/2026;23:00;24.6;0;SOLEIL;2;0;0
Bordeaux;44.83;-0.57;12/08/2026;00:00;24.6;0;SOLEIL;2;0;0
Bordeaux;44.83;-0.57;12/08/2026;01:00;24.6;0;SOLEIL;2;0;0
Bordeaux;44.83;-0.57;12/08/2026;02:00;18.6;0;SOLEIL;5;0;0
Bordeaux;44.83;-0.57;12/08/2026;03:00;18.6;0;SOLEIL;5;0;0
Bordeaux;44.83;-0.57;12/08/2026;04:00;18.6;0;SOLEIL;5;0;0
Bordeaux;44.83;-0.57;12/08/2026;05:00;21;0;SOLEIL;2;0;0
Bordeaux;44.83;-0.57;12/08/2026;06:00;21;0;SOLEIL;2;0;0
Bordeaux;44.83;-0.57;12/08/2026;07:00;21;0;SOLEIL;2;0;0
Bordeaux;44.83;-0.57;12/08/2026;08:00;22.9;0;SOLEIL;5;0;0
Bordeaux;44.83;-0.57;12/08/2026;09:00;25.1;0;SOLEIL;5;0;0
Bordeaux;44.83;-0.57;12/08/2026;10:00;27.2;0;SOLEIL;5;0;0
Bordeaux;44.83;-0.57;12/08/2026;11:00;36;0;SOLEIL;2;0;0
Bordeaux;44.83;-0.57;12/08/2026;12:00;36;0;SOLEIL;2;0;0
Bordeaux;44.83;-0.57;12/08/2026;13:00;36;0;SOLEIL;2;0;0
Bordeaux;44.83;-0.57;12/08/2026;14:00;35.8;0;SOLEIL;5;0;0
Bordeaux;44.83;-0.57;12/08/2026;15:00;38.0;0;SOLEIL;5;0;0
Bordeaux;44.83;-0.57;12/08/2026;16:00;35.8;0;SOLEIL;5;0;0
Bordeaux;44.83;-0.57;12/08/2026;17:00;35.4;0;SOLEIL;2;0;0
Bordeaux;44.83;-0.57;12/08/2026;18:00;35.4;0;SOLEIL;2;0;0
Bordeaux;44.83;-0.57;12/08/2026;19:00;35.4;0;SOLEIL;2;0;0
Bordeaux;44.83;-0.57;12/08/2026;20:00;27.2;0;SOLEIL;5;0;0
Bordeaux;44.83;-0.57;12/08/2026;21:00;25.1;0;SOLEIL;5;0;0
Bordeaux;44.83;-0.57;12/08/2026;22:00;22.9;0;SOLEIL;5;0;0
Bordeaux;44.83;-0.57;12/08/2026;23:00;24.9;0;SOLEIL;2;0;0
Mimizan;44.2;-1.23;08/08/2026;00:00;20.4;0;SOLEIL;2;0;0
Mimizan;44.2;-1.23;08/08/2026;01:00;20.4;0;SOLEIL;2;0;0
Mimizan;44.2;-1.23;08/08/2026;02:00;18.1;0;SOLEIL;1;0;0
Mimizan;44.2;-1.23;08/08/2026;03:00;18.1;0;SOLEIL;1;0;0
Mimizan;44.2;-1.23;08/08/2026;04:00;18.1;0;SOLEIL;1;0;0
Mimizan;44.2;-1.23;08/08/2026;05:00;18.6;0;SOLEIL;2;0;0
Mimizan;44.2;-1.23;08/08/2026;06:00;18.6;0;SOLEIL;2;0;0
Mimizan;44.2;-1.23;08/08/2026;07:00;18.6;0;SOLEIL;2;0;0
Mimizan;44.2;-1.23;08/08/2026;08:00;27.4;0;SOLEIL;2;0;0
Mimizan;44.2;-1.23;08/08/2026;09:00;27.4;0;SOLEIL;2;0;0
Mimizan;44.2;-1.23;08/08/2026;10:00;27.4;0;SOLEIL;2;0;0
Mimizan;44.2;-1.23;08/08/2026;11:00;30.1;0;SOLEIL;3;0;0
Mimizan;44.2;-1.23;08/08/2026;12:00;30.1;0;SOLEIL;3;0;0
Mimizan;44.2;-1.23;08/08/2026;13:00;30.1;0;SOLEIL;3;0;0
Mimizan;44.2;-1.23;08/08/2026;14:00;29.1;0;SOLEIL;4;0;0
Mimizan;44.2;-1.23;08/08/2026;15:00;29.1;0;SOLEIL;4;0;0
Mimizan;44.2;-1.23;08/08/2026;16:00;29.1;0;SOLEIL;4;0;0
Mimizan;44.2;-1.23;08/08/2026;17:00;28.2;0;SOLEIL;3;0;0
Mimizan;44.2;-1.23;08/08/2026;18:00;28.2;0;SOLEIL;3;0;0
Mimizan;44.2;-1.23;08/08/2026;19:00;28.2;0;SOLEIL;3;0;0
Mimizan;44.2;-1.23;08/08/2026;20:00;23.1;10;ORAGEUX;3;0;0
Mimizan;44.2;-1.23;08/08/2026;21:00;23.1;10;ORAGEUX;3;0;0
Mimizan;44.2;-1.23;08/08/2026;22:00;23.1;10;ORAGEUX;3;0;0
Mimizan;44.2;-1.23;08/08/2026;23:00;21.2;10;ORAGEUX;0;0;0
Mimizan;44.2;-1.23;09/08/2026;00:00;21.2;10;ORAGEUX;0;0;0
Mimizan;44.2;-1.23;09/08/2026;01:00;21.2;10;ORAGEUX;0;0;0
Mimizan;44.2;-1.23;09/08/2026;02:00;20.1;0;SOLEIL;2;0;0
Mimizan;44.2;-1.23;09/08/2026;03:00;20.1;0;SOLEIL;2;0;0
Mimizan;44.2;-1.23;09/08/2026;04:00;20.1;0;SOLEIL;2;0;0
Mimizan;44.2;-1.23;09/08/2026;05:00;20.2;10;ORAGEUX;2;0;0
Mimizan;44.2;-1.23;09/08/2026;06:00;20.2;10;ORAGEUX;2;0;0
Mimizan;44.2;-1.23;09/08/2026;07:00;20.2;10;ORAGEUX;2;0;0
Mimizan;44.2;-1.23;09/08/2026;08:00;24.5;10;ORAGEUX;3;0;0
Mimizan;44.2;-1.23;09/08/2026;09:00;24.5;10;ORAGEUX;3;0;0
Mimizan;44.2;-1.23;09/08/2026;10:00;24.5;10;ORAGEUX;3;0;0
Mimizan;44.2;-1.23;09/08/2026;11:00;27.6;0;SOLEIL;4;0;0
Mimizan;44.2;-1.23;09/08/2026;12:00;27.6;0;SOLEIL;4;0;0
Mimizan;44.2;-1.23;09/08/2026;13:00;27.6;0;SOLEIL;4;0;0
Mimizan;44.2;-1.23;09/08/2026;14:00;27.6;0;SOLEIL;4;0;0
Mimizan;44.2;-1.23;09/08/2026;15:00;27.6;0;SOLEIL;4;0;0
Mimizan;44.2;-1.23;09/08/2026;16:00;27.6;0;SOLEIL;4;0;0
Mimizan;44.2;-1.23;09/08/2026;17:00;25.6;10;ORAGEUX;3;0;0
Mimizan;44.2;-1.23;09/08/2026;18:00;25.6;10;ORAGEUX;3;0;0
Mimizan;44.2;-1.23;09/08/2026;19:00;25.6;10;ORAGEUX;3;0;0
Mimizan;44.2;-1.23;09/08/2026;20:00;23.1;10;ORAGEUX;5;0;0
Mimizan;44.2;-1.23;09/08/2026;21:00;21.5;10;ORAGEUX;5;0;0
Mimizan;44.2;-1.23;09/08/2026;22:00;19.9;10;ORAGEUX;5;0;0
Mimizan;44.2;-1.23;09/08/2026;23:00;20.9;10;ORAGEUX;2;0;0
Mimizan;44.2;-1.23;10/08/2026;00:00;20.9;10;ORAGEUX;2;0;0
Mimizan;44.2;-1.23;10/08/2026;01:00;20.9;10;ORAGEUX;2;0;0
Mimizan;44.2;-1.23;10/08/2026;02:00;19;10;ORAGEUX;5;0;0
Mimizan;44.2;-1.23;10/08/2026;03:00;19;10;ORAGEUX;5;0;0
Mimizan;44.2;-1.23;10/08/2026;04:00;19;10;ORAGEUX;5;0;0
Mimizan;44.2;-1.23;10/08/2026;05:00;20.1;0;SOLEIL;2;0;0
Mimizan;44.2;-1.23;10/08/2026;06:00;20.1;0;SOLEIL;2;0;0
Mimizan;44.2;-1.23;10/08/2026;07:00;20.1;0;SOLEIL;2;0;0
Mimizan;44.2;-1.23;10/08/2026;08:00;21.1;10;ORAGEUX;5;0;0
Mimizan;44.2;-1.23;10/08/2026;09:00;22.2;10;ORAGEUX;5;0;0
Mimizan;44.2;-1.23;10/08/2026;10:00;23.3;10;ORAGEUX;5;0;0
Mimizan;44.2;-1.23;10/08/2026;11:00;28.4;0;SOLEIL;4;0;0
Mimizan;44.2;-1.23;10/08/2026;12:00;28.4;0;SOLEIL;4;0;0
Mimizan;44.2;-1.23;10/08/2026;13:00;28.4;0;SOLEIL;4;0;0
Mimizan;44.2;-1.23;10/08/2026;14:00;27.5;10;ORAGEUX;5;0;0
Mimizan;44.2;-1.23;10/08/2026;15:00;28.6;10;ORAGEUX;5;0;0
Mimizan;44.2;-1.23;10/08/2026;16:00;27.5;10;ORAGEUX;5;0;0
Mimizan;44.2;-1.23;10/08/2026;17:00;28.4;0;SOLEIL;4;0;0
Mimizan;44.2;-1.23;10/08/2026;18:00;28.4;0;SOLEIL;4;0;0
Mimizan;44.2;-1.23;10/08/2026;19:00;28.4;0;SOLEIL;4;0;0
Mimizan;44.2;-1.23;10/08/2026;20:00;23.3;10;ORAGEUX;5;0;0
Mimizan;44.2;-1.23;10/08/2026;21:00;22.2;10;ORAGEUX;5;0;0
Mimizan;44.2;-1.23;10/08/2026;22:00;21.1;10;ORAGEUX;5;0;0
Mimizan;44.2;-1.23;10/08/2026;23:00;22.6;0;SOLEIL;3;0;0
Mimizan;44.2;-1.23;11/08/2026;00:00;22.6;0;SOLEIL;3;0;0
Mimizan;44.2;-1.23;11/08/2026;01:00;22.6;0;SOLEIL;3;0;0
Mimizan;44.2;-1.23;11/08/2026;02:00;18.7;0;SOLEIL;5;0;0
Mimizan;44.2;-1.23;11/08/2026;03:00;18.7;0;SOLEIL;5;0;0
Mimizan;44.2;-1.23;11/08/2026;04:00;18.7;0;SOLEIL;5;0;0
Mimizan;44.2;-1.23;11/08/2026;05:00;21.5;0;SOLEIL;3;0;0
Mimizan;44.2;-1.23;11/08/2026;06:00;21.5;0;SOLEIL;3;0;0
Mimizan;44.2;-1.23;11/08/2026;07:00;21.5;0;SOLEIL;3;0;0
Mimizan;44.2;-1.23;11/08/2026;08:00;21.3;0;SOLEIL;5;0;0
Mimizan;44.2;-1.23;11/08/2026;09:00;22.7;0;SOLEIL;5;0;0
Mimizan;44.2;-1.23;11/08/2026;10:00;24.0;0;SOLEIL;5;0;0
Mimizan;44.2;-1.23;11/08/2026;11:00;32.6;0;SOLEIL;3;0;0
Mimizan;44.2;-1.23;11/08/2026;12:00;32.6;0;SOLEIL;3;0;0
Mimizan;44.2;-1.23;11/08/2026;13:00;32.6;0;SOLEIL;3;0;0
Mimizan;44.2;-1.23;11/08/2026;14:00;29.3;0;SOLEIL;5;0;0
Mimizan;44.2;-1.23;11/08/2026;15:00;30.6;0;SOLEIL;5;0;0
Mimizan;44.2;-1.23;11/08/2026;16:00;29.3;0;SOLEIL;5;0;0
Mimizan;44.2;-1.23;11/08/2026;17:00;32;0;SOLEIL;3;0;0
Mimizan;44.2;-1.23;11/08/2026;18:00;32;0;SOLEIL;3;0;0
Mimizan;44.2;-1.23;11/08/2026;19:00;32;0;SOLEIL;3;0;0
Mimizan;44.2;-1.23;11/08/2026;20:00;24.0;0;SOLEIL;5;0;0
Mimizan;44.2;-1.23;11/08/2026;21:00;22.7;0;SOLEIL;5;0;0
Mimizan;44.2;-1.23;11/08/2026;22:00;21.3;0;SOLEIL;5;0;0
Mimizan;44.2;-1.23;11/08/2026;23:00;24.6;0;SOLEIL;3;0;0
Mimizan;44.2;-1.23;12/08/2026;00:00;24.6;0;SOLEIL;3;0;0
Mimizan;44.2;-1.23;12/08/2026;01:00;24.6;0;SOLEIL;3;0;0
Mimizan;44.2;-1.23;12/08/2026;02:00;20;0;SOLEIL;5;0;0
Mimizan;44.2;-1.23;12/08/2026;03:00;20;0;SOLEIL;5;0;0
Mimizan;44.2;-1.23;12/08/2026;04:00;20;0;SOLEIL;5;0;0
Mimizan;44.2;-1.23;12/08/2026;05:00;23.1;0;SOLEIL;3;0;0
Mimizan;44.2;-1.23;12/08/2026;06:00;23.1;0;SOLEIL;3;0;0
Mimizan;44.2;-1.23;12/08/2026;07:00;23.1;0;SOLEIL;3;0;0
Mimizan;44.2;-1.23;12/08/2026;08:00;23.4;0;SOLEIL;5;0;0
Mimizan;44.2;-1.23;12/08/2026;09:00;25.1;0;SOLEIL;5;0;0
Mimizan;44.2;-1.23;12/08/2026;10:00;26.8;0;SOLEIL;5;0;0
Mimizan;44.2;-1.23;12/08/2026;11:00;29.1;0;SOLEIL;3;0;0
Mimizan;44.2;-1.23;12/08/2026;12:00;29.1;0;SOLEIL;3;0;0
Mimizan;44.2;-1.23;12/08/2026;13:00;29.1;0;SOLEIL;3;0;0
Mimizan;44.2;-1.23;12/08/2026;14:00;33.5;0;SOLEIL;5;0;0
Mimizan;44.2;-1.23;12/08/2026;15:00;35.2;0;SOLEIL;5;0;0
Mimizan;44.2;-1.23;12/08/2026;16:00;33.5;0;SOLEIL;5;0;0
Mimizan;44.2;-1.23;12/08/2026;17:00;27.1;0;SOLEIL;3;0;0
Mimizan;44.2;-1.23;12/08/2026;18:00;27.1;0;SOLEIL;3;0;0
Mimizan;44.2;-1.23;12/08/2026;19:00;27.1;0;SOLEIL;3;0;0
Mimizan;44.2;-1.23;12/08/2026;20:00;26.8;0;SOLEIL;5;0;0
Mimizan;44.2;-1.23;12/08/2026;21:00;25.1;0;SOLEIL;5;0;0
Mimizan;44.2;-1.23;12/08/2026;22:00;23.4;0;SOLEIL;5;0;0
Mimizan;44.2;-1.23;12/08/2026;23:00;22.4;0;SOLEIL;3;0;0
Mont-de-Marsan;43.89;-0.5;08/08/2026;00:00;20.7;0;SOLEIL;2;0;0
Mont-de-Marsan;43.89;-0.5;08/08/2026;01:00;20.7;0;SOLEIL;2;0;0
Mont-de-Marsan;43.89;-0.5;08/08/2026;02:00;18.2;0;SOLEIL;2;0;0
Mont-de-Marsan;43.89;-0.5;08/08/2026;03:00;18.2;0;SOLEIL;2;0;0
Mont-de-Marsan;43.89;-0.5;08/08/2026;04:00;18.2;0;SOLEIL;2;0;0
Mont-de-Marsan;43.89;-0.5;08/08/2026;05:00;18.6;0;SOLEIL;1;0;0
Mont-de-Marsan;43.89;-0.5;08/08/2026;06:00;18.6;0;SOLEIL;1;0;0
Mont-de-Marsan;43.89;-0.5;08/08/2026;07:00;18.6;0;SOLEIL;1;0;0
Mont-de-Marsan;43.89;-0.5;08/08/2026;08:00;26.4;0;SOLEIL;1;0;0
Mont-de-Marsan;43.89;-0.5;08/08/2026;09:00;26.4;0;SOLEIL;1;0;0
Mont-de-Marsan;43.89;-0.5;08/08/2026;10:00;26.4;0;SOLEIL;1;0;0
Mont-de-Marsan;43.89;-0.5;08/08/2026;11:00;33.5;0;SOLEIL;2;0;0
Mont-de-Marsan;43.89;-0.5;08/08/2026;12:00;33.5;0;SOLEIL;2;0;0
Mont-de-Marsan;43.89;-0.5;08/08/2026;13:00;33.5;0;SOLEIL;2;0;0
Mont-de-Marsan;43.89;-0.5;08/08/2026;14:00;36.4;0;SOLEIL;2;0;0
Mont-de-Marsan;43.89;-0.5;08/08/2026;15:00;36.4;0;SOLEIL;2;0;0
Mont-de-Marsan;43.89;-0.5;08/08/2026;16:00;36.4;0;SOLEIL;2;0;0
Mont-de-Marsan;43.89;-0.5;08/08/2026;17:00;32.6;10;ORAGEUX;4;0;0
Mont-de-Marsan;43.89;-0.5;08/08/2026;18:00;32.6;10;ORAGEUX;4;0;0
Mont-de-Marsan;43.89;-0.5;08/08/2026;19:00;32.6;10;ORAGEUX;4;0;0
Mont-de-Marsan;43.89;-0.5;08/08/2026;20:00;25.2;10;ORAGEUX;3;0;0
Mont-de-Marsan;43.89;-0.5;08/08/2026;21:00;25.2;10;ORAGEUX;3;0;0
Mont-de-Marsan;43.89;-0.5;08/08/2026;22:00;25.2;10;ORAGEUX;3;0;0
Mont-de-Marsan;43.89;-0.5;08/08/2026;23:00;21.6;10;ORAGEUX;2;0;0
Mont-de-Marsan;43.89;-0.5;09/08/2026;00:00;21.6;10;ORAGEUX;2;0;0
Mont-de-Marsan;43.89;-0.5;09/08/2026;01:00;21.6;10;ORAGEUX;2;0;0
Mont-de-Marsan;43.89;-0.5;09/08/2026;02:00;20.4;10;ORAGEUX;2;0;0
Mont-de-Marsan;43.89;-0.5;09/08/2026;03:00;20.4;10;ORAGEUX;2;0;0
Mont-de-Marsan;43.89;-0.5;09/08/2026;04:00;20.4;10;ORAGEUX;2;0;0
Mont-de-Marsan;43.89;-0.5;09/08/2026;05:00;19.6;10;ORAGEUX;2;0;0
Mont-de-Marsan;43.89;-0.5;09/08/2026;06:00;19.6;10;ORAGEUX;2;0;0
Mont-de-Marsan;43.89;-0.5;09/08/2026;07:00;19.6;10;ORAGEUX;2;0;0
Mont-de-Marsan;43.89;-0.5;09/08/2026;08:00;26.5;0;SOLEIL;1;0;0
Mont-de-Marsan;43.89;-0.5;09/08/2026;09:00;26.5;0;SOLEIL;1;0;0
Mont-de-Marsan;43.89;-0.5;09/08/2026;10:00;26.5;0;SOLEIL;1;0;0
Mont-de-Marsan;43.89;-0.5;09/08/2026;11:00;31.7;0;SOLEIL;2;0;0
Mont-de-Marsan;43.89;-0.5;09/08/2026;12:00;31.7;0;SOLEIL;2;0;0
Mont-de-Marsan;43.89;-0.5;09/08/2026;13:00;31.7;0;SOLEIL;2;0;0
Mont-de-Marsan;43.89;-0.5;09/08/2026;14:00;32.7;10;ORAGEUX;3;0;0
Mont-de-Marsan;43.89;-0.5;09/08/2026;15:00;32.7;10;ORAGEUX;3;0;0
Mont-de-Marsan;43.89;-0.5;09/08/2026;16:00;32.7;10;ORAGEUX;3;0;0
Mont-de-Marsan;43.89;-0.5;09/08/2026;17:00;29.1;10;ORAGEUX;4;0;0
Mont-de-Marsan;43.89;-0.5;09/08/2026;18:00;29.1;10;ORAGEUX;4;0;0
Mont-de-Marsan;43.89;-0.5;09/08/2026;19:00;29.1;10;ORAGEUX;4;0;0
Mont-de-Marsan;43.89;-0.5;09/08/2026;20:00;25.8;10;ORAGEUX;5;0;0
Mont-de-Marsan;43.89;-0.5;09/08/2026;21:00;23.6;10;ORAGEUX;5;0;0
Mont-de-Marsan;43.89;-0.5;09/08/2026;22:00;21.4;10;ORAGEUX;5;0;0
Mont-de-Marsan;43.89;-0.5;09/08/2026;23:00;21.4;10;ORAGEUX;2;0;0
Mont-de-Marsan;43.89;-0.5;10/08/2026;00:00;21.4;10;ORAGEUX;2;0;0
Mont-de-Marsan;43.89;-0.5;10/08/2026;01:00;21.4;10;ORAGEUX;2;0;0
Mont-de-Marsan;43.89;-0.5;10/08/2026;02:00;18.9;10;ORAGEUX;5;0;0
Mont-de-Marsan;43.89;-0.5;10/08/2026;03:00;18.9;10;ORAGEUX;5;0;0
Mont-de-Marsan;43.89;-0.5;10/08/2026;04:00;18.9;10;ORAGEUX;5;0;0
Mont-de-Marsan;43.89;-0.5;10/08/2026;05:00;19.9;0;SOLEIL;2;0;0
Mont-de-Marsan;43.89;-0.5;10/08/2026;06:00;19.9;0;SOLEIL;2;0;0
Mont-de-Marsan;43.89;-0.5;10/08/2026;07:00;19.9;0;SOLEIL;2;0;0
Mont-de-Marsan;43.89;-0.5;10/08/2026;08:00;22.1;10;ORAGEUX;5;0;0
Mont-de-Marsan;43.89;-0.5;10/08/2026;09:00;23.7;10;ORAGEUX;5;0;0
Mont-de-Marsan;43.89;-0.5;10/08/2026;10:00;25.3;10;ORAGEUX;5;0;0
Mont-de-Marsan;43.89;-0.5;10/08/2026;11:00;30;0;SOLEIL;2;0;0
Mont-de-Marsan;43.89;-0.5;10/08/2026;12:00;30;0;SOLEIL;2;0;0
Mont-de-Marsan;43.89;-0.5;10/08/2026;13:00;30;0;SOLEIL;2;0;0
Mont-de-Marsan;43.89;-0.5;10/08/2026;14:00;31.6;10;ORAGEUX;5;0;0
Mont-de-Marsan;43.89;-0.5;10/08/2026;15:00;33.2;10;ORAGEUX;5;0;0
Mont-de-Marsan;43.89;-0.5;10/08/2026;16:00;31.6;10;ORAGEUX;5;0;0
Mont-de-Marsan;43.89;-0.5;10/08/2026;17:00;32.2;6;AVERSES;3;0;0
Mont-de-Marsan;43.89;-0.5;10/08/2026;18:00;32.2;6;AVERSES;3;0;0
Mont-de-Marsan;43.89;-0.5;10/08/2026;19:00;32.2;6;AVERSES;3;0;0
Mont-de-Marsan;43.89;-0.5;10/08/2026;20:00;25.3;10;ORAGEUX;5;0;0
Mont-de-Marsan;43.89;-0.5;10/08/2026;21:00;23.7;10;ORAGEUX;5;0;0
Mont-de-Marsan;43.89;-0.5;10/08/2026;22:00;22.1;10;ORAGEUX;5;0;0
Mont-de-Marsan;43.89;-0.5;10/08/2026;23:00;22.6;0;SOLEIL;3;0;0
Mont-de-Marsan;43.89;-0.5;11/08/2026;00:00;22.6;0;SOLEIL;3;0;0
Mont-de-Marsan;43.89;-0.5;11/08/2026;01:00;22.6;0;SOLEIL;3;0;0
Mont-de-Marsan;43.89;-0.5;11/08/2026;02:00;19;0;SOLEIL;5;0;0
Mont-de-Marsan;43.89;-0.5;11/08/2026;03:00;19;0;SOLEIL;5;0;0
Mont-de-Marsan;43.89;-0.5;11/08/2026;04:00;19;0;SOLEIL;5;0;0
Mont-de-Marsan;43.89;-0.5;11/08/2026;05:00;20.5;0;SOLEIL;2;0;0
Mont-de-Marsan;43.89;-0.5;11/08/2026;06:00;20.5;0;SOLEIL;2;0;0
Mont-de-Marsan;43.89;-0.5;11/08/2026;07:00;20.5;0;SOLEIL;2;0;0
Mont-de-Marsan;43.89;-0.5;11/08/2026;08:00;22.4;0;SOLEIL;5;0;0
Mont-de-Marsan;43.89;-0.5;11/08/2026;09:00;24.2;0;SOLEIL;5;0;0
Mont-de-Marsan;43.89;-0.5;11/08/2026;10:00;25.9;0;SOLEIL;5;0;0
Mont-de-Marsan;43.89;-0.5;11/08/2026;11:00;33.4;0;SOLEIL;3;0;0
Mont-de-Marsan;43.89;-0.5;11/08/2026;12:00;33.4;0;SOLEIL;3;0;0
Mont-de-Marsan;43.89;-0.5;11/08/2026;13:00;33.4;0;SOLEIL;3;0;0
Mont-de-Marsan;43.89;-0.5;11/08/2026;14:00;32.8;0;SOLEIL;5;0;0
Mont-de-Marsan;43.89;-0.5;11/08/2026;15:00;34.5;0;SOLEIL;5;0;0
Mont-de-Marsan;43.89;-0.5;11/08/2026;16:00;32.8;0;SOLEIL;5;0;0
Mont-de-Marsan;43.89;-0.5;11/08/2026;17:00;34.5;0;SOLEIL;3;0;0
Mont-de-Marsan;43.89;-0.5;11/08/2026;18:00;34.5;0;SOLEIL;3;0;0
Mont-de-Marsan;43.89;-0.5;11/08/2026;19:00;34.5;0;SOLEIL;3;0;0
Mont-de-Marsan;43.89;-0.5;11/08/2026;20:00;25.9;0;SOLEIL;5;0;0
Mont-de-Marsan;43.89;-0.5;11/08/2026;21:00;24.2;0;SOLEIL;5;0;0
Mont-de-Marsan;43.89;-0.5;11/08/2026;22:00;22.4;0;SOLEIL;5;0;0
Mont-de-Marsan;43.89;-0.5;11/08/2026;23:00;24.4;0;SOLEIL;3;0;0
Mont-de-Marsan;43.89;-0.5;12/08/2026;00:00;24.4;0;SOLEIL;3;0;0
Mont-de-Marsan;43.89;-0.5;12/08/2026;01:00;24.4;0;SOLEIL;3;0;0
Mont-de-Marsan;43.89;-0.5;12/08/2026;02:00;19.4;0;SOLEIL;5;0;0
Mont-de-Marsan;43.89;-0.5;12/08/2026;03:00;19.4;0;SOLEIL;5;0;0
Mont-de-Marsan;43.89;-0.5;12/08/2026;04:00;19.4;0;SOLEIL;5;0;0
Mont-de-Marsan;43.89;-0.5;12/08/2026;05:00;22.4;2;NUAGEUX;3;0;0
Mont-de-Marsan;43.89;-0.5;12/08/2026;06:00;22.4;2;NUAGEUX;3;0;0
Mont-de-Marsan;43.89;-0.5;12/08/2026;07:00;22.4;2;NUAGEUX;3;0;0
Mont-de-Marsan;43.89;-0.5;12/08/2026;08:00;23.4;0;SOLEIL;5;0;0
Mont-de-Marsan;43.89;-0.5;12/08/2026;09:00;25.4;0;SOLEIL;5;0;0
Mont-de-Marsan;43.89;-0.5;12/08/2026;10:00;27.4;0;SOLEIL;5;0;0
Mont-de-Marsan;43.89;-0.5;12/08/2026;11:00;32.5;2;NUAGEUX;2;0;0
Mont-de-Marsan;43.89;-0.5;12/08/2026;12:00;32.5;2;NUAGEUX;2;0;0
Mont-de-Marsan;43.89;-0.5;12/08/2026;13:00;32.5;2;NUAGEUX;2;0;0
Mont-de-Marsan;43.89;-0.5;12/08/2026;14:00;35.4;0;SOLEIL;5;0;0
Mont-de-Marsan;43.89;-0.5;12/08/2026;15:00;37.4;0;SOLEIL;5;0;0
Mont-de-Marsan;43.89;-0.5;12/08/2026;16:00;35.4;0;SOLEIL;5;0;0
Mont-de-Marsan;43.89;-0.5;12/08/2026;17:00;33.6;0;SOLEIL;4;0;0
Mont-de-Marsan;43.89;-0.5;12/08/2026;18:00;33.6;0;SOLEIL;4;0;0
Mont-de-Marsan;43.89;-0.5;12/08/2026;19:00;33.6;0;SOLEIL;4;0;0
Mont-de-Marsan;43.89;-0.5;12/08/2026;20:00;27.4;0;SOLEIL;5;0;0
Mont-de-Marsan;43.89;-0.5;12/08/2026;21:00;25.4;0;SOLEIL;5;0;0
Mont-de-Marsan;43.89;-0.5;12/08/2026;22:00;23.4;0;SOLEIL;5;0;0
Mont-de-Marsan;43.89;-0.5;12/08/2026;23:00;22.6;0;SOLEIL;3;0;0
Agen;44.2;0.61;08/08/2026;00:00;18.7;0;SOLEIL;1;0;0
Agen;44.2;0.61;08/08/2026;01:00;18.7;0;SOLEIL;1;0;0
Agen;44.2;0.61;08/08/2026;02:00;16.6;0;SOLEIL;1;0;0
Agen;44.2;0.61;08/08/2026;03:00;16.6;0;SOLEIL;1;0;0
Agen;44.2;0.61;08/08/2026;04:00;16.6;0;SOLEIL;1;0;0
Agen;44.2;0.61;08/08/2026;05:00;18.7;0;SOLEIL;2;0;0
Agen;44.2;0.61;08/08/2026;06:00;18.7;0;SOLEIL;2;0;0
Agen;44.2;0.61;08/08/2026;07:00;18.7;0;SOLEIL;2;0;0
Agen;44.2;0.61;08/08/2026;08:00;28;0;SOLEIL;1;0;0
Agen;44.2;0.61;08/08/2026;09:00;28;0;SOLEIL;1;0;0
Agen;44.2;0.61;08/08/2026;10:00;28;0;SOLEIL;1;0;0
Agen;44.2;0.61;08/08/2026;11:00;33.9;0;SOLEIL;2;0;0
Agen;44.2;0.61;08/08/2026;12:00;33.9;0;SOLEIL;2;0;0
Agen;44.2;0.61;08/08/2026;13:00;33.9;0;SOLEIL;2;0;0
Agen;44.2;0.61;08/08/2026;14:00;37;5;SOLEIL VOILÉ;1;0;0
Agen;44.2;0.61;08/08/2026;15:00;37;5;SOLEIL VOILÉ;1;0;0
Agen;44.2;0.61;08/08/2026;16:00;37;5;SOLEIL VOILÉ;1;0;0
Agen;44.2;0.61;08/08/2026;17:00;33.6;10;ORAGEUX;2;0;0
Agen;44.2;0.61;08/08/2026;18:00;33.6;10;ORAGEUX;2;0;0
Agen;44.2;0.61;08/08/2026;19:00;33.6;10;ORAGEUX;2;0;0
Agen;44.2;0.61;08/08/2026;20:00;27.1;5;SOLEIL VOILÉ;2;0;0
Agen;44.2;0.61;08/08/2026;21:00;27.1;5;SOLEIL VOILÉ;2;0;0
Agen;44.2;0.61;08/08/2026;22:00;27.1;5;SOLEIL VOILÉ;2;0;0
Agen;44.2;0.61;08/08/2026;23:00;24.7;10;ORAGEUX;3;0;0
Agen;44.2;0.61;09/08/2026;00:00;24.7;10;ORAGEUX;3;0;0
Agen;44.2;0.61;09/08/2026;01:00;24.7;10;ORAGEUX;3;0;0
Agen;44.2;0.61;09/08/2026;02:00;21.5;10;ORAGEUX;2;0;0
Agen;44.2;0.61;09/08/2026;03:00;21.5;10;ORAGEUX;2;0;0
Agen;44.2;0.61;09/08/2026;04:00;21.5;10;ORAGEUX;2;0;0
Agen;44.2;0.61;09/08/2026;05:00;21.5;10;ORAGEUX;2;0;0
Agen;44.2;0.61;09/08/2026;06:00;21.5;10;ORAGEUX;2;0;0
Agen;44.2;0.61;09/08/2026;07:00;21.5;10;ORAGEUX;2;0;0
Agen;44.2;0.61;09/08/2026;08:00;27.4;0;SOLEIL;2;0;0
Agen;44.2;0.61;09/08/2026;09:00;27.4;0;SOLEIL;2;0;0
Agen;44.2;0.61;09/08/2026;10:00;27.4;0;SOLEIL;2;0;0
Agen;44.2;0.61;09/08/2026;11:00;32.6;0;SOLEIL;2;0;0
Agen;44.2;0.61;09/08/2026;12:00;32.6;0;SOLEIL;2;0;0
Agen;44.2;0.61;09/08/2026;13:00;32.6;0;SOLEIL;2;0;0
Agen;44.2;0.61;09/08/2026;14:00;33.9;5;SOLEIL VOILÉ;2;0;0
Agen;44.2;0.61;09/08/2026;15:00;33.9;5;SOLEIL VOILÉ;2;0;0
Agen;44.2;0.61;09/08/2026;16:00;33.9;5;SOLEIL VOILÉ;2;0;0
Agen;44.2;0.61;09/08/2026;17:00;31.1;10;ORAGEUX;3;0;0
Agen;44.2;0.61;09/08/2026;18:00;31.1;10;ORAGEUX;3;0;0
Agen;44.2;0.61;09/08/2026;19:00;31.1;10;ORAGEUX;3;0;0
Agen;44.2;0.61;09/08/2026;20:00;25.4;10;ORAGEUX;5;0;0
Agen;44.2;0.61;09/08/2026;21:00;23.1;10;ORAGEUX;5;0;0
Agen;44.2;0.61;09/08/2026;22:00;20.8;10;ORAGEUX;5;0;0
Agen;44.2;0.61;09/08/2026;23:00;22;10;ORAGEUX;3;0;0
Agen;44.2;0.61;10/08/2026;00:00;22;10;ORAGEUX;3;0;0
Agen;44.2;0.61;10/08/2026;01:00;22;10;ORAGEUX;3;0;0
Agen;44.2;0.61;10/08/2026;02:00;20.5;10;ORAGEUX;5;0;0
Agen;44.2;0.61;10/08/2026;03:00;20.5;10;ORAGEUX;5;0;0
Agen;44.2;0.61;10/08/2026;04:00;20.5;10;ORAGEUX;5;0;0
Agen;44.2;0.61;10/08/2026;05:00;20.4;0;SOLEIL;2;0;0
Agen;44.2;0.61;10/08/2026;06:00;20.4;0;SOLEIL;2;0;0
Agen;44.2;0.61;10/08/2026;07:00;20.4;0;SOLEIL;2;0;0
Agen;44.2;0.61;10/08/2026;08:00;23.6;10;ORAGEUX;5;0;0
Agen;44.2;0.61;10/08/2026;09:00;25.2;10;ORAGEUX;5;0;0
Agen;44.2;0.61;10/08/2026;10:00;26.7;10;ORAGEUX;5;0;0
Agen;44.2;0.61;10/08/2026;11:00;30.5;0;SOLEIL;2;0;0
Agen;44.2;0.61;10/08/2026;12:00;30.5;0;SOLEIL;2;0;0
Agen;44.2;0.61;10/08/2026;13:00;30.5;0;SOLEIL;2;0;0
Agen;44.2;0.61;10/08/2026;14:00;32.9;10;ORAGEUX;5;0;0
Agen;44.2;0.61;10/08/2026;15:00;34.5;10;ORAGEUX;5;0;0
Agen;44.2;0.61;10/08/2026;16:00;32.9;10;ORAGEUX;5;0;0
Agen;44.2;0.61;10/08/2026;17:00;32.6;0;SOLEIL;2;0;0
Agen;44.2;0.61;10/08/2026;18:00;32.6;0;SOLEIL;2;0;0
Agen;44.2;0.61;10/08/2026;19:00;32.6;0;SOLEIL;2;0;0
Agen;44.2;0.61;10/08/2026;20:00;26.7;10;ORAGEUX;5;0;0
Agen;44.2;0.61;10/08/2026;21:00;25.2;10;ORAGEUX;5;0;0
Agen;44.2;0.61;10/08/2026;22:00;23.6;10;ORAGEUX;5;0;0
Agen;44.2;0.61;10/08/2026;23:00;22.5;0;SOLEIL;2;0;0
Agen;44.2;0.61;11/08/2026;00:00;22.5;0;SOLEIL;2;0;0
Agen;44.2;0.61;11/08/2026;01:00;22.5;0;SOLEIL;2;0;0
Agen;44.2;0.61;11/08/2026;02:00;19.6;0;SOLEIL;5;0;0
Agen;44.2;0.61;11/08/2026;03:00;19.6;0;SOLEIL;5;0;0
Agen;44.2;0.61;11/08/2026;04:00;19.6;0;SOLEIL;5;0;0
Agen;44.2;0.61;11/08/2026;05:00;21.2;0;SOLEIL;2;0;0
Agen;44.2;0.61;11/08/2026;06:00;21.2;0;SOLEIL;2;0;0
Agen;44.2;0.61;11/08/2026;07:00;21.2;0;SOLEIL;2;0;0
Agen;44.2;0.61;11/08/2026;08:00;23.0;0;SOLEIL;5;0;0
Agen;44.2;0.61;11/08/2026;09:00;24.7;0;SOLEIL;5;0;0
Agen;44.2;0.61;11/08/2026;10:00;26.4;0;SOLEIL;5;0;0
Agen;44.2;0.61;11/08/2026;11:00;34.2;0;SOLEIL;2;0;0
Agen;44.2;0.61;11/08/2026;12:00;34.2;0;SOLEIL;2;0;0
Agen;44.2;0.61;11/08/2026;13:00;34.2;0;SOLEIL;2;0;0
Agen;44.2;0.61;11/08/2026;14:00;33.2;0;SOLEIL;5;0;0
Agen;44.2;0.61;11/08/2026;15:00;34.9;0;SOLEIL;5;0;0
Agen;44.2;0.61;11/08/2026;16:00;33.2;0;SOLEIL;5;0;0
Agen;44.2;0.61;11/08/2026;17:00;35.1;0;SOLEIL;1;0;0
Agen;44.2;0.61;11/08/2026;18:00;35.1;0;SOLEIL;1;0;0
Agen;44.2;0.61;11/08/2026;19:00;35.1;0;SOLEIL;1;0;0
Agen;44.2;0.61;11/08/2026;20:00;26.4;0;SOLEIL;5;0;0
Agen;44.2;0.61;11/08/2026;21:00;24.7;0;SOLEIL;5;0;0
Agen;44.2;0.61;11/08/2026;22:00;23.0;0;SOLEIL;5;0;0
Agen;44.2;0.61;11/08/2026;23:00;23.5;0;SOLEIL;3;0;0
Agen;44.2;0.61;12/08/2026;00:00;23.5;0;SOLEIL;3;0;0
Agen;44.2;0.61;12/08/2026;01:00;23.5;0;SOLEIL;3;0;0
Agen;44.2;0.61;12/08/2026;02:00;19.6;0;SOLEIL;5;0;0
Agen;44.2;0.61;12/08/2026;03:00;19.6;0;SOLEIL;5;0;0
Agen;44.2;0.61;12/08/2026;04:00;19.6;0;SOLEIL;5;0;0
Agen;44.2;0.61;12/08/2026;05:00;21.7;0;SOLEIL;2;0;0
Agen;44.2;0.61;12/08/2026;06:00;21.7;0;SOLEIL;2;0;0
Agen;44.2;0.61;12/08/2026;07:00;21.7;0;SOLEIL;2;0;0
Agen;44.2;0.61;12/08/2026;08:00;23.6;0;SOLEIL;5;0;0
Agen;44.2;0.61;12/08/2026;09:00;25.5;0;SOLEIL;5;0;0
Agen;44.2;0.61;12/08/2026;10:00;27.5;0;SOLEIL;5;0;0
Agen;44.2;0.61;12/08/2026;11:00;33.4;0;SOLEIL;2;0;0
Agen;44.2;0.61;12/08/2026;12:00;33.4;0;SOLEIL;2;0;0
Agen;44.2;0.61;12/08/2026;13:00;33.4;0;SOLEIL;2;0;0
Agen;44.2;0.61;12/08/2026;14:00;35.4;0;SOLEIL;5;0;0
Agen;44.2;0.61;12/08/2026;15:00;37.4;0;SOLEIL;5;0;0
Agen;44.2;0.61;12/08/2026;16:00;35.4;0;SOLEIL;5;0;0
Agen;44.2;0.61;12/08/2026;17:00;34.6;0;SOLEIL;2;0;0
Agen;44.2;0.61;12/08/2026;18:00;34.6;0;SOLEIL;2;0;0
Agen;44.2;0.61;12/08/2026;19:00;34.6;0;SOLEIL;2;0;0
Agen;44.2;0.61;12/08/2026;20:00;27.5;0;SOLEIL;5;0;0
Agen;44.2;0.61;12/08/2026;21:00;25.5;0;SOLEIL;5;0;0
Agen;44.2;0.61;12/08/2026;22:00;23.6;0;SOLEIL;5;0;0
Agen;44.2;0.61;12/08/2026;23:00;24.2;0;SOLEIL;3;0;0
Marmande;44.5;0.16;08/08/2026;00:00;23.1;0;SOLEIL;2;0;0
Marmande;44.5;0.16;08/08/2026;01:00;23.1;0;SOLEIL;2;0;0
Marmande;44.5;0.16;08/08/2026;02:00;19.9;0;SOLEIL;1;0;0
Marmande;44.5;0.16;08/08/2026;03:00;19.9;0;SOLEIL;1;0;0
Marmande;44.5;0.16;08/08/2026;04:00;19.9;0;SOLEIL;1;0;0
Marmande;44.5;0.16;08/08/2026;05:00;20.1;0;SOLEIL;2;0;0
Marmande;44.5;0.16;08/08/2026;06:00;20.1;0;SOLEIL;2;0;0
Marmande;44.5;0.16;08/08/2026;07:00;20.1;0;SOLEIL;2;0;0
Marmande;44.5;0.16;08/08/2026;08:00;27.4;0;SOLEIL;1;0;0
Marmande;44.5;0.16;08/08/2026;09:00;27.4;0;SOLEIL;1;0;0
Marmande;44.5;0.16;08/08/2026;10:00;27.4;0;SOLEIL;1;0;0
Marmande;44.5;0.16;08/08/2026;11:00;34.1;0;SOLEIL;1;0;0
Marmande;44.5;0.16;08/08/2026;12:00;34.1;0;SOLEIL;1;0;0
Marmande;44.5;0.16;08/08/2026;13:00;34.1;0;SOLEIL;1;0;0
Marmande;44.5;0.16;08/08/2026;14:00;36.4;0;SOLEIL;1;0;0
Marmande;44.5;0.16;08/08/2026;15:00;36.4;0;SOLEIL;1;0;0
Marmande;44.5;0.16;08/08/2026;16:00;36.4;0;SOLEIL;1;0;0
Marmande;44.5;0.16;08/08/2026;17:00;34.2;10;ORAGEUX;2;0;0
Marmande;44.5;0.16;08/08/2026;18:00;34.2;10;ORAGEUX;2;0;0
Marmande;44.5;0.16;08/08/2026;19:00;34.2;10;ORAGEUX;2;0;0
Marmande;44.5;0.16;08/08/2026;20:00;30;5;SOLEIL VOILÉ;0;0;0
Marmande;44.5;0.16;08/08/2026;21:00;30;5;SOLEIL VOILÉ;0;0;0
Marmande;44.5;0.16;08/08/2026;22:00;30;5;SOLEIL VOILÉ;0;0;0
Marmande;44.5;0.16;08/08/2026;23:00;26.6;10;ORAGEUX;3;0;0
Marmande;44.5;0.16;09/08/2026;00:00;26.6;10;ORAGEUX;3;0;0
Marmande;44.5;0.16;09/08/2026;01:00;26.6;10;ORAGEUX;3;0;0
Marmande;44.5;0.16;09/08/2026;02:00;21.1;10;ORAGEUX;2;0;0
Marmande;44.5;0.16;09/08/2026;03:00;21.1;10;ORAGEUX;2;0;0
Marmande;44.5;0.16;09/08/2026;04:00;21.1;10;ORAGEUX;2;0;0
Marmande;44.5;0.16;09/08/2026;05:00;21.1;10;ORAGEUX;2;0;0
Marmande;44.5;0.16;09/08/2026;06:00;21.1;10;ORAGEUX;2;0;0
Marmande;44.5;0.16;09/08/2026;07:00;21.1;10;ORAGEUX;2;0;0
Marmande;44.5;0.16;09/08/2026;08:00;24.9;10;ORAGEUX;3;0;0
Marmande;44.5;0.16;09/08/2026;09:00;24.9;10;ORAGEUX;3;0;0
Marmande;44.5;0.16;09/08/2026;10:00;24.9;10;ORAGEUX;3;0;0
Marmande;44.5;0.16;09/08/2026;11:00;30.9;0;SOLEIL;2;0;0
Marmande;44.5;0.16;09/08/2026;12:00;30.9;0;SOLEIL;2;0;0
Marmande;44.5;0.16;09/08/2026;13:00;30.9;0;SOLEIL;2;0;0
Marmande;44.5;0.16;09/08/2026;14:00;32.2;10;ORAGEUX;2;0;0
Marmande;44.5;0.16;09/08/2026;15:00;32.2;10;ORAGEUX;2;0;0
Marmande;44.5;0.16;09/08/2026;16:00;32.2;10;ORAGEUX;2;0;0
Marmande;44.5;0.16;09/08/2026;17:00;30.9;10;ORAGEUX;3;0;0
Marmande;44.5;0.16;09/08/2026;18:00;30.9;10;ORAGEUX;3;0;0
Marmande;44.5;0.16;09/08/2026;19:00;30.9;10;ORAGEUX;3;0;0
Marmande;44.5;0.16;09/08/2026;20:00;27.2;10;ORAGEUX;5;0;0
Marmande;44.5;0.16;09/08/2026;21:00;25.2;10;ORAGEUX;5;0;0
Marmande;44.5;0.16;09/08/2026;22:00;23.2;10;ORAGEUX;5;0;0
Marmande;44.5;0.16;09/08/2026;23:00;22.4;0;SOLEIL;1;0;0
Marmande;44.5;0.16;10/08/2026;00:00;22.4;0;SOLEIL;1;0;0
Marmande;44.5;0.16;10/08/2026;01:00;22.4;0;SOLEIL;1;0;0
Marmande;44.5;0.16;10/08/2026;02:00;19.7;10;ORAGEUX;5;0;0
Marmande;44.5;0.16;10/08/2026;03:00;19.7;10;ORAGEUX;5;0;0
Marmande;44.5;0.16;10/08/2026;04:00;19.7;10;ORAGEUX;5;0;0
Marmande;44.5;0.16;10/08/2026;05:00;21.2;0;SOLEIL;2;0;0
Marmande;44.5;0.16;10/08/2026;06:00;21.2;0;SOLEIL;2;0;0
Marmande;44.5;0.16;10/08/2026;07:00;21.2;0;SOLEIL;2;0;0
Marmande;44.5;0.16;10/08/2026;08:00;22.8;10;ORAGEUX;5;0;0
Marmande;44.5;0.16;10/08/2026;09:00;24.3;10;ORAGEUX;5;0;0
Marmande;44.5;0.16;10/08/2026;10:00;25.9;10;ORAGEUX;5;0;0
Marmande;44.5;0.16;10/08/2026;11:00;31;0;SOLEIL;2;0;0
Marmande;44.5;0.16;10/08/2026;12:00;31;0;SOLEIL;2;0;0
Marmande;44.5;0.16;10/08/2026;13:00;31;0;SOLEIL;2;0;0
Marmande;44.5;0.16;10/08/2026;14:00;32.1;10;ORAGEUX;5;0;0
Marmande;44.5;0.16;10/08/2026;15:00;33.6;10;ORAGEUX;5;0;0
Marmande;44.5;0.16;10/08/2026;16:00;32.1;10;ORAGEUX;5;0;0
Marmande;44.5;0.16;10/08/2026;17:00;33.5;0;SOLEIL;1;0;0
Marmande;44.5;0.16;10/08/2026;18:00;33.5;0;SOLEIL;1;0;0
Marmande;44.5;0.16;10/08/2026;19:00;33.5;0;SOLEIL;1;0;0
Marmande;44.5;0.16;10/08/2026;20:00;25.9;10;ORAGEUX;5;0;0
Marmande;44.5;0.16;10/08/2026;21:00;24.3;10;ORAGEUX;5;0;0
Marmande;44.5;0.16;10/08/2026;22:00;22.8;10;ORAGEUX;5;0;0
Marmande;44.5;0.16;10/08/2026;23:00;24.9;0;SOLEIL;2;0;0
Marmande;44.5;0.16;11/08/2026;00:00;24.9;0;SOLEIL;2;0;0
Marmande;44.5;0.16;11/08/2026;01:00;24.9;0;SOLEIL;2;0;0
Marmande;44.5;0.16;11/08/2026;02:00;20.6;0;SOLEIL;5;0;0
Marmande;44.5;0.16;11/08/2026;03:00;20.6;0;SOLEIL;5;0;0
Marmande;44.5;0.16;11/08/2026;04:00;20.6;0;SOLEIL;5;0;0
Marmande;44.5;0.16;11/08/2026;05:00;22.6;0;SOLEIL;2;0;0
Marmande;44.5;0.16;11/08/2026;06:00;22.6;0;SOLEIL;2;0;0
Marmande;44.5;0.16;11/08/2026;07:00;22.6;0;SOLEIL;2;0;0
Marmande;44.5;0.16;11/08/2026;08:00;23.8;0;SOLEIL;5;0;0
Marmande;44.5;0.16;11/08/2026;09:00;25.4;0;SOLEIL;5;0;0
Marmande;44.5;0.16;11/08/2026;10:00;27.0;0;SOLEIL;5;0;0
Marmande;44.5;0.16;11/08/2026;11:00;34.6;0;SOLEIL;2;0;0
Marmande;44.5;0.16;11/08/2026;12:00;34.6;0;SOLEIL;2;0;0
Marmande;44.5;0.16;11/08/2026;13:00;34.6;0;SOLEIL;2;0;0
Marmande;44.5;0.16;11/08/2026;14:00;33.3;0;SOLEIL;5;0;0
Marmande;44.5;0.16;11/08/2026;15:00;34.9;0;SOLEIL;5;0;0
Marmande;44.5;0.16;11/08/2026;16:00;33.3;0;SOLEIL;5;0;0
Marmande;44.5;0.16;11/08/2026;17:00;35.1;0;SOLEIL;0;0;0
Marmande;44.5;0.16;11/08/2026;18:00;35.1;0;SOLEIL;0;0;0
Marmande;44.5;0.16;11/08/2026;19:00;35.1;0;SOLEIL;0;0;0
Marmande;44.5;0.16;11/08/2026;20:00;27.0;0;SOLEIL;5;0;0
Marmande;44.5;0.16;11/08/2026;21:00;25.4;0;SOLEIL;5;0;0
Marmande;44.5;0.16;11/08/2026;22:00;23.8;0;SOLEIL;5;0;0
Marmande;44.5;0.16;11/08/2026;23:00;26.5;0;SOLEIL;2;0;0
Marmande;44.5;0.16;12/08/2026;00:00;26.5;0;SOLEIL;2;0;0
Marmande;44.5;0.16;12/08/2026;01:00;26.5;0;SOLEIL;2;0;0
Marmande;44.5;0.16;12/08/2026;02:00;21.6;0;SOLEIL;5;0;0
Marmande;44.5;0.16;12/08/2026;03:00;21.6;0;SOLEIL;5;0;0
Marmande;44.5;0.16;12/08/2026;04:00;21.6;0;SOLEIL;5;0;0
Marmande;44.5;0.16;12/08/2026;05:00;22.9;0;SOLEIL;2;0;0
Marmande;44.5;0.16;12/08/2026;06:00;22.9;0;SOLEIL;2;0;0
Marmande;44.5;0.16;12/08/2026;07:00;22.9;0;SOLEIL;2;0;0
Marmande;44.5;0.16;12/08/2026;08:00;25.1;0;SOLEIL;5;0;0
Marmande;44.5;0.16;12/08/2026;09:00;26.9;0;SOLEIL;5;0;0
Marmande;44.5;0.16;12/08/2026;10:00;28.7;0;SOLEIL;5;0;0
Marmande;44.5;0.16;12/08/2026;11:00;32.5;0;SOLEIL;2;0;0
Marmande;44.5;0.16;12/08/2026;12:00;32.5;0;SOLEIL;2;0;0
Marmande;44.5;0.16;12/08/2026;13:00;32.5;0;SOLEIL;2;0;0
Marmande;44.5;0.16;12/08/2026;14:00;35.7;0;SOLEIL;5;0;0
Marmande;44.5;0.16;12/08/2026;15:00;37.5;0;SOLEIL;5;0;0
Marmande;44.5;0.16;12/08/2026;16:00;35.7;0;SOLEIL;5;0;0
Marmande;44.5;0.16;12/08/2026;17:00;34.6;0;SOLEIL;2;0;0
Marmande;44.5;0.16;12/08/2026;18:00;34.6;0;SOLEIL;2;0;0
Marmande;44.5;0.16;12/08/2026;19:00;34.6;0;SOLEIL;2;0;0
Marmande;44.5;0.16;12/08/2026;20:00;28.7;0;SOLEIL;5;0;0
Marmande;44.5;0.16;12/08/2026;21:00;26.9;0;SOLEIL;5;0;0
Marmande;44.5;0.16;12/08/2026;22:00;25.1;0;SOLEIL;5;0;0
Marmande;44.5;0.16;12/08/2026;23:00;24.5;0;SOLEIL;3;0;0
Bayonne;43.49;-1.47;08/08/2026;00:00;21.5;0;SOLEIL;3;0;0
Bayonne;43.49;-1.47;08/08/2026;01:00;21.5;0;SOLEIL;3;0;0
Bayonne;43.49;-1.47;08/08/2026;02:00;20.7;0;SOLEIL;3;0;0
Bayonne;43.49;-1.47;08/08/2026;03:00;20.7;0;SOLEIL;3;0;0
Bayonne;43.49;-1.47;08/08/2026;04:00;20.7;0;SOLEIL;3;0;0
Bayonne;43.49;-1.47;08/08/2026;05:00;20.5;0;SOLEIL;2;0;0
Bayonne;43.49;-1.47;08/08/2026;06:00;20.5;0;SOLEIL;2;0;0
Bayonne;43.49;-1.47;08/08/2026;07:00;20.5;0;SOLEIL;2;0;0
Bayonne;43.49;-1.47;08/08/2026;08:00;24.9;0;SOLEIL;2;0;0
Bayonne;43.49;-1.47;08/08/2026;09:00;24.9;0;SOLEIL;2;0;0
Bayonne;43.49;-1.47;08/08/2026;10:00;24.9;0;SOLEIL;2;0;0
Bayonne;43.49;-1.47;08/08/2026;11:00;26.6;0;SOLEIL;3;0;0
Bayonne;43.49;-1.47;08/08/2026;12:00;26.6;0;SOLEIL;3;0;0
Bayonne;43.49;-1.47;08/08/2026;13:00;26.6;0;SOLEIL;3;0;0
Bayonne;43.49;-1.47;08/08/2026;14:00;25.9;0;SOLEIL;4;0;0
Bayonne;43.49;-1.47;08/08/2026;15:00;25.9;0;SOLEIL;4;0;0
Bayonne;43.49;-1.47;08/08/2026;16:00;25.9;0;SOLEIL;4;0;0
Bayonne;43.49;-1.47;08/08/2026;17:00;24.6;10;ORAGEUX;3;0;0
Bayonne;43.49;-1.47;08/08/2026;18:00;24.6;10;ORAGEUX;3;0;0
Bayonne;43.49;-1.47;08/08/2026;19:00;24.6;10;ORAGEUX;3;0;0
Bayonne;43.49;-1.47;08/08/2026;20:00;22.6;10;ORAGEUX;4;0;0
Bayonne;43.49;-1.47;08/08/2026;21:00;22.6;10;ORAGEUX;4;0;0
Bayonne;43.49;-1.47;08/08/2026;22:00;22.6;10;ORAGEUX;4;0;0
Bayonne;43.49;-1.47;08/08/2026;23:00;22.1;10;ORAGEUX;3;0;0
Bayonne;43.49;-1.47;09/08/2026;00:00;22.1;10;ORAGEUX;3;0;0
Bayonne;43.49;-1.47;09/08/2026;01:00;22.1;10;ORAGEUX;3;0;0
Bayonne;43.49;-1.47;09/08/2026;02:00;20.2;10;ORAGEUX;1;0;0
Bayonne;43.49;-1.47;09/08/2026;03:00;20.2;10;ORAGEUX;1;0;0
Bayonne;43.49;-1.47;09/08/2026;04:00;20.2;10;ORAGEUX;1;0;0
Bayonne;43.49;-1.47;09/08/2026;05:00;20.5;10;ORAGEUX;3;0;0
Bayonne;43.49;-1.47;09/08/2026;06:00;20.5;10;ORAGEUX;3;0;0
Bayonne;43.49;-1.47;09/08/2026;07:00;20.5;10;ORAGEUX;3;0;0
Bayonne;43.49;-1.47;09/08/2026;08:00;23.6;0;SOLEIL;3;0;0
Bayonne;43.49;-1.47;09/08/2026;09:00;23.6;0;SOLEIL;3;0;0
Bayonne;43.49;-1.47;09/08/2026;10:00;23.6;0;SOLEIL;3;0;0
Bayonne;43.49;-1.47;09/08/2026;11:00;24.7;0;SOLEIL;4;0;0
Bayonne;43.49;-1.47;09/08/2026;12:00;24.7;0;SOLEIL;4;0;0
Bayonne;43.49;-1.47;09/08/2026;13:00;24.7;0;SOLEIL;4;0;0
Bayonne;43.49;-1.47;09/08/2026;14:00;24.1;0;SOLEIL;4;0;0
Bayonne;43.49;-1.47;09/08/2026;15:00;24.1;0;SOLEIL;4;0;0
Bayonne;43.49;-1.47;09/08/2026;16:00;24.1;0;SOLEIL;4;0;0
Bayonne;43.49;-1.47;09/08/2026;17:00;22.1;0;SOLEIL;4;0;0
Bayonne;43.49;-1.47;09/08/2026;18:00;22.1;0;SOLEIL;4;0;0
Bayonne;43.49;-1.47;09/08/2026;19:00;22.1;0;SOLEIL;4;0;0
Bayonne;43.49;-1.47;09/08/2026;20:00;22.9;10;ORAGEUX;5;0;0
Bayonne;43.49;-1.47;09/08/2026;21:00;22.1;10;ORAGEUX;5;0;0
Bayonne;43.49;-1.47;09/08/2026;22:00;21.2;10;ORAGEUX;5;0;0
Bayonne;43.49;-1.47;09/08/2026;23:00;21.9;10;ORAGEUX;3;0;0
Bayonne;43.49;-1.47;10/08/2026;00:00;21.9;10;ORAGEUX;3;0;0
Bayonne;43.49;-1.47;10/08/2026;01:00;21.9;10;ORAGEUX;3;0;0
Bayonne;43.49;-1.47;10/08/2026;02:00;19.9;10;ORAGEUX;5;0;0
Bayonne;43.49;-1.47;10/08/2026;03:00;19.9;10;ORAGEUX;5;0;0
Bayonne;43.49;-1.47;10/08/2026;04:00;19.9;10;ORAGEUX;5;0;0
Bayonne;43.49;-1.47;10/08/2026;05:00;22;0;SOLEIL;2;0;0
Bayonne;43.49;-1.47;10/08/2026;06:00;22;0;SOLEIL;2;0;0
Bayonne;43.49;-1.47;10/08/2026;07:00;22;0;SOLEIL;2;0;0
Bayonne;43.49;-1.47;10/08/2026;08:00;21.1;10;ORAGEUX;5;0;0
Bayonne;43.49;-1.47;10/08/2026;09:00;21.6;10;ORAGEUX;5;0;0
Bayonne;43.49;-1.47;10/08/2026;10:00;22.2;10;ORAGEUX;5;0;0
Bayonne;43.49;-1.47;10/08/2026;11:00;26.6;0;SOLEIL;3;0;0
Bayonne;43.49;-1.47;10/08/2026;12:00;26.6;0;SOLEIL;3;0;0
Bayonne;43.49;-1.47;10/08/2026;13:00;26.6;0;SOLEIL;3;0;0
Bayonne;43.49;-1.47;10/08/2026;14:00;24.5;10;ORAGEUX;5;0;0
Bayonne;43.49;-1.47;10/08/2026;15:00;25.1;10;ORAGEUX;5;0;0
Bayonne;43.49;-1.47;10/08/2026;16:00;24.5;10;ORAGEUX;5;0;0
Bayonne;43.49;-1.47;10/08/2026;17:00;26.6;0;SOLEIL;3;0;0
Bayonne;43.49;-1.47;10/08/2026;18:00;26.6;0;SOLEIL;3;0;0
Bayonne;43.49;-1.47;10/08/2026;19:00;26.6;0;SOLEIL;3;0;0
Bayonne;43.49;-1.47;10/08/2026;20:00;22.2;10;ORAGEUX;5;0;0
Bayonne;43.49;-1.47;10/08/2026;21:00;21.6;10;ORAGEUX;5;0;0
Bayonne;43.49;-1.47;10/08/2026;22:00;21.1;10;ORAGEUX;5;0;0
Bayonne;43.49;-1.47;10/08/2026;23:00;23;0;SOLEIL;2;0;0
Bayonne;43.49;-1.47;11/08/2026;00:00;23;0;SOLEIL;2;0;0
Bayonne;43.49;-1.47;11/08/2026;01:00;23;0;SOLEIL;2;0;0
Bayonne;43.49;-1.47;11/08/2026;02:00;21.1;0;SOLEIL;5;0;0
Bayonne;43.49;-1.47;11/08/2026;03:00;21.1;0;SOLEIL;5;0;0
Bayonne;43.49;-1.47;11/08/2026;04:00;21.1;0;SOLEIL;5;0;0
Bayonne;43.49;-1.47;11/08/2026;05:00;21.6;0;SOLEIL;2;0;0
Bayonne;43.49;-1.47;11/08/2026;06:00;21.6;0;SOLEIL;2;0;0
Bayonne;43.49;-1.47;11/08/2026;07:00;21.6;0;SOLEIL;2;0;0
Bayonne;43.49;-1.47;11/08/2026;08:00;22.7;0;SOLEIL;5;0;0
Bayonne;43.49;-1.47;11/08/2026;09:00;23.5;0;SOLEIL;5;0;0
Bayonne;43.49;-1.47;11/08/2026;10:00;24.3;0;SOLEIL;5;0;0
Bayonne;43.49;-1.47;11/08/2026;11:00;31.2;0;SOLEIL;4;0;0
Bayonne;43.49;-1.47;11/08/2026;12:00;31.2;0;SOLEIL;4;0;0
Bayonne;43.49;-1.47;11/08/2026;13:00;31.2;0;SOLEIL;4;0;0
Bayonne;43.49;-1.47;11/08/2026;14:00;27.6;0;SOLEIL;5;0;0
Bayonne;43.49;-1.47;11/08/2026;15:00;28.4;0;SOLEIL;5;0;0
Bayonne;43.49;-1.47;11/08/2026;16:00;27.6;0;SOLEIL;5;0;0
Bayonne;43.49;-1.47;11/08/2026;17:00;30.7;0;SOLEIL;4;0;0
Bayonne;43.49;-1.47;11/08/2026;18:00;30.7;0;SOLEIL;4;0;0
Bayonne;43.49;-1.47;11/08/2026;19:00;30.7;0;SOLEIL;4;0;0
Bayonne;43.49;-1.47;11/08/2026;20:00;24.3;0;SOLEIL;5;0;0
Bayonne;43.49;-1.47;11/08/2026;21:00;23.5;0;SOLEIL;5;0;0
Bayonne;43.49;-1.47;11/08/2026;22:00;22.7;0;SOLEIL;5;0;0
Bayonne;43.49;-1.47;11/08/2026;23:00;24;0;SOLEIL;4;0;0
Bayonne;43.49;-1.47;12/08/2026;00:00;24;0;SOLEIL;4;0;0
Bayonne;43.49;-1.47;12/08/2026;01:00;24;0;SOLEIL;4;0;0
Bayonne;43.49;-1.47;12/08/2026;02:00;21;0;SOLEIL;5;0;0
Bayonne;43.49;-1.47;12/08/2026;03:00;21;0;SOLEIL;5;0;0
Bayonne;43.49;-1.47;12/08/2026;04:00;21;0;SOLEIL;5;0;0
Bayonne;43.49;-1.47;12/08/2026;05:00;23.1;0;SOLEIL;3;0;0
Bayonne;43.49;-1.47;12/08/2026;06:00;23.1;0;SOLEIL;3;0;0
Bayonne;43.49;-1.47;12/08/2026;07:00;23.1;0;SOLEIL;3;0;0
Bayonne;43.49;-1.47;12/08/2026;08:00;23.7;0;SOLEIL;5;0;0
Bayonne;43.49;-1.47;12/08/2026;09:00;25.0;0;SOLEIL;5;0;0
Bayonne;43.49;-1.47;12/08/2026;10:00;26.4;0;SOLEIL;5;0;0
Bayonne;43.49;-1.47;12/08/2026;11:00;27.6;0;SOLEIL;3;0;0
Bayonne;43.49;-1.47;12/08/2026;12:00;27.6;0;SOLEIL;3;0;0
Bayonne;43.49;-1.47;12/08/2026;13:00;27.6;0;SOLEIL;3;0;0
Bayonne;43.49;-1.47;12/08/2026;14:00;31.8;0;SOLEIL;5;0;0
Bayonne;43.49;-1.47;12/08/2026;15:00;33.1;0;SOLEIL;5;0;0
Bayonne;43.49;-1.47;12/08/2026;16:00;31.8;0;SOLEIL;5;0;0
Bayonne;43.49;-1.47;12/08/2026;17:00;26.4;0;SOLEIL;3;0;0
Bayonne;43.49;-1.47;12/08/2026;18:00;26.4;0;SOLEIL;3;0;0
Bayonne;43.49;-1.47;12/08/2026;19:00;26.4;0;SOLEIL;3;0;0
Bayonne;43.49;-1.47;12/08/2026;20:00;26.4;0;SOLEIL;5;0;0
Bayonne;43.49;-1.47;12/08/2026;21:00;25.0;0;SOLEIL;5;0;0
Bayonne;43.49;-1.47;12/08/2026;22:00;23.7;0;SOLEIL;5;0;0
Bayonne;43.49;-1.47;12/08/2026;23:00;23.6;2;NUAGEUX;3;0;0
Oloron-Sainte-Marie;43.19;-0.6;08/08/2026;00:00;19.1;0;SOLEIL;0;0;0
Oloron-Sainte-Marie;43.19;-0.6;08/08/2026;01:00;19.1;0;SOLEIL;0;0;0
Oloron-Sainte-Marie;43.19;-0.6;08/08/2026;02:00;18;0;SOLEIL;1;0;0
Oloron-Sainte-Marie;43.19;-0.6;08/08/2026;03:00;18;0;SOLEIL;1;0;0
Oloron-Sainte-Marie;43.19;-0.6;08/08/2026;04:00;18;0;SOLEIL;1;0;0
Oloron-Sainte-Marie;43.19;-0.6;08/08/2026;05:00;18.1;0;SOLEIL;1;0;0
Oloron-Sainte-Marie;43.19;-0.6;08/08/2026;06:00;18.1;0;SOLEIL;1;0;0
Oloron-Sainte-Marie;43.19;-0.6;08/08/2026;07:00;18.1;0;SOLEIL;1;0;0
Oloron-Sainte-Marie;43.19;-0.6;08/08/2026;08:00;25.2;0;SOLEIL;1;0;0
Oloron-Sainte-Marie;43.19;-0.6;08/08/2026;09:00;25.2;0;SOLEIL;1;0;0
Oloron-Sainte-Marie;43.19;-0.6;08/08/2026;10:00;25.2;0;SOLEIL;1;0;0
Oloron-Sainte-Marie;43.19;-0.6;08/08/2026;11:00;30.4;0;SOLEIL;1;0;0
Oloron-Sainte-Marie;43.19;-0.6;08/08/2026;12:00;30.4;0;SOLEIL;1;0;0
Oloron-Sainte-Marie;43.19;-0.6;08/08/2026;13:00;30.4;0;SOLEIL;1;0;0
Oloron-Sainte-Marie;43.19;-0.6;08/08/2026;14:00;32.9;10;ORAGEUX;1;0;0
Oloron-Sainte-Marie;43.19;-0.6;08/08/2026;15:00;32.9;10;ORAGEUX;1;0;0
Oloron-Sainte-Marie;43.19;-0.6;08/08/2026;16:00;32.9;10;ORAGEUX;1;0;0
Oloron-Sainte-Marie;43.19;-0.6;08/08/2026;17:00;30.1;10;ORAGEUX;2;0;0
Oloron-Sainte-Marie;43.19;-0.6;08/08/2026;18:00;30.1;10;ORAGEUX;2;0;0
Oloron-Sainte-Marie;43.19;-0.6;08/08/2026;19:00;30.1;10;ORAGEUX;2;0;0
Oloron-Sainte-Marie;43.19;-0.6;08/08/2026;20:00;21.6;10;ORAGEUX;3;0;0
Oloron-Sainte-Marie;43.19;-0.6;08/08/2026;21:00;21.6;10;ORAGEUX;3;0;0
Oloron-Sainte-Marie;43.19;-0.6;08/08/2026;22:00;21.6;10;ORAGEUX;3;0;0
Oloron-Sainte-Marie;43.19;-0.6;08/08/2026;23:00;20;10;ORAGEUX;2;0;0
Oloron-Sainte-Marie;43.19;-0.6;09/08/2026;00:00;20;10;ORAGEUX;2;0;0
Oloron-Sainte-Marie;43.19;-0.6;09/08/2026;01:00;20;10;ORAGEUX;2;0;0
Oloron-Sainte-Marie;43.19;-0.6;09/08/2026;02:00;18.5;0;SOLEIL;2;0;0
Oloron-Sainte-Marie;43.19;-0.6;09/08/2026;03:00;18.5;0;SOLEIL;2;0;0
Oloron-Sainte-Marie;43.19;-0.6;09/08/2026;04:00;18.5;0;SOLEIL;2;0;0
Oloron-Sainte-Marie;43.19;-0.6;09/08/2026;05:00;18.9;0;SOLEIL;2;0;0
Oloron-Sainte-Marie;43.19;-0.6;09/08/2026;06:00;18.9;0;SOLEIL;2;0;0
Oloron-Sainte-Marie;43.19;-0.6;09/08/2026;07:00;18.9;0;SOLEIL;2;0;0
Oloron-Sainte-Marie;43.19;-0.6;09/08/2026;08:00;25.2;0;SOLEIL;2;0;0
Oloron-Sainte-Marie;43.19;-0.6;09/08/2026;09:00;25.2;0;SOLEIL;2;0;0
Oloron-Sainte-Marie;43.19;-0.6;09/08/2026;10:00;25.2;0;SOLEIL;2;0;0
Oloron-Sainte-Marie;43.19;-0.6;09/08/2026;11:00;27.6;0;SOLEIL;2;0;0
Oloron-Sainte-Marie;43.19;-0.6;09/08/2026;12:00;27.6;0;SOLEIL;2;0;0
Oloron-Sainte-Marie;43.19;-0.6;09/08/2026;13:00;27.6;0;SOLEIL;2;0;0
Oloron-Sainte-Marie;43.19;-0.6;09/08/2026;14:00;28.5;10;ORAGEUX;2;0;0
Oloron-Sainte-Marie;43.19;-0.6;09/08/2026;15:00;28.5;10;ORAGEUX;2;0;0
Oloron-Sainte-Marie;43.19;-0.6;09/08/2026;16:00;28.5;10;ORAGEUX;2;0;0
Oloron-Sainte-Marie;43.19;-0.6;09/08/2026;17:00;26;10;ORAGEUX;4;0;0
Oloron-Sainte-Marie;43.19;-0.6;09/08/2026;18:00;26;10;ORAGEUX;4;0;0
Oloron-Sainte-Marie;43.19;-0.6;09/08/2026;19:00;26;10;ORAGEUX;4;0;0
Oloron-Sainte-Marie;43.19;-0.6;09/08/2026;20:00;24.1;10;ORAGEUX;5;0;0
Oloron-Sainte-Marie;43.19;-0.6;09/08/2026;21:00;22.3;10;ORAGEUX;5;0;0
Oloron-Sainte-Marie;43.19;-0.6;09/08/2026;22:00;20.5;10;ORAGEUX;5;0;0
Oloron-Sainte-Marie;43.19;-0.6;09/08/2026;23:00;20.1;0;SOLEIL;2;0;0
Oloron-Sainte-Marie;43.19;-0.6;10/08/2026;00:00;20.1;0;SOLEIL;2;0;0
Oloron-Sainte-Marie;43.19;-0.6;10/08/2026;01:00;20.1;0;SOLEIL;2;0;0
Oloron-Sainte-Marie;43.19;-0.6;10/08/2026;02:00;17.5;10;ORAGEUX;5;0;0
Oloron-Sainte-Marie;43.19;-0.6;10/08/2026;03:00;17.5;10;ORAGEUX;5;0;0
Oloron-Sainte-Marie;43.19;-0.6;10/08/2026;04:00;17.5;10;ORAGEUX;5;0;0
Oloron-Sainte-Marie;43.19;-0.6;10/08/2026;05:00;20.1;0;SOLEIL;2;0;0
Oloron-Sainte-Marie;43.19;-0.6;10/08/2026;06:00;20.1;0;SOLEIL;2;0;0
Oloron-Sainte-Marie;43.19;-0.6;10/08/2026;07:00;20.1;0;SOLEIL;2;0;0
Oloron-Sainte-Marie;43.19;-0.6;10/08/2026;08:00;20.3;10;ORAGEUX;5;0;0
Oloron-Sainte-Marie;43.19;-0.6;10/08/2026;09:00;21.6;10;ORAGEUX;5;0;0
Oloron-Sainte-Marie;43.19;-0.6;10/08/2026;10:00;23.0;10;ORAGEUX;5;0;0
Oloron-Sainte-Marie;43.19;-0.6;10/08/2026;11:00;28.4;0;SOLEIL;2;0;0
Oloron-Sainte-Marie;43.19;-0.6;10/08/2026;12:00;28.4;0;SOLEIL;2;0;0
Oloron-Sainte-Marie;43.19;-0.6;10/08/2026;13:00;28.4;0;SOLEIL;2;0;0
Oloron-Sainte-Marie;43.19;-0.6;10/08/2026;14:00;28.5;10;ORAGEUX;5;0;0
Oloron-Sainte-Marie;43.19;-0.6;10/08/2026;15:00;29.9;10;ORAGEUX;5;0;0
Oloron-Sainte-Marie;43.19;-0.6;10/08/2026;16:00;28.5;10;ORAGEUX;5;0;0
Oloron-Sainte-Marie;43.19;-0.6;10/08/2026;17:00;28.6;0;SOLEIL;2;0;0
Oloron-Sainte-Marie;43.19;-0.6;10/08/2026;18:00;28.6;0;SOLEIL;2;0;0
Oloron-Sainte-Marie;43.19;-0.6;10/08/2026;19:00;28.6;0;SOLEIL;2;0;0
Oloron-Sainte-Marie;43.19;-0.6;10/08/2026;20:00;23.0;10;ORAGEUX;5;0;0
Oloron-Sainte-Marie;43.19;-0.6;10/08/2026;21:00;21.6;10;ORAGEUX;5;0;0
Oloron-Sainte-Marie;43.19;-0.6;10/08/2026;22:00;20.3;10;ORAGEUX;5;0;0
Oloron-Sainte-Marie;43.19;-0.6;10/08/2026;23:00;20.9;0;SOLEIL;0;0;0
Oloron-Sainte-Marie;43.19;-0.6;11/08/2026;00:00;20.9;0;SOLEIL;0;0;0
Oloron-Sainte-Marie;43.19;-0.6;11/08/2026;01:00;20.9;0;SOLEIL;0;0;0
Oloron-Sainte-Marie;43.19;-0.6;11/08/2026;02:00;19.1;0;SOLEIL;5;0;0
Oloron-Sainte-Marie;43.19;-0.6;11/08/2026;03:00;19.1;0;SOLEIL;5;0;0
Oloron-Sainte-Marie;43.19;-0.6;11/08/2026;04:00;19.1;0;SOLEIL;5;0;0
Oloron-Sainte-Marie;43.19;-0.6;11/08/2026;05:00;19.4;0;SOLEIL;1;0;0
Oloron-Sainte-Marie;43.19;-0.6;11/08/2026;06:00;19.4;0;SOLEIL;1;0;0
Oloron-Sainte-Marie;43.19;-0.6;11/08/2026;07:00;19.4;0;SOLEIL;1;0;0
Oloron-Sainte-Marie;43.19;-0.6;11/08/2026;08:00;21.8;0;SOLEIL;5;0;0
Oloron-Sainte-Marie;43.19;-0.6;11/08/2026;09:00;23.2;0;SOLEIL;5;0;0
Oloron-Sainte-Marie;43.19;-0.6;11/08/2026;10:00;24.6;0;SOLEIL;5;0;0
Oloron-Sainte-Marie;43.19;-0.6;11/08/2026;11:00;33;0;SOLEIL;2;0;0
Oloron-Sainte-Marie;43.19;-0.6;11/08/2026;12:00;33;0;SOLEIL;2;0;0
Oloron-Sainte-Marie;43.19;-0.6;11/08/2026;13:00;33;0;SOLEIL;2;0;0
Oloron-Sainte-Marie;43.19;-0.6;11/08/2026;14:00;30.0;0;SOLEIL;5;0;0
Oloron-Sainte-Marie;43.19;-0.6;11/08/2026;15:00;31.4;0;SOLEIL;5;0;0
Oloron-Sainte-Marie;43.19;-0.6;11/08/2026;16:00;30.0;0;SOLEIL;5;0;0
Oloron-Sainte-Marie;43.19;-0.6;11/08/2026;17:00;31.9;0;SOLEIL;2;0;0
Oloron-Sainte-Marie;43.19;-0.6;11/08/2026;18:00;31.9;0;SOLEIL;2;0;0
Oloron-Sainte-Marie;43.19;-0.6;11/08/2026;19:00;31.9;0;SOLEIL;2;0;0
Oloron-Sainte-Marie;43.19;-0.6;11/08/2026;20:00;24.6;0;SOLEIL;5;0;0
Oloron-Sainte-Marie;43.19;-0.6;11/08/2026;21:00;23.2;0;SOLEIL;5;0;0
Oloron-Sainte-Marie;43.19;-0.6;11/08/2026;22:00;21.8;0;SOLEIL;5;0;0
Oloron-Sainte-Marie;43.19;-0.6;11/08/2026;23:00;21.6;0;SOLEIL;2;0;0
Oloron-Sainte-Marie;43.19;-0.6;12/08/2026;00:00;21.6;0;SOLEIL;2;0;0
Oloron-Sainte-Marie;43.19;-0.6;12/08/2026;01:00;21.6;0;SOLEIL;2;0;0
Oloron-Sainte-Marie;43.19;-0.6;12/08/2026;02:00;18.1;0;SOLEIL;5;0;0
Oloron-Sainte-Marie;43.19;-0.6;12/08/2026;03:00;18.1;0;SOLEIL;5;0;0
Oloron-Sainte-Marie;43.19;-0.6;12/08/2026;04:00;18.1;0;SOLEIL;5;0;0
Oloron-Sainte-Marie;43.19;-0.6;12/08/2026;05:00;20.6;0;SOLEIL;2;0;0
Oloron-Sainte-Marie;43.19;-0.6;12/08/2026;06:00;20.6;0;SOLEIL;2;0;0
Oloron-Sainte-Marie;43.19;-0.6;12/08/2026;07:00;20.6;0;SOLEIL;2;0;0
Oloron-Sainte-Marie;43.19;-0.6;12/08/2026;08:00;21.9;0;SOLEIL;5;0;0
Oloron-Sainte-Marie;43.19;-0.6;12/08/2026;09:00;23.8;0;SOLEIL;5;0;0
Oloron-Sainte-Marie;43.19;-0.6;12/08/2026;10:00;25.7;0;SOLEIL;5;0;0
Oloron-Sainte-Marie;43.19;-0.6;12/08/2026;11:00;31;0;SOLEIL;1;0;0
Oloron-Sainte-Marie;43.19;-0.6;12/08/2026;12:00;31;0;SOLEIL;1;0;0
Oloron-Sainte-Marie;43.19;-0.6;12/08/2026;13:00;31;0;SOLEIL;1;0;0
Oloron-Sainte-Marie;43.19;-0.6;12/08/2026;14:00;33.2;0;SOLEIL;5;0;0
Oloron-Sainte-Marie;43.19;-0.6;12/08/2026;15:00;35.1;0;SOLEIL;5;0;0
Oloron-Sainte-Marie;43.19;-0.6;12/08/2026;16:00;33.2;0;SOLEIL;5;0;0
Oloron-Sainte-Marie;43.19;-0.6;12/08/2026;17:00;29.9;0;SOLEIL;4;0;0
Oloron-Sainte-Marie;43.19;-0.6;12/08/2026;18:00;29.9;0;SOLEIL;4;0;0
Oloron-Sainte-Marie;43.19;-0.6;12/08/2026;19:00;29.9;0;SOLEIL;4;0;0
Oloron-Sainte-Marie;43.19;-0.6;12/08/2026;20:00;25.7;0;SOLEIL;5;0;0
Oloron-Sainte-Marie;43.19;-0.6;12/08/2026;21:00;23.8;0;SOLEIL;5;0;0
Oloron-Sainte-Marie;43.19;-0.6;12/08/2026;22:00;21.9;0;SOLEIL;5;0;0
Oloron-Sainte-Marie;43.19;-0.6;12/08/2026;23:00;21.7;2;NUAGEUX;2;0;0
Pau;43.3;-0.37;08/08/2026;00:00;21.2;0;SOLEIL;2;0;0
Pau;43.3;-0.37;08/08/2026;01:00;21.2;0;SOLEIL;2;0;0
Pau;43.3;-0.37;08/08/2026;02:00;19.9;0;SOLEIL;1;0;0
Pau;43.3;-0.37;08/08/2026;03:00;19.9;0;SOLEIL;1;0;0
Pau;43.3;-0.37;08/08/2026;04:00;19.9;0;SOLEIL;1;0;0
Pau;43.3;-0.37;08/08/2026;05:00;20;0;SOLEIL;1;0;0
Pau;43.3;-0.37;08/08/2026;06:00;20;0;SOLEIL;1;0;0
Pau;43.3;-0.37;08/08/2026;07:00;20;0;SOLEIL;1;0;0
Pau;43.3;-0.37;08/08/2026;08:00;26.2;0;SOLEIL;1;0;0
Pau;43.3;-0.37;08/08/2026;09:00;26.2;0;SOLEIL;1;0;0
Pau;43.3;-0.37;08/08/2026;10:00;26.2;0;SOLEIL;1;0;0
Pau;43.3;-0.37;08/08/2026;11:00;32.1;0;SOLEIL;2;0;0
Pau;43.3;-0.37;08/08/2026;12:00;32.1;0;SOLEIL;2;0;0
Pau;43.3;-0.37;08/08/2026;13:00;32.1;0;SOLEIL;2;0;0
Pau;43.3;-0.37;08/08/2026;14:00;34.6;10;ORAGEUX;2;0;0
Pau;43.3;-0.37;08/08/2026;15:00;34.6;10;ORAGEUX;2;0;0
Pau;43.3;-0.37;08/08/2026;16:00;34.6;10;ORAGEUX;2;0;0
Pau;43.3;-0.37;08/08/2026;17:00;32.7;10;ORAGEUX;2;0;0
Pau;43.3;-0.37;08/08/2026;18:00;32.7;10;ORAGEUX;2;0;0
Pau;43.3;-0.37;08/08/2026;19:00;32.7;10;ORAGEUX;2;0;0
Pau;43.3;-0.37;08/08/2026;20:00;24.6;10;ORAGEUX;4;0;0
Pau;43.3;-0.37;08/08/2026;21:00;24.6;10;ORAGEUX;4;0;0
Pau;43.3;-0.37;08/08/2026;22:00;24.6;10;ORAGEUX;4;0;0
Pau;43.3;-0.37;08/08/2026;23:00;22.6;10;ORAGEUX;3;0;0
Pau;43.3;-0.37;09/08/2026;00:00;22.6;10;ORAGEUX;3;0;0
Pau;43.3;-0.37;09/08/2026;01:00;22.6;10;ORAGEUX;3;0;0
Pau;43.3;-0.37;09/08/2026;02:00;20.5;0;SOLEIL;1;0;0
Pau;43.3;-0.37;09/08/2026;03:00;20.5;0;SOLEIL;1;0;0
Pau;43.3;-0.37;09/08/2026;04:00;20.5;0;SOLEIL;1;0;0
Pau;43.3;-0.37;09/08/2026;05:00;20.2;0;SOLEIL;2;0;0
Pau;43.3;-0.37;09/08/2026;06:00;20.2;0;SOLEIL;2;0;0
Pau;43.3;-0.37;09/08/2026;07:00;20.2;0;SOLEIL;2;0;0
Pau;43.3;-0.37;09/08/2026;08:00;26.1;0;SOLEIL;2;0;0
Pau;43.3;-0.37;09/08/2026;09:00;26.1;0;SOLEIL;2;0;0
Pau;43.3;-0.37;09/08/2026;10:00;26.1;0;SOLEIL;2;0;0
Pau;43.3;-0.37;09/08/2026;11:00;30.1;0;SOLEIL;1;0;0
Pau;43.3;-0.37;09/08/2026;12:00;30.1;0;SOLEIL;1;0;0
Pau;43.3;-0.37;09/08/2026;13:00;30.1;0;SOLEIL;1;0;0
Pau;43.3;-0.37;09/08/2026;14:00;32.4;10;ORAGEUX;3;0;0
Pau;43.3;-0.37;09/08/2026;15:00;32.4;10;ORAGEUX;3;0;0
Pau;43.3;-0.37;09/08/2026;16:00;32.4;10;ORAGEUX;3;0;0
Pau;43.3;-0.37;09/08/2026;17:00;28.5;10;ORAGEUX;4;0;0
Pau;43.3;-0.37;09/08/2026;18:00;28.5;10;ORAGEUX;4;0;0
Pau;43.3;-0.37;09/08/2026;19:00;28.5;10;ORAGEUX;4;0;0
Pau;43.3;-0.37;09/08/2026;20:00;26.0;10;ORAGEUX;5;0;0
Pau;43.3;-0.37;09/08/2026;21:00;24.0;10;ORAGEUX;5;0;0
Pau;43.3;-0.37;09/08/2026;22:00;22.1;10;ORAGEUX;5;0;0
Pau;43.3;-0.37;09/08/2026;23:00;21.1;0;SOLEIL;2;0;0
Pau;43.3;-0.37;10/08/2026;00:00;21.1;0;SOLEIL;2;0;0
Pau;43.3;-0.37;10/08/2026;01:00;21.1;0;SOLEIL;2;0;0
Pau;43.3;-0.37;10/08/2026;02:00;19.1;10;ORAGEUX;5;0;0
Pau;43.3;-0.37;10/08/2026;03:00;19.1;10;ORAGEUX;5;0;0
Pau;43.3;-0.37;10/08/2026;04:00;19.1;10;ORAGEUX;5;0;0
Pau;43.3;-0.37;10/08/2026;05:00;20.7;0;SOLEIL;2;0;0
Pau;43.3;-0.37;10/08/2026;06:00;20.7;0;SOLEIL;2;0;0
Pau;43.3;-0.37;10/08/2026;07:00;20.7;0;SOLEIL;2;0;0
Pau;43.3;-0.37;10/08/2026;08:00;22.3;10;ORAGEUX;5;0;0
Pau;43.3;-0.37;10/08/2026;09:00;23.9;10;ORAGEUX;5;0;0
Pau;43.3;-0.37;10/08/2026;10:00;25.5;10;ORAGEUX;5;0;0
Pau;43.3;-0.37;10/08/2026;11:00;29.9;0;SOLEIL;2;0;0
Pau;43.3;-0.37;10/08/2026;12:00;29.9;0;SOLEIL;2;0;0
Pau;43.3;-0.37;10/08/2026;13:00;29.9;0;SOLEIL;2;0;0
Pau;43.3;-0.37;10/08/2026;14:00;32.0;10;ORAGEUX;5;0;0
Pau;43.3;-0.37;10/08/2026;15:00;33.6;10;ORAGEUX;5;0;0
Pau;43.3;-0.37;10/08/2026;16:00;32.0;10;ORAGEUX;5;0;0
Pau;43.3;-0.37;10/08/2026;17:00;29.9;0;SOLEIL;2;0;0
Pau;43.3;-0.37;10/08/2026;18:00;29.9;0;SOLEIL;2;0;0
Pau;43.3;-0.37;10/08/2026;19:00;29.9;0;SOLEIL;2;0;0
Pau;43.3;-0.37;10/08/2026;20:00;25.5;10;ORAGEUX;5;0;0
Pau;43.3;-0.37;10/08/2026;21:00;23.9;10;ORAGEUX;5;0;0
Pau;43.3;-0.37;10/08/2026;22:00;22.3;10;ORAGEUX;5;0;0
Pau;43.3;-0.37;10/08/2026;23:00;23.7;0;SOLEIL;1;0;0
Pau;43.3;-0.37;11/08/2026;00:00;23.7;0;SOLEIL;1;0;0
Pau;43.3;-0.37;11/08/2026;01:00;23.7;0;SOLEIL;1;0;0
Pau;43.3;-0.37;11/08/2026;02:00;20.1;0;SOLEIL;5;0;0
Pau;43.3;-0.37;11/08/2026;03:00;20.1;0;SOLEIL;5;0;0
Pau;43.3;-0.37;11/08/2026;04:00;20.1;0;SOLEIL;5;0;0
Pau;43.3;-0.37;11/08/2026;05:00;21.6;0;SOLEIL;1;0;0
Pau;43.3;-0.37;11/08/2026;06:00;21.6;0;SOLEIL;1;0;0
Pau;43.3;-0.37;11/08/2026;07:00;21.6;0;SOLEIL;1;0;0
Pau;43.3;-0.37;11/08/2026;08:00;22.9;0;SOLEIL;5;0;0
Pau;43.3;-0.37;11/08/2026;09:00;24.4;0;SOLEIL;5;0;0
Pau;43.3;-0.37;11/08/2026;10:00;25.8;0;SOLEIL;5;0;0
Pau;43.3;-0.37;11/08/2026;11:00;34.1;0;SOLEIL;2;0;0
Pau;43.3;-0.37;11/08/2026;12:00;34.1;0;SOLEIL;2;0;0
Pau;43.3;-0.37;11/08/2026;13:00;34.1;0;SOLEIL;2;0;0
Pau;43.3;-0.37;11/08/2026;14:00;31.5;0;SOLEIL;5;0;0
Pau;43.3;-0.37;11/08/2026;15:00;32.9;0;SOLEIL;5;0;0
Pau;43.3;-0.37;11/08/2026;16:00;31.5;0;SOLEIL;5;0;0
Pau;43.3;-0.37;11/08/2026;17:00;33.2;0;SOLEIL;2;0;0
Pau;43.3;-0.37;11/08/2026;18:00;33.2;0;SOLEIL;2;0;0
Pau;43.3;-0.37;11/08/2026;19:00;33.2;0;SOLEIL;2;0;0
Pau;43.3;-0.37;11/08/2026;20:00;25.8;0;SOLEIL;5;0;0
Pau;43.3;-0.37;11/08/2026;21:00;24.4;0;SOLEIL;5;0;0
Pau;43.3;-0.37;11/08/2026;22:00;22.9;0;SOLEIL;5;0;0
Pau;43.3;-0.37;11/08/2026;23:00;24.2;0;SOLEIL;3;0;0
Pau;43.3;-0.37;12/08/2026;00:00;24.2;0;SOLEIL;3;0;0
Pau;43.3;-0.37;12/08/2026;01:00;24.2;0;SOLEIL;3;0;0
Pau;43.3;-0.37;12/08/2026;02:00;20.6;0;SOLEIL;5;0;0
Pau;43.3;-0.37;12/08/2026;03:00;20.6;0;SOLEIL;5;0;0
Pau;43.3;-0.37;12/08/2026;04:00;20.6;0;SOLEIL;5;0;0
Pau;43.3;-0.37;12/08/2026;05:00;22.1;0;SOLEIL;2;0;0
Pau;43.3;-0.37;12/08/2026;06:00;22.1;0;SOLEIL;2;0;0
Pau;43.3;-0.37;12/08/2026;07:00;22.1;0;SOLEIL;2;0;0
Pau;43.3;-0.37;12/08/2026;08:00;24.2;0;SOLEIL;5;0;0
Pau;43.3;-0.37;12/08/2026;09:00;25.9;0;SOLEIL;5;0;0
Pau;43.3;-0.37;12/08/2026;10:00;27.7;0;SOLEIL;5;0;0
Pau;43.3;-0.37;12/08/2026;11:00;33.2;0;SOLEIL;2;0;0
Pau;43.3;-0.37;12/08/2026;12:00;33.2;0;SOLEIL;2;0;0
Pau;43.3;-0.37;12/08/2026;13:00;33.2;0;SOLEIL;2;0;0
Pau;43.3;-0.37;12/08/2026;14:00;34.8;0;SOLEIL;5;0;0
Pau;43.3;-0.37;12/08/2026;15:00;36.6;0;SOLEIL;5;0;0
Pau;43.3;-0.37;12/08/2026;16:00;34.8;0;SOLEIL;5;0;0
Pau;43.3;-0.37;12/08/2026;17:00;32.2;0;SOLEIL;3;0;0
Pau;43.3;-0.37;12/08/2026;18:00;32.2;0;SOLEIL;3;0;0
Pau;43.3;-0.37;12/08/2026;19:00;32.2;0;SOLEIL;3;0;0
Pau;43.3;-0.37;12/08/2026;20:00;27.7;0;SOLEIL;5;0;0
Pau;43.3;-0.37;12/08/2026;21:00;25.9;0;SOLEIL;5;0;0
Pau;43.3;-0.37;12/08/2026;22:00;24.2;0;SOLEIL;5;0;0
Pau;43.3;-0.37;12/08/2026;23:00;23.2;0;SOLEIL;2;0;0
Saint-Jean-de-Luz;43.38;-1.66;08/08/2026;00:00;21;0;SOLEIL;4;0;0
Saint-Jean-de-Luz;43.38;-1.66;08/08/2026;01:00;21;0;SOLEIL;4;0;0
Saint-Jean-de-Luz;43.38;-1.66;08/08/2026;02:00;20;0;SOLEIL;5;0;0
Saint-Jean-de-Luz;43.38;-1.66;08/08/2026;03:00;20;0;SOLEIL;5;0;0
Saint-Jean-de-Luz;43.38;-1.66;08/08/2026;04:00;20;0;SOLEIL;5;0;0
Saint-Jean-de-Luz;43.38;-1.66;08/08/2026;05:00;19.7;0;SOLEIL;2;0;0
Saint-Jean-de-Luz;43.38;-1.66;08/08/2026;06:00;19.7;0;SOLEIL;2;0;0
Saint-Jean-de-Luz;43.38;-1.66;08/08/2026;07:00;19.7;0;SOLEIL;2;0;0
Saint-Jean-de-Luz;43.38;-1.66;08/08/2026;08:00;25.6;0;SOLEIL;2;0;0
Saint-Jean-de-Luz;43.38;-1.66;08/08/2026;09:00;25.6;0;SOLEIL;2;0;0
Saint-Jean-de-Luz;43.38;-1.66;08/08/2026;10:00;25.6;0;SOLEIL;2;0;0
Saint-Jean-de-Luz;43.38;-1.66;08/08/2026;11:00;27;0;SOLEIL;3;0;0
Saint-Jean-de-Luz;43.38;-1.66;08/08/2026;12:00;27;0;SOLEIL;3;0;0
Saint-Jean-de-Luz;43.38;-1.66;08/08/2026;13:00;27;0;SOLEIL;3;0;0
Saint-Jean-de-Luz;43.38;-1.66;08/08/2026;14:00;26.6;0;SOLEIL;4;0;0
Saint-Jean-de-Luz;43.38;-1.66;08/08/2026;15:00;26.6;0;SOLEIL;4;0;0
Saint-Jean-de-Luz;43.38;-1.66;08/08/2026;16:00;26.6;0;SOLEIL;4;0;0
Saint-Jean-de-Luz;43.38;-1.66;08/08/2026;17:00;25.4;10;ORAGEUX;3;0;0
Saint-Jean-de-Luz;43.38;-1.66;08/08/2026;18:00;25.4;10;ORAGEUX;3;0;0
Saint-Jean-de-Luz;43.38;-1.66;08/08/2026;19:00;25.4;10;ORAGEUX;3;0;0
Saint-Jean-de-Luz;43.38;-1.66;08/08/2026;20:00;22.7;10;ORAGEUX;5;0;0
Saint-Jean-de-Luz;43.38;-1.66;08/08/2026;21:00;22.7;10;ORAGEUX;5;0;0
Saint-Jean-de-Luz;43.38;-1.66;08/08/2026;22:00;22.7;10;ORAGEUX;5;0;0
Saint-Jean-de-Luz;43.38;-1.66;08/08/2026;23:00;22.1;10;ORAGEUX;4;0;0
Saint-Jean-de-Luz;43.38;-1.66;09/08/2026;00:00;22.1;10;ORAGEUX;4;0;0
Saint-Jean-de-Luz;43.38;-1.66;09/08/2026;01:00;22.1;10;ORAGEUX;4;0;0
Saint-Jean-de-Luz;43.38;-1.66;09/08/2026;02:00;20.1;10;ORAGEUX;2;0;0
Saint-Jean-de-Luz;43.38;-1.66;09/08/2026;03:00;20.1;10;ORAGEUX;2;0;0
Saint-Jean-de-Luz;43.38;-1.66;09/08/2026;04:00;20.1;10;ORAGEUX;2;0;0
Saint-Jean-de-Luz;43.38;-1.66;09/08/2026;05:00;19.7;10;ORAGEUX;2;0;0
Saint-Jean-de-Luz;43.38;-1.66;09/08/2026;06:00;19.7;10;ORAGEUX;2;0;0
Saint-Jean-de-Luz;43.38;-1.66;09/08/2026;07:00;19.7;10;ORAGEUX;2;0;0
Saint-Jean-de-Luz;43.38;-1.66;09/08/2026;08:00;24.2;0;SOLEIL;3;0;0
Saint-Jean-de-Luz;43.38;-1.66;09/08/2026;09:00;24.2;0;SOLEIL;3;0;0
Saint-Jean-de-Luz;43.38;-1.66;09/08/2026;10:00;24.2;0;SOLEIL;3;0;0
Saint-Jean-de-Luz;43.38;-1.66;09/08/2026;11:00;25.6;0;SOLEIL;5;0;0
Saint-Jean-de-Luz;43.38;-1.66;09/08/2026;12:00;25.6;0;SOLEIL;5;0;0
Saint-Jean-de-Luz;43.38;-1.66;09/08/2026;13:00;25.6;0;SOLEIL;5;0;0
Saint-Jean-de-Luz;43.38;-1.66;09/08/2026;14:00;25.5;0;SOLEIL;4;0;0
Saint-Jean-de-Luz;43.38;-1.66;09/08/2026;15:00;25.5;0;SOLEIL;4;0;0
Saint-Jean-de-Luz;43.38;-1.66;09/08/2026;16:00;25.5;0;SOLEIL;4;0;0
Saint-Jean-de-Luz;43.38;-1.66;09/08/2026;17:00;24.1;0;SOLEIL;4;0;0
Saint-Jean-de-Luz;43.38;-1.66;09/08/2026;18:00;24.1;0;SOLEIL;4;0;0
Saint-Jean-de-Luz;43.38;-1.66;09/08/2026;19:00;24.1;0;SOLEIL;4;0;0
Saint-Jean-de-Luz;43.38;-1.66;09/08/2026;20:00;23.3;10;ORAGEUX;5;0;0
Saint-Jean-de-Luz;43.38;-1.66;09/08/2026;21:00;22.2;10;ORAGEUX;5;0;0
Saint-Jean-de-Luz;43.38;-1.66;09/08/2026;22:00;21.2;10;ORAGEUX;5;0;0
Saint-Jean-de-Luz;43.38;-1.66;09/08/2026;23:00;21.5;10;ORAGEUX;4;0;0
Saint-Jean-de-Luz;43.38;-1.66;10/08/2026;00:00;21.5;10;ORAGEUX;4;0;0
Saint-Jean-de-Luz;43.38;-1.66;10/08/2026;01:00;21.5;10;ORAGEUX;4;0;0
Saint-Jean-de-Luz;43.38;-1.66;10/08/2026;02:00;18.9;10;ORAGEUX;5;0;0
Saint-Jean-de-Luz;43.38;-1.66;10/08/2026;03:00;18.9;10;ORAGEUX;5;0;0
Saint-Jean-de-Luz;43.38;-1.66;10/08/2026;04:00;18.9;10;ORAGEUX;5;0;0
Saint-Jean-de-Luz;43.38;-1.66;10/08/2026;05:00;21.1;0;SOLEIL;4;0;0
Saint-Jean-de-Luz;43.38;-1.66;10/08/2026;06:00;21.1;0;SOLEIL;4;0;0
Saint-Jean-de-Luz;43.38;-1.66;10/08/2026;07:00;21.1;0;SOLEIL;4;0;0
Saint-Jean-de-Luz;43.38;-1.66;10/08/2026;08:00;20.5;10;ORAGEUX;5;0;0
Saint-Jean-de-Luz;43.38;-1.66;10/08/2026;09:00;21.3;10;ORAGEUX;5;0;0
Saint-Jean-de-Luz;43.38;-1.66;10/08/2026;10:00;22.1;10;ORAGEUX;5;0;0
Saint-Jean-de-Luz;43.38;-1.66;10/08/2026;11:00;28.1;0;SOLEIL;4;0;0
Saint-Jean-de-Luz;43.38;-1.66;10/08/2026;12:00;28.1;0;SOLEIL;4;0;0
Saint-Jean-de-Luz;43.38;-1.66;10/08/2026;13:00;28.1;0;SOLEIL;4;0;0
Saint-Jean-de-Luz;43.38;-1.66;10/08/2026;14:00;25.3;10;ORAGEUX;5;0;0
Saint-Jean-de-Luz;43.38;-1.66;10/08/2026;15:00;26.1;10;ORAGEUX;5;0;0
Saint-Jean-de-Luz;43.38;-1.66;10/08/2026;16:00;25.3;10;ORAGEUX;5;0;0
Saint-Jean-de-Luz;43.38;-1.66;10/08/2026;17:00;26;0;SOLEIL;3;0;0
Saint-Jean-de-Luz;43.38;-1.66;10/08/2026;18:00;26;0;SOLEIL;3;0;0
Saint-Jean-de-Luz;43.38;-1.66;10/08/2026;19:00;26;0;SOLEIL;3;0;0
Saint-Jean-de-Luz;43.38;-1.66;10/08/2026;20:00;22.1;10;ORAGEUX;5;0;0
Saint-Jean-de-Luz;43.38;-1.66;10/08/2026;21:00;21.3;10;ORAGEUX;5;0;0
Saint-Jean-de-Luz;43.38;-1.66;10/08/2026;22:00;20.5;10;ORAGEUX;5;0;0
Saint-Jean-de-Luz;43.38;-1.66;10/08/2026;23:00;21.6;0;SOLEIL;4;0;0
Saint-Jean-de-Luz;43.38;-1.66;11/08/2026;00:00;21.6;0;SOLEIL;4;0;0
Saint-Jean-de-Luz;43.38;-1.66;11/08/2026;01:00;21.6;0;SOLEIL;4;0;0
Saint-Jean-de-Luz;43.38;-1.66;11/08/2026;02:00;20.5;0;SOLEIL;5;0;0
Saint-Jean-de-Luz;43.38;-1.66;11/08/2026;03:00;20.5;0;SOLEIL;5;0;0
Saint-Jean-de-Luz;43.38;-1.66;11/08/2026;04:00;20.5;0;SOLEIL;5;0;0
Saint-Jean-de-Luz;43.38;-1.66;11/08/2026;05:00;20.6;0;SOLEIL;3;0;0
Saint-Jean-de-Luz;43.38;-1.66;11/08/2026;06:00;20.6;0;SOLEIL;3;0;0
Saint-Jean-de-Luz;43.38;-1.66;11/08/2026;07:00;20.6;0;SOLEIL;3;0;0
Saint-Jean-de-Luz;43.38;-1.66;11/08/2026;08:00;22.3;0;SOLEIL;5;0;0
Saint-Jean-de-Luz;43.38;-1.66;11/08/2026;09:00;23.2;0;SOLEIL;5;0;0
Saint-Jean-de-Luz;43.38;-1.66;11/08/2026;10:00;24.1;0;SOLEIL;5;0;0
Saint-Jean-de-Luz;43.38;-1.66;11/08/2026;11:00;33.1;0;SOLEIL;6;0;0
Saint-Jean-de-Luz;43.38;-1.66;11/08/2026;12:00;33.1;0;SOLEIL;6;0;0
Saint-Jean-de-Luz;43.38;-1.66;11/08/2026;13:00;33.1;0;SOLEIL;6;0;0
Saint-Jean-de-Luz;43.38;-1.66;11/08/2026;14:00;27.7;0;SOLEIL;5;0;0
Saint-Jean-de-Luz;43.38;-1.66;11/08/2026;15:00;28.6;0;SOLEIL;5;0;0
Saint-Jean-de-Luz;43.38;-1.66;11/08/2026;16:00;27.7;0;SOLEIL;5;0;0
Saint-Jean-de-Luz;43.38;-1.66;11/08/2026;17:00;31.4;0;SOLEIL;5;0;0
Saint-Jean-de-Luz;43.38;-1.66;11/08/2026;18:00;31.4;0;SOLEIL;5;0;0
Saint-Jean-de-Luz;43.38;-1.66;11/08/2026;19:00;31.4;0;SOLEIL;5;0;0
Saint-Jean-de-Luz;43.38;-1.66;11/08/2026;20:00;24.1;0;SOLEIL;5;0;0
Saint-Jean-de-Luz;43.38;-1.66;11/08/2026;21:00;23.2;0;SOLEIL;5;0;0
Saint-Jean-de-Luz;43.38;-1.66;11/08/2026;22:00;22.3;0;SOLEIL;5;0;0
Saint-Jean-de-Luz;43.38;-1.66;11/08/2026;23:00;23.6;0;SOLEIL;7;0;0
Saint-Jean-de-Luz;43.38;-1.66;12/08/2026;00:00;23.6;0;SOLEIL;7;0;0
Saint-Jean-de-Luz;43.38;-1.66;12/08/2026;01:00;23.6;0;SOLEIL;7;0;0
Saint-Jean-de-Luz;43.38;-1.66;12/08/2026;02:00;20;0;SOLEIL;5;0;0
Saint-Jean-de-Luz;43.38;-1.66;12/08/2026;03:00;20;0;SOLEIL;5;0;0
Saint-Jean-de-Luz;43.38;-1.66;12/08/2026;04:00;20;0;SOLEIL;5;0;0
Saint-Jean-de-Luz;43.38;-1.66;12/08/2026;05:00;22.6;0;SOLEIL;5;0;0
Saint-Jean-de-Luz;43.38;-1.66;12/08/2026;06:00;22.6;0;SOLEIL;5;0;0
Saint-Jean-de-Luz;43.38;-1.66;12/08/2026;07:00;22.6;0;SOLEIL;5;0;0
Saint-Jean-de-Luz;43.38;-1.66;12/08/2026;08:00;23.2;0;SOLEIL;5;0;0
Saint-Jean-de-Luz;43.38;-1.66;12/08/2026;09:00;24.7;0;SOLEIL;5;0;0
Saint-Jean-de-Luz;43.38;-1.66;12/08/2026;10:00;26.3;0;SOLEIL;5;0;0
Saint-Jean-de-Luz;43.38;-1.66;12/08/2026;11:00;28.5;0;SOLEIL;4;0;0
Saint-Jean-de-Luz;43.38;-1.66;12/08/2026;12:00;28.5;0;SOLEIL;4;0;0
Saint-Jean-de-Luz;43.38;-1.66;12/08/2026;13:00;28.5;0;SOLEIL;4;0;0
Saint-Jean-de-Luz;43.38;-1.66;12/08/2026;14:00;32.6;0;SOLEIL;5;0;0
Saint-Jean-de-Luz;43.38;-1.66;12/08/2026;15:00;34.2;0;SOLEIL;5;0;0
Saint-Jean-de-Luz;43.38;-1.66;12/08/2026;16:00;32.6;0;SOLEIL;5;0;0
Saint-Jean-de-Luz;43.38;-1.66;12/08/2026;17:00;26;0;SOLEIL;5;0;0
Saint-Jean-de-Luz;43.38;-1.66;12/08/2026;18:00;26;0;SOLEIL;5;0;0
Saint-Jean-de-Luz;43.38;-1.66;12/08/2026;19:00;26;0;SOLEIL;5;0;0
Saint-Jean-de-Luz;43.38;-1.66;12/08/2026;20:00;26.3;0;SOLEIL;5;0;0
Saint-Jean-de-Luz;43.38;-1.66;12/08/2026;21:00;24.7;0;SOLEIL;5;0;0
Saint-Jean-de-Luz;43.38;-1.66;12/08/2026;22:00;23.2;0;SOLEIL;5;0;0
Saint-Jean-de-Luz;43.38;-1.66;12/08/2026;23:00;23.1;2;NUAGEUX;5;0;0
Niort;46.32;-0.46;08/08/2026;00:00;20.6;0;SOLEIL;4;0;0
Niort;46.32;-0.46;08/08/2026;01:00;20.6;0;SOLEIL;4;0;0
Niort;46.32;-0.46;08/08/2026;02:00;19.1;5;SOLEIL VOILÉ;4;0;0
Niort;46.32;-0.46;08/08/2026;03:00;19.1;5;SOLEIL VOILÉ;4;0;0
Niort;46.32;-0.46;08/08/2026;04:00;19.1;5;SOLEIL VOILÉ;4;0;0
Niort;46.32;-0.46;08/08/2026;05:00;19.5;0;SOLEIL;4;0;0
Niort;46.32;-0.46;08/08/2026;06:00;19.5;0;SOLEIL;4;0;0
Niort;46.32;-0.46;08/08/2026;07:00;19.5;0;SOLEIL;4;0;0
Niort;46.32;-0.46;08/08/2026;08:00;27.1;0;SOLEIL;3;0;0
Niort;46.32;-0.46;08/08/2026;09:00;27.1;0;SOLEIL;3;0;0
Niort;46.32;-0.46;08/08/2026;10:00;27.1;0;SOLEIL;3;0;0
Niort;46.32;-0.46;08/08/2026;11:00;31.7;0;SOLEIL;2;0;0
Niort;46.32;-0.46;08/08/2026;12:00;31.7;0;SOLEIL;2;0;0
Niort;46.32;-0.46;08/08/2026;13:00;31.7;0;SOLEIL;2;0;0
Niort;46.32;-0.46;08/08/2026;14:00;34;0;SOLEIL;1;0;0
Niort;46.32;-0.46;08/08/2026;15:00;34;0;SOLEIL;1;0;0
Niort;46.32;-0.46;08/08/2026;16:00;34;0;SOLEIL;1;0;0
Niort;46.32;-0.46;08/08/2026;17:00;32.6;0;SOLEIL;1;0;0
Niort;46.32;-0.46;08/08/2026;18:00;32.6;0;SOLEIL;1;0;0
Niort;46.32;-0.46;08/08/2026;19:00;32.6;0;SOLEIL;1;0;0
Niort;46.32;-0.46;08/08/2026;20:00;27.6;0;SOLEIL;2;0;0
Niort;46.32;-0.46;08/08/2026;21:00;27.6;0;SOLEIL;2;0;0
Niort;46.32;-0.46;08/08/2026;22:00;27.6;0;SOLEIL;2;0;0
Niort;46.32;-0.46;08/08/2026;23:00;23.6;5;SOLEIL VOILÉ;3;0;0
Niort;46.32;-0.46;09/08/2026;00:00;23.6;5;SOLEIL VOILÉ;3;0;0
Niort;46.32;-0.46;09/08/2026;01:00;23.6;5;SOLEIL VOILÉ;3;0;0
Niort;46.32;-0.46;09/08/2026;02:00;22.2;5;SOLEIL VOILÉ;3;0;0
Niort;46.32;-0.46;09/08/2026;03:00;22.2;5;SOLEIL VOILÉ;3;0;0
Niort;46.32;-0.46;09/08/2026;04:00;22.2;5;SOLEIL VOILÉ;3;0;0
Niort;46.32;-0.46;09/08/2026;05:00;21;0;SOLEIL;2;0;0
Niort;46.32;-0.46;09/08/2026;06:00;21;0;SOLEIL;2;0;0
Niort;46.32;-0.46;09/08/2026;07:00;21;0;SOLEIL;2;0;0
Niort;46.32;-0.46;09/08/2026;08:00;27.2;0;SOLEIL;3;0;0
Niort;46.32;-0.46;09/08/2026;09:00;27.2;0;SOLEIL;3;0;0
Niort;46.32;-0.46;09/08/2026;10:00;27.2;0;SOLEIL;3;0;0
Niort;46.32;-0.46;09/08/2026;11:00;30.1;10;ORAGEUX;3;0;0
Niort;46.32;-0.46;09/08/2026;12:00;30.1;10;ORAGEUX;3;0;0
Niort;46.32;-0.46;09/08/2026;13:00;30.1;10;ORAGEUX;3;0;0
Niort;46.32;-0.46;09/08/2026;14:00;31.7;0;SOLEIL;4;0;0
Niort;46.32;-0.46;09/08/2026;15:00;31.7;0;SOLEIL;4;0;0
Niort;46.32;-0.46;09/08/2026;16:00;31.7;0;SOLEIL;4;0;0
Niort;46.32;-0.46;09/08/2026;17:00;30.1;0;SOLEIL;3;0;0
Niort;46.32;-0.46;09/08/2026;18:00;30.1;0;SOLEIL;3;0;0
Niort;46.32;-0.46;09/08/2026;19:00;30.1;0;SOLEIL;3;0;0
Niort;46.32;-0.46;09/08/2026;20:00;25.4;0;SOLEIL;5;0;0
Niort;46.32;-0.46;09/08/2026;21:00;23.6;0;SOLEIL;5;0;0
Niort;46.32;-0.46;09/08/2026;22:00;21.8;0;SOLEIL;5;0;0
Niort;46.32;-0.46;09/08/2026;23:00;23.1;0;SOLEIL;3;0;0
Niort;46.32;-0.46;10/08/2026;00:00;23.1;0;SOLEIL;3;0;0
Niort;46.32;-0.46;10/08/2026;01:00;23.1;0;SOLEIL;3;0;0
Niort;46.32;-0.46;10/08/2026;02:00;20.9;10;ORAGEUX;5;0;0
Niort;46.32;-0.46;10/08/2026;03:00;20.9;10;ORAGEUX;5;0;0
Niort;46.32;-0.46;10/08/2026;04:00;20.9;10;ORAGEUX;5;0;0
Niort;46.32;-0.46;10/08/2026;05:00;20;0;SOLEIL;2;0;0
Niort;46.32;-0.46;10/08/2026;06:00;20;0;SOLEIL;2;0;0
Niort;46.32;-0.46;10/08/2026;07:00;20;0;SOLEIL;2;0;0
Niort;46.32;-0.46;10/08/2026;08:00;23.5;10;ORAGEUX;5;0;0
Niort;46.32;-0.46;10/08/2026;09:00;24.8;10;ORAGEUX;5;0;0
Niort;46.32;-0.46;10/08/2026;10:00;26.1;10;ORAGEUX;5;0;0
Niort;46.32;-0.46;10/08/2026;11:00;31;0;SOLEIL;1;0;0
Niort;46.32;-0.46;10/08/2026;12:00;31;0;SOLEIL;1;0;0
Niort;46.32;-0.46;10/08/2026;13:00;31;0;SOLEIL;1;0;0
Niort;46.32;-0.46;10/08/2026;14:00;31.3;10;ORAGEUX;5;0;0
Niort;46.32;-0.46;10/08/2026;15:00;32.6;10;ORAGEUX;5;0;0
Niort;46.32;-0.46;10/08/2026;16:00;31.3;10;ORAGEUX;5;0;0
Niort;46.32;-0.46;10/08/2026;17:00;32;0;SOLEIL;2;0;0
Niort;46.32;-0.46;10/08/2026;18:00;32;0;SOLEIL;2;0;0
Niort;46.32;-0.46;10/08/2026;19:00;32;0;SOLEIL;2;0;0
Niort;46.32;-0.46;10/08/2026;20:00;26.1;10;ORAGEUX;5;0;0
Niort;46.32;-0.46;10/08/2026;21:00;24.8;10;ORAGEUX;5;0;0
Niort;46.32;-0.46;10/08/2026;22:00;23.5;10;ORAGEUX;5;0;0
Niort;46.32;-0.46;10/08/2026;23:00;23.5;0;SOLEIL;3;0;0
Niort;46.32;-0.46;11/08/2026;00:00;23.5;0;SOLEIL;3;0;0
Niort;46.32;-0.46;11/08/2026;01:00;23.5;0;SOLEIL;3;0;0
Niort;46.32;-0.46;11/08/2026;02:00;19;0;SOLEIL;5;0;0
Niort;46.32;-0.46;11/08/2026;03:00;19;0;SOLEIL;5;0;0
Niort;46.32;-0.46;11/08/2026;04:00;19;0;SOLEIL;5;0;0
Niort;46.32;-0.46;11/08/2026;05:00;21.9;0;SOLEIL;4;0;0
Niort;46.32;-0.46;11/08/2026;06:00;21.9;0;SOLEIL;4;0;0
Niort;46.32;-0.46;11/08/2026;07:00;21.9;0;SOLEIL;4;0;0
Niort;46.32;-0.46;11/08/2026;08:00;22.4;0;SOLEIL;5;0;0
Niort;46.32;-0.46;11/08/2026;09:00;24.0;0;SOLEIL;5;0;0
Niort;46.32;-0.46;11/08/2026;10:00;25.7;0;SOLEIL;5;0;0
Niort;46.32;-0.46;11/08/2026;11:00;33.6;0;SOLEIL;4;0;0
Niort;46.32;-0.46;11/08/2026;12:00;33.6;0;SOLEIL;4;0;0
Niort;46.32;-0.46;11/08/2026;13:00;33.6;0;SOLEIL;4;0;0
Niort;46.32;-0.46;11/08/2026;14:00;32.4;0;SOLEIL;5;0;0
Niort;46.32;-0.46;11/08/2026;15:00;34.1;0;SOLEIL;5;0;0
Niort;46.32;-0.46;11/08/2026;16:00;32.4;0;SOLEIL;5;0;0
Niort;46.32;-0.46;11/08/2026;17:00;33.6;0;SOLEIL;2;0;0
Niort;46.32;-0.46;11/08/2026;18:00;33.6;0;SOLEIL;2;0;0
Niort;46.32;-0.46;11/08/2026;19:00;33.6;0;SOLEIL;2;0;0
Niort;46.32;-0.46;11/08/2026;20:00;25.7;0;SOLEIL;5;0;0
Niort;46.32;-0.46;11/08/2026;21:00;24.0;0;SOLEIL;5;0;0
Niort;46.32;-0.46;11/08/2026;22:00;22.4;0;SOLEIL;5;0;0
Niort;46.32;-0.46;11/08/2026;23:00;26.2;0;SOLEIL;4;0;0
Niort;46.32;-0.46;12/08/2026;00:00;26.2;0;SOLEIL;4;0;0
Niort;46.32;-0.46;12/08/2026;01:00;26.2;0;SOLEIL;4;0;0
Niort;46.32;-0.46;12/08/2026;02:00;20.5;0;SOLEIL;5;0;0
Niort;46.32;-0.46;12/08/2026;03:00;20.5;0;SOLEIL;5;0;0
Niort;46.32;-0.46;12/08/2026;04:00;20.5;0;SOLEIL;5;0;0
Niort;46.32;-0.46;12/08/2026;05:00;22.9;0;SOLEIL;3;0;0
Niort;46.32;-0.46;12/08/2026;06:00;22.9;0;SOLEIL;3;0;0
Niort;46.32;-0.46;12/08/2026;07:00;22.9;0;SOLEIL;3;0;0
Niort;46.32;-0.46;12/08/2026;08:00;24.0;0;SOLEIL;5;0;0
Niort;46.32;-0.46;12/08/2026;09:00;25.7;0;SOLEIL;5;0;0
Niort;46.32;-0.46;12/08/2026;10:00;27.4;0;SOLEIL;5;0;0
Niort;46.32;-0.46;12/08/2026;11:00;33.9;0;SOLEIL;3;0;0
Niort;46.32;-0.46;12/08/2026;12:00;33.9;0;SOLEIL;3;0;0
Niort;46.32;-0.46;12/08/2026;13:00;33.9;0;SOLEIL;3;0;0
Niort;46.32;-0.46;12/08/2026;14:00;34.4;0;SOLEIL;5;0;0
Niort;46.32;-0.46;12/08/2026;15:00;36.1;0;SOLEIL;5;0;0
Niort;46.32;-0.46;12/08/2026;16:00;34.4;0;SOLEIL;5;0;0
Niort;46.32;-0.46;12/08/2026;17:00;31.7;0;SOLEIL;4;0;0
Niort;46.32;-0.46;12/08/2026;18:00;31.7;0;SOLEIL;4;0;0
Niort;46.32;-0.46;12/08/2026;19:00;31.7;0;SOLEIL;4;0;0
Niort;46.32;-0.46;12/08/2026;20:00;27.4;0;SOLEIL;5;0;0
Niort;46.32;-0.46;12/08/2026;21:00;25.7;0;SOLEIL;5;0;0
Niort;46.32;-0.46;12/08/2026;22:00;24.0;0;SOLEIL;5;0;0
Niort;46.32;-0.46;12/08/2026;23:00;24;0;SOLEIL;2;0;0
Poitiers;46.58;0.34;08/08/2026;00:00;18.6;0;SOLEIL;2;0;0
Poitiers;46.58;0.34;08/08/2026;01:00;18.6;0;SOLEIL;2;0;0
Poitiers;46.58;0.34;08/08/2026;02:00;16.2;5;SOLEIL VOILÉ;3;0;0
Poitiers;46.58;0.34;08/08/2026;03:00;16.2;5;SOLEIL VOILÉ;3;0;0
Poitiers;46.58;0.34;08/08/2026;04:00;16.2;5;SOLEIL VOILÉ;3;0;0
Poitiers;46.58;0.34;08/08/2026;05:00;16.6;0;SOLEIL;3;0;0
Poitiers;46.58;0.34;08/08/2026;06:00;16.6;0;SOLEIL;3;0;0
Poitiers;46.58;0.34;08/08/2026;07:00;16.6;0;SOLEIL;3;0;0
Poitiers;46.58;0.34;08/08/2026;08:00;26.4;0;SOLEIL;3;0;0
Poitiers;46.58;0.34;08/08/2026;09:00;26.4;0;SOLEIL;3;0;0
Poitiers;46.58;0.34;08/08/2026;10:00;26.4;0;SOLEIL;3;0;0
Poitiers;46.58;0.34;08/08/2026;11:00;31.1;0;SOLEIL;2;0;0
Poitiers;46.58;0.34;08/08/2026;12:00;31.1;0;SOLEIL;2;0;0
Poitiers;46.58;0.34;08/08/2026;13:00;31.1;0;SOLEIL;2;0;0
Poitiers;46.58;0.34;08/08/2026;14:00;32.9;0;SOLEIL;1;0;0
Poitiers;46.58;0.34;08/08/2026;15:00;32.9;0;SOLEIL;1;0;0
Poitiers;46.58;0.34;08/08/2026;16:00;32.9;0;SOLEIL;1;0;0
Poitiers;46.58;0.34;08/08/2026;17:00;32;0;SOLEIL;2;0;0
Poitiers;46.58;0.34;08/08/2026;18:00;32;0;SOLEIL;2;0;0
Poitiers;46.58;0.34;08/08/2026;19:00;32;0;SOLEIL;2;0;0
Poitiers;46.58;0.34;08/08/2026;20:00;26.2;0;SOLEIL;2;0;0
Poitiers;46.58;0.34;08/08/2026;21:00;26.2;0;SOLEIL;2;0;0
Poitiers;46.58;0.34;08/08/2026;22:00;26.2;0;SOLEIL;2;0;0
Poitiers;46.58;0.34;08/08/2026;23:00;23.6;5;SOLEIL VOILÉ;3;0;0
Poitiers;46.58;0.34;09/08/2026;00:00;23.6;5;SOLEIL VOILÉ;3;0;0
Poitiers;46.58;0.34;09/08/2026;01:00;23.6;5;SOLEIL VOILÉ;3;0;0
Poitiers;46.58;0.34;09/08/2026;02:00;21;5;SOLEIL VOILÉ;2;0;0
Poitiers;46.58;0.34;09/08/2026;03:00;21;5;SOLEIL VOILÉ;2;0;0
Poitiers;46.58;0.34;09/08/2026;04:00;21;5;SOLEIL VOILÉ;2;0;0
Poitiers;46.58;0.34;09/08/2026;05:00;20.7;0;SOLEIL;3;0;0
Poitiers;46.58;0.34;09/08/2026;06:00;20.7;0;SOLEIL;3;0;0
Poitiers;46.58;0.34;09/08/2026;07:00;20.7;0;SOLEIL;3;0;0
Poitiers;46.58;0.34;09/08/2026;08:00;25.6;0;SOLEIL;2;0;0
Poitiers;46.58;0.34;09/08/2026;09:00;25.6;0;SOLEIL;2;0;0
Poitiers;46.58;0.34;09/08/2026;10:00;25.6;0;SOLEIL;2;0;0
Poitiers;46.58;0.34;09/08/2026;11:00;30.6;0;SOLEIL;2;0;0
Poitiers;46.58;0.34;09/08/2026;12:00;30.6;0;SOLEIL;2;0;0
Poitiers;46.58;0.34;09/08/2026;13:00;30.6;0;SOLEIL;2;0;0
Poitiers;46.58;0.34;09/08/2026;14:00;31.7;0;SOLEIL;3;0;0
Poitiers;46.58;0.34;09/08/2026;15:00;31.7;0;SOLEIL;3;0;0
Poitiers;46.58;0.34;09/08/2026;16:00;31.7;0;SOLEIL;3;0;0
Poitiers;46.58;0.34;09/08/2026;17:00;30.4;0;SOLEIL;2;0;0
Poitiers;46.58;0.34;09/08/2026;18:00;30.4;0;SOLEIL;2;0;0
Poitiers;46.58;0.34;09/08/2026;19:00;30.4;0;SOLEIL;2;0;0
Poitiers;46.58;0.34;09/08/2026;20:00;23.7;0;SOLEIL;5;0;0
Poitiers;46.58;0.34;09/08/2026;21:00;21.7;0;SOLEIL;5;0;0
Poitiers;46.58;0.34;09/08/2026;22:00;19.7;0;SOLEIL;5;0;0
Poitiers;46.58;0.34;09/08/2026;23:00;22;0;SOLEIL;3;0;0
Poitiers;46.58;0.34;10/08/2026;00:00;22;0;SOLEIL;3;0;0
Poitiers;46.58;0.34;10/08/2026;01:00;22;0;SOLEIL;3;0;0
Poitiers;46.58;0.34;10/08/2026;02:00;20;0;SOLEIL;5;0;0
Poitiers;46.58;0.34;10/08/2026;03:00;20;0;SOLEIL;5;0;0
Poitiers;46.58;0.34;10/08/2026;04:00;20;0;SOLEIL;5;0;0
Poitiers;46.58;0.34;10/08/2026;05:00;19.6;0;SOLEIL;3;0;0
Poitiers;46.58;0.34;10/08/2026;06:00;19.6;0;SOLEIL;3;0;0
Poitiers;46.58;0.34;10/08/2026;07:00;19.6;0;SOLEIL;3;0;0
Poitiers;46.58;0.34;10/08/2026;08:00;22.8;0;SOLEIL;5;0;0
Poitiers;46.58;0.34;10/08/2026;09:00;24.2;0;SOLEIL;5;0;0
Poitiers;46.58;0.34;10/08/2026;10:00;25.6;0;SOLEIL;5;0;0
Poitiers;46.58;0.34;10/08/2026;11:00;31;0;SOLEIL;2;0;0
Poitiers;46.58;0.34;10/08/2026;12:00;31;0;SOLEIL;2;0;0
Poitiers;46.58;0.34;10/08/2026;13:00;31;0;SOLEIL;2;0;0
Poitiers;46.58;0.34;10/08/2026;14:00;31.2;0;SOLEIL;5;0;0
Poitiers;46.58;0.34;10/08/2026;15:00;32.6;0;SOLEIL;5;0;0
Poitiers;46.58;0.34;10/08/2026;16:00;31.2;0;SOLEIL;5;0;0
Poitiers;46.58;0.34;10/08/2026;17:00;31.1;0;SOLEIL;3;0;0
Poitiers;46.58;0.34;10/08/2026;18:00;31.1;0;SOLEIL;3;0;0
Poitiers;46.58;0.34;10/08/2026;19:00;31.1;0;SOLEIL;3;0;0
Poitiers;46.58;0.34;10/08/2026;20:00;25.6;0;SOLEIL;5;0;0
Poitiers;46.58;0.34;10/08/2026;21:00;24.2;0;SOLEIL;5;0;0
Poitiers;46.58;0.34;10/08/2026;22:00;22.8;0;SOLEIL;5;0;0
Poitiers;46.58;0.34;10/08/2026;23:00;23.2;0;SOLEIL;3;0;0
Poitiers;46.58;0.34;11/08/2026;00:00;23.2;0;SOLEIL;3;0;0
Poitiers;46.58;0.34;11/08/2026;01:00;23.2;0;SOLEIL;3;0;0
Poitiers;46.58;0.34;11/08/2026;02:00;18.6;0;SOLEIL;5;0;0
Poitiers;46.58;0.34;11/08/2026;03:00;18.6;0;SOLEIL;5;0;0
Poitiers;46.58;0.34;11/08/2026;04:00;18.6;0;SOLEIL;5;0;0
Poitiers;46.58;0.34;11/08/2026;05:00;20.6;0;SOLEIL;3;0;0
Poitiers;46.58;0.34;11/08/2026;06:00;20.6;0;SOLEIL;3;0;0
Poitiers;46.58;0.34;11/08/2026;07:00;20.6;0;SOLEIL;3;0;0
Poitiers;46.58;0.34;11/08/2026;08:00;21.8;0;SOLEIL;5;0;0
Poitiers;46.58;0.34;11/08/2026;09:00;23.5;0;SOLEIL;5;0;0
Poitiers;46.58;0.34;11/08/2026;10:00;25.1;0;SOLEIL;5;0;0
Poitiers;46.58;0.34;11/08/2026;11:00;32.6;0;SOLEIL;4;0;0
Poitiers;46.58;0.34;11/08/2026;12:00;32.6;0;SOLEIL;4;0;0
Poitiers;46.58;0.34;11/08/2026;13:00;32.6;0;SOLEIL;4;0;0
Poitiers;46.58;0.34;11/08/2026;14:00;31.6;0;SOLEIL;5;0;0
Poitiers;46.58;0.34;11/08/2026;15:00;33.2;0;SOLEIL;5;0;0
Poitiers;46.58;0.34;11/08/2026;16:00;31.6;0;SOLEIL;5;0;0
Poitiers;46.58;0.34;11/08/2026;17:00;33;0;SOLEIL;3;0;0
Poitiers;46.58;0.34;11/08/2026;18:00;33;0;SOLEIL;3;0;0
Poitiers;46.58;0.34;11/08/2026;19:00;33;0;SOLEIL;3;0;0
Poitiers;46.58;0.34;11/08/2026;20:00;25.1;0;SOLEIL;5;0;0
Poitiers;46.58;0.34;11/08/2026;21:00;23.5;0;SOLEIL;5;0;0
Poitiers;46.58;0.34;11/08/2026;22:00;21.8;0;SOLEIL;5;0;0
Poitiers;46.58;0.34;11/08/2026;23:00;25.1;0;SOLEIL;3;0;0
Poitiers;46.58;0.34;12/08/2026;00:00;25.1;0;SOLEIL;3;0;0
Poitiers;46.58;0.34;12/08/2026;01:00;25.1;0;SOLEIL;3;0;0
Poitiers;46.58;0.34;12/08/2026;02:00;19.7;0;SOLEIL;5;0;0
Poitiers;46.58;0.34;12/08/2026;03:00;19.7;0;SOLEIL;5;0;0
Poitiers;46.58;0.34;12/08/2026;04:00;19.7;0;SOLEIL;5;0;0
Poitiers;46.58;0.34;12/08/2026;05:00;21.5;0;SOLEIL;3;0;0
Poitiers;46.58;0.34;12/08/2026;06:00;21.5;0;SOLEIL;3;0;0
Poitiers;46.58;0.34;12/08/2026;07:00;21.5;0;SOLEIL;3;0;0
Poitiers;46.58;0.34;12/08/2026;08:00;23.1;0;SOLEIL;5;0;0
Poitiers;46.58;0.34;12/08/2026;09:00;24.9;0;SOLEIL;5;0;0
Poitiers;46.58;0.34;12/08/2026;10:00;26.6;0;SOLEIL;5;0;0
Poitiers;46.58;0.34;12/08/2026;11:00;35.1;0;SOLEIL;3;0;0
Poitiers;46.58;0.34;12/08/2026;12:00;35.1;0;SOLEIL;3;0;0
Poitiers;46.58;0.34;12/08/2026;13:00;35.1;0;SOLEIL;3;0;0
Poitiers;46.58;0.34;12/08/2026;14:00;33.5;0;SOLEIL;5;0;0
Poitiers;46.58;0.34;12/08/2026;15:00;35.2;0;SOLEIL;5;0;0
Poitiers;46.58;0.34;12/08/2026;16:00;33.5;0;SOLEIL;5;0;0
Poitiers;46.58;0.34;12/08/2026;17:00;35.1;0;SOLEIL;3;0;0
Poitiers;46.58;0.34;12/08/2026;18:00;35.1;0;SOLEIL;3;0;0
Poitiers;46.58;0.34;12/08/2026;19:00;35.1;0;SOLEIL;3;0;0
Poitiers;46.58;0.34;12/08/2026;20:00;26.6;0;SOLEIL;5;0;0
Poitiers;46.58;0.34;12/08/2026;21:00;24.9;0;SOLEIL;5;0;0
Poitiers;46.58;0.34;12/08/2026;22:00;23.1;0;SOLEIL;5;0;0
Poitiers;46.58;0.34;12/08/2026;23:00;24.6;0;SOLEIL;3;0;0
Limoges;45.83;1.26;08/08/2026;00:00;19.6;0;SOLEIL;3;0;0
Limoges;45.83;1.26;08/08/2026;01:00;19.6;0;SOLEIL;3;0;0
Limoges;45.83;1.26;08/08/2026;02:00;16.5;0;SOLEIL;2;0;0
Limoges;45.83;1.26;08/08/2026;03:00;16.5;0;SOLEIL;2;0;0
Limoges;45.83;1.26;08/08/2026;04:00;16.5;0;SOLEIL;2;0;0
Limoges;45.83;1.26;08/08/2026;05:00;16.7;0;SOLEIL;2;0;0
Limoges;45.83;1.26;08/08/2026;06:00;16.7;0;SOLEIL;2;0;0
Limoges;45.83;1.26;08/08/2026;07:00;16.7;0;SOLEIL;2;0;0
Limoges;45.83;1.26;08/08/2026;08:00;26.6;0;SOLEIL;1;0;0
Limoges;45.83;1.26;08/08/2026;09:00;26.6;0;SOLEIL;1;0;0
Limoges;45.83;1.26;08/08/2026;10:00;26.6;0;SOLEIL;1;0;0
Limoges;45.83;1.26;08/08/2026;11:00;32;0;SOLEIL;1;0;0
Limoges;45.83;1.26;08/08/2026;12:00;32;0;SOLEIL;1;0;0
Limoges;45.83;1.26;08/08/2026;13:00;32;0;SOLEIL;1;0;0
Limoges;45.83;1.26;08/08/2026;14:00;34.6;0;SOLEIL;1;0;0
Limoges;45.83;1.26;08/08/2026;15:00;34.6;0;SOLEIL;1;0;0
Limoges;45.83;1.26;08/08/2026;16:00;34.6;0;SOLEIL;1;0;0
Limoges;45.83;1.26;08/08/2026;17:00;33;0;SOLEIL;2;0;0
Limoges;45.83;1.26;08/08/2026;18:00;33;0;SOLEIL;2;0;0
Limoges;45.83;1.26;08/08/2026;19:00;33;0;SOLEIL;2;0;0
Limoges;45.83;1.26;08/08/2026;20:00;26.1;0;SOLEIL;2;0;0
Limoges;45.83;1.26;08/08/2026;21:00;26.1;0;SOLEIL;2;0;0
Limoges;45.83;1.26;08/08/2026;22:00;26.1;0;SOLEIL;2;0;0
Limoges;45.83;1.26;08/08/2026;23:00;22.7;5;SOLEIL VOILÉ;1;0;0
Limoges;45.83;1.26;09/08/2026;00:00;22.7;5;SOLEIL VOILÉ;1;0;0
Limoges;45.83;1.26;09/08/2026;01:00;22.7;5;SOLEIL VOILÉ;1;0;0
Limoges;45.83;1.26;09/08/2026;02:00;21.5;5;SOLEIL VOILÉ;2;0;0
Limoges;45.83;1.26;09/08/2026;03:00;21.5;5;SOLEIL VOILÉ;2;0;0
Limoges;45.83;1.26;09/08/2026;04:00;21.5;5;SOLEIL VOILÉ;2;0;0
Limoges;45.83;1.26;09/08/2026;05:00;21.6;10;ORAGEUX;3;0;0
Limoges;45.83;1.26;09/08/2026;06:00;21.6;10;ORAGEUX;3;0;0
Limoges;45.83;1.26;09/08/2026;07:00;21.6;10;ORAGEUX;3;0;0
Limoges;45.83;1.26;09/08/2026;08:00;26;10;ORAGEUX;2;0;0
Limoges;45.83;1.26;09/08/2026;09:00;26;10;ORAGEUX;2;0;0
Limoges;45.83;1.26;09/08/2026;10:00;26;10;ORAGEUX;2;0;0
Limoges;45.83;1.26;09/08/2026;11:00;29.2;10;ORAGEUX;3;0;0
Limoges;45.83;1.26;09/08/2026;12:00;29.2;10;ORAGEUX;3;0;0
Limoges;45.83;1.26;09/08/2026;13:00;29.2;10;ORAGEUX;3;0;0
Limoges;45.83;1.26;09/08/2026;14:00;32.1;10;ORAGEUX;3;0;0
Limoges;45.83;1.26;09/08/2026;15:00;32.1;10;ORAGEUX;3;0;0
Limoges;45.83;1.26;09/08/2026;16:00;32.1;10;ORAGEUX;3;0;0
Limoges;45.83;1.26;09/08/2026;17:00;26.9;10;ORAGEUX;2;0;0
Limoges;45.83;1.26;09/08/2026;18:00;26.9;10;ORAGEUX;2;0;0
Limoges;45.83;1.26;09/08/2026;19:00;26.9;10;ORAGEUX;2;0;0
Limoges;45.83;1.26;09/08/2026;20:00;24.2;0;SOLEIL;5;0;0
Limoges;45.83;1.26;09/08/2026;21:00;21.9;0;SOLEIL;5;0;0
Limoges;45.83;1.26;09/08/2026;22:00;19.6;0;SOLEIL;5;0;0
Limoges;45.83;1.26;09/08/2026;23:00;19.9;0;SOLEIL;0;0;0
Limoges;45.83;1.26;10/08/2026;00:00;19.9;0;SOLEIL;0;0;0
Limoges;45.83;1.26;10/08/2026;01:00;19.9;0;SOLEIL;0;0;0
Limoges;45.83;1.26;10/08/2026;02:00;20.1;10;ORAGEUX;5;0;0
Limoges;45.83;1.26;10/08/2026;03:00;20.1;10;ORAGEUX;5;0;0
Limoges;45.83;1.26;10/08/2026;04:00;20.1;10;ORAGEUX;5;0;0
Limoges;45.83;1.26;10/08/2026;05:00;18.4;0;SOLEIL;2;0;0
Limoges;45.83;1.26;10/08/2026;06:00;18.4;0;SOLEIL;2;0;0
Limoges;45.83;1.26;10/08/2026;07:00;18.4;0;SOLEIL;2;0;0
Limoges;45.83;1.26;10/08/2026;08:00;23.0;10;ORAGEUX;5;0;0
Limoges;45.83;1.26;10/08/2026;09:00;24.4;10;ORAGEUX;5;0;0
Limoges;45.83;1.26;10/08/2026;10:00;25.9;10;ORAGEUX;5;0;0
Limoges;45.83;1.26;10/08/2026;11:00;31;0;SOLEIL;2;0;0
Limoges;45.83;1.26;10/08/2026;12:00;31;0;SOLEIL;2;0;0
Limoges;45.83;1.26;10/08/2026;13:00;31;0;SOLEIL;2;0;0
Limoges;45.83;1.26;10/08/2026;14:00;31.7;10;ORAGEUX;5;0;0
Limoges;45.83;1.26;10/08/2026;15:00;33.1;10;ORAGEUX;5;0;0
Limoges;45.83;1.26;10/08/2026;16:00;31.7;10;ORAGEUX;5;0;0
Limoges;45.83;1.26;10/08/2026;17:00;29.2;0;SOLEIL;2;0;0
Limoges;45.83;1.26;10/08/2026;18:00;29.2;0;SOLEIL;2;0;0
Limoges;45.83;1.26;10/08/2026;19:00;29.2;0;SOLEIL;2;0;0
Limoges;45.83;1.26;10/08/2026;20:00;25.9;10;ORAGEUX;5;0;0
Limoges;45.83;1.26;10/08/2026;21:00;24.4;10;ORAGEUX;5;0;0
Limoges;45.83;1.26;10/08/2026;22:00;23.0;10;ORAGEUX;5;0;0
Limoges;45.83;1.26;10/08/2026;23:00;20.4;0;SOLEIL;2;0;0
Limoges;45.83;1.26;11/08/2026;00:00;20.4;0;SOLEIL;2;0;0
Limoges;45.83;1.26;11/08/2026;01:00;20.4;0;SOLEIL;2;0;0
Limoges;45.83;1.26;11/08/2026;02:00;17.1;0;SOLEIL;5;0;0
Limoges;45.83;1.26;11/08/2026;03:00;17.1;0;SOLEIL;5;0;0
Limoges;45.83;1.26;11/08/2026;04:00;17.1;0;SOLEIL;5;0;0
Limoges;45.83;1.26;11/08/2026;05:00;17.5;0;SOLEIL;2;0;0
Limoges;45.83;1.26;11/08/2026;06:00;17.5;0;SOLEIL;2;0;0
Limoges;45.83;1.26;11/08/2026;07:00;17.5;0;SOLEIL;2;0;0
Limoges;45.83;1.26;11/08/2026;08:00;20.7;0;SOLEIL;5;0;0
Limoges;45.83;1.26;11/08/2026;09:00;22.5;0;SOLEIL;5;0;0
Limoges;45.83;1.26;11/08/2026;10:00;24.3;0;SOLEIL;5;0;0
Limoges;45.83;1.26;11/08/2026;11:00;34;0;SOLEIL;2;0;0
Limoges;45.83;1.26;11/08/2026;12:00;34;0;SOLEIL;2;0;0
Limoges;45.83;1.26;11/08/2026;13:00;34;0;SOLEIL;2;0;0
Limoges;45.83;1.26;11/08/2026;14:00;31.4;0;SOLEIL;5;0;0
Limoges;45.83;1.26;11/08/2026;15:00;33.2;0;SOLEIL;5;0;0
Limoges;45.83;1.26;11/08/2026;16:00;31.4;0;SOLEIL;5;0;0
Limoges;45.83;1.26;11/08/2026;17:00;31.9;0;SOLEIL;3;0;0
Limoges;45.83;1.26;11/08/2026;18:00;31.9;0;SOLEIL;3;0;0
Limoges;45.83;1.26;11/08/2026;19:00;31.9;0;SOLEIL;3;0;0
Limoges;45.83;1.26;11/08/2026;20:00;24.3;0;SOLEIL;5;0;0
Limoges;45.83;1.26;11/08/2026;21:00;22.5;0;SOLEIL;5;0;0
Limoges;45.83;1.26;11/08/2026;22:00;20.7;0;SOLEIL;5;0;0
Limoges;45.83;1.26;11/08/2026;23:00;20.5;0;SOLEIL;2;0;0
Limoges;45.83;1.26;12/08/2026;00:00;20.5;0;SOLEIL;2;0;0
Limoges;45.83;1.26;12/08/2026;01:00;20.5;0;SOLEIL;2;0;0
Limoges;45.83;1.26;12/08/2026;02:00;16.1;0;SOLEIL;5;0;0
Limoges;45.83;1.26;12/08/2026;03:00;16.1;0;SOLEIL;5;0;0
Limoges;45.83;1.26;12/08/2026;04:00;16.1;0;SOLEIL;5;0;0
Limoges;45.83;1.26;12/08/2026;05:00;18.2;0;SOLEIL;2;0;0
Limoges;45.83;1.26;12/08/2026;06:00;18.2;0;SOLEIL;2;0;0
Limoges;45.83;1.26;12/08/2026;07:00;18.2;0;SOLEIL;2;0;0
Limoges;45.83;1.26;12/08/2026;08:00;20.5;0;SOLEIL;5;0;0
Limoges;45.83;1.26;12/08/2026;09:00;22.8;0;SOLEIL;5;0;0
Limoges;45.83;1.26;12/08/2026;10:00;25.0;0;SOLEIL;5;0;0
Limoges;45.83;1.26;12/08/2026;11:00;35.4;0;SOLEIL;3;0;0
Limoges;45.83;1.26;12/08/2026;12:00;35.4;0;SOLEIL;3;0;0
Limoges;45.83;1.26;12/08/2026;13:00;35.4;0;SOLEIL;3;0;0
Limoges;45.83;1.26;12/08/2026;14:00;33.9;0;SOLEIL;5;0;0
Limoges;45.83;1.26;12/08/2026;15:00;36.1;0;SOLEIL;5;0;0
Limoges;45.83;1.26;12/08/2026;16:00;33.9;0;SOLEIL;5;0;0
Limoges;45.83;1.26;12/08/2026;17:00;32.1;0;SOLEIL;1;0;0
Limoges;45.83;1.26;12/08/2026;18:00;32.1;0;SOLEIL;1;0;0
Limoges;45.83;1.26;12/08/2026;19:00;32.1;0;SOLEIL;1;0;0
Limoges;45.83;1.26;12/08/2026;20:00;25.0;0;SOLEIL;5;0;0
Limoges;45.83;1.26;12/08/2026;21:00;22.8;0;SOLEIL;5;0;0
Limoges;45.83;1.26;12/08/2026;22:00;20.5;0;SOLEIL;5;0;0
Limoges;45.83;1.26;12/08/2026;23:00;22.4;0;SOLEIL;2;0;0
