Ville;Latitude;Longitude;Date;Heure;temperature_2m;weathercode;Temps_Label;windspeed_10m;wind_gusts_10m;precipitation
Châtillon-sur-Seine;47.86;4.57;08/08/2026;00:00;18.9;0;SOLEIL;3;0;0
Châtillon-sur-Seine;47.86;4.57;08/08/2026;01:00;18.9;0;SOLEIL;3;0;0
Châtillon-sur-Seine;47.86;4.57;08/08/2026;02:00;16.2;0;SOLEIL;3;0;0
Châtillon-sur-Seine;47.86;4.57;08/08/2026;03:00;16.2;0;SOLEIL;3;0;0
Châtillon-sur-Seine;47.86;4.57;08/08/2026;04:00;16.2;0;SOLEIL;3;0;0
Châtillon-sur-Seine;47.86;4.57;08/08/2026;05:00;18.1;0;SOLEIL;3;0;0
Châtillon-sur-Seine;47.86;4.57;08/08/2026;06:00;18.1;0;SOLEIL;3;0;0
Châtillon-sur-Seine;47.86;4.57;08/08/2026;07:00;18.1;0;SOLEIL;3;0;0
Châtillon-sur-Seine;47.86;4.57;08/08/2026;08:00;25.5;0;SOLEIL;3;0;0
Châtillon-sur-Seine;47.86;4.57;08/08/2026;09:00;25.5;0;SOLEIL;3;0;0
Châtillon-sur-Seine;47.86;4.57;08/08/2026;10:00;25.5;0;SOLEIL;3;0;0
Châtillon-sur-Seine;47.86;4.57;08/08/2026;11:00;30.1;0;SOLEIL;2;0;0
Châtillon-sur-Seine;47.86;4.57;08/08/2026;12:00;30.1;0;SOLEIL;2;0;0
Châtillon-sur-Seine;47.86;4.57;08/08/2026;13:00;30.1;0;SOLEIL;2;0;0
Châtillon-sur-Seine;47.86;4.57;08/08/2026;14:00;32.6;0;SOLEIL;3;0;0
Châtillon-sur-Seine;47.86;4.57;08/08/2026;15:00;32.6;0;SOLEIL;3;0;0
Châtillon-sur-Seine;47.86;4.57;08/08/2026;16:00;32.6;0;SOLEIL;3;0;0
Châtillon-sur-Seine;47.86;4.57;08/08/2026;17:00;31.4;0;SOLEIL;2;0;0
Châtillon-sur-Seine;47.86;4.57;08/08/2026;18:00;31.4;0;SOLEIL;2;0;0
Châtillon-sur-Seine;47.86;4.57;08/08/2026;19:00;31.4;0;SOLEIL;2;0;0
Châtillon-sur-Seine;47.86;4.57;08/08/2026;20:00;23.2;0;SOLEIL;2;0;0
Châtillon-sur-Seine;47.86;4.57;08/08/2026;21:00;23.2;0;SOLEIL;2;0;0
Châtillon-sur-Seine;47.86;4.57;08/08/2026;22:00;23.2;0;SOLEIL;2;0;0
Châtillon-sur-Seine;47.86;4.57;08/08/2026;23:00;20.9;0;SOLEIL;3;0;0
Châtillon-sur-Seine;47.86;4.57;09/08/2026;00:00;20.9;0;SOLEIL;3;0;0
Châtillon-sur-Seine;47.86;4.57;09/08/2026;01:00;20.9;0;SOLEIL;3;0;0
Châtillon-sur-Seine;47.86;4.57;09/08/2026;02:00;18.1;5;SOLEIL VOILÉ;3;0;0
Châtillon-sur-Seine;47.86;4.57;09/08/2026;03:00;18.1;5;SOLEIL VOILÉ;3;0;0
Châtillon-sur-Seine;47.86;4.57;09/08/2026;04:00;18.1;5;SOLEIL VOILÉ;3;0;0
Châtillon-sur-Seine;47.86;4.57;09/08/2026;05:00;19.1;5;SOLEIL VOILÉ;2;0;0
Châtillon-sur-Seine;47.86;4.57;09/08/2026;06:00;19.1;5;SOLEIL VOILÉ;2;0;0
Châtillon-sur-Seine;47.86;4.57;09/08/2026;07:00;19.1;5;SOLEIL VOILÉ;2;0;0
Châtillon-sur-Seine;47.86;4.57;09/08/2026;08:00;26.6;5;SOLEIL VOILÉ;2;0;0
Châtillon-sur-Seine;47.86;4.57;09/08/2026;09:00;26.6;5;SOLEIL VOILÉ;2;0;0
Châtillon-sur-Seine;47.86;4.57;09/08/2026;10:00;26.6;5;SOLEIL VOILÉ;2;0;0
Châtillon-sur-Seine;47.86;4.57;09/08/2026;11:00;30.9;0;SOLEIL;3;0;0
Châtillon-sur-Seine;47.86;4.57;09/08/2026;12:00;30.9;0;SOLEIL;3;0;0
Châtillon-sur-Seine;47.86;4.57;09/08/2026;13:00;30.9;0;SOLEIL;3;0;0
Châtillon-sur-Seine;47.86;4.57;09/08/2026;14:00;33;5;SOLEIL VOILÉ;3;0;0
Châtillon-sur-Seine;47.86;4.57;09/08/2026;15:00;33;5;SOLEIL VOILÉ;3;0;0
Châtillon-sur-Seine;47.86;4.57;09/08/2026;16:00;33;5;SOLEIL VOILÉ;3;0;0
Châtillon-sur-Seine;47.86;4.57;09/08/2026;17:00;28.7;0;SOLEIL;3;0;0
Châtillon-sur-Seine;47.86;4.57;09/08/2026;18:00;28.7;0;SOLEIL;3;0;0
Châtillon-sur-Seine;47.86;4.57;09/08/2026;19:00;28.7;0;SOLEIL;3;0;0
Châtillon-sur-Seine;47.86;4.57;09/08/2026;20:00;23.0;0;SOLEIL;5;0;0
Châtillon-sur-Seine;47.86;4.57;09/08/2026;21:00;21.0;0;SOLEIL;5;0;0
Châtillon-sur-Seine;47.86;4.57;09/08/2026;22:00;19.0;0;SOLEIL;5;0;0
Châtillon-sur-Seine;47.86;4.57;09/08/2026;23:00;20.1;0;SOLEIL;2;0;0
Châtillon-sur-Seine;47.86;4.57;10/08/2026;00:00;20.1;0;SOLEIL;2;0;0
Châtillon-sur-Seine;47.86;4.57;10/08/2026;01:00;20.1;0;SOLEIL;2;0;0
Châtillon-sur-Seine;47.86;4.57;10/08/2026;02:00;17.1;5;SOLEIL VOILÉ;5;0;0
Châtillon-sur-Seine;47.86;4.57;10/08/2026;03:00;17.1;5;SOLEIL VOILÉ;5;0;0
Châtillon-sur-Seine;47.86;4.57;10/08/2026;04:00;17.1;5;SOLEIL VOILÉ;5;0;0
Châtillon-sur-Seine;47.86;4.57;10/08/2026;05:00;20.9;0;SOLEIL;1;0;0
Châtillon-sur-Seine;47.86;4.57;10/08/2026;06:00;20.9;0;SOLEIL;1;0;0
Châtillon-sur-Seine;47.86;4.57;10/08/2026;07:00;20.9;0;SOLEIL;1;0;0
Châtillon-sur-Seine;47.86;4.57;10/08/2026;08:00;20.8;5;SOLEIL VOILÉ;5;0;0
Châtillon-sur-Seine;47.86;4.57;10/08/2026;09:00;22.6;5;SOLEIL VOILÉ;5;0;0
Châtillon-sur-Seine;47.86;4.57;10/08/2026;10:00;24.4;5;SOLEIL VOILÉ;5;0;0
Châtillon-sur-Seine;47.86;4.57;10/08/2026;11:00;32.6;6;AVERSES;2;0;0
Châtillon-sur-Seine;47.86;4.57;10/08/2026;12:00;32.6;6;AVERSES;2;0;0
Châtillon-sur-Seine;47.86;4.57;10/08/2026;13:00;32.6;6;AVERSES;2;0;0
Châtillon-sur-Seine;47.86;4.57;10/08/2026;14:00;31.8;5;SOLEIL VOILÉ;5;0;0
Châtillon-sur-Seine;47.86;4.57;10/08/2026;15:00;33.6;5;SOLEIL VOILÉ;5;0;0
Châtillon-sur-Seine;47.86;4.57;10/08/2026;16:00;31.8;5;SOLEIL VOILÉ;5;0;0
Châtillon-sur-Seine;47.86;4.57;10/08/2026;17:00;30.7;6;AVERSES;2;0;0
Châtillon-sur-Seine;47.86;4.57;10/08/2026;18:00;30.7;6;AVERSES;2;0;0
Châtillon-sur-Seine;47.86;4.57;10/08/2026;19:00;30.7;6;AVERSES;2;0;0
Châtillon-sur-Seine;47.86;4.57;10/08/2026;20:00;24.4;5;SOLEIL VOILÉ;5;0;0
Châtillon-sur-Seine;47.86;4.57;10/08/2026;21:00;22.6;5;SOLEIL VOILÉ;5;0;0
Châtillon-sur-Seine;47.86;4.57;10/08/2026;22:00;20.8;5;SOLEIL VOILÉ;5;0;0
Châtillon-sur-Seine;47.86;4.57;10/08/2026;23:00;21.5;0;SOLEIL;3;0;0
Châtillon-sur-Seine;47.86;4.57;11/08/2026;00:00;21.5;0;SOLEIL;3;0;0
Châtillon-sur-Seine;47.86;4.57;11/08/2026;01:00;21.5;0;SOLEIL;3;0;0
Châtillon-sur-Seine;47.86;4.57;11/08/2026;02:00;18.6;6;AVERSES;5;0;0
Châtillon-sur-Seine;47.86;4.57;11/08/2026;03:00;18.6;6;AVERSES;5;0;0
Châtillon-sur-Seine;47.86;4.57;11/08/2026;04:00;18.6;6;AVERSES;5;0;0
Châtillon-sur-Seine;47.86;4.57;11/08/2026;05:00;19.6;0;SOLEIL;3;0;0
Châtillon-sur-Seine;47.86;4.57;11/08/2026;06:00;19.6;0;SOLEIL;3;0;0
Châtillon-sur-Seine;47.86;4.57;11/08/2026;07:00;19.6;0;SOLEIL;3;0;0
Châtillon-sur-Seine;47.86;4.57;11/08/2026;08:00;22.1;6;AVERSES;5;0;0
Châtillon-sur-Seine;47.86;4.57;11/08/2026;09:00;23.9;6;AVERSES;5;0;0
Châtillon-sur-Seine;47.86;4.57;11/08/2026;10:00;25.6;6;AVERSES;5;0;0
Châtillon-sur-Seine;47.86;4.57;11/08/2026;11:00;32.5;0;SOLEIL;3;0;0
Châtillon-sur-Seine;47.86;4.57;11/08/2026;12:00;32.5;0;SOLEIL;3;0;0
Châtillon-sur-Seine;47.86;4.57;11/08/2026;13:00;32.5;0;SOLEIL;3;0;0
Châtillon-sur-Seine;47.86;4.57;11/08/2026;14:00;32.6;6;AVERSES;5;0;0
Châtillon-sur-Seine;47.86;4.57;11/08/2026;15:00;34.4;6;AVERSES;5;0;0
Châtillon-sur-Seine;47.86;4.57;11/08/2026;16:00;32.6;6;AVERSES;5;0;0
Châtillon-sur-Seine;47.86;4.57;11/08/2026;17:00;31.6;0;SOLEIL;3;0;0
Châtillon-sur-Seine;47.86;4.57;11/08/2026;18:00;31.6;0;SOLEIL;3;0;0
Châtillon-sur-Seine;47.86;4.57;11/08/2026;19:00;31.6;0;SOLEIL;3;0;0
Châtillon-sur-Seine;47.86;4.57;11/08/2026;20:00;25.6;6;AVERSES;5;0;0
Châtillon-sur-Seine;47.86;4.57;11/08/2026;21:00;23.9;6;AVERSES;5;0;0
Châtillon-sur-Seine;47.86;4.57;11/08/2026;22:00;22.1;6;AVERSES;5;0;0
Châtillon-sur-Seine;47.86;4.57;11/08/2026;23:00;21.6;0;SOLEIL;3;0;0
Châtillon-sur-Seine;47.86;4.57;12/08/2026;00:00;21.6;0;SOLEIL;3;0;0
Châtillon-sur-Seine;47.86;4.57;12/08/2026;01:00;21.6;0;SOLEIL;3;0;0
Châtillon-sur-Seine;47.86;4.57;12/08/2026;02:00;18.1;0;SOLEIL;5;0;0
Châtillon-sur-Seine;47.86;4.57;12/08/2026;03:00;18.1;0;SOLEIL;5;0;0
Châtillon-sur-Seine;47.86;4.57;12/08/2026;04:00;18.1;0;SOLEIL;5;0;0
Châtillon-sur-Seine;47.86;4.57;12/08/2026;05:00;19.5;0;SOLEIL;3;0;0
Châtillon-sur-Seine;47.86;4.57;12/08/2026;06:00;19.5;0;SOLEIL;3;0;0
Châtillon-sur-Seine;47.86;4.57;12/08/2026;07:00;19.5;0;SOLEIL;3;0;0
Châtillon-sur-Seine;47.86;4.57;12/08/2026;08:00;21.6;0;SOLEIL;5;0;0
Châtillon-sur-Seine;47.86;4.57;12/08/2026;09:00;23.3;0;SOLEIL;5;0;0
Châtillon-sur-Seine;47.86;4.57;12/08/2026;10:00;25.0;0;SOLEIL;5;0;0
Châtillon-sur-Seine;47.86;4.57;12/08/2026;11:00;33.1;0;SOLEIL;2;0;0
Châtillon-sur-Seine;47.86;4.57;12/08/2026;12:00;33.1;0;SOLEIL;2;0;0
Châtillon-sur-Seine;47.86;4.57;12/08/2026;13:00;33.1;0;SOLEIL;2;0;0
Châtillon-sur-Seine;47.86;4.57;12/08/2026;14:00;32.0;0;SOLEIL;5;0;0
Châtillon-sur-Seine;47.86;4.57;12/08/2026;15:00;33.7;0;SOLEIL;5;0;0
Châtillon-sur-Seine;47.86;4.57;12/08/2026;16:00;32.0;0;SOLEIL;5;0;0
Châtillon-sur-Seine;47.86;4.57;12/08/2026;17:00;33.5;0;SOLEIL;2;0;0
Châtillon-sur-Seine;47.86;4.57;12/08/2026;18:00;33.5;0;SOLEIL;2;0;0
Châtillon-sur-Seine;47.86;4.57;12/08/2026;19:00;33.5;0;SOLEIL;2;0;0
Châtillon-sur-Seine;47.86;4.57;12/08/2026;20:00;25.0;0;SOLEIL;5;0;0
Châtillon-sur-Seine;47.86;4.57;12/08/2026;21:00;23.3;0;SOLEIL;5;0;0
Châtillon-sur-Seine;47.86;4.57;12/08/2026;22:00;21.6;0;SOLEIL;5;0;0
Châtillon-sur-Seine;47.86;4.57;12/08/2026;23:00;23.1;0;SOLEIL;2;0;0
Dijon;47.32;5.04;08/08/2026;00:00;12.2;0;SOLEIL;1;0;0
Dijon;47.32;5.04;08/08/2026;01:00;12.2;0;SOLEIL;1;0;0
Dijon;47.32;5.04;08/08/2026;02:00;10.7;0;SOLEIL;2;0;0
Dijon;47.32;5.04;08/08/2026;03:00;10.7;0;SOLEIL;2;0;0
Dijon;47.32;5.04;08/08/2026;04:00;10.7;0;SOLEIL;2;0;0
Dijon;47.32;5.04;08/08/2026;05:00;14.1;0;SOLEIL;0;0;0
Dijon;47.32;5.04;08/08/2026;06:00;14.1;0;SOLEIL;0;0;0
Dijon;47.32;5.04;08/08/2026;07:00;14.1;0;SOLEIL;0;0;0
Dijon;47.32;5.04;08/08/2026;08:00;23.4;0;SOLEIL;2;0;0
Dijon;47.32;5.04;08/08/2026;09:00;23.4;0;SOLEIL;2;0;0
Dijon;47.32;5.04;08/08/2026;10:00;23.4;0;SOLEIL;2;0;0
Dijon;47.32;5.04;08/08/2026;11:00;29.5;0;SOLEIL;2;0;0
Dijon;47.32;5.04;08/08/2026;12:00;29.5;0;SOLEIL;2;0;0
Dijon;47.32;5.04;08/08/2026;13:00;29.5;0;SOLEIL;2;0;0
Dijon;47.32;5.04;08/08/2026;14:00;32.6;0;SOLEIL;3;0;0
Dijon;47.32;5.04;08/08/2026;15:00;32.6;0;SOLEIL;3;0;0
Dijon;47.32;5.04;08/08/2026;16:00;32.6;0;SOLEIL;3;0;0
Dijon;47.32;5.04;08/08/2026;17:00;30.9;0;SOLEIL;2;0;0
Dijon;47.32;5.04;08/08/2026;18:00;30.9;0;SOLEIL;2;0;0
Dijon;47.32;5.04;08/08/2026;19:00;30.9;0;SOLEIL;2;0;0
Dijon;47.32;5.04;08/08/2026;20:00;22.5;0;SOLEIL;2;0;0
Dijon;47.32;5.04;08/08/2026;21:00;22.5;0;SOLEIL;2;0;0
Dijon;47.32;5.04;08/08/2026;22:00;22.5;0;SOLEIL;2;0;0
Dijon;47.32;5.04;08/08/2026;23:00;17.7;0;SOLEIL;1;0;0
Dijon;47.32;5.04;09/08/2026;00:00;17.7;0;SOLEIL;1;0;0
Dijon;47.32;5.04;09/08/2026;01:00;17.7;0;SOLEIL;1;0;0
Dijon;47.32;5.04;09/08/2026;02:00;15.4;5;SOLEIL VOILÉ;1;0;0
Dijon;47.32;5.04;09/08/2026;03:00;15.4;5;SOLEIL VOILÉ;1;0;0
Dijon;47.32;5.04;09/08/2026;04:00;15.4;5;SOLEIL VOILÉ;1;0;0
Dijon;47.32;5.04;09/08/2026;05:00;20.6;5;SOLEIL VOILÉ;2;0;0
Dijon;47.32;5.04;09/08/2026;06:00;20.6;5;SOLEIL VOILÉ;2;0;0
Dijon;47.32;5.04;09/08/2026;07:00;20.6;5;SOLEIL VOILÉ;2;0;0
Dijon;47.32;5.04;09/08/2026;08:00;24.2;5;SOLEIL VOILÉ;2;0;0
Dijon;47.32;5.04;09/08/2026;09:00;24.2;5;SOLEIL VOILÉ;2;0;0
Dijon;47.32;5.04;09/08/2026;10:00;24.2;5;SOLEIL VOILÉ;2;0;0
Dijon;47.32;5.04;09/08/2026;11:00;29.9;5;SOLEIL VOILÉ;3;0;0
Dijon;47.32;5.04;09/08/2026;12:00;29.9;5;SOLEIL VOILÉ;3;0;0
Dijon;47.32;5.04;09/08/2026;13:00;29.9;5;SOLEIL VOILÉ;3;0;0
Dijon;47.32;5.04;09/08/2026;14:00;31.7;5;SOLEIL VOILÉ;3;0;0
Dijon;47.32;5.04;09/08/2026;15:00;31.7;5;SOLEIL VOILÉ;3;0;0
Dijon;47.32;5.04;09/08/2026;16:00;31.7;5;SOLEIL VOILÉ;3;0;0
Dijon;47.32;5.04;09/08/2026;17:00;28.6;0;SOLEIL;1;0;0
Dijon;47.32;5.04;09/08/2026;18:00;28.6;0;SOLEIL;1;0;0
Dijon;47.32;5.04;09/08/2026;19:00;28.6;0;SOLEIL;1;0;0
Dijon;47.32;5.04;09/08/2026;20:00;20.3;0;SOLEIL;5;0;0
Dijon;47.32;5.04;09/08/2026;21:00;17.8;0;SOLEIL;5;0;0
Dijon;47.32;5.04;09/08/2026;22:00;15.2;0;SOLEIL;5;0;0
Dijon;47.32;5.04;09/08/2026;23:00;19.4;0;SOLEIL;2;0;0
Dijon;47.32;5.04;10/08/2026;00:00;19.4;0;SOLEIL;2;0;0
Dijon;47.32;5.04;10/08/2026;01:00;19.4;0;SOLEIL;2;0;0
Dijon;47.32;5.04;10/08/2026;02:00;14.7;5;SOLEIL VOILÉ;5;0;0
Dijon;47.32;5.04;10/08/2026;03:00;14.7;5;SOLEIL VOILÉ;5;0;0
Dijon;47.32;5.04;10/08/2026;04:00;14.7;5;SOLEIL VOILÉ;5;0;0
Dijon;47.32;5.04;10/08/2026;05:00;19.2;0;SOLEIL;2;0;0
Dijon;47.32;5.04;10/08/2026;06:00;19.2;0;SOLEIL;2;0;0
Dijon;47.32;5.04;10/08/2026;07:00;19.2;0;SOLEIL;2;0;0
Dijon;47.32;5.04;10/08/2026;08:00;18.6;5;SOLEIL VOILÉ;5;0;0
Dijon;47.32;5.04;10/08/2026;09:00;20.5;5;SOLEIL VOILÉ;5;0;0
Dijon;47.32;5.04;10/08/2026;10:00;22.4;5;SOLEIL VOILÉ;5;0;0
Dijon;47.32;5.04;10/08/2026;11:00;31.2;6;AVERSES;3;0;0
Dijon;47.32;5.04;10/08/2026;12:00;31.2;6;AVERSES;3;0;0
Dijon;47.32;5.04;10/08/2026;13:00;31.2;6;AVERSES;3;0;0
Dijon;47.32;5.04;10/08/2026;14:00;30.2;5;SOLEIL VOILÉ;5;0;0
Dijon;47.32;5.04;10/08/2026;15:00;32.1;5;SOLEIL VOILÉ;5;0;0
Dijon;47.32;5.04;10/08/2026;16:00;30.2;5;SOLEIL VOILÉ;5;0;0
Dijon;47.32;5.04;10/08/2026;17:00;29.6;6;AVERSES;3;0;0
Dijon;47.32;5.04;10/08/2026;18:00;29.6;6;AVERSES;3;0;0
Dijon;47.32;5.04;10/08/2026;19:00;29.6;6;AVERSES;3;0;0
Dijon;47.32;5.04;10/08/2026;20:00;22.4;5;SOLEIL VOILÉ;5;0;0
Dijon;47.32;5.04;10/08/2026;21:00;20.5;5;SOLEIL VOILÉ;5;0;0
Dijon;47.32;5.04;10/08/2026;22:00;18.6;5;SOLEIL VOILÉ;5;0;0
Dijon;47.32;5.04;10/08/2026;23:00;18.5;0;SOLEIL;3;0;0
Dijon;47.32;5.04;11/08/2026;00:00;18.5;0;SOLEIL;3;0;0
Dijon;47.32;5.04;11/08/2026;01:00;18.5;0;SOLEIL;3;0;0
Dijon;47.32;5.04;11/08/2026;02:00;17.1;6;AVERSES;5;0;0
Dijon;47.32;5.04;11/08/2026;03:00;17.1;6;AVERSES;5;0;0
Dijon;47.32;5.04;11/08/2026;04:00;17.1;6;AVERSES;5;0;0
Dijon;47.32;5.04;11/08/2026;05:00;17.6;0;SOLEIL;2;0;0
Dijon;47.32;5.04;11/08/2026;06:00;17.6;0;SOLEIL;2;0;0
Dijon;47.32;5.04;11/08/2026;07:00;17.6;0;SOLEIL;2;0;0
Dijon;47.32;5.04;11/08/2026;08:00;20.5;6;AVERSES;5;0;0
Dijon;47.32;5.04;11/08/2026;09:00;22.3;6;AVERSES;5;0;0
Dijon;47.32;5.04;11/08/2026;10:00;24.0;6;AVERSES;5;0;0
Dijon;47.32;5.04;11/08/2026;11:00;31;0;SOLEIL;2;0;0
Dijon;47.32;5.04;11/08/2026;12:00;31;0;SOLEIL;2;0;0
Dijon;47.32;5.04;11/08/2026;13:00;31;0;SOLEIL;2;0;0
Dijon;47.32;5.04;11/08/2026;14:00;30.9;6;AVERSES;5;0;0
Dijon;47.32;5.04;11/08/2026;15:00;32.6;6;AVERSES;5;0;0
Dijon;47.32;5.04;11/08/2026;16:00;30.9;6;AVERSES;5;0;0
Dijon;47.32;5.04;11/08/2026;17:00;30.1;0;SOLEIL;3;0;0
Dijon;47.32;5.04;11/08/2026;18:00;30.1;0;SOLEIL;3;0;0
Dijon;47.32;5.04;11/08/2026;19:00;30.1;0;SOLEIL;3;0;0
Dijon;47.32;5.04;11/08/2026;20:00;24.0;6;AVERSES;5;0;0
Dijon;47.32;5.04;11/08/2026;21:00;22.3;6;AVERSES;5;0;0
Dijon;47.32;5.04;11/08/2026;22:00;20.5;6;AVERSES;5;0;0
Dijon;47.32;5.04;11/08/2026;23:00;18.4;0;SOLEIL;3;0;0
Dijon;47.32;5.04;12/08/2026;00:00;18.4;0;SOLEIL;3;0;0
Dijon;47.32;5.04;12/08/2026;01:00;18.4;0;SOLEIL;3;0;0
Dijon;47.32;5.04;12/08/2026;02:00;15;0;SOLEIL;5;0;0
Dijon;47.32;5.04;12/08/2026;03:00;15;0;SOLEIL;5;0;0
Dijon;47.32;5.04;12/08/2026;04:00;15;0;SOLEIL;5;0;0
Dijon;47.32;5.04;12/08/2026;05:00;18;0;SOLEIL;3;0;0
Dijon;47.32;5.04;12/08/2026;06:00;18;0;SOLEIL;3;0;0
Dijon;47.32;5.04;12/08/2026;07:00;18;0;SOLEIL;3;0;0
Dijon;47.32;5.04;12/08/2026;08:00;18.8;0;SOLEIL;5;0;0
Dijon;47.32;5.04;12/08/2026;09:00;20.7;0;SOLEIL;5;0;0
Dijon;47.32;5.04;12/08/2026;10:00;22.6;0;SOLEIL;5;0;0
Dijon;47.32;5.04;12/08/2026;11:00;32.9;0;SOLEIL;2;0;0
Dijon;47.32;5.04;12/08/2026;12:00;32.9;0;SOLEIL;2;0;0
Dijon;47.32;5.04;12/08/2026;13:00;32.9;0;SOLEIL;2;0;0
Dijon;47.32;5.04;12/08/2026;14:00;30.3;0;SOLEIL;5;0;0
Dijon;47.32;5.04;12/08/2026;15:00;32.2;0;SOLEIL;5;0;0
Dijon;47.32;5.04;12/08/2026;16:00;30.3;0;SOLEIL;5;0;0
Dijon;47.32;5.04;12/08/2026;17:00;32.6;0;SOLEIL;2;0;0
Dijon;47.32;5.04;12/08/2026;18:00;32.6;0;SOLEIL;2;0;0
Dijon;47.32;5.04;12/08/2026;19:00;32.6;0;SOLEIL;2;0;0
Dijon;47.32;5.04;12/08/2026;20:00;22.6;0;SOLEIL;5;0;0
Dijon;47.32;5.04;12/08/2026;21:00;20.7;0;SOLEIL;5;0;0
Dijon;47.32;5.04;12/08/2026;22:00;18.8;0;SOLEIL;5;0;0
Dijon;47.32;5.04;12/08/2026;23:00;18.7;0;SOLEIL;2;0;0
Pouilly-en-Auxois;47.25;4.55;08/08/2026;00:00;16.1;0;SOLEIL;2;0;0
Pouilly-en-Auxois;47.25;4.55;08/08/2026;01:00;16.1;0;SOLEIL;2;0;0
Pouilly-en-Auxois;47.25;4.55;08/08/2026;02:00;13.2;0;SOLEIL;2;0;0
Pouilly-en-Auxois;47.25;4.55;08/08/2026;03:00;13.2;0;SOLEIL;2;0;0
Pouilly-en-Auxois;47.25;4.55;08/08/2026;04:00;13.2;0;SOLEIL;2;0;0
Pouilly-en-Auxois;47.25;4.55;08/08/2026;05:00;15.2;0;SOLEIL;2;0;0
Pouilly-en-Auxois;47.25;4.55;08/08/2026;06:00;15.2;0;SOLEIL;2;0;0
Pouilly-en-Auxois;47.25;4.55;08/08/2026;07:00;15.2;0;SOLEIL;2;0;0
Pouilly-en-Auxois;47.25;4.55;08/08/2026;08:00;26.1;0;SOLEIL;2;0;0
Pouilly-en-Auxois;47.25;4.55;08/08/2026;09:00;26.1;0;SOLEIL;2;0;0
Pouilly-en-Auxois;47.25;4.55;08/08/2026;10:00;26.1;0;SOLEIL;2;0;0
Pouilly-en-Auxois;47.25;4.55;08/08/2026;11:00;29.4;0;SOLEIL;0;0;0
Pouilly-en-Auxois;47.25;4.55;08/08/2026;12:00;29.4;0;SOLEIL;0;0;0
Pouilly-en-Auxois;47.25;4.55;08/08/2026;13:00;29.4;0;SOLEIL;0;0;0
Pouilly-en-Auxois;47.25;4.55;08/08/2026;14:00;31.7;0;SOLEIL;2;0;0
Pouilly-en-Auxois;47.25;4.55;08/08/2026;15:00;31.7;0;SOLEIL;2;0;0
Pouilly-en-Auxois;47.25;4.55;08/08/2026;16:00;31.7;0;SOLEIL;2;0;0
Pouilly-en-Auxois;47.25;4.55;08/08/2026;17:00;31.1;0;SOLEIL;1;0;0
Pouilly-en-Auxois;47.25;4.55;08/08/2026;18:00;31.1;0;SOLEIL;1;0;0
Pouilly-en-Auxois;47.25;4.55;08/08/2026;19:00;31.1;0;SOLEIL;1;0;0
Pouilly-en-Auxois;47.25;4.55;08/08/2026;20:00;22;0;SOLEIL;1;0;0
Pouilly-en-Auxois;47.25;4.55;08/08/2026;21:00;22;0;SOLEIL;1;0;0
Pouilly-en-Auxois;47.25;4.55;08/08/2026;22:00;22;0;SOLEIL;1;0;0
Pouilly-en-Auxois;47.25;4.55;08/08/2026;23:00;20.7;0;SOLEIL;0;0;0
Pouilly-en-Auxois;47.25;4.55;09/08/2026;00:00;20.7;0;SOLEIL;0;0;0
Pouilly-en-Auxois;47.25;4.55;09/08/2026;01:00;20.7;0;SOLEIL;0;0;0
Pouilly-en-Auxois;47.25;4.55;09/08/2026;02:00;18.5;5;SOLEIL VOILÉ;1;0;0
Pouilly-en-Auxois;47.25;4.55;09/08/2026;03:00;18.5;5;SOLEIL VOILÉ;1;0;0
Pouilly-en-Auxois;47.25;4.55;09/08/2026;04:00;18.5;5;SOLEIL VOILÉ;1;0;0
Pouilly-en-Auxois;47.25;4.55;09/08/2026;05:00;19.4;5;SOLEIL VOILÉ;2;0;0
Pouilly-en-Auxois;47.25;4.55;09/08/2026;06:00;19.4;5;SOLEIL VOILÉ;2;0;0
Pouilly-en-Auxois;47.25;4.55;09/08/2026;07:00;19.4;5;SOLEIL VOILÉ;2;0;0
Pouilly-en-Auxois;47.25;4.55;09/08/2026;08:00;24.5;5;SOLEIL VOILÉ;4;0;0
Pouilly-en-Auxois;47.25;4.55;09/08/2026;09:00;24.5;5;SOLEIL VOILÉ;4;0;0
Pouilly-en-Auxois;47.25;4.55;09/08/2026;10:00;24.5;5;SOLEIL VOILÉ;4;0;0
Pouilly-en-Auxois;47.25;4.55;09/08/2026;11:00;29.5;0;SOLEIL;3;0;0
Pouilly-en-Auxois;47.25;4.55;09/08/2026;12:00;29.5;0;SOLEIL;3;0;0
Pouilly-en-Auxois;47.25;4.55;09/08/2026;13:00;29.5;0;SOLEIL;3;0;0
Pouilly-en-Auxois;47.25;4.55;09/08/2026;14:00;31.6;10;ORAGEUX;3;11;0
Pouilly-en-Auxois;47.25;4.55;09/08/2026;15:00;31.6;10;ORAGEUX;3;11;0
Pouilly-en-Auxois;47.25;4.55;09/08/2026;16:00;31.6;10;ORAGEUX;3;11;0
Pouilly-en-Auxois;47.25;4.55;09/08/2026;17:00;28.2;0;SOLEIL;3;0;0
Pouilly-en-Auxois;47.25;4.55;09/08/2026;18:00;28.2;0;SOLEIL;3;0;0
Pouilly-en-Auxois;47.25;4.55;09/08/2026;19:00;28.2;0;SOLEIL;3;0;0
Pouilly-en-Auxois;47.25;4.55;09/08/2026;20:00;21.3;0;SOLEIL;5;0;0
Pouilly-en-Auxois;47.25;4.55;09/08/2026;21:00;19.0;0;SOLEIL;5;0;0
Pouilly-en-Auxois;47.25;4.55;09/08/2026;22:00;16.7;0;SOLEIL;5;0;0
Pouilly-en-Auxois;47.25;4.55;09/08/2026;23:00;20;0;SOLEIL;2;0;0
Pouilly-en-Auxois;47.25;4.55;10/08/2026;00:00;20;0;SOLEIL;2;0;0
Pouilly-en-Auxois;47.25;4.55;10/08/2026;01:00;20;0;SOLEIL;2;0;0
Pouilly-en-Auxois;47.25;4.55;10/08/2026;02:00;17.6;10;ORAGEUX;5;0;0
Pouilly-en-Auxois;47.25;4.55;10/08/2026;03:00;17.6;10;ORAGEUX;5;0;0
Pouilly-en-Auxois;47.25;4.55;10/08/2026;04:00;17.6;10;ORAGEUX;5;0;0
Pouilly-en-Auxois;47.25;4.55;10/08/2026;05:00;19.7;0;SOLEIL;2;0;0
Pouilly-en-Auxois;47.25;4.55;10/08/2026;06:00;19.7;0;SOLEIL;2;0;0
Pouilly-en-Auxois;47.25;4.55;10/08/2026;07:00;19.7;0;SOLEIL;2;0;0
Pouilly-en-Auxois;47.25;4.55;10/08/2026;08:00;20.8;10;ORAGEUX;5;0;0
Pouilly-en-Auxois;47.25;4.55;10/08/2026;09:00;22.5;10;ORAGEUX;5;0;0
Pouilly-en-Auxois;47.25;4.55;10/08/2026;10:00;24.1;10;ORAGEUX;5;0;0
Pouilly-en-Auxois;47.25;4.55;10/08/2026;11:00;31;6;AVERSES;2;0;0
Pouilly-en-Auxois;47.25;4.55;10/08/2026;12:00;31;6;AVERSES;2;0;0
Pouilly-en-Auxois;47.25;4.55;10/08/2026;13:00;31;6;AVERSES;2;0;0
Pouilly-en-Auxois;47.25;4.55;10/08/2026;14:00;30.6;10;ORAGEUX;5;0;0
Pouilly-en-Auxois;47.25;4.55;10/08/2026;15:00;32.2;10;ORAGEUX;5;0;0
Pouilly-en-Auxois;47.25;4.55;10/08/2026;16:00;30.6;10;ORAGEUX;5;0;0
Pouilly-en-Auxois;47.25;4.55;10/08/2026;17:00;29.1;6;AVERSES;3;0;0
Pouilly-en-Auxois;47.25;4.55;10/08/2026;18:00;29.1;6;AVERSES;3;0;0
Pouilly-en-Auxois;47.25;4.55;10/08/2026;19:00;29.1;6;AVERSES;3;0;0
Pouilly-en-Auxois;47.25;4.55;10/08/2026;20:00;24.1;10;ORAGEUX;5;0;0
Pouilly-en-Auxois;47.25;4.55;10/08/2026;21:00;22.5;10;ORAGEUX;5;0;0
Pouilly-en-Auxois;47.25;4.55;10/08/2026;22:00;20.8;10;ORAGEUX;5;0;0
Pouilly-en-Auxois;47.25;4.55;10/08/2026;23:00;20.4;0;SOLEIL;2;0;0
Pouilly-en-Auxois;47.25;4.55;11/08/2026;00:00;20.4;0;SOLEIL;2;0;0
Pouilly-en-Auxois;47.25;4.55;11/08/2026;01:00;20.4;0;SOLEIL;2;0;0
Pouilly-en-Auxois;47.25;4.55;11/08/2026;02:00;17.9;0;SOLEIL;5;0;0
Pouilly-en-Auxois;47.25;4.55;11/08/2026;03:00;17.9;0;SOLEIL;5;0;0
Pouilly-en-Auxois;47.25;4.55;11/08/2026;04:00;17.9;0;SOLEIL;5;0;0
Pouilly-en-Auxois;47.25;4.55;11/08/2026;05:00;18.7;0;SOLEIL;3;0;0
Pouilly-en-Auxois;47.25;4.55;11/08/2026;06:00;18.7;0;SOLEIL;3;0;0
Pouilly-en-Auxois;47.25;4.55;11/08/2026;07:00;18.7;0;SOLEIL;3;0;0
Pouilly-en-Auxois;47.25;4.55;11/08/2026;08:00;21.0;0;SOLEIL;5;0;0
Pouilly-en-Auxois;47.25;4.55;11/08/2026;09:00;22.6;0;SOLEIL;5;0;0
Pouilly-en-Auxois;47.25;4.55;11/08/2026;10:00;24.2;0;SOLEIL;5;0;0
Pouilly-en-Auxois;47.25;4.55;11/08/2026;11:00;31.1;0;SOLEIL;2;0;0
Pouilly-en-Auxois;47.25;4.55;11/08/2026;12:00;31.1;0;SOLEIL;2;0;0
Pouilly-en-Auxois;47.25;4.55;11/08/2026;13:00;31.1;0;SOLEIL;2;0;0
Pouilly-en-Auxois;47.25;4.55;11/08/2026;14:00;30.4;0;SOLEIL;5;0;0
Pouilly-en-Auxois;47.25;4.55;11/08/2026;15:00;32.0;0;SOLEIL;5;0;0
Pouilly-en-Auxois;47.25;4.55;11/08/2026;16:00;30.4;0;SOLEIL;5;0;0
Pouilly-en-Auxois;47.25;4.55;11/08/2026;17:00;30.6;0;SOLEIL;3;0;0
Pouilly-en-Auxois;47.25;4.55;11/08/2026;18:00;30.6;0;SOLEIL;3;0;0
Pouilly-en-Auxois;47.25;4.55;11/08/2026;19:00;30.6;0;SOLEIL;3;0;0
Pouilly-en-Auxois;47.25;4.55;11/08/2026;20:00;24.2;0;SOLEIL;5;0;0
Pouilly-en-Auxois;47.25;4.55;11/08/2026;21:00;22.6;0;SOLEIL;5;0;0
Pouilly-en-Auxois;47.25;4.55;11/08/2026;22:00;21.0;0;SOLEIL;5;0;0
Pouilly-en-Auxois;47.25;4.55;11/08/2026;23:00;20.2;0;SOLEIL;3;0;0
Pouilly-en-Auxois;47.25;4.55;12/08/2026;00:00;20.2;0;SOLEIL;3;0;0
Pouilly-en-Auxois;47.25;4.55;12/08/2026;01:00;20.2;0;SOLEIL;3;0;0
Pouilly-en-Auxois;47.25;4.55;12/08/2026;02:00;17.1;0;SOLEIL;5;0;0
Pouilly-en-Auxois;47.25;4.55;12/08/2026;03:00;17.1;0;SOLEIL;5;0;0
Pouilly-en-Auxois;47.25;4.55;12/08/2026;04:00;17.1;0;SOLEIL;5;0;0
Pouilly-en-Auxois;47.25;4.55;12/08/2026;05:00;18.6;0;SOLEIL;3;0;0
Pouilly-en-Auxois;47.25;4.55;12/08/2026;06:00;18.6;0;SOLEIL;3;0;0
Pouilly-en-Auxois;47.25;4.55;12/08/2026;07:00;18.6;0;SOLEIL;3;0;0
Pouilly-en-Auxois;47.25;4.55;12/08/2026;08:00;20.6;0;SOLEIL;5;0;0
Pouilly-en-Auxois;47.25;4.55;12/08/2026;09:00;22.4;0;SOLEIL;5;0;0
Pouilly-en-Auxois;47.25;4.55;12/08/2026;10:00;24.2;0;SOLEIL;5;0;0
Pouilly-en-Auxois;47.25;4.55;12/08/2026;11:00;32.4;0;SOLEIL;2;0;0
Pouilly-en-Auxois;47.25;4.55;12/08/2026;12:00;32.4;0;SOLEIL;2;0;0
Pouilly-en-Auxois;47.25;4.55;12/08/2026;13:00;32.4;0;SOLEIL;2;0;0
Pouilly-en-Auxois;47.25;4.55;12/08/2026;14:00;31.2;0;SOLEIL;5;0;0
Pouilly-en-Auxois;47.25;4.55;12/08/2026;15:00;33.0;0;SOLEIL;5;0;0
Pouilly-en-Auxois;47.25;4.55;12/08/2026;16:00;31.2;0;SOLEIL;5;0;0
Pouilly-en-Auxois;47.25;4.55;12/08/2026;17:00;32.2;0;SOLEIL;2;0;0
Pouilly-en-Auxois;47.25;4.55;12/08/2026;18:00;32.2;0;SOLEIL;2;0;0
Pouilly-en-Auxois;47.25;4.55;12/08/2026;19:00;32.2;0;SOLEIL;2;0;0
Pouilly-en-Auxois;47.25;4.55;12/08/2026;20:00;24.2;0;SOLEIL;5;0;0
Pouilly-en-Auxois;47.25;4.55;12/08/2026;21:00;22.4;0;SOLEIL;5;0;0
Pouilly-en-Auxois;47.25;4.55;12/08/2026;22:00;20.6;0;SOLEIL;5;0;0
Pouilly-en-Auxois;47.25;4.55;12/08/2026;23:00;21.2;0;SOLEIL;2;0;0
Besançon;47.23;6.02;08/08/2026;00:00;18.7;0;SOLEIL;2;0;0
Besançon;47.23;6.02;08/08/2026;01:00;18.7;0;SOLEIL;2;0;0
Besançon;47.23;6.02;08/08/2026;02:00;17.6;0;SOLEIL;3;0;0
Besançon;47.23;6.02;08/08/2026;03:00;17.6;0;SOLEIL;3;0;0
Besançon;47.23;6.02;08/08/2026;04:00;17.6;0;SOLEIL;3;0;0
Besançon;47.23;6.02;08/08/2026;05:00;18.5;0;SOLEIL;3;0;0
Besançon;47.23;6.02;08/08/2026;06:00;18.5;0;SOLEIL;3;0;0
Besançon;47.23;6.02;08/08/2026;07:00;18.5;0;SOLEIL;3;0;0
Besançon;47.23;6.02;08/08/2026;08:00;26.4;0;SOLEIL;2;0;0
Besançon;47.23;6.02;08/08/2026;09:00;26.4;0;SOLEIL;2;0;0
Besançon;47.23;6.02;08/08/2026;10:00;26.4;0;SOLEIL;2;0;0
Besançon;47.23;6.02;08/08/2026;11:00;30.6;0;SOLEIL;2;0;0
Besançon;47.23;6.02;08/08/2026;12:00;30.6;0;SOLEIL;2;0;0
Besançon;47.23;6.02;08/08/2026;13:00;30.6;0;SOLEIL;2;0;0
Besançon;47.23;6.02;08/08/2026;14:00;32.9;0;SOLEIL;2;0;0
Besançon;47.23;6.02;08/08/2026;15:00;32.9;0;SOLEIL;2;0;0
Besançon;47.23;6.02;08/08/2026;16:00;32.9;0;SOLEIL;2;0;0
Besançon;47.23;6.02;08/08/2026;17:00;31.2;0;SOLEIL;2;0;0
Besançon;47.23;6.02;08/08/2026;18:00;31.2;0;SOLEIL;2;0;0
Besançon;47.23;6.02;08/08/2026;19:00;31.2;0;SOLEIL;2;0;0
Besançon;47.23;6.02;08/08/2026;20:00;24.6;0;SOLEIL;1;0;0
Besançon;47.23;6.02;08/08/2026;21:00;24.6;0;SOLEIL;1;0;0
Besançon;47.23;6.02;08/08/2026;22:00;24.6;0;SOLEIL;1;0;0
Besançon;47.23;6.02;08/08/2026;23:00;20.6;0;SOLEIL;2;0;0
Besançon;47.23;6.02;09/08/2026;00:00;20.6;0;SOLEIL;2;0;0
Besançon;47.23;6.02;09/08/2026;01:00;20.6;0;SOLEIL;2;0;0
Besançon;47.23;6.02;09/08/2026;02:00;19.4;0;SOLEIL;2;0;0
Besançon;47.23;6.02;09/08/2026;03:00;19.4;0;SOLEIL;2;0;0
Besançon;47.23;6.02;09/08/2026;04:00;19.4;0;SOLEIL;2;0;0
Besançon;47.23;6.02;09/08/2026;05:00;19.7;5;SOLEIL VOILÉ;2;0;0
Besançon;47.23;6.02;09/08/2026;06:00;19.7;5;SOLEIL VOILÉ;2;0;0
Besançon;47.23;6.02;09/08/2026;07:00;19.7;5;SOLEIL VOILÉ;2;0;0
Besançon;47.23;6.02;09/08/2026;08:00;28.1;5;SOLEIL VOILÉ;3;0;0
Besançon;47.23;6.02;09/08/2026;09:00;28.1;5;SOLEIL VOILÉ;3;0;0
Besançon;47.23;6.02;09/08/2026;10:00;28.1;5;SOLEIL VOILÉ;3;0;0
Besançon;47.23;6.02;09/08/2026;11:00;30.9;0;SOLEIL;3;0;0
Besançon;47.23;6.02;09/08/2026;12:00;30.9;0;SOLEIL;3;0;0
Besançon;47.23;6.02;09/08/2026;13:00;30.9;0;SOLEIL;3;0;0
Besançon;47.23;6.02;09/08/2026;14:00;32.4;0;SOLEIL;3;0;0
Besançon;47.23;6.02;09/08/2026;15:00;32.4;0;SOLEIL;3;0;0
Besançon;47.23;6.02;09/08/2026;16:00;32.4;0;SOLEIL;3;0;0
Besançon;47.23;6.02;09/08/2026;17:00;30;0;SOLEIL;2;0;0
Besançon;47.23;6.02;09/08/2026;18:00;30;0;SOLEIL;2;0;0
Besançon;47.23;6.02;09/08/2026;19:00;30;0;SOLEIL;2;0;0
Besançon;47.23;6.02;09/08/2026;20:00;24.0;0;SOLEIL;5;0;0
Besançon;47.23;6.02;09/08/2026;21:00;22.2;0;SOLEIL;5;0;0
Besançon;47.23;6.02;09/08/2026;22:00;20.4;0;SOLEIL;5;0;0
Besançon;47.23;6.02;09/08/2026;23:00;22.1;0;SOLEIL;2;0;0
Besançon;47.23;6.02;10/08/2026;00:00;22.1;0;SOLEIL;2;0;0
Besançon;47.23;6.02;10/08/2026;01:00;22.1;0;SOLEIL;2;0;0
Besançon;47.23;6.02;10/08/2026;02:00;17.9;0;SOLEIL;5;0;0
Besançon;47.23;6.02;10/08/2026;03:00;17.9;0;SOLEIL;5;0;0
Besançon;47.23;6.02;10/08/2026;04:00;17.9;0;SOLEIL;5;0;0
Besançon;47.23;6.02;10/08/2026;05:00;20.2;0;SOLEIL;2;0;0
Besançon;47.23;6.02;10/08/2026;06:00;20.2;0;SOLEIL;2;0;0
Besançon;47.23;6.02;10/08/2026;07:00;20.2;0;SOLEIL;2;0;0
Besançon;47.23;6.02;10/08/2026;08:00;21.5;0;SOLEIL;5;0;0
Besançon;47.23;6.02;10/08/2026;09:00;23.3;0;SOLEIL;5;0;0
Besançon;47.23;6.02;10/08/2026;10:00;25.1;0;SOLEIL;5;0;0
Besançon;47.23;6.02;10/08/2026;11:00;31.1;6;AVERSES;3;0;0
Besançon;47.23;6.02;10/08/2026;12:00;31.1;6;AVERSES;3;0;0
Besançon;47.23;6.02;10/08/2026;13:00;31.1;6;AVERSES;3;0;0
Besançon;47.23;6.02;10/08/2026;14:00;32.3;0;SOLEIL;5;0;0
Besançon;47.23;6.02;10/08/2026;15:00;34.1;0;SOLEIL;5;0;0
Besançon;47.23;6.02;10/08/2026;16:00;32.3;0;SOLEIL;5;0;0
Besançon;47.23;6.02;10/08/2026;17:00;29.5;6;AVERSES;2;0;0
Besançon;47.23;6.02;10/08/2026;18:00;29.5;6;AVERSES;2;0;0
Besançon;47.23;6.02;10/08/2026;19:00;29.5;6;AVERSES;2;0;0
Besançon;47.23;6.02;10/08/2026;20:00;25.1;0;SOLEIL;5;0;0
Besançon;47.23;6.02;10/08/2026;21:00;23.3;0;SOLEIL;5;0;0
Besançon;47.23;6.02;10/08/2026;22:00;21.5;0;SOLEIL;5;0;0
Besançon;47.23;6.02;10/08/2026;23:00;21;0;SOLEIL;2;0;0
Besançon;47.23;6.02;11/08/2026;00:00;21;0;SOLEIL;2;0;0
Besançon;47.23;6.02;11/08/2026;01:00;21;0;SOLEIL;2;0;0
Besançon;47.23;6.02;11/08/2026;02:00;19.1;6;AVERSES;5;0;0
Besançon;47.23;6.02;11/08/2026;03:00;19.1;6;AVERSES;5;0;0
Besançon;47.23;6.02;11/08/2026;04:00;19.1;6;AVERSES;5;0;0
Besançon;47.23;6.02;11/08/2026;05:00;19.5;0;SOLEIL;2;0;0
Besançon;47.23;6.02;11/08/2026;06:00;19.5;0;SOLEIL;2;0;0
Besançon;47.23;6.02;11/08/2026;07:00;19.5;0;SOLEIL;2;0;0
Besançon;47.23;6.02;11/08/2026;08:00;22.1;6;AVERSES;5;0;0
Besançon;47.23;6.02;11/08/2026;09:00;23.6;6;AVERSES;5;0;0
Besançon;47.23;6.02;11/08/2026;10:00;25.1;6;AVERSES;5;0;0
Besançon;47.23;6.02;11/08/2026;11:00;31.4;0;SOLEIL;3;0;0
Besançon;47.23;6.02;11/08/2026;12:00;31.4;0;SOLEIL;3;0;0
Besançon;47.23;6.02;11/08/2026;13:00;31.4;0;SOLEIL;3;0;0
Besançon;47.23;6.02;11/08/2026;14:00;31.1;6;AVERSES;5;0;0
Besançon;47.23;6.02;11/08/2026;15:00;32.6;6;AVERSES;5;0;0
Besançon;47.23;6.02;11/08/2026;16:00;31.1;6;AVERSES;5;0;0
Besançon;47.23;6.02;11/08/2026;17:00;31;0;SOLEIL;3;0;0
Besançon;47.23;6.02;11/08/2026;18:00;31;0;SOLEIL;3;0;0
Besançon;47.23;6.02;11/08/2026;19:00;31;0;SOLEIL;3;0;0
Besançon;47.23;6.02;11/08/2026;20:00;25.1;6;AVERSES;5;0;0
Besançon;47.23;6.02;11/08/2026;21:00;23.6;6;AVERSES;5;0;0
Besançon;47.23;6.02;11/08/2026;22:00;22.1;6;AVERSES;5;0;0
Besançon;47.23;6.02;11/08/2026;23:00;22;0;SOLEIL;4;0;0
Besançon;47.23;6.02;12/08/2026;00:00;22;0;SOLEIL;4;0;0
Besançon;47.23;6.02;12/08/2026;01:00;22;0;SOLEIL;4;0;0
Besançon;47.23;6.02;12/08/2026;02:00;18;0;SOLEIL;5;0;0
Besançon;47.23;6.02;12/08/2026;03:00;18;0;SOLEIL;5;0;0
Besançon;47.23;6.02;12/08/2026;04:00;18;0;SOLEIL;5;0;0
Besançon;47.23;6.02;12/08/2026;05:00;20;0;SOLEIL;2;0;0
Besançon;47.23;6.02;12/08/2026;06:00;20;0;SOLEIL;2;0;0
Besançon;47.23;6.02;12/08/2026;07:00;20;0;SOLEIL;2;0;0
Besançon;47.23;6.02;12/08/2026;08:00;21.5;0;SOLEIL;5;0;0
Besançon;47.23;6.02;12/08/2026;09:00;23.2;0;SOLEIL;5;0;0
Besançon;47.23;6.02;12/08/2026;10:00;24.9;0;SOLEIL;5;0;0
Besançon;47.23;6.02;12/08/2026;11:00;32.6;0;SOLEIL;1;0;0
Besançon;47.23;6.02;12/08/2026;12:00;32.6;0;SOLEIL;1;0;0
Besançon;47.23;6.02;12/08/2026;13:00;32.6;0;SOLEIL;1;0;0
Besançon;47.23;6.02;12/08/2026;14:00;31.9;0;SOLEIL;5;0;0
Besançon;47.23;6.02;12/08/2026;15:00;33.6;0;SOLEIL;5;0;0
Besançon;47.23;6.02;12/08/2026;16:00;31.9;0;SOLEIL;5;0;0
Besançon;47.23;6.02;12/08/2026;17:00;31.9;0;SOLEIL;2;0;0
Besançon;47.23;6.02;12/08/2026;18:00;31.9;0;SOLEIL;2;0;0
Besançon;47.23;6.02;12/08/2026;19:00;31.9;0;SOLEIL;2;0;0
Besançon;47.23;6.02;12/08/2026;20:00;24.9;0;SOLEIL;5;0;0
Besançon;47.23;6.02;12/08/2026;21:00;23.2;0;SOLEIL;5;0;0
Besançon;47.23;6.02;12/08/2026;22:00;21.5;0;SOLEIL;5;0;0
Besançon;47.23;6.02;12/08/2026;23:00;22.1;0;SOLEIL;2;0;0
Pontarlier;46.9;6.35;08/08/2026;00:00;15;0;SOLEIL;1;0;0
Pontarlier;46.9;6.35;08/08/2026;01:00;15;0;SOLEIL;1;0;0
Pontarlier;46.9;6.35;08/08/2026;02:00;12.2;0;SOLEIL;3;0;0
Pontarlier;46.9;6.35;08/08/2026;03:00;12.2;0;SOLEIL;3;0;0
Pontarlier;46.9;6.35;08/08/2026;04:00;12.2;0;SOLEIL;3;0;0
Pontarlier;46.9;6.35;08/08/2026;05:00;16.1;0;SOLEIL;2;0;0
Pontarlier;46.9;6.35;08/08/2026;06:00;16.1;0;SOLEIL;2;0;0
Pontarlier;46.9;6.35;08/08/2026;07:00;16.1;0;SOLEIL;2;0;0
Pontarlier;46.9;6.35;08/08/2026;08:00;25.4;0;SOLEIL;0;0;0
Pontarlier;46.9;6.35;08/08/2026;09:00;25.4;0;SOLEIL;0;0;0
Pontarlier;46.9;6.35;08/08/2026;10:00;25.4;0;SOLEIL;0;0;0
Pontarlier;46.9;6.35;08/08/2026;11:00;29.4;0;SOLEIL;2;0;0
Pontarlier;46.9;6.35;08/08/2026;12:00;29.4;0;SOLEIL;2;0;0
Pontarlier;46.9;6.35;08/08/2026;13:00;29.4;0;SOLEIL;2;0;0
Pontarlier;46.9;6.35;08/08/2026;14:00;30.6;0;SOLEIL;3;0;0
Pontarlier;46.9;6.35;08/08/2026;15:00;30.6;0;SOLEIL;3;0;0
Pontarlier;46.9;6.35;08/08/2026;16:00;30.6;0;SOLEIL;3;0;0
Pontarlier;46.9;6.35;08/08/2026;17:00;27.6;0;SOLEIL;1;0;0
Pontarlier;46.9;6.35;08/08/2026;18:00;27.6;0;SOLEIL;1;0;0
Pontarlier;46.9;6.35;08/08/2026;19:00;27.6;0;SOLEIL;1;0;0
Pontarlier;46.9;6.35;08/08/2026;20:00;19.7;0;SOLEIL;1;0;0
Pontarlier;46.9;6.35;08/08/2026;21:00;19.7;0;SOLEIL;1;0;0
Pontarlier;46.9;6.35;08/08/2026;22:00;19.7;0;SOLEIL;1;0;0
Pontarlier;46.9;6.35;08/08/2026;23:00;17.1;0;SOLEIL;2;0;0
Pontarlier;46.9;6.35;09/08/2026;00:00;17.1;0;SOLEIL;2;0;0
Pontarlier;46.9;6.35;09/08/2026;01:00;17.1;0;SOLEIL;2;0;0
Pontarlier;46.9;6.35;09/08/2026;02:00;16.6;0;SOLEIL;3;0;0
Pontarlier;46.9;6.35;09/08/2026;03:00;16.6;0;SOLEIL;3;0;0
Pontarlier;46.9;6.35;09/08/2026;04:00;16.6;0;SOLEIL;3;0;0
Pontarlier;46.9;6.35;09/08/2026;05:00;19.6;0;SOLEIL;2;0;0
Pontarlier;46.9;6.35;09/08/2026;06:00;19.6;0;SOLEIL;2;0;0
Pontarlier;46.9;6.35;09/08/2026;07:00;19.6;0;SOLEIL;2;0;0
Pontarlier;46.9;6.35;09/08/2026;08:00;27.1;0;SOLEIL;2;0;0
Pontarlier;46.9;6.35;09/08/2026;09:00;27.1;0;SOLEIL;2;0;0
Pontarlier;46.9;6.35;09/08/2026;10:00;27.1;0;SOLEIL;2;0;0
Pontarlier;46.9;6.35;09/08/2026;11:00;28.9;0;SOLEIL;3;0;0
Pontarlier;46.9;6.35;09/08/2026;12:00;28.9;0;SOLEIL;3;0;0
Pontarlier;46.9;6.35;09/08/2026;13:00;28.9;0;SOLEIL;3;0;0
Pontarlier;46.9;6.35;09/08/2026;14:00;27.2;0;SOLEIL;4;0;0
Pontarlier;46.9;6.35;09/08/2026;15:00;27.2;0;SOLEIL;4;0;0
Pontarlier;46.9;6.35;09/08/2026;16:00;27.2;0;SOLEIL;4;0;0
Pontarlier;46.9;6.35;09/08/2026;17:00;25.4;10;ORAGEUX;3;0;0
Pontarlier;46.9;6.35;09/08/2026;18:00;25.4;10;ORAGEUX;3;0;0
Pontarlier;46.9;6.35;09/08/2026;19:00;25.4;10;ORAGEUX;3;0;0
Pontarlier;46.9;6.35;09/08/2026;20:00;20.3;0;SOLEIL;5;0;0
Pontarlier;46.9;6.35;09/08/2026;21:00;18.2;0;SOLEIL;5;0;0
Pontarlier;46.9;6.35;09/08/2026;22:00;16.0;0;SOLEIL;5;0;0
Pontarlier;46.9;6.35;09/08/2026;23:00;16.1;0;SOLEIL;2;0;0
Pontarlier;46.9;6.35;10/08/2026;00:00;16.1;0;SOLEIL;2;0;0
Pontarlier;46.9;6.35;10/08/2026;01:00;16.1;0;SOLEIL;2;0;0
Pontarlier;46.9;6.35;10/08/2026;02:00;15.6;10;ORAGEUX;5;0;0
Pontarlier;46.9;6.35;10/08/2026;03:00;15.6;10;ORAGEUX;5;0;0
Pontarlier;46.9;6.35;10/08/2026;04:00;15.6;10;ORAGEUX;5;0;0
Pontarlier;46.9;6.35;10/08/2026;05:00;17.2;0;SOLEIL;3;0;0
Pontarlier;46.9;6.35;10/08/2026;06:00;17.2;0;SOLEIL;3;0;0
Pontarlier;46.9;6.35;10/08/2026;07:00;17.2;0;SOLEIL;3;0;0
Pontarlier;46.9;6.35;10/08/2026;08:00;18.7;10;ORAGEUX;5;0;0
Pontarlier;46.9;6.35;10/08/2026;09:00;20.2;10;ORAGEUX;5;0;0
Pontarlier;46.9;6.35;10/08/2026;10:00;21.8;10;ORAGEUX;5;0;0
Pontarlier;46.9;6.35;10/08/2026;11:00;27.5;6;AVERSES;3;0;0
Pontarlier;46.9;6.35;10/08/2026;12:00;27.5;6;AVERSES;3;0;0
Pontarlier;46.9;6.35;10/08/2026;13:00;27.5;6;AVERSES;3;0;0
Pontarlier;46.9;6.35;10/08/2026;14:00;28.0;10;ORAGEUX;5;0;0
Pontarlier;46.9;6.35;10/08/2026;15:00;29.5;10;ORAGEUX;5;0;0
Pontarlier;46.9;6.35;10/08/2026;16:00;28.0;10;ORAGEUX;5;0;0
Pontarlier;46.9;6.35;10/08/2026;17:00;24.6;6;AVERSES;2;0;0
Pontarlier;46.9;6.35;10/08/2026;18:00;24.6;6;AVERSES;2;0;0
Pontarlier;46.9;6.35;10/08/2026;19:00;24.6;6;AVERSES;2;0;0
Pontarlier;46.9;6.35;10/08/2026;20:00;21.8;10;ORAGEUX;5;0;0
Pontarlier;46.9;6.35;10/08/2026;21:00;20.2;10;ORAGEUX;5;0;0
Pontarlier;46.9;6.35;10/08/2026;22:00;18.7;10;ORAGEUX;5;0;0
Pontarlier;46.9;6.35;10/08/2026;23:00;15.9;0;SOLEIL;2;0;0
Pontarlier;46.9;6.35;11/08/2026;00:00;15.9;0;SOLEIL;2;0;0
Pontarlier;46.9;6.35;11/08/2026;01:00;15.9;0;SOLEIL;2;0;0
Pontarlier;46.9;6.35;11/08/2026;02:00;14.6;0;SOLEIL;5;0;0
Pontarlier;46.9;6.35;11/08/2026;03:00;14.6;0;SOLEIL;5;0;0
Pontarlier;46.9;6.35;11/08/2026;04:00;14.6;0;SOLEIL;5;0;0
Pontarlier;46.9;6.35;11/08/2026;05:00;16.6;0;SOLEIL;2;0;0
Pontarlier;46.9;6.35;11/08/2026;06:00;16.6;0;SOLEIL;2;0;0
Pontarlier;46.9;6.35;11/08/2026;07:00;16.6;0;SOLEIL;2;0;0
Pontarlier;46.9;6.35;11/08/2026;08:00;17.7;0;SOLEIL;5;0;0
Pontarlier;46.9;6.35;11/08/2026;09:00;19.2;0;SOLEIL;5;0;0
Pontarlier;46.9;6.35;11/08/2026;10:00;20.8;0;SOLEIL;5;0;0
Pontarlier;46.9;6.35;11/08/2026;11:00;29.1;0;SOLEIL;3;0;0
Pontarlier;46.9;6.35;11/08/2026;12:00;29.1;0;SOLEIL;3;0;0
Pontarlier;46.9;6.35;11/08/2026;13:00;29.1;0;SOLEIL;3;0;0
Pontarlier;46.9;6.35;11/08/2026;14:00;27.0;0;SOLEIL;5;0;0
Pontarlier;46.9;6.35;11/08/2026;15:00;28.5;0;SOLEIL;5;0;0
Pontarlier;46.9;6.35;11/08/2026;16:00;27.0;0;SOLEIL;5;0;0
Pontarlier;46.9;6.35;11/08/2026;17:00;25.9;0;SOLEIL;2;0;0
Pontarlier;46.9;6.35;11/08/2026;18:00;25.9;0;SOLEIL;2;0;0
Pontarlier;46.9;6.35;11/08/2026;19:00;25.9;0;SOLEIL;2;0;0
Pontarlier;46.9;6.35;11/08/2026;20:00;20.8;0;SOLEIL;5;0;0
Pontarlier;46.9;6.35;11/08/2026;21:00;19.2;0;SOLEIL;5;0;0
Pontarlier;46.9;6.35;11/08/2026;22:00;17.7;0;SOLEIL;5;0;0
Pontarlier;46.9;6.35;11/08/2026;23:00;16.6;0;SOLEIL;3;0;0
Pontarlier;46.9;6.35;12/08/2026;00:00;16.6;0;SOLEIL;3;0;0
Pontarlier;46.9;6.35;12/08/2026;01:00;16.6;0;SOLEIL;3;0;0
Pontarlier;46.9;6.35;12/08/2026;02:00;13.2;0;SOLEIL;5;0;0
Pontarlier;46.9;6.35;12/08/2026;03:00;13.2;0;SOLEIL;5;0;0
Pontarlier;46.9;6.35;12/08/2026;04:00;13.2;0;SOLEIL;5;0;0
Pontarlier;46.9;6.35;12/08/2026;05:00;17.1;0;SOLEIL;3;0;0
Pontarlier;46.9;6.35;12/08/2026;06:00;17.1;0;SOLEIL;3;0;0
Pontarlier;46.9;6.35;12/08/2026;07:00;17.1;0;SOLEIL;3;0;0
Pontarlier;46.9;6.35;12/08/2026;08:00;17.0;0;SOLEIL;5;0;0
Pontarlier;46.9;6.35;12/08/2026;09:00;18.8;0;SOLEIL;5;0;0
Pontarlier;46.9;6.35;12/08/2026;10:00;20.7;0;SOLEIL;5;0;0
Pontarlier;46.9;6.35;12/08/2026;11:00;30.4;0;SOLEIL;2;0;0
Pontarlier;46.9;6.35;12/08/2026;12:00;30.4;0;SOLEIL;2;0;0
Pontarlier;46.9;6.35;12/08/2026;13:00;30.4;0;SOLEIL;2;0;0
Pontarlier;46.9;6.35;12/08/2026;14:00;28.2;0;SOLEIL;5;0;0
Pontarlier;46.9;6.35;12/08/2026;15:00;30.1;0;SOLEIL;5;0;0
Pontarlier;46.9;6.35;12/08/2026;16:00;28.2;0;SOLEIL;5;0;0
Pontarlier;46.9;6.35;12/08/2026;17:00;27.2;0;SOLEIL;1;0;0
Pontarlier;46.9;6.35;12/08/2026;18:00;27.2;0;SOLEIL;1;0;0
Pontarlier;46.9;6.35;12/08/2026;19:00;27.2;0;SOLEIL;1;0;0
Pontarlier;46.9;6.35;12/08/2026;20:00;20.7;0;SOLEIL;5;0;0
Pontarlier;46.9;6.35;12/08/2026;21:00;18.8;0;SOLEIL;5;0;0
Pontarlier;46.9;6.35;12/08/2026;22:00;17.0;0;SOLEIL;5;0;0
Pontarlier;46.9;6.35;12/08/2026;23:00;18.4;0;SOLEIL;3;0;0
Sancey-le-Grand;47.29;6.58;08/08/2026;00:00;16;0;SOLEIL;2;0;0
Sancey-le-Grand;47.29;6.58;08/08/2026;01:00;16;0;SOLEIL;2;0;0
Sancey-le-Grand;47.29;6.58;08/08/2026;02:00;14.2;0;SOLEIL;3;0;0
Sancey-le-Grand;47.29;6.58;08/08/2026;03:00;14.2;0;SOLEIL;3;0;0
Sancey-le-Grand;47.29;6.58;08/08/2026;04:00;14.2;0;SOLEIL;3;0;0
Sancey-le-Grand;47.29;6.58;08/08/2026;05:00;18.1;0;SOLEIL;3;0;0
Sancey-le-Grand;47.29;6.58;08/08/2026;06:00;18.1;0;SOLEIL;3;0;0
Sancey-le-Grand;47.29;6.58;08/08/2026;07:00;18.1;0;SOLEIL;3;0;0
Sancey-le-Grand;47.29;6.58;08/08/2026;08:00;26.1;0;SOLEIL;2;0;0
Sancey-le-Grand;47.29;6.58;08/08/2026;09:00;26.1;0;SOLEIL;2;0;0
Sancey-le-Grand;47.29;6.58;08/08/2026;10:00;26.1;0;SOLEIL;2;0;0
Sancey-le-Grand;47.29;6.58;08/08/2026;11:00;30.5;0;SOLEIL;3;0;0
Sancey-le-Grand;47.29;6.58;08/08/2026;12:00;30.5;0;SOLEIL;3;0;0
Sancey-le-Grand;47.29;6.58;08/08/2026;13:00;30.5;0;SOLEIL;3;0;0
Sancey-le-Grand;47.29;6.58;08/08/2026;14:00;31.6;0;SOLEIL;3;0;0
Sancey-le-Grand;47.29;6.58;08/08/2026;15:00;31.6;0;SOLEIL;3;0;0
Sancey-le-Grand;47.29;6.58;08/08/2026;16:00;31.6;0;SOLEIL;3;0;0
Sancey-le-Grand;47.29;6.58;08/08/2026;17:00;29.6;0;SOLEIL;3;0;0
Sancey-le-Grand;47.29;6.58;08/08/2026;18:00;29.6;0;SOLEIL;3;0;0
Sancey-le-Grand;47.29;6.58;08/08/2026;19:00;29.6;0;SOLEIL;3;0;0
Sancey-le-Grand;47.29;6.58;08/08/2026;20:00;21;0;SOLEIL;2;0;0
Sancey-le-Grand;47.29;6.58;08/08/2026;21:00;21;0;SOLEIL;2;0;0
Sancey-le-Grand;47.29;6.58;08/08/2026;22:00;21;0;SOLEIL;2;0;0
Sancey-le-Grand;47.29;6.58;08/08/2026;23:00;17.2;0;SOLEIL;2;0;0
Sancey-le-Grand;47.29;6.58;09/08/2026;00:00;17.2;0;SOLEIL;2;0;0
Sancey-le-Grand;47.29;6.58;09/08/2026;01:00;17.2;0;SOLEIL;2;0;0
Sancey-le-Grand;47.29;6.58;09/08/2026;02:00;16.4;0;SOLEIL;2;0;0
Sancey-le-Grand;47.29;6.58;09/08/2026;03:00;16.4;0;SOLEIL;2;0;0
Sancey-le-Grand;47.29;6.58;09/08/2026;04:00;16.4;0;SOLEIL;2;0;0
Sancey-le-Grand;47.29;6.58;09/08/2026;05:00;20.7;0;SOLEIL;2;0;0
Sancey-le-Grand;47.29;6.58;09/08/2026;06:00;20.7;0;SOLEIL;2;0;0
Sancey-le-Grand;47.29;6.58;09/08/2026;07:00;20.7;0;SOLEIL;2;0;0
Sancey-le-Grand;47.29;6.58;09/08/2026;08:00;29;0;SOLEIL;3;0;0
Sancey-le-Grand;47.29;6.58;09/08/2026;09:00;29;0;SOLEIL;3;0;0
Sancey-le-Grand;47.29;6.58;09/08/2026;10:00;29;0;SOLEIL;3;0;0
Sancey-le-Grand;47.29;6.58;09/08/2026;11:00;31.6;0;SOLEIL;3;0;0
Sancey-le-Grand;47.29;6.58;09/08/2026;12:00;31.6;0;SOLEIL;3;0;0
Sancey-le-Grand;47.29;6.58;09/08/2026;13:00;31.6;0;SOLEIL;3;0;0
Sancey-le-Grand;47.29;6.58;09/08/2026;14:00;31;0;SOLEIL;4;0;0
Sancey-le-Grand;47.29;6.58;09/08/2026;15:00;31;0;SOLEIL;4;0;0
Sancey-le-Grand;47.29;6.58;09/08/2026;16:00;31;0;SOLEIL;4;0;0
Sancey-le-Grand;47.29;6.58;09/08/2026;17:00;28.6;5;SOLEIL VOILÉ;2;0;0
Sancey-le-Grand;47.29;6.58;09/08/2026;18:00;28.6;5;SOLEIL VOILÉ;2;0;0
Sancey-le-Grand;47.29;6.58;09/08/2026;19:00;28.6;5;SOLEIL VOILÉ;2;0;0
Sancey-le-Grand;47.29;6.58;09/08/2026;20:00;21.9;0;SOLEIL;5;0;0
Sancey-le-Grand;47.29;6.58;09/08/2026;21:00;19.9;0;SOLEIL;5;0;0
Sancey-le-Grand;47.29;6.58;09/08/2026;22:00;17.8;0;SOLEIL;5;0;0
Sancey-le-Grand;47.29;6.58;09/08/2026;23:00;19.5;0;SOLEIL;3;0;0
Sancey-le-Grand;47.29;6.58;10/08/2026;00:00;19.5;0;SOLEIL;3;0;0
Sancey-le-Grand;47.29;6.58;10/08/2026;01:00;19.5;0;SOLEIL;3;0;0
Sancey-le-Grand;47.29;6.58;10/08/2026;02:00;15.7;0;SOLEIL;5;0;0
Sancey-le-Grand;47.29;6.58;10/08/2026;03:00;15.7;0;SOLEIL;5;0;0
Sancey-le-Grand;47.29;6.58;10/08/2026;04:00;15.7;0;SOLEIL;5;0;0
Sancey-le-Grand;47.29;6.58;10/08/2026;05:00;18.9;0;SOLEIL;3;0;0
Sancey-le-Grand;47.29;6.58;10/08/2026;06:00;18.9;0;SOLEIL;3;0;0
Sancey-le-Grand;47.29;6.58;10/08/2026;07:00;18.9;0;SOLEIL;3;0;0
Sancey-le-Grand;47.29;6.58;10/08/2026;08:00;19.6;0;SOLEIL;5;0;0
Sancey-le-Grand;47.29;6.58;10/08/2026;09:00;21.5;0;SOLEIL;5;0;0
Sancey-le-Grand;47.29;6.58;10/08/2026;10:00;23.4;0;SOLEIL;5;0;0
Sancey-le-Grand;47.29;6.58;10/08/2026;11:00;29.9;6;AVERSES;3;0;0
Sancey-le-Grand;47.29;6.58;10/08/2026;12:00;29.9;6;AVERSES;3;0;0
Sancey-le-Grand;47.29;6.58;10/08/2026;13:00;29.9;6;AVERSES;3;0;0
Sancey-le-Grand;47.29;6.58;10/08/2026;14:00;31.2;0;SOLEIL;5;0;0
Sancey-le-Grand;47.29;6.58;10/08/2026;15:00;33.1;0;SOLEIL;5;0;0
Sancey-le-Grand;47.29;6.58;10/08/2026;16:00;31.2;0;SOLEIL;5;0;0
Sancey-le-Grand;47.29;6.58;10/08/2026;17:00;27.1;6;AVERSES;2;0;0
Sancey-le-Grand;47.29;6.58;10/08/2026;18:00;27.1;6;AVERSES;2;0;0
Sancey-le-Grand;47.29;6.58;10/08/2026;19:00;27.1;6;AVERSES;2;0;0
Sancey-le-Grand;47.29;6.58;10/08/2026;20:00;23.4;0;SOLEIL;5;0;0
Sancey-le-Grand;47.29;6.58;10/08/2026;21:00;21.5;0;SOLEIL;5;0;0
Sancey-le-Grand;47.29;6.58;10/08/2026;22:00;19.6;0;SOLEIL;5;0;0
Sancey-le-Grand;47.29;6.58;10/08/2026;23:00;17.9;0;SOLEIL;2;0;0
Sancey-le-Grand;47.29;6.58;11/08/2026;00:00;17.9;0;SOLEIL;2;0;0
Sancey-le-Grand;47.29;6.58;11/08/2026;01:00;17.9;0;SOLEIL;2;0;0
Sancey-le-Grand;47.29;6.58;11/08/2026;02:00;16.5;0;SOLEIL;5;0;0
Sancey-le-Grand;47.29;6.58;11/08/2026;03:00;16.5;0;SOLEIL;5;0;0
Sancey-le-Grand;47.29;6.58;11/08/2026;04:00;16.5;0;SOLEIL;5;0;0
Sancey-le-Grand;47.29;6.58;11/08/2026;05:00;19.1;0;SOLEIL;3;0;0
Sancey-le-Grand;47.29;6.58;11/08/2026;06:00;19.1;0;SOLEIL;3;0;0
Sancey-le-Grand;47.29;6.58;11/08/2026;07:00;19.1;0;SOLEIL;3;0;0
Sancey-le-Grand;47.29;6.58;11/08/2026;08:00;19.8;0;SOLEIL;5;0;0
Sancey-le-Grand;47.29;6.58;11/08/2026;09:00;21.4;0;SOLEIL;5;0;0
Sancey-le-Grand;47.29;6.58;11/08/2026;10:00;23.0;0;SOLEIL;5;0;0
Sancey-le-Grand;47.29;6.58;11/08/2026;11:00;30.6;0;SOLEIL;3;0;0
Sancey-le-Grand;47.29;6.58;11/08/2026;12:00;30.6;0;SOLEIL;3;0;0
Sancey-le-Grand;47.29;6.58;11/08/2026;13:00;30.6;0;SOLEIL;3;0;0
Sancey-le-Grand;47.29;6.58;11/08/2026;14:00;29.6;0;SOLEIL;5;0;0
Sancey-le-Grand;47.29;6.58;11/08/2026;15:00;31.2;0;SOLEIL;5;0;0
Sancey-le-Grand;47.29;6.58;11/08/2026;16:00;29.6;0;SOLEIL;5;0;0
Sancey-le-Grand;47.29;6.58;11/08/2026;17:00;29.1;0;SOLEIL;3;0;0
Sancey-le-Grand;47.29;6.58;11/08/2026;18:00;29.1;0;SOLEIL;3;0;0
Sancey-le-Grand;47.29;6.58;11/08/2026;19:00;29.1;0;SOLEIL;3;0;0
Sancey-le-Grand;47.29;6.58;11/08/2026;20:00;23.0;0;SOLEIL;5;0;0
Sancey-le-Grand;47.29;6.58;11/08/2026;21:00;21.4;0;SOLEIL;5;0;0
Sancey-le-Grand;47.29;6.58;11/08/2026;22:00;19.8;0;SOLEIL;5;0;0
Sancey-le-Grand;47.29;6.58;11/08/2026;23:00;18.7;0;SOLEIL;4;0;0
Sancey-le-Grand;47.29;6.58;12/08/2026;00:00;18.7;0;SOLEIL;4;0;0
Sancey-le-Grand;47.29;6.58;12/08/2026;01:00;18.7;0;SOLEIL;4;0;0
Sancey-le-Grand;47.29;6.58;12/08/2026;02:00;16;0;SOLEIL;5;0;0
Sancey-le-Grand;47.29;6.58;12/08/2026;03:00;16;0;SOLEIL;5;0;0
Sancey-le-Grand;47.29;6.58;12/08/2026;04:00;16;0;SOLEIL;5;0;0
Sancey-le-Grand;47.29;6.58;12/08/2026;05:00;19.4;0;SOLEIL;3;0;0
Sancey-le-Grand;47.29;6.58;12/08/2026;06:00;19.4;0;SOLEIL;3;0;0
Sancey-le-Grand;47.29;6.58;12/08/2026;07:00;19.4;0;SOLEIL;3;0;0
Sancey-le-Grand;47.29;6.58;12/08/2026;08:00;19.5;0;SOLEIL;5;0;0
Sancey-le-Grand;47.29;6.58;12/08/2026;09:00;21.2;0;SOLEIL;5;0;0
Sancey-le-Grand;47.29;6.58;12/08/2026;10:00;22.9;0;SOLEIL;5;0;0
Sancey-le-Grand;47.29;6.58;12/08/2026;11:00;31.6;0;SOLEIL;2;0;0
Sancey-le-Grand;47.29;6.58;12/08/2026;12:00;31.6;0;SOLEIL;2;0;0
Sancey-le-Grand;47.29;6.58;12/08/2026;13:00;31.6;0;SOLEIL;2;0;0
Sancey-le-Grand;47.29;6.58;12/08/2026;14:00;29.9;0;SOLEIL;5;0;0
Sancey-le-Grand;47.29;6.58;12/08/2026;15:00;31.6;0;SOLEIL;5;0;0
Sancey-le-Grand;47.29;6.58;12/08/2026;16:00;29.9;0;SOLEIL;5;0;0
Sancey-le-Grand;47.29;6.58;12/08/2026;17:00;29.9;0;SOLEIL;2;0;0
Sancey-le-Grand;47.29;6.58;12/08/2026;18:00;29.9;0;SOLEIL;2;0;0
Sancey-le-Grand;47.29;6.58;12/08/2026;19:00;29.9;0;SOLEIL;2;0;0
Sancey-le-Grand;47.29;6.58;12/08/2026;20:00;22.9;0;SOLEIL;5;0;0
Sancey-le-Grand;47.29;6.58;12/08/2026;21:00;21.2;0;SOLEIL;5;0;0
Sancey-le-Grand;47.29;6.58;12/08/2026;22:00;19.5;0;SOLEIL;5;0;0
Sancey-le-Grand;47.29;6.58;12/08/2026;23:00;19.9;0;SOLEIL;3;0;0
Dole;47.09;5.49;08/08/2026;00:00;19.2;0;SOLEIL;3;0;0
Dole;47.09;5.49;08/08/2026;01:00;19.2;0;SOLEIL;3;0;0
Dole;47.09;5.49;08/08/2026;02:00;17.6;0;SOLEIL;4;0;0
Dole;47.09;5.49;08/08/2026;03:00;17.6;0;SOLEIL;4;0;0
Dole;47.09;5.49;08/08/2026;04:00;17.6;0;SOLEIL;4;0;0
Dole;47.09;5.49;08/08/2026;05:00;18.2;0;SOLEIL;3;0;0
Dole;47.09;5.49;08/08/2026;06:00;18.2;0;SOLEIL;3;0;0
Dole;47.09;5.49;08/08/2026;07:00;18.2;0;SOLEIL;3;0;0
Dole;47.09;5.49;08/08/2026;08:00;26.9;0;SOLEIL;2;0;0
Dole;47.09;5.49;08/08/2026;09:00;26.9;0;SOLEIL;2;0;0
Dole;47.09;5.49;08/08/2026;10:00;26.9;0;SOLEIL;2;0;0
Dole;47.09;5.49;08/08/2026;11:00;32.1;0;SOLEIL;2;0;0
Dole;47.09;5.49;08/08/2026;12:00;32.1;0;SOLEIL;2;0;0
Dole;47.09;5.49;08/08/2026;13:00;32.1;0;SOLEIL;2;0;0
Dole;47.09;5.49;08/08/2026;14:00;34;0;SOLEIL;2;0;0
Dole;47.09;5.49;08/08/2026;15:00;34;0;SOLEIL;2;0;0
Dole;47.09;5.49;08/08/2026;16:00;34;0;SOLEIL;2;0;0
Dole;47.09;5.49;08/08/2026;17:00;31.6;0;SOLEIL;1;0;0
Dole;47.09;5.49;08/08/2026;18:00;31.6;0;SOLEIL;1;0;0
Dole;47.09;5.49;08/08/2026;19:00;31.6;0;SOLEIL;1;0;0
Dole;47.09;5.49;08/08/2026;20:00;23.2;0;SOLEIL;1;0;0
Dole;47.09;5.49;08/08/2026;21:00;23.2;0;SOLEIL;1;0;0
Dole;47.09;5.49;08/08/2026;22:00;23.2;0;SOLEIL;1;0;0
Dole;47.09;5.49;08/08/2026;23:00;20.2;0;SOLEIL;1;0;0
Dole;47.09;5.49;09/08/2026;00:00;20.2;0;SOLEIL;1;0;0
Dole;47.09;5.49;09/08/2026;01:00;20.2;0;SOLEIL;1;0;0
Dole;47.09;5.49;09/08/2026;02:00;19;0;SOLEIL;1;0;0
Dole;47.09;5.49;09/08/2026;03:00;19;0;SOLEIL;1;0;0
Dole;47.09;5.49;09/08/2026;04:00;19;0;SOLEIL;1;0;0
Dole;47.09;5.49;09/08/2026;05:00;20.5;5;SOLEIL VOILÉ;1;0;0
Dole;47.09;5.49;09/08/2026;06:00;20.5;5;SOLEIL VOILÉ;1;0;0
Dole;47.09;5.49;09/08/2026;07:00;20.5;5;SOLEIL VOILÉ;1;0;0
Dole;47.09;5.49;09/08/2026;08:00;28.2;5;SOLEIL VOILÉ;2;0;0
Dole;47.09;5.49;09/08/2026;09:00;28.2;5;SOLEIL VOILÉ;2;0;0
Dole;47.09;5.49;09/08/2026;10:00;28.2;5;SOLEIL VOILÉ;2;0;0
Dole;47.09;5.49;09/08/2026;11:00;32.4;0;SOLEIL;3;0;0
Dole;47.09;5.49;09/08/2026;12:00;32.4;0;SOLEIL;3;0;0
Dole;47.09;5.49;09/08/2026;13:00;32.4;0;SOLEIL;3;0;0
Dole;47.09;5.49;09/08/2026;14:00;32.5;5;SOLEIL VOILÉ;3;0;0
Dole;47.09;5.49;09/08/2026;15:00;32.5;5;SOLEIL VOILÉ;3;0;0
Dole;47.09;5.49;09/08/2026;16:00;32.5;5;SOLEIL VOILÉ;3;0;0
Dole;47.09;5.49;09/08/2026;17:00;31.1;0;SOLEIL;2;0;0
Dole;47.09;5.49;09/08/2026;18:00;31.1;0;SOLEIL;2;0;0
Dole;47.09;5.49;09/08/2026;19:00;31.1;0;SOLEIL;2;0;0
Dole;47.09;5.49;09/08/2026;20:00;24.4;0;SOLEIL;5;0;0
Dole;47.09;5.49;09/08/2026;21:00;22.4;0;SOLEIL;5;0;0
Dole;47.09;5.49;09/08/2026;22:00;20.3;0;SOLEIL;5;0;0
Dole;47.09;5.49;09/08/2026;23:00;20.5;0;SOLEIL;2;0;0
Dole;47.09;5.49;10/08/2026;00:00;20.5;0;SOLEIL;2;0;0
Dole;47.09;5.49;10/08/2026;01:00;20.5;0;SOLEIL;2;0;0
Dole;47.09;5.49;10/08/2026;02:00;18.2;2;NUAGEUX;5;0;0
Dole;47.09;5.49;10/08/2026;03:00;18.2;2;NUAGEUX;5;0;0
Dole;47.09;5.49;10/08/2026;04:00;18.2;2;NUAGEUX;5;0;0
Dole;47.09;5.49;10/08/2026;05:00;20.6;0;SOLEIL;2;0;0
Dole;47.09;5.49;10/08/2026;06:00;20.6;0;SOLEIL;2;0;0
Dole;47.09;5.49;10/08/2026;07:00;20.6;0;SOLEIL;2;0;0
Dole;47.09;5.49;10/08/2026;08:00;21.8;2;NUAGEUX;5;0;0
Dole;47.09;5.49;10/08/2026;09:00;23.6;2;NUAGEUX;5;0;0
Dole;47.09;5.49;10/08/2026;10:00;25.4;2;NUAGEUX;5;0;0
Dole;47.09;5.49;10/08/2026;11:00;33.1;0;SOLEIL;2;0;0
Dole;47.09;5.49;10/08/2026;12:00;33.1;0;SOLEIL;2;0;0
Dole;47.09;5.49;10/08/2026;13:00;33.1;0;SOLEIL;2;0;0
Dole;47.09;5.49;10/08/2026;14:00;32.7;2;NUAGEUX;5;0;0
Dole;47.09;5.49;10/08/2026;15:00;34.5;2;NUAGEUX;5;0;0
Dole;47.09;5.49;10/08/2026;16:00;32.7;2;NUAGEUX;5;0;0
Dole;47.09;5.49;10/08/2026;17:00;28.1;6;AVERSES;2;0;0
Dole;47.09;5.49;10/08/2026;18:00;28.1;6;AVERSES;2;0;0
Dole;47.09;5.49;10/08/2026;19:00;28.1;6;AVERSES;2;0;0
Dole;47.09;5.49;10/08/2026;20:00;25.4;2;NUAGEUX;5;0;0
Dole;47.09;5.49;10/08/2026;21:00;23.6;2;NUAGEUX;5;0;0
Dole;47.09;5.49;10/08/2026;22:00;21.8;2;NUAGEUX;5;0;0
Dole;47.09;5.49;10/08/2026;23:00;21.7;0;SOLEIL;2;0;0
Dole;47.09;5.49;11/08/2026;00:00;21.7;0;SOLEIL;2;0;0
Dole;47.09;5.49;11/08/2026;01:00;21.7;0;SOLEIL;2;0;0
Dole;47.09;5.49;11/08/2026;02:00;19.1;0;SOLEIL;5;0;0
Dole;47.09;5.49;11/08/2026;03:00;19.1;0;SOLEIL;5;0;0
Dole;47.09;5.49;11/08/2026;04:00;19.1;0;SOLEIL;5;0;0
Dole;47.09;5.49;11/08/2026;05:00;19.9;0;SOLEIL;2;0;0
Dole;47.09;5.49;11/08/2026;06:00;19.9;0;SOLEIL;2;0;0
Dole;47.09;5.49;11/08/2026;07:00;19.9;0;SOLEIL;2;0;0
Dole;47.09;5.49;11/08/2026;08:00;22.8;0;SOLEIL;5;0;0
Dole;47.09;5.49;11/08/2026;09:00;24.6;0;SOLEIL;5;0;0
Dole;47.09;5.49;11/08/2026;10:00;26.4;0;SOLEIL;5;0;0
Dole;47.09;5.49;11/08/2026;11:00;33.6;0;SOLEIL;3;0;0
Dole;47.09;5.49;11/08/2026;12:00;33.6;0;SOLEIL;3;0;0
Dole;47.09;5.49;11/08/2026;13:00;33.6;0;SOLEIL;3;0;0
Dole;47.09;5.49;11/08/2026;14:00;33.8;0;SOLEIL;5;0;0
Dole;47.09;5.49;11/08/2026;15:00;35.6;0;SOLEIL;5;0;0
Dole;47.09;5.49;11/08/2026;16:00;33.8;0;SOLEIL;5;0;0
Dole;47.09;5.49;11/08/2026;17:00;29.6;0;SOLEIL;3;0;0
Dole;47.09;5.49;11/08/2026;18:00;29.6;0;SOLEIL;3;0;0
Dole;47.09;5.49;11/08/2026;19:00;29.6;0;SOLEIL;3;0;0
Dole;47.09;5.49;11/08/2026;20:00;26.4;0;SOLEIL;5;0;0
Dole;47.09;5.49;11/08/2026;21:00;24.6;0;SOLEIL;5;0;0
Dole;47.09;5.49;11/08/2026;22:00;22.8;0;SOLEIL;5;0;0
Dole;47.09;5.49;11/08/2026;23:00;22.2;0;SOLEIL;3;0;0
Dole;47.09;5.49;12/08/2026;00:00;22.2;0;SOLEIL;3;0;0
Dole;47.09;5.49;12/08/2026;01:00;22.2;0;SOLEIL;3;0;0
Dole;47.09;5.49;12/08/2026;02:00;18.4;0;SOLEIL;5;0;0
Dole;47.09;5.49;12/08/2026;03:00;18.4;0;SOLEIL;5;0;0
Dole;47.09;5.49;12/08/2026;04:00;18.4;0;SOLEIL;5;0;0
Dole;47.09;5.49;12/08/2026;05:00;19.2;0;SOLEIL;2;0;0
Dole;47.09;5.49;12/08/2026;06:00;19.2;0;SOLEIL;2;0;0
Dole;47.09;5.49;12/08/2026;07:00;19.2;0;SOLEIL;2;0;0
Dole;47.09;5.49;12/08/2026;08:00;22.3;0;SOLEIL;5;0;0
Dole;47.09;5.49;12/08/2026;09:00;24.2;0;SOLEIL;5;0;0
Dole;47.09;5.49;12/08/2026;10:00;26.2;0;SOLEIL;5;0;0
Dole;47.09;5.49;12/08/2026;11:00;34;0;SOLEIL;2;0;0
Dole;47.09;5.49;12/08/2026;12:00;34;0;SOLEIL;2;0;0
Dole;47.09;5.49;12/08/2026;13:00;34;0;SOLEIL;2;0;0
Dole;47.09;5.49;12/08/2026;14:00;34.0;0;SOLEIL;5;0;0
Dole;47.09;5.49;12/08/2026;15:00;35.9;0;SOLEIL;5;0;0
Dole;47.09;5.49;12/08/2026;16:00;34.0;0;SOLEIL;5;0;0
Dole;47.09;5.49;12/08/2026;17:00;30.7;0;SOLEIL;2;0;0
Dole;47.09;5.49;12/08/2026;18:00;30.7;0;SOLEIL;2;0;0
Dole;47.09;5.49;12/08/2026;19:00;30.7;0;SOLEIL;2;0;0
Dole;47.09;5.49;12/08/2026;20:00;26.2;0;SOLEIL;5;0;0
Dole;47.09;5.49;12/08/2026;21:00;24.2;0;SOLEIL;5;0;0
Dole;47.09;5.49;12/08/2026;22:00;22.3;0;SOLEIL;5;0;0
Dole;47.09;5.49;12/08/2026;23:00;22.4;0;SOLEIL;1;0;0
Lons-le-Saunier;46.67;5.55;08/08/2026;00:00;22.1;0;SOLEIL;2;0;0
Lons-le-Saunier;46.67;5.55;08/08/2026;01:00;22.1;0;SOLEIL;2;0;0
Lons-le-Saunier;46.67;5.55;08/08/2026;02:00;19.1;0;SOLEIL;2;0;0
Lons-le-Saunier;46.67;5.55;08/08/2026;03:00;19.1;0;SOLEIL;2;0;0
Lons-le-Saunier;46.67;5.55;08/08/2026;04:00;19.1;0;SOLEIL;2;0;0
Lons-le-Saunier;46.67;5.55;08/08/2026;05:00;20.1;0;SOLEIL;0;0;0
Lons-le-Saunier;46.67;5.55;08/08/2026;06:00;20.1;0;SOLEIL;0;0;0
Lons-le-Saunier;46.67;5.55;08/08/2026;07:00;20.1;0;SOLEIL;0;0;0
Lons-le-Saunier;46.67;5.55;08/08/2026;08:00;25.1;0;SOLEIL;2;0;0
Lons-le-Saunier;46.67;5.55;08/08/2026;09:00;25.1;0;SOLEIL;2;0;0
Lons-le-Saunier;46.67;5.55;08/08/2026;10:00;25.1;0;SOLEIL;2;0;0
Lons-le-Saunier;46.67;5.55;08/08/2026;11:00;31;0;SOLEIL;2;0;0
Lons-le-Saunier;46.67;5.55;08/08/2026;12:00;31;0;SOLEIL;2;0;0
Lons-le-Saunier;46.67;5.55;08/08/2026;13:00;31;0;SOLEIL;2;0;0
Lons-le-Saunier;46.67;5.55;08/08/2026;14:00;33.7;0;SOLEIL;2;0;0
Lons-le-Saunier;46.67;5.55;08/08/2026;15:00;33.7;0;SOLEIL;2;0;0
Lons-le-Saunier;46.67;5.55;08/08/2026;16:00;33.7;0;SOLEIL;2;0;0
Lons-le-Saunier;46.67;5.55;08/08/2026;17:00;32.6;0;SOLEIL;1;0;0
Lons-le-Saunier;46.67;5.55;08/08/2026;18:00;32.6;0;SOLEIL;1;0;0
Lons-le-Saunier;46.67;5.55;08/08/2026;19:00;32.6;0;SOLEIL;1;0;0
Lons-le-Saunier;46.67;5.55;08/08/2026;20:00;26.1;0;SOLEIL;1;0;0
Lons-le-Saunier;46.67;5.55;08/08/2026;21:00;26.1;0;SOLEIL;1;0;0
Lons-le-Saunier;46.67;5.55;08/08/2026;22:00;26.1;0;SOLEIL;1;0;0
Lons-le-Saunier;46.67;5.55;08/08/2026;23:00;24.9;0;SOLEIL;2;0;0
Lons-le-Saunier;46.67;5.55;09/08/2026;00:00;24.9;0;SOLEIL;2;0;0
Lons-le-Saunier;46.67;5.55;09/08/2026;01:00;24.9;0;SOLEIL;2;0;0
Lons-le-Saunier;46.67;5.55;09/08/2026;02:00;23.1;0;SOLEIL;2;0;0
Lons-le-Saunier;46.67;5.55;09/08/2026;03:00;23.1;0;SOLEIL;2;0;0
Lons-le-Saunier;46.67;5.55;09/08/2026;04:00;23.1;0;SOLEIL;2;0;0
Lons-le-Saunier;46.67;5.55;09/08/2026;05:00;22.9;0;SOLEIL;2;0;0
Lons-le-Saunier;46.67;5.55;09/08/2026;06:00;22.9;0;SOLEIL;2;0;0
Lons-le-Saunier;46.67;5.55;09/08/2026;07:00;22.9;0;SOLEIL;2;0;0
Lons-le-Saunier;46.67;5.55;09/08/2026;08:00;27.7;0;SOLEIL;3;0;0
Lons-le-Saunier;46.67;5.55;09/08/2026;09:00;27.7;0;SOLEIL;3;0;0
Lons-le-Saunier;46.67;5.55;09/08/2026;10:00;27.7;0;SOLEIL;3;0;0
Lons-le-Saunier;46.67;5.55;09/08/2026;11:00;32.1;0;SOLEIL;4;0;0
Lons-le-Saunier;46.67;5.55;09/08/2026;12:00;32.1;0;SOLEIL;4;0;0
Lons-le-Saunier;46.67;5.55;09/08/2026;13:00;32.1;0;SOLEIL;4;0;0
Lons-le-Saunier;46.67;5.55;09/08/2026;14:00;33;5;SOLEIL VOILÉ;4;0;0
Lons-le-Saunier;46.67;5.55;09/08/2026;15:00;33;5;SOLEIL VOILÉ;4;0;0
Lons-le-Saunier;46.67;5.55;09/08/2026;16:00;33;5;SOLEIL VOILÉ;4;0;0
Lons-le-Saunier;46.67;5.55;09/08/2026;17:00;32.6;5;SOLEIL VOILÉ;2;0;0
Lons-le-Saunier;46.67;5.55;09/08/2026;18:00;32.6;5;SOLEIL VOILÉ;2;0;0
Lons-le-Saunier;46.67;5.55;09/08/2026;19:00;32.6;5;SOLEIL VOILÉ;2;0;0
Lons-le-Saunier;46.67;5.55;09/08/2026;20:00;25.4;0;SOLEIL;5;0;0
Lons-le-Saunier;46.67;5.55;09/08/2026;21:00;23.5;0;SOLEIL;5;0;0
Lons-le-Saunier;46.67;5.55;09/08/2026;22:00;21.7;0;SOLEIL;5;0;0
Lons-le-Saunier;46.67;5.55;09/08/2026;23:00;24.1;0;SOLEIL;2;0;0
Lons-le-Saunier;46.67;5.55;10/08/2026;00:00;24.1;0;SOLEIL;2;0;0
Lons-le-Saunier;46.67;5.55;10/08/2026;01:00;24.1;0;SOLEIL;2;0;0
Lons-le-Saunier;46.67;5.55;10/08/2026;02:00;21.2;0;SOLEIL;5;0;0
Lons-le-Saunier;46.67;5.55;10/08/2026;03:00;21.2;0;SOLEIL;5;0;0
Lons-le-Saunier;46.67;5.55;10/08/2026;04:00;21.2;0;SOLEIL;5;0;0
Lons-le-Saunier;46.67;5.55;10/08/2026;05:00;23.2;0;SOLEIL;2;0;0
Lons-le-Saunier;46.67;5.55;10/08/2026;06:00;23.2;0;SOLEIL;2;0;0
Lons-le-Saunier;46.67;5.55;10/08/2026;07:00;23.2;0;SOLEIL;2;0;0
Lons-le-Saunier;46.67;5.55;10/08/2026;08:00;24.1;0;SOLEIL;5;0;0
Lons-le-Saunier;46.67;5.55;10/08/2026;09:00;25.5;0;SOLEIL;5;0;0
Lons-le-Saunier;46.67;5.55;10/08/2026;10:00;26.9;0;SOLEIL;5;0;0
Lons-le-Saunier;46.67;5.55;10/08/2026;11:00;32.1;0;SOLEIL;3;0;0
Lons-le-Saunier;46.67;5.55;10/08/2026;12:00;32.1;0;SOLEIL;3;0;0
Lons-le-Saunier;46.67;5.55;10/08/2026;13:00;32.1;0;SOLEIL;3;0;0
Lons-le-Saunier;46.67;5.55;10/08/2026;14:00;32.7;0;SOLEIL;5;0;0
Lons-le-Saunier;46.67;5.55;10/08/2026;15:00;34.1;0;SOLEIL;5;0;0
Lons-le-Saunier;46.67;5.55;10/08/2026;16:00;32.7;0;SOLEIL;5;0;0
Lons-le-Saunier;46.67;5.55;10/08/2026;17:00;31.4;6;AVERSES;2;0;0
Lons-le-Saunier;46.67;5.55;10/08/2026;18:00;31.4;6;AVERSES;2;0;0
Lons-le-Saunier;46.67;5.55;10/08/2026;19:00;31.4;6;AVERSES;2;0;0
Lons-le-Saunier;46.67;5.55;10/08/2026;20:00;26.9;0;SOLEIL;5;0;0
Lons-le-Saunier;46.67;5.55;10/08/2026;21:00;25.5;0;SOLEIL;5;0;0
Lons-le-Saunier;46.67;5.55;10/08/2026;22:00;24.1;0;SOLEIL;5;0;0
Lons-le-Saunier;46.67;5.55;10/08/2026;23:00;23.5;0;SOLEIL;2;0;0
Lons-le-Saunier;46.67;5.55;11/08/2026;00:00;23.5;0;SOLEIL;2;0;0
Lons-le-Saunier;46.67;5.55;11/08/2026;01:00;23.5;0;SOLEIL;2;0;0
Lons-le-Saunier;46.67;5.55;11/08/2026;02:00;21.6;0;SOLEIL;5;0;0
Lons-le-Saunier;46.67;5.55;11/08/2026;03:00;21.6;0;SOLEIL;5;0;0
Lons-le-Saunier;46.67;5.55;11/08/2026;04:00;21.6;0;SOLEIL;5;0;0
Lons-le-Saunier;46.67;5.55;11/08/2026;05:00;22.6;0;SOLEIL;2;0;0
Lons-le-Saunier;46.67;5.55;11/08/2026;06:00;22.6;0;SOLEIL;2;0;0
Lons-le-Saunier;46.67;5.55;11/08/2026;07:00;22.6;0;SOLEIL;2;0;0
Lons-le-Saunier;46.67;5.55;11/08/2026;08:00;24.4;0;SOLEIL;5;0;0
Lons-le-Saunier;46.67;5.55;11/08/2026;09:00;25.7;0;SOLEIL;5;0;0
Lons-le-Saunier;46.67;5.55;11/08/2026;10:00;27.1;0;SOLEIL;5;0;0
Lons-le-Saunier;46.67;5.55;11/08/2026;11:00;32.9;0;SOLEIL;3;0;0
Lons-le-Saunier;46.67;5.55;11/08/2026;12:00;32.9;0;SOLEIL;3;0;0
Lons-le-Saunier;46.67;5.55;11/08/2026;13:00;32.9;0;SOLEIL;3;0;0
Lons-le-Saunier;46.67;5.55;11/08/2026;14:00;32.6;0;SOLEIL;5;0;0
Lons-le-Saunier;46.67;5.55;11/08/2026;15:00;34.0;0;SOLEIL;5;0;0
Lons-le-Saunier;46.67;5.55;11/08/2026;16:00;32.6;0;SOLEIL;5;0;0
Lons-le-Saunier;46.67;5.55;11/08/2026;17:00;31.7;0;SOLEIL;3;0;0
Lons-le-Saunier;46.67;5.55;11/08/2026;18:00;31.7;0;SOLEIL;3;0;0
Lons-le-Saunier;46.67;5.55;11/08/2026;19:00;31.7;0;SOLEIL;3;0;0
Lons-le-Saunier;46.67;5.55;11/08/2026;20:00;27.1;0;SOLEIL;5;0;0
Lons-le-Saunier;46.67;5.55;11/08/2026;21:00;25.7;0;SOLEIL;5;0;0
Lons-le-Saunier;46.67;5.55;11/08/2026;22:00;24.4;0;SOLEIL;5;0;0
Lons-le-Saunier;46.67;5.55;11/08/2026;23:00;23.2;0;SOLEIL;2;0;0
Lons-le-Saunier;46.67;5.55;12/08/2026;00:00;23.2;0;SOLEIL;2;0;0
Lons-le-Saunier;46.67;5.55;12/08/2026;01:00;23.2;0;SOLEIL;2;0;0
Lons-le-Saunier;46.67;5.55;12/08/2026;02:00;20.6;0;SOLEIL;5;0;0
Lons-le-Saunier;46.67;5.55;12/08/2026;03:00;20.6;0;SOLEIL;5;0;0
Lons-le-Saunier;46.67;5.55;12/08/2026;04:00;20.6;0;SOLEIL;5;0;0
Lons-le-Saunier;46.67;5.55;12/08/2026;05:00;21.7;0;SOLEIL;1;0;0
Lons-le-Saunier;46.67;5.55;12/08/2026;06:00;21.7;0;SOLEIL;1;0;0
Lons-le-Saunier;46.67;5.55;12/08/2026;07:00;21.7;0;SOLEIL;1;0;0
Lons-le-Saunier;46.67;5.55;12/08/2026;08:00;23.7;0;SOLEIL;5;0;0
Lons-le-Saunier;46.67;5.55;12/08/2026;09:00;25.3;0;SOLEIL;5;0;0
Lons-le-Saunier;46.67;5.55;12/08/2026;10:00;26.9;0;SOLEIL;5;0;0
Lons-le-Saunier;46.67;5.55;12/08/2026;11:00;33.6;0;SOLEIL;2;0;0
Lons-le-Saunier;46.67;5.55;12/08/2026;12:00;33.6;0;SOLEIL;2;0;0
Lons-le-Saunier;46.67;5.55;12/08/2026;13:00;33.6;0;SOLEIL;2;0;0
Lons-le-Saunier;46.67;5.55;12/08/2026;14:00;33.1;0;SOLEIL;5;0;0
Lons-le-Saunier;46.67;5.55;12/08/2026;15:00;34.7;0;SOLEIL;5;0;0
Lons-le-Saunier;46.67;5.55;12/08/2026;16:00;33.1;0;SOLEIL;5;0;0
Lons-le-Saunier;46.67;5.55;12/08/2026;17:00;33.1;0;SOLEIL;1;0;0
Lons-le-Saunier;46.67;5.55;12/08/2026;18:00;33.1;0;SOLEIL;1;0;0
Lons-le-Saunier;46.67;5.55;12/08/2026;19:00;33.1;0;SOLEIL;1;0;0
Lons-le-Saunier;46.67;5.55;12/08/2026;20:00;26.9;0;SOLEIL;5;0;0
Lons-le-Saunier;46.67;5.55;12/08/2026;21:00;25.3;0;SOLEIL;5;0;0
Lons-le-Saunier;46.67;5.55;12/08/2026;22:00;23.7;0;SOLEIL;5;0;0
Lons-le-Saunier;46.67;5.55;12/08/2026;23:00;24.2;0;SOLEIL;2;0;0
Morez;46.52;6.02;08/08/2026;00:00;13.4;0;SOLEIL;0;0;0
Morez;46.52;6.02;08/08/2026;01:00;13.4;0;SOLEIL;0;0;0
Morez;46.52;6.02;08/08/2026;02:00;9.6;0;SOLEIL;1;0;0
Morez;46.52;6.02;08/08/2026;03:00;9.6;0;SOLEIL;1;0;0
Morez;46.52;6.02;08/08/2026;04:00;9.6;0;SOLEIL;1;0;0
Morez;46.52;6.02;08/08/2026;05:00;13.2;0;SOLEIL;1;0;0
Morez;46.52;6.02;08/08/2026;06:00;13.2;0;SOLEIL;1;0;0
Morez;46.52;6.02;08/08/2026;07:00;13.2;0;SOLEIL;1;0;0
Morez;46.52;6.02;08/08/2026;08:00;25.7;0;SOLEIL;1;0;0
Morez;46.52;6.02;08/08/2026;09:00;25.7;0;SOLEIL;1;0;0
Morez;46.52;6.02;08/08/2026;10:00;25.7;0;SOLEIL;1;0;0
Morez;46.52;6.02;08/08/2026;11:00;29.2;0;SOLEIL;2;0;0
Morez;46.52;6.02;08/08/2026;12:00;29.2;0;SOLEIL;2;0;0
Morez;46.52;6.02;08/08/2026;13:00;29.2;0;SOLEIL;2;0;0
Morez;46.52;6.02;08/08/2026;14:00;30.9;0;SOLEIL;3;0;0
Morez;46.52;6.02;08/08/2026;15:00;30.9;0;SOLEIL;3;0;0
Morez;46.52;6.02;08/08/2026;16:00;30.9;0;SOLEIL;3;0;0
Morez;46.52;6.02;08/08/2026;17:00;27.5;0;SOLEIL;2;0;0
Morez;46.52;6.02;08/08/2026;18:00;27.5;0;SOLEIL;2;0;0
Morez;46.52;6.02;08/08/2026;19:00;27.5;0;SOLEIL;2;0;0
Morez;46.52;6.02;08/08/2026;20:00;18;0;SOLEIL;1;0;0
Morez;46.52;6.02;08/08/2026;21:00;18;0;SOLEIL;1;0;0
Morez;46.52;6.02;08/08/2026;22:00;18;0;SOLEIL;1;0;0
Morez;46.52;6.02;08/08/2026;23:00;15.2;0;SOLEIL;2;0;0
Morez;46.52;6.02;09/08/2026;00:00;15.2;0;SOLEIL;2;0;0
Morez;46.52;6.02;09/08/2026;01:00;15.2;0;SOLEIL;2;0;0
Morez;46.52;6.02;09/08/2026;02:00;15;0;SOLEIL;2;0;0
Morez;46.52;6.02;09/08/2026;03:00;15;0;SOLEIL;2;0;0
Morez;46.52;6.02;09/08/2026;04:00;15;0;SOLEIL;2;0;0
Morez;46.52;6.02;09/08/2026;05:00;16.7;0;SOLEIL;2;0;0
Morez;46.52;6.02;09/08/2026;06:00;16.7;0;SOLEIL;2;0;0
Morez;46.52;6.02;09/08/2026;07:00;16.7;0;SOLEIL;2;0;0
Morez;46.52;6.02;09/08/2026;08:00;26;0;SOLEIL;2;0;0
Morez;46.52;6.02;09/08/2026;09:00;26;0;SOLEIL;2;0;0
Morez;46.52;6.02;09/08/2026;10:00;26;0;SOLEIL;2;0;0
Morez;46.52;6.02;09/08/2026;11:00;29.6;10;ORAGEUX;3;0;0
Morez;46.52;6.02;09/08/2026;12:00;29.6;10;ORAGEUX;3;0;0
Morez;46.52;6.02;09/08/2026;13:00;29.6;10;ORAGEUX;3;0;0
Morez;46.52;6.02;09/08/2026;14:00;29.1;10;ORAGEUX;4;11;0
Morez;46.52;6.02;09/08/2026;15:00;29.1;10;ORAGEUX;4;11;0
Morez;46.52;6.02;09/08/2026;16:00;29.1;10;ORAGEUX;4;11;0
Morez;46.52;6.02;09/08/2026;17:00;25.1;10;ORAGEUX;2;0;0
Morez;46.52;6.02;09/08/2026;18:00;25.1;10;ORAGEUX;2;0;0
Morez;46.52;6.02;09/08/2026;19:00;25.1;10;ORAGEUX;2;0;0
Morez;46.52;6.02;09/08/2026;20:00;19.0;0;SOLEIL;5;0;0
Morez;46.52;6.02;09/08/2026;21:00;16.6;0;SOLEIL;5;0;0
Morez;46.52;6.02;09/08/2026;22:00;14.3;0;SOLEIL;5;0;0
Morez;46.52;6.02;09/08/2026;23:00;15.2;0;SOLEIL;2;0;0
Morez;46.52;6.02;10/08/2026;00:00;15.2;0;SOLEIL;2;0;0
Morez;46.52;6.02;10/08/2026;01:00;15.2;0;SOLEIL;2;0;0
Morez;46.52;6.02;10/08/2026;02:00;12.6;10;ORAGEUX;5;0;0
Morez;46.52;6.02;10/08/2026;03:00;12.6;10;ORAGEUX;5;0;0
Morez;46.52;6.02;10/08/2026;04:00;12.6;10;ORAGEUX;5;0;0
Morez;46.52;6.02;10/08/2026;05:00;15.1;0;SOLEIL;1;0;0
Morez;46.52;6.02;10/08/2026;06:00;15.1;0;SOLEIL;1;0;0
Morez;46.52;6.02;10/08/2026;07:00;15.1;0;SOLEIL;1;0;0
Morez;46.52;6.02;10/08/2026;08:00;16.8;10;ORAGEUX;5;0;0
Morez;46.52;6.02;10/08/2026;09:00;18.9;10;ORAGEUX;5;0;0
Morez;46.52;6.02;10/08/2026;10:00;21.0;10;ORAGEUX;5;0;0
Morez;46.52;6.02;10/08/2026;11:00;28.1;6;AVERSES;3;0;0
Morez;46.52;6.02;10/08/2026;12:00;28.1;6;AVERSES;3;0;0
Morez;46.52;6.02;10/08/2026;13:00;28.1;6;AVERSES;3;0;0
Morez;46.52;6.02;10/08/2026;14:00;29.3;10;ORAGEUX;5;0;0
Morez;46.52;6.02;10/08/2026;15:00;31.4;10;ORAGEUX;5;0;0
Morez;46.52;6.02;10/08/2026;16:00;29.3;10;ORAGEUX;5;0;0
Morez;46.52;6.02;10/08/2026;17:00;24.2;6;AVERSES;1;0;0
Morez;46.52;6.02;10/08/2026;18:00;24.2;6;AVERSES;1;0;0
Morez;46.52;6.02;10/08/2026;19:00;24.2;6;AVERSES;1;0;0
Morez;46.52;6.02;10/08/2026;20:00;21.0;10;ORAGEUX;5;0;0
Morez;46.52;6.02;10/08/2026;21:00;18.9;10;ORAGEUX;5;0;0
Morez;46.52;6.02;10/08/2026;22:00;16.8;10;ORAGEUX;5;0;0
Morez;46.52;6.02;10/08/2026;23:00;13.9;0;SOLEIL;1;0;0
Morez;46.52;6.02;11/08/2026;00:00;13.9;0;SOLEIL;1;0;0
Morez;46.52;6.02;11/08/2026;01:00;13.9;0;SOLEIL;1;0;0
Morez;46.52;6.02;11/08/2026;02:00;13;6;AVERSES;5;0;0
Morez;46.52;6.02;11/08/2026;03:00;13;6;AVERSES;5;0;0
Morez;46.52;6.02;11/08/2026;04:00;13;6;AVERSES;5;0;0
Morez;46.52;6.02;11/08/2026;05:00;14.1;0;SOLEIL;1;0;0
Morez;46.52;6.02;11/08/2026;06:00;14.1;0;SOLEIL;1;0;0
Morez;46.52;6.02;11/08/2026;07:00;14.1;0;SOLEIL;1;0;0
Morez;46.52;6.02;11/08/2026;08:00;16.6;6;AVERSES;5;0;0
Morez;46.52;6.02;11/08/2026;09:00;18.3;6;AVERSES;5;0;0
Morez;46.52;6.02;11/08/2026;10:00;20.1;6;AVERSES;5;0;0
Morez;46.52;6.02;11/08/2026;11:00;29.9;6;AVERSES;2;0;0
Morez;46.52;6.02;11/08/2026;12:00;29.9;6;AVERSES;2;0;0
Morez;46.52;6.02;11/08/2026;13:00;29.9;6;AVERSES;2;0;0
Morez;46.52;6.02;11/08/2026;14:00;27.2;6;AVERSES;5;0;0
Morez;46.52;6.02;11/08/2026;15:00;29.0;6;AVERSES;5;0;0
Morez;46.52;6.02;11/08/2026;16:00;27.2;6;AVERSES;5;0;0
Morez;46.52;6.02;11/08/2026;17:00;26.2;6;AVERSES;2;0;0
Morez;46.52;6.02;11/08/2026;18:00;26.2;6;AVERSES;2;0;0
Morez;46.52;6.02;11/08/2026;19:00;26.2;6;AVERSES;2;0;0
Morez;46.52;6.02;11/08/2026;20:00;20.1;6;AVERSES;5;0;0
Morez;46.52;6.02;11/08/2026;21:00;18.3;6;AVERSES;5;0;0
Morez;46.52;6.02;11/08/2026;22:00;16.6;6;AVERSES;5;0;0
Morez;46.52;6.02;11/08/2026;23:00;14.6;0;SOLEIL;2;0;0
Morez;46.52;6.02;12/08/2026;00:00;14.6;0;SOLEIL;2;0;0
Morez;46.52;6.02;12/08/2026;01:00;14.6;0;SOLEIL;2;0;0
Morez;46.52;6.02;12/08/2026;02:00;12.1;0;SOLEIL;5;0;0
Morez;46.52;6.02;12/08/2026;03:00;12.1;0;SOLEIL;5;0;0
Morez;46.52;6.02;12/08/2026;04:00;12.1;0;SOLEIL;5;0;0
Morez;46.52;6.02;12/08/2026;05:00;14.2;0;SOLEIL;1;0;0
Morez;46.52;6.02;12/08/2026;06:00;14.2;0;SOLEIL;1;0;0
Morez;46.52;6.02;12/08/2026;07:00;14.2;0;SOLEIL;1;0;0
Morez;46.52;6.02;12/08/2026;08:00;16.3;0;SOLEIL;5;0;0
Morez;46.52;6.02;12/08/2026;09:00;18.5;0;SOLEIL;5;0;0
Morez;46.52;6.02;12/08/2026;10:00;20.6;0;SOLEIL;5;0;0
Morez;46.52;6.02;12/08/2026;11:00;29.6;0;SOLEIL;2;0;0
Morez;46.52;6.02;12/08/2026;12:00;29.6;0;SOLEIL;2;0;0
Morez;46.52;6.02;12/08/2026;13:00;29.6;0;SOLEIL;2;0;0
Morez;46.52;6.02;12/08/2026;14:00;29.1;0;SOLEIL;5;0;0
Morez;46.52;6.02;12/08/2026;15:00;31.2;0;SOLEIL;5;0;0
Morez;46.52;6.02;12/08/2026;16:00;29.1;0;SOLEIL;5;0;0
Morez;46.52;6.02;12/08/2026;17:00;27;0;SOLEIL;1;0;0
Morez;46.52;6.02;12/08/2026;18:00;27;0;SOLEIL;1;0;0
Morez;46.52;6.02;12/08/2026;19:00;27;0;SOLEIL;1;0;0
Morez;46.52;6.02;12/08/2026;20:00;20.6;0;SOLEIL;5;0;0
Morez;46.52;6.02;12/08/2026;21:00;18.5;0;SOLEIL;5;0;0
Morez;46.52;6.02;12/08/2026;22:00;16.3;0;SOLEIL;5;0;0
Morez;46.52;6.02;12/08/2026;23:00;15.7;0;SOLEIL;1;0;0
Thoirette;46.27;5.53;08/08/2026;00:00;15.1;0;SOLEIL;1;0;0
Thoirette;46.27;5.53;08/08/2026;01:00;15.1;0;SOLEIL;1;0;0
Thoirette;46.27;5.53;08/08/2026;02:00;12.6;0;SOLEIL;1;0;0
Thoirette;46.27;5.53;08/08/2026;03:00;12.6;0;SOLEIL;1;0;0
Thoirette;46.27;5.53;08/08/2026;04:00;12.6;0;SOLEIL;1;0;0
Thoirette;46.27;5.53;08/08/2026;05:00;15.1;0;SOLEIL;1;0;0
Thoirette;46.27;5.53;08/08/2026;06:00;15.1;0;SOLEIL;1;0;0
Thoirette;46.27;5.53;08/08/2026;07:00;15.1;0;SOLEIL;1;0;0
Thoirette;46.27;5.53;08/08/2026;08:00;27.4;0;SOLEIL;2;0;0
Thoirette;46.27;5.53;08/08/2026;09:00;27.4;0;SOLEIL;2;0;0
Thoirette;46.27;5.53;08/08/2026;10:00;27.4;0;SOLEIL;2;0;0
Thoirette;46.27;5.53;08/08/2026;11:00;31.1;0;SOLEIL;3;0;0
Thoirette;46.27;5.53;08/08/2026;12:00;31.1;0;SOLEIL;3;0;0
Thoirette;46.27;5.53;08/08/2026;13:00;31.1;0;SOLEIL;3;0;0
Thoirette;46.27;5.53;08/08/2026;14:00;32.6;0;SOLEIL;2;0;0
Thoirette;46.27;5.53;08/08/2026;15:00;32.6;0;SOLEIL;2;0;0
Thoirette;46.27;5.53;08/08/2026;16:00;32.6;0;SOLEIL;2;0;0
Thoirette;46.27;5.53;08/08/2026;17:00;30.2;0;SOLEIL;1;0;0
Thoirette;46.27;5.53;08/08/2026;18:00;30.2;0;SOLEIL;1;0;0
Thoirette;46.27;5.53;08/08/2026;19:00;30.2;0;SOLEIL;1;0;0
Thoirette;46.27;5.53;08/08/2026;20:00;20.7;0;SOLEIL;1;0;0
Thoirette;46.27;5.53;08/08/2026;21:00;20.7;0;SOLEIL;1;0;0
Thoirette;46.27;5.53;08/08/2026;22:00;20.7;0;SOLEIL;1;0;0
Thoirette;46.27;5.53;08/08/2026;23:00;16.6;0;SOLEIL;1;0;0
Thoirette;46.27;5.53;09/08/2026;00:00;16.6;0;SOLEIL;1;0;0
Thoirette;46.27;5.53;09/08/2026;01:00;16.6;0;SOLEIL;1;0;0
Thoirette;46.27;5.53;09/08/2026;02:00;15.9;0;SOLEIL;2;0;0
Thoirette;46.27;5.53;09/08/2026;03:00;15.9;0;SOLEIL;2;0;0
Thoirette;46.27;5.53;09/08/2026;04:00;15.9;0;SOLEIL;2;0;0
Thoirette;46.27;5.53;09/08/2026;05:00;19;0;SOLEIL;1;0;0
Thoirette;46.27;5.53;09/08/2026;06:00;19;0;SOLEIL;1;0;0
Thoirette;46.27;5.53;09/08/2026;07:00;19;0;SOLEIL;1;0;0
Thoirette;46.27;5.53;09/08/2026;08:00;27.7;0;SOLEIL;3;0;0
Thoirette;46.27;5.53;09/08/2026;09:00;27.7;0;SOLEIL;3;0;0
Thoirette;46.27;5.53;09/08/2026;10:00;27.7;0;SOLEIL;3;0;0
Thoirette;46.27;5.53;09/08/2026;11:00;32.1;0;SOLEIL;3;0;0
Thoirette;46.27;5.53;09/08/2026;12:00;32.1;0;SOLEIL;3;0;0
Thoirette;46.27;5.53;09/08/2026;13:00;32.1;0;SOLEIL;3;0;0
Thoirette;46.27;5.53;09/08/2026;14:00;30.5;5;SOLEIL VOILÉ;4;11;0
Thoirette;46.27;5.53;09/08/2026;15:00;30.5;5;SOLEIL VOILÉ;4;11;0
Thoirette;46.27;5.53;09/08/2026;16:00;30.5;5;SOLEIL VOILÉ;4;11;0
Thoirette;46.27;5.53;09/08/2026;17:00;30.1;5;SOLEIL VOILÉ;3;0;0
Thoirette;46.27;5.53;09/08/2026;18:00;30.1;5;SOLEIL VOILÉ;3;0;0
Thoirette;46.27;5.53;09/08/2026;19:00;30.1;5;SOLEIL VOILÉ;3;0;0
Thoirette;46.27;5.53;09/08/2026;20:00;21.2;0;SOLEIL;5;0;0
Thoirette;46.27;5.53;09/08/2026;21:00;18.8;0;SOLEIL;5;0;0
Thoirette;46.27;5.53;09/08/2026;22:00;16.4;0;SOLEIL;5;0;0
Thoirette;46.27;5.53;09/08/2026;23:00;18.1;0;SOLEIL;1;0;0
Thoirette;46.27;5.53;10/08/2026;00:00;18.1;0;SOLEIL;1;0;0
Thoirette;46.27;5.53;10/08/2026;01:00;18.1;0;SOLEIL;1;0;0
Thoirette;46.27;5.53;10/08/2026;02:00;14.5;0;SOLEIL;5;0;0
Thoirette;46.27;5.53;10/08/2026;03:00;14.5;0;SOLEIL;5;0;0
Thoirette;46.27;5.53;10/08/2026;04:00;14.5;0;SOLEIL;5;0;0
Thoirette;46.27;5.53;10/08/2026;05:00;18.1;0;SOLEIL;2;0;0
Thoirette;46.27;5.53;10/08/2026;06:00;18.1;0;SOLEIL;2;0;0
Thoirette;46.27;5.53;10/08/2026;07:00;18.1;0;SOLEIL;2;0;0
Thoirette;46.27;5.53;10/08/2026;08:00;18.7;0;SOLEIL;5;0;0
Thoirette;46.27;5.53;10/08/2026;09:00;20.8;0;SOLEIL;5;0;0
Thoirette;46.27;5.53;10/08/2026;10:00;22.9;0;SOLEIL;5;0;0
Thoirette;46.27;5.53;10/08/2026;11:00;31.9;6;AVERSES;2;0;0
Thoirette;46.27;5.53;10/08/2026;12:00;31.9;6;AVERSES;2;0;0
Thoirette;46.27;5.53;10/08/2026;13:00;31.9;6;AVERSES;2;0;0
Thoirette;46.27;5.53;10/08/2026;14:00;31.3;0;SOLEIL;5;0;0
Thoirette;46.27;5.53;10/08/2026;15:00;33.4;0;SOLEIL;5;0;0
Thoirette;46.27;5.53;10/08/2026;16:00;31.3;0;SOLEIL;5;0;0
Thoirette;46.27;5.53;10/08/2026;17:00;29;6;AVERSES;1;0;0
Thoirette;46.27;5.53;10/08/2026;18:00;29;6;AVERSES;1;0;0
Thoirette;46.27;5.53;10/08/2026;19:00;29;6;AVERSES;1;0;0
Thoirette;46.27;5.53;10/08/2026;20:00;22.9;0;SOLEIL;5;0;0
Thoirette;46.27;5.53;10/08/2026;21:00;20.8;0;SOLEIL;5;0;0
Thoirette;46.27;5.53;10/08/2026;22:00;18.7;0;SOLEIL;5;0;0
Thoirette;46.27;5.53;10/08/2026;23:00;17.6;0;SOLEIL;2;0;0
Thoirette;46.27;5.53;11/08/2026;00:00;17.6;0;SOLEIL;2;0;0
Thoirette;46.27;5.53;11/08/2026;01:00;17.6;0;SOLEIL;2;0;0
Thoirette;46.27;5.53;11/08/2026;02:00;16.1;0;SOLEIL;5;0;0
Thoirette;46.27;5.53;11/08/2026;03:00;16.1;0;SOLEIL;5;0;0
Thoirette;46.27;5.53;11/08/2026;04:00;16.1;0;SOLEIL;5;0;0
Thoirette;46.27;5.53;11/08/2026;05:00;17.1;0;SOLEIL;1;0;0
Thoirette;46.27;5.53;11/08/2026;06:00;17.1;0;SOLEIL;1;0;0
Thoirette;46.27;5.53;11/08/2026;07:00;17.1;0;SOLEIL;1;0;0
Thoirette;46.27;5.53;11/08/2026;08:00;19.9;0;SOLEIL;5;0;0
Thoirette;46.27;5.53;11/08/2026;09:00;21.8;0;SOLEIL;5;0;0
Thoirette;46.27;5.53;11/08/2026;10:00;23.7;0;SOLEIL;5;0;0
Thoirette;46.27;5.53;11/08/2026;11:00;32.9;0;SOLEIL;2;0;0
Thoirette;46.27;5.53;11/08/2026;12:00;32.9;0;SOLEIL;2;0;0
Thoirette;46.27;5.53;11/08/2026;13:00;32.9;0;SOLEIL;2;0;0
Thoirette;46.27;5.53;11/08/2026;14:00;31.3;0;SOLEIL;5;0;0
Thoirette;46.27;5.53;11/08/2026;15:00;33.2;0;SOLEIL;5;0;0
Thoirette;46.27;5.53;11/08/2026;16:00;31.3;0;SOLEIL;5;0;0
Thoirette;46.27;5.53;11/08/2026;17:00;30.1;0;SOLEIL;3;0;0
Thoirette;46.27;5.53;11/08/2026;18:00;30.1;0;SOLEIL;3;0;0
Thoirette;46.27;5.53;11/08/2026;19:00;30.1;0;SOLEIL;3;0;0
Thoirette;46.27;5.53;11/08/2026;20:00;23.7;0;SOLEIL;5;0;0
Thoirette;46.27;5.53;11/08/2026;21:00;21.8;0;SOLEIL;5;0;0
Thoirette;46.27;5.53;11/08/2026;22:00;19.9;0;SOLEIL;5;0;0
Thoirette;46.27;5.53;11/08/2026;23:00;17.6;0;SOLEIL;2;0;0
Thoirette;46.27;5.53;12/08/2026;00:00;17.6;0;SOLEIL;2;0;0
Thoirette;46.27;5.53;12/08/2026;01:00;17.6;0;SOLEIL;2;0;0
Thoirette;46.27;5.53;12/08/2026;02:00;14.6;0;SOLEIL;5;0;0
Thoirette;46.27;5.53;12/08/2026;03:00;14.6;0;SOLEIL;5;0;0
Thoirette;46.27;5.53;12/08/2026;04:00;14.6;0;SOLEIL;5;0;0
Thoirette;46.27;5.53;12/08/2026;05:00;17;0;SOLEIL;2;0;0
Thoirette;46.27;5.53;12/08/2026;06:00;17;0;SOLEIL;2;0;0
Thoirette;46.27;5.53;12/08/2026;07:00;17;0;SOLEIL;2;0;0
Thoirette;46.27;5.53;12/08/2026;08:00;19.0;0;SOLEIL;5;0;0
Thoirette;46.27;5.53;12/08/2026;09:00;21.1;0;SOLEIL;5;0;0
Thoirette;46.27;5.53;12/08/2026;10:00;23.3;0;SOLEIL;5;0;0
Thoirette;46.27;5.53;12/08/2026;11:00;32.6;0;SOLEIL;2;0;0
Thoirette;46.27;5.53;12/08/2026;12:00;32.6;0;SOLEIL;2;0;0
Thoirette;46.27;5.53;12/08/2026;13:00;32.6;0;SOLEIL;2;0;0
Thoirette;46.27;5.53;12/08/2026;14:00;32.0;0;SOLEIL;5;0;0
Thoirette;46.27;5.53;12/08/2026;15:00;34.2;0;SOLEIL;5;0;0
Thoirette;46.27;5.53;12/08/2026;16:00;32.0;0;SOLEIL;5;0;0
Thoirette;46.27;5.53;12/08/2026;17:00;30;0;SOLEIL;1;0;0
Thoirette;46.27;5.53;12/08/2026;18:00;30;0;SOLEIL;1;0;0
Thoirette;46.27;5.53;12/08/2026;19:00;30;0;SOLEIL;1;0;0
Thoirette;46.27;5.53;12/08/2026;20:00;23.3;0;SOLEIL;5;0;0
Thoirette;46.27;5.53;12/08/2026;21:00;21.1;0;SOLEIL;5;0;0
Thoirette;46.27;5.53;12/08/2026;22:00;19.0;0;SOLEIL;5;0;0
Thoirette;46.27;5.53;12/08/2026;23:00;18.5;0;SOLEIL;2;0;0
Cosne-Cours-sur-Loire;47.41;2.92;08/08/2026;00:00;15.7;0;SOLEIL;2;0;0
Cosne-Cours-sur-Loire;47.41;2.92;08/08/2026;01:00;15.7;0;SOLEIL;2;0;0
Cosne-Cours-sur-Loire;47.41;2.92;08/08/2026;02:00;12.7;0;SOLEIL;2;0;0
Cosne-Cours-sur-Loire;47.41;2.92;08/08/2026;03:00;12.7;0;SOLEIL;2;0;0
Cosne-Cours-sur-Loire;47.41;2.92;08/08/2026;04:00;12.7;0;SOLEIL;2;0;0
Cosne-Cours-sur-Loire;47.41;2.92;08/08/2026;05:00;15.2;0;SOLEIL;2;0;0
Cosne-Cours-sur-Loire;47.41;2.92;08/08/2026;06:00;15.2;0;SOLEIL;2;0;0
Cosne-Cours-sur-Loire;47.41;2.92;08/08/2026;07:00;15.2;0;SOLEIL;2;0;0
Cosne-Cours-sur-Loire;47.41;2.92;08/08/2026;08:00;24.4;0;SOLEIL;2;0;0
Cosne-Cours-sur-Loire;47.41;2.92;08/08/2026;09:00;24.4;0;SOLEIL;2;0;0
Cosne-Cours-sur-Loire;47.41;2.92;08/08/2026;10:00;24.4;0;SOLEIL;2;0;0
Cosne-Cours-sur-Loire;47.41;2.92;08/08/2026;11:00;30.5;0;SOLEIL;2;0;0
Cosne-Cours-sur-Loire;47.41;2.92;08/08/2026;12:00;30.5;0;SOLEIL;2;0;0
Cosne-Cours-sur-Loire;47.41;2.92;08/08/2026;13:00;30.5;0;SOLEIL;2;0;0
Cosne-Cours-sur-Loire;47.41;2.92;08/08/2026;14:00;33.2;0;SOLEIL;1;0;0
Cosne-Cours-sur-Loire;47.41;2.92;08/08/2026;15:00;33.2;0;SOLEIL;1;0;0
Cosne-Cours-sur-Loire;47.41;2.92;08/08/2026;16:00;33.2;0;SOLEIL;1;0;0
Cosne-Cours-sur-Loire;47.41;2.92;08/08/2026;17:00;32.1;0;SOLEIL;1;0;0
Cosne-Cours-sur-Loire;47.41;2.92;08/08/2026;18:00;32.1;0;SOLEIL;1;0;0
Cosne-Cours-sur-Loire;47.41;2.92;08/08/2026;19:00;32.1;0;SOLEIL;1;0;0
Cosne-Cours-sur-Loire;47.41;2.92;08/08/2026;20:00;21.1;0;SOLEIL;2;0;0
Cosne-Cours-sur-Loire;47.41;2.92;08/08/2026;21:00;21.1;0;SOLEIL;2;0;0
Cosne-Cours-sur-Loire;47.41;2.92;08/08/2026;22:00;21.1;0;SOLEIL;2;0;0
Cosne-Cours-sur-Loire;47.41;2.92;08/08/2026;23:00;17.4;5;SOLEIL VOILÉ;2;0;0
Cosne-Cours-sur-Loire;47.41;2.92;09/08/2026;00:00;17.4;5;SOLEIL VOILÉ;2;0;0
Cosne-Cours-sur-Loire;47.41;2.92;09/08/2026;01:00;17.4;5;SOLEIL VOILÉ;2;0;0
Cosne-Cours-sur-Loire;47.41;2.92;09/08/2026;02:00;16.7;5;SOLEIL VOILÉ;1;0;0
Cosne-Cours-sur-Loire;47.41;2.92;09/08/2026;03:00;16.7;5;SOLEIL VOILÉ;1;0;0
Cosne-Cours-sur-Loire;47.41;2.92;09/08/2026;04:00;16.7;5;SOLEIL VOILÉ;1;0;0
Cosne-Cours-sur-Loire;47.41;2.92;09/08/2026;05:00;20;5;SOLEIL VOILÉ;2;0;0
Cosne-Cours-sur-Loire;47.41;2.92;09/08/2026;06:00;20;5;SOLEIL VOILÉ;2;0;0
Cosne-Cours-sur-Loire;47.41;2.92;09/08/2026;07:00;20;5;SOLEIL VOILÉ;2;0;0
Cosne-Cours-sur-Loire;47.41;2.92;09/08/2026;08:00;21.2;5;SOLEIL VOILÉ;2;0;0
Cosne-Cours-sur-Loire;47.41;2.92;09/08/2026;09:00;21.2;5;SOLEIL VOILÉ;2;0;0
Cosne-Cours-sur-Loire;47.41;2.92;09/08/2026;10:00;21.2;5;SOLEIL VOILÉ;2;0;0
Cosne-Cours-sur-Loire;47.41;2.92;09/08/2026;11:00;27.9;5;SOLEIL VOILÉ;3;0;0
Cosne-Cours-sur-Loire;47.41;2.92;09/08/2026;12:00;27.9;5;SOLEIL VOILÉ;3;0;0
Cosne-Cours-sur-Loire;47.41;2.92;09/08/2026;13:00;27.9;5;SOLEIL VOILÉ;3;0;0
Cosne-Cours-sur-Loire;47.41;2.92;09/08/2026;14:00;32.6;0;SOLEIL;2;0;0
Cosne-Cours-sur-Loire;47.41;2.92;09/08/2026;15:00;32.6;0;SOLEIL;2;0;0
Cosne-Cours-sur-Loire;47.41;2.92;09/08/2026;16:00;32.6;0;SOLEIL;2;0;0
Cosne-Cours-sur-Loire;47.41;2.92;09/08/2026;17:00;29.6;0;SOLEIL;2;0;0
Cosne-Cours-sur-Loire;47.41;2.92;09/08/2026;18:00;29.6;0;SOLEIL;2;0;0
Cosne-Cours-sur-Loire;47.41;2.92;09/08/2026;19:00;29.6;0;SOLEIL;2;0;0
Cosne-Cours-sur-Loire;47.41;2.92;09/08/2026;20:00;22.2;0;SOLEIL;5;0;0
Cosne-Cours-sur-Loire;47.41;2.92;09/08/2026;21:00;19.7;0;SOLEIL;5;0;0
Cosne-Cours-sur-Loire;47.41;2.92;09/08/2026;22:00;17.2;0;SOLEIL;5;0;0
Cosne-Cours-sur-Loire;47.41;2.92;09/08/2026;23:00;19.4;0;SOLEIL;2;0;0
Cosne-Cours-sur-Loire;47.41;2.92;10/08/2026;00:00;19.4;0;SOLEIL;2;0;0
Cosne-Cours-sur-Loire;47.41;2.92;10/08/2026;01:00;19.4;0;SOLEIL;2;0;0
Cosne-Cours-sur-Loire;47.41;2.92;10/08/2026;02:00;15.6;5;SOLEIL VOILÉ;5;0;0
Cosne-Cours-sur-Loire;47.41;2.92;10/08/2026;03:00;15.6;5;SOLEIL VOILÉ;5;0;0
Cosne-Cours-sur-Loire;47.41;2.92;10/08/2026;04:00;15.6;5;SOLEIL VOILÉ;5;0;0
Cosne-Cours-sur-Loire;47.41;2.92;10/08/2026;05:00;19.2;0;SOLEIL;2;0;0
Cosne-Cours-sur-Loire;47.41;2.92;10/08/2026;06:00;19.2;0;SOLEIL;2;0;0
Cosne-Cours-sur-Loire;47.41;2.92;10/08/2026;07:00;19.2;0;SOLEIL;2;0;0
Cosne-Cours-sur-Loire;47.41;2.92;10/08/2026;08:00;19.6;5;SOLEIL VOILÉ;5;0;0
Cosne-Cours-sur-Loire;47.41;2.92;10/08/2026;09:00;21.5;5;SOLEIL VOILÉ;5;0;0
Cosne-Cours-sur-Loire;47.41;2.92;10/08/2026;10:00;23.5;5;SOLEIL VOILÉ;5;0;0
Cosne-Cours-sur-Loire;47.41;2.92;10/08/2026;11:00;31.4;0;SOLEIL;3;0;0
Cosne-Cours-sur-Loire;47.41;2.92;10/08/2026;12:00;31.4;0;SOLEIL;3;0;0
Cosne-Cours-sur-Loire;47.41;2.92;10/08/2026;13:00;31.4;0;SOLEIL;3;0;0
Cosne-Cours-sur-Loire;47.41;2.92;10/08/2026;14:00;31.4;5;SOLEIL VOILÉ;5;0;0
Cosne-Cours-sur-Loire;47.41;2.92;10/08/2026;15:00;33.4;5;SOLEIL VOILÉ;5;0;0
Cosne-Cours-sur-Loire;47.41;2.92;10/08/2026;16:00;31.4;5;SOLEIL VOILÉ;5;0;0
Cosne-Cours-sur-Loire;47.41;2.92;10/08/2026;17:00;30.1;0;SOLEIL;3;0;0
Cosne-Cours-sur-Loire;47.41;2.92;10/08/2026;18:00;30.1;0;SOLEIL;3;0;0
Cosne-Cours-sur-Loire;47.41;2.92;10/08/2026;19:00;30.1;0;SOLEIL;3;0;0
Cosne-Cours-sur-Loire;47.41;2.92;10/08/2026;20:00;23.5;5;SOLEIL VOILÉ;5;0;0
Cosne-Cours-sur-Loire;47.41;2.92;10/08/2026;21:00;21.5;5;SOLEIL VOILÉ;5;0;0
Cosne-Cours-sur-Loire;47.41;2.92;10/08/2026;22:00;19.6;5;SOLEIL VOILÉ;5;0;0
Cosne-Cours-sur-Loire;47.41;2.92;10/08/2026;23:00;20.6;0;SOLEIL;4;0;0
Cosne-Cours-sur-Loire;47.41;2.92;11/08/2026;00:00;20.6;0;SOLEIL;4;0;0
Cosne-Cours-sur-Loire;47.41;2.92;11/08/2026;01:00;20.6;0;SOLEIL;4;0;0
Cosne-Cours-sur-Loire;47.41;2.92;11/08/2026;02:00;17.2;0;SOLEIL;5;0;0
Cosne-Cours-sur-Loire;47.41;2.92;11/08/2026;03:00;17.2;0;SOLEIL;5;0;0
Cosne-Cours-sur-Loire;47.41;2.92;11/08/2026;04:00;17.2;0;SOLEIL;5;0;0
Cosne-Cours-sur-Loire;47.41;2.92;11/08/2026;05:00;19.1;0;SOLEIL;3;0;0
Cosne-Cours-sur-Loire;47.41;2.92;11/08/2026;06:00;19.1;0;SOLEIL;3;0;0
Cosne-Cours-sur-Loire;47.41;2.92;11/08/2026;07:00;19.1;0;SOLEIL;3;0;0
Cosne-Cours-sur-Loire;47.41;2.92;11/08/2026;08:00;20.8;0;SOLEIL;5;0;0
Cosne-Cours-sur-Loire;47.41;2.92;11/08/2026;09:00;22.7;0;SOLEIL;5;0;0
Cosne-Cours-sur-Loire;47.41;2.92;11/08/2026;10:00;24.5;0;SOLEIL;5;0;0
Cosne-Cours-sur-Loire;47.41;2.92;11/08/2026;11:00;32.2;0;SOLEIL;3;0;0
Cosne-Cours-sur-Loire;47.41;2.92;11/08/2026;12:00;32.2;0;SOLEIL;3;0;0
Cosne-Cours-sur-Loire;47.41;2.92;11/08/2026;13:00;32.2;0;SOLEIL;3;0;0
Cosne-Cours-sur-Loire;47.41;2.92;11/08/2026;14:00;31.8;0;SOLEIL;5;0;0
Cosne-Cours-sur-Loire;47.41;2.92;11/08/2026;15:00;33.6;0;SOLEIL;5;0;0
Cosne-Cours-sur-Loire;47.41;2.92;11/08/2026;16:00;31.8;0;SOLEIL;5;0;0
Cosne-Cours-sur-Loire;47.41;2.92;11/08/2026;17:00;31.2;0;SOLEIL;3;0;0
Cosne-Cours-sur-Loire;47.41;2.92;11/08/2026;18:00;31.2;0;SOLEIL;3;0;0
Cosne-Cours-sur-Loire;47.41;2.92;11/08/2026;19:00;31.2;0;SOLEIL;3;0;0
Cosne-Cours-sur-Loire;47.41;2.92;11/08/2026;20:00;24.5;0;SOLEIL;5;0;0
Cosne-Cours-sur-Loire;47.41;2.92;11/08/2026;21:00;22.7;0;SOLEIL;5;0;0
Cosne-Cours-sur-Loire;47.41;2.92;11/08/2026;22:00;20.8;0;SOLEIL;5;0;0
Cosne-Cours-sur-Loire;47.41;2.92;11/08/2026;23:00;21.1;0;SOLEIL;4;0;0
Cosne-Cours-sur-Loire;47.41;2.92;12/08/2026;00:00;21.1;0;SOLEIL;4;0;0
Cosne-Cours-sur-Loire;47.41;2.92;12/08/2026;01:00;21.1;0;SOLEIL;4;0;0
Cosne-Cours-sur-Loire;47.41;2.92;12/08/2026;02:00;17.4;0;SOLEIL;5;0;0
Cosne-Cours-sur-Loire;47.41;2.92;12/08/2026;03:00;17.4;0;SOLEIL;5;0;0
Cosne-Cours-sur-Loire;47.41;2.92;12/08/2026;04:00;17.4;0;SOLEIL;5;0;0
Cosne-Cours-sur-Loire;47.41;2.92;12/08/2026;05:00;19.1;0;SOLEIL;3;0;0
Cosne-Cours-sur-Loire;47.41;2.92;12/08/2026;06:00;19.1;0;SOLEIL;3;0;0
Cosne-Cours-sur-Loire;47.41;2.92;12/08/2026;07:00;19.1;0;SOLEIL;3;0;0
Cosne-Cours-sur-Loire;47.41;2.92;12/08/2026;08:00;21.1;0;SOLEIL;5;0;0
Cosne-Cours-sur-Loire;47.41;2.92;12/08/2026;09:00;23.0;0;SOLEIL;5;0;0
Cosne-Cours-sur-Loire;47.41;2.92;12/08/2026;10:00;24.9;0;SOLEIL;5;0;0
Cosne-Cours-sur-Loire;47.41;2.92;12/08/2026;11:00;34.6;0;SOLEIL;2;0;0
Cosne-Cours-sur-Loire;47.41;2.92;12/08/2026;12:00;34.6;0;SOLEIL;2;0;0
Cosne-Cours-sur-Loire;47.41;2.92;12/08/2026;13:00;34.6;0;SOLEIL;2;0;0
Cosne-Cours-sur-Loire;47.41;2.92;12/08/2026;14:00;32.3;0;SOLEIL;5;0;0
Cosne-Cours-sur-Loire;47.41;2.92;12/08/2026;15:00;34.2;0;SOLEIL;5;0;0
Cosne-Cours-sur-Loire;47.41;2.92;12/08/2026;16:00;32.3;0;SOLEIL;5;0;0
Cosne-Cours-sur-Loire;47.41;2.92;12/08/2026;17:00;33.2;0;SOLEIL;2;0;0
Cosne-Cours-sur-Loire;47.41;2.92;12/08/2026;18:00;33.2;0;SOLEIL;2;0;0
Cosne-Cours-sur-Loire;47.41;2.92;12/08/2026;19:00;33.2;0;SOLEIL;2;0;0
Cosne-Cours-sur-Loire;47.41;2.92;12/08/2026;20:00;24.9;0;SOLEIL;5;0;0
Cosne-Cours-sur-Loire;47.41;2.92;12/08/2026;21:00;23.0;0;SOLEIL;5;0;0
Cosne-Cours-sur-Loire;47.41;2.92;12/08/2026;22:00;21.1;0;SOLEIL;5;0;0
Cosne-Cours-sur-Loire;47.41;2.92;12/08/2026;23:00;22.5;0;SOLEIL;3;0;0
Nevers;46.99;3.15;08/08/2026;00:00;16.9;0;SOLEIL;3;0;0
Nevers;46.99;3.15;08/08/2026;01:00;16.9;0;SOLEIL;3;0;0
Nevers;46.99;3.15;08/08/2026;02:00;14.6;0;SOLEIL;3;0;0
Nevers;46.99;3.15;08/08/2026;03:00;14.6;0;SOLEIL;3;0;0
Nevers;46.99;3.15;08/08/2026;04:00;14.6;0;SOLEIL;3;0;0
Nevers;46.99;3.15;08/08/2026;05:00;18.1;0;SOLEIL;2;0;0
Nevers;46.99;3.15;08/08/2026;06:00;18.1;0;SOLEIL;2;0;0
Nevers;46.99;3.15;08/08/2026;07:00;18.1;0;SOLEIL;2;0;0
Nevers;46.99;3.15;08/08/2026;08:00;25.5;0;SOLEIL;1;0;0
Nevers;46.99;3.15;08/08/2026;09:00;25.5;0;SOLEIL;1;0;0
Nevers;46.99;3.15;08/08/2026;10:00;25.5;0;SOLEIL;1;0;0
Nevers;46.99;3.15;08/08/2026;11:00;31.7;0;SOLEIL;2;0;0
Nevers;46.99;3.15;08/08/2026;12:00;31.7;0;SOLEIL;2;0;0
Nevers;46.99;3.15;08/08/2026;13:00;31.7;0;SOLEIL;2;0;0
Nevers;46.99;3.15;08/08/2026;14:00;34;0;SOLEIL;2;0;0
Nevers;46.99;3.15;08/08/2026;15:00;34;0;SOLEIL;2;0;0
Nevers;46.99;3.15;08/08/2026;16:00;34;0;SOLEIL;2;0;0
Nevers;46.99;3.15;08/08/2026;17:00;32.7;0;SOLEIL;1;0;0
Nevers;46.99;3.15;08/08/2026;18:00;32.7;0;SOLEIL;1;0;0
Nevers;46.99;3.15;08/08/2026;19:00;32.7;0;SOLEIL;1;0;0
Nevers;46.99;3.15;08/08/2026;20:00;24.7;0;SOLEIL;2;0;0
Nevers;46.99;3.15;08/08/2026;21:00;24.7;0;SOLEIL;2;0;0
Nevers;46.99;3.15;08/08/2026;22:00;24.7;0;SOLEIL;2;0;0
Nevers;46.99;3.15;08/08/2026;23:00;21.1;0;SOLEIL;2;0;0
Nevers;46.99;3.15;09/08/2026;00:00;21.1;0;SOLEIL;2;0;0
Nevers;46.99;3.15;09/08/2026;01:00;21.1;0;SOLEIL;2;0;0
Nevers;46.99;3.15;09/08/2026;02:00;19.1;5;SOLEIL VOILÉ;1;0;0
Nevers;46.99;3.15;09/08/2026;03:00;19.1;5;SOLEIL VOILÉ;1;0;0
Nevers;46.99;3.15;09/08/2026;04:00;19.1;5;SOLEIL VOILÉ;1;0;0
Nevers;46.99;3.15;09/08/2026;05:00;20.1;5;SOLEIL VOILÉ;2;0;0
Nevers;46.99;3.15;09/08/2026;06:00;20.1;5;SOLEIL VOILÉ;2;0;0
Nevers;46.99;3.15;09/08/2026;07:00;20.1;5;SOLEIL VOILÉ;2;0;0
Nevers;46.99;3.15;09/08/2026;08:00;22.2;5;SOLEIL VOILÉ;3;0;0
Nevers;46.99;3.15;09/08/2026;09:00;22.2;5;SOLEIL VOILÉ;3;0;0
Nevers;46.99;3.15;09/08/2026;10:00;22.2;5;SOLEIL VOILÉ;3;0;0
Nevers;46.99;3.15;09/08/2026;11:00;27.4;10;ORAGEUX;2;0;0
Nevers;46.99;3.15;09/08/2026;12:00;27.4;10;ORAGEUX;2;0;0
Nevers;46.99;3.15;09/08/2026;13:00;27.4;10;ORAGEUX;2;0;0
Nevers;46.99;3.15;09/08/2026;14:00;30.1;0;SOLEIL;3;0;0
Nevers;46.99;3.15;09/08/2026;15:00;30.1;0;SOLEIL;3;0;0
Nevers;46.99;3.15;09/08/2026;16:00;30.1;0;SOLEIL;3;0;0
Nevers;46.99;3.15;09/08/2026;17:00;30.1;0;SOLEIL;3;0;0
Nevers;46.99;3.15;09/08/2026;18:00;30.1;0;SOLEIL;3;0;0
Nevers;46.99;3.15;09/08/2026;19:00;30.1;0;SOLEIL;3;0;0
Nevers;46.99;3.15;09/08/2026;20:00;23.1;0;SOLEIL;5;0;0
Nevers;46.99;3.15;09/08/2026;21:00;20.8;0;SOLEIL;5;0;0
Nevers;46.99;3.15;09/08/2026;22:00;18.5;0;SOLEIL;5;0;0
Nevers;46.99;3.15;09/08/2026;23:00;19.7;0;SOLEIL;1;0;0
Nevers;46.99;3.15;10/08/2026;00:00;19.7;0;SOLEIL;1;0;0
Nevers;46.99;3.15;10/08/2026;01:00;19.7;0;SOLEIL;1;0;0
Nevers;46.99;3.15;10/08/2026;02:00;18.6;10;ORAGEUX;5;0;0
Nevers;46.99;3.15;10/08/2026;03:00;18.6;10;ORAGEUX;5;0;0
Nevers;46.99;3.15;10/08/2026;04:00;18.6;10;ORAGEUX;5;0;0
Nevers;46.99;3.15;10/08/2026;05:00;20.2;0;SOLEIL;2;0;0
Nevers;46.99;3.15;10/08/2026;06:00;20.2;0;SOLEIL;2;0;0
Nevers;46.99;3.15;10/08/2026;07:00;20.2;0;SOLEIL;2;0;0
Nevers;46.99;3.15;10/08/2026;08:00;21.4;10;ORAGEUX;5;0;0
Nevers;46.99;3.15;10/08/2026;09:00;22.8;10;ORAGEUX;5;0;0
Nevers;46.99;3.15;10/08/2026;10:00;24.2;10;ORAGEUX;5;0;0
Nevers;46.99;3.15;10/08/2026;11:00;31.5;0;SOLEIL;3;0;0
Nevers;46.99;3.15;10/08/2026;12:00;31.5;0;SOLEIL;3;0;0
Nevers;46.99;3.15;10/08/2026;13:00;31.5;0;SOLEIL;3;0;0
Nevers;46.99;3.15;10/08/2026;14:00;29.8;10;ORAGEUX;5;0;0
Nevers;46.99;3.15;10/08/2026;15:00;31.2;10;ORAGEUX;5;0;0
Nevers;46.99;3.15;10/08/2026;16:00;29.8;10;ORAGEUX;5;0;0
Nevers;46.99;3.15;10/08/2026;17:00;30.5;6;AVERSES;2;0;0
Nevers;46.99;3.15;10/08/2026;18:00;30.5;6;AVERSES;2;0;0
Nevers;46.99;3.15;10/08/2026;19:00;30.5;6;AVERSES;2;0;0
Nevers;46.99;3.15;10/08/2026;20:00;24.2;10;ORAGEUX;5;0;0
Nevers;46.99;3.15;10/08/2026;21:00;22.8;10;ORAGEUX;5;0;0
Nevers;46.99;3.15;10/08/2026;22:00;21.4;10;ORAGEUX;5;0;0
Nevers;46.99;3.15;10/08/2026;23:00;21.6;0;SOLEIL;3;0;0
Nevers;46.99;3.15;11/08/2026;00:00;21.6;0;SOLEIL;3;0;0
Nevers;46.99;3.15;11/08/2026;01:00;21.6;0;SOLEIL;3;0;0
Nevers;46.99;3.15;11/08/2026;02:00;16.4;0;SOLEIL;5;0;0
Nevers;46.99;3.15;11/08/2026;03:00;16.4;0;SOLEIL;5;0;0
Nevers;46.99;3.15;11/08/2026;04:00;16.4;0;SOLEIL;5;0;0
Nevers;46.99;3.15;11/08/2026;05:00;20.6;0;SOLEIL;3;0;0
Nevers;46.99;3.15;11/08/2026;06:00;20.6;0;SOLEIL;3;0;0
Nevers;46.99;3.15;11/08/2026;07:00;20.6;0;SOLEIL;3;0;0
Nevers;46.99;3.15;11/08/2026;08:00;20.2;0;SOLEIL;5;0;0
Nevers;46.99;3.15;11/08/2026;09:00;22.1;0;SOLEIL;5;0;0
Nevers;46.99;3.15;11/08/2026;10:00;24.0;0;SOLEIL;5;0;0
Nevers;46.99;3.15;11/08/2026;11:00;33.5;0;SOLEIL;2;0;0
Nevers;46.99;3.15;11/08/2026;12:00;33.5;0;SOLEIL;2;0;0
Nevers;46.99;3.15;11/08/2026;13:00;33.5;0;SOLEIL;2;0;0
Nevers;46.99;3.15;11/08/2026;14:00;31.7;0;SOLEIL;5;0;0
Nevers;46.99;3.15;11/08/2026;15:00;33.6;0;SOLEIL;5;0;0
Nevers;46.99;3.15;11/08/2026;16:00;31.7;0;SOLEIL;5;0;0
Nevers;46.99;3.15;11/08/2026;17:00;32.2;0;SOLEIL;3;0;0
Nevers;46.99;3.15;11/08/2026;18:00;32.2;0;SOLEIL;3;0;0
Nevers;46.99;3.15;11/08/2026;19:00;32.2;0;SOLEIL;3;0;0
Nevers;46.99;3.15;11/08/2026;20:00;24.0;0;SOLEIL;5;0;0
Nevers;46.99;3.15;11/08/2026;21:00;22.1;0;SOLEIL;5;0;0
Nevers;46.99;3.15;11/08/2026;22:00;20.2;0;SOLEIL;5;0;0
Nevers;46.99;3.15;11/08/2026;23:00;22.5;0;SOLEIL;4;0;0
Nevers;46.99;3.15;12/08/2026;00:00;22.5;0;SOLEIL;4;0;0
Nevers;46.99;3.15;12/08/2026;01:00;22.5;0;SOLEIL;4;0;0
Nevers;46.99;3.15;12/08/2026;02:00;18.1;0;SOLEIL;5;0;0
Nevers;46.99;3.15;12/08/2026;03:00;18.1;0;SOLEIL;5;0;0
Nevers;46.99;3.15;12/08/2026;04:00;18.1;0;SOLEIL;5;0;0
Nevers;46.99;3.15;12/08/2026;05:00;21.2;0;SOLEIL;2;0;0
Nevers;46.99;3.15;12/08/2026;06:00;21.2;0;SOLEIL;2;0;0
Nevers;46.99;3.15;12/08/2026;07:00;21.2;0;SOLEIL;2;0;0
Nevers;46.99;3.15;12/08/2026;08:00;21.9;0;SOLEIL;5;0;0
Nevers;46.99;3.15;12/08/2026;09:00;23.8;0;SOLEIL;5;0;0
Nevers;46.99;3.15;12/08/2026;10:00;25.7;0;SOLEIL;5;0;0
Nevers;46.99;3.15;12/08/2026;11:00;34.6;0;SOLEIL;2;0;0
Nevers;46.99;3.15;12/08/2026;12:00;34.6;0;SOLEIL;2;0;0
Nevers;46.99;3.15;12/08/2026;13:00;34.6;0;SOLEIL;2;0;0
Nevers;46.99;3.15;12/08/2026;14:00;33.3;0;SOLEIL;5;0;0
Nevers;46.99;3.15;12/08/2026;15:00;35.2;0;SOLEIL;5;0;0
Nevers;46.99;3.15;12/08/2026;16:00;33.3;0;SOLEIL;5;0;0
Nevers;46.99;3.15;12/08/2026;17:00;34.2;0;SOLEIL;2;0;0
Nevers;46.99;3.15;12/08/2026;18:00;34.2;0;SOLEIL;2;0;0
Nevers;46.99;3.15;12/08/2026;19:00;34.2;0;SOLEIL;2;0;0
Nevers;46.99;3.15;12/08/2026;20:00;25.7;0;SOLEIL;5;0;0
Nevers;46.99;3.15;12/08/2026;21:00;23.8;0;SOLEIL;5;0;0
Nevers;46.99;3.15;12/08/2026;22:00;21.9;0;SOLEIL;5;0;0
Nevers;46.99;3.15;12/08/2026;23:00;23.6;0;SOLEIL;3;0;0
Saint-Honoré-les-Bains;46.9;3.84;08/08/2026;00:00;17.5;0;SOLEIL;0;0;0
Saint-Honoré-les-Bains;46.9;3.84;08/08/2026;01:00;17.5;0;SOLEIL;0;0;0
Saint-Honoré-les-Bains;46.9;3.84;08/08/2026;02:00;15.7;0;SOLEIL;2;0;0
Saint-Honoré-les-Bains;46.9;3.84;08/08/2026;03:00;15.7;0;SOLEIL;2;0;0
Saint-Honoré-les-Bains;46.9;3.84;08/08/2026;04:00;15.7;0;SOLEIL;2;0;0
Saint-Honoré-les-Bains;46.9;3.84;08/08/2026;05:00;16.1;0;SOLEIL;0;0;0
Saint-Honoré-les-Bains;46.9;3.84;08/08/2026;06:00;16.1;0;SOLEIL;0;0;0
Saint-Honoré-les-Bains;46.9;3.84;08/08/2026;07:00;16.1;0;SOLEIL;0;0;0
Saint-Honoré-les-Bains;46.9;3.84;08/08/2026;08:00;25.6;0;SOLEIL;1;0;0
Saint-Honoré-les-Bains;46.9;3.84;08/08/2026;09:00;25.6;0;SOLEIL;1;0;0
Saint-Honoré-les-Bains;46.9;3.84;08/08/2026;10:00;25.6;0;SOLEIL;1;0;0
Saint-Honoré-les-Bains;46.9;3.84;08/08/2026;11:00;30.6;0;SOLEIL;2;0;0
Saint-Honoré-les-Bains;46.9;3.84;08/08/2026;12:00;30.6;0;SOLEIL;2;0;0
Saint-Honoré-les-Bains;46.9;3.84;08/08/2026;13:00;30.6;0;SOLEIL;2;0;0
Saint-Honoré-les-Bains;46.9;3.84;08/08/2026;14:00;33.2;0;SOLEIL;2;0;0
Saint-Honoré-les-Bains;46.9;3.84;08/08/2026;15:00;33.2;0;SOLEIL;2;0;0
Saint-Honoré-les-Bains;46.9;3.84;08/08/2026;16:00;33.2;0;SOLEIL;2;0;0
Saint-Honoré-les-Bains;46.9;3.84;08/08/2026;17:00;31.6;5;SOLEIL VOILÉ;2;0;0
Saint-Honoré-les-Bains;46.9;3.84;08/08/2026;18:00;31.6;5;SOLEIL VOILÉ;2;0;0
Saint-Honoré-les-Bains;46.9;3.84;08/08/2026;19:00;31.6;5;SOLEIL VOILÉ;2;0;0
Saint-Honoré-les-Bains;46.9;3.84;08/08/2026;20:00;23.4;0;SOLEIL;2;0;0
Saint-Honoré-les-Bains;46.9;3.84;08/08/2026;21:00;23.4;0;SOLEIL;2;0;0
Saint-Honoré-les-Bains;46.9;3.84;08/08/2026;22:00;23.4;0;SOLEIL;2;0;0
Saint-Honoré-les-Bains;46.9;3.84;08/08/2026;23:00;21.9;5;SOLEIL VOILÉ;2;0;0
Saint-Honoré-les-Bains;46.9;3.84;09/08/2026;00:00;21.9;5;SOLEIL VOILÉ;2;0;0
Saint-Honoré-les-Bains;46.9;3.84;09/08/2026;01:00;21.9;5;SOLEIL VOILÉ;2;0;0
Saint-Honoré-les-Bains;46.9;3.84;09/08/2026;02:00;20;5;SOLEIL VOILÉ;2;0;0
Saint-Honoré-les-Bains;46.9;3.84;09/08/2026;03:00;20;5;SOLEIL VOILÉ;2;0;0
Saint-Honoré-les-Bains;46.9;3.84;09/08/2026;04:00;20;5;SOLEIL VOILÉ;2;0;0
Saint-Honoré-les-Bains;46.9;3.84;09/08/2026;05:00;21;5;SOLEIL VOILÉ;2;0;0
Saint-Honoré-les-Bains;46.9;3.84;09/08/2026;06:00;21;5;SOLEIL VOILÉ;2;0;0
Saint-Honoré-les-Bains;46.9;3.84;09/08/2026;07:00;21;5;SOLEIL VOILÉ;2;0;0
Saint-Honoré-les-Bains;46.9;3.84;09/08/2026;08:00;24.9;5;SOLEIL VOILÉ;2;0;0
Saint-Honoré-les-Bains;46.9;3.84;09/08/2026;09:00;24.9;5;SOLEIL VOILÉ;2;0;0
Saint-Honoré-les-Bains;46.9;3.84;09/08/2026;10:00;24.9;5;SOLEIL VOILÉ;2;0;0
Saint-Honoré-les-Bains;46.9;3.84;09/08/2026;11:00;30.1;0;SOLEIL;3;0;0
Saint-Honoré-les-Bains;46.9;3.84;09/08/2026;12:00;30.1;0;SOLEIL;3;0;0
Saint-Honoré-les-Bains;46.9;3.84;09/08/2026;13:00;30.1;0;SOLEIL;3;0;0
Saint-Honoré-les-Bains;46.9;3.84;09/08/2026;14:00;30.6;10;ORAGEUX;2;0;0
Saint-Honoré-les-Bains;46.9;3.84;09/08/2026;15:00;30.6;10;ORAGEUX;2;0;0
Saint-Honoré-les-Bains;46.9;3.84;09/08/2026;16:00;30.6;10;ORAGEUX;2;0;0
Saint-Honoré-les-Bains;46.9;3.84;09/08/2026;17:00;29.5;0;SOLEIL;2;0;0
Saint-Honoré-les-Bains;46.9;3.84;09/08/2026;18:00;29.5;0;SOLEIL;2;0;0
Saint-Honoré-les-Bains;46.9;3.84;09/08/2026;19:00;29.5;0;SOLEIL;2;0;0
Saint-Honoré-les-Bains;46.9;3.84;09/08/2026;20:00;24.3;0;SOLEIL;5;0;0
Saint-Honoré-les-Bains;46.9;3.84;09/08/2026;21:00;22.1;0;SOLEIL;5;0;0
Saint-Honoré-les-Bains;46.9;3.84;09/08/2026;22:00;19.9;0;SOLEIL;5;0;0
Saint-Honoré-les-Bains;46.9;3.84;09/08/2026;23:00;21.2;0;SOLEIL;1;0;0
Saint-Honoré-les-Bains;46.9;3.84;10/08/2026;00:00;21.2;0;SOLEIL;1;0;0
Saint-Honoré-les-Bains;46.9;3.84;10/08/2026;01:00;21.2;0;SOLEIL;1;0;0
Saint-Honoré-les-Bains;46.9;3.84;10/08/2026;02:00;19;10;ORAGEUX;5;0;0
Saint-Honoré-les-Bains;46.9;3.84;10/08/2026;03:00;19;10;ORAGEUX;5;0;0
Saint-Honoré-les-Bains;46.9;3.84;10/08/2026;04:00;19;10;ORAGEUX;5;0;0
Saint-Honoré-les-Bains;46.9;3.84;10/08/2026;05:00;21.4;0;SOLEIL;2;0;0
Saint-Honoré-les-Bains;46.9;3.84;10/08/2026;06:00;21.4;0;SOLEIL;2;0;0
Saint-Honoré-les-Bains;46.9;3.84;10/08/2026;07:00;21.4;0;SOLEIL;2;0;0
Saint-Honoré-les-Bains;46.9;3.84;10/08/2026;08:00;22.0;10;ORAGEUX;5;0;0
Saint-Honoré-les-Bains;46.9;3.84;10/08/2026;09:00;23.5;10;ORAGEUX;5;0;0
Saint-Honoré-les-Bains;46.9;3.84;10/08/2026;10:00;25.0;10;ORAGEUX;5;0;0
Saint-Honoré-les-Bains;46.9;3.84;10/08/2026;11:00;31.5;6;AVERSES;2;0;0
Saint-Honoré-les-Bains;46.9;3.84;10/08/2026;12:00;31.5;6;AVERSES;2;0;0
Saint-Honoré-les-Bains;46.9;3.84;10/08/2026;13:00;31.5;6;AVERSES;2;0;0
Saint-Honoré-les-Bains;46.9;3.84;10/08/2026;14:00;31.1;10;ORAGEUX;5;0;0
Saint-Honoré-les-Bains;46.9;3.84;10/08/2026;15:00;32.6;10;ORAGEUX;5;0;0
Saint-Honoré-les-Bains;46.9;3.84;10/08/2026;16:00;31.1;10;ORAGEUX;5;0;0
Saint-Honoré-les-Bains;46.9;3.84;10/08/2026;17:00;28.6;6;AVERSES;3;0;0
Saint-Honoré-les-Bains;46.9;3.84;10/08/2026;18:00;28.6;6;AVERSES;3;0;0
Saint-Honoré-les-Bains;46.9;3.84;10/08/2026;19:00;28.6;6;AVERSES;3;0;0
Saint-Honoré-les-Bains;46.9;3.84;10/08/2026;20:00;25.0;10;ORAGEUX;5;0;0
Saint-Honoré-les-Bains;46.9;3.84;10/08/2026;21:00;23.5;10;ORAGEUX;5;0;0
Saint-Honoré-les-Bains;46.9;3.84;10/08/2026;22:00;22.0;10;ORAGEUX;5;0;0
Saint-Honoré-les-Bains;46.9;3.84;10/08/2026;23:00;22.7;0;SOLEIL;2;0;0
Saint-Honoré-les-Bains;46.9;3.84;11/08/2026;00:00;22.7;0;SOLEIL;2;0;0
Saint-Honoré-les-Bains;46.9;3.84;11/08/2026;01:00;22.7;0;SOLEIL;2;0;0
Saint-Honoré-les-Bains;46.9;3.84;11/08/2026;02:00;18.6;6;AVERSES;5;0;0
Saint-Honoré-les-Bains;46.9;3.84;11/08/2026;03:00;18.6;6;AVERSES;5;0;0
Saint-Honoré-les-Bains;46.9;3.84;11/08/2026;04:00;18.6;6;AVERSES;5;0;0
Saint-Honoré-les-Bains;46.9;3.84;11/08/2026;05:00;22.1;0;SOLEIL;2;0;0
Saint-Honoré-les-Bains;46.9;3.84;11/08/2026;06:00;22.1;0;SOLEIL;2;0;0
Saint-Honoré-les-Bains;46.9;3.84;11/08/2026;07:00;22.1;0;SOLEIL;2;0;0
Saint-Honoré-les-Bains;46.9;3.84;11/08/2026;08:00;21.9;6;AVERSES;5;0;0
Saint-Honoré-les-Bains;46.9;3.84;11/08/2026;09:00;23.6;6;AVERSES;5;0;0
Saint-Honoré-les-Bains;46.9;3.84;11/08/2026;10:00;25.3;6;AVERSES;5;0;0
Saint-Honoré-les-Bains;46.9;3.84;11/08/2026;11:00;33.5;0;SOLEIL;2;0;0
Saint-Honoré-les-Bains;46.9;3.84;11/08/2026;12:00;33.5;0;SOLEIL;2;0;0
Saint-Honoré-les-Bains;46.9;3.84;11/08/2026;13:00;33.5;0;SOLEIL;2;0;0
Saint-Honoré-les-Bains;46.9;3.84;11/08/2026;14:00;31.9;6;AVERSES;5;0;0
Saint-Honoré-les-Bains;46.9;3.84;11/08/2026;15:00;33.6;6;AVERSES;5;0;0
Saint-Honoré-les-Bains;46.9;3.84;11/08/2026;16:00;31.9;6;AVERSES;5;0;0
Saint-Honoré-les-Bains;46.9;3.84;11/08/2026;17:00;31.2;0;SOLEIL;3;0;0
Saint-Honoré-les-Bains;46.9;3.84;11/08/2026;18:00;31.2;0;SOLEIL;3;0;0
Saint-Honoré-les-Bains;46.9;3.84;11/08/2026;19:00;31.2;0;SOLEIL;3;0;0
Saint-Honoré-les-Bains;46.9;3.84;11/08/2026;20:00;25.3;6;AVERSES;5;0;0
Saint-Honoré-les-Bains;46.9;3.84;11/08/2026;21:00;23.6;6;AVERSES;5;0;0
Saint-Honoré-les-Bains;46.9;3.84;11/08/2026;22:00;21.9;6;AVERSES;5;0;0
Saint-Honoré-les-Bains;46.9;3.84;11/08/2026;23:00;23.7;0;SOLEIL;3;0;0
Saint-Honoré-les-Bains;46.9;3.84;12/08/2026;00:00;23.7;0;SOLEIL;3;0;0
Saint-Honoré-les-Bains;46.9;3.84;12/08/2026;01:00;23.7;0;SOLEIL;3;0;0
Saint-Honoré-les-Bains;46.9;3.84;12/08/2026;02:00;20.2;0;SOLEIL;5;0;0
Saint-Honoré-les-Bains;46.9;3.84;12/08/2026;03:00;20.2;0;SOLEIL;5;0;0
Saint-Honoré-les-Bains;46.9;3.84;12/08/2026;04:00;20.2;0;SOLEIL;5;0;0
Saint-Honoré-les-Bains;46.9;3.84;12/08/2026;05:00;22.4;0;SOLEIL;2;0;0
Saint-Honoré-les-Bains;46.9;3.84;12/08/2026;06:00;22.4;0;SOLEIL;2;0;0
Saint-Honoré-les-Bains;46.9;3.84;12/08/2026;07:00;22.4;0;SOLEIL;2;0;0
Saint-Honoré-les-Bains;46.9;3.84;12/08/2026;08:00;23.6;0;SOLEIL;5;0;0
Saint-Honoré-les-Bains;46.9;3.84;12/08/2026;09:00;25.3;0;SOLEIL;5;0;0
Saint-Honoré-les-Bains;46.9;3.84;12/08/2026;10:00;27.0;0;SOLEIL;5;0;0
Saint-Honoré-les-Bains;46.9;3.84;12/08/2026;11:00;34;0;SOLEIL;2;0;0
Saint-Honoré-les-Bains;46.9;3.84;12/08/2026;12:00;34;0;SOLEIL;2;0;0
Saint-Honoré-les-Bains;46.9;3.84;12/08/2026;13:00;34;0;SOLEIL;2;0;0
Saint-Honoré-les-Bains;46.9;3.84;12/08/2026;14:00;33.8;0;SOLEIL;5;0;0
Saint-Honoré-les-Bains;46.9;3.84;12/08/2026;15:00;35.5;0;SOLEIL;5;0;0
Saint-Honoré-les-Bains;46.9;3.84;12/08/2026;16:00;33.8;0;SOLEIL;5;0;0
Saint-Honoré-les-Bains;46.9;3.84;12/08/2026;17:00;33.6;0;SOLEIL;2;0;0
Saint-Honoré-les-Bains;46.9;3.84;12/08/2026;18:00;33.6;0;SOLEIL;2;0;0
Saint-Honoré-les-Bains;46.9;3.84;12/08/2026;19:00;33.6;0;SOLEIL;2;0;0
Saint-Honoré-les-Bains;46.9;3.84;12/08/2026;20:00;27.0;0;SOLEIL;5;0;0
Saint-Honoré-les-Bains;46.9;3.84;12/08/2026;21:00;25.3;0;SOLEIL;5;0;0
Saint-Honoré-les-Bains;46.9;3.84;12/08/2026;22:00;23.6;0;SOLEIL;5;0;0
Saint-Honoré-les-Bains;46.9;3.84;12/08/2026;23:00;24.7;0;SOLEIL;2;0;0
Varzy;47.35;3.39;08/08/2026;00:00;11.4;0;SOLEIL;2;0;0
Varzy;47.35;3.39;08/08/2026;01:00;11.4;0;SOLEIL;2;0;0
Varzy;47.35;3.39;08/08/2026;02:00;9.1;0;SOLEIL;2;0;0
Varzy;47.35;3.39;08/08/2026;03:00;9.1;0;SOLEIL;2;0;0
Varzy;47.35;3.39;08/08/2026;04:00;9.1;0;SOLEIL;2;0;0
Varzy;47.35;3.39;08/08/2026;05:00;12.7;0;SOLEIL;2;0;0
Varzy;47.35;3.39;08/08/2026;06:00;12.7;0;SOLEIL;2;0;0
Varzy;47.35;3.39;08/08/2026;07:00;12.7;0;SOLEIL;2;0;0
Varzy;47.35;3.39;08/08/2026;08:00;24.1;0;SOLEIL;2;0;0
Varzy;47.35;3.39;08/08/2026;09:00;24.1;0;SOLEIL;2;0;0
Varzy;47.35;3.39;08/08/2026;10:00;24.1;0;SOLEIL;2;0;0
Varzy;47.35;3.39;08/08/2026;11:00;30.4;0;SOLEIL;1;0;0
Varzy;47.35;3.39;08/08/2026;12:00;30.4;0;SOLEIL;1;0;0
Varzy;47.35;3.39;08/08/2026;13:00;30.4;0;SOLEIL;1;0;0
Varzy;47.35;3.39;08/08/2026;14:00;33.6;0;SOLEIL;2;0;0
Varzy;47.35;3.39;08/08/2026;15:00;33.6;0;SOLEIL;2;0;0
Varzy;47.35;3.39;08/08/2026;16:00;33.6;0;SOLEIL;2;0;0
Varzy;47.35;3.39;08/08/2026;17:00;32.7;0;SOLEIL;2;0;0
Varzy;47.35;3.39;08/08/2026;18:00;32.7;0;SOLEIL;2;0;0
Varzy;47.35;3.39;08/08/2026;19:00;32.7;0;SOLEIL;2;0;0
Varzy;47.35;3.39;08/08/2026;20:00;19.4;0;SOLEIL;2;0;0
Varzy;47.35;3.39;08/08/2026;21:00;19.4;0;SOLEIL;2;0;0
Varzy;47.35;3.39;08/08/2026;22:00;19.4;0;SOLEIL;2;0;0
Varzy;47.35;3.39;08/08/2026;23:00;15.6;0;SOLEIL;2;0;0
Varzy;47.35;3.39;09/08/2026;00:00;15.6;0;SOLEIL;2;0;0
Varzy;47.35;3.39;09/08/2026;01:00;15.6;0;SOLEIL;2;0;0
Varzy;47.35;3.39;09/08/2026;02:00;15.1;5;SOLEIL VOILÉ;1;0;0
Varzy;47.35;3.39;09/08/2026;03:00;15.1;5;SOLEIL VOILÉ;1;0;0
Varzy;47.35;3.39;09/08/2026;04:00;15.1;5;SOLEIL VOILÉ;1;0;0
Varzy;47.35;3.39;09/08/2026;05:00;18.6;5;SOLEIL VOILÉ;0;0;0
Varzy;47.35;3.39;09/08/2026;06:00;18.6;5;SOLEIL VOILÉ;0;0;0
Varzy;47.35;3.39;09/08/2026;07:00;18.6;5;SOLEIL VOILÉ;0;0;0
Varzy;47.35;3.39;09/08/2026;08:00;20.6;5;SOLEIL VOILÉ;3;0;0
Varzy;47.35;3.39;09/08/2026;09:00;20.6;5;SOLEIL VOILÉ;3;0;0
Varzy;47.35;3.39;09/08/2026;10:00;20.6;5;SOLEIL VOILÉ;3;0;0
Varzy;47.35;3.39;09/08/2026;11:00;28.6;10;ORAGEUX;3;0;0
Varzy;47.35;3.39;09/08/2026;12:00;28.6;10;ORAGEUX;3;0;0
Varzy;47.35;3.39;09/08/2026;13:00;28.6;10;ORAGEUX;3;0;0
Varzy;47.35;3.39;09/08/2026;14:00;32.1;0;SOLEIL;3;0;0
Varzy;47.35;3.39;09/08/2026;15:00;32.1;0;SOLEIL;3;0;0
Varzy;47.35;3.39;09/08/2026;16:00;32.1;0;SOLEIL;3;0;0
Varzy;47.35;3.39;09/08/2026;17:00;29.7;0;SOLEIL;3;0;0
Varzy;47.35;3.39;09/08/2026;18:00;29.7;0;SOLEIL;3;0;0
Varzy;47.35;3.39;09/08/2026;19:00;29.7;0;SOLEIL;3;0;0
Varzy;47.35;3.39;09/08/2026;20:00;20.3;0;SOLEIL;5;0;0
Varzy;47.35;3.39;09/08/2026;21:00;17.4;0;SOLEIL;5;0;0
Varzy;47.35;3.39;09/08/2026;22:00;14.5;0;SOLEIL;5;0;0
Varzy;47.35;3.39;09/08/2026;23:00;17.6;0;SOLEIL;2;0;0
Varzy;47.35;3.39;10/08/2026;00:00;17.6;0;SOLEIL;2;0;0
Varzy;47.35;3.39;10/08/2026;01:00;17.6;0;SOLEIL;2;0;0
Varzy;47.35;3.39;10/08/2026;02:00;14.1;10;ORAGEUX;5;0;0
Varzy;47.35;3.39;10/08/2026;03:00;14.1;10;ORAGEUX;5;0;0
Varzy;47.35;3.39;10/08/2026;04:00;14.1;10;ORAGEUX;5;0;0
Varzy;47.35;3.39;10/08/2026;05:00;18.1;0;SOLEIL;2;0;0
Varzy;47.35;3.39;10/08/2026;06:00;18.1;0;SOLEIL;2;0;0
Varzy;47.35;3.39;10/08/2026;07:00;18.1;0;SOLEIL;2;0;0
Varzy;47.35;3.39;10/08/2026;08:00;18.2;10;ORAGEUX;5;0;0
Varzy;47.35;3.39;10/08/2026;09:00;20.3;10;ORAGEUX;5;0;0
Varzy;47.35;3.39;10/08/2026;10:00;22.3;10;ORAGEUX;5;0;0
Varzy;47.35;3.39;10/08/2026;11:00;31.2;0;SOLEIL;3;0;0
Varzy;47.35;3.39;10/08/2026;12:00;31.2;0;SOLEIL;3;0;0
Varzy;47.35;3.39;10/08/2026;13:00;31.2;0;SOLEIL;3;0;0
Varzy;47.35;3.39;10/08/2026;14:00;30.5;10;ORAGEUX;5;0;0
Varzy;47.35;3.39;10/08/2026;15:00;32.6;10;ORAGEUX;5;0;0
Varzy;47.35;3.39;10/08/2026;16:00;30.5;10;ORAGEUX;5;0;0
Varzy;47.35;3.39;10/08/2026;17:00;30;0;SOLEIL;2;0;0
Varzy;47.35;3.39;10/08/2026;18:00;30;0;SOLEIL;2;0;0
Varzy;47.35;3.39;10/08/2026;19:00;30;0;SOLEIL;2;0;0
Varzy;47.35;3.39;10/08/2026;20:00;22.3;10;ORAGEUX;5;0;0
Varzy;47.35;3.39;10/08/2026;21:00;20.3;10;ORAGEUX;5;0;0
Varzy;47.35;3.39;10/08/2026;22:00;18.2;10;ORAGEUX;5;0;0
Varzy;47.35;3.39;10/08/2026;23:00;18.1;0;SOLEIL;3;0;0
Varzy;47.35;3.39;11/08/2026;00:00;18.1;0;SOLEIL;3;0;0
Varzy;47.35;3.39;11/08/2026;01:00;18.1;0;SOLEIL;3;0;0
Varzy;47.35;3.39;11/08/2026;02:00;15.7;0;SOLEIL;5;0;0
Varzy;47.35;3.39;11/08/2026;03:00;15.7;0;SOLEIL;5;0;0
Varzy;47.35;3.39;11/08/2026;04:00;15.7;0;SOLEIL;5;0;0
Varzy;47.35;3.39;11/08/2026;05:00;17.6;0;SOLEIL;3;0;0
Varzy;47.35;3.39;11/08/2026;06:00;17.6;0;SOLEIL;3;0;0
Varzy;47.35;3.39;11/08/2026;07:00;17.6;0;SOLEIL;3;0;0
Varzy;47.35;3.39;11/08/2026;08:00;19.5;0;SOLEIL;5;0;0
Varzy;47.35;3.39;11/08/2026;09:00;21.4;0;SOLEIL;5;0;0
Varzy;47.35;3.39;11/08/2026;10:00;23.3;0;SOLEIL;5;0;0
Varzy;47.35;3.39;11/08/2026;11:00;31.1;0;SOLEIL;3;0;0
Varzy;47.35;3.39;11/08/2026;12:00;31.1;0;SOLEIL;3;0;0
Varzy;47.35;3.39;11/08/2026;13:00;31.1;0;SOLEIL;3;0;0
Varzy;47.35;3.39;11/08/2026;14:00;30.8;0;SOLEIL;5;0;0
Varzy;47.35;3.39;11/08/2026;15:00;32.7;0;SOLEIL;5;0;0
Varzy;47.35;3.39;11/08/2026;16:00;30.8;0;SOLEIL;5;0;0
Varzy;47.35;3.39;11/08/2026;17:00;31;0;SOLEIL;3;0;0
Varzy;47.35;3.39;11/08/2026;18:00;31;0;SOLEIL;3;0;0
Varzy;47.35;3.39;11/08/2026;19:00;31;0;SOLEIL;3;0;0
Varzy;47.35;3.39;11/08/2026;20:00;23.3;0;SOLEIL;5;0;0
Varzy;47.35;3.39;11/08/2026;21:00;21.4;0;SOLEIL;5;0;0
Varzy;47.35;3.39;11/08/2026;22:00;19.5;0;SOLEIL;5;0;0
Varzy;47.35;3.39;11/08/2026;23:00;18.2;0;SOLEIL;3;0;0
Varzy;47.35;3.39;12/08/2026;00:00;18.2;0;SOLEIL;3;0;0
Varzy;47.35;3.39;12/08/2026;01:00;18.2;0;SOLEIL;3;0;0
Varzy;47.35;3.39;12/08/2026;02:00;16;0;SOLEIL;5;0;0
Varzy;47.35;3.39;12/08/2026;03:00;16;0;SOLEIL;5;0;0
Varzy;47.35;3.39;12/08/2026;04:00;16;0;SOLEIL;5;0;0
Varzy;47.35;3.39;12/08/2026;05:00;17.2;0;SOLEIL;3;0;0
Varzy;47.35;3.39;12/08/2026;06:00;17.2;0;SOLEIL;3;0;0
Varzy;47.35;3.39;12/08/2026;07:00;17.2;0;SOLEIL;3;0;0
Varzy;47.35;3.39;12/08/2026;08:00;19.9;0;SOLEIL;5;0;0
Varzy;47.35;3.39;12/08/2026;09:00;21.8;0;SOLEIL;5;0;0
Varzy;47.35;3.39;12/08/2026;10:00;23.7;0;SOLEIL;5;0;0
Varzy;47.35;3.39;12/08/2026;11:00;32.9;0;SOLEIL;2;0;0
Varzy;47.35;3.39;12/08/2026;12:00;32.9;0;SOLEIL;2;0;0
Varzy;47.35;3.39;12/08/2026;13:00;32.9;0;SOLEIL;2;0;0
Varzy;47.35;3.39;12/08/2026;14:00;31.5;0;SOLEIL;5;0;0
Varzy;47.35;3.39;12/08/2026;15:00;33.4;0;SOLEIL;5;0;0
Varzy;47.35;3.39;12/08/2026;16:00;31.5;0;SOLEIL;5;0;0
Varzy;47.35;3.39;12/08/2026;17:00;33.1;0;SOLEIL;2;0;0
Varzy;47.35;3.39;12/08/2026;18:00;33.1;0;SOLEIL;2;0;0
Varzy;47.35;3.39;12/08/2026;19:00;33.1;0;SOLEIL;2;0;0
Varzy;47.35;3.39;12/08/2026;20:00;23.7;0;SOLEIL;5;0;0
Varzy;47.35;3.39;12/08/2026;21:00;21.8;0;SOLEIL;5;0;0
Varzy;47.35;3.39;12/08/2026;22:00;19.9;0;SOLEIL;5;0;0
Varzy;47.35;3.39;12/08/2026;23:00;19.5;0;SOLEIL;2;0;0
Ainvelle;47.84;6.25;08/08/2026;00:00;16.6;0;SOLEIL;2;0;0
Ainvelle;47.84;6.25;08/08/2026;01:00;16.6;0;SOLEIL;2;0;0
Ainvelle;47.84;6.25;08/08/2026;02:00;13.4;0;SOLEIL;1;0;0
Ainvelle;47.84;6.25;08/08/2026;03:00;13.4;0;SOLEIL;1;0;0
Ainvelle;47.84;6.25;08/08/2026;04:00;13.4;0;SOLEIL;1;0;0
Ainvelle;47.84;6.25;08/08/2026;05:00;15.6;0;SOLEIL;1;0;0
Ainvelle;47.84;6.25;08/08/2026;06:00;15.6;0;SOLEIL;1;0;0
Ainvelle;47.84;6.25;08/08/2026;07:00;15.6;0;SOLEIL;1;0;0
Ainvelle;47.84;6.25;08/08/2026;08:00;24.9;0;SOLEIL;0;0;0
Ainvelle;47.84;6.25;08/08/2026;09:00;24.9;0;SOLEIL;0;0;0
Ainvelle;47.84;6.25;08/08/2026;10:00;24.9;0;SOLEIL;0;0;0
Ainvelle;47.84;6.25;08/08/2026;11:00;30.2;0;SOLEIL;1;0;0
Ainvelle;47.84;6.25;08/08/2026;12:00;30.2;0;SOLEIL;1;0;0
Ainvelle;47.84;6.25;08/08/2026;13:00;30.2;0;SOLEIL;1;0;0
Ainvelle;47.84;6.25;08/08/2026;14:00;33;0;SOLEIL;2;0;0
Ainvelle;47.84;6.25;08/08/2026;15:00;33;0;SOLEIL;2;0;0
Ainvelle;47.84;6.25;08/08/2026;16:00;33;0;SOLEIL;2;0;0
Ainvelle;47.84;6.25;08/08/2026;17:00;30.2;0;SOLEIL;2;0;0
Ainvelle;47.84;6.25;08/08/2026;18:00;30.2;0;SOLEIL;2;0;0
Ainvelle;47.84;6.25;08/08/2026;19:00;30.2;0;SOLEIL;2;0;0
Ainvelle;47.84;6.25;08/08/2026;20:00;20.6;0;SOLEIL;1;0;0
Ainvelle;47.84;6.25;08/08/2026;21:00;20.6;0;SOLEIL;1;0;0
Ainvelle;47.84;6.25;08/08/2026;22:00;20.6;0;SOLEIL;1;0;0
Ainvelle;47.84;6.25;08/08/2026;23:00;17.4;0;SOLEIL;2;0;0
Ainvelle;47.84;6.25;09/08/2026;00:00;17.4;0;SOLEIL;2;0;0
Ainvelle;47.84;6.25;09/08/2026;01:00;17.4;0;SOLEIL;2;0;0
Ainvelle;47.84;6.25;09/08/2026;02:00;16.1;0;SOLEIL;1;0;0
Ainvelle;47.84;6.25;09/08/2026;03:00;16.1;0;SOLEIL;1;0;0
Ainvelle;47.84;6.25;09/08/2026;04:00;16.1;0;SOLEIL;1;0;0
Ainvelle;47.84;6.25;09/08/2026;05:00;18.1;5;SOLEIL VOILÉ;1;0;0
Ainvelle;47.84;6.25;09/08/2026;06:00;18.1;5;SOLEIL VOILÉ;1;0;0
Ainvelle;47.84;6.25;09/08/2026;07:00;18.1;5;SOLEIL VOILÉ;1;0;0
Ainvelle;47.84;6.25;09/08/2026;08:00;27.1;5;SOLEIL VOILÉ;2;0;0
Ainvelle;47.84;6.25;09/08/2026;09:00;27.1;5;SOLEIL VOILÉ;2;0;0
Ainvelle;47.84;6.25;09/08/2026;10:00;27.1;5;SOLEIL VOILÉ;2;0;0
Ainvelle;47.84;6.25;09/08/2026;11:00;30.9;5;SOLEIL VOILÉ;3;0;0
Ainvelle;47.84;6.25;09/08/2026;12:00;30.9;5;SOLEIL VOILÉ;3;0;0
Ainvelle;47.84;6.25;09/08/2026;13:00;30.9;5;SOLEIL VOILÉ;3;0;0
Ainvelle;47.84;6.25;09/08/2026;14:00;31.6;0;SOLEIL;3;0;0
Ainvelle;47.84;6.25;09/08/2026;15:00;31.6;0;SOLEIL;3;0;0
Ainvelle;47.84;6.25;09/08/2026;16:00;31.6;0;SOLEIL;3;0;0
Ainvelle;47.84;6.25;09/08/2026;17:00;27.7;5;SOLEIL VOILÉ;2;0;0
Ainvelle;47.84;6.25;09/08/2026;18:00;27.7;5;SOLEIL VOILÉ;2;0;0
Ainvelle;47.84;6.25;09/08/2026;19:00;27.7;5;SOLEIL VOILÉ;2;0;0
Ainvelle;47.84;6.25;09/08/2026;20:00;21.7;0;SOLEIL;5;0;0
Ainvelle;47.84;6.25;09/08/2026;21:00;19.4;0;SOLEIL;5;0;0
Ainvelle;47.84;6.25;09/08/2026;22:00;17.1;0;SOLEIL;5;0;0
Ainvelle;47.84;6.25;09/08/2026;23:00;18.7;0;SOLEIL;2;0;0
Ainvelle;47.84;6.25;10/08/2026;00:00;18.7;0;SOLEIL;2;0;0
Ainvelle;47.84;6.25;10/08/2026;01:00;18.7;0;SOLEIL;2;0;0
Ainvelle;47.84;6.25;10/08/2026;02:00;15.6;5;SOLEIL VOILÉ;5;0;0
Ainvelle;47.84;6.25;10/08/2026;03:00;15.6;5;SOLEIL VOILÉ;5;0;0
Ainvelle;47.84;6.25;10/08/2026;04:00;15.6;5;SOLEIL VOILÉ;5;0;0
Ainvelle;47.84;6.25;10/08/2026;05:00;19.7;0;SOLEIL;1;0;0
Ainvelle;47.84;6.25;10/08/2026;06:00;19.7;0;SOLEIL;1;0;0
Ainvelle;47.84;6.25;10/08/2026;07:00;19.7;0;SOLEIL;1;0;0
Ainvelle;47.84;6.25;10/08/2026;08:00;19.7;5;SOLEIL VOILÉ;5;0;0
Ainvelle;47.84;6.25;10/08/2026;09:00;21.8;5;SOLEIL VOILÉ;5;0;0
Ainvelle;47.84;6.25;10/08/2026;10:00;23.8;5;SOLEIL VOILÉ;5;0;0
Ainvelle;47.84;6.25;10/08/2026;11:00;31.6;0;SOLEIL;3;0;0
Ainvelle;47.84;6.25;10/08/2026;12:00;31.6;0;SOLEIL;3;0;0
Ainvelle;47.84;6.25;10/08/2026;13:00;31.6;0;SOLEIL;3;0;0
Ainvelle;47.84;6.25;10/08/2026;14:00;32.0;5;SOLEIL VOILÉ;5;0;0
Ainvelle;47.84;6.25;10/08/2026;15:00;34.1;5;SOLEIL VOILÉ;5;0;0
Ainvelle;47.84;6.25;10/08/2026;16:00;32.0;5;SOLEIL VOILÉ;5;0;0
Ainvelle;47.84;6.25;10/08/2026;17:00;29;6;AVERSES;3;0;0
Ainvelle;47.84;6.25;10/08/2026;18:00;29;6;AVERSES;3;0;0
Ainvelle;47.84;6.25;10/08/2026;19:00;29;6;AVERSES;3;0;0
Ainvelle;47.84;6.25;10/08/2026;20:00;23.8;5;SOLEIL VOILÉ;5;0;0
Ainvelle;47.84;6.25;10/08/2026;21:00;21.8;5;SOLEIL VOILÉ;5;0;0
Ainvelle;47.84;6.25;10/08/2026;22:00;19.7;5;SOLEIL VOILÉ;5;0;0
Ainvelle;47.84;6.25;10/08/2026;23:00;19.2;0;SOLEIL;2;0;0
Ainvelle;47.84;6.25;11/08/2026;00:00;19.2;0;SOLEIL;2;0;0
Ainvelle;47.84;6.25;11/08/2026;01:00;19.2;0;SOLEIL;2;0;0
Ainvelle;47.84;6.25;11/08/2026;02:00;17.6;0;SOLEIL;5;0;0
Ainvelle;47.84;6.25;11/08/2026;03:00;17.6;0;SOLEIL;5;0;0
Ainvelle;47.84;6.25;11/08/2026;04:00;17.6;0;SOLEIL;5;0;0
Ainvelle;47.84;6.25;11/08/2026;05:00;18.5;0;SOLEIL;1;0;0
Ainvelle;47.84;6.25;11/08/2026;06:00;18.5;0;SOLEIL;1;0;0
Ainvelle;47.84;6.25;11/08/2026;07:00;18.5;0;SOLEIL;1;0;0
Ainvelle;47.84;6.25;11/08/2026;08:00;21.1;0;SOLEIL;5;0;0
Ainvelle;47.84;6.25;11/08/2026;09:00;22.8;0;SOLEIL;5;0;0
Ainvelle;47.84;6.25;11/08/2026;10:00;24.5;0;SOLEIL;5;0;0
Ainvelle;47.84;6.25;11/08/2026;11:00;31.1;0;SOLEIL;2;0;0
Ainvelle;47.84;6.25;11/08/2026;12:00;31.1;0;SOLEIL;2;0;0
Ainvelle;47.84;6.25;11/08/2026;13:00;31.1;0;SOLEIL;2;0;0
Ainvelle;47.84;6.25;11/08/2026;14:00;31.5;0;SOLEIL;5;0;0
Ainvelle;47.84;6.25;11/08/2026;15:00;33.2;0;SOLEIL;5;0;0
Ainvelle;47.84;6.25;11/08/2026;16:00;31.5;0;SOLEIL;5;0;0
Ainvelle;47.84;6.25;11/08/2026;17:00;29.2;0;SOLEIL;4;0;0
Ainvelle;47.84;6.25;11/08/2026;18:00;29.2;0;SOLEIL;4;0;0
Ainvelle;47.84;6.25;11/08/2026;19:00;29.2;0;SOLEIL;4;0;0
Ainvelle;47.84;6.25;11/08/2026;20:00;24.5;0;SOLEIL;5;0;0
Ainvelle;47.84;6.25;11/08/2026;21:00;22.8;0;SOLEIL;5;0;0
Ainvelle;47.84;6.25;11/08/2026;22:00;21.1;0;SOLEIL;5;0;0
Ainvelle;47.84;6.25;11/08/2026;23:00;18.1;0;SOLEIL;1;0;0
Ainvelle;47.84;6.25;12/08/2026;00:00;18.1;0;SOLEIL;1;0;0
Ainvelle;47.84;6.25;12/08/2026;01:00;18.1;0;SOLEIL;1;0;0
Ainvelle;47.84;6.25;12/08/2026;02:00;16.5;0;SOLEIL;5;0;0
Ainvelle;47.84;6.25;12/08/2026;03:00;16.5;0;SOLEIL;5;0;0
Ainvelle;47.84;6.25;12/08/2026;04:00;16.5;0;SOLEIL;5;0;0
Ainvelle;47.84;6.25;12/08/2026;05:00;18.2;0;SOLEIL;2;0;0
Ainvelle;47.84;6.25;12/08/2026;06:00;18.2;0;SOLEIL;2;0;0
Ainvelle;47.84;6.25;12/08/2026;07:00;18.2;0;SOLEIL;2;0;0
Ainvelle;47.84;6.25;12/08/2026;08:00;20.1;0;SOLEIL;5;0;0
Ainvelle;47.84;6.25;12/08/2026;09:00;21.9;0;SOLEIL;5;0;0
Ainvelle;47.84;6.25;12/08/2026;10:00;23.7;0;SOLEIL;5;0;0
Ainvelle;47.84;6.25;12/08/2026;11:00;32.6;0;SOLEIL;2;0;0
Ainvelle;47.84;6.25;12/08/2026;12:00;32.6;0;SOLEIL;2;0;0
Ainvelle;47.84;6.25;12/08/2026;13:00;32.6;0;SOLEIL;2;0;0
Ainvelle;47.84;6.25;12/08/2026;14:00;30.8;0;SOLEIL;5;0;0
Ainvelle;47.84;6.25;12/08/2026;15:00;32.6;0;SOLEIL;5;0;0
Ainvelle;47.84;6.25;12/08/2026;16:00;30.8;0;SOLEIL;5;0;0
Ainvelle;47.84;6.25;12/08/2026;17:00;31.1;0;SOLEIL;2;0;0
Ainvelle;47.84;6.25;12/08/2026;18:00;31.1;0;SOLEIL;2;0;0
Ainvelle;47.84;6.25;12/08/2026;19:00;31.1;0;SOLEIL;2;0;0
Ainvelle;47.84;6.25;12/08/2026;20:00;23.7;0;SOLEIL;5;0;0
Ainvelle;47.84;6.25;12/08/2026;21:00;21.9;0;SOLEIL;5;0;0
Ainvelle;47.84;6.25;12/08/2026;22:00;20.1;0;SOLEIL;5;0;0
Ainvelle;47.84;6.25;12/08/2026;23:00;19.4;0;SOLEIL;2;0;0
Nantilly;47.44;5.54;08/08/2026;00:00;18.1;0;SOLEIL;3;0;0
Nantilly;47.44;5.54;08/08/2026;01:00;18.1;0;SOLEIL;3;0;0
Nantilly;47.44;5.54;08/08/2026;02:00;15;0;SOLEIL;3;0;0
Nantilly;47.44;5.54;08/08/2026;03:00;15;0;SOLEIL;3;0;0
Nantilly;47.44;5.54;08/08/2026;04:00;15;0;SOLEIL;3;0;0
Nantilly;47.44;5.54;08/08/2026;05:00;17.7;0;SOLEIL;3;0;0
Nantilly;47.44;5.54;08/08/2026;06:00;17.7;0;SOLEIL;3;0;0
Nantilly;47.44;5.54;08/08/2026;07:00;17.7;0;SOLEIL;3;0;0
Nantilly;47.44;5.54;08/08/2026;08:00;25.1;0;SOLEIL;3;0;0
Nantilly;47.44;5.54;08/08/2026;09:00;25.1;0;SOLEIL;3;0;0
Nantilly;47.44;5.54;08/08/2026;10:00;25.1;0;SOLEIL;3;0;0
Nantilly;47.44;5.54;08/08/2026;11:00;30;0;SOLEIL;2;0;0
Nantilly;47.44;5.54;08/08/2026;12:00;30;0;SOLEIL;2;0;0
Nantilly;47.44;5.54;08/08/2026;13:00;30;0;SOLEIL;2;0;0
Nantilly;47.44;5.54;08/08/2026;14:00;32.2;0;SOLEIL;1;0;0
Nantilly;47.44;5.54;08/08/2026;15:00;32.2;0;SOLEIL;1;0;0
Nantilly;47.44;5.54;08/08/2026;16:00;32.2;0;SOLEIL;1;0;0
Nantilly;47.44;5.54;08/08/2026;17:00;31;0;SOLEIL;1;0;0
Nantilly;47.44;5.54;08/08/2026;18:00;31;0;SOLEIL;1;0;0
Nantilly;47.44;5.54;08/08/2026;19:00;31;0;SOLEIL;1;0;0
Nantilly;47.44;5.54;08/08/2026;20:00;23.4;0;SOLEIL;0;0;0
Nantilly;47.44;5.54;08/08/2026;21:00;23.4;0;SOLEIL;0;0;0
Nantilly;47.44;5.54;08/08/2026;22:00;23.4;0;SOLEIL;0;0;0
Nantilly;47.44;5.54;08/08/2026;23:00;19.6;0;SOLEIL;2;0;0
Nantilly;47.44;5.54;09/08/2026;00:00;19.6;0;SOLEIL;2;0;0
Nantilly;47.44;5.54;09/08/2026;01:00;19.6;0;SOLEIL;2;0;0
Nantilly;47.44;5.54;09/08/2026;02:00;17.9;0;SOLEIL;1;0;0
Nantilly;47.44;5.54;09/08/2026;03:00;17.9;0;SOLEIL;1;0;0
Nantilly;47.44;5.54;09/08/2026;04:00;17.9;0;SOLEIL;1;0;0
Nantilly;47.44;5.54;09/08/2026;05:00;19.4;5;SOLEIL VOILÉ;1;0;0
Nantilly;47.44;5.54;09/08/2026;06:00;19.4;5;SOLEIL VOILÉ;1;0;0
Nantilly;47.44;5.54;09/08/2026;07:00;19.4;5;SOLEIL VOILÉ;1;0;0
Nantilly;47.44;5.54;09/08/2026;08:00;24.9;5;SOLEIL VOILÉ;2;0;0
Nantilly;47.44;5.54;09/08/2026;09:00;24.9;5;SOLEIL VOILÉ;2;0;0
Nantilly;47.44;5.54;09/08/2026;10:00;24.9;5;SOLEIL VOILÉ;2;0;0
Nantilly;47.44;5.54;09/08/2026;11:00;30.9;0;SOLEIL;2;0;0
Nantilly;47.44;5.54;09/08/2026;12:00;30.9;0;SOLEIL;2;0;0
Nantilly;47.44;5.54;09/08/2026;13:00;30.9;0;SOLEIL;2;0;0
Nantilly;47.44;5.54;09/08/2026;14:00;31.1;0;SOLEIL;3;0;0
Nantilly;47.44;5.54;09/08/2026;15:00;31.1;0;SOLEIL;3;0;0
Nantilly;47.44;5.54;09/08/2026;16:00;31.1;0;SOLEIL;3;0;0
Nantilly;47.44;5.54;09/08/2026;17:00;28.5;0;SOLEIL;3;0;0
Nantilly;47.44;5.54;09/08/2026;18:00;28.5;0;SOLEIL;3;0;0
Nantilly;47.44;5.54;09/08/2026;19:00;28.5;0;SOLEIL;3;0;0
Nantilly;47.44;5.54;09/08/2026;20:00;22.5;0;SOLEIL;5;0;0
Nantilly;47.44;5.54;09/08/2026;21:00;20.4;0;SOLEIL;5;0;0
Nantilly;47.44;5.54;09/08/2026;22:00;18.3;0;SOLEIL;5;0;0
Nantilly;47.44;5.54;09/08/2026;23:00;20.7;0;SOLEIL;1;0;0
Nantilly;47.44;5.54;10/08/2026;00:00;20.7;0;SOLEIL;1;0;0
Nantilly;47.44;5.54;10/08/2026;01:00;20.7;0;SOLEIL;1;0;0
Nantilly;47.44;5.54;10/08/2026;02:00;17.1;0;SOLEIL;5;0;0
Nantilly;47.44;5.54;10/08/2026;03:00;17.1;0;SOLEIL;5;0;0
Nantilly;47.44;5.54;10/08/2026;04:00;17.1;0;SOLEIL;5;0;0
Nantilly;47.44;5.54;10/08/2026;05:00;20.6;0;SOLEIL;2;0;0
Nantilly;47.44;5.54;10/08/2026;06:00;20.6;0;SOLEIL;2;0;0
Nantilly;47.44;5.54;10/08/2026;07:00;20.6;0;SOLEIL;2;0;0
Nantilly;47.44;5.54;10/08/2026;08:00;20.5;0;SOLEIL;5;0;0
Nantilly;47.44;5.54;10/08/2026;09:00;22.1;0;SOLEIL;5;0;0
Nantilly;47.44;5.54;10/08/2026;10:00;23.8;0;SOLEIL;5;0;0
Nantilly;47.44;5.54;10/08/2026;11:00;32.2;0;SOLEIL;2;0;0
Nantilly;47.44;5.54;10/08/2026;12:00;32.2;0;SOLEIL;2;0;0
Nantilly;47.44;5.54;10/08/2026;13:00;32.2;0;SOLEIL;2;0;0
Nantilly;47.44;5.54;10/08/2026;14:00;30.5;0;SOLEIL;5;0;0
Nantilly;47.44;5.54;10/08/2026;15:00;32.2;0;SOLEIL;5;0;0
Nantilly;47.44;5.54;10/08/2026;16:00;30.5;0;SOLEIL;5;0;0
Nantilly;47.44;5.54;10/08/2026;17:00;30.6;6;AVERSES;3;0;0
Nantilly;47.44;5.54;10/08/2026;18:00;30.6;6;AVERSES;3;0;0
Nantilly;47.44;5.54;10/08/2026;19:00;30.6;6;AVERSES;3;0;0
Nantilly;47.44;5.54;10/08/2026;20:00;23.8;0;SOLEIL;5;0;0
Nantilly;47.44;5.54;10/08/2026;21:00;22.1;0;SOLEIL;5;0;0
Nantilly;47.44;5.54;10/08/2026;22:00;20.5;0;SOLEIL;5;0;0
Nantilly;47.44;5.54;10/08/2026;23:00;21.1;0;SOLEIL;3;0;0
Nantilly;47.44;5.54;11/08/2026;00:00;21.1;0;SOLEIL;3;0;0
Nantilly;47.44;5.54;11/08/2026;01:00;21.1;0;SOLEIL;3;0;0
Nantilly;47.44;5.54;11/08/2026;02:00;18.6;0;SOLEIL;5;0;0
Nantilly;47.44;5.54;11/08/2026;03:00;18.6;0;SOLEIL;5;0;0
Nantilly;47.44;5.54;11/08/2026;04:00;18.6;0;SOLEIL;5;0;0
Nantilly;47.44;5.54;11/08/2026;05:00;20.2;0;SOLEIL;3;0;0
Nantilly;47.44;5.54;11/08/2026;06:00;20.2;0;SOLEIL;3;0;0
Nantilly;47.44;5.54;11/08/2026;07:00;20.2;0;SOLEIL;3;0;0
Nantilly;47.44;5.54;11/08/2026;08:00;22.0;0;SOLEIL;5;0;0
Nantilly;47.44;5.54;11/08/2026;09:00;23.7;0;SOLEIL;5;0;0
Nantilly;47.44;5.54;11/08/2026;10:00;25.4;0;SOLEIL;5;0;0
Nantilly;47.44;5.54;11/08/2026;11:00;32.5;0;SOLEIL;3;0;0
Nantilly;47.44;5.54;11/08/2026;12:00;32.5;0;SOLEIL;3;0;0
Nantilly;47.44;5.54;11/08/2026;13:00;32.5;0;SOLEIL;3;0;0
Nantilly;47.44;5.54;11/08/2026;14:00;32.3;0;SOLEIL;5;0;0
Nantilly;47.44;5.54;11/08/2026;15:00;34.0;0;SOLEIL;5;0;0
Nantilly;47.44;5.54;11/08/2026;16:00;32.3;0;SOLEIL;5;0;0
Nantilly;47.44;5.54;11/08/2026;17:00;31.9;0;SOLEIL;3;0;0
Nantilly;47.44;5.54;11/08/2026;18:00;31.9;0;SOLEIL;3;0;0
Nantilly;47.44;5.54;11/08/2026;19:00;31.9;0;SOLEIL;3;0;0
Nantilly;47.44;5.54;11/08/2026;20:00;25.4;0;SOLEIL;5;0;0
Nantilly;47.44;5.54;11/08/2026;21:00;23.7;0;SOLEIL;5;0;0
Nantilly;47.44;5.54;11/08/2026;22:00;22.0;0;SOLEIL;5;0;0
Nantilly;47.44;5.54;11/08/2026;23:00;21.6;0;SOLEIL;3;0;0
Nantilly;47.44;5.54;12/08/2026;00:00;21.6;0;SOLEIL;3;0;0
Nantilly;47.44;5.54;12/08/2026;01:00;21.6;0;SOLEIL;3;0;0
Nantilly;47.44;5.54;12/08/2026;02:00;18.1;0;SOLEIL;5;0;0
Nantilly;47.44;5.54;12/08/2026;03:00;18.1;0;SOLEIL;5;0;0
Nantilly;47.44;5.54;12/08/2026;04:00;18.1;0;SOLEIL;5;0;0
Nantilly;47.44;5.54;12/08/2026;05:00;20.5;0;SOLEIL;3;0;0
Nantilly;47.44;5.54;12/08/2026;06:00;20.5;0;SOLEIL;3;0;0
Nantilly;47.44;5.54;12/08/2026;07:00;20.5;0;SOLEIL;3;0;0
Nantilly;47.44;5.54;12/08/2026;08:00;21.7;0;SOLEIL;5;0;0
Nantilly;47.44;5.54;12/08/2026;09:00;23.5;0;SOLEIL;5;0;0
Nantilly;47.44;5.54;12/08/2026;10:00;25.3;0;SOLEIL;5;0;0
Nantilly;47.44;5.54;12/08/2026;11:00;33.5;0;SOLEIL;3;0;0
Nantilly;47.44;5.54;12/08/2026;12:00;33.5;0;SOLEIL;3;0;0
Nantilly;47.44;5.54;12/08/2026;13:00;33.5;0;SOLEIL;3;0;0
Nantilly;47.44;5.54;12/08/2026;14:00;32.6;0;SOLEIL;5;0;0
Nantilly;47.44;5.54;12/08/2026;15:00;34.4;0;SOLEIL;5;0;0
Nantilly;47.44;5.54;12/08/2026;16:00;32.6;0;SOLEIL;5;0;0
Nantilly;47.44;5.54;12/08/2026;17:00;33.5;0;SOLEIL;1;0;0
Nantilly;47.44;5.54;12/08/2026;18:00;33.5;0;SOLEIL;1;0;0
Nantilly;47.44;5.54;12/08/2026;19:00;33.5;0;SOLEIL;1;0;0
Nantilly;47.44;5.54;12/08/2026;20:00;25.3;0;SOLEIL;5;0;0
Nantilly;47.44;5.54;12/08/2026;21:00;23.5;0;SOLEIL;5;0;0
Nantilly;47.44;5.54;12/08/2026;22:00;21.7;0;SOLEIL;5;0;0
Nantilly;47.44;5.54;12/08/2026;23:00;22.2;0;SOLEIL;2;0;0
Vesoul;47.62;6.15;08/08/2026;00:00;18.6;0;SOLEIL;1;0;0
Vesoul;47.62;6.15;08/08/2026;01:00;18.6;0;SOLEIL;1;0;0
Vesoul;47.62;6.15;08/08/2026;02:00;16.4;0;SOLEIL;1;0;0
Vesoul;47.62;6.15;08/08/2026;03:00;16.4;0;SOLEIL;1;0;0
Vesoul;47.62;6.15;08/08/2026;04:00;16.4;0;SOLEIL;1;0;0
Vesoul;47.62;6.15;08/08/2026;05:00;17.7;0;SOLEIL;1;0;0
Vesoul;47.62;6.15;08/08/2026;06:00;17.7;0;SOLEIL;1;0;0
Vesoul;47.62;6.15;08/08/2026;07:00;17.7;0;SOLEIL;1;0;0
Vesoul;47.62;6.15;08/08/2026;08:00;26.6;0;SOLEIL;3;0;0
Vesoul;47.62;6.15;08/08/2026;09:00;26.6;0;SOLEIL;3;0;0
Vesoul;47.62;6.15;08/08/2026;10:00;26.6;0;SOLEIL;3;0;0
Vesoul;47.62;6.15;08/08/2026;11:00;31.2;0;SOLEIL;2;0;0
Vesoul;47.62;6.15;08/08/2026;12:00;31.2;0;SOLEIL;2;0;0
Vesoul;47.62;6.15;08/08/2026;13:00;31.2;0;SOLEIL;2;0;0
Vesoul;47.62;6.15;08/08/2026;14:00;33.4;0;SOLEIL;2;0;0
Vesoul;47.62;6.15;08/08/2026;15:00;33.4;0;SOLEIL;2;0;0
Vesoul;47.62;6.15;08/08/2026;16:00;33.4;0;SOLEIL;2;0;0
Vesoul;47.62;6.15;08/08/2026;17:00;31.6;0;SOLEIL;2;0;0
Vesoul;47.62;6.15;08/08/2026;18:00;31.6;0;SOLEIL;2;0;0
Vesoul;47.62;6.15;08/08/2026;19:00;31.6;0;SOLEIL;2;0;0
Vesoul;47.62;6.15;08/08/2026;20:00;24.1;0;SOLEIL;1;0;0
Vesoul;47.62;6.15;08/08/2026;21:00;24.1;0;SOLEIL;1;0;0
Vesoul;47.62;6.15;08/08/2026;22:00;24.1;0;SOLEIL;1;0;0
Vesoul;47.62;6.15;08/08/2026;23:00;19.7;0;SOLEIL;2;0;0
Vesoul;47.62;6.15;09/08/2026;00:00;19.7;0;SOLEIL;2;0;0
Vesoul;47.62;6.15;09/08/2026;01:00;19.7;0;SOLEIL;2;0;0
Vesoul;47.62;6.15;09/08/2026;02:00;18.2;0;SOLEIL;2;0;0
Vesoul;47.62;6.15;09/08/2026;03:00;18.2;0;SOLEIL;2;0;0
Vesoul;47.62;6.15;09/08/2026;04:00;18.2;0;SOLEIL;2;0;0
Vesoul;47.62;6.15;09/08/2026;05:00;20.1;5;SOLEIL VOILÉ;2;0;0
Vesoul;47.62;6.15;09/08/2026;06:00;20.1;5;SOLEIL VOILÉ;2;0;0
Vesoul;47.62;6.15;09/08/2026;07:00;20.1;5;SOLEIL VOILÉ;2;0;0
Vesoul;47.62;6.15;09/08/2026;08:00;27.9;5;SOLEIL VOILÉ;2;0;0
Vesoul;47.62;6.15;09/08/2026;09:00;27.9;5;SOLEIL VOILÉ;2;0;0
Vesoul;47.62;6.15;09/08/2026;10:00;27.9;5;SOLEIL VOILÉ;2;0;0
Vesoul;47.62;6.15;09/08/2026;11:00;31.6;5;SOLEIL VOILÉ;3;0;0
Vesoul;47.62;6.15;09/08/2026;12:00;31.6;5;SOLEIL VOILÉ;3;0;0
Vesoul;47.62;6.15;09/08/2026;13:00;31.6;5;SOLEIL VOILÉ;3;0;0
Vesoul;47.62;6.15;09/08/2026;14:00;33;5;SOLEIL VOILÉ;3;0;0
Vesoul;47.62;6.15;09/08/2026;15:00;33;5;SOLEIL VOILÉ;3;0;0
Vesoul;47.62;6.15;09/08/2026;16:00;33;5;SOLEIL VOILÉ;3;0;0
Vesoul;47.62;6.15;09/08/2026;17:00;29.2;5;SOLEIL VOILÉ;2;0;0
Vesoul;47.62;6.15;09/08/2026;18:00;29.2;5;SOLEIL VOILÉ;2;0;0
Vesoul;47.62;6.15;09/08/2026;19:00;29.2;5;SOLEIL VOILÉ;2;0;0
Vesoul;47.62;6.15;09/08/2026;20:00;23.8;0;SOLEIL;5;0;0
Vesoul;47.62;6.15;09/08/2026;21:00;21.6;0;SOLEIL;5;0;0
Vesoul;47.62;6.15;09/08/2026;22:00;19.4;0;SOLEIL;5;0;0
Vesoul;47.62;6.15;09/08/2026;23:00;22;0;SOLEIL;1;0;0
Vesoul;47.62;6.15;10/08/2026;00:00;22;0;SOLEIL;1;0;0
Vesoul;47.62;6.15;10/08/2026;01:00;22;0;SOLEIL;1;0;0
Vesoul;47.62;6.15;10/08/2026;02:00;17.6;5;SOLEIL VOILÉ;5;0;0
Vesoul;47.62;6.15;10/08/2026;03:00;17.6;5;SOLEIL VOILÉ;5;0;0
Vesoul;47.62;6.15;10/08/2026;04:00;17.6;5;SOLEIL VOILÉ;5;0;0
Vesoul;47.62;6.15;10/08/2026;05:00;22.5;0;SOLEIL;1;0;0
Vesoul;47.62;6.15;10/08/2026;06:00;22.5;0;SOLEIL;1;0;0
Vesoul;47.62;6.15;10/08/2026;07:00;22.5;0;SOLEIL;1;0;0
Vesoul;47.62;6.15;10/08/2026;08:00;21.4;5;SOLEIL VOILÉ;5;0;0
Vesoul;47.62;6.15;10/08/2026;09:00;23.3;5;SOLEIL VOILÉ;5;0;0
Vesoul;47.62;6.15;10/08/2026;10:00;25.2;5;SOLEIL VOILÉ;5;0;0
Vesoul;47.62;6.15;10/08/2026;11:00;32.6;0;SOLEIL;3;0;0
Vesoul;47.62;6.15;10/08/2026;12:00;32.6;0;SOLEIL;3;0;0
Vesoul;47.62;6.15;10/08/2026;13:00;32.6;0;SOLEIL;3;0;0
Vesoul;47.62;6.15;10/08/2026;14:00;32.7;5;SOLEIL VOILÉ;5;0;0
Vesoul;47.62;6.15;10/08/2026;15:00;34.6;5;SOLEIL VOILÉ;5;0;0
Vesoul;47.62;6.15;10/08/2026;16:00;32.7;5;SOLEIL VOILÉ;5;0;0
Vesoul;47.62;6.15;10/08/2026;17:00;30.7;6;AVERSES;3;0;0
Vesoul;47.62;6.15;10/08/2026;18:00;30.7;6;AVERSES;3;0;0
Vesoul;47.62;6.15;10/08/2026;19:00;30.7;6;AVERSES;3;0;0
Vesoul;47.62;6.15;10/08/2026;20:00;25.2;5;SOLEIL VOILÉ;5;0;0
Vesoul;47.62;6.15;10/08/2026;21:00;23.3;5;SOLEIL VOILÉ;5;0;0
Vesoul;47.62;6.15;10/08/2026;22:00;21.4;5;SOLEIL VOILÉ;5;0;0
Vesoul;47.62;6.15;10/08/2026;23:00;22.7;0;SOLEIL;2;0;0
Vesoul;47.62;6.15;11/08/2026;00:00;22.7;0;SOLEIL;2;0;0
Vesoul;47.62;6.15;11/08/2026;01:00;22.7;0;SOLEIL;2;0;0
Vesoul;47.62;6.15;11/08/2026;02:00;20.4;0;SOLEIL;5;0;0
Vesoul;47.62;6.15;11/08/2026;03:00;20.4;0;SOLEIL;5;0;0
Vesoul;47.62;6.15;11/08/2026;04:00;20.4;0;SOLEIL;5;0;0
Vesoul;47.62;6.15;11/08/2026;05:00;22.1;0;SOLEIL;1;0;0
Vesoul;47.62;6.15;11/08/2026;06:00;22.1;0;SOLEIL;1;0;0
Vesoul;47.62;6.15;11/08/2026;07:00;22.1;0;SOLEIL;1;0;0
Vesoul;47.62;6.15;11/08/2026;08:00;23.6;0;SOLEIL;5;0;0
Vesoul;47.62;6.15;11/08/2026;09:00;25.3;0;SOLEIL;5;0;0
Vesoul;47.62;6.15;11/08/2026;10:00;26.9;0;SOLEIL;5;0;0
Vesoul;47.62;6.15;11/08/2026;11:00;33.1;0;SOLEIL;2;0;0
Vesoul;47.62;6.15;11/08/2026;12:00;33.1;0;SOLEIL;2;0;0
Vesoul;47.62;6.15;11/08/2026;13:00;33.1;0;SOLEIL;2;0;0
Vesoul;47.62;6.15;11/08/2026;14:00;33.4;0;SOLEIL;5;0;0
Vesoul;47.62;6.15;11/08/2026;15:00;35.0;0;SOLEIL;5;0;0
Vesoul;47.62;6.15;11/08/2026;16:00;33.4;0;SOLEIL;5;0;0
Vesoul;47.62;6.15;11/08/2026;17:00;31.7;0;SOLEIL;4;0;0
Vesoul;47.62;6.15;11/08/2026;18:00;31.7;0;SOLEIL;4;0;0
Vesoul;47.62;6.15;11/08/2026;19:00;31.7;0;SOLEIL;4;0;0
Vesoul;47.62;6.15;11/08/2026;20:00;26.9;0;SOLEIL;5;0;0
Vesoul;47.62;6.15;11/08/2026;21:00;25.3;0;SOLEIL;5;0;0
Vesoul;47.62;6.15;11/08/2026;22:00;23.6;0;SOLEIL;5;0;0
Vesoul;47.62;6.15;11/08/2026;23:00;25.1;0;SOLEIL;1;0;0
Vesoul;47.62;6.15;12/08/2026;00:00;25.1;0;SOLEIL;1;0;0
Vesoul;47.62;6.15;12/08/2026;01:00;25.1;0;SOLEIL;1;0;0
Vesoul;47.62;6.15;12/08/2026;02:00;19.7;0;SOLEIL;5;0;0
Vesoul;47.62;6.15;12/08/2026;03:00;19.7;0;SOLEIL;5;0;0
Vesoul;47.62;6.15;12/08/2026;04:00;19.7;0;SOLEIL;5;0;0
Vesoul;47.62;6.15;12/08/2026;05:00;21.7;0;SOLEIL;2;0;0
Vesoul;47.62;6.15;12/08/2026;06:00;21.7;0;SOLEIL;2;0;0
Vesoul;47.62;6.15;12/08/2026;07:00;21.7;0;SOLEIL;2;0;0
Vesoul;47.62;6.15;12/08/2026;08:00;23.1;0;SOLEIL;5;0;0
Vesoul;47.62;6.15;12/08/2026;09:00;24.8;0;SOLEIL;5;0;0
Vesoul;47.62;6.15;12/08/2026;10:00;26.5;0;SOLEIL;5;0;0
Vesoul;47.62;6.15;12/08/2026;11:00;34.2;0;SOLEIL;2;0;0
Vesoul;47.62;6.15;12/08/2026;12:00;34.2;0;SOLEIL;2;0;0
Vesoul;47.62;6.15;12/08/2026;13:00;34.2;0;SOLEIL;2;0;0
Vesoul;47.62;6.15;12/08/2026;14:00;33.4;0;SOLEIL;5;0;0
Vesoul;47.62;6.15;12/08/2026;15:00;35.1;0;SOLEIL;5;0;0
Vesoul;47.62;6.15;12/08/2026;16:00;33.4;0;SOLEIL;5;0;0
Vesoul;47.62;6.15;12/08/2026;17:00;33;0;SOLEIL;2;0;0
Vesoul;47.62;6.15;12/08/2026;18:00;33;0;SOLEIL;2;0;0
Vesoul;47.62;6.15;12/08/2026;19:00;33;0;SOLEIL;2;0;0
Vesoul;47.62;6.15;12/08/2026;20:00;26.5;0;SOLEIL;5;0;0
Vesoul;47.62;6.15;12/08/2026;21:00;24.8;0;SOLEIL;5;0;0
Vesoul;47.62;6.15;12/08/2026;22:00;23.1;0;SOLEIL;5;0;0
Vesoul;47.62;6.15;12/08/2026;23:00;25.2;0;SOLEIL;2;0;0
Autun;46.95;4.29;08/08/2026;00:00;14;0;SOLEIL;1;0;0
Autun;46.95;4.29;08/08/2026;01:00;14;0;SOLEIL;1;0;0
Autun;46.95;4.29;08/08/2026;02:00;11.6;0;SOLEIL;2;0;0
Autun;46.95;4.29;08/08/2026;03:00;11.6;0;SOLEIL;2;0;0
Autun;46.95;4.29;08/08/2026;04:00;11.6;0;SOLEIL;2;0;0
Autun;46.95;4.29;08/08/2026;05:00;14.1;0;SOLEIL;2;0;0
Autun;46.95;4.29;08/08/2026;06:00;14.1;0;SOLEIL;2;0;0
Autun;46.95;4.29;08/08/2026;07:00;14.1;0;SOLEIL;2;0;0
Autun;46.95;4.29;08/08/2026;08:00;24.6;0;SOLEIL;2;0;0
Autun;46.95;4.29;08/08/2026;09:00;24.6;0;SOLEIL;2;0;0
Autun;46.95;4.29;08/08/2026;10:00;24.6;0;SOLEIL;2;0;0
Autun;46.95;4.29;08/08/2026;11:00;30.6;0;SOLEIL;2;0;0
Autun;46.95;4.29;08/08/2026;12:00;30.6;0;SOLEIL;2;0;0
Autun;46.95;4.29;08/08/2026;13:00;30.6;0;SOLEIL;2;0;0
Autun;46.95;4.29;08/08/2026;14:00;33.1;0;SOLEIL;2;0;0
Autun;46.95;4.29;08/08/2026;15:00;33.1;0;SOLEIL;2;0;0
Autun;46.95;4.29;08/08/2026;16:00;33.1;0;SOLEIL;2;0;0
Autun;46.95;4.29;08/08/2026;17:00;31.6;5;SOLEIL VOILÉ;2;0;0
Autun;46.95;4.29;08/08/2026;18:00;31.6;5;SOLEIL VOILÉ;2;0;0
Autun;46.95;4.29;08/08/2026;19:00;31.6;5;SOLEIL VOILÉ;2;0;0
Autun;46.95;4.29;08/08/2026;20:00;21.6;0;SOLEIL;1;0;0
Autun;46.95;4.29;08/08/2026;21:00;21.6;0;SOLEIL;1;0;0
Autun;46.95;4.29;08/08/2026;22:00;21.6;0;SOLEIL;1;0;0
Autun;46.95;4.29;08/08/2026;23:00;16.9;0;SOLEIL;1;0;0
Autun;46.95;4.29;09/08/2026;00:00;16.9;0;SOLEIL;1;0;0
Autun;46.95;4.29;09/08/2026;01:00;16.9;0;SOLEIL;1;0;0
Autun;46.95;4.29;09/08/2026;02:00;15.4;5;SOLEIL VOILÉ;1;0;0
Autun;46.95;4.29;09/08/2026;03:00;15.4;5;SOLEIL VOILÉ;1;0;0
Autun;46.95;4.29;09/08/2026;04:00;15.4;5;SOLEIL VOILÉ;1;0;0
Autun;46.95;4.29;09/08/2026;05:00;16.6;5;SOLEIL VOILÉ;2;0;0
Autun;46.95;4.29;09/08/2026;06:00;16.6;5;SOLEIL VOILÉ;2;0;0
Autun;46.95;4.29;09/08/2026;07:00;16.6;5;SOLEIL VOILÉ;2;0;0
Autun;46.95;4.29;09/08/2026;08:00;24.7;5;SOLEIL VOILÉ;3;0;0
Autun;46.95;4.29;09/08/2026;09:00;24.7;5;SOLEIL VOILÉ;3;0;0
Autun;46.95;4.29;09/08/2026;10:00;24.7;5;SOLEIL VOILÉ;3;0;0
Autun;46.95;4.29;09/08/2026;11:00;29.7;0;SOLEIL;3;0;0
Autun;46.95;4.29;09/08/2026;12:00;29.7;0;SOLEIL;3;0;0
Autun;46.95;4.29;09/08/2026;13:00;29.7;0;SOLEIL;3;0;0
Autun;46.95;4.29;09/08/2026;14:00;31.1;10;ORAGEUX;3;0;0
Autun;46.95;4.29;09/08/2026;15:00;31.1;10;ORAGEUX;3;0;0
Autun;46.95;4.29;09/08/2026;16:00;31.1;10;ORAGEUX;3;0;0
Autun;46.95;4.29;09/08/2026;17:00;29.4;0;SOLEIL;2;0;0
Autun;46.95;4.29;09/08/2026;18:00;29.4;0;SOLEIL;2;0;0
Autun;46.95;4.29;09/08/2026;19:00;29.4;0;SOLEIL;2;0;0
Autun;46.95;4.29;09/08/2026;20:00;21.3;0;SOLEIL;5;0;0
Autun;46.95;4.29;09/08/2026;21:00;18.8;0;SOLEIL;5;0;0
Autun;46.95;4.29;09/08/2026;22:00;16.3;0;SOLEIL;5;0;0
Autun;46.95;4.29;09/08/2026;23:00;17.6;0;SOLEIL;1;0;0
Autun;46.95;4.29;10/08/2026;00:00;17.6;0;SOLEIL;1;0;0
Autun;46.95;4.29;10/08/2026;01:00;17.6;0;SOLEIL;1;0;0
Autun;46.95;4.29;10/08/2026;02:00;14.6;10;ORAGEUX;5;0;0
Autun;46.95;4.29;10/08/2026;03:00;14.6;10;ORAGEUX;5;0;0
Autun;46.95;4.29;10/08/2026;04:00;14.6;10;ORAGEUX;5;0;0
Autun;46.95;4.29;10/08/2026;05:00;19.4;0;SOLEIL;2;0;0
Autun;46.95;4.29;10/08/2026;06:00;19.4;0;SOLEIL;2;0;0
Autun;46.95;4.29;10/08/2026;07:00;19.4;0;SOLEIL;2;0;0
Autun;46.95;4.29;10/08/2026;08:00;18.5;10;ORAGEUX;5;0;0
Autun;46.95;4.29;10/08/2026;09:00;20.5;10;ORAGEUX;5;0;0
Autun;46.95;4.29;10/08/2026;10:00;22.4;10;ORAGEUX;5;0;0
Autun;46.95;4.29;10/08/2026;11:00;31.5;6;AVERSES;3;0;0
Autun;46.95;4.29;10/08/2026;12:00;31.5;6;AVERSES;3;0;0
Autun;46.95;4.29;10/08/2026;13:00;31.5;6;AVERSES;3;0;0
Autun;46.95;4.29;10/08/2026;14:00;30.2;10;ORAGEUX;5;0;0
Autun;46.95;4.29;10/08/2026;15:00;32.2;10;ORAGEUX;5;0;0
Autun;46.95;4.29;10/08/2026;16:00;30.2;10;ORAGEUX;5;0;0
Autun;46.95;4.29;10/08/2026;17:00;29.5;6;AVERSES;3;0;0
Autun;46.95;4.29;10/08/2026;18:00;29.5;6;AVERSES;3;0;0
Autun;46.95;4.29;10/08/2026;19:00;29.5;6;AVERSES;3;0;0
Autun;46.95;4.29;10/08/2026;20:00;22.4;10;ORAGEUX;5;0;0
Autun;46.95;4.29;10/08/2026;21:00;20.5;10;ORAGEUX;5;0;0
Autun;46.95;4.29;10/08/2026;22:00;18.5;10;ORAGEUX;5;0;0
Autun;46.95;4.29;10/08/2026;23:00;20.1;0;SOLEIL;2;0;0
Autun;46.95;4.29;11/08/2026;00:00;20.1;0;SOLEIL;2;0;0
Autun;46.95;4.29;11/08/2026;01:00;20.1;0;SOLEIL;2;0;0
Autun;46.95;4.29;11/08/2026;02:00;17;0;SOLEIL;5;0;0
Autun;46.95;4.29;11/08/2026;03:00;17;0;SOLEIL;5;0;0
Autun;46.95;4.29;11/08/2026;04:00;17;0;SOLEIL;5;0;0
Autun;46.95;4.29;11/08/2026;05:00;17.6;0;SOLEIL;2;0;0
Autun;46.95;4.29;11/08/2026;06:00;17.6;0;SOLEIL;2;0;0
Autun;46.95;4.29;11/08/2026;07:00;17.6;0;SOLEIL;2;0;0
Autun;46.95;4.29;11/08/2026;08:00;20.5;0;SOLEIL;5;0;0
Autun;46.95;4.29;11/08/2026;09:00;22.3;0;SOLEIL;5;0;0
Autun;46.95;4.29;11/08/2026;10:00;24.1;0;SOLEIL;5;0;0
Autun;46.95;4.29;11/08/2026;11:00;31.5;0;SOLEIL;2;0;0
Autun;46.95;4.29;11/08/2026;12:00;31.5;0;SOLEIL;2;0;0
Autun;46.95;4.29;11/08/2026;13:00;31.5;0;SOLEIL;2;0;0
Autun;46.95;4.29;11/08/2026;14:00;31.1;0;SOLEIL;5;0;0
Autun;46.95;4.29;11/08/2026;15:00;32.9;0;SOLEIL;5;0;0
Autun;46.95;4.29;11/08/2026;16:00;31.1;0;SOLEIL;5;0;0
Autun;46.95;4.29;11/08/2026;17:00;31.2;0;SOLEIL;2;0;0
Autun;46.95;4.29;11/08/2026;18:00;31.2;0;SOLEIL;2;0;0
Autun;46.95;4.29;11/08/2026;19:00;31.2;0;SOLEIL;2;0;0
Autun;46.95;4.29;11/08/2026;20:00;24.1;0;SOLEIL;5;0;0
Autun;46.95;4.29;11/08/2026;21:00;22.3;0;SOLEIL;5;0;0
Autun;46.95;4.29;11/08/2026;22:00;20.5;0;SOLEIL;5;0;0
Autun;46.95;4.29;11/08/2026;23:00;19.6;0;SOLEIL;2;0;0
Autun;46.95;4.29;12/08/2026;00:00;19.6;0;SOLEIL;2;0;0
Autun;46.95;4.29;12/08/2026;01:00;19.6;0;SOLEIL;2;0;0
Autun;46.95;4.29;12/08/2026;02:00;16.1;0;SOLEIL;5;0;0
Autun;46.95;4.29;12/08/2026;03:00;16.1;0;SOLEIL;5;0;0
Autun;46.95;4.29;12/08/2026;04:00;16.1;0;SOLEIL;5;0;0
Autun;46.95;4.29;12/08/2026;05:00;17.4;0;SOLEIL;2;0;0
Autun;46.95;4.29;12/08/2026;06:00;17.4;0;SOLEIL;2;0;0
Autun;46.95;4.29;12/08/2026;07:00;17.4;0;SOLEIL;2;0;0
Autun;46.95;4.29;12/08/2026;08:00;20.1;0;SOLEIL;5;0;0
Autun;46.95;4.29;12/08/2026;09:00;22.0;0;SOLEIL;5;0;0
Autun;46.95;4.29;12/08/2026;10:00;24.0;0;SOLEIL;5;0;0
Autun;46.95;4.29;12/08/2026;11:00;32.2;0;SOLEIL;2;0;0
Autun;46.95;4.29;12/08/2026;12:00;32.2;0;SOLEIL;2;0;0
Autun;46.95;4.29;12/08/2026;13:00;32.2;0;SOLEIL;2;0;0
Autun;46.95;4.29;12/08/2026;14:00;31.9;0;SOLEIL;5;0;0
Autun;46.95;4.29;12/08/2026;15:00;33.9;0;SOLEIL;5;0;0
Autun;46.95;4.29;12/08/2026;16:00;31.9;0;SOLEIL;5;0;0
Autun;46.95;4.29;12/08/2026;17:00;32.9;0;SOLEIL;2;0;0
Autun;46.95;4.29;12/08/2026;18:00;32.9;0;SOLEIL;2;0;0
Autun;46.95;4.29;12/08/2026;19:00;32.9;0;SOLEIL;2;0;0
Autun;46.95;4.29;12/08/2026;20:00;24.0;0;SOLEIL;5;0;0
Autun;46.95;4.29;12/08/2026;21:00;22.0;0;SOLEIL;5;0;0
Autun;46.95;4.29;12/08/2026;22:00;20.1;0;SOLEIL;5;0;0
Autun;46.95;4.29;12/08/2026;23:00;21.5;0;SOLEIL;1;0;0
Chalon-sur-Saône;46.78;4.85;08/08/2026;00:00;19.6;0;SOLEIL;3;0;0
Chalon-sur-Saône;46.78;4.85;08/08/2026;01:00;19.6;0;SOLEIL;3;0;0
Chalon-sur-Saône;46.78;4.85;08/08/2026;02:00;17.2;0;SOLEIL;3;0;0
Chalon-sur-Saône;46.78;4.85;08/08/2026;03:00;17.2;0;SOLEIL;3;0;0
Chalon-sur-Saône;46.78;4.85;08/08/2026;04:00;17.2;0;SOLEIL;3;0;0
Chalon-sur-Saône;46.78;4.85;08/08/2026;05:00;19.5;0;SOLEIL;2;0;0
Chalon-sur-Saône;46.78;4.85;08/08/2026;06:00;19.5;0;SOLEIL;2;0;0
Chalon-sur-Saône;46.78;4.85;08/08/2026;07:00;19.5;0;SOLEIL;2;0;0
Chalon-sur-Saône;46.78;4.85;08/08/2026;08:00;25.6;0;SOLEIL;2;0;0
Chalon-sur-Saône;46.78;4.85;08/08/2026;09:00;25.6;0;SOLEIL;2;0;0
Chalon-sur-Saône;46.78;4.85;08/08/2026;10:00;25.6;0;SOLEIL;2;0;0
Chalon-sur-Saône;46.78;4.85;08/08/2026;11:00;32;0;SOLEIL;2;0;0
Chalon-sur-Saône;46.78;4.85;08/08/2026;12:00;32;0;SOLEIL;2;0;0
Chalon-sur-Saône;46.78;4.85;08/08/2026;13:00;32;0;SOLEIL;2;0;0
Chalon-sur-Saône;46.78;4.85;08/08/2026;14:00;34.4;0;SOLEIL;1;0;0
Chalon-sur-Saône;46.78;4.85;08/08/2026;15:00;34.4;0;SOLEIL;1;0;0
Chalon-sur-Saône;46.78;4.85;08/08/2026;16:00;34.4;0;SOLEIL;1;0;0
Chalon-sur-Saône;46.78;4.85;08/08/2026;17:00;32.9;0;SOLEIL;1;0;0
Chalon-sur-Saône;46.78;4.85;08/08/2026;18:00;32.9;0;SOLEIL;1;0;0
Chalon-sur-Saône;46.78;4.85;08/08/2026;19:00;32.9;0;SOLEIL;1;0;0
Chalon-sur-Saône;46.78;4.85;08/08/2026;20:00;25;0;SOLEIL;1;0;0
Chalon-sur-Saône;46.78;4.85;08/08/2026;21:00;25;0;SOLEIL;1;0;0
Chalon-sur-Saône;46.78;4.85;08/08/2026;22:00;25;0;SOLEIL;1;0;0
Chalon-sur-Saône;46.78;4.85;08/08/2026;23:00;22.1;0;SOLEIL;2;0;0
Chalon-sur-Saône;46.78;4.85;09/08/2026;00:00;22.1;0;SOLEIL;2;0;0
Chalon-sur-Saône;46.78;4.85;09/08/2026;01:00;22.1;0;SOLEIL;2;0;0
Chalon-sur-Saône;46.78;4.85;09/08/2026;02:00;20.1;5;SOLEIL VOILÉ;1;0;0
Chalon-sur-Saône;46.78;4.85;09/08/2026;03:00;20.1;5;SOLEIL VOILÉ;1;0;0
Chalon-sur-Saône;46.78;4.85;09/08/2026;04:00;20.1;5;SOLEIL VOILÉ;1;0;0
Chalon-sur-Saône;46.78;4.85;09/08/2026;05:00;20.2;5;SOLEIL VOILÉ;1;0;0
Chalon-sur-Saône;46.78;4.85;09/08/2026;06:00;20.2;5;SOLEIL VOILÉ;1;0;0
Chalon-sur-Saône;46.78;4.85;09/08/2026;07:00;20.2;5;SOLEIL VOILÉ;1;0;0
Chalon-sur-Saône;46.78;4.85;09/08/2026;08:00;26.5;0;SOLEIL;2;0;0
Chalon-sur-Saône;46.78;4.85;09/08/2026;09:00;26.5;0;SOLEIL;2;0;0
Chalon-sur-Saône;46.78;4.85;09/08/2026;10:00;26.5;0;SOLEIL;2;0;0
Chalon-sur-Saône;46.78;4.85;09/08/2026;11:00;32.2;0;SOLEIL;4;0;0
Chalon-sur-Saône;46.78;4.85;09/08/2026;12:00;32.2;0;SOLEIL;4;0;0
Chalon-sur-Saône;46.78;4.85;09/08/2026;13:00;32.2;0;SOLEIL;4;0;0
Chalon-sur-Saône;46.78;4.85;09/08/2026;14:00;34.6;5;SOLEIL VOILÉ;3;0;0
Chalon-sur-Saône;46.78;4.85;09/08/2026;15:00;34.6;5;SOLEIL VOILÉ;3;0;0
Chalon-sur-Saône;46.78;4.85;09/08/2026;16:00;34.6;5;SOLEIL VOILÉ;3;0;0
Chalon-sur-Saône;46.78;4.85;09/08/2026;17:00;33.1;0;SOLEIL;3;0;0
Chalon-sur-Saône;46.78;4.85;09/08/2026;18:00;33.1;0;SOLEIL;3;0;0
Chalon-sur-Saône;46.78;4.85;09/08/2026;19:00;33.1;0;SOLEIL;3;0;0
Chalon-sur-Saône;46.78;4.85;09/08/2026;20:00;24.9;0;SOLEIL;5;0;0
Chalon-sur-Saône;46.78;4.85;09/08/2026;21:00;22.8;0;SOLEIL;5;0;0
Chalon-sur-Saône;46.78;4.85;09/08/2026;22:00;20.7;0;SOLEIL;5;0;0
Chalon-sur-Saône;46.78;4.85;09/08/2026;23:00;20.1;0;SOLEIL;2;0;0
Chalon-sur-Saône;46.78;4.85;10/08/2026;00:00;20.1;0;SOLEIL;2;0;0
Chalon-sur-Saône;46.78;4.85;10/08/2026;01:00;20.1;0;SOLEIL;2;0;0
Chalon-sur-Saône;46.78;4.85;10/08/2026;02:00;18.4;2;NUAGEUX;5;0;0
Chalon-sur-Saône;46.78;4.85;10/08/2026;03:00;18.4;2;NUAGEUX;5;0;0
Chalon-sur-Saône;46.78;4.85;10/08/2026;04:00;18.4;2;NUAGEUX;5;0;0
Chalon-sur-Saône;46.78;4.85;10/08/2026;05:00;21.2;0;SOLEIL;2;0;0
Chalon-sur-Saône;46.78;4.85;10/08/2026;06:00;21.2;0;SOLEIL;2;0;0
Chalon-sur-Saône;46.78;4.85;10/08/2026;07:00;21.2;0;SOLEIL;2;0;0
Chalon-sur-Saône;46.78;4.85;10/08/2026;08:00;22.3;2;NUAGEUX;5;0;0
Chalon-sur-Saône;46.78;4.85;10/08/2026;09:00;24.3;2;NUAGEUX;5;0;0
Chalon-sur-Saône;46.78;4.85;10/08/2026;10:00;26.3;2;NUAGEUX;5;0;0
Chalon-sur-Saône;46.78;4.85;10/08/2026;11:00;33.1;0;SOLEIL;2;0;0
Chalon-sur-Saône;46.78;4.85;10/08/2026;12:00;33.1;0;SOLEIL;2;0;0
Chalon-sur-Saône;46.78;4.85;10/08/2026;13:00;33.1;0;SOLEIL;2;0;0
Chalon-sur-Saône;46.78;4.85;10/08/2026;14:00;34.1;2;NUAGEUX;5;0;0
Chalon-sur-Saône;46.78;4.85;10/08/2026;15:00;36.1;2;NUAGEUX;5;0;0
Chalon-sur-Saône;46.78;4.85;10/08/2026;16:00;34.1;2;NUAGEUX;5;0;0
Chalon-sur-Saône;46.78;4.85;10/08/2026;17:00;31.6;6;AVERSES;2;0;0
Chalon-sur-Saône;46.78;4.85;10/08/2026;18:00;31.6;6;AVERSES;2;0;0
Chalon-sur-Saône;46.78;4.85;10/08/2026;19:00;31.6;6;AVERSES;2;0;0
Chalon-sur-Saône;46.78;4.85;10/08/2026;20:00;26.3;2;NUAGEUX;5;0;0
Chalon-sur-Saône;46.78;4.85;10/08/2026;21:00;24.3;2;NUAGEUX;5;0;0
Chalon-sur-Saône;46.78;4.85;10/08/2026;22:00;22.3;2;NUAGEUX;5;0;0
Chalon-sur-Saône;46.78;4.85;10/08/2026;23:00;23.1;0;SOLEIL;2;0;0
Chalon-sur-Saône;46.78;4.85;11/08/2026;00:00;23.1;0;SOLEIL;2;0;0
Chalon-sur-Saône;46.78;4.85;11/08/2026;01:00;23.1;0;SOLEIL;2;0;0
Chalon-sur-Saône;46.78;4.85;11/08/2026;02:00;19.4;0;SOLEIL;5;0;0
Chalon-sur-Saône;46.78;4.85;11/08/2026;03:00;19.4;0;SOLEIL;5;0;0
Chalon-sur-Saône;46.78;4.85;11/08/2026;04:00;19.4;0;SOLEIL;5;0;0
Chalon-sur-Saône;46.78;4.85;11/08/2026;05:00;21.1;0;SOLEIL;3;0;0
Chalon-sur-Saône;46.78;4.85;11/08/2026;06:00;21.1;0;SOLEIL;3;0;0
Chalon-sur-Saône;46.78;4.85;11/08/2026;07:00;21.1;0;SOLEIL;3;0;0
Chalon-sur-Saône;46.78;4.85;11/08/2026;08:00;22.9;0;SOLEIL;5;0;0
Chalon-sur-Saône;46.78;4.85;11/08/2026;09:00;24.7;0;SOLEIL;5;0;0
Chalon-sur-Saône;46.78;4.85;11/08/2026;10:00;26.4;0;SOLEIL;5;0;0
Chalon-sur-Saône;46.78;4.85;11/08/2026;11:00;33.1;0;SOLEIL;2;0;0
Chalon-sur-Saône;46.78;4.85;11/08/2026;12:00;33.1;0;SOLEIL;2;0;0
Chalon-sur-Saône;46.78;4.85;11/08/2026;13:00;33.1;0;SOLEIL;2;0;0
Chalon-sur-Saône;46.78;4.85;11/08/2026;14:00;33.4;0;SOLEIL;5;0;0
Chalon-sur-Saône;46.78;4.85;11/08/2026;15:00;35.2;0;SOLEIL;5;0;0
Chalon-sur-Saône;46.78;4.85;11/08/2026;16:00;33.4;0;SOLEIL;5;0;0
Chalon-sur-Saône;46.78;4.85;11/08/2026;17:00;32.6;0;SOLEIL;2;0;0
Chalon-sur-Saône;46.78;4.85;11/08/2026;18:00;32.6;0;SOLEIL;2;0;0
Chalon-sur-Saône;46.78;4.85;11/08/2026;19:00;32.6;0;SOLEIL;2;0;0
Chalon-sur-Saône;46.78;4.85;11/08/2026;20:00;26.4;0;SOLEIL;5;0;0
Chalon-sur-Saône;46.78;4.85;11/08/2026;21:00;24.7;0;SOLEIL;5;0;0
Chalon-sur-Saône;46.78;4.85;11/08/2026;22:00;22.9;0;SOLEIL;5;0;0
Chalon-sur-Saône;46.78;4.85;11/08/2026;23:00;22.9;0;SOLEIL;3;0;0
Chalon-sur-Saône;46.78;4.85;12/08/2026;00:00;22.9;0;SOLEIL;3;0;0
Chalon-sur-Saône;46.78;4.85;12/08/2026;01:00;22.9;0;SOLEIL;3;0;0
Chalon-sur-Saône;46.78;4.85;12/08/2026;02:00;19.9;0;SOLEIL;5;0;0
Chalon-sur-Saône;46.78;4.85;12/08/2026;03:00;19.9;0;SOLEIL;5;0;0
Chalon-sur-Saône;46.78;4.85;12/08/2026;04:00;19.9;0;SOLEIL;5;0;0
Chalon-sur-Saône;46.78;4.85;12/08/2026;05:00;21.6;0;SOLEIL;2;0;0
Chalon-sur-Saône;46.78;4.85;12/08/2026;06:00;21.6;0;SOLEIL;2;0;0
Chalon-sur-Saône;46.78;4.85;12/08/2026;07:00;21.6;0;SOLEIL;2;0;0
Chalon-sur-Saône;46.78;4.85;12/08/2026;08:00;23.5;0;SOLEIL;5;0;0
Chalon-sur-Saône;46.78;4.85;12/08/2026;09:00;25.2;0;SOLEIL;5;0;0
Chalon-sur-Saône;46.78;4.85;12/08/2026;10:00;27.0;0;SOLEIL;5;0;0
Chalon-sur-Saône;46.78;4.85;12/08/2026;11:00;33.6;0;SOLEIL;1;0;0
Chalon-sur-Saône;46.78;4.85;12/08/2026;12:00;33.6;0;SOLEIL;1;0;0
Chalon-sur-Saône;46.78;4.85;12/08/2026;13:00;33.6;0;SOLEIL;1;0;0
Chalon-sur-Saône;46.78;4.85;12/08/2026;14:00;34.1;0;SOLEIL;5;0;0
Chalon-sur-Saône;46.78;4.85;12/08/2026;15:00;35.9;0;SOLEIL;5;0;0
Chalon-sur-Saône;46.78;4.85;12/08/2026;16:00;34.1;0;SOLEIL;5;0;0
Chalon-sur-Saône;46.78;4.85;12/08/2026;17:00;34.5;0;SOLEIL;2;0;0
Chalon-sur-Saône;46.78;4.85;12/08/2026;18:00;34.5;0;SOLEIL;2;0;0
Chalon-sur-Saône;46.78;4.85;12/08/2026;19:00;34.5;0;SOLEIL;2;0;0
Chalon-sur-Saône;46.78;4.85;12/08/2026;20:00;27.0;0;SOLEIL;5;0;0
Chalon-sur-Saône;46.78;4.85;12/08/2026;21:00;25.2;0;SOLEIL;5;0;0
Chalon-sur-Saône;46.78;4.85;12/08/2026;22:00;23.5;0;SOLEIL;5;0;0
Chalon-sur-Saône;46.78;4.85;12/08/2026;23:00;24.2;0;SOLEIL;2;0;0
Charolles;46.43;4.27;08/08/2026;00:00;16.1;0;SOLEIL;2;0;0
Charolles;46.43;4.27;08/08/2026;01:00;16.1;0;SOLEIL;2;0;0
Charolles;46.43;4.27;08/08/2026;02:00;13.2;0;SOLEIL;2;0;0
Charolles;46.43;4.27;08/08/2026;03:00;13.2;0;SOLEIL;2;0;0
Charolles;46.43;4.27;08/08/2026;04:00;13.2;0;SOLEIL;2;0;0
Charolles;46.43;4.27;08/08/2026;05:00;15.1;0;SOLEIL;1;0;0
Charolles;46.43;4.27;08/08/2026;06:00;15.1;0;SOLEIL;1;0;0
Charolles;46.43;4.27;08/08/2026;07:00;15.1;0;SOLEIL;1;0;0
Charolles;46.43;4.27;08/08/2026;08:00;24.9;0;SOLEIL;1;0;0
Charolles;46.43;4.27;08/08/2026;09:00;24.9;0;SOLEIL;1;0;0
Charolles;46.43;4.27;08/08/2026;10:00;24.9;0;SOLEIL;1;0;0
Charolles;46.43;4.27;08/08/2026;11:00;29.9;0;SOLEIL;1;0;0
Charolles;46.43;4.27;08/08/2026;12:00;29.9;0;SOLEIL;1;0;0
Charolles;46.43;4.27;08/08/2026;13:00;29.9;0;SOLEIL;1;0;0
Charolles;46.43;4.27;08/08/2026;14:00;33.9;0;SOLEIL;2;0;0
Charolles;46.43;4.27;08/08/2026;15:00;33.9;0;SOLEIL;2;0;0
Charolles;46.43;4.27;08/08/2026;16:00;33.9;0;SOLEIL;2;0;0
Charolles;46.43;4.27;08/08/2026;17:00;31.4;5;SOLEIL VOILÉ;2;0;0
Charolles;46.43;4.27;08/08/2026;18:00;31.4;5;SOLEIL VOILÉ;2;0;0
Charolles;46.43;4.27;08/08/2026;19:00;31.4;5;SOLEIL VOILÉ;2;0;0
Charolles;46.43;4.27;08/08/2026;20:00;23;5;SOLEIL VOILÉ;2;0;0
Charolles;46.43;4.27;08/08/2026;21:00;23;5;SOLEIL VOILÉ;2;0;0
Charolles;46.43;4.27;08/08/2026;22:00;23;5;SOLEIL VOILÉ;2;0;0
Charolles;46.43;4.27;08/08/2026;23:00;19.1;0;SOLEIL;1;0;0
Charolles;46.43;4.27;09/08/2026;00:00;19.1;0;SOLEIL;1;0;0
Charolles;46.43;4.27;09/08/2026;01:00;19.1;0;SOLEIL;1;0;0
Charolles;46.43;4.27;09/08/2026;02:00;17.9;5;SOLEIL VOILÉ;2;0;0
Charolles;46.43;4.27;09/08/2026;03:00;17.9;5;SOLEIL VOILÉ;2;0;0
Charolles;46.43;4.27;09/08/2026;04:00;17.9;5;SOLEIL VOILÉ;2;0;0
Charolles;46.43;4.27;09/08/2026;05:00;18.5;10;ORAGEUX;1;0;0
Charolles;46.43;4.27;09/08/2026;06:00;18.5;10;ORAGEUX;1;0;0
Charolles;46.43;4.27;09/08/2026;07:00;18.5;10;ORAGEUX;1;0;0
Charolles;46.43;4.27;09/08/2026;08:00;27.6;0;SOLEIL;3;0;0
Charolles;46.43;4.27;09/08/2026;09:00;27.6;0;SOLEIL;3;0;0
Charolles;46.43;4.27;09/08/2026;10:00;27.6;0;SOLEIL;3;0;0
Charolles;46.43;4.27;09/08/2026;11:00;31.6;0;SOLEIL;3;0;0
Charolles;46.43;4.27;09/08/2026;12:00;31.6;0;SOLEIL;3;0;0
Charolles;46.43;4.27;09/08/2026;13:00;31.6;0;SOLEIL;3;0;0
Charolles;46.43;4.27;09/08/2026;14:00;33.5;10;ORAGEUX;3;0;0
Charolles;46.43;4.27;09/08/2026;15:00;33.5;10;ORAGEUX;3;0;0
Charolles;46.43;4.27;09/08/2026;16:00;33.5;10;ORAGEUX;3;0;0
Charolles;46.43;4.27;09/08/2026;17:00;30.4;0;SOLEIL;3;0;0
Charolles;46.43;4.27;09/08/2026;18:00;30.4;0;SOLEIL;3;0;0
Charolles;46.43;4.27;09/08/2026;19:00;30.4;0;SOLEIL;3;0;0
Charolles;46.43;4.27;09/08/2026;20:00;22.3;0;SOLEIL;5;0;0
Charolles;46.43;4.27;09/08/2026;21:00;19.9;0;SOLEIL;5;0;0
Charolles;46.43;4.27;09/08/2026;22:00;17.5;0;SOLEIL;5;0;0
Charolles;46.43;4.27;09/08/2026;23:00;19.4;0;SOLEIL;1;0;0
Charolles;46.43;4.27;10/08/2026;00:00;19.4;0;SOLEIL;1;0;0
Charolles;46.43;4.27;10/08/2026;01:00;19.4;0;SOLEIL;1;0;0
Charolles;46.43;4.27;10/08/2026;02:00;16.9;10;ORAGEUX;5;0;0
Charolles;46.43;4.27;10/08/2026;03:00;16.9;10;ORAGEUX;5;0;0
Charolles;46.43;4.27;10/08/2026;04:00;16.9;10;ORAGEUX;5;0;0
Charolles;46.43;4.27;10/08/2026;05:00;19.2;0;SOLEIL;2;0;0
Charolles;46.43;4.27;10/08/2026;06:00;19.2;0;SOLEIL;2;0;0
Charolles;46.43;4.27;10/08/2026;07:00;19.2;0;SOLEIL;2;0;0
Charolles;46.43;4.27;10/08/2026;08:00;20.8;10;ORAGEUX;5;0;0
Charolles;46.43;4.27;10/08/2026;09:00;22.8;10;ORAGEUX;5;0;0
Charolles;46.43;4.27;10/08/2026;10:00;24.8;10;ORAGEUX;5;0;0
Charolles;46.43;4.27;10/08/2026;11:00;31.1;0;SOLEIL;3;0;0
Charolles;46.43;4.27;10/08/2026;12:00;31.1;0;SOLEIL;3;0;0
Charolles;46.43;4.27;10/08/2026;13:00;31.1;0;SOLEIL;3;0;0
Charolles;46.43;4.27;10/08/2026;14:00;32.6;10;ORAGEUX;5;0;0
Charolles;46.43;4.27;10/08/2026;15:00;34.6;10;ORAGEUX;5;0;0
Charolles;46.43;4.27;10/08/2026;16:00;32.6;10;ORAGEUX;5;0;0
Charolles;46.43;4.27;10/08/2026;17:00;28.6;6;AVERSES;2;0;0
Charolles;46.43;4.27;10/08/2026;18:00;28.6;6;AVERSES;2;0;0
Charolles;46.43;4.27;10/08/2026;19:00;28.6;6;AVERSES;2;0;0
Charolles;46.43;4.27;10/08/2026;20:00;24.8;10;ORAGEUX;5;0;0
Charolles;46.43;4.27;10/08/2026;21:00;22.8;10;ORAGEUX;5;0;0
Charolles;46.43;4.27;10/08/2026;22:00;20.8;10;ORAGEUX;5;0;0
Charolles;46.43;4.27;10/08/2026;23:00;17.6;0;SOLEIL;2;0;0
Charolles;46.43;4.27;11/08/2026;00:00;17.6;0;SOLEIL;2;0;0
Charolles;46.43;4.27;11/08/2026;01:00;17.6;0;SOLEIL;2;0;0
Charolles;46.43;4.27;11/08/2026;02:00;16.1;0;SOLEIL;5;0;0
Charolles;46.43;4.27;11/08/2026;03:00;16.1;0;SOLEIL;5;0;0
Charolles;46.43;4.27;11/08/2026;04:00;16.1;0;SOLEIL;5;0;0
Charolles;46.43;4.27;11/08/2026;05:00;18.5;0;SOLEIL;3;0;0
Charolles;46.43;4.27;11/08/2026;06:00;18.5;0;SOLEIL;3;0;0
Charolles;46.43;4.27;11/08/2026;07:00;18.5;0;SOLEIL;3;0;0
Charolles;46.43;4.27;11/08/2026;08:00;19.9;0;SOLEIL;5;0;0
Charolles;46.43;4.27;11/08/2026;09:00;21.9;0;SOLEIL;5;0;0
Charolles;46.43;4.27;11/08/2026;10:00;23.8;0;SOLEIL;5;0;0
Charolles;46.43;4.27;11/08/2026;11:00;32.1;0;SOLEIL;2;0;0
Charolles;46.43;4.27;11/08/2026;12:00;32.1;0;SOLEIL;2;0;0
Charolles;46.43;4.27;11/08/2026;13:00;32.1;0;SOLEIL;2;0;0
Charolles;46.43;4.27;11/08/2026;14:00;31.5;0;SOLEIL;5;0;0
Charolles;46.43;4.27;11/08/2026;15:00;33.4;0;SOLEIL;5;0;0
Charolles;46.43;4.27;11/08/2026;16:00;31.5;0;SOLEIL;5;0;0
Charolles;46.43;4.27;11/08/2026;17:00;31.1;0;SOLEIL;2;0;0
Charolles;46.43;4.27;11/08/2026;18:00;31.1;0;SOLEIL;2;0;0
Charolles;46.43;4.27;11/08/2026;19:00;31.1;0;SOLEIL;2;0;0
Charolles;46.43;4.27;11/08/2026;20:00;23.8;0;SOLEIL;5;0;0
Charolles;46.43;4.27;11/08/2026;21:00;21.9;0;SOLEIL;5;0;0
Charolles;46.43;4.27;11/08/2026;22:00;19.9;0;SOLEIL;5;0;0
Charolles;46.43;4.27;11/08/2026;23:00;16.7;0;SOLEIL;3;0;0
Charolles;46.43;4.27;12/08/2026;00:00;16.7;0;SOLEIL;3;0;0
Charolles;46.43;4.27;12/08/2026;01:00;16.7;0;SOLEIL;3;0;0
Charolles;46.43;4.27;12/08/2026;02:00;15.4;0;SOLEIL;5;0;0
Charolles;46.43;4.27;12/08/2026;03:00;15.4;0;SOLEIL;5;0;0
Charolles;46.43;4.27;12/08/2026;04:00;15.4;0;SOLEIL;5;0;0
Charolles;46.43;4.27;12/08/2026;05:00;17.6;0;SOLEIL;3;0;0
Charolles;46.43;4.27;12/08/2026;06:00;17.6;0;SOLEIL;3;0;0
Charolles;46.43;4.27;12/08/2026;07:00;17.6;0;SOLEIL;3;0;0
Charolles;46.43;4.27;12/08/2026;08:00;19.5;0;SOLEIL;5;0;0
Charolles;46.43;4.27;12/08/2026;09:00;21.6;0;SOLEIL;5;0;0
Charolles;46.43;4.27;12/08/2026;10:00;23.7;0;SOLEIL;5;0;0
Charolles;46.43;4.27;12/08/2026;11:00;32.4;0;SOLEIL;2;0;0
Charolles;46.43;4.27;12/08/2026;12:00;32.4;0;SOLEIL;2;0;0
Charolles;46.43;4.27;12/08/2026;13:00;32.4;0;SOLEIL;2;0;0
Charolles;46.43;4.27;12/08/2026;14:00;31.9;0;SOLEIL;5;0;0
Charolles;46.43;4.27;12/08/2026;15:00;34.0;0;SOLEIL;5;0;0
Charolles;46.43;4.27;12/08/2026;16:00;31.9;0;SOLEIL;5;0;0
Charolles;46.43;4.27;12/08/2026;17:00;32.1;0;SOLEIL;1;0;0
Charolles;46.43;4.27;12/08/2026;18:00;32.1;0;SOLEIL;1;0;0
Charolles;46.43;4.27;12/08/2026;19:00;32.1;0;SOLEIL;1;0;0
Charolles;46.43;4.27;12/08/2026;20:00;23.7;0;SOLEIL;5;0;0
Charolles;46.43;4.27;12/08/2026;21:00;21.6;0;SOLEIL;5;0;0
Charolles;46.43;4.27;12/08/2026;22:00;19.5;0;SOLEIL;5;0;0
Charolles;46.43;4.27;12/08/2026;23:00;17.4;0;SOLEIL;2;0;0
Mâcon;46.3;4.83;08/08/2026;00:00;22.5;0;SOLEIL;4;0;0
Mâcon;46.3;4.83;08/08/2026;01:00;22.5;0;SOLEIL;4;0;0
Mâcon;46.3;4.83;08/08/2026;02:00;20.5;0;SOLEIL;3;0;0
Mâcon;46.3;4.83;08/08/2026;03:00;20.5;0;SOLEIL;3;0;0
Mâcon;46.3;4.83;08/08/2026;04:00;20.5;0;SOLEIL;3;0;0
Mâcon;46.3;4.83;08/08/2026;05:00;21;0;SOLEIL;2;0;0
Mâcon;46.3;4.83;08/08/2026;06:00;21;0;SOLEIL;2;0;0
Mâcon;46.3;4.83;08/08/2026;07:00;21;0;SOLEIL;2;0;0
Mâcon;46.3;4.83;08/08/2026;08:00;25.1;0;SOLEIL;2;0;0
Mâcon;46.3;4.83;08/08/2026;09:00;25.1;0;SOLEIL;2;0;0
Mâcon;46.3;4.83;08/08/2026;10:00;25.1;0;SOLEIL;2;0;0
Mâcon;46.3;4.83;08/08/2026;11:00;30.6;0;SOLEIL;2;0;0
Mâcon;46.3;4.83;08/08/2026;12:00;30.6;0;SOLEIL;2;0;0
Mâcon;46.3;4.83;08/08/2026;13:00;30.6;0;SOLEIL;2;0;0
Mâcon;46.3;4.83;08/08/2026;14:00;33.1;0;SOLEIL;2;0;0
Mâcon;46.3;4.83;08/08/2026;15:00;33.1;0;SOLEIL;2;0;0
Mâcon;46.3;4.83;08/08/2026;16:00;33.1;0;SOLEIL;2;0;0
Mâcon;46.3;4.83;08/08/2026;17:00;32.9;0;SOLEIL;2;0;0
Mâcon;46.3;4.83;08/08/2026;18:00;32.9;0;SOLEIL;2;0;0
Mâcon;46.3;4.83;08/08/2026;19:00;32.9;0;SOLEIL;2;0;0
Mâcon;46.3;4.83;08/08/2026;20:00;27.9;0;SOLEIL;2;0;0
Mâcon;46.3;4.83;08/08/2026;21:00;27.9;0;SOLEIL;2;0;0
Mâcon;46.3;4.83;08/08/2026;22:00;27.9;0;SOLEIL;2;0;0
Mâcon;46.3;4.83;08/08/2026;23:00;25.2;0;SOLEIL;2;0;0
Mâcon;46.3;4.83;09/08/2026;00:00;25.2;0;SOLEIL;2;0;0
Mâcon;46.3;4.83;09/08/2026;01:00;25.2;0;SOLEIL;2;0;0
Mâcon;46.3;4.83;09/08/2026;02:00;22.4;0;SOLEIL;0;0;0
Mâcon;46.3;4.83;09/08/2026;03:00;22.4;0;SOLEIL;0;0;0
Mâcon;46.3;4.83;09/08/2026;04:00;22.4;0;SOLEIL;0;0;0
Mâcon;46.3;4.83;09/08/2026;05:00;23.4;0;SOLEIL;1;0;0
Mâcon;46.3;4.83;09/08/2026;06:00;23.4;0;SOLEIL;1;0;0
Mâcon;46.3;4.83;09/08/2026;07:00;23.4;0;SOLEIL;1;0;0
Mâcon;46.3;4.83;09/08/2026;08:00;26.2;10;ORAGEUX;2;0;0
Mâcon;46.3;4.83;09/08/2026;09:00;26.2;10;ORAGEUX;2;0;0
Mâcon;46.3;4.83;09/08/2026;10:00;26.2;10;ORAGEUX;2;0;0
Mâcon;46.3;4.83;09/08/2026;11:00;30.5;0;SOLEIL;3;0;0
Mâcon;46.3;4.83;09/08/2026;12:00;30.5;0;SOLEIL;3;0;0
Mâcon;46.3;4.83;09/08/2026;13:00;30.5;0;SOLEIL;3;0;0
Mâcon;46.3;4.83;09/08/2026;14:00;32.7;10;ORAGEUX;3;0;0
Mâcon;46.3;4.83;09/08/2026;15:00;32.7;10;ORAGEUX;3;0;0
Mâcon;46.3;4.83;09/08/2026;16:00;32.7;10;ORAGEUX;3;0;0
Mâcon;46.3;4.83;09/08/2026;17:00;31.7;10;ORAGEUX;3;0;0
Mâcon;46.3;4.83;09/08/2026;18:00;31.7;10;ORAGEUX;3;0;0
Mâcon;46.3;4.83;09/08/2026;19:00;31.7;10;ORAGEUX;3;0;0
Mâcon;46.3;4.83;09/08/2026;20:00;25.9;0;SOLEIL;5;0;0
Mâcon;46.3;4.83;09/08/2026;21:00;24.2;0;SOLEIL;5;0;0
Mâcon;46.3;4.83;09/08/2026;22:00;22.5;0;SOLEIL;5;0;0
Mâcon;46.3;4.83;09/08/2026;23:00;23.7;0;SOLEIL;2;0;0
Mâcon;46.3;4.83;10/08/2026;00:00;23.7;0;SOLEIL;2;0;0
Mâcon;46.3;4.83;10/08/2026;01:00;23.7;0;SOLEIL;2;0;0
Mâcon;46.3;4.83;10/08/2026;02:00;21.1;10;ORAGEUX;5;0;0
Mâcon;46.3;4.83;10/08/2026;03:00;21.1;10;ORAGEUX;5;0;0
Mâcon;46.3;4.83;10/08/2026;04:00;21.1;10;ORAGEUX;5;0;0
Mâcon;46.3;4.83;10/08/2026;05:00;23.1;0;SOLEIL;1;0;0
Mâcon;46.3;4.83;10/08/2026;06:00;23.1;0;SOLEIL;1;0;0
Mâcon;46.3;4.83;10/08/2026;07:00;23.1;0;SOLEIL;1;0;0
Mâcon;46.3;4.83;10/08/2026;08:00;24.0;10;ORAGEUX;5;0;0
Mâcon;46.3;4.83;10/08/2026;09:00;25.5;10;ORAGEUX;5;0;0
Mâcon;46.3;4.83;10/08/2026;10:00;26.9;10;ORAGEUX;5;0;0
Mâcon;46.3;4.83;10/08/2026;11:00;32.1;0;SOLEIL;2;0;0
Mâcon;46.3;4.83;10/08/2026;12:00;32.1;0;SOLEIL;2;0;0
Mâcon;46.3;4.83;10/08/2026;13:00;32.1;0;SOLEIL;2;0;0
Mâcon;46.3;4.83;10/08/2026;14:00;32.7;10;ORAGEUX;5;0;0
Mâcon;46.3;4.83;10/08/2026;15:00;34.2;10;ORAGEUX;5;0;0
Mâcon;46.3;4.83;10/08/2026;16:00;32.7;10;ORAGEUX;5;0;0
Mâcon;46.3;4.83;10/08/2026;17:00;30.2;6;AVERSES;2;0;0
Mâcon;46.3;4.83;10/08/2026;18:00;30.2;6;AVERSES;2;0;0
Mâcon;46.3;4.83;10/08/2026;19:00;30.2;6;AVERSES;2;0;0
Mâcon;46.3;4.83;10/08/2026;20:00;26.9;10;ORAGEUX;5;0;0
Mâcon;46.3;4.83;10/08/2026;21:00;25.5;10;ORAGEUX;5;0;0
Mâcon;46.3;4.83;10/08/2026;22:00;24.0;10;ORAGEUX;5;0;0
Mâcon;46.3;4.83;10/08/2026;23:00;24.7;0;SOLEIL;2;0;0
Mâcon;46.3;4.83;11/08/2026;00:00;24.7;0;SOLEIL;2;0;0
Mâcon;46.3;4.83;11/08/2026;01:00;24.7;0;SOLEIL;2;0;0
Mâcon;46.3;4.83;11/08/2026;02:00;21.1;0;SOLEIL;5;0;0
Mâcon;46.3;4.83;11/08/2026;03:00;21.1;0;SOLEIL;5;0;0
Mâcon;46.3;4.83;11/08/2026;04:00;21.1;0;SOLEIL;5;0;0
Mâcon;46.3;4.83;11/08/2026;05:00;23.4;0;SOLEIL;2;0;0
Mâcon;46.3;4.83;11/08/2026;06:00;23.4;0;SOLEIL;2;0;0
Mâcon;46.3;4.83;11/08/2026;07:00;23.4;0;SOLEIL;2;0;0
Mâcon;46.3;4.83;11/08/2026;08:00;23.9;0;SOLEIL;5;0;0
Mâcon;46.3;4.83;11/08/2026;09:00;25.4;0;SOLEIL;5;0;0
Mâcon;46.3;4.83;11/08/2026;10:00;26.8;0;SOLEIL;5;0;0
Mâcon;46.3;4.83;11/08/2026;11:00;32.6;0;SOLEIL;2;0;0
Mâcon;46.3;4.83;11/08/2026;12:00;32.6;0;SOLEIL;2;0;0
Mâcon;46.3;4.83;11/08/2026;13:00;32.6;0;SOLEIL;2;0;0
Mâcon;46.3;4.83;11/08/2026;14:00;32.5;0;SOLEIL;5;0;0
Mâcon;46.3;4.83;11/08/2026;15:00;33.9;0;SOLEIL;5;0;0
Mâcon;46.3;4.83;11/08/2026;16:00;32.5;0;SOLEIL;5;0;0
Mâcon;46.3;4.83;11/08/2026;17:00;32.1;0;SOLEIL;3;0;0
Mâcon;46.3;4.83;11/08/2026;18:00;32.1;0;SOLEIL;3;0;0
Mâcon;46.3;4.83;11/08/2026;19:00;32.1;0;SOLEIL;3;0;0
Mâcon;46.3;4.83;11/08/2026;20:00;26.8;0;SOLEIL;5;0;0
Mâcon;46.3;4.83;11/08/2026;21:00;25.4;0;SOLEIL;5;0;0
Mâcon;46.3;4.83;11/08/2026;22:00;23.9;0;SOLEIL;5;0;0
Mâcon;46.3;4.83;11/08/2026;23:00;25.1;0;SOLEIL;2;0;0
Mâcon;46.3;4.83;12/08/2026;00:00;25.1;0;SOLEIL;2;0;0
Mâcon;46.3;4.83;12/08/2026;01:00;25.1;0;SOLEIL;2;0;0
Mâcon;46.3;4.83;12/08/2026;02:00;22.1;0;SOLEIL;5;0;0
Mâcon;46.3;4.83;12/08/2026;03:00;22.1;0;SOLEIL;5;0;0
Mâcon;46.3;4.83;12/08/2026;04:00;22.1;0;SOLEIL;5;0;0
Mâcon;46.3;4.83;12/08/2026;05:00;22.9;0;SOLEIL;1;0;0
Mâcon;46.3;4.83;12/08/2026;06:00;22.9;0;SOLEIL;1;0;0
Mâcon;46.3;4.83;12/08/2026;07:00;22.9;0;SOLEIL;1;0;0
Mâcon;46.3;4.83;12/08/2026;08:00;24.9;0;SOLEIL;5;0;0
Mâcon;46.3;4.83;12/08/2026;09:00;26.3;0;SOLEIL;5;0;0
Mâcon;46.3;4.83;12/08/2026;10:00;27.7;0;SOLEIL;5;0;0
Mâcon;46.3;4.83;12/08/2026;11:00;33.9;0;SOLEIL;2;0;0
Mâcon;46.3;4.83;12/08/2026;12:00;33.9;0;SOLEIL;2;0;0
Mâcon;46.3;4.83;12/08/2026;13:00;33.9;0;SOLEIL;2;0;0
Mâcon;46.3;4.83;12/08/2026;14:00;33.2;0;SOLEIL;5;0;0
Mâcon;46.3;4.83;12/08/2026;15:00;34.6;0;SOLEIL;5;0;0
Mâcon;46.3;4.83;12/08/2026;16:00;33.2;0;SOLEIL;5;0;0
Mâcon;46.3;4.83;12/08/2026;17:00;33.7;0;SOLEIL;2;0;0
Mâcon;46.3;4.83;12/08/2026;18:00;33.7;0;SOLEIL;2;0;0
Mâcon;46.3;4.83;12/08/2026;19:00;33.7;0;SOLEIL;2;0;0
Mâcon;46.3;4.83;12/08/2026;20:00;27.7;0;SOLEIL;5;0;0
Mâcon;46.3;4.83;12/08/2026;21:00;26.3;0;SOLEIL;5;0;0
Mâcon;46.3;4.83;12/08/2026;22:00;24.9;0;SOLEIL;5;0;0
Mâcon;46.3;4.83;12/08/2026;23:00;26.1;0;SOLEIL;0;0;0
Montceau-les-Mines;46.67;4.36;08/08/2026;00:00;18.1;0;SOLEIL;3;0;0
Montceau-les-Mines;46.67;4.36;08/08/2026;01:00;18.1;0;SOLEIL;3;0;0
Montceau-les-Mines;46.67;4.36;08/08/2026;02:00;13.9;0;SOLEIL;3;0;0
Montceau-les-Mines;46.67;4.36;08/08/2026;03:00;13.9;0;SOLEIL;3;0;0
Montceau-les-Mines;46.67;4.36;08/08/2026;04:00;13.9;0;SOLEIL;3;0;0
Montceau-les-Mines;46.67;4.36;08/08/2026;05:00;15.5;0;SOLEIL;2;0;0
Montceau-les-Mines;46.67;4.36;08/08/2026;06:00;15.5;0;SOLEIL;2;0;0
Montceau-les-Mines;46.67;4.36;08/08/2026;07:00;15.5;0;SOLEIL;2;0;0
Montceau-les-Mines;46.67;4.36;08/08/2026;08:00;25.1;0;SOLEIL;2;0;0
Montceau-les-Mines;46.67;4.36;08/08/2026;09:00;25.1;0;SOLEIL;2;0;0
Montceau-les-Mines;46.67;4.36;08/08/2026;10:00;25.1;0;SOLEIL;2;0;0
Montceau-les-Mines;46.67;4.36;08/08/2026;11:00;30.9;0;SOLEIL;1;0;0
Montceau-les-Mines;46.67;4.36;08/08/2026;12:00;30.9;0;SOLEIL;1;0;0
Montceau-les-Mines;46.67;4.36;08/08/2026;13:00;30.9;0;SOLEIL;1;0;0
Montceau-les-Mines;46.67;4.36;08/08/2026;14:00;34;0;SOLEIL;3;0;0
Montceau-les-Mines;46.67;4.36;08/08/2026;15:00;34;0;SOLEIL;3;0;0
Montceau-les-Mines;46.67;4.36;08/08/2026;16:00;34;0;SOLEIL;3;0;0
Montceau-les-Mines;46.67;4.36;08/08/2026;17:00;32.1;5;SOLEIL VOILÉ;2;0;0
Montceau-les-Mines;46.67;4.36;08/08/2026;18:00;32.1;5;SOLEIL VOILÉ;2;0;0
Montceau-les-Mines;46.67;4.36;08/08/2026;19:00;32.1;5;SOLEIL VOILÉ;2;0;0
Montceau-les-Mines;46.67;4.36;08/08/2026;20:00;24.1;0;SOLEIL;1;0;0
Montceau-les-Mines;46.67;4.36;08/08/2026;21:00;24.1;0;SOLEIL;1;0;0
Montceau-les-Mines;46.67;4.36;08/08/2026;22:00;24.1;0;SOLEIL;1;0;0
Montceau-les-Mines;46.67;4.36;08/08/2026;23:00;20.6;0;SOLEIL;1;0;0
Montceau-les-Mines;46.67;4.36;09/08/2026;00:00;20.6;0;SOLEIL;1;0;0
Montceau-les-Mines;46.67;4.36;09/08/2026;01:00;20.6;0;SOLEIL;1;0;0
Montceau-les-Mines;46.67;4.36;09/08/2026;02:00;19;5;SOLEIL VOILÉ;2;0;0
Montceau-les-Mines;46.67;4.36;09/08/2026;03:00;19;5;SOLEIL VOILÉ;2;0;0
Montceau-les-Mines;46.67;4.36;09/08/2026;04:00;19;5;SOLEIL VOILÉ;2;0;0
Montceau-les-Mines;46.67;4.36;09/08/2026;05:00;20.2;5;SOLEIL VOILÉ;2;0;0
Montceau-les-Mines;46.67;4.36;09/08/2026;06:00;20.2;5;SOLEIL VOILÉ;2;0;0
Montceau-les-Mines;46.67;4.36;09/08/2026;07:00;20.2;5;SOLEIL VOILÉ;2;0;0
Montceau-les-Mines;46.67;4.36;09/08/2026;08:00;26.6;0;SOLEIL;3;0;0
Montceau-les-Mines;46.67;4.36;09/08/2026;09:00;26.6;0;SOLEIL;3;0;0
Montceau-les-Mines;46.67;4.36;09/08/2026;10:00;26.6;0;SOLEIL;3;0;0
Montceau-les-Mines;46.67;4.36;09/08/2026;11:00;29.1;0;SOLEIL;3;0;0
Montceau-les-Mines;46.67;4.36;09/08/2026;12:00;29.1;0;SOLEIL;3;0;0
Montceau-les-Mines;46.67;4.36;09/08/2026;13:00;29.1;0;SOLEIL;3;0;0
Montceau-les-Mines;46.67;4.36;09/08/2026;14:00;33.4;10;ORAGEUX;4;0;0
Montceau-les-Mines;46.67;4.36;09/08/2026;15:00;33.4;10;ORAGEUX;4;0;0
Montceau-les-Mines;46.67;4.36;09/08/2026;16:00;33.4;10;ORAGEUX;4;0;0
Montceau-les-Mines;46.67;4.36;09/08/2026;17:00;30.1;0;SOLEIL;3;0;0
Montceau-les-Mines;46.67;4.36;09/08/2026;18:00;30.1;0;SOLEIL;3;0;0
Montceau-les-Mines;46.67;4.36;09/08/2026;19:00;30.1;0;SOLEIL;3;0;0
Montceau-les-Mines;46.67;4.36;09/08/2026;20:00;22.9;0;SOLEIL;5;0;0
Montceau-les-Mines;46.67;4.36;09/08/2026;21:00;20.4;0;SOLEIL;5;0;0
Montceau-les-Mines;46.67;4.36;09/08/2026;22:00;18.0;0;SOLEIL;5;0;0
Montceau-les-Mines;46.67;4.36;09/08/2026;23:00;20.1;0;SOLEIL;2;0;0
Montceau-les-Mines;46.67;4.36;10/08/2026;00:00;20.1;0;SOLEIL;2;0;0
Montceau-les-Mines;46.67;4.36;10/08/2026;01:00;20.1;0;SOLEIL;2;0;0
Montceau-les-Mines;46.67;4.36;10/08/2026;02:00;18.2;10;ORAGEUX;5;0;0
Montceau-les-Mines;46.67;4.36;10/08/2026;03:00;18.2;10;ORAGEUX;5;0;0
Montceau-les-Mines;46.67;4.36;10/08/2026;04:00;18.2;10;ORAGEUX;5;0;0
Montceau-les-Mines;46.67;4.36;10/08/2026;05:00;19.5;0;SOLEIL;2;0;0
Montceau-les-Mines;46.67;4.36;10/08/2026;06:00;19.5;0;SOLEIL;2;0;0
Montceau-les-Mines;46.67;4.36;10/08/2026;07:00;19.5;0;SOLEIL;2;0;0
Montceau-les-Mines;46.67;4.36;10/08/2026;08:00;21.8;10;ORAGEUX;5;0;0
Montceau-les-Mines;46.67;4.36;10/08/2026;09:00;23.6;10;ORAGEUX;5;0;0
Montceau-les-Mines;46.67;4.36;10/08/2026;10:00;25.4;10;ORAGEUX;5;0;0
Montceau-les-Mines;46.67;4.36;10/08/2026;11:00;31.6;0;SOLEIL;3;0;0
Montceau-les-Mines;46.67;4.36;10/08/2026;12:00;31.6;0;SOLEIL;3;0;0
Montceau-les-Mines;46.67;4.36;10/08/2026;13:00;31.6;0;SOLEIL;3;0;0
Montceau-les-Mines;46.67;4.36;10/08/2026;14:00;32.6;10;ORAGEUX;5;0;0
Montceau-les-Mines;46.67;4.36;10/08/2026;15:00;34.4;10;ORAGEUX;5;0;0
Montceau-les-Mines;46.67;4.36;10/08/2026;16:00;32.6;10;ORAGEUX;5;0;0
Montceau-les-Mines;46.67;4.36;10/08/2026;17:00;28.9;0;SOLEIL;2;0;0
Montceau-les-Mines;46.67;4.36;10/08/2026;18:00;28.9;0;SOLEIL;2;0;0
Montceau-les-Mines;46.67;4.36;10/08/2026;19:00;28.9;0;SOLEIL;2;0;0
Montceau-les-Mines;46.67;4.36;10/08/2026;20:00;25.4;10;ORAGEUX;5;0;0
Montceau-les-Mines;46.67;4.36;10/08/2026;21:00;23.6;10;ORAGEUX;5;0;0
Montceau-les-Mines;46.67;4.36;10/08/2026;22:00;21.8;10;ORAGEUX;5;0;0
Montceau-les-Mines;46.67;4.36;10/08/2026;23:00;20.9;0;SOLEIL;3;0;0
Montceau-les-Mines;46.67;4.36;11/08/2026;00:00;20.9;0;SOLEIL;3;0;0
Montceau-les-Mines;46.67;4.36;11/08/2026;01:00;20.9;0;SOLEIL;3;0;0
Montceau-les-Mines;46.67;4.36;11/08/2026;02:00;17.6;0;SOLEIL;5;0;0
Montceau-les-Mines;46.67;4.36;11/08/2026;03:00;17.6;0;SOLEIL;5;0;0
Montceau-les-Mines;46.67;4.36;11/08/2026;04:00;17.6;0;SOLEIL;5;0;0
Montceau-les-Mines;46.67;4.36;11/08/2026;05:00;19.1;0;SOLEIL;3;0;0
Montceau-les-Mines;46.67;4.36;11/08/2026;06:00;19.1;0;SOLEIL;3;0;0
Montceau-les-Mines;46.67;4.36;11/08/2026;07:00;19.1;0;SOLEIL;3;0;0
Montceau-les-Mines;46.67;4.36;11/08/2026;08:00;21.2;0;SOLEIL;5;0;0
Montceau-les-Mines;46.67;4.36;11/08/2026;09:00;22.9;0;SOLEIL;5;0;0
Montceau-les-Mines;46.67;4.36;11/08/2026;10:00;24.7;0;SOLEIL;5;0;0
Montceau-les-Mines;46.67;4.36;11/08/2026;11:00;32.9;0;SOLEIL;2;0;0
Montceau-les-Mines;46.67;4.36;11/08/2026;12:00;32.9;0;SOLEIL;2;0;0
Montceau-les-Mines;46.67;4.36;11/08/2026;13:00;32.9;0;SOLEIL;2;0;0
Montceau-les-Mines;46.67;4.36;11/08/2026;14:00;31.8;0;SOLEIL;5;0;0
Montceau-les-Mines;46.67;4.36;11/08/2026;15:00;33.6;0;SOLEIL;5;0;0
Montceau-les-Mines;46.67;4.36;11/08/2026;16:00;31.8;0;SOLEIL;5;0;0
Montceau-les-Mines;46.67;4.36;11/08/2026;17:00;31.6;0;SOLEIL;2;0;0
Montceau-les-Mines;46.67;4.36;11/08/2026;18:00;31.6;0;SOLEIL;2;0;0
Montceau-les-Mines;46.67;4.36;11/08/2026;19:00;31.6;0;SOLEIL;2;0;0
Montceau-les-Mines;46.67;4.36;11/08/2026;20:00;24.7;0;SOLEIL;5;0;0
Montceau-les-Mines;46.67;4.36;11/08/2026;21:00;22.9;0;SOLEIL;5;0;0
Montceau-les-Mines;46.67;4.36;11/08/2026;22:00;21.2;0;SOLEIL;5;0;0
Montceau-les-Mines;46.67;4.36;11/08/2026;23:00;20.6;0;SOLEIL;3;0;0
Montceau-les-Mines;46.67;4.36;12/08/2026;00:00;20.6;0;SOLEIL;3;0;0
Montceau-les-Mines;46.67;4.36;12/08/2026;01:00;20.6;0;SOLEIL;3;0;0
Montceau-les-Mines;46.67;4.36;12/08/2026;02:00;17.2;0;SOLEIL;5;0;0
Montceau-les-Mines;46.67;4.36;12/08/2026;03:00;17.2;0;SOLEIL;5;0;0
Montceau-les-Mines;46.67;4.36;12/08/2026;04:00;17.2;0;SOLEIL;5;0;0
Montceau-les-Mines;46.67;4.36;12/08/2026;05:00;18.4;0;SOLEIL;3;0;0
Montceau-les-Mines;46.67;4.36;12/08/2026;06:00;18.4;0;SOLEIL;3;0;0
Montceau-les-Mines;46.67;4.36;12/08/2026;07:00;18.4;0;SOLEIL;3;0;0
Montceau-les-Mines;46.67;4.36;12/08/2026;08:00;21.1;0;SOLEIL;5;0;0
Montceau-les-Mines;46.67;4.36;12/08/2026;09:00;23.0;0;SOLEIL;5;0;0
Montceau-les-Mines;46.67;4.36;12/08/2026;10:00;24.9;0;SOLEIL;5;0;0
Montceau-les-Mines;46.67;4.36;12/08/2026;11:00;33;0;SOLEIL;2;0;0
Montceau-les-Mines;46.67;4.36;12/08/2026;12:00;33;0;SOLEIL;2;0;0
Montceau-les-Mines;46.67;4.36;12/08/2026;13:00;33;0;SOLEIL;2;0;0
Montceau-les-Mines;46.67;4.36;12/08/2026;14:00;32.7;0;SOLEIL;5;0;0
Montceau-les-Mines;46.67;4.36;12/08/2026;15:00;34.6;0;SOLEIL;5;0;0
Montceau-les-Mines;46.67;4.36;12/08/2026;16:00;32.7;0;SOLEIL;5;0;0
Montceau-les-Mines;46.67;4.36;12/08/2026;17:00;32.6;0;SOLEIL;2;0;0
Montceau-les-Mines;46.67;4.36;12/08/2026;18:00;32.6;0;SOLEIL;2;0;0
Montceau-les-Mines;46.67;4.36;12/08/2026;19:00;32.6;0;SOLEIL;2;0;0
Montceau-les-Mines;46.67;4.36;12/08/2026;20:00;24.9;0;SOLEIL;5;0;0
Montceau-les-Mines;46.67;4.36;12/08/2026;21:00;23.0;0;SOLEIL;5;0;0
Montceau-les-Mines;46.67;4.36;12/08/2026;22:00;21.1;0;SOLEIL;5;0;0
Montceau-les-Mines;46.67;4.36;12/08/2026;23:00;21.2;0;SOLEIL;2;0;0
Auxerre;47.79;3.57;08/08/2026;00:00;16.4;0;SOLEIL;2;0;0
Auxerre;47.79;3.57;08/08/2026;01:00;16.4;0;SOLEIL;2;0;0
Auxerre;47.79;3.57;08/08/2026;02:00;13.2;0;SOLEIL;2;0;0
Auxerre;47.79;3.57;08/08/2026;03:00;13.2;0;SOLEIL;2;0;0
Auxerre;47.79;3.57;08/08/2026;04:00;13.2;0;SOLEIL;2;0;0
Auxerre;47.79;3.57;08/08/2026;05:00;16.1;0;SOLEIL;2;0;0
Auxerre;47.79;3.57;08/08/2026;06:00;16.1;0;SOLEIL;2;0;0
Auxerre;47.79;3.57;08/08/2026;07:00;16.1;0;SOLEIL;2;0;0
Auxerre;47.79;3.57;08/08/2026;08:00;23.5;0;SOLEIL;2;0;0
Auxerre;47.79;3.57;08/08/2026;09:00;23.5;0;SOLEIL;2;0;0
Auxerre;47.79;3.57;08/08/2026;10:00;23.5;0;SOLEIL;2;0;0
Auxerre;47.79;3.57;08/08/2026;11:00;30.1;0;SOLEIL;2;0;0
Auxerre;47.79;3.57;08/08/2026;12:00;30.1;0;SOLEIL;2;0;0
Auxerre;47.79;3.57;08/08/2026;13:00;30.1;0;SOLEIL;2;0;0
Auxerre;47.79;3.57;08/08/2026;14:00;33.1;0;SOLEIL;3;0;0
Auxerre;47.79;3.57;08/08/2026;15:00;33.1;0;SOLEIL;3;0;0
Auxerre;47.79;3.57;08/08/2026;16:00;33.1;0;SOLEIL;3;0;0
Auxerre;47.79;3.57;08/08/2026;17:00;31.4;0;SOLEIL;3;0;0
Auxerre;47.79;3.57;08/08/2026;18:00;31.4;0;SOLEIL;3;0;0
Auxerre;47.79;3.57;08/08/2026;19:00;31.4;0;SOLEIL;3;0;0
Auxerre;47.79;3.57;08/08/2026;20:00;24.6;0;SOLEIL;1;0;0
Auxerre;47.79;3.57;08/08/2026;21:00;24.6;0;SOLEIL;1;0;0
Auxerre;47.79;3.57;08/08/2026;22:00;24.6;0;SOLEIL;1;0;0
Auxerre;47.79;3.57;08/08/2026;23:00;19.2;0;SOLEIL;0;0;0
Auxerre;47.79;3.57;09/08/2026;00:00;19.2;0;SOLEIL;0;0;0
Auxerre;47.79;3.57;09/08/2026;01:00;19.2;0;SOLEIL;0;0;0
Auxerre;47.79;3.57;09/08/2026;02:00;17;5;SOLEIL VOILÉ;0;0;0
Auxerre;47.79;3.57;09/08/2026;03:00;17;5;SOLEIL VOILÉ;0;0;0
Auxerre;47.79;3.57;09/08/2026;04:00;17;5;SOLEIL VOILÉ;0;0;0
Auxerre;47.79;3.57;09/08/2026;05:00;19.1;5;SOLEIL VOILÉ;0;0;0
Auxerre;47.79;3.57;09/08/2026;06:00;19.1;5;SOLEIL VOILÉ;0;0;0
Auxerre;47.79;3.57;09/08/2026;07:00;19.1;5;SOLEIL VOILÉ;0;0;0
Auxerre;47.79;3.57;09/08/2026;08:00;24.7;5;SOLEIL VOILÉ;2;0;0
Auxerre;47.79;3.57;09/08/2026;09:00;24.7;5;SOLEIL VOILÉ;2;0;0
Auxerre;47.79;3.57;09/08/2026;10:00;24.7;5;SOLEIL VOILÉ;2;0;0
Auxerre;47.79;3.57;09/08/2026;11:00;30.4;5;SOLEIL VOILÉ;2;0;0
Auxerre;47.79;3.57;09/08/2026;12:00;30.4;5;SOLEIL VOILÉ;2;0;0
Auxerre;47.79;3.57;09/08/2026;13:00;30.4;5;SOLEIL VOILÉ;2;0;0
Auxerre;47.79;3.57;09/08/2026;14:00;33.5;0;SOLEIL;3;0;0
Auxerre;47.79;3.57;09/08/2026;15:00;33.5;0;SOLEIL;3;0;0
Auxerre;47.79;3.57;09/08/2026;16:00;33.5;0;SOLEIL;3;0;0
Auxerre;47.79;3.57;09/08/2026;17:00;31.4;0;SOLEIL;2;0;0
Auxerre;47.79;3.57;09/08/2026;18:00;31.4;0;SOLEIL;2;0;0
Auxerre;47.79;3.57;09/08/2026;19:00;31.4;0;SOLEIL;2;0;0
Auxerre;47.79;3.57;09/08/2026;20:00;22.0;0;SOLEIL;5;0;0
Auxerre;47.79;3.57;09/08/2026;21:00;19.6;0;SOLEIL;5;0;0
Auxerre;47.79;3.57;09/08/2026;22:00;17.3;0;SOLEIL;5;0;0
Auxerre;47.79;3.57;09/08/2026;23:00;21.4;0;SOLEIL;2;0;0
Auxerre;47.79;3.57;10/08/2026;00:00;21.4;0;SOLEIL;2;0;0
Auxerre;47.79;3.57;10/08/2026;01:00;21.4;0;SOLEIL;2;0;0
Auxerre;47.79;3.57;10/08/2026;02:00;16.2;5;SOLEIL VOILÉ;5;0;0
Auxerre;47.79;3.57;10/08/2026;03:00;16.2;5;SOLEIL VOILÉ;5;0;0
Auxerre;47.79;3.57;10/08/2026;04:00;16.2;5;SOLEIL VOILÉ;5;0;0
Auxerre;47.79;3.57;10/08/2026;05:00;20.7;0;SOLEIL;2;0;0
Auxerre;47.79;3.57;10/08/2026;06:00;20.7;0;SOLEIL;2;0;0
Auxerre;47.79;3.57;10/08/2026;07:00;20.7;0;SOLEIL;2;0;0
Auxerre;47.79;3.57;10/08/2026;08:00;20.2;5;SOLEIL VOILÉ;5;0;0
Auxerre;47.79;3.57;10/08/2026;09:00;22.1;5;SOLEIL VOILÉ;5;0;0
Auxerre;47.79;3.57;10/08/2026;10:00;24.1;5;SOLEIL VOILÉ;5;0;0
Auxerre;47.79;3.57;10/08/2026;11:00;32;0;SOLEIL;2;0;0
Auxerre;47.79;3.57;10/08/2026;12:00;32;0;SOLEIL;2;0;0
Auxerre;47.79;3.57;10/08/2026;13:00;32;0;SOLEIL;2;0;0
Auxerre;47.79;3.57;10/08/2026;14:00;32.0;5;SOLEIL VOILÉ;5;0;0
Auxerre;47.79;3.57;10/08/2026;15:00;34.0;5;SOLEIL VOILÉ;5;0;0
Auxerre;47.79;3.57;10/08/2026;16:00;32.0;5;SOLEIL VOILÉ;5;0;0
Auxerre;47.79;3.57;10/08/2026;17:00;30.6;0;SOLEIL;3;0;0
Auxerre;47.79;3.57;10/08/2026;18:00;30.6;0;SOLEIL;3;0;0
Auxerre;47.79;3.57;10/08/2026;19:00;30.6;0;SOLEIL;3;0;0
Auxerre;47.79;3.57;10/08/2026;20:00;24.1;5;SOLEIL VOILÉ;5;0;0
Auxerre;47.79;3.57;10/08/2026;21:00;22.1;5;SOLEIL VOILÉ;5;0;0
Auxerre;47.79;3.57;10/08/2026;22:00;20.2;5;SOLEIL VOILÉ;5;0;0
Auxerre;47.79;3.57;10/08/2026;23:00;21.6;0;SOLEIL;3;0;0
Auxerre;47.79;3.57;11/08/2026;00:00;21.6;0;SOLEIL;3;0;0
Auxerre;47.79;3.57;11/08/2026;01:00;21.6;0;SOLEIL;3;0;0
Auxerre;47.79;3.57;11/08/2026;02:00;19;0;SOLEIL;5;0;0
Auxerre;47.79;3.57;11/08/2026;03:00;19;0;SOLEIL;5;0;0
Auxerre;47.79;3.57;11/08/2026;04:00;19;0;SOLEIL;5;0;0
Auxerre;47.79;3.57;11/08/2026;05:00;19.1;0;SOLEIL;2;0;0
Auxerre;47.79;3.57;11/08/2026;06:00;19.1;0;SOLEIL;2;0;0
Auxerre;47.79;3.57;11/08/2026;07:00;19.1;0;SOLEIL;2;0;0
Auxerre;47.79;3.57;11/08/2026;08:00;22.2;0;SOLEIL;5;0;0
Auxerre;47.79;3.57;11/08/2026;09:00;23.9;0;SOLEIL;5;0;0
Auxerre;47.79;3.57;11/08/2026;10:00;25.5;0;SOLEIL;5;0;0
Auxerre;47.79;3.57;11/08/2026;11:00;31.9;0;SOLEIL;3;0;0
Auxerre;47.79;3.57;11/08/2026;12:00;31.9;0;SOLEIL;3;0;0
Auxerre;47.79;3.57;11/08/2026;13:00;31.9;0;SOLEIL;3;0;0
Auxerre;47.79;3.57;11/08/2026;14:00;32.0;0;SOLEIL;5;0;0
Auxerre;47.79;3.57;11/08/2026;15:00;33.6;0;SOLEIL;5;0;0
Auxerre;47.79;3.57;11/08/2026;16:00;32.0;0;SOLEIL;5;0;0
Auxerre;47.79;3.57;11/08/2026;17:00;30.6;0;SOLEIL;3;0;0
Auxerre;47.79;3.57;11/08/2026;18:00;30.6;0;SOLEIL;3;0;0
Auxerre;47.79;3.57;11/08/2026;19:00;30.6;0;SOLEIL;3;0;0
Auxerre;47.79;3.57;11/08/2026;20:00;25.5;0;SOLEIL;5;0;0
Auxerre;47.79;3.57;11/08/2026;21:00;23.9;0;SOLEIL;5;0;0
Auxerre;47.79;3.57;11/08/2026;22:00;22.2;0;SOLEIL;5;0;0
Auxerre;47.79;3.57;11/08/2026;23:00;22.4;0;SOLEIL;2;0;0
Auxerre;47.79;3.57;12/08/2026;00:00;22.4;0;SOLEIL;2;0;0
Auxerre;47.79;3.57;12/08/2026;01:00;22.4;0;SOLEIL;2;0;0
Auxerre;47.79;3.57;12/08/2026;02:00;17.9;0;SOLEIL;5;0;0
Auxerre;47.79;3.57;12/08/2026;03:00;17.9;0;SOLEIL;5;0;0
Auxerre;47.79;3.57;12/08/2026;04:00;17.9;0;SOLEIL;5;0;0
Auxerre;47.79;3.57;12/08/2026;05:00;19.7;0;SOLEIL;2;0;0
Auxerre;47.79;3.57;12/08/2026;06:00;19.7;0;SOLEIL;2;0;0
Auxerre;47.79;3.57;12/08/2026;07:00;19.7;0;SOLEIL;2;0;0
Auxerre;47.79;3.57;12/08/2026;08:00;21.5;0;SOLEIL;5;0;0
Auxerre;47.79;3.57;12/08/2026;09:00;23.2;0;SOLEIL;5;0;0
Auxerre;47.79;3.57;12/08/2026;10:00;25.0;0;SOLEIL;5;0;0
Auxerre;47.79;3.57;12/08/2026;11:00;33.1;0;SOLEIL;2;0;0
Auxerre;47.79;3.57;12/08/2026;12:00;33.1;0;SOLEIL;2;0;0
Auxerre;47.79;3.57;12/08/2026;13:00;33.1;0;SOLEIL;2;0;0
Auxerre;47.79;3.57;12/08/2026;14:00;32.1;0;SOLEIL;5;0;0
Auxerre;47.79;3.57;12/08/2026;15:00;33.9;0;SOLEIL;5;0;0
Auxerre;47.79;3.57;12/08/2026;16:00;32.1;0;SOLEIL;5;0;0
Auxerre;47.79;3.57;12/08/2026;17:00;32.6;0;SOLEIL;2;0;0
Auxerre;47.79;3.57;12/08/2026;18:00;32.6;0;SOLEIL;2;0;0
Auxerre;47.79;3.57;12/08/2026;19:00;32.6;0;SOLEIL;2;0;0
Auxerre;47.79;3.57;12/08/2026;20:00;25.0;0;SOLEIL;5;0;0
Auxerre;47.79;3.57;12/08/2026;21:00;23.2;0;SOLEIL;5;0;0
Auxerre;47.79;3.57;12/08/2026;22:00;21.5;0;SOLEIL;5;0;0
Auxerre;47.79;3.57;12/08/2026;23:00;23.7;0;SOLEIL;2;0;0
Sens;48.19;3.28;08/08/2026;00:00;16.5;0;SOLEIL;2;0;0
Sens;48.19;3.28;08/08/2026;01:00;16.5;0;SOLEIL;2;0;0
Sens;48.19;3.28;08/08/2026;02:00;15.9;0;SOLEIL;3;0;0
Sens;48.19;3.28;08/08/2026;03:00;15.9;0;SOLEIL;3;0;0
Sens;48.19;3.28;08/08/2026;04:00;15.9;0;SOLEIL;3;0;0
Sens;48.19;3.28;08/08/2026;05:00;17.2;0;SOLEIL;2;0;0
Sens;48.19;3.28;08/08/2026;06:00;17.2;0;SOLEIL;2;0;0
Sens;48.19;3.28;08/08/2026;07:00;17.2;0;SOLEIL;2;0;0
Sens;48.19;3.28;08/08/2026;08:00;23.6;0;SOLEIL;2;0;0
Sens;48.19;3.28;08/08/2026;09:00;23.6;0;SOLEIL;2;0;0
Sens;48.19;3.28;08/08/2026;10:00;23.6;0;SOLEIL;2;0;0
Sens;48.19;3.28;08/08/2026;11:00;29.6;0;SOLEIL;2;0;0
Sens;48.19;3.28;08/08/2026;12:00;29.6;0;SOLEIL;2;0;0
Sens;48.19;3.28;08/08/2026;13:00;29.6;0;SOLEIL;2;0;0
Sens;48.19;3.28;08/08/2026;14:00;31.6;0;SOLEIL;2;0;0
Sens;48.19;3.28;08/08/2026;15:00;31.6;0;SOLEIL;2;0;0
Sens;48.19;3.28;08/08/2026;16:00;31.6;0;SOLEIL;2;0;0
Sens;48.19;3.28;08/08/2026;17:00;30.5;0;SOLEIL;2;0;0
Sens;48.19;3.28;08/08/2026;18:00;30.5;0;SOLEIL;2;0;0
Sens;48.19;3.28;08/08/2026;19:00;30.5;0;SOLEIL;2;0;0
Sens;48.19;3.28;08/08/2026;20:00;23.1;0;SOLEIL;2;0;0
Sens;48.19;3.28;08/08/2026;21:00;23.1;0;SOLEIL;2;0;0
Sens;48.19;3.28;08/08/2026;22:00;23.1;0;SOLEIL;2;0;0
Sens;48.19;3.28;08/08/2026;23:00;19.1;0;SOLEIL;2;0;0
Sens;48.19;3.28;09/08/2026;00:00;19.1;0;SOLEIL;2;0;0
Sens;48.19;3.28;09/08/2026;01:00;19.1;0;SOLEIL;2;0;0
Sens;48.19;3.28;09/08/2026;02:00;16.9;5;SOLEIL VOILÉ;0;0;0
Sens;48.19;3.28;09/08/2026;03:00;16.9;5;SOLEIL VOILÉ;0;0;0
Sens;48.19;3.28;09/08/2026;04:00;16.9;5;SOLEIL VOILÉ;0;0;0
Sens;48.19;3.28;09/08/2026;05:00;19.1;5;SOLEIL VOILÉ;2;0;0
Sens;48.19;3.28;09/08/2026;06:00;19.1;5;SOLEIL VOILÉ;2;0;0
Sens;48.19;3.28;09/08/2026;07:00;19.1;5;SOLEIL VOILÉ;2;0;0
Sens;48.19;3.28;09/08/2026;08:00;27.4;5;SOLEIL VOILÉ;2;0;0
Sens;48.19;3.28;09/08/2026;09:00;27.4;5;SOLEIL VOILÉ;2;0;0
Sens;48.19;3.28;09/08/2026;10:00;27.4;5;SOLEIL VOILÉ;2;0;0
Sens;48.19;3.28;09/08/2026;11:00;32;5;SOLEIL VOILÉ;2;0;0
Sens;48.19;3.28;09/08/2026;12:00;32;5;SOLEIL VOILÉ;2;0;0
Sens;48.19;3.28;09/08/2026;13:00;32;5;SOLEIL VOILÉ;2;0;0
Sens;48.19;3.28;09/08/2026;14:00;32.4;0;SOLEIL;2;0;0
Sens;48.19;3.28;09/08/2026;15:00;32.4;0;SOLEIL;2;0;0
Sens;48.19;3.28;09/08/2026;16:00;32.4;0;SOLEIL;2;0;0
Sens;48.19;3.28;09/08/2026;17:00;32.1;0;SOLEIL;2;0;0
Sens;48.19;3.28;09/08/2026;18:00;32.1;0;SOLEIL;2;0;0
Sens;48.19;3.28;09/08/2026;19:00;32.1;0;SOLEIL;2;0;0
Sens;48.19;3.28;09/08/2026;20:00;22.4;0;SOLEIL;5;0;0
Sens;48.19;3.28;09/08/2026;21:00;20.4;0;SOLEIL;5;0;0
Sens;48.19;3.28;09/08/2026;22:00;18.4;0;SOLEIL;5;0;0
Sens;48.19;3.28;09/08/2026;23:00;20.1;0;SOLEIL;2;0;0
Sens;48.19;3.28;10/08/2026;00:00;20.1;0;SOLEIL;2;0;0
Sens;48.19;3.28;10/08/2026;01:00;20.1;0;SOLEIL;2;0;0
Sens;48.19;3.28;10/08/2026;02:00;16.4;5;SOLEIL VOILÉ;5;0;0
Sens;48.19;3.28;10/08/2026;03:00;16.4;5;SOLEIL VOILÉ;5;0;0
Sens;48.19;3.28;10/08/2026;04:00;16.4;5;SOLEIL VOILÉ;5;0;0
Sens;48.19;3.28;10/08/2026;05:00;20.9;0;SOLEIL;2;0;0
Sens;48.19;3.28;10/08/2026;06:00;20.9;0;SOLEIL;2;0;0
Sens;48.19;3.28;10/08/2026;07:00;20.9;0;SOLEIL;2;0;0
Sens;48.19;3.28;10/08/2026;08:00;20.2;5;SOLEIL VOILÉ;5;0;0
Sens;48.19;3.28;10/08/2026;09:00;22.1;5;SOLEIL VOILÉ;5;0;0
Sens;48.19;3.28;10/08/2026;10:00;24.0;5;SOLEIL VOILÉ;5;0;0
Sens;48.19;3.28;10/08/2026;11:00;31.9;0;SOLEIL;3;0;0
Sens;48.19;3.28;10/08/2026;12:00;31.9;0;SOLEIL;3;0;0
Sens;48.19;3.28;10/08/2026;13:00;31.9;0;SOLEIL;3;0;0
Sens;48.19;3.28;10/08/2026;14:00;31.5;5;SOLEIL VOILÉ;5;0;0
Sens;48.19;3.28;10/08/2026;15:00;33.4;5;SOLEIL VOILÉ;5;0;0
Sens;48.19;3.28;10/08/2026;16:00;31.5;5;SOLEIL VOILÉ;5;0;0
Sens;48.19;3.28;10/08/2026;17:00;30.6;0;SOLEIL;3;0;0
Sens;48.19;3.28;10/08/2026;18:00;30.6;0;SOLEIL;3;0;0
Sens;48.19;3.28;10/08/2026;19:00;30.6;0;SOLEIL;3;0;0
Sens;48.19;3.28;10/08/2026;20:00;24.0;5;SOLEIL VOILÉ;5;0;0
Sens;48.19;3.28;10/08/2026;21:00;22.1;5;SOLEIL VOILÉ;5;0;0
Sens;48.19;3.28;10/08/2026;22:00;20.2;5;SOLEIL VOILÉ;5;0;0
Sens;48.19;3.28;10/08/2026;23:00;21.7;0;SOLEIL;3;0;0
Sens;48.19;3.28;11/08/2026;00:00;21.7;0;SOLEIL;3;0;0
Sens;48.19;3.28;11/08/2026;01:00;21.7;0;SOLEIL;3;0;0
Sens;48.19;3.28;11/08/2026;02:00;19.4;0;SOLEIL;5;0;0
Sens;48.19;3.28;11/08/2026;03:00;19.4;0;SOLEIL;5;0;0
Sens;48.19;3.28;11/08/2026;04:00;19.4;0;SOLEIL;5;0;0
Sens;48.19;3.28;11/08/2026;05:00;19.5;0;SOLEIL;3;0;0
Sens;48.19;3.28;11/08/2026;06:00;19.5;0;SOLEIL;3;0;0
Sens;48.19;3.28;11/08/2026;07:00;19.5;0;SOLEIL;3;0;0
Sens;48.19;3.28;11/08/2026;08:00;22.6;0;SOLEIL;5;0;0
Sens;48.19;3.28;11/08/2026;09:00;24.1;0;SOLEIL;5;0;0
Sens;48.19;3.28;11/08/2026;10:00;25.7;0;SOLEIL;5;0;0
Sens;48.19;3.28;11/08/2026;11:00;30.7;0;SOLEIL;3;0;0
Sens;48.19;3.28;11/08/2026;12:00;30.7;0;SOLEIL;3;0;0
Sens;48.19;3.28;11/08/2026;13:00;30.7;0;SOLEIL;3;0;0
Sens;48.19;3.28;11/08/2026;14:00;32.0;0;SOLEIL;5;0;0
Sens;48.19;3.28;11/08/2026;15:00;33.6;0;SOLEIL;5;0;0
Sens;48.19;3.28;11/08/2026;16:00;32.0;0;SOLEIL;5;0;0
Sens;48.19;3.28;11/08/2026;17:00;29.6;0;SOLEIL;3;0;0
Sens;48.19;3.28;11/08/2026;18:00;29.6;0;SOLEIL;3;0;0
Sens;48.19;3.28;11/08/2026;19:00;29.6;0;SOLEIL;3;0;0
Sens;48.19;3.28;11/08/2026;20:00;25.7;0;SOLEIL;5;0;0
Sens;48.19;3.28;11/08/2026;21:00;24.1;0;SOLEIL;5;0;0
Sens;48.19;3.28;11/08/2026;22:00;22.6;0;SOLEIL;5;0;0
Sens;48.19;3.28;11/08/2026;23:00;21.1;0;SOLEIL;4;0;0
Sens;48.19;3.28;12/08/2026;00:00;21.1;0;SOLEIL;4;0;0
Sens;48.19;3.28;12/08/2026;01:00;21.1;0;SOLEIL;4;0;0
Sens;48.19;3.28;12/08/2026;02:00;17.9;0;SOLEIL;5;0;0
Sens;48.19;3.28;12/08/2026;03:00;17.9;0;SOLEIL;5;0;0
Sens;48.19;3.28;12/08/2026;04:00;17.9;0;SOLEIL;5;0;0
Sens;48.19;3.28;12/08/2026;05:00;20.1;0;SOLEIL;3;0;0
Sens;48.19;3.28;12/08/2026;06:00;20.1;0;SOLEIL;3;0;0
Sens;48.19;3.28;12/08/2026;07:00;20.1;0;SOLEIL;3;0;0
Sens;48.19;3.28;12/08/2026;08:00;21.2;0;SOLEIL;5;0;0
Sens;48.19;3.28;12/08/2026;09:00;22.9;0;SOLEIL;5;0;0
Sens;48.19;3.28;12/08/2026;10:00;24.6;0;SOLEIL;5;0;0
Sens;48.19;3.28;12/08/2026;11:00;33;0;SOLEIL;3;0;0
Sens;48.19;3.28;12/08/2026;12:00;33;0;SOLEIL;3;0;0
Sens;48.19;3.28;12/08/2026;13:00;33;0;SOLEIL;3;0;0
Sens;48.19;3.28;12/08/2026;14:00;31.2;0;SOLEIL;5;0;0
Sens;48.19;3.28;12/08/2026;15:00;32.9;0;SOLEIL;5;0;0
Sens;48.19;3.28;12/08/2026;16:00;31.2;0;SOLEIL;5;0;0
Sens;48.19;3.28;12/08/2026;17:00;32.6;0;SOLEIL;2;0;0
Sens;48.19;3.28;12/08/2026;18:00;32.6;0;SOLEIL;2;0;0
Sens;48.19;3.28;12/08/2026;19:00;32.6;0;SOLEIL;2;0;0
Sens;48.19;3.28;12/08/2026;20:00;24.6;0;SOLEIL;5;0;0
Sens;48.19;3.28;12/08/2026;21:00;22.9;0;SOLEIL;5;0;0
Sens;48.19;3.28;12/08/2026;22:00;21.2;0;SOLEIL;5;0;0
Sens;48.19;3.28;12/08/2026;23:00;23.2;0;SOLEIL;2;0;0
Belfort;47.63;6.86;08/08/2026;00:00;17.9;0;SOLEIL;2;0;0
Belfort;47.63;6.86;08/08/2026;01:00;17.9;0;SOLEIL;2;0;0
Belfort;47.63;6.86;08/08/2026;02:00;16.4;0;SOLEIL;4;0;0
Belfort;47.63;6.86;08/08/2026;03:00;16.4;0;SOLEIL;4;0;0
Belfort;47.63;6.86;08/08/2026;04:00;16.4;0;SOLEIL;4;0;0
Belfort;47.63;6.86;08/08/2026;05:00;18.4;0;SOLEIL;3;0;0
Belfort;47.63;6.86;08/08/2026;06:00;18.4;0;SOLEIL;3;0;0
Belfort;47.63;6.86;08/08/2026;07:00;18.4;0;SOLEIL;3;0;0
Belfort;47.63;6.86;08/08/2026;08:00;24.5;0;SOLEIL;4;0;0
Belfort;47.63;6.86;08/08/2026;09:00;24.5;0;SOLEIL;4;0;0
Belfort;47.63;6.86;08/08/2026;10:00;24.5;0;SOLEIL;4;0;0
Belfort;47.63;6.86;08/08/2026;11:00;29.2;0;SOLEIL;4;0;0
Belfort;47.63;6.86;08/08/2026;12:00;29.2;0;SOLEIL;4;0;0
Belfort;47.63;6.86;08/08/2026;13:00;29.2;0;SOLEIL;4;0;0
Belfort;47.63;6.86;08/08/2026;14:00;31.6;0;SOLEIL;3;0;0
Belfort;47.63;6.86;08/08/2026;15:00;31.6;0;SOLEIL;3;0;0
Belfort;47.63;6.86;08/08/2026;16:00;31.6;0;SOLEIL;3;0;0
Belfort;47.63;6.86;08/08/2026;17:00;30.2;0;SOLEIL;1;0;0
Belfort;47.63;6.86;08/08/2026;18:00;30.2;0;SOLEIL;1;0;0
Belfort;47.63;6.86;08/08/2026;19:00;30.2;0;SOLEIL;1;0;0
Belfort;47.63;6.86;08/08/2026;20:00;23.4;0;SOLEIL;2;0;0
Belfort;47.63;6.86;08/08/2026;21:00;23.4;0;SOLEIL;2;0;0
Belfort;47.63;6.86;08/08/2026;22:00;23.4;0;SOLEIL;2;0;0
Belfort;47.63;6.86;08/08/2026;23:00;19.1;0;SOLEIL;1;0;0
Belfort;47.63;6.86;09/08/2026;00:00;19.1;0;SOLEIL;1;0;0
Belfort;47.63;6.86;09/08/2026;01:00;19.1;0;SOLEIL;1;0;0
Belfort;47.63;6.86;09/08/2026;02:00;18;0;SOLEIL;2;0;0
Belfort;47.63;6.86;09/08/2026;03:00;18;0;SOLEIL;2;0;0
Belfort;47.63;6.86;09/08/2026;04:00;18;0;SOLEIL;2;0;0
Belfort;47.63;6.86;09/08/2026;05:00;20.7;5;SOLEIL VOILÉ;2;0;0
Belfort;47.63;6.86;09/08/2026;06:00;20.7;5;SOLEIL VOILÉ;2;0;0
Belfort;47.63;6.86;09/08/2026;07:00;20.7;5;SOLEIL VOILÉ;2;0;0
Belfort;47.63;6.86;09/08/2026;08:00;26.7;5;SOLEIL VOILÉ;1;0;0
Belfort;47.63;6.86;09/08/2026;09:00;26.7;5;SOLEIL VOILÉ;1;0;0
Belfort;47.63;6.86;09/08/2026;10:00;26.7;5;SOLEIL VOILÉ;1;0;0
Belfort;47.63;6.86;09/08/2026;11:00;31.1;0;SOLEIL;3;0;0
Belfort;47.63;6.86;09/08/2026;12:00;31.1;0;SOLEIL;3;0;0
Belfort;47.63;6.86;09/08/2026;13:00;31.1;0;SOLEIL;3;0;0
Belfort;47.63;6.86;09/08/2026;14:00;31.1;0;SOLEIL;3;0;0
Belfort;47.63;6.86;09/08/2026;15:00;31.1;0;SOLEIL;3;0;0
Belfort;47.63;6.86;09/08/2026;16:00;31.1;0;SOLEIL;3;0;0
Belfort;47.63;6.86;09/08/2026;17:00;28;5;SOLEIL VOILÉ;3;0;0
Belfort;47.63;6.86;09/08/2026;18:00;28;5;SOLEIL VOILÉ;3;0;0
Belfort;47.63;6.86;09/08/2026;19:00;28;5;SOLEIL VOILÉ;3;0;0
Belfort;47.63;6.86;09/08/2026;20:00;22.9;0;SOLEIL;5;0;0
Belfort;47.63;6.86;09/08/2026;21:00;21.0;0;SOLEIL;5;0;0
Belfort;47.63;6.86;09/08/2026;22:00;19.1;0;SOLEIL;5;0;0
Belfort;47.63;6.86;09/08/2026;23:00;20.6;0;SOLEIL;2;0;0
Belfort;47.63;6.86;10/08/2026;00:00;20.6;0;SOLEIL;2;0;0
Belfort;47.63;6.86;10/08/2026;01:00;20.6;0;SOLEIL;2;0;0
Belfort;47.63;6.86;10/08/2026;02:00;17.4;2;NUAGEUX;5;0;0
Belfort;47.63;6.86;10/08/2026;03:00;17.4;2;NUAGEUX;5;0;0
Belfort;47.63;6.86;10/08/2026;04:00;17.4;2;NUAGEUX;5;0;0
Belfort;47.63;6.86;10/08/2026;05:00;20.1;0;SOLEIL;2;0;0
Belfort;47.63;6.86;10/08/2026;06:00;20.1;0;SOLEIL;2;0;0
Belfort;47.63;6.86;10/08/2026;07:00;20.1;0;SOLEIL;2;0;0
Belfort;47.63;6.86;10/08/2026;08:00;20.7;2;NUAGEUX;5;0;0
Belfort;47.63;6.86;10/08/2026;09:00;22.3;2;NUAGEUX;5;0;0
Belfort;47.63;6.86;10/08/2026;10:00;23.9;2;NUAGEUX;5;0;0
Belfort;47.63;6.86;10/08/2026;11:00;30.6;6;AVERSES;3;0;0
Belfort;47.63;6.86;10/08/2026;12:00;30.6;6;AVERSES;3;0;0
Belfort;47.63;6.86;10/08/2026;13:00;30.6;6;AVERSES;3;0;0
Belfort;47.63;6.86;10/08/2026;14:00;30.5;2;NUAGEUX;5;0;0
Belfort;47.63;6.86;10/08/2026;15:00;32.1;2;NUAGEUX;5;0;0
Belfort;47.63;6.86;10/08/2026;16:00;30.5;2;NUAGEUX;5;0;0
Belfort;47.63;6.86;10/08/2026;17:00;28.4;6;AVERSES;2;0;0
Belfort;47.63;6.86;10/08/2026;18:00;28.4;6;AVERSES;2;0;0
Belfort;47.63;6.86;10/08/2026;19:00;28.4;6;AVERSES;2;0;0
Belfort;47.63;6.86;10/08/2026;20:00;23.9;2;NUAGEUX;5;0;0
Belfort;47.63;6.86;10/08/2026;21:00;22.3;2;NUAGEUX;5;0;0
Belfort;47.63;6.86;10/08/2026;22:00;20.7;2;NUAGEUX;5;0;0
Belfort;47.63;6.86;10/08/2026;23:00;18.9;0;SOLEIL;2;0;0
Belfort;47.63;6.86;11/08/2026;00:00;18.9;0;SOLEIL;2;0;0
Belfort;47.63;6.86;11/08/2026;01:00;18.9;0;SOLEIL;2;0;0
Belfort;47.63;6.86;11/08/2026;02:00;17.6;0;SOLEIL;5;0;0
Belfort;47.63;6.86;11/08/2026;03:00;17.6;0;SOLEIL;5;0;0
Belfort;47.63;6.86;11/08/2026;04:00;17.6;0;SOLEIL;5;0;0
Belfort;47.63;6.86;11/08/2026;05:00;19.6;0;SOLEIL;2;0;0
Belfort;47.63;6.86;11/08/2026;06:00;19.6;0;SOLEIL;2;0;0
Belfort;47.63;6.86;11/08/2026;07:00;19.6;0;SOLEIL;2;0;0
Belfort;47.63;6.86;11/08/2026;08:00;20.8;0;SOLEIL;5;0;0
Belfort;47.63;6.86;11/08/2026;09:00;22.4;0;SOLEIL;5;0;0
Belfort;47.63;6.86;11/08/2026;10:00;24.0;0;SOLEIL;5;0;0
Belfort;47.63;6.86;11/08/2026;11:00;29.2;0;SOLEIL;2;0;0
Belfort;47.63;6.86;11/08/2026;12:00;29.2;0;SOLEIL;2;0;0
Belfort;47.63;6.86;11/08/2026;13:00;29.2;0;SOLEIL;2;0;0
Belfort;47.63;6.86;11/08/2026;14:00;30.5;0;SOLEIL;5;0;0
Belfort;47.63;6.86;11/08/2026;15:00;32.1;0;SOLEIL;5;0;0
Belfort;47.63;6.86;11/08/2026;16:00;30.5;0;SOLEIL;5;0;0
Belfort;47.63;6.86;11/08/2026;17:00;27.9;0;SOLEIL;2;0;0
Belfort;47.63;6.86;11/08/2026;18:00;27.9;0;SOLEIL;2;0;0
Belfort;47.63;6.86;11/08/2026;19:00;27.9;0;SOLEIL;2;0;0
Belfort;47.63;6.86;11/08/2026;20:00;24.0;0;SOLEIL;5;0;0
Belfort;47.63;6.86;11/08/2026;21:00;22.4;0;SOLEIL;5;0;0
Belfort;47.63;6.86;11/08/2026;22:00;20.8;0;SOLEIL;5;0;0
Belfort;47.63;6.86;11/08/2026;23:00;19.1;0;SOLEIL;3;0;0
Belfort;47.63;6.86;12/08/2026;00:00;19.1;0;SOLEIL;3;0;0
Belfort;47.63;6.86;12/08/2026;01:00;19.1;0;SOLEIL;3;0;0
Belfort;47.63;6.86;12/08/2026;02:00;17;0;SOLEIL;5;0;0
Belfort;47.63;6.86;12/08/2026;03:00;17;0;SOLEIL;5;0;0
Belfort;47.63;6.86;12/08/2026;04:00;17;0;SOLEIL;5;0;0
Belfort;47.63;6.86;12/08/2026;05:00;19.5;0;SOLEIL;3;0;0
Belfort;47.63;6.86;12/08/2026;06:00;19.5;0;SOLEIL;3;0;0
Belfort;47.63;6.86;12/08/2026;07:00;19.5;0;SOLEIL;3;0;0
Belfort;47.63;6.86;12/08/2026;08:00;20.0;0;SOLEIL;5;0;0
Belfort;47.63;6.86;12/08/2026;09:00;21.5;0;SOLEIL;5;0;0
Belfort;47.63;6.86;12/08/2026;10:00;23.0;0;SOLEIL;5;0;0
Belfort;47.63;6.86;12/08/2026;11:00;29.9;0;SOLEIL;3;0;0
Belfort;47.63;6.86;12/08/2026;12:00;29.9;0;SOLEIL;3;0;0
Belfort;47.63;6.86;12/08/2026;13:00;29.9;0;SOLEIL;3;0;0
Belfort;47.63;6.86;12/08/2026;14:00;29.1;0;SOLEIL;5;0;0
Belfort;47.63;6.86;12/08/2026;15:00;30.6;0;SOLEIL;5;0;0
Belfort;47.63;6.86;12/08/2026;16:00;29.1;0;SOLEIL;5;0;0
Belfort;47.63;6.86;12/08/2026;17:00;29.6;0;SOLEIL;2;0;0
Belfort;47.63;6.86;12/08/2026;18:00;29.6;0;SOLEIL;2;0;0
Belfort;47.63;6.86;12/08/2026;19:00;29.6;0;SOLEIL;2;0;0
Belfort;47.63;6.86;12/08/2026;20:00;23.0;0;SOLEIL;5;0;0
Belfort;47.63;6.86;12/08/2026;21:00;21.5;0;SOLEIL;5;0;0
Belfort;47.63;6.86;12/08/2026;22:00;20.0;0;SOLEIL;5;0;0
Belfort;47.63;6.86;12/08/2026;23:00;21.1;0;SOLEIL;2;0;0
