Ville;Latitude;Longitude;Date;Heure;temperature_2m;weathercode;Temps_Label;windspeed_10m;wind_gusts_10m;precipitation
Foix;42.96;1.6;08/08/2026;00:00;25.1;0;SOLEIL;2;0;0
Foix;42.96;1.6;08/08/2026;01:00;25.1;0;SOLEIL;2;0;0
Foix;42.96;1.6;08/08/2026;02:00;21.4;0;SOLEIL;1;0;0
Foix;42.96;1.6;08/08/2026;03:00;21.4;0;SOLEIL;1;0;0
Foix;42.96;1.6;08/08/2026;04:00;21.4;0;SOLEIL;1;0;0
Foix;42.96;1.6;08/08/2026;05:00;22.6;0;SOLEIL;2;0;0
Foix;42.96;1.6;08/08/2026;06:00;22.6;0;SOLEIL;2;0;0
Foix;42.96;1.6;08/08/2026;07:00;22.6;0;SOLEIL;2;0;0
Foix;42.96;1.6;08/08/2026;08:00;29.6;0;SOLEIL;3;0;0
Foix;42.96;1.6;08/08/2026;09:00;29.6;0;SOLEIL;3;0;0
Foix;42.96;1.6;08/08/2026;10:00;29.6;0;SOLEIL;3;0;0
Foix;42.96;1.6;08/08/2026;11:00;35.1;0;SOLEIL;2;0;0
Foix;42.96;1.6;08/08/2026;12:00;35.1;0;SOLEIL;2;0;0
Foix;42.96;1.6;08/08/2026;13:00;35.1;0;SOLEIL;2;0;0
Foix;42.96;1.6;08/08/2026;14:00;37.1;5;SOLEIL VOILÉ;2;0;0
Foix;42.96;1.6;08/08/2026;15:00;37.1;5;SOLEIL VOILÉ;2;0;0
Foix;42.96;1.6;08/08/2026;16:00;37.1;5;SOLEIL VOILÉ;2;0;0
Foix;42.96;1.6;08/08/2026;17:00;34.9;10;ORAGEUX;3;0;0
Foix;42.96;1.6;08/08/2026;18:00;34.9;10;ORAGEUX;3;0;0
Foix;42.96;1.6;08/08/2026;19:00;34.9;10;ORAGEUX;3;0;0
Foix;42.96;1.6;08/08/2026;20:00;31.2;0;SOLEIL;3;0;0
Foix;42.96;1.6;08/08/2026;21:00;31.2;0;SOLEIL;3;0;0
Foix;42.96;1.6;08/08/2026;22:00;31.2;0;SOLEIL;3;0;0
Foix;42.96;1.6;08/08/2026;23:00;27.1;0;SOLEIL;2;0;0
Foix;42.96;1.6;09/08/2026;00:00;27.1;0;SOLEIL;2;0;0
Foix;42.96;1.6;09/08/2026;01:00;27.1;0;SOLEIL;2;0;0
Foix;42.96;1.6;09/08/2026;02:00;24.1;0;SOLEIL;3;0;0
Foix;42.96;1.6;09/08/2026;03:00;24.1;0;SOLEIL;3;0;0
Foix;42.96;1.6;09/08/2026;04:00;24.1;0;SOLEIL;3;0;0
Foix;42.96;1.6;09/08/2026;05:00;23.6;0;SOLEIL;3;0;0
Foix;42.96;1.6;09/08/2026;06:00;23.6;0;SOLEIL;3;0;0
Foix;42.96;1.6;09/08/2026;07:00;23.6;0;SOLEIL;3;0;0
Foix;42.96;1.6;09/08/2026;08:00;28.9;0;SOLEIL;4;0;0
Foix;42.96;1.6;09/08/2026;09:00;28.9;0;SOLEIL;4;0;0
Foix;42.96;1.6;09/08/2026;10:00;28.9;0;SOLEIL;4;0;0
Foix;42.96;1.6;09/08/2026;11:00;32.4;0;SOLEIL;2;0;0
Foix;42.96;1.6;09/08/2026;12:00;32.4;0;SOLEIL;2;0;0
Foix;42.96;1.6;09/08/2026;13:00;32.4;0;SOLEIL;2;0;0
Foix;42.96;1.6;09/08/2026;14:00;34;10;ORAGEUX;3;0;0
Foix;42.96;1.6;09/08/2026;15:00;34;10;ORAGEUX;3;0;0
Foix;42.96;1.6;09/08/2026;16:00;34;10;ORAGEUX;3;0;0
Foix;42.96;1.6;09/08/2026;17:00;29.7;10;ORAGEUX;3;0;0
Foix;42.96;1.6;09/08/2026;18:00;29.7;10;ORAGEUX;3;0;0
Foix;42.96;1.6;09/08/2026;19:00;29.7;10;ORAGEUX;3;0;0
Foix;42.96;1.6;09/08/2026;20:00;28.6;10;ORAGEUX;5;0;0
Foix;42.96;1.6;09/08/2026;21:00;26.7;10;ORAGEUX;5;0;0
Foix;42.96;1.6;09/08/2026;22:00;24.8;10;ORAGEUX;5;0;0
Foix;42.96;1.6;09/08/2026;23:00;24.6;0;SOLEIL;3;0;0
Foix;42.96;1.6;10/08/2026;00:00;24.6;0;SOLEIL;3;0;0
Foix;42.96;1.6;10/08/2026;01:00;24.6;0;SOLEIL;3;0;0
Foix;42.96;1.6;10/08/2026;02:00;22.6;10;ORAGEUX;5;0;0
Foix;42.96;1.6;10/08/2026;03:00;22.6;10;ORAGEUX;5;0;0
Foix;42.96;1.6;10/08/2026;04:00;22.6;10;ORAGEUX;5;0;0
Foix;42.96;1.6;10/08/2026;05:00;22.9;0;SOLEIL;2;0;0
Foix;42.96;1.6;10/08/2026;06:00;22.9;0;SOLEIL;2;0;0
Foix;42.96;1.6;10/08/2026;07:00;22.9;0;SOLEIL;2;0;0
Foix;42.96;1.6;10/08/2026;08:00;25.6;10;ORAGEUX;5;0;0
Foix;42.96;1.6;10/08/2026;09:00;27.1;10;ORAGEUX;5;0;0
Foix;42.96;1.6;10/08/2026;10:00;28.6;10;ORAGEUX;5;0;0
Foix;42.96;1.6;10/08/2026;11:00;31.7;0;SOLEIL;2;0;0
Foix;42.96;1.6;10/08/2026;12:00;31.7;0;SOLEIL;2;0;0
Foix;42.96;1.6;10/08/2026;13:00;31.7;0;SOLEIL;2;0;0
Foix;42.96;1.6;10/08/2026;14:00;34.5;10;ORAGEUX;5;0;0
Foix;42.96;1.6;10/08/2026;15:00;36.0;10;ORAGEUX;5;0;0
Foix;42.96;1.6;10/08/2026;16:00;34.5;10;ORAGEUX;5;0;0
Foix;42.96;1.6;10/08/2026;17:00;33;0;SOLEIL;2;0;0
Foix;42.96;1.6;10/08/2026;18:00;33;0;SOLEIL;2;0;0
Foix;42.96;1.6;10/08/2026;19:00;33;0;SOLEIL;2;0;0
Foix;42.96;1.6;10/08/2026;20:00;28.6;10;ORAGEUX;5;0;0
Foix;42.96;1.6;10/08/2026;21:00;27.1;10;ORAGEUX;5;0;0
Foix;42.96;1.6;10/08/2026;22:00;25.6;10;ORAGEUX;5;0;0
Foix;42.96;1.6;10/08/2026;23:00;26.1;0;SOLEIL;2;0;0
Foix;42.96;1.6;11/08/2026;00:00;26.1;0;SOLEIL;2;0;0
Foix;42.96;1.6;11/08/2026;01:00;26.1;0;SOLEIL;2;0;0
Foix;42.96;1.6;11/08/2026;02:00;22.5;0;SOLEIL;5;0;0
Foix;42.96;1.6;11/08/2026;03:00;22.5;0;SOLEIL;5;0;0
Foix;42.96;1.6;11/08/2026;04:00;22.5;0;SOLEIL;5;0;0
Foix;42.96;1.6;11/08/2026;05:00;23.4;0;SOLEIL;3;0;0
Foix;42.96;1.6;11/08/2026;06:00;23.4;0;SOLEIL;3;0;0
Foix;42.96;1.6;11/08/2026;07:00;23.4;0;SOLEIL;3;0;0
Foix;42.96;1.6;11/08/2026;08:00;25.2;0;SOLEIL;5;0;0
Foix;42.96;1.6;11/08/2026;09:00;26.5;0;SOLEIL;5;0;0
Foix;42.96;1.6;11/08/2026;10:00;27.8;0;SOLEIL;5;0;0
Foix;42.96;1.6;11/08/2026;11:00;35;0;SOLEIL;4;0;0
Foix;42.96;1.6;11/08/2026;12:00;35;0;SOLEIL;4;0;0
Foix;42.96;1.6;11/08/2026;13:00;35;0;SOLEIL;4;0;0
Foix;42.96;1.6;11/08/2026;14:00;33.2;0;SOLEIL;5;0;0
Foix;42.96;1.6;11/08/2026;15:00;34.5;0;SOLEIL;5;0;0
Foix;42.96;1.6;11/08/2026;16:00;33.2;0;SOLEIL;5;0;0
Foix;42.96;1.6;11/08/2026;17:00;34.9;0;SOLEIL;4;0;0
Foix;42.96;1.6;11/08/2026;18:00;34.9;0;SOLEIL;4;0;0
Foix;42.96;1.6;11/08/2026;19:00;34.9;0;SOLEIL;4;0;0
Foix;42.96;1.6;11/08/2026;20:00;27.8;0;SOLEIL;5;0;0
Foix;42.96;1.6;11/08/2026;21:00;26.5;0;SOLEIL;5;0;0
Foix;42.96;1.6;11/08/2026;22:00;25.2;0;SOLEIL;5;0;0
Foix;42.96;1.6;11/08/2026;23:00;27.1;0;SOLEIL;4;0;0
Foix;42.96;1.6;12/08/2026;00:00;27.1;0;SOLEIL;4;0;0
Foix;42.96;1.6;12/08/2026;01:00;27.1;0;SOLEIL;4;0;0
Foix;42.96;1.6;12/08/2026;02:00;22.5;0;SOLEIL;5;0;0
Foix;42.96;1.6;12/08/2026;03:00;22.5;0;SOLEIL;5;0;0
Foix;42.96;1.6;12/08/2026;04:00;22.5;0;SOLEIL;5;0;0
Foix;42.96;1.6;12/08/2026;05:00;24.1;0;SOLEIL;3;0;0
Foix;42.96;1.6;12/08/2026;06:00;24.1;0;SOLEIL;3;0;0
Foix;42.96;1.6;12/08/2026;07:00;24.1;0;SOLEIL;3;0;0
Foix;42.96;1.6;12/08/2026;08:00;25.9;0;SOLEIL;5;0;0
Foix;42.96;1.6;12/08/2026;09:00;27.6;0;SOLEIL;5;0;0
Foix;42.96;1.6;12/08/2026;10:00;29.3;0;SOLEIL;5;0;0
Foix;42.96;1.6;12/08/2026;11:00;35.9;0;SOLEIL;3;0;0
Foix;42.96;1.6;12/08/2026;12:00;35.9;0;SOLEIL;3;0;0
Foix;42.96;1.6;12/08/2026;13:00;35.9;0;SOLEIL;3;0;0
Foix;42.96;1.6;12/08/2026;14:00;36.2;0;SOLEIL;5;0;0
Foix;42.96;1.6;12/08/2026;15:00;37.9;0;SOLEIL;5;0;0
Foix;42.96;1.6;12/08/2026;16:00;36.2;0;SOLEIL;5;0;0
Foix;42.96;1.6;12/08/2026;17:00;36.1;0;SOLEIL;3;0;0
Foix;42.96;1.6;12/08/2026;18:00;36.1;0;SOLEIL;3;0;0
Foix;42.96;1.6;12/08/2026;19:00;36.1;0;SOLEIL;3;0;0
Foix;42.96;1.6;12/08/2026;20:00;29.3;0;SOLEIL;5;0;0
Foix;42.96;1.6;12/08/2026;21:00;27.6;0;SOLEIL;5;0;0
Foix;42.96;1.6;12/08/2026;22:00;25.9;0;SOLEIL;5;0;0
Foix;42.96;1.6;12/08/2026;23:00;27.9;0;SOLEIL;2;0;0
Carcassonne;43.21;2.35;08/08/2026;00:00;19.9;0;SOLEIL;0;0;0
Carcassonne;43.21;2.35;08/08/2026;01:00;19.9;0;SOLEIL;0;0;0
Carcassonne;43.21;2.35;08/08/2026;02:00;18.6;0;SOLEIL;1;0;0
Carcassonne;43.21;2.35;08/08/2026;03:00;18.6;0;SOLEIL;1;0;0
Carcassonne;43.21;2.35;08/08/2026;04:00;18.6;0;SOLEIL;1;0;0
Carcassonne;43.21;2.35;08/08/2026;05:00;20.2;0;SOLEIL;2;0;0
Carcassonne;43.21;2.35;08/08/2026;06:00;20.2;0;SOLEIL;2;0;0
Carcassonne;43.21;2.35;08/08/2026;07:00;20.2;0;SOLEIL;2;0;0
Carcassonne;43.21;2.35;08/08/2026;08:00;29.2;0;SOLEIL;2;0;0
Carcassonne;43.21;2.35;08/08/2026;09:00;29.2;0;SOLEIL;2;0;0
Carcassonne;43.21;2.35;08/08/2026;10:00;29.2;0;SOLEIL;2;0;0
Carcassonne;43.21;2.35;08/08/2026;11:00;34.2;5;SOLEIL VOILÉ;3;0;0
Carcassonne;43.21;2.35;08/08/2026;12:00;34.2;5;SOLEIL VOILÉ;3;0;0
Carcassonne;43.21;2.35;08/08/2026;13:00;34.2;5;SOLEIL VOILÉ;3;0;0
Carcassonne;43.21;2.35;08/08/2026;14:00;33.9;10;ORAGEUX;3;0;0
Carcassonne;43.21;2.35;08/08/2026;15:00;33.9;10;ORAGEUX;3;0;0
Carcassonne;43.21;2.35;08/08/2026;16:00;33.9;10;ORAGEUX;3;0;0
Carcassonne;43.21;2.35;08/08/2026;17:00;29.7;10;ORAGEUX;3;13;0
Carcassonne;43.21;2.35;08/08/2026;18:00;29.7;10;ORAGEUX;3;13;0
Carcassonne;43.21;2.35;08/08/2026;19:00;29.7;10;ORAGEUX;3;13;0
Carcassonne;43.21;2.35;08/08/2026;20:00;24.1;0;SOLEIL;2;0;0
Carcassonne;43.21;2.35;08/08/2026;21:00;24.1;0;SOLEIL;2;0;0
Carcassonne;43.21;2.35;08/08/2026;22:00;24.1;0;SOLEIL;2;0;0
Carcassonne;43.21;2.35;08/08/2026;23:00;23.1;0;SOLEIL;3;0;0
Carcassonne;43.21;2.35;09/08/2026;00:00;23.1;0;SOLEIL;3;0;0
Carcassonne;43.21;2.35;09/08/2026;01:00;23.1;0;SOLEIL;3;0;0
Carcassonne;43.21;2.35;09/08/2026;02:00;19.6;0;SOLEIL;2;0;0
Carcassonne;43.21;2.35;09/08/2026;03:00;19.6;0;SOLEIL;2;0;0
Carcassonne;43.21;2.35;09/08/2026;04:00;19.6;0;SOLEIL;2;0;0
Carcassonne;43.21;2.35;09/08/2026;05:00;20.2;0;SOLEIL;1;0;0
Carcassonne;43.21;2.35;09/08/2026;06:00;20.2;0;SOLEIL;1;0;0
Carcassonne;43.21;2.35;09/08/2026;07:00;20.2;0;SOLEIL;1;0;0
Carcassonne;43.21;2.35;09/08/2026;08:00;26.9;0;SOLEIL;2;0;0
Carcassonne;43.21;2.35;09/08/2026;09:00;26.9;0;SOLEIL;2;0;0
Carcassonne;43.21;2.35;09/08/2026;10:00;26.9;0;SOLEIL;2;0;0
Carcassonne;43.21;2.35;09/08/2026;11:00;31.5;10;ORAGEUX;2;0;0
Carcassonne;43.21;2.35;09/08/2026;12:00;31.5;10;ORAGEUX;2;0;0
Carcassonne;43.21;2.35;09/08/2026;13:00;31.5;10;ORAGEUX;2;0;0
Carcassonne;43.21;2.35;09/08/2026;14:00;31.1;10;ORAGEUX;2;0;0
Carcassonne;43.21;2.35;09/08/2026;15:00;31.1;10;ORAGEUX;2;0;0
Carcassonne;43.21;2.35;09/08/2026;16:00;31.1;10;ORAGEUX;2;0;0
Carcassonne;43.21;2.35;09/08/2026;17:00;27.9;10;ORAGEUX;2;0;0
Carcassonne;43.21;2.35;09/08/2026;18:00;27.9;10;ORAGEUX;2;0;0
Carcassonne;43.21;2.35;09/08/2026;19:00;27.9;10;ORAGEUX;2;0;0
Carcassonne;43.21;2.35;09/08/2026;20:00;25.3;10;ORAGEUX;5;0;0
Carcassonne;43.21;2.35;09/08/2026;21:00;23.5;10;ORAGEUX;5;0;0
Carcassonne;43.21;2.35;09/08/2026;22:00;21.7;10;ORAGEUX;5;0;0
Carcassonne;43.21;2.35;09/08/2026;23:00;20.9;0;SOLEIL;2;0;0
Carcassonne;43.21;2.35;10/08/2026;00:00;20.9;0;SOLEIL;2;0;0
Carcassonne;43.21;2.35;10/08/2026;01:00;20.9;0;SOLEIL;2;0;0
Carcassonne;43.21;2.35;10/08/2026;02:00;18.2;10;ORAGEUX;5;0;0
Carcassonne;43.21;2.35;10/08/2026;03:00;18.2;10;ORAGEUX;5;0;0
Carcassonne;43.21;2.35;10/08/2026;04:00;18.2;10;ORAGEUX;5;0;0
Carcassonne;43.21;2.35;10/08/2026;05:00;20.2;0;SOLEIL;2;0;0
Carcassonne;43.21;2.35;10/08/2026;06:00;20.2;0;SOLEIL;2;0;0
Carcassonne;43.21;2.35;10/08/2026;07:00;20.2;0;SOLEIL;2;0;0
Carcassonne;43.21;2.35;10/08/2026;08:00;21.5;10;ORAGEUX;5;0;0
Carcassonne;43.21;2.35;10/08/2026;09:00;23.2;10;ORAGEUX;5;0;0
Carcassonne;43.21;2.35;10/08/2026;10:00;24.9;10;ORAGEUX;5;0;0
Carcassonne;43.21;2.35;10/08/2026;11:00;30.6;0;SOLEIL;2;0;0
Carcassonne;43.21;2.35;10/08/2026;12:00;30.6;0;SOLEIL;2;0;0
Carcassonne;43.21;2.35;10/08/2026;13:00;30.6;0;SOLEIL;2;0;0
Carcassonne;43.21;2.35;10/08/2026;14:00;31.5;10;ORAGEUX;5;0;0
Carcassonne;43.21;2.35;10/08/2026;15:00;33.2;10;ORAGEUX;5;0;0
Carcassonne;43.21;2.35;10/08/2026;16:00;31.5;10;ORAGEUX;5;0;0
Carcassonne;43.21;2.35;10/08/2026;17:00;27.6;6;AVERSES;2;0;0
Carcassonne;43.21;2.35;10/08/2026;18:00;27.6;6;AVERSES;2;0;0
Carcassonne;43.21;2.35;10/08/2026;19:00;27.6;6;AVERSES;2;0;0
Carcassonne;43.21;2.35;10/08/2026;20:00;24.9;10;ORAGEUX;5;0;0
Carcassonne;43.21;2.35;10/08/2026;21:00;23.2;10;ORAGEUX;5;0;0
Carcassonne;43.21;2.35;10/08/2026;22:00;21.5;10;ORAGEUX;5;0;0
Carcassonne;43.21;2.35;10/08/2026;23:00;21;0;SOLEIL;1;0;0
Carcassonne;43.21;2.35;11/08/2026;00:00;21;0;SOLEIL;1;0;0
Carcassonne;43.21;2.35;11/08/2026;01:00;21;0;SOLEIL;1;0;0
Carcassonne;43.21;2.35;11/08/2026;02:00;19.1;0;SOLEIL;5;0;0
Carcassonne;43.21;2.35;11/08/2026;03:00;19.1;0;SOLEIL;5;0;0
Carcassonne;43.21;2.35;11/08/2026;04:00;19.1;0;SOLEIL;5;0;0
Carcassonne;43.21;2.35;11/08/2026;05:00;20.6;0;SOLEIL;1;0;0
Carcassonne;43.21;2.35;11/08/2026;06:00;20.6;0;SOLEIL;1;0;0
Carcassonne;43.21;2.35;11/08/2026;07:00;20.6;0;SOLEIL;1;0;0
Carcassonne;43.21;2.35;11/08/2026;08:00;22.1;0;SOLEIL;5;0;0
Carcassonne;43.21;2.35;11/08/2026;09:00;23.5;0;SOLEIL;5;0;0
Carcassonne;43.21;2.35;11/08/2026;10:00;25.0;0;SOLEIL;5;0;0
Carcassonne;43.21;2.35;11/08/2026;11:00;33.1;0;SOLEIL;3;0;0
Carcassonne;43.21;2.35;11/08/2026;12:00;33.1;0;SOLEIL;3;0;0
Carcassonne;43.21;2.35;11/08/2026;13:00;33.1;0;SOLEIL;3;0;0
Carcassonne;43.21;2.35;11/08/2026;14:00;30.9;0;SOLEIL;5;0;0
Carcassonne;43.21;2.35;11/08/2026;15:00;32.4;0;SOLEIL;5;0;0
Carcassonne;43.21;2.35;11/08/2026;16:00;30.9;0;SOLEIL;5;0;0
Carcassonne;43.21;2.35;11/08/2026;17:00;29.9;6;AVERSES;2;0;0
Carcassonne;43.21;2.35;11/08/2026;18:00;29.9;6;AVERSES;2;0;0
Carcassonne;43.21;2.35;11/08/2026;19:00;29.9;6;AVERSES;2;0;0
Carcassonne;43.21;2.35;11/08/2026;20:00;25.0;0;SOLEIL;5;0;0
Carcassonne;43.21;2.35;11/08/2026;21:00;23.5;0;SOLEIL;5;0;0
Carcassonne;43.21;2.35;11/08/2026;22:00;22.1;0;SOLEIL;5;0;0
Carcassonne;43.21;2.35;11/08/2026;23:00;22.1;0;SOLEIL;1;0;0
Carcassonne;43.21;2.35;12/08/2026;00:00;22.1;0;SOLEIL;1;0;0
Carcassonne;43.21;2.35;12/08/2026;01:00;22.1;0;SOLEIL;1;0;0
Carcassonne;43.21;2.35;12/08/2026;02:00;18.6;0;SOLEIL;5;0;0
Carcassonne;43.21;2.35;12/08/2026;03:00;18.6;0;SOLEIL;5;0;0
Carcassonne;43.21;2.35;12/08/2026;04:00;18.6;0;SOLEIL;5;0;0
Carcassonne;43.21;2.35;12/08/2026;05:00;21.1;0;SOLEIL;1;0;0
Carcassonne;43.21;2.35;12/08/2026;06:00;21.1;0;SOLEIL;1;0;0
Carcassonne;43.21;2.35;12/08/2026;07:00;21.1;0;SOLEIL;1;0;0
Carcassonne;43.21;2.35;12/08/2026;08:00;22.3;0;SOLEIL;5;0;0
Carcassonne;43.21;2.35;12/08/2026;09:00;24.1;0;SOLEIL;5;0;0
Carcassonne;43.21;2.35;12/08/2026;10:00;26.0;0;SOLEIL;5;0;0
Carcassonne;43.21;2.35;12/08/2026;11:00;34.4;0;SOLEIL;3;0;0
Carcassonne;43.21;2.35;12/08/2026;12:00;34.4;0;SOLEIL;3;0;0
Carcassonne;43.21;2.35;12/08/2026;13:00;34.4;0;SOLEIL;3;0;0
Carcassonne;43.21;2.35;12/08/2026;14:00;33.4;0;SOLEIL;5;0;0
Carcassonne;43.21;2.35;12/08/2026;15:00;35.2;0;SOLEIL;5;0;0
Carcassonne;43.21;2.35;12/08/2026;16:00;33.4;0;SOLEIL;5;0;0
Carcassonne;43.21;2.35;12/08/2026;17:00;31.6;6;AVERSES;2;0;0
Carcassonne;43.21;2.35;12/08/2026;18:00;31.6;6;AVERSES;2;0;0
Carcassonne;43.21;2.35;12/08/2026;19:00;31.6;6;AVERSES;2;0;0
Carcassonne;43.21;2.35;12/08/2026;20:00;26.0;0;SOLEIL;5;0;0
Carcassonne;43.21;2.35;12/08/2026;21:00;24.1;0;SOLEIL;5;0;0
Carcassonne;43.21;2.35;12/08/2026;22:00;22.3;0;SOLEIL;5;0;0
Carcassonne;43.21;2.35;12/08/2026;23:00;24.2;0;SOLEIL;2;0;0
Laguiole;44.68;2.85;08/08/2026;00:00;22.9;0;SOLEIL;2;0;0
Laguiole;44.68;2.85;08/08/2026;01:00;22.9;0;SOLEIL;2;0;0
Laguiole;44.68;2.85;08/08/2026;02:00;20.5;0;SOLEIL;1;0;0
Laguiole;44.68;2.85;08/08/2026;03:00;20.5;0;SOLEIL;1;0;0
Laguiole;44.68;2.85;08/08/2026;04:00;20.5;0;SOLEIL;1;0;0
Laguiole;44.68;2.85;08/08/2026;05:00;22.1;0;SOLEIL;2;0;0
Laguiole;44.68;2.85;08/08/2026;06:00;22.1;0;SOLEIL;2;0;0
Laguiole;44.68;2.85;08/08/2026;07:00;22.1;0;SOLEIL;2;0;0
Laguiole;44.68;2.85;08/08/2026;08:00;31.4;0;SOLEIL;4;0;0
Laguiole;44.68;2.85;08/08/2026;09:00;31.4;0;SOLEIL;4;0;0
Laguiole;44.68;2.85;08/08/2026;10:00;31.4;0;SOLEIL;4;0;0
Laguiole;44.68;2.85;08/08/2026;11:00;36;0;SOLEIL;5;11;0
Laguiole;44.68;2.85;08/08/2026;12:00;36;0;SOLEIL;5;11;0
Laguiole;44.68;2.85;08/08/2026;13:00;36;0;SOLEIL;5;11;0
Laguiole;44.68;2.85;08/08/2026;14:00;36;5;SOLEIL VOILÉ;6;12;0
Laguiole;44.68;2.85;08/08/2026;15:00;36;5;SOLEIL VOILÉ;6;12;0
Laguiole;44.68;2.85;08/08/2026;16:00;36;5;SOLEIL VOILÉ;6;12;0
Laguiole;44.68;2.85;08/08/2026;17:00;32.2;5;SOLEIL VOILÉ;5;12;0
Laguiole;44.68;2.85;08/08/2026;18:00;32.2;5;SOLEIL VOILÉ;5;12;0
Laguiole;44.68;2.85;08/08/2026;19:00;32.2;5;SOLEIL VOILÉ;5;12;0
Laguiole;44.68;2.85;08/08/2026;20:00;27;0;SOLEIL;5;0;0
Laguiole;44.68;2.85;08/08/2026;21:00;27;0;SOLEIL;5;0;0
Laguiole;44.68;2.85;08/08/2026;22:00;27;0;SOLEIL;5;0;0
Laguiole;44.68;2.85;08/08/2026;23:00;25.1;0;SOLEIL;4;0;0
Laguiole;44.68;2.85;09/08/2026;00:00;25.1;0;SOLEIL;4;0;0
Laguiole;44.68;2.85;09/08/2026;01:00;25.1;0;SOLEIL;4;0;0
Laguiole;44.68;2.85;09/08/2026;02:00;23.6;0;SOLEIL;3;0;0
Laguiole;44.68;2.85;09/08/2026;03:00;23.6;0;SOLEIL;3;0;0
Laguiole;44.68;2.85;09/08/2026;04:00;23.6;0;SOLEIL;3;0;0
Laguiole;44.68;2.85;09/08/2026;05:00;24.1;0;SOLEIL;5;0;0
Laguiole;44.68;2.85;09/08/2026;06:00;24.1;0;SOLEIL;5;0;0
Laguiole;44.68;2.85;09/08/2026;07:00;24.1;0;SOLEIL;5;0;0
Laguiole;44.68;2.85;09/08/2026;08:00;27.4;0;SOLEIL;6;12;0
Laguiole;44.68;2.85;09/08/2026;09:00;27.4;0;SOLEIL;6;12;0
Laguiole;44.68;2.85;09/08/2026;10:00;27.4;0;SOLEIL;6;12;0
Laguiole;44.68;2.85;09/08/2026;11:00;32.9;0;SOLEIL;6;13;0
Laguiole;44.68;2.85;09/08/2026;12:00;32.9;0;SOLEIL;6;13;0
Laguiole;44.68;2.85;09/08/2026;13:00;32.9;0;SOLEIL;6;13;0
Laguiole;44.68;2.85;09/08/2026;14:00;32.4;10;ORAGEUX;6;13;0
Laguiole;44.68;2.85;09/08/2026;15:00;32.4;10;ORAGEUX;6;13;0
Laguiole;44.68;2.85;09/08/2026;16:00;32.4;10;ORAGEUX;6;13;0
Laguiole;44.68;2.85;09/08/2026;17:00;27.1;10;ORAGEUX;6;13;0
Laguiole;44.68;2.85;09/08/2026;18:00;27.1;10;ORAGEUX;6;13;0
Laguiole;44.68;2.85;09/08/2026;19:00;27.1;10;ORAGEUX;6;13;0
Laguiole;44.68;2.85;09/08/2026;20:00;27.5;0;SOLEIL;5;0;0
Laguiole;44.68;2.85;09/08/2026;21:00;25.5;0;SOLEIL;5;0;0
Laguiole;44.68;2.85;09/08/2026;22:00;23.4;0;SOLEIL;5;0;0
Laguiole;44.68;2.85;09/08/2026;23:00;25.5;0;SOLEIL;4;0;0
Laguiole;44.68;2.85;10/08/2026;00:00;25.5;0;SOLEIL;4;0;0
Laguiole;44.68;2.85;10/08/2026;01:00;25.5;0;SOLEIL;4;0;0
Laguiole;44.68;2.85;10/08/2026;02:00;23.1;10;ORAGEUX;5;0;0
Laguiole;44.68;2.85;10/08/2026;03:00;23.1;10;ORAGEUX;5;0;0
Laguiole;44.68;2.85;10/08/2026;04:00;23.1;10;ORAGEUX;5;0;0
Laguiole;44.68;2.85;10/08/2026;05:00;23.6;0;SOLEIL;3;0;0
Laguiole;44.68;2.85;10/08/2026;06:00;23.6;0;SOLEIL;3;0;0
Laguiole;44.68;2.85;10/08/2026;07:00;23.6;0;SOLEIL;3;0;0
Laguiole;44.68;2.85;10/08/2026;08:00;25.8;10;ORAGEUX;5;0;0
Laguiole;44.68;2.85;10/08/2026;09:00;27.2;10;ORAGEUX;5;0;0
Laguiole;44.68;2.85;10/08/2026;10:00;28.6;10;ORAGEUX;5;0;0
Laguiole;44.68;2.85;10/08/2026;11:00;32.7;0;SOLEIL;4;0;0
Laguiole;44.68;2.85;10/08/2026;12:00;32.7;0;SOLEIL;4;0;0
Laguiole;44.68;2.85;10/08/2026;13:00;32.7;0;SOLEIL;4;0;0
Laguiole;44.68;2.85;10/08/2026;14:00;34.0;10;ORAGEUX;5;0;0
Laguiole;44.68;2.85;10/08/2026;15:00;35.4;10;ORAGEUX;5;0;0
Laguiole;44.68;2.85;10/08/2026;16:00;34.0;10;ORAGEUX;5;0;0
Laguiole;44.68;2.85;10/08/2026;17:00;31.6;6;AVERSES;5;0;0
Laguiole;44.68;2.85;10/08/2026;18:00;31.6;6;AVERSES;5;0;0
Laguiole;44.68;2.85;10/08/2026;19:00;31.6;6;AVERSES;5;0;0
Laguiole;44.68;2.85;10/08/2026;20:00;28.6;10;ORAGEUX;5;0;0
Laguiole;44.68;2.85;10/08/2026;21:00;27.2;10;ORAGEUX;5;0;0
Laguiole;44.68;2.85;10/08/2026;22:00;25.8;10;ORAGEUX;5;0;0
Laguiole;44.68;2.85;10/08/2026;23:00;25.6;0;SOLEIL;3;0;0
Laguiole;44.68;2.85;11/08/2026;00:00;25.6;0;SOLEIL;3;0;0
Laguiole;44.68;2.85;11/08/2026;01:00;25.6;0;SOLEIL;3;0;0
Laguiole;44.68;2.85;11/08/2026;02:00;22.4;0;SOLEIL;5;0;0
Laguiole;44.68;2.85;11/08/2026;03:00;22.4;0;SOLEIL;5;0;0
Laguiole;44.68;2.85;11/08/2026;04:00;22.4;0;SOLEIL;5;0;0
Laguiole;44.68;2.85;11/08/2026;05:00;23.9;0;SOLEIL;4;0;0
Laguiole;44.68;2.85;11/08/2026;06:00;23.9;0;SOLEIL;4;0;0
Laguiole;44.68;2.85;11/08/2026;07:00;23.9;0;SOLEIL;4;0;0
Laguiole;44.68;2.85;11/08/2026;08:00;25.2;0;SOLEIL;5;0;0
Laguiole;44.68;2.85;11/08/2026;09:00;26.6;0;SOLEIL;5;0;0
Laguiole;44.68;2.85;11/08/2026;10:00;28.0;0;SOLEIL;5;0;0
Laguiole;44.68;2.85;11/08/2026;11:00;35.1;0;SOLEIL;6;12;0
Laguiole;44.68;2.85;11/08/2026;12:00;35.1;0;SOLEIL;6;12;0
Laguiole;44.68;2.85;11/08/2026;13:00;35.1;0;SOLEIL;6;12;0
Laguiole;44.68;2.85;11/08/2026;14:00;33.7;0;SOLEIL;5;0;0
Laguiole;44.68;2.85;11/08/2026;15:00;35.1;0;SOLEIL;5;0;0
Laguiole;44.68;2.85;11/08/2026;16:00;33.7;0;SOLEIL;5;0;0
Laguiole;44.68;2.85;11/08/2026;17:00;33.4;0;SOLEIL;6;12;0
Laguiole;44.68;2.85;11/08/2026;18:00;33.4;0;SOLEIL;6;12;0
Laguiole;44.68;2.85;11/08/2026;19:00;33.4;0;SOLEIL;6;12;0
Laguiole;44.68;2.85;11/08/2026;20:00;28.0;0;SOLEIL;5;0;0
Laguiole;44.68;2.85;11/08/2026;21:00;26.6;0;SOLEIL;5;0;0
Laguiole;44.68;2.85;11/08/2026;22:00;25.2;0;SOLEIL;5;0;0
Laguiole;44.68;2.85;11/08/2026;23:00;25.9;0;SOLEIL;4;0;0
Laguiole;44.68;2.85;12/08/2026;00:00;25.9;0;SOLEIL;4;0;0
Laguiole;44.68;2.85;12/08/2026;01:00;25.9;0;SOLEIL;4;0;0
Laguiole;44.68;2.85;12/08/2026;02:00;22.1;0;SOLEIL;5;0;0
Laguiole;44.68;2.85;12/08/2026;03:00;22.1;0;SOLEIL;5;0;0
Laguiole;44.68;2.85;12/08/2026;04:00;22.1;0;SOLEIL;5;0;0
Laguiole;44.68;2.85;12/08/2026;05:00;24.9;0;SOLEIL;4;0;0
Laguiole;44.68;2.85;12/08/2026;06:00;24.9;0;SOLEIL;4;0;0
Laguiole;44.68;2.85;12/08/2026;07:00;24.9;0;SOLEIL;4;0;0
Laguiole;44.68;2.85;12/08/2026;08:00;25.4;0;SOLEIL;5;0;0
Laguiole;44.68;2.85;12/08/2026;09:00;27.0;0;SOLEIL;5;0;0
Laguiole;44.68;2.85;12/08/2026;10:00;28.7;0;SOLEIL;5;0;0
Laguiole;44.68;2.85;12/08/2026;11:00;36;0;SOLEIL;6;12;0
Laguiole;44.68;2.85;12/08/2026;12:00;36;0;SOLEIL;6;12;0
Laguiole;44.68;2.85;12/08/2026;13:00;36;0;SOLEIL;6;12;0
Laguiole;44.68;2.85;12/08/2026;14:00;35.3;0;SOLEIL;5;0;0
Laguiole;44.68;2.85;12/08/2026;15:00;36.9;0;SOLEIL;5;0;0
Laguiole;44.68;2.85;12/08/2026;16:00;35.3;0;SOLEIL;5;0;0
Laguiole;44.68;2.85;12/08/2026;17:00;32.2;0;SOLEIL;5;13;0
Laguiole;44.68;2.85;12/08/2026;18:00;32.2;0;SOLEIL;5;13;0
Laguiole;44.68;2.85;12/08/2026;19:00;32.2;0;SOLEIL;5;13;0
Laguiole;44.68;2.85;12/08/2026;20:00;28.7;0;SOLEIL;5;0;0
Laguiole;44.68;2.85;12/08/2026;21:00;27.0;0;SOLEIL;5;0;0
Laguiole;44.68;2.85;12/08/2026;22:00;25.4;0;SOLEIL;5;0;0
Laguiole;44.68;2.85;12/08/2026;23:00;25.5;0;SOLEIL;3;0;0
Rodez;44.35;2.57;08/08/2026;00:00;17.7;0;SOLEIL;5;0;0
Rodez;44.35;2.57;08/08/2026;01:00;17.7;0;SOLEIL;5;0;0
Rodez;44.35;2.57;08/08/2026;02:00;16.2;0;SOLEIL;3;0;0
Rodez;44.35;2.57;08/08/2026;03:00;16.2;0;SOLEIL;3;0;0
Rodez;44.35;2.57;08/08/2026;04:00;16.2;0;SOLEIL;3;0;0
Rodez;44.35;2.57;08/08/2026;05:00;18.6;0;SOLEIL;2;0;0
Rodez;44.35;2.57;08/08/2026;06:00;18.6;0;SOLEIL;2;0;0
Rodez;44.35;2.57;08/08/2026;07:00;18.6;0;SOLEIL;2;0;0
Rodez;44.35;2.57;08/08/2026;08:00;26.4;0;SOLEIL;1;0;0
Rodez;44.35;2.57;08/08/2026;09:00;26.4;0;SOLEIL;1;0;0
Rodez;44.35;2.57;08/08/2026;10:00;26.4;0;SOLEIL;1;0;0
Rodez;44.35;2.57;08/08/2026;11:00;30.5;0;SOLEIL;2;0;0
Rodez;44.35;2.57;08/08/2026;12:00;30.5;0;SOLEIL;2;0;0
Rodez;44.35;2.57;08/08/2026;13:00;30.5;0;SOLEIL;2;0;0
Rodez;44.35;2.57;08/08/2026;14:00;31.9;5;SOLEIL VOILÉ;2;0;0
Rodez;44.35;2.57;08/08/2026;15:00;31.9;5;SOLEIL VOILÉ;2;0;0
Rodez;44.35;2.57;08/08/2026;16:00;31.9;5;SOLEIL VOILÉ;2;0;0
Rodez;44.35;2.57;08/08/2026;17:00;26.9;5;SOLEIL VOILÉ;3;0;0
Rodez;44.35;2.57;08/08/2026;18:00;26.9;5;SOLEIL VOILÉ;3;0;0
Rodez;44.35;2.57;08/08/2026;19:00;26.9;5;SOLEIL VOILÉ;3;0;0
Rodez;44.35;2.57;08/08/2026;20:00;23.1;5;SOLEIL VOILÉ;2;0;0
Rodez;44.35;2.57;08/08/2026;21:00;23.1;5;SOLEIL VOILÉ;2;0;0
Rodez;44.35;2.57;08/08/2026;22:00;23.1;5;SOLEIL VOILÉ;2;0;0
Rodez;44.35;2.57;08/08/2026;23:00;21.6;0;SOLEIL;2;0;0
Rodez;44.35;2.57;09/08/2026;00:00;21.6;0;SOLEIL;2;0;0
Rodez;44.35;2.57;09/08/2026;01:00;21.6;0;SOLEIL;2;0;0
Rodez;44.35;2.57;09/08/2026;02:00;19.9;0;SOLEIL;4;0;0
Rodez;44.35;2.57;09/08/2026;03:00;19.9;0;SOLEIL;4;0;0
Rodez;44.35;2.57;09/08/2026;04:00;19.9;0;SOLEIL;4;0;0
Rodez;44.35;2.57;09/08/2026;05:00;22.6;0;SOLEIL;3;0;0
Rodez;44.35;2.57;09/08/2026;06:00;22.6;0;SOLEIL;3;0;0
Rodez;44.35;2.57;09/08/2026;07:00;22.6;0;SOLEIL;3;0;0
Rodez;44.35;2.57;09/08/2026;08:00;26.5;0;SOLEIL;3;0;0
Rodez;44.35;2.57;09/08/2026;09:00;26.5;0;SOLEIL;3;0;0
Rodez;44.35;2.57;09/08/2026;10:00;26.5;0;SOLEIL;3;0;0
Rodez;44.35;2.57;09/08/2026;11:00;28.7;0;SOLEIL;4;0;0
Rodez;44.35;2.57;09/08/2026;12:00;28.7;0;SOLEIL;4;0;0
Rodez;44.35;2.57;09/08/2026;13:00;28.7;0;SOLEIL;4;0;0
Rodez;44.35;2.57;09/08/2026;14:00;28.1;10;ORAGEUX;4;0;0
Rodez;44.35;2.57;09/08/2026;15:00;28.1;10;ORAGEUX;4;0;0
Rodez;44.35;2.57;09/08/2026;16:00;28.1;10;ORAGEUX;4;0;0
Rodez;44.35;2.57;09/08/2026;17:00;26.1;10;ORAGEUX;2;0;0
Rodez;44.35;2.57;09/08/2026;18:00;26.1;10;ORAGEUX;2;0;0
Rodez;44.35;2.57;09/08/2026;19:00;26.1;10;ORAGEUX;2;0;0
Rodez;44.35;2.57;09/08/2026;20:00;22.8;0;SOLEIL;5;0;0
Rodez;44.35;2.57;09/08/2026;21:00;20.9;0;SOLEIL;5;0;0
Rodez;44.35;2.57;09/08/2026;22:00;18.9;0;SOLEIL;5;0;0
Rodez;44.35;2.57;09/08/2026;23:00;20.2;0;SOLEIL;2;0;0
Rodez;44.35;2.57;10/08/2026;00:00;20.2;0;SOLEIL;2;0;0
Rodez;44.35;2.57;10/08/2026;01:00;20.2;0;SOLEIL;2;0;0
Rodez;44.35;2.57;10/08/2026;02:00;19.4;10;ORAGEUX;5;0;0
Rodez;44.35;2.57;10/08/2026;03:00;19.4;10;ORAGEUX;5;0;0
Rodez;44.35;2.57;10/08/2026;04:00;19.4;10;ORAGEUX;5;0;0
Rodez;44.35;2.57;10/08/2026;05:00;20.6;0;SOLEIL;2;0;0
Rodez;44.35;2.57;10/08/2026;06:00;20.6;0;SOLEIL;2;0;0
Rodez;44.35;2.57;10/08/2026;07:00;20.6;0;SOLEIL;2;0;0
Rodez;44.35;2.57;10/08/2026;08:00;21.7;10;ORAGEUX;5;0;0
Rodez;44.35;2.57;10/08/2026;09:00;22.8;10;ORAGEUX;5;0;0
Rodez;44.35;2.57;10/08/2026;10:00;23.9;10;ORAGEUX;5;0;0
Rodez;44.35;2.57;10/08/2026;11:00;28.1;6;AVERSES;2;0;0
Rodez;44.35;2.57;10/08/2026;12:00;28.1;6;AVERSES;2;0;0
Rodez;44.35;2.57;10/08/2026;13:00;28.1;6;AVERSES;2;0;0
Rodez;44.35;2.57;10/08/2026;14:00;28.5;10;ORAGEUX;5;0;0
Rodez;44.35;2.57;10/08/2026;15:00;29.6;10;ORAGEUX;5;0;0
Rodez;44.35;2.57;10/08/2026;16:00;28.5;10;ORAGEUX;5;0;0
Rodez;44.35;2.57;10/08/2026;17:00;23.1;6;AVERSES;2;0;0
Rodez;44.35;2.57;10/08/2026;18:00;23.1;6;AVERSES;2;0;0
Rodez;44.35;2.57;10/08/2026;19:00;23.1;6;AVERSES;2;0;0
Rodez;44.35;2.57;10/08/2026;20:00;23.9;10;ORAGEUX;5;0;0
Rodez;44.35;2.57;10/08/2026;21:00;22.8;10;ORAGEUX;5;0;0
Rodez;44.35;2.57;10/08/2026;22:00;21.7;10;ORAGEUX;5;0;0
Rodez;44.35;2.57;10/08/2026;23:00;18.1;0;SOLEIL;3;0;0
Rodez;44.35;2.57;11/08/2026;00:00;18.1;0;SOLEIL;3;0;0
Rodez;44.35;2.57;11/08/2026;01:00;18.1;0;SOLEIL;3;0;0
Rodez;44.35;2.57;11/08/2026;02:00;16;6;AVERSES;5;0;0
Rodez;44.35;2.57;11/08/2026;03:00;16;6;AVERSES;5;0;0
Rodez;44.35;2.57;11/08/2026;04:00;16;6;AVERSES;5;0;0
Rodez;44.35;2.57;11/08/2026;05:00;22.2;0;SOLEIL;3;0;0
Rodez;44.35;2.57;11/08/2026;06:00;22.2;0;SOLEIL;3;0;0
Rodez;44.35;2.57;11/08/2026;07:00;22.2;0;SOLEIL;3;0;0
Rodez;44.35;2.57;11/08/2026;08:00;18.9;6;AVERSES;5;0;0
Rodez;44.35;2.57;11/08/2026;09:00;20.4;6;AVERSES;5;0;0
Rodez;44.35;2.57;11/08/2026;10:00;21.8;6;AVERSES;5;0;0
Rodez;44.35;2.57;11/08/2026;11:00;30.6;0;SOLEIL;2;0;0
Rodez;44.35;2.57;11/08/2026;12:00;30.6;0;SOLEIL;2;0;0
Rodez;44.35;2.57;11/08/2026;13:00;30.6;0;SOLEIL;2;0;0
Rodez;44.35;2.57;11/08/2026;14:00;27.6;6;AVERSES;5;0;0
Rodez;44.35;2.57;11/08/2026;15:00;29.1;6;AVERSES;5;0;0
Rodez;44.35;2.57;11/08/2026;16:00;27.6;6;AVERSES;5;0;0
Rodez;44.35;2.57;11/08/2026;17:00;25.1;0;SOLEIL;2;0;0
Rodez;44.35;2.57;11/08/2026;18:00;25.1;0;SOLEIL;2;0;0
Rodez;44.35;2.57;11/08/2026;19:00;25.1;0;SOLEIL;2;0;0
Rodez;44.35;2.57;11/08/2026;20:00;21.8;6;AVERSES;5;0;0
Rodez;44.35;2.57;11/08/2026;21:00;20.4;6;AVERSES;5;0;0
Rodez;44.35;2.57;11/08/2026;22:00;18.9;6;AVERSES;5;0;0
Rodez;44.35;2.57;11/08/2026;23:00;19.5;0;SOLEIL;2;0;0
Rodez;44.35;2.57;12/08/2026;00:00;19.5;0;SOLEIL;2;0;0
Rodez;44.35;2.57;12/08/2026;01:00;19.5;0;SOLEIL;2;0;0
Rodez;44.35;2.57;12/08/2026;02:00;17;0;SOLEIL;5;0;0
Rodez;44.35;2.57;12/08/2026;03:00;17;0;SOLEIL;5;0;0
Rodez;44.35;2.57;12/08/2026;04:00;17;0;SOLEIL;5;0;0
Rodez;44.35;2.57;12/08/2026;05:00;23.2;0;SOLEIL;2;0;0
Rodez;44.35;2.57;12/08/2026;06:00;23.2;0;SOLEIL;2;0;0
Rodez;44.35;2.57;12/08/2026;07:00;23.2;0;SOLEIL;2;0;0
Rodez;44.35;2.57;12/08/2026;08:00;20.3;0;SOLEIL;5;0;0
Rodez;44.35;2.57;12/08/2026;09:00;21.9;0;SOLEIL;5;0;0
Rodez;44.35;2.57;12/08/2026;10:00;23.5;0;SOLEIL;5;0;0
Rodez;44.35;2.57;12/08/2026;11:00;32.4;0;SOLEIL;3;0;0
Rodez;44.35;2.57;12/08/2026;12:00;32.4;0;SOLEIL;3;0;0
Rodez;44.35;2.57;12/08/2026;13:00;32.4;0;SOLEIL;3;0;0
Rodez;44.35;2.57;12/08/2026;14:00;30.1;0;SOLEIL;5;0;0
Rodez;44.35;2.57;12/08/2026;15:00;31.7;0;SOLEIL;5;0;0
Rodez;44.35;2.57;12/08/2026;16:00;30.1;0;SOLEIL;5;0;0
Rodez;44.35;2.57;12/08/2026;17:00;26.2;0;SOLEIL;3;0;0
Rodez;44.35;2.57;12/08/2026;18:00;26.2;0;SOLEIL;3;0;0
Rodez;44.35;2.57;12/08/2026;19:00;26.2;0;SOLEIL;3;0;0
Rodez;44.35;2.57;12/08/2026;20:00;23.5;0;SOLEIL;5;0;0
Rodez;44.35;2.57;12/08/2026;21:00;21.9;0;SOLEIL;5;0;0
Rodez;44.35;2.57;12/08/2026;22:00;20.3;0;SOLEIL;5;0;0
Rodez;44.35;2.57;12/08/2026;23:00;20.6;0;SOLEIL;2;0;0
Saint-Affrique;43.96;2.88;08/08/2026;00:00;16.5;0;SOLEIL;1;0;0
Saint-Affrique;43.96;2.88;08/08/2026;01:00;16.5;0;SOLEIL;1;0;0
Saint-Affrique;43.96;2.88;08/08/2026;02:00;16;0;SOLEIL;1;0;0
Saint-Affrique;43.96;2.88;08/08/2026;03:00;16;0;SOLEIL;1;0;0
Saint-Affrique;43.96;2.88;08/08/2026;04:00;16;0;SOLEIL;1;0;0
Saint-Affrique;43.96;2.88;08/08/2026;05:00;17.6;0;SOLEIL;1;0;0
Saint-Affrique;43.96;2.88;08/08/2026;06:00;17.6;0;SOLEIL;1;0;0
Saint-Affrique;43.96;2.88;08/08/2026;07:00;17.6;0;SOLEIL;1;0;0
Saint-Affrique;43.96;2.88;08/08/2026;08:00;28.9;0;SOLEIL;1;0;0
Saint-Affrique;43.96;2.88;08/08/2026;09:00;28.9;0;SOLEIL;1;0;0
Saint-Affrique;43.96;2.88;08/08/2026;10:00;28.9;0;SOLEIL;1;0;0
Saint-Affrique;43.96;2.88;08/08/2026;11:00;32.9;0;SOLEIL;1;0;0
Saint-Affrique;43.96;2.88;08/08/2026;12:00;32.9;0;SOLEIL;1;0;0
Saint-Affrique;43.96;2.88;08/08/2026;13:00;32.9;0;SOLEIL;1;0;0
Saint-Affrique;43.96;2.88;08/08/2026;14:00;34.9;5;SOLEIL VOILÉ;2;0;0
Saint-Affrique;43.96;2.88;08/08/2026;15:00;34.9;5;SOLEIL VOILÉ;2;0;0
Saint-Affrique;43.96;2.88;08/08/2026;16:00;34.9;5;SOLEIL VOILÉ;2;0;0
Saint-Affrique;43.96;2.88;08/08/2026;17:00;31.7;5;SOLEIL VOILÉ;3;0;0
Saint-Affrique;43.96;2.88;08/08/2026;18:00;31.7;5;SOLEIL VOILÉ;3;0;0
Saint-Affrique;43.96;2.88;08/08/2026;19:00;31.7;5;SOLEIL VOILÉ;3;0;0
Saint-Affrique;43.96;2.88;08/08/2026;20:00;26.2;5;SOLEIL VOILÉ;1;0;0
Saint-Affrique;43.96;2.88;08/08/2026;21:00;26.2;5;SOLEIL VOILÉ;1;0;0
Saint-Affrique;43.96;2.88;08/08/2026;22:00;26.2;5;SOLEIL VOILÉ;1;0;0
Saint-Affrique;43.96;2.88;08/08/2026;23:00;22.5;0;SOLEIL;2;0;0
Saint-Affrique;43.96;2.88;09/08/2026;00:00;22.5;0;SOLEIL;2;0;0
Saint-Affrique;43.96;2.88;09/08/2026;01:00;22.5;0;SOLEIL;2;0;0
Saint-Affrique;43.96;2.88;09/08/2026;02:00;21.1;0;SOLEIL;3;0;0
Saint-Affrique;43.96;2.88;09/08/2026;03:00;21.1;0;SOLEIL;3;0;0
Saint-Affrique;43.96;2.88;09/08/2026;04:00;21.1;0;SOLEIL;3;0;0
Saint-Affrique;43.96;2.88;09/08/2026;05:00;21.1;0;SOLEIL;3;0;0
Saint-Affrique;43.96;2.88;09/08/2026;06:00;21.1;0;SOLEIL;3;0;0
Saint-Affrique;43.96;2.88;09/08/2026;07:00;21.1;0;SOLEIL;3;0;0
Saint-Affrique;43.96;2.88;09/08/2026;08:00;28.1;0;SOLEIL;2;11;0
Saint-Affrique;43.96;2.88;09/08/2026;09:00;28.1;0;SOLEIL;2;11;0
Saint-Affrique;43.96;2.88;09/08/2026;10:00;28.1;0;SOLEIL;2;11;0
Saint-Affrique;43.96;2.88;09/08/2026;11:00;31.5;0;SOLEIL;3;0;0
Saint-Affrique;43.96;2.88;09/08/2026;12:00;31.5;0;SOLEIL;3;0;0
Saint-Affrique;43.96;2.88;09/08/2026;13:00;31.5;0;SOLEIL;3;0;0
Saint-Affrique;43.96;2.88;09/08/2026;14:00;28.2;10;ORAGEUX;3;0;0
Saint-Affrique;43.96;2.88;09/08/2026;15:00;28.2;10;ORAGEUX;3;0;0
Saint-Affrique;43.96;2.88;09/08/2026;16:00;28.2;10;ORAGEUX;3;0;0
Saint-Affrique;43.96;2.88;09/08/2026;17:00;26.1;10;ORAGEUX;3;0;0
Saint-Affrique;43.96;2.88;09/08/2026;18:00;26.1;10;ORAGEUX;3;0;0
Saint-Affrique;43.96;2.88;09/08/2026;19:00;26.1;10;ORAGEUX;3;0;0
Saint-Affrique;43.96;2.88;09/08/2026;20:00;23.4;0;SOLEIL;5;0;0
Saint-Affrique;43.96;2.88;09/08/2026;21:00;20.9;0;SOLEIL;5;0;0
Saint-Affrique;43.96;2.88;09/08/2026;22:00;18.5;0;SOLEIL;5;0;0
Saint-Affrique;43.96;2.88;09/08/2026;23:00;18.6;0;SOLEIL;3;0;0
Saint-Affrique;43.96;2.88;10/08/2026;00:00;18.6;0;SOLEIL;3;0;0
Saint-Affrique;43.96;2.88;10/08/2026;01:00;18.6;0;SOLEIL;3;0;0
Saint-Affrique;43.96;2.88;10/08/2026;02:00;19.7;10;ORAGEUX;5;0;0
Saint-Affrique;43.96;2.88;10/08/2026;03:00;19.7;10;ORAGEUX;5;0;0
Saint-Affrique;43.96;2.88;10/08/2026;04:00;19.7;10;ORAGEUX;5;0;0
Saint-Affrique;43.96;2.88;10/08/2026;05:00;18.1;0;SOLEIL;2;0;0
Saint-Affrique;43.96;2.88;10/08/2026;06:00;18.1;0;SOLEIL;2;0;0
Saint-Affrique;43.96;2.88;10/08/2026;07:00;18.1;0;SOLEIL;2;0;0
Saint-Affrique;43.96;2.88;10/08/2026;08:00;22.4;10;ORAGEUX;5;0;0
Saint-Affrique;43.96;2.88;10/08/2026;09:00;23.8;10;ORAGEUX;5;0;0
Saint-Affrique;43.96;2.88;10/08/2026;10:00;25.2;10;ORAGEUX;5;0;0
Saint-Affrique;43.96;2.88;10/08/2026;11:00;30.4;6;AVERSES;2;0;0
Saint-Affrique;43.96;2.88;10/08/2026;12:00;30.4;6;AVERSES;2;0;0
Saint-Affrique;43.96;2.88;10/08/2026;13:00;30.4;6;AVERSES;2;0;0
Saint-Affrique;43.96;2.88;10/08/2026;14:00;30.6;10;ORAGEUX;5;0;0
Saint-Affrique;43.96;2.88;10/08/2026;15:00;32.0;10;ORAGEUX;5;0;0
Saint-Affrique;43.96;2.88;10/08/2026;16:00;30.6;10;ORAGEUX;5;0;0
Saint-Affrique;43.96;2.88;10/08/2026;17:00;28.4;6;AVERSES;2;0;0
Saint-Affrique;43.96;2.88;10/08/2026;18:00;28.4;6;AVERSES;2;0;0
Saint-Affrique;43.96;2.88;10/08/2026;19:00;28.4;6;AVERSES;2;0;0
Saint-Affrique;43.96;2.88;10/08/2026;20:00;25.2;10;ORAGEUX;5;0;0
Saint-Affrique;43.96;2.88;10/08/2026;21:00;23.8;10;ORAGEUX;5;0;0
Saint-Affrique;43.96;2.88;10/08/2026;22:00;22.4;10;ORAGEUX;5;0;0
Saint-Affrique;43.96;2.88;10/08/2026;23:00;19.1;0;SOLEIL;2;0;0
Saint-Affrique;43.96;2.88;11/08/2026;00:00;19.1;0;SOLEIL;2;0;0
Saint-Affrique;43.96;2.88;11/08/2026;01:00;19.1;0;SOLEIL;2;0;0
Saint-Affrique;43.96;2.88;11/08/2026;02:00;16.4;0;SOLEIL;5;0;0
Saint-Affrique;43.96;2.88;11/08/2026;03:00;16.4;0;SOLEIL;5;0;0
Saint-Affrique;43.96;2.88;11/08/2026;04:00;16.4;0;SOLEIL;5;0;0
Saint-Affrique;43.96;2.88;11/08/2026;05:00;18.7;0;SOLEIL;2;0;0
Saint-Affrique;43.96;2.88;11/08/2026;06:00;18.7;0;SOLEIL;2;0;0
Saint-Affrique;43.96;2.88;11/08/2026;07:00;18.7;0;SOLEIL;2;0;0
Saint-Affrique;43.96;2.88;11/08/2026;08:00;19.9;0;SOLEIL;5;0;0
Saint-Affrique;43.96;2.88;11/08/2026;09:00;21.7;0;SOLEIL;5;0;0
Saint-Affrique;43.96;2.88;11/08/2026;10:00;23.4;0;SOLEIL;5;0;0
Saint-Affrique;43.96;2.88;11/08/2026;11:00;33;0;SOLEIL;2;0;0
Saint-Affrique;43.96;2.88;11/08/2026;12:00;33;0;SOLEIL;2;0;0
Saint-Affrique;43.96;2.88;11/08/2026;13:00;33;0;SOLEIL;2;0;0
Saint-Affrique;43.96;2.88;11/08/2026;14:00;30.4;0;SOLEIL;5;0;0
Saint-Affrique;43.96;2.88;11/08/2026;15:00;32.2;0;SOLEIL;5;0;0
Saint-Affrique;43.96;2.88;11/08/2026;16:00;30.4;0;SOLEIL;5;0;0
Saint-Affrique;43.96;2.88;11/08/2026;17:00;31.1;0;SOLEIL;3;0;0
Saint-Affrique;43.96;2.88;11/08/2026;18:00;31.1;0;SOLEIL;3;0;0
Saint-Affrique;43.96;2.88;11/08/2026;19:00;31.1;0;SOLEIL;3;0;0
Saint-Affrique;43.96;2.88;11/08/2026;20:00;23.4;0;SOLEIL;5;0;0
Saint-Affrique;43.96;2.88;11/08/2026;21:00;21.7;0;SOLEIL;5;0;0
Saint-Affrique;43.96;2.88;11/08/2026;22:00;19.9;0;SOLEIL;5;0;0
Saint-Affrique;43.96;2.88;11/08/2026;23:00;20;0;SOLEIL;3;0;0
Saint-Affrique;43.96;2.88;12/08/2026;00:00;20;0;SOLEIL;3;0;0
Saint-Affrique;43.96;2.88;12/08/2026;01:00;20;0;SOLEIL;3;0;0
Saint-Affrique;43.96;2.88;12/08/2026;02:00;16.6;0;SOLEIL;5;0;0
Saint-Affrique;43.96;2.88;12/08/2026;03:00;16.6;0;SOLEIL;5;0;0
Saint-Affrique;43.96;2.88;12/08/2026;04:00;16.6;0;SOLEIL;5;0;0
Saint-Affrique;43.96;2.88;12/08/2026;05:00;19.7;0;SOLEIL;3;0;0
Saint-Affrique;43.96;2.88;12/08/2026;06:00;19.7;0;SOLEIL;3;0;0
Saint-Affrique;43.96;2.88;12/08/2026;07:00;19.7;0;SOLEIL;3;0;0
Saint-Affrique;43.96;2.88;12/08/2026;08:00;20.8;0;SOLEIL;5;0;0
Saint-Affrique;43.96;2.88;12/08/2026;09:00;22.9;0;SOLEIL;5;0;0
Saint-Affrique;43.96;2.88;12/08/2026;10:00;25.0;0;SOLEIL;5;0;0
Saint-Affrique;43.96;2.88;12/08/2026;11:00;34;0;SOLEIL;2;0;0
Saint-Affrique;43.96;2.88;12/08/2026;12:00;34;0;SOLEIL;2;0;0
Saint-Affrique;43.96;2.88;12/08/2026;13:00;34;0;SOLEIL;2;0;0
Saint-Affrique;43.96;2.88;12/08/2026;14:00;33.3;0;SOLEIL;5;0;0
Saint-Affrique;43.96;2.88;12/08/2026;15:00;35.4;0;SOLEIL;5;0;0
Saint-Affrique;43.96;2.88;12/08/2026;16:00;33.3;0;SOLEIL;5;0;0
Saint-Affrique;43.96;2.88;12/08/2026;17:00;31.2;0;SOLEIL;3;0;0
Saint-Affrique;43.96;2.88;12/08/2026;18:00;31.2;0;SOLEIL;3;0;0
Saint-Affrique;43.96;2.88;12/08/2026;19:00;31.2;0;SOLEIL;3;0;0
Saint-Affrique;43.96;2.88;12/08/2026;20:00;25.0;0;SOLEIL;5;0;0
Saint-Affrique;43.96;2.88;12/08/2026;21:00;22.9;0;SOLEIL;5;0;0
Saint-Affrique;43.96;2.88;12/08/2026;22:00;20.8;0;SOLEIL;5;0;0
Saint-Affrique;43.96;2.88;12/08/2026;23:00;20.1;0;SOLEIL;2;0;0
Alès;44.12;4.08;08/08/2026;00:00;20.9;0;SOLEIL;0;0;0
Alès;44.12;4.08;08/08/2026;01:00;20.9;0;SOLEIL;0;0;0
Alès;44.12;4.08;08/08/2026;02:00;18;0;SOLEIL;1;0;0
Alès;44.12;4.08;08/08/2026;03:00;18;0;SOLEIL;1;0;0
Alès;44.12;4.08;08/08/2026;04:00;18;0;SOLEIL;1;0;0
Alès;44.12;4.08;08/08/2026;05:00;17.7;0;SOLEIL;1;0;0
Alès;44.12;4.08;08/08/2026;06:00;17.7;0;SOLEIL;1;0;0
Alès;44.12;4.08;08/08/2026;07:00;17.7;0;SOLEIL;1;0;0
Alès;44.12;4.08;08/08/2026;08:00;29.6;0;SOLEIL;1;0;0
Alès;44.12;4.08;08/08/2026;09:00;29.6;0;SOLEIL;1;0;0
Alès;44.12;4.08;08/08/2026;10:00;29.6;0;SOLEIL;1;0;0
Alès;44.12;4.08;08/08/2026;11:00;35.9;0;SOLEIL;1;0;0
Alès;44.12;4.08;08/08/2026;12:00;35.9;0;SOLEIL;1;0;0
Alès;44.12;4.08;08/08/2026;13:00;35.9;0;SOLEIL;1;0;0
Alès;44.12;4.08;08/08/2026;14:00;37.6;5;SOLEIL VOILÉ;2;0;0
Alès;44.12;4.08;08/08/2026;15:00;37.6;5;SOLEIL VOILÉ;2;0;0
Alès;44.12;4.08;08/08/2026;16:00;37.6;5;SOLEIL VOILÉ;2;0;0
Alès;44.12;4.08;08/08/2026;17:00;33.9;5;SOLEIL VOILÉ;3;0;0
Alès;44.12;4.08;08/08/2026;18:00;33.9;5;SOLEIL VOILÉ;3;0;0
Alès;44.12;4.08;08/08/2026;19:00;33.9;5;SOLEIL VOILÉ;3;0;0
Alès;44.12;4.08;08/08/2026;20:00;26.7;5;SOLEIL VOILÉ;2;0;0
Alès;44.12;4.08;08/08/2026;21:00;26.7;5;SOLEIL VOILÉ;2;0;0
Alès;44.12;4.08;08/08/2026;22:00;26.7;5;SOLEIL VOILÉ;2;0;0
Alès;44.12;4.08;08/08/2026;23:00;23.4;0;SOLEIL;2;0;0
Alès;44.12;4.08;09/08/2026;00:00;23.4;0;SOLEIL;2;0;0
Alès;44.12;4.08;09/08/2026;01:00;23.4;0;SOLEIL;2;0;0
Alès;44.12;4.08;09/08/2026;02:00;20.9;0;SOLEIL;2;0;0
Alès;44.12;4.08;09/08/2026;03:00;20.9;0;SOLEIL;2;0;0
Alès;44.12;4.08;09/08/2026;04:00;20.9;0;SOLEIL;2;0;0
Alès;44.12;4.08;09/08/2026;05:00;22.2;0;SOLEIL;3;0;0
Alès;44.12;4.08;09/08/2026;06:00;22.2;0;SOLEIL;3;0;0
Alès;44.12;4.08;09/08/2026;07:00;22.2;0;SOLEIL;3;0;0
Alès;44.12;4.08;09/08/2026;08:00;29.5;0;SOLEIL;4;0;0
Alès;44.12;4.08;09/08/2026;09:00;29.5;0;SOLEIL;4;0;0
Alès;44.12;4.08;09/08/2026;10:00;29.5;0;SOLEIL;4;0;0
Alès;44.12;4.08;09/08/2026;11:00;33.6;0;SOLEIL;4;11;0
Alès;44.12;4.08;09/08/2026;12:00;33.6;0;SOLEIL;4;11;0
Alès;44.12;4.08;09/08/2026;13:00;33.6;0;SOLEIL;4;11;0
Alès;44.12;4.08;09/08/2026;14:00;33.1;10;ORAGEUX;3;11;0
Alès;44.12;4.08;09/08/2026;15:00;33.1;10;ORAGEUX;3;11;0
Alès;44.12;4.08;09/08/2026;16:00;33.1;10;ORAGEUX;3;11;0
Alès;44.12;4.08;09/08/2026;17:00;29.1;10;ORAGEUX;3;0;0
Alès;44.12;4.08;09/08/2026;18:00;29.1;10;ORAGEUX;3;0;0
Alès;44.12;4.08;09/08/2026;19:00;29.1;10;ORAGEUX;3;0;0
Alès;44.12;4.08;09/08/2026;20:00;25.6;0;SOLEIL;5;0;0
Alès;44.12;4.08;09/08/2026;21:00;23.1;0;SOLEIL;5;0;0
Alès;44.12;4.08;09/08/2026;22:00;20.6;0;SOLEIL;5;0;0
Alès;44.12;4.08;09/08/2026;23:00;21.9;0;SOLEIL;3;0;0
Alès;44.12;4.08;10/08/2026;00:00;21.9;0;SOLEIL;3;0;0
Alès;44.12;4.08;10/08/2026;01:00;21.9;0;SOLEIL;3;0;0
Alès;44.12;4.08;10/08/2026;02:00;20;10;ORAGEUX;5;0;0
Alès;44.12;4.08;10/08/2026;03:00;20;10;ORAGEUX;5;0;0
Alès;44.12;4.08;10/08/2026;04:00;20;10;ORAGEUX;5;0;0
Alès;44.12;4.08;10/08/2026;05:00;19.1;0;SOLEIL;2;0;0
Alès;44.12;4.08;10/08/2026;06:00;19.1;0;SOLEIL;2;0;0
Alès;44.12;4.08;10/08/2026;07:00;19.1;0;SOLEIL;2;0;0
Alès;44.12;4.08;10/08/2026;08:00;23.1;10;ORAGEUX;5;0;0
Alès;44.12;4.08;10/08/2026;09:00;24.7;10;ORAGEUX;5;0;0
Alès;44.12;4.08;10/08/2026;10:00;26.2;10;ORAGEUX;5;0;0
Alès;44.12;4.08;10/08/2026;11:00;34;0;SOLEIL;1;0;0
Alès;44.12;4.08;10/08/2026;12:00;34;0;SOLEIL;1;0;0
Alès;44.12;4.08;10/08/2026;13:00;34;0;SOLEIL;1;0;0
Alès;44.12;4.08;10/08/2026;14:00;32.4;10;ORAGEUX;5;0;0
Alès;44.12;4.08;10/08/2026;15:00;34.0;10;ORAGEUX;5;0;0
Alès;44.12;4.08;10/08/2026;16:00;32.4;10;ORAGEUX;5;0;0
Alès;44.12;4.08;10/08/2026;17:00;31.1;6;AVERSES;2;0;0
Alès;44.12;4.08;10/08/2026;18:00;31.1;6;AVERSES;2;0;0
Alès;44.12;4.08;10/08/2026;19:00;31.1;6;AVERSES;2;0;0
Alès;44.12;4.08;10/08/2026;20:00;26.2;10;ORAGEUX;5;0;0
Alès;44.12;4.08;10/08/2026;21:00;24.7;10;ORAGEUX;5;0;0
Alès;44.12;4.08;10/08/2026;22:00;23.1;10;ORAGEUX;5;0;0
Alès;44.12;4.08;10/08/2026;23:00;21.5;0;SOLEIL;1;0;0
Alès;44.12;4.08;11/08/2026;00:00;21.5;0;SOLEIL;1;0;0
Alès;44.12;4.08;11/08/2026;01:00;21.5;0;SOLEIL;1;0;0
Alès;44.12;4.08;11/08/2026;02:00;18.1;0;SOLEIL;5;0;0
Alès;44.12;4.08;11/08/2026;03:00;18.1;0;SOLEIL;5;0;0
Alès;44.12;4.08;11/08/2026;04:00;18.1;0;SOLEIL;5;0;0
Alès;44.12;4.08;11/08/2026;05:00;20.1;0;SOLEIL;2;0;0
Alès;44.12;4.08;11/08/2026;06:00;20.1;0;SOLEIL;2;0;0
Alès;44.12;4.08;11/08/2026;07:00;20.1;0;SOLEIL;2;0;0
Alès;44.12;4.08;11/08/2026;08:00;22.0;0;SOLEIL;5;0;0
Alès;44.12;4.08;11/08/2026;09:00;23.9;0;SOLEIL;5;0;0
Alès;44.12;4.08;11/08/2026;10:00;25.8;0;SOLEIL;5;0;0
Alès;44.12;4.08;11/08/2026;11:00;35.9;0;SOLEIL;3;0;0
Alès;44.12;4.08;11/08/2026;12:00;35.9;0;SOLEIL;3;0;0
Alès;44.12;4.08;11/08/2026;13:00;35.9;0;SOLEIL;3;0;0
Alès;44.12;4.08;11/08/2026;14:00;33.6;0;SOLEIL;5;0;0
Alès;44.12;4.08;11/08/2026;15:00;35.5;0;SOLEIL;5;0;0
Alès;44.12;4.08;11/08/2026;16:00;33.6;0;SOLEIL;5;0;0
Alès;44.12;4.08;11/08/2026;17:00;33.1;0;SOLEIL;4;0;0
Alès;44.12;4.08;11/08/2026;18:00;33.1;0;SOLEIL;4;0;0
Alès;44.12;4.08;11/08/2026;19:00;33.1;0;SOLEIL;4;0;0
Alès;44.12;4.08;11/08/2026;20:00;25.8;0;SOLEIL;5;0;0
Alès;44.12;4.08;11/08/2026;21:00;23.9;0;SOLEIL;5;0;0
Alès;44.12;4.08;11/08/2026;22:00;22.0;0;SOLEIL;5;0;0
Alès;44.12;4.08;11/08/2026;23:00;21.7;0;SOLEIL;2;0;0
Alès;44.12;4.08;12/08/2026;00:00;21.7;0;SOLEIL;2;0;0
Alès;44.12;4.08;12/08/2026;01:00;21.7;0;SOLEIL;2;0;0
Alès;44.12;4.08;12/08/2026;02:00;18.5;0;SOLEIL;5;0;0
Alès;44.12;4.08;12/08/2026;03:00;18.5;0;SOLEIL;5;0;0
Alès;44.12;4.08;12/08/2026;04:00;18.5;0;SOLEIL;5;0;0
Alès;44.12;4.08;12/08/2026;05:00;20.4;0;SOLEIL;3;0;0
Alès;44.12;4.08;12/08/2026;06:00;20.4;0;SOLEIL;3;0;0
Alès;44.12;4.08;12/08/2026;07:00;20.4;0;SOLEIL;3;0;0
Alès;44.12;4.08;12/08/2026;08:00;22.7;0;SOLEIL;5;0;0
Alès;44.12;4.08;12/08/2026;09:00;24.8;0;SOLEIL;5;0;0
Alès;44.12;4.08;12/08/2026;10:00;26.9;0;SOLEIL;5;0;0
Alès;44.12;4.08;12/08/2026;11:00;35.4;0;SOLEIL;3;0;0
Alès;44.12;4.08;12/08/2026;12:00;35.4;0;SOLEIL;3;0;0
Alès;44.12;4.08;12/08/2026;13:00;35.4;0;SOLEIL;3;0;0
Alès;44.12;4.08;12/08/2026;14:00;35.3;0;SOLEIL;5;0;0
Alès;44.12;4.08;12/08/2026;15:00;37.4;0;SOLEIL;5;0;0
Alès;44.12;4.08;12/08/2026;16:00;35.3;0;SOLEIL;5;0;0
Alès;44.12;4.08;12/08/2026;17:00;33;0;SOLEIL;4;0;0
Alès;44.12;4.08;12/08/2026;18:00;33;0;SOLEIL;4;0;0
Alès;44.12;4.08;12/08/2026;19:00;33;0;SOLEIL;4;0;0
Alès;44.12;4.08;12/08/2026;20:00;26.9;0;SOLEIL;5;0;0
Alès;44.12;4.08;12/08/2026;21:00;24.8;0;SOLEIL;5;0;0
Alès;44.12;4.08;12/08/2026;22:00;22.7;0;SOLEIL;5;0;0
Alès;44.12;4.08;12/08/2026;23:00;22.1;0;SOLEIL;2;0;0
Nîmes;43.83;4.36;08/08/2026;00:00;24.2;0;SOLEIL;3;0;0
Nîmes;43.83;4.36;08/08/2026;01:00;24.2;0;SOLEIL;3;0;0
Nîmes;43.83;4.36;08/08/2026;02:00;23;0;SOLEIL;2;0;0
Nîmes;43.83;4.36;08/08/2026;03:00;23;0;SOLEIL;2;0;0
Nîmes;43.83;4.36;08/08/2026;04:00;23;0;SOLEIL;2;0;0
Nîmes;43.83;4.36;08/08/2026;05:00;24.6;0;SOLEIL;1;0;0
Nîmes;43.83;4.36;08/08/2026;06:00;24.6;0;SOLEIL;1;0;0
Nîmes;43.83;4.36;08/08/2026;07:00;24.6;0;SOLEIL;1;0;0
Nîmes;43.83;4.36;08/08/2026;08:00;32.4;0;SOLEIL;3;0;0
Nîmes;43.83;4.36;08/08/2026;09:00;32.4;0;SOLEIL;3;0;0
Nîmes;43.83;4.36;08/08/2026;10:00;32.4;0;SOLEIL;3;0;0
Nîmes;43.83;4.36;08/08/2026;11:00;36.4;0;SOLEIL;2;0;0
Nîmes;43.83;4.36;08/08/2026;12:00;36.4;0;SOLEIL;2;0;0
Nîmes;43.83;4.36;08/08/2026;13:00;36.4;0;SOLEIL;2;0;0
Nîmes;43.83;4.36;08/08/2026;14:00;37.4;0;SOLEIL;3;0;0
Nîmes;43.83;4.36;08/08/2026;15:00;37.4;0;SOLEIL;3;0;0
Nîmes;43.83;4.36;08/08/2026;16:00;37.4;0;SOLEIL;3;0;0
Nîmes;43.83;4.36;08/08/2026;17:00;33.1;5;SOLEIL VOILÉ;4;0;0
Nîmes;43.83;4.36;08/08/2026;18:00;33.1;5;SOLEIL VOILÉ;4;0;0
Nîmes;43.83;4.36;08/08/2026;19:00;33.1;5;SOLEIL VOILÉ;4;0;0
Nîmes;43.83;4.36;08/08/2026;20:00;27;5;SOLEIL VOILÉ;3;0;0
Nîmes;43.83;4.36;08/08/2026;21:00;27;5;SOLEIL VOILÉ;3;0;0
Nîmes;43.83;4.36;08/08/2026;22:00;27;5;SOLEIL VOILÉ;3;0;0
Nîmes;43.83;4.36;08/08/2026;23:00;25;0;SOLEIL;2;0;0
Nîmes;43.83;4.36;09/08/2026;00:00;25;0;SOLEIL;2;0;0
Nîmes;43.83;4.36;09/08/2026;01:00;25;0;SOLEIL;2;0;0
Nîmes;43.83;4.36;09/08/2026;02:00;22.1;0;SOLEIL;1;0;0
Nîmes;43.83;4.36;09/08/2026;03:00;22.1;0;SOLEIL;1;0;0
Nîmes;43.83;4.36;09/08/2026;04:00;22.1;0;SOLEIL;1;0;0
Nîmes;43.83;4.36;09/08/2026;05:00;23.6;0;SOLEIL;1;0;0
Nîmes;43.83;4.36;09/08/2026;06:00;23.6;0;SOLEIL;1;0;0
Nîmes;43.83;4.36;09/08/2026;07:00;23.6;0;SOLEIL;1;0;0
Nîmes;43.83;4.36;09/08/2026;08:00;31.4;0;SOLEIL;2;0;0
Nîmes;43.83;4.36;09/08/2026;09:00;31.4;0;SOLEIL;2;0;0
Nîmes;43.83;4.36;09/08/2026;10:00;31.4;0;SOLEIL;2;0;0
Nîmes;43.83;4.36;09/08/2026;11:00;34;0;SOLEIL;3;0;0
Nîmes;43.83;4.36;09/08/2026;12:00;34;0;SOLEIL;3;0;0
Nîmes;43.83;4.36;09/08/2026;13:00;34;0;SOLEIL;3;0;0
Nîmes;43.83;4.36;09/08/2026;14:00;32.9;10;ORAGEUX;4;0;0
Nîmes;43.83;4.36;09/08/2026;15:00;32.9;10;ORAGEUX;4;0;0
Nîmes;43.83;4.36;09/08/2026;16:00;32.9;10;ORAGEUX;4;0;0
Nîmes;43.83;4.36;09/08/2026;17:00;29.5;10;ORAGEUX;3;0;0
Nîmes;43.83;4.36;09/08/2026;18:00;29.5;10;ORAGEUX;3;0;0
Nîmes;43.83;4.36;09/08/2026;19:00;29.5;10;ORAGEUX;3;0;0
Nîmes;43.83;4.36;09/08/2026;20:00;29.7;0;SOLEIL;5;0;0
Nîmes;43.83;4.36;09/08/2026;21:00;27.9;0;SOLEIL;5;0;0
Nîmes;43.83;4.36;09/08/2026;22:00;26.1;0;SOLEIL;5;0;0
Nîmes;43.83;4.36;09/08/2026;23:00;26.1;0;SOLEIL;1;0;0
Nîmes;43.83;4.36;10/08/2026;00:00;26.1;0;SOLEIL;1;0;0
Nîmes;43.83;4.36;10/08/2026;01:00;26.1;0;SOLEIL;1;0;0
Nîmes;43.83;4.36;10/08/2026;02:00;20.7;10;ORAGEUX;5;0;0
Nîmes;43.83;4.36;10/08/2026;03:00;20.7;10;ORAGEUX;5;0;0
Nîmes;43.83;4.36;10/08/2026;04:00;20.7;10;ORAGEUX;5;0;0
Nîmes;43.83;4.36;10/08/2026;05:00;22.6;0;SOLEIL;1;0;0
Nîmes;43.83;4.36;10/08/2026;06:00;22.6;0;SOLEIL;1;0;0
Nîmes;43.83;4.36;10/08/2026;07:00;22.6;0;SOLEIL;1;0;0
Nîmes;43.83;4.36;10/08/2026;08:00;23.8;10;ORAGEUX;5;0;0
Nîmes;43.83;4.36;10/08/2026;09:00;25.4;10;ORAGEUX;5;0;0
Nîmes;43.83;4.36;10/08/2026;10:00;26.9;10;ORAGEUX;5;0;0
Nîmes;43.83;4.36;10/08/2026;11:00;35.1;0;SOLEIL;2;0;0
Nîmes;43.83;4.36;10/08/2026;12:00;35.1;0;SOLEIL;2;0;0
Nîmes;43.83;4.36;10/08/2026;13:00;35.1;0;SOLEIL;2;0;0
Nîmes;43.83;4.36;10/08/2026;14:00;33.1;10;ORAGEUX;5;0;0
Nîmes;43.83;4.36;10/08/2026;15:00;34.7;10;ORAGEUX;5;0;0
Nîmes;43.83;4.36;10/08/2026;16:00;33.1;10;ORAGEUX;5;0;0
Nîmes;43.83;4.36;10/08/2026;17:00;30.7;6;AVERSES;1;0;0
Nîmes;43.83;4.36;10/08/2026;18:00;30.7;6;AVERSES;1;0;0
Nîmes;43.83;4.36;10/08/2026;19:00;30.7;6;AVERSES;1;0;0
Nîmes;43.83;4.36;10/08/2026;20:00;26.9;10;ORAGEUX;5;0;0
Nîmes;43.83;4.36;10/08/2026;21:00;25.4;10;ORAGEUX;5;0;0
Nîmes;43.83;4.36;10/08/2026;22:00;23.8;10;ORAGEUX;5;0;0
Nîmes;43.83;4.36;10/08/2026;23:00;23.4;0;SOLEIL;2;0;0
Nîmes;43.83;4.36;11/08/2026;00:00;23.4;0;SOLEIL;2;0;0
Nîmes;43.83;4.36;11/08/2026;01:00;23.4;0;SOLEIL;2;0;0
Nîmes;43.83;4.36;11/08/2026;02:00;21;0;SOLEIL;5;0;0
Nîmes;43.83;4.36;11/08/2026;03:00;21;0;SOLEIL;5;0;0
Nîmes;43.83;4.36;11/08/2026;04:00;21;0;SOLEIL;5;0;0
Nîmes;43.83;4.36;11/08/2026;05:00;23;0;SOLEIL;1;0;0
Nîmes;43.83;4.36;11/08/2026;06:00;23;0;SOLEIL;1;0;0
Nîmes;43.83;4.36;11/08/2026;07:00;23;0;SOLEIL;1;0;0
Nîmes;43.83;4.36;11/08/2026;08:00;24.4;0;SOLEIL;5;0;0
Nîmes;43.83;4.36;11/08/2026;09:00;26.1;0;SOLEIL;5;0;0
Nîmes;43.83;4.36;11/08/2026;10:00;27.8;0;SOLEIL;5;0;0
Nîmes;43.83;4.36;11/08/2026;11:00;36.4;0;SOLEIL;2;0;0
Nîmes;43.83;4.36;11/08/2026;12:00;36.4;0;SOLEIL;2;0;0
Nîmes;43.83;4.36;11/08/2026;13:00;36.4;0;SOLEIL;2;0;0
Nîmes;43.83;4.36;11/08/2026;14:00;34.7;0;SOLEIL;5;0;0
Nîmes;43.83;4.36;11/08/2026;15:00;36.4;0;SOLEIL;5;0;0
Nîmes;43.83;4.36;11/08/2026;16:00;34.7;0;SOLEIL;5;0;0
Nîmes;43.83;4.36;11/08/2026;17:00;31.1;0;SOLEIL;2;0;0
Nîmes;43.83;4.36;11/08/2026;18:00;31.1;0;SOLEIL;2;0;0
Nîmes;43.83;4.36;11/08/2026;19:00;31.1;0;SOLEIL;2;0;0
Nîmes;43.83;4.36;11/08/2026;20:00;27.8;0;SOLEIL;5;0;0
Nîmes;43.83;4.36;11/08/2026;21:00;26.1;0;SOLEIL;5;0;0
Nîmes;43.83;4.36;11/08/2026;22:00;24.4;0;SOLEIL;5;0;0
Nîmes;43.83;4.36;11/08/2026;23:00;24.6;0;SOLEIL;1;0;0
Nîmes;43.83;4.36;12/08/2026;00:00;24.6;0;SOLEIL;1;0;0
Nîmes;43.83;4.36;12/08/2026;01:00;24.6;0;SOLEIL;1;0;0
Nîmes;43.83;4.36;12/08/2026;02:00;20.9;0;SOLEIL;5;0;0
Nîmes;43.83;4.36;12/08/2026;03:00;20.9;0;SOLEIL;5;0;0
Nîmes;43.83;4.36;12/08/2026;04:00;20.9;0;SOLEIL;5;0;0
Nîmes;43.83;4.36;12/08/2026;05:00;24.6;0;SOLEIL;1;0;0
Nîmes;43.83;4.36;12/08/2026;06:00;24.6;0;SOLEIL;1;0;0
Nîmes;43.83;4.36;12/08/2026;07:00;24.6;0;SOLEIL;1;0;0
Nîmes;43.83;4.36;12/08/2026;08:00;24.7;0;SOLEIL;5;0;0
Nîmes;43.83;4.36;12/08/2026;09:00;26.6;0;SOLEIL;5;0;0
Nîmes;43.83;4.36;12/08/2026;10:00;28.5;0;SOLEIL;5;0;0
Nîmes;43.83;4.36;12/08/2026;11:00;37.6;0;SOLEIL;3;0;0
Nîmes;43.83;4.36;12/08/2026;12:00;37.6;0;SOLEIL;3;0;0
Nîmes;43.83;4.36;12/08/2026;13:00;37.6;0;SOLEIL;3;0;0
Nîmes;43.83;4.36;12/08/2026;14:00;36.1;0;SOLEIL;5;0;0
Nîmes;43.83;4.36;12/08/2026;15:00;38.0;0;SOLEIL;5;0;0
Nîmes;43.83;4.36;12/08/2026;16:00;36.1;0;SOLEIL;5;0;0
Nîmes;43.83;4.36;12/08/2026;17:00;32.9;0;SOLEIL;2;0;0
Nîmes;43.83;4.36;12/08/2026;18:00;32.9;0;SOLEIL;2;0;0
Nîmes;43.83;4.36;12/08/2026;19:00;32.9;0;SOLEIL;2;0;0
Nîmes;43.83;4.36;12/08/2026;20:00;28.5;0;SOLEIL;5;0;0
Nîmes;43.83;4.36;12/08/2026;21:00;26.6;0;SOLEIL;5;0;0
Nîmes;43.83;4.36;12/08/2026;22:00;24.7;0;SOLEIL;5;0;0
Nîmes;43.83;4.36;12/08/2026;23:00;26.6;0;SOLEIL;0;0;0
Saint-Gaudens;43.1;0.72;08/08/2026;00:00;26.6;0;SOLEIL;5;0;0
Saint-Gaudens;43.1;0.72;08/08/2026;01:00;26.6;0;SOLEIL;5;0;0
Saint-Gaudens;43.1;0.72;08/08/2026;02:00;24.9;0;SOLEIL;4;0;0
Saint-Gaudens;43.1;0.72;08/08/2026;03:00;24.9;0;SOLEIL;4;0;0
Saint-Gaudens;43.1;0.72;08/08/2026;04:00;24.9;0;SOLEIL;4;0;0
Saint-Gaudens;43.1;0.72;08/08/2026;05:00;25.9;0;SOLEIL;4;0;0
Saint-Gaudens;43.1;0.72;08/08/2026;06:00;25.9;0;SOLEIL;4;0;0
Saint-Gaudens;43.1;0.72;08/08/2026;07:00;25.9;0;SOLEIL;4;0;0
Saint-Gaudens;43.1;0.72;08/08/2026;08:00;32.1;0;SOLEIL;4;0;0
Saint-Gaudens;43.1;0.72;08/08/2026;09:00;32.1;0;SOLEIL;4;0;0
Saint-Gaudens;43.1;0.72;08/08/2026;10:00;32.1;0;SOLEIL;4;0;0
Saint-Gaudens;43.1;0.72;08/08/2026;11:00;36.2;0;SOLEIL;0;0;0
Saint-Gaudens;43.1;0.72;08/08/2026;12:00;36.2;0;SOLEIL;0;0;0
Saint-Gaudens;43.1;0.72;08/08/2026;13:00;36.2;0;SOLEIL;0;0;0
Saint-Gaudens;43.1;0.72;08/08/2026;14:00;36.6;0;SOLEIL;4;0;0
Saint-Gaudens;43.1;0.72;08/08/2026;15:00;36.6;0;SOLEIL;4;0;0
Saint-Gaudens;43.1;0.72;08/08/2026;16:00;36.6;0;SOLEIL;4;0;0
Saint-Gaudens;43.1;0.72;08/08/2026;17:00;32.6;5;SOLEIL VOILÉ;5;12;0
Saint-Gaudens;43.1;0.72;08/08/2026;18:00;32.6;5;SOLEIL VOILÉ;5;12;0
Saint-Gaudens;43.1;0.72;08/08/2026;19:00;32.6;5;SOLEIL VOILÉ;5;12;0
Saint-Gaudens;43.1;0.72;08/08/2026;20:00;27;5;SOLEIL VOILÉ;2;0;0
Saint-Gaudens;43.1;0.72;08/08/2026;21:00;27;5;SOLEIL VOILÉ;2;0;0
Saint-Gaudens;43.1;0.72;08/08/2026;22:00;27;5;SOLEIL VOILÉ;2;0;0
Saint-Gaudens;43.1;0.72;08/08/2026;23:00;24.6;0;SOLEIL;2;0;0
Saint-Gaudens;43.1;0.72;09/08/2026;00:00;24.6;0;SOLEIL;2;0;0
Saint-Gaudens;43.1;0.72;09/08/2026;01:00;24.6;0;SOLEIL;2;0;0
Saint-Gaudens;43.1;0.72;09/08/2026;02:00;23.6;0;SOLEIL;1;0;0
Saint-Gaudens;43.1;0.72;09/08/2026;03:00;23.6;0;SOLEIL;1;0;0
Saint-Gaudens;43.1;0.72;09/08/2026;04:00;23.6;0;SOLEIL;1;0;0
Saint-Gaudens;43.1;0.72;09/08/2026;05:00;24.7;0;SOLEIL;2;0;0
Saint-Gaudens;43.1;0.72;09/08/2026;06:00;24.7;0;SOLEIL;2;0;0
Saint-Gaudens;43.1;0.72;09/08/2026;07:00;24.7;0;SOLEIL;2;0;0
Saint-Gaudens;43.1;0.72;09/08/2026;08:00;30.5;0;SOLEIL;3;0;0
Saint-Gaudens;43.1;0.72;09/08/2026;09:00;30.5;0;SOLEIL;3;0;0
Saint-Gaudens;43.1;0.72;09/08/2026;10:00;30.5;0;SOLEIL;3;0;0
Saint-Gaudens;43.1;0.72;09/08/2026;11:00;33.1;0;SOLEIL;5;11;0
Saint-Gaudens;43.1;0.72;09/08/2026;12:00;33.1;0;SOLEIL;5;11;0
Saint-Gaudens;43.1;0.72;09/08/2026;13:00;33.1;0;SOLEIL;5;11;0
Saint-Gaudens;43.1;0.72;09/08/2026;14:00;31.9;10;ORAGEUX;5;11;0
Saint-Gaudens;43.1;0.72;09/08/2026;15:00;31.9;10;ORAGEUX;5;11;0
Saint-Gaudens;43.1;0.72;09/08/2026;16:00;31.9;10;ORAGEUX;5;11;0
Saint-Gaudens;43.1;0.72;09/08/2026;17:00;30.1;0;SOLEIL;3;0;0
Saint-Gaudens;43.1;0.72;09/08/2026;18:00;30.1;0;SOLEIL;3;0;0
Saint-Gaudens;43.1;0.72;09/08/2026;19:00;30.1;0;SOLEIL;3;0;0
Saint-Gaudens;43.1;0.72;09/08/2026;20:00;29.7;0;SOLEIL;5;0;0
Saint-Gaudens;43.1;0.72;09/08/2026;21:00;28.0;0;SOLEIL;5;0;0
Saint-Gaudens;43.1;0.72;09/08/2026;22:00;26.4;0;SOLEIL;5;0;0
Saint-Gaudens;43.1;0.72;09/08/2026;23:00;25.5;0;SOLEIL;1;0;0
Saint-Gaudens;43.1;0.72;10/08/2026;00:00;25.5;0;SOLEIL;1;0;0
Saint-Gaudens;43.1;0.72;10/08/2026;01:00;25.5;0;SOLEIL;1;0;0
Saint-Gaudens;43.1;0.72;10/08/2026;02:00;22.9;10;ORAGEUX;5;0;0
Saint-Gaudens;43.1;0.72;10/08/2026;03:00;22.9;10;ORAGEUX;5;0;0
Saint-Gaudens;43.1;0.72;10/08/2026;04:00;22.9;10;ORAGEUX;5;0;0
Saint-Gaudens;43.1;0.72;10/08/2026;05:00;25;0;SOLEIL;2;0;0
Saint-Gaudens;43.1;0.72;10/08/2026;06:00;25;0;SOLEIL;2;0;0
Saint-Gaudens;43.1;0.72;10/08/2026;07:00;25;0;SOLEIL;2;0;0
Saint-Gaudens;43.1;0.72;10/08/2026;08:00;25.3;10;ORAGEUX;5;0;0
Saint-Gaudens;43.1;0.72;10/08/2026;09:00;26.5;10;ORAGEUX;5;0;0
Saint-Gaudens;43.1;0.72;10/08/2026;10:00;27.7;10;ORAGEUX;5;0;0
Saint-Gaudens;43.1;0.72;10/08/2026;11:00;35.5;0;SOLEIL;3;0;0
Saint-Gaudens;43.1;0.72;10/08/2026;12:00;35.5;0;SOLEIL;3;0;0
Saint-Gaudens;43.1;0.72;10/08/2026;13:00;35.5;0;SOLEIL;3;0;0
Saint-Gaudens;43.1;0.72;10/08/2026;14:00;32.4;10;ORAGEUX;5;0;0
Saint-Gaudens;43.1;0.72;10/08/2026;15:00;33.6;10;ORAGEUX;5;0;0
Saint-Gaudens;43.1;0.72;10/08/2026;16:00;32.4;10;ORAGEUX;5;0;0
Saint-Gaudens;43.1;0.72;10/08/2026;17:00;31;0;SOLEIL;3;0;0
Saint-Gaudens;43.1;0.72;10/08/2026;18:00;31;0;SOLEIL;3;0;0
Saint-Gaudens;43.1;0.72;10/08/2026;19:00;31;0;SOLEIL;3;0;0
Saint-Gaudens;43.1;0.72;10/08/2026;20:00;27.7;10;ORAGEUX;5;0;0
Saint-Gaudens;43.1;0.72;10/08/2026;21:00;26.5;10;ORAGEUX;5;0;0
Saint-Gaudens;43.1;0.72;10/08/2026;22:00;25.3;10;ORAGEUX;5;0;0
Saint-Gaudens;43.1;0.72;10/08/2026;23:00;25.1;0;SOLEIL;3;0;0
Saint-Gaudens;43.1;0.72;11/08/2026;00:00;25.1;0;SOLEIL;3;0;0
Saint-Gaudens;43.1;0.72;11/08/2026;01:00;25.1;0;SOLEIL;3;0;0
Saint-Gaudens;43.1;0.72;11/08/2026;02:00;23;0;SOLEIL;5;0;0
Saint-Gaudens;43.1;0.72;11/08/2026;03:00;23;0;SOLEIL;5;0;0
Saint-Gaudens;43.1;0.72;11/08/2026;04:00;23;0;SOLEIL;5;0;0
Saint-Gaudens;43.1;0.72;11/08/2026;05:00;26.1;0;SOLEIL;3;0;0
Saint-Gaudens;43.1;0.72;11/08/2026;06:00;26.1;0;SOLEIL;3;0;0
Saint-Gaudens;43.1;0.72;11/08/2026;07:00;26.1;0;SOLEIL;3;0;0
Saint-Gaudens;43.1;0.72;11/08/2026;08:00;26.0;0;SOLEIL;5;0;0
Saint-Gaudens;43.1;0.72;11/08/2026;09:00;27.5;0;SOLEIL;5;0;0
Saint-Gaudens;43.1;0.72;11/08/2026;10:00;29.0;0;SOLEIL;5;0;0
Saint-Gaudens;43.1;0.72;11/08/2026;11:00;36.6;0;SOLEIL;3;0;0
Saint-Gaudens;43.1;0.72;11/08/2026;12:00;36.6;0;SOLEIL;3;0;0
Saint-Gaudens;43.1;0.72;11/08/2026;13:00;36.6;0;SOLEIL;3;0;0
Saint-Gaudens;43.1;0.72;11/08/2026;14:00;35.1;0;SOLEIL;5;0;0
Saint-Gaudens;43.1;0.72;11/08/2026;15:00;36.6;0;SOLEIL;5;0;0
Saint-Gaudens;43.1;0.72;11/08/2026;16:00;35.1;0;SOLEIL;5;0;0
Saint-Gaudens;43.1;0.72;11/08/2026;17:00;30.5;0;SOLEIL;4;0;0
Saint-Gaudens;43.1;0.72;11/08/2026;18:00;30.5;0;SOLEIL;4;0;0
Saint-Gaudens;43.1;0.72;11/08/2026;19:00;30.5;0;SOLEIL;4;0;0
Saint-Gaudens;43.1;0.72;11/08/2026;20:00;29.0;0;SOLEIL;5;0;0
Saint-Gaudens;43.1;0.72;11/08/2026;21:00;27.5;0;SOLEIL;5;0;0
Saint-Gaudens;43.1;0.72;11/08/2026;22:00;26.0;0;SOLEIL;5;0;0
Saint-Gaudens;43.1;0.72;11/08/2026;23:00;25.1;0;SOLEIL;2;0;0
Saint-Gaudens;43.1;0.72;12/08/2026;00:00;25.1;0;SOLEIL;2;0;0
Saint-Gaudens;43.1;0.72;12/08/2026;01:00;25.1;0;SOLEIL;2;0;0
Saint-Gaudens;43.1;0.72;12/08/2026;02:00;22.9;0;SOLEIL;5;0;0
Saint-Gaudens;43.1;0.72;12/08/2026;03:00;22.9;0;SOLEIL;5;0;0
Saint-Gaudens;43.1;0.72;12/08/2026;04:00;22.9;0;SOLEIL;5;0;0
Saint-Gaudens;43.1;0.72;12/08/2026;05:00;25.1;0;SOLEIL;2;0;0
Saint-Gaudens;43.1;0.72;12/08/2026;06:00;25.1;0;SOLEIL;2;0;0
Saint-Gaudens;43.1;0.72;12/08/2026;07:00;25.1;0;SOLEIL;2;0;0
Saint-Gaudens;43.1;0.72;12/08/2026;08:00;26.3;0;SOLEIL;5;0;0
Saint-Gaudens;43.1;0.72;12/08/2026;09:00;27.9;0;SOLEIL;5;0;0
Saint-Gaudens;43.1;0.72;12/08/2026;10:00;29.6;0;SOLEIL;5;0;0
Saint-Gaudens;43.1;0.72;12/08/2026;11:00;36.6;0;SOLEIL;3;0;0
Saint-Gaudens;43.1;0.72;12/08/2026;12:00;36.6;0;SOLEIL;3;0;0
Saint-Gaudens;43.1;0.72;12/08/2026;13:00;36.6;0;SOLEIL;3;0;0
Saint-Gaudens;43.1;0.72;12/08/2026;14:00;36.3;0;SOLEIL;5;0;0
Saint-Gaudens;43.1;0.72;12/08/2026;15:00;38.0;0;SOLEIL;5;0;0
Saint-Gaudens;43.1;0.72;12/08/2026;16:00;36.3;0;SOLEIL;5;0;0
Saint-Gaudens;43.1;0.72;12/08/2026;17:00;30.6;0;SOLEIL;3;0;0
Saint-Gaudens;43.1;0.72;12/08/2026;18:00;30.6;0;SOLEIL;3;0;0
Saint-Gaudens;43.1;0.72;12/08/2026;19:00;30.6;0;SOLEIL;3;0;0
Saint-Gaudens;43.1;0.72;12/08/2026;20:00;29.6;0;SOLEIL;5;0;0
Saint-Gaudens;43.1;0.72;12/08/2026;21:00;27.9;0;SOLEIL;5;0;0
Saint-Gaudens;43.1;0.72;12/08/2026;22:00;26.3;0;SOLEIL;5;0;0
Saint-Gaudens;43.1;0.72;12/08/2026;23:00;24.9;0;SOLEIL;2;0;0
Toulouse;43.6;1.44;08/08/2026;00:00;19.6;0;SOLEIL;1;0;0
Toulouse;43.6;1.44;08/08/2026;01:00;19.6;0;SOLEIL;1;0;0
Toulouse;43.6;1.44;08/08/2026;02:00;18;0;SOLEIL;2;0;0
Toulouse;43.6;1.44;08/08/2026;03:00;18;0;SOLEIL;2;0;0
Toulouse;43.6;1.44;08/08/2026;04:00;18;0;SOLEIL;2;0;0
Toulouse;43.6;1.44;08/08/2026;05:00;18.9;0;SOLEIL;1;0;0
Toulouse;43.6;1.44;08/08/2026;06:00;18.9;0;SOLEIL;1;0;0
Toulouse;43.6;1.44;08/08/2026;07:00;18.9;0;SOLEIL;1;0;0
Toulouse;43.6;1.44;08/08/2026;08:00;28.6;0;SOLEIL;2;0;0
Toulouse;43.6;1.44;08/08/2026;09:00;28.6;0;SOLEIL;2;0;0
Toulouse;43.6;1.44;08/08/2026;10:00;28.6;0;SOLEIL;2;0;0
Toulouse;43.6;1.44;08/08/2026;11:00;34.1;0;SOLEIL;3;0;0
Toulouse;43.6;1.44;08/08/2026;12:00;34.1;0;SOLEIL;3;0;0
Toulouse;43.6;1.44;08/08/2026;13:00;34.1;0;SOLEIL;3;0;0
Toulouse;43.6;1.44;08/08/2026;14:00;34;10;ORAGEUX;3;0;0
Toulouse;43.6;1.44;08/08/2026;15:00;34;10;ORAGEUX;3;0;0
Toulouse;43.6;1.44;08/08/2026;16:00;34;10;ORAGEUX;3;0;0
Toulouse;43.6;1.44;08/08/2026;17:00;32.6;10;ORAGEUX;2;0;0
Toulouse;43.6;1.44;08/08/2026;18:00;32.6;10;ORAGEUX;2;0;0
Toulouse;43.6;1.44;08/08/2026;19:00;32.6;10;ORAGEUX;2;0;0
Toulouse;43.6;1.44;08/08/2026;20:00;23.5;0;SOLEIL;2;0;0
Toulouse;43.6;1.44;08/08/2026;21:00;23.5;0;SOLEIL;2;0;0
Toulouse;43.6;1.44;08/08/2026;22:00;23.5;0;SOLEIL;2;0;0
Toulouse;43.6;1.44;08/08/2026;23:00;21.6;0;SOLEIL;3;0;0
Toulouse;43.6;1.44;09/08/2026;00:00;21.6;0;SOLEIL;3;0;0
Toulouse;43.6;1.44;09/08/2026;01:00;21.6;0;SOLEIL;3;0;0
Toulouse;43.6;1.44;09/08/2026;02:00;18.9;0;SOLEIL;2;0;0
Toulouse;43.6;1.44;09/08/2026;03:00;18.9;0;SOLEIL;2;0;0
Toulouse;43.6;1.44;09/08/2026;04:00;18.9;0;SOLEIL;2;0;0
Toulouse;43.6;1.44;09/08/2026;05:00;19.2;0;SOLEIL;2;0;0
Toulouse;43.6;1.44;09/08/2026;06:00;19.2;0;SOLEIL;2;0;0
Toulouse;43.6;1.44;09/08/2026;07:00;19.2;0;SOLEIL;2;0;0
Toulouse;43.6;1.44;09/08/2026;08:00;27.7;0;SOLEIL;3;0;0
Toulouse;43.6;1.44;09/08/2026;09:00;27.7;0;SOLEIL;3;0;0
Toulouse;43.6;1.44;09/08/2026;10:00;27.7;0;SOLEIL;3;0;0
Toulouse;43.6;1.44;09/08/2026;11:00;32.1;0;SOLEIL;3;0;0
Toulouse;43.6;1.44;09/08/2026;12:00;32.1;0;SOLEIL;3;0;0
Toulouse;43.6;1.44;09/08/2026;13:00;32.1;0;SOLEIL;3;0;0
Toulouse;43.6;1.44;09/08/2026;14:00;33.2;10;ORAGEUX;3;0;0
Toulouse;43.6;1.44;09/08/2026;15:00;33.2;10;ORAGEUX;3;0;0
Toulouse;43.6;1.44;09/08/2026;16:00;33.2;10;ORAGEUX;3;0;0
Toulouse;43.6;1.44;09/08/2026;17:00;29.5;10;ORAGEUX;3;0;0
Toulouse;43.6;1.44;09/08/2026;18:00;29.5;10;ORAGEUX;3;0;0
Toulouse;43.6;1.44;09/08/2026;19:00;29.5;10;ORAGEUX;3;0;0
Toulouse;43.6;1.44;09/08/2026;20:00;25.4;10;ORAGEUX;5;0;0
Toulouse;43.6;1.44;09/08/2026;21:00;23.3;10;ORAGEUX;5;0;0
Toulouse;43.6;1.44;09/08/2026;22:00;21.1;10;ORAGEUX;5;0;0
Toulouse;43.6;1.44;09/08/2026;23:00;21.1;0;SOLEIL;4;0;0
Toulouse;43.6;1.44;10/08/2026;00:00;21.1;0;SOLEIL;4;0;0
Toulouse;43.6;1.44;10/08/2026;01:00;21.1;0;SOLEIL;4;0;0
Toulouse;43.6;1.44;10/08/2026;02:00;18.1;10;ORAGEUX;5;0;0
Toulouse;43.6;1.44;10/08/2026;03:00;18.1;10;ORAGEUX;5;0;0
Toulouse;43.6;1.44;10/08/2026;04:00;18.1;10;ORAGEUX;5;0;0
Toulouse;43.6;1.44;10/08/2026;05:00;19.4;0;SOLEIL;2;0;0
Toulouse;43.6;1.44;10/08/2026;06:00;19.4;0;SOLEIL;2;0;0
Toulouse;43.6;1.44;10/08/2026;07:00;19.4;0;SOLEIL;2;0;0
Toulouse;43.6;1.44;10/08/2026;08:00;21.6;10;ORAGEUX;5;0;0
Toulouse;43.6;1.44;10/08/2026;09:00;23.4;10;ORAGEUX;5;0;0
Toulouse;43.6;1.44;10/08/2026;10:00;25.2;10;ORAGEUX;5;0;0
Toulouse;43.6;1.44;10/08/2026;11:00;30.6;0;SOLEIL;2;0;0
Toulouse;43.6;1.44;10/08/2026;12:00;30.6;0;SOLEIL;2;0;0
Toulouse;43.6;1.44;10/08/2026;13:00;30.6;0;SOLEIL;2;0;0
Toulouse;43.6;1.44;10/08/2026;14:00;32.2;10;ORAGEUX;5;0;0
Toulouse;43.6;1.44;10/08/2026;15:00;34.0;10;ORAGEUX;5;0;0
Toulouse;43.6;1.44;10/08/2026;16:00;32.2;10;ORAGEUX;5;0;0
Toulouse;43.6;1.44;10/08/2026;17:00;27.9;0;SOLEIL;2;0;0
Toulouse;43.6;1.44;10/08/2026;18:00;27.9;0;SOLEIL;2;0;0
Toulouse;43.6;1.44;10/08/2026;19:00;27.9;0;SOLEIL;2;0;0
Toulouse;43.6;1.44;10/08/2026;20:00;25.2;10;ORAGEUX;5;0;0
Toulouse;43.6;1.44;10/08/2026;21:00;23.4;10;ORAGEUX;5;0;0
Toulouse;43.6;1.44;10/08/2026;22:00;21.6;10;ORAGEUX;5;0;0
Toulouse;43.6;1.44;10/08/2026;23:00;20.5;0;SOLEIL;1;0;0
Toulouse;43.6;1.44;11/08/2026;00:00;20.5;0;SOLEIL;1;0;0
Toulouse;43.6;1.44;11/08/2026;01:00;20.5;0;SOLEIL;1;0;0
Toulouse;43.6;1.44;11/08/2026;02:00;18.5;0;SOLEIL;5;0;0
Toulouse;43.6;1.44;11/08/2026;03:00;18.5;0;SOLEIL;5;0;0
Toulouse;43.6;1.44;11/08/2026;04:00;18.5;0;SOLEIL;5;0;0
Toulouse;43.6;1.44;11/08/2026;05:00;19.1;0;SOLEIL;2;0;0
Toulouse;43.6;1.44;11/08/2026;06:00;19.1;0;SOLEIL;2;0;0
Toulouse;43.6;1.44;11/08/2026;07:00;19.1;0;SOLEIL;2;0;0
Toulouse;43.6;1.44;11/08/2026;08:00;21.8;0;SOLEIL;5;0;0
Toulouse;43.6;1.44;11/08/2026;09:00;23.4;0;SOLEIL;5;0;0
Toulouse;43.6;1.44;11/08/2026;10:00;25.0;0;SOLEIL;5;0;0
Toulouse;43.6;1.44;11/08/2026;11:00;33.7;0;SOLEIL;3;0;0
Toulouse;43.6;1.44;11/08/2026;12:00;33.7;0;SOLEIL;3;0;0
Toulouse;43.6;1.44;11/08/2026;13:00;33.7;0;SOLEIL;3;0;0
Toulouse;43.6;1.44;11/08/2026;14:00;31.6;0;SOLEIL;5;0;0
Toulouse;43.6;1.44;11/08/2026;15:00;33.2;0;SOLEIL;5;0;0
Toulouse;43.6;1.44;11/08/2026;16:00;31.6;0;SOLEIL;5;0;0
Toulouse;43.6;1.44;11/08/2026;17:00;30.7;0;SOLEIL;3;0;0
Toulouse;43.6;1.44;11/08/2026;18:00;30.7;0;SOLEIL;3;0;0
Toulouse;43.6;1.44;11/08/2026;19:00;30.7;0;SOLEIL;3;0;0
Toulouse;43.6;1.44;11/08/2026;20:00;25.0;0;SOLEIL;5;0;0
Toulouse;43.6;1.44;11/08/2026;21:00;23.4;0;SOLEIL;5;0;0
Toulouse;43.6;1.44;11/08/2026;22:00;21.8;0;SOLEIL;5;0;0
Toulouse;43.6;1.44;11/08/2026;23:00;21.7;0;SOLEIL;2;0;0
Toulouse;43.6;1.44;12/08/2026;00:00;21.7;0;SOLEIL;2;0;0
Toulouse;43.6;1.44;12/08/2026;01:00;21.7;0;SOLEIL;2;0;0
Toulouse;43.6;1.44;12/08/2026;02:00;17.4;0;SOLEIL;5;0;0
Toulouse;43.6;1.44;12/08/2026;03:00;17.4;0;SOLEIL;5;0;0
Toulouse;43.6;1.44;12/08/2026;04:00;17.4;0;SOLEIL;5;0;0
Toulouse;43.6;1.44;12/08/2026;05:00;20.6;0;SOLEIL;2;0;0
Toulouse;43.6;1.44;12/08/2026;06:00;20.6;0;SOLEIL;2;0;0
Toulouse;43.6;1.44;12/08/2026;07:00;20.6;0;SOLEIL;2;0;0
Toulouse;43.6;1.44;12/08/2026;08:00;21.5;0;SOLEIL;5;0;0
Toulouse;43.6;1.44;12/08/2026;09:00;23.6;0;SOLEIL;5;0;0
Toulouse;43.6;1.44;12/08/2026;10:00;25.6;0;SOLEIL;5;0;0
Toulouse;43.6;1.44;12/08/2026;11:00;34.5;0;SOLEIL;2;0;0
Toulouse;43.6;1.44;12/08/2026;12:00;34.5;0;SOLEIL;2;0;0
Toulouse;43.6;1.44;12/08/2026;13:00;34.5;0;SOLEIL;2;0;0
Toulouse;43.6;1.44;12/08/2026;14:00;33.8;0;SOLEIL;5;0;0
Toulouse;43.6;1.44;12/08/2026;15:00;35.9;0;SOLEIL;5;0;0
Toulouse;43.6;1.44;12/08/2026;16:00;33.8;0;SOLEIL;5;0;0
Toulouse;43.6;1.44;12/08/2026;17:00;31.9;0;SOLEIL;2;0;0
Toulouse;43.6;1.44;12/08/2026;18:00;31.9;0;SOLEIL;2;0;0
Toulouse;43.6;1.44;12/08/2026;19:00;31.9;0;SOLEIL;2;0;0
Toulouse;43.6;1.44;12/08/2026;20:00;25.6;0;SOLEIL;5;0;0
Toulouse;43.6;1.44;12/08/2026;21:00;23.6;0;SOLEIL;5;0;0
Toulouse;43.6;1.44;12/08/2026;22:00;21.5;0;SOLEIL;5;0;0
Toulouse;43.6;1.44;12/08/2026;23:00;22.6;0;SOLEIL;4;0;0
Auch;43.64;0.58;08/08/2026;00:00;21.9;0;SOLEIL;0;0;0
Auch;43.64;0.58;08/08/2026;01:00;21.9;0;SOLEIL;0;0;0
Auch;43.64;0.58;08/08/2026;02:00;20.1;0;SOLEIL;0;0;0
Auch;43.64;0.58;08/08/2026;03:00;20.1;0;SOLEIL;0;0;0
Auch;43.64;0.58;08/08/2026;04:00;20.1;0;SOLEIL;0;0;0
Auch;43.64;0.58;08/08/2026;05:00;20.2;0;SOLEIL;1;0;0
Auch;43.64;0.58;08/08/2026;06:00;20.2;0;SOLEIL;1;0;0
Auch;43.64;0.58;08/08/2026;07:00;20.2;0;SOLEIL;1;0;0
Auch;43.64;0.58;08/08/2026;08:00;29.4;0;SOLEIL;1;0;0
Auch;43.64;0.58;08/08/2026;09:00;29.4;0;SOLEIL;1;0;0
Auch;43.64;0.58;08/08/2026;10:00;29.4;0;SOLEIL;1;0;0
Auch;43.64;0.58;08/08/2026;11:00;34.2;0;SOLEIL;3;0;0
Auch;43.64;0.58;08/08/2026;12:00;34.2;0;SOLEIL;3;0;0
Auch;43.64;0.58;08/08/2026;13:00;34.2;0;SOLEIL;3;0;0
Auch;43.64;0.58;08/08/2026;14:00;36.6;10;ORAGEUX;3;0;0
Auch;43.64;0.58;08/08/2026;15:00;36.6;10;ORAGEUX;3;0;0
Auch;43.64;0.58;08/08/2026;16:00;36.6;10;ORAGEUX;3;0;0
Auch;43.64;0.58;08/08/2026;17:00;33.1;10;ORAGEUX;3;0;0
Auch;43.64;0.58;08/08/2026;18:00;33.1;10;ORAGEUX;3;0;0
Auch;43.64;0.58;08/08/2026;19:00;33.1;10;ORAGEUX;3;0;0
Auch;43.64;0.58;08/08/2026;20:00;27.1;10;ORAGEUX;2;0;0
Auch;43.64;0.58;08/08/2026;21:00;27.1;10;ORAGEUX;2;0;0
Auch;43.64;0.58;08/08/2026;22:00;27.1;10;ORAGEUX;2;0;0
Auch;43.64;0.58;08/08/2026;23:00;25.2;0;SOLEIL;4;0;0
Auch;43.64;0.58;09/08/2026;00:00;25.2;0;SOLEIL;4;0;0
Auch;43.64;0.58;09/08/2026;01:00;25.2;0;SOLEIL;4;0;0
Auch;43.64;0.58;09/08/2026;02:00;21.9;0;SOLEIL;3;0;0
Auch;43.64;0.58;09/08/2026;03:00;21.9;0;SOLEIL;3;0;0
Auch;43.64;0.58;09/08/2026;04:00;21.9;0;SOLEIL;3;0;0
Auch;43.64;0.58;09/08/2026;05:00;21.7;0;SOLEIL;2;0;0
Auch;43.64;0.58;09/08/2026;06:00;21.7;0;SOLEIL;2;0;0
Auch;43.64;0.58;09/08/2026;07:00;21.7;0;SOLEIL;2;0;0
Auch;43.64;0.58;09/08/2026;08:00;28.1;0;SOLEIL;3;0;0
Auch;43.64;0.58;09/08/2026;09:00;28.1;0;SOLEIL;3;0;0
Auch;43.64;0.58;09/08/2026;10:00;28.1;0;SOLEIL;3;0;0
Auch;43.64;0.58;09/08/2026;11:00;32.7;0;SOLEIL;2;0;0
Auch;43.64;0.58;09/08/2026;12:00;32.7;0;SOLEIL;2;0;0
Auch;43.64;0.58;09/08/2026;13:00;32.7;0;SOLEIL;2;0;0
Auch;43.64;0.58;09/08/2026;14:00;33.9;10;ORAGEUX;2;0;0
Auch;43.64;0.58;09/08/2026;15:00;33.9;10;ORAGEUX;2;0;0
Auch;43.64;0.58;09/08/2026;16:00;33.9;10;ORAGEUX;2;0;0
Auch;43.64;0.58;09/08/2026;17:00;29;10;ORAGEUX;3;0;0
Auch;43.64;0.58;09/08/2026;18:00;29;10;ORAGEUX;3;0;0
Auch;43.64;0.58;09/08/2026;19:00;29;10;ORAGEUX;3;0;0
Auch;43.64;0.58;09/08/2026;20:00;26.8;10;ORAGEUX;5;0;0
Auch;43.64;0.58;09/08/2026;21:00;24.6;10;ORAGEUX;5;0;0
Auch;43.64;0.58;09/08/2026;22:00;22.4;10;ORAGEUX;5;0;0
Auch;43.64;0.58;09/08/2026;23:00;22.5;10;ORAGEUX;4;0;0
Auch;43.64;0.58;10/08/2026;00:00;22.5;10;ORAGEUX;4;0;0
Auch;43.64;0.58;10/08/2026;01:00;22.5;10;ORAGEUX;4;0;0
Auch;43.64;0.58;10/08/2026;02:00;20.1;10;ORAGEUX;5;0;0
Auch;43.64;0.58;10/08/2026;03:00;20.1;10;ORAGEUX;5;0;0
Auch;43.64;0.58;10/08/2026;04:00;20.1;10;ORAGEUX;5;0;0
Auch;43.64;0.58;10/08/2026;05:00;21;0;SOLEIL;3;0;0
Auch;43.64;0.58;10/08/2026;06:00;21;0;SOLEIL;3;0;0
Auch;43.64;0.58;10/08/2026;07:00;21;0;SOLEIL;3;0;0
Auch;43.64;0.58;10/08/2026;08:00;23.3;10;ORAGEUX;5;0;0
Auch;43.64;0.58;10/08/2026;09:00;24.9;10;ORAGEUX;5;0;0
Auch;43.64;0.58;10/08/2026;10:00;26.5;10;ORAGEUX;5;0;0
Auch;43.64;0.58;10/08/2026;11:00;32;0;SOLEIL;2;0;0
Auch;43.64;0.58;10/08/2026;12:00;32;0;SOLEIL;2;0;0
Auch;43.64;0.58;10/08/2026;13:00;32;0;SOLEIL;2;0;0
Auch;43.64;0.58;10/08/2026;14:00;33.0;10;ORAGEUX;5;0;0
Auch;43.64;0.58;10/08/2026;15:00;34.6;10;ORAGEUX;5;0;0
Auch;43.64;0.58;10/08/2026;16:00;33.0;10;ORAGEUX;5;0;0
Auch;43.64;0.58;10/08/2026;17:00;31.2;0;SOLEIL;2;0;0
Auch;43.64;0.58;10/08/2026;18:00;31.2;0;SOLEIL;2;0;0
Auch;43.64;0.58;10/08/2026;19:00;31.2;0;SOLEIL;2;0;0
Auch;43.64;0.58;10/08/2026;20:00;26.5;10;ORAGEUX;5;0;0
Auch;43.64;0.58;10/08/2026;21:00;24.9;10;ORAGEUX;5;0;0
Auch;43.64;0.58;10/08/2026;22:00;23.3;10;ORAGEUX;5;0;0
Auch;43.64;0.58;10/08/2026;23:00;24.1;0;SOLEIL;2;0;0
Auch;43.64;0.58;11/08/2026;00:00;24.1;0;SOLEIL;2;0;0
Auch;43.64;0.58;11/08/2026;01:00;24.1;0;SOLEIL;2;0;0
Auch;43.64;0.58;11/08/2026;02:00;20.5;0;SOLEIL;5;0;0
Auch;43.64;0.58;11/08/2026;03:00;20.5;0;SOLEIL;5;0;0
Auch;43.64;0.58;11/08/2026;04:00;20.5;0;SOLEIL;5;0;0
Auch;43.64;0.58;11/08/2026;05:00;21.5;0;SOLEIL;3;0;0
Auch;43.64;0.58;11/08/2026;06:00;21.5;0;SOLEIL;3;0;0
Auch;43.64;0.58;11/08/2026;07:00;21.5;0;SOLEIL;3;0;0
Auch;43.64;0.58;11/08/2026;08:00;23.8;0;SOLEIL;5;0;0
Auch;43.64;0.58;11/08/2026;09:00;25.4;0;SOLEIL;5;0;0
Auch;43.64;0.58;11/08/2026;10:00;27.0;0;SOLEIL;5;0;0
Auch;43.64;0.58;11/08/2026;11:00;37.1;0;SOLEIL;3;0;0
Auch;43.64;0.58;11/08/2026;12:00;37.1;0;SOLEIL;3;0;0
Auch;43.64;0.58;11/08/2026;13:00;37.1;0;SOLEIL;3;0;0
Auch;43.64;0.58;11/08/2026;14:00;33.6;0;SOLEIL;5;0;0
Auch;43.64;0.58;11/08/2026;15:00;35.2;0;SOLEIL;5;0;0
Auch;43.64;0.58;11/08/2026;16:00;33.6;0;SOLEIL;5;0;0
Auch;43.64;0.58;11/08/2026;17:00;36.1;0;SOLEIL;3;0;0
Auch;43.64;0.58;11/08/2026;18:00;36.1;0;SOLEIL;3;0;0
Auch;43.64;0.58;11/08/2026;19:00;36.1;0;SOLEIL;3;0;0
Auch;43.64;0.58;11/08/2026;20:00;27.0;0;SOLEIL;5;0;0
Auch;43.64;0.58;11/08/2026;21:00;25.4;0;SOLEIL;5;0;0
Auch;43.64;0.58;11/08/2026;22:00;23.8;0;SOLEIL;5;0;0
Auch;43.64;0.58;11/08/2026;23:00;25.6;0;SOLEIL;3;0;0
Auch;43.64;0.58;12/08/2026;00:00;25.6;0;SOLEIL;3;0;0
Auch;43.64;0.58;12/08/2026;01:00;25.6;0;SOLEIL;3;0;0
Auch;43.64;0.58;12/08/2026;02:00;20.4;0;SOLEIL;5;0;0
Auch;43.64;0.58;12/08/2026;03:00;20.4;0;SOLEIL;5;0;0
Auch;43.64;0.58;12/08/2026;04:00;20.4;0;SOLEIL;5;0;0
Auch;43.64;0.58;12/08/2026;05:00;22.1;0;SOLEIL;3;0;0
Auch;43.64;0.58;12/08/2026;06:00;22.1;0;SOLEIL;3;0;0
Auch;43.64;0.58;12/08/2026;07:00;22.1;0;SOLEIL;3;0;0
Auch;43.64;0.58;12/08/2026;08:00;24.6;0;SOLEIL;5;0;0
Auch;43.64;0.58;12/08/2026;09:00;26.6;0;SOLEIL;5;0;0
Auch;43.64;0.58;12/08/2026;10:00;28.7;0;SOLEIL;5;0;0
Auch;43.64;0.58;12/08/2026;11:00;35.1;0;SOLEIL;2;0;0
Auch;43.64;0.58;12/08/2026;12:00;35.1;0;SOLEIL;2;0;0
Auch;43.64;0.58;12/08/2026;13:00;35.1;0;SOLEIL;2;0;0
Auch;43.64;0.58;12/08/2026;14:00;37.0;0;SOLEIL;5;0;0
Auch;43.64;0.58;12/08/2026;15:00;39.1;0;SOLEIL;5;0;0
Auch;43.64;0.58;12/08/2026;16:00;37.0;0;SOLEIL;5;0;0
Auch;43.64;0.58;12/08/2026;17:00;35.5;0;SOLEIL;2;0;0
Auch;43.64;0.58;12/08/2026;18:00;35.5;0;SOLEIL;2;0;0
Auch;43.64;0.58;12/08/2026;19:00;35.5;0;SOLEIL;2;0;0
Auch;43.64;0.58;12/08/2026;20:00;28.7;0;SOLEIL;5;0;0
Auch;43.64;0.58;12/08/2026;21:00;26.6;0;SOLEIL;5;0;0
Auch;43.64;0.58;12/08/2026;22:00;24.6;0;SOLEIL;5;0;0
Auch;43.64;0.58;12/08/2026;23:00;25;0;SOLEIL;4;0;0
Béziers;43.34;3.21;08/08/2026;00:00;24.9;0;SOLEIL;3;0;0
Béziers;43.34;3.21;08/08/2026;01:00;24.9;0;SOLEIL;3;0;0
Béziers;43.34;3.21;08/08/2026;02:00;22.4;0;SOLEIL;1;0;0
Béziers;43.34;3.21;08/08/2026;03:00;22.4;0;SOLEIL;1;0;0
Béziers;43.34;3.21;08/08/2026;04:00;22.4;0;SOLEIL;1;0;0
Béziers;43.34;3.21;08/08/2026;05:00;23.9;0;SOLEIL;1;0;0
Béziers;43.34;3.21;08/08/2026;06:00;23.9;0;SOLEIL;1;0;0
Béziers;43.34;3.21;08/08/2026;07:00;23.9;0;SOLEIL;1;0;0
Béziers;43.34;3.21;08/08/2026;08:00;32.1;0;SOLEIL;1;0;0
Béziers;43.34;3.21;08/08/2026;09:00;32.1;0;SOLEIL;1;0;0
Béziers;43.34;3.21;08/08/2026;10:00;32.1;0;SOLEIL;1;0;0
Béziers;43.34;3.21;08/08/2026;11:00;34.4;0;SOLEIL;4;0;0
Béziers;43.34;3.21;08/08/2026;12:00;34.4;0;SOLEIL;4;0;0
Béziers;43.34;3.21;08/08/2026;13:00;34.4;0;SOLEIL;4;0;0
Béziers;43.34;3.21;08/08/2026;14:00;33.1;5;SOLEIL VOILÉ;5;0;0
Béziers;43.34;3.21;08/08/2026;15:00;33.1;5;SOLEIL VOILÉ;5;0;0
Béziers;43.34;3.21;08/08/2026;16:00;33.1;5;SOLEIL VOILÉ;5;0;0
Béziers;43.34;3.21;08/08/2026;17:00;30;5;SOLEIL VOILÉ;2;0;0
Béziers;43.34;3.21;08/08/2026;18:00;30;5;SOLEIL VOILÉ;2;0;0
Béziers;43.34;3.21;08/08/2026;19:00;30;5;SOLEIL VOILÉ;2;0;0
Béziers;43.34;3.21;08/08/2026;20:00;25.7;0;SOLEIL;2;0;0
Béziers;43.34;3.21;08/08/2026;21:00;25.7;0;SOLEIL;2;0;0
Béziers;43.34;3.21;08/08/2026;22:00;25.7;0;SOLEIL;2;0;0
Béziers;43.34;3.21;08/08/2026;23:00;26.6;0;SOLEIL;4;0;0
Béziers;43.34;3.21;09/08/2026;00:00;26.6;0;SOLEIL;4;0;0
Béziers;43.34;3.21;09/08/2026;01:00;26.6;0;SOLEIL;4;0;0
Béziers;43.34;3.21;09/08/2026;02:00;26.1;0;SOLEIL;4;0;0
Béziers;43.34;3.21;09/08/2026;03:00;26.1;0;SOLEIL;4;0;0
Béziers;43.34;3.21;09/08/2026;04:00;26.1;0;SOLEIL;4;0;0
Béziers;43.34;3.21;09/08/2026;05:00;25.6;0;SOLEIL;5;0;0
Béziers;43.34;3.21;09/08/2026;06:00;25.6;0;SOLEIL;5;0;0
Béziers;43.34;3.21;09/08/2026;07:00;25.6;0;SOLEIL;5;0;0
Béziers;43.34;3.21;09/08/2026;08:00;29;0;SOLEIL;5;0;0
Béziers;43.34;3.21;09/08/2026;09:00;29;0;SOLEIL;5;0;0
Béziers;43.34;3.21;09/08/2026;10:00;29;0;SOLEIL;5;0;0
Béziers;43.34;3.21;09/08/2026;11:00;31.1;0;SOLEIL;5;0;0
Béziers;43.34;3.21;09/08/2026;12:00;31.1;0;SOLEIL;5;0;0
Béziers;43.34;3.21;09/08/2026;13:00;31.1;0;SOLEIL;5;0;0
Béziers;43.34;3.21;09/08/2026;14:00;31;10;ORAGEUX;4;0;0
Béziers;43.34;3.21;09/08/2026;15:00;31;10;ORAGEUX;4;0;0
Béziers;43.34;3.21;09/08/2026;16:00;31;10;ORAGEUX;4;0;0
Béziers;43.34;3.21;09/08/2026;17:00;28.4;0;SOLEIL;4;0;0
Béziers;43.34;3.21;09/08/2026;18:00;28.4;0;SOLEIL;4;0;0
Béziers;43.34;3.21;09/08/2026;19:00;28.4;0;SOLEIL;4;0;0
Béziers;43.34;3.21;09/08/2026;20:00;26.7;0;SOLEIL;5;0;0
Béziers;43.34;3.21;09/08/2026;21:00;25.1;0;SOLEIL;5;0;0
Béziers;43.34;3.21;09/08/2026;22:00;23.4;0;SOLEIL;5;0;0
Béziers;43.34;3.21;09/08/2026;23:00;25.6;0;SOLEIL;3;0;0
Béziers;43.34;3.21;10/08/2026;00:00;25.6;0;SOLEIL;3;0;0
Béziers;43.34;3.21;10/08/2026;01:00;25.6;0;SOLEIL;3;0;0
Béziers;43.34;3.21;10/08/2026;02:00;24.6;10;ORAGEUX;5;0;0
Béziers;43.34;3.21;10/08/2026;03:00;24.6;10;ORAGEUX;5;0;0
Béziers;43.34;3.21;10/08/2026;04:00;24.6;10;ORAGEUX;5;0;0
Béziers;43.34;3.21;10/08/2026;05:00;24.1;0;SOLEIL;3;0;0
Béziers;43.34;3.21;10/08/2026;06:00;24.1;0;SOLEIL;3;0;0
Béziers;43.34;3.21;10/08/2026;07:00;24.1;0;SOLEIL;3;0;0
Béziers;43.34;3.21;10/08/2026;08:00;26.3;10;ORAGEUX;5;0;0
Béziers;43.34;3.21;10/08/2026;09:00;27.1;10;ORAGEUX;5;0;0
Béziers;43.34;3.21;10/08/2026;10:00;28.0;10;ORAGEUX;5;0;0
Béziers;43.34;3.21;10/08/2026;11:00;32.7;0;SOLEIL;4;0;0
Béziers;43.34;3.21;10/08/2026;12:00;32.7;0;SOLEIL;4;0;0
Béziers;43.34;3.21;10/08/2026;13:00;32.7;0;SOLEIL;4;0;0
Béziers;43.34;3.21;10/08/2026;14:00;31.4;10;ORAGEUX;5;0;0
Béziers;43.34;3.21;10/08/2026;15:00;32.2;10;ORAGEUX;5;0;0
Béziers;43.34;3.21;10/08/2026;16:00;31.4;10;ORAGEUX;5;0;0
Béziers;43.34;3.21;10/08/2026;17:00;29.9;2;NUAGEUX;3;0;0
Béziers;43.34;3.21;10/08/2026;18:00;29.9;2;NUAGEUX;3;0;0
Béziers;43.34;3.21;10/08/2026;19:00;29.9;2;NUAGEUX;3;0;0
Béziers;43.34;3.21;10/08/2026;20:00;28.0;10;ORAGEUX;5;0;0
Béziers;43.34;3.21;10/08/2026;21:00;27.1;10;ORAGEUX;5;0;0
Béziers;43.34;3.21;10/08/2026;22:00;26.3;10;ORAGEUX;5;0;0
Béziers;43.34;3.21;10/08/2026;23:00;24.5;0;SOLEIL;2;0;0
Béziers;43.34;3.21;11/08/2026;00:00;24.5;0;SOLEIL;2;0;0
Béziers;43.34;3.21;11/08/2026;01:00;24.5;0;SOLEIL;2;0;0
Béziers;43.34;3.21;11/08/2026;02:00;22.6;0;SOLEIL;5;0;0
Béziers;43.34;3.21;11/08/2026;03:00;22.6;0;SOLEIL;5;0;0
Béziers;43.34;3.21;11/08/2026;04:00;22.6;0;SOLEIL;5;0;0
Béziers;43.34;3.21;11/08/2026;05:00;23.9;0;SOLEIL;2;0;0
Béziers;43.34;3.21;11/08/2026;06:00;23.9;0;SOLEIL;2;0;0
Béziers;43.34;3.21;11/08/2026;07:00;23.9;0;SOLEIL;2;0;0
Béziers;43.34;3.21;11/08/2026;08:00;25.0;0;SOLEIL;5;0;0
Béziers;43.34;3.21;11/08/2026;09:00;26.2;0;SOLEIL;5;0;0
Béziers;43.34;3.21;11/08/2026;10:00;27.4;0;SOLEIL;5;0;0
Béziers;43.34;3.21;11/08/2026;11:00;33.9;0;SOLEIL;4;0;0
Béziers;43.34;3.21;11/08/2026;12:00;33.9;0;SOLEIL;4;0;0
Béziers;43.34;3.21;11/08/2026;13:00;33.9;0;SOLEIL;4;0;0
Béziers;43.34;3.21;11/08/2026;14:00;32.2;0;SOLEIL;5;0;0
Béziers;43.34;3.21;11/08/2026;15:00;33.4;0;SOLEIL;5;0;0
Béziers;43.34;3.21;11/08/2026;16:00;32.2;0;SOLEIL;5;0;0
Béziers;43.34;3.21;11/08/2026;17:00;30.5;0;SOLEIL;3;0;0
Béziers;43.34;3.21;11/08/2026;18:00;30.5;0;SOLEIL;3;0;0
Béziers;43.34;3.21;11/08/2026;19:00;30.5;0;SOLEIL;3;0;0
Béziers;43.34;3.21;11/08/2026;20:00;27.4;0;SOLEIL;5;0;0
Béziers;43.34;3.21;11/08/2026;21:00;26.2;0;SOLEIL;5;0;0
Béziers;43.34;3.21;11/08/2026;22:00;25.0;0;SOLEIL;5;0;0
Béziers;43.34;3.21;11/08/2026;23:00;24.1;0;SOLEIL;3;0;0
Béziers;43.34;3.21;12/08/2026;00:00;24.1;0;SOLEIL;3;0;0
Béziers;43.34;3.21;12/08/2026;01:00;24.1;0;SOLEIL;3;0;0
Béziers;43.34;3.21;12/08/2026;02:00;22.1;0;SOLEIL;5;0;0
Béziers;43.34;3.21;12/08/2026;03:00;22.1;0;SOLEIL;5;0;0
Béziers;43.34;3.21;12/08/2026;04:00;22.1;0;SOLEIL;5;0;0
Béziers;43.34;3.21;12/08/2026;05:00;24;0;SOLEIL;3;0;0
Béziers;43.34;3.21;12/08/2026;06:00;24;0;SOLEIL;3;0;0
Béziers;43.34;3.21;12/08/2026;07:00;24;0;SOLEIL;3;0;0
Béziers;43.34;3.21;12/08/2026;08:00;24.9;0;SOLEIL;5;0;0
Béziers;43.34;3.21;12/08/2026;09:00;26.3;0;SOLEIL;5;0;0
Béziers;43.34;3.21;12/08/2026;10:00;27.7;0;SOLEIL;5;0;0
Béziers;43.34;3.21;12/08/2026;11:00;34.2;0;SOLEIL;4;0;0
Béziers;43.34;3.21;12/08/2026;12:00;34.2;0;SOLEIL;4;0;0
Béziers;43.34;3.21;12/08/2026;13:00;34.2;0;SOLEIL;4;0;0
Béziers;43.34;3.21;12/08/2026;14:00;33.2;0;SOLEIL;5;0;0
Béziers;43.34;3.21;12/08/2026;15:00;34.6;0;SOLEIL;5;0;0
Béziers;43.34;3.21;12/08/2026;16:00;33.2;0;SOLEIL;5;0;0
Béziers;43.34;3.21;12/08/2026;17:00;30.1;0;SOLEIL;2;0;0
Béziers;43.34;3.21;12/08/2026;18:00;30.1;0;SOLEIL;2;0;0
Béziers;43.34;3.21;12/08/2026;19:00;30.1;0;SOLEIL;2;0;0
Béziers;43.34;3.21;12/08/2026;20:00;27.7;0;SOLEIL;5;0;0
Béziers;43.34;3.21;12/08/2026;21:00;26.3;0;SOLEIL;5;0;0
Béziers;43.34;3.21;12/08/2026;22:00;24.9;0;SOLEIL;5;0;0
Béziers;43.34;3.21;12/08/2026;23:00;23.7;0;SOLEIL;2;0;0
Montpellier;43.61;3.87;08/08/2026;00:00;27.6;0;SOLEIL;2;0;0
Montpellier;43.61;3.87;08/08/2026;01:00;27.6;0;SOLEIL;2;0;0
Montpellier;43.61;3.87;08/08/2026;02:00;26.2;0;SOLEIL;2;0;0
Montpellier;43.61;3.87;08/08/2026;03:00;26.2;0;SOLEIL;2;0;0
Montpellier;43.61;3.87;08/08/2026;04:00;26.2;0;SOLEIL;2;0;0
Montpellier;43.61;3.87;08/08/2026;05:00;25.9;0;SOLEIL;1;0;0
Montpellier;43.61;3.87;08/08/2026;06:00;25.9;0;SOLEIL;1;0;0
Montpellier;43.61;3.87;08/08/2026;07:00;25.9;0;SOLEIL;1;0;0
Montpellier;43.61;3.87;08/08/2026;08:00;32.4;0;SOLEIL;3;0;0
Montpellier;43.61;3.87;08/08/2026;09:00;32.4;0;SOLEIL;3;0;0
Montpellier;43.61;3.87;08/08/2026;10:00;32.4;0;SOLEIL;3;0;0
Montpellier;43.61;3.87;08/08/2026;11:00;35.5;0;SOLEIL;4;0;0
Montpellier;43.61;3.87;08/08/2026;12:00;35.5;0;SOLEIL;4;0;0
Montpellier;43.61;3.87;08/08/2026;13:00;35.5;0;SOLEIL;4;0;0
Montpellier;43.61;3.87;08/08/2026;14:00;34.7;0;SOLEIL;6;0;0
Montpellier;43.61;3.87;08/08/2026;15:00;34.7;0;SOLEIL;6;0;0
Montpellier;43.61;3.87;08/08/2026;16:00;34.7;0;SOLEIL;6;0;0
Montpellier;43.61;3.87;08/08/2026;17:00;32.1;5;SOLEIL VOILÉ;4;0;0
Montpellier;43.61;3.87;08/08/2026;18:00;32.1;5;SOLEIL VOILÉ;4;0;0
Montpellier;43.61;3.87;08/08/2026;19:00;32.1;5;SOLEIL VOILÉ;4;0;0
Montpellier;43.61;3.87;08/08/2026;20:00;29.1;5;SOLEIL VOILÉ;1;0;0
Montpellier;43.61;3.87;08/08/2026;21:00;29.1;5;SOLEIL VOILÉ;1;0;0
Montpellier;43.61;3.87;08/08/2026;22:00;29.1;5;SOLEIL VOILÉ;1;0;0
Montpellier;43.61;3.87;08/08/2026;23:00;27.2;0;SOLEIL;2;0;0
Montpellier;43.61;3.87;09/08/2026;00:00;27.2;0;SOLEIL;2;0;0
Montpellier;43.61;3.87;09/08/2026;01:00;27.2;0;SOLEIL;2;0;0
Montpellier;43.61;3.87;09/08/2026;02:00;26.4;0;SOLEIL;3;0;0
Montpellier;43.61;3.87;09/08/2026;03:00;26.4;0;SOLEIL;3;0;0
Montpellier;43.61;3.87;09/08/2026;04:00;26.4;0;SOLEIL;3;0;0
Montpellier;43.61;3.87;09/08/2026;05:00;26.9;0;SOLEIL;3;0;0
Montpellier;43.61;3.87;09/08/2026;06:00;26.9;0;SOLEIL;3;0;0
Montpellier;43.61;3.87;09/08/2026;07:00;26.9;0;SOLEIL;3;0;0
Montpellier;43.61;3.87;09/08/2026;08:00;29.5;0;SOLEIL;4;0;0
Montpellier;43.61;3.87;09/08/2026;09:00;29.5;0;SOLEIL;4;0;0
Montpellier;43.61;3.87;09/08/2026;10:00;29.5;0;SOLEIL;4;0;0
Montpellier;43.61;3.87;09/08/2026;11:00;30.6;0;SOLEIL;5;0;0
Montpellier;43.61;3.87;09/08/2026;12:00;30.6;0;SOLEIL;5;0;0
Montpellier;43.61;3.87;09/08/2026;13:00;30.6;0;SOLEIL;5;0;0
Montpellier;43.61;3.87;09/08/2026;14:00;29.1;0;SOLEIL;4;0;0
Montpellier;43.61;3.87;09/08/2026;15:00;29.1;0;SOLEIL;4;0;0
Montpellier;43.61;3.87;09/08/2026;16:00;29.1;0;SOLEIL;4;0;0
Montpellier;43.61;3.87;09/08/2026;17:00;28.2;0;SOLEIL;3;0;0
Montpellier;43.61;3.87;09/08/2026;18:00;28.2;0;SOLEIL;3;0;0
Montpellier;43.61;3.87;09/08/2026;19:00;28.2;0;SOLEIL;3;0;0
Montpellier;43.61;3.87;09/08/2026;20:00;29.7;0;SOLEIL;5;0;0
Montpellier;43.61;3.87;09/08/2026;21:00;28.3;0;SOLEIL;5;0;0
Montpellier;43.61;3.87;09/08/2026;22:00;27.0;0;SOLEIL;5;0;0
Montpellier;43.61;3.87;09/08/2026;23:00;25.6;0;SOLEIL;2;0;0
Montpellier;43.61;3.87;10/08/2026;00:00;25.6;0;SOLEIL;2;0;0
Montpellier;43.61;3.87;10/08/2026;01:00;25.6;0;SOLEIL;2;0;0
Montpellier;43.61;3.87;10/08/2026;02:00;25.9;0;SOLEIL;5;0;0
Montpellier;43.61;3.87;10/08/2026;03:00;25.9;0;SOLEIL;5;0;0
Montpellier;43.61;3.87;10/08/2026;04:00;25.9;0;SOLEIL;5;0;0
Montpellier;43.61;3.87;10/08/2026;05:00;24.9;0;SOLEIL;2;0;0
Montpellier;43.61;3.87;10/08/2026;06:00;24.9;0;SOLEIL;2;0;0
Montpellier;43.61;3.87;10/08/2026;07:00;24.9;0;SOLEIL;2;0;0
Montpellier;43.61;3.87;10/08/2026;08:00;27.2;0;SOLEIL;5;0;0
Montpellier;43.61;3.87;10/08/2026;09:00;27.8;0;SOLEIL;5;0;0
Montpellier;43.61;3.87;10/08/2026;10:00;28.5;0;SOLEIL;5;0;0
Montpellier;43.61;3.87;10/08/2026;11:00;32.7;0;SOLEIL;3;0;0
Montpellier;43.61;3.87;10/08/2026;12:00;32.7;0;SOLEIL;3;0;0
Montpellier;43.61;3.87;10/08/2026;13:00;32.7;0;SOLEIL;3;0;0
Montpellier;43.61;3.87;10/08/2026;14:00;31.1;0;SOLEIL;5;0;0
Montpellier;43.61;3.87;10/08/2026;15:00;31.7;0;SOLEIL;5;0;0
Montpellier;43.61;3.87;10/08/2026;16:00;31.1;0;SOLEIL;5;0;0
Montpellier;43.61;3.87;10/08/2026;17:00;30.6;0;SOLEIL;3;0;0
Montpellier;43.61;3.87;10/08/2026;18:00;30.6;0;SOLEIL;3;0;0
Montpellier;43.61;3.87;10/08/2026;19:00;30.6;0;SOLEIL;3;0;0
Montpellier;43.61;3.87;10/08/2026;20:00;28.5;0;SOLEIL;5;0;0
Montpellier;43.61;3.87;10/08/2026;21:00;27.8;0;SOLEIL;5;0;0
Montpellier;43.61;3.87;10/08/2026;22:00;27.2;0;SOLEIL;5;0;0
Montpellier;43.61;3.87;10/08/2026;23:00;25.4;0;SOLEIL;2;0;0
Montpellier;43.61;3.87;11/08/2026;00:00;25.4;0;SOLEIL;2;0;0
Montpellier;43.61;3.87;11/08/2026;01:00;25.4;0;SOLEIL;2;0;0
Montpellier;43.61;3.87;11/08/2026;02:00;23.1;0;SOLEIL;5;0;0
Montpellier;43.61;3.87;11/08/2026;03:00;23.1;0;SOLEIL;5;0;0
Montpellier;43.61;3.87;11/08/2026;04:00;23.1;0;SOLEIL;5;0;0
Montpellier;43.61;3.87;11/08/2026;05:00;25.5;0;SOLEIL;3;0;0
Montpellier;43.61;3.87;11/08/2026;06:00;25.5;0;SOLEIL;3;0;0
Montpellier;43.61;3.87;11/08/2026;07:00;25.5;0;SOLEIL;3;0;0
Montpellier;43.61;3.87;11/08/2026;08:00;25.4;0;SOLEIL;5;0;0
Montpellier;43.61;3.87;11/08/2026;09:00;26.5;0;SOLEIL;5;0;0
Montpellier;43.61;3.87;11/08/2026;10:00;27.7;0;SOLEIL;5;0;0
Montpellier;43.61;3.87;11/08/2026;11:00;34.6;0;SOLEIL;4;0;0
Montpellier;43.61;3.87;11/08/2026;12:00;34.6;0;SOLEIL;4;0;0
Montpellier;43.61;3.87;11/08/2026;13:00;34.6;0;SOLEIL;4;0;0
Montpellier;43.61;3.87;11/08/2026;14:00;32.3;0;SOLEIL;5;0;0
Montpellier;43.61;3.87;11/08/2026;15:00;33.4;0;SOLEIL;5;0;0
Montpellier;43.61;3.87;11/08/2026;16:00;32.3;0;SOLEIL;5;0;0
Montpellier;43.61;3.87;11/08/2026;17:00;31.5;0;SOLEIL;3;0;0
Montpellier;43.61;3.87;11/08/2026;18:00;31.5;0;SOLEIL;3;0;0
Montpellier;43.61;3.87;11/08/2026;19:00;31.5;0;SOLEIL;3;0;0
Montpellier;43.61;3.87;11/08/2026;20:00;27.7;0;SOLEIL;5;0;0
Montpellier;43.61;3.87;11/08/2026;21:00;26.5;0;SOLEIL;5;0;0
Montpellier;43.61;3.87;11/08/2026;22:00;25.4;0;SOLEIL;5;0;0
Montpellier;43.61;3.87;11/08/2026;23:00;25.5;0;SOLEIL;0;0;0
Montpellier;43.61;3.87;12/08/2026;00:00;25.5;0;SOLEIL;0;0;0
Montpellier;43.61;3.87;12/08/2026;01:00;25.5;0;SOLEIL;0;0;0
Montpellier;43.61;3.87;12/08/2026;02:00;22.7;0;SOLEIL;5;0;0
Montpellier;43.61;3.87;12/08/2026;03:00;22.7;0;SOLEIL;5;0;0
Montpellier;43.61;3.87;12/08/2026;04:00;22.7;0;SOLEIL;5;0;0
Montpellier;43.61;3.87;12/08/2026;05:00;25.1;0;SOLEIL;3;0;0
Montpellier;43.61;3.87;12/08/2026;06:00;25.1;0;SOLEIL;3;0;0
Montpellier;43.61;3.87;12/08/2026;07:00;25.1;0;SOLEIL;3;0;0
Montpellier;43.61;3.87;12/08/2026;08:00;25.5;0;SOLEIL;5;0;0
Montpellier;43.61;3.87;12/08/2026;09:00;26.9;0;SOLEIL;5;0;0
Montpellier;43.61;3.87;12/08/2026;10:00;28.3;0;SOLEIL;5;0;0
Montpellier;43.61;3.87;12/08/2026;11:00;34.4;0;SOLEIL;4;0;0
Montpellier;43.61;3.87;12/08/2026;12:00;34.4;0;SOLEIL;4;0;0
Montpellier;43.61;3.87;12/08/2026;13:00;34.4;0;SOLEIL;4;0;0
Montpellier;43.61;3.87;12/08/2026;14:00;34.0;0;SOLEIL;5;0;0
Montpellier;43.61;3.87;12/08/2026;15:00;35.4;0;SOLEIL;5;0;0
Montpellier;43.61;3.87;12/08/2026;16:00;34.0;0;SOLEIL;5;0;0
Montpellier;43.61;3.87;12/08/2026;17:00;30.9;0;SOLEIL;3;0;0
Montpellier;43.61;3.87;12/08/2026;18:00;30.9;0;SOLEIL;3;0;0
Montpellier;43.61;3.87;12/08/2026;19:00;30.9;0;SOLEIL;3;0;0
Montpellier;43.61;3.87;12/08/2026;20:00;28.3;0;SOLEIL;5;0;0
Montpellier;43.61;3.87;12/08/2026;21:00;26.9;0;SOLEIL;5;0;0
Montpellier;43.61;3.87;12/08/2026;22:00;25.5;0;SOLEIL;5;0;0
Montpellier;43.61;3.87;12/08/2026;23:00;25;0;SOLEIL;1;0;0
Cahors;44.44;1.44;08/08/2026;00:00;18;0;SOLEIL;0;0;0
Cahors;44.44;1.44;08/08/2026;01:00;18;0;SOLEIL;0;0;0
Cahors;44.44;1.44;08/08/2026;02:00;15.6;0;SOLEIL;1;0;0
Cahors;44.44;1.44;08/08/2026;03:00;15.6;0;SOLEIL;1;0;0
Cahors;44.44;1.44;08/08/2026;04:00;15.6;0;SOLEIL;1;0;0
Cahors;44.44;1.44;08/08/2026;05:00;17.5;0;SOLEIL;1;0;0
Cahors;44.44;1.44;08/08/2026;06:00;17.5;0;SOLEIL;1;0;0
Cahors;44.44;1.44;08/08/2026;07:00;17.5;0;SOLEIL;1;0;0
Cahors;44.44;1.44;08/08/2026;08:00;28.7;0;SOLEIL;1;0;0
Cahors;44.44;1.44;08/08/2026;09:00;28.7;0;SOLEIL;1;0;0
Cahors;44.44;1.44;08/08/2026;10:00;28.7;0;SOLEIL;1;0;0
Cahors;44.44;1.44;08/08/2026;11:00;34.7;0;SOLEIL;1;0;0
Cahors;44.44;1.44;08/08/2026;12:00;34.7;0;SOLEIL;1;0;0
Cahors;44.44;1.44;08/08/2026;13:00;34.7;0;SOLEIL;1;0;0
Cahors;44.44;1.44;08/08/2026;14:00;37.9;5;SOLEIL VOILÉ;2;0;0
Cahors;44.44;1.44;08/08/2026;15:00;37.9;5;SOLEIL VOILÉ;2;0;0
Cahors;44.44;1.44;08/08/2026;16:00;37.9;5;SOLEIL VOILÉ;2;0;0
Cahors;44.44;1.44;08/08/2026;17:00;33.4;10;ORAGEUX;2;0;0
Cahors;44.44;1.44;08/08/2026;18:00;33.4;10;ORAGEUX;2;0;0
Cahors;44.44;1.44;08/08/2026;19:00;33.4;10;ORAGEUX;2;0;0
Cahors;44.44;1.44;08/08/2026;20:00;24.4;10;ORAGEUX;2;0;0
Cahors;44.44;1.44;08/08/2026;21:00;24.4;10;ORAGEUX;2;0;0
Cahors;44.44;1.44;08/08/2026;22:00;24.4;10;ORAGEUX;2;0;0
Cahors;44.44;1.44;08/08/2026;23:00;22.6;5;SOLEIL VOILÉ;2;0;0
Cahors;44.44;1.44;09/08/2026;00:00;22.6;5;SOLEIL VOILÉ;2;0;0
Cahors;44.44;1.44;09/08/2026;01:00;22.6;5;SOLEIL VOILÉ;2;0;0
Cahors;44.44;1.44;09/08/2026;02:00;21.5;10;ORAGEUX;2;0;0
Cahors;44.44;1.44;09/08/2026;03:00;21.5;10;ORAGEUX;2;0;0
Cahors;44.44;1.44;09/08/2026;04:00;21.5;10;ORAGEUX;2;0;0
Cahors;44.44;1.44;09/08/2026;05:00;20.7;10;ORAGEUX;2;0;0
Cahors;44.44;1.44;09/08/2026;06:00;20.7;10;ORAGEUX;2;0;0
Cahors;44.44;1.44;09/08/2026;07:00;20.7;10;ORAGEUX;2;0;0
Cahors;44.44;1.44;09/08/2026;08:00;29;0;SOLEIL;2;0;0
Cahors;44.44;1.44;09/08/2026;09:00;29;0;SOLEIL;2;0;0
Cahors;44.44;1.44;09/08/2026;10:00;29;0;SOLEIL;2;0;0
Cahors;44.44;1.44;09/08/2026;11:00;33.7;0;SOLEIL;2;0;0
Cahors;44.44;1.44;09/08/2026;12:00;33.7;0;SOLEIL;2;0;0
Cahors;44.44;1.44;09/08/2026;13:00;33.7;0;SOLEIL;2;0;0
Cahors;44.44;1.44;09/08/2026;14:00;34.9;0;SOLEIL;3;0;0
Cahors;44.44;1.44;09/08/2026;15:00;34.9;0;SOLEIL;3;0;0
Cahors;44.44;1.44;09/08/2026;16:00;34.9;0;SOLEIL;3;0;0
Cahors;44.44;1.44;09/08/2026;17:00;31.1;10;ORAGEUX;2;0;0
Cahors;44.44;1.44;09/08/2026;18:00;31.1;10;ORAGEUX;2;0;0
Cahors;44.44;1.44;09/08/2026;19:00;31.1;10;ORAGEUX;2;0;0
Cahors;44.44;1.44;09/08/2026;20:00;25.2;10;ORAGEUX;5;0;0
Cahors;44.44;1.44;09/08/2026;21:00;22.5;10;ORAGEUX;5;0;0
Cahors;44.44;1.44;09/08/2026;22:00;19.8;10;ORAGEUX;5;0;0
Cahors;44.44;1.44;09/08/2026;23:00;21;10;ORAGEUX;2;0;0
Cahors;44.44;1.44;10/08/2026;00:00;21;10;ORAGEUX;2;0;0
Cahors;44.44;1.44;10/08/2026;01:00;21;10;ORAGEUX;2;0;0
Cahors;44.44;1.44;10/08/2026;02:00;19.5;10;ORAGEUX;5;0;0
Cahors;44.44;1.44;10/08/2026;03:00;19.5;10;ORAGEUX;5;0;0
Cahors;44.44;1.44;10/08/2026;04:00;19.5;10;ORAGEUX;5;0;0
Cahors;44.44;1.44;10/08/2026;05:00;19.9;0;SOLEIL;2;0;0
Cahors;44.44;1.44;10/08/2026;06:00;19.9;0;SOLEIL;2;0;0
Cahors;44.44;1.44;10/08/2026;07:00;19.9;0;SOLEIL;2;0;0
Cahors;44.44;1.44;10/08/2026;08:00;23.1;10;ORAGEUX;5;0;0
Cahors;44.44;1.44;10/08/2026;09:00;24.8;10;ORAGEUX;5;0;0
Cahors;44.44;1.44;10/08/2026;10:00;26.6;10;ORAGEUX;5;0;0
Cahors;44.44;1.44;10/08/2026;11:00;33.1;0;SOLEIL;1;0;0
Cahors;44.44;1.44;10/08/2026;12:00;33.1;0;SOLEIL;1;0;0
Cahors;44.44;1.44;10/08/2026;13:00;33.1;0;SOLEIL;1;0;0
Cahors;44.44;1.44;10/08/2026;14:00;33.7;10;ORAGEUX;5;0;0
Cahors;44.44;1.44;10/08/2026;15:00;35.5;10;ORAGEUX;5;0;0
Cahors;44.44;1.44;10/08/2026;16:00;33.7;10;ORAGEUX;5;0;0
Cahors;44.44;1.44;10/08/2026;17:00;32.5;6;AVERSES;2;0;0
Cahors;44.44;1.44;10/08/2026;18:00;32.5;6;AVERSES;2;0;0
Cahors;44.44;1.44;10/08/2026;19:00;32.5;6;AVERSES;2;0;0
Cahors;44.44;1.44;10/08/2026;20:00;26.6;10;ORAGEUX;5;0;0
Cahors;44.44;1.44;10/08/2026;21:00;24.8;10;ORAGEUX;5;0;0
Cahors;44.44;1.44;10/08/2026;22:00;23.1;10;ORAGEUX;5;0;0
Cahors;44.44;1.44;10/08/2026;23:00;20.9;0;SOLEIL;2;0;0
Cahors;44.44;1.44;11/08/2026;00:00;20.9;0;SOLEIL;2;0;0
Cahors;44.44;1.44;11/08/2026;01:00;20.9;0;SOLEIL;2;0;0
Cahors;44.44;1.44;11/08/2026;02:00;18.5;0;SOLEIL;5;0;0
Cahors;44.44;1.44;11/08/2026;03:00;18.5;0;SOLEIL;5;0;0
Cahors;44.44;1.44;11/08/2026;04:00;18.5;0;SOLEIL;5;0;0
Cahors;44.44;1.44;11/08/2026;05:00;19.4;0;SOLEIL;3;0;0
Cahors;44.44;1.44;11/08/2026;06:00;19.4;0;SOLEIL;3;0;0
Cahors;44.44;1.44;11/08/2026;07:00;19.4;0;SOLEIL;3;0;0
Cahors;44.44;1.44;11/08/2026;08:00;22.3;0;SOLEIL;5;0;0
Cahors;44.44;1.44;11/08/2026;09:00;24.2;0;SOLEIL;5;0;0
Cahors;44.44;1.44;11/08/2026;10:00;26.1;0;SOLEIL;5;0;0
Cahors;44.44;1.44;11/08/2026;11:00;36.2;0;SOLEIL;1;0;0
Cahors;44.44;1.44;11/08/2026;12:00;36.2;0;SOLEIL;1;0;0
Cahors;44.44;1.44;11/08/2026;13:00;36.2;0;SOLEIL;1;0;0
Cahors;44.44;1.44;11/08/2026;14:00;33.7;0;SOLEIL;5;0;0
Cahors;44.44;1.44;11/08/2026;15:00;35.6;0;SOLEIL;5;0;0
Cahors;44.44;1.44;11/08/2026;16:00;33.7;0;SOLEIL;5;0;0
Cahors;44.44;1.44;11/08/2026;17:00;34.4;0;SOLEIL;2;0;0
Cahors;44.44;1.44;11/08/2026;18:00;34.4;0;SOLEIL;2;0;0
Cahors;44.44;1.44;11/08/2026;19:00;34.4;0;SOLEIL;2;0;0
Cahors;44.44;1.44;11/08/2026;20:00;26.1;0;SOLEIL;5;0;0
Cahors;44.44;1.44;11/08/2026;21:00;24.2;0;SOLEIL;5;0;0
Cahors;44.44;1.44;11/08/2026;22:00;22.3;0;SOLEIL;5;0;0
Cahors;44.44;1.44;11/08/2026;23:00;21.4;0;SOLEIL;3;0;0
Cahors;44.44;1.44;12/08/2026;00:00;21.4;0;SOLEIL;3;0;0
Cahors;44.44;1.44;12/08/2026;01:00;21.4;0;SOLEIL;3;0;0
Cahors;44.44;1.44;12/08/2026;02:00;17.6;0;SOLEIL;5;0;0
Cahors;44.44;1.44;12/08/2026;03:00;17.6;0;SOLEIL;5;0;0
Cahors;44.44;1.44;12/08/2026;04:00;17.6;0;SOLEIL;5;0;0
Cahors;44.44;1.44;12/08/2026;05:00;19.7;0;SOLEIL;3;0;0
Cahors;44.44;1.44;12/08/2026;06:00;19.7;0;SOLEIL;3;0;0
Cahors;44.44;1.44;12/08/2026;07:00;19.7;0;SOLEIL;3;0;0
Cahors;44.44;1.44;12/08/2026;08:00;22.3;0;SOLEIL;5;0;0
Cahors;44.44;1.44;12/08/2026;09:00;24.6;0;SOLEIL;5;0;0
Cahors;44.44;1.44;12/08/2026;10:00;26.9;0;SOLEIL;5;0;0
Cahors;44.44;1.44;12/08/2026;11:00;36.2;0;SOLEIL;2;0;0
Cahors;44.44;1.44;12/08/2026;12:00;36.2;0;SOLEIL;2;0;0
Cahors;44.44;1.44;12/08/2026;13:00;36.2;0;SOLEIL;2;0;0
Cahors;44.44;1.44;12/08/2026;14:00;36.3;0;SOLEIL;5;0;0
Cahors;44.44;1.44;12/08/2026;15:00;38.6;0;SOLEIL;5;0;0
Cahors;44.44;1.44;12/08/2026;16:00;36.3;0;SOLEIL;5;0;0
Cahors;44.44;1.44;12/08/2026;17:00;34.9;0;SOLEIL;2;0;0
Cahors;44.44;1.44;12/08/2026;18:00;34.9;0;SOLEIL;2;0;0
Cahors;44.44;1.44;12/08/2026;19:00;34.9;0;SOLEIL;2;0;0
Cahors;44.44;1.44;12/08/2026;20:00;26.9;0;SOLEIL;5;0;0
Cahors;44.44;1.44;12/08/2026;21:00;24.6;0;SOLEIL;5;0;0
Cahors;44.44;1.44;12/08/2026;22:00;22.3;0;SOLEIL;5;0;0
Cahors;44.44;1.44;12/08/2026;23:00;23.1;0;SOLEIL;2;0;0
Saint-Céré;44.86;1.89;08/08/2026;00:00;16.4;0;SOLEIL;1;0;0
Saint-Céré;44.86;1.89;08/08/2026;01:00;16.4;0;SOLEIL;1;0;0
Saint-Céré;44.86;1.89;08/08/2026;02:00;14.1;0;SOLEIL;0;0;0
Saint-Céré;44.86;1.89;08/08/2026;03:00;14.1;0;SOLEIL;0;0;0
Saint-Céré;44.86;1.89;08/08/2026;04:00;14.1;0;SOLEIL;0;0;0
Saint-Céré;44.86;1.89;08/08/2026;05:00;15.2;0;SOLEIL;0;0;0
Saint-Céré;44.86;1.89;08/08/2026;06:00;15.2;0;SOLEIL;0;0;0
Saint-Céré;44.86;1.89;08/08/2026;07:00;15.2;0;SOLEIL;0;0;0
Saint-Céré;44.86;1.89;08/08/2026;08:00;27;0;SOLEIL;1;0;0
Saint-Céré;44.86;1.89;08/08/2026;09:00;27;0;SOLEIL;1;0;0
Saint-Céré;44.86;1.89;08/08/2026;10:00;27;0;SOLEIL;1;0;0
Saint-Céré;44.86;1.89;08/08/2026;11:00;34.1;0;SOLEIL;2;0;0
Saint-Céré;44.86;1.89;08/08/2026;12:00;34.1;0;SOLEIL;2;0;0
Saint-Céré;44.86;1.89;08/08/2026;13:00;34.1;0;SOLEIL;2;0;0
Saint-Céré;44.86;1.89;08/08/2026;14:00;36.6;0;SOLEIL;2;0;0
Saint-Céré;44.86;1.89;08/08/2026;15:00;36.6;0;SOLEIL;2;0;0
Saint-Céré;44.86;1.89;08/08/2026;16:00;36.6;0;SOLEIL;2;0;0
Saint-Céré;44.86;1.89;08/08/2026;17:00;34.4;5;SOLEIL VOILÉ;2;0;0
Saint-Céré;44.86;1.89;08/08/2026;18:00;34.4;5;SOLEIL VOILÉ;2;0;0
Saint-Céré;44.86;1.89;08/08/2026;19:00;34.4;5;SOLEIL VOILÉ;2;0;0
Saint-Céré;44.86;1.89;08/08/2026;20:00;23.7;5;SOLEIL VOILÉ;1;0;0
Saint-Céré;44.86;1.89;08/08/2026;21:00;23.7;5;SOLEIL VOILÉ;1;0;0
Saint-Céré;44.86;1.89;08/08/2026;22:00;23.7;5;SOLEIL VOILÉ;1;0;0
Saint-Céré;44.86;1.89;08/08/2026;23:00;21.5;5;SOLEIL VOILÉ;1;0;0
Saint-Céré;44.86;1.89;09/08/2026;00:00;21.5;5;SOLEIL VOILÉ;1;0;0
Saint-Céré;44.86;1.89;09/08/2026;01:00;21.5;5;SOLEIL VOILÉ;1;0;0
Saint-Céré;44.86;1.89;09/08/2026;02:00;20.1;10;ORAGEUX;1;0;0
Saint-Céré;44.86;1.89;09/08/2026;03:00;20.1;10;ORAGEUX;1;0;0
Saint-Céré;44.86;1.89;09/08/2026;04:00;20.1;10;ORAGEUX;1;0;0
Saint-Céré;44.86;1.89;09/08/2026;05:00;19.7;10;ORAGEUX;2;0;0
Saint-Céré;44.86;1.89;09/08/2026;06:00;19.7;10;ORAGEUX;2;0;0
Saint-Céré;44.86;1.89;09/08/2026;07:00;19.7;10;ORAGEUX;2;0;0
Saint-Céré;44.86;1.89;09/08/2026;08:00;27.6;0;SOLEIL;2;0;0
Saint-Céré;44.86;1.89;09/08/2026;09:00;27.6;0;SOLEIL;2;0;0
Saint-Céré;44.86;1.89;09/08/2026;10:00;27.6;0;SOLEIL;2;0;0
Saint-Céré;44.86;1.89;09/08/2026;11:00;32.9;10;ORAGEUX;3;0;0
Saint-Céré;44.86;1.89;09/08/2026;12:00;32.9;10;ORAGEUX;3;0;0
Saint-Céré;44.86;1.89;09/08/2026;13:00;32.9;10;ORAGEUX;3;0;0
Saint-Céré;44.86;1.89;09/08/2026;14:00;34.6;10;ORAGEUX;2;0;0
Saint-Céré;44.86;1.89;09/08/2026;15:00;34.6;10;ORAGEUX;2;0;0
Saint-Céré;44.86;1.89;09/08/2026;16:00;34.6;10;ORAGEUX;2;0;0
Saint-Céré;44.86;1.89;09/08/2026;17:00;31.6;10;ORAGEUX;3;0;0
Saint-Céré;44.86;1.89;09/08/2026;18:00;31.6;10;ORAGEUX;3;0;0
Saint-Céré;44.86;1.89;09/08/2026;19:00;31.6;10;ORAGEUX;3;0;0
Saint-Céré;44.86;1.89;09/08/2026;20:00;23.6;0;SOLEIL;5;0;0
Saint-Céré;44.86;1.89;09/08/2026;21:00;20.8;0;SOLEIL;5;0;0
Saint-Céré;44.86;1.89;09/08/2026;22:00;18.0;0;SOLEIL;5;0;0
Saint-Céré;44.86;1.89;09/08/2026;23:00;22.7;10;ORAGEUX;1;0;0
Saint-Céré;44.86;1.89;10/08/2026;00:00;22.7;10;ORAGEUX;1;0;0
Saint-Céré;44.86;1.89;10/08/2026;01:00;22.7;10;ORAGEUX;1;0;0
Saint-Céré;44.86;1.89;10/08/2026;02:00;18.4;10;ORAGEUX;5;0;0
Saint-Céré;44.86;1.89;10/08/2026;03:00;18.4;10;ORAGEUX;5;0;0
Saint-Céré;44.86;1.89;10/08/2026;04:00;18.4;10;ORAGEUX;5;0;0
Saint-Céré;44.86;1.89;10/08/2026;05:00;19;0;SOLEIL;2;0;0
Saint-Céré;44.86;1.89;10/08/2026;06:00;19;0;SOLEIL;2;0;0
Saint-Céré;44.86;1.89;10/08/2026;07:00;19;0;SOLEIL;2;0;0
Saint-Céré;44.86;1.89;10/08/2026;08:00;22.2;10;ORAGEUX;5;0;0
Saint-Céré;44.86;1.89;10/08/2026;09:00;24.1;10;ORAGEUX;5;0;0
Saint-Céré;44.86;1.89;10/08/2026;10:00;26.0;10;ORAGEUX;5;0;0
Saint-Céré;44.86;1.89;10/08/2026;11:00;32.6;0;SOLEIL;2;0;0
Saint-Céré;44.86;1.89;10/08/2026;12:00;32.6;0;SOLEIL;2;0;0
Saint-Céré;44.86;1.89;10/08/2026;13:00;32.6;0;SOLEIL;2;0;0
Saint-Céré;44.86;1.89;10/08/2026;14:00;33.7;10;ORAGEUX;5;0;0
Saint-Céré;44.86;1.89;10/08/2026;15:00;35.6;10;ORAGEUX;5;0;0
Saint-Céré;44.86;1.89;10/08/2026;16:00;33.7;10;ORAGEUX;5;0;0
Saint-Céré;44.86;1.89;10/08/2026;17:00;32;0;SOLEIL;2;0;0
Saint-Céré;44.86;1.89;10/08/2026;18:00;32;0;SOLEIL;2;0;0
Saint-Céré;44.86;1.89;10/08/2026;19:00;32;0;SOLEIL;2;0;0
Saint-Céré;44.86;1.89;10/08/2026;20:00;26.0;10;ORAGEUX;5;0;0
Saint-Céré;44.86;1.89;10/08/2026;21:00;24.1;10;ORAGEUX;5;0;0
Saint-Céré;44.86;1.89;10/08/2026;22:00;22.2;10;ORAGEUX;5;0;0
Saint-Céré;44.86;1.89;10/08/2026;23:00;19.4;0;SOLEIL;2;0;0
Saint-Céré;44.86;1.89;11/08/2026;00:00;19.4;0;SOLEIL;2;0;0
Saint-Céré;44.86;1.89;11/08/2026;01:00;19.4;0;SOLEIL;2;0;0
Saint-Céré;44.86;1.89;11/08/2026;02:00;17.4;0;SOLEIL;5;0;0
Saint-Céré;44.86;1.89;11/08/2026;03:00;17.4;0;SOLEIL;5;0;0
Saint-Céré;44.86;1.89;11/08/2026;04:00;17.4;0;SOLEIL;5;0;0
Saint-Céré;44.86;1.89;11/08/2026;05:00;19.1;0;SOLEIL;2;0;0
Saint-Céré;44.86;1.89;11/08/2026;06:00;19.1;0;SOLEIL;2;0;0
Saint-Céré;44.86;1.89;11/08/2026;07:00;19.1;0;SOLEIL;2;0;0
Saint-Céré;44.86;1.89;11/08/2026;08:00;21.3;0;SOLEIL;5;0;0
Saint-Céré;44.86;1.89;11/08/2026;09:00;23.3;0;SOLEIL;5;0;0
Saint-Céré;44.86;1.89;11/08/2026;10:00;25.3;0;SOLEIL;5;0;0
Saint-Céré;44.86;1.89;11/08/2026;11:00;35.5;0;SOLEIL;1;0;0
Saint-Céré;44.86;1.89;11/08/2026;12:00;35.5;0;SOLEIL;1;0;0
Saint-Céré;44.86;1.89;11/08/2026;13:00;35.5;0;SOLEIL;1;0;0
Saint-Céré;44.86;1.89;11/08/2026;14:00;33.1;0;SOLEIL;5;0;0
Saint-Céré;44.86;1.89;11/08/2026;15:00;35.1;0;SOLEIL;5;0;0
Saint-Céré;44.86;1.89;11/08/2026;16:00;33.1;0;SOLEIL;5;0;0
Saint-Céré;44.86;1.89;11/08/2026;17:00;34.1;0;SOLEIL;1;0;0
Saint-Céré;44.86;1.89;11/08/2026;18:00;34.1;0;SOLEIL;1;0;0
Saint-Céré;44.86;1.89;11/08/2026;19:00;34.1;0;SOLEIL;1;0;0
Saint-Céré;44.86;1.89;11/08/2026;20:00;25.3;0;SOLEIL;5;0;0
Saint-Céré;44.86;1.89;11/08/2026;21:00;23.3;0;SOLEIL;5;0;0
Saint-Céré;44.86;1.89;11/08/2026;22:00;21.3;0;SOLEIL;5;0;0
Saint-Céré;44.86;1.89;11/08/2026;23:00;20.9;0;SOLEIL;2;0;0
Saint-Céré;44.86;1.89;12/08/2026;00:00;20.9;0;SOLEIL;2;0;0
Saint-Céré;44.86;1.89;12/08/2026;01:00;20.9;0;SOLEIL;2;0;0
Saint-Céré;44.86;1.89;12/08/2026;02:00;16.1;0;SOLEIL;5;0;0
Saint-Céré;44.86;1.89;12/08/2026;03:00;16.1;0;SOLEIL;5;0;0
Saint-Céré;44.86;1.89;12/08/2026;04:00;16.1;0;SOLEIL;5;0;0
Saint-Céré;44.86;1.89;12/08/2026;05:00;21.1;0;SOLEIL;2;0;0
Saint-Céré;44.86;1.89;12/08/2026;06:00;21.1;0;SOLEIL;2;0;0
Saint-Céré;44.86;1.89;12/08/2026;07:00;21.1;0;SOLEIL;2;0;0
Saint-Céré;44.86;1.89;12/08/2026;08:00;21.1;0;SOLEIL;5;0;0
Saint-Céré;44.86;1.89;12/08/2026;09:00;23.6;0;SOLEIL;5;0;0
Saint-Céré;44.86;1.89;12/08/2026;10:00;26.1;0;SOLEIL;5;0;0
Saint-Céré;44.86;1.89;12/08/2026;11:00;37.1;0;SOLEIL;2;0;0
Saint-Céré;44.86;1.89;12/08/2026;12:00;37.1;0;SOLEIL;2;0;0
Saint-Céré;44.86;1.89;12/08/2026;13:00;37.1;0;SOLEIL;2;0;0
Saint-Céré;44.86;1.89;12/08/2026;14:00;36.0;0;SOLEIL;5;0;0
Saint-Céré;44.86;1.89;12/08/2026;15:00;38.5;0;SOLEIL;5;0;0
Saint-Céré;44.86;1.89;12/08/2026;16:00;36.0;0;SOLEIL;5;0;0
Saint-Céré;44.86;1.89;12/08/2026;17:00;35.5;0;SOLEIL;1;0;0
Saint-Céré;44.86;1.89;12/08/2026;18:00;35.5;0;SOLEIL;1;0;0
Saint-Céré;44.86;1.89;12/08/2026;19:00;35.5;0;SOLEIL;1;0;0
Saint-Céré;44.86;1.89;12/08/2026;20:00;26.1;0;SOLEIL;5;0;0
Saint-Céré;44.86;1.89;12/08/2026;21:00;23.6;0;SOLEIL;5;0;0
Saint-Céré;44.86;1.89;12/08/2026;22:00;21.1;0;SOLEIL;5;0;0
Saint-Céré;44.86;1.89;12/08/2026;23:00;21.4;0;SOLEIL;2;0;0
Mende;44.51;3.5;08/08/2026;00:00;16.7;0;SOLEIL;1;0;0
Mende;44.51;3.5;08/08/2026;01:00;16.7;0;SOLEIL;1;0;0
Mende;44.51;3.5;08/08/2026;02:00;13;0;SOLEIL;2;0;0
Mende;44.51;3.5;08/08/2026;03:00;13;0;SOLEIL;2;0;0
Mende;44.51;3.5;08/08/2026;04:00;13;0;SOLEIL;2;0;0
Mende;44.51;3.5;08/08/2026;05:00;13.1;0;SOLEIL;2;0;0
Mende;44.51;3.5;08/08/2026;06:00;13.1;0;SOLEIL;2;0;0
Mende;44.51;3.5;08/08/2026;07:00;13.1;0;SOLEIL;2;0;0
Mende;44.51;3.5;08/08/2026;08:00;27.1;0;SOLEIL;0;0;0
Mende;44.51;3.5;08/08/2026;09:00;27.1;0;SOLEIL;0;0;0
Mende;44.51;3.5;08/08/2026;10:00;27.1;0;SOLEIL;0;0;0
Mende;44.51;3.5;08/08/2026;11:00;33.6;0;SOLEIL;3;0;0
Mende;44.51;3.5;08/08/2026;12:00;33.6;0;SOLEIL;3;0;0
Mende;44.51;3.5;08/08/2026;13:00;33.6;0;SOLEIL;3;0;0
Mende;44.51;3.5;08/08/2026;14:00;34.9;0;SOLEIL;3;0;0
Mende;44.51;3.5;08/08/2026;15:00;34.9;0;SOLEIL;3;0;0
Mende;44.51;3.5;08/08/2026;16:00;34.9;0;SOLEIL;3;0;0
Mende;44.51;3.5;08/08/2026;17:00;31.1;5;SOLEIL VOILÉ;2;0;0
Mende;44.51;3.5;08/08/2026;18:00;31.1;5;SOLEIL VOILÉ;2;0;0
Mende;44.51;3.5;08/08/2026;19:00;31.1;5;SOLEIL VOILÉ;2;0;0
Mende;44.51;3.5;08/08/2026;20:00;23.7;5;SOLEIL VOILÉ;2;0;0
Mende;44.51;3.5;08/08/2026;21:00;23.7;5;SOLEIL VOILÉ;2;0;0
Mende;44.51;3.5;08/08/2026;22:00;23.7;5;SOLEIL VOILÉ;2;0;0
Mende;44.51;3.5;08/08/2026;23:00;18.6;0;SOLEIL;2;0;0
Mende;44.51;3.5;09/08/2026;00:00;18.6;0;SOLEIL;2;0;0
Mende;44.51;3.5;09/08/2026;01:00;18.6;0;SOLEIL;2;0;0
Mende;44.51;3.5;09/08/2026;02:00;16.9;0;SOLEIL;2;0;0
Mende;44.51;3.5;09/08/2026;03:00;16.9;0;SOLEIL;2;0;0
Mende;44.51;3.5;09/08/2026;04:00;16.9;0;SOLEIL;2;0;0
Mende;44.51;3.5;09/08/2026;05:00;17.2;0;SOLEIL;2;0;0
Mende;44.51;3.5;09/08/2026;06:00;17.2;0;SOLEIL;2;0;0
Mende;44.51;3.5;09/08/2026;07:00;17.2;0;SOLEIL;2;0;0
Mende;44.51;3.5;09/08/2026;08:00;27.5;0;SOLEIL;4;0;0
Mende;44.51;3.5;09/08/2026;09:00;27.5;0;SOLEIL;4;0;0
Mende;44.51;3.5;09/08/2026;10:00;27.5;0;SOLEIL;4;0;0
Mende;44.51;3.5;09/08/2026;11:00;30.7;10;ORAGEUX;4;11;0
Mende;44.51;3.5;09/08/2026;12:00;30.7;10;ORAGEUX;4;11;0
Mende;44.51;3.5;09/08/2026;13:00;30.7;10;ORAGEUX;4;11;0
Mende;44.51;3.5;09/08/2026;14:00;31.6;10;ORAGEUX;3;11;0
Mende;44.51;3.5;09/08/2026;15:00;31.6;10;ORAGEUX;3;11;0
Mende;44.51;3.5;09/08/2026;16:00;31.6;10;ORAGEUX;3;11;0
Mende;44.51;3.5;09/08/2026;17:00;27.4;10;ORAGEUX;2;0;0
Mende;44.51;3.5;09/08/2026;18:00;27.4;10;ORAGEUX;2;0;0
Mende;44.51;3.5;09/08/2026;19:00;27.4;10;ORAGEUX;2;0;0
Mende;44.51;3.5;09/08/2026;20:00;22.2;0;SOLEIL;5;0;0
Mende;44.51;3.5;09/08/2026;21:00;19.6;0;SOLEIL;5;0;0
Mende;44.51;3.5;09/08/2026;22:00;16.9;0;SOLEIL;5;0;0
Mende;44.51;3.5;09/08/2026;23:00;18.1;0;SOLEIL;1;0;0
Mende;44.51;3.5;10/08/2026;00:00;18.1;0;SOLEIL;1;0;0
Mende;44.51;3.5;10/08/2026;01:00;18.1;0;SOLEIL;1;0;0
Mende;44.51;3.5;10/08/2026;02:00;15.9;10;ORAGEUX;5;0;0
Mende;44.51;3.5;10/08/2026;03:00;15.9;10;ORAGEUX;5;0;0
Mende;44.51;3.5;10/08/2026;04:00;15.9;10;ORAGEUX;5;0;0
Mende;44.51;3.5;10/08/2026;05:00;16.6;0;SOLEIL;1;0;0
Mende;44.51;3.5;10/08/2026;06:00;16.6;0;SOLEIL;1;0;0
Mende;44.51;3.5;10/08/2026;07:00;16.6;0;SOLEIL;1;0;0
Mende;44.51;3.5;10/08/2026;08:00;19.5;10;ORAGEUX;5;0;0
Mende;44.51;3.5;10/08/2026;09:00;21.3;10;ORAGEUX;5;0;0
Mende;44.51;3.5;10/08/2026;10:00;23.1;10;ORAGEUX;5;0;0
Mende;44.51;3.5;10/08/2026;11:00;31.9;6;AVERSES;3;0;0
Mende;44.51;3.5;10/08/2026;12:00;31.9;6;AVERSES;3;0;0
Mende;44.51;3.5;10/08/2026;13:00;31.9;6;AVERSES;3;0;0
Mende;44.51;3.5;10/08/2026;14:00;30.3;10;ORAGEUX;5;0;0
Mende;44.51;3.5;10/08/2026;15:00;32.1;10;ORAGEUX;5;0;0
Mende;44.51;3.5;10/08/2026;16:00;30.3;10;ORAGEUX;5;0;0
Mende;44.51;3.5;10/08/2026;17:00;27.9;6;AVERSES;2;0;0
Mende;44.51;3.5;10/08/2026;18:00;27.9;6;AVERSES;2;0;0
Mende;44.51;3.5;10/08/2026;19:00;27.9;6;AVERSES;2;0;0
Mende;44.51;3.5;10/08/2026;20:00;23.1;10;ORAGEUX;5;0;0
Mende;44.51;3.5;10/08/2026;21:00;21.3;10;ORAGEUX;5;0;0
Mende;44.51;3.5;10/08/2026;22:00;19.5;10;ORAGEUX;5;0;0
Mende;44.51;3.5;10/08/2026;23:00;18.7;0;SOLEIL;2;0;0
Mende;44.51;3.5;11/08/2026;00:00;18.7;0;SOLEIL;2;0;0
Mende;44.51;3.5;11/08/2026;01:00;18.7;0;SOLEIL;2;0;0
Mende;44.51;3.5;11/08/2026;02:00;15.5;0;SOLEIL;5;0;0
Mende;44.51;3.5;11/08/2026;03:00;15.5;0;SOLEIL;5;0;0
Mende;44.51;3.5;11/08/2026;04:00;15.5;0;SOLEIL;5;0;0
Mende;44.51;3.5;11/08/2026;05:00;16.4;0;SOLEIL;2;0;0
Mende;44.51;3.5;11/08/2026;06:00;16.4;0;SOLEIL;2;0;0
Mende;44.51;3.5;11/08/2026;07:00;16.4;0;SOLEIL;2;0;0
Mende;44.51;3.5;11/08/2026;08:00;19.4;0;SOLEIL;5;0;0
Mende;44.51;3.5;11/08/2026;09:00;21.3;0;SOLEIL;5;0;0
Mende;44.51;3.5;11/08/2026;10:00;23.3;0;SOLEIL;5;0;0
Mende;44.51;3.5;11/08/2026;11:00;33.6;0;SOLEIL;2;0;0
Mende;44.51;3.5;11/08/2026;12:00;33.6;0;SOLEIL;2;0;0
Mende;44.51;3.5;11/08/2026;13:00;33.6;0;SOLEIL;2;0;0
Mende;44.51;3.5;11/08/2026;14:00;31.1;0;SOLEIL;5;0;0
Mende;44.51;3.5;11/08/2026;15:00;33.0;0;SOLEIL;5;0;0
Mende;44.51;3.5;11/08/2026;16:00;31.1;0;SOLEIL;5;0;0
Mende;44.51;3.5;11/08/2026;17:00;29.6;0;SOLEIL;2;0;0
Mende;44.51;3.5;11/08/2026;18:00;29.6;0;SOLEIL;2;0;0
Mende;44.51;3.5;11/08/2026;19:00;29.6;0;SOLEIL;2;0;0
Mende;44.51;3.5;11/08/2026;20:00;23.3;0;SOLEIL;5;0;0
Mende;44.51;3.5;11/08/2026;21:00;21.3;0;SOLEIL;5;0;0
Mende;44.51;3.5;11/08/2026;22:00;19.4;0;SOLEIL;5;0;0
Mende;44.51;3.5;11/08/2026;23:00;19.6;0;SOLEIL;2;0;0
Mende;44.51;3.5;12/08/2026;00:00;19.6;0;SOLEIL;2;0;0
Mende;44.51;3.5;12/08/2026;01:00;19.6;0;SOLEIL;2;0;0
Mende;44.51;3.5;12/08/2026;02:00;15;0;SOLEIL;5;0;0
Mende;44.51;3.5;12/08/2026;03:00;15;0;SOLEIL;5;0;0
Mende;44.51;3.5;12/08/2026;04:00;15;0;SOLEIL;5;0;0
Mende;44.51;3.5;12/08/2026;05:00;17.1;0;SOLEIL;1;0;0
Mende;44.51;3.5;12/08/2026;06:00;17.1;0;SOLEIL;1;0;0
Mende;44.51;3.5;12/08/2026;07:00;17.1;0;SOLEIL;1;0;0
Mende;44.51;3.5;12/08/2026;08:00;19.4;0;SOLEIL;5;0;0
Mende;44.51;3.5;12/08/2026;09:00;21.7;0;SOLEIL;5;0;0
Mende;44.51;3.5;12/08/2026;10:00;23.9;0;SOLEIL;5;0;0
Mende;44.51;3.5;12/08/2026;11:00;34.6;0;SOLEIL;2;0;0
Mende;44.51;3.5;12/08/2026;12:00;34.6;0;SOLEIL;2;0;0
Mende;44.51;3.5;12/08/2026;13:00;34.6;0;SOLEIL;2;0;0
Mende;44.51;3.5;12/08/2026;14:00;32.8;0;SOLEIL;5;0;0
Mende;44.51;3.5;12/08/2026;15:00;35.0;0;SOLEIL;5;0;0
Mende;44.51;3.5;12/08/2026;16:00;32.8;0;SOLEIL;5;0;0
Mende;44.51;3.5;12/08/2026;17:00;29.4;6;AVERSES;3;0;0
Mende;44.51;3.5;12/08/2026;18:00;29.4;6;AVERSES;3;0;0
Mende;44.51;3.5;12/08/2026;19:00;29.4;6;AVERSES;3;0;0
Mende;44.51;3.5;12/08/2026;20:00;23.9;0;SOLEIL;5;0;0
Mende;44.51;3.5;12/08/2026;21:00;21.7;0;SOLEIL;5;0;0
Mende;44.51;3.5;12/08/2026;22:00;19.4;0;SOLEIL;5;0;0
Mende;44.51;3.5;12/08/2026;23:00;20.6;0;SOLEIL;1;0;0
Tarbes;43.23;0.07;08/08/2026;00:00;19.7;0;SOLEIL;2;0;0
Tarbes;43.23;0.07;08/08/2026;01:00;19.7;0;SOLEIL;2;0;0
Tarbes;43.23;0.07;08/08/2026;02:00;18.6;0;SOLEIL;2;0;0
Tarbes;43.23;0.07;08/08/2026;03:00;18.6;0;SOLEIL;2;0;0
Tarbes;43.23;0.07;08/08/2026;04:00;18.6;0;SOLEIL;2;0;0
Tarbes;43.23;0.07;08/08/2026;05:00;20.1;0;SOLEIL;1;0;0
Tarbes;43.23;0.07;08/08/2026;06:00;20.1;0;SOLEIL;1;0;0
Tarbes;43.23;0.07;08/08/2026;07:00;20.1;0;SOLEIL;1;0;0
Tarbes;43.23;0.07;08/08/2026;08:00;27.7;0;SOLEIL;1;0;0
Tarbes;43.23;0.07;08/08/2026;09:00;27.7;0;SOLEIL;1;0;0
Tarbes;43.23;0.07;08/08/2026;10:00;27.7;0;SOLEIL;1;0;0
Tarbes;43.23;0.07;08/08/2026;11:00;32;0;SOLEIL;2;0;0
Tarbes;43.23;0.07;08/08/2026;12:00;32;0;SOLEIL;2;0;0
Tarbes;43.23;0.07;08/08/2026;13:00;32;0;SOLEIL;2;0;0
Tarbes;43.23;0.07;08/08/2026;14:00;32.1;10;ORAGEUX;2;0;0
Tarbes;43.23;0.07;08/08/2026;15:00;32.1;10;ORAGEUX;2;0;0
Tarbes;43.23;0.07;08/08/2026;16:00;32.1;10;ORAGEUX;2;0;0
Tarbes;43.23;0.07;08/08/2026;17:00;31.9;10;ORAGEUX;2;0;0
Tarbes;43.23;0.07;08/08/2026;18:00;31.9;10;ORAGEUX;2;0;0
Tarbes;43.23;0.07;08/08/2026;19:00;31.9;10;ORAGEUX;2;0;0
Tarbes;43.23;0.07;08/08/2026;20:00;24.2;0;SOLEIL;2;0;0
Tarbes;43.23;0.07;08/08/2026;21:00;24.2;0;SOLEIL;2;0;0
Tarbes;43.23;0.07;08/08/2026;22:00;24.2;0;SOLEIL;2;0;0
Tarbes;43.23;0.07;08/08/2026;23:00;22.1;0;SOLEIL;3;0;0
Tarbes;43.23;0.07;09/08/2026;00:00;22.1;0;SOLEIL;3;0;0
Tarbes;43.23;0.07;09/08/2026;01:00;22.1;0;SOLEIL;3;0;0
Tarbes;43.23;0.07;09/08/2026;02:00;19.6;0;SOLEIL;2;0;0
Tarbes;43.23;0.07;09/08/2026;03:00;19.6;0;SOLEIL;2;0;0
Tarbes;43.23;0.07;09/08/2026;04:00;19.6;0;SOLEIL;2;0;0
Tarbes;43.23;0.07;09/08/2026;05:00;19.9;0;SOLEIL;2;0;0
Tarbes;43.23;0.07;09/08/2026;06:00;19.9;0;SOLEIL;2;0;0
Tarbes;43.23;0.07;09/08/2026;07:00;19.9;0;SOLEIL;2;0;0
Tarbes;43.23;0.07;09/08/2026;08:00;25.6;0;SOLEIL;2;0;0
Tarbes;43.23;0.07;09/08/2026;09:00;25.6;0;SOLEIL;2;0;0
Tarbes;43.23;0.07;09/08/2026;10:00;25.6;0;SOLEIL;2;0;0
Tarbes;43.23;0.07;09/08/2026;11:00;29.9;0;SOLEIL;1;0;0
Tarbes;43.23;0.07;09/08/2026;12:00;29.9;0;SOLEIL;1;0;0
Tarbes;43.23;0.07;09/08/2026;13:00;29.9;0;SOLEIL;1;0;0
Tarbes;43.23;0.07;09/08/2026;14:00;30.5;10;ORAGEUX;2;0;0
Tarbes;43.23;0.07;09/08/2026;15:00;30.5;10;ORAGEUX;2;0;0
Tarbes;43.23;0.07;09/08/2026;16:00;30.5;10;ORAGEUX;2;0;0
Tarbes;43.23;0.07;09/08/2026;17:00;27.1;10;ORAGEUX;3;0;0
Tarbes;43.23;0.07;09/08/2026;18:00;27.1;10;ORAGEUX;3;0;0
Tarbes;43.23;0.07;09/08/2026;19:00;27.1;10;ORAGEUX;3;0;0
Tarbes;43.23;0.07;09/08/2026;20:00;24.8;10;ORAGEUX;5;0;0
Tarbes;43.23;0.07;09/08/2026;21:00;23.0;10;ORAGEUX;5;0;0
Tarbes;43.23;0.07;09/08/2026;22:00;21.2;10;ORAGEUX;5;0;0
Tarbes;43.23;0.07;09/08/2026;23:00;21.1;0;SOLEIL;4;0;0
Tarbes;43.23;0.07;10/08/2026;00:00;21.1;0;SOLEIL;4;0;0
Tarbes;43.23;0.07;10/08/2026;01:00;21.1;0;SOLEIL;4;0;0
Tarbes;43.23;0.07;10/08/2026;02:00;18.5;10;ORAGEUX;5;0;0
Tarbes;43.23;0.07;10/08/2026;03:00;18.5;10;ORAGEUX;5;0;0
Tarbes;43.23;0.07;10/08/2026;04:00;18.5;10;ORAGEUX;5;0;0
Tarbes;43.23;0.07;10/08/2026;05:00;20.5;0;SOLEIL;2;0;0
Tarbes;43.23;0.07;10/08/2026;06:00;20.5;0;SOLEIL;2;0;0
Tarbes;43.23;0.07;10/08/2026;07:00;20.5;0;SOLEIL;2;0;0
Tarbes;43.23;0.07;10/08/2026;08:00;21.6;10;ORAGEUX;5;0;0
Tarbes;43.23;0.07;10/08/2026;09:00;23.1;10;ORAGEUX;5;0;0
Tarbes;43.23;0.07;10/08/2026;10:00;24.7;10;ORAGEUX;5;0;0
Tarbes;43.23;0.07;10/08/2026;11:00;29.5;0;SOLEIL;2;0;0
Tarbes;43.23;0.07;10/08/2026;12:00;29.5;0;SOLEIL;2;0;0
Tarbes;43.23;0.07;10/08/2026;13:00;29.5;0;SOLEIL;2;0;0
Tarbes;43.23;0.07;10/08/2026;14:00;30.9;10;ORAGEUX;5;0;0
Tarbes;43.23;0.07;10/08/2026;15:00;32.4;10;ORAGEUX;5;0;0
Tarbes;43.23;0.07;10/08/2026;16:00;30.9;10;ORAGEUX;5;0;0
Tarbes;43.23;0.07;10/08/2026;17:00;28.4;0;SOLEIL;2;0;0
Tarbes;43.23;0.07;10/08/2026;18:00;28.4;0;SOLEIL;2;0;0
Tarbes;43.23;0.07;10/08/2026;19:00;28.4;0;SOLEIL;2;0;0
Tarbes;43.23;0.07;10/08/2026;20:00;24.7;10;ORAGEUX;5;0;0
Tarbes;43.23;0.07;10/08/2026;21:00;23.1;10;ORAGEUX;5;0;0
Tarbes;43.23;0.07;10/08/2026;22:00;21.6;10;ORAGEUX;5;0;0
Tarbes;43.23;0.07;10/08/2026;23:00;22.6;0;SOLEIL;2;0;0
Tarbes;43.23;0.07;11/08/2026;00:00;22.6;0;SOLEIL;2;0;0
Tarbes;43.23;0.07;11/08/2026;01:00;22.6;0;SOLEIL;2;0;0
Tarbes;43.23;0.07;11/08/2026;02:00;19.6;0;SOLEIL;5;0;0
Tarbes;43.23;0.07;11/08/2026;03:00;19.6;0;SOLEIL;5;0;0
Tarbes;43.23;0.07;11/08/2026;04:00;19.6;0;SOLEIL;5;0;0
Tarbes;43.23;0.07;11/08/2026;05:00;20.9;0;SOLEIL;2;0;0
Tarbes;43.23;0.07;11/08/2026;06:00;20.9;0;SOLEIL;2;0;0
Tarbes;43.23;0.07;11/08/2026;07:00;20.9;0;SOLEIL;2;0;0
Tarbes;43.23;0.07;11/08/2026;08:00;22.4;0;SOLEIL;5;0;0
Tarbes;43.23;0.07;11/08/2026;09:00;23.7;0;SOLEIL;5;0;0
Tarbes;43.23;0.07;11/08/2026;10:00;25.1;0;SOLEIL;5;0;0
Tarbes;43.23;0.07;11/08/2026;11:00;33.1;0;SOLEIL;3;0;0
Tarbes;43.23;0.07;11/08/2026;12:00;33.1;0;SOLEIL;3;0;0
Tarbes;43.23;0.07;11/08/2026;13:00;33.1;0;SOLEIL;3;0;0
Tarbes;43.23;0.07;11/08/2026;14:00;30.6;0;SOLEIL;5;0;0
Tarbes;43.23;0.07;11/08/2026;15:00;32.0;0;SOLEIL;5;0;0
Tarbes;43.23;0.07;11/08/2026;16:00;30.6;0;SOLEIL;5;0;0
Tarbes;43.23;0.07;11/08/2026;17:00;32.5;0;SOLEIL;3;0;0
Tarbes;43.23;0.07;11/08/2026;18:00;32.5;0;SOLEIL;3;0;0
Tarbes;43.23;0.07;11/08/2026;19:00;32.5;0;SOLEIL;3;0;0
Tarbes;43.23;0.07;11/08/2026;20:00;25.1;0;SOLEIL;5;0;0
Tarbes;43.23;0.07;11/08/2026;21:00;23.7;0;SOLEIL;5;0;0
Tarbes;43.23;0.07;11/08/2026;22:00;22.4;0;SOLEIL;5;0;0
Tarbes;43.23;0.07;11/08/2026;23:00;23.6;0;SOLEIL;4;0;0
Tarbes;43.23;0.07;12/08/2026;00:00;23.6;0;SOLEIL;4;0;0
Tarbes;43.23;0.07;12/08/2026;01:00;23.6;0;SOLEIL;4;0;0
Tarbes;43.23;0.07;12/08/2026;02:00;19.2;0;SOLEIL;5;0;0
Tarbes;43.23;0.07;12/08/2026;03:00;19.2;0;SOLEIL;5;0;0
Tarbes;43.23;0.07;12/08/2026;04:00;19.2;0;SOLEIL;5;0;0
Tarbes;43.23;0.07;12/08/2026;05:00;22.1;0;SOLEIL;3;0;0
Tarbes;43.23;0.07;12/08/2026;06:00;22.1;0;SOLEIL;3;0;0
Tarbes;43.23;0.07;12/08/2026;07:00;22.1;0;SOLEIL;3;0;0
Tarbes;43.23;0.07;12/08/2026;08:00;22.8;0;SOLEIL;5;0;0
Tarbes;43.23;0.07;12/08/2026;09:00;24.7;0;SOLEIL;5;0;0
Tarbes;43.23;0.07;12/08/2026;10:00;26.5;0;SOLEIL;5;0;0
Tarbes;43.23;0.07;12/08/2026;11:00;32.6;0;SOLEIL;2;0;0
Tarbes;43.23;0.07;12/08/2026;12:00;32.6;0;SOLEIL;2;0;0
Tarbes;43.23;0.07;12/08/2026;13:00;32.6;0;SOLEIL;2;0;0
Tarbes;43.23;0.07;12/08/2026;14:00;33.8;0;SOLEIL;5;0;0
Tarbes;43.23;0.07;12/08/2026;15:00;35.6;0;SOLEIL;5;0;0
Tarbes;43.23;0.07;12/08/2026;16:00;33.8;0;SOLEIL;5;0;0
Tarbes;43.23;0.07;12/08/2026;17:00;31.2;0;SOLEIL;1;0;0
Tarbes;43.23;0.07;12/08/2026;18:00;31.2;0;SOLEIL;1;0;0
Tarbes;43.23;0.07;12/08/2026;19:00;31.2;0;SOLEIL;1;0;0
Tarbes;43.23;0.07;12/08/2026;20:00;26.5;0;SOLEIL;5;0;0
Tarbes;43.23;0.07;12/08/2026;21:00;24.7;0;SOLEIL;5;0;0
Tarbes;43.23;0.07;12/08/2026;22:00;22.8;0;SOLEIL;5;0;0
Tarbes;43.23;0.07;12/08/2026;23:00;23.1;0;SOLEIL;4;0;0
Font-Romeu;42.5;2.04;08/08/2026;00:00;16.6;0;SOLEIL;1;0;0
Font-Romeu;42.5;2.04;08/08/2026;01:00;16.6;0;SOLEIL;1;0;0
Font-Romeu;42.5;2.04;08/08/2026;02:00;16.6;0;SOLEIL;2;0;0
Font-Romeu;42.5;2.04;08/08/2026;03:00;16.6;0;SOLEIL;2;0;0
Font-Romeu;42.5;2.04;08/08/2026;04:00;16.6;0;SOLEIL;2;0;0
Font-Romeu;42.5;2.04;08/08/2026;05:00;16.2;0;SOLEIL;2;0;0
Font-Romeu;42.5;2.04;08/08/2026;06:00;16.2;0;SOLEIL;2;0;0
Font-Romeu;42.5;2.04;08/08/2026;07:00;16.2;0;SOLEIL;2;0;0
Font-Romeu;42.5;2.04;08/08/2026;08:00;23.1;0;SOLEIL;2;0;0
Font-Romeu;42.5;2.04;08/08/2026;09:00;23.1;0;SOLEIL;2;0;0
Font-Romeu;42.5;2.04;08/08/2026;10:00;23.1;0;SOLEIL;2;0;0
Font-Romeu;42.5;2.04;08/08/2026;11:00;26.1;10;ORAGEUX;3;0;0
Font-Romeu;42.5;2.04;08/08/2026;12:00;26.1;10;ORAGEUX;3;0;0
Font-Romeu;42.5;2.04;08/08/2026;13:00;26.1;10;ORAGEUX;3;0;0
Font-Romeu;42.5;2.04;08/08/2026;14:00;21.7;10;ORAGEUX;3;0;0
Font-Romeu;42.5;2.04;08/08/2026;15:00;21.7;10;ORAGEUX;3;0;0
Font-Romeu;42.5;2.04;08/08/2026;16:00;21.7;10;ORAGEUX;3;0;0
Font-Romeu;42.5;2.04;08/08/2026;17:00;18.4;10;ORAGEUX;2;0;0
Font-Romeu;42.5;2.04;08/08/2026;18:00;18.4;10;ORAGEUX;2;0;0
Font-Romeu;42.5;2.04;08/08/2026;19:00;18.4;10;ORAGEUX;2;0;0
Font-Romeu;42.5;2.04;08/08/2026;20:00;14.7;0;SOLEIL;2;0;0
Font-Romeu;42.5;2.04;08/08/2026;21:00;14.7;0;SOLEIL;2;0;0
Font-Romeu;42.5;2.04;08/08/2026;22:00;14.7;0;SOLEIL;2;0;0
Font-Romeu;42.5;2.04;08/08/2026;23:00;15.6;0;SOLEIL;2;0;0
Font-Romeu;42.5;2.04;09/08/2026;00:00;15.6;0;SOLEIL;2;0;0
Font-Romeu;42.5;2.04;09/08/2026;01:00;15.6;0;SOLEIL;2;0;0
Font-Romeu;42.5;2.04;09/08/2026;02:00;17.1;0;SOLEIL;2;0;0
Font-Romeu;42.5;2.04;09/08/2026;03:00;17.1;0;SOLEIL;2;0;0
Font-Romeu;42.5;2.04;09/08/2026;04:00;17.1;0;SOLEIL;2;0;0
Font-Romeu;42.5;2.04;09/08/2026;05:00;16.7;0;SOLEIL;2;0;0
Font-Romeu;42.5;2.04;09/08/2026;06:00;16.7;0;SOLEIL;2;0;0
Font-Romeu;42.5;2.04;09/08/2026;07:00;16.7;0;SOLEIL;2;0;0
Font-Romeu;42.5;2.04;09/08/2026;08:00;22.7;0;SOLEIL;3;0;0
Font-Romeu;42.5;2.04;09/08/2026;09:00;22.7;0;SOLEIL;3;0;0
Font-Romeu;42.5;2.04;09/08/2026;10:00;22.7;0;SOLEIL;3;0;0
Font-Romeu;42.5;2.04;09/08/2026;11:00;25.2;0;SOLEIL;3;12;0
Font-Romeu;42.5;2.04;09/08/2026;12:00;25.2;0;SOLEIL;3;12;0
Font-Romeu;42.5;2.04;09/08/2026;13:00;25.2;0;SOLEIL;3;12;0
Font-Romeu;42.5;2.04;09/08/2026;14:00;23.6;10;ORAGEUX;4;13;0
Font-Romeu;42.5;2.04;09/08/2026;15:00;23.6;10;ORAGEUX;4;13;0
Font-Romeu;42.5;2.04;09/08/2026;16:00;23.6;10;ORAGEUX;4;13;0
Font-Romeu;42.5;2.04;09/08/2026;17:00;20.1;5;SOLEIL VOILÉ;2;11;0
Font-Romeu;42.5;2.04;09/08/2026;18:00;20.1;5;SOLEIL VOILÉ;2;11;0
Font-Romeu;42.5;2.04;09/08/2026;19:00;20.1;5;SOLEIL VOILÉ;2;11;0
Font-Romeu;42.5;2.04;09/08/2026;20:00;19.7;10;ORAGEUX;5;0;0
Font-Romeu;42.5;2.04;09/08/2026;21:00;18.3;10;ORAGEUX;5;0;0
Font-Romeu;42.5;2.04;09/08/2026;22:00;16.9;10;ORAGEUX;5;0;0
Font-Romeu;42.5;2.04;09/08/2026;23:00;14.6;0;SOLEIL;2;0;0
Font-Romeu;42.5;2.04;10/08/2026;00:00;14.6;0;SOLEIL;2;0;0
Font-Romeu;42.5;2.04;10/08/2026;01:00;14.6;0;SOLEIL;2;0;0
Font-Romeu;42.5;2.04;10/08/2026;02:00;14.1;10;ORAGEUX;5;0;0
Font-Romeu;42.5;2.04;10/08/2026;03:00;14.1;10;ORAGEUX;5;0;0
Font-Romeu;42.5;2.04;10/08/2026;04:00;14.1;10;ORAGEUX;5;0;0
Font-Romeu;42.5;2.04;10/08/2026;05:00;14.9;0;SOLEIL;0;0;0
Font-Romeu;42.5;2.04;10/08/2026;06:00;14.9;0;SOLEIL;0;0;0
Font-Romeu;42.5;2.04;10/08/2026;07:00;14.9;0;SOLEIL;0;0;0
Font-Romeu;42.5;2.04;10/08/2026;08:00;16.6;10;ORAGEUX;5;0;0
Font-Romeu;42.5;2.04;10/08/2026;09:00;17.9;10;ORAGEUX;5;0;0
Font-Romeu;42.5;2.04;10/08/2026;10:00;19.2;10;ORAGEUX;5;0;0
Font-Romeu;42.5;2.04;10/08/2026;11:00;24.4;6;AVERSES;4;0;0
Font-Romeu;42.5;2.04;10/08/2026;12:00;24.4;6;AVERSES;4;0;0
Font-Romeu;42.5;2.04;10/08/2026;13:00;24.4;6;AVERSES;4;0;0
Font-Romeu;42.5;2.04;10/08/2026;14:00;24.2;10;ORAGEUX;5;0;0
Font-Romeu;42.5;2.04;10/08/2026;15:00;25.5;10;ORAGEUX;5;0;0
Font-Romeu;42.5;2.04;10/08/2026;16:00;24.2;10;ORAGEUX;5;0;0
Font-Romeu;42.5;2.04;10/08/2026;17:00;19.1;6;AVERSES;2;0;0
Font-Romeu;42.5;2.04;10/08/2026;18:00;19.1;6;AVERSES;2;0;0
Font-Romeu;42.5;2.04;10/08/2026;19:00;19.1;6;AVERSES;2;0;0
Font-Romeu;42.5;2.04;10/08/2026;20:00;19.2;10;ORAGEUX;5;0;0
Font-Romeu;42.5;2.04;10/08/2026;21:00;17.9;10;ORAGEUX;5;0;0
Font-Romeu;42.5;2.04;10/08/2026;22:00;16.6;10;ORAGEUX;5;0;0
Font-Romeu;42.5;2.04;10/08/2026;23:00;12;0;SOLEIL;0;0;0
Font-Romeu;42.5;2.04;11/08/2026;00:00;12;0;SOLEIL;0;0;0
Font-Romeu;42.5;2.04;11/08/2026;01:00;12;0;SOLEIL;0;0;0
Font-Romeu;42.5;2.04;11/08/2026;02:00;11.5;6;AVERSES;5;0;0
Font-Romeu;42.5;2.04;11/08/2026;03:00;11.5;6;AVERSES;5;0;0
Font-Romeu;42.5;2.04;11/08/2026;04:00;11.5;6;AVERSES;5;0;0
Font-Romeu;42.5;2.04;11/08/2026;05:00;14.4;0;SOLEIL;0;0;0
Font-Romeu;42.5;2.04;11/08/2026;06:00;14.4;0;SOLEIL;0;0;0
Font-Romeu;42.5;2.04;11/08/2026;07:00;14.4;0;SOLEIL;0;0;0
Font-Romeu;42.5;2.04;11/08/2026;08:00;14.5;6;AVERSES;5;0;0
Font-Romeu;42.5;2.04;11/08/2026;09:00;16.0;6;AVERSES;5;0;0
Font-Romeu;42.5;2.04;11/08/2026;10:00;17.5;6;AVERSES;5;0;0
Font-Romeu;42.5;2.04;11/08/2026;11:00;25.9;6;AVERSES;3;0;0
Font-Romeu;42.5;2.04;11/08/2026;12:00;25.9;6;AVERSES;3;0;0
Font-Romeu;42.5;2.04;11/08/2026;13:00;25.9;6;AVERSES;3;0;0
Font-Romeu;42.5;2.04;11/08/2026;14:00;23.6;6;AVERSES;5;0;0
Font-Romeu;42.5;2.04;11/08/2026;15:00;25.1;6;AVERSES;5;0;0
Font-Romeu;42.5;2.04;11/08/2026;16:00;23.6;6;AVERSES;5;0;0
Font-Romeu;42.5;2.04;11/08/2026;17:00;20.6;6;AVERSES;2;0;0
Font-Romeu;42.5;2.04;11/08/2026;18:00;20.6;6;AVERSES;2;0;0
Font-Romeu;42.5;2.04;11/08/2026;19:00;20.6;6;AVERSES;2;0;0
Font-Romeu;42.5;2.04;11/08/2026;20:00;17.5;6;AVERSES;5;0;0
Font-Romeu;42.5;2.04;11/08/2026;21:00;16.0;6;AVERSES;5;0;0
Font-Romeu;42.5;2.04;11/08/2026;22:00;14.5;6;AVERSES;5;0;0
Font-Romeu;42.5;2.04;11/08/2026;23:00;14.6;0;SOLEIL;0;0;0
Font-Romeu;42.5;2.04;12/08/2026;00:00;14.6;0;SOLEIL;0;0;0
Font-Romeu;42.5;2.04;12/08/2026;01:00;14.6;0;SOLEIL;0;0;0
Font-Romeu;42.5;2.04;12/08/2026;02:00;11.1;6;AVERSES;5;0;0
Font-Romeu;42.5;2.04;12/08/2026;03:00;11.1;6;AVERSES;5;0;0
Font-Romeu;42.5;2.04;12/08/2026;04:00;11.1;6;AVERSES;5;0;0
Font-Romeu;42.5;2.04;12/08/2026;05:00;15.6;0;SOLEIL;0;0;0
Font-Romeu;42.5;2.04;12/08/2026;06:00;15.6;0;SOLEIL;0;0;0
Font-Romeu;42.5;2.04;12/08/2026;07:00;15.6;0;SOLEIL;0;0;0
Font-Romeu;42.5;2.04;12/08/2026;08:00;14.5;6;AVERSES;5;0;0
Font-Romeu;42.5;2.04;12/08/2026;09:00;16.3;6;AVERSES;5;0;0
Font-Romeu;42.5;2.04;12/08/2026;10:00;18.0;6;AVERSES;5;0;0
Font-Romeu;42.5;2.04;12/08/2026;11:00;25.9;0;SOLEIL;2;0;0
Font-Romeu;42.5;2.04;12/08/2026;12:00;25.9;0;SOLEIL;2;0;0
Font-Romeu;42.5;2.04;12/08/2026;13:00;25.9;0;SOLEIL;2;0;0
Font-Romeu;42.5;2.04;12/08/2026;14:00;24.9;6;AVERSES;5;0;0
Font-Romeu;42.5;2.04;12/08/2026;15:00;26.6;6;AVERSES;5;0;0
Font-Romeu;42.5;2.04;12/08/2026;16:00;24.9;6;AVERSES;5;0;0
Font-Romeu;42.5;2.04;12/08/2026;17:00;20.1;6;AVERSES;0;0;0
Font-Romeu;42.5;2.04;12/08/2026;18:00;20.1;6;AVERSES;0;0;0
Font-Romeu;42.5;2.04;12/08/2026;19:00;20.1;6;AVERSES;0;0;0
Font-Romeu;42.5;2.04;12/08/2026;20:00;18.0;6;AVERSES;5;0;0
Font-Romeu;42.5;2.04;12/08/2026;21:00;16.3;6;AVERSES;5;0;0
Font-Romeu;42.5;2.04;12/08/2026;22:00;14.5;6;AVERSES;5;0;0
Font-Romeu;42.5;2.04;12/08/2026;23:00;13.4;0;SOLEIL;0;0;0
Perpignan;42.69;2.89;08/08/2026;00:00;27.7;0;SOLEIL;2;0;0
Perpignan;42.69;2.89;08/08/2026;01:00;27.7;0;SOLEIL;2;0;0
Perpignan;42.69;2.89;08/08/2026;02:00;25.6;0;SOLEIL;1;0;0
Perpignan;42.69;2.89;08/08/2026;03:00;25.6;0;SOLEIL;1;0;0
Perpignan;42.69;2.89;08/08/2026;04:00;25.6;0;SOLEIL;1;0;0
Perpignan;42.69;2.89;08/08/2026;05:00;26.6;0;SOLEIL;1;0;0
Perpignan;42.69;2.89;08/08/2026;06:00;26.6;0;SOLEIL;1;0;0
Perpignan;42.69;2.89;08/08/2026;07:00;26.6;0;SOLEIL;1;0;0
Perpignan;42.69;2.89;08/08/2026;08:00;32.4;0;SOLEIL;3;0;0
Perpignan;42.69;2.89;08/08/2026;09:00;32.4;0;SOLEIL;3;0;0
Perpignan;42.69;2.89;08/08/2026;10:00;32.4;0;SOLEIL;3;0;0
Perpignan;42.69;2.89;08/08/2026;11:00;33;0;SOLEIL;5;0;0
Perpignan;42.69;2.89;08/08/2026;12:00;33;0;SOLEIL;5;0;0
Perpignan;42.69;2.89;08/08/2026;13:00;33;0;SOLEIL;5;0;0
Perpignan;42.69;2.89;08/08/2026;14:00;32;5;SOLEIL VOILÉ;6;12;0
Perpignan;42.69;2.89;08/08/2026;15:00;32;5;SOLEIL VOILÉ;6;12;0
Perpignan;42.69;2.89;08/08/2026;16:00;32;5;SOLEIL VOILÉ;6;12;0
Perpignan;42.69;2.89;08/08/2026;17:00;28.4;5;SOLEIL VOILÉ;3;0;0
Perpignan;42.69;2.89;08/08/2026;18:00;28.4;5;SOLEIL VOILÉ;3;0;0
Perpignan;42.69;2.89;08/08/2026;19:00;28.4;5;SOLEIL VOILÉ;3;0;0
Perpignan;42.69;2.89;08/08/2026;20:00;26.6;0;SOLEIL;2;0;0
Perpignan;42.69;2.89;08/08/2026;21:00;26.6;0;SOLEIL;2;0;0
Perpignan;42.69;2.89;08/08/2026;22:00;26.6;0;SOLEIL;2;0;0
Perpignan;42.69;2.89;08/08/2026;23:00;26.6;0;SOLEIL;3;0;0
Perpignan;42.69;2.89;09/08/2026;00:00;26.6;0;SOLEIL;3;0;0
Perpignan;42.69;2.89;09/08/2026;01:00;26.6;0;SOLEIL;3;0;0
Perpignan;42.69;2.89;09/08/2026;02:00;25.6;0;SOLEIL;3;0;0
Perpignan;42.69;2.89;09/08/2026;03:00;25.6;0;SOLEIL;3;0;0
Perpignan;42.69;2.89;09/08/2026;04:00;25.6;0;SOLEIL;3;0;0
Perpignan;42.69;2.89;09/08/2026;05:00;25.6;2;NUAGEUX;2;0;0
Perpignan;42.69;2.89;09/08/2026;06:00;25.6;2;NUAGEUX;2;0;0
Perpignan;42.69;2.89;09/08/2026;07:00;25.6;2;NUAGEUX;2;0;0
Perpignan;42.69;2.89;09/08/2026;08:00;29.7;0;SOLEIL;2;0;0
Perpignan;42.69;2.89;09/08/2026;09:00;29.7;0;SOLEIL;2;0;0
Perpignan;42.69;2.89;09/08/2026;10:00;29.7;0;SOLEIL;2;0;0
Perpignan;42.69;2.89;09/08/2026;11:00;31.2;0;SOLEIL;5;0;0
Perpignan;42.69;2.89;09/08/2026;12:00;31.2;0;SOLEIL;5;0;0
Perpignan;42.69;2.89;09/08/2026;13:00;31.2;0;SOLEIL;5;0;0
Perpignan;42.69;2.89;09/08/2026;14:00;30.6;10;ORAGEUX;4;0;0
Perpignan;42.69;2.89;09/08/2026;15:00;30.6;10;ORAGEUX;4;0;0
Perpignan;42.69;2.89;09/08/2026;16:00;30.6;10;ORAGEUX;4;0;0
Perpignan;42.69;2.89;09/08/2026;17:00;28.4;10;ORAGEUX;4;0;0
Perpignan;42.69;2.89;09/08/2026;18:00;28.4;10;ORAGEUX;4;0;0
Perpignan;42.69;2.89;09/08/2026;19:00;28.4;10;ORAGEUX;4;0;0
Perpignan;42.69;2.89;09/08/2026;20:00;28.2;0;SOLEIL;5;0;0
Perpignan;42.69;2.89;09/08/2026;21:00;27.1;0;SOLEIL;5;0;0
Perpignan;42.69;2.89;09/08/2026;22:00;25.9;0;SOLEIL;5;0;0
Perpignan;42.69;2.89;09/08/2026;23:00;25.7;0;SOLEIL;2;0;0
Perpignan;42.69;2.89;10/08/2026;00:00;25.7;0;SOLEIL;2;0;0
Perpignan;42.69;2.89;10/08/2026;01:00;25.7;0;SOLEIL;2;0;0
Perpignan;42.69;2.89;10/08/2026;02:00;25;10;ORAGEUX;5;0;0
Perpignan;42.69;2.89;10/08/2026;03:00;25;10;ORAGEUX;5;0;0
Perpignan;42.69;2.89;10/08/2026;04:00;25;10;ORAGEUX;5;0;0
Perpignan;42.69;2.89;10/08/2026;05:00;25.9;0;SOLEIL;2;0;0
Perpignan;42.69;2.89;10/08/2026;06:00;25.9;0;SOLEIL;2;0;0
Perpignan;42.69;2.89;10/08/2026;07:00;25.9;0;SOLEIL;2;0;0
Perpignan;42.69;2.89;10/08/2026;08:00;26.7;10;ORAGEUX;5;0;0
Perpignan;42.69;2.89;10/08/2026;09:00;27.6;10;ORAGEUX;5;0;0
Perpignan;42.69;2.89;10/08/2026;10:00;28.4;10;ORAGEUX;5;0;0
Perpignan;42.69;2.89;10/08/2026;11:00;31.1;0;SOLEIL;4;0;0
Perpignan;42.69;2.89;10/08/2026;12:00;31.1;0;SOLEIL;4;0;0
Perpignan;42.69;2.89;10/08/2026;13:00;31.1;0;SOLEIL;4;0;0
Perpignan;42.69;2.89;10/08/2026;14:00;31.8;10;ORAGEUX;5;0;0
Perpignan;42.69;2.89;10/08/2026;15:00;32.7;10;ORAGEUX;5;0;0
Perpignan;42.69;2.89;10/08/2026;16:00;31.8;10;ORAGEUX;5;0;0
Perpignan;42.69;2.89;10/08/2026;17:00;29.1;2;NUAGEUX;3;0;0
Perpignan;42.69;2.89;10/08/2026;18:00;29.1;2;NUAGEUX;3;0;0
Perpignan;42.69;2.89;10/08/2026;19:00;29.1;2;NUAGEUX;3;0;0
Perpignan;42.69;2.89;10/08/2026;20:00;28.4;10;ORAGEUX;5;0;0
Perpignan;42.69;2.89;10/08/2026;21:00;27.6;10;ORAGEUX;5;0;0
Perpignan;42.69;2.89;10/08/2026;22:00;26.7;10;ORAGEUX;5;0;0
Perpignan;42.69;2.89;10/08/2026;23:00;27.1;0;SOLEIL;2;0;0
Perpignan;42.69;2.89;11/08/2026;00:00;27.1;0;SOLEIL;2;0;0
Perpignan;42.69;2.89;11/08/2026;01:00;27.1;0;SOLEIL;2;0;0
Perpignan;42.69;2.89;11/08/2026;02:00;24.4;0;SOLEIL;5;0;0
Perpignan;42.69;2.89;11/08/2026;03:00;24.4;0;SOLEIL;5;0;0
Perpignan;42.69;2.89;11/08/2026;04:00;24.4;0;SOLEIL;5;0;0
Perpignan;42.69;2.89;11/08/2026;05:00;26.1;0;SOLEIL;2;0;0
Perpignan;42.69;2.89;11/08/2026;06:00;26.1;0;SOLEIL;2;0;0
Perpignan;42.69;2.89;11/08/2026;07:00;26.1;0;SOLEIL;2;0;0
Perpignan;42.69;2.89;11/08/2026;08:00;26.1;0;SOLEIL;5;0;0
Perpignan;42.69;2.89;11/08/2026;09:00;27.0;0;SOLEIL;5;0;0
Perpignan;42.69;2.89;11/08/2026;10:00;27.8;0;SOLEIL;5;0;0
Perpignan;42.69;2.89;11/08/2026;11:00;31.5;0;SOLEIL;4;0;0
Perpignan;42.69;2.89;11/08/2026;12:00;31.5;0;SOLEIL;4;0;0
Perpignan;42.69;2.89;11/08/2026;13:00;31.5;0;SOLEIL;4;0;0
Perpignan;42.69;2.89;11/08/2026;14:00;31.2;0;SOLEIL;5;0;0
Perpignan;42.69;2.89;11/08/2026;15:00;32.1;0;SOLEIL;5;0;0
Perpignan;42.69;2.89;11/08/2026;16:00;31.2;0;SOLEIL;5;0;0
Perpignan;42.69;2.89;11/08/2026;17:00;30.6;0;SOLEIL;4;0;0
Perpignan;42.69;2.89;11/08/2026;18:00;30.6;0;SOLEIL;4;0;0
Perpignan;42.69;2.89;11/08/2026;19:00;30.6;0;SOLEIL;4;0;0
Perpignan;42.69;2.89;11/08/2026;20:00;27.8;0;SOLEIL;5;0;0
Perpignan;42.69;2.89;11/08/2026;21:00;27.0;0;SOLEIL;5;0;0
Perpignan;42.69;2.89;11/08/2026;22:00;26.1;0;SOLEIL;5;0;0
Perpignan;42.69;2.89;11/08/2026;23:00;26.9;0;SOLEIL;2;0;0
Perpignan;42.69;2.89;12/08/2026;00:00;26.9;0;SOLEIL;2;0;0
Perpignan;42.69;2.89;12/08/2026;01:00;26.9;0;SOLEIL;2;0;0
Perpignan;42.69;2.89;12/08/2026;02:00;24.4;0;SOLEIL;5;0;0
Perpignan;42.69;2.89;12/08/2026;03:00;24.4;0;SOLEIL;5;0;0
Perpignan;42.69;2.89;12/08/2026;04:00;24.4;0;SOLEIL;5;0;0
Perpignan;42.69;2.89;12/08/2026;05:00;26.6;0;SOLEIL;2;0;0
Perpignan;42.69;2.89;12/08/2026;06:00;26.6;0;SOLEIL;2;0;0
Perpignan;42.69;2.89;12/08/2026;07:00;26.6;0;SOLEIL;2;0;0
Perpignan;42.69;2.89;12/08/2026;08:00;26.2;0;SOLEIL;5;0;0
Perpignan;42.69;2.89;12/08/2026;09:00;27.1;0;SOLEIL;5;0;0
Perpignan;42.69;2.89;12/08/2026;10:00;28.0;0;SOLEIL;5;0;0
Perpignan;42.69;2.89;12/08/2026;11:00;31.6;6;AVERSES;4;0;0
Perpignan;42.69;2.89;12/08/2026;12:00;31.6;6;AVERSES;4;0;0
Perpignan;42.69;2.89;12/08/2026;13:00;31.6;6;AVERSES;4;0;0
Perpignan;42.69;2.89;12/08/2026;14:00;31.7;0;SOLEIL;5;0;0
Perpignan;42.69;2.89;12/08/2026;15:00;32.6;0;SOLEIL;5;0;0
Perpignan;42.69;2.89;12/08/2026;16:00;31.7;0;SOLEIL;5;0;0
Perpignan;42.69;2.89;12/08/2026;17:00;28.6;6;AVERSES;3;0;0
Perpignan;42.69;2.89;12/08/2026;18:00;28.6;6;AVERSES;3;0;0
Perpignan;42.69;2.89;12/08/2026;19:00;28.6;6;AVERSES;3;0;0
Perpignan;42.69;2.89;12/08/2026;20:00;28.0;0;SOLEIL;5;0;0
Perpignan;42.69;2.89;12/08/2026;21:00;27.1;0;SOLEIL;5;0;0
Perpignan;42.69;2.89;12/08/2026;22:00;26.2;0;SOLEIL;5;0;0
Perpignan;42.69;2.89;12/08/2026;23:00;26.1;0;SOLEIL;2;0;0
Albi;43.92;2.14;08/08/2026;00:00;24;0;SOLEIL;1;0;0
Albi;43.92;2.14;08/08/2026;01:00;24;0;SOLEIL;1;0;0
Albi;43.92;2.14;08/08/2026;02:00;20.1;0;SOLEIL;2;0;0
Albi;43.92;2.14;08/08/2026;03:00;20.1;0;SOLEIL;2;0;0
Albi;43.92;2.14;08/08/2026;04:00;20.1;0;SOLEIL;2;0;0
Albi;43.92;2.14;08/08/2026;05:00;22.4;0;SOLEIL;3;0;0
Albi;43.92;2.14;08/08/2026;06:00;22.4;0;SOLEIL;3;0;0
Albi;43.92;2.14;08/08/2026;07:00;22.4;0;SOLEIL;3;0;0
Albi;43.92;2.14;08/08/2026;08:00;31.2;0;SOLEIL;0;0;0
Albi;43.92;2.14;08/08/2026;09:00;31.2;0;SOLEIL;0;0;0
Albi;43.92;2.14;08/08/2026;10:00;31.2;0;SOLEIL;0;0;0
Albi;43.92;2.14;08/08/2026;11:00;36.4;0;SOLEIL;2;0;0
Albi;43.92;2.14;08/08/2026;12:00;36.4;0;SOLEIL;2;0;0
Albi;43.92;2.14;08/08/2026;13:00;36.4;0;SOLEIL;2;0;0
Albi;43.92;2.14;08/08/2026;14:00;38.6;5;SOLEIL VOILÉ;3;0;0
Albi;43.92;2.14;08/08/2026;15:00;38.6;5;SOLEIL VOILÉ;3;0;0
Albi;43.92;2.14;08/08/2026;16:00;38.6;5;SOLEIL VOILÉ;3;0;0
Albi;43.92;2.14;08/08/2026;17:00;35.7;10;ORAGEUX;3;0;0
Albi;43.92;2.14;08/08/2026;18:00;35.7;10;ORAGEUX;3;0;0
Albi;43.92;2.14;08/08/2026;19:00;35.7;10;ORAGEUX;3;0;0
Albi;43.92;2.14;08/08/2026;20:00;31.2;0;SOLEIL;1;0;0
Albi;43.92;2.14;08/08/2026;21:00;31.2;0;SOLEIL;1;0;0
Albi;43.92;2.14;08/08/2026;22:00;31.2;0;SOLEIL;1;0;0
Albi;43.92;2.14;08/08/2026;23:00;28.1;0;SOLEIL;2;0;0
Albi;43.92;2.14;09/08/2026;00:00;28.1;0;SOLEIL;2;0;0
Albi;43.92;2.14;09/08/2026;01:00;28.1;0;SOLEIL;2;0;0
Albi;43.92;2.14;09/08/2026;02:00;24.9;0;SOLEIL;3;0;0
Albi;43.92;2.14;09/08/2026;03:00;24.9;0;SOLEIL;3;0;0
Albi;43.92;2.14;09/08/2026;04:00;24.9;0;SOLEIL;3;0;0
Albi;43.92;2.14;09/08/2026;05:00;24.7;0;SOLEIL;4;0;0
Albi;43.92;2.14;09/08/2026;06:00;24.7;0;SOLEIL;4;0;0
Albi;43.92;2.14;09/08/2026;07:00;24.7;0;SOLEIL;4;0;0
Albi;43.92;2.14;09/08/2026;08:00;30.6;0;SOLEIL;1;0;0
Albi;43.92;2.14;09/08/2026;09:00;30.6;0;SOLEIL;1;0;0
Albi;43.92;2.14;09/08/2026;10:00;30.6;0;SOLEIL;1;0;0
Albi;43.92;2.14;09/08/2026;11:00;34.6;0;SOLEIL;3;0;0
Albi;43.92;2.14;09/08/2026;12:00;34.6;0;SOLEIL;3;0;0
Albi;43.92;2.14;09/08/2026;13:00;34.6;0;SOLEIL;3;0;0
Albi;43.92;2.14;09/08/2026;14:00;32.6;10;ORAGEUX;3;0;0
Albi;43.92;2.14;09/08/2026;15:00;32.6;10;ORAGEUX;3;0;0
Albi;43.92;2.14;09/08/2026;16:00;32.6;10;ORAGEUX;3;0;0
Albi;43.92;2.14;09/08/2026;17:00;31.2;10;ORAGEUX;2;0;0
Albi;43.92;2.14;09/08/2026;18:00;31.2;10;ORAGEUX;2;0;0
Albi;43.92;2.14;09/08/2026;19:00;31.2;10;ORAGEUX;2;0;0
Albi;43.92;2.14;09/08/2026;20:00;28.4;10;ORAGEUX;5;0;0
Albi;43.92;2.14;09/08/2026;21:00;26.2;10;ORAGEUX;5;0;0
Albi;43.92;2.14;09/08/2026;22:00;24.0;10;ORAGEUX;5;0;0
Albi;43.92;2.14;09/08/2026;23:00;24.1;0;SOLEIL;2;0;0
Albi;43.92;2.14;10/08/2026;00:00;24.1;0;SOLEIL;2;0;0
Albi;43.92;2.14;10/08/2026;01:00;24.1;0;SOLEIL;2;0;0
Albi;43.92;2.14;10/08/2026;02:00;23.5;10;ORAGEUX;5;0;0
Albi;43.92;2.14;10/08/2026;03:00;23.5;10;ORAGEUX;5;0;0
Albi;43.92;2.14;10/08/2026;04:00;23.5;10;ORAGEUX;5;0;0
Albi;43.92;2.14;10/08/2026;05:00;23.2;0;SOLEIL;2;0;0
Albi;43.92;2.14;10/08/2026;06:00;23.2;0;SOLEIL;2;0;0
Albi;43.92;2.14;10/08/2026;07:00;23.2;0;SOLEIL;2;0;0
Albi;43.92;2.14;10/08/2026;08:00;26.1;10;ORAGEUX;5;0;0
Albi;43.92;2.14;10/08/2026;09:00;27.4;10;ORAGEUX;5;0;0
Albi;43.92;2.14;10/08/2026;10:00;28.7;10;ORAGEUX;5;0;0
Albi;43.92;2.14;10/08/2026;11:00;32.6;0;SOLEIL;2;0;0
Albi;43.92;2.14;10/08/2026;12:00;32.6;0;SOLEIL;2;0;0
Albi;43.92;2.14;10/08/2026;13:00;32.6;0;SOLEIL;2;0;0
Albi;43.92;2.14;10/08/2026;14:00;33.8;10;ORAGEUX;5;0;0
Albi;43.92;2.14;10/08/2026;15:00;35.1;10;ORAGEUX;5;0;0
Albi;43.92;2.14;10/08/2026;16:00;33.8;10;ORAGEUX;5;0;0
Albi;43.92;2.14;10/08/2026;17:00;33.9;6;AVERSES;1;0;0
Albi;43.92;2.14;10/08/2026;18:00;33.9;6;AVERSES;1;0;0
Albi;43.92;2.14;10/08/2026;19:00;33.9;6;AVERSES;1;0;0
Albi;43.92;2.14;10/08/2026;20:00;28.7;10;ORAGEUX;5;0;0
Albi;43.92;2.14;10/08/2026;21:00;27.4;10;ORAGEUX;5;0;0
Albi;43.92;2.14;10/08/2026;22:00;26.1;10;ORAGEUX;5;0;0
Albi;43.92;2.14;10/08/2026;23:00;25.9;0;SOLEIL;2;0;0
Albi;43.92;2.14;11/08/2026;00:00;25.9;0;SOLEIL;2;0;0
Albi;43.92;2.14;11/08/2026;01:00;25.9;0;SOLEIL;2;0;0
Albi;43.92;2.14;11/08/2026;02:00;22.2;0;SOLEIL;5;0;0
Albi;43.92;2.14;11/08/2026;03:00;22.2;0;SOLEIL;5;0;0
Albi;43.92;2.14;11/08/2026;04:00;22.2;0;SOLEIL;5;0;0
Albi;43.92;2.14;11/08/2026;05:00;24.5;0;SOLEIL;3;0;0
Albi;43.92;2.14;11/08/2026;06:00;24.5;0;SOLEIL;3;0;0
Albi;43.92;2.14;11/08/2026;07:00;24.5;0;SOLEIL;3;0;0
Albi;43.92;2.14;11/08/2026;08:00;25.3;0;SOLEIL;5;0;0
Albi;43.92;2.14;11/08/2026;09:00;26.8;0;SOLEIL;5;0;0
Albi;43.92;2.14;11/08/2026;10:00;28.3;0;SOLEIL;5;0;0
Albi;43.92;2.14;11/08/2026;11:00;36.6;0;SOLEIL;1;0;0
Albi;43.92;2.14;11/08/2026;12:00;36.6;0;SOLEIL;1;0;0
Albi;43.92;2.14;11/08/2026;13:00;36.6;0;SOLEIL;1;0;0
Albi;43.92;2.14;11/08/2026;14:00;34.5;0;SOLEIL;5;0;0
Albi;43.92;2.14;11/08/2026;15:00;36.0;0;SOLEIL;5;0;0
Albi;43.92;2.14;11/08/2026;16:00;34.5;0;SOLEIL;5;0;0
Albi;43.92;2.14;11/08/2026;17:00;35.6;0;SOLEIL;2;0;0
Albi;43.92;2.14;11/08/2026;18:00;35.6;0;SOLEIL;2;0;0
Albi;43.92;2.14;11/08/2026;19:00;35.6;0;SOLEIL;2;0;0
Albi;43.92;2.14;11/08/2026;20:00;28.3;0;SOLEIL;5;0;0
Albi;43.92;2.14;11/08/2026;21:00;26.8;0;SOLEIL;5;0;0
Albi;43.92;2.14;11/08/2026;22:00;25.3;0;SOLEIL;5;0;0
Albi;43.92;2.14;11/08/2026;23:00;27.6;0;SOLEIL;4;0;0
Albi;43.92;2.14;12/08/2026;00:00;27.6;0;SOLEIL;4;0;0
Albi;43.92;2.14;12/08/2026;01:00;27.6;0;SOLEIL;4;0;0
Albi;43.92;2.14;12/08/2026;02:00;23.1;0;SOLEIL;5;0;0
Albi;43.92;2.14;12/08/2026;03:00;23.1;0;SOLEIL;5;0;0
Albi;43.92;2.14;12/08/2026;04:00;23.1;0;SOLEIL;5;0;0
Albi;43.92;2.14;12/08/2026;05:00;25.6;0;SOLEIL;4;0;0
Albi;43.92;2.14;12/08/2026;06:00;25.6;0;SOLEIL;4;0;0
Albi;43.92;2.14;12/08/2026;07:00;25.6;0;SOLEIL;4;0;0
Albi;43.92;2.14;12/08/2026;08:00;26.7;0;SOLEIL;5;0;0
Albi;43.92;2.14;12/08/2026;09:00;28.4;0;SOLEIL;5;0;0
Albi;43.92;2.14;12/08/2026;10:00;30.2;0;SOLEIL;5;0;0
Albi;43.92;2.14;12/08/2026;11:00;37;0;SOLEIL;1;0;0
Albi;43.92;2.14;12/08/2026;12:00;37;0;SOLEIL;1;0;0
Albi;43.92;2.14;12/08/2026;13:00;37;0;SOLEIL;1;0;0
Albi;43.92;2.14;12/08/2026;14:00;37.3;0;SOLEIL;5;0;0
Albi;43.92;2.14;12/08/2026;15:00;39.1;0;SOLEIL;5;0;0
Albi;43.92;2.14;12/08/2026;16:00;37.3;0;SOLEIL;5;0;0
Albi;43.92;2.14;12/08/2026;17:00;34.6;0;SOLEIL;3;0;0
Albi;43.92;2.14;12/08/2026;18:00;34.6;0;SOLEIL;3;0;0
Albi;43.92;2.14;12/08/2026;19:00;34.6;0;SOLEIL;3;0;0
Albi;43.92;2.14;12/08/2026;20:00;30.2;0;SOLEIL;5;0;0
Albi;43.92;2.14;12/08/2026;21:00;28.4;0;SOLEIL;5;0;0
Albi;43.92;2.14;12/08/2026;22:00;26.7;0;SOLEIL;5;0;0
Albi;43.92;2.14;12/08/2026;23:00;27.2;0;SOLEIL;2;0;0
Castres;43.6;2.24;08/08/2026;00:00;22.5;0;SOLEIL;1;0;0
Castres;43.6;2.24;08/08/2026;01:00;22.5;0;SOLEIL;1;0;0
Castres;43.6;2.24;08/08/2026;02:00;21.6;0;SOLEIL;2;0;0
Castres;43.6;2.24;08/08/2026;03:00;21.6;0;SOLEIL;2;0;0
Castres;43.6;2.24;08/08/2026;04:00;21.6;0;SOLEIL;2;0;0
Castres;43.6;2.24;08/08/2026;05:00;23.1;0;SOLEIL;1;0;0
Castres;43.6;2.24;08/08/2026;06:00;23.1;0;SOLEIL;1;0;0
Castres;43.6;2.24;08/08/2026;07:00;23.1;0;SOLEIL;1;0;0
Castres;43.6;2.24;08/08/2026;08:00;31.1;0;SOLEIL;0;0;0
Castres;43.6;2.24;08/08/2026;09:00;31.1;0;SOLEIL;0;0;0
Castres;43.6;2.24;08/08/2026;10:00;31.1;0;SOLEIL;0;0;0
Castres;43.6;2.24;08/08/2026;11:00;37.1;0;SOLEIL;1;0;0
Castres;43.6;2.24;08/08/2026;12:00;37.1;0;SOLEIL;1;0;0
Castres;43.6;2.24;08/08/2026;13:00;37.1;0;SOLEIL;1;0;0
Castres;43.6;2.24;08/08/2026;14:00;38.7;5;SOLEIL VOILÉ;3;0;0
Castres;43.6;2.24;08/08/2026;15:00;38.7;5;SOLEIL VOILÉ;3;0;0
Castres;43.6;2.24;08/08/2026;16:00;38.7;5;SOLEIL VOILÉ;3;0;0
Castres;43.6;2.24;08/08/2026;17:00;35.7;10;ORAGEUX;2;0;0
Castres;43.6;2.24;08/08/2026;18:00;35.7;10;ORAGEUX;2;0;0
Castres;43.6;2.24;08/08/2026;19:00;35.7;10;ORAGEUX;2;0;0
Castres;43.6;2.24;08/08/2026;20:00;30.5;0;SOLEIL;2;0;0
Castres;43.6;2.24;08/08/2026;21:00;30.5;0;SOLEIL;2;0;0
Castres;43.6;2.24;08/08/2026;22:00;30.5;0;SOLEIL;2;0;0
Castres;43.6;2.24;08/08/2026;23:00;26.6;0;SOLEIL;2;0;0
Castres;43.6;2.24;09/08/2026;00:00;26.6;0;SOLEIL;2;0;0
Castres;43.6;2.24;09/08/2026;01:00;26.6;0;SOLEIL;2;0;0
Castres;43.6;2.24;09/08/2026;02:00;23.1;0;SOLEIL;2;0;0
Castres;43.6;2.24;09/08/2026;03:00;23.1;0;SOLEIL;2;0;0
Castres;43.6;2.24;09/08/2026;04:00;23.1;0;SOLEIL;2;0;0
Castres;43.6;2.24;09/08/2026;05:00;24.1;0;SOLEIL;3;0;0
Castres;43.6;2.24;09/08/2026;06:00;24.1;0;SOLEIL;3;0;0
Castres;43.6;2.24;09/08/2026;07:00;24.1;0;SOLEIL;3;0;0
Castres;43.6;2.24;09/08/2026;08:00;30;0;SOLEIL;2;0;0
Castres;43.6;2.24;09/08/2026;09:00;30;0;SOLEIL;2;0;0
Castres;43.6;2.24;09/08/2026;10:00;30;0;SOLEIL;2;0;0
Castres;43.6;2.24;09/08/2026;11:00;35.5;0;SOLEIL;2;0;0
Castres;43.6;2.24;09/08/2026;12:00;35.5;0;SOLEIL;2;0;0
Castres;43.6;2.24;09/08/2026;13:00;35.5;0;SOLEIL;2;0;0
Castres;43.6;2.24;09/08/2026;14:00;32.6;10;ORAGEUX;3;0;0
Castres;43.6;2.24;09/08/2026;15:00;32.6;10;ORAGEUX;3;0;0
Castres;43.6;2.24;09/08/2026;16:00;32.6;10;ORAGEUX;3;0;0
Castres;43.6;2.24;09/08/2026;17:00;30.5;10;ORAGEUX;2;0;0
Castres;43.6;2.24;09/08/2026;18:00;30.5;10;ORAGEUX;2;0;0
Castres;43.6;2.24;09/08/2026;19:00;30.5;10;ORAGEUX;2;0;0
Castres;43.6;2.24;09/08/2026;20:00;28.3;10;ORAGEUX;5;0;0
Castres;43.6;2.24;09/08/2026;21:00;26.1;10;ORAGEUX;5;0;0
Castres;43.6;2.24;09/08/2026;22:00;24.0;10;ORAGEUX;5;0;0
Castres;43.6;2.24;09/08/2026;23:00;24.5;0;SOLEIL;2;0;0
Castres;43.6;2.24;10/08/2026;00:00;24.5;0;SOLEIL;2;0;0
Castres;43.6;2.24;10/08/2026;01:00;24.5;0;SOLEIL;2;0;0
Castres;43.6;2.24;10/08/2026;02:00;22.7;10;ORAGEUX;5;0;0
Castres;43.6;2.24;10/08/2026;03:00;22.7;10;ORAGEUX;5;0;0
Castres;43.6;2.24;10/08/2026;04:00;22.7;10;ORAGEUX;5;0;0
Castres;43.6;2.24;10/08/2026;05:00;22.6;0;SOLEIL;1;0;0
Castres;43.6;2.24;10/08/2026;06:00;22.6;0;SOLEIL;1;0;0
Castres;43.6;2.24;10/08/2026;07:00;22.6;0;SOLEIL;1;0;0
Castres;43.6;2.24;10/08/2026;08:00;25.5;10;ORAGEUX;5;0;0
Castres;43.6;2.24;10/08/2026;09:00;27.0;10;ORAGEUX;5;0;0
Castres;43.6;2.24;10/08/2026;10:00;28.4;10;ORAGEUX;5;0;0
Castres;43.6;2.24;10/08/2026;11:00;34;0;SOLEIL;2;0;0
Castres;43.6;2.24;10/08/2026;12:00;34;0;SOLEIL;2;0;0
Castres;43.6;2.24;10/08/2026;13:00;34;0;SOLEIL;2;0;0
Castres;43.6;2.24;10/08/2026;14:00;34.1;10;ORAGEUX;5;0;0
Castres;43.6;2.24;10/08/2026;15:00;35.5;10;ORAGEUX;5;0;0
Castres;43.6;2.24;10/08/2026;16:00;34.1;10;ORAGEUX;5;0;0
Castres;43.6;2.24;10/08/2026;17:00;33.4;6;AVERSES;2;0;0
Castres;43.6;2.24;10/08/2026;18:00;33.4;6;AVERSES;2;0;0
Castres;43.6;2.24;10/08/2026;19:00;33.4;6;AVERSES;2;0;0
Castres;43.6;2.24;10/08/2026;20:00;28.4;10;ORAGEUX;5;0;0
Castres;43.6;2.24;10/08/2026;21:00;27.0;10;ORAGEUX;5;0;0
Castres;43.6;2.24;10/08/2026;22:00;25.5;10;ORAGEUX;5;0;0
Castres;43.6;2.24;10/08/2026;23:00;25.7;0;SOLEIL;1;0;0
Castres;43.6;2.24;11/08/2026;00:00;25.7;0;SOLEIL;1;0;0
Castres;43.6;2.24;11/08/2026;01:00;25.7;0;SOLEIL;1;0;0
Castres;43.6;2.24;11/08/2026;02:00;21.6;0;SOLEIL;5;0;0
Castres;43.6;2.24;11/08/2026;03:00;21.6;0;SOLEIL;5;0;0
Castres;43.6;2.24;11/08/2026;04:00;21.6;0;SOLEIL;5;0;0
Castres;43.6;2.24;11/08/2026;05:00;24.9;0;SOLEIL;2;0;0
Castres;43.6;2.24;11/08/2026;06:00;24.9;0;SOLEIL;2;0;0
Castres;43.6;2.24;11/08/2026;07:00;24.9;0;SOLEIL;2;0;0
Castres;43.6;2.24;11/08/2026;08:00;24.9;0;SOLEIL;5;0;0
Castres;43.6;2.24;11/08/2026;09:00;26.5;0;SOLEIL;5;0;0
Castres;43.6;2.24;11/08/2026;10:00;28.2;0;SOLEIL;5;0;0
Castres;43.6;2.24;11/08/2026;11:00;37.7;0;SOLEIL;3;0;0
Castres;43.6;2.24;11/08/2026;12:00;37.7;0;SOLEIL;3;0;0
Castres;43.6;2.24;11/08/2026;13:00;37.7;0;SOLEIL;3;0;0
Castres;43.6;2.24;11/08/2026;14:00;34.8;0;SOLEIL;5;0;0
Castres;43.6;2.24;11/08/2026;15:00;36.4;0;SOLEIL;5;0;0
Castres;43.6;2.24;11/08/2026;16:00;34.8;0;SOLEIL;5;0;0
Castres;43.6;2.24;11/08/2026;17:00;35.7;0;SOLEIL;3;0;0
Castres;43.6;2.24;11/08/2026;18:00;35.7;0;SOLEIL;3;0;0
Castres;43.6;2.24;11/08/2026;19:00;35.7;0;SOLEIL;3;0;0
Castres;43.6;2.24;11/08/2026;20:00;28.2;0;SOLEIL;5;0;0
Castres;43.6;2.24;11/08/2026;21:00;26.5;0;SOLEIL;5;0;0
Castres;43.6;2.24;11/08/2026;22:00;24.9;0;SOLEIL;5;0;0
Castres;43.6;2.24;11/08/2026;23:00;27.1;0;SOLEIL;2;0;0
Castres;43.6;2.24;12/08/2026;00:00;27.1;0;SOLEIL;2;0;0
Castres;43.6;2.24;12/08/2026;01:00;27.1;0;SOLEIL;2;0;0
Castres;43.6;2.24;12/08/2026;02:00;22.9;0;SOLEIL;5;0;0
Castres;43.6;2.24;12/08/2026;03:00;22.9;0;SOLEIL;5;0;0
Castres;43.6;2.24;12/08/2026;04:00;22.9;0;SOLEIL;5;0;0
Castres;43.6;2.24;12/08/2026;05:00;25.1;0;SOLEIL;2;0;0
Castres;43.6;2.24;12/08/2026;06:00;25.1;0;SOLEIL;2;0;0
Castres;43.6;2.24;12/08/2026;07:00;25.1;0;SOLEIL;2;0;0
Castres;43.6;2.24;12/08/2026;08:00;26.6;0;SOLEIL;5;0;0
Castres;43.6;2.24;12/08/2026;09:00;28.5;0;SOLEIL;5;0;0
Castres;43.6;2.24;12/08/2026;10:00;30.3;0;SOLEIL;5;0;0
Castres;43.6;2.24;12/08/2026;11:00;38.2;0;SOLEIL;2;0;0
Castres;43.6;2.24;12/08/2026;12:00;38.2;0;SOLEIL;2;0;0
Castres;43.6;2.24;12/08/2026;13:00;38.2;0;SOLEIL;2;0;0
Castres;43.6;2.24;12/08/2026;14:00;37.7;0;SOLEIL;5;0;0
Castres;43.6;2.24;12/08/2026;15:00;39.6;0;SOLEIL;5;0;0
Castres;43.6;2.24;12/08/2026;16:00;37.7;0;SOLEIL;5;0;0
Castres;43.6;2.24;12/08/2026;17:00;36.4;0;SOLEIL;2;0;0
Castres;43.6;2.24;12/08/2026;18:00;36.4;0;SOLEIL;2;0;0
Castres;43.6;2.24;12/08/2026;19:00;36.4;0;SOLEIL;2;0;0
Castres;43.6;2.24;12/08/2026;20:00;30.3;0;SOLEIL;5;0;0
Castres;43.6;2.24;12/08/2026;21:00;28.5;0;SOLEIL;5;0;0
Castres;43.6;2.24;12/08/2026;22:00;26.6;0;SOLEIL;5;0;0
Castres;43.6;2.24;12/08/2026;23:00;27.2;0;SOLEIL;1;0;0
Montauban;44.01;1.35;08/08/2026;00:00;23.1;0;SOLEIL;2;0;0
Montauban;44.01;1.35;08/08/2026;01:00;23.1;0;SOLEIL;2;0;0
Montauban;44.01;1.35;08/08/2026;02:00;20.1;0;SOLEIL;1;0;0
Montauban;44.01;1.35;08/08/2026;03:00;20.1;0;SOLEIL;1;0;0
Montauban;44.01;1.35;08/08/2026;04:00;20.1;0;SOLEIL;1;0;0
Montauban;44.01;1.35;08/08/2026;05:00;21;0;SOLEIL;2;0;0
Montauban;44.01;1.35;08/08/2026;06:00;21;0;SOLEIL;2;0;0
Montauban;44.01;1.35;08/08/2026;07:00;21;0;SOLEIL;2;0;0
Montauban;44.01;1.35;08/08/2026;08:00;28.9;0;SOLEIL;1;0;0
Montauban;44.01;1.35;08/08/2026;09:00;28.9;0;SOLEIL;1;0;0
Montauban;44.01;1.35;08/08/2026;10:00;28.9;0;SOLEIL;1;0;0
Montauban;44.01;1.35;08/08/2026;11:00;34.5;0;SOLEIL;1;0;0
Montauban;44.01;1.35;08/08/2026;12:00;34.5;0;SOLEIL;1;0;0
Montauban;44.01;1.35;08/08/2026;13:00;34.5;0;SOLEIL;1;0;0
Montauban;44.01;1.35;08/08/2026;14:00;37.2;5;SOLEIL VOILÉ;2;0;0
Montauban;44.01;1.35;08/08/2026;15:00;37.2;5;SOLEIL VOILÉ;2;0;0
Montauban;44.01;1.35;08/08/2026;16:00;37.2;5;SOLEIL VOILÉ;2;0;0
Montauban;44.01;1.35;08/08/2026;17:00;34.9;10;ORAGEUX;2;0;0
Montauban;44.01;1.35;08/08/2026;18:00;34.9;10;ORAGEUX;2;0;0
Montauban;44.01;1.35;08/08/2026;19:00;34.9;10;ORAGEUX;2;0;0
Montauban;44.01;1.35;08/08/2026;20:00;29.1;0;SOLEIL;2;0;0
Montauban;44.01;1.35;08/08/2026;21:00;29.1;0;SOLEIL;2;0;0
Montauban;44.01;1.35;08/08/2026;22:00;29.1;0;SOLEIL;2;0;0
Montauban;44.01;1.35;08/08/2026;23:00;25.6;0;SOLEIL;2;0;0
Montauban;44.01;1.35;09/08/2026;00:00;25.6;0;SOLEIL;2;0;0
Montauban;44.01;1.35;09/08/2026;01:00;25.6;0;SOLEIL;2;0;0
Montauban;44.01;1.35;09/08/2026;02:00;23.6;0;SOLEIL;2;0;0
Montauban;44.01;1.35;09/08/2026;03:00;23.6;0;SOLEIL;2;0;0
Montauban;44.01;1.35;09/08/2026;04:00;23.6;0;SOLEIL;2;0;0
Montauban;44.01;1.35;09/08/2026;05:00;22.9;0;SOLEIL;2;0;0
Montauban;44.01;1.35;09/08/2026;06:00;22.9;0;SOLEIL;2;0;0
Montauban;44.01;1.35;09/08/2026;07:00;22.9;0;SOLEIL;2;0;0
Montauban;44.01;1.35;09/08/2026;08:00;29.1;0;SOLEIL;2;0;0
Montauban;44.01;1.35;09/08/2026;09:00;29.1;0;SOLEIL;2;0;0
Montauban;44.01;1.35;09/08/2026;10:00;29.1;0;SOLEIL;2;0;0
Montauban;44.01;1.35;09/08/2026;11:00;33.5;0;SOLEIL;1;0;0
Montauban;44.01;1.35;09/08/2026;12:00;33.5;0;SOLEIL;1;0;0
Montauban;44.01;1.35;09/08/2026;13:00;33.5;0;SOLEIL;1;0;0
Montauban;44.01;1.35;09/08/2026;14:00;34.4;0;SOLEIL;2;0;0
Montauban;44.01;1.35;09/08/2026;15:00;34.4;0;SOLEIL;2;0;0
Montauban;44.01;1.35;09/08/2026;16:00;34.4;0;SOLEIL;2;0;0
Montauban;44.01;1.35;09/08/2026;17:00;29.4;10;ORAGEUX;3;0;0
Montauban;44.01;1.35;09/08/2026;18:00;29.4;10;ORAGEUX;3;0;0
Montauban;44.01;1.35;09/08/2026;19:00;29.4;10;ORAGEUX;3;0;0
Montauban;44.01;1.35;09/08/2026;20:00;27.8;10;ORAGEUX;5;0;0
Montauban;44.01;1.35;09/08/2026;21:00;25.8;10;ORAGEUX;5;0;0
Montauban;44.01;1.35;09/08/2026;22:00;23.7;10;ORAGEUX;5;0;0
Montauban;44.01;1.35;09/08/2026;23:00;23.2;0;SOLEIL;1;0;0
Montauban;44.01;1.35;10/08/2026;00:00;23.2;0;SOLEIL;1;0;0
Montauban;44.01;1.35;10/08/2026;01:00;23.2;0;SOLEIL;1;0;0
Montauban;44.01;1.35;10/08/2026;02:00;21.6;10;ORAGEUX;5;0;0
Montauban;44.01;1.35;10/08/2026;03:00;21.6;10;ORAGEUX;5;0;0
Montauban;44.01;1.35;10/08/2026;04:00;21.6;10;ORAGEUX;5;0;0
Montauban;44.01;1.35;10/08/2026;05:00;21.9;0;SOLEIL;2;0;0
Montauban;44.01;1.35;10/08/2026;06:00;21.9;0;SOLEIL;2;0;0
Montauban;44.01;1.35;10/08/2026;07:00;21.9;0;SOLEIL;2;0;0
Montauban;44.01;1.35;10/08/2026;08:00;24.7;10;ORAGEUX;5;0;0
Montauban;44.01;1.35;10/08/2026;09:00;26.3;10;ORAGEUX;5;0;0
Montauban;44.01;1.35;10/08/2026;10:00;27.8;10;ORAGEUX;5;0;0
Montauban;44.01;1.35;10/08/2026;11:00;30.7;0;SOLEIL;1;0;0
Montauban;44.01;1.35;10/08/2026;12:00;30.7;0;SOLEIL;1;0;0
Montauban;44.01;1.35;10/08/2026;13:00;30.7;0;SOLEIL;1;0;0
Montauban;44.01;1.35;10/08/2026;14:00;34.0;10;ORAGEUX;5;0;0
Montauban;44.01;1.35;10/08/2026;15:00;35.6;10;ORAGEUX;5;0;0
Montauban;44.01;1.35;10/08/2026;16:00;34.0;10;ORAGEUX;5;0;0
Montauban;44.01;1.35;10/08/2026;17:00;32.5;0;SOLEIL;2;0;0
Montauban;44.01;1.35;10/08/2026;18:00;32.5;0;SOLEIL;2;0;0
Montauban;44.01;1.35;10/08/2026;19:00;32.5;0;SOLEIL;2;0;0
Montauban;44.01;1.35;10/08/2026;20:00;27.8;10;ORAGEUX;5;0;0
Montauban;44.01;1.35;10/08/2026;21:00;26.3;10;ORAGEUX;5;0;0
Montauban;44.01;1.35;10/08/2026;22:00;24.7;10;ORAGEUX;5;0;0
Montauban;44.01;1.35;10/08/2026;23:00;24.1;0;SOLEIL;2;0;0
Montauban;44.01;1.35;11/08/2026;00:00;24.1;0;SOLEIL;2;0;0
Montauban;44.01;1.35;11/08/2026;01:00;24.1;0;SOLEIL;2;0;0
Montauban;44.01;1.35;11/08/2026;02:00;21.4;0;SOLEIL;5;0;0
Montauban;44.01;1.35;11/08/2026;03:00;21.4;0;SOLEIL;5;0;0
Montauban;44.01;1.35;11/08/2026;04:00;21.4;0;SOLEIL;5;0;0
Montauban;44.01;1.35;11/08/2026;05:00;22.1;0;SOLEIL;1;0;0
Montauban;44.01;1.35;11/08/2026;06:00;22.1;0;SOLEIL;1;0;0
Montauban;44.01;1.35;11/08/2026;07:00;22.1;0;SOLEIL;1;0;0
Montauban;44.01;1.35;11/08/2026;08:00;24.3;0;SOLEIL;5;0;0
Montauban;44.01;1.35;11/08/2026;09:00;25.7;0;SOLEIL;5;0;0
Montauban;44.01;1.35;11/08/2026;10:00;27.2;0;SOLEIL;5;0;0
Montauban;44.01;1.35;11/08/2026;11:00;34.1;0;SOLEIL;2;0;0
Montauban;44.01;1.35;11/08/2026;12:00;34.1;0;SOLEIL;2;0;0
Montauban;44.01;1.35;11/08/2026;13:00;34.1;0;SOLEIL;2;0;0
Montauban;44.01;1.35;11/08/2026;14:00;33.0;0;SOLEIL;5;0;0
Montauban;44.01;1.35;11/08/2026;15:00;34.4;0;SOLEIL;5;0;0
Montauban;44.01;1.35;11/08/2026;16:00;33.0;0;SOLEIL;5;0;0
Montauban;44.01;1.35;11/08/2026;17:00;34.5;0;SOLEIL;1;0;0
Montauban;44.01;1.35;11/08/2026;18:00;34.5;0;SOLEIL;1;0;0
Montauban;44.01;1.35;11/08/2026;19:00;34.5;0;SOLEIL;1;0;0
Montauban;44.01;1.35;11/08/2026;20:00;27.2;0;SOLEIL;5;0;0
Montauban;44.01;1.35;11/08/2026;21:00;25.7;0;SOLEIL;5;0;0
Montauban;44.01;1.35;11/08/2026;22:00;24.3;0;SOLEIL;5;0;0
Montauban;44.01;1.35;11/08/2026;23:00;24.4;0;SOLEIL;2;0;0
Montauban;44.01;1.35;12/08/2026;00:00;24.4;0;SOLEIL;2;0;0
Montauban;44.01;1.35;12/08/2026;01:00;24.4;0;SOLEIL;2;0;0
Montauban;44.01;1.35;12/08/2026;02:00;21.1;0;SOLEIL;5;0;0
Montauban;44.01;1.35;12/08/2026;03:00;21.1;0;SOLEIL;5;0;0
Montauban;44.01;1.35;12/08/2026;04:00;21.1;0;SOLEIL;5;0;0
Montauban;44.01;1.35;12/08/2026;05:00;22.7;0;SOLEIL;1;0;0
Montauban;44.01;1.35;12/08/2026;06:00;22.7;0;SOLEIL;1;0;0
Montauban;44.01;1.35;12/08/2026;07:00;22.7;0;SOLEIL;1;0;0
Montauban;44.01;1.35;12/08/2026;08:00;24.8;0;SOLEIL;5;0;0
Montauban;44.01;1.35;12/08/2026;09:00;26.6;0;SOLEIL;5;0;0
Montauban;44.01;1.35;12/08/2026;10:00;28.4;0;SOLEIL;5;0;0
Montauban;44.01;1.35;12/08/2026;11:00;33.6;0;SOLEIL;2;0;0
Montauban;44.01;1.35;12/08/2026;12:00;33.6;0;SOLEIL;2;0;0
Montauban;44.01;1.35;12/08/2026;13:00;33.6;0;SOLEIL;2;0;0
Montauban;44.01;1.35;12/08/2026;14:00;35.8;0;SOLEIL;5;0;0
Montauban;44.01;1.35;12/08/2026;15:00;37.6;0;SOLEIL;5;0;0
Montauban;44.01;1.35;12/08/2026;16:00;35.8;0;SOLEIL;5;0;0
Montauban;44.01;1.35;12/08/2026;17:00;34.6;0;SOLEIL;1;0;0
Montauban;44.01;1.35;12/08/2026;18:00;34.6;0;SOLEIL;1;0;0
Montauban;44.01;1.35;12/08/2026;19:00;34.6;0;SOLEIL;1;0;0
Montauban;44.01;1.35;12/08/2026;20:00;28.4;0;SOLEIL;5;0;0
Montauban;44.01;1.35;12/08/2026;21:00;26.6;0;SOLEIL;5;0;0
Montauban;44.01;1.35;12/08/2026;22:00;24.8;0;SOLEIL;5;0;0
Montauban;44.01;1.35;12/08/2026;23:00;26.9;0;SOLEIL;4;0;0
