Ville;Latitude;Longitude;Date;Heure;temperature_2m;weathercode;Temps_Label;windspeed_10m;wind_gusts_10m;precipitation
Barcelonnette;44.38;6.65;08/08/2026;00:00;27.1;0;SOLEIL;2;0;0
Barcelonnette;44.38;6.65;08/08/2026;01:00;27.1;0;SOLEIL;2;0;0
Barcelonnette;44.38;6.65;08/08/2026;02:00;24.6;0;SOLEIL;2;0;0
Barcelonnette;44.38;6.65;08/08/2026;03:00;24.6;0;SOLEIL;2;0;0
Barcelonnette;44.38;6.65;08/08/2026;04:00;24.6;0;SOLEIL;2;0;0
Barcelonnette;44.38;6.65;08/08/2026;05:00;24.4;0;SOLEIL;2;0;0
Barcelonnette;44.38;6.65;08/08/2026;06:00;24.4;0;SOLEIL;2;0;0
Barcelonnette;44.38;6.65;08/08/2026;07:00;24.4;0;SOLEIL;2;0;0
Barcelonnette;44.38;6.65;08/08/2026;08:00;28.6;0;SOLEIL;2;0;0
Barcelonnette;44.38;6.65;08/08/2026;09:00;28.6;0;SOLEIL;2;0;0
Barcelonnette;44.38;6.65;08/08/2026;10:00;28.6;0;SOLEIL;2;0;0
Barcelonnette;44.38;6.65;08/08/2026;11:00;30.1;0;SOLEIL;4;0;0
Barcelonnette;44.38;6.65;08/08/2026;12:00;30.1;0;SOLEIL;4;0;0
Barcelonnette;44.38;6.65;08/08/2026;13:00;30.1;0;SOLEIL;4;0;0
Barcelonnette;44.38;6.65;08/08/2026;14:00;31.5;0;SOLEIL;4;0;0
Barcelonnette;44.38;6.65;08/08/2026;15:00;31.5;0;SOLEIL;4;0;0
Barcelonnette;44.38;6.65;08/08/2026;16:00;31.5;0;SOLEIL;4;0;0
Barcelonnette;44.38;6.65;08/08/2026;17:00;29.6;0;SOLEIL;3;0;0
Barcelonnette;44.38;6.65;08/08/2026;18:00;29.6;0;SOLEIL;3;0;0
Barcelonnette;44.38;6.65;08/08/2026;19:00;29.6;0;SOLEIL;3;0;0
Barcelonnette;44.38;6.65;08/08/2026;20:00;28;0;SOLEIL;2;0;0
Barcelonnette;44.38;6.65;08/08/2026;21:00;28;0;SOLEIL;2;0;0
Barcelonnette;44.38;6.65;08/08/2026;22:00;28;0;SOLEIL;2;0;0
Barcelonnette;44.38;6.65;08/08/2026;23:00;26.1;0;SOLEIL;2;0;0
Barcelonnette;44.38;6.65;09/08/2026;00:00;26.1;0;SOLEIL;2;0;0
Barcelonnette;44.38;6.65;09/08/2026;01:00;26.1;0;SOLEIL;2;0;0
Barcelonnette;44.38;6.65;09/08/2026;02:00;25.1;0;SOLEIL;2;0;0
Barcelonnette;44.38;6.65;09/08/2026;03:00;25.1;0;SOLEIL;2;0;0
Barcelonnette;44.38;6.65;09/08/2026;04:00;25.1;0;SOLEIL;2;0;0
Barcelonnette;44.38;6.65;09/08/2026;05:00;25.6;0;SOLEIL;2;0;0
Barcelonnette;44.38;6.65;09/08/2026;06:00;25.6;0;SOLEIL;2;0;0
Barcelonnette;44.38;6.65;09/08/2026;07:00;25.6;0;SOLEIL;2;0;0
Barcelonnette;44.38;6.65;09/08/2026;08:00;29.6;0;SOLEIL;4;0;0
Barcelonnette;44.38;6.65;09/08/2026;09:00;29.6;0;SOLEIL;4;0;0
Barcelonnette;44.38;6.65;09/08/2026;10:00;29.6;0;SOLEIL;4;0;0
Barcelonnette;44.38;6.65;09/08/2026;11:00;30.7;0;SOLEIL;5;0;0
Barcelonnette;44.38;6.65;09/08/2026;12:00;30.7;0;SOLEIL;5;0;0
Barcelonnette;44.38;6.65;09/08/2026;13:00;30.7;0;SOLEIL;5;0;0
Barcelonnette;44.38;6.65;09/08/2026;14:00;30.7;0;SOLEIL;4;0;0
Barcelonnette;44.38;6.65;09/08/2026;15:00;30.7;0;SOLEIL;4;0;0
Barcelonnette;44.38;6.65;09/08/2026;16:00;30.7;0;SOLEIL;4;0;0
Barcelonnette;44.38;6.65;09/08/2026;17:00;29.4;0;SOLEIL;2;0;0
Barcelonnette;44.38;6.65;09/08/2026;18:00;29.4;0;SOLEIL;2;0;0
Barcelonnette;44.38;6.65;09/08/2026;19:00;29.4;0;SOLEIL;2;0;0
Barcelonnette;44.38;6.65;09/08/2026;20:00;27.3;0;SOLEIL;5;0;0
Barcelonnette;44.38;6.65;09/08/2026;21:00;26.3;0;SOLEIL;5;0;0
Barcelonnette;44.38;6.65;09/08/2026;22:00;25.2;0;SOLEIL;5;0;0
Barcelonnette;44.38;6.65;09/08/2026;23:00;26.5;0;SOLEIL;2;0;0
Barcelonnette;44.38;6.65;10/08/2026;00:00;26.5;0;SOLEIL;2;0;0
Barcelonnette;44.38;6.65;10/08/2026;01:00;26.5;0;SOLEIL;2;0;0
Barcelonnette;44.38;6.65;10/08/2026;02:00;23.7;0;SOLEIL;5;0;0
Barcelonnette;44.38;6.65;10/08/2026;03:00;23.7;0;SOLEIL;5;0;0
Barcelonnette;44.38;6.65;10/08/2026;04:00;23.7;0;SOLEIL;5;0;0
Barcelonnette;44.38;6.65;10/08/2026;05:00;24.4;0;SOLEIL;2;0;0
Barcelonnette;44.38;6.65;10/08/2026;06:00;24.4;0;SOLEIL;2;0;0
Barcelonnette;44.38;6.65;10/08/2026;07:00;24.4;0;SOLEIL;2;0;0
Barcelonnette;44.38;6.65;10/08/2026;08:00;25.7;0;SOLEIL;5;0;0
Barcelonnette;44.38;6.65;10/08/2026;09:00;26.7;0;SOLEIL;5;0;0
Barcelonnette;44.38;6.65;10/08/2026;10:00;27.7;0;SOLEIL;5;0;0
Barcelonnette;44.38;6.65;10/08/2026;11:00;29.6;0;SOLEIL;5;0;0
Barcelonnette;44.38;6.65;10/08/2026;12:00;29.6;0;SOLEIL;5;0;0
Barcelonnette;44.38;6.65;10/08/2026;13:00;29.6;0;SOLEIL;5;0;0
Barcelonnette;44.38;6.65;10/08/2026;14:00;31.6;0;SOLEIL;5;0;0
Barcelonnette;44.38;6.65;10/08/2026;15:00;32.6;0;SOLEIL;5;0;0
Barcelonnette;44.38;6.65;10/08/2026;16:00;31.6;0;SOLEIL;5;0;0
Barcelonnette;44.38;6.65;10/08/2026;17:00;28.7;0;SOLEIL;3;0;0
Barcelonnette;44.38;6.65;10/08/2026;18:00;28.7;0;SOLEIL;3;0;0
Barcelonnette;44.38;6.65;10/08/2026;19:00;28.7;0;SOLEIL;3;0;0
Barcelonnette;44.38;6.65;10/08/2026;20:00;27.7;0;SOLEIL;5;0;0
Barcelonnette;44.38;6.65;10/08/2026;21:00;26.7;0;SOLEIL;5;0;0
Barcelonnette;44.38;6.65;10/08/2026;22:00;25.7;0;SOLEIL;5;0;0
Barcelonnette;44.38;6.65;10/08/2026;23:00;26.6;0;SOLEIL;2;0;0
Barcelonnette;44.38;6.65;11/08/2026;00:00;26.6;0;SOLEIL;2;0;0
Barcelonnette;44.38;6.65;11/08/2026;01:00;26.6;0;SOLEIL;2;0;0
Barcelonnette;44.38;6.65;11/08/2026;02:00;23.7;0;SOLEIL;5;0;0
Barcelonnette;44.38;6.65;11/08/2026;03:00;23.7;0;SOLEIL;5;0;0
Barcelonnette;44.38;6.65;11/08/2026;04:00;23.7;0;SOLEIL;5;0;0
Barcelonnette;44.38;6.65;11/08/2026;05:00;24.1;0;SOLEIL;3;0;0
Barcelonnette;44.38;6.65;11/08/2026;06:00;24.1;0;SOLEIL;3;0;0
Barcelonnette;44.38;6.65;11/08/2026;07:00;24.1;0;SOLEIL;3;0;0
Barcelonnette;44.38;6.65;11/08/2026;08:00;25.2;0;SOLEIL;5;0;0
Barcelonnette;44.38;6.65;11/08/2026;09:00;26.0;0;SOLEIL;5;0;0
Barcelonnette;44.38;6.65;11/08/2026;10:00;26.8;0;SOLEIL;5;0;0
Barcelonnette;44.38;6.65;11/08/2026;11:00;31;0;SOLEIL;4;0;0
Barcelonnette;44.38;6.65;11/08/2026;12:00;31;0;SOLEIL;4;0;0
Barcelonnette;44.38;6.65;11/08/2026;13:00;31;0;SOLEIL;4;0;0
Barcelonnette;44.38;6.65;11/08/2026;14:00;29.8;0;SOLEIL;5;0;0
Barcelonnette;44.38;6.65;11/08/2026;15:00;30.6;0;SOLEIL;5;0;0
Barcelonnette;44.38;6.65;11/08/2026;16:00;29.8;0;SOLEIL;5;0;0
Barcelonnette;44.38;6.65;11/08/2026;17:00;28.7;0;SOLEIL;3;0;0
Barcelonnette;44.38;6.65;11/08/2026;18:00;28.7;0;SOLEIL;3;0;0
Barcelonnette;44.38;6.65;11/08/2026;19:00;28.7;0;SOLEIL;3;0;0
Barcelonnette;44.38;6.65;11/08/2026;20:00;26.8;0;SOLEIL;5;0;0
Barcelonnette;44.38;6.65;11/08/2026;21:00;26.0;0;SOLEIL;5;0;0
Barcelonnette;44.38;6.65;11/08/2026;22:00;25.2;0;SOLEIL;5;0;0
Barcelonnette;44.38;6.65;11/08/2026;23:00;26.4;0;SOLEIL;1;0;0
Barcelonnette;44.38;6.65;12/08/2026;00:00;26.4;0;SOLEIL;1;0;0
Barcelonnette;44.38;6.65;12/08/2026;01:00;26.4;0;SOLEIL;1;0;0
Barcelonnette;44.38;6.65;12/08/2026;02:00;23.6;0;SOLEIL;5;0;0
Barcelonnette;44.38;6.65;12/08/2026;03:00;23.6;0;SOLEIL;5;0;0
Barcelonnette;44.38;6.65;12/08/2026;04:00;23.6;0;SOLEIL;5;0;0
Barcelonnette;44.38;6.65;12/08/2026;05:00;24.6;0;SOLEIL;2;0;0
Barcelonnette;44.38;6.65;12/08/2026;06:00;24.6;0;SOLEIL;2;0;0
Barcelonnette;44.38;6.65;12/08/2026;07:00;24.6;0;SOLEIL;2;0;0
Barcelonnette;44.38;6.65;12/08/2026;08:00;25.5;0;SOLEIL;5;0;0
Barcelonnette;44.38;6.65;12/08/2026;09:00;26.4;0;SOLEIL;5;0;0
Barcelonnette;44.38;6.65;12/08/2026;10:00;27.4;0;SOLEIL;5;0;0
Barcelonnette;44.38;6.65;12/08/2026;11:00;30.6;0;SOLEIL;3;0;0
Barcelonnette;44.38;6.65;12/08/2026;12:00;30.6;0;SOLEIL;3;0;0
Barcelonnette;44.38;6.65;12/08/2026;13:00;30.6;0;SOLEIL;3;0;0
Barcelonnette;44.38;6.65;12/08/2026;14:00;31.2;0;SOLEIL;5;0;0
Barcelonnette;44.38;6.65;12/08/2026;15:00;32.1;0;SOLEIL;5;0;0
Barcelonnette;44.38;6.65;12/08/2026;16:00;31.2;0;SOLEIL;5;0;0
Barcelonnette;44.38;6.65;12/08/2026;17:00;29.2;0;SOLEIL;1;0;0
Barcelonnette;44.38;6.65;12/08/2026;18:00;29.2;0;SOLEIL;1;0;0
Barcelonnette;44.38;6.65;12/08/2026;19:00;29.2;0;SOLEIL;1;0;0
Barcelonnette;44.38;6.65;12/08/2026;20:00;27.4;0;SOLEIL;5;0;0
Barcelonnette;44.38;6.65;12/08/2026;21:00;26.4;0;SOLEIL;5;0;0
Barcelonnette;44.38;6.65;12/08/2026;22:00;25.5;0;SOLEIL;5;0;0
Barcelonnette;44.38;6.65;12/08/2026;23:00;26.2;0;SOLEIL;2;0;0
Digne-les-Bains;44.09;6.23;08/08/2026;00:00;13.1;0;SOLEIL;1;0;0
Digne-les-Bains;44.09;6.23;08/08/2026;01:00;13.1;0;SOLEIL;1;0;0
Digne-les-Bains;44.09;6.23;08/08/2026;02:00;10.7;0;SOLEIL;1;0;0
Digne-les-Bains;44.09;6.23;08/08/2026;03:00;10.7;0;SOLEIL;1;0;0
Digne-les-Bains;44.09;6.23;08/08/2026;04:00;10.7;0;SOLEIL;1;0;0
Digne-les-Bains;44.09;6.23;08/08/2026;05:00;14.1;0;SOLEIL;1;0;0
Digne-les-Bains;44.09;6.23;08/08/2026;06:00;14.1;0;SOLEIL;1;0;0
Digne-les-Bains;44.09;6.23;08/08/2026;07:00;14.1;0;SOLEIL;1;0;0
Digne-les-Bains;44.09;6.23;08/08/2026;08:00;25.6;0;SOLEIL;2;0;0
Digne-les-Bains;44.09;6.23;08/08/2026;09:00;25.6;0;SOLEIL;2;0;0
Digne-les-Bains;44.09;6.23;08/08/2026;10:00;25.6;0;SOLEIL;2;0;0
Digne-les-Bains;44.09;6.23;08/08/2026;11:00;30.4;0;SOLEIL;3;0;0
Digne-les-Bains;44.09;6.23;08/08/2026;12:00;30.4;0;SOLEIL;3;0;0
Digne-les-Bains;44.09;6.23;08/08/2026;13:00;30.4;0;SOLEIL;3;0;0
Digne-les-Bains;44.09;6.23;08/08/2026;14:00;30.9;0;SOLEIL;3;11;0
Digne-les-Bains;44.09;6.23;08/08/2026;15:00;30.9;0;SOLEIL;3;11;0
Digne-les-Bains;44.09;6.23;08/08/2026;16:00;30.9;0;SOLEIL;3;11;0
Digne-les-Bains;44.09;6.23;08/08/2026;17:00;26.1;0;SOLEIL;3;11;0
Digne-les-Bains;44.09;6.23;08/08/2026;18:00;26.1;0;SOLEIL;3;11;0
Digne-les-Bains;44.09;6.23;08/08/2026;19:00;26.1;0;SOLEIL;3;11;0
Digne-les-Bains;44.09;6.23;08/08/2026;20:00;17.5;0;SOLEIL;1;0;0
Digne-les-Bains;44.09;6.23;08/08/2026;21:00;17.5;0;SOLEIL;1;0;0
Digne-les-Bains;44.09;6.23;08/08/2026;22:00;17.5;0;SOLEIL;1;0;0
Digne-les-Bains;44.09;6.23;08/08/2026;23:00;13.2;0;SOLEIL;1;0;0
Digne-les-Bains;44.09;6.23;09/08/2026;00:00;13.2;0;SOLEIL;1;0;0
Digne-les-Bains;44.09;6.23;09/08/2026;01:00;13.2;0;SOLEIL;1;0;0
Digne-les-Bains;44.09;6.23;09/08/2026;02:00;11.4;0;SOLEIL;1;0;0
Digne-les-Bains;44.09;6.23;09/08/2026;03:00;11.4;0;SOLEIL;1;0;0
Digne-les-Bains;44.09;6.23;09/08/2026;04:00;11.4;0;SOLEIL;1;0;0
Digne-les-Bains;44.09;6.23;09/08/2026;05:00;14;0;SOLEIL;1;0;0
Digne-les-Bains;44.09;6.23;09/08/2026;06:00;14;0;SOLEIL;1;0;0
Digne-les-Bains;44.09;6.23;09/08/2026;07:00;14;0;SOLEIL;1;0;0
Digne-les-Bains;44.09;6.23;09/08/2026;08:00;25.5;0;SOLEIL;1;0;0
Digne-les-Bains;44.09;6.23;09/08/2026;09:00;25.5;0;SOLEIL;1;0;0
Digne-les-Bains;44.09;6.23;09/08/2026;10:00;25.5;0;SOLEIL;1;0;0
Digne-les-Bains;44.09;6.23;09/08/2026;11:00;27.4;0;SOLEIL;3;12;0
Digne-les-Bains;44.09;6.23;09/08/2026;12:00;27.4;0;SOLEIL;3;12;0
Digne-les-Bains;44.09;6.23;09/08/2026;13:00;27.4;0;SOLEIL;3;12;0
Digne-les-Bains;44.09;6.23;09/08/2026;14:00;28;0;SOLEIL;3;12;0
Digne-les-Bains;44.09;6.23;09/08/2026;15:00;28;0;SOLEIL;3;12;0
Digne-les-Bains;44.09;6.23;09/08/2026;16:00;28;0;SOLEIL;3;12;0
Digne-les-Bains;44.09;6.23;09/08/2026;17:00;23.4;0;SOLEIL;2;0;0
Digne-les-Bains;44.09;6.23;09/08/2026;18:00;23.4;0;SOLEIL;2;0;0
Digne-les-Bains;44.09;6.23;09/08/2026;19:00;23.4;0;SOLEIL;2;0;0
Digne-les-Bains;44.09;6.23;09/08/2026;20:00;19.2;0;SOLEIL;5;0;0
Digne-les-Bains;44.09;6.23;09/08/2026;21:00;16.8;0;SOLEIL;5;0;0
Digne-les-Bains;44.09;6.23;09/08/2026;22:00;14.4;0;SOLEIL;5;0;0
Digne-les-Bains;44.09;6.23;09/08/2026;23:00;12.9;0;SOLEIL;1;0;0
Digne-les-Bains;44.09;6.23;10/08/2026;00:00;12.9;0;SOLEIL;1;0;0
Digne-les-Bains;44.09;6.23;10/08/2026;01:00;12.9;0;SOLEIL;1;0;0
Digne-les-Bains;44.09;6.23;10/08/2026;02:00;10.6;0;SOLEIL;5;0;0
Digne-les-Bains;44.09;6.23;10/08/2026;03:00;10.6;0;SOLEIL;5;0;0
Digne-les-Bains;44.09;6.23;10/08/2026;04:00;10.6;0;SOLEIL;5;0;0
Digne-les-Bains;44.09;6.23;10/08/2026;05:00;14.4;0;SOLEIL;2;0;0
Digne-les-Bains;44.09;6.23;10/08/2026;06:00;14.4;0;SOLEIL;2;0;0
Digne-les-Bains;44.09;6.23;10/08/2026;07:00;14.4;0;SOLEIL;2;0;0
Digne-les-Bains;44.09;6.23;10/08/2026;08:00;14.6;0;SOLEIL;5;0;0
Digne-les-Bains;44.09;6.23;10/08/2026;09:00;16.6;0;SOLEIL;5;0;0
Digne-les-Bains;44.09;6.23;10/08/2026;10:00;18.6;0;SOLEIL;5;0;0
Digne-les-Bains;44.09;6.23;10/08/2026;11:00;29.1;6;AVERSES;3;13;0
Digne-les-Bains;44.09;6.23;10/08/2026;12:00;29.1;6;AVERSES;3;13;0
Digne-les-Bains;44.09;6.23;10/08/2026;13:00;29.1;6;AVERSES;3;13;0
Digne-les-Bains;44.09;6.23;10/08/2026;14:00;26.7;0;SOLEIL;5;0;0
Digne-les-Bains;44.09;6.23;10/08/2026;15:00;28.7;0;SOLEIL;5;0;0
Digne-les-Bains;44.09;6.23;10/08/2026;16:00;26.7;0;SOLEIL;5;0;0
Digne-les-Bains;44.09;6.23;10/08/2026;17:00;22.6;6;AVERSES;2;12;0
Digne-les-Bains;44.09;6.23;10/08/2026;18:00;22.6;6;AVERSES;2;12;0
Digne-les-Bains;44.09;6.23;10/08/2026;19:00;22.6;6;AVERSES;2;12;0
Digne-les-Bains;44.09;6.23;10/08/2026;20:00;18.6;0;SOLEIL;5;0;0
Digne-les-Bains;44.09;6.23;10/08/2026;21:00;16.6;0;SOLEIL;5;0;0
Digne-les-Bains;44.09;6.23;10/08/2026;22:00;14.6;0;SOLEIL;5;0;0
Digne-les-Bains;44.09;6.23;10/08/2026;23:00;12.2;0;SOLEIL;1;0;0
Digne-les-Bains;44.09;6.23;11/08/2026;00:00;12.2;0;SOLEIL;1;0;0
Digne-les-Bains;44.09;6.23;11/08/2026;01:00;12.2;0;SOLEIL;1;0;0
Digne-les-Bains;44.09;6.23;11/08/2026;02:00;11.1;6;AVERSES;5;0;0
Digne-les-Bains;44.09;6.23;11/08/2026;03:00;11.1;6;AVERSES;5;0;0
Digne-les-Bains;44.09;6.23;11/08/2026;04:00;11.1;6;AVERSES;5;0;0
Digne-les-Bains;44.09;6.23;11/08/2026;05:00;14.1;0;SOLEIL;2;0;0
Digne-les-Bains;44.09;6.23;11/08/2026;06:00;14.1;0;SOLEIL;2;0;0
Digne-les-Bains;44.09;6.23;11/08/2026;07:00;14.1;0;SOLEIL;2;0;0
Digne-les-Bains;44.09;6.23;11/08/2026;08:00;15.2;6;AVERSES;5;0;0
Digne-les-Bains;44.09;6.23;11/08/2026;09:00;17.3;6;AVERSES;5;0;0
Digne-les-Bains;44.09;6.23;11/08/2026;10:00;19.3;6;AVERSES;5;0;0
Digne-les-Bains;44.09;6.23;11/08/2026;11:00;30.6;0;SOLEIL;3;12;0
Digne-les-Bains;44.09;6.23;11/08/2026;12:00;30.6;0;SOLEIL;3;12;0
Digne-les-Bains;44.09;6.23;11/08/2026;13:00;30.6;0;SOLEIL;3;12;0
Digne-les-Bains;44.09;6.23;11/08/2026;14:00;27.5;6;AVERSES;5;0;0
Digne-les-Bains;44.09;6.23;11/08/2026;15:00;29.6;6;AVERSES;5;0;0
Digne-les-Bains;44.09;6.23;11/08/2026;16:00;27.5;6;AVERSES;5;0;0
Digne-les-Bains;44.09;6.23;11/08/2026;17:00;24.1;0;SOLEIL;2;11;0
Digne-les-Bains;44.09;6.23;11/08/2026;18:00;24.1;0;SOLEIL;2;11;0
Digne-les-Bains;44.09;6.23;11/08/2026;19:00;24.1;0;SOLEIL;2;11;0
Digne-les-Bains;44.09;6.23;11/08/2026;20:00;19.3;6;AVERSES;5;0;0
Digne-les-Bains;44.09;6.23;11/08/2026;21:00;17.3;6;AVERSES;5;0;0
Digne-les-Bains;44.09;6.23;11/08/2026;22:00;15.2;6;AVERSES;5;0;0
Digne-les-Bains;44.09;6.23;11/08/2026;23:00;13.1;0;SOLEIL;1;0;0
Digne-les-Bains;44.09;6.23;12/08/2026;00:00;13.1;0;SOLEIL;1;0;0
Digne-les-Bains;44.09;6.23;12/08/2026;01:00;13.1;0;SOLEIL;1;0;0
Digne-les-Bains;44.09;6.23;12/08/2026;02:00;9.6;0;SOLEIL;5;0;0
Digne-les-Bains;44.09;6.23;12/08/2026;03:00;9.6;0;SOLEIL;5;0;0
Digne-les-Bains;44.09;6.23;12/08/2026;04:00;9.6;0;SOLEIL;5;0;0
Digne-les-Bains;44.09;6.23;12/08/2026;05:00;14.7;0;SOLEIL;2;0;0
Digne-les-Bains;44.09;6.23;12/08/2026;06:00;14.7;0;SOLEIL;2;0;0
Digne-les-Bains;44.09;6.23;12/08/2026;07:00;14.7;0;SOLEIL;2;0;0
Digne-les-Bains;44.09;6.23;12/08/2026;08:00;14.5;0;SOLEIL;5;0;0
Digne-les-Bains;44.09;6.23;12/08/2026;09:00;16.9;0;SOLEIL;5;0;0
Digne-les-Bains;44.09;6.23;12/08/2026;10:00;19.3;0;SOLEIL;5;0;0
Digne-les-Bains;44.09;6.23;12/08/2026;11:00;30.1;0;SOLEIL;3;11;0
Digne-les-Bains;44.09;6.23;12/08/2026;12:00;30.1;0;SOLEIL;3;11;0
Digne-les-Bains;44.09;6.23;12/08/2026;13:00;30.1;0;SOLEIL;3;11;0
Digne-les-Bains;44.09;6.23;12/08/2026;14:00;29.1;0;SOLEIL;5;0;0
Digne-les-Bains;44.09;6.23;12/08/2026;15:00;31.5;0;SOLEIL;5;0;0
Digne-les-Bains;44.09;6.23;12/08/2026;16:00;29.1;0;SOLEIL;5;0;0
Digne-les-Bains;44.09;6.23;12/08/2026;17:00;23.4;6;AVERSES;0;0;0
Digne-les-Bains;44.09;6.23;12/08/2026;18:00;23.4;6;AVERSES;0;0;0
Digne-les-Bains;44.09;6.23;12/08/2026;19:00;23.4;6;AVERSES;0;0;0
Digne-les-Bains;44.09;6.23;12/08/2026;20:00;19.3;0;SOLEIL;5;0;0
Digne-les-Bains;44.09;6.23;12/08/2026;21:00;16.9;0;SOLEIL;5;0;0
Digne-les-Bains;44.09;6.23;12/08/2026;22:00;14.5;0;SOLEIL;5;0;0
Digne-les-Bains;44.09;6.23;12/08/2026;23:00;13.1;0;SOLEIL;1;0;0
Forcalquier;43.96;5.78;08/08/2026;00:00;19.5;0;SOLEIL;1;0;0
Forcalquier;43.96;5.78;08/08/2026;01:00;19.5;0;SOLEIL;1;0;0
Forcalquier;43.96;5.78;08/08/2026;02:00;17.6;0;SOLEIL;1;0;0
Forcalquier;43.96;5.78;08/08/2026;03:00;17.6;0;SOLEIL;1;0;0
Forcalquier;43.96;5.78;08/08/2026;04:00;17.6;0;SOLEIL;1;0;0
Forcalquier;43.96;5.78;08/08/2026;05:00;19.7;0;SOLEIL;1;0;0
Forcalquier;43.96;5.78;08/08/2026;06:00;19.7;0;SOLEIL;1;0;0
Forcalquier;43.96;5.78;08/08/2026;07:00;19.7;0;SOLEIL;1;0;0
Forcalquier;43.96;5.78;08/08/2026;08:00;27.9;0;SOLEIL;2;0;0
Forcalquier;43.96;5.78;08/08/2026;09:00;27.9;0;SOLEIL;2;0;0
Forcalquier;43.96;5.78;08/08/2026;10:00;27.9;0;SOLEIL;2;0;0
Forcalquier;43.96;5.78;08/08/2026;11:00;33;0;SOLEIL;3;0;0
Forcalquier;43.96;5.78;08/08/2026;12:00;33;0;SOLEIL;3;0;0
Forcalquier;43.96;5.78;08/08/2026;13:00;33;0;SOLEIL;3;0;0
Forcalquier;43.96;5.78;08/08/2026;14:00;34;0;SOLEIL;3;0;0
Forcalquier;43.96;5.78;08/08/2026;15:00;34;0;SOLEIL;3;0;0
Forcalquier;43.96;5.78;08/08/2026;16:00;34;0;SOLEIL;3;0;0
Forcalquier;43.96;5.78;08/08/2026;17:00;30.4;0;SOLEIL;4;0;0
Forcalquier;43.96;5.78;08/08/2026;18:00;30.4;0;SOLEIL;4;0;0
Forcalquier;43.96;5.78;08/08/2026;19:00;30.4;0;SOLEIL;4;0;0
Forcalquier;43.96;5.78;08/08/2026;20:00;22;0;SOLEIL;2;0;0
Forcalquier;43.96;5.78;08/08/2026;21:00;22;0;SOLEIL;2;0;0
Forcalquier;43.96;5.78;08/08/2026;22:00;22;0;SOLEIL;2;0;0
Forcalquier;43.96;5.78;08/08/2026;23:00;19.7;0;SOLEIL;1;0;0
Forcalquier;43.96;5.78;09/08/2026;00:00;19.7;0;SOLEIL;1;0;0
Forcalquier;43.96;5.78;09/08/2026;01:00;19.7;0;SOLEIL;1;0;0
Forcalquier;43.96;5.78;09/08/2026;02:00;17.7;0;SOLEIL;1;0;0
Forcalquier;43.96;5.78;09/08/2026;03:00;17.7;0;SOLEIL;1;0;0
Forcalquier;43.96;5.78;09/08/2026;04:00;17.7;0;SOLEIL;1;0;0
Forcalquier;43.96;5.78;09/08/2026;05:00;19.7;0;SOLEIL;1;0;0
Forcalquier;43.96;5.78;09/08/2026;06:00;19.7;0;SOLEIL;1;0;0
Forcalquier;43.96;5.78;09/08/2026;07:00;19.7;0;SOLEIL;1;0;0
Forcalquier;43.96;5.78;09/08/2026;08:00;27.6;0;SOLEIL;1;0;0
Forcalquier;43.96;5.78;09/08/2026;09:00;27.6;0;SOLEIL;1;0;0
Forcalquier;43.96;5.78;09/08/2026;10:00;27.6;0;SOLEIL;1;0;0
Forcalquier;43.96;5.78;09/08/2026;11:00;32.5;0;SOLEIL;3;0;0
Forcalquier;43.96;5.78;09/08/2026;12:00;32.5;0;SOLEIL;3;0;0
Forcalquier;43.96;5.78;09/08/2026;13:00;32.5;0;SOLEIL;3;0;0
Forcalquier;43.96;5.78;09/08/2026;14:00;31;0;SOLEIL;3;11;0
Forcalquier;43.96;5.78;09/08/2026;15:00;31;0;SOLEIL;3;11;0
Forcalquier;43.96;5.78;09/08/2026;16:00;31;0;SOLEIL;3;11;0
Forcalquier;43.96;5.78;09/08/2026;17:00;26;0;SOLEIL;3;0;0
Forcalquier;43.96;5.78;09/08/2026;18:00;26;0;SOLEIL;3;0;0
Forcalquier;43.96;5.78;09/08/2026;19:00;26;0;SOLEIL;3;0;0
Forcalquier;43.96;5.78;09/08/2026;20:00;24.3;0;SOLEIL;5;0;0
Forcalquier;43.96;5.78;09/08/2026;21:00;22.3;0;SOLEIL;5;0;0
Forcalquier;43.96;5.78;09/08/2026;22:00;20.2;0;SOLEIL;5;0;0
Forcalquier;43.96;5.78;09/08/2026;23:00;19;0;SOLEIL;1;0;0
Forcalquier;43.96;5.78;10/08/2026;00:00;19;0;SOLEIL;1;0;0
Forcalquier;43.96;5.78;10/08/2026;01:00;19;0;SOLEIL;1;0;0
Forcalquier;43.96;5.78;10/08/2026;02:00;16.6;0;SOLEIL;5;0;0
Forcalquier;43.96;5.78;10/08/2026;03:00;16.6;0;SOLEIL;5;0;0
Forcalquier;43.96;5.78;10/08/2026;04:00;16.6;0;SOLEIL;5;0;0
Forcalquier;43.96;5.78;10/08/2026;05:00;20.7;0;SOLEIL;1;0;0
Forcalquier;43.96;5.78;10/08/2026;06:00;20.7;0;SOLEIL;1;0;0
Forcalquier;43.96;5.78;10/08/2026;07:00;20.7;0;SOLEIL;1;0;0
Forcalquier;43.96;5.78;10/08/2026;08:00;20.2;0;SOLEIL;5;0;0
Forcalquier;43.96;5.78;10/08/2026;09:00;22.0;0;SOLEIL;5;0;0
Forcalquier;43.96;5.78;10/08/2026;10:00;23.8;0;SOLEIL;5;0;0
Forcalquier;43.96;5.78;10/08/2026;11:00;32.4;0;SOLEIL;4;0;0
Forcalquier;43.96;5.78;10/08/2026;12:00;32.4;0;SOLEIL;4;0;0
Forcalquier;43.96;5.78;10/08/2026;13:00;32.4;0;SOLEIL;4;0;0
Forcalquier;43.96;5.78;10/08/2026;14:00;31.1;0;SOLEIL;5;0;0
Forcalquier;43.96;5.78;10/08/2026;15:00;32.9;0;SOLEIL;5;0;0
Forcalquier;43.96;5.78;10/08/2026;16:00;31.1;0;SOLEIL;5;0;0
Forcalquier;43.96;5.78;10/08/2026;17:00;29.6;6;AVERSES;2;0;0
Forcalquier;43.96;5.78;10/08/2026;18:00;29.6;6;AVERSES;2;0;0
Forcalquier;43.96;5.78;10/08/2026;19:00;29.6;6;AVERSES;2;0;0
Forcalquier;43.96;5.78;10/08/2026;20:00;23.8;0;SOLEIL;5;0;0
Forcalquier;43.96;5.78;10/08/2026;21:00;22.0;0;SOLEIL;5;0;0
Forcalquier;43.96;5.78;10/08/2026;22:00;20.2;0;SOLEIL;5;0;0
Forcalquier;43.96;5.78;10/08/2026;23:00;18.5;0;SOLEIL;1;0;0
Forcalquier;43.96;5.78;11/08/2026;00:00;18.5;0;SOLEIL;1;0;0
Forcalquier;43.96;5.78;11/08/2026;01:00;18.5;0;SOLEIL;1;0;0
Forcalquier;43.96;5.78;11/08/2026;02:00;17.2;0;SOLEIL;5;0;0
Forcalquier;43.96;5.78;11/08/2026;03:00;17.2;0;SOLEIL;5;0;0
Forcalquier;43.96;5.78;11/08/2026;04:00;17.2;0;SOLEIL;5;0;0
Forcalquier;43.96;5.78;11/08/2026;05:00;19.2;0;SOLEIL;1;0;0
Forcalquier;43.96;5.78;11/08/2026;06:00;19.2;0;SOLEIL;1;0;0
Forcalquier;43.96;5.78;11/08/2026;07:00;19.2;0;SOLEIL;1;0;0
Forcalquier;43.96;5.78;11/08/2026;08:00;21.0;0;SOLEIL;5;0;0
Forcalquier;43.96;5.78;11/08/2026;09:00;22.9;0;SOLEIL;5;0;0
Forcalquier;43.96;5.78;11/08/2026;10:00;24.8;0;SOLEIL;5;0;0
Forcalquier;43.96;5.78;11/08/2026;11:00;33.6;0;SOLEIL;3;0;0
Forcalquier;43.96;5.78;11/08/2026;12:00;33.6;0;SOLEIL;3;0;0
Forcalquier;43.96;5.78;11/08/2026;13:00;33.6;0;SOLEIL;3;0;0
Forcalquier;43.96;5.78;11/08/2026;14:00;32.3;0;SOLEIL;5;0;0
Forcalquier;43.96;5.78;11/08/2026;15:00;34.2;0;SOLEIL;5;0;0
Forcalquier;43.96;5.78;11/08/2026;16:00;32.3;0;SOLEIL;5;0;0
Forcalquier;43.96;5.78;11/08/2026;17:00;30.1;0;SOLEIL;3;0;0
Forcalquier;43.96;5.78;11/08/2026;18:00;30.1;0;SOLEIL;3;0;0
Forcalquier;43.96;5.78;11/08/2026;19:00;30.1;0;SOLEIL;3;0;0
Forcalquier;43.96;5.78;11/08/2026;20:00;24.8;0;SOLEIL;5;0;0
Forcalquier;43.96;5.78;11/08/2026;21:00;22.9;0;SOLEIL;5;0;0
Forcalquier;43.96;5.78;11/08/2026;22:00;21.0;0;SOLEIL;5;0;0
Forcalquier;43.96;5.78;11/08/2026;23:00;19.7;0;SOLEIL;1;0;0
Forcalquier;43.96;5.78;12/08/2026;00:00;19.7;0;SOLEIL;1;0;0
Forcalquier;43.96;5.78;12/08/2026;01:00;19.7;0;SOLEIL;1;0;0
Forcalquier;43.96;5.78;12/08/2026;02:00;16.1;0;SOLEIL;5;0;0
Forcalquier;43.96;5.78;12/08/2026;03:00;16.1;0;SOLEIL;5;0;0
Forcalquier;43.96;5.78;12/08/2026;04:00;16.1;0;SOLEIL;5;0;0
Forcalquier;43.96;5.78;12/08/2026;05:00;21.1;0;SOLEIL;2;0;0
Forcalquier;43.96;5.78;12/08/2026;06:00;21.1;0;SOLEIL;2;0;0
Forcalquier;43.96;5.78;12/08/2026;07:00;21.1;0;SOLEIL;2;0;0
Forcalquier;43.96;5.78;12/08/2026;08:00;20.3;0;SOLEIL;5;0;0
Forcalquier;43.96;5.78;12/08/2026;09:00;22.5;0;SOLEIL;5;0;0
Forcalquier;43.96;5.78;12/08/2026;10:00;24.6;0;SOLEIL;5;0;0
Forcalquier;43.96;5.78;12/08/2026;11:00;33.5;0;SOLEIL;3;0;0
Forcalquier;43.96;5.78;12/08/2026;12:00;33.5;0;SOLEIL;3;0;0
Forcalquier;43.96;5.78;12/08/2026;13:00;33.5;0;SOLEIL;3;0;0
Forcalquier;43.96;5.78;12/08/2026;14:00;33.1;0;SOLEIL;5;0;0
Forcalquier;43.96;5.78;12/08/2026;15:00;35.2;0;SOLEIL;5;0;0
Forcalquier;43.96;5.78;12/08/2026;16:00;33.1;0;SOLEIL;5;0;0
Forcalquier;43.96;5.78;12/08/2026;17:00;28.9;6;AVERSES;2;0;0
Forcalquier;43.96;5.78;12/08/2026;18:00;28.9;6;AVERSES;2;0;0
Forcalquier;43.96;5.78;12/08/2026;19:00;28.9;6;AVERSES;2;0;0
Forcalquier;43.96;5.78;12/08/2026;20:00;24.6;0;SOLEIL;5;0;0
Forcalquier;43.96;5.78;12/08/2026;21:00;22.5;0;SOLEIL;5;0;0
Forcalquier;43.96;5.78;12/08/2026;22:00;20.3;0;SOLEIL;5;0;0
Forcalquier;43.96;5.78;12/08/2026;23:00;20.6;0;SOLEIL;1;0;0
Briançon;44.89;6.64;08/08/2026;00:00;19.6;0;SOLEIL;0;0;0
Briançon;44.89;6.64;08/08/2026;01:00;19.6;0;SOLEIL;0;0;0
Briançon;44.89;6.64;08/08/2026;02:00;17.1;0;SOLEIL;1;0;0
Briançon;44.89;6.64;08/08/2026;03:00;17.1;0;SOLEIL;1;0;0
Briançon;44.89;6.64;08/08/2026;04:00;17.1;0;SOLEIL;1;0;0
Briançon;44.89;6.64;08/08/2026;05:00;18.6;0;SOLEIL;1;0;0
Briançon;44.89;6.64;08/08/2026;06:00;18.6;0;SOLEIL;1;0;0
Briançon;44.89;6.64;08/08/2026;07:00;18.6;0;SOLEIL;1;0;0
Briançon;44.89;6.64;08/08/2026;08:00;28.6;0;SOLEIL;1;0;0
Briançon;44.89;6.64;08/08/2026;09:00;28.6;0;SOLEIL;1;0;0
Briançon;44.89;6.64;08/08/2026;10:00;28.6;0;SOLEIL;1;0;0
Briançon;44.89;6.64;08/08/2026;11:00;32.4;0;SOLEIL;3;0;0
Briançon;44.89;6.64;08/08/2026;12:00;32.4;0;SOLEIL;3;0;0
Briançon;44.89;6.64;08/08/2026;13:00;32.4;0;SOLEIL;3;0;0
Briançon;44.89;6.64;08/08/2026;14:00;34.1;0;SOLEIL;3;0;0
Briançon;44.89;6.64;08/08/2026;15:00;34.1;0;SOLEIL;3;0;0
Briançon;44.89;6.64;08/08/2026;16:00;34.1;0;SOLEIL;3;0;0
Briançon;44.89;6.64;08/08/2026;17:00;30.5;0;SOLEIL;4;0;0
Briançon;44.89;6.64;08/08/2026;18:00;30.5;0;SOLEIL;4;0;0
Briançon;44.89;6.64;08/08/2026;19:00;30.5;0;SOLEIL;4;0;0
Briançon;44.89;6.64;08/08/2026;20:00;23.1;0;SOLEIL;2;0;0
Briançon;44.89;6.64;08/08/2026;21:00;23.1;0;SOLEIL;2;0;0
Briançon;44.89;6.64;08/08/2026;22:00;23.1;0;SOLEIL;2;0;0
Briançon;44.89;6.64;08/08/2026;23:00;19.6;0;SOLEIL;1;0;0
Briançon;44.89;6.64;09/08/2026;00:00;19.6;0;SOLEIL;1;0;0
Briançon;44.89;6.64;09/08/2026;01:00;19.6;0;SOLEIL;1;0;0
Briançon;44.89;6.64;09/08/2026;02:00;17.2;0;SOLEIL;1;0;0
Briançon;44.89;6.64;09/08/2026;03:00;17.2;0;SOLEIL;1;0;0
Briançon;44.89;6.64;09/08/2026;04:00;17.2;0;SOLEIL;1;0;0
Briançon;44.89;6.64;09/08/2026;05:00;19.1;0;SOLEIL;1;0;0
Briançon;44.89;6.64;09/08/2026;06:00;19.1;0;SOLEIL;1;0;0
Briançon;44.89;6.64;09/08/2026;07:00;19.1;0;SOLEIL;1;0;0
Briançon;44.89;6.64;09/08/2026;08:00;27.6;0;SOLEIL;3;0;0
Briançon;44.89;6.64;09/08/2026;09:00;27.6;0;SOLEIL;3;0;0
Briançon;44.89;6.64;09/08/2026;10:00;27.6;0;SOLEIL;3;0;0
Briançon;44.89;6.64;09/08/2026;11:00;32.1;0;SOLEIL;4;0;0
Briançon;44.89;6.64;09/08/2026;12:00;32.1;0;SOLEIL;4;0;0
Briançon;44.89;6.64;09/08/2026;13:00;32.1;0;SOLEIL;4;0;0
Briançon;44.89;6.64;09/08/2026;14:00;31.6;10;ORAGEUX;4;0;0
Briançon;44.89;6.64;09/08/2026;15:00;31.6;10;ORAGEUX;4;0;0
Briançon;44.89;6.64;09/08/2026;16:00;31.6;10;ORAGEUX;4;0;0
Briançon;44.89;6.64;09/08/2026;17:00;26.7;0;SOLEIL;4;11;0
Briançon;44.89;6.64;09/08/2026;18:00;26.7;0;SOLEIL;4;11;0
Briançon;44.89;6.64;09/08/2026;19:00;26.7;0;SOLEIL;4;11;0
Briançon;44.89;6.64;09/08/2026;20:00;24.0;0;SOLEIL;5;0;0
Briançon;44.89;6.64;09/08/2026;21:00;22.0;0;SOLEIL;5;0;0
Briançon;44.89;6.64;09/08/2026;22:00;20.0;0;SOLEIL;5;0;0
Briançon;44.89;6.64;09/08/2026;23:00;19.4;0;SOLEIL;1;0;0
Briançon;44.89;6.64;10/08/2026;00:00;19.4;0;SOLEIL;1;0;0
Briançon;44.89;6.64;10/08/2026;01:00;19.4;0;SOLEIL;1;0;0
Briançon;44.89;6.64;10/08/2026;02:00;17;10;ORAGEUX;5;0;0
Briançon;44.89;6.64;10/08/2026;03:00;17;10;ORAGEUX;5;0;0
Briançon;44.89;6.64;10/08/2026;04:00;17;10;ORAGEUX;5;0;0
Briançon;44.89;6.64;10/08/2026;05:00;20.4;0;SOLEIL;1;0;0
Briançon;44.89;6.64;10/08/2026;06:00;20.4;0;SOLEIL;1;0;0
Briançon;44.89;6.64;10/08/2026;07:00;20.4;0;SOLEIL;1;0;0
Briançon;44.89;6.64;10/08/2026;08:00;20.5;10;ORAGEUX;5;0;0
Briançon;44.89;6.64;10/08/2026;09:00;22.2;10;ORAGEUX;5;0;0
Briançon;44.89;6.64;10/08/2026;10:00;24.0;10;ORAGEUX;5;0;0
Briançon;44.89;6.64;10/08/2026;11:00;33.2;6;AVERSES;3;0;0
Briançon;44.89;6.64;10/08/2026;12:00;33.2;6;AVERSES;3;0;0
Briançon;44.89;6.64;10/08/2026;13:00;33.2;6;AVERSES;3;0;0
Briançon;44.89;6.64;10/08/2026;14:00;31.0;10;ORAGEUX;5;0;0
Briançon;44.89;6.64;10/08/2026;15:00;32.7;10;ORAGEUX;5;0;0
Briançon;44.89;6.64;10/08/2026;16:00;31.0;10;ORAGEUX;5;0;0
Briançon;44.89;6.64;10/08/2026;17:00;29.2;6;AVERSES;3;0;0
Briançon;44.89;6.64;10/08/2026;18:00;29.2;6;AVERSES;3;0;0
Briançon;44.89;6.64;10/08/2026;19:00;29.2;6;AVERSES;3;0;0
Briançon;44.89;6.64;10/08/2026;20:00;24.0;10;ORAGEUX;5;0;0
Briançon;44.89;6.64;10/08/2026;21:00;22.2;10;ORAGEUX;5;0;0
Briançon;44.89;6.64;10/08/2026;22:00;20.5;10;ORAGEUX;5;0;0
Briançon;44.89;6.64;10/08/2026;23:00;20.1;0;SOLEIL;2;0;0
Briançon;44.89;6.64;11/08/2026;00:00;20.1;0;SOLEIL;2;0;0
Briançon;44.89;6.64;11/08/2026;01:00;20.1;0;SOLEIL;2;0;0
Briançon;44.89;6.64;11/08/2026;02:00;17.6;0;SOLEIL;5;0;0
Briançon;44.89;6.64;11/08/2026;03:00;17.6;0;SOLEIL;5;0;0
Briançon;44.89;6.64;11/08/2026;04:00;17.6;0;SOLEIL;5;0;0
Briançon;44.89;6.64;11/08/2026;05:00;19.7;0;SOLEIL;2;0;0
Briançon;44.89;6.64;11/08/2026;06:00;19.7;0;SOLEIL;2;0;0
Briançon;44.89;6.64;11/08/2026;07:00;19.7;0;SOLEIL;2;0;0
Briançon;44.89;6.64;11/08/2026;08:00;21.3;0;SOLEIL;5;0;0
Briançon;44.89;6.64;11/08/2026;09:00;23.1;0;SOLEIL;5;0;0
Briançon;44.89;6.64;11/08/2026;10:00;24.9;0;SOLEIL;5;0;0
Briançon;44.89;6.64;11/08/2026;11:00;33.9;0;SOLEIL;3;0;0
Briançon;44.89;6.64;11/08/2026;12:00;33.9;0;SOLEIL;3;0;0
Briançon;44.89;6.64;11/08/2026;13:00;33.9;0;SOLEIL;3;0;0
Briançon;44.89;6.64;11/08/2026;14:00;32.3;0;SOLEIL;5;0;0
Briançon;44.89;6.64;11/08/2026;15:00;34.1;0;SOLEIL;5;0;0
Briançon;44.89;6.64;11/08/2026;16:00;32.3;0;SOLEIL;5;0;0
Briançon;44.89;6.64;11/08/2026;17:00;30.4;0;SOLEIL;3;0;0
Briançon;44.89;6.64;11/08/2026;18:00;30.4;0;SOLEIL;3;0;0
Briançon;44.89;6.64;11/08/2026;19:00;30.4;0;SOLEIL;3;0;0
Briançon;44.89;6.64;11/08/2026;20:00;24.9;0;SOLEIL;5;0;0
Briançon;44.89;6.64;11/08/2026;21:00;23.1;0;SOLEIL;5;0;0
Briançon;44.89;6.64;11/08/2026;22:00;21.3;0;SOLEIL;5;0;0
Briançon;44.89;6.64;11/08/2026;23:00;20.4;0;SOLEIL;1;0;0
Briançon;44.89;6.64;12/08/2026;00:00;20.4;0;SOLEIL;1;0;0
Briançon;44.89;6.64;12/08/2026;01:00;20.4;0;SOLEIL;1;0;0
Briançon;44.89;6.64;12/08/2026;02:00;17.2;0;SOLEIL;5;0;0
Briançon;44.89;6.64;12/08/2026;03:00;17.2;0;SOLEIL;5;0;0
Briançon;44.89;6.64;12/08/2026;04:00;17.2;0;SOLEIL;5;0;0
Briançon;44.89;6.64;12/08/2026;05:00;20.6;0;SOLEIL;1;0;0
Briançon;44.89;6.64;12/08/2026;06:00;20.6;0;SOLEIL;1;0;0
Briançon;44.89;6.64;12/08/2026;07:00;20.6;0;SOLEIL;1;0;0
Briançon;44.89;6.64;12/08/2026;08:00;21.1;0;SOLEIL;5;0;0
Briançon;44.89;6.64;12/08/2026;09:00;23.1;0;SOLEIL;5;0;0
Briançon;44.89;6.64;12/08/2026;10:00;25.1;0;SOLEIL;5;0;0
Briançon;44.89;6.64;12/08/2026;11:00;33.1;0;SOLEIL;3;0;0
Briançon;44.89;6.64;12/08/2026;12:00;33.1;0;SOLEIL;3;0;0
Briançon;44.89;6.64;12/08/2026;13:00;33.1;0;SOLEIL;3;0;0
Briançon;44.89;6.64;12/08/2026;14:00;32.9;0;SOLEIL;5;0;0
Briançon;44.89;6.64;12/08/2026;15:00;34.9;0;SOLEIL;5;0;0
Briançon;44.89;6.64;12/08/2026;16:00;32.9;0;SOLEIL;5;0;0
Briançon;44.89;6.64;12/08/2026;17:00;28.2;6;AVERSES;3;0;0
Briançon;44.89;6.64;12/08/2026;18:00;28.2;6;AVERSES;3;0;0
Briançon;44.89;6.64;12/08/2026;19:00;28.2;6;AVERSES;3;0;0
Briançon;44.89;6.64;12/08/2026;20:00;25.1;0;SOLEIL;5;0;0
Briançon;44.89;6.64;12/08/2026;21:00;23.1;0;SOLEIL;5;0;0
Briançon;44.89;6.64;12/08/2026;22:00;21.1;0;SOLEIL;5;0;0
Briançon;44.89;6.64;12/08/2026;23:00;20.7;0;SOLEIL;1;0;0
Étoile-Saint-Cyrice;44.31;5.63;08/08/2026;00:00;16.2;0;SOLEIL;1;0;0
Étoile-Saint-Cyrice;44.31;5.63;08/08/2026;01:00;16.2;0;SOLEIL;1;0;0
Étoile-Saint-Cyrice;44.31;5.63;08/08/2026;02:00;14.1;0;SOLEIL;1;0;0
Étoile-Saint-Cyrice;44.31;5.63;08/08/2026;03:00;14.1;0;SOLEIL;1;0;0
Étoile-Saint-Cyrice;44.31;5.63;08/08/2026;04:00;14.1;0;SOLEIL;1;0;0
Étoile-Saint-Cyrice;44.31;5.63;08/08/2026;05:00;15.4;0;SOLEIL;1;0;0
Étoile-Saint-Cyrice;44.31;5.63;08/08/2026;06:00;15.4;0;SOLEIL;1;0;0
Étoile-Saint-Cyrice;44.31;5.63;08/08/2026;07:00;15.4;0;SOLEIL;1;0;0
Étoile-Saint-Cyrice;44.31;5.63;08/08/2026;08:00;24.6;0;SOLEIL;0;0;0
Étoile-Saint-Cyrice;44.31;5.63;08/08/2026;09:00;24.6;0;SOLEIL;0;0;0
Étoile-Saint-Cyrice;44.31;5.63;08/08/2026;10:00;24.6;0;SOLEIL;0;0;0
Étoile-Saint-Cyrice;44.31;5.63;08/08/2026;11:00;30.1;0;SOLEIL;1;0;0
Étoile-Saint-Cyrice;44.31;5.63;08/08/2026;12:00;30.1;0;SOLEIL;1;0;0
Étoile-Saint-Cyrice;44.31;5.63;08/08/2026;13:00;30.1;0;SOLEIL;1;0;0
Étoile-Saint-Cyrice;44.31;5.63;08/08/2026;14:00;31.6;0;SOLEIL;2;0;0
Étoile-Saint-Cyrice;44.31;5.63;08/08/2026;15:00;31.6;0;SOLEIL;2;0;0
Étoile-Saint-Cyrice;44.31;5.63;08/08/2026;16:00;31.6;0;SOLEIL;2;0;0
Étoile-Saint-Cyrice;44.31;5.63;08/08/2026;17:00;26.4;0;SOLEIL;1;0;0
Étoile-Saint-Cyrice;44.31;5.63;08/08/2026;18:00;26.4;0;SOLEIL;1;0;0
Étoile-Saint-Cyrice;44.31;5.63;08/08/2026;19:00;26.4;0;SOLEIL;1;0;0
Étoile-Saint-Cyrice;44.31;5.63;08/08/2026;20:00;21.2;0;SOLEIL;0;0;0
Étoile-Saint-Cyrice;44.31;5.63;08/08/2026;21:00;21.2;0;SOLEIL;0;0;0
Étoile-Saint-Cyrice;44.31;5.63;08/08/2026;22:00;21.2;0;SOLEIL;0;0;0
Étoile-Saint-Cyrice;44.31;5.63;08/08/2026;23:00;16.7;0;SOLEIL;0;0;0
Étoile-Saint-Cyrice;44.31;5.63;09/08/2026;00:00;16.7;0;SOLEIL;0;0;0
Étoile-Saint-Cyrice;44.31;5.63;09/08/2026;01:00;16.7;0;SOLEIL;0;0;0
Étoile-Saint-Cyrice;44.31;5.63;09/08/2026;02:00;14.7;0;SOLEIL;0;0;0
Étoile-Saint-Cyrice;44.31;5.63;09/08/2026;03:00;14.7;0;SOLEIL;0;0;0
Étoile-Saint-Cyrice;44.31;5.63;09/08/2026;04:00;14.7;0;SOLEIL;0;0;0
Étoile-Saint-Cyrice;44.31;5.63;09/08/2026;05:00;15.6;0;SOLEIL;0;0;0
Étoile-Saint-Cyrice;44.31;5.63;09/08/2026;06:00;15.6;0;SOLEIL;0;0;0
Étoile-Saint-Cyrice;44.31;5.63;09/08/2026;07:00;15.6;0;SOLEIL;0;0;0
Étoile-Saint-Cyrice;44.31;5.63;09/08/2026;08:00;25.7;0;SOLEIL;1;0;0
Étoile-Saint-Cyrice;44.31;5.63;09/08/2026;09:00;25.7;0;SOLEIL;1;0;0
Étoile-Saint-Cyrice;44.31;5.63;09/08/2026;10:00;25.7;0;SOLEIL;1;0;0
Étoile-Saint-Cyrice;44.31;5.63;09/08/2026;11:00;28.6;0;SOLEIL;3;11;0
Étoile-Saint-Cyrice;44.31;5.63;09/08/2026;12:00;28.6;0;SOLEIL;3;11;0
Étoile-Saint-Cyrice;44.31;5.63;09/08/2026;13:00;28.6;0;SOLEIL;3;11;0
Étoile-Saint-Cyrice;44.31;5.63;09/08/2026;14:00;28.2;0;SOLEIL;2;11;0
Étoile-Saint-Cyrice;44.31;5.63;09/08/2026;15:00;28.2;0;SOLEIL;2;11;0
Étoile-Saint-Cyrice;44.31;5.63;09/08/2026;16:00;28.2;0;SOLEIL;2;11;0
Étoile-Saint-Cyrice;44.31;5.63;09/08/2026;17:00;22.4;10;ORAGEUX;1;0;0
Étoile-Saint-Cyrice;44.31;5.63;09/08/2026;18:00;22.4;10;ORAGEUX;1;0;0
Étoile-Saint-Cyrice;44.31;5.63;09/08/2026;19:00;22.4;10;ORAGEUX;1;0;0
Étoile-Saint-Cyrice;44.31;5.63;09/08/2026;20:00;21.0;0;SOLEIL;5;0;0
Étoile-Saint-Cyrice;44.31;5.63;09/08/2026;21:00;18.7;0;SOLEIL;5;0;0
Étoile-Saint-Cyrice;44.31;5.63;09/08/2026;22:00;16.4;0;SOLEIL;5;0;0
Étoile-Saint-Cyrice;44.31;5.63;09/08/2026;23:00;15.9;0;SOLEIL;0;0;0
Étoile-Saint-Cyrice;44.31;5.63;10/08/2026;00:00;15.9;0;SOLEIL;0;0;0
Étoile-Saint-Cyrice;44.31;5.63;10/08/2026;01:00;15.9;0;SOLEIL;0;0;0
Étoile-Saint-Cyrice;44.31;5.63;10/08/2026;02:00;13.6;10;ORAGEUX;5;0;0
Étoile-Saint-Cyrice;44.31;5.63;10/08/2026;03:00;13.6;10;ORAGEUX;5;0;0
Étoile-Saint-Cyrice;44.31;5.63;10/08/2026;04:00;13.6;10;ORAGEUX;5;0;0
Étoile-Saint-Cyrice;44.31;5.63;10/08/2026;05:00;15.2;0;SOLEIL;1;0;0
Étoile-Saint-Cyrice;44.31;5.63;10/08/2026;06:00;15.2;0;SOLEIL;1;0;0
Étoile-Saint-Cyrice;44.31;5.63;10/08/2026;07:00;15.2;0;SOLEIL;1;0;0
Étoile-Saint-Cyrice;44.31;5.63;10/08/2026;08:00;17.0;10;ORAGEUX;5;0;0
Étoile-Saint-Cyrice;44.31;5.63;10/08/2026;09:00;18.8;10;ORAGEUX;5;0;0
Étoile-Saint-Cyrice;44.31;5.63;10/08/2026;10:00;20.5;10;ORAGEUX;5;0;0
Étoile-Saint-Cyrice;44.31;5.63;10/08/2026;11:00;28.1;6;AVERSES;3;0;0
Étoile-Saint-Cyrice;44.31;5.63;10/08/2026;12:00;28.1;6;AVERSES;3;0;0
Étoile-Saint-Cyrice;44.31;5.63;10/08/2026;13:00;28.1;6;AVERSES;3;0;0
Étoile-Saint-Cyrice;44.31;5.63;10/08/2026;14:00;27.4;10;ORAGEUX;5;0;0
Étoile-Saint-Cyrice;44.31;5.63;10/08/2026;15:00;29.1;10;ORAGEUX;5;0;0
Étoile-Saint-Cyrice;44.31;5.63;10/08/2026;16:00;27.4;10;ORAGEUX;5;0;0
Étoile-Saint-Cyrice;44.31;5.63;10/08/2026;17:00;23.6;6;AVERSES;2;0;0
Étoile-Saint-Cyrice;44.31;5.63;10/08/2026;18:00;23.6;6;AVERSES;2;0;0
Étoile-Saint-Cyrice;44.31;5.63;10/08/2026;19:00;23.6;6;AVERSES;2;0;0
Étoile-Saint-Cyrice;44.31;5.63;10/08/2026;20:00;20.5;10;ORAGEUX;5;0;0
Étoile-Saint-Cyrice;44.31;5.63;10/08/2026;21:00;18.8;10;ORAGEUX;5;0;0
Étoile-Saint-Cyrice;44.31;5.63;10/08/2026;22:00;17.0;10;ORAGEUX;5;0;0
Étoile-Saint-Cyrice;44.31;5.63;10/08/2026;23:00;15.1;0;SOLEIL;1;0;0
Étoile-Saint-Cyrice;44.31;5.63;11/08/2026;00:00;15.1;0;SOLEIL;1;0;0
Étoile-Saint-Cyrice;44.31;5.63;11/08/2026;01:00;15.1;0;SOLEIL;1;0;0
Étoile-Saint-Cyrice;44.31;5.63;11/08/2026;02:00;13.1;6;AVERSES;5;0;0
Étoile-Saint-Cyrice;44.31;5.63;11/08/2026;03:00;13.1;6;AVERSES;5;0;0
Étoile-Saint-Cyrice;44.31;5.63;11/08/2026;04:00;13.1;6;AVERSES;5;0;0
Étoile-Saint-Cyrice;44.31;5.63;11/08/2026;05:00;14.7;0;SOLEIL;1;0;0
Étoile-Saint-Cyrice;44.31;5.63;11/08/2026;06:00;14.7;0;SOLEIL;1;0;0
Étoile-Saint-Cyrice;44.31;5.63;11/08/2026;07:00;14.7;0;SOLEIL;1;0;0
Étoile-Saint-Cyrice;44.31;5.63;11/08/2026;08:00;16.6;6;AVERSES;5;0;0
Étoile-Saint-Cyrice;44.31;5.63;11/08/2026;09:00;18.4;6;AVERSES;5;0;0
Étoile-Saint-Cyrice;44.31;5.63;11/08/2026;10:00;20.2;6;AVERSES;5;0;0
Étoile-Saint-Cyrice;44.31;5.63;11/08/2026;11:00;30.1;6;AVERSES;2;0;0
Étoile-Saint-Cyrice;44.31;5.63;11/08/2026;12:00;30.1;6;AVERSES;2;0;0
Étoile-Saint-Cyrice;44.31;5.63;11/08/2026;13:00;30.1;6;AVERSES;2;0;0
Étoile-Saint-Cyrice;44.31;5.63;11/08/2026;14:00;27.2;6;AVERSES;5;0;0
Étoile-Saint-Cyrice;44.31;5.63;11/08/2026;15:00;29.0;6;AVERSES;5;0;0
Étoile-Saint-Cyrice;44.31;5.63;11/08/2026;16:00;27.2;6;AVERSES;5;0;0
Étoile-Saint-Cyrice;44.31;5.63;11/08/2026;17:00;24.5;6;AVERSES;2;0;0
Étoile-Saint-Cyrice;44.31;5.63;11/08/2026;18:00;24.5;6;AVERSES;2;0;0
Étoile-Saint-Cyrice;44.31;5.63;11/08/2026;19:00;24.5;6;AVERSES;2;0;0
Étoile-Saint-Cyrice;44.31;5.63;11/08/2026;20:00;20.2;6;AVERSES;5;0;0
Étoile-Saint-Cyrice;44.31;5.63;11/08/2026;21:00;18.4;6;AVERSES;5;0;0
Étoile-Saint-Cyrice;44.31;5.63;11/08/2026;22:00;16.6;6;AVERSES;5;0;0
Étoile-Saint-Cyrice;44.31;5.63;11/08/2026;23:00;15.9;0;SOLEIL;0;0;0
Étoile-Saint-Cyrice;44.31;5.63;12/08/2026;00:00;15.9;0;SOLEIL;0;0;0
Étoile-Saint-Cyrice;44.31;5.63;12/08/2026;01:00;15.9;0;SOLEIL;0;0;0
Étoile-Saint-Cyrice;44.31;5.63;12/08/2026;02:00;12.4;6;AVERSES;5;0;0
Étoile-Saint-Cyrice;44.31;5.63;12/08/2026;03:00;12.4;6;AVERSES;5;0;0
Étoile-Saint-Cyrice;44.31;5.63;12/08/2026;04:00;12.4;6;AVERSES;5;0;0
Étoile-Saint-Cyrice;44.31;5.63;12/08/2026;05:00;15.7;0;SOLEIL;1;0;0
Étoile-Saint-Cyrice;44.31;5.63;12/08/2026;06:00;15.7;0;SOLEIL;1;0;0
Étoile-Saint-Cyrice;44.31;5.63;12/08/2026;07:00;15.7;0;SOLEIL;1;0;0
Étoile-Saint-Cyrice;44.31;5.63;12/08/2026;08:00;16.5;6;AVERSES;5;0;0
Étoile-Saint-Cyrice;44.31;5.63;12/08/2026;09:00;18.6;6;AVERSES;5;0;0
Étoile-Saint-Cyrice;44.31;5.63;12/08/2026;10:00;20.7;6;AVERSES;5;0;0
Étoile-Saint-Cyrice;44.31;5.63;12/08/2026;11:00;30.2;0;SOLEIL;2;0;0
Étoile-Saint-Cyrice;44.31;5.63;12/08/2026;12:00;30.2;0;SOLEIL;2;0;0
Étoile-Saint-Cyrice;44.31;5.63;12/08/2026;13:00;30.2;0;SOLEIL;2;0;0
Étoile-Saint-Cyrice;44.31;5.63;12/08/2026;14:00;28.9;6;AVERSES;5;0;0
Étoile-Saint-Cyrice;44.31;5.63;12/08/2026;15:00;31.0;6;AVERSES;5;0;0
Étoile-Saint-Cyrice;44.31;5.63;12/08/2026;16:00;28.9;6;AVERSES;5;0;0
Étoile-Saint-Cyrice;44.31;5.63;12/08/2026;17:00;24;6;AVERSES;2;0;0
Étoile-Saint-Cyrice;44.31;5.63;12/08/2026;18:00;24;6;AVERSES;2;0;0
Étoile-Saint-Cyrice;44.31;5.63;12/08/2026;19:00;24;6;AVERSES;2;0;0
Étoile-Saint-Cyrice;44.31;5.63;12/08/2026;20:00;20.7;6;AVERSES;5;0;0
Étoile-Saint-Cyrice;44.31;5.63;12/08/2026;21:00;18.6;6;AVERSES;5;0;0
Étoile-Saint-Cyrice;44.31;5.63;12/08/2026;22:00;16.5;6;AVERSES;5;0;0
Étoile-Saint-Cyrice;44.31;5.63;12/08/2026;23:00;16.4;0;SOLEIL;1;0;0
Gap;44.56;6.07;08/08/2026;00:00;15.6;0;SOLEIL;1;0;0
Gap;44.56;6.07;08/08/2026;01:00;15.6;0;SOLEIL;1;0;0
Gap;44.56;6.07;08/08/2026;02:00;12.6;0;SOLEIL;1;0;0
Gap;44.56;6.07;08/08/2026;03:00;12.6;0;SOLEIL;1;0;0
Gap;44.56;6.07;08/08/2026;04:00;12.6;0;SOLEIL;1;0;0
Gap;44.56;6.07;08/08/2026;05:00;15.1;0;SOLEIL;1;0;0
Gap;44.56;6.07;08/08/2026;06:00;15.1;0;SOLEIL;1;0;0
Gap;44.56;6.07;08/08/2026;07:00;15.1;0;SOLEIL;1;0;0
Gap;44.56;6.07;08/08/2026;08:00;27;0;SOLEIL;1;0;0
Gap;44.56;6.07;08/08/2026;09:00;27;0;SOLEIL;1;0;0
Gap;44.56;6.07;08/08/2026;10:00;27;0;SOLEIL;1;0;0
Gap;44.56;6.07;08/08/2026;11:00;32.1;0;SOLEIL;2;0;0
Gap;44.56;6.07;08/08/2026;12:00;32.1;0;SOLEIL;2;0;0
Gap;44.56;6.07;08/08/2026;13:00;32.1;0;SOLEIL;2;0;0
Gap;44.56;6.07;08/08/2026;14:00;32.5;0;SOLEIL;3;0;0
Gap;44.56;6.07;08/08/2026;15:00;32.5;0;SOLEIL;3;0;0
Gap;44.56;6.07;08/08/2026;16:00;32.5;0;SOLEIL;3;0;0
Gap;44.56;6.07;08/08/2026;17:00;29.1;0;SOLEIL;3;0;0
Gap;44.56;6.07;08/08/2026;18:00;29.1;0;SOLEIL;3;0;0
Gap;44.56;6.07;08/08/2026;19:00;29.1;0;SOLEIL;3;0;0
Gap;44.56;6.07;08/08/2026;20:00;20.1;0;SOLEIL;2;0;0
Gap;44.56;6.07;08/08/2026;21:00;20.1;0;SOLEIL;2;0;0
Gap;44.56;6.07;08/08/2026;22:00;20.1;0;SOLEIL;2;0;0
Gap;44.56;6.07;08/08/2026;23:00;16.1;0;SOLEIL;1;0;0
Gap;44.56;6.07;09/08/2026;00:00;16.1;0;SOLEIL;1;0;0
Gap;44.56;6.07;09/08/2026;01:00;16.1;0;SOLEIL;1;0;0
Gap;44.56;6.07;09/08/2026;02:00;14.6;0;SOLEIL;0;0;0
Gap;44.56;6.07;09/08/2026;03:00;14.6;0;SOLEIL;0;0;0
Gap;44.56;6.07;09/08/2026;04:00;14.6;0;SOLEIL;0;0;0
Gap;44.56;6.07;09/08/2026;05:00;16.6;0;SOLEIL;2;0;0
Gap;44.56;6.07;09/08/2026;06:00;16.6;0;SOLEIL;2;0;0
Gap;44.56;6.07;09/08/2026;07:00;16.6;0;SOLEIL;2;0;0
Gap;44.56;6.07;09/08/2026;08:00;27.1;0;SOLEIL;3;0;0
Gap;44.56;6.07;09/08/2026;09:00;27.1;0;SOLEIL;3;0;0
Gap;44.56;6.07;09/08/2026;10:00;27.1;0;SOLEIL;3;0;0
Gap;44.56;6.07;09/08/2026;11:00;30.2;0;SOLEIL;3;0;0
Gap;44.56;6.07;09/08/2026;12:00;30.2;0;SOLEIL;3;0;0
Gap;44.56;6.07;09/08/2026;13:00;30.2;0;SOLEIL;3;0;0
Gap;44.56;6.07;09/08/2026;14:00;28.5;10;ORAGEUX;3;0;0
Gap;44.56;6.07;09/08/2026;15:00;28.5;10;ORAGEUX;3;0;0
Gap;44.56;6.07;09/08/2026;16:00;28.5;10;ORAGEUX;3;0;0
Gap;44.56;6.07;09/08/2026;17:00;24.1;10;ORAGEUX;2;0;0
Gap;44.56;6.07;09/08/2026;18:00;24.1;10;ORAGEUX;2;0;0
Gap;44.56;6.07;09/08/2026;19:00;24.1;10;ORAGEUX;2;0;0
Gap;44.56;6.07;09/08/2026;20:00;21.1;0;SOLEIL;5;0;0
Gap;44.56;6.07;09/08/2026;21:00;18.6;0;SOLEIL;5;0;0
Gap;44.56;6.07;09/08/2026;22:00;16.1;0;SOLEIL;5;0;0
Gap;44.56;6.07;09/08/2026;23:00;17;0;SOLEIL;0;0;0
Gap;44.56;6.07;10/08/2026;00:00;17;0;SOLEIL;0;0;0
Gap;44.56;6.07;10/08/2026;01:00;17;0;SOLEIL;0;0;0
Gap;44.56;6.07;10/08/2026;02:00;14.4;10;ORAGEUX;5;0;0
Gap;44.56;6.07;10/08/2026;03:00;14.4;10;ORAGEUX;5;0;0
Gap;44.56;6.07;10/08/2026;04:00;14.4;10;ORAGEUX;5;0;0
Gap;44.56;6.07;10/08/2026;05:00;17.1;0;SOLEIL;2;0;0
Gap;44.56;6.07;10/08/2026;06:00;17.1;0;SOLEIL;2;0;0
Gap;44.56;6.07;10/08/2026;07:00;17.1;0;SOLEIL;2;0;0
Gap;44.56;6.07;10/08/2026;08:00;18.0;10;ORAGEUX;5;0;0
Gap;44.56;6.07;10/08/2026;09:00;19.8;10;ORAGEUX;5;0;0
Gap;44.56;6.07;10/08/2026;10:00;21.6;10;ORAGEUX;5;0;0
Gap;44.56;6.07;10/08/2026;11:00;30.7;6;AVERSES;3;0;0
Gap;44.56;6.07;10/08/2026;12:00;30.7;6;AVERSES;3;0;0
Gap;44.56;6.07;10/08/2026;13:00;30.7;6;AVERSES;3;0;0
Gap;44.56;6.07;10/08/2026;14:00;28.9;10;ORAGEUX;5;0;0
Gap;44.56;6.07;10/08/2026;15:00;30.7;10;ORAGEUX;5;0;0
Gap;44.56;6.07;10/08/2026;16:00;28.9;10;ORAGEUX;5;0;0
Gap;44.56;6.07;10/08/2026;17:00;23.7;6;AVERSES;2;0;0
Gap;44.56;6.07;10/08/2026;18:00;23.7;6;AVERSES;2;0;0
Gap;44.56;6.07;10/08/2026;19:00;23.7;6;AVERSES;2;0;0
Gap;44.56;6.07;10/08/2026;20:00;21.6;10;ORAGEUX;5;0;0
Gap;44.56;6.07;10/08/2026;21:00;19.8;10;ORAGEUX;5;0;0
Gap;44.56;6.07;10/08/2026;22:00;18.0;10;ORAGEUX;5;0;0
Gap;44.56;6.07;10/08/2026;23:00;15.6;0;SOLEIL;0;0;0
Gap;44.56;6.07;11/08/2026;00:00;15.6;0;SOLEIL;0;0;0
Gap;44.56;6.07;11/08/2026;01:00;15.6;0;SOLEIL;0;0;0
Gap;44.56;6.07;11/08/2026;02:00;14.1;0;SOLEIL;5;0;0
Gap;44.56;6.07;11/08/2026;03:00;14.1;0;SOLEIL;5;0;0
Gap;44.56;6.07;11/08/2026;04:00;14.1;0;SOLEIL;5;0;0
Gap;44.56;6.07;11/08/2026;05:00;16.1;0;SOLEIL;1;0;0
Gap;44.56;6.07;11/08/2026;06:00;16.1;0;SOLEIL;1;0;0
Gap;44.56;6.07;11/08/2026;07:00;16.1;0;SOLEIL;1;0;0
Gap;44.56;6.07;11/08/2026;08:00;18.0;0;SOLEIL;5;0;0
Gap;44.56;6.07;11/08/2026;09:00;19.9;0;SOLEIL;5;0;0
Gap;44.56;6.07;11/08/2026;10:00;21.9;0;SOLEIL;5;0;0
Gap;44.56;6.07;11/08/2026;11:00;30.4;0;SOLEIL;3;0;0
Gap;44.56;6.07;11/08/2026;12:00;30.4;0;SOLEIL;3;0;0
Gap;44.56;6.07;11/08/2026;13:00;30.4;0;SOLEIL;3;0;0
Gap;44.56;6.07;11/08/2026;14:00;29.7;0;SOLEIL;5;0;0
Gap;44.56;6.07;11/08/2026;15:00;31.6;0;SOLEIL;5;0;0
Gap;44.56;6.07;11/08/2026;16:00;29.7;0;SOLEIL;5;0;0
Gap;44.56;6.07;11/08/2026;17:00;26.5;0;SOLEIL;3;0;0
Gap;44.56;6.07;11/08/2026;18:00;26.5;0;SOLEIL;3;0;0
Gap;44.56;6.07;11/08/2026;19:00;26.5;0;SOLEIL;3;0;0
Gap;44.56;6.07;11/08/2026;20:00;21.9;0;SOLEIL;5;0;0
Gap;44.56;6.07;11/08/2026;21:00;19.9;0;SOLEIL;5;0;0
Gap;44.56;6.07;11/08/2026;22:00;18.0;0;SOLEIL;5;0;0
Gap;44.56;6.07;11/08/2026;23:00;16;0;SOLEIL;0;0;0
Gap;44.56;6.07;12/08/2026;00:00;16;0;SOLEIL;0;0;0
Gap;44.56;6.07;12/08/2026;01:00;16;0;SOLEIL;0;0;0
Gap;44.56;6.07;12/08/2026;02:00;13.2;0;SOLEIL;5;0;0
Gap;44.56;6.07;12/08/2026;03:00;13.2;0;SOLEIL;5;0;0
Gap;44.56;6.07;12/08/2026;04:00;13.2;0;SOLEIL;5;0;0
Gap;44.56;6.07;12/08/2026;05:00;16.7;0;SOLEIL;1;0;0
Gap;44.56;6.07;12/08/2026;06:00;16.7;0;SOLEIL;1;0;0
Gap;44.56;6.07;12/08/2026;07:00;16.7;0;SOLEIL;1;0;0
Gap;44.56;6.07;12/08/2026;08:00;17.6;0;SOLEIL;5;0;0
Gap;44.56;6.07;12/08/2026;09:00;19.8;0;SOLEIL;5;0;0
Gap;44.56;6.07;12/08/2026;10:00;22.0;0;SOLEIL;5;0;0
Gap;44.56;6.07;12/08/2026;11:00;30.6;0;SOLEIL;3;0;0
Gap;44.56;6.07;12/08/2026;12:00;30.6;0;SOLEIL;3;0;0
Gap;44.56;6.07;12/08/2026;13:00;30.6;0;SOLEIL;3;0;0
Gap;44.56;6.07;12/08/2026;14:00;30.7;0;SOLEIL;5;0;0
Gap;44.56;6.07;12/08/2026;15:00;32.9;0;SOLEIL;5;0;0
Gap;44.56;6.07;12/08/2026;16:00;30.7;0;SOLEIL;5;0;0
Gap;44.56;6.07;12/08/2026;17:00;25.4;6;AVERSES;2;0;0
Gap;44.56;6.07;12/08/2026;18:00;25.4;6;AVERSES;2;0;0
Gap;44.56;6.07;12/08/2026;19:00;25.4;6;AVERSES;2;0;0
Gap;44.56;6.07;12/08/2026;20:00;22.0;0;SOLEIL;5;0;0
Gap;44.56;6.07;12/08/2026;21:00;19.8;0;SOLEIL;5;0;0
Gap;44.56;6.07;12/08/2026;22:00;17.6;0;SOLEIL;5;0;0
Gap;44.56;6.07;12/08/2026;23:00;16.5;0;SOLEIL;0;0;0
Vallouise;44.84;6.48;08/08/2026;00:00;19.9;0;SOLEIL;1;0;0
Vallouise;44.84;6.48;08/08/2026;01:00;19.9;0;SOLEIL;1;0;0
Vallouise;44.84;6.48;08/08/2026;02:00;18;0;SOLEIL;1;0;0
Vallouise;44.84;6.48;08/08/2026;03:00;18;0;SOLEIL;1;0;0
Vallouise;44.84;6.48;08/08/2026;04:00;18;0;SOLEIL;1;0;0
Vallouise;44.84;6.48;08/08/2026;05:00;20.6;0;SOLEIL;1;0;0
Vallouise;44.84;6.48;08/08/2026;06:00;20.6;0;SOLEIL;1;0;0
Vallouise;44.84;6.48;08/08/2026;07:00;20.6;0;SOLEIL;1;0;0
Vallouise;44.84;6.48;08/08/2026;08:00;28.9;0;SOLEIL;1;0;0
Vallouise;44.84;6.48;08/08/2026;09:00;28.9;0;SOLEIL;1;0;0
Vallouise;44.84;6.48;08/08/2026;10:00;28.9;0;SOLEIL;1;0;0
Vallouise;44.84;6.48;08/08/2026;11:00;33.4;0;SOLEIL;3;0;0
Vallouise;44.84;6.48;08/08/2026;12:00;33.4;0;SOLEIL;3;0;0
Vallouise;44.84;6.48;08/08/2026;13:00;33.4;0;SOLEIL;3;0;0
Vallouise;44.84;6.48;08/08/2026;14:00;35.6;0;SOLEIL;3;0;0
Vallouise;44.84;6.48;08/08/2026;15:00;35.6;0;SOLEIL;3;0;0
Vallouise;44.84;6.48;08/08/2026;16:00;35.6;0;SOLEIL;3;0;0
Vallouise;44.84;6.48;08/08/2026;17:00;30.2;0;SOLEIL;2;0;0
Vallouise;44.84;6.48;08/08/2026;18:00;30.2;0;SOLEIL;2;0;0
Vallouise;44.84;6.48;08/08/2026;19:00;30.2;0;SOLEIL;2;0;0
Vallouise;44.84;6.48;08/08/2026;20:00;24.9;0;SOLEIL;3;0;0
Vallouise;44.84;6.48;08/08/2026;21:00;24.9;0;SOLEIL;3;0;0
Vallouise;44.84;6.48;08/08/2026;22:00;24.9;0;SOLEIL;3;0;0
Vallouise;44.84;6.48;08/08/2026;23:00;21.5;0;SOLEIL;0;0;0
Vallouise;44.84;6.48;09/08/2026;00:00;21.5;0;SOLEIL;0;0;0
Vallouise;44.84;6.48;09/08/2026;01:00;21.5;0;SOLEIL;0;0;0
Vallouise;44.84;6.48;09/08/2026;02:00;19.4;0;SOLEIL;1;0;0
Vallouise;44.84;6.48;09/08/2026;03:00;19.4;0;SOLEIL;1;0;0
Vallouise;44.84;6.48;09/08/2026;04:00;19.4;0;SOLEIL;1;0;0
Vallouise;44.84;6.48;09/08/2026;05:00;22.1;0;SOLEIL;1;0;0
Vallouise;44.84;6.48;09/08/2026;06:00;22.1;0;SOLEIL;1;0;0
Vallouise;44.84;6.48;09/08/2026;07:00;22.1;0;SOLEIL;1;0;0
Vallouise;44.84;6.48;09/08/2026;08:00;27.6;0;SOLEIL;1;0;0
Vallouise;44.84;6.48;09/08/2026;09:00;27.6;0;SOLEIL;1;0;0
Vallouise;44.84;6.48;09/08/2026;10:00;27.6;0;SOLEIL;1;0;0
Vallouise;44.84;6.48;09/08/2026;11:00;33.1;0;SOLEIL;3;0;0
Vallouise;44.84;6.48;09/08/2026;12:00;33.1;0;SOLEIL;3;0;0
Vallouise;44.84;6.48;09/08/2026;13:00;33.1;0;SOLEIL;3;0;0
Vallouise;44.84;6.48;09/08/2026;14:00;30.2;10;ORAGEUX;3;0;0
Vallouise;44.84;6.48;09/08/2026;15:00;30.2;10;ORAGEUX;3;0;0
Vallouise;44.84;6.48;09/08/2026;16:00;30.2;10;ORAGEUX;3;0;0
Vallouise;44.84;6.48;09/08/2026;17:00;26.9;10;ORAGEUX;3;0;0
Vallouise;44.84;6.48;09/08/2026;18:00;26.9;10;ORAGEUX;3;0;0
Vallouise;44.84;6.48;09/08/2026;19:00;26.9;10;ORAGEUX;3;0;0
Vallouise;44.84;6.48;09/08/2026;20:00;25.5;0;SOLEIL;5;0;0
Vallouise;44.84;6.48;09/08/2026;21:00;23.4;0;SOLEIL;5;0;0
Vallouise;44.84;6.48;09/08/2026;22:00;21.3;0;SOLEIL;5;0;0
Vallouise;44.84;6.48;09/08/2026;23:00;21.2;0;SOLEIL;0;0;0
Vallouise;44.84;6.48;10/08/2026;00:00;21.2;0;SOLEIL;0;0;0
Vallouise;44.84;6.48;10/08/2026;01:00;21.2;0;SOLEIL;0;0;0
Vallouise;44.84;6.48;10/08/2026;02:00;18.7;10;ORAGEUX;5;0;0
Vallouise;44.84;6.48;10/08/2026;03:00;18.7;10;ORAGEUX;5;0;0
Vallouise;44.84;6.48;10/08/2026;04:00;18.7;10;ORAGEUX;5;0;0
Vallouise;44.84;6.48;10/08/2026;05:00;21.2;0;SOLEIL;1;0;0
Vallouise;44.84;6.48;10/08/2026;06:00;21.2;0;SOLEIL;1;0;0
Vallouise;44.84;6.48;10/08/2026;07:00;21.2;0;SOLEIL;1;0;0
Vallouise;44.84;6.48;10/08/2026;08:00;22.0;10;ORAGEUX;5;0;0
Vallouise;44.84;6.48;10/08/2026;09:00;23.6;10;ORAGEUX;5;0;0
Vallouise;44.84;6.48;10/08/2026;10:00;25.3;10;ORAGEUX;5;0;0
Vallouise;44.84;6.48;10/08/2026;11:00;32.6;6;AVERSES;3;0;0
Vallouise;44.84;6.48;10/08/2026;12:00;32.6;6;AVERSES;3;0;0
Vallouise;44.84;6.48;10/08/2026;13:00;32.6;6;AVERSES;3;0;0
Vallouise;44.84;6.48;10/08/2026;14:00;31.9;10;ORAGEUX;5;0;0
Vallouise;44.84;6.48;10/08/2026;15:00;33.5;10;ORAGEUX;5;0;0
Vallouise;44.84;6.48;10/08/2026;16:00;31.9;10;ORAGEUX;5;0;0
Vallouise;44.84;6.48;10/08/2026;17:00;26.4;6;AVERSES;1;0;0
Vallouise;44.84;6.48;10/08/2026;18:00;26.4;6;AVERSES;1;0;0
Vallouise;44.84;6.48;10/08/2026;19:00;26.4;6;AVERSES;1;0;0
Vallouise;44.84;6.48;10/08/2026;20:00;25.3;10;ORAGEUX;5;0;0
Vallouise;44.84;6.48;10/08/2026;21:00;23.6;10;ORAGEUX;5;0;0
Vallouise;44.84;6.48;10/08/2026;22:00;22.0;10;ORAGEUX;5;0;0
Vallouise;44.84;6.48;10/08/2026;23:00;21.1;0;SOLEIL;1;0;0
Vallouise;44.84;6.48;11/08/2026;00:00;21.1;0;SOLEIL;1;0;0
Vallouise;44.84;6.48;11/08/2026;01:00;21.1;0;SOLEIL;1;0;0
Vallouise;44.84;6.48;11/08/2026;02:00;19.1;0;SOLEIL;5;0;0
Vallouise;44.84;6.48;11/08/2026;03:00;19.1;0;SOLEIL;5;0;0
Vallouise;44.84;6.48;11/08/2026;04:00;19.1;0;SOLEIL;5;0;0
Vallouise;44.84;6.48;11/08/2026;05:00;20.9;0;SOLEIL;1;0;0
Vallouise;44.84;6.48;11/08/2026;06:00;20.9;0;SOLEIL;1;0;0
Vallouise;44.84;6.48;11/08/2026;07:00;20.9;0;SOLEIL;1;0;0
Vallouise;44.84;6.48;11/08/2026;08:00;22.3;0;SOLEIL;5;0;0
Vallouise;44.84;6.48;11/08/2026;09:00;24.0;0;SOLEIL;5;0;0
Vallouise;44.84;6.48;11/08/2026;10:00;25.6;0;SOLEIL;5;0;0
Vallouise;44.84;6.48;11/08/2026;11:00;33.9;0;SOLEIL;2;0;0
Vallouise;44.84;6.48;11/08/2026;12:00;33.9;0;SOLEIL;2;0;0
Vallouise;44.84;6.48;11/08/2026;13:00;33.9;0;SOLEIL;2;0;0
Vallouise;44.84;6.48;11/08/2026;14:00;32.1;0;SOLEIL;5;0;0
Vallouise;44.84;6.48;11/08/2026;15:00;33.7;0;SOLEIL;5;0;0
Vallouise;44.84;6.48;11/08/2026;16:00;32.1;0;SOLEIL;5;0;0
Vallouise;44.84;6.48;11/08/2026;17:00;27.1;0;SOLEIL;1;0;0
Vallouise;44.84;6.48;11/08/2026;18:00;27.1;0;SOLEIL;1;0;0
Vallouise;44.84;6.48;11/08/2026;19:00;27.1;0;SOLEIL;1;0;0
Vallouise;44.84;6.48;11/08/2026;20:00;25.6;0;SOLEIL;5;0;0
Vallouise;44.84;6.48;11/08/2026;21:00;24.0;0;SOLEIL;5;0;0
Vallouise;44.84;6.48;11/08/2026;22:00;22.3;0;SOLEIL;5;0;0
Vallouise;44.84;6.48;11/08/2026;23:00;22.2;0;SOLEIL;1;0;0
Vallouise;44.84;6.48;12/08/2026;00:00;22.2;0;SOLEIL;1;0;0
Vallouise;44.84;6.48;12/08/2026;01:00;22.2;0;SOLEIL;1;0;0
Vallouise;44.84;6.48;12/08/2026;02:00;18.6;0;SOLEIL;5;0;0
Vallouise;44.84;6.48;12/08/2026;03:00;18.6;0;SOLEIL;5;0;0
Vallouise;44.84;6.48;12/08/2026;04:00;18.6;0;SOLEIL;5;0;0
Vallouise;44.84;6.48;12/08/2026;05:00;21.7;0;SOLEIL;1;0;0
Vallouise;44.84;6.48;12/08/2026;06:00;21.7;0;SOLEIL;1;0;0
Vallouise;44.84;6.48;12/08/2026;07:00;21.7;0;SOLEIL;1;0;0
Vallouise;44.84;6.48;12/08/2026;08:00;22.4;0;SOLEIL;5;0;0
Vallouise;44.84;6.48;12/08/2026;09:00;24.3;0;SOLEIL;5;0;0
Vallouise;44.84;6.48;12/08/2026;10:00;26.2;0;SOLEIL;5;0;0
Vallouise;44.84;6.48;12/08/2026;11:00;33.6;0;SOLEIL;2;0;0
Vallouise;44.84;6.48;12/08/2026;12:00;33.6;0;SOLEIL;2;0;0
Vallouise;44.84;6.48;12/08/2026;13:00;33.6;0;SOLEIL;2;0;0
Vallouise;44.84;6.48;12/08/2026;14:00;33.8;0;SOLEIL;5;0;0
Vallouise;44.84;6.48;12/08/2026;15:00;35.7;0;SOLEIL;5;0;0
Vallouise;44.84;6.48;12/08/2026;16:00;33.8;0;SOLEIL;5;0;0
Vallouise;44.84;6.48;12/08/2026;17:00;26.7;0;SOLEIL;1;0;0
Vallouise;44.84;6.48;12/08/2026;18:00;26.7;0;SOLEIL;1;0;0
Vallouise;44.84;6.48;12/08/2026;19:00;26.7;0;SOLEIL;1;0;0
Vallouise;44.84;6.48;12/08/2026;20:00;26.2;0;SOLEIL;5;0;0
Vallouise;44.84;6.48;12/08/2026;21:00;24.3;0;SOLEIL;5;0;0
Vallouise;44.84;6.48;12/08/2026;22:00;22.4;0;SOLEIL;5;0;0
Vallouise;44.84;6.48;12/08/2026;23:00;23;0;SOLEIL;1;0;0
Cannes;43.55;7.01;08/08/2026;00:00;16.1;0;SOLEIL;0;0;0
Cannes;43.55;7.01;08/08/2026;01:00;16.1;0;SOLEIL;0;0;0
Cannes;43.55;7.01;08/08/2026;02:00;14.1;0;SOLEIL;0;0;0
Cannes;43.55;7.01;08/08/2026;03:00;14.1;0;SOLEIL;0;0;0
Cannes;43.55;7.01;08/08/2026;04:00;14.1;0;SOLEIL;0;0;0
Cannes;43.55;7.01;08/08/2026;05:00;14.9;0;SOLEIL;0;0;0
Cannes;43.55;7.01;08/08/2026;06:00;14.9;0;SOLEIL;0;0;0
Cannes;43.55;7.01;08/08/2026;07:00;14.9;0;SOLEIL;0;0;0
Cannes;43.55;7.01;08/08/2026;08:00;25.9;0;SOLEIL;2;0;0
Cannes;43.55;7.01;08/08/2026;09:00;25.9;0;SOLEIL;2;0;0
Cannes;43.55;7.01;08/08/2026;10:00;25.9;0;SOLEIL;2;0;0
Cannes;43.55;7.01;08/08/2026;11:00;32.1;0;SOLEIL;2;0;0
Cannes;43.55;7.01;08/08/2026;12:00;32.1;0;SOLEIL;2;0;0
Cannes;43.55;7.01;08/08/2026;13:00;32.1;0;SOLEIL;2;0;0
Cannes;43.55;7.01;08/08/2026;14:00;31.4;0;SOLEIL;2;0;0
Cannes;43.55;7.01;08/08/2026;15:00;31.4;0;SOLEIL;2;0;0
Cannes;43.55;7.01;08/08/2026;16:00;31.4;0;SOLEIL;2;0;0
Cannes;43.55;7.01;08/08/2026;17:00;23.7;0;SOLEIL;1;0;0
Cannes;43.55;7.01;08/08/2026;18:00;23.7;0;SOLEIL;1;0;0
Cannes;43.55;7.01;08/08/2026;19:00;23.7;0;SOLEIL;1;0;0
Cannes;43.55;7.01;08/08/2026;20:00;19.2;0;SOLEIL;0;0;0
Cannes;43.55;7.01;08/08/2026;21:00;19.2;0;SOLEIL;0;0;0
Cannes;43.55;7.01;08/08/2026;22:00;19.2;0;SOLEIL;0;0;0
Cannes;43.55;7.01;08/08/2026;23:00;17.1;0;SOLEIL;1;0;0
Cannes;43.55;7.01;09/08/2026;00:00;17.1;0;SOLEIL;1;0;0
Cannes;43.55;7.01;09/08/2026;01:00;17.1;0;SOLEIL;1;0;0
Cannes;43.55;7.01;09/08/2026;02:00;14.9;0;SOLEIL;0;0;0
Cannes;43.55;7.01;09/08/2026;03:00;14.9;0;SOLEIL;0;0;0
Cannes;43.55;7.01;09/08/2026;04:00;14.9;0;SOLEIL;0;0;0
Cannes;43.55;7.01;09/08/2026;05:00;15.7;0;SOLEIL;0;0;0
Cannes;43.55;7.01;09/08/2026;06:00;15.7;0;SOLEIL;0;0;0
Cannes;43.55;7.01;09/08/2026;07:00;15.7;0;SOLEIL;0;0;0
Cannes;43.55;7.01;09/08/2026;08:00;25.5;0;SOLEIL;2;0;0
Cannes;43.55;7.01;09/08/2026;09:00;25.5;0;SOLEIL;2;0;0
Cannes;43.55;7.01;09/08/2026;10:00;25.5;0;SOLEIL;2;0;0
Cannes;43.55;7.01;09/08/2026;11:00;28.5;0;SOLEIL;2;12;0
Cannes;43.55;7.01;09/08/2026;12:00;28.5;0;SOLEIL;2;12;0
Cannes;43.55;7.01;09/08/2026;13:00;28.5;0;SOLEIL;2;12;0
Cannes;43.55;7.01;09/08/2026;14:00;26.2;0;SOLEIL;2;11;0
Cannes;43.55;7.01;09/08/2026;15:00;26.2;0;SOLEIL;2;11;0
Cannes;43.55;7.01;09/08/2026;16:00;26.2;0;SOLEIL;2;11;0
Cannes;43.55;7.01;09/08/2026;17:00;20.6;5;SOLEIL VOILÉ;1;0;0
Cannes;43.55;7.01;09/08/2026;18:00;20.6;5;SOLEIL VOILÉ;1;0;0
Cannes;43.55;7.01;09/08/2026;19:00;20.6;5;SOLEIL VOILÉ;1;0;0
Cannes;43.55;7.01;09/08/2026;20:00;21.8;0;SOLEIL;5;0;0
Cannes;43.55;7.01;09/08/2026;21:00;19.5;0;SOLEIL;5;0;0
Cannes;43.55;7.01;09/08/2026;22:00;17.2;0;SOLEIL;5;0;0
Cannes;43.55;7.01;09/08/2026;23:00;16;0;SOLEIL;0;0;0
Cannes;43.55;7.01;10/08/2026;00:00;16;0;SOLEIL;0;0;0
Cannes;43.55;7.01;10/08/2026;01:00;16;0;SOLEIL;0;0;0
Cannes;43.55;7.01;10/08/2026;02:00;13.6;0;SOLEIL;5;0;0
Cannes;43.55;7.01;10/08/2026;03:00;13.6;0;SOLEIL;5;0;0
Cannes;43.55;7.01;10/08/2026;04:00;13.6;0;SOLEIL;5;0;0
Cannes;43.55;7.01;10/08/2026;05:00;14.6;0;SOLEIL;1;0;0
Cannes;43.55;7.01;10/08/2026;06:00;14.6;0;SOLEIL;1;0;0
Cannes;43.55;7.01;10/08/2026;07:00;14.6;0;SOLEIL;1;0;0
Cannes;43.55;7.01;10/08/2026;08:00;17.0;0;SOLEIL;5;0;0
Cannes;43.55;7.01;10/08/2026;09:00;18.8;0;SOLEIL;5;0;0
Cannes;43.55;7.01;10/08/2026;10:00;20.5;0;SOLEIL;5;0;0
Cannes;43.55;7.01;10/08/2026;11:00;28.6;6;AVERSES;3;0;0
Cannes;43.55;7.01;10/08/2026;12:00;28.6;6;AVERSES;3;0;0
Cannes;43.55;7.01;10/08/2026;13:00;28.6;6;AVERSES;3;0;0
Cannes;43.55;7.01;10/08/2026;14:00;27.4;0;SOLEIL;5;0;0
Cannes;43.55;7.01;10/08/2026;15:00;29.1;0;SOLEIL;5;0;0
Cannes;43.55;7.01;10/08/2026;16:00;27.4;0;SOLEIL;5;0;0
Cannes;43.55;7.01;10/08/2026;17:00;21.6;6;AVERSES;1;0;0
Cannes;43.55;7.01;10/08/2026;18:00;21.6;6;AVERSES;1;0;0
Cannes;43.55;7.01;10/08/2026;19:00;21.6;6;AVERSES;1;0;0
Cannes;43.55;7.01;10/08/2026;20:00;20.5;0;SOLEIL;5;0;0
Cannes;43.55;7.01;10/08/2026;21:00;18.8;0;SOLEIL;5;0;0
Cannes;43.55;7.01;10/08/2026;22:00;17.0;0;SOLEIL;5;0;0
Cannes;43.55;7.01;10/08/2026;23:00;15;0;SOLEIL;1;0;0
Cannes;43.55;7.01;11/08/2026;00:00;15;0;SOLEIL;1;0;0
Cannes;43.55;7.01;11/08/2026;01:00;15;0;SOLEIL;1;0;0
Cannes;43.55;7.01;11/08/2026;02:00;12.9;6;AVERSES;5;0;0
Cannes;43.55;7.01;11/08/2026;03:00;12.9;6;AVERSES;5;0;0
Cannes;43.55;7.01;11/08/2026;04:00;12.9;6;AVERSES;5;0;0
Cannes;43.55;7.01;11/08/2026;05:00;14.6;0;SOLEIL;1;0;0
Cannes;43.55;7.01;11/08/2026;06:00;14.6;0;SOLEIL;1;0;0
Cannes;43.55;7.01;11/08/2026;07:00;14.6;0;SOLEIL;1;0;0
Cannes;43.55;7.01;11/08/2026;08:00;16.6;6;AVERSES;5;0;0
Cannes;43.55;7.01;11/08/2026;09:00;18.4;6;AVERSES;5;0;0
Cannes;43.55;7.01;11/08/2026;10:00;20.3;6;AVERSES;5;0;0
Cannes;43.55;7.01;11/08/2026;11:00;30.7;6;AVERSES;2;0;0
Cannes;43.55;7.01;11/08/2026;12:00;30.7;6;AVERSES;2;0;0
Cannes;43.55;7.01;11/08/2026;13:00;30.7;6;AVERSES;2;0;0
Cannes;43.55;7.01;11/08/2026;14:00;27.7;6;AVERSES;5;0;0
Cannes;43.55;7.01;11/08/2026;15:00;29.5;6;AVERSES;5;0;0
Cannes;43.55;7.01;11/08/2026;16:00;27.7;6;AVERSES;5;0;0
Cannes;43.55;7.01;11/08/2026;17:00;22.2;6;AVERSES;1;0;0
Cannes;43.55;7.01;11/08/2026;18:00;22.2;6;AVERSES;1;0;0
Cannes;43.55;7.01;11/08/2026;19:00;22.2;6;AVERSES;1;0;0
Cannes;43.55;7.01;11/08/2026;20:00;20.3;6;AVERSES;5;0;0
Cannes;43.55;7.01;11/08/2026;21:00;18.4;6;AVERSES;5;0;0
Cannes;43.55;7.01;11/08/2026;22:00;16.6;6;AVERSES;5;0;0
Cannes;43.55;7.01;11/08/2026;23:00;15.9;0;SOLEIL;1;0;0
Cannes;43.55;7.01;12/08/2026;00:00;15.9;0;SOLEIL;1;0;0
Cannes;43.55;7.01;12/08/2026;01:00;15.9;0;SOLEIL;1;0;0
Cannes;43.55;7.01;12/08/2026;02:00;12.5;0;SOLEIL;5;0;0
Cannes;43.55;7.01;12/08/2026;03:00;12.5;0;SOLEIL;5;0;0
Cannes;43.55;7.01;12/08/2026;04:00;12.5;0;SOLEIL;5;0;0
Cannes;43.55;7.01;12/08/2026;05:00;15.6;0;SOLEIL;1;0;0
Cannes;43.55;7.01;12/08/2026;06:00;15.6;0;SOLEIL;1;0;0
Cannes;43.55;7.01;12/08/2026;07:00;15.6;0;SOLEIL;1;0;0
Cannes;43.55;7.01;12/08/2026;08:00;16.7;0;SOLEIL;5;0;0
Cannes;43.55;7.01;12/08/2026;09:00;18.9;0;SOLEIL;5;0;0
Cannes;43.55;7.01;12/08/2026;10:00;21.0;0;SOLEIL;5;0;0
Cannes;43.55;7.01;12/08/2026;11:00;30.1;6;AVERSES;2;0;0
Cannes;43.55;7.01;12/08/2026;12:00;30.1;6;AVERSES;2;0;0
Cannes;43.55;7.01;12/08/2026;13:00;30.1;6;AVERSES;2;0;0
Cannes;43.55;7.01;12/08/2026;14:00;29.5;0;SOLEIL;5;0;0
Cannes;43.55;7.01;12/08/2026;15:00;31.6;0;SOLEIL;5;0;0
Cannes;43.55;7.01;12/08/2026;16:00;29.5;0;SOLEIL;5;0;0
Cannes;43.55;7.01;12/08/2026;17:00;23.1;6;AVERSES;0;0;0
Cannes;43.55;7.01;12/08/2026;18:00;23.1;6;AVERSES;0;0;0
Cannes;43.55;7.01;12/08/2026;19:00;23.1;6;AVERSES;0;0;0
Cannes;43.55;7.01;12/08/2026;20:00;21.0;0;SOLEIL;5;0;0
Cannes;43.55;7.01;12/08/2026;21:00;18.9;0;SOLEIL;5;0;0
Cannes;43.55;7.01;12/08/2026;22:00;16.7;0;SOLEIL;5;0;0
Cannes;43.55;7.01;12/08/2026;23:00;16.1;0;SOLEIL;1;0;0
Nice;43.71;7.26;08/08/2026;00:00;27;0;SOLEIL;2;0;0
Nice;43.71;7.26;08/08/2026;01:00;27;0;SOLEIL;2;0;0
Nice;43.71;7.26;08/08/2026;02:00;23.2;0;SOLEIL;2;0;0
Nice;43.71;7.26;08/08/2026;03:00;23.2;0;SOLEIL;2;0;0
Nice;43.71;7.26;08/08/2026;04:00;23.2;0;SOLEIL;2;0;0
Nice;43.71;7.26;08/08/2026;05:00;24.1;0;SOLEIL;1;0;0
Nice;43.71;7.26;08/08/2026;06:00;24.1;0;SOLEIL;1;0;0
Nice;43.71;7.26;08/08/2026;07:00;24.1;0;SOLEIL;1;0;0
Nice;43.71;7.26;08/08/2026;08:00;30.6;0;SOLEIL;3;0;0
Nice;43.71;7.26;08/08/2026;09:00;30.6;0;SOLEIL;3;0;0
Nice;43.71;7.26;08/08/2026;10:00;30.6;0;SOLEIL;3;0;0
Nice;43.71;7.26;08/08/2026;11:00;30.6;0;SOLEIL;5;0;0
Nice;43.71;7.26;08/08/2026;12:00;30.6;0;SOLEIL;5;0;0
Nice;43.71;7.26;08/08/2026;13:00;30.6;0;SOLEIL;5;0;0
Nice;43.71;7.26;08/08/2026;14:00;30.9;0;SOLEIL;4;0;0
Nice;43.71;7.26;08/08/2026;15:00;30.9;0;SOLEIL;4;0;0
Nice;43.71;7.26;08/08/2026;16:00;30.9;0;SOLEIL;4;0;0
Nice;43.71;7.26;08/08/2026;17:00;29.4;0;SOLEIL;3;0;0
Nice;43.71;7.26;08/08/2026;18:00;29.4;0;SOLEIL;3;0;0
Nice;43.71;7.26;08/08/2026;19:00;29.4;0;SOLEIL;3;0;0
Nice;43.71;7.26;08/08/2026;20:00;26.2;0;SOLEIL;1;0;0
Nice;43.71;7.26;08/08/2026;21:00;26.2;0;SOLEIL;1;0;0
Nice;43.71;7.26;08/08/2026;22:00;26.2;0;SOLEIL;1;0;0
Nice;43.71;7.26;08/08/2026;23:00;24.1;0;SOLEIL;1;0;0
Nice;43.71;7.26;09/08/2026;00:00;24.1;0;SOLEIL;1;0;0
Nice;43.71;7.26;09/08/2026;01:00;24.1;0;SOLEIL;1;0;0
Nice;43.71;7.26;09/08/2026;02:00;23.2;0;SOLEIL;1;0;0
Nice;43.71;7.26;09/08/2026;03:00;23.2;0;SOLEIL;1;0;0
Nice;43.71;7.26;09/08/2026;04:00;23.2;0;SOLEIL;1;0;0
Nice;43.71;7.26;09/08/2026;05:00;25.1;0;SOLEIL;1;0;0
Nice;43.71;7.26;09/08/2026;06:00;25.1;0;SOLEIL;1;0;0
Nice;43.71;7.26;09/08/2026;07:00;25.1;0;SOLEIL;1;0;0
Nice;43.71;7.26;09/08/2026;08:00;32.1;0;SOLEIL;2;0;0
Nice;43.71;7.26;09/08/2026;09:00;32.1;0;SOLEIL;2;0;0
Nice;43.71;7.26;09/08/2026;10:00;32.1;0;SOLEIL;2;0;0
Nice;43.71;7.26;09/08/2026;11:00;32.1;0;SOLEIL;4;0;0
Nice;43.71;7.26;09/08/2026;12:00;32.1;0;SOLEIL;4;0;0
Nice;43.71;7.26;09/08/2026;13:00;32.1;0;SOLEIL;4;0;0
Nice;43.71;7.26;09/08/2026;14:00;32.1;0;SOLEIL;3;0;0
Nice;43.71;7.26;09/08/2026;15:00;32.1;0;SOLEIL;3;0;0
Nice;43.71;7.26;09/08/2026;16:00;32.1;0;SOLEIL;3;0;0
Nice;43.71;7.26;09/08/2026;17:00;30.1;0;SOLEIL;3;0;0
Nice;43.71;7.26;09/08/2026;18:00;30.1;0;SOLEIL;3;0;0
Nice;43.71;7.26;09/08/2026;19:00;30.1;0;SOLEIL;3;0;0
Nice;43.71;7.26;09/08/2026;20:00;26.1;0;SOLEIL;5;0;0
Nice;43.71;7.26;09/08/2026;21:00;25.1;0;SOLEIL;5;0;0
Nice;43.71;7.26;09/08/2026;22:00;24.0;0;SOLEIL;5;0;0
Nice;43.71;7.26;09/08/2026;23:00;24.9;0;SOLEIL;1;0;0
Nice;43.71;7.26;10/08/2026;00:00;24.9;0;SOLEIL;1;0;0
Nice;43.71;7.26;10/08/2026;01:00;24.9;0;SOLEIL;1;0;0
Nice;43.71;7.26;10/08/2026;02:00;22.6;0;SOLEIL;5;0;0
Nice;43.71;7.26;10/08/2026;03:00;22.6;0;SOLEIL;5;0;0
Nice;43.71;7.26;10/08/2026;04:00;22.6;0;SOLEIL;5;0;0
Nice;43.71;7.26;10/08/2026;05:00;24.6;0;SOLEIL;2;0;0
Nice;43.71;7.26;10/08/2026;06:00;24.6;0;SOLEIL;2;0;0
Nice;43.71;7.26;10/08/2026;07:00;24.6;0;SOLEIL;2;0;0
Nice;43.71;7.26;10/08/2026;08:00;25.0;0;SOLEIL;5;0;0
Nice;43.71;7.26;10/08/2026;09:00;26.1;0;SOLEIL;5;0;0
Nice;43.71;7.26;10/08/2026;10:00;27.3;0;SOLEIL;5;0;0
Nice;43.71;7.26;10/08/2026;11:00;32.1;0;SOLEIL;5;0;0
Nice;43.71;7.26;10/08/2026;12:00;32.1;0;SOLEIL;5;0;0
Nice;43.71;7.26;10/08/2026;13:00;32.1;0;SOLEIL;5;0;0
Nice;43.71;7.26;10/08/2026;14:00;32.0;0;SOLEIL;5;0;0
Nice;43.71;7.26;10/08/2026;15:00;33.2;0;SOLEIL;5;0;0
Nice;43.71;7.26;10/08/2026;16:00;32.0;0;SOLEIL;5;0;0
Nice;43.71;7.26;10/08/2026;17:00;30;0;SOLEIL;3;0;0
Nice;43.71;7.26;10/08/2026;18:00;30;0;SOLEIL;3;0;0
Nice;43.71;7.26;10/08/2026;19:00;30;0;SOLEIL;3;0;0
Nice;43.71;7.26;10/08/2026;20:00;27.3;0;SOLEIL;5;0;0
Nice;43.71;7.26;10/08/2026;21:00;26.1;0;SOLEIL;5;0;0
Nice;43.71;7.26;10/08/2026;22:00;25.0;0;SOLEIL;5;0;0
Nice;43.71;7.26;10/08/2026;23:00;24.1;0;SOLEIL;2;0;0
Nice;43.71;7.26;11/08/2026;00:00;24.1;0;SOLEIL;2;0;0
Nice;43.71;7.26;11/08/2026;01:00;24.1;0;SOLEIL;2;0;0
Nice;43.71;7.26;11/08/2026;02:00;22.4;0;SOLEIL;5;0;0
Nice;43.71;7.26;11/08/2026;03:00;22.4;0;SOLEIL;5;0;0
Nice;43.71;7.26;11/08/2026;04:00;22.4;0;SOLEIL;5;0;0
Nice;43.71;7.26;11/08/2026;05:00;24.1;0;SOLEIL;1;0;0
Nice;43.71;7.26;11/08/2026;06:00;24.1;0;SOLEIL;1;0;0
Nice;43.71;7.26;11/08/2026;07:00;24.1;0;SOLEIL;1;0;0
Nice;43.71;7.26;11/08/2026;08:00;24.9;0;SOLEIL;5;0;0
Nice;43.71;7.26;11/08/2026;09:00;26.1;0;SOLEIL;5;0;0
Nice;43.71;7.26;11/08/2026;10:00;27.4;0;SOLEIL;5;0;0
Nice;43.71;7.26;11/08/2026;11:00;31.6;0;SOLEIL;3;0;0
Nice;43.71;7.26;11/08/2026;12:00;31.6;0;SOLEIL;3;0;0
Nice;43.71;7.26;11/08/2026;13:00;31.6;0;SOLEIL;3;0;0
Nice;43.71;7.26;11/08/2026;14:00;32.4;0;SOLEIL;5;0;0
Nice;43.71;7.26;11/08/2026;15:00;33.6;0;SOLEIL;5;0;0
Nice;43.71;7.26;11/08/2026;16:00;32.4;0;SOLEIL;5;0;0
Nice;43.71;7.26;11/08/2026;17:00;29.5;0;SOLEIL;2;0;0
Nice;43.71;7.26;11/08/2026;18:00;29.5;0;SOLEIL;2;0;0
Nice;43.71;7.26;11/08/2026;19:00;29.5;0;SOLEIL;2;0;0
Nice;43.71;7.26;11/08/2026;20:00;27.4;0;SOLEIL;5;0;0
Nice;43.71;7.26;11/08/2026;21:00;26.1;0;SOLEIL;5;0;0
Nice;43.71;7.26;11/08/2026;22:00;24.9;0;SOLEIL;5;0;0
Nice;43.71;7.26;11/08/2026;23:00;24.1;0;SOLEIL;1;0;0
Nice;43.71;7.26;12/08/2026;00:00;24.1;0;SOLEIL;1;0;0
Nice;43.71;7.26;12/08/2026;01:00;24.1;0;SOLEIL;1;0;0
Nice;43.71;7.26;12/08/2026;02:00;21.7;0;SOLEIL;5;0;0
Nice;43.71;7.26;12/08/2026;03:00;21.7;0;SOLEIL;5;0;0
Nice;43.71;7.26;12/08/2026;04:00;21.7;0;SOLEIL;5;0;0
Nice;43.71;7.26;12/08/2026;05:00;24.9;0;SOLEIL;1;0;0
Nice;43.71;7.26;12/08/2026;06:00;24.9;0;SOLEIL;1;0;0
Nice;43.71;7.26;12/08/2026;07:00;24.9;0;SOLEIL;1;0;0
Nice;43.71;7.26;12/08/2026;08:00;24.1;0;SOLEIL;5;0;0
Nice;43.71;7.26;12/08/2026;09:00;25.4;0;SOLEIL;5;0;0
Nice;43.71;7.26;12/08/2026;10:00;26.6;0;SOLEIL;5;0;0
Nice;43.71;7.26;12/08/2026;11:00;33;0;SOLEIL;3;0;0
Nice;43.71;7.26;12/08/2026;12:00;33;0;SOLEIL;3;0;0
Nice;43.71;7.26;12/08/2026;13:00;33;0;SOLEIL;3;0;0
Nice;43.71;7.26;12/08/2026;14:00;31.5;0;SOLEIL;5;0;0
Nice;43.71;7.26;12/08/2026;15:00;32.7;0;SOLEIL;5;0;0
Nice;43.71;7.26;12/08/2026;16:00;31.5;0;SOLEIL;5;0;0
Nice;43.71;7.26;12/08/2026;17:00;31.1;0;SOLEIL;2;0;0
Nice;43.71;7.26;12/08/2026;18:00;31.1;0;SOLEIL;2;0;0
Nice;43.71;7.26;12/08/2026;19:00;31.1;0;SOLEIL;2;0;0
Nice;43.71;7.26;12/08/2026;20:00;26.6;0;SOLEIL;5;0;0
Nice;43.71;7.26;12/08/2026;21:00;25.4;0;SOLEIL;5;0;0
Nice;43.71;7.26;12/08/2026;22:00;24.1;0;SOLEIL;5;0;0
Nice;43.71;7.26;12/08/2026;23:00;24.6;0;SOLEIL;2;0;0
Puget-Théniers;43.95;6.89;08/08/2026;00:00;27.1;0;SOLEIL;2;0;0
Puget-Théniers;43.95;6.89;08/08/2026;01:00;27.1;0;SOLEIL;2;0;0
Puget-Théniers;43.95;6.89;08/08/2026;02:00;27.1;0;SOLEIL;2;0;0
Puget-Théniers;43.95;6.89;08/08/2026;03:00;27.1;0;SOLEIL;2;0;0
Puget-Théniers;43.95;6.89;08/08/2026;04:00;27.1;0;SOLEIL;2;0;0
Puget-Théniers;43.95;6.89;08/08/2026;05:00;27.4;0;SOLEIL;2;0;0
Puget-Théniers;43.95;6.89;08/08/2026;06:00;27.4;0;SOLEIL;2;0;0
Puget-Théniers;43.95;6.89;08/08/2026;07:00;27.4;0;SOLEIL;2;0;0
Puget-Théniers;43.95;6.89;08/08/2026;08:00;29.6;0;SOLEIL;3;0;0
Puget-Théniers;43.95;6.89;08/08/2026;09:00;29.6;0;SOLEIL;3;0;0
Puget-Théniers;43.95;6.89;08/08/2026;10:00;29.6;0;SOLEIL;3;0;0
Puget-Théniers;43.95;6.89;08/08/2026;11:00;30.1;0;SOLEIL;3;0;0
Puget-Théniers;43.95;6.89;08/08/2026;12:00;30.1;0;SOLEIL;3;0;0
Puget-Théniers;43.95;6.89;08/08/2026;13:00;30.1;0;SOLEIL;3;0;0
Puget-Théniers;43.95;6.89;08/08/2026;14:00;30.5;0;SOLEIL;3;0;0
Puget-Théniers;43.95;6.89;08/08/2026;15:00;30.5;0;SOLEIL;3;0;0
Puget-Théniers;43.95;6.89;08/08/2026;16:00;30.5;0;SOLEIL;3;0;0
Puget-Théniers;43.95;6.89;08/08/2026;17:00;29.7;0;SOLEIL;2;0;0
Puget-Théniers;43.95;6.89;08/08/2026;18:00;29.7;0;SOLEIL;2;0;0
Puget-Théniers;43.95;6.89;08/08/2026;19:00;29.7;0;SOLEIL;2;0;0
Puget-Théniers;43.95;6.89;08/08/2026;20:00;29;0;SOLEIL;1;0;0
Puget-Théniers;43.95;6.89;08/08/2026;21:00;29;0;SOLEIL;1;0;0
Puget-Théniers;43.95;6.89;08/08/2026;22:00;29;0;SOLEIL;1;0;0
Puget-Théniers;43.95;6.89;08/08/2026;23:00;28.1;0;SOLEIL;2;0;0
Puget-Théniers;43.95;6.89;09/08/2026;00:00;28.1;0;SOLEIL;2;0;0
Puget-Théniers;43.95;6.89;09/08/2026;01:00;28.1;0;SOLEIL;2;0;0
Puget-Théniers;43.95;6.89;09/08/2026;02:00;27;0;SOLEIL;3;0;0
Puget-Théniers;43.95;6.89;09/08/2026;03:00;27;0;SOLEIL;3;0;0
Puget-Théniers;43.95;6.89;09/08/2026;04:00;27;0;SOLEIL;3;0;0
Puget-Théniers;43.95;6.89;09/08/2026;05:00;28.1;0;SOLEIL;2;0;0
Puget-Théniers;43.95;6.89;09/08/2026;06:00;28.1;0;SOLEIL;2;0;0
Puget-Théniers;43.95;6.89;09/08/2026;07:00;28.1;0;SOLEIL;2;0;0
Puget-Théniers;43.95;6.89;09/08/2026;08:00;30.7;0;SOLEIL;3;0;0
Puget-Théniers;43.95;6.89;09/08/2026;09:00;30.7;0;SOLEIL;3;0;0
Puget-Théniers;43.95;6.89;09/08/2026;10:00;30.7;0;SOLEIL;3;0;0
Puget-Théniers;43.95;6.89;09/08/2026;11:00;30.9;0;SOLEIL;3;0;0
Puget-Théniers;43.95;6.89;09/08/2026;12:00;30.9;0;SOLEIL;3;0;0
Puget-Théniers;43.95;6.89;09/08/2026;13:00;30.9;0;SOLEIL;3;0;0
Puget-Théniers;43.95;6.89;09/08/2026;14:00;31;0;SOLEIL;3;0;0
Puget-Théniers;43.95;6.89;09/08/2026;15:00;31;0;SOLEIL;3;0;0
Puget-Théniers;43.95;6.89;09/08/2026;16:00;31;0;SOLEIL;3;0;0
Puget-Théniers;43.95;6.89;09/08/2026;17:00;30.2;0;SOLEIL;2;0;0
Puget-Théniers;43.95;6.89;09/08/2026;18:00;30.2;0;SOLEIL;2;0;0
Puget-Théniers;43.95;6.89;09/08/2026;19:00;30.2;0;SOLEIL;2;0;0
Puget-Théniers;43.95;6.89;09/08/2026;20:00;28.3;0;SOLEIL;5;0;0
Puget-Théniers;43.95;6.89;09/08/2026;21:00;27.7;0;SOLEIL;5;0;0
Puget-Théniers;43.95;6.89;09/08/2026;22:00;27.1;0;SOLEIL;5;0;0
Puget-Théniers;43.95;6.89;09/08/2026;23:00;28.4;0;SOLEIL;2;0;0
Puget-Théniers;43.95;6.89;10/08/2026;00:00;28.4;0;SOLEIL;2;0;0
Puget-Théniers;43.95;6.89;10/08/2026;01:00;28.4;0;SOLEIL;2;0;0
Puget-Théniers;43.95;6.89;10/08/2026;02:00;25.5;0;SOLEIL;5;0;0
Puget-Théniers;43.95;6.89;10/08/2026;03:00;25.5;0;SOLEIL;5;0;0
Puget-Théniers;43.95;6.89;10/08/2026;04:00;25.5;0;SOLEIL;5;0;0
Puget-Théniers;43.95;6.89;10/08/2026;05:00;28.1;0;SOLEIL;3;0;0
Puget-Théniers;43.95;6.89;10/08/2026;06:00;28.1;0;SOLEIL;3;0;0
Puget-Théniers;43.95;6.89;10/08/2026;07:00;28.1;0;SOLEIL;3;0;0
Puget-Théniers;43.95;6.89;10/08/2026;08:00;26.9;0;SOLEIL;5;0;0
Puget-Théniers;43.95;6.89;10/08/2026;09:00;27.7;0;SOLEIL;5;0;0
Puget-Théniers;43.95;6.89;10/08/2026;10:00;28.4;0;SOLEIL;5;0;0
Puget-Théniers;43.95;6.89;10/08/2026;11:00;30.9;6;AVERSES;2;0;0
Puget-Théniers;43.95;6.89;10/08/2026;12:00;30.9;6;AVERSES;2;0;0
Puget-Théniers;43.95;6.89;10/08/2026;13:00;30.9;6;AVERSES;2;0;0
Puget-Théniers;43.95;6.89;10/08/2026;14:00;31.3;0;SOLEIL;5;0;0
Puget-Théniers;43.95;6.89;10/08/2026;15:00;32.0;0;SOLEIL;5;0;0
Puget-Théniers;43.95;6.89;10/08/2026;16:00;31.3;0;SOLEIL;5;0;0
Puget-Théniers;43.95;6.89;10/08/2026;17:00;30.1;6;AVERSES;1;0;0
Puget-Théniers;43.95;6.89;10/08/2026;18:00;30.1;6;AVERSES;1;0;0
Puget-Théniers;43.95;6.89;10/08/2026;19:00;30.1;6;AVERSES;1;0;0
Puget-Théniers;43.95;6.89;10/08/2026;20:00;28.4;0;SOLEIL;5;0;0
Puget-Théniers;43.95;6.89;10/08/2026;21:00;27.7;0;SOLEIL;5;0;0
Puget-Théniers;43.95;6.89;10/08/2026;22:00;26.9;0;SOLEIL;5;0;0
Puget-Théniers;43.95;6.89;10/08/2026;23:00;28.1;0;SOLEIL;2;0;0
Puget-Théniers;43.95;6.89;11/08/2026;00:00;28.1;0;SOLEIL;2;0;0
Puget-Théniers;43.95;6.89;11/08/2026;01:00;28.1;0;SOLEIL;2;0;0
Puget-Théniers;43.95;6.89;11/08/2026;02:00;27.1;6;AVERSES;5;0;0
Puget-Théniers;43.95;6.89;11/08/2026;03:00;27.1;6;AVERSES;5;0;0
Puget-Théniers;43.95;6.89;11/08/2026;04:00;27.1;6;AVERSES;5;0;0
Puget-Théniers;43.95;6.89;11/08/2026;05:00;27.7;0;SOLEIL;0;0;0
Puget-Théniers;43.95;6.89;11/08/2026;06:00;27.7;0;SOLEIL;0;0;0
Puget-Théniers;43.95;6.89;11/08/2026;07:00;27.7;0;SOLEIL;0;0;0
Puget-Théniers;43.95;6.89;11/08/2026;08:00;28.2;6;AVERSES;5;0;0
Puget-Théniers;43.95;6.89;11/08/2026;09:00;28.7;6;AVERSES;5;0;0
Puget-Théniers;43.95;6.89;11/08/2026;10:00;29.3;6;AVERSES;5;0;0
Puget-Théniers;43.95;6.89;11/08/2026;11:00;30.7;0;SOLEIL;3;0;0
Puget-Théniers;43.95;6.89;11/08/2026;12:00;30.7;0;SOLEIL;3;0;0
Puget-Théniers;43.95;6.89;11/08/2026;13:00;30.7;0;SOLEIL;3;0;0
Puget-Théniers;43.95;6.89;11/08/2026;14:00;31.5;6;AVERSES;5;0;0
Puget-Théniers;43.95;6.89;11/08/2026;15:00;32.0;6;AVERSES;5;0;0
Puget-Théniers;43.95;6.89;11/08/2026;16:00;31.5;6;AVERSES;5;0;0
Puget-Théniers;43.95;6.89;11/08/2026;17:00;29.9;0;SOLEIL;1;0;0
Puget-Théniers;43.95;6.89;11/08/2026;18:00;29.9;0;SOLEIL;1;0;0
Puget-Théniers;43.95;6.89;11/08/2026;19:00;29.9;0;SOLEIL;1;0;0
Puget-Théniers;43.95;6.89;11/08/2026;20:00;29.3;6;AVERSES;5;0;0
Puget-Théniers;43.95;6.89;11/08/2026;21:00;28.7;6;AVERSES;5;0;0
Puget-Théniers;43.95;6.89;11/08/2026;22:00;28.2;6;AVERSES;5;0;0
Puget-Théniers;43.95;6.89;11/08/2026;23:00;29;0;SOLEIL;3;0;0
Puget-Théniers;43.95;6.89;12/08/2026;00:00;29;0;SOLEIL;3;0;0
Puget-Théniers;43.95;6.89;12/08/2026;01:00;29;0;SOLEIL;3;0;0
Puget-Théniers;43.95;6.89;12/08/2026;02:00;26.6;0;SOLEIL;5;0;0
Puget-Théniers;43.95;6.89;12/08/2026;03:00;26.6;0;SOLEIL;5;0;0
Puget-Théniers;43.95;6.89;12/08/2026;04:00;26.6;0;SOLEIL;5;0;0
Puget-Théniers;43.95;6.89;12/08/2026;05:00;28.9;0;SOLEIL;3;0;0
Puget-Théniers;43.95;6.89;12/08/2026;06:00;28.9;0;SOLEIL;3;0;0
Puget-Théniers;43.95;6.89;12/08/2026;07:00;28.9;0;SOLEIL;3;0;0
Puget-Théniers;43.95;6.89;12/08/2026;08:00;27.7;0;SOLEIL;5;0;0
Puget-Théniers;43.95;6.89;12/08/2026;09:00;28.2;0;SOLEIL;5;0;0
Puget-Théniers;43.95;6.89;12/08/2026;10:00;28.8;0;SOLEIL;5;0;0
Puget-Théniers;43.95;6.89;12/08/2026;11:00;31.4;0;SOLEIL;3;0;0
Puget-Théniers;43.95;6.89;12/08/2026;12:00;31.4;0;SOLEIL;3;0;0
Puget-Théniers;43.95;6.89;12/08/2026;13:00;31.4;0;SOLEIL;3;0;0
Puget-Théniers;43.95;6.89;12/08/2026;14:00;31.0;0;SOLEIL;5;0;0
Puget-Théniers;43.95;6.89;12/08/2026;15:00;31.5;0;SOLEIL;5;0;0
Puget-Théniers;43.95;6.89;12/08/2026;16:00;31.0;0;SOLEIL;5;0;0
Puget-Théniers;43.95;6.89;12/08/2026;17:00;31.1;0;SOLEIL;1;0;0
Puget-Théniers;43.95;6.89;12/08/2026;18:00;31.1;0;SOLEIL;1;0;0
Puget-Théniers;43.95;6.89;12/08/2026;19:00;31.1;0;SOLEIL;1;0;0
Puget-Théniers;43.95;6.89;12/08/2026;20:00;28.8;0;SOLEIL;5;0;0
Puget-Théniers;43.95;6.89;12/08/2026;21:00;28.2;0;SOLEIL;5;0;0
Puget-Théniers;43.95;6.89;12/08/2026;22:00;27.7;0;SOLEIL;5;0;0
Puget-Théniers;43.95;6.89;12/08/2026;23:00;30.5;0;SOLEIL;3;0;0
Tende;44.08;7.59;08/08/2026;00:00;22.1;0;SOLEIL;1;0;0
Tende;44.08;7.59;08/08/2026;01:00;22.1;0;SOLEIL;1;0;0
Tende;44.08;7.59;08/08/2026;02:00;20.6;0;SOLEIL;1;0;0
Tende;44.08;7.59;08/08/2026;03:00;20.6;0;SOLEIL;1;0;0
Tende;44.08;7.59;08/08/2026;04:00;20.6;0;SOLEIL;1;0;0
Tende;44.08;7.59;08/08/2026;05:00;21;0;SOLEIL;1;0;0
Tende;44.08;7.59;08/08/2026;06:00;21;0;SOLEIL;1;0;0
Tende;44.08;7.59;08/08/2026;07:00;21;0;SOLEIL;1;0;0
Tende;44.08;7.59;08/08/2026;08:00;30.2;0;SOLEIL;1;0;0
Tende;44.08;7.59;08/08/2026;09:00;30.2;0;SOLEIL;1;0;0
Tende;44.08;7.59;08/08/2026;10:00;30.2;0;SOLEIL;1;0;0
Tende;44.08;7.59;08/08/2026;11:00;35.3;0;SOLEIL;3;0;0
Tende;44.08;7.59;08/08/2026;12:00;35.3;0;SOLEIL;3;0;0
Tende;44.08;7.59;08/08/2026;13:00;35.3;0;SOLEIL;3;0;0
Tende;44.08;7.59;08/08/2026;14:00;32.5;10;ORAGEUX;2;0;0
Tende;44.08;7.59;08/08/2026;15:00;32.5;10;ORAGEUX;2;0;0
Tende;44.08;7.59;08/08/2026;16:00;32.5;10;ORAGEUX;2;0;0
Tende;44.08;7.59;08/08/2026;17:00;29.8;0;SOLEIL;1;0;0
Tende;44.08;7.59;08/08/2026;18:00;29.8;0;SOLEIL;1;0;0
Tende;44.08;7.59;08/08/2026;19:00;29.8;0;SOLEIL;1;0;0
Tende;44.08;7.59;08/08/2026;20:00;24.4;0;SOLEIL;0;0;0
Tende;44.08;7.59;08/08/2026;21:00;24.4;0;SOLEIL;0;0;0
Tende;44.08;7.59;08/08/2026;22:00;24.4;0;SOLEIL;0;0;0
Tende;44.08;7.59;08/08/2026;23:00;22;0;SOLEIL;1;0;0
Tende;44.08;7.59;09/08/2026;00:00;22;0;SOLEIL;1;0;0
Tende;44.08;7.59;09/08/2026;01:00;22;0;SOLEIL;1;0;0
Tende;44.08;7.59;09/08/2026;02:00;20.2;0;SOLEIL;1;0;0
Tende;44.08;7.59;09/08/2026;03:00;20.2;0;SOLEIL;1;0;0
Tende;44.08;7.59;09/08/2026;04:00;20.2;0;SOLEIL;1;0;0
Tende;44.08;7.59;09/08/2026;05:00;21.1;0;SOLEIL;1;0;0
Tende;44.08;7.59;09/08/2026;06:00;21.1;0;SOLEIL;1;0;0
Tende;44.08;7.59;09/08/2026;07:00;21.1;0;SOLEIL;1;0;0
Tende;44.08;7.59;09/08/2026;08:00;29.6;0;SOLEIL;1;0;0
Tende;44.08;7.59;09/08/2026;09:00;29.6;0;SOLEIL;1;0;0
Tende;44.08;7.59;09/08/2026;10:00;29.6;0;SOLEIL;1;0;0
Tende;44.08;7.59;09/08/2026;11:00;34.9;10;ORAGEUX;2;0;0
Tende;44.08;7.59;09/08/2026;12:00;34.9;10;ORAGEUX;2;0;0
Tende;44.08;7.59;09/08/2026;13:00;34.9;10;ORAGEUX;2;0;0
Tende;44.08;7.59;09/08/2026;14:00;31.2;10;ORAGEUX;2;0;0
Tende;44.08;7.59;09/08/2026;15:00;31.2;10;ORAGEUX;2;0;0
Tende;44.08;7.59;09/08/2026;16:00;31.2;10;ORAGEUX;2;0;0
Tende;44.08;7.59;09/08/2026;17:00;29.3;10;ORAGEUX;1;0;0
Tende;44.08;7.59;09/08/2026;18:00;29.3;10;ORAGEUX;1;0;0
Tende;44.08;7.59;09/08/2026;19:00;29.3;10;ORAGEUX;1;0;0
Tende;44.08;7.59;09/08/2026;20:00;26.9;10;ORAGEUX;5;0;0
Tende;44.08;7.59;09/08/2026;21:00;25.0;10;ORAGEUX;5;0;0
Tende;44.08;7.59;09/08/2026;22:00;23.1;10;ORAGEUX;5;0;0
Tende;44.08;7.59;09/08/2026;23:00;21.6;0;SOLEIL;1;0;0
Tende;44.08;7.59;10/08/2026;00:00;21.6;0;SOLEIL;1;0;0
Tende;44.08;7.59;10/08/2026;01:00;21.6;0;SOLEIL;1;0;0
Tende;44.08;7.59;10/08/2026;02:00;19.1;10;ORAGEUX;5;0;0
Tende;44.08;7.59;10/08/2026;03:00;19.1;10;ORAGEUX;5;0;0
Tende;44.08;7.59;10/08/2026;04:00;19.1;10;ORAGEUX;5;0;0
Tende;44.08;7.59;10/08/2026;05:00;21.8;0;SOLEIL;1;0;0
Tende;44.08;7.59;10/08/2026;06:00;21.8;0;SOLEIL;1;0;0
Tende;44.08;7.59;10/08/2026;07:00;21.8;0;SOLEIL;1;0;0
Tende;44.08;7.59;10/08/2026;08:00;22.7;10;ORAGEUX;5;0;0
Tende;44.08;7.59;10/08/2026;09:00;24.5;10;ORAGEUX;5;0;0
Tende;44.08;7.59;10/08/2026;10:00;26.3;10;ORAGEUX;5;0;0
Tende;44.08;7.59;10/08/2026;11:00;35.9;6;AVERSES;3;0;0
Tende;44.08;7.59;10/08/2026;12:00;35.9;6;AVERSES;3;0;0
Tende;44.08;7.59;10/08/2026;13:00;35.9;6;AVERSES;3;0;0
Tende;44.08;7.59;10/08/2026;14:00;33.5;10;ORAGEUX;5;0;0
Tende;44.08;7.59;10/08/2026;15:00;35.3;10;ORAGEUX;5;0;0
Tende;44.08;7.59;10/08/2026;16:00;33.5;10;ORAGEUX;5;0;0
Tende;44.08;7.59;10/08/2026;17:00;28.3;6;AVERSES;1;0;0
Tende;44.08;7.59;10/08/2026;18:00;28.3;6;AVERSES;1;0;0
Tende;44.08;7.59;10/08/2026;19:00;28.3;6;AVERSES;1;0;0
Tende;44.08;7.59;10/08/2026;20:00;26.3;10;ORAGEUX;5;0;0
Tende;44.08;7.59;10/08/2026;21:00;24.5;10;ORAGEUX;5;0;0
Tende;44.08;7.59;10/08/2026;22:00;22.7;10;ORAGEUX;5;0;0
Tende;44.08;7.59;10/08/2026;23:00;22;0;SOLEIL;1;0;0
Tende;44.08;7.59;11/08/2026;00:00;22;0;SOLEIL;1;0;0
Tende;44.08;7.59;11/08/2026;01:00;22;0;SOLEIL;1;0;0
Tende;44.08;7.59;11/08/2026;02:00;19.7;6;AVERSES;5;0;0
Tende;44.08;7.59;11/08/2026;03:00;19.7;6;AVERSES;5;0;0
Tende;44.08;7.59;11/08/2026;04:00;19.7;6;AVERSES;5;0;0
Tende;44.08;7.59;11/08/2026;05:00;21.2;0;SOLEIL;1;0;0
Tende;44.08;7.59;11/08/2026;06:00;21.2;0;SOLEIL;1;0;0
Tende;44.08;7.59;11/08/2026;07:00;21.2;0;SOLEIL;1;0;0
Tende;44.08;7.59;11/08/2026;08:00;23.4;6;AVERSES;5;0;0
Tende;44.08;7.59;11/08/2026;09:00;25.3;6;AVERSES;5;0;0
Tende;44.08;7.59;11/08/2026;10:00;27.2;6;AVERSES;5;0;0
Tende;44.08;7.59;11/08/2026;11:00;36;6;AVERSES;3;0;0
Tende;44.08;7.59;11/08/2026;12:00;36;6;AVERSES;3;0;0
Tende;44.08;7.59;11/08/2026;13:00;36;6;AVERSES;3;0;0
Tende;44.08;7.59;11/08/2026;14:00;34.6;6;AVERSES;5;0;0
Tende;44.08;7.59;11/08/2026;15:00;36.5;6;AVERSES;5;0;0
Tende;44.08;7.59;11/08/2026;16:00;34.6;6;AVERSES;5;0;0
Tende;44.08;7.59;11/08/2026;17:00;29.3;6;AVERSES;1;0;0
Tende;44.08;7.59;11/08/2026;18:00;29.3;6;AVERSES;1;0;0
Tende;44.08;7.59;11/08/2026;19:00;29.3;6;AVERSES;1;0;0
Tende;44.08;7.59;11/08/2026;20:00;27.2;6;AVERSES;5;0;0
Tende;44.08;7.59;11/08/2026;21:00;25.3;6;AVERSES;5;0;0
Tende;44.08;7.59;11/08/2026;22:00;23.4;6;AVERSES;5;0;0
Tende;44.08;7.59;11/08/2026;23:00;22;0;SOLEIL;1;0;0
Tende;44.08;7.59;12/08/2026;00:00;22;0;SOLEIL;1;0;0
Tende;44.08;7.59;12/08/2026;01:00;22;0;SOLEIL;1;0;0
Tende;44.08;7.59;12/08/2026;02:00;19.2;0;SOLEIL;5;0;0
Tende;44.08;7.59;12/08/2026;03:00;19.2;0;SOLEIL;5;0;0
Tende;44.08;7.59;12/08/2026;04:00;19.2;0;SOLEIL;5;0;0
Tende;44.08;7.59;12/08/2026;05:00;21.4;0;SOLEIL;1;0;0
Tende;44.08;7.59;12/08/2026;06:00;21.4;0;SOLEIL;1;0;0
Tende;44.08;7.59;12/08/2026;07:00;21.4;0;SOLEIL;1;0;0
Tende;44.08;7.59;12/08/2026;08:00;23.1;0;SOLEIL;5;0;0
Tende;44.08;7.59;12/08/2026;09:00;25.0;0;SOLEIL;5;0;0
Tende;44.08;7.59;12/08/2026;10:00;26.9;0;SOLEIL;5;0;0
Tende;44.08;7.59;12/08/2026;11:00;35.9;6;AVERSES;2;0;0
Tende;44.08;7.59;12/08/2026;12:00;35.9;6;AVERSES;2;0;0
Tende;44.08;7.59;12/08/2026;13:00;35.9;6;AVERSES;2;0;0
Tende;44.08;7.59;12/08/2026;14:00;34.7;0;SOLEIL;5;0;0
Tende;44.08;7.59;12/08/2026;15:00;36.6;0;SOLEIL;5;0;0
Tende;44.08;7.59;12/08/2026;16:00;34.7;0;SOLEIL;5;0;0
Tende;44.08;7.59;12/08/2026;17:00;27.1;6;AVERSES;1;0;0
Tende;44.08;7.59;12/08/2026;18:00;27.1;6;AVERSES;1;0;0
Tende;44.08;7.59;12/08/2026;19:00;27.1;6;AVERSES;1;0;0
Tende;44.08;7.59;12/08/2026;20:00;26.9;0;SOLEIL;5;0;0
Tende;44.08;7.59;12/08/2026;21:00;25.0;0;SOLEIL;5;0;0
Tende;44.08;7.59;12/08/2026;22:00;23.1;0;SOLEIL;5;0;0
Tende;44.08;7.59;12/08/2026;23:00;22;0;SOLEIL;1;0;0
Aix-en-Provence;43.52;5.44;08/08/2026;00:00;18.5;0;SOLEIL;1;0;0
Aix-en-Provence;43.52;5.44;08/08/2026;01:00;18.5;0;SOLEIL;1;0;0
Aix-en-Provence;43.52;5.44;08/08/2026;02:00;18.6;0;SOLEIL;2;0;0
Aix-en-Provence;43.52;5.44;08/08/2026;03:00;18.6;0;SOLEIL;2;0;0
Aix-en-Provence;43.52;5.44;08/08/2026;04:00;18.6;0;SOLEIL;2;0;0
Aix-en-Provence;43.52;5.44;08/08/2026;05:00;17.1;0;SOLEIL;2;0;0
Aix-en-Provence;43.52;5.44;08/08/2026;06:00;17.1;0;SOLEIL;2;0;0
Aix-en-Provence;43.52;5.44;08/08/2026;07:00;17.1;0;SOLEIL;2;0;0
Aix-en-Provence;43.52;5.44;08/08/2026;08:00;26.6;0;SOLEIL;2;0;0
Aix-en-Provence;43.52;5.44;08/08/2026;09:00;26.6;0;SOLEIL;2;0;0
Aix-en-Provence;43.52;5.44;08/08/2026;10:00;26.6;0;SOLEIL;2;0;0
Aix-en-Provence;43.52;5.44;08/08/2026;11:00;28.6;6;AVERSES;2;0;0
Aix-en-Provence;43.52;5.44;08/08/2026;12:00;28.6;6;AVERSES;2;0;0
Aix-en-Provence;43.52;5.44;08/08/2026;13:00;28.6;6;AVERSES;2;0;0
Aix-en-Provence;43.52;5.44;08/08/2026;14:00;26.7;10;ORAGEUX;2;0;0
Aix-en-Provence;43.52;5.44;08/08/2026;15:00;26.7;10;ORAGEUX;2;0;0
Aix-en-Provence;43.52;5.44;08/08/2026;16:00;26.7;10;ORAGEUX;2;0;0
Aix-en-Provence;43.52;5.44;08/08/2026;17:00;22.9;10;ORAGEUX;0;0;0
Aix-en-Provence;43.52;5.44;08/08/2026;18:00;22.9;10;ORAGEUX;0;0;0
Aix-en-Provence;43.52;5.44;08/08/2026;19:00;22.9;10;ORAGEUX;0;0;0
Aix-en-Provence;43.52;5.44;08/08/2026;20:00;19.1;0;SOLEIL;1;0;0
Aix-en-Provence;43.52;5.44;08/08/2026;21:00;19.1;0;SOLEIL;1;0;0
Aix-en-Provence;43.52;5.44;08/08/2026;22:00;19.1;0;SOLEIL;1;0;0
Aix-en-Provence;43.52;5.44;08/08/2026;23:00;17.6;0;SOLEIL;1;0;0
Aix-en-Provence;43.52;5.44;09/08/2026;00:00;17.6;0;SOLEIL;1;0;0
Aix-en-Provence;43.52;5.44;09/08/2026;01:00;17.6;0;SOLEIL;1;0;0
Aix-en-Provence;43.52;5.44;09/08/2026;02:00;16.1;0;SOLEIL;2;0;0
Aix-en-Provence;43.52;5.44;09/08/2026;03:00;16.1;0;SOLEIL;2;0;0
Aix-en-Provence;43.52;5.44;09/08/2026;04:00;16.1;0;SOLEIL;2;0;0
Aix-en-Provence;43.52;5.44;09/08/2026;05:00;16.6;0;SOLEIL;2;0;0
Aix-en-Provence;43.52;5.44;09/08/2026;06:00;16.6;0;SOLEIL;2;0;0
Aix-en-Provence;43.52;5.44;09/08/2026;07:00;16.6;0;SOLEIL;2;0;0
Aix-en-Provence;43.52;5.44;09/08/2026;08:00;27;0;SOLEIL;2;0;0
Aix-en-Provence;43.52;5.44;09/08/2026;09:00;27;0;SOLEIL;2;0;0
Aix-en-Provence;43.52;5.44;09/08/2026;10:00;27;0;SOLEIL;2;0;0
Aix-en-Provence;43.52;5.44;09/08/2026;11:00;28.2;10;ORAGEUX;2;0;0
Aix-en-Provence;43.52;5.44;09/08/2026;12:00;28.2;10;ORAGEUX;2;0;0
Aix-en-Provence;43.52;5.44;09/08/2026;13:00;28.2;10;ORAGEUX;2;0;0
Aix-en-Provence;43.52;5.44;09/08/2026;14:00;27.6;10;ORAGEUX;2;0;0
Aix-en-Provence;43.52;5.44;09/08/2026;15:00;27.6;10;ORAGEUX;2;0;0
Aix-en-Provence;43.52;5.44;09/08/2026;16:00;27.6;10;ORAGEUX;2;0;0
Aix-en-Provence;43.52;5.44;09/08/2026;17:00;24.2;0;SOLEIL;1;0;0
Aix-en-Provence;43.52;5.44;09/08/2026;18:00;24.2;0;SOLEIL;1;0;0
Aix-en-Provence;43.52;5.44;09/08/2026;19:00;24.2;0;SOLEIL;1;0;0
Aix-en-Provence;43.52;5.44;09/08/2026;20:00;22.2;10;ORAGEUX;5;0;0
Aix-en-Provence;43.52;5.44;09/08/2026;21:00;20.7;10;ORAGEUX;5;0;0
Aix-en-Provence;43.52;5.44;09/08/2026;22:00;19.2;10;ORAGEUX;5;0;0
Aix-en-Provence;43.52;5.44;09/08/2026;23:00;17.6;0;SOLEIL;2;0;0
Aix-en-Provence;43.52;5.44;10/08/2026;00:00;17.6;0;SOLEIL;2;0;0
Aix-en-Provence;43.52;5.44;10/08/2026;01:00;17.6;0;SOLEIL;2;0;0
Aix-en-Provence;43.52;5.44;10/08/2026;02:00;14.9;10;ORAGEUX;5;0;0
Aix-en-Provence;43.52;5.44;10/08/2026;03:00;14.9;10;ORAGEUX;5;0;0
Aix-en-Provence;43.52;5.44;10/08/2026;04:00;14.9;10;ORAGEUX;5;0;0
Aix-en-Provence;43.52;5.44;10/08/2026;05:00;17;0;SOLEIL;1;0;0
Aix-en-Provence;43.52;5.44;10/08/2026;06:00;17;0;SOLEIL;1;0;0
Aix-en-Provence;43.52;5.44;10/08/2026;07:00;17;0;SOLEIL;1;0;0
Aix-en-Provence;43.52;5.44;10/08/2026;08:00;18.2;10;ORAGEUX;5;0;0
Aix-en-Provence;43.52;5.44;10/08/2026;09:00;19.8;10;ORAGEUX;5;0;0
Aix-en-Provence;43.52;5.44;10/08/2026;10:00;21.5;10;ORAGEUX;5;0;0
Aix-en-Provence;43.52;5.44;10/08/2026;11:00;29;6;AVERSES;2;11;0
Aix-en-Provence;43.52;5.44;10/08/2026;12:00;29;6;AVERSES;2;11;0
Aix-en-Provence;43.52;5.44;10/08/2026;13:00;29;6;AVERSES;2;11;0
Aix-en-Provence;43.52;5.44;10/08/2026;14:00;28.1;10;ORAGEUX;5;0;0
Aix-en-Provence;43.52;5.44;10/08/2026;15:00;29.7;10;ORAGEUX;5;0;0
Aix-en-Provence;43.52;5.44;10/08/2026;16:00;28.1;10;ORAGEUX;5;0;0
Aix-en-Provence;43.52;5.44;10/08/2026;17:00;23.7;6;AVERSES;1;0;0
Aix-en-Provence;43.52;5.44;10/08/2026;18:00;23.7;6;AVERSES;1;0;0
Aix-en-Provence;43.52;5.44;10/08/2026;19:00;23.7;6;AVERSES;1;0;0
Aix-en-Provence;43.52;5.44;10/08/2026;20:00;21.5;10;ORAGEUX;5;0;0
Aix-en-Provence;43.52;5.44;10/08/2026;21:00;19.8;10;ORAGEUX;5;0;0
Aix-en-Provence;43.52;5.44;10/08/2026;22:00;18.2;10;ORAGEUX;5;0;0
Aix-en-Provence;43.52;5.44;10/08/2026;23:00;16.7;0;SOLEIL;1;0;0
Aix-en-Provence;43.52;5.44;11/08/2026;00:00;16.7;0;SOLEIL;1;0;0
Aix-en-Provence;43.52;5.44;11/08/2026;01:00;16.7;0;SOLEIL;1;0;0
Aix-en-Provence;43.52;5.44;11/08/2026;02:00;14.2;0;SOLEIL;5;0;0
Aix-en-Provence;43.52;5.44;11/08/2026;03:00;14.2;0;SOLEIL;5;0;0
Aix-en-Provence;43.52;5.44;11/08/2026;04:00;14.2;0;SOLEIL;5;0;0
Aix-en-Provence;43.52;5.44;11/08/2026;05:00;17.1;0;SOLEIL;1;0;0
Aix-en-Provence;43.52;5.44;11/08/2026;06:00;17.1;0;SOLEIL;1;0;0
Aix-en-Provence;43.52;5.44;11/08/2026;07:00;17.1;0;SOLEIL;1;0;0
Aix-en-Provence;43.52;5.44;11/08/2026;08:00;17.6;0;SOLEIL;5;0;0
Aix-en-Provence;43.52;5.44;11/08/2026;09:00;19.3;0;SOLEIL;5;0;0
Aix-en-Provence;43.52;5.44;11/08/2026;10:00;21.0;0;SOLEIL;5;0;0
Aix-en-Provence;43.52;5.44;11/08/2026;11:00;30;6;AVERSES;2;0;0
Aix-en-Provence;43.52;5.44;11/08/2026;12:00;30;6;AVERSES;2;0;0
Aix-en-Provence;43.52;5.44;11/08/2026;13:00;30;6;AVERSES;2;0;0
Aix-en-Provence;43.52;5.44;11/08/2026;14:00;27.9;0;SOLEIL;5;0;0
Aix-en-Provence;43.52;5.44;11/08/2026;15:00;29.6;0;SOLEIL;5;0;0
Aix-en-Provence;43.52;5.44;11/08/2026;16:00;27.9;0;SOLEIL;5;0;0
Aix-en-Provence;43.52;5.44;11/08/2026;17:00;23.1;6;AVERSES;1;0;0
Aix-en-Provence;43.52;5.44;11/08/2026;18:00;23.1;6;AVERSES;1;0;0
Aix-en-Provence;43.52;5.44;11/08/2026;19:00;23.1;6;AVERSES;1;0;0
Aix-en-Provence;43.52;5.44;11/08/2026;20:00;21.0;0;SOLEIL;5;0;0
Aix-en-Provence;43.52;5.44;11/08/2026;21:00;19.3;0;SOLEIL;5;0;0
Aix-en-Provence;43.52;5.44;11/08/2026;22:00;17.6;0;SOLEIL;5;0;0
Aix-en-Provence;43.52;5.44;11/08/2026;23:00;17.7;0;SOLEIL;1;0;0
Aix-en-Provence;43.52;5.44;12/08/2026;00:00;17.7;0;SOLEIL;1;0;0
Aix-en-Provence;43.52;5.44;12/08/2026;01:00;17.7;0;SOLEIL;1;0;0
Aix-en-Provence;43.52;5.44;12/08/2026;02:00;14.6;6;AVERSES;5;0;0
Aix-en-Provence;43.52;5.44;12/08/2026;03:00;14.6;6;AVERSES;5;0;0
Aix-en-Provence;43.52;5.44;12/08/2026;04:00;14.6;6;AVERSES;5;0;0
Aix-en-Provence;43.52;5.44;12/08/2026;05:00;18.1;0;SOLEIL;1;0;0
Aix-en-Provence;43.52;5.44;12/08/2026;06:00;18.1;0;SOLEIL;1;0;0
Aix-en-Provence;43.52;5.44;12/08/2026;07:00;18.1;0;SOLEIL;1;0;0
Aix-en-Provence;43.52;5.44;12/08/2026;08:00;18.1;6;AVERSES;5;0;0
Aix-en-Provence;43.52;5.44;12/08/2026;09:00;19.9;6;AVERSES;5;0;0
Aix-en-Provence;43.52;5.44;12/08/2026;10:00;21.7;6;AVERSES;5;0;0
Aix-en-Provence;43.52;5.44;12/08/2026;11:00;28.4;6;AVERSES;2;0;0
Aix-en-Provence;43.52;5.44;12/08/2026;12:00;28.4;6;AVERSES;2;0;0
Aix-en-Provence;43.52;5.44;12/08/2026;13:00;28.4;6;AVERSES;2;0;0
Aix-en-Provence;43.52;5.44;12/08/2026;14:00;28.7;6;AVERSES;5;0;0
Aix-en-Provence;43.52;5.44;12/08/2026;15:00;30.5;6;AVERSES;5;0;0
Aix-en-Provence;43.52;5.44;12/08/2026;16:00;28.7;6;AVERSES;5;0;0
Aix-en-Provence;43.52;5.44;12/08/2026;17:00;22.6;6;AVERSES;0;0;0
Aix-en-Provence;43.52;5.44;12/08/2026;18:00;22.6;6;AVERSES;0;0;0
Aix-en-Provence;43.52;5.44;12/08/2026;19:00;22.6;6;AVERSES;0;0;0
Aix-en-Provence;43.52;5.44;12/08/2026;20:00;21.7;6;AVERSES;5;0;0
Aix-en-Provence;43.52;5.44;12/08/2026;21:00;19.9;6;AVERSES;5;0;0
Aix-en-Provence;43.52;5.44;12/08/2026;22:00;18.1;6;AVERSES;5;0;0
Aix-en-Provence;43.52;5.44;12/08/2026;23:00;18.1;0;SOLEIL;1;0;0
Istres;43.51;4.99;08/08/2026;00:00;23.5;0;SOLEIL;1;0;0
Istres;43.51;4.99;08/08/2026;01:00;23.5;0;SOLEIL;1;0;0
Istres;43.51;4.99;08/08/2026;02:00;19.7;0;SOLEIL;1;0;0
Istres;43.51;4.99;08/08/2026;03:00;19.7;0;SOLEIL;1;0;0
Istres;43.51;4.99;08/08/2026;04:00;19.7;0;SOLEIL;1;0;0
Istres;43.51;4.99;08/08/2026;05:00;21.6;0;SOLEIL;2;0;0
Istres;43.51;4.99;08/08/2026;06:00;21.6;0;SOLEIL;2;0;0
Istres;43.51;4.99;08/08/2026;07:00;21.6;0;SOLEIL;2;0;0
Istres;43.51;4.99;08/08/2026;08:00;31.4;0;SOLEIL;1;0;0
Istres;43.51;4.99;08/08/2026;09:00;31.4;0;SOLEIL;1;0;0
Istres;43.51;4.99;08/08/2026;10:00;31.4;0;SOLEIL;1;0;0
Istres;43.51;4.99;08/08/2026;11:00;35.5;0;SOLEIL;3;0;0
Istres;43.51;4.99;08/08/2026;12:00;35.5;0;SOLEIL;3;0;0
Istres;43.51;4.99;08/08/2026;13:00;35.5;0;SOLEIL;3;0;0
Istres;43.51;4.99;08/08/2026;14:00;35.4;0;SOLEIL;4;0;0
Istres;43.51;4.99;08/08/2026;15:00;35.4;0;SOLEIL;4;0;0
Istres;43.51;4.99;08/08/2026;16:00;35.4;0;SOLEIL;4;0;0
Istres;43.51;4.99;08/08/2026;17:00;30.6;0;SOLEIL;3;0;0
Istres;43.51;4.99;08/08/2026;18:00;30.6;0;SOLEIL;3;0;0
Istres;43.51;4.99;08/08/2026;19:00;30.6;0;SOLEIL;3;0;0
Istres;43.51;4.99;08/08/2026;20:00;25.2;0;SOLEIL;1;0;0
Istres;43.51;4.99;08/08/2026;21:00;25.2;0;SOLEIL;1;0;0
Istres;43.51;4.99;08/08/2026;22:00;25.2;0;SOLEIL;1;0;0
Istres;43.51;4.99;08/08/2026;23:00;22.7;0;SOLEIL;2;0;0
Istres;43.51;4.99;09/08/2026;00:00;22.7;0;SOLEIL;2;0;0
Istres;43.51;4.99;09/08/2026;01:00;22.7;0;SOLEIL;2;0;0
Istres;43.51;4.99;09/08/2026;02:00;21.6;0;SOLEIL;1;0;0
Istres;43.51;4.99;09/08/2026;03:00;21.6;0;SOLEIL;1;0;0
Istres;43.51;4.99;09/08/2026;04:00;21.6;0;SOLEIL;1;0;0
Istres;43.51;4.99;09/08/2026;05:00;23.5;0;SOLEIL;2;0;0
Istres;43.51;4.99;09/08/2026;06:00;23.5;0;SOLEIL;2;0;0
Istres;43.51;4.99;09/08/2026;07:00;23.5;0;SOLEIL;2;0;0
Istres;43.51;4.99;09/08/2026;08:00;32.5;0;SOLEIL;2;0;0
Istres;43.51;4.99;09/08/2026;09:00;32.5;0;SOLEIL;2;0;0
Istres;43.51;4.99;09/08/2026;10:00;32.5;0;SOLEIL;2;0;0
Istres;43.51;4.99;09/08/2026;11:00;35.1;0;SOLEIL;5;0;0
Istres;43.51;4.99;09/08/2026;12:00;35.1;0;SOLEIL;5;0;0
Istres;43.51;4.99;09/08/2026;13:00;35.1;0;SOLEIL;5;0;0
Istres;43.51;4.99;09/08/2026;14:00;34.5;0;SOLEIL;4;11;0
Istres;43.51;4.99;09/08/2026;15:00;34.5;0;SOLEIL;4;11;0
Istres;43.51;4.99;09/08/2026;16:00;34.5;0;SOLEIL;4;11;0
Istres;43.51;4.99;09/08/2026;17:00;30.4;0;SOLEIL;3;0;0
Istres;43.51;4.99;09/08/2026;18:00;30.4;0;SOLEIL;3;0;0
Istres;43.51;4.99;09/08/2026;19:00;30.4;0;SOLEIL;3;0;0
Istres;43.51;4.99;09/08/2026;20:00;26.5;0;SOLEIL;5;0;0
Istres;43.51;4.99;09/08/2026;21:00;24.5;0;SOLEIL;5;0;0
Istres;43.51;4.99;09/08/2026;22:00;22.5;0;SOLEIL;5;0;0
Istres;43.51;4.99;09/08/2026;23:00;23.4;0;SOLEIL;1;0;0
Istres;43.51;4.99;10/08/2026;00:00;23.4;0;SOLEIL;1;0;0
Istres;43.51;4.99;10/08/2026;01:00;23.4;0;SOLEIL;1;0;0
Istres;43.51;4.99;10/08/2026;02:00;21;0;SOLEIL;5;0;0
Istres;43.51;4.99;10/08/2026;03:00;21;0;SOLEIL;5;0;0
Istres;43.51;4.99;10/08/2026;04:00;21;0;SOLEIL;5;0;0
Istres;43.51;4.99;10/08/2026;05:00;23.1;0;SOLEIL;2;0;0
Istres;43.51;4.99;10/08/2026;06:00;23.1;0;SOLEIL;2;0;0
Istres;43.51;4.99;10/08/2026;07:00;23.1;0;SOLEIL;2;0;0
Istres;43.51;4.99;10/08/2026;08:00;24.2;0;SOLEIL;5;0;0
Istres;43.51;4.99;10/08/2026;09:00;25.8;0;SOLEIL;5;0;0
Istres;43.51;4.99;10/08/2026;10:00;27.4;0;SOLEIL;5;0;0
Istres;43.51;4.99;10/08/2026;11:00;36.2;0;SOLEIL;3;0;0
Istres;43.51;4.99;10/08/2026;12:00;36.2;0;SOLEIL;3;0;0
Istres;43.51;4.99;10/08/2026;13:00;36.2;0;SOLEIL;3;0;0
Istres;43.51;4.99;10/08/2026;14:00;33.9;0;SOLEIL;5;0;0
Istres;43.51;4.99;10/08/2026;15:00;35.5;0;SOLEIL;5;0;0
Istres;43.51;4.99;10/08/2026;16:00;33.9;0;SOLEIL;5;0;0
Istres;43.51;4.99;10/08/2026;17:00;31.5;0;SOLEIL;2;0;0
Istres;43.51;4.99;10/08/2026;18:00;31.5;0;SOLEIL;2;0;0
Istres;43.51;4.99;10/08/2026;19:00;31.5;0;SOLEIL;2;0;0
Istres;43.51;4.99;10/08/2026;20:00;27.4;0;SOLEIL;5;0;0
Istres;43.51;4.99;10/08/2026;21:00;25.8;0;SOLEIL;5;0;0
Istres;43.51;4.99;10/08/2026;22:00;24.2;0;SOLEIL;5;0;0
Istres;43.51;4.99;10/08/2026;23:00;23.6;0;SOLEIL;0;0;0
Istres;43.51;4.99;11/08/2026;00:00;23.6;0;SOLEIL;0;0;0
Istres;43.51;4.99;11/08/2026;01:00;23.6;0;SOLEIL;0;0;0
Istres;43.51;4.99;11/08/2026;02:00;21;0;SOLEIL;5;0;0
Istres;43.51;4.99;11/08/2026;03:00;21;0;SOLEIL;5;0;0
Istres;43.51;4.99;11/08/2026;04:00;21;0;SOLEIL;5;0;0
Istres;43.51;4.99;11/08/2026;05:00;22.7;0;SOLEIL;2;0;0
Istres;43.51;4.99;11/08/2026;06:00;22.7;0;SOLEIL;2;0;0
Istres;43.51;4.99;11/08/2026;07:00;22.7;0;SOLEIL;2;0;0
Istres;43.51;4.99;11/08/2026;08:00;24.6;0;SOLEIL;5;0;0
Istres;43.51;4.99;11/08/2026;09:00;26.4;0;SOLEIL;5;0;0
Istres;43.51;4.99;11/08/2026;10:00;28.2;0;SOLEIL;5;0;0
Istres;43.51;4.99;11/08/2026;11:00;36.6;0;SOLEIL;3;0;0
Istres;43.51;4.99;11/08/2026;12:00;36.6;0;SOLEIL;3;0;0
Istres;43.51;4.99;11/08/2026;13:00;36.6;0;SOLEIL;3;0;0
Istres;43.51;4.99;11/08/2026;14:00;35.3;0;SOLEIL;5;0;0
Istres;43.51;4.99;11/08/2026;15:00;37.1;0;SOLEIL;5;0;0
Istres;43.51;4.99;11/08/2026;16:00;35.3;0;SOLEIL;5;0;0
Istres;43.51;4.99;11/08/2026;17:00;31.9;0;SOLEIL;3;0;0
Istres;43.51;4.99;11/08/2026;18:00;31.9;0;SOLEIL;3;0;0
Istres;43.51;4.99;11/08/2026;19:00;31.9;0;SOLEIL;3;0;0
Istres;43.51;4.99;11/08/2026;20:00;28.2;0;SOLEIL;5;0;0
Istres;43.51;4.99;11/08/2026;21:00;26.4;0;SOLEIL;5;0;0
Istres;43.51;4.99;11/08/2026;22:00;24.6;0;SOLEIL;5;0;0
Istres;43.51;4.99;11/08/2026;23:00;23.4;0;SOLEIL;1;0;0
Istres;43.51;4.99;12/08/2026;00:00;23.4;0;SOLEIL;1;0;0
Istres;43.51;4.99;12/08/2026;01:00;23.4;0;SOLEIL;1;0;0
Istres;43.51;4.99;12/08/2026;02:00;20.6;0;SOLEIL;5;0;0
Istres;43.51;4.99;12/08/2026;03:00;20.6;0;SOLEIL;5;0;0
Istres;43.51;4.99;12/08/2026;04:00;20.6;0;SOLEIL;5;0;0
Istres;43.51;4.99;12/08/2026;05:00;23.7;0;SOLEIL;2;0;0
Istres;43.51;4.99;12/08/2026;06:00;23.7;0;SOLEIL;2;0;0
Istres;43.51;4.99;12/08/2026;07:00;23.7;0;SOLEIL;2;0;0
Istres;43.51;4.99;12/08/2026;08:00;24.4;0;SOLEIL;5;0;0
Istres;43.51;4.99;12/08/2026;09:00;26.2;0;SOLEIL;5;0;0
Istres;43.51;4.99;12/08/2026;10:00;28.1;0;SOLEIL;5;0;0
Istres;43.51;4.99;12/08/2026;11:00;36.4;0;SOLEIL;3;0;0
Istres;43.51;4.99;12/08/2026;12:00;36.4;0;SOLEIL;3;0;0
Istres;43.51;4.99;12/08/2026;13:00;36.4;0;SOLEIL;3;0;0
Istres;43.51;4.99;12/08/2026;14:00;35.6;0;SOLEIL;5;0;0
Istres;43.51;4.99;12/08/2026;15:00;37.5;0;SOLEIL;5;0;0
Istres;43.51;4.99;12/08/2026;16:00;35.6;0;SOLEIL;5;0;0
Istres;43.51;4.99;12/08/2026;17:00;31.5;0;SOLEIL;2;0;0
Istres;43.51;4.99;12/08/2026;18:00;31.5;0;SOLEIL;2;0;0
Istres;43.51;4.99;12/08/2026;19:00;31.5;0;SOLEIL;2;0;0
Istres;43.51;4.99;12/08/2026;20:00;28.1;0;SOLEIL;5;0;0
Istres;43.51;4.99;12/08/2026;21:00;26.2;0;SOLEIL;5;0;0
Istres;43.51;4.99;12/08/2026;22:00;24.4;0;SOLEIL;5;0;0
Istres;43.51;4.99;12/08/2026;23:00;23.7;0;SOLEIL;1;0;0
Marseille;43.296;5.381;08/08/2026;00:00;25.5;0;SOLEIL;4;0;0
Marseille;43.296;5.381;08/08/2026;01:00;25.5;0;SOLEIL;4;0;0
Marseille;43.296;5.381;08/08/2026;02:00;22.9;0;SOLEIL;4;0;0
Marseille;43.296;5.381;08/08/2026;03:00;22.9;0;SOLEIL;4;0;0
Marseille;43.296;5.381;08/08/2026;04:00;22.9;0;SOLEIL;4;0;0
Marseille;43.296;5.381;08/08/2026;05:00;22.4;0;SOLEIL;3;0;0
Marseille;43.296;5.381;08/08/2026;06:00;22.4;0;SOLEIL;3;0;0
Marseille;43.296;5.381;08/08/2026;07:00;22.4;0;SOLEIL;3;0;0
Marseille;43.296;5.381;08/08/2026;08:00;30.4;0;SOLEIL;3;0;0
Marseille;43.296;5.381;08/08/2026;09:00;30.4;0;SOLEIL;3;0;0
Marseille;43.296;5.381;08/08/2026;10:00;30.4;0;SOLEIL;3;0;0
Marseille;43.296;5.381;08/08/2026;11:00;35.1;0;SOLEIL;1;0;0
Marseille;43.296;5.381;08/08/2026;12:00;35.1;0;SOLEIL;1;0;0
Marseille;43.296;5.381;08/08/2026;13:00;35.1;0;SOLEIL;1;0;0
Marseille;43.296;5.381;08/08/2026;14:00;35.5;0;SOLEIL;5;0;0
Marseille;43.296;5.381;08/08/2026;15:00;35.5;0;SOLEIL;5;0;0
Marseille;43.296;5.381;08/08/2026;16:00;35.5;0;SOLEIL;5;0;0
Marseille;43.296;5.381;08/08/2026;17:00;31.1;0;SOLEIL;3;0;0
Marseille;43.296;5.381;08/08/2026;18:00;31.1;0;SOLEIL;3;0;0
Marseille;43.296;5.381;08/08/2026;19:00;31.1;0;SOLEIL;3;0;0
Marseille;43.296;5.381;08/08/2026;20:00;25.6;0;SOLEIL;2;0;0
Marseille;43.296;5.381;08/08/2026;21:00;25.6;0;SOLEIL;2;0;0
Marseille;43.296;5.381;08/08/2026;22:00;25.6;0;SOLEIL;2;0;0
Marseille;43.296;5.381;08/08/2026;23:00;23.6;0;SOLEIL;1;0;0
Marseille;43.296;5.381;09/08/2026;00:00;23.6;0;SOLEIL;1;0;0
Marseille;43.296;5.381;09/08/2026;01:00;23.6;0;SOLEIL;1;0;0
Marseille;43.296;5.381;09/08/2026;02:00;22.2;0;SOLEIL;1;0;0
Marseille;43.296;5.381;09/08/2026;03:00;22.2;0;SOLEIL;1;0;0
Marseille;43.296;5.381;09/08/2026;04:00;22.2;0;SOLEIL;1;0;0
Marseille;43.296;5.381;09/08/2026;05:00;23.1;0;SOLEIL;2;0;0
Marseille;43.296;5.381;09/08/2026;06:00;23.1;0;SOLEIL;2;0;0
Marseille;43.296;5.381;09/08/2026;07:00;23.1;0;SOLEIL;2;0;0
Marseille;43.296;5.381;09/08/2026;08:00;30.9;0;SOLEIL;3;0;0
Marseille;43.296;5.381;09/08/2026;09:00;30.9;0;SOLEIL;3;0;0
Marseille;43.296;5.381;09/08/2026;10:00;30.9;0;SOLEIL;3;0;0
Marseille;43.296;5.381;09/08/2026;11:00;33.1;0;SOLEIL;5;0;0
Marseille;43.296;5.381;09/08/2026;12:00;33.1;0;SOLEIL;5;0;0
Marseille;43.296;5.381;09/08/2026;13:00;33.1;0;SOLEIL;5;0;0
Marseille;43.296;5.381;09/08/2026;14:00;33.4;0;SOLEIL;5;0;0
Marseille;43.296;5.381;09/08/2026;15:00;33.4;0;SOLEIL;5;0;0
Marseille;43.296;5.381;09/08/2026;16:00;33.4;0;SOLEIL;5;0;0
Marseille;43.296;5.381;09/08/2026;17:00;30.1;0;SOLEIL;3;0;0
Marseille;43.296;5.381;09/08/2026;18:00;30.1;0;SOLEIL;3;0;0
Marseille;43.296;5.381;09/08/2026;19:00;30.1;0;SOLEIL;3;0;0
Marseille;43.296;5.381;09/08/2026;20:00;28.9;0;SOLEIL;5;0;0
Marseille;43.296;5.381;09/08/2026;21:00;27.2;0;SOLEIL;5;0;0
Marseille;43.296;5.381;09/08/2026;22:00;25.5;0;SOLEIL;5;0;0
Marseille;43.296;5.381;09/08/2026;23:00;23.4;0;SOLEIL;1;0;0
Marseille;43.296;5.381;10/08/2026;00:00;23.4;0;SOLEIL;1;0;0
Marseille;43.296;5.381;10/08/2026;01:00;23.4;0;SOLEIL;1;0;0
Marseille;43.296;5.381;10/08/2026;02:00;20.7;0;SOLEIL;5;0;0
Marseille;43.296;5.381;10/08/2026;03:00;20.7;0;SOLEIL;5;0;0
Marseille;43.296;5.381;10/08/2026;04:00;20.7;0;SOLEIL;5;0;0
Marseille;43.296;5.381;10/08/2026;05:00;21.2;0;SOLEIL;1;0;0
Marseille;43.296;5.381;10/08/2026;06:00;21.2;0;SOLEIL;1;0;0
Marseille;43.296;5.381;10/08/2026;07:00;21.2;0;SOLEIL;1;0;0
Marseille;43.296;5.381;10/08/2026;08:00;23.7;0;SOLEIL;5;0;0
Marseille;43.296;5.381;10/08/2026;09:00;25.2;0;SOLEIL;5;0;0
Marseille;43.296;5.381;10/08/2026;10:00;26.7;0;SOLEIL;5;0;0
Marseille;43.296;5.381;10/08/2026;11:00;33.2;0;SOLEIL;3;0;0
Marseille;43.296;5.381;10/08/2026;12:00;33.2;0;SOLEIL;3;0;0
Marseille;43.296;5.381;10/08/2026;13:00;33.2;0;SOLEIL;3;0;0
Marseille;43.296;5.381;10/08/2026;14:00;32.7;0;SOLEIL;5;0;0
Marseille;43.296;5.381;10/08/2026;15:00;34.2;0;SOLEIL;5;0;0
Marseille;43.296;5.381;10/08/2026;16:00;32.7;0;SOLEIL;5;0;0
Marseille;43.296;5.381;10/08/2026;17:00;31.1;0;SOLEIL;2;0;0
Marseille;43.296;5.381;10/08/2026;18:00;31.1;0;SOLEIL;2;0;0
Marseille;43.296;5.381;10/08/2026;19:00;31.1;0;SOLEIL;2;0;0
Marseille;43.296;5.381;10/08/2026;20:00;26.7;0;SOLEIL;5;0;0
Marseille;43.296;5.381;10/08/2026;21:00;25.2;0;SOLEIL;5;0;0
Marseille;43.296;5.381;10/08/2026;22:00;23.7;0;SOLEIL;5;0;0
Marseille;43.296;5.381;10/08/2026;23:00;25.5;0;SOLEIL;0;0;0
Marseille;43.296;5.381;11/08/2026;00:00;25.5;0;SOLEIL;0;0;0
Marseille;43.296;5.381;11/08/2026;01:00;25.5;0;SOLEIL;0;0;0
Marseille;43.296;5.381;11/08/2026;02:00;20.5;0;SOLEIL;5;0;0
Marseille;43.296;5.381;11/08/2026;03:00;20.5;0;SOLEIL;5;0;0
Marseille;43.296;5.381;11/08/2026;04:00;20.5;0;SOLEIL;5;0;0
Marseille;43.296;5.381;11/08/2026;05:00;21.4;0;SOLEIL;2;0;0
Marseille;43.296;5.381;11/08/2026;06:00;21.4;0;SOLEIL;2;0;0
Marseille;43.296;5.381;11/08/2026;07:00;21.4;0;SOLEIL;2;0;0
Marseille;43.296;5.381;11/08/2026;08:00;23.7;0;SOLEIL;5;0;0
Marseille;43.296;5.381;11/08/2026;09:00;25.3;0;SOLEIL;5;0;0
Marseille;43.296;5.381;11/08/2026;10:00;26.9;0;SOLEIL;5;0;0
Marseille;43.296;5.381;11/08/2026;11:00;34.4;0;SOLEIL;3;0;0
Marseille;43.296;5.381;11/08/2026;12:00;34.4;0;SOLEIL;3;0;0
Marseille;43.296;5.381;11/08/2026;13:00;34.4;0;SOLEIL;3;0;0
Marseille;43.296;5.381;11/08/2026;14:00;33.3;0;SOLEIL;5;0;0
Marseille;43.296;5.381;11/08/2026;15:00;34.9;0;SOLEIL;5;0;0
Marseille;43.296;5.381;11/08/2026;16:00;33.3;0;SOLEIL;5;0;0
Marseille;43.296;5.381;11/08/2026;17:00;30.9;0;SOLEIL;2;0;0
Marseille;43.296;5.381;11/08/2026;18:00;30.9;0;SOLEIL;2;0;0
Marseille;43.296;5.381;11/08/2026;19:00;30.9;0;SOLEIL;2;0;0
Marseille;43.296;5.381;11/08/2026;20:00;26.9;0;SOLEIL;5;0;0
Marseille;43.296;5.381;11/08/2026;21:00;25.3;0;SOLEIL;5;0;0
Marseille;43.296;5.381;11/08/2026;22:00;23.7;0;SOLEIL;5;0;0
Marseille;43.296;5.381;11/08/2026;23:00;24.1;0;SOLEIL;0;0;0
Marseille;43.296;5.381;12/08/2026;00:00;24.1;0;SOLEIL;0;0;0
Marseille;43.296;5.381;12/08/2026;01:00;24.1;0;SOLEIL;0;0;0
Marseille;43.296;5.381;12/08/2026;02:00;20.6;0;SOLEIL;5;0;0
Marseille;43.296;5.381;12/08/2026;03:00;20.6;0;SOLEIL;5;0;0
Marseille;43.296;5.381;12/08/2026;04:00;20.6;0;SOLEIL;5;0;0
Marseille;43.296;5.381;12/08/2026;05:00;21.5;0;SOLEIL;1;0;0
Marseille;43.296;5.381;12/08/2026;06:00;21.5;0;SOLEIL;1;0;0
Marseille;43.296;5.381;12/08/2026;07:00;21.5;0;SOLEIL;1;0;0
Marseille;43.296;5.381;12/08/2026;08:00;23.9;0;SOLEIL;5;0;0
Marseille;43.296;5.381;12/08/2026;09:00;25.6;0;SOLEIL;5;0;0
Marseille;43.296;5.381;12/08/2026;10:00;27.3;0;SOLEIL;5;0;0
Marseille;43.296;5.381;12/08/2026;11:00;34.2;0;SOLEIL;3;0;0
Marseille;43.296;5.381;12/08/2026;12:00;34.2;0;SOLEIL;3;0;0
Marseille;43.296;5.381;12/08/2026;13:00;34.2;0;SOLEIL;3;0;0
Marseille;43.296;5.381;12/08/2026;14:00;33.9;0;SOLEIL;5;0;0
Marseille;43.296;5.381;12/08/2026;15:00;35.6;0;SOLEIL;5;0;0
Marseille;43.296;5.381;12/08/2026;16:00;33.9;0;SOLEIL;5;0;0
Marseille;43.296;5.381;12/08/2026;17:00;30.6;0;SOLEIL;2;0;0
Marseille;43.296;5.381;12/08/2026;18:00;30.6;0;SOLEIL;2;0;0
Marseille;43.296;5.381;12/08/2026;19:00;30.6;0;SOLEIL;2;0;0
Marseille;43.296;5.381;12/08/2026;20:00;27.3;0;SOLEIL;5;0;0
Marseille;43.296;5.381;12/08/2026;21:00;25.6;0;SOLEIL;5;0;0
Marseille;43.296;5.381;12/08/2026;22:00;23.9;0;SOLEIL;5;0;0
Marseille;43.296;5.381;12/08/2026;23:00;23.9;0;SOLEIL;0;0;0
Saintes-Maries-de-la-Mer;43.45;4.42;08/08/2026;00:00;27.1;0;SOLEIL;5;0;0
Saintes-Maries-de-la-Mer;43.45;4.42;08/08/2026;01:00;27.1;0;SOLEIL;5;0;0
Saintes-Maries-de-la-Mer;43.45;4.42;08/08/2026;02:00;24.5;0;SOLEIL;5;0;0
Saintes-Maries-de-la-Mer;43.45;4.42;08/08/2026;03:00;24.5;0;SOLEIL;5;0;0
Saintes-Maries-de-la-Mer;43.45;4.42;08/08/2026;04:00;24.5;0;SOLEIL;5;0;0
Saintes-Maries-de-la-Mer;43.45;4.42;08/08/2026;05:00;25.1;0;SOLEIL;4;0;0
Saintes-Maries-de-la-Mer;43.45;4.42;08/08/2026;06:00;25.1;0;SOLEIL;4;0;0
Saintes-Maries-de-la-Mer;43.45;4.42;08/08/2026;07:00;25.1;0;SOLEIL;4;0;0
Saintes-Maries-de-la-Mer;43.45;4.42;08/08/2026;08:00;30.5;0;SOLEIL;5;0;0
Saintes-Maries-de-la-Mer;43.45;4.42;08/08/2026;09:00;30.5;0;SOLEIL;5;0;0
Saintes-Maries-de-la-Mer;43.45;4.42;08/08/2026;10:00;30.5;0;SOLEIL;5;0;0
Saintes-Maries-de-la-Mer;43.45;4.42;08/08/2026;11:00;29.9;0;SOLEIL;3;0;0
Saintes-Maries-de-la-Mer;43.45;4.42;08/08/2026;12:00;29.9;0;SOLEIL;3;0;0
Saintes-Maries-de-la-Mer;43.45;4.42;08/08/2026;13:00;29.9;0;SOLEIL;3;0;0
Saintes-Maries-de-la-Mer;43.45;4.42;08/08/2026;14:00;28.6;0;SOLEIL;5;0;0
Saintes-Maries-de-la-Mer;43.45;4.42;08/08/2026;15:00;28.6;0;SOLEIL;5;0;0
Saintes-Maries-de-la-Mer;43.45;4.42;08/08/2026;16:00;28.6;0;SOLEIL;5;0;0
Saintes-Maries-de-la-Mer;43.45;4.42;08/08/2026;17:00;26.6;0;SOLEIL;4;0;0
Saintes-Maries-de-la-Mer;43.45;4.42;08/08/2026;18:00;26.6;0;SOLEIL;4;0;0
Saintes-Maries-de-la-Mer;43.45;4.42;08/08/2026;19:00;26.6;0;SOLEIL;4;0;0
Saintes-Maries-de-la-Mer;43.45;4.42;08/08/2026;20:00;26.2;0;SOLEIL;2;0;0
Saintes-Maries-de-la-Mer;43.45;4.42;08/08/2026;21:00;26.2;0;SOLEIL;2;0;0
Saintes-Maries-de-la-Mer;43.45;4.42;08/08/2026;22:00;26.2;0;SOLEIL;2;0;0
Saintes-Maries-de-la-Mer;43.45;4.42;08/08/2026;23:00;26.1;0;SOLEIL;2;0;0
Saintes-Maries-de-la-Mer;43.45;4.42;09/08/2026;00:00;26.1;0;SOLEIL;2;0;0
Saintes-Maries-de-la-Mer;43.45;4.42;09/08/2026;01:00;26.1;0;SOLEIL;2;0;0
Saintes-Maries-de-la-Mer;43.45;4.42;09/08/2026;02:00;25.1;0;SOLEIL;2;0;0
Saintes-Maries-de-la-Mer;43.45;4.42;09/08/2026;03:00;25.1;0;SOLEIL;2;0;0
Saintes-Maries-de-la-Mer;43.45;4.42;09/08/2026;04:00;25.1;0;SOLEIL;2;0;0
Saintes-Maries-de-la-Mer;43.45;4.42;09/08/2026;05:00;25.7;0;SOLEIL;3;0;0
Saintes-Maries-de-la-Mer;43.45;4.42;09/08/2026;06:00;25.7;0;SOLEIL;3;0;0
Saintes-Maries-de-la-Mer;43.45;4.42;09/08/2026;07:00;25.7;0;SOLEIL;3;0;0
Saintes-Maries-de-la-Mer;43.45;4.42;09/08/2026;08:00;28.1;0;SOLEIL;5;0;0
Saintes-Maries-de-la-Mer;43.45;4.42;09/08/2026;09:00;28.1;0;SOLEIL;5;0;0
Saintes-Maries-de-la-Mer;43.45;4.42;09/08/2026;10:00;28.1;0;SOLEIL;5;0;0
Saintes-Maries-de-la-Mer;43.45;4.42;09/08/2026;11:00;28.6;0;SOLEIL;5;0;0
Saintes-Maries-de-la-Mer;43.45;4.42;09/08/2026;12:00;28.6;0;SOLEIL;5;0;0
Saintes-Maries-de-la-Mer;43.45;4.42;09/08/2026;13:00;28.6;0;SOLEIL;5;0;0
Saintes-Maries-de-la-Mer;43.45;4.42;09/08/2026;14:00;28.1;0;SOLEIL;5;0;0
Saintes-Maries-de-la-Mer;43.45;4.42;09/08/2026;15:00;28.1;0;SOLEIL;5;0;0
Saintes-Maries-de-la-Mer;43.45;4.42;09/08/2026;16:00;28.1;0;SOLEIL;5;0;0
Saintes-Maries-de-la-Mer;43.45;4.42;09/08/2026;17:00;27.2;0;SOLEIL;3;0;0
Saintes-Maries-de-la-Mer;43.45;4.42;09/08/2026;18:00;27.2;0;SOLEIL;3;0;0
Saintes-Maries-de-la-Mer;43.45;4.42;09/08/2026;19:00;27.2;0;SOLEIL;3;0;0
Saintes-Maries-de-la-Mer;43.45;4.42;09/08/2026;20:00;27.0;0;SOLEIL;5;0;0
Saintes-Maries-de-la-Mer;43.45;4.42;09/08/2026;21:00;26.0;0;SOLEIL;5;0;0
Saintes-Maries-de-la-Mer;43.45;4.42;09/08/2026;22:00;25.0;0;SOLEIL;5;0;0
Saintes-Maries-de-la-Mer;43.45;4.42;09/08/2026;23:00;25.4;0;SOLEIL;2;0;0
Saintes-Maries-de-la-Mer;43.45;4.42;10/08/2026;00:00;25.4;0;SOLEIL;2;0;0
Saintes-Maries-de-la-Mer;43.45;4.42;10/08/2026;01:00;25.4;0;SOLEIL;2;0;0
Saintes-Maries-de-la-Mer;43.45;4.42;10/08/2026;02:00;24.1;0;SOLEIL;5;0;0
Saintes-Maries-de-la-Mer;43.45;4.42;10/08/2026;03:00;24.1;0;SOLEIL;5;0;0
Saintes-Maries-de-la-Mer;43.45;4.42;10/08/2026;04:00;24.1;0;SOLEIL;5;0;0
Saintes-Maries-de-la-Mer;43.45;4.42;10/08/2026;05:00;24.1;0;SOLEIL;2;0;0
Saintes-Maries-de-la-Mer;43.45;4.42;10/08/2026;06:00;24.1;0;SOLEIL;2;0;0
Saintes-Maries-de-la-Mer;43.45;4.42;10/08/2026;07:00;24.1;0;SOLEIL;2;0;0
Saintes-Maries-de-la-Mer;43.45;4.42;10/08/2026;08:00;25.4;0;SOLEIL;5;0;0
Saintes-Maries-de-la-Mer;43.45;4.42;10/08/2026;09:00;26.0;0;SOLEIL;5;0;0
Saintes-Maries-de-la-Mer;43.45;4.42;10/08/2026;10:00;26.7;0;SOLEIL;5;0;0
Saintes-Maries-de-la-Mer;43.45;4.42;10/08/2026;11:00;29;0;SOLEIL;4;0;0
Saintes-Maries-de-la-Mer;43.45;4.42;10/08/2026;12:00;29;0;SOLEIL;4;0;0
Saintes-Maries-de-la-Mer;43.45;4.42;10/08/2026;13:00;29;0;SOLEIL;4;0;0
Saintes-Maries-de-la-Mer;43.45;4.42;10/08/2026;14:00;29.3;0;SOLEIL;5;0;0
Saintes-Maries-de-la-Mer;43.45;4.42;10/08/2026;15:00;29.9;0;SOLEIL;5;0;0
Saintes-Maries-de-la-Mer;43.45;4.42;10/08/2026;16:00;29.3;0;SOLEIL;5;0;0
Saintes-Maries-de-la-Mer;43.45;4.42;10/08/2026;17:00;27.1;0;SOLEIL;3;0;0
Saintes-Maries-de-la-Mer;43.45;4.42;10/08/2026;18:00;27.1;0;SOLEIL;3;0;0
Saintes-Maries-de-la-Mer;43.45;4.42;10/08/2026;19:00;27.1;0;SOLEIL;3;0;0
Saintes-Maries-de-la-Mer;43.45;4.42;10/08/2026;20:00;26.7;0;SOLEIL;5;0;0
Saintes-Maries-de-la-Mer;43.45;4.42;10/08/2026;21:00;26.0;0;SOLEIL;5;0;0
Saintes-Maries-de-la-Mer;43.45;4.42;10/08/2026;22:00;25.4;0;SOLEIL;5;0;0
Saintes-Maries-de-la-Mer;43.45;4.42;10/08/2026;23:00;26.1;0;SOLEIL;2;0;0
Saintes-Maries-de-la-Mer;43.45;4.42;11/08/2026;00:00;26.1;0;SOLEIL;2;0;0
Saintes-Maries-de-la-Mer;43.45;4.42;11/08/2026;01:00;26.1;0;SOLEIL;2;0;0
Saintes-Maries-de-la-Mer;43.45;4.42;11/08/2026;02:00;23.6;0;SOLEIL;5;0;0
Saintes-Maries-de-la-Mer;43.45;4.42;11/08/2026;03:00;23.6;0;SOLEIL;5;0;0
Saintes-Maries-de-la-Mer;43.45;4.42;11/08/2026;04:00;23.6;0;SOLEIL;5;0;0
Saintes-Maries-de-la-Mer;43.45;4.42;11/08/2026;05:00;25;0;SOLEIL;3;0;0
Saintes-Maries-de-la-Mer;43.45;4.42;11/08/2026;06:00;25;0;SOLEIL;3;0;0
Saintes-Maries-de-la-Mer;43.45;4.42;11/08/2026;07:00;25;0;SOLEIL;3;0;0
Saintes-Maries-de-la-Mer;43.45;4.42;11/08/2026;08:00;24.9;0;SOLEIL;5;0;0
Saintes-Maries-de-la-Mer;43.45;4.42;11/08/2026;09:00;25.6;0;SOLEIL;5;0;0
Saintes-Maries-de-la-Mer;43.45;4.42;11/08/2026;10:00;26.2;0;SOLEIL;5;0;0
Saintes-Maries-de-la-Mer;43.45;4.42;11/08/2026;11:00;30.2;0;SOLEIL;4;0;0
Saintes-Maries-de-la-Mer;43.45;4.42;11/08/2026;12:00;30.2;0;SOLEIL;4;0;0
Saintes-Maries-de-la-Mer;43.45;4.42;11/08/2026;13:00;30.2;0;SOLEIL;4;0;0
Saintes-Maries-de-la-Mer;43.45;4.42;11/08/2026;14:00;28.8;0;SOLEIL;5;0;0
Saintes-Maries-de-la-Mer;43.45;4.42;11/08/2026;15:00;29.5;0;SOLEIL;5;0;0
Saintes-Maries-de-la-Mer;43.45;4.42;11/08/2026;16:00;28.8;0;SOLEIL;5;0;0
Saintes-Maries-de-la-Mer;43.45;4.42;11/08/2026;17:00;27.2;0;SOLEIL;4;0;0
Saintes-Maries-de-la-Mer;43.45;4.42;11/08/2026;18:00;27.2;0;SOLEIL;4;0;0
Saintes-Maries-de-la-Mer;43.45;4.42;11/08/2026;19:00;27.2;0;SOLEIL;4;0;0
Saintes-Maries-de-la-Mer;43.45;4.42;11/08/2026;20:00;26.2;0;SOLEIL;5;0;0
Saintes-Maries-de-la-Mer;43.45;4.42;11/08/2026;21:00;25.6;0;SOLEIL;5;0;0
Saintes-Maries-de-la-Mer;43.45;4.42;11/08/2026;22:00;24.9;0;SOLEIL;5;0;0
Saintes-Maries-de-la-Mer;43.45;4.42;11/08/2026;23:00;26.2;0;SOLEIL;1;0;0
Saintes-Maries-de-la-Mer;43.45;4.42;12/08/2026;00:00;26.2;0;SOLEIL;1;0;0
Saintes-Maries-de-la-Mer;43.45;4.42;12/08/2026;01:00;26.2;0;SOLEIL;1;0;0
Saintes-Maries-de-la-Mer;43.45;4.42;12/08/2026;02:00;24;0;SOLEIL;5;0;0
Saintes-Maries-de-la-Mer;43.45;4.42;12/08/2026;03:00;24;0;SOLEIL;5;0;0
Saintes-Maries-de-la-Mer;43.45;4.42;12/08/2026;04:00;24;0;SOLEIL;5;0;0
Saintes-Maries-de-la-Mer;43.45;4.42;12/08/2026;05:00;24.4;0;SOLEIL;2;0;0
Saintes-Maries-de-la-Mer;43.45;4.42;12/08/2026;06:00;24.4;0;SOLEIL;2;0;0
Saintes-Maries-de-la-Mer;43.45;4.42;12/08/2026;07:00;24.4;0;SOLEIL;2;0;0
Saintes-Maries-de-la-Mer;43.45;4.42;12/08/2026;08:00;25.5;0;SOLEIL;5;0;0
Saintes-Maries-de-la-Mer;43.45;4.42;12/08/2026;09:00;26.2;0;SOLEIL;5;0;0
Saintes-Maries-de-la-Mer;43.45;4.42;12/08/2026;10:00;27.0;0;SOLEIL;5;0;0
Saintes-Maries-de-la-Mer;43.45;4.42;12/08/2026;11:00;29.4;0;SOLEIL;4;0;0
Saintes-Maries-de-la-Mer;43.45;4.42;12/08/2026;12:00;29.4;0;SOLEIL;4;0;0
Saintes-Maries-de-la-Mer;43.45;4.42;12/08/2026;13:00;29.4;0;SOLEIL;4;0;0
Saintes-Maries-de-la-Mer;43.45;4.42;12/08/2026;14:00;30.0;0;SOLEIL;5;0;0
Saintes-Maries-de-la-Mer;43.45;4.42;12/08/2026;15:00;30.7;0;SOLEIL;5;0;0
Saintes-Maries-de-la-Mer;43.45;4.42;12/08/2026;16:00;30.0;0;SOLEIL;5;0;0
Saintes-Maries-de-la-Mer;43.45;4.42;12/08/2026;17:00;27;0;SOLEIL;3;0;0
Saintes-Maries-de-la-Mer;43.45;4.42;12/08/2026;18:00;27;0;SOLEIL;3;0;0
Saintes-Maries-de-la-Mer;43.45;4.42;12/08/2026;19:00;27;0;SOLEIL;3;0;0
Saintes-Maries-de-la-Mer;43.45;4.42;12/08/2026;20:00;27.0;0;SOLEIL;5;0;0
Saintes-Maries-de-la-Mer;43.45;4.42;12/08/2026;21:00;26.2;0;SOLEIL;5;0;0
Saintes-Maries-de-la-Mer;43.45;4.42;12/08/2026;22:00;25.5;0;SOLEIL;5;0;0
Saintes-Maries-de-la-Mer;43.45;4.42;12/08/2026;23:00;25.6;0;SOLEIL;1;0;0
Castellet;43.2;5.77;08/08/2026;00:00;20.4;0;SOLEIL;1;0;0
Castellet;43.2;5.77;08/08/2026;01:00;20.4;0;SOLEIL;1;0;0
Castellet;43.2;5.77;08/08/2026;02:00;18.1;0;SOLEIL;2;0;0
Castellet;43.2;5.77;08/08/2026;03:00;18.1;0;SOLEIL;2;0;0
Castellet;43.2;5.77;08/08/2026;04:00;18.1;0;SOLEIL;2;0;0
Castellet;43.2;5.77;08/08/2026;05:00;20.1;0;SOLEIL;2;0;0
Castellet;43.2;5.77;08/08/2026;06:00;20.1;0;SOLEIL;2;0;0
Castellet;43.2;5.77;08/08/2026;07:00;20.1;0;SOLEIL;2;0;0
Castellet;43.2;5.77;08/08/2026;08:00;31.1;0;SOLEIL;2;0;0
Castellet;43.2;5.77;08/08/2026;09:00;31.1;0;SOLEIL;2;0;0
Castellet;43.2;5.77;08/08/2026;10:00;31.1;0;SOLEIL;2;0;0
Castellet;43.2;5.77;08/08/2026;11:00;32.1;0;SOLEIL;3;0;0
Castellet;43.2;5.77;08/08/2026;12:00;32.1;0;SOLEIL;3;0;0
Castellet;43.2;5.77;08/08/2026;13:00;32.1;0;SOLEIL;3;0;0
Castellet;43.2;5.77;08/08/2026;14:00;31.6;0;SOLEIL;4;0;0
Castellet;43.2;5.77;08/08/2026;15:00;31.6;0;SOLEIL;4;0;0
Castellet;43.2;5.77;08/08/2026;16:00;31.6;0;SOLEIL;4;0;0
Castellet;43.2;5.77;08/08/2026;17:00;28.9;0;SOLEIL;2;0;0
Castellet;43.2;5.77;08/08/2026;18:00;28.9;0;SOLEIL;2;0;0
Castellet;43.2;5.77;08/08/2026;19:00;28.9;0;SOLEIL;2;0;0
Castellet;43.2;5.77;08/08/2026;20:00;23.4;0;SOLEIL;1;0;0
Castellet;43.2;5.77;08/08/2026;21:00;23.4;0;SOLEIL;1;0;0
Castellet;43.2;5.77;08/08/2026;22:00;23.4;0;SOLEIL;1;0;0
Castellet;43.2;5.77;08/08/2026;23:00;19.9;0;SOLEIL;2;0;0
Castellet;43.2;5.77;09/08/2026;00:00;19.9;0;SOLEIL;2;0;0
Castellet;43.2;5.77;09/08/2026;01:00;19.9;0;SOLEIL;2;0;0
Castellet;43.2;5.77;09/08/2026;02:00;18.5;0;SOLEIL;1;0;0
Castellet;43.2;5.77;09/08/2026;03:00;18.5;0;SOLEIL;1;0;0
Castellet;43.2;5.77;09/08/2026;04:00;18.5;0;SOLEIL;1;0;0
Castellet;43.2;5.77;09/08/2026;05:00;21.4;0;SOLEIL;2;0;0
Castellet;43.2;5.77;09/08/2026;06:00;21.4;0;SOLEIL;2;0;0
Castellet;43.2;5.77;09/08/2026;07:00;21.4;0;SOLEIL;2;0;0
Castellet;43.2;5.77;09/08/2026;08:00;31.2;0;SOLEIL;3;0;0
Castellet;43.2;5.77;09/08/2026;09:00;31.2;0;SOLEIL;3;0;0
Castellet;43.2;5.77;09/08/2026;10:00;31.2;0;SOLEIL;3;0;0
Castellet;43.2;5.77;09/08/2026;11:00;33.4;0;SOLEIL;4;0;0
Castellet;43.2;5.77;09/08/2026;12:00;33.4;0;SOLEIL;4;0;0
Castellet;43.2;5.77;09/08/2026;13:00;33.4;0;SOLEIL;4;0;0
Castellet;43.2;5.77;09/08/2026;14:00;32.4;0;SOLEIL;3;0;0
Castellet;43.2;5.77;09/08/2026;15:00;32.4;0;SOLEIL;3;0;0
Castellet;43.2;5.77;09/08/2026;16:00;32.4;0;SOLEIL;3;0;0
Castellet;43.2;5.77;09/08/2026;17:00;28.7;0;SOLEIL;2;0;0
Castellet;43.2;5.77;09/08/2026;18:00;28.7;0;SOLEIL;2;0;0
Castellet;43.2;5.77;09/08/2026;19:00;28.7;0;SOLEIL;2;0;0
Castellet;43.2;5.77;09/08/2026;20:00;23.9;0;SOLEIL;5;0;0
Castellet;43.2;5.77;09/08/2026;21:00;22.1;0;SOLEIL;5;0;0
Castellet;43.2;5.77;09/08/2026;22:00;20.3;0;SOLEIL;5;0;0
Castellet;43.2;5.77;09/08/2026;23:00;20.5;0;SOLEIL;2;0;0
Castellet;43.2;5.77;10/08/2026;00:00;20.5;0;SOLEIL;2;0;0
Castellet;43.2;5.77;10/08/2026;01:00;20.5;0;SOLEIL;2;0;0
Castellet;43.2;5.77;10/08/2026;02:00;18.1;0;SOLEIL;5;0;0
Castellet;43.2;5.77;10/08/2026;03:00;18.1;0;SOLEIL;5;0;0
Castellet;43.2;5.77;10/08/2026;04:00;18.1;0;SOLEIL;5;0;0
Castellet;43.2;5.77;10/08/2026;05:00;21.2;0;SOLEIL;2;0;0
Castellet;43.2;5.77;10/08/2026;06:00;21.2;0;SOLEIL;2;0;0
Castellet;43.2;5.77;10/08/2026;07:00;21.2;0;SOLEIL;2;0;0
Castellet;43.2;5.77;10/08/2026;08:00;21.6;0;SOLEIL;5;0;0
Castellet;43.2;5.77;10/08/2026;09:00;23.3;0;SOLEIL;5;0;0
Castellet;43.2;5.77;10/08/2026;10:00;25.0;0;SOLEIL;5;0;0
Castellet;43.2;5.77;10/08/2026;11:00;32.9;0;SOLEIL;3;0;0
Castellet;43.2;5.77;10/08/2026;12:00;32.9;0;SOLEIL;3;0;0
Castellet;43.2;5.77;10/08/2026;13:00;32.9;0;SOLEIL;3;0;0
Castellet;43.2;5.77;10/08/2026;14:00;32.0;0;SOLEIL;5;0;0
Castellet;43.2;5.77;10/08/2026;15:00;33.7;0;SOLEIL;5;0;0
Castellet;43.2;5.77;10/08/2026;16:00;32.0;0;SOLEIL;5;0;0
Castellet;43.2;5.77;10/08/2026;17:00;30.4;0;SOLEIL;2;0;0
Castellet;43.2;5.77;10/08/2026;18:00;30.4;0;SOLEIL;2;0;0
Castellet;43.2;5.77;10/08/2026;19:00;30.4;0;SOLEIL;2;0;0
Castellet;43.2;5.77;10/08/2026;20:00;25.0;0;SOLEIL;5;0;0
Castellet;43.2;5.77;10/08/2026;21:00;23.3;0;SOLEIL;5;0;0
Castellet;43.2;5.77;10/08/2026;22:00;21.6;0;SOLEIL;5;0;0
Castellet;43.2;5.77;10/08/2026;23:00;20.7;0;SOLEIL;2;0;0
Castellet;43.2;5.77;11/08/2026;00:00;20.7;0;SOLEIL;2;0;0
Castellet;43.2;5.77;11/08/2026;01:00;20.7;0;SOLEIL;2;0;0
Castellet;43.2;5.77;11/08/2026;02:00;18.1;0;SOLEIL;5;0;0
Castellet;43.2;5.77;11/08/2026;03:00;18.1;0;SOLEIL;5;0;0
Castellet;43.2;5.77;11/08/2026;04:00;18.1;0;SOLEIL;5;0;0
Castellet;43.2;5.77;11/08/2026;05:00;21.2;0;SOLEIL;2;0;0
Castellet;43.2;5.77;11/08/2026;06:00;21.2;0;SOLEIL;2;0;0
Castellet;43.2;5.77;11/08/2026;07:00;21.2;0;SOLEIL;2;0;0
Castellet;43.2;5.77;11/08/2026;08:00;21.7;0;SOLEIL;5;0;0
Castellet;43.2;5.77;11/08/2026;09:00;23.4;0;SOLEIL;5;0;0
Castellet;43.2;5.77;11/08/2026;10:00;25.2;0;SOLEIL;5;0;0
Castellet;43.2;5.77;11/08/2026;11:00;33.1;0;SOLEIL;3;0;0
Castellet;43.2;5.77;11/08/2026;12:00;33.1;0;SOLEIL;3;0;0
Castellet;43.2;5.77;11/08/2026;13:00;33.1;0;SOLEIL;3;0;0
Castellet;43.2;5.77;11/08/2026;14:00;32.3;0;SOLEIL;5;0;0
Castellet;43.2;5.77;11/08/2026;15:00;34.1;0;SOLEIL;5;0;0
Castellet;43.2;5.77;11/08/2026;16:00;32.3;0;SOLEIL;5;0;0
Castellet;43.2;5.77;11/08/2026;17:00;30;0;SOLEIL;2;0;0
Castellet;43.2;5.77;11/08/2026;18:00;30;0;SOLEIL;2;0;0
Castellet;43.2;5.77;11/08/2026;19:00;30;0;SOLEIL;2;0;0
Castellet;43.2;5.77;11/08/2026;20:00;25.2;0;SOLEIL;5;0;0
Castellet;43.2;5.77;11/08/2026;21:00;23.4;0;SOLEIL;5;0;0
Castellet;43.2;5.77;11/08/2026;22:00;21.7;0;SOLEIL;5;0;0
Castellet;43.2;5.77;11/08/2026;23:00;20.4;0;SOLEIL;2;0;0
Castellet;43.2;5.77;12/08/2026;00:00;20.4;0;SOLEIL;2;0;0
Castellet;43.2;5.77;12/08/2026;01:00;20.4;0;SOLEIL;2;0;0
Castellet;43.2;5.77;12/08/2026;02:00;18.1;0;SOLEIL;5;0;0
Castellet;43.2;5.77;12/08/2026;03:00;18.1;0;SOLEIL;5;0;0
Castellet;43.2;5.77;12/08/2026;04:00;18.1;0;SOLEIL;5;0;0
Castellet;43.2;5.77;12/08/2026;05:00;21.2;0;SOLEIL;1;0;0
Castellet;43.2;5.77;12/08/2026;06:00;21.2;0;SOLEIL;1;0;0
Castellet;43.2;5.77;12/08/2026;07:00;21.2;0;SOLEIL;1;0;0
Castellet;43.2;5.77;12/08/2026;08:00;21.7;0;SOLEIL;5;0;0
Castellet;43.2;5.77;12/08/2026;09:00;23.4;0;SOLEIL;5;0;0
Castellet;43.2;5.77;12/08/2026;10:00;25.2;0;SOLEIL;5;0;0
Castellet;43.2;5.77;12/08/2026;11:00;32.5;0;SOLEIL;3;0;0
Castellet;43.2;5.77;12/08/2026;12:00;32.5;0;SOLEIL;3;0;0
Castellet;43.2;5.77;12/08/2026;13:00;32.5;0;SOLEIL;3;0;0
Castellet;43.2;5.77;12/08/2026;14:00;32.3;0;SOLEIL;5;0;0
Castellet;43.2;5.77;12/08/2026;15:00;34.1;0;SOLEIL;5;0;0
Castellet;43.2;5.77;12/08/2026;16:00;32.3;0;SOLEIL;5;0;0
Castellet;43.2;5.77;12/08/2026;17:00;30;0;SOLEIL;2;0;0
Castellet;43.2;5.77;12/08/2026;18:00;30;0;SOLEIL;2;0;0
Castellet;43.2;5.77;12/08/2026;19:00;30;0;SOLEIL;2;0;0
Castellet;43.2;5.77;12/08/2026;20:00;25.2;0;SOLEIL;5;0;0
Castellet;43.2;5.77;12/08/2026;21:00;23.4;0;SOLEIL;5;0;0
Castellet;43.2;5.77;12/08/2026;22:00;21.7;0;SOLEIL;5;0;0
Castellet;43.2;5.77;12/08/2026;23:00;20.5;0;SOLEIL;2;0;0
Draguignan;43.53;6.46;08/08/2026;00:00;23;0;SOLEIL;1;0;0
Draguignan;43.53;6.46;08/08/2026;01:00;23;0;SOLEIL;1;0;0
Draguignan;43.53;6.46;08/08/2026;02:00;21.2;0;SOLEIL;1;0;0
Draguignan;43.53;6.46;08/08/2026;03:00;21.2;0;SOLEIL;1;0;0
Draguignan;43.53;6.46;08/08/2026;04:00;21.2;0;SOLEIL;1;0;0
Draguignan;43.53;6.46;08/08/2026;05:00;24.4;0;SOLEIL;1;0;0
Draguignan;43.53;6.46;08/08/2026;06:00;24.4;0;SOLEIL;1;0;0
Draguignan;43.53;6.46;08/08/2026;07:00;24.4;0;SOLEIL;1;0;0
Draguignan;43.53;6.46;08/08/2026;08:00;31.9;0;SOLEIL;2;0;0
Draguignan;43.53;6.46;08/08/2026;09:00;31.9;0;SOLEIL;2;0;0
Draguignan;43.53;6.46;08/08/2026;10:00;31.9;0;SOLEIL;2;0;0
Draguignan;43.53;6.46;08/08/2026;11:00;34.9;0;SOLEIL;4;0;0
Draguignan;43.53;6.46;08/08/2026;12:00;34.9;0;SOLEIL;4;0;0
Draguignan;43.53;6.46;08/08/2026;13:00;34.9;0;SOLEIL;4;0;0
Draguignan;43.53;6.46;08/08/2026;14:00;33.9;0;SOLEIL;4;0;0
Draguignan;43.53;6.46;08/08/2026;15:00;33.9;0;SOLEIL;4;0;0
Draguignan;43.53;6.46;08/08/2026;16:00;33.9;0;SOLEIL;4;0;0
Draguignan;43.53;6.46;08/08/2026;17:00;30.4;0;SOLEIL;2;0;0
Draguignan;43.53;6.46;08/08/2026;18:00;30.4;0;SOLEIL;2;0;0
Draguignan;43.53;6.46;08/08/2026;19:00;30.4;0;SOLEIL;2;0;0
Draguignan;43.53;6.46;08/08/2026;20:00;26.1;0;SOLEIL;1;0;0
Draguignan;43.53;6.46;08/08/2026;21:00;26.1;0;SOLEIL;1;0;0
Draguignan;43.53;6.46;08/08/2026;22:00;26.1;0;SOLEIL;1;0;0
Draguignan;43.53;6.46;08/08/2026;23:00;23.2;0;SOLEIL;1;0;0
Draguignan;43.53;6.46;09/08/2026;00:00;23.2;0;SOLEIL;1;0;0
Draguignan;43.53;6.46;09/08/2026;01:00;23.2;0;SOLEIL;1;0;0
Draguignan;43.53;6.46;09/08/2026;02:00;22.1;0;SOLEIL;1;0;0
Draguignan;43.53;6.46;09/08/2026;03:00;22.1;0;SOLEIL;1;0;0
Draguignan;43.53;6.46;09/08/2026;04:00;22.1;0;SOLEIL;1;0;0
Draguignan;43.53;6.46;09/08/2026;05:00;25.6;0;SOLEIL;0;0;0
Draguignan;43.53;6.46;09/08/2026;06:00;25.6;0;SOLEIL;0;0;0
Draguignan;43.53;6.46;09/08/2026;07:00;25.6;0;SOLEIL;0;0;0
Draguignan;43.53;6.46;09/08/2026;08:00;32.5;0;SOLEIL;2;0;0
Draguignan;43.53;6.46;09/08/2026;09:00;32.5;0;SOLEIL;2;0;0
Draguignan;43.53;6.46;09/08/2026;10:00;32.5;0;SOLEIL;2;0;0
Draguignan;43.53;6.46;09/08/2026;11:00;35.6;0;SOLEIL;4;0;0
Draguignan;43.53;6.46;09/08/2026;12:00;35.6;0;SOLEIL;4;0;0
Draguignan;43.53;6.46;09/08/2026;13:00;35.6;0;SOLEIL;4;0;0
Draguignan;43.53;6.46;09/08/2026;14:00;35.2;0;SOLEIL;3;0;0
Draguignan;43.53;6.46;09/08/2026;15:00;35.2;0;SOLEIL;3;0;0
Draguignan;43.53;6.46;09/08/2026;16:00;35.2;0;SOLEIL;3;0;0
Draguignan;43.53;6.46;09/08/2026;17:00;31.6;0;SOLEIL;4;0;0
Draguignan;43.53;6.46;09/08/2026;18:00;31.6;0;SOLEIL;4;0;0
Draguignan;43.53;6.46;09/08/2026;19:00;31.6;0;SOLEIL;4;0;0
Draguignan;43.53;6.46;09/08/2026;20:00;26.6;0;SOLEIL;5;0;0
Draguignan;43.53;6.46;09/08/2026;21:00;24.9;0;SOLEIL;5;0;0
Draguignan;43.53;6.46;09/08/2026;22:00;23.1;0;SOLEIL;5;0;0
Draguignan;43.53;6.46;09/08/2026;23:00;23.4;0;SOLEIL;1;0;0
Draguignan;43.53;6.46;10/08/2026;00:00;23.4;0;SOLEIL;1;0;0
Draguignan;43.53;6.46;10/08/2026;01:00;23.4;0;SOLEIL;1;0;0
Draguignan;43.53;6.46;10/08/2026;02:00;21.5;0;SOLEIL;5;0;0
Draguignan;43.53;6.46;10/08/2026;03:00;21.5;0;SOLEIL;5;0;0
Draguignan;43.53;6.46;10/08/2026;04:00;21.5;0;SOLEIL;5;0;0
Draguignan;43.53;6.46;10/08/2026;05:00;24.6;0;SOLEIL;1;0;0
Draguignan;43.53;6.46;10/08/2026;06:00;24.6;0;SOLEIL;1;0;0
Draguignan;43.53;6.46;10/08/2026;07:00;24.6;0;SOLEIL;1;0;0
Draguignan;43.53;6.46;10/08/2026;08:00;24.8;0;SOLEIL;5;0;0
Draguignan;43.53;6.46;10/08/2026;09:00;26.5;0;SOLEIL;5;0;0
Draguignan;43.53;6.46;10/08/2026;10:00;28.1;0;SOLEIL;5;0;0
Draguignan;43.53;6.46;10/08/2026;11:00;36.1;0;SOLEIL;4;0;0
Draguignan;43.53;6.46;10/08/2026;12:00;36.1;0;SOLEIL;4;0;0
Draguignan;43.53;6.46;10/08/2026;13:00;36.1;0;SOLEIL;4;0;0
Draguignan;43.53;6.46;10/08/2026;14:00;34.7;0;SOLEIL;5;0;0
Draguignan;43.53;6.46;10/08/2026;15:00;36.4;0;SOLEIL;5;0;0
Draguignan;43.53;6.46;10/08/2026;16:00;34.7;0;SOLEIL;5;0;0
Draguignan;43.53;6.46;10/08/2026;17:00;32.4;6;AVERSES;3;0;0
Draguignan;43.53;6.46;10/08/2026;18:00;32.4;6;AVERSES;3;0;0
Draguignan;43.53;6.46;10/08/2026;19:00;32.4;6;AVERSES;3;0;0
Draguignan;43.53;6.46;10/08/2026;20:00;28.1;0;SOLEIL;5;0;0
Draguignan;43.53;6.46;10/08/2026;21:00;26.5;0;SOLEIL;5;0;0
Draguignan;43.53;6.46;10/08/2026;22:00;24.8;0;SOLEIL;5;0;0
Draguignan;43.53;6.46;10/08/2026;23:00;23.9;0;SOLEIL;2;0;0
Draguignan;43.53;6.46;11/08/2026;00:00;23.9;0;SOLEIL;2;0;0
Draguignan;43.53;6.46;11/08/2026;01:00;23.9;0;SOLEIL;2;0;0
Draguignan;43.53;6.46;11/08/2026;02:00;21.1;0;SOLEIL;5;0;0
Draguignan;43.53;6.46;11/08/2026;03:00;21.1;0;SOLEIL;5;0;0
Draguignan;43.53;6.46;11/08/2026;04:00;21.1;0;SOLEIL;5;0;0
Draguignan;43.53;6.46;11/08/2026;05:00;23.9;0;SOLEIL;1;0;0
Draguignan;43.53;6.46;11/08/2026;06:00;23.9;0;SOLEIL;1;0;0
Draguignan;43.53;6.46;11/08/2026;07:00;23.9;0;SOLEIL;1;0;0
Draguignan;43.53;6.46;11/08/2026;08:00;24.7;0;SOLEIL;5;0;0
Draguignan;43.53;6.46;11/08/2026;09:00;26.5;0;SOLEIL;5;0;0
Draguignan;43.53;6.46;11/08/2026;10:00;28.3;0;SOLEIL;5;0;0
Draguignan;43.53;6.46;11/08/2026;11:00;36.5;0;SOLEIL;3;0;0
Draguignan;43.53;6.46;11/08/2026;12:00;36.5;0;SOLEIL;3;0;0
Draguignan;43.53;6.46;11/08/2026;13:00;36.5;0;SOLEIL;3;0;0
Draguignan;43.53;6.46;11/08/2026;14:00;35.4;0;SOLEIL;5;0;0
Draguignan;43.53;6.46;11/08/2026;15:00;37.2;0;SOLEIL;5;0;0
Draguignan;43.53;6.46;11/08/2026;16:00;35.4;0;SOLEIL;5;0;0
Draguignan;43.53;6.46;11/08/2026;17:00;31.4;6;AVERSES;2;0;0
Draguignan;43.53;6.46;11/08/2026;18:00;31.4;6;AVERSES;2;0;0
Draguignan;43.53;6.46;11/08/2026;19:00;31.4;6;AVERSES;2;0;0
Draguignan;43.53;6.46;11/08/2026;20:00;28.3;0;SOLEIL;5;0;0
Draguignan;43.53;6.46;11/08/2026;21:00;26.5;0;SOLEIL;5;0;0
Draguignan;43.53;6.46;11/08/2026;22:00;24.7;0;SOLEIL;5;0;0
Draguignan;43.53;6.46;11/08/2026;23:00;23.6;0;SOLEIL;1;0;0
Draguignan;43.53;6.46;12/08/2026;00:00;23.6;0;SOLEIL;1;0;0
Draguignan;43.53;6.46;12/08/2026;01:00;23.6;0;SOLEIL;1;0;0
Draguignan;43.53;6.46;12/08/2026;02:00;21.1;0;SOLEIL;5;0;0
Draguignan;43.53;6.46;12/08/2026;03:00;21.1;0;SOLEIL;5;0;0
Draguignan;43.53;6.46;12/08/2026;04:00;21.1;0;SOLEIL;5;0;0
Draguignan;43.53;6.46;12/08/2026;05:00;25.1;0;SOLEIL;1;0;0
Draguignan;43.53;6.46;12/08/2026;06:00;25.1;0;SOLEIL;1;0;0
Draguignan;43.53;6.46;12/08/2026;07:00;25.1;0;SOLEIL;1;0;0
Draguignan;43.53;6.46;12/08/2026;08:00;24.6;0;SOLEIL;5;0;0
Draguignan;43.53;6.46;12/08/2026;09:00;26.4;0;SOLEIL;5;0;0
Draguignan;43.53;6.46;12/08/2026;10:00;28.1;0;SOLEIL;5;0;0
Draguignan;43.53;6.46;12/08/2026;11:00;35.7;0;SOLEIL;3;0;0
Draguignan;43.53;6.46;12/08/2026;12:00;35.7;0;SOLEIL;3;0;0
Draguignan;43.53;6.46;12/08/2026;13:00;35.7;0;SOLEIL;3;0;0
Draguignan;43.53;6.46;12/08/2026;14:00;35.1;0;SOLEIL;5;0;0
Draguignan;43.53;6.46;12/08/2026;15:00;36.9;0;SOLEIL;5;0;0
Draguignan;43.53;6.46;12/08/2026;16:00;35.1;0;SOLEIL;5;0;0
Draguignan;43.53;6.46;12/08/2026;17:00;29.4;0;SOLEIL;2;0;0
Draguignan;43.53;6.46;12/08/2026;18:00;29.4;0;SOLEIL;2;0;0
Draguignan;43.53;6.46;12/08/2026;19:00;29.4;0;SOLEIL;2;0;0
Draguignan;43.53;6.46;12/08/2026;20:00;28.1;0;SOLEIL;5;0;0
Draguignan;43.53;6.46;12/08/2026;21:00;26.4;0;SOLEIL;5;0;0
Draguignan;43.53;6.46;12/08/2026;22:00;24.6;0;SOLEIL;5;0;0
Draguignan;43.53;6.46;12/08/2026;23:00;24.6;0;SOLEIL;2;0;0
Gonfaron;43.31;6.29;08/08/2026;00:00;20.6;0;SOLEIL;3;0;0
Gonfaron;43.31;6.29;08/08/2026;01:00;20.6;0;SOLEIL;3;0;0
Gonfaron;43.31;6.29;08/08/2026;02:00;17.9;0;SOLEIL;0;0;0
Gonfaron;43.31;6.29;08/08/2026;03:00;17.9;0;SOLEIL;0;0;0
Gonfaron;43.31;6.29;08/08/2026;04:00;17.9;0;SOLEIL;0;0;0
Gonfaron;43.31;6.29;08/08/2026;05:00;22.2;0;SOLEIL;1;0;0
Gonfaron;43.31;6.29;08/08/2026;06:00;22.2;0;SOLEIL;1;0;0
Gonfaron;43.31;6.29;08/08/2026;07:00;22.2;0;SOLEIL;1;0;0
Gonfaron;43.31;6.29;08/08/2026;08:00;31.7;0;SOLEIL;0;0;0
Gonfaron;43.31;6.29;08/08/2026;09:00;31.7;0;SOLEIL;0;0;0
Gonfaron;43.31;6.29;08/08/2026;10:00;31.7;0;SOLEIL;0;0;0
Gonfaron;43.31;6.29;08/08/2026;11:00;35.9;0;SOLEIL;3;0;0
Gonfaron;43.31;6.29;08/08/2026;12:00;35.9;0;SOLEIL;3;0;0
Gonfaron;43.31;6.29;08/08/2026;13:00;35.9;0;SOLEIL;3;0;0
Gonfaron;43.31;6.29;08/08/2026;14:00;34.1;0;SOLEIL;4;0;0
Gonfaron;43.31;6.29;08/08/2026;15:00;34.1;0;SOLEIL;4;0;0
Gonfaron;43.31;6.29;08/08/2026;16:00;34.1;0;SOLEIL;4;0;0
Gonfaron;43.31;6.29;08/08/2026;17:00;29.9;0;SOLEIL;2;0;0
Gonfaron;43.31;6.29;08/08/2026;18:00;29.9;0;SOLEIL;2;0;0
Gonfaron;43.31;6.29;08/08/2026;19:00;29.9;0;SOLEIL;2;0;0
Gonfaron;43.31;6.29;08/08/2026;20:00;23.6;0;SOLEIL;0;0;0
Gonfaron;43.31;6.29;08/08/2026;21:00;23.6;0;SOLEIL;0;0;0
Gonfaron;43.31;6.29;08/08/2026;22:00;23.6;0;SOLEIL;0;0;0
Gonfaron;43.31;6.29;08/08/2026;23:00;20.9;0;SOLEIL;1;0;0
Gonfaron;43.31;6.29;09/08/2026;00:00;20.9;0;SOLEIL;1;0;0
Gonfaron;43.31;6.29;09/08/2026;01:00;20.9;0;SOLEIL;1;0;0
Gonfaron;43.31;6.29;09/08/2026;02:00;19.1;0;SOLEIL;1;0;0
Gonfaron;43.31;6.29;09/08/2026;03:00;19.1;0;SOLEIL;1;0;0
Gonfaron;43.31;6.29;09/08/2026;04:00;19.1;0;SOLEIL;1;0;0
Gonfaron;43.31;6.29;09/08/2026;05:00;22.7;0;SOLEIL;1;0;0
Gonfaron;43.31;6.29;09/08/2026;06:00;22.7;0;SOLEIL;1;0;0
Gonfaron;43.31;6.29;09/08/2026;07:00;22.7;0;SOLEIL;1;0;0
Gonfaron;43.31;6.29;09/08/2026;08:00;32.6;0;SOLEIL;2;0;0
Gonfaron;43.31;6.29;09/08/2026;09:00;32.6;0;SOLEIL;2;0;0
Gonfaron;43.31;6.29;09/08/2026;10:00;32.6;0;SOLEIL;2;0;0
Gonfaron;43.31;6.29;09/08/2026;11:00;36.2;0;SOLEIL;3;0;0
Gonfaron;43.31;6.29;09/08/2026;12:00;36.2;0;SOLEIL;3;0;0
Gonfaron;43.31;6.29;09/08/2026;13:00;36.2;0;SOLEIL;3;0;0
Gonfaron;43.31;6.29;09/08/2026;14:00;34.6;10;ORAGEUX;4;0;0
Gonfaron;43.31;6.29;09/08/2026;15:00;34.6;10;ORAGEUX;4;0;0
Gonfaron;43.31;6.29;09/08/2026;16:00;34.6;10;ORAGEUX;4;0;0
Gonfaron;43.31;6.29;09/08/2026;17:00;30.4;0;SOLEIL;2;0;0
Gonfaron;43.31;6.29;09/08/2026;18:00;30.4;0;SOLEIL;2;0;0
Gonfaron;43.31;6.29;09/08/2026;19:00;30.4;0;SOLEIL;2;0;0
Gonfaron;43.31;6.29;09/08/2026;20:00;25.6;0;SOLEIL;5;0;0
Gonfaron;43.31;6.29;09/08/2026;21:00;23.3;0;SOLEIL;5;0;0
Gonfaron;43.31;6.29;09/08/2026;22:00;21.0;0;SOLEIL;5;0;0
Gonfaron;43.31;6.29;09/08/2026;23:00;20.9;0;SOLEIL;1;0;0
Gonfaron;43.31;6.29;10/08/2026;00:00;20.9;0;SOLEIL;1;0;0
Gonfaron;43.31;6.29;10/08/2026;01:00;20.9;0;SOLEIL;1;0;0
Gonfaron;43.31;6.29;10/08/2026;02:00;18;10;ORAGEUX;5;0;0
Gonfaron;43.31;6.29;10/08/2026;03:00;18;10;ORAGEUX;5;0;0
Gonfaron;43.31;6.29;10/08/2026;04:00;18;10;ORAGEUX;5;0;0
Gonfaron;43.31;6.29;10/08/2026;05:00;22.7;0;SOLEIL;2;0;0
Gonfaron;43.31;6.29;10/08/2026;06:00;22.7;0;SOLEIL;2;0;0
Gonfaron;43.31;6.29;10/08/2026;07:00;22.7;0;SOLEIL;2;0;0
Gonfaron;43.31;6.29;10/08/2026;08:00;22.2;10;ORAGEUX;5;0;0
Gonfaron;43.31;6.29;10/08/2026;09:00;24.4;10;ORAGEUX;5;0;0
Gonfaron;43.31;6.29;10/08/2026;10:00;26.5;10;ORAGEUX;5;0;0
Gonfaron;43.31;6.29;10/08/2026;11:00;37.1;0;SOLEIL;3;0;0
Gonfaron;43.31;6.29;10/08/2026;12:00;37.1;0;SOLEIL;3;0;0
Gonfaron;43.31;6.29;10/08/2026;13:00;37.1;0;SOLEIL;3;0;0
Gonfaron;43.31;6.29;10/08/2026;14:00;35.0;10;ORAGEUX;5;0;0
Gonfaron;43.31;6.29;10/08/2026;15:00;37.1;10;ORAGEUX;5;0;0
Gonfaron;43.31;6.29;10/08/2026;16:00;35.0;10;ORAGEUX;5;0;0
Gonfaron;43.31;6.29;10/08/2026;17:00;31.7;6;AVERSES;2;0;0
Gonfaron;43.31;6.29;10/08/2026;18:00;31.7;6;AVERSES;2;0;0
Gonfaron;43.31;6.29;10/08/2026;19:00;31.7;6;AVERSES;2;0;0
Gonfaron;43.31;6.29;10/08/2026;20:00;26.5;10;ORAGEUX;5;0;0
Gonfaron;43.31;6.29;10/08/2026;21:00;24.4;10;ORAGEUX;5;0;0
Gonfaron;43.31;6.29;10/08/2026;22:00;22.2;10;ORAGEUX;5;0;0
Gonfaron;43.31;6.29;10/08/2026;23:00;20.9;0;SOLEIL;2;0;0
Gonfaron;43.31;6.29;11/08/2026;00:00;20.9;0;SOLEIL;2;0;0
Gonfaron;43.31;6.29;11/08/2026;01:00;20.9;0;SOLEIL;2;0;0
Gonfaron;43.31;6.29;11/08/2026;02:00;18.1;0;SOLEIL;5;0;0
Gonfaron;43.31;6.29;11/08/2026;03:00;18.1;0;SOLEIL;5;0;0
Gonfaron;43.31;6.29;11/08/2026;04:00;18.1;0;SOLEIL;5;0;0
Gonfaron;43.31;6.29;11/08/2026;05:00;22.1;0;SOLEIL;2;0;0
Gonfaron;43.31;6.29;11/08/2026;06:00;22.1;0;SOLEIL;2;0;0
Gonfaron;43.31;6.29;11/08/2026;07:00;22.1;0;SOLEIL;2;0;0
Gonfaron;43.31;6.29;11/08/2026;08:00;22.4;0;SOLEIL;5;0;0
Gonfaron;43.31;6.29;11/08/2026;09:00;24.6;0;SOLEIL;5;0;0
Gonfaron;43.31;6.29;11/08/2026;10:00;26.8;0;SOLEIL;5;0;0
Gonfaron;43.31;6.29;11/08/2026;11:00;36.1;6;AVERSES;3;0;0
Gonfaron;43.31;6.29;11/08/2026;12:00;36.1;6;AVERSES;3;0;0
Gonfaron;43.31;6.29;11/08/2026;13:00;36.1;6;AVERSES;3;0;0
Gonfaron;43.31;6.29;11/08/2026;14:00;35.4;0;SOLEIL;5;0;0
Gonfaron;43.31;6.29;11/08/2026;15:00;37.6;0;SOLEIL;5;0;0
Gonfaron;43.31;6.29;11/08/2026;16:00;35.4;0;SOLEIL;5;0;0
Gonfaron;43.31;6.29;11/08/2026;17:00;30.6;6;AVERSES;2;0;0
Gonfaron;43.31;6.29;11/08/2026;18:00;30.6;6;AVERSES;2;0;0
Gonfaron;43.31;6.29;11/08/2026;19:00;30.6;6;AVERSES;2;0;0
Gonfaron;43.31;6.29;11/08/2026;20:00;26.8;0;SOLEIL;5;0;0
Gonfaron;43.31;6.29;11/08/2026;21:00;24.6;0;SOLEIL;5;0;0
Gonfaron;43.31;6.29;11/08/2026;22:00;22.4;0;SOLEIL;5;0;0
Gonfaron;43.31;6.29;11/08/2026;23:00;20.5;0;SOLEIL;2;0;0
Gonfaron;43.31;6.29;12/08/2026;00:00;20.5;0;SOLEIL;2;0;0
Gonfaron;43.31;6.29;12/08/2026;01:00;20.5;0;SOLEIL;2;0;0
Gonfaron;43.31;6.29;12/08/2026;02:00;18.7;6;AVERSES;5;0;0
Gonfaron;43.31;6.29;12/08/2026;03:00;18.7;6;AVERSES;5;0;0
Gonfaron;43.31;6.29;12/08/2026;04:00;18.7;6;AVERSES;5;0;0
Gonfaron;43.31;6.29;12/08/2026;05:00;22.1;0;SOLEIL;2;0;0
Gonfaron;43.31;6.29;12/08/2026;06:00;22.1;0;SOLEIL;2;0;0
Gonfaron;43.31;6.29;12/08/2026;07:00;22.1;0;SOLEIL;2;0;0
Gonfaron;43.31;6.29;12/08/2026;08:00;22.7;6;AVERSES;5;0;0
Gonfaron;43.31;6.29;12/08/2026;09:00;24.7;6;AVERSES;5;0;0
Gonfaron;43.31;6.29;12/08/2026;10:00;26.7;6;AVERSES;5;0;0
Gonfaron;43.31;6.29;12/08/2026;11:00;35.6;0;SOLEIL;3;0;0
Gonfaron;43.31;6.29;12/08/2026;12:00;35.6;0;SOLEIL;3;0;0
Gonfaron;43.31;6.29;12/08/2026;13:00;35.6;0;SOLEIL;3;0;0
Gonfaron;43.31;6.29;12/08/2026;14:00;34.6;6;AVERSES;5;0;0
Gonfaron;43.31;6.29;12/08/2026;15:00;36.6;6;AVERSES;5;0;0
Gonfaron;43.31;6.29;12/08/2026;16:00;34.6;6;AVERSES;5;0;0
Gonfaron;43.31;6.29;12/08/2026;17:00;30.5;0;SOLEIL;2;0;0
Gonfaron;43.31;6.29;12/08/2026;18:00;30.5;0;SOLEIL;2;0;0
Gonfaron;43.31;6.29;12/08/2026;19:00;30.5;0;SOLEIL;2;0;0
Gonfaron;43.31;6.29;12/08/2026;20:00;26.7;6;AVERSES;5;0;0
Gonfaron;43.31;6.29;12/08/2026;21:00;24.7;6;AVERSES;5;0;0
Gonfaron;43.31;6.29;12/08/2026;22:00;22.7;6;AVERSES;5;0;0
Gonfaron;43.31;6.29;12/08/2026;23:00;21.2;0;SOLEIL;2;0;0
Saint-Maximin;43.45;5.86;08/08/2026;00:00;20.7;0;SOLEIL;2;0;0
Saint-Maximin;43.45;5.86;08/08/2026;01:00;20.7;0;SOLEIL;2;0;0
Saint-Maximin;43.45;5.86;08/08/2026;02:00;17.9;0;SOLEIL;1;0;0
Saint-Maximin;43.45;5.86;08/08/2026;03:00;17.9;0;SOLEIL;1;0;0
Saint-Maximin;43.45;5.86;08/08/2026;04:00;17.9;0;SOLEIL;1;0;0
Saint-Maximin;43.45;5.86;08/08/2026;05:00;19.9;0;SOLEIL;1;0;0
Saint-Maximin;43.45;5.86;08/08/2026;06:00;19.9;0;SOLEIL;1;0;0
Saint-Maximin;43.45;5.86;08/08/2026;07:00;19.9;0;SOLEIL;1;0;0
Saint-Maximin;43.45;5.86;08/08/2026;08:00;30.7;0;SOLEIL;2;0;0
Saint-Maximin;43.45;5.86;08/08/2026;09:00;30.7;0;SOLEIL;2;0;0
Saint-Maximin;43.45;5.86;08/08/2026;10:00;30.7;0;SOLEIL;2;0;0
Saint-Maximin;43.45;5.86;08/08/2026;11:00;36.1;0;SOLEIL;3;0;0
Saint-Maximin;43.45;5.86;08/08/2026;12:00;36.1;0;SOLEIL;3;0;0
Saint-Maximin;43.45;5.86;08/08/2026;13:00;36.1;0;SOLEIL;3;0;0
Saint-Maximin;43.45;5.86;08/08/2026;14:00;34.1;0;SOLEIL;4;0;0
Saint-Maximin;43.45;5.86;08/08/2026;15:00;34.1;0;SOLEIL;4;0;0
Saint-Maximin;43.45;5.86;08/08/2026;16:00;34.1;0;SOLEIL;4;0;0
Saint-Maximin;43.45;5.86;08/08/2026;17:00;31.1;0;SOLEIL;3;0;0
Saint-Maximin;43.45;5.86;08/08/2026;18:00;31.1;0;SOLEIL;3;0;0
Saint-Maximin;43.45;5.86;08/08/2026;19:00;31.1;0;SOLEIL;3;0;0
Saint-Maximin;43.45;5.86;08/08/2026;20:00;22.9;0;SOLEIL;0;0;0
Saint-Maximin;43.45;5.86;08/08/2026;21:00;22.9;0;SOLEIL;0;0;0
Saint-Maximin;43.45;5.86;08/08/2026;22:00;22.9;0;SOLEIL;0;0;0
Saint-Maximin;43.45;5.86;08/08/2026;23:00;21.1;0;SOLEIL;1;0;0
Saint-Maximin;43.45;5.86;09/08/2026;00:00;21.1;0;SOLEIL;1;0;0
Saint-Maximin;43.45;5.86;09/08/2026;01:00;21.1;0;SOLEIL;1;0;0
Saint-Maximin;43.45;5.86;09/08/2026;02:00;18.6;0;SOLEIL;1;0;0
Saint-Maximin;43.45;5.86;09/08/2026;03:00;18.6;0;SOLEIL;1;0;0
Saint-Maximin;43.45;5.86;09/08/2026;04:00;18.6;0;SOLEIL;1;0;0
Saint-Maximin;43.45;5.86;09/08/2026;05:00;22;0;SOLEIL;1;0;0
Saint-Maximin;43.45;5.86;09/08/2026;06:00;22;0;SOLEIL;1;0;0
Saint-Maximin;43.45;5.86;09/08/2026;07:00;22;0;SOLEIL;1;0;0
Saint-Maximin;43.45;5.86;09/08/2026;08:00;31.1;0;SOLEIL;3;0;0
Saint-Maximin;43.45;5.86;09/08/2026;09:00;31.1;0;SOLEIL;3;0;0
Saint-Maximin;43.45;5.86;09/08/2026;10:00;31.1;0;SOLEIL;3;0;0
Saint-Maximin;43.45;5.86;09/08/2026;11:00;34.5;0;SOLEIL;3;0;0
Saint-Maximin;43.45;5.86;09/08/2026;12:00;34.5;0;SOLEIL;3;0;0
Saint-Maximin;43.45;5.86;09/08/2026;13:00;34.5;0;SOLEIL;3;0;0
Saint-Maximin;43.45;5.86;09/08/2026;14:00;34.1;0;SOLEIL;3;0;0
Saint-Maximin;43.45;5.86;09/08/2026;15:00;34.1;0;SOLEIL;3;0;0
Saint-Maximin;43.45;5.86;09/08/2026;16:00;34.1;0;SOLEIL;3;0;0
Saint-Maximin;43.45;5.86;09/08/2026;17:00;29.7;0;SOLEIL;2;0;0
Saint-Maximin;43.45;5.86;09/08/2026;18:00;29.7;0;SOLEIL;2;0;0
Saint-Maximin;43.45;5.86;09/08/2026;19:00;29.7;0;SOLEIL;2;0;0
Saint-Maximin;43.45;5.86;09/08/2026;20:00;25.2;0;SOLEIL;5;0;0
Saint-Maximin;43.45;5.86;09/08/2026;21:00;23.0;0;SOLEIL;5;0;0
Saint-Maximin;43.45;5.86;09/08/2026;22:00;20.7;0;SOLEIL;5;0;0
Saint-Maximin;43.45;5.86;09/08/2026;23:00;20.5;0;SOLEIL;2;0;0
Saint-Maximin;43.45;5.86;10/08/2026;00:00;20.5;0;SOLEIL;2;0;0
Saint-Maximin;43.45;5.86;10/08/2026;01:00;20.5;0;SOLEIL;2;0;0
Saint-Maximin;43.45;5.86;10/08/2026;02:00;17.9;0;SOLEIL;5;0;0
Saint-Maximin;43.45;5.86;10/08/2026;03:00;17.9;0;SOLEIL;5;0;0
Saint-Maximin;43.45;5.86;10/08/2026;04:00;17.9;0;SOLEIL;5;0;0
Saint-Maximin;43.45;5.86;10/08/2026;05:00;21.2;0;SOLEIL;0;0;0
Saint-Maximin;43.45;5.86;10/08/2026;06:00;21.2;0;SOLEIL;0;0;0
Saint-Maximin;43.45;5.86;10/08/2026;07:00;21.2;0;SOLEIL;0;0;0
Saint-Maximin;43.45;5.86;10/08/2026;08:00;21.8;0;SOLEIL;5;0;0
Saint-Maximin;43.45;5.86;10/08/2026;09:00;23.7;0;SOLEIL;5;0;0
Saint-Maximin;43.45;5.86;10/08/2026;10:00;25.7;0;SOLEIL;5;0;0
Saint-Maximin;43.45;5.86;10/08/2026;11:00;35.5;0;SOLEIL;3;0;0
Saint-Maximin;43.45;5.86;10/08/2026;12:00;35.5;0;SOLEIL;3;0;0
Saint-Maximin;43.45;5.86;10/08/2026;13:00;35.5;0;SOLEIL;3;0;0
Saint-Maximin;43.45;5.86;10/08/2026;14:00;33.5;0;SOLEIL;5;0;0
Saint-Maximin;43.45;5.86;10/08/2026;15:00;35.4;0;SOLEIL;5;0;0
Saint-Maximin;43.45;5.86;10/08/2026;16:00;33.5;0;SOLEIL;5;0;0
Saint-Maximin;43.45;5.86;10/08/2026;17:00;31.5;0;SOLEIL;3;0;0
Saint-Maximin;43.45;5.86;10/08/2026;18:00;31.5;0;SOLEIL;3;0;0
Saint-Maximin;43.45;5.86;10/08/2026;19:00;31.5;0;SOLEIL;3;0;0
Saint-Maximin;43.45;5.86;10/08/2026;20:00;25.7;0;SOLEIL;5;0;0
Saint-Maximin;43.45;5.86;10/08/2026;21:00;23.7;0;SOLEIL;5;0;0
Saint-Maximin;43.45;5.86;10/08/2026;22:00;21.8;0;SOLEIL;5;0;0
Saint-Maximin;43.45;5.86;10/08/2026;23:00;20.9;0;SOLEIL;1;0;0
Saint-Maximin;43.45;5.86;11/08/2026;00:00;20.9;0;SOLEIL;1;0;0
Saint-Maximin;43.45;5.86;11/08/2026;01:00;20.9;0;SOLEIL;1;0;0
Saint-Maximin;43.45;5.86;11/08/2026;02:00;17.7;0;SOLEIL;5;0;0
Saint-Maximin;43.45;5.86;11/08/2026;03:00;17.7;0;SOLEIL;5;0;0
Saint-Maximin;43.45;5.86;11/08/2026;04:00;17.7;0;SOLEIL;5;0;0
Saint-Maximin;43.45;5.86;11/08/2026;05:00;20;0;SOLEIL;0;0;0
Saint-Maximin;43.45;5.86;11/08/2026;06:00;20;0;SOLEIL;0;0;0
Saint-Maximin;43.45;5.86;11/08/2026;07:00;20;0;SOLEIL;0;0;0
Saint-Maximin;43.45;5.86;11/08/2026;08:00;21.8;0;SOLEIL;5;0;0
Saint-Maximin;43.45;5.86;11/08/2026;09:00;23.8;0;SOLEIL;5;0;0
Saint-Maximin;43.45;5.86;11/08/2026;10:00;25.9;0;SOLEIL;5;0;0
Saint-Maximin;43.45;5.86;11/08/2026;11:00;34.6;0;SOLEIL;3;0;0
Saint-Maximin;43.45;5.86;11/08/2026;12:00;34.6;0;SOLEIL;3;0;0
Saint-Maximin;43.45;5.86;11/08/2026;13:00;34.6;0;SOLEIL;3;0;0
Saint-Maximin;43.45;5.86;11/08/2026;14:00;34.1;0;SOLEIL;5;0;0
Saint-Maximin;43.45;5.86;11/08/2026;15:00;36.1;0;SOLEIL;5;0;0
Saint-Maximin;43.45;5.86;11/08/2026;16:00;34.1;0;SOLEIL;5;0;0
Saint-Maximin;43.45;5.86;11/08/2026;17:00;31.6;0;SOLEIL;3;0;0
Saint-Maximin;43.45;5.86;11/08/2026;18:00;31.6;0;SOLEIL;3;0;0
Saint-Maximin;43.45;5.86;11/08/2026;19:00;31.6;0;SOLEIL;3;0;0
Saint-Maximin;43.45;5.86;11/08/2026;20:00;25.9;0;SOLEIL;5;0;0
Saint-Maximin;43.45;5.86;11/08/2026;21:00;23.8;0;SOLEIL;5;0;0
Saint-Maximin;43.45;5.86;11/08/2026;22:00;21.8;0;SOLEIL;5;0;0
Saint-Maximin;43.45;5.86;11/08/2026;23:00;20.4;0;SOLEIL;0;0;0
Saint-Maximin;43.45;5.86;12/08/2026;00:00;20.4;0;SOLEIL;0;0;0
Saint-Maximin;43.45;5.86;12/08/2026;01:00;20.4;0;SOLEIL;0;0;0
Saint-Maximin;43.45;5.86;12/08/2026;02:00;17.1;0;SOLEIL;5;0;0
Saint-Maximin;43.45;5.86;12/08/2026;03:00;17.1;0;SOLEIL;5;0;0
Saint-Maximin;43.45;5.86;12/08/2026;04:00;17.1;0;SOLEIL;5;0;0
Saint-Maximin;43.45;5.86;12/08/2026;05:00;20.4;0;SOLEIL;1;0;0
Saint-Maximin;43.45;5.86;12/08/2026;06:00;20.4;0;SOLEIL;1;0;0
Saint-Maximin;43.45;5.86;12/08/2026;07:00;20.4;0;SOLEIL;1;0;0
Saint-Maximin;43.45;5.86;12/08/2026;08:00;21.3;0;SOLEIL;5;0;0
Saint-Maximin;43.45;5.86;12/08/2026;09:00;23.4;0;SOLEIL;5;0;0
Saint-Maximin;43.45;5.86;12/08/2026;10:00;25.5;0;SOLEIL;5;0;0
Saint-Maximin;43.45;5.86;12/08/2026;11:00;35.6;0;SOLEIL;2;0;0
Saint-Maximin;43.45;5.86;12/08/2026;12:00;35.6;0;SOLEIL;2;0;0
Saint-Maximin;43.45;5.86;12/08/2026;13:00;35.6;0;SOLEIL;2;0;0
Saint-Maximin;43.45;5.86;12/08/2026;14:00;34.0;0;SOLEIL;5;0;0
Saint-Maximin;43.45;5.86;12/08/2026;15:00;36.1;0;SOLEIL;5;0;0
Saint-Maximin;43.45;5.86;12/08/2026;16:00;34.0;0;SOLEIL;5;0;0
Saint-Maximin;43.45;5.86;12/08/2026;17:00;31;0;SOLEIL;3;0;0
Saint-Maximin;43.45;5.86;12/08/2026;18:00;31;0;SOLEIL;3;0;0
Saint-Maximin;43.45;5.86;12/08/2026;19:00;31;0;SOLEIL;3;0;0
Saint-Maximin;43.45;5.86;12/08/2026;20:00;25.5;0;SOLEIL;5;0;0
Saint-Maximin;43.45;5.86;12/08/2026;21:00;23.4;0;SOLEIL;5;0;0
Saint-Maximin;43.45;5.86;12/08/2026;22:00;21.3;0;SOLEIL;5;0;0
Saint-Maximin;43.45;5.86;12/08/2026;23:00;21.7;0;SOLEIL;0;0;0
Saint-Tropez;43.27;6.64;08/08/2026;00:00;26.4;0;SOLEIL;2;0;0
Saint-Tropez;43.27;6.64;08/08/2026;01:00;26.4;0;SOLEIL;2;0;0
Saint-Tropez;43.27;6.64;08/08/2026;02:00;25.1;0;SOLEIL;2;0;0
Saint-Tropez;43.27;6.64;08/08/2026;03:00;25.1;0;SOLEIL;2;0;0
Saint-Tropez;43.27;6.64;08/08/2026;04:00;25.1;0;SOLEIL;2;0;0
Saint-Tropez;43.27;6.64;08/08/2026;05:00;26.1;0;SOLEIL;3;0;0
Saint-Tropez;43.27;6.64;08/08/2026;06:00;26.1;0;SOLEIL;3;0;0
Saint-Tropez;43.27;6.64;08/08/2026;07:00;26.1;0;SOLEIL;3;0;0
Saint-Tropez;43.27;6.64;08/08/2026;08:00;30.1;0;SOLEIL;2;0;0
Saint-Tropez;43.27;6.64;08/08/2026;09:00;30.1;0;SOLEIL;2;0;0
Saint-Tropez;43.27;6.64;08/08/2026;10:00;30.1;0;SOLEIL;2;0;0
Saint-Tropez;43.27;6.64;08/08/2026;11:00;32;0;SOLEIL;4;0;0
Saint-Tropez;43.27;6.64;08/08/2026;12:00;32;0;SOLEIL;4;0;0
Saint-Tropez;43.27;6.64;08/08/2026;13:00;32;0;SOLEIL;4;0;0
Saint-Tropez;43.27;6.64;08/08/2026;14:00;31.6;0;SOLEIL;4;0;0
Saint-Tropez;43.27;6.64;08/08/2026;15:00;31.6;0;SOLEIL;4;0;0
Saint-Tropez;43.27;6.64;08/08/2026;16:00;31.6;0;SOLEIL;4;0;0
Saint-Tropez;43.27;6.64;08/08/2026;17:00;29.9;0;SOLEIL;3;0;0
Saint-Tropez;43.27;6.64;08/08/2026;18:00;29.9;0;SOLEIL;3;0;0
Saint-Tropez;43.27;6.64;08/08/2026;19:00;29.9;0;SOLEIL;3;0;0
Saint-Tropez;43.27;6.64;08/08/2026;20:00;28;0;SOLEIL;1;0;0
Saint-Tropez;43.27;6.64;08/08/2026;21:00;28;0;SOLEIL;1;0;0
Saint-Tropez;43.27;6.64;08/08/2026;22:00;28;0;SOLEIL;1;0;0
Saint-Tropez;43.27;6.64;08/08/2026;23:00;26.5;0;SOLEIL;1;0;0
Saint-Tropez;43.27;6.64;09/08/2026;00:00;26.5;0;SOLEIL;1;0;0
Saint-Tropez;43.27;6.64;09/08/2026;01:00;26.5;0;SOLEIL;1;0;0
Saint-Tropez;43.27;6.64;09/08/2026;02:00;25.7;0;SOLEIL;2;0;0
Saint-Tropez;43.27;6.64;09/08/2026;03:00;25.7;0;SOLEIL;2;0;0
Saint-Tropez;43.27;6.64;09/08/2026;04:00;25.7;0;SOLEIL;2;0;0
Saint-Tropez;43.27;6.64;09/08/2026;05:00;26.5;0;SOLEIL;2;0;0
Saint-Tropez;43.27;6.64;09/08/2026;06:00;26.5;0;SOLEIL;2;0;0
Saint-Tropez;43.27;6.64;09/08/2026;07:00;26.5;0;SOLEIL;2;0;0
Saint-Tropez;43.27;6.64;09/08/2026;08:00;31.6;0;SOLEIL;2;0;0
Saint-Tropez;43.27;6.64;09/08/2026;09:00;31.6;0;SOLEIL;2;0;0
Saint-Tropez;43.27;6.64;09/08/2026;10:00;31.6;0;SOLEIL;2;0;0
Saint-Tropez;43.27;6.64;09/08/2026;11:00;34.1;0;SOLEIL;4;0;0
Saint-Tropez;43.27;6.64;09/08/2026;12:00;34.1;0;SOLEIL;4;0;0
Saint-Tropez;43.27;6.64;09/08/2026;13:00;34.1;0;SOLEIL;4;0;0
Saint-Tropez;43.27;6.64;09/08/2026;14:00;33.1;0;SOLEIL;4;0;0
Saint-Tropez;43.27;6.64;09/08/2026;15:00;33.1;0;SOLEIL;4;0;0
Saint-Tropez;43.27;6.64;09/08/2026;16:00;33.1;0;SOLEIL;4;0;0
Saint-Tropez;43.27;6.64;09/08/2026;17:00;30.1;0;SOLEIL;3;0;0
Saint-Tropez;43.27;6.64;09/08/2026;18:00;30.1;0;SOLEIL;3;0;0
Saint-Tropez;43.27;6.64;09/08/2026;19:00;30.1;0;SOLEIL;3;0;0
Saint-Tropez;43.27;6.64;09/08/2026;20:00;28.7;0;SOLEIL;5;0;0
Saint-Tropez;43.27;6.64;09/08/2026;21:00;27.6;0;SOLEIL;5;0;0
Saint-Tropez;43.27;6.64;09/08/2026;22:00;26.6;0;SOLEIL;5;0;0
Saint-Tropez;43.27;6.64;09/08/2026;23:00;26.2;0;SOLEIL;2;0;0
Saint-Tropez;43.27;6.64;10/08/2026;00:00;26.2;0;SOLEIL;2;0;0
Saint-Tropez;43.27;6.64;10/08/2026;01:00;26.2;0;SOLEIL;2;0;0
Saint-Tropez;43.27;6.64;10/08/2026;02:00;23.5;0;SOLEIL;5;0;0
Saint-Tropez;43.27;6.64;10/08/2026;03:00;23.5;0;SOLEIL;5;0;0
Saint-Tropez;43.27;6.64;10/08/2026;04:00;23.5;0;SOLEIL;5;0;0
Saint-Tropez;43.27;6.64;10/08/2026;05:00;25.5;0;SOLEIL;2;0;0
Saint-Tropez;43.27;6.64;10/08/2026;06:00;25.5;0;SOLEIL;2;0;0
Saint-Tropez;43.27;6.64;10/08/2026;07:00;25.5;0;SOLEIL;2;0;0
Saint-Tropez;43.27;6.64;10/08/2026;08:00;26.1;0;SOLEIL;5;0;0
Saint-Tropez;43.27;6.64;10/08/2026;09:00;27.4;0;SOLEIL;5;0;0
Saint-Tropez;43.27;6.64;10/08/2026;10:00;28.7;0;SOLEIL;5;0;0
Saint-Tropez;43.27;6.64;10/08/2026;11:00;36.1;0;SOLEIL;7;0;0
Saint-Tropez;43.27;6.64;10/08/2026;12:00;36.1;0;SOLEIL;7;0;0
Saint-Tropez;43.27;6.64;10/08/2026;13:00;36.1;0;SOLEIL;7;0;0
Saint-Tropez;43.27;6.64;10/08/2026;14:00;33.9;0;SOLEIL;5;0;0
Saint-Tropez;43.27;6.64;10/08/2026;15:00;35.2;0;SOLEIL;5;0;0
Saint-Tropez;43.27;6.64;10/08/2026;16:00;33.9;0;SOLEIL;5;0;0
Saint-Tropez;43.27;6.64;10/08/2026;17:00;30.4;0;SOLEIL;5;0;0
Saint-Tropez;43.27;6.64;10/08/2026;18:00;30.4;0;SOLEIL;5;0;0
Saint-Tropez;43.27;6.64;10/08/2026;19:00;30.4;0;SOLEIL;5;0;0
Saint-Tropez;43.27;6.64;10/08/2026;20:00;28.7;0;SOLEIL;5;0;0
Saint-Tropez;43.27;6.64;10/08/2026;21:00;27.4;0;SOLEIL;5;0;0
Saint-Tropez;43.27;6.64;10/08/2026;22:00;26.1;0;SOLEIL;5;0;0
Saint-Tropez;43.27;6.64;10/08/2026;23:00;25.6;0;SOLEIL;2;0;0
Saint-Tropez;43.27;6.64;11/08/2026;00:00;25.6;0;SOLEIL;2;0;0
Saint-Tropez;43.27;6.64;11/08/2026;01:00;25.6;0;SOLEIL;2;0;0
Saint-Tropez;43.27;6.64;11/08/2026;02:00;23.1;0;SOLEIL;5;0;0
Saint-Tropez;43.27;6.64;11/08/2026;03:00;23.1;0;SOLEIL;5;0;0
Saint-Tropez;43.27;6.64;11/08/2026;04:00;23.1;0;SOLEIL;5;0;0
Saint-Tropez;43.27;6.64;11/08/2026;05:00;25.4;0;SOLEIL;3;0;0
Saint-Tropez;43.27;6.64;11/08/2026;06:00;25.4;0;SOLEIL;3;0;0
Saint-Tropez;43.27;6.64;11/08/2026;07:00;25.4;0;SOLEIL;3;0;0
Saint-Tropez;43.27;6.64;11/08/2026;08:00;26.1;0;SOLEIL;5;0;0
Saint-Tropez;43.27;6.64;11/08/2026;09:00;27.6;0;SOLEIL;5;0;0
Saint-Tropez;43.27;6.64;11/08/2026;10:00;29.1;0;SOLEIL;5;0;0
Saint-Tropez;43.27;6.64;11/08/2026;11:00;35.6;0;SOLEIL;3;0;0
Saint-Tropez;43.27;6.64;11/08/2026;12:00;35.6;0;SOLEIL;3;0;0
Saint-Tropez;43.27;6.64;11/08/2026;13:00;35.6;0;SOLEIL;3;0;0
Saint-Tropez;43.27;6.64;11/08/2026;14:00;35.0;0;SOLEIL;5;0;0
Saint-Tropez;43.27;6.64;11/08/2026;15:00;36.5;0;SOLEIL;5;0;0
Saint-Tropez;43.27;6.64;11/08/2026;16:00;35.0;0;SOLEIL;5;0;0
Saint-Tropez;43.27;6.64;11/08/2026;17:00;30.1;0;SOLEIL;3;0;0
Saint-Tropez;43.27;6.64;11/08/2026;18:00;30.1;0;SOLEIL;3;0;0
Saint-Tropez;43.27;6.64;11/08/2026;19:00;30.1;0;SOLEIL;3;0;0
Saint-Tropez;43.27;6.64;11/08/2026;20:00;29.1;0;SOLEIL;5;0;0
Saint-Tropez;43.27;6.64;11/08/2026;21:00;27.6;0;SOLEIL;5;0;0
Saint-Tropez;43.27;6.64;11/08/2026;22:00;26.1;0;SOLEIL;5;0;0
Saint-Tropez;43.27;6.64;11/08/2026;23:00;25.1;0;SOLEIL;2;0;0
Saint-Tropez;43.27;6.64;12/08/2026;00:00;25.1;0;SOLEIL;2;0;0
Saint-Tropez;43.27;6.64;12/08/2026;01:00;25.1;0;SOLEIL;2;0;0
Saint-Tropez;43.27;6.64;12/08/2026;02:00;23.4;0;SOLEIL;5;0;0
Saint-Tropez;43.27;6.64;12/08/2026;03:00;23.4;0;SOLEIL;5;0;0
Saint-Tropez;43.27;6.64;12/08/2026;04:00;23.4;0;SOLEIL;5;0;0
Saint-Tropez;43.27;6.64;12/08/2026;05:00;25.7;0;SOLEIL;3;0;0
Saint-Tropez;43.27;6.64;12/08/2026;06:00;25.7;0;SOLEIL;3;0;0
Saint-Tropez;43.27;6.64;12/08/2026;07:00;25.7;0;SOLEIL;3;0;0
Saint-Tropez;43.27;6.64;12/08/2026;08:00;26.2;0;SOLEIL;5;0;0
Saint-Tropez;43.27;6.64;12/08/2026;09:00;27.6;0;SOLEIL;5;0;0
Saint-Tropez;43.27;6.64;12/08/2026;10:00;29.0;0;SOLEIL;5;0;0
Saint-Tropez;43.27;6.64;12/08/2026;11:00;35.6;0;SOLEIL;2;0;0
Saint-Tropez;43.27;6.64;12/08/2026;12:00;35.6;0;SOLEIL;2;0;0
Saint-Tropez;43.27;6.64;12/08/2026;13:00;35.6;0;SOLEIL;2;0;0
Saint-Tropez;43.27;6.64;12/08/2026;14:00;34.5;0;SOLEIL;5;0;0
Saint-Tropez;43.27;6.64;12/08/2026;15:00;35.9;0;SOLEIL;5;0;0
Saint-Tropez;43.27;6.64;12/08/2026;16:00;34.5;0;SOLEIL;5;0;0
Saint-Tropez;43.27;6.64;12/08/2026;17:00;30.9;0;SOLEIL;3;0;0
Saint-Tropez;43.27;6.64;12/08/2026;18:00;30.9;0;SOLEIL;3;0;0
Saint-Tropez;43.27;6.64;12/08/2026;19:00;30.9;0;SOLEIL;3;0;0
Saint-Tropez;43.27;6.64;12/08/2026;20:00;29.0;0;SOLEIL;5;0;0
Saint-Tropez;43.27;6.64;12/08/2026;21:00;27.6;0;SOLEIL;5;0;0
Saint-Tropez;43.27;6.64;12/08/2026;22:00;26.2;0;SOLEIL;5;0;0
Saint-Tropez;43.27;6.64;12/08/2026;23:00;26.1;0;SOLEIL;3;0;0
Toulon;43.12;5.93;08/08/2026;00:00;26.5;0;SOLEIL;2;0;0
Toulon;43.12;5.93;08/08/2026;01:00;26.5;0;SOLEIL;2;0;0
Toulon;43.12;5.93;08/08/2026;02:00;24.6;0;SOLEIL;2;0;0
Toulon;43.12;5.93;08/08/2026;03:00;24.6;0;SOLEIL;2;0;0
Toulon;43.12;5.93;08/08/2026;04:00;24.6;0;SOLEIL;2;0;0
Toulon;43.12;5.93;08/08/2026;05:00;26.1;0;SOLEIL;2;0;0
Toulon;43.12;5.93;08/08/2026;06:00;26.1;0;SOLEIL;2;0;0
Toulon;43.12;5.93;08/08/2026;07:00;26.1;0;SOLEIL;2;0;0
Toulon;43.12;5.93;08/08/2026;08:00;30.1;0;SOLEIL;2;0;0
Toulon;43.12;5.93;08/08/2026;09:00;30.1;0;SOLEIL;2;0;0
Toulon;43.12;5.93;08/08/2026;10:00;30.1;0;SOLEIL;2;0;0
Toulon;43.12;5.93;08/08/2026;11:00;31;0;SOLEIL;4;0;0
Toulon;43.12;5.93;08/08/2026;12:00;31;0;SOLEIL;4;0;0
Toulon;43.12;5.93;08/08/2026;13:00;31;0;SOLEIL;4;0;0
Toulon;43.12;5.93;08/08/2026;14:00;30.5;0;SOLEIL;3;0;0
Toulon;43.12;5.93;08/08/2026;15:00;30.5;0;SOLEIL;3;0;0
Toulon;43.12;5.93;08/08/2026;16:00;30.5;0;SOLEIL;3;0;0
Toulon;43.12;5.93;08/08/2026;17:00;28.6;0;SOLEIL;2;0;0
Toulon;43.12;5.93;08/08/2026;18:00;28.6;0;SOLEIL;2;0;0
Toulon;43.12;5.93;08/08/2026;19:00;28.6;0;SOLEIL;2;0;0
Toulon;43.12;5.93;08/08/2026;20:00;27.1;0;SOLEIL;1;0;0
Toulon;43.12;5.93;08/08/2026;21:00;27.1;0;SOLEIL;1;0;0
Toulon;43.12;5.93;08/08/2026;22:00;27.1;0;SOLEIL;1;0;0
Toulon;43.12;5.93;08/08/2026;23:00;25.1;0;SOLEIL;2;0;0
Toulon;43.12;5.93;09/08/2026;00:00;25.1;0;SOLEIL;2;0;0
Toulon;43.12;5.93;09/08/2026;01:00;25.1;0;SOLEIL;2;0;0
Toulon;43.12;5.93;09/08/2026;02:00;24.4;0;SOLEIL;1;0;0
Toulon;43.12;5.93;09/08/2026;03:00;24.4;0;SOLEIL;1;0;0
Toulon;43.12;5.93;09/08/2026;04:00;24.4;0;SOLEIL;1;0;0
Toulon;43.12;5.93;09/08/2026;05:00;26;0;SOLEIL;1;0;0
Toulon;43.12;5.93;09/08/2026;06:00;26;0;SOLEIL;1;0;0
Toulon;43.12;5.93;09/08/2026;07:00;26;0;SOLEIL;1;0;0
Toulon;43.12;5.93;09/08/2026;08:00;30.5;0;SOLEIL;3;0;0
Toulon;43.12;5.93;09/08/2026;09:00;30.5;0;SOLEIL;3;0;0
Toulon;43.12;5.93;09/08/2026;10:00;30.5;0;SOLEIL;3;0;0
Toulon;43.12;5.93;09/08/2026;11:00;31.4;0;SOLEIL;3;0;0
Toulon;43.12;5.93;09/08/2026;12:00;31.4;0;SOLEIL;3;0;0
Toulon;43.12;5.93;09/08/2026;13:00;31.4;0;SOLEIL;3;0;0
Toulon;43.12;5.93;09/08/2026;14:00;31.1;0;SOLEIL;3;0;0
Toulon;43.12;5.93;09/08/2026;15:00;31.1;0;SOLEIL;3;0;0
Toulon;43.12;5.93;09/08/2026;16:00;31.1;0;SOLEIL;3;0;0
Toulon;43.12;5.93;09/08/2026;17:00;29.1;0;SOLEIL;2;0;0
Toulon;43.12;5.93;09/08/2026;18:00;29.1;0;SOLEIL;2;0;0
Toulon;43.12;5.93;09/08/2026;19:00;29.1;0;SOLEIL;2;0;0
Toulon;43.12;5.93;09/08/2026;20:00;27.6;0;SOLEIL;5;0;0
Toulon;43.12;5.93;09/08/2026;21:00;26.7;0;SOLEIL;5;0;0
Toulon;43.12;5.93;09/08/2026;22:00;25.9;0;SOLEIL;5;0;0
Toulon;43.12;5.93;09/08/2026;23:00;26.1;0;SOLEIL;2;0;0
Toulon;43.12;5.93;10/08/2026;00:00;26.1;0;SOLEIL;2;0;0
Toulon;43.12;5.93;10/08/2026;01:00;26.1;0;SOLEIL;2;0;0
Toulon;43.12;5.93;10/08/2026;02:00;23;0;SOLEIL;5;0;0
Toulon;43.12;5.93;10/08/2026;03:00;23;0;SOLEIL;5;0;0
Toulon;43.12;5.93;10/08/2026;04:00;23;0;SOLEIL;5;0;0
Toulon;43.12;5.93;10/08/2026;05:00;23.7;0;SOLEIL;3;0;0
Toulon;43.12;5.93;10/08/2026;06:00;23.7;0;SOLEIL;3;0;0
Toulon;43.12;5.93;10/08/2026;07:00;23.7;0;SOLEIL;3;0;0
Toulon;43.12;5.93;10/08/2026;08:00;25.1;0;SOLEIL;5;0;0
Toulon;43.12;5.93;10/08/2026;09:00;26.2;0;SOLEIL;5;0;0
Toulon;43.12;5.93;10/08/2026;10:00;27.2;0;SOLEIL;5;0;0
Toulon;43.12;5.93;10/08/2026;11:00;35.1;0;SOLEIL;6;0;0
Toulon;43.12;5.93;10/08/2026;12:00;35.1;0;SOLEIL;6;0;0
Toulon;43.12;5.93;10/08/2026;13:00;35.1;0;SOLEIL;6;0;0
Toulon;43.12;5.93;10/08/2026;14:00;31.4;0;SOLEIL;5;0;0
Toulon;43.12;5.93;10/08/2026;15:00;32.5;0;SOLEIL;5;0;0
Toulon;43.12;5.93;10/08/2026;16:00;31.4;0;SOLEIL;5;0;0
Toulon;43.12;5.93;10/08/2026;17:00;30.6;0;SOLEIL;7;0;0
Toulon;43.12;5.93;10/08/2026;18:00;30.6;0;SOLEIL;7;0;0
Toulon;43.12;5.93;10/08/2026;19:00;30.6;0;SOLEIL;7;0;0
Toulon;43.12;5.93;10/08/2026;20:00;27.2;0;SOLEIL;5;0;0
Toulon;43.12;5.93;10/08/2026;21:00;26.2;0;SOLEIL;5;0;0
Toulon;43.12;5.93;10/08/2026;22:00;25.1;0;SOLEIL;5;0;0
Toulon;43.12;5.93;10/08/2026;23:00;25.4;0;SOLEIL;6;0;0
Toulon;43.12;5.93;11/08/2026;00:00;25.4;0;SOLEIL;6;0;0
Toulon;43.12;5.93;11/08/2026;01:00;25.4;0;SOLEIL;6;0;0
Toulon;43.12;5.93;11/08/2026;02:00;22.1;0;SOLEIL;5;0;0
Toulon;43.12;5.93;11/08/2026;03:00;22.1;0;SOLEIL;5;0;0
Toulon;43.12;5.93;11/08/2026;04:00;22.1;0;SOLEIL;5;0;0
Toulon;43.12;5.93;11/08/2026;05:00;24.1;0;SOLEIL;4;0;0
Toulon;43.12;5.93;11/08/2026;06:00;24.1;0;SOLEIL;4;0;0
Toulon;43.12;5.93;11/08/2026;07:00;24.1;0;SOLEIL;4;0;0
Toulon;43.12;5.93;11/08/2026;08:00;25.1;0;SOLEIL;5;0;0
Toulon;43.12;5.93;11/08/2026;09:00;26.6;0;SOLEIL;5;0;0
Toulon;43.12;5.93;11/08/2026;10:00;28.1;0;SOLEIL;5;0;0
Toulon;43.12;5.93;11/08/2026;11:00;34.9;0;SOLEIL;5;0;0
Toulon;43.12;5.93;11/08/2026;12:00;34.9;0;SOLEIL;5;0;0
Toulon;43.12;5.93;11/08/2026;13:00;34.9;0;SOLEIL;5;0;0
Toulon;43.12;5.93;11/08/2026;14:00;34.1;0;SOLEIL;5;0;0
Toulon;43.12;5.93;11/08/2026;15:00;35.6;0;SOLEIL;5;0;0
Toulon;43.12;5.93;11/08/2026;16:00;34.1;0;SOLEIL;5;0;0
Toulon;43.12;5.93;11/08/2026;17:00;30.6;0;SOLEIL;4;0;0
Toulon;43.12;5.93;11/08/2026;18:00;30.6;0;SOLEIL;4;0;0
Toulon;43.12;5.93;11/08/2026;19:00;30.6;0;SOLEIL;4;0;0
Toulon;43.12;5.93;11/08/2026;20:00;28.1;0;SOLEIL;5;0;0
Toulon;43.12;5.93;11/08/2026;21:00;26.6;0;SOLEIL;5;0;0
Toulon;43.12;5.93;11/08/2026;22:00;25.1;0;SOLEIL;5;0;0
Toulon;43.12;5.93;11/08/2026;23:00;25.1;0;SOLEIL;4;0;0
Toulon;43.12;5.93;12/08/2026;00:00;25.1;0;SOLEIL;4;0;0
Toulon;43.12;5.93;12/08/2026;01:00;25.1;0;SOLEIL;4;0;0
Toulon;43.12;5.93;12/08/2026;02:00;22.7;0;SOLEIL;5;0;0
Toulon;43.12;5.93;12/08/2026;03:00;22.7;0;SOLEIL;5;0;0
Toulon;43.12;5.93;12/08/2026;04:00;22.7;0;SOLEIL;5;0;0
Toulon;43.12;5.93;12/08/2026;05:00;24.6;0;SOLEIL;2;0;0
Toulon;43.12;5.93;12/08/2026;06:00;24.6;0;SOLEIL;2;0;0
Toulon;43.12;5.93;12/08/2026;07:00;24.6;0;SOLEIL;2;0;0
Toulon;43.12;5.93;12/08/2026;08:00;25.5;0;SOLEIL;5;0;0
Toulon;43.12;5.93;12/08/2026;09:00;26.9;0;SOLEIL;5;0;0
Toulon;43.12;5.93;12/08/2026;10:00;28.3;0;SOLEIL;5;0;0
Toulon;43.12;5.93;12/08/2026;11:00;35.4;0;SOLEIL;4;0;0
Toulon;43.12;5.93;12/08/2026;12:00;35.4;0;SOLEIL;4;0;0
Toulon;43.12;5.93;12/08/2026;13:00;35.4;0;SOLEIL;4;0;0
Toulon;43.12;5.93;12/08/2026;14:00;33.8;0;SOLEIL;5;0;0
Toulon;43.12;5.93;12/08/2026;15:00;35.2;0;SOLEIL;5;0;0
Toulon;43.12;5.93;12/08/2026;16:00;33.8;0;SOLEIL;5;0;0
Toulon;43.12;5.93;12/08/2026;17:00;31.1;0;SOLEIL;4;0;0
Toulon;43.12;5.93;12/08/2026;18:00;31.1;0;SOLEIL;4;0;0
Toulon;43.12;5.93;12/08/2026;19:00;31.1;0;SOLEIL;4;0;0
Toulon;43.12;5.93;12/08/2026;20:00;28.3;0;SOLEIL;5;0;0
Toulon;43.12;5.93;12/08/2026;21:00;26.9;0;SOLEIL;5;0;0
Toulon;43.12;5.93;12/08/2026;22:00;25.5;0;SOLEIL;5;0;0
Toulon;43.12;5.93;12/08/2026;23:00;25.6;0;SOLEIL;4;0;0
Avignon;43.94;4.8;08/08/2026;00:00;26.2;0;SOLEIL;6;12;0
Avignon;43.94;4.8;08/08/2026;01:00;26.2;0;SOLEIL;6;12;0
Avignon;43.94;4.8;08/08/2026;02:00;23.6;0;SOLEIL;7;12;0
Avignon;43.94;4.8;08/08/2026;03:00;23.6;0;SOLEIL;7;12;0
Avignon;43.94;4.8;08/08/2026;04:00;23.6;0;SOLEIL;7;12;0
Avignon;43.94;4.8;08/08/2026;05:00;24.7;0;SOLEIL;6;12;0
Avignon;43.94;4.8;08/08/2026;06:00;24.7;0;SOLEIL;6;12;0
Avignon;43.94;4.8;08/08/2026;07:00;24.7;0;SOLEIL;6;12;0
Avignon;43.94;4.8;08/08/2026;08:00;29.5;0;SOLEIL;5;11;0
Avignon;43.94;4.8;08/08/2026;09:00;29.5;0;SOLEIL;5;11;0
Avignon;43.94;4.8;08/08/2026;10:00;29.5;0;SOLEIL;5;11;0
Avignon;43.94;4.8;08/08/2026;11:00;34.4;0;SOLEIL;2;0;0
Avignon;43.94;4.8;08/08/2026;12:00;34.4;0;SOLEIL;2;0;0
Avignon;43.94;4.8;08/08/2026;13:00;34.4;0;SOLEIL;2;0;0
Avignon;43.94;4.8;08/08/2026;14:00;36.4;0;SOLEIL;1;0;0
Avignon;43.94;4.8;08/08/2026;15:00;36.4;0;SOLEIL;1;0;0
Avignon;43.94;4.8;08/08/2026;16:00;36.4;0;SOLEIL;1;0;0
Avignon;43.94;4.8;08/08/2026;17:00;31.9;0;SOLEIL;5;11;0
Avignon;43.94;4.8;08/08/2026;18:00;31.9;0;SOLEIL;5;11;0
Avignon;43.94;4.8;08/08/2026;19:00;31.9;0;SOLEIL;5;11;0
Avignon;43.94;4.8;08/08/2026;20:00;25.6;0;SOLEIL;3;0;0
Avignon;43.94;4.8;08/08/2026;21:00;25.6;0;SOLEIL;3;0;0
Avignon;43.94;4.8;08/08/2026;22:00;25.6;0;SOLEIL;3;0;0
Avignon;43.94;4.8;08/08/2026;23:00;23;0;SOLEIL;1;0;0
Avignon;43.94;4.8;09/08/2026;00:00;23;0;SOLEIL;1;0;0
Avignon;43.94;4.8;09/08/2026;01:00;23;0;SOLEIL;1;0;0
Avignon;43.94;4.8;09/08/2026;02:00;21;0;SOLEIL;1;0;0
Avignon;43.94;4.8;09/08/2026;03:00;21;0;SOLEIL;1;0;0
Avignon;43.94;4.8;09/08/2026;04:00;21;0;SOLEIL;1;0;0
Avignon;43.94;4.8;09/08/2026;05:00;23.2;0;SOLEIL;1;0;0
Avignon;43.94;4.8;09/08/2026;06:00;23.2;0;SOLEIL;1;0;0
Avignon;43.94;4.8;09/08/2026;07:00;23.2;0;SOLEIL;1;0;0
Avignon;43.94;4.8;09/08/2026;08:00;30.1;0;SOLEIL;1;0;0
Avignon;43.94;4.8;09/08/2026;09:00;30.1;0;SOLEIL;1;0;0
Avignon;43.94;4.8;09/08/2026;10:00;30.1;0;SOLEIL;1;0;0
Avignon;43.94;4.8;09/08/2026;11:00;34;0;SOLEIL;5;11;0
Avignon;43.94;4.8;09/08/2026;12:00;34;0;SOLEIL;5;11;0
Avignon;43.94;4.8;09/08/2026;13:00;34;0;SOLEIL;5;11;0
Avignon;43.94;4.8;09/08/2026;14:00;33.1;0;SOLEIL;5;12;0
Avignon;43.94;4.8;09/08/2026;15:00;33.1;0;SOLEIL;5;12;0
Avignon;43.94;4.8;09/08/2026;16:00;33.1;0;SOLEIL;5;12;0
Avignon;43.94;4.8;09/08/2026;17:00;30.4;0;SOLEIL;4;11;0
Avignon;43.94;4.8;09/08/2026;18:00;30.4;0;SOLEIL;4;11;0
Avignon;43.94;4.8;09/08/2026;19:00;30.4;0;SOLEIL;4;11;0
Avignon;43.94;4.8;09/08/2026;20:00;29.0;0;SOLEIL;5;0;0
Avignon;43.94;4.8;09/08/2026;21:00;27.5;0;SOLEIL;5;0;0
Avignon;43.94;4.8;09/08/2026;22:00;26.0;0;SOLEIL;5;0;0
Avignon;43.94;4.8;09/08/2026;23:00;24.5;0;SOLEIL;1;0;0
Avignon;43.94;4.8;10/08/2026;00:00;24.5;0;SOLEIL;1;0;0
Avignon;43.94;4.8;10/08/2026;01:00;24.5;0;SOLEIL;1;0;0
Avignon;43.94;4.8;10/08/2026;02:00;20.4;0;SOLEIL;5;0;0
Avignon;43.94;4.8;10/08/2026;03:00;20.4;0;SOLEIL;5;0;0
Avignon;43.94;4.8;10/08/2026;04:00;20.4;0;SOLEIL;5;0;0
Avignon;43.94;4.8;10/08/2026;05:00;22.7;0;SOLEIL;2;0;0
Avignon;43.94;4.8;10/08/2026;06:00;22.7;0;SOLEIL;2;0;0
Avignon;43.94;4.8;10/08/2026;07:00;22.7;0;SOLEIL;2;0;0
Avignon;43.94;4.8;10/08/2026;08:00;23.6;0;SOLEIL;5;0;0
Avignon;43.94;4.8;10/08/2026;09:00;25.1;0;SOLEIL;5;0;0
Avignon;43.94;4.8;10/08/2026;10:00;26.7;0;SOLEIL;5;0;0
Avignon;43.94;4.8;10/08/2026;11:00;33.6;0;SOLEIL;3;0;0
Avignon;43.94;4.8;10/08/2026;12:00;33.6;0;SOLEIL;3;0;0
Avignon;43.94;4.8;10/08/2026;13:00;33.6;0;SOLEIL;3;0;0
Avignon;43.94;4.8;10/08/2026;14:00;33.0;0;SOLEIL;5;0;0
Avignon;43.94;4.8;10/08/2026;15:00;34.6;0;SOLEIL;5;0;0
Avignon;43.94;4.8;10/08/2026;16:00;33.0;0;SOLEIL;5;0;0
Avignon;43.94;4.8;10/08/2026;17:00;31;6;AVERSES;3;0;0
Avignon;43.94;4.8;10/08/2026;18:00;31;6;AVERSES;3;0;0
Avignon;43.94;4.8;10/08/2026;19:00;31;6;AVERSES;3;0;0
Avignon;43.94;4.8;10/08/2026;20:00;26.7;0;SOLEIL;5;0;0
Avignon;43.94;4.8;10/08/2026;21:00;25.1;0;SOLEIL;5;0;0
Avignon;43.94;4.8;10/08/2026;22:00;23.6;0;SOLEIL;5;0;0
Avignon;43.94;4.8;10/08/2026;23:00;23.1;0;SOLEIL;4;0;0
Avignon;43.94;4.8;11/08/2026;00:00;23.1;0;SOLEIL;4;0;0
Avignon;43.94;4.8;11/08/2026;01:00;23.1;0;SOLEIL;4;0;0
Avignon;43.94;4.8;11/08/2026;02:00;20.5;0;SOLEIL;5;0;0
Avignon;43.94;4.8;11/08/2026;03:00;20.5;0;SOLEIL;5;0;0
Avignon;43.94;4.8;11/08/2026;04:00;20.5;0;SOLEIL;5;0;0
Avignon;43.94;4.8;11/08/2026;05:00;24.1;0;SOLEIL;4;0;0
Avignon;43.94;4.8;11/08/2026;06:00;24.1;0;SOLEIL;4;0;0
Avignon;43.94;4.8;11/08/2026;07:00;24.1;0;SOLEIL;4;0;0
Avignon;43.94;4.8;11/08/2026;08:00;23.9;0;SOLEIL;5;0;0
Avignon;43.94;4.8;11/08/2026;09:00;25.6;0;SOLEIL;5;0;0
Avignon;43.94;4.8;11/08/2026;10:00;27.3;0;SOLEIL;5;0;0
Avignon;43.94;4.8;11/08/2026;11:00;35;0;SOLEIL;3;0;0
Avignon;43.94;4.8;11/08/2026;12:00;35;0;SOLEIL;3;0;0
Avignon;43.94;4.8;11/08/2026;13:00;35;0;SOLEIL;3;0;0
Avignon;43.94;4.8;11/08/2026;14:00;34.0;0;SOLEIL;5;0;0
Avignon;43.94;4.8;11/08/2026;15:00;35.7;0;SOLEIL;5;0;0
Avignon;43.94;4.8;11/08/2026;16:00;34.0;0;SOLEIL;5;0;0
Avignon;43.94;4.8;11/08/2026;17:00;31.7;0;SOLEIL;4;0;0
Avignon;43.94;4.8;11/08/2026;18:00;31.7;0;SOLEIL;4;0;0
Avignon;43.94;4.8;11/08/2026;19:00;31.7;0;SOLEIL;4;0;0
Avignon;43.94;4.8;11/08/2026;20:00;27.3;0;SOLEIL;5;0;0
Avignon;43.94;4.8;11/08/2026;21:00;25.6;0;SOLEIL;5;0;0
Avignon;43.94;4.8;11/08/2026;22:00;23.9;0;SOLEIL;5;0;0
Avignon;43.94;4.8;11/08/2026;23:00;23.1;0;SOLEIL;1;0;0
Avignon;43.94;4.8;12/08/2026;00:00;23.1;0;SOLEIL;1;0;0
Avignon;43.94;4.8;12/08/2026;01:00;23.1;0;SOLEIL;1;0;0
Avignon;43.94;4.8;12/08/2026;02:00;21.6;0;SOLEIL;5;0;0
Avignon;43.94;4.8;12/08/2026;03:00;21.6;0;SOLEIL;5;0;0
Avignon;43.94;4.8;12/08/2026;04:00;21.6;0;SOLEIL;5;0;0
Avignon;43.94;4.8;12/08/2026;05:00;22.9;0;SOLEIL;2;0;0
Avignon;43.94;4.8;12/08/2026;06:00;22.9;0;SOLEIL;2;0;0
Avignon;43.94;4.8;12/08/2026;07:00;22.9;0;SOLEIL;2;0;0
Avignon;43.94;4.8;12/08/2026;08:00;25.0;0;SOLEIL;5;0;0
Avignon;43.94;4.8;12/08/2026;09:00;26.8;0;SOLEIL;5;0;0
Avignon;43.94;4.8;12/08/2026;10:00;28.5;0;SOLEIL;5;0;0
Avignon;43.94;4.8;12/08/2026;11:00;34.9;0;SOLEIL;2;0;0
Avignon;43.94;4.8;12/08/2026;12:00;34.9;0;SOLEIL;2;0;0
Avignon;43.94;4.8;12/08/2026;13:00;34.9;0;SOLEIL;2;0;0
Avignon;43.94;4.8;12/08/2026;14:00;35.4;0;SOLEIL;5;0;0
Avignon;43.94;4.8;12/08/2026;15:00;37.1;0;SOLEIL;5;0;0
Avignon;43.94;4.8;12/08/2026;16:00;35.4;0;SOLEIL;5;0;0
Avignon;43.94;4.8;12/08/2026;17:00;31.5;0;SOLEIL;4;0;0
Avignon;43.94;4.8;12/08/2026;18:00;31.5;0;SOLEIL;4;0;0
Avignon;43.94;4.8;12/08/2026;19:00;31.5;0;SOLEIL;4;0;0
Avignon;43.94;4.8;12/08/2026;20:00;28.5;0;SOLEIL;5;0;0
Avignon;43.94;4.8;12/08/2026;21:00;26.8;0;SOLEIL;5;0;0
Avignon;43.94;4.8;12/08/2026;22:00;25.0;0;SOLEIL;5;0;0
Avignon;43.94;4.8;12/08/2026;23:00;23.1;0;SOLEIL;1;0;0
Carpentras;44.05;5.04;08/08/2026;00:00;24.7;0;SOLEIL;4;0;0
Carpentras;44.05;5.04;08/08/2026;01:00;24.7;0;SOLEIL;4;0;0
Carpentras;44.05;5.04;08/08/2026;02:00;21;0;SOLEIL;3;0;0
Carpentras;44.05;5.04;08/08/2026;03:00;21;0;SOLEIL;3;0;0
Carpentras;44.05;5.04;08/08/2026;04:00;21;0;SOLEIL;3;0;0
Carpentras;44.05;5.04;08/08/2026;05:00;22.1;0;SOLEIL;2;0;0
Carpentras;44.05;5.04;08/08/2026;06:00;22.1;0;SOLEIL;2;0;0
Carpentras;44.05;5.04;08/08/2026;07:00;22.1;0;SOLEIL;2;0;0
Carpentras;44.05;5.04;08/08/2026;08:00;30.1;0;SOLEIL;2;0;0
Carpentras;44.05;5.04;08/08/2026;09:00;30.1;0;SOLEIL;2;0;0
Carpentras;44.05;5.04;08/08/2026;10:00;30.1;0;SOLEIL;2;0;0
Carpentras;44.05;5.04;08/08/2026;11:00;34.6;0;SOLEIL;1;0;0
Carpentras;44.05;5.04;08/08/2026;12:00;34.6;0;SOLEIL;1;0;0
Carpentras;44.05;5.04;08/08/2026;13:00;34.6;0;SOLEIL;1;0;0
Carpentras;44.05;5.04;08/08/2026;14:00;37.1;0;SOLEIL;2;0;0
Carpentras;44.05;5.04;08/08/2026;15:00;37.1;0;SOLEIL;2;0;0
Carpentras;44.05;5.04;08/08/2026;16:00;37.1;0;SOLEIL;2;0;0
Carpentras;44.05;5.04;08/08/2026;17:00;33.6;0;SOLEIL;5;0;0
Carpentras;44.05;5.04;08/08/2026;18:00;33.6;0;SOLEIL;5;0;0
Carpentras;44.05;5.04;08/08/2026;19:00;33.6;0;SOLEIL;5;0;0
Carpentras;44.05;5.04;08/08/2026;20:00;26.5;0;SOLEIL;2;0;0
Carpentras;44.05;5.04;08/08/2026;21:00;26.5;0;SOLEIL;2;0;0
Carpentras;44.05;5.04;08/08/2026;22:00;26.5;0;SOLEIL;2;0;0
Carpentras;44.05;5.04;08/08/2026;23:00;23.2;0;SOLEIL;1;0;0
Carpentras;44.05;5.04;09/08/2026;00:00;23.2;0;SOLEIL;1;0;0
Carpentras;44.05;5.04;09/08/2026;01:00;23.2;0;SOLEIL;1;0;0
Carpentras;44.05;5.04;09/08/2026;02:00;22;0;SOLEIL;1;0;0
Carpentras;44.05;5.04;09/08/2026;03:00;22;0;SOLEIL;1;0;0
Carpentras;44.05;5.04;09/08/2026;04:00;22;0;SOLEIL;1;0;0
Carpentras;44.05;5.04;09/08/2026;05:00;23.6;0;SOLEIL;1;0;0
Carpentras;44.05;5.04;09/08/2026;06:00;23.6;0;SOLEIL;1;0;0
Carpentras;44.05;5.04;09/08/2026;07:00;23.6;0;SOLEIL;1;0;0
Carpentras;44.05;5.04;09/08/2026;08:00;30.6;0;SOLEIL;2;0;0
Carpentras;44.05;5.04;09/08/2026;09:00;30.6;0;SOLEIL;2;0;0
Carpentras;44.05;5.04;09/08/2026;10:00;30.6;0;SOLEIL;2;0;0
Carpentras;44.05;5.04;09/08/2026;11:00;35.2;0;SOLEIL;5;0;0
Carpentras;44.05;5.04;09/08/2026;12:00;35.2;0;SOLEIL;5;0;0
Carpentras;44.05;5.04;09/08/2026;13:00;35.2;0;SOLEIL;5;0;0
Carpentras;44.05;5.04;09/08/2026;14:00;35.1;0;SOLEIL;5;12;0
Carpentras;44.05;5.04;09/08/2026;15:00;35.1;0;SOLEIL;5;12;0
Carpentras;44.05;5.04;09/08/2026;16:00;35.1;0;SOLEIL;5;12;0
Carpentras;44.05;5.04;09/08/2026;17:00;29.6;0;SOLEIL;3;0;0
Carpentras;44.05;5.04;09/08/2026;18:00;29.6;0;SOLEIL;3;0;0
Carpentras;44.05;5.04;09/08/2026;19:00;29.6;0;SOLEIL;3;0;0
Carpentras;44.05;5.04;09/08/2026;20:00;27.6;0;SOLEIL;5;0;0
Carpentras;44.05;5.04;09/08/2026;21:00;25.6;0;SOLEIL;5;0;0
Carpentras;44.05;5.04;09/08/2026;22:00;23.6;0;SOLEIL;5;0;0
Carpentras;44.05;5.04;09/08/2026;23:00;24.2;0;SOLEIL;1;0;0
Carpentras;44.05;5.04;10/08/2026;00:00;24.2;0;SOLEIL;1;0;0
Carpentras;44.05;5.04;10/08/2026;01:00;24.2;0;SOLEIL;1;0;0
Carpentras;44.05;5.04;10/08/2026;02:00;21.4;0;SOLEIL;5;0;0
Carpentras;44.05;5.04;10/08/2026;03:00;21.4;0;SOLEIL;5;0;0
Carpentras;44.05;5.04;10/08/2026;04:00;21.4;0;SOLEIL;5;0;0
Carpentras;44.05;5.04;10/08/2026;05:00;23.5;0;SOLEIL;0;0;0
Carpentras;44.05;5.04;10/08/2026;06:00;23.5;0;SOLEIL;0;0;0
Carpentras;44.05;5.04;10/08/2026;07:00;23.5;0;SOLEIL;0;0;0
Carpentras;44.05;5.04;10/08/2026;08:00;24.6;0;SOLEIL;5;0;0
Carpentras;44.05;5.04;10/08/2026;09:00;26.3;0;SOLEIL;5;0;0
Carpentras;44.05;5.04;10/08/2026;10:00;27.9;0;SOLEIL;5;0;0
Carpentras;44.05;5.04;10/08/2026;11:00;34.2;0;SOLEIL;2;0;0
Carpentras;44.05;5.04;10/08/2026;12:00;34.2;0;SOLEIL;2;0;0
Carpentras;44.05;5.04;10/08/2026;13:00;34.2;0;SOLEIL;2;0;0
Carpentras;44.05;5.04;10/08/2026;14:00;34.4;0;SOLEIL;5;0;0
Carpentras;44.05;5.04;10/08/2026;15:00;36.0;0;SOLEIL;5;0;0
Carpentras;44.05;5.04;10/08/2026;16:00;34.4;0;SOLEIL;5;0;0
Carpentras;44.05;5.04;10/08/2026;17:00;32.4;0;SOLEIL;3;0;0
Carpentras;44.05;5.04;10/08/2026;18:00;32.4;0;SOLEIL;3;0;0
Carpentras;44.05;5.04;10/08/2026;19:00;32.4;0;SOLEIL;3;0;0
Carpentras;44.05;5.04;10/08/2026;20:00;27.9;0;SOLEIL;5;0;0
Carpentras;44.05;5.04;10/08/2026;21:00;26.3;0;SOLEIL;5;0;0
Carpentras;44.05;5.04;10/08/2026;22:00;24.6;0;SOLEIL;5;0;0
Carpentras;44.05;5.04;10/08/2026;23:00;23.6;0;SOLEIL;2;0;0
Carpentras;44.05;5.04;11/08/2026;00:00;23.6;0;SOLEIL;2;0;0
Carpentras;44.05;5.04;11/08/2026;01:00;23.6;0;SOLEIL;2;0;0
Carpentras;44.05;5.04;11/08/2026;02:00;21.5;0;SOLEIL;5;0;0
Carpentras;44.05;5.04;11/08/2026;03:00;21.5;0;SOLEIL;5;0;0
Carpentras;44.05;5.04;11/08/2026;04:00;21.5;0;SOLEIL;5;0;0
Carpentras;44.05;5.04;11/08/2026;05:00;22.9;0;SOLEIL;0;0;0
Carpentras;44.05;5.04;11/08/2026;06:00;22.9;0;SOLEIL;0;0;0
Carpentras;44.05;5.04;11/08/2026;07:00;22.9;0;SOLEIL;0;0;0
Carpentras;44.05;5.04;11/08/2026;08:00;24.7;0;SOLEIL;5;0;0
Carpentras;44.05;5.04;11/08/2026;09:00;26.4;0;SOLEIL;5;0;0
Carpentras;44.05;5.04;11/08/2026;10:00;28.0;0;SOLEIL;5;0;0
Carpentras;44.05;5.04;11/08/2026;11:00;35.7;0;SOLEIL;2;0;0
Carpentras;44.05;5.04;11/08/2026;12:00;35.7;0;SOLEIL;2;0;0
Carpentras;44.05;5.04;11/08/2026;13:00;35.7;0;SOLEIL;2;0;0
Carpentras;44.05;5.04;11/08/2026;14:00;34.5;0;SOLEIL;5;0;0
Carpentras;44.05;5.04;11/08/2026;15:00;36.1;0;SOLEIL;5;0;0
Carpentras;44.05;5.04;11/08/2026;16:00;34.5;0;SOLEIL;5;0;0
Carpentras;44.05;5.04;11/08/2026;17:00;33.6;0;SOLEIL;4;0;0
Carpentras;44.05;5.04;11/08/2026;18:00;33.6;0;SOLEIL;4;0;0
Carpentras;44.05;5.04;11/08/2026;19:00;33.6;0;SOLEIL;4;0;0
Carpentras;44.05;5.04;11/08/2026;20:00;28.0;0;SOLEIL;5;0;0
Carpentras;44.05;5.04;11/08/2026;21:00;26.4;0;SOLEIL;5;0;0
Carpentras;44.05;5.04;11/08/2026;22:00;24.7;0;SOLEIL;5;0;0
Carpentras;44.05;5.04;11/08/2026;23:00;23.6;0;SOLEIL;1;0;0
Carpentras;44.05;5.04;12/08/2026;00:00;23.6;0;SOLEIL;1;0;0
Carpentras;44.05;5.04;12/08/2026;01:00;23.6;0;SOLEIL;1;0;0
Carpentras;44.05;5.04;12/08/2026;02:00;20.7;0;SOLEIL;5;0;0
Carpentras;44.05;5.04;12/08/2026;03:00;20.7;0;SOLEIL;5;0;0
Carpentras;44.05;5.04;12/08/2026;04:00;20.7;0;SOLEIL;5;0;0
Carpentras;44.05;5.04;12/08/2026;05:00;23.1;0;SOLEIL;0;0;0
Carpentras;44.05;5.04;12/08/2026;06:00;23.1;0;SOLEIL;0;0;0
Carpentras;44.05;5.04;12/08/2026;07:00;23.1;0;SOLEIL;0;0;0
Carpentras;44.05;5.04;12/08/2026;08:00;24.5;0;SOLEIL;5;0;0
Carpentras;44.05;5.04;12/08/2026;09:00;26.4;0;SOLEIL;5;0;0
Carpentras;44.05;5.04;12/08/2026;10:00;28.3;0;SOLEIL;5;0;0
Carpentras;44.05;5.04;12/08/2026;11:00;35.7;0;SOLEIL;2;0;0
Carpentras;44.05;5.04;12/08/2026;12:00;35.7;0;SOLEIL;2;0;0
Carpentras;44.05;5.04;12/08/2026;13:00;35.7;0;SOLEIL;2;0;0
Carpentras;44.05;5.04;12/08/2026;14:00;35.8;0;SOLEIL;5;0;0
Carpentras;44.05;5.04;12/08/2026;15:00;37.7;0;SOLEIL;5;0;0
Carpentras;44.05;5.04;12/08/2026;16:00;35.8;0;SOLEIL;5;0;0
Carpentras;44.05;5.04;12/08/2026;17:00;33.5;0;SOLEIL;4;0;0
Carpentras;44.05;5.04;12/08/2026;18:00;33.5;0;SOLEIL;4;0;0
Carpentras;44.05;5.04;12/08/2026;19:00;33.5;0;SOLEIL;4;0;0
Carpentras;44.05;5.04;12/08/2026;20:00;28.3;0;SOLEIL;5;0;0
Carpentras;44.05;5.04;12/08/2026;21:00;26.4;0;SOLEIL;5;0;0
Carpentras;44.05;5.04;12/08/2026;22:00;24.5;0;SOLEIL;5;0;0
Carpentras;44.05;5.04;12/08/2026;23:00;24.6;0;SOLEIL;0;0;0
