Ville;Latitude;Longitude;Date;Heure;temperature_2m;weathercode;Temps_Label;windspeed_10m;wind_gusts_10m;precipitation
Lannion;48.73;-3.46;08/08/2026;00:00;16.1;0;SOLEIL;2;0;0
Lannion;48.73;-3.46;08/08/2026;01:00;16.1;0;SOLEIL;2;0;0
Lannion;48.73;-3.46;08/08/2026;02:00;14.6;5;SOLEIL VOILÉ;2;0;0
Lannion;48.73;-3.46;08/08/2026;03:00;14.6;5;SOLEIL VOILÉ;2;0;0
Lannion;48.73;-3.46;08/08/2026;04:00;14.6;5;SOLEIL VOILÉ;2;0;0
Lannion;48.73;-3.46;08/08/2026;05:00;15.2;5;SOLEIL VOILÉ;3;0;0
Lannion;48.73;-3.46;08/08/2026;06:00;15.2;5;SOLEIL VOILÉ;3;0;0
Lannion;48.73;-3.46;08/08/2026;07:00;15.2;5;SOLEIL VOILÉ;3;0;0
Lannion;48.73;-3.46;08/08/2026;08:00;23.6;5;SOLEIL VOILÉ;3;0;0
Lannion;48.73;-3.46;08/08/2026;09:00;23.6;5;SOLEIL VOILÉ;3;0;0
Lannion;48.73;-3.46;08/08/2026;10:00;23.6;5;SOLEIL VOILÉ;3;0;0
Lannion;48.73;-3.46;08/08/2026;11:00;28.9;5;SOLEIL VOILÉ;3;0;0
Lannion;48.73;-3.46;08/08/2026;12:00;28.9;5;SOLEIL VOILÉ;3;0;0
Lannion;48.73;-3.46;08/08/2026;13:00;28.9;5;SOLEIL VOILÉ;3;0;0
Lannion;48.73;-3.46;08/08/2026;14:00;31.1;0;SOLEIL;2;0;0
Lannion;48.73;-3.46;08/08/2026;15:00;31.1;0;SOLEIL;2;0;0
Lannion;48.73;-3.46;08/08/2026;16:00;31.1;0;SOLEIL;2;0;0
Lannion;48.73;-3.46;08/08/2026;17:00;29.6;0;SOLEIL;1;0;0
Lannion;48.73;-3.46;08/08/2026;18:00;29.6;0;SOLEIL;1;0;0
Lannion;48.73;-3.46;08/08/2026;19:00;29.6;0;SOLEIL;1;0;0
Lannion;48.73;-3.46;08/08/2026;20:00;25.5;0;SOLEIL;2;0;0
Lannion;48.73;-3.46;08/08/2026;21:00;25.5;0;SOLEIL;2;0;0
Lannion;48.73;-3.46;08/08/2026;22:00;25.5;0;SOLEIL;2;0;0
Lannion;48.73;-3.46;08/08/2026;23:00;21.1;0;SOLEIL;2;0;0
Lannion;48.73;-3.46;09/08/2026;00:00;21.1;0;SOLEIL;2;0;0
Lannion;48.73;-3.46;09/08/2026;01:00;21.1;0;SOLEIL;2;0;0
Lannion;48.73;-3.46;09/08/2026;02:00;18.6;0;SOLEIL;2;0;0
Lannion;48.73;-3.46;09/08/2026;03:00;18.6;0;SOLEIL;2;0;0
Lannion;48.73;-3.46;09/08/2026;04:00;18.6;0;SOLEIL;2;0;0
Lannion;48.73;-3.46;09/08/2026;05:00;18.2;0;SOLEIL;1;0;0
Lannion;48.73;-3.46;09/08/2026;06:00;18.2;0;SOLEIL;1;0;0
Lannion;48.73;-3.46;09/08/2026;07:00;18.2;0;SOLEIL;1;0;0
Lannion;48.73;-3.46;09/08/2026;08:00;25.5;0;SOLEIL;1;0;0
Lannion;48.73;-3.46;09/08/2026;09:00;25.5;0;SOLEIL;1;0;0
Lannion;48.73;-3.46;09/08/2026;10:00;25.5;0;SOLEIL;1;0;0
Lannion;48.73;-3.46;09/08/2026;11:00;28.7;0;SOLEIL;2;0;0
Lannion;48.73;-3.46;09/08/2026;12:00;28.7;0;SOLEIL;2;0;0
Lannion;48.73;-3.46;09/08/2026;13:00;28.7;0;SOLEIL;2;0;0
Lannion;48.73;-3.46;09/08/2026;14:00;31.2;0;SOLEIL;3;0;0
Lannion;48.73;-3.46;09/08/2026;15:00;31.2;0;SOLEIL;3;0;0
Lannion;48.73;-3.46;09/08/2026;16:00;31.2;0;SOLEIL;3;0;0
Lannion;48.73;-3.46;09/08/2026;17:00;26.4;0;SOLEIL;3;0;0
Lannion;48.73;-3.46;09/08/2026;18:00;26.4;0;SOLEIL;3;0;0
Lannion;48.73;-3.46;09/08/2026;19:00;26.4;0;SOLEIL;3;0;0
Lannion;48.73;-3.46;09/08/2026;20:00;21.6;5;SOLEIL VOILÉ;5;0;0
Lannion;48.73;-3.46;09/08/2026;21:00;19.6;5;SOLEIL VOILÉ;5;0;0
Lannion;48.73;-3.46;09/08/2026;22:00;17.6;5;SOLEIL VOILÉ;5;0;0
Lannion;48.73;-3.46;09/08/2026;23:00;18.2;0;SOLEIL;3;0;0
Lannion;48.73;-3.46;10/08/2026;00:00;18.2;0;SOLEIL;3;0;0
Lannion;48.73;-3.46;10/08/2026;01:00;18.2;0;SOLEIL;3;0;0
Lannion;48.73;-3.46;10/08/2026;02:00;17.4;0;SOLEIL;5;0;0
Lannion;48.73;-3.46;10/08/2026;03:00;17.4;0;SOLEIL;5;0;0
Lannion;48.73;-3.46;10/08/2026;04:00;17.4;0;SOLEIL;5;0;0
Lannion;48.73;-3.46;10/08/2026;05:00;18.2;0;SOLEIL;3;0;0
Lannion;48.73;-3.46;10/08/2026;06:00;18.2;0;SOLEIL;3;0;0
Lannion;48.73;-3.46;10/08/2026;07:00;18.2;0;SOLEIL;3;0;0
Lannion;48.73;-3.46;10/08/2026;08:00;20.5;0;SOLEIL;5;0;0
Lannion;48.73;-3.46;10/08/2026;09:00;22.1;0;SOLEIL;5;0;0
Lannion;48.73;-3.46;10/08/2026;10:00;23.7;0;SOLEIL;5;0;0
Lannion;48.73;-3.46;10/08/2026;11:00;27.1;0;SOLEIL;3;0;0
Lannion;48.73;-3.46;10/08/2026;12:00;27.1;0;SOLEIL;3;0;0
Lannion;48.73;-3.46;10/08/2026;13:00;27.1;0;SOLEIL;3;0;0
Lannion;48.73;-3.46;10/08/2026;14:00;29.9;0;SOLEIL;5;0;0
Lannion;48.73;-3.46;10/08/2026;15:00;31.5;0;SOLEIL;5;0;0
Lannion;48.73;-3.46;10/08/2026;16:00;29.9;0;SOLEIL;5;0;0
Lannion;48.73;-3.46;10/08/2026;17:00;27.2;0;SOLEIL;4;0;0
Lannion;48.73;-3.46;10/08/2026;18:00;27.2;0;SOLEIL;4;0;0
Lannion;48.73;-3.46;10/08/2026;19:00;27.2;0;SOLEIL;4;0;0
Lannion;48.73;-3.46;10/08/2026;20:00;23.7;0;SOLEIL;5;0;0
Lannion;48.73;-3.46;10/08/2026;21:00;22.1;0;SOLEIL;5;0;0
Lannion;48.73;-3.46;10/08/2026;22:00;20.5;0;SOLEIL;5;0;0
Lannion;48.73;-3.46;10/08/2026;23:00;19.5;0;SOLEIL;3;0;0
Lannion;48.73;-3.46;11/08/2026;00:00;19.5;0;SOLEIL;3;0;0
Lannion;48.73;-3.46;11/08/2026;01:00;19.5;0;SOLEIL;3;0;0
Lannion;48.73;-3.46;11/08/2026;02:00;17.4;0;SOLEIL;5;0;0
Lannion;48.73;-3.46;11/08/2026;03:00;17.4;0;SOLEIL;5;0;0
Lannion;48.73;-3.46;11/08/2026;04:00;17.4;0;SOLEIL;5;0;0
Lannion;48.73;-3.46;11/08/2026;05:00;18.6;0;SOLEIL;3;0;0
Lannion;48.73;-3.46;11/08/2026;06:00;18.6;0;SOLEIL;3;0;0
Lannion;48.73;-3.46;11/08/2026;07:00;18.6;0;SOLEIL;3;0;0
Lannion;48.73;-3.46;11/08/2026;08:00;20.2;0;SOLEIL;5;0;0
Lannion;48.73;-3.46;11/08/2026;09:00;21.6;0;SOLEIL;5;0;0
Lannion;48.73;-3.46;11/08/2026;10:00;23.0;0;SOLEIL;5;0;0
Lannion;48.73;-3.46;11/08/2026;11:00;30.6;0;SOLEIL;3;0;0
Lannion;48.73;-3.46;11/08/2026;12:00;30.6;0;SOLEIL;3;0;0
Lannion;48.73;-3.46;11/08/2026;13:00;30.6;0;SOLEIL;3;0;0
Lannion;48.73;-3.46;11/08/2026;14:00;28.7;0;SOLEIL;5;0;0
Lannion;48.73;-3.46;11/08/2026;15:00;30.1;0;SOLEIL;5;0;0
Lannion;48.73;-3.46;11/08/2026;16:00;28.7;0;SOLEIL;5;0;0
Lannion;48.73;-3.46;11/08/2026;17:00;31.9;0;SOLEIL;3;0;0
Lannion;48.73;-3.46;11/08/2026;18:00;31.9;0;SOLEIL;3;0;0
Lannion;48.73;-3.46;11/08/2026;19:00;31.9;0;SOLEIL;3;0;0
Lannion;48.73;-3.46;11/08/2026;20:00;23.0;0;SOLEIL;5;0;0
Lannion;48.73;-3.46;11/08/2026;21:00;21.6;0;SOLEIL;5;0;0
Lannion;48.73;-3.46;11/08/2026;22:00;20.2;0;SOLEIL;5;0;0
Lannion;48.73;-3.46;11/08/2026;23:00;24.1;0;SOLEIL;4;0;0
Lannion;48.73;-3.46;12/08/2026;00:00;24.1;0;SOLEIL;4;0;0
Lannion;48.73;-3.46;12/08/2026;01:00;24.1;0;SOLEIL;4;0;0
Lannion;48.73;-3.46;12/08/2026;02:00;17.2;0;SOLEIL;5;0;0
Lannion;48.73;-3.46;12/08/2026;03:00;17.2;0;SOLEIL;5;0;0
Lannion;48.73;-3.46;12/08/2026;04:00;17.2;0;SOLEIL;5;0;0
Lannion;48.73;-3.46;12/08/2026;05:00;21.9;0;SOLEIL;3;0;0
Lannion;48.73;-3.46;12/08/2026;06:00;21.9;0;SOLEIL;3;0;0
Lannion;48.73;-3.46;12/08/2026;07:00;21.9;0;SOLEIL;3;0;0
Lannion;48.73;-3.46;12/08/2026;08:00;20.8;0;SOLEIL;5;0;0
Lannion;48.73;-3.46;12/08/2026;09:00;22.7;0;SOLEIL;5;0;0
Lannion;48.73;-3.46;12/08/2026;10:00;24.5;0;SOLEIL;5;0;0
Lannion;48.73;-3.46;12/08/2026;11:00;33.1;0;SOLEIL;4;0;0
Lannion;48.73;-3.46;12/08/2026;12:00;33.1;0;SOLEIL;4;0;0
Lannion;48.73;-3.46;12/08/2026;13:00;33.1;0;SOLEIL;4;0;0
Lannion;48.73;-3.46;12/08/2026;14:00;31.8;0;SOLEIL;5;0;0
Lannion;48.73;-3.46;12/08/2026;15:00;33.6;0;SOLEIL;5;0;0
Lannion;48.73;-3.46;12/08/2026;16:00;31.8;0;SOLEIL;5;0;0
Lannion;48.73;-3.46;12/08/2026;17:00;33.4;0;SOLEIL;2;0;0
Lannion;48.73;-3.46;12/08/2026;18:00;33.4;0;SOLEIL;2;0;0
Lannion;48.73;-3.46;12/08/2026;19:00;33.4;0;SOLEIL;2;0;0
Lannion;48.73;-3.46;12/08/2026;20:00;24.5;0;SOLEIL;5;0;0
Lannion;48.73;-3.46;12/08/2026;21:00;22.7;0;SOLEIL;5;0;0
Lannion;48.73;-3.46;12/08/2026;22:00;20.8;0;SOLEIL;5;0;0
Lannion;48.73;-3.46;12/08/2026;23:00;24;0;SOLEIL;3;0;0
Merdrignac;48.19;-2.41;08/08/2026;00:00;13.6;0;SOLEIL;1;0;0
Merdrignac;48.19;-2.41;08/08/2026;01:00;13.6;0;SOLEIL;1;0;0
Merdrignac;48.19;-2.41;08/08/2026;02:00;10.4;5;SOLEIL VOILÉ;3;0;0
Merdrignac;48.19;-2.41;08/08/2026;03:00;10.4;5;SOLEIL VOILÉ;3;0;0
Merdrignac;48.19;-2.41;08/08/2026;04:00;10.4;5;SOLEIL VOILÉ;3;0;0
Merdrignac;48.19;-2.41;08/08/2026;05:00;11.5;5;SOLEIL VOILÉ;3;0;0
Merdrignac;48.19;-2.41;08/08/2026;06:00;11.5;5;SOLEIL VOILÉ;3;0;0
Merdrignac;48.19;-2.41;08/08/2026;07:00;11.5;5;SOLEIL VOILÉ;3;0;0
Merdrignac;48.19;-2.41;08/08/2026;08:00;21.9;5;SOLEIL VOILÉ;3;0;0
Merdrignac;48.19;-2.41;08/08/2026;09:00;21.9;5;SOLEIL VOILÉ;3;0;0
Merdrignac;48.19;-2.41;08/08/2026;10:00;21.9;5;SOLEIL VOILÉ;3;0;0
Merdrignac;48.19;-2.41;08/08/2026;11:00;29.2;5;SOLEIL VOILÉ;3;0;0
Merdrignac;48.19;-2.41;08/08/2026;12:00;29.2;5;SOLEIL VOILÉ;3;0;0
Merdrignac;48.19;-2.41;08/08/2026;13:00;29.2;5;SOLEIL VOILÉ;3;0;0
Merdrignac;48.19;-2.41;08/08/2026;14:00;28.2;0;SOLEIL;3;0;0
Merdrignac;48.19;-2.41;08/08/2026;15:00;28.2;0;SOLEIL;3;0;0
Merdrignac;48.19;-2.41;08/08/2026;16:00;28.2;0;SOLEIL;3;0;0
Merdrignac;48.19;-2.41;08/08/2026;17:00;26;0;SOLEIL;4;0;0
Merdrignac;48.19;-2.41;08/08/2026;18:00;26;0;SOLEIL;4;0;0
Merdrignac;48.19;-2.41;08/08/2026;19:00;26;0;SOLEIL;4;0;0
Merdrignac;48.19;-2.41;08/08/2026;20:00;21;0;SOLEIL;3;0;0
Merdrignac;48.19;-2.41;08/08/2026;21:00;21;0;SOLEIL;3;0;0
Merdrignac;48.19;-2.41;08/08/2026;22:00;21;0;SOLEIL;3;0;0
Merdrignac;48.19;-2.41;08/08/2026;23:00;17.4;0;SOLEIL;2;0;0
Merdrignac;48.19;-2.41;09/08/2026;00:00;17.4;0;SOLEIL;2;0;0
Merdrignac;48.19;-2.41;09/08/2026;01:00;17.4;0;SOLEIL;2;0;0
Merdrignac;48.19;-2.41;09/08/2026;02:00;15.1;0;SOLEIL;3;0;0
Merdrignac;48.19;-2.41;09/08/2026;03:00;15.1;0;SOLEIL;3;0;0
Merdrignac;48.19;-2.41;09/08/2026;04:00;15.1;0;SOLEIL;3;0;0
Merdrignac;48.19;-2.41;09/08/2026;05:00;16;0;SOLEIL;3;0;0
Merdrignac;48.19;-2.41;09/08/2026;06:00;16;0;SOLEIL;3;0;0
Merdrignac;48.19;-2.41;09/08/2026;07:00;16;0;SOLEIL;3;0;0
Merdrignac;48.19;-2.41;09/08/2026;08:00;22.4;0;SOLEIL;3;0;0
Merdrignac;48.19;-2.41;09/08/2026;09:00;22.4;0;SOLEIL;3;0;0
Merdrignac;48.19;-2.41;09/08/2026;10:00;22.4;0;SOLEIL;3;0;0
Merdrignac;48.19;-2.41;09/08/2026;11:00;24.2;0;SOLEIL;3;0;0
Merdrignac;48.19;-2.41;09/08/2026;12:00;24.2;0;SOLEIL;3;0;0
Merdrignac;48.19;-2.41;09/08/2026;13:00;24.2;0;SOLEIL;3;0;0
Merdrignac;48.19;-2.41;09/08/2026;14:00;24.1;0;SOLEIL;4;0;0
Merdrignac;48.19;-2.41;09/08/2026;15:00;24.1;0;SOLEIL;4;0;0
Merdrignac;48.19;-2.41;09/08/2026;16:00;24.1;0;SOLEIL;4;0;0
Merdrignac;48.19;-2.41;09/08/2026;17:00;21;0;SOLEIL;4;0;0
Merdrignac;48.19;-2.41;09/08/2026;18:00;21;0;SOLEIL;4;0;0
Merdrignac;48.19;-2.41;09/08/2026;19:00;21;0;SOLEIL;4;0;0
Merdrignac;48.19;-2.41;09/08/2026;20:00;18.6;5;SOLEIL VOILÉ;5;0;0
Merdrignac;48.19;-2.41;09/08/2026;21:00;16.4;5;SOLEIL VOILÉ;5;0;0
Merdrignac;48.19;-2.41;09/08/2026;22:00;14.1;5;SOLEIL VOILÉ;5;0;0
Merdrignac;48.19;-2.41;09/08/2026;23:00;17.1;0;SOLEIL;3;0;0
Merdrignac;48.19;-2.41;10/08/2026;00:00;17.1;0;SOLEIL;3;0;0
Merdrignac;48.19;-2.41;10/08/2026;01:00;17.1;0;SOLEIL;3;0;0
Merdrignac;48.19;-2.41;10/08/2026;02:00;14.1;0;SOLEIL;5;0;0
Merdrignac;48.19;-2.41;10/08/2026;03:00;14.1;0;SOLEIL;5;0;0
Merdrignac;48.19;-2.41;10/08/2026;04:00;14.1;0;SOLEIL;5;0;0
Merdrignac;48.19;-2.41;10/08/2026;05:00;16.9;0;SOLEIL;2;0;0
Merdrignac;48.19;-2.41;10/08/2026;06:00;16.9;0;SOLEIL;2;0;0
Merdrignac;48.19;-2.41;10/08/2026;07:00;16.9;0;SOLEIL;2;0;0
Merdrignac;48.19;-2.41;10/08/2026;08:00;16.6;0;SOLEIL;5;0;0
Merdrignac;48.19;-2.41;10/08/2026;09:00;17.9;0;SOLEIL;5;0;0
Merdrignac;48.19;-2.41;10/08/2026;10:00;19.2;0;SOLEIL;5;0;0
Merdrignac;48.19;-2.41;10/08/2026;11:00;23.9;6;AVERSES;3;0;0
Merdrignac;48.19;-2.41;10/08/2026;12:00;23.9;6;AVERSES;3;0;0
Merdrignac;48.19;-2.41;10/08/2026;13:00;23.9;6;AVERSES;3;0;0
Merdrignac;48.19;-2.41;10/08/2026;14:00;24.2;0;SOLEIL;5;0;0
Merdrignac;48.19;-2.41;10/08/2026;15:00;25.5;0;SOLEIL;5;0;0
Merdrignac;48.19;-2.41;10/08/2026;16:00;24.2;0;SOLEIL;5;0;0
Merdrignac;48.19;-2.41;10/08/2026;17:00;21.5;0;SOLEIL;4;0;0
Merdrignac;48.19;-2.41;10/08/2026;18:00;21.5;0;SOLEIL;4;0;0
Merdrignac;48.19;-2.41;10/08/2026;19:00;21.5;0;SOLEIL;4;0;0
Merdrignac;48.19;-2.41;10/08/2026;20:00;19.2;0;SOLEIL;5;0;0
Merdrignac;48.19;-2.41;10/08/2026;21:00;17.9;0;SOLEIL;5;0;0
Merdrignac;48.19;-2.41;10/08/2026;22:00;16.6;0;SOLEIL;5;0;0
Merdrignac;48.19;-2.41;10/08/2026;23:00;16.1;0;SOLEIL;2;0;0
Merdrignac;48.19;-2.41;11/08/2026;00:00;16.1;0;SOLEIL;2;0;0
Merdrignac;48.19;-2.41;11/08/2026;01:00;16.1;0;SOLEIL;2;0;0
Merdrignac;48.19;-2.41;11/08/2026;02:00;15.5;0;SOLEIL;5;0;0
Merdrignac;48.19;-2.41;11/08/2026;03:00;15.5;0;SOLEIL;5;0;0
Merdrignac;48.19;-2.41;11/08/2026;04:00;15.5;0;SOLEIL;5;0;0
Merdrignac;48.19;-2.41;11/08/2026;05:00;15.6;0;SOLEIL;3;0;0
Merdrignac;48.19;-2.41;11/08/2026;06:00;15.6;0;SOLEIL;3;0;0
Merdrignac;48.19;-2.41;11/08/2026;07:00;15.6;0;SOLEIL;3;0;0
Merdrignac;48.19;-2.41;11/08/2026;08:00;17.5;0;SOLEIL;5;0;0
Merdrignac;48.19;-2.41;11/08/2026;09:00;18.5;0;SOLEIL;5;0;0
Merdrignac;48.19;-2.41;11/08/2026;10:00;19.5;0;SOLEIL;5;0;0
Merdrignac;48.19;-2.41;11/08/2026;11:00;28.1;0;SOLEIL;4;0;0
Merdrignac;48.19;-2.41;11/08/2026;12:00;28.1;0;SOLEIL;4;0;0
Merdrignac;48.19;-2.41;11/08/2026;13:00;28.1;0;SOLEIL;4;0;0
Merdrignac;48.19;-2.41;11/08/2026;14:00;23.6;0;SOLEIL;5;0;0
Merdrignac;48.19;-2.41;11/08/2026;15:00;24.6;0;SOLEIL;5;0;0
Merdrignac;48.19;-2.41;11/08/2026;16:00;23.6;0;SOLEIL;5;0;0
Merdrignac;48.19;-2.41;11/08/2026;17:00;24.7;0;SOLEIL;5;0;0
Merdrignac;48.19;-2.41;11/08/2026;18:00;24.7;0;SOLEIL;5;0;0
Merdrignac;48.19;-2.41;11/08/2026;19:00;24.7;0;SOLEIL;5;0;0
Merdrignac;48.19;-2.41;11/08/2026;20:00;19.5;0;SOLEIL;5;0;0
Merdrignac;48.19;-2.41;11/08/2026;21:00;18.5;0;SOLEIL;5;0;0
Merdrignac;48.19;-2.41;11/08/2026;22:00;17.5;0;SOLEIL;5;0;0
Merdrignac;48.19;-2.41;11/08/2026;23:00;20.1;0;SOLEIL;4;0;0
Merdrignac;48.19;-2.41;12/08/2026;00:00;20.1;0;SOLEIL;4;0;0
Merdrignac;48.19;-2.41;12/08/2026;01:00;20.1;0;SOLEIL;4;0;0
Merdrignac;48.19;-2.41;12/08/2026;02:00;14.2;0;SOLEIL;5;0;0
Merdrignac;48.19;-2.41;12/08/2026;03:00;14.2;0;SOLEIL;5;0;0
Merdrignac;48.19;-2.41;12/08/2026;04:00;14.2;0;SOLEIL;5;0;0
Merdrignac;48.19;-2.41;12/08/2026;05:00;19.1;0;SOLEIL;4;0;0
Merdrignac;48.19;-2.41;12/08/2026;06:00;19.1;0;SOLEIL;4;0;0
Merdrignac;48.19;-2.41;12/08/2026;07:00;19.1;0;SOLEIL;4;0;0
Merdrignac;48.19;-2.41;12/08/2026;08:00;17.4;0;SOLEIL;5;0;0
Merdrignac;48.19;-2.41;12/08/2026;09:00;19.0;0;SOLEIL;5;0;0
Merdrignac;48.19;-2.41;12/08/2026;10:00;20.6;0;SOLEIL;5;0;0
Merdrignac;48.19;-2.41;12/08/2026;11:00;29.6;0;SOLEIL;4;0;0
Merdrignac;48.19;-2.41;12/08/2026;12:00;29.6;0;SOLEIL;4;0;0
Merdrignac;48.19;-2.41;12/08/2026;13:00;29.6;0;SOLEIL;4;0;0
Merdrignac;48.19;-2.41;12/08/2026;14:00;27.1;0;SOLEIL;5;0;0
Merdrignac;48.19;-2.41;12/08/2026;15:00;28.7;0;SOLEIL;5;0;0
Merdrignac;48.19;-2.41;12/08/2026;16:00;27.1;0;SOLEIL;5;0;0
Merdrignac;48.19;-2.41;12/08/2026;17:00;23.7;0;SOLEIL;4;0;0
Merdrignac;48.19;-2.41;12/08/2026;18:00;23.7;0;SOLEIL;4;0;0
Merdrignac;48.19;-2.41;12/08/2026;19:00;23.7;0;SOLEIL;4;0;0
Merdrignac;48.19;-2.41;12/08/2026;20:00;20.6;0;SOLEIL;5;0;0
Merdrignac;48.19;-2.41;12/08/2026;21:00;19.0;0;SOLEIL;5;0;0
Merdrignac;48.19;-2.41;12/08/2026;22:00;17.4;0;SOLEIL;5;0;0
Merdrignac;48.19;-2.41;12/08/2026;23:00;19;0;SOLEIL;3;0;0
Rostrenen;48.23;-3.31;08/08/2026;00:00;14.7;0;SOLEIL;4;0;0
Rostrenen;48.23;-3.31;08/08/2026;01:00;14.7;0;SOLEIL;4;0;0
Rostrenen;48.23;-3.31;08/08/2026;02:00;13.5;5;SOLEIL VOILÉ;3;0;0
Rostrenen;48.23;-3.31;08/08/2026;03:00;13.5;5;SOLEIL VOILÉ;3;0;0
Rostrenen;48.23;-3.31;08/08/2026;04:00;13.5;5;SOLEIL VOILÉ;3;0;0
Rostrenen;48.23;-3.31;08/08/2026;05:00;13.9;5;SOLEIL VOILÉ;3;0;0
Rostrenen;48.23;-3.31;08/08/2026;06:00;13.9;5;SOLEIL VOILÉ;3;0;0
Rostrenen;48.23;-3.31;08/08/2026;07:00;13.9;5;SOLEIL VOILÉ;3;0;0
Rostrenen;48.23;-3.31;08/08/2026;08:00;22.1;5;SOLEIL VOILÉ;3;0;0
Rostrenen;48.23;-3.31;08/08/2026;09:00;22.1;5;SOLEIL VOILÉ;3;0;0
Rostrenen;48.23;-3.31;08/08/2026;10:00;22.1;5;SOLEIL VOILÉ;3;0;0
Rostrenen;48.23;-3.31;08/08/2026;11:00;28.5;5;SOLEIL VOILÉ;3;0;0
Rostrenen;48.23;-3.31;08/08/2026;12:00;28.5;5;SOLEIL VOILÉ;3;0;0
Rostrenen;48.23;-3.31;08/08/2026;13:00;28.5;5;SOLEIL VOILÉ;3;0;0
Rostrenen;48.23;-3.31;08/08/2026;14:00;30.6;0;SOLEIL;2;0;0
Rostrenen;48.23;-3.31;08/08/2026;15:00;30.6;0;SOLEIL;2;0;0
Rostrenen;48.23;-3.31;08/08/2026;16:00;30.6;0;SOLEIL;2;0;0
Rostrenen;48.23;-3.31;08/08/2026;17:00;28.2;0;SOLEIL;1;0;0
Rostrenen;48.23;-3.31;08/08/2026;18:00;28.2;0;SOLEIL;1;0;0
Rostrenen;48.23;-3.31;08/08/2026;19:00;28.2;0;SOLEIL;1;0;0
Rostrenen;48.23;-3.31;08/08/2026;20:00;21.9;0;SOLEIL;2;0;0
Rostrenen;48.23;-3.31;08/08/2026;21:00;21.9;0;SOLEIL;2;0;0
Rostrenen;48.23;-3.31;08/08/2026;22:00;21.9;0;SOLEIL;2;0;0
Rostrenen;48.23;-3.31;08/08/2026;23:00;18.5;0;SOLEIL;2;0;0
Rostrenen;48.23;-3.31;09/08/2026;00:00;18.5;0;SOLEIL;2;0;0
Rostrenen;48.23;-3.31;09/08/2026;01:00;18.5;0;SOLEIL;2;0;0
Rostrenen;48.23;-3.31;09/08/2026;02:00;17.2;0;SOLEIL;2;0;0
Rostrenen;48.23;-3.31;09/08/2026;03:00;17.2;0;SOLEIL;2;0;0
Rostrenen;48.23;-3.31;09/08/2026;04:00;17.2;0;SOLEIL;2;0;0
Rostrenen;48.23;-3.31;09/08/2026;05:00;17.7;0;SOLEIL;2;0;0
Rostrenen;48.23;-3.31;09/08/2026;06:00;17.7;0;SOLEIL;2;0;0
Rostrenen;48.23;-3.31;09/08/2026;07:00;17.7;0;SOLEIL;2;0;0
Rostrenen;48.23;-3.31;09/08/2026;08:00;24.4;0;SOLEIL;2;0;0
Rostrenen;48.23;-3.31;09/08/2026;09:00;24.4;0;SOLEIL;2;0;0
Rostrenen;48.23;-3.31;09/08/2026;10:00;24.4;0;SOLEIL;2;0;0
Rostrenen;48.23;-3.31;09/08/2026;11:00;28.1;0;SOLEIL;2;0;0
Rostrenen;48.23;-3.31;09/08/2026;12:00;28.1;0;SOLEIL;2;0;0
Rostrenen;48.23;-3.31;09/08/2026;13:00;28.1;0;SOLEIL;2;0;0
Rostrenen;48.23;-3.31;09/08/2026;14:00;28.6;0;SOLEIL;3;0;0
Rostrenen;48.23;-3.31;09/08/2026;15:00;28.6;0;SOLEIL;3;0;0
Rostrenen;48.23;-3.31;09/08/2026;16:00;28.6;0;SOLEIL;3;0;0
Rostrenen;48.23;-3.31;09/08/2026;17:00;24.5;0;SOLEIL;5;0;0
Rostrenen;48.23;-3.31;09/08/2026;18:00;24.5;0;SOLEIL;5;0;0
Rostrenen;48.23;-3.31;09/08/2026;19:00;24.5;0;SOLEIL;5;0;0
Rostrenen;48.23;-3.31;09/08/2026;20:00;20.8;5;SOLEIL VOILÉ;5;0;0
Rostrenen;48.23;-3.31;09/08/2026;21:00;18.7;5;SOLEIL VOILÉ;5;0;0
Rostrenen;48.23;-3.31;09/08/2026;22:00;16.6;5;SOLEIL VOILÉ;5;0;0
Rostrenen;48.23;-3.31;09/08/2026;23:00;16.6;0;SOLEIL;3;0;0
Rostrenen;48.23;-3.31;10/08/2026;00:00;16.6;0;SOLEIL;3;0;0
Rostrenen;48.23;-3.31;10/08/2026;01:00;16.6;0;SOLEIL;3;0;0
Rostrenen;48.23;-3.31;10/08/2026;02:00;16.7;0;SOLEIL;5;0;0
Rostrenen;48.23;-3.31;10/08/2026;03:00;16.7;0;SOLEIL;5;0;0
Rostrenen;48.23;-3.31;10/08/2026;04:00;16.7;0;SOLEIL;5;0;0
Rostrenen;48.23;-3.31;10/08/2026;05:00;16.7;0;SOLEIL;3;0;0
Rostrenen;48.23;-3.31;10/08/2026;06:00;16.7;0;SOLEIL;3;0;0
Rostrenen;48.23;-3.31;10/08/2026;07:00;16.7;0;SOLEIL;3;0;0
Rostrenen;48.23;-3.31;10/08/2026;08:00;19.5;0;SOLEIL;5;0;0
Rostrenen;48.23;-3.31;10/08/2026;09:00;21.0;0;SOLEIL;5;0;0
Rostrenen;48.23;-3.31;10/08/2026;10:00;22.4;0;SOLEIL;5;0;0
Rostrenen;48.23;-3.31;10/08/2026;11:00;25.6;0;SOLEIL;3;0;0
Rostrenen;48.23;-3.31;10/08/2026;12:00;25.6;0;SOLEIL;3;0;0
Rostrenen;48.23;-3.31;10/08/2026;13:00;25.6;0;SOLEIL;3;0;0
Rostrenen;48.23;-3.31;10/08/2026;14:00;28.1;0;SOLEIL;5;0;0
Rostrenen;48.23;-3.31;10/08/2026;15:00;29.5;0;SOLEIL;5;0;0
Rostrenen;48.23;-3.31;10/08/2026;16:00;28.1;0;SOLEIL;5;0;0
Rostrenen;48.23;-3.31;10/08/2026;17:00;23.9;0;SOLEIL;4;0;0
Rostrenen;48.23;-3.31;10/08/2026;18:00;23.9;0;SOLEIL;4;0;0
Rostrenen;48.23;-3.31;10/08/2026;19:00;23.9;0;SOLEIL;4;0;0
Rostrenen;48.23;-3.31;10/08/2026;20:00;22.4;0;SOLEIL;5;0;0
Rostrenen;48.23;-3.31;10/08/2026;21:00;21.0;0;SOLEIL;5;0;0
Rostrenen;48.23;-3.31;10/08/2026;22:00;19.5;0;SOLEIL;5;0;0
Rostrenen;48.23;-3.31;10/08/2026;23:00;16.7;0;SOLEIL;3;0;0
Rostrenen;48.23;-3.31;11/08/2026;00:00;16.7;0;SOLEIL;3;0;0
Rostrenen;48.23;-3.31;11/08/2026;01:00;16.7;0;SOLEIL;3;0;0
Rostrenen;48.23;-3.31;11/08/2026;02:00;15.6;0;SOLEIL;5;0;0
Rostrenen;48.23;-3.31;11/08/2026;03:00;15.6;0;SOLEIL;5;0;0
Rostrenen;48.23;-3.31;11/08/2026;04:00;15.6;0;SOLEIL;5;0;0
Rostrenen;48.23;-3.31;11/08/2026;05:00;17.1;0;SOLEIL;3;0;0
Rostrenen;48.23;-3.31;11/08/2026;06:00;17.1;0;SOLEIL;3;0;0
Rostrenen;48.23;-3.31;11/08/2026;07:00;17.1;0;SOLEIL;3;0;0
Rostrenen;48.23;-3.31;11/08/2026;08:00;18.3;0;SOLEIL;5;0;0
Rostrenen;48.23;-3.31;11/08/2026;09:00;19.6;0;SOLEIL;5;0;0
Rostrenen;48.23;-3.31;11/08/2026;10:00;20.9;0;SOLEIL;5;0;0
Rostrenen;48.23;-3.31;11/08/2026;11:00;29.6;0;SOLEIL;3;0;0
Rostrenen;48.23;-3.31;11/08/2026;12:00;29.6;0;SOLEIL;3;0;0
Rostrenen;48.23;-3.31;11/08/2026;13:00;29.6;0;SOLEIL;3;0;0
Rostrenen;48.23;-3.31;11/08/2026;14:00;26.3;0;SOLEIL;5;0;0
Rostrenen;48.23;-3.31;11/08/2026;15:00;27.6;0;SOLEIL;5;0;0
Rostrenen;48.23;-3.31;11/08/2026;16:00;26.3;0;SOLEIL;5;0;0
Rostrenen;48.23;-3.31;11/08/2026;17:00;28.5;0;SOLEIL;3;0;0
Rostrenen;48.23;-3.31;11/08/2026;18:00;28.5;0;SOLEIL;3;0;0
Rostrenen;48.23;-3.31;11/08/2026;19:00;28.5;0;SOLEIL;3;0;0
Rostrenen;48.23;-3.31;11/08/2026;20:00;20.9;0;SOLEIL;5;0;0
Rostrenen;48.23;-3.31;11/08/2026;21:00;19.6;0;SOLEIL;5;0;0
Rostrenen;48.23;-3.31;11/08/2026;22:00;18.3;0;SOLEIL;5;0;0
Rostrenen;48.23;-3.31;11/08/2026;23:00;20.6;0;SOLEIL;3;0;0
Rostrenen;48.23;-3.31;12/08/2026;00:00;20.6;0;SOLEIL;3;0;0
Rostrenen;48.23;-3.31;12/08/2026;01:00;20.6;0;SOLEIL;3;0;0
Rostrenen;48.23;-3.31;12/08/2026;02:00;15.6;0;SOLEIL;5;0;0
Rostrenen;48.23;-3.31;12/08/2026;03:00;15.6;0;SOLEIL;5;0;0
Rostrenen;48.23;-3.31;12/08/2026;04:00;15.6;0;SOLEIL;5;0;0
Rostrenen;48.23;-3.31;12/08/2026;05:00;20.1;0;SOLEIL;3;0;0
Rostrenen;48.23;-3.31;12/08/2026;06:00;20.1;0;SOLEIL;3;0;0
Rostrenen;48.23;-3.31;12/08/2026;07:00;20.1;0;SOLEIL;3;0;0
Rostrenen;48.23;-3.31;12/08/2026;08:00;19.1;0;SOLEIL;5;0;0
Rostrenen;48.23;-3.31;12/08/2026;09:00;20.9;0;SOLEIL;5;0;0
Rostrenen;48.23;-3.31;12/08/2026;10:00;22.7;0;SOLEIL;5;0;0
Rostrenen;48.23;-3.31;12/08/2026;11:00;32.7;0;SOLEIL;3;0;0
Rostrenen;48.23;-3.31;12/08/2026;12:00;32.7;0;SOLEIL;3;0;0
Rostrenen;48.23;-3.31;12/08/2026;13:00;32.7;0;SOLEIL;3;0;0
Rostrenen;48.23;-3.31;12/08/2026;14:00;29.7;0;SOLEIL;5;0;0
Rostrenen;48.23;-3.31;12/08/2026;15:00;31.5;0;SOLEIL;5;0;0
Rostrenen;48.23;-3.31;12/08/2026;16:00;29.7;0;SOLEIL;5;0;0
Rostrenen;48.23;-3.31;12/08/2026;17:00;31.6;0;SOLEIL;4;0;0
Rostrenen;48.23;-3.31;12/08/2026;18:00;31.6;0;SOLEIL;4;0;0
Rostrenen;48.23;-3.31;12/08/2026;19:00;31.6;0;SOLEIL;4;0;0
Rostrenen;48.23;-3.31;12/08/2026;20:00;22.7;0;SOLEIL;5;0;0
Rostrenen;48.23;-3.31;12/08/2026;21:00;20.9;0;SOLEIL;5;0;0
Rostrenen;48.23;-3.31;12/08/2026;22:00;19.1;0;SOLEIL;5;0;0
Rostrenen;48.23;-3.31;12/08/2026;23:00;20.1;0;SOLEIL;4;0;0
Saint-Brieuc;48.51;-2.76;08/08/2026;00:00;13.7;5;SOLEIL VOILÉ;3;0;0
Saint-Brieuc;48.51;-2.76;08/08/2026;01:00;13.7;5;SOLEIL VOILÉ;3;0;0
Saint-Brieuc;48.51;-2.76;08/08/2026;02:00;12.7;5;SOLEIL VOILÉ;3;0;0
Saint-Brieuc;48.51;-2.76;08/08/2026;03:00;12.7;5;SOLEIL VOILÉ;3;0;0
Saint-Brieuc;48.51;-2.76;08/08/2026;04:00;12.7;5;SOLEIL VOILÉ;3;0;0
Saint-Brieuc;48.51;-2.76;08/08/2026;05:00;13.5;5;SOLEIL VOILÉ;3;0;0
Saint-Brieuc;48.51;-2.76;08/08/2026;06:00;13.5;5;SOLEIL VOILÉ;3;0;0
Saint-Brieuc;48.51;-2.76;08/08/2026;07:00;13.5;5;SOLEIL VOILÉ;3;0;0
Saint-Brieuc;48.51;-2.76;08/08/2026;08:00;22;5;SOLEIL VOILÉ;3;0;0
Saint-Brieuc;48.51;-2.76;08/08/2026;09:00;22;5;SOLEIL VOILÉ;3;0;0
Saint-Brieuc;48.51;-2.76;08/08/2026;10:00;22;5;SOLEIL VOILÉ;3;0;0
Saint-Brieuc;48.51;-2.76;08/08/2026;11:00;26.9;5;SOLEIL VOILÉ;3;0;0
Saint-Brieuc;48.51;-2.76;08/08/2026;12:00;26.9;5;SOLEIL VOILÉ;3;0;0
Saint-Brieuc;48.51;-2.76;08/08/2026;13:00;26.9;5;SOLEIL VOILÉ;3;0;0
Saint-Brieuc;48.51;-2.76;08/08/2026;14:00;29.1;0;SOLEIL;2;0;0
Saint-Brieuc;48.51;-2.76;08/08/2026;15:00;29.1;0;SOLEIL;2;0;0
Saint-Brieuc;48.51;-2.76;08/08/2026;16:00;29.1;0;SOLEIL;2;0;0
Saint-Brieuc;48.51;-2.76;08/08/2026;17:00;26.7;0;SOLEIL;3;0;0
Saint-Brieuc;48.51;-2.76;08/08/2026;18:00;26.7;0;SOLEIL;3;0;0
Saint-Brieuc;48.51;-2.76;08/08/2026;19:00;26.7;0;SOLEIL;3;0;0
Saint-Brieuc;48.51;-2.76;08/08/2026;20:00;20.4;0;SOLEIL;2;0;0
Saint-Brieuc;48.51;-2.76;08/08/2026;21:00;20.4;0;SOLEIL;2;0;0
Saint-Brieuc;48.51;-2.76;08/08/2026;22:00;20.4;0;SOLEIL;2;0;0
Saint-Brieuc;48.51;-2.76;08/08/2026;23:00;16.7;0;SOLEIL;2;0;0
Saint-Brieuc;48.51;-2.76;09/08/2026;00:00;16.7;0;SOLEIL;2;0;0
Saint-Brieuc;48.51;-2.76;09/08/2026;01:00;16.7;0;SOLEIL;2;0;0
Saint-Brieuc;48.51;-2.76;09/08/2026;02:00;15.6;0;SOLEIL;2;0;0
Saint-Brieuc;48.51;-2.76;09/08/2026;03:00;15.6;0;SOLEIL;2;0;0
Saint-Brieuc;48.51;-2.76;09/08/2026;04:00;15.6;0;SOLEIL;2;0;0
Saint-Brieuc;48.51;-2.76;09/08/2026;05:00;15.1;0;SOLEIL;3;0;0
Saint-Brieuc;48.51;-2.76;09/08/2026;06:00;15.1;0;SOLEIL;3;0;0
Saint-Brieuc;48.51;-2.76;09/08/2026;07:00;15.1;0;SOLEIL;3;0;0
Saint-Brieuc;48.51;-2.76;09/08/2026;08:00;22.5;0;SOLEIL;3;0;0
Saint-Brieuc;48.51;-2.76;09/08/2026;09:00;22.5;0;SOLEIL;3;0;0
Saint-Brieuc;48.51;-2.76;09/08/2026;10:00;22.5;0;SOLEIL;3;0;0
Saint-Brieuc;48.51;-2.76;09/08/2026;11:00;26.1;0;SOLEIL;2;0;0
Saint-Brieuc;48.51;-2.76;09/08/2026;12:00;26.1;0;SOLEIL;2;0;0
Saint-Brieuc;48.51;-2.76;09/08/2026;13:00;26.1;0;SOLEIL;2;0;0
Saint-Brieuc;48.51;-2.76;09/08/2026;14:00;26.7;0;SOLEIL;3;0;0
Saint-Brieuc;48.51;-2.76;09/08/2026;15:00;26.7;0;SOLEIL;3;0;0
Saint-Brieuc;48.51;-2.76;09/08/2026;16:00;26.7;0;SOLEIL;3;0;0
Saint-Brieuc;48.51;-2.76;09/08/2026;17:00;22.9;0;SOLEIL;4;0;0
Saint-Brieuc;48.51;-2.76;09/08/2026;18:00;22.9;0;SOLEIL;4;0;0
Saint-Brieuc;48.51;-2.76;09/08/2026;19:00;22.9;0;SOLEIL;4;0;0
Saint-Brieuc;48.51;-2.76;09/08/2026;20:00;20.1;5;SOLEIL VOILÉ;5;0;0
Saint-Brieuc;48.51;-2.76;09/08/2026;21:00;18.1;5;SOLEIL VOILÉ;5;0;0
Saint-Brieuc;48.51;-2.76;09/08/2026;22:00;16.2;5;SOLEIL VOILÉ;5;0;0
Saint-Brieuc;48.51;-2.76;09/08/2026;23:00;15.1;0;SOLEIL;3;0;0
Saint-Brieuc;48.51;-2.76;10/08/2026;00:00;15.1;0;SOLEIL;3;0;0
Saint-Brieuc;48.51;-2.76;10/08/2026;01:00;15.1;0;SOLEIL;3;0;0
Saint-Brieuc;48.51;-2.76;10/08/2026;02:00;14.6;0;SOLEIL;5;0;0
Saint-Brieuc;48.51;-2.76;10/08/2026;03:00;14.6;0;SOLEIL;5;0;0
Saint-Brieuc;48.51;-2.76;10/08/2026;04:00;14.6;0;SOLEIL;5;0;0
Saint-Brieuc;48.51;-2.76;10/08/2026;05:00;15.5;0;SOLEIL;3;0;0
Saint-Brieuc;48.51;-2.76;10/08/2026;06:00;15.5;0;SOLEIL;3;0;0
Saint-Brieuc;48.51;-2.76;10/08/2026;07:00;15.5;0;SOLEIL;3;0;0
Saint-Brieuc;48.51;-2.76;10/08/2026;08:00;17.5;0;SOLEIL;5;0;0
Saint-Brieuc;48.51;-2.76;10/08/2026;09:00;18.9;0;SOLEIL;5;0;0
Saint-Brieuc;48.51;-2.76;10/08/2026;10:00;20.4;0;SOLEIL;5;0;0
Saint-Brieuc;48.51;-2.76;10/08/2026;11:00;24.6;0;SOLEIL;2;0;0
Saint-Brieuc;48.51;-2.76;10/08/2026;12:00;24.6;0;SOLEIL;2;0;0
Saint-Brieuc;48.51;-2.76;10/08/2026;13:00;24.6;0;SOLEIL;2;0;0
Saint-Brieuc;48.51;-2.76;10/08/2026;14:00;26.2;0;SOLEIL;5;0;0
Saint-Brieuc;48.51;-2.76;10/08/2026;15:00;27.6;0;SOLEIL;5;0;0
Saint-Brieuc;48.51;-2.76;10/08/2026;16:00;26.2;0;SOLEIL;5;0;0
Saint-Brieuc;48.51;-2.76;10/08/2026;17:00;23.4;0;SOLEIL;5;0;0
Saint-Brieuc;48.51;-2.76;10/08/2026;18:00;23.4;0;SOLEIL;5;0;0
Saint-Brieuc;48.51;-2.76;10/08/2026;19:00;23.4;0;SOLEIL;5;0;0
Saint-Brieuc;48.51;-2.76;10/08/2026;20:00;20.4;0;SOLEIL;5;0;0
Saint-Brieuc;48.51;-2.76;10/08/2026;21:00;18.9;0;SOLEIL;5;0;0
Saint-Brieuc;48.51;-2.76;10/08/2026;22:00;17.5;0;SOLEIL;5;0;0
Saint-Brieuc;48.51;-2.76;10/08/2026;23:00;16;0;SOLEIL;3;0;0
Saint-Brieuc;48.51;-2.76;11/08/2026;00:00;16;0;SOLEIL;3;0;0
Saint-Brieuc;48.51;-2.76;11/08/2026;01:00;16;0;SOLEIL;3;0;0
Saint-Brieuc;48.51;-2.76;11/08/2026;02:00;14.5;0;SOLEIL;5;0;0
Saint-Brieuc;48.51;-2.76;11/08/2026;03:00;14.5;0;SOLEIL;5;0;0
Saint-Brieuc;48.51;-2.76;11/08/2026;04:00;14.5;0;SOLEIL;5;0;0
Saint-Brieuc;48.51;-2.76;11/08/2026;05:00;16.4;0;SOLEIL;4;0;0
Saint-Brieuc;48.51;-2.76;11/08/2026;06:00;16.4;0;SOLEIL;4;0;0
Saint-Brieuc;48.51;-2.76;11/08/2026;07:00;16.4;0;SOLEIL;4;0;0
Saint-Brieuc;48.51;-2.76;11/08/2026;08:00;17.3;0;SOLEIL;5;0;0
Saint-Brieuc;48.51;-2.76;11/08/2026;09:00;18.7;0;SOLEIL;5;0;0
Saint-Brieuc;48.51;-2.76;11/08/2026;10:00;20.1;0;SOLEIL;5;0;0
Saint-Brieuc;48.51;-2.76;11/08/2026;11:00;28.4;0;SOLEIL;3;0;0
Saint-Brieuc;48.51;-2.76;11/08/2026;12:00;28.4;0;SOLEIL;3;0;0
Saint-Brieuc;48.51;-2.76;11/08/2026;13:00;28.4;0;SOLEIL;3;0;0
Saint-Brieuc;48.51;-2.76;11/08/2026;14:00;25.8;0;SOLEIL;5;0;0
Saint-Brieuc;48.51;-2.76;11/08/2026;15:00;27.2;0;SOLEIL;5;0;0
Saint-Brieuc;48.51;-2.76;11/08/2026;16:00;25.8;0;SOLEIL;5;0;0
Saint-Brieuc;48.51;-2.76;11/08/2026;17:00;26.6;0;SOLEIL;4;0;0
Saint-Brieuc;48.51;-2.76;11/08/2026;18:00;26.6;0;SOLEIL;4;0;0
Saint-Brieuc;48.51;-2.76;11/08/2026;19:00;26.6;0;SOLEIL;4;0;0
Saint-Brieuc;48.51;-2.76;11/08/2026;20:00;20.1;0;SOLEIL;5;0;0
Saint-Brieuc;48.51;-2.76;11/08/2026;21:00;18.7;0;SOLEIL;5;0;0
Saint-Brieuc;48.51;-2.76;11/08/2026;22:00;17.3;0;SOLEIL;5;0;0
Saint-Brieuc;48.51;-2.76;11/08/2026;23:00;21.1;0;SOLEIL;3;0;0
Saint-Brieuc;48.51;-2.76;12/08/2026;00:00;21.1;0;SOLEIL;3;0;0
Saint-Brieuc;48.51;-2.76;12/08/2026;01:00;21.1;0;SOLEIL;3;0;0
Saint-Brieuc;48.51;-2.76;12/08/2026;02:00;14.9;0;SOLEIL;5;0;0
Saint-Brieuc;48.51;-2.76;12/08/2026;03:00;14.9;0;SOLEIL;5;0;0
Saint-Brieuc;48.51;-2.76;12/08/2026;04:00;14.9;0;SOLEIL;5;0;0
Saint-Brieuc;48.51;-2.76;12/08/2026;05:00;19.9;0;SOLEIL;4;0;0
Saint-Brieuc;48.51;-2.76;12/08/2026;06:00;19.9;0;SOLEIL;4;0;0
Saint-Brieuc;48.51;-2.76;12/08/2026;07:00;19.9;0;SOLEIL;4;0;0
Saint-Brieuc;48.51;-2.76;12/08/2026;08:00;18.3;0;SOLEIL;5;0;0
Saint-Brieuc;48.51;-2.76;12/08/2026;09:00;20.1;0;SOLEIL;5;0;0
Saint-Brieuc;48.51;-2.76;12/08/2026;10:00;21.8;0;SOLEIL;5;0;0
Saint-Brieuc;48.51;-2.76;12/08/2026;11:00;30.4;0;SOLEIL;4;0;0
Saint-Brieuc;48.51;-2.76;12/08/2026;12:00;30.4;0;SOLEIL;4;0;0
Saint-Brieuc;48.51;-2.76;12/08/2026;13:00;30.4;0;SOLEIL;4;0;0
Saint-Brieuc;48.51;-2.76;12/08/2026;14:00;28.7;0;SOLEIL;5;0;0
Saint-Brieuc;48.51;-2.76;12/08/2026;15:00;30.4;0;SOLEIL;5;0;0
Saint-Brieuc;48.51;-2.76;12/08/2026;16:00;28.7;0;SOLEIL;5;0;0
Saint-Brieuc;48.51;-2.76;12/08/2026;17:00;27.5;0;SOLEIL;4;0;0
Saint-Brieuc;48.51;-2.76;12/08/2026;18:00;27.5;0;SOLEIL;4;0;0
Saint-Brieuc;48.51;-2.76;12/08/2026;19:00;27.5;0;SOLEIL;4;0;0
Saint-Brieuc;48.51;-2.76;12/08/2026;20:00;21.8;0;SOLEIL;5;0;0
Saint-Brieuc;48.51;-2.76;12/08/2026;21:00;20.1;0;SOLEIL;5;0;0
Saint-Brieuc;48.51;-2.76;12/08/2026;22:00;18.3;0;SOLEIL;5;0;0
Saint-Brieuc;48.51;-2.76;12/08/2026;23:00;19;0;SOLEIL;3;0;0
Brest;48.39;-4.48;08/08/2026;00:00;14.7;0;SOLEIL;2;0;0
Brest;48.39;-4.48;08/08/2026;01:00;14.7;0;SOLEIL;2;0;0
Brest;48.39;-4.48;08/08/2026;02:00;15.6;5;SOLEIL VOILÉ;2;0;0
Brest;48.39;-4.48;08/08/2026;03:00;15.6;5;SOLEIL VOILÉ;2;0;0
Brest;48.39;-4.48;08/08/2026;04:00;15.6;5;SOLEIL VOILÉ;2;0;0
Brest;48.39;-4.48;08/08/2026;05:00;15.7;5;SOLEIL VOILÉ;1;0;0
Brest;48.39;-4.48;08/08/2026;06:00;15.7;5;SOLEIL VOILÉ;1;0;0
Brest;48.39;-4.48;08/08/2026;07:00;15.7;5;SOLEIL VOILÉ;1;0;0
Brest;48.39;-4.48;08/08/2026;08:00;20.9;5;SOLEIL VOILÉ;2;0;0
Brest;48.39;-4.48;08/08/2026;09:00;20.9;5;SOLEIL VOILÉ;2;0;0
Brest;48.39;-4.48;08/08/2026;10:00;20.9;5;SOLEIL VOILÉ;2;0;0
Brest;48.39;-4.48;08/08/2026;11:00;26.4;5;SOLEIL VOILÉ;2;0;0
Brest;48.39;-4.48;08/08/2026;12:00;26.4;5;SOLEIL VOILÉ;2;0;0
Brest;48.39;-4.48;08/08/2026;13:00;26.4;5;SOLEIL VOILÉ;2;0;0
Brest;48.39;-4.48;08/08/2026;14:00;26.1;0;SOLEIL;2;0;0
Brest;48.39;-4.48;08/08/2026;15:00;26.1;0;SOLEIL;2;0;0
Brest;48.39;-4.48;08/08/2026;16:00;26.1;0;SOLEIL;2;0;0
Brest;48.39;-4.48;08/08/2026;17:00;24.6;0;SOLEIL;3;0;0
Brest;48.39;-4.48;08/08/2026;18:00;24.6;0;SOLEIL;3;0;0
Brest;48.39;-4.48;08/08/2026;19:00;24.6;0;SOLEIL;3;0;0
Brest;48.39;-4.48;08/08/2026;20:00;20.5;0;SOLEIL;1;0;0
Brest;48.39;-4.48;08/08/2026;21:00;20.5;0;SOLEIL;1;0;0
Brest;48.39;-4.48;08/08/2026;22:00;20.5;0;SOLEIL;1;0;0
Brest;48.39;-4.48;08/08/2026;23:00;19;0;SOLEIL;2;0;0
Brest;48.39;-4.48;09/08/2026;00:00;19;0;SOLEIL;2;0;0
Brest;48.39;-4.48;09/08/2026;01:00;19;0;SOLEIL;2;0;0
Brest;48.39;-4.48;09/08/2026;02:00;18.4;0;SOLEIL;2;0;0
Brest;48.39;-4.48;09/08/2026;03:00;18.4;0;SOLEIL;2;0;0
Brest;48.39;-4.48;09/08/2026;04:00;18.4;0;SOLEIL;2;0;0
Brest;48.39;-4.48;09/08/2026;05:00;19;0;SOLEIL;2;0;0
Brest;48.39;-4.48;09/08/2026;06:00;19;0;SOLEIL;2;0;0
Brest;48.39;-4.48;09/08/2026;07:00;19;0;SOLEIL;2;0;0
Brest;48.39;-4.48;09/08/2026;08:00;23.7;0;SOLEIL;2;0;0
Brest;48.39;-4.48;09/08/2026;09:00;23.7;0;SOLEIL;2;0;0
Brest;48.39;-4.48;09/08/2026;10:00;23.7;0;SOLEIL;2;0;0
Brest;48.39;-4.48;09/08/2026;11:00;25.1;0;SOLEIL;2;0;0
Brest;48.39;-4.48;09/08/2026;12:00;25.1;0;SOLEIL;2;0;0
Brest;48.39;-4.48;09/08/2026;13:00;25.1;0;SOLEIL;2;0;0
Brest;48.39;-4.48;09/08/2026;14:00;24.1;0;SOLEIL;4;0;0
Brest;48.39;-4.48;09/08/2026;15:00;24.1;0;SOLEIL;4;0;0
Brest;48.39;-4.48;09/08/2026;16:00;24.1;0;SOLEIL;4;0;0
Brest;48.39;-4.48;09/08/2026;17:00;22.2;0;SOLEIL;4;0;0
Brest;48.39;-4.48;09/08/2026;18:00;22.2;0;SOLEIL;4;0;0
Brest;48.39;-4.48;09/08/2026;19:00;22.2;0;SOLEIL;4;0;0
Brest;48.39;-4.48;09/08/2026;20:00;19.8;5;SOLEIL VOILÉ;5;0;0
Brest;48.39;-4.48;09/08/2026;21:00;18.3;5;SOLEIL VOILÉ;5;0;0
Brest;48.39;-4.48;09/08/2026;22:00;16.7;5;SOLEIL VOILÉ;5;0;0
Brest;48.39;-4.48;09/08/2026;23:00;17.2;0;SOLEIL;3;0;0
Brest;48.39;-4.48;10/08/2026;00:00;17.2;0;SOLEIL;3;0;0
Brest;48.39;-4.48;10/08/2026;01:00;17.2;0;SOLEIL;3;0;0
Brest;48.39;-4.48;10/08/2026;02:00;18;0;SOLEIL;5;0;0
Brest;48.39;-4.48;10/08/2026;03:00;18;0;SOLEIL;5;0;0
Brest;48.39;-4.48;10/08/2026;04:00;18;0;SOLEIL;5;0;0
Brest;48.39;-4.48;10/08/2026;05:00;17.7;0;SOLEIL;3;0;0
Brest;48.39;-4.48;10/08/2026;06:00;17.7;0;SOLEIL;3;0;0
Brest;48.39;-4.48;10/08/2026;07:00;17.7;0;SOLEIL;3;0;0
Brest;48.39;-4.48;10/08/2026;08:00;19.8;0;SOLEIL;5;0;0
Brest;48.39;-4.48;10/08/2026;09:00;20.6;0;SOLEIL;5;0;0
Brest;48.39;-4.48;10/08/2026;10:00;21.5;0;SOLEIL;5;0;0
Brest;48.39;-4.48;10/08/2026;11:00;22.9;6;AVERSES;3;0;0
Brest;48.39;-4.48;10/08/2026;12:00;22.9;6;AVERSES;3;0;0
Brest;48.39;-4.48;10/08/2026;13:00;22.9;6;AVERSES;3;0;0
Brest;48.39;-4.48;10/08/2026;14:00;25.0;0;SOLEIL;5;0;0
Brest;48.39;-4.48;10/08/2026;15:00;25.9;0;SOLEIL;5;0;0
Brest;48.39;-4.48;10/08/2026;16:00;25.0;0;SOLEIL;5;0;0
Brest;48.39;-4.48;10/08/2026;17:00;21.1;0;SOLEIL;4;0;0
Brest;48.39;-4.48;10/08/2026;18:00;21.1;0;SOLEIL;4;0;0
Brest;48.39;-4.48;10/08/2026;19:00;21.1;0;SOLEIL;4;0;0
Brest;48.39;-4.48;10/08/2026;20:00;21.5;0;SOLEIL;5;0;0
Brest;48.39;-4.48;10/08/2026;21:00;20.6;0;SOLEIL;5;0;0
Brest;48.39;-4.48;10/08/2026;22:00;19.8;0;SOLEIL;5;0;0
Brest;48.39;-4.48;10/08/2026;23:00;17.6;0;SOLEIL;2;0;0
Brest;48.39;-4.48;11/08/2026;00:00;17.6;0;SOLEIL;2;0;0
Brest;48.39;-4.48;11/08/2026;01:00;17.6;0;SOLEIL;2;0;0
Brest;48.39;-4.48;11/08/2026;02:00;16.7;0;SOLEIL;5;0;0
Brest;48.39;-4.48;11/08/2026;03:00;16.7;0;SOLEIL;5;0;0
Brest;48.39;-4.48;11/08/2026;04:00;16.7;0;SOLEIL;5;0;0
Brest;48.39;-4.48;11/08/2026;05:00;17.6;0;SOLEIL;2;0;0
Brest;48.39;-4.48;11/08/2026;06:00;17.6;0;SOLEIL;2;0;0
Brest;48.39;-4.48;11/08/2026;07:00;17.6;0;SOLEIL;2;0;0
Brest;48.39;-4.48;11/08/2026;08:00;18.3;0;SOLEIL;5;0;0
Brest;48.39;-4.48;11/08/2026;09:00;19.0;0;SOLEIL;5;0;0
Brest;48.39;-4.48;11/08/2026;10:00;19.8;0;SOLEIL;5;0;0
Brest;48.39;-4.48;11/08/2026;11:00;27.1;0;SOLEIL;3;0;0
Brest;48.39;-4.48;11/08/2026;12:00;27.1;0;SOLEIL;3;0;0
Brest;48.39;-4.48;11/08/2026;13:00;27.1;0;SOLEIL;3;0;0
Brest;48.39;-4.48;11/08/2026;14:00;22.9;0;SOLEIL;5;0;0
Brest;48.39;-4.48;11/08/2026;15:00;23.7;0;SOLEIL;5;0;0
Brest;48.39;-4.48;11/08/2026;16:00;22.9;0;SOLEIL;5;0;0
Brest;48.39;-4.48;11/08/2026;17:00;25.2;0;SOLEIL;3;0;0
Brest;48.39;-4.48;11/08/2026;18:00;25.2;0;SOLEIL;3;0;0
Brest;48.39;-4.48;11/08/2026;19:00;25.2;0;SOLEIL;3;0;0
Brest;48.39;-4.48;11/08/2026;20:00;19.8;0;SOLEIL;5;0;0
Brest;48.39;-4.48;11/08/2026;21:00;19.0;0;SOLEIL;5;0;0
Brest;48.39;-4.48;11/08/2026;22:00;18.3;0;SOLEIL;5;0;0
Brest;48.39;-4.48;11/08/2026;23:00;21.5;0;SOLEIL;2;0;0
Brest;48.39;-4.48;12/08/2026;00:00;21.5;0;SOLEIL;2;0;0
Brest;48.39;-4.48;12/08/2026;01:00;21.5;0;SOLEIL;2;0;0
Brest;48.39;-4.48;12/08/2026;02:00;16.1;0;SOLEIL;5;0;0
Brest;48.39;-4.48;12/08/2026;03:00;16.1;0;SOLEIL;5;0;0
Brest;48.39;-4.48;12/08/2026;04:00;16.1;0;SOLEIL;5;0;0
Brest;48.39;-4.48;12/08/2026;05:00;21.6;0;SOLEIL;3;0;0
Brest;48.39;-4.48;12/08/2026;06:00;21.6;0;SOLEIL;3;0;0
Brest;48.39;-4.48;12/08/2026;07:00;21.6;0;SOLEIL;3;0;0
Brest;48.39;-4.48;12/08/2026;08:00;18.8;0;SOLEIL;5;0;0
Brest;48.39;-4.48;12/08/2026;09:00;20.1;0;SOLEIL;5;0;0
Brest;48.39;-4.48;12/08/2026;10:00;21.4;0;SOLEIL;5;0;0
Brest;48.39;-4.48;12/08/2026;11:00;31;0;SOLEIL;3;0;0
Brest;48.39;-4.48;12/08/2026;12:00;31;0;SOLEIL;3;0;0
Brest;48.39;-4.48;12/08/2026;13:00;31;0;SOLEIL;3;0;0
Brest;48.39;-4.48;12/08/2026;14:00;26.8;0;SOLEIL;5;0;0
Brest;48.39;-4.48;12/08/2026;15:00;28.1;0;SOLEIL;5;0;0
Brest;48.39;-4.48;12/08/2026;16:00;26.8;0;SOLEIL;5;0;0
Brest;48.39;-4.48;12/08/2026;17:00;27.1;0;SOLEIL;4;0;0
Brest;48.39;-4.48;12/08/2026;18:00;27.1;0;SOLEIL;4;0;0
Brest;48.39;-4.48;12/08/2026;19:00;27.1;0;SOLEIL;4;0;0
Brest;48.39;-4.48;12/08/2026;20:00;21.4;0;SOLEIL;5;0;0
Brest;48.39;-4.48;12/08/2026;21:00;20.1;0;SOLEIL;5;0;0
Brest;48.39;-4.48;12/08/2026;22:00;18.8;0;SOLEIL;5;0;0
Brest;48.39;-4.48;12/08/2026;23:00;20.5;0;SOLEIL;3;0;0
Île-de-Sein;48.03;-4.85;08/08/2026;00:00;14.6;5;SOLEIL VOILÉ;3;0;0
Île-de-Sein;48.03;-4.85;08/08/2026;01:00;14.6;5;SOLEIL VOILÉ;3;0;0
Île-de-Sein;48.03;-4.85;08/08/2026;02:00;13.6;5;SOLEIL VOILÉ;3;0;0
Île-de-Sein;48.03;-4.85;08/08/2026;03:00;13.6;5;SOLEIL VOILÉ;3;0;0
Île-de-Sein;48.03;-4.85;08/08/2026;04:00;13.6;5;SOLEIL VOILÉ;3;0;0
Île-de-Sein;48.03;-4.85;08/08/2026;05:00;15.1;5;SOLEIL VOILÉ;3;0;0
Île-de-Sein;48.03;-4.85;08/08/2026;06:00;15.1;5;SOLEIL VOILÉ;3;0;0
Île-de-Sein;48.03;-4.85;08/08/2026;07:00;15.1;5;SOLEIL VOILÉ;3;0;0
Île-de-Sein;48.03;-4.85;08/08/2026;08:00;21.5;5;SOLEIL VOILÉ;2;0;0
Île-de-Sein;48.03;-4.85;08/08/2026;09:00;21.5;5;SOLEIL VOILÉ;2;0;0
Île-de-Sein;48.03;-4.85;08/08/2026;10:00;21.5;5;SOLEIL VOILÉ;2;0;0
Île-de-Sein;48.03;-4.85;08/08/2026;11:00;27;5;SOLEIL VOILÉ;3;0;0
Île-de-Sein;48.03;-4.85;08/08/2026;12:00;27;5;SOLEIL VOILÉ;3;0;0
Île-de-Sein;48.03;-4.85;08/08/2026;13:00;27;5;SOLEIL VOILÉ;3;0;0
Île-de-Sein;48.03;-4.85;08/08/2026;14:00;26.6;0;SOLEIL;3;0;0
Île-de-Sein;48.03;-4.85;08/08/2026;15:00;26.6;0;SOLEIL;3;0;0
Île-de-Sein;48.03;-4.85;08/08/2026;16:00;26.6;0;SOLEIL;3;0;0
Île-de-Sein;48.03;-4.85;08/08/2026;17:00;22.7;0;SOLEIL;3;0;0
Île-de-Sein;48.03;-4.85;08/08/2026;18:00;22.7;0;SOLEIL;3;0;0
Île-de-Sein;48.03;-4.85;08/08/2026;19:00;22.7;0;SOLEIL;3;0;0
Île-de-Sein;48.03;-4.85;08/08/2026;20:00;18.5;0;SOLEIL;1;0;0
Île-de-Sein;48.03;-4.85;08/08/2026;21:00;18.5;0;SOLEIL;1;0;0
Île-de-Sein;48.03;-4.85;08/08/2026;22:00;18.5;0;SOLEIL;1;0;0
Île-de-Sein;48.03;-4.85;08/08/2026;23:00;16.1;0;SOLEIL;1;0;0
Île-de-Sein;48.03;-4.85;09/08/2026;00:00;16.1;0;SOLEIL;1;0;0
Île-de-Sein;48.03;-4.85;09/08/2026;01:00;16.1;0;SOLEIL;1;0;0
Île-de-Sein;48.03;-4.85;09/08/2026;02:00;15.2;0;SOLEIL;2;0;0
Île-de-Sein;48.03;-4.85;09/08/2026;03:00;15.2;0;SOLEIL;2;0;0
Île-de-Sein;48.03;-4.85;09/08/2026;04:00;15.2;0;SOLEIL;2;0;0
Île-de-Sein;48.03;-4.85;09/08/2026;05:00;16.1;0;SOLEIL;2;0;0
Île-de-Sein;48.03;-4.85;09/08/2026;06:00;16.1;0;SOLEIL;2;0;0
Île-de-Sein;48.03;-4.85;09/08/2026;07:00;16.1;0;SOLEIL;2;0;0
Île-de-Sein;48.03;-4.85;09/08/2026;08:00;21.5;0;SOLEIL;2;0;0
Île-de-Sein;48.03;-4.85;09/08/2026;09:00;21.5;0;SOLEIL;2;0;0
Île-de-Sein;48.03;-4.85;09/08/2026;10:00;21.5;0;SOLEIL;2;0;0
Île-de-Sein;48.03;-4.85;09/08/2026;11:00;23.6;0;SOLEIL;4;0;0
Île-de-Sein;48.03;-4.85;09/08/2026;12:00;23.6;0;SOLEIL;4;0;0
Île-de-Sein;48.03;-4.85;09/08/2026;13:00;23.6;0;SOLEIL;4;0;0
Île-de-Sein;48.03;-4.85;09/08/2026;14:00;24.2;0;SOLEIL;4;0;0
Île-de-Sein;48.03;-4.85;09/08/2026;15:00;24.2;0;SOLEIL;4;0;0
Île-de-Sein;48.03;-4.85;09/08/2026;16:00;24.2;0;SOLEIL;4;0;0
Île-de-Sein;48.03;-4.85;09/08/2026;17:00;21.1;0;SOLEIL;3;0;0
Île-de-Sein;48.03;-4.85;09/08/2026;18:00;21.1;0;SOLEIL;3;0;0
Île-de-Sein;48.03;-4.85;09/08/2026;19:00;21.1;0;SOLEIL;3;0;0
Île-de-Sein;48.03;-4.85;09/08/2026;20:00;19.6;5;SOLEIL VOILÉ;5;0;0
Île-de-Sein;48.03;-4.85;09/08/2026;21:00;18.0;5;SOLEIL VOILÉ;5;0;0
Île-de-Sein;48.03;-4.85;09/08/2026;22:00;16.3;5;SOLEIL VOILÉ;5;0;0
Île-de-Sein;48.03;-4.85;09/08/2026;23:00;16.9;0;SOLEIL;2;0;0
Île-de-Sein;48.03;-4.85;10/08/2026;00:00;16.9;0;SOLEIL;2;0;0
Île-de-Sein;48.03;-4.85;10/08/2026;01:00;16.9;0;SOLEIL;2;0;0
Île-de-Sein;48.03;-4.85;10/08/2026;02:00;14.9;0;SOLEIL;5;0;0
Île-de-Sein;48.03;-4.85;10/08/2026;03:00;14.9;0;SOLEIL;5;0;0
Île-de-Sein;48.03;-4.85;10/08/2026;04:00;14.9;0;SOLEIL;5;0;0
Île-de-Sein;48.03;-4.85;10/08/2026;05:00;17.1;0;SOLEIL;2;0;0
Île-de-Sein;48.03;-4.85;10/08/2026;06:00;17.1;0;SOLEIL;2;0;0
Île-de-Sein;48.03;-4.85;10/08/2026;07:00;17.1;0;SOLEIL;2;0;0
Île-de-Sein;48.03;-4.85;10/08/2026;08:00;17.1;0;SOLEIL;5;0;0
Île-de-Sein;48.03;-4.85;10/08/2026;09:00;18.1;0;SOLEIL;5;0;0
Île-de-Sein;48.03;-4.85;10/08/2026;10:00;19.2;0;SOLEIL;5;0;0
Île-de-Sein;48.03;-4.85;10/08/2026;11:00;24.6;0;SOLEIL;3;0;0
Île-de-Sein;48.03;-4.85;10/08/2026;12:00;24.6;0;SOLEIL;3;0;0
Île-de-Sein;48.03;-4.85;10/08/2026;13:00;24.6;0;SOLEIL;3;0;0
Île-de-Sein;48.03;-4.85;10/08/2026;14:00;23.5;0;SOLEIL;5;0;0
Île-de-Sein;48.03;-4.85;10/08/2026;15:00;24.6;0;SOLEIL;5;0;0
Île-de-Sein;48.03;-4.85;10/08/2026;16:00;23.5;0;SOLEIL;5;0;0
Île-de-Sein;48.03;-4.85;10/08/2026;17:00;22.5;0;SOLEIL;4;0;0
Île-de-Sein;48.03;-4.85;10/08/2026;18:00;22.5;0;SOLEIL;4;0;0
Île-de-Sein;48.03;-4.85;10/08/2026;19:00;22.5;0;SOLEIL;4;0;0
Île-de-Sein;48.03;-4.85;10/08/2026;20:00;19.2;0;SOLEIL;5;0;0
Île-de-Sein;48.03;-4.85;10/08/2026;21:00;18.1;0;SOLEIL;5;0;0
Île-de-Sein;48.03;-4.85;10/08/2026;22:00;17.1;0;SOLEIL;5;0;0
Île-de-Sein;48.03;-4.85;10/08/2026;23:00;17.1;0;SOLEIL;3;0;0
Île-de-Sein;48.03;-4.85;11/08/2026;00:00;17.1;0;SOLEIL;3;0;0
Île-de-Sein;48.03;-4.85;11/08/2026;01:00;17.1;0;SOLEIL;3;0;0
Île-de-Sein;48.03;-4.85;11/08/2026;02:00;15.7;0;SOLEIL;5;0;0
Île-de-Sein;48.03;-4.85;11/08/2026;03:00;15.7;0;SOLEIL;5;0;0
Île-de-Sein;48.03;-4.85;11/08/2026;04:00;15.7;0;SOLEIL;5;0;0
Île-de-Sein;48.03;-4.85;11/08/2026;05:00;17.2;0;SOLEIL;3;0;0
Île-de-Sein;48.03;-4.85;11/08/2026;06:00;17.2;0;SOLEIL;3;0;0
Île-de-Sein;48.03;-4.85;11/08/2026;07:00;17.2;0;SOLEIL;3;0;0
Île-de-Sein;48.03;-4.85;11/08/2026;08:00;18.0;0;SOLEIL;5;0;0
Île-de-Sein;48.03;-4.85;11/08/2026;09:00;19.2;0;SOLEIL;5;0;0
Île-de-Sein;48.03;-4.85;11/08/2026;10:00;20.3;0;SOLEIL;5;0;0
Île-de-Sein;48.03;-4.85;11/08/2026;11:00;30.2;0;SOLEIL;2;0;0
Île-de-Sein;48.03;-4.85;11/08/2026;12:00;30.2;0;SOLEIL;2;0;0
Île-de-Sein;48.03;-4.85;11/08/2026;13:00;30.2;0;SOLEIL;2;0;0
Île-de-Sein;48.03;-4.85;11/08/2026;14:00;24.9;0;SOLEIL;5;0;0
Île-de-Sein;48.03;-4.85;11/08/2026;15:00;26.1;0;SOLEIL;5;0;0
Île-de-Sein;48.03;-4.85;11/08/2026;16:00;24.9;0;SOLEIL;5;0;0
Île-de-Sein;48.03;-4.85;11/08/2026;17:00;28.2;0;SOLEIL;3;0;0
Île-de-Sein;48.03;-4.85;11/08/2026;18:00;28.2;0;SOLEIL;3;0;0
Île-de-Sein;48.03;-4.85;11/08/2026;19:00;28.2;0;SOLEIL;3;0;0
Île-de-Sein;48.03;-4.85;11/08/2026;20:00;20.3;0;SOLEIL;5;0;0
Île-de-Sein;48.03;-4.85;11/08/2026;21:00;19.2;0;SOLEIL;5;0;0
Île-de-Sein;48.03;-4.85;11/08/2026;22:00;18.0;0;SOLEIL;5;0;0
Île-de-Sein;48.03;-4.85;11/08/2026;23:00;19.9;0;SOLEIL;3;0;0
Île-de-Sein;48.03;-4.85;12/08/2026;00:00;19.9;0;SOLEIL;3;0;0
Île-de-Sein;48.03;-4.85;12/08/2026;01:00;19.9;0;SOLEIL;3;0;0
Île-de-Sein;48.03;-4.85;12/08/2026;02:00;15.9;0;SOLEIL;5;0;0
Île-de-Sein;48.03;-4.85;12/08/2026;03:00;15.9;0;SOLEIL;5;0;0
Île-de-Sein;48.03;-4.85;12/08/2026;04:00;15.9;0;SOLEIL;5;0;0
Île-de-Sein;48.03;-4.85;12/08/2026;05:00;20.1;0;SOLEIL;3;0;0
Île-de-Sein;48.03;-4.85;12/08/2026;06:00;20.1;0;SOLEIL;3;0;0
Île-de-Sein;48.03;-4.85;12/08/2026;07:00;20.1;0;SOLEIL;3;0;0
Île-de-Sein;48.03;-4.85;12/08/2026;08:00;19.4;0;SOLEIL;5;0;0
Île-de-Sein;48.03;-4.85;12/08/2026;09:00;21.1;0;SOLEIL;5;0;0
Île-de-Sein;48.03;-4.85;12/08/2026;10:00;22.8;0;SOLEIL;5;0;0
Île-de-Sein;48.03;-4.85;12/08/2026;11:00;29.6;0;SOLEIL;3;0;0
Île-de-Sein;48.03;-4.85;12/08/2026;12:00;29.6;0;SOLEIL;3;0;0
Île-de-Sein;48.03;-4.85;12/08/2026;13:00;29.6;0;SOLEIL;3;0;0
Île-de-Sein;48.03;-4.85;12/08/2026;14:00;29.8;0;SOLEIL;5;0;0
Île-de-Sein;48.03;-4.85;12/08/2026;15:00;31.5;0;SOLEIL;5;0;0
Île-de-Sein;48.03;-4.85;12/08/2026;16:00;29.8;0;SOLEIL;5;0;0
Île-de-Sein;48.03;-4.85;12/08/2026;17:00;25;0;SOLEIL;3;0;0
Île-de-Sein;48.03;-4.85;12/08/2026;18:00;25;0;SOLEIL;3;0;0
Île-de-Sein;48.03;-4.85;12/08/2026;19:00;25;0;SOLEIL;3;0;0
Île-de-Sein;48.03;-4.85;12/08/2026;20:00;22.8;0;SOLEIL;5;0;0
Île-de-Sein;48.03;-4.85;12/08/2026;21:00;21.1;0;SOLEIL;5;0;0
Île-de-Sein;48.03;-4.85;12/08/2026;22:00;19.4;0;SOLEIL;5;0;0
Île-de-Sein;48.03;-4.85;12/08/2026;23:00;19.1;0;SOLEIL;3;0;0
Morlaix;48.57;-3.82;08/08/2026;00:00;16.1;5;SOLEIL VOILÉ;8;11;0
Morlaix;48.57;-3.82;08/08/2026;01:00;16.1;5;SOLEIL VOILÉ;8;11;0
Morlaix;48.57;-3.82;08/08/2026;02:00;15.6;5;SOLEIL VOILÉ;4;0;0
Morlaix;48.57;-3.82;08/08/2026;03:00;15.6;5;SOLEIL VOILÉ;4;0;0
Morlaix;48.57;-3.82;08/08/2026;04:00;15.6;5;SOLEIL VOILÉ;4;0;0
Morlaix;48.57;-3.82;08/08/2026;05:00;15.9;5;SOLEIL VOILÉ;4;0;0
Morlaix;48.57;-3.82;08/08/2026;06:00;15.9;5;SOLEIL VOILÉ;4;0;0
Morlaix;48.57;-3.82;08/08/2026;07:00;15.9;5;SOLEIL VOILÉ;4;0;0
Morlaix;48.57;-3.82;08/08/2026;08:00;20.6;5;SOLEIL VOILÉ;5;0;0
Morlaix;48.57;-3.82;08/08/2026;09:00;20.6;5;SOLEIL VOILÉ;5;0;0
Morlaix;48.57;-3.82;08/08/2026;10:00;20.6;5;SOLEIL VOILÉ;5;0;0
Morlaix;48.57;-3.82;08/08/2026;11:00;22.6;0;SOLEIL;5;0;0
Morlaix;48.57;-3.82;08/08/2026;12:00;22.6;0;SOLEIL;5;0;0
Morlaix;48.57;-3.82;08/08/2026;13:00;22.6;0;SOLEIL;5;0;0
Morlaix;48.57;-3.82;08/08/2026;14:00;21.6;0;SOLEIL;4;0;0
Morlaix;48.57;-3.82;08/08/2026;15:00;21.6;0;SOLEIL;4;0;0
Morlaix;48.57;-3.82;08/08/2026;16:00;21.6;0;SOLEIL;4;0;0
Morlaix;48.57;-3.82;08/08/2026;17:00;20.1;0;SOLEIL;2;0;0
Morlaix;48.57;-3.82;08/08/2026;18:00;20.1;0;SOLEIL;2;0;0
Morlaix;48.57;-3.82;08/08/2026;19:00;20.1;0;SOLEIL;2;0;0
Morlaix;48.57;-3.82;08/08/2026;20:00;18.2;0;SOLEIL;2;0;0
Morlaix;48.57;-3.82;08/08/2026;21:00;18.2;0;SOLEIL;2;0;0
Morlaix;48.57;-3.82;08/08/2026;22:00;18.2;0;SOLEIL;2;0;0
Morlaix;48.57;-3.82;08/08/2026;23:00;18.2;0;SOLEIL;2;0;0
Morlaix;48.57;-3.82;09/08/2026;00:00;18.2;0;SOLEIL;2;0;0
Morlaix;48.57;-3.82;09/08/2026;01:00;18.2;0;SOLEIL;2;0;0
Morlaix;48.57;-3.82;09/08/2026;02:00;18.1;0;SOLEIL;2;0;0
Morlaix;48.57;-3.82;09/08/2026;03:00;18.1;0;SOLEIL;2;0;0
Morlaix;48.57;-3.82;09/08/2026;04:00;18.1;0;SOLEIL;2;0;0
Morlaix;48.57;-3.82;09/08/2026;05:00;17.6;0;SOLEIL;3;0;0
Morlaix;48.57;-3.82;09/08/2026;06:00;17.6;0;SOLEIL;3;0;0
Morlaix;48.57;-3.82;09/08/2026;07:00;17.6;0;SOLEIL;3;0;0
Morlaix;48.57;-3.82;09/08/2026;08:00;18.2;0;SOLEIL;2;0;0
Morlaix;48.57;-3.82;09/08/2026;09:00;18.2;0;SOLEIL;2;0;0
Morlaix;48.57;-3.82;09/08/2026;10:00;18.2;0;SOLEIL;2;0;0
Morlaix;48.57;-3.82;09/08/2026;11:00;19.9;0;SOLEIL;3;0;0
Morlaix;48.57;-3.82;09/08/2026;12:00;19.9;0;SOLEIL;3;0;0
Morlaix;48.57;-3.82;09/08/2026;13:00;19.9;0;SOLEIL;3;0;0
Morlaix;48.57;-3.82;09/08/2026;14:00;19.5;0;SOLEIL;4;0;0
Morlaix;48.57;-3.82;09/08/2026;15:00;19.5;0;SOLEIL;4;0;0
Morlaix;48.57;-3.82;09/08/2026;16:00;19.5;0;SOLEIL;4;0;0
Morlaix;48.57;-3.82;09/08/2026;17:00;18.6;0;SOLEIL;4;0;0
Morlaix;48.57;-3.82;09/08/2026;18:00;18.6;0;SOLEIL;4;0;0
Morlaix;48.57;-3.82;09/08/2026;19:00;18.6;0;SOLEIL;4;0;0
Morlaix;48.57;-3.82;09/08/2026;20:00;18.9;0;SOLEIL;5;0;0
Morlaix;48.57;-3.82;09/08/2026;21:00;18.0;0;SOLEIL;5;0;0
Morlaix;48.57;-3.82;09/08/2026;22:00;17.0;0;SOLEIL;5;0;0
Morlaix;48.57;-3.82;09/08/2026;23:00;17.4;0;SOLEIL;4;0;0
Morlaix;48.57;-3.82;10/08/2026;00:00;17.4;0;SOLEIL;4;0;0
Morlaix;48.57;-3.82;10/08/2026;01:00;17.4;0;SOLEIL;4;0;0
Morlaix;48.57;-3.82;10/08/2026;02:00;17;0;SOLEIL;5;0;0
Morlaix;48.57;-3.82;10/08/2026;03:00;17;0;SOLEIL;5;0;0
Morlaix;48.57;-3.82;10/08/2026;04:00;17;0;SOLEIL;5;0;0
Morlaix;48.57;-3.82;10/08/2026;05:00;17.6;0;SOLEIL;5;0;0
Morlaix;48.57;-3.82;10/08/2026;06:00;17.6;0;SOLEIL;5;0;0
Morlaix;48.57;-3.82;10/08/2026;07:00;17.6;0;SOLEIL;5;0;0
Morlaix;48.57;-3.82;10/08/2026;08:00;17.8;0;SOLEIL;5;0;0
Morlaix;48.57;-3.82;10/08/2026;09:00;18.1;0;SOLEIL;5;0;0
Morlaix;48.57;-3.82;10/08/2026;10:00;18.5;0;SOLEIL;5;0;0
Morlaix;48.57;-3.82;10/08/2026;11:00;21.7;0;SOLEIL;4;0;0
Morlaix;48.57;-3.82;10/08/2026;12:00;21.7;0;SOLEIL;4;0;0
Morlaix;48.57;-3.82;10/08/2026;13:00;21.7;0;SOLEIL;4;0;0
Morlaix;48.57;-3.82;10/08/2026;14:00;20.0;0;SOLEIL;5;0;0
Morlaix;48.57;-3.82;10/08/2026;15:00;20.4;0;SOLEIL;5;0;0
Morlaix;48.57;-3.82;10/08/2026;16:00;20.0;0;SOLEIL;5;0;0
Morlaix;48.57;-3.82;10/08/2026;17:00;21.6;0;SOLEIL;0;0;0
Morlaix;48.57;-3.82;10/08/2026;18:00;21.6;0;SOLEIL;0;0;0
Morlaix;48.57;-3.82;10/08/2026;19:00;21.6;0;SOLEIL;0;0;0
Morlaix;48.57;-3.82;10/08/2026;20:00;18.5;0;SOLEIL;5;0;0
Morlaix;48.57;-3.82;10/08/2026;21:00;18.1;0;SOLEIL;5;0;0
Morlaix;48.57;-3.82;10/08/2026;22:00;17.8;0;SOLEIL;5;0;0
Morlaix;48.57;-3.82;10/08/2026;23:00;18.6;0;SOLEIL;6;0;0
Morlaix;48.57;-3.82;11/08/2026;00:00;18.6;0;SOLEIL;6;0;0
Morlaix;48.57;-3.82;11/08/2026;01:00;18.6;0;SOLEIL;6;0;0
Morlaix;48.57;-3.82;11/08/2026;02:00;16.7;0;SOLEIL;5;0;0
Morlaix;48.57;-3.82;11/08/2026;03:00;16.7;0;SOLEIL;5;0;0
Morlaix;48.57;-3.82;11/08/2026;04:00;16.7;0;SOLEIL;5;0;0
Morlaix;48.57;-3.82;11/08/2026;05:00;18.6;0;SOLEIL;4;0;0
Morlaix;48.57;-3.82;11/08/2026;06:00;18.6;0;SOLEIL;4;0;0
Morlaix;48.57;-3.82;11/08/2026;07:00;18.6;0;SOLEIL;4;0;0
Morlaix;48.57;-3.82;11/08/2026;08:00;18.0;0;SOLEIL;5;0;0
Morlaix;48.57;-3.82;11/08/2026;09:00;18.7;0;SOLEIL;5;0;0
Morlaix;48.57;-3.82;11/08/2026;10:00;19.3;0;SOLEIL;5;0;0
Morlaix;48.57;-3.82;11/08/2026;11:00;26.1;0;SOLEIL;2;0;0
Morlaix;48.57;-3.82;11/08/2026;12:00;26.1;0;SOLEIL;2;0;0
Morlaix;48.57;-3.82;11/08/2026;13:00;26.1;0;SOLEIL;2;0;0
Morlaix;48.57;-3.82;11/08/2026;14:00;21.9;0;SOLEIL;5;0;0
Morlaix;48.57;-3.82;11/08/2026;15:00;22.6;0;SOLEIL;5;0;0
Morlaix;48.57;-3.82;11/08/2026;16:00;21.9;0;SOLEIL;5;0;0
Morlaix;48.57;-3.82;11/08/2026;17:00;23.9;0;SOLEIL;3;0;0
Morlaix;48.57;-3.82;11/08/2026;18:00;23.9;0;SOLEIL;3;0;0
Morlaix;48.57;-3.82;11/08/2026;19:00;23.9;0;SOLEIL;3;0;0
Morlaix;48.57;-3.82;11/08/2026;20:00;19.3;0;SOLEIL;5;0;0
Morlaix;48.57;-3.82;11/08/2026;21:00;18.7;0;SOLEIL;5;0;0
Morlaix;48.57;-3.82;11/08/2026;22:00;18.0;0;SOLEIL;5;0;0
Morlaix;48.57;-3.82;11/08/2026;23:00;22.1;0;SOLEIL;5;0;0
Morlaix;48.57;-3.82;12/08/2026;00:00;22.1;0;SOLEIL;5;0;0
Morlaix;48.57;-3.82;12/08/2026;01:00;22.1;0;SOLEIL;5;0;0
Morlaix;48.57;-3.82;12/08/2026;02:00;17.4;0;SOLEIL;5;0;0
Morlaix;48.57;-3.82;12/08/2026;03:00;17.4;0;SOLEIL;5;0;0
Morlaix;48.57;-3.82;12/08/2026;04:00;17.4;0;SOLEIL;5;0;0
Morlaix;48.57;-3.82;12/08/2026;05:00;22.1;0;SOLEIL;3;0;0
Morlaix;48.57;-3.82;12/08/2026;06:00;22.1;0;SOLEIL;3;0;0
Morlaix;48.57;-3.82;12/08/2026;07:00;22.1;0;SOLEIL;3;0;0
Morlaix;48.57;-3.82;12/08/2026;08:00;19.5;0;SOLEIL;5;0;0
Morlaix;48.57;-3.82;12/08/2026;09:00;20.5;0;SOLEIL;5;0;0
Morlaix;48.57;-3.82;12/08/2026;10:00;21.5;0;SOLEIL;5;0;0
Morlaix;48.57;-3.82;12/08/2026;11:00;23.6;0;SOLEIL;4;0;0
Morlaix;48.57;-3.82;12/08/2026;12:00;23.6;0;SOLEIL;4;0;0
Morlaix;48.57;-3.82;12/08/2026;13:00;23.6;0;SOLEIL;4;0;0
Morlaix;48.57;-3.82;12/08/2026;14:00;25.7;0;SOLEIL;5;0;0
Morlaix;48.57;-3.82;12/08/2026;15:00;26.7;0;SOLEIL;5;0;0
Morlaix;48.57;-3.82;12/08/2026;16:00;25.7;0;SOLEIL;5;0;0
Morlaix;48.57;-3.82;12/08/2026;17:00;21.9;0;SOLEIL;5;0;0
Morlaix;48.57;-3.82;12/08/2026;18:00;21.9;0;SOLEIL;5;0;0
Morlaix;48.57;-3.82;12/08/2026;19:00;21.9;0;SOLEIL;5;0;0
Morlaix;48.57;-3.82;12/08/2026;20:00;21.5;0;SOLEIL;5;0;0
Morlaix;48.57;-3.82;12/08/2026;21:00;20.5;0;SOLEIL;5;0;0
Morlaix;48.57;-3.82;12/08/2026;22:00;19.5;0;SOLEIL;5;0;0
Morlaix;48.57;-3.82;12/08/2026;23:00;19.4;0;SOLEIL;5;0;0
Ouessant;48.45;-5.09;08/08/2026;00:00;14;5;SOLEIL VOILÉ;2;0;0
Ouessant;48.45;-5.09;08/08/2026;01:00;14;5;SOLEIL VOILÉ;2;0;0
Ouessant;48.45;-5.09;08/08/2026;02:00;10.9;5;SOLEIL VOILÉ;3;0;0
Ouessant;48.45;-5.09;08/08/2026;03:00;10.9;5;SOLEIL VOILÉ;3;0;0
Ouessant;48.45;-5.09;08/08/2026;04:00;10.9;5;SOLEIL VOILÉ;3;0;0
Ouessant;48.45;-5.09;08/08/2026;05:00;12.7;5;SOLEIL VOILÉ;3;0;0
Ouessant;48.45;-5.09;08/08/2026;06:00;12.7;5;SOLEIL VOILÉ;3;0;0
Ouessant;48.45;-5.09;08/08/2026;07:00;12.7;5;SOLEIL VOILÉ;3;0;0
Ouessant;48.45;-5.09;08/08/2026;08:00;23.6;5;SOLEIL VOILÉ;3;0;0
Ouessant;48.45;-5.09;08/08/2026;09:00;23.6;5;SOLEIL VOILÉ;3;0;0
Ouessant;48.45;-5.09;08/08/2026;10:00;23.6;5;SOLEIL VOILÉ;3;0;0
Ouessant;48.45;-5.09;08/08/2026;11:00;28.6;5;SOLEIL VOILÉ;3;0;0
Ouessant;48.45;-5.09;08/08/2026;12:00;28.6;5;SOLEIL VOILÉ;3;0;0
Ouessant;48.45;-5.09;08/08/2026;13:00;28.6;5;SOLEIL VOILÉ;3;0;0
Ouessant;48.45;-5.09;08/08/2026;14:00;29.4;0;SOLEIL;1;0;0
Ouessant;48.45;-5.09;08/08/2026;15:00;29.4;0;SOLEIL;1;0;0
Ouessant;48.45;-5.09;08/08/2026;16:00;29.4;0;SOLEIL;1;0;0
Ouessant;48.45;-5.09;08/08/2026;17:00;26.9;0;SOLEIL;3;0;0
Ouessant;48.45;-5.09;08/08/2026;18:00;26.9;0;SOLEIL;3;0;0
Ouessant;48.45;-5.09;08/08/2026;19:00;26.9;0;SOLEIL;3;0;0
Ouessant;48.45;-5.09;08/08/2026;20:00;19.6;0;SOLEIL;1;0;0
Ouessant;48.45;-5.09;08/08/2026;21:00;19.6;0;SOLEIL;1;0;0
Ouessant;48.45;-5.09;08/08/2026;22:00;19.6;0;SOLEIL;1;0;0
Ouessant;48.45;-5.09;08/08/2026;23:00;17.2;0;SOLEIL;1;0;0
Ouessant;48.45;-5.09;09/08/2026;00:00;17.2;0;SOLEIL;1;0;0
Ouessant;48.45;-5.09;09/08/2026;01:00;17.2;0;SOLEIL;1;0;0
Ouessant;48.45;-5.09;09/08/2026;02:00;14.7;0;SOLEIL;2;0;0
Ouessant;48.45;-5.09;09/08/2026;03:00;14.7;0;SOLEIL;2;0;0
Ouessant;48.45;-5.09;09/08/2026;04:00;14.7;0;SOLEIL;2;0;0
Ouessant;48.45;-5.09;09/08/2026;05:00;15;0;SOLEIL;2;0;0
Ouessant;48.45;-5.09;09/08/2026;06:00;15;0;SOLEIL;2;0;0
Ouessant;48.45;-5.09;09/08/2026;07:00;15;0;SOLEIL;2;0;0
Ouessant;48.45;-5.09;09/08/2026;08:00;22.4;0;SOLEIL;2;0;0
Ouessant;48.45;-5.09;09/08/2026;09:00;22.4;0;SOLEIL;2;0;0
Ouessant;48.45;-5.09;09/08/2026;10:00;22.4;0;SOLEIL;2;0;0
Ouessant;48.45;-5.09;09/08/2026;11:00;24.6;0;SOLEIL;3;0;0
Ouessant;48.45;-5.09;09/08/2026;12:00;24.6;0;SOLEIL;3;0;0
Ouessant;48.45;-5.09;09/08/2026;13:00;24.6;0;SOLEIL;3;0;0
Ouessant;48.45;-5.09;09/08/2026;14:00;24.6;0;SOLEIL;4;0;0
Ouessant;48.45;-5.09;09/08/2026;15:00;24.6;0;SOLEIL;4;0;0
Ouessant;48.45;-5.09;09/08/2026;16:00;24.6;0;SOLEIL;4;0;0
Ouessant;48.45;-5.09;09/08/2026;17:00;21.7;0;SOLEIL;4;0;0
Ouessant;48.45;-5.09;09/08/2026;18:00;21.7;0;SOLEIL;4;0;0
Ouessant;48.45;-5.09;09/08/2026;19:00;21.7;0;SOLEIL;4;0;0
Ouessant;48.45;-5.09;09/08/2026;20:00;19.0;5;SOLEIL VOILÉ;5;0;0
Ouessant;48.45;-5.09;09/08/2026;21:00;16.8;5;SOLEIL VOILÉ;5;0;0
Ouessant;48.45;-5.09;09/08/2026;22:00;14.5;5;SOLEIL VOILÉ;5;0;0
Ouessant;48.45;-5.09;09/08/2026;23:00;17.6;0;SOLEIL;2;0;0
Ouessant;48.45;-5.09;10/08/2026;00:00;17.6;0;SOLEIL;2;0;0
Ouessant;48.45;-5.09;10/08/2026;01:00;17.6;0;SOLEIL;2;0;0
Ouessant;48.45;-5.09;10/08/2026;02:00;13.7;0;SOLEIL;5;0;0
Ouessant;48.45;-5.09;10/08/2026;03:00;13.7;0;SOLEIL;5;0;0
Ouessant;48.45;-5.09;10/08/2026;04:00;13.7;0;SOLEIL;5;0;0
Ouessant;48.45;-5.09;10/08/2026;05:00;16.7;0;SOLEIL;2;0;0
Ouessant;48.45;-5.09;10/08/2026;06:00;16.7;0;SOLEIL;2;0;0
Ouessant;48.45;-5.09;10/08/2026;07:00;16.7;0;SOLEIL;2;0;0
Ouessant;48.45;-5.09;10/08/2026;08:00;16.5;0;SOLEIL;5;0;0
Ouessant;48.45;-5.09;10/08/2026;09:00;17.8;0;SOLEIL;5;0;0
Ouessant;48.45;-5.09;10/08/2026;10:00;19.2;0;SOLEIL;5;0;0
Ouessant;48.45;-5.09;10/08/2026;11:00;24.4;6;AVERSES;2;0;0
Ouessant;48.45;-5.09;10/08/2026;12:00;24.4;6;AVERSES;2;0;0
Ouessant;48.45;-5.09;10/08/2026;13:00;24.4;6;AVERSES;2;0;0
Ouessant;48.45;-5.09;10/08/2026;14:00;24.7;0;SOLEIL;5;0;0
Ouessant;48.45;-5.09;10/08/2026;15:00;26.1;0;SOLEIL;5;0;0
Ouessant;48.45;-5.09;10/08/2026;16:00;24.7;0;SOLEIL;5;0;0
Ouessant;48.45;-5.09;10/08/2026;17:00;21.4;0;SOLEIL;4;0;0
Ouessant;48.45;-5.09;10/08/2026;18:00;21.4;0;SOLEIL;4;0;0
Ouessant;48.45;-5.09;10/08/2026;19:00;21.4;0;SOLEIL;4;0;0
Ouessant;48.45;-5.09;10/08/2026;20:00;19.2;0;SOLEIL;5;0;0
Ouessant;48.45;-5.09;10/08/2026;21:00;17.8;0;SOLEIL;5;0;0
Ouessant;48.45;-5.09;10/08/2026;22:00;16.5;0;SOLEIL;5;0;0
Ouessant;48.45;-5.09;10/08/2026;23:00;16.1;0;SOLEIL;3;0;0
Ouessant;48.45;-5.09;11/08/2026;00:00;16.1;0;SOLEIL;3;0;0
Ouessant;48.45;-5.09;11/08/2026;01:00;16.1;0;SOLEIL;3;0;0
Ouessant;48.45;-5.09;11/08/2026;02:00;15.4;0;SOLEIL;5;0;0
Ouessant;48.45;-5.09;11/08/2026;03:00;15.4;0;SOLEIL;5;0;0
Ouessant;48.45;-5.09;11/08/2026;04:00;15.4;0;SOLEIL;5;0;0
Ouessant;48.45;-5.09;11/08/2026;05:00;16.1;0;SOLEIL;3;0;0
Ouessant;48.45;-5.09;11/08/2026;06:00;16.1;0;SOLEIL;3;0;0
Ouessant;48.45;-5.09;11/08/2026;07:00;16.1;0;SOLEIL;3;0;0
Ouessant;48.45;-5.09;11/08/2026;08:00;17.6;0;SOLEIL;5;0;0
Ouessant;48.45;-5.09;11/08/2026;09:00;18.6;0;SOLEIL;5;0;0
Ouessant;48.45;-5.09;11/08/2026;10:00;19.7;0;SOLEIL;5;0;0
Ouessant;48.45;-5.09;11/08/2026;11:00;29.1;0;SOLEIL;3;0;0
Ouessant;48.45;-5.09;11/08/2026;12:00;29.1;0;SOLEIL;3;0;0
Ouessant;48.45;-5.09;11/08/2026;13:00;29.1;0;SOLEIL;3;0;0
Ouessant;48.45;-5.09;11/08/2026;14:00;24.0;0;SOLEIL;5;0;0
Ouessant;48.45;-5.09;11/08/2026;15:00;25.1;0;SOLEIL;5;0;0
Ouessant;48.45;-5.09;11/08/2026;16:00;24.0;0;SOLEIL;5;0;0
Ouessant;48.45;-5.09;11/08/2026;17:00;25.6;0;SOLEIL;4;0;0
Ouessant;48.45;-5.09;11/08/2026;18:00;25.6;0;SOLEIL;4;0;0
Ouessant;48.45;-5.09;11/08/2026;19:00;25.6;0;SOLEIL;4;0;0
Ouessant;48.45;-5.09;11/08/2026;20:00;19.7;0;SOLEIL;5;0;0
Ouessant;48.45;-5.09;11/08/2026;21:00;18.6;0;SOLEIL;5;0;0
Ouessant;48.45;-5.09;11/08/2026;22:00;17.6;0;SOLEIL;5;0;0
Ouessant;48.45;-5.09;11/08/2026;23:00;20.2;0;SOLEIL;4;0;0
Ouessant;48.45;-5.09;12/08/2026;00:00;20.2;0;SOLEIL;4;0;0
Ouessant;48.45;-5.09;12/08/2026;01:00;20.2;0;SOLEIL;4;0;0
Ouessant;48.45;-5.09;12/08/2026;02:00;14.4;0;SOLEIL;5;0;0
Ouessant;48.45;-5.09;12/08/2026;03:00;14.4;0;SOLEIL;5;0;0
Ouessant;48.45;-5.09;12/08/2026;04:00;14.4;0;SOLEIL;5;0;0
Ouessant;48.45;-5.09;12/08/2026;05:00;19.7;0;SOLEIL;4;0;0
Ouessant;48.45;-5.09;12/08/2026;06:00;19.7;0;SOLEIL;4;0;0
Ouessant;48.45;-5.09;12/08/2026;07:00;19.7;0;SOLEIL;4;0;0
Ouessant;48.45;-5.09;12/08/2026;08:00;18.0;0;SOLEIL;5;0;0
Ouessant;48.45;-5.09;12/08/2026;09:00;19.8;0;SOLEIL;5;0;0
Ouessant;48.45;-5.09;12/08/2026;10:00;21.6;0;SOLEIL;5;0;0
Ouessant;48.45;-5.09;12/08/2026;11:00;29.7;0;SOLEIL;3;0;0
Ouessant;48.45;-5.09;12/08/2026;12:00;29.7;0;SOLEIL;3;0;0
Ouessant;48.45;-5.09;12/08/2026;13:00;29.7;0;SOLEIL;3;0;0
Ouessant;48.45;-5.09;12/08/2026;14:00;28.7;0;SOLEIL;5;0;0
Ouessant;48.45;-5.09;12/08/2026;15:00;30.5;0;SOLEIL;5;0;0
Ouessant;48.45;-5.09;12/08/2026;16:00;28.7;0;SOLEIL;5;0;0
Ouessant;48.45;-5.09;12/08/2026;17:00;25.1;0;SOLEIL;4;0;0
Ouessant;48.45;-5.09;12/08/2026;18:00;25.1;0;SOLEIL;4;0;0
Ouessant;48.45;-5.09;12/08/2026;19:00;25.1;0;SOLEIL;4;0;0
Ouessant;48.45;-5.09;12/08/2026;20:00;21.6;0;SOLEIL;5;0;0
Ouessant;48.45;-5.09;12/08/2026;21:00;19.8;0;SOLEIL;5;0;0
Ouessant;48.45;-5.09;12/08/2026;22:00;18.0;0;SOLEIL;5;0;0
Ouessant;48.45;-5.09;12/08/2026;23:00;18.2;0;SOLEIL;3;0;0
Quimper;47.99;-4.09;08/08/2026;00:00;16.1;5;SOLEIL VOILÉ;5;0;0
Quimper;47.99;-4.09;08/08/2026;01:00;16.1;5;SOLEIL VOILÉ;5;0;0
Quimper;47.99;-4.09;08/08/2026;02:00;13.9;5;SOLEIL VOILÉ;5;0;0
Quimper;47.99;-4.09;08/08/2026;03:00;13.9;5;SOLEIL VOILÉ;5;0;0
Quimper;47.99;-4.09;08/08/2026;04:00;13.9;5;SOLEIL VOILÉ;5;0;0
Quimper;47.99;-4.09;08/08/2026;05:00;14.9;5;SOLEIL VOILÉ;4;0;0
Quimper;47.99;-4.09;08/08/2026;06:00;14.9;5;SOLEIL VOILÉ;4;0;0
Quimper;47.99;-4.09;08/08/2026;07:00;14.9;5;SOLEIL VOILÉ;4;0;0
Quimper;47.99;-4.09;08/08/2026;08:00;19.6;5;SOLEIL VOILÉ;3;0;0
Quimper;47.99;-4.09;08/08/2026;09:00;19.6;5;SOLEIL VOILÉ;3;0;0
Quimper;47.99;-4.09;08/08/2026;10:00;19.6;5;SOLEIL VOILÉ;3;0;0
Quimper;47.99;-4.09;08/08/2026;11:00;22.1;0;SOLEIL;3;0;0
Quimper;47.99;-4.09;08/08/2026;12:00;22.1;0;SOLEIL;3;0;0
Quimper;47.99;-4.09;08/08/2026;13:00;22.1;0;SOLEIL;3;0;0
Quimper;47.99;-4.09;08/08/2026;14:00;23.2;0;SOLEIL;3;0;0
Quimper;47.99;-4.09;08/08/2026;15:00;23.2;0;SOLEIL;3;0;0
Quimper;47.99;-4.09;08/08/2026;16:00;23.2;0;SOLEIL;3;0;0
Quimper;47.99;-4.09;08/08/2026;17:00;20.5;0;SOLEIL;1;0;0
Quimper;47.99;-4.09;08/08/2026;18:00;20.5;0;SOLEIL;1;0;0
Quimper;47.99;-4.09;08/08/2026;19:00;20.5;0;SOLEIL;1;0;0
Quimper;47.99;-4.09;08/08/2026;20:00;17.2;0;SOLEIL;1;0;0
Quimper;47.99;-4.09;08/08/2026;21:00;17.2;0;SOLEIL;1;0;0
Quimper;47.99;-4.09;08/08/2026;22:00;17.2;0;SOLEIL;1;0;0
Quimper;47.99;-4.09;08/08/2026;23:00;17.1;0;SOLEIL;2;0;0
Quimper;47.99;-4.09;09/08/2026;00:00;17.1;0;SOLEIL;2;0;0
Quimper;47.99;-4.09;09/08/2026;01:00;17.1;0;SOLEIL;2;0;0
Quimper;47.99;-4.09;09/08/2026;02:00;15.7;0;SOLEIL;2;0;0
Quimper;47.99;-4.09;09/08/2026;03:00;15.7;0;SOLEIL;2;0;0
Quimper;47.99;-4.09;09/08/2026;04:00;15.7;0;SOLEIL;2;0;0
Quimper;47.99;-4.09;09/08/2026;05:00;16.1;0;SOLEIL;3;0;0
Quimper;47.99;-4.09;09/08/2026;06:00;16.1;0;SOLEIL;3;0;0
Quimper;47.99;-4.09;09/08/2026;07:00;16.1;0;SOLEIL;3;0;0
Quimper;47.99;-4.09;09/08/2026;08:00;19;0;SOLEIL;2;0;0
Quimper;47.99;-4.09;09/08/2026;09:00;19;0;SOLEIL;2;0;0
Quimper;47.99;-4.09;09/08/2026;10:00;19;0;SOLEIL;2;0;0
Quimper;47.99;-4.09;09/08/2026;11:00;20.6;0;SOLEIL;2;0;0
Quimper;47.99;-4.09;09/08/2026;12:00;20.6;0;SOLEIL;2;0;0
Quimper;47.99;-4.09;09/08/2026;13:00;20.6;0;SOLEIL;2;0;0
Quimper;47.99;-4.09;09/08/2026;14:00;21.1;0;SOLEIL;3;0;0
Quimper;47.99;-4.09;09/08/2026;15:00;21.1;0;SOLEIL;3;0;0
Quimper;47.99;-4.09;09/08/2026;16:00;21.1;0;SOLEIL;3;0;0
Quimper;47.99;-4.09;09/08/2026;17:00;19.7;0;SOLEIL;5;0;0
Quimper;47.99;-4.09;09/08/2026;18:00;19.7;0;SOLEIL;5;0;0
Quimper;47.99;-4.09;09/08/2026;19:00;19.7;0;SOLEIL;5;0;0
Quimper;47.99;-4.09;09/08/2026;20:00;18.1;0;SOLEIL;5;0;0
Quimper;47.99;-4.09;09/08/2026;21:00;17.0;0;SOLEIL;5;0;0
Quimper;47.99;-4.09;09/08/2026;22:00;15.8;0;SOLEIL;5;0;0
Quimper;47.99;-4.09;09/08/2026;23:00;17.5;0;SOLEIL;4;0;0
Quimper;47.99;-4.09;10/08/2026;00:00;17.5;0;SOLEIL;4;0;0
Quimper;47.99;-4.09;10/08/2026;01:00;17.5;0;SOLEIL;4;0;0
Quimper;47.99;-4.09;10/08/2026;02:00;15.1;0;SOLEIL;5;0;0
Quimper;47.99;-4.09;10/08/2026;03:00;15.1;0;SOLEIL;5;0;0
Quimper;47.99;-4.09;10/08/2026;04:00;15.1;0;SOLEIL;5;0;0
Quimper;47.99;-4.09;10/08/2026;05:00;17.1;0;SOLEIL;4;0;0
Quimper;47.99;-4.09;10/08/2026;06:00;17.1;0;SOLEIL;4;0;0
Quimper;47.99;-4.09;10/08/2026;07:00;17.1;0;SOLEIL;4;0;0
Quimper;47.99;-4.09;10/08/2026;08:00;16.6;0;SOLEIL;5;0;0
Quimper;47.99;-4.09;10/08/2026;09:00;17.3;0;SOLEIL;5;0;0
Quimper;47.99;-4.09;10/08/2026;10:00;18.0;0;SOLEIL;5;0;0
Quimper;47.99;-4.09;10/08/2026;11:00;21;0;SOLEIL;5;0;0
Quimper;47.99;-4.09;10/08/2026;12:00;21;0;SOLEIL;5;0;0
Quimper;47.99;-4.09;10/08/2026;13:00;21;0;SOLEIL;5;0;0
Quimper;47.99;-4.09;10/08/2026;14:00;21.0;0;SOLEIL;5;0;0
Quimper;47.99;-4.09;10/08/2026;15:00;21.7;0;SOLEIL;5;0;0
Quimper;47.99;-4.09;10/08/2026;16:00;21.0;0;SOLEIL;5;0;0
Quimper;47.99;-4.09;10/08/2026;17:00;19.5;0;SOLEIL;6;0;0
Quimper;47.99;-4.09;10/08/2026;18:00;19.5;0;SOLEIL;6;0;0
Quimper;47.99;-4.09;10/08/2026;19:00;19.5;0;SOLEIL;6;0;0
Quimper;47.99;-4.09;10/08/2026;20:00;18.0;0;SOLEIL;5;0;0
Quimper;47.99;-4.09;10/08/2026;21:00;17.3;0;SOLEIL;5;0;0
Quimper;47.99;-4.09;10/08/2026;22:00;16.6;0;SOLEIL;5;0;0
Quimper;47.99;-4.09;10/08/2026;23:00;17;0;SOLEIL;6;0;0
Quimper;47.99;-4.09;11/08/2026;00:00;17;0;SOLEIL;6;0;0
Quimper;47.99;-4.09;11/08/2026;01:00;17;0;SOLEIL;6;0;0
Quimper;47.99;-4.09;11/08/2026;02:00;16.2;0;SOLEIL;5;0;0
Quimper;47.99;-4.09;11/08/2026;03:00;16.2;0;SOLEIL;5;0;0
Quimper;47.99;-4.09;11/08/2026;04:00;16.2;0;SOLEIL;5;0;0
Quimper;47.99;-4.09;11/08/2026;05:00;16.2;0;SOLEIL;5;0;0
Quimper;47.99;-4.09;11/08/2026;06:00;16.2;0;SOLEIL;5;0;0
Quimper;47.99;-4.09;11/08/2026;07:00;16.2;0;SOLEIL;5;0;0
Quimper;47.99;-4.09;11/08/2026;08:00;17.4;0;SOLEIL;5;0;0
Quimper;47.99;-4.09;11/08/2026;09:00;18.0;0;SOLEIL;5;0;0
Quimper;47.99;-4.09;11/08/2026;10:00;18.6;0;SOLEIL;5;0;0
Quimper;47.99;-4.09;11/08/2026;11:00;22.1;0;SOLEIL;5;0;0
Quimper;47.99;-4.09;11/08/2026;12:00;22.1;0;SOLEIL;5;0;0
Quimper;47.99;-4.09;11/08/2026;13:00;22.1;0;SOLEIL;5;0;0
Quimper;47.99;-4.09;11/08/2026;14:00;21.0;0;SOLEIL;5;0;0
Quimper;47.99;-4.09;11/08/2026;15:00;21.6;0;SOLEIL;5;0;0
Quimper;47.99;-4.09;11/08/2026;16:00;21.0;0;SOLEIL;5;0;0
Quimper;47.99;-4.09;11/08/2026;17:00;21.6;0;SOLEIL;7;0;0
Quimper;47.99;-4.09;11/08/2026;18:00;21.6;0;SOLEIL;7;0;0
Quimper;47.99;-4.09;11/08/2026;19:00;21.6;0;SOLEIL;7;0;0
Quimper;47.99;-4.09;11/08/2026;20:00;18.6;0;SOLEIL;5;0;0
Quimper;47.99;-4.09;11/08/2026;21:00;18.0;0;SOLEIL;5;0;0
Quimper;47.99;-4.09;11/08/2026;22:00;17.4;0;SOLEIL;5;0;0
Quimper;47.99;-4.09;11/08/2026;23:00;18.1;0;SOLEIL;5;0;0
Quimper;47.99;-4.09;12/08/2026;00:00;18.1;0;SOLEIL;5;0;0
Quimper;47.99;-4.09;12/08/2026;01:00;18.1;0;SOLEIL;5;0;0
Quimper;47.99;-4.09;12/08/2026;02:00;15.5;0;SOLEIL;5;0;0
Quimper;47.99;-4.09;12/08/2026;03:00;15.5;0;SOLEIL;5;0;0
Quimper;47.99;-4.09;12/08/2026;04:00;15.5;0;SOLEIL;5;0;0
Quimper;47.99;-4.09;12/08/2026;05:00;17.6;0;SOLEIL;4;0;0
Quimper;47.99;-4.09;12/08/2026;06:00;17.6;0;SOLEIL;4;0;0
Quimper;47.99;-4.09;12/08/2026;07:00;17.6;0;SOLEIL;4;0;0
Quimper;47.99;-4.09;12/08/2026;08:00;17.3;0;SOLEIL;5;0;0
Quimper;47.99;-4.09;12/08/2026;09:00;18.1;0;SOLEIL;5;0;0
Quimper;47.99;-4.09;12/08/2026;10:00;19.0;0;SOLEIL;5;0;0
Quimper;47.99;-4.09;12/08/2026;11:00;21.7;0;SOLEIL;3;0;0
Quimper;47.99;-4.09;12/08/2026;12:00;21.7;0;SOLEIL;3;0;0
Quimper;47.99;-4.09;12/08/2026;13:00;21.7;0;SOLEIL;3;0;0
Quimper;47.99;-4.09;12/08/2026;14:00;22.5;0;SOLEIL;5;0;0
Quimper;47.99;-4.09;12/08/2026;15:00;23.4;0;SOLEIL;5;0;0
Quimper;47.99;-4.09;12/08/2026;16:00;22.5;0;SOLEIL;5;0;0
Quimper;47.99;-4.09;12/08/2026;17:00;20.1;0;SOLEIL;4;0;0
Quimper;47.99;-4.09;12/08/2026;18:00;20.1;0;SOLEIL;4;0;0
Quimper;47.99;-4.09;12/08/2026;19:00;20.1;0;SOLEIL;4;0;0
Quimper;47.99;-4.09;12/08/2026;20:00;19.0;0;SOLEIL;5;0;0
Quimper;47.99;-4.09;12/08/2026;21:00;18.1;0;SOLEIL;5;0;0
Quimper;47.99;-4.09;12/08/2026;22:00;17.3;0;SOLEIL;5;0;0
Quimper;47.99;-4.09;12/08/2026;23:00;17.7;0;SOLEIL;5;0;0
Fougères;48.35;-1.2;08/08/2026;00:00;16.1;5;SOLEIL VOILÉ;3;0;0
Fougères;48.35;-1.2;08/08/2026;01:00;16.1;5;SOLEIL VOILÉ;3;0;0
Fougères;48.35;-1.2;08/08/2026;02:00;13.9;5;SOLEIL VOILÉ;4;0;0
Fougères;48.35;-1.2;08/08/2026;03:00;13.9;5;SOLEIL VOILÉ;4;0;0
Fougères;48.35;-1.2;08/08/2026;04:00;13.9;5;SOLEIL VOILÉ;4;0;0
Fougères;48.35;-1.2;08/08/2026;05:00;15.2;5;SOLEIL VOILÉ;3;0;0
Fougères;48.35;-1.2;08/08/2026;06:00;15.2;5;SOLEIL VOILÉ;3;0;0
Fougères;48.35;-1.2;08/08/2026;07:00;15.2;5;SOLEIL VOILÉ;3;0;0
Fougères;48.35;-1.2;08/08/2026;08:00;23.7;5;SOLEIL VOILÉ;3;0;0
Fougères;48.35;-1.2;08/08/2026;09:00;23.7;5;SOLEIL VOILÉ;3;0;0
Fougères;48.35;-1.2;08/08/2026;10:00;23.7;5;SOLEIL VOILÉ;3;0;0
Fougères;48.35;-1.2;08/08/2026;11:00;28.1;5;SOLEIL VOILÉ;4;0;0
Fougères;48.35;-1.2;08/08/2026;12:00;28.1;5;SOLEIL VOILÉ;4;0;0
Fougères;48.35;-1.2;08/08/2026;13:00;28.1;5;SOLEIL VOILÉ;4;0;0
Fougères;48.35;-1.2;08/08/2026;14:00;26.9;0;SOLEIL;3;0;0
Fougères;48.35;-1.2;08/08/2026;15:00;26.9;0;SOLEIL;3;0;0
Fougères;48.35;-1.2;08/08/2026;16:00;26.9;0;SOLEIL;3;0;0
Fougères;48.35;-1.2;08/08/2026;17:00;25.2;0;SOLEIL;2;0;0
Fougères;48.35;-1.2;08/08/2026;18:00;25.2;0;SOLEIL;2;0;0
Fougères;48.35;-1.2;08/08/2026;19:00;25.2;0;SOLEIL;2;0;0
Fougères;48.35;-1.2;08/08/2026;20:00;19.1;0;SOLEIL;2;0;0
Fougères;48.35;-1.2;08/08/2026;21:00;19.1;0;SOLEIL;2;0;0
Fougères;48.35;-1.2;08/08/2026;22:00;19.1;0;SOLEIL;2;0;0
Fougères;48.35;-1.2;08/08/2026;23:00;17.9;0;SOLEIL;1;0;0
Fougères;48.35;-1.2;09/08/2026;00:00;17.9;0;SOLEIL;1;0;0
Fougères;48.35;-1.2;09/08/2026;01:00;17.9;0;SOLEIL;1;0;0
Fougères;48.35;-1.2;09/08/2026;02:00;15.6;0;SOLEIL;2;0;0
Fougères;48.35;-1.2;09/08/2026;03:00;15.6;0;SOLEIL;2;0;0
Fougères;48.35;-1.2;09/08/2026;04:00;15.6;0;SOLEIL;2;0;0
Fougères;48.35;-1.2;09/08/2026;05:00;15.9;0;SOLEIL;2;0;0
Fougères;48.35;-1.2;09/08/2026;06:00;15.9;0;SOLEIL;2;0;0
Fougères;48.35;-1.2;09/08/2026;07:00;15.9;0;SOLEIL;2;0;0
Fougères;48.35;-1.2;09/08/2026;08:00;21.9;0;SOLEIL;2;0;0
Fougères;48.35;-1.2;09/08/2026;09:00;21.9;0;SOLEIL;2;0;0
Fougères;48.35;-1.2;09/08/2026;10:00;21.9;0;SOLEIL;2;0;0
Fougères;48.35;-1.2;09/08/2026;11:00;24.6;0;SOLEIL;3;0;0
Fougères;48.35;-1.2;09/08/2026;12:00;24.6;0;SOLEIL;3;0;0
Fougères;48.35;-1.2;09/08/2026;13:00;24.6;0;SOLEIL;3;0;0
Fougères;48.35;-1.2;09/08/2026;14:00;23.9;0;SOLEIL;5;0;0
Fougères;48.35;-1.2;09/08/2026;15:00;23.9;0;SOLEIL;5;0;0
Fougères;48.35;-1.2;09/08/2026;16:00;23.9;0;SOLEIL;5;0;0
Fougères;48.35;-1.2;09/08/2026;17:00;22.5;0;SOLEIL;4;0;0
Fougères;48.35;-1.2;09/08/2026;18:00;22.5;0;SOLEIL;4;0;0
Fougères;48.35;-1.2;09/08/2026;19:00;22.5;0;SOLEIL;4;0;0
Fougères;48.35;-1.2;09/08/2026;20:00;20.1;5;SOLEIL VOILÉ;5;0;0
Fougères;48.35;-1.2;09/08/2026;21:00;18.4;5;SOLEIL VOILÉ;5;0;0
Fougères;48.35;-1.2;09/08/2026;22:00;16.6;5;SOLEIL VOILÉ;5;0;0
Fougères;48.35;-1.2;09/08/2026;23:00;17.9;0;SOLEIL;3;0;0
Fougères;48.35;-1.2;10/08/2026;00:00;17.9;0;SOLEIL;3;0;0
Fougères;48.35;-1.2;10/08/2026;01:00;17.9;0;SOLEIL;3;0;0
Fougères;48.35;-1.2;10/08/2026;02:00;15;0;SOLEIL;5;0;0
Fougères;48.35;-1.2;10/08/2026;03:00;15;0;SOLEIL;5;0;0
Fougères;48.35;-1.2;10/08/2026;04:00;15;0;SOLEIL;5;0;0
Fougères;48.35;-1.2;10/08/2026;05:00;16.6;0;SOLEIL;3;0;0
Fougères;48.35;-1.2;10/08/2026;06:00;16.6;0;SOLEIL;3;0;0
Fougères;48.35;-1.2;10/08/2026;07:00;16.6;0;SOLEIL;3;0;0
Fougères;48.35;-1.2;10/08/2026;08:00;17.3;0;SOLEIL;5;0;0
Fougères;48.35;-1.2;10/08/2026;09:00;18.5;0;SOLEIL;5;0;0
Fougères;48.35;-1.2;10/08/2026;10:00;19.7;0;SOLEIL;5;0;0
Fougères;48.35;-1.2;10/08/2026;11:00;25.4;0;SOLEIL;2;0;0
Fougères;48.35;-1.2;10/08/2026;12:00;25.4;0;SOLEIL;2;0;0
Fougères;48.35;-1.2;10/08/2026;13:00;25.4;0;SOLEIL;2;0;0
Fougères;48.35;-1.2;10/08/2026;14:00;24.3;0;SOLEIL;5;0;0
Fougères;48.35;-1.2;10/08/2026;15:00;25.5;0;SOLEIL;5;0;0
Fougères;48.35;-1.2;10/08/2026;16:00;24.3;0;SOLEIL;5;0;0
Fougères;48.35;-1.2;10/08/2026;17:00;25.6;0;SOLEIL;4;0;0
Fougères;48.35;-1.2;10/08/2026;18:00;25.6;0;SOLEIL;4;0;0
Fougères;48.35;-1.2;10/08/2026;19:00;25.6;0;SOLEIL;4;0;0
Fougères;48.35;-1.2;10/08/2026;20:00;19.7;0;SOLEIL;5;0;0
Fougères;48.35;-1.2;10/08/2026;21:00;18.5;0;SOLEIL;5;0;0
Fougères;48.35;-1.2;10/08/2026;22:00;17.3;0;SOLEIL;5;0;0
Fougères;48.35;-1.2;10/08/2026;23:00;18;0;SOLEIL;4;0;0
Fougères;48.35;-1.2;11/08/2026;00:00;18;0;SOLEIL;4;0;0
Fougères;48.35;-1.2;11/08/2026;01:00;18;0;SOLEIL;4;0;0
Fougères;48.35;-1.2;11/08/2026;02:00;15.5;0;SOLEIL;5;0;0
Fougères;48.35;-1.2;11/08/2026;03:00;15.5;0;SOLEIL;5;0;0
Fougères;48.35;-1.2;11/08/2026;04:00;15.5;0;SOLEIL;5;0;0
Fougères;48.35;-1.2;11/08/2026;05:00;18.1;0;SOLEIL;4;0;0
Fougères;48.35;-1.2;11/08/2026;06:00;18.1;0;SOLEIL;4;0;0
Fougères;48.35;-1.2;11/08/2026;07:00;18.1;0;SOLEIL;4;0;0
Fougères;48.35;-1.2;11/08/2026;08:00;18.3;0;SOLEIL;5;0;0
Fougères;48.35;-1.2;11/08/2026;09:00;19.7;0;SOLEIL;5;0;0
Fougères;48.35;-1.2;11/08/2026;10:00;21.1;0;SOLEIL;5;0;0
Fougères;48.35;-1.2;11/08/2026;11:00;30;0;SOLEIL;3;0;0
Fougères;48.35;-1.2;11/08/2026;12:00;30;0;SOLEIL;3;0;0
Fougères;48.35;-1.2;11/08/2026;13:00;30;0;SOLEIL;3;0;0
Fougères;48.35;-1.2;11/08/2026;14:00;26.6;0;SOLEIL;5;0;0
Fougères;48.35;-1.2;11/08/2026;15:00;28.0;0;SOLEIL;5;0;0
Fougères;48.35;-1.2;11/08/2026;16:00;26.6;0;SOLEIL;5;0;0
Fougères;48.35;-1.2;11/08/2026;17:00;30.4;0;SOLEIL;1;0;0
Fougères;48.35;-1.2;11/08/2026;18:00;30.4;0;SOLEIL;1;0;0
Fougères;48.35;-1.2;11/08/2026;19:00;30.4;0;SOLEIL;1;0;0
Fougères;48.35;-1.2;11/08/2026;20:00;21.1;0;SOLEIL;5;0;0
Fougères;48.35;-1.2;11/08/2026;21:00;19.7;0;SOLEIL;5;0;0
Fougères;48.35;-1.2;11/08/2026;22:00;18.3;0;SOLEIL;5;0;0
Fougères;48.35;-1.2;11/08/2026;23:00;22.4;0;SOLEIL;4;0;0
Fougères;48.35;-1.2;12/08/2026;00:00;22.4;0;SOLEIL;4;0;0
Fougères;48.35;-1.2;12/08/2026;01:00;22.4;0;SOLEIL;4;0;0
Fougères;48.35;-1.2;12/08/2026;02:00;16.5;0;SOLEIL;5;0;0
Fougères;48.35;-1.2;12/08/2026;03:00;16.5;0;SOLEIL;5;0;0
Fougères;48.35;-1.2;12/08/2026;04:00;16.5;0;SOLEIL;5;0;0
Fougères;48.35;-1.2;12/08/2026;05:00;21.6;0;SOLEIL;4;0;0
Fougères;48.35;-1.2;12/08/2026;06:00;21.6;0;SOLEIL;4;0;0
Fougères;48.35;-1.2;12/08/2026;07:00;21.6;0;SOLEIL;4;0;0
Fougères;48.35;-1.2;12/08/2026;08:00;19.8;0;SOLEIL;5;0;0
Fougères;48.35;-1.2;12/08/2026;09:00;21.5;0;SOLEIL;5;0;0
Fougères;48.35;-1.2;12/08/2026;10:00;23.2;0;SOLEIL;5;0;0
Fougères;48.35;-1.2;12/08/2026;11:00;29.1;0;SOLEIL;3;0;0
Fougères;48.35;-1.2;12/08/2026;12:00;29.1;0;SOLEIL;3;0;0
Fougères;48.35;-1.2;12/08/2026;13:00;29.1;0;SOLEIL;3;0;0
Fougères;48.35;-1.2;12/08/2026;14:00;29.8;0;SOLEIL;5;0;0
Fougères;48.35;-1.2;12/08/2026;15:00;31.5;0;SOLEIL;5;0;0
Fougères;48.35;-1.2;12/08/2026;16:00;29.8;0;SOLEIL;5;0;0
Fougères;48.35;-1.2;12/08/2026;17:00;26.4;0;SOLEIL;4;0;0
Fougères;48.35;-1.2;12/08/2026;18:00;26.4;0;SOLEIL;4;0;0
Fougères;48.35;-1.2;12/08/2026;19:00;26.4;0;SOLEIL;4;0;0
Fougères;48.35;-1.2;12/08/2026;20:00;23.2;0;SOLEIL;5;0;0
Fougères;48.35;-1.2;12/08/2026;21:00;21.5;0;SOLEIL;5;0;0
Fougères;48.35;-1.2;12/08/2026;22:00;19.8;0;SOLEIL;5;0;0
Fougères;48.35;-1.2;12/08/2026;23:00;20.4;0;SOLEIL;3;0;0
Redon;47.65;-2.08;08/08/2026;00:00;16.6;0;SOLEIL;3;0;0
Redon;47.65;-2.08;08/08/2026;01:00;16.6;0;SOLEIL;3;0;0
Redon;47.65;-2.08;08/08/2026;02:00;15.2;0;SOLEIL;4;0;0
Redon;47.65;-2.08;08/08/2026;03:00;15.2;0;SOLEIL;4;0;0
Redon;47.65;-2.08;08/08/2026;04:00;15.2;0;SOLEIL;4;0;0
Redon;47.65;-2.08;08/08/2026;05:00;16.5;5;SOLEIL VOILÉ;4;0;0
Redon;47.65;-2.08;08/08/2026;06:00;16.5;5;SOLEIL VOILÉ;4;0;0
Redon;47.65;-2.08;08/08/2026;07:00;16.5;5;SOLEIL VOILÉ;4;0;0
Redon;47.65;-2.08;08/08/2026;08:00;23.4;5;SOLEIL VOILÉ;4;0;0
Redon;47.65;-2.08;08/08/2026;09:00;23.4;5;SOLEIL VOILÉ;4;0;0
Redon;47.65;-2.08;08/08/2026;10:00;23.4;5;SOLEIL VOILÉ;4;0;0
Redon;47.65;-2.08;08/08/2026;11:00;28.6;5;SOLEIL VOILÉ;3;0;0
Redon;47.65;-2.08;08/08/2026;12:00;28.6;5;SOLEIL VOILÉ;3;0;0
Redon;47.65;-2.08;08/08/2026;13:00;28.6;5;SOLEIL VOILÉ;3;0;0
Redon;47.65;-2.08;08/08/2026;14:00;30.4;0;SOLEIL;2;0;0
Redon;47.65;-2.08;08/08/2026;15:00;30.4;0;SOLEIL;2;0;0
Redon;47.65;-2.08;08/08/2026;16:00;30.4;0;SOLEIL;2;0;0
Redon;47.65;-2.08;08/08/2026;17:00;29.4;0;SOLEIL;2;0;0
Redon;47.65;-2.08;08/08/2026;18:00;29.4;0;SOLEIL;2;0;0
Redon;47.65;-2.08;08/08/2026;19:00;29.4;0;SOLEIL;2;0;0
Redon;47.65;-2.08;08/08/2026;20:00;23;0;SOLEIL;2;0;0
Redon;47.65;-2.08;08/08/2026;21:00;23;0;SOLEIL;2;0;0
Redon;47.65;-2.08;08/08/2026;22:00;23;0;SOLEIL;2;0;0
Redon;47.65;-2.08;08/08/2026;23:00;20.1;0;SOLEIL;2;0;0
Redon;47.65;-2.08;09/08/2026;00:00;20.1;0;SOLEIL;2;0;0
Redon;47.65;-2.08;09/08/2026;01:00;20.1;0;SOLEIL;2;0;0
Redon;47.65;-2.08;09/08/2026;02:00;17.6;0;SOLEIL;2;0;0
Redon;47.65;-2.08;09/08/2026;03:00;17.6;0;SOLEIL;2;0;0
Redon;47.65;-2.08;09/08/2026;04:00;17.6;0;SOLEIL;2;0;0
Redon;47.65;-2.08;09/08/2026;05:00;19;0;SOLEIL;2;0;0
Redon;47.65;-2.08;09/08/2026;06:00;19;0;SOLEIL;2;0;0
Redon;47.65;-2.08;09/08/2026;07:00;19;0;SOLEIL;2;0;0
Redon;47.65;-2.08;09/08/2026;08:00;24.5;0;SOLEIL;2;0;0
Redon;47.65;-2.08;09/08/2026;09:00;24.5;0;SOLEIL;2;0;0
Redon;47.65;-2.08;09/08/2026;10:00;24.5;0;SOLEIL;2;0;0
Redon;47.65;-2.08;09/08/2026;11:00;27.6;0;SOLEIL;2;0;0
Redon;47.65;-2.08;09/08/2026;12:00;27.6;0;SOLEIL;2;0;0
Redon;47.65;-2.08;09/08/2026;13:00;27.6;0;SOLEIL;2;0;0
Redon;47.65;-2.08;09/08/2026;14:00;29.2;0;SOLEIL;3;0;0
Redon;47.65;-2.08;09/08/2026;15:00;29.2;0;SOLEIL;3;0;0
Redon;47.65;-2.08;09/08/2026;16:00;29.2;0;SOLEIL;3;0;0
Redon;47.65;-2.08;09/08/2026;17:00;25.1;0;SOLEIL;5;0;0
Redon;47.65;-2.08;09/08/2026;18:00;25.1;0;SOLEIL;5;0;0
Redon;47.65;-2.08;09/08/2026;19:00;25.1;0;SOLEIL;5;0;0
Redon;47.65;-2.08;09/08/2026;20:00;21.9;0;SOLEIL;5;0;0
Redon;47.65;-2.08;09/08/2026;21:00;20.1;0;SOLEIL;5;0;0
Redon;47.65;-2.08;09/08/2026;22:00;18.3;0;SOLEIL;5;0;0
Redon;47.65;-2.08;09/08/2026;23:00;17.7;0;SOLEIL;3;0;0
Redon;47.65;-2.08;10/08/2026;00:00;17.7;0;SOLEIL;3;0;0
Redon;47.65;-2.08;10/08/2026;01:00;17.7;0;SOLEIL;3;0;0
Redon;47.65;-2.08;10/08/2026;02:00;16.7;0;SOLEIL;5;0;0
Redon;47.65;-2.08;10/08/2026;03:00;16.7;0;SOLEIL;5;0;0
Redon;47.65;-2.08;10/08/2026;04:00;16.7;0;SOLEIL;5;0;0
Redon;47.65;-2.08;10/08/2026;05:00;17.6;0;SOLEIL;3;0;0
Redon;47.65;-2.08;10/08/2026;06:00;17.6;0;SOLEIL;3;0;0
Redon;47.65;-2.08;10/08/2026;07:00;17.6;0;SOLEIL;3;0;0
Redon;47.65;-2.08;10/08/2026;08:00;19.5;0;SOLEIL;5;0;0
Redon;47.65;-2.08;10/08/2026;09:00;20.9;0;SOLEIL;5;0;0
Redon;47.65;-2.08;10/08/2026;10:00;22.3;0;SOLEIL;5;0;0
Redon;47.65;-2.08;10/08/2026;11:00;25.2;0;SOLEIL;3;0;0
Redon;47.65;-2.08;10/08/2026;12:00;25.2;0;SOLEIL;3;0;0
Redon;47.65;-2.08;10/08/2026;13:00;25.2;0;SOLEIL;3;0;0
Redon;47.65;-2.08;10/08/2026;14:00;27.8;0;SOLEIL;5;0;0
Redon;47.65;-2.08;10/08/2026;15:00;29.2;0;SOLEIL;5;0;0
Redon;47.65;-2.08;10/08/2026;16:00;27.8;0;SOLEIL;5;0;0
Redon;47.65;-2.08;10/08/2026;17:00;25.6;0;SOLEIL;4;0;0
Redon;47.65;-2.08;10/08/2026;18:00;25.6;0;SOLEIL;4;0;0
Redon;47.65;-2.08;10/08/2026;19:00;25.6;0;SOLEIL;4;0;0
Redon;47.65;-2.08;10/08/2026;20:00;22.3;0;SOLEIL;5;0;0
Redon;47.65;-2.08;10/08/2026;21:00;20.9;0;SOLEIL;5;0;0
Redon;47.65;-2.08;10/08/2026;22:00;19.5;0;SOLEIL;5;0;0
Redon;47.65;-2.08;10/08/2026;23:00;19.1;0;SOLEIL;4;0;0
Redon;47.65;-2.08;11/08/2026;00:00;19.1;0;SOLEIL;4;0;0
Redon;47.65;-2.08;11/08/2026;01:00;19.1;0;SOLEIL;4;0;0
Redon;47.65;-2.08;11/08/2026;02:00;16.5;0;SOLEIL;5;0;0
Redon;47.65;-2.08;11/08/2026;03:00;16.5;0;SOLEIL;5;0;0
Redon;47.65;-2.08;11/08/2026;04:00;16.5;0;SOLEIL;5;0;0
Redon;47.65;-2.08;11/08/2026;05:00;18.7;0;SOLEIL;4;0;0
Redon;47.65;-2.08;11/08/2026;06:00;18.7;0;SOLEIL;4;0;0
Redon;47.65;-2.08;11/08/2026;07:00;18.7;0;SOLEIL;4;0;0
Redon;47.65;-2.08;11/08/2026;08:00;19.1;0;SOLEIL;5;0;0
Redon;47.65;-2.08;11/08/2026;09:00;20.4;0;SOLEIL;5;0;0
Redon;47.65;-2.08;11/08/2026;10:00;21.7;0;SOLEIL;5;0;0
Redon;47.65;-2.08;11/08/2026;11:00;29.1;0;SOLEIL;3;0;0
Redon;47.65;-2.08;11/08/2026;12:00;29.1;0;SOLEIL;3;0;0
Redon;47.65;-2.08;11/08/2026;13:00;29.1;0;SOLEIL;3;0;0
Redon;47.65;-2.08;11/08/2026;14:00;26.8;0;SOLEIL;5;0;0
Redon;47.65;-2.08;11/08/2026;15:00;28.1;0;SOLEIL;5;0;0
Redon;47.65;-2.08;11/08/2026;16:00;26.8;0;SOLEIL;5;0;0
Redon;47.65;-2.08;11/08/2026;17:00;30.4;0;SOLEIL;3;0;0
Redon;47.65;-2.08;11/08/2026;18:00;30.4;0;SOLEIL;3;0;0
Redon;47.65;-2.08;11/08/2026;19:00;30.4;0;SOLEIL;3;0;0
Redon;47.65;-2.08;11/08/2026;20:00;21.7;0;SOLEIL;5;0;0
Redon;47.65;-2.08;11/08/2026;21:00;20.4;0;SOLEIL;5;0;0
Redon;47.65;-2.08;11/08/2026;22:00;19.1;0;SOLEIL;5;0;0
Redon;47.65;-2.08;11/08/2026;23:00;23;0;SOLEIL;5;0;0
Redon;47.65;-2.08;12/08/2026;00:00;23;0;SOLEIL;5;0;0
Redon;47.65;-2.08;12/08/2026;01:00;23;0;SOLEIL;5;0;0
Redon;47.65;-2.08;12/08/2026;02:00;17.1;0;SOLEIL;5;0;0
Redon;47.65;-2.08;12/08/2026;03:00;17.1;0;SOLEIL;5;0;0
Redon;47.65;-2.08;12/08/2026;04:00;17.1;0;SOLEIL;5;0;0
Redon;47.65;-2.08;12/08/2026;05:00;22.2;0;SOLEIL;5;0;0
Redon;47.65;-2.08;12/08/2026;06:00;22.2;0;SOLEIL;5;0;0
Redon;47.65;-2.08;12/08/2026;07:00;22.2;0;SOLEIL;5;0;0
Redon;47.65;-2.08;12/08/2026;08:00;20.5;0;SOLEIL;5;0;0
Redon;47.65;-2.08;12/08/2026;09:00;22.2;0;SOLEIL;5;0;0
Redon;47.65;-2.08;12/08/2026;10:00;23.9;0;SOLEIL;5;0;0
Redon;47.65;-2.08;12/08/2026;11:00;30.5;0;SOLEIL;4;0;0
Redon;47.65;-2.08;12/08/2026;12:00;30.5;0;SOLEIL;4;0;0
Redon;47.65;-2.08;12/08/2026;13:00;30.5;0;SOLEIL;4;0;0
Redon;47.65;-2.08;12/08/2026;14:00;30.8;0;SOLEIL;5;0;0
Redon;47.65;-2.08;12/08/2026;15:00;32.5;0;SOLEIL;5;0;0
Redon;47.65;-2.08;12/08/2026;16:00;30.8;0;SOLEIL;5;0;0
Redon;47.65;-2.08;12/08/2026;17:00;30.6;0;SOLEIL;2;0;0
Redon;47.65;-2.08;12/08/2026;18:00;30.6;0;SOLEIL;2;0;0
Redon;47.65;-2.08;12/08/2026;19:00;30.6;0;SOLEIL;2;0;0
Redon;47.65;-2.08;12/08/2026;20:00;23.9;0;SOLEIL;5;0;0
Redon;47.65;-2.08;12/08/2026;21:00;22.2;0;SOLEIL;5;0;0
Redon;47.65;-2.08;12/08/2026;22:00;20.5;0;SOLEIL;5;0;0
Redon;47.65;-2.08;12/08/2026;23:00;21.1;0;SOLEIL;3;0;0
Rennes;48.11;-1.67;08/08/2026;00:00;15.7;0;SOLEIL;3;0;0
Rennes;48.11;-1.67;08/08/2026;01:00;15.7;0;SOLEIL;3;0;0
Rennes;48.11;-1.67;08/08/2026;02:00;13.6;5;SOLEIL VOILÉ;3;0;0
Rennes;48.11;-1.67;08/08/2026;03:00;13.6;5;SOLEIL VOILÉ;3;0;0
Rennes;48.11;-1.67;08/08/2026;04:00;13.6;5;SOLEIL VOILÉ;3;0;0
Rennes;48.11;-1.67;08/08/2026;05:00;15.1;5;SOLEIL VOILÉ;3;0;0
Rennes;48.11;-1.67;08/08/2026;06:00;15.1;5;SOLEIL VOILÉ;3;0;0
Rennes;48.11;-1.67;08/08/2026;07:00;15.1;5;SOLEIL VOILÉ;3;0;0
Rennes;48.11;-1.67;08/08/2026;08:00;24.1;5;SOLEIL VOILÉ;3;0;0
Rennes;48.11;-1.67;08/08/2026;09:00;24.1;5;SOLEIL VOILÉ;3;0;0
Rennes;48.11;-1.67;08/08/2026;10:00;24.1;5;SOLEIL VOILÉ;3;0;0
Rennes;48.11;-1.67;08/08/2026;11:00;30.5;5;SOLEIL VOILÉ;3;0;0
Rennes;48.11;-1.67;08/08/2026;12:00;30.5;5;SOLEIL VOILÉ;3;0;0
Rennes;48.11;-1.67;08/08/2026;13:00;30.5;5;SOLEIL VOILÉ;3;0;0
Rennes;48.11;-1.67;08/08/2026;14:00;31.6;0;SOLEIL;1;0;0
Rennes;48.11;-1.67;08/08/2026;15:00;31.6;0;SOLEIL;1;0;0
Rennes;48.11;-1.67;08/08/2026;16:00;31.6;0;SOLEIL;1;0;0
Rennes;48.11;-1.67;08/08/2026;17:00;29;0;SOLEIL;4;0;0
Rennes;48.11;-1.67;08/08/2026;18:00;29;0;SOLEIL;4;0;0
Rennes;48.11;-1.67;08/08/2026;19:00;29;0;SOLEIL;4;0;0
Rennes;48.11;-1.67;08/08/2026;20:00;23.6;0;SOLEIL;2;0;0
Rennes;48.11;-1.67;08/08/2026;21:00;23.6;0;SOLEIL;2;0;0
Rennes;48.11;-1.67;08/08/2026;22:00;23.6;0;SOLEIL;2;0;0
Rennes;48.11;-1.67;08/08/2026;23:00;19.9;0;SOLEIL;1;0;0
Rennes;48.11;-1.67;09/08/2026;00:00;19.9;0;SOLEIL;1;0;0
Rennes;48.11;-1.67;09/08/2026;01:00;19.9;0;SOLEIL;1;0;0
Rennes;48.11;-1.67;09/08/2026;02:00;17.9;0;SOLEIL;2;0;0
Rennes;48.11;-1.67;09/08/2026;03:00;17.9;0;SOLEIL;2;0;0
Rennes;48.11;-1.67;09/08/2026;04:00;17.9;0;SOLEIL;2;0;0
Rennes;48.11;-1.67;09/08/2026;05:00;17.6;0;SOLEIL;2;0;0
Rennes;48.11;-1.67;09/08/2026;06:00;17.6;0;SOLEIL;2;0;0
Rennes;48.11;-1.67;09/08/2026;07:00;17.6;0;SOLEIL;2;0;0
Rennes;48.11;-1.67;09/08/2026;08:00;25;0;SOLEIL;2;0;0
Rennes;48.11;-1.67;09/08/2026;09:00;25;0;SOLEIL;2;0;0
Rennes;48.11;-1.67;09/08/2026;10:00;25;0;SOLEIL;2;0;0
Rennes;48.11;-1.67;09/08/2026;11:00;27.5;0;SOLEIL;3;0;0
Rennes;48.11;-1.67;09/08/2026;12:00;27.5;0;SOLEIL;3;0;0
Rennes;48.11;-1.67;09/08/2026;13:00;27.5;0;SOLEIL;3;0;0
Rennes;48.11;-1.67;09/08/2026;14:00;29;0;SOLEIL;4;0;0
Rennes;48.11;-1.67;09/08/2026;15:00;29;0;SOLEIL;4;0;0
Rennes;48.11;-1.67;09/08/2026;16:00;29;0;SOLEIL;4;0;0
Rennes;48.11;-1.67;09/08/2026;17:00;27.7;0;SOLEIL;4;0;0
Rennes;48.11;-1.67;09/08/2026;18:00;27.7;0;SOLEIL;4;0;0
Rennes;48.11;-1.67;09/08/2026;19:00;27.7;0;SOLEIL;4;0;0
Rennes;48.11;-1.67;09/08/2026;20:00;21.7;5;SOLEIL VOILÉ;5;0;0
Rennes;48.11;-1.67;09/08/2026;21:00;19.6;5;SOLEIL VOILÉ;5;0;0
Rennes;48.11;-1.67;09/08/2026;22:00;17.4;5;SOLEIL VOILÉ;5;0;0
Rennes;48.11;-1.67;09/08/2026;23:00;19.6;0;SOLEIL;3;0;0
Rennes;48.11;-1.67;10/08/2026;00:00;19.6;0;SOLEIL;3;0;0
Rennes;48.11;-1.67;10/08/2026;01:00;19.6;0;SOLEIL;3;0;0
Rennes;48.11;-1.67;10/08/2026;02:00;16.7;0;SOLEIL;5;0;0
Rennes;48.11;-1.67;10/08/2026;03:00;16.7;0;SOLEIL;5;0;0
Rennes;48.11;-1.67;10/08/2026;04:00;16.7;0;SOLEIL;5;0;0
Rennes;48.11;-1.67;10/08/2026;05:00;17.7;0;SOLEIL;3;0;0
Rennes;48.11;-1.67;10/08/2026;06:00;17.7;0;SOLEIL;3;0;0
Rennes;48.11;-1.67;10/08/2026;07:00;17.7;0;SOLEIL;3;0;0
Rennes;48.11;-1.67;10/08/2026;08:00;19.5;0;SOLEIL;5;0;0
Rennes;48.11;-1.67;10/08/2026;09:00;20.9;0;SOLEIL;5;0;0
Rennes;48.11;-1.67;10/08/2026;10:00;22.3;0;SOLEIL;5;0;0
Rennes;48.11;-1.67;10/08/2026;11:00;28.5;0;SOLEIL;2;0;0
Rennes;48.11;-1.67;10/08/2026;12:00;28.5;0;SOLEIL;2;0;0
Rennes;48.11;-1.67;10/08/2026;13:00;28.5;0;SOLEIL;2;0;0
Rennes;48.11;-1.67;10/08/2026;14:00;27.8;0;SOLEIL;5;0;0
Rennes;48.11;-1.67;10/08/2026;15:00;29.2;0;SOLEIL;5;0;0
Rennes;48.11;-1.67;10/08/2026;16:00;27.8;0;SOLEIL;5;0;0
Rennes;48.11;-1.67;10/08/2026;17:00;28.6;0;SOLEIL;4;0;0
Rennes;48.11;-1.67;10/08/2026;18:00;28.6;0;SOLEIL;4;0;0
Rennes;48.11;-1.67;10/08/2026;19:00;28.6;0;SOLEIL;4;0;0
Rennes;48.11;-1.67;10/08/2026;20:00;22.3;0;SOLEIL;5;0;0
Rennes;48.11;-1.67;10/08/2026;21:00;20.9;0;SOLEIL;5;0;0
Rennes;48.11;-1.67;10/08/2026;22:00;19.5;0;SOLEIL;5;0;0
Rennes;48.11;-1.67;10/08/2026;23:00;19.2;0;SOLEIL;4;0;0
Rennes;48.11;-1.67;11/08/2026;00:00;19.2;0;SOLEIL;4;0;0
Rennes;48.11;-1.67;11/08/2026;01:00;19.2;0;SOLEIL;4;0;0
Rennes;48.11;-1.67;11/08/2026;02:00;16.7;0;SOLEIL;5;0;0
Rennes;48.11;-1.67;11/08/2026;03:00;16.7;0;SOLEIL;5;0;0
Rennes;48.11;-1.67;11/08/2026;04:00;16.7;0;SOLEIL;5;0;0
Rennes;48.11;-1.67;11/08/2026;05:00;18.9;0;SOLEIL;3;0;0
Rennes;48.11;-1.67;11/08/2026;06:00;18.9;0;SOLEIL;3;0;0
Rennes;48.11;-1.67;11/08/2026;07:00;18.9;0;SOLEIL;3;0;0
Rennes;48.11;-1.67;11/08/2026;08:00;20.0;0;SOLEIL;5;0;0
Rennes;48.11;-1.67;11/08/2026;09:00;21.6;0;SOLEIL;5;0;0
Rennes;48.11;-1.67;11/08/2026;10:00;23.2;0;SOLEIL;5;0;0
Rennes;48.11;-1.67;11/08/2026;11:00;31.4;0;SOLEIL;3;0;0
Rennes;48.11;-1.67;11/08/2026;12:00;31.4;0;SOLEIL;3;0;0
Rennes;48.11;-1.67;11/08/2026;13:00;31.4;0;SOLEIL;3;0;0
Rennes;48.11;-1.67;11/08/2026;14:00;29.8;0;SOLEIL;5;0;0
Rennes;48.11;-1.67;11/08/2026;15:00;31.4;0;SOLEIL;5;0;0
Rennes;48.11;-1.67;11/08/2026;16:00;29.8;0;SOLEIL;5;0;0
Rennes;48.11;-1.67;11/08/2026;17:00;32.6;0;SOLEIL;3;0;0
Rennes;48.11;-1.67;11/08/2026;18:00;32.6;0;SOLEIL;3;0;0
Rennes;48.11;-1.67;11/08/2026;19:00;32.6;0;SOLEIL;3;0;0
Rennes;48.11;-1.67;11/08/2026;20:00;23.2;0;SOLEIL;5;0;0
Rennes;48.11;-1.67;11/08/2026;21:00;21.6;0;SOLEIL;5;0;0
Rennes;48.11;-1.67;11/08/2026;22:00;20.0;0;SOLEIL;5;0;0
Rennes;48.11;-1.67;11/08/2026;23:00;25;0;SOLEIL;4;0;0
Rennes;48.11;-1.67;12/08/2026;00:00;25;0;SOLEIL;4;0;0
Rennes;48.11;-1.67;12/08/2026;01:00;25;0;SOLEIL;4;0;0
Rennes;48.11;-1.67;12/08/2026;02:00;17.6;0;SOLEIL;5;0;0
Rennes;48.11;-1.67;12/08/2026;03:00;17.6;0;SOLEIL;5;0;0
Rennes;48.11;-1.67;12/08/2026;04:00;17.6;0;SOLEIL;5;0;0
Rennes;48.11;-1.67;12/08/2026;05:00;22;0;SOLEIL;3;0;0
Rennes;48.11;-1.67;12/08/2026;06:00;22;0;SOLEIL;3;0;0
Rennes;48.11;-1.67;12/08/2026;07:00;22;0;SOLEIL;3;0;0
Rennes;48.11;-1.67;12/08/2026;08:00;21.4;0;SOLEIL;5;0;0
Rennes;48.11;-1.67;12/08/2026;09:00;23.2;0;SOLEIL;5;0;0
Rennes;48.11;-1.67;12/08/2026;10:00;25.1;0;SOLEIL;5;0;0
Rennes;48.11;-1.67;12/08/2026;11:00;33.5;0;SOLEIL;4;0;0
Rennes;48.11;-1.67;12/08/2026;12:00;33.5;0;SOLEIL;4;0;0
Rennes;48.11;-1.67;12/08/2026;13:00;33.5;0;SOLEIL;4;0;0
Rennes;48.11;-1.67;12/08/2026;14:00;32.6;0;SOLEIL;5;0;0
Rennes;48.11;-1.67;12/08/2026;15:00;34.5;0;SOLEIL;5;0;0
Rennes;48.11;-1.67;12/08/2026;16:00;32.6;0;SOLEIL;5;0;0
Rennes;48.11;-1.67;12/08/2026;17:00;32.7;0;SOLEIL;3;0;0
Rennes;48.11;-1.67;12/08/2026;18:00;32.7;0;SOLEIL;3;0;0
Rennes;48.11;-1.67;12/08/2026;19:00;32.7;0;SOLEIL;3;0;0
Rennes;48.11;-1.67;12/08/2026;20:00;25.1;0;SOLEIL;5;0;0
Rennes;48.11;-1.67;12/08/2026;21:00;23.2;0;SOLEIL;5;0;0
Rennes;48.11;-1.67;12/08/2026;22:00;21.4;0;SOLEIL;5;0;0
Rennes;48.11;-1.67;12/08/2026;23:00;22.7;0;SOLEIL;3;0;0
Saint-Malo;48.64;-2.02;08/08/2026;00:00;16.5;0;SOLEIL;3;0;0
Saint-Malo;48.64;-2.02;08/08/2026;01:00;16.5;0;SOLEIL;3;0;0
Saint-Malo;48.64;-2.02;08/08/2026;02:00;14.2;5;SOLEIL VOILÉ;5;0;0
Saint-Malo;48.64;-2.02;08/08/2026;03:00;14.2;5;SOLEIL VOILÉ;5;0;0
Saint-Malo;48.64;-2.02;08/08/2026;04:00;14.2;5;SOLEIL VOILÉ;5;0;0
Saint-Malo;48.64;-2.02;08/08/2026;05:00;15.6;5;SOLEIL VOILÉ;4;0;0
Saint-Malo;48.64;-2.02;08/08/2026;06:00;15.6;5;SOLEIL VOILÉ;4;0;0
Saint-Malo;48.64;-2.02;08/08/2026;07:00;15.6;5;SOLEIL VOILÉ;4;0;0
Saint-Malo;48.64;-2.02;08/08/2026;08:00;22.6;5;SOLEIL VOILÉ;3;0;0
Saint-Malo;48.64;-2.02;08/08/2026;09:00;22.6;5;SOLEIL VOILÉ;3;0;0
Saint-Malo;48.64;-2.02;08/08/2026;10:00;22.6;5;SOLEIL VOILÉ;3;0;0
Saint-Malo;48.64;-2.02;08/08/2026;11:00;27.1;5;SOLEIL VOILÉ;3;0;0
Saint-Malo;48.64;-2.02;08/08/2026;12:00;27.1;5;SOLEIL VOILÉ;3;0;0
Saint-Malo;48.64;-2.02;08/08/2026;13:00;27.1;5;SOLEIL VOILÉ;3;0;0
Saint-Malo;48.64;-2.02;08/08/2026;14:00;27.5;0;SOLEIL;6;0;0
Saint-Malo;48.64;-2.02;08/08/2026;15:00;27.5;0;SOLEIL;6;0;0
Saint-Malo;48.64;-2.02;08/08/2026;16:00;27.5;0;SOLEIL;6;0;0
Saint-Malo;48.64;-2.02;08/08/2026;17:00;25.1;0;SOLEIL;5;0;0
Saint-Malo;48.64;-2.02;08/08/2026;18:00;25.1;0;SOLEIL;5;0;0
Saint-Malo;48.64;-2.02;08/08/2026;19:00;25.1;0;SOLEIL;5;0;0
Saint-Malo;48.64;-2.02;08/08/2026;20:00;21.5;0;SOLEIL;5;0;0
Saint-Malo;48.64;-2.02;08/08/2026;21:00;21.5;0;SOLEIL;5;0;0
Saint-Malo;48.64;-2.02;08/08/2026;22:00;21.5;0;SOLEIL;5;0;0
Saint-Malo;48.64;-2.02;08/08/2026;23:00;20.1;0;SOLEIL;2;0;0
Saint-Malo;48.64;-2.02;09/08/2026;00:00;20.1;0;SOLEIL;2;0;0
Saint-Malo;48.64;-2.02;09/08/2026;01:00;20.1;0;SOLEIL;2;0;0
Saint-Malo;48.64;-2.02;09/08/2026;02:00;17.2;0;SOLEIL;2;0;0
Saint-Malo;48.64;-2.02;09/08/2026;03:00;17.2;0;SOLEIL;2;0;0
Saint-Malo;48.64;-2.02;09/08/2026;04:00;17.2;0;SOLEIL;2;0;0
Saint-Malo;48.64;-2.02;09/08/2026;05:00;18.4;0;SOLEIL;4;0;0
Saint-Malo;48.64;-2.02;09/08/2026;06:00;18.4;0;SOLEIL;4;0;0
Saint-Malo;48.64;-2.02;09/08/2026;07:00;18.4;0;SOLEIL;4;0;0
Saint-Malo;48.64;-2.02;09/08/2026;08:00;23.1;0;SOLEIL;4;0;0
Saint-Malo;48.64;-2.02;09/08/2026;09:00;23.1;0;SOLEIL;4;0;0
Saint-Malo;48.64;-2.02;09/08/2026;10:00;23.1;0;SOLEIL;4;0;0
Saint-Malo;48.64;-2.02;09/08/2026;11:00;23.5;0;SOLEIL;4;0;0
Saint-Malo;48.64;-2.02;09/08/2026;12:00;23.5;0;SOLEIL;4;0;0
Saint-Malo;48.64;-2.02;09/08/2026;13:00;23.5;0;SOLEIL;4;0;0
Saint-Malo;48.64;-2.02;09/08/2026;14:00;22.7;0;SOLEIL;5;0;0
Saint-Malo;48.64;-2.02;09/08/2026;15:00;22.7;0;SOLEIL;5;0;0
Saint-Malo;48.64;-2.02;09/08/2026;16:00;22.7;0;SOLEIL;5;0;0
Saint-Malo;48.64;-2.02;09/08/2026;17:00;21;0;SOLEIL;5;0;0
Saint-Malo;48.64;-2.02;09/08/2026;18:00;21;0;SOLEIL;5;0;0
Saint-Malo;48.64;-2.02;09/08/2026;19:00;21;0;SOLEIL;5;0;0
Saint-Malo;48.64;-2.02;09/08/2026;20:00;20.1;5;SOLEIL VOILÉ;5;0;0
Saint-Malo;48.64;-2.02;09/08/2026;21:00;18.5;5;SOLEIL VOILÉ;5;0;0
Saint-Malo;48.64;-2.02;09/08/2026;22:00;16.9;5;SOLEIL VOILÉ;5;0;0
Saint-Malo;48.64;-2.02;09/08/2026;23:00;18.2;0;SOLEIL;5;0;0
Saint-Malo;48.64;-2.02;10/08/2026;00:00;18.2;0;SOLEIL;5;0;0
Saint-Malo;48.64;-2.02;10/08/2026;01:00;18.2;0;SOLEIL;5;0;0
Saint-Malo;48.64;-2.02;10/08/2026;02:00;16.9;0;SOLEIL;5;0;0
Saint-Malo;48.64;-2.02;10/08/2026;03:00;16.9;0;SOLEIL;5;0;0
Saint-Malo;48.64;-2.02;10/08/2026;04:00;16.9;0;SOLEIL;5;0;0
Saint-Malo;48.64;-2.02;10/08/2026;05:00;18.5;0;SOLEIL;5;0;0
Saint-Malo;48.64;-2.02;10/08/2026;06:00;18.5;0;SOLEIL;5;0;0
Saint-Malo;48.64;-2.02;10/08/2026;07:00;18.5;0;SOLEIL;5;0;0
Saint-Malo;48.64;-2.02;10/08/2026;08:00;18.5;0;SOLEIL;5;0;0
Saint-Malo;48.64;-2.02;10/08/2026;09:00;19.3;0;SOLEIL;5;0;0
Saint-Malo;48.64;-2.02;10/08/2026;10:00;20.1;0;SOLEIL;5;0;0
Saint-Malo;48.64;-2.02;10/08/2026;11:00;22.5;0;SOLEIL;4;0;0
Saint-Malo;48.64;-2.02;10/08/2026;12:00;22.5;0;SOLEIL;4;0;0
Saint-Malo;48.64;-2.02;10/08/2026;13:00;22.5;0;SOLEIL;4;0;0
Saint-Malo;48.64;-2.02;10/08/2026;14:00;23.3;0;SOLEIL;5;0;0
Saint-Malo;48.64;-2.02;10/08/2026;15:00;24.1;0;SOLEIL;5;0;0
Saint-Malo;48.64;-2.02;10/08/2026;16:00;23.3;0;SOLEIL;5;0;0
Saint-Malo;48.64;-2.02;10/08/2026;17:00;21.1;0;SOLEIL;5;0;0
Saint-Malo;48.64;-2.02;10/08/2026;18:00;21.1;0;SOLEIL;5;0;0
Saint-Malo;48.64;-2.02;10/08/2026;19:00;21.1;0;SOLEIL;5;0;0
Saint-Malo;48.64;-2.02;10/08/2026;20:00;20.1;0;SOLEIL;5;0;0
Saint-Malo;48.64;-2.02;10/08/2026;21:00;19.3;0;SOLEIL;5;0;0
Saint-Malo;48.64;-2.02;10/08/2026;22:00;18.5;0;SOLEIL;5;0;0
Saint-Malo;48.64;-2.02;10/08/2026;23:00;18.5;0;SOLEIL;5;0;0
Saint-Malo;48.64;-2.02;11/08/2026;00:00;18.5;0;SOLEIL;5;0;0
Saint-Malo;48.64;-2.02;11/08/2026;01:00;18.5;0;SOLEIL;5;0;0
Saint-Malo;48.64;-2.02;11/08/2026;02:00;17.2;0;SOLEIL;5;0;0
Saint-Malo;48.64;-2.02;11/08/2026;03:00;17.2;0;SOLEIL;5;0;0
Saint-Malo;48.64;-2.02;11/08/2026;04:00;17.2;0;SOLEIL;5;0;0
Saint-Malo;48.64;-2.02;11/08/2026;05:00;18.5;0;SOLEIL;4;0;0
Saint-Malo;48.64;-2.02;11/08/2026;06:00;18.5;0;SOLEIL;4;0;0
Saint-Malo;48.64;-2.02;11/08/2026;07:00;18.5;0;SOLEIL;4;0;0
Saint-Malo;48.64;-2.02;11/08/2026;08:00;18.5;0;SOLEIL;5;0;0
Saint-Malo;48.64;-2.02;11/08/2026;09:00;19.2;0;SOLEIL;5;0;0
Saint-Malo;48.64;-2.02;11/08/2026;10:00;19.8;0;SOLEIL;5;0;0
Saint-Malo;48.64;-2.02;11/08/2026;11:00;26.5;0;SOLEIL;5;0;0
Saint-Malo;48.64;-2.02;11/08/2026;12:00;26.5;0;SOLEIL;5;0;0
Saint-Malo;48.64;-2.02;11/08/2026;13:00;26.5;0;SOLEIL;5;0;0
Saint-Malo;48.64;-2.02;11/08/2026;14:00;22.4;0;SOLEIL;5;0;0
Saint-Malo;48.64;-2.02;11/08/2026;15:00;23.1;0;SOLEIL;5;0;0
Saint-Malo;48.64;-2.02;11/08/2026;16:00;22.4;0;SOLEIL;5;0;0
Saint-Malo;48.64;-2.02;11/08/2026;17:00;25.1;0;SOLEIL;8;0;0
Saint-Malo;48.64;-2.02;11/08/2026;18:00;25.1;0;SOLEIL;8;0;0
Saint-Malo;48.64;-2.02;11/08/2026;19:00;25.1;0;SOLEIL;8;0;0
Saint-Malo;48.64;-2.02;11/08/2026;20:00;19.8;0;SOLEIL;5;0;0
Saint-Malo;48.64;-2.02;11/08/2026;21:00;19.2;0;SOLEIL;5;0;0
Saint-Malo;48.64;-2.02;11/08/2026;22:00;18.5;0;SOLEIL;5;0;0
Saint-Malo;48.64;-2.02;11/08/2026;23:00;21.9;0;SOLEIL;5;11;0
Saint-Malo;48.64;-2.02;12/08/2026;00:00;21.9;0;SOLEIL;5;11;0
Saint-Malo;48.64;-2.02;12/08/2026;01:00;21.9;0;SOLEIL;5;11;0
Saint-Malo;48.64;-2.02;12/08/2026;02:00;17;0;SOLEIL;5;0;0
Saint-Malo;48.64;-2.02;12/08/2026;03:00;17;0;SOLEIL;5;0;0
Saint-Malo;48.64;-2.02;12/08/2026;04:00;17;0;SOLEIL;5;0;0
Saint-Malo;48.64;-2.02;12/08/2026;05:00;21.1;0;SOLEIL;5;0;0
Saint-Malo;48.64;-2.02;12/08/2026;06:00;21.1;0;SOLEIL;5;0;0
Saint-Malo;48.64;-2.02;12/08/2026;07:00;21.1;0;SOLEIL;5;0;0
Saint-Malo;48.64;-2.02;12/08/2026;08:00;19.6;0;SOLEIL;5;0;0
Saint-Malo;48.64;-2.02;12/08/2026;09:00;20.8;0;SOLEIL;5;0;0
Saint-Malo;48.64;-2.02;12/08/2026;10:00;22.1;0;SOLEIL;5;0;0
Saint-Malo;48.64;-2.02;12/08/2026;11:00;27.4;0;SOLEIL;5;0;0
Saint-Malo;48.64;-2.02;12/08/2026;12:00;27.4;0;SOLEIL;5;0;0
Saint-Malo;48.64;-2.02;12/08/2026;13:00;27.4;0;SOLEIL;5;0;0
Saint-Malo;48.64;-2.02;12/08/2026;14:00;27.2;0;SOLEIL;5;0;0
Saint-Malo;48.64;-2.02;12/08/2026;15:00;28.5;0;SOLEIL;5;0;0
Saint-Malo;48.64;-2.02;12/08/2026;16:00;27.2;0;SOLEIL;5;0;0
Saint-Malo;48.64;-2.02;12/08/2026;17:00;25.1;0;SOLEIL;7;0;0
Saint-Malo;48.64;-2.02;12/08/2026;18:00;25.1;0;SOLEIL;7;0;0
Saint-Malo;48.64;-2.02;12/08/2026;19:00;25.1;0;SOLEIL;7;0;0
Saint-Malo;48.64;-2.02;12/08/2026;20:00;22.1;0;SOLEIL;5;0;0
Saint-Malo;48.64;-2.02;12/08/2026;21:00;20.8;0;SOLEIL;5;0;0
Saint-Malo;48.64;-2.02;12/08/2026;22:00;19.6;0;SOLEIL;5;0;0
Saint-Malo;48.64;-2.02;12/08/2026;23:00;20.2;0;SOLEIL;6;0;0
Lorient;47.74;-3.36;08/08/2026;00:00;16;5;SOLEIL VOILÉ;4;0;0
Lorient;47.74;-3.36;08/08/2026;01:00;16;5;SOLEIL VOILÉ;4;0;0
Lorient;47.74;-3.36;08/08/2026;02:00;15.2;5;SOLEIL VOILÉ;5;0;0
Lorient;47.74;-3.36;08/08/2026;03:00;15.2;5;SOLEIL VOILÉ;5;0;0
Lorient;47.74;-3.36;08/08/2026;04:00;15.2;5;SOLEIL VOILÉ;5;0;0
Lorient;47.74;-3.36;08/08/2026;05:00;16.2;5;SOLEIL VOILÉ;4;0;0
Lorient;47.74;-3.36;08/08/2026;06:00;16.2;5;SOLEIL VOILÉ;4;0;0
Lorient;47.74;-3.36;08/08/2026;07:00;16.2;5;SOLEIL VOILÉ;4;0;0
Lorient;47.74;-3.36;08/08/2026;08:00;24.1;5;SOLEIL VOILÉ;4;0;0
Lorient;47.74;-3.36;08/08/2026;09:00;24.1;5;SOLEIL VOILÉ;4;0;0
Lorient;47.74;-3.36;08/08/2026;10:00;24.1;5;SOLEIL VOILÉ;4;0;0
Lorient;47.74;-3.36;08/08/2026;11:00;27.6;5;SOLEIL VOILÉ;4;0;0
Lorient;47.74;-3.36;08/08/2026;12:00;27.6;5;SOLEIL VOILÉ;4;0;0
Lorient;47.74;-3.36;08/08/2026;13:00;27.6;5;SOLEIL VOILÉ;4;0;0
Lorient;47.74;-3.36;08/08/2026;14:00;28.2;0;SOLEIL;3;0;0
Lorient;47.74;-3.36;08/08/2026;15:00;28.2;0;SOLEIL;3;0;0
Lorient;47.74;-3.36;08/08/2026;16:00;28.2;0;SOLEIL;3;0;0
Lorient;47.74;-3.36;08/08/2026;17:00;23.6;0;SOLEIL;2;0;0
Lorient;47.74;-3.36;08/08/2026;18:00;23.6;0;SOLEIL;2;0;0
Lorient;47.74;-3.36;08/08/2026;19:00;23.6;0;SOLEIL;2;0;0
Lorient;47.74;-3.36;08/08/2026;20:00;19.6;0;SOLEIL;2;0;0
Lorient;47.74;-3.36;08/08/2026;21:00;19.6;0;SOLEIL;2;0;0
Lorient;47.74;-3.36;08/08/2026;22:00;19.6;0;SOLEIL;2;0;0
Lorient;47.74;-3.36;08/08/2026;23:00;18.1;0;SOLEIL;2;0;0
Lorient;47.74;-3.36;09/08/2026;00:00;18.1;0;SOLEIL;2;0;0
Lorient;47.74;-3.36;09/08/2026;01:00;18.1;0;SOLEIL;2;0;0
Lorient;47.74;-3.36;09/08/2026;02:00;16.6;0;SOLEIL;2;0;0
Lorient;47.74;-3.36;09/08/2026;03:00;16.6;0;SOLEIL;2;0;0
Lorient;47.74;-3.36;09/08/2026;04:00;16.6;0;SOLEIL;2;0;0
Lorient;47.74;-3.36;09/08/2026;05:00;16.7;0;SOLEIL;2;0;0
Lorient;47.74;-3.36;09/08/2026;06:00;16.7;0;SOLEIL;2;0;0
Lorient;47.74;-3.36;09/08/2026;07:00;16.7;0;SOLEIL;2;0;0
Lorient;47.74;-3.36;09/08/2026;08:00;22.4;0;SOLEIL;2;0;0
Lorient;47.74;-3.36;09/08/2026;09:00;22.4;0;SOLEIL;2;0;0
Lorient;47.74;-3.36;09/08/2026;10:00;22.4;0;SOLEIL;2;0;0
Lorient;47.74;-3.36;09/08/2026;11:00;24.7;0;SOLEIL;4;0;0
Lorient;47.74;-3.36;09/08/2026;12:00;24.7;0;SOLEIL;4;0;0
Lorient;47.74;-3.36;09/08/2026;13:00;24.7;0;SOLEIL;4;0;0
Lorient;47.74;-3.36;09/08/2026;14:00;23.7;0;SOLEIL;5;0;0
Lorient;47.74;-3.36;09/08/2026;15:00;23.7;0;SOLEIL;5;0;0
Lorient;47.74;-3.36;09/08/2026;16:00;23.7;0;SOLEIL;5;0;0
Lorient;47.74;-3.36;09/08/2026;17:00;22.4;0;SOLEIL;5;0;0
Lorient;47.74;-3.36;09/08/2026;18:00;22.4;0;SOLEIL;5;0;0
Lorient;47.74;-3.36;09/08/2026;19:00;22.4;0;SOLEIL;5;0;0
Lorient;47.74;-3.36;09/08/2026;20:00;21.0;5;SOLEIL VOILÉ;5;0;0
Lorient;47.74;-3.36;09/08/2026;21:00;19.4;5;SOLEIL VOILÉ;5;0;0
Lorient;47.74;-3.36;09/08/2026;22:00;17.9;5;SOLEIL VOILÉ;5;0;0
Lorient;47.74;-3.36;09/08/2026;23:00;18.4;0;SOLEIL;3;0;0
Lorient;47.74;-3.36;10/08/2026;00:00;18.4;0;SOLEIL;3;0;0
Lorient;47.74;-3.36;10/08/2026;01:00;18.4;0;SOLEIL;3;0;0
Lorient;47.74;-3.36;10/08/2026;02:00;15.7;0;SOLEIL;5;0;0
Lorient;47.74;-3.36;10/08/2026;03:00;15.7;0;SOLEIL;5;0;0
Lorient;47.74;-3.36;10/08/2026;04:00;15.7;0;SOLEIL;5;0;0
Lorient;47.74;-3.36;10/08/2026;05:00;17.9;0;SOLEIL;3;0;0
Lorient;47.74;-3.36;10/08/2026;06:00;17.9;0;SOLEIL;3;0;0
Lorient;47.74;-3.36;10/08/2026;07:00;17.9;0;SOLEIL;3;0;0
Lorient;47.74;-3.36;10/08/2026;08:00;17.9;0;SOLEIL;5;0;0
Lorient;47.74;-3.36;10/08/2026;09:00;19.0;0;SOLEIL;5;0;0
Lorient;47.74;-3.36;10/08/2026;10:00;20.1;0;SOLEIL;5;0;0
Lorient;47.74;-3.36;10/08/2026;11:00;27.2;0;SOLEIL;3;0;0
Lorient;47.74;-3.36;10/08/2026;12:00;27.2;0;SOLEIL;3;0;0
Lorient;47.74;-3.36;10/08/2026;13:00;27.2;0;SOLEIL;3;0;0
Lorient;47.74;-3.36;10/08/2026;14:00;24.5;0;SOLEIL;5;0;0
Lorient;47.74;-3.36;10/08/2026;15:00;25.6;0;SOLEIL;5;0;0
Lorient;47.74;-3.36;10/08/2026;16:00;24.5;0;SOLEIL;5;0;0
Lorient;47.74;-3.36;10/08/2026;17:00;26.4;0;SOLEIL;3;0;0
Lorient;47.74;-3.36;10/08/2026;18:00;26.4;0;SOLEIL;3;0;0
Lorient;47.74;-3.36;10/08/2026;19:00;26.4;0;SOLEIL;3;0;0
Lorient;47.74;-3.36;10/08/2026;20:00;20.1;0;SOLEIL;5;0;0
Lorient;47.74;-3.36;10/08/2026;21:00;19.0;0;SOLEIL;5;0;0
Lorient;47.74;-3.36;10/08/2026;22:00;17.9;0;SOLEIL;5;0;0
Lorient;47.74;-3.36;10/08/2026;23:00;19.1;0;SOLEIL;5;0;0
Lorient;47.74;-3.36;11/08/2026;00:00;19.1;0;SOLEIL;5;0;0
Lorient;47.74;-3.36;11/08/2026;01:00;19.1;0;SOLEIL;5;0;0
Lorient;47.74;-3.36;11/08/2026;02:00;16.9;0;SOLEIL;5;0;0
Lorient;47.74;-3.36;11/08/2026;03:00;16.9;0;SOLEIL;5;0;0
Lorient;47.74;-3.36;11/08/2026;04:00;16.9;0;SOLEIL;5;0;0
Lorient;47.74;-3.36;11/08/2026;05:00;19;0;SOLEIL;4;0;0
Lorient;47.74;-3.36;11/08/2026;06:00;19;0;SOLEIL;4;0;0
Lorient;47.74;-3.36;11/08/2026;07:00;19;0;SOLEIL;4;0;0
Lorient;47.74;-3.36;11/08/2026;08:00;19.4;0;SOLEIL;5;0;0
Lorient;47.74;-3.36;11/08/2026;09:00;20.6;0;SOLEIL;5;0;0
Lorient;47.74;-3.36;11/08/2026;10:00;21.8;0;SOLEIL;5;0;0
Lorient;47.74;-3.36;11/08/2026;11:00;31.6;0;SOLEIL;3;0;0
Lorient;47.74;-3.36;11/08/2026;12:00;31.6;0;SOLEIL;3;0;0
Lorient;47.74;-3.36;11/08/2026;13:00;31.6;0;SOLEIL;3;0;0
Lorient;47.74;-3.36;11/08/2026;14:00;26.8;0;SOLEIL;5;0;0
Lorient;47.74;-3.36;11/08/2026;15:00;28.0;0;SOLEIL;5;0;0
Lorient;47.74;-3.36;11/08/2026;16:00;26.8;0;SOLEIL;5;0;0
Lorient;47.74;-3.36;11/08/2026;17:00;32;0;SOLEIL;2;0;0
Lorient;47.74;-3.36;11/08/2026;18:00;32;0;SOLEIL;2;0;0
Lorient;47.74;-3.36;11/08/2026;19:00;32;0;SOLEIL;2;0;0
Lorient;47.74;-3.36;11/08/2026;20:00;21.8;0;SOLEIL;5;0;0
Lorient;47.74;-3.36;11/08/2026;21:00;20.6;0;SOLEIL;5;0;0
Lorient;47.74;-3.36;11/08/2026;22:00;19.4;0;SOLEIL;5;0;0
Lorient;47.74;-3.36;11/08/2026;23:00;24.1;0;SOLEIL;4;0;0
Lorient;47.74;-3.36;12/08/2026;00:00;24.1;0;SOLEIL;4;0;0
Lorient;47.74;-3.36;12/08/2026;01:00;24.1;0;SOLEIL;4;0;0
Lorient;47.74;-3.36;12/08/2026;02:00;17.5;0;SOLEIL;5;0;0
Lorient;47.74;-3.36;12/08/2026;03:00;17.5;0;SOLEIL;5;0;0
Lorient;47.74;-3.36;12/08/2026;04:00;17.5;0;SOLEIL;5;0;0
Lorient;47.74;-3.36;12/08/2026;05:00;22.6;0;SOLEIL;4;0;0
Lorient;47.74;-3.36;12/08/2026;06:00;22.6;0;SOLEIL;4;0;0
Lorient;47.74;-3.36;12/08/2026;07:00;22.6;0;SOLEIL;4;0;0
Lorient;47.74;-3.36;12/08/2026;08:00;21.1;0;SOLEIL;5;0;0
Lorient;47.74;-3.36;12/08/2026;09:00;22.9;0;SOLEIL;5;0;0
Lorient;47.74;-3.36;12/08/2026;10:00;24.7;0;SOLEIL;5;0;0
Lorient;47.74;-3.36;12/08/2026;11:00;31.2;0;SOLEIL;4;0;0
Lorient;47.74;-3.36;12/08/2026;12:00;31.2;0;SOLEIL;4;0;0
Lorient;47.74;-3.36;12/08/2026;13:00;31.2;0;SOLEIL;4;0;0
Lorient;47.74;-3.36;12/08/2026;14:00;31.9;0;SOLEIL;5;0;0
Lorient;47.74;-3.36;12/08/2026;15:00;33.7;0;SOLEIL;5;0;0
Lorient;47.74;-3.36;12/08/2026;16:00;31.9;0;SOLEIL;5;0;0
Lorient;47.74;-3.36;12/08/2026;17:00;30.1;0;SOLEIL;4;0;0
Lorient;47.74;-3.36;12/08/2026;18:00;30.1;0;SOLEIL;4;0;0
Lorient;47.74;-3.36;12/08/2026;19:00;30.1;0;SOLEIL;4;0;0
Lorient;47.74;-3.36;12/08/2026;20:00;24.7;0;SOLEIL;5;0;0
Lorient;47.74;-3.36;12/08/2026;21:00;22.9;0;SOLEIL;5;0;0
Lorient;47.74;-3.36;12/08/2026;22:00;21.1;0;SOLEIL;5;0;0
Lorient;47.74;-3.36;12/08/2026;23:00;22.1;0;SOLEIL;4;0;0
Pontivy;48.06;-2.96;08/08/2026;00:00;13.9;5;SOLEIL VOILÉ;2;0;0
Pontivy;48.06;-2.96;08/08/2026;01:00;13.9;5;SOLEIL VOILÉ;2;0;0
Pontivy;48.06;-2.96;08/08/2026;02:00;13.1;5;SOLEIL VOILÉ;3;0;0
Pontivy;48.06;-2.96;08/08/2026;03:00;13.1;5;SOLEIL VOILÉ;3;0;0
Pontivy;48.06;-2.96;08/08/2026;04:00;13.1;5;SOLEIL VOILÉ;3;0;0
Pontivy;48.06;-2.96;08/08/2026;05:00;14.5;5;SOLEIL VOILÉ;2;0;0
Pontivy;48.06;-2.96;08/08/2026;06:00;14.5;5;SOLEIL VOILÉ;2;0;0
Pontivy;48.06;-2.96;08/08/2026;07:00;14.5;5;SOLEIL VOILÉ;2;0;0
Pontivy;48.06;-2.96;08/08/2026;08:00;22.2;5;SOLEIL VOILÉ;2;0;0
Pontivy;48.06;-2.96;08/08/2026;09:00;22.2;5;SOLEIL VOILÉ;2;0;0
Pontivy;48.06;-2.96;08/08/2026;10:00;22.2;5;SOLEIL VOILÉ;2;0;0
Pontivy;48.06;-2.96;08/08/2026;11:00;29;5;SOLEIL VOILÉ;2;0;0
Pontivy;48.06;-2.96;08/08/2026;12:00;29;5;SOLEIL VOILÉ;2;0;0
Pontivy;48.06;-2.96;08/08/2026;13:00;29;5;SOLEIL VOILÉ;2;0;0
Pontivy;48.06;-2.96;08/08/2026;14:00;30.1;0;SOLEIL;2;0;0
Pontivy;48.06;-2.96;08/08/2026;15:00;30.1;0;SOLEIL;2;0;0
Pontivy;48.06;-2.96;08/08/2026;16:00;30.1;0;SOLEIL;2;0;0
Pontivy;48.06;-2.96;08/08/2026;17:00;27.6;0;SOLEIL;2;0;0
Pontivy;48.06;-2.96;08/08/2026;18:00;27.6;0;SOLEIL;2;0;0
Pontivy;48.06;-2.96;08/08/2026;19:00;27.6;0;SOLEIL;2;0;0
Pontivy;48.06;-2.96;08/08/2026;20:00;20.5;0;SOLEIL;2;0;0
Pontivy;48.06;-2.96;08/08/2026;21:00;20.5;0;SOLEIL;2;0;0
Pontivy;48.06;-2.96;08/08/2026;22:00;20.5;0;SOLEIL;2;0;0
Pontivy;48.06;-2.96;08/08/2026;23:00;17.5;0;SOLEIL;1;0;0
Pontivy;48.06;-2.96;09/08/2026;00:00;17.5;0;SOLEIL;1;0;0
Pontivy;48.06;-2.96;09/08/2026;01:00;17.5;0;SOLEIL;1;0;0
Pontivy;48.06;-2.96;09/08/2026;02:00;15.1;0;SOLEIL;1;0;0
Pontivy;48.06;-2.96;09/08/2026;03:00;15.1;0;SOLEIL;1;0;0
Pontivy;48.06;-2.96;09/08/2026;04:00;15.1;0;SOLEIL;1;0;0
Pontivy;48.06;-2.96;09/08/2026;05:00;16;0;SOLEIL;2;0;0
Pontivy;48.06;-2.96;09/08/2026;06:00;16;0;SOLEIL;2;0;0
Pontivy;48.06;-2.96;09/08/2026;07:00;16;0;SOLEIL;2;0;0
Pontivy;48.06;-2.96;09/08/2026;08:00;24.2;0;SOLEIL;2;0;0
Pontivy;48.06;-2.96;09/08/2026;09:00;24.2;0;SOLEIL;2;0;0
Pontivy;48.06;-2.96;09/08/2026;10:00;24.2;0;SOLEIL;2;0;0
Pontivy;48.06;-2.96;09/08/2026;11:00;28.1;0;SOLEIL;1;0;0
Pontivy;48.06;-2.96;09/08/2026;12:00;28.1;0;SOLEIL;1;0;0
Pontivy;48.06;-2.96;09/08/2026;13:00;28.1;0;SOLEIL;1;0;0
Pontivy;48.06;-2.96;09/08/2026;14:00;28.2;0;SOLEIL;3;0;0
Pontivy;48.06;-2.96;09/08/2026;15:00;28.2;0;SOLEIL;3;0;0
Pontivy;48.06;-2.96;09/08/2026;16:00;28.2;0;SOLEIL;3;0;0
Pontivy;48.06;-2.96;09/08/2026;17:00;26.2;0;SOLEIL;4;0;0
Pontivy;48.06;-2.96;09/08/2026;18:00;26.2;0;SOLEIL;4;0;0
Pontivy;48.06;-2.96;09/08/2026;19:00;26.2;0;SOLEIL;4;0;0
Pontivy;48.06;-2.96;09/08/2026;20:00;20.4;5;SOLEIL VOILÉ;5;0;0
Pontivy;48.06;-2.96;09/08/2026;21:00;18.3;5;SOLEIL VOILÉ;5;0;0
Pontivy;48.06;-2.96;09/08/2026;22:00;16.2;5;SOLEIL VOILÉ;5;0;0
Pontivy;48.06;-2.96;09/08/2026;23:00;16.6;0;SOLEIL;3;0;0
Pontivy;48.06;-2.96;10/08/2026;00:00;16.6;0;SOLEIL;3;0;0
Pontivy;48.06;-2.96;10/08/2026;01:00;16.6;0;SOLEIL;3;0;0
Pontivy;48.06;-2.96;10/08/2026;02:00;14.4;0;SOLEIL;5;0;0
Pontivy;48.06;-2.96;10/08/2026;03:00;14.4;0;SOLEIL;5;0;0
Pontivy;48.06;-2.96;10/08/2026;04:00;14.4;0;SOLEIL;5;0;0
Pontivy;48.06;-2.96;10/08/2026;05:00;16.6;0;SOLEIL;3;0;0
Pontivy;48.06;-2.96;10/08/2026;06:00;16.6;0;SOLEIL;3;0;0
Pontivy;48.06;-2.96;10/08/2026;07:00;16.6;0;SOLEIL;3;0;0
Pontivy;48.06;-2.96;10/08/2026;08:00;17.6;0;SOLEIL;5;0;0
Pontivy;48.06;-2.96;10/08/2026;09:00;19.3;0;SOLEIL;5;0;0
Pontivy;48.06;-2.96;10/08/2026;10:00;20.9;0;SOLEIL;5;0;0
Pontivy;48.06;-2.96;10/08/2026;11:00;26.6;0;SOLEIL;2;0;0
Pontivy;48.06;-2.96;10/08/2026;12:00;26.6;0;SOLEIL;2;0;0
Pontivy;48.06;-2.96;10/08/2026;13:00;26.6;0;SOLEIL;2;0;0
Pontivy;48.06;-2.96;10/08/2026;14:00;27.4;0;SOLEIL;5;0;0
Pontivy;48.06;-2.96;10/08/2026;15:00;29.0;0;SOLEIL;5;0;0
Pontivy;48.06;-2.96;10/08/2026;16:00;27.4;0;SOLEIL;5;0;0
Pontivy;48.06;-2.96;10/08/2026;17:00;25.5;0;SOLEIL;4;0;0
Pontivy;48.06;-2.96;10/08/2026;18:00;25.5;0;SOLEIL;4;0;0
Pontivy;48.06;-2.96;10/08/2026;19:00;25.5;0;SOLEIL;4;0;0
Pontivy;48.06;-2.96;10/08/2026;20:00;20.9;0;SOLEIL;5;0;0
Pontivy;48.06;-2.96;10/08/2026;21:00;19.3;0;SOLEIL;5;0;0
Pontivy;48.06;-2.96;10/08/2026;22:00;17.6;0;SOLEIL;5;0;0
Pontivy;48.06;-2.96;10/08/2026;23:00;16.5;0;SOLEIL;3;0;0
Pontivy;48.06;-2.96;11/08/2026;00:00;16.5;0;SOLEIL;3;0;0
Pontivy;48.06;-2.96;11/08/2026;01:00;16.5;0;SOLEIL;3;0;0
Pontivy;48.06;-2.96;11/08/2026;02:00;15.4;0;SOLEIL;5;0;0
Pontivy;48.06;-2.96;11/08/2026;03:00;15.4;0;SOLEIL;5;0;0
Pontivy;48.06;-2.96;11/08/2026;04:00;15.4;0;SOLEIL;5;0;0
Pontivy;48.06;-2.96;11/08/2026;05:00;16.6;0;SOLEIL;3;0;0
Pontivy;48.06;-2.96;11/08/2026;06:00;16.6;0;SOLEIL;3;0;0
Pontivy;48.06;-2.96;11/08/2026;07:00;16.6;0;SOLEIL;3;0;0
Pontivy;48.06;-2.96;11/08/2026;08:00;18.5;0;SOLEIL;5;0;0
Pontivy;48.06;-2.96;11/08/2026;09:00;20.0;0;SOLEIL;5;0;0
Pontivy;48.06;-2.96;11/08/2026;10:00;21.5;0;SOLEIL;5;0;0
Pontivy;48.06;-2.96;11/08/2026;11:00;29.5;0;SOLEIL;3;0;0
Pontivy;48.06;-2.96;11/08/2026;12:00;29.5;0;SOLEIL;3;0;0
Pontivy;48.06;-2.96;11/08/2026;13:00;29.5;0;SOLEIL;3;0;0
Pontivy;48.06;-2.96;11/08/2026;14:00;27.7;0;SOLEIL;5;0;0
Pontivy;48.06;-2.96;11/08/2026;15:00;29.2;0;SOLEIL;5;0;0
Pontivy;48.06;-2.96;11/08/2026;16:00;27.7;0;SOLEIL;5;0;0
Pontivy;48.06;-2.96;11/08/2026;17:00;30.1;0;SOLEIL;3;0;0
Pontivy;48.06;-2.96;11/08/2026;18:00;30.1;0;SOLEIL;3;0;0
Pontivy;48.06;-2.96;11/08/2026;19:00;30.1;0;SOLEIL;3;0;0
Pontivy;48.06;-2.96;11/08/2026;20:00;21.5;0;SOLEIL;5;0;0
Pontivy;48.06;-2.96;11/08/2026;21:00;20.0;0;SOLEIL;5;0;0
Pontivy;48.06;-2.96;11/08/2026;22:00;18.5;0;SOLEIL;5;0;0
Pontivy;48.06;-2.96;11/08/2026;23:00;22.1;0;SOLEIL;3;0;0
Pontivy;48.06;-2.96;12/08/2026;00:00;22.1;0;SOLEIL;3;0;0
Pontivy;48.06;-2.96;12/08/2026;01:00;22.1;0;SOLEIL;3;0;0
Pontivy;48.06;-2.96;12/08/2026;02:00;15.1;0;SOLEIL;5;0;0
Pontivy;48.06;-2.96;12/08/2026;03:00;15.1;0;SOLEIL;5;0;0
Pontivy;48.06;-2.96;12/08/2026;04:00;15.1;0;SOLEIL;5;0;0
Pontivy;48.06;-2.96;12/08/2026;05:00;20.5;0;SOLEIL;3;0;0
Pontivy;48.06;-2.96;12/08/2026;06:00;20.5;0;SOLEIL;3;0;0
Pontivy;48.06;-2.96;12/08/2026;07:00;20.5;0;SOLEIL;3;0;0
Pontivy;48.06;-2.96;12/08/2026;08:00;18.7;0;SOLEIL;5;0;0
Pontivy;48.06;-2.96;12/08/2026;09:00;20.6;0;SOLEIL;5;0;0
Pontivy;48.06;-2.96;12/08/2026;10:00;22.4;0;SOLEIL;5;0;0
Pontivy;48.06;-2.96;12/08/2026;11:00;32.1;0;SOLEIL;3;0;0
Pontivy;48.06;-2.96;12/08/2026;12:00;32.1;0;SOLEIL;3;0;0
Pontivy;48.06;-2.96;12/08/2026;13:00;32.1;0;SOLEIL;3;0;0
Pontivy;48.06;-2.96;12/08/2026;14:00;29.7;0;SOLEIL;5;0;0
Pontivy;48.06;-2.96;12/08/2026;15:00;31.5;0;SOLEIL;5;0;0
Pontivy;48.06;-2.96;12/08/2026;16:00;29.7;0;SOLEIL;5;0;0
Pontivy;48.06;-2.96;12/08/2026;17:00;32.1;0;SOLEIL;3;0;0
Pontivy;48.06;-2.96;12/08/2026;18:00;32.1;0;SOLEIL;3;0;0
Pontivy;48.06;-2.96;12/08/2026;19:00;32.1;0;SOLEIL;3;0;0
Pontivy;48.06;-2.96;12/08/2026;20:00;22.4;0;SOLEIL;5;0;0
Pontivy;48.06;-2.96;12/08/2026;21:00;20.6;0;SOLEIL;5;0;0
Pontivy;48.06;-2.96;12/08/2026;22:00;18.7;0;SOLEIL;5;0;0
Pontivy;48.06;-2.96;12/08/2026;23:00;21;0;SOLEIL;3;0;0
Vannes;47.65;-2.76;08/08/2026;00:00;17;5;SOLEIL VOILÉ;5;0;0
Vannes;47.65;-2.76;08/08/2026;01:00;17;5;SOLEIL VOILÉ;5;0;0
Vannes;47.65;-2.76;08/08/2026;02:00;16;5;SOLEIL VOILÉ;5;0;0
Vannes;47.65;-2.76;08/08/2026;03:00;16;5;SOLEIL VOILÉ;5;0;0
Vannes;47.65;-2.76;08/08/2026;04:00;16;5;SOLEIL VOILÉ;5;0;0
Vannes;47.65;-2.76;08/08/2026;05:00;16.6;5;SOLEIL VOILÉ;4;0;0
Vannes;47.65;-2.76;08/08/2026;06:00;16.6;5;SOLEIL VOILÉ;4;0;0
Vannes;47.65;-2.76;08/08/2026;07:00;16.6;5;SOLEIL VOILÉ;4;0;0
Vannes;47.65;-2.76;08/08/2026;08:00;25.2;5;SOLEIL VOILÉ;4;0;0
Vannes;47.65;-2.76;08/08/2026;09:00;25.2;5;SOLEIL VOILÉ;4;0;0
Vannes;47.65;-2.76;08/08/2026;10:00;25.2;5;SOLEIL VOILÉ;4;0;0
Vannes;47.65;-2.76;08/08/2026;11:00;29.6;5;SOLEIL VOILÉ;3;0;0
Vannes;47.65;-2.76;08/08/2026;12:00;29.6;5;SOLEIL VOILÉ;3;0;0
Vannes;47.65;-2.76;08/08/2026;13:00;29.6;5;SOLEIL VOILÉ;3;0;0
Vannes;47.65;-2.76;08/08/2026;14:00;30.9;0;SOLEIL;3;0;0
Vannes;47.65;-2.76;08/08/2026;15:00;30.9;0;SOLEIL;3;0;0
Vannes;47.65;-2.76;08/08/2026;16:00;30.9;0;SOLEIL;3;0;0
Vannes;47.65;-2.76;08/08/2026;17:00;27.6;0;SOLEIL;3;0;0
Vannes;47.65;-2.76;08/08/2026;18:00;27.6;0;SOLEIL;3;0;0
Vannes;47.65;-2.76;08/08/2026;19:00;27.6;0;SOLEIL;3;0;0
Vannes;47.65;-2.76;08/08/2026;20:00;21.1;0;SOLEIL;2;0;0
Vannes;47.65;-2.76;08/08/2026;21:00;21.1;0;SOLEIL;2;0;0
Vannes;47.65;-2.76;08/08/2026;22:00;21.1;0;SOLEIL;2;0;0
Vannes;47.65;-2.76;08/08/2026;23:00;18.5;0;SOLEIL;2;0;0
Vannes;47.65;-2.76;09/08/2026;00:00;18.5;0;SOLEIL;2;0;0
Vannes;47.65;-2.76;09/08/2026;01:00;18.5;0;SOLEIL;2;0;0
Vannes;47.65;-2.76;09/08/2026;02:00;16.6;0;SOLEIL;2;0;0
Vannes;47.65;-2.76;09/08/2026;03:00;16.6;0;SOLEIL;2;0;0
Vannes;47.65;-2.76;09/08/2026;04:00;16.6;0;SOLEIL;2;0;0
Vannes;47.65;-2.76;09/08/2026;05:00;17.2;0;SOLEIL;2;0;0
Vannes;47.65;-2.76;09/08/2026;06:00;17.2;0;SOLEIL;2;0;0
Vannes;47.65;-2.76;09/08/2026;07:00;17.2;0;SOLEIL;2;0;0
Vannes;47.65;-2.76;09/08/2026;08:00;24.1;0;SOLEIL;3;0;0
Vannes;47.65;-2.76;09/08/2026;09:00;24.1;0;SOLEIL;3;0;0
Vannes;47.65;-2.76;09/08/2026;10:00;24.1;0;SOLEIL;3;0;0
Vannes;47.65;-2.76;09/08/2026;11:00;26.7;0;SOLEIL;4;0;0
Vannes;47.65;-2.76;09/08/2026;12:00;26.7;0;SOLEIL;4;0;0
Vannes;47.65;-2.76;09/08/2026;13:00;26.7;0;SOLEIL;4;0;0
Vannes;47.65;-2.76;09/08/2026;14:00;27.6;0;SOLEIL;5;0;0
Vannes;47.65;-2.76;09/08/2026;15:00;27.6;0;SOLEIL;5;0;0
Vannes;47.65;-2.76;09/08/2026;16:00;27.6;0;SOLEIL;5;0;0
Vannes;47.65;-2.76;09/08/2026;17:00;24.6;0;SOLEIL;4;0;0
Vannes;47.65;-2.76;09/08/2026;18:00;24.6;0;SOLEIL;4;0;0
Vannes;47.65;-2.76;09/08/2026;19:00;24.6;0;SOLEIL;4;0;0
Vannes;47.65;-2.76;09/08/2026;20:00;22.1;5;SOLEIL VOILÉ;5;0;0
Vannes;47.65;-2.76;09/08/2026;21:00;20.2;5;SOLEIL VOILÉ;5;0;0
Vannes;47.65;-2.76;09/08/2026;22:00;18.4;5;SOLEIL VOILÉ;5;0;0
Vannes;47.65;-2.76;09/08/2026;23:00;18.9;0;SOLEIL;3;0;0
Vannes;47.65;-2.76;10/08/2026;00:00;18.9;0;SOLEIL;3;0;0
Vannes;47.65;-2.76;10/08/2026;01:00;18.9;0;SOLEIL;3;0;0
Vannes;47.65;-2.76;10/08/2026;02:00;16;0;SOLEIL;5;0;0
Vannes;47.65;-2.76;10/08/2026;03:00;16;0;SOLEIL;5;0;0
Vannes;47.65;-2.76;10/08/2026;04:00;16;0;SOLEIL;5;0;0
Vannes;47.65;-2.76;10/08/2026;05:00;18.6;0;SOLEIL;3;0;0
Vannes;47.65;-2.76;10/08/2026;06:00;18.6;0;SOLEIL;3;0;0
Vannes;47.65;-2.76;10/08/2026;07:00;18.6;0;SOLEIL;3;0;0
Vannes;47.65;-2.76;10/08/2026;08:00;19.0;0;SOLEIL;5;0;0
Vannes;47.65;-2.76;10/08/2026;09:00;20.5;0;SOLEIL;5;0;0
Vannes;47.65;-2.76;10/08/2026;10:00;22.0;0;SOLEIL;5;0;0
Vannes;47.65;-2.76;10/08/2026;11:00;28.2;0;SOLEIL;0;0;0
Vannes;47.65;-2.76;10/08/2026;12:00;28.2;0;SOLEIL;0;0;0
Vannes;47.65;-2.76;10/08/2026;13:00;28.2;0;SOLEIL;0;0;0
Vannes;47.65;-2.76;10/08/2026;14:00;28.0;0;SOLEIL;5;0;0
Vannes;47.65;-2.76;10/08/2026;15:00;29.5;0;SOLEIL;5;0;0
Vannes;47.65;-2.76;10/08/2026;16:00;28.0;0;SOLEIL;5;0;0
Vannes;47.65;-2.76;10/08/2026;17:00;28.6;0;SOLEIL;4;0;0
Vannes;47.65;-2.76;10/08/2026;18:00;28.6;0;SOLEIL;4;0;0
Vannes;47.65;-2.76;10/08/2026;19:00;28.6;0;SOLEIL;4;0;0
Vannes;47.65;-2.76;10/08/2026;20:00;22.0;0;SOLEIL;5;0;0
Vannes;47.65;-2.76;10/08/2026;21:00;20.5;0;SOLEIL;5;0;0
Vannes;47.65;-2.76;10/08/2026;22:00;19.0;0;SOLEIL;5;0;0
Vannes;47.65;-2.76;10/08/2026;23:00;19.2;0;SOLEIL;5;0;0
Vannes;47.65;-2.76;11/08/2026;00:00;19.2;0;SOLEIL;5;0;0
Vannes;47.65;-2.76;11/08/2026;01:00;19.2;0;SOLEIL;5;0;0
Vannes;47.65;-2.76;11/08/2026;02:00;17.5;0;SOLEIL;5;0;0
Vannes;47.65;-2.76;11/08/2026;03:00;17.5;0;SOLEIL;5;0;0
Vannes;47.65;-2.76;11/08/2026;04:00;17.5;0;SOLEIL;5;0;0
Vannes;47.65;-2.76;11/08/2026;05:00;19.6;0;SOLEIL;4;0;0
Vannes;47.65;-2.76;11/08/2026;06:00;19.6;0;SOLEIL;4;0;0
Vannes;47.65;-2.76;11/08/2026;07:00;19.6;0;SOLEIL;4;0;0
Vannes;47.65;-2.76;11/08/2026;08:00;20.5;0;SOLEIL;5;0;0
Vannes;47.65;-2.76;11/08/2026;09:00;22.0;0;SOLEIL;5;0;0
Vannes;47.65;-2.76;11/08/2026;10:00;23.5;0;SOLEIL;5;0;0
Vannes;47.65;-2.76;11/08/2026;11:00;32.1;0;SOLEIL;4;0;0
Vannes;47.65;-2.76;11/08/2026;12:00;32.1;0;SOLEIL;4;0;0
Vannes;47.65;-2.76;11/08/2026;13:00;32.1;0;SOLEIL;4;0;0
Vannes;47.65;-2.76;11/08/2026;14:00;29.4;0;SOLEIL;5;0;0
Vannes;47.65;-2.76;11/08/2026;15:00;30.9;0;SOLEIL;5;0;0
Vannes;47.65;-2.76;11/08/2026;16:00;29.4;0;SOLEIL;5;0;0
Vannes;47.65;-2.76;11/08/2026;17:00;33.1;0;SOLEIL;3;0;0
Vannes;47.65;-2.76;11/08/2026;18:00;33.1;0;SOLEIL;3;0;0
Vannes;47.65;-2.76;11/08/2026;19:00;33.1;0;SOLEIL;3;0;0
Vannes;47.65;-2.76;11/08/2026;20:00;23.5;0;SOLEIL;5;0;0
Vannes;47.65;-2.76;11/08/2026;21:00;22.0;0;SOLEIL;5;0;0
Vannes;47.65;-2.76;11/08/2026;22:00;20.5;0;SOLEIL;5;0;0
Vannes;47.65;-2.76;11/08/2026;23:00;25.1;0;SOLEIL;4;0;0
Vannes;47.65;-2.76;12/08/2026;00:00;25.1;0;SOLEIL;4;0;0
Vannes;47.65;-2.76;12/08/2026;01:00;25.1;0;SOLEIL;4;0;0
Vannes;47.65;-2.76;12/08/2026;02:00;17.9;0;SOLEIL;5;0;0
Vannes;47.65;-2.76;12/08/2026;03:00;17.9;0;SOLEIL;5;0;0
Vannes;47.65;-2.76;12/08/2026;04:00;17.9;0;SOLEIL;5;0;0
Vannes;47.65;-2.76;12/08/2026;05:00;22.7;0;SOLEIL;4;0;0
Vannes;47.65;-2.76;12/08/2026;06:00;22.7;0;SOLEIL;4;0;0
Vannes;47.65;-2.76;12/08/2026;07:00;22.7;0;SOLEIL;4;0;0
Vannes;47.65;-2.76;12/08/2026;08:00;21.7;0;SOLEIL;5;0;0
Vannes;47.65;-2.76;12/08/2026;09:00;23.7;0;SOLEIL;5;0;0
Vannes;47.65;-2.76;12/08/2026;10:00;25.6;0;SOLEIL;5;0;0
Vannes;47.65;-2.76;12/08/2026;11:00;32.6;0;SOLEIL;4;0;0
Vannes;47.65;-2.76;12/08/2026;12:00;32.6;0;SOLEIL;4;0;0
Vannes;47.65;-2.76;12/08/2026;13:00;32.6;0;SOLEIL;4;0;0
Vannes;47.65;-2.76;12/08/2026;14:00;33.3;0;SOLEIL;5;0;0
Vannes;47.65;-2.76;12/08/2026;15:00;35.2;0;SOLEIL;5;0;0
Vannes;47.65;-2.76;12/08/2026;16:00;33.3;0;SOLEIL;5;0;0
Vannes;47.65;-2.76;12/08/2026;17:00;31.6;0;SOLEIL;3;0;0
Vannes;47.65;-2.76;12/08/2026;18:00;31.6;0;SOLEIL;3;0;0
Vannes;47.65;-2.76;12/08/2026;19:00;31.6;0;SOLEIL;3;0;0
Vannes;47.65;-2.76;12/08/2026;20:00;25.6;0;SOLEIL;5;0;0
Vannes;47.65;-2.76;12/08/2026;21:00;23.7;0;SOLEIL;5;0;0
Vannes;47.65;-2.76;12/08/2026;22:00;21.7;0;SOLEIL;5;0;0
Vannes;47.65;-2.76;12/08/2026;23:00;22.5;0;SOLEIL;3;0;0
