Ville;Latitude;Longitude;Date;Heure;temperature_2m;weathercode;Temps_Label;windspeed_10m;wind_gusts_10m;precipitation
Paris;48.85;2.35;08/08/2026;00:00;20;0;SOLEIL;3;0;0
Paris;48.85;2.35;08/08/2026;01:00;20;0;SOLEIL;3;0;0
Paris;48.85;2.35;08/08/2026;02:00;18.5;0;SOLEIL;2;0;0
Paris;48.85;2.35;08/08/2026;03:00;18.5;0;SOLEIL;2;0;0
Paris;48.85;2.35;08/08/2026;04:00;18.5;0;SOLEIL;2;0;0
Paris;48.85;2.35;08/08/2026;05:00;17.6;0;SOLEIL;2;0;0
Paris;48.85;2.35;08/08/2026;06:00;17.6;0;SOLEIL;2;0;0
Paris;48.85;2.35;08/08/2026;07:00;17.6;0;SOLEIL;2;0;0
Paris;48.85;2.35;08/08/2026;08:00;23.7;5;SOLEIL VOILÉ;2;0;0
Paris;48.85;2.35;08/08/2026;09:00;23.7;5;SOLEIL VOILÉ;2;0;0
Paris;48.85;2.35;08/08/2026;10:00;23.7;5;SOLEIL VOILÉ;2;0;0
Paris;48.85;2.35;08/08/2026;11:00;27.6;0;SOLEIL;2;0;0
Paris;48.85;2.35;08/08/2026;12:00;27.6;0;SOLEIL;2;0;0
Paris;48.85;2.35;08/08/2026;13:00;27.6;0;SOLEIL;2;0;0
Paris;48.85;2.35;08/08/2026;14:00;29.6;5;SOLEIL VOILÉ;1;0;0
Paris;48.85;2.35;08/08/2026;15:00;29.6;5;SOLEIL VOILÉ;1;0;0
Paris;48.85;2.35;08/08/2026;16:00;29.6;5;SOLEIL VOILÉ;1;0;0
Paris;48.85;2.35;08/08/2026;17:00;29.4;0;SOLEIL;2;0;0
Paris;48.85;2.35;08/08/2026;18:00;29.4;0;SOLEIL;2;0;0
Paris;48.85;2.35;08/08/2026;19:00;29.4;0;SOLEIL;2;0;0
Paris;48.85;2.35;08/08/2026;20:00;25.2;0;SOLEIL;3;0;0
Paris;48.85;2.35;08/08/2026;21:00;25.2;0;SOLEIL;3;0;0
Paris;48.85;2.35;08/08/2026;22:00;25.2;0;SOLEIL;3;0;0
Paris;48.85;2.35;08/08/2026;23:00;23.2;0;SOLEIL;2;0;0
Paris;48.85;2.35;09/08/2026;00:00;23.2;0;SOLEIL;2;0;0
Paris;48.85;2.35;09/08/2026;01:00;23.2;0;SOLEIL;2;0;0
Paris;48.85;2.35;09/08/2026;02:00;21.6;5;SOLEIL VOILÉ;1;0;0
Paris;48.85;2.35;09/08/2026;03:00;21.6;5;SOLEIL VOILÉ;1;0;0
Paris;48.85;2.35;09/08/2026;04:00;21.6;5;SOLEIL VOILÉ;1;0;0
Paris;48.85;2.35;09/08/2026;05:00;21;5;SOLEIL VOILÉ;1;0;0
Paris;48.85;2.35;09/08/2026;06:00;21;5;SOLEIL VOILÉ;1;0;0
Paris;48.85;2.35;09/08/2026;07:00;21;5;SOLEIL VOILÉ;1;0;0
Paris;48.85;2.35;09/08/2026;08:00;27.5;0;SOLEIL;2;0;0
Paris;48.85;2.35;09/08/2026;09:00;27.5;0;SOLEIL;2;0;0
Paris;48.85;2.35;09/08/2026;10:00;27.5;0;SOLEIL;2;0;0
Paris;48.85;2.35;09/08/2026;11:00;31.5;5;SOLEIL VOILÉ;3;0;0
Paris;48.85;2.35;09/08/2026;12:00;31.5;5;SOLEIL VOILÉ;3;0;0
Paris;48.85;2.35;09/08/2026;13:00;31.5;5;SOLEIL VOILÉ;3;0;0
Paris;48.85;2.35;09/08/2026;14:00;31.7;0;SOLEIL;2;0;0
Paris;48.85;2.35;09/08/2026;15:00;31.7;0;SOLEIL;2;0;0
Paris;48.85;2.35;09/08/2026;16:00;31.7;0;SOLEIL;2;0;0
Paris;48.85;2.35;09/08/2026;17:00;29.9;0;SOLEIL;3;0;0
Paris;48.85;2.35;09/08/2026;18:00;29.9;0;SOLEIL;3;0;0
Paris;48.85;2.35;09/08/2026;19:00;29.9;0;SOLEIL;3;0;0
Paris;48.85;2.35;09/08/2026;20:00;23.1;0;SOLEIL;5;0;0
Paris;48.85;2.35;09/08/2026;21:00;21.6;0;SOLEIL;5;0;0
Paris;48.85;2.35;09/08/2026;22:00;20.1;0;SOLEIL;5;0;0
Paris;48.85;2.35;09/08/2026;23:00;24.1;0;SOLEIL;3;0;0
Paris;48.85;2.35;10/08/2026;00:00;24.1;0;SOLEIL;3;0;0
Paris;48.85;2.35;10/08/2026;01:00;24.1;0;SOLEIL;3;0;0
Paris;48.85;2.35;10/08/2026;02:00;20.1;2;NUAGEUX;5;0;0
Paris;48.85;2.35;10/08/2026;03:00;20.1;2;NUAGEUX;5;0;0
Paris;48.85;2.35;10/08/2026;04:00;20.1;2;NUAGEUX;5;0;0
Paris;48.85;2.35;10/08/2026;05:00;22;0;SOLEIL;2;0;0
Paris;48.85;2.35;10/08/2026;06:00;22;0;SOLEIL;2;0;0
Paris;48.85;2.35;10/08/2026;07:00;22;0;SOLEIL;2;0;0
Paris;48.85;2.35;10/08/2026;08:00;22.9;2;NUAGEUX;5;0;0
Paris;48.85;2.35;10/08/2026;09:00;24.3;2;NUAGEUX;5;0;0
Paris;48.85;2.35;10/08/2026;10:00;25.7;2;NUAGEUX;5;0;0
Paris;48.85;2.35;10/08/2026;11:00;28.1;0;SOLEIL;3;0;0
Paris;48.85;2.35;10/08/2026;12:00;28.1;0;SOLEIL;3;0;0
Paris;48.85;2.35;10/08/2026;13:00;28.1;0;SOLEIL;3;0;0
Paris;48.85;2.35;10/08/2026;14:00;31.2;2;NUAGEUX;5;0;0
Paris;48.85;2.35;10/08/2026;15:00;32.6;2;NUAGEUX;5;0;0
Paris;48.85;2.35;10/08/2026;16:00;31.2;2;NUAGEUX;5;0;0
Paris;48.85;2.35;10/08/2026;17:00;28.6;0;SOLEIL;4;0;0
Paris;48.85;2.35;10/08/2026;18:00;28.6;0;SOLEIL;4;0;0
Paris;48.85;2.35;10/08/2026;19:00;28.6;0;SOLEIL;4;0;0
Paris;48.85;2.35;10/08/2026;20:00;25.7;2;NUAGEUX;5;0;0
Paris;48.85;2.35;10/08/2026;21:00;24.3;2;NUAGEUX;5;0;0
Paris;48.85;2.35;10/08/2026;22:00;22.9;2;NUAGEUX;5;0;0
Paris;48.85;2.35;10/08/2026;23:00;22.2;0;SOLEIL;3;0;0
Paris;48.85;2.35;11/08/2026;00:00;22.2;0;SOLEIL;3;0;0
Paris;48.85;2.35;11/08/2026;01:00;22.2;0;SOLEIL;3;0;0
Paris;48.85;2.35;11/08/2026;02:00;21.5;0;SOLEIL;5;0;0
Paris;48.85;2.35;11/08/2026;03:00;21.5;0;SOLEIL;5;0;0
Paris;48.85;2.35;11/08/2026;04:00;21.5;0;SOLEIL;5;0;0
Paris;48.85;2.35;11/08/2026;05:00;20.1;0;SOLEIL;2;0;0
Paris;48.85;2.35;11/08/2026;06:00;20.1;0;SOLEIL;2;0;0
Paris;48.85;2.35;11/08/2026;07:00;20.1;0;SOLEIL;2;0;0
Paris;48.85;2.35;11/08/2026;08:00;23.5;0;SOLEIL;5;0;0
Paris;48.85;2.35;11/08/2026;09:00;24.5;0;SOLEIL;5;0;0
Paris;48.85;2.35;11/08/2026;10:00;25.5;0;SOLEIL;5;0;0
Paris;48.85;2.35;11/08/2026;11:00;27.7;0;SOLEIL;3;0;0
Paris;48.85;2.35;11/08/2026;12:00;27.7;0;SOLEIL;3;0;0
Paris;48.85;2.35;11/08/2026;13:00;27.7;0;SOLEIL;3;0;0
Paris;48.85;2.35;11/08/2026;14:00;29.4;0;SOLEIL;5;0;0
Paris;48.85;2.35;11/08/2026;15:00;30.4;0;SOLEIL;5;0;0
Paris;48.85;2.35;11/08/2026;16:00;29.4;0;SOLEIL;5;0;0
Paris;48.85;2.35;11/08/2026;17:00;29;0;SOLEIL;4;0;0
Paris;48.85;2.35;11/08/2026;18:00;29;0;SOLEIL;4;0;0
Paris;48.85;2.35;11/08/2026;19:00;29;0;SOLEIL;4;0;0
Paris;48.85;2.35;11/08/2026;20:00;25.5;0;SOLEIL;5;0;0
Paris;48.85;2.35;11/08/2026;21:00;24.5;0;SOLEIL;5;0;0
Paris;48.85;2.35;11/08/2026;22:00;23.5;0;SOLEIL;5;0;0
Paris;48.85;2.35;11/08/2026;23:00;23.1;0;SOLEIL;3;0;0
Paris;48.85;2.35;12/08/2026;00:00;23.1;0;SOLEIL;3;0;0
Paris;48.85;2.35;12/08/2026;01:00;23.1;0;SOLEIL;3;0;0
Paris;48.85;2.35;12/08/2026;02:00;19.6;0;SOLEIL;5;0;0
Paris;48.85;2.35;12/08/2026;03:00;19.6;0;SOLEIL;5;0;0
Paris;48.85;2.35;12/08/2026;04:00;19.6;0;SOLEIL;5;0;0
Paris;48.85;2.35;12/08/2026;05:00;21.6;0;SOLEIL;2;0;0
Paris;48.85;2.35;12/08/2026;06:00;21.6;0;SOLEIL;2;0;0
Paris;48.85;2.35;12/08/2026;07:00;21.6;0;SOLEIL;2;0;0
Paris;48.85;2.35;12/08/2026;08:00;22.0;0;SOLEIL;5;0;0
Paris;48.85;2.35;12/08/2026;09:00;23.3;0;SOLEIL;5;0;0
Paris;48.85;2.35;12/08/2026;10:00;24.5;0;SOLEIL;5;0;0
Paris;48.85;2.35;12/08/2026;11:00;30.4;0;SOLEIL;2;0;0
Paris;48.85;2.35;12/08/2026;12:00;30.4;0;SOLEIL;2;0;0
Paris;48.85;2.35;12/08/2026;13:00;30.4;0;SOLEIL;2;0;0
Paris;48.85;2.35;12/08/2026;14:00;29.4;0;SOLEIL;5;0;0
Paris;48.85;2.35;12/08/2026;15:00;30.6;0;SOLEIL;5;0;0
Paris;48.85;2.35;12/08/2026;16:00;29.4;0;SOLEIL;5;0;0
Paris;48.85;2.35;12/08/2026;17:00;31.5;0;SOLEIL;2;0;0
Paris;48.85;2.35;12/08/2026;18:00;31.5;0;SOLEIL;2;0;0
Paris;48.85;2.35;12/08/2026;19:00;31.5;0;SOLEIL;2;0;0
Paris;48.85;2.35;12/08/2026;20:00;24.5;0;SOLEIL;5;0;0
Paris;48.85;2.35;12/08/2026;21:00;23.3;0;SOLEIL;5;0;0
Paris;48.85;2.35;12/08/2026;22:00;22.0;0;SOLEIL;5;0;0
Paris;48.85;2.35;12/08/2026;23:00;26.4;0;SOLEIL;2;0;0
Chelles;48.88;2.59;08/08/2026;00:00;16.6;0;SOLEIL;2;0;0
Chelles;48.88;2.59;08/08/2026;01:00;16.6;0;SOLEIL;2;0;0
Chelles;48.88;2.59;08/08/2026;02:00;14.5;0;SOLEIL;2;0;0
Chelles;48.88;2.59;08/08/2026;03:00;14.5;0;SOLEIL;2;0;0
Chelles;48.88;2.59;08/08/2026;04:00;14.5;0;SOLEIL;2;0;0
Chelles;48.88;2.59;08/08/2026;05:00;16.4;0;SOLEIL;2;0;0
Chelles;48.88;2.59;08/08/2026;06:00;16.4;0;SOLEIL;2;0;0
Chelles;48.88;2.59;08/08/2026;07:00;16.4;0;SOLEIL;2;0;0
Chelles;48.88;2.59;08/08/2026;08:00;23.6;0;SOLEIL;2;0;0
Chelles;48.88;2.59;08/08/2026;09:00;23.6;0;SOLEIL;2;0;0
Chelles;48.88;2.59;08/08/2026;10:00;23.6;0;SOLEIL;2;0;0
Chelles;48.88;2.59;08/08/2026;11:00;29.1;0;SOLEIL;2;0;0
Chelles;48.88;2.59;08/08/2026;12:00;29.1;0;SOLEIL;2;0;0
Chelles;48.88;2.59;08/08/2026;13:00;29.1;0;SOLEIL;2;0;0
Chelles;48.88;2.59;08/08/2026;14:00;31.6;5;SOLEIL VOILÉ;2;0;0
Chelles;48.88;2.59;08/08/2026;15:00;31.6;5;SOLEIL VOILÉ;2;0;0
Chelles;48.88;2.59;08/08/2026;16:00;31.6;5;SOLEIL VOILÉ;2;0;0
Chelles;48.88;2.59;08/08/2026;17:00;29.9;0;SOLEIL;2;0;0
Chelles;48.88;2.59;08/08/2026;18:00;29.9;0;SOLEIL;2;0;0
Chelles;48.88;2.59;08/08/2026;19:00;29.9;0;SOLEIL;2;0;0
Chelles;48.88;2.59;08/08/2026;20:00;21.7;0;SOLEIL;2;0;0
Chelles;48.88;2.59;08/08/2026;21:00;21.7;0;SOLEIL;2;0;0
Chelles;48.88;2.59;08/08/2026;22:00;21.7;0;SOLEIL;2;0;0
Chelles;48.88;2.59;08/08/2026;23:00;19.4;0;SOLEIL;2;0;0
Chelles;48.88;2.59;09/08/2026;00:00;19.4;0;SOLEIL;2;0;0
Chelles;48.88;2.59;09/08/2026;01:00;19.4;0;SOLEIL;2;0;0
Chelles;48.88;2.59;09/08/2026;02:00;17.6;5;SOLEIL VOILÉ;2;0;0
Chelles;48.88;2.59;09/08/2026;03:00;17.6;5;SOLEIL VOILÉ;2;0;0
Chelles;48.88;2.59;09/08/2026;04:00;17.6;5;SOLEIL VOILÉ;2;0;0
Chelles;48.88;2.59;09/08/2026;05:00;19.1;5;SOLEIL VOILÉ;1;0;0
Chelles;48.88;2.59;09/08/2026;06:00;19.1;5;SOLEIL VOILÉ;1;0;0
Chelles;48.88;2.59;09/08/2026;07:00;19.1;5;SOLEIL VOILÉ;1;0;0
Chelles;48.88;2.59;09/08/2026;08:00;27.6;5;SOLEIL VOILÉ;2;0;0
Chelles;48.88;2.59;09/08/2026;09:00;27.6;5;SOLEIL VOILÉ;2;0;0
Chelles;48.88;2.59;09/08/2026;10:00;27.6;5;SOLEIL VOILÉ;2;0;0
Chelles;48.88;2.59;09/08/2026;11:00;31.7;5;SOLEIL VOILÉ;3;0;0
Chelles;48.88;2.59;09/08/2026;12:00;31.7;5;SOLEIL VOILÉ;3;0;0
Chelles;48.88;2.59;09/08/2026;13:00;31.7;5;SOLEIL VOILÉ;3;0;0
Chelles;48.88;2.59;09/08/2026;14:00;32.6;0;SOLEIL;2;0;0
Chelles;48.88;2.59;09/08/2026;15:00;32.6;0;SOLEIL;2;0;0
Chelles;48.88;2.59;09/08/2026;16:00;32.6;0;SOLEIL;2;0;0
Chelles;48.88;2.59;09/08/2026;17:00;30.1;0;SOLEIL;3;0;0
Chelles;48.88;2.59;09/08/2026;18:00;30.1;0;SOLEIL;3;0;0
Chelles;48.88;2.59;09/08/2026;19:00;30.1;0;SOLEIL;3;0;0
Chelles;48.88;2.59;09/08/2026;20:00;21.5;0;SOLEIL;5;0;0
Chelles;48.88;2.59;09/08/2026;21:00;19.4;0;SOLEIL;5;0;0
Chelles;48.88;2.59;09/08/2026;22:00;17.4;0;SOLEIL;5;0;0
Chelles;48.88;2.59;09/08/2026;23:00;22;0;SOLEIL;2;0;0
Chelles;48.88;2.59;10/08/2026;00:00;22;0;SOLEIL;2;0;0
Chelles;48.88;2.59;10/08/2026;01:00;22;0;SOLEIL;2;0;0
Chelles;48.88;2.59;10/08/2026;02:00;17;5;SOLEIL VOILÉ;5;0;0
Chelles;48.88;2.59;10/08/2026;03:00;17;5;SOLEIL VOILÉ;5;0;0
Chelles;48.88;2.59;10/08/2026;04:00;17;5;SOLEIL VOILÉ;5;0;0
Chelles;48.88;2.59;10/08/2026;05:00;19.6;0;SOLEIL;2;0;0
Chelles;48.88;2.59;10/08/2026;06:00;19.6;0;SOLEIL;2;0;0
Chelles;48.88;2.59;10/08/2026;07:00;19.6;0;SOLEIL;2;0;0
Chelles;48.88;2.59;10/08/2026;08:00;20.6;5;SOLEIL VOILÉ;5;0;0
Chelles;48.88;2.59;10/08/2026;09:00;22.4;5;SOLEIL VOILÉ;5;0;0
Chelles;48.88;2.59;10/08/2026;10:00;24.2;5;SOLEIL VOILÉ;5;0;0
Chelles;48.88;2.59;10/08/2026;11:00;29.7;0;SOLEIL;3;0;0
Chelles;48.88;2.59;10/08/2026;12:00;29.7;0;SOLEIL;3;0;0
Chelles;48.88;2.59;10/08/2026;13:00;29.7;0;SOLEIL;3;0;0
Chelles;48.88;2.59;10/08/2026;14:00;31.3;5;SOLEIL VOILÉ;5;0;0
Chelles;48.88;2.59;10/08/2026;15:00;33.1;5;SOLEIL VOILÉ;5;0;0
Chelles;48.88;2.59;10/08/2026;16:00;31.3;5;SOLEIL VOILÉ;5;0;0
Chelles;48.88;2.59;10/08/2026;17:00;28.2;0;SOLEIL;4;0;0
Chelles;48.88;2.59;10/08/2026;18:00;28.2;0;SOLEIL;4;0;0
Chelles;48.88;2.59;10/08/2026;19:00;28.2;0;SOLEIL;4;0;0
Chelles;48.88;2.59;10/08/2026;20:00;24.2;5;SOLEIL VOILÉ;5;0;0
Chelles;48.88;2.59;10/08/2026;21:00;22.4;5;SOLEIL VOILÉ;5;0;0
Chelles;48.88;2.59;10/08/2026;22:00;20.6;5;SOLEIL VOILÉ;5;0;0
Chelles;48.88;2.59;10/08/2026;23:00;18.1;0;SOLEIL;3;0;0
Chelles;48.88;2.59;11/08/2026;00:00;18.1;0;SOLEIL;3;0;0
Chelles;48.88;2.59;11/08/2026;01:00;18.1;0;SOLEIL;3;0;0
Chelles;48.88;2.59;11/08/2026;02:00;18;0;SOLEIL;5;0;0
Chelles;48.88;2.59;11/08/2026;03:00;18;0;SOLEIL;5;0;0
Chelles;48.88;2.59;11/08/2026;04:00;18;0;SOLEIL;5;0;0
Chelles;48.88;2.59;11/08/2026;05:00;17.5;0;SOLEIL;3;0;0
Chelles;48.88;2.59;11/08/2026;06:00;17.5;0;SOLEIL;3;0;0
Chelles;48.88;2.59;11/08/2026;07:00;17.5;0;SOLEIL;3;0;0
Chelles;48.88;2.59;11/08/2026;08:00;21.0;0;SOLEIL;5;0;0
Chelles;48.88;2.59;11/08/2026;09:00;22.5;0;SOLEIL;5;0;0
Chelles;48.88;2.59;11/08/2026;10:00;24.0;0;SOLEIL;5;0;0
Chelles;48.88;2.59;11/08/2026;11:00;29;0;SOLEIL;3;0;0
Chelles;48.88;2.59;11/08/2026;12:00;29;0;SOLEIL;3;0;0
Chelles;48.88;2.59;11/08/2026;13:00;29;0;SOLEIL;3;0;0
Chelles;48.88;2.59;11/08/2026;14:00;30.1;0;SOLEIL;5;0;0
Chelles;48.88;2.59;11/08/2026;15:00;31.6;0;SOLEIL;5;0;0
Chelles;48.88;2.59;11/08/2026;16:00;30.1;0;SOLEIL;5;0;0
Chelles;48.88;2.59;11/08/2026;17:00;28.2;0;SOLEIL;4;0;0
Chelles;48.88;2.59;11/08/2026;18:00;28.2;0;SOLEIL;4;0;0
Chelles;48.88;2.59;11/08/2026;19:00;28.2;0;SOLEIL;4;0;0
Chelles;48.88;2.59;11/08/2026;20:00;24.0;0;SOLEIL;5;0;0
Chelles;48.88;2.59;11/08/2026;21:00;22.5;0;SOLEIL;5;0;0
Chelles;48.88;2.59;11/08/2026;22:00;21.0;0;SOLEIL;5;0;0
Chelles;48.88;2.59;11/08/2026;23:00;18.4;0;SOLEIL;4;0;0
Chelles;48.88;2.59;12/08/2026;00:00;18.4;0;SOLEIL;4;0;0
Chelles;48.88;2.59;12/08/2026;01:00;18.4;0;SOLEIL;4;0;0
Chelles;48.88;2.59;12/08/2026;02:00;15.9;0;SOLEIL;5;0;0
Chelles;48.88;2.59;12/08/2026;03:00;15.9;0;SOLEIL;5;0;0
Chelles;48.88;2.59;12/08/2026;04:00;15.9;0;SOLEIL;5;0;0
Chelles;48.88;2.59;12/08/2026;05:00;18.7;0;SOLEIL;3;0;0
Chelles;48.88;2.59;12/08/2026;06:00;18.7;0;SOLEIL;3;0;0
Chelles;48.88;2.59;12/08/2026;07:00;18.7;0;SOLEIL;3;0;0
Chelles;48.88;2.59;12/08/2026;08:00;19.4;0;SOLEIL;5;0;0
Chelles;48.88;2.59;12/08/2026;09:00;21.1;0;SOLEIL;5;0;0
Chelles;48.88;2.59;12/08/2026;10:00;22.8;0;SOLEIL;5;0;0
Chelles;48.88;2.59;12/08/2026;11:00;32.6;0;SOLEIL;2;0;0
Chelles;48.88;2.59;12/08/2026;12:00;32.6;0;SOLEIL;2;0;0
Chelles;48.88;2.59;12/08/2026;13:00;32.6;0;SOLEIL;2;0;0
Chelles;48.88;2.59;12/08/2026;14:00;29.8;0;SOLEIL;5;0;0
Chelles;48.88;2.59;12/08/2026;15:00;31.5;0;SOLEIL;5;0;0
Chelles;48.88;2.59;12/08/2026;16:00;29.8;0;SOLEIL;5;0;0
Chelles;48.88;2.59;12/08/2026;17:00;32.1;0;SOLEIL;2;0;0
Chelles;48.88;2.59;12/08/2026;18:00;32.1;0;SOLEIL;2;0;0
Chelles;48.88;2.59;12/08/2026;19:00;32.1;0;SOLEIL;2;0;0
Chelles;48.88;2.59;12/08/2026;20:00;22.8;0;SOLEIL;5;0;0
Chelles;48.88;2.59;12/08/2026;21:00;21.1;0;SOLEIL;5;0;0
Chelles;48.88;2.59;12/08/2026;22:00;19.4;0;SOLEIL;5;0;0
Chelles;48.88;2.59;12/08/2026;23:00;22;0;SOLEIL;3;0;0
Coulommiers;48.81;3.08;08/08/2026;00:00;15.5;0;SOLEIL;3;0;0
Coulommiers;48.81;3.08;08/08/2026;01:00;15.5;0;SOLEIL;3;0;0
Coulommiers;48.81;3.08;08/08/2026;02:00;13.6;0;SOLEIL;3;0;0
Coulommiers;48.81;3.08;08/08/2026;03:00;13.6;0;SOLEIL;3;0;0
Coulommiers;48.81;3.08;08/08/2026;04:00;13.6;0;SOLEIL;3;0;0
Coulommiers;48.81;3.08;08/08/2026;05:00;15.7;0;SOLEIL;3;0;0
Coulommiers;48.81;3.08;08/08/2026;06:00;15.7;0;SOLEIL;3;0;0
Coulommiers;48.81;3.08;08/08/2026;07:00;15.7;0;SOLEIL;3;0;0
Coulommiers;48.81;3.08;08/08/2026;08:00;23.6;0;SOLEIL;2;0;0
Coulommiers;48.81;3.08;08/08/2026;09:00;23.6;0;SOLEIL;2;0;0
Coulommiers;48.81;3.08;08/08/2026;10:00;23.6;0;SOLEIL;2;0;0
Coulommiers;48.81;3.08;08/08/2026;11:00;28.2;0;SOLEIL;2;0;0
Coulommiers;48.81;3.08;08/08/2026;12:00;28.2;0;SOLEIL;2;0;0
Coulommiers;48.81;3.08;08/08/2026;13:00;28.2;0;SOLEIL;2;0;0
Coulommiers;48.81;3.08;08/08/2026;14:00;30.6;0;SOLEIL;1;0;0
Coulommiers;48.81;3.08;08/08/2026;15:00;30.6;0;SOLEIL;1;0;0
Coulommiers;48.81;3.08;08/08/2026;16:00;30.6;0;SOLEIL;1;0;0
Coulommiers;48.81;3.08;08/08/2026;17:00;29.1;0;SOLEIL;1;0;0
Coulommiers;48.81;3.08;08/08/2026;18:00;29.1;0;SOLEIL;1;0;0
Coulommiers;48.81;3.08;08/08/2026;19:00;29.1;0;SOLEIL;1;0;0
Coulommiers;48.81;3.08;08/08/2026;20:00;20.6;0;SOLEIL;2;0;0
Coulommiers;48.81;3.08;08/08/2026;21:00;20.6;0;SOLEIL;2;0;0
Coulommiers;48.81;3.08;08/08/2026;22:00;20.6;0;SOLEIL;2;0;0
Coulommiers;48.81;3.08;08/08/2026;23:00;17.9;0;SOLEIL;2;0;0
Coulommiers;48.81;3.08;09/08/2026;00:00;17.9;0;SOLEIL;2;0;0
Coulommiers;48.81;3.08;09/08/2026;01:00;17.9;0;SOLEIL;2;0;0
Coulommiers;48.81;3.08;09/08/2026;02:00;16.5;5;SOLEIL VOILÉ;2;0;0
Coulommiers;48.81;3.08;09/08/2026;03:00;16.5;5;SOLEIL VOILÉ;2;0;0
Coulommiers;48.81;3.08;09/08/2026;04:00;16.5;5;SOLEIL VOILÉ;2;0;0
Coulommiers;48.81;3.08;09/08/2026;05:00;18.2;5;SOLEIL VOILÉ;2;0;0
Coulommiers;48.81;3.08;09/08/2026;06:00;18.2;5;SOLEIL VOILÉ;2;0;0
Coulommiers;48.81;3.08;09/08/2026;07:00;18.2;5;SOLEIL VOILÉ;2;0;0
Coulommiers;48.81;3.08;09/08/2026;08:00;27;5;SOLEIL VOILÉ;2;0;0
Coulommiers;48.81;3.08;09/08/2026;09:00;27;5;SOLEIL VOILÉ;2;0;0
Coulommiers;48.81;3.08;09/08/2026;10:00;27;5;SOLEIL VOILÉ;2;0;0
Coulommiers;48.81;3.08;09/08/2026;11:00;31.1;5;SOLEIL VOILÉ;3;0;0
Coulommiers;48.81;3.08;09/08/2026;12:00;31.1;5;SOLEIL VOILÉ;3;0;0
Coulommiers;48.81;3.08;09/08/2026;13:00;31.1;5;SOLEIL VOILÉ;3;0;0
Coulommiers;48.81;3.08;09/08/2026;14:00;31.9;0;SOLEIL;3;0;0
Coulommiers;48.81;3.08;09/08/2026;15:00;31.9;0;SOLEIL;3;0;0
Coulommiers;48.81;3.08;09/08/2026;16:00;31.9;0;SOLEIL;3;0;0
Coulommiers;48.81;3.08;09/08/2026;17:00;29.6;0;SOLEIL;3;0;0
Coulommiers;48.81;3.08;09/08/2026;18:00;29.6;0;SOLEIL;3;0;0
Coulommiers;48.81;3.08;09/08/2026;19:00;29.6;0;SOLEIL;3;0;0
Coulommiers;48.81;3.08;09/08/2026;20:00;20.8;0;SOLEIL;5;0;0
Coulommiers;48.81;3.08;09/08/2026;21:00;18.8;0;SOLEIL;5;0;0
Coulommiers;48.81;3.08;09/08/2026;22:00;16.7;0;SOLEIL;5;0;0
Coulommiers;48.81;3.08;09/08/2026;23:00;19.7;0;SOLEIL;3;0;0
Coulommiers;48.81;3.08;10/08/2026;00:00;19.7;0;SOLEIL;3;0;0
Coulommiers;48.81;3.08;10/08/2026;01:00;19.7;0;SOLEIL;3;0;0
Coulommiers;48.81;3.08;10/08/2026;02:00;16;5;SOLEIL VOILÉ;5;0;0
Coulommiers;48.81;3.08;10/08/2026;03:00;16;5;SOLEIL VOILÉ;5;0;0
Coulommiers;48.81;3.08;10/08/2026;04:00;16;5;SOLEIL VOILÉ;5;0;0
Coulommiers;48.81;3.08;10/08/2026;05:00;19.2;0;SOLEIL;2;0;0
Coulommiers;48.81;3.08;10/08/2026;06:00;19.2;0;SOLEIL;2;0;0
Coulommiers;48.81;3.08;10/08/2026;07:00;19.2;0;SOLEIL;2;0;0
Coulommiers;48.81;3.08;10/08/2026;08:00;19.7;5;SOLEIL VOILÉ;5;0;0
Coulommiers;48.81;3.08;10/08/2026;09:00;21.5;5;SOLEIL VOILÉ;5;0;0
Coulommiers;48.81;3.08;10/08/2026;10:00;23.3;5;SOLEIL VOILÉ;5;0;0
Coulommiers;48.81;3.08;10/08/2026;11:00;29.7;0;SOLEIL;3;0;0
Coulommiers;48.81;3.08;10/08/2026;12:00;29.7;0;SOLEIL;3;0;0
Coulommiers;48.81;3.08;10/08/2026;13:00;29.7;0;SOLEIL;3;0;0
Coulommiers;48.81;3.08;10/08/2026;14:00;30.7;5;SOLEIL VOILÉ;5;0;0
Coulommiers;48.81;3.08;10/08/2026;15:00;32.5;5;SOLEIL VOILÉ;5;0;0
Coulommiers;48.81;3.08;10/08/2026;16:00;30.7;5;SOLEIL VOILÉ;5;0;0
Coulommiers;48.81;3.08;10/08/2026;17:00;29.1;0;SOLEIL;3;0;0
Coulommiers;48.81;3.08;10/08/2026;18:00;29.1;0;SOLEIL;3;0;0
Coulommiers;48.81;3.08;10/08/2026;19:00;29.1;0;SOLEIL;3;0;0
Coulommiers;48.81;3.08;10/08/2026;20:00;23.3;5;SOLEIL VOILÉ;5;0;0
Coulommiers;48.81;3.08;10/08/2026;21:00;21.5;5;SOLEIL VOILÉ;5;0;0
Coulommiers;48.81;3.08;10/08/2026;22:00;19.7;5;SOLEIL VOILÉ;5;0;0
Coulommiers;48.81;3.08;10/08/2026;23:00;18.6;0;SOLEIL;3;0;0
Coulommiers;48.81;3.08;11/08/2026;00:00;18.6;0;SOLEIL;3;0;0
Coulommiers;48.81;3.08;11/08/2026;01:00;18.6;0;SOLEIL;3;0;0
Coulommiers;48.81;3.08;11/08/2026;02:00;17.6;0;SOLEIL;5;0;0
Coulommiers;48.81;3.08;11/08/2026;03:00;17.6;0;SOLEIL;5;0;0
Coulommiers;48.81;3.08;11/08/2026;04:00;17.6;0;SOLEIL;5;0;0
Coulommiers;48.81;3.08;11/08/2026;05:00;17.6;0;SOLEIL;3;0;0
Coulommiers;48.81;3.08;11/08/2026;06:00;17.6;0;SOLEIL;3;0;0
Coulommiers;48.81;3.08;11/08/2026;07:00;17.6;0;SOLEIL;3;0;0
Coulommiers;48.81;3.08;11/08/2026;08:00;20.8;0;SOLEIL;5;0;0
Coulommiers;48.81;3.08;11/08/2026;09:00;22.4;0;SOLEIL;5;0;0
Coulommiers;48.81;3.08;11/08/2026;10:00;24.0;0;SOLEIL;5;0;0
Coulommiers;48.81;3.08;11/08/2026;11:00;28.7;0;SOLEIL;3;0;0
Coulommiers;48.81;3.08;11/08/2026;12:00;28.7;0;SOLEIL;3;0;0
Coulommiers;48.81;3.08;11/08/2026;13:00;28.7;0;SOLEIL;3;0;0
Coulommiers;48.81;3.08;11/08/2026;14:00;30.4;0;SOLEIL;5;0;0
Coulommiers;48.81;3.08;11/08/2026;15:00;32.0;0;SOLEIL;5;0;0
Coulommiers;48.81;3.08;11/08/2026;16:00;30.4;0;SOLEIL;5;0;0
Coulommiers;48.81;3.08;11/08/2026;17:00;28.6;0;SOLEIL;4;0;0
Coulommiers;48.81;3.08;11/08/2026;18:00;28.6;0;SOLEIL;4;0;0
Coulommiers;48.81;3.08;11/08/2026;19:00;28.6;0;SOLEIL;4;0;0
Coulommiers;48.81;3.08;11/08/2026;20:00;24.0;0;SOLEIL;5;0;0
Coulommiers;48.81;3.08;11/08/2026;21:00;22.4;0;SOLEIL;5;0;0
Coulommiers;48.81;3.08;11/08/2026;22:00;20.8;0;SOLEIL;5;0;0
Coulommiers;48.81;3.08;11/08/2026;23:00;18.6;0;SOLEIL;4;0;0
Coulommiers;48.81;3.08;12/08/2026;00:00;18.6;0;SOLEIL;4;0;0
Coulommiers;48.81;3.08;12/08/2026;01:00;18.6;0;SOLEIL;4;0;0
Coulommiers;48.81;3.08;12/08/2026;02:00;16;0;SOLEIL;5;0;0
Coulommiers;48.81;3.08;12/08/2026;03:00;16;0;SOLEIL;5;0;0
Coulommiers;48.81;3.08;12/08/2026;04:00;16;0;SOLEIL;5;0;0
Coulommiers;48.81;3.08;12/08/2026;05:00;19.1;0;SOLEIL;3;0;0
Coulommiers;48.81;3.08;12/08/2026;06:00;19.1;0;SOLEIL;3;0;0
Coulommiers;48.81;3.08;12/08/2026;07:00;19.1;0;SOLEIL;3;0;0
Coulommiers;48.81;3.08;12/08/2026;08:00;19.5;0;SOLEIL;5;0;0
Coulommiers;48.81;3.08;12/08/2026;09:00;21.2;0;SOLEIL;5;0;0
Coulommiers;48.81;3.08;12/08/2026;10:00;22.9;0;SOLEIL;5;0;0
Coulommiers;48.81;3.08;12/08/2026;11:00;32.1;0;SOLEIL;3;0;0
Coulommiers;48.81;3.08;12/08/2026;12:00;32.1;0;SOLEIL;3;0;0
Coulommiers;48.81;3.08;12/08/2026;13:00;32.1;0;SOLEIL;3;0;0
Coulommiers;48.81;3.08;12/08/2026;14:00;29.9;0;SOLEIL;5;0;0
Coulommiers;48.81;3.08;12/08/2026;15:00;31.6;0;SOLEIL;5;0;0
Coulommiers;48.81;3.08;12/08/2026;16:00;29.9;0;SOLEIL;5;0;0
Coulommiers;48.81;3.08;12/08/2026;17:00;31.5;0;SOLEIL;2;0;0
Coulommiers;48.81;3.08;12/08/2026;18:00;31.5;0;SOLEIL;2;0;0
Coulommiers;48.81;3.08;12/08/2026;19:00;31.5;0;SOLEIL;2;0;0
Coulommiers;48.81;3.08;12/08/2026;20:00;22.9;0;SOLEIL;5;0;0
Coulommiers;48.81;3.08;12/08/2026;21:00;21.2;0;SOLEIL;5;0;0
Coulommiers;48.81;3.08;12/08/2026;22:00;19.5;0;SOLEIL;5;0;0
Coulommiers;48.81;3.08;12/08/2026;23:00;20.9;0;SOLEIL;3;0;0
Fontainebleau;48.41;2.7;08/08/2026;00:00;14.1;0;SOLEIL;2;0;0
Fontainebleau;48.41;2.7;08/08/2026;01:00;14.1;0;SOLEIL;2;0;0
Fontainebleau;48.41;2.7;08/08/2026;02:00;10.4;0;SOLEIL;2;0;0
Fontainebleau;48.41;2.7;08/08/2026;03:00;10.4;0;SOLEIL;2;0;0
Fontainebleau;48.41;2.7;08/08/2026;04:00;10.4;0;SOLEIL;2;0;0
Fontainebleau;48.41;2.7;08/08/2026;05:00;13.9;0;SOLEIL;2;0;0
Fontainebleau;48.41;2.7;08/08/2026;06:00;13.9;0;SOLEIL;2;0;0
Fontainebleau;48.41;2.7;08/08/2026;07:00;13.9;0;SOLEIL;2;0;0
Fontainebleau;48.41;2.7;08/08/2026;08:00;24.4;0;SOLEIL;2;0;0
Fontainebleau;48.41;2.7;08/08/2026;09:00;24.4;0;SOLEIL;2;0;0
Fontainebleau;48.41;2.7;08/08/2026;10:00;24.4;0;SOLEIL;2;0;0
Fontainebleau;48.41;2.7;08/08/2026;11:00;29.5;0;SOLEIL;2;0;0
Fontainebleau;48.41;2.7;08/08/2026;12:00;29.5;0;SOLEIL;2;0;0
Fontainebleau;48.41;2.7;08/08/2026;13:00;29.5;0;SOLEIL;2;0;0
Fontainebleau;48.41;2.7;08/08/2026;14:00;31.9;0;SOLEIL;2;0;0
Fontainebleau;48.41;2.7;08/08/2026;15:00;31.9;0;SOLEIL;2;0;0
Fontainebleau;48.41;2.7;08/08/2026;16:00;31.9;0;SOLEIL;2;0;0
Fontainebleau;48.41;2.7;08/08/2026;17:00;30.9;0;SOLEIL;2;0;0
Fontainebleau;48.41;2.7;08/08/2026;18:00;30.9;0;SOLEIL;2;0;0
Fontainebleau;48.41;2.7;08/08/2026;19:00;30.9;0;SOLEIL;2;0;0
Fontainebleau;48.41;2.7;08/08/2026;20:00;19.5;0;SOLEIL;2;0;0
Fontainebleau;48.41;2.7;08/08/2026;21:00;19.5;0;SOLEIL;2;0;0
Fontainebleau;48.41;2.7;08/08/2026;22:00;19.5;0;SOLEIL;2;0;0
Fontainebleau;48.41;2.7;08/08/2026;23:00;15.4;0;SOLEIL;2;0;0
Fontainebleau;48.41;2.7;09/08/2026;00:00;15.4;0;SOLEIL;2;0;0
Fontainebleau;48.41;2.7;09/08/2026;01:00;15.4;0;SOLEIL;2;0;0
Fontainebleau;48.41;2.7;09/08/2026;02:00;13.4;5;SOLEIL VOILÉ;2;0;0
Fontainebleau;48.41;2.7;09/08/2026;03:00;13.4;5;SOLEIL VOILÉ;2;0;0
Fontainebleau;48.41;2.7;09/08/2026;04:00;13.4;5;SOLEIL VOILÉ;2;0;0
Fontainebleau;48.41;2.7;09/08/2026;05:00;17.1;5;SOLEIL VOILÉ;2;0;0
Fontainebleau;48.41;2.7;09/08/2026;06:00;17.1;5;SOLEIL VOILÉ;2;0;0
Fontainebleau;48.41;2.7;09/08/2026;07:00;17.1;5;SOLEIL VOILÉ;2;0;0
Fontainebleau;48.41;2.7;09/08/2026;08:00;28.5;5;SOLEIL VOILÉ;0;0;0
Fontainebleau;48.41;2.7;09/08/2026;09:00;28.5;5;SOLEIL VOILÉ;0;0;0
Fontainebleau;48.41;2.7;09/08/2026;10:00;28.5;5;SOLEIL VOILÉ;0;0;0
Fontainebleau;48.41;2.7;09/08/2026;11:00;30.4;5;SOLEIL VOILÉ;3;0;0
Fontainebleau;48.41;2.7;09/08/2026;12:00;30.4;5;SOLEIL VOILÉ;3;0;0
Fontainebleau;48.41;2.7;09/08/2026;13:00;30.4;5;SOLEIL VOILÉ;3;0;0
Fontainebleau;48.41;2.7;09/08/2026;14:00;32.5;0;SOLEIL;2;0;0
Fontainebleau;48.41;2.7;09/08/2026;15:00;32.5;0;SOLEIL;2;0;0
Fontainebleau;48.41;2.7;09/08/2026;16:00;32.5;0;SOLEIL;2;0;0
Fontainebleau;48.41;2.7;09/08/2026;17:00;30.5;0;SOLEIL;1;0;0
Fontainebleau;48.41;2.7;09/08/2026;18:00;30.5;0;SOLEIL;1;0;0
Fontainebleau;48.41;2.7;09/08/2026;19:00;30.5;0;SOLEIL;1;0;0
Fontainebleau;48.41;2.7;09/08/2026;20:00;20.0;0;SOLEIL;5;0;0
Fontainebleau;48.41;2.7;09/08/2026;21:00;17.4;0;SOLEIL;5;0;0
Fontainebleau;48.41;2.7;09/08/2026;22:00;14.8;0;SOLEIL;5;0;0
Fontainebleau;48.41;2.7;09/08/2026;23:00;18.9;0;SOLEIL;3;0;0
Fontainebleau;48.41;2.7;10/08/2026;00:00;18.9;0;SOLEIL;3;0;0
Fontainebleau;48.41;2.7;10/08/2026;01:00;18.9;0;SOLEIL;3;0;0
Fontainebleau;48.41;2.7;10/08/2026;02:00;12.9;5;SOLEIL VOILÉ;5;0;0
Fontainebleau;48.41;2.7;10/08/2026;03:00;12.9;5;SOLEIL VOILÉ;5;0;0
Fontainebleau;48.41;2.7;10/08/2026;04:00;12.9;5;SOLEIL VOILÉ;5;0;0
Fontainebleau;48.41;2.7;10/08/2026;05:00;19;0;SOLEIL;2;0;0
Fontainebleau;48.41;2.7;10/08/2026;06:00;19;0;SOLEIL;2;0;0
Fontainebleau;48.41;2.7;10/08/2026;07:00;19;0;SOLEIL;2;0;0
Fontainebleau;48.41;2.7;10/08/2026;08:00;17.5;5;SOLEIL VOILÉ;5;0;0
Fontainebleau;48.41;2.7;10/08/2026;09:00;19.8;5;SOLEIL VOILÉ;5;0;0
Fontainebleau;48.41;2.7;10/08/2026;10:00;22.1;5;SOLEIL VOILÉ;5;0;0
Fontainebleau;48.41;2.7;10/08/2026;11:00;30.6;0;SOLEIL;3;0;0
Fontainebleau;48.41;2.7;10/08/2026;12:00;30.6;0;SOLEIL;3;0;0
Fontainebleau;48.41;2.7;10/08/2026;13:00;30.6;0;SOLEIL;3;0;0
Fontainebleau;48.41;2.7;10/08/2026;14:00;31.2;5;SOLEIL VOILÉ;5;0;0
Fontainebleau;48.41;2.7;10/08/2026;15:00;33.5;5;SOLEIL VOILÉ;5;0;0
Fontainebleau;48.41;2.7;10/08/2026;16:00;31.2;5;SOLEIL VOILÉ;5;0;0
Fontainebleau;48.41;2.7;10/08/2026;17:00;29.4;0;SOLEIL;3;0;0
Fontainebleau;48.41;2.7;10/08/2026;18:00;29.4;0;SOLEIL;3;0;0
Fontainebleau;48.41;2.7;10/08/2026;19:00;29.4;0;SOLEIL;3;0;0
Fontainebleau;48.41;2.7;10/08/2026;20:00;22.1;5;SOLEIL VOILÉ;5;0;0
Fontainebleau;48.41;2.7;10/08/2026;21:00;19.8;5;SOLEIL VOILÉ;5;0;0
Fontainebleau;48.41;2.7;10/08/2026;22:00;17.5;5;SOLEIL VOILÉ;5;0;0
Fontainebleau;48.41;2.7;10/08/2026;23:00;18.6;0;SOLEIL;3;0;0
Fontainebleau;48.41;2.7;11/08/2026;00:00;18.6;0;SOLEIL;3;0;0
Fontainebleau;48.41;2.7;11/08/2026;01:00;18.6;0;SOLEIL;3;0;0
Fontainebleau;48.41;2.7;11/08/2026;02:00;16.6;0;SOLEIL;5;0;0
Fontainebleau;48.41;2.7;11/08/2026;03:00;16.6;0;SOLEIL;5;0;0
Fontainebleau;48.41;2.7;11/08/2026;04:00;16.6;0;SOLEIL;5;0;0
Fontainebleau;48.41;2.7;11/08/2026;05:00;17.1;0;SOLEIL;3;0;0
Fontainebleau;48.41;2.7;11/08/2026;06:00;17.1;0;SOLEIL;3;0;0
Fontainebleau;48.41;2.7;11/08/2026;07:00;17.1;0;SOLEIL;3;0;0
Fontainebleau;48.41;2.7;11/08/2026;08:00;20.2;0;SOLEIL;5;0;0
Fontainebleau;48.41;2.7;11/08/2026;09:00;21.9;0;SOLEIL;5;0;0
Fontainebleau;48.41;2.7;11/08/2026;10:00;23.7;0;SOLEIL;5;0;0
Fontainebleau;48.41;2.7;11/08/2026;11:00;29.6;0;SOLEIL;3;0;0
Fontainebleau;48.41;2.7;11/08/2026;12:00;29.6;0;SOLEIL;3;0;0
Fontainebleau;48.41;2.7;11/08/2026;13:00;29.6;0;SOLEIL;3;0;0
Fontainebleau;48.41;2.7;11/08/2026;14:00;30.8;0;SOLEIL;5;0;0
Fontainebleau;48.41;2.7;11/08/2026;15:00;32.6;0;SOLEIL;5;0;0
Fontainebleau;48.41;2.7;11/08/2026;16:00;30.8;0;SOLEIL;5;0;0
Fontainebleau;48.41;2.7;11/08/2026;17:00;29.1;0;SOLEIL;3;0;0
Fontainebleau;48.41;2.7;11/08/2026;18:00;29.1;0;SOLEIL;3;0;0
Fontainebleau;48.41;2.7;11/08/2026;19:00;29.1;0;SOLEIL;3;0;0
Fontainebleau;48.41;2.7;11/08/2026;20:00;23.7;0;SOLEIL;5;0;0
Fontainebleau;48.41;2.7;11/08/2026;21:00;21.9;0;SOLEIL;5;0;0
Fontainebleau;48.41;2.7;11/08/2026;22:00;20.2;0;SOLEIL;5;0;0
Fontainebleau;48.41;2.7;11/08/2026;23:00;17.6;0;SOLEIL;4;0;0
Fontainebleau;48.41;2.7;12/08/2026;00:00;17.6;0;SOLEIL;4;0;0
Fontainebleau;48.41;2.7;12/08/2026;01:00;17.6;0;SOLEIL;4;0;0
Fontainebleau;48.41;2.7;12/08/2026;02:00;15.6;0;SOLEIL;5;0;0
Fontainebleau;48.41;2.7;12/08/2026;03:00;15.6;0;SOLEIL;5;0;0
Fontainebleau;48.41;2.7;12/08/2026;04:00;15.6;0;SOLEIL;5;0;0
Fontainebleau;48.41;2.7;12/08/2026;05:00;18.5;0;SOLEIL;3;0;0
Fontainebleau;48.41;2.7;12/08/2026;06:00;18.5;0;SOLEIL;3;0;0
Fontainebleau;48.41;2.7;12/08/2026;07:00;18.5;0;SOLEIL;3;0;0
Fontainebleau;48.41;2.7;12/08/2026;08:00;19.2;0;SOLEIL;5;0;0
Fontainebleau;48.41;2.7;12/08/2026;09:00;21.1;0;SOLEIL;5;0;0
Fontainebleau;48.41;2.7;12/08/2026;10:00;22.9;0;SOLEIL;5;0;0
Fontainebleau;48.41;2.7;12/08/2026;11:00;33;0;SOLEIL;3;0;0
Fontainebleau;48.41;2.7;12/08/2026;12:00;33;0;SOLEIL;3;0;0
Fontainebleau;48.41;2.7;12/08/2026;13:00;33;0;SOLEIL;3;0;0
Fontainebleau;48.41;2.7;12/08/2026;14:00;30.2;0;SOLEIL;5;0;0
Fontainebleau;48.41;2.7;12/08/2026;15:00;32.0;0;SOLEIL;5;0;0
Fontainebleau;48.41;2.7;12/08/2026;16:00;30.2;0;SOLEIL;5;0;0
Fontainebleau;48.41;2.7;12/08/2026;17:00;31.6;0;SOLEIL;2;0;0
Fontainebleau;48.41;2.7;12/08/2026;18:00;31.6;0;SOLEIL;2;0;0
Fontainebleau;48.41;2.7;12/08/2026;19:00;31.6;0;SOLEIL;2;0;0
Fontainebleau;48.41;2.7;12/08/2026;20:00;22.9;0;SOLEIL;5;0;0
Fontainebleau;48.41;2.7;12/08/2026;21:00;21.1;0;SOLEIL;5;0;0
Fontainebleau;48.41;2.7;12/08/2026;22:00;19.2;0;SOLEIL;5;0;0
Fontainebleau;48.41;2.7;12/08/2026;23:00;20.2;0;SOLEIL;3;0;0
La Ferté-Gaucher;48.78;3.3;08/08/2026;00:00;13.6;0;SOLEIL;3;0;0
La Ferté-Gaucher;48.78;3.3;08/08/2026;01:00;13.6;0;SOLEIL;3;0;0
La Ferté-Gaucher;48.78;3.3;08/08/2026;02:00;11.7;0;SOLEIL;4;0;0
La Ferté-Gaucher;48.78;3.3;08/08/2026;03:00;11.7;0;SOLEIL;4;0;0
La Ferté-Gaucher;48.78;3.3;08/08/2026;04:00;11.7;0;SOLEIL;4;0;0
La Ferté-Gaucher;48.78;3.3;08/08/2026;05:00;15.1;0;SOLEIL;3;0;0
La Ferté-Gaucher;48.78;3.3;08/08/2026;06:00;15.1;0;SOLEIL;3;0;0
La Ferté-Gaucher;48.78;3.3;08/08/2026;07:00;15.1;0;SOLEIL;3;0;0
La Ferté-Gaucher;48.78;3.3;08/08/2026;08:00;24;0;SOLEIL;3;0;0
La Ferté-Gaucher;48.78;3.3;08/08/2026;09:00;24;0;SOLEIL;3;0;0
La Ferté-Gaucher;48.78;3.3;08/08/2026;10:00;24;0;SOLEIL;3;0;0
La Ferté-Gaucher;48.78;3.3;08/08/2026;11:00;28.1;0;SOLEIL;2;0;0
La Ferté-Gaucher;48.78;3.3;08/08/2026;12:00;28.1;0;SOLEIL;2;0;0
La Ferté-Gaucher;48.78;3.3;08/08/2026;13:00;28.1;0;SOLEIL;2;0;0
La Ferté-Gaucher;48.78;3.3;08/08/2026;14:00;30.1;0;SOLEIL;1;0;0
La Ferté-Gaucher;48.78;3.3;08/08/2026;15:00;30.1;0;SOLEIL;1;0;0
La Ferté-Gaucher;48.78;3.3;08/08/2026;16:00;30.1;0;SOLEIL;1;0;0
La Ferté-Gaucher;48.78;3.3;08/08/2026;17:00;28.7;0;SOLEIL;2;0;0
La Ferté-Gaucher;48.78;3.3;08/08/2026;18:00;28.7;0;SOLEIL;2;0;0
La Ferté-Gaucher;48.78;3.3;08/08/2026;19:00;28.7;0;SOLEIL;2;0;0
La Ferté-Gaucher;48.78;3.3;08/08/2026;20:00;20.1;0;SOLEIL;1;0;0
La Ferté-Gaucher;48.78;3.3;08/08/2026;21:00;20.1;0;SOLEIL;1;0;0
La Ferté-Gaucher;48.78;3.3;08/08/2026;22:00;20.1;0;SOLEIL;1;0;0
La Ferté-Gaucher;48.78;3.3;08/08/2026;23:00;17;0;SOLEIL;2;0;0
La Ferté-Gaucher;48.78;3.3;09/08/2026;00:00;17;0;SOLEIL;2;0;0
La Ferté-Gaucher;48.78;3.3;09/08/2026;01:00;17;0;SOLEIL;2;0;0
La Ferté-Gaucher;48.78;3.3;09/08/2026;02:00;15.4;5;SOLEIL VOILÉ;2;0;0
La Ferté-Gaucher;48.78;3.3;09/08/2026;03:00;15.4;5;SOLEIL VOILÉ;2;0;0
La Ferté-Gaucher;48.78;3.3;09/08/2026;04:00;15.4;5;SOLEIL VOILÉ;2;0;0
La Ferté-Gaucher;48.78;3.3;09/08/2026;05:00;18.1;5;SOLEIL VOILÉ;2;0;0
La Ferté-Gaucher;48.78;3.3;09/08/2026;06:00;18.1;5;SOLEIL VOILÉ;2;0;0
La Ferté-Gaucher;48.78;3.3;09/08/2026;07:00;18.1;5;SOLEIL VOILÉ;2;0;0
La Ferté-Gaucher;48.78;3.3;09/08/2026;08:00;27.4;5;SOLEIL VOILÉ;2;0;0
La Ferté-Gaucher;48.78;3.3;09/08/2026;09:00;27.4;5;SOLEIL VOILÉ;2;0;0
La Ferté-Gaucher;48.78;3.3;09/08/2026;10:00;27.4;5;SOLEIL VOILÉ;2;0;0
La Ferté-Gaucher;48.78;3.3;09/08/2026;11:00;31.7;5;SOLEIL VOILÉ;3;0;0
La Ferté-Gaucher;48.78;3.3;09/08/2026;12:00;31.7;5;SOLEIL VOILÉ;3;0;0
La Ferté-Gaucher;48.78;3.3;09/08/2026;13:00;31.7;5;SOLEIL VOILÉ;3;0;0
La Ferté-Gaucher;48.78;3.3;09/08/2026;14:00;31.9;0;SOLEIL;3;0;0
La Ferté-Gaucher;48.78;3.3;09/08/2026;15:00;31.9;0;SOLEIL;3;0;0
La Ferté-Gaucher;48.78;3.3;09/08/2026;16:00;31.9;0;SOLEIL;3;0;0
La Ferté-Gaucher;48.78;3.3;09/08/2026;17:00;29.1;0;SOLEIL;3;0;0
La Ferté-Gaucher;48.78;3.3;09/08/2026;18:00;29.1;0;SOLEIL;3;0;0
La Ferté-Gaucher;48.78;3.3;09/08/2026;19:00;29.1;0;SOLEIL;3;0;0
La Ferté-Gaucher;48.78;3.3;09/08/2026;20:00;19.8;0;SOLEIL;5;0;0
La Ferté-Gaucher;48.78;3.3;09/08/2026;21:00;17.7;0;SOLEIL;5;0;0
La Ferté-Gaucher;48.78;3.3;09/08/2026;22:00;15.5;0;SOLEIL;5;0;0
La Ferté-Gaucher;48.78;3.3;09/08/2026;23:00;19.1;0;SOLEIL;3;0;0
La Ferté-Gaucher;48.78;3.3;10/08/2026;00:00;19.1;0;SOLEIL;3;0;0
La Ferté-Gaucher;48.78;3.3;10/08/2026;01:00;19.1;0;SOLEIL;3;0;0
La Ferté-Gaucher;48.78;3.3;10/08/2026;02:00;15;5;SOLEIL VOILÉ;5;0;0
La Ferté-Gaucher;48.78;3.3;10/08/2026;03:00;15;5;SOLEIL VOILÉ;5;0;0
La Ferté-Gaucher;48.78;3.3;10/08/2026;04:00;15;5;SOLEIL VOILÉ;5;0;0
La Ferté-Gaucher;48.78;3.3;10/08/2026;05:00;19.1;0;SOLEIL;2;0;0
La Ferté-Gaucher;48.78;3.3;10/08/2026;06:00;19.1;0;SOLEIL;2;0;0
La Ferté-Gaucher;48.78;3.3;10/08/2026;07:00;19.1;0;SOLEIL;2;0;0
La Ferté-Gaucher;48.78;3.3;10/08/2026;08:00;18.9;5;SOLEIL VOILÉ;5;0;0
La Ferté-Gaucher;48.78;3.3;10/08/2026;09:00;20.8;5;SOLEIL VOILÉ;5;0;0
La Ferté-Gaucher;48.78;3.3;10/08/2026;10:00;22.8;5;SOLEIL VOILÉ;5;0;0
La Ferté-Gaucher;48.78;3.3;10/08/2026;11:00;29.6;0;SOLEIL;3;0;0
La Ferté-Gaucher;48.78;3.3;10/08/2026;12:00;29.6;0;SOLEIL;3;0;0
La Ferté-Gaucher;48.78;3.3;10/08/2026;13:00;29.6;0;SOLEIL;3;0;0
La Ferté-Gaucher;48.78;3.3;10/08/2026;14:00;30.6;5;SOLEIL VOILÉ;5;0;0
La Ferté-Gaucher;48.78;3.3;10/08/2026;15:00;32.5;5;SOLEIL VOILÉ;5;0;0
La Ferté-Gaucher;48.78;3.3;10/08/2026;16:00;30.6;5;SOLEIL VOILÉ;5;0;0
La Ferté-Gaucher;48.78;3.3;10/08/2026;17:00;28.5;0;SOLEIL;3;0;0
La Ferté-Gaucher;48.78;3.3;10/08/2026;18:00;28.5;0;SOLEIL;3;0;0
La Ferté-Gaucher;48.78;3.3;10/08/2026;19:00;28.5;0;SOLEIL;3;0;0
La Ferté-Gaucher;48.78;3.3;10/08/2026;20:00;22.8;5;SOLEIL VOILÉ;5;0;0
La Ferté-Gaucher;48.78;3.3;10/08/2026;21:00;20.8;5;SOLEIL VOILÉ;5;0;0
La Ferté-Gaucher;48.78;3.3;10/08/2026;22:00;18.9;5;SOLEIL VOILÉ;5;0;0
La Ferté-Gaucher;48.78;3.3;10/08/2026;23:00;17.7;0;SOLEIL;3;0;0
La Ferté-Gaucher;48.78;3.3;11/08/2026;00:00;17.7;0;SOLEIL;3;0;0
La Ferté-Gaucher;48.78;3.3;11/08/2026;01:00;17.7;0;SOLEIL;3;0;0
La Ferté-Gaucher;48.78;3.3;11/08/2026;02:00;17.2;0;SOLEIL;5;0;0
La Ferté-Gaucher;48.78;3.3;11/08/2026;03:00;17.2;0;SOLEIL;5;0;0
La Ferté-Gaucher;48.78;3.3;11/08/2026;04:00;17.2;0;SOLEIL;5;0;0
La Ferté-Gaucher;48.78;3.3;11/08/2026;05:00;17.6;0;SOLEIL;3;0;0
La Ferté-Gaucher;48.78;3.3;11/08/2026;06:00;17.6;0;SOLEIL;3;0;0
La Ferté-Gaucher;48.78;3.3;11/08/2026;07:00;17.6;0;SOLEIL;3;0;0
La Ferté-Gaucher;48.78;3.3;11/08/2026;08:00;20.4;0;SOLEIL;5;0;0
La Ferté-Gaucher;48.78;3.3;11/08/2026;09:00;22.0;0;SOLEIL;5;0;0
La Ferté-Gaucher;48.78;3.3;11/08/2026;10:00;23.6;0;SOLEIL;5;0;0
La Ferté-Gaucher;48.78;3.3;11/08/2026;11:00;28.6;0;SOLEIL;3;0;0
La Ferté-Gaucher;48.78;3.3;11/08/2026;12:00;28.6;0;SOLEIL;3;0;0
La Ferté-Gaucher;48.78;3.3;11/08/2026;13:00;28.6;0;SOLEIL;3;0;0
La Ferté-Gaucher;48.78;3.3;11/08/2026;14:00;30.0;0;SOLEIL;5;0;0
La Ferté-Gaucher;48.78;3.3;11/08/2026;15:00;31.6;0;SOLEIL;5;0;0
La Ferté-Gaucher;48.78;3.3;11/08/2026;16:00;30.0;0;SOLEIL;5;0;0
La Ferté-Gaucher;48.78;3.3;11/08/2026;17:00;27.9;0;SOLEIL;4;0;0
La Ferté-Gaucher;48.78;3.3;11/08/2026;18:00;27.9;0;SOLEIL;4;0;0
La Ferté-Gaucher;48.78;3.3;11/08/2026;19:00;27.9;0;SOLEIL;4;0;0
La Ferté-Gaucher;48.78;3.3;11/08/2026;20:00;23.6;0;SOLEIL;5;0;0
La Ferté-Gaucher;48.78;3.3;11/08/2026;21:00;22.0;0;SOLEIL;5;0;0
La Ferté-Gaucher;48.78;3.3;11/08/2026;22:00;20.4;0;SOLEIL;5;0;0
La Ferté-Gaucher;48.78;3.3;11/08/2026;23:00;17.9;0;SOLEIL;4;0;0
La Ferté-Gaucher;48.78;3.3;12/08/2026;00:00;17.9;0;SOLEIL;4;0;0
La Ferté-Gaucher;48.78;3.3;12/08/2026;01:00;17.9;0;SOLEIL;4;0;0
La Ferté-Gaucher;48.78;3.3;12/08/2026;02:00;15.1;0;SOLEIL;5;0;0
La Ferté-Gaucher;48.78;3.3;12/08/2026;03:00;15.1;0;SOLEIL;5;0;0
La Ferté-Gaucher;48.78;3.3;12/08/2026;04:00;15.1;0;SOLEIL;5;0;0
La Ferté-Gaucher;48.78;3.3;12/08/2026;05:00;18.6;0;SOLEIL;4;0;0
La Ferté-Gaucher;48.78;3.3;12/08/2026;06:00;18.6;0;SOLEIL;4;0;0
La Ferté-Gaucher;48.78;3.3;12/08/2026;07:00;18.6;0;SOLEIL;4;0;0
La Ferté-Gaucher;48.78;3.3;12/08/2026;08:00;18.5;0;SOLEIL;5;0;0
La Ferté-Gaucher;48.78;3.3;12/08/2026;09:00;20.3;0;SOLEIL;5;0;0
La Ferté-Gaucher;48.78;3.3;12/08/2026;10:00;22.0;0;SOLEIL;5;0;0
La Ferté-Gaucher;48.78;3.3;12/08/2026;11:00;31.7;0;SOLEIL;3;0;0
La Ferté-Gaucher;48.78;3.3;12/08/2026;12:00;31.7;0;SOLEIL;3;0;0
La Ferté-Gaucher;48.78;3.3;12/08/2026;13:00;31.7;0;SOLEIL;3;0;0
La Ferté-Gaucher;48.78;3.3;12/08/2026;14:00;28.9;0;SOLEIL;5;0;0
La Ferté-Gaucher;48.78;3.3;12/08/2026;15:00;30.6;0;SOLEIL;5;0;0
La Ferté-Gaucher;48.78;3.3;12/08/2026;16:00;28.9;0;SOLEIL;5;0;0
La Ferté-Gaucher;48.78;3.3;12/08/2026;17:00;30.6;0;SOLEIL;2;0;0
La Ferté-Gaucher;48.78;3.3;12/08/2026;18:00;30.6;0;SOLEIL;2;0;0
La Ferté-Gaucher;48.78;3.3;12/08/2026;19:00;30.6;0;SOLEIL;2;0;0
La Ferté-Gaucher;48.78;3.3;12/08/2026;20:00;22.0;0;SOLEIL;5;0;0
La Ferté-Gaucher;48.78;3.3;12/08/2026;21:00;20.3;0;SOLEIL;5;0;0
La Ferté-Gaucher;48.78;3.3;12/08/2026;22:00;18.5;0;SOLEIL;5;0;0
La Ferté-Gaucher;48.78;3.3;12/08/2026;23:00;20.6;0;SOLEIL;3;0;0
Meaux;48.96;2.89;08/08/2026;00:00;15.6;0;SOLEIL;2;0;0
Meaux;48.96;2.89;08/08/2026;01:00;15.6;0;SOLEIL;2;0;0
Meaux;48.96;2.89;08/08/2026;02:00;13.6;0;SOLEIL;3;0;0
Meaux;48.96;2.89;08/08/2026;03:00;13.6;0;SOLEIL;3;0;0
Meaux;48.96;2.89;08/08/2026;04:00;13.6;0;SOLEIL;3;0;0
Meaux;48.96;2.89;08/08/2026;05:00;15.9;0;SOLEIL;3;0;0
Meaux;48.96;2.89;08/08/2026;06:00;15.9;0;SOLEIL;3;0;0
Meaux;48.96;2.89;08/08/2026;07:00;15.9;0;SOLEIL;3;0;0
Meaux;48.96;2.89;08/08/2026;08:00;23.7;0;SOLEIL;2;0;0
Meaux;48.96;2.89;08/08/2026;09:00;23.7;0;SOLEIL;2;0;0
Meaux;48.96;2.89;08/08/2026;10:00;23.7;0;SOLEIL;2;0;0
Meaux;48.96;2.89;08/08/2026;11:00;28.6;0;SOLEIL;2;0;0
Meaux;48.96;2.89;08/08/2026;12:00;28.6;0;SOLEIL;2;0;0
Meaux;48.96;2.89;08/08/2026;13:00;28.6;0;SOLEIL;2;0;0
Meaux;48.96;2.89;08/08/2026;14:00;31.1;5;SOLEIL VOILÉ;1;0;0
Meaux;48.96;2.89;08/08/2026;15:00;31.1;5;SOLEIL VOILÉ;1;0;0
Meaux;48.96;2.89;08/08/2026;16:00;31.1;5;SOLEIL VOILÉ;1;0;0
Meaux;48.96;2.89;08/08/2026;17:00;30;0;SOLEIL;1;0;0
Meaux;48.96;2.89;08/08/2026;18:00;30;0;SOLEIL;1;0;0
Meaux;48.96;2.89;08/08/2026;19:00;30;0;SOLEIL;1;0;0
Meaux;48.96;2.89;08/08/2026;20:00;21.7;0;SOLEIL;2;0;0
Meaux;48.96;2.89;08/08/2026;21:00;21.7;0;SOLEIL;2;0;0
Meaux;48.96;2.89;08/08/2026;22:00;21.7;0;SOLEIL;2;0;0
Meaux;48.96;2.89;08/08/2026;23:00;19.2;0;SOLEIL;2;0;0
Meaux;48.96;2.89;09/08/2026;00:00;19.2;0;SOLEIL;2;0;0
Meaux;48.96;2.89;09/08/2026;01:00;19.2;0;SOLEIL;2;0;0
Meaux;48.96;2.89;09/08/2026;02:00;17;5;SOLEIL VOILÉ;0;0;0
Meaux;48.96;2.89;09/08/2026;03:00;17;5;SOLEIL VOILÉ;0;0;0
Meaux;48.96;2.89;09/08/2026;04:00;17;5;SOLEIL VOILÉ;0;0;0
Meaux;48.96;2.89;09/08/2026;05:00;18.7;5;SOLEIL VOILÉ;1;0;0
Meaux;48.96;2.89;09/08/2026;06:00;18.7;5;SOLEIL VOILÉ;1;0;0
Meaux;48.96;2.89;09/08/2026;07:00;18.7;5;SOLEIL VOILÉ;1;0;0
Meaux;48.96;2.89;09/08/2026;08:00;27.9;5;SOLEIL VOILÉ;2;0;0
Meaux;48.96;2.89;09/08/2026;09:00;27.9;5;SOLEIL VOILÉ;2;0;0
Meaux;48.96;2.89;09/08/2026;10:00;27.9;5;SOLEIL VOILÉ;2;0;0
Meaux;48.96;2.89;09/08/2026;11:00;31.5;5;SOLEIL VOILÉ;2;0;0
Meaux;48.96;2.89;09/08/2026;12:00;31.5;5;SOLEIL VOILÉ;2;0;0
Meaux;48.96;2.89;09/08/2026;13:00;31.5;5;SOLEIL VOILÉ;2;0;0
Meaux;48.96;2.89;09/08/2026;14:00;32.9;0;SOLEIL;3;0;0
Meaux;48.96;2.89;09/08/2026;15:00;32.9;0;SOLEIL;3;0;0
Meaux;48.96;2.89;09/08/2026;16:00;32.9;0;SOLEIL;3;0;0
Meaux;48.96;2.89;09/08/2026;17:00;30.2;0;SOLEIL;3;0;0
Meaux;48.96;2.89;09/08/2026;18:00;30.2;0;SOLEIL;3;0;0
Meaux;48.96;2.89;09/08/2026;19:00;30.2;0;SOLEIL;3;0;0
Meaux;48.96;2.89;09/08/2026;20:00;21.2;0;SOLEIL;5;0;0
Meaux;48.96;2.89;09/08/2026;21:00;19.1;0;SOLEIL;5;0;0
Meaux;48.96;2.89;09/08/2026;22:00;16.9;0;SOLEIL;5;0;0
Meaux;48.96;2.89;09/08/2026;23:00;21;0;SOLEIL;2;0;0
Meaux;48.96;2.89;10/08/2026;00:00;21;0;SOLEIL;2;0;0
Meaux;48.96;2.89;10/08/2026;01:00;21;0;SOLEIL;2;0;0
Meaux;48.96;2.89;10/08/2026;02:00;16.5;5;SOLEIL VOILÉ;5;0;0
Meaux;48.96;2.89;10/08/2026;03:00;16.5;5;SOLEIL VOILÉ;5;0;0
Meaux;48.96;2.89;10/08/2026;04:00;16.5;5;SOLEIL VOILÉ;5;0;0
Meaux;48.96;2.89;10/08/2026;05:00;20.2;0;SOLEIL;2;0;0
Meaux;48.96;2.89;10/08/2026;06:00;20.2;0;SOLEIL;2;0;0
Meaux;48.96;2.89;10/08/2026;07:00;20.2;0;SOLEIL;2;0;0
Meaux;48.96;2.89;10/08/2026;08:00;20.3;5;SOLEIL VOILÉ;5;0;0
Meaux;48.96;2.89;10/08/2026;09:00;22.2;5;SOLEIL VOILÉ;5;0;0
Meaux;48.96;2.89;10/08/2026;10:00;24.1;5;SOLEIL VOILÉ;5;0;0
Meaux;48.96;2.89;10/08/2026;11:00;30.5;0;SOLEIL;3;0;0
Meaux;48.96;2.89;10/08/2026;12:00;30.5;0;SOLEIL;3;0;0
Meaux;48.96;2.89;10/08/2026;13:00;30.5;0;SOLEIL;3;0;0
Meaux;48.96;2.89;10/08/2026;14:00;31.8;5;SOLEIL VOILÉ;5;0;0
Meaux;48.96;2.89;10/08/2026;15:00;33.7;5;SOLEIL VOILÉ;5;0;0
Meaux;48.96;2.89;10/08/2026;16:00;31.8;5;SOLEIL VOILÉ;5;0;0
Meaux;48.96;2.89;10/08/2026;17:00;28.1;0;SOLEIL;4;0;0
Meaux;48.96;2.89;10/08/2026;18:00;28.1;0;SOLEIL;4;0;0
Meaux;48.96;2.89;10/08/2026;19:00;28.1;0;SOLEIL;4;0;0
Meaux;48.96;2.89;10/08/2026;20:00;24.1;5;SOLEIL VOILÉ;5;0;0
Meaux;48.96;2.89;10/08/2026;21:00;22.2;5;SOLEIL VOILÉ;5;0;0
Meaux;48.96;2.89;10/08/2026;22:00;20.3;5;SOLEIL VOILÉ;5;0;0
Meaux;48.96;2.89;10/08/2026;23:00;18.6;0;SOLEIL;4;0;0
Meaux;48.96;2.89;11/08/2026;00:00;18.6;0;SOLEIL;4;0;0
Meaux;48.96;2.89;11/08/2026;01:00;18.6;0;SOLEIL;4;0;0
Meaux;48.96;2.89;11/08/2026;02:00;17.6;0;SOLEIL;5;0;0
Meaux;48.96;2.89;11/08/2026;03:00;17.6;0;SOLEIL;5;0;0
Meaux;48.96;2.89;11/08/2026;04:00;17.6;0;SOLEIL;5;0;0
Meaux;48.96;2.89;11/08/2026;05:00;18.1;0;SOLEIL;3;0;0
Meaux;48.96;2.89;11/08/2026;06:00;18.1;0;SOLEIL;3;0;0
Meaux;48.96;2.89;11/08/2026;07:00;18.1;0;SOLEIL;3;0;0
Meaux;48.96;2.89;11/08/2026;08:00;20.8;0;SOLEIL;5;0;0
Meaux;48.96;2.89;11/08/2026;09:00;22.4;0;SOLEIL;5;0;0
Meaux;48.96;2.89;11/08/2026;10:00;24.0;0;SOLEIL;5;0;0
Meaux;48.96;2.89;11/08/2026;11:00;29.6;0;SOLEIL;3;0;0
Meaux;48.96;2.89;11/08/2026;12:00;29.6;0;SOLEIL;3;0;0
Meaux;48.96;2.89;11/08/2026;13:00;29.6;0;SOLEIL;3;0;0
Meaux;48.96;2.89;11/08/2026;14:00;30.4;0;SOLEIL;5;0;0
Meaux;48.96;2.89;11/08/2026;15:00;32.0;0;SOLEIL;5;0;0
Meaux;48.96;2.89;11/08/2026;16:00;30.4;0;SOLEIL;5;0;0
Meaux;48.96;2.89;11/08/2026;17:00;28.4;0;SOLEIL;4;0;0
Meaux;48.96;2.89;11/08/2026;18:00;28.4;0;SOLEIL;4;0;0
Meaux;48.96;2.89;11/08/2026;19:00;28.4;0;SOLEIL;4;0;0
Meaux;48.96;2.89;11/08/2026;20:00;24.0;0;SOLEIL;5;0;0
Meaux;48.96;2.89;11/08/2026;21:00;22.4;0;SOLEIL;5;0;0
Meaux;48.96;2.89;11/08/2026;22:00;20.8;0;SOLEIL;5;0;0
Meaux;48.96;2.89;11/08/2026;23:00;18.7;0;SOLEIL;4;0;0
Meaux;48.96;2.89;12/08/2026;00:00;18.7;0;SOLEIL;4;0;0
Meaux;48.96;2.89;12/08/2026;01:00;18.7;0;SOLEIL;4;0;0
Meaux;48.96;2.89;12/08/2026;02:00;16;0;SOLEIL;5;0;0
Meaux;48.96;2.89;12/08/2026;03:00;16;0;SOLEIL;5;0;0
Meaux;48.96;2.89;12/08/2026;04:00;16;0;SOLEIL;5;0;0
Meaux;48.96;2.89;12/08/2026;05:00;19.9;0;SOLEIL;3;0;0
Meaux;48.96;2.89;12/08/2026;06:00;19.9;0;SOLEIL;3;0;0
Meaux;48.96;2.89;12/08/2026;07:00;19.9;0;SOLEIL;3;0;0
Meaux;48.96;2.89;12/08/2026;08:00;19.5;0;SOLEIL;5;0;0
Meaux;48.96;2.89;12/08/2026;09:00;21.3;0;SOLEIL;5;0;0
Meaux;48.96;2.89;12/08/2026;10:00;23.1;0;SOLEIL;5;0;0
Meaux;48.96;2.89;12/08/2026;11:00;32.6;0;SOLEIL;3;0;0
Meaux;48.96;2.89;12/08/2026;12:00;32.6;0;SOLEIL;3;0;0
Meaux;48.96;2.89;12/08/2026;13:00;32.6;0;SOLEIL;3;0;0
Meaux;48.96;2.89;12/08/2026;14:00;30.1;0;SOLEIL;5;0;0
Meaux;48.96;2.89;12/08/2026;15:00;31.9;0;SOLEIL;5;0;0
Meaux;48.96;2.89;12/08/2026;16:00;30.1;0;SOLEIL;5;0;0
Meaux;48.96;2.89;12/08/2026;17:00;31.4;0;SOLEIL;2;0;0
Meaux;48.96;2.89;12/08/2026;18:00;31.4;0;SOLEIL;2;0;0
Meaux;48.96;2.89;12/08/2026;19:00;31.4;0;SOLEIL;2;0;0
Meaux;48.96;2.89;12/08/2026;20:00;23.1;0;SOLEIL;5;0;0
Meaux;48.96;2.89;12/08/2026;21:00;21.3;0;SOLEIL;5;0;0
Meaux;48.96;2.89;12/08/2026;22:00;19.5;0;SOLEIL;5;0;0
Meaux;48.96;2.89;12/08/2026;23:00;21.1;0;SOLEIL;3;0;0
Melun;48.54;2.66;08/08/2026;00:00;15.4;0;SOLEIL;3;0;0
Melun;48.54;2.66;08/08/2026;01:00;15.4;0;SOLEIL;3;0;0
Melun;48.54;2.66;08/08/2026;02:00;13;0;SOLEIL;2;0;0
Melun;48.54;2.66;08/08/2026;03:00;13;0;SOLEIL;2;0;0
Melun;48.54;2.66;08/08/2026;04:00;13;0;SOLEIL;2;0;0
Melun;48.54;2.66;08/08/2026;05:00;15.2;0;SOLEIL;2;0;0
Melun;48.54;2.66;08/08/2026;06:00;15.2;0;SOLEIL;2;0;0
Melun;48.54;2.66;08/08/2026;07:00;15.2;0;SOLEIL;2;0;0
Melun;48.54;2.66;08/08/2026;08:00;24;0;SOLEIL;2;0;0
Melun;48.54;2.66;08/08/2026;09:00;24;0;SOLEIL;2;0;0
Melun;48.54;2.66;08/08/2026;10:00;24;0;SOLEIL;2;0;0
Melun;48.54;2.66;08/08/2026;11:00;29.2;0;SOLEIL;2;0;0
Melun;48.54;2.66;08/08/2026;12:00;29.2;0;SOLEIL;2;0;0
Melun;48.54;2.66;08/08/2026;13:00;29.2;0;SOLEIL;2;0;0
Melun;48.54;2.66;08/08/2026;14:00;31.7;0;SOLEIL;2;0;0
Melun;48.54;2.66;08/08/2026;15:00;31.7;0;SOLEIL;2;0;0
Melun;48.54;2.66;08/08/2026;16:00;31.7;0;SOLEIL;2;0;0
Melun;48.54;2.66;08/08/2026;17:00;30.6;0;SOLEIL;2;0;0
Melun;48.54;2.66;08/08/2026;18:00;30.6;0;SOLEIL;2;0;0
Melun;48.54;2.66;08/08/2026;19:00;30.6;0;SOLEIL;2;0;0
Melun;48.54;2.66;08/08/2026;20:00;22.1;0;SOLEIL;2;0;0
Melun;48.54;2.66;08/08/2026;21:00;22.1;0;SOLEIL;2;0;0
Melun;48.54;2.66;08/08/2026;22:00;22.1;0;SOLEIL;2;0;0
Melun;48.54;2.66;08/08/2026;23:00;18.2;0;SOLEIL;2;0;0
Melun;48.54;2.66;09/08/2026;00:00;18.2;0;SOLEIL;2;0;0
Melun;48.54;2.66;09/08/2026;01:00;18.2;0;SOLEIL;2;0;0
Melun;48.54;2.66;09/08/2026;02:00;15.6;5;SOLEIL VOILÉ;1;0;0
Melun;48.54;2.66;09/08/2026;03:00;15.6;5;SOLEIL VOILÉ;1;0;0
Melun;48.54;2.66;09/08/2026;04:00;15.6;5;SOLEIL VOILÉ;1;0;0
Melun;48.54;2.66;09/08/2026;05:00;18.6;5;SOLEIL VOILÉ;2;0;0
Melun;48.54;2.66;09/08/2026;06:00;18.6;5;SOLEIL VOILÉ;2;0;0
Melun;48.54;2.66;09/08/2026;07:00;18.6;5;SOLEIL VOILÉ;2;0;0
Melun;48.54;2.66;09/08/2026;08:00;28;5;SOLEIL VOILÉ;2;0;0
Melun;48.54;2.66;09/08/2026;09:00;28;5;SOLEIL VOILÉ;2;0;0
Melun;48.54;2.66;09/08/2026;10:00;28;5;SOLEIL VOILÉ;2;0;0
Melun;48.54;2.66;09/08/2026;11:00;30.6;5;SOLEIL VOILÉ;3;0;0
Melun;48.54;2.66;09/08/2026;12:00;30.6;5;SOLEIL VOILÉ;3;0;0
Melun;48.54;2.66;09/08/2026;13:00;30.6;5;SOLEIL VOILÉ;3;0;0
Melun;48.54;2.66;09/08/2026;14:00;32.4;0;SOLEIL;2;0;0
Melun;48.54;2.66;09/08/2026;15:00;32.4;0;SOLEIL;2;0;0
Melun;48.54;2.66;09/08/2026;16:00;32.4;0;SOLEIL;2;0;0
Melun;48.54;2.66;09/08/2026;17:00;30.6;0;SOLEIL;2;0;0
Melun;48.54;2.66;09/08/2026;18:00;30.6;0;SOLEIL;2;0;0
Melun;48.54;2.66;09/08/2026;19:00;30.6;0;SOLEIL;2;0;0
Melun;48.54;2.66;09/08/2026;20:00;21.3;0;SOLEIL;5;0;0
Melun;48.54;2.66;09/08/2026;21:00;19.0;0;SOLEIL;5;0;0
Melun;48.54;2.66;09/08/2026;22:00;16.8;0;SOLEIL;5;0;0
Melun;48.54;2.66;09/08/2026;23:00;20.6;0;SOLEIL;3;0;0
Melun;48.54;2.66;10/08/2026;00:00;20.6;0;SOLEIL;3;0;0
Melun;48.54;2.66;10/08/2026;01:00;20.6;0;SOLEIL;3;0;0
Melun;48.54;2.66;10/08/2026;02:00;15.1;5;SOLEIL VOILÉ;5;0;0
Melun;48.54;2.66;10/08/2026;03:00;15.1;5;SOLEIL VOILÉ;5;0;0
Melun;48.54;2.66;10/08/2026;04:00;15.1;5;SOLEIL VOILÉ;5;0;0
Melun;48.54;2.66;10/08/2026;05:00;20.1;0;SOLEIL;2;0;0
Melun;48.54;2.66;10/08/2026;06:00;20.1;0;SOLEIL;2;0;0
Melun;48.54;2.66;10/08/2026;07:00;20.1;0;SOLEIL;2;0;0
Melun;48.54;2.66;10/08/2026;08:00;19.1;5;SOLEIL VOILÉ;5;0;0
Melun;48.54;2.66;10/08/2026;09:00;21.1;5;SOLEIL VOILÉ;5;0;0
Melun;48.54;2.66;10/08/2026;10:00;23.1;5;SOLEIL VOILÉ;5;0;0
Melun;48.54;2.66;10/08/2026;11:00;30.6;0;SOLEIL;3;0;0
Melun;48.54;2.66;10/08/2026;12:00;30.6;0;SOLEIL;3;0;0
Melun;48.54;2.66;10/08/2026;13:00;30.6;0;SOLEIL;3;0;0
Melun;48.54;2.66;10/08/2026;14:00;31.2;5;SOLEIL VOILÉ;5;0;0
Melun;48.54;2.66;10/08/2026;15:00;33.2;5;SOLEIL VOILÉ;5;0;0
Melun;48.54;2.66;10/08/2026;16:00;31.2;5;SOLEIL VOILÉ;5;0;0
Melun;48.54;2.66;10/08/2026;17:00;29.4;0;SOLEIL;3;0;0
Melun;48.54;2.66;10/08/2026;18:00;29.4;0;SOLEIL;3;0;0
Melun;48.54;2.66;10/08/2026;19:00;29.4;0;SOLEIL;3;0;0
Melun;48.54;2.66;10/08/2026;20:00;23.1;5;SOLEIL VOILÉ;5;0;0
Melun;48.54;2.66;10/08/2026;21:00;21.1;5;SOLEIL VOILÉ;5;0;0
Melun;48.54;2.66;10/08/2026;22:00;19.1;5;SOLEIL VOILÉ;5;0;0
Melun;48.54;2.66;10/08/2026;23:00;19.6;0;SOLEIL;3;0;0
Melun;48.54;2.66;11/08/2026;00:00;19.6;0;SOLEIL;3;0;0
Melun;48.54;2.66;11/08/2026;01:00;19.6;0;SOLEIL;3;0;0
Melun;48.54;2.66;11/08/2026;02:00;18.4;0;SOLEIL;5;0;0
Melun;48.54;2.66;11/08/2026;03:00;18.4;0;SOLEIL;5;0;0
Melun;48.54;2.66;11/08/2026;04:00;18.4;0;SOLEIL;5;0;0
Melun;48.54;2.66;11/08/2026;05:00;18.2;0;SOLEIL;3;0;0
Melun;48.54;2.66;11/08/2026;06:00;18.2;0;SOLEIL;3;0;0
Melun;48.54;2.66;11/08/2026;07:00;18.2;0;SOLEIL;3;0;0
Melun;48.54;2.66;11/08/2026;08:00;21.4;0;SOLEIL;5;0;0
Melun;48.54;2.66;11/08/2026;09:00;23.0;0;SOLEIL;5;0;0
Melun;48.54;2.66;11/08/2026;10:00;24.5;0;SOLEIL;5;0;0
Melun;48.54;2.66;11/08/2026;11:00;29.5;0;SOLEIL;3;0;0
Melun;48.54;2.66;11/08/2026;12:00;29.5;0;SOLEIL;3;0;0
Melun;48.54;2.66;11/08/2026;13:00;29.5;0;SOLEIL;3;0;0
Melun;48.54;2.66;11/08/2026;14:00;30.6;0;SOLEIL;5;0;0
Melun;48.54;2.66;11/08/2026;15:00;32.1;0;SOLEIL;5;0;0
Melun;48.54;2.66;11/08/2026;16:00;30.6;0;SOLEIL;5;0;0
Melun;48.54;2.66;11/08/2026;17:00;28.9;0;SOLEIL;3;0;0
Melun;48.54;2.66;11/08/2026;18:00;28.9;0;SOLEIL;3;0;0
Melun;48.54;2.66;11/08/2026;19:00;28.9;0;SOLEIL;3;0;0
Melun;48.54;2.66;11/08/2026;20:00;24.5;0;SOLEIL;5;0;0
Melun;48.54;2.66;11/08/2026;21:00;23.0;0;SOLEIL;5;0;0
Melun;48.54;2.66;11/08/2026;22:00;21.4;0;SOLEIL;5;0;0
Melun;48.54;2.66;11/08/2026;23:00;19.6;0;SOLEIL;4;0;0
Melun;48.54;2.66;12/08/2026;00:00;19.6;0;SOLEIL;4;0;0
Melun;48.54;2.66;12/08/2026;01:00;19.6;0;SOLEIL;4;0;0
Melun;48.54;2.66;12/08/2026;02:00;16.7;0;SOLEIL;5;0;0
Melun;48.54;2.66;12/08/2026;03:00;16.7;0;SOLEIL;5;0;0
Melun;48.54;2.66;12/08/2026;04:00;16.7;0;SOLEIL;5;0;0
Melun;48.54;2.66;12/08/2026;05:00;19.9;0;SOLEIL;3;0;0
Melun;48.54;2.66;12/08/2026;06:00;19.9;0;SOLEIL;3;0;0
Melun;48.54;2.66;12/08/2026;07:00;19.9;0;SOLEIL;3;0;0
Melun;48.54;2.66;12/08/2026;08:00;20.1;0;SOLEIL;5;0;0
Melun;48.54;2.66;12/08/2026;09:00;21.8;0;SOLEIL;5;0;0
Melun;48.54;2.66;12/08/2026;10:00;23.5;0;SOLEIL;5;0;0
Melun;48.54;2.66;12/08/2026;11:00;33;0;SOLEIL;3;0;0
Melun;48.54;2.66;12/08/2026;12:00;33;0;SOLEIL;3;0;0
Melun;48.54;2.66;12/08/2026;13:00;33;0;SOLEIL;3;0;0
Melun;48.54;2.66;12/08/2026;14:00;30.3;0;SOLEIL;5;0;0
Melun;48.54;2.66;12/08/2026;15:00;32.0;0;SOLEIL;5;0;0
Melun;48.54;2.66;12/08/2026;16:00;30.3;0;SOLEIL;5;0;0
Melun;48.54;2.66;12/08/2026;17:00;32.2;0;SOLEIL;2;0;0
Melun;48.54;2.66;12/08/2026;18:00;32.2;0;SOLEIL;2;0;0
Melun;48.54;2.66;12/08/2026;19:00;32.2;0;SOLEIL;2;0;0
Melun;48.54;2.66;12/08/2026;20:00;23.5;0;SOLEIL;5;0;0
Melun;48.54;2.66;12/08/2026;21:00;21.8;0;SOLEIL;5;0;0
Melun;48.54;2.66;12/08/2026;22:00;20.1;0;SOLEIL;5;0;0
Melun;48.54;2.66;12/08/2026;23:00;22.5;0;SOLEIL;3;0;0
Montereau-Fault-Yonne;48.38;2.95;08/08/2026;00:00;18.5;0;SOLEIL;2;0;0
Montereau-Fault-Yonne;48.38;2.95;08/08/2026;01:00;18.5;0;SOLEIL;2;0;0
Montereau-Fault-Yonne;48.38;2.95;08/08/2026;02:00;15;0;SOLEIL;3;0;0
Montereau-Fault-Yonne;48.38;2.95;08/08/2026;03:00;15;0;SOLEIL;3;0;0
Montereau-Fault-Yonne;48.38;2.95;08/08/2026;04:00;15;0;SOLEIL;3;0;0
Montereau-Fault-Yonne;48.38;2.95;08/08/2026;05:00;15.7;0;SOLEIL;3;0;0
Montereau-Fault-Yonne;48.38;2.95;08/08/2026;06:00;15.7;0;SOLEIL;3;0;0
Montereau-Fault-Yonne;48.38;2.95;08/08/2026;07:00;15.7;0;SOLEIL;3;0;0
Montereau-Fault-Yonne;48.38;2.95;08/08/2026;08:00;23.4;0;SOLEIL;2;0;0
Montereau-Fault-Yonne;48.38;2.95;08/08/2026;09:00;23.4;0;SOLEIL;2;0;0
Montereau-Fault-Yonne;48.38;2.95;08/08/2026;10:00;23.4;0;SOLEIL;2;0;0
Montereau-Fault-Yonne;48.38;2.95;08/08/2026;11:00;29.6;0;SOLEIL;2;0;0
Montereau-Fault-Yonne;48.38;2.95;08/08/2026;12:00;29.6;0;SOLEIL;2;0;0
Montereau-Fault-Yonne;48.38;2.95;08/08/2026;13:00;29.6;0;SOLEIL;2;0;0
Montereau-Fault-Yonne;48.38;2.95;08/08/2026;14:00;32.1;0;SOLEIL;2;0;0
Montereau-Fault-Yonne;48.38;2.95;08/08/2026;15:00;32.1;0;SOLEIL;2;0;0
Montereau-Fault-Yonne;48.38;2.95;08/08/2026;16:00;32.1;0;SOLEIL;2;0;0
Montereau-Fault-Yonne;48.38;2.95;08/08/2026;17:00;30.6;0;SOLEIL;1;0;0
Montereau-Fault-Yonne;48.38;2.95;08/08/2026;18:00;30.6;0;SOLEIL;1;0;0
Montereau-Fault-Yonne;48.38;2.95;08/08/2026;19:00;30.6;0;SOLEIL;1;0;0
Montereau-Fault-Yonne;48.38;2.95;08/08/2026;20:00;23.5;0;SOLEIL;2;0;0
Montereau-Fault-Yonne;48.38;2.95;08/08/2026;21:00;23.5;0;SOLEIL;2;0;0
Montereau-Fault-Yonne;48.38;2.95;08/08/2026;22:00;23.5;0;SOLEIL;2;0;0
Montereau-Fault-Yonne;48.38;2.95;08/08/2026;23:00;19.9;0;SOLEIL;2;0;0
Montereau-Fault-Yonne;48.38;2.95;09/08/2026;00:00;19.9;0;SOLEIL;2;0;0
Montereau-Fault-Yonne;48.38;2.95;09/08/2026;01:00;19.9;0;SOLEIL;2;0;0
Montereau-Fault-Yonne;48.38;2.95;09/08/2026;02:00;17.1;5;SOLEIL VOILÉ;2;0;0
Montereau-Fault-Yonne;48.38;2.95;09/08/2026;03:00;17.1;5;SOLEIL VOILÉ;2;0;0
Montereau-Fault-Yonne;48.38;2.95;09/08/2026;04:00;17.1;5;SOLEIL VOILÉ;2;0;0
Montereau-Fault-Yonne;48.38;2.95;09/08/2026;05:00;18.5;5;SOLEIL VOILÉ;2;0;0
Montereau-Fault-Yonne;48.38;2.95;09/08/2026;06:00;18.5;5;SOLEIL VOILÉ;2;0;0
Montereau-Fault-Yonne;48.38;2.95;09/08/2026;07:00;18.5;5;SOLEIL VOILÉ;2;0;0
Montereau-Fault-Yonne;48.38;2.95;09/08/2026;08:00;27.9;5;SOLEIL VOILÉ;2;0;0
Montereau-Fault-Yonne;48.38;2.95;09/08/2026;09:00;27.9;5;SOLEIL VOILÉ;2;0;0
Montereau-Fault-Yonne;48.38;2.95;09/08/2026;10:00;27.9;5;SOLEIL VOILÉ;2;0;0
Montereau-Fault-Yonne;48.38;2.95;09/08/2026;11:00;31.1;5;SOLEIL VOILÉ;2;0;0
Montereau-Fault-Yonne;48.38;2.95;09/08/2026;12:00;31.1;5;SOLEIL VOILÉ;2;0;0
Montereau-Fault-Yonne;48.38;2.95;09/08/2026;13:00;31.1;5;SOLEIL VOILÉ;2;0;0
Montereau-Fault-Yonne;48.38;2.95;09/08/2026;14:00;33.1;0;SOLEIL;3;0;0
Montereau-Fault-Yonne;48.38;2.95;09/08/2026;15:00;33.1;0;SOLEIL;3;0;0
Montereau-Fault-Yonne;48.38;2.95;09/08/2026;16:00;33.1;0;SOLEIL;3;0;0
Montereau-Fault-Yonne;48.38;2.95;09/08/2026;17:00;31;0;SOLEIL;2;0;0
Montereau-Fault-Yonne;48.38;2.95;09/08/2026;18:00;31;0;SOLEIL;2;0;0
Montereau-Fault-Yonne;48.38;2.95;09/08/2026;19:00;31;0;SOLEIL;2;0;0
Montereau-Fault-Yonne;48.38;2.95;09/08/2026;20:00;21.8;0;SOLEIL;5;0;0
Montereau-Fault-Yonne;48.38;2.95;09/08/2026;21:00;19.7;0;SOLEIL;5;0;0
Montereau-Fault-Yonne;48.38;2.95;09/08/2026;22:00;17.5;0;SOLEIL;5;0;0
Montereau-Fault-Yonne;48.38;2.95;09/08/2026;23:00;22.2;0;SOLEIL;3;0;0
Montereau-Fault-Yonne;48.38;2.95;10/08/2026;00:00;22.2;0;SOLEIL;3;0;0
Montereau-Fault-Yonne;48.38;2.95;10/08/2026;01:00;22.2;0;SOLEIL;3;0;0
Montereau-Fault-Yonne;48.38;2.95;10/08/2026;02:00;16.5;5;SOLEIL VOILÉ;5;0;0
Montereau-Fault-Yonne;48.38;2.95;10/08/2026;03:00;16.5;5;SOLEIL VOILÉ;5;0;0
Montereau-Fault-Yonne;48.38;2.95;10/08/2026;04:00;16.5;5;SOLEIL VOILÉ;5;0;0
Montereau-Fault-Yonne;48.38;2.95;10/08/2026;05:00;20.1;0;SOLEIL;2;0;0
Montereau-Fault-Yonne;48.38;2.95;10/08/2026;06:00;20.1;0;SOLEIL;2;0;0
Montereau-Fault-Yonne;48.38;2.95;10/08/2026;07:00;20.1;0;SOLEIL;2;0;0
Montereau-Fault-Yonne;48.38;2.95;10/08/2026;08:00;20.3;5;SOLEIL VOILÉ;5;0;0
Montereau-Fault-Yonne;48.38;2.95;10/08/2026;09:00;22.2;5;SOLEIL VOILÉ;5;0;0
Montereau-Fault-Yonne;48.38;2.95;10/08/2026;10:00;24.1;5;SOLEIL VOILÉ;5;0;0
Montereau-Fault-Yonne;48.38;2.95;10/08/2026;11:00;30.9;0;SOLEIL;3;0;0
Montereau-Fault-Yonne;48.38;2.95;10/08/2026;12:00;30.9;0;SOLEIL;3;0;0
Montereau-Fault-Yonne;48.38;2.95;10/08/2026;13:00;30.9;0;SOLEIL;3;0;0
Montereau-Fault-Yonne;48.38;2.95;10/08/2026;14:00;31.8;5;SOLEIL VOILÉ;5;0;0
Montereau-Fault-Yonne;48.38;2.95;10/08/2026;15:00;33.7;5;SOLEIL VOILÉ;5;0;0
Montereau-Fault-Yonne;48.38;2.95;10/08/2026;16:00;31.8;5;SOLEIL VOILÉ;5;0;0
Montereau-Fault-Yonne;48.38;2.95;10/08/2026;17:00;30;0;SOLEIL;2;0;0
Montereau-Fault-Yonne;48.38;2.95;10/08/2026;18:00;30;0;SOLEIL;2;0;0
Montereau-Fault-Yonne;48.38;2.95;10/08/2026;19:00;30;0;SOLEIL;2;0;0
Montereau-Fault-Yonne;48.38;2.95;10/08/2026;20:00;24.1;5;SOLEIL VOILÉ;5;0;0
Montereau-Fault-Yonne;48.38;2.95;10/08/2026;21:00;22.2;5;SOLEIL VOILÉ;5;0;0
Montereau-Fault-Yonne;48.38;2.95;10/08/2026;22:00;20.3;5;SOLEIL VOILÉ;5;0;0
Montereau-Fault-Yonne;48.38;2.95;10/08/2026;23:00;20.2;0;SOLEIL;3;0;0
Montereau-Fault-Yonne;48.38;2.95;11/08/2026;00:00;20.2;0;SOLEIL;3;0;0
Montereau-Fault-Yonne;48.38;2.95;11/08/2026;01:00;20.2;0;SOLEIL;3;0;0
Montereau-Fault-Yonne;48.38;2.95;11/08/2026;02:00;18.5;0;SOLEIL;5;0;0
Montereau-Fault-Yonne;48.38;2.95;11/08/2026;03:00;18.5;0;SOLEIL;5;0;0
Montereau-Fault-Yonne;48.38;2.95;11/08/2026;04:00;18.5;0;SOLEIL;5;0;0
Montereau-Fault-Yonne;48.38;2.95;11/08/2026;05:00;18.6;0;SOLEIL;3;0;0
Montereau-Fault-Yonne;48.38;2.95;11/08/2026;06:00;18.6;0;SOLEIL;3;0;0
Montereau-Fault-Yonne;48.38;2.95;11/08/2026;07:00;18.6;0;SOLEIL;3;0;0
Montereau-Fault-Yonne;48.38;2.95;11/08/2026;08:00;21.5;0;SOLEIL;5;0;0
Montereau-Fault-Yonne;48.38;2.95;11/08/2026;09:00;23.1;0;SOLEIL;5;0;0
Montereau-Fault-Yonne;48.38;2.95;11/08/2026;10:00;24.6;0;SOLEIL;5;0;0
Montereau-Fault-Yonne;48.38;2.95;11/08/2026;11:00;29.5;0;SOLEIL;3;0;0
Montereau-Fault-Yonne;48.38;2.95;11/08/2026;12:00;29.5;0;SOLEIL;3;0;0
Montereau-Fault-Yonne;48.38;2.95;11/08/2026;13:00;29.5;0;SOLEIL;3;0;0
Montereau-Fault-Yonne;48.38;2.95;11/08/2026;14:00;30.7;0;SOLEIL;5;0;0
Montereau-Fault-Yonne;48.38;2.95;11/08/2026;15:00;32.2;0;SOLEIL;5;0;0
Montereau-Fault-Yonne;48.38;2.95;11/08/2026;16:00;30.7;0;SOLEIL;5;0;0
Montereau-Fault-Yonne;48.38;2.95;11/08/2026;17:00;29.1;0;SOLEIL;3;0;0
Montereau-Fault-Yonne;48.38;2.95;11/08/2026;18:00;29.1;0;SOLEIL;3;0;0
Montereau-Fault-Yonne;48.38;2.95;11/08/2026;19:00;29.1;0;SOLEIL;3;0;0
Montereau-Fault-Yonne;48.38;2.95;11/08/2026;20:00;24.6;0;SOLEIL;5;0;0
Montereau-Fault-Yonne;48.38;2.95;11/08/2026;21:00;23.1;0;SOLEIL;5;0;0
Montereau-Fault-Yonne;48.38;2.95;11/08/2026;22:00;21.5;0;SOLEIL;5;0;0
Montereau-Fault-Yonne;48.38;2.95;11/08/2026;23:00;20.5;0;SOLEIL;4;0;0
Montereau-Fault-Yonne;48.38;2.95;12/08/2026;00:00;20.5;0;SOLEIL;4;0;0
Montereau-Fault-Yonne;48.38;2.95;12/08/2026;01:00;20.5;0;SOLEIL;4;0;0
Montereau-Fault-Yonne;48.38;2.95;12/08/2026;02:00;17.4;0;SOLEIL;5;0;0
Montereau-Fault-Yonne;48.38;2.95;12/08/2026;03:00;17.4;0;SOLEIL;5;0;0
Montereau-Fault-Yonne;48.38;2.95;12/08/2026;04:00;17.4;0;SOLEIL;5;0;0
Montereau-Fault-Yonne;48.38;2.95;12/08/2026;05:00;20.1;0;SOLEIL;3;0;0
Montereau-Fault-Yonne;48.38;2.95;12/08/2026;06:00;20.1;0;SOLEIL;3;0;0
Montereau-Fault-Yonne;48.38;2.95;12/08/2026;07:00;20.1;0;SOLEIL;3;0;0
Montereau-Fault-Yonne;48.38;2.95;12/08/2026;08:00;20.6;0;SOLEIL;5;0;0
Montereau-Fault-Yonne;48.38;2.95;12/08/2026;09:00;22.1;0;SOLEIL;5;0;0
Montereau-Fault-Yonne;48.38;2.95;12/08/2026;10:00;23.7;0;SOLEIL;5;0;0
Montereau-Fault-Yonne;48.38;2.95;12/08/2026;11:00;32.7;0;SOLEIL;3;0;0
Montereau-Fault-Yonne;48.38;2.95;12/08/2026;12:00;32.7;0;SOLEIL;3;0;0
Montereau-Fault-Yonne;48.38;2.95;12/08/2026;13:00;32.7;0;SOLEIL;3;0;0
Montereau-Fault-Yonne;48.38;2.95;12/08/2026;14:00;30.0;0;SOLEIL;5;0;0
Montereau-Fault-Yonne;48.38;2.95;12/08/2026;15:00;31.6;0;SOLEIL;5;0;0
Montereau-Fault-Yonne;48.38;2.95;12/08/2026;16:00;30.0;0;SOLEIL;5;0;0
Montereau-Fault-Yonne;48.38;2.95;12/08/2026;17:00;31;0;SOLEIL;2;0;0
Montereau-Fault-Yonne;48.38;2.95;12/08/2026;18:00;31;0;SOLEIL;2;0;0
Montereau-Fault-Yonne;48.38;2.95;12/08/2026;19:00;31;0;SOLEIL;2;0;0
Montereau-Fault-Yonne;48.38;2.95;12/08/2026;20:00;23.7;0;SOLEIL;5;0;0
Montereau-Fault-Yonne;48.38;2.95;12/08/2026;21:00;22.1;0;SOLEIL;5;0;0
Montereau-Fault-Yonne;48.38;2.95;12/08/2026;22:00;20.6;0;SOLEIL;5;0;0
Montereau-Fault-Yonne;48.38;2.95;12/08/2026;23:00;22.6;0;SOLEIL;3;0;0
Nangis;48.56;3.02;08/08/2026;00:00;14.1;0;SOLEIL;3;0;0
Nangis;48.56;3.02;08/08/2026;01:00;14.1;0;SOLEIL;3;0;0
Nangis;48.56;3.02;08/08/2026;02:00;11.9;0;SOLEIL;3;0;0
Nangis;48.56;3.02;08/08/2026;03:00;11.9;0;SOLEIL;3;0;0
Nangis;48.56;3.02;08/08/2026;04:00;11.9;0;SOLEIL;3;0;0
Nangis;48.56;3.02;08/08/2026;05:00;15.9;0;SOLEIL;2;0;0
Nangis;48.56;3.02;08/08/2026;06:00;15.9;0;SOLEIL;2;0;0
Nangis;48.56;3.02;08/08/2026;07:00;15.9;0;SOLEIL;2;0;0
Nangis;48.56;3.02;08/08/2026;08:00;23.2;0;SOLEIL;2;0;0
Nangis;48.56;3.02;08/08/2026;09:00;23.2;0;SOLEIL;2;0;0
Nangis;48.56;3.02;08/08/2026;10:00;23.2;0;SOLEIL;2;0;0
Nangis;48.56;3.02;08/08/2026;11:00;27.6;0;SOLEIL;2;0;0
Nangis;48.56;3.02;08/08/2026;12:00;27.6;0;SOLEIL;2;0;0
Nangis;48.56;3.02;08/08/2026;13:00;27.6;0;SOLEIL;2;0;0
Nangis;48.56;3.02;08/08/2026;14:00;29.6;0;SOLEIL;2;0;0
Nangis;48.56;3.02;08/08/2026;15:00;29.6;0;SOLEIL;2;0;0
Nangis;48.56;3.02;08/08/2026;16:00;29.6;0;SOLEIL;2;0;0
Nangis;48.56;3.02;08/08/2026;17:00;29;0;SOLEIL;1;0;0
Nangis;48.56;3.02;08/08/2026;18:00;29;0;SOLEIL;1;0;0
Nangis;48.56;3.02;08/08/2026;19:00;29;0;SOLEIL;1;0;0
Nangis;48.56;3.02;08/08/2026;20:00;21.1;0;SOLEIL;2;0;0
Nangis;48.56;3.02;08/08/2026;21:00;21.1;0;SOLEIL;2;0;0
Nangis;48.56;3.02;08/08/2026;22:00;21.1;0;SOLEIL;2;0;0
Nangis;48.56;3.02;08/08/2026;23:00;18.4;0;SOLEIL;2;0;0
Nangis;48.56;3.02;09/08/2026;00:00;18.4;0;SOLEIL;2;0;0
Nangis;48.56;3.02;09/08/2026;01:00;18.4;0;SOLEIL;2;0;0
Nangis;48.56;3.02;09/08/2026;02:00;15.7;5;SOLEIL VOILÉ;2;0;0
Nangis;48.56;3.02;09/08/2026;03:00;15.7;5;SOLEIL VOILÉ;2;0;0
Nangis;48.56;3.02;09/08/2026;04:00;15.7;5;SOLEIL VOILÉ;2;0;0
Nangis;48.56;3.02;09/08/2026;05:00;18.9;5;SOLEIL VOILÉ;2;0;0
Nangis;48.56;3.02;09/08/2026;06:00;18.9;5;SOLEIL VOILÉ;2;0;0
Nangis;48.56;3.02;09/08/2026;07:00;18.9;5;SOLEIL VOILÉ;2;0;0
Nangis;48.56;3.02;09/08/2026;08:00;26.7;5;SOLEIL VOILÉ;2;0;0
Nangis;48.56;3.02;09/08/2026;09:00;26.7;5;SOLEIL VOILÉ;2;0;0
Nangis;48.56;3.02;09/08/2026;10:00;26.7;5;SOLEIL VOILÉ;2;0;0
Nangis;48.56;3.02;09/08/2026;11:00;30.9;5;SOLEIL VOILÉ;2;0;0
Nangis;48.56;3.02;09/08/2026;12:00;30.9;5;SOLEIL VOILÉ;2;0;0
Nangis;48.56;3.02;09/08/2026;13:00;30.9;5;SOLEIL VOILÉ;2;0;0
Nangis;48.56;3.02;09/08/2026;14:00;31.6;0;SOLEIL;3;0;0
Nangis;48.56;3.02;09/08/2026;15:00;31.6;0;SOLEIL;3;0;0
Nangis;48.56;3.02;09/08/2026;16:00;31.6;0;SOLEIL;3;0;0
Nangis;48.56;3.02;09/08/2026;17:00;29.4;0;SOLEIL;2;0;0
Nangis;48.56;3.02;09/08/2026;18:00;29.4;0;SOLEIL;2;0;0
Nangis;48.56;3.02;09/08/2026;19:00;29.4;0;SOLEIL;2;0;0
Nangis;48.56;3.02;09/08/2026;20:00;19.4;0;SOLEIL;5;0;0
Nangis;48.56;3.02;09/08/2026;21:00;17.2;0;SOLEIL;5;0;0
Nangis;48.56;3.02;09/08/2026;22:00;15.0;0;SOLEIL;5;0;0
Nangis;48.56;3.02;09/08/2026;23:00;19.7;0;SOLEIL;3;0;0
Nangis;48.56;3.02;10/08/2026;00:00;19.7;0;SOLEIL;3;0;0
Nangis;48.56;3.02;10/08/2026;01:00;19.7;0;SOLEIL;3;0;0
Nangis;48.56;3.02;10/08/2026;02:00;15.2;5;SOLEIL VOILÉ;5;0;0
Nangis;48.56;3.02;10/08/2026;03:00;15.2;5;SOLEIL VOILÉ;5;0;0
Nangis;48.56;3.02;10/08/2026;04:00;15.2;5;SOLEIL VOILÉ;5;0;0
Nangis;48.56;3.02;10/08/2026;05:00;19.6;0;SOLEIL;2;0;0
Nangis;48.56;3.02;10/08/2026;06:00;19.6;0;SOLEIL;2;0;0
Nangis;48.56;3.02;10/08/2026;07:00;19.6;0;SOLEIL;2;0;0
Nangis;48.56;3.02;10/08/2026;08:00;19.0;5;SOLEIL VOILÉ;5;0;0
Nangis;48.56;3.02;10/08/2026;09:00;20.8;5;SOLEIL VOILÉ;5;0;0
Nangis;48.56;3.02;10/08/2026;10:00;22.7;5;SOLEIL VOILÉ;5;0;0
Nangis;48.56;3.02;10/08/2026;11:00;29.1;0;SOLEIL;3;0;0
Nangis;48.56;3.02;10/08/2026;12:00;29.1;0;SOLEIL;3;0;0
Nangis;48.56;3.02;10/08/2026;13:00;29.1;0;SOLEIL;3;0;0
Nangis;48.56;3.02;10/08/2026;14:00;30.2;5;SOLEIL VOILÉ;5;0;0
Nangis;48.56;3.02;10/08/2026;15:00;32.1;5;SOLEIL VOILÉ;5;0;0
Nangis;48.56;3.02;10/08/2026;16:00;30.2;5;SOLEIL VOILÉ;5;0;0
Nangis;48.56;3.02;10/08/2026;17:00;28.7;0;SOLEIL;2;0;0
Nangis;48.56;3.02;10/08/2026;18:00;28.7;0;SOLEIL;2;0;0
Nangis;48.56;3.02;10/08/2026;19:00;28.7;0;SOLEIL;2;0;0
Nangis;48.56;3.02;10/08/2026;20:00;22.7;5;SOLEIL VOILÉ;5;0;0
Nangis;48.56;3.02;10/08/2026;21:00;20.8;5;SOLEIL VOILÉ;5;0;0
Nangis;48.56;3.02;10/08/2026;22:00;19.0;5;SOLEIL VOILÉ;5;0;0
Nangis;48.56;3.02;10/08/2026;23:00;18;0;SOLEIL;3;0;0
Nangis;48.56;3.02;11/08/2026;00:00;18;0;SOLEIL;3;0;0
Nangis;48.56;3.02;11/08/2026;01:00;18;0;SOLEIL;3;0;0
Nangis;48.56;3.02;11/08/2026;02:00;17.5;0;SOLEIL;5;0;0
Nangis;48.56;3.02;11/08/2026;03:00;17.5;0;SOLEIL;5;0;0
Nangis;48.56;3.02;11/08/2026;04:00;17.5;0;SOLEIL;5;0;0
Nangis;48.56;3.02;11/08/2026;05:00;17.6;0;SOLEIL;3;0;0
Nangis;48.56;3.02;11/08/2026;06:00;17.6;0;SOLEIL;3;0;0
Nangis;48.56;3.02;11/08/2026;07:00;17.6;0;SOLEIL;3;0;0
Nangis;48.56;3.02;11/08/2026;08:00;20.6;0;SOLEIL;5;0;0
Nangis;48.56;3.02;11/08/2026;09:00;22.1;0;SOLEIL;5;0;0
Nangis;48.56;3.02;11/08/2026;10:00;23.7;0;SOLEIL;5;0;0
Nangis;48.56;3.02;11/08/2026;11:00;28.2;0;SOLEIL;3;0;0
Nangis;48.56;3.02;11/08/2026;12:00;28.2;0;SOLEIL;3;0;0
Nangis;48.56;3.02;11/08/2026;13:00;28.2;0;SOLEIL;3;0;0
Nangis;48.56;3.02;11/08/2026;14:00;29.9;0;SOLEIL;5;0;0
Nangis;48.56;3.02;11/08/2026;15:00;31.4;0;SOLEIL;5;0;0
Nangis;48.56;3.02;11/08/2026;16:00;29.9;0;SOLEIL;5;0;0
Nangis;48.56;3.02;11/08/2026;17:00;28.4;0;SOLEIL;3;0;0
Nangis;48.56;3.02;11/08/2026;18:00;28.4;0;SOLEIL;3;0;0
Nangis;48.56;3.02;11/08/2026;19:00;28.4;0;SOLEIL;3;0;0
Nangis;48.56;3.02;11/08/2026;20:00;23.7;0;SOLEIL;5;0;0
Nangis;48.56;3.02;11/08/2026;21:00;22.1;0;SOLEIL;5;0;0
Nangis;48.56;3.02;11/08/2026;22:00;20.6;0;SOLEIL;5;0;0
Nangis;48.56;3.02;11/08/2026;23:00;18.1;0;SOLEIL;4;0;0
Nangis;48.56;3.02;12/08/2026;00:00;18.1;0;SOLEIL;4;0;0
Nangis;48.56;3.02;12/08/2026;01:00;18.1;0;SOLEIL;4;0;0
Nangis;48.56;3.02;12/08/2026;02:00;15.2;0;SOLEIL;5;0;0
Nangis;48.56;3.02;12/08/2026;03:00;15.2;0;SOLEIL;5;0;0
Nangis;48.56;3.02;12/08/2026;04:00;15.2;0;SOLEIL;5;0;0
Nangis;48.56;3.02;12/08/2026;05:00;18.7;0;SOLEIL;3;0;0
Nangis;48.56;3.02;12/08/2026;06:00;18.7;0;SOLEIL;3;0;0
Nangis;48.56;3.02;12/08/2026;07:00;18.7;0;SOLEIL;3;0;0
Nangis;48.56;3.02;12/08/2026;08:00;18.6;0;SOLEIL;5;0;0
Nangis;48.56;3.02;12/08/2026;09:00;20.3;0;SOLEIL;5;0;0
Nangis;48.56;3.02;12/08/2026;10:00;22.0;0;SOLEIL;5;0;0
Nangis;48.56;3.02;12/08/2026;11:00;31.5;0;SOLEIL;3;0;0
Nangis;48.56;3.02;12/08/2026;12:00;31.5;0;SOLEIL;3;0;0
Nangis;48.56;3.02;12/08/2026;13:00;31.5;0;SOLEIL;3;0;0
Nangis;48.56;3.02;12/08/2026;14:00;28.9;0;SOLEIL;5;0;0
Nangis;48.56;3.02;12/08/2026;15:00;30.6;0;SOLEIL;5;0;0
Nangis;48.56;3.02;12/08/2026;16:00;28.9;0;SOLEIL;5;0;0
Nangis;48.56;3.02;12/08/2026;17:00;30.5;0;SOLEIL;2;0;0
Nangis;48.56;3.02;12/08/2026;18:00;30.5;0;SOLEIL;2;0;0
Nangis;48.56;3.02;12/08/2026;19:00;30.5;0;SOLEIL;2;0;0
Nangis;48.56;3.02;12/08/2026;20:00;22.0;0;SOLEIL;5;0;0
Nangis;48.56;3.02;12/08/2026;21:00;20.3;0;SOLEIL;5;0;0
Nangis;48.56;3.02;12/08/2026;22:00;18.6;0;SOLEIL;5;0;0
Nangis;48.56;3.02;12/08/2026;23:00;21;0;SOLEIL;3;0;0
Nemours;48.27;2.69;08/08/2026;00:00;15.2;0;SOLEIL;2;0;0
Nemours;48.27;2.69;08/08/2026;01:00;15.2;0;SOLEIL;2;0;0
Nemours;48.27;2.69;08/08/2026;02:00;12.2;0;SOLEIL;2;0;0
Nemours;48.27;2.69;08/08/2026;03:00;12.2;0;SOLEIL;2;0;0
Nemours;48.27;2.69;08/08/2026;04:00;12.2;0;SOLEIL;2;0;0
Nemours;48.27;2.69;08/08/2026;05:00;14.2;0;SOLEIL;2;0;0
Nemours;48.27;2.69;08/08/2026;06:00;14.2;0;SOLEIL;2;0;0
Nemours;48.27;2.69;08/08/2026;07:00;14.2;0;SOLEIL;2;0;0
Nemours;48.27;2.69;08/08/2026;08:00;24.4;0;SOLEIL;2;0;0
Nemours;48.27;2.69;08/08/2026;09:00;24.4;0;SOLEIL;2;0;0
Nemours;48.27;2.69;08/08/2026;10:00;24.4;0;SOLEIL;2;0;0
Nemours;48.27;2.69;08/08/2026;11:00;30.1;0;SOLEIL;2;0;0
Nemours;48.27;2.69;08/08/2026;12:00;30.1;0;SOLEIL;2;0;0
Nemours;48.27;2.69;08/08/2026;13:00;30.1;0;SOLEIL;2;0;0
Nemours;48.27;2.69;08/08/2026;14:00;32.4;0;SOLEIL;1;0;0
Nemours;48.27;2.69;08/08/2026;15:00;32.4;0;SOLEIL;1;0;0
Nemours;48.27;2.69;08/08/2026;16:00;32.4;0;SOLEIL;1;0;0
Nemours;48.27;2.69;08/08/2026;17:00;31.1;0;SOLEIL;0;0;0
Nemours;48.27;2.69;08/08/2026;18:00;31.1;0;SOLEIL;0;0;0
Nemours;48.27;2.69;08/08/2026;19:00;31.1;0;SOLEIL;0;0;0
Nemours;48.27;2.69;08/08/2026;20:00;21.7;0;SOLEIL;2;0;0
Nemours;48.27;2.69;08/08/2026;21:00;21.7;0;SOLEIL;2;0;0
Nemours;48.27;2.69;08/08/2026;22:00;21.7;0;SOLEIL;2;0;0
Nemours;48.27;2.69;08/08/2026;23:00;18.9;5;SOLEIL VOILÉ;2;0;0
Nemours;48.27;2.69;09/08/2026;00:00;18.9;5;SOLEIL VOILÉ;2;0;0
Nemours;48.27;2.69;09/08/2026;01:00;18.9;5;SOLEIL VOILÉ;2;0;0
Nemours;48.27;2.69;09/08/2026;02:00;15.7;5;SOLEIL VOILÉ;0;0;0
Nemours;48.27;2.69;09/08/2026;03:00;15.7;5;SOLEIL VOILÉ;0;0;0
Nemours;48.27;2.69;09/08/2026;04:00;15.7;5;SOLEIL VOILÉ;0;0;0
Nemours;48.27;2.69;09/08/2026;05:00;19.2;5;SOLEIL VOILÉ;1;0;0
Nemours;48.27;2.69;09/08/2026;06:00;19.2;5;SOLEIL VOILÉ;1;0;0
Nemours;48.27;2.69;09/08/2026;07:00;19.2;5;SOLEIL VOILÉ;1;0;0
Nemours;48.27;2.69;09/08/2026;08:00;28.2;5;SOLEIL VOILÉ;1;0;0
Nemours;48.27;2.69;09/08/2026;09:00;28.2;5;SOLEIL VOILÉ;1;0;0
Nemours;48.27;2.69;09/08/2026;10:00;28.2;5;SOLEIL VOILÉ;1;0;0
Nemours;48.27;2.69;09/08/2026;11:00;29.6;5;SOLEIL VOILÉ;2;0;0
Nemours;48.27;2.69;09/08/2026;12:00;29.6;5;SOLEIL VOILÉ;2;0;0
Nemours;48.27;2.69;09/08/2026;13:00;29.6;5;SOLEIL VOILÉ;2;0;0
Nemours;48.27;2.69;09/08/2026;14:00;33;0;SOLEIL;2;0;0
Nemours;48.27;2.69;09/08/2026;15:00;33;0;SOLEIL;2;0;0
Nemours;48.27;2.69;09/08/2026;16:00;33;0;SOLEIL;2;0;0
Nemours;48.27;2.69;09/08/2026;17:00;31.9;0;SOLEIL;2;0;0
Nemours;48.27;2.69;09/08/2026;18:00;31.9;0;SOLEIL;2;0;0
Nemours;48.27;2.69;09/08/2026;19:00;31.9;0;SOLEIL;2;0;0
Nemours;48.27;2.69;09/08/2026;20:00;20.7;0;SOLEIL;5;0;0
Nemours;48.27;2.69;09/08/2026;21:00;18.3;0;SOLEIL;5;0;0
Nemours;48.27;2.69;09/08/2026;22:00;15.9;0;SOLEIL;5;0;0
Nemours;48.27;2.69;09/08/2026;23:00;21.2;0;SOLEIL;3;0;0
Nemours;48.27;2.69;10/08/2026;00:00;21.2;0;SOLEIL;3;0;0
Nemours;48.27;2.69;10/08/2026;01:00;21.2;0;SOLEIL;3;0;0
Nemours;48.27;2.69;10/08/2026;02:00;15.1;5;SOLEIL VOILÉ;5;0;0
Nemours;48.27;2.69;10/08/2026;03:00;15.1;5;SOLEIL VOILÉ;5;0;0
Nemours;48.27;2.69;10/08/2026;04:00;15.1;5;SOLEIL VOILÉ;5;0;0
Nemours;48.27;2.69;10/08/2026;05:00;19.7;0;SOLEIL;2;0;0
Nemours;48.27;2.69;10/08/2026;06:00;19.7;0;SOLEIL;2;0;0
Nemours;48.27;2.69;10/08/2026;07:00;19.7;0;SOLEIL;2;0;0
Nemours;48.27;2.69;10/08/2026;08:00;19.4;5;SOLEIL VOILÉ;5;0;0
Nemours;48.27;2.69;10/08/2026;09:00;21.5;5;SOLEIL VOILÉ;5;0;0
Nemours;48.27;2.69;10/08/2026;10:00;23.7;5;SOLEIL VOILÉ;5;0;0
Nemours;48.27;2.69;10/08/2026;11:00;31.2;0;SOLEIL;3;0;0
Nemours;48.27;2.69;10/08/2026;12:00;31.2;0;SOLEIL;3;0;0
Nemours;48.27;2.69;10/08/2026;13:00;31.2;0;SOLEIL;3;0;0
Nemours;48.27;2.69;10/08/2026;14:00;32.3;5;SOLEIL VOILÉ;5;0;0
Nemours;48.27;2.69;10/08/2026;15:00;34.4;5;SOLEIL VOILÉ;5;0;0
Nemours;48.27;2.69;10/08/2026;16:00;32.3;5;SOLEIL VOILÉ;5;0;0
Nemours;48.27;2.69;10/08/2026;17:00;31;0;SOLEIL;3;0;0
Nemours;48.27;2.69;10/08/2026;18:00;31;0;SOLEIL;3;0;0
Nemours;48.27;2.69;10/08/2026;19:00;31;0;SOLEIL;3;0;0
Nemours;48.27;2.69;10/08/2026;20:00;23.7;5;SOLEIL VOILÉ;5;0;0
Nemours;48.27;2.69;10/08/2026;21:00;21.5;5;SOLEIL VOILÉ;5;0;0
Nemours;48.27;2.69;10/08/2026;22:00;19.4;5;SOLEIL VOILÉ;5;0;0
Nemours;48.27;2.69;10/08/2026;23:00;18.6;0;SOLEIL;3;0;0
Nemours;48.27;2.69;11/08/2026;00:00;18.6;0;SOLEIL;3;0;0
Nemours;48.27;2.69;11/08/2026;01:00;18.6;0;SOLEIL;3;0;0
Nemours;48.27;2.69;11/08/2026;02:00;18.2;0;SOLEIL;5;0;0
Nemours;48.27;2.69;11/08/2026;03:00;18.2;0;SOLEIL;5;0;0
Nemours;48.27;2.69;11/08/2026;04:00;18.2;0;SOLEIL;5;0;0
Nemours;48.27;2.69;11/08/2026;05:00;17.9;0;SOLEIL;3;0;0
Nemours;48.27;2.69;11/08/2026;06:00;17.9;0;SOLEIL;3;0;0
Nemours;48.27;2.69;11/08/2026;07:00;17.9;0;SOLEIL;3;0;0
Nemours;48.27;2.69;11/08/2026;08:00;21.6;0;SOLEIL;5;0;0
Nemours;48.27;2.69;11/08/2026;09:00;23.3;0;SOLEIL;5;0;0
Nemours;48.27;2.69;11/08/2026;10:00;25.0;0;SOLEIL;5;0;0
Nemours;48.27;2.69;11/08/2026;11:00;30.1;0;SOLEIL;3;0;0
Nemours;48.27;2.69;11/08/2026;12:00;30.1;0;SOLEIL;3;0;0
Nemours;48.27;2.69;11/08/2026;13:00;30.1;0;SOLEIL;3;0;0
Nemours;48.27;2.69;11/08/2026;14:00;31.9;0;SOLEIL;5;0;0
Nemours;48.27;2.69;11/08/2026;15:00;33.6;0;SOLEIL;5;0;0
Nemours;48.27;2.69;11/08/2026;16:00;31.9;0;SOLEIL;5;0;0
Nemours;48.27;2.69;11/08/2026;17:00;30.5;0;SOLEIL;3;0;0
Nemours;48.27;2.69;11/08/2026;18:00;30.5;0;SOLEIL;3;0;0
Nemours;48.27;2.69;11/08/2026;19:00;30.5;0;SOLEIL;3;0;0
Nemours;48.27;2.69;11/08/2026;20:00;25.0;0;SOLEIL;5;0;0
Nemours;48.27;2.69;11/08/2026;21:00;23.3;0;SOLEIL;5;0;0
Nemours;48.27;2.69;11/08/2026;22:00;21.6;0;SOLEIL;5;0;0
Nemours;48.27;2.69;11/08/2026;23:00;17.9;0;SOLEIL;4;0;0
Nemours;48.27;2.69;12/08/2026;00:00;17.9;0;SOLEIL;4;0;0
Nemours;48.27;2.69;12/08/2026;01:00;17.9;0;SOLEIL;4;0;0
Nemours;48.27;2.69;12/08/2026;02:00;15.9;0;SOLEIL;5;0;0
Nemours;48.27;2.69;12/08/2026;03:00;15.9;0;SOLEIL;5;0;0
Nemours;48.27;2.69;12/08/2026;04:00;15.9;0;SOLEIL;5;0;0
Nemours;48.27;2.69;12/08/2026;05:00;18.7;0;SOLEIL;3;0;0
Nemours;48.27;2.69;12/08/2026;06:00;18.7;0;SOLEIL;3;0;0
Nemours;48.27;2.69;12/08/2026;07:00;18.7;0;SOLEIL;3;0;0
Nemours;48.27;2.69;12/08/2026;08:00;19.7;0;SOLEIL;5;0;0
Nemours;48.27;2.69;12/08/2026;09:00;21.6;0;SOLEIL;5;0;0
Nemours;48.27;2.69;12/08/2026;10:00;23.5;0;SOLEIL;5;0;0
Nemours;48.27;2.69;12/08/2026;11:00;33.1;0;SOLEIL;3;0;0
Nemours;48.27;2.69;12/08/2026;12:00;33.1;0;SOLEIL;3;0;0
Nemours;48.27;2.69;12/08/2026;13:00;33.1;0;SOLEIL;3;0;0
Nemours;48.27;2.69;12/08/2026;14:00;31.1;0;SOLEIL;5;0;0
Nemours;48.27;2.69;12/08/2026;15:00;33.0;0;SOLEIL;5;0;0
Nemours;48.27;2.69;12/08/2026;16:00;31.1;0;SOLEIL;5;0;0
Nemours;48.27;2.69;12/08/2026;17:00;32.5;0;SOLEIL;2;0;0
Nemours;48.27;2.69;12/08/2026;18:00;32.5;0;SOLEIL;2;0;0
Nemours;48.27;2.69;12/08/2026;19:00;32.5;0;SOLEIL;2;0;0
Nemours;48.27;2.69;12/08/2026;20:00;23.5;0;SOLEIL;5;0;0
Nemours;48.27;2.69;12/08/2026;21:00;21.6;0;SOLEIL;5;0;0
Nemours;48.27;2.69;12/08/2026;22:00;19.7;0;SOLEIL;5;0;0
Nemours;48.27;2.69;12/08/2026;23:00;21.4;0;SOLEIL;3;0;0
Provins;48.56;3.3;08/08/2026;00:00;15.7;0;SOLEIL;3;0;0
Provins;48.56;3.3;08/08/2026;01:00;15.7;0;SOLEIL;3;0;0
Provins;48.56;3.3;08/08/2026;02:00;12.9;0;SOLEIL;3;0;0
Provins;48.56;3.3;08/08/2026;03:00;12.9;0;SOLEIL;3;0;0
Provins;48.56;3.3;08/08/2026;04:00;12.9;0;SOLEIL;3;0;0
Provins;48.56;3.3;08/08/2026;05:00;15.4;0;SOLEIL;3;0;0
Provins;48.56;3.3;08/08/2026;06:00;15.4;0;SOLEIL;3;0;0
Provins;48.56;3.3;08/08/2026;07:00;15.4;0;SOLEIL;3;0;0
Provins;48.56;3.3;08/08/2026;08:00;24.1;0;SOLEIL;2;0;0
Provins;48.56;3.3;08/08/2026;09:00;24.1;0;SOLEIL;2;0;0
Provins;48.56;3.3;08/08/2026;10:00;24.1;0;SOLEIL;2;0;0
Provins;48.56;3.3;08/08/2026;11:00;28.2;0;SOLEIL;2;0;0
Provins;48.56;3.3;08/08/2026;12:00;28.2;0;SOLEIL;2;0;0
Provins;48.56;3.3;08/08/2026;13:00;28.2;0;SOLEIL;2;0;0
Provins;48.56;3.3;08/08/2026;14:00;30;0;SOLEIL;1;0;0
Provins;48.56;3.3;08/08/2026;15:00;30;0;SOLEIL;1;0;0
Provins;48.56;3.3;08/08/2026;16:00;30;0;SOLEIL;1;0;0
Provins;48.56;3.3;08/08/2026;17:00;28.4;0;SOLEIL;1;0;0
Provins;48.56;3.3;08/08/2026;18:00;28.4;0;SOLEIL;1;0;0
Provins;48.56;3.3;08/08/2026;19:00;28.4;0;SOLEIL;1;0;0
Provins;48.56;3.3;08/08/2026;20:00;20.6;0;SOLEIL;2;0;0
Provins;48.56;3.3;08/08/2026;21:00;20.6;0;SOLEIL;2;0;0
Provins;48.56;3.3;08/08/2026;22:00;20.6;0;SOLEIL;2;0;0
Provins;48.56;3.3;08/08/2026;23:00;18.4;0;SOLEIL;2;0;0
Provins;48.56;3.3;09/08/2026;00:00;18.4;0;SOLEIL;2;0;0
Provins;48.56;3.3;09/08/2026;01:00;18.4;0;SOLEIL;2;0;0
Provins;48.56;3.3;09/08/2026;02:00;16.1;5;SOLEIL VOILÉ;2;0;0
Provins;48.56;3.3;09/08/2026;03:00;16.1;5;SOLEIL VOILÉ;2;0;0
Provins;48.56;3.3;09/08/2026;04:00;16.1;5;SOLEIL VOILÉ;2;0;0
Provins;48.56;3.3;09/08/2026;05:00;18.6;5;SOLEIL VOILÉ;2;0;0
Provins;48.56;3.3;09/08/2026;06:00;18.6;5;SOLEIL VOILÉ;2;0;0
Provins;48.56;3.3;09/08/2026;07:00;18.6;5;SOLEIL VOILÉ;2;0;0
Provins;48.56;3.3;09/08/2026;08:00;27.5;5;SOLEIL VOILÉ;2;0;0
Provins;48.56;3.3;09/08/2026;09:00;27.5;5;SOLEIL VOILÉ;2;0;0
Provins;48.56;3.3;09/08/2026;10:00;27.5;5;SOLEIL VOILÉ;2;0;0
Provins;48.56;3.3;09/08/2026;11:00;31.6;5;SOLEIL VOILÉ;3;0;0
Provins;48.56;3.3;09/08/2026;12:00;31.6;5;SOLEIL VOILÉ;3;0;0
Provins;48.56;3.3;09/08/2026;13:00;31.6;5;SOLEIL VOILÉ;3;0;0
Provins;48.56;3.3;09/08/2026;14:00;32.1;0;SOLEIL;2;0;0
Provins;48.56;3.3;09/08/2026;15:00;32.1;0;SOLEIL;2;0;0
Provins;48.56;3.3;09/08/2026;16:00;32.1;0;SOLEIL;2;0;0
Provins;48.56;3.3;09/08/2026;17:00;29.6;0;SOLEIL;2;0;0
Provins;48.56;3.3;09/08/2026;18:00;29.6;0;SOLEIL;2;0;0
Provins;48.56;3.3;09/08/2026;19:00;29.6;0;SOLEIL;2;0;0
Provins;48.56;3.3;09/08/2026;20:00;20.0;0;SOLEIL;5;0;0
Provins;48.56;3.3;09/08/2026;21:00;17.9;0;SOLEIL;5;0;0
Provins;48.56;3.3;09/08/2026;22:00;15.8;0;SOLEIL;5;0;0
Provins;48.56;3.3;09/08/2026;23:00;20.6;0;SOLEIL;3;0;0
Provins;48.56;3.3;10/08/2026;00:00;20.6;0;SOLEIL;3;0;0
Provins;48.56;3.3;10/08/2026;01:00;20.6;0;SOLEIL;3;0;0
Provins;48.56;3.3;10/08/2026;02:00;15.6;5;SOLEIL VOILÉ;5;0;0
Provins;48.56;3.3;10/08/2026;03:00;15.6;5;SOLEIL VOILÉ;5;0;0
Provins;48.56;3.3;10/08/2026;04:00;15.6;5;SOLEIL VOILÉ;5;0;0
Provins;48.56;3.3;10/08/2026;05:00;16.7;0;SOLEIL;2;0;0
Provins;48.56;3.3;10/08/2026;06:00;16.7;0;SOLEIL;2;0;0
Provins;48.56;3.3;10/08/2026;07:00;16.7;0;SOLEIL;2;0;0
Provins;48.56;3.3;10/08/2026;08:00;19.4;5;SOLEIL VOILÉ;5;0;0
Provins;48.56;3.3;10/08/2026;09:00;21.3;5;SOLEIL VOILÉ;5;0;0
Provins;48.56;3.3;10/08/2026;10:00;23.2;5;SOLEIL VOILÉ;5;0;0
Provins;48.56;3.3;10/08/2026;11:00;30.1;0;SOLEIL;3;0;0
Provins;48.56;3.3;10/08/2026;12:00;30.1;0;SOLEIL;3;0;0
Provins;48.56;3.3;10/08/2026;13:00;30.1;0;SOLEIL;3;0;0
Provins;48.56;3.3;10/08/2026;14:00;30.7;5;SOLEIL VOILÉ;5;0;0
Provins;48.56;3.3;10/08/2026;15:00;32.6;5;SOLEIL VOILÉ;5;0;0
Provins;48.56;3.3;10/08/2026;16:00;30.7;5;SOLEIL VOILÉ;5;0;0
Provins;48.56;3.3;10/08/2026;17:00;26.6;0;SOLEIL;3;0;0
Provins;48.56;3.3;10/08/2026;18:00;26.6;0;SOLEIL;3;0;0
Provins;48.56;3.3;10/08/2026;19:00;26.6;0;SOLEIL;3;0;0
Provins;48.56;3.3;10/08/2026;20:00;23.2;5;SOLEIL VOILÉ;5;0;0
Provins;48.56;3.3;10/08/2026;21:00;21.3;5;SOLEIL VOILÉ;5;0;0
Provins;48.56;3.3;10/08/2026;22:00;19.4;5;SOLEIL VOILÉ;5;0;0
Provins;48.56;3.3;10/08/2026;23:00;15.6;0;SOLEIL;3;0;0
Provins;48.56;3.3;11/08/2026;00:00;15.6;0;SOLEIL;3;0;0
Provins;48.56;3.3;11/08/2026;01:00;15.6;0;SOLEIL;3;0;0
Provins;48.56;3.3;11/08/2026;02:00;14.9;0;SOLEIL;5;0;0
Provins;48.56;3.3;11/08/2026;03:00;14.9;0;SOLEIL;5;0;0
Provins;48.56;3.3;11/08/2026;04:00;14.9;0;SOLEIL;5;0;0
Provins;48.56;3.3;11/08/2026;05:00;14.7;0;SOLEIL;3;0;0
Provins;48.56;3.3;11/08/2026;06:00;14.7;0;SOLEIL;3;0;0
Provins;48.56;3.3;11/08/2026;07:00;14.7;0;SOLEIL;3;0;0
Provins;48.56;3.3;11/08/2026;08:00;18.7;0;SOLEIL;5;0;0
Provins;48.56;3.3;11/08/2026;09:00;20.6;0;SOLEIL;5;0;0
Provins;48.56;3.3;11/08/2026;10:00;22.5;0;SOLEIL;5;0;0
Provins;48.56;3.3;11/08/2026;11:00;29.2;0;SOLEIL;3;0;0
Provins;48.56;3.3;11/08/2026;12:00;29.2;0;SOLEIL;3;0;0
Provins;48.56;3.3;11/08/2026;13:00;29.2;0;SOLEIL;3;0;0
Provins;48.56;3.3;11/08/2026;14:00;30.2;0;SOLEIL;5;0;0
Provins;48.56;3.3;11/08/2026;15:00;32.1;0;SOLEIL;5;0;0
Provins;48.56;3.3;11/08/2026;16:00;30.2;0;SOLEIL;5;0;0
Provins;48.56;3.3;11/08/2026;17:00;26.1;0;SOLEIL;3;0;0
Provins;48.56;3.3;11/08/2026;18:00;26.1;0;SOLEIL;3;0;0
Provins;48.56;3.3;11/08/2026;19:00;26.1;0;SOLEIL;3;0;0
Provins;48.56;3.3;11/08/2026;20:00;22.5;0;SOLEIL;5;0;0
Provins;48.56;3.3;11/08/2026;21:00;20.6;0;SOLEIL;5;0;0
Provins;48.56;3.3;11/08/2026;22:00;18.7;0;SOLEIL;5;0;0
Provins;48.56;3.3;11/08/2026;23:00;15.6;0;SOLEIL;4;0;0
Provins;48.56;3.3;12/08/2026;00:00;15.6;0;SOLEIL;4;0;0
Provins;48.56;3.3;12/08/2026;01:00;15.6;0;SOLEIL;4;0;0
Provins;48.56;3.3;12/08/2026;02:00;13.1;0;SOLEIL;5;0;0
Provins;48.56;3.3;12/08/2026;03:00;13.1;0;SOLEIL;5;0;0
Provins;48.56;3.3;12/08/2026;04:00;13.1;0;SOLEIL;5;0;0
Provins;48.56;3.3;12/08/2026;05:00;15.6;0;SOLEIL;3;0;0
Provins;48.56;3.3;12/08/2026;06:00;15.6;0;SOLEIL;3;0;0
Provins;48.56;3.3;12/08/2026;07:00;15.6;0;SOLEIL;3;0;0
Provins;48.56;3.3;12/08/2026;08:00;17.2;0;SOLEIL;5;0;0
Provins;48.56;3.3;12/08/2026;09:00;19.2;0;SOLEIL;5;0;0
Provins;48.56;3.3;12/08/2026;10:00;21.3;0;SOLEIL;5;0;0
Provins;48.56;3.3;12/08/2026;11:00;31.6;0;SOLEIL;3;0;0
Provins;48.56;3.3;12/08/2026;12:00;31.6;0;SOLEIL;3;0;0
Provins;48.56;3.3;12/08/2026;13:00;31.6;0;SOLEIL;3;0;0
Provins;48.56;3.3;12/08/2026;14:00;29.5;0;SOLEIL;5;0;0
Provins;48.56;3.3;12/08/2026;15:00;31.5;0;SOLEIL;5;0;0
Provins;48.56;3.3;12/08/2026;16:00;29.5;0;SOLEIL;5;0;0
Provins;48.56;3.3;12/08/2026;17:00;28.5;0;SOLEIL;2;0;0
Provins;48.56;3.3;12/08/2026;18:00;28.5;0;SOLEIL;2;0;0
Provins;48.56;3.3;12/08/2026;19:00;28.5;0;SOLEIL;2;0;0
Provins;48.56;3.3;12/08/2026;20:00;21.3;0;SOLEIL;5;0;0
Provins;48.56;3.3;12/08/2026;21:00;19.2;0;SOLEIL;5;0;0
Provins;48.56;3.3;12/08/2026;22:00;17.2;0;SOLEIL;5;0;0
Provins;48.56;3.3;12/08/2026;23:00;17.9;0;SOLEIL;3;0;0
Tournan-en-Brie;48.74;2.77;08/08/2026;00:00;18.2;0;SOLEIL;3;0;0
Tournan-en-Brie;48.74;2.77;08/08/2026;01:00;18.2;0;SOLEIL;3;0;0
Tournan-en-Brie;48.74;2.77;08/08/2026;02:00;16.6;0;SOLEIL;3;0;0
Tournan-en-Brie;48.74;2.77;08/08/2026;03:00;16.6;0;SOLEIL;3;0;0
Tournan-en-Brie;48.74;2.77;08/08/2026;04:00;16.6;0;SOLEIL;3;0;0
Tournan-en-Brie;48.74;2.77;08/08/2026;05:00;17.6;0;SOLEIL;2;0;0
Tournan-en-Brie;48.74;2.77;08/08/2026;06:00;17.6;0;SOLEIL;2;0;0
Tournan-en-Brie;48.74;2.77;08/08/2026;07:00;17.6;0;SOLEIL;2;0;0
Tournan-en-Brie;48.74;2.77;08/08/2026;08:00;23.7;0;SOLEIL;2;0;0
Tournan-en-Brie;48.74;2.77;08/08/2026;09:00;23.7;0;SOLEIL;2;0;0
Tournan-en-Brie;48.74;2.77;08/08/2026;10:00;23.7;0;SOLEIL;2;0;0
Tournan-en-Brie;48.74;2.77;08/08/2026;11:00;28.1;0;SOLEIL;2;0;0
Tournan-en-Brie;48.74;2.77;08/08/2026;12:00;28.1;0;SOLEIL;2;0;0
Tournan-en-Brie;48.74;2.77;08/08/2026;13:00;28.1;0;SOLEIL;2;0;0
Tournan-en-Brie;48.74;2.77;08/08/2026;14:00;30.1;0;SOLEIL;2;0;0
Tournan-en-Brie;48.74;2.77;08/08/2026;15:00;30.1;0;SOLEIL;2;0;0
Tournan-en-Brie;48.74;2.77;08/08/2026;16:00;30.1;0;SOLEIL;2;0;0
Tournan-en-Brie;48.74;2.77;08/08/2026;17:00;29.1;0;SOLEIL;1;0;0
Tournan-en-Brie;48.74;2.77;08/08/2026;18:00;29.1;0;SOLEIL;1;0;0
Tournan-en-Brie;48.74;2.77;08/08/2026;19:00;29.1;0;SOLEIL;1;0;0
Tournan-en-Brie;48.74;2.77;08/08/2026;20:00;22.2;0;SOLEIL;2;0;0
Tournan-en-Brie;48.74;2.77;08/08/2026;21:00;22.2;0;SOLEIL;2;0;0
Tournan-en-Brie;48.74;2.77;08/08/2026;22:00;22.2;0;SOLEIL;2;0;0
Tournan-en-Brie;48.74;2.77;08/08/2026;23:00;19.9;0;SOLEIL;2;0;0
Tournan-en-Brie;48.74;2.77;09/08/2026;00:00;19.9;0;SOLEIL;2;0;0
Tournan-en-Brie;48.74;2.77;09/08/2026;01:00;19.9;0;SOLEIL;2;0;0
Tournan-en-Brie;48.74;2.77;09/08/2026;02:00;18.4;5;SOLEIL VOILÉ;2;0;0
Tournan-en-Brie;48.74;2.77;09/08/2026;03:00;18.4;5;SOLEIL VOILÉ;2;0;0
Tournan-en-Brie;48.74;2.77;09/08/2026;04:00;18.4;5;SOLEIL VOILÉ;2;0;0
Tournan-en-Brie;48.74;2.77;09/08/2026;05:00;19.5;5;SOLEIL VOILÉ;2;0;0
Tournan-en-Brie;48.74;2.77;09/08/2026;06:00;19.5;5;SOLEIL VOILÉ;2;0;0
Tournan-en-Brie;48.74;2.77;09/08/2026;07:00;19.5;5;SOLEIL VOILÉ;2;0;0
Tournan-en-Brie;48.74;2.77;09/08/2026;08:00;27.4;5;SOLEIL VOILÉ;2;0;0
Tournan-en-Brie;48.74;2.77;09/08/2026;09:00;27.4;5;SOLEIL VOILÉ;2;0;0
Tournan-en-Brie;48.74;2.77;09/08/2026;10:00;27.4;5;SOLEIL VOILÉ;2;0;0
Tournan-en-Brie;48.74;2.77;09/08/2026;11:00;30.6;5;SOLEIL VOILÉ;3;0;0
Tournan-en-Brie;48.74;2.77;09/08/2026;12:00;30.6;5;SOLEIL VOILÉ;3;0;0
Tournan-en-Brie;48.74;2.77;09/08/2026;13:00;30.6;5;SOLEIL VOILÉ;3;0;0
Tournan-en-Brie;48.74;2.77;09/08/2026;14:00;31.2;0;SOLEIL;2;0;0
Tournan-en-Brie;48.74;2.77;09/08/2026;15:00;31.2;0;SOLEIL;2;0;0
Tournan-en-Brie;48.74;2.77;09/08/2026;16:00;31.2;0;SOLEIL;2;0;0
Tournan-en-Brie;48.74;2.77;09/08/2026;17:00;29.7;0;SOLEIL;3;0;0
Tournan-en-Brie;48.74;2.77;09/08/2026;18:00;29.7;0;SOLEIL;3;0;0
Tournan-en-Brie;48.74;2.77;09/08/2026;19:00;29.7;0;SOLEIL;3;0;0
Tournan-en-Brie;48.74;2.77;09/08/2026;20:00;22.2;0;SOLEIL;5;0;0
Tournan-en-Brie;48.74;2.77;09/08/2026;21:00;20.5;0;SOLEIL;5;0;0
Tournan-en-Brie;48.74;2.77;09/08/2026;22:00;18.9;0;SOLEIL;5;0;0
Tournan-en-Brie;48.74;2.77;09/08/2026;23:00;21.6;0;SOLEIL;3;0;0
Tournan-en-Brie;48.74;2.77;10/08/2026;00:00;21.6;0;SOLEIL;3;0;0
Tournan-en-Brie;48.74;2.77;10/08/2026;01:00;21.6;0;SOLEIL;3;0;0
Tournan-en-Brie;48.74;2.77;10/08/2026;02:00;17.4;5;SOLEIL VOILÉ;5;0;0
Tournan-en-Brie;48.74;2.77;10/08/2026;03:00;17.4;5;SOLEIL VOILÉ;5;0;0
Tournan-en-Brie;48.74;2.77;10/08/2026;04:00;17.4;5;SOLEIL VOILÉ;5;0;0
Tournan-en-Brie;48.74;2.77;10/08/2026;05:00;19.6;0;SOLEIL;2;0;0
Tournan-en-Brie;48.74;2.77;10/08/2026;06:00;19.6;0;SOLEIL;2;0;0
Tournan-en-Brie;48.74;2.77;10/08/2026;07:00;19.6;0;SOLEIL;2;0;0
Tournan-en-Brie;48.74;2.77;10/08/2026;08:00;20.7;5;SOLEIL VOILÉ;5;0;0
Tournan-en-Brie;48.74;2.77;10/08/2026;09:00;22.3;5;SOLEIL VOILÉ;5;0;0
Tournan-en-Brie;48.74;2.77;10/08/2026;10:00;23.9;5;SOLEIL VOILÉ;5;0;0
Tournan-en-Brie;48.74;2.77;10/08/2026;11:00;28.6;0;SOLEIL;3;0;0
Tournan-en-Brie;48.74;2.77;10/08/2026;12:00;28.6;0;SOLEIL;3;0;0
Tournan-en-Brie;48.74;2.77;10/08/2026;13:00;28.6;0;SOLEIL;3;0;0
Tournan-en-Brie;48.74;2.77;10/08/2026;14:00;30.5;5;SOLEIL VOILÉ;5;0;0
Tournan-en-Brie;48.74;2.77;10/08/2026;15:00;32.1;5;SOLEIL VOILÉ;5;0;0
Tournan-en-Brie;48.74;2.77;10/08/2026;16:00;30.5;5;SOLEIL VOILÉ;5;0;0
Tournan-en-Brie;48.74;2.77;10/08/2026;17:00;27.6;0;SOLEIL;3;0;0
Tournan-en-Brie;48.74;2.77;10/08/2026;18:00;27.6;0;SOLEIL;3;0;0
Tournan-en-Brie;48.74;2.77;10/08/2026;19:00;27.6;0;SOLEIL;3;0;0
Tournan-en-Brie;48.74;2.77;10/08/2026;20:00;23.9;5;SOLEIL VOILÉ;5;0;0
Tournan-en-Brie;48.74;2.77;10/08/2026;21:00;22.3;5;SOLEIL VOILÉ;5;0;0
Tournan-en-Brie;48.74;2.77;10/08/2026;22:00;20.7;5;SOLEIL VOILÉ;5;0;0
Tournan-en-Brie;48.74;2.77;10/08/2026;23:00;17.9;0;SOLEIL;3;0;0
Tournan-en-Brie;48.74;2.77;11/08/2026;00:00;17.9;0;SOLEIL;3;0;0
Tournan-en-Brie;48.74;2.77;11/08/2026;01:00;17.9;0;SOLEIL;3;0;0
Tournan-en-Brie;48.74;2.77;11/08/2026;02:00;17.5;0;SOLEIL;5;0;0
Tournan-en-Brie;48.74;2.77;11/08/2026;03:00;17.5;0;SOLEIL;5;0;0
Tournan-en-Brie;48.74;2.77;11/08/2026;04:00;17.5;0;SOLEIL;5;0;0
Tournan-en-Brie;48.74;2.77;11/08/2026;05:00;17.7;0;SOLEIL;3;0;0
Tournan-en-Brie;48.74;2.77;11/08/2026;06:00;17.7;0;SOLEIL;3;0;0
Tournan-en-Brie;48.74;2.77;11/08/2026;07:00;17.7;0;SOLEIL;3;0;0
Tournan-en-Brie;48.74;2.77;11/08/2026;08:00;20.4;0;SOLEIL;5;0;0
Tournan-en-Brie;48.74;2.77;11/08/2026;09:00;21.8;0;SOLEIL;5;0;0
Tournan-en-Brie;48.74;2.77;11/08/2026;10:00;23.2;0;SOLEIL;5;0;0
Tournan-en-Brie;48.74;2.77;11/08/2026;11:00;27.5;0;SOLEIL;3;0;0
Tournan-en-Brie;48.74;2.77;11/08/2026;12:00;27.5;0;SOLEIL;3;0;0
Tournan-en-Brie;48.74;2.77;11/08/2026;13:00;27.5;0;SOLEIL;3;0;0
Tournan-en-Brie;48.74;2.77;11/08/2026;14:00;29.0;0;SOLEIL;5;0;0
Tournan-en-Brie;48.74;2.77;11/08/2026;15:00;30.4;0;SOLEIL;5;0;0
Tournan-en-Brie;48.74;2.77;11/08/2026;16:00;29.0;0;SOLEIL;5;0;0
Tournan-en-Brie;48.74;2.77;11/08/2026;17:00;27.1;0;SOLEIL;4;0;0
Tournan-en-Brie;48.74;2.77;11/08/2026;18:00;27.1;0;SOLEIL;4;0;0
Tournan-en-Brie;48.74;2.77;11/08/2026;19:00;27.1;0;SOLEIL;4;0;0
Tournan-en-Brie;48.74;2.77;11/08/2026;20:00;23.2;0;SOLEIL;5;0;0
Tournan-en-Brie;48.74;2.77;11/08/2026;21:00;21.8;0;SOLEIL;5;0;0
Tournan-en-Brie;48.74;2.77;11/08/2026;22:00;20.4;0;SOLEIL;5;0;0
Tournan-en-Brie;48.74;2.77;11/08/2026;23:00;17.7;0;SOLEIL;4;0;0
Tournan-en-Brie;48.74;2.77;12/08/2026;00:00;17.7;0;SOLEIL;4;0;0
Tournan-en-Brie;48.74;2.77;12/08/2026;01:00;17.7;0;SOLEIL;4;0;0
Tournan-en-Brie;48.74;2.77;12/08/2026;02:00;15.6;0;SOLEIL;5;0;0
Tournan-en-Brie;48.74;2.77;12/08/2026;03:00;15.6;0;SOLEIL;5;0;0
Tournan-en-Brie;48.74;2.77;12/08/2026;04:00;15.6;0;SOLEIL;5;0;0
Tournan-en-Brie;48.74;2.77;12/08/2026;05:00;19.1;0;SOLEIL;3;0;0
Tournan-en-Brie;48.74;2.77;12/08/2026;06:00;19.1;0;SOLEIL;3;0;0
Tournan-en-Brie;48.74;2.77;12/08/2026;07:00;19.1;0;SOLEIL;3;0;0
Tournan-en-Brie;48.74;2.77;12/08/2026;08:00;18.7;0;SOLEIL;5;0;0
Tournan-en-Brie;48.74;2.77;12/08/2026;09:00;20.3;0;SOLEIL;5;0;0
Tournan-en-Brie;48.74;2.77;12/08/2026;10:00;21.8;0;SOLEIL;5;0;0
Tournan-en-Brie;48.74;2.77;12/08/2026;11:00;30.6;0;SOLEIL;2;0;0
Tournan-en-Brie;48.74;2.77;12/08/2026;12:00;30.6;0;SOLEIL;2;0;0
Tournan-en-Brie;48.74;2.77;12/08/2026;13:00;30.6;0;SOLEIL;2;0;0
Tournan-en-Brie;48.74;2.77;12/08/2026;14:00;28.0;0;SOLEIL;5;0;0
Tournan-en-Brie;48.74;2.77;12/08/2026;15:00;29.6;0;SOLEIL;5;0;0
Tournan-en-Brie;48.74;2.77;12/08/2026;16:00;28.0;0;SOLEIL;5;0;0
Tournan-en-Brie;48.74;2.77;12/08/2026;17:00;29.6;0;SOLEIL;2;0;0
Tournan-en-Brie;48.74;2.77;12/08/2026;18:00;29.6;0;SOLEIL;2;0;0
Tournan-en-Brie;48.74;2.77;12/08/2026;19:00;29.6;0;SOLEIL;2;0;0
Tournan-en-Brie;48.74;2.77;12/08/2026;20:00;21.8;0;SOLEIL;5;0;0
Tournan-en-Brie;48.74;2.77;12/08/2026;21:00;20.3;0;SOLEIL;5;0;0
Tournan-en-Brie;48.74;2.77;12/08/2026;22:00;18.7;0;SOLEIL;5;0;0
Tournan-en-Brie;48.74;2.77;12/08/2026;23:00;20.2;0;SOLEIL;3;0;0
Houdan;48.79;1.6;08/08/2026;00:00;13.2;0;SOLEIL;2;0;0
Houdan;48.79;1.6;08/08/2026;01:00;13.2;0;SOLEIL;2;0;0
Houdan;48.79;1.6;08/08/2026;02:00;10.7;0;SOLEIL;2;0;0
Houdan;48.79;1.6;08/08/2026;03:00;10.7;0;SOLEIL;2;0;0
Houdan;48.79;1.6;08/08/2026;04:00;10.7;0;SOLEIL;2;0;0
Houdan;48.79;1.6;08/08/2026;05:00;12.4;0;SOLEIL;3;0;0
Houdan;48.79;1.6;08/08/2026;06:00;12.4;0;SOLEIL;3;0;0
Houdan;48.79;1.6;08/08/2026;07:00;12.4;0;SOLEIL;3;0;0
Houdan;48.79;1.6;08/08/2026;08:00;23.6;5;SOLEIL VOILÉ;2;0;0
Houdan;48.79;1.6;08/08/2026;09:00;23.6;5;SOLEIL VOILÉ;2;0;0
Houdan;48.79;1.6;08/08/2026;10:00;23.6;5;SOLEIL VOILÉ;2;0;0
Houdan;48.79;1.6;08/08/2026;11:00;27.9;0;SOLEIL;3;0;0
Houdan;48.79;1.6;08/08/2026;12:00;27.9;0;SOLEIL;3;0;0
Houdan;48.79;1.6;08/08/2026;13:00;27.9;0;SOLEIL;3;0;0
Houdan;48.79;1.6;08/08/2026;14:00;30.1;5;SOLEIL VOILÉ;3;0;0
Houdan;48.79;1.6;08/08/2026;15:00;30.1;5;SOLEIL VOILÉ;3;0;0
Houdan;48.79;1.6;08/08/2026;16:00;30.1;5;SOLEIL VOILÉ;3;0;0
Houdan;48.79;1.6;08/08/2026;17:00;29.1;0;SOLEIL;3;0;0
Houdan;48.79;1.6;08/08/2026;18:00;29.1;0;SOLEIL;3;0;0
Houdan;48.79;1.6;08/08/2026;19:00;29.1;0;SOLEIL;3;0;0
Houdan;48.79;1.6;08/08/2026;20:00;20.6;0;SOLEIL;2;0;0
Houdan;48.79;1.6;08/08/2026;21:00;20.6;0;SOLEIL;2;0;0
Houdan;48.79;1.6;08/08/2026;22:00;20.6;0;SOLEIL;2;0;0
Houdan;48.79;1.6;08/08/2026;23:00;16.1;5;SOLEIL VOILÉ;2;0;0
Houdan;48.79;1.6;09/08/2026;00:00;16.1;5;SOLEIL VOILÉ;2;0;0
Houdan;48.79;1.6;09/08/2026;01:00;16.1;5;SOLEIL VOILÉ;2;0;0
Houdan;48.79;1.6;09/08/2026;02:00;14.4;5;SOLEIL VOILÉ;2;0;0
Houdan;48.79;1.6;09/08/2026;03:00;14.4;5;SOLEIL VOILÉ;2;0;0
Houdan;48.79;1.6;09/08/2026;04:00;14.4;5;SOLEIL VOILÉ;2;0;0
Houdan;48.79;1.6;09/08/2026;05:00;15.6;5;SOLEIL VOILÉ;0;0;0
Houdan;48.79;1.6;09/08/2026;06:00;15.6;5;SOLEIL VOILÉ;0;0;0
Houdan;48.79;1.6;09/08/2026;07:00;15.6;5;SOLEIL VOILÉ;0;0;0
Houdan;48.79;1.6;09/08/2026;08:00;27.6;0;SOLEIL;2;0;0
Houdan;48.79;1.6;09/08/2026;09:00;27.6;0;SOLEIL;2;0;0
Houdan;48.79;1.6;09/08/2026;10:00;27.6;0;SOLEIL;2;0;0
Houdan;48.79;1.6;09/08/2026;11:00;30.6;0;SOLEIL;3;0;0
Houdan;48.79;1.6;09/08/2026;12:00;30.6;0;SOLEIL;3;0;0
Houdan;48.79;1.6;09/08/2026;13:00;30.6;0;SOLEIL;3;0;0
Houdan;48.79;1.6;09/08/2026;14:00;31;0;SOLEIL;3;0;0
Houdan;48.79;1.6;09/08/2026;15:00;31;0;SOLEIL;3;0;0
Houdan;48.79;1.6;09/08/2026;16:00;31;0;SOLEIL;3;0;0
Houdan;48.79;1.6;09/08/2026;17:00;29.6;0;SOLEIL;3;0;0
Houdan;48.79;1.6;09/08/2026;18:00;29.6;0;SOLEIL;3;0;0
Houdan;48.79;1.6;09/08/2026;19:00;29.6;0;SOLEIL;3;0;0
Houdan;48.79;1.6;09/08/2026;20:00;19.1;0;SOLEIL;5;0;0
Houdan;48.79;1.6;09/08/2026;21:00;16.7;0;SOLEIL;5;0;0
Houdan;48.79;1.6;09/08/2026;22:00;14.3;0;SOLEIL;5;0;0
Houdan;48.79;1.6;09/08/2026;23:00;18.7;0;SOLEIL;2;0;0
Houdan;48.79;1.6;10/08/2026;00:00;18.7;0;SOLEIL;2;0;0
Houdan;48.79;1.6;10/08/2026;01:00;18.7;0;SOLEIL;2;0;0
Houdan;48.79;1.6;10/08/2026;02:00;13.5;0;SOLEIL;5;0;0
Houdan;48.79;1.6;10/08/2026;03:00;13.5;0;SOLEIL;5;0;0
Houdan;48.79;1.6;10/08/2026;04:00;13.5;0;SOLEIL;5;0;0
Houdan;48.79;1.6;10/08/2026;05:00;17.7;0;SOLEIL;2;0;0
Houdan;48.79;1.6;10/08/2026;06:00;17.7;0;SOLEIL;2;0;0
Houdan;48.79;1.6;10/08/2026;07:00;17.7;0;SOLEIL;2;0;0
Houdan;48.79;1.6;10/08/2026;08:00;17.6;0;SOLEIL;5;0;0
Houdan;48.79;1.6;10/08/2026;09:00;19.7;0;SOLEIL;5;0;0
Houdan;48.79;1.6;10/08/2026;10:00;21.7;0;SOLEIL;5;0;0
Houdan;48.79;1.6;10/08/2026;11:00;28.5;0;SOLEIL;3;0;0
Houdan;48.79;1.6;10/08/2026;12:00;28.5;0;SOLEIL;3;0;0
Houdan;48.79;1.6;10/08/2026;13:00;28.5;0;SOLEIL;3;0;0
Houdan;48.79;1.6;10/08/2026;14:00;29.9;0;SOLEIL;5;0;0
Houdan;48.79;1.6;10/08/2026;15:00;32.0;0;SOLEIL;5;0;0
Houdan;48.79;1.6;10/08/2026;16:00;29.9;0;SOLEIL;5;0;0
Houdan;48.79;1.6;10/08/2026;17:00;27.7;0;SOLEIL;4;0;0
Houdan;48.79;1.6;10/08/2026;18:00;27.7;0;SOLEIL;4;0;0
Houdan;48.79;1.6;10/08/2026;19:00;27.7;0;SOLEIL;4;0;0
Houdan;48.79;1.6;10/08/2026;20:00;21.7;0;SOLEIL;5;0;0
Houdan;48.79;1.6;10/08/2026;21:00;19.7;0;SOLEIL;5;0;0
Houdan;48.79;1.6;10/08/2026;22:00;17.6;0;SOLEIL;5;0;0
Houdan;48.79;1.6;10/08/2026;23:00;17.1;0;SOLEIL;3;0;0
Houdan;48.79;1.6;11/08/2026;00:00;17.1;0;SOLEIL;3;0;0
Houdan;48.79;1.6;11/08/2026;01:00;17.1;0;SOLEIL;3;0;0
Houdan;48.79;1.6;11/08/2026;02:00;15.9;0;SOLEIL;5;0;0
Houdan;48.79;1.6;11/08/2026;03:00;15.9;0;SOLEIL;5;0;0
Houdan;48.79;1.6;11/08/2026;04:00;15.9;0;SOLEIL;5;0;0
Houdan;48.79;1.6;11/08/2026;05:00;16.5;0;SOLEIL;3;0;0
Houdan;48.79;1.6;11/08/2026;06:00;16.5;0;SOLEIL;3;0;0
Houdan;48.79;1.6;11/08/2026;07:00;16.5;0;SOLEIL;3;0;0
Houdan;48.79;1.6;11/08/2026;08:00;19.2;0;SOLEIL;5;0;0
Houdan;48.79;1.6;11/08/2026;09:00;20.9;0;SOLEIL;5;0;0
Houdan;48.79;1.6;11/08/2026;10:00;22.6;0;SOLEIL;5;0;0
Houdan;48.79;1.6;11/08/2026;11:00;28.9;0;SOLEIL;3;0;0
Houdan;48.79;1.6;11/08/2026;12:00;28.9;0;SOLEIL;3;0;0
Houdan;48.79;1.6;11/08/2026;13:00;28.9;0;SOLEIL;3;0;0
Houdan;48.79;1.6;11/08/2026;14:00;29.2;0;SOLEIL;5;0;0
Houdan;48.79;1.6;11/08/2026;15:00;30.9;0;SOLEIL;5;0;0
Houdan;48.79;1.6;11/08/2026;16:00;29.2;0;SOLEIL;5;0;0
Houdan;48.79;1.6;11/08/2026;17:00;29.1;0;SOLEIL;4;0;0
Houdan;48.79;1.6;11/08/2026;18:00;29.1;0;SOLEIL;4;0;0
Houdan;48.79;1.6;11/08/2026;19:00;29.1;0;SOLEIL;4;0;0
Houdan;48.79;1.6;11/08/2026;20:00;22.6;0;SOLEIL;5;0;0
Houdan;48.79;1.6;11/08/2026;21:00;20.9;0;SOLEIL;5;0;0
Houdan;48.79;1.6;11/08/2026;22:00;19.2;0;SOLEIL;5;0;0
Houdan;48.79;1.6;11/08/2026;23:00;18.2;0;SOLEIL;4;0;0
Houdan;48.79;1.6;12/08/2026;00:00;18.2;0;SOLEIL;4;0;0
Houdan;48.79;1.6;12/08/2026;01:00;18.2;0;SOLEIL;4;0;0
Houdan;48.79;1.6;12/08/2026;02:00;14.6;0;SOLEIL;5;0;0
Houdan;48.79;1.6;12/08/2026;03:00;14.6;0;SOLEIL;5;0;0
Houdan;48.79;1.6;12/08/2026;04:00;14.6;0;SOLEIL;5;0;0
Houdan;48.79;1.6;12/08/2026;05:00;18.1;0;SOLEIL;3;0;0
Houdan;48.79;1.6;12/08/2026;06:00;18.1;0;SOLEIL;3;0;0
Houdan;48.79;1.6;12/08/2026;07:00;18.1;0;SOLEIL;3;0;0
Houdan;48.79;1.6;12/08/2026;08:00;18.4;0;SOLEIL;5;0;0
Houdan;48.79;1.6;12/08/2026;09:00;20.3;0;SOLEIL;5;0;0
Houdan;48.79;1.6;12/08/2026;10:00;22.2;0;SOLEIL;5;0;0
Houdan;48.79;1.6;12/08/2026;11:00;32.2;0;SOLEIL;3;0;0
Houdan;48.79;1.6;12/08/2026;12:00;32.2;0;SOLEIL;3;0;0
Houdan;48.79;1.6;12/08/2026;13:00;32.2;0;SOLEIL;3;0;0
Houdan;48.79;1.6;12/08/2026;14:00;29.8;0;SOLEIL;5;0;0
Houdan;48.79;1.6;12/08/2026;15:00;31.7;0;SOLEIL;5;0;0
Houdan;48.79;1.6;12/08/2026;16:00;29.8;0;SOLEIL;5;0;0
Houdan;48.79;1.6;12/08/2026;17:00;32.9;0;SOLEIL;2;0;0
Houdan;48.79;1.6;12/08/2026;18:00;32.9;0;SOLEIL;2;0;0
Houdan;48.79;1.6;12/08/2026;19:00;32.9;0;SOLEIL;2;0;0
Houdan;48.79;1.6;12/08/2026;20:00;22.2;0;SOLEIL;5;0;0
Houdan;48.79;1.6;12/08/2026;21:00;20.3;0;SOLEIL;5;0;0
Houdan;48.79;1.6;12/08/2026;22:00;18.4;0;SOLEIL;5;0;0
Houdan;48.79;1.6;12/08/2026;23:00;21;0;SOLEIL;3;0;0
Mantes-la-Jolie;48.99;1.72;08/08/2026;00:00;15.9;0;SOLEIL;2;0;0
Mantes-la-Jolie;48.99;1.72;08/08/2026;01:00;15.9;0;SOLEIL;2;0;0
Mantes-la-Jolie;48.99;1.72;08/08/2026;02:00;11.7;0;SOLEIL;2;0;0
Mantes-la-Jolie;48.99;1.72;08/08/2026;03:00;11.7;0;SOLEIL;2;0;0
Mantes-la-Jolie;48.99;1.72;08/08/2026;04:00;11.7;0;SOLEIL;2;0;0
Mantes-la-Jolie;48.99;1.72;08/08/2026;05:00;13.1;0;SOLEIL;2;0;0
Mantes-la-Jolie;48.99;1.72;08/08/2026;06:00;13.1;0;SOLEIL;2;0;0
Mantes-la-Jolie;48.99;1.72;08/08/2026;07:00;13.1;0;SOLEIL;2;0;0
Mantes-la-Jolie;48.99;1.72;08/08/2026;08:00;23;5;SOLEIL VOILÉ;2;0;0
Mantes-la-Jolie;48.99;1.72;08/08/2026;09:00;23;5;SOLEIL VOILÉ;2;0;0
Mantes-la-Jolie;48.99;1.72;08/08/2026;10:00;23;5;SOLEIL VOILÉ;2;0;0
Mantes-la-Jolie;48.99;1.72;08/08/2026;11:00;27.6;5;SOLEIL VOILÉ;2;0;0
Mantes-la-Jolie;48.99;1.72;08/08/2026;12:00;27.6;5;SOLEIL VOILÉ;2;0;0
Mantes-la-Jolie;48.99;1.72;08/08/2026;13:00;27.6;5;SOLEIL VOILÉ;2;0;0
Mantes-la-Jolie;48.99;1.72;08/08/2026;14:00;29.6;5;SOLEIL VOILÉ;1;0;0
Mantes-la-Jolie;48.99;1.72;08/08/2026;15:00;29.6;5;SOLEIL VOILÉ;1;0;0
Mantes-la-Jolie;48.99;1.72;08/08/2026;16:00;29.6;5;SOLEIL VOILÉ;1;0;0
Mantes-la-Jolie;48.99;1.72;08/08/2026;17:00;28.7;0;SOLEIL;2;0;0
Mantes-la-Jolie;48.99;1.72;08/08/2026;18:00;28.7;0;SOLEIL;2;0;0
Mantes-la-Jolie;48.99;1.72;08/08/2026;19:00;28.7;0;SOLEIL;2;0;0
Mantes-la-Jolie;48.99;1.72;08/08/2026;20:00;21.2;0;SOLEIL;2;0;0
Mantes-la-Jolie;48.99;1.72;08/08/2026;21:00;21.2;0;SOLEIL;2;0;0
Mantes-la-Jolie;48.99;1.72;08/08/2026;22:00;21.2;0;SOLEIL;2;0;0
Mantes-la-Jolie;48.99;1.72;08/08/2026;23:00;17.5;0;SOLEIL;2;0;0
Mantes-la-Jolie;48.99;1.72;09/08/2026;00:00;17.5;0;SOLEIL;2;0;0
Mantes-la-Jolie;48.99;1.72;09/08/2026;01:00;17.5;0;SOLEIL;2;0;0
Mantes-la-Jolie;48.99;1.72;09/08/2026;02:00;14.6;5;SOLEIL VOILÉ;2;0;0
Mantes-la-Jolie;48.99;1.72;09/08/2026;03:00;14.6;5;SOLEIL VOILÉ;2;0;0
Mantes-la-Jolie;48.99;1.72;09/08/2026;04:00;14.6;5;SOLEIL VOILÉ;2;0;0
Mantes-la-Jolie;48.99;1.72;09/08/2026;05:00;15.7;5;SOLEIL VOILÉ;0;0;0
Mantes-la-Jolie;48.99;1.72;09/08/2026;06:00;15.7;5;SOLEIL VOILÉ;0;0;0
Mantes-la-Jolie;48.99;1.72;09/08/2026;07:00;15.7;5;SOLEIL VOILÉ;0;0;0
Mantes-la-Jolie;48.99;1.72;09/08/2026;08:00;27.6;0;SOLEIL;2;0;0
Mantes-la-Jolie;48.99;1.72;09/08/2026;09:00;27.6;0;SOLEIL;2;0;0
Mantes-la-Jolie;48.99;1.72;09/08/2026;10:00;27.6;0;SOLEIL;2;0;0
Mantes-la-Jolie;48.99;1.72;09/08/2026;11:00;31.1;0;SOLEIL;3;0;0
Mantes-la-Jolie;48.99;1.72;09/08/2026;12:00;31.1;0;SOLEIL;3;0;0
Mantes-la-Jolie;48.99;1.72;09/08/2026;13:00;31.1;0;SOLEIL;3;0;0
Mantes-la-Jolie;48.99;1.72;09/08/2026;14:00;31.2;0;SOLEIL;3;0;0
Mantes-la-Jolie;48.99;1.72;09/08/2026;15:00;31.2;0;SOLEIL;3;0;0
Mantes-la-Jolie;48.99;1.72;09/08/2026;16:00;31.2;0;SOLEIL;3;0;0
Mantes-la-Jolie;48.99;1.72;09/08/2026;17:00;29.7;0;SOLEIL;4;0;0
Mantes-la-Jolie;48.99;1.72;09/08/2026;18:00;29.7;0;SOLEIL;4;0;0
Mantes-la-Jolie;48.99;1.72;09/08/2026;19:00;29.7;0;SOLEIL;4;0;0
Mantes-la-Jolie;48.99;1.72;09/08/2026;20:00;19.4;0;SOLEIL;5;0;0
Mantes-la-Jolie;48.99;1.72;09/08/2026;21:00;17.1;0;SOLEIL;5;0;0
Mantes-la-Jolie;48.99;1.72;09/08/2026;22:00;14.9;0;SOLEIL;5;0;0
Mantes-la-Jolie;48.99;1.72;09/08/2026;23:00;19.5;0;SOLEIL;2;0;0
Mantes-la-Jolie;48.99;1.72;10/08/2026;00:00;19.5;0;SOLEIL;2;0;0
Mantes-la-Jolie;48.99;1.72;10/08/2026;01:00;19.5;0;SOLEIL;2;0;0
Mantes-la-Jolie;48.99;1.72;10/08/2026;02:00;13.6;0;SOLEIL;5;0;0
Mantes-la-Jolie;48.99;1.72;10/08/2026;03:00;13.6;0;SOLEIL;5;0;0
Mantes-la-Jolie;48.99;1.72;10/08/2026;04:00;13.6;0;SOLEIL;5;0;0
Mantes-la-Jolie;48.99;1.72;10/08/2026;05:00;18.5;0;SOLEIL;2;0;0
Mantes-la-Jolie;48.99;1.72;10/08/2026;06:00;18.5;0;SOLEIL;2;0;0
Mantes-la-Jolie;48.99;1.72;10/08/2026;07:00;18.5;0;SOLEIL;2;0;0
Mantes-la-Jolie;48.99;1.72;10/08/2026;08:00;17.7;0;SOLEIL;5;0;0
Mantes-la-Jolie;48.99;1.72;10/08/2026;09:00;19.8;0;SOLEIL;5;0;0
Mantes-la-Jolie;48.99;1.72;10/08/2026;10:00;21.8;0;SOLEIL;5;0;0
Mantes-la-Jolie;48.99;1.72;10/08/2026;11:00;28.7;0;SOLEIL;3;0;0
Mantes-la-Jolie;48.99;1.72;10/08/2026;12:00;28.7;0;SOLEIL;3;0;0
Mantes-la-Jolie;48.99;1.72;10/08/2026;13:00;28.7;0;SOLEIL;3;0;0
Mantes-la-Jolie;48.99;1.72;10/08/2026;14:00;30.0;0;SOLEIL;5;0;0
Mantes-la-Jolie;48.99;1.72;10/08/2026;15:00;32.1;0;SOLEIL;5;0;0
Mantes-la-Jolie;48.99;1.72;10/08/2026;16:00;30.0;0;SOLEIL;5;0;0
Mantes-la-Jolie;48.99;1.72;10/08/2026;17:00;27.5;0;SOLEIL;4;0;0
Mantes-la-Jolie;48.99;1.72;10/08/2026;18:00;27.5;0;SOLEIL;4;0;0
Mantes-la-Jolie;48.99;1.72;10/08/2026;19:00;27.5;0;SOLEIL;4;0;0
Mantes-la-Jolie;48.99;1.72;10/08/2026;20:00;21.8;0;SOLEIL;5;0;0
Mantes-la-Jolie;48.99;1.72;10/08/2026;21:00;19.8;0;SOLEIL;5;0;0
Mantes-la-Jolie;48.99;1.72;10/08/2026;22:00;17.7;0;SOLEIL;5;0;0
Mantes-la-Jolie;48.99;1.72;10/08/2026;23:00;18.1;0;SOLEIL;3;0;0
Mantes-la-Jolie;48.99;1.72;11/08/2026;00:00;18.1;0;SOLEIL;3;0;0
Mantes-la-Jolie;48.99;1.72;11/08/2026;01:00;18.1;0;SOLEIL;3;0;0
Mantes-la-Jolie;48.99;1.72;11/08/2026;02:00;16.5;0;SOLEIL;5;0;0
Mantes-la-Jolie;48.99;1.72;11/08/2026;03:00;16.5;0;SOLEIL;5;0;0
Mantes-la-Jolie;48.99;1.72;11/08/2026;04:00;16.5;0;SOLEIL;5;0;0
Mantes-la-Jolie;48.99;1.72;11/08/2026;05:00;17.5;0;SOLEIL;3;0;0
Mantes-la-Jolie;48.99;1.72;11/08/2026;06:00;17.5;0;SOLEIL;3;0;0
Mantes-la-Jolie;48.99;1.72;11/08/2026;07:00;17.5;0;SOLEIL;3;0;0
Mantes-la-Jolie;48.99;1.72;11/08/2026;08:00;19.7;0;SOLEIL;5;0;0
Mantes-la-Jolie;48.99;1.72;11/08/2026;09:00;21.3;0;SOLEIL;5;0;0
Mantes-la-Jolie;48.99;1.72;11/08/2026;10:00;22.9;0;SOLEIL;5;0;0
Mantes-la-Jolie;48.99;1.72;11/08/2026;11:00;28.9;0;SOLEIL;3;0;0
Mantes-la-Jolie;48.99;1.72;11/08/2026;12:00;28.9;0;SOLEIL;3;0;0
Mantes-la-Jolie;48.99;1.72;11/08/2026;13:00;28.9;0;SOLEIL;3;0;0
Mantes-la-Jolie;48.99;1.72;11/08/2026;14:00;29.3;0;SOLEIL;5;0;0
Mantes-la-Jolie;48.99;1.72;11/08/2026;15:00;30.9;0;SOLEIL;5;0;0
Mantes-la-Jolie;48.99;1.72;11/08/2026;16:00;29.3;0;SOLEIL;5;0;0
Mantes-la-Jolie;48.99;1.72;11/08/2026;17:00;29.2;0;SOLEIL;4;0;0
Mantes-la-Jolie;48.99;1.72;11/08/2026;18:00;29.2;0;SOLEIL;4;0;0
Mantes-la-Jolie;48.99;1.72;11/08/2026;19:00;29.2;0;SOLEIL;4;0;0
Mantes-la-Jolie;48.99;1.72;11/08/2026;20:00;22.9;0;SOLEIL;5;0;0
Mantes-la-Jolie;48.99;1.72;11/08/2026;21:00;21.3;0;SOLEIL;5;0;0
Mantes-la-Jolie;48.99;1.72;11/08/2026;22:00;19.7;0;SOLEIL;5;0;0
Mantes-la-Jolie;48.99;1.72;11/08/2026;23:00;19.7;0;SOLEIL;4;0;0
Mantes-la-Jolie;48.99;1.72;12/08/2026;00:00;19.7;0;SOLEIL;4;0;0
Mantes-la-Jolie;48.99;1.72;12/08/2026;01:00;19.7;0;SOLEIL;4;0;0
Mantes-la-Jolie;48.99;1.72;12/08/2026;02:00;15.9;0;SOLEIL;5;0;0
Mantes-la-Jolie;48.99;1.72;12/08/2026;03:00;15.9;0;SOLEIL;5;0;0
Mantes-la-Jolie;48.99;1.72;12/08/2026;04:00;15.9;0;SOLEIL;5;0;0
Mantes-la-Jolie;48.99;1.72;12/08/2026;05:00;18.7;0;SOLEIL;3;0;0
Mantes-la-Jolie;48.99;1.72;12/08/2026;06:00;18.7;0;SOLEIL;3;0;0
Mantes-la-Jolie;48.99;1.72;12/08/2026;07:00;18.7;0;SOLEIL;3;0;0
Mantes-la-Jolie;48.99;1.72;12/08/2026;08:00;19.4;0;SOLEIL;5;0;0
Mantes-la-Jolie;48.99;1.72;12/08/2026;09:00;21.1;0;SOLEIL;5;0;0
Mantes-la-Jolie;48.99;1.72;12/08/2026;10:00;22.9;0;SOLEIL;5;0;0
Mantes-la-Jolie;48.99;1.72;12/08/2026;11:00;31.6;0;SOLEIL;3;0;0
Mantes-la-Jolie;48.99;1.72;12/08/2026;12:00;31.6;0;SOLEIL;3;0;0
Mantes-la-Jolie;48.99;1.72;12/08/2026;13:00;31.6;0;SOLEIL;3;0;0
Mantes-la-Jolie;48.99;1.72;12/08/2026;14:00;29.9;0;SOLEIL;5;0;0
Mantes-la-Jolie;48.99;1.72;12/08/2026;15:00;31.6;0;SOLEIL;5;0;0
Mantes-la-Jolie;48.99;1.72;12/08/2026;16:00;29.9;0;SOLEIL;5;0;0
Mantes-la-Jolie;48.99;1.72;12/08/2026;17:00;32.4;0;SOLEIL;2;0;0
Mantes-la-Jolie;48.99;1.72;12/08/2026;18:00;32.4;0;SOLEIL;2;0;0
Mantes-la-Jolie;48.99;1.72;12/08/2026;19:00;32.4;0;SOLEIL;2;0;0
Mantes-la-Jolie;48.99;1.72;12/08/2026;20:00;22.9;0;SOLEIL;5;0;0
Mantes-la-Jolie;48.99;1.72;12/08/2026;21:00;21.1;0;SOLEIL;5;0;0
Mantes-la-Jolie;48.99;1.72;12/08/2026;22:00;19.4;0;SOLEIL;5;0;0
Mantes-la-Jolie;48.99;1.72;12/08/2026;23:00;22.1;0;SOLEIL;3;0;0
Orgeval;48.92;1.98;08/08/2026;00:00;17.1;0;SOLEIL;2;0;0
Orgeval;48.92;1.98;08/08/2026;01:00;17.1;0;SOLEIL;2;0;0
Orgeval;48.92;1.98;08/08/2026;02:00;14.4;0;SOLEIL;2;0;0
Orgeval;48.92;1.98;08/08/2026;03:00;14.4;0;SOLEIL;2;0;0
Orgeval;48.92;1.98;08/08/2026;04:00;14.4;0;SOLEIL;2;0;0
Orgeval;48.92;1.98;08/08/2026;05:00;15.6;0;SOLEIL;2;0;0
Orgeval;48.92;1.98;08/08/2026;06:00;15.6;0;SOLEIL;2;0;0
Orgeval;48.92;1.98;08/08/2026;07:00;15.6;0;SOLEIL;2;0;0
Orgeval;48.92;1.98;08/08/2026;08:00;22.4;5;SOLEIL VOILÉ;2;0;0
Orgeval;48.92;1.98;08/08/2026;09:00;22.4;5;SOLEIL VOILÉ;2;0;0
Orgeval;48.92;1.98;08/08/2026;10:00;22.4;5;SOLEIL VOILÉ;2;0;0
Orgeval;48.92;1.98;08/08/2026;11:00;27.6;0;SOLEIL;2;0;0
Orgeval;48.92;1.98;08/08/2026;12:00;27.6;0;SOLEIL;2;0;0
Orgeval;48.92;1.98;08/08/2026;13:00;27.6;0;SOLEIL;2;0;0
Orgeval;48.92;1.98;08/08/2026;14:00;29.7;5;SOLEIL VOILÉ;2;0;0
Orgeval;48.92;1.98;08/08/2026;15:00;29.7;5;SOLEIL VOILÉ;2;0;0
Orgeval;48.92;1.98;08/08/2026;16:00;29.7;5;SOLEIL VOILÉ;2;0;0
Orgeval;48.92;1.98;08/08/2026;17:00;28.6;0;SOLEIL;2;0;0
Orgeval;48.92;1.98;08/08/2026;18:00;28.6;0;SOLEIL;2;0;0
Orgeval;48.92;1.98;08/08/2026;19:00;28.6;0;SOLEIL;2;0;0
Orgeval;48.92;1.98;08/08/2026;20:00;23.2;0;SOLEIL;0;0;0
Orgeval;48.92;1.98;08/08/2026;21:00;23.2;0;SOLEIL;0;0;0
Orgeval;48.92;1.98;08/08/2026;22:00;23.2;0;SOLEIL;0;0;0
Orgeval;48.92;1.98;08/08/2026;23:00;19.1;0;SOLEIL;2;0;0
Orgeval;48.92;1.98;09/08/2026;00:00;19.1;0;SOLEIL;2;0;0
Orgeval;48.92;1.98;09/08/2026;01:00;19.1;0;SOLEIL;2;0;0
Orgeval;48.92;1.98;09/08/2026;02:00;17.1;5;SOLEIL VOILÉ;0;0;0
Orgeval;48.92;1.98;09/08/2026;03:00;17.1;5;SOLEIL VOILÉ;0;0;0
Orgeval;48.92;1.98;09/08/2026;04:00;17.1;5;SOLEIL VOILÉ;0;0;0
Orgeval;48.92;1.98;09/08/2026;05:00;18.1;5;SOLEIL VOILÉ;0;0;0
Orgeval;48.92;1.98;09/08/2026;06:00;18.1;5;SOLEIL VOILÉ;0;0;0
Orgeval;48.92;1.98;09/08/2026;07:00;18.1;5;SOLEIL VOILÉ;0;0;0
Orgeval;48.92;1.98;09/08/2026;08:00;27.4;0;SOLEIL;2;0;0
Orgeval;48.92;1.98;09/08/2026;09:00;27.4;0;SOLEIL;2;0;0
Orgeval;48.92;1.98;09/08/2026;10:00;27.4;0;SOLEIL;2;0;0
Orgeval;48.92;1.98;09/08/2026;11:00;31.4;0;SOLEIL;2;0;0
Orgeval;48.92;1.98;09/08/2026;12:00;31.4;0;SOLEIL;2;0;0
Orgeval;48.92;1.98;09/08/2026;13:00;31.4;0;SOLEIL;2;0;0
Orgeval;48.92;1.98;09/08/2026;14:00;31;0;SOLEIL;3;0;0
Orgeval;48.92;1.98;09/08/2026;15:00;31;0;SOLEIL;3;0;0
Orgeval;48.92;1.98;09/08/2026;16:00;31;0;SOLEIL;3;0;0
Orgeval;48.92;1.98;09/08/2026;17:00;29.1;0;SOLEIL;3;0;0
Orgeval;48.92;1.98;09/08/2026;18:00;29.1;0;SOLEIL;3;0;0
Orgeval;48.92;1.98;09/08/2026;19:00;29.1;0;SOLEIL;3;0;0
Orgeval;48.92;1.98;09/08/2026;20:00;20.8;0;SOLEIL;5;0;0
Orgeval;48.92;1.98;09/08/2026;21:00;18.9;0;SOLEIL;5;0;0
Orgeval;48.92;1.98;09/08/2026;22:00;16.9;0;SOLEIL;5;0;0
Orgeval;48.92;1.98;09/08/2026;23:00;21.1;0;SOLEIL;2;0;0
Orgeval;48.92;1.98;10/08/2026;00:00;21.1;0;SOLEIL;2;0;0
Orgeval;48.92;1.98;10/08/2026;01:00;21.1;0;SOLEIL;2;0;0
Orgeval;48.92;1.98;10/08/2026;02:00;16.2;0;SOLEIL;5;0;0
Orgeval;48.92;1.98;10/08/2026;03:00;16.2;0;SOLEIL;5;0;0
Orgeval;48.92;1.98;10/08/2026;04:00;16.2;0;SOLEIL;5;0;0
Orgeval;48.92;1.98;10/08/2026;05:00;19.9;0;SOLEIL;2;0;0
Orgeval;48.92;1.98;10/08/2026;06:00;19.9;0;SOLEIL;2;0;0
Orgeval;48.92;1.98;10/08/2026;07:00;19.9;0;SOLEIL;2;0;0
Orgeval;48.92;1.98;10/08/2026;08:00;19.7;0;SOLEIL;5;0;0
Orgeval;48.92;1.98;10/08/2026;09:00;21.5;0;SOLEIL;5;0;0
Orgeval;48.92;1.98;10/08/2026;10:00;23.3;0;SOLEIL;5;0;0
Orgeval;48.92;1.98;10/08/2026;11:00;30.1;0;SOLEIL;3;0;0
Orgeval;48.92;1.98;10/08/2026;12:00;30.1;0;SOLEIL;3;0;0
Orgeval;48.92;1.98;10/08/2026;13:00;30.1;0;SOLEIL;3;0;0
Orgeval;48.92;1.98;10/08/2026;14:00;30.3;0;SOLEIL;5;0;0
Orgeval;48.92;1.98;10/08/2026;15:00;32.1;0;SOLEIL;5;0;0
Orgeval;48.92;1.98;10/08/2026;16:00;30.3;0;SOLEIL;5;0;0
Orgeval;48.92;1.98;10/08/2026;17:00;27.6;0;SOLEIL;4;0;0
Orgeval;48.92;1.98;10/08/2026;18:00;27.6;0;SOLEIL;4;0;0
Orgeval;48.92;1.98;10/08/2026;19:00;27.6;0;SOLEIL;4;0;0
Orgeval;48.92;1.98;10/08/2026;20:00;23.3;0;SOLEIL;5;0;0
Orgeval;48.92;1.98;10/08/2026;21:00;21.5;0;SOLEIL;5;0;0
Orgeval;48.92;1.98;10/08/2026;22:00;19.7;0;SOLEIL;5;0;0
Orgeval;48.92;1.98;10/08/2026;23:00;19.9;0;SOLEIL;3;0;0
Orgeval;48.92;1.98;11/08/2026;00:00;19.9;0;SOLEIL;3;0;0
Orgeval;48.92;1.98;11/08/2026;01:00;19.9;0;SOLEIL;3;0;0
Orgeval;48.92;1.98;11/08/2026;02:00;18.6;0;SOLEIL;5;0;0
Orgeval;48.92;1.98;11/08/2026;03:00;18.6;0;SOLEIL;5;0;0
Orgeval;48.92;1.98;11/08/2026;04:00;18.6;0;SOLEIL;5;0;0
Orgeval;48.92;1.98;11/08/2026;05:00;18.2;0;SOLEIL;3;0;0
Orgeval;48.92;1.98;11/08/2026;06:00;18.2;0;SOLEIL;3;0;0
Orgeval;48.92;1.98;11/08/2026;07:00;18.2;0;SOLEIL;3;0;0
Orgeval;48.92;1.98;11/08/2026;08:00;21.5;0;SOLEIL;5;0;0
Orgeval;48.92;1.98;11/08/2026;09:00;23.0;0;SOLEIL;5;0;0
Orgeval;48.92;1.98;11/08/2026;10:00;24.4;0;SOLEIL;5;0;0
Orgeval;48.92;1.98;11/08/2026;11:00;30.2;0;SOLEIL;3;0;0
Orgeval;48.92;1.98;11/08/2026;12:00;30.2;0;SOLEIL;3;0;0
Orgeval;48.92;1.98;11/08/2026;13:00;30.2;0;SOLEIL;3;0;0
Orgeval;48.92;1.98;11/08/2026;14:00;30.2;0;SOLEIL;5;0;0
Orgeval;48.92;1.98;11/08/2026;15:00;31.7;0;SOLEIL;5;0;0
Orgeval;48.92;1.98;11/08/2026;16:00;30.2;0;SOLEIL;5;0;0
Orgeval;48.92;1.98;11/08/2026;17:00;28.9;0;SOLEIL;4;0;0
Orgeval;48.92;1.98;11/08/2026;18:00;28.9;0;SOLEIL;4;0;0
Orgeval;48.92;1.98;11/08/2026;19:00;28.9;0;SOLEIL;4;0;0
Orgeval;48.92;1.98;11/08/2026;20:00;24.4;0;SOLEIL;5;0;0
Orgeval;48.92;1.98;11/08/2026;21:00;23.0;0;SOLEIL;5;0;0
Orgeval;48.92;1.98;11/08/2026;22:00;21.5;0;SOLEIL;5;0;0
Orgeval;48.92;1.98;11/08/2026;23:00;21.1;0;SOLEIL;4;0;0
Orgeval;48.92;1.98;12/08/2026;00:00;21.1;0;SOLEIL;4;0;0
Orgeval;48.92;1.98;12/08/2026;01:00;21.1;0;SOLEIL;4;0;0
Orgeval;48.92;1.98;12/08/2026;02:00;17.1;0;SOLEIL;5;0;0
Orgeval;48.92;1.98;12/08/2026;03:00;17.1;0;SOLEIL;5;0;0
Orgeval;48.92;1.98;12/08/2026;04:00;17.1;0;SOLEIL;5;0;0
Orgeval;48.92;1.98;12/08/2026;05:00;19.9;0;SOLEIL;3;0;0
Orgeval;48.92;1.98;12/08/2026;06:00;19.9;0;SOLEIL;3;0;0
Orgeval;48.92;1.98;12/08/2026;07:00;19.9;0;SOLEIL;3;0;0
Orgeval;48.92;1.98;12/08/2026;08:00;20.5;0;SOLEIL;5;0;0
Orgeval;48.92;1.98;12/08/2026;09:00;22.1;0;SOLEIL;5;0;0
Orgeval;48.92;1.98;12/08/2026;10:00;23.8;0;SOLEIL;5;0;0
Orgeval;48.92;1.98;12/08/2026;11:00;33.1;0;SOLEIL;3;0;0
Orgeval;48.92;1.98;12/08/2026;12:00;33.1;0;SOLEIL;3;0;0
Orgeval;48.92;1.98;12/08/2026;13:00;33.1;0;SOLEIL;3;0;0
Orgeval;48.92;1.98;12/08/2026;14:00;30.5;0;SOLEIL;5;0;0
Orgeval;48.92;1.98;12/08/2026;15:00;32.2;0;SOLEIL;5;0;0
Orgeval;48.92;1.98;12/08/2026;16:00;30.5;0;SOLEIL;5;0;0
Orgeval;48.92;1.98;12/08/2026;17:00;31.7;0;SOLEIL;3;0;0
Orgeval;48.92;1.98;12/08/2026;18:00;31.7;0;SOLEIL;3;0;0
Orgeval;48.92;1.98;12/08/2026;19:00;31.7;0;SOLEIL;3;0;0
Orgeval;48.92;1.98;12/08/2026;20:00;23.8;0;SOLEIL;5;0;0
Orgeval;48.92;1.98;12/08/2026;21:00;22.1;0;SOLEIL;5;0;0
Orgeval;48.92;1.98;12/08/2026;22:00;20.5;0;SOLEIL;5;0;0
Orgeval;48.92;1.98;12/08/2026;23:00;23.6;0;SOLEIL;2;0;0
Rambouillet;48.64;1.83;08/08/2026;00:00;16.2;0;SOLEIL;3;0;0
Rambouillet;48.64;1.83;08/08/2026;01:00;16.2;0;SOLEIL;3;0;0
Rambouillet;48.64;1.83;08/08/2026;02:00;13.5;0;SOLEIL;3;0;0
Rambouillet;48.64;1.83;08/08/2026;03:00;13.5;0;SOLEIL;3;0;0
Rambouillet;48.64;1.83;08/08/2026;04:00;13.5;0;SOLEIL;3;0;0
Rambouillet;48.64;1.83;08/08/2026;05:00;14.5;0;SOLEIL;3;0;0
Rambouillet;48.64;1.83;08/08/2026;06:00;14.5;0;SOLEIL;3;0;0
Rambouillet;48.64;1.83;08/08/2026;07:00;14.5;0;SOLEIL;3;0;0
Rambouillet;48.64;1.83;08/08/2026;08:00;24;5;SOLEIL VOILÉ;2;0;0
Rambouillet;48.64;1.83;08/08/2026;09:00;24;5;SOLEIL VOILÉ;2;0;0
Rambouillet;48.64;1.83;08/08/2026;10:00;24;5;SOLEIL VOILÉ;2;0;0
Rambouillet;48.64;1.83;08/08/2026;11:00;28.1;0;SOLEIL;2;0;0
Rambouillet;48.64;1.83;08/08/2026;12:00;28.1;0;SOLEIL;2;0;0
Rambouillet;48.64;1.83;08/08/2026;13:00;28.1;0;SOLEIL;2;0;0
Rambouillet;48.64;1.83;08/08/2026;14:00;30.9;5;SOLEIL VOILÉ;0;0;0
Rambouillet;48.64;1.83;08/08/2026;15:00;30.9;5;SOLEIL VOILÉ;0;0;0
Rambouillet;48.64;1.83;08/08/2026;16:00;30.9;5;SOLEIL VOILÉ;0;0;0
Rambouillet;48.64;1.83;08/08/2026;17:00;28.7;0;SOLEIL;1;0;0
Rambouillet;48.64;1.83;08/08/2026;18:00;28.7;0;SOLEIL;1;0;0
Rambouillet;48.64;1.83;08/08/2026;19:00;28.7;0;SOLEIL;1;0;0
Rambouillet;48.64;1.83;08/08/2026;20:00;20.6;0;SOLEIL;2;0;0
Rambouillet;48.64;1.83;08/08/2026;21:00;20.6;0;SOLEIL;2;0;0
Rambouillet;48.64;1.83;08/08/2026;22:00;20.6;0;SOLEIL;2;0;0
Rambouillet;48.64;1.83;08/08/2026;23:00;18.5;5;SOLEIL VOILÉ;3;0;0
Rambouillet;48.64;1.83;09/08/2026;00:00;18.5;5;SOLEIL VOILÉ;3;0;0
Rambouillet;48.64;1.83;09/08/2026;01:00;18.5;5;SOLEIL VOILÉ;3;0;0
Rambouillet;48.64;1.83;09/08/2026;02:00;16.1;5;SOLEIL VOILÉ;2;0;0
Rambouillet;48.64;1.83;09/08/2026;03:00;16.1;5;SOLEIL VOILÉ;2;0;0
Rambouillet;48.64;1.83;09/08/2026;04:00;16.1;5;SOLEIL VOILÉ;2;0;0
Rambouillet;48.64;1.83;09/08/2026;05:00;17.1;5;SOLEIL VOILÉ;2;0;0
Rambouillet;48.64;1.83;09/08/2026;06:00;17.1;5;SOLEIL VOILÉ;2;0;0
Rambouillet;48.64;1.83;09/08/2026;07:00;17.1;5;SOLEIL VOILÉ;2;0;0
Rambouillet;48.64;1.83;09/08/2026;08:00;27.9;0;SOLEIL;2;0;0
Rambouillet;48.64;1.83;09/08/2026;09:00;27.9;0;SOLEIL;2;0;0
Rambouillet;48.64;1.83;09/08/2026;10:00;27.9;0;SOLEIL;2;0;0
Rambouillet;48.64;1.83;09/08/2026;11:00;30.6;0;SOLEIL;3;0;0
Rambouillet;48.64;1.83;09/08/2026;12:00;30.6;0;SOLEIL;3;0;0
Rambouillet;48.64;1.83;09/08/2026;13:00;30.6;0;SOLEIL;3;0;0
Rambouillet;48.64;1.83;09/08/2026;14:00;31;0;SOLEIL;2;0;0
Rambouillet;48.64;1.83;09/08/2026;15:00;31;0;SOLEIL;2;0;0
Rambouillet;48.64;1.83;09/08/2026;16:00;31;0;SOLEIL;2;0;0
Rambouillet;48.64;1.83;09/08/2026;17:00;28.6;0;SOLEIL;2;0;0
Rambouillet;48.64;1.83;09/08/2026;18:00;28.6;0;SOLEIL;2;0;0
Rambouillet;48.64;1.83;09/08/2026;19:00;28.6;0;SOLEIL;2;0;0
Rambouillet;48.64;1.83;09/08/2026;20:00;20.6;0;SOLEIL;5;0;0
Rambouillet;48.64;1.83;09/08/2026;21:00;18.5;0;SOLEIL;5;0;0
Rambouillet;48.64;1.83;09/08/2026;22:00;16.4;0;SOLEIL;5;0;0
Rambouillet;48.64;1.83;09/08/2026;23:00;19.7;0;SOLEIL;2;0;0
Rambouillet;48.64;1.83;10/08/2026;00:00;19.7;0;SOLEIL;2;0;0
Rambouillet;48.64;1.83;10/08/2026;01:00;19.7;0;SOLEIL;2;0;0
Rambouillet;48.64;1.83;10/08/2026;02:00;15.1;0;SOLEIL;5;0;0
Rambouillet;48.64;1.83;10/08/2026;03:00;15.1;0;SOLEIL;5;0;0
Rambouillet;48.64;1.83;10/08/2026;04:00;15.1;0;SOLEIL;5;0;0
Rambouillet;48.64;1.83;10/08/2026;05:00;18.1;0;SOLEIL;2;0;0
Rambouillet;48.64;1.83;10/08/2026;06:00;18.1;0;SOLEIL;2;0;0
Rambouillet;48.64;1.83;10/08/2026;07:00;18.1;0;SOLEIL;2;0;0
Rambouillet;48.64;1.83;10/08/2026;08:00;18.9;0;SOLEIL;5;0;0
Rambouillet;48.64;1.83;10/08/2026;09:00;20.7;0;SOLEIL;5;0;0
Rambouillet;48.64;1.83;10/08/2026;10:00;22.6;0;SOLEIL;5;0;0
Rambouillet;48.64;1.83;10/08/2026;11:00;29.6;0;SOLEIL;3;0;0
Rambouillet;48.64;1.83;10/08/2026;12:00;29.6;0;SOLEIL;3;0;0
Rambouillet;48.64;1.83;10/08/2026;13:00;29.6;0;SOLEIL;3;0;0
Rambouillet;48.64;1.83;10/08/2026;14:00;30.1;0;SOLEIL;5;0;0
Rambouillet;48.64;1.83;10/08/2026;15:00;32.0;0;SOLEIL;5;0;0
Rambouillet;48.64;1.83;10/08/2026;16:00;30.1;0;SOLEIL;5;0;0
Rambouillet;48.64;1.83;10/08/2026;17:00;27.5;0;SOLEIL;3;0;0
Rambouillet;48.64;1.83;10/08/2026;18:00;27.5;0;SOLEIL;3;0;0
Rambouillet;48.64;1.83;10/08/2026;19:00;27.5;0;SOLEIL;3;0;0
Rambouillet;48.64;1.83;10/08/2026;20:00;22.6;0;SOLEIL;5;0;0
Rambouillet;48.64;1.83;10/08/2026;21:00;20.7;0;SOLEIL;5;0;0
Rambouillet;48.64;1.83;10/08/2026;22:00;18.9;0;SOLEIL;5;0;0
Rambouillet;48.64;1.83;10/08/2026;23:00;18.5;0;SOLEIL;3;0;0
Rambouillet;48.64;1.83;11/08/2026;00:00;18.5;0;SOLEIL;3;0;0
Rambouillet;48.64;1.83;11/08/2026;01:00;18.5;0;SOLEIL;3;0;0
Rambouillet;48.64;1.83;11/08/2026;02:00;16.6;0;SOLEIL;5;0;0
Rambouillet;48.64;1.83;11/08/2026;03:00;16.6;0;SOLEIL;5;0;0
Rambouillet;48.64;1.83;11/08/2026;04:00;16.6;0;SOLEIL;5;0;0
Rambouillet;48.64;1.83;11/08/2026;05:00;17.1;0;SOLEIL;3;0;0
Rambouillet;48.64;1.83;11/08/2026;06:00;17.1;0;SOLEIL;3;0;0
Rambouillet;48.64;1.83;11/08/2026;07:00;17.1;0;SOLEIL;3;0;0
Rambouillet;48.64;1.83;11/08/2026;08:00;19.9;0;SOLEIL;5;0;0
Rambouillet;48.64;1.83;11/08/2026;09:00;21.6;0;SOLEIL;5;0;0
Rambouillet;48.64;1.83;11/08/2026;10:00;23.3;0;SOLEIL;5;0;0
Rambouillet;48.64;1.83;11/08/2026;11:00;29.2;0;SOLEIL;3;0;0
Rambouillet;48.64;1.83;11/08/2026;12:00;29.2;0;SOLEIL;3;0;0
Rambouillet;48.64;1.83;11/08/2026;13:00;29.2;0;SOLEIL;3;0;0
Rambouillet;48.64;1.83;11/08/2026;14:00;29.9;0;SOLEIL;5;0;0
Rambouillet;48.64;1.83;11/08/2026;15:00;31.6;0;SOLEIL;5;0;0
Rambouillet;48.64;1.83;11/08/2026;16:00;29.9;0;SOLEIL;5;0;0
Rambouillet;48.64;1.83;11/08/2026;17:00;28.6;0;SOLEIL;3;0;0
Rambouillet;48.64;1.83;11/08/2026;18:00;28.6;0;SOLEIL;3;0;0
Rambouillet;48.64;1.83;11/08/2026;19:00;28.6;0;SOLEIL;3;0;0
Rambouillet;48.64;1.83;11/08/2026;20:00;23.3;0;SOLEIL;5;0;0
Rambouillet;48.64;1.83;11/08/2026;21:00;21.6;0;SOLEIL;5;0;0
Rambouillet;48.64;1.83;11/08/2026;22:00;19.9;0;SOLEIL;5;0;0
Rambouillet;48.64;1.83;11/08/2026;23:00;19.6;0;SOLEIL;4;0;0
Rambouillet;48.64;1.83;12/08/2026;00:00;19.6;0;SOLEIL;4;0;0
Rambouillet;48.64;1.83;12/08/2026;01:00;19.6;0;SOLEIL;4;0;0
Rambouillet;48.64;1.83;12/08/2026;02:00;15.6;0;SOLEIL;5;0;0
Rambouillet;48.64;1.83;12/08/2026;03:00;15.6;0;SOLEIL;5;0;0
Rambouillet;48.64;1.83;12/08/2026;04:00;15.6;0;SOLEIL;5;0;0
Rambouillet;48.64;1.83;12/08/2026;05:00;18.4;0;SOLEIL;3;0;0
Rambouillet;48.64;1.83;12/08/2026;06:00;18.4;0;SOLEIL;3;0;0
Rambouillet;48.64;1.83;12/08/2026;07:00;18.4;0;SOLEIL;3;0;0
Rambouillet;48.64;1.83;12/08/2026;08:00;19.2;0;SOLEIL;5;0;0
Rambouillet;48.64;1.83;12/08/2026;09:00;21.0;0;SOLEIL;5;0;0
Rambouillet;48.64;1.83;12/08/2026;10:00;22.8;0;SOLEIL;5;0;0
Rambouillet;48.64;1.83;12/08/2026;11:00;32.2;0;SOLEIL;3;0;0
Rambouillet;48.64;1.83;12/08/2026;12:00;32.2;0;SOLEIL;3;0;0
Rambouillet;48.64;1.83;12/08/2026;13:00;32.2;0;SOLEIL;3;0;0
Rambouillet;48.64;1.83;12/08/2026;14:00;29.9;0;SOLEIL;5;0;0
Rambouillet;48.64;1.83;12/08/2026;15:00;31.7;0;SOLEIL;5;0;0
Rambouillet;48.64;1.83;12/08/2026;16:00;29.9;0;SOLEIL;5;0;0
Rambouillet;48.64;1.83;12/08/2026;17:00;31.6;0;SOLEIL;2;0;0
Rambouillet;48.64;1.83;12/08/2026;18:00;31.6;0;SOLEIL;2;0;0
Rambouillet;48.64;1.83;12/08/2026;19:00;31.6;0;SOLEIL;2;0;0
Rambouillet;48.64;1.83;12/08/2026;20:00;22.8;0;SOLEIL;5;0;0
Rambouillet;48.64;1.83;12/08/2026;21:00;21.0;0;SOLEIL;5;0;0
Rambouillet;48.64;1.83;12/08/2026;22:00;19.2;0;SOLEIL;5;0;0
Rambouillet;48.64;1.83;12/08/2026;23:00;22.9;0;SOLEIL;3;0;0
Versailles;48.8;2.13;08/08/2026;00:00;18;0;SOLEIL;3;0;0
Versailles;48.8;2.13;08/08/2026;01:00;18;0;SOLEIL;3;0;0
Versailles;48.8;2.13;08/08/2026;02:00;15.1;0;SOLEIL;2;0;0
Versailles;48.8;2.13;08/08/2026;03:00;15.1;0;SOLEIL;2;0;0
Versailles;48.8;2.13;08/08/2026;04:00;15.1;0;SOLEIL;2;0;0
Versailles;48.8;2.13;08/08/2026;05:00;15.7;0;SOLEIL;2;0;0
Versailles;48.8;2.13;08/08/2026;06:00;15.7;0;SOLEIL;2;0;0
Versailles;48.8;2.13;08/08/2026;07:00;15.7;0;SOLEIL;2;0;0
Versailles;48.8;2.13;08/08/2026;08:00;22.4;5;SOLEIL VOILÉ;2;0;0
Versailles;48.8;2.13;08/08/2026;09:00;22.4;5;SOLEIL VOILÉ;2;0;0
Versailles;48.8;2.13;08/08/2026;10:00;22.4;5;SOLEIL VOILÉ;2;0;0
Versailles;48.8;2.13;08/08/2026;11:00;26.1;0;SOLEIL;2;0;0
Versailles;48.8;2.13;08/08/2026;12:00;26.1;0;SOLEIL;2;0;0
Versailles;48.8;2.13;08/08/2026;13:00;26.1;0;SOLEIL;2;0;0
Versailles;48.8;2.13;08/08/2026;14:00;29.4;5;SOLEIL VOILÉ;1;0;0
Versailles;48.8;2.13;08/08/2026;15:00;29.4;5;SOLEIL VOILÉ;1;0;0
Versailles;48.8;2.13;08/08/2026;16:00;29.4;5;SOLEIL VOILÉ;1;0;0
Versailles;48.8;2.13;08/08/2026;17:00;28.1;0;SOLEIL;2;0;0
Versailles;48.8;2.13;08/08/2026;18:00;28.1;0;SOLEIL;2;0;0
Versailles;48.8;2.13;08/08/2026;19:00;28.1;0;SOLEIL;2;0;0
Versailles;48.8;2.13;08/08/2026;20:00;22.1;0;SOLEIL;1;0;0
Versailles;48.8;2.13;08/08/2026;21:00;22.1;0;SOLEIL;1;0;0
Versailles;48.8;2.13;08/08/2026;22:00;22.1;0;SOLEIL;1;0;0
Versailles;48.8;2.13;08/08/2026;23:00;19.5;5;SOLEIL VOILÉ;2;0;0
Versailles;48.8;2.13;09/08/2026;00:00;19.5;5;SOLEIL VOILÉ;2;0;0
Versailles;48.8;2.13;09/08/2026;01:00;19.5;5;SOLEIL VOILÉ;2;0;0
Versailles;48.8;2.13;09/08/2026;02:00;17.9;5;SOLEIL VOILÉ;1;0;0
Versailles;48.8;2.13;09/08/2026;03:00;17.9;5;SOLEIL VOILÉ;1;0;0
Versailles;48.8;2.13;09/08/2026;04:00;17.9;5;SOLEIL VOILÉ;1;0;0
Versailles;48.8;2.13;09/08/2026;05:00;19.5;5;SOLEIL VOILÉ;2;0;0
Versailles;48.8;2.13;09/08/2026;06:00;19.5;5;SOLEIL VOILÉ;2;0;0
Versailles;48.8;2.13;09/08/2026;07:00;19.5;5;SOLEIL VOILÉ;2;0;0
Versailles;48.8;2.13;09/08/2026;08:00;27.1;0;SOLEIL;2;0;0
Versailles;48.8;2.13;09/08/2026;09:00;27.1;0;SOLEIL;2;0;0
Versailles;48.8;2.13;09/08/2026;10:00;27.1;0;SOLEIL;2;0;0
Versailles;48.8;2.13;09/08/2026;11:00;30.4;5;SOLEIL VOILÉ;2;0;0
Versailles;48.8;2.13;09/08/2026;12:00;30.4;5;SOLEIL VOILÉ;2;0;0
Versailles;48.8;2.13;09/08/2026;13:00;30.4;5;SOLEIL VOILÉ;2;0;0
Versailles;48.8;2.13;09/08/2026;14:00;30.9;0;SOLEIL;2;0;0
Versailles;48.8;2.13;09/08/2026;15:00;30.9;0;SOLEIL;2;0;0
Versailles;48.8;2.13;09/08/2026;16:00;30.9;0;SOLEIL;2;0;0
Versailles;48.8;2.13;09/08/2026;17:00;29.1;0;SOLEIL;3;0;0
Versailles;48.8;2.13;09/08/2026;18:00;29.1;0;SOLEIL;3;0;0
Versailles;48.8;2.13;09/08/2026;19:00;29.1;0;SOLEIL;3;0;0
Versailles;48.8;2.13;09/08/2026;20:00;20.8;0;SOLEIL;5;0;0
Versailles;48.8;2.13;09/08/2026;21:00;19.0;0;SOLEIL;5;0;0
Versailles;48.8;2.13;09/08/2026;22:00;17.2;0;SOLEIL;5;0;0
Versailles;48.8;2.13;09/08/2026;23:00;21.2;0;SOLEIL;3;0;0
Versailles;48.8;2.13;10/08/2026;00:00;21.2;0;SOLEIL;3;0;0
Versailles;48.8;2.13;10/08/2026;01:00;21.2;0;SOLEIL;3;0;0
Versailles;48.8;2.13;10/08/2026;02:00;17.4;2;NUAGEUX;5;0;0
Versailles;48.8;2.13;10/08/2026;03:00;17.4;2;NUAGEUX;5;0;0
Versailles;48.8;2.13;10/08/2026;04:00;17.4;2;NUAGEUX;5;0;0
Versailles;48.8;2.13;10/08/2026;05:00;19.7;0;SOLEIL;2;0;0
Versailles;48.8;2.13;10/08/2026;06:00;19.7;0;SOLEIL;2;0;0
Versailles;48.8;2.13;10/08/2026;07:00;19.7;0;SOLEIL;2;0;0
Versailles;48.8;2.13;10/08/2026;08:00;20.6;2;NUAGEUX;5;0;0
Versailles;48.8;2.13;10/08/2026;09:00;22.1;2;NUAGEUX;5;0;0
Versailles;48.8;2.13;10/08/2026;10:00;23.7;2;NUAGEUX;5;0;0
Versailles;48.8;2.13;10/08/2026;11:00;27.2;0;SOLEIL;3;0;0
Versailles;48.8;2.13;10/08/2026;12:00;27.2;0;SOLEIL;3;0;0
Versailles;48.8;2.13;10/08/2026;13:00;27.2;0;SOLEIL;3;0;0
Versailles;48.8;2.13;10/08/2026;14:00;30.0;2;NUAGEUX;5;0;0
Versailles;48.8;2.13;10/08/2026;15:00;31.6;2;NUAGEUX;5;0;0
Versailles;48.8;2.13;10/08/2026;16:00;30.0;2;NUAGEUX;5;0;0
Versailles;48.8;2.13;10/08/2026;17:00;26.9;0;SOLEIL;4;0;0
Versailles;48.8;2.13;10/08/2026;18:00;26.9;0;SOLEIL;4;0;0
Versailles;48.8;2.13;10/08/2026;19:00;26.9;0;SOLEIL;4;0;0
Versailles;48.8;2.13;10/08/2026;20:00;23.7;2;NUAGEUX;5;0;0
Versailles;48.8;2.13;10/08/2026;21:00;22.1;2;NUAGEUX;5;0;0
Versailles;48.8;2.13;10/08/2026;22:00;20.6;2;NUAGEUX;5;0;0
Versailles;48.8;2.13;10/08/2026;23:00;19.6;0;SOLEIL;3;0;0
Versailles;48.8;2.13;11/08/2026;00:00;19.6;0;SOLEIL;3;0;0
Versailles;48.8;2.13;11/08/2026;01:00;19.6;0;SOLEIL;3;0;0
Versailles;48.8;2.13;11/08/2026;02:00;18.6;0;SOLEIL;5;0;0
Versailles;48.8;2.13;11/08/2026;03:00;18.6;0;SOLEIL;5;0;0
Versailles;48.8;2.13;11/08/2026;04:00;18.6;0;SOLEIL;5;0;0
Versailles;48.8;2.13;11/08/2026;05:00;18.7;0;SOLEIL;2;0;0
Versailles;48.8;2.13;11/08/2026;06:00;18.7;0;SOLEIL;2;0;0
Versailles;48.8;2.13;11/08/2026;07:00;18.7;0;SOLEIL;2;0;0
Versailles;48.8;2.13;11/08/2026;08:00;20.9;0;SOLEIL;5;0;0
Versailles;48.8;2.13;11/08/2026;09:00;22.1;0;SOLEIL;5;0;0
Versailles;48.8;2.13;11/08/2026;10:00;23.2;0;SOLEIL;5;0;0
Versailles;48.8;2.13;11/08/2026;11:00;25.9;0;SOLEIL;3;0;0
Versailles;48.8;2.13;11/08/2026;12:00;25.9;0;SOLEIL;3;0;0
Versailles;48.8;2.13;11/08/2026;13:00;25.9;0;SOLEIL;3;0;0
Versailles;48.8;2.13;11/08/2026;14:00;27.8;0;SOLEIL;5;0;0
Versailles;48.8;2.13;11/08/2026;15:00;29.0;0;SOLEIL;5;0;0
Versailles;48.8;2.13;11/08/2026;16:00;27.8;0;SOLEIL;5;0;0
Versailles;48.8;2.13;11/08/2026;17:00;27.1;0;SOLEIL;4;0;0
Versailles;48.8;2.13;11/08/2026;18:00;27.1;0;SOLEIL;4;0;0
Versailles;48.8;2.13;11/08/2026;19:00;27.1;0;SOLEIL;4;0;0
Versailles;48.8;2.13;11/08/2026;20:00;23.2;0;SOLEIL;5;0;0
Versailles;48.8;2.13;11/08/2026;21:00;22.1;0;SOLEIL;5;0;0
Versailles;48.8;2.13;11/08/2026;22:00;20.9;0;SOLEIL;5;0;0
Versailles;48.8;2.13;11/08/2026;23:00;19.1;0;SOLEIL;3;0;0
Versailles;48.8;2.13;12/08/2026;00:00;19.1;0;SOLEIL;3;0;0
Versailles;48.8;2.13;12/08/2026;01:00;19.1;0;SOLEIL;3;0;0
Versailles;48.8;2.13;12/08/2026;02:00;17.1;0;SOLEIL;5;0;0
Versailles;48.8;2.13;12/08/2026;03:00;17.1;0;SOLEIL;5;0;0
Versailles;48.8;2.13;12/08/2026;04:00;17.1;0;SOLEIL;5;0;0
Versailles;48.8;2.13;12/08/2026;05:00;20;0;SOLEIL;2;0;0
Versailles;48.8;2.13;12/08/2026;06:00;20;0;SOLEIL;2;0;0
Versailles;48.8;2.13;12/08/2026;07:00;20;0;SOLEIL;2;0;0
Versailles;48.8;2.13;12/08/2026;08:00;19.7;0;SOLEIL;5;0;0
Versailles;48.8;2.13;12/08/2026;09:00;21.0;0;SOLEIL;5;0;0
Versailles;48.8;2.13;12/08/2026;10:00;22.3;0;SOLEIL;5;0;0
Versailles;48.8;2.13;12/08/2026;11:00;29.1;0;SOLEIL;2;0;0
Versailles;48.8;2.13;12/08/2026;12:00;29.1;0;SOLEIL;2;0;0
Versailles;48.8;2.13;12/08/2026;13:00;29.1;0;SOLEIL;2;0;0
Versailles;48.8;2.13;12/08/2026;14:00;27.4;0;SOLEIL;5;0;0
Versailles;48.8;2.13;12/08/2026;15:00;28.7;0;SOLEIL;5;0;0
Versailles;48.8;2.13;12/08/2026;16:00;27.4;0;SOLEIL;5;0;0
Versailles;48.8;2.13;12/08/2026;17:00;29.4;0;SOLEIL;2;0;0
Versailles;48.8;2.13;12/08/2026;18:00;29.4;0;SOLEIL;2;0;0
Versailles;48.8;2.13;12/08/2026;19:00;29.4;0;SOLEIL;2;0;0
Versailles;48.8;2.13;12/08/2026;20:00;22.3;0;SOLEIL;5;0;0
Versailles;48.8;2.13;12/08/2026;21:00;21.0;0;SOLEIL;5;0;0
Versailles;48.8;2.13;12/08/2026;22:00;19.7;0;SOLEIL;5;0;0
Versailles;48.8;2.13;12/08/2026;23:00;21.5;0;SOLEIL;2;0;0
Arpajon;48.59;2.25;08/08/2026;00:00;18.1;0;SOLEIL;3;0;0
Arpajon;48.59;2.25;08/08/2026;01:00;18.1;0;SOLEIL;3;0;0
Arpajon;48.59;2.25;08/08/2026;02:00;16.1;0;SOLEIL;2;0;0
Arpajon;48.59;2.25;08/08/2026;03:00;16.1;0;SOLEIL;2;0;0
Arpajon;48.59;2.25;08/08/2026;04:00;16.1;0;SOLEIL;2;0;0
Arpajon;48.59;2.25;08/08/2026;05:00;17.2;0;SOLEIL;2;0;0
Arpajon;48.59;2.25;08/08/2026;06:00;17.2;0;SOLEIL;2;0;0
Arpajon;48.59;2.25;08/08/2026;07:00;17.2;0;SOLEIL;2;0;0
Arpajon;48.59;2.25;08/08/2026;08:00;24;5;SOLEIL VOILÉ;2;0;0
Arpajon;48.59;2.25;08/08/2026;09:00;24;5;SOLEIL VOILÉ;2;0;0
Arpajon;48.59;2.25;08/08/2026;10:00;24;5;SOLEIL VOILÉ;2;0;0
Arpajon;48.59;2.25;08/08/2026;11:00;28.7;0;SOLEIL;2;0;0
Arpajon;48.59;2.25;08/08/2026;12:00;28.7;0;SOLEIL;2;0;0
Arpajon;48.59;2.25;08/08/2026;13:00;28.7;0;SOLEIL;2;0;0
Arpajon;48.59;2.25;08/08/2026;14:00;31.6;0;SOLEIL;3;0;0
Arpajon;48.59;2.25;08/08/2026;15:00;31.6;0;SOLEIL;3;0;0
Arpajon;48.59;2.25;08/08/2026;16:00;31.6;0;SOLEIL;3;0;0
Arpajon;48.59;2.25;08/08/2026;17:00;30.7;0;SOLEIL;3;0;0
Arpajon;48.59;2.25;08/08/2026;18:00;30.7;0;SOLEIL;3;0;0
Arpajon;48.59;2.25;08/08/2026;19:00;30.7;0;SOLEIL;3;0;0
Arpajon;48.59;2.25;08/08/2026;20:00;23.2;0;SOLEIL;2;0;0
Arpajon;48.59;2.25;08/08/2026;21:00;23.2;0;SOLEIL;2;0;0
Arpajon;48.59;2.25;08/08/2026;22:00;23.2;0;SOLEIL;2;0;0
Arpajon;48.59;2.25;08/08/2026;23:00;19.7;5;SOLEIL VOILÉ;2;0;0
Arpajon;48.59;2.25;09/08/2026;00:00;19.7;5;SOLEIL VOILÉ;2;0;0
Arpajon;48.59;2.25;09/08/2026;01:00;19.7;5;SOLEIL VOILÉ;2;0;0
Arpajon;48.59;2.25;09/08/2026;02:00;18.1;5;SOLEIL VOILÉ;1;0;0
Arpajon;48.59;2.25;09/08/2026;03:00;18.1;5;SOLEIL VOILÉ;1;0;0
Arpajon;48.59;2.25;09/08/2026;04:00;18.1;5;SOLEIL VOILÉ;1;0;0
Arpajon;48.59;2.25;09/08/2026;05:00;18.9;5;SOLEIL VOILÉ;1;0;0
Arpajon;48.59;2.25;09/08/2026;06:00;18.9;5;SOLEIL VOILÉ;1;0;0
Arpajon;48.59;2.25;09/08/2026;07:00;18.9;5;SOLEIL VOILÉ;1;0;0
Arpajon;48.59;2.25;09/08/2026;08:00;27.2;5;SOLEIL VOILÉ;1;0;0
Arpajon;48.59;2.25;09/08/2026;09:00;27.2;5;SOLEIL VOILÉ;1;0;0
Arpajon;48.59;2.25;09/08/2026;10:00;27.2;5;SOLEIL VOILÉ;1;0;0
Arpajon;48.59;2.25;09/08/2026;11:00;31.2;5;SOLEIL VOILÉ;2;0;0
Arpajon;48.59;2.25;09/08/2026;12:00;31.2;5;SOLEIL VOILÉ;2;0;0
Arpajon;48.59;2.25;09/08/2026;13:00;31.2;5;SOLEIL VOILÉ;2;0;0
Arpajon;48.59;2.25;09/08/2026;14:00;32.6;0;SOLEIL;3;0;0
Arpajon;48.59;2.25;09/08/2026;15:00;32.6;0;SOLEIL;3;0;0
Arpajon;48.59;2.25;09/08/2026;16:00;32.6;0;SOLEIL;3;0;0
Arpajon;48.59;2.25;09/08/2026;17:00;30.6;0;SOLEIL;3;0;0
Arpajon;48.59;2.25;09/08/2026;18:00;30.6;0;SOLEIL;3;0;0
Arpajon;48.59;2.25;09/08/2026;19:00;30.6;0;SOLEIL;3;0;0
Arpajon;48.59;2.25;09/08/2026;20:00;22.8;0;SOLEIL;5;0;0
Arpajon;48.59;2.25;09/08/2026;21:00;21.0;0;SOLEIL;5;0;0
Arpajon;48.59;2.25;09/08/2026;22:00;19.1;0;SOLEIL;5;0;0
Arpajon;48.59;2.25;09/08/2026;23:00;22.1;0;SOLEIL;3;0;0
Arpajon;48.59;2.25;10/08/2026;00:00;22.1;0;SOLEIL;3;0;0
Arpajon;48.59;2.25;10/08/2026;01:00;22.1;0;SOLEIL;3;0;0
Arpajon;48.59;2.25;10/08/2026;02:00;17.5;5;SOLEIL VOILÉ;5;0;0
Arpajon;48.59;2.25;10/08/2026;03:00;17.5;5;SOLEIL VOILÉ;5;0;0
Arpajon;48.59;2.25;10/08/2026;04:00;17.5;5;SOLEIL VOILÉ;5;0;0
Arpajon;48.59;2.25;10/08/2026;05:00;21;0;SOLEIL;2;0;0
Arpajon;48.59;2.25;10/08/2026;06:00;21;0;SOLEIL;2;0;0
Arpajon;48.59;2.25;10/08/2026;07:00;21;0;SOLEIL;2;0;0
Arpajon;48.59;2.25;10/08/2026;08:00;21.0;5;SOLEIL VOILÉ;5;0;0
Arpajon;48.59;2.25;10/08/2026;09:00;22.7;5;SOLEIL VOILÉ;5;0;0
Arpajon;48.59;2.25;10/08/2026;10:00;24.5;5;SOLEIL VOILÉ;5;0;0
Arpajon;48.59;2.25;10/08/2026;11:00;30.5;0;SOLEIL;3;0;0
Arpajon;48.59;2.25;10/08/2026;12:00;30.5;0;SOLEIL;3;0;0
Arpajon;48.59;2.25;10/08/2026;13:00;30.5;0;SOLEIL;3;0;0
Arpajon;48.59;2.25;10/08/2026;14:00;31.5;5;SOLEIL VOILÉ;5;0;0
Arpajon;48.59;2.25;10/08/2026;15:00;33.2;5;SOLEIL VOILÉ;5;0;0
Arpajon;48.59;2.25;10/08/2026;16:00;31.5;5;SOLEIL VOILÉ;5;0;0
Arpajon;48.59;2.25;10/08/2026;17:00;29.2;0;SOLEIL;4;0;0
Arpajon;48.59;2.25;10/08/2026;18:00;29.2;0;SOLEIL;4;0;0
Arpajon;48.59;2.25;10/08/2026;19:00;29.2;0;SOLEIL;4;0;0
Arpajon;48.59;2.25;10/08/2026;20:00;24.5;5;SOLEIL VOILÉ;5;0;0
Arpajon;48.59;2.25;10/08/2026;21:00;22.7;5;SOLEIL VOILÉ;5;0;0
Arpajon;48.59;2.25;10/08/2026;22:00;21.0;5;SOLEIL VOILÉ;5;0;0
Arpajon;48.59;2.25;10/08/2026;23:00;21.1;0;SOLEIL;3;0;0
Arpajon;48.59;2.25;11/08/2026;00:00;21.1;0;SOLEIL;3;0;0
Arpajon;48.59;2.25;11/08/2026;01:00;21.1;0;SOLEIL;3;0;0
Arpajon;48.59;2.25;11/08/2026;02:00;19.5;0;SOLEIL;5;0;0
Arpajon;48.59;2.25;11/08/2026;03:00;19.5;0;SOLEIL;5;0;0
Arpajon;48.59;2.25;11/08/2026;04:00;19.5;0;SOLEIL;5;0;0
Arpajon;48.59;2.25;11/08/2026;05:00;19.9;0;SOLEIL;2;0;0
Arpajon;48.59;2.25;11/08/2026;06:00;19.9;0;SOLEIL;2;0;0
Arpajon;48.59;2.25;11/08/2026;07:00;19.9;0;SOLEIL;2;0;0
Arpajon;48.59;2.25;11/08/2026;08:00;22.3;0;SOLEIL;5;0;0
Arpajon;48.59;2.25;11/08/2026;09:00;23.7;0;SOLEIL;5;0;0
Arpajon;48.59;2.25;11/08/2026;10:00;25.1;0;SOLEIL;5;0;0
Arpajon;48.59;2.25;11/08/2026;11:00;29.6;0;SOLEIL;3;0;0
Arpajon;48.59;2.25;11/08/2026;12:00;29.6;0;SOLEIL;3;0;0
Arpajon;48.59;2.25;11/08/2026;13:00;29.6;0;SOLEIL;3;0;0
Arpajon;48.59;2.25;11/08/2026;14:00;30.7;0;SOLEIL;5;0;0
Arpajon;48.59;2.25;11/08/2026;15:00;32.1;0;SOLEIL;5;0;0
Arpajon;48.59;2.25;11/08/2026;16:00;30.7;0;SOLEIL;5;0;0
Arpajon;48.59;2.25;11/08/2026;17:00;29.2;0;SOLEIL;4;0;0
Arpajon;48.59;2.25;11/08/2026;18:00;29.2;0;SOLEIL;4;0;0
Arpajon;48.59;2.25;11/08/2026;19:00;29.2;0;SOLEIL;4;0;0
Arpajon;48.59;2.25;11/08/2026;20:00;25.1;0;SOLEIL;5;0;0
Arpajon;48.59;2.25;11/08/2026;21:00;23.7;0;SOLEIL;5;0;0
Arpajon;48.59;2.25;11/08/2026;22:00;22.3;0;SOLEIL;5;0;0
Arpajon;48.59;2.25;11/08/2026;23:00;21.2;0;SOLEIL;3;0;0
Arpajon;48.59;2.25;12/08/2026;00:00;21.2;0;SOLEIL;3;0;0
Arpajon;48.59;2.25;12/08/2026;01:00;21.2;0;SOLEIL;3;0;0
Arpajon;48.59;2.25;12/08/2026;02:00;18.7;0;SOLEIL;5;0;0
Arpajon;48.59;2.25;12/08/2026;03:00;18.7;0;SOLEIL;5;0;0
Arpajon;48.59;2.25;12/08/2026;04:00;18.7;0;SOLEIL;5;0;0
Arpajon;48.59;2.25;12/08/2026;05:00;21;0;SOLEIL;2;0;0
Arpajon;48.59;2.25;12/08/2026;06:00;21;0;SOLEIL;2;0;0
Arpajon;48.59;2.25;12/08/2026;07:00;21;0;SOLEIL;2;0;0
Arpajon;48.59;2.25;12/08/2026;08:00;21.8;0;SOLEIL;5;0;0
Arpajon;48.59;2.25;12/08/2026;09:00;23.3;0;SOLEIL;5;0;0
Arpajon;48.59;2.25;12/08/2026;10:00;24.9;0;SOLEIL;5;0;0
Arpajon;48.59;2.25;12/08/2026;11:00;32.6;0;SOLEIL;2;0;0
Arpajon;48.59;2.25;12/08/2026;12:00;32.6;0;SOLEIL;2;0;0
Arpajon;48.59;2.25;12/08/2026;13:00;32.6;0;SOLEIL;2;0;0
Arpajon;48.59;2.25;12/08/2026;14:00;31.1;0;SOLEIL;5;0;0
Arpajon;48.59;2.25;12/08/2026;15:00;32.6;0;SOLEIL;5;0;0
Arpajon;48.59;2.25;12/08/2026;16:00;31.1;0;SOLEIL;5;0;0
Arpajon;48.59;2.25;12/08/2026;17:00;32.1;0;SOLEIL;2;0;0
Arpajon;48.59;2.25;12/08/2026;18:00;32.1;0;SOLEIL;2;0;0
Arpajon;48.59;2.25;12/08/2026;19:00;32.1;0;SOLEIL;2;0;0
Arpajon;48.59;2.25;12/08/2026;20:00;24.9;0;SOLEIL;5;0;0
Arpajon;48.59;2.25;12/08/2026;21:00;23.3;0;SOLEIL;5;0;0
Arpajon;48.59;2.25;12/08/2026;22:00;21.8;0;SOLEIL;5;0;0
Arpajon;48.59;2.25;12/08/2026;23:00;23.6;0;SOLEIL;2;0;0
Étampes;48.43;2.16;08/08/2026;00:00;18.6;0;SOLEIL;3;0;0
Étampes;48.43;2.16;08/08/2026;01:00;18.6;0;SOLEIL;3;0;0
Étampes;48.43;2.16;08/08/2026;02:00;16.1;0;SOLEIL;2;0;0
Étampes;48.43;2.16;08/08/2026;03:00;16.1;0;SOLEIL;2;0;0
Étampes;48.43;2.16;08/08/2026;04:00;16.1;0;SOLEIL;2;0;0
Étampes;48.43;2.16;08/08/2026;05:00;16.7;0;SOLEIL;3;0;0
Étampes;48.43;2.16;08/08/2026;06:00;16.7;0;SOLEIL;3;0;0
Étampes;48.43;2.16;08/08/2026;07:00;16.7;0;SOLEIL;3;0;0
Étampes;48.43;2.16;08/08/2026;08:00;24.4;5;SOLEIL VOILÉ;2;0;0
Étampes;48.43;2.16;08/08/2026;09:00;24.4;5;SOLEIL VOILÉ;2;0;0
Étampes;48.43;2.16;08/08/2026;10:00;24.4;5;SOLEIL VOILÉ;2;0;0
Étampes;48.43;2.16;08/08/2026;11:00;29.6;0;SOLEIL;2;0;0
Étampes;48.43;2.16;08/08/2026;12:00;29.6;0;SOLEIL;2;0;0
Étampes;48.43;2.16;08/08/2026;13:00;29.6;0;SOLEIL;2;0;0
Étampes;48.43;2.16;08/08/2026;14:00;32;0;SOLEIL;1;0;0
Étampes;48.43;2.16;08/08/2026;15:00;32;0;SOLEIL;1;0;0
Étampes;48.43;2.16;08/08/2026;16:00;32;0;SOLEIL;1;0;0
Étampes;48.43;2.16;08/08/2026;17:00;31.1;0;SOLEIL;1;0;0
Étampes;48.43;2.16;08/08/2026;18:00;31.1;0;SOLEIL;1;0;0
Étampes;48.43;2.16;08/08/2026;19:00;31.1;0;SOLEIL;1;0;0
Étampes;48.43;2.16;08/08/2026;20:00;24;0;SOLEIL;2;0;0
Étampes;48.43;2.16;08/08/2026;21:00;24;0;SOLEIL;2;0;0
Étampes;48.43;2.16;08/08/2026;22:00;24;0;SOLEIL;2;0;0
Étampes;48.43;2.16;08/08/2026;23:00;21.1;5;SOLEIL VOILÉ;2;0;0
Étampes;48.43;2.16;09/08/2026;00:00;21.1;5;SOLEIL VOILÉ;2;0;0
Étampes;48.43;2.16;09/08/2026;01:00;21.1;5;SOLEIL VOILÉ;2;0;0
Étampes;48.43;2.16;09/08/2026;02:00;19.1;5;SOLEIL VOILÉ;2;0;0
Étampes;48.43;2.16;09/08/2026;03:00;19.1;5;SOLEIL VOILÉ;2;0;0
Étampes;48.43;2.16;09/08/2026;04:00;19.1;5;SOLEIL VOILÉ;2;0;0
Étampes;48.43;2.16;09/08/2026;05:00;20.2;5;SOLEIL VOILÉ;2;0;0
Étampes;48.43;2.16;09/08/2026;06:00;20.2;5;SOLEIL VOILÉ;2;0;0
Étampes;48.43;2.16;09/08/2026;07:00;20.2;5;SOLEIL VOILÉ;2;0;0
Étampes;48.43;2.16;09/08/2026;08:00;28.2;5;SOLEIL VOILÉ;1;0;0
Étampes;48.43;2.16;09/08/2026;09:00;28.2;5;SOLEIL VOILÉ;1;0;0
Étampes;48.43;2.16;09/08/2026;10:00;28.2;5;SOLEIL VOILÉ;1;0;0
Étampes;48.43;2.16;09/08/2026;11:00;30.1;5;SOLEIL VOILÉ;3;0;0
Étampes;48.43;2.16;09/08/2026;12:00;30.1;5;SOLEIL VOILÉ;3;0;0
Étampes;48.43;2.16;09/08/2026;13:00;30.1;5;SOLEIL VOILÉ;3;0;0
Étampes;48.43;2.16;09/08/2026;14:00;31.4;0;SOLEIL;3;0;0
Étampes;48.43;2.16;09/08/2026;15:00;31.4;0;SOLEIL;3;0;0
Étampes;48.43;2.16;09/08/2026;16:00;31.4;0;SOLEIL;3;0;0
Étampes;48.43;2.16;09/08/2026;17:00;31.6;0;SOLEIL;3;0;0
Étampes;48.43;2.16;09/08/2026;18:00;31.6;0;SOLEIL;3;0;0
Étampes;48.43;2.16;09/08/2026;19:00;31.6;0;SOLEIL;3;0;0
Étampes;48.43;2.16;09/08/2026;20:00;22.8;0;SOLEIL;5;0;0
Étampes;48.43;2.16;09/08/2026;21:00;20.8;0;SOLEIL;5;0;0
Étampes;48.43;2.16;09/08/2026;22:00;18.8;0;SOLEIL;5;0;0
Étampes;48.43;2.16;09/08/2026;23:00;23.2;0;SOLEIL;3;0;0
Étampes;48.43;2.16;10/08/2026;00:00;23.2;0;SOLEIL;3;0;0
Étampes;48.43;2.16;10/08/2026;01:00;23.2;0;SOLEIL;3;0;0
Étampes;48.43;2.16;10/08/2026;02:00;18.4;5;SOLEIL VOILÉ;5;0;0
Étampes;48.43;2.16;10/08/2026;03:00;18.4;5;SOLEIL VOILÉ;5;0;0
Étampes;48.43;2.16;10/08/2026;04:00;18.4;5;SOLEIL VOILÉ;5;0;0
Étampes;48.43;2.16;10/08/2026;05:00;19.2;0;SOLEIL;2;0;0
Étampes;48.43;2.16;10/08/2026;06:00;19.2;0;SOLEIL;2;0;0
Étampes;48.43;2.16;10/08/2026;07:00;19.2;0;SOLEIL;2;0;0
Étampes;48.43;2.16;10/08/2026;08:00;21.6;5;SOLEIL VOILÉ;5;0;0
Étampes;48.43;2.16;10/08/2026;09:00;23.3;5;SOLEIL VOILÉ;5;0;0
Étampes;48.43;2.16;10/08/2026;10:00;24.9;5;SOLEIL VOILÉ;5;0;0
Étampes;48.43;2.16;10/08/2026;11:00;30.5;0;SOLEIL;3;0;0
Étampes;48.43;2.16;10/08/2026;12:00;30.5;0;SOLEIL;3;0;0
Étampes;48.43;2.16;10/08/2026;13:00;30.5;0;SOLEIL;3;0;0
Étampes;48.43;2.16;10/08/2026;14:00;31.4;5;SOLEIL VOILÉ;5;0;0
Étampes;48.43;2.16;10/08/2026;15:00;33.0;5;SOLEIL VOILÉ;5;0;0
Étampes;48.43;2.16;10/08/2026;16:00;31.4;5;SOLEIL VOILÉ;5;0;0
Étampes;48.43;2.16;10/08/2026;17:00;29.1;0;SOLEIL;3;0;0
Étampes;48.43;2.16;10/08/2026;18:00;29.1;0;SOLEIL;3;0;0
Étampes;48.43;2.16;10/08/2026;19:00;29.1;0;SOLEIL;3;0;0
Étampes;48.43;2.16;10/08/2026;20:00;24.9;5;SOLEIL VOILÉ;5;0;0
Étampes;48.43;2.16;10/08/2026;21:00;23.3;5;SOLEIL VOILÉ;5;0;0
Étampes;48.43;2.16;10/08/2026;22:00;21.6;5;SOLEIL VOILÉ;5;0;0
Étampes;48.43;2.16;10/08/2026;23:00;19.2;0;SOLEIL;3;0;0
Étampes;48.43;2.16;11/08/2026;00:00;19.2;0;SOLEIL;3;0;0
Étampes;48.43;2.16;11/08/2026;01:00;19.2;0;SOLEIL;3;0;0
Étampes;48.43;2.16;11/08/2026;02:00;17.4;0;SOLEIL;5;0;0
Étampes;48.43;2.16;11/08/2026;03:00;17.4;0;SOLEIL;5;0;0
Étampes;48.43;2.16;11/08/2026;04:00;17.4;0;SOLEIL;5;0;0
Étampes;48.43;2.16;11/08/2026;05:00;18.2;0;SOLEIL;3;0;0
Étampes;48.43;2.16;11/08/2026;06:00;18.2;0;SOLEIL;3;0;0
Étampes;48.43;2.16;11/08/2026;07:00;18.2;0;SOLEIL;3;0;0
Étampes;48.43;2.16;11/08/2026;08:00;20.7;0;SOLEIL;5;0;0
Étampes;48.43;2.16;11/08/2026;09:00;22.3;0;SOLEIL;5;0;0
Étampes;48.43;2.16;11/08/2026;10:00;23.9;0;SOLEIL;5;0;0
Étampes;48.43;2.16;11/08/2026;11:00;29.4;0;SOLEIL;3;0;0
Étampes;48.43;2.16;11/08/2026;12:00;29.4;0;SOLEIL;3;0;0
Étampes;48.43;2.16;11/08/2026;13:00;29.4;0;SOLEIL;3;0;0
Étampes;48.43;2.16;11/08/2026;14:00;30.5;0;SOLEIL;5;0;0
Étampes;48.43;2.16;11/08/2026;15:00;32.1;0;SOLEIL;5;0;0
Étampes;48.43;2.16;11/08/2026;16:00;30.5;0;SOLEIL;5;0;0
Étampes;48.43;2.16;11/08/2026;17:00;28.5;0;SOLEIL;3;0;0
Étampes;48.43;2.16;11/08/2026;18:00;28.5;0;SOLEIL;3;0;0
Étampes;48.43;2.16;11/08/2026;19:00;28.5;0;SOLEIL;3;0;0
Étampes;48.43;2.16;11/08/2026;20:00;23.9;0;SOLEIL;5;0;0
Étampes;48.43;2.16;11/08/2026;21:00;22.3;0;SOLEIL;5;0;0
Étampes;48.43;2.16;11/08/2026;22:00;20.7;0;SOLEIL;5;0;0
Étampes;48.43;2.16;11/08/2026;23:00;19.1;0;SOLEIL;3;0;0
Étampes;48.43;2.16;12/08/2026;00:00;19.1;0;SOLEIL;3;0;0
Étampes;48.43;2.16;12/08/2026;01:00;19.1;0;SOLEIL;3;0;0
Étampes;48.43;2.16;12/08/2026;02:00;16.6;0;SOLEIL;5;0;0
Étampes;48.43;2.16;12/08/2026;03:00;16.6;0;SOLEIL;5;0;0
Étampes;48.43;2.16;12/08/2026;04:00;16.6;0;SOLEIL;5;0;0
Étampes;48.43;2.16;12/08/2026;05:00;19.6;0;SOLEIL;3;0;0
Étampes;48.43;2.16;12/08/2026;06:00;19.6;0;SOLEIL;3;0;0
Étampes;48.43;2.16;12/08/2026;07:00;19.6;0;SOLEIL;3;0;0
Étampes;48.43;2.16;12/08/2026;08:00;19.9;0;SOLEIL;5;0;0
Étampes;48.43;2.16;12/08/2026;09:00;21.6;0;SOLEIL;5;0;0
Étampes;48.43;2.16;12/08/2026;10:00;23.2;0;SOLEIL;5;0;0
Étampes;48.43;2.16;12/08/2026;11:00;32.1;0;SOLEIL;3;0;0
Étampes;48.43;2.16;12/08/2026;12:00;32.1;0;SOLEIL;3;0;0
Étampes;48.43;2.16;12/08/2026;13:00;32.1;0;SOLEIL;3;0;0
Étampes;48.43;2.16;12/08/2026;14:00;29.8;0;SOLEIL;5;0;0
Étampes;48.43;2.16;12/08/2026;15:00;31.5;0;SOLEIL;5;0;0
Étampes;48.43;2.16;12/08/2026;16:00;29.8;0;SOLEIL;5;0;0
Étampes;48.43;2.16;12/08/2026;17:00;31.5;0;SOLEIL;2;0;0
Étampes;48.43;2.16;12/08/2026;18:00;31.5;0;SOLEIL;2;0;0
Étampes;48.43;2.16;12/08/2026;19:00;31.5;0;SOLEIL;2;0;0
Étampes;48.43;2.16;12/08/2026;20:00;23.2;0;SOLEIL;5;0;0
Étampes;48.43;2.16;12/08/2026;21:00;21.6;0;SOLEIL;5;0;0
Étampes;48.43;2.16;12/08/2026;22:00;19.9;0;SOLEIL;5;0;0
Étampes;48.43;2.16;12/08/2026;23:00;21.5;0;SOLEIL;2;0;0
Évry;48.62;2.44;08/08/2026;00:00;18.9;0;SOLEIL;3;0;0
Évry;48.62;2.44;08/08/2026;01:00;18.9;0;SOLEIL;3;0;0
Évry;48.62;2.44;08/08/2026;02:00;17.7;0;SOLEIL;2;0;0
Évry;48.62;2.44;08/08/2026;03:00;17.7;0;SOLEIL;2;0;0
Évry;48.62;2.44;08/08/2026;04:00;17.7;0;SOLEIL;2;0;0
Évry;48.62;2.44;08/08/2026;05:00;17.6;0;SOLEIL;2;0;0
Évry;48.62;2.44;08/08/2026;06:00;17.6;0;SOLEIL;2;0;0
Évry;48.62;2.44;08/08/2026;07:00;17.6;0;SOLEIL;2;0;0
Évry;48.62;2.44;08/08/2026;08:00;23.6;0;SOLEIL;2;0;0
Évry;48.62;2.44;08/08/2026;09:00;23.6;0;SOLEIL;2;0;0
Évry;48.62;2.44;08/08/2026;10:00;23.6;0;SOLEIL;2;0;0
Évry;48.62;2.44;08/08/2026;11:00;28.5;0;SOLEIL;2;0;0
Évry;48.62;2.44;08/08/2026;12:00;28.5;0;SOLEIL;2;0;0
Évry;48.62;2.44;08/08/2026;13:00;28.5;0;SOLEIL;2;0;0
Évry;48.62;2.44;08/08/2026;14:00;31.1;0;SOLEIL;2;0;0
Évry;48.62;2.44;08/08/2026;15:00;31.1;0;SOLEIL;2;0;0
Évry;48.62;2.44;08/08/2026;16:00;31.1;0;SOLEIL;2;0;0
Évry;48.62;2.44;08/08/2026;17:00;30.1;0;SOLEIL;2;0;0
Évry;48.62;2.44;08/08/2026;18:00;30.1;0;SOLEIL;2;0;0
Évry;48.62;2.44;08/08/2026;19:00;30.1;0;SOLEIL;2;0;0
Évry;48.62;2.44;08/08/2026;20:00;25.1;0;SOLEIL;1;0;0
Évry;48.62;2.44;08/08/2026;21:00;25.1;0;SOLEIL;1;0;0
Évry;48.62;2.44;08/08/2026;22:00;25.1;0;SOLEIL;1;0;0
Évry;48.62;2.44;08/08/2026;23:00;22.2;0;SOLEIL;2;0;0
Évry;48.62;2.44;09/08/2026;00:00;22.2;0;SOLEIL;2;0;0
Évry;48.62;2.44;09/08/2026;01:00;22.2;0;SOLEIL;2;0;0
Évry;48.62;2.44;09/08/2026;02:00;20.5;5;SOLEIL VOILÉ;1;0;0
Évry;48.62;2.44;09/08/2026;03:00;20.5;5;SOLEIL VOILÉ;1;0;0
Évry;48.62;2.44;09/08/2026;04:00;20.5;5;SOLEIL VOILÉ;1;0;0
Évry;48.62;2.44;09/08/2026;05:00;20.1;5;SOLEIL VOILÉ;1;0;0
Évry;48.62;2.44;09/08/2026;06:00;20.1;5;SOLEIL VOILÉ;1;0;0
Évry;48.62;2.44;09/08/2026;07:00;20.1;5;SOLEIL VOILÉ;1;0;0
Évry;48.62;2.44;09/08/2026;08:00;27.4;5;SOLEIL VOILÉ;1;0;0
Évry;48.62;2.44;09/08/2026;09:00;27.4;5;SOLEIL VOILÉ;1;0;0
Évry;48.62;2.44;09/08/2026;10:00;27.4;5;SOLEIL VOILÉ;1;0;0
Évry;48.62;2.44;09/08/2026;11:00;31.1;5;SOLEIL VOILÉ;2;0;0
Évry;48.62;2.44;09/08/2026;12:00;31.1;5;SOLEIL VOILÉ;2;0;0
Évry;48.62;2.44;09/08/2026;13:00;31.1;5;SOLEIL VOILÉ;2;0;0
Évry;48.62;2.44;09/08/2026;14:00;31.7;0;SOLEIL;2;0;0
Évry;48.62;2.44;09/08/2026;15:00;31.7;0;SOLEIL;2;0;0
Évry;48.62;2.44;09/08/2026;16:00;31.7;0;SOLEIL;2;0;0
Évry;48.62;2.44;09/08/2026;17:00;30.6;0;SOLEIL;2;0;0
Évry;48.62;2.44;09/08/2026;18:00;30.6;0;SOLEIL;2;0;0
Évry;48.62;2.44;09/08/2026;19:00;30.6;0;SOLEIL;2;0;0
Évry;48.62;2.44;09/08/2026;20:00;23.7;0;SOLEIL;5;0;0
Évry;48.62;2.44;09/08/2026;21:00;22.0;0;SOLEIL;5;0;0
Évry;48.62;2.44;09/08/2026;22:00;20.3;0;SOLEIL;5;0;0
Évry;48.62;2.44;09/08/2026;23:00;23.6;0;SOLEIL;3;0;0
Évry;48.62;2.44;10/08/2026;00:00;23.6;0;SOLEIL;3;0;0
Évry;48.62;2.44;10/08/2026;01:00;23.6;0;SOLEIL;3;0;0
Évry;48.62;2.44;10/08/2026;02:00;19.1;5;SOLEIL VOILÉ;5;0;0
Évry;48.62;2.44;10/08/2026;03:00;19.1;5;SOLEIL VOILÉ;5;0;0
Évry;48.62;2.44;10/08/2026;04:00;19.1;5;SOLEIL VOILÉ;5;0;0
Évry;48.62;2.44;10/08/2026;05:00;21;0;SOLEIL;2;0;0
Évry;48.62;2.44;10/08/2026;06:00;21;0;SOLEIL;2;0;0
Évry;48.62;2.44;10/08/2026;07:00;21;0;SOLEIL;2;0;0
Évry;48.62;2.44;10/08/2026;08:00;22.1;5;SOLEIL VOILÉ;5;0;0
Évry;48.62;2.44;10/08/2026;09:00;23.6;5;SOLEIL VOILÉ;5;0;0
Évry;48.62;2.44;10/08/2026;10:00;25.1;5;SOLEIL VOILÉ;5;0;0
Évry;48.62;2.44;10/08/2026;11:00;29.7;0;SOLEIL;3;0;0
Évry;48.62;2.44;10/08/2026;12:00;29.7;0;SOLEIL;3;0;0
Évry;48.62;2.44;10/08/2026;13:00;29.7;0;SOLEIL;3;0;0
Évry;48.62;2.44;10/08/2026;14:00;31.1;5;SOLEIL VOILÉ;5;0;0
Évry;48.62;2.44;10/08/2026;15:00;32.6;5;SOLEIL VOILÉ;5;0;0
Évry;48.62;2.44;10/08/2026;16:00;31.1;5;SOLEIL VOILÉ;5;0;0
Évry;48.62;2.44;10/08/2026;17:00;29.1;0;SOLEIL;3;0;0
Évry;48.62;2.44;10/08/2026;18:00;29.1;0;SOLEIL;3;0;0
Évry;48.62;2.44;10/08/2026;19:00;29.1;0;SOLEIL;3;0;0
Évry;48.62;2.44;10/08/2026;20:00;25.1;5;SOLEIL VOILÉ;5;0;0
Évry;48.62;2.44;10/08/2026;21:00;23.6;5;SOLEIL VOILÉ;5;0;0
Évry;48.62;2.44;10/08/2026;22:00;22.1;5;SOLEIL VOILÉ;5;0;0
Évry;48.62;2.44;10/08/2026;23:00;20.6;0;SOLEIL;3;0;0
Évry;48.62;2.44;11/08/2026;00:00;20.6;0;SOLEIL;3;0;0
Évry;48.62;2.44;11/08/2026;01:00;20.6;0;SOLEIL;3;0;0
Évry;48.62;2.44;11/08/2026;02:00;19.6;0;SOLEIL;5;0;0
Évry;48.62;2.44;11/08/2026;03:00;19.6;0;SOLEIL;5;0;0
Évry;48.62;2.44;11/08/2026;04:00;19.6;0;SOLEIL;5;0;0
Évry;48.62;2.44;11/08/2026;05:00;19.4;0;SOLEIL;2;0;0
Évry;48.62;2.44;11/08/2026;06:00;19.4;0;SOLEIL;2;0;0
Évry;48.62;2.44;11/08/2026;07:00;19.4;0;SOLEIL;2;0;0
Évry;48.62;2.44;11/08/2026;08:00;22.2;0;SOLEIL;5;0;0
Évry;48.62;2.44;11/08/2026;09:00;23.6;0;SOLEIL;5;0;0
Évry;48.62;2.44;11/08/2026;10:00;24.9;0;SOLEIL;5;0;0
Évry;48.62;2.44;11/08/2026;11:00;29.1;0;SOLEIL;3;0;0
Évry;48.62;2.44;11/08/2026;12:00;29.1;0;SOLEIL;3;0;0
Évry;48.62;2.44;11/08/2026;13:00;29.1;0;SOLEIL;3;0;0
Évry;48.62;2.44;11/08/2026;14:00;30.2;0;SOLEIL;5;0;0
Évry;48.62;2.44;11/08/2026;15:00;31.5;0;SOLEIL;5;0;0
Évry;48.62;2.44;11/08/2026;16:00;30.2;0;SOLEIL;5;0;0
Évry;48.62;2.44;11/08/2026;17:00;28.5;0;SOLEIL;4;0;0
Évry;48.62;2.44;11/08/2026;18:00;28.5;0;SOLEIL;4;0;0
Évry;48.62;2.44;11/08/2026;19:00;28.5;0;SOLEIL;4;0;0
Évry;48.62;2.44;11/08/2026;20:00;24.9;0;SOLEIL;5;0;0
Évry;48.62;2.44;11/08/2026;21:00;23.6;0;SOLEIL;5;0;0
Évry;48.62;2.44;11/08/2026;22:00;22.2;0;SOLEIL;5;0;0
Évry;48.62;2.44;11/08/2026;23:00;20.9;0;SOLEIL;3;0;0
Évry;48.62;2.44;12/08/2026;00:00;20.9;0;SOLEIL;3;0;0
Évry;48.62;2.44;12/08/2026;01:00;20.9;0;SOLEIL;3;0;0
Évry;48.62;2.44;12/08/2026;02:00;18.1;0;SOLEIL;5;0;0
Évry;48.62;2.44;12/08/2026;03:00;18.1;0;SOLEIL;5;0;0
Évry;48.62;2.44;12/08/2026;04:00;18.1;0;SOLEIL;5;0;0
Évry;48.62;2.44;12/08/2026;05:00;20.6;0;SOLEIL;2;0;0
Évry;48.62;2.44;12/08/2026;06:00;20.6;0;SOLEIL;2;0;0
Évry;48.62;2.44;12/08/2026;07:00;20.6;0;SOLEIL;2;0;0
Évry;48.62;2.44;12/08/2026;08:00;21.1;0;SOLEIL;5;0;0
Évry;48.62;2.44;12/08/2026;09:00;22.6;0;SOLEIL;5;0;0
Évry;48.62;2.44;12/08/2026;10:00;24.1;0;SOLEIL;5;0;0
Évry;48.62;2.44;12/08/2026;11:00;32.4;0;SOLEIL;2;0;0
Évry;48.62;2.44;12/08/2026;12:00;32.4;0;SOLEIL;2;0;0
Évry;48.62;2.44;12/08/2026;13:00;32.4;0;SOLEIL;2;0;0
Évry;48.62;2.44;12/08/2026;14:00;30.0;0;SOLEIL;5;0;0
Évry;48.62;2.44;12/08/2026;15:00;31.5;0;SOLEIL;5;0;0
Évry;48.62;2.44;12/08/2026;16:00;30.0;0;SOLEIL;5;0;0
Évry;48.62;2.44;12/08/2026;17:00;32.1;0;SOLEIL;2;0;0
Évry;48.62;2.44;12/08/2026;18:00;32.1;0;SOLEIL;2;0;0
Évry;48.62;2.44;12/08/2026;19:00;32.1;0;SOLEIL;2;0;0
Évry;48.62;2.44;12/08/2026;20:00;24.1;0;SOLEIL;5;0;0
Évry;48.62;2.44;12/08/2026;21:00;22.6;0;SOLEIL;5;0;0
Évry;48.62;2.44;12/08/2026;22:00;21.1;0;SOLEIL;5;0;0
Évry;48.62;2.44;12/08/2026;23:00;24.1;0;SOLEIL;2;0;0
Milly-la-Forêt;48.4;2.47;08/08/2026;00:00;14.9;0;SOLEIL;3;0;0
Milly-la-Forêt;48.4;2.47;08/08/2026;01:00;14.9;0;SOLEIL;3;0;0
Milly-la-Forêt;48.4;2.47;08/08/2026;02:00;12.5;0;SOLEIL;2;0;0
Milly-la-Forêt;48.4;2.47;08/08/2026;03:00;12.5;0;SOLEIL;2;0;0
Milly-la-Forêt;48.4;2.47;08/08/2026;04:00;12.5;0;SOLEIL;2;0;0
Milly-la-Forêt;48.4;2.47;08/08/2026;05:00;14.7;0;SOLEIL;2;0;0
Milly-la-Forêt;48.4;2.47;08/08/2026;06:00;14.7;0;SOLEIL;2;0;0
Milly-la-Forêt;48.4;2.47;08/08/2026;07:00;14.7;0;SOLEIL;2;0;0
Milly-la-Forêt;48.4;2.47;08/08/2026;08:00;24.1;0;SOLEIL;2;0;0
Milly-la-Forêt;48.4;2.47;08/08/2026;09:00;24.1;0;SOLEIL;2;0;0
Milly-la-Forêt;48.4;2.47;08/08/2026;10:00;24.1;0;SOLEIL;2;0;0
Milly-la-Forêt;48.4;2.47;08/08/2026;11:00;29.6;0;SOLEIL;2;0;0
Milly-la-Forêt;48.4;2.47;08/08/2026;12:00;29.6;0;SOLEIL;2;0;0
Milly-la-Forêt;48.4;2.47;08/08/2026;13:00;29.6;0;SOLEIL;2;0;0
Milly-la-Forêt;48.4;2.47;08/08/2026;14:00;32.1;0;SOLEIL;1;0;0
Milly-la-Forêt;48.4;2.47;08/08/2026;15:00;32.1;0;SOLEIL;1;0;0
Milly-la-Forêt;48.4;2.47;08/08/2026;16:00;32.1;0;SOLEIL;1;0;0
Milly-la-Forêt;48.4;2.47;08/08/2026;17:00;31.4;0;SOLEIL;2;0;0
Milly-la-Forêt;48.4;2.47;08/08/2026;18:00;31.4;0;SOLEIL;2;0;0
Milly-la-Forêt;48.4;2.47;08/08/2026;19:00;31.4;0;SOLEIL;2;0;0
Milly-la-Forêt;48.4;2.47;08/08/2026;20:00;21.9;0;SOLEIL;2;0;0
Milly-la-Forêt;48.4;2.47;08/08/2026;21:00;21.9;0;SOLEIL;2;0;0
Milly-la-Forêt;48.4;2.47;08/08/2026;22:00;21.9;0;SOLEIL;2;0;0
Milly-la-Forêt;48.4;2.47;08/08/2026;23:00;17;5;SOLEIL VOILÉ;1;0;0
Milly-la-Forêt;48.4;2.47;09/08/2026;00:00;17;5;SOLEIL VOILÉ;1;0;0
Milly-la-Forêt;48.4;2.47;09/08/2026;01:00;17;5;SOLEIL VOILÉ;1;0;0
Milly-la-Forêt;48.4;2.47;09/08/2026;02:00;14.1;5;SOLEIL VOILÉ;1;0;0
Milly-la-Forêt;48.4;2.47;09/08/2026;03:00;14.1;5;SOLEIL VOILÉ;1;0;0
Milly-la-Forêt;48.4;2.47;09/08/2026;04:00;14.1;5;SOLEIL VOILÉ;1;0;0
Milly-la-Forêt;48.4;2.47;09/08/2026;05:00;17.5;5;SOLEIL VOILÉ;1;0;0
Milly-la-Forêt;48.4;2.47;09/08/2026;06:00;17.5;5;SOLEIL VOILÉ;1;0;0
Milly-la-Forêt;48.4;2.47;09/08/2026;07:00;17.5;5;SOLEIL VOILÉ;1;0;0
Milly-la-Forêt;48.4;2.47;09/08/2026;08:00;28;5;SOLEIL VOILÉ;2;0;0
Milly-la-Forêt;48.4;2.47;09/08/2026;09:00;28;5;SOLEIL VOILÉ;2;0;0
Milly-la-Forêt;48.4;2.47;09/08/2026;10:00;28;5;SOLEIL VOILÉ;2;0;0
Milly-la-Forêt;48.4;2.47;09/08/2026;11:00;30.5;5;SOLEIL VOILÉ;3;0;0
Milly-la-Forêt;48.4;2.47;09/08/2026;12:00;30.5;5;SOLEIL VOILÉ;3;0;0
Milly-la-Forêt;48.4;2.47;09/08/2026;13:00;30.5;5;SOLEIL VOILÉ;3;0;0
Milly-la-Forêt;48.4;2.47;09/08/2026;14:00;32.5;0;SOLEIL;3;0;0
Milly-la-Forêt;48.4;2.47;09/08/2026;15:00;32.5;0;SOLEIL;3;0;0
Milly-la-Forêt;48.4;2.47;09/08/2026;16:00;32.5;0;SOLEIL;3;0;0
Milly-la-Forêt;48.4;2.47;09/08/2026;17:00;31.1;0;SOLEIL;2;0;0
Milly-la-Forêt;48.4;2.47;09/08/2026;18:00;31.1;0;SOLEIL;2;0;0
Milly-la-Forêt;48.4;2.47;09/08/2026;19:00;31.1;0;SOLEIL;2;0;0
Milly-la-Forêt;48.4;2.47;09/08/2026;20:00;21.2;0;SOLEIL;5;0;0
Milly-la-Forêt;48.4;2.47;09/08/2026;21:00;18.8;0;SOLEIL;5;0;0
Milly-la-Forêt;48.4;2.47;09/08/2026;22:00;16.4;0;SOLEIL;5;0;0
Milly-la-Forêt;48.4;2.47;09/08/2026;23:00;19.9;0;SOLEIL;3;0;0
Milly-la-Forêt;48.4;2.47;10/08/2026;00:00;19.9;0;SOLEIL;3;0;0
Milly-la-Forêt;48.4;2.47;10/08/2026;01:00;19.9;0;SOLEIL;3;0;0
Milly-la-Forêt;48.4;2.47;10/08/2026;02:00;13.7;5;SOLEIL VOILÉ;5;0;0
Milly-la-Forêt;48.4;2.47;10/08/2026;03:00;13.7;5;SOLEIL VOILÉ;5;0;0
Milly-la-Forêt;48.4;2.47;10/08/2026;04:00;13.7;5;SOLEIL VOILÉ;5;0;0
Milly-la-Forêt;48.4;2.47;10/08/2026;05:00;19.1;0;SOLEIL;2;0;0
Milly-la-Forêt;48.4;2.47;10/08/2026;06:00;19.1;0;SOLEIL;2;0;0
Milly-la-Forêt;48.4;2.47;10/08/2026;07:00;19.1;0;SOLEIL;2;0;0
Milly-la-Forêt;48.4;2.47;10/08/2026;08:00;18.0;5;SOLEIL VOILÉ;5;0;0
Milly-la-Forêt;48.4;2.47;10/08/2026;09:00;20.2;5;SOLEIL VOILÉ;5;0;0
Milly-la-Forêt;48.4;2.47;10/08/2026;10:00;22.4;5;SOLEIL VOILÉ;5;0;0
Milly-la-Forêt;48.4;2.47;10/08/2026;11:00;31.6;0;SOLEIL;3;0;0
Milly-la-Forêt;48.4;2.47;10/08/2026;12:00;31.6;0;SOLEIL;3;0;0
Milly-la-Forêt;48.4;2.47;10/08/2026;13:00;31.6;0;SOLEIL;3;0;0
Milly-la-Forêt;48.4;2.47;10/08/2026;14:00;31.0;5;SOLEIL VOILÉ;5;0;0
Milly-la-Forêt;48.4;2.47;10/08/2026;15:00;33.2;5;SOLEIL VOILÉ;5;0;0
Milly-la-Forêt;48.4;2.47;10/08/2026;16:00;31.0;5;SOLEIL VOILÉ;5;0;0
Milly-la-Forêt;48.4;2.47;10/08/2026;17:00;29.1;0;SOLEIL;3;0;0
Milly-la-Forêt;48.4;2.47;10/08/2026;18:00;29.1;0;SOLEIL;3;0;0
Milly-la-Forêt;48.4;2.47;10/08/2026;19:00;29.1;0;SOLEIL;3;0;0
Milly-la-Forêt;48.4;2.47;10/08/2026;20:00;22.4;5;SOLEIL VOILÉ;5;0;0
Milly-la-Forêt;48.4;2.47;10/08/2026;21:00;20.2;5;SOLEIL VOILÉ;5;0;0
Milly-la-Forêt;48.4;2.47;10/08/2026;22:00;18.0;5;SOLEIL VOILÉ;5;0;0
Milly-la-Forêt;48.4;2.47;10/08/2026;23:00;18.6;0;SOLEIL;3;0;0
Milly-la-Forêt;48.4;2.47;11/08/2026;00:00;18.6;0;SOLEIL;3;0;0
Milly-la-Forêt;48.4;2.47;11/08/2026;01:00;18.6;0;SOLEIL;3;0;0
Milly-la-Forêt;48.4;2.47;11/08/2026;02:00;17.4;0;SOLEIL;5;0;0
Milly-la-Forêt;48.4;2.47;11/08/2026;03:00;17.4;0;SOLEIL;5;0;0
Milly-la-Forêt;48.4;2.47;11/08/2026;04:00;17.4;0;SOLEIL;5;0;0
Milly-la-Forêt;48.4;2.47;11/08/2026;05:00;17.5;0;SOLEIL;2;0;0
Milly-la-Forêt;48.4;2.47;11/08/2026;06:00;17.5;0;SOLEIL;2;0;0
Milly-la-Forêt;48.4;2.47;11/08/2026;07:00;17.5;0;SOLEIL;2;0;0
Milly-la-Forêt;48.4;2.47;11/08/2026;08:00;20.9;0;SOLEIL;5;0;0
Milly-la-Forêt;48.4;2.47;11/08/2026;09:00;22.6;0;SOLEIL;5;0;0
Milly-la-Forêt;48.4;2.47;11/08/2026;10:00;24.4;0;SOLEIL;5;0;0
Milly-la-Forêt;48.4;2.47;11/08/2026;11:00;30.7;0;SOLEIL;3;0;0
Milly-la-Forêt;48.4;2.47;11/08/2026;12:00;30.7;0;SOLEIL;3;0;0
Milly-la-Forêt;48.4;2.47;11/08/2026;13:00;30.7;0;SOLEIL;3;0;0
Milly-la-Forêt;48.4;2.47;11/08/2026;14:00;31.4;0;SOLEIL;5;0;0
Milly-la-Forêt;48.4;2.47;11/08/2026;15:00;33.1;0;SOLEIL;5;0;0
Milly-la-Forêt;48.4;2.47;11/08/2026;16:00;31.4;0;SOLEIL;5;0;0
Milly-la-Forêt;48.4;2.47;11/08/2026;17:00;28.9;0;SOLEIL;3;0;0
Milly-la-Forêt;48.4;2.47;11/08/2026;18:00;28.9;0;SOLEIL;3;0;0
Milly-la-Forêt;48.4;2.47;11/08/2026;19:00;28.9;0;SOLEIL;3;0;0
Milly-la-Forêt;48.4;2.47;11/08/2026;20:00;24.4;0;SOLEIL;5;0;0
Milly-la-Forêt;48.4;2.47;11/08/2026;21:00;22.6;0;SOLEIL;5;0;0
Milly-la-Forêt;48.4;2.47;11/08/2026;22:00;20.9;0;SOLEIL;5;0;0
Milly-la-Forêt;48.4;2.47;11/08/2026;23:00;18.5;0;SOLEIL;3;0;0
Milly-la-Forêt;48.4;2.47;12/08/2026;00:00;18.5;0;SOLEIL;3;0;0
Milly-la-Forêt;48.4;2.47;12/08/2026;01:00;18.5;0;SOLEIL;3;0;0
Milly-la-Forêt;48.4;2.47;12/08/2026;02:00;16.1;0;SOLEIL;5;0;0
Milly-la-Forêt;48.4;2.47;12/08/2026;03:00;16.1;0;SOLEIL;5;0;0
Milly-la-Forêt;48.4;2.47;12/08/2026;04:00;16.1;0;SOLEIL;5;0;0
Milly-la-Forêt;48.4;2.47;12/08/2026;05:00;18.6;0;SOLEIL;3;0;0
Milly-la-Forêt;48.4;2.47;12/08/2026;06:00;18.6;0;SOLEIL;3;0;0
Milly-la-Forêt;48.4;2.47;12/08/2026;07:00;18.6;0;SOLEIL;3;0;0
Milly-la-Forêt;48.4;2.47;12/08/2026;08:00;19.8;0;SOLEIL;5;0;0
Milly-la-Forêt;48.4;2.47;12/08/2026;09:00;21.6;0;SOLEIL;5;0;0
Milly-la-Forêt;48.4;2.47;12/08/2026;10:00;23.5;0;SOLEIL;5;0;0
Milly-la-Forêt;48.4;2.47;12/08/2026;11:00;33.7;0;SOLEIL;3;0;0
Milly-la-Forêt;48.4;2.47;12/08/2026;12:00;33.7;0;SOLEIL;3;0;0
Milly-la-Forêt;48.4;2.47;12/08/2026;13:00;33.7;0;SOLEIL;3;0;0
Milly-la-Forêt;48.4;2.47;12/08/2026;14:00;30.9;0;SOLEIL;5;0;0
Milly-la-Forêt;48.4;2.47;12/08/2026;15:00;32.7;0;SOLEIL;5;0;0
Milly-la-Forêt;48.4;2.47;12/08/2026;16:00;30.9;0;SOLEIL;5;0;0
Milly-la-Forêt;48.4;2.47;12/08/2026;17:00;31.9;0;SOLEIL;2;0;0
Milly-la-Forêt;48.4;2.47;12/08/2026;18:00;31.9;0;SOLEIL;2;0;0
Milly-la-Forêt;48.4;2.47;12/08/2026;19:00;31.9;0;SOLEIL;2;0;0
Milly-la-Forêt;48.4;2.47;12/08/2026;20:00;23.5;0;SOLEIL;5;0;0
Milly-la-Forêt;48.4;2.47;12/08/2026;21:00;21.6;0;SOLEIL;5;0;0
Milly-la-Forêt;48.4;2.47;12/08/2026;22:00;19.8;0;SOLEIL;5;0;0
Milly-la-Forêt;48.4;2.47;12/08/2026;23:00;21.5;0;SOLEIL;2;0;0
Nanterre;48.89;2.2;08/08/2026;00:00;17.6;0;SOLEIL;3;0;0
Nanterre;48.89;2.2;08/08/2026;01:00;17.6;0;SOLEIL;3;0;0
Nanterre;48.89;2.2;08/08/2026;02:00;14.9;0;SOLEIL;2;0;0
Nanterre;48.89;2.2;08/08/2026;03:00;14.9;0;SOLEIL;2;0;0
Nanterre;48.89;2.2;08/08/2026;04:00;14.9;0;SOLEIL;2;0;0
Nanterre;48.89;2.2;08/08/2026;05:00;16.6;0;SOLEIL;2;0;0
Nanterre;48.89;2.2;08/08/2026;06:00;16.6;0;SOLEIL;2;0;0
Nanterre;48.89;2.2;08/08/2026;07:00;16.6;0;SOLEIL;2;0;0
Nanterre;48.89;2.2;08/08/2026;08:00;23.1;5;SOLEIL VOILÉ;2;0;0
Nanterre;48.89;2.2;08/08/2026;09:00;23.1;5;SOLEIL VOILÉ;2;0;0
Nanterre;48.89;2.2;08/08/2026;10:00;23.1;5;SOLEIL VOILÉ;2;0;0
Nanterre;48.89;2.2;08/08/2026;11:00;28;0;SOLEIL;2;0;0
Nanterre;48.89;2.2;08/08/2026;12:00;28;0;SOLEIL;2;0;0
Nanterre;48.89;2.2;08/08/2026;13:00;28;0;SOLEIL;2;0;0
Nanterre;48.89;2.2;08/08/2026;14:00;30.5;5;SOLEIL VOILÉ;2;0;0
Nanterre;48.89;2.2;08/08/2026;15:00;30.5;5;SOLEIL VOILÉ;2;0;0
Nanterre;48.89;2.2;08/08/2026;16:00;30.5;5;SOLEIL VOILÉ;2;0;0
Nanterre;48.89;2.2;08/08/2026;17:00;29.4;0;SOLEIL;2;0;0
Nanterre;48.89;2.2;08/08/2026;18:00;29.4;0;SOLEIL;2;0;0
Nanterre;48.89;2.2;08/08/2026;19:00;29.4;0;SOLEIL;2;0;0
Nanterre;48.89;2.2;08/08/2026;20:00;22.6;0;SOLEIL;2;0;0
Nanterre;48.89;2.2;08/08/2026;21:00;22.6;0;SOLEIL;2;0;0
Nanterre;48.89;2.2;08/08/2026;22:00;22.6;0;SOLEIL;2;0;0
Nanterre;48.89;2.2;08/08/2026;23:00;18.6;0;SOLEIL;2;0;0
Nanterre;48.89;2.2;09/08/2026;00:00;18.6;0;SOLEIL;2;0;0
Nanterre;48.89;2.2;09/08/2026;01:00;18.6;0;SOLEIL;2;0;0
Nanterre;48.89;2.2;09/08/2026;02:00;17.2;5;SOLEIL VOILÉ;1;0;0
Nanterre;48.89;2.2;09/08/2026;03:00;17.2;5;SOLEIL VOILÉ;1;0;0
Nanterre;48.89;2.2;09/08/2026;04:00;17.2;5;SOLEIL VOILÉ;1;0;0
Nanterre;48.89;2.2;09/08/2026;05:00;19.4;5;SOLEIL VOILÉ;1;0;0
Nanterre;48.89;2.2;09/08/2026;06:00;19.4;5;SOLEIL VOILÉ;1;0;0
Nanterre;48.89;2.2;09/08/2026;07:00;19.4;5;SOLEIL VOILÉ;1;0;0
Nanterre;48.89;2.2;09/08/2026;08:00;27.1;0;SOLEIL;1;0;0
Nanterre;48.89;2.2;09/08/2026;09:00;27.1;0;SOLEIL;1;0;0
Nanterre;48.89;2.2;09/08/2026;10:00;27.1;0;SOLEIL;1;0;0
Nanterre;48.89;2.2;09/08/2026;11:00;31.7;5;SOLEIL VOILÉ;2;0;0
Nanterre;48.89;2.2;09/08/2026;12:00;31.7;5;SOLEIL VOILÉ;2;0;0
Nanterre;48.89;2.2;09/08/2026;13:00;31.7;5;SOLEIL VOILÉ;2;0;0
Nanterre;48.89;2.2;09/08/2026;14:00;31.1;0;SOLEIL;3;0;0
Nanterre;48.89;2.2;09/08/2026;15:00;31.1;0;SOLEIL;3;0;0
Nanterre;48.89;2.2;09/08/2026;16:00;31.1;0;SOLEIL;3;0;0
Nanterre;48.89;2.2;09/08/2026;17:00;29.6;0;SOLEIL;4;0;0
Nanterre;48.89;2.2;09/08/2026;18:00;29.6;0;SOLEIL;4;0;0
Nanterre;48.89;2.2;09/08/2026;19:00;29.6;0;SOLEIL;4;0;0
Nanterre;48.89;2.2;09/08/2026;20:00;21.2;0;SOLEIL;5;0;0
Nanterre;48.89;2.2;09/08/2026;21:00;19.2;0;SOLEIL;5;0;0
Nanterre;48.89;2.2;09/08/2026;22:00;17.2;0;SOLEIL;5;0;0
Nanterre;48.89;2.2;09/08/2026;23:00;20.6;0;SOLEIL;2;0;0
Nanterre;48.89;2.2;10/08/2026;00:00;20.6;0;SOLEIL;2;0;0
Nanterre;48.89;2.2;10/08/2026;01:00;20.6;0;SOLEIL;2;0;0
Nanterre;48.89;2.2;10/08/2026;02:00;16.5;2;NUAGEUX;5;0;0
Nanterre;48.89;2.2;10/08/2026;03:00;16.5;2;NUAGEUX;5;0;0
Nanterre;48.89;2.2;10/08/2026;04:00;16.5;2;NUAGEUX;5;0;0
Nanterre;48.89;2.2;10/08/2026;05:00;20.5;0;SOLEIL;2;0;0
Nanterre;48.89;2.2;10/08/2026;06:00;20.5;0;SOLEIL;2;0;0
Nanterre;48.89;2.2;10/08/2026;07:00;20.5;0;SOLEIL;2;0;0
Nanterre;48.89;2.2;10/08/2026;08:00;20.1;2;NUAGEUX;5;0;0
Nanterre;48.89;2.2;10/08/2026;09:00;22.0;2;NUAGEUX;5;0;0
Nanterre;48.89;2.2;10/08/2026;10:00;23.8;2;NUAGEUX;5;0;0
Nanterre;48.89;2.2;10/08/2026;11:00;29.2;0;SOLEIL;3;0;0
Nanterre;48.89;2.2;10/08/2026;12:00;29.2;0;SOLEIL;3;0;0
Nanterre;48.89;2.2;10/08/2026;13:00;29.2;0;SOLEIL;3;0;0
Nanterre;48.89;2.2;10/08/2026;14:00;31.1;2;NUAGEUX;5;0;0
Nanterre;48.89;2.2;10/08/2026;15:00;32.9;2;NUAGEUX;5;0;0
Nanterre;48.89;2.2;10/08/2026;16:00;31.1;2;NUAGEUX;5;0;0
Nanterre;48.89;2.2;10/08/2026;17:00;28.7;0;SOLEIL;4;0;0
Nanterre;48.89;2.2;10/08/2026;18:00;28.7;0;SOLEIL;4;0;0
Nanterre;48.89;2.2;10/08/2026;19:00;28.7;0;SOLEIL;4;0;0
Nanterre;48.89;2.2;10/08/2026;20:00;23.8;2;NUAGEUX;5;0;0
Nanterre;48.89;2.2;10/08/2026;21:00;22.0;2;NUAGEUX;5;0;0
Nanterre;48.89;2.2;10/08/2026;22:00;20.1;2;NUAGEUX;5;0;0
Nanterre;48.89;2.2;10/08/2026;23:00;19.7;0;SOLEIL;3;0;0
Nanterre;48.89;2.2;11/08/2026;00:00;19.7;0;SOLEIL;3;0;0
Nanterre;48.89;2.2;11/08/2026;01:00;19.7;0;SOLEIL;3;0;0
Nanterre;48.89;2.2;11/08/2026;02:00;19;0;SOLEIL;5;0;0
Nanterre;48.89;2.2;11/08/2026;03:00;19;0;SOLEIL;5;0;0
Nanterre;48.89;2.2;11/08/2026;04:00;19;0;SOLEIL;5;0;0
Nanterre;48.89;2.2;11/08/2026;05:00;18.7;0;SOLEIL;2;0;0
Nanterre;48.89;2.2;11/08/2026;06:00;18.7;0;SOLEIL;2;0;0
Nanterre;48.89;2.2;11/08/2026;07:00;18.7;0;SOLEIL;2;0;0
Nanterre;48.89;2.2;11/08/2026;08:00;21.8;0;SOLEIL;5;0;0
Nanterre;48.89;2.2;11/08/2026;09:00;23.2;0;SOLEIL;5;0;0
Nanterre;48.89;2.2;11/08/2026;10:00;24.6;0;SOLEIL;5;0;0
Nanterre;48.89;2.2;11/08/2026;11:00;29;0;SOLEIL;3;0;0
Nanterre;48.89;2.2;11/08/2026;12:00;29;0;SOLEIL;3;0;0
Nanterre;48.89;2.2;11/08/2026;13:00;29;0;SOLEIL;3;0;0
Nanterre;48.89;2.2;11/08/2026;14:00;30.1;0;SOLEIL;5;0;0
Nanterre;48.89;2.2;11/08/2026;15:00;31.5;0;SOLEIL;5;0;0
Nanterre;48.89;2.2;11/08/2026;16:00;30.1;0;SOLEIL;5;0;0
Nanterre;48.89;2.2;11/08/2026;17:00;28.7;0;SOLEIL;4;0;0
Nanterre;48.89;2.2;11/08/2026;18:00;28.7;0;SOLEIL;4;0;0
Nanterre;48.89;2.2;11/08/2026;19:00;28.7;0;SOLEIL;4;0;0
Nanterre;48.89;2.2;11/08/2026;20:00;24.6;0;SOLEIL;5;0;0
Nanterre;48.89;2.2;11/08/2026;21:00;23.2;0;SOLEIL;5;0;0
Nanterre;48.89;2.2;11/08/2026;22:00;21.8;0;SOLEIL;5;0;0
Nanterre;48.89;2.2;11/08/2026;23:00;20.1;0;SOLEIL;3;0;0
Nanterre;48.89;2.2;12/08/2026;00:00;20.1;0;SOLEIL;3;0;0
Nanterre;48.89;2.2;12/08/2026;01:00;20.1;0;SOLEIL;3;0;0
Nanterre;48.89;2.2;12/08/2026;02:00;17.5;0;SOLEIL;5;0;0
Nanterre;48.89;2.2;12/08/2026;03:00;17.5;0;SOLEIL;5;0;0
Nanterre;48.89;2.2;12/08/2026;04:00;17.5;0;SOLEIL;5;0;0
Nanterre;48.89;2.2;12/08/2026;05:00;20.2;0;SOLEIL;2;0;0
Nanterre;48.89;2.2;12/08/2026;06:00;20.2;0;SOLEIL;2;0;0
Nanterre;48.89;2.2;12/08/2026;07:00;20.2;0;SOLEIL;2;0;0
Nanterre;48.89;2.2;12/08/2026;08:00;20.6;0;SOLEIL;5;0;0
Nanterre;48.89;2.2;12/08/2026;09:00;22.2;0;SOLEIL;5;0;0
Nanterre;48.89;2.2;12/08/2026;10:00;23.7;0;SOLEIL;5;0;0
Nanterre;48.89;2.2;12/08/2026;11:00;32.1;0;SOLEIL;2;0;0
Nanterre;48.89;2.2;12/08/2026;12:00;32.1;0;SOLEIL;2;0;0
Nanterre;48.89;2.2;12/08/2026;13:00;32.1;0;SOLEIL;2;0;0
Nanterre;48.89;2.2;12/08/2026;14:00;29.9;0;SOLEIL;5;0;0
Nanterre;48.89;2.2;12/08/2026;15:00;31.5;0;SOLEIL;5;0;0
Nanterre;48.89;2.2;12/08/2026;16:00;29.9;0;SOLEIL;5;0;0
Nanterre;48.89;2.2;12/08/2026;17:00;32;0;SOLEIL;3;0;0
Nanterre;48.89;2.2;12/08/2026;18:00;32;0;SOLEIL;3;0;0
Nanterre;48.89;2.2;12/08/2026;19:00;32;0;SOLEIL;3;0;0
Nanterre;48.89;2.2;12/08/2026;20:00;23.7;0;SOLEIL;5;0;0
Nanterre;48.89;2.2;12/08/2026;21:00;22.2;0;SOLEIL;5;0;0
Nanterre;48.89;2.2;12/08/2026;22:00;20.6;0;SOLEIL;5;0;0
Nanterre;48.89;2.2;12/08/2026;23:00;24.1;0;SOLEIL;2;0;0
Aulnay-sous-Bois;48.93;2.5;08/08/2026;00:00;18;0;SOLEIL;3;0;0
Aulnay-sous-Bois;48.93;2.5;08/08/2026;01:00;18;0;SOLEIL;3;0;0
Aulnay-sous-Bois;48.93;2.5;08/08/2026;02:00;16.2;0;SOLEIL;3;0;0
Aulnay-sous-Bois;48.93;2.5;08/08/2026;03:00;16.2;0;SOLEIL;3;0;0
Aulnay-sous-Bois;48.93;2.5;08/08/2026;04:00;16.2;0;SOLEIL;3;0;0
Aulnay-sous-Bois;48.93;2.5;08/08/2026;05:00;16.7;0;SOLEIL;2;0;0
Aulnay-sous-Bois;48.93;2.5;08/08/2026;06:00;16.7;0;SOLEIL;2;0;0
Aulnay-sous-Bois;48.93;2.5;08/08/2026;07:00;16.7;0;SOLEIL;2;0;0
Aulnay-sous-Bois;48.93;2.5;08/08/2026;08:00;23.5;0;SOLEIL;2;0;0
Aulnay-sous-Bois;48.93;2.5;08/08/2026;09:00;23.5;0;SOLEIL;2;0;0
Aulnay-sous-Bois;48.93;2.5;08/08/2026;10:00;23.5;0;SOLEIL;2;0;0
Aulnay-sous-Bois;48.93;2.5;08/08/2026;11:00;28;0;SOLEIL;2;0;0
Aulnay-sous-Bois;48.93;2.5;08/08/2026;12:00;28;0;SOLEIL;2;0;0
Aulnay-sous-Bois;48.93;2.5;08/08/2026;13:00;28;0;SOLEIL;2;0;0
Aulnay-sous-Bois;48.93;2.5;08/08/2026;14:00;30.6;5;SOLEIL VOILÉ;2;0;0
Aulnay-sous-Bois;48.93;2.5;08/08/2026;15:00;30.6;5;SOLEIL VOILÉ;2;0;0
Aulnay-sous-Bois;48.93;2.5;08/08/2026;16:00;30.6;5;SOLEIL VOILÉ;2;0;0
Aulnay-sous-Bois;48.93;2.5;08/08/2026;17:00;30;0;SOLEIL;2;0;0
Aulnay-sous-Bois;48.93;2.5;08/08/2026;18:00;30;0;SOLEIL;2;0;0
Aulnay-sous-Bois;48.93;2.5;08/08/2026;19:00;30;0;SOLEIL;2;0;0
Aulnay-sous-Bois;48.93;2.5;08/08/2026;20:00;24.9;0;SOLEIL;3;0;0
Aulnay-sous-Bois;48.93;2.5;08/08/2026;21:00;24.9;0;SOLEIL;3;0;0
Aulnay-sous-Bois;48.93;2.5;08/08/2026;22:00;24.9;0;SOLEIL;3;0;0
Aulnay-sous-Bois;48.93;2.5;08/08/2026;23:00;21.7;0;SOLEIL;2;0;0
Aulnay-sous-Bois;48.93;2.5;09/08/2026;00:00;21.7;0;SOLEIL;2;0;0
Aulnay-sous-Bois;48.93;2.5;09/08/2026;01:00;21.7;0;SOLEIL;2;0;0
Aulnay-sous-Bois;48.93;2.5;09/08/2026;02:00;19.7;5;SOLEIL VOILÉ;1;0;0
Aulnay-sous-Bois;48.93;2.5;09/08/2026;03:00;19.7;5;SOLEIL VOILÉ;1;0;0
Aulnay-sous-Bois;48.93;2.5;09/08/2026;04:00;19.7;5;SOLEIL VOILÉ;1;0;0
Aulnay-sous-Bois;48.93;2.5;09/08/2026;05:00;20.6;5;SOLEIL VOILÉ;0;0;0
Aulnay-sous-Bois;48.93;2.5;09/08/2026;06:00;20.6;5;SOLEIL VOILÉ;0;0;0
Aulnay-sous-Bois;48.93;2.5;09/08/2026;07:00;20.6;5;SOLEIL VOILÉ;0;0;0
Aulnay-sous-Bois;48.93;2.5;09/08/2026;08:00;27.2;5;SOLEIL VOILÉ;1;0;0
Aulnay-sous-Bois;48.93;2.5;09/08/2026;09:00;27.2;5;SOLEIL VOILÉ;1;0;0
Aulnay-sous-Bois;48.93;2.5;09/08/2026;10:00;27.2;5;SOLEIL VOILÉ;1;0;0
Aulnay-sous-Bois;48.93;2.5;09/08/2026;11:00;31.6;5;SOLEIL VOILÉ;3;0;0
Aulnay-sous-Bois;48.93;2.5;09/08/2026;12:00;31.6;5;SOLEIL VOILÉ;3;0;0
Aulnay-sous-Bois;48.93;2.5;09/08/2026;13:00;31.6;5;SOLEIL VOILÉ;3;0;0
Aulnay-sous-Bois;48.93;2.5;09/08/2026;14:00;32.4;0;SOLEIL;3;0;0
Aulnay-sous-Bois;48.93;2.5;09/08/2026;15:00;32.4;0;SOLEIL;3;0;0
Aulnay-sous-Bois;48.93;2.5;09/08/2026;16:00;32.4;0;SOLEIL;3;0;0
Aulnay-sous-Bois;48.93;2.5;09/08/2026;17:00;30.1;0;SOLEIL;3;0;0
Aulnay-sous-Bois;48.93;2.5;09/08/2026;18:00;30.1;0;SOLEIL;3;0;0
Aulnay-sous-Bois;48.93;2.5;09/08/2026;19:00;30.1;0;SOLEIL;3;0;0
Aulnay-sous-Bois;48.93;2.5;09/08/2026;20:00;22.4;0;SOLEIL;5;0;0
Aulnay-sous-Bois;48.93;2.5;09/08/2026;21:00;20.6;0;SOLEIL;5;0;0
Aulnay-sous-Bois;48.93;2.5;09/08/2026;22:00;18.9;0;SOLEIL;5;0;0
Aulnay-sous-Bois;48.93;2.5;09/08/2026;23:00;22.9;0;SOLEIL;2;0;0
Aulnay-sous-Bois;48.93;2.5;10/08/2026;00:00;22.9;0;SOLEIL;2;0;0
Aulnay-sous-Bois;48.93;2.5;10/08/2026;01:00;22.9;0;SOLEIL;2;0;0
Aulnay-sous-Bois;48.93;2.5;10/08/2026;02:00;19;5;SOLEIL VOILÉ;5;0;0
Aulnay-sous-Bois;48.93;2.5;10/08/2026;03:00;19;5;SOLEIL VOILÉ;5;0;0
Aulnay-sous-Bois;48.93;2.5;10/08/2026;04:00;19;5;SOLEIL VOILÉ;5;0;0
Aulnay-sous-Bois;48.93;2.5;10/08/2026;05:00;20.6;0;SOLEIL;2;0;0
Aulnay-sous-Bois;48.93;2.5;10/08/2026;06:00;20.6;0;SOLEIL;2;0;0
Aulnay-sous-Bois;48.93;2.5;10/08/2026;07:00;20.6;0;SOLEIL;2;0;0
Aulnay-sous-Bois;48.93;2.5;10/08/2026;08:00;22.2;5;SOLEIL VOILÉ;5;0;0
Aulnay-sous-Bois;48.93;2.5;10/08/2026;09:00;23.8;5;SOLEIL VOILÉ;5;0;0
Aulnay-sous-Bois;48.93;2.5;10/08/2026;10:00;25.4;5;SOLEIL VOILÉ;5;0;0
Aulnay-sous-Bois;48.93;2.5;10/08/2026;11:00;29.1;0;SOLEIL;3;0;0
Aulnay-sous-Bois;48.93;2.5;10/08/2026;12:00;29.1;0;SOLEIL;3;0;0
Aulnay-sous-Bois;48.93;2.5;10/08/2026;13:00;29.1;0;SOLEIL;3;0;0
Aulnay-sous-Bois;48.93;2.5;10/08/2026;14:00;31.9;5;SOLEIL VOILÉ;5;0;0
Aulnay-sous-Bois;48.93;2.5;10/08/2026;15:00;33.5;5;SOLEIL VOILÉ;5;0;0
Aulnay-sous-Bois;48.93;2.5;10/08/2026;16:00;31.9;5;SOLEIL VOILÉ;5;0;0
Aulnay-sous-Bois;48.93;2.5;10/08/2026;17:00;28.7;0;SOLEIL;4;0;0
Aulnay-sous-Bois;48.93;2.5;10/08/2026;18:00;28.7;0;SOLEIL;4;0;0
Aulnay-sous-Bois;48.93;2.5;10/08/2026;19:00;28.7;0;SOLEIL;4;0;0
Aulnay-sous-Bois;48.93;2.5;10/08/2026;20:00;25.4;5;SOLEIL VOILÉ;5;0;0
Aulnay-sous-Bois;48.93;2.5;10/08/2026;21:00;23.8;5;SOLEIL VOILÉ;5;0;0
Aulnay-sous-Bois;48.93;2.5;10/08/2026;22:00;22.2;5;SOLEIL VOILÉ;5;0;0
Aulnay-sous-Bois;48.93;2.5;10/08/2026;23:00;20.1;0;SOLEIL;3;0;0
Aulnay-sous-Bois;48.93;2.5;11/08/2026;00:00;20.1;0;SOLEIL;3;0;0
Aulnay-sous-Bois;48.93;2.5;11/08/2026;01:00;20.1;0;SOLEIL;3;0;0
Aulnay-sous-Bois;48.93;2.5;11/08/2026;02:00;19.7;0;SOLEIL;5;0;0
Aulnay-sous-Bois;48.93;2.5;11/08/2026;03:00;19.7;0;SOLEIL;5;0;0
Aulnay-sous-Bois;48.93;2.5;11/08/2026;04:00;19.7;0;SOLEIL;5;0;0
Aulnay-sous-Bois;48.93;2.5;11/08/2026;05:00;18.4;0;SOLEIL;3;0;0
Aulnay-sous-Bois;48.93;2.5;11/08/2026;06:00;18.4;0;SOLEIL;3;0;0
Aulnay-sous-Bois;48.93;2.5;11/08/2026;07:00;18.4;0;SOLEIL;3;0;0
Aulnay-sous-Bois;48.93;2.5;11/08/2026;08:00;22.2;0;SOLEIL;5;0;0
Aulnay-sous-Bois;48.93;2.5;11/08/2026;09:00;23.5;0;SOLEIL;5;0;0
Aulnay-sous-Bois;48.93;2.5;11/08/2026;10:00;24.8;0;SOLEIL;5;0;0
Aulnay-sous-Bois;48.93;2.5;11/08/2026;11:00;28.2;0;SOLEIL;3;0;0
Aulnay-sous-Bois;48.93;2.5;11/08/2026;12:00;28.2;0;SOLEIL;3;0;0
Aulnay-sous-Bois;48.93;2.5;11/08/2026;13:00;28.2;0;SOLEIL;3;0;0
Aulnay-sous-Bois;48.93;2.5;11/08/2026;14:00;29.8;0;SOLEIL;5;0;0
Aulnay-sous-Bois;48.93;2.5;11/08/2026;15:00;31.1;0;SOLEIL;5;0;0
Aulnay-sous-Bois;48.93;2.5;11/08/2026;16:00;29.8;0;SOLEIL;5;0;0
Aulnay-sous-Bois;48.93;2.5;11/08/2026;17:00;28.6;0;SOLEIL;4;0;0
Aulnay-sous-Bois;48.93;2.5;11/08/2026;18:00;28.6;0;SOLEIL;4;0;0
Aulnay-sous-Bois;48.93;2.5;11/08/2026;19:00;28.6;0;SOLEIL;4;0;0
Aulnay-sous-Bois;48.93;2.5;11/08/2026;20:00;24.8;0;SOLEIL;5;0;0
Aulnay-sous-Bois;48.93;2.5;11/08/2026;21:00;23.5;0;SOLEIL;5;0;0
Aulnay-sous-Bois;48.93;2.5;11/08/2026;22:00;22.2;0;SOLEIL;5;0;0
Aulnay-sous-Bois;48.93;2.5;11/08/2026;23:00;20.6;0;SOLEIL;4;0;0
Aulnay-sous-Bois;48.93;2.5;12/08/2026;00:00;20.6;0;SOLEIL;4;0;0
Aulnay-sous-Bois;48.93;2.5;12/08/2026;01:00;20.6;0;SOLEIL;4;0;0
Aulnay-sous-Bois;48.93;2.5;12/08/2026;02:00;17.2;0;SOLEIL;5;0;0
Aulnay-sous-Bois;48.93;2.5;12/08/2026;03:00;17.2;0;SOLEIL;5;0;0
Aulnay-sous-Bois;48.93;2.5;12/08/2026;04:00;17.2;0;SOLEIL;5;0;0
Aulnay-sous-Bois;48.93;2.5;12/08/2026;05:00;20.2;0;SOLEIL;3;0;0
Aulnay-sous-Bois;48.93;2.5;12/08/2026;06:00;20.2;0;SOLEIL;3;0;0
Aulnay-sous-Bois;48.93;2.5;12/08/2026;07:00;20.2;0;SOLEIL;3;0;0
Aulnay-sous-Bois;48.93;2.5;12/08/2026;08:00;20.2;0;SOLEIL;5;0;0
Aulnay-sous-Bois;48.93;2.5;12/08/2026;09:00;21.8;0;SOLEIL;5;0;0
Aulnay-sous-Bois;48.93;2.5;12/08/2026;10:00;23.3;0;SOLEIL;5;0;0
Aulnay-sous-Bois;48.93;2.5;12/08/2026;11:00;31.7;0;SOLEIL;2;0;0
Aulnay-sous-Bois;48.93;2.5;12/08/2026;12:00;31.7;0;SOLEIL;2;0;0
Aulnay-sous-Bois;48.93;2.5;12/08/2026;13:00;31.7;0;SOLEIL;2;0;0
Aulnay-sous-Bois;48.93;2.5;12/08/2026;14:00;29.4;0;SOLEIL;5;0;0
Aulnay-sous-Bois;48.93;2.5;12/08/2026;15:00;30.9;0;SOLEIL;5;0;0
Aulnay-sous-Bois;48.93;2.5;12/08/2026;16:00;29.4;0;SOLEIL;5;0;0
Aulnay-sous-Bois;48.93;2.5;12/08/2026;17:00;32.1;0;SOLEIL;2;0;0
Aulnay-sous-Bois;48.93;2.5;12/08/2026;18:00;32.1;0;SOLEIL;2;0;0
Aulnay-sous-Bois;48.93;2.5;12/08/2026;19:00;32.1;0;SOLEIL;2;0;0
Aulnay-sous-Bois;48.93;2.5;12/08/2026;20:00;23.3;0;SOLEIL;5;0;0
Aulnay-sous-Bois;48.93;2.5;12/08/2026;21:00;21.8;0;SOLEIL;5;0;0
Aulnay-sous-Bois;48.93;2.5;12/08/2026;22:00;20.2;0;SOLEIL;5;0;0
Aulnay-sous-Bois;48.93;2.5;12/08/2026;23:00;24.2;0;SOLEIL;3;0;0
Bobigny;48.91;2.44;08/08/2026;00:00;18.6;0;SOLEIL;3;0;0
Bobigny;48.91;2.44;08/08/2026;01:00;18.6;0;SOLEIL;3;0;0
Bobigny;48.91;2.44;08/08/2026;02:00;16.7;0;SOLEIL;2;0;0
Bobigny;48.91;2.44;08/08/2026;03:00;16.7;0;SOLEIL;2;0;0
Bobigny;48.91;2.44;08/08/2026;04:00;16.7;0;SOLEIL;2;0;0
Bobigny;48.91;2.44;08/08/2026;05:00;16.9;0;SOLEIL;2;0;0
Bobigny;48.91;2.44;08/08/2026;06:00;16.9;0;SOLEIL;2;0;0
Bobigny;48.91;2.44;08/08/2026;07:00;16.9;0;SOLEIL;2;0;0
Bobigny;48.91;2.44;08/08/2026;08:00;23.5;0;SOLEIL;2;0;0
Bobigny;48.91;2.44;08/08/2026;09:00;23.5;0;SOLEIL;2;0;0
Bobigny;48.91;2.44;08/08/2026;10:00;23.5;0;SOLEIL;2;0;0
Bobigny;48.91;2.44;08/08/2026;11:00;28.1;0;SOLEIL;2;0;0
Bobigny;48.91;2.44;08/08/2026;12:00;28.1;0;SOLEIL;2;0;0
Bobigny;48.91;2.44;08/08/2026;13:00;28.1;0;SOLEIL;2;0;0
Bobigny;48.91;2.44;08/08/2026;14:00;30.5;5;SOLEIL VOILÉ;2;0;0
Bobigny;48.91;2.44;08/08/2026;15:00;30.5;5;SOLEIL VOILÉ;2;0;0
Bobigny;48.91;2.44;08/08/2026;16:00;30.5;5;SOLEIL VOILÉ;2;0;0
Bobigny;48.91;2.44;08/08/2026;17:00;30.1;0;SOLEIL;2;0;0
Bobigny;48.91;2.44;08/08/2026;18:00;30.1;0;SOLEIL;2;0;0
Bobigny;48.91;2.44;08/08/2026;19:00;30.1;0;SOLEIL;2;0;0
Bobigny;48.91;2.44;08/08/2026;20:00;24.9;0;SOLEIL;2;0;0
Bobigny;48.91;2.44;08/08/2026;21:00;24.9;0;SOLEIL;2;0;0
Bobigny;48.91;2.44;08/08/2026;22:00;24.9;0;SOLEIL;2;0;0
Bobigny;48.91;2.44;08/08/2026;23:00;22.4;0;SOLEIL;2;0;0
Bobigny;48.91;2.44;09/08/2026;00:00;22.4;0;SOLEIL;2;0;0
Bobigny;48.91;2.44;09/08/2026;01:00;22.4;0;SOLEIL;2;0;0
Bobigny;48.91;2.44;09/08/2026;02:00;20.1;5;SOLEIL VOILÉ;2;0;0
Bobigny;48.91;2.44;09/08/2026;03:00;20.1;5;SOLEIL VOILÉ;2;0;0
Bobigny;48.91;2.44;09/08/2026;04:00;20.1;5;SOLEIL VOILÉ;2;0;0
Bobigny;48.91;2.44;09/08/2026;05:00;20.6;5;SOLEIL VOILÉ;0;0;0
Bobigny;48.91;2.44;09/08/2026;06:00;20.6;5;SOLEIL VOILÉ;0;0;0
Bobigny;48.91;2.44;09/08/2026;07:00;20.6;5;SOLEIL VOILÉ;0;0;0
Bobigny;48.91;2.44;09/08/2026;08:00;27.2;5;SOLEIL VOILÉ;2;0;0
Bobigny;48.91;2.44;09/08/2026;09:00;27.2;5;SOLEIL VOILÉ;2;0;0
Bobigny;48.91;2.44;09/08/2026;10:00;27.2;5;SOLEIL VOILÉ;2;0;0
Bobigny;48.91;2.44;09/08/2026;11:00;31.6;5;SOLEIL VOILÉ;2;0;0
Bobigny;48.91;2.44;09/08/2026;12:00;31.6;5;SOLEIL VOILÉ;2;0;0
Bobigny;48.91;2.44;09/08/2026;13:00;31.6;5;SOLEIL VOILÉ;2;0;0
Bobigny;48.91;2.44;09/08/2026;14:00;32.1;0;SOLEIL;2;0;0
Bobigny;48.91;2.44;09/08/2026;15:00;32.1;0;SOLEIL;2;0;0
Bobigny;48.91;2.44;09/08/2026;16:00;32.1;0;SOLEIL;2;0;0
Bobigny;48.91;2.44;09/08/2026;17:00;30.1;0;SOLEIL;3;0;0
Bobigny;48.91;2.44;09/08/2026;18:00;30.1;0;SOLEIL;3;0;0
Bobigny;48.91;2.44;09/08/2026;19:00;30.1;0;SOLEIL;3;0;0
Bobigny;48.91;2.44;09/08/2026;20:00;22.6;0;SOLEIL;5;0;0
Bobigny;48.91;2.44;09/08/2026;21:00;20.8;0;SOLEIL;5;0;0
Bobigny;48.91;2.44;09/08/2026;22:00;19.1;0;SOLEIL;5;0;0
Bobigny;48.91;2.44;09/08/2026;23:00;23.1;0;SOLEIL;2;0;0
Bobigny;48.91;2.44;10/08/2026;00:00;23.1;0;SOLEIL;2;0;0
Bobigny;48.91;2.44;10/08/2026;01:00;23.1;0;SOLEIL;2;0;0
Bobigny;48.91;2.44;10/08/2026;02:00;19.1;5;SOLEIL VOILÉ;5;0;0
Bobigny;48.91;2.44;10/08/2026;03:00;19.1;5;SOLEIL VOILÉ;5;0;0
Bobigny;48.91;2.44;10/08/2026;04:00;19.1;5;SOLEIL VOILÉ;5;0;0
Bobigny;48.91;2.44;10/08/2026;05:00;20.9;0;SOLEIL;2;0;0
Bobigny;48.91;2.44;10/08/2026;06:00;20.9;0;SOLEIL;2;0;0
Bobigny;48.91;2.44;10/08/2026;07:00;20.9;0;SOLEIL;2;0;0
Bobigny;48.91;2.44;10/08/2026;08:00;22.2;5;SOLEIL VOILÉ;5;0;0
Bobigny;48.91;2.44;10/08/2026;09:00;23.7;5;SOLEIL VOILÉ;5;0;0
Bobigny;48.91;2.44;10/08/2026;10:00;25.2;5;SOLEIL VOILÉ;5;0;0
Bobigny;48.91;2.44;10/08/2026;11:00;29;0;SOLEIL;3;0;0
Bobigny;48.91;2.44;10/08/2026;12:00;29;0;SOLEIL;3;0;0
Bobigny;48.91;2.44;10/08/2026;13:00;29;0;SOLEIL;3;0;0
Bobigny;48.91;2.44;10/08/2026;14:00;31.4;5;SOLEIL VOILÉ;5;0;0
Bobigny;48.91;2.44;10/08/2026;15:00;32.9;5;SOLEIL VOILÉ;5;0;0
Bobigny;48.91;2.44;10/08/2026;16:00;31.4;5;SOLEIL VOILÉ;5;0;0
Bobigny;48.91;2.44;10/08/2026;17:00;28.9;0;SOLEIL;4;0;0
Bobigny;48.91;2.44;10/08/2026;18:00;28.9;0;SOLEIL;4;0;0
Bobigny;48.91;2.44;10/08/2026;19:00;28.9;0;SOLEIL;4;0;0
Bobigny;48.91;2.44;10/08/2026;20:00;25.2;5;SOLEIL VOILÉ;5;0;0
Bobigny;48.91;2.44;10/08/2026;21:00;23.7;5;SOLEIL VOILÉ;5;0;0
Bobigny;48.91;2.44;10/08/2026;22:00;22.2;5;SOLEIL VOILÉ;5;0;0
Bobigny;48.91;2.44;10/08/2026;23:00;20.5;0;SOLEIL;3;0;0
Bobigny;48.91;2.44;11/08/2026;00:00;20.5;0;SOLEIL;3;0;0
Bobigny;48.91;2.44;11/08/2026;01:00;20.5;0;SOLEIL;3;0;0
Bobigny;48.91;2.44;11/08/2026;02:00;20.1;0;SOLEIL;5;0;0
Bobigny;48.91;2.44;11/08/2026;03:00;20.1;0;SOLEIL;5;0;0
Bobigny;48.91;2.44;11/08/2026;04:00;20.1;0;SOLEIL;5;0;0
Bobigny;48.91;2.44;11/08/2026;05:00;18.6;0;SOLEIL;3;0;0
Bobigny;48.91;2.44;11/08/2026;06:00;18.6;0;SOLEIL;3;0;0
Bobigny;48.91;2.44;11/08/2026;07:00;18.6;0;SOLEIL;3;0;0
Bobigny;48.91;2.44;11/08/2026;08:00;22.5;0;SOLEIL;5;0;0
Bobigny;48.91;2.44;11/08/2026;09:00;23.8;0;SOLEIL;5;0;0
Bobigny;48.91;2.44;11/08/2026;10:00;25.0;0;SOLEIL;5;0;0
Bobigny;48.91;2.44;11/08/2026;11:00;28.1;0;SOLEIL;3;0;0
Bobigny;48.91;2.44;11/08/2026;12:00;28.1;0;SOLEIL;3;0;0
Bobigny;48.91;2.44;11/08/2026;13:00;28.1;0;SOLEIL;3;0;0
Bobigny;48.91;2.44;11/08/2026;14:00;29.9;0;SOLEIL;5;0;0
Bobigny;48.91;2.44;11/08/2026;15:00;31.1;0;SOLEIL;5;0;0
Bobigny;48.91;2.44;11/08/2026;16:00;29.9;0;SOLEIL;5;0;0
Bobigny;48.91;2.44;11/08/2026;17:00;28.6;0;SOLEIL;4;0;0
Bobigny;48.91;2.44;11/08/2026;18:00;28.6;0;SOLEIL;4;0;0
Bobigny;48.91;2.44;11/08/2026;19:00;28.6;0;SOLEIL;4;0;0
Bobigny;48.91;2.44;11/08/2026;20:00;25.0;0;SOLEIL;5;0;0
Bobigny;48.91;2.44;11/08/2026;21:00;23.8;0;SOLEIL;5;0;0
Bobigny;48.91;2.44;11/08/2026;22:00;22.5;0;SOLEIL;5;0;0
Bobigny;48.91;2.44;11/08/2026;23:00;21;0;SOLEIL;4;0;0
Bobigny;48.91;2.44;12/08/2026;00:00;21;0;SOLEIL;4;0;0
Bobigny;48.91;2.44;12/08/2026;01:00;21;0;SOLEIL;4;0;0
Bobigny;48.91;2.44;12/08/2026;02:00;17.6;0;SOLEIL;5;0;0
Bobigny;48.91;2.44;12/08/2026;03:00;17.6;0;SOLEIL;5;0;0
Bobigny;48.91;2.44;12/08/2026;04:00;17.6;0;SOLEIL;5;0;0
Bobigny;48.91;2.44;12/08/2026;05:00;20.2;0;SOLEIL;3;0;0
Bobigny;48.91;2.44;12/08/2026;06:00;20.2;0;SOLEIL;3;0;0
Bobigny;48.91;2.44;12/08/2026;07:00;20.2;0;SOLEIL;3;0;0
Bobigny;48.91;2.44;12/08/2026;08:00;20.6;0;SOLEIL;5;0;0
Bobigny;48.91;2.44;12/08/2026;09:00;22.0;0;SOLEIL;5;0;0
Bobigny;48.91;2.44;12/08/2026;10:00;23.5;0;SOLEIL;5;0;0
Bobigny;48.91;2.44;12/08/2026;11:00;31.6;0;SOLEIL;2;0;0
Bobigny;48.91;2.44;12/08/2026;12:00;31.6;0;SOLEIL;2;0;0
Bobigny;48.91;2.44;12/08/2026;13:00;31.6;0;SOLEIL;2;0;0
Bobigny;48.91;2.44;12/08/2026;14:00;29.4;0;SOLEIL;5;0;0
Bobigny;48.91;2.44;12/08/2026;15:00;30.9;0;SOLEIL;5;0;0
Bobigny;48.91;2.44;12/08/2026;16:00;29.4;0;SOLEIL;5;0;0
Bobigny;48.91;2.44;12/08/2026;17:00;32;0;SOLEIL;2;0;0
Bobigny;48.91;2.44;12/08/2026;18:00;32;0;SOLEIL;2;0;0
Bobigny;48.91;2.44;12/08/2026;19:00;32;0;SOLEIL;2;0;0
Bobigny;48.91;2.44;12/08/2026;20:00;23.5;0;SOLEIL;5;0;0
Bobigny;48.91;2.44;12/08/2026;21:00;22.0;0;SOLEIL;5;0;0
Bobigny;48.91;2.44;12/08/2026;22:00;20.6;0;SOLEIL;5;0;0
Bobigny;48.91;2.44;12/08/2026;23:00;24.6;0;SOLEIL;3;0;0
Créteil;48.79;2.46;08/08/2026;00:00;18.4;0;SOLEIL;3;0;0
Créteil;48.79;2.46;08/08/2026;01:00;18.4;0;SOLEIL;3;0;0
Créteil;48.79;2.46;08/08/2026;02:00;16.2;0;SOLEIL;2;0;0
Créteil;48.79;2.46;08/08/2026;03:00;16.2;0;SOLEIL;2;0;0
Créteil;48.79;2.46;08/08/2026;04:00;16.2;0;SOLEIL;2;0;0
Créteil;48.79;2.46;08/08/2026;05:00;16.5;0;SOLEIL;2;0;0
Créteil;48.79;2.46;08/08/2026;06:00;16.5;0;SOLEIL;2;0;0
Créteil;48.79;2.46;08/08/2026;07:00;16.5;0;SOLEIL;2;0;0
Créteil;48.79;2.46;08/08/2026;08:00;24.1;0;SOLEIL;1;0;0
Créteil;48.79;2.46;08/08/2026;09:00;24.1;0;SOLEIL;1;0;0
Créteil;48.79;2.46;08/08/2026;10:00;24.1;0;SOLEIL;1;0;0
Créteil;48.79;2.46;08/08/2026;11:00;29;0;SOLEIL;1;0;0
Créteil;48.79;2.46;08/08/2026;12:00;29;0;SOLEIL;1;0;0
Créteil;48.79;2.46;08/08/2026;13:00;29;0;SOLEIL;1;0;0
Créteil;48.79;2.46;08/08/2026;14:00;31.4;5;SOLEIL VOILÉ;1;0;0
Créteil;48.79;2.46;08/08/2026;15:00;31.4;5;SOLEIL VOILÉ;1;0;0
Créteil;48.79;2.46;08/08/2026;16:00;31.4;5;SOLEIL VOILÉ;1;0;0
Créteil;48.79;2.46;08/08/2026;17:00;29;0;SOLEIL;2;0;0
Créteil;48.79;2.46;08/08/2026;18:00;29;0;SOLEIL;2;0;0
Créteil;48.79;2.46;08/08/2026;19:00;29;0;SOLEIL;2;0;0
Créteil;48.79;2.46;08/08/2026;20:00;23.6;0;SOLEIL;1;0;0
Créteil;48.79;2.46;08/08/2026;21:00;23.6;0;SOLEIL;1;0;0
Créteil;48.79;2.46;08/08/2026;22:00;23.6;0;SOLEIL;1;0;0
Créteil;48.79;2.46;08/08/2026;23:00;21.6;0;SOLEIL;2;0;0
Créteil;48.79;2.46;09/08/2026;00:00;21.6;0;SOLEIL;2;0;0
Créteil;48.79;2.46;09/08/2026;01:00;21.6;0;SOLEIL;2;0;0
Créteil;48.79;2.46;09/08/2026;02:00;19.9;5;SOLEIL VOILÉ;1;0;0
Créteil;48.79;2.46;09/08/2026;03:00;19.9;5;SOLEIL VOILÉ;1;0;0
Créteil;48.79;2.46;09/08/2026;04:00;19.9;5;SOLEIL VOILÉ;1;0;0
Créteil;48.79;2.46;09/08/2026;05:00;19.6;5;SOLEIL VOILÉ;1;0;0
Créteil;48.79;2.46;09/08/2026;06:00;19.6;5;SOLEIL VOILÉ;1;0;0
Créteil;48.79;2.46;09/08/2026;07:00;19.6;5;SOLEIL VOILÉ;1;0;0
Créteil;48.79;2.46;09/08/2026;08:00;28.4;0;SOLEIL;1;0;0
Créteil;48.79;2.46;09/08/2026;09:00;28.4;0;SOLEIL;1;0;0
Créteil;48.79;2.46;09/08/2026;10:00;28.4;0;SOLEIL;1;0;0
Créteil;48.79;2.46;09/08/2026;11:00;32.1;5;SOLEIL VOILÉ;2;0;0
Créteil;48.79;2.46;09/08/2026;12:00;32.1;5;SOLEIL VOILÉ;2;0;0
Créteil;48.79;2.46;09/08/2026;13:00;32.1;5;SOLEIL VOILÉ;2;0;0
Créteil;48.79;2.46;09/08/2026;14:00;32.1;0;SOLEIL;2;0;0
Créteil;48.79;2.46;09/08/2026;15:00;32.1;0;SOLEIL;2;0;0
Créteil;48.79;2.46;09/08/2026;16:00;32.1;0;SOLEIL;2;0;0
Créteil;48.79;2.46;09/08/2026;17:00;29.4;0;SOLEIL;2;0;0
Créteil;48.79;2.46;09/08/2026;18:00;29.4;0;SOLEIL;2;0;0
Créteil;48.79;2.46;09/08/2026;19:00;29.4;0;SOLEIL;2;0;0
Créteil;48.79;2.46;09/08/2026;20:00;22.4;0;SOLEIL;5;0;0
Créteil;48.79;2.46;09/08/2026;21:00;20.6;0;SOLEIL;5;0;0
Créteil;48.79;2.46;09/08/2026;22:00;18.8;0;SOLEIL;5;0;0
Créteil;48.79;2.46;09/08/2026;23:00;23.5;0;SOLEIL;3;0;0
Créteil;48.79;2.46;10/08/2026;00:00;23.5;0;SOLEIL;3;0;0
Créteil;48.79;2.46;10/08/2026;01:00;23.5;0;SOLEIL;3;0;0
Créteil;48.79;2.46;10/08/2026;02:00;18.5;2;NUAGEUX;5;0;0
Créteil;48.79;2.46;10/08/2026;03:00;18.5;2;NUAGEUX;5;0;0
Créteil;48.79;2.46;10/08/2026;04:00;18.5;2;NUAGEUX;5;0;0
Créteil;48.79;2.46;10/08/2026;05:00;21.1;0;SOLEIL;2;0;0
Créteil;48.79;2.46;10/08/2026;06:00;21.1;0;SOLEIL;2;0;0
Créteil;48.79;2.46;10/08/2026;07:00;21.1;0;SOLEIL;2;0;0
Créteil;48.79;2.46;10/08/2026;08:00;21.6;2;NUAGEUX;5;0;0
Créteil;48.79;2.46;10/08/2026;09:00;23.2;2;NUAGEUX;5;0;0
Créteil;48.79;2.46;10/08/2026;10:00;24.8;2;NUAGEUX;5;0;0
Créteil;48.79;2.46;10/08/2026;11:00;29.6;0;SOLEIL;3;0;0
Créteil;48.79;2.46;10/08/2026;12:00;29.6;0;SOLEIL;3;0;0
Créteil;48.79;2.46;10/08/2026;13:00;29.6;0;SOLEIL;3;0;0
Créteil;48.79;2.46;10/08/2026;14:00;31.0;2;NUAGEUX;5;0;0
Créteil;48.79;2.46;10/08/2026;15:00;32.6;2;NUAGEUX;5;0;0
Créteil;48.79;2.46;10/08/2026;16:00;31.0;2;NUAGEUX;5;0;0
Créteil;48.79;2.46;10/08/2026;17:00;28.4;0;SOLEIL;3;0;0
Créteil;48.79;2.46;10/08/2026;18:00;28.4;0;SOLEIL;3;0;0
Créteil;48.79;2.46;10/08/2026;19:00;28.4;0;SOLEIL;3;0;0
Créteil;48.79;2.46;10/08/2026;20:00;24.8;2;NUAGEUX;5;0;0
Créteil;48.79;2.46;10/08/2026;21:00;23.2;2;NUAGEUX;5;0;0
Créteil;48.79;2.46;10/08/2026;22:00;21.6;2;NUAGEUX;5;0;0
Créteil;48.79;2.46;10/08/2026;23:00;20.6;0;SOLEIL;3;0;0
Créteil;48.79;2.46;11/08/2026;00:00;20.6;0;SOLEIL;3;0;0
Créteil;48.79;2.46;11/08/2026;01:00;20.6;0;SOLEIL;3;0;0
Créteil;48.79;2.46;11/08/2026;02:00;20.1;0;SOLEIL;5;0;0
Créteil;48.79;2.46;11/08/2026;03:00;20.1;0;SOLEIL;5;0;0
Créteil;48.79;2.46;11/08/2026;04:00;20.1;0;SOLEIL;5;0;0
Créteil;48.79;2.46;11/08/2026;05:00;19.1;0;SOLEIL;2;0;0
Créteil;48.79;2.46;11/08/2026;06:00;19.1;0;SOLEIL;2;0;0
Créteil;48.79;2.46;11/08/2026;07:00;19.1;0;SOLEIL;2;0;0
Créteil;48.79;2.46;11/08/2026;08:00;22.7;0;SOLEIL;5;0;0
Créteil;48.79;2.46;11/08/2026;09:00;23.9;0;SOLEIL;5;0;0
Créteil;48.79;2.46;11/08/2026;10:00;25.2;0;SOLEIL;5;0;0
Créteil;48.79;2.46;11/08/2026;11:00;29.5;0;SOLEIL;3;0;0
Créteil;48.79;2.46;11/08/2026;12:00;29.5;0;SOLEIL;3;0;0
Créteil;48.79;2.46;11/08/2026;13:00;29.5;0;SOLEIL;3;0;0
Créteil;48.79;2.46;11/08/2026;14:00;30.3;0;SOLEIL;5;0;0
Créteil;48.79;2.46;11/08/2026;15:00;31.6;0;SOLEIL;5;0;0
Créteil;48.79;2.46;11/08/2026;16:00;30.3;0;SOLEIL;5;0;0
Créteil;48.79;2.46;11/08/2026;17:00;27.9;0;SOLEIL;4;0;0
Créteil;48.79;2.46;11/08/2026;18:00;27.9;0;SOLEIL;4;0;0
Créteil;48.79;2.46;11/08/2026;19:00;27.9;0;SOLEIL;4;0;0
Créteil;48.79;2.46;11/08/2026;20:00;25.2;0;SOLEIL;5;0;0
Créteil;48.79;2.46;11/08/2026;21:00;23.9;0;SOLEIL;5;0;0
Créteil;48.79;2.46;11/08/2026;22:00;22.7;0;SOLEIL;5;0;0
Créteil;48.79;2.46;11/08/2026;23:00;21;0;SOLEIL;3;0;0
Créteil;48.79;2.46;12/08/2026;00:00;21;0;SOLEIL;3;0;0
Créteil;48.79;2.46;12/08/2026;01:00;21;0;SOLEIL;3;0;0
Créteil;48.79;2.46;12/08/2026;02:00;18.1;0;SOLEIL;5;0;0
Créteil;48.79;2.46;12/08/2026;03:00;18.1;0;SOLEIL;5;0;0
Créteil;48.79;2.46;12/08/2026;04:00;18.1;0;SOLEIL;5;0;0
Créteil;48.79;2.46;12/08/2026;05:00;20.1;0;SOLEIL;2;0;0
Créteil;48.79;2.46;12/08/2026;06:00;20.1;0;SOLEIL;2;0;0
Créteil;48.79;2.46;12/08/2026;07:00;20.1;0;SOLEIL;2;0;0
Créteil;48.79;2.46;12/08/2026;08:00;21.1;0;SOLEIL;5;0;0
Créteil;48.79;2.46;12/08/2026;09:00;22.6;0;SOLEIL;5;0;0
Créteil;48.79;2.46;12/08/2026;10:00;24.1;0;SOLEIL;5;0;0
Créteil;48.79;2.46;12/08/2026;11:00;32.2;0;SOLEIL;2;0;0
Créteil;48.79;2.46;12/08/2026;12:00;32.2;0;SOLEIL;2;0;0
Créteil;48.79;2.46;12/08/2026;13:00;32.2;0;SOLEIL;2;0;0
Créteil;48.79;2.46;12/08/2026;14:00;30.1;0;SOLEIL;5;0;0
Créteil;48.79;2.46;12/08/2026;15:00;31.6;0;SOLEIL;5;0;0
Créteil;48.79;2.46;12/08/2026;16:00;30.1;0;SOLEIL;5;0;0
Créteil;48.79;2.46;12/08/2026;17:00;31;0;SOLEIL;2;0;0
Créteil;48.79;2.46;12/08/2026;18:00;31;0;SOLEIL;2;0;0
Créteil;48.79;2.46;12/08/2026;19:00;31;0;SOLEIL;2;0;0
Créteil;48.79;2.46;12/08/2026;20:00;24.1;0;SOLEIL;5;0;0
Créteil;48.79;2.46;12/08/2026;21:00;22.6;0;SOLEIL;5;0;0
Créteil;48.79;2.46;12/08/2026;22:00;21.1;0;SOLEIL;5;0;0
Créteil;48.79;2.46;12/08/2026;23:00;24.1;0;SOLEIL;2;0;0
Cergy;49.04;2.08;08/08/2026;00:00;15.4;0;SOLEIL;2;0;0
Cergy;49.04;2.08;08/08/2026;01:00;15.4;0;SOLEIL;2;0;0
Cergy;49.04;2.08;08/08/2026;02:00;12.6;0;SOLEIL;2;0;0
Cergy;49.04;2.08;08/08/2026;03:00;12.6;0;SOLEIL;2;0;0
Cergy;49.04;2.08;08/08/2026;04:00;12.6;0;SOLEIL;2;0;0
Cergy;49.04;2.08;08/08/2026;05:00;14.9;0;SOLEIL;2;0;0
Cergy;49.04;2.08;08/08/2026;06:00;14.9;0;SOLEIL;2;0;0
Cergy;49.04;2.08;08/08/2026;07:00;14.9;0;SOLEIL;2;0;0
Cergy;49.04;2.08;08/08/2026;08:00;23.2;5;SOLEIL VOILÉ;2;0;0
Cergy;49.04;2.08;08/08/2026;09:00;23.2;5;SOLEIL VOILÉ;2;0;0
Cergy;49.04;2.08;08/08/2026;10:00;23.2;5;SOLEIL VOILÉ;2;0;0
Cergy;49.04;2.08;08/08/2026;11:00;28.1;0;SOLEIL;2;0;0
Cergy;49.04;2.08;08/08/2026;12:00;28.1;0;SOLEIL;2;0;0
Cergy;49.04;2.08;08/08/2026;13:00;28.1;0;SOLEIL;2;0;0
Cergy;49.04;2.08;08/08/2026;14:00;30.1;5;SOLEIL VOILÉ;1;0;0
Cergy;49.04;2.08;08/08/2026;15:00;30.1;5;SOLEIL VOILÉ;1;0;0
Cergy;49.04;2.08;08/08/2026;16:00;30.1;5;SOLEIL VOILÉ;1;0;0
Cergy;49.04;2.08;08/08/2026;17:00;29.1;0;SOLEIL;2;0;0
Cergy;49.04;2.08;08/08/2026;18:00;29.1;0;SOLEIL;2;0;0
Cergy;49.04;2.08;08/08/2026;19:00;29.1;0;SOLEIL;2;0;0
Cergy;49.04;2.08;08/08/2026;20:00;21.6;0;SOLEIL;2;0;0
Cergy;49.04;2.08;08/08/2026;21:00;21.6;0;SOLEIL;2;0;0
Cergy;49.04;2.08;08/08/2026;22:00;21.6;0;SOLEIL;2;0;0
Cergy;49.04;2.08;08/08/2026;23:00;18;0;SOLEIL;2;0;0
Cergy;49.04;2.08;09/08/2026;00:00;18;0;SOLEIL;2;0;0
Cergy;49.04;2.08;09/08/2026;01:00;18;0;SOLEIL;2;0;0
Cergy;49.04;2.08;09/08/2026;02:00;15.4;5;SOLEIL VOILÉ;1;0;0
Cergy;49.04;2.08;09/08/2026;03:00;15.4;5;SOLEIL VOILÉ;1;0;0
Cergy;49.04;2.08;09/08/2026;04:00;15.4;5;SOLEIL VOILÉ;1;0;0
Cergy;49.04;2.08;09/08/2026;05:00;17;5;SOLEIL VOILÉ;0;0;0
Cergy;49.04;2.08;09/08/2026;06:00;17;5;SOLEIL VOILÉ;0;0;0
Cergy;49.04;2.08;09/08/2026;07:00;17;5;SOLEIL VOILÉ;0;0;0
Cergy;49.04;2.08;09/08/2026;08:00;26.6;0;SOLEIL;1;0;0
Cergy;49.04;2.08;09/08/2026;09:00;26.6;0;SOLEIL;1;0;0
Cergy;49.04;2.08;09/08/2026;10:00;26.6;0;SOLEIL;1;0;0
Cergy;49.04;2.08;09/08/2026;11:00;31.6;0;SOLEIL;2;0;0
Cergy;49.04;2.08;09/08/2026;12:00;31.6;0;SOLEIL;2;0;0
Cergy;49.04;2.08;09/08/2026;13:00;31.6;0;SOLEIL;2;0;0
Cergy;49.04;2.08;09/08/2026;14:00;31.4;0;SOLEIL;3;0;0
Cergy;49.04;2.08;09/08/2026;15:00;31.4;0;SOLEIL;3;0;0
Cergy;49.04;2.08;09/08/2026;16:00;31.4;0;SOLEIL;3;0;0
Cergy;49.04;2.08;09/08/2026;17:00;29.9;0;SOLEIL;3;0;0
Cergy;49.04;2.08;09/08/2026;18:00;29.9;0;SOLEIL;3;0;0
Cergy;49.04;2.08;09/08/2026;19:00;29.9;0;SOLEIL;3;0;0
Cergy;49.04;2.08;09/08/2026;20:00;20.1;0;SOLEIL;5;0;0
Cergy;49.04;2.08;09/08/2026;21:00;18.1;0;SOLEIL;5;0;0
Cergy;49.04;2.08;09/08/2026;22:00;16.1;0;SOLEIL;5;0;0
Cergy;49.04;2.08;09/08/2026;23:00;20.1;0;SOLEIL;2;0;0
Cergy;49.04;2.08;10/08/2026;00:00;20.1;0;SOLEIL;2;0;0
Cergy;49.04;2.08;10/08/2026;01:00;20.1;0;SOLEIL;2;0;0
Cergy;49.04;2.08;10/08/2026;02:00;14.7;0;SOLEIL;5;0;0
Cergy;49.04;2.08;10/08/2026;03:00;14.7;0;SOLEIL;5;0;0
Cergy;49.04;2.08;10/08/2026;04:00;14.7;0;SOLEIL;5;0;0
Cergy;49.04;2.08;10/08/2026;05:00;19.4;0;SOLEIL;2;0;0
Cergy;49.04;2.08;10/08/2026;06:00;19.4;0;SOLEIL;2;0;0
Cergy;49.04;2.08;10/08/2026;07:00;19.4;0;SOLEIL;2;0;0
Cergy;49.04;2.08;10/08/2026;08:00;18.7;0;SOLEIL;5;0;0
Cergy;49.04;2.08;10/08/2026;09:00;20.6;0;SOLEIL;5;0;0
Cergy;49.04;2.08;10/08/2026;10:00;22.6;0;SOLEIL;5;0;0
Cergy;49.04;2.08;10/08/2026;11:00;29.2;0;SOLEIL;3;0;0
Cergy;49.04;2.08;10/08/2026;12:00;29.2;0;SOLEIL;3;0;0
Cergy;49.04;2.08;10/08/2026;13:00;29.2;0;SOLEIL;3;0;0
Cergy;49.04;2.08;10/08/2026;14:00;30.5;0;SOLEIL;5;0;0
Cergy;49.04;2.08;10/08/2026;15:00;32.5;0;SOLEIL;5;0;0
Cergy;49.04;2.08;10/08/2026;16:00;30.5;0;SOLEIL;5;0;0
Cergy;49.04;2.08;10/08/2026;17:00;28.2;0;SOLEIL;4;0;0
Cergy;49.04;2.08;10/08/2026;18:00;28.2;0;SOLEIL;4;0;0
Cergy;49.04;2.08;10/08/2026;19:00;28.2;0;SOLEIL;4;0;0
Cergy;49.04;2.08;10/08/2026;20:00;22.6;0;SOLEIL;5;0;0
Cergy;49.04;2.08;10/08/2026;21:00;20.6;0;SOLEIL;5;0;0
Cergy;49.04;2.08;10/08/2026;22:00;18.7;0;SOLEIL;5;0;0
Cergy;49.04;2.08;10/08/2026;23:00;18.9;0;SOLEIL;3;0;0
Cergy;49.04;2.08;11/08/2026;00:00;18.9;0;SOLEIL;3;0;0
Cergy;49.04;2.08;11/08/2026;01:00;18.9;0;SOLEIL;3;0;0
Cergy;49.04;2.08;11/08/2026;02:00;17.5;0;SOLEIL;5;0;0
Cergy;49.04;2.08;11/08/2026;03:00;17.5;0;SOLEIL;5;0;0
Cergy;49.04;2.08;11/08/2026;04:00;17.5;0;SOLEIL;5;0;0
Cergy;49.04;2.08;11/08/2026;05:00;17.7;0;SOLEIL;3;0;0
Cergy;49.04;2.08;11/08/2026;06:00;17.7;0;SOLEIL;3;0;0
Cergy;49.04;2.08;11/08/2026;07:00;17.7;0;SOLEIL;3;0;0
Cergy;49.04;2.08;11/08/2026;08:00;20.6;0;SOLEIL;5;0;0
Cergy;49.04;2.08;11/08/2026;09:00;22.2;0;SOLEIL;5;0;0
Cergy;49.04;2.08;11/08/2026;10:00;23.8;0;SOLEIL;5;0;0
Cergy;49.04;2.08;11/08/2026;11:00;29.6;0;SOLEIL;3;0;0
Cergy;49.04;2.08;11/08/2026;12:00;29.6;0;SOLEIL;3;0;0
Cergy;49.04;2.08;11/08/2026;13:00;29.6;0;SOLEIL;3;0;0
Cergy;49.04;2.08;11/08/2026;14:00;30.0;0;SOLEIL;5;0;0
Cergy;49.04;2.08;11/08/2026;15:00;31.6;0;SOLEIL;5;0;0
Cergy;49.04;2.08;11/08/2026;16:00;30.0;0;SOLEIL;5;0;0
Cergy;49.04;2.08;11/08/2026;17:00;29.1;0;SOLEIL;4;0;0
Cergy;49.04;2.08;11/08/2026;18:00;29.1;0;SOLEIL;4;0;0
Cergy;49.04;2.08;11/08/2026;19:00;29.1;0;SOLEIL;4;0;0
Cergy;49.04;2.08;11/08/2026;20:00;23.8;0;SOLEIL;5;0;0
Cergy;49.04;2.08;11/08/2026;21:00;22.2;0;SOLEIL;5;0;0
Cergy;49.04;2.08;11/08/2026;22:00;20.6;0;SOLEIL;5;0;0
Cergy;49.04;2.08;11/08/2026;23:00;19.5;0;SOLEIL;4;0;0
Cergy;49.04;2.08;12/08/2026;00:00;19.5;0;SOLEIL;4;0;0
Cergy;49.04;2.08;12/08/2026;01:00;19.5;0;SOLEIL;4;0;0
Cergy;49.04;2.08;12/08/2026;02:00;16.1;0;SOLEIL;5;0;0
Cergy;49.04;2.08;12/08/2026;03:00;16.1;0;SOLEIL;5;0;0
Cergy;49.04;2.08;12/08/2026;04:00;16.1;0;SOLEIL;5;0;0
Cergy;49.04;2.08;12/08/2026;05:00;19.5;0;SOLEIL;3;0;0
Cergy;49.04;2.08;12/08/2026;06:00;19.5;0;SOLEIL;3;0;0
Cergy;49.04;2.08;12/08/2026;07:00;19.5;0;SOLEIL;3;0;0
Cergy;49.04;2.08;12/08/2026;08:00;19.7;0;SOLEIL;5;0;0
Cergy;49.04;2.08;12/08/2026;09:00;21.4;0;SOLEIL;5;0;0
Cergy;49.04;2.08;12/08/2026;10:00;23.2;0;SOLEIL;5;0;0
Cergy;49.04;2.08;12/08/2026;11:00;32.2;0;SOLEIL;3;0;0
Cergy;49.04;2.08;12/08/2026;12:00;32.2;0;SOLEIL;3;0;0
Cergy;49.04;2.08;12/08/2026;13:00;32.2;0;SOLEIL;3;0;0
Cergy;49.04;2.08;12/08/2026;14:00;30.3;0;SOLEIL;5;0;0
Cergy;49.04;2.08;12/08/2026;15:00;32.1;0;SOLEIL;5;0;0
Cergy;49.04;2.08;12/08/2026;16:00;30.3;0;SOLEIL;5;0;0
Cergy;49.04;2.08;12/08/2026;17:00;32.6;0;SOLEIL;3;0;0
Cergy;49.04;2.08;12/08/2026;18:00;32.6;0;SOLEIL;3;0;0
Cergy;49.04;2.08;12/08/2026;19:00;32.6;0;SOLEIL;3;0;0
Cergy;49.04;2.08;12/08/2026;20:00;23.2;0;SOLEIL;5;0;0
Cergy;49.04;2.08;12/08/2026;21:00;21.4;0;SOLEIL;5;0;0
Cergy;49.04;2.08;12/08/2026;22:00;19.7;0;SOLEIL;5;0;0
Cergy;49.04;2.08;12/08/2026;23:00;22.2;0;SOLEIL;2;0;0
Magny-en-Vexin;49.16;1.79;08/08/2026;00:00;11.9;0;SOLEIL;2;0;0
Magny-en-Vexin;49.16;1.79;08/08/2026;01:00;11.9;0;SOLEIL;2;0;0
Magny-en-Vexin;49.16;1.79;08/08/2026;02:00;9.7;0;SOLEIL;2;0;0
Magny-en-Vexin;49.16;1.79;08/08/2026;03:00;9.7;0;SOLEIL;2;0;0
Magny-en-Vexin;49.16;1.79;08/08/2026;04:00;9.7;0;SOLEIL;2;0;0
Magny-en-Vexin;49.16;1.79;08/08/2026;05:00;14.1;0;SOLEIL;3;0;0
Magny-en-Vexin;49.16;1.79;08/08/2026;06:00;14.1;0;SOLEIL;3;0;0
Magny-en-Vexin;49.16;1.79;08/08/2026;07:00;14.1;0;SOLEIL;3;0;0
Magny-en-Vexin;49.16;1.79;08/08/2026;08:00;22.7;5;SOLEIL VOILÉ;3;0;0
Magny-en-Vexin;49.16;1.79;08/08/2026;09:00;22.7;5;SOLEIL VOILÉ;3;0;0
Magny-en-Vexin;49.16;1.79;08/08/2026;10:00;22.7;5;SOLEIL VOILÉ;3;0;0
Magny-en-Vexin;49.16;1.79;08/08/2026;11:00;27.1;5;SOLEIL VOILÉ;3;0;0
Magny-en-Vexin;49.16;1.79;08/08/2026;12:00;27.1;5;SOLEIL VOILÉ;3;0;0
Magny-en-Vexin;49.16;1.79;08/08/2026;13:00;27.1;5;SOLEIL VOILÉ;3;0;0
Magny-en-Vexin;49.16;1.79;08/08/2026;14:00;28.9;5;SOLEIL VOILÉ;2;0;0
Magny-en-Vexin;49.16;1.79;08/08/2026;15:00;28.9;5;SOLEIL VOILÉ;2;0;0
Magny-en-Vexin;49.16;1.79;08/08/2026;16:00;28.9;5;SOLEIL VOILÉ;2;0;0
Magny-en-Vexin;49.16;1.79;08/08/2026;17:00;28.4;0;SOLEIL;2;0;0
Magny-en-Vexin;49.16;1.79;08/08/2026;18:00;28.4;0;SOLEIL;2;0;0
Magny-en-Vexin;49.16;1.79;08/08/2026;19:00;28.4;0;SOLEIL;2;0;0
Magny-en-Vexin;49.16;1.79;08/08/2026;20:00;19.2;0;SOLEIL;3;0;0
Magny-en-Vexin;49.16;1.79;08/08/2026;21:00;19.2;0;SOLEIL;3;0;0
Magny-en-Vexin;49.16;1.79;08/08/2026;22:00;19.2;0;SOLEIL;3;0;0
Magny-en-Vexin;49.16;1.79;08/08/2026;23:00;15.1;0;SOLEIL;2;0;0
Magny-en-Vexin;49.16;1.79;09/08/2026;00:00;15.1;0;SOLEIL;2;0;0
Magny-en-Vexin;49.16;1.79;09/08/2026;01:00;15.1;0;SOLEIL;2;0;0
Magny-en-Vexin;49.16;1.79;09/08/2026;02:00;13.4;5;SOLEIL VOILÉ;2;0;0
Magny-en-Vexin;49.16;1.79;09/08/2026;03:00;13.4;5;SOLEIL VOILÉ;2;0;0
Magny-en-Vexin;49.16;1.79;09/08/2026;04:00;13.4;5;SOLEIL VOILÉ;2;0;0
Magny-en-Vexin;49.16;1.79;09/08/2026;05:00;16.4;5;SOLEIL VOILÉ;2;0;0
Magny-en-Vexin;49.16;1.79;09/08/2026;06:00;16.4;5;SOLEIL VOILÉ;2;0;0
Magny-en-Vexin;49.16;1.79;09/08/2026;07:00;16.4;5;SOLEIL VOILÉ;2;0;0
Magny-en-Vexin;49.16;1.79;09/08/2026;08:00;27.6;0;SOLEIL;2;0;0
Magny-en-Vexin;49.16;1.79;09/08/2026;09:00;27.6;0;SOLEIL;2;0;0
Magny-en-Vexin;49.16;1.79;09/08/2026;10:00;27.6;0;SOLEIL;2;0;0
Magny-en-Vexin;49.16;1.79;09/08/2026;11:00;30.4;0;SOLEIL;2;0;0
Magny-en-Vexin;49.16;1.79;09/08/2026;12:00;30.4;0;SOLEIL;2;0;0
Magny-en-Vexin;49.16;1.79;09/08/2026;13:00;30.4;0;SOLEIL;2;0;0
Magny-en-Vexin;49.16;1.79;09/08/2026;14:00;31;0;SOLEIL;3;0;0
Magny-en-Vexin;49.16;1.79;09/08/2026;15:00;31;0;SOLEIL;3;0;0
Magny-en-Vexin;49.16;1.79;09/08/2026;16:00;31;0;SOLEIL;3;0;0
Magny-en-Vexin;49.16;1.79;09/08/2026;17:00;28.9;0;SOLEIL;3;0;0
Magny-en-Vexin;49.16;1.79;09/08/2026;18:00;28.9;0;SOLEIL;3;0;0
Magny-en-Vexin;49.16;1.79;09/08/2026;19:00;28.9;0;SOLEIL;3;0;0
Magny-en-Vexin;49.16;1.79;09/08/2026;20:00;18.6;0;SOLEIL;5;0;0
Magny-en-Vexin;49.16;1.79;09/08/2026;21:00;16.3;0;SOLEIL;5;0;0
Magny-en-Vexin;49.16;1.79;09/08/2026;22:00;14.0;0;SOLEIL;5;0;0
Magny-en-Vexin;49.16;1.79;09/08/2026;23:00;17.4;0;SOLEIL;2;0;0
Magny-en-Vexin;49.16;1.79;10/08/2026;00:00;17.4;0;SOLEIL;2;0;0
Magny-en-Vexin;49.16;1.79;10/08/2026;01:00;17.4;0;SOLEIL;2;0;0
Magny-en-Vexin;49.16;1.79;10/08/2026;02:00;12.2;0;SOLEIL;5;0;0
Magny-en-Vexin;49.16;1.79;10/08/2026;03:00;12.2;0;SOLEIL;5;0;0
Magny-en-Vexin;49.16;1.79;10/08/2026;04:00;12.2;0;SOLEIL;5;0;0
Magny-en-Vexin;49.16;1.79;10/08/2026;05:00;18.1;0;SOLEIL;3;0;0
Magny-en-Vexin;49.16;1.79;10/08/2026;06:00;18.1;0;SOLEIL;3;0;0
Magny-en-Vexin;49.16;1.79;10/08/2026;07:00;18.1;0;SOLEIL;3;0;0
Magny-en-Vexin;49.16;1.79;10/08/2026;08:00;16.5;0;SOLEIL;5;0;0
Magny-en-Vexin;49.16;1.79;10/08/2026;09:00;18.7;0;SOLEIL;5;0;0
Magny-en-Vexin;49.16;1.79;10/08/2026;10:00;20.9;0;SOLEIL;5;0;0
Magny-en-Vexin;49.16;1.79;10/08/2026;11:00;28.4;0;SOLEIL;3;0;0
Magny-en-Vexin;49.16;1.79;10/08/2026;12:00;28.4;0;SOLEIL;3;0;0
Magny-en-Vexin;49.16;1.79;10/08/2026;13:00;28.4;0;SOLEIL;3;0;0
Magny-en-Vexin;49.16;1.79;10/08/2026;14:00;29.5;0;SOLEIL;5;0;0
Magny-en-Vexin;49.16;1.79;10/08/2026;15:00;31.7;0;SOLEIL;5;0;0
Magny-en-Vexin;49.16;1.79;10/08/2026;16:00;29.5;0;SOLEIL;5;0;0
Magny-en-Vexin;49.16;1.79;10/08/2026;17:00;26.6;0;SOLEIL;4;0;0
Magny-en-Vexin;49.16;1.79;10/08/2026;18:00;26.6;0;SOLEIL;4;0;0
Magny-en-Vexin;49.16;1.79;10/08/2026;19:00;26.6;0;SOLEIL;4;0;0
Magny-en-Vexin;49.16;1.79;10/08/2026;20:00;20.9;0;SOLEIL;5;0;0
Magny-en-Vexin;49.16;1.79;10/08/2026;21:00;18.7;0;SOLEIL;5;0;0
Magny-en-Vexin;49.16;1.79;10/08/2026;22:00;16.5;0;SOLEIL;5;0;0
Magny-en-Vexin;49.16;1.79;10/08/2026;23:00;16.5;0;SOLEIL;4;0;0
Magny-en-Vexin;49.16;1.79;11/08/2026;00:00;16.5;0;SOLEIL;4;0;0
Magny-en-Vexin;49.16;1.79;11/08/2026;01:00;16.5;0;SOLEIL;4;0;0
Magny-en-Vexin;49.16;1.79;11/08/2026;02:00;15.7;0;SOLEIL;5;0;0
Magny-en-Vexin;49.16;1.79;11/08/2026;03:00;15.7;0;SOLEIL;5;0;0
Magny-en-Vexin;49.16;1.79;11/08/2026;04:00;15.7;0;SOLEIL;5;0;0
Magny-en-Vexin;49.16;1.79;11/08/2026;05:00;17.1;0;SOLEIL;3;0;0
Magny-en-Vexin;49.16;1.79;11/08/2026;06:00;17.1;0;SOLEIL;3;0;0
Magny-en-Vexin;49.16;1.79;11/08/2026;07:00;17.1;0;SOLEIL;3;0;0
Magny-en-Vexin;49.16;1.79;11/08/2026;08:00;18.9;0;SOLEIL;5;0;0
Magny-en-Vexin;49.16;1.79;11/08/2026;09:00;20.5;0;SOLEIL;5;0;0
Magny-en-Vexin;49.16;1.79;11/08/2026;10:00;22.1;0;SOLEIL;5;0;0
Magny-en-Vexin;49.16;1.79;11/08/2026;11:00;28.6;0;SOLEIL;3;0;0
Magny-en-Vexin;49.16;1.79;11/08/2026;12:00;28.6;0;SOLEIL;3;0;0
Magny-en-Vexin;49.16;1.79;11/08/2026;13:00;28.6;0;SOLEIL;3;0;0
Magny-en-Vexin;49.16;1.79;11/08/2026;14:00;28.5;0;SOLEIL;5;0;0
Magny-en-Vexin;49.16;1.79;11/08/2026;15:00;30.1;0;SOLEIL;5;0;0
Magny-en-Vexin;49.16;1.79;11/08/2026;16:00;28.5;0;SOLEIL;5;0;0
Magny-en-Vexin;49.16;1.79;11/08/2026;17:00;28.7;0;SOLEIL;4;0;0
Magny-en-Vexin;49.16;1.79;11/08/2026;18:00;28.7;0;SOLEIL;4;0;0
Magny-en-Vexin;49.16;1.79;11/08/2026;19:00;28.7;0;SOLEIL;4;0;0
Magny-en-Vexin;49.16;1.79;11/08/2026;20:00;22.1;0;SOLEIL;5;0;0
Magny-en-Vexin;49.16;1.79;11/08/2026;21:00;20.5;0;SOLEIL;5;0;0
Magny-en-Vexin;49.16;1.79;11/08/2026;22:00;18.9;0;SOLEIL;5;0;0
Magny-en-Vexin;49.16;1.79;11/08/2026;23:00;18.6;0;SOLEIL;4;0;0
Magny-en-Vexin;49.16;1.79;12/08/2026;00:00;18.6;0;SOLEIL;4;0;0
Magny-en-Vexin;49.16;1.79;12/08/2026;01:00;18.6;0;SOLEIL;4;0;0
Magny-en-Vexin;49.16;1.79;12/08/2026;02:00;14.6;0;SOLEIL;5;0;0
Magny-en-Vexin;49.16;1.79;12/08/2026;03:00;14.6;0;SOLEIL;5;0;0
Magny-en-Vexin;49.16;1.79;12/08/2026;04:00;14.6;0;SOLEIL;5;0;0
Magny-en-Vexin;49.16;1.79;12/08/2026;05:00;18.1;0;SOLEIL;3;0;0
Magny-en-Vexin;49.16;1.79;12/08/2026;06:00;18.1;0;SOLEIL;3;0;0
Magny-en-Vexin;49.16;1.79;12/08/2026;07:00;18.1;0;SOLEIL;3;0;0
Magny-en-Vexin;49.16;1.79;12/08/2026;08:00;18.2;0;SOLEIL;5;0;0
Magny-en-Vexin;49.16;1.79;12/08/2026;09:00;20.1;0;SOLEIL;5;0;0
Magny-en-Vexin;49.16;1.79;12/08/2026;10:00;21.9;0;SOLEIL;5;0;0
Magny-en-Vexin;49.16;1.79;12/08/2026;11:00;31.4;0;SOLEIL;3;0;0
Magny-en-Vexin;49.16;1.79;12/08/2026;12:00;31.4;0;SOLEIL;3;0;0
Magny-en-Vexin;49.16;1.79;12/08/2026;13:00;31.4;0;SOLEIL;3;0;0
Magny-en-Vexin;49.16;1.79;12/08/2026;14:00;29.2;0;SOLEIL;5;0;0
Magny-en-Vexin;49.16;1.79;12/08/2026;15:00;31.0;0;SOLEIL;5;0;0
Magny-en-Vexin;49.16;1.79;12/08/2026;16:00;29.2;0;SOLEIL;5;0;0
Magny-en-Vexin;49.16;1.79;12/08/2026;17:00;31.9;0;SOLEIL;2;0;0
Magny-en-Vexin;49.16;1.79;12/08/2026;18:00;31.9;0;SOLEIL;2;0;0
Magny-en-Vexin;49.16;1.79;12/08/2026;19:00;31.9;0;SOLEIL;2;0;0
Magny-en-Vexin;49.16;1.79;12/08/2026;20:00;21.9;0;SOLEIL;5;0;0
Magny-en-Vexin;49.16;1.79;12/08/2026;21:00;20.1;0;SOLEIL;5;0;0
Magny-en-Vexin;49.16;1.79;12/08/2026;22:00;18.2;0;SOLEIL;5;0;0
Magny-en-Vexin;49.16;1.79;12/08/2026;23:00;21.2;0;SOLEIL;3;0;0
Marly-la-Ville;49.08;2.5;08/08/2026;00:00;16.5;0;SOLEIL;4;0;0
Marly-la-Ville;49.08;2.5;08/08/2026;01:00;16.5;0;SOLEIL;4;0;0
Marly-la-Ville;49.08;2.5;08/08/2026;02:00;14.6;0;SOLEIL;2;0;0
Marly-la-Ville;49.08;2.5;08/08/2026;03:00;14.6;0;SOLEIL;2;0;0
Marly-la-Ville;49.08;2.5;08/08/2026;04:00;14.6;0;SOLEIL;2;0;0
Marly-la-Ville;49.08;2.5;08/08/2026;05:00;14.7;0;SOLEIL;2;0;0
Marly-la-Ville;49.08;2.5;08/08/2026;06:00;14.7;0;SOLEIL;2;0;0
Marly-la-Ville;49.08;2.5;08/08/2026;07:00;14.7;0;SOLEIL;2;0;0
Marly-la-Ville;49.08;2.5;08/08/2026;08:00;23.1;0;SOLEIL;2;0;0
Marly-la-Ville;49.08;2.5;08/08/2026;09:00;23.1;0;SOLEIL;2;0;0
Marly-la-Ville;49.08;2.5;08/08/2026;10:00;23.1;0;SOLEIL;2;0;0
Marly-la-Ville;49.08;2.5;08/08/2026;11:00;27.1;0;SOLEIL;2;0;0
Marly-la-Ville;49.08;2.5;08/08/2026;12:00;27.1;0;SOLEIL;2;0;0
Marly-la-Ville;49.08;2.5;08/08/2026;13:00;27.1;0;SOLEIL;2;0;0
Marly-la-Ville;49.08;2.5;08/08/2026;14:00;29.6;5;SOLEIL VOILÉ;1;0;0
Marly-la-Ville;49.08;2.5;08/08/2026;15:00;29.6;5;SOLEIL VOILÉ;1;0;0
Marly-la-Ville;49.08;2.5;08/08/2026;16:00;29.6;5;SOLEIL VOILÉ;1;0;0
Marly-la-Ville;49.08;2.5;08/08/2026;17:00;28.4;0;SOLEIL;2;0;0
Marly-la-Ville;49.08;2.5;08/08/2026;18:00;28.4;0;SOLEIL;2;0;0
Marly-la-Ville;49.08;2.5;08/08/2026;19:00;28.4;0;SOLEIL;2;0;0
Marly-la-Ville;49.08;2.5;08/08/2026;20:00;22.6;0;SOLEIL;2;0;0
Marly-la-Ville;49.08;2.5;08/08/2026;21:00;22.6;0;SOLEIL;2;0;0
Marly-la-Ville;49.08;2.5;08/08/2026;22:00;22.6;0;SOLEIL;2;0;0
Marly-la-Ville;49.08;2.5;08/08/2026;23:00;18.6;0;SOLEIL;2;0;0
Marly-la-Ville;49.08;2.5;09/08/2026;00:00;18.6;0;SOLEIL;2;0;0
Marly-la-Ville;49.08;2.5;09/08/2026;01:00;18.6;0;SOLEIL;2;0;0
Marly-la-Ville;49.08;2.5;09/08/2026;02:00;17.1;5;SOLEIL VOILÉ;1;0;0
Marly-la-Ville;49.08;2.5;09/08/2026;03:00;17.1;5;SOLEIL VOILÉ;1;0;0
Marly-la-Ville;49.08;2.5;09/08/2026;04:00;17.1;5;SOLEIL VOILÉ;1;0;0
Marly-la-Ville;49.08;2.5;09/08/2026;05:00;19;5;SOLEIL VOILÉ;0;0;0
Marly-la-Ville;49.08;2.5;09/08/2026;06:00;19;5;SOLEIL VOILÉ;0;0;0
Marly-la-Ville;49.08;2.5;09/08/2026;07:00;19;5;SOLEIL VOILÉ;0;0;0
Marly-la-Ville;49.08;2.5;09/08/2026;08:00;27.1;5;SOLEIL VOILÉ;2;0;0
Marly-la-Ville;49.08;2.5;09/08/2026;09:00;27.1;5;SOLEIL VOILÉ;2;0;0
Marly-la-Ville;49.08;2.5;09/08/2026;10:00;27.1;5;SOLEIL VOILÉ;2;0;0
Marly-la-Ville;49.08;2.5;09/08/2026;11:00;31;5;SOLEIL VOILÉ;3;0;0
Marly-la-Ville;49.08;2.5;09/08/2026;12:00;31;5;SOLEIL VOILÉ;3;0;0
Marly-la-Ville;49.08;2.5;09/08/2026;13:00;31;5;SOLEIL VOILÉ;3;0;0
Marly-la-Ville;49.08;2.5;09/08/2026;14:00;32.2;0;SOLEIL;2;0;0
Marly-la-Ville;49.08;2.5;09/08/2026;15:00;32.2;0;SOLEIL;2;0;0
Marly-la-Ville;49.08;2.5;09/08/2026;16:00;32.2;0;SOLEIL;2;0;0
Marly-la-Ville;49.08;2.5;09/08/2026;17:00;29.6;0;SOLEIL;3;0;0
Marly-la-Ville;49.08;2.5;09/08/2026;18:00;29.6;0;SOLEIL;3;0;0
Marly-la-Ville;49.08;2.5;09/08/2026;19:00;29.6;0;SOLEIL;3;0;0
Marly-la-Ville;49.08;2.5;09/08/2026;20:00;20.5;0;SOLEIL;5;0;0
Marly-la-Ville;49.08;2.5;09/08/2026;21:00;18.6;0;SOLEIL;5;0;0
Marly-la-Ville;49.08;2.5;09/08/2026;22:00;16.7;0;SOLEIL;5;0;0
Marly-la-Ville;49.08;2.5;09/08/2026;23:00;21.1;0;SOLEIL;2;0;0
Marly-la-Ville;49.08;2.5;10/08/2026;00:00;21.1;0;SOLEIL;2;0;0
Marly-la-Ville;49.08;2.5;10/08/2026;01:00;21.1;0;SOLEIL;2;0;0
Marly-la-Ville;49.08;2.5;10/08/2026;02:00;16.6;5;SOLEIL VOILÉ;5;0;0
Marly-la-Ville;49.08;2.5;10/08/2026;03:00;16.6;5;SOLEIL VOILÉ;5;0;0
Marly-la-Ville;49.08;2.5;10/08/2026;04:00;16.6;5;SOLEIL VOILÉ;5;0;0
Marly-la-Ville;49.08;2.5;10/08/2026;05:00;19.9;0;SOLEIL;2;0;0
Marly-la-Ville;49.08;2.5;10/08/2026;06:00;19.9;0;SOLEIL;2;0;0
Marly-la-Ville;49.08;2.5;10/08/2026;07:00;19.9;0;SOLEIL;2;0;0
Marly-la-Ville;49.08;2.5;10/08/2026;08:00;20.3;5;SOLEIL VOILÉ;5;0;0
Marly-la-Ville;49.08;2.5;10/08/2026;09:00;22.1;5;SOLEIL VOILÉ;5;0;0
Marly-la-Ville;49.08;2.5;10/08/2026;10:00;24.0;5;SOLEIL VOILÉ;5;0;0
Marly-la-Ville;49.08;2.5;10/08/2026;11:00;28.5;0;SOLEIL;3;0;0
Marly-la-Ville;49.08;2.5;10/08/2026;12:00;28.5;0;SOLEIL;3;0;0
Marly-la-Ville;49.08;2.5;10/08/2026;13:00;28.5;0;SOLEIL;3;0;0
Marly-la-Ville;49.08;2.5;10/08/2026;14:00;31.4;5;SOLEIL VOILÉ;5;0;0
Marly-la-Ville;49.08;2.5;10/08/2026;15:00;33.2;5;SOLEIL VOILÉ;5;0;0
Marly-la-Ville;49.08;2.5;10/08/2026;16:00;31.4;5;SOLEIL VOILÉ;5;0;0
Marly-la-Ville;49.08;2.5;10/08/2026;17:00;27.4;0;SOLEIL;4;0;0
Marly-la-Ville;49.08;2.5;10/08/2026;18:00;27.4;0;SOLEIL;4;0;0
Marly-la-Ville;49.08;2.5;10/08/2026;19:00;27.4;0;SOLEIL;4;0;0
Marly-la-Ville;49.08;2.5;10/08/2026;20:00;24.0;5;SOLEIL VOILÉ;5;0;0
Marly-la-Ville;49.08;2.5;10/08/2026;21:00;22.1;5;SOLEIL VOILÉ;5;0;0
Marly-la-Ville;49.08;2.5;10/08/2026;22:00;20.3;5;SOLEIL VOILÉ;5;0;0
Marly-la-Ville;49.08;2.5;10/08/2026;23:00;18.6;0;SOLEIL;3;0;0
Marly-la-Ville;49.08;2.5;11/08/2026;00:00;18.6;0;SOLEIL;3;0;0
Marly-la-Ville;49.08;2.5;11/08/2026;01:00;18.6;0;SOLEIL;3;0;0
Marly-la-Ville;49.08;2.5;11/08/2026;02:00;18.5;0;SOLEIL;5;0;0
Marly-la-Ville;49.08;2.5;11/08/2026;03:00;18.5;0;SOLEIL;5;0;0
Marly-la-Ville;49.08;2.5;11/08/2026;04:00;18.5;0;SOLEIL;5;0;0
Marly-la-Ville;49.08;2.5;11/08/2026;05:00;17.7;0;SOLEIL;3;0;0
Marly-la-Ville;49.08;2.5;11/08/2026;06:00;17.7;0;SOLEIL;3;0;0
Marly-la-Ville;49.08;2.5;11/08/2026;07:00;17.7;0;SOLEIL;3;0;0
Marly-la-Ville;49.08;2.5;11/08/2026;08:00;21.2;0;SOLEIL;5;0;0
Marly-la-Ville;49.08;2.5;11/08/2026;09:00;22.5;0;SOLEIL;5;0;0
Marly-la-Ville;49.08;2.5;11/08/2026;10:00;23.8;0;SOLEIL;5;0;0
Marly-la-Ville;49.08;2.5;11/08/2026;11:00;27.6;0;SOLEIL;3;0;0
Marly-la-Ville;49.08;2.5;11/08/2026;12:00;27.6;0;SOLEIL;3;0;0
Marly-la-Ville;49.08;2.5;11/08/2026;13:00;27.6;0;SOLEIL;3;0;0
Marly-la-Ville;49.08;2.5;11/08/2026;14:00;29.2;0;SOLEIL;5;0;0
Marly-la-Ville;49.08;2.5;11/08/2026;15:00;30.5;0;SOLEIL;5;0;0
Marly-la-Ville;49.08;2.5;11/08/2026;16:00;29.2;0;SOLEIL;5;0;0
Marly-la-Ville;49.08;2.5;11/08/2026;17:00;27.2;0;SOLEIL;4;0;0
Marly-la-Ville;49.08;2.5;11/08/2026;18:00;27.2;0;SOLEIL;4;0;0
Marly-la-Ville;49.08;2.5;11/08/2026;19:00;27.2;0;SOLEIL;4;0;0
Marly-la-Ville;49.08;2.5;11/08/2026;20:00;23.8;0;SOLEIL;5;0;0
Marly-la-Ville;49.08;2.5;11/08/2026;21:00;22.5;0;SOLEIL;5;0;0
Marly-la-Ville;49.08;2.5;11/08/2026;22:00;21.2;0;SOLEIL;5;0;0
Marly-la-Ville;49.08;2.5;11/08/2026;23:00;19.6;0;SOLEIL;4;0;0
Marly-la-Ville;49.08;2.5;12/08/2026;00:00;19.6;0;SOLEIL;4;0;0
Marly-la-Ville;49.08;2.5;12/08/2026;01:00;19.6;0;SOLEIL;4;0;0
Marly-la-Ville;49.08;2.5;12/08/2026;02:00;16;0;SOLEIL;5;0;0
Marly-la-Ville;49.08;2.5;12/08/2026;03:00;16;0;SOLEIL;5;0;0
Marly-la-Ville;49.08;2.5;12/08/2026;04:00;16;0;SOLEIL;5;0;0
Marly-la-Ville;49.08;2.5;12/08/2026;05:00;19.6;0;SOLEIL;3;0;0
Marly-la-Ville;49.08;2.5;12/08/2026;06:00;19.6;0;SOLEIL;3;0;0
Marly-la-Ville;49.08;2.5;12/08/2026;07:00;19.6;0;SOLEIL;3;0;0
Marly-la-Ville;49.08;2.5;12/08/2026;08:00;19.1;0;SOLEIL;5;0;0
Marly-la-Ville;49.08;2.5;12/08/2026;09:00;20.6;0;SOLEIL;5;0;0
Marly-la-Ville;49.08;2.5;12/08/2026;10:00;22.2;0;SOLEIL;5;0;0
Marly-la-Ville;49.08;2.5;12/08/2026;11:00;31.1;0;SOLEIL;2;0;0
Marly-la-Ville;49.08;2.5;12/08/2026;12:00;31.1;0;SOLEIL;2;0;0
Marly-la-Ville;49.08;2.5;12/08/2026;13:00;31.1;0;SOLEIL;2;0;0
Marly-la-Ville;49.08;2.5;12/08/2026;14:00;28.4;0;SOLEIL;5;0;0
Marly-la-Ville;49.08;2.5;12/08/2026;15:00;29.9;0;SOLEIL;5;0;0
Marly-la-Ville;49.08;2.5;12/08/2026;16:00;28.4;0;SOLEIL;5;0;0
Marly-la-Ville;49.08;2.5;12/08/2026;17:00;30.7;0;SOLEIL;2;0;0
Marly-la-Ville;49.08;2.5;12/08/2026;18:00;30.7;0;SOLEIL;2;0;0
Marly-la-Ville;49.08;2.5;12/08/2026;19:00;30.7;0;SOLEIL;2;0;0
Marly-la-Ville;49.08;2.5;12/08/2026;20:00;22.2;0;SOLEIL;5;0;0
Marly-la-Ville;49.08;2.5;12/08/2026;21:00;20.6;0;SOLEIL;5;0;0
Marly-la-Ville;49.08;2.5;12/08/2026;22:00;19.1;0;SOLEIL;5;0;0
Marly-la-Ville;49.08;2.5;12/08/2026;23:00;22.5;0;SOLEIL;3;0;0
Pontoise;49.05;2.1;08/08/2026;00:00;16.1;0;SOLEIL;3;0;0
Pontoise;49.05;2.1;08/08/2026;01:00;16.1;0;SOLEIL;3;0;0
Pontoise;49.05;2.1;08/08/2026;02:00;13.4;0;SOLEIL;2;0;0
Pontoise;49.05;2.1;08/08/2026;03:00;13.4;0;SOLEIL;2;0;0
Pontoise;49.05;2.1;08/08/2026;04:00;13.4;0;SOLEIL;2;0;0
Pontoise;49.05;2.1;08/08/2026;05:00;15.1;0;SOLEIL;2;0;0
Pontoise;49.05;2.1;08/08/2026;06:00;15.1;0;SOLEIL;2;0;0
Pontoise;49.05;2.1;08/08/2026;07:00;15.1;0;SOLEIL;2;0;0
Pontoise;49.05;2.1;08/08/2026;08:00;23;5;SOLEIL VOILÉ;2;0;0
Pontoise;49.05;2.1;08/08/2026;09:00;23;5;SOLEIL VOILÉ;2;0;0
Pontoise;49.05;2.1;08/08/2026;10:00;23;5;SOLEIL VOILÉ;2;0;0
Pontoise;49.05;2.1;08/08/2026;11:00;28.1;0;SOLEIL;2;0;0
Pontoise;49.05;2.1;08/08/2026;12:00;28.1;0;SOLEIL;2;0;0
Pontoise;49.05;2.1;08/08/2026;13:00;28.1;0;SOLEIL;2;0;0
Pontoise;49.05;2.1;08/08/2026;14:00;30.2;5;SOLEIL VOILÉ;2;0;0
Pontoise;49.05;2.1;08/08/2026;15:00;30.2;5;SOLEIL VOILÉ;2;0;0
Pontoise;49.05;2.1;08/08/2026;16:00;30.2;5;SOLEIL VOILÉ;2;0;0
Pontoise;49.05;2.1;08/08/2026;17:00;28.9;0;SOLEIL;0;0;0
Pontoise;49.05;2.1;08/08/2026;18:00;28.9;0;SOLEIL;0;0;0
Pontoise;49.05;2.1;08/08/2026;19:00;28.9;0;SOLEIL;0;0;0
Pontoise;49.05;2.1;08/08/2026;20:00;21.7;0;SOLEIL;2;0;0
Pontoise;49.05;2.1;08/08/2026;21:00;21.7;0;SOLEIL;2;0;0
Pontoise;49.05;2.1;08/08/2026;22:00;21.7;0;SOLEIL;2;0;0
Pontoise;49.05;2.1;08/08/2026;23:00;18.2;0;SOLEIL;1;0;0
Pontoise;49.05;2.1;09/08/2026;00:00;18.2;0;SOLEIL;1;0;0
Pontoise;49.05;2.1;09/08/2026;01:00;18.2;0;SOLEIL;1;0;0
Pontoise;49.05;2.1;09/08/2026;02:00;16.1;5;SOLEIL VOILÉ;0;0;0
Pontoise;49.05;2.1;09/08/2026;03:00;16.1;5;SOLEIL VOILÉ;0;0;0
Pontoise;49.05;2.1;09/08/2026;04:00;16.1;5;SOLEIL VOILÉ;0;0;0
Pontoise;49.05;2.1;09/08/2026;05:00;17.1;5;SOLEIL VOILÉ;0;0;0
Pontoise;49.05;2.1;09/08/2026;06:00;17.1;5;SOLEIL VOILÉ;0;0;0
Pontoise;49.05;2.1;09/08/2026;07:00;17.1;5;SOLEIL VOILÉ;0;0;0
Pontoise;49.05;2.1;09/08/2026;08:00;25.9;0;SOLEIL;1;0;0
Pontoise;49.05;2.1;09/08/2026;09:00;25.9;0;SOLEIL;1;0;0
Pontoise;49.05;2.1;09/08/2026;10:00;25.9;0;SOLEIL;1;0;0
Pontoise;49.05;2.1;09/08/2026;11:00;31.4;0;SOLEIL;3;0;0
Pontoise;49.05;2.1;09/08/2026;12:00;31.4;0;SOLEIL;3;0;0
Pontoise;49.05;2.1;09/08/2026;13:00;31.4;0;SOLEIL;3;0;0
Pontoise;49.05;2.1;09/08/2026;14:00;31.6;0;SOLEIL;3;0;0
Pontoise;49.05;2.1;09/08/2026;15:00;31.6;0;SOLEIL;3;0;0
Pontoise;49.05;2.1;09/08/2026;16:00;31.6;0;SOLEIL;3;0;0
Pontoise;49.05;2.1;09/08/2026;17:00;29.6;0;SOLEIL;3;0;0
Pontoise;49.05;2.1;09/08/2026;18:00;29.6;0;SOLEIL;3;0;0
Pontoise;49.05;2.1;09/08/2026;19:00;29.6;0;SOLEIL;3;0;0
Pontoise;49.05;2.1;09/08/2026;20:00;20.7;0;SOLEIL;5;0;0
Pontoise;49.05;2.1;09/08/2026;21:00;18.8;0;SOLEIL;5;0;0
Pontoise;49.05;2.1;09/08/2026;22:00;16.9;0;SOLEIL;5;0;0
Pontoise;49.05;2.1;09/08/2026;23:00;20;0;SOLEIL;2;0;0
Pontoise;49.05;2.1;10/08/2026;00:00;20;0;SOLEIL;2;0;0
Pontoise;49.05;2.1;10/08/2026;01:00;20;0;SOLEIL;2;0;0
Pontoise;49.05;2.1;10/08/2026;02:00;15.2;0;SOLEIL;5;0;0
Pontoise;49.05;2.1;10/08/2026;03:00;15.2;0;SOLEIL;5;0;0
Pontoise;49.05;2.1;10/08/2026;04:00;15.2;0;SOLEIL;5;0;0
Pontoise;49.05;2.1;10/08/2026;05:00;19.1;0;SOLEIL;2;0;0
Pontoise;49.05;2.1;10/08/2026;06:00;19.1;0;SOLEIL;2;0;0
Pontoise;49.05;2.1;10/08/2026;07:00;19.1;0;SOLEIL;2;0;0
Pontoise;49.05;2.1;10/08/2026;08:00;19.1;0;SOLEIL;5;0;0
Pontoise;49.05;2.1;10/08/2026;09:00;21.0;0;SOLEIL;5;0;0
Pontoise;49.05;2.1;10/08/2026;10:00;23.0;0;SOLEIL;5;0;0
Pontoise;49.05;2.1;10/08/2026;11:00;29.1;0;SOLEIL;3;0;0
Pontoise;49.05;2.1;10/08/2026;12:00;29.1;0;SOLEIL;3;0;0
Pontoise;49.05;2.1;10/08/2026;13:00;29.1;0;SOLEIL;3;0;0
Pontoise;49.05;2.1;10/08/2026;14:00;30.8;0;SOLEIL;5;0;0
Pontoise;49.05;2.1;10/08/2026;15:00;32.7;0;SOLEIL;5;0;0
Pontoise;49.05;2.1;10/08/2026;16:00;30.8;0;SOLEIL;5;0;0
Pontoise;49.05;2.1;10/08/2026;17:00;28.4;0;SOLEIL;4;0;0
Pontoise;49.05;2.1;10/08/2026;18:00;28.4;0;SOLEIL;4;0;0
Pontoise;49.05;2.1;10/08/2026;19:00;28.4;0;SOLEIL;4;0;0
Pontoise;49.05;2.1;10/08/2026;20:00;23.0;0;SOLEIL;5;0;0
Pontoise;49.05;2.1;10/08/2026;21:00;21.0;0;SOLEIL;5;0;0
Pontoise;49.05;2.1;10/08/2026;22:00;19.1;0;SOLEIL;5;0;0
Pontoise;49.05;2.1;10/08/2026;23:00;19.2;0;SOLEIL;3;0;0
Pontoise;49.05;2.1;11/08/2026;00:00;19.2;0;SOLEIL;3;0;0
Pontoise;49.05;2.1;11/08/2026;01:00;19.2;0;SOLEIL;3;0;0
Pontoise;49.05;2.1;11/08/2026;02:00;17.6;0;SOLEIL;5;0;0
Pontoise;49.05;2.1;11/08/2026;03:00;17.6;0;SOLEIL;5;0;0
Pontoise;49.05;2.1;11/08/2026;04:00;17.6;0;SOLEIL;5;0;0
Pontoise;49.05;2.1;11/08/2026;05:00;17.5;0;SOLEIL;3;0;0
Pontoise;49.05;2.1;11/08/2026;06:00;17.5;0;SOLEIL;3;0;0
Pontoise;49.05;2.1;11/08/2026;07:00;17.5;0;SOLEIL;3;0;0
Pontoise;49.05;2.1;11/08/2026;08:00;20.8;0;SOLEIL;5;0;0
Pontoise;49.05;2.1;11/08/2026;09:00;22.4;0;SOLEIL;5;0;0
Pontoise;49.05;2.1;11/08/2026;10:00;24.0;0;SOLEIL;5;0;0
Pontoise;49.05;2.1;11/08/2026;11:00;29.5;0;SOLEIL;3;0;0
Pontoise;49.05;2.1;11/08/2026;12:00;29.5;0;SOLEIL;3;0;0
Pontoise;49.05;2.1;11/08/2026;13:00;29.5;0;SOLEIL;3;0;0
Pontoise;49.05;2.1;11/08/2026;14:00;30.3;0;SOLEIL;5;0;0
Pontoise;49.05;2.1;11/08/2026;15:00;31.9;0;SOLEIL;5;0;0
Pontoise;49.05;2.1;11/08/2026;16:00;30.3;0;SOLEIL;5;0;0
Pontoise;49.05;2.1;11/08/2026;17:00;29.4;0;SOLEIL;4;0;0
Pontoise;49.05;2.1;11/08/2026;18:00;29.4;0;SOLEIL;4;0;0
Pontoise;49.05;2.1;11/08/2026;19:00;29.4;0;SOLEIL;4;0;0
Pontoise;49.05;2.1;11/08/2026;20:00;24.0;0;SOLEIL;5;0;0
Pontoise;49.05;2.1;11/08/2026;21:00;22.4;0;SOLEIL;5;0;0
Pontoise;49.05;2.1;11/08/2026;22:00;20.8;0;SOLEIL;5;0;0
Pontoise;49.05;2.1;11/08/2026;23:00;20.1;0;SOLEIL;4;0;0
Pontoise;49.05;2.1;12/08/2026;00:00;20.1;0;SOLEIL;4;0;0
Pontoise;49.05;2.1;12/08/2026;01:00;20.1;0;SOLEIL;4;0;0
Pontoise;49.05;2.1;12/08/2026;02:00;16.1;0;SOLEIL;5;0;0
Pontoise;49.05;2.1;12/08/2026;03:00;16.1;0;SOLEIL;5;0;0
Pontoise;49.05;2.1;12/08/2026;04:00;16.1;0;SOLEIL;5;0;0
Pontoise;49.05;2.1;12/08/2026;05:00;19.2;0;SOLEIL;3;0;0
Pontoise;49.05;2.1;12/08/2026;06:00;19.2;0;SOLEIL;3;0;0
Pontoise;49.05;2.1;12/08/2026;07:00;19.2;0;SOLEIL;3;0;0
Pontoise;49.05;2.1;12/08/2026;08:00;19.7;0;SOLEIL;5;0;0
Pontoise;49.05;2.1;12/08/2026;09:00;21.6;0;SOLEIL;5;0;0
Pontoise;49.05;2.1;12/08/2026;10:00;23.4;0;SOLEIL;5;0;0
Pontoise;49.05;2.1;12/08/2026;11:00;32.4;0;SOLEIL;3;0;0
Pontoise;49.05;2.1;12/08/2026;12:00;32.4;0;SOLEIL;3;0;0
Pontoise;49.05;2.1;12/08/2026;13:00;32.4;0;SOLEIL;3;0;0
Pontoise;49.05;2.1;12/08/2026;14:00;30.7;0;SOLEIL;5;0;0
Pontoise;49.05;2.1;12/08/2026;15:00;32.5;0;SOLEIL;5;0;0
Pontoise;49.05;2.1;12/08/2026;16:00;30.7;0;SOLEIL;5;0;0
Pontoise;49.05;2.1;12/08/2026;17:00;32.6;0;SOLEIL;3;0;0
Pontoise;49.05;2.1;12/08/2026;18:00;32.6;0;SOLEIL;3;0;0
Pontoise;49.05;2.1;12/08/2026;19:00;32.6;0;SOLEIL;3;0;0
Pontoise;49.05;2.1;12/08/2026;20:00;23.4;0;SOLEIL;5;0;0
Pontoise;49.05;2.1;12/08/2026;21:00;21.6;0;SOLEIL;5;0;0
Pontoise;49.05;2.1;12/08/2026;22:00;19.7;0;SOLEIL;5;0;0
Pontoise;49.05;2.1;12/08/2026;23:00;22.9;0;SOLEIL;2;0;0
