Ville;Latitude;Longitude;Date;Heure;temperature_2m;weathercode;Temps_Label;windspeed_10m;wind_gusts_10m;precipitation
BREST;48.39;-4.48;08/08/2026;00:00;20;0;SOLEIL;3;0;0
BREST;48.39;-4.48;08/08/2026;01:00;20;0;SOLEIL;3;0;0
BREST;48.39;-4.48;08/08/2026;02:00;18.5;0;SOLEIL;2;0;0
BREST;48.39;-4.48;08/08/2026;03:00;18.5;0;SOLEIL;2;0;0
BREST;48.39;-4.48;08/08/2026;04:00;18.5;0;SOLEIL;2;0;0
BREST;48.39;-4.48;08/08/2026;05:00;17.6;0;SOLEIL;2;0;0
BREST;48.39;-4.48;08/08/2026;06:00;17.6;0;SOLEIL;2;0;0
BREST;48.39;-4.48;08/08/2026;07:00;17.6;0;SOLEIL;2;0;0
BREST;48.39;-4.48;08/08/2026;08:00;23.7;5;SOLEIL VOILÉ;2;0;0
BREST;48.39;-4.48;08/08/2026;09:00;23.7;5;SOLEIL VOILÉ;2;0;0
BREST;48.39;-4.48;08/08/2026;10:00;23.7;5;SOLEIL VOILÉ;2;0;0
BREST;48.39;-4.48;08/08/2026;11:00;27.6;0;SOLEIL;2;0;0
BREST;48.39;-4.48;08/08/2026;12:00;27.6;0;SOLEIL;2;0;0
BREST;48.39;-4.48;08/08/2026;13:00;27.6;0;SOLEIL;2;0;0
BREST;48.39;-4.48;08/08/2026;14:00;29.6;5;SOLEIL VOILÉ;1;0;0
BREST;48.39;-4.48;08/08/2026;15:00;29.6;5;SOLEIL VOILÉ;1;0;0
BREST;48.39;-4.48;08/08/2026;16:00;29.6;5;SOLEIL VOILÉ;1;0;0
BREST;48.39;-4.48;08/08/2026;17:00;29.4;0;SOLEIL;2;0;0
BREST;48.39;-4.48;08/08/2026;18:00;29.4;0;SOLEIL;2;0;0
BREST;48.39;-4.48;08/08/2026;19:00;29.4;0;SOLEIL;2;0;0
BREST;48.39;-4.48;08/08/2026;20:00;25.2;0;SOLEIL;3;0;0
BREST;48.39;-4.48;08/08/2026;21:00;25.2;0;SOLEIL;3;0;0
BREST;48.39;-4.48;08/08/2026;22:00;25.2;0;SOLEIL;3;0;0
BREST;48.39;-4.48;08/08/2026;23:00;23.2;0;SOLEIL;2;0;0
BREST;48.39;-4.48;09/08/2026;00:00;23.2;0;SOLEIL;2;0;0
BREST;48.39;-4.48;09/08/2026;01:00;23.2;0;SOLEIL;2;0;0
BREST;48.39;-4.48;09/08/2026;02:00;21.6;5;SOLEIL VOILÉ;1;0;0
BREST;48.39;-4.48;09/08/2026;03:00;21.6;5;SOLEIL VOILÉ;1;0;0
BREST;48.39;-4.48;09/08/2026;04:00;21.6;5;SOLEIL VOILÉ;1;0;0
BREST;48.39;-4.48;09/08/2026;05:00;21;5;SOLEIL VOILÉ;1;0;0
BREST;48.39;-4.48;09/08/2026;06:00;21;5;SOLEIL VOILÉ;1;0;0
BREST;48.39;-4.48;09/08/2026;07:00;21;5;SOLEIL VOILÉ;1;0;0
BREST;48.39;-4.48;09/08/2026;08:00;27.5;0;SOLEIL;2;0;0
BREST;48.39;-4.48;09/08/2026;09:00;27.5;0;SOLEIL;2;0;0
BREST;48.39;-4.48;09/08/2026;10:00;27.5;0;SOLEIL;2;0;0
BREST;48.39;-4.48;09/08/2026;11:00;31.5;5;SOLEIL VOILÉ;3;0;0
BREST;48.39;-4.48;09/08/2026;12:00;31.5;5;SOLEIL VOILÉ;3;0;0
BREST;48.39;-4.48;09/08/2026;13:00;31.5;5;SOLEIL VOILÉ;3;0;0
BREST;48.39;-4.48;09/08/2026;14:00;31.7;0;SOLEIL;2;0;0
BREST;48.39;-4.48;09/08/2026;15:00;31.7;0;SOLEIL;2;0;0
BREST;48.39;-4.48;09/08/2026;16:00;31.7;0;SOLEIL;2;0;0
BREST;48.39;-4.48;09/08/2026;17:00;29.9;0;SOLEIL;3;0;0
BREST;48.39;-4.48;09/08/2026;18:00;29.9;0;SOLEIL;3;0;0
BREST;48.39;-4.48;09/08/2026;19:00;29.9;0;SOLEIL;3;0;0
BREST;48.39;-4.48;09/08/2026;20:00;23.1;0;SOLEIL;5;0;0
BREST;48.39;-4.48;09/08/2026;21:00;21.6;0;SOLEIL;5;0;0
BREST;48.39;-4.48;09/08/2026;22:00;20.1;0;SOLEIL;5;0;0
BREST;48.39;-4.48;09/08/2026;23:00;24.1;0;SOLEIL;3;0;0
BREST;48.39;-4.48;10/08/2026;00:00;24.1;0;SOLEIL;3;0;0
BREST;48.39;-4.48;10/08/2026;01:00;24.1;0;SOLEIL;3;0;0
BREST;48.39;-4.48;10/08/2026;02:00;20.1;2;NUAGEUX;5;0;0
BREST;48.39;-4.48;10/08/2026;03:00;20.1;2;NUAGEUX;5;0;0
BREST;48.39;-4.48;10/08/2026;04:00;20.1;2;NUAGEUX;5;0;0
BREST;48.39;-4.48;10/08/2026;05:00;22;0;SOLEIL;2;0;0
BREST;48.39;-4.48;10/08/2026;06:00;22;0;SOLEIL;2;0;0
BREST;48.39;-4.48;10/08/2026;07:00;22;0;SOLEIL;2;0;0
BREST;48.39;-4.48;10/08/2026;08:00;22.9;2;NUAGEUX;5;0;0
BREST;48.39;-4.48;10/08/2026;09:00;24.3;2;NUAGEUX;5;0;0
BREST;48.39;-4.48;10/08/2026;10:00;25.7;2;NUAGEUX;5;0;0
BREST;48.39;-4.48;10/08/2026;11:00;28.1;0;SOLEIL;3;0;0
BREST;48.39;-4.48;10/08/2026;12:00;28.1;0;SOLEIL;3;0;0
BREST;48.39;-4.48;10/08/2026;13:00;28.1;0;SOLEIL;3;0;0
BREST;48.39;-4.48;10/08/2026;14:00;31.2;2;NUAGEUX;5;0;0
BREST;48.39;-4.48;10/08/2026;15:00;32.6;2;NUAGEUX;5;0;0
BREST;48.39;-4.48;10/08/2026;16:00;31.2;2;NUAGEUX;5;0;0
BREST;48.39;-4.48;10/08/2026;17:00;28.6;0;SOLEIL;4;0;0
BREST;48.39;-4.48;10/08/2026;18:00;28.6;0;SOLEIL;4;0;0
BREST;48.39;-4.48;10/08/2026;19:00;28.6;0;SOLEIL;4;0;0
BREST;48.39;-4.48;10/08/2026;20:00;25.7;2;NUAGEUX;5;0;0
BREST;48.39;-4.48;10/08/2026;21:00;24.3;2;NUAGEUX;5;0;0
BREST;48.39;-4.48;10/08/2026;22:00;22.9;2;NUAGEUX;5;0;0
BREST;48.39;-4.48;10/08/2026;23:00;22.2;0;SOLEIL;3;0;0
BREST;48.39;-4.48;11/08/2026;00:00;22.2;0;SOLEIL;3;0;0
BREST;48.39;-4.48;11/08/2026;01:00;22.2;0;SOLEIL;3;0;0
BREST;48.39;-4.48;11/08/2026;02:00;21.5;0;SOLEIL;5;0;0
BREST;48.39;-4.48;11/08/2026;03:00;21.5;0;SOLEIL;5;0;0
BREST;48.39;-4.48;11/08/2026;04:00;21.5;0;SOLEIL;5;0;0
BREST;48.39;-4.48;11/08/2026;05:00;20.1;0;SOLEIL;2;0;0
BREST;48.39;-4.48;11/08/2026;06:00;20.1;0;SOLEIL;2;0;0
BREST;48.39;-4.48;11/08/2026;07:00;20.1;0;SOLEIL;2;0;0
BREST;48.39;-4.48;11/08/2026;08:00;23.5;0;SOLEIL;5;0;0
BREST;48.39;-4.48;11/08/2026;09:00;24.5;0;SOLEIL;5;0;0
BREST;48.39;-4.48;11/08/2026;10:00;25.5;0;SOLEIL;5;0;0
BREST;48.39;-4.48;11/08/2026;11:00;27.7;0;SOLEIL;3;0;0
BREST;48.39;-4.48;11/08/2026;12:00;27.7;0;SOLEIL;3;0;0
BREST;48.39;-4.48;11/08/2026;13:00;27.7;0;SOLEIL;3;0;0
BREST;48.39;-4.48;11/08/2026;14:00;29.4;0;SOLEIL;5;0;0
BREST;48.39;-4.48;11/08/2026;15:00;30.4;0;SOLEIL;5;0;0
BREST;48.39;-4.48;11/08/2026;16:00;29.4;0;SOLEIL;5;0;0
BREST;48.39;-4.48;11/08/2026;17:00;29;0;SOLEIL;4;0;0
BREST;48.39;-4.48;11/08/2026;18:00;29;0;SOLEIL;4;0;0
BREST;48.39;-4.48;11/08/2026;19:00;29;0;SOLEIL;4;0;0
BREST;48.39;-4.48;11/08/2026;20:00;25.5;0;SOLEIL;5;0;0
BREST;48.39;-4.48;11/08/2026;21:00;24.5;0;SOLEIL;5;0;0
BREST;48.39;-4.48;11/08/2026;22:00;23.5;0;SOLEIL;5;0;0
BREST;48.39;-4.48;11/08/2026;23:00;23.1;0;SOLEIL;3;0;0
BREST;48.39;-4.48;12/08/2026;00:00;23.1;0;SOLEIL;3;0;0
BREST;48.39;-4.48;12/08/2026;01:00;23.1;0;SOLEIL;3;0;0
BREST;48.39;-4.48;12/08/2026;02:00;19.6;0;SOLEIL;5;0;0
BREST;48.39;-4.48;12/08/2026;03:00;19.6;0;SOLEIL;5;0;0
BREST;48.39;-4.48;12/08/2026;04:00;19.6;0;SOLEIL;5;0;0
BREST;48.39;-4.48;12/08/2026;05:00;21.6;0;SOLEIL;2;0;0
BREST;48.39;-4.48;12/08/2026;06:00;21.6;0;SOLEIL;2;0;0
BREST;48.39;-4.48;12/08/2026;07:00;21.6;0;SOLEIL;2;0;0
BREST;48.39;-4.48;12/08/2026;08:00;22.0;0;SOLEIL;5;0;0
BREST;48.39;-4.48;12/08/2026;09:00;23.3;0;SOLEIL;5;0;0
BREST;48.39;-4.48;12/08/2026;10:00;24.5;0;SOLEIL;5;0;0
BREST;48.39;-4.48;12/08/2026;11:00;30.4;0;SOLEIL;2;0;0
BREST;48.39;-4.48;12/08/2026;12:00;30.4;0;SOLEIL;2;0;0
BREST;48.39;-4.48;12/08/2026;13:00;30.4;0;SOLEIL;2;0;0
BREST;48.39;-4.48;12/08/2026;14:00;29.4;0;SOLEIL;5;0;0
BREST;48.39;-4.48;12/08/2026;15:00;30.6;0;SOLEIL;5;0;0
BREST;48.39;-4.48;12/08/2026;16:00;29.4;0;SOLEIL;5;0;0
BREST;48.39;-4.48;12/08/2026;17:00;31.5;0;SOLEIL;2;0;0
BREST;48.39;-4.48;12/08/2026;18:00;31.5;0;SOLEIL;2;0;0
BREST;48.39;-4.48;12/08/2026;19:00;31.5;0;SOLEIL;2;0;0
BREST;48.39;-4.48;12/08/2026;20:00;24.5;0;SOLEIL;5;0;0
BREST;48.39;-4.48;12/08/2026;21:00;23.3;0;SOLEIL;5;0;0
BREST;48.39;-4.48;12/08/2026;22:00;22.0;0;SOLEIL;5;0;0
BREST;48.39;-4.48;12/08/2026;23:00;26.4;0;SOLEIL;2;0;0
BREST;48.39;-4.48;13/08/2026;00:00;26.4;0;SOLEIL;2;0;0
BREST;48.39;-4.48;13/08/2026;01:00;26.4;0;SOLEIL;2;0;0
BREST;48.39;-4.48;13/08/2026;02:00;20.7;0;SOLEIL;5;0;0
BREST;48.39;-4.48;13/08/2026;03:00;20.7;0;SOLEIL;5;0;0
BREST;48.39;-4.48;13/08/2026;04:00;20.7;0;SOLEIL;5;0;0
BREST;48.39;-4.48;13/08/2026;05:00;23.9;0;SOLEIL;2;0;0
BREST;48.39;-4.48;13/08/2026;06:00;23.9;0;SOLEIL;2;0;0
BREST;48.39;-4.48;13/08/2026;07:00;23.9;0;SOLEIL;2;0;0
BREST;48.39;-4.48;13/08/2026;08:00;23.4;0;SOLEIL;5;0;0
BREST;48.39;-4.48;13/08/2026;09:00;24.7;0;SOLEIL;5;0;0
BREST;48.39;-4.48;13/08/2026;10:00;26.0;0;SOLEIL;5;0;0
BREST;48.39;-4.48;13/08/2026;11:00;32.2;0;SOLEIL;2;0;0
BREST;48.39;-4.48;13/08/2026;12:00;32.2;0;SOLEIL;2;0;0
BREST;48.39;-4.48;13/08/2026;13:00;32.2;0;SOLEIL;2;0;0
BREST;48.39;-4.48;13/08/2026;14:00;31.4;0;SOLEIL;5;0;0
BREST;48.39;-4.48;13/08/2026;15:00;32.7;0;SOLEIL;5;0;0
BREST;48.39;-4.48;13/08/2026;16:00;31.4;0;SOLEIL;5;0;0
BREST;48.39;-4.48;13/08/2026;17:00;33.2;0;SOLEIL;4;0;0
BREST;48.39;-4.48;13/08/2026;18:00;33.2;0;SOLEIL;4;0;0
BREST;48.39;-4.48;13/08/2026;19:00;33.2;0;SOLEIL;4;0;0
BREST;48.39;-4.48;13/08/2026;20:00;26.0;0;SOLEIL;5;0;0
BREST;48.39;-4.48;13/08/2026;21:00;24.7;0;SOLEIL;5;0;0
BREST;48.39;-4.48;13/08/2026;22:00;23.4;0;SOLEIL;5;0;0
BREST;48.39;-4.48;13/08/2026;23:00;26.1;0;SOLEIL;3;0;0
BREST;48.39;-4.48;14/08/2026;00:00;26.1;0;SOLEIL;3;0;0
BREST;48.39;-4.48;14/08/2026;01:00;26.1;0;SOLEIL;3;0;0
BREST;48.39;-4.48;14/08/2026;02:00;23.1;0;SOLEIL;5;0;0
BREST;48.39;-4.48;14/08/2026;03:00;23.1;0;SOLEIL;5;0;0
BREST;48.39;-4.48;14/08/2026;04:00;23.1;0;SOLEIL;5;0;0
BREST;48.39;-4.48;14/08/2026;05:00;22.5;0;SOLEIL;2;0;0
BREST;48.39;-4.48;14/08/2026;06:00;22.5;0;SOLEIL;2;0;0
BREST;48.39;-4.48;14/08/2026;07:00;22.5;0;SOLEIL;2;0;0
BREST;48.39;-4.48;14/08/2026;08:00;25.7;0;SOLEIL;5;0;0
BREST;48.39;-4.48;14/08/2026;09:00;27.0;0;SOLEIL;5;0;0
BREST;48.39;-4.48;14/08/2026;10:00;28.3;0;SOLEIL;5;0;0
BREST;48.39;-4.48;14/08/2026;11:00;28.5;0;SOLEIL;2;0;0
BREST;48.39;-4.48;14/08/2026;12:00;28.5;0;SOLEIL;2;0;0
BREST;48.39;-4.48;14/08/2026;13:00;28.5;0;SOLEIL;2;0;0
BREST;48.39;-4.48;14/08/2026;14:00;33.6;0;SOLEIL;5;0;0
BREST;48.39;-4.48;14/08/2026;15:00;34.9;0;SOLEIL;5;0;0
BREST;48.39;-4.48;14/08/2026;16:00;33.6;0;SOLEIL;5;0;0
BREST;48.39;-4.48;14/08/2026;17:00;29.2;0;SOLEIL;3;0;0
BREST;48.39;-4.48;14/08/2026;18:00;29.2;0;SOLEIL;3;0;0
BREST;48.39;-4.48;14/08/2026;19:00;29.2;0;SOLEIL;3;0;0
BREST;48.39;-4.48;14/08/2026;20:00;28.3;0;SOLEIL;5;0;0
BREST;48.39;-4.48;14/08/2026;21:00;27.0;0;SOLEIL;5;0;0
BREST;48.39;-4.48;14/08/2026;22:00;25.7;0;SOLEIL;5;0;0
BREST;48.39;-4.48;14/08/2026;23:00;23.2;0;SOLEIL;3;0;0
BREST;48.39;-4.48;15/08/2026;00:00;23.2;0;SOLEIL;3;0;0
BREST;48.39;-4.48;15/08/2026;01:00;23.2;0;SOLEIL;3;0;0
BREST;48.39;-4.48;15/08/2026;02:00;21.7;0;SOLEIL;5;0;0
BREST;48.39;-4.48;15/08/2026;03:00;21.7;0;SOLEIL;5;0;0
BREST;48.39;-4.48;15/08/2026;04:00;21.7;0;SOLEIL;5;0;0
BREST;48.39;-4.48;15/08/2026;05:00;20.9;0;SOLEIL;2;0;0
BREST;48.39;-4.48;15/08/2026;06:00;20.9;0;SOLEIL;2;0;0
BREST;48.39;-4.48;15/08/2026;07:00;20.9;0;SOLEIL;2;0;0
BREST;48.39;-4.48;15/08/2026;08:00;23.7;0;SOLEIL;5;0;0
BREST;48.39;-4.48;15/08/2026;09:00;24.7;0;SOLEIL;5;0;0
BREST;48.39;-4.48;15/08/2026;10:00;25.7;0;SOLEIL;5;0;0
BREST;48.39;-4.48;15/08/2026;11:00;26.4;0;SOLEIL;2;0;0
BREST;48.39;-4.48;15/08/2026;12:00;26.4;0;SOLEIL;2;0;0
BREST;48.39;-4.48;15/08/2026;13:00;26.4;0;SOLEIL;2;0;0
BREST;48.39;-4.48;15/08/2026;14:00;29.6;0;SOLEIL;5;0;0
BREST;48.39;-4.48;15/08/2026;15:00;30.6;0;SOLEIL;5;0;0
BREST;48.39;-4.48;15/08/2026;16:00;29.6;0;SOLEIL;5;0;0
BREST;48.39;-4.48;15/08/2026;17:00;26.4;0;SOLEIL;3;0;0
BREST;48.39;-4.48;15/08/2026;18:00;26.4;0;SOLEIL;3;0;0
BREST;48.39;-4.48;15/08/2026;19:00;26.4;0;SOLEIL;3;0;0
BREST;48.39;-4.48;15/08/2026;20:00;25.7;0;SOLEIL;5;0;0
BREST;48.39;-4.48;15/08/2026;21:00;24.7;0;SOLEIL;5;0;0
BREST;48.39;-4.48;15/08/2026;22:00;23.7;0;SOLEIL;5;0;0
BREST;48.39;-4.48;15/08/2026;23:00;22.6;0;SOLEIL;3;0;0
RENNES;48.11;-1.67;08/08/2026;00:00;14.6;5;SOLEIL VOILÉ;3;0;0
RENNES;48.11;-1.67;08/08/2026;01:00;14.6;5;SOLEIL VOILÉ;3;0;0
RENNES;48.11;-1.67;08/08/2026;02:00;13.6;5;SOLEIL VOILÉ;3;0;0
RENNES;48.11;-1.67;08/08/2026;03:00;13.6;5;SOLEIL VOILÉ;3;0;0
RENNES;48.11;-1.67;08/08/2026;04:00;13.6;5;SOLEIL VOILÉ;3;0;0
RENNES;48.11;-1.67;08/08/2026;05:00;15.1;5;SOLEIL VOILÉ;3;0;0
RENNES;48.11;-1.67;08/08/2026;06:00;15.1;5;SOLEIL VOILÉ;3;0;0
RENNES;48.11;-1.67;08/08/2026;07:00;15.1;5;SOLEIL VOILÉ;3;0;0
RENNES;48.11;-1.67;08/08/2026;08:00;21.5;5;SOLEIL VOILÉ;2;0;0
RENNES;48.11;-1.67;08/08/2026;09:00;21.5;5;SOLEIL VOILÉ;2;0;0
RENNES;48.11;-1.67;08/08/2026;10:00;21.5;5;SOLEIL VOILÉ;2;0;0
RENNES;48.11;-1.67;08/08/2026;11:00;27;5;SOLEIL VOILÉ;3;0;0
RENNES;48.11;-1.67;08/08/2026;12:00;27;5;SOLEIL VOILÉ;3;0;0
RENNES;48.11;-1.67;08/08/2026;13:00;27;5;SOLEIL VOILÉ;3;0;0
RENNES;48.11;-1.67;08/08/2026;14:00;26.6;0;SOLEIL;3;0;0
RENNES;48.11;-1.67;08/08/2026;15:00;26.6;0;SOLEIL;3;0;0
RENNES;48.11;-1.67;08/08/2026;16:00;26.6;0;SOLEIL;3;0;0
RENNES;48.11;-1.67;08/08/2026;17:00;22.7;0;SOLEIL;3;0;0
RENNES;48.11;-1.67;08/08/2026;18:00;22.7;0;SOLEIL;3;0;0
RENNES;48.11;-1.67;08/08/2026;19:00;22.7;0;SOLEIL;3;0;0
RENNES;48.11;-1.67;08/08/2026;20:00;18.5;0;SOLEIL;1;0;0
RENNES;48.11;-1.67;08/08/2026;21:00;18.5;0;SOLEIL;1;0;0
RENNES;48.11;-1.67;08/08/2026;22:00;18.5;0;SOLEIL;1;0;0
RENNES;48.11;-1.67;08/08/2026;23:00;16.1;0;SOLEIL;1;0;0
RENNES;48.11;-1.67;09/08/2026;00:00;16.1;0;SOLEIL;1;0;0
RENNES;48.11;-1.67;09/08/2026;01:00;16.1;0;SOLEIL;1;0;0
RENNES;48.11;-1.67;09/08/2026;02:00;15.2;0;SOLEIL;2;0;0
RENNES;48.11;-1.67;09/08/2026;03:00;15.2;0;SOLEIL;2;0;0
RENNES;48.11;-1.67;09/08/2026;04:00;15.2;0;SOLEIL;2;0;0
RENNES;48.11;-1.67;09/08/2026;05:00;16.1;0;SOLEIL;2;0;0
RENNES;48.11;-1.67;09/08/2026;06:00;16.1;0;SOLEIL;2;0;0
RENNES;48.11;-1.67;09/08/2026;07:00;16.1;0;SOLEIL;2;0;0
RENNES;48.11;-1.67;09/08/2026;08:00;21.5;0;SOLEIL;2;0;0
RENNES;48.11;-1.67;09/08/2026;09:00;21.5;0;SOLEIL;2;0;0
RENNES;48.11;-1.67;09/08/2026;10:00;21.5;0;SOLEIL;2;0;0
RENNES;48.11;-1.67;09/08/2026;11:00;23.6;0;SOLEIL;4;0;0
RENNES;48.11;-1.67;09/08/2026;12:00;23.6;0;SOLEIL;4;0;0
RENNES;48.11;-1.67;09/08/2026;13:00;23.6;0;SOLEIL;4;0;0
RENNES;48.11;-1.67;09/08/2026;14:00;24.2;0;SOLEIL;4;0;0
RENNES;48.11;-1.67;09/08/2026;15:00;24.2;0;SOLEIL;4;0;0
RENNES;48.11;-1.67;09/08/2026;16:00;24.2;0;SOLEIL;4;0;0
RENNES;48.11;-1.67;09/08/2026;17:00;21.1;0;SOLEIL;3;0;0
RENNES;48.11;-1.67;09/08/2026;18:00;21.1;0;SOLEIL;3;0;0
RENNES;48.11;-1.67;09/08/2026;19:00;21.1;0;SOLEIL;3;0;0
RENNES;48.11;-1.67;09/08/2026;20:00;19.6;5;SOLEIL VOILÉ;5;0;0
RENNES;48.11;-1.67;09/08/2026;21:00;18.0;5;SOLEIL VOILÉ;5;0;0
RENNES;48.11;-1.67;09/08/2026;22:00;16.3;5;SOLEIL VOILÉ;5;0;0
RENNES;48.11;-1.67;09/08/2026;23:00;16.9;0;SOLEIL;2;0;0
RENNES;48.11;-1.67;10/08/2026;00:00;16.9;0;SOLEIL;2;0;0
RENNES;48.11;-1.67;10/08/2026;01:00;16.9;0;SOLEIL;2;0;0
RENNES;48.11;-1.67;10/08/2026;02:00;14.9;0;SOLEIL;5;0;0
RENNES;48.11;-1.67;10/08/2026;03:00;14.9;0;SOLEIL;5;0;0
RENNES;48.11;-1.67;10/08/2026;04:00;14.9;0;SOLEIL;5;0;0
RENNES;48.11;-1.67;10/08/2026;05:00;17.1;0;SOLEIL;2;0;0
RENNES;48.11;-1.67;10/08/2026;06:00;17.1;0;SOLEIL;2;0;0
RENNES;48.11;-1.67;10/08/2026;07:00;17.1;0;SOLEIL;2;0;0
RENNES;48.11;-1.67;10/08/2026;08:00;17.1;0;SOLEIL;5;0;0
RENNES;48.11;-1.67;10/08/2026;09:00;18.1;0;SOLEIL;5;0;0
RENNES;48.11;-1.67;10/08/2026;10:00;19.2;0;SOLEIL;5;0;0
RENNES;48.11;-1.67;10/08/2026;11:00;24.6;0;SOLEIL;3;0;0
RENNES;48.11;-1.67;10/08/2026;12:00;24.6;0;SOLEIL;3;0;0
RENNES;48.11;-1.67;10/08/2026;13:00;24.6;0;SOLEIL;3;0;0
RENNES;48.11;-1.67;10/08/2026;14:00;23.5;0;SOLEIL;5;0;0
RENNES;48.11;-1.67;10/08/2026;15:00;24.6;0;SOLEIL;5;0;0
RENNES;48.11;-1.67;10/08/2026;16:00;23.5;0;SOLEIL;5;0;0
RENNES;48.11;-1.67;10/08/2026;17:00;22.5;0;SOLEIL;4;0;0
RENNES;48.11;-1.67;10/08/2026;18:00;22.5;0;SOLEIL;4;0;0
RENNES;48.11;-1.67;10/08/2026;19:00;22.5;0;SOLEIL;4;0;0
RENNES;48.11;-1.67;10/08/2026;20:00;19.2;0;SOLEIL;5;0;0
RENNES;48.11;-1.67;10/08/2026;21:00;18.1;0;SOLEIL;5;0;0
RENNES;48.11;-1.67;10/08/2026;22:00;17.1;0;SOLEIL;5;0;0
RENNES;48.11;-1.67;10/08/2026;23:00;17.1;0;SOLEIL;3;0;0
RENNES;48.11;-1.67;11/08/2026;00:00;17.1;0;SOLEIL;3;0;0
RENNES;48.11;-1.67;11/08/2026;01:00;17.1;0;SOLEIL;3;0;0
RENNES;48.11;-1.67;11/08/2026;02:00;15.7;0;SOLEIL;5;0;0
RENNES;48.11;-1.67;11/08/2026;03:00;15.7;0;SOLEIL;5;0;0
RENNES;48.11;-1.67;11/08/2026;04:00;15.7;0;SOLEIL;5;0;0
RENNES;48.11;-1.67;11/08/2026;05:00;17.2;0;SOLEIL;3;0;0
RENNES;48.11;-1.67;11/08/2026;06:00;17.2;0;SOLEIL;3;0;0
RENNES;48.11;-1.67;11/08/2026;07:00;17.2;0;SOLEIL;3;0;0
RENNES;48.11;-1.67;11/08/2026;08:00;18.0;0;SOLEIL;5;0;0
RENNES;48.11;-1.67;11/08/2026;09:00;19.2;0;SOLEIL;5;0;0
RENNES;48.11;-1.67;11/08/2026;10:00;20.3;0;SOLEIL;5;0;0
RENNES;48.11;-1.67;11/08/2026;11:00;30.2;0;SOLEIL;2;0;0
RENNES;48.11;-1.67;11/08/2026;12:00;30.2;0;SOLEIL;2;0;0
RENNES;48.11;-1.67;11/08/2026;13:00;30.2;0;SOLEIL;2;0;0
RENNES;48.11;-1.67;11/08/2026;14:00;24.9;0;SOLEIL;5;0;0
RENNES;48.11;-1.67;11/08/2026;15:00;26.1;0;SOLEIL;5;0;0
RENNES;48.11;-1.67;11/08/2026;16:00;24.9;0;SOLEIL;5;0;0
RENNES;48.11;-1.67;11/08/2026;17:00;28.2;0;SOLEIL;3;0;0
RENNES;48.11;-1.67;11/08/2026;18:00;28.2;0;SOLEIL;3;0;0
RENNES;48.11;-1.67;11/08/2026;19:00;28.2;0;SOLEIL;3;0;0
RENNES;48.11;-1.67;11/08/2026;20:00;20.3;0;SOLEIL;5;0;0
RENNES;48.11;-1.67;11/08/2026;21:00;19.2;0;SOLEIL;5;0;0
RENNES;48.11;-1.67;11/08/2026;22:00;18.0;0;SOLEIL;5;0;0
RENNES;48.11;-1.67;11/08/2026;23:00;19.9;0;SOLEIL;3;0;0
RENNES;48.11;-1.67;12/08/2026;00:00;19.9;0;SOLEIL;3;0;0
RENNES;48.11;-1.67;12/08/2026;01:00;19.9;0;SOLEIL;3;0;0
RENNES;48.11;-1.67;12/08/2026;02:00;15.9;0;SOLEIL;5;0;0
RENNES;48.11;-1.67;12/08/2026;03:00;15.9;0;SOLEIL;5;0;0
RENNES;48.11;-1.67;12/08/2026;04:00;15.9;0;SOLEIL;5;0;0
RENNES;48.11;-1.67;12/08/2026;05:00;20.1;0;SOLEIL;3;0;0
RENNES;48.11;-1.67;12/08/2026;06:00;20.1;0;SOLEIL;3;0;0
RENNES;48.11;-1.67;12/08/2026;07:00;20.1;0;SOLEIL;3;0;0
RENNES;48.11;-1.67;12/08/2026;08:00;19.4;0;SOLEIL;5;0;0
RENNES;48.11;-1.67;12/08/2026;09:00;21.1;0;SOLEIL;5;0;0
RENNES;48.11;-1.67;12/08/2026;10:00;22.8;0;SOLEIL;5;0;0
RENNES;48.11;-1.67;12/08/2026;11:00;29.6;0;SOLEIL;3;0;0
RENNES;48.11;-1.67;12/08/2026;12:00;29.6;0;SOLEIL;3;0;0
RENNES;48.11;-1.67;12/08/2026;13:00;29.6;0;SOLEIL;3;0;0
RENNES;48.11;-1.67;12/08/2026;14:00;29.8;0;SOLEIL;5;0;0
RENNES;48.11;-1.67;12/08/2026;15:00;31.5;0;SOLEIL;5;0;0
RENNES;48.11;-1.67;12/08/2026;16:00;29.8;0;SOLEIL;5;0;0
RENNES;48.11;-1.67;12/08/2026;17:00;25;0;SOLEIL;3;0;0
RENNES;48.11;-1.67;12/08/2026;18:00;25;0;SOLEIL;3;0;0
RENNES;48.11;-1.67;12/08/2026;19:00;25;0;SOLEIL;3;0;0
RENNES;48.11;-1.67;12/08/2026;20:00;22.8;0;SOLEIL;5;0;0
RENNES;48.11;-1.67;12/08/2026;21:00;21.1;0;SOLEIL;5;0;0
RENNES;48.11;-1.67;12/08/2026;22:00;19.4;0;SOLEIL;5;0;0
RENNES;48.11;-1.67;12/08/2026;23:00;19.1;0;SOLEIL;3;0;0
RENNES;48.11;-1.67;13/08/2026;00:00;19.1;0;SOLEIL;3;0;0
RENNES;48.11;-1.67;13/08/2026;01:00;19.1;0;SOLEIL;3;0;0
RENNES;48.11;-1.67;13/08/2026;02:00;18.6;0;SOLEIL;5;0;0
RENNES;48.11;-1.67;13/08/2026;03:00;18.6;0;SOLEIL;5;0;0
RENNES;48.11;-1.67;13/08/2026;04:00;18.6;0;SOLEIL;5;0;0
RENNES;48.11;-1.67;13/08/2026;05:00;19.6;0;SOLEIL;3;0;0
RENNES;48.11;-1.67;13/08/2026;06:00;19.6;0;SOLEIL;3;0;0
RENNES;48.11;-1.67;13/08/2026;07:00;19.6;0;SOLEIL;3;0;0
RENNES;48.11;-1.67;13/08/2026;08:00;21.2;0;SOLEIL;5;0;0
RENNES;48.11;-1.67;13/08/2026;09:00;22.4;0;SOLEIL;5;0;0
RENNES;48.11;-1.67;13/08/2026;10:00;23.7;0;SOLEIL;5;0;0
RENNES;48.11;-1.67;13/08/2026;11:00;27.2;6;AVERSES;3;0;0
RENNES;48.11;-1.67;13/08/2026;12:00;27.2;6;AVERSES;3;0;0
RENNES;48.11;-1.67;13/08/2026;13:00;27.2;6;AVERSES;3;0;0
RENNES;48.11;-1.67;13/08/2026;14:00;28.8;0;SOLEIL;5;0;0
RENNES;48.11;-1.67;13/08/2026;15:00;30.1;0;SOLEIL;5;0;0
RENNES;48.11;-1.67;13/08/2026;16:00;28.8;0;SOLEIL;5;0;0
RENNES;48.11;-1.67;13/08/2026;17:00;24.2;0;SOLEIL;4;0;0
RENNES;48.11;-1.67;13/08/2026;18:00;24.2;0;SOLEIL;4;0;0
RENNES;48.11;-1.67;13/08/2026;19:00;24.2;0;SOLEIL;4;0;0
RENNES;48.11;-1.67;13/08/2026;20:00;23.7;0;SOLEIL;5;0;0
RENNES;48.11;-1.67;13/08/2026;21:00;22.4;0;SOLEIL;5;0;0
RENNES;48.11;-1.67;13/08/2026;22:00;21.2;0;SOLEIL;5;0;0
RENNES;48.11;-1.67;13/08/2026;23:00;18.2;0;SOLEIL;2;0;0
RENNES;48.11;-1.67;14/08/2026;00:00;18.2;0;SOLEIL;2;0;0
RENNES;48.11;-1.67;14/08/2026;01:00;18.2;0;SOLEIL;2;0;0
RENNES;48.11;-1.67;14/08/2026;02:00;17.6;0;SOLEIL;5;0;0
RENNES;48.11;-1.67;14/08/2026;03:00;17.6;0;SOLEIL;5;0;0
RENNES;48.11;-1.67;14/08/2026;04:00;17.6;0;SOLEIL;5;0;0
RENNES;48.11;-1.67;14/08/2026;05:00;17.7;0;SOLEIL;2;0;0
RENNES;48.11;-1.67;14/08/2026;06:00;17.7;0;SOLEIL;2;0;0
RENNES;48.11;-1.67;14/08/2026;07:00;17.7;0;SOLEIL;2;0;0
RENNES;48.11;-1.67;14/08/2026;08:00;19.9;0;SOLEIL;5;0;0
RENNES;48.11;-1.67;14/08/2026;09:00;21.1;0;SOLEIL;5;0;0
RENNES;48.11;-1.67;14/08/2026;10:00;22.3;0;SOLEIL;5;0;0
RENNES;48.11;-1.67;14/08/2026;11:00;24;6;AVERSES;3;0;0
RENNES;48.11;-1.67;14/08/2026;12:00;24;6;AVERSES;3;0;0
RENNES;48.11;-1.67;14/08/2026;13:00;24;6;AVERSES;3;0;0
RENNES;48.11;-1.67;14/08/2026;14:00;26.9;0;SOLEIL;5;0;0
RENNES;48.11;-1.67;14/08/2026;15:00;28.1;0;SOLEIL;5;0;0
RENNES;48.11;-1.67;14/08/2026;16:00;26.9;0;SOLEIL;5;0;0
RENNES;48.11;-1.67;14/08/2026;17:00;22.2;6;AVERSES;4;0;0
RENNES;48.11;-1.67;14/08/2026;18:00;22.2;6;AVERSES;4;0;0
RENNES;48.11;-1.67;14/08/2026;19:00;22.2;6;AVERSES;4;0;0
RENNES;48.11;-1.67;14/08/2026;20:00;22.3;0;SOLEIL;5;0;0
RENNES;48.11;-1.67;14/08/2026;21:00;21.1;0;SOLEIL;5;0;0
RENNES;48.11;-1.67;14/08/2026;22:00;19.9;0;SOLEIL;5;0;0
RENNES;48.11;-1.67;14/08/2026;23:00;17.6;0;SOLEIL;2;0;0
RENNES;48.11;-1.67;15/08/2026;00:00;17.6;0;SOLEIL;2;0;0
RENNES;48.11;-1.67;15/08/2026;01:00;17.6;0;SOLEIL;2;0;0
RENNES;48.11;-1.67;15/08/2026;02:00;16.5;6;AVERSES;5;0;0
RENNES;48.11;-1.67;15/08/2026;03:00;16.5;6;AVERSES;5;0;0
RENNES;48.11;-1.67;15/08/2026;04:00;16.5;6;AVERSES;5;0;0
RENNES;48.11;-1.67;15/08/2026;05:00;17.5;0;SOLEIL;3;0;0
RENNES;48.11;-1.67;15/08/2026;06:00;17.5;0;SOLEIL;3;0;0
RENNES;48.11;-1.67;15/08/2026;07:00;17.5;0;SOLEIL;3;0;0
RENNES;48.11;-1.67;15/08/2026;08:00;18.4;6;AVERSES;5;0;0
RENNES;48.11;-1.67;15/08/2026;09:00;19.4;6;AVERSES;5;0;0
RENNES;48.11;-1.67;15/08/2026;10:00;20.3;6;AVERSES;5;0;0
RENNES;48.11;-1.67;15/08/2026;11:00;23.4;6;AVERSES;5;0;0
RENNES;48.11;-1.67;15/08/2026;12:00;23.4;6;AVERSES;5;0;0
RENNES;48.11;-1.67;15/08/2026;13:00;23.4;6;AVERSES;5;0;0
RENNES;48.11;-1.67;15/08/2026;14:00;24.1;6;AVERSES;5;0;0
RENNES;48.11;-1.67;15/08/2026;15:00;25.1;6;AVERSES;5;0;0
RENNES;48.11;-1.67;15/08/2026;16:00;24.1;6;AVERSES;5;0;0
RENNES;48.11;-1.67;15/08/2026;17:00;21.2;6;AVERSES;4;0;0
RENNES;48.11;-1.67;15/08/2026;18:00;21.2;6;AVERSES;4;0;0
RENNES;48.11;-1.67;15/08/2026;19:00;21.2;6;AVERSES;4;0;0
RENNES;48.11;-1.67;15/08/2026;20:00;20.3;6;AVERSES;5;0;0
RENNES;48.11;-1.67;15/08/2026;21:00;19.4;6;AVERSES;5;0;0
RENNES;48.11;-1.67;15/08/2026;22:00;18.4;6;AVERSES;5;0;0
RENNES;48.11;-1.67;15/08/2026;23:00;17.4;0;SOLEIL;3;0;0
CHERBOURG;49.63;-1.62;08/08/2026;00:00;16.1;0;SOLEIL;2;0;0
CHERBOURG;49.63;-1.62;08/08/2026;01:00;16.1;0;SOLEIL;2;0;0
CHERBOURG;49.63;-1.62;08/08/2026;02:00;14.6;5;SOLEIL VOILÉ;2;0;0
CHERBOURG;49.63;-1.62;08/08/2026;03:00;14.6;5;SOLEIL VOILÉ;2;0;0
CHERBOURG;49.63;-1.62;08/08/2026;04:00;14.6;5;SOLEIL VOILÉ;2;0;0
CHERBOURG;49.63;-1.62;08/08/2026;05:00;15.2;5;SOLEIL VOILÉ;3;0;0
CHERBOURG;49.63;-1.62;08/08/2026;06:00;15.2;5;SOLEIL VOILÉ;3;0;0
CHERBOURG;49.63;-1.62;08/08/2026;07:00;15.2;5;SOLEIL VOILÉ;3;0;0
CHERBOURG;49.63;-1.62;08/08/2026;08:00;23.6;5;SOLEIL VOILÉ;3;0;0
CHERBOURG;49.63;-1.62;08/08/2026;09:00;23.6;5;SOLEIL VOILÉ;3;0;0
CHERBOURG;49.63;-1.62;08/08/2026;10:00;23.6;5;SOLEIL VOILÉ;3;0;0
CHERBOURG;49.63;-1.62;08/08/2026;11:00;28.9;5;SOLEIL VOILÉ;3;0;0
CHERBOURG;49.63;-1.62;08/08/2026;12:00;28.9;5;SOLEIL VOILÉ;3;0;0
CHERBOURG;49.63;-1.62;08/08/2026;13:00;28.9;5;SOLEIL VOILÉ;3;0;0
CHERBOURG;49.63;-1.62;08/08/2026;14:00;31.1;0;SOLEIL;2;0;0
CHERBOURG;49.63;-1.62;08/08/2026;15:00;31.1;0;SOLEIL;2;0;0
CHERBOURG;49.63;-1.62;08/08/2026;16:00;31.1;0;SOLEIL;2;0;0
CHERBOURG;49.63;-1.62;08/08/2026;17:00;29.6;0;SOLEIL;1;0;0
CHERBOURG;49.63;-1.62;08/08/2026;18:00;29.6;0;SOLEIL;1;0;0
CHERBOURG;49.63;-1.62;08/08/2026;19:00;29.6;0;SOLEIL;1;0;0
CHERBOURG;49.63;-1.62;08/08/2026;20:00;25.5;0;SOLEIL;2;0;0
CHERBOURG;49.63;-1.62;08/08/2026;21:00;25.5;0;SOLEIL;2;0;0
CHERBOURG;49.63;-1.62;08/08/2026;22:00;25.5;0;SOLEIL;2;0;0
CHERBOURG;49.63;-1.62;08/08/2026;23:00;21.1;0;SOLEIL;2;0;0
CHERBOURG;49.63;-1.62;09/08/2026;00:00;21.1;0;SOLEIL;2;0;0
CHERBOURG;49.63;-1.62;09/08/2026;01:00;21.1;0;SOLEIL;2;0;0
CHERBOURG;49.63;-1.62;09/08/2026;02:00;18.6;0;SOLEIL;2;0;0
CHERBOURG;49.63;-1.62;09/08/2026;03:00;18.6;0;SOLEIL;2;0;0
CHERBOURG;49.63;-1.62;09/08/2026;04:00;18.6;0;SOLEIL;2;0;0
CHERBOURG;49.63;-1.62;09/08/2026;05:00;18.2;0;SOLEIL;1;0;0
CHERBOURG;49.63;-1.62;09/08/2026;06:00;18.2;0;SOLEIL;1;0;0
CHERBOURG;49.63;-1.62;09/08/2026;07:00;18.2;0;SOLEIL;1;0;0
CHERBOURG;49.63;-1.62;09/08/2026;08:00;25.5;0;SOLEIL;1;0;0
CHERBOURG;49.63;-1.62;09/08/2026;09:00;25.5;0;SOLEIL;1;0;0
CHERBOURG;49.63;-1.62;09/08/2026;10:00;25.5;0;SOLEIL;1;0;0
CHERBOURG;49.63;-1.62;09/08/2026;11:00;28.7;0;SOLEIL;2;0;0
CHERBOURG;49.63;-1.62;09/08/2026;12:00;28.7;0;SOLEIL;2;0;0
CHERBOURG;49.63;-1.62;09/08/2026;13:00;28.7;0;SOLEIL;2;0;0
CHERBOURG;49.63;-1.62;09/08/2026;14:00;31.2;0;SOLEIL;3;0;0
CHERBOURG;49.63;-1.62;09/08/2026;15:00;31.2;0;SOLEIL;3;0;0
CHERBOURG;49.63;-1.62;09/08/2026;16:00;31.2;0;SOLEIL;3;0;0
CHERBOURG;49.63;-1.62;09/08/2026;17:00;26.4;0;SOLEIL;3;0;0
CHERBOURG;49.63;-1.62;09/08/2026;18:00;26.4;0;SOLEIL;3;0;0
CHERBOURG;49.63;-1.62;09/08/2026;19:00;26.4;0;SOLEIL;3;0;0
CHERBOURG;49.63;-1.62;09/08/2026;20:00;21.6;5;SOLEIL VOILÉ;5;0;0
CHERBOURG;49.63;-1.62;09/08/2026;21:00;19.6;5;SOLEIL VOILÉ;5;0;0
CHERBOURG;49.63;-1.62;09/08/2026;22:00;17.6;5;SOLEIL VOILÉ;5;0;0
CHERBOURG;49.63;-1.62;09/08/2026;23:00;18.2;0;SOLEIL;3;0;0
CHERBOURG;49.63;-1.62;10/08/2026;00:00;18.2;0;SOLEIL;3;0;0
CHERBOURG;49.63;-1.62;10/08/2026;01:00;18.2;0;SOLEIL;3;0;0
CHERBOURG;49.63;-1.62;10/08/2026;02:00;17.4;0;SOLEIL;5;0;0
CHERBOURG;49.63;-1.62;10/08/2026;03:00;17.4;0;SOLEIL;5;0;0
CHERBOURG;49.63;-1.62;10/08/2026;04:00;17.4;0;SOLEIL;5;0;0
CHERBOURG;49.63;-1.62;10/08/2026;05:00;18.2;0;SOLEIL;3;0;0
CHERBOURG;49.63;-1.62;10/08/2026;06:00;18.2;0;SOLEIL;3;0;0
CHERBOURG;49.63;-1.62;10/08/2026;07:00;18.2;0;SOLEIL;3;0;0
CHERBOURG;49.63;-1.62;10/08/2026;08:00;20.5;0;SOLEIL;5;0;0
CHERBOURG;49.63;-1.62;10/08/2026;09:00;22.1;0;SOLEIL;5;0;0
CHERBOURG;49.63;-1.62;10/08/2026;10:00;23.7;0;SOLEIL;5;0;0
CHERBOURG;49.63;-1.62;10/08/2026;11:00;27.1;0;SOLEIL;3;0;0
CHERBOURG;49.63;-1.62;10/08/2026;12:00;27.1;0;SOLEIL;3;0;0
CHERBOURG;49.63;-1.62;10/08/2026;13:00;27.1;0;SOLEIL;3;0;0
CHERBOURG;49.63;-1.62;10/08/2026;14:00;29.9;0;SOLEIL;5;0;0
CHERBOURG;49.63;-1.62;10/08/2026;15:00;31.5;0;SOLEIL;5;0;0
CHERBOURG;49.63;-1.62;10/08/2026;16:00;29.9;0;SOLEIL;5;0;0
CHERBOURG;49.63;-1.62;10/08/2026;17:00;27.2;0;SOLEIL;4;0;0
CHERBOURG;49.63;-1.62;10/08/2026;18:00;27.2;0;SOLEIL;4;0;0
CHERBOURG;49.63;-1.62;10/08/2026;19:00;27.2;0;SOLEIL;4;0;0
CHERBOURG;49.63;-1.62;10/08/2026;20:00;23.7;0;SOLEIL;5;0;0
CHERBOURG;49.63;-1.62;10/08/2026;21:00;22.1;0;SOLEIL;5;0;0
CHERBOURG;49.63;-1.62;10/08/2026;22:00;20.5;0;SOLEIL;5;0;0
CHERBOURG;49.63;-1.62;10/08/2026;23:00;19.5;0;SOLEIL;3;0;0
CHERBOURG;49.63;-1.62;11/08/2026;00:00;19.5;0;SOLEIL;3;0;0
CHERBOURG;49.63;-1.62;11/08/2026;01:00;19.5;0;SOLEIL;3;0;0
CHERBOURG;49.63;-1.62;11/08/2026;02:00;17.4;0;SOLEIL;5;0;0
CHERBOURG;49.63;-1.62;11/08/2026;03:00;17.4;0;SOLEIL;5;0;0
CHERBOURG;49.63;-1.62;11/08/2026;04:00;17.4;0;SOLEIL;5;0;0
CHERBOURG;49.63;-1.62;11/08/2026;05:00;18.6;0;SOLEIL;3;0;0
CHERBOURG;49.63;-1.62;11/08/2026;06:00;18.6;0;SOLEIL;3;0;0
CHERBOURG;49.63;-1.62;11/08/2026;07:00;18.6;0;SOLEIL;3;0;0
CHERBOURG;49.63;-1.62;11/08/2026;08:00;20.2;0;SOLEIL;5;0;0
CHERBOURG;49.63;-1.62;11/08/2026;09:00;21.6;0;SOLEIL;5;0;0
CHERBOURG;49.63;-1.62;11/08/2026;10:00;23.0;0;SOLEIL;5;0;0
CHERBOURG;49.63;-1.62;11/08/2026;11:00;30.6;0;SOLEIL;3;0;0
CHERBOURG;49.63;-1.62;11/08/2026;12:00;30.6;0;SOLEIL;3;0;0
CHERBOURG;49.63;-1.62;11/08/2026;13:00;30.6;0;SOLEIL;3;0;0
CHERBOURG;49.63;-1.62;11/08/2026;14:00;28.7;0;SOLEIL;5;0;0
CHERBOURG;49.63;-1.62;11/08/2026;15:00;30.1;0;SOLEIL;5;0;0
CHERBOURG;49.63;-1.62;11/08/2026;16:00;28.7;0;SOLEIL;5;0;0
CHERBOURG;49.63;-1.62;11/08/2026;17:00;31.9;0;SOLEIL;3;0;0
CHERBOURG;49.63;-1.62;11/08/2026;18:00;31.9;0;SOLEIL;3;0;0
CHERBOURG;49.63;-1.62;11/08/2026;19:00;31.9;0;SOLEIL;3;0;0
CHERBOURG;49.63;-1.62;11/08/2026;20:00;23.0;0;SOLEIL;5;0;0
CHERBOURG;49.63;-1.62;11/08/2026;21:00;21.6;0;SOLEIL;5;0;0
CHERBOURG;49.63;-1.62;11/08/2026;22:00;20.2;0;SOLEIL;5;0;0
CHERBOURG;49.63;-1.62;11/08/2026;23:00;24.1;0;SOLEIL;4;0;0
CHERBOURG;49.63;-1.62;12/08/2026;00:00;24.1;0;SOLEIL;4;0;0
CHERBOURG;49.63;-1.62;12/08/2026;01:00;24.1;0;SOLEIL;4;0;0
CHERBOURG;49.63;-1.62;12/08/2026;02:00;17.2;0;SOLEIL;5;0;0
CHERBOURG;49.63;-1.62;12/08/2026;03:00;17.2;0;SOLEIL;5;0;0
CHERBOURG;49.63;-1.62;12/08/2026;04:00;17.2;0;SOLEIL;5;0;0
CHERBOURG;49.63;-1.62;12/08/2026;05:00;21.9;0;SOLEIL;3;0;0
CHERBOURG;49.63;-1.62;12/08/2026;06:00;21.9;0;SOLEIL;3;0;0
CHERBOURG;49.63;-1.62;12/08/2026;07:00;21.9;0;SOLEIL;3;0;0
CHERBOURG;49.63;-1.62;12/08/2026;08:00;20.8;0;SOLEIL;5;0;0
CHERBOURG;49.63;-1.62;12/08/2026;09:00;22.7;0;SOLEIL;5;0;0
CHERBOURG;49.63;-1.62;12/08/2026;10:00;24.5;0;SOLEIL;5;0;0
CHERBOURG;49.63;-1.62;12/08/2026;11:00;33.1;0;SOLEIL;4;0;0
CHERBOURG;49.63;-1.62;12/08/2026;12:00;33.1;0;SOLEIL;4;0;0
CHERBOURG;49.63;-1.62;12/08/2026;13:00;33.1;0;SOLEIL;4;0;0
CHERBOURG;49.63;-1.62;12/08/2026;14:00;31.8;0;SOLEIL;5;0;0
CHERBOURG;49.63;-1.62;12/08/2026;15:00;33.6;0;SOLEIL;5;0;0
CHERBOURG;49.63;-1.62;12/08/2026;16:00;31.8;0;SOLEIL;5;0;0
CHERBOURG;49.63;-1.62;12/08/2026;17:00;33.4;0;SOLEIL;2;0;0
CHERBOURG;49.63;-1.62;12/08/2026;18:00;33.4;0;SOLEIL;2;0;0
CHERBOURG;49.63;-1.62;12/08/2026;19:00;33.4;0;SOLEIL;2;0;0
CHERBOURG;49.63;-1.62;12/08/2026;20:00;24.5;0;SOLEIL;5;0;0
CHERBOURG;49.63;-1.62;12/08/2026;21:00;22.7;0;SOLEIL;5;0;0
CHERBOURG;49.63;-1.62;12/08/2026;22:00;20.8;0;SOLEIL;5;0;0
CHERBOURG;49.63;-1.62;12/08/2026;23:00;24;0;SOLEIL;3;0;0
CHERBOURG;49.63;-1.62;13/08/2026;00:00;24;0;SOLEIL;3;0;0
CHERBOURG;49.63;-1.62;13/08/2026;01:00;24;0;SOLEIL;3;0;0
CHERBOURG;49.63;-1.62;13/08/2026;02:00;20.9;0;SOLEIL;5;0;0
CHERBOURG;49.63;-1.62;13/08/2026;03:00;20.9;0;SOLEIL;5;0;0
CHERBOURG;49.63;-1.62;13/08/2026;04:00;20.9;0;SOLEIL;5;0;0
CHERBOURG;49.63;-1.62;13/08/2026;05:00;20.9;0;SOLEIL;3;0;0
CHERBOURG;49.63;-1.62;13/08/2026;06:00;20.9;0;SOLEIL;3;0;0
CHERBOURG;49.63;-1.62;13/08/2026;07:00;20.9;0;SOLEIL;3;0;0
CHERBOURG;49.63;-1.62;13/08/2026;08:00;24.2;0;SOLEIL;5;0;0
CHERBOURG;49.63;-1.62;13/08/2026;09:00;25.9;0;SOLEIL;5;0;0
CHERBOURG;49.63;-1.62;13/08/2026;10:00;27.6;0;SOLEIL;5;0;0
CHERBOURG;49.63;-1.62;13/08/2026;11:00;29.4;0;SOLEIL;3;0;0
CHERBOURG;49.63;-1.62;13/08/2026;12:00;29.4;0;SOLEIL;3;0;0
CHERBOURG;49.63;-1.62;13/08/2026;13:00;29.4;0;SOLEIL;3;0;0
CHERBOURG;49.63;-1.62;13/08/2026;14:00;34.2;0;SOLEIL;5;0;0
CHERBOURG;49.63;-1.62;13/08/2026;15:00;35.9;0;SOLEIL;5;0;0
CHERBOURG;49.63;-1.62;13/08/2026;16:00;34.2;0;SOLEIL;5;0;0
CHERBOURG;49.63;-1.62;13/08/2026;17:00;30.4;0;SOLEIL;4;0;0
CHERBOURG;49.63;-1.62;13/08/2026;18:00;30.4;0;SOLEIL;4;0;0
CHERBOURG;49.63;-1.62;13/08/2026;19:00;30.4;0;SOLEIL;4;0;0
CHERBOURG;49.63;-1.62;13/08/2026;20:00;27.6;0;SOLEIL;5;0;0
CHERBOURG;49.63;-1.62;13/08/2026;21:00;25.9;0;SOLEIL;5;0;0
CHERBOURG;49.63;-1.62;13/08/2026;22:00;24.2;0;SOLEIL;5;0;0
CHERBOURG;49.63;-1.62;13/08/2026;23:00;22;0;SOLEIL;3;0;0
CHERBOURG;49.63;-1.62;14/08/2026;00:00;22;0;SOLEIL;3;0;0
CHERBOURG;49.63;-1.62;14/08/2026;01:00;22;0;SOLEIL;3;0;0
CHERBOURG;49.63;-1.62;14/08/2026;02:00;20;0;SOLEIL;5;0;0
CHERBOURG;49.63;-1.62;14/08/2026;03:00;20;0;SOLEIL;5;0;0
CHERBOURG;49.63;-1.62;14/08/2026;04:00;20;0;SOLEIL;5;0;0
CHERBOURG;49.63;-1.62;14/08/2026;05:00;19.7;0;SOLEIL;3;0;0
CHERBOURG;49.63;-1.62;14/08/2026;06:00;19.7;0;SOLEIL;3;0;0
CHERBOURG;49.63;-1.62;14/08/2026;07:00;19.7;0;SOLEIL;3;0;0
CHERBOURG;49.63;-1.62;14/08/2026;08:00;22.7;0;SOLEIL;5;0;0
CHERBOURG;49.63;-1.62;14/08/2026;09:00;24.0;0;SOLEIL;5;0;0
CHERBOURG;49.63;-1.62;14/08/2026;10:00;25.4;0;SOLEIL;5;0;0
CHERBOURG;49.63;-1.62;14/08/2026;11:00;28.5;0;SOLEIL;3;0;0
CHERBOURG;49.63;-1.62;14/08/2026;12:00;28.5;0;SOLEIL;3;0;0
CHERBOURG;49.63;-1.62;14/08/2026;13:00;28.5;0;SOLEIL;3;0;0
CHERBOURG;49.63;-1.62;14/08/2026;14:00;30.8;0;SOLEIL;5;0;0
CHERBOURG;49.63;-1.62;14/08/2026;15:00;32.1;0;SOLEIL;5;0;0
CHERBOURG;49.63;-1.62;14/08/2026;16:00;30.8;0;SOLEIL;5;0;0
CHERBOURG;49.63;-1.62;14/08/2026;17:00;27;0;SOLEIL;5;0;0
CHERBOURG;49.63;-1.62;14/08/2026;18:00;27;0;SOLEIL;5;0;0
CHERBOURG;49.63;-1.62;14/08/2026;19:00;27;0;SOLEIL;5;0;0
CHERBOURG;49.63;-1.62;14/08/2026;20:00;25.4;0;SOLEIL;5;0;0
CHERBOURG;49.63;-1.62;14/08/2026;21:00;24.0;0;SOLEIL;5;0;0
CHERBOURG;49.63;-1.62;14/08/2026;22:00;22.7;0;SOLEIL;5;0;0
CHERBOURG;49.63;-1.62;14/08/2026;23:00;20;0;SOLEIL;3;0;0
CHERBOURG;49.63;-1.62;15/08/2026;00:00;20;0;SOLEIL;3;0;0
CHERBOURG;49.63;-1.62;15/08/2026;01:00;20;0;SOLEIL;3;0;0
CHERBOURG;49.63;-1.62;15/08/2026;02:00;18.6;0;SOLEIL;5;0;0
CHERBOURG;49.63;-1.62;15/08/2026;03:00;18.6;0;SOLEIL;5;0;0
CHERBOURG;49.63;-1.62;15/08/2026;04:00;18.6;0;SOLEIL;5;0;0
CHERBOURG;49.63;-1.62;15/08/2026;05:00;18.1;0;SOLEIL;2;0;0
CHERBOURG;49.63;-1.62;15/08/2026;06:00;18.1;0;SOLEIL;2;0;0
CHERBOURG;49.63;-1.62;15/08/2026;07:00;18.1;0;SOLEIL;2;0;0
CHERBOURG;49.63;-1.62;15/08/2026;08:00;21.2;0;SOLEIL;5;0;0
CHERBOURG;49.63;-1.62;15/08/2026;09:00;22.4;0;SOLEIL;5;0;0
CHERBOURG;49.63;-1.62;15/08/2026;10:00;23.7;0;SOLEIL;5;0;0
CHERBOURG;49.63;-1.62;15/08/2026;11:00;25.4;0;SOLEIL;2;0;0
CHERBOURG;49.63;-1.62;15/08/2026;12:00;25.4;0;SOLEIL;2;0;0
CHERBOURG;49.63;-1.62;15/08/2026;13:00;25.4;0;SOLEIL;2;0;0
CHERBOURG;49.63;-1.62;15/08/2026;14:00;28.8;0;SOLEIL;5;0;0
CHERBOURG;49.63;-1.62;15/08/2026;15:00;30.1;0;SOLEIL;5;0;0
CHERBOURG;49.63;-1.62;15/08/2026;16:00;28.8;0;SOLEIL;5;0;0
CHERBOURG;49.63;-1.62;15/08/2026;17:00;25.7;0;SOLEIL;4;0;0
CHERBOURG;49.63;-1.62;15/08/2026;18:00;25.7;0;SOLEIL;4;0;0
CHERBOURG;49.63;-1.62;15/08/2026;19:00;25.7;0;SOLEIL;4;0;0
CHERBOURG;49.63;-1.62;15/08/2026;20:00;23.7;0;SOLEIL;5;0;0
CHERBOURG;49.63;-1.62;15/08/2026;21:00;22.4;0;SOLEIL;5;0;0
CHERBOURG;49.63;-1.62;15/08/2026;22:00;21.2;0;SOLEIL;5;0;0
CHERBOURG;49.63;-1.62;15/08/2026;23:00;19.6;0;SOLEIL;2;0;0
ROUEN;49.44;1.1;08/08/2026;00:00;14.6;0;SOLEIL;2;0;0
ROUEN;49.44;1.1;08/08/2026;01:00;14.6;0;SOLEIL;2;0;0
ROUEN;49.44;1.1;08/08/2026;02:00;13.2;5;SOLEIL VOILÉ;3;0;0
ROUEN;49.44;1.1;08/08/2026;03:00;13.2;5;SOLEIL VOILÉ;3;0;0
ROUEN;49.44;1.1;08/08/2026;04:00;13.2;5;SOLEIL VOILÉ;3;0;0
ROUEN;49.44;1.1;08/08/2026;05:00;15.6;5;SOLEIL VOILÉ;3;0;0
ROUEN;49.44;1.1;08/08/2026;06:00;15.6;5;SOLEIL VOILÉ;3;0;0
ROUEN;49.44;1.1;08/08/2026;07:00;15.6;5;SOLEIL VOILÉ;3;0;0
ROUEN;49.44;1.1;08/08/2026;08:00;22;5;SOLEIL VOILÉ;4;0;0
ROUEN;49.44;1.1;08/08/2026;09:00;22;5;SOLEIL VOILÉ;4;0;0
ROUEN;49.44;1.1;08/08/2026;10:00;22;5;SOLEIL VOILÉ;4;0;0
ROUEN;49.44;1.1;08/08/2026;11:00;28.4;5;SOLEIL VOILÉ;3;0;0
ROUEN;49.44;1.1;08/08/2026;12:00;28.4;5;SOLEIL VOILÉ;3;0;0
ROUEN;49.44;1.1;08/08/2026;13:00;28.4;5;SOLEIL VOILÉ;3;0;0
ROUEN;49.44;1.1;08/08/2026;14:00;27.4;5;SOLEIL VOILÉ;5;0;0
ROUEN;49.44;1.1;08/08/2026;15:00;27.4;5;SOLEIL VOILÉ;5;0;0
ROUEN;49.44;1.1;08/08/2026;16:00;27.4;5;SOLEIL VOILÉ;5;0;0
ROUEN;49.44;1.1;08/08/2026;17:00;24.4;0;SOLEIL;4;0;0
ROUEN;49.44;1.1;08/08/2026;18:00;24.4;0;SOLEIL;4;0;0
ROUEN;49.44;1.1;08/08/2026;19:00;24.4;0;SOLEIL;4;0;0
ROUEN;49.44;1.1;08/08/2026;20:00;19.1;0;SOLEIL;4;0;0
ROUEN;49.44;1.1;08/08/2026;21:00;19.1;0;SOLEIL;4;0;0
ROUEN;49.44;1.1;08/08/2026;22:00;19.1;0;SOLEIL;4;0;0
ROUEN;49.44;1.1;08/08/2026;23:00;17.9;0;SOLEIL;4;0;0
ROUEN;49.44;1.1;09/08/2026;00:00;17.9;0;SOLEIL;4;0;0
ROUEN;49.44;1.1;09/08/2026;01:00;17.9;0;SOLEIL;4;0;0
ROUEN;49.44;1.1;09/08/2026;02:00;17.1;0;SOLEIL;3;0;0
ROUEN;49.44;1.1;09/08/2026;03:00;17.1;0;SOLEIL;3;0;0
ROUEN;49.44;1.1;09/08/2026;04:00;17.1;0;SOLEIL;3;0;0
ROUEN;49.44;1.1;09/08/2026;05:00;19;0;SOLEIL;1;0;0
ROUEN;49.44;1.1;09/08/2026;06:00;19;0;SOLEIL;1;0;0
ROUEN;49.44;1.1;09/08/2026;07:00;19;0;SOLEIL;1;0;0
ROUEN;49.44;1.1;09/08/2026;08:00;24;0;SOLEIL;3;0;0
ROUEN;49.44;1.1;09/08/2026;09:00;24;0;SOLEIL;3;0;0
ROUEN;49.44;1.1;09/08/2026;10:00;24;0;SOLEIL;3;0;0
ROUEN;49.44;1.1;09/08/2026;11:00;25.1;0;SOLEIL;6;0;0
ROUEN;49.44;1.1;09/08/2026;12:00;25.1;0;SOLEIL;6;0;0
ROUEN;49.44;1.1;09/08/2026;13:00;25.1;0;SOLEIL;6;0;0
ROUEN;49.44;1.1;09/08/2026;14:00;25.1;0;SOLEIL;6;0;0
ROUEN;49.44;1.1;09/08/2026;15:00;25.1;0;SOLEIL;6;0;0
ROUEN;49.44;1.1;09/08/2026;16:00;25.1;0;SOLEIL;6;0;0
ROUEN;49.44;1.1;09/08/2026;17:00;22.4;0;SOLEIL;3;0;0
ROUEN;49.44;1.1;09/08/2026;18:00;22.4;0;SOLEIL;3;0;0
ROUEN;49.44;1.1;09/08/2026;19:00;22.4;0;SOLEIL;3;0;0
ROUEN;49.44;1.1;09/08/2026;20:00;19.8;5;SOLEIL VOILÉ;5;0;0
ROUEN;49.44;1.1;09/08/2026;21:00;18.0;5;SOLEIL VOILÉ;5;0;0
ROUEN;49.44;1.1;09/08/2026;22:00;16.2;5;SOLEIL VOILÉ;5;0;0
ROUEN;49.44;1.1;09/08/2026;23:00;18.2;0;SOLEIL;5;0;0
ROUEN;49.44;1.1;10/08/2026;00:00;18.2;0;SOLEIL;5;0;0
ROUEN;49.44;1.1;10/08/2026;01:00;18.2;0;SOLEIL;5;0;0
ROUEN;49.44;1.1;10/08/2026;02:00;16.5;0;SOLEIL;5;0;0
ROUEN;49.44;1.1;10/08/2026;03:00;16.5;0;SOLEIL;5;0;0
ROUEN;49.44;1.1;10/08/2026;04:00;16.5;0;SOLEIL;5;0;0
ROUEN;49.44;1.1;10/08/2026;05:00;17.7;0;SOLEIL;5;0;0
ROUEN;49.44;1.1;10/08/2026;06:00;17.7;0;SOLEIL;5;0;0
ROUEN;49.44;1.1;10/08/2026;07:00;17.7;0;SOLEIL;5;0;0
ROUEN;49.44;1.1;10/08/2026;08:00;18.7;0;SOLEIL;5;0;0
ROUEN;49.44;1.1;10/08/2026;09:00;19.9;0;SOLEIL;5;0;0
ROUEN;49.44;1.1;10/08/2026;10:00;21.0;0;SOLEIL;5;0;0
ROUEN;49.44;1.1;10/08/2026;11:00;22.1;0;SOLEIL;5;0;0
ROUEN;49.44;1.1;10/08/2026;12:00;22.1;0;SOLEIL;5;0;0
ROUEN;49.44;1.1;10/08/2026;13:00;22.1;0;SOLEIL;5;0;0
ROUEN;49.44;1.1;10/08/2026;14:00;25.5;0;SOLEIL;5;0;0
ROUEN;49.44;1.1;10/08/2026;15:00;26.6;0;SOLEIL;5;0;0
ROUEN;49.44;1.1;10/08/2026;16:00;25.5;0;SOLEIL;5;0;0
ROUEN;49.44;1.1;10/08/2026;17:00;21.2;0;SOLEIL;5;0;0
ROUEN;49.44;1.1;10/08/2026;18:00;21.2;0;SOLEIL;5;0;0
ROUEN;49.44;1.1;10/08/2026;19:00;21.2;0;SOLEIL;5;0;0
ROUEN;49.44;1.1;10/08/2026;20:00;21.0;0;SOLEIL;5;0;0
ROUEN;49.44;1.1;10/08/2026;21:00;19.9;0;SOLEIL;5;0;0
ROUEN;49.44;1.1;10/08/2026;22:00;18.7;0;SOLEIL;5;0;0
ROUEN;49.44;1.1;10/08/2026;23:00;17.4;0;SOLEIL;3;0;0
ROUEN;49.44;1.1;11/08/2026;00:00;17.4;0;SOLEIL;3;0;0
ROUEN;49.44;1.1;11/08/2026;01:00;17.4;0;SOLEIL;3;0;0
ROUEN;49.44;1.1;11/08/2026;02:00;16.6;0;SOLEIL;5;0;0
ROUEN;49.44;1.1;11/08/2026;03:00;16.6;0;SOLEIL;5;0;0
ROUEN;49.44;1.1;11/08/2026;04:00;16.6;0;SOLEIL;5;0;0
ROUEN;49.44;1.1;11/08/2026;05:00;17.7;0;SOLEIL;5;0;0
ROUEN;49.44;1.1;11/08/2026;06:00;17.7;0;SOLEIL;5;0;0
ROUEN;49.44;1.1;11/08/2026;07:00;17.7;0;SOLEIL;5;0;0
ROUEN;49.44;1.1;11/08/2026;08:00;17.9;0;SOLEIL;5;0;0
ROUEN;49.44;1.1;11/08/2026;09:00;18.6;0;SOLEIL;5;0;0
ROUEN;49.44;1.1;11/08/2026;10:00;19.3;0;SOLEIL;5;0;0
ROUEN;49.44;1.1;11/08/2026;11:00;23.1;0;SOLEIL;6;0;0
ROUEN;49.44;1.1;11/08/2026;12:00;23.1;0;SOLEIL;6;0;0
ROUEN;49.44;1.1;11/08/2026;13:00;23.1;0;SOLEIL;6;0;0
ROUEN;49.44;1.1;11/08/2026;14:00;21.9;0;SOLEIL;5;0;0
ROUEN;49.44;1.1;11/08/2026;15:00;22.6;0;SOLEIL;5;0;0
ROUEN;49.44;1.1;11/08/2026;16:00;21.9;0;SOLEIL;5;0;0
ROUEN;49.44;1.1;11/08/2026;17:00;22.6;0;SOLEIL;7;0;0
ROUEN;49.44;1.1;11/08/2026;18:00;22.6;0;SOLEIL;7;0;0
ROUEN;49.44;1.1;11/08/2026;19:00;22.6;0;SOLEIL;7;0;0
ROUEN;49.44;1.1;11/08/2026;20:00;19.3;0;SOLEIL;5;0;0
ROUEN;49.44;1.1;11/08/2026;21:00;18.6;0;SOLEIL;5;0;0
ROUEN;49.44;1.1;11/08/2026;22:00;17.9;0;SOLEIL;5;0;0
ROUEN;49.44;1.1;11/08/2026;23:00;20.7;0;SOLEIL;7;0;0
ROUEN;49.44;1.1;12/08/2026;00:00;20.7;0;SOLEIL;7;0;0
ROUEN;49.44;1.1;12/08/2026;01:00;20.7;0;SOLEIL;7;0;0
ROUEN;49.44;1.1;12/08/2026;02:00;15.6;0;SOLEIL;5;0;0
ROUEN;49.44;1.1;12/08/2026;03:00;15.6;0;SOLEIL;5;0;0
ROUEN;49.44;1.1;12/08/2026;04:00;15.6;0;SOLEIL;5;0;0
ROUEN;49.44;1.1;12/08/2026;05:00;20.2;0;SOLEIL;7;0;0
ROUEN;49.44;1.1;12/08/2026;06:00;20.2;0;SOLEIL;7;0;0
ROUEN;49.44;1.1;12/08/2026;07:00;20.2;0;SOLEIL;7;0;0
ROUEN;49.44;1.1;12/08/2026;08:00;17.5;0;SOLEIL;5;0;0
ROUEN;49.44;1.1;12/08/2026;09:00;18.4;0;SOLEIL;5;0;0
ROUEN;49.44;1.1;12/08/2026;10:00;19.4;0;SOLEIL;5;0;0
ROUEN;49.44;1.1;12/08/2026;11:00;24.2;0;SOLEIL;6;0;0
ROUEN;49.44;1.1;12/08/2026;12:00;24.2;0;SOLEIL;6;0;0
ROUEN;49.44;1.1;12/08/2026;13:00;24.2;0;SOLEIL;6;0;0
ROUEN;49.44;1.1;12/08/2026;14:00;23.2;0;SOLEIL;5;0;0
ROUEN;49.44;1.1;12/08/2026;15:00;24.1;0;SOLEIL;5;0;0
ROUEN;49.44;1.1;12/08/2026;16:00;23.2;0;SOLEIL;5;0;0
ROUEN;49.44;1.1;12/08/2026;17:00;23.6;0;SOLEIL;6;0;0
ROUEN;49.44;1.1;12/08/2026;18:00;23.6;0;SOLEIL;6;0;0
ROUEN;49.44;1.1;12/08/2026;19:00;23.6;0;SOLEIL;6;0;0
ROUEN;49.44;1.1;12/08/2026;20:00;19.4;0;SOLEIL;5;0;0
ROUEN;49.44;1.1;12/08/2026;21:00;18.4;0;SOLEIL;5;0;0
ROUEN;49.44;1.1;12/08/2026;22:00;17.5;0;SOLEIL;5;0;0
ROUEN;49.44;1.1;12/08/2026;23:00;20.2;0;SOLEIL;5;0;0
ROUEN;49.44;1.1;13/08/2026;00:00;20.2;0;SOLEIL;5;0;0
ROUEN;49.44;1.1;13/08/2026;01:00;20.2;0;SOLEIL;5;0;0
ROUEN;49.44;1.1;13/08/2026;02:00;18.7;0;SOLEIL;5;0;0
ROUEN;49.44;1.1;13/08/2026;03:00;18.7;0;SOLEIL;5;0;0
ROUEN;49.44;1.1;13/08/2026;04:00;18.7;0;SOLEIL;5;0;0
ROUEN;49.44;1.1;13/08/2026;05:00;20.2;0;SOLEIL;5;0;0
ROUEN;49.44;1.1;13/08/2026;06:00;20.2;0;SOLEIL;5;0;0
ROUEN;49.44;1.1;13/08/2026;07:00;20.2;0;SOLEIL;5;0;0
ROUEN;49.44;1.1;13/08/2026;08:00;20.2;0;SOLEIL;5;0;0
ROUEN;49.44;1.1;13/08/2026;09:00;21.0;0;SOLEIL;5;0;0
ROUEN;49.44;1.1;13/08/2026;10:00;21.7;0;SOLEIL;5;0;0
ROUEN;49.44;1.1;13/08/2026;11:00;23.1;0;SOLEIL;6;0;0
ROUEN;49.44;1.1;13/08/2026;12:00;23.1;0;SOLEIL;6;0;0
ROUEN;49.44;1.1;13/08/2026;13:00;23.1;0;SOLEIL;6;0;0
ROUEN;49.44;1.1;13/08/2026;14:00;24.7;0;SOLEIL;5;0;0
ROUEN;49.44;1.1;13/08/2026;15:00;25.5;0;SOLEIL;5;0;0
ROUEN;49.44;1.1;13/08/2026;16:00;24.7;0;SOLEIL;5;0;0
ROUEN;49.44;1.1;13/08/2026;17:00;22.6;0;SOLEIL;6;0;0
ROUEN;49.44;1.1;13/08/2026;18:00;22.6;0;SOLEIL;6;0;0
ROUEN;49.44;1.1;13/08/2026;19:00;22.6;0;SOLEIL;6;0;0
ROUEN;49.44;1.1;13/08/2026;20:00;21.7;0;SOLEIL;5;0;0
ROUEN;49.44;1.1;13/08/2026;21:00;21.0;0;SOLEIL;5;0;0
ROUEN;49.44;1.1;13/08/2026;22:00;20.2;0;SOLEIL;5;0;0
ROUEN;49.44;1.1;13/08/2026;23:00;19.1;0;SOLEIL;5;0;0
ROUEN;49.44;1.1;14/08/2026;00:00;19.1;0;SOLEIL;5;0;0
ROUEN;49.44;1.1;14/08/2026;01:00;19.1;0;SOLEIL;5;0;0
ROUEN;49.44;1.1;14/08/2026;02:00;18.6;0;SOLEIL;5;0;0
ROUEN;49.44;1.1;14/08/2026;03:00;18.6;0;SOLEIL;5;0;0
ROUEN;49.44;1.1;14/08/2026;04:00;18.6;0;SOLEIL;5;0;0
ROUEN;49.44;1.1;14/08/2026;05:00;18.7;0;SOLEIL;4;0;0
ROUEN;49.44;1.1;14/08/2026;06:00;18.7;0;SOLEIL;4;0;0
ROUEN;49.44;1.1;14/08/2026;07:00;18.7;0;SOLEIL;4;0;0
ROUEN;49.44;1.1;14/08/2026;08:00;19.8;0;SOLEIL;5;0;0
ROUEN;49.44;1.1;14/08/2026;09:00;20.4;0;SOLEIL;5;0;0
ROUEN;49.44;1.1;14/08/2026;10:00;21.0;0;SOLEIL;5;0;0
ROUEN;49.44;1.1;14/08/2026;11:00;23;0;SOLEIL;5;0;0
ROUEN;49.44;1.1;14/08/2026;12:00;23;0;SOLEIL;5;0;0
ROUEN;49.44;1.1;14/08/2026;13:00;23;0;SOLEIL;5;0;0
ROUEN;49.44;1.1;14/08/2026;14:00;23.5;0;SOLEIL;5;0;0
ROUEN;49.44;1.1;14/08/2026;15:00;24.1;0;SOLEIL;5;0;0
ROUEN;49.44;1.1;14/08/2026;16:00;23.5;0;SOLEIL;5;0;0
ROUEN;49.44;1.1;14/08/2026;17:00;21.7;0;SOLEIL;6;0;0
ROUEN;49.44;1.1;14/08/2026;18:00;21.7;0;SOLEIL;6;0;0
ROUEN;49.44;1.1;14/08/2026;19:00;21.7;0;SOLEIL;6;0;0
ROUEN;49.44;1.1;14/08/2026;20:00;21.0;0;SOLEIL;5;0;0
ROUEN;49.44;1.1;14/08/2026;21:00;20.4;0;SOLEIL;5;0;0
ROUEN;49.44;1.1;14/08/2026;22:00;19.8;0;SOLEIL;5;0;0
ROUEN;49.44;1.1;14/08/2026;23:00;18.4;0;SOLEIL;5;0;0
ROUEN;49.44;1.1;15/08/2026;00:00;18.4;0;SOLEIL;5;0;0
ROUEN;49.44;1.1;15/08/2026;01:00;18.4;0;SOLEIL;5;0;0
ROUEN;49.44;1.1;15/08/2026;02:00;17.1;0;SOLEIL;5;0;0
ROUEN;49.44;1.1;15/08/2026;03:00;17.1;0;SOLEIL;5;0;0
ROUEN;49.44;1.1;15/08/2026;04:00;17.1;0;SOLEIL;5;0;0
ROUEN;49.44;1.1;15/08/2026;05:00;18.5;0;SOLEIL;5;0;0
ROUEN;49.44;1.1;15/08/2026;06:00;18.5;0;SOLEIL;5;0;0
ROUEN;49.44;1.1;15/08/2026;07:00;18.5;0;SOLEIL;5;0;0
ROUEN;49.44;1.1;15/08/2026;08:00;18.6;0;SOLEIL;5;0;0
ROUEN;49.44;1.1;15/08/2026;09:00;19.3;0;SOLEIL;5;0;0
ROUEN;49.44;1.1;15/08/2026;10:00;20.0;0;SOLEIL;5;0;0
ROUEN;49.44;1.1;15/08/2026;11:00;20.9;0;SOLEIL;6;0;0
ROUEN;49.44;1.1;15/08/2026;12:00;20.9;0;SOLEIL;6;0;0
ROUEN;49.44;1.1;15/08/2026;13:00;20.9;0;SOLEIL;6;0;0
ROUEN;49.44;1.1;15/08/2026;14:00;23.0;0;SOLEIL;5;0;0
ROUEN;49.44;1.1;15/08/2026;15:00;23.7;0;SOLEIL;5;0;0
ROUEN;49.44;1.1;15/08/2026;16:00;23.0;0;SOLEIL;5;0;0
ROUEN;49.44;1.1;15/08/2026;17:00;20.1;0;SOLEIL;6;0;0
ROUEN;49.44;1.1;15/08/2026;18:00;20.1;0;SOLEIL;6;0;0
ROUEN;49.44;1.1;15/08/2026;19:00;20.1;0;SOLEIL;6;0;0
ROUEN;49.44;1.1;15/08/2026;20:00;20.0;0;SOLEIL;5;0;0
ROUEN;49.44;1.1;15/08/2026;21:00;19.3;0;SOLEIL;5;0;0
ROUEN;49.44;1.1;15/08/2026;22:00;18.6;0;SOLEIL;5;0;0
ROUEN;49.44;1.1;15/08/2026;23:00;18.6;0;SOLEIL;5;0;0
PARIS;48.85;2.35;08/08/2026;00:00;14.2;0;SOLEIL;3;0;0
PARIS;48.85;2.35;08/08/2026;01:00;14.2;0;SOLEIL;3;0;0
PARIS;48.85;2.35;08/08/2026;02:00;12.7;0;SOLEIL;2;0;0
PARIS;48.85;2.35;08/08/2026;03:00;12.7;0;SOLEIL;2;0;0
PARIS;48.85;2.35;08/08/2026;04:00;12.7;0;SOLEIL;2;0;0
PARIS;48.85;2.35;08/08/2026;05:00;14.5;0;SOLEIL;2;0;0
PARIS;48.85;2.35;08/08/2026;06:00;14.5;0;SOLEIL;2;0;0
PARIS;48.85;2.35;08/08/2026;07:00;14.5;0;SOLEIL;2;0;0
PARIS;48.85;2.35;08/08/2026;08:00;24.2;5;SOLEIL VOILÉ;3;0;0
PARIS;48.85;2.35;08/08/2026;09:00;24.2;5;SOLEIL VOILÉ;3;0;0
PARIS;48.85;2.35;08/08/2026;10:00;24.2;5;SOLEIL VOILÉ;3;0;0
PARIS;48.85;2.35;08/08/2026;11:00;28.6;5;SOLEIL VOILÉ;2;0;0
PARIS;48.85;2.35;08/08/2026;12:00;28.6;5;SOLEIL VOILÉ;2;0;0
PARIS;48.85;2.35;08/08/2026;13:00;28.6;5;SOLEIL VOILÉ;2;0;0
PARIS;48.85;2.35;08/08/2026;14:00;30.7;5;SOLEIL VOILÉ;2;0;0
PARIS;48.85;2.35;08/08/2026;15:00;30.7;5;SOLEIL VOILÉ;2;0;0
PARIS;48.85;2.35;08/08/2026;16:00;30.7;5;SOLEIL VOILÉ;2;0;0
PARIS;48.85;2.35;08/08/2026;17:00;27.7;0;SOLEIL;1;0;0
PARIS;48.85;2.35;08/08/2026;18:00;27.7;0;SOLEIL;1;0;0
PARIS;48.85;2.35;08/08/2026;19:00;27.7;0;SOLEIL;1;0;0
PARIS;48.85;2.35;08/08/2026;20:00;19.7;0;SOLEIL;3;0;0
PARIS;48.85;2.35;08/08/2026;21:00;19.7;0;SOLEIL;3;0;0
PARIS;48.85;2.35;08/08/2026;22:00;19.7;0;SOLEIL;3;0;0
PARIS;48.85;2.35;08/08/2026;23:00;15.6;0;SOLEIL;2;0;0
PARIS;48.85;2.35;09/08/2026;00:00;15.6;0;SOLEIL;2;0;0
PARIS;48.85;2.35;09/08/2026;01:00;15.6;0;SOLEIL;2;0;0
PARIS;48.85;2.35;09/08/2026;02:00;13.9;0;SOLEIL;2;0;0
PARIS;48.85;2.35;09/08/2026;03:00;13.9;0;SOLEIL;2;0;0
PARIS;48.85;2.35;09/08/2026;04:00;13.9;0;SOLEIL;2;0;0
PARIS;48.85;2.35;09/08/2026;05:00;15.6;0;SOLEIL;2;0;0
PARIS;48.85;2.35;09/08/2026;06:00;15.6;0;SOLEIL;2;0;0
PARIS;48.85;2.35;09/08/2026;07:00;15.6;0;SOLEIL;2;0;0
PARIS;48.85;2.35;09/08/2026;08:00;27.1;0;SOLEIL;2;0;0
PARIS;48.85;2.35;09/08/2026;09:00;27.1;0;SOLEIL;2;0;0
PARIS;48.85;2.35;09/08/2026;10:00;27.1;0;SOLEIL;2;0;0
PARIS;48.85;2.35;09/08/2026;11:00;31.4;0;SOLEIL;2;0;0
PARIS;48.85;2.35;09/08/2026;12:00;31.4;0;SOLEIL;2;0;0
PARIS;48.85;2.35;09/08/2026;13:00;31.4;0;SOLEIL;2;0;0
PARIS;48.85;2.35;09/08/2026;14:00;31.2;0;SOLEIL;3;0;0
PARIS;48.85;2.35;09/08/2026;15:00;31.2;0;SOLEIL;3;0;0
PARIS;48.85;2.35;09/08/2026;16:00;31.2;0;SOLEIL;3;0;0
PARIS;48.85;2.35;09/08/2026;17:00;27;0;SOLEIL;4;0;0
PARIS;48.85;2.35;09/08/2026;18:00;27;0;SOLEIL;4;0;0
PARIS;48.85;2.35;09/08/2026;19:00;27;0;SOLEIL;4;0;0
PARIS;48.85;2.35;09/08/2026;20:00;20.4;0;SOLEIL;5;0;0
PARIS;48.85;2.35;09/08/2026;21:00;18.4;0;SOLEIL;5;0;0
PARIS;48.85;2.35;09/08/2026;22:00;16.3;0;SOLEIL;5;0;0
PARIS;48.85;2.35;09/08/2026;23:00;17.9;0;SOLEIL;3;0;0
PARIS;48.85;2.35;10/08/2026;00:00;17.9;0;SOLEIL;3;0;0
PARIS;48.85;2.35;10/08/2026;01:00;17.9;0;SOLEIL;3;0;0
PARIS;48.85;2.35;10/08/2026;02:00;13.1;0;SOLEIL;5;0;0
PARIS;48.85;2.35;10/08/2026;03:00;13.1;0;SOLEIL;5;0;0
PARIS;48.85;2.35;10/08/2026;04:00;13.1;0;SOLEIL;5;0;0
PARIS;48.85;2.35;10/08/2026;05:00;18.7;0;SOLEIL;3;0;0
PARIS;48.85;2.35;10/08/2026;06:00;18.7;0;SOLEIL;3;0;0
PARIS;48.85;2.35;10/08/2026;07:00;18.7;0;SOLEIL;3;0;0
PARIS;48.85;2.35;10/08/2026;08:00;17.5;0;SOLEIL;5;0;0
PARIS;48.85;2.35;10/08/2026;09:00;19.7;0;SOLEIL;5;0;0
PARIS;48.85;2.35;10/08/2026;10:00;21.9;0;SOLEIL;5;0;0
PARIS;48.85;2.35;10/08/2026;11:00;28.2;0;SOLEIL;3;0;0
PARIS;48.85;2.35;10/08/2026;12:00;28.2;0;SOLEIL;3;0;0
PARIS;48.85;2.35;10/08/2026;13:00;28.2;0;SOLEIL;3;0;0
PARIS;48.85;2.35;10/08/2026;14:00;30.8;0;SOLEIL;5;0;0
PARIS;48.85;2.35;10/08/2026;15:00;33.0;0;SOLEIL;5;0;0
PARIS;48.85;2.35;10/08/2026;16:00;30.8;0;SOLEIL;5;0;0
PARIS;48.85;2.35;10/08/2026;17:00;25.2;0;SOLEIL;4;0;0
PARIS;48.85;2.35;10/08/2026;18:00;25.2;0;SOLEIL;4;0;0
PARIS;48.85;2.35;10/08/2026;19:00;25.2;0;SOLEIL;4;0;0
PARIS;48.85;2.35;10/08/2026;20:00;21.9;0;SOLEIL;5;0;0
PARIS;48.85;2.35;10/08/2026;21:00;19.7;0;SOLEIL;5;0;0
PARIS;48.85;2.35;10/08/2026;22:00;17.5;0;SOLEIL;5;0;0
PARIS;48.85;2.35;10/08/2026;23:00;18.6;0;SOLEIL;3;0;0
PARIS;48.85;2.35;11/08/2026;00:00;18.6;0;SOLEIL;3;0;0
PARIS;48.85;2.35;11/08/2026;01:00;18.6;0;SOLEIL;3;0;0
PARIS;48.85;2.35;11/08/2026;02:00;17.6;0;SOLEIL;5;0;0
PARIS;48.85;2.35;11/08/2026;03:00;17.6;0;SOLEIL;5;0;0
PARIS;48.85;2.35;11/08/2026;04:00;17.6;0;SOLEIL;5;0;0
PARIS;48.85;2.35;11/08/2026;05:00;17.9;0;SOLEIL;3;0;0
PARIS;48.85;2.35;11/08/2026;06:00;17.9;0;SOLEIL;3;0;0
PARIS;48.85;2.35;11/08/2026;07:00;17.9;0;SOLEIL;3;0;0
PARIS;48.85;2.35;11/08/2026;08:00;20.3;0;SOLEIL;5;0;0
PARIS;48.85;2.35;11/08/2026;09:00;21.6;0;SOLEIL;5;0;0
PARIS;48.85;2.35;11/08/2026;10:00;22.9;0;SOLEIL;5;0;0
PARIS;48.85;2.35;11/08/2026;11:00;30;0;SOLEIL;3;0;0
PARIS;48.85;2.35;11/08/2026;12:00;30;0;SOLEIL;3;0;0
PARIS;48.85;2.35;11/08/2026;13:00;30;0;SOLEIL;3;0;0
PARIS;48.85;2.35;11/08/2026;14:00;28.3;0;SOLEIL;5;0;0
PARIS;48.85;2.35;11/08/2026;15:00;29.6;0;SOLEIL;5;0;0
PARIS;48.85;2.35;11/08/2026;16:00;28.3;0;SOLEIL;5;0;0
PARIS;48.85;2.35;11/08/2026;17:00;28.9;0;SOLEIL;4;0;0
PARIS;48.85;2.35;11/08/2026;18:00;28.9;0;SOLEIL;4;0;0
PARIS;48.85;2.35;11/08/2026;19:00;28.9;0;SOLEIL;4;0;0
PARIS;48.85;2.35;11/08/2026;20:00;22.9;0;SOLEIL;5;0;0
PARIS;48.85;2.35;11/08/2026;21:00;21.6;0;SOLEIL;5;0;0
PARIS;48.85;2.35;11/08/2026;22:00;20.3;0;SOLEIL;5;0;0
PARIS;48.85;2.35;11/08/2026;23:00;22;0;SOLEIL;4;0;0
PARIS;48.85;2.35;12/08/2026;00:00;22;0;SOLEIL;4;0;0
PARIS;48.85;2.35;12/08/2026;01:00;22;0;SOLEIL;4;0;0
PARIS;48.85;2.35;12/08/2026;02:00;16.6;0;SOLEIL;5;0;0
PARIS;48.85;2.35;12/08/2026;03:00;16.6;0;SOLEIL;5;0;0
PARIS;48.85;2.35;12/08/2026;04:00;16.6;0;SOLEIL;5;0;0
PARIS;48.85;2.35;12/08/2026;05:00;19.4;0;SOLEIL;3;0;0
PARIS;48.85;2.35;12/08/2026;06:00;19.4;0;SOLEIL;3;0;0
PARIS;48.85;2.35;12/08/2026;07:00;19.4;0;SOLEIL;3;0;0
PARIS;48.85;2.35;12/08/2026;08:00;20.0;0;SOLEIL;5;0;0
PARIS;48.85;2.35;12/08/2026;09:00;21.7;0;SOLEIL;5;0;0
PARIS;48.85;2.35;12/08/2026;10:00;23.4;0;SOLEIL;5;0;0
PARIS;48.85;2.35;12/08/2026;11:00;32.5;0;SOLEIL;3;0;0
PARIS;48.85;2.35;12/08/2026;12:00;32.5;0;SOLEIL;3;0;0
PARIS;48.85;2.35;12/08/2026;13:00;32.5;0;SOLEIL;3;0;0
PARIS;48.85;2.35;12/08/2026;14:00;30.3;0;SOLEIL;5;0;0
PARIS;48.85;2.35;12/08/2026;15:00;32.0;0;SOLEIL;5;0;0
PARIS;48.85;2.35;12/08/2026;16:00;30.3;0;SOLEIL;5;0;0
PARIS;48.85;2.35;12/08/2026;17:00;32;0;SOLEIL;2;0;0
PARIS;48.85;2.35;12/08/2026;18:00;32;0;SOLEIL;2;0;0
PARIS;48.85;2.35;12/08/2026;19:00;32;0;SOLEIL;2;0;0
PARIS;48.85;2.35;12/08/2026;20:00;23.4;0;SOLEIL;5;0;0
PARIS;48.85;2.35;12/08/2026;21:00;21.7;0;SOLEIL;5;0;0
PARIS;48.85;2.35;12/08/2026;22:00;20.0;0;SOLEIL;5;0;0
PARIS;48.85;2.35;12/08/2026;23:00;23.1;0;SOLEIL;3;0;0
PARIS;48.85;2.35;13/08/2026;00:00;23.1;0;SOLEIL;3;0;0
PARIS;48.85;2.35;13/08/2026;01:00;23.1;0;SOLEIL;3;0;0
PARIS;48.85;2.35;13/08/2026;02:00;18.4;0;SOLEIL;5;0;0
PARIS;48.85;2.35;13/08/2026;03:00;18.4;0;SOLEIL;5;0;0
PARIS;48.85;2.35;13/08/2026;04:00;18.4;0;SOLEIL;5;0;0
PARIS;48.85;2.35;13/08/2026;05:00;21.5;0;SOLEIL;3;0;0
PARIS;48.85;2.35;13/08/2026;06:00;21.5;0;SOLEIL;3;0;0
PARIS;48.85;2.35;13/08/2026;07:00;21.5;0;SOLEIL;3;0;0
PARIS;48.85;2.35;13/08/2026;08:00;22.1;0;SOLEIL;5;0;0
PARIS;48.85;2.35;13/08/2026;09:00;23.9;0;SOLEIL;5;0;0
PARIS;48.85;2.35;13/08/2026;10:00;25.7;0;SOLEIL;5;0;0
PARIS;48.85;2.35;13/08/2026;11:00;31.6;0;SOLEIL;4;0;0
PARIS;48.85;2.35;13/08/2026;12:00;31.6;0;SOLEIL;4;0;0
PARIS;48.85;2.35;13/08/2026;13:00;31.6;0;SOLEIL;4;0;0
PARIS;48.85;2.35;13/08/2026;14:00;33.1;0;SOLEIL;5;0;0
PARIS;48.85;2.35;13/08/2026;15:00;34.9;0;SOLEIL;5;0;0
PARIS;48.85;2.35;13/08/2026;16:00;33.1;0;SOLEIL;5;0;0
PARIS;48.85;2.35;13/08/2026;17:00;30.4;0;SOLEIL;4;0;0
PARIS;48.85;2.35;13/08/2026;18:00;30.4;0;SOLEIL;4;0;0
PARIS;48.85;2.35;13/08/2026;19:00;30.4;0;SOLEIL;4;0;0
PARIS;48.85;2.35;13/08/2026;20:00;25.7;0;SOLEIL;5;0;0
PARIS;48.85;2.35;13/08/2026;21:00;23.9;0;SOLEIL;5;0;0
PARIS;48.85;2.35;13/08/2026;22:00;22.1;0;SOLEIL;5;0;0
PARIS;48.85;2.35;13/08/2026;23:00;21.9;0;SOLEIL;3;0;0
PARIS;48.85;2.35;14/08/2026;00:00;21.9;0;SOLEIL;3;0;0
PARIS;48.85;2.35;14/08/2026;01:00;21.9;0;SOLEIL;3;0;0
PARIS;48.85;2.35;14/08/2026;02:00;20;0;SOLEIL;5;0;0
PARIS;48.85;2.35;14/08/2026;03:00;20;0;SOLEIL;5;0;0
PARIS;48.85;2.35;14/08/2026;04:00;20;0;SOLEIL;5;0;0
PARIS;48.85;2.35;14/08/2026;05:00;20.2;0;SOLEIL;2;0;0
PARIS;48.85;2.35;14/08/2026;06:00;20.2;0;SOLEIL;2;0;0
PARIS;48.85;2.35;14/08/2026;07:00;20.2;0;SOLEIL;2;0;0
PARIS;48.85;2.35;14/08/2026;08:00;23.0;0;SOLEIL;5;0;0
PARIS;48.85;2.35;14/08/2026;09:00;24.5;0;SOLEIL;5;0;0
PARIS;48.85;2.35;14/08/2026;10:00;26.0;0;SOLEIL;5;0;0
PARIS;48.85;2.35;14/08/2026;11:00;30.2;0;SOLEIL;3;0;0
PARIS;48.85;2.35;14/08/2026;12:00;30.2;0;SOLEIL;3;0;0
PARIS;48.85;2.35;14/08/2026;13:00;30.2;0;SOLEIL;3;0;0
PARIS;48.85;2.35;14/08/2026;14:00;32.0;0;SOLEIL;5;0;0
PARIS;48.85;2.35;14/08/2026;15:00;33.5;0;SOLEIL;5;0;0
PARIS;48.85;2.35;14/08/2026;16:00;32.0;0;SOLEIL;5;0;0
PARIS;48.85;2.35;14/08/2026;17:00;26.2;0;SOLEIL;4;0;0
PARIS;48.85;2.35;14/08/2026;18:00;26.2;0;SOLEIL;4;0;0
PARIS;48.85;2.35;14/08/2026;19:00;26.2;0;SOLEIL;4;0;0
PARIS;48.85;2.35;14/08/2026;20:00;26.0;0;SOLEIL;5;0;0
PARIS;48.85;2.35;14/08/2026;21:00;24.5;0;SOLEIL;5;0;0
PARIS;48.85;2.35;14/08/2026;22:00;23.0;0;SOLEIL;5;0;0
PARIS;48.85;2.35;14/08/2026;23:00;20.1;0;SOLEIL;3;0;0
PARIS;48.85;2.35;15/08/2026;00:00;20.1;0;SOLEIL;3;0;0
PARIS;48.85;2.35;15/08/2026;01:00;20.1;0;SOLEIL;3;0;0
PARIS;48.85;2.35;15/08/2026;02:00;18.7;0;SOLEIL;5;0;0
PARIS;48.85;2.35;15/08/2026;03:00;18.7;0;SOLEIL;5;0;0
PARIS;48.85;2.35;15/08/2026;04:00;18.7;0;SOLEIL;5;0;0
PARIS;48.85;2.35;15/08/2026;05:00;18.6;0;SOLEIL;2;0;0
PARIS;48.85;2.35;15/08/2026;06:00;18.6;0;SOLEIL;2;0;0
PARIS;48.85;2.35;15/08/2026;07:00;18.6;0;SOLEIL;2;0;0
PARIS;48.85;2.35;15/08/2026;08:00;21.5;0;SOLEIL;5;0;0
PARIS;48.85;2.35;15/08/2026;09:00;22.9;0;SOLEIL;5;0;0
PARIS;48.85;2.35;15/08/2026;10:00;24.3;0;SOLEIL;5;0;0
PARIS;48.85;2.35;15/08/2026;11:00;26;0;SOLEIL;4;0;0
PARIS;48.85;2.35;15/08/2026;12:00;26;0;SOLEIL;4;0;0
PARIS;48.85;2.35;15/08/2026;13:00;26;0;SOLEIL;4;0;0
PARIS;48.85;2.35;15/08/2026;14:00;29.8;0;SOLEIL;5;0;0
PARIS;48.85;2.35;15/08/2026;15:00;31.2;0;SOLEIL;5;0;0
PARIS;48.85;2.35;15/08/2026;16:00;29.8;0;SOLEIL;5;0;0
PARIS;48.85;2.35;15/08/2026;17:00;25.1;0;SOLEIL;4;0;0
PARIS;48.85;2.35;15/08/2026;18:00;25.1;0;SOLEIL;4;0;0
PARIS;48.85;2.35;15/08/2026;19:00;25.1;0;SOLEIL;4;0;0
PARIS;48.85;2.35;15/08/2026;20:00;24.3;0;SOLEIL;5;0;0
PARIS;48.85;2.35;15/08/2026;21:00;22.9;0;SOLEIL;5;0;0
PARIS;48.85;2.35;15/08/2026;22:00;21.5;0;SOLEIL;5;0;0
PARIS;48.85;2.35;15/08/2026;23:00;19;0;SOLEIL;2;0;0
LILLE;50.62;3.05;08/08/2026;00:00;17.9;0;SOLEIL;3;0;0
LILLE;50.62;3.05;08/08/2026;01:00;17.9;0;SOLEIL;3;0;0
LILLE;50.62;3.05;08/08/2026;02:00;16.5;0;SOLEIL;2;0;0
LILLE;50.62;3.05;08/08/2026;03:00;16.5;0;SOLEIL;2;0;0
LILLE;50.62;3.05;08/08/2026;04:00;16.5;0;SOLEIL;2;0;0
LILLE;50.62;3.05;08/08/2026;05:00;17.1;0;SOLEIL;2;0;0
LILLE;50.62;3.05;08/08/2026;06:00;17.1;0;SOLEIL;2;0;0
LILLE;50.62;3.05;08/08/2026;07:00;17.1;0;SOLEIL;2;0;0
LILLE;50.62;3.05;08/08/2026;08:00;22.9;0;SOLEIL;3;0;0
LILLE;50.62;3.05;08/08/2026;09:00;22.9;0;SOLEIL;3;0;0
LILLE;50.62;3.05;08/08/2026;10:00;22.9;0;SOLEIL;3;0;0
LILLE;50.62;3.05;08/08/2026;11:00;26.2;0;SOLEIL;3;0;0
LILLE;50.62;3.05;08/08/2026;12:00;26.2;0;SOLEIL;3;0;0
LILLE;50.62;3.05;08/08/2026;13:00;26.2;0;SOLEIL;3;0;0
LILLE;50.62;3.05;08/08/2026;14:00;27.6;5;SOLEIL VOILÉ;2;0;0
LILLE;50.62;3.05;08/08/2026;15:00;27.6;5;SOLEIL VOILÉ;2;0;0
LILLE;50.62;3.05;08/08/2026;16:00;27.6;5;SOLEIL VOILÉ;2;0;0
LILLE;50.62;3.05;08/08/2026;17:00;27;5;SOLEIL VOILÉ;2;0;0
LILLE;50.62;3.05;08/08/2026;18:00;27;5;SOLEIL VOILÉ;2;0;0
LILLE;50.62;3.05;08/08/2026;19:00;27;5;SOLEIL VOILÉ;2;0;0
LILLE;50.62;3.05;08/08/2026;20:00;22.2;0;SOLEIL;2;0;0
LILLE;50.62;3.05;08/08/2026;21:00;22.2;0;SOLEIL;2;0;0
LILLE;50.62;3.05;08/08/2026;22:00;22.2;0;SOLEIL;2;0;0
LILLE;50.62;3.05;08/08/2026;23:00;19.2;0;SOLEIL;2;0;0
LILLE;50.62;3.05;09/08/2026;00:00;19.2;0;SOLEIL;2;0;0
LILLE;50.62;3.05;09/08/2026;01:00;19.2;0;SOLEIL;2;0;0
LILLE;50.62;3.05;09/08/2026;02:00;16.6;0;SOLEIL;1;0;0
LILLE;50.62;3.05;09/08/2026;03:00;16.6;0;SOLEIL;1;0;0
LILLE;50.62;3.05;09/08/2026;04:00;16.6;0;SOLEIL;1;0;0
LILLE;50.62;3.05;09/08/2026;05:00;18.1;0;SOLEIL;2;0;0
LILLE;50.62;3.05;09/08/2026;06:00;18.1;0;SOLEIL;2;0;0
LILLE;50.62;3.05;09/08/2026;07:00;18.1;0;SOLEIL;2;0;0
LILLE;50.62;3.05;09/08/2026;08:00;26.2;0;SOLEIL;2;0;0
LILLE;50.62;3.05;09/08/2026;09:00;26.2;0;SOLEIL;2;0;0
LILLE;50.62;3.05;09/08/2026;10:00;26.2;0;SOLEIL;2;0;0
LILLE;50.62;3.05;09/08/2026;11:00;30.4;0;SOLEIL;3;0;0
LILLE;50.62;3.05;09/08/2026;12:00;30.4;0;SOLEIL;3;0;0
LILLE;50.62;3.05;09/08/2026;13:00;30.4;0;SOLEIL;3;0;0
LILLE;50.62;3.05;09/08/2026;14:00;31.1;0;SOLEIL;3;0;0
LILLE;50.62;3.05;09/08/2026;15:00;31.1;0;SOLEIL;3;0;0
LILLE;50.62;3.05;09/08/2026;16:00;31.1;0;SOLEIL;3;0;0
LILLE;50.62;3.05;09/08/2026;17:00;29;0;SOLEIL;3;0;0
LILLE;50.62;3.05;09/08/2026;18:00;29;0;SOLEIL;3;0;0
LILLE;50.62;3.05;09/08/2026;19:00;29;0;SOLEIL;3;0;0
LILLE;50.62;3.05;09/08/2026;20:00;21.2;0;SOLEIL;5;0;0
LILLE;50.62;3.05;09/08/2026;21:00;19.8;0;SOLEIL;5;0;0
LILLE;50.62;3.05;09/08/2026;22:00;18.4;0;SOLEIL;5;0;0
LILLE;50.62;3.05;09/08/2026;23:00;21.9;0;SOLEIL;3;0;0
LILLE;50.62;3.05;10/08/2026;00:00;21.9;0;SOLEIL;3;0;0
LILLE;50.62;3.05;10/08/2026;01:00;21.9;0;SOLEIL;3;0;0
LILLE;50.62;3.05;10/08/2026;02:00;15.9;0;SOLEIL;5;0;0
LILLE;50.62;3.05;10/08/2026;03:00;15.9;0;SOLEIL;5;0;0
LILLE;50.62;3.05;10/08/2026;04:00;15.9;0;SOLEIL;5;0;0
LILLE;50.62;3.05;10/08/2026;05:00;20.4;0;SOLEIL;3;0;0
LILLE;50.62;3.05;10/08/2026;06:00;20.4;0;SOLEIL;3;0;0
LILLE;50.62;3.05;10/08/2026;07:00;20.4;0;SOLEIL;3;0;0
LILLE;50.62;3.05;10/08/2026;08:00;19.5;0;SOLEIL;5;0;0
LILLE;50.62;3.05;10/08/2026;09:00;21.3;0;SOLEIL;5;0;0
LILLE;50.62;3.05;10/08/2026;10:00;23.1;0;SOLEIL;5;0;0
LILLE;50.62;3.05;10/08/2026;11:00;26.9;0;SOLEIL;4;0;0
LILLE;50.62;3.05;10/08/2026;12:00;26.9;0;SOLEIL;4;0;0
LILLE;50.62;3.05;10/08/2026;13:00;26.9;0;SOLEIL;4;0;0
LILLE;50.62;3.05;10/08/2026;14:00;30.2;0;SOLEIL;5;0;0
LILLE;50.62;3.05;10/08/2026;15:00;32.0;0;SOLEIL;5;0;0
LILLE;50.62;3.05;10/08/2026;16:00;30.2;0;SOLEIL;5;0;0
LILLE;50.62;3.05;10/08/2026;17:00;25;0;SOLEIL;4;0;0
LILLE;50.62;3.05;10/08/2026;18:00;25;0;SOLEIL;4;0;0
LILLE;50.62;3.05;10/08/2026;19:00;25;0;SOLEIL;4;0;0
LILLE;50.62;3.05;10/08/2026;20:00;23.1;0;SOLEIL;5;0;0
LILLE;50.62;3.05;10/08/2026;21:00;21.3;0;SOLEIL;5;0;0
LILLE;50.62;3.05;10/08/2026;22:00;19.5;0;SOLEIL;5;0;0
LILLE;50.62;3.05;10/08/2026;23:00;19.4;0;SOLEIL;2;0;0
LILLE;50.62;3.05;11/08/2026;00:00;19.4;0;SOLEIL;2;0;0
LILLE;50.62;3.05;11/08/2026;01:00;19.4;0;SOLEIL;2;0;0
LILLE;50.62;3.05;11/08/2026;02:00;19.1;0;SOLEIL;5;0;0
LILLE;50.62;3.05;11/08/2026;03:00;19.1;0;SOLEIL;5;0;0
LILLE;50.62;3.05;11/08/2026;04:00;19.1;0;SOLEIL;5;0;0
LILLE;50.62;3.05;11/08/2026;05:00;18.4;0;SOLEIL;3;0;0
LILLE;50.62;3.05;11/08/2026;06:00;18.4;0;SOLEIL;3;0;0
LILLE;50.62;3.05;11/08/2026;07:00;18.4;0;SOLEIL;3;0;0
LILLE;50.62;3.05;11/08/2026;08:00;21.1;0;SOLEIL;5;0;0
LILLE;50.62;3.05;11/08/2026;09:00;22.1;0;SOLEIL;5;0;0
LILLE;50.62;3.05;11/08/2026;10:00;23.1;0;SOLEIL;5;0;0
LILLE;50.62;3.05;11/08/2026;11:00;25.4;0;SOLEIL;3;0;0
LILLE;50.62;3.05;11/08/2026;12:00;25.4;0;SOLEIL;3;0;0
LILLE;50.62;3.05;11/08/2026;13:00;25.4;0;SOLEIL;3;0;0
LILLE;50.62;3.05;11/08/2026;14:00;27.1;0;SOLEIL;5;0;0
LILLE;50.62;3.05;11/08/2026;15:00;28.1;0;SOLEIL;5;0;0
LILLE;50.62;3.05;11/08/2026;16:00;27.1;0;SOLEIL;5;0;0
LILLE;50.62;3.05;11/08/2026;17:00;25.6;0;SOLEIL;3;0;0
LILLE;50.62;3.05;11/08/2026;18:00;25.6;0;SOLEIL;3;0;0
LILLE;50.62;3.05;11/08/2026;19:00;25.6;0;SOLEIL;3;0;0
LILLE;50.62;3.05;11/08/2026;20:00;23.1;0;SOLEIL;5;0;0
LILLE;50.62;3.05;11/08/2026;21:00;22.1;0;SOLEIL;5;0;0
LILLE;50.62;3.05;11/08/2026;22:00;21.1;0;SOLEIL;5;0;0
LILLE;50.62;3.05;11/08/2026;23:00;20.1;0;SOLEIL;4;0;0
LILLE;50.62;3.05;12/08/2026;00:00;20.1;0;SOLEIL;4;0;0
LILLE;50.62;3.05;12/08/2026;01:00;20.1;0;SOLEIL;4;0;0
LILLE;50.62;3.05;12/08/2026;02:00;16.9;0;SOLEIL;5;0;0
LILLE;50.62;3.05;12/08/2026;03:00;16.9;0;SOLEIL;5;0;0
LILLE;50.62;3.05;12/08/2026;04:00;16.9;0;SOLEIL;5;0;0
LILLE;50.62;3.05;12/08/2026;05:00;18.9;0;SOLEIL;3;0;0
LILLE;50.62;3.05;12/08/2026;06:00;18.9;0;SOLEIL;3;0;0
LILLE;50.62;3.05;12/08/2026;07:00;18.9;0;SOLEIL;3;0;0
LILLE;50.62;3.05;12/08/2026;08:00;19.2;0;SOLEIL;5;0;0
LILLE;50.62;3.05;12/08/2026;09:00;20.3;0;SOLEIL;5;0;0
LILLE;50.62;3.05;12/08/2026;10:00;21.4;0;SOLEIL;5;0;0
LILLE;50.62;3.05;12/08/2026;11:00;27.6;0;SOLEIL;3;0;0
LILLE;50.62;3.05;12/08/2026;12:00;27.6;0;SOLEIL;3;0;0
LILLE;50.62;3.05;12/08/2026;13:00;27.6;0;SOLEIL;3;0;0
LILLE;50.62;3.05;12/08/2026;14:00;26.0;0;SOLEIL;5;0;0
LILLE;50.62;3.05;12/08/2026;15:00;27.1;0;SOLEIL;5;0;0
LILLE;50.62;3.05;12/08/2026;16:00;26.0;0;SOLEIL;5;0;0
LILLE;50.62;3.05;12/08/2026;17:00;29.5;0;SOLEIL;2;0;0
LILLE;50.62;3.05;12/08/2026;18:00;29.5;0;SOLEIL;2;0;0
LILLE;50.62;3.05;12/08/2026;19:00;29.5;0;SOLEIL;2;0;0
LILLE;50.62;3.05;12/08/2026;20:00;21.4;0;SOLEIL;5;0;0
LILLE;50.62;3.05;12/08/2026;21:00;20.3;0;SOLEIL;5;0;0
LILLE;50.62;3.05;12/08/2026;22:00;19.2;0;SOLEIL;5;0;0
LILLE;50.62;3.05;12/08/2026;23:00;22.6;0;SOLEIL;3;0;0
LILLE;50.62;3.05;13/08/2026;00:00;22.6;0;SOLEIL;3;0;0
LILLE;50.62;3.05;13/08/2026;01:00;22.6;0;SOLEIL;3;0;0
LILLE;50.62;3.05;13/08/2026;02:00;18.1;0;SOLEIL;5;0;0
LILLE;50.62;3.05;13/08/2026;03:00;18.1;0;SOLEIL;5;0;0
LILLE;50.62;3.05;13/08/2026;04:00;18.1;0;SOLEIL;5;0;0
LILLE;50.62;3.05;13/08/2026;05:00;21.5;0;SOLEIL;2;0;0
LILLE;50.62;3.05;13/08/2026;06:00;21.5;0;SOLEIL;2;0;0
LILLE;50.62;3.05;13/08/2026;07:00;21.5;0;SOLEIL;2;0;0
LILLE;50.62;3.05;13/08/2026;08:00;20.8;0;SOLEIL;5;0;0
LILLE;50.62;3.05;13/08/2026;09:00;22.2;0;SOLEIL;5;0;0
LILLE;50.62;3.05;13/08/2026;10:00;23.6;0;SOLEIL;5;0;0
LILLE;50.62;3.05;13/08/2026;11:00;31.6;0;SOLEIL;3;0;0
LILLE;50.62;3.05;13/08/2026;12:00;31.6;0;SOLEIL;3;0;0
LILLE;50.62;3.05;13/08/2026;13:00;31.6;0;SOLEIL;3;0;0
LILLE;50.62;3.05;13/08/2026;14:00;29.0;0;SOLEIL;5;0;0
LILLE;50.62;3.05;13/08/2026;15:00;30.4;0;SOLEIL;5;0;0
LILLE;50.62;3.05;13/08/2026;16:00;29.0;0;SOLEIL;5;0;0
LILLE;50.62;3.05;13/08/2026;17:00;31.4;0;SOLEIL;4;0;0
LILLE;50.62;3.05;13/08/2026;18:00;31.4;0;SOLEIL;4;0;0
LILLE;50.62;3.05;13/08/2026;19:00;31.4;0;SOLEIL;4;0;0
LILLE;50.62;3.05;13/08/2026;20:00;23.6;0;SOLEIL;5;0;0
LILLE;50.62;3.05;13/08/2026;21:00;22.2;0;SOLEIL;5;0;0
LILLE;50.62;3.05;13/08/2026;22:00;20.8;0;SOLEIL;5;0;0
LILLE;50.62;3.05;13/08/2026;23:00;23.6;0;SOLEIL;3;0;0
LILLE;50.62;3.05;14/08/2026;00:00;23.6;0;SOLEIL;3;0;0
LILLE;50.62;3.05;14/08/2026;01:00;23.6;0;SOLEIL;3;0;0
LILLE;50.62;3.05;14/08/2026;02:00;19.6;0;SOLEIL;5;0;0
LILLE;50.62;3.05;14/08/2026;03:00;19.6;0;SOLEIL;5;0;0
LILLE;50.62;3.05;14/08/2026;04:00;19.6;0;SOLEIL;5;0;0
LILLE;50.62;3.05;14/08/2026;05:00;21.2;0;SOLEIL;3;0;0
LILLE;50.62;3.05;14/08/2026;06:00;21.2;0;SOLEIL;3;0;0
LILLE;50.62;3.05;14/08/2026;07:00;21.2;0;SOLEIL;3;0;0
LILLE;50.62;3.05;14/08/2026;08:00;22.8;0;SOLEIL;5;0;0
LILLE;50.62;3.05;14/08/2026;09:00;24.4;0;SOLEIL;5;0;0
LILLE;50.62;3.05;14/08/2026;10:00;26.0;0;SOLEIL;5;0;0
LILLE;50.62;3.05;14/08/2026;11:00;29;0;SOLEIL;4;0;0
LILLE;50.62;3.05;14/08/2026;12:00;29;0;SOLEIL;4;0;0
LILLE;50.62;3.05;14/08/2026;13:00;29;0;SOLEIL;4;0;0
LILLE;50.62;3.05;14/08/2026;14:00;32.4;0;SOLEIL;5;0;0
LILLE;50.62;3.05;14/08/2026;15:00;34.0;0;SOLEIL;5;0;0
LILLE;50.62;3.05;14/08/2026;16:00;32.4;0;SOLEIL;5;0;0
LILLE;50.62;3.05;14/08/2026;17:00;26.7;0;SOLEIL;3;0;0
LILLE;50.62;3.05;14/08/2026;18:00;26.7;0;SOLEIL;3;0;0
LILLE;50.62;3.05;14/08/2026;19:00;26.7;0;SOLEIL;3;0;0
LILLE;50.62;3.05;14/08/2026;20:00;26.0;0;SOLEIL;5;0;0
LILLE;50.62;3.05;14/08/2026;21:00;24.4;0;SOLEIL;5;0;0
LILLE;50.62;3.05;14/08/2026;22:00;22.8;0;SOLEIL;5;0;0
LILLE;50.62;3.05;14/08/2026;23:00;20.4;0;SOLEIL;3;0;0
LILLE;50.62;3.05;15/08/2026;00:00;20.4;0;SOLEIL;3;0;0
LILLE;50.62;3.05;15/08/2026;01:00;20.4;0;SOLEIL;3;0;0
LILLE;50.62;3.05;15/08/2026;02:00;20.2;0;SOLEIL;5;0;0
LILLE;50.62;3.05;15/08/2026;03:00;20.2;0;SOLEIL;5;0;0
LILLE;50.62;3.05;15/08/2026;04:00;20.2;0;SOLEIL;5;0;0
LILLE;50.62;3.05;15/08/2026;05:00;19.6;0;SOLEIL;3;0;0
LILLE;50.62;3.05;15/08/2026;06:00;19.6;0;SOLEIL;3;0;0
LILLE;50.62;3.05;15/08/2026;07:00;19.6;0;SOLEIL;3;0;0
LILLE;50.62;3.05;15/08/2026;08:00;22.4;0;SOLEIL;5;0;0
LILLE;50.62;3.05;15/08/2026;09:00;23.5;0;SOLEIL;5;0;0
LILLE;50.62;3.05;15/08/2026;10:00;24.6;0;SOLEIL;5;0;0
LILLE;50.62;3.05;15/08/2026;11:00;26;0;SOLEIL;4;0;0
LILLE;50.62;3.05;15/08/2026;12:00;26;0;SOLEIL;4;0;0
LILLE;50.62;3.05;15/08/2026;13:00;26;0;SOLEIL;4;0;0
LILLE;50.62;3.05;15/08/2026;14:00;29.0;0;SOLEIL;5;0;0
LILLE;50.62;3.05;15/08/2026;15:00;30.1;0;SOLEIL;5;0;0
LILLE;50.62;3.05;15/08/2026;16:00;29.0;0;SOLEIL;5;0;0
LILLE;50.62;3.05;15/08/2026;17:00;24.6;0;SOLEIL;4;0;0
LILLE;50.62;3.05;15/08/2026;18:00;24.6;0;SOLEIL;4;0;0
LILLE;50.62;3.05;15/08/2026;19:00;24.6;0;SOLEIL;4;0;0
LILLE;50.62;3.05;15/08/2026;20:00;24.6;0;SOLEIL;5;0;0
LILLE;50.62;3.05;15/08/2026;21:00;23.5;0;SOLEIL;5;0;0
LILLE;50.62;3.05;15/08/2026;22:00;22.4;0;SOLEIL;5;0;0
LILLE;50.62;3.05;15/08/2026;23:00;20.2;0;SOLEIL;3;0;0
BOULOGNE-SUR-MER;50.726;1.614;08/08/2026;00:00;17.4;0;SOLEIL;3;0;0
BOULOGNE-SUR-MER;50.726;1.614;08/08/2026;01:00;17.4;0;SOLEIL;3;0;0
BOULOGNE-SUR-MER;50.726;1.614;08/08/2026;02:00;15.6;0;SOLEIL;3;0;0
BOULOGNE-SUR-MER;50.726;1.614;08/08/2026;03:00;15.6;0;SOLEIL;3;0;0
BOULOGNE-SUR-MER;50.726;1.614;08/08/2026;04:00;15.6;0;SOLEIL;3;0;0
BOULOGNE-SUR-MER;50.726;1.614;08/08/2026;05:00;17.4;0;SOLEIL;3;0;0
BOULOGNE-SUR-MER;50.726;1.614;08/08/2026;06:00;17.4;0;SOLEIL;3;0;0
BOULOGNE-SUR-MER;50.726;1.614;08/08/2026;07:00;17.4;0;SOLEIL;3;0;0
BOULOGNE-SUR-MER;50.726;1.614;08/08/2026;08:00;22.1;5;SOLEIL VOILÉ;3;0;0
BOULOGNE-SUR-MER;50.726;1.614;08/08/2026;09:00;22.1;5;SOLEIL VOILÉ;3;0;0
BOULOGNE-SUR-MER;50.726;1.614;08/08/2026;10:00;22.1;5;SOLEIL VOILÉ;3;0;0
BOULOGNE-SUR-MER;50.726;1.614;08/08/2026;11:00;24;5;SOLEIL VOILÉ;3;0;0
BOULOGNE-SUR-MER;50.726;1.614;08/08/2026;12:00;24;5;SOLEIL VOILÉ;3;0;0
BOULOGNE-SUR-MER;50.726;1.614;08/08/2026;13:00;24;5;SOLEIL VOILÉ;3;0;0
BOULOGNE-SUR-MER;50.726;1.614;08/08/2026;14:00;23.9;5;SOLEIL VOILÉ;5;0;0
BOULOGNE-SUR-MER;50.726;1.614;08/08/2026;15:00;23.9;5;SOLEIL VOILÉ;5;0;0
BOULOGNE-SUR-MER;50.726;1.614;08/08/2026;16:00;23.9;5;SOLEIL VOILÉ;5;0;0
BOULOGNE-SUR-MER;50.726;1.614;08/08/2026;17:00;23.2;5;SOLEIL VOILÉ;4;0;0
BOULOGNE-SUR-MER;50.726;1.614;08/08/2026;18:00;23.2;5;SOLEIL VOILÉ;4;0;0
BOULOGNE-SUR-MER;50.726;1.614;08/08/2026;19:00;23.2;5;SOLEIL VOILÉ;4;0;0
BOULOGNE-SUR-MER;50.726;1.614;08/08/2026;20:00;21.2;0;SOLEIL;4;0;0
BOULOGNE-SUR-MER;50.726;1.614;08/08/2026;21:00;21.2;0;SOLEIL;4;0;0
BOULOGNE-SUR-MER;50.726;1.614;08/08/2026;22:00;21.2;0;SOLEIL;4;0;0
BOULOGNE-SUR-MER;50.726;1.614;08/08/2026;23:00;20.1;0;SOLEIL;3;0;0
BOULOGNE-SUR-MER;50.726;1.614;09/08/2026;00:00;20.1;0;SOLEIL;3;0;0
BOULOGNE-SUR-MER;50.726;1.614;09/08/2026;01:00;20.1;0;SOLEIL;3;0;0
BOULOGNE-SUR-MER;50.726;1.614;09/08/2026;02:00;19.7;0;SOLEIL;3;0;0
BOULOGNE-SUR-MER;50.726;1.614;09/08/2026;03:00;19.7;0;SOLEIL;3;0;0
BOULOGNE-SUR-MER;50.726;1.614;09/08/2026;04:00;19.7;0;SOLEIL;3;0;0
BOULOGNE-SUR-MER;50.726;1.614;09/08/2026;05:00;21;0;SOLEIL;3;0;0
BOULOGNE-SUR-MER;50.726;1.614;09/08/2026;06:00;21;0;SOLEIL;3;0;0
BOULOGNE-SUR-MER;50.726;1.614;09/08/2026;07:00;21;0;SOLEIL;3;0;0
BOULOGNE-SUR-MER;50.726;1.614;09/08/2026;08:00;25.1;0;SOLEIL;3;0;0
BOULOGNE-SUR-MER;50.726;1.614;09/08/2026;09:00;25.1;0;SOLEIL;3;0;0
BOULOGNE-SUR-MER;50.726;1.614;09/08/2026;10:00;25.1;0;SOLEIL;3;0;0
BOULOGNE-SUR-MER;50.726;1.614;09/08/2026;11:00;26.5;0;SOLEIL;3;0;0
BOULOGNE-SUR-MER;50.726;1.614;09/08/2026;12:00;26.5;0;SOLEIL;3;0;0
BOULOGNE-SUR-MER;50.726;1.614;09/08/2026;13:00;26.5;0;SOLEIL;3;0;0
BOULOGNE-SUR-MER;50.726;1.614;09/08/2026;14:00;25.9;0;SOLEIL;2;0;0
BOULOGNE-SUR-MER;50.726;1.614;09/08/2026;15:00;25.9;0;SOLEIL;2;0;0
BOULOGNE-SUR-MER;50.726;1.614;09/08/2026;16:00;25.9;0;SOLEIL;2;0;0
BOULOGNE-SUR-MER;50.726;1.614;09/08/2026;17:00;23.1;0;SOLEIL;4;0;0
BOULOGNE-SUR-MER;50.726;1.614;09/08/2026;18:00;23.1;0;SOLEIL;4;0;0
BOULOGNE-SUR-MER;50.726;1.614;09/08/2026;19:00;23.1;0;SOLEIL;4;0;0
BOULOGNE-SUR-MER;50.726;1.614;09/08/2026;20:00;19.6;5;SOLEIL VOILÉ;5;0;0
BOULOGNE-SUR-MER;50.726;1.614;09/08/2026;21:00;18.5;5;SOLEIL VOILÉ;5;0;0
BOULOGNE-SUR-MER;50.726;1.614;09/08/2026;22:00;17.4;5;SOLEIL VOILÉ;5;0;0
BOULOGNE-SUR-MER;50.726;1.614;09/08/2026;23:00;20.1;0;SOLEIL;5;0;0
BOULOGNE-SUR-MER;50.726;1.614;10/08/2026;00:00;20.1;0;SOLEIL;5;0;0
BOULOGNE-SUR-MER;50.726;1.614;10/08/2026;01:00;20.1;0;SOLEIL;5;0;0
BOULOGNE-SUR-MER;50.726;1.614;10/08/2026;02:00;19.1;0;SOLEIL;5;0;0
BOULOGNE-SUR-MER;50.726;1.614;10/08/2026;03:00;19.1;0;SOLEIL;5;0;0
BOULOGNE-SUR-MER;50.726;1.614;10/08/2026;04:00;19.1;0;SOLEIL;5;0;0
BOULOGNE-SUR-MER;50.726;1.614;10/08/2026;05:00;19.6;0;SOLEIL;5;0;0
BOULOGNE-SUR-MER;50.726;1.614;10/08/2026;06:00;19.6;0;SOLEIL;5;0;0
BOULOGNE-SUR-MER;50.726;1.614;10/08/2026;07:00;19.6;0;SOLEIL;5;0;0
BOULOGNE-SUR-MER;50.726;1.614;10/08/2026;08:00;21.1;0;SOLEIL;5;0;0
BOULOGNE-SUR-MER;50.726;1.614;10/08/2026;09:00;22.1;0;SOLEIL;5;0;0
BOULOGNE-SUR-MER;50.726;1.614;10/08/2026;10:00;23.1;0;SOLEIL;5;0;0
BOULOGNE-SUR-MER;50.726;1.614;10/08/2026;11:00;22.5;0;SOLEIL;5;0;0
BOULOGNE-SUR-MER;50.726;1.614;10/08/2026;12:00;22.5;0;SOLEIL;5;0;0
BOULOGNE-SUR-MER;50.726;1.614;10/08/2026;13:00;22.5;0;SOLEIL;5;0;0
BOULOGNE-SUR-MER;50.726;1.614;10/08/2026;14:00;27.1;0;SOLEIL;5;0;0
BOULOGNE-SUR-MER;50.726;1.614;10/08/2026;15:00;28.1;0;SOLEIL;5;0;0
BOULOGNE-SUR-MER;50.726;1.614;10/08/2026;16:00;27.1;0;SOLEIL;5;0;0
BOULOGNE-SUR-MER;50.726;1.614;10/08/2026;17:00;21.6;0;SOLEIL;5;0;0
BOULOGNE-SUR-MER;50.726;1.614;10/08/2026;18:00;21.6;0;SOLEIL;5;0;0
BOULOGNE-SUR-MER;50.726;1.614;10/08/2026;19:00;21.6;0;SOLEIL;5;0;0
BOULOGNE-SUR-MER;50.726;1.614;10/08/2026;20:00;23.1;0;SOLEIL;5;0;0
BOULOGNE-SUR-MER;50.726;1.614;10/08/2026;21:00;22.1;0;SOLEIL;5;0;0
BOULOGNE-SUR-MER;50.726;1.614;10/08/2026;22:00;21.1;0;SOLEIL;5;0;0
BOULOGNE-SUR-MER;50.726;1.614;10/08/2026;23:00;18.2;0;SOLEIL;5;0;0
BOULOGNE-SUR-MER;50.726;1.614;11/08/2026;00:00;18.2;0;SOLEIL;5;0;0
BOULOGNE-SUR-MER;50.726;1.614;11/08/2026;01:00;18.2;0;SOLEIL;5;0;0
BOULOGNE-SUR-MER;50.726;1.614;11/08/2026;02:00;18.4;0;SOLEIL;5;0;0
BOULOGNE-SUR-MER;50.726;1.614;11/08/2026;03:00;18.4;0;SOLEIL;5;0;0
BOULOGNE-SUR-MER;50.726;1.614;11/08/2026;04:00;18.4;0;SOLEIL;5;0;0
BOULOGNE-SUR-MER;50.726;1.614;11/08/2026;05:00;19.1;0;SOLEIL;5;0;0
BOULOGNE-SUR-MER;50.726;1.614;11/08/2026;06:00;19.1;0;SOLEIL;5;0;0
BOULOGNE-SUR-MER;50.726;1.614;11/08/2026;07:00;19.1;0;SOLEIL;5;0;0
BOULOGNE-SUR-MER;50.726;1.614;11/08/2026;08:00;19.6;0;SOLEIL;5;0;0
BOULOGNE-SUR-MER;50.726;1.614;11/08/2026;09:00;20.2;0;SOLEIL;5;0;0
BOULOGNE-SUR-MER;50.726;1.614;11/08/2026;10:00;20.8;0;SOLEIL;5;0;0
BOULOGNE-SUR-MER;50.726;1.614;11/08/2026;11:00;25.7;0;SOLEIL;6;0;0
BOULOGNE-SUR-MER;50.726;1.614;11/08/2026;12:00;25.7;0;SOLEIL;6;0;0
BOULOGNE-SUR-MER;50.726;1.614;11/08/2026;13:00;25.7;0;SOLEIL;6;0;0
BOULOGNE-SUR-MER;50.726;1.614;11/08/2026;14:00;23.1;0;SOLEIL;5;0;0
BOULOGNE-SUR-MER;50.726;1.614;11/08/2026;15:00;23.7;0;SOLEIL;5;0;0
BOULOGNE-SUR-MER;50.726;1.614;11/08/2026;16:00;23.1;0;SOLEIL;5;0;0
BOULOGNE-SUR-MER;50.726;1.614;11/08/2026;17:00;23.7;0;SOLEIL;7;12;0
BOULOGNE-SUR-MER;50.726;1.614;11/08/2026;18:00;23.7;0;SOLEIL;7;12;0
BOULOGNE-SUR-MER;50.726;1.614;11/08/2026;19:00;23.7;0;SOLEIL;7;12;0
BOULOGNE-SUR-MER;50.726;1.614;11/08/2026;20:00;20.8;0;SOLEIL;5;0;0
BOULOGNE-SUR-MER;50.726;1.614;11/08/2026;21:00;20.2;0;SOLEIL;5;0;0
BOULOGNE-SUR-MER;50.726;1.614;11/08/2026;22:00;19.6;0;SOLEIL;5;0;0
BOULOGNE-SUR-MER;50.726;1.614;11/08/2026;23:00;20.1;0;SOLEIL;6;0;0
BOULOGNE-SUR-MER;50.726;1.614;12/08/2026;00:00;20.1;0;SOLEIL;6;0;0
BOULOGNE-SUR-MER;50.726;1.614;12/08/2026;01:00;20.1;0;SOLEIL;6;0;0
BOULOGNE-SUR-MER;50.726;1.614;12/08/2026;02:00;17.1;0;SOLEIL;5;0;0
BOULOGNE-SUR-MER;50.726;1.614;12/08/2026;03:00;17.1;0;SOLEIL;5;0;0
BOULOGNE-SUR-MER;50.726;1.614;12/08/2026;04:00;17.1;0;SOLEIL;5;0;0
BOULOGNE-SUR-MER;50.726;1.614;12/08/2026;05:00;20;0;SOLEIL;5;0;0
BOULOGNE-SUR-MER;50.726;1.614;12/08/2026;06:00;20;0;SOLEIL;5;0;0
BOULOGNE-SUR-MER;50.726;1.614;12/08/2026;07:00;20;0;SOLEIL;5;0;0
BOULOGNE-SUR-MER;50.726;1.614;12/08/2026;08:00;19.2;0;SOLEIL;5;0;0
BOULOGNE-SUR-MER;50.726;1.614;12/08/2026;09:00;20.3;0;SOLEIL;5;0;0
BOULOGNE-SUR-MER;50.726;1.614;12/08/2026;10:00;21.3;0;SOLEIL;5;0;0
BOULOGNE-SUR-MER;50.726;1.614;12/08/2026;11:00;28.4;0;SOLEIL;4;0;0
BOULOGNE-SUR-MER;50.726;1.614;12/08/2026;12:00;28.4;0;SOLEIL;4;0;0
BOULOGNE-SUR-MER;50.726;1.614;12/08/2026;13:00;28.4;0;SOLEIL;4;0;0
BOULOGNE-SUR-MER;50.726;1.614;12/08/2026;14:00;25.5;0;SOLEIL;5;0;0
BOULOGNE-SUR-MER;50.726;1.614;12/08/2026;15:00;26.6;0;SOLEIL;5;0;0
BOULOGNE-SUR-MER;50.726;1.614;12/08/2026;16:00;25.5;0;SOLEIL;5;0;0
BOULOGNE-SUR-MER;50.726;1.614;12/08/2026;17:00;26.1;0;SOLEIL;5;0;0
BOULOGNE-SUR-MER;50.726;1.614;12/08/2026;18:00;26.1;0;SOLEIL;5;0;0
BOULOGNE-SUR-MER;50.726;1.614;12/08/2026;19:00;26.1;0;SOLEIL;5;0;0
BOULOGNE-SUR-MER;50.726;1.614;12/08/2026;20:00;21.3;0;SOLEIL;5;0;0
BOULOGNE-SUR-MER;50.726;1.614;12/08/2026;21:00;20.3;0;SOLEIL;5;0;0
BOULOGNE-SUR-MER;50.726;1.614;12/08/2026;22:00;19.2;0;SOLEIL;5;0;0
BOULOGNE-SUR-MER;50.726;1.614;12/08/2026;23:00;22.9;0;SOLEIL;6;0;0
BOULOGNE-SUR-MER;50.726;1.614;13/08/2026;00:00;22.9;0;SOLEIL;6;0;0
BOULOGNE-SUR-MER;50.726;1.614;13/08/2026;01:00;22.9;0;SOLEIL;6;0;0
BOULOGNE-SUR-MER;50.726;1.614;13/08/2026;02:00;19;0;SOLEIL;5;0;0
BOULOGNE-SUR-MER;50.726;1.614;13/08/2026;03:00;19;0;SOLEIL;5;0;0
BOULOGNE-SUR-MER;50.726;1.614;13/08/2026;04:00;19;0;SOLEIL;5;0;0
BOULOGNE-SUR-MER;50.726;1.614;13/08/2026;05:00;23.6;0;SOLEIL;4;0;0
BOULOGNE-SUR-MER;50.726;1.614;13/08/2026;06:00;23.6;0;SOLEIL;4;0;0
BOULOGNE-SUR-MER;50.726;1.614;13/08/2026;07:00;23.6;0;SOLEIL;4;0;0
BOULOGNE-SUR-MER;50.726;1.614;13/08/2026;08:00;21.4;0;SOLEIL;5;0;0
BOULOGNE-SUR-MER;50.726;1.614;13/08/2026;09:00;22.5;0;SOLEIL;5;0;0
BOULOGNE-SUR-MER;50.726;1.614;13/08/2026;10:00;23.7;0;SOLEIL;5;0;0
BOULOGNE-SUR-MER;50.726;1.614;13/08/2026;11:00;27.1;0;SOLEIL;6;0;0
BOULOGNE-SUR-MER;50.726;1.614;13/08/2026;12:00;27.1;0;SOLEIL;6;0;0
BOULOGNE-SUR-MER;50.726;1.614;13/08/2026;13:00;27.1;0;SOLEIL;6;0;0
BOULOGNE-SUR-MER;50.726;1.614;13/08/2026;14:00;28.4;0;SOLEIL;5;0;0
BOULOGNE-SUR-MER;50.726;1.614;13/08/2026;15:00;29.6;0;SOLEIL;5;0;0
BOULOGNE-SUR-MER;50.726;1.614;13/08/2026;16:00;28.4;0;SOLEIL;5;0;0
BOULOGNE-SUR-MER;50.726;1.614;13/08/2026;17:00;23.4;0;SOLEIL;7;11;0
BOULOGNE-SUR-MER;50.726;1.614;13/08/2026;18:00;23.4;0;SOLEIL;7;11;0
BOULOGNE-SUR-MER;50.726;1.614;13/08/2026;19:00;23.4;0;SOLEIL;7;11;0
BOULOGNE-SUR-MER;50.726;1.614;13/08/2026;20:00;23.7;0;SOLEIL;5;0;0
BOULOGNE-SUR-MER;50.726;1.614;13/08/2026;21:00;22.5;0;SOLEIL;5;0;0
BOULOGNE-SUR-MER;50.726;1.614;13/08/2026;22:00;21.4;0;SOLEIL;5;0;0
BOULOGNE-SUR-MER;50.726;1.614;13/08/2026;23:00;20.2;0;SOLEIL;5;0;0
BOULOGNE-SUR-MER;50.726;1.614;14/08/2026;00:00;20.2;0;SOLEIL;5;0;0
BOULOGNE-SUR-MER;50.726;1.614;14/08/2026;01:00;20.2;0;SOLEIL;5;0;0
BOULOGNE-SUR-MER;50.726;1.614;14/08/2026;02:00;20.6;0;SOLEIL;5;0;0
BOULOGNE-SUR-MER;50.726;1.614;14/08/2026;03:00;20.6;0;SOLEIL;5;0;0
BOULOGNE-SUR-MER;50.726;1.614;14/08/2026;04:00;20.6;0;SOLEIL;5;0;0
BOULOGNE-SUR-MER;50.726;1.614;14/08/2026;05:00;21.4;0;SOLEIL;4;0;0
BOULOGNE-SUR-MER;50.726;1.614;14/08/2026;06:00;21.4;0;SOLEIL;4;0;0
BOULOGNE-SUR-MER;50.726;1.614;14/08/2026;07:00;21.4;0;SOLEIL;4;0;0
BOULOGNE-SUR-MER;50.726;1.614;14/08/2026;08:00;22.3;0;SOLEIL;5;0;0
BOULOGNE-SUR-MER;50.726;1.614;14/08/2026;09:00;23.1;0;SOLEIL;5;0;0
BOULOGNE-SUR-MER;50.726;1.614;14/08/2026;10:00;24.0;0;SOLEIL;5;0;0
BOULOGNE-SUR-MER;50.726;1.614;14/08/2026;11:00;24.5;0;SOLEIL;6;0;0
BOULOGNE-SUR-MER;50.726;1.614;14/08/2026;12:00;24.5;0;SOLEIL;6;0;0
BOULOGNE-SUR-MER;50.726;1.614;14/08/2026;13:00;24.5;0;SOLEIL;6;0;0
BOULOGNE-SUR-MER;50.726;1.614;14/08/2026;14:00;27.4;0;SOLEIL;5;0;0
BOULOGNE-SUR-MER;50.726;1.614;14/08/2026;15:00;28.2;0;SOLEIL;5;0;0
BOULOGNE-SUR-MER;50.726;1.614;14/08/2026;16:00;27.4;0;SOLEIL;5;0;0
BOULOGNE-SUR-MER;50.726;1.614;14/08/2026;17:00;20.7;0;SOLEIL;6;11;0
BOULOGNE-SUR-MER;50.726;1.614;14/08/2026;18:00;20.7;0;SOLEIL;6;11;0
BOULOGNE-SUR-MER;50.726;1.614;14/08/2026;19:00;20.7;0;SOLEIL;6;11;0
BOULOGNE-SUR-MER;50.726;1.614;14/08/2026;20:00;24.0;0;SOLEIL;5;0;0
BOULOGNE-SUR-MER;50.726;1.614;14/08/2026;21:00;23.1;0;SOLEIL;5;0;0
BOULOGNE-SUR-MER;50.726;1.614;14/08/2026;22:00;22.3;0;SOLEIL;5;0;0
BOULOGNE-SUR-MER;50.726;1.614;14/08/2026;23:00;18.1;0;SOLEIL;5;0;0
BOULOGNE-SUR-MER;50.726;1.614;15/08/2026;00:00;18.1;0;SOLEIL;5;0;0
BOULOGNE-SUR-MER;50.726;1.614;15/08/2026;01:00;18.1;0;SOLEIL;5;0;0
BOULOGNE-SUR-MER;50.726;1.614;15/08/2026;02:00;18.6;0;SOLEIL;5;0;0
BOULOGNE-SUR-MER;50.726;1.614;15/08/2026;03:00;18.6;0;SOLEIL;5;0;0
BOULOGNE-SUR-MER;50.726;1.614;15/08/2026;04:00;18.6;0;SOLEIL;5;0;0
BOULOGNE-SUR-MER;50.726;1.614;15/08/2026;05:00;18.4;0;SOLEIL;4;0;0
BOULOGNE-SUR-MER;50.726;1.614;15/08/2026;06:00;18.4;0;SOLEIL;4;0;0
BOULOGNE-SUR-MER;50.726;1.614;15/08/2026;07:00;18.4;0;SOLEIL;4;0;0
BOULOGNE-SUR-MER;50.726;1.614;15/08/2026;08:00;20.0;0;SOLEIL;5;0;0
BOULOGNE-SUR-MER;50.726;1.614;15/08/2026;09:00;20.8;0;SOLEIL;5;0;0
BOULOGNE-SUR-MER;50.726;1.614;15/08/2026;10:00;21.5;0;SOLEIL;5;0;0
BOULOGNE-SUR-MER;50.726;1.614;15/08/2026;11:00;20.9;0;SOLEIL;6;0;0
BOULOGNE-SUR-MER;50.726;1.614;15/08/2026;12:00;20.9;0;SOLEIL;6;0;0
BOULOGNE-SUR-MER;50.726;1.614;15/08/2026;13:00;20.9;0;SOLEIL;6;0;0
BOULOGNE-SUR-MER;50.726;1.614;15/08/2026;14:00;24.4;0;SOLEIL;5;0;0
BOULOGNE-SUR-MER;50.726;1.614;15/08/2026;15:00;25.1;0;SOLEIL;5;0;0
BOULOGNE-SUR-MER;50.726;1.614;15/08/2026;16:00;24.4;0;SOLEIL;5;0;0
BOULOGNE-SUR-MER;50.726;1.614;15/08/2026;17:00;19.5;0;SOLEIL;7;12;0
BOULOGNE-SUR-MER;50.726;1.614;15/08/2026;18:00;19.5;0;SOLEIL;7;12;0
BOULOGNE-SUR-MER;50.726;1.614;15/08/2026;19:00;19.5;0;SOLEIL;7;12;0
BOULOGNE-SUR-MER;50.726;1.614;15/08/2026;20:00;21.5;0;SOLEIL;5;0;0
BOULOGNE-SUR-MER;50.726;1.614;15/08/2026;21:00;20.8;0;SOLEIL;5;0;0
BOULOGNE-SUR-MER;50.726;1.614;15/08/2026;22:00;20.0;0;SOLEIL;5;0;0
BOULOGNE-SUR-MER;50.726;1.614;15/08/2026;23:00;17.6;0;SOLEIL;6;0;0
REIMS;49.25;4.03;08/08/2026;00:00;15.5;0;SOLEIL;2;0;0
REIMS;49.25;4.03;08/08/2026;01:00;15.5;0;SOLEIL;2;0;0
REIMS;49.25;4.03;08/08/2026;02:00;13.4;0;SOLEIL;2;0;0
REIMS;49.25;4.03;08/08/2026;03:00;13.4;0;SOLEIL;2;0;0
REIMS;49.25;4.03;08/08/2026;04:00;13.4;0;SOLEIL;2;0;0
REIMS;49.25;4.03;08/08/2026;05:00;15;0;SOLEIL;2;0;0
REIMS;49.25;4.03;08/08/2026;06:00;15;0;SOLEIL;2;0;0
REIMS;49.25;4.03;08/08/2026;07:00;15;0;SOLEIL;2;0;0
REIMS;49.25;4.03;08/08/2026;08:00;22.9;0;SOLEIL;2;0;0
REIMS;49.25;4.03;08/08/2026;09:00;22.9;0;SOLEIL;2;0;0
REIMS;49.25;4.03;08/08/2026;10:00;22.9;0;SOLEIL;2;0;0
REIMS;49.25;4.03;08/08/2026;11:00;28.2;0;SOLEIL;2;0;0
REIMS;49.25;4.03;08/08/2026;12:00;28.2;0;SOLEIL;2;0;0
REIMS;49.25;4.03;08/08/2026;13:00;28.2;0;SOLEIL;2;0;0
REIMS;49.25;4.03;08/08/2026;14:00;30.1;0;SOLEIL;2;0;0
REIMS;49.25;4.03;08/08/2026;15:00;30.1;0;SOLEIL;2;0;0
REIMS;49.25;4.03;08/08/2026;16:00;30.1;0;SOLEIL;2;0;0
REIMS;49.25;4.03;08/08/2026;17:00;28.9;0;SOLEIL;2;0;0
REIMS;49.25;4.03;08/08/2026;18:00;28.9;0;SOLEIL;2;0;0
REIMS;49.25;4.03;08/08/2026;19:00;28.9;0;SOLEIL;2;0;0
REIMS;49.25;4.03;08/08/2026;20:00;21.6;0;SOLEIL;2;0;0
REIMS;49.25;4.03;08/08/2026;21:00;21.6;0;SOLEIL;2;0;0
REIMS;49.25;4.03;08/08/2026;22:00;21.6;0;SOLEIL;2;0;0
REIMS;49.25;4.03;08/08/2026;23:00;18.5;0;SOLEIL;1;0;0
REIMS;49.25;4.03;09/08/2026;00:00;18.5;0;SOLEIL;1;0;0
REIMS;49.25;4.03;09/08/2026;01:00;18.5;0;SOLEIL;1;0;0
REIMS;49.25;4.03;09/08/2026;02:00;15.9;0;SOLEIL;1;0;0
REIMS;49.25;4.03;09/08/2026;03:00;15.9;0;SOLEIL;1;0;0
REIMS;49.25;4.03;09/08/2026;04:00;15.9;0;SOLEIL;1;0;0
REIMS;49.25;4.03;09/08/2026;05:00;18;5;SOLEIL VOILÉ;0;0;0
REIMS;49.25;4.03;09/08/2026;06:00;18;5;SOLEIL VOILÉ;0;0;0
REIMS;49.25;4.03;09/08/2026;07:00;18;5;SOLEIL VOILÉ;0;0;0
REIMS;49.25;4.03;09/08/2026;08:00;26.2;5;SOLEIL VOILÉ;1;0;0
REIMS;49.25;4.03;09/08/2026;09:00;26.2;5;SOLEIL VOILÉ;1;0;0
REIMS;49.25;4.03;09/08/2026;10:00;26.2;5;SOLEIL VOILÉ;1;0;0
REIMS;49.25;4.03;09/08/2026;11:00;31.5;5;SOLEIL VOILÉ;2;0;0
REIMS;49.25;4.03;09/08/2026;12:00;31.5;5;SOLEIL VOILÉ;2;0;0
REIMS;49.25;4.03;09/08/2026;13:00;31.5;5;SOLEIL VOILÉ;2;0;0
REIMS;49.25;4.03;09/08/2026;14:00;32.6;5;SOLEIL VOILÉ;3;0;0
REIMS;49.25;4.03;09/08/2026;15:00;32.6;5;SOLEIL VOILÉ;3;0;0
REIMS;49.25;4.03;09/08/2026;16:00;32.6;5;SOLEIL VOILÉ;3;0;0
REIMS;49.25;4.03;09/08/2026;17:00;30.1;0;SOLEIL;2;0;0
REIMS;49.25;4.03;09/08/2026;18:00;30.1;0;SOLEIL;2;0;0
REIMS;49.25;4.03;09/08/2026;19:00;30.1;0;SOLEIL;2;0;0
REIMS;49.25;4.03;09/08/2026;20:00;20.1;0;SOLEIL;5;0;0
REIMS;49.25;4.03;09/08/2026;21:00;18.1;0;SOLEIL;5;0;0
REIMS;49.25;4.03;09/08/2026;22:00;16.1;0;SOLEIL;5;0;0
REIMS;49.25;4.03;09/08/2026;23:00;21.7;0;SOLEIL;3;0;0
REIMS;49.25;4.03;10/08/2026;00:00;21.7;0;SOLEIL;3;0;0
REIMS;49.25;4.03;10/08/2026;01:00;21.7;0;SOLEIL;3;0;0
REIMS;49.25;4.03;10/08/2026;02:00;15.1;5;SOLEIL VOILÉ;5;0;0
REIMS;49.25;4.03;10/08/2026;03:00;15.1;5;SOLEIL VOILÉ;5;0;0
REIMS;49.25;4.03;10/08/2026;04:00;15.1;5;SOLEIL VOILÉ;5;0;0
REIMS;49.25;4.03;10/08/2026;05:00;20.5;0;SOLEIL;2;0;0
REIMS;49.25;4.03;10/08/2026;06:00;20.5;0;SOLEIL;2;0;0
REIMS;49.25;4.03;10/08/2026;07:00;20.5;0;SOLEIL;2;0;0
REIMS;49.25;4.03;10/08/2026;08:00;19.1;5;SOLEIL VOILÉ;5;0;0
REIMS;49.25;4.03;10/08/2026;09:00;21.1;5;SOLEIL VOILÉ;5;0;0
REIMS;49.25;4.03;10/08/2026;10:00;23.1;5;SOLEIL VOILÉ;5;0;0
REIMS;49.25;4.03;10/08/2026;11:00;30.1;0;SOLEIL;3;0;0
REIMS;49.25;4.03;10/08/2026;12:00;30.1;0;SOLEIL;3;0;0
REIMS;49.25;4.03;10/08/2026;13:00;30.1;0;SOLEIL;3;0;0
REIMS;49.25;4.03;10/08/2026;14:00;31.1;5;SOLEIL VOILÉ;5;0;0
REIMS;49.25;4.03;10/08/2026;15:00;33.1;5;SOLEIL VOILÉ;5;0;0
REIMS;49.25;4.03;10/08/2026;16:00;31.1;5;SOLEIL VOILÉ;5;0;0
REIMS;49.25;4.03;10/08/2026;17:00;28.7;0;SOLEIL;4;0;0
REIMS;49.25;4.03;10/08/2026;18:00;28.7;0;SOLEIL;4;0;0
REIMS;49.25;4.03;10/08/2026;19:00;28.7;0;SOLEIL;4;0;0
REIMS;49.25;4.03;10/08/2026;20:00;23.1;5;SOLEIL VOILÉ;5;0;0
REIMS;49.25;4.03;10/08/2026;21:00;21.1;5;SOLEIL VOILÉ;5;0;0
REIMS;49.25;4.03;10/08/2026;22:00;19.1;5;SOLEIL VOILÉ;5;0;0
REIMS;49.25;4.03;10/08/2026;23:00;19.1;0;SOLEIL;3;0;0
REIMS;49.25;4.03;11/08/2026;00:00;19.1;0;SOLEIL;3;0;0
REIMS;49.25;4.03;11/08/2026;01:00;19.1;0;SOLEIL;3;0;0
REIMS;49.25;4.03;11/08/2026;02:00;18.6;0;SOLEIL;5;0;0
REIMS;49.25;4.03;11/08/2026;03:00;18.6;0;SOLEIL;5;0;0
REIMS;49.25;4.03;11/08/2026;04:00;18.6;0;SOLEIL;5;0;0
REIMS;49.25;4.03;11/08/2026;05:00;18.6;0;SOLEIL;2;0;0
REIMS;49.25;4.03;11/08/2026;06:00;18.6;0;SOLEIL;2;0;0
REIMS;49.25;4.03;11/08/2026;07:00;18.6;0;SOLEIL;2;0;0
REIMS;49.25;4.03;11/08/2026;08:00;21.6;0;SOLEIL;5;0;0
REIMS;49.25;4.03;11/08/2026;09:00;23.0;0;SOLEIL;5;0;0
REIMS;49.25;4.03;11/08/2026;10:00;24.5;0;SOLEIL;5;0;0
REIMS;49.25;4.03;11/08/2026;11:00;28.6;0;SOLEIL;3;0;0
REIMS;49.25;4.03;11/08/2026;12:00;28.6;0;SOLEIL;3;0;0
REIMS;49.25;4.03;11/08/2026;13:00;28.6;0;SOLEIL;3;0;0
REIMS;49.25;4.03;11/08/2026;14:00;30.4;0;SOLEIL;5;0;0
REIMS;49.25;4.03;11/08/2026;15:00;31.9;0;SOLEIL;5;0;0
REIMS;49.25;4.03;11/08/2026;16:00;30.4;0;SOLEIL;5;0;0
REIMS;49.25;4.03;11/08/2026;17:00;27.9;0;SOLEIL;3;0;0
REIMS;49.25;4.03;11/08/2026;18:00;27.9;0;SOLEIL;3;0;0
REIMS;49.25;4.03;11/08/2026;19:00;27.9;0;SOLEIL;3;0;0
REIMS;49.25;4.03;11/08/2026;20:00;24.5;0;SOLEIL;5;0;0
REIMS;49.25;4.03;11/08/2026;21:00;23.0;0;SOLEIL;5;0;0
REIMS;49.25;4.03;11/08/2026;22:00;21.6;0;SOLEIL;5;0;0
REIMS;49.25;4.03;11/08/2026;23:00;19.1;0;SOLEIL;3;0;0
REIMS;49.25;4.03;12/08/2026;00:00;19.1;0;SOLEIL;3;0;0
REIMS;49.25;4.03;12/08/2026;01:00;19.1;0;SOLEIL;3;0;0
REIMS;49.25;4.03;12/08/2026;02:00;17;0;SOLEIL;5;0;0
REIMS;49.25;4.03;12/08/2026;03:00;17;0;SOLEIL;5;0;0
REIMS;49.25;4.03;12/08/2026;04:00;17;0;SOLEIL;5;0;0
REIMS;49.25;4.03;12/08/2026;05:00;18.7;0;SOLEIL;3;0;0
REIMS;49.25;4.03;12/08/2026;06:00;18.7;0;SOLEIL;3;0;0
REIMS;49.25;4.03;12/08/2026;07:00;18.7;0;SOLEIL;3;0;0
REIMS;49.25;4.03;12/08/2026;08:00;20.0;0;SOLEIL;5;0;0
REIMS;49.25;4.03;12/08/2026;09:00;21.5;0;SOLEIL;5;0;0
REIMS;49.25;4.03;12/08/2026;10:00;23.0;0;SOLEIL;5;0;0
REIMS;49.25;4.03;12/08/2026;11:00;30.6;0;SOLEIL;3;0;0
REIMS;49.25;4.03;12/08/2026;12:00;30.6;0;SOLEIL;3;0;0
REIMS;49.25;4.03;12/08/2026;13:00;30.6;0;SOLEIL;3;0;0
REIMS;49.25;4.03;12/08/2026;14:00;29.0;0;SOLEIL;5;0;0
REIMS;49.25;4.03;12/08/2026;15:00;30.5;0;SOLEIL;5;0;0
REIMS;49.25;4.03;12/08/2026;16:00;29.0;0;SOLEIL;5;0;0
REIMS;49.25;4.03;12/08/2026;17:00;31;0;SOLEIL;3;0;0
REIMS;49.25;4.03;12/08/2026;18:00;31;0;SOLEIL;3;0;0
REIMS;49.25;4.03;12/08/2026;19:00;31;0;SOLEIL;3;0;0
REIMS;49.25;4.03;12/08/2026;20:00;23.0;0;SOLEIL;5;0;0
REIMS;49.25;4.03;12/08/2026;21:00;21.5;0;SOLEIL;5;0;0
REIMS;49.25;4.03;12/08/2026;22:00;20.0;0;SOLEIL;5;0;0
REIMS;49.25;4.03;12/08/2026;23:00;20.7;0;SOLEIL;2;0;0
REIMS;49.25;4.03;13/08/2026;00:00;20.7;0;SOLEIL;2;0;0
REIMS;49.25;4.03;13/08/2026;01:00;20.7;0;SOLEIL;2;0;0
REIMS;49.25;4.03;13/08/2026;02:00;16.9;0;SOLEIL;5;0;0
REIMS;49.25;4.03;13/08/2026;03:00;16.9;0;SOLEIL;5;0;0
REIMS;49.25;4.03;13/08/2026;04:00;16.9;0;SOLEIL;5;0;0
REIMS;49.25;4.03;13/08/2026;05:00;20.9;0;SOLEIL;2;0;0
REIMS;49.25;4.03;13/08/2026;06:00;20.9;0;SOLEIL;2;0;0
REIMS;49.25;4.03;13/08/2026;07:00;20.9;0;SOLEIL;2;0;0
REIMS;49.25;4.03;13/08/2026;08:00;20.6;0;SOLEIL;5;0;0
REIMS;49.25;4.03;13/08/2026;09:00;22.5;0;SOLEIL;5;0;0
REIMS;49.25;4.03;13/08/2026;10:00;24.3;0;SOLEIL;5;0;0
REIMS;49.25;4.03;13/08/2026;11:00;36;0;SOLEIL;2;0;0
REIMS;49.25;4.03;13/08/2026;12:00;36;0;SOLEIL;2;0;0
REIMS;49.25;4.03;13/08/2026;13:00;36;0;SOLEIL;2;0;0
REIMS;49.25;4.03;13/08/2026;14:00;31.7;0;SOLEIL;5;0;0
REIMS;49.25;4.03;13/08/2026;15:00;33.6;0;SOLEIL;5;0;0
REIMS;49.25;4.03;13/08/2026;16:00;31.7;0;SOLEIL;5;0;0
REIMS;49.25;4.03;13/08/2026;17:00;32.6;0;SOLEIL;4;0;0
REIMS;49.25;4.03;13/08/2026;18:00;32.6;0;SOLEIL;4;0;0
REIMS;49.25;4.03;13/08/2026;19:00;32.6;0;SOLEIL;4;0;0
REIMS;49.25;4.03;13/08/2026;20:00;24.3;0;SOLEIL;5;0;0
REIMS;49.25;4.03;13/08/2026;21:00;22.5;0;SOLEIL;5;0;0
REIMS;49.25;4.03;13/08/2026;22:00;20.6;0;SOLEIL;5;0;0
REIMS;49.25;4.03;13/08/2026;23:00;23.1;0;SOLEIL;3;0;0
REIMS;49.25;4.03;14/08/2026;00:00;23.1;0;SOLEIL;3;0;0
REIMS;49.25;4.03;14/08/2026;01:00;23.1;0;SOLEIL;3;0;0
REIMS;49.25;4.03;14/08/2026;02:00;17.5;0;SOLEIL;5;0;0
REIMS;49.25;4.03;14/08/2026;03:00;17.5;0;SOLEIL;5;0;0
REIMS;49.25;4.03;14/08/2026;04:00;17.5;0;SOLEIL;5;0;0
REIMS;49.25;4.03;14/08/2026;05:00;21.9;0;SOLEIL;2;0;0
REIMS;49.25;4.03;14/08/2026;06:00;21.9;0;SOLEIL;2;0;0
REIMS;49.25;4.03;14/08/2026;07:00;21.9;0;SOLEIL;2;0;0
REIMS;49.25;4.03;14/08/2026;08:00;22.1;0;SOLEIL;5;0;0
REIMS;49.25;4.03;14/08/2026;09:00;24.3;0;SOLEIL;5;0;0
REIMS;49.25;4.03;14/08/2026;10:00;26.6;0;SOLEIL;5;0;0
REIMS;49.25;4.03;14/08/2026;11:00;32.7;0;SOLEIL;3;0;0
REIMS;49.25;4.03;14/08/2026;12:00;32.7;0;SOLEIL;3;0;0
REIMS;49.25;4.03;14/08/2026;13:00;32.7;0;SOLEIL;3;0;0
REIMS;49.25;4.03;14/08/2026;14:00;35.7;0;SOLEIL;5;0;0
REIMS;49.25;4.03;14/08/2026;15:00;38.0;0;SOLEIL;5;0;0
REIMS;49.25;4.03;14/08/2026;16:00;35.7;0;SOLEIL;5;0;0
REIMS;49.25;4.03;14/08/2026;17:00;29.6;0;SOLEIL;3;0;0
REIMS;49.25;4.03;14/08/2026;18:00;29.6;0;SOLEIL;3;0;0
REIMS;49.25;4.03;14/08/2026;19:00;29.6;0;SOLEIL;3;0;0
REIMS;49.25;4.03;14/08/2026;20:00;26.6;0;SOLEIL;5;0;0
REIMS;49.25;4.03;14/08/2026;21:00;24.3;0;SOLEIL;5;0;0
REIMS;49.25;4.03;14/08/2026;22:00;22.1;0;SOLEIL;5;0;0
REIMS;49.25;4.03;14/08/2026;23:00;20.7;0;SOLEIL;3;0;0
REIMS;49.25;4.03;15/08/2026;00:00;20.7;0;SOLEIL;3;0;0
REIMS;49.25;4.03;15/08/2026;01:00;20.7;0;SOLEIL;3;0;0
REIMS;49.25;4.03;15/08/2026;02:00;20;0;SOLEIL;5;0;0
REIMS;49.25;4.03;15/08/2026;03:00;20;0;SOLEIL;5;0;0
REIMS;49.25;4.03;15/08/2026;04:00;20;0;SOLEIL;5;0;0
REIMS;49.25;4.03;15/08/2026;05:00;20.2;0;SOLEIL;2;0;0
REIMS;49.25;4.03;15/08/2026;06:00;20.2;0;SOLEIL;2;0;0
REIMS;49.25;4.03;15/08/2026;07:00;20.2;0;SOLEIL;2;0;0
REIMS;49.25;4.03;15/08/2026;08:00;23.2;0;SOLEIL;5;0;0
REIMS;49.25;4.03;15/08/2026;09:00;24.8;0;SOLEIL;5;0;0
REIMS;49.25;4.03;15/08/2026;10:00;26.4;0;SOLEIL;5;0;0
REIMS;49.25;4.03;15/08/2026;11:00;28.1;0;SOLEIL;3;0;0
REIMS;49.25;4.03;15/08/2026;12:00;28.1;0;SOLEIL;3;0;0
REIMS;49.25;4.03;15/08/2026;13:00;28.1;0;SOLEIL;3;0;0
REIMS;49.25;4.03;15/08/2026;14:00;32.9;0;SOLEIL;5;0;0
REIMS;49.25;4.03;15/08/2026;15:00;34.5;0;SOLEIL;5;0;0
REIMS;49.25;4.03;15/08/2026;16:00;32.9;0;SOLEIL;5;0;0
REIMS;49.25;4.03;15/08/2026;17:00;26.2;0;SOLEIL;3;0;0
REIMS;49.25;4.03;15/08/2026;18:00;26.2;0;SOLEIL;3;0;0
REIMS;49.25;4.03;15/08/2026;19:00;26.2;0;SOLEIL;3;0;0
REIMS;49.25;4.03;15/08/2026;20:00;26.4;0;SOLEIL;5;0;0
REIMS;49.25;4.03;15/08/2026;21:00;24.8;0;SOLEIL;5;0;0
REIMS;49.25;4.03;15/08/2026;22:00;23.2;0;SOLEIL;5;0;0
REIMS;49.25;4.03;15/08/2026;23:00;20.1;0;SOLEIL;3;0;0
METZ;49.11;6.17;08/08/2026;00:00;16.1;0;SOLEIL;4;0;0
METZ;49.11;6.17;08/08/2026;01:00;16.1;0;SOLEIL;4;0;0
METZ;49.11;6.17;08/08/2026;02:00;14.4;0;SOLEIL;3;0;0
METZ;49.11;6.17;08/08/2026;03:00;14.4;0;SOLEIL;3;0;0
METZ;49.11;6.17;08/08/2026;04:00;14.4;0;SOLEIL;3;0;0
METZ;49.11;6.17;08/08/2026;05:00;16.7;0;SOLEIL;3;0;0
METZ;49.11;6.17;08/08/2026;06:00;16.7;0;SOLEIL;3;0;0
METZ;49.11;6.17;08/08/2026;07:00;16.7;0;SOLEIL;3;0;0
METZ;49.11;6.17;08/08/2026;08:00;24.1;0;SOLEIL;3;0;0
METZ;49.11;6.17;08/08/2026;09:00;24.1;0;SOLEIL;3;0;0
METZ;49.11;6.17;08/08/2026;10:00;24.1;0;SOLEIL;3;0;0
METZ;49.11;6.17;08/08/2026;11:00;29.4;0;SOLEIL;3;0;0
METZ;49.11;6.17;08/08/2026;12:00;29.4;0;SOLEIL;3;0;0
METZ;49.11;6.17;08/08/2026;13:00;29.4;0;SOLEIL;3;0;0
METZ;49.11;6.17;08/08/2026;14:00;31.4;0;SOLEIL;2;0;0
METZ;49.11;6.17;08/08/2026;15:00;31.4;0;SOLEIL;2;0;0
METZ;49.11;6.17;08/08/2026;16:00;31.4;0;SOLEIL;2;0;0
METZ;49.11;6.17;08/08/2026;17:00;30.6;0;SOLEIL;1;0;0
METZ;49.11;6.17;08/08/2026;18:00;30.6;0;SOLEIL;1;0;0
METZ;49.11;6.17;08/08/2026;19:00;30.6;0;SOLEIL;1;0;0
METZ;49.11;6.17;08/08/2026;20:00;22.7;0;SOLEIL;2;0;0
METZ;49.11;6.17;08/08/2026;21:00;22.7;0;SOLEIL;2;0;0
METZ;49.11;6.17;08/08/2026;22:00;22.7;0;SOLEIL;2;0;0
METZ;49.11;6.17;08/08/2026;23:00;19.1;0;SOLEIL;2;0;0
METZ;49.11;6.17;09/08/2026;00:00;19.1;0;SOLEIL;2;0;0
METZ;49.11;6.17;09/08/2026;01:00;19.1;0;SOLEIL;2;0;0
METZ;49.11;6.17;09/08/2026;02:00;17;0;SOLEIL;2;0;0
METZ;49.11;6.17;09/08/2026;03:00;17;0;SOLEIL;2;0;0
METZ;49.11;6.17;09/08/2026;04:00;17;0;SOLEIL;2;0;0
METZ;49.11;6.17;09/08/2026;05:00;20;5;SOLEIL VOILÉ;1;0;0
METZ;49.11;6.17;09/08/2026;06:00;20;5;SOLEIL VOILÉ;1;0;0
METZ;49.11;6.17;09/08/2026;07:00;20;5;SOLEIL VOILÉ;1;0;0
METZ;49.11;6.17;09/08/2026;08:00;27.6;5;SOLEIL VOILÉ;1;0;0
METZ;49.11;6.17;09/08/2026;09:00;27.6;5;SOLEIL VOILÉ;1;0;0
METZ;49.11;6.17;09/08/2026;10:00;27.6;5;SOLEIL VOILÉ;1;0;0
METZ;49.11;6.17;09/08/2026;11:00;32.1;5;SOLEIL VOILÉ;3;0;0
METZ;49.11;6.17;09/08/2026;12:00;32.1;5;SOLEIL VOILÉ;3;0;0
METZ;49.11;6.17;09/08/2026;13:00;32.1;5;SOLEIL VOILÉ;3;0;0
METZ;49.11;6.17;09/08/2026;14:00;32.2;5;SOLEIL VOILÉ;3;0;0
METZ;49.11;6.17;09/08/2026;15:00;32.2;5;SOLEIL VOILÉ;3;0;0
METZ;49.11;6.17;09/08/2026;16:00;32.2;5;SOLEIL VOILÉ;3;0;0
METZ;49.11;6.17;09/08/2026;17:00;29.5;5;SOLEIL VOILÉ;3;0;0
METZ;49.11;6.17;09/08/2026;18:00;29.5;5;SOLEIL VOILÉ;3;0;0
METZ;49.11;6.17;09/08/2026;19:00;29.5;5;SOLEIL VOILÉ;3;0;0
METZ;49.11;6.17;09/08/2026;20:00;21.8;0;SOLEIL;5;0;0
METZ;49.11;6.17;09/08/2026;21:00;19.8;0;SOLEIL;5;0;0
METZ;49.11;6.17;09/08/2026;22:00;17.8;0;SOLEIL;5;0;0
METZ;49.11;6.17;09/08/2026;23:00;21.4;0;SOLEIL;2;0;0
METZ;49.11;6.17;10/08/2026;00:00;21.4;0;SOLEIL;2;0;0
METZ;49.11;6.17;10/08/2026;01:00;21.4;0;SOLEIL;2;0;0
METZ;49.11;6.17;10/08/2026;02:00;16.6;5;SOLEIL VOILÉ;5;0;0
METZ;49.11;6.17;10/08/2026;03:00;16.6;5;SOLEIL VOILÉ;5;0;0
METZ;49.11;6.17;10/08/2026;04:00;16.6;5;SOLEIL VOILÉ;5;0;0
METZ;49.11;6.17;10/08/2026;05:00;21.7;0;SOLEIL;2;0;0
METZ;49.11;6.17;10/08/2026;06:00;21.7;0;SOLEIL;2;0;0
METZ;49.11;6.17;10/08/2026;07:00;21.7;0;SOLEIL;2;0;0
METZ;49.11;6.17;10/08/2026;08:00;20.3;5;SOLEIL VOILÉ;5;0;0
METZ;49.11;6.17;10/08/2026;09:00;22.1;5;SOLEIL VOILÉ;5;0;0
METZ;49.11;6.17;10/08/2026;10:00;24.0;5;SOLEIL VOILÉ;5;0;0
METZ;49.11;6.17;10/08/2026;11:00;31.6;0;SOLEIL;4;0;0
METZ;49.11;6.17;10/08/2026;12:00;31.6;0;SOLEIL;4;0;0
METZ;49.11;6.17;10/08/2026;13:00;31.6;0;SOLEIL;4;0;0
METZ;49.11;6.17;10/08/2026;14:00;31.4;5;SOLEIL VOILÉ;5;0;0
METZ;49.11;6.17;10/08/2026;15:00;33.2;5;SOLEIL VOILÉ;5;0;0
METZ;49.11;6.17;10/08/2026;16:00;31.4;5;SOLEIL VOILÉ;5;0;0
METZ;49.11;6.17;10/08/2026;17:00;29.2;0;SOLEIL;4;0;0
METZ;49.11;6.17;10/08/2026;18:00;29.2;0;SOLEIL;4;0;0
METZ;49.11;6.17;10/08/2026;19:00;29.2;0;SOLEIL;4;0;0
METZ;49.11;6.17;10/08/2026;20:00;24.0;5;SOLEIL VOILÉ;5;0;0
METZ;49.11;6.17;10/08/2026;21:00;22.1;5;SOLEIL VOILÉ;5;0;0
METZ;49.11;6.17;10/08/2026;22:00;20.3;5;SOLEIL VOILÉ;5;0;0
METZ;49.11;6.17;10/08/2026;23:00;20.6;0;SOLEIL;3;0;0
METZ;49.11;6.17;11/08/2026;00:00;20.6;0;SOLEIL;3;0;0
METZ;49.11;6.17;11/08/2026;01:00;20.6;0;SOLEIL;3;0;0
METZ;49.11;6.17;11/08/2026;02:00;19.6;0;SOLEIL;5;0;0
METZ;49.11;6.17;11/08/2026;03:00;19.6;0;SOLEIL;5;0;0
METZ;49.11;6.17;11/08/2026;04:00;19.6;0;SOLEIL;5;0;0
METZ;49.11;6.17;11/08/2026;05:00;20.1;0;SOLEIL;3;0;0
METZ;49.11;6.17;11/08/2026;06:00;20.1;0;SOLEIL;3;0;0
METZ;49.11;6.17;11/08/2026;07:00;20.1;0;SOLEIL;3;0;0
METZ;49.11;6.17;11/08/2026;08:00;22.6;0;SOLEIL;5;0;0
METZ;49.11;6.17;11/08/2026;09:00;24.1;0;SOLEIL;5;0;0
METZ;49.11;6.17;11/08/2026;10:00;25.6;0;SOLEIL;5;0;0
METZ;49.11;6.17;11/08/2026;11:00;28.4;0;SOLEIL;2;0;0
METZ;49.11;6.17;11/08/2026;12:00;28.4;0;SOLEIL;2;0;0
METZ;49.11;6.17;11/08/2026;13:00;28.4;0;SOLEIL;2;0;0
METZ;49.11;6.17;11/08/2026;14:00;31.7;0;SOLEIL;5;0;0
METZ;49.11;6.17;11/08/2026;15:00;33.2;0;SOLEIL;5;0;0
METZ;49.11;6.17;11/08/2026;16:00;31.7;0;SOLEIL;5;0;0
METZ;49.11;6.17;11/08/2026;17:00;28.6;0;SOLEIL;3;0;0
METZ;49.11;6.17;11/08/2026;18:00;28.6;0;SOLEIL;3;0;0
METZ;49.11;6.17;11/08/2026;19:00;28.6;0;SOLEIL;3;0;0
METZ;49.11;6.17;11/08/2026;20:00;25.6;0;SOLEIL;5;0;0
METZ;49.11;6.17;11/08/2026;21:00;24.1;0;SOLEIL;5;0;0
METZ;49.11;6.17;11/08/2026;22:00;22.6;0;SOLEIL;5;0;0
METZ;49.11;6.17;11/08/2026;23:00;20.2;0;SOLEIL;3;0;0
METZ;49.11;6.17;12/08/2026;00:00;20.2;0;SOLEIL;3;0;0
METZ;49.11;6.17;12/08/2026;01:00;20.2;0;SOLEIL;3;0;0
METZ;49.11;6.17;12/08/2026;02:00;18.5;0;SOLEIL;5;0;0
METZ;49.11;6.17;12/08/2026;03:00;18.5;0;SOLEIL;5;0;0
METZ;49.11;6.17;12/08/2026;04:00;18.5;0;SOLEIL;5;0;0
METZ;49.11;6.17;12/08/2026;05:00;20.1;0;SOLEIL;3;0;0
METZ;49.11;6.17;12/08/2026;06:00;20.1;0;SOLEIL;3;0;0
METZ;49.11;6.17;12/08/2026;07:00;20.1;0;SOLEIL;3;0;0
METZ;49.11;6.17;12/08/2026;08:00;21.3;0;SOLEIL;5;0;0
METZ;49.11;6.17;12/08/2026;09:00;22.6;0;SOLEIL;5;0;0
METZ;49.11;6.17;12/08/2026;10:00;24.0;0;SOLEIL;5;0;0
METZ;49.11;6.17;12/08/2026;11:00;31.5;0;SOLEIL;3;0;0
METZ;49.11;6.17;12/08/2026;12:00;31.5;0;SOLEIL;3;0;0
METZ;49.11;6.17;12/08/2026;13:00;31.5;0;SOLEIL;3;0;0
METZ;49.11;6.17;12/08/2026;14:00;29.5;0;SOLEIL;5;0;0
METZ;49.11;6.17;12/08/2026;15:00;30.9;0;SOLEIL;5;0;0
METZ;49.11;6.17;12/08/2026;16:00;29.5;0;SOLEIL;5;0;0
METZ;49.11;6.17;12/08/2026;17:00;31;0;SOLEIL;2;0;0
METZ;49.11;6.17;12/08/2026;18:00;31;0;SOLEIL;2;0;0
METZ;49.11;6.17;12/08/2026;19:00;31;0;SOLEIL;2;0;0
METZ;49.11;6.17;12/08/2026;20:00;24.0;0;SOLEIL;5;0;0
METZ;49.11;6.17;12/08/2026;21:00;22.6;0;SOLEIL;5;0;0
METZ;49.11;6.17;12/08/2026;22:00;21.3;0;SOLEIL;5;0;0
METZ;49.11;6.17;12/08/2026;23:00;22.1;0;SOLEIL;3;0;0
METZ;49.11;6.17;13/08/2026;00:00;22.1;0;SOLEIL;3;0;0
METZ;49.11;6.17;13/08/2026;01:00;22.1;0;SOLEIL;3;0;0
METZ;49.11;6.17;13/08/2026;02:00;18.5;0;SOLEIL;5;0;0
METZ;49.11;6.17;13/08/2026;03:00;18.5;0;SOLEIL;5;0;0
METZ;49.11;6.17;13/08/2026;04:00;18.5;0;SOLEIL;5;0;0
METZ;49.11;6.17;13/08/2026;05:00;22.2;0;SOLEIL;2;0;0
METZ;49.11;6.17;13/08/2026;06:00;22.2;0;SOLEIL;2;0;0
METZ;49.11;6.17;13/08/2026;07:00;22.2;0;SOLEIL;2;0;0
METZ;49.11;6.17;13/08/2026;08:00;21.9;0;SOLEIL;5;0;0
METZ;49.11;6.17;13/08/2026;09:00;23.5;0;SOLEIL;5;0;0
METZ;49.11;6.17;13/08/2026;10:00;25.2;0;SOLEIL;5;0;0
METZ;49.11;6.17;13/08/2026;11:00;35.1;0;SOLEIL;2;0;0
METZ;49.11;6.17;13/08/2026;12:00;35.1;0;SOLEIL;2;0;0
METZ;49.11;6.17;13/08/2026;13:00;35.1;0;SOLEIL;2;0;0
METZ;49.11;6.17;13/08/2026;14:00;31.9;0;SOLEIL;5;0;0
METZ;49.11;6.17;13/08/2026;15:00;33.6;0;SOLEIL;5;0;0
METZ;49.11;6.17;13/08/2026;16:00;31.9;0;SOLEIL;5;0;0
METZ;49.11;6.17;13/08/2026;17:00;33.4;0;SOLEIL;2;0;0
METZ;49.11;6.17;13/08/2026;18:00;33.4;0;SOLEIL;2;0;0
METZ;49.11;6.17;13/08/2026;19:00;33.4;0;SOLEIL;2;0;0
METZ;49.11;6.17;13/08/2026;20:00;25.2;0;SOLEIL;5;0;0
METZ;49.11;6.17;13/08/2026;21:00;23.5;0;SOLEIL;5;0;0
METZ;49.11;6.17;13/08/2026;22:00;21.9;0;SOLEIL;5;0;0
METZ;49.11;6.17;13/08/2026;23:00;25.7;0;SOLEIL;3;0;0
METZ;49.11;6.17;14/08/2026;00:00;25.7;0;SOLEIL;3;0;0
METZ;49.11;6.17;14/08/2026;01:00;25.7;0;SOLEIL;3;0;0
METZ;49.11;6.17;14/08/2026;02:00;19.7;0;SOLEIL;5;0;0
METZ;49.11;6.17;14/08/2026;03:00;19.7;0;SOLEIL;5;0;0
METZ;49.11;6.17;14/08/2026;04:00;19.7;0;SOLEIL;5;0;0
METZ;49.11;6.17;14/08/2026;05:00;24.4;0;SOLEIL;2;0;0
METZ;49.11;6.17;14/08/2026;06:00;24.4;0;SOLEIL;2;0;0
METZ;49.11;6.17;14/08/2026;07:00;24.4;0;SOLEIL;2;0;0
METZ;49.11;6.17;14/08/2026;08:00;23.5;0;SOLEIL;5;0;0
METZ;49.11;6.17;14/08/2026;09:00;25.5;0;SOLEIL;5;0;0
METZ;49.11;6.17;14/08/2026;10:00;27.4;0;SOLEIL;5;0;0
METZ;49.11;6.17;14/08/2026;11:00;33.7;0;SOLEIL;3;0;0
METZ;49.11;6.17;14/08/2026;12:00;33.7;0;SOLEIL;3;0;0
METZ;49.11;6.17;14/08/2026;13:00;33.7;0;SOLEIL;3;0;0
METZ;49.11;6.17;14/08/2026;14:00;35.1;0;SOLEIL;5;0;0
METZ;49.11;6.17;14/08/2026;15:00;37.0;0;SOLEIL;5;0;0
METZ;49.11;6.17;14/08/2026;16:00;35.1;0;SOLEIL;5;0;0
METZ;49.11;6.17;14/08/2026;17:00;31.1;0;SOLEIL;3;0;0
METZ;49.11;6.17;14/08/2026;18:00;31.1;0;SOLEIL;3;0;0
METZ;49.11;6.17;14/08/2026;19:00;31.1;0;SOLEIL;3;0;0
METZ;49.11;6.17;14/08/2026;20:00;27.4;0;SOLEIL;5;0;0
METZ;49.11;6.17;14/08/2026;21:00;25.5;0;SOLEIL;5;0;0
METZ;49.11;6.17;14/08/2026;22:00;23.5;0;SOLEIL;5;0;0
METZ;49.11;6.17;14/08/2026;23:00;23.6;0;SOLEIL;2;0;0
METZ;49.11;6.17;15/08/2026;00:00;23.6;0;SOLEIL;2;0;0
METZ;49.11;6.17;15/08/2026;01:00;23.6;0;SOLEIL;2;0;0
METZ;49.11;6.17;15/08/2026;02:00;22.7;0;SOLEIL;5;0;0
METZ;49.11;6.17;15/08/2026;03:00;22.7;0;SOLEIL;5;0;0
METZ;49.11;6.17;15/08/2026;04:00;22.7;0;SOLEIL;5;0;0
METZ;49.11;6.17;15/08/2026;05:00;21.6;0;SOLEIL;3;0;0
METZ;49.11;6.17;15/08/2026;06:00;21.6;0;SOLEIL;3;0;0
METZ;49.11;6.17;15/08/2026;07:00;21.6;0;SOLEIL;3;0;0
METZ;49.11;6.17;15/08/2026;08:00;25.5;0;SOLEIL;5;0;0
METZ;49.11;6.17;15/08/2026;09:00;26.8;0;SOLEIL;5;0;0
METZ;49.11;6.17;15/08/2026;10:00;28.2;0;SOLEIL;5;0;0
METZ;49.11;6.17;15/08/2026;11:00;26.7;0;SOLEIL;4;0;0
METZ;49.11;6.17;15/08/2026;12:00;26.7;0;SOLEIL;4;0;0
METZ;49.11;6.17;15/08/2026;13:00;26.7;0;SOLEIL;4;0;0
METZ;49.11;6.17;15/08/2026;14:00;33.7;0;SOLEIL;5;0;0
METZ;49.11;6.17;15/08/2026;15:00;35.1;0;SOLEIL;5;0;0
METZ;49.11;6.17;15/08/2026;16:00;33.7;0;SOLEIL;5;0;0
METZ;49.11;6.17;15/08/2026;17:00;25.6;0;SOLEIL;3;0;0
METZ;49.11;6.17;15/08/2026;18:00;25.6;0;SOLEIL;3;0;0
METZ;49.11;6.17;15/08/2026;19:00;25.6;0;SOLEIL;3;0;0
METZ;49.11;6.17;15/08/2026;20:00;28.2;0;SOLEIL;5;0;0
METZ;49.11;6.17;15/08/2026;21:00;26.8;0;SOLEIL;5;0;0
METZ;49.11;6.17;15/08/2026;22:00;25.5;0;SOLEIL;5;0;0
METZ;49.11;6.17;15/08/2026;23:00;20.5;0;SOLEIL;2;0;0
NANTES;47.21;-1.55;08/08/2026;00:00;18.1;5;SOLEIL VOILÉ;3;0;0
NANTES;47.21;-1.55;08/08/2026;01:00;18.1;5;SOLEIL VOILÉ;3;0;0
NANTES;47.21;-1.55;08/08/2026;02:00;16.9;5;SOLEIL VOILÉ;4;0;0
NANTES;47.21;-1.55;08/08/2026;03:00;16.9;5;SOLEIL VOILÉ;4;0;0
NANTES;47.21;-1.55;08/08/2026;04:00;16.9;5;SOLEIL VOILÉ;4;0;0
NANTES;47.21;-1.55;08/08/2026;05:00;17.2;5;SOLEIL VOILÉ;3;0;0
NANTES;47.21;-1.55;08/08/2026;06:00;17.2;5;SOLEIL VOILÉ;3;0;0
NANTES;47.21;-1.55;08/08/2026;07:00;17.2;5;SOLEIL VOILÉ;3;0;0
NANTES;47.21;-1.55;08/08/2026;08:00;24.6;5;SOLEIL VOILÉ;3;0;0
NANTES;47.21;-1.55;08/08/2026;09:00;24.6;5;SOLEIL VOILÉ;3;0;0
NANTES;47.21;-1.55;08/08/2026;10:00;24.6;5;SOLEIL VOILÉ;3;0;0
NANTES;47.21;-1.55;08/08/2026;11:00;30.4;5;SOLEIL VOILÉ;2;0;0
NANTES;47.21;-1.55;08/08/2026;12:00;30.4;5;SOLEIL VOILÉ;2;0;0
NANTES;47.21;-1.55;08/08/2026;13:00;30.4;5;SOLEIL VOILÉ;2;0;0
NANTES;47.21;-1.55;08/08/2026;14:00;33.5;0;SOLEIL;2;0;0
NANTES;47.21;-1.55;08/08/2026;15:00;33.5;0;SOLEIL;2;0;0
NANTES;47.21;-1.55;08/08/2026;16:00;33.5;0;SOLEIL;2;0;0
NANTES;47.21;-1.55;08/08/2026;17:00;30.5;0;SOLEIL;4;0;0
NANTES;47.21;-1.55;08/08/2026;18:00;30.5;0;SOLEIL;4;0;0
NANTES;47.21;-1.55;08/08/2026;19:00;30.5;0;SOLEIL;4;0;0
NANTES;47.21;-1.55;08/08/2026;20:00;25.1;0;SOLEIL;3;0;0
NANTES;47.21;-1.55;08/08/2026;21:00;25.1;0;SOLEIL;3;0;0
NANTES;47.21;-1.55;08/08/2026;22:00;25.1;0;SOLEIL;3;0;0
NANTES;47.21;-1.55;08/08/2026;23:00;21.9;5;SOLEIL VOILÉ;2;0;0
NANTES;47.21;-1.55;09/08/2026;00:00;21.9;5;SOLEIL VOILÉ;2;0;0
NANTES;47.21;-1.55;09/08/2026;01:00;21.9;5;SOLEIL VOILÉ;2;0;0
NANTES;47.21;-1.55;09/08/2026;02:00;19.9;0;SOLEIL;2;0;0
NANTES;47.21;-1.55;09/08/2026;03:00;19.9;0;SOLEIL;2;0;0
NANTES;47.21;-1.55;09/08/2026;04:00;19.9;0;SOLEIL;2;0;0
NANTES;47.21;-1.55;09/08/2026;05:00;19.7;0;SOLEIL;2;0;0
NANTES;47.21;-1.55;09/08/2026;06:00;19.7;0;SOLEIL;2;0;0
NANTES;47.21;-1.55;09/08/2026;07:00;19.7;0;SOLEIL;2;0;0
NANTES;47.21;-1.55;09/08/2026;08:00;24.6;0;SOLEIL;2;0;0
NANTES;47.21;-1.55;09/08/2026;09:00;24.6;0;SOLEIL;2;0;0
NANTES;47.21;-1.55;09/08/2026;10:00;24.6;0;SOLEIL;2;0;0
NANTES;47.21;-1.55;09/08/2026;11:00;28.7;0;SOLEIL;3;0;0
NANTES;47.21;-1.55;09/08/2026;12:00;28.7;0;SOLEIL;3;0;0
NANTES;47.21;-1.55;09/08/2026;13:00;28.7;0;SOLEIL;3;0;0
NANTES;47.21;-1.55;09/08/2026;14:00;29.5;0;SOLEIL;4;0;0
NANTES;47.21;-1.55;09/08/2026;15:00;29.5;0;SOLEIL;4;0;0
NANTES;47.21;-1.55;09/08/2026;16:00;29.5;0;SOLEIL;4;0;0
NANTES;47.21;-1.55;09/08/2026;17:00;27.7;0;SOLEIL;5;0;0
NANTES;47.21;-1.55;09/08/2026;18:00;27.7;0;SOLEIL;5;0;0
NANTES;47.21;-1.55;09/08/2026;19:00;27.7;0;SOLEIL;5;0;0
NANTES;47.21;-1.55;09/08/2026;20:00;23.9;5;SOLEIL VOILÉ;5;0;0
NANTES;47.21;-1.55;09/08/2026;21:00;21.9;5;SOLEIL VOILÉ;5;0;0
NANTES;47.21;-1.55;09/08/2026;22:00;19.8;5;SOLEIL VOILÉ;5;0;0
NANTES;47.21;-1.55;09/08/2026;23:00;21.1;0;SOLEIL;3;0;0
NANTES;47.21;-1.55;10/08/2026;00:00;21.1;0;SOLEIL;3;0;0
NANTES;47.21;-1.55;10/08/2026;01:00;21.1;0;SOLEIL;3;0;0
NANTES;47.21;-1.55;10/08/2026;02:00;19.1;0;SOLEIL;5;0;0
NANTES;47.21;-1.55;10/08/2026;03:00;19.1;0;SOLEIL;5;0;0
NANTES;47.21;-1.55;10/08/2026;04:00;19.1;0;SOLEIL;5;0;0
NANTES;47.21;-1.55;10/08/2026;05:00;19.6;0;SOLEIL;3;0;0
NANTES;47.21;-1.55;10/08/2026;06:00;19.6;0;SOLEIL;3;0;0
NANTES;47.21;-1.55;10/08/2026;07:00;19.6;0;SOLEIL;3;0;0
NANTES;47.21;-1.55;10/08/2026;08:00;21.5;0;SOLEIL;5;0;0
NANTES;47.21;-1.55;10/08/2026;09:00;22.7;0;SOLEIL;5;0;0
NANTES;47.21;-1.55;10/08/2026;10:00;23.9;0;SOLEIL;5;0;0
NANTES;47.21;-1.55;10/08/2026;11:00;28.4;0;SOLEIL;2;0;0
NANTES;47.21;-1.55;10/08/2026;12:00;28.4;0;SOLEIL;2;0;0
NANTES;47.21;-1.55;10/08/2026;13:00;28.4;0;SOLEIL;2;0;0
NANTES;47.21;-1.55;10/08/2026;14:00;28.8;0;SOLEIL;5;0;0
NANTES;47.21;-1.55;10/08/2026;15:00;30.0;0;SOLEIL;5;0;0
NANTES;47.21;-1.55;10/08/2026;16:00;28.8;0;SOLEIL;5;0;0
NANTES;47.21;-1.55;10/08/2026;17:00;30.1;0;SOLEIL;3;0;0
NANTES;47.21;-1.55;10/08/2026;18:00;30.1;0;SOLEIL;3;0;0
NANTES;47.21;-1.55;10/08/2026;19:00;30.1;0;SOLEIL;3;0;0
NANTES;47.21;-1.55;10/08/2026;20:00;23.9;0;SOLEIL;5;0;0
NANTES;47.21;-1.55;10/08/2026;21:00;22.7;0;SOLEIL;5;0;0
NANTES;47.21;-1.55;10/08/2026;22:00;21.5;0;SOLEIL;5;0;0
NANTES;47.21;-1.55;10/08/2026;23:00;22.6;0;SOLEIL;4;0;0
NANTES;47.21;-1.55;11/08/2026;00:00;22.6;0;SOLEIL;4;0;0
NANTES;47.21;-1.55;11/08/2026;01:00;22.6;0;SOLEIL;4;0;0
NANTES;47.21;-1.55;11/08/2026;02:00;19.1;0;SOLEIL;5;0;0
NANTES;47.21;-1.55;11/08/2026;03:00;19.1;0;SOLEIL;5;0;0
NANTES;47.21;-1.55;11/08/2026;04:00;19.1;0;SOLEIL;5;0;0
NANTES;47.21;-1.55;11/08/2026;05:00;21;0;SOLEIL;3;0;0
NANTES;47.21;-1.55;11/08/2026;06:00;21;0;SOLEIL;3;0;0
NANTES;47.21;-1.55;11/08/2026;07:00;21;0;SOLEIL;3;0;0
NANTES;47.21;-1.55;11/08/2026;08:00;21.9;0;SOLEIL;5;0;0
NANTES;47.21;-1.55;11/08/2026;09:00;23.2;0;SOLEIL;5;0;0
NANTES;47.21;-1.55;11/08/2026;10:00;24.6;0;SOLEIL;5;0;0
NANTES;47.21;-1.55;11/08/2026;11:00;31.1;0;SOLEIL;3;0;0
NANTES;47.21;-1.55;11/08/2026;12:00;31.1;0;SOLEIL;3;0;0
NANTES;47.21;-1.55;11/08/2026;13:00;31.1;0;SOLEIL;3;0;0
NANTES;47.21;-1.55;11/08/2026;14:00;30.1;0;SOLEIL;5;0;0
NANTES;47.21;-1.55;11/08/2026;15:00;31.5;0;SOLEIL;5;0;0
NANTES;47.21;-1.55;11/08/2026;16:00;30.1;0;SOLEIL;5;0;0
NANTES;47.21;-1.55;11/08/2026;17:00;32.1;0;SOLEIL;3;0;0
NANTES;47.21;-1.55;11/08/2026;18:00;32.1;0;SOLEIL;3;0;0
NANTES;47.21;-1.55;11/08/2026;19:00;32.1;0;SOLEIL;3;0;0
NANTES;47.21;-1.55;11/08/2026;20:00;24.6;0;SOLEIL;5;0;0
NANTES;47.21;-1.55;11/08/2026;21:00;23.2;0;SOLEIL;5;0;0
NANTES;47.21;-1.55;11/08/2026;22:00;21.9;0;SOLEIL;5;0;0
NANTES;47.21;-1.55;11/08/2026;23:00;26.5;0;SOLEIL;4;0;0
NANTES;47.21;-1.55;12/08/2026;00:00;26.5;0;SOLEIL;4;0;0
NANTES;47.21;-1.55;12/08/2026;01:00;26.5;0;SOLEIL;4;0;0
NANTES;47.21;-1.55;12/08/2026;02:00;20.1;0;SOLEIL;5;0;0
NANTES;47.21;-1.55;12/08/2026;03:00;20.1;0;SOLEIL;5;0;0
NANTES;47.21;-1.55;12/08/2026;04:00;20.1;0;SOLEIL;5;0;0
NANTES;47.21;-1.55;12/08/2026;05:00;23.1;0;SOLEIL;4;0;0
NANTES;47.21;-1.55;12/08/2026;06:00;23.1;0;SOLEIL;4;0;0
NANTES;47.21;-1.55;12/08/2026;07:00;23.1;0;SOLEIL;4;0;0
NANTES;47.21;-1.55;12/08/2026;08:00;23.2;0;SOLEIL;5;0;0
NANTES;47.21;-1.55;12/08/2026;09:00;24.8;0;SOLEIL;5;0;0
NANTES;47.21;-1.55;12/08/2026;10:00;26.3;0;SOLEIL;5;0;0
NANTES;47.21;-1.55;12/08/2026;11:00;32.6;0;SOLEIL;3;0;0
NANTES;47.21;-1.55;12/08/2026;12:00;32.6;0;SOLEIL;3;0;0
NANTES;47.21;-1.55;12/08/2026;13:00;32.6;0;SOLEIL;3;0;0
NANTES;47.21;-1.55;12/08/2026;14:00;32.5;0;SOLEIL;5;0;0
NANTES;47.21;-1.55;12/08/2026;15:00;34.1;0;SOLEIL;5;0;0
NANTES;47.21;-1.55;12/08/2026;16:00;32.5;0;SOLEIL;5;0;0
NANTES;47.21;-1.55;12/08/2026;17:00;31.1;0;SOLEIL;4;0;0
NANTES;47.21;-1.55;12/08/2026;18:00;31.1;0;SOLEIL;4;0;0
NANTES;47.21;-1.55;12/08/2026;19:00;31.1;0;SOLEIL;4;0;0
NANTES;47.21;-1.55;12/08/2026;20:00;26.3;0;SOLEIL;5;0;0
NANTES;47.21;-1.55;12/08/2026;21:00;24.8;0;SOLEIL;5;0;0
NANTES;47.21;-1.55;12/08/2026;22:00;23.2;0;SOLEIL;5;0;0
NANTES;47.21;-1.55;12/08/2026;23:00;24.4;0;SOLEIL;2;0;0
NANTES;47.21;-1.55;13/08/2026;00:00;24.4;0;SOLEIL;2;0;0
NANTES;47.21;-1.55;13/08/2026;01:00;24.4;0;SOLEIL;2;0;0
NANTES;47.21;-1.55;13/08/2026;02:00;22.6;0;SOLEIL;5;0;0
NANTES;47.21;-1.55;13/08/2026;03:00;22.6;0;SOLEIL;5;0;0
NANTES;47.21;-1.55;13/08/2026;04:00;22.6;0;SOLEIL;5;0;0
NANTES;47.21;-1.55;13/08/2026;05:00;21.9;0;SOLEIL;2;0;0
NANTES;47.21;-1.55;13/08/2026;06:00;21.9;0;SOLEIL;2;0;0
NANTES;47.21;-1.55;13/08/2026;07:00;21.9;0;SOLEIL;2;0;0
NANTES;47.21;-1.55;13/08/2026;08:00;25.3;0;SOLEIL;5;0;0
NANTES;47.21;-1.55;13/08/2026;09:00;26.6;0;SOLEIL;5;0;0
NANTES;47.21;-1.55;13/08/2026;10:00;27.9;0;SOLEIL;5;0;0
NANTES;47.21;-1.55;13/08/2026;11:00;30.9;0;SOLEIL;2;0;0
NANTES;47.21;-1.55;13/08/2026;12:00;30.9;0;SOLEIL;2;0;0
NANTES;47.21;-1.55;13/08/2026;13:00;30.9;0;SOLEIL;2;0;0
NANTES;47.21;-1.55;13/08/2026;14:00;33.3;0;SOLEIL;5;0;0
NANTES;47.21;-1.55;13/08/2026;15:00;34.6;0;SOLEIL;5;0;0
NANTES;47.21;-1.55;13/08/2026;16:00;33.3;0;SOLEIL;5;0;0
NANTES;47.21;-1.55;13/08/2026;17:00;30.9;0;SOLEIL;3;0;0
NANTES;47.21;-1.55;13/08/2026;18:00;30.9;0;SOLEIL;3;0;0
NANTES;47.21;-1.55;13/08/2026;19:00;30.9;0;SOLEIL;3;0;0
NANTES;47.21;-1.55;13/08/2026;20:00;27.9;0;SOLEIL;5;0;0
NANTES;47.21;-1.55;13/08/2026;21:00;26.6;0;SOLEIL;5;0;0
NANTES;47.21;-1.55;13/08/2026;22:00;25.3;0;SOLEIL;5;0;0
NANTES;47.21;-1.55;13/08/2026;23:00;24.6;0;SOLEIL;3;0;0
NANTES;47.21;-1.55;14/08/2026;00:00;24.6;0;SOLEIL;3;0;0
NANTES;47.21;-1.55;14/08/2026;01:00;24.6;0;SOLEIL;3;0;0
NANTES;47.21;-1.55;14/08/2026;02:00;21;0;SOLEIL;5;0;0
NANTES;47.21;-1.55;14/08/2026;03:00;21;0;SOLEIL;5;0;0
NANTES;47.21;-1.55;14/08/2026;04:00;21;0;SOLEIL;5;0;0
NANTES;47.21;-1.55;14/08/2026;05:00;21.6;0;SOLEIL;3;0;0
NANTES;47.21;-1.55;14/08/2026;06:00;21.6;0;SOLEIL;3;0;0
NANTES;47.21;-1.55;14/08/2026;07:00;21.6;0;SOLEIL;3;0;0
NANTES;47.21;-1.55;14/08/2026;08:00;23.7;0;SOLEIL;5;0;0
NANTES;47.21;-1.55;14/08/2026;09:00;25.0;0;SOLEIL;5;0;0
NANTES;47.21;-1.55;14/08/2026;10:00;26.4;0;SOLEIL;5;0;0
NANTES;47.21;-1.55;14/08/2026;11:00;29;0;SOLEIL;2;0;0
NANTES;47.21;-1.55;14/08/2026;12:00;29;0;SOLEIL;2;0;0
NANTES;47.21;-1.55;14/08/2026;13:00;29;0;SOLEIL;2;0;0
NANTES;47.21;-1.55;14/08/2026;14:00;31.8;0;SOLEIL;5;0;0
NANTES;47.21;-1.55;14/08/2026;15:00;33.1;0;SOLEIL;5;0;0
NANTES;47.21;-1.55;14/08/2026;16:00;31.8;0;SOLEIL;5;0;0
NANTES;47.21;-1.55;14/08/2026;17:00;28.5;0;SOLEIL;3;0;0
NANTES;47.21;-1.55;14/08/2026;18:00;28.5;0;SOLEIL;3;0;0
NANTES;47.21;-1.55;14/08/2026;19:00;28.5;0;SOLEIL;3;0;0
NANTES;47.21;-1.55;14/08/2026;20:00;26.4;0;SOLEIL;5;0;0
NANTES;47.21;-1.55;14/08/2026;21:00;25.0;0;SOLEIL;5;0;0
NANTES;47.21;-1.55;14/08/2026;22:00;23.7;0;SOLEIL;5;0;0
NANTES;47.21;-1.55;14/08/2026;23:00;22.7;0;SOLEIL;3;0;0
NANTES;47.21;-1.55;15/08/2026;00:00;22.7;0;SOLEIL;3;0;0
NANTES;47.21;-1.55;15/08/2026;01:00;22.7;0;SOLEIL;3;0;0
NANTES;47.21;-1.55;15/08/2026;02:00;20.9;0;SOLEIL;5;0;0
NANTES;47.21;-1.55;15/08/2026;03:00;20.9;0;SOLEIL;5;0;0
NANTES;47.21;-1.55;15/08/2026;04:00;20.9;0;SOLEIL;5;0;0
NANTES;47.21;-1.55;15/08/2026;05:00;19.6;0;SOLEIL;2;0;0
NANTES;47.21;-1.55;15/08/2026;06:00;19.6;0;SOLEIL;2;0;0
NANTES;47.21;-1.55;15/08/2026;07:00;19.6;0;SOLEIL;2;0;0
NANTES;47.21;-1.55;15/08/2026;08:00;23.1;0;SOLEIL;5;0;0
NANTES;47.21;-1.55;15/08/2026;09:00;24.2;0;SOLEIL;5;0;0
NANTES;47.21;-1.55;15/08/2026;10:00;25.3;0;SOLEIL;5;0;0
NANTES;47.21;-1.55;15/08/2026;11:00;26.1;0;SOLEIL;3;0;0
NANTES;47.21;-1.55;15/08/2026;12:00;26.1;0;SOLEIL;3;0;0
NANTES;47.21;-1.55;15/08/2026;13:00;26.1;0;SOLEIL;3;0;0
NANTES;47.21;-1.55;15/08/2026;14:00;29.6;0;SOLEIL;5;0;0
NANTES;47.21;-1.55;15/08/2026;15:00;30.7;0;SOLEIL;5;0;0
NANTES;47.21;-1.55;15/08/2026;16:00;29.6;0;SOLEIL;5;0;0
NANTES;47.21;-1.55;15/08/2026;17:00;26;0;SOLEIL;4;0;0
NANTES;47.21;-1.55;15/08/2026;18:00;26;0;SOLEIL;4;0;0
NANTES;47.21;-1.55;15/08/2026;19:00;26;0;SOLEIL;4;0;0
NANTES;47.21;-1.55;15/08/2026;20:00;25.3;0;SOLEIL;5;0;0
NANTES;47.21;-1.55;15/08/2026;21:00;24.2;0;SOLEIL;5;0;0
NANTES;47.21;-1.55;15/08/2026;22:00;23.1;0;SOLEIL;5;0;0
NANTES;47.21;-1.55;15/08/2026;23:00;21.6;0;SOLEIL;3;0;0
TOURS;47.39;0.68;08/08/2026;00:00;19;0;SOLEIL;3;0;0
TOURS;47.39;0.68;08/08/2026;01:00;19;0;SOLEIL;3;0;0
TOURS;47.39;0.68;08/08/2026;02:00;16.5;5;SOLEIL VOILÉ;4;0;0
TOURS;47.39;0.68;08/08/2026;03:00;16.5;5;SOLEIL VOILÉ;4;0;0
TOURS;47.39;0.68;08/08/2026;04:00;16.5;5;SOLEIL VOILÉ;4;0;0
TOURS;47.39;0.68;08/08/2026;05:00;16.9;5;SOLEIL VOILÉ;4;0;0
TOURS;47.39;0.68;08/08/2026;06:00;16.9;5;SOLEIL VOILÉ;4;0;0
TOURS;47.39;0.68;08/08/2026;07:00;16.9;5;SOLEIL VOILÉ;4;0;0
TOURS;47.39;0.68;08/08/2026;08:00;24.9;0;SOLEIL;3;0;0
TOURS;47.39;0.68;08/08/2026;09:00;24.9;0;SOLEIL;3;0;0
TOURS;47.39;0.68;08/08/2026;10:00;24.9;0;SOLEIL;3;0;0
TOURS;47.39;0.68;08/08/2026;11:00;30;0;SOLEIL;3;0;0
TOURS;47.39;0.68;08/08/2026;12:00;30;0;SOLEIL;3;0;0
TOURS;47.39;0.68;08/08/2026;13:00;30;0;SOLEIL;3;0;0
TOURS;47.39;0.68;08/08/2026;14:00;31.9;0;SOLEIL;2;0;0
TOURS;47.39;0.68;08/08/2026;15:00;31.9;0;SOLEIL;2;0;0
TOURS;47.39;0.68;08/08/2026;16:00;31.9;0;SOLEIL;2;0;0
TOURS;47.39;0.68;08/08/2026;17:00;31.6;0;SOLEIL;1;0;0
TOURS;47.39;0.68;08/08/2026;18:00;31.6;0;SOLEIL;1;0;0
TOURS;47.39;0.68;08/08/2026;19:00;31.6;0;SOLEIL;1;0;0
TOURS;47.39;0.68;08/08/2026;20:00;25.2;0;SOLEIL;3;0;0
TOURS;47.39;0.68;08/08/2026;21:00;25.2;0;SOLEIL;3;0;0
TOURS;47.39;0.68;08/08/2026;22:00;25.2;0;SOLEIL;3;0;0
TOURS;47.39;0.68;08/08/2026;23:00;21.2;5;SOLEIL VOILÉ;3;0;0
TOURS;47.39;0.68;09/08/2026;00:00;21.2;5;SOLEIL VOILÉ;3;0;0
TOURS;47.39;0.68;09/08/2026;01:00;21.2;5;SOLEIL VOILÉ;3;0;0
TOURS;47.39;0.68;09/08/2026;02:00;19.6;5;SOLEIL VOILÉ;2;0;0
TOURS;47.39;0.68;09/08/2026;03:00;19.6;5;SOLEIL VOILÉ;2;0;0
TOURS;47.39;0.68;09/08/2026;04:00;19.6;5;SOLEIL VOILÉ;2;0;0
TOURS;47.39;0.68;09/08/2026;05:00;19.6;0;SOLEIL;3;0;0
TOURS;47.39;0.68;09/08/2026;06:00;19.6;0;SOLEIL;3;0;0
TOURS;47.39;0.68;09/08/2026;07:00;19.6;0;SOLEIL;3;0;0
TOURS;47.39;0.68;09/08/2026;08:00;26.4;10;ORAGEUX;3;0;0
TOURS;47.39;0.68;09/08/2026;09:00;26.4;10;ORAGEUX;3;0;0
TOURS;47.39;0.68;09/08/2026;10:00;26.4;10;ORAGEUX;3;0;0
TOURS;47.39;0.68;09/08/2026;11:00;31.1;10;ORAGEUX;2;0;0
TOURS;47.39;0.68;09/08/2026;12:00;31.1;10;ORAGEUX;2;0;0
TOURS;47.39;0.68;09/08/2026;13:00;31.1;10;ORAGEUX;2;0;0
TOURS;47.39;0.68;09/08/2026;14:00;32.7;0;SOLEIL;3;0;0
TOURS;47.39;0.68;09/08/2026;15:00;32.7;0;SOLEIL;3;0;0
TOURS;47.39;0.68;09/08/2026;16:00;32.7;0;SOLEIL;3;0;0
TOURS;47.39;0.68;09/08/2026;17:00;30.6;0;SOLEIL;3;0;0
TOURS;47.39;0.68;09/08/2026;18:00;30.6;0;SOLEIL;3;0;0
TOURS;47.39;0.68;09/08/2026;19:00;30.6;0;SOLEIL;3;0;0
TOURS;47.39;0.68;09/08/2026;20:00;23.4;0;SOLEIL;5;0;0
TOURS;47.39;0.68;09/08/2026;21:00;21.4;0;SOLEIL;5;0;0
TOURS;47.39;0.68;09/08/2026;22:00;19.5;0;SOLEIL;5;0;0
TOURS;47.39;0.68;09/08/2026;23:00;21.4;0;SOLEIL;3;0;0
TOURS;47.39;0.68;10/08/2026;00:00;21.4;0;SOLEIL;3;0;0
TOURS;47.39;0.68;10/08/2026;01:00;21.4;0;SOLEIL;3;0;0
TOURS;47.39;0.68;10/08/2026;02:00;18.9;10;ORAGEUX;5;0;0
TOURS;47.39;0.68;10/08/2026;03:00;18.9;10;ORAGEUX;5;0;0
TOURS;47.39;0.68;10/08/2026;04:00;18.9;10;ORAGEUX;5;0;0
TOURS;47.39;0.68;10/08/2026;05:00;19.6;0;SOLEIL;3;0;0
TOURS;47.39;0.68;10/08/2026;06:00;19.6;0;SOLEIL;3;0;0
TOURS;47.39;0.68;10/08/2026;07:00;19.6;0;SOLEIL;3;0;0
TOURS;47.39;0.68;10/08/2026;08:00;22.2;10;ORAGEUX;5;0;0
TOURS;47.39;0.68;10/08/2026;09:00;23.9;10;ORAGEUX;5;0;0
TOURS;47.39;0.68;10/08/2026;10:00;25.6;10;ORAGEUX;5;0;0
TOURS;47.39;0.68;10/08/2026;11:00;30.6;0;SOLEIL;3;0;0
TOURS;47.39;0.68;10/08/2026;12:00;30.6;0;SOLEIL;3;0;0
TOURS;47.39;0.68;10/08/2026;13:00;30.6;0;SOLEIL;3;0;0
TOURS;47.39;0.68;10/08/2026;14:00;32.2;10;ORAGEUX;5;0;0
TOURS;47.39;0.68;10/08/2026;15:00;33.9;10;ORAGEUX;5;0;0
TOURS;47.39;0.68;10/08/2026;16:00;32.2;10;ORAGEUX;5;0;0
TOURS;47.39;0.68;10/08/2026;17:00;30.9;0;SOLEIL;3;0;0
TOURS;47.39;0.68;10/08/2026;18:00;30.9;0;SOLEIL;3;0;0
TOURS;47.39;0.68;10/08/2026;19:00;30.9;0;SOLEIL;3;0;0
TOURS;47.39;0.68;10/08/2026;20:00;25.6;10;ORAGEUX;5;0;0
TOURS;47.39;0.68;10/08/2026;21:00;23.9;10;ORAGEUX;5;0;0
TOURS;47.39;0.68;10/08/2026;22:00;22.2;10;ORAGEUX;5;0;0
TOURS;47.39;0.68;10/08/2026;23:00;21.7;0;SOLEIL;4;0;0
TOURS;47.39;0.68;11/08/2026;00:00;21.7;0;SOLEIL;4;0;0
TOURS;47.39;0.68;11/08/2026;01:00;21.7;0;SOLEIL;4;0;0
TOURS;47.39;0.68;11/08/2026;02:00;19.1;0;SOLEIL;5;0;0
TOURS;47.39;0.68;11/08/2026;03:00;19.1;0;SOLEIL;5;0;0
TOURS;47.39;0.68;11/08/2026;04:00;19.1;0;SOLEIL;5;0;0
TOURS;47.39;0.68;11/08/2026;05:00;19.7;0;SOLEIL;4;0;0
TOURS;47.39;0.68;11/08/2026;06:00;19.7;0;SOLEIL;4;0;0
TOURS;47.39;0.68;11/08/2026;07:00;19.7;0;SOLEIL;4;0;0
TOURS;47.39;0.68;11/08/2026;08:00;22.2;0;SOLEIL;5;0;0
TOURS;47.39;0.68;11/08/2026;09:00;23.8;0;SOLEIL;5;0;0
TOURS;47.39;0.68;11/08/2026;10:00;25.3;0;SOLEIL;5;0;0
TOURS;47.39;0.68;11/08/2026;11:00;31.1;0;SOLEIL;3;0;0
TOURS;47.39;0.68;11/08/2026;12:00;31.1;0;SOLEIL;3;0;0
TOURS;47.39;0.68;11/08/2026;13:00;31.1;0;SOLEIL;3;0;0
TOURS;47.39;0.68;11/08/2026;14:00;31.5;0;SOLEIL;5;0;0
TOURS;47.39;0.68;11/08/2026;15:00;33.1;0;SOLEIL;5;0;0
TOURS;47.39;0.68;11/08/2026;16:00;31.5;0;SOLEIL;5;0;0
TOURS;47.39;0.68;11/08/2026;17:00;31.6;0;SOLEIL;3;0;0
TOURS;47.39;0.68;11/08/2026;18:00;31.6;0;SOLEIL;3;0;0
TOURS;47.39;0.68;11/08/2026;19:00;31.6;0;SOLEIL;3;0;0
TOURS;47.39;0.68;11/08/2026;20:00;25.3;0;SOLEIL;5;0;0
TOURS;47.39;0.68;11/08/2026;21:00;23.8;0;SOLEIL;5;0;0
TOURS;47.39;0.68;11/08/2026;22:00;22.2;0;SOLEIL;5;0;0
TOURS;47.39;0.68;11/08/2026;23:00;23.1;0;SOLEIL;4;0;0
TOURS;47.39;0.68;12/08/2026;00:00;23.1;0;SOLEIL;4;0;0
TOURS;47.39;0.68;12/08/2026;01:00;23.1;0;SOLEIL;4;0;0
TOURS;47.39;0.68;12/08/2026;02:00;19.1;0;SOLEIL;5;0;0
TOURS;47.39;0.68;12/08/2026;03:00;19.1;0;SOLEIL;5;0;0
TOURS;47.39;0.68;12/08/2026;04:00;19.1;0;SOLEIL;5;0;0
TOURS;47.39;0.68;12/08/2026;05:00;21.1;0;SOLEIL;4;0;0
TOURS;47.39;0.68;12/08/2026;06:00;21.1;0;SOLEIL;4;0;0
TOURS;47.39;0.68;12/08/2026;07:00;21.1;0;SOLEIL;4;0;0
TOURS;47.39;0.68;12/08/2026;08:00;22.4;0;SOLEIL;5;0;0
TOURS;47.39;0.68;12/08/2026;09:00;24.1;0;SOLEIL;5;0;0
TOURS;47.39;0.68;12/08/2026;10:00;25.8;0;SOLEIL;5;0;0
TOURS;47.39;0.68;12/08/2026;11:00;34;0;SOLEIL;3;0;0
TOURS;47.39;0.68;12/08/2026;12:00;34;0;SOLEIL;3;0;0
TOURS;47.39;0.68;12/08/2026;13:00;34;0;SOLEIL;3;0;0
TOURS;47.39;0.68;12/08/2026;14:00;32.4;0;SOLEIL;5;0;0
TOURS;47.39;0.68;12/08/2026;15:00;34.1;0;SOLEIL;5;0;0
TOURS;47.39;0.68;12/08/2026;16:00;32.4;0;SOLEIL;5;0;0
TOURS;47.39;0.68;12/08/2026;17:00;34.1;0;SOLEIL;2;0;0
TOURS;47.39;0.68;12/08/2026;18:00;34.1;0;SOLEIL;2;0;0
TOURS;47.39;0.68;12/08/2026;19:00;34.1;0;SOLEIL;2;0;0
TOURS;47.39;0.68;12/08/2026;20:00;25.8;0;SOLEIL;5;0;0
TOURS;47.39;0.68;12/08/2026;21:00;24.1;0;SOLEIL;5;0;0
TOURS;47.39;0.68;12/08/2026;22:00;22.4;0;SOLEIL;5;0;0
TOURS;47.39;0.68;12/08/2026;23:00;25.1;0;SOLEIL;3;0;0
TOURS;47.39;0.68;13/08/2026;00:00;25.1;0;SOLEIL;3;0;0
TOURS;47.39;0.68;13/08/2026;01:00;25.1;0;SOLEIL;3;0;0
TOURS;47.39;0.68;13/08/2026;02:00;20.1;0;SOLEIL;5;0;0
TOURS;47.39;0.68;13/08/2026;03:00;20.1;0;SOLEIL;5;0;0
TOURS;47.39;0.68;13/08/2026;04:00;20.1;0;SOLEIL;5;0;0
TOURS;47.39;0.68;13/08/2026;05:00;21.9;0;SOLEIL;3;0;0
TOURS;47.39;0.68;13/08/2026;06:00;21.9;0;SOLEIL;3;0;0
TOURS;47.39;0.68;13/08/2026;07:00;21.9;0;SOLEIL;3;0;0
TOURS;47.39;0.68;13/08/2026;08:00;23.9;0;SOLEIL;5;0;0
TOURS;47.39;0.68;13/08/2026;09:00;25.7;0;SOLEIL;5;0;0
TOURS;47.39;0.68;13/08/2026;10:00;27.6;0;SOLEIL;5;0;0
TOURS;47.39;0.68;13/08/2026;11:00;33.7;0;SOLEIL;3;0;0
TOURS;47.39;0.68;13/08/2026;12:00;33.7;0;SOLEIL;3;0;0
TOURS;47.39;0.68;13/08/2026;13:00;33.7;0;SOLEIL;3;0;0
TOURS;47.39;0.68;13/08/2026;14:00;35.1;0;SOLEIL;5;0;0
TOURS;47.39;0.68;13/08/2026;15:00;37.0;0;SOLEIL;5;0;0
TOURS;47.39;0.68;13/08/2026;16:00;35.1;0;SOLEIL;5;0;0
TOURS;47.39;0.68;13/08/2026;17:00;34.9;0;SOLEIL;3;0;0
TOURS;47.39;0.68;13/08/2026;18:00;34.9;0;SOLEIL;3;0;0
TOURS;47.39;0.68;13/08/2026;19:00;34.9;0;SOLEIL;3;0;0
TOURS;47.39;0.68;13/08/2026;20:00;27.6;0;SOLEIL;5;0;0
TOURS;47.39;0.68;13/08/2026;21:00;25.7;0;SOLEIL;5;0;0
TOURS;47.39;0.68;13/08/2026;22:00;23.9;0;SOLEIL;5;0;0
TOURS;47.39;0.68;13/08/2026;23:00;25.1;0;SOLEIL;4;0;0
TOURS;47.39;0.68;14/08/2026;00:00;25.1;0;SOLEIL;4;0;0
TOURS;47.39;0.68;14/08/2026;01:00;25.1;0;SOLEIL;4;0;0
TOURS;47.39;0.68;14/08/2026;02:00;20.7;0;SOLEIL;5;0;0
TOURS;47.39;0.68;14/08/2026;03:00;20.7;0;SOLEIL;5;0;0
TOURS;47.39;0.68;14/08/2026;04:00;20.7;0;SOLEIL;5;0;0
TOURS;47.39;0.68;14/08/2026;05:00;22;0;SOLEIL;3;0;0
TOURS;47.39;0.68;14/08/2026;06:00;22;0;SOLEIL;3;0;0
TOURS;47.39;0.68;14/08/2026;07:00;22;0;SOLEIL;3;0;0
TOURS;47.39;0.68;14/08/2026;08:00;24.3;0;SOLEIL;5;0;0
TOURS;47.39;0.68;14/08/2026;09:00;26.1;0;SOLEIL;5;0;0
TOURS;47.39;0.68;14/08/2026;10:00;27.9;0;SOLEIL;5;0;0
TOURS;47.39;0.68;14/08/2026;11:00;31;0;SOLEIL;2;0;0
TOURS;47.39;0.68;14/08/2026;12:00;31;0;SOLEIL;2;0;0
TOURS;47.39;0.68;14/08/2026;13:00;31;0;SOLEIL;2;0;0
TOURS;47.39;0.68;14/08/2026;14:00;35.1;0;SOLEIL;5;0;0
TOURS;47.39;0.68;14/08/2026;15:00;36.9;0;SOLEIL;5;0;0
TOURS;47.39;0.68;14/08/2026;16:00;35.1;0;SOLEIL;5;0;0
TOURS;47.39;0.68;14/08/2026;17:00;31;0;SOLEIL;3;0;0
TOURS;47.39;0.68;14/08/2026;18:00;31;0;SOLEIL;3;0;0
TOURS;47.39;0.68;14/08/2026;19:00;31;0;SOLEIL;3;0;0
TOURS;47.39;0.68;14/08/2026;20:00;27.9;0;SOLEIL;5;0;0
TOURS;47.39;0.68;14/08/2026;21:00;26.1;0;SOLEIL;5;0;0
TOURS;47.39;0.68;14/08/2026;22:00;24.3;0;SOLEIL;5;0;0
TOURS;47.39;0.68;14/08/2026;23:00;22.2;0;SOLEIL;3;0;0
TOURS;47.39;0.68;15/08/2026;00:00;22.2;0;SOLEIL;3;0;0
TOURS;47.39;0.68;15/08/2026;01:00;22.2;0;SOLEIL;3;0;0
TOURS;47.39;0.68;15/08/2026;02:00;21;0;SOLEIL;5;0;0
TOURS;47.39;0.68;15/08/2026;03:00;21;0;SOLEIL;5;0;0
TOURS;47.39;0.68;15/08/2026;04:00;21;0;SOLEIL;5;0;0
TOURS;47.39;0.68;15/08/2026;05:00;19.6;0;SOLEIL;2;0;0
TOURS;47.39;0.68;15/08/2026;06:00;19.6;0;SOLEIL;2;0;0
TOURS;47.39;0.68;15/08/2026;07:00;19.6;0;SOLEIL;2;0;0
TOURS;47.39;0.68;15/08/2026;08:00;23.7;0;SOLEIL;5;0;0
TOURS;47.39;0.68;15/08/2026;09:00;25.0;0;SOLEIL;5;0;0
TOURS;47.39;0.68;15/08/2026;10:00;26.4;0;SOLEIL;5;0;0
TOURS;47.39;0.68;15/08/2026;11:00;27.6;0;SOLEIL;3;0;0
TOURS;47.39;0.68;15/08/2026;12:00;27.6;0;SOLEIL;3;0;0
TOURS;47.39;0.68;15/08/2026;13:00;27.6;0;SOLEIL;3;0;0
TOURS;47.39;0.68;15/08/2026;14:00;31.8;0;SOLEIL;5;0;0
TOURS;47.39;0.68;15/08/2026;15:00;33.1;0;SOLEIL;5;0;0
TOURS;47.39;0.68;15/08/2026;16:00;31.8;0;SOLEIL;5;0;0
TOURS;47.39;0.68;15/08/2026;17:00;27.2;0;SOLEIL;3;0;0
TOURS;47.39;0.68;15/08/2026;18:00;27.2;0;SOLEIL;3;0;0
TOURS;47.39;0.68;15/08/2026;19:00;27.2;0;SOLEIL;3;0;0
TOURS;47.39;0.68;15/08/2026;20:00;26.4;0;SOLEIL;5;0;0
TOURS;47.39;0.68;15/08/2026;21:00;25.0;0;SOLEIL;5;0;0
TOURS;47.39;0.68;15/08/2026;22:00;23.7;0;SOLEIL;5;0;0
TOURS;47.39;0.68;15/08/2026;23:00;21.6;0;SOLEIL;3;0;0
AUXERRE;47.79;3.57;08/08/2026;00:00;16.4;0;SOLEIL;2;0;0
AUXERRE;47.79;3.57;08/08/2026;01:00;16.4;0;SOLEIL;2;0;0
AUXERRE;47.79;3.57;08/08/2026;02:00;13.2;0;SOLEIL;2;0;0
AUXERRE;47.79;3.57;08/08/2026;03:00;13.2;0;SOLEIL;2;0;0
AUXERRE;47.79;3.57;08/08/2026;04:00;13.2;0;SOLEIL;2;0;0
AUXERRE;47.79;3.57;08/08/2026;05:00;16.1;0;SOLEIL;2;0;0
AUXERRE;47.79;3.57;08/08/2026;06:00;16.1;0;SOLEIL;2;0;0
AUXERRE;47.79;3.57;08/08/2026;07:00;16.1;0;SOLEIL;2;0;0
AUXERRE;47.79;3.57;08/08/2026;08:00;23.5;0;SOLEIL;2;0;0
AUXERRE;47.79;3.57;08/08/2026;09:00;23.5;0;SOLEIL;2;0;0
AUXERRE;47.79;3.57;08/08/2026;10:00;23.5;0;SOLEIL;2;0;0
AUXERRE;47.79;3.57;08/08/2026;11:00;30.1;0;SOLEIL;2;0;0
AUXERRE;47.79;3.57;08/08/2026;12:00;30.1;0;SOLEIL;2;0;0
AUXERRE;47.79;3.57;08/08/2026;13:00;30.1;0;SOLEIL;2;0;0
AUXERRE;47.79;3.57;08/08/2026;14:00;33.1;0;SOLEIL;3;0;0
AUXERRE;47.79;3.57;08/08/2026;15:00;33.1;0;SOLEIL;3;0;0
AUXERRE;47.79;3.57;08/08/2026;16:00;33.1;0;SOLEIL;3;0;0
AUXERRE;47.79;3.57;08/08/2026;17:00;31.4;0;SOLEIL;3;0;0
AUXERRE;47.79;3.57;08/08/2026;18:00;31.4;0;SOLEIL;3;0;0
AUXERRE;47.79;3.57;08/08/2026;19:00;31.4;0;SOLEIL;3;0;0
AUXERRE;47.79;3.57;08/08/2026;20:00;24.6;0;SOLEIL;1;0;0
AUXERRE;47.79;3.57;08/08/2026;21:00;24.6;0;SOLEIL;1;0;0
AUXERRE;47.79;3.57;08/08/2026;22:00;24.6;0;SOLEIL;1;0;0
AUXERRE;47.79;3.57;08/08/2026;23:00;19.2;0;SOLEIL;0;0;0
AUXERRE;47.79;3.57;09/08/2026;00:00;19.2;0;SOLEIL;0;0;0
AUXERRE;47.79;3.57;09/08/2026;01:00;19.2;0;SOLEIL;0;0;0
AUXERRE;47.79;3.57;09/08/2026;02:00;17;5;SOLEIL VOILÉ;0;0;0
AUXERRE;47.79;3.57;09/08/2026;03:00;17;5;SOLEIL VOILÉ;0;0;0
AUXERRE;47.79;3.57;09/08/2026;04:00;17;5;SOLEIL VOILÉ;0;0;0
AUXERRE;47.79;3.57;09/08/2026;05:00;19.1;5;SOLEIL VOILÉ;0;0;0
AUXERRE;47.79;3.57;09/08/2026;06:00;19.1;5;SOLEIL VOILÉ;0;0;0
AUXERRE;47.79;3.57;09/08/2026;07:00;19.1;5;SOLEIL VOILÉ;0;0;0
AUXERRE;47.79;3.57;09/08/2026;08:00;24.7;5;SOLEIL VOILÉ;2;0;0
AUXERRE;47.79;3.57;09/08/2026;09:00;24.7;5;SOLEIL VOILÉ;2;0;0
AUXERRE;47.79;3.57;09/08/2026;10:00;24.7;5;SOLEIL VOILÉ;2;0;0
AUXERRE;47.79;3.57;09/08/2026;11:00;30.4;5;SOLEIL VOILÉ;2;0;0
AUXERRE;47.79;3.57;09/08/2026;12:00;30.4;5;SOLEIL VOILÉ;2;0;0
AUXERRE;47.79;3.57;09/08/2026;13:00;30.4;5;SOLEIL VOILÉ;2;0;0
AUXERRE;47.79;3.57;09/08/2026;14:00;33.5;0;SOLEIL;3;0;0
AUXERRE;47.79;3.57;09/08/2026;15:00;33.5;0;SOLEIL;3;0;0
AUXERRE;47.79;3.57;09/08/2026;16:00;33.5;0;SOLEIL;3;0;0
AUXERRE;47.79;3.57;09/08/2026;17:00;31.4;0;SOLEIL;2;0;0
AUXERRE;47.79;3.57;09/08/2026;18:00;31.4;0;SOLEIL;2;0;0
AUXERRE;47.79;3.57;09/08/2026;19:00;31.4;0;SOLEIL;2;0;0
AUXERRE;47.79;3.57;09/08/2026;20:00;22.0;0;SOLEIL;5;0;0
AUXERRE;47.79;3.57;09/08/2026;21:00;19.6;0;SOLEIL;5;0;0
AUXERRE;47.79;3.57;09/08/2026;22:00;17.3;0;SOLEIL;5;0;0
AUXERRE;47.79;3.57;09/08/2026;23:00;21.4;0;SOLEIL;2;0;0
AUXERRE;47.79;3.57;10/08/2026;00:00;21.4;0;SOLEIL;2;0;0
AUXERRE;47.79;3.57;10/08/2026;01:00;21.4;0;SOLEIL;2;0;0
AUXERRE;47.79;3.57;10/08/2026;02:00;16.2;5;SOLEIL VOILÉ;5;0;0
AUXERRE;47.79;3.57;10/08/2026;03:00;16.2;5;SOLEIL VOILÉ;5;0;0
AUXERRE;47.79;3.57;10/08/2026;04:00;16.2;5;SOLEIL VOILÉ;5;0;0
AUXERRE;47.79;3.57;10/08/2026;05:00;20.7;0;SOLEIL;2;0;0
AUXERRE;47.79;3.57;10/08/2026;06:00;20.7;0;SOLEIL;2;0;0
AUXERRE;47.79;3.57;10/08/2026;07:00;20.7;0;SOLEIL;2;0;0
AUXERRE;47.79;3.57;10/08/2026;08:00;20.2;5;SOLEIL VOILÉ;5;0;0
AUXERRE;47.79;3.57;10/08/2026;09:00;22.1;5;SOLEIL VOILÉ;5;0;0
AUXERRE;47.79;3.57;10/08/2026;10:00;24.1;5;SOLEIL VOILÉ;5;0;0
AUXERRE;47.79;3.57;10/08/2026;11:00;32;0;SOLEIL;2;0;0
AUXERRE;47.79;3.57;10/08/2026;12:00;32;0;SOLEIL;2;0;0
AUXERRE;47.79;3.57;10/08/2026;13:00;32;0;SOLEIL;2;0;0
AUXERRE;47.79;3.57;10/08/2026;14:00;32.0;5;SOLEIL VOILÉ;5;0;0
AUXERRE;47.79;3.57;10/08/2026;15:00;34.0;5;SOLEIL VOILÉ;5;0;0
AUXERRE;47.79;3.57;10/08/2026;16:00;32.0;5;SOLEIL VOILÉ;5;0;0
AUXERRE;47.79;3.57;10/08/2026;17:00;30.6;0;SOLEIL;3;0;0
AUXERRE;47.79;3.57;10/08/2026;18:00;30.6;0;SOLEIL;3;0;0
AUXERRE;47.79;3.57;10/08/2026;19:00;30.6;0;SOLEIL;3;0;0
AUXERRE;47.79;3.57;10/08/2026;20:00;24.1;5;SOLEIL VOILÉ;5;0;0
AUXERRE;47.79;3.57;10/08/2026;21:00;22.1;5;SOLEIL VOILÉ;5;0;0
AUXERRE;47.79;3.57;10/08/2026;22:00;20.2;5;SOLEIL VOILÉ;5;0;0
AUXERRE;47.79;3.57;10/08/2026;23:00;21.6;0;SOLEIL;3;0;0
AUXERRE;47.79;3.57;11/08/2026;00:00;21.6;0;SOLEIL;3;0;0
AUXERRE;47.79;3.57;11/08/2026;01:00;21.6;0;SOLEIL;3;0;0
AUXERRE;47.79;3.57;11/08/2026;02:00;19;0;SOLEIL;5;0;0
AUXERRE;47.79;3.57;11/08/2026;03:00;19;0;SOLEIL;5;0;0
AUXERRE;47.79;3.57;11/08/2026;04:00;19;0;SOLEIL;5;0;0
AUXERRE;47.79;3.57;11/08/2026;05:00;19.1;0;SOLEIL;2;0;0
AUXERRE;47.79;3.57;11/08/2026;06:00;19.1;0;SOLEIL;2;0;0
AUXERRE;47.79;3.57;11/08/2026;07:00;19.1;0;SOLEIL;2;0;0
AUXERRE;47.79;3.57;11/08/2026;08:00;22.2;0;SOLEIL;5;0;0
AUXERRE;47.79;3.57;11/08/2026;09:00;23.9;0;SOLEIL;5;0;0
AUXERRE;47.79;3.57;11/08/2026;10:00;25.5;0;SOLEIL;5;0;0
AUXERRE;47.79;3.57;11/08/2026;11:00;31.9;0;SOLEIL;3;0;0
AUXERRE;47.79;3.57;11/08/2026;12:00;31.9;0;SOLEIL;3;0;0
AUXERRE;47.79;3.57;11/08/2026;13:00;31.9;0;SOLEIL;3;0;0
AUXERRE;47.79;3.57;11/08/2026;14:00;32.0;0;SOLEIL;5;0;0
AUXERRE;47.79;3.57;11/08/2026;15:00;33.6;0;SOLEIL;5;0;0
AUXERRE;47.79;3.57;11/08/2026;16:00;32.0;0;SOLEIL;5;0;0
AUXERRE;47.79;3.57;11/08/2026;17:00;30.6;0;SOLEIL;3;0;0
AUXERRE;47.79;3.57;11/08/2026;18:00;30.6;0;SOLEIL;3;0;0
AUXERRE;47.79;3.57;11/08/2026;19:00;30.6;0;SOLEIL;3;0;0
AUXERRE;47.79;3.57;11/08/2026;20:00;25.5;0;SOLEIL;5;0;0
AUXERRE;47.79;3.57;11/08/2026;21:00;23.9;0;SOLEIL;5;0;0
AUXERRE;47.79;3.57;11/08/2026;22:00;22.2;0;SOLEIL;5;0;0
AUXERRE;47.79;3.57;11/08/2026;23:00;22.4;0;SOLEIL;2;0;0
AUXERRE;47.79;3.57;12/08/2026;00:00;22.4;0;SOLEIL;2;0;0
AUXERRE;47.79;3.57;12/08/2026;01:00;22.4;0;SOLEIL;2;0;0
AUXERRE;47.79;3.57;12/08/2026;02:00;17.9;0;SOLEIL;5;0;0
AUXERRE;47.79;3.57;12/08/2026;03:00;17.9;0;SOLEIL;5;0;0
AUXERRE;47.79;3.57;12/08/2026;04:00;17.9;0;SOLEIL;5;0;0
AUXERRE;47.79;3.57;12/08/2026;05:00;19.7;0;SOLEIL;2;0;0
AUXERRE;47.79;3.57;12/08/2026;06:00;19.7;0;SOLEIL;2;0;0
AUXERRE;47.79;3.57;12/08/2026;07:00;19.7;0;SOLEIL;2;0;0
AUXERRE;47.79;3.57;12/08/2026;08:00;21.5;0;SOLEIL;5;0;0
AUXERRE;47.79;3.57;12/08/2026;09:00;23.2;0;SOLEIL;5;0;0
AUXERRE;47.79;3.57;12/08/2026;10:00;25.0;0;SOLEIL;5;0;0
AUXERRE;47.79;3.57;12/08/2026;11:00;33.1;0;SOLEIL;2;0;0
AUXERRE;47.79;3.57;12/08/2026;12:00;33.1;0;SOLEIL;2;0;0
AUXERRE;47.79;3.57;12/08/2026;13:00;33.1;0;SOLEIL;2;0;0
AUXERRE;47.79;3.57;12/08/2026;14:00;32.1;0;SOLEIL;5;0;0
AUXERRE;47.79;3.57;12/08/2026;15:00;33.9;0;SOLEIL;5;0;0
AUXERRE;47.79;3.57;12/08/2026;16:00;32.1;0;SOLEIL;5;0;0
AUXERRE;47.79;3.57;12/08/2026;17:00;32.6;0;SOLEIL;2;0;0
AUXERRE;47.79;3.57;12/08/2026;18:00;32.6;0;SOLEIL;2;0;0
AUXERRE;47.79;3.57;12/08/2026;19:00;32.6;0;SOLEIL;2;0;0
AUXERRE;47.79;3.57;12/08/2026;20:00;25.0;0;SOLEIL;5;0;0
AUXERRE;47.79;3.57;12/08/2026;21:00;23.2;0;SOLEIL;5;0;0
AUXERRE;47.79;3.57;12/08/2026;22:00;21.5;0;SOLEIL;5;0;0
AUXERRE;47.79;3.57;12/08/2026;23:00;23.7;0;SOLEIL;2;0;0
AUXERRE;47.79;3.57;13/08/2026;00:00;23.7;0;SOLEIL;2;0;0
AUXERRE;47.79;3.57;13/08/2026;01:00;23.7;0;SOLEIL;2;0;0
AUXERRE;47.79;3.57;13/08/2026;02:00;18.5;0;SOLEIL;5;0;0
AUXERRE;47.79;3.57;13/08/2026;03:00;18.5;0;SOLEIL;5;0;0
AUXERRE;47.79;3.57;13/08/2026;04:00;18.5;0;SOLEIL;5;0;0
AUXERRE;47.79;3.57;13/08/2026;05:00;22.6;0;SOLEIL;2;0;0
AUXERRE;47.79;3.57;13/08/2026;06:00;22.6;0;SOLEIL;2;0;0
AUXERRE;47.79;3.57;13/08/2026;07:00;22.6;0;SOLEIL;2;0;0
AUXERRE;47.79;3.57;13/08/2026;08:00;22.3;0;SOLEIL;5;0;0
AUXERRE;47.79;3.57;13/08/2026;09:00;24.2;0;SOLEIL;5;0;0
AUXERRE;47.79;3.57;13/08/2026;10:00;26.1;0;SOLEIL;5;0;0
AUXERRE;47.79;3.57;13/08/2026;11:00;37.5;0;SOLEIL;3;0;0
AUXERRE;47.79;3.57;13/08/2026;12:00;37.5;0;SOLEIL;3;0;0
AUXERRE;47.79;3.57;13/08/2026;13:00;37.5;0;SOLEIL;3;0;0
AUXERRE;47.79;3.57;13/08/2026;14:00;33.8;0;SOLEIL;5;0;0
AUXERRE;47.79;3.57;13/08/2026;15:00;35.7;0;SOLEIL;5;0;0
AUXERRE;47.79;3.57;13/08/2026;16:00;33.8;0;SOLEIL;5;0;0
AUXERRE;47.79;3.57;13/08/2026;17:00;32.4;0;SOLEIL;2;0;0
AUXERRE;47.79;3.57;13/08/2026;18:00;32.4;0;SOLEIL;2;0;0
AUXERRE;47.79;3.57;13/08/2026;19:00;32.4;0;SOLEIL;2;0;0
AUXERRE;47.79;3.57;13/08/2026;20:00;26.1;0;SOLEIL;5;0;0
AUXERRE;47.79;3.57;13/08/2026;21:00;24.2;0;SOLEIL;5;0;0
AUXERRE;47.79;3.57;13/08/2026;22:00;22.3;0;SOLEIL;5;0;0
AUXERRE;47.79;3.57;13/08/2026;23:00;25.1;0;SOLEIL;3;0;0
AUXERRE;47.79;3.57;14/08/2026;00:00;25.1;0;SOLEIL;3;0;0
AUXERRE;47.79;3.57;14/08/2026;01:00;25.1;0;SOLEIL;3;0;0
AUXERRE;47.79;3.57;14/08/2026;02:00;19.4;0;SOLEIL;5;0;0
AUXERRE;47.79;3.57;14/08/2026;03:00;19.4;0;SOLEIL;5;0;0
AUXERRE;47.79;3.57;14/08/2026;04:00;19.4;0;SOLEIL;5;0;0
AUXERRE;47.79;3.57;14/08/2026;05:00;22.9;0;SOLEIL;2;0;0
AUXERRE;47.79;3.57;14/08/2026;06:00;22.9;0;SOLEIL;2;0;0
AUXERRE;47.79;3.57;14/08/2026;07:00;22.9;0;SOLEIL;2;0;0
AUXERRE;47.79;3.57;14/08/2026;08:00;23.8;0;SOLEIL;5;0;0
AUXERRE;47.79;3.57;14/08/2026;09:00;25.9;0;SOLEIL;5;0;0
AUXERRE;47.79;3.57;14/08/2026;10:00;28.1;0;SOLEIL;5;0;0
AUXERRE;47.79;3.57;14/08/2026;11:00;33.1;0;SOLEIL;2;0;0
AUXERRE;47.79;3.57;14/08/2026;12:00;33.1;0;SOLEIL;2;0;0
AUXERRE;47.79;3.57;14/08/2026;13:00;33.1;0;SOLEIL;2;0;0
AUXERRE;47.79;3.57;14/08/2026;14:00;36.8;0;SOLEIL;5;0;0
AUXERRE;47.79;3.57;14/08/2026;15:00;39.0;0;SOLEIL;5;0;0
AUXERRE;47.79;3.57;14/08/2026;16:00;36.8;0;SOLEIL;5;0;0
AUXERRE;47.79;3.57;14/08/2026;17:00;30.6;0;SOLEIL;3;0;0
AUXERRE;47.79;3.57;14/08/2026;18:00;30.6;0;SOLEIL;3;0;0
AUXERRE;47.79;3.57;14/08/2026;19:00;30.6;0;SOLEIL;3;0;0
AUXERRE;47.79;3.57;14/08/2026;20:00;28.1;0;SOLEIL;5;0;0
AUXERRE;47.79;3.57;14/08/2026;21:00;25.9;0;SOLEIL;5;0;0
AUXERRE;47.79;3.57;14/08/2026;22:00;23.8;0;SOLEIL;5;0;0
AUXERRE;47.79;3.57;14/08/2026;23:00;22.6;0;SOLEIL;3;0;0
AUXERRE;47.79;3.57;15/08/2026;00:00;22.6;0;SOLEIL;3;0;0
AUXERRE;47.79;3.57;15/08/2026;01:00;22.6;0;SOLEIL;3;0;0
AUXERRE;47.79;3.57;15/08/2026;02:00;21.1;0;SOLEIL;5;0;0
AUXERRE;47.79;3.57;15/08/2026;03:00;21.1;0;SOLEIL;5;0;0
AUXERRE;47.79;3.57;15/08/2026;04:00;21.1;0;SOLEIL;5;0;0
AUXERRE;47.79;3.57;15/08/2026;05:00;20.2;0;SOLEIL;2;0;0
AUXERRE;47.79;3.57;15/08/2026;06:00;20.2;0;SOLEIL;2;0;0
AUXERRE;47.79;3.57;15/08/2026;07:00;20.2;0;SOLEIL;2;0;0
AUXERRE;47.79;3.57;15/08/2026;08:00;24.1;0;SOLEIL;5;0;0
AUXERRE;47.79;3.57;15/08/2026;09:00;25.6;0;SOLEIL;5;0;0
AUXERRE;47.79;3.57;15/08/2026;10:00;27.1;0;SOLEIL;5;0;0
AUXERRE;47.79;3.57;15/08/2026;11:00;28.6;0;SOLEIL;3;0;0
AUXERRE;47.79;3.57;15/08/2026;12:00;28.6;0;SOLEIL;3;0;0
AUXERRE;47.79;3.57;15/08/2026;13:00;28.6;0;SOLEIL;3;0;0
AUXERRE;47.79;3.57;15/08/2026;14:00;33.2;0;SOLEIL;5;0;0
AUXERRE;47.79;3.57;15/08/2026;15:00;34.7;0;SOLEIL;5;0;0
AUXERRE;47.79;3.57;15/08/2026;16:00;33.2;0;SOLEIL;5;0;0
AUXERRE;47.79;3.57;15/08/2026;17:00;27.1;0;SOLEIL;3;0;0
AUXERRE;47.79;3.57;15/08/2026;18:00;27.1;0;SOLEIL;3;0;0
AUXERRE;47.79;3.57;15/08/2026;19:00;27.1;0;SOLEIL;3;0;0
AUXERRE;47.79;3.57;15/08/2026;20:00;27.1;0;SOLEIL;5;0;0
AUXERRE;47.79;3.57;15/08/2026;21:00;25.6;0;SOLEIL;5;0;0
AUXERRE;47.79;3.57;15/08/2026;22:00;24.1;0;SOLEIL;5;0;0
AUXERRE;47.79;3.57;15/08/2026;23:00;21.1;0;SOLEIL;3;0;0
CHAUMONT;48.11;5.14;08/08/2026;00:00;13.6;0;SOLEIL;1;0;0
CHAUMONT;48.11;5.14;08/08/2026;01:00;13.6;0;SOLEIL;1;0;0
CHAUMONT;48.11;5.14;08/08/2026;02:00;11.2;0;SOLEIL;3;0;0
CHAUMONT;48.11;5.14;08/08/2026;03:00;11.2;0;SOLEIL;3;0;0
CHAUMONT;48.11;5.14;08/08/2026;04:00;11.2;0;SOLEIL;3;0;0
CHAUMONT;48.11;5.14;08/08/2026;05:00;15.1;0;SOLEIL;3;0;0
CHAUMONT;48.11;5.14;08/08/2026;06:00;15.1;0;SOLEIL;3;0;0
CHAUMONT;48.11;5.14;08/08/2026;07:00;15.1;0;SOLEIL;3;0;0
CHAUMONT;48.11;5.14;08/08/2026;08:00;25.2;0;SOLEIL;2;0;0
CHAUMONT;48.11;5.14;08/08/2026;09:00;25.2;0;SOLEIL;2;0;0
CHAUMONT;48.11;5.14;08/08/2026;10:00;25.2;0;SOLEIL;2;0;0
CHAUMONT;48.11;5.14;08/08/2026;11:00;30;0;SOLEIL;2;0;0
CHAUMONT;48.11;5.14;08/08/2026;12:00;30;0;SOLEIL;2;0;0
CHAUMONT;48.11;5.14;08/08/2026;13:00;30;0;SOLEIL;2;0;0
CHAUMONT;48.11;5.14;08/08/2026;14:00;33;0;SOLEIL;1;0;0
CHAUMONT;48.11;5.14;08/08/2026;15:00;33;0;SOLEIL;1;0;0
CHAUMONT;48.11;5.14;08/08/2026;16:00;33;0;SOLEIL;1;0;0
CHAUMONT;48.11;5.14;08/08/2026;17:00;31.4;0;SOLEIL;2;0;0
CHAUMONT;48.11;5.14;08/08/2026;18:00;31.4;0;SOLEIL;2;0;0
CHAUMONT;48.11;5.14;08/08/2026;19:00;31.4;0;SOLEIL;2;0;0
CHAUMONT;48.11;5.14;08/08/2026;20:00;21.5;0;SOLEIL;2;0;0
CHAUMONT;48.11;5.14;08/08/2026;21:00;21.5;0;SOLEIL;2;0;0
CHAUMONT;48.11;5.14;08/08/2026;22:00;21.5;0;SOLEIL;2;0;0
CHAUMONT;48.11;5.14;08/08/2026;23:00;17.9;0;SOLEIL;2;0;0
CHAUMONT;48.11;5.14;09/08/2026;00:00;17.9;0;SOLEIL;2;0;0
CHAUMONT;48.11;5.14;09/08/2026;01:00;17.9;0;SOLEIL;2;0;0
CHAUMONT;48.11;5.14;09/08/2026;02:00;16;0;SOLEIL;2;0;0
CHAUMONT;48.11;5.14;09/08/2026;03:00;16;0;SOLEIL;2;0;0
CHAUMONT;48.11;5.14;09/08/2026;04:00;16;0;SOLEIL;2;0;0
CHAUMONT;48.11;5.14;09/08/2026;05:00;19;5;SOLEIL VOILÉ;2;0;0
CHAUMONT;48.11;5.14;09/08/2026;06:00;19;5;SOLEIL VOILÉ;2;0;0
CHAUMONT;48.11;5.14;09/08/2026;07:00;19;5;SOLEIL VOILÉ;2;0;0
CHAUMONT;48.11;5.14;09/08/2026;08:00;27.1;5;SOLEIL VOILÉ;2;0;0
CHAUMONT;48.11;5.14;09/08/2026;09:00;27.1;5;SOLEIL VOILÉ;2;0;0
CHAUMONT;48.11;5.14;09/08/2026;10:00;27.1;5;SOLEIL VOILÉ;2;0;0
CHAUMONT;48.11;5.14;09/08/2026;11:00;30.1;5;SOLEIL VOILÉ;2;0;0
CHAUMONT;48.11;5.14;09/08/2026;12:00;30.1;5;SOLEIL VOILÉ;2;0;0
CHAUMONT;48.11;5.14;09/08/2026;13:00;30.1;5;SOLEIL VOILÉ;2;0;0
CHAUMONT;48.11;5.14;09/08/2026;14:00;30.1;5;SOLEIL VOILÉ;3;0;0
CHAUMONT;48.11;5.14;09/08/2026;15:00;30.1;5;SOLEIL VOILÉ;3;0;0
CHAUMONT;48.11;5.14;09/08/2026;16:00;30.1;5;SOLEIL VOILÉ;3;0;0
CHAUMONT;48.11;5.14;09/08/2026;17:00;28.1;0;SOLEIL;3;0;0
CHAUMONT;48.11;5.14;09/08/2026;18:00;28.1;0;SOLEIL;3;0;0
CHAUMONT;48.11;5.14;09/08/2026;19:00;28.1;0;SOLEIL;3;0;0
CHAUMONT;48.11;5.14;09/08/2026;20:00;20.9;0;SOLEIL;5;0;0
CHAUMONT;48.11;5.14;09/08/2026;21:00;18.4;0;SOLEIL;5;0;0
CHAUMONT;48.11;5.14;09/08/2026;22:00;15.9;0;SOLEIL;5;0;0
CHAUMONT;48.11;5.14;09/08/2026;23:00;19.5;0;SOLEIL;2;0;0
CHAUMONT;48.11;5.14;10/08/2026;00:00;19.5;0;SOLEIL;2;0;0
CHAUMONT;48.11;5.14;10/08/2026;01:00;19.5;0;SOLEIL;2;0;0
CHAUMONT;48.11;5.14;10/08/2026;02:00;15.6;5;SOLEIL VOILÉ;5;0;0
CHAUMONT;48.11;5.14;10/08/2026;03:00;15.6;5;SOLEIL VOILÉ;5;0;0
CHAUMONT;48.11;5.14;10/08/2026;04:00;15.6;5;SOLEIL VOILÉ;5;0;0
CHAUMONT;48.11;5.14;10/08/2026;05:00;20;0;SOLEIL;2;0;0
CHAUMONT;48.11;5.14;10/08/2026;06:00;20;0;SOLEIL;2;0;0
CHAUMONT;48.11;5.14;10/08/2026;07:00;20;0;SOLEIL;2;0;0
CHAUMONT;48.11;5.14;10/08/2026;08:00;19.0;5;SOLEIL VOILÉ;5;0;0
CHAUMONT;48.11;5.14;10/08/2026;09:00;20.8;5;SOLEIL VOILÉ;5;0;0
CHAUMONT;48.11;5.14;10/08/2026;10:00;22.5;5;SOLEIL VOILÉ;5;0;0
CHAUMONT;48.11;5.14;10/08/2026;11:00;31.7;0;SOLEIL;3;0;0
CHAUMONT;48.11;5.14;10/08/2026;12:00;31.7;0;SOLEIL;3;0;0
CHAUMONT;48.11;5.14;10/08/2026;13:00;31.7;0;SOLEIL;3;0;0
CHAUMONT;48.11;5.14;10/08/2026;14:00;29.4;5;SOLEIL VOILÉ;5;0;0
CHAUMONT;48.11;5.14;10/08/2026;15:00;31.1;5;SOLEIL VOILÉ;5;0;0
CHAUMONT;48.11;5.14;10/08/2026;16:00;29.4;5;SOLEIL VOILÉ;5;0;0
CHAUMONT;48.11;5.14;10/08/2026;17:00;28.9;6;AVERSES;3;0;0
CHAUMONT;48.11;5.14;10/08/2026;18:00;28.9;6;AVERSES;3;0;0
CHAUMONT;48.11;5.14;10/08/2026;19:00;28.9;6;AVERSES;3;0;0
CHAUMONT;48.11;5.14;10/08/2026;20:00;22.5;5;SOLEIL VOILÉ;5;0;0
CHAUMONT;48.11;5.14;10/08/2026;21:00;20.8;5;SOLEIL VOILÉ;5;0;0
CHAUMONT;48.11;5.14;10/08/2026;22:00;19.0;5;SOLEIL VOILÉ;5;0;0
CHAUMONT;48.11;5.14;10/08/2026;23:00;18.1;0;SOLEIL;3;0;0
CHAUMONT;48.11;5.14;11/08/2026;00:00;18.1;0;SOLEIL;3;0;0
CHAUMONT;48.11;5.14;11/08/2026;01:00;18.1;0;SOLEIL;3;0;0
CHAUMONT;48.11;5.14;11/08/2026;02:00;17.1;0;SOLEIL;5;0;0
CHAUMONT;48.11;5.14;11/08/2026;03:00;17.1;0;SOLEIL;5;0;0
CHAUMONT;48.11;5.14;11/08/2026;04:00;17.1;0;SOLEIL;5;0;0
CHAUMONT;48.11;5.14;11/08/2026;05:00;18.1;0;SOLEIL;3;0;0
CHAUMONT;48.11;5.14;11/08/2026;06:00;18.1;0;SOLEIL;3;0;0
CHAUMONT;48.11;5.14;11/08/2026;07:00;18.1;0;SOLEIL;3;0;0
CHAUMONT;48.11;5.14;11/08/2026;08:00;20.7;0;SOLEIL;5;0;0
CHAUMONT;48.11;5.14;11/08/2026;09:00;22.5;0;SOLEIL;5;0;0
CHAUMONT;48.11;5.14;11/08/2026;10:00;24.3;0;SOLEIL;5;0;0
CHAUMONT;48.11;5.14;11/08/2026;11:00;30.6;0;SOLEIL;2;0;0
CHAUMONT;48.11;5.14;11/08/2026;12:00;30.6;0;SOLEIL;2;0;0
CHAUMONT;48.11;5.14;11/08/2026;13:00;30.6;0;SOLEIL;2;0;0
CHAUMONT;48.11;5.14;11/08/2026;14:00;31.6;0;SOLEIL;5;0;0
CHAUMONT;48.11;5.14;11/08/2026;15:00;33.4;0;SOLEIL;5;0;0
CHAUMONT;48.11;5.14;11/08/2026;16:00;31.6;0;SOLEIL;5;0;0
CHAUMONT;48.11;5.14;11/08/2026;17:00;29.1;0;SOLEIL;3;0;0
CHAUMONT;48.11;5.14;11/08/2026;18:00;29.1;0;SOLEIL;3;0;0
CHAUMONT;48.11;5.14;11/08/2026;19:00;29.1;0;SOLEIL;3;0;0
CHAUMONT;48.11;5.14;11/08/2026;20:00;24.3;0;SOLEIL;5;0;0
CHAUMONT;48.11;5.14;11/08/2026;21:00;22.5;0;SOLEIL;5;0;0
CHAUMONT;48.11;5.14;11/08/2026;22:00;20.7;0;SOLEIL;5;0;0
CHAUMONT;48.11;5.14;11/08/2026;23:00;17.9;0;SOLEIL;4;0;0
CHAUMONT;48.11;5.14;12/08/2026;00:00;17.9;0;SOLEIL;4;0;0
CHAUMONT;48.11;5.14;12/08/2026;01:00;17.9;0;SOLEIL;4;0;0
CHAUMONT;48.11;5.14;12/08/2026;02:00;15.1;0;SOLEIL;5;0;0
CHAUMONT;48.11;5.14;12/08/2026;03:00;15.1;0;SOLEIL;5;0;0
CHAUMONT;48.11;5.14;12/08/2026;04:00;15.1;0;SOLEIL;5;0;0
CHAUMONT;48.11;5.14;12/08/2026;05:00;17.6;0;SOLEIL;3;0;0
CHAUMONT;48.11;5.14;12/08/2026;06:00;17.6;0;SOLEIL;3;0;0
CHAUMONT;48.11;5.14;12/08/2026;07:00;17.6;0;SOLEIL;3;0;0
CHAUMONT;48.11;5.14;12/08/2026;08:00;18.9;0;SOLEIL;5;0;0
CHAUMONT;48.11;5.14;12/08/2026;09:00;20.8;0;SOLEIL;5;0;0
CHAUMONT;48.11;5.14;12/08/2026;10:00;22.7;0;SOLEIL;5;0;0
CHAUMONT;48.11;5.14;12/08/2026;11:00;33.1;0;SOLEIL;2;0;0
CHAUMONT;48.11;5.14;12/08/2026;12:00;33.1;0;SOLEIL;2;0;0
CHAUMONT;48.11;5.14;12/08/2026;13:00;33.1;0;SOLEIL;2;0;0
CHAUMONT;48.11;5.14;12/08/2026;14:00;30.3;0;SOLEIL;5;0;0
CHAUMONT;48.11;5.14;12/08/2026;15:00;32.2;0;SOLEIL;5;0;0
CHAUMONT;48.11;5.14;12/08/2026;16:00;30.3;0;SOLEIL;5;0;0
CHAUMONT;48.11;5.14;12/08/2026;17:00;31.7;0;SOLEIL;2;0;0
CHAUMONT;48.11;5.14;12/08/2026;18:00;31.7;0;SOLEIL;2;0;0
CHAUMONT;48.11;5.14;12/08/2026;19:00;31.7;0;SOLEIL;2;0;0
CHAUMONT;48.11;5.14;12/08/2026;20:00;22.7;0;SOLEIL;5;0;0
CHAUMONT;48.11;5.14;12/08/2026;21:00;20.8;0;SOLEIL;5;0;0
CHAUMONT;48.11;5.14;12/08/2026;22:00;18.9;0;SOLEIL;5;0;0
CHAUMONT;48.11;5.14;12/08/2026;23:00;19.7;0;SOLEIL;2;0;0
CHAUMONT;48.11;5.14;13/08/2026;00:00;19.7;0;SOLEIL;2;0;0
CHAUMONT;48.11;5.14;13/08/2026;01:00;19.7;0;SOLEIL;2;0;0
CHAUMONT;48.11;5.14;13/08/2026;02:00;15.5;0;SOLEIL;5;0;0
CHAUMONT;48.11;5.14;13/08/2026;03:00;15.5;0;SOLEIL;5;0;0
CHAUMONT;48.11;5.14;13/08/2026;04:00;15.5;0;SOLEIL;5;0;0
CHAUMONT;48.11;5.14;13/08/2026;05:00;21.4;0;SOLEIL;3;0;0
CHAUMONT;48.11;5.14;13/08/2026;06:00;21.4;0;SOLEIL;3;0;0
CHAUMONT;48.11;5.14;13/08/2026;07:00;21.4;0;SOLEIL;3;0;0
CHAUMONT;48.11;5.14;13/08/2026;08:00;20.0;0;SOLEIL;5;0;0
CHAUMONT;48.11;5.14;13/08/2026;09:00;22.3;0;SOLEIL;5;0;0
CHAUMONT;48.11;5.14;13/08/2026;10:00;24.6;0;SOLEIL;5;0;0
CHAUMONT;48.11;5.14;13/08/2026;11:00;38;0;SOLEIL;3;0;0
CHAUMONT;48.11;5.14;13/08/2026;12:00;38;0;SOLEIL;3;0;0
CHAUMONT;48.11;5.14;13/08/2026;13:00;38;0;SOLEIL;3;0;0
CHAUMONT;48.11;5.14;13/08/2026;14:00;33.6;0;SOLEIL;5;0;0
CHAUMONT;48.11;5.14;13/08/2026;15:00;35.9;0;SOLEIL;5;0;0
CHAUMONT;48.11;5.14;13/08/2026;16:00;33.6;0;SOLEIL;5;0;0
CHAUMONT;48.11;5.14;13/08/2026;17:00;33.6;0;SOLEIL;3;0;0
CHAUMONT;48.11;5.14;13/08/2026;18:00;33.6;0;SOLEIL;3;0;0
CHAUMONT;48.11;5.14;13/08/2026;19:00;33.6;0;SOLEIL;3;0;0
CHAUMONT;48.11;5.14;13/08/2026;20:00;24.6;0;SOLEIL;5;0;0
CHAUMONT;48.11;5.14;13/08/2026;21:00;22.3;0;SOLEIL;5;0;0
CHAUMONT;48.11;5.14;13/08/2026;22:00;20.0;0;SOLEIL;5;0;0
CHAUMONT;48.11;5.14;13/08/2026;23:00;22.2;0;SOLEIL;2;0;0
CHAUMONT;48.11;5.14;14/08/2026;00:00;22.2;0;SOLEIL;2;0;0
CHAUMONT;48.11;5.14;14/08/2026;01:00;22.2;0;SOLEIL;2;0;0
CHAUMONT;48.11;5.14;14/08/2026;02:00;17;0;SOLEIL;5;0;0
CHAUMONT;48.11;5.14;14/08/2026;03:00;17;0;SOLEIL;5;0;0
CHAUMONT;48.11;5.14;14/08/2026;04:00;17;0;SOLEIL;5;0;0
CHAUMONT;48.11;5.14;14/08/2026;05:00;22.4;0;SOLEIL;2;0;0
CHAUMONT;48.11;5.14;14/08/2026;06:00;22.4;0;SOLEIL;2;0;0
CHAUMONT;48.11;5.14;14/08/2026;07:00;22.4;0;SOLEIL;2;0;0
CHAUMONT;48.11;5.14;14/08/2026;08:00;22.1;0;SOLEIL;5;0;0
CHAUMONT;48.11;5.14;14/08/2026;09:00;24.6;0;SOLEIL;5;0;0
CHAUMONT;48.11;5.14;14/08/2026;10:00;27.2;0;SOLEIL;5;0;0
CHAUMONT;48.11;5.14;14/08/2026;11:00;35.1;0;SOLEIL;3;0;0
CHAUMONT;48.11;5.14;14/08/2026;12:00;35.1;0;SOLEIL;3;0;0
CHAUMONT;48.11;5.14;14/08/2026;13:00;35.1;0;SOLEIL;3;0;0
CHAUMONT;48.11;5.14;14/08/2026;14:00;37.4;0;SOLEIL;5;0;0
CHAUMONT;48.11;5.14;14/08/2026;15:00;39.9;0;SOLEIL;5;0;0
CHAUMONT;48.11;5.14;14/08/2026;16:00;37.4;0;SOLEIL;5;0;0
CHAUMONT;48.11;5.14;14/08/2026;17:00;28.6;6;AVERSES;3;0;0
CHAUMONT;48.11;5.14;14/08/2026;18:00;28.6;6;AVERSES;3;0;0
CHAUMONT;48.11;5.14;14/08/2026;19:00;28.6;6;AVERSES;3;0;0
CHAUMONT;48.11;5.14;14/08/2026;20:00;27.2;0;SOLEIL;5;0;0
CHAUMONT;48.11;5.14;14/08/2026;21:00;24.6;0;SOLEIL;5;0;0
CHAUMONT;48.11;5.14;14/08/2026;22:00;22.1;0;SOLEIL;5;0;0
CHAUMONT;48.11;5.14;14/08/2026;23:00;20.7;0;SOLEIL;3;0;0
CHAUMONT;48.11;5.14;15/08/2026;00:00;20.7;0;SOLEIL;3;0;0
CHAUMONT;48.11;5.14;15/08/2026;01:00;20.7;0;SOLEIL;3;0;0
CHAUMONT;48.11;5.14;15/08/2026;02:00;19;0;SOLEIL;5;0;0
CHAUMONT;48.11;5.14;15/08/2026;03:00;19;0;SOLEIL;5;0;0
CHAUMONT;48.11;5.14;15/08/2026;04:00;19;0;SOLEIL;5;0;0
CHAUMONT;48.11;5.14;15/08/2026;05:00;18.9;0;SOLEIL;3;0;0
CHAUMONT;48.11;5.14;15/08/2026;06:00;18.9;0;SOLEIL;3;0;0
CHAUMONT;48.11;5.14;15/08/2026;07:00;18.9;0;SOLEIL;3;0;0
CHAUMONT;48.11;5.14;15/08/2026;08:00;22.8;0;SOLEIL;5;0;0
CHAUMONT;48.11;5.14;15/08/2026;09:00;24.7;0;SOLEIL;5;0;0
CHAUMONT;48.11;5.14;15/08/2026;10:00;26.6;0;SOLEIL;5;0;0
CHAUMONT;48.11;5.14;15/08/2026;11:00;28.6;0;SOLEIL;4;0;0
CHAUMONT;48.11;5.14;15/08/2026;12:00;28.6;0;SOLEIL;4;0;0
CHAUMONT;48.11;5.14;15/08/2026;13:00;28.6;0;SOLEIL;4;0;0
CHAUMONT;48.11;5.14;15/08/2026;14:00;34.2;0;SOLEIL;5;0;0
CHAUMONT;48.11;5.14;15/08/2026;15:00;36.1;0;SOLEIL;5;0;0
CHAUMONT;48.11;5.14;15/08/2026;16:00;34.2;0;SOLEIL;5;0;0
CHAUMONT;48.11;5.14;15/08/2026;17:00;24;0;SOLEIL;3;0;0
CHAUMONT;48.11;5.14;15/08/2026;18:00;24;0;SOLEIL;3;0;0
CHAUMONT;48.11;5.14;15/08/2026;19:00;24;0;SOLEIL;3;0;0
CHAUMONT;48.11;5.14;15/08/2026;20:00;26.6;0;SOLEIL;5;0;0
CHAUMONT;48.11;5.14;15/08/2026;21:00;24.7;0;SOLEIL;5;0;0
CHAUMONT;48.11;5.14;15/08/2026;22:00;22.8;0;SOLEIL;5;0;0
CHAUMONT;48.11;5.14;15/08/2026;23:00;17.6;0;SOLEIL;2;0;0
STRASBOURG;48.57;7.75;08/08/2026;00:00;20.4;0;SOLEIL;4;0;0
STRASBOURG;48.57;7.75;08/08/2026;01:00;20.4;0;SOLEIL;4;0;0
STRASBOURG;48.57;7.75;08/08/2026;02:00;18.2;0;SOLEIL;3;0;0
STRASBOURG;48.57;7.75;08/08/2026;03:00;18.2;0;SOLEIL;3;0;0
STRASBOURG;48.57;7.75;08/08/2026;04:00;18.2;0;SOLEIL;3;0;0
STRASBOURG;48.57;7.75;08/08/2026;05:00;18.5;0;SOLEIL;3;0;0
STRASBOURG;48.57;7.75;08/08/2026;06:00;18.5;0;SOLEIL;3;0;0
STRASBOURG;48.57;7.75;08/08/2026;07:00;18.5;0;SOLEIL;3;0;0
STRASBOURG;48.57;7.75;08/08/2026;08:00;25;0;SOLEIL;2;0;0
STRASBOURG;48.57;7.75;08/08/2026;09:00;25;0;SOLEIL;2;0;0
STRASBOURG;48.57;7.75;08/08/2026;10:00;25;0;SOLEIL;2;0;0
STRASBOURG;48.57;7.75;08/08/2026;11:00;30.6;0;SOLEIL;3;0;0
STRASBOURG;48.57;7.75;08/08/2026;12:00;30.6;0;SOLEIL;3;0;0
STRASBOURG;48.57;7.75;08/08/2026;13:00;30.6;0;SOLEIL;3;0;0
STRASBOURG;48.57;7.75;08/08/2026;14:00;32.1;0;SOLEIL;3;0;0
STRASBOURG;48.57;7.75;08/08/2026;15:00;32.1;0;SOLEIL;3;0;0
STRASBOURG;48.57;7.75;08/08/2026;16:00;32.1;0;SOLEIL;3;0;0
STRASBOURG;48.57;7.75;08/08/2026;17:00;30.2;0;SOLEIL;3;0;0
STRASBOURG;48.57;7.75;08/08/2026;18:00;30.2;0;SOLEIL;3;0;0
STRASBOURG;48.57;7.75;08/08/2026;19:00;30.2;0;SOLEIL;3;0;0
STRASBOURG;48.57;7.75;08/08/2026;20:00;25.5;0;SOLEIL;2;0;0
STRASBOURG;48.57;7.75;08/08/2026;21:00;25.5;0;SOLEIL;2;0;0
STRASBOURG;48.57;7.75;08/08/2026;22:00;25.5;0;SOLEIL;2;0;0
STRASBOURG;48.57;7.75;08/08/2026;23:00;22.5;0;SOLEIL;3;0;0
STRASBOURG;48.57;7.75;09/08/2026;00:00;22.5;0;SOLEIL;3;0;0
STRASBOURG;48.57;7.75;09/08/2026;01:00;22.5;0;SOLEIL;3;0;0
STRASBOURG;48.57;7.75;09/08/2026;02:00;20.6;0;SOLEIL;1;0;0
STRASBOURG;48.57;7.75;09/08/2026;03:00;20.6;0;SOLEIL;1;0;0
STRASBOURG;48.57;7.75;09/08/2026;04:00;20.6;0;SOLEIL;1;0;0
STRASBOURG;48.57;7.75;09/08/2026;05:00;22.1;0;SOLEIL;1;0;0
STRASBOURG;48.57;7.75;09/08/2026;06:00;22.1;0;SOLEIL;1;0;0
STRASBOURG;48.57;7.75;09/08/2026;07:00;22.1;0;SOLEIL;1;0;0
STRASBOURG;48.57;7.75;09/08/2026;08:00;29.1;5;SOLEIL VOILÉ;2;0;0
STRASBOURG;48.57;7.75;09/08/2026;09:00;29.1;5;SOLEIL VOILÉ;2;0;0
STRASBOURG;48.57;7.75;09/08/2026;10:00;29.1;5;SOLEIL VOILÉ;2;0;0
STRASBOURG;48.57;7.75;09/08/2026;11:00;31;5;SOLEIL VOILÉ;0;0;0
STRASBOURG;48.57;7.75;09/08/2026;12:00;31;5;SOLEIL VOILÉ;0;0;0
STRASBOURG;48.57;7.75;09/08/2026;13:00;31;5;SOLEIL VOILÉ;0;0;0
STRASBOURG;48.57;7.75;09/08/2026;14:00;32.2;0;SOLEIL;2;0;0
STRASBOURG;48.57;7.75;09/08/2026;15:00;32.2;0;SOLEIL;2;0;0
STRASBOURG;48.57;7.75;09/08/2026;16:00;32.2;0;SOLEIL;2;0;0
STRASBOURG;48.57;7.75;09/08/2026;17:00;29.2;5;SOLEIL VOILÉ;2;0;0
STRASBOURG;48.57;7.75;09/08/2026;18:00;29.2;5;SOLEIL VOILÉ;2;0;0
STRASBOURG;48.57;7.75;09/08/2026;19:00;29.2;5;SOLEIL VOILÉ;2;0;0
STRASBOURG;48.57;7.75;09/08/2026;20:00;24.2;0;SOLEIL;5;0;0
STRASBOURG;48.57;7.75;09/08/2026;21:00;22.5;0;SOLEIL;5;0;0
STRASBOURG;48.57;7.75;09/08/2026;22:00;20.9;0;SOLEIL;5;0;0
STRASBOURG;48.57;7.75;09/08/2026;23:00;23.4;0;SOLEIL;2;0;0
STRASBOURG;48.57;7.75;10/08/2026;00:00;23.4;0;SOLEIL;2;0;0
STRASBOURG;48.57;7.75;10/08/2026;01:00;23.4;0;SOLEIL;2;0;0
STRASBOURG;48.57;7.75;10/08/2026;02:00;20;2;NUAGEUX;5;0;0
STRASBOURG;48.57;7.75;10/08/2026;03:00;20;2;NUAGEUX;5;0;0
STRASBOURG;48.57;7.75;10/08/2026;04:00;20;2;NUAGEUX;5;0;0
STRASBOURG;48.57;7.75;10/08/2026;05:00;23.2;0;SOLEIL;2;0;0
STRASBOURG;48.57;7.75;10/08/2026;06:00;23.2;0;SOLEIL;2;0;0
STRASBOURG;48.57;7.75;10/08/2026;07:00;23.2;0;SOLEIL;2;0;0
STRASBOURG;48.57;7.75;10/08/2026;08:00;22.9;2;NUAGEUX;5;0;0
STRASBOURG;48.57;7.75;10/08/2026;09:00;24.4;2;NUAGEUX;5;0;0
STRASBOURG;48.57;7.75;10/08/2026;10:00;25.8;2;NUAGEUX;5;0;0
STRASBOURG;48.57;7.75;10/08/2026;11:00;31.6;6;AVERSES;2;0;0
STRASBOURG;48.57;7.75;10/08/2026;12:00;31.6;6;AVERSES;2;0;0
STRASBOURG;48.57;7.75;10/08/2026;13:00;31.6;6;AVERSES;2;0;0
STRASBOURG;48.57;7.75;10/08/2026;14:00;31.6;2;NUAGEUX;5;0;0
STRASBOURG;48.57;7.75;10/08/2026;15:00;33.1;2;NUAGEUX;5;0;0
STRASBOURG;48.57;7.75;10/08/2026;16:00;31.6;2;NUAGEUX;5;0;0
STRASBOURG;48.57;7.75;10/08/2026;17:00;30.4;6;AVERSES;2;0;0
STRASBOURG;48.57;7.75;10/08/2026;18:00;30.4;6;AVERSES;2;0;0
STRASBOURG;48.57;7.75;10/08/2026;19:00;30.4;6;AVERSES;2;0;0
STRASBOURG;48.57;7.75;10/08/2026;20:00;25.8;2;NUAGEUX;5;0;0
STRASBOURG;48.57;7.75;10/08/2026;21:00;24.4;2;NUAGEUX;5;0;0
STRASBOURG;48.57;7.75;10/08/2026;22:00;22.9;2;NUAGEUX;5;0;0
STRASBOURG;48.57;7.75;10/08/2026;23:00;23.7;0;SOLEIL;0;0;0
STRASBOURG;48.57;7.75;11/08/2026;00:00;23.7;0;SOLEIL;0;0;0
STRASBOURG;48.57;7.75;11/08/2026;01:00;23.7;0;SOLEIL;0;0;0
STRASBOURG;48.57;7.75;11/08/2026;02:00;21.9;0;SOLEIL;5;0;0
STRASBOURG;48.57;7.75;11/08/2026;03:00;21.9;0;SOLEIL;5;0;0
STRASBOURG;48.57;7.75;11/08/2026;04:00;21.9;0;SOLEIL;5;0;0
STRASBOURG;48.57;7.75;11/08/2026;05:00;21.1;0;SOLEIL;3;0;0
STRASBOURG;48.57;7.75;11/08/2026;06:00;21.1;0;SOLEIL;3;0;0
STRASBOURG;48.57;7.75;11/08/2026;07:00;21.1;0;SOLEIL;3;0;0
STRASBOURG;48.57;7.75;11/08/2026;08:00;24.4;0;SOLEIL;5;0;0
STRASBOURG;48.57;7.75;11/08/2026;09:00;25.6;0;SOLEIL;5;0;0
STRASBOURG;48.57;7.75;11/08/2026;10:00;26.9;0;SOLEIL;5;0;0
STRASBOURG;48.57;7.75;11/08/2026;11:00;30.6;0;SOLEIL;3;0;0
STRASBOURG;48.57;7.75;11/08/2026;12:00;30.6;0;SOLEIL;3;0;0
STRASBOURG;48.57;7.75;11/08/2026;13:00;30.6;0;SOLEIL;3;0;0
STRASBOURG;48.57;7.75;11/08/2026;14:00;31.9;0;SOLEIL;5;0;0
STRASBOURG;48.57;7.75;11/08/2026;15:00;33.1;0;SOLEIL;5;0;0
STRASBOURG;48.57;7.75;11/08/2026;16:00;31.9;0;SOLEIL;5;0;0
STRASBOURG;48.57;7.75;11/08/2026;17:00;30.1;0;SOLEIL;4;0;0
STRASBOURG;48.57;7.75;11/08/2026;18:00;30.1;0;SOLEIL;4;0;0
STRASBOURG;48.57;7.75;11/08/2026;19:00;30.1;0;SOLEIL;4;0;0
STRASBOURG;48.57;7.75;11/08/2026;20:00;26.9;0;SOLEIL;5;0;0
STRASBOURG;48.57;7.75;11/08/2026;21:00;25.6;0;SOLEIL;5;0;0
STRASBOURG;48.57;7.75;11/08/2026;22:00;24.4;0;SOLEIL;5;0;0
STRASBOURG;48.57;7.75;11/08/2026;23:00;22.7;0;SOLEIL;2;0;0
STRASBOURG;48.57;7.75;12/08/2026;00:00;22.7;0;SOLEIL;2;0;0
STRASBOURG;48.57;7.75;12/08/2026;01:00;22.7;0;SOLEIL;2;0;0
STRASBOURG;48.57;7.75;12/08/2026;02:00;20.1;0;SOLEIL;5;0;0
STRASBOURG;48.57;7.75;12/08/2026;03:00;20.1;0;SOLEIL;5;0;0
STRASBOURG;48.57;7.75;12/08/2026;04:00;20.1;0;SOLEIL;5;0;0
STRASBOURG;48.57;7.75;12/08/2026;05:00;20.1;0;SOLEIL;2;0;0
STRASBOURG;48.57;7.75;12/08/2026;06:00;20.1;0;SOLEIL;2;0;0
STRASBOURG;48.57;7.75;12/08/2026;07:00;20.1;0;SOLEIL;2;0;0
STRASBOURG;48.57;7.75;12/08/2026;08:00;22.8;0;SOLEIL;5;0;0
STRASBOURG;48.57;7.75;12/08/2026;09:00;24.1;0;SOLEIL;5;0;0
STRASBOURG;48.57;7.75;12/08/2026;10:00;25.4;0;SOLEIL;5;0;0
STRASBOURG;48.57;7.75;12/08/2026;11:00;32.4;0;SOLEIL;2;0;0
STRASBOURG;48.57;7.75;12/08/2026;12:00;32.4;0;SOLEIL;2;0;0
STRASBOURG;48.57;7.75;12/08/2026;13:00;32.4;0;SOLEIL;2;0;0
STRASBOURG;48.57;7.75;12/08/2026;14:00;30.8;0;SOLEIL;5;0;0
STRASBOURG;48.57;7.75;12/08/2026;15:00;32.1;0;SOLEIL;5;0;0
STRASBOURG;48.57;7.75;12/08/2026;16:00;30.8;0;SOLEIL;5;0;0
STRASBOURG;48.57;7.75;12/08/2026;17:00;31.6;0;SOLEIL;3;0;0
STRASBOURG;48.57;7.75;12/08/2026;18:00;31.6;0;SOLEIL;3;0;0
STRASBOURG;48.57;7.75;12/08/2026;19:00;31.6;0;SOLEIL;3;0;0
STRASBOURG;48.57;7.75;12/08/2026;20:00;25.4;0;SOLEIL;5;0;0
STRASBOURG;48.57;7.75;12/08/2026;21:00;24.1;0;SOLEIL;5;0;0
STRASBOURG;48.57;7.75;12/08/2026;22:00;22.8;0;SOLEIL;5;0;0
STRASBOURG;48.57;7.75;12/08/2026;23:00;24.2;0;SOLEIL;1;0;0
STRASBOURG;48.57;7.75;13/08/2026;00:00;24.2;0;SOLEIL;1;0;0
STRASBOURG;48.57;7.75;13/08/2026;01:00;24.2;0;SOLEIL;1;0;0
STRASBOURG;48.57;7.75;13/08/2026;02:00;19.2;0;SOLEIL;5;0;0
STRASBOURG;48.57;7.75;13/08/2026;03:00;19.2;0;SOLEIL;5;0;0
STRASBOURG;48.57;7.75;13/08/2026;04:00;19.2;0;SOLEIL;5;0;0
STRASBOURG;48.57;7.75;13/08/2026;05:00;21.9;0;SOLEIL;1;0;0
STRASBOURG;48.57;7.75;13/08/2026;06:00;21.9;0;SOLEIL;1;0;0
STRASBOURG;48.57;7.75;13/08/2026;07:00;21.9;0;SOLEIL;1;0;0
STRASBOURG;48.57;7.75;13/08/2026;08:00;22.6;0;SOLEIL;5;0;0
STRASBOURG;48.57;7.75;13/08/2026;09:00;24.3;0;SOLEIL;5;0;0
STRASBOURG;48.57;7.75;13/08/2026;10:00;26.0;0;SOLEIL;5;0;0
STRASBOURG;48.57;7.75;13/08/2026;11:00;35.5;0;SOLEIL;1;0;0
STRASBOURG;48.57;7.75;13/08/2026;12:00;35.5;0;SOLEIL;1;0;0
STRASBOURG;48.57;7.75;13/08/2026;13:00;35.5;0;SOLEIL;1;0;0
STRASBOURG;48.57;7.75;13/08/2026;14:00;32.7;0;SOLEIL;5;0;0
STRASBOURG;48.57;7.75;13/08/2026;15:00;34.4;0;SOLEIL;5;0;0
STRASBOURG;48.57;7.75;13/08/2026;16:00;32.7;0;SOLEIL;5;0;0
STRASBOURG;48.57;7.75;13/08/2026;17:00;34.1;0;SOLEIL;2;0;0
STRASBOURG;48.57;7.75;13/08/2026;18:00;34.1;0;SOLEIL;2;0;0
STRASBOURG;48.57;7.75;13/08/2026;19:00;34.1;0;SOLEIL;2;0;0
STRASBOURG;48.57;7.75;13/08/2026;20:00;26.0;0;SOLEIL;5;0;0
STRASBOURG;48.57;7.75;13/08/2026;21:00;24.3;0;SOLEIL;5;0;0
STRASBOURG;48.57;7.75;13/08/2026;22:00;22.6;0;SOLEIL;5;0;0
STRASBOURG;48.57;7.75;13/08/2026;23:00;26.2;0;SOLEIL;2;0;0
STRASBOURG;48.57;7.75;14/08/2026;00:00;26.2;0;SOLEIL;2;0;0
STRASBOURG;48.57;7.75;14/08/2026;01:00;26.2;0;SOLEIL;2;0;0
STRASBOURG;48.57;7.75;14/08/2026;02:00;20.4;0;SOLEIL;5;0;0
STRASBOURG;48.57;7.75;14/08/2026;03:00;20.4;0;SOLEIL;5;0;0
STRASBOURG;48.57;7.75;14/08/2026;04:00;20.4;0;SOLEIL;5;0;0
STRASBOURG;48.57;7.75;14/08/2026;05:00;24;0;SOLEIL;2;0;0
STRASBOURG;48.57;7.75;14/08/2026;06:00;24;0;SOLEIL;2;0;0
STRASBOURG;48.57;7.75;14/08/2026;07:00;24;0;SOLEIL;2;0;0
STRASBOURG;48.57;7.75;14/08/2026;08:00;24.2;0;SOLEIL;5;0;0
STRASBOURG;48.57;7.75;14/08/2026;09:00;26.1;0;SOLEIL;5;0;0
STRASBOURG;48.57;7.75;14/08/2026;10:00;28.0;0;SOLEIL;5;0;0
STRASBOURG;48.57;7.75;14/08/2026;11:00;35.5;0;SOLEIL;2;0;0
STRASBOURG;48.57;7.75;14/08/2026;12:00;35.5;0;SOLEIL;2;0;0
STRASBOURG;48.57;7.75;14/08/2026;13:00;35.5;0;SOLEIL;2;0;0
STRASBOURG;48.57;7.75;14/08/2026;14:00;35.6;0;SOLEIL;5;0;0
STRASBOURG;48.57;7.75;14/08/2026;15:00;37.5;0;SOLEIL;5;0;0
STRASBOURG;48.57;7.75;14/08/2026;16:00;35.6;0;SOLEIL;5;0;0
STRASBOURG;48.57;7.75;14/08/2026;17:00;31.4;6;AVERSES;3;0;0
STRASBOURG;48.57;7.75;14/08/2026;18:00;31.4;6;AVERSES;3;0;0
STRASBOURG;48.57;7.75;14/08/2026;19:00;31.4;6;AVERSES;3;0;0
STRASBOURG;48.57;7.75;14/08/2026;20:00;28.0;0;SOLEIL;5;0;0
STRASBOURG;48.57;7.75;14/08/2026;21:00;26.1;0;SOLEIL;5;0;0
STRASBOURG;48.57;7.75;14/08/2026;22:00;24.2;0;SOLEIL;5;0;0
STRASBOURG;48.57;7.75;14/08/2026;23:00;25.1;0;SOLEIL;2;0;0
STRASBOURG;48.57;7.75;15/08/2026;00:00;25.1;0;SOLEIL;2;0;0
STRASBOURG;48.57;7.75;15/08/2026;01:00;25.1;0;SOLEIL;2;0;0
STRASBOURG;48.57;7.75;15/08/2026;02:00;22.4;0;SOLEIL;5;0;0
STRASBOURG;48.57;7.75;15/08/2026;03:00;22.4;0;SOLEIL;5;0;0
STRASBOURG;48.57;7.75;15/08/2026;04:00;22.4;0;SOLEIL;5;0;0
STRASBOURG;48.57;7.75;15/08/2026;05:00;22.6;0;SOLEIL;2;0;0
STRASBOURG;48.57;7.75;15/08/2026;06:00;22.6;0;SOLEIL;2;0;0
STRASBOURG;48.57;7.75;15/08/2026;07:00;22.6;0;SOLEIL;2;0;0
STRASBOURG;48.57;7.75;15/08/2026;08:00;25.6;0;SOLEIL;5;0;0
STRASBOURG;48.57;7.75;15/08/2026;09:00;27.2;0;SOLEIL;5;0;0
STRASBOURG;48.57;7.75;15/08/2026;10:00;28.8;0;SOLEIL;5;0;0
STRASBOURG;48.57;7.75;15/08/2026;11:00;27.7;6;AVERSES;2;0;0
STRASBOURG;48.57;7.75;15/08/2026;12:00;27.7;6;AVERSES;2;0;0
STRASBOURG;48.57;7.75;15/08/2026;13:00;27.7;6;AVERSES;2;0;0
STRASBOURG;48.57;7.75;15/08/2026;14:00;35.1;0;SOLEIL;5;0;0
STRASBOURG;48.57;7.75;15/08/2026;15:00;36.7;0;SOLEIL;5;0;0
STRASBOURG;48.57;7.75;15/08/2026;16:00;35.1;0;SOLEIL;5;0;0
STRASBOURG;48.57;7.75;15/08/2026;17:00;25.2;6;AVERSES;3;0;0
STRASBOURG;48.57;7.75;15/08/2026;18:00;25.2;6;AVERSES;3;0;0
STRASBOURG;48.57;7.75;15/08/2026;19:00;25.2;6;AVERSES;3;0;0
STRASBOURG;48.57;7.75;15/08/2026;20:00;28.8;0;SOLEIL;5;0;0
STRASBOURG;48.57;7.75;15/08/2026;21:00;27.2;0;SOLEIL;5;0;0
STRASBOURG;48.57;7.75;15/08/2026;22:00;25.6;0;SOLEIL;5;0;0
STRASBOURG;48.57;7.75;15/08/2026;23:00;21;0;SOLEIL;1;0;0
BOURGES;47.08;2.39;08/08/2026;00:00;20;0;SOLEIL;3;0;0
BOURGES;47.08;2.39;08/08/2026;01:00;20;0;SOLEIL;3;0;0
BOURGES;47.08;2.39;08/08/2026;02:00;17.1;0;SOLEIL;3;0;0
BOURGES;47.08;2.39;08/08/2026;03:00;17.1;0;SOLEIL;3;0;0
BOURGES;47.08;2.39;08/08/2026;04:00;17.1;0;SOLEIL;3;0;0
BOURGES;47.08;2.39;08/08/2026;05:00;18.1;0;SOLEIL;3;0;0
BOURGES;47.08;2.39;08/08/2026;06:00;18.1;0;SOLEIL;3;0;0
BOURGES;47.08;2.39;08/08/2026;07:00;18.1;0;SOLEIL;3;0;0
BOURGES;47.08;2.39;08/08/2026;08:00;25;0;SOLEIL;2;0;0
BOURGES;47.08;2.39;08/08/2026;09:00;25;0;SOLEIL;2;0;0
BOURGES;47.08;2.39;08/08/2026;10:00;25;0;SOLEIL;2;0;0
BOURGES;47.08;2.39;08/08/2026;11:00;30.6;0;SOLEIL;2;0;0
BOURGES;47.08;2.39;08/08/2026;12:00;30.6;0;SOLEIL;2;0;0
BOURGES;47.08;2.39;08/08/2026;13:00;30.6;0;SOLEIL;2;0;0
BOURGES;47.08;2.39;08/08/2026;14:00;33.5;0;SOLEIL;2;0;0
BOURGES;47.08;2.39;08/08/2026;15:00;33.5;0;SOLEIL;2;0;0
BOURGES;47.08;2.39;08/08/2026;16:00;33.5;0;SOLEIL;2;0;0
BOURGES;47.08;2.39;08/08/2026;17:00;32.5;0;SOLEIL;2;0;0
BOURGES;47.08;2.39;08/08/2026;18:00;32.5;0;SOLEIL;2;0;0
BOURGES;47.08;2.39;08/08/2026;19:00;32.5;0;SOLEIL;2;0;0
BOURGES;47.08;2.39;08/08/2026;20:00;26.6;0;SOLEIL;2;0;0
BOURGES;47.08;2.39;08/08/2026;21:00;26.6;0;SOLEIL;2;0;0
BOURGES;47.08;2.39;08/08/2026;22:00;26.6;0;SOLEIL;2;0;0
BOURGES;47.08;2.39;08/08/2026;23:00;22.5;5;SOLEIL VOILÉ;2;0;0
BOURGES;47.08;2.39;09/08/2026;00:00;22.5;5;SOLEIL VOILÉ;2;0;0
BOURGES;47.08;2.39;09/08/2026;01:00;22.5;5;SOLEIL VOILÉ;2;0;0
BOURGES;47.08;2.39;09/08/2026;02:00;20.7;5;SOLEIL VOILÉ;2;0;0
BOURGES;47.08;2.39;09/08/2026;03:00;20.7;5;SOLEIL VOILÉ;2;0;0
BOURGES;47.08;2.39;09/08/2026;04:00;20.7;5;SOLEIL VOILÉ;2;0;0
BOURGES;47.08;2.39;09/08/2026;05:00;21.2;5;SOLEIL VOILÉ;2;0;0
BOURGES;47.08;2.39;09/08/2026;06:00;21.2;5;SOLEIL VOILÉ;2;0;0
BOURGES;47.08;2.39;09/08/2026;07:00;21.2;5;SOLEIL VOILÉ;2;0;0
BOURGES;47.08;2.39;09/08/2026;08:00;25;0;SOLEIL;3;0;0
BOURGES;47.08;2.39;09/08/2026;09:00;25;0;SOLEIL;3;0;0
BOURGES;47.08;2.39;09/08/2026;10:00;25;0;SOLEIL;3;0;0
BOURGES;47.08;2.39;09/08/2026;11:00;28.6;5;SOLEIL VOILÉ;3;0;0
BOURGES;47.08;2.39;09/08/2026;12:00;28.6;5;SOLEIL VOILÉ;3;0;0
BOURGES;47.08;2.39;09/08/2026;13:00;28.6;5;SOLEIL VOILÉ;3;0;0
BOURGES;47.08;2.39;09/08/2026;14:00;31.9;0;SOLEIL;2;0;0
BOURGES;47.08;2.39;09/08/2026;15:00;31.9;0;SOLEIL;2;0;0
BOURGES;47.08;2.39;09/08/2026;16:00;31.9;0;SOLEIL;2;0;0
BOURGES;47.08;2.39;09/08/2026;17:00;30.1;0;SOLEIL;2;0;0
BOURGES;47.08;2.39;09/08/2026;18:00;30.1;0;SOLEIL;2;0;0
BOURGES;47.08;2.39;09/08/2026;19:00;30.1;0;SOLEIL;2;0;0
BOURGES;47.08;2.39;09/08/2026;20:00;24.1;0;SOLEIL;5;0;0
BOURGES;47.08;2.39;09/08/2026;21:00;22.1;0;SOLEIL;5;0;0
BOURGES;47.08;2.39;09/08/2026;22:00;20.1;0;SOLEIL;5;0;0
BOURGES;47.08;2.39;09/08/2026;23:00;23;0;SOLEIL;3;0;0
BOURGES;47.08;2.39;10/08/2026;00:00;23;0;SOLEIL;3;0;0
BOURGES;47.08;2.39;10/08/2026;01:00;23;0;SOLEIL;3;0;0
BOURGES;47.08;2.39;10/08/2026;02:00;20.2;2;NUAGEUX;5;0;0
BOURGES;47.08;2.39;10/08/2026;03:00;20.2;2;NUAGEUX;5;0;0
BOURGES;47.08;2.39;10/08/2026;04:00;20.2;2;NUAGEUX;5;0;0
BOURGES;47.08;2.39;10/08/2026;05:00;20.4;0;SOLEIL;2;0;0
BOURGES;47.08;2.39;10/08/2026;06:00;20.4;0;SOLEIL;2;0;0
BOURGES;47.08;2.39;10/08/2026;07:00;20.4;0;SOLEIL;2;0;0
BOURGES;47.08;2.39;10/08/2026;08:00;22.9;2;NUAGEUX;5;0;0
BOURGES;47.08;2.39;10/08/2026;09:00;24.3;2;NUAGEUX;5;0;0
BOURGES;47.08;2.39;10/08/2026;10:00;25.7;2;NUAGEUX;5;0;0
BOURGES;47.08;2.39;10/08/2026;11:00;30.9;0;SOLEIL;3;0;0
BOURGES;47.08;2.39;10/08/2026;12:00;30.9;0;SOLEIL;3;0;0
BOURGES;47.08;2.39;10/08/2026;13:00;30.9;0;SOLEIL;3;0;0
BOURGES;47.08;2.39;10/08/2026;14:00;31.1;2;NUAGEUX;5;0;0
BOURGES;47.08;2.39;10/08/2026;15:00;32.5;2;NUAGEUX;5;0;0
BOURGES;47.08;2.39;10/08/2026;16:00;31.1;2;NUAGEUX;5;0;0
BOURGES;47.08;2.39;10/08/2026;17:00;30.5;0;SOLEIL;2;0;0
BOURGES;47.08;2.39;10/08/2026;18:00;30.5;0;SOLEIL;2;0;0
BOURGES;47.08;2.39;10/08/2026;19:00;30.5;0;SOLEIL;2;0;0
BOURGES;47.08;2.39;10/08/2026;20:00;25.7;2;NUAGEUX;5;0;0
BOURGES;47.08;2.39;10/08/2026;21:00;24.3;2;NUAGEUX;5;0;0
BOURGES;47.08;2.39;10/08/2026;22:00;22.9;2;NUAGEUX;5;0;0
BOURGES;47.08;2.39;10/08/2026;23:00;23.6;0;SOLEIL;3;0;0
BOURGES;47.08;2.39;11/08/2026;00:00;23.6;0;SOLEIL;3;0;0
BOURGES;47.08;2.39;11/08/2026;01:00;23.6;0;SOLEIL;3;0;0
BOURGES;47.08;2.39;11/08/2026;02:00;19.4;0;SOLEIL;5;0;0
BOURGES;47.08;2.39;11/08/2026;03:00;19.4;0;SOLEIL;5;0;0
BOURGES;47.08;2.39;11/08/2026;04:00;19.4;0;SOLEIL;5;0;0
BOURGES;47.08;2.39;11/08/2026;05:00;21;0;SOLEIL;3;0;0
BOURGES;47.08;2.39;11/08/2026;06:00;21;0;SOLEIL;3;0;0
BOURGES;47.08;2.39;11/08/2026;07:00;21;0;SOLEIL;3;0;0
BOURGES;47.08;2.39;11/08/2026;08:00;22.3;0;SOLEIL;5;0;0
BOURGES;47.08;2.39;11/08/2026;09:00;23.8;0;SOLEIL;5;0;0
BOURGES;47.08;2.39;11/08/2026;10:00;25.3;0;SOLEIL;5;0;0
BOURGES;47.08;2.39;11/08/2026;11:00;31.5;0;SOLEIL;3;0;0
BOURGES;47.08;2.39;11/08/2026;12:00;31.5;0;SOLEIL;3;0;0
BOURGES;47.08;2.39;11/08/2026;13:00;31.5;0;SOLEIL;3;0;0
BOURGES;47.08;2.39;11/08/2026;14:00;31.1;0;SOLEIL;5;0;0
BOURGES;47.08;2.39;11/08/2026;15:00;32.6;0;SOLEIL;5;0;0
BOURGES;47.08;2.39;11/08/2026;16:00;31.1;0;SOLEIL;5;0;0
BOURGES;47.08;2.39;11/08/2026;17:00;31.6;0;SOLEIL;3;0;0
BOURGES;47.08;2.39;11/08/2026;18:00;31.6;0;SOLEIL;3;0;0
BOURGES;47.08;2.39;11/08/2026;19:00;31.6;0;SOLEIL;3;0;0
BOURGES;47.08;2.39;11/08/2026;20:00;25.3;0;SOLEIL;5;0;0
BOURGES;47.08;2.39;11/08/2026;21:00;23.8;0;SOLEIL;5;0;0
BOURGES;47.08;2.39;11/08/2026;22:00;22.3;0;SOLEIL;5;0;0
BOURGES;47.08;2.39;11/08/2026;23:00;24.1;0;SOLEIL;4;0;0
BOURGES;47.08;2.39;12/08/2026;00:00;24.1;0;SOLEIL;4;0;0
BOURGES;47.08;2.39;12/08/2026;01:00;24.1;0;SOLEIL;4;0;0
BOURGES;47.08;2.39;12/08/2026;02:00;19.9;0;SOLEIL;5;0;0
BOURGES;47.08;2.39;12/08/2026;03:00;19.9;0;SOLEIL;5;0;0
BOURGES;47.08;2.39;12/08/2026;04:00;19.9;0;SOLEIL;5;0;0
BOURGES;47.08;2.39;12/08/2026;05:00;21.2;0;SOLEIL;3;0;0
BOURGES;47.08;2.39;12/08/2026;06:00;21.2;0;SOLEIL;3;0;0
BOURGES;47.08;2.39;12/08/2026;07:00;21.2;0;SOLEIL;3;0;0
BOURGES;47.08;2.39;12/08/2026;08:00;23.0;0;SOLEIL;5;0;0
BOURGES;47.08;2.39;12/08/2026;09:00;24.5;0;SOLEIL;5;0;0
BOURGES;47.08;2.39;12/08/2026;10:00;26.0;0;SOLEIL;5;0;0
BOURGES;47.08;2.39;12/08/2026;11:00;32.5;0;SOLEIL;2;0;0
BOURGES;47.08;2.39;12/08/2026;12:00;32.5;0;SOLEIL;2;0;0
BOURGES;47.08;2.39;12/08/2026;13:00;32.5;0;SOLEIL;2;0;0
BOURGES;47.08;2.39;12/08/2026;14:00;32.2;0;SOLEIL;5;0;0
BOURGES;47.08;2.39;12/08/2026;15:00;33.7;0;SOLEIL;5;0;0
BOURGES;47.08;2.39;12/08/2026;16:00;32.2;0;SOLEIL;5;0;0
BOURGES;47.08;2.39;12/08/2026;17:00;33.1;0;SOLEIL;2;0;0
BOURGES;47.08;2.39;12/08/2026;18:00;33.1;0;SOLEIL;2;0;0
BOURGES;47.08;2.39;12/08/2026;19:00;33.1;0;SOLEIL;2;0;0
BOURGES;47.08;2.39;12/08/2026;20:00;26.0;0;SOLEIL;5;0;0
BOURGES;47.08;2.39;12/08/2026;21:00;24.5;0;SOLEIL;5;0;0
BOURGES;47.08;2.39;12/08/2026;22:00;23.0;0;SOLEIL;5;0;0
BOURGES;47.08;2.39;12/08/2026;23:00;25.1;0;SOLEIL;2;0;0
BOURGES;47.08;2.39;13/08/2026;00:00;25.1;0;SOLEIL;2;0;0
BOURGES;47.08;2.39;13/08/2026;01:00;25.1;0;SOLEIL;2;0;0
BOURGES;47.08;2.39;13/08/2026;02:00;20.4;0;SOLEIL;5;0;0
BOURGES;47.08;2.39;13/08/2026;03:00;20.4;0;SOLEIL;5;0;0
BOURGES;47.08;2.39;13/08/2026;04:00;20.4;0;SOLEIL;5;0;0
BOURGES;47.08;2.39;13/08/2026;05:00;22.6;0;SOLEIL;3;0;0
BOURGES;47.08;2.39;13/08/2026;06:00;22.6;0;SOLEIL;3;0;0
BOURGES;47.08;2.39;13/08/2026;07:00;22.6;0;SOLEIL;3;0;0
BOURGES;47.08;2.39;13/08/2026;08:00;23.8;0;SOLEIL;5;0;0
BOURGES;47.08;2.39;13/08/2026;09:00;25.5;0;SOLEIL;5;0;0
BOURGES;47.08;2.39;13/08/2026;10:00;27.2;0;SOLEIL;5;0;0
BOURGES;47.08;2.39;13/08/2026;11:00;34.7;0;SOLEIL;3;0;0
BOURGES;47.08;2.39;13/08/2026;12:00;34.7;0;SOLEIL;3;0;0
BOURGES;47.08;2.39;13/08/2026;13:00;34.7;0;SOLEIL;3;0;0
BOURGES;47.08;2.39;13/08/2026;14:00;33.9;0;SOLEIL;5;0;0
BOURGES;47.08;2.39;13/08/2026;15:00;35.6;0;SOLEIL;5;0;0
BOURGES;47.08;2.39;13/08/2026;16:00;33.9;0;SOLEIL;5;0;0
BOURGES;47.08;2.39;13/08/2026;17:00;32.7;0;SOLEIL;2;0;0
BOURGES;47.08;2.39;13/08/2026;18:00;32.7;0;SOLEIL;2;0;0
BOURGES;47.08;2.39;13/08/2026;19:00;32.7;0;SOLEIL;2;0;0
BOURGES;47.08;2.39;13/08/2026;20:00;27.2;0;SOLEIL;5;0;0
BOURGES;47.08;2.39;13/08/2026;21:00;25.5;0;SOLEIL;5;0;0
BOURGES;47.08;2.39;13/08/2026;22:00;23.8;0;SOLEIL;5;0;0
BOURGES;47.08;2.39;13/08/2026;23:00;25.9;0;SOLEIL;2;0;0
BOURGES;47.08;2.39;14/08/2026;00:00;25.9;0;SOLEIL;2;0;0
BOURGES;47.08;2.39;14/08/2026;01:00;25.9;0;SOLEIL;2;0;0
BOURGES;47.08;2.39;14/08/2026;02:00;20.7;0;SOLEIL;5;0;0
BOURGES;47.08;2.39;14/08/2026;03:00;20.7;0;SOLEIL;5;0;0
BOURGES;47.08;2.39;14/08/2026;04:00;20.7;0;SOLEIL;5;0;0
BOURGES;47.08;2.39;14/08/2026;05:00;23.9;0;SOLEIL;2;0;0
BOURGES;47.08;2.39;14/08/2026;06:00;23.9;0;SOLEIL;2;0;0
BOURGES;47.08;2.39;14/08/2026;07:00;23.9;0;SOLEIL;2;0;0
BOURGES;47.08;2.39;14/08/2026;08:00;24.3;0;SOLEIL;5;0;0
BOURGES;47.08;2.39;14/08/2026;09:00;26.0;0;SOLEIL;5;0;0
BOURGES;47.08;2.39;14/08/2026;10:00;27.8;0;SOLEIL;5;0;0
BOURGES;47.08;2.39;14/08/2026;11:00;31.5;0;SOLEIL;3;0;0
BOURGES;47.08;2.39;14/08/2026;12:00;31.5;0;SOLEIL;3;0;0
BOURGES;47.08;2.39;14/08/2026;13:00;31.5;0;SOLEIL;3;0;0
BOURGES;47.08;2.39;14/08/2026;14:00;34.9;0;SOLEIL;5;0;0
BOURGES;47.08;2.39;14/08/2026;15:00;36.7;0;SOLEIL;5;0;0
BOURGES;47.08;2.39;14/08/2026;16:00;34.9;0;SOLEIL;5;0;0
BOURGES;47.08;2.39;14/08/2026;17:00;30.2;0;SOLEIL;3;0;0
BOURGES;47.08;2.39;14/08/2026;18:00;30.2;0;SOLEIL;3;0;0
BOURGES;47.08;2.39;14/08/2026;19:00;30.2;0;SOLEIL;3;0;0
BOURGES;47.08;2.39;14/08/2026;20:00;27.8;0;SOLEIL;5;0;0
BOURGES;47.08;2.39;14/08/2026;21:00;26.0;0;SOLEIL;5;0;0
BOURGES;47.08;2.39;14/08/2026;22:00;24.3;0;SOLEIL;5;0;0
BOURGES;47.08;2.39;14/08/2026;23:00;23.6;0;SOLEIL;3;0;0
BOURGES;47.08;2.39;15/08/2026;00:00;23.6;0;SOLEIL;3;0;0
BOURGES;47.08;2.39;15/08/2026;01:00;23.6;0;SOLEIL;3;0;0
BOURGES;47.08;2.39;15/08/2026;02:00;22.6;0;SOLEIL;5;0;0
BOURGES;47.08;2.39;15/08/2026;03:00;22.6;0;SOLEIL;5;0;0
BOURGES;47.08;2.39;15/08/2026;04:00;22.6;0;SOLEIL;5;0;0
BOURGES;47.08;2.39;15/08/2026;05:00;21;0;SOLEIL;2;0;0
BOURGES;47.08;2.39;15/08/2026;06:00;21;0;SOLEIL;2;0;0
BOURGES;47.08;2.39;15/08/2026;07:00;21;0;SOLEIL;2;0;0
BOURGES;47.08;2.39;15/08/2026;08:00;25.0;0;SOLEIL;5;0;0
BOURGES;47.08;2.39;15/08/2026;09:00;26.2;0;SOLEIL;5;0;0
BOURGES;47.08;2.39;15/08/2026;10:00;27.4;0;SOLEIL;5;0;0
BOURGES;47.08;2.39;15/08/2026;11:00;26.9;0;SOLEIL;3;0;0
BOURGES;47.08;2.39;15/08/2026;12:00;26.9;0;SOLEIL;3;0;0
BOURGES;47.08;2.39;15/08/2026;13:00;26.9;0;SOLEIL;3;0;0
BOURGES;47.08;2.39;15/08/2026;14:00;32.3;0;SOLEIL;5;0;0
BOURGES;47.08;2.39;15/08/2026;15:00;33.5;0;SOLEIL;5;0;0
BOURGES;47.08;2.39;15/08/2026;16:00;32.3;0;SOLEIL;5;0;0
BOURGES;47.08;2.39;15/08/2026;17:00;27.5;0;SOLEIL;3;0;0
BOURGES;47.08;2.39;15/08/2026;18:00;27.5;0;SOLEIL;3;0;0
BOURGES;47.08;2.39;15/08/2026;19:00;27.5;0;SOLEIL;3;0;0
BOURGES;47.08;2.39;15/08/2026;20:00;27.4;0;SOLEIL;5;0;0
BOURGES;47.08;2.39;15/08/2026;21:00;26.2;0;SOLEIL;5;0;0
BOURGES;47.08;2.39;15/08/2026;22:00;25.0;0;SOLEIL;5;0;0
BOURGES;47.08;2.39;15/08/2026;23:00;22.9;0;SOLEIL;2;0;0
BELFORT;47.63;6.86;08/08/2026;00:00;17.9;0;SOLEIL;2;0;0
BELFORT;47.63;6.86;08/08/2026;01:00;17.9;0;SOLEIL;2;0;0
BELFORT;47.63;6.86;08/08/2026;02:00;16.4;0;SOLEIL;4;0;0
BELFORT;47.63;6.86;08/08/2026;03:00;16.4;0;SOLEIL;4;0;0
BELFORT;47.63;6.86;08/08/2026;04:00;16.4;0;SOLEIL;4;0;0
BELFORT;47.63;6.86;08/08/2026;05:00;18.4;0;SOLEIL;3;0;0
BELFORT;47.63;6.86;08/08/2026;06:00;18.4;0;SOLEIL;3;0;0
BELFORT;47.63;6.86;08/08/2026;07:00;18.4;0;SOLEIL;3;0;0
BELFORT;47.63;6.86;08/08/2026;08:00;24.5;0;SOLEIL;4;0;0
BELFORT;47.63;6.86;08/08/2026;09:00;24.5;0;SOLEIL;4;0;0
BELFORT;47.63;6.86;08/08/2026;10:00;24.5;0;SOLEIL;4;0;0
BELFORT;47.63;6.86;08/08/2026;11:00;29.2;0;SOLEIL;4;0;0
BELFORT;47.63;6.86;08/08/2026;12:00;29.2;0;SOLEIL;4;0;0
BELFORT;47.63;6.86;08/08/2026;13:00;29.2;0;SOLEIL;4;0;0
BELFORT;47.63;6.86;08/08/2026;14:00;31.6;0;SOLEIL;3;0;0
BELFORT;47.63;6.86;08/08/2026;15:00;31.6;0;SOLEIL;3;0;0
BELFORT;47.63;6.86;08/08/2026;16:00;31.6;0;SOLEIL;3;0;0
BELFORT;47.63;6.86;08/08/2026;17:00;30.2;0;SOLEIL;1;0;0
BELFORT;47.63;6.86;08/08/2026;18:00;30.2;0;SOLEIL;1;0;0
BELFORT;47.63;6.86;08/08/2026;19:00;30.2;0;SOLEIL;1;0;0
BELFORT;47.63;6.86;08/08/2026;20:00;23.4;0;SOLEIL;2;0;0
BELFORT;47.63;6.86;08/08/2026;21:00;23.4;0;SOLEIL;2;0;0
BELFORT;47.63;6.86;08/08/2026;22:00;23.4;0;SOLEIL;2;0;0
BELFORT;47.63;6.86;08/08/2026;23:00;19.1;0;SOLEIL;1;0;0
BELFORT;47.63;6.86;09/08/2026;00:00;19.1;0;SOLEIL;1;0;0
BELFORT;47.63;6.86;09/08/2026;01:00;19.1;0;SOLEIL;1;0;0
BELFORT;47.63;6.86;09/08/2026;02:00;18;0;SOLEIL;2;0;0
BELFORT;47.63;6.86;09/08/2026;03:00;18;0;SOLEIL;2;0;0
BELFORT;47.63;6.86;09/08/2026;04:00;18;0;SOLEIL;2;0;0
BELFORT;47.63;6.86;09/08/2026;05:00;20.7;5;SOLEIL VOILÉ;2;0;0
BELFORT;47.63;6.86;09/08/2026;06:00;20.7;5;SOLEIL VOILÉ;2;0;0
BELFORT;47.63;6.86;09/08/2026;07:00;20.7;5;SOLEIL VOILÉ;2;0;0
BELFORT;47.63;6.86;09/08/2026;08:00;26.7;5;SOLEIL VOILÉ;1;0;0
BELFORT;47.63;6.86;09/08/2026;09:00;26.7;5;SOLEIL VOILÉ;1;0;0
BELFORT;47.63;6.86;09/08/2026;10:00;26.7;5;SOLEIL VOILÉ;1;0;0
BELFORT;47.63;6.86;09/08/2026;11:00;31.1;0;SOLEIL;3;0;0
BELFORT;47.63;6.86;09/08/2026;12:00;31.1;0;SOLEIL;3;0;0
BELFORT;47.63;6.86;09/08/2026;13:00;31.1;0;SOLEIL;3;0;0
BELFORT;47.63;6.86;09/08/2026;14:00;31.1;0;SOLEIL;3;0;0
BELFORT;47.63;6.86;09/08/2026;15:00;31.1;0;SOLEIL;3;0;0
BELFORT;47.63;6.86;09/08/2026;16:00;31.1;0;SOLEIL;3;0;0
BELFORT;47.63;6.86;09/08/2026;17:00;28;5;SOLEIL VOILÉ;3;0;0
BELFORT;47.63;6.86;09/08/2026;18:00;28;5;SOLEIL VOILÉ;3;0;0
BELFORT;47.63;6.86;09/08/2026;19:00;28;5;SOLEIL VOILÉ;3;0;0
BELFORT;47.63;6.86;09/08/2026;20:00;22.9;0;SOLEIL;5;0;0
BELFORT;47.63;6.86;09/08/2026;21:00;21.0;0;SOLEIL;5;0;0
BELFORT;47.63;6.86;09/08/2026;22:00;19.1;0;SOLEIL;5;0;0
BELFORT;47.63;6.86;09/08/2026;23:00;20.6;0;SOLEIL;2;0;0
BELFORT;47.63;6.86;10/08/2026;00:00;20.6;0;SOLEIL;2;0;0
BELFORT;47.63;6.86;10/08/2026;01:00;20.6;0;SOLEIL;2;0;0
BELFORT;47.63;6.86;10/08/2026;02:00;17.4;2;NUAGEUX;5;0;0
BELFORT;47.63;6.86;10/08/2026;03:00;17.4;2;NUAGEUX;5;0;0
BELFORT;47.63;6.86;10/08/2026;04:00;17.4;2;NUAGEUX;5;0;0
BELFORT;47.63;6.86;10/08/2026;05:00;20.1;0;SOLEIL;2;0;0
BELFORT;47.63;6.86;10/08/2026;06:00;20.1;0;SOLEIL;2;0;0
BELFORT;47.63;6.86;10/08/2026;07:00;20.1;0;SOLEIL;2;0;0
BELFORT;47.63;6.86;10/08/2026;08:00;20.7;2;NUAGEUX;5;0;0
BELFORT;47.63;6.86;10/08/2026;09:00;22.3;2;NUAGEUX;5;0;0
BELFORT;47.63;6.86;10/08/2026;10:00;23.9;2;NUAGEUX;5;0;0
BELFORT;47.63;6.86;10/08/2026;11:00;30.6;6;AVERSES;3;0;0
BELFORT;47.63;6.86;10/08/2026;12:00;30.6;6;AVERSES;3;0;0
BELFORT;47.63;6.86;10/08/2026;13:00;30.6;6;AVERSES;3;0;0
BELFORT;47.63;6.86;10/08/2026;14:00;30.5;2;NUAGEUX;5;0;0
BELFORT;47.63;6.86;10/08/2026;15:00;32.1;2;NUAGEUX;5;0;0
BELFORT;47.63;6.86;10/08/2026;16:00;30.5;2;NUAGEUX;5;0;0
BELFORT;47.63;6.86;10/08/2026;17:00;28.4;6;AVERSES;2;0;0
BELFORT;47.63;6.86;10/08/2026;18:00;28.4;6;AVERSES;2;0;0
BELFORT;47.63;6.86;10/08/2026;19:00;28.4;6;AVERSES;2;0;0
BELFORT;47.63;6.86;10/08/2026;20:00;23.9;2;NUAGEUX;5;0;0
BELFORT;47.63;6.86;10/08/2026;21:00;22.3;2;NUAGEUX;5;0;0
BELFORT;47.63;6.86;10/08/2026;22:00;20.7;2;NUAGEUX;5;0;0
BELFORT;47.63;6.86;10/08/2026;23:00;18.9;0;SOLEIL;2;0;0
BELFORT;47.63;6.86;11/08/2026;00:00;18.9;0;SOLEIL;2;0;0
BELFORT;47.63;6.86;11/08/2026;01:00;18.9;0;SOLEIL;2;0;0
BELFORT;47.63;6.86;11/08/2026;02:00;17.6;0;SOLEIL;5;0;0
BELFORT;47.63;6.86;11/08/2026;03:00;17.6;0;SOLEIL;5;0;0
BELFORT;47.63;6.86;11/08/2026;04:00;17.6;0;SOLEIL;5;0;0
BELFORT;47.63;6.86;11/08/2026;05:00;19.6;0;SOLEIL;2;0;0
BELFORT;47.63;6.86;11/08/2026;06:00;19.6;0;SOLEIL;2;0;0
BELFORT;47.63;6.86;11/08/2026;07:00;19.6;0;SOLEIL;2;0;0
BELFORT;47.63;6.86;11/08/2026;08:00;20.8;0;SOLEIL;5;0;0
BELFORT;47.63;6.86;11/08/2026;09:00;22.4;0;SOLEIL;5;0;0
BELFORT;47.63;6.86;11/08/2026;10:00;24.0;0;SOLEIL;5;0;0
BELFORT;47.63;6.86;11/08/2026;11:00;29.2;0;SOLEIL;2;0;0
BELFORT;47.63;6.86;11/08/2026;12:00;29.2;0;SOLEIL;2;0;0
BELFORT;47.63;6.86;11/08/2026;13:00;29.2;0;SOLEIL;2;0;0
BELFORT;47.63;6.86;11/08/2026;14:00;30.5;0;SOLEIL;5;0;0
BELFORT;47.63;6.86;11/08/2026;15:00;32.1;0;SOLEIL;5;0;0
BELFORT;47.63;6.86;11/08/2026;16:00;30.5;0;SOLEIL;5;0;0
BELFORT;47.63;6.86;11/08/2026;17:00;27.9;0;SOLEIL;2;0;0
BELFORT;47.63;6.86;11/08/2026;18:00;27.9;0;SOLEIL;2;0;0
BELFORT;47.63;6.86;11/08/2026;19:00;27.9;0;SOLEIL;2;0;0
BELFORT;47.63;6.86;11/08/2026;20:00;24.0;0;SOLEIL;5;0;0
BELFORT;47.63;6.86;11/08/2026;21:00;22.4;0;SOLEIL;5;0;0
BELFORT;47.63;6.86;11/08/2026;22:00;20.8;0;SOLEIL;5;0;0
BELFORT;47.63;6.86;11/08/2026;23:00;19.1;0;SOLEIL;3;0;0
BELFORT;47.63;6.86;12/08/2026;00:00;19.1;0;SOLEIL;3;0;0
BELFORT;47.63;6.86;12/08/2026;01:00;19.1;0;SOLEIL;3;0;0
BELFORT;47.63;6.86;12/08/2026;02:00;17;0;SOLEIL;5;0;0
BELFORT;47.63;6.86;12/08/2026;03:00;17;0;SOLEIL;5;0;0
BELFORT;47.63;6.86;12/08/2026;04:00;17;0;SOLEIL;5;0;0
BELFORT;47.63;6.86;12/08/2026;05:00;19.5;0;SOLEIL;3;0;0
BELFORT;47.63;6.86;12/08/2026;06:00;19.5;0;SOLEIL;3;0;0
BELFORT;47.63;6.86;12/08/2026;07:00;19.5;0;SOLEIL;3;0;0
BELFORT;47.63;6.86;12/08/2026;08:00;20.0;0;SOLEIL;5;0;0
BELFORT;47.63;6.86;12/08/2026;09:00;21.5;0;SOLEIL;5;0;0
BELFORT;47.63;6.86;12/08/2026;10:00;23.0;0;SOLEIL;5;0;0
BELFORT;47.63;6.86;12/08/2026;11:00;29.9;0;SOLEIL;3;0;0
BELFORT;47.63;6.86;12/08/2026;12:00;29.9;0;SOLEIL;3;0;0
BELFORT;47.63;6.86;12/08/2026;13:00;29.9;0;SOLEIL;3;0;0
BELFORT;47.63;6.86;12/08/2026;14:00;29.1;0;SOLEIL;5;0;0
BELFORT;47.63;6.86;12/08/2026;15:00;30.6;0;SOLEIL;5;0;0
BELFORT;47.63;6.86;12/08/2026;16:00;29.1;0;SOLEIL;5;0;0
BELFORT;47.63;6.86;12/08/2026;17:00;29.6;0;SOLEIL;2;0;0
BELFORT;47.63;6.86;12/08/2026;18:00;29.6;0;SOLEIL;2;0;0
BELFORT;47.63;6.86;12/08/2026;19:00;29.6;0;SOLEIL;2;0;0
BELFORT;47.63;6.86;12/08/2026;20:00;23.0;0;SOLEIL;5;0;0
BELFORT;47.63;6.86;12/08/2026;21:00;21.5;0;SOLEIL;5;0;0
BELFORT;47.63;6.86;12/08/2026;22:00;20.0;0;SOLEIL;5;0;0
BELFORT;47.63;6.86;12/08/2026;23:00;21.1;0;SOLEIL;2;0;0
BELFORT;47.63;6.86;13/08/2026;00:00;21.1;0;SOLEIL;2;0;0
BELFORT;47.63;6.86;13/08/2026;01:00;21.1;0;SOLEIL;2;0;0
BELFORT;47.63;6.86;13/08/2026;02:00;17.7;0;SOLEIL;5;0;0
BELFORT;47.63;6.86;13/08/2026;03:00;17.7;0;SOLEIL;5;0;0
BELFORT;47.63;6.86;13/08/2026;04:00;17.7;0;SOLEIL;5;0;0
BELFORT;47.63;6.86;13/08/2026;05:00;23;0;SOLEIL;2;0;0
BELFORT;47.63;6.86;13/08/2026;06:00;23;0;SOLEIL;2;0;0
BELFORT;47.63;6.86;13/08/2026;07:00;23;0;SOLEIL;2;0;0
BELFORT;47.63;6.86;13/08/2026;08:00;20.9;0;SOLEIL;5;0;0
BELFORT;47.63;6.86;13/08/2026;09:00;22.5;0;SOLEIL;5;0;0
BELFORT;47.63;6.86;13/08/2026;10:00;24.1;0;SOLEIL;5;0;0
BELFORT;47.63;6.86;13/08/2026;11:00;33.4;0;SOLEIL;3;0;0
BELFORT;47.63;6.86;13/08/2026;12:00;33.4;0;SOLEIL;3;0;0
BELFORT;47.63;6.86;13/08/2026;13:00;33.4;0;SOLEIL;3;0;0
BELFORT;47.63;6.86;13/08/2026;14:00;30.5;0;SOLEIL;5;0;0
BELFORT;47.63;6.86;13/08/2026;15:00;32.1;0;SOLEIL;5;0;0
BELFORT;47.63;6.86;13/08/2026;16:00;30.5;0;SOLEIL;5;0;0
BELFORT;47.63;6.86;13/08/2026;17:00;32.7;0;SOLEIL;2;0;0
BELFORT;47.63;6.86;13/08/2026;18:00;32.7;0;SOLEIL;2;0;0
BELFORT;47.63;6.86;13/08/2026;19:00;32.7;0;SOLEIL;2;0;0
BELFORT;47.63;6.86;13/08/2026;20:00;24.1;0;SOLEIL;5;0;0
BELFORT;47.63;6.86;13/08/2026;21:00;22.5;0;SOLEIL;5;0;0
BELFORT;47.63;6.86;13/08/2026;22:00;20.9;0;SOLEIL;5;0;0
BELFORT;47.63;6.86;13/08/2026;23:00;22.5;0;SOLEIL;1;0;0
BELFORT;47.63;6.86;14/08/2026;00:00;22.5;0;SOLEIL;1;0;0
BELFORT;47.63;6.86;14/08/2026;01:00;22.5;0;SOLEIL;1;0;0
BELFORT;47.63;6.86;14/08/2026;02:00;19.4;0;SOLEIL;5;0;0
BELFORT;47.63;6.86;14/08/2026;03:00;19.4;0;SOLEIL;5;0;0
BELFORT;47.63;6.86;14/08/2026;04:00;19.4;0;SOLEIL;5;0;0
BELFORT;47.63;6.86;14/08/2026;05:00;23.9;0;SOLEIL;1;0;0
BELFORT;47.63;6.86;14/08/2026;06:00;23.9;0;SOLEIL;1;0;0
BELFORT;47.63;6.86;14/08/2026;07:00;23.9;0;SOLEIL;1;0;0
BELFORT;47.63;6.86;14/08/2026;08:00;23.0;0;SOLEIL;5;0;0
BELFORT;47.63;6.86;14/08/2026;09:00;24.8;0;SOLEIL;5;0;0
BELFORT;47.63;6.86;14/08/2026;10:00;26.6;0;SOLEIL;5;0;0
BELFORT;47.63;6.86;14/08/2026;11:00;34.4;0;SOLEIL;3;0;0
BELFORT;47.63;6.86;14/08/2026;12:00;34.4;0;SOLEIL;3;0;0
BELFORT;47.63;6.86;14/08/2026;13:00;34.4;0;SOLEIL;3;0;0
BELFORT;47.63;6.86;14/08/2026;14:00;33.8;0;SOLEIL;5;0;0
BELFORT;47.63;6.86;14/08/2026;15:00;35.6;0;SOLEIL;5;0;0
BELFORT;47.63;6.86;14/08/2026;16:00;33.8;0;SOLEIL;5;0;0
BELFORT;47.63;6.86;14/08/2026;17:00;29.2;6;AVERSES;2;0;0
BELFORT;47.63;6.86;14/08/2026;18:00;29.2;6;AVERSES;2;0;0
BELFORT;47.63;6.86;14/08/2026;19:00;29.2;6;AVERSES;2;0;0
BELFORT;47.63;6.86;14/08/2026;20:00;26.6;0;SOLEIL;5;0;0
BELFORT;47.63;6.86;14/08/2026;21:00;24.8;0;SOLEIL;5;0;0
BELFORT;47.63;6.86;14/08/2026;22:00;23.0;0;SOLEIL;5;0;0
BELFORT;47.63;6.86;14/08/2026;23:00;20.4;0;SOLEIL;2;0;0
BELFORT;47.63;6.86;15/08/2026;00:00;20.4;0;SOLEIL;2;0;0
BELFORT;47.63;6.86;15/08/2026;01:00;20.4;0;SOLEIL;2;0;0
BELFORT;47.63;6.86;15/08/2026;02:00;20.2;0;SOLEIL;5;0;0
BELFORT;47.63;6.86;15/08/2026;03:00;20.2;0;SOLEIL;5;0;0
BELFORT;47.63;6.86;15/08/2026;04:00;20.2;0;SOLEIL;5;0;0
BELFORT;47.63;6.86;15/08/2026;05:00;20.4;0;SOLEIL;2;0;0
BELFORT;47.63;6.86;15/08/2026;06:00;20.4;0;SOLEIL;2;0;0
BELFORT;47.63;6.86;15/08/2026;07:00;20.4;0;SOLEIL;2;0;0
BELFORT;47.63;6.86;15/08/2026;08:00;23.6;0;SOLEIL;5;0;0
BELFORT;47.63;6.86;15/08/2026;09:00;25.3;0;SOLEIL;5;0;0
BELFORT;47.63;6.86;15/08/2026;10:00;27.0;0;SOLEIL;5;0;0
BELFORT;47.63;6.86;15/08/2026;11:00;27.5;6;AVERSES;4;0;0
BELFORT;47.63;6.86;15/08/2026;12:00;27.5;6;AVERSES;4;0;0
BELFORT;47.63;6.86;15/08/2026;13:00;27.5;6;AVERSES;4;0;0
BELFORT;47.63;6.86;15/08/2026;14:00;33.7;0;SOLEIL;5;0;0
BELFORT;47.63;6.86;15/08/2026;15:00;35.4;0;SOLEIL;5;0;0
BELFORT;47.63;6.86;15/08/2026;16:00;33.7;0;SOLEIL;5;0;0
BELFORT;47.63;6.86;15/08/2026;17:00;25;6;AVERSES;3;11;0
BELFORT;47.63;6.86;15/08/2026;18:00;25;6;AVERSES;3;11;0
BELFORT;47.63;6.86;15/08/2026;19:00;25;6;AVERSES;3;11;0
BELFORT;47.63;6.86;15/08/2026;20:00;27.0;0;SOLEIL;5;0;0
BELFORT;47.63;6.86;15/08/2026;21:00;25.3;0;SOLEIL;5;0;0
BELFORT;47.63;6.86;15/08/2026;22:00;23.6;0;SOLEIL;5;0;0
BELFORT;47.63;6.86;15/08/2026;23:00;17.7;0;SOLEIL;2;0;0
LIMOGES;45.83;1.26;08/08/2026;00:00;19.6;0;SOLEIL;3;0;0
LIMOGES;45.83;1.26;08/08/2026;01:00;19.6;0;SOLEIL;3;0;0
LIMOGES;45.83;1.26;08/08/2026;02:00;16.5;0;SOLEIL;2;0;0
LIMOGES;45.83;1.26;08/08/2026;03:00;16.5;0;SOLEIL;2;0;0
LIMOGES;45.83;1.26;08/08/2026;04:00;16.5;0;SOLEIL;2;0;0
LIMOGES;45.83;1.26;08/08/2026;05:00;16.7;0;SOLEIL;2;0;0
LIMOGES;45.83;1.26;08/08/2026;06:00;16.7;0;SOLEIL;2;0;0
LIMOGES;45.83;1.26;08/08/2026;07:00;16.7;0;SOLEIL;2;0;0
LIMOGES;45.83;1.26;08/08/2026;08:00;26.6;0;SOLEIL;1;0;0
LIMOGES;45.83;1.26;08/08/2026;09:00;26.6;0;SOLEIL;1;0;0
LIMOGES;45.83;1.26;08/08/2026;10:00;26.6;0;SOLEIL;1;0;0
LIMOGES;45.83;1.26;08/08/2026;11:00;32;0;SOLEIL;1;0;0
LIMOGES;45.83;1.26;08/08/2026;12:00;32;0;SOLEIL;1;0;0
LIMOGES;45.83;1.26;08/08/2026;13:00;32;0;SOLEIL;1;0;0
LIMOGES;45.83;1.26;08/08/2026;14:00;34.6;0;SOLEIL;1;0;0
LIMOGES;45.83;1.26;08/08/2026;15:00;34.6;0;SOLEIL;1;0;0
LIMOGES;45.83;1.26;08/08/2026;16:00;34.6;0;SOLEIL;1;0;0
LIMOGES;45.83;1.26;08/08/2026;17:00;33;0;SOLEIL;2;0;0
LIMOGES;45.83;1.26;08/08/2026;18:00;33;0;SOLEIL;2;0;0
LIMOGES;45.83;1.26;08/08/2026;19:00;33;0;SOLEIL;2;0;0
LIMOGES;45.83;1.26;08/08/2026;20:00;26.1;0;SOLEIL;2;0;0
LIMOGES;45.83;1.26;08/08/2026;21:00;26.1;0;SOLEIL;2;0;0
LIMOGES;45.83;1.26;08/08/2026;22:00;26.1;0;SOLEIL;2;0;0
LIMOGES;45.83;1.26;08/08/2026;23:00;22.7;5;SOLEIL VOILÉ;1;0;0
LIMOGES;45.83;1.26;09/08/2026;00:00;22.7;5;SOLEIL VOILÉ;1;0;0
LIMOGES;45.83;1.26;09/08/2026;01:00;22.7;5;SOLEIL VOILÉ;1;0;0
LIMOGES;45.83;1.26;09/08/2026;02:00;21.5;5;SOLEIL VOILÉ;2;0;0
LIMOGES;45.83;1.26;09/08/2026;03:00;21.5;5;SOLEIL VOILÉ;2;0;0
LIMOGES;45.83;1.26;09/08/2026;04:00;21.5;5;SOLEIL VOILÉ;2;0;0
LIMOGES;45.83;1.26;09/08/2026;05:00;21.6;10;ORAGEUX;3;0;0
LIMOGES;45.83;1.26;09/08/2026;06:00;21.6;10;ORAGEUX;3;0;0
LIMOGES;45.83;1.26;09/08/2026;07:00;21.6;10;ORAGEUX;3;0;0
LIMOGES;45.83;1.26;09/08/2026;08:00;26;10;ORAGEUX;2;0;0
LIMOGES;45.83;1.26;09/08/2026;09:00;26;10;ORAGEUX;2;0;0
LIMOGES;45.83;1.26;09/08/2026;10:00;26;10;ORAGEUX;2;0;0
LIMOGES;45.83;1.26;09/08/2026;11:00;29.2;10;ORAGEUX;3;0;0
LIMOGES;45.83;1.26;09/08/2026;12:00;29.2;10;ORAGEUX;3;0;0
LIMOGES;45.83;1.26;09/08/2026;13:00;29.2;10;ORAGEUX;3;0;0
LIMOGES;45.83;1.26;09/08/2026;14:00;32.1;10;ORAGEUX;3;0;0
LIMOGES;45.83;1.26;09/08/2026;15:00;32.1;10;ORAGEUX;3;0;0
LIMOGES;45.83;1.26;09/08/2026;16:00;32.1;10;ORAGEUX;3;0;0
LIMOGES;45.83;1.26;09/08/2026;17:00;26.9;10;ORAGEUX;2;0;0
LIMOGES;45.83;1.26;09/08/2026;18:00;26.9;10;ORAGEUX;2;0;0
LIMOGES;45.83;1.26;09/08/2026;19:00;26.9;10;ORAGEUX;2;0;0
LIMOGES;45.83;1.26;09/08/2026;20:00;24.2;0;SOLEIL;5;0;0
LIMOGES;45.83;1.26;09/08/2026;21:00;21.9;0;SOLEIL;5;0;0
LIMOGES;45.83;1.26;09/08/2026;22:00;19.6;0;SOLEIL;5;0;0
LIMOGES;45.83;1.26;09/08/2026;23:00;19.9;0;SOLEIL;0;0;0
LIMOGES;45.83;1.26;10/08/2026;00:00;19.9;0;SOLEIL;0;0;0
LIMOGES;45.83;1.26;10/08/2026;01:00;19.9;0;SOLEIL;0;0;0
LIMOGES;45.83;1.26;10/08/2026;02:00;20.1;10;ORAGEUX;5;0;0
LIMOGES;45.83;1.26;10/08/2026;03:00;20.1;10;ORAGEUX;5;0;0
LIMOGES;45.83;1.26;10/08/2026;04:00;20.1;10;ORAGEUX;5;0;0
LIMOGES;45.83;1.26;10/08/2026;05:00;18.4;0;SOLEIL;2;0;0
LIMOGES;45.83;1.26;10/08/2026;06:00;18.4;0;SOLEIL;2;0;0
LIMOGES;45.83;1.26;10/08/2026;07:00;18.4;0;SOLEIL;2;0;0
LIMOGES;45.83;1.26;10/08/2026;08:00;23.0;10;ORAGEUX;5;0;0
LIMOGES;45.83;1.26;10/08/2026;09:00;24.4;10;ORAGEUX;5;0;0
LIMOGES;45.83;1.26;10/08/2026;10:00;25.9;10;ORAGEUX;5;0;0
LIMOGES;45.83;1.26;10/08/2026;11:00;31;0;SOLEIL;2;0;0
LIMOGES;45.83;1.26;10/08/2026;12:00;31;0;SOLEIL;2;0;0
LIMOGES;45.83;1.26;10/08/2026;13:00;31;0;SOLEIL;2;0;0
LIMOGES;45.83;1.26;10/08/2026;14:00;31.7;10;ORAGEUX;5;0;0
LIMOGES;45.83;1.26;10/08/2026;15:00;33.1;10;ORAGEUX;5;0;0
LIMOGES;45.83;1.26;10/08/2026;16:00;31.7;10;ORAGEUX;5;0;0
LIMOGES;45.83;1.26;10/08/2026;17:00;29.2;0;SOLEIL;2;0;0
LIMOGES;45.83;1.26;10/08/2026;18:00;29.2;0;SOLEIL;2;0;0
LIMOGES;45.83;1.26;10/08/2026;19:00;29.2;0;SOLEIL;2;0;0
LIMOGES;45.83;1.26;10/08/2026;20:00;25.9;10;ORAGEUX;5;0;0
LIMOGES;45.83;1.26;10/08/2026;21:00;24.4;10;ORAGEUX;5;0;0
LIMOGES;45.83;1.26;10/08/2026;22:00;23.0;10;ORAGEUX;5;0;0
LIMOGES;45.83;1.26;10/08/2026;23:00;20.4;0;SOLEIL;2;0;0
LIMOGES;45.83;1.26;11/08/2026;00:00;20.4;0;SOLEIL;2;0;0
LIMOGES;45.83;1.26;11/08/2026;01:00;20.4;0;SOLEIL;2;0;0
LIMOGES;45.83;1.26;11/08/2026;02:00;17.1;0;SOLEIL;5;0;0
LIMOGES;45.83;1.26;11/08/2026;03:00;17.1;0;SOLEIL;5;0;0
LIMOGES;45.83;1.26;11/08/2026;04:00;17.1;0;SOLEIL;5;0;0
LIMOGES;45.83;1.26;11/08/2026;05:00;17.5;0;SOLEIL;2;0;0
LIMOGES;45.83;1.26;11/08/2026;06:00;17.5;0;SOLEIL;2;0;0
LIMOGES;45.83;1.26;11/08/2026;07:00;17.5;0;SOLEIL;2;0;0
LIMOGES;45.83;1.26;11/08/2026;08:00;20.7;0;SOLEIL;5;0;0
LIMOGES;45.83;1.26;11/08/2026;09:00;22.5;0;SOLEIL;5;0;0
LIMOGES;45.83;1.26;11/08/2026;10:00;24.3;0;SOLEIL;5;0;0
LIMOGES;45.83;1.26;11/08/2026;11:00;34;0;SOLEIL;2;0;0
LIMOGES;45.83;1.26;11/08/2026;12:00;34;0;SOLEIL;2;0;0
LIMOGES;45.83;1.26;11/08/2026;13:00;34;0;SOLEIL;2;0;0
LIMOGES;45.83;1.26;11/08/2026;14:00;31.4;0;SOLEIL;5;0;0
LIMOGES;45.83;1.26;11/08/2026;15:00;33.2;0;SOLEIL;5;0;0
LIMOGES;45.83;1.26;11/08/2026;16:00;31.4;0;SOLEIL;5;0;0
LIMOGES;45.83;1.26;11/08/2026;17:00;31.9;0;SOLEIL;3;0;0
LIMOGES;45.83;1.26;11/08/2026;18:00;31.9;0;SOLEIL;3;0;0
LIMOGES;45.83;1.26;11/08/2026;19:00;31.9;0;SOLEIL;3;0;0
LIMOGES;45.83;1.26;11/08/2026;20:00;24.3;0;SOLEIL;5;0;0
LIMOGES;45.83;1.26;11/08/2026;21:00;22.5;0;SOLEIL;5;0;0
LIMOGES;45.83;1.26;11/08/2026;22:00;20.7;0;SOLEIL;5;0;0
LIMOGES;45.83;1.26;11/08/2026;23:00;20.5;0;SOLEIL;2;0;0
LIMOGES;45.83;1.26;12/08/2026;00:00;20.5;0;SOLEIL;2;0;0
LIMOGES;45.83;1.26;12/08/2026;01:00;20.5;0;SOLEIL;2;0;0
LIMOGES;45.83;1.26;12/08/2026;02:00;16.1;0;SOLEIL;5;0;0
LIMOGES;45.83;1.26;12/08/2026;03:00;16.1;0;SOLEIL;5;0;0
LIMOGES;45.83;1.26;12/08/2026;04:00;16.1;0;SOLEIL;5;0;0
LIMOGES;45.83;1.26;12/08/2026;05:00;18.2;0;SOLEIL;2;0;0
LIMOGES;45.83;1.26;12/08/2026;06:00;18.2;0;SOLEIL;2;0;0
LIMOGES;45.83;1.26;12/08/2026;07:00;18.2;0;SOLEIL;2;0;0
LIMOGES;45.83;1.26;12/08/2026;08:00;20.5;0;SOLEIL;5;0;0
LIMOGES;45.83;1.26;12/08/2026;09:00;22.8;0;SOLEIL;5;0;0
LIMOGES;45.83;1.26;12/08/2026;10:00;25.0;0;SOLEIL;5;0;0
LIMOGES;45.83;1.26;12/08/2026;11:00;35.4;0;SOLEIL;3;0;0
LIMOGES;45.83;1.26;12/08/2026;12:00;35.4;0;SOLEIL;3;0;0
LIMOGES;45.83;1.26;12/08/2026;13:00;35.4;0;SOLEIL;3;0;0
LIMOGES;45.83;1.26;12/08/2026;14:00;33.9;0;SOLEIL;5;0;0
LIMOGES;45.83;1.26;12/08/2026;15:00;36.1;0;SOLEIL;5;0;0
LIMOGES;45.83;1.26;12/08/2026;16:00;33.9;0;SOLEIL;5;0;0
LIMOGES;45.83;1.26;12/08/2026;17:00;32.1;0;SOLEIL;1;0;0
LIMOGES;45.83;1.26;12/08/2026;18:00;32.1;0;SOLEIL;1;0;0
LIMOGES;45.83;1.26;12/08/2026;19:00;32.1;0;SOLEIL;1;0;0
LIMOGES;45.83;1.26;12/08/2026;20:00;25.0;0;SOLEIL;5;0;0
LIMOGES;45.83;1.26;12/08/2026;21:00;22.8;0;SOLEIL;5;0;0
LIMOGES;45.83;1.26;12/08/2026;22:00;20.5;0;SOLEIL;5;0;0
LIMOGES;45.83;1.26;12/08/2026;23:00;22.4;0;SOLEIL;2;0;0
LIMOGES;45.83;1.26;13/08/2026;00:00;22.4;0;SOLEIL;2;0;0
LIMOGES;45.83;1.26;13/08/2026;01:00;22.4;0;SOLEIL;2;0;0
LIMOGES;45.83;1.26;13/08/2026;02:00;16.1;0;SOLEIL;5;0;0
LIMOGES;45.83;1.26;13/08/2026;03:00;16.1;0;SOLEIL;5;0;0
LIMOGES;45.83;1.26;13/08/2026;04:00;16.1;0;SOLEIL;5;0;0
LIMOGES;45.83;1.26;13/08/2026;05:00;20.6;0;SOLEIL;2;0;0
LIMOGES;45.83;1.26;13/08/2026;06:00;20.6;0;SOLEIL;2;0;0
LIMOGES;45.83;1.26;13/08/2026;07:00;20.6;0;SOLEIL;2;0;0
LIMOGES;45.83;1.26;13/08/2026;08:00;20.9;0;SOLEIL;5;0;0
LIMOGES;45.83;1.26;13/08/2026;09:00;23.3;0;SOLEIL;5;0;0
LIMOGES;45.83;1.26;13/08/2026;10:00;25.7;0;SOLEIL;5;0;0
LIMOGES;45.83;1.26;13/08/2026;11:00;34.1;0;SOLEIL;2;0;0
LIMOGES;45.83;1.26;13/08/2026;12:00;34.1;0;SOLEIL;2;0;0
LIMOGES;45.83;1.26;13/08/2026;13:00;34.1;0;SOLEIL;2;0;0
LIMOGES;45.83;1.26;13/08/2026;14:00;35.2;0;SOLEIL;5;0;0
LIMOGES;45.83;1.26;13/08/2026;15:00;37.6;0;SOLEIL;5;0;0
LIMOGES;45.83;1.26;13/08/2026;16:00;35.2;0;SOLEIL;5;0;0
LIMOGES;45.83;1.26;13/08/2026;17:00;31.6;0;SOLEIL;2;0;0
LIMOGES;45.83;1.26;13/08/2026;18:00;31.6;0;SOLEIL;2;0;0
LIMOGES;45.83;1.26;13/08/2026;19:00;31.6;0;SOLEIL;2;0;0
LIMOGES;45.83;1.26;13/08/2026;20:00;25.7;0;SOLEIL;5;0;0
LIMOGES;45.83;1.26;13/08/2026;21:00;23.3;0;SOLEIL;5;0;0
LIMOGES;45.83;1.26;13/08/2026;22:00;20.9;0;SOLEIL;5;0;0
LIMOGES;45.83;1.26;13/08/2026;23:00;23.1;0;SOLEIL;2;0;0
LIMOGES;45.83;1.26;14/08/2026;00:00;23.1;0;SOLEIL;2;0;0
LIMOGES;45.83;1.26;14/08/2026;01:00;23.1;0;SOLEIL;2;0;0
LIMOGES;45.83;1.26;14/08/2026;02:00;18.2;0;SOLEIL;5;0;0
LIMOGES;45.83;1.26;14/08/2026;03:00;18.2;0;SOLEIL;5;0;0
LIMOGES;45.83;1.26;14/08/2026;04:00;18.2;0;SOLEIL;5;0;0
LIMOGES;45.83;1.26;14/08/2026;05:00;20.6;0;SOLEIL;1;0;0
LIMOGES;45.83;1.26;14/08/2026;06:00;20.6;0;SOLEIL;1;0;0
LIMOGES;45.83;1.26;14/08/2026;07:00;20.6;0;SOLEIL;1;0;0
LIMOGES;45.83;1.26;14/08/2026;08:00;22.2;0;SOLEIL;5;0;0
LIMOGES;45.83;1.26;14/08/2026;09:00;24.1;0;SOLEIL;5;0;0
LIMOGES;45.83;1.26;14/08/2026;10:00;26.1;0;SOLEIL;5;0;0
LIMOGES;45.83;1.26;14/08/2026;11:00;32.4;0;SOLEIL;2;0;0
LIMOGES;45.83;1.26;14/08/2026;12:00;32.4;0;SOLEIL;2;0;0
LIMOGES;45.83;1.26;14/08/2026;13:00;32.4;0;SOLEIL;2;0;0
LIMOGES;45.83;1.26;14/08/2026;14:00;34.0;0;SOLEIL;5;0;0
LIMOGES;45.83;1.26;14/08/2026;15:00;36.0;0;SOLEIL;5;0;0
LIMOGES;45.83;1.26;14/08/2026;16:00;34.0;0;SOLEIL;5;0;0
LIMOGES;45.83;1.26;14/08/2026;17:00;28.6;0;SOLEIL;3;0;0
LIMOGES;45.83;1.26;14/08/2026;18:00;28.6;0;SOLEIL;3;0;0
LIMOGES;45.83;1.26;14/08/2026;19:00;28.6;0;SOLEIL;3;0;0
LIMOGES;45.83;1.26;14/08/2026;20:00;26.1;0;SOLEIL;5;0;0
LIMOGES;45.83;1.26;14/08/2026;21:00;24.1;0;SOLEIL;5;0;0
LIMOGES;45.83;1.26;14/08/2026;22:00;22.2;0;SOLEIL;5;0;0
LIMOGES;45.83;1.26;14/08/2026;23:00;21.9;0;SOLEIL;2;0;0
LIMOGES;45.83;1.26;15/08/2026;00:00;21.9;0;SOLEIL;2;0;0
LIMOGES;45.83;1.26;15/08/2026;01:00;21.9;0;SOLEIL;2;0;0
LIMOGES;45.83;1.26;15/08/2026;02:00;19.1;0;SOLEIL;5;0;0
LIMOGES;45.83;1.26;15/08/2026;03:00;19.1;0;SOLEIL;5;0;0
LIMOGES;45.83;1.26;15/08/2026;04:00;19.1;0;SOLEIL;5;0;0
LIMOGES;45.83;1.26;15/08/2026;05:00;19.1;0;SOLEIL;2;0;0
LIMOGES;45.83;1.26;15/08/2026;06:00;19.1;0;SOLEIL;2;0;0
LIMOGES;45.83;1.26;15/08/2026;07:00;19.1;0;SOLEIL;2;0;0
LIMOGES;45.83;1.26;15/08/2026;08:00;22.4;0;SOLEIL;5;0;0
LIMOGES;45.83;1.26;15/08/2026;09:00;24.1;0;SOLEIL;5;0;0
LIMOGES;45.83;1.26;15/08/2026;10:00;25.7;0;SOLEIL;5;0;0
LIMOGES;45.83;1.26;15/08/2026;11:00;26.7;0;SOLEIL;3;0;0
LIMOGES;45.83;1.26;15/08/2026;12:00;26.7;0;SOLEIL;3;0;0
LIMOGES;45.83;1.26;15/08/2026;13:00;26.7;0;SOLEIL;3;0;0
LIMOGES;45.83;1.26;15/08/2026;14:00;32.3;0;SOLEIL;5;0;0
LIMOGES;45.83;1.26;15/08/2026;15:00;34.0;0;SOLEIL;5;0;0
LIMOGES;45.83;1.26;15/08/2026;16:00;32.3;0;SOLEIL;5;0;0
LIMOGES;45.83;1.26;15/08/2026;17:00;28.6;0;SOLEIL;3;0;0
LIMOGES;45.83;1.26;15/08/2026;18:00;28.6;0;SOLEIL;3;0;0
LIMOGES;45.83;1.26;15/08/2026;19:00;28.6;0;SOLEIL;3;0;0
LIMOGES;45.83;1.26;15/08/2026;20:00;25.7;0;SOLEIL;5;0;0
LIMOGES;45.83;1.26;15/08/2026;21:00;24.1;0;SOLEIL;5;0;0
LIMOGES;45.83;1.26;15/08/2026;22:00;22.4;0;SOLEIL;5;0;0
LIMOGES;45.83;1.26;15/08/2026;23:00;20.6;0;SOLEIL;2;0;0
VICHY;46.12;3.42;08/08/2026;00:00;17.9;0;SOLEIL;2;0;0
VICHY;46.12;3.42;08/08/2026;01:00;17.9;0;SOLEIL;2;0;0
VICHY;46.12;3.42;08/08/2026;02:00;15.7;0;SOLEIL;2;0;0
VICHY;46.12;3.42;08/08/2026;03:00;15.7;0;SOLEIL;2;0;0
VICHY;46.12;3.42;08/08/2026;04:00;15.7;0;SOLEIL;2;0;0
VICHY;46.12;3.42;08/08/2026;05:00;16.1;0;SOLEIL;1;0;0
VICHY;46.12;3.42;08/08/2026;06:00;16.1;0;SOLEIL;1;0;0
VICHY;46.12;3.42;08/08/2026;07:00;16.1;0;SOLEIL;1;0;0
VICHY;46.12;3.42;08/08/2026;08:00;25.1;0;SOLEIL;1;0;0
VICHY;46.12;3.42;08/08/2026;09:00;25.1;0;SOLEIL;1;0;0
VICHY;46.12;3.42;08/08/2026;10:00;25.1;0;SOLEIL;1;0;0
VICHY;46.12;3.42;08/08/2026;11:00;32;0;SOLEIL;2;0;0
VICHY;46.12;3.42;08/08/2026;12:00;32;0;SOLEIL;2;0;0
VICHY;46.12;3.42;08/08/2026;13:00;32;0;SOLEIL;2;0;0
VICHY;46.12;3.42;08/08/2026;14:00;35.1;0;SOLEIL;3;0;0
VICHY;46.12;3.42;08/08/2026;15:00;35.1;0;SOLEIL;3;0;0
VICHY;46.12;3.42;08/08/2026;16:00;35.1;0;SOLEIL;3;0;0
VICHY;46.12;3.42;08/08/2026;17:00;33.2;5;SOLEIL VOILÉ;2;0;0
VICHY;46.12;3.42;08/08/2026;18:00;33.2;5;SOLEIL VOILÉ;2;0;0
VICHY;46.12;3.42;08/08/2026;19:00;33.2;5;SOLEIL VOILÉ;2;0;0
VICHY;46.12;3.42;08/08/2026;20:00;26.6;0;SOLEIL;2;0;0
VICHY;46.12;3.42;08/08/2026;21:00;26.6;0;SOLEIL;2;0;0
VICHY;46.12;3.42;08/08/2026;22:00;26.6;0;SOLEIL;2;0;0
VICHY;46.12;3.42;08/08/2026;23:00;24.1;5;SOLEIL VOILÉ;1;0;0
VICHY;46.12;3.42;09/08/2026;00:00;24.1;5;SOLEIL VOILÉ;1;0;0
VICHY;46.12;3.42;09/08/2026;01:00;24.1;5;SOLEIL VOILÉ;1;0;0
VICHY;46.12;3.42;09/08/2026;02:00;21.7;5;SOLEIL VOILÉ;2;0;0
VICHY;46.12;3.42;09/08/2026;03:00;21.7;5;SOLEIL VOILÉ;2;0;0
VICHY;46.12;3.42;09/08/2026;04:00;21.7;5;SOLEIL VOILÉ;2;0;0
VICHY;46.12;3.42;09/08/2026;05:00;19.6;10;ORAGEUX;2;0;0
VICHY;46.12;3.42;09/08/2026;06:00;19.6;10;ORAGEUX;2;0;0
VICHY;46.12;3.42;09/08/2026;07:00;19.6;10;ORAGEUX;2;0;0
VICHY;46.12;3.42;09/08/2026;08:00;25;10;ORAGEUX;3;0;0
VICHY;46.12;3.42;09/08/2026;09:00;25;10;ORAGEUX;3;0;0
VICHY;46.12;3.42;09/08/2026;10:00;25;10;ORAGEUX;3;0;0
VICHY;46.12;3.42;09/08/2026;11:00;30.9;10;ORAGEUX;2;0;0
VICHY;46.12;3.42;09/08/2026;12:00;30.9;10;ORAGEUX;2;0;0
VICHY;46.12;3.42;09/08/2026;13:00;30.9;10;ORAGEUX;2;0;0
VICHY;46.12;3.42;09/08/2026;14:00;31.4;10;ORAGEUX;3;0;0
VICHY;46.12;3.42;09/08/2026;15:00;31.4;10;ORAGEUX;3;0;0
VICHY;46.12;3.42;09/08/2026;16:00;31.4;10;ORAGEUX;3;0;0
VICHY;46.12;3.42;09/08/2026;17:00;28.5;5;SOLEIL VOILÉ;3;0;0
VICHY;46.12;3.42;09/08/2026;18:00;28.5;5;SOLEIL VOILÉ;3;0;0
VICHY;46.12;3.42;09/08/2026;19:00;28.5;5;SOLEIL VOILÉ;3;0;0
VICHY;46.12;3.42;09/08/2026;20:00;24.1;0;SOLEIL;5;0;0
VICHY;46.12;3.42;09/08/2026;21:00;21.8;0;SOLEIL;5;0;0
VICHY;46.12;3.42;09/08/2026;22:00;19.5;0;SOLEIL;5;0;0
VICHY;46.12;3.42;09/08/2026;23:00;22.4;0;SOLEIL;2;0;0
VICHY;46.12;3.42;10/08/2026;00:00;22.4;0;SOLEIL;2;0;0
VICHY;46.12;3.42;10/08/2026;01:00;22.4;0;SOLEIL;2;0;0
VICHY;46.12;3.42;10/08/2026;02:00;18.9;10;ORAGEUX;5;0;0
VICHY;46.12;3.42;10/08/2026;03:00;18.9;10;ORAGEUX;5;0;0
VICHY;46.12;3.42;10/08/2026;04:00;18.9;10;ORAGEUX;5;0;0
VICHY;46.12;3.42;10/08/2026;05:00;21.7;0;SOLEIL;2;0;0
VICHY;46.12;3.42;10/08/2026;06:00;21.7;0;SOLEIL;2;0;0
VICHY;46.12;3.42;10/08/2026;07:00;21.7;0;SOLEIL;2;0;0
VICHY;46.12;3.42;10/08/2026;08:00;21.9;10;ORAGEUX;5;0;0
VICHY;46.12;3.42;10/08/2026;09:00;23.3;10;ORAGEUX;5;0;0
VICHY;46.12;3.42;10/08/2026;10:00;24.8;10;ORAGEUX;5;0;0
VICHY;46.12;3.42;10/08/2026;11:00;32.1;6;AVERSES;2;0;0
VICHY;46.12;3.42;10/08/2026;12:00;32.1;6;AVERSES;2;0;0
VICHY;46.12;3.42;10/08/2026;13:00;32.1;6;AVERSES;2;0;0
VICHY;46.12;3.42;10/08/2026;14:00;30.7;10;ORAGEUX;5;0;0
VICHY;46.12;3.42;10/08/2026;15:00;32.2;10;ORAGEUX;5;0;0
VICHY;46.12;3.42;10/08/2026;16:00;30.7;10;ORAGEUX;5;0;0
VICHY;46.12;3.42;10/08/2026;17:00;30.2;6;AVERSES;2;0;0
VICHY;46.12;3.42;10/08/2026;18:00;30.2;6;AVERSES;2;0;0
VICHY;46.12;3.42;10/08/2026;19:00;30.2;6;AVERSES;2;0;0
VICHY;46.12;3.42;10/08/2026;20:00;24.8;10;ORAGEUX;5;0;0
VICHY;46.12;3.42;10/08/2026;21:00;23.3;10;ORAGEUX;5;0;0
VICHY;46.12;3.42;10/08/2026;22:00;21.9;10;ORAGEUX;5;0;0
VICHY;46.12;3.42;10/08/2026;23:00;23.1;0;SOLEIL;2;0;0
VICHY;46.12;3.42;11/08/2026;00:00;23.1;0;SOLEIL;2;0;0
VICHY;46.12;3.42;11/08/2026;01:00;23.1;0;SOLEIL;2;0;0
VICHY;46.12;3.42;11/08/2026;02:00;20.1;6;AVERSES;5;0;0
VICHY;46.12;3.42;11/08/2026;03:00;20.1;6;AVERSES;5;0;0
VICHY;46.12;3.42;11/08/2026;04:00;20.1;6;AVERSES;5;0;0
VICHY;46.12;3.42;11/08/2026;05:00;20.9;0;SOLEIL;1;0;0
VICHY;46.12;3.42;11/08/2026;06:00;20.9;0;SOLEIL;1;0;0
VICHY;46.12;3.42;11/08/2026;07:00;20.9;0;SOLEIL;1;0;0
VICHY;46.12;3.42;11/08/2026;08:00;23.3;6;AVERSES;5;0;0
VICHY;46.12;3.42;11/08/2026;09:00;24.9;6;AVERSES;5;0;0
VICHY;46.12;3.42;11/08/2026;10:00;26.5;6;AVERSES;5;0;0
VICHY;46.12;3.42;11/08/2026;11:00;34;0;SOLEIL;3;0;0
VICHY;46.12;3.42;11/08/2026;12:00;34;0;SOLEIL;3;0;0
VICHY;46.12;3.42;11/08/2026;13:00;34;0;SOLEIL;3;0;0
VICHY;46.12;3.42;11/08/2026;14:00;32.8;6;AVERSES;5;0;0
VICHY;46.12;3.42;11/08/2026;15:00;34.4;6;AVERSES;5;0;0
VICHY;46.12;3.42;11/08/2026;16:00;32.8;6;AVERSES;5;0;0
VICHY;46.12;3.42;11/08/2026;17:00;33.6;0;SOLEIL;2;0;0
VICHY;46.12;3.42;11/08/2026;18:00;33.6;0;SOLEIL;2;0;0
VICHY;46.12;3.42;11/08/2026;19:00;33.6;0;SOLEIL;2;0;0
VICHY;46.12;3.42;11/08/2026;20:00;26.5;6;AVERSES;5;0;0
VICHY;46.12;3.42;11/08/2026;21:00;24.9;6;AVERSES;5;0;0
VICHY;46.12;3.42;11/08/2026;22:00;23.3;6;AVERSES;5;0;0
VICHY;46.12;3.42;11/08/2026;23:00;24.9;0;SOLEIL;3;0;0
VICHY;46.12;3.42;12/08/2026;00:00;24.9;0;SOLEIL;3;0;0
VICHY;46.12;3.42;12/08/2026;01:00;24.9;0;SOLEIL;3;0;0
VICHY;46.12;3.42;12/08/2026;02:00;20.1;0;SOLEIL;5;0;0
VICHY;46.12;3.42;12/08/2026;03:00;20.1;0;SOLEIL;5;0;0
VICHY;46.12;3.42;12/08/2026;04:00;20.1;0;SOLEIL;5;0;0
VICHY;46.12;3.42;12/08/2026;05:00;20.5;0;SOLEIL;1;0;0
VICHY;46.12;3.42;12/08/2026;06:00;20.5;0;SOLEIL;1;0;0
VICHY;46.12;3.42;12/08/2026;07:00;20.5;0;SOLEIL;1;0;0
VICHY;46.12;3.42;12/08/2026;08:00;23.7;0;SOLEIL;5;0;0
VICHY;46.12;3.42;12/08/2026;09:00;25.5;0;SOLEIL;5;0;0
VICHY;46.12;3.42;12/08/2026;10:00;27.3;0;SOLEIL;5;0;0
VICHY;46.12;3.42;12/08/2026;11:00;34.6;0;SOLEIL;2;0;0
VICHY;46.12;3.42;12/08/2026;12:00;34.6;0;SOLEIL;2;0;0
VICHY;46.12;3.42;12/08/2026;13:00;34.6;0;SOLEIL;2;0;0
VICHY;46.12;3.42;12/08/2026;14:00;34.6;0;SOLEIL;5;0;0
VICHY;46.12;3.42;12/08/2026;15:00;36.4;0;SOLEIL;5;0;0
VICHY;46.12;3.42;12/08/2026;16:00;34.6;0;SOLEIL;5;0;0
VICHY;46.12;3.42;12/08/2026;17:00;35.2;0;SOLEIL;1;0;0
VICHY;46.12;3.42;12/08/2026;18:00;35.2;0;SOLEIL;1;0;0
VICHY;46.12;3.42;12/08/2026;19:00;35.2;0;SOLEIL;1;0;0
VICHY;46.12;3.42;12/08/2026;20:00;27.3;0;SOLEIL;5;0;0
VICHY;46.12;3.42;12/08/2026;21:00;25.5;0;SOLEIL;5;0;0
VICHY;46.12;3.42;12/08/2026;22:00;23.7;0;SOLEIL;5;0;0
VICHY;46.12;3.42;12/08/2026;23:00;24.7;0;SOLEIL;2;0;0
VICHY;46.12;3.42;13/08/2026;00:00;24.7;0;SOLEIL;2;0;0
VICHY;46.12;3.42;13/08/2026;01:00;24.7;0;SOLEIL;2;0;0
VICHY;46.12;3.42;13/08/2026;02:00;19.9;0;SOLEIL;5;0;0
VICHY;46.12;3.42;13/08/2026;03:00;19.9;0;SOLEIL;5;0;0
VICHY;46.12;3.42;13/08/2026;04:00;19.9;0;SOLEIL;5;0;0
VICHY;46.12;3.42;13/08/2026;05:00;23;0;SOLEIL;2;0;0
VICHY;46.12;3.42;13/08/2026;06:00;23;0;SOLEIL;2;0;0
VICHY;46.12;3.42;13/08/2026;07:00;23;0;SOLEIL;2;0;0
VICHY;46.12;3.42;13/08/2026;08:00;23.9;0;SOLEIL;5;0;0
VICHY;46.12;3.42;13/08/2026;09:00;25.9;0;SOLEIL;5;0;0
VICHY;46.12;3.42;13/08/2026;10:00;27.9;0;SOLEIL;5;0;0
VICHY;46.12;3.42;13/08/2026;11:00;36.6;0;SOLEIL;1;0;0
VICHY;46.12;3.42;13/08/2026;12:00;36.6;0;SOLEIL;1;0;0
VICHY;46.12;3.42;13/08/2026;13:00;36.6;0;SOLEIL;1;0;0
VICHY;46.12;3.42;13/08/2026;14:00;36.0;0;SOLEIL;5;0;0
VICHY;46.12;3.42;13/08/2026;15:00;38.0;0;SOLEIL;5;0;0
VICHY;46.12;3.42;13/08/2026;16:00;36.0;0;SOLEIL;5;0;0
VICHY;46.12;3.42;13/08/2026;17:00;34.1;0;SOLEIL;2;0;0
VICHY;46.12;3.42;13/08/2026;18:00;34.1;0;SOLEIL;2;0;0
VICHY;46.12;3.42;13/08/2026;19:00;34.1;0;SOLEIL;2;0;0
VICHY;46.12;3.42;13/08/2026;20:00;27.9;0;SOLEIL;5;0;0
VICHY;46.12;3.42;13/08/2026;21:00;25.9;0;SOLEIL;5;0;0
VICHY;46.12;3.42;13/08/2026;22:00;23.9;0;SOLEIL;5;0;0
VICHY;46.12;3.42;13/08/2026;23:00;26;0;SOLEIL;1;0;0
VICHY;46.12;3.42;14/08/2026;00:00;26;0;SOLEIL;1;0;0
VICHY;46.12;3.42;14/08/2026;01:00;26;0;SOLEIL;1;0;0
VICHY;46.12;3.42;14/08/2026;02:00;21.1;0;SOLEIL;5;0;0
VICHY;46.12;3.42;14/08/2026;03:00;21.1;0;SOLEIL;5;0;0
VICHY;46.12;3.42;14/08/2026;04:00;21.1;0;SOLEIL;5;0;0
VICHY;46.12;3.42;14/08/2026;05:00;24.1;0;SOLEIL;2;0;0
VICHY;46.12;3.42;14/08/2026;06:00;24.1;0;SOLEIL;2;0;0
VICHY;46.12;3.42;14/08/2026;07:00;24.1;0;SOLEIL;2;0;0
VICHY;46.12;3.42;14/08/2026;08:00;25.0;0;SOLEIL;5;0;0
VICHY;46.12;3.42;14/08/2026;09:00;26.9;0;SOLEIL;5;0;0
VICHY;46.12;3.42;14/08/2026;10:00;28.8;0;SOLEIL;5;0;0
VICHY;46.12;3.42;14/08/2026;11:00;33.1;0;SOLEIL;2;0;0
VICHY;46.12;3.42;14/08/2026;12:00;33.1;0;SOLEIL;2;0;0
VICHY;46.12;3.42;14/08/2026;13:00;33.1;0;SOLEIL;2;0;0
VICHY;46.12;3.42;14/08/2026;14:00;36.6;0;SOLEIL;5;0;0
VICHY;46.12;3.42;14/08/2026;15:00;38.5;0;SOLEIL;5;0;0
VICHY;46.12;3.42;14/08/2026;16:00;36.6;0;SOLEIL;5;0;0
VICHY;46.12;3.42;14/08/2026;17:00;30.1;6;AVERSES;3;0;0
VICHY;46.12;3.42;14/08/2026;18:00;30.1;6;AVERSES;3;0;0
VICHY;46.12;3.42;14/08/2026;19:00;30.1;6;AVERSES;3;0;0
VICHY;46.12;3.42;14/08/2026;20:00;28.8;0;SOLEIL;5;0;0
VICHY;46.12;3.42;14/08/2026;21:00;26.9;0;SOLEIL;5;0;0
VICHY;46.12;3.42;14/08/2026;22:00;25.0;0;SOLEIL;5;0;0
VICHY;46.12;3.42;14/08/2026;23:00;23.9;0;SOLEIL;1;0;0
VICHY;46.12;3.42;15/08/2026;00:00;23.9;0;SOLEIL;1;0;0
VICHY;46.12;3.42;15/08/2026;01:00;23.9;0;SOLEIL;1;0;0
VICHY;46.12;3.42;15/08/2026;02:00;22.5;0;SOLEIL;5;0;0
VICHY;46.12;3.42;15/08/2026;03:00;22.5;0;SOLEIL;5;0;0
VICHY;46.12;3.42;15/08/2026;04:00;22.5;0;SOLEIL;5;0;0
VICHY;46.12;3.42;15/08/2026;05:00;22.1;0;SOLEIL;2;0;0
VICHY;46.12;3.42;15/08/2026;06:00;22.1;0;SOLEIL;2;0;0
VICHY;46.12;3.42;15/08/2026;07:00;22.1;0;SOLEIL;2;0;0
VICHY;46.12;3.42;15/08/2026;08:00;25.2;0;SOLEIL;5;0;0
VICHY;46.12;3.42;15/08/2026;09:00;26.6;0;SOLEIL;5;0;0
VICHY;46.12;3.42;15/08/2026;10:00;27.9;0;SOLEIL;5;0;0
VICHY;46.12;3.42;15/08/2026;11:00;29.4;0;SOLEIL;3;0;0
VICHY;46.12;3.42;15/08/2026;12:00;29.4;0;SOLEIL;3;0;0
VICHY;46.12;3.42;15/08/2026;13:00;29.4;0;SOLEIL;3;0;0
VICHY;46.12;3.42;15/08/2026;14:00;33.3;0;SOLEIL;5;0;0
VICHY;46.12;3.42;15/08/2026;15:00;34.7;0;SOLEIL;5;0;0
VICHY;46.12;3.42;15/08/2026;16:00;33.3;0;SOLEIL;5;0;0
VICHY;46.12;3.42;15/08/2026;17:00;28.9;6;AVERSES;3;0;0
VICHY;46.12;3.42;15/08/2026;18:00;28.9;6;AVERSES;3;0;0
VICHY;46.12;3.42;15/08/2026;19:00;28.9;6;AVERSES;3;0;0
VICHY;46.12;3.42;15/08/2026;20:00;27.9;0;SOLEIL;5;0;0
VICHY;46.12;3.42;15/08/2026;21:00;26.6;0;SOLEIL;5;0;0
VICHY;46.12;3.42;15/08/2026;22:00;25.2;0;SOLEIL;5;0;0
VICHY;46.12;3.42;15/08/2026;23:00;22.9;0;SOLEIL;2;0;0
LYON;45.76;4.83;08/08/2026;00:00;24.4;0;SOLEIL;3;0;0
LYON;45.76;4.83;08/08/2026;01:00;24.4;0;SOLEIL;3;0;0
LYON;45.76;4.83;08/08/2026;02:00;22.4;0;SOLEIL;2;0;0
LYON;45.76;4.83;08/08/2026;03:00;22.4;0;SOLEIL;2;0;0
LYON;45.76;4.83;08/08/2026;04:00;22.4;0;SOLEIL;2;0;0
LYON;45.76;4.83;08/08/2026;05:00;21.7;0;SOLEIL;2;0;0
LYON;45.76;4.83;08/08/2026;06:00;21.7;0;SOLEIL;2;0;0
LYON;45.76;4.83;08/08/2026;07:00;21.7;0;SOLEIL;2;0;0
LYON;45.76;4.83;08/08/2026;08:00;26.5;0;SOLEIL;2;0;0
LYON;45.76;4.83;08/08/2026;09:00;26.5;0;SOLEIL;2;0;0
LYON;45.76;4.83;08/08/2026;10:00;26.5;0;SOLEIL;2;0;0
LYON;45.76;4.83;08/08/2026;11:00;31.6;0;SOLEIL;1;0;0
LYON;45.76;4.83;08/08/2026;12:00;31.6;0;SOLEIL;1;0;0
LYON;45.76;4.83;08/08/2026;13:00;31.6;0;SOLEIL;1;0;0
LYON;45.76;4.83;08/08/2026;14:00;34.2;0;SOLEIL;2;0;0
LYON;45.76;4.83;08/08/2026;15:00;34.2;0;SOLEIL;2;0;0
LYON;45.76;4.83;08/08/2026;16:00;34.2;0;SOLEIL;2;0;0
LYON;45.76;4.83;08/08/2026;17:00;33;5;SOLEIL VOILÉ;2;0;0
LYON;45.76;4.83;08/08/2026;18:00;33;5;SOLEIL VOILÉ;2;0;0
LYON;45.76;4.83;08/08/2026;19:00;33;5;SOLEIL VOILÉ;2;0;0
LYON;45.76;4.83;08/08/2026;20:00;27.2;0;SOLEIL;1;0;0
LYON;45.76;4.83;08/08/2026;21:00;27.2;0;SOLEIL;1;0;0
LYON;45.76;4.83;08/08/2026;22:00;27.2;0;SOLEIL;1;0;0
LYON;45.76;4.83;08/08/2026;23:00;24.7;0;SOLEIL;2;0;0
LYON;45.76;4.83;09/08/2026;00:00;24.7;0;SOLEIL;2;0;0
LYON;45.76;4.83;09/08/2026;01:00;24.7;0;SOLEIL;2;0;0
LYON;45.76;4.83;09/08/2026;02:00;23.2;0;SOLEIL;0;0;0
LYON;45.76;4.83;09/08/2026;03:00;23.2;0;SOLEIL;0;0;0
LYON;45.76;4.83;09/08/2026;04:00;23.2;0;SOLEIL;0;0;0
LYON;45.76;4.83;09/08/2026;05:00;23.5;10;ORAGEUX;1;0;0
LYON;45.76;4.83;09/08/2026;06:00;23.5;10;ORAGEUX;1;0;0
LYON;45.76;4.83;09/08/2026;07:00;23.5;10;ORAGEUX;1;0;0
LYON;45.76;4.83;09/08/2026;08:00;27.6;10;ORAGEUX;2;0;0
LYON;45.76;4.83;09/08/2026;09:00;27.6;10;ORAGEUX;2;0;0
LYON;45.76;4.83;09/08/2026;10:00;27.6;10;ORAGEUX;2;0;0
LYON;45.76;4.83;09/08/2026;11:00;33.2;10;ORAGEUX;3;0;0
LYON;45.76;4.83;09/08/2026;12:00;33.2;10;ORAGEUX;3;0;0
LYON;45.76;4.83;09/08/2026;13:00;33.2;10;ORAGEUX;3;0;0
LYON;45.76;4.83;09/08/2026;14:00;33.2;10;ORAGEUX;2;0;0
LYON;45.76;4.83;09/08/2026;15:00;33.2;10;ORAGEUX;2;0;0
LYON;45.76;4.83;09/08/2026;16:00;33.2;10;ORAGEUX;2;0;0
LYON;45.76;4.83;09/08/2026;17:00;30;10;ORAGEUX;2;0;0
LYON;45.76;4.83;09/08/2026;18:00;30;10;ORAGEUX;2;0;0
LYON;45.76;4.83;09/08/2026;19:00;30;10;ORAGEUX;2;0;0
LYON;45.76;4.83;09/08/2026;20:00;27.3;0;SOLEIL;5;0;0
LYON;45.76;4.83;09/08/2026;21:00;25.8;0;SOLEIL;5;0;0
LYON;45.76;4.83;09/08/2026;22:00;24.3;0;SOLEIL;5;0;0
LYON;45.76;4.83;09/08/2026;23:00;25;0;SOLEIL;2;0;0
LYON;45.76;4.83;10/08/2026;00:00;25;0;SOLEIL;2;0;0
LYON;45.76;4.83;10/08/2026;01:00;25;0;SOLEIL;2;0;0
LYON;45.76;4.83;10/08/2026;02:00;22.4;10;ORAGEUX;5;0;0
LYON;45.76;4.83;10/08/2026;03:00;22.4;10;ORAGEUX;5;0;0
LYON;45.76;4.83;10/08/2026;04:00;22.4;10;ORAGEUX;5;0;0
LYON;45.76;4.83;10/08/2026;05:00;23.5;0;SOLEIL;0;0;0
LYON;45.76;4.83;10/08/2026;06:00;23.5;0;SOLEIL;0;0;0
LYON;45.76;4.83;10/08/2026;07:00;23.5;0;SOLEIL;0;0;0
LYON;45.76;4.83;10/08/2026;08:00;25.0;10;ORAGEUX;5;0;0
LYON;45.76;4.83;10/08/2026;09:00;26.3;10;ORAGEUX;5;0;0
LYON;45.76;4.83;10/08/2026;10:00;27.6;10;ORAGEUX;5;0;0
LYON;45.76;4.83;10/08/2026;11:00;33.1;0;SOLEIL;2;0;0
LYON;45.76;4.83;10/08/2026;12:00;33.1;0;SOLEIL;2;0;0
LYON;45.76;4.83;10/08/2026;13:00;33.1;0;SOLEIL;2;0;0
LYON;45.76;4.83;10/08/2026;14:00;32.8;10;ORAGEUX;5;0;0
LYON;45.76;4.83;10/08/2026;15:00;34.1;10;ORAGEUX;5;0;0
LYON;45.76;4.83;10/08/2026;16:00;32.8;10;ORAGEUX;5;0;0
LYON;45.76;4.83;10/08/2026;17:00;31.1;6;AVERSES;2;0;0
LYON;45.76;4.83;10/08/2026;18:00;31.1;6;AVERSES;2;0;0
LYON;45.76;4.83;10/08/2026;19:00;31.1;6;AVERSES;2;0;0
LYON;45.76;4.83;10/08/2026;20:00;27.6;10;ORAGEUX;5;0;0
LYON;45.76;4.83;10/08/2026;21:00;26.3;10;ORAGEUX;5;0;0
LYON;45.76;4.83;10/08/2026;22:00;25.0;10;ORAGEUX;5;0;0
LYON;45.76;4.83;10/08/2026;23:00;24.7;0;SOLEIL;1;0;0
LYON;45.76;4.83;11/08/2026;00:00;24.7;0;SOLEIL;1;0;0
LYON;45.76;4.83;11/08/2026;01:00;24.7;0;SOLEIL;1;0;0
LYON;45.76;4.83;11/08/2026;02:00;22.1;0;SOLEIL;5;0;0
LYON;45.76;4.83;11/08/2026;03:00;22.1;0;SOLEIL;5;0;0
LYON;45.76;4.83;11/08/2026;04:00;22.1;0;SOLEIL;5;0;0
LYON;45.76;4.83;11/08/2026;05:00;23.5;0;SOLEIL;2;0;0
LYON;45.76;4.83;11/08/2026;06:00;23.5;0;SOLEIL;2;0;0
LYON;45.76;4.83;11/08/2026;07:00;23.5;0;SOLEIL;2;0;0
LYON;45.76;4.83;11/08/2026;08:00;25.0;0;SOLEIL;5;0;0
LYON;45.76;4.83;11/08/2026;09:00;26.4;0;SOLEIL;5;0;0
LYON;45.76;4.83;11/08/2026;10:00;27.9;0;SOLEIL;5;0;0
LYON;45.76;4.83;11/08/2026;11:00;33.2;0;SOLEIL;2;0;0
LYON;45.76;4.83;11/08/2026;12:00;33.2;0;SOLEIL;2;0;0
LYON;45.76;4.83;11/08/2026;13:00;33.2;0;SOLEIL;2;0;0
LYON;45.76;4.83;11/08/2026;14:00;33.7;0;SOLEIL;5;0;0
LYON;45.76;4.83;11/08/2026;15:00;35.1;0;SOLEIL;5;0;0
LYON;45.76;4.83;11/08/2026;16:00;33.7;0;SOLEIL;5;0;0
LYON;45.76;4.83;11/08/2026;17:00;33.1;0;SOLEIL;2;0;0
LYON;45.76;4.83;11/08/2026;18:00;33.1;0;SOLEIL;2;0;0
LYON;45.76;4.83;11/08/2026;19:00;33.1;0;SOLEIL;2;0;0
LYON;45.76;4.83;11/08/2026;20:00;27.9;0;SOLEIL;5;0;0
LYON;45.76;4.83;11/08/2026;21:00;26.4;0;SOLEIL;5;0;0
LYON;45.76;4.83;11/08/2026;22:00;25.0;0;SOLEIL;5;0;0
LYON;45.76;4.83;11/08/2026;23:00;25.1;0;SOLEIL;1;0;0
LYON;45.76;4.83;12/08/2026;00:00;25.1;0;SOLEIL;1;0;0
LYON;45.76;4.83;12/08/2026;01:00;25.1;0;SOLEIL;1;0;0
LYON;45.76;4.83;12/08/2026;02:00;22.5;0;SOLEIL;5;0;0
LYON;45.76;4.83;12/08/2026;03:00;22.5;0;SOLEIL;5;0;0
LYON;45.76;4.83;12/08/2026;04:00;22.5;0;SOLEIL;5;0;0
LYON;45.76;4.83;12/08/2026;05:00;23.9;0;SOLEIL;0;0;0
LYON;45.76;4.83;12/08/2026;06:00;23.9;0;SOLEIL;0;0;0
LYON;45.76;4.83;12/08/2026;07:00;23.9;0;SOLEIL;0;0;0
LYON;45.76;4.83;12/08/2026;08:00;25.4;0;SOLEIL;5;0;0
LYON;45.76;4.83;12/08/2026;09:00;26.9;0;SOLEIL;5;0;0
LYON;45.76;4.83;12/08/2026;10:00;28.4;0;SOLEIL;5;0;0
LYON;45.76;4.83;12/08/2026;11:00;34.1;0;SOLEIL;1;0;0
LYON;45.76;4.83;12/08/2026;12:00;34.1;0;SOLEIL;1;0;0
LYON;45.76;4.83;12/08/2026;13:00;34.1;0;SOLEIL;1;0;0
LYON;45.76;4.83;12/08/2026;14:00;34.2;0;SOLEIL;5;0;0
LYON;45.76;4.83;12/08/2026;15:00;35.7;0;SOLEIL;5;0;0
LYON;45.76;4.83;12/08/2026;16:00;34.2;0;SOLEIL;5;0;0
LYON;45.76;4.83;12/08/2026;17:00;34.6;0;SOLEIL;2;0;0
LYON;45.76;4.83;12/08/2026;18:00;34.6;0;SOLEIL;2;0;0
LYON;45.76;4.83;12/08/2026;19:00;34.6;0;SOLEIL;2;0;0
LYON;45.76;4.83;12/08/2026;20:00;28.4;0;SOLEIL;5;0;0
LYON;45.76;4.83;12/08/2026;21:00;26.9;0;SOLEIL;5;0;0
LYON;45.76;4.83;12/08/2026;22:00;25.4;0;SOLEIL;5;0;0
LYON;45.76;4.83;12/08/2026;23:00;26.1;0;SOLEIL;1;0;0
LYON;45.76;4.83;13/08/2026;00:00;26.1;0;SOLEIL;1;0;0
LYON;45.76;4.83;13/08/2026;01:00;26.1;0;SOLEIL;1;0;0
LYON;45.76;4.83;13/08/2026;02:00;22.6;0;SOLEIL;5;0;0
LYON;45.76;4.83;13/08/2026;03:00;22.6;0;SOLEIL;5;0;0
LYON;45.76;4.83;13/08/2026;04:00;22.6;0;SOLEIL;5;0;0
LYON;45.76;4.83;13/08/2026;05:00;24.7;0;SOLEIL;0;0;0
LYON;45.76;4.83;13/08/2026;06:00;24.7;0;SOLEIL;0;0;0
LYON;45.76;4.83;13/08/2026;07:00;24.7;0;SOLEIL;0;0;0
LYON;45.76;4.83;13/08/2026;08:00;25.7;0;SOLEIL;5;0;0
LYON;45.76;4.83;13/08/2026;09:00;27.3;0;SOLEIL;5;0;0
LYON;45.76;4.83;13/08/2026;10:00;28.9;0;SOLEIL;5;0;0
LYON;45.76;4.83;13/08/2026;11:00;36.9;0;SOLEIL;1;0;0
LYON;45.76;4.83;13/08/2026;12:00;36.9;0;SOLEIL;1;0;0
LYON;45.76;4.83;13/08/2026;13:00;36.9;0;SOLEIL;1;0;0
LYON;45.76;4.83;13/08/2026;14:00;35.1;0;SOLEIL;5;0;0
LYON;45.76;4.83;13/08/2026;15:00;36.7;0;SOLEIL;5;0;0
LYON;45.76;4.83;13/08/2026;16:00;35.1;0;SOLEIL;5;0;0
LYON;45.76;4.83;13/08/2026;17:00;35.1;0;SOLEIL;2;0;0
LYON;45.76;4.83;13/08/2026;18:00;35.1;0;SOLEIL;2;0;0
LYON;45.76;4.83;13/08/2026;19:00;35.1;0;SOLEIL;2;0;0
LYON;45.76;4.83;13/08/2026;20:00;28.9;0;SOLEIL;5;0;0
LYON;45.76;4.83;13/08/2026;21:00;27.3;0;SOLEIL;5;0;0
LYON;45.76;4.83;13/08/2026;22:00;25.7;0;SOLEIL;5;0;0
LYON;45.76;4.83;13/08/2026;23:00;27.1;0;SOLEIL;1;0;0
LYON;45.76;4.83;14/08/2026;00:00;27.1;0;SOLEIL;1;0;0
LYON;45.76;4.83;14/08/2026;01:00;27.1;0;SOLEIL;1;0;0
LYON;45.76;4.83;14/08/2026;02:00;22.7;0;SOLEIL;5;0;0
LYON;45.76;4.83;14/08/2026;03:00;22.7;0;SOLEIL;5;0;0
LYON;45.76;4.83;14/08/2026;04:00;22.7;0;SOLEIL;5;0;0
LYON;45.76;4.83;14/08/2026;05:00;25.6;0;SOLEIL;0;0;0
LYON;45.76;4.83;14/08/2026;06:00;25.6;0;SOLEIL;0;0;0
LYON;45.76;4.83;14/08/2026;07:00;25.6;0;SOLEIL;0;0;0
LYON;45.76;4.83;14/08/2026;08:00;26.2;0;SOLEIL;5;0;0
LYON;45.76;4.83;14/08/2026;09:00;28.0;0;SOLEIL;5;0;0
LYON;45.76;4.83;14/08/2026;10:00;29.8;0;SOLEIL;5;0;0
LYON;45.76;4.83;14/08/2026;11:00;35.7;0;SOLEIL;2;0;0
LYON;45.76;4.83;14/08/2026;12:00;35.7;0;SOLEIL;2;0;0
LYON;45.76;4.83;14/08/2026;13:00;35.7;0;SOLEIL;2;0;0
LYON;45.76;4.83;14/08/2026;14:00;36.8;0;SOLEIL;5;0;0
LYON;45.76;4.83;14/08/2026;15:00;38.6;0;SOLEIL;5;0;0
LYON;45.76;4.83;14/08/2026;16:00;36.8;0;SOLEIL;5;0;0
LYON;45.76;4.83;14/08/2026;17:00;33.1;6;AVERSES;3;0;0
LYON;45.76;4.83;14/08/2026;18:00;33.1;6;AVERSES;3;0;0
LYON;45.76;4.83;14/08/2026;19:00;33.1;6;AVERSES;3;0;0
LYON;45.76;4.83;14/08/2026;20:00;29.8;0;SOLEIL;5;0;0
LYON;45.76;4.83;14/08/2026;21:00;28.0;0;SOLEIL;5;0;0
LYON;45.76;4.83;14/08/2026;22:00;26.2;0;SOLEIL;5;0;0
LYON;45.76;4.83;14/08/2026;23:00;26.6;0;SOLEIL;2;0;0
LYON;45.76;4.83;15/08/2026;00:00;26.6;0;SOLEIL;2;0;0
LYON;45.76;4.83;15/08/2026;01:00;26.6;0;SOLEIL;2;0;0
LYON;45.76;4.83;15/08/2026;02:00;23.9;0;SOLEIL;5;0;0
LYON;45.76;4.83;15/08/2026;03:00;23.9;0;SOLEIL;5;0;0
LYON;45.76;4.83;15/08/2026;04:00;23.9;0;SOLEIL;5;0;0
LYON;45.76;4.83;15/08/2026;05:00;24.6;0;SOLEIL;2;0;0
LYON;45.76;4.83;15/08/2026;06:00;24.6;0;SOLEIL;2;0;0
LYON;45.76;4.83;15/08/2026;07:00;24.6;0;SOLEIL;2;0;0
LYON;45.76;4.83;15/08/2026;08:00;26.9;0;SOLEIL;5;0;0
LYON;45.76;4.83;15/08/2026;09:00;28.4;0;SOLEIL;5;0;0
LYON;45.76;4.83;15/08/2026;10:00;29.9;0;SOLEIL;5;0;0
LYON;45.76;4.83;15/08/2026;11:00;31.1;0;SOLEIL;3;0;0
LYON;45.76;4.83;15/08/2026;12:00;31.1;0;SOLEIL;3;0;0
LYON;45.76;4.83;15/08/2026;13:00;31.1;0;SOLEIL;3;0;0
LYON;45.76;4.83;15/08/2026;14:00;36.0;0;SOLEIL;5;0;0
LYON;45.76;4.83;15/08/2026;15:00;37.5;0;SOLEIL;5;0;0
LYON;45.76;4.83;15/08/2026;16:00;36.0;0;SOLEIL;5;0;0
LYON;45.76;4.83;15/08/2026;17:00;30.2;6;AVERSES;3;0;0
LYON;45.76;4.83;15/08/2026;18:00;30.2;6;AVERSES;3;0;0
LYON;45.76;4.83;15/08/2026;19:00;30.2;6;AVERSES;3;0;0
LYON;45.76;4.83;15/08/2026;20:00;29.9;0;SOLEIL;5;0;0
LYON;45.76;4.83;15/08/2026;21:00;28.4;0;SOLEIL;5;0;0
LYON;45.76;4.83;15/08/2026;22:00;26.9;0;SOLEIL;5;0;0
LYON;45.76;4.83;15/08/2026;23:00;24.6;0;SOLEIL;2;0;0
PONTARLIER;46.9;6.35;08/08/2026;00:00;15;0;SOLEIL;1;0;0
PONTARLIER;46.9;6.35;08/08/2026;01:00;15;0;SOLEIL;1;0;0
PONTARLIER;46.9;6.35;08/08/2026;02:00;12.2;0;SOLEIL;3;0;0
PONTARLIER;46.9;6.35;08/08/2026;03:00;12.2;0;SOLEIL;3;0;0
PONTARLIER;46.9;6.35;08/08/2026;04:00;12.2;0;SOLEIL;3;0;0
PONTARLIER;46.9;6.35;08/08/2026;05:00;16.1;0;SOLEIL;2;0;0
PONTARLIER;46.9;6.35;08/08/2026;06:00;16.1;0;SOLEIL;2;0;0
PONTARLIER;46.9;6.35;08/08/2026;07:00;16.1;0;SOLEIL;2;0;0
PONTARLIER;46.9;6.35;08/08/2026;08:00;25.4;0;SOLEIL;0;0;0
PONTARLIER;46.9;6.35;08/08/2026;09:00;25.4;0;SOLEIL;0;0;0
PONTARLIER;46.9;6.35;08/08/2026;10:00;25.4;0;SOLEIL;0;0;0
PONTARLIER;46.9;6.35;08/08/2026;11:00;29.4;0;SOLEIL;2;0;0
PONTARLIER;46.9;6.35;08/08/2026;12:00;29.4;0;SOLEIL;2;0;0
PONTARLIER;46.9;6.35;08/08/2026;13:00;29.4;0;SOLEIL;2;0;0
PONTARLIER;46.9;6.35;08/08/2026;14:00;30.6;0;SOLEIL;3;0;0
PONTARLIER;46.9;6.35;08/08/2026;15:00;30.6;0;SOLEIL;3;0;0
PONTARLIER;46.9;6.35;08/08/2026;16:00;30.6;0;SOLEIL;3;0;0
PONTARLIER;46.9;6.35;08/08/2026;17:00;27.6;0;SOLEIL;1;0;0
PONTARLIER;46.9;6.35;08/08/2026;18:00;27.6;0;SOLEIL;1;0;0
PONTARLIER;46.9;6.35;08/08/2026;19:00;27.6;0;SOLEIL;1;0;0
PONTARLIER;46.9;6.35;08/08/2026;20:00;19.7;0;SOLEIL;1;0;0
PONTARLIER;46.9;6.35;08/08/2026;21:00;19.7;0;SOLEIL;1;0;0
PONTARLIER;46.9;6.35;08/08/2026;22:00;19.7;0;SOLEIL;1;0;0
PONTARLIER;46.9;6.35;08/08/2026;23:00;17.1;0;SOLEIL;2;0;0
PONTARLIER;46.9;6.35;09/08/2026;00:00;17.1;0;SOLEIL;2;0;0
PONTARLIER;46.9;6.35;09/08/2026;01:00;17.1;0;SOLEIL;2;0;0
PONTARLIER;46.9;6.35;09/08/2026;02:00;16.6;0;SOLEIL;3;0;0
PONTARLIER;46.9;6.35;09/08/2026;03:00;16.6;0;SOLEIL;3;0;0
PONTARLIER;46.9;6.35;09/08/2026;04:00;16.6;0;SOLEIL;3;0;0
PONTARLIER;46.9;6.35;09/08/2026;05:00;19.6;0;SOLEIL;2;0;0
PONTARLIER;46.9;6.35;09/08/2026;06:00;19.6;0;SOLEIL;2;0;0
PONTARLIER;46.9;6.35;09/08/2026;07:00;19.6;0;SOLEIL;2;0;0
PONTARLIER;46.9;6.35;09/08/2026;08:00;27.1;0;SOLEIL;2;0;0
PONTARLIER;46.9;6.35;09/08/2026;09:00;27.1;0;SOLEIL;2;0;0
PONTARLIER;46.9;6.35;09/08/2026;10:00;27.1;0;SOLEIL;2;0;0
PONTARLIER;46.9;6.35;09/08/2026;11:00;28.9;0;SOLEIL;3;0;0
PONTARLIER;46.9;6.35;09/08/2026;12:00;28.9;0;SOLEIL;3;0;0
PONTARLIER;46.9;6.35;09/08/2026;13:00;28.9;0;SOLEIL;3;0;0
PONTARLIER;46.9;6.35;09/08/2026;14:00;27.2;0;SOLEIL;4;0;0
PONTARLIER;46.9;6.35;09/08/2026;15:00;27.2;0;SOLEIL;4;0;0
PONTARLIER;46.9;6.35;09/08/2026;16:00;27.2;0;SOLEIL;4;0;0
PONTARLIER;46.9;6.35;09/08/2026;17:00;25.4;10;ORAGEUX;3;0;0
PONTARLIER;46.9;6.35;09/08/2026;18:00;25.4;10;ORAGEUX;3;0;0
PONTARLIER;46.9;6.35;09/08/2026;19:00;25.4;10;ORAGEUX;3;0;0
PONTARLIER;46.9;6.35;09/08/2026;20:00;20.3;0;SOLEIL;5;0;0
PONTARLIER;46.9;6.35;09/08/2026;21:00;18.2;0;SOLEIL;5;0;0
PONTARLIER;46.9;6.35;09/08/2026;22:00;16.0;0;SOLEIL;5;0;0
PONTARLIER;46.9;6.35;09/08/2026;23:00;16.1;0;SOLEIL;2;0;0
PONTARLIER;46.9;6.35;10/08/2026;00:00;16.1;0;SOLEIL;2;0;0
PONTARLIER;46.9;6.35;10/08/2026;01:00;16.1;0;SOLEIL;2;0;0
PONTARLIER;46.9;6.35;10/08/2026;02:00;15.6;10;ORAGEUX;5;0;0
PONTARLIER;46.9;6.35;10/08/2026;03:00;15.6;10;ORAGEUX;5;0;0
PONTARLIER;46.9;6.35;10/08/2026;04:00;15.6;10;ORAGEUX;5;0;0
PONTARLIER;46.9;6.35;10/08/2026;05:00;17.2;0;SOLEIL;3;0;0
PONTARLIER;46.9;6.35;10/08/2026;06:00;17.2;0;SOLEIL;3;0;0
PONTARLIER;46.9;6.35;10/08/2026;07:00;17.2;0;SOLEIL;3;0;0
PONTARLIER;46.9;6.35;10/08/2026;08:00;18.7;10;ORAGEUX;5;0;0
PONTARLIER;46.9;6.35;10/08/2026;09:00;20.2;10;ORAGEUX;5;0;0
PONTARLIER;46.9;6.35;10/08/2026;10:00;21.8;10;ORAGEUX;5;0;0
PONTARLIER;46.9;6.35;10/08/2026;11:00;27.5;6;AVERSES;3;0;0
PONTARLIER;46.9;6.35;10/08/2026;12:00;27.5;6;AVERSES;3;0;0
PONTARLIER;46.9;6.35;10/08/2026;13:00;27.5;6;AVERSES;3;0;0
PONTARLIER;46.9;6.35;10/08/2026;14:00;28.0;10;ORAGEUX;5;0;0
PONTARLIER;46.9;6.35;10/08/2026;15:00;29.5;10;ORAGEUX;5;0;0
PONTARLIER;46.9;6.35;10/08/2026;16:00;28.0;10;ORAGEUX;5;0;0
PONTARLIER;46.9;6.35;10/08/2026;17:00;24.6;6;AVERSES;2;0;0
PONTARLIER;46.9;6.35;10/08/2026;18:00;24.6;6;AVERSES;2;0;0
PONTARLIER;46.9;6.35;10/08/2026;19:00;24.6;6;AVERSES;2;0;0
PONTARLIER;46.9;6.35;10/08/2026;20:00;21.8;10;ORAGEUX;5;0;0
PONTARLIER;46.9;6.35;10/08/2026;21:00;20.2;10;ORAGEUX;5;0;0
PONTARLIER;46.9;6.35;10/08/2026;22:00;18.7;10;ORAGEUX;5;0;0
PONTARLIER;46.9;6.35;10/08/2026;23:00;15.9;0;SOLEIL;2;0;0
PONTARLIER;46.9;6.35;11/08/2026;00:00;15.9;0;SOLEIL;2;0;0
PONTARLIER;46.9;6.35;11/08/2026;01:00;15.9;0;SOLEIL;2;0;0
PONTARLIER;46.9;6.35;11/08/2026;02:00;14.6;0;SOLEIL;5;0;0
PONTARLIER;46.9;6.35;11/08/2026;03:00;14.6;0;SOLEIL;5;0;0
PONTARLIER;46.9;6.35;11/08/2026;04:00;14.6;0;SOLEIL;5;0;0
PONTARLIER;46.9;6.35;11/08/2026;05:00;16.6;0;SOLEIL;2;0;0
PONTARLIER;46.9;6.35;11/08/2026;06:00;16.6;0;SOLEIL;2;0;0
PONTARLIER;46.9;6.35;11/08/2026;07:00;16.6;0;SOLEIL;2;0;0
PONTARLIER;46.9;6.35;11/08/2026;08:00;17.7;0;SOLEIL;5;0;0
PONTARLIER;46.9;6.35;11/08/2026;09:00;19.2;0;SOLEIL;5;0;0
PONTARLIER;46.9;6.35;11/08/2026;10:00;20.8;0;SOLEIL;5;0;0
PONTARLIER;46.9;6.35;11/08/2026;11:00;29.1;0;SOLEIL;3;0;0
PONTARLIER;46.9;6.35;11/08/2026;12:00;29.1;0;SOLEIL;3;0;0
PONTARLIER;46.9;6.35;11/08/2026;13:00;29.1;0;SOLEIL;3;0;0
PONTARLIER;46.9;6.35;11/08/2026;14:00;27.0;0;SOLEIL;5;0;0
PONTARLIER;46.9;6.35;11/08/2026;15:00;28.5;0;SOLEIL;5;0;0
PONTARLIER;46.9;6.35;11/08/2026;16:00;27.0;0;SOLEIL;5;0;0
PONTARLIER;46.9;6.35;11/08/2026;17:00;25.9;0;SOLEIL;2;0;0
PONTARLIER;46.9;6.35;11/08/2026;18:00;25.9;0;SOLEIL;2;0;0
PONTARLIER;46.9;6.35;11/08/2026;19:00;25.9;0;SOLEIL;2;0;0
PONTARLIER;46.9;6.35;11/08/2026;20:00;20.8;0;SOLEIL;5;0;0
PONTARLIER;46.9;6.35;11/08/2026;21:00;19.2;0;SOLEIL;5;0;0
PONTARLIER;46.9;6.35;11/08/2026;22:00;17.7;0;SOLEIL;5;0;0
PONTARLIER;46.9;6.35;11/08/2026;23:00;16.6;0;SOLEIL;3;0;0
PONTARLIER;46.9;6.35;12/08/2026;00:00;16.6;0;SOLEIL;3;0;0
PONTARLIER;46.9;6.35;12/08/2026;01:00;16.6;0;SOLEIL;3;0;0
PONTARLIER;46.9;6.35;12/08/2026;02:00;13.2;0;SOLEIL;5;0;0
PONTARLIER;46.9;6.35;12/08/2026;03:00;13.2;0;SOLEIL;5;0;0
PONTARLIER;46.9;6.35;12/08/2026;04:00;13.2;0;SOLEIL;5;0;0
PONTARLIER;46.9;6.35;12/08/2026;05:00;17.1;0;SOLEIL;3;0;0
PONTARLIER;46.9;6.35;12/08/2026;06:00;17.1;0;SOLEIL;3;0;0
PONTARLIER;46.9;6.35;12/08/2026;07:00;17.1;0;SOLEIL;3;0;0
PONTARLIER;46.9;6.35;12/08/2026;08:00;17.0;0;SOLEIL;5;0;0
PONTARLIER;46.9;6.35;12/08/2026;09:00;18.8;0;SOLEIL;5;0;0
PONTARLIER;46.9;6.35;12/08/2026;10:00;20.7;0;SOLEIL;5;0;0
PONTARLIER;46.9;6.35;12/08/2026;11:00;30.4;0;SOLEIL;2;0;0
PONTARLIER;46.9;6.35;12/08/2026;12:00;30.4;0;SOLEIL;2;0;0
PONTARLIER;46.9;6.35;12/08/2026;13:00;30.4;0;SOLEIL;2;0;0
PONTARLIER;46.9;6.35;12/08/2026;14:00;28.2;0;SOLEIL;5;0;0
PONTARLIER;46.9;6.35;12/08/2026;15:00;30.1;0;SOLEIL;5;0;0
PONTARLIER;46.9;6.35;12/08/2026;16:00;28.2;0;SOLEIL;5;0;0
PONTARLIER;46.9;6.35;12/08/2026;17:00;27.2;0;SOLEIL;1;0;0
PONTARLIER;46.9;6.35;12/08/2026;18:00;27.2;0;SOLEIL;1;0;0
PONTARLIER;46.9;6.35;12/08/2026;19:00;27.2;0;SOLEIL;1;0;0
PONTARLIER;46.9;6.35;12/08/2026;20:00;20.7;0;SOLEIL;5;0;0
PONTARLIER;46.9;6.35;12/08/2026;21:00;18.8;0;SOLEIL;5;0;0
PONTARLIER;46.9;6.35;12/08/2026;22:00;17.0;0;SOLEIL;5;0;0
PONTARLIER;46.9;6.35;12/08/2026;23:00;18.4;0;SOLEIL;3;0;0
PONTARLIER;46.9;6.35;13/08/2026;00:00;18.4;0;SOLEIL;3;0;0
PONTARLIER;46.9;6.35;13/08/2026;01:00;18.4;0;SOLEIL;3;0;0
PONTARLIER;46.9;6.35;13/08/2026;02:00;14.5;0;SOLEIL;5;0;0
PONTARLIER;46.9;6.35;13/08/2026;03:00;14.5;0;SOLEIL;5;0;0
PONTARLIER;46.9;6.35;13/08/2026;04:00;14.5;0;SOLEIL;5;0;0
PONTARLIER;46.9;6.35;13/08/2026;05:00;19;0;SOLEIL;2;0;0
PONTARLIER;46.9;6.35;13/08/2026;06:00;19;0;SOLEIL;2;0;0
PONTARLIER;46.9;6.35;13/08/2026;07:00;19;0;SOLEIL;2;0;0
PONTARLIER;46.9;6.35;13/08/2026;08:00;18.4;0;SOLEIL;5;0;0
PONTARLIER;46.9;6.35;13/08/2026;09:00;20.4;0;SOLEIL;5;0;0
PONTARLIER;46.9;6.35;13/08/2026;10:00;22.3;0;SOLEIL;5;0;0
PONTARLIER;46.9;6.35;13/08/2026;11:00;32.1;0;SOLEIL;2;0;0
PONTARLIER;46.9;6.35;13/08/2026;12:00;32.1;0;SOLEIL;2;0;0
PONTARLIER;46.9;6.35;13/08/2026;13:00;32.1;0;SOLEIL;2;0;0
PONTARLIER;46.9;6.35;13/08/2026;14:00;30.1;0;SOLEIL;5;0;0
PONTARLIER;46.9;6.35;13/08/2026;15:00;32.1;0;SOLEIL;5;0;0
PONTARLIER;46.9;6.35;13/08/2026;16:00;30.1;0;SOLEIL;5;0;0
PONTARLIER;46.9;6.35;13/08/2026;17:00;28;0;SOLEIL;1;0;0
PONTARLIER;46.9;6.35;13/08/2026;18:00;28;0;SOLEIL;1;0;0
PONTARLIER;46.9;6.35;13/08/2026;19:00;28;0;SOLEIL;1;0;0
PONTARLIER;46.9;6.35;13/08/2026;20:00;22.3;0;SOLEIL;5;0;0
PONTARLIER;46.9;6.35;13/08/2026;21:00;20.4;0;SOLEIL;5;0;0
PONTARLIER;46.9;6.35;13/08/2026;22:00;18.4;0;SOLEIL;5;0;0
PONTARLIER;46.9;6.35;13/08/2026;23:00;19.9;0;SOLEIL;2;0;0
PONTARLIER;46.9;6.35;14/08/2026;00:00;19.9;0;SOLEIL;2;0;0
PONTARLIER;46.9;6.35;14/08/2026;01:00;19.9;0;SOLEIL;2;0;0
PONTARLIER;46.9;6.35;14/08/2026;02:00;15.6;0;SOLEIL;5;0;0
PONTARLIER;46.9;6.35;14/08/2026;03:00;15.6;0;SOLEIL;5;0;0
PONTARLIER;46.9;6.35;14/08/2026;04:00;15.6;0;SOLEIL;5;0;0
PONTARLIER;46.9;6.35;14/08/2026;05:00;20.5;0;SOLEIL;2;0;0
PONTARLIER;46.9;6.35;14/08/2026;06:00;20.5;0;SOLEIL;2;0;0
PONTARLIER;46.9;6.35;14/08/2026;07:00;20.5;0;SOLEIL;2;0;0
PONTARLIER;46.9;6.35;14/08/2026;08:00;19.6;0;SOLEIL;5;0;0
PONTARLIER;46.9;6.35;14/08/2026;09:00;21.6;0;SOLEIL;5;0;0
PONTARLIER;46.9;6.35;14/08/2026;10:00;23.6;0;SOLEIL;5;0;0
PONTARLIER;46.9;6.35;14/08/2026;11:00;32.1;0;SOLEIL;3;0;0
PONTARLIER;46.9;6.35;14/08/2026;12:00;32.1;0;SOLEIL;3;0;0
PONTARLIER;46.9;6.35;14/08/2026;13:00;32.1;0;SOLEIL;3;0;0
PONTARLIER;46.9;6.35;14/08/2026;14:00;31.5;0;SOLEIL;5;0;0
PONTARLIER;46.9;6.35;14/08/2026;15:00;33.5;0;SOLEIL;5;0;0
PONTARLIER;46.9;6.35;14/08/2026;16:00;31.5;0;SOLEIL;5;0;0
PONTARLIER;46.9;6.35;14/08/2026;17:00;24.9;6;AVERSES;2;0;0
PONTARLIER;46.9;6.35;14/08/2026;18:00;24.9;6;AVERSES;2;0;0
PONTARLIER;46.9;6.35;14/08/2026;19:00;24.9;6;AVERSES;2;0;0
PONTARLIER;46.9;6.35;14/08/2026;20:00;23.6;0;SOLEIL;5;0;0
PONTARLIER;46.9;6.35;14/08/2026;21:00;21.6;0;SOLEIL;5;0;0
PONTARLIER;46.9;6.35;14/08/2026;22:00;19.6;0;SOLEIL;5;0;0
PONTARLIER;46.9;6.35;14/08/2026;23:00;19;0;SOLEIL;2;0;0
PONTARLIER;46.9;6.35;15/08/2026;00:00;19;0;SOLEIL;2;0;0
PONTARLIER;46.9;6.35;15/08/2026;01:00;19;0;SOLEIL;2;0;0
PONTARLIER;46.9;6.35;15/08/2026;02:00;17.1;0;SOLEIL;5;0;0
PONTARLIER;46.9;6.35;15/08/2026;03:00;17.1;0;SOLEIL;5;0;0
PONTARLIER;46.9;6.35;15/08/2026;04:00;17.1;0;SOLEIL;5;0;0
PONTARLIER;46.9;6.35;15/08/2026;05:00;18.1;0;SOLEIL;2;0;0
PONTARLIER;46.9;6.35;15/08/2026;06:00;18.1;0;SOLEIL;2;0;0
PONTARLIER;46.9;6.35;15/08/2026;07:00;18.1;0;SOLEIL;2;0;0
PONTARLIER;46.9;6.35;15/08/2026;08:00;20.6;0;SOLEIL;5;0;0
PONTARLIER;46.9;6.35;15/08/2026;09:00;22.4;0;SOLEIL;5;0;0
PONTARLIER;46.9;6.35;15/08/2026;10:00;24.2;0;SOLEIL;5;0;0
PONTARLIER;46.9;6.35;15/08/2026;11:00;25.9;6;AVERSES;3;0;0
PONTARLIER;46.9;6.35;15/08/2026;12:00;25.9;6;AVERSES;3;0;0
PONTARLIER;46.9;6.35;15/08/2026;13:00;25.9;6;AVERSES;3;0;0
PONTARLIER;46.9;6.35;15/08/2026;14:00;31.2;0;SOLEIL;5;0;0
PONTARLIER;46.9;6.35;15/08/2026;15:00;33.0;0;SOLEIL;5;0;0
PONTARLIER;46.9;6.35;15/08/2026;16:00;31.2;0;SOLEIL;5;0;0
PONTARLIER;46.9;6.35;15/08/2026;17:00;21.6;6;AVERSES;2;0;0
PONTARLIER;46.9;6.35;15/08/2026;18:00;21.6;6;AVERSES;2;0;0
PONTARLIER;46.9;6.35;15/08/2026;19:00;21.6;6;AVERSES;2;0;0
PONTARLIER;46.9;6.35;15/08/2026;20:00;24.2;0;SOLEIL;5;0;0
PONTARLIER;46.9;6.35;15/08/2026;21:00;22.4;0;SOLEIL;5;0;0
PONTARLIER;46.9;6.35;15/08/2026;22:00;20.6;0;SOLEIL;5;0;0
PONTARLIER;46.9;6.35;15/08/2026;23:00;15.9;0;SOLEIL;2;0;0
LA ROCHELLE;46.16;-1.15;08/08/2026;00:00;20.4;0;SOLEIL;4;0;0
LA ROCHELLE;46.16;-1.15;08/08/2026;01:00;20.4;0;SOLEIL;4;0;0
LA ROCHELLE;46.16;-1.15;08/08/2026;02:00;19;5;SOLEIL VOILÉ;4;0;0
LA ROCHELLE;46.16;-1.15;08/08/2026;03:00;19;5;SOLEIL VOILÉ;4;0;0
LA ROCHELLE;46.16;-1.15;08/08/2026;04:00;19;5;SOLEIL VOILÉ;4;0;0
LA ROCHELLE;46.16;-1.15;08/08/2026;05:00;19.6;0;SOLEIL;4;0;0
LA ROCHELLE;46.16;-1.15;08/08/2026;06:00;19.6;0;SOLEIL;4;0;0
LA ROCHELLE;46.16;-1.15;08/08/2026;07:00;19.6;0;SOLEIL;4;0;0
LA ROCHELLE;46.16;-1.15;08/08/2026;08:00;27.1;0;SOLEIL;4;0;0
LA ROCHELLE;46.16;-1.15;08/08/2026;09:00;27.1;0;SOLEIL;4;0;0
LA ROCHELLE;46.16;-1.15;08/08/2026;10:00;27.1;0;SOLEIL;4;0;0
LA ROCHELLE;46.16;-1.15;08/08/2026;11:00;30;0;SOLEIL;3;0;0
LA ROCHELLE;46.16;-1.15;08/08/2026;12:00;30;0;SOLEIL;3;0;0
LA ROCHELLE;46.16;-1.15;08/08/2026;13:00;30;0;SOLEIL;3;0;0
LA ROCHELLE;46.16;-1.15;08/08/2026;14:00;29.6;0;SOLEIL;4;0;0
LA ROCHELLE;46.16;-1.15;08/08/2026;15:00;29.6;0;SOLEIL;4;0;0
LA ROCHELLE;46.16;-1.15;08/08/2026;16:00;29.6;0;SOLEIL;4;0;0
LA ROCHELLE;46.16;-1.15;08/08/2026;17:00;26;0;SOLEIL;4;0;0
LA ROCHELLE;46.16;-1.15;08/08/2026;18:00;26;0;SOLEIL;4;0;0
LA ROCHELLE;46.16;-1.15;08/08/2026;19:00;26;0;SOLEIL;4;0;0
LA ROCHELLE;46.16;-1.15;08/08/2026;20:00;24.1;0;SOLEIL;3;0;0
LA ROCHELLE;46.16;-1.15;08/08/2026;21:00;24.1;0;SOLEIL;3;0;0
LA ROCHELLE;46.16;-1.15;08/08/2026;22:00;24.1;0;SOLEIL;3;0;0
LA ROCHELLE;46.16;-1.15;08/08/2026;23:00;22.1;5;SOLEIL VOILÉ;3;0;0
LA ROCHELLE;46.16;-1.15;09/08/2026;00:00;22.1;5;SOLEIL VOILÉ;3;0;0
LA ROCHELLE;46.16;-1.15;09/08/2026;01:00;22.1;5;SOLEIL VOILÉ;3;0;0
LA ROCHELLE;46.16;-1.15;09/08/2026;02:00;20.6;0;SOLEIL;3;0;0
LA ROCHELLE;46.16;-1.15;09/08/2026;03:00;20.6;0;SOLEIL;3;0;0
LA ROCHELLE;46.16;-1.15;09/08/2026;04:00;20.6;0;SOLEIL;3;0;0
LA ROCHELLE;46.16;-1.15;09/08/2026;05:00;21.1;0;SOLEIL;2;0;0
LA ROCHELLE;46.16;-1.15;09/08/2026;06:00;21.1;0;SOLEIL;2;0;0
LA ROCHELLE;46.16;-1.15;09/08/2026;07:00;21.1;0;SOLEIL;2;0;0
LA ROCHELLE;46.16;-1.15;09/08/2026;08:00;24.5;0;SOLEIL;3;0;0
LA ROCHELLE;46.16;-1.15;09/08/2026;09:00;24.5;0;SOLEIL;3;0;0
LA ROCHELLE;46.16;-1.15;09/08/2026;10:00;24.5;0;SOLEIL;3;0;0
LA ROCHELLE;46.16;-1.15;09/08/2026;11:00;26.2;0;SOLEIL;4;0;0
LA ROCHELLE;46.16;-1.15;09/08/2026;12:00;26.2;0;SOLEIL;4;0;0
LA ROCHELLE;46.16;-1.15;09/08/2026;13:00;26.2;0;SOLEIL;4;0;0
LA ROCHELLE;46.16;-1.15;09/08/2026;14:00;25.1;0;SOLEIL;5;0;0
LA ROCHELLE;46.16;-1.15;09/08/2026;15:00;25.1;0;SOLEIL;5;0;0
LA ROCHELLE;46.16;-1.15;09/08/2026;16:00;25.1;0;SOLEIL;5;0;0
LA ROCHELLE;46.16;-1.15;09/08/2026;17:00;21.7;0;SOLEIL;5;0;0
LA ROCHELLE;46.16;-1.15;09/08/2026;18:00;21.7;0;SOLEIL;5;0;0
LA ROCHELLE;46.16;-1.15;09/08/2026;19:00;21.7;0;SOLEIL;5;0;0
LA ROCHELLE;46.16;-1.15;09/08/2026;20:00;23.7;0;SOLEIL;5;0;0
LA ROCHELLE;46.16;-1.15;09/08/2026;21:00;22.3;0;SOLEIL;5;0;0
LA ROCHELLE;46.16;-1.15;09/08/2026;22:00;20.8;0;SOLEIL;5;0;0
LA ROCHELLE;46.16;-1.15;09/08/2026;23:00;20.9;0;SOLEIL;4;0;0
LA ROCHELLE;46.16;-1.15;10/08/2026;00:00;20.9;0;SOLEIL;4;0;0
LA ROCHELLE;46.16;-1.15;10/08/2026;01:00;20.9;0;SOLEIL;4;0;0
LA ROCHELLE;46.16;-1.15;10/08/2026;02:00;20.1;0;SOLEIL;5;0;0
LA ROCHELLE;46.16;-1.15;10/08/2026;03:00;20.1;0;SOLEIL;5;0;0
LA ROCHELLE;46.16;-1.15;10/08/2026;04:00;20.1;0;SOLEIL;5;0;0
LA ROCHELLE;46.16;-1.15;10/08/2026;05:00;21.2;0;SOLEIL;3;0;0
LA ROCHELLE;46.16;-1.15;10/08/2026;06:00;21.2;0;SOLEIL;3;0;0
LA ROCHELLE;46.16;-1.15;10/08/2026;07:00;21.2;0;SOLEIL;3;0;0
LA ROCHELLE;46.16;-1.15;10/08/2026;08:00;21.6;0;SOLEIL;5;0;0
LA ROCHELLE;46.16;-1.15;10/08/2026;09:00;22.3;0;SOLEIL;5;0;0
LA ROCHELLE;46.16;-1.15;10/08/2026;10:00;23.0;0;SOLEIL;5;0;0
LA ROCHELLE;46.16;-1.15;10/08/2026;11:00;26.6;0;SOLEIL;4;0;0
LA ROCHELLE;46.16;-1.15;10/08/2026;12:00;26.6;0;SOLEIL;4;0;0
LA ROCHELLE;46.16;-1.15;10/08/2026;13:00;26.6;0;SOLEIL;4;0;0
LA ROCHELLE;46.16;-1.15;10/08/2026;14:00;26.0;0;SOLEIL;5;0;0
LA ROCHELLE;46.16;-1.15;10/08/2026;15:00;26.7;0;SOLEIL;5;0;0
LA ROCHELLE;46.16;-1.15;10/08/2026;16:00;26.0;0;SOLEIL;5;0;0
LA ROCHELLE;46.16;-1.15;10/08/2026;17:00;25.1;0;SOLEIL;5;0;0
LA ROCHELLE;46.16;-1.15;10/08/2026;18:00;25.1;0;SOLEIL;5;0;0
LA ROCHELLE;46.16;-1.15;10/08/2026;19:00;25.1;0;SOLEIL;5;0;0
LA ROCHELLE;46.16;-1.15;10/08/2026;20:00;23.0;0;SOLEIL;5;0;0
LA ROCHELLE;46.16;-1.15;10/08/2026;21:00;22.3;0;SOLEIL;5;0;0
LA ROCHELLE;46.16;-1.15;10/08/2026;22:00;21.6;0;SOLEIL;5;0;0
LA ROCHELLE;46.16;-1.15;10/08/2026;23:00;24.6;0;SOLEIL;5;0;0
LA ROCHELLE;46.16;-1.15;11/08/2026;00:00;24.6;0;SOLEIL;5;0;0
LA ROCHELLE;46.16;-1.15;11/08/2026;01:00;24.6;0;SOLEIL;5;0;0
LA ROCHELLE;46.16;-1.15;11/08/2026;02:00;19.6;0;SOLEIL;5;0;0
LA ROCHELLE;46.16;-1.15;11/08/2026;03:00;19.6;0;SOLEIL;5;0;0
LA ROCHELLE;46.16;-1.15;11/08/2026;04:00;19.6;0;SOLEIL;5;0;0
LA ROCHELLE;46.16;-1.15;11/08/2026;05:00;22.1;0;SOLEIL;4;0;0
LA ROCHELLE;46.16;-1.15;11/08/2026;06:00;22.1;0;SOLEIL;4;0;0
LA ROCHELLE;46.16;-1.15;11/08/2026;07:00;22.1;0;SOLEIL;4;0;0
LA ROCHELLE;46.16;-1.15;11/08/2026;08:00;21.4;0;SOLEIL;5;0;0
LA ROCHELLE;46.16;-1.15;11/08/2026;09:00;22.2;0;SOLEIL;5;0;0
LA ROCHELLE;46.16;-1.15;11/08/2026;10:00;23.1;0;SOLEIL;5;0;0
LA ROCHELLE;46.16;-1.15;11/08/2026;11:00;33.6;0;SOLEIL;4;0;0
LA ROCHELLE;46.16;-1.15;11/08/2026;12:00;33.6;0;SOLEIL;4;0;0
LA ROCHELLE;46.16;-1.15;11/08/2026;13:00;33.6;0;SOLEIL;4;0;0
LA ROCHELLE;46.16;-1.15;11/08/2026;14:00;26.6;0;SOLEIL;5;0;0
LA ROCHELLE;46.16;-1.15;11/08/2026;15:00;27.5;0;SOLEIL;5;0;0
LA ROCHELLE;46.16;-1.15;11/08/2026;16:00;26.6;0;SOLEIL;5;0;0
LA ROCHELLE;46.16;-1.15;11/08/2026;17:00;32.2;0;SOLEIL;4;0;0
LA ROCHELLE;46.16;-1.15;11/08/2026;18:00;32.2;0;SOLEIL;4;0;0
LA ROCHELLE;46.16;-1.15;11/08/2026;19:00;32.2;0;SOLEIL;4;0;0
LA ROCHELLE;46.16;-1.15;11/08/2026;20:00;23.1;0;SOLEIL;5;0;0
LA ROCHELLE;46.16;-1.15;11/08/2026;21:00;22.2;0;SOLEIL;5;0;0
LA ROCHELLE;46.16;-1.15;11/08/2026;22:00;21.4;0;SOLEIL;5;0;0
LA ROCHELLE;46.16;-1.15;11/08/2026;23:00;26.4;0;SOLEIL;5;0;0
LA ROCHELLE;46.16;-1.15;12/08/2026;00:00;26.4;0;SOLEIL;5;0;0
LA ROCHELLE;46.16;-1.15;12/08/2026;01:00;26.4;0;SOLEIL;5;0;0
LA ROCHELLE;46.16;-1.15;12/08/2026;02:00;21.2;0;SOLEIL;5;0;0
LA ROCHELLE;46.16;-1.15;12/08/2026;03:00;21.2;0;SOLEIL;5;0;0
LA ROCHELLE;46.16;-1.15;12/08/2026;04:00;21.2;0;SOLEIL;5;0;0
LA ROCHELLE;46.16;-1.15;12/08/2026;05:00;23.5;0;SOLEIL;4;0;0
LA ROCHELLE;46.16;-1.15;12/08/2026;06:00;23.5;0;SOLEIL;4;0;0
LA ROCHELLE;46.16;-1.15;12/08/2026;07:00;23.5;0;SOLEIL;4;0;0
LA ROCHELLE;46.16;-1.15;12/08/2026;08:00;24.4;0;SOLEIL;5;0;0
LA ROCHELLE;46.16;-1.15;12/08/2026;09:00;25.9;0;SOLEIL;5;0;0
LA ROCHELLE;46.16;-1.15;12/08/2026;10:00;27.5;0;SOLEIL;5;0;0
LA ROCHELLE;46.16;-1.15;12/08/2026;11:00;29.6;0;SOLEIL;4;0;0
LA ROCHELLE;46.16;-1.15;12/08/2026;12:00;29.6;0;SOLEIL;4;0;0
LA ROCHELLE;46.16;-1.15;12/08/2026;13:00;29.6;0;SOLEIL;4;0;0
LA ROCHELLE;46.16;-1.15;12/08/2026;14:00;33.8;0;SOLEIL;5;0;0
LA ROCHELLE;46.16;-1.15;12/08/2026;15:00;35.4;0;SOLEIL;5;0;0
LA ROCHELLE;46.16;-1.15;12/08/2026;16:00;33.8;0;SOLEIL;5;0;0
LA ROCHELLE;46.16;-1.15;12/08/2026;17:00;25.7;0;SOLEIL;4;0;0
LA ROCHELLE;46.16;-1.15;12/08/2026;18:00;25.7;0;SOLEIL;4;0;0
LA ROCHELLE;46.16;-1.15;12/08/2026;19:00;25.7;0;SOLEIL;4;0;0
LA ROCHELLE;46.16;-1.15;12/08/2026;20:00;27.5;0;SOLEIL;5;0;0
LA ROCHELLE;46.16;-1.15;12/08/2026;21:00;25.9;0;SOLEIL;5;0;0
LA ROCHELLE;46.16;-1.15;12/08/2026;22:00;24.4;0;SOLEIL;5;0;0
LA ROCHELLE;46.16;-1.15;12/08/2026;23:00;23.2;0;SOLEIL;4;0;0
LA ROCHELLE;46.16;-1.15;13/08/2026;00:00;23.2;0;SOLEIL;4;0;0
LA ROCHELLE;46.16;-1.15;13/08/2026;01:00;23.2;0;SOLEIL;4;0;0
LA ROCHELLE;46.16;-1.15;13/08/2026;02:00;22.4;0;SOLEIL;5;0;0
LA ROCHELLE;46.16;-1.15;13/08/2026;03:00;22.4;0;SOLEIL;5;0;0
LA ROCHELLE;46.16;-1.15;13/08/2026;04:00;22.4;0;SOLEIL;5;0;0
LA ROCHELLE;46.16;-1.15;13/08/2026;05:00;22.9;0;SOLEIL;3;0;0
LA ROCHELLE;46.16;-1.15;13/08/2026;06:00;22.9;0;SOLEIL;3;0;0
LA ROCHELLE;46.16;-1.15;13/08/2026;07:00;22.9;0;SOLEIL;3;0;0
LA ROCHELLE;46.16;-1.15;13/08/2026;08:00;24.1;0;SOLEIL;5;0;0
LA ROCHELLE;46.16;-1.15;13/08/2026;09:00;25.0;0;SOLEIL;5;0;0
LA ROCHELLE;46.16;-1.15;13/08/2026;10:00;25.9;0;SOLEIL;5;0;0
LA ROCHELLE;46.16;-1.15;13/08/2026;11:00;26.6;0;SOLEIL;5;0;0
LA ROCHELLE;46.16;-1.15;13/08/2026;12:00;26.6;0;SOLEIL;5;0;0
LA ROCHELLE;46.16;-1.15;13/08/2026;13:00;26.6;0;SOLEIL;5;0;0
LA ROCHELLE;46.16;-1.15;13/08/2026;14:00;29.3;0;SOLEIL;5;0;0
LA ROCHELLE;46.16;-1.15;13/08/2026;15:00;30.2;0;SOLEIL;5;0;0
LA ROCHELLE;46.16;-1.15;13/08/2026;16:00;29.3;0;SOLEIL;5;0;0
LA ROCHELLE;46.16;-1.15;13/08/2026;17:00;27.1;0;SOLEIL;6;0;0
LA ROCHELLE;46.16;-1.15;13/08/2026;18:00;27.1;0;SOLEIL;6;0;0
LA ROCHELLE;46.16;-1.15;13/08/2026;19:00;27.1;0;SOLEIL;6;0;0
LA ROCHELLE;46.16;-1.15;13/08/2026;20:00;25.9;0;SOLEIL;5;0;0
LA ROCHELLE;46.16;-1.15;13/08/2026;21:00;25.0;0;SOLEIL;5;0;0
LA ROCHELLE;46.16;-1.15;13/08/2026;22:00;24.1;0;SOLEIL;5;0;0
LA ROCHELLE;46.16;-1.15;13/08/2026;23:00;25.1;0;SOLEIL;4;0;0
LA ROCHELLE;46.16;-1.15;14/08/2026;00:00;25.1;0;SOLEIL;4;0;0
LA ROCHELLE;46.16;-1.15;14/08/2026;01:00;25.1;0;SOLEIL;4;0;0
LA ROCHELLE;46.16;-1.15;14/08/2026;02:00;21.7;0;SOLEIL;5;0;0
LA ROCHELLE;46.16;-1.15;14/08/2026;03:00;21.7;0;SOLEIL;5;0;0
LA ROCHELLE;46.16;-1.15;14/08/2026;04:00;21.7;0;SOLEIL;5;0;0
LA ROCHELLE;46.16;-1.15;14/08/2026;05:00;23.6;0;SOLEIL;4;0;0
LA ROCHELLE;46.16;-1.15;14/08/2026;06:00;23.6;0;SOLEIL;4;0;0
LA ROCHELLE;46.16;-1.15;14/08/2026;07:00;23.6;0;SOLEIL;4;0;0
LA ROCHELLE;46.16;-1.15;14/08/2026;08:00;23.2;0;SOLEIL;5;0;0
LA ROCHELLE;46.16;-1.15;14/08/2026;09:00;24.0;0;SOLEIL;5;0;0
LA ROCHELLE;46.16;-1.15;14/08/2026;10:00;24.8;0;SOLEIL;5;0;0
LA ROCHELLE;46.16;-1.15;14/08/2026;11:00;28.2;0;SOLEIL;5;0;0
LA ROCHELLE;46.16;-1.15;14/08/2026;12:00;28.2;0;SOLEIL;5;0;0
LA ROCHELLE;46.16;-1.15;14/08/2026;13:00;28.2;0;SOLEIL;5;0;0
LA ROCHELLE;46.16;-1.15;14/08/2026;14:00;27.8;0;SOLEIL;5;0;0
LA ROCHELLE;46.16;-1.15;14/08/2026;15:00;28.6;0;SOLEIL;5;0;0
LA ROCHELLE;46.16;-1.15;14/08/2026;16:00;27.8;0;SOLEIL;5;0;0
LA ROCHELLE;46.16;-1.15;14/08/2026;17:00;26.6;0;SOLEIL;7;0;0
LA ROCHELLE;46.16;-1.15;14/08/2026;18:00;26.6;0;SOLEIL;7;0;0
LA ROCHELLE;46.16;-1.15;14/08/2026;19:00;26.6;0;SOLEIL;7;0;0
LA ROCHELLE;46.16;-1.15;14/08/2026;20:00;24.8;0;SOLEIL;5;0;0
LA ROCHELLE;46.16;-1.15;14/08/2026;21:00;24.0;0;SOLEIL;5;0;0
LA ROCHELLE;46.16;-1.15;14/08/2026;22:00;23.2;0;SOLEIL;5;0;0
LA ROCHELLE;46.16;-1.15;14/08/2026;23:00;23.1;0;SOLEIL;5;0;0
LA ROCHELLE;46.16;-1.15;15/08/2026;00:00;23.1;0;SOLEIL;5;0;0
LA ROCHELLE;46.16;-1.15;15/08/2026;01:00;23.1;0;SOLEIL;5;0;0
LA ROCHELLE;46.16;-1.15;15/08/2026;02:00;22.7;0;SOLEIL;5;0;0
LA ROCHELLE;46.16;-1.15;15/08/2026;03:00;22.7;0;SOLEIL;5;0;0
LA ROCHELLE;46.16;-1.15;15/08/2026;04:00;22.7;0;SOLEIL;5;0;0
LA ROCHELLE;46.16;-1.15;15/08/2026;05:00;21.4;0;SOLEIL;4;0;0
LA ROCHELLE;46.16;-1.15;15/08/2026;06:00;21.4;0;SOLEIL;4;0;0
LA ROCHELLE;46.16;-1.15;15/08/2026;07:00;21.4;0;SOLEIL;4;0;0
LA ROCHELLE;46.16;-1.15;15/08/2026;08:00;24.1;0;SOLEIL;5;0;0
LA ROCHELLE;46.16;-1.15;15/08/2026;09:00;24.8;0;SOLEIL;5;0;0
LA ROCHELLE;46.16;-1.15;15/08/2026;10:00;25.5;0;SOLEIL;5;0;0
LA ROCHELLE;46.16;-1.15;15/08/2026;11:00;27.1;0;SOLEIL;6;0;0
LA ROCHELLE;46.16;-1.15;15/08/2026;12:00;27.1;0;SOLEIL;6;0;0
LA ROCHELLE;46.16;-1.15;15/08/2026;13:00;27.1;0;SOLEIL;6;0;0
LA ROCHELLE;46.16;-1.15;15/08/2026;14:00;28.3;0;SOLEIL;5;0;0
LA ROCHELLE;46.16;-1.15;15/08/2026;15:00;29.0;0;SOLEIL;5;0;0
LA ROCHELLE;46.16;-1.15;15/08/2026;16:00;28.3;0;SOLEIL;5;0;0
LA ROCHELLE;46.16;-1.15;15/08/2026;17:00;23.1;0;SOLEIL;6;11;0
LA ROCHELLE;46.16;-1.15;15/08/2026;18:00;23.1;0;SOLEIL;6;11;0
LA ROCHELLE;46.16;-1.15;15/08/2026;19:00;23.1;0;SOLEIL;6;11;0
LA ROCHELLE;46.16;-1.15;15/08/2026;20:00;25.5;0;SOLEIL;5;0;0
LA ROCHELLE;46.16;-1.15;15/08/2026;21:00;24.8;0;SOLEIL;5;0;0
LA ROCHELLE;46.16;-1.15;15/08/2026;22:00;24.1;0;SOLEIL;5;0;0
LA ROCHELLE;46.16;-1.15;15/08/2026;23:00;22.6;0;SOLEIL;4;0;0
BORDEAUX;44.83;-0.57;08/08/2026;00:00;23.2;0;SOLEIL;2;0;0
BORDEAUX;44.83;-0.57;08/08/2026;01:00;23.2;0;SOLEIL;2;0;0
BORDEAUX;44.83;-0.57;08/08/2026;02:00;20.5;0;SOLEIL;2;0;0
BORDEAUX;44.83;-0.57;08/08/2026;03:00;20.5;0;SOLEIL;2;0;0
BORDEAUX;44.83;-0.57;08/08/2026;04:00;20.5;0;SOLEIL;2;0;0
BORDEAUX;44.83;-0.57;08/08/2026;05:00;21.1;0;SOLEIL;2;0;0
BORDEAUX;44.83;-0.57;08/08/2026;06:00;21.1;0;SOLEIL;2;0;0
BORDEAUX;44.83;-0.57;08/08/2026;07:00;21.1;0;SOLEIL;2;0;0
BORDEAUX;44.83;-0.57;08/08/2026;08:00;28.6;0;SOLEIL;1;0;0
BORDEAUX;44.83;-0.57;08/08/2026;09:00;28.6;0;SOLEIL;1;0;0
BORDEAUX;44.83;-0.57;08/08/2026;10:00;28.6;0;SOLEIL;1;0;0
BORDEAUX;44.83;-0.57;08/08/2026;11:00;33.6;0;SOLEIL;2;0;0
BORDEAUX;44.83;-0.57;08/08/2026;12:00;33.6;0;SOLEIL;2;0;0
BORDEAUX;44.83;-0.57;08/08/2026;13:00;33.6;0;SOLEIL;2;0;0
BORDEAUX;44.83;-0.57;08/08/2026;14:00;36.1;0;SOLEIL;3;0;0
BORDEAUX;44.83;-0.57;08/08/2026;15:00;36.1;0;SOLEIL;3;0;0
BORDEAUX;44.83;-0.57;08/08/2026;16:00;36.1;0;SOLEIL;3;0;0
BORDEAUX;44.83;-0.57;08/08/2026;17:00;34.5;0;SOLEIL;5;0;0
BORDEAUX;44.83;-0.57;08/08/2026;18:00;34.5;0;SOLEIL;5;0;0
BORDEAUX;44.83;-0.57;08/08/2026;19:00;34.5;0;SOLEIL;5;0;0
BORDEAUX;44.83;-0.57;08/08/2026;20:00;27.7;5;SOLEIL VOILÉ;3;0;0
BORDEAUX;44.83;-0.57;08/08/2026;21:00;27.7;5;SOLEIL VOILÉ;3;0;0
BORDEAUX;44.83;-0.57;08/08/2026;22:00;27.7;5;SOLEIL VOILÉ;3;0;0
BORDEAUX;44.83;-0.57;08/08/2026;23:00;24;10;ORAGEUX;3;0;0
BORDEAUX;44.83;-0.57;09/08/2026;00:00;24;10;ORAGEUX;3;0;0
BORDEAUX;44.83;-0.57;09/08/2026;01:00;24;10;ORAGEUX;3;0;0
BORDEAUX;44.83;-0.57;09/08/2026;02:00;24.1;10;ORAGEUX;2;0;0
BORDEAUX;44.83;-0.57;09/08/2026;03:00;24.1;10;ORAGEUX;2;0;0
BORDEAUX;44.83;-0.57;09/08/2026;04:00;24.1;10;ORAGEUX;2;0;0
BORDEAUX;44.83;-0.57;09/08/2026;05:00;23;10;ORAGEUX;2;0;0
BORDEAUX;44.83;-0.57;09/08/2026;06:00;23;10;ORAGEUX;2;0;0
BORDEAUX;44.83;-0.57;09/08/2026;07:00;23;10;ORAGEUX;2;0;0
BORDEAUX;44.83;-0.57;09/08/2026;08:00;25.6;10;ORAGEUX;3;0;0
BORDEAUX;44.83;-0.57;09/08/2026;09:00;25.6;10;ORAGEUX;3;0;0
BORDEAUX;44.83;-0.57;09/08/2026;10:00;25.6;10;ORAGEUX;3;0;0
BORDEAUX;44.83;-0.57;09/08/2026;11:00;29.6;10;ORAGEUX;2;0;0
BORDEAUX;44.83;-0.57;09/08/2026;12:00;29.6;10;ORAGEUX;2;0;0
BORDEAUX;44.83;-0.57;09/08/2026;13:00;29.6;10;ORAGEUX;2;0;0
BORDEAUX;44.83;-0.57;09/08/2026;14:00;32.1;10;ORAGEUX;2;0;0
BORDEAUX;44.83;-0.57;09/08/2026;15:00;32.1;10;ORAGEUX;2;0;0
BORDEAUX;44.83;-0.57;09/08/2026;16:00;32.1;10;ORAGEUX;2;0;0
BORDEAUX;44.83;-0.57;09/08/2026;17:00;29.9;10;ORAGEUX;4;0;0
BORDEAUX;44.83;-0.57;09/08/2026;18:00;29.9;10;ORAGEUX;4;0;0
BORDEAUX;44.83;-0.57;09/08/2026;19:00;29.9;10;ORAGEUX;4;0;0
BORDEAUX;44.83;-0.57;09/08/2026;20:00;28.0;0;SOLEIL;5;0;0
BORDEAUX;44.83;-0.57;09/08/2026;21:00;26.0;0;SOLEIL;5;0;0
BORDEAUX;44.83;-0.57;09/08/2026;22:00;24.1;0;SOLEIL;5;0;0
BORDEAUX;44.83;-0.57;09/08/2026;23:00;23.1;0;SOLEIL;3;0;0
BORDEAUX;44.83;-0.57;10/08/2026;00:00;23.1;0;SOLEIL;3;0;0
BORDEAUX;44.83;-0.57;10/08/2026;01:00;23.1;0;SOLEIL;3;0;0
BORDEAUX;44.83;-0.57;10/08/2026;02:00;22.4;10;ORAGEUX;5;0;0
BORDEAUX;44.83;-0.57;10/08/2026;03:00;22.4;10;ORAGEUX;5;0;0
BORDEAUX;44.83;-0.57;10/08/2026;04:00;22.4;10;ORAGEUX;5;0;0
BORDEAUX;44.83;-0.57;10/08/2026;05:00;21.4;0;SOLEIL;2;0;0
BORDEAUX;44.83;-0.57;10/08/2026;06:00;21.4;0;SOLEIL;2;0;0
BORDEAUX;44.83;-0.57;10/08/2026;07:00;21.4;0;SOLEIL;2;0;0
BORDEAUX;44.83;-0.57;10/08/2026;08:00;24.8;10;ORAGEUX;5;0;0
BORDEAUX;44.83;-0.57;10/08/2026;09:00;26.1;10;ORAGEUX;5;0;0
BORDEAUX;44.83;-0.57;10/08/2026;10:00;27.3;10;ORAGEUX;5;0;0
BORDEAUX;44.83;-0.57;10/08/2026;11:00;30.1;0;SOLEIL;2;0;0
BORDEAUX;44.83;-0.57;10/08/2026;12:00;30.1;0;SOLEIL;2;0;0
BORDEAUX;44.83;-0.57;10/08/2026;13:00;30.1;0;SOLEIL;2;0;0
BORDEAUX;44.83;-0.57;10/08/2026;14:00;32.2;10;ORAGEUX;5;0;0
BORDEAUX;44.83;-0.57;10/08/2026;15:00;33.4;10;ORAGEUX;5;0;0
BORDEAUX;44.83;-0.57;10/08/2026;16:00;32.2;10;ORAGEUX;5;0;0
BORDEAUX;44.83;-0.57;10/08/2026;17:00;32.9;0;SOLEIL;3;0;0
BORDEAUX;44.83;-0.57;10/08/2026;18:00;32.9;0;SOLEIL;3;0;0
BORDEAUX;44.83;-0.57;10/08/2026;19:00;32.9;0;SOLEIL;3;0;0
BORDEAUX;44.83;-0.57;10/08/2026;20:00;27.3;10;ORAGEUX;5;0;0
BORDEAUX;44.83;-0.57;10/08/2026;21:00;26.1;10;ORAGEUX;5;0;0
BORDEAUX;44.83;-0.57;10/08/2026;22:00;24.8;10;ORAGEUX;5;0;0
BORDEAUX;44.83;-0.57;10/08/2026;23:00;24.5;0;SOLEIL;3;0;0
BORDEAUX;44.83;-0.57;11/08/2026;00:00;24.5;0;SOLEIL;3;0;0
BORDEAUX;44.83;-0.57;11/08/2026;01:00;24.5;0;SOLEIL;3;0;0
BORDEAUX;44.83;-0.57;11/08/2026;02:00;20.4;0;SOLEIL;5;0;0
BORDEAUX;44.83;-0.57;11/08/2026;03:00;20.4;0;SOLEIL;5;0;0
BORDEAUX;44.83;-0.57;11/08/2026;04:00;20.4;0;SOLEIL;5;0;0
BORDEAUX;44.83;-0.57;11/08/2026;05:00;23.1;0;SOLEIL;3;0;0
BORDEAUX;44.83;-0.57;11/08/2026;06:00;23.1;0;SOLEIL;3;0;0
BORDEAUX;44.83;-0.57;11/08/2026;07:00;23.1;0;SOLEIL;3;0;0
BORDEAUX;44.83;-0.57;11/08/2026;08:00;23.5;0;SOLEIL;5;0;0
BORDEAUX;44.83;-0.57;11/08/2026;09:00;25.1;0;SOLEIL;5;0;0
BORDEAUX;44.83;-0.57;11/08/2026;10:00;26.7;0;SOLEIL;5;0;0
BORDEAUX;44.83;-0.57;11/08/2026;11:00;35.1;0;SOLEIL;3;0;0
BORDEAUX;44.83;-0.57;11/08/2026;12:00;35.1;0;SOLEIL;3;0;0
BORDEAUX;44.83;-0.57;11/08/2026;13:00;35.1;0;SOLEIL;3;0;0
BORDEAUX;44.83;-0.57;11/08/2026;14:00;32.9;0;SOLEIL;5;0;0
BORDEAUX;44.83;-0.57;11/08/2026;15:00;34.5;0;SOLEIL;5;0;0
BORDEAUX;44.83;-0.57;11/08/2026;16:00;32.9;0;SOLEIL;5;0;0
BORDEAUX;44.83;-0.57;11/08/2026;17:00;35.6;0;SOLEIL;3;0;0
BORDEAUX;44.83;-0.57;11/08/2026;18:00;35.6;0;SOLEIL;3;0;0
BORDEAUX;44.83;-0.57;11/08/2026;19:00;35.6;0;SOLEIL;3;0;0
BORDEAUX;44.83;-0.57;11/08/2026;20:00;26.7;0;SOLEIL;5;0;0
BORDEAUX;44.83;-0.57;11/08/2026;21:00;25.1;0;SOLEIL;5;0;0
BORDEAUX;44.83;-0.57;11/08/2026;22:00;23.5;0;SOLEIL;5;0;0
BORDEAUX;44.83;-0.57;11/08/2026;23:00;27;0;SOLEIL;3;0;0
BORDEAUX;44.83;-0.57;12/08/2026;00:00;27;0;SOLEIL;3;0;0
BORDEAUX;44.83;-0.57;12/08/2026;01:00;27;0;SOLEIL;3;0;0
BORDEAUX;44.83;-0.57;12/08/2026;02:00;22.4;0;SOLEIL;5;0;0
BORDEAUX;44.83;-0.57;12/08/2026;03:00;22.4;0;SOLEIL;5;0;0
BORDEAUX;44.83;-0.57;12/08/2026;04:00;22.4;0;SOLEIL;5;0;0
BORDEAUX;44.83;-0.57;12/08/2026;05:00;24;0;SOLEIL;3;0;0
BORDEAUX;44.83;-0.57;12/08/2026;06:00;24;0;SOLEIL;3;0;0
BORDEAUX;44.83;-0.57;12/08/2026;07:00;24;0;SOLEIL;3;0;0
BORDEAUX;44.83;-0.57;12/08/2026;08:00;25.7;0;SOLEIL;5;0;0
BORDEAUX;44.83;-0.57;12/08/2026;09:00;27.3;0;SOLEIL;5;0;0
BORDEAUX;44.83;-0.57;12/08/2026;10:00;28.9;0;SOLEIL;5;0;0
BORDEAUX;44.83;-0.57;12/08/2026;11:00;32.4;0;SOLEIL;3;0;0
BORDEAUX;44.83;-0.57;12/08/2026;12:00;32.4;0;SOLEIL;3;0;0
BORDEAUX;44.83;-0.57;12/08/2026;13:00;32.4;0;SOLEIL;3;0;0
BORDEAUX;44.83;-0.57;12/08/2026;14:00;35.5;0;SOLEIL;5;0;0
BORDEAUX;44.83;-0.57;12/08/2026;15:00;37.1;0;SOLEIL;5;0;0
BORDEAUX;44.83;-0.57;12/08/2026;16:00;35.5;0;SOLEIL;5;0;0
BORDEAUX;44.83;-0.57;12/08/2026;17:00;31.1;0;SOLEIL;4;0;0
BORDEAUX;44.83;-0.57;12/08/2026;18:00;31.1;0;SOLEIL;4;0;0
BORDEAUX;44.83;-0.57;12/08/2026;19:00;31.1;0;SOLEIL;4;0;0
BORDEAUX;44.83;-0.57;12/08/2026;20:00;28.9;0;SOLEIL;5;0;0
BORDEAUX;44.83;-0.57;12/08/2026;21:00;27.3;0;SOLEIL;5;0;0
BORDEAUX;44.83;-0.57;12/08/2026;22:00;25.7;0;SOLEIL;5;0;0
BORDEAUX;44.83;-0.57;12/08/2026;23:00;24.1;0;SOLEIL;3;0;0
BORDEAUX;44.83;-0.57;13/08/2026;00:00;24.1;0;SOLEIL;3;0;0
BORDEAUX;44.83;-0.57;13/08/2026;01:00;24.1;0;SOLEIL;3;0;0
BORDEAUX;44.83;-0.57;13/08/2026;02:00;23.2;0;SOLEIL;5;0;0
BORDEAUX;44.83;-0.57;13/08/2026;03:00;23.2;0;SOLEIL;5;0;0
BORDEAUX;44.83;-0.57;13/08/2026;04:00;23.2;0;SOLEIL;5;0;0
BORDEAUX;44.83;-0.57;13/08/2026;05:00;22.2;2;NUAGEUX;2;0;0
BORDEAUX;44.83;-0.57;13/08/2026;06:00;22.2;2;NUAGEUX;2;0;0
BORDEAUX;44.83;-0.57;13/08/2026;07:00;22.2;2;NUAGEUX;2;0;0
BORDEAUX;44.83;-0.57;13/08/2026;08:00;25.6;0;SOLEIL;5;0;0
BORDEAUX;44.83;-0.57;13/08/2026;09:00;26.8;0;SOLEIL;5;0;0
BORDEAUX;44.83;-0.57;13/08/2026;10:00;28.0;0;SOLEIL;5;0;0
BORDEAUX;44.83;-0.57;13/08/2026;11:00;28.7;2;NUAGEUX;2;0;0
BORDEAUX;44.83;-0.57;13/08/2026;12:00;28.7;2;NUAGEUX;2;0;0
BORDEAUX;44.83;-0.57;13/08/2026;13:00;28.7;2;NUAGEUX;2;0;0
BORDEAUX;44.83;-0.57;13/08/2026;14:00;32.8;0;SOLEIL;5;0;0
BORDEAUX;44.83;-0.57;13/08/2026;15:00;34.0;0;SOLEIL;5;0;0
BORDEAUX;44.83;-0.57;13/08/2026;16:00;32.8;0;SOLEIL;5;0;0
BORDEAUX;44.83;-0.57;13/08/2026;17:00;29.6;0;SOLEIL;4;0;0
BORDEAUX;44.83;-0.57;13/08/2026;18:00;29.6;0;SOLEIL;4;0;0
BORDEAUX;44.83;-0.57;13/08/2026;19:00;29.6;0;SOLEIL;4;0;0
BORDEAUX;44.83;-0.57;13/08/2026;20:00;28.0;0;SOLEIL;5;0;0
BORDEAUX;44.83;-0.57;13/08/2026;21:00;26.8;0;SOLEIL;5;0;0
BORDEAUX;44.83;-0.57;13/08/2026;22:00;25.6;0;SOLEIL;5;0;0
BORDEAUX;44.83;-0.57;13/08/2026;23:00;23.2;0;SOLEIL;3;0;0
BORDEAUX;44.83;-0.57;14/08/2026;00:00;23.2;0;SOLEIL;3;0;0
BORDEAUX;44.83;-0.57;14/08/2026;01:00;23.2;0;SOLEIL;3;0;0
BORDEAUX;44.83;-0.57;14/08/2026;02:00;21.2;2;NUAGEUX;5;0;0
BORDEAUX;44.83;-0.57;14/08/2026;03:00;21.2;2;NUAGEUX;5;0;0
BORDEAUX;44.83;-0.57;14/08/2026;04:00;21.2;2;NUAGEUX;5;0;0
BORDEAUX;44.83;-0.57;14/08/2026;05:00;21.6;0;SOLEIL;2;0;0
BORDEAUX;44.83;-0.57;14/08/2026;06:00;21.6;0;SOLEIL;2;0;0
BORDEAUX;44.83;-0.57;14/08/2026;07:00;21.6;0;SOLEIL;2;0;0
BORDEAUX;44.83;-0.57;14/08/2026;08:00;23.4;2;NUAGEUX;5;0;0
BORDEAUX;44.83;-0.57;14/08/2026;09:00;24.5;2;NUAGEUX;5;0;0
BORDEAUX;44.83;-0.57;14/08/2026;10:00;25.6;2;NUAGEUX;5;0;0
BORDEAUX;44.83;-0.57;14/08/2026;11:00;29.1;0;SOLEIL;2;0;0
BORDEAUX;44.83;-0.57;14/08/2026;12:00;29.1;0;SOLEIL;2;0;0
BORDEAUX;44.83;-0.57;14/08/2026;13:00;29.1;0;SOLEIL;2;0;0
BORDEAUX;44.83;-0.57;14/08/2026;14:00;30.1;2;NUAGEUX;5;0;0
BORDEAUX;44.83;-0.57;14/08/2026;15:00;31.2;2;NUAGEUX;5;0;0
BORDEAUX;44.83;-0.57;14/08/2026;16:00;30.1;2;NUAGEUX;5;0;0
BORDEAUX;44.83;-0.57;14/08/2026;17:00;27.6;0;SOLEIL;4;0;0
BORDEAUX;44.83;-0.57;14/08/2026;18:00;27.6;0;SOLEIL;4;0;0
BORDEAUX;44.83;-0.57;14/08/2026;19:00;27.6;0;SOLEIL;4;0;0
BORDEAUX;44.83;-0.57;14/08/2026;20:00;25.6;2;NUAGEUX;5;0;0
BORDEAUX;44.83;-0.57;14/08/2026;21:00;24.5;2;NUAGEUX;5;0;0
BORDEAUX;44.83;-0.57;14/08/2026;22:00;23.4;2;NUAGEUX;5;0;0
BORDEAUX;44.83;-0.57;14/08/2026;23:00;22.2;0;SOLEIL;3;0;0
BORDEAUX;44.83;-0.57;15/08/2026;00:00;22.2;0;SOLEIL;3;0;0
BORDEAUX;44.83;-0.57;15/08/2026;01:00;22.2;0;SOLEIL;3;0;0
BORDEAUX;44.83;-0.57;15/08/2026;02:00;20.5;0;SOLEIL;5;0;0
BORDEAUX;44.83;-0.57;15/08/2026;03:00;20.5;0;SOLEIL;5;0;0
BORDEAUX;44.83;-0.57;15/08/2026;04:00;20.5;0;SOLEIL;5;0;0
BORDEAUX;44.83;-0.57;15/08/2026;05:00;20.7;0;SOLEIL;2;0;0
BORDEAUX;44.83;-0.57;15/08/2026;06:00;20.7;0;SOLEIL;2;0;0
BORDEAUX;44.83;-0.57;15/08/2026;07:00;20.7;0;SOLEIL;2;0;0
BORDEAUX;44.83;-0.57;15/08/2026;08:00;22.7;0;SOLEIL;5;0;0
BORDEAUX;44.83;-0.57;15/08/2026;09:00;23.9;0;SOLEIL;5;0;0
BORDEAUX;44.83;-0.57;15/08/2026;10:00;25.0;0;SOLEIL;5;0;0
BORDEAUX;44.83;-0.57;15/08/2026;11:00;29.6;0;SOLEIL;3;0;0
BORDEAUX;44.83;-0.57;15/08/2026;12:00;29.6;0;SOLEIL;3;0;0
BORDEAUX;44.83;-0.57;15/08/2026;13:00;29.6;0;SOLEIL;3;0;0
BORDEAUX;44.83;-0.57;15/08/2026;14:00;29.5;0;SOLEIL;5;0;0
BORDEAUX;44.83;-0.57;15/08/2026;15:00;30.6;0;SOLEIL;5;0;0
BORDEAUX;44.83;-0.57;15/08/2026;16:00;29.5;0;SOLEIL;5;0;0
BORDEAUX;44.83;-0.57;15/08/2026;17:00;28.6;0;SOLEIL;4;0;0
BORDEAUX;44.83;-0.57;15/08/2026;18:00;28.6;0;SOLEIL;4;0;0
BORDEAUX;44.83;-0.57;15/08/2026;19:00;28.6;0;SOLEIL;4;0;0
BORDEAUX;44.83;-0.57;15/08/2026;20:00;25.0;0;SOLEIL;5;0;0
BORDEAUX;44.83;-0.57;15/08/2026;21:00;23.9;0;SOLEIL;5;0;0
BORDEAUX;44.83;-0.57;15/08/2026;22:00;22.7;0;SOLEIL;5;0;0
BORDEAUX;44.83;-0.57;15/08/2026;23:00;21.6;0;SOLEIL;3;0;0
BIARRITZ;43.48;-1.56;08/08/2026;00:00;21.6;0;SOLEIL;5;0;0
BIARRITZ;43.48;-1.56;08/08/2026;01:00;21.6;0;SOLEIL;5;0;0
BIARRITZ;43.48;-1.56;08/08/2026;02:00;21;0;SOLEIL;3;0;0
BIARRITZ;43.48;-1.56;08/08/2026;03:00;21;0;SOLEIL;3;0;0
BIARRITZ;43.48;-1.56;08/08/2026;04:00;21;0;SOLEIL;3;0;0
BIARRITZ;43.48;-1.56;08/08/2026;05:00;21;0;SOLEIL;3;0;0
BIARRITZ;43.48;-1.56;08/08/2026;06:00;21;0;SOLEIL;3;0;0
BIARRITZ;43.48;-1.56;08/08/2026;07:00;21;0;SOLEIL;3;0;0
BIARRITZ;43.48;-1.56;08/08/2026;08:00;25.2;0;SOLEIL;3;0;0
BIARRITZ;43.48;-1.56;08/08/2026;09:00;25.2;0;SOLEIL;3;0;0
BIARRITZ;43.48;-1.56;08/08/2026;10:00;25.2;0;SOLEIL;3;0;0
BIARRITZ;43.48;-1.56;08/08/2026;11:00;26.9;0;SOLEIL;3;0;0
BIARRITZ;43.48;-1.56;08/08/2026;12:00;26.9;0;SOLEIL;3;0;0
BIARRITZ;43.48;-1.56;08/08/2026;13:00;26.9;0;SOLEIL;3;0;0
BIARRITZ;43.48;-1.56;08/08/2026;14:00;26.4;0;SOLEIL;4;0;0
BIARRITZ;43.48;-1.56;08/08/2026;15:00;26.4;0;SOLEIL;4;0;0
BIARRITZ;43.48;-1.56;08/08/2026;16:00;26.4;0;SOLEIL;4;0;0
BIARRITZ;43.48;-1.56;08/08/2026;17:00;25.2;0;SOLEIL;4;0;0
BIARRITZ;43.48;-1.56;08/08/2026;18:00;25.2;0;SOLEIL;4;0;0
BIARRITZ;43.48;-1.56;08/08/2026;19:00;25.2;0;SOLEIL;4;0;0
BIARRITZ;43.48;-1.56;08/08/2026;20:00;23;10;ORAGEUX;5;0;0
BIARRITZ;43.48;-1.56;08/08/2026;21:00;23;10;ORAGEUX;5;0;0
BIARRITZ;43.48;-1.56;08/08/2026;22:00;23;10;ORAGEUX;5;0;0
BIARRITZ;43.48;-1.56;08/08/2026;23:00;22.4;10;ORAGEUX;4;0;0
BIARRITZ;43.48;-1.56;09/08/2026;00:00;22.4;10;ORAGEUX;4;0;0
BIARRITZ;43.48;-1.56;09/08/2026;01:00;22.4;10;ORAGEUX;4;0;0
BIARRITZ;43.48;-1.56;09/08/2026;02:00;20.6;10;ORAGEUX;2;0;0
BIARRITZ;43.48;-1.56;09/08/2026;03:00;20.6;10;ORAGEUX;2;0;0
BIARRITZ;43.48;-1.56;09/08/2026;04:00;20.6;10;ORAGEUX;2;0;0
BIARRITZ;43.48;-1.56;09/08/2026;05:00;20.7;10;ORAGEUX;3;0;0
BIARRITZ;43.48;-1.56;09/08/2026;06:00;20.7;10;ORAGEUX;3;0;0
BIARRITZ;43.48;-1.56;09/08/2026;07:00;20.7;10;ORAGEUX;3;0;0
BIARRITZ;43.48;-1.56;09/08/2026;08:00;23.7;0;SOLEIL;3;0;0
BIARRITZ;43.48;-1.56;09/08/2026;09:00;23.7;0;SOLEIL;3;0;0
BIARRITZ;43.48;-1.56;09/08/2026;10:00;23.7;0;SOLEIL;3;0;0
BIARRITZ;43.48;-1.56;09/08/2026;11:00;24.7;0;SOLEIL;4;0;0
BIARRITZ;43.48;-1.56;09/08/2026;12:00;24.7;0;SOLEIL;4;0;0
BIARRITZ;43.48;-1.56;09/08/2026;13:00;24.7;0;SOLEIL;4;0;0
BIARRITZ;43.48;-1.56;09/08/2026;14:00;24.6;0;SOLEIL;4;0;0
BIARRITZ;43.48;-1.56;09/08/2026;15:00;24.6;0;SOLEIL;4;0;0
BIARRITZ;43.48;-1.56;09/08/2026;16:00;24.6;0;SOLEIL;4;0;0
BIARRITZ;43.48;-1.56;09/08/2026;17:00;23;0;SOLEIL;4;0;0
BIARRITZ;43.48;-1.56;09/08/2026;18:00;23;0;SOLEIL;4;0;0
BIARRITZ;43.48;-1.56;09/08/2026;19:00;23;0;SOLEIL;4;0;0
BIARRITZ;43.48;-1.56;09/08/2026;20:00;23.3;10;ORAGEUX;5;0;0
BIARRITZ;43.48;-1.56;09/08/2026;21:00;22.5;10;ORAGEUX;5;0;0
BIARRITZ;43.48;-1.56;09/08/2026;22:00;21.7;10;ORAGEUX;5;0;0
BIARRITZ;43.48;-1.56;09/08/2026;23:00;22.1;10;ORAGEUX;3;0;0
BIARRITZ;43.48;-1.56;10/08/2026;00:00;22.1;10;ORAGEUX;3;0;0
BIARRITZ;43.48;-1.56;10/08/2026;01:00;22.1;10;ORAGEUX;3;0;0
BIARRITZ;43.48;-1.56;10/08/2026;02:00;20;10;ORAGEUX;5;0;0
BIARRITZ;43.48;-1.56;10/08/2026;03:00;20;10;ORAGEUX;5;0;0
BIARRITZ;43.48;-1.56;10/08/2026;04:00;20;10;ORAGEUX;5;0;0
BIARRITZ;43.48;-1.56;10/08/2026;05:00;22.2;0;SOLEIL;2;0;0
BIARRITZ;43.48;-1.56;10/08/2026;06:00;22.2;0;SOLEIL;2;0;0
BIARRITZ;43.48;-1.56;10/08/2026;07:00;22.2;0;SOLEIL;2;0;0
BIARRITZ;43.48;-1.56;10/08/2026;08:00;21.2;10;ORAGEUX;5;0;0
BIARRITZ;43.48;-1.56;10/08/2026;09:00;21.8;10;ORAGEUX;5;0;0
BIARRITZ;43.48;-1.56;10/08/2026;10:00;22.4;10;ORAGEUX;5;0;0
BIARRITZ;43.48;-1.56;10/08/2026;11:00;24.7;0;SOLEIL;3;0;0
BIARRITZ;43.48;-1.56;10/08/2026;12:00;24.7;0;SOLEIL;3;0;0
BIARRITZ;43.48;-1.56;10/08/2026;13:00;24.7;0;SOLEIL;3;0;0
BIARRITZ;43.48;-1.56;10/08/2026;14:00;24.9;10;ORAGEUX;5;0;0
BIARRITZ;43.48;-1.56;10/08/2026;15:00;25.5;10;ORAGEUX;5;0;0
BIARRITZ;43.48;-1.56;10/08/2026;16:00;24.9;10;ORAGEUX;5;0;0
BIARRITZ;43.48;-1.56;10/08/2026;17:00;25.2;0;SOLEIL;3;0;0
BIARRITZ;43.48;-1.56;10/08/2026;18:00;25.2;0;SOLEIL;3;0;0
BIARRITZ;43.48;-1.56;10/08/2026;19:00;25.2;0;SOLEIL;3;0;0
BIARRITZ;43.48;-1.56;10/08/2026;20:00;22.4;10;ORAGEUX;5;0;0
BIARRITZ;43.48;-1.56;10/08/2026;21:00;21.8;10;ORAGEUX;5;0;0
BIARRITZ;43.48;-1.56;10/08/2026;22:00;21.2;10;ORAGEUX;5;0;0
BIARRITZ;43.48;-1.56;10/08/2026;23:00;23.1;0;SOLEIL;2;0;0
BIARRITZ;43.48;-1.56;11/08/2026;00:00;23.1;0;SOLEIL;2;0;0
BIARRITZ;43.48;-1.56;11/08/2026;01:00;23.1;0;SOLEIL;2;0;0
BIARRITZ;43.48;-1.56;11/08/2026;02:00;21.5;0;SOLEIL;5;0;0
BIARRITZ;43.48;-1.56;11/08/2026;03:00;21.5;0;SOLEIL;5;0;0
BIARRITZ;43.48;-1.56;11/08/2026;04:00;21.5;0;SOLEIL;5;0;0
BIARRITZ;43.48;-1.56;11/08/2026;05:00;22.1;0;SOLEIL;2;0;0
BIARRITZ;43.48;-1.56;11/08/2026;06:00;22.1;0;SOLEIL;2;0;0
BIARRITZ;43.48;-1.56;11/08/2026;07:00;22.1;0;SOLEIL;2;0;0
BIARRITZ;43.48;-1.56;11/08/2026;08:00;22.6;0;SOLEIL;5;0;0
BIARRITZ;43.48;-1.56;11/08/2026;09:00;23.1;0;SOLEIL;5;0;0
BIARRITZ;43.48;-1.56;11/08/2026;10:00;23.7;0;SOLEIL;5;0;0
BIARRITZ;43.48;-1.56;11/08/2026;11:00;29.1;0;SOLEIL;4;0;0
BIARRITZ;43.48;-1.56;11/08/2026;12:00;29.1;0;SOLEIL;4;0;0
BIARRITZ;43.48;-1.56;11/08/2026;13:00;29.1;0;SOLEIL;4;0;0
BIARRITZ;43.48;-1.56;11/08/2026;14:00;25.9;0;SOLEIL;5;0;0
BIARRITZ;43.48;-1.56;11/08/2026;15:00;26.4;0;SOLEIL;5;0;0
BIARRITZ;43.48;-1.56;11/08/2026;16:00;25.9;0;SOLEIL;5;0;0
BIARRITZ;43.48;-1.56;11/08/2026;17:00;29;0;SOLEIL;4;0;0
BIARRITZ;43.48;-1.56;11/08/2026;18:00;29;0;SOLEIL;4;0;0
BIARRITZ;43.48;-1.56;11/08/2026;19:00;29;0;SOLEIL;4;0;0
BIARRITZ;43.48;-1.56;11/08/2026;20:00;23.7;0;SOLEIL;5;0;0
BIARRITZ;43.48;-1.56;11/08/2026;21:00;23.1;0;SOLEIL;5;0;0
BIARRITZ;43.48;-1.56;11/08/2026;22:00;22.6;0;SOLEIL;5;0;0
BIARRITZ;43.48;-1.56;11/08/2026;23:00;24;0;SOLEIL;4;0;0
BIARRITZ;43.48;-1.56;12/08/2026;00:00;24;0;SOLEIL;4;0;0
BIARRITZ;43.48;-1.56;12/08/2026;01:00;24;0;SOLEIL;4;0;0
BIARRITZ;43.48;-1.56;12/08/2026;02:00;21.4;0;SOLEIL;5;0;0
BIARRITZ;43.48;-1.56;12/08/2026;03:00;21.4;0;SOLEIL;5;0;0
BIARRITZ;43.48;-1.56;12/08/2026;04:00;21.4;0;SOLEIL;5;0;0
BIARRITZ;43.48;-1.56;12/08/2026;05:00;23.4;0;SOLEIL;3;0;0
BIARRITZ;43.48;-1.56;12/08/2026;06:00;23.4;0;SOLEIL;3;0;0
BIARRITZ;43.48;-1.56;12/08/2026;07:00;23.4;0;SOLEIL;3;0;0
BIARRITZ;43.48;-1.56;12/08/2026;08:00;23.5;0;SOLEIL;5;0;0
BIARRITZ;43.48;-1.56;12/08/2026;09:00;24.5;0;SOLEIL;5;0;0
BIARRITZ;43.48;-1.56;12/08/2026;10:00;25.5;0;SOLEIL;5;0;0
BIARRITZ;43.48;-1.56;12/08/2026;11:00;26.1;0;SOLEIL;3;0;0
BIARRITZ;43.48;-1.56;12/08/2026;12:00;26.1;0;SOLEIL;3;0;0
BIARRITZ;43.48;-1.56;12/08/2026;13:00;26.1;0;SOLEIL;3;0;0
BIARRITZ;43.48;-1.56;12/08/2026;14:00;29.7;0;SOLEIL;5;0;0
BIARRITZ;43.48;-1.56;12/08/2026;15:00;30.7;0;SOLEIL;5;0;0
BIARRITZ;43.48;-1.56;12/08/2026;16:00;29.7;0;SOLEIL;5;0;0
BIARRITZ;43.48;-1.56;12/08/2026;17:00;25.1;0;SOLEIL;3;0;0
BIARRITZ;43.48;-1.56;12/08/2026;18:00;25.1;0;SOLEIL;3;0;0
BIARRITZ;43.48;-1.56;12/08/2026;19:00;25.1;0;SOLEIL;3;0;0
BIARRITZ;43.48;-1.56;12/08/2026;20:00;25.5;0;SOLEIL;5;0;0
BIARRITZ;43.48;-1.56;12/08/2026;21:00;24.5;0;SOLEIL;5;0;0
BIARRITZ;43.48;-1.56;12/08/2026;22:00;23.5;0;SOLEIL;5;0;0
BIARRITZ;43.48;-1.56;12/08/2026;23:00;23.6;2;NUAGEUX;3;0;0
BIARRITZ;43.48;-1.56;13/08/2026;00:00;23.6;2;NUAGEUX;3;0;0
BIARRITZ;43.48;-1.56;13/08/2026;01:00;23.6;2;NUAGEUX;3;0;0
BIARRITZ;43.48;-1.56;13/08/2026;02:00;22.2;0;SOLEIL;5;0;0
BIARRITZ;43.48;-1.56;13/08/2026;03:00;22.2;0;SOLEIL;5;0;0
BIARRITZ;43.48;-1.56;13/08/2026;04:00;22.2;0;SOLEIL;5;0;0
BIARRITZ;43.48;-1.56;13/08/2026;05:00;23.1;6;AVERSES;3;0;0
BIARRITZ;43.48;-1.56;13/08/2026;06:00;23.1;6;AVERSES;3;0;0
BIARRITZ;43.48;-1.56;13/08/2026;07:00;23.1;6;AVERSES;3;0;0
BIARRITZ;43.48;-1.56;13/08/2026;08:00;23.2;0;SOLEIL;5;0;0
BIARRITZ;43.48;-1.56;13/08/2026;09:00;23.8;0;SOLEIL;5;0;0
BIARRITZ;43.48;-1.56;13/08/2026;10:00;24.3;0;SOLEIL;5;0;0
BIARRITZ;43.48;-1.56;13/08/2026;11:00;25.6;6;AVERSES;3;0;0
BIARRITZ;43.48;-1.56;13/08/2026;12:00;25.6;6;AVERSES;3;0;0
BIARRITZ;43.48;-1.56;13/08/2026;13:00;25.6;6;AVERSES;3;0;0
BIARRITZ;43.48;-1.56;13/08/2026;14:00;26.4;0;SOLEIL;5;0;0
BIARRITZ;43.48;-1.56;13/08/2026;15:00;26.9;0;SOLEIL;5;0;0
BIARRITZ;43.48;-1.56;13/08/2026;16:00;26.4;0;SOLEIL;5;0;0
BIARRITZ;43.48;-1.56;13/08/2026;17:00;25.2;0;SOLEIL;3;0;0
BIARRITZ;43.48;-1.56;13/08/2026;18:00;25.2;0;SOLEIL;3;0;0
BIARRITZ;43.48;-1.56;13/08/2026;19:00;25.2;0;SOLEIL;3;0;0
BIARRITZ;43.48;-1.56;13/08/2026;20:00;24.3;0;SOLEIL;5;0;0
BIARRITZ;43.48;-1.56;13/08/2026;21:00;23.8;0;SOLEIL;5;0;0
BIARRITZ;43.48;-1.56;13/08/2026;22:00;23.2;0;SOLEIL;5;0;0
BIARRITZ;43.48;-1.56;13/08/2026;23:00;23.6;2;NUAGEUX;2;0;0
BIARRITZ;43.48;-1.56;14/08/2026;00:00;23.6;2;NUAGEUX;2;0;0
BIARRITZ;43.48;-1.56;14/08/2026;01:00;23.6;2;NUAGEUX;2;0;0
BIARRITZ;43.48;-1.56;14/08/2026;02:00;22.1;6;AVERSES;5;0;0
BIARRITZ;43.48;-1.56;14/08/2026;03:00;22.1;6;AVERSES;5;0;0
BIARRITZ;43.48;-1.56;14/08/2026;04:00;22.1;6;AVERSES;5;0;0
BIARRITZ;43.48;-1.56;14/08/2026;05:00;22.6;2;NUAGEUX;2;0;0
BIARRITZ;43.48;-1.56;14/08/2026;06:00;22.6;2;NUAGEUX;2;0;0
BIARRITZ;43.48;-1.56;14/08/2026;07:00;22.6;2;NUAGEUX;2;0;0
BIARRITZ;43.48;-1.56;14/08/2026;08:00;23.1;6;AVERSES;5;0;0
BIARRITZ;43.48;-1.56;14/08/2026;09:00;23.6;6;AVERSES;5;0;0
BIARRITZ;43.48;-1.56;14/08/2026;10:00;24.1;6;AVERSES;5;0;0
BIARRITZ;43.48;-1.56;14/08/2026;11:00;25.4;2;NUAGEUX;3;0;0
BIARRITZ;43.48;-1.56;14/08/2026;12:00;25.4;2;NUAGEUX;3;0;0
BIARRITZ;43.48;-1.56;14/08/2026;13:00;25.4;2;NUAGEUX;3;0;0
BIARRITZ;43.48;-1.56;14/08/2026;14:00;26.1;6;AVERSES;5;0;0
BIARRITZ;43.48;-1.56;14/08/2026;15:00;26.6;6;AVERSES;5;0;0
BIARRITZ;43.48;-1.56;14/08/2026;16:00;26.1;6;AVERSES;5;0;0
BIARRITZ;43.48;-1.56;14/08/2026;17:00;25.4;0;SOLEIL;3;0;0
BIARRITZ;43.48;-1.56;14/08/2026;18:00;25.4;0;SOLEIL;3;0;0
BIARRITZ;43.48;-1.56;14/08/2026;19:00;25.4;0;SOLEIL;3;0;0
BIARRITZ;43.48;-1.56;14/08/2026;20:00;24.1;6;AVERSES;5;0;0
BIARRITZ;43.48;-1.56;14/08/2026;21:00;23.6;6;AVERSES;5;0;0
BIARRITZ;43.48;-1.56;14/08/2026;22:00;23.1;6;AVERSES;5;0;0
BIARRITZ;43.48;-1.56;14/08/2026;23:00;23.1;2;NUAGEUX;2;0;0
BIARRITZ;43.48;-1.56;15/08/2026;00:00;23.1;2;NUAGEUX;2;0;0
BIARRITZ;43.48;-1.56;15/08/2026;01:00;23.1;2;NUAGEUX;2;0;0
BIARRITZ;43.48;-1.56;15/08/2026;02:00;21.6;2;NUAGEUX;5;0;0
BIARRITZ;43.48;-1.56;15/08/2026;03:00;21.6;2;NUAGEUX;5;0;0
BIARRITZ;43.48;-1.56;15/08/2026;04:00;21.6;2;NUAGEUX;5;0;0
BIARRITZ;43.48;-1.56;15/08/2026;05:00;22.9;6;AVERSES;2;0;0
BIARRITZ;43.48;-1.56;15/08/2026;06:00;22.9;6;AVERSES;2;0;0
BIARRITZ;43.48;-1.56;15/08/2026;07:00;22.9;6;AVERSES;2;0;0
BIARRITZ;43.48;-1.56;15/08/2026;08:00;22.8;2;NUAGEUX;5;0;0
BIARRITZ;43.48;-1.56;15/08/2026;09:00;23.4;2;NUAGEUX;5;0;0
BIARRITZ;43.48;-1.56;15/08/2026;10:00;24.0;2;NUAGEUX;5;0;0
BIARRITZ;43.48;-1.56;15/08/2026;11:00;25.4;6;AVERSES;4;0;0
BIARRITZ;43.48;-1.56;15/08/2026;12:00;25.4;6;AVERSES;4;0;0
BIARRITZ;43.48;-1.56;15/08/2026;13:00;25.4;6;AVERSES;4;0;0
BIARRITZ;43.48;-1.56;15/08/2026;14:00;26.4;2;NUAGEUX;5;0;0
BIARRITZ;43.48;-1.56;15/08/2026;15:00;27.0;2;NUAGEUX;5;0;0
BIARRITZ;43.48;-1.56;15/08/2026;16:00;26.4;2;NUAGEUX;5;0;0
BIARRITZ;43.48;-1.56;15/08/2026;17:00;24.5;0;SOLEIL;3;0;0
BIARRITZ;43.48;-1.56;15/08/2026;18:00;24.5;0;SOLEIL;3;0;0
BIARRITZ;43.48;-1.56;15/08/2026;19:00;24.5;0;SOLEIL;3;0;0
BIARRITZ;43.48;-1.56;15/08/2026;20:00;24.0;2;NUAGEUX;5;0;0
BIARRITZ;43.48;-1.56;15/08/2026;21:00;23.4;2;NUAGEUX;5;0;0
BIARRITZ;43.48;-1.56;15/08/2026;22:00;22.8;2;NUAGEUX;5;0;0
BIARRITZ;43.48;-1.56;15/08/2026;23:00;22.9;0;SOLEIL;2;0;0
TARBES;43.23;0.07;08/08/2026;00:00;19.7;0;SOLEIL;2;0;0
TARBES;43.23;0.07;08/08/2026;01:00;19.7;0;SOLEIL;2;0;0
TARBES;43.23;0.07;08/08/2026;02:00;18.6;0;SOLEIL;2;0;0
TARBES;43.23;0.07;08/08/2026;03:00;18.6;0;SOLEIL;2;0;0
TARBES;43.23;0.07;08/08/2026;04:00;18.6;0;SOLEIL;2;0;0
TARBES;43.23;0.07;08/08/2026;05:00;20.1;0;SOLEIL;1;0;0
TARBES;43.23;0.07;08/08/2026;06:00;20.1;0;SOLEIL;1;0;0
TARBES;43.23;0.07;08/08/2026;07:00;20.1;0;SOLEIL;1;0;0
TARBES;43.23;0.07;08/08/2026;08:00;27.7;0;SOLEIL;1;0;0
TARBES;43.23;0.07;08/08/2026;09:00;27.7;0;SOLEIL;1;0;0
TARBES;43.23;0.07;08/08/2026;10:00;27.7;0;SOLEIL;1;0;0
TARBES;43.23;0.07;08/08/2026;11:00;32;0;SOLEIL;2;0;0
TARBES;43.23;0.07;08/08/2026;12:00;32;0;SOLEIL;2;0;0
TARBES;43.23;0.07;08/08/2026;13:00;32;0;SOLEIL;2;0;0
TARBES;43.23;0.07;08/08/2026;14:00;32.1;10;ORAGEUX;2;0;0
TARBES;43.23;0.07;08/08/2026;15:00;32.1;10;ORAGEUX;2;0;0
TARBES;43.23;0.07;08/08/2026;16:00;32.1;10;ORAGEUX;2;0;0
TARBES;43.23;0.07;08/08/2026;17:00;31.9;10;ORAGEUX;2;0;0
TARBES;43.23;0.07;08/08/2026;18:00;31.9;10;ORAGEUX;2;0;0
TARBES;43.23;0.07;08/08/2026;19:00;31.9;10;ORAGEUX;2;0;0
TARBES;43.23;0.07;08/08/2026;20:00;24.2;0;SOLEIL;2;0;0
TARBES;43.23;0.07;08/08/2026;21:00;24.2;0;SOLEIL;2;0;0
TARBES;43.23;0.07;08/08/2026;22:00;24.2;0;SOLEIL;2;0;0
TARBES;43.23;0.07;08/08/2026;23:00;22.1;0;SOLEIL;3;0;0
TARBES;43.23;0.07;09/08/2026;00:00;22.1;0;SOLEIL;3;0;0
TARBES;43.23;0.07;09/08/2026;01:00;22.1;0;SOLEIL;3;0;0
TARBES;43.23;0.07;09/08/2026;02:00;19.6;0;SOLEIL;2;0;0
TARBES;43.23;0.07;09/08/2026;03:00;19.6;0;SOLEIL;2;0;0
TARBES;43.23;0.07;09/08/2026;04:00;19.6;0;SOLEIL;2;0;0
TARBES;43.23;0.07;09/08/2026;05:00;19.9;0;SOLEIL;2;0;0
TARBES;43.23;0.07;09/08/2026;06:00;19.9;0;SOLEIL;2;0;0
TARBES;43.23;0.07;09/08/2026;07:00;19.9;0;SOLEIL;2;0;0
TARBES;43.23;0.07;09/08/2026;08:00;25.6;0;SOLEIL;2;0;0
TARBES;43.23;0.07;09/08/2026;09:00;25.6;0;SOLEIL;2;0;0
TARBES;43.23;0.07;09/08/2026;10:00;25.6;0;SOLEIL;2;0;0
TARBES;43.23;0.07;09/08/2026;11:00;29.9;0;SOLEIL;1;0;0
TARBES;43.23;0.07;09/08/2026;12:00;29.9;0;SOLEIL;1;0;0
TARBES;43.23;0.07;09/08/2026;13:00;29.9;0;SOLEIL;1;0;0
TARBES;43.23;0.07;09/08/2026;14:00;30.5;10;ORAGEUX;2;0;0
TARBES;43.23;0.07;09/08/2026;15:00;30.5;10;ORAGEUX;2;0;0
TARBES;43.23;0.07;09/08/2026;16:00;30.5;10;ORAGEUX;2;0;0
TARBES;43.23;0.07;09/08/2026;17:00;27.1;10;ORAGEUX;3;0;0
TARBES;43.23;0.07;09/08/2026;18:00;27.1;10;ORAGEUX;3;0;0
TARBES;43.23;0.07;09/08/2026;19:00;27.1;10;ORAGEUX;3;0;0
TARBES;43.23;0.07;09/08/2026;20:00;24.8;10;ORAGEUX;5;0;0
TARBES;43.23;0.07;09/08/2026;21:00;23.0;10;ORAGEUX;5;0;0
TARBES;43.23;0.07;09/08/2026;22:00;21.2;10;ORAGEUX;5;0;0
TARBES;43.23;0.07;09/08/2026;23:00;21.1;0;SOLEIL;4;0;0
TARBES;43.23;0.07;10/08/2026;00:00;21.1;0;SOLEIL;4;0;0
TARBES;43.23;0.07;10/08/2026;01:00;21.1;0;SOLEIL;4;0;0
TARBES;43.23;0.07;10/08/2026;02:00;18.5;10;ORAGEUX;5;0;0
TARBES;43.23;0.07;10/08/2026;03:00;18.5;10;ORAGEUX;5;0;0
TARBES;43.23;0.07;10/08/2026;04:00;18.5;10;ORAGEUX;5;0;0
TARBES;43.23;0.07;10/08/2026;05:00;20.5;0;SOLEIL;2;0;0
TARBES;43.23;0.07;10/08/2026;06:00;20.5;0;SOLEIL;2;0;0
TARBES;43.23;0.07;10/08/2026;07:00;20.5;0;SOLEIL;2;0;0
TARBES;43.23;0.07;10/08/2026;08:00;21.6;10;ORAGEUX;5;0;0
TARBES;43.23;0.07;10/08/2026;09:00;23.1;10;ORAGEUX;5;0;0
TARBES;43.23;0.07;10/08/2026;10:00;24.7;10;ORAGEUX;5;0;0
TARBES;43.23;0.07;10/08/2026;11:00;29.5;0;SOLEIL;2;0;0
TARBES;43.23;0.07;10/08/2026;12:00;29.5;0;SOLEIL;2;0;0
TARBES;43.23;0.07;10/08/2026;13:00;29.5;0;SOLEIL;2;0;0
TARBES;43.23;0.07;10/08/2026;14:00;30.9;10;ORAGEUX;5;0;0
TARBES;43.23;0.07;10/08/2026;15:00;32.4;10;ORAGEUX;5;0;0
TARBES;43.23;0.07;10/08/2026;16:00;30.9;10;ORAGEUX;5;0;0
TARBES;43.23;0.07;10/08/2026;17:00;28.4;0;SOLEIL;2;0;0
TARBES;43.23;0.07;10/08/2026;18:00;28.4;0;SOLEIL;2;0;0
TARBES;43.23;0.07;10/08/2026;19:00;28.4;0;SOLEIL;2;0;0
TARBES;43.23;0.07;10/08/2026;20:00;24.7;10;ORAGEUX;5;0;0
TARBES;43.23;0.07;10/08/2026;21:00;23.1;10;ORAGEUX;5;0;0
TARBES;43.23;0.07;10/08/2026;22:00;21.6;10;ORAGEUX;5;0;0
TARBES;43.23;0.07;10/08/2026;23:00;22.6;0;SOLEIL;2;0;0
TARBES;43.23;0.07;11/08/2026;00:00;22.6;0;SOLEIL;2;0;0
TARBES;43.23;0.07;11/08/2026;01:00;22.6;0;SOLEIL;2;0;0
TARBES;43.23;0.07;11/08/2026;02:00;19.6;0;SOLEIL;5;0;0
TARBES;43.23;0.07;11/08/2026;03:00;19.6;0;SOLEIL;5;0;0
TARBES;43.23;0.07;11/08/2026;04:00;19.6;0;SOLEIL;5;0;0
TARBES;43.23;0.07;11/08/2026;05:00;20.9;0;SOLEIL;2;0;0
TARBES;43.23;0.07;11/08/2026;06:00;20.9;0;SOLEIL;2;0;0
TARBES;43.23;0.07;11/08/2026;07:00;20.9;0;SOLEIL;2;0;0
TARBES;43.23;0.07;11/08/2026;08:00;22.4;0;SOLEIL;5;0;0
TARBES;43.23;0.07;11/08/2026;09:00;23.7;0;SOLEIL;5;0;0
TARBES;43.23;0.07;11/08/2026;10:00;25.1;0;SOLEIL;5;0;0
TARBES;43.23;0.07;11/08/2026;11:00;33.1;0;SOLEIL;3;0;0
TARBES;43.23;0.07;11/08/2026;12:00;33.1;0;SOLEIL;3;0;0
TARBES;43.23;0.07;11/08/2026;13:00;33.1;0;SOLEIL;3;0;0
TARBES;43.23;0.07;11/08/2026;14:00;30.6;0;SOLEIL;5;0;0
TARBES;43.23;0.07;11/08/2026;15:00;32.0;0;SOLEIL;5;0;0
TARBES;43.23;0.07;11/08/2026;16:00;30.6;0;SOLEIL;5;0;0
TARBES;43.23;0.07;11/08/2026;17:00;32.5;0;SOLEIL;3;0;0
TARBES;43.23;0.07;11/08/2026;18:00;32.5;0;SOLEIL;3;0;0
TARBES;43.23;0.07;11/08/2026;19:00;32.5;0;SOLEIL;3;0;0
TARBES;43.23;0.07;11/08/2026;20:00;25.1;0;SOLEIL;5;0;0
TARBES;43.23;0.07;11/08/2026;21:00;23.7;0;SOLEIL;5;0;0
TARBES;43.23;0.07;11/08/2026;22:00;22.4;0;SOLEIL;5;0;0
TARBES;43.23;0.07;11/08/2026;23:00;23.6;0;SOLEIL;4;0;0
TARBES;43.23;0.07;12/08/2026;00:00;23.6;0;SOLEIL;4;0;0
TARBES;43.23;0.07;12/08/2026;01:00;23.6;0;SOLEIL;4;0;0
TARBES;43.23;0.07;12/08/2026;02:00;19.2;0;SOLEIL;5;0;0
TARBES;43.23;0.07;12/08/2026;03:00;19.2;0;SOLEIL;5;0;0
TARBES;43.23;0.07;12/08/2026;04:00;19.2;0;SOLEIL;5;0;0
TARBES;43.23;0.07;12/08/2026;05:00;22.1;0;SOLEIL;3;0;0
TARBES;43.23;0.07;12/08/2026;06:00;22.1;0;SOLEIL;3;0;0
TARBES;43.23;0.07;12/08/2026;07:00;22.1;0;SOLEIL;3;0;0
TARBES;43.23;0.07;12/08/2026;08:00;22.8;0;SOLEIL;5;0;0
TARBES;43.23;0.07;12/08/2026;09:00;24.7;0;SOLEIL;5;0;0
TARBES;43.23;0.07;12/08/2026;10:00;26.5;0;SOLEIL;5;0;0
TARBES;43.23;0.07;12/08/2026;11:00;32.6;0;SOLEIL;2;0;0
TARBES;43.23;0.07;12/08/2026;12:00;32.6;0;SOLEIL;2;0;0
TARBES;43.23;0.07;12/08/2026;13:00;32.6;0;SOLEIL;2;0;0
TARBES;43.23;0.07;12/08/2026;14:00;33.8;0;SOLEIL;5;0;0
TARBES;43.23;0.07;12/08/2026;15:00;35.6;0;SOLEIL;5;0;0
TARBES;43.23;0.07;12/08/2026;16:00;33.8;0;SOLEIL;5;0;0
TARBES;43.23;0.07;12/08/2026;17:00;31.2;0;SOLEIL;1;0;0
TARBES;43.23;0.07;12/08/2026;18:00;31.2;0;SOLEIL;1;0;0
TARBES;43.23;0.07;12/08/2026;19:00;31.2;0;SOLEIL;1;0;0
TARBES;43.23;0.07;12/08/2026;20:00;26.5;0;SOLEIL;5;0;0
TARBES;43.23;0.07;12/08/2026;21:00;24.7;0;SOLEIL;5;0;0
TARBES;43.23;0.07;12/08/2026;22:00;22.8;0;SOLEIL;5;0;0
TARBES;43.23;0.07;12/08/2026;23:00;23.1;0;SOLEIL;4;0;0
TARBES;43.23;0.07;13/08/2026;00:00;23.1;0;SOLEIL;4;0;0
TARBES;43.23;0.07;13/08/2026;01:00;23.1;0;SOLEIL;4;0;0
TARBES;43.23;0.07;13/08/2026;02:00;20.6;0;SOLEIL;5;0;0
TARBES;43.23;0.07;13/08/2026;03:00;20.6;0;SOLEIL;5;0;0
TARBES;43.23;0.07;13/08/2026;04:00;20.6;0;SOLEIL;5;0;0
TARBES;43.23;0.07;13/08/2026;05:00;22.6;6;AVERSES;2;0;0
TARBES;43.23;0.07;13/08/2026;06:00;22.6;6;AVERSES;2;0;0
TARBES;43.23;0.07;13/08/2026;07:00;22.6;6;AVERSES;2;0;0
TARBES;43.23;0.07;13/08/2026;08:00;23.7;0;SOLEIL;5;0;0
TARBES;43.23;0.07;13/08/2026;09:00;25.2;0;SOLEIL;5;0;0
TARBES;43.23;0.07;13/08/2026;10:00;26.8;0;SOLEIL;5;0;0
TARBES;43.23;0.07;13/08/2026;11:00;30.1;6;AVERSES;2;0;0
TARBES;43.23;0.07;13/08/2026;12:00;30.1;6;AVERSES;2;0;0
TARBES;43.23;0.07;13/08/2026;13:00;30.1;6;AVERSES;2;0;0
TARBES;43.23;0.07;13/08/2026;14:00;33.0;0;SOLEIL;5;0;0
TARBES;43.23;0.07;13/08/2026;15:00;34.5;0;SOLEIL;5;0;0
TARBES;43.23;0.07;13/08/2026;16:00;33.0;0;SOLEIL;5;0;0
TARBES;43.23;0.07;13/08/2026;17:00;30.1;0;SOLEIL;2;0;0
TARBES;43.23;0.07;13/08/2026;18:00;30.1;0;SOLEIL;2;0;0
TARBES;43.23;0.07;13/08/2026;19:00;30.1;0;SOLEIL;2;0;0
TARBES;43.23;0.07;13/08/2026;20:00;26.8;0;SOLEIL;5;0;0
TARBES;43.23;0.07;13/08/2026;21:00;25.2;0;SOLEIL;5;0;0
TARBES;43.23;0.07;13/08/2026;22:00;23.7;0;SOLEIL;5;0;0
TARBES;43.23;0.07;13/08/2026;23:00;22.1;0;SOLEIL;4;0;0
TARBES;43.23;0.07;14/08/2026;00:00;22.1;0;SOLEIL;4;0;0
TARBES;43.23;0.07;14/08/2026;01:00;22.1;0;SOLEIL;4;0;0
TARBES;43.23;0.07;14/08/2026;02:00;20.6;6;AVERSES;5;0;0
TARBES;43.23;0.07;14/08/2026;03:00;20.6;6;AVERSES;5;0;0
TARBES;43.23;0.07;14/08/2026;04:00;20.6;6;AVERSES;5;0;0
TARBES;43.23;0.07;14/08/2026;05:00;21.6;6;AVERSES;2;0;0
TARBES;43.23;0.07;14/08/2026;06:00;21.6;6;AVERSES;2;0;0
TARBES;43.23;0.07;14/08/2026;07:00;21.6;6;AVERSES;2;0;0
TARBES;43.23;0.07;14/08/2026;08:00;23.2;6;AVERSES;5;0;0
TARBES;43.23;0.07;14/08/2026;09:00;24.5;6;AVERSES;5;0;0
TARBES;43.23;0.07;14/08/2026;10:00;25.8;6;AVERSES;5;0;0
TARBES;43.23;0.07;14/08/2026;11:00;29.1;6;AVERSES;2;0;0
TARBES;43.23;0.07;14/08/2026;12:00;29.1;6;AVERSES;2;0;0
TARBES;43.23;0.07;14/08/2026;13:00;29.1;6;AVERSES;2;0;0
TARBES;43.23;0.07;14/08/2026;14:00;30.9;6;AVERSES;5;0;0
TARBES;43.23;0.07;14/08/2026;15:00;32.2;6;AVERSES;5;0;0
TARBES;43.23;0.07;14/08/2026;16:00;30.9;6;AVERSES;5;0;0
TARBES;43.23;0.07;14/08/2026;17:00;28.7;0;SOLEIL;3;0;0
TARBES;43.23;0.07;14/08/2026;18:00;28.7;0;SOLEIL;3;0;0
TARBES;43.23;0.07;14/08/2026;19:00;28.7;0;SOLEIL;3;0;0
TARBES;43.23;0.07;14/08/2026;20:00;25.8;6;AVERSES;5;0;0
TARBES;43.23;0.07;14/08/2026;21:00;24.5;6;AVERSES;5;0;0
TARBES;43.23;0.07;14/08/2026;22:00;23.2;6;AVERSES;5;0;0
TARBES;43.23;0.07;14/08/2026;23:00;21.6;0;SOLEIL;4;0;0
TARBES;43.23;0.07;15/08/2026;00:00;21.6;0;SOLEIL;4;0;0
TARBES;43.23;0.07;15/08/2026;01:00;21.6;0;SOLEIL;4;0;0
TARBES;43.23;0.07;15/08/2026;02:00;19.5;6;AVERSES;5;0;0
TARBES;43.23;0.07;15/08/2026;03:00;19.5;6;AVERSES;5;0;0
TARBES;43.23;0.07;15/08/2026;04:00;19.5;6;AVERSES;5;0;0
TARBES;43.23;0.07;15/08/2026;05:00;20.6;0;SOLEIL;2;0;0
TARBES;43.23;0.07;15/08/2026;06:00;20.6;0;SOLEIL;2;0;0
TARBES;43.23;0.07;15/08/2026;07:00;20.6;0;SOLEIL;2;0;0
TARBES;43.23;0.07;15/08/2026;08:00;22.1;6;AVERSES;5;0;0
TARBES;43.23;0.07;15/08/2026;09:00;23.4;6;AVERSES;5;0;0
TARBES;43.23;0.07;15/08/2026;10:00;24.7;6;AVERSES;5;0;0
TARBES;43.23;0.07;15/08/2026;11:00;27.4;0;SOLEIL;2;0;0
TARBES;43.23;0.07;15/08/2026;12:00;27.4;0;SOLEIL;2;0;0
TARBES;43.23;0.07;15/08/2026;13:00;27.4;0;SOLEIL;2;0;0
TARBES;43.23;0.07;15/08/2026;14:00;29.8;6;AVERSES;5;0;0
TARBES;43.23;0.07;15/08/2026;15:00;31.1;6;AVERSES;5;0;0
TARBES;43.23;0.07;15/08/2026;16:00;29.8;6;AVERSES;5;0;0
TARBES;43.23;0.07;15/08/2026;17:00;27.6;0;SOLEIL;3;0;0
TARBES;43.23;0.07;15/08/2026;18:00;27.6;0;SOLEIL;3;0;0
TARBES;43.23;0.07;15/08/2026;19:00;27.6;0;SOLEIL;3;0;0
TARBES;43.23;0.07;15/08/2026;20:00;24.7;6;AVERSES;5;0;0
TARBES;43.23;0.07;15/08/2026;21:00;23.4;6;AVERSES;5;0;0
TARBES;43.23;0.07;15/08/2026;22:00;22.1;6;AVERSES;5;0;0
TARBES;43.23;0.07;15/08/2026;23:00;21;0;SOLEIL;3;0;0
TOULOUSE;43.6;1.44;08/08/2026;00:00;25.1;0;SOLEIL;2;0;0
TOULOUSE;43.6;1.44;08/08/2026;01:00;25.1;0;SOLEIL;2;0;0
TOULOUSE;43.6;1.44;08/08/2026;02:00;21.4;0;SOLEIL;1;0;0
TOULOUSE;43.6;1.44;08/08/2026;03:00;21.4;0;SOLEIL;1;0;0
TOULOUSE;43.6;1.44;08/08/2026;04:00;21.4;0;SOLEIL;1;0;0
TOULOUSE;43.6;1.44;08/08/2026;05:00;22.6;0;SOLEIL;2;0;0
TOULOUSE;43.6;1.44;08/08/2026;06:00;22.6;0;SOLEIL;2;0;0
TOULOUSE;43.6;1.44;08/08/2026;07:00;22.6;0;SOLEIL;2;0;0
TOULOUSE;43.6;1.44;08/08/2026;08:00;29.6;0;SOLEIL;3;0;0
TOULOUSE;43.6;1.44;08/08/2026;09:00;29.6;0;SOLEIL;3;0;0
TOULOUSE;43.6;1.44;08/08/2026;10:00;29.6;0;SOLEIL;3;0;0
TOULOUSE;43.6;1.44;08/08/2026;11:00;35.1;0;SOLEIL;2;0;0
TOULOUSE;43.6;1.44;08/08/2026;12:00;35.1;0;SOLEIL;2;0;0
TOULOUSE;43.6;1.44;08/08/2026;13:00;35.1;0;SOLEIL;2;0;0
TOULOUSE;43.6;1.44;08/08/2026;14:00;37.1;5;SOLEIL VOILÉ;2;0;0
TOULOUSE;43.6;1.44;08/08/2026;15:00;37.1;5;SOLEIL VOILÉ;2;0;0
TOULOUSE;43.6;1.44;08/08/2026;16:00;37.1;5;SOLEIL VOILÉ;2;0;0
TOULOUSE;43.6;1.44;08/08/2026;17:00;34.9;10;ORAGEUX;3;0;0
TOULOUSE;43.6;1.44;08/08/2026;18:00;34.9;10;ORAGEUX;3;0;0
TOULOUSE;43.6;1.44;08/08/2026;19:00;34.9;10;ORAGEUX;3;0;0
TOULOUSE;43.6;1.44;08/08/2026;20:00;31.2;0;SOLEIL;3;0;0
TOULOUSE;43.6;1.44;08/08/2026;21:00;31.2;0;SOLEIL;3;0;0
TOULOUSE;43.6;1.44;08/08/2026;22:00;31.2;0;SOLEIL;3;0;0
TOULOUSE;43.6;1.44;08/08/2026;23:00;27.1;0;SOLEIL;2;0;0
TOULOUSE;43.6;1.44;09/08/2026;00:00;27.1;0;SOLEIL;2;0;0
TOULOUSE;43.6;1.44;09/08/2026;01:00;27.1;0;SOLEIL;2;0;0
TOULOUSE;43.6;1.44;09/08/2026;02:00;24.1;0;SOLEIL;3;0;0
TOULOUSE;43.6;1.44;09/08/2026;03:00;24.1;0;SOLEIL;3;0;0
TOULOUSE;43.6;1.44;09/08/2026;04:00;24.1;0;SOLEIL;3;0;0
TOULOUSE;43.6;1.44;09/08/2026;05:00;23.6;0;SOLEIL;3;0;0
TOULOUSE;43.6;1.44;09/08/2026;06:00;23.6;0;SOLEIL;3;0;0
TOULOUSE;43.6;1.44;09/08/2026;07:00;23.6;0;SOLEIL;3;0;0
TOULOUSE;43.6;1.44;09/08/2026;08:00;28.9;0;SOLEIL;4;0;0
TOULOUSE;43.6;1.44;09/08/2026;09:00;28.9;0;SOLEIL;4;0;0
TOULOUSE;43.6;1.44;09/08/2026;10:00;28.9;0;SOLEIL;4;0;0
TOULOUSE;43.6;1.44;09/08/2026;11:00;32.4;0;SOLEIL;2;0;0
TOULOUSE;43.6;1.44;09/08/2026;12:00;32.4;0;SOLEIL;2;0;0
TOULOUSE;43.6;1.44;09/08/2026;13:00;32.4;0;SOLEIL;2;0;0
TOULOUSE;43.6;1.44;09/08/2026;14:00;34;10;ORAGEUX;3;0;0
TOULOUSE;43.6;1.44;09/08/2026;15:00;34;10;ORAGEUX;3;0;0
TOULOUSE;43.6;1.44;09/08/2026;16:00;34;10;ORAGEUX;3;0;0
TOULOUSE;43.6;1.44;09/08/2026;17:00;29.7;10;ORAGEUX;3;0;0
TOULOUSE;43.6;1.44;09/08/2026;18:00;29.7;10;ORAGEUX;3;0;0
TOULOUSE;43.6;1.44;09/08/2026;19:00;29.7;10;ORAGEUX;3;0;0
TOULOUSE;43.6;1.44;09/08/2026;20:00;28.6;10;ORAGEUX;5;0;0
TOULOUSE;43.6;1.44;09/08/2026;21:00;26.7;10;ORAGEUX;5;0;0
TOULOUSE;43.6;1.44;09/08/2026;22:00;24.8;10;ORAGEUX;5;0;0
TOULOUSE;43.6;1.44;09/08/2026;23:00;24.6;0;SOLEIL;3;0;0
TOULOUSE;43.6;1.44;10/08/2026;00:00;24.6;0;SOLEIL;3;0;0
TOULOUSE;43.6;1.44;10/08/2026;01:00;24.6;0;SOLEIL;3;0;0
TOULOUSE;43.6;1.44;10/08/2026;02:00;22.6;10;ORAGEUX;5;0;0
TOULOUSE;43.6;1.44;10/08/2026;03:00;22.6;10;ORAGEUX;5;0;0
TOULOUSE;43.6;1.44;10/08/2026;04:00;22.6;10;ORAGEUX;5;0;0
TOULOUSE;43.6;1.44;10/08/2026;05:00;22.9;0;SOLEIL;2;0;0
TOULOUSE;43.6;1.44;10/08/2026;06:00;22.9;0;SOLEIL;2;0;0
TOULOUSE;43.6;1.44;10/08/2026;07:00;22.9;0;SOLEIL;2;0;0
TOULOUSE;43.6;1.44;10/08/2026;08:00;25.6;10;ORAGEUX;5;0;0
TOULOUSE;43.6;1.44;10/08/2026;09:00;27.1;10;ORAGEUX;5;0;0
TOULOUSE;43.6;1.44;10/08/2026;10:00;28.6;10;ORAGEUX;5;0;0
TOULOUSE;43.6;1.44;10/08/2026;11:00;31.7;0;SOLEIL;2;0;0
TOULOUSE;43.6;1.44;10/08/2026;12:00;31.7;0;SOLEIL;2;0;0
TOULOUSE;43.6;1.44;10/08/2026;13:00;31.7;0;SOLEIL;2;0;0
TOULOUSE;43.6;1.44;10/08/2026;14:00;34.5;10;ORAGEUX;5;0;0
TOULOUSE;43.6;1.44;10/08/2026;15:00;36.0;10;ORAGEUX;5;0;0
TOULOUSE;43.6;1.44;10/08/2026;16:00;34.5;10;ORAGEUX;5;0;0
TOULOUSE;43.6;1.44;10/08/2026;17:00;33;0;SOLEIL;2;0;0
TOULOUSE;43.6;1.44;10/08/2026;18:00;33;0;SOLEIL;2;0;0
TOULOUSE;43.6;1.44;10/08/2026;19:00;33;0;SOLEIL;2;0;0
TOULOUSE;43.6;1.44;10/08/2026;20:00;28.6;10;ORAGEUX;5;0;0
TOULOUSE;43.6;1.44;10/08/2026;21:00;27.1;10;ORAGEUX;5;0;0
TOULOUSE;43.6;1.44;10/08/2026;22:00;25.6;10;ORAGEUX;5;0;0
TOULOUSE;43.6;1.44;10/08/2026;23:00;26.1;0;SOLEIL;2;0;0
TOULOUSE;43.6;1.44;11/08/2026;00:00;26.1;0;SOLEIL;2;0;0
TOULOUSE;43.6;1.44;11/08/2026;01:00;26.1;0;SOLEIL;2;0;0
TOULOUSE;43.6;1.44;11/08/2026;02:00;22.5;0;SOLEIL;5;0;0
TOULOUSE;43.6;1.44;11/08/2026;03:00;22.5;0;SOLEIL;5;0;0
TOULOUSE;43.6;1.44;11/08/2026;04:00;22.5;0;SOLEIL;5;0;0
TOULOUSE;43.6;1.44;11/08/2026;05:00;23.4;0;SOLEIL;3;0;0
TOULOUSE;43.6;1.44;11/08/2026;06:00;23.4;0;SOLEIL;3;0;0
TOULOUSE;43.6;1.44;11/08/2026;07:00;23.4;0;SOLEIL;3;0;0
TOULOUSE;43.6;1.44;11/08/2026;08:00;25.2;0;SOLEIL;5;0;0
TOULOUSE;43.6;1.44;11/08/2026;09:00;26.5;0;SOLEIL;5;0;0
TOULOUSE;43.6;1.44;11/08/2026;10:00;27.8;0;SOLEIL;5;0;0
TOULOUSE;43.6;1.44;11/08/2026;11:00;35;0;SOLEIL;4;0;0
TOULOUSE;43.6;1.44;11/08/2026;12:00;35;0;SOLEIL;4;0;0
TOULOUSE;43.6;1.44;11/08/2026;13:00;35;0;SOLEIL;4;0;0
TOULOUSE;43.6;1.44;11/08/2026;14:00;33.2;0;SOLEIL;5;0;0
TOULOUSE;43.6;1.44;11/08/2026;15:00;34.5;0;SOLEIL;5;0;0
TOULOUSE;43.6;1.44;11/08/2026;16:00;33.2;0;SOLEIL;5;0;0
TOULOUSE;43.6;1.44;11/08/2026;17:00;34.9;0;SOLEIL;4;0;0
TOULOUSE;43.6;1.44;11/08/2026;18:00;34.9;0;SOLEIL;4;0;0
TOULOUSE;43.6;1.44;11/08/2026;19:00;34.9;0;SOLEIL;4;0;0
TOULOUSE;43.6;1.44;11/08/2026;20:00;27.8;0;SOLEIL;5;0;0
TOULOUSE;43.6;1.44;11/08/2026;21:00;26.5;0;SOLEIL;5;0;0
TOULOUSE;43.6;1.44;11/08/2026;22:00;25.2;0;SOLEIL;5;0;0
TOULOUSE;43.6;1.44;11/08/2026;23:00;27.1;0;SOLEIL;4;0;0
TOULOUSE;43.6;1.44;12/08/2026;00:00;27.1;0;SOLEIL;4;0;0
TOULOUSE;43.6;1.44;12/08/2026;01:00;27.1;0;SOLEIL;4;0;0
TOULOUSE;43.6;1.44;12/08/2026;02:00;22.5;0;SOLEIL;5;0;0
TOULOUSE;43.6;1.44;12/08/2026;03:00;22.5;0;SOLEIL;5;0;0
TOULOUSE;43.6;1.44;12/08/2026;04:00;22.5;0;SOLEIL;5;0;0
TOULOUSE;43.6;1.44;12/08/2026;05:00;24.1;0;SOLEIL;3;0;0
TOULOUSE;43.6;1.44;12/08/2026;06:00;24.1;0;SOLEIL;3;0;0
TOULOUSE;43.6;1.44;12/08/2026;07:00;24.1;0;SOLEIL;3;0;0
TOULOUSE;43.6;1.44;12/08/2026;08:00;25.9;0;SOLEIL;5;0;0
TOULOUSE;43.6;1.44;12/08/2026;09:00;27.6;0;SOLEIL;5;0;0
TOULOUSE;43.6;1.44;12/08/2026;10:00;29.3;0;SOLEIL;5;0;0
TOULOUSE;43.6;1.44;12/08/2026;11:00;35.9;0;SOLEIL;3;0;0
TOULOUSE;43.6;1.44;12/08/2026;12:00;35.9;0;SOLEIL;3;0;0
TOULOUSE;43.6;1.44;12/08/2026;13:00;35.9;0;SOLEIL;3;0;0
TOULOUSE;43.6;1.44;12/08/2026;14:00;36.2;0;SOLEIL;5;0;0
TOULOUSE;43.6;1.44;12/08/2026;15:00;37.9;0;SOLEIL;5;0;0
TOULOUSE;43.6;1.44;12/08/2026;16:00;36.2;0;SOLEIL;5;0;0
TOULOUSE;43.6;1.44;12/08/2026;17:00;36.1;0;SOLEIL;3;0;0
TOULOUSE;43.6;1.44;12/08/2026;18:00;36.1;0;SOLEIL;3;0;0
TOULOUSE;43.6;1.44;12/08/2026;19:00;36.1;0;SOLEIL;3;0;0
TOULOUSE;43.6;1.44;12/08/2026;20:00;29.3;0;SOLEIL;5;0;0
TOULOUSE;43.6;1.44;12/08/2026;21:00;27.6;0;SOLEIL;5;0;0
TOULOUSE;43.6;1.44;12/08/2026;22:00;25.9;0;SOLEIL;5;0;0
TOULOUSE;43.6;1.44;12/08/2026;23:00;27.9;0;SOLEIL;2;0;0
TOULOUSE;43.6;1.44;13/08/2026;00:00;27.9;0;SOLEIL;2;0;0
TOULOUSE;43.6;1.44;13/08/2026;01:00;27.9;0;SOLEIL;2;0;0
TOULOUSE;43.6;1.44;13/08/2026;02:00;23.1;0;SOLEIL;5;0;0
TOULOUSE;43.6;1.44;13/08/2026;03:00;23.1;0;SOLEIL;5;0;0
TOULOUSE;43.6;1.44;13/08/2026;04:00;23.1;0;SOLEIL;5;0;0
TOULOUSE;43.6;1.44;13/08/2026;05:00;23.9;0;SOLEIL;2;0;0
TOULOUSE;43.6;1.44;13/08/2026;06:00;23.9;0;SOLEIL;2;0;0
TOULOUSE;43.6;1.44;13/08/2026;07:00;23.9;0;SOLEIL;2;0;0
TOULOUSE;43.6;1.44;13/08/2026;08:00;26.6;0;SOLEIL;5;0;0
TOULOUSE;43.6;1.44;13/08/2026;09:00;28.4;0;SOLEIL;5;0;0
TOULOUSE;43.6;1.44;13/08/2026;10:00;30.2;0;SOLEIL;5;0;0
TOULOUSE;43.6;1.44;13/08/2026;11:00;33.7;0;SOLEIL;2;0;0
TOULOUSE;43.6;1.44;13/08/2026;12:00;33.7;0;SOLEIL;2;0;0
TOULOUSE;43.6;1.44;13/08/2026;13:00;33.7;0;SOLEIL;2;0;0
TOULOUSE;43.6;1.44;13/08/2026;14:00;37.2;0;SOLEIL;5;0;0
TOULOUSE;43.6;1.44;13/08/2026;15:00;39.0;0;SOLEIL;5;0;0
TOULOUSE;43.6;1.44;13/08/2026;16:00;37.2;0;SOLEIL;5;0;0
TOULOUSE;43.6;1.44;13/08/2026;17:00;34.1;0;SOLEIL;3;0;0
TOULOUSE;43.6;1.44;13/08/2026;18:00;34.1;0;SOLEIL;3;0;0
TOULOUSE;43.6;1.44;13/08/2026;19:00;34.1;0;SOLEIL;3;0;0
TOULOUSE;43.6;1.44;13/08/2026;20:00;30.2;0;SOLEIL;5;0;0
TOULOUSE;43.6;1.44;13/08/2026;21:00;28.4;0;SOLEIL;5;0;0
TOULOUSE;43.6;1.44;13/08/2026;22:00;26.6;0;SOLEIL;5;0;0
TOULOUSE;43.6;1.44;13/08/2026;23:00;26.6;0;SOLEIL;3;0;0
TOULOUSE;43.6;1.44;14/08/2026;00:00;26.6;0;SOLEIL;3;0;0
TOULOUSE;43.6;1.44;14/08/2026;01:00;26.6;0;SOLEIL;3;0;0
TOULOUSE;43.6;1.44;14/08/2026;02:00;22.7;0;SOLEIL;5;0;0
TOULOUSE;43.6;1.44;14/08/2026;03:00;22.7;0;SOLEIL;5;0;0
TOULOUSE;43.6;1.44;14/08/2026;04:00;22.7;0;SOLEIL;5;0;0
TOULOUSE;43.6;1.44;14/08/2026;05:00;23.1;0;SOLEIL;3;0;0
TOULOUSE;43.6;1.44;14/08/2026;06:00;23.1;0;SOLEIL;3;0;0
TOULOUSE;43.6;1.44;14/08/2026;07:00;23.1;0;SOLEIL;3;0;0
TOULOUSE;43.6;1.44;14/08/2026;08:00;25.8;0;SOLEIL;5;0;0
TOULOUSE;43.6;1.44;14/08/2026;09:00;27.3;0;SOLEIL;5;0;0
TOULOUSE;43.6;1.44;14/08/2026;10:00;28.8;0;SOLEIL;5;0;0
TOULOUSE;43.6;1.44;14/08/2026;11:00;33;0;SOLEIL;2;0;0
TOULOUSE;43.6;1.44;14/08/2026;12:00;33;0;SOLEIL;2;0;0
TOULOUSE;43.6;1.44;14/08/2026;13:00;33;0;SOLEIL;2;0;0
TOULOUSE;43.6;1.44;14/08/2026;14:00;35.0;0;SOLEIL;5;0;0
TOULOUSE;43.6;1.44;14/08/2026;15:00;36.5;0;SOLEIL;5;0;0
TOULOUSE;43.6;1.44;14/08/2026;16:00;35.0;0;SOLEIL;5;0;0
TOULOUSE;43.6;1.44;14/08/2026;17:00;32.5;0;SOLEIL;3;0;0
TOULOUSE;43.6;1.44;14/08/2026;18:00;32.5;0;SOLEIL;3;0;0
TOULOUSE;43.6;1.44;14/08/2026;19:00;32.5;0;SOLEIL;3;0;0
TOULOUSE;43.6;1.44;14/08/2026;20:00;28.8;0;SOLEIL;5;0;0
TOULOUSE;43.6;1.44;14/08/2026;21:00;27.3;0;SOLEIL;5;0;0
TOULOUSE;43.6;1.44;14/08/2026;22:00;25.8;0;SOLEIL;5;0;0
TOULOUSE;43.6;1.44;14/08/2026;23:00;26.1;0;SOLEIL;4;0;0
TOULOUSE;43.6;1.44;15/08/2026;00:00;26.1;0;SOLEIL;4;0;0
TOULOUSE;43.6;1.44;15/08/2026;01:00;26.1;0;SOLEIL;4;0;0
TOULOUSE;43.6;1.44;15/08/2026;02:00;22.1;0;SOLEIL;5;0;0
TOULOUSE;43.6;1.44;15/08/2026;03:00;22.1;0;SOLEIL;5;0;0
TOULOUSE;43.6;1.44;15/08/2026;04:00;22.1;0;SOLEIL;5;0;0
TOULOUSE;43.6;1.44;15/08/2026;05:00;22.4;0;SOLEIL;3;0;0
TOULOUSE;43.6;1.44;15/08/2026;06:00;22.4;0;SOLEIL;3;0;0
TOULOUSE;43.6;1.44;15/08/2026;07:00;22.4;0;SOLEIL;3;0;0
TOULOUSE;43.6;1.44;15/08/2026;08:00;25.0;0;SOLEIL;5;0;0
TOULOUSE;43.6;1.44;15/08/2026;09:00;26.5;0;SOLEIL;5;0;0
TOULOUSE;43.6;1.44;15/08/2026;10:00;27.9;0;SOLEIL;5;0;0
TOULOUSE;43.6;1.44;15/08/2026;11:00;30.1;0;SOLEIL;3;0;0
TOULOUSE;43.6;1.44;15/08/2026;12:00;30.1;0;SOLEIL;3;0;0
TOULOUSE;43.6;1.44;15/08/2026;13:00;30.1;0;SOLEIL;3;0;0
TOULOUSE;43.6;1.44;15/08/2026;14:00;33.7;0;SOLEIL;5;0;0
TOULOUSE;43.6;1.44;15/08/2026;15:00;35.2;0;SOLEIL;5;0;0
TOULOUSE;43.6;1.44;15/08/2026;16:00;33.7;0;SOLEIL;5;0;0
TOULOUSE;43.6;1.44;15/08/2026;17:00;30.2;0;SOLEIL;4;0;0
TOULOUSE;43.6;1.44;15/08/2026;18:00;30.2;0;SOLEIL;4;0;0
TOULOUSE;43.6;1.44;15/08/2026;19:00;30.2;0;SOLEIL;4;0;0
TOULOUSE;43.6;1.44;15/08/2026;20:00;27.9;0;SOLEIL;5;0;0
TOULOUSE;43.6;1.44;15/08/2026;21:00;26.5;0;SOLEIL;5;0;0
TOULOUSE;43.6;1.44;15/08/2026;22:00;25.0;0;SOLEIL;5;0;0
TOULOUSE;43.6;1.44;15/08/2026;23:00;25.6;0;SOLEIL;4;0;0
AURILLAC;44.92;2.44;08/08/2026;00:00;19.1;0;SOLEIL;1;0;0
AURILLAC;44.92;2.44;08/08/2026;01:00;19.1;0;SOLEIL;1;0;0
AURILLAC;44.92;2.44;08/08/2026;02:00;18.7;0;SOLEIL;1;0;0
AURILLAC;44.92;2.44;08/08/2026;03:00;18.7;0;SOLEIL;1;0;0
AURILLAC;44.92;2.44;08/08/2026;04:00;18.7;0;SOLEIL;1;0;0
AURILLAC;44.92;2.44;08/08/2026;05:00;20.6;0;SOLEIL;2;0;0
AURILLAC;44.92;2.44;08/08/2026;06:00;20.6;0;SOLEIL;2;0;0
AURILLAC;44.92;2.44;08/08/2026;07:00;20.6;0;SOLEIL;2;0;0
AURILLAC;44.92;2.44;08/08/2026;08:00;27.6;0;SOLEIL;2;0;0
AURILLAC;44.92;2.44;08/08/2026;09:00;27.6;0;SOLEIL;2;0;0
AURILLAC;44.92;2.44;08/08/2026;10:00;27.6;0;SOLEIL;2;0;0
AURILLAC;44.92;2.44;08/08/2026;11:00;32.7;0;SOLEIL;2;0;0
AURILLAC;44.92;2.44;08/08/2026;12:00;32.7;0;SOLEIL;2;0;0
AURILLAC;44.92;2.44;08/08/2026;13:00;32.7;0;SOLEIL;2;0;0
AURILLAC;44.92;2.44;08/08/2026;14:00;34.2;0;SOLEIL;2;0;0
AURILLAC;44.92;2.44;08/08/2026;15:00;34.2;0;SOLEIL;2;0;0
AURILLAC;44.92;2.44;08/08/2026;16:00;34.2;0;SOLEIL;2;0;0
AURILLAC;44.92;2.44;08/08/2026;17:00;32.6;5;SOLEIL VOILÉ;3;0;0
AURILLAC;44.92;2.44;08/08/2026;18:00;32.6;5;SOLEIL VOILÉ;3;0;0
AURILLAC;44.92;2.44;08/08/2026;19:00;32.6;5;SOLEIL VOILÉ;3;0;0
AURILLAC;44.92;2.44;08/08/2026;20:00;26.1;5;SOLEIL VOILÉ;2;0;0
AURILLAC;44.92;2.44;08/08/2026;21:00;26.1;5;SOLEIL VOILÉ;2;0;0
AURILLAC;44.92;2.44;08/08/2026;22:00;26.1;5;SOLEIL VOILÉ;2;0;0
AURILLAC;44.92;2.44;08/08/2026;23:00;24.9;0;SOLEIL;2;0;0
AURILLAC;44.92;2.44;09/08/2026;00:00;24.9;0;SOLEIL;2;0;0
AURILLAC;44.92;2.44;09/08/2026;01:00;24.9;0;SOLEIL;2;0;0
AURILLAC;44.92;2.44;09/08/2026;02:00;22;0;SOLEIL;3;0;0
AURILLAC;44.92;2.44;09/08/2026;03:00;22;0;SOLEIL;3;0;0
AURILLAC;44.92;2.44;09/08/2026;04:00;22;0;SOLEIL;3;0;0
AURILLAC;44.92;2.44;09/08/2026;05:00;22.9;0;SOLEIL;3;0;0
AURILLAC;44.92;2.44;09/08/2026;06:00;22.9;0;SOLEIL;3;0;0
AURILLAC;44.92;2.44;09/08/2026;07:00;22.9;0;SOLEIL;3;0;0
AURILLAC;44.92;2.44;09/08/2026;08:00;27.2;0;SOLEIL;3;0;0
AURILLAC;44.92;2.44;09/08/2026;09:00;27.2;0;SOLEIL;3;0;0
AURILLAC;44.92;2.44;09/08/2026;10:00;27.2;0;SOLEIL;3;0;0
AURILLAC;44.92;2.44;09/08/2026;11:00;30.9;10;ORAGEUX;3;0;0
AURILLAC;44.92;2.44;09/08/2026;12:00;30.9;10;ORAGEUX;3;0;0
AURILLAC;44.92;2.44;09/08/2026;13:00;30.9;10;ORAGEUX;3;0;0
AURILLAC;44.92;2.44;09/08/2026;14:00;31.2;10;ORAGEUX;3;0;0
AURILLAC;44.92;2.44;09/08/2026;15:00;31.2;10;ORAGEUX;3;0;0
AURILLAC;44.92;2.44;09/08/2026;16:00;31.2;10;ORAGEUX;3;0;0
AURILLAC;44.92;2.44;09/08/2026;17:00;29.1;10;ORAGEUX;3;0;0
AURILLAC;44.92;2.44;09/08/2026;18:00;29.1;10;ORAGEUX;3;0;0
AURILLAC;44.92;2.44;09/08/2026;19:00;29.1;10;ORAGEUX;3;0;0
AURILLAC;44.92;2.44;09/08/2026;20:00;25.3;0;SOLEIL;5;0;0
AURILLAC;44.92;2.44;09/08/2026;21:00;23.4;0;SOLEIL;5;0;0
AURILLAC;44.92;2.44;09/08/2026;22:00;21.4;0;SOLEIL;5;0;0
AURILLAC;44.92;2.44;09/08/2026;23:00;22.7;0;SOLEIL;2;0;0
AURILLAC;44.92;2.44;10/08/2026;00:00;22.7;0;SOLEIL;2;0;0
AURILLAC;44.92;2.44;10/08/2026;01:00;22.7;0;SOLEIL;2;0;0
AURILLAC;44.92;2.44;10/08/2026;02:00;20.9;10;ORAGEUX;5;0;0
AURILLAC;44.92;2.44;10/08/2026;03:00;20.9;10;ORAGEUX;5;0;0
AURILLAC;44.92;2.44;10/08/2026;04:00;20.9;10;ORAGEUX;5;0;0
AURILLAC;44.92;2.44;10/08/2026;05:00;20.7;0;SOLEIL;2;0;0
AURILLAC;44.92;2.44;10/08/2026;06:00;20.7;0;SOLEIL;2;0;0
AURILLAC;44.92;2.44;10/08/2026;07:00;20.7;0;SOLEIL;2;0;0
AURILLAC;44.92;2.44;10/08/2026;08:00;23.5;10;ORAGEUX;5;0;0
AURILLAC;44.92;2.44;10/08/2026;09:00;24.7;10;ORAGEUX;5;0;0
AURILLAC;44.92;2.44;10/08/2026;10:00;26.0;10;ORAGEUX;5;0;0
AURILLAC;44.92;2.44;10/08/2026;11:00;30.6;6;AVERSES;2;0;0
AURILLAC;44.92;2.44;10/08/2026;12:00;30.6;6;AVERSES;2;0;0
AURILLAC;44.92;2.44;10/08/2026;13:00;30.6;6;AVERSES;2;0;0
AURILLAC;44.92;2.44;10/08/2026;14:00;31.1;10;ORAGEUX;5;0;0
AURILLAC;44.92;2.44;10/08/2026;15:00;32.4;10;ORAGEUX;5;0;0
AURILLAC;44.92;2.44;10/08/2026;16:00;31.1;10;ORAGEUX;5;0;0
AURILLAC;44.92;2.44;10/08/2026;17:00;28.6;6;AVERSES;2;0;0
AURILLAC;44.92;2.44;10/08/2026;18:00;28.6;6;AVERSES;2;0;0
AURILLAC;44.92;2.44;10/08/2026;19:00;28.6;6;AVERSES;2;0;0
AURILLAC;44.92;2.44;10/08/2026;20:00;26.0;10;ORAGEUX;5;0;0
AURILLAC;44.92;2.44;10/08/2026;21:00;24.7;10;ORAGEUX;5;0;0
AURILLAC;44.92;2.44;10/08/2026;22:00;23.5;10;ORAGEUX;5;0;0
AURILLAC;44.92;2.44;10/08/2026;23:00;22.5;0;SOLEIL;3;0;0
AURILLAC;44.92;2.44;11/08/2026;00:00;22.5;0;SOLEIL;3;0;0
AURILLAC;44.92;2.44;11/08/2026;01:00;22.5;0;SOLEIL;3;0;0
AURILLAC;44.92;2.44;11/08/2026;02:00;19.4;0;SOLEIL;5;0;0
AURILLAC;44.92;2.44;11/08/2026;03:00;19.4;0;SOLEIL;5;0;0
AURILLAC;44.92;2.44;11/08/2026;04:00;19.4;0;SOLEIL;5;0;0
AURILLAC;44.92;2.44;11/08/2026;05:00;21.7;0;SOLEIL;2;0;0
AURILLAC;44.92;2.44;11/08/2026;06:00;21.7;0;SOLEIL;2;0;0
AURILLAC;44.92;2.44;11/08/2026;07:00;21.7;0;SOLEIL;2;0;0
AURILLAC;44.92;2.44;11/08/2026;08:00;22.2;0;SOLEIL;5;0;0
AURILLAC;44.92;2.44;11/08/2026;09:00;23.6;0;SOLEIL;5;0;0
AURILLAC;44.92;2.44;11/08/2026;10:00;25.0;0;SOLEIL;5;0;0
AURILLAC;44.92;2.44;11/08/2026;11:00;33.1;0;SOLEIL;1;0;0
AURILLAC;44.92;2.44;11/08/2026;12:00;33.1;0;SOLEIL;1;0;0
AURILLAC;44.92;2.44;11/08/2026;13:00;33.1;0;SOLEIL;1;0;0
AURILLAC;44.92;2.44;11/08/2026;14:00;30.6;0;SOLEIL;5;0;0
AURILLAC;44.92;2.44;11/08/2026;15:00;32.0;0;SOLEIL;5;0;0
AURILLAC;44.92;2.44;11/08/2026;16:00;30.6;0;SOLEIL;5;0;0
AURILLAC;44.92;2.44;11/08/2026;17:00;30.9;0;SOLEIL;2;0;0
AURILLAC;44.92;2.44;11/08/2026;18:00;30.9;0;SOLEIL;2;0;0
AURILLAC;44.92;2.44;11/08/2026;19:00;30.9;0;SOLEIL;2;0;0
AURILLAC;44.92;2.44;11/08/2026;20:00;25.0;0;SOLEIL;5;0;0
AURILLAC;44.92;2.44;11/08/2026;21:00;23.6;0;SOLEIL;5;0;0
AURILLAC;44.92;2.44;11/08/2026;22:00;22.2;0;SOLEIL;5;0;0
AURILLAC;44.92;2.44;11/08/2026;23:00;23.6;0;SOLEIL;4;0;0
AURILLAC;44.92;2.44;12/08/2026;00:00;23.6;0;SOLEIL;4;0;0
AURILLAC;44.92;2.44;12/08/2026;01:00;23.6;0;SOLEIL;4;0;0
AURILLAC;44.92;2.44;12/08/2026;02:00;19.9;0;SOLEIL;5;0;0
AURILLAC;44.92;2.44;12/08/2026;03:00;19.9;0;SOLEIL;5;0;0
AURILLAC;44.92;2.44;12/08/2026;04:00;19.9;0;SOLEIL;5;0;0
AURILLAC;44.92;2.44;12/08/2026;05:00;23.1;0;SOLEIL;2;0;0
AURILLAC;44.92;2.44;12/08/2026;06:00;23.1;0;SOLEIL;2;0;0
AURILLAC;44.92;2.44;12/08/2026;07:00;23.1;0;SOLEIL;2;0;0
AURILLAC;44.92;2.44;12/08/2026;08:00;23.3;0;SOLEIL;5;0;0
AURILLAC;44.92;2.44;12/08/2026;09:00;25.0;0;SOLEIL;5;0;0
AURILLAC;44.92;2.44;12/08/2026;10:00;26.7;0;SOLEIL;5;0;0
AURILLAC;44.92;2.44;12/08/2026;11:00;35.1;0;SOLEIL;2;0;0
AURILLAC;44.92;2.44;12/08/2026;12:00;35.1;0;SOLEIL;2;0;0
AURILLAC;44.92;2.44;12/08/2026;13:00;35.1;0;SOLEIL;2;0;0
AURILLAC;44.92;2.44;12/08/2026;14:00;33.4;0;SOLEIL;5;0;0
AURILLAC;44.92;2.44;12/08/2026;15:00;35.1;0;SOLEIL;5;0;0
AURILLAC;44.92;2.44;12/08/2026;16:00;33.4;0;SOLEIL;5;0;0
AURILLAC;44.92;2.44;12/08/2026;17:00;32.5;0;SOLEIL;2;0;0
AURILLAC;44.92;2.44;12/08/2026;18:00;32.5;0;SOLEIL;2;0;0
AURILLAC;44.92;2.44;12/08/2026;19:00;32.5;0;SOLEIL;2;0;0
AURILLAC;44.92;2.44;12/08/2026;20:00;26.7;0;SOLEIL;5;0;0
AURILLAC;44.92;2.44;12/08/2026;21:00;25.0;0;SOLEIL;5;0;0
AURILLAC;44.92;2.44;12/08/2026;22:00;23.3;0;SOLEIL;5;0;0
AURILLAC;44.92;2.44;12/08/2026;23:00;24.6;0;SOLEIL;2;0;0
AURILLAC;44.92;2.44;13/08/2026;00:00;24.6;0;SOLEIL;2;0;0
AURILLAC;44.92;2.44;13/08/2026;01:00;24.6;0;SOLEIL;2;0;0
AURILLAC;44.92;2.44;13/08/2026;02:00;21.5;0;SOLEIL;5;0;0
AURILLAC;44.92;2.44;13/08/2026;03:00;21.5;0;SOLEIL;5;0;0
AURILLAC;44.92;2.44;13/08/2026;04:00;21.5;0;SOLEIL;5;0;0
AURILLAC;44.92;2.44;13/08/2026;05:00;24;0;SOLEIL;2;0;0
AURILLAC;44.92;2.44;13/08/2026;06:00;24;0;SOLEIL;2;0;0
AURILLAC;44.92;2.44;13/08/2026;07:00;24;0;SOLEIL;2;0;0
AURILLAC;44.92;2.44;13/08/2026;08:00;25.0;0;SOLEIL;5;0;0
AURILLAC;44.92;2.44;13/08/2026;09:00;26.7;0;SOLEIL;5;0;0
AURILLAC;44.92;2.44;13/08/2026;10:00;28.4;0;SOLEIL;5;0;0
AURILLAC;44.92;2.44;13/08/2026;11:00;34.2;0;SOLEIL;2;0;0
AURILLAC;44.92;2.44;13/08/2026;12:00;34.2;0;SOLEIL;2;0;0
AURILLAC;44.92;2.44;13/08/2026;13:00;34.2;0;SOLEIL;2;0;0
AURILLAC;44.92;2.44;13/08/2026;14:00;35.4;0;SOLEIL;5;0;0
AURILLAC;44.92;2.44;13/08/2026;15:00;37.1;0;SOLEIL;5;0;0
AURILLAC;44.92;2.44;13/08/2026;16:00;35.4;0;SOLEIL;5;0;0
AURILLAC;44.92;2.44;13/08/2026;17:00;31.1;6;AVERSES;2;0;0
AURILLAC;44.92;2.44;13/08/2026;18:00;31.1;6;AVERSES;2;0;0
AURILLAC;44.92;2.44;13/08/2026;19:00;31.1;6;AVERSES;2;0;0
AURILLAC;44.92;2.44;13/08/2026;20:00;28.4;0;SOLEIL;5;0;0
AURILLAC;44.92;2.44;13/08/2026;21:00;26.7;0;SOLEIL;5;0;0
AURILLAC;44.92;2.44;13/08/2026;22:00;25.0;0;SOLEIL;5;0;0
AURILLAC;44.92;2.44;13/08/2026;23:00;25.1;0;SOLEIL;2;0;0
AURILLAC;44.92;2.44;14/08/2026;00:00;25.1;0;SOLEIL;2;0;0
AURILLAC;44.92;2.44;14/08/2026;01:00;25.1;0;SOLEIL;2;0;0
AURILLAC;44.92;2.44;14/08/2026;02:00;21.9;0;SOLEIL;5;0;0
AURILLAC;44.92;2.44;14/08/2026;03:00;21.9;0;SOLEIL;5;0;0
AURILLAC;44.92;2.44;14/08/2026;04:00;21.9;0;SOLEIL;5;0;0
AURILLAC;44.92;2.44;14/08/2026;05:00;23.7;0;SOLEIL;1;0;0
AURILLAC;44.92;2.44;14/08/2026;06:00;23.7;0;SOLEIL;1;0;0
AURILLAC;44.92;2.44;14/08/2026;07:00;23.7;0;SOLEIL;1;0;0
AURILLAC;44.92;2.44;14/08/2026;08:00;25.0;0;SOLEIL;5;0;0
AURILLAC;44.92;2.44;14/08/2026;09:00;26.6;0;SOLEIL;5;0;0
AURILLAC;44.92;2.44;14/08/2026;10:00;28.1;0;SOLEIL;5;0;0
AURILLAC;44.92;2.44;14/08/2026;11:00;33.1;0;SOLEIL;3;0;0
AURILLAC;44.92;2.44;14/08/2026;12:00;33.1;0;SOLEIL;3;0;0
AURILLAC;44.92;2.44;14/08/2026;13:00;33.1;0;SOLEIL;3;0;0
AURILLAC;44.92;2.44;14/08/2026;14:00;34.3;0;SOLEIL;5;0;0
AURILLAC;44.92;2.44;14/08/2026;15:00;35.9;0;SOLEIL;5;0;0
AURILLAC;44.92;2.44;14/08/2026;16:00;34.3;0;SOLEIL;5;0;0
AURILLAC;44.92;2.44;14/08/2026;17:00;27.7;6;AVERSES;2;0;0
AURILLAC;44.92;2.44;14/08/2026;18:00;27.7;6;AVERSES;2;0;0
AURILLAC;44.92;2.44;14/08/2026;19:00;27.7;6;AVERSES;2;0;0
AURILLAC;44.92;2.44;14/08/2026;20:00;28.1;0;SOLEIL;5;0;0
AURILLAC;44.92;2.44;14/08/2026;21:00;26.6;0;SOLEIL;5;0;0
AURILLAC;44.92;2.44;14/08/2026;22:00;25.0;0;SOLEIL;5;0;0
AURILLAC;44.92;2.44;14/08/2026;23:00;23.1;0;SOLEIL;1;0;0
AURILLAC;44.92;2.44;15/08/2026;00:00;23.1;0;SOLEIL;1;0;0
AURILLAC;44.92;2.44;15/08/2026;01:00;23.1;0;SOLEIL;1;0;0
AURILLAC;44.92;2.44;15/08/2026;02:00;21.6;0;SOLEIL;5;0;0
AURILLAC;44.92;2.44;15/08/2026;03:00;21.6;0;SOLEIL;5;0;0
AURILLAC;44.92;2.44;15/08/2026;04:00;21.6;0;SOLEIL;5;0;0
AURILLAC;44.92;2.44;15/08/2026;05:00;21.5;0;SOLEIL;1;0;0
AURILLAC;44.92;2.44;15/08/2026;06:00;21.5;0;SOLEIL;1;0;0
AURILLAC;44.92;2.44;15/08/2026;07:00;21.5;0;SOLEIL;1;0;0
AURILLAC;44.92;2.44;15/08/2026;08:00;24.4;0;SOLEIL;5;0;0
AURILLAC;44.92;2.44;15/08/2026;09:00;25.8;0;SOLEIL;5;0;0
AURILLAC;44.92;2.44;15/08/2026;10:00;27.2;0;SOLEIL;5;0;0
AURILLAC;44.92;2.44;15/08/2026;11:00;29.1;6;AVERSES;3;0;0
AURILLAC;44.92;2.44;15/08/2026;12:00;29.1;6;AVERSES;3;0;0
AURILLAC;44.92;2.44;15/08/2026;13:00;29.1;6;AVERSES;3;0;0
AURILLAC;44.92;2.44;15/08/2026;14:00;32.7;0;SOLEIL;5;0;0
AURILLAC;44.92;2.44;15/08/2026;15:00;34.1;0;SOLEIL;5;0;0
AURILLAC;44.92;2.44;15/08/2026;16:00;32.7;0;SOLEIL;5;0;0
AURILLAC;44.92;2.44;15/08/2026;17:00;26.9;6;AVERSES;2;0;0
AURILLAC;44.92;2.44;15/08/2026;18:00;26.9;6;AVERSES;2;0;0
AURILLAC;44.92;2.44;15/08/2026;19:00;26.9;6;AVERSES;2;0;0
AURILLAC;44.92;2.44;15/08/2026;20:00;27.2;0;SOLEIL;5;0;0
AURILLAC;44.92;2.44;15/08/2026;21:00;25.8;0;SOLEIL;5;0;0
AURILLAC;44.92;2.44;15/08/2026;22:00;24.4;0;SOLEIL;5;0;0
AURILLAC;44.92;2.44;15/08/2026;23:00;21;0;SOLEIL;2;0;0
MONTÉLIMAR;44.55;4.75;08/08/2026;00:00;25.1;0;SOLEIL;5;0;0
MONTÉLIMAR;44.55;4.75;08/08/2026;01:00;25.1;0;SOLEIL;5;0;0
MONTÉLIMAR;44.55;4.75;08/08/2026;02:00;22.9;0;SOLEIL;5;11;0
MONTÉLIMAR;44.55;4.75;08/08/2026;03:00;22.9;0;SOLEIL;5;11;0
MONTÉLIMAR;44.55;4.75;08/08/2026;04:00;22.9;0;SOLEIL;5;11;0
MONTÉLIMAR;44.55;4.75;08/08/2026;05:00;22.9;0;SOLEIL;5;0;0
MONTÉLIMAR;44.55;4.75;08/08/2026;06:00;22.9;0;SOLEIL;5;0;0
MONTÉLIMAR;44.55;4.75;08/08/2026;07:00;22.9;0;SOLEIL;5;0;0
MONTÉLIMAR;44.55;4.75;08/08/2026;08:00;28.5;0;SOLEIL;5;11;0
MONTÉLIMAR;44.55;4.75;08/08/2026;09:00;28.5;0;SOLEIL;5;11;0
MONTÉLIMAR;44.55;4.75;08/08/2026;10:00;28.5;0;SOLEIL;5;11;0
MONTÉLIMAR;44.55;4.75;08/08/2026;11:00;34.7;0;SOLEIL;4;11;0
MONTÉLIMAR;44.55;4.75;08/08/2026;12:00;34.7;0;SOLEIL;4;11;0
MONTÉLIMAR;44.55;4.75;08/08/2026;13:00;34.7;0;SOLEIL;4;11;0
MONTÉLIMAR;44.55;4.75;08/08/2026;14:00;37.1;0;SOLEIL;3;0;0
MONTÉLIMAR;44.55;4.75;08/08/2026;15:00;37.1;0;SOLEIL;3;0;0
MONTÉLIMAR;44.55;4.75;08/08/2026;16:00;37.1;0;SOLEIL;3;0;0
MONTÉLIMAR;44.55;4.75;08/08/2026;17:00;34.6;0;SOLEIL;1;0;0
MONTÉLIMAR;44.55;4.75;08/08/2026;18:00;34.6;0;SOLEIL;1;0;0
MONTÉLIMAR;44.55;4.75;08/08/2026;19:00;34.6;0;SOLEIL;1;0;0
MONTÉLIMAR;44.55;4.75;08/08/2026;20:00;29.1;0;SOLEIL;3;0;0
MONTÉLIMAR;44.55;4.75;08/08/2026;21:00;29.1;0;SOLEIL;3;0;0
MONTÉLIMAR;44.55;4.75;08/08/2026;22:00;29.1;0;SOLEIL;3;0;0
MONTÉLIMAR;44.55;4.75;08/08/2026;23:00;24.6;0;SOLEIL;2;0;0
MONTÉLIMAR;44.55;4.75;09/08/2026;00:00;24.6;0;SOLEIL;2;0;0
MONTÉLIMAR;44.55;4.75;09/08/2026;01:00;24.6;0;SOLEIL;2;0;0
MONTÉLIMAR;44.55;4.75;09/08/2026;02:00;22.4;0;SOLEIL;2;0;0
MONTÉLIMAR;44.55;4.75;09/08/2026;03:00;22.4;0;SOLEIL;2;0;0
MONTÉLIMAR;44.55;4.75;09/08/2026;04:00;22.4;0;SOLEIL;2;0;0
MONTÉLIMAR;44.55;4.75;09/08/2026;05:00;22.4;0;SOLEIL;1;0;0
MONTÉLIMAR;44.55;4.75;09/08/2026;06:00;22.4;0;SOLEIL;1;0;0
MONTÉLIMAR;44.55;4.75;09/08/2026;07:00;22.4;0;SOLEIL;1;0;0
MONTÉLIMAR;44.55;4.75;09/08/2026;08:00;29.6;0;SOLEIL;2;0;0
MONTÉLIMAR;44.55;4.75;09/08/2026;09:00;29.6;0;SOLEIL;2;0;0
MONTÉLIMAR;44.55;4.75;09/08/2026;10:00;29.6;0;SOLEIL;2;0;0
MONTÉLIMAR;44.55;4.75;09/08/2026;11:00;34.6;0;SOLEIL;4;0;0
MONTÉLIMAR;44.55;4.75;09/08/2026;12:00;34.6;0;SOLEIL;4;0;0
MONTÉLIMAR;44.55;4.75;09/08/2026;13:00;34.6;0;SOLEIL;4;0;0
MONTÉLIMAR;44.55;4.75;09/08/2026;14:00;33.6;10;ORAGEUX;4;12;0
MONTÉLIMAR;44.55;4.75;09/08/2026;15:00;33.6;10;ORAGEUX;4;12;0
MONTÉLIMAR;44.55;4.75;09/08/2026;16:00;33.6;10;ORAGEUX;4;12;0
MONTÉLIMAR;44.55;4.75;09/08/2026;17:00;29.9;10;ORAGEUX;4;11;0
MONTÉLIMAR;44.55;4.75;09/08/2026;18:00;29.9;10;ORAGEUX;4;11;0
MONTÉLIMAR;44.55;4.75;09/08/2026;19:00;29.9;10;ORAGEUX;4;11;0
MONTÉLIMAR;44.55;4.75;09/08/2026;20:00;28.7;0;SOLEIL;5;0;0
MONTÉLIMAR;44.55;4.75;09/08/2026;21:00;26.9;0;SOLEIL;5;0;0
MONTÉLIMAR;44.55;4.75;09/08/2026;22:00;25.1;0;SOLEIL;5;0;0
MONTÉLIMAR;44.55;4.75;09/08/2026;23:00;22;0;SOLEIL;2;0;0
MONTÉLIMAR;44.55;4.75;10/08/2026;00:00;22;0;SOLEIL;2;0;0
MONTÉLIMAR;44.55;4.75;10/08/2026;01:00;22;0;SOLEIL;2;0;0
MONTÉLIMAR;44.55;4.75;10/08/2026;02:00;21.4;10;ORAGEUX;5;0;0
MONTÉLIMAR;44.55;4.75;10/08/2026;03:00;21.4;10;ORAGEUX;5;0;0
MONTÉLIMAR;44.55;4.75;10/08/2026;04:00;21.4;10;ORAGEUX;5;0;0
MONTÉLIMAR;44.55;4.75;10/08/2026;05:00;22.6;0;SOLEIL;2;0;0
MONTÉLIMAR;44.55;4.75;10/08/2026;06:00;22.6;0;SOLEIL;2;0;0
MONTÉLIMAR;44.55;4.75;10/08/2026;07:00;22.6;0;SOLEIL;2;0;0
MONTÉLIMAR;44.55;4.75;10/08/2026;08:00;24.5;10;ORAGEUX;5;0;0
MONTÉLIMAR;44.55;4.75;10/08/2026;09:00;26.1;10;ORAGEUX;5;0;0
MONTÉLIMAR;44.55;4.75;10/08/2026;10:00;27.6;10;ORAGEUX;5;0;0
MONTÉLIMAR;44.55;4.75;10/08/2026;11:00;35.2;0;SOLEIL;3;0;0
MONTÉLIMAR;44.55;4.75;10/08/2026;12:00;35.2;0;SOLEIL;3;0;0
MONTÉLIMAR;44.55;4.75;10/08/2026;13:00;35.2;0;SOLEIL;3;0;0
MONTÉLIMAR;44.55;4.75;10/08/2026;14:00;33.8;10;ORAGEUX;5;0;0
MONTÉLIMAR;44.55;4.75;10/08/2026;15:00;35.4;10;ORAGEUX;5;0;0
MONTÉLIMAR;44.55;4.75;10/08/2026;16:00;33.8;10;ORAGEUX;5;0;0
MONTÉLIMAR;44.55;4.75;10/08/2026;17:00;32.4;6;AVERSES;3;0;0
MONTÉLIMAR;44.55;4.75;10/08/2026;18:00;32.4;6;AVERSES;3;0;0
MONTÉLIMAR;44.55;4.75;10/08/2026;19:00;32.4;6;AVERSES;3;0;0
MONTÉLIMAR;44.55;4.75;10/08/2026;20:00;27.6;10;ORAGEUX;5;0;0
MONTÉLIMAR;44.55;4.75;10/08/2026;21:00;26.1;10;ORAGEUX;5;0;0
MONTÉLIMAR;44.55;4.75;10/08/2026;22:00;24.5;10;ORAGEUX;5;0;0
MONTÉLIMAR;44.55;4.75;10/08/2026;23:00;23.5;0;SOLEIL;3;0;0
MONTÉLIMAR;44.55;4.75;11/08/2026;00:00;23.5;0;SOLEIL;3;0;0
MONTÉLIMAR;44.55;4.75;11/08/2026;01:00;23.5;0;SOLEIL;3;0;0
MONTÉLIMAR;44.55;4.75;11/08/2026;02:00;20.5;0;SOLEIL;5;0;0
MONTÉLIMAR;44.55;4.75;11/08/2026;03:00;20.5;0;SOLEIL;5;0;0
MONTÉLIMAR;44.55;4.75;11/08/2026;04:00;20.5;0;SOLEIL;5;0;0
MONTÉLIMAR;44.55;4.75;11/08/2026;05:00;23.7;0;SOLEIL;4;0;0
MONTÉLIMAR;44.55;4.75;11/08/2026;06:00;23.7;0;SOLEIL;4;0;0
MONTÉLIMAR;44.55;4.75;11/08/2026;07:00;23.7;0;SOLEIL;4;0;0
MONTÉLIMAR;44.55;4.75;11/08/2026;08:00;24.1;0;SOLEIL;5;0;0
MONTÉLIMAR;44.55;4.75;11/08/2026;09:00;25.9;0;SOLEIL;5;0;0
MONTÉLIMAR;44.55;4.75;11/08/2026;10:00;27.7;0;SOLEIL;5;0;0
MONTÉLIMAR;44.55;4.75;11/08/2026;11:00;35.6;0;SOLEIL;4;11;0
MONTÉLIMAR;44.55;4.75;11/08/2026;12:00;35.6;0;SOLEIL;4;11;0
MONTÉLIMAR;44.55;4.75;11/08/2026;13:00;35.6;0;SOLEIL;4;11;0
MONTÉLIMAR;44.55;4.75;11/08/2026;14:00;34.8;0;SOLEIL;5;0;0
MONTÉLIMAR;44.55;4.75;11/08/2026;15:00;36.6;0;SOLEIL;5;0;0
MONTÉLIMAR;44.55;4.75;11/08/2026;16:00;34.8;0;SOLEIL;5;0;0
MONTÉLIMAR;44.55;4.75;11/08/2026;17:00;35;0;SOLEIL;3;0;0
MONTÉLIMAR;44.55;4.75;11/08/2026;18:00;35;0;SOLEIL;3;0;0
MONTÉLIMAR;44.55;4.75;11/08/2026;19:00;35;0;SOLEIL;3;0;0
MONTÉLIMAR;44.55;4.75;11/08/2026;20:00;27.7;0;SOLEIL;5;0;0
MONTÉLIMAR;44.55;4.75;11/08/2026;21:00;25.9;0;SOLEIL;5;0;0
MONTÉLIMAR;44.55;4.75;11/08/2026;22:00;24.1;0;SOLEIL;5;0;0
MONTÉLIMAR;44.55;4.75;11/08/2026;23:00;23.6;0;SOLEIL;3;0;0
MONTÉLIMAR;44.55;4.75;12/08/2026;00:00;23.6;0;SOLEIL;3;0;0
MONTÉLIMAR;44.55;4.75;12/08/2026;01:00;23.6;0;SOLEIL;3;0;0
MONTÉLIMAR;44.55;4.75;12/08/2026;02:00;21.2;0;SOLEIL;5;0;0
MONTÉLIMAR;44.55;4.75;12/08/2026;03:00;21.2;0;SOLEIL;5;0;0
MONTÉLIMAR;44.55;4.75;12/08/2026;04:00;21.2;0;SOLEIL;5;0;0
MONTÉLIMAR;44.55;4.75;12/08/2026;05:00;22.7;0;SOLEIL;2;0;0
MONTÉLIMAR;44.55;4.75;12/08/2026;06:00;22.7;0;SOLEIL;2;0;0
MONTÉLIMAR;44.55;4.75;12/08/2026;07:00;22.7;0;SOLEIL;2;0;0
MONTÉLIMAR;44.55;4.75;12/08/2026;08:00;25.0;0;SOLEIL;5;0;0
MONTÉLIMAR;44.55;4.75;12/08/2026;09:00;26.9;0;SOLEIL;5;0;0
MONTÉLIMAR;44.55;4.75;12/08/2026;10:00;28.8;0;SOLEIL;5;0;0
MONTÉLIMAR;44.55;4.75;12/08/2026;11:00;37.1;0;SOLEIL;2;0;0
MONTÉLIMAR;44.55;4.75;12/08/2026;12:00;37.1;0;SOLEIL;2;0;0
MONTÉLIMAR;44.55;4.75;12/08/2026;13:00;37.1;0;SOLEIL;2;0;0
MONTÉLIMAR;44.55;4.75;12/08/2026;14:00;36.5;0;SOLEIL;5;0;0
MONTÉLIMAR;44.55;4.75;12/08/2026;15:00;38.4;0;SOLEIL;5;0;0
MONTÉLIMAR;44.55;4.75;12/08/2026;16:00;36.5;0;SOLEIL;5;0;0
MONTÉLIMAR;44.55;4.75;12/08/2026;17:00;36.2;0;SOLEIL;3;0;0
MONTÉLIMAR;44.55;4.75;12/08/2026;18:00;36.2;0;SOLEIL;3;0;0
MONTÉLIMAR;44.55;4.75;12/08/2026;19:00;36.2;0;SOLEIL;3;0;0
MONTÉLIMAR;44.55;4.75;12/08/2026;20:00;28.8;0;SOLEIL;5;0;0
MONTÉLIMAR;44.55;4.75;12/08/2026;21:00;26.9;0;SOLEIL;5;0;0
MONTÉLIMAR;44.55;4.75;12/08/2026;22:00;25.0;0;SOLEIL;5;0;0
MONTÉLIMAR;44.55;4.75;12/08/2026;23:00;24.1;0;SOLEIL;1;0;0
MONTÉLIMAR;44.55;4.75;13/08/2026;00:00;24.1;0;SOLEIL;1;0;0
MONTÉLIMAR;44.55;4.75;13/08/2026;01:00;24.1;0;SOLEIL;1;0;0
MONTÉLIMAR;44.55;4.75;13/08/2026;02:00;20.6;0;SOLEIL;5;0;0
MONTÉLIMAR;44.55;4.75;13/08/2026;03:00;20.6;0;SOLEIL;5;0;0
MONTÉLIMAR;44.55;4.75;13/08/2026;04:00;20.6;0;SOLEIL;5;0;0
MONTÉLIMAR;44.55;4.75;13/08/2026;05:00;23.1;0;SOLEIL;1;0;0
MONTÉLIMAR;44.55;4.75;13/08/2026;06:00;23.1;0;SOLEIL;1;0;0
MONTÉLIMAR;44.55;4.75;13/08/2026;07:00;23.1;0;SOLEIL;1;0;0
MONTÉLIMAR;44.55;4.75;13/08/2026;08:00;24.9;0;SOLEIL;5;0;0
MONTÉLIMAR;44.55;4.75;13/08/2026;09:00;27.0;0;SOLEIL;5;0;0
MONTÉLIMAR;44.55;4.75;13/08/2026;10:00;29.2;0;SOLEIL;5;0;0
MONTÉLIMAR;44.55;4.75;13/08/2026;11:00;38.7;0;SOLEIL;2;0;0
MONTÉLIMAR;44.55;4.75;13/08/2026;12:00;38.7;0;SOLEIL;2;0;0
MONTÉLIMAR;44.55;4.75;13/08/2026;13:00;38.7;0;SOLEIL;2;0;0
MONTÉLIMAR;44.55;4.75;13/08/2026;14:00;37.8;0;SOLEIL;5;0;0
MONTÉLIMAR;44.55;4.75;13/08/2026;15:00;39.9;0;SOLEIL;5;0;0
MONTÉLIMAR;44.55;4.75;13/08/2026;16:00;37.8;0;SOLEIL;5;0;0
MONTÉLIMAR;44.55;4.75;13/08/2026;17:00;37;0;SOLEIL;2;0;0
MONTÉLIMAR;44.55;4.75;13/08/2026;18:00;37;0;SOLEIL;2;0;0
MONTÉLIMAR;44.55;4.75;13/08/2026;19:00;37;0;SOLEIL;2;0;0
MONTÉLIMAR;44.55;4.75;13/08/2026;20:00;29.2;0;SOLEIL;5;0;0
MONTÉLIMAR;44.55;4.75;13/08/2026;21:00;27.0;0;SOLEIL;5;0;0
MONTÉLIMAR;44.55;4.75;13/08/2026;22:00;24.9;0;SOLEIL;5;0;0
MONTÉLIMAR;44.55;4.75;13/08/2026;23:00;25.1;0;SOLEIL;1;0;0
MONTÉLIMAR;44.55;4.75;14/08/2026;00:00;25.1;0;SOLEIL;1;0;0
MONTÉLIMAR;44.55;4.75;14/08/2026;01:00;25.1;0;SOLEIL;1;0;0
MONTÉLIMAR;44.55;4.75;14/08/2026;02:00;20.4;0;SOLEIL;5;0;0
MONTÉLIMAR;44.55;4.75;14/08/2026;03:00;20.4;0;SOLEIL;5;0;0
MONTÉLIMAR;44.55;4.75;14/08/2026;04:00;20.4;0;SOLEIL;5;0;0
MONTÉLIMAR;44.55;4.75;14/08/2026;05:00;24.5;0;SOLEIL;2;0;0
MONTÉLIMAR;44.55;4.75;14/08/2026;06:00;24.5;0;SOLEIL;2;0;0
MONTÉLIMAR;44.55;4.75;14/08/2026;07:00;24.5;0;SOLEIL;2;0;0
MONTÉLIMAR;44.55;4.75;14/08/2026;08:00;25.0;0;SOLEIL;5;0;0
MONTÉLIMAR;44.55;4.75;14/08/2026;09:00;27.3;0;SOLEIL;5;0;0
MONTÉLIMAR;44.55;4.75;14/08/2026;10:00;29.6;0;SOLEIL;5;0;0
MONTÉLIMAR;44.55;4.75;14/08/2026;11:00;37.6;0;SOLEIL;3;0;0
MONTÉLIMAR;44.55;4.75;14/08/2026;12:00;37.6;0;SOLEIL;3;0;0
MONTÉLIMAR;44.55;4.75;14/08/2026;13:00;37.6;0;SOLEIL;3;0;0
MONTÉLIMAR;44.55;4.75;14/08/2026;14:00;38.8;0;SOLEIL;5;0;0
MONTÉLIMAR;44.55;4.75;14/08/2026;15:00;41.1;0;SOLEIL;5;0;0
MONTÉLIMAR;44.55;4.75;14/08/2026;16:00;38.8;0;SOLEIL;5;0;0
MONTÉLIMAR;44.55;4.75;14/08/2026;17:00;33.6;6;AVERSES;3;11;0
MONTÉLIMAR;44.55;4.75;14/08/2026;18:00;33.6;6;AVERSES;3;11;0
MONTÉLIMAR;44.55;4.75;14/08/2026;19:00;33.6;6;AVERSES;3;11;0
MONTÉLIMAR;44.55;4.75;14/08/2026;20:00;29.6;0;SOLEIL;5;0;0
MONTÉLIMAR;44.55;4.75;14/08/2026;21:00;27.3;0;SOLEIL;5;0;0
MONTÉLIMAR;44.55;4.75;14/08/2026;22:00;25.0;0;SOLEIL;5;0;0
MONTÉLIMAR;44.55;4.75;14/08/2026;23:00;24.7;0;SOLEIL;4;0;0
MONTÉLIMAR;44.55;4.75;15/08/2026;00:00;24.7;0;SOLEIL;4;0;0
MONTÉLIMAR;44.55;4.75;15/08/2026;01:00;24.7;0;SOLEIL;4;0;0
MONTÉLIMAR;44.55;4.75;15/08/2026;02:00;21.7;0;SOLEIL;5;0;0
MONTÉLIMAR;44.55;4.75;15/08/2026;03:00;21.7;0;SOLEIL;5;0;0
MONTÉLIMAR;44.55;4.75;15/08/2026;04:00;21.7;0;SOLEIL;5;0;0
MONTÉLIMAR;44.55;4.75;15/08/2026;05:00;25.1;0;SOLEIL;4;0;0
MONTÉLIMAR;44.55;4.75;15/08/2026;06:00;25.1;0;SOLEIL;4;0;0
MONTÉLIMAR;44.55;4.75;15/08/2026;07:00;25.1;0;SOLEIL;4;0;0
MONTÉLIMAR;44.55;4.75;15/08/2026;08:00;25.6;0;SOLEIL;5;0;0
MONTÉLIMAR;44.55;4.75;15/08/2026;09:00;27.5;0;SOLEIL;5;0;0
MONTÉLIMAR;44.55;4.75;15/08/2026;10:00;29.5;0;SOLEIL;5;0;0
MONTÉLIMAR;44.55;4.75;15/08/2026;11:00;33.7;0;SOLEIL;4;13;0
MONTÉLIMAR;44.55;4.75;15/08/2026;12:00;33.7;0;SOLEIL;4;13;0
MONTÉLIMAR;44.55;4.75;15/08/2026;13:00;33.7;0;SOLEIL;4;13;0
MONTÉLIMAR;44.55;4.75;15/08/2026;14:00;37.3;0;SOLEIL;5;0;0
MONTÉLIMAR;44.55;4.75;15/08/2026;15:00;39.2;0;SOLEIL;5;0;0
MONTÉLIMAR;44.55;4.75;15/08/2026;16:00;37.3;0;SOLEIL;5;0;0
MONTÉLIMAR;44.55;4.75;15/08/2026;17:00;32.2;6;AVERSES;4;12;0
MONTÉLIMAR;44.55;4.75;15/08/2026;18:00;32.2;6;AVERSES;4;12;0
MONTÉLIMAR;44.55;4.75;15/08/2026;19:00;32.2;6;AVERSES;4;12;0
MONTÉLIMAR;44.55;4.75;15/08/2026;20:00;29.5;0;SOLEIL;5;0;0
MONTÉLIMAR;44.55;4.75;15/08/2026;21:00;27.5;0;SOLEIL;5;0;0
MONTÉLIMAR;44.55;4.75;15/08/2026;22:00;25.6;0;SOLEIL;5;0;0
MONTÉLIMAR;44.55;4.75;15/08/2026;23:00;24;0;SOLEIL;4;0;0
GAP;44.55;6.07;08/08/2026;00:00;19.9;0;SOLEIL;1;0;0
GAP;44.55;6.07;08/08/2026;01:00;19.9;0;SOLEIL;1;0;0
GAP;44.55;6.07;08/08/2026;02:00;18;0;SOLEIL;1;0;0
GAP;44.55;6.07;08/08/2026;03:00;18;0;SOLEIL;1;0;0
GAP;44.55;6.07;08/08/2026;04:00;18;0;SOLEIL;1;0;0
GAP;44.55;6.07;08/08/2026;05:00;20.6;0;SOLEIL;1;0;0
GAP;44.55;6.07;08/08/2026;06:00;20.6;0;SOLEIL;1;0;0
GAP;44.55;6.07;08/08/2026;07:00;20.6;0;SOLEIL;1;0;0
GAP;44.55;6.07;08/08/2026;08:00;28.9;0;SOLEIL;1;0;0
GAP;44.55;6.07;08/08/2026;09:00;28.9;0;SOLEIL;1;0;0
GAP;44.55;6.07;08/08/2026;10:00;28.9;0;SOLEIL;1;0;0
GAP;44.55;6.07;08/08/2026;11:00;33.4;0;SOLEIL;3;0;0
GAP;44.55;6.07;08/08/2026;12:00;33.4;0;SOLEIL;3;0;0
GAP;44.55;6.07;08/08/2026;13:00;33.4;0;SOLEIL;3;0;0
GAP;44.55;6.07;08/08/2026;14:00;35.6;0;SOLEIL;3;0;0
GAP;44.55;6.07;08/08/2026;15:00;35.6;0;SOLEIL;3;0;0
GAP;44.55;6.07;08/08/2026;16:00;35.6;0;SOLEIL;3;0;0
GAP;44.55;6.07;08/08/2026;17:00;30.2;0;SOLEIL;2;0;0
GAP;44.55;6.07;08/08/2026;18:00;30.2;0;SOLEIL;2;0;0
GAP;44.55;6.07;08/08/2026;19:00;30.2;0;SOLEIL;2;0;0
GAP;44.55;6.07;08/08/2026;20:00;24.9;0;SOLEIL;3;0;0
GAP;44.55;6.07;08/08/2026;21:00;24.9;0;SOLEIL;3;0;0
GAP;44.55;6.07;08/08/2026;22:00;24.9;0;SOLEIL;3;0;0
GAP;44.55;6.07;08/08/2026;23:00;21.5;0;SOLEIL;0;0;0
GAP;44.55;6.07;09/08/2026;00:00;21.5;0;SOLEIL;0;0;0
GAP;44.55;6.07;09/08/2026;01:00;21.5;0;SOLEIL;0;0;0
GAP;44.55;6.07;09/08/2026;02:00;19.4;0;SOLEIL;1;0;0
GAP;44.55;6.07;09/08/2026;03:00;19.4;0;SOLEIL;1;0;0
GAP;44.55;6.07;09/08/2026;04:00;19.4;0;SOLEIL;1;0;0
GAP;44.55;6.07;09/08/2026;05:00;22.1;0;SOLEIL;1;0;0
GAP;44.55;6.07;09/08/2026;06:00;22.1;0;SOLEIL;1;0;0
GAP;44.55;6.07;09/08/2026;07:00;22.1;0;SOLEIL;1;0;0
GAP;44.55;6.07;09/08/2026;08:00;27.6;0;SOLEIL;1;0;0
GAP;44.55;6.07;09/08/2026;09:00;27.6;0;SOLEIL;1;0;0
GAP;44.55;6.07;09/08/2026;10:00;27.6;0;SOLEIL;1;0;0
GAP;44.55;6.07;09/08/2026;11:00;33.1;0;SOLEIL;3;0;0
GAP;44.55;6.07;09/08/2026;12:00;33.1;0;SOLEIL;3;0;0
GAP;44.55;6.07;09/08/2026;13:00;33.1;0;SOLEIL;3;0;0
GAP;44.55;6.07;09/08/2026;14:00;30.2;10;ORAGEUX;3;0;0
GAP;44.55;6.07;09/08/2026;15:00;30.2;10;ORAGEUX;3;0;0
GAP;44.55;6.07;09/08/2026;16:00;30.2;10;ORAGEUX;3;0;0
GAP;44.55;6.07;09/08/2026;17:00;26.9;10;ORAGEUX;3;0;0
GAP;44.55;6.07;09/08/2026;18:00;26.9;10;ORAGEUX;3;0;0
GAP;44.55;6.07;09/08/2026;19:00;26.9;10;ORAGEUX;3;0;0
GAP;44.55;6.07;09/08/2026;20:00;25.5;0;SOLEIL;5;0;0
GAP;44.55;6.07;09/08/2026;21:00;23.4;0;SOLEIL;5;0;0
GAP;44.55;6.07;09/08/2026;22:00;21.3;0;SOLEIL;5;0;0
GAP;44.55;6.07;09/08/2026;23:00;21.2;0;SOLEIL;0;0;0
GAP;44.55;6.07;10/08/2026;00:00;21.2;0;SOLEIL;0;0;0
GAP;44.55;6.07;10/08/2026;01:00;21.2;0;SOLEIL;0;0;0
GAP;44.55;6.07;10/08/2026;02:00;18.7;10;ORAGEUX;5;0;0
GAP;44.55;6.07;10/08/2026;03:00;18.7;10;ORAGEUX;5;0;0
GAP;44.55;6.07;10/08/2026;04:00;18.7;10;ORAGEUX;5;0;0
GAP;44.55;6.07;10/08/2026;05:00;21.2;0;SOLEIL;1;0;0
GAP;44.55;6.07;10/08/2026;06:00;21.2;0;SOLEIL;1;0;0
GAP;44.55;6.07;10/08/2026;07:00;21.2;0;SOLEIL;1;0;0
GAP;44.55;6.07;10/08/2026;08:00;22.0;10;ORAGEUX;5;0;0
GAP;44.55;6.07;10/08/2026;09:00;23.6;10;ORAGEUX;5;0;0
GAP;44.55;6.07;10/08/2026;10:00;25.3;10;ORAGEUX;5;0;0
GAP;44.55;6.07;10/08/2026;11:00;32.6;6;AVERSES;3;0;0
GAP;44.55;6.07;10/08/2026;12:00;32.6;6;AVERSES;3;0;0
GAP;44.55;6.07;10/08/2026;13:00;32.6;6;AVERSES;3;0;0
GAP;44.55;6.07;10/08/2026;14:00;31.9;10;ORAGEUX;5;0;0
GAP;44.55;6.07;10/08/2026;15:00;33.5;10;ORAGEUX;5;0;0
GAP;44.55;6.07;10/08/2026;16:00;31.9;10;ORAGEUX;5;0;0
GAP;44.55;6.07;10/08/2026;17:00;26.4;6;AVERSES;1;0;0
GAP;44.55;6.07;10/08/2026;18:00;26.4;6;AVERSES;1;0;0
GAP;44.55;6.07;10/08/2026;19:00;26.4;6;AVERSES;1;0;0
GAP;44.55;6.07;10/08/2026;20:00;25.3;10;ORAGEUX;5;0;0
GAP;44.55;6.07;10/08/2026;21:00;23.6;10;ORAGEUX;5;0;0
GAP;44.55;6.07;10/08/2026;22:00;22.0;10;ORAGEUX;5;0;0
GAP;44.55;6.07;10/08/2026;23:00;21.1;0;SOLEIL;1;0;0
GAP;44.55;6.07;11/08/2026;00:00;21.1;0;SOLEIL;1;0;0
GAP;44.55;6.07;11/08/2026;01:00;21.1;0;SOLEIL;1;0;0
GAP;44.55;6.07;11/08/2026;02:00;19.1;0;SOLEIL;5;0;0
GAP;44.55;6.07;11/08/2026;03:00;19.1;0;SOLEIL;5;0;0
GAP;44.55;6.07;11/08/2026;04:00;19.1;0;SOLEIL;5;0;0
GAP;44.55;6.07;11/08/2026;05:00;20.9;0;SOLEIL;1;0;0
GAP;44.55;6.07;11/08/2026;06:00;20.9;0;SOLEIL;1;0;0
GAP;44.55;6.07;11/08/2026;07:00;20.9;0;SOLEIL;1;0;0
GAP;44.55;6.07;11/08/2026;08:00;22.3;0;SOLEIL;5;0;0
GAP;44.55;6.07;11/08/2026;09:00;24.0;0;SOLEIL;5;0;0
GAP;44.55;6.07;11/08/2026;10:00;25.6;0;SOLEIL;5;0;0
GAP;44.55;6.07;11/08/2026;11:00;33.9;0;SOLEIL;2;0;0
GAP;44.55;6.07;11/08/2026;12:00;33.9;0;SOLEIL;2;0;0
GAP;44.55;6.07;11/08/2026;13:00;33.9;0;SOLEIL;2;0;0
GAP;44.55;6.07;11/08/2026;14:00;32.1;0;SOLEIL;5;0;0
GAP;44.55;6.07;11/08/2026;15:00;33.7;0;SOLEIL;5;0;0
GAP;44.55;6.07;11/08/2026;16:00;32.1;0;SOLEIL;5;0;0
GAP;44.55;6.07;11/08/2026;17:00;27.1;0;SOLEIL;1;0;0
GAP;44.55;6.07;11/08/2026;18:00;27.1;0;SOLEIL;1;0;0
GAP;44.55;6.07;11/08/2026;19:00;27.1;0;SOLEIL;1;0;0
GAP;44.55;6.07;11/08/2026;20:00;25.6;0;SOLEIL;5;0;0
GAP;44.55;6.07;11/08/2026;21:00;24.0;0;SOLEIL;5;0;0
GAP;44.55;6.07;11/08/2026;22:00;22.3;0;SOLEIL;5;0;0
GAP;44.55;6.07;11/08/2026;23:00;22.2;0;SOLEIL;1;0;0
GAP;44.55;6.07;12/08/2026;00:00;22.2;0;SOLEIL;1;0;0
GAP;44.55;6.07;12/08/2026;01:00;22.2;0;SOLEIL;1;0;0
GAP;44.55;6.07;12/08/2026;02:00;18.6;0;SOLEIL;5;0;0
GAP;44.55;6.07;12/08/2026;03:00;18.6;0;SOLEIL;5;0;0
GAP;44.55;6.07;12/08/2026;04:00;18.6;0;SOLEIL;5;0;0
GAP;44.55;6.07;12/08/2026;05:00;21.7;0;SOLEIL;1;0;0
GAP;44.55;6.07;12/08/2026;06:00;21.7;0;SOLEIL;1;0;0
GAP;44.55;6.07;12/08/2026;07:00;21.7;0;SOLEIL;1;0;0
GAP;44.55;6.07;12/08/2026;08:00;22.4;0;SOLEIL;5;0;0
GAP;44.55;6.07;12/08/2026;09:00;24.3;0;SOLEIL;5;0;0
GAP;44.55;6.07;12/08/2026;10:00;26.2;0;SOLEIL;5;0;0
GAP;44.55;6.07;12/08/2026;11:00;33.6;0;SOLEIL;2;0;0
GAP;44.55;6.07;12/08/2026;12:00;33.6;0;SOLEIL;2;0;0
GAP;44.55;6.07;12/08/2026;13:00;33.6;0;SOLEIL;2;0;0
GAP;44.55;6.07;12/08/2026;14:00;33.8;0;SOLEIL;5;0;0
GAP;44.55;6.07;12/08/2026;15:00;35.7;0;SOLEIL;5;0;0
GAP;44.55;6.07;12/08/2026;16:00;33.8;0;SOLEIL;5;0;0
GAP;44.55;6.07;12/08/2026;17:00;26.7;0;SOLEIL;1;0;0
GAP;44.55;6.07;12/08/2026;18:00;26.7;0;SOLEIL;1;0;0
GAP;44.55;6.07;12/08/2026;19:00;26.7;0;SOLEIL;1;0;0
GAP;44.55;6.07;12/08/2026;20:00;26.2;0;SOLEIL;5;0;0
GAP;44.55;6.07;12/08/2026;21:00;24.3;0;SOLEIL;5;0;0
GAP;44.55;6.07;12/08/2026;22:00;22.4;0;SOLEIL;5;0;0
GAP;44.55;6.07;12/08/2026;23:00;23;0;SOLEIL;1;0;0
GAP;44.55;6.07;13/08/2026;00:00;23;0;SOLEIL;1;0;0
GAP;44.55;6.07;13/08/2026;01:00;23;0;SOLEIL;1;0;0
GAP;44.55;6.07;13/08/2026;02:00;19.6;0;SOLEIL;5;0;0
GAP;44.55;6.07;13/08/2026;03:00;19.6;0;SOLEIL;5;0;0
GAP;44.55;6.07;13/08/2026;04:00;19.6;0;SOLEIL;5;0;0
GAP;44.55;6.07;13/08/2026;05:00;22;0;SOLEIL;1;0;0
GAP;44.55;6.07;13/08/2026;06:00;22;0;SOLEIL;1;0;0
GAP;44.55;6.07;13/08/2026;07:00;22;0;SOLEIL;1;0;0
GAP;44.55;6.07;13/08/2026;08:00;22.9;0;SOLEIL;5;0;0
GAP;44.55;6.07;13/08/2026;09:00;24.5;0;SOLEIL;5;0;0
GAP;44.55;6.07;13/08/2026;10:00;26.2;0;SOLEIL;5;0;0
GAP;44.55;6.07;13/08/2026;11:00;34.1;0;SOLEIL;2;0;0
GAP;44.55;6.07;13/08/2026;12:00;34.1;0;SOLEIL;2;0;0
GAP;44.55;6.07;13/08/2026;13:00;34.1;0;SOLEIL;2;0;0
GAP;44.55;6.07;13/08/2026;14:00;32.8;0;SOLEIL;5;0;0
GAP;44.55;6.07;13/08/2026;15:00;34.4;0;SOLEIL;5;0;0
GAP;44.55;6.07;13/08/2026;16:00;32.8;0;SOLEIL;5;0;0
GAP;44.55;6.07;13/08/2026;17:00;27.7;6;AVERSES;1;0;0
GAP;44.55;6.07;13/08/2026;18:00;27.7;6;AVERSES;1;0;0
GAP;44.55;6.07;13/08/2026;19:00;27.7;6;AVERSES;1;0;0
GAP;44.55;6.07;13/08/2026;20:00;26.2;0;SOLEIL;5;0;0
GAP;44.55;6.07;13/08/2026;21:00;24.5;0;SOLEIL;5;0;0
GAP;44.55;6.07;13/08/2026;22:00;22.9;0;SOLEIL;5;0;0
GAP;44.55;6.07;13/08/2026;23:00;22.9;0;SOLEIL;1;0;0
GAP;44.55;6.07;14/08/2026;00:00;22.9;0;SOLEIL;1;0;0
GAP;44.55;6.07;14/08/2026;01:00;22.9;0;SOLEIL;1;0;0
GAP;44.55;6.07;14/08/2026;02:00;20;0;SOLEIL;5;0;0
GAP;44.55;6.07;14/08/2026;03:00;20;0;SOLEIL;5;0;0
GAP;44.55;6.07;14/08/2026;04:00;20;0;SOLEIL;5;0;0
GAP;44.55;6.07;14/08/2026;05:00;21.6;0;SOLEIL;1;0;0
GAP;44.55;6.07;14/08/2026;06:00;21.6;0;SOLEIL;1;0;0
GAP;44.55;6.07;14/08/2026;07:00;21.6;0;SOLEIL;1;0;0
GAP;44.55;6.07;14/08/2026;08:00;23.4;0;SOLEIL;5;0;0
GAP;44.55;6.07;14/08/2026;09:00;25.0;0;SOLEIL;5;0;0
GAP;44.55;6.07;14/08/2026;10:00;26.7;0;SOLEIL;5;0;0
GAP;44.55;6.07;14/08/2026;11:00;31.6;0;SOLEIL;2;0;0
GAP;44.55;6.07;14/08/2026;12:00;31.6;0;SOLEIL;2;0;0
GAP;44.55;6.07;14/08/2026;13:00;31.6;0;SOLEIL;2;0;0
GAP;44.55;6.07;14/08/2026;14:00;33.4;0;SOLEIL;5;0;0
GAP;44.55;6.07;14/08/2026;15:00;35.1;0;SOLEIL;5;0;0
GAP;44.55;6.07;14/08/2026;16:00;33.4;0;SOLEIL;5;0;0
GAP;44.55;6.07;14/08/2026;17:00;26.6;6;AVERSES;1;0;0
GAP;44.55;6.07;14/08/2026;18:00;26.6;6;AVERSES;1;0;0
GAP;44.55;6.07;14/08/2026;19:00;26.6;6;AVERSES;1;0;0
GAP;44.55;6.07;14/08/2026;20:00;26.7;0;SOLEIL;5;0;0
GAP;44.55;6.07;14/08/2026;21:00;25.0;0;SOLEIL;5;0;0
GAP;44.55;6.07;14/08/2026;22:00;23.4;0;SOLEIL;5;0;0
GAP;44.55;6.07;14/08/2026;23:00;21.6;0;SOLEIL;1;0;0
GAP;44.55;6.07;15/08/2026;00:00;21.6;0;SOLEIL;1;0;0
GAP;44.55;6.07;15/08/2026;01:00;21.6;0;SOLEIL;1;0;0
GAP;44.55;6.07;15/08/2026;02:00;19.9;0;SOLEIL;5;0;0
GAP;44.55;6.07;15/08/2026;03:00;19.9;0;SOLEIL;5;0;0
GAP;44.55;6.07;15/08/2026;04:00;19.9;0;SOLEIL;5;0;0
GAP;44.55;6.07;15/08/2026;05:00;21.6;0;SOLEIL;1;0;0
GAP;44.55;6.07;15/08/2026;06:00;21.6;0;SOLEIL;1;0;0
GAP;44.55;6.07;15/08/2026;07:00;21.6;0;SOLEIL;1;0;0
GAP;44.55;6.07;15/08/2026;08:00;22.7;0;SOLEIL;5;0;0
GAP;44.55;6.07;15/08/2026;09:00;24.2;0;SOLEIL;5;0;0
GAP;44.55;6.07;15/08/2026;10:00;25.6;0;SOLEIL;5;0;0
GAP;44.55;6.07;15/08/2026;11:00;30.1;0;SOLEIL;3;0;0
GAP;44.55;6.07;15/08/2026;12:00;30.1;0;SOLEIL;3;0;0
GAP;44.55;6.07;15/08/2026;13:00;30.1;0;SOLEIL;3;0;0
GAP;44.55;6.07;15/08/2026;14:00;31.3;0;SOLEIL;5;0;0
GAP;44.55;6.07;15/08/2026;15:00;32.7;0;SOLEIL;5;0;0
GAP;44.55;6.07;15/08/2026;16:00;31.3;0;SOLEIL;5;0;0
GAP;44.55;6.07;15/08/2026;17:00;25.6;6;AVERSES;2;0;0
GAP;44.55;6.07;15/08/2026;18:00;25.6;6;AVERSES;2;0;0
GAP;44.55;6.07;15/08/2026;19:00;25.6;6;AVERSES;2;0;0
GAP;44.55;6.07;15/08/2026;20:00;25.6;0;SOLEIL;5;0;0
GAP;44.55;6.07;15/08/2026;21:00;24.2;0;SOLEIL;5;0;0
GAP;44.55;6.07;15/08/2026;22:00;22.7;0;SOLEIL;5;0;0
GAP;44.55;6.07;15/08/2026;23:00;21.1;0;SOLEIL;1;0;0
PERPIGNAN;42.69;2.89;08/08/2026;00:00;27.7;0;SOLEIL;2;0;0
PERPIGNAN;42.69;2.89;08/08/2026;01:00;27.7;0;SOLEIL;2;0;0
PERPIGNAN;42.69;2.89;08/08/2026;02:00;25.6;0;SOLEIL;1;0;0
PERPIGNAN;42.69;2.89;08/08/2026;03:00;25.6;0;SOLEIL;1;0;0
PERPIGNAN;42.69;2.89;08/08/2026;04:00;25.6;0;SOLEIL;1;0;0
PERPIGNAN;42.69;2.89;08/08/2026;05:00;26.6;0;SOLEIL;1;0;0
PERPIGNAN;42.69;2.89;08/08/2026;06:00;26.6;0;SOLEIL;1;0;0
PERPIGNAN;42.69;2.89;08/08/2026;07:00;26.6;0;SOLEIL;1;0;0
PERPIGNAN;42.69;2.89;08/08/2026;08:00;32.4;0;SOLEIL;3;0;0
PERPIGNAN;42.69;2.89;08/08/2026;09:00;32.4;0;SOLEIL;3;0;0
PERPIGNAN;42.69;2.89;08/08/2026;10:00;32.4;0;SOLEIL;3;0;0
PERPIGNAN;42.69;2.89;08/08/2026;11:00;33;0;SOLEIL;5;0;0
PERPIGNAN;42.69;2.89;08/08/2026;12:00;33;0;SOLEIL;5;0;0
PERPIGNAN;42.69;2.89;08/08/2026;13:00;33;0;SOLEIL;5;0;0
PERPIGNAN;42.69;2.89;08/08/2026;14:00;32;5;SOLEIL VOILÉ;6;12;0
PERPIGNAN;42.69;2.89;08/08/2026;15:00;32;5;SOLEIL VOILÉ;6;12;0
PERPIGNAN;42.69;2.89;08/08/2026;16:00;32;5;SOLEIL VOILÉ;6;12;0
PERPIGNAN;42.69;2.89;08/08/2026;17:00;28.4;5;SOLEIL VOILÉ;3;0;0
PERPIGNAN;42.69;2.89;08/08/2026;18:00;28.4;5;SOLEIL VOILÉ;3;0;0
PERPIGNAN;42.69;2.89;08/08/2026;19:00;28.4;5;SOLEIL VOILÉ;3;0;0
PERPIGNAN;42.69;2.89;08/08/2026;20:00;26.6;0;SOLEIL;2;0;0
PERPIGNAN;42.69;2.89;08/08/2026;21:00;26.6;0;SOLEIL;2;0;0
PERPIGNAN;42.69;2.89;08/08/2026;22:00;26.6;0;SOLEIL;2;0;0
PERPIGNAN;42.69;2.89;08/08/2026;23:00;26.6;0;SOLEIL;3;0;0
PERPIGNAN;42.69;2.89;09/08/2026;00:00;26.6;0;SOLEIL;3;0;0
PERPIGNAN;42.69;2.89;09/08/2026;01:00;26.6;0;SOLEIL;3;0;0
PERPIGNAN;42.69;2.89;09/08/2026;02:00;25.6;0;SOLEIL;3;0;0
PERPIGNAN;42.69;2.89;09/08/2026;03:00;25.6;0;SOLEIL;3;0;0
PERPIGNAN;42.69;2.89;09/08/2026;04:00;25.6;0;SOLEIL;3;0;0
PERPIGNAN;42.69;2.89;09/08/2026;05:00;25.6;2;NUAGEUX;2;0;0
PERPIGNAN;42.69;2.89;09/08/2026;06:00;25.6;2;NUAGEUX;2;0;0
PERPIGNAN;42.69;2.89;09/08/2026;07:00;25.6;2;NUAGEUX;2;0;0
PERPIGNAN;42.69;2.89;09/08/2026;08:00;29.7;0;SOLEIL;2;0;0
PERPIGNAN;42.69;2.89;09/08/2026;09:00;29.7;0;SOLEIL;2;0;0
PERPIGNAN;42.69;2.89;09/08/2026;10:00;29.7;0;SOLEIL;2;0;0
PERPIGNAN;42.69;2.89;09/08/2026;11:00;31.2;0;SOLEIL;5;0;0
PERPIGNAN;42.69;2.89;09/08/2026;12:00;31.2;0;SOLEIL;5;0;0
PERPIGNAN;42.69;2.89;09/08/2026;13:00;31.2;0;SOLEIL;5;0;0
PERPIGNAN;42.69;2.89;09/08/2026;14:00;30.6;10;ORAGEUX;4;0;0
PERPIGNAN;42.69;2.89;09/08/2026;15:00;30.6;10;ORAGEUX;4;0;0
PERPIGNAN;42.69;2.89;09/08/2026;16:00;30.6;10;ORAGEUX;4;0;0
PERPIGNAN;42.69;2.89;09/08/2026;17:00;28.4;10;ORAGEUX;4;0;0
PERPIGNAN;42.69;2.89;09/08/2026;18:00;28.4;10;ORAGEUX;4;0;0
PERPIGNAN;42.69;2.89;09/08/2026;19:00;28.4;10;ORAGEUX;4;0;0
PERPIGNAN;42.69;2.89;09/08/2026;20:00;28.2;0;SOLEIL;5;0;0
PERPIGNAN;42.69;2.89;09/08/2026;21:00;27.1;0;SOLEIL;5;0;0
PERPIGNAN;42.69;2.89;09/08/2026;22:00;25.9;0;SOLEIL;5;0;0
PERPIGNAN;42.69;2.89;09/08/2026;23:00;25.7;0;SOLEIL;2;0;0
PERPIGNAN;42.69;2.89;10/08/2026;00:00;25.7;0;SOLEIL;2;0;0
PERPIGNAN;42.69;2.89;10/08/2026;01:00;25.7;0;SOLEIL;2;0;0
PERPIGNAN;42.69;2.89;10/08/2026;02:00;25;10;ORAGEUX;5;0;0
PERPIGNAN;42.69;2.89;10/08/2026;03:00;25;10;ORAGEUX;5;0;0
PERPIGNAN;42.69;2.89;10/08/2026;04:00;25;10;ORAGEUX;5;0;0
PERPIGNAN;42.69;2.89;10/08/2026;05:00;25.9;0;SOLEIL;2;0;0
PERPIGNAN;42.69;2.89;10/08/2026;06:00;25.9;0;SOLEIL;2;0;0
PERPIGNAN;42.69;2.89;10/08/2026;07:00;25.9;0;SOLEIL;2;0;0
PERPIGNAN;42.69;2.89;10/08/2026;08:00;26.7;10;ORAGEUX;5;0;0
PERPIGNAN;42.69;2.89;10/08/2026;09:00;27.6;10;ORAGEUX;5;0;0
PERPIGNAN;42.69;2.89;10/08/2026;10:00;28.4;10;ORAGEUX;5;0;0
PERPIGNAN;42.69;2.89;10/08/2026;11:00;31.1;0;SOLEIL;4;0;0
PERPIGNAN;42.69;2.89;10/08/2026;12:00;31.1;0;SOLEIL;4;0;0
PERPIGNAN;42.69;2.89;10/08/2026;13:00;31.1;0;SOLEIL;4;0;0
PERPIGNAN;42.69;2.89;10/08/2026;14:00;31.8;10;ORAGEUX;5;0;0
PERPIGNAN;42.69;2.89;10/08/2026;15:00;32.7;10;ORAGEUX;5;0;0
PERPIGNAN;42.69;2.89;10/08/2026;16:00;31.8;10;ORAGEUX;5;0;0
PERPIGNAN;42.69;2.89;10/08/2026;17:00;29.1;2;NUAGEUX;3;0;0
PERPIGNAN;42.69;2.89;10/08/2026;18:00;29.1;2;NUAGEUX;3;0;0
PERPIGNAN;42.69;2.89;10/08/2026;19:00;29.1;2;NUAGEUX;3;0;0
PERPIGNAN;42.69;2.89;10/08/2026;20:00;28.4;10;ORAGEUX;5;0;0
PERPIGNAN;42.69;2.89;10/08/2026;21:00;27.6;10;ORAGEUX;5;0;0
PERPIGNAN;42.69;2.89;10/08/2026;22:00;26.7;10;ORAGEUX;5;0;0
PERPIGNAN;42.69;2.89;10/08/2026;23:00;27.1;0;SOLEIL;2;0;0
PERPIGNAN;42.69;2.89;11/08/2026;00:00;27.1;0;SOLEIL;2;0;0
PERPIGNAN;42.69;2.89;11/08/2026;01:00;27.1;0;SOLEIL;2;0;0
PERPIGNAN;42.69;2.89;11/08/2026;02:00;24.4;0;SOLEIL;5;0;0
PERPIGNAN;42.69;2.89;11/08/2026;03:00;24.4;0;SOLEIL;5;0;0
PERPIGNAN;42.69;2.89;11/08/2026;04:00;24.4;0;SOLEIL;5;0;0
PERPIGNAN;42.69;2.89;11/08/2026;05:00;26.1;0;SOLEIL;2;0;0
PERPIGNAN;42.69;2.89;11/08/2026;06:00;26.1;0;SOLEIL;2;0;0
PERPIGNAN;42.69;2.89;11/08/2026;07:00;26.1;0;SOLEIL;2;0;0
PERPIGNAN;42.69;2.89;11/08/2026;08:00;26.1;0;SOLEIL;5;0;0
PERPIGNAN;42.69;2.89;11/08/2026;09:00;27.0;0;SOLEIL;5;0;0
PERPIGNAN;42.69;2.89;11/08/2026;10:00;27.8;0;SOLEIL;5;0;0
PERPIGNAN;42.69;2.89;11/08/2026;11:00;31.5;0;SOLEIL;4;0;0
PERPIGNAN;42.69;2.89;11/08/2026;12:00;31.5;0;SOLEIL;4;0;0
PERPIGNAN;42.69;2.89;11/08/2026;13:00;31.5;0;SOLEIL;4;0;0
PERPIGNAN;42.69;2.89;11/08/2026;14:00;31.2;0;SOLEIL;5;0;0
PERPIGNAN;42.69;2.89;11/08/2026;15:00;32.1;0;SOLEIL;5;0;0
PERPIGNAN;42.69;2.89;11/08/2026;16:00;31.2;0;SOLEIL;5;0;0
PERPIGNAN;42.69;2.89;11/08/2026;17:00;30.6;0;SOLEIL;4;0;0
PERPIGNAN;42.69;2.89;11/08/2026;18:00;30.6;0;SOLEIL;4;0;0
PERPIGNAN;42.69;2.89;11/08/2026;19:00;30.6;0;SOLEIL;4;0;0
PERPIGNAN;42.69;2.89;11/08/2026;20:00;27.8;0;SOLEIL;5;0;0
PERPIGNAN;42.69;2.89;11/08/2026;21:00;27.0;0;SOLEIL;5;0;0
PERPIGNAN;42.69;2.89;11/08/2026;22:00;26.1;0;SOLEIL;5;0;0
PERPIGNAN;42.69;2.89;11/08/2026;23:00;26.9;0;SOLEIL;2;0;0
PERPIGNAN;42.69;2.89;12/08/2026;00:00;26.9;0;SOLEIL;2;0;0
PERPIGNAN;42.69;2.89;12/08/2026;01:00;26.9;0;SOLEIL;2;0;0
PERPIGNAN;42.69;2.89;12/08/2026;02:00;24.4;0;SOLEIL;5;0;0
PERPIGNAN;42.69;2.89;12/08/2026;03:00;24.4;0;SOLEIL;5;0;0
PERPIGNAN;42.69;2.89;12/08/2026;04:00;24.4;0;SOLEIL;5;0;0
PERPIGNAN;42.69;2.89;12/08/2026;05:00;26.6;0;SOLEIL;2;0;0
PERPIGNAN;42.69;2.89;12/08/2026;06:00;26.6;0;SOLEIL;2;0;0
PERPIGNAN;42.69;2.89;12/08/2026;07:00;26.6;0;SOLEIL;2;0;0
PERPIGNAN;42.69;2.89;12/08/2026;08:00;26.2;0;SOLEIL;5;0;0
PERPIGNAN;42.69;2.89;12/08/2026;09:00;27.1;0;SOLEIL;5;0;0
PERPIGNAN;42.69;2.89;12/08/2026;10:00;28.0;0;SOLEIL;5;0;0
PERPIGNAN;42.69;2.89;12/08/2026;11:00;31.6;6;AVERSES;4;0;0
PERPIGNAN;42.69;2.89;12/08/2026;12:00;31.6;6;AVERSES;4;0;0
PERPIGNAN;42.69;2.89;12/08/2026;13:00;31.6;6;AVERSES;4;0;0
PERPIGNAN;42.69;2.89;12/08/2026;14:00;31.7;0;SOLEIL;5;0;0
PERPIGNAN;42.69;2.89;12/08/2026;15:00;32.6;0;SOLEIL;5;0;0
PERPIGNAN;42.69;2.89;12/08/2026;16:00;31.7;0;SOLEIL;5;0;0
PERPIGNAN;42.69;2.89;12/08/2026;17:00;28.6;6;AVERSES;3;0;0
PERPIGNAN;42.69;2.89;12/08/2026;18:00;28.6;6;AVERSES;3;0;0
PERPIGNAN;42.69;2.89;12/08/2026;19:00;28.6;6;AVERSES;3;0;0
PERPIGNAN;42.69;2.89;12/08/2026;20:00;28.0;0;SOLEIL;5;0;0
PERPIGNAN;42.69;2.89;12/08/2026;21:00;27.1;0;SOLEIL;5;0;0
PERPIGNAN;42.69;2.89;12/08/2026;22:00;26.2;0;SOLEIL;5;0;0
PERPIGNAN;42.69;2.89;12/08/2026;23:00;26.1;0;SOLEIL;2;0;0
PERPIGNAN;42.69;2.89;13/08/2026;00:00;26.1;0;SOLEIL;2;0;0
PERPIGNAN;42.69;2.89;13/08/2026;01:00;26.1;0;SOLEIL;2;0;0
PERPIGNAN;42.69;2.89;13/08/2026;02:00;24.9;6;AVERSES;5;0;0
PERPIGNAN;42.69;2.89;13/08/2026;03:00;24.9;6;AVERSES;5;0;0
PERPIGNAN;42.69;2.89;13/08/2026;04:00;24.9;6;AVERSES;5;0;0
PERPIGNAN;42.69;2.89;13/08/2026;05:00;26.1;0;SOLEIL;2;0;0
PERPIGNAN;42.69;2.89;13/08/2026;06:00;26.1;0;SOLEIL;2;0;0
PERPIGNAN;42.69;2.89;13/08/2026;07:00;26.1;0;SOLEIL;2;0;0
PERPIGNAN;42.69;2.89;13/08/2026;08:00;26.6;6;AVERSES;5;0;0
PERPIGNAN;42.69;2.89;13/08/2026;09:00;27.4;6;AVERSES;5;0;0
PERPIGNAN;42.69;2.89;13/08/2026;10:00;28.3;6;AVERSES;5;0;0
PERPIGNAN;42.69;2.89;13/08/2026;11:00;31.6;0;SOLEIL;4;0;0
PERPIGNAN;42.69;2.89;13/08/2026;12:00;31.6;0;SOLEIL;4;0;0
PERPIGNAN;42.69;2.89;13/08/2026;13:00;31.6;0;SOLEIL;4;0;0
PERPIGNAN;42.69;2.89;13/08/2026;14:00;31.7;6;AVERSES;5;0;0
PERPIGNAN;42.69;2.89;13/08/2026;15:00;32.5;6;AVERSES;5;0;0
PERPIGNAN;42.69;2.89;13/08/2026;16:00;31.7;6;AVERSES;5;0;0
PERPIGNAN;42.69;2.89;13/08/2026;17:00;30;0;SOLEIL;2;0;0
PERPIGNAN;42.69;2.89;13/08/2026;18:00;30;0;SOLEIL;2;0;0
PERPIGNAN;42.69;2.89;13/08/2026;19:00;30;0;SOLEIL;2;0;0
PERPIGNAN;42.69;2.89;13/08/2026;20:00;28.3;6;AVERSES;5;0;0
PERPIGNAN;42.69;2.89;13/08/2026;21:00;27.4;6;AVERSES;5;0;0
PERPIGNAN;42.69;2.89;13/08/2026;22:00;26.6;6;AVERSES;5;0;0
PERPIGNAN;42.69;2.89;13/08/2026;23:00;27.6;0;SOLEIL;3;0;0
PERPIGNAN;42.69;2.89;14/08/2026;00:00;27.6;0;SOLEIL;3;0;0
PERPIGNAN;42.69;2.89;14/08/2026;01:00;27.6;0;SOLEIL;3;0;0
PERPIGNAN;42.69;2.89;14/08/2026;02:00;24.1;0;SOLEIL;5;0;0
PERPIGNAN;42.69;2.89;14/08/2026;03:00;24.1;0;SOLEIL;5;0;0
PERPIGNAN;42.69;2.89;14/08/2026;04:00;24.1;0;SOLEIL;5;0;0
PERPIGNAN;42.69;2.89;14/08/2026;05:00;27.9;0;SOLEIL;4;0;0
PERPIGNAN;42.69;2.89;14/08/2026;06:00;27.9;0;SOLEIL;4;0;0
PERPIGNAN;42.69;2.89;14/08/2026;07:00;27.9;0;SOLEIL;4;0;0
PERPIGNAN;42.69;2.89;14/08/2026;08:00;26.1;0;SOLEIL;5;0;0
PERPIGNAN;42.69;2.89;14/08/2026;09:00;27.1;0;SOLEIL;5;0;0
PERPIGNAN;42.69;2.89;14/08/2026;10:00;28.1;0;SOLEIL;5;0;0
PERPIGNAN;42.69;2.89;14/08/2026;11:00;33.7;0;SOLEIL;4;0;0
PERPIGNAN;42.69;2.89;14/08/2026;12:00;33.7;0;SOLEIL;4;0;0
PERPIGNAN;42.69;2.89;14/08/2026;13:00;33.7;0;SOLEIL;4;0;0
PERPIGNAN;42.69;2.89;14/08/2026;14:00;32.1;0;SOLEIL;5;0;0
PERPIGNAN;42.69;2.89;14/08/2026;15:00;33.1;0;SOLEIL;5;0;0
PERPIGNAN;42.69;2.89;14/08/2026;16:00;32.1;0;SOLEIL;5;0;0
PERPIGNAN;42.69;2.89;14/08/2026;17:00;33;2;NUAGEUX;2;0;0
PERPIGNAN;42.69;2.89;14/08/2026;18:00;33;2;NUAGEUX;2;0;0
PERPIGNAN;42.69;2.89;14/08/2026;19:00;33;2;NUAGEUX;2;0;0
PERPIGNAN;42.69;2.89;14/08/2026;20:00;28.1;0;SOLEIL;5;0;0
PERPIGNAN;42.69;2.89;14/08/2026;21:00;27.1;0;SOLEIL;5;0;0
PERPIGNAN;42.69;2.89;14/08/2026;22:00;26.1;0;SOLEIL;5;0;0
PERPIGNAN;42.69;2.89;14/08/2026;23:00;29.7;2;NUAGEUX;5;0;0
PERPIGNAN;42.69;2.89;15/08/2026;00:00;29.7;2;NUAGEUX;5;0;0
PERPIGNAN;42.69;2.89;15/08/2026;01:00;29.7;2;NUAGEUX;5;0;0
PERPIGNAN;42.69;2.89;15/08/2026;02:00;25.4;2;NUAGEUX;5;0;0
PERPIGNAN;42.69;2.89;15/08/2026;03:00;25.4;2;NUAGEUX;5;0;0
PERPIGNAN;42.69;2.89;15/08/2026;04:00;25.4;2;NUAGEUX;5;0;0
PERPIGNAN;42.69;2.89;15/08/2026;05:00;28;0;SOLEIL;5;0;0
PERPIGNAN;42.69;2.89;15/08/2026;06:00;28;0;SOLEIL;5;0;0
PERPIGNAN;42.69;2.89;15/08/2026;07:00;28;0;SOLEIL;5;0;0
PERPIGNAN;42.69;2.89;15/08/2026;08:00;27.6;2;NUAGEUX;5;0;0
PERPIGNAN;42.69;2.89;15/08/2026;09:00;28.8;2;NUAGEUX;5;0;0
PERPIGNAN;42.69;2.89;15/08/2026;10:00;29.9;2;NUAGEUX;5;0;0
PERPIGNAN;42.69;2.89;15/08/2026;11:00;35.6;0;SOLEIL;4;0;0
PERPIGNAN;42.69;2.89;15/08/2026;12:00;35.6;0;SOLEIL;4;0;0
PERPIGNAN;42.69;2.89;15/08/2026;13:00;35.6;0;SOLEIL;4;0;0
PERPIGNAN;42.69;2.89;15/08/2026;14:00;34.4;2;NUAGEUX;5;0;0
PERPIGNAN;42.69;2.89;15/08/2026;15:00;35.5;2;NUAGEUX;5;0;0
PERPIGNAN;42.69;2.89;15/08/2026;16:00;34.4;2;NUAGEUX;5;0;0
PERPIGNAN;42.69;2.89;15/08/2026;17:00;32.7;0;SOLEIL;5;0;0
PERPIGNAN;42.69;2.89;15/08/2026;18:00;32.7;0;SOLEIL;5;0;0
PERPIGNAN;42.69;2.89;15/08/2026;19:00;32.7;0;SOLEIL;5;0;0
PERPIGNAN;42.69;2.89;15/08/2026;20:00;29.9;2;NUAGEUX;5;0;0
PERPIGNAN;42.69;2.89;15/08/2026;21:00;28.8;2;NUAGEUX;5;0;0
PERPIGNAN;42.69;2.89;15/08/2026;22:00;27.6;2;NUAGEUX;5;0;0
PERPIGNAN;42.69;2.89;15/08/2026;23:00;30.7;0;SOLEIL;5;0;0
MONTPELLIER;43.61;3.87;08/08/2026;00:00;27.6;0;SOLEIL;2;0;0
MONTPELLIER;43.61;3.87;08/08/2026;01:00;27.6;0;SOLEIL;2;0;0
MONTPELLIER;43.61;3.87;08/08/2026;02:00;26.2;0;SOLEIL;2;0;0
MONTPELLIER;43.61;3.87;08/08/2026;03:00;26.2;0;SOLEIL;2;0;0
MONTPELLIER;43.61;3.87;08/08/2026;04:00;26.2;0;SOLEIL;2;0;0
MONTPELLIER;43.61;3.87;08/08/2026;05:00;25.9;0;SOLEIL;1;0;0
MONTPELLIER;43.61;3.87;08/08/2026;06:00;25.9;0;SOLEIL;1;0;0
MONTPELLIER;43.61;3.87;08/08/2026;07:00;25.9;0;SOLEIL;1;0;0
MONTPELLIER;43.61;3.87;08/08/2026;08:00;32.4;0;SOLEIL;3;0;0
MONTPELLIER;43.61;3.87;08/08/2026;09:00;32.4;0;SOLEIL;3;0;0
MONTPELLIER;43.61;3.87;08/08/2026;10:00;32.4;0;SOLEIL;3;0;0
MONTPELLIER;43.61;3.87;08/08/2026;11:00;35.5;0;SOLEIL;4;0;0
MONTPELLIER;43.61;3.87;08/08/2026;12:00;35.5;0;SOLEIL;4;0;0
MONTPELLIER;43.61;3.87;08/08/2026;13:00;35.5;0;SOLEIL;4;0;0
MONTPELLIER;43.61;3.87;08/08/2026;14:00;34.7;0;SOLEIL;6;0;0
MONTPELLIER;43.61;3.87;08/08/2026;15:00;34.7;0;SOLEIL;6;0;0
MONTPELLIER;43.61;3.87;08/08/2026;16:00;34.7;0;SOLEIL;6;0;0
MONTPELLIER;43.61;3.87;08/08/2026;17:00;32.1;5;SOLEIL VOILÉ;4;0;0
MONTPELLIER;43.61;3.87;08/08/2026;18:00;32.1;5;SOLEIL VOILÉ;4;0;0
MONTPELLIER;43.61;3.87;08/08/2026;19:00;32.1;5;SOLEIL VOILÉ;4;0;0
MONTPELLIER;43.61;3.87;08/08/2026;20:00;29.1;5;SOLEIL VOILÉ;1;0;0
MONTPELLIER;43.61;3.87;08/08/2026;21:00;29.1;5;SOLEIL VOILÉ;1;0;0
MONTPELLIER;43.61;3.87;08/08/2026;22:00;29.1;5;SOLEIL VOILÉ;1;0;0
MONTPELLIER;43.61;3.87;08/08/2026;23:00;27.2;0;SOLEIL;2;0;0
MONTPELLIER;43.61;3.87;09/08/2026;00:00;27.2;0;SOLEIL;2;0;0
MONTPELLIER;43.61;3.87;09/08/2026;01:00;27.2;0;SOLEIL;2;0;0
MONTPELLIER;43.61;3.87;09/08/2026;02:00;26.4;0;SOLEIL;3;0;0
MONTPELLIER;43.61;3.87;09/08/2026;03:00;26.4;0;SOLEIL;3;0;0
MONTPELLIER;43.61;3.87;09/08/2026;04:00;26.4;0;SOLEIL;3;0;0
MONTPELLIER;43.61;3.87;09/08/2026;05:00;26.9;0;SOLEIL;3;0;0
MONTPELLIER;43.61;3.87;09/08/2026;06:00;26.9;0;SOLEIL;3;0;0
MONTPELLIER;43.61;3.87;09/08/2026;07:00;26.9;0;SOLEIL;3;0;0
MONTPELLIER;43.61;3.87;09/08/2026;08:00;29.5;0;SOLEIL;4;0;0
MONTPELLIER;43.61;3.87;09/08/2026;09:00;29.5;0;SOLEIL;4;0;0
MONTPELLIER;43.61;3.87;09/08/2026;10:00;29.5;0;SOLEIL;4;0;0
MONTPELLIER;43.61;3.87;09/08/2026;11:00;30.6;0;SOLEIL;5;0;0
MONTPELLIER;43.61;3.87;09/08/2026;12:00;30.6;0;SOLEIL;5;0;0
MONTPELLIER;43.61;3.87;09/08/2026;13:00;30.6;0;SOLEIL;5;0;0
MONTPELLIER;43.61;3.87;09/08/2026;14:00;29.1;0;SOLEIL;4;0;0
MONTPELLIER;43.61;3.87;09/08/2026;15:00;29.1;0;SOLEIL;4;0;0
MONTPELLIER;43.61;3.87;09/08/2026;16:00;29.1;0;SOLEIL;4;0;0
MONTPELLIER;43.61;3.87;09/08/2026;17:00;28.2;0;SOLEIL;3;0;0
MONTPELLIER;43.61;3.87;09/08/2026;18:00;28.2;0;SOLEIL;3;0;0
MONTPELLIER;43.61;3.87;09/08/2026;19:00;28.2;0;SOLEIL;3;0;0
MONTPELLIER;43.61;3.87;09/08/2026;20:00;29.7;0;SOLEIL;5;0;0
MONTPELLIER;43.61;3.87;09/08/2026;21:00;28.3;0;SOLEIL;5;0;0
MONTPELLIER;43.61;3.87;09/08/2026;22:00;27.0;0;SOLEIL;5;0;0
MONTPELLIER;43.61;3.87;09/08/2026;23:00;25.6;0;SOLEIL;2;0;0
MONTPELLIER;43.61;3.87;10/08/2026;00:00;25.6;0;SOLEIL;2;0;0
MONTPELLIER;43.61;3.87;10/08/2026;01:00;25.6;0;SOLEIL;2;0;0
MONTPELLIER;43.61;3.87;10/08/2026;02:00;25.9;0;SOLEIL;5;0;0
MONTPELLIER;43.61;3.87;10/08/2026;03:00;25.9;0;SOLEIL;5;0;0
MONTPELLIER;43.61;3.87;10/08/2026;04:00;25.9;0;SOLEIL;5;0;0
MONTPELLIER;43.61;3.87;10/08/2026;05:00;24.9;0;SOLEIL;2;0;0
MONTPELLIER;43.61;3.87;10/08/2026;06:00;24.9;0;SOLEIL;2;0;0
MONTPELLIER;43.61;3.87;10/08/2026;07:00;24.9;0;SOLEIL;2;0;0
MONTPELLIER;43.61;3.87;10/08/2026;08:00;27.2;0;SOLEIL;5;0;0
MONTPELLIER;43.61;3.87;10/08/2026;09:00;27.8;0;SOLEIL;5;0;0
MONTPELLIER;43.61;3.87;10/08/2026;10:00;28.5;0;SOLEIL;5;0;0
MONTPELLIER;43.61;3.87;10/08/2026;11:00;32.7;0;SOLEIL;3;0;0
MONTPELLIER;43.61;3.87;10/08/2026;12:00;32.7;0;SOLEIL;3;0;0
MONTPELLIER;43.61;3.87;10/08/2026;13:00;32.7;0;SOLEIL;3;0;0
MONTPELLIER;43.61;3.87;10/08/2026;14:00;31.1;0;SOLEIL;5;0;0
MONTPELLIER;43.61;3.87;10/08/2026;15:00;31.7;0;SOLEIL;5;0;0
MONTPELLIER;43.61;3.87;10/08/2026;16:00;31.1;0;SOLEIL;5;0;0
MONTPELLIER;43.61;3.87;10/08/2026;17:00;30.6;0;SOLEIL;3;0;0
MONTPELLIER;43.61;3.87;10/08/2026;18:00;30.6;0;SOLEIL;3;0;0
MONTPELLIER;43.61;3.87;10/08/2026;19:00;30.6;0;SOLEIL;3;0;0
MONTPELLIER;43.61;3.87;10/08/2026;20:00;28.5;0;SOLEIL;5;0;0
MONTPELLIER;43.61;3.87;10/08/2026;21:00;27.8;0;SOLEIL;5;0;0
MONTPELLIER;43.61;3.87;10/08/2026;22:00;27.2;0;SOLEIL;5;0;0
MONTPELLIER;43.61;3.87;10/08/2026;23:00;25.4;0;SOLEIL;2;0;0
MONTPELLIER;43.61;3.87;11/08/2026;00:00;25.4;0;SOLEIL;2;0;0
MONTPELLIER;43.61;3.87;11/08/2026;01:00;25.4;0;SOLEIL;2;0;0
MONTPELLIER;43.61;3.87;11/08/2026;02:00;23.1;0;SOLEIL;5;0;0
MONTPELLIER;43.61;3.87;11/08/2026;03:00;23.1;0;SOLEIL;5;0;0
MONTPELLIER;43.61;3.87;11/08/2026;04:00;23.1;0;SOLEIL;5;0;0
MONTPELLIER;43.61;3.87;11/08/2026;05:00;25.5;0;SOLEIL;3;0;0
MONTPELLIER;43.61;3.87;11/08/2026;06:00;25.5;0;SOLEIL;3;0;0
MONTPELLIER;43.61;3.87;11/08/2026;07:00;25.5;0;SOLEIL;3;0;0
MONTPELLIER;43.61;3.87;11/08/2026;08:00;25.4;0;SOLEIL;5;0;0
MONTPELLIER;43.61;3.87;11/08/2026;09:00;26.5;0;SOLEIL;5;0;0
MONTPELLIER;43.61;3.87;11/08/2026;10:00;27.7;0;SOLEIL;5;0;0
MONTPELLIER;43.61;3.87;11/08/2026;11:00;34.6;0;SOLEIL;4;0;0
MONTPELLIER;43.61;3.87;11/08/2026;12:00;34.6;0;SOLEIL;4;0;0
MONTPELLIER;43.61;3.87;11/08/2026;13:00;34.6;0;SOLEIL;4;0;0
MONTPELLIER;43.61;3.87;11/08/2026;14:00;32.3;0;SOLEIL;5;0;0
MONTPELLIER;43.61;3.87;11/08/2026;15:00;33.4;0;SOLEIL;5;0;0
MONTPELLIER;43.61;3.87;11/08/2026;16:00;32.3;0;SOLEIL;5;0;0
MONTPELLIER;43.61;3.87;11/08/2026;17:00;31.5;0;SOLEIL;3;0;0
MONTPELLIER;43.61;3.87;11/08/2026;18:00;31.5;0;SOLEIL;3;0;0
MONTPELLIER;43.61;3.87;11/08/2026;19:00;31.5;0;SOLEIL;3;0;0
MONTPELLIER;43.61;3.87;11/08/2026;20:00;27.7;0;SOLEIL;5;0;0
MONTPELLIER;43.61;3.87;11/08/2026;21:00;26.5;0;SOLEIL;5;0;0
MONTPELLIER;43.61;3.87;11/08/2026;22:00;25.4;0;SOLEIL;5;0;0
MONTPELLIER;43.61;3.87;11/08/2026;23:00;25.5;0;SOLEIL;0;0;0
MONTPELLIER;43.61;3.87;12/08/2026;00:00;25.5;0;SOLEIL;0;0;0
MONTPELLIER;43.61;3.87;12/08/2026;01:00;25.5;0;SOLEIL;0;0;0
MONTPELLIER;43.61;3.87;12/08/2026;02:00;22.7;0;SOLEIL;5;0;0
MONTPELLIER;43.61;3.87;12/08/2026;03:00;22.7;0;SOLEIL;5;0;0
MONTPELLIER;43.61;3.87;12/08/2026;04:00;22.7;0;SOLEIL;5;0;0
MONTPELLIER;43.61;3.87;12/08/2026;05:00;25.1;0;SOLEIL;3;0;0
MONTPELLIER;43.61;3.87;12/08/2026;06:00;25.1;0;SOLEIL;3;0;0
MONTPELLIER;43.61;3.87;12/08/2026;07:00;25.1;0;SOLEIL;3;0;0
MONTPELLIER;43.61;3.87;12/08/2026;08:00;25.5;0;SOLEIL;5;0;0
MONTPELLIER;43.61;3.87;12/08/2026;09:00;26.9;0;SOLEIL;5;0;0
MONTPELLIER;43.61;3.87;12/08/2026;10:00;28.3;0;SOLEIL;5;0;0
MONTPELLIER;43.61;3.87;12/08/2026;11:00;34.4;0;SOLEIL;4;0;0
MONTPELLIER;43.61;3.87;12/08/2026;12:00;34.4;0;SOLEIL;4;0;0
MONTPELLIER;43.61;3.87;12/08/2026;13:00;34.4;0;SOLEIL;4;0;0
MONTPELLIER;43.61;3.87;12/08/2026;14:00;34.0;0;SOLEIL;5;0;0
MONTPELLIER;43.61;3.87;12/08/2026;15:00;35.4;0;SOLEIL;5;0;0
MONTPELLIER;43.61;3.87;12/08/2026;16:00;34.0;0;SOLEIL;5;0;0
MONTPELLIER;43.61;3.87;12/08/2026;17:00;30.9;0;SOLEIL;3;0;0
MONTPELLIER;43.61;3.87;12/08/2026;18:00;30.9;0;SOLEIL;3;0;0
MONTPELLIER;43.61;3.87;12/08/2026;19:00;30.9;0;SOLEIL;3;0;0
MONTPELLIER;43.61;3.87;12/08/2026;20:00;28.3;0;SOLEIL;5;0;0
MONTPELLIER;43.61;3.87;12/08/2026;21:00;26.9;0;SOLEIL;5;0;0
MONTPELLIER;43.61;3.87;12/08/2026;22:00;25.5;0;SOLEIL;5;0;0
MONTPELLIER;43.61;3.87;12/08/2026;23:00;25;0;SOLEIL;1;0;0
MONTPELLIER;43.61;3.87;13/08/2026;00:00;25;0;SOLEIL;1;0;0
MONTPELLIER;43.61;3.87;13/08/2026;01:00;25;0;SOLEIL;1;0;0
MONTPELLIER;43.61;3.87;13/08/2026;02:00;23.1;0;SOLEIL;5;0;0
MONTPELLIER;43.61;3.87;13/08/2026;03:00;23.1;0;SOLEIL;5;0;0
MONTPELLIER;43.61;3.87;13/08/2026;04:00;23.1;0;SOLEIL;5;0;0
MONTPELLIER;43.61;3.87;13/08/2026;05:00;24.6;0;SOLEIL;2;0;0
MONTPELLIER;43.61;3.87;13/08/2026;06:00;24.6;0;SOLEIL;2;0;0
MONTPELLIER;43.61;3.87;13/08/2026;07:00;24.6;0;SOLEIL;2;0;0
MONTPELLIER;43.61;3.87;13/08/2026;08:00;25.8;0;SOLEIL;5;0;0
MONTPELLIER;43.61;3.87;13/08/2026;09:00;27.2;0;SOLEIL;5;0;0
MONTPELLIER;43.61;3.87;13/08/2026;10:00;28.6;0;SOLEIL;5;0;0
MONTPELLIER;43.61;3.87;13/08/2026;11:00;35.6;0;SOLEIL;3;0;0
MONTPELLIER;43.61;3.87;13/08/2026;12:00;35.6;0;SOLEIL;3;0;0
MONTPELLIER;43.61;3.87;13/08/2026;13:00;35.6;0;SOLEIL;3;0;0
MONTPELLIER;43.61;3.87;13/08/2026;14:00;34.0;0;SOLEIL;5;0;0
MONTPELLIER;43.61;3.87;13/08/2026;15:00;35.4;0;SOLEIL;5;0;0
MONTPELLIER;43.61;3.87;13/08/2026;16:00;34.0;0;SOLEIL;5;0;0
MONTPELLIER;43.61;3.87;13/08/2026;17:00;30.6;0;SOLEIL;3;0;0
MONTPELLIER;43.61;3.87;13/08/2026;18:00;30.6;0;SOLEIL;3;0;0
MONTPELLIER;43.61;3.87;13/08/2026;19:00;30.6;0;SOLEIL;3;0;0
MONTPELLIER;43.61;3.87;13/08/2026;20:00;28.6;0;SOLEIL;5;0;0
MONTPELLIER;43.61;3.87;13/08/2026;21:00;27.2;0;SOLEIL;5;0;0
MONTPELLIER;43.61;3.87;13/08/2026;22:00;25.8;0;SOLEIL;5;0;0
MONTPELLIER;43.61;3.87;13/08/2026;23:00;26.5;0;SOLEIL;2;0;0
MONTPELLIER;43.61;3.87;14/08/2026;00:00;26.5;0;SOLEIL;2;0;0
MONTPELLIER;43.61;3.87;14/08/2026;01:00;26.5;0;SOLEIL;2;0;0
MONTPELLIER;43.61;3.87;14/08/2026;02:00;22;0;SOLEIL;5;0;0
MONTPELLIER;43.61;3.87;14/08/2026;03:00;22;0;SOLEIL;5;0;0
MONTPELLIER;43.61;3.87;14/08/2026;04:00;22;0;SOLEIL;5;0;0
MONTPELLIER;43.61;3.87;14/08/2026;05:00;26;0;SOLEIL;2;0;0
MONTPELLIER;43.61;3.87;14/08/2026;06:00;26;0;SOLEIL;2;0;0
MONTPELLIER;43.61;3.87;14/08/2026;07:00;26;0;SOLEIL;2;0;0
MONTPELLIER;43.61;3.87;14/08/2026;08:00;25.2;0;SOLEIL;5;0;0
MONTPELLIER;43.61;3.87;14/08/2026;09:00;26.8;0;SOLEIL;5;0;0
MONTPELLIER;43.61;3.87;14/08/2026;10:00;28.4;0;SOLEIL;5;0;0
MONTPELLIER;43.61;3.87;14/08/2026;11:00;36.5;0;SOLEIL;3;0;0
MONTPELLIER;43.61;3.87;14/08/2026;12:00;36.5;0;SOLEIL;3;0;0
MONTPELLIER;43.61;3.87;14/08/2026;13:00;36.5;0;SOLEIL;3;0;0
MONTPELLIER;43.61;3.87;14/08/2026;14:00;34.8;0;SOLEIL;5;0;0
MONTPELLIER;43.61;3.87;14/08/2026;15:00;36.4;0;SOLEIL;5;0;0
MONTPELLIER;43.61;3.87;14/08/2026;16:00;34.8;0;SOLEIL;5;0;0
MONTPELLIER;43.61;3.87;14/08/2026;17:00;31.7;0;SOLEIL;3;0;0
MONTPELLIER;43.61;3.87;14/08/2026;18:00;31.7;0;SOLEIL;3;0;0
MONTPELLIER;43.61;3.87;14/08/2026;19:00;31.7;0;SOLEIL;3;0;0
MONTPELLIER;43.61;3.87;14/08/2026;20:00;28.4;0;SOLEIL;5;0;0
MONTPELLIER;43.61;3.87;14/08/2026;21:00;26.8;0;SOLEIL;5;0;0
MONTPELLIER;43.61;3.87;14/08/2026;22:00;25.2;0;SOLEIL;5;0;0
MONTPELLIER;43.61;3.87;14/08/2026;23:00;27.6;0;SOLEIL;3;0;0
MONTPELLIER;43.61;3.87;15/08/2026;00:00;27.6;0;SOLEIL;3;0;0
MONTPELLIER;43.61;3.87;15/08/2026;01:00;27.6;0;SOLEIL;3;0;0
MONTPELLIER;43.61;3.87;15/08/2026;02:00;23.6;0;SOLEIL;5;0;0
MONTPELLIER;43.61;3.87;15/08/2026;03:00;23.6;0;SOLEIL;5;0;0
MONTPELLIER;43.61;3.87;15/08/2026;04:00;23.6;0;SOLEIL;5;0;0
MONTPELLIER;43.61;3.87;15/08/2026;05:00;26.6;0;SOLEIL;3;0;0
MONTPELLIER;43.61;3.87;15/08/2026;06:00;26.6;0;SOLEIL;3;0;0
MONTPELLIER;43.61;3.87;15/08/2026;07:00;26.6;0;SOLEIL;3;0;0
MONTPELLIER;43.61;3.87;15/08/2026;08:00;26.7;0;SOLEIL;5;0;0
MONTPELLIER;43.61;3.87;15/08/2026;09:00;28.2;0;SOLEIL;5;0;0
MONTPELLIER;43.61;3.87;15/08/2026;10:00;29.7;0;SOLEIL;5;0;0
MONTPELLIER;43.61;3.87;15/08/2026;11:00;36.1;0;SOLEIL;5;0;0
MONTPELLIER;43.61;3.87;15/08/2026;12:00;36.1;0;SOLEIL;5;0;0
MONTPELLIER;43.61;3.87;15/08/2026;13:00;36.1;0;SOLEIL;5;0;0
MONTPELLIER;43.61;3.87;15/08/2026;14:00;35.9;0;SOLEIL;5;0;0
MONTPELLIER;43.61;3.87;15/08/2026;15:00;37.4;0;SOLEIL;5;0;0
MONTPELLIER;43.61;3.87;15/08/2026;16:00;35.9;0;SOLEIL;5;0;0
MONTPELLIER;43.61;3.87;15/08/2026;17:00;31.1;6;AVERSES;6;13;0
MONTPELLIER;43.61;3.87;15/08/2026;18:00;31.1;6;AVERSES;6;13;0
MONTPELLIER;43.61;3.87;15/08/2026;19:00;31.1;6;AVERSES;6;13;0
MONTPELLIER;43.61;3.87;15/08/2026;20:00;29.7;0;SOLEIL;5;0;0
MONTPELLIER;43.61;3.87;15/08/2026;21:00;28.2;0;SOLEIL;5;0;0
MONTPELLIER;43.61;3.87;15/08/2026;22:00;26.7;0;SOLEIL;5;0;0
MONTPELLIER;43.61;3.87;15/08/2026;23:00;28.4;0;SOLEIL;4;0;0
MARSEILLE;43.296;5.381;08/08/2026;00:00;27.1;0;SOLEIL;2;0;0
MARSEILLE;43.296;5.381;08/08/2026;01:00;27.1;0;SOLEIL;2;0;0
MARSEILLE;43.296;5.381;08/08/2026;02:00;24.6;0;SOLEIL;2;0;0
MARSEILLE;43.296;5.381;08/08/2026;03:00;24.6;0;SOLEIL;2;0;0
MARSEILLE;43.296;5.381;08/08/2026;04:00;24.6;0;SOLEIL;2;0;0
MARSEILLE;43.296;5.381;08/08/2026;05:00;24.4;0;SOLEIL;2;0;0
MARSEILLE;43.296;5.381;08/08/2026;06:00;24.4;0;SOLEIL;2;0;0
MARSEILLE;43.296;5.381;08/08/2026;07:00;24.4;0;SOLEIL;2;0;0
MARSEILLE;43.296;5.381;08/08/2026;08:00;28.6;0;SOLEIL;2;0;0
MARSEILLE;43.296;5.381;08/08/2026;09:00;28.6;0;SOLEIL;2;0;0
MARSEILLE;43.296;5.381;08/08/2026;10:00;28.6;0;SOLEIL;2;0;0
MARSEILLE;43.296;5.381;08/08/2026;11:00;30.1;0;SOLEIL;4;0;0
MARSEILLE;43.296;5.381;08/08/2026;12:00;30.1;0;SOLEIL;4;0;0
MARSEILLE;43.296;5.381;08/08/2026;13:00;30.1;0;SOLEIL;4;0;0
MARSEILLE;43.296;5.381;08/08/2026;14:00;31.5;0;SOLEIL;4;0;0
MARSEILLE;43.296;5.381;08/08/2026;15:00;31.5;0;SOLEIL;4;0;0
MARSEILLE;43.296;5.381;08/08/2026;16:00;31.5;0;SOLEIL;4;0;0
MARSEILLE;43.296;5.381;08/08/2026;17:00;29.6;0;SOLEIL;3;0;0
MARSEILLE;43.296;5.381;08/08/2026;18:00;29.6;0;SOLEIL;3;0;0
MARSEILLE;43.296;5.381;08/08/2026;19:00;29.6;0;SOLEIL;3;0;0
MARSEILLE;43.296;5.381;08/08/2026;20:00;28;0;SOLEIL;2;0;0
MARSEILLE;43.296;5.381;08/08/2026;21:00;28;0;SOLEIL;2;0;0
MARSEILLE;43.296;5.381;08/08/2026;22:00;28;0;SOLEIL;2;0;0
MARSEILLE;43.296;5.381;08/08/2026;23:00;26.1;0;SOLEIL;2;0;0
MARSEILLE;43.296;5.381;09/08/2026;00:00;26.1;0;SOLEIL;2;0;0
MARSEILLE;43.296;5.381;09/08/2026;01:00;26.1;0;SOLEIL;2;0;0
MARSEILLE;43.296;5.381;09/08/2026;02:00;25.1;0;SOLEIL;2;0;0
MARSEILLE;43.296;5.381;09/08/2026;03:00;25.1;0;SOLEIL;2;0;0
MARSEILLE;43.296;5.381;09/08/2026;04:00;25.1;0;SOLEIL;2;0;0
MARSEILLE;43.296;5.381;09/08/2026;05:00;25.6;0;SOLEIL;2;0;0
MARSEILLE;43.296;5.381;09/08/2026;06:00;25.6;0;SOLEIL;2;0;0
MARSEILLE;43.296;5.381;09/08/2026;07:00;25.6;0;SOLEIL;2;0;0
MARSEILLE;43.296;5.381;09/08/2026;08:00;29.6;0;SOLEIL;4;0;0
MARSEILLE;43.296;5.381;09/08/2026;09:00;29.6;0;SOLEIL;4;0;0
MARSEILLE;43.296;5.381;09/08/2026;10:00;29.6;0;SOLEIL;4;0;0
MARSEILLE;43.296;5.381;09/08/2026;11:00;30.7;0;SOLEIL;5;0;0
MARSEILLE;43.296;5.381;09/08/2026;12:00;30.7;0;SOLEIL;5;0;0
MARSEILLE;43.296;5.381;09/08/2026;13:00;30.7;0;SOLEIL;5;0;0
MARSEILLE;43.296;5.381;09/08/2026;14:00;30.7;0;SOLEIL;4;0;0
MARSEILLE;43.296;5.381;09/08/2026;15:00;30.7;0;SOLEIL;4;0;0
MARSEILLE;43.296;5.381;09/08/2026;16:00;30.7;0;SOLEIL;4;0;0
MARSEILLE;43.296;5.381;09/08/2026;17:00;29.4;0;SOLEIL;2;0;0
MARSEILLE;43.296;5.381;09/08/2026;18:00;29.4;0;SOLEIL;2;0;0
MARSEILLE;43.296;5.381;09/08/2026;19:00;29.4;0;SOLEIL;2;0;0
MARSEILLE;43.296;5.381;09/08/2026;20:00;27.3;0;SOLEIL;5;0;0
MARSEILLE;43.296;5.381;09/08/2026;21:00;26.3;0;SOLEIL;5;0;0
MARSEILLE;43.296;5.381;09/08/2026;22:00;25.2;0;SOLEIL;5;0;0
MARSEILLE;43.296;5.381;09/08/2026;23:00;26.5;0;SOLEIL;2;0;0
MARSEILLE;43.296;5.381;10/08/2026;00:00;26.5;0;SOLEIL;2;0;0
MARSEILLE;43.296;5.381;10/08/2026;01:00;26.5;0;SOLEIL;2;0;0
MARSEILLE;43.296;5.381;10/08/2026;02:00;23.7;0;SOLEIL;5;0;0
MARSEILLE;43.296;5.381;10/08/2026;03:00;23.7;0;SOLEIL;5;0;0
MARSEILLE;43.296;5.381;10/08/2026;04:00;23.7;0;SOLEIL;5;0;0
MARSEILLE;43.296;5.381;10/08/2026;05:00;24.4;0;SOLEIL;2;0;0
MARSEILLE;43.296;5.381;10/08/2026;06:00;24.4;0;SOLEIL;2;0;0
MARSEILLE;43.296;5.381;10/08/2026;07:00;24.4;0;SOLEIL;2;0;0
MARSEILLE;43.296;5.381;10/08/2026;08:00;25.7;0;SOLEIL;5;0;0
MARSEILLE;43.296;5.381;10/08/2026;09:00;26.7;0;SOLEIL;5;0;0
MARSEILLE;43.296;5.381;10/08/2026;10:00;27.7;0;SOLEIL;5;0;0
MARSEILLE;43.296;5.381;10/08/2026;11:00;29.6;0;SOLEIL;5;0;0
MARSEILLE;43.296;5.381;10/08/2026;12:00;29.6;0;SOLEIL;5;0;0
MARSEILLE;43.296;5.381;10/08/2026;13:00;29.6;0;SOLEIL;5;0;0
MARSEILLE;43.296;5.381;10/08/2026;14:00;31.6;0;SOLEIL;5;0;0
MARSEILLE;43.296;5.381;10/08/2026;15:00;32.6;0;SOLEIL;5;0;0
MARSEILLE;43.296;5.381;10/08/2026;16:00;31.6;0;SOLEIL;5;0;0
MARSEILLE;43.296;5.381;10/08/2026;17:00;28.7;0;SOLEIL;3;0;0
MARSEILLE;43.296;5.381;10/08/2026;18:00;28.7;0;SOLEIL;3;0;0
MARSEILLE;43.296;5.381;10/08/2026;19:00;28.7;0;SOLEIL;3;0;0
MARSEILLE;43.296;5.381;10/08/2026;20:00;27.7;0;SOLEIL;5;0;0
MARSEILLE;43.296;5.381;10/08/2026;21:00;26.7;0;SOLEIL;5;0;0
MARSEILLE;43.296;5.381;10/08/2026;22:00;25.7;0;SOLEIL;5;0;0
MARSEILLE;43.296;5.381;10/08/2026;23:00;26.6;0;SOLEIL;2;0;0
MARSEILLE;43.296;5.381;11/08/2026;00:00;26.6;0;SOLEIL;2;0;0
MARSEILLE;43.296;5.381;11/08/2026;01:00;26.6;0;SOLEIL;2;0;0
MARSEILLE;43.296;5.381;11/08/2026;02:00;23.7;0;SOLEIL;5;0;0
MARSEILLE;43.296;5.381;11/08/2026;03:00;23.7;0;SOLEIL;5;0;0
MARSEILLE;43.296;5.381;11/08/2026;04:00;23.7;0;SOLEIL;5;0;0
MARSEILLE;43.296;5.381;11/08/2026;05:00;24.1;0;SOLEIL;3;0;0
MARSEILLE;43.296;5.381;11/08/2026;06:00;24.1;0;SOLEIL;3;0;0
MARSEILLE;43.296;5.381;11/08/2026;07:00;24.1;0;SOLEIL;3;0;0
MARSEILLE;43.296;5.381;11/08/2026;08:00;25.2;0;SOLEIL;5;0;0
MARSEILLE;43.296;5.381;11/08/2026;09:00;26.0;0;SOLEIL;5;0;0
MARSEILLE;43.296;5.381;11/08/2026;10:00;26.8;0;SOLEIL;5;0;0
MARSEILLE;43.296;5.381;11/08/2026;11:00;31;0;SOLEIL;4;0;0
MARSEILLE;43.296;5.381;11/08/2026;12:00;31;0;SOLEIL;4;0;0
MARSEILLE;43.296;5.381;11/08/2026;13:00;31;0;SOLEIL;4;0;0
MARSEILLE;43.296;5.381;11/08/2026;14:00;29.8;0;SOLEIL;5;0;0
MARSEILLE;43.296;5.381;11/08/2026;15:00;30.6;0;SOLEIL;5;0;0
MARSEILLE;43.296;5.381;11/08/2026;16:00;29.8;0;SOLEIL;5;0;0
MARSEILLE;43.296;5.381;11/08/2026;17:00;28.7;0;SOLEIL;3;0;0
MARSEILLE;43.296;5.381;11/08/2026;18:00;28.7;0;SOLEIL;3;0;0
MARSEILLE;43.296;5.381;11/08/2026;19:00;28.7;0;SOLEIL;3;0;0
MARSEILLE;43.296;5.381;11/08/2026;20:00;26.8;0;SOLEIL;5;0;0
MARSEILLE;43.296;5.381;11/08/2026;21:00;26.0;0;SOLEIL;5;0;0
MARSEILLE;43.296;5.381;11/08/2026;22:00;25.2;0;SOLEIL;5;0;0
MARSEILLE;43.296;5.381;11/08/2026;23:00;26.4;0;SOLEIL;1;0;0
MARSEILLE;43.296;5.381;12/08/2026;00:00;26.4;0;SOLEIL;1;0;0
MARSEILLE;43.296;5.381;12/08/2026;01:00;26.4;0;SOLEIL;1;0;0
MARSEILLE;43.296;5.381;12/08/2026;02:00;23.6;0;SOLEIL;5;0;0
MARSEILLE;43.296;5.381;12/08/2026;03:00;23.6;0;SOLEIL;5;0;0
MARSEILLE;43.296;5.381;12/08/2026;04:00;23.6;0;SOLEIL;5;0;0
MARSEILLE;43.296;5.381;12/08/2026;05:00;24.6;0;SOLEIL;2;0;0
MARSEILLE;43.296;5.381;12/08/2026;06:00;24.6;0;SOLEIL;2;0;0
MARSEILLE;43.296;5.381;12/08/2026;07:00;24.6;0;SOLEIL;2;0;0
MARSEILLE;43.296;5.381;12/08/2026;08:00;25.5;0;SOLEIL;5;0;0
MARSEILLE;43.296;5.381;12/08/2026;09:00;26.4;0;SOLEIL;5;0;0
MARSEILLE;43.296;5.381;12/08/2026;10:00;27.4;0;SOLEIL;5;0;0
MARSEILLE;43.296;5.381;12/08/2026;11:00;30.6;0;SOLEIL;3;0;0
MARSEILLE;43.296;5.381;12/08/2026;12:00;30.6;0;SOLEIL;3;0;0
MARSEILLE;43.296;5.381;12/08/2026;13:00;30.6;0;SOLEIL;3;0;0
MARSEILLE;43.296;5.381;12/08/2026;14:00;31.2;0;SOLEIL;5;0;0
MARSEILLE;43.296;5.381;12/08/2026;15:00;32.1;0;SOLEIL;5;0;0
MARSEILLE;43.296;5.381;12/08/2026;16:00;31.2;0;SOLEIL;5;0;0
MARSEILLE;43.296;5.381;12/08/2026;17:00;29.2;0;SOLEIL;1;0;0
MARSEILLE;43.296;5.381;12/08/2026;18:00;29.2;0;SOLEIL;1;0;0
MARSEILLE;43.296;5.381;12/08/2026;19:00;29.2;0;SOLEIL;1;0;0
MARSEILLE;43.296;5.381;12/08/2026;20:00;27.4;0;SOLEIL;5;0;0
MARSEILLE;43.296;5.381;12/08/2026;21:00;26.4;0;SOLEIL;5;0;0
MARSEILLE;43.296;5.381;12/08/2026;22:00;25.5;0;SOLEIL;5;0;0
MARSEILLE;43.296;5.381;12/08/2026;23:00;26.2;0;SOLEIL;2;0;0
MARSEILLE;43.296;5.381;13/08/2026;00:00;26.2;0;SOLEIL;2;0;0
MARSEILLE;43.296;5.381;13/08/2026;01:00;26.2;0;SOLEIL;2;0;0
MARSEILLE;43.296;5.381;13/08/2026;02:00;24;0;SOLEIL;5;0;0
MARSEILLE;43.296;5.381;13/08/2026;03:00;24;0;SOLEIL;5;0;0
MARSEILLE;43.296;5.381;13/08/2026;04:00;24;0;SOLEIL;5;0;0
MARSEILLE;43.296;5.381;13/08/2026;05:00;23.6;0;SOLEIL;2;0;0
MARSEILLE;43.296;5.381;13/08/2026;06:00;23.6;0;SOLEIL;2;0;0
MARSEILLE;43.296;5.381;13/08/2026;07:00;23.6;0;SOLEIL;2;0;0
MARSEILLE;43.296;5.381;13/08/2026;08:00;25.7;0;SOLEIL;5;0;0
MARSEILLE;43.296;5.381;13/08/2026;09:00;26.5;0;SOLEIL;5;0;0
MARSEILLE;43.296;5.381;13/08/2026;10:00;27.4;0;SOLEIL;5;0;0
MARSEILLE;43.296;5.381;13/08/2026;11:00;31.2;0;SOLEIL;4;0;0
MARSEILLE;43.296;5.381;13/08/2026;12:00;31.2;0;SOLEIL;4;0;0
MARSEILLE;43.296;5.381;13/08/2026;13:00;31.2;0;SOLEIL;4;0;0
MARSEILLE;43.296;5.381;13/08/2026;14:00;30.8;0;SOLEIL;5;0;0
MARSEILLE;43.296;5.381;13/08/2026;15:00;31.6;0;SOLEIL;5;0;0
MARSEILLE;43.296;5.381;13/08/2026;16:00;30.8;0;SOLEIL;5;0;0
MARSEILLE;43.296;5.381;13/08/2026;17:00;30.1;0;SOLEIL;1;0;0
MARSEILLE;43.296;5.381;13/08/2026;18:00;30.1;0;SOLEIL;1;0;0
MARSEILLE;43.296;5.381;13/08/2026;19:00;30.1;0;SOLEIL;1;0;0
MARSEILLE;43.296;5.381;13/08/2026;20:00;27.4;0;SOLEIL;5;0;0
MARSEILLE;43.296;5.381;13/08/2026;21:00;26.5;0;SOLEIL;5;0;0
MARSEILLE;43.296;5.381;13/08/2026;22:00;25.7;0;SOLEIL;5;0;0
MARSEILLE;43.296;5.381;13/08/2026;23:00;26.7;0;SOLEIL;2;0;0
MARSEILLE;43.296;5.381;14/08/2026;00:00;26.7;0;SOLEIL;2;0;0
MARSEILLE;43.296;5.381;14/08/2026;01:00;26.7;0;SOLEIL;2;0;0
MARSEILLE;43.296;5.381;14/08/2026;02:00;23.4;0;SOLEIL;5;0;0
MARSEILLE;43.296;5.381;14/08/2026;03:00;23.4;0;SOLEIL;5;0;0
MARSEILLE;43.296;5.381;14/08/2026;04:00;23.4;0;SOLEIL;5;0;0
MARSEILLE;43.296;5.381;14/08/2026;05:00;25.1;0;SOLEIL;2;0;0
MARSEILLE;43.296;5.381;14/08/2026;06:00;25.1;0;SOLEIL;2;0;0
MARSEILLE;43.296;5.381;14/08/2026;07:00;25.1;0;SOLEIL;2;0;0
MARSEILLE;43.296;5.381;14/08/2026;08:00;25.4;0;SOLEIL;5;0;0
MARSEILLE;43.296;5.381;14/08/2026;09:00;26.3;0;SOLEIL;5;0;0
MARSEILLE;43.296;5.381;14/08/2026;10:00;27.3;0;SOLEIL;5;0;0
MARSEILLE;43.296;5.381;14/08/2026;11:00;31.6;0;SOLEIL;4;0;0
MARSEILLE;43.296;5.381;14/08/2026;12:00;31.6;0;SOLEIL;4;0;0
MARSEILLE;43.296;5.381;14/08/2026;13:00;31.6;0;SOLEIL;4;0;0
MARSEILLE;43.296;5.381;14/08/2026;14:00;31.2;0;SOLEIL;5;0;0
MARSEILLE;43.296;5.381;14/08/2026;15:00;32.2;0;SOLEIL;5;0;0
MARSEILLE;43.296;5.381;14/08/2026;16:00;31.2;0;SOLEIL;5;0;0
MARSEILLE;43.296;5.381;14/08/2026;17:00;30.6;0;SOLEIL;2;0;0
MARSEILLE;43.296;5.381;14/08/2026;18:00;30.6;0;SOLEIL;2;0;0
MARSEILLE;43.296;5.381;14/08/2026;19:00;30.6;0;SOLEIL;2;0;0
MARSEILLE;43.296;5.381;14/08/2026;20:00;27.3;0;SOLEIL;5;0;0
MARSEILLE;43.296;5.381;14/08/2026;21:00;26.3;0;SOLEIL;5;0;0
MARSEILLE;43.296;5.381;14/08/2026;22:00;25.4;0;SOLEIL;5;0;0
MARSEILLE;43.296;5.381;14/08/2026;23:00;28.7;0;SOLEIL;2;0;0
MARSEILLE;43.296;5.381;15/08/2026;00:00;28.7;0;SOLEIL;2;0;0
MARSEILLE;43.296;5.381;15/08/2026;01:00;28.7;0;SOLEIL;2;0;0
MARSEILLE;43.296;5.381;15/08/2026;02:00;24.4;0;SOLEIL;5;0;0
MARSEILLE;43.296;5.381;15/08/2026;03:00;24.4;0;SOLEIL;5;0;0
MARSEILLE;43.296;5.381;15/08/2026;04:00;24.4;0;SOLEIL;5;0;0
MARSEILLE;43.296;5.381;15/08/2026;05:00;26.6;0;SOLEIL;3;0;0
MARSEILLE;43.296;5.381;15/08/2026;06:00;26.6;0;SOLEIL;3;0;0
MARSEILLE;43.296;5.381;15/08/2026;07:00;26.6;0;SOLEIL;3;0;0
MARSEILLE;43.296;5.381;15/08/2026;08:00;26.2;0;SOLEIL;5;0;0
MARSEILLE;43.296;5.381;15/08/2026;09:00;27.1;0;SOLEIL;5;0;0
MARSEILLE;43.296;5.381;15/08/2026;10:00;28.0;0;SOLEIL;5;0;0
MARSEILLE;43.296;5.381;15/08/2026;11:00;30.5;0;SOLEIL;6;0;0
MARSEILLE;43.296;5.381;15/08/2026;12:00;30.5;0;SOLEIL;6;0;0
MARSEILLE;43.296;5.381;15/08/2026;13:00;30.5;0;SOLEIL;6;0;0
MARSEILLE;43.296;5.381;15/08/2026;14:00;31.7;0;SOLEIL;5;0;0
MARSEILLE;43.296;5.381;15/08/2026;15:00;32.6;0;SOLEIL;5;0;0
MARSEILLE;43.296;5.381;15/08/2026;16:00;31.7;0;SOLEIL;5;0;0
MARSEILLE;43.296;5.381;15/08/2026;17:00;29.9;0;SOLEIL;5;0;0
MARSEILLE;43.296;5.381;15/08/2026;18:00;29.9;0;SOLEIL;5;0;0
MARSEILLE;43.296;5.381;15/08/2026;19:00;29.9;0;SOLEIL;5;0;0
MARSEILLE;43.296;5.381;15/08/2026;20:00;28.0;0;SOLEIL;5;0;0
MARSEILLE;43.296;5.381;15/08/2026;21:00;27.1;0;SOLEIL;5;0;0
MARSEILLE;43.296;5.381;15/08/2026;22:00;26.2;0;SOLEIL;5;0;0
MARSEILLE;43.296;5.381;15/08/2026;23:00;28.6;0;SOLEIL;6;0;0
AMIENS;49.894;2.295;08/08/2026;00:00;16.6;0;SOLEIL;2;0;0
AMIENS;49.894;2.295;08/08/2026;01:00;16.6;0;SOLEIL;2;0;0
AMIENS;49.894;2.295;08/08/2026;02:00;14;0;SOLEIL;2;0;0
AMIENS;49.894;2.295;08/08/2026;03:00;14;0;SOLEIL;2;0;0
AMIENS;49.894;2.295;08/08/2026;04:00;14;0;SOLEIL;2;0;0
AMIENS;49.894;2.295;08/08/2026;05:00;14.6;0;SOLEIL;2;0;0
AMIENS;49.894;2.295;08/08/2026;06:00;14.6;0;SOLEIL;2;0;0
AMIENS;49.894;2.295;08/08/2026;07:00;14.6;0;SOLEIL;2;0;0
AMIENS;49.894;2.295;08/08/2026;08:00;22.6;5;SOLEIL VOILÉ;3;0;0
AMIENS;49.894;2.295;08/08/2026;09:00;22.6;5;SOLEIL VOILÉ;3;0;0
AMIENS;49.894;2.295;08/08/2026;10:00;22.6;5;SOLEIL VOILÉ;3;0;0
AMIENS;49.894;2.295;08/08/2026;11:00;26.1;5;SOLEIL VOILÉ;3;0;0
AMIENS;49.894;2.295;08/08/2026;12:00;26.1;5;SOLEIL VOILÉ;3;0;0
AMIENS;49.894;2.295;08/08/2026;13:00;26.1;5;SOLEIL VOILÉ;3;0;0
AMIENS;49.894;2.295;08/08/2026;14:00;28.1;5;SOLEIL VOILÉ;3;0;0
AMIENS;49.894;2.295;08/08/2026;15:00;28.1;5;SOLEIL VOILÉ;3;0;0
AMIENS;49.894;2.295;08/08/2026;16:00;28.1;5;SOLEIL VOILÉ;3;0;0
AMIENS;49.894;2.295;08/08/2026;17:00;26.5;5;SOLEIL VOILÉ;2;0;0
AMIENS;49.894;2.295;08/08/2026;18:00;26.5;5;SOLEIL VOILÉ;2;0;0
AMIENS;49.894;2.295;08/08/2026;19:00;26.5;5;SOLEIL VOILÉ;2;0;0
AMIENS;49.894;2.295;08/08/2026;20:00;21.1;0;SOLEIL;2;0;0
AMIENS;49.894;2.295;08/08/2026;21:00;21.1;0;SOLEIL;2;0;0
AMIENS;49.894;2.295;08/08/2026;22:00;21.1;0;SOLEIL;2;0;0
AMIENS;49.894;2.295;08/08/2026;23:00;17.5;0;SOLEIL;0;0;0
AMIENS;49.894;2.295;09/08/2026;00:00;17.5;0;SOLEIL;0;0;0
AMIENS;49.894;2.295;09/08/2026;01:00;17.5;0;SOLEIL;0;0;0
AMIENS;49.894;2.295;09/08/2026;02:00;15.5;0;SOLEIL;0;0;0
AMIENS;49.894;2.295;09/08/2026;03:00;15.5;0;SOLEIL;0;0;0
AMIENS;49.894;2.295;09/08/2026;04:00;15.5;0;SOLEIL;0;0;0
AMIENS;49.894;2.295;09/08/2026;05:00;16.1;5;SOLEIL VOILÉ;2;0;0
AMIENS;49.894;2.295;09/08/2026;06:00;16.1;5;SOLEIL VOILÉ;2;0;0
AMIENS;49.894;2.295;09/08/2026;07:00;16.1;5;SOLEIL VOILÉ;2;0;0
AMIENS;49.894;2.295;09/08/2026;08:00;26;0;SOLEIL;1;0;0
AMIENS;49.894;2.295;09/08/2026;09:00;26;0;SOLEIL;1;0;0
AMIENS;49.894;2.295;09/08/2026;10:00;26;0;SOLEIL;1;0;0
AMIENS;49.894;2.295;09/08/2026;11:00;31.1;0;SOLEIL;2;0;0
AMIENS;49.894;2.295;09/08/2026;12:00;31.1;0;SOLEIL;2;0;0
AMIENS;49.894;2.295;09/08/2026;13:00;31.1;0;SOLEIL;2;0;0
AMIENS;49.894;2.295;09/08/2026;14:00;30.6;0;SOLEIL;4;0;0
AMIENS;49.894;2.295;09/08/2026;15:00;30.6;0;SOLEIL;4;0;0
AMIENS;49.894;2.295;09/08/2026;16:00;30.6;0;SOLEIL;4;0;0
AMIENS;49.894;2.295;09/08/2026;17:00;27.1;0;SOLEIL;5;0;0
AMIENS;49.894;2.295;09/08/2026;18:00;27.1;0;SOLEIL;5;0;0
AMIENS;49.894;2.295;09/08/2026;19:00;27.1;0;SOLEIL;5;0;0
AMIENS;49.894;2.295;09/08/2026;20:00;19.8;5;SOLEIL VOILÉ;5;0;0
AMIENS;49.894;2.295;09/08/2026;21:00;18.0;5;SOLEIL VOILÉ;5;0;0
AMIENS;49.894;2.295;09/08/2026;22:00;16.2;5;SOLEIL VOILÉ;5;0;0
AMIENS;49.894;2.295;09/08/2026;23:00;19.6;0;SOLEIL;3;0;0
AMIENS;49.894;2.295;10/08/2026;00:00;19.6;0;SOLEIL;3;0;0
AMIENS;49.894;2.295;10/08/2026;01:00;19.6;0;SOLEIL;3;0;0
AMIENS;49.894;2.295;10/08/2026;02:00;14.7;0;SOLEIL;5;0;0
AMIENS;49.894;2.295;10/08/2026;03:00;14.7;0;SOLEIL;5;0;0
AMIENS;49.894;2.295;10/08/2026;04:00;14.7;0;SOLEIL;5;0;0
AMIENS;49.894;2.295;10/08/2026;05:00;19;0;SOLEIL;3;0;0
AMIENS;49.894;2.295;10/08/2026;06:00;19;0;SOLEIL;3;0;0
AMIENS;49.894;2.295;10/08/2026;07:00;19;0;SOLEIL;3;0;0
AMIENS;49.894;2.295;10/08/2026;08:00;18.6;0;SOLEIL;5;0;0
AMIENS;49.894;2.295;10/08/2026;09:00;20.5;0;SOLEIL;5;0;0
AMIENS;49.894;2.295;10/08/2026;10:00;22.4;0;SOLEIL;5;0;0
AMIENS;49.894;2.295;10/08/2026;11:00;27.4;0;SOLEIL;4;0;0
AMIENS;49.894;2.295;10/08/2026;12:00;27.4;0;SOLEIL;4;0;0
AMIENS;49.894;2.295;10/08/2026;13:00;27.4;0;SOLEIL;4;0;0
AMIENS;49.894;2.295;10/08/2026;14:00;30.2;0;SOLEIL;5;0;0
AMIENS;49.894;2.295;10/08/2026;15:00;32.1;0;SOLEIL;5;0;0
AMIENS;49.894;2.295;10/08/2026;16:00;30.2;0;SOLEIL;5;0;0
AMIENS;49.894;2.295;10/08/2026;17:00;25.2;0;SOLEIL;4;0;0
AMIENS;49.894;2.295;10/08/2026;18:00;25.2;0;SOLEIL;4;0;0
AMIENS;49.894;2.295;10/08/2026;19:00;25.2;0;SOLEIL;4;0;0
AMIENS;49.894;2.295;10/08/2026;20:00;22.4;0;SOLEIL;5;0;0
AMIENS;49.894;2.295;10/08/2026;21:00;20.5;0;SOLEIL;5;0;0
AMIENS;49.894;2.295;10/08/2026;22:00;18.6;0;SOLEIL;5;0;0
AMIENS;49.894;2.295;10/08/2026;23:00;17.9;0;SOLEIL;3;0;0
AMIENS;49.894;2.295;11/08/2026;00:00;17.9;0;SOLEIL;3;0;0
AMIENS;49.894;2.295;11/08/2026;01:00;17.9;0;SOLEIL;3;0;0
AMIENS;49.894;2.295;11/08/2026;02:00;17.5;0;SOLEIL;5;0;0
AMIENS;49.894;2.295;11/08/2026;03:00;17.5;0;SOLEIL;5;0;0
AMIENS;49.894;2.295;11/08/2026;04:00;17.5;0;SOLEIL;5;0;0
AMIENS;49.894;2.295;11/08/2026;05:00;16.6;0;SOLEIL;3;0;0
AMIENS;49.894;2.295;11/08/2026;06:00;16.6;0;SOLEIL;3;0;0
AMIENS;49.894;2.295;11/08/2026;07:00;16.6;0;SOLEIL;3;0;0
AMIENS;49.894;2.295;11/08/2026;08:00;19.9;0;SOLEIL;5;0;0
AMIENS;49.894;2.295;11/08/2026;09:00;21.0;0;SOLEIL;5;0;0
AMIENS;49.894;2.295;11/08/2026;10:00;22.2;0;SOLEIL;5;0;0
AMIENS;49.894;2.295;11/08/2026;11:00;27.2;0;SOLEIL;4;0;0
AMIENS;49.894;2.295;11/08/2026;12:00;27.2;0;SOLEIL;4;0;0
AMIENS;49.894;2.295;11/08/2026;13:00;27.2;0;SOLEIL;4;0;0
AMIENS;49.894;2.295;11/08/2026;14:00;26.9;0;SOLEIL;5;0;0
AMIENS;49.894;2.295;11/08/2026;15:00;28.1;0;SOLEIL;5;0;0
AMIENS;49.894;2.295;11/08/2026;16:00;26.9;0;SOLEIL;5;0;0
AMIENS;49.894;2.295;11/08/2026;17:00;27.2;0;SOLEIL;4;0;0
AMIENS;49.894;2.295;11/08/2026;18:00;27.2;0;SOLEIL;4;0;0
AMIENS;49.894;2.295;11/08/2026;19:00;27.2;0;SOLEIL;4;0;0
AMIENS;49.894;2.295;11/08/2026;20:00;22.2;0;SOLEIL;5;0;0
AMIENS;49.894;2.295;11/08/2026;21:00;21.0;0;SOLEIL;5;0;0
AMIENS;49.894;2.295;11/08/2026;22:00;19.9;0;SOLEIL;5;0;0
AMIENS;49.894;2.295;11/08/2026;23:00;19;0;SOLEIL;4;0;0
AMIENS;49.894;2.295;12/08/2026;00:00;19;0;SOLEIL;4;0;0
AMIENS;49.894;2.295;12/08/2026;01:00;19;0;SOLEIL;4;0;0
AMIENS;49.894;2.295;12/08/2026;02:00;15.2;0;SOLEIL;5;0;0
AMIENS;49.894;2.295;12/08/2026;03:00;15.2;0;SOLEIL;5;0;0
AMIENS;49.894;2.295;12/08/2026;04:00;15.2;0;SOLEIL;5;0;0
AMIENS;49.894;2.295;12/08/2026;05:00;17.4;0;SOLEIL;3;0;0
AMIENS;49.894;2.295;12/08/2026;06:00;17.4;0;SOLEIL;3;0;0
AMIENS;49.894;2.295;12/08/2026;07:00;17.4;0;SOLEIL;3;0;0
AMIENS;49.894;2.295;12/08/2026;08:00;18.4;0;SOLEIL;5;0;0
AMIENS;49.894;2.295;12/08/2026;09:00;20.0;0;SOLEIL;5;0;0
AMIENS;49.894;2.295;12/08/2026;10:00;21.6;0;SOLEIL;5;0;0
AMIENS;49.894;2.295;12/08/2026;11:00;30.6;0;SOLEIL;3;0;0
AMIENS;49.894;2.295;12/08/2026;12:00;30.6;0;SOLEIL;3;0;0
AMIENS;49.894;2.295;12/08/2026;13:00;30.6;0;SOLEIL;3;0;0
AMIENS;49.894;2.295;12/08/2026;14:00;27.9;0;SOLEIL;5;0;0
AMIENS;49.894;2.295;12/08/2026;15:00;29.5;0;SOLEIL;5;0;0
AMIENS;49.894;2.295;12/08/2026;16:00;27.9;0;SOLEIL;5;0;0
AMIENS;49.894;2.295;12/08/2026;17:00;30.4;0;SOLEIL;2;0;0
AMIENS;49.894;2.295;12/08/2026;18:00;30.4;0;SOLEIL;2;0;0
AMIENS;49.894;2.295;12/08/2026;19:00;30.4;0;SOLEIL;2;0;0
AMIENS;49.894;2.295;12/08/2026;20:00;21.6;0;SOLEIL;5;0;0
AMIENS;49.894;2.295;12/08/2026;21:00;20.0;0;SOLEIL;5;0;0
AMIENS;49.894;2.295;12/08/2026;22:00;18.4;0;SOLEIL;5;0;0
AMIENS;49.894;2.295;12/08/2026;23:00;22.7;0;SOLEIL;3;0;0
AMIENS;49.894;2.295;13/08/2026;00:00;22.7;0;SOLEIL;3;0;0
AMIENS;49.894;2.295;13/08/2026;01:00;22.7;0;SOLEIL;3;0;0
AMIENS;49.894;2.295;13/08/2026;02:00;15.7;0;SOLEIL;5;0;0
AMIENS;49.894;2.295;13/08/2026;03:00;15.7;0;SOLEIL;5;0;0
AMIENS;49.894;2.295;13/08/2026;04:00;15.7;0;SOLEIL;5;0;0
AMIENS;49.894;2.295;13/08/2026;05:00;20.5;0;SOLEIL;3;0;0
AMIENS;49.894;2.295;13/08/2026;06:00;20.5;0;SOLEIL;3;0;0
AMIENS;49.894;2.295;13/08/2026;07:00;20.5;0;SOLEIL;3;0;0
AMIENS;49.894;2.295;13/08/2026;08:00;19.5;0;SOLEIL;5;0;0
AMIENS;49.894;2.295;13/08/2026;09:00;21.4;0;SOLEIL;5;0;0
AMIENS;49.894;2.295;13/08/2026;10:00;23.3;0;SOLEIL;5;0;0
AMIENS;49.894;2.295;13/08/2026;11:00;32.6;0;SOLEIL;5;0;0
AMIENS;49.894;2.295;13/08/2026;12:00;32.6;0;SOLEIL;5;0;0
AMIENS;49.894;2.295;13/08/2026;13:00;32.6;0;SOLEIL;5;0;0
AMIENS;49.894;2.295;13/08/2026;14:00;31.0;0;SOLEIL;5;0;0
AMIENS;49.894;2.295;13/08/2026;15:00;32.9;0;SOLEIL;5;0;0
AMIENS;49.894;2.295;13/08/2026;16:00;31.0;0;SOLEIL;5;0;0
AMIENS;49.894;2.295;13/08/2026;17:00;29.2;0;SOLEIL;4;12;0
AMIENS;49.894;2.295;13/08/2026;18:00;29.2;0;SOLEIL;4;12;0
AMIENS;49.894;2.295;13/08/2026;19:00;29.2;0;SOLEIL;4;12;0
AMIENS;49.894;2.295;13/08/2026;20:00;23.3;0;SOLEIL;5;0;0
AMIENS;49.894;2.295;13/08/2026;21:00;21.4;0;SOLEIL;5;0;0
AMIENS;49.894;2.295;13/08/2026;22:00;19.5;0;SOLEIL;5;0;0
AMIENS;49.894;2.295;13/08/2026;23:00;21;0;SOLEIL;3;0;0
AMIENS;49.894;2.295;14/08/2026;00:00;21;0;SOLEIL;3;0;0
AMIENS;49.894;2.295;14/08/2026;01:00;21;0;SOLEIL;3;0;0
AMIENS;49.894;2.295;14/08/2026;02:00;18.6;0;SOLEIL;5;0;0
AMIENS;49.894;2.295;14/08/2026;03:00;18.6;0;SOLEIL;5;0;0
AMIENS;49.894;2.295;14/08/2026;04:00;18.6;0;SOLEIL;5;0;0
AMIENS;49.894;2.295;14/08/2026;05:00;19.5;0;SOLEIL;3;0;0
AMIENS;49.894;2.295;14/08/2026;06:00;19.5;0;SOLEIL;3;0;0
AMIENS;49.894;2.295;14/08/2026;07:00;19.5;0;SOLEIL;3;0;0
AMIENS;49.894;2.295;14/08/2026;08:00;22.1;0;SOLEIL;5;0;0
AMIENS;49.894;2.295;14/08/2026;09:00;23.8;0;SOLEIL;5;0;0
AMIENS;49.894;2.295;14/08/2026;10:00;25.5;0;SOLEIL;5;0;0
AMIENS;49.894;2.295;14/08/2026;11:00;28.9;0;SOLEIL;4;0;0
AMIENS;49.894;2.295;14/08/2026;12:00;28.9;0;SOLEIL;4;0;0
AMIENS;49.894;2.295;14/08/2026;13:00;28.9;0;SOLEIL;4;0;0
AMIENS;49.894;2.295;14/08/2026;14:00;32.5;0;SOLEIL;5;0;0
AMIENS;49.894;2.295;14/08/2026;15:00;34.2;0;SOLEIL;5;0;0
AMIENS;49.894;2.295;14/08/2026;16:00;32.5;0;SOLEIL;5;0;0
AMIENS;49.894;2.295;14/08/2026;17:00;26;0;SOLEIL;4;0;0
AMIENS;49.894;2.295;14/08/2026;18:00;26;0;SOLEIL;4;0;0
AMIENS;49.894;2.295;14/08/2026;19:00;26;0;SOLEIL;4;0;0
AMIENS;49.894;2.295;14/08/2026;20:00;25.5;0;SOLEIL;5;0;0
AMIENS;49.894;2.295;14/08/2026;21:00;23.8;0;SOLEIL;5;0;0
AMIENS;49.894;2.295;14/08/2026;22:00;22.1;0;SOLEIL;5;0;0
AMIENS;49.894;2.295;14/08/2026;23:00;18.6;0;SOLEIL;3;0;0
AMIENS;49.894;2.295;15/08/2026;00:00;18.6;0;SOLEIL;3;0;0
AMIENS;49.894;2.295;15/08/2026;01:00;18.6;0;SOLEIL;3;0;0
AMIENS;49.894;2.295;15/08/2026;02:00;18;0;SOLEIL;5;0;0
AMIENS;49.894;2.295;15/08/2026;03:00;18;0;SOLEIL;5;0;0
AMIENS;49.894;2.295;15/08/2026;04:00;18;0;SOLEIL;5;0;0
AMIENS;49.894;2.295;15/08/2026;05:00;18.6;0;SOLEIL;3;0;0
AMIENS;49.894;2.295;15/08/2026;06:00;18.6;0;SOLEIL;3;0;0
AMIENS;49.894;2.295;15/08/2026;07:00;18.6;0;SOLEIL;3;0;0
AMIENS;49.894;2.295;15/08/2026;08:00;20.7;0;SOLEIL;5;0;0
AMIENS;49.894;2.295;15/08/2026;09:00;22.1;0;SOLEIL;5;0;0
AMIENS;49.894;2.295;15/08/2026;10:00;23.4;0;SOLEIL;5;0;0
AMIENS;49.894;2.295;15/08/2026;11:00;25.5;0;SOLEIL;4;0;0
AMIENS;49.894;2.295;15/08/2026;12:00;25.5;0;SOLEIL;4;0;0
AMIENS;49.894;2.295;15/08/2026;13:00;25.5;0;SOLEIL;4;0;0
AMIENS;49.894;2.295;15/08/2026;14:00;28.8;0;SOLEIL;5;0;0
AMIENS;49.894;2.295;15/08/2026;15:00;30.2;0;SOLEIL;5;0;0
AMIENS;49.894;2.295;15/08/2026;16:00;28.8;0;SOLEIL;5;0;0
AMIENS;49.894;2.295;15/08/2026;17:00;24.1;0;SOLEIL;4;0;0
AMIENS;49.894;2.295;15/08/2026;18:00;24.1;0;SOLEIL;4;0;0
AMIENS;49.894;2.295;15/08/2026;19:00;24.1;0;SOLEIL;4;0;0
AMIENS;49.894;2.295;15/08/2026;20:00;23.4;0;SOLEIL;5;0;0
AMIENS;49.894;2.295;15/08/2026;21:00;22.1;0;SOLEIL;5;0;0
AMIENS;49.894;2.295;15/08/2026;22:00;20.7;0;SOLEIL;5;0;0
AMIENS;49.894;2.295;15/08/2026;23:00;19;0;SOLEIL;3;0;0
NICE;43.71;7.26;08/08/2026;00:00;27.1;0;SOLEIL;2;0;0
NICE;43.71;7.26;08/08/2026;01:00;27.1;0;SOLEIL;2;0;0
NICE;43.71;7.26;08/08/2026;02:00;27.1;0;SOLEIL;2;0;0
NICE;43.71;7.26;08/08/2026;03:00;27.1;0;SOLEIL;2;0;0
NICE;43.71;7.26;08/08/2026;04:00;27.1;0;SOLEIL;2;0;0
NICE;43.71;7.26;08/08/2026;05:00;27.4;0;SOLEIL;2;0;0
NICE;43.71;7.26;08/08/2026;06:00;27.4;0;SOLEIL;2;0;0
NICE;43.71;7.26;08/08/2026;07:00;27.4;0;SOLEIL;2;0;0
NICE;43.71;7.26;08/08/2026;08:00;29.6;0;SOLEIL;3;0;0
NICE;43.71;7.26;08/08/2026;09:00;29.6;0;SOLEIL;3;0;0
NICE;43.71;7.26;08/08/2026;10:00;29.6;0;SOLEIL;3;0;0
NICE;43.71;7.26;08/08/2026;11:00;30.1;0;SOLEIL;3;0;0
NICE;43.71;7.26;08/08/2026;12:00;30.1;0;SOLEIL;3;0;0
NICE;43.71;7.26;08/08/2026;13:00;30.1;0;SOLEIL;3;0;0
NICE;43.71;7.26;08/08/2026;14:00;30.5;0;SOLEIL;3;0;0
NICE;43.71;7.26;08/08/2026;15:00;30.5;0;SOLEIL;3;0;0
NICE;43.71;7.26;08/08/2026;16:00;30.5;0;SOLEIL;3;0;0
NICE;43.71;7.26;08/08/2026;17:00;29.7;0;SOLEIL;2;0;0
NICE;43.71;7.26;08/08/2026;18:00;29.7;0;SOLEIL;2;0;0
NICE;43.71;7.26;08/08/2026;19:00;29.7;0;SOLEIL;2;0;0
NICE;43.71;7.26;08/08/2026;20:00;29;0;SOLEIL;1;0;0
NICE;43.71;7.26;08/08/2026;21:00;29;0;SOLEIL;1;0;0
NICE;43.71;7.26;08/08/2026;22:00;29;0;SOLEIL;1;0;0
NICE;43.71;7.26;08/08/2026;23:00;28.1;0;SOLEIL;2;0;0
NICE;43.71;7.26;09/08/2026;00:00;28.1;0;SOLEIL;2;0;0
NICE;43.71;7.26;09/08/2026;01:00;28.1;0;SOLEIL;2;0;0
NICE;43.71;7.26;09/08/2026;02:00;27;0;SOLEIL;3;0;0
NICE;43.71;7.26;09/08/2026;03:00;27;0;SOLEIL;3;0;0
NICE;43.71;7.26;09/08/2026;04:00;27;0;SOLEIL;3;0;0
NICE;43.71;7.26;09/08/2026;05:00;28.1;0;SOLEIL;2;0;0
NICE;43.71;7.26;09/08/2026;06:00;28.1;0;SOLEIL;2;0;0
NICE;43.71;7.26;09/08/2026;07:00;28.1;0;SOLEIL;2;0;0
NICE;43.71;7.26;09/08/2026;08:00;30.7;0;SOLEIL;3;0;0
NICE;43.71;7.26;09/08/2026;09:00;30.7;0;SOLEIL;3;0;0
NICE;43.71;7.26;09/08/2026;10:00;30.7;0;SOLEIL;3;0;0
NICE;43.71;7.26;09/08/2026;11:00;30.9;0;SOLEIL;3;0;0
NICE;43.71;7.26;09/08/2026;12:00;30.9;0;SOLEIL;3;0;0
NICE;43.71;7.26;09/08/2026;13:00;30.9;0;SOLEIL;3;0;0
NICE;43.71;7.26;09/08/2026;14:00;31;0;SOLEIL;3;0;0
NICE;43.71;7.26;09/08/2026;15:00;31;0;SOLEIL;3;0;0
NICE;43.71;7.26;09/08/2026;16:00;31;0;SOLEIL;3;0;0
NICE;43.71;7.26;09/08/2026;17:00;30.2;0;SOLEIL;2;0;0
NICE;43.71;7.26;09/08/2026;18:00;30.2;0;SOLEIL;2;0;0
NICE;43.71;7.26;09/08/2026;19:00;30.2;0;SOLEIL;2;0;0
NICE;43.71;7.26;09/08/2026;20:00;28.3;0;SOLEIL;5;0;0
NICE;43.71;7.26;09/08/2026;21:00;27.7;0;SOLEIL;5;0;0
NICE;43.71;7.26;09/08/2026;22:00;27.1;0;SOLEIL;5;0;0
NICE;43.71;7.26;09/08/2026;23:00;28.4;0;SOLEIL;2;0;0
NICE;43.71;7.26;10/08/2026;00:00;28.4;0;SOLEIL;2;0;0
NICE;43.71;7.26;10/08/2026;01:00;28.4;0;SOLEIL;2;0;0
NICE;43.71;7.26;10/08/2026;02:00;25.5;0;SOLEIL;5;0;0
NICE;43.71;7.26;10/08/2026;03:00;25.5;0;SOLEIL;5;0;0
NICE;43.71;7.26;10/08/2026;04:00;25.5;0;SOLEIL;5;0;0
NICE;43.71;7.26;10/08/2026;05:00;28.1;0;SOLEIL;3;0;0
NICE;43.71;7.26;10/08/2026;06:00;28.1;0;SOLEIL;3;0;0
NICE;43.71;7.26;10/08/2026;07:00;28.1;0;SOLEIL;3;0;0
NICE;43.71;7.26;10/08/2026;08:00;26.9;0;SOLEIL;5;0;0
NICE;43.71;7.26;10/08/2026;09:00;27.7;0;SOLEIL;5;0;0
NICE;43.71;7.26;10/08/2026;10:00;28.4;0;SOLEIL;5;0;0
NICE;43.71;7.26;10/08/2026;11:00;30.9;6;AVERSES;2;0;0
NICE;43.71;7.26;10/08/2026;12:00;30.9;6;AVERSES;2;0;0
NICE;43.71;7.26;10/08/2026;13:00;30.9;6;AVERSES;2;0;0
NICE;43.71;7.26;10/08/2026;14:00;31.3;0;SOLEIL;5;0;0
NICE;43.71;7.26;10/08/2026;15:00;32.0;0;SOLEIL;5;0;0
NICE;43.71;7.26;10/08/2026;16:00;31.3;0;SOLEIL;5;0;0
NICE;43.71;7.26;10/08/2026;17:00;30.1;6;AVERSES;1;0;0
NICE;43.71;7.26;10/08/2026;18:00;30.1;6;AVERSES;1;0;0
NICE;43.71;7.26;10/08/2026;19:00;30.1;6;AVERSES;1;0;0
NICE;43.71;7.26;10/08/2026;20:00;28.4;0;SOLEIL;5;0;0
NICE;43.71;7.26;10/08/2026;21:00;27.7;0;SOLEIL;5;0;0
NICE;43.71;7.26;10/08/2026;22:00;26.9;0;SOLEIL;5;0;0
NICE;43.71;7.26;10/08/2026;23:00;28.1;0;SOLEIL;2;0;0
NICE;43.71;7.26;11/08/2026;00:00;28.1;0;SOLEIL;2;0;0
NICE;43.71;7.26;11/08/2026;01:00;28.1;0;SOLEIL;2;0;0
NICE;43.71;7.26;11/08/2026;02:00;27.1;6;AVERSES;5;0;0
NICE;43.71;7.26;11/08/2026;03:00;27.1;6;AVERSES;5;0;0
NICE;43.71;7.26;11/08/2026;04:00;27.1;6;AVERSES;5;0;0
NICE;43.71;7.26;11/08/2026;05:00;27.7;0;SOLEIL;0;0;0
NICE;43.71;7.26;11/08/2026;06:00;27.7;0;SOLEIL;0;0;0
NICE;43.71;7.26;11/08/2026;07:00;27.7;0;SOLEIL;0;0;0
NICE;43.71;7.26;11/08/2026;08:00;28.2;6;AVERSES;5;0;0
NICE;43.71;7.26;11/08/2026;09:00;28.7;6;AVERSES;5;0;0
NICE;43.71;7.26;11/08/2026;10:00;29.3;6;AVERSES;5;0;0
NICE;43.71;7.26;11/08/2026;11:00;30.7;0;SOLEIL;3;0;0
NICE;43.71;7.26;11/08/2026;12:00;30.7;0;SOLEIL;3;0;0
NICE;43.71;7.26;11/08/2026;13:00;30.7;0;SOLEIL;3;0;0
NICE;43.71;7.26;11/08/2026;14:00;31.5;6;AVERSES;5;0;0
NICE;43.71;7.26;11/08/2026;15:00;32.0;6;AVERSES;5;0;0
NICE;43.71;7.26;11/08/2026;16:00;31.5;6;AVERSES;5;0;0
NICE;43.71;7.26;11/08/2026;17:00;29.9;0;SOLEIL;1;0;0
NICE;43.71;7.26;11/08/2026;18:00;29.9;0;SOLEIL;1;0;0
NICE;43.71;7.26;11/08/2026;19:00;29.9;0;SOLEIL;1;0;0
NICE;43.71;7.26;11/08/2026;20:00;29.3;6;AVERSES;5;0;0
NICE;43.71;7.26;11/08/2026;21:00;28.7;6;AVERSES;5;0;0
NICE;43.71;7.26;11/08/2026;22:00;28.2;6;AVERSES;5;0;0
NICE;43.71;7.26;11/08/2026;23:00;29;0;SOLEIL;3;0;0
NICE;43.71;7.26;12/08/2026;00:00;29;0;SOLEIL;3;0;0
NICE;43.71;7.26;12/08/2026;01:00;29;0;SOLEIL;3;0;0
NICE;43.71;7.26;12/08/2026;02:00;26.6;0;SOLEIL;5;0;0
NICE;43.71;7.26;12/08/2026;03:00;26.6;0;SOLEIL;5;0;0
NICE;43.71;7.26;12/08/2026;04:00;26.6;0;SOLEIL;5;0;0
NICE;43.71;7.26;12/08/2026;05:00;28.9;0;SOLEIL;3;0;0
NICE;43.71;7.26;12/08/2026;06:00;28.9;0;SOLEIL;3;0;0
NICE;43.71;7.26;12/08/2026;07:00;28.9;0;SOLEIL;3;0;0
NICE;43.71;7.26;12/08/2026;08:00;27.7;0;SOLEIL;5;0;0
NICE;43.71;7.26;12/08/2026;09:00;28.2;0;SOLEIL;5;0;0
NICE;43.71;7.26;12/08/2026;10:00;28.8;0;SOLEIL;5;0;0
NICE;43.71;7.26;12/08/2026;11:00;31.4;0;SOLEIL;3;0;0
NICE;43.71;7.26;12/08/2026;12:00;31.4;0;SOLEIL;3;0;0
NICE;43.71;7.26;12/08/2026;13:00;31.4;0;SOLEIL;3;0;0
NICE;43.71;7.26;12/08/2026;14:00;31.0;0;SOLEIL;5;0;0
NICE;43.71;7.26;12/08/2026;15:00;31.5;0;SOLEIL;5;0;0
NICE;43.71;7.26;12/08/2026;16:00;31.0;0;SOLEIL;5;0;0
NICE;43.71;7.26;12/08/2026;17:00;31.1;0;SOLEIL;1;0;0
NICE;43.71;7.26;12/08/2026;18:00;31.1;0;SOLEIL;1;0;0
NICE;43.71;7.26;12/08/2026;19:00;31.1;0;SOLEIL;1;0;0
NICE;43.71;7.26;12/08/2026;20:00;28.8;0;SOLEIL;5;0;0
NICE;43.71;7.26;12/08/2026;21:00;28.2;0;SOLEIL;5;0;0
NICE;43.71;7.26;12/08/2026;22:00;27.7;0;SOLEIL;5;0;0
NICE;43.71;7.26;12/08/2026;23:00;30.5;0;SOLEIL;3;0;0
NICE;43.71;7.26;13/08/2026;00:00;30.5;0;SOLEIL;3;0;0
NICE;43.71;7.26;13/08/2026;01:00;30.5;0;SOLEIL;3;0;0
NICE;43.71;7.26;13/08/2026;02:00;27.6;0;SOLEIL;5;0;0
NICE;43.71;7.26;13/08/2026;03:00;27.6;0;SOLEIL;5;0;0
NICE;43.71;7.26;13/08/2026;04:00;27.6;0;SOLEIL;5;0;0
NICE;43.71;7.26;13/08/2026;05:00;29.7;0;SOLEIL;3;0;0
NICE;43.71;7.26;13/08/2026;06:00;29.7;0;SOLEIL;3;0;0
NICE;43.71;7.26;13/08/2026;07:00;29.7;0;SOLEIL;3;0;0
NICE;43.71;7.26;13/08/2026;08:00;28.7;0;SOLEIL;5;0;0
NICE;43.71;7.26;13/08/2026;09:00;29.2;0;SOLEIL;5;0;0
NICE;43.71;7.26;13/08/2026;10:00;29.8;0;SOLEIL;5;0;0
NICE;43.71;7.26;13/08/2026;11:00;32;0;SOLEIL;3;0;0
NICE;43.71;7.26;13/08/2026;12:00;32;0;SOLEIL;3;0;0
NICE;43.71;7.26;13/08/2026;13:00;32;0;SOLEIL;3;0;0
NICE;43.71;7.26;13/08/2026;14:00;32.0;0;SOLEIL;5;0;0
NICE;43.71;7.26;13/08/2026;15:00;32.5;0;SOLEIL;5;0;0
NICE;43.71;7.26;13/08/2026;16:00;32.0;0;SOLEIL;5;0;0
NICE;43.71;7.26;13/08/2026;17:00;32.2;0;SOLEIL;1;0;0
NICE;43.71;7.26;13/08/2026;18:00;32.2;0;SOLEIL;1;0;0
NICE;43.71;7.26;13/08/2026;19:00;32.2;0;SOLEIL;1;0;0
NICE;43.71;7.26;13/08/2026;20:00;29.8;0;SOLEIL;5;0;0
NICE;43.71;7.26;13/08/2026;21:00;29.2;0;SOLEIL;5;0;0
NICE;43.71;7.26;13/08/2026;22:00;28.7;0;SOLEIL;5;0;0
NICE;43.71;7.26;13/08/2026;23:00;31.1;0;SOLEIL;3;0;0
NICE;43.71;7.26;14/08/2026;00:00;31.1;0;SOLEIL;3;0;0
NICE;43.71;7.26;14/08/2026;01:00;31.1;0;SOLEIL;3;0;0
NICE;43.71;7.26;14/08/2026;02:00;28.6;0;SOLEIL;5;0;0
NICE;43.71;7.26;14/08/2026;03:00;28.6;0;SOLEIL;5;0;0
NICE;43.71;7.26;14/08/2026;04:00;28.6;0;SOLEIL;5;0;0
NICE;43.71;7.26;14/08/2026;05:00;30;0;SOLEIL;3;0;0
NICE;43.71;7.26;14/08/2026;06:00;30;0;SOLEIL;3;0;0
NICE;43.71;7.26;14/08/2026;07:00;30;0;SOLEIL;3;0;0
NICE;43.71;7.26;14/08/2026;08:00;29.7;0;SOLEIL;5;0;0
NICE;43.71;7.26;14/08/2026;09:00;30.2;0;SOLEIL;5;0;0
NICE;43.71;7.26;14/08/2026;10:00;30.7;0;SOLEIL;5;0;0
NICE;43.71;7.26;14/08/2026;11:00;32.6;0;SOLEIL;3;0;0
NICE;43.71;7.26;14/08/2026;12:00;32.6;0;SOLEIL;3;0;0
NICE;43.71;7.26;14/08/2026;13:00;32.6;0;SOLEIL;3;0;0
NICE;43.71;7.26;14/08/2026;14:00;32.9;0;SOLEIL;5;0;0
NICE;43.71;7.26;14/08/2026;15:00;33.4;0;SOLEIL;5;0;0
NICE;43.71;7.26;14/08/2026;16:00;32.9;0;SOLEIL;5;0;0
NICE;43.71;7.26;14/08/2026;17:00;32.2;6;AVERSES;1;0;0
NICE;43.71;7.26;14/08/2026;18:00;32.2;6;AVERSES;1;0;0
NICE;43.71;7.26;14/08/2026;19:00;32.2;6;AVERSES;1;0;0
NICE;43.71;7.26;14/08/2026;20:00;30.7;0;SOLEIL;5;0;0
NICE;43.71;7.26;14/08/2026;21:00;30.2;0;SOLEIL;5;0;0
NICE;43.71;7.26;14/08/2026;22:00;29.7;0;SOLEIL;5;0;0
NICE;43.71;7.26;14/08/2026;23:00;30.6;0;SOLEIL;3;0;0
NICE;43.71;7.26;15/08/2026;00:00;30.6;0;SOLEIL;3;0;0
NICE;43.71;7.26;15/08/2026;01:00;30.6;0;SOLEIL;3;0;0
NICE;43.71;7.26;15/08/2026;02:00;29;0;SOLEIL;5;0;0
NICE;43.71;7.26;15/08/2026;03:00;29;0;SOLEIL;5;0;0
NICE;43.71;7.26;15/08/2026;04:00;29;0;SOLEIL;5;0;0
NICE;43.71;7.26;15/08/2026;05:00;29.7;0;SOLEIL;3;0;0
NICE;43.71;7.26;15/08/2026;06:00;29.7;0;SOLEIL;3;0;0
NICE;43.71;7.26;15/08/2026;07:00;29.7;0;SOLEIL;3;0;0
NICE;43.71;7.26;15/08/2026;08:00;30.0;0;SOLEIL;5;0;0
NICE;43.71;7.26;15/08/2026;09:00;30.5;0;SOLEIL;5;0;0
NICE;43.71;7.26;15/08/2026;10:00;31.0;0;SOLEIL;5;0;0
NICE;43.71;7.26;15/08/2026;11:00;31.6;0;SOLEIL;2;0;0
NICE;43.71;7.26;15/08/2026;12:00;31.6;0;SOLEIL;2;0;0
NICE;43.71;7.26;15/08/2026;13:00;31.6;0;SOLEIL;2;0;0
NICE;43.71;7.26;15/08/2026;14:00;33.1;0;SOLEIL;5;0;0
NICE;43.71;7.26;15/08/2026;15:00;33.6;0;SOLEIL;5;0;0
NICE;43.71;7.26;15/08/2026;16:00;33.1;0;SOLEIL;5;0;0
NICE;43.71;7.26;15/08/2026;17:00;31.5;6;AVERSES;1;0;0
NICE;43.71;7.26;15/08/2026;18:00;31.5;6;AVERSES;1;0;0
NICE;43.71;7.26;15/08/2026;19:00;31.5;6;AVERSES;1;0;0
NICE;43.71;7.26;15/08/2026;20:00;31.0;0;SOLEIL;5;0;0
NICE;43.71;7.26;15/08/2026;21:00;30.5;0;SOLEIL;5;0;0
NICE;43.71;7.26;15/08/2026;22:00;30.0;0;SOLEIL;5;0;0
NICE;43.71;7.26;15/08/2026;23:00;29.1;0;SOLEIL;2;0;0
AJACCIO;41.92;8.73;08/08/2026;00:00;25.4;0;SOLEIL;1;0;0
AJACCIO;41.92;8.73;08/08/2026;01:00;25.4;0;SOLEIL;1;0;0
AJACCIO;41.92;8.73;08/08/2026;02:00;22.4;0;SOLEIL;1;0;0
AJACCIO;41.92;8.73;08/08/2026;03:00;22.4;0;SOLEIL;1;0;0
AJACCIO;41.92;8.73;08/08/2026;04:00;22.4;0;SOLEIL;1;0;0
AJACCIO;41.92;8.73;08/08/2026;05:00;23.9;0;SOLEIL;1;0;0
AJACCIO;41.92;8.73;08/08/2026;06:00;23.9;0;SOLEIL;1;0;0
AJACCIO;41.92;8.73;08/08/2026;07:00;23.9;0;SOLEIL;1;0;0
AJACCIO;41.92;8.73;08/08/2026;08:00;30;0;SOLEIL;3;0;0
AJACCIO;41.92;8.73;08/08/2026;09:00;30;0;SOLEIL;3;0;0
AJACCIO;41.92;8.73;08/08/2026;10:00;30;0;SOLEIL;3;0;0
AJACCIO;41.92;8.73;08/08/2026;11:00;31.7;0;SOLEIL;3;0;0
AJACCIO;41.92;8.73;08/08/2026;12:00;31.7;0;SOLEIL;3;0;0
AJACCIO;41.92;8.73;08/08/2026;13:00;31.7;0;SOLEIL;3;0;0
AJACCIO;41.92;8.73;08/08/2026;14:00;31.5;0;SOLEIL;3;0;0
AJACCIO;41.92;8.73;08/08/2026;15:00;31.5;0;SOLEIL;3;0;0
AJACCIO;41.92;8.73;08/08/2026;16:00;31.5;0;SOLEIL;3;0;0
AJACCIO;41.92;8.73;08/08/2026;17:00;29;0;SOLEIL;2;0;0
AJACCIO;41.92;8.73;08/08/2026;18:00;29;0;SOLEIL;2;0;0
AJACCIO;41.92;8.73;08/08/2026;19:00;29;0;SOLEIL;2;0;0
AJACCIO;41.92;8.73;08/08/2026;20:00;25.7;0;SOLEIL;0;0;0
AJACCIO;41.92;8.73;08/08/2026;21:00;25.7;0;SOLEIL;0;0;0
AJACCIO;41.92;8.73;08/08/2026;22:00;25.7;0;SOLEIL;0;0;0
AJACCIO;41.92;8.73;08/08/2026;23:00;24;0;SOLEIL;0;0;0
AJACCIO;41.92;8.73;09/08/2026;00:00;24;0;SOLEIL;0;0;0
AJACCIO;41.92;8.73;09/08/2026;01:00;24;0;SOLEIL;0;0;0
AJACCIO;41.92;8.73;09/08/2026;02:00;23.1;0;SOLEIL;0;0;0
AJACCIO;41.92;8.73;09/08/2026;03:00;23.1;0;SOLEIL;0;0;0
AJACCIO;41.92;8.73;09/08/2026;04:00;23.1;0;SOLEIL;0;0;0
AJACCIO;41.92;8.73;09/08/2026;05:00;24.6;0;SOLEIL;0;0;0
AJACCIO;41.92;8.73;09/08/2026;06:00;24.6;0;SOLEIL;0;0;0
AJACCIO;41.92;8.73;09/08/2026;07:00;24.6;0;SOLEIL;0;0;0
AJACCIO;41.92;8.73;09/08/2026;08:00;30.6;0;SOLEIL;2;0;0
AJACCIO;41.92;8.73;09/08/2026;09:00;30.6;0;SOLEIL;2;0;0
AJACCIO;41.92;8.73;09/08/2026;10:00;30.6;0;SOLEIL;2;0;0
AJACCIO;41.92;8.73;09/08/2026;11:00;32.6;0;SOLEIL;4;0;0
AJACCIO;41.92;8.73;09/08/2026;12:00;32.6;0;SOLEIL;4;0;0
AJACCIO;41.92;8.73;09/08/2026;13:00;32.6;0;SOLEIL;4;0;0
AJACCIO;41.92;8.73;09/08/2026;14:00;32.7;0;SOLEIL;4;0;0
AJACCIO;41.92;8.73;09/08/2026;15:00;32.7;0;SOLEIL;4;0;0
AJACCIO;41.92;8.73;09/08/2026;16:00;32.7;0;SOLEIL;4;0;0
AJACCIO;41.92;8.73;09/08/2026;17:00;30.9;0;SOLEIL;2;0;0
AJACCIO;41.92;8.73;09/08/2026;18:00;30.9;0;SOLEIL;2;0;0
AJACCIO;41.92;8.73;09/08/2026;19:00;30.9;0;SOLEIL;2;0;0
AJACCIO;41.92;8.73;09/08/2026;20:00;26.5;0;SOLEIL;5;0;0
AJACCIO;41.92;8.73;09/08/2026;21:00;25.3;0;SOLEIL;5;0;0
AJACCIO;41.92;8.73;09/08/2026;22:00;24.1;0;SOLEIL;5;0;0
AJACCIO;41.92;8.73;09/08/2026;23:00;25.1;0;SOLEIL;1;0;0
AJACCIO;41.92;8.73;10/08/2026;00:00;25.1;0;SOLEIL;1;0;0
AJACCIO;41.92;8.73;10/08/2026;01:00;25.1;0;SOLEIL;1;0;0
AJACCIO;41.92;8.73;10/08/2026;02:00;22;0;SOLEIL;5;0;0
AJACCIO;41.92;8.73;10/08/2026;03:00;22;0;SOLEIL;5;0;0
AJACCIO;41.92;8.73;10/08/2026;04:00;22;0;SOLEIL;5;0;0
AJACCIO;41.92;8.73;10/08/2026;05:00;25.9;0;SOLEIL;1;0;0
AJACCIO;41.92;8.73;10/08/2026;06:00;25.9;0;SOLEIL;1;0;0
AJACCIO;41.92;8.73;10/08/2026;07:00;25.9;0;SOLEIL;1;0;0
AJACCIO;41.92;8.73;10/08/2026;08:00;24.6;0;SOLEIL;5;0;0
AJACCIO;41.92;8.73;10/08/2026;09:00;25.9;0;SOLEIL;5;0;0
AJACCIO;41.92;8.73;10/08/2026;10:00;27.2;0;SOLEIL;5;0;0
AJACCIO;41.92;8.73;10/08/2026;11:00;33.1;0;SOLEIL;3;0;0
AJACCIO;41.92;8.73;10/08/2026;12:00;33.1;0;SOLEIL;3;0;0
AJACCIO;41.92;8.73;10/08/2026;13:00;33.1;0;SOLEIL;3;0;0
AJACCIO;41.92;8.73;10/08/2026;14:00;32.3;0;SOLEIL;5;0;0
AJACCIO;41.92;8.73;10/08/2026;15:00;33.6;0;SOLEIL;5;0;0
AJACCIO;41.92;8.73;10/08/2026;16:00;32.3;0;SOLEIL;5;0;0
AJACCIO;41.92;8.73;10/08/2026;17:00;30.5;0;SOLEIL;1;0;0
AJACCIO;41.92;8.73;10/08/2026;18:00;30.5;0;SOLEIL;1;0;0
AJACCIO;41.92;8.73;10/08/2026;19:00;30.5;0;SOLEIL;1;0;0
AJACCIO;41.92;8.73;10/08/2026;20:00;27.2;0;SOLEIL;5;0;0
AJACCIO;41.92;8.73;10/08/2026;21:00;25.9;0;SOLEIL;5;0;0
AJACCIO;41.92;8.73;10/08/2026;22:00;24.6;0;SOLEIL;5;0;0
AJACCIO;41.92;8.73;10/08/2026;23:00;25.1;0;SOLEIL;1;0;0
AJACCIO;41.92;8.73;11/08/2026;00:00;25.1;0;SOLEIL;1;0;0
AJACCIO;41.92;8.73;11/08/2026;01:00;25.1;0;SOLEIL;1;0;0
AJACCIO;41.92;8.73;11/08/2026;02:00;23.5;0;SOLEIL;5;0;0
AJACCIO;41.92;8.73;11/08/2026;03:00;23.5;0;SOLEIL;5;0;0
AJACCIO;41.92;8.73;11/08/2026;04:00;23.5;0;SOLEIL;5;0;0
AJACCIO;41.92;8.73;11/08/2026;05:00;25;0;SOLEIL;1;0;0
AJACCIO;41.92;8.73;11/08/2026;06:00;25;0;SOLEIL;1;0;0
AJACCIO;41.92;8.73;11/08/2026;07:00;25;0;SOLEIL;1;0;0
AJACCIO;41.92;8.73;11/08/2026;08:00;25.8;0;SOLEIL;5;0;0
AJACCIO;41.92;8.73;11/08/2026;09:00;27.0;0;SOLEIL;5;0;0
AJACCIO;41.92;8.73;11/08/2026;10:00;28.1;0;SOLEIL;5;0;0
AJACCIO;41.92;8.73;11/08/2026;11:00;32.5;0;SOLEIL;3;0;0
AJACCIO;41.92;8.73;11/08/2026;12:00;32.5;0;SOLEIL;3;0;0
AJACCIO;41.92;8.73;11/08/2026;13:00;32.5;0;SOLEIL;3;0;0
AJACCIO;41.92;8.73;11/08/2026;14:00;32.7;0;SOLEIL;5;0;0
AJACCIO;41.92;8.73;11/08/2026;15:00;33.9;0;SOLEIL;5;0;0
AJACCIO;41.92;8.73;11/08/2026;16:00;32.7;0;SOLEIL;5;0;0
AJACCIO;41.92;8.73;11/08/2026;17:00;29.9;0;SOLEIL;1;0;0
AJACCIO;41.92;8.73;11/08/2026;18:00;29.9;0;SOLEIL;1;0;0
AJACCIO;41.92;8.73;11/08/2026;19:00;29.9;0;SOLEIL;1;0;0
AJACCIO;41.92;8.73;11/08/2026;20:00;28.1;0;SOLEIL;5;0;0
AJACCIO;41.92;8.73;11/08/2026;21:00;27.0;0;SOLEIL;5;0;0
AJACCIO;41.92;8.73;11/08/2026;22:00;25.8;0;SOLEIL;5;0;0
AJACCIO;41.92;8.73;11/08/2026;23:00;24.2;0;SOLEIL;1;0;0
AJACCIO;41.92;8.73;12/08/2026;00:00;24.2;0;SOLEIL;1;0;0
AJACCIO;41.92;8.73;12/08/2026;01:00;24.2;0;SOLEIL;1;0;0
AJACCIO;41.92;8.73;12/08/2026;02:00;22.9;0;SOLEIL;5;0;0
AJACCIO;41.92;8.73;12/08/2026;03:00;22.9;0;SOLEIL;5;0;0
AJACCIO;41.92;8.73;12/08/2026;04:00;22.9;0;SOLEIL;5;0;0
AJACCIO;41.92;8.73;12/08/2026;05:00;25;0;SOLEIL;1;0;0
AJACCIO;41.92;8.73;12/08/2026;06:00;25;0;SOLEIL;1;0;0
AJACCIO;41.92;8.73;12/08/2026;07:00;25;0;SOLEIL;1;0;0
AJACCIO;41.92;8.73;12/08/2026;08:00;25.2;0;SOLEIL;5;0;0
AJACCIO;41.92;8.73;12/08/2026;09:00;26.3;0;SOLEIL;5;0;0
AJACCIO;41.92;8.73;12/08/2026;10:00;27.4;0;SOLEIL;5;0;0
AJACCIO;41.92;8.73;12/08/2026;11:00;32.5;0;SOLEIL;2;0;0
AJACCIO;41.92;8.73;12/08/2026;12:00;32.5;0;SOLEIL;2;0;0
AJACCIO;41.92;8.73;12/08/2026;13:00;32.5;0;SOLEIL;2;0;0
AJACCIO;41.92;8.73;12/08/2026;14:00;32.0;0;SOLEIL;5;0;0
AJACCIO;41.92;8.73;12/08/2026;15:00;33.1;0;SOLEIL;5;0;0
AJACCIO;41.92;8.73;12/08/2026;16:00;32.0;0;SOLEIL;5;0;0
AJACCIO;41.92;8.73;12/08/2026;17:00;30.5;0;SOLEIL;1;0;0
AJACCIO;41.92;8.73;12/08/2026;18:00;30.5;0;SOLEIL;1;0;0
AJACCIO;41.92;8.73;12/08/2026;19:00;30.5;0;SOLEIL;1;0;0
AJACCIO;41.92;8.73;12/08/2026;20:00;27.4;0;SOLEIL;5;0;0
AJACCIO;41.92;8.73;12/08/2026;21:00;26.3;0;SOLEIL;5;0;0
AJACCIO;41.92;8.73;12/08/2026;22:00;25.2;0;SOLEIL;5;0;0
AJACCIO;41.92;8.73;12/08/2026;23:00;25;0;SOLEIL;1;0;0
AJACCIO;41.92;8.73;13/08/2026;00:00;25;0;SOLEIL;1;0;0
AJACCIO;41.92;8.73;13/08/2026;01:00;25;0;SOLEIL;1;0;0
AJACCIO;41.92;8.73;13/08/2026;02:00;23.1;0;SOLEIL;5;0;0
AJACCIO;41.92;8.73;13/08/2026;03:00;23.1;0;SOLEIL;5;0;0
AJACCIO;41.92;8.73;13/08/2026;04:00;23.1;0;SOLEIL;5;0;0
AJACCIO;41.92;8.73;13/08/2026;05:00;25.5;0;SOLEIL;1;0;0
AJACCIO;41.92;8.73;13/08/2026;06:00;25.5;0;SOLEIL;1;0;0
AJACCIO;41.92;8.73;13/08/2026;07:00;25.5;0;SOLEIL;1;0;0
AJACCIO;41.92;8.73;13/08/2026;08:00;25.4;0;SOLEIL;5;0;0
AJACCIO;41.92;8.73;13/08/2026;09:00;26.6;0;SOLEIL;5;0;0
AJACCIO;41.92;8.73;13/08/2026;10:00;27.7;0;SOLEIL;5;0;0
AJACCIO;41.92;8.73;13/08/2026;11:00;33.4;0;SOLEIL;2;0;0
AJACCIO;41.92;8.73;13/08/2026;12:00;33.4;0;SOLEIL;2;0;0
AJACCIO;41.92;8.73;13/08/2026;13:00;33.4;0;SOLEIL;2;0;0
AJACCIO;41.92;8.73;13/08/2026;14:00;32.3;0;SOLEIL;5;0;0
AJACCIO;41.92;8.73;13/08/2026;15:00;33.5;0;SOLEIL;5;0;0
AJACCIO;41.92;8.73;13/08/2026;16:00;32.3;0;SOLEIL;5;0;0
AJACCIO;41.92;8.73;13/08/2026;17:00;30.6;0;SOLEIL;1;0;0
AJACCIO;41.92;8.73;13/08/2026;18:00;30.6;0;SOLEIL;1;0;0
AJACCIO;41.92;8.73;13/08/2026;19:00;30.6;0;SOLEIL;1;0;0
AJACCIO;41.92;8.73;13/08/2026;20:00;27.7;0;SOLEIL;5;0;0
AJACCIO;41.92;8.73;13/08/2026;21:00;26.6;0;SOLEIL;5;0;0
AJACCIO;41.92;8.73;13/08/2026;22:00;25.4;0;SOLEIL;5;0;0
AJACCIO;41.92;8.73;13/08/2026;23:00;24.9;0;SOLEIL;1;0;0
AJACCIO;41.92;8.73;14/08/2026;00:00;24.9;0;SOLEIL;1;0;0
AJACCIO;41.92;8.73;14/08/2026;01:00;24.9;0;SOLEIL;1;0;0
AJACCIO;41.92;8.73;14/08/2026;02:00;23.6;0;SOLEIL;5;0;0
AJACCIO;41.92;8.73;14/08/2026;03:00;23.6;0;SOLEIL;5;0;0
AJACCIO;41.92;8.73;14/08/2026;04:00;23.6;0;SOLEIL;5;0;0
AJACCIO;41.92;8.73;14/08/2026;05:00;25.6;0;SOLEIL;1;0;0
AJACCIO;41.92;8.73;14/08/2026;06:00;25.6;0;SOLEIL;1;0;0
AJACCIO;41.92;8.73;14/08/2026;07:00;25.6;0;SOLEIL;1;0;0
AJACCIO;41.92;8.73;14/08/2026;08:00;26.0;0;SOLEIL;5;0;0
AJACCIO;41.92;8.73;14/08/2026;09:00;27.2;0;SOLEIL;5;0;0
AJACCIO;41.92;8.73;14/08/2026;10:00;28.4;0;SOLEIL;5;0;0
AJACCIO;41.92;8.73;14/08/2026;11:00;33;0;SOLEIL;2;0;0
AJACCIO;41.92;8.73;14/08/2026;12:00;33;0;SOLEIL;2;0;0
AJACCIO;41.92;8.73;14/08/2026;13:00;33;0;SOLEIL;2;0;0
AJACCIO;41.92;8.73;14/08/2026;14:00;33.2;0;SOLEIL;5;0;0
AJACCIO;41.92;8.73;14/08/2026;15:00;34.4;0;SOLEIL;5;0;0
AJACCIO;41.92;8.73;14/08/2026;16:00;33.2;0;SOLEIL;5;0;0
AJACCIO;41.92;8.73;14/08/2026;17:00;30.5;0;SOLEIL;1;0;0
AJACCIO;41.92;8.73;14/08/2026;18:00;30.5;0;SOLEIL;1;0;0
AJACCIO;41.92;8.73;14/08/2026;19:00;30.5;0;SOLEIL;1;0;0
AJACCIO;41.92;8.73;14/08/2026;20:00;28.4;0;SOLEIL;5;0;0
AJACCIO;41.92;8.73;14/08/2026;21:00;27.2;0;SOLEIL;5;0;0
AJACCIO;41.92;8.73;14/08/2026;22:00;26.0;0;SOLEIL;5;0;0
AJACCIO;41.92;8.73;14/08/2026;23:00;25.1;0;SOLEIL;1;0;0
AJACCIO;41.92;8.73;15/08/2026;00:00;25.1;0;SOLEIL;1;0;0
AJACCIO;41.92;8.73;15/08/2026;01:00;25.1;0;SOLEIL;1;0;0
AJACCIO;41.92;8.73;15/08/2026;02:00;23.7;0;SOLEIL;5;0;0
AJACCIO;41.92;8.73;15/08/2026;03:00;23.7;0;SOLEIL;5;0;0
AJACCIO;41.92;8.73;15/08/2026;04:00;23.7;0;SOLEIL;5;0;0
AJACCIO;41.92;8.73;15/08/2026;05:00;25.6;0;SOLEIL;1;0;0
AJACCIO;41.92;8.73;15/08/2026;06:00;25.6;0;SOLEIL;1;0;0
AJACCIO;41.92;8.73;15/08/2026;07:00;25.6;0;SOLEIL;1;0;0
AJACCIO;41.92;8.73;15/08/2026;08:00;26.0;0;SOLEIL;5;0;0
AJACCIO;41.92;8.73;15/08/2026;09:00;27.1;0;SOLEIL;5;0;0
AJACCIO;41.92;8.73;15/08/2026;10:00;28.3;0;SOLEIL;5;0;0
AJACCIO;41.92;8.73;15/08/2026;11:00;32.6;0;SOLEIL;3;0;0
AJACCIO;41.92;8.73;15/08/2026;12:00;32.6;0;SOLEIL;3;0;0
AJACCIO;41.92;8.73;15/08/2026;13:00;32.6;0;SOLEIL;3;0;0
AJACCIO;41.92;8.73;15/08/2026;14:00;32.9;0;SOLEIL;5;0;0
AJACCIO;41.92;8.73;15/08/2026;15:00;34.0;0;SOLEIL;5;0;0
AJACCIO;41.92;8.73;15/08/2026;16:00;32.9;0;SOLEIL;5;0;0
AJACCIO;41.92;8.73;15/08/2026;17:00;29.9;0;SOLEIL;1;0;0
AJACCIO;41.92;8.73;15/08/2026;18:00;29.9;0;SOLEIL;1;0;0
AJACCIO;41.92;8.73;15/08/2026;19:00;29.9;0;SOLEIL;1;0;0
AJACCIO;41.92;8.73;15/08/2026;20:00;28.3;0;SOLEIL;5;0;0
AJACCIO;41.92;8.73;15/08/2026;21:00;27.1;0;SOLEIL;5;0;0
AJACCIO;41.92;8.73;15/08/2026;22:00;26.0;0;SOLEIL;5;0;0
AJACCIO;41.92;8.73;15/08/2026;23:00;25;0;SOLEIL;1;0;0
BASTIA;42.69;9.45;08/08/2026;00:00;28.1;0;SOLEIL;2;0;0
BASTIA;42.69;9.45;08/08/2026;01:00;28.1;0;SOLEIL;2;0;0
BASTIA;42.69;9.45;08/08/2026;02:00;28;0;SOLEIL;3;0;0
BASTIA;42.69;9.45;08/08/2026;03:00;28;0;SOLEIL;3;0;0
BASTIA;42.69;9.45;08/08/2026;04:00;28;0;SOLEIL;3;0;0
BASTIA;42.69;9.45;08/08/2026;05:00;28.1;0;SOLEIL;1;0;0
BASTIA;42.69;9.45;08/08/2026;06:00;28.1;0;SOLEIL;1;0;0
BASTIA;42.69;9.45;08/08/2026;07:00;28.1;0;SOLEIL;1;0;0
BASTIA;42.69;9.45;08/08/2026;08:00;31.9;0;SOLEIL;2;0;0
BASTIA;42.69;9.45;08/08/2026;09:00;31.9;0;SOLEIL;2;0;0
BASTIA;42.69;9.45;08/08/2026;10:00;31.9;0;SOLEIL;2;0;0
BASTIA;42.69;9.45;08/08/2026;11:00;32.4;0;SOLEIL;2;0;0
BASTIA;42.69;9.45;08/08/2026;12:00;32.4;0;SOLEIL;2;0;0
BASTIA;42.69;9.45;08/08/2026;13:00;32.4;0;SOLEIL;2;0;0
BASTIA;42.69;9.45;08/08/2026;14:00;31.9;0;SOLEIL;2;0;0
BASTIA;42.69;9.45;08/08/2026;15:00;31.9;0;SOLEIL;2;0;0
BASTIA;42.69;9.45;08/08/2026;16:00;31.9;0;SOLEIL;2;0;0
BASTIA;42.69;9.45;08/08/2026;17:00;29.7;0;SOLEIL;2;0;0
BASTIA;42.69;9.45;08/08/2026;18:00;29.7;0;SOLEIL;2;0;0
BASTIA;42.69;9.45;08/08/2026;19:00;29.7;0;SOLEIL;2;0;0
BASTIA;42.69;9.45;08/08/2026;20:00;28;0;SOLEIL;2;0;0
BASTIA;42.69;9.45;08/08/2026;21:00;28;0;SOLEIL;2;0;0
BASTIA;42.69;9.45;08/08/2026;22:00;28;0;SOLEIL;2;0;0
BASTIA;42.69;9.45;08/08/2026;23:00;27.6;0;SOLEIL;2;0;0
BASTIA;42.69;9.45;09/08/2026;00:00;27.6;0;SOLEIL;2;0;0
BASTIA;42.69;9.45;09/08/2026;01:00;27.6;0;SOLEIL;2;0;0
BASTIA;42.69;9.45;09/08/2026;02:00;26.6;0;SOLEIL;2;0;0
BASTIA;42.69;9.45;09/08/2026;03:00;26.6;0;SOLEIL;2;0;0
BASTIA;42.69;9.45;09/08/2026;04:00;26.6;0;SOLEIL;2;0;0
BASTIA;42.69;9.45;09/08/2026;05:00;27.5;0;SOLEIL;2;0;0
BASTIA;42.69;9.45;09/08/2026;06:00;27.5;0;SOLEIL;2;0;0
BASTIA;42.69;9.45;09/08/2026;07:00;27.5;0;SOLEIL;2;0;0
BASTIA;42.69;9.45;09/08/2026;08:00;32.6;0;SOLEIL;2;0;0
BASTIA;42.69;9.45;09/08/2026;09:00;32.6;0;SOLEIL;2;0;0
BASTIA;42.69;9.45;09/08/2026;10:00;32.6;0;SOLEIL;2;0;0
BASTIA;42.69;9.45;09/08/2026;11:00;32;0;SOLEIL;3;0;0
BASTIA;42.69;9.45;09/08/2026;12:00;32;0;SOLEIL;3;0;0
BASTIA;42.69;9.45;09/08/2026;13:00;32;0;SOLEIL;3;0;0
BASTIA;42.69;9.45;09/08/2026;14:00;32.1;0;SOLEIL;2;0;0
BASTIA;42.69;9.45;09/08/2026;15:00;32.1;0;SOLEIL;2;0;0
BASTIA;42.69;9.45;09/08/2026;16:00;32.1;0;SOLEIL;2;0;0
BASTIA;42.69;9.45;09/08/2026;17:00;29.6;0;SOLEIL;1;0;0
BASTIA;42.69;9.45;09/08/2026;18:00;29.6;0;SOLEIL;1;0;0
BASTIA;42.69;9.45;09/08/2026;19:00;29.6;0;SOLEIL;1;0;0
BASTIA;42.69;9.45;09/08/2026;20:00;30.2;0;SOLEIL;5;0;0
BASTIA;42.69;9.45;09/08/2026;21:00;29.5;0;SOLEIL;5;0;0
BASTIA;42.69;9.45;09/08/2026;22:00;28.8;0;SOLEIL;5;0;0
BASTIA;42.69;9.45;09/08/2026;23:00;27.1;0;SOLEIL;1;0;0
BASTIA;42.69;9.45;10/08/2026;00:00;27.1;0;SOLEIL;1;0;0
BASTIA;42.69;9.45;10/08/2026;01:00;27.1;0;SOLEIL;1;0;0
BASTIA;42.69;9.45;10/08/2026;02:00;24.4;0;SOLEIL;5;0;0
BASTIA;42.69;9.45;10/08/2026;03:00;24.4;0;SOLEIL;5;0;0
BASTIA;42.69;9.45;10/08/2026;04:00;24.4;0;SOLEIL;5;0;0
BASTIA;42.69;9.45;10/08/2026;05:00;26.9;0;SOLEIL;1;0;0
BASTIA;42.69;9.45;10/08/2026;06:00;26.9;0;SOLEIL;1;0;0
BASTIA;42.69;9.45;10/08/2026;07:00;26.9;0;SOLEIL;1;0;0
BASTIA;42.69;9.45;10/08/2026;08:00;26.6;0;SOLEIL;5;0;0
BASTIA;42.69;9.45;10/08/2026;09:00;27.7;0;SOLEIL;5;0;0
BASTIA;42.69;9.45;10/08/2026;10:00;28.8;0;SOLEIL;5;0;0
BASTIA;42.69;9.45;10/08/2026;11:00;32.1;0;SOLEIL;2;0;0
BASTIA;42.69;9.45;10/08/2026;12:00;32.1;0;SOLEIL;2;0;0
BASTIA;42.69;9.45;10/08/2026;13:00;32.1;0;SOLEIL;2;0;0
BASTIA;42.69;9.45;10/08/2026;14:00;33.3;0;SOLEIL;5;0;0
BASTIA;42.69;9.45;10/08/2026;15:00;34.4;0;SOLEIL;5;0;0
BASTIA;42.69;9.45;10/08/2026;16:00;33.3;0;SOLEIL;5;0;0
BASTIA;42.69;9.45;10/08/2026;17:00;29.1;0;SOLEIL;0;0;0
BASTIA;42.69;9.45;10/08/2026;18:00;29.1;0;SOLEIL;0;0;0
BASTIA;42.69;9.45;10/08/2026;19:00;29.1;0;SOLEIL;0;0;0
BASTIA;42.69;9.45;10/08/2026;20:00;28.8;0;SOLEIL;5;0;0
BASTIA;42.69;9.45;10/08/2026;21:00;27.7;0;SOLEIL;5;0;0
BASTIA;42.69;9.45;10/08/2026;22:00;26.6;0;SOLEIL;5;0;0
BASTIA;42.69;9.45;10/08/2026;23:00;26.7;0;SOLEIL;1;0;0
BASTIA;42.69;9.45;11/08/2026;00:00;26.7;0;SOLEIL;1;0;0
BASTIA;42.69;9.45;11/08/2026;01:00;26.7;0;SOLEIL;1;0;0
BASTIA;42.69;9.45;11/08/2026;02:00;25.2;0;SOLEIL;5;0;0
BASTIA;42.69;9.45;11/08/2026;03:00;25.2;0;SOLEIL;5;0;0
BASTIA;42.69;9.45;11/08/2026;04:00;25.2;0;SOLEIL;5;0;0
BASTIA;42.69;9.45;11/08/2026;05:00;27.4;0;SOLEIL;1;0;0
BASTIA;42.69;9.45;11/08/2026;06:00;27.4;0;SOLEIL;1;0;0
BASTIA;42.69;9.45;11/08/2026;07:00;27.4;0;SOLEIL;1;0;0
BASTIA;42.69;9.45;11/08/2026;08:00;26.9;0;SOLEIL;5;0;0
BASTIA;42.69;9.45;11/08/2026;09:00;27.8;0;SOLEIL;5;0;0
BASTIA;42.69;9.45;11/08/2026;10:00;28.6;0;SOLEIL;5;0;0
BASTIA;42.69;9.45;11/08/2026;11:00;32.1;0;SOLEIL;2;0;0
BASTIA;42.69;9.45;11/08/2026;12:00;32.1;0;SOLEIL;2;0;0
BASTIA;42.69;9.45;11/08/2026;13:00;32.1;0;SOLEIL;2;0;0
BASTIA;42.69;9.45;11/08/2026;14:00;32.0;0;SOLEIL;5;0;0
BASTIA;42.69;9.45;11/08/2026;15:00;32.9;0;SOLEIL;5;0;0
BASTIA;42.69;9.45;11/08/2026;16:00;32.0;0;SOLEIL;5;0;0
BASTIA;42.69;9.45;11/08/2026;17:00;29.1;0;SOLEIL;0;0;0
BASTIA;42.69;9.45;11/08/2026;18:00;29.1;0;SOLEIL;0;0;0
BASTIA;42.69;9.45;11/08/2026;19:00;29.1;0;SOLEIL;0;0;0
BASTIA;42.69;9.45;11/08/2026;20:00;28.6;0;SOLEIL;5;0;0
BASTIA;42.69;9.45;11/08/2026;21:00;27.8;0;SOLEIL;5;0;0
BASTIA;42.69;9.45;11/08/2026;22:00;26.9;0;SOLEIL;5;0;0
BASTIA;42.69;9.45;11/08/2026;23:00;26.9;0;SOLEIL;1;0;0
BASTIA;42.69;9.45;12/08/2026;00:00;26.9;0;SOLEIL;1;0;0
BASTIA;42.69;9.45;12/08/2026;01:00;26.9;0;SOLEIL;1;0;0
BASTIA;42.69;9.45;12/08/2026;02:00;25.5;0;SOLEIL;5;0;0
BASTIA;42.69;9.45;12/08/2026;03:00;25.5;0;SOLEIL;5;0;0
BASTIA;42.69;9.45;12/08/2026;04:00;25.5;0;SOLEIL;5;0;0
BASTIA;42.69;9.45;12/08/2026;05:00;27.6;0;SOLEIL;1;0;0
BASTIA;42.69;9.45;12/08/2026;06:00;27.6;0;SOLEIL;1;0;0
BASTIA;42.69;9.45;12/08/2026;07:00;27.6;0;SOLEIL;1;0;0
BASTIA;42.69;9.45;12/08/2026;08:00;27.1;0;SOLEIL;5;0;0
BASTIA;42.69;9.45;12/08/2026;09:00;28.0;0;SOLEIL;5;0;0
BASTIA;42.69;9.45;12/08/2026;10:00;28.8;0;SOLEIL;5;0;0
BASTIA;42.69;9.45;12/08/2026;11:00;32.9;0;SOLEIL;3;0;0
BASTIA;42.69;9.45;12/08/2026;12:00;32.9;0;SOLEIL;3;0;0
BASTIA;42.69;9.45;12/08/2026;13:00;32.9;0;SOLEIL;3;0;0
BASTIA;42.69;9.45;12/08/2026;14:00;32.1;0;SOLEIL;5;0;0
BASTIA;42.69;9.45;12/08/2026;15:00;32.9;0;SOLEIL;5;0;0
BASTIA;42.69;9.45;12/08/2026;16:00;32.1;0;SOLEIL;5;0;0
BASTIA;42.69;9.45;12/08/2026;17:00;29.5;0;SOLEIL;2;0;0
BASTIA;42.69;9.45;12/08/2026;18:00;29.5;0;SOLEIL;2;0;0
BASTIA;42.69;9.45;12/08/2026;19:00;29.5;0;SOLEIL;2;0;0
BASTIA;42.69;9.45;12/08/2026;20:00;28.8;0;SOLEIL;5;0;0
BASTIA;42.69;9.45;12/08/2026;21:00;28.0;0;SOLEIL;5;0;0
BASTIA;42.69;9.45;12/08/2026;22:00;27.1;0;SOLEIL;5;0;0
BASTIA;42.69;9.45;12/08/2026;23:00;27.2;0;SOLEIL;2;0;0
BASTIA;42.69;9.45;13/08/2026;00:00;27.2;0;SOLEIL;2;0;0
BASTIA;42.69;9.45;13/08/2026;01:00;27.2;0;SOLEIL;2;0;0
BASTIA;42.69;9.45;13/08/2026;02:00;26;0;SOLEIL;5;0;0
BASTIA;42.69;9.45;13/08/2026;03:00;26;0;SOLEIL;5;0;0
BASTIA;42.69;9.45;13/08/2026;04:00;26;0;SOLEIL;5;0;0
BASTIA;42.69;9.45;13/08/2026;05:00;28;0;SOLEIL;2;0;0
BASTIA;42.69;9.45;13/08/2026;06:00;28;0;SOLEIL;2;0;0
BASTIA;42.69;9.45;13/08/2026;07:00;28;0;SOLEIL;2;0;0
BASTIA;42.69;9.45;13/08/2026;08:00;27.7;0;SOLEIL;5;0;0
BASTIA;42.69;9.45;13/08/2026;09:00;28.5;0;SOLEIL;5;0;0
BASTIA;42.69;9.45;13/08/2026;10:00;29.3;0;SOLEIL;5;0;0
BASTIA;42.69;9.45;13/08/2026;11:00;33.1;0;SOLEIL;3;0;0
BASTIA;42.69;9.45;13/08/2026;12:00;33.1;0;SOLEIL;3;0;0
BASTIA;42.69;9.45;13/08/2026;13:00;33.1;0;SOLEIL;3;0;0
BASTIA;42.69;9.45;13/08/2026;14:00;32.7;0;SOLEIL;5;0;0
BASTIA;42.69;9.45;13/08/2026;15:00;33.5;0;SOLEIL;5;0;0
BASTIA;42.69;9.45;13/08/2026;16:00;32.7;0;SOLEIL;5;0;0
BASTIA;42.69;9.45;13/08/2026;17:00;30.6;0;SOLEIL;2;0;0
BASTIA;42.69;9.45;13/08/2026;18:00;30.6;0;SOLEIL;2;0;0
BASTIA;42.69;9.45;13/08/2026;19:00;30.6;0;SOLEIL;2;0;0
BASTIA;42.69;9.45;13/08/2026;20:00;29.3;0;SOLEIL;5;0;0
BASTIA;42.69;9.45;13/08/2026;21:00;28.5;0;SOLEIL;5;0;0
BASTIA;42.69;9.45;13/08/2026;22:00;27.7;0;SOLEIL;5;0;0
BASTIA;42.69;9.45;13/08/2026;23:00;27.6;0;SOLEIL;2;0;0
BASTIA;42.69;9.45;14/08/2026;00:00;27.6;0;SOLEIL;2;0;0
BASTIA;42.69;9.45;14/08/2026;01:00;27.6;0;SOLEIL;2;0;0
BASTIA;42.69;9.45;14/08/2026;02:00;26.5;0;SOLEIL;5;0;0
BASTIA;42.69;9.45;14/08/2026;03:00;26.5;0;SOLEIL;5;0;0
BASTIA;42.69;9.45;14/08/2026;04:00;26.5;0;SOLEIL;5;0;0
BASTIA;42.69;9.45;14/08/2026;05:00;28.4;0;SOLEIL;1;0;0
BASTIA;42.69;9.45;14/08/2026;06:00;28.4;0;SOLEIL;1;0;0
BASTIA;42.69;9.45;14/08/2026;07:00;28.4;0;SOLEIL;1;0;0
BASTIA;42.69;9.45;14/08/2026;08:00;28.1;0;SOLEIL;5;0;0
BASTIA;42.69;9.45;14/08/2026;09:00;29.0;0;SOLEIL;5;0;0
BASTIA;42.69;9.45;14/08/2026;10:00;29.8;0;SOLEIL;5;0;0
BASTIA;42.69;9.45;14/08/2026;11:00;33.2;0;SOLEIL;3;0;0
BASTIA;42.69;9.45;14/08/2026;12:00;33.2;0;SOLEIL;3;0;0
BASTIA;42.69;9.45;14/08/2026;13:00;33.2;0;SOLEIL;3;0;0
BASTIA;42.69;9.45;14/08/2026;14:00;33.1;0;SOLEIL;5;0;0
BASTIA;42.69;9.45;14/08/2026;15:00;33.9;0;SOLEIL;5;0;0
BASTIA;42.69;9.45;14/08/2026;16:00;33.1;0;SOLEIL;5;0;0
BASTIA;42.69;9.45;14/08/2026;17:00;30.4;0;SOLEIL;2;0;0
BASTIA;42.69;9.45;14/08/2026;18:00;30.4;0;SOLEIL;2;0;0
BASTIA;42.69;9.45;14/08/2026;19:00;30.4;0;SOLEIL;2;0;0
BASTIA;42.69;9.45;14/08/2026;20:00;29.8;0;SOLEIL;5;0;0
BASTIA;42.69;9.45;14/08/2026;21:00;29.0;0;SOLEIL;5;0;0
BASTIA;42.69;9.45;14/08/2026;22:00;28.1;0;SOLEIL;5;0;0
BASTIA;42.69;9.45;14/08/2026;23:00;27.7;0;SOLEIL;2;0;0
BASTIA;42.69;9.45;15/08/2026;00:00;27.7;0;SOLEIL;2;0;0
BASTIA;42.69;9.45;15/08/2026;01:00;27.7;0;SOLEIL;2;0;0
BASTIA;42.69;9.45;15/08/2026;02:00;26.6;0;SOLEIL;5;0;0
BASTIA;42.69;9.45;15/08/2026;03:00;26.6;0;SOLEIL;5;0;0
BASTIA;42.69;9.45;15/08/2026;04:00;26.6;0;SOLEIL;5;0;0
BASTIA;42.69;9.45;15/08/2026;05:00;28.5;0;SOLEIL;1;0;0
BASTIA;42.69;9.45;15/08/2026;06:00;28.5;0;SOLEIL;1;0;0
BASTIA;42.69;9.45;15/08/2026;07:00;28.5;0;SOLEIL;1;0;0
BASTIA;42.69;9.45;15/08/2026;08:00;28.2;0;SOLEIL;5;0;0
BASTIA;42.69;9.45;15/08/2026;09:00;29.0;0;SOLEIL;5;0;0
BASTIA;42.69;9.45;15/08/2026;10:00;29.8;0;SOLEIL;5;0;0
BASTIA;42.69;9.45;15/08/2026;11:00;31.9;0;SOLEIL;2;0;0
BASTIA;42.69;9.45;15/08/2026;12:00;31.9;0;SOLEIL;2;0;0
BASTIA;42.69;9.45;15/08/2026;13:00;31.9;0;SOLEIL;2;0;0
BASTIA;42.69;9.45;15/08/2026;14:00;32.9;0;SOLEIL;5;0;0
BASTIA;42.69;9.45;15/08/2026;15:00;33.7;0;SOLEIL;5;0;0
BASTIA;42.69;9.45;15/08/2026;16:00;32.9;0;SOLEIL;5;0;0
BASTIA;42.69;9.45;15/08/2026;17:00;30.6;0;SOLEIL;0;0;0
BASTIA;42.69;9.45;15/08/2026;18:00;30.6;0;SOLEIL;0;0;0
BASTIA;42.69;9.45;15/08/2026;19:00;30.6;0;SOLEIL;0;0;0
BASTIA;42.69;9.45;15/08/2026;20:00;29.8;0;SOLEIL;5;0;0
BASTIA;42.69;9.45;15/08/2026;21:00;29.0;0;SOLEIL;5;0;0
BASTIA;42.69;9.45;15/08/2026;22:00;28.2;0;SOLEIL;5;0;0
BASTIA;42.69;9.45;15/08/2026;23:00;27.1;0;SOLEIL;1;0;0
ALENÇON;48.43;0.09;08/08/2026;00:00;16;0;SOLEIL;3;0;0
ALENÇON;48.43;0.09;08/08/2026;01:00;16;0;SOLEIL;3;0;0
ALENÇON;48.43;0.09;08/08/2026;02:00;14;0;SOLEIL;3;0;0
ALENÇON;48.43;0.09;08/08/2026;03:00;14;0;SOLEIL;3;0;0
ALENÇON;48.43;0.09;08/08/2026;04:00;14;0;SOLEIL;3;0;0
ALENÇON;48.43;0.09;08/08/2026;05:00;15.7;5;SOLEIL VOILÉ;3;0;0
ALENÇON;48.43;0.09;08/08/2026;06:00;15.7;5;SOLEIL VOILÉ;3;0;0
ALENÇON;48.43;0.09;08/08/2026;07:00;15.7;5;SOLEIL VOILÉ;3;0;0
ALENÇON;48.43;0.09;08/08/2026;08:00;23.6;5;SOLEIL VOILÉ;3;0;0
ALENÇON;48.43;0.09;08/08/2026;09:00;23.6;5;SOLEIL VOILÉ;3;0;0
ALENÇON;48.43;0.09;08/08/2026;10:00;23.6;5;SOLEIL VOILÉ;3;0;0
ALENÇON;48.43;0.09;08/08/2026;11:00;28.4;5;SOLEIL VOILÉ;2;0;0
ALENÇON;48.43;0.09;08/08/2026;12:00;28.4;5;SOLEIL VOILÉ;2;0;0
ALENÇON;48.43;0.09;08/08/2026;13:00;28.4;5;SOLEIL VOILÉ;2;0;0
ALENÇON;48.43;0.09;08/08/2026;14:00;30.1;0;SOLEIL;2;0;0
ALENÇON;48.43;0.09;08/08/2026;15:00;30.1;0;SOLEIL;2;0;0
ALENÇON;48.43;0.09;08/08/2026;16:00;30.1;0;SOLEIL;2;0;0
ALENÇON;48.43;0.09;08/08/2026;17:00;28.9;0;SOLEIL;2;0;0
ALENÇON;48.43;0.09;08/08/2026;18:00;28.9;0;SOLEIL;2;0;0
ALENÇON;48.43;0.09;08/08/2026;19:00;28.9;0;SOLEIL;2;0;0
ALENÇON;48.43;0.09;08/08/2026;20:00;22.2;0;SOLEIL;2;0;0
ALENÇON;48.43;0.09;08/08/2026;21:00;22.2;0;SOLEIL;2;0;0
ALENÇON;48.43;0.09;08/08/2026;22:00;22.2;0;SOLEIL;2;0;0
ALENÇON;48.43;0.09;08/08/2026;23:00;18.6;0;SOLEIL;2;0;0
ALENÇON;48.43;0.09;09/08/2026;00:00;18.6;0;SOLEIL;2;0;0
ALENÇON;48.43;0.09;09/08/2026;01:00;18.6;0;SOLEIL;2;0;0
ALENÇON;48.43;0.09;09/08/2026;02:00;17.5;5;SOLEIL VOILÉ;2;0;0
ALENÇON;48.43;0.09;09/08/2026;03:00;17.5;5;SOLEIL VOILÉ;2;0;0
ALENÇON;48.43;0.09;09/08/2026;04:00;17.5;5;SOLEIL VOILÉ;2;0;0
ALENÇON;48.43;0.09;09/08/2026;05:00;18.2;0;SOLEIL;2;0;0
ALENÇON;48.43;0.09;09/08/2026;06:00;18.2;0;SOLEIL;2;0;0
ALENÇON;48.43;0.09;09/08/2026;07:00;18.2;0;SOLEIL;2;0;0
ALENÇON;48.43;0.09;09/08/2026;08:00;25.9;0;SOLEIL;0;0;0
ALENÇON;48.43;0.09;09/08/2026;09:00;25.9;0;SOLEIL;0;0;0
ALENÇON;48.43;0.09;09/08/2026;10:00;25.9;0;SOLEIL;0;0;0
ALENÇON;48.43;0.09;09/08/2026;11:00;28.7;0;SOLEIL;2;0;0
ALENÇON;48.43;0.09;09/08/2026;12:00;28.7;0;SOLEIL;2;0;0
ALENÇON;48.43;0.09;09/08/2026;13:00;28.7;0;SOLEIL;2;0;0
ALENÇON;48.43;0.09;09/08/2026;14:00;30.4;0;SOLEIL;4;0;0
ALENÇON;48.43;0.09;09/08/2026;15:00;30.4;0;SOLEIL;4;0;0
ALENÇON;48.43;0.09;09/08/2026;16:00;30.4;0;SOLEIL;4;0;0
ALENÇON;48.43;0.09;09/08/2026;17:00;28;0;SOLEIL;3;0;0
ALENÇON;48.43;0.09;09/08/2026;18:00;28;0;SOLEIL;3;0;0
ALENÇON;48.43;0.09;09/08/2026;19:00;28;0;SOLEIL;3;0;0
ALENÇON;48.43;0.09;09/08/2026;20:00;21.2;0;SOLEIL;5;0;0
ALENÇON;48.43;0.09;09/08/2026;21:00;19.3;0;SOLEIL;5;0;0
ALENÇON;48.43;0.09;09/08/2026;22:00;17.4;0;SOLEIL;5;0;0
ALENÇON;48.43;0.09;09/08/2026;23:00;19.5;0;SOLEIL;3;0;0
ALENÇON;48.43;0.09;10/08/2026;00:00;19.5;0;SOLEIL;3;0;0
ALENÇON;48.43;0.09;10/08/2026;01:00;19.5;0;SOLEIL;3;0;0
ALENÇON;48.43;0.09;10/08/2026;02:00;16.6;0;SOLEIL;5;0;0
ALENÇON;48.43;0.09;10/08/2026;03:00;16.6;0;SOLEIL;5;0;0
ALENÇON;48.43;0.09;10/08/2026;04:00;16.6;0;SOLEIL;5;0;0
ALENÇON;48.43;0.09;10/08/2026;05:00;18.5;0;SOLEIL;3;0;0
ALENÇON;48.43;0.09;10/08/2026;06:00;18.5;0;SOLEIL;3;0;0
ALENÇON;48.43;0.09;10/08/2026;07:00;18.5;0;SOLEIL;3;0;0
ALENÇON;48.43;0.09;10/08/2026;08:00;19.8;0;SOLEIL;5;0;0
ALENÇON;48.43;0.09;10/08/2026;09:00;21.4;0;SOLEIL;5;0;0
ALENÇON;48.43;0.09;10/08/2026;10:00;23.0;0;SOLEIL;5;0;0
ALENÇON;48.43;0.09;10/08/2026;11:00;28.1;0;SOLEIL;3;0;0
ALENÇON;48.43;0.09;10/08/2026;12:00;28.1;0;SOLEIL;3;0;0
ALENÇON;48.43;0.09;10/08/2026;13:00;28.1;0;SOLEIL;3;0;0
ALENÇON;48.43;0.09;10/08/2026;14:00;29.5;0;SOLEIL;5;0;0
ALENÇON;48.43;0.09;10/08/2026;15:00;31.1;0;SOLEIL;5;0;0
ALENÇON;48.43;0.09;10/08/2026;16:00;29.5;0;SOLEIL;5;0;0
ALENÇON;48.43;0.09;10/08/2026;17:00;28.4;0;SOLEIL;4;0;0
ALENÇON;48.43;0.09;10/08/2026;18:00;28.4;0;SOLEIL;4;0;0
ALENÇON;48.43;0.09;10/08/2026;19:00;28.4;0;SOLEIL;4;0;0
ALENÇON;48.43;0.09;10/08/2026;20:00;23.0;0;SOLEIL;5;0;0
ALENÇON;48.43;0.09;10/08/2026;21:00;21.4;0;SOLEIL;5;0;0
ALENÇON;48.43;0.09;10/08/2026;22:00;19.8;0;SOLEIL;5;0;0
ALENÇON;48.43;0.09;10/08/2026;23:00;18.9;0;SOLEIL;4;0;0
ALENÇON;48.43;0.09;11/08/2026;00:00;18.9;0;SOLEIL;4;0;0
ALENÇON;48.43;0.09;11/08/2026;01:00;18.9;0;SOLEIL;4;0;0
ALENÇON;48.43;0.09;11/08/2026;02:00;17.1;0;SOLEIL;5;0;0
ALENÇON;48.43;0.09;11/08/2026;03:00;17.1;0;SOLEIL;5;0;0
ALENÇON;48.43;0.09;11/08/2026;04:00;17.1;0;SOLEIL;5;0;0
ALENÇON;48.43;0.09;11/08/2026;05:00;18.5;0;SOLEIL;3;0;0
ALENÇON;48.43;0.09;11/08/2026;06:00;18.5;0;SOLEIL;3;0;0
ALENÇON;48.43;0.09;11/08/2026;07:00;18.5;0;SOLEIL;3;0;0
ALENÇON;48.43;0.09;11/08/2026;08:00;20.2;0;SOLEIL;5;0;0
ALENÇON;48.43;0.09;11/08/2026;09:00;21.8;0;SOLEIL;5;0;0
ALENÇON;48.43;0.09;11/08/2026;10:00;23.3;0;SOLEIL;5;0;0
ALENÇON;48.43;0.09;11/08/2026;11:00;29.4;0;SOLEIL;3;0;0
ALENÇON;48.43;0.09;11/08/2026;12:00;29.4;0;SOLEIL;3;0;0
ALENÇON;48.43;0.09;11/08/2026;13:00;29.4;0;SOLEIL;3;0;0
ALENÇON;48.43;0.09;11/08/2026;14:00;29.5;0;SOLEIL;5;0;0
ALENÇON;48.43;0.09;11/08/2026;15:00;31.1;0;SOLEIL;5;0;0
ALENÇON;48.43;0.09;11/08/2026;16:00;29.5;0;SOLEIL;5;0;0
ALENÇON;48.43;0.09;11/08/2026;17:00;30.2;0;SOLEIL;3;0;0
ALENÇON;48.43;0.09;11/08/2026;18:00;30.2;0;SOLEIL;3;0;0
ALENÇON;48.43;0.09;11/08/2026;19:00;30.2;0;SOLEIL;3;0;0
ALENÇON;48.43;0.09;11/08/2026;20:00;23.3;0;SOLEIL;5;0;0
ALENÇON;48.43;0.09;11/08/2026;21:00;21.8;0;SOLEIL;5;0;0
ALENÇON;48.43;0.09;11/08/2026;22:00;20.2;0;SOLEIL;5;0;0
ALENÇON;48.43;0.09;11/08/2026;23:00;21.7;0;SOLEIL;4;0;0
ALENÇON;48.43;0.09;12/08/2026;00:00;21.7;0;SOLEIL;4;0;0
ALENÇON;48.43;0.09;12/08/2026;01:00;21.7;0;SOLEIL;4;0;0
ALENÇON;48.43;0.09;12/08/2026;02:00;16.9;0;SOLEIL;5;0;0
ALENÇON;48.43;0.09;12/08/2026;03:00;16.9;0;SOLEIL;5;0;0
ALENÇON;48.43;0.09;12/08/2026;04:00;16.9;0;SOLEIL;5;0;0
ALENÇON;48.43;0.09;12/08/2026;05:00;20.2;0;SOLEIL;3;0;0
ALENÇON;48.43;0.09;12/08/2026;06:00;20.2;0;SOLEIL;3;0;0
ALENÇON;48.43;0.09;12/08/2026;07:00;20.2;0;SOLEIL;3;0;0
ALENÇON;48.43;0.09;12/08/2026;08:00;20.4;0;SOLEIL;5;0;0
ALENÇON;48.43;0.09;12/08/2026;09:00;22.1;0;SOLEIL;5;0;0
ALENÇON;48.43;0.09;12/08/2026;10:00;23.8;0;SOLEIL;5;0;0
ALENÇON;48.43;0.09;12/08/2026;11:00;32.5;0;SOLEIL;4;0;0
ALENÇON;48.43;0.09;12/08/2026;12:00;32.5;0;SOLEIL;4;0;0
ALENÇON;48.43;0.09;12/08/2026;13:00;32.5;0;SOLEIL;4;0;0
ALENÇON;48.43;0.09;12/08/2026;14:00;30.8;0;SOLEIL;5;0;0
ALENÇON;48.43;0.09;12/08/2026;15:00;32.5;0;SOLEIL;5;0;0
ALENÇON;48.43;0.09;12/08/2026;16:00;30.8;0;SOLEIL;5;0;0
ALENÇON;48.43;0.09;12/08/2026;17:00;33.1;0;SOLEIL;2;0;0
ALENÇON;48.43;0.09;12/08/2026;18:00;33.1;0;SOLEIL;2;0;0
ALENÇON;48.43;0.09;12/08/2026;19:00;33.1;0;SOLEIL;2;0;0
ALENÇON;48.43;0.09;12/08/2026;20:00;23.8;0;SOLEIL;5;0;0
ALENÇON;48.43;0.09;12/08/2026;21:00;22.1;0;SOLEIL;5;0;0
ALENÇON;48.43;0.09;12/08/2026;22:00;20.4;0;SOLEIL;5;0;0
ALENÇON;48.43;0.09;12/08/2026;23:00;22.6;0;SOLEIL;4;0;0
ALENÇON;48.43;0.09;13/08/2026;00:00;22.6;0;SOLEIL;4;0;0
ALENÇON;48.43;0.09;13/08/2026;01:00;22.6;0;SOLEIL;4;0;0
ALENÇON;48.43;0.09;13/08/2026;02:00;19.4;0;SOLEIL;5;0;0
ALENÇON;48.43;0.09;13/08/2026;03:00;19.4;0;SOLEIL;5;0;0
ALENÇON;48.43;0.09;13/08/2026;04:00;19.4;0;SOLEIL;5;0;0
ALENÇON;48.43;0.09;13/08/2026;05:00;20.6;0;SOLEIL;3;0;0
ALENÇON;48.43;0.09;13/08/2026;06:00;20.6;0;SOLEIL;3;0;0
ALENÇON;48.43;0.09;13/08/2026;07:00;20.6;0;SOLEIL;3;0;0
ALENÇON;48.43;0.09;13/08/2026;08:00;23.0;0;SOLEIL;5;0;0
ALENÇON;48.43;0.09;13/08/2026;09:00;24.8;0;SOLEIL;5;0;0
ALENÇON;48.43;0.09;13/08/2026;10:00;26.6;0;SOLEIL;5;0;0
ALENÇON;48.43;0.09;13/08/2026;11:00;32.2;0;SOLEIL;3;0;0
ALENÇON;48.43;0.09;13/08/2026;12:00;32.2;0;SOLEIL;3;0;0
ALENÇON;48.43;0.09;13/08/2026;13:00;32.2;0;SOLEIL;3;0;0
ALENÇON;48.43;0.09;13/08/2026;14:00;33.8;0;SOLEIL;5;0;0
ALENÇON;48.43;0.09;13/08/2026;15:00;35.6;0;SOLEIL;5;0;0
ALENÇON;48.43;0.09;13/08/2026;16:00;33.8;0;SOLEIL;5;0;0
ALENÇON;48.43;0.09;13/08/2026;17:00;31.2;0;SOLEIL;4;0;0
ALENÇON;48.43;0.09;13/08/2026;18:00;31.2;0;SOLEIL;4;0;0
ALENÇON;48.43;0.09;13/08/2026;19:00;31.2;0;SOLEIL;4;0;0
ALENÇON;48.43;0.09;13/08/2026;20:00;26.6;0;SOLEIL;5;0;0
ALENÇON;48.43;0.09;13/08/2026;21:00;24.8;0;SOLEIL;5;0;0
ALENÇON;48.43;0.09;13/08/2026;22:00;23.0;0;SOLEIL;5;0;0
ALENÇON;48.43;0.09;13/08/2026;23:00;21.2;0;SOLEIL;4;0;0
ALENÇON;48.43;0.09;14/08/2026;00:00;21.2;0;SOLEIL;4;0;0
ALENÇON;48.43;0.09;14/08/2026;01:00;21.2;0;SOLEIL;4;0;0
ALENÇON;48.43;0.09;14/08/2026;02:00;19;0;SOLEIL;5;0;0
ALENÇON;48.43;0.09;14/08/2026;03:00;19;0;SOLEIL;5;0;0
ALENÇON;48.43;0.09;14/08/2026;04:00;19;0;SOLEIL;5;0;0
ALENÇON;48.43;0.09;14/08/2026;05:00;19.6;0;SOLEIL;3;0;0
ALENÇON;48.43;0.09;14/08/2026;06:00;19.6;0;SOLEIL;3;0;0
ALENÇON;48.43;0.09;14/08/2026;07:00;19.6;0;SOLEIL;3;0;0
ALENÇON;48.43;0.09;14/08/2026;08:00;22.5;0;SOLEIL;5;0;0
ALENÇON;48.43;0.09;14/08/2026;09:00;24.2;0;SOLEIL;5;0;0
ALENÇON;48.43;0.09;14/08/2026;10:00;25.9;0;SOLEIL;5;0;0
ALENÇON;48.43;0.09;14/08/2026;11:00;28.1;0;SOLEIL;3;0;0
ALENÇON;48.43;0.09;14/08/2026;12:00;28.1;0;SOLEIL;3;0;0
ALENÇON;48.43;0.09;14/08/2026;13:00;28.1;0;SOLEIL;3;0;0
ALENÇON;48.43;0.09;14/08/2026;14:00;32.9;0;SOLEIL;5;0;0
ALENÇON;48.43;0.09;14/08/2026;15:00;34.6;0;SOLEIL;5;0;0
ALENÇON;48.43;0.09;14/08/2026;16:00;32.9;0;SOLEIL;5;0;0
ALENÇON;48.43;0.09;14/08/2026;17:00;27.5;0;SOLEIL;4;0;0
ALENÇON;48.43;0.09;14/08/2026;18:00;27.5;0;SOLEIL;4;0;0
ALENÇON;48.43;0.09;14/08/2026;19:00;27.5;0;SOLEIL;4;0;0
ALENÇON;48.43;0.09;14/08/2026;20:00;25.9;0;SOLEIL;5;0;0
ALENÇON;48.43;0.09;14/08/2026;21:00;24.2;0;SOLEIL;5;0;0
ALENÇON;48.43;0.09;14/08/2026;22:00;22.5;0;SOLEIL;5;0;0
ALENÇON;48.43;0.09;14/08/2026;23:00;20.1;0;SOLEIL;3;0;0
ALENÇON;48.43;0.09;15/08/2026;00:00;20.1;0;SOLEIL;3;0;0
ALENÇON;48.43;0.09;15/08/2026;01:00;20.1;0;SOLEIL;3;0;0
ALENÇON;48.43;0.09;15/08/2026;02:00;18.2;0;SOLEIL;5;0;0
ALENÇON;48.43;0.09;15/08/2026;03:00;18.2;0;SOLEIL;5;0;0
ALENÇON;48.43;0.09;15/08/2026;04:00;18.2;0;SOLEIL;5;0;0
ALENÇON;48.43;0.09;15/08/2026;05:00;17.6;0;SOLEIL;3;0;0
ALENÇON;48.43;0.09;15/08/2026;06:00;17.6;0;SOLEIL;3;0;0
ALENÇON;48.43;0.09;15/08/2026;07:00;17.6;0;SOLEIL;3;0;0
ALENÇON;48.43;0.09;15/08/2026;08:00;20.9;0;SOLEIL;5;0;0
ALENÇON;48.43;0.09;15/08/2026;09:00;22.2;0;SOLEIL;5;0;0
ALENÇON;48.43;0.09;15/08/2026;10:00;23.5;0;SOLEIL;5;0;0
ALENÇON;48.43;0.09;15/08/2026;11:00;26.1;0;SOLEIL;3;0;0
ALENÇON;48.43;0.09;15/08/2026;12:00;26.1;0;SOLEIL;3;0;0
ALENÇON;48.43;0.09;15/08/2026;13:00;26.1;0;SOLEIL;3;0;0
ALENÇON;48.43;0.09;15/08/2026;14:00;28.9;0;SOLEIL;5;0;0
ALENÇON;48.43;0.09;15/08/2026;15:00;30.2;0;SOLEIL;5;0;0
ALENÇON;48.43;0.09;15/08/2026;16:00;28.9;0;SOLEIL;5;0;0
ALENÇON;48.43;0.09;15/08/2026;17:00;25.6;0;SOLEIL;4;0;0
ALENÇON;48.43;0.09;15/08/2026;18:00;25.6;0;SOLEIL;4;0;0
ALENÇON;48.43;0.09;15/08/2026;19:00;25.6;0;SOLEIL;4;0;0
ALENÇON;48.43;0.09;15/08/2026;20:00;23.5;0;SOLEIL;5;0;0
ALENÇON;48.43;0.09;15/08/2026;21:00;22.2;0;SOLEIL;5;0;0
ALENÇON;48.43;0.09;15/08/2026;22:00;20.9;0;SOLEIL;5;0;0
ALENÇON;48.43;0.09;15/08/2026;23:00;19.1;0;SOLEIL;3;0;0
BOURG-ST-MAURICE;45.62;6.77;08/08/2026;00:00;17.5;0;SOLEIL;1;0;0
BOURG-ST-MAURICE;45.62;6.77;08/08/2026;01:00;17.5;0;SOLEIL;1;0;0
BOURG-ST-MAURICE;45.62;6.77;08/08/2026;02:00;15.1;0;SOLEIL;1;0;0
BOURG-ST-MAURICE;45.62;6.77;08/08/2026;03:00;15.1;0;SOLEIL;1;0;0
BOURG-ST-MAURICE;45.62;6.77;08/08/2026;04:00;15.1;0;SOLEIL;1;0;0
BOURG-ST-MAURICE;45.62;6.77;08/08/2026;05:00;17;0;SOLEIL;1;0;0
BOURG-ST-MAURICE;45.62;6.77;08/08/2026;06:00;17;0;SOLEIL;1;0;0
BOURG-ST-MAURICE;45.62;6.77;08/08/2026;07:00;17;0;SOLEIL;1;0;0
BOURG-ST-MAURICE;45.62;6.77;08/08/2026;08:00;25.1;0;SOLEIL;1;0;0
BOURG-ST-MAURICE;45.62;6.77;08/08/2026;09:00;25.1;0;SOLEIL;1;0;0
BOURG-ST-MAURICE;45.62;6.77;08/08/2026;10:00;25.1;0;SOLEIL;1;0;0
BOURG-ST-MAURICE;45.62;6.77;08/08/2026;11:00;31.5;0;SOLEIL;2;0;0
BOURG-ST-MAURICE;45.62;6.77;08/08/2026;12:00;31.5;0;SOLEIL;2;0;0
BOURG-ST-MAURICE;45.62;6.77;08/08/2026;13:00;31.5;0;SOLEIL;2;0;0
BOURG-ST-MAURICE;45.62;6.77;08/08/2026;14:00;33.7;0;SOLEIL;2;0;0
BOURG-ST-MAURICE;45.62;6.77;08/08/2026;15:00;33.7;0;SOLEIL;2;0;0
BOURG-ST-MAURICE;45.62;6.77;08/08/2026;16:00;33.7;0;SOLEIL;2;0;0
BOURG-ST-MAURICE;45.62;6.77;08/08/2026;17:00;29.1;0;SOLEIL;1;0;0
BOURG-ST-MAURICE;45.62;6.77;08/08/2026;18:00;29.1;0;SOLEIL;1;0;0
BOURG-ST-MAURICE;45.62;6.77;08/08/2026;19:00;29.1;0;SOLEIL;1;0;0
BOURG-ST-MAURICE;45.62;6.77;08/08/2026;20:00;22.6;0;SOLEIL;1;0;0
BOURG-ST-MAURICE;45.62;6.77;08/08/2026;21:00;22.6;0;SOLEIL;1;0;0
BOURG-ST-MAURICE;45.62;6.77;08/08/2026;22:00;22.6;0;SOLEIL;1;0;0
BOURG-ST-MAURICE;45.62;6.77;08/08/2026;23:00;19.6;0;SOLEIL;1;0;0
BOURG-ST-MAURICE;45.62;6.77;09/08/2026;00:00;19.6;0;SOLEIL;1;0;0
BOURG-ST-MAURICE;45.62;6.77;09/08/2026;01:00;19.6;0;SOLEIL;1;0;0
BOURG-ST-MAURICE;45.62;6.77;09/08/2026;02:00;18.1;0;SOLEIL;1;0;0
BOURG-ST-MAURICE;45.62;6.77;09/08/2026;03:00;18.1;0;SOLEIL;1;0;0
BOURG-ST-MAURICE;45.62;6.77;09/08/2026;04:00;18.1;0;SOLEIL;1;0;0
BOURG-ST-MAURICE;45.62;6.77;09/08/2026;05:00;19.1;0;SOLEIL;1;0;0
BOURG-ST-MAURICE;45.62;6.77;09/08/2026;06:00;19.1;0;SOLEIL;1;0;0
BOURG-ST-MAURICE;45.62;6.77;09/08/2026;07:00;19.1;0;SOLEIL;1;0;0
BOURG-ST-MAURICE;45.62;6.77;09/08/2026;08:00;27.1;0;SOLEIL;1;0;0
BOURG-ST-MAURICE;45.62;6.77;09/08/2026;09:00;27.1;0;SOLEIL;1;0;0
BOURG-ST-MAURICE;45.62;6.77;09/08/2026;10:00;27.1;0;SOLEIL;1;0;0
BOURG-ST-MAURICE;45.62;6.77;09/08/2026;11:00;31.4;0;SOLEIL;2;0;0
BOURG-ST-MAURICE;45.62;6.77;09/08/2026;12:00;31.4;0;SOLEIL;2;0;0
BOURG-ST-MAURICE;45.62;6.77;09/08/2026;13:00;31.4;0;SOLEIL;2;0;0
BOURG-ST-MAURICE;45.62;6.77;09/08/2026;14:00;30.5;0;SOLEIL;2;11;0
BOURG-ST-MAURICE;45.62;6.77;09/08/2026;15:00;30.5;0;SOLEIL;2;11;0
BOURG-ST-MAURICE;45.62;6.77;09/08/2026;16:00;30.5;0;SOLEIL;2;11;0
BOURG-ST-MAURICE;45.62;6.77;09/08/2026;17:00;23.7;6;AVERSES;1;0;0
BOURG-ST-MAURICE;45.62;6.77;09/08/2026;18:00;23.7;6;AVERSES;1;0;0
BOURG-ST-MAURICE;45.62;6.77;09/08/2026;19:00;23.7;6;AVERSES;1;0;0
BOURG-ST-MAURICE;45.62;6.77;09/08/2026;20:00;23.0;0;SOLEIL;5;0;0
BOURG-ST-MAURICE;45.62;6.77;09/08/2026;21:00;20.8;0;SOLEIL;5;0;0
BOURG-ST-MAURICE;45.62;6.77;09/08/2026;22:00;18.6;0;SOLEIL;5;0;0
BOURG-ST-MAURICE;45.62;6.77;09/08/2026;23:00;19.2;0;SOLEIL;1;0;0
BOURG-ST-MAURICE;45.62;6.77;10/08/2026;00:00;19.2;0;SOLEIL;1;0;0
BOURG-ST-MAURICE;45.62;6.77;10/08/2026;01:00;19.2;0;SOLEIL;1;0;0
BOURG-ST-MAURICE;45.62;6.77;10/08/2026;02:00;17.6;6;AVERSES;5;0;0
BOURG-ST-MAURICE;45.62;6.77;10/08/2026;03:00;17.6;6;AVERSES;5;0;0
BOURG-ST-MAURICE;45.62;6.77;10/08/2026;04:00;17.6;6;AVERSES;5;0;0
BOURG-ST-MAURICE;45.62;6.77;10/08/2026;05:00;18.1;0;SOLEIL;1;0;0
BOURG-ST-MAURICE;45.62;6.77;10/08/2026;06:00;18.1;0;SOLEIL;1;0;0
BOURG-ST-MAURICE;45.62;6.77;10/08/2026;07:00;18.1;0;SOLEIL;1;0;0
BOURG-ST-MAURICE;45.62;6.77;10/08/2026;08:00;20.9;6;AVERSES;5;0;0
BOURG-ST-MAURICE;45.62;6.77;10/08/2026;09:00;22.6;6;AVERSES;5;0;0
BOURG-ST-MAURICE;45.62;6.77;10/08/2026;10:00;24.3;6;AVERSES;5;0;0
BOURG-ST-MAURICE;45.62;6.77;10/08/2026;11:00;29.6;6;AVERSES;2;0;0
BOURG-ST-MAURICE;45.62;6.77;10/08/2026;12:00;29.6;6;AVERSES;2;0;0
BOURG-ST-MAURICE;45.62;6.77;10/08/2026;13:00;29.6;6;AVERSES;2;0;0
BOURG-ST-MAURICE;45.62;6.77;10/08/2026;14:00;30.9;6;AVERSES;5;0;0
BOURG-ST-MAURICE;45.62;6.77;10/08/2026;15:00;32.6;6;AVERSES;5;0;0
BOURG-ST-MAURICE;45.62;6.77;10/08/2026;16:00;30.9;6;AVERSES;5;0;0
BOURG-ST-MAURICE;45.62;6.77;10/08/2026;17:00;24.9;6;AVERSES;1;0;0
BOURG-ST-MAURICE;45.62;6.77;10/08/2026;18:00;24.9;6;AVERSES;1;0;0
BOURG-ST-MAURICE;45.62;6.77;10/08/2026;19:00;24.9;6;AVERSES;1;0;0
BOURG-ST-MAURICE;45.62;6.77;10/08/2026;20:00;24.3;6;AVERSES;5;0;0
BOURG-ST-MAURICE;45.62;6.77;10/08/2026;21:00;22.6;6;AVERSES;5;0;0
BOURG-ST-MAURICE;45.62;6.77;10/08/2026;22:00;20.9;6;AVERSES;5;0;0
BOURG-ST-MAURICE;45.62;6.77;10/08/2026;23:00;17.4;0;SOLEIL;1;0;0
BOURG-ST-MAURICE;45.62;6.77;11/08/2026;00:00;17.4;0;SOLEIL;1;0;0
BOURG-ST-MAURICE;45.62;6.77;11/08/2026;01:00;17.4;0;SOLEIL;1;0;0
BOURG-ST-MAURICE;45.62;6.77;11/08/2026;02:00;16.1;6;AVERSES;5;0;0
BOURG-ST-MAURICE;45.62;6.77;11/08/2026;03:00;16.1;6;AVERSES;5;0;0
BOURG-ST-MAURICE;45.62;6.77;11/08/2026;04:00;16.1;6;AVERSES;5;0;0
BOURG-ST-MAURICE;45.62;6.77;11/08/2026;05:00;18.2;0;SOLEIL;1;0;0
BOURG-ST-MAURICE;45.62;6.77;11/08/2026;06:00;18.2;0;SOLEIL;1;0;0
BOURG-ST-MAURICE;45.62;6.77;11/08/2026;07:00;18.2;0;SOLEIL;1;0;0
BOURG-ST-MAURICE;45.62;6.77;11/08/2026;08:00;19.5;6;AVERSES;5;0;0
BOURG-ST-MAURICE;45.62;6.77;11/08/2026;09:00;21.3;6;AVERSES;5;0;0
BOURG-ST-MAURICE;45.62;6.77;11/08/2026;10:00;23.0;6;AVERSES;5;0;0
BOURG-ST-MAURICE;45.62;6.77;11/08/2026;11:00;31;0;SOLEIL;2;0;0
BOURG-ST-MAURICE;45.62;6.77;11/08/2026;12:00;31;0;SOLEIL;2;0;0
BOURG-ST-MAURICE;45.62;6.77;11/08/2026;13:00;31;0;SOLEIL;2;0;0
BOURG-ST-MAURICE;45.62;6.77;11/08/2026;14:00;29.9;6;AVERSES;5;0;0
BOURG-ST-MAURICE;45.62;6.77;11/08/2026;15:00;31.6;6;AVERSES;5;0;0
BOURG-ST-MAURICE;45.62;6.77;11/08/2026;16:00;29.9;6;AVERSES;5;0;0
BOURG-ST-MAURICE;45.62;6.77;11/08/2026;17:00;25.7;6;AVERSES;1;0;0
BOURG-ST-MAURICE;45.62;6.77;11/08/2026;18:00;25.7;6;AVERSES;1;0;0
BOURG-ST-MAURICE;45.62;6.77;11/08/2026;19:00;25.7;6;AVERSES;1;0;0
BOURG-ST-MAURICE;45.62;6.77;11/08/2026;20:00;23.0;6;AVERSES;5;0;0
BOURG-ST-MAURICE;45.62;6.77;11/08/2026;21:00;21.3;6;AVERSES;5;0;0
BOURG-ST-MAURICE;45.62;6.77;11/08/2026;22:00;19.5;6;AVERSES;5;0;0
BOURG-ST-MAURICE;45.62;6.77;11/08/2026;23:00;18.4;0;SOLEIL;1;0;0
BOURG-ST-MAURICE;45.62;6.77;12/08/2026;00:00;18.4;0;SOLEIL;1;0;0
BOURG-ST-MAURICE;45.62;6.77;12/08/2026;01:00;18.4;0;SOLEIL;1;0;0
BOURG-ST-MAURICE;45.62;6.77;12/08/2026;02:00;15.6;0;SOLEIL;5;0;0
BOURG-ST-MAURICE;45.62;6.77;12/08/2026;03:00;15.6;0;SOLEIL;5;0;0
BOURG-ST-MAURICE;45.62;6.77;12/08/2026;04:00;15.6;0;SOLEIL;5;0;0
BOURG-ST-MAURICE;45.62;6.77;12/08/2026;05:00;19.6;0;SOLEIL;2;0;0
BOURG-ST-MAURICE;45.62;6.77;12/08/2026;06:00;19.6;0;SOLEIL;2;0;0
BOURG-ST-MAURICE;45.62;6.77;12/08/2026;07:00;19.6;0;SOLEIL;2;0;0
BOURG-ST-MAURICE;45.62;6.77;12/08/2026;08:00;19.5;0;SOLEIL;5;0;0
BOURG-ST-MAURICE;45.62;6.77;12/08/2026;09:00;21.4;0;SOLEIL;5;0;0
BOURG-ST-MAURICE;45.62;6.77;12/08/2026;10:00;23.4;0;SOLEIL;5;0;0
BOURG-ST-MAURICE;45.62;6.77;12/08/2026;11:00;32.1;0;SOLEIL;2;0;0
BOURG-ST-MAURICE;45.62;6.77;12/08/2026;12:00;32.1;0;SOLEIL;2;0;0
BOURG-ST-MAURICE;45.62;6.77;12/08/2026;13:00;32.1;0;SOLEIL;2;0;0
BOURG-ST-MAURICE;45.62;6.77;12/08/2026;14:00;31.2;0;SOLEIL;5;0;0
BOURG-ST-MAURICE;45.62;6.77;12/08/2026;15:00;33.1;0;SOLEIL;5;0;0
BOURG-ST-MAURICE;45.62;6.77;12/08/2026;16:00;31.2;0;SOLEIL;5;0;0
BOURG-ST-MAURICE;45.62;6.77;12/08/2026;17:00;26.4;6;AVERSES;0;0;0
BOURG-ST-MAURICE;45.62;6.77;12/08/2026;18:00;26.4;6;AVERSES;0;0;0
BOURG-ST-MAURICE;45.62;6.77;12/08/2026;19:00;26.4;6;AVERSES;0;0;0
BOURG-ST-MAURICE;45.62;6.77;12/08/2026;20:00;23.4;0;SOLEIL;5;0;0
BOURG-ST-MAURICE;45.62;6.77;12/08/2026;21:00;21.4;0;SOLEIL;5;0;0
BOURG-ST-MAURICE;45.62;6.77;12/08/2026;22:00;19.5;0;SOLEIL;5;0;0
BOURG-ST-MAURICE;45.62;6.77;12/08/2026;23:00;18.9;0;SOLEIL;1;0;0
BOURG-ST-MAURICE;45.62;6.77;13/08/2026;00:00;18.9;0;SOLEIL;1;0;0
BOURG-ST-MAURICE;45.62;6.77;13/08/2026;01:00;18.9;0;SOLEIL;1;0;0
BOURG-ST-MAURICE;45.62;6.77;13/08/2026;02:00;16.6;0;SOLEIL;5;0;0
BOURG-ST-MAURICE;45.62;6.77;13/08/2026;03:00;16.6;0;SOLEIL;5;0;0
BOURG-ST-MAURICE;45.62;6.77;13/08/2026;04:00;16.6;0;SOLEIL;5;0;0
BOURG-ST-MAURICE;45.62;6.77;13/08/2026;05:00;19.2;0;SOLEIL;2;0;0
BOURG-ST-MAURICE;45.62;6.77;13/08/2026;06:00;19.2;0;SOLEIL;2;0;0
BOURG-ST-MAURICE;45.62;6.77;13/08/2026;07:00;19.2;0;SOLEIL;2;0;0
BOURG-ST-MAURICE;45.62;6.77;13/08/2026;08:00;20.3;0;SOLEIL;5;0;0
BOURG-ST-MAURICE;45.62;6.77;13/08/2026;09:00;22.1;0;SOLEIL;5;0;0
BOURG-ST-MAURICE;45.62;6.77;13/08/2026;10:00;23.9;0;SOLEIL;5;0;0
BOURG-ST-MAURICE;45.62;6.77;13/08/2026;11:00;32.6;0;SOLEIL;2;0;0
BOURG-ST-MAURICE;45.62;6.77;13/08/2026;12:00;32.6;0;SOLEIL;2;0;0
BOURG-ST-MAURICE;45.62;6.77;13/08/2026;13:00;32.6;0;SOLEIL;2;0;0
BOURG-ST-MAURICE;45.62;6.77;13/08/2026;14:00;31.3;0;SOLEIL;5;0;0
BOURG-ST-MAURICE;45.62;6.77;13/08/2026;15:00;33.1;0;SOLEIL;5;0;0
BOURG-ST-MAURICE;45.62;6.77;13/08/2026;16:00;31.3;0;SOLEIL;5;0;0
BOURG-ST-MAURICE;45.62;6.77;13/08/2026;17:00;27.1;6;AVERSES;1;0;0
BOURG-ST-MAURICE;45.62;6.77;13/08/2026;18:00;27.1;6;AVERSES;1;0;0
BOURG-ST-MAURICE;45.62;6.77;13/08/2026;19:00;27.1;6;AVERSES;1;0;0
BOURG-ST-MAURICE;45.62;6.77;13/08/2026;20:00;23.9;0;SOLEIL;5;0;0
BOURG-ST-MAURICE;45.62;6.77;13/08/2026;21:00;22.1;0;SOLEIL;5;0;0
BOURG-ST-MAURICE;45.62;6.77;13/08/2026;22:00;20.3;0;SOLEIL;5;0;0
BOURG-ST-MAURICE;45.62;6.77;13/08/2026;23:00;18.9;0;SOLEIL;1;0;0
BOURG-ST-MAURICE;45.62;6.77;14/08/2026;00:00;18.9;0;SOLEIL;1;0;0
BOURG-ST-MAURICE;45.62;6.77;14/08/2026;01:00;18.9;0;SOLEIL;1;0;0
BOURG-ST-MAURICE;45.62;6.77;14/08/2026;02:00;16.6;0;SOLEIL;5;0;0
BOURG-ST-MAURICE;45.62;6.77;14/08/2026;03:00;16.6;0;SOLEIL;5;0;0
BOURG-ST-MAURICE;45.62;6.77;14/08/2026;04:00;16.6;0;SOLEIL;5;0;0
BOURG-ST-MAURICE;45.62;6.77;14/08/2026;05:00;19.6;0;SOLEIL;2;0;0
BOURG-ST-MAURICE;45.62;6.77;14/08/2026;06:00;19.6;0;SOLEIL;2;0;0
BOURG-ST-MAURICE;45.62;6.77;14/08/2026;07:00;19.6;0;SOLEIL;2;0;0
BOURG-ST-MAURICE;45.62;6.77;14/08/2026;08:00;20.4;0;SOLEIL;5;0;0
BOURG-ST-MAURICE;45.62;6.77;14/08/2026;09:00;22.3;0;SOLEIL;5;0;0
BOURG-ST-MAURICE;45.62;6.77;14/08/2026;10:00;24.2;0;SOLEIL;5;0;0
BOURG-ST-MAURICE;45.62;6.77;14/08/2026;11:00;31.4;0;SOLEIL;2;0;0
BOURG-ST-MAURICE;45.62;6.77;14/08/2026;12:00;31.4;0;SOLEIL;2;0;0
BOURG-ST-MAURICE;45.62;6.77;14/08/2026;13:00;31.4;0;SOLEIL;2;0;0
BOURG-ST-MAURICE;45.62;6.77;14/08/2026;14:00;31.7;0;SOLEIL;5;0;0
BOURG-ST-MAURICE;45.62;6.77;14/08/2026;15:00;33.6;0;SOLEIL;5;0;0
BOURG-ST-MAURICE;45.62;6.77;14/08/2026;16:00;31.7;0;SOLEIL;5;0;0
BOURG-ST-MAURICE;45.62;6.77;14/08/2026;17:00;24.9;6;AVERSES;1;0;0
BOURG-ST-MAURICE;45.62;6.77;14/08/2026;18:00;24.9;6;AVERSES;1;0;0
BOURG-ST-MAURICE;45.62;6.77;14/08/2026;19:00;24.9;6;AVERSES;1;0;0
BOURG-ST-MAURICE;45.62;6.77;14/08/2026;20:00;24.2;0;SOLEIL;5;0;0
BOURG-ST-MAURICE;45.62;6.77;14/08/2026;21:00;22.3;0;SOLEIL;5;0;0
BOURG-ST-MAURICE;45.62;6.77;14/08/2026;22:00;20.4;0;SOLEIL;5;0;0
BOURG-ST-MAURICE;45.62;6.77;14/08/2026;23:00;18.5;0;SOLEIL;1;0;0
BOURG-ST-MAURICE;45.62;6.77;15/08/2026;00:00;18.5;0;SOLEIL;1;0;0
BOURG-ST-MAURICE;45.62;6.77;15/08/2026;01:00;18.5;0;SOLEIL;1;0;0
BOURG-ST-MAURICE;45.62;6.77;15/08/2026;02:00;16.7;0;SOLEIL;5;0;0
BOURG-ST-MAURICE;45.62;6.77;15/08/2026;03:00;16.7;0;SOLEIL;5;0;0
BOURG-ST-MAURICE;45.62;6.77;15/08/2026;04:00;16.7;0;SOLEIL;5;0;0
BOURG-ST-MAURICE;45.62;6.77;15/08/2026;05:00;18.6;0;SOLEIL;2;0;0
BOURG-ST-MAURICE;45.62;6.77;15/08/2026;06:00;18.6;0;SOLEIL;2;0;0
BOURG-ST-MAURICE;45.62;6.77;15/08/2026;07:00;18.6;0;SOLEIL;2;0;0
BOURG-ST-MAURICE;45.62;6.77;15/08/2026;08:00;20.1;0;SOLEIL;5;0;0
BOURG-ST-MAURICE;45.62;6.77;15/08/2026;09:00;21.8;0;SOLEIL;5;0;0
BOURG-ST-MAURICE;45.62;6.77;15/08/2026;10:00;23.5;0;SOLEIL;5;0;0
BOURG-ST-MAURICE;45.62;6.77;15/08/2026;11:00;30.7;6;AVERSES;2;0;0
BOURG-ST-MAURICE;45.62;6.77;15/08/2026;12:00;30.7;6;AVERSES;2;0;0
BOURG-ST-MAURICE;45.62;6.77;15/08/2026;13:00;30.7;6;AVERSES;2;0;0
BOURG-ST-MAURICE;45.62;6.77;15/08/2026;14:00;30.4;0;SOLEIL;5;0;0
BOURG-ST-MAURICE;45.62;6.77;15/08/2026;15:00;32.1;0;SOLEIL;5;0;0
BOURG-ST-MAURICE;45.62;6.77;15/08/2026;16:00;30.4;0;SOLEIL;5;0;0
BOURG-ST-MAURICE;45.62;6.77;15/08/2026;17:00;23.6;6;AVERSES;1;0;0
BOURG-ST-MAURICE;45.62;6.77;15/08/2026;18:00;23.6;6;AVERSES;1;0;0
BOURG-ST-MAURICE;45.62;6.77;15/08/2026;19:00;23.6;6;AVERSES;1;0;0
BOURG-ST-MAURICE;45.62;6.77;15/08/2026;20:00;23.5;0;SOLEIL;5;0;0
BOURG-ST-MAURICE;45.62;6.77;15/08/2026;21:00;21.8;0;SOLEIL;5;0;0
BOURG-ST-MAURICE;45.62;6.77;15/08/2026;22:00;20.1;0;SOLEIL;5;0;0
BOURG-ST-MAURICE;45.62;6.77;15/08/2026;23:00;17.6;6;AVERSES;1;0;0
CHALON/SAÔNE;46.78;4.85;08/08/2026;00:00;19.6;0;SOLEIL;3;0;0
CHALON/SAÔNE;46.78;4.85;08/08/2026;01:00;19.6;0;SOLEIL;3;0;0
CHALON/SAÔNE;46.78;4.85;08/08/2026;02:00;17.2;0;SOLEIL;3;0;0
CHALON/SAÔNE;46.78;4.85;08/08/2026;03:00;17.2;0;SOLEIL;3;0;0
CHALON/SAÔNE;46.78;4.85;08/08/2026;04:00;17.2;0;SOLEIL;3;0;0
CHALON/SAÔNE;46.78;4.85;08/08/2026;05:00;19.5;0;SOLEIL;2;0;0
CHALON/SAÔNE;46.78;4.85;08/08/2026;06:00;19.5;0;SOLEIL;2;0;0
CHALON/SAÔNE;46.78;4.85;08/08/2026;07:00;19.5;0;SOLEIL;2;0;0
CHALON/SAÔNE;46.78;4.85;08/08/2026;08:00;25.6;0;SOLEIL;2;0;0
CHALON/SAÔNE;46.78;4.85;08/08/2026;09:00;25.6;0;SOLEIL;2;0;0
CHALON/SAÔNE;46.78;4.85;08/08/2026;10:00;25.6;0;SOLEIL;2;0;0
CHALON/SAÔNE;46.78;4.85;08/08/2026;11:00;32;0;SOLEIL;2;0;0
CHALON/SAÔNE;46.78;4.85;08/08/2026;12:00;32;0;SOLEIL;2;0;0
CHALON/SAÔNE;46.78;4.85;08/08/2026;13:00;32;0;SOLEIL;2;0;0
CHALON/SAÔNE;46.78;4.85;08/08/2026;14:00;34.4;0;SOLEIL;1;0;0
CHALON/SAÔNE;46.78;4.85;08/08/2026;15:00;34.4;0;SOLEIL;1;0;0
CHALON/SAÔNE;46.78;4.85;08/08/2026;16:00;34.4;0;SOLEIL;1;0;0
CHALON/SAÔNE;46.78;4.85;08/08/2026;17:00;32.9;0;SOLEIL;1;0;0
CHALON/SAÔNE;46.78;4.85;08/08/2026;18:00;32.9;0;SOLEIL;1;0;0
CHALON/SAÔNE;46.78;4.85;08/08/2026;19:00;32.9;0;SOLEIL;1;0;0
CHALON/SAÔNE;46.78;4.85;08/08/2026;20:00;25;0;SOLEIL;1;0;0
CHALON/SAÔNE;46.78;4.85;08/08/2026;21:00;25;0;SOLEIL;1;0;0
CHALON/SAÔNE;46.78;4.85;08/08/2026;22:00;25;0;SOLEIL;1;0;0
CHALON/SAÔNE;46.78;4.85;08/08/2026;23:00;22.1;0;SOLEIL;2;0;0
CHALON/SAÔNE;46.78;4.85;09/08/2026;00:00;22.1;0;SOLEIL;2;0;0
CHALON/SAÔNE;46.78;4.85;09/08/2026;01:00;22.1;0;SOLEIL;2;0;0
CHALON/SAÔNE;46.78;4.85;09/08/2026;02:00;20.1;5;SOLEIL VOILÉ;1;0;0
CHALON/SAÔNE;46.78;4.85;09/08/2026;03:00;20.1;5;SOLEIL VOILÉ;1;0;0
CHALON/SAÔNE;46.78;4.85;09/08/2026;04:00;20.1;5;SOLEIL VOILÉ;1;0;0
CHALON/SAÔNE;46.78;4.85;09/08/2026;05:00;20.2;5;SOLEIL VOILÉ;1;0;0
CHALON/SAÔNE;46.78;4.85;09/08/2026;06:00;20.2;5;SOLEIL VOILÉ;1;0;0
CHALON/SAÔNE;46.78;4.85;09/08/2026;07:00;20.2;5;SOLEIL VOILÉ;1;0;0
CHALON/SAÔNE;46.78;4.85;09/08/2026;08:00;26.5;0;SOLEIL;2;0;0
CHALON/SAÔNE;46.78;4.85;09/08/2026;09:00;26.5;0;SOLEIL;2;0;0
CHALON/SAÔNE;46.78;4.85;09/08/2026;10:00;26.5;0;SOLEIL;2;0;0
CHALON/SAÔNE;46.78;4.85;09/08/2026;11:00;32.2;0;SOLEIL;4;0;0
CHALON/SAÔNE;46.78;4.85;09/08/2026;12:00;32.2;0;SOLEIL;4;0;0
CHALON/SAÔNE;46.78;4.85;09/08/2026;13:00;32.2;0;SOLEIL;4;0;0
CHALON/SAÔNE;46.78;4.85;09/08/2026;14:00;34.6;5;SOLEIL VOILÉ;3;0;0
CHALON/SAÔNE;46.78;4.85;09/08/2026;15:00;34.6;5;SOLEIL VOILÉ;3;0;0
CHALON/SAÔNE;46.78;4.85;09/08/2026;16:00;34.6;5;SOLEIL VOILÉ;3;0;0
CHALON/SAÔNE;46.78;4.85;09/08/2026;17:00;33.1;0;SOLEIL;3;0;0
CHALON/SAÔNE;46.78;4.85;09/08/2026;18:00;33.1;0;SOLEIL;3;0;0
CHALON/SAÔNE;46.78;4.85;09/08/2026;19:00;33.1;0;SOLEIL;3;0;0
CHALON/SAÔNE;46.78;4.85;09/08/2026;20:00;24.9;0;SOLEIL;5;0;0
CHALON/SAÔNE;46.78;4.85;09/08/2026;21:00;22.8;0;SOLEIL;5;0;0
CHALON/SAÔNE;46.78;4.85;09/08/2026;22:00;20.7;0;SOLEIL;5;0;0
CHALON/SAÔNE;46.78;4.85;09/08/2026;23:00;20.1;0;SOLEIL;2;0;0
CHALON/SAÔNE;46.78;4.85;10/08/2026;00:00;20.1;0;SOLEIL;2;0;0
CHALON/SAÔNE;46.78;4.85;10/08/2026;01:00;20.1;0;SOLEIL;2;0;0
CHALON/SAÔNE;46.78;4.85;10/08/2026;02:00;18.4;2;NUAGEUX;5;0;0
CHALON/SAÔNE;46.78;4.85;10/08/2026;03:00;18.4;2;NUAGEUX;5;0;0
CHALON/SAÔNE;46.78;4.85;10/08/2026;04:00;18.4;2;NUAGEUX;5;0;0
CHALON/SAÔNE;46.78;4.85;10/08/2026;05:00;21.2;0;SOLEIL;2;0;0
CHALON/SAÔNE;46.78;4.85;10/08/2026;06:00;21.2;0;SOLEIL;2;0;0
CHALON/SAÔNE;46.78;4.85;10/08/2026;07:00;21.2;0;SOLEIL;2;0;0
CHALON/SAÔNE;46.78;4.85;10/08/2026;08:00;22.3;2;NUAGEUX;5;0;0
CHALON/SAÔNE;46.78;4.85;10/08/2026;09:00;24.3;2;NUAGEUX;5;0;0
CHALON/SAÔNE;46.78;4.85;10/08/2026;10:00;26.3;2;NUAGEUX;5;0;0
CHALON/SAÔNE;46.78;4.85;10/08/2026;11:00;33.1;0;SOLEIL;2;0;0
CHALON/SAÔNE;46.78;4.85;10/08/2026;12:00;33.1;0;SOLEIL;2;0;0
CHALON/SAÔNE;46.78;4.85;10/08/2026;13:00;33.1;0;SOLEIL;2;0;0
CHALON/SAÔNE;46.78;4.85;10/08/2026;14:00;34.1;2;NUAGEUX;5;0;0
CHALON/SAÔNE;46.78;4.85;10/08/2026;15:00;36.1;2;NUAGEUX;5;0;0
CHALON/SAÔNE;46.78;4.85;10/08/2026;16:00;34.1;2;NUAGEUX;5;0;0
CHALON/SAÔNE;46.78;4.85;10/08/2026;17:00;31.6;6;AVERSES;2;0;0
CHALON/SAÔNE;46.78;4.85;10/08/2026;18:00;31.6;6;AVERSES;2;0;0
CHALON/SAÔNE;46.78;4.85;10/08/2026;19:00;31.6;6;AVERSES;2;0;0
CHALON/SAÔNE;46.78;4.85;10/08/2026;20:00;26.3;2;NUAGEUX;5;0;0
CHALON/SAÔNE;46.78;4.85;10/08/2026;21:00;24.3;2;NUAGEUX;5;0;0
CHALON/SAÔNE;46.78;4.85;10/08/2026;22:00;22.3;2;NUAGEUX;5;0;0
CHALON/SAÔNE;46.78;4.85;10/08/2026;23:00;23.1;0;SOLEIL;2;0;0
CHALON/SAÔNE;46.78;4.85;11/08/2026;00:00;23.1;0;SOLEIL;2;0;0
CHALON/SAÔNE;46.78;4.85;11/08/2026;01:00;23.1;0;SOLEIL;2;0;0
CHALON/SAÔNE;46.78;4.85;11/08/2026;02:00;19.4;0;SOLEIL;5;0;0
CHALON/SAÔNE;46.78;4.85;11/08/2026;03:00;19.4;0;SOLEIL;5;0;0
CHALON/SAÔNE;46.78;4.85;11/08/2026;04:00;19.4;0;SOLEIL;5;0;0
CHALON/SAÔNE;46.78;4.85;11/08/2026;05:00;21.1;0;SOLEIL;3;0;0
CHALON/SAÔNE;46.78;4.85;11/08/2026;06:00;21.1;0;SOLEIL;3;0;0
CHALON/SAÔNE;46.78;4.85;11/08/2026;07:00;21.1;0;SOLEIL;3;0;0
CHALON/SAÔNE;46.78;4.85;11/08/2026;08:00;22.9;0;SOLEIL;5;0;0
CHALON/SAÔNE;46.78;4.85;11/08/2026;09:00;24.7;0;SOLEIL;5;0;0
CHALON/SAÔNE;46.78;4.85;11/08/2026;10:00;26.4;0;SOLEIL;5;0;0
CHALON/SAÔNE;46.78;4.85;11/08/2026;11:00;33.1;0;SOLEIL;2;0;0
CHALON/SAÔNE;46.78;4.85;11/08/2026;12:00;33.1;0;SOLEIL;2;0;0
CHALON/SAÔNE;46.78;4.85;11/08/2026;13:00;33.1;0;SOLEIL;2;0;0
CHALON/SAÔNE;46.78;4.85;11/08/2026;14:00;33.4;0;SOLEIL;5;0;0
CHALON/SAÔNE;46.78;4.85;11/08/2026;15:00;35.2;0;SOLEIL;5;0;0
CHALON/SAÔNE;46.78;4.85;11/08/2026;16:00;33.4;0;SOLEIL;5;0;0
CHALON/SAÔNE;46.78;4.85;11/08/2026;17:00;32.6;0;SOLEIL;2;0;0
CHALON/SAÔNE;46.78;4.85;11/08/2026;18:00;32.6;0;SOLEIL;2;0;0
CHALON/SAÔNE;46.78;4.85;11/08/2026;19:00;32.6;0;SOLEIL;2;0;0
CHALON/SAÔNE;46.78;4.85;11/08/2026;20:00;26.4;0;SOLEIL;5;0;0
CHALON/SAÔNE;46.78;4.85;11/08/2026;21:00;24.7;0;SOLEIL;5;0;0
CHALON/SAÔNE;46.78;4.85;11/08/2026;22:00;22.9;0;SOLEIL;5;0;0
CHALON/SAÔNE;46.78;4.85;11/08/2026;23:00;22.9;0;SOLEIL;3;0;0
CHALON/SAÔNE;46.78;4.85;12/08/2026;00:00;22.9;0;SOLEIL;3;0;0
CHALON/SAÔNE;46.78;4.85;12/08/2026;01:00;22.9;0;SOLEIL;3;0;0
CHALON/SAÔNE;46.78;4.85;12/08/2026;02:00;19.9;0;SOLEIL;5;0;0
CHALON/SAÔNE;46.78;4.85;12/08/2026;03:00;19.9;0;SOLEIL;5;0;0
CHALON/SAÔNE;46.78;4.85;12/08/2026;04:00;19.9;0;SOLEIL;5;0;0
CHALON/SAÔNE;46.78;4.85;12/08/2026;05:00;21.6;0;SOLEIL;2;0;0
CHALON/SAÔNE;46.78;4.85;12/08/2026;06:00;21.6;0;SOLEIL;2;0;0
CHALON/SAÔNE;46.78;4.85;12/08/2026;07:00;21.6;0;SOLEIL;2;0;0
CHALON/SAÔNE;46.78;4.85;12/08/2026;08:00;23.5;0;SOLEIL;5;0;0
CHALON/SAÔNE;46.78;4.85;12/08/2026;09:00;25.2;0;SOLEIL;5;0;0
CHALON/SAÔNE;46.78;4.85;12/08/2026;10:00;27.0;0;SOLEIL;5;0;0
CHALON/SAÔNE;46.78;4.85;12/08/2026;11:00;33.6;0;SOLEIL;1;0;0
CHALON/SAÔNE;46.78;4.85;12/08/2026;12:00;33.6;0;SOLEIL;1;0;0
CHALON/SAÔNE;46.78;4.85;12/08/2026;13:00;33.6;0;SOLEIL;1;0;0
CHALON/SAÔNE;46.78;4.85;12/08/2026;14:00;34.1;0;SOLEIL;5;0;0
CHALON/SAÔNE;46.78;4.85;12/08/2026;15:00;35.9;0;SOLEIL;5;0;0
CHALON/SAÔNE;46.78;4.85;12/08/2026;16:00;34.1;0;SOLEIL;5;0;0
CHALON/SAÔNE;46.78;4.85;12/08/2026;17:00;34.5;0;SOLEIL;2;0;0
CHALON/SAÔNE;46.78;4.85;12/08/2026;18:00;34.5;0;SOLEIL;2;0;0
CHALON/SAÔNE;46.78;4.85;12/08/2026;19:00;34.5;0;SOLEIL;2;0;0
CHALON/SAÔNE;46.78;4.85;12/08/2026;20:00;27.0;0;SOLEIL;5;0;0
CHALON/SAÔNE;46.78;4.85;12/08/2026;21:00;25.2;0;SOLEIL;5;0;0
CHALON/SAÔNE;46.78;4.85;12/08/2026;22:00;23.5;0;SOLEIL;5;0;0
CHALON/SAÔNE;46.78;4.85;12/08/2026;23:00;24.2;0;SOLEIL;2;0;0
CHALON/SAÔNE;46.78;4.85;13/08/2026;00:00;24.2;0;SOLEIL;2;0;0
CHALON/SAÔNE;46.78;4.85;13/08/2026;01:00;24.2;0;SOLEIL;2;0;0
CHALON/SAÔNE;46.78;4.85;13/08/2026;02:00;20.1;0;SOLEIL;5;0;0
CHALON/SAÔNE;46.78;4.85;13/08/2026;03:00;20.1;0;SOLEIL;5;0;0
CHALON/SAÔNE;46.78;4.85;13/08/2026;04:00;20.1;0;SOLEIL;5;0;0
CHALON/SAÔNE;46.78;4.85;13/08/2026;05:00;22.9;0;SOLEIL;1;0;0
CHALON/SAÔNE;46.78;4.85;13/08/2026;06:00;22.9;0;SOLEIL;1;0;0
CHALON/SAÔNE;46.78;4.85;13/08/2026;07:00;22.9;0;SOLEIL;1;0;0
CHALON/SAÔNE;46.78;4.85;13/08/2026;08:00;23.9;0;SOLEIL;5;0;0
CHALON/SAÔNE;46.78;4.85;13/08/2026;09:00;25.7;0;SOLEIL;5;0;0
CHALON/SAÔNE;46.78;4.85;13/08/2026;10:00;27.6;0;SOLEIL;5;0;0
CHALON/SAÔNE;46.78;4.85;13/08/2026;11:00;37.7;0;SOLEIL;1;0;0
CHALON/SAÔNE;46.78;4.85;13/08/2026;12:00;37.7;0;SOLEIL;1;0;0
CHALON/SAÔNE;46.78;4.85;13/08/2026;13:00;37.7;0;SOLEIL;1;0;0
CHALON/SAÔNE;46.78;4.85;13/08/2026;14:00;35.1;0;SOLEIL;5;0;0
CHALON/SAÔNE;46.78;4.85;13/08/2026;15:00;37.0;0;SOLEIL;5;0;0
CHALON/SAÔNE;46.78;4.85;13/08/2026;16:00;35.1;0;SOLEIL;5;0;0
CHALON/SAÔNE;46.78;4.85;13/08/2026;17:00;35.6;0;SOLEIL;2;0;0
CHALON/SAÔNE;46.78;4.85;13/08/2026;18:00;35.6;0;SOLEIL;2;0;0
CHALON/SAÔNE;46.78;4.85;13/08/2026;19:00;35.6;0;SOLEIL;2;0;0
CHALON/SAÔNE;46.78;4.85;13/08/2026;20:00;27.6;0;SOLEIL;5;0;0
CHALON/SAÔNE;46.78;4.85;13/08/2026;21:00;25.7;0;SOLEIL;5;0;0
CHALON/SAÔNE;46.78;4.85;13/08/2026;22:00;23.9;0;SOLEIL;5;0;0
CHALON/SAÔNE;46.78;4.85;13/08/2026;23:00;25.6;0;SOLEIL;1;0;0
CHALON/SAÔNE;46.78;4.85;14/08/2026;00:00;25.6;0;SOLEIL;1;0;0
CHALON/SAÔNE;46.78;4.85;14/08/2026;01:00;25.6;0;SOLEIL;1;0;0
CHALON/SAÔNE;46.78;4.85;14/08/2026;02:00;20.2;0;SOLEIL;5;0;0
CHALON/SAÔNE;46.78;4.85;14/08/2026;03:00;20.2;0;SOLEIL;5;0;0
CHALON/SAÔNE;46.78;4.85;14/08/2026;04:00;20.2;0;SOLEIL;5;0;0
CHALON/SAÔNE;46.78;4.85;14/08/2026;05:00;24.1;0;SOLEIL;2;0;0
CHALON/SAÔNE;46.78;4.85;14/08/2026;06:00;24.1;0;SOLEIL;2;0;0
CHALON/SAÔNE;46.78;4.85;14/08/2026;07:00;24.1;0;SOLEIL;2;0;0
CHALON/SAÔNE;46.78;4.85;14/08/2026;08:00;24.6;0;SOLEIL;5;0;0
CHALON/SAÔNE;46.78;4.85;14/08/2026;09:00;26.8;0;SOLEIL;5;0;0
CHALON/SAÔNE;46.78;4.85;14/08/2026;10:00;29.0;0;SOLEIL;5;0;0
CHALON/SAÔNE;46.78;4.85;14/08/2026;11:00;36.2;0;SOLEIL;3;0;0
CHALON/SAÔNE;46.78;4.85;14/08/2026;12:00;36.2;0;SOLEIL;3;0;0
CHALON/SAÔNE;46.78;4.85;14/08/2026;13:00;36.2;0;SOLEIL;3;0;0
CHALON/SAÔNE;46.78;4.85;14/08/2026;14:00;37.9;0;SOLEIL;5;0;0
CHALON/SAÔNE;46.78;4.85;14/08/2026;15:00;40.1;0;SOLEIL;5;0;0
CHALON/SAÔNE;46.78;4.85;14/08/2026;16:00;37.9;0;SOLEIL;5;0;0
CHALON/SAÔNE;46.78;4.85;14/08/2026;17:00;31.1;6;AVERSES;3;0;0
CHALON/SAÔNE;46.78;4.85;14/08/2026;18:00;31.1;6;AVERSES;3;0;0
CHALON/SAÔNE;46.78;4.85;14/08/2026;19:00;31.1;6;AVERSES;3;0;0
CHALON/SAÔNE;46.78;4.85;14/08/2026;20:00;29.0;0;SOLEIL;5;0;0
CHALON/SAÔNE;46.78;4.85;14/08/2026;21:00;26.8;0;SOLEIL;5;0;0
CHALON/SAÔNE;46.78;4.85;14/08/2026;22:00;24.6;0;SOLEIL;5;0;0
CHALON/SAÔNE;46.78;4.85;14/08/2026;23:00;24.6;0;SOLEIL;2;0;0
CHALON/SAÔNE;46.78;4.85;15/08/2026;00:00;24.6;0;SOLEIL;2;0;0
CHALON/SAÔNE;46.78;4.85;15/08/2026;01:00;24.6;0;SOLEIL;2;0;0
CHALON/SAÔNE;46.78;4.85;15/08/2026;02:00;21.6;0;SOLEIL;5;0;0
CHALON/SAÔNE;46.78;4.85;15/08/2026;03:00;21.6;0;SOLEIL;5;0;0
CHALON/SAÔNE;46.78;4.85;15/08/2026;04:00;21.6;0;SOLEIL;5;0;0
CHALON/SAÔNE;46.78;4.85;15/08/2026;05:00;22.2;0;SOLEIL;2;0;0
CHALON/SAÔNE;46.78;4.85;15/08/2026;06:00;22.2;0;SOLEIL;2;0;0
CHALON/SAÔNE;46.78;4.85;15/08/2026;07:00;22.2;0;SOLEIL;2;0;0
CHALON/SAÔNE;46.78;4.85;15/08/2026;08:00;25.2;0;SOLEIL;5;0;0
CHALON/SAÔNE;46.78;4.85;15/08/2026;09:00;26.9;0;SOLEIL;5;0;0
CHALON/SAÔNE;46.78;4.85;15/08/2026;10:00;28.7;0;SOLEIL;5;0;0
CHALON/SAÔNE;46.78;4.85;15/08/2026;11:00;30.6;0;SOLEIL;3;0;0
CHALON/SAÔNE;46.78;4.85;15/08/2026;12:00;30.6;0;SOLEIL;3;0;0
CHALON/SAÔNE;46.78;4.85;15/08/2026;13:00;30.6;0;SOLEIL;3;0;0
CHALON/SAÔNE;46.78;4.85;15/08/2026;14:00;35.8;0;SOLEIL;5;0;0
CHALON/SAÔNE;46.78;4.85;15/08/2026;15:00;37.6;0;SOLEIL;5;0;0
CHALON/SAÔNE;46.78;4.85;15/08/2026;16:00;35.8;0;SOLEIL;5;0;0
CHALON/SAÔNE;46.78;4.85;15/08/2026;17:00;26.6;0;SOLEIL;3;0;0
CHALON/SAÔNE;46.78;4.85;15/08/2026;18:00;26.6;0;SOLEIL;3;0;0
CHALON/SAÔNE;46.78;4.85;15/08/2026;19:00;26.6;0;SOLEIL;3;0;0
CHALON/SAÔNE;46.78;4.85;15/08/2026;20:00;28.7;0;SOLEIL;5;0;0
CHALON/SAÔNE;46.78;4.85;15/08/2026;21:00;26.9;0;SOLEIL;5;0;0
CHALON/SAÔNE;46.78;4.85;15/08/2026;22:00;25.2;0;SOLEIL;5;0;0
CHALON/SAÔNE;46.78;4.85;15/08/2026;23:00;21.5;0;SOLEIL;2;0;0
AGEN;44.2;0.61;08/08/2026;00:00;18.7;0;SOLEIL;1;0;0
AGEN;44.2;0.61;08/08/2026;01:00;18.7;0;SOLEIL;1;0;0
AGEN;44.2;0.61;08/08/2026;02:00;16.6;0;SOLEIL;1;0;0
AGEN;44.2;0.61;08/08/2026;03:00;16.6;0;SOLEIL;1;0;0
AGEN;44.2;0.61;08/08/2026;04:00;16.6;0;SOLEIL;1;0;0
AGEN;44.2;0.61;08/08/2026;05:00;18.7;0;SOLEIL;2;0;0
AGEN;44.2;0.61;08/08/2026;06:00;18.7;0;SOLEIL;2;0;0
AGEN;44.2;0.61;08/08/2026;07:00;18.7;0;SOLEIL;2;0;0
AGEN;44.2;0.61;08/08/2026;08:00;28;0;SOLEIL;1;0;0
AGEN;44.2;0.61;08/08/2026;09:00;28;0;SOLEIL;1;0;0
AGEN;44.2;0.61;08/08/2026;10:00;28;0;SOLEIL;1;0;0
AGEN;44.2;0.61;08/08/2026;11:00;33.9;0;SOLEIL;2;0;0
AGEN;44.2;0.61;08/08/2026;12:00;33.9;0;SOLEIL;2;0;0
AGEN;44.2;0.61;08/08/2026;13:00;33.9;0;SOLEIL;2;0;0
AGEN;44.2;0.61;08/08/2026;14:00;37;5;SOLEIL VOILÉ;1;0;0
AGEN;44.2;0.61;08/08/2026;15:00;37;5;SOLEIL VOILÉ;1;0;0
AGEN;44.2;0.61;08/08/2026;16:00;37;5;SOLEIL VOILÉ;1;0;0
AGEN;44.2;0.61;08/08/2026;17:00;33.6;10;ORAGEUX;2;0;0
AGEN;44.2;0.61;08/08/2026;18:00;33.6;10;ORAGEUX;2;0;0
AGEN;44.2;0.61;08/08/2026;19:00;33.6;10;ORAGEUX;2;0;0
AGEN;44.2;0.61;08/08/2026;20:00;27.1;5;SOLEIL VOILÉ;2;0;0
AGEN;44.2;0.61;08/08/2026;21:00;27.1;5;SOLEIL VOILÉ;2;0;0
AGEN;44.2;0.61;08/08/2026;22:00;27.1;5;SOLEIL VOILÉ;2;0;0
AGEN;44.2;0.61;08/08/2026;23:00;24.7;10;ORAGEUX;3;0;0
AGEN;44.2;0.61;09/08/2026;00:00;24.7;10;ORAGEUX;3;0;0
AGEN;44.2;0.61;09/08/2026;01:00;24.7;10;ORAGEUX;3;0;0
AGEN;44.2;0.61;09/08/2026;02:00;21.5;10;ORAGEUX;2;0;0
AGEN;44.2;0.61;09/08/2026;03:00;21.5;10;ORAGEUX;2;0;0
AGEN;44.2;0.61;09/08/2026;04:00;21.5;10;ORAGEUX;2;0;0
AGEN;44.2;0.61;09/08/2026;05:00;21.5;10;ORAGEUX;2;0;0
AGEN;44.2;0.61;09/08/2026;06:00;21.5;10;ORAGEUX;2;0;0
AGEN;44.2;0.61;09/08/2026;07:00;21.5;10;ORAGEUX;2;0;0
AGEN;44.2;0.61;09/08/2026;08:00;27.4;0;SOLEIL;2;0;0
AGEN;44.2;0.61;09/08/2026;09:00;27.4;0;SOLEIL;2;0;0
AGEN;44.2;0.61;09/08/2026;10:00;27.4;0;SOLEIL;2;0;0
AGEN;44.2;0.61;09/08/2026;11:00;32.6;0;SOLEIL;2;0;0
AGEN;44.2;0.61;09/08/2026;12:00;32.6;0;SOLEIL;2;0;0
AGEN;44.2;0.61;09/08/2026;13:00;32.6;0;SOLEIL;2;0;0
AGEN;44.2;0.61;09/08/2026;14:00;33.9;5;SOLEIL VOILÉ;2;0;0
AGEN;44.2;0.61;09/08/2026;15:00;33.9;5;SOLEIL VOILÉ;2;0;0
AGEN;44.2;0.61;09/08/2026;16:00;33.9;5;SOLEIL VOILÉ;2;0;0
AGEN;44.2;0.61;09/08/2026;17:00;31.1;10;ORAGEUX;3;0;0
AGEN;44.2;0.61;09/08/2026;18:00;31.1;10;ORAGEUX;3;0;0
AGEN;44.2;0.61;09/08/2026;19:00;31.1;10;ORAGEUX;3;0;0
AGEN;44.2;0.61;09/08/2026;20:00;25.4;10;ORAGEUX;5;0;0
AGEN;44.2;0.61;09/08/2026;21:00;23.1;10;ORAGEUX;5;0;0
AGEN;44.2;0.61;09/08/2026;22:00;20.8;10;ORAGEUX;5;0;0
AGEN;44.2;0.61;09/08/2026;23:00;22;10;ORAGEUX;3;0;0
AGEN;44.2;0.61;10/08/2026;00:00;22;10;ORAGEUX;3;0;0
AGEN;44.2;0.61;10/08/2026;01:00;22;10;ORAGEUX;3;0;0
AGEN;44.2;0.61;10/08/2026;02:00;20.5;10;ORAGEUX;5;0;0
AGEN;44.2;0.61;10/08/2026;03:00;20.5;10;ORAGEUX;5;0;0
AGEN;44.2;0.61;10/08/2026;04:00;20.5;10;ORAGEUX;5;0;0
AGEN;44.2;0.61;10/08/2026;05:00;20.4;0;SOLEIL;2;0;0
AGEN;44.2;0.61;10/08/2026;06:00;20.4;0;SOLEIL;2;0;0
AGEN;44.2;0.61;10/08/2026;07:00;20.4;0;SOLEIL;2;0;0
AGEN;44.2;0.61;10/08/2026;08:00;23.6;10;ORAGEUX;5;0;0
AGEN;44.2;0.61;10/08/2026;09:00;25.2;10;ORAGEUX;5;0;0
AGEN;44.2;0.61;10/08/2026;10:00;26.7;10;ORAGEUX;5;0;0
AGEN;44.2;0.61;10/08/2026;11:00;30.5;0;SOLEIL;2;0;0
AGEN;44.2;0.61;10/08/2026;12:00;30.5;0;SOLEIL;2;0;0
AGEN;44.2;0.61;10/08/2026;13:00;30.5;0;SOLEIL;2;0;0
AGEN;44.2;0.61;10/08/2026;14:00;32.9;10;ORAGEUX;5;0;0
AGEN;44.2;0.61;10/08/2026;15:00;34.5;10;ORAGEUX;5;0;0
AGEN;44.2;0.61;10/08/2026;16:00;32.9;10;ORAGEUX;5;0;0
AGEN;44.2;0.61;10/08/2026;17:00;32.6;0;SOLEIL;2;0;0
AGEN;44.2;0.61;10/08/2026;18:00;32.6;0;SOLEIL;2;0;0
AGEN;44.2;0.61;10/08/2026;19:00;32.6;0;SOLEIL;2;0;0
AGEN;44.2;0.61;10/08/2026;20:00;26.7;10;ORAGEUX;5;0;0
AGEN;44.2;0.61;10/08/2026;21:00;25.2;10;ORAGEUX;5;0;0
AGEN;44.2;0.61;10/08/2026;22:00;23.6;10;ORAGEUX;5;0;0
AGEN;44.2;0.61;10/08/2026;23:00;22.5;0;SOLEIL;2;0;0
AGEN;44.2;0.61;11/08/2026;00:00;22.5;0;SOLEIL;2;0;0
AGEN;44.2;0.61;11/08/2026;01:00;22.5;0;SOLEIL;2;0;0
AGEN;44.2;0.61;11/08/2026;02:00;19.6;0;SOLEIL;5;0;0
AGEN;44.2;0.61;11/08/2026;03:00;19.6;0;SOLEIL;5;0;0
AGEN;44.2;0.61;11/08/2026;04:00;19.6;0;SOLEIL;5;0;0
AGEN;44.2;0.61;11/08/2026;05:00;21.2;0;SOLEIL;2;0;0
AGEN;44.2;0.61;11/08/2026;06:00;21.2;0;SOLEIL;2;0;0
AGEN;44.2;0.61;11/08/2026;07:00;21.2;0;SOLEIL;2;0;0
AGEN;44.2;0.61;11/08/2026;08:00;23.0;0;SOLEIL;5;0;0
AGEN;44.2;0.61;11/08/2026;09:00;24.7;0;SOLEIL;5;0;0
AGEN;44.2;0.61;11/08/2026;10:00;26.4;0;SOLEIL;5;0;0
AGEN;44.2;0.61;11/08/2026;11:00;34.2;0;SOLEIL;2;0;0
AGEN;44.2;0.61;11/08/2026;12:00;34.2;0;SOLEIL;2;0;0
AGEN;44.2;0.61;11/08/2026;13:00;34.2;0;SOLEIL;2;0;0
AGEN;44.2;0.61;11/08/2026;14:00;33.2;0;SOLEIL;5;0;0
AGEN;44.2;0.61;11/08/2026;15:00;34.9;0;SOLEIL;5;0;0
AGEN;44.2;0.61;11/08/2026;16:00;33.2;0;SOLEIL;5;0;0
AGEN;44.2;0.61;11/08/2026;17:00;35.1;0;SOLEIL;1;0;0
AGEN;44.2;0.61;11/08/2026;18:00;35.1;0;SOLEIL;1;0;0
AGEN;44.2;0.61;11/08/2026;19:00;35.1;0;SOLEIL;1;0;0
AGEN;44.2;0.61;11/08/2026;20:00;26.4;0;SOLEIL;5;0;0
AGEN;44.2;0.61;11/08/2026;21:00;24.7;0;SOLEIL;5;0;0
AGEN;44.2;0.61;11/08/2026;22:00;23.0;0;SOLEIL;5;0;0
AGEN;44.2;0.61;11/08/2026;23:00;23.5;0;SOLEIL;3;0;0
AGEN;44.2;0.61;12/08/2026;00:00;23.5;0;SOLEIL;3;0;0
AGEN;44.2;0.61;12/08/2026;01:00;23.5;0;SOLEIL;3;0;0
AGEN;44.2;0.61;12/08/2026;02:00;19.6;0;SOLEIL;5;0;0
AGEN;44.2;0.61;12/08/2026;03:00;19.6;0;SOLEIL;5;0;0
AGEN;44.2;0.61;12/08/2026;04:00;19.6;0;SOLEIL;5;0;0
AGEN;44.2;0.61;12/08/2026;05:00;21.7;0;SOLEIL;2;0;0
AGEN;44.2;0.61;12/08/2026;06:00;21.7;0;SOLEIL;2;0;0
AGEN;44.2;0.61;12/08/2026;07:00;21.7;0;SOLEIL;2;0;0
AGEN;44.2;0.61;12/08/2026;08:00;23.6;0;SOLEIL;5;0;0
AGEN;44.2;0.61;12/08/2026;09:00;25.5;0;SOLEIL;5;0;0
AGEN;44.2;0.61;12/08/2026;10:00;27.5;0;SOLEIL;5;0;0
AGEN;44.2;0.61;12/08/2026;11:00;33.4;0;SOLEIL;2;0;0
AGEN;44.2;0.61;12/08/2026;12:00;33.4;0;SOLEIL;2;0;0
AGEN;44.2;0.61;12/08/2026;13:00;33.4;0;SOLEIL;2;0;0
AGEN;44.2;0.61;12/08/2026;14:00;35.4;0;SOLEIL;5;0;0
AGEN;44.2;0.61;12/08/2026;15:00;37.4;0;SOLEIL;5;0;0
AGEN;44.2;0.61;12/08/2026;16:00;35.4;0;SOLEIL;5;0;0
AGEN;44.2;0.61;12/08/2026;17:00;34.6;0;SOLEIL;2;0;0
AGEN;44.2;0.61;12/08/2026;18:00;34.6;0;SOLEIL;2;0;0
AGEN;44.2;0.61;12/08/2026;19:00;34.6;0;SOLEIL;2;0;0
AGEN;44.2;0.61;12/08/2026;20:00;27.5;0;SOLEIL;5;0;0
AGEN;44.2;0.61;12/08/2026;21:00;25.5;0;SOLEIL;5;0;0
AGEN;44.2;0.61;12/08/2026;22:00;23.6;0;SOLEIL;5;0;0
AGEN;44.2;0.61;12/08/2026;23:00;24.2;0;SOLEIL;3;0;0
AGEN;44.2;0.61;13/08/2026;00:00;24.2;0;SOLEIL;3;0;0
AGEN;44.2;0.61;13/08/2026;01:00;24.2;0;SOLEIL;3;0;0
AGEN;44.2;0.61;13/08/2026;02:00;20.4;0;SOLEIL;5;0;0
AGEN;44.2;0.61;13/08/2026;03:00;20.4;0;SOLEIL;5;0;0
AGEN;44.2;0.61;13/08/2026;04:00;20.4;0;SOLEIL;5;0;0
AGEN;44.2;0.61;13/08/2026;05:00;21.4;0;SOLEIL;2;0;0
AGEN;44.2;0.61;13/08/2026;06:00;21.4;0;SOLEIL;2;0;0
AGEN;44.2;0.61;13/08/2026;07:00;21.4;0;SOLEIL;2;0;0
AGEN;44.2;0.61;13/08/2026;08:00;24.0;0;SOLEIL;5;0;0
AGEN;44.2;0.61;13/08/2026;09:00;25.8;0;SOLEIL;5;0;0
AGEN;44.2;0.61;13/08/2026;10:00;27.6;0;SOLEIL;5;0;0
AGEN;44.2;0.61;13/08/2026;11:00;30.2;0;SOLEIL;2;0;0
AGEN;44.2;0.61;13/08/2026;12:00;30.2;0;SOLEIL;2;0;0
AGEN;44.2;0.61;13/08/2026;13:00;30.2;0;SOLEIL;2;0;0
AGEN;44.2;0.61;13/08/2026;14:00;34.8;0;SOLEIL;5;0;0
AGEN;44.2;0.61;13/08/2026;15:00;36.6;0;SOLEIL;5;0;0
AGEN;44.2;0.61;13/08/2026;16:00;34.8;0;SOLEIL;5;0;0
AGEN;44.2;0.61;13/08/2026;17:00;32.9;0;SOLEIL;2;0;0
AGEN;44.2;0.61;13/08/2026;18:00;32.9;0;SOLEIL;2;0;0
AGEN;44.2;0.61;13/08/2026;19:00;32.9;0;SOLEIL;2;0;0
AGEN;44.2;0.61;13/08/2026;20:00;27.6;0;SOLEIL;5;0;0
AGEN;44.2;0.61;13/08/2026;21:00;25.8;0;SOLEIL;5;0;0
AGEN;44.2;0.61;13/08/2026;22:00;24.0;0;SOLEIL;5;0;0
AGEN;44.2;0.61;13/08/2026;23:00;24.1;0;SOLEIL;3;0;0
AGEN;44.2;0.61;14/08/2026;00:00;24.1;0;SOLEIL;3;0;0
AGEN;44.2;0.61;14/08/2026;01:00;24.1;0;SOLEIL;3;0;0
AGEN;44.2;0.61;14/08/2026;02:00;20.2;0;SOLEIL;5;0;0
AGEN;44.2;0.61;14/08/2026;03:00;20.2;0;SOLEIL;5;0;0
AGEN;44.2;0.61;14/08/2026;04:00;20.2;0;SOLEIL;5;0;0
AGEN;44.2;0.61;14/08/2026;05:00;20.6;0;SOLEIL;2;0;0
AGEN;44.2;0.61;14/08/2026;06:00;20.6;0;SOLEIL;2;0;0
AGEN;44.2;0.61;14/08/2026;07:00;20.6;0;SOLEIL;2;0;0
AGEN;44.2;0.61;14/08/2026;08:00;23.2;0;SOLEIL;5;0;0
AGEN;44.2;0.61;14/08/2026;09:00;24.8;0;SOLEIL;5;0;0
AGEN;44.2;0.61;14/08/2026;10:00;26.3;0;SOLEIL;5;0;0
AGEN;44.2;0.61;14/08/2026;11:00;30.9;0;SOLEIL;2;0;0
AGEN;44.2;0.61;14/08/2026;12:00;30.9;0;SOLEIL;2;0;0
AGEN;44.2;0.61;14/08/2026;13:00;30.9;0;SOLEIL;2;0;0
AGEN;44.2;0.61;14/08/2026;14:00;32.4;0;SOLEIL;5;0;0
AGEN;44.2;0.61;14/08/2026;15:00;33.9;0;SOLEIL;5;0;0
AGEN;44.2;0.61;14/08/2026;16:00;32.4;0;SOLEIL;5;0;0
AGEN;44.2;0.61;14/08/2026;17:00;30.4;0;SOLEIL;3;0;0
AGEN;44.2;0.61;14/08/2026;18:00;30.4;0;SOLEIL;3;0;0
AGEN;44.2;0.61;14/08/2026;19:00;30.4;0;SOLEIL;3;0;0
AGEN;44.2;0.61;14/08/2026;20:00;26.3;0;SOLEIL;5;0;0
AGEN;44.2;0.61;14/08/2026;21:00;24.8;0;SOLEIL;5;0;0
AGEN;44.2;0.61;14/08/2026;22:00;23.2;0;SOLEIL;5;0;0
AGEN;44.2;0.61;14/08/2026;23:00;22.6;0;SOLEIL;3;0;0
AGEN;44.2;0.61;15/08/2026;00:00;22.6;0;SOLEIL;3;0;0
AGEN;44.2;0.61;15/08/2026;01:00;22.6;0;SOLEIL;3;0;0
AGEN;44.2;0.61;15/08/2026;02:00;19.7;0;SOLEIL;5;0;0
AGEN;44.2;0.61;15/08/2026;03:00;19.7;0;SOLEIL;5;0;0
AGEN;44.2;0.61;15/08/2026;04:00;19.7;0;SOLEIL;5;0;0
AGEN;44.2;0.61;15/08/2026;05:00;20.1;0;SOLEIL;3;0;0
AGEN;44.2;0.61;15/08/2026;06:00;20.1;0;SOLEIL;3;0;0
AGEN;44.2;0.61;15/08/2026;07:00;20.1;0;SOLEIL;3;0;0
AGEN;44.2;0.61;15/08/2026;08:00;22.7;0;SOLEIL;5;0;0
AGEN;44.2;0.61;15/08/2026;09:00;24.1;0;SOLEIL;5;0;0
AGEN;44.2;0.61;15/08/2026;10:00;25.6;0;SOLEIL;5;0;0
AGEN;44.2;0.61;15/08/2026;11:00;30.1;0;SOLEIL;3;0;0
AGEN;44.2;0.61;15/08/2026;12:00;30.1;0;SOLEIL;3;0;0
AGEN;44.2;0.61;15/08/2026;13:00;30.1;0;SOLEIL;3;0;0
AGEN;44.2;0.61;15/08/2026;14:00;31.5;0;SOLEIL;5;0;0
AGEN;44.2;0.61;15/08/2026;15:00;33.0;0;SOLEIL;5;0;0
AGEN;44.2;0.61;15/08/2026;16:00;31.5;0;SOLEIL;5;0;0
AGEN;44.2;0.61;15/08/2026;17:00;31.4;0;SOLEIL;4;0;0
AGEN;44.2;0.61;15/08/2026;18:00;31.4;0;SOLEIL;4;0;0
AGEN;44.2;0.61;15/08/2026;19:00;31.4;0;SOLEIL;4;0;0
AGEN;44.2;0.61;15/08/2026;20:00;25.6;0;SOLEIL;5;0;0
AGEN;44.2;0.61;15/08/2026;21:00;24.1;0;SOLEIL;5;0;0
AGEN;44.2;0.61;15/08/2026;22:00;22.7;0;SOLEIL;5;0;0
AGEN;44.2;0.61;15/08/2026;23:00;22.1;0;SOLEIL;3;0;0
