Ville;Latitude;Longitude;Date;Heure;temperature_2m;weathercode;Temps_Label;windspeed_10m;wind_gusts_10m;precipitation
Bayeux;49.28;-0.7;10/09/2026;00:00;10.1;0;SOLEIL;0;6.5;0
Bayeux;49.28;-0.7;10/09/2026;01:00;9.9;0;SOLEIL;1;6.5;0
Bayeux;49.28;-0.7;10/09/2026;02:00;9.2;0;SOLEIL;1;4.7;0
Bayeux;49.28;-0.7;10/09/2026;03:00;9;0;SOLEIL;1;4.3;0
Bayeux;49.28;-0.7;10/09/2026;04:00;9.4;0;SOLEIL;1;1.8;0
Bayeux;49.28;-0.7;10/09/2026;05:00;8.6;5;SOLEIL VOILÉ;1;3.6;0
Bayeux;49.28;-0.7;10/09/2026;06:00;8.6;5;SOLEIL VOILÉ;1;4.0;0
Bayeux;49.28;-0.7;10/09/2026;07:00;10.9;5;SOLEIL VOILÉ;1;4.0;0
Bayeux;49.28;-0.7;10/09/2026;08:00;13.6;5;SOLEIL VOILÉ;1;6.1;0
Bayeux;49.28;-0.7;10/09/2026;09:00;16.1;5;SOLEIL VOILÉ;1;5.0;0
Bayeux;49.28;-0.7;10/09/2026;10:00;18;5;SOLEIL VOILÉ;2;7.2;0
Bayeux;49.28;-0.7;10/09/2026;11:00;19.2;5;SOLEIL VOILÉ;2;10.4;0
Bayeux;49.28;-0.7;10/09/2026;12:00;19.9;5;SOLEIL VOILÉ;2;15.8;0
Bayeux;49.28;-0.7;10/09/2026;13:00;20.2;0;SOLEIL;3;24.5;0
Bayeux;49.28;-0.7;10/09/2026;14:00;20.6;0;SOLEIL;3;25.2;0
Bayeux;49.28;-0.7;10/09/2026;15:00;20.9;0;SOLEIL;2;28.4;0
Bayeux;49.28;-0.7;10/09/2026;16:00;20.6;0;SOLEIL;3;27.4;0
Bayeux;49.28;-0.7;10/09/2026;17:00;19.9;0;SOLEIL;2;26.6;0
Bayeux;49.28;-0.7;10/09/2026;18:00;19.4;0;SOLEIL;2;25.2;0
Bayeux;49.28;-0.7;10/09/2026;19:00;17.2;0;SOLEIL;1;22.3;0
Bayeux;49.28;-0.7;10/09/2026;20:00;15.7;5;SOLEIL VOILÉ;1;20.5;0
Bayeux;49.28;-0.7;10/09/2026;21:00;14.1;5;SOLEIL VOILÉ;1;10.1;0
Bayeux;49.28;-0.7;10/09/2026;22:00;13;5;SOLEIL VOILÉ;1;6.5;0
Bayeux;49.28;-0.7;10/09/2026;23:00;12.6;5;SOLEIL VOILÉ;1;6.8;0
Bayeux;49.28;-0.7;11/09/2026;00:00;12.6;5;SOLEIL VOILÉ;1;5.0;0
Bayeux;49.28;-0.7;11/09/2026;01:00;12.6;5;SOLEIL VOILÉ;1;4.7;0
Bayeux;49.28;-0.7;11/09/2026;02:00;14.6;6;AVERSES;2;8.3;0
Bayeux;49.28;-0.7;11/09/2026;03:00;14.6;6;AVERSES;2;5.9;0
Bayeux;49.28;-0.7;11/09/2026;04:00;14.6;6;AVERSES;2;5.8;0
Bayeux;49.28;-0.7;11/09/2026;05:00;14.9;2;NUAGEUX;3;6.6;0
Bayeux;49.28;-0.7;11/09/2026;06:00;14.9;2;NUAGEUX;3;8.3;0
Bayeux;49.28;-0.7;11/09/2026;07:00;14.9;2;NUAGEUX;3;10.8;0
Bayeux;49.28;-0.7;11/09/2026;08:00;17.6;2;NUAGEUX;3;11.2;0
Bayeux;49.28;-0.7;11/09/2026;09:00;17.6;2;NUAGEUX;3;10.8;0
Bayeux;49.28;-0.7;11/09/2026;10:00;17.6;2;NUAGEUX;3;14.0;0
Bayeux;49.28;-0.7;11/09/2026;11:00;20.9;2;NUAGEUX;4;16.2;0
Bayeux;49.28;-0.7;11/09/2026;12:00;20.9;2;NUAGEUX;4;28.1;0
Bayeux;49.28;-0.7;11/09/2026;13:00;20.9;2;NUAGEUX;4;24.5;0
Bayeux;49.28;-0.7;11/09/2026;14:00;22.4;2;NUAGEUX;4;23.4;0
Bayeux;49.28;-0.7;11/09/2026;15:00;22.4;2;NUAGEUX;4;19.8;0
Bayeux;49.28;-0.7;11/09/2026;16:00;22.4;2;NUAGEUX;4;27.0;0
Bayeux;49.28;-0.7;11/09/2026;17:00;19.6;0;SOLEIL;2;33.1;0
Bayeux;49.28;-0.7;11/09/2026;18:00;19.6;0;SOLEIL;2;32.4;0
Bayeux;49.28;-0.7;11/09/2026;19:00;19.6;0;SOLEIL;2;25.2;0
Bayeux;49.28;-0.7;11/09/2026;20:00;15;0;SOLEIL;2;24.5;0
Bayeux;49.28;-0.7;11/09/2026;21:00;15;0;SOLEIL;2;19.8;0
Bayeux;49.28;-0.7;11/09/2026;22:00;15;0;SOLEIL;2;11.2;0
Bayeux;49.28;-0.7;11/09/2026;23:00;13.5;0;SOLEIL;0;9.0;0
Bayeux;49.28;-0.7;12/09/2026;00:00;13.5;0;SOLEIL;0;7.2;0
Bayeux;49.28;-0.7;12/09/2026;01:00;13.5;0;SOLEIL;0;5.0;0
Bayeux;49.28;-0.7;12/09/2026;02:00;11.6;3;TRÈS NUAGEUX;0;5.4;0
Bayeux;49.28;-0.7;12/09/2026;03:00;11.6;3;TRÈS NUAGEUX;0;4.7;0
Bayeux;49.28;-0.7;12/09/2026;04:00;11.6;3;TRÈS NUAGEUX;0;4.0;0
Bayeux;49.28;-0.7;12/09/2026;05:00;10.6;3;TRÈS NUAGEUX;1;2.2;0
Bayeux;49.28;-0.7;12/09/2026;06:00;10.6;3;TRÈS NUAGEUX;1;3.2;0
Bayeux;49.28;-0.7;12/09/2026;07:00;10.6;3;TRÈS NUAGEUX;1;4.0;0
Bayeux;49.28;-0.7;12/09/2026;08:00;17.1;2;NUAGEUX;2;4.3;0
Bayeux;49.28;-0.7;12/09/2026;09:00;17.1;2;NUAGEUX;2;6.8;0
Bayeux;49.28;-0.7;12/09/2026;10:00;17.1;2;NUAGEUX;2;10.4;0
Bayeux;49.28;-0.7;12/09/2026;11:00;22.2;2;NUAGEUX;2;14.4;0
Bayeux;49.28;-0.7;12/09/2026;12:00;22.2;2;NUAGEUX;2;19.1;0
Bayeux;49.28;-0.7;12/09/2026;13:00;22.2;2;NUAGEUX;2;24.5;0
Bayeux;49.28;-0.7;12/09/2026;14:00;23.2;0;SOLEIL;2;28.1;0
Bayeux;49.28;-0.7;12/09/2026;15:00;23.2;0;SOLEIL;2;29.2;0
Bayeux;49.28;-0.7;12/09/2026;16:00;23.2;0;SOLEIL;2;28.8;0
Bayeux;49.28;-0.7;12/09/2026;17:00;21.4;0;SOLEIL;2;27.7;0
Bayeux;49.28;-0.7;12/09/2026;18:00;21.4;0;SOLEIL;2;27.0;0
Bayeux;49.28;-0.7;12/09/2026;19:00;21.4;0;SOLEIL;2;26.3;0
Bayeux;49.28;-0.7;12/09/2026;20:00;16.1;3;TRÈS NUAGEUX;5;23.4;0
Bayeux;49.28;-0.7;12/09/2026;21:00;14.5;3;TRÈS NUAGEUX;5;17.3;0
Bayeux;49.28;-0.7;12/09/2026;22:00;12.9;3;TRÈS NUAGEUX;5;9.4;0
Bayeux;49.28;-0.7;12/09/2026;23:00;14.4;2;NUAGEUX;2;4.0;0
Bayeux;49.28;-0.7;13/09/2026;00:00;14.4;2;NUAGEUX;2;2.9;0
Bayeux;49.28;-0.7;13/09/2026;01:00;14.4;2;NUAGEUX;2;4.3;0
Bayeux;49.28;-0.7;13/09/2026;02:00;13.4;6;AVERSES;5;5.4;0
Bayeux;49.28;-0.7;13/09/2026;03:00;13.4;6;AVERSES;5;5.4;0
Bayeux;49.28;-0.7;13/09/2026;04:00;13.4;6;AVERSES;5;5.4;0
Bayeux;49.28;-0.7;13/09/2026;05:00;14.2;2;NUAGEUX;2;5.4;0
Bayeux;49.28;-0.7;13/09/2026;06:00;14.2;2;NUAGEUX;2;5.0;0
Bayeux;49.28;-0.7;13/09/2026;07:00;14.2;2;NUAGEUX;2;4.7;0
Bayeux;49.28;-0.7;13/09/2026;08:00;15.5;6;AVERSES;5;5.4;0
Bayeux;49.28;-0.7;13/09/2026;09:00;16.6;6;AVERSES;5;7.6;0
Bayeux;49.28;-0.7;13/09/2026;10:00;17.7;6;AVERSES;5;10.1;0
Bayeux;49.28;-0.7;13/09/2026;11:00;21.5;6;AVERSES;4;13.0;0
Bayeux;49.28;-0.7;13/09/2026;12:00;21.5;6;AVERSES;4;15.1;0
Bayeux;49.28;-0.7;13/09/2026;13:00;21.5;6;AVERSES;4;17.6;0
Bayeux;49.28;-0.7;13/09/2026;14:00;21.9;6;AVERSES;5;19.8;0
Bayeux;49.28;-0.7;13/09/2026;15:00;23.0;6;AVERSES;5;22.7;0
Bayeux;49.28;-0.7;13/09/2026;16:00;21.9;6;AVERSES;5;25.9;0
Bayeux;49.28;-0.7;13/09/2026;17:00;20;6;AVERSES;2;27.0;0
Bayeux;49.28;-0.7;13/09/2026;18:00;20;6;AVERSES;2;25.2;0
Bayeux;49.28;-0.7;13/09/2026;19:00;20;6;AVERSES;2;21.2;0
Bayeux;49.28;-0.7;13/09/2026;20:00;17.7;6;AVERSES;5;17.3;0
Bayeux;49.28;-0.7;13/09/2026;21:00;16.6;6;AVERSES;5;13.3;0
Bayeux;49.28;-0.7;13/09/2026;22:00;15.5;6;AVERSES;5;9.0;0
Bayeux;49.28;-0.7;13/09/2026;23:00;15.2;0;SOLEIL;2;5.8;0
Bayeux;49.28;-0.7;14/09/2026;00:00;15.2;0;SOLEIL;2;3.5;0
Bayeux;49.28;-0.7;14/09/2026;01:00;15.2;0;SOLEIL;2;3.1;0
Bayeux;49.28;-0.7;14/09/2026;02:00;13.4;6;AVERSES;5;3.1;0
Bayeux;49.28;-0.7;14/09/2026;03:00;13.4;6;AVERSES;5;3.2;0
Bayeux;49.28;-0.7;14/09/2026;04:00;13.4;6;AVERSES;5;3.2;0
Bayeux;49.28;-0.7;14/09/2026;05:00;14.2;6;AVERSES;1;3.2;0
Bayeux;49.28;-0.7;14/09/2026;06:00;14.2;6;AVERSES;1;2.9;0
Bayeux;49.28;-0.7;14/09/2026;07:00;14.2;6;AVERSES;1;2.9;0
Bayeux;49.28;-0.7;14/09/2026;08:00;15.9;6;AVERSES;5;3.6;0
Bayeux;49.28;-0.7;14/09/2026;09:00;17.1;6;AVERSES;5;5.8;0
Bayeux;49.28;-0.7;14/09/2026;10:00;18.4;6;AVERSES;5;8.6;0
Bayeux;49.28;-0.7;14/09/2026;11:00;23.4;6;AVERSES;2;11.5;0
Bayeux;49.28;-0.7;14/09/2026;12:00;23.4;6;AVERSES;2;13.7;0
Bayeux;49.28;-0.7;14/09/2026;13:00;23.4;6;AVERSES;2;15.8;0
Bayeux;49.28;-0.7;14/09/2026;14:00;23.4;6;AVERSES;5;17.3;0
Bayeux;49.28;-0.7;14/09/2026;15:00;24.6;6;AVERSES;5;18.4;0
Bayeux;49.28;-0.7;14/09/2026;16:00;23.4;6;AVERSES;5;19.1;0
Bayeux;49.28;-0.7;14/09/2026;17:00;21.7;2;NUAGEUX;2;19.1;0
Bayeux;49.28;-0.7;14/09/2026;18:00;21.7;2;NUAGEUX;2;18.4;0
Bayeux;49.28;-0.7;14/09/2026;19:00;21.7;2;NUAGEUX;2;17.3;0
Bayeux;49.28;-0.7;14/09/2026;20:00;18.4;6;AVERSES;5;15.5;0
Bayeux;49.28;-0.7;14/09/2026;21:00;17.1;6;AVERSES;5;13.3;0
Bayeux;49.28;-0.7;14/09/2026;22:00;15.9;6;AVERSES;5;10.4;0
Bayeux;49.28;-0.7;14/09/2026;23:00;16;0;SOLEIL;2;7.9;0
Caen;49.18;-0.37;10/09/2026;00:00;11.5;0;SOLEIL;2;8.6;0
Caen;49.18;-0.37;10/09/2026;01:00;11.2;5;SOLEIL VOILÉ;2;8.3;0
Caen;49.18;-0.37;10/09/2026;02:00;11.1;5;SOLEIL VOILÉ;2;8.3;0
Caen;49.18;-0.37;10/09/2026;03:00;11.1;5;SOLEIL VOILÉ;2;8.6;0
Caen;49.18;-0.37;10/09/2026;04:00;11.4;5;SOLEIL VOILÉ;2;8.6;0
Caen;49.18;-0.37;10/09/2026;05:00;11.2;5;SOLEIL VOILÉ;2;9.0;0
Caen;49.18;-0.37;10/09/2026;06:00;11;5;SOLEIL VOILÉ;2;9.4;0
Caen;49.18;-0.37;10/09/2026;07:00;12;5;SOLEIL VOILÉ;2;9.0;0
Caen;49.18;-0.37;10/09/2026;08:00;15;5;SOLEIL VOILÉ;2;8.6;0
Caen;49.18;-0.37;10/09/2026;09:00;16.4;5;SOLEIL VOILÉ;3;8.3;0
Caen;49.18;-0.37;10/09/2026;10:00;17.5;2;NUAGEUX;3;15.1;0
Caen;49.18;-0.37;10/09/2026;11:00;17.9;2;NUAGEUX;3;22.7;0
Caen;49.18;-0.37;10/09/2026;12:00;18.5;2;NUAGEUX;4;25.6;0
Caen;49.18;-0.37;10/09/2026;13:00;19.2;2;NUAGEUX;3;27.7;0
Caen;49.18;-0.37;10/09/2026;14:00;20;2;NUAGEUX;3;28.4;0
Caen;49.18;-0.37;10/09/2026;15:00;20.2;0;SOLEIL;3;26.6;0
Caen;49.18;-0.37;10/09/2026;16:00;19.5;0;SOLEIL;3;26.6;0
Caen;49.18;-0.37;10/09/2026;17:00;18.6;2;NUAGEUX;3;27.4;0
Caen;49.18;-0.37;10/09/2026;18:00;17.2;5;SOLEIL VOILÉ;3;28.1;0
Caen;49.18;-0.37;10/09/2026;19:00;16;5;SOLEIL VOILÉ;2;27.7;0
Caen;49.18;-0.37;10/09/2026;20:00;15.6;5;SOLEIL VOILÉ;2;19.8;0
Caen;49.18;-0.37;10/09/2026;21:00;15.2;5;SOLEIL VOILÉ;2;11.2;0
Caen;49.18;-0.37;10/09/2026;22:00;15.1;2;NUAGEUX;2;6.8;0
Caen;49.18;-0.37;10/09/2026;23:00;15.6;2;NUAGEUX;2;7.2;0
Caen;49.18;-0.37;11/09/2026;00:00;16.1;2;NUAGEUX;3;8.3;0
Caen;49.18;-0.37;11/09/2026;01:00;16.1;2;NUAGEUX;3;14.0;0
Caen;49.18;-0.37;11/09/2026;02:00;15.1;2;NUAGEUX;5;20.9;0
Caen;49.18;-0.37;11/09/2026;03:00;15.1;2;NUAGEUX;5;20.2;0
Caen;49.18;-0.37;11/09/2026;04:00;15.1;2;NUAGEUX;5;21.6;0
Caen;49.18;-0.37;11/09/2026;05:00;15.5;2;NUAGEUX;4;24.8;0
Caen;49.18;-0.37;11/09/2026;06:00;15.5;2;NUAGEUX;4;26.6;0
Caen;49.18;-0.37;11/09/2026;07:00;15.5;2;NUAGEUX;4;25.2;0
Caen;49.18;-0.37;11/09/2026;08:00;18.5;2;NUAGEUX;5;22.7;0
Caen;49.18;-0.37;11/09/2026;09:00;18.5;2;NUAGEUX;5;24.8;0
Caen;49.18;-0.37;11/09/2026;10:00;18.5;2;NUAGEUX;5;25.9;0
Caen;49.18;-0.37;11/09/2026;11:00;20.1;2;NUAGEUX;5;26.6;0
Caen;49.18;-0.37;11/09/2026;12:00;20.1;2;NUAGEUX;5;28.1;0
Caen;49.18;-0.37;11/09/2026;13:00;20.1;2;NUAGEUX;5;24.5;0
Caen;49.18;-0.37;11/09/2026;14:00;19.6;0;SOLEIL;5;26.6;0
Caen;49.18;-0.37;11/09/2026;15:00;19.6;0;SOLEIL;5;29.2;0
Caen;49.18;-0.37;11/09/2026;16:00;19.6;0;SOLEIL;5;28.8;0
Caen;49.18;-0.37;11/09/2026;17:00;17.6;0;SOLEIL;3;27.0;0
Caen;49.18;-0.37;11/09/2026;18:00;17.6;0;SOLEIL;3;25.9;0
Caen;49.18;-0.37;11/09/2026;19:00;17.6;0;SOLEIL;3;24.8;0
Caen;49.18;-0.37;11/09/2026;20:00;14.6;0;SOLEIL;2;21.2;0
Caen;49.18;-0.37;11/09/2026;21:00;14.6;0;SOLEIL;2;15.5;0
Caen;49.18;-0.37;11/09/2026;22:00;14.6;0;SOLEIL;2;10.4;0
Caen;49.18;-0.37;11/09/2026;23:00;13;0;SOLEIL;2;9.0;0
Caen;49.18;-0.37;12/09/2026;00:00;13;0;SOLEIL;2;9.0;0
Caen;49.18;-0.37;12/09/2026;01:00;13;0;SOLEIL;2;8.6;0
Caen;49.18;-0.37;12/09/2026;02:00;11.9;3;TRÈS NUAGEUX;2;8.3;0
Caen;49.18;-0.37;12/09/2026;03:00;11.9;3;TRÈS NUAGEUX;2;8.3;0
Caen;49.18;-0.37;12/09/2026;04:00;11.9;3;TRÈS NUAGEUX;2;8.3;0
Caen;49.18;-0.37;12/09/2026;05:00;11.1;3;TRÈS NUAGEUX;2;9.7;0
Caen;49.18;-0.37;12/09/2026;06:00;11.1;3;TRÈS NUAGEUX;2;9.7;0
Caen;49.18;-0.37;12/09/2026;07:00;11.1;3;TRÈS NUAGEUX;2;8.3;0
Caen;49.18;-0.37;12/09/2026;08:00;17.9;0;SOLEIL;2;8.3;0
Caen;49.18;-0.37;12/09/2026;09:00;17.9;0;SOLEIL;2;11.9;0
Caen;49.18;-0.37;12/09/2026;10:00;17.9;0;SOLEIL;2;17.3;0
Caen;49.18;-0.37;12/09/2026;11:00;20.6;2;NUAGEUX;3;21.6;0
Caen;49.18;-0.37;12/09/2026;12:00;20.6;2;NUAGEUX;3;23.8;0
Caen;49.18;-0.37;12/09/2026;13:00;20.6;2;NUAGEUX;3;24.8;0
Caen;49.18;-0.37;12/09/2026;14:00;21.2;0;SOLEIL;3;25.6;0
Caen;49.18;-0.37;12/09/2026;15:00;21.2;0;SOLEIL;3;26.3;0
Caen;49.18;-0.37;12/09/2026;16:00;21.2;0;SOLEIL;3;26.6;0
Caen;49.18;-0.37;12/09/2026;17:00;18.6;0;SOLEIL;3;26.3;0
Caen;49.18;-0.37;12/09/2026;18:00;18.6;0;SOLEIL;3;24.8;0
Caen;49.18;-0.37;12/09/2026;19:00;18.6;0;SOLEIL;3;22.3;0
Caen;49.18;-0.37;12/09/2026;20:00;15.6;3;TRÈS NUAGEUX;5;19.1;0
Caen;49.18;-0.37;12/09/2026;21:00;14.4;3;TRÈS NUAGEUX;5;14.8;0
Caen;49.18;-0.37;12/09/2026;22:00;13.1;3;TRÈS NUAGEUX;5;9.7;0
Caen;49.18;-0.37;12/09/2026;23:00;13.6;2;NUAGEUX;3;6.1;0
Caen;49.18;-0.37;13/09/2026;00:00;13.6;2;NUAGEUX;3;5.0;0
Caen;49.18;-0.37;13/09/2026;01:00;13.6;2;NUAGEUX;3;5.8;0
Caen;49.18;-0.37;13/09/2026;02:00;13.7;6;AVERSES;5;6.5;0
Caen;49.18;-0.37;13/09/2026;03:00;13.7;6;AVERSES;5;6.8;0
Caen;49.18;-0.37;13/09/2026;04:00;13.7;6;AVERSES;5;7.6;0
Caen;49.18;-0.37;13/09/2026;05:00;15.1;7;PLUIE FAIBLE;4;7.9;0
Caen;49.18;-0.37;13/09/2026;06:00;15.1;7;PLUIE FAIBLE;4;7.9;0
Caen;49.18;-0.37;13/09/2026;07:00;15.1;7;PLUIE FAIBLE;4;7.6;0
Caen;49.18;-0.37;13/09/2026;08:00;15.6;6;AVERSES;5;7.6;0
Caen;49.18;-0.37;13/09/2026;09:00;16.5;6;AVERSES;5;7.6;0
Caen;49.18;-0.37;13/09/2026;10:00;17.4;6;AVERSES;5;7.9;0
Caen;49.18;-0.37;13/09/2026;11:00;20.4;6;AVERSES;5;9.7;0
Caen;49.18;-0.37;13/09/2026;12:00;20.4;6;AVERSES;5;14.0;0
Caen;49.18;-0.37;13/09/2026;13:00;20.4;6;AVERSES;5;19.4;0
Caen;49.18;-0.37;13/09/2026;14:00;21.2;6;AVERSES;5;23.8;0
Caen;49.18;-0.37;13/09/2026;15:00;22.1;6;AVERSES;5;25.6;0
Caen;49.18;-0.37;13/09/2026;16:00;21.2;6;AVERSES;5;25.9;0
Caen;49.18;-0.37;13/09/2026;17:00;19.2;6;AVERSES;3;25.2;0
Caen;49.18;-0.37;13/09/2026;18:00;19.2;6;AVERSES;3;23.4;0
Caen;49.18;-0.37;13/09/2026;19:00;19.2;6;AVERSES;3;20.5;0
Caen;49.18;-0.37;13/09/2026;20:00;17.4;6;AVERSES;5;17.3;0
Caen;49.18;-0.37;13/09/2026;21:00;16.5;6;AVERSES;5;13.7;0
Caen;49.18;-0.37;13/09/2026;22:00;15.6;6;AVERSES;5;9.7;0
Caen;49.18;-0.37;13/09/2026;23:00;15.1;0;SOLEIL;2;6.8;0
Caen;49.18;-0.37;14/09/2026;00:00;15.1;0;SOLEIL;2;6.7;0
Caen;49.18;-0.37;14/09/2026;01:00;15.1;0;SOLEIL;2;7.9;0
Caen;49.18;-0.37;14/09/2026;02:00;13.1;0;SOLEIL;5;9.2;0
Caen;49.18;-0.37;14/09/2026;03:00;13.1;0;SOLEIL;5;9.7;0
Caen;49.18;-0.37;14/09/2026;04:00;13.1;0;SOLEIL;5;9.7;0
Caen;49.18;-0.37;14/09/2026;05:00;13.9;6;AVERSES;2;9.7;0
Caen;49.18;-0.37;14/09/2026;06:00;13.9;6;AVERSES;2;9.7;0
Caen;49.18;-0.37;14/09/2026;07:00;13.9;6;AVERSES;2;10.1;0
Caen;49.18;-0.37;14/09/2026;08:00;15.4;0;SOLEIL;5;10.4;0
Caen;49.18;-0.37;14/09/2026;09:00;16.5;0;SOLEIL;5;11.2;0
Caen;49.18;-0.37;14/09/2026;10:00;17.7;0;SOLEIL;5;12.2;0
Caen;49.18;-0.37;14/09/2026;11:00;22.6;2;NUAGEUX;3;13.3;0
Caen;49.18;-0.37;14/09/2026;12:00;22.6;2;NUAGEUX;3;14.8;0
Caen;49.18;-0.37;14/09/2026;13:00;22.6;2;NUAGEUX;3;16.6;0
Caen;49.18;-0.37;14/09/2026;14:00;22.3;0;SOLEIL;5;18.7;0
Caen;49.18;-0.37;14/09/2026;15:00;23.4;0;SOLEIL;5;21.6;0
Caen;49.18;-0.37;14/09/2026;16:00;22.3;0;SOLEIL;5;25.2;0
Caen;49.18;-0.37;14/09/2026;17:00;20.2;0;SOLEIL;1;26.6;0
Caen;49.18;-0.37;14/09/2026;18:00;20.2;0;SOLEIL;1;25.2;0
Caen;49.18;-0.37;14/09/2026;19:00;20.2;0;SOLEIL;1;22.0;0
Caen;49.18;-0.37;14/09/2026;20:00;17.7;0;SOLEIL;5;18.4;0
Caen;49.18;-0.37;14/09/2026;21:00;16.5;0;SOLEIL;5;14.8;0
Caen;49.18;-0.37;14/09/2026;22:00;15.4;0;SOLEIL;5;11.2;0
Caen;49.18;-0.37;14/09/2026;23:00;16.1;0;SOLEIL;3;9.0;0
Clécy;48.91;-0.48;10/09/2026;00:00;10.9;0;SOLEIL;2;7.2;0
Clécy;48.91;-0.48;10/09/2026;01:00;10.4;0;SOLEIL;1;5.8;0
Clécy;48.91;-0.48;10/09/2026;02:00;10.1;5;SOLEIL VOILÉ;2;6.8;0
Clécy;48.91;-0.48;10/09/2026;03:00;9.6;5;SOLEIL VOILÉ;1;8.3;0
Clécy;48.91;-0.48;10/09/2026;04:00;10.1;5;SOLEIL VOILÉ;1;8.3;0
Clécy;48.91;-0.48;10/09/2026;05:00;9.4;5;SOLEIL VOILÉ;1;7.2;0
Clécy;48.91;-0.48;10/09/2026;06:00;9.6;5;SOLEIL VOILÉ;1;6.5;0
Clécy;48.91;-0.48;10/09/2026;07:00;11.1;5;SOLEIL VOILÉ;1;5.4;0
Clécy;48.91;-0.48;10/09/2026;08:00;14;5;SOLEIL VOILÉ;1;5.0;0
Clécy;48.91;-0.48;10/09/2026;09:00;16.4;5;SOLEIL VOILÉ;2;4.3;0
Clécy;48.91;-0.48;10/09/2026;10:00;17.5;2;NUAGEUX;2;6.1;0
Clécy;48.91;-0.48;10/09/2026;11:00;18.1;2;NUAGEUX;2;12.2;0
Clécy;48.91;-0.48;10/09/2026;12:00;19.1;2;NUAGEUX;3;20.9;0
Clécy;48.91;-0.48;10/09/2026;13:00;19.4;2;NUAGEUX;2;24.5;0
Clécy;48.91;-0.48;10/09/2026;14:00;20;2;NUAGEUX;3;27.0;0
Clécy;48.91;-0.48;10/09/2026;15:00;20.5;0;SOLEIL;2;25.9;0
Clécy;48.91;-0.48;10/09/2026;16:00;20.7;0;SOLEIL;3;25.9;0
Clécy;48.91;-0.48;10/09/2026;17:00;20.1;0;SOLEIL;3;31.0;0
Clécy;48.91;-0.48;10/09/2026;18:00;19;5;SOLEIL VOILÉ;2;29.5;0
Clécy;48.91;-0.48;10/09/2026;19:00;17.1;5;SOLEIL VOILÉ;2;26.3;0
Clécy;48.91;-0.48;10/09/2026;20:00;15.7;5;SOLEIL VOILÉ;1;20.5;0
Clécy;48.91;-0.48;10/09/2026;21:00;14.7;5;SOLEIL VOILÉ;1;11.9;0
Clécy;48.91;-0.48;10/09/2026;22:00;14;5;SOLEIL VOILÉ;1;4.7;0
Clécy;48.91;-0.48;10/09/2026;23:00;14;2;NUAGEUX;1;4.7;0
Clécy;48.91;-0.48;11/09/2026;00:00;14.9;2;NUAGEUX;2;5.4;0
Clécy;48.91;-0.48;11/09/2026;01:00;14.9;2;NUAGEUX;2;8.6;0
Clécy;48.91;-0.48;11/09/2026;02:00;16;6;AVERSES;4;12.6;0
Clécy;48.91;-0.48;11/09/2026;03:00;16;6;AVERSES;4;14.3;0
Clécy;48.91;-0.48;11/09/2026;04:00;16;6;AVERSES;4;14.8;0
Clécy;48.91;-0.48;11/09/2026;05:00;15.6;2;NUAGEUX;4;19.4;0
Clécy;48.91;-0.48;11/09/2026;06:00;15.6;2;NUAGEUX;4;19.8;0
Clécy;48.91;-0.48;11/09/2026;07:00;15.6;2;NUAGEUX;4;19.4;0
Clécy;48.91;-0.48;11/09/2026;08:00;18.6;2;NUAGEUX;4;16.2;0
Clécy;48.91;-0.48;11/09/2026;09:00;18.6;2;NUAGEUX;4;20.9;0
Clécy;48.91;-0.48;11/09/2026;10:00;18.6;2;NUAGEUX;4;25.6;0
Clécy;48.91;-0.48;11/09/2026;11:00;20.6;2;NUAGEUX;4;30.2;0
Clécy;48.91;-0.48;11/09/2026;12:00;20.6;2;NUAGEUX;4;29.9;0
Clécy;48.91;-0.48;11/09/2026;13:00;20.6;2;NUAGEUX;4;30.2;0
Clécy;48.91;-0.48;11/09/2026;14:00;21.1;0;SOLEIL;4;28.8;0
Clécy;48.91;-0.48;11/09/2026;15:00;21.1;0;SOLEIL;4;33.5;0
Clécy;48.91;-0.48;11/09/2026;16:00;21.1;0;SOLEIL;4;33.5;0
Clécy;48.91;-0.48;11/09/2026;17:00;18.4;0;SOLEIL;3;32.0;0
Clécy;48.91;-0.48;11/09/2026;18:00;18.4;0;SOLEIL;3;28.8;0
Clécy;48.91;-0.48;11/09/2026;19:00;18.4;0;SOLEIL;3;29.5;0
Clécy;48.91;-0.48;11/09/2026;20:00;15.4;0;SOLEIL;2;23.0;0
Clécy;48.91;-0.48;11/09/2026;21:00;15.4;0;SOLEIL;2;20.2;0
Clécy;48.91;-0.48;11/09/2026;22:00;15.4;0;SOLEIL;2;12.6;0
Clécy;48.91;-0.48;11/09/2026;23:00;14.2;0;SOLEIL;2;9.7;0
Clécy;48.91;-0.48;12/09/2026;00:00;14.2;0;SOLEIL;2;9.4;0
Clécy;48.91;-0.48;12/09/2026;01:00;14.2;0;SOLEIL;2;10.1;0
Clécy;48.91;-0.48;12/09/2026;02:00;12.1;0;SOLEIL;2;9.7;0
Clécy;48.91;-0.48;12/09/2026;03:00;12.1;0;SOLEIL;2;9.7;0
Clécy;48.91;-0.48;12/09/2026;04:00;12.1;0;SOLEIL;2;9.7;0
Clécy;48.91;-0.48;12/09/2026;05:00;11.4;3;TRÈS NUAGEUX;2;9.7;0
Clécy;48.91;-0.48;12/09/2026;06:00;11.4;3;TRÈS NUAGEUX;2;10.1;0
Clécy;48.91;-0.48;12/09/2026;07:00;11.4;3;TRÈS NUAGEUX;2;9.4;0
Clécy;48.91;-0.48;12/09/2026;08:00;17.6;0;SOLEIL;2;9.0;0
Clécy;48.91;-0.48;12/09/2026;09:00;17.6;0;SOLEIL;2;11.9;0
Clécy;48.91;-0.48;12/09/2026;10:00;17.6;0;SOLEIL;2;16.2;0
Clécy;48.91;-0.48;12/09/2026;11:00;21;2;NUAGEUX;3;19.8;0
Clécy;48.91;-0.48;12/09/2026;12:00;21;2;NUAGEUX;3;22.3;0
Clécy;48.91;-0.48;12/09/2026;13:00;21;2;NUAGEUX;3;24.5;0
Clécy;48.91;-0.48;12/09/2026;14:00;21.9;0;SOLEIL;2;25.6;0
Clécy;48.91;-0.48;12/09/2026;15:00;21.9;0;SOLEIL;2;25.2;0
Clécy;48.91;-0.48;12/09/2026;16:00;21.9;0;SOLEIL;2;24.1;0
Clécy;48.91;-0.48;12/09/2026;17:00;19.5;0;SOLEIL;3;22.7;0
Clécy;48.91;-0.48;12/09/2026;18:00;19.5;0;SOLEIL;3;21.6;0
Clécy;48.91;-0.48;12/09/2026;19:00;19.5;0;SOLEIL;3;20.2;0
Clécy;48.91;-0.48;12/09/2026;20:00;16.1;3;TRÈS NUAGEUX;5;18.4;0
Clécy;48.91;-0.48;12/09/2026;21:00;14.8;3;TRÈS NUAGEUX;5;14.8;0
Clécy;48.91;-0.48;12/09/2026;22:00;13.5;3;TRÈS NUAGEUX;5;10.8;0
Clécy;48.91;-0.48;12/09/2026;23:00;14.7;2;NUAGEUX;2;7.6;0
Clécy;48.91;-0.48;13/09/2026;00:00;14.7;2;NUAGEUX;2;6.5;0
Clécy;48.91;-0.48;13/09/2026;01:00;14.7;2;NUAGEUX;2;6.5;0
Clécy;48.91;-0.48;13/09/2026;02:00;14.2;6;AVERSES;5;6.5;0
Clécy;48.91;-0.48;13/09/2026;03:00;14.2;6;AVERSES;5;6.5;0
Clécy;48.91;-0.48;13/09/2026;04:00;14.2;6;AVERSES;5;6.8;0
Clécy;48.91;-0.48;13/09/2026;05:00;16;7;PLUIE FAIBLE;3;7.2;0
Clécy;48.91;-0.48;13/09/2026;06:00;16;7;PLUIE FAIBLE;3;7.2;0
Clécy;48.91;-0.48;13/09/2026;07:00;16;7;PLUIE FAIBLE;3;6.8;0
Clécy;48.91;-0.48;13/09/2026;08:00;16.2;6;AVERSES;5;7.2;0
Clécy;48.91;-0.48;13/09/2026;09:00;17.2;6;AVERSES;5;7.6;0
Clécy;48.91;-0.48;13/09/2026;10:00;18.2;6;AVERSES;5;8.6;0
Clécy;48.91;-0.48;13/09/2026;11:00;21.9;6;AVERSES;5;10.4;0
Clécy;48.91;-0.48;13/09/2026;12:00;21.9;6;AVERSES;5;14.0;0
Clécy;48.91;-0.48;13/09/2026;13:00;21.9;6;AVERSES;5;18.7;0
Clécy;48.91;-0.48;13/09/2026;14:00;22.1;6;AVERSES;5;22.3;0
Clécy;48.91;-0.48;13/09/2026;15:00;23.1;6;AVERSES;5;24.1;0
Clécy;48.91;-0.48;13/09/2026;16:00;22.1;6;AVERSES;5;25.2;0
Clécy;48.91;-0.48;13/09/2026;17:00;20.6;6;AVERSES;3;24.8;0
Clécy;48.91;-0.48;13/09/2026;18:00;20.6;6;AVERSES;3;22.7;0
Clécy;48.91;-0.48;13/09/2026;19:00;20.6;6;AVERSES;3;19.4;0
Clécy;48.91;-0.48;13/09/2026;20:00;18.2;6;AVERSES;5;15.8;0
Clécy;48.91;-0.48;13/09/2026;21:00;17.2;6;AVERSES;5;12.2;0
Clécy;48.91;-0.48;13/09/2026;22:00;16.2;6;AVERSES;5;8.6;0
Clécy;48.91;-0.48;13/09/2026;23:00;16.1;0;SOLEIL;2;6.1;0
Clécy;48.91;-0.48;14/09/2026;00:00;16.1;0;SOLEIL;2;6.0;0
Clécy;48.91;-0.48;14/09/2026;01:00;16.1;0;SOLEIL;2;6.8;0
Clécy;48.91;-0.48;14/09/2026;02:00;13.9;0;SOLEIL;5;8.2;0
Clécy;48.91;-0.48;14/09/2026;03:00;13.9;0;SOLEIL;5;9.0;0
Clécy;48.91;-0.48;14/09/2026;04:00;13.9;0;SOLEIL;5;9.0;0
Clécy;48.91;-0.48;14/09/2026;05:00;14.9;6;AVERSES;2;9.0;0
Clécy;48.91;-0.48;14/09/2026;06:00;14.9;6;AVERSES;2;9.0;0
Clécy;48.91;-0.48;14/09/2026;07:00;14.9;6;AVERSES;2;9.0;0
Clécy;48.91;-0.48;14/09/2026;08:00;16.3;0;SOLEIL;5;9.0;0
Clécy;48.91;-0.48;14/09/2026;09:00;17.5;0;SOLEIL;5;9.4;0
Clécy;48.91;-0.48;14/09/2026;10:00;18.7;0;SOLEIL;5;9.7;0
Clécy;48.91;-0.48;14/09/2026;11:00;23.6;2;NUAGEUX;3;10.1;0
Clécy;48.91;-0.48;14/09/2026;12:00;23.6;2;NUAGEUX;3;10.8;0
Clécy;48.91;-0.48;14/09/2026;13:00;23.6;2;NUAGEUX;3;11.5;0
Clécy;48.91;-0.48;14/09/2026;14:00;23.4;0;SOLEIL;5;13.0;0
Clécy;48.91;-0.48;14/09/2026;15:00;24.6;0;SOLEIL;5;15.1;0
Clécy;48.91;-0.48;14/09/2026;16:00;23.4;0;SOLEIL;5;18.0;0
Clécy;48.91;-0.48;14/09/2026;17:00;22;0;SOLEIL;2;19.8;0
Clécy;48.91;-0.48;14/09/2026;18:00;22;0;SOLEIL;2;20.9;0
Clécy;48.91;-0.48;14/09/2026;19:00;22;0;SOLEIL;2;21.2;0
Clécy;48.91;-0.48;14/09/2026;20:00;18.7;0;SOLEIL;5;20.2;0
Clécy;48.91;-0.48;14/09/2026;21:00;17.5;0;SOLEIL;5;15.8;0
Clécy;48.91;-0.48;14/09/2026;22:00;16.3;0;SOLEIL;5;10.4;0
Clécy;48.91;-0.48;14/09/2026;23:00;16.6;0;SOLEIL;2;6.5;0
Lisieux;49.14;0.22;10/09/2026;00:00;9.2;0;SOLEIL;1;3.6;0
Lisieux;49.14;0.22;10/09/2026;01:00;9.4;0;SOLEIL;1;5.0;0
Lisieux;49.14;0.22;10/09/2026;02:00;9.4;5;SOLEIL VOILÉ;1;6.1;0
Lisieux;49.14;0.22;10/09/2026;03:00;9.1;5;SOLEIL VOILÉ;2;4.7;0
Lisieux;49.14;0.22;10/09/2026;04:00;9.4;5;SOLEIL VOILÉ;2;4.3;0
Lisieux;49.14;0.22;10/09/2026;05:00;9.7;5;SOLEIL VOILÉ;2;4.7;0
Lisieux;49.14;0.22;10/09/2026;06:00;9.9;5;SOLEIL VOILÉ;2;6.1;0
Lisieux;49.14;0.22;10/09/2026;07:00;11.6;5;SOLEIL VOILÉ;2;5.4;0
Lisieux;49.14;0.22;10/09/2026;08:00;13.7;5;SOLEIL VOILÉ;2;5.4;0
Lisieux;49.14;0.22;10/09/2026;09:00;15;5;SOLEIL VOILÉ;2;6.5;0
Lisieux;49.14;0.22;10/09/2026;10:00;16.4;2;NUAGEUX;2;6.1;0
Lisieux;49.14;0.22;10/09/2026;11:00;17.5;2;NUAGEUX;3;9.7;0
Lisieux;49.14;0.22;10/09/2026;12:00;18.9;2;NUAGEUX;3;14.8;0
Lisieux;49.14;0.22;10/09/2026;13:00;19.5;0;SOLEIL;2;16.6;0
Lisieux;49.14;0.22;10/09/2026;14:00;20.5;0;SOLEIL;3;19.8;0
Lisieux;49.14;0.22;10/09/2026;15:00;20.7;0;SOLEIL;2;21.2;0
Lisieux;49.14;0.22;10/09/2026;16:00;20.7;0;SOLEIL;2;25.9;0
Lisieux;49.14;0.22;10/09/2026;17:00;19.7;0;SOLEIL;2;24.8;0
Lisieux;49.14;0.22;10/09/2026;18:00;18.6;5;SOLEIL VOILÉ;2;23.4;0
Lisieux;49.14;0.22;10/09/2026;19:00;16.5;5;SOLEIL VOILÉ;1;19.4;0
Lisieux;49.14;0.22;10/09/2026;20:00;15.1;5;SOLEIL VOILÉ;1;16.2;0
Lisieux;49.14;0.22;10/09/2026;21:00;14.1;5;SOLEIL VOILÉ;1;10.1;0
Lisieux;49.14;0.22;10/09/2026;22:00;13.7;5;SOLEIL VOILÉ;1;5.0;0
Lisieux;49.14;0.22;10/09/2026;23:00;13.4;2;NUAGEUX;2;5.4;0
Lisieux;49.14;0.22;11/09/2026;00:00;13.7;2;NUAGEUX;2;5.0;0
Lisieux;49.14;0.22;11/09/2026;01:00;13.7;2;NUAGEUX;2;4.0;0
Lisieux;49.14;0.22;11/09/2026;02:00;14.2;6;AVERSES;4;6.8;0
Lisieux;49.14;0.22;11/09/2026;03:00;14.2;6;AVERSES;4;12.1;0
Lisieux;49.14;0.22;11/09/2026;04:00;14.2;6;AVERSES;4;14.9;0
Lisieux;49.14;0.22;11/09/2026;05:00;14.9;2;NUAGEUX;4;15.8;0
Lisieux;49.14;0.22;11/09/2026;06:00;14.9;2;NUAGEUX;4;18.7;0
Lisieux;49.14;0.22;11/09/2026;07:00;14.9;2;NUAGEUX;4;23.0;0
Lisieux;49.14;0.22;11/09/2026;08:00;18.1;2;NUAGEUX;4;25.9;0
Lisieux;49.14;0.22;11/09/2026;09:00;18.1;2;NUAGEUX;4;24.8;0
Lisieux;49.14;0.22;11/09/2026;10:00;18.1;2;NUAGEUX;4;34.6;0
Lisieux;49.14;0.22;11/09/2026;11:00;22;2;NUAGEUX;4;34.9;0
Lisieux;49.14;0.22;11/09/2026;12:00;22;2;NUAGEUX;4;31.0;0
Lisieux;49.14;0.22;11/09/2026;13:00;22;2;NUAGEUX;4;31.7;0
Lisieux;49.14;0.22;11/09/2026;14:00;21.5;2;NUAGEUX;4;27.0;0
Lisieux;49.14;0.22;11/09/2026;15:00;21.5;2;NUAGEUX;4;33.1;0
Lisieux;49.14;0.22;11/09/2026;16:00;21.5;2;NUAGEUX;4;34.9;0
Lisieux;49.14;0.22;11/09/2026;17:00;18.6;0;SOLEIL;3;34.6;0
Lisieux;49.14;0.22;11/09/2026;18:00;18.6;0;SOLEIL;3;29.5;0
Lisieux;49.14;0.22;11/09/2026;19:00;18.6;0;SOLEIL;3;27.0;0
Lisieux;49.14;0.22;11/09/2026;20:00;14.4;0;SOLEIL;1;24.8;0
Lisieux;49.14;0.22;11/09/2026;21:00;14.4;0;SOLEIL;1;19.1;0
Lisieux;49.14;0.22;11/09/2026;22:00;14.4;0;SOLEIL;1;13.0;0
Lisieux;49.14;0.22;11/09/2026;23:00;12.1;0;SOLEIL;1;6.8;0
Lisieux;49.14;0.22;12/09/2026;00:00;12.1;0;SOLEIL;1;5.8;0
Lisieux;49.14;0.22;12/09/2026;01:00;12.1;0;SOLEIL;1;6.5;0
Lisieux;49.14;0.22;12/09/2026;02:00;10.6;3;TRÈS NUAGEUX;1;8.3;0
Lisieux;49.14;0.22;12/09/2026;03:00;10.6;3;TRÈS NUAGEUX;1;7.9;0
Lisieux;49.14;0.22;12/09/2026;04:00;10.6;3;TRÈS NUAGEUX;1;8.3;0
Lisieux;49.14;0.22;12/09/2026;05:00;10.4;3;TRÈS NUAGEUX;2;9.4;0
Lisieux;49.14;0.22;12/09/2026;06:00;10.4;3;TRÈS NUAGEUX;2;9.0;0
Lisieux;49.14;0.22;12/09/2026;07:00;10.4;3;TRÈS NUAGEUX;2;8.6;0
Lisieux;49.14;0.22;12/09/2026;08:00;16.6;3;TRÈS NUAGEUX;1;9.0;0
Lisieux;49.14;0.22;12/09/2026;09:00;16.6;3;TRÈS NUAGEUX;1;10.8;0
Lisieux;49.14;0.22;12/09/2026;10:00;16.6;3;TRÈS NUAGEUX;1;13.7;0
Lisieux;49.14;0.22;12/09/2026;11:00;21.9;0;SOLEIL;2;16.2;0
Lisieux;49.14;0.22;12/09/2026;12:00;21.9;0;SOLEIL;2;19.1;0
Lisieux;49.14;0.22;12/09/2026;13:00;21.9;0;SOLEIL;2;21.6;0
Lisieux;49.14;0.22;12/09/2026;14:00;23.1;0;SOLEIL;2;23.4;0
Lisieux;49.14;0.22;12/09/2026;15:00;23.1;0;SOLEIL;2;23.4;0
Lisieux;49.14;0.22;12/09/2026;16:00;23.1;0;SOLEIL;2;22.3;0
Lisieux;49.14;0.22;12/09/2026;17:00;20.4;0;SOLEIL;2;21.2;0
Lisieux;49.14;0.22;12/09/2026;18:00;20.4;0;SOLEIL;2;20.5;0
Lisieux;49.14;0.22;12/09/2026;19:00;20.4;0;SOLEIL;2;20.2;0
Lisieux;49.14;0.22;12/09/2026;20:00;15.8;3;TRÈS NUAGEUX;5;18.4;0
Lisieux;49.14;0.22;12/09/2026;21:00;14.2;3;TRÈS NUAGEUX;5;14.8;0
Lisieux;49.14;0.22;12/09/2026;22:00;12.6;3;TRÈS NUAGEUX;5;10.1;0
Lisieux;49.14;0.22;12/09/2026;23:00;12.1;2;NUAGEUX;2;6.8;0
Lisieux;49.14;0.22;13/09/2026;00:00;12.1;2;NUAGEUX;2;6.1;0
Lisieux;49.14;0.22;13/09/2026;01:00;12.1;2;NUAGEUX;2;6.5;0
Lisieux;49.14;0.22;13/09/2026;02:00;12.1;6;AVERSES;5;7.2;0
Lisieux;49.14;0.22;13/09/2026;03:00;12.1;6;AVERSES;5;7.9;0
Lisieux;49.14;0.22;13/09/2026;04:00;12.1;6;AVERSES;5;8.6;0
Lisieux;49.14;0.22;13/09/2026;05:00;13.6;2;NUAGEUX;3;9.0;0
Lisieux;49.14;0.22;13/09/2026;06:00;13.6;2;NUAGEUX;3;8.3;0
Lisieux;49.14;0.22;13/09/2026;07:00;13.6;2;NUAGEUX;3;6.8;0
Lisieux;49.14;0.22;13/09/2026;08:00;14.3;6;AVERSES;5;6.5;0
Lisieux;49.14;0.22;13/09/2026;09:00;15.4;6;AVERSES;5;7.9;0
Lisieux;49.14;0.22;13/09/2026;10:00;16.5;6;AVERSES;5;10.4;0
Lisieux;49.14;0.22;13/09/2026;11:00;20.6;6;AVERSES;5;13.3;0
Lisieux;49.14;0.22;13/09/2026;12:00;20.6;6;AVERSES;5;17.3;0
Lisieux;49.14;0.22;13/09/2026;13:00;20.6;6;AVERSES;5;21.6;0
Lisieux;49.14;0.22;13/09/2026;14:00;21.0;6;AVERSES;5;24.8;0
Lisieux;49.14;0.22;13/09/2026;15:00;22.1;6;AVERSES;5;25.9;0
Lisieux;49.14;0.22;13/09/2026;16:00;21.0;6;AVERSES;5;25.6;0
Lisieux;49.14;0.22;13/09/2026;17:00;19.6;6;AVERSES;3;24.5;0
Lisieux;49.14;0.22;13/09/2026;18:00;19.6;6;AVERSES;3;23.4;0
Lisieux;49.14;0.22;13/09/2026;19:00;19.6;6;AVERSES;3;21.6;0
Lisieux;49.14;0.22;13/09/2026;20:00;16.5;6;AVERSES;5;18.7;0
Lisieux;49.14;0.22;13/09/2026;21:00;15.4;6;AVERSES;5;14.0;0
Lisieux;49.14;0.22;13/09/2026;22:00;14.3;6;AVERSES;5;8.6;0
Lisieux;49.14;0.22;13/09/2026;23:00;13.6;0;SOLEIL;2;4.7;0
Lisieux;49.14;0.22;14/09/2026;00:00;13.6;0;SOLEIL;2;4.0;0
Lisieux;49.14;0.22;14/09/2026;01:00;13.6;0;SOLEIL;2;4.5;0
Lisieux;49.14;0.22;14/09/2026;02:00;11.9;0;SOLEIL;5;4.9;0
Lisieux;49.14;0.22;14/09/2026;03:00;11.9;0;SOLEIL;5;4.3;0
Lisieux;49.14;0.22;14/09/2026;04:00;11.9;0;SOLEIL;5;4.7;0
Lisieux;49.14;0.22;14/09/2026;05:00;12.6;6;AVERSES;2;4.7;0
Lisieux;49.14;0.22;14/09/2026;06:00;12.6;6;AVERSES;2;4.3;0
Lisieux;49.14;0.22;14/09/2026;07:00;12.6;6;AVERSES;2;4.0;0
Lisieux;49.14;0.22;14/09/2026;08:00;14.6;0;SOLEIL;5;4.0;0
Lisieux;49.14;0.22;14/09/2026;09:00;16.0;0;SOLEIL;5;4.0;0
Lisieux;49.14;0.22;14/09/2026;10:00;17.3;0;SOLEIL;5;4.3;0
Lisieux;49.14;0.22;14/09/2026;11:00;22.5;2;NUAGEUX;3;6.1;0
Lisieux;49.14;0.22;14/09/2026;12:00;22.5;2;NUAGEUX;3;10.4;0
Lisieux;49.14;0.22;14/09/2026;13:00;22.5;2;NUAGEUX;3;15.8;0
Lisieux;49.14;0.22;14/09/2026;14:00;22.7;0;SOLEIL;5;20.5;0
Lisieux;49.14;0.22;14/09/2026;15:00;24.1;0;SOLEIL;5;23.8;0
Lisieux;49.14;0.22;14/09/2026;16:00;22.7;0;SOLEIL;5;26.3;0
Lisieux;49.14;0.22;14/09/2026;17:00;22;0;SOLEIL;2;27.4;0
Lisieux;49.14;0.22;14/09/2026;18:00;22;0;SOLEIL;2;27.0;0
Lisieux;49.14;0.22;14/09/2026;19:00;22;0;SOLEIL;2;25.2;0
Lisieux;49.14;0.22;14/09/2026;20:00;17.3;0;SOLEIL;5;22.0;0
Lisieux;49.14;0.22;14/09/2026;21:00;16.0;0;SOLEIL;5;15.5;0
Lisieux;49.14;0.22;14/09/2026;22:00;14.6;0;SOLEIL;5;7.6;0
Lisieux;49.14;0.22;14/09/2026;23:00;14.9;0;SOLEIL;2;2.5;0
Vire;48.84;-0.89;10/09/2026;00:00;9.6;0;SOLEIL;1;5.4;0
Vire;48.84;-0.89;10/09/2026;01:00;9;0;SOLEIL;1;5.0;0
Vire;48.84;-0.89;10/09/2026;02:00;8.7;0;SOLEIL;1;4.7;0
Vire;48.84;-0.89;10/09/2026;03:00;8.5;5;SOLEIL VOILÉ;1;6.1;0
Vire;48.84;-0.89;10/09/2026;04:00;8.4;5;SOLEIL VOILÉ;1;6.5;0
Vire;48.84;-0.89;10/09/2026;05:00;8.7;5;SOLEIL VOILÉ;1;5.8;0
Vire;48.84;-0.89;10/09/2026;06:00;9;5;SOLEIL VOILÉ;1;5.4;0
Vire;48.84;-0.89;10/09/2026;07:00;9.6;5;SOLEIL VOILÉ;1;5.0;0
Vire;48.84;-0.89;10/09/2026;08:00;11.9;5;SOLEIL VOILÉ;1;5.8;0
Vire;48.84;-0.89;10/09/2026;09:00;15.7;5;SOLEIL VOILÉ;2;6.8;0
Vire;48.84;-0.89;10/09/2026;10:00;17;5;SOLEIL VOILÉ;3;6.8;0
Vire;48.84;-0.89;10/09/2026;11:00;18.4;2;NUAGEUX;3;9.7;0
Vire;48.84;-0.89;10/09/2026;12:00;18.9;2;NUAGEUX;3;16.6;0
Vire;48.84;-0.89;10/09/2026;13:00;19.6;2;NUAGEUX;3;19.4;0
Vire;48.84;-0.89;10/09/2026;14:00;20.5;0;SOLEIL;3;19.4;0
Vire;48.84;-0.89;10/09/2026;15:00;21.1;0;SOLEIL;3;21.6;0
Vire;48.84;-0.89;10/09/2026;16:00;21.2;0;SOLEIL;3;22.0;0
Vire;48.84;-0.89;10/09/2026;17:00;20.2;0;SOLEIL;3;24.5;0
Vire;48.84;-0.89;10/09/2026;18:00;18.5;0;SOLEIL;2;23.0;0
Vire;48.84;-0.89;10/09/2026;19:00;16.4;5;SOLEIL VOILÉ;2;23.4;0
Vire;48.84;-0.89;10/09/2026;20:00;15.5;5;SOLEIL VOILÉ;1;17.6;0
Vire;48.84;-0.89;10/09/2026;21:00;14.6;5;SOLEIL VOILÉ;1;10.8;0
Vire;48.84;-0.89;10/09/2026;22:00;14.5;5;SOLEIL VOILÉ;1;2.9;0
Vire;48.84;-0.89;10/09/2026;23:00;13.9;2;NUAGEUX;1;5.4;0
Vire;48.84;-0.89;11/09/2026;00:00;13.6;2;NUAGEUX;1;6.1;0
Vire;48.84;-0.89;11/09/2026;01:00;13.6;2;NUAGEUX;1;7.6;0
Vire;48.84;-0.89;11/09/2026;02:00;14.5;6;AVERSES;4;7.6;0
Vire;48.84;-0.89;11/09/2026;03:00;14.5;6;AVERSES;4;7.8;0
Vire;48.84;-0.89;11/09/2026;04:00;14.5;6;AVERSES;4;10.8;0
Vire;48.84;-0.89;11/09/2026;05:00;15.2;2;NUAGEUX;4;11.0;0
Vire;48.84;-0.89;11/09/2026;06:00;15.2;2;NUAGEUX;4;16.6;0
Vire;48.84;-0.89;11/09/2026;07:00;15.2;2;NUAGEUX;4;16.9;0
Vire;48.84;-0.89;11/09/2026;08:00;17.1;2;NUAGEUX;5;17.3;0
Vire;48.84;-0.89;11/09/2026;09:00;17.1;2;NUAGEUX;5;20.5;0
Vire;48.84;-0.89;11/09/2026;10:00;17.1;2;NUAGEUX;5;23.0;0
Vire;48.84;-0.89;11/09/2026;11:00;20.5;2;NUAGEUX;5;23.4;0
Vire;48.84;-0.89;11/09/2026;12:00;20.5;2;NUAGEUX;5;25.2;0
Vire;48.84;-0.89;11/09/2026;13:00;20.5;2;NUAGEUX;5;28.1;0
Vire;48.84;-0.89;11/09/2026;14:00;21.6;0;SOLEIL;4;32.8;0
Vire;48.84;-0.89;11/09/2026;15:00;21.6;0;SOLEIL;4;32.8;0
Vire;48.84;-0.89;11/09/2026;16:00;21.6;0;SOLEIL;4;32.8;0
Vire;48.84;-0.89;11/09/2026;17:00;18.4;0;SOLEIL;3;32.8;0
Vire;48.84;-0.89;11/09/2026;18:00;18.4;0;SOLEIL;3;29.9;0
Vire;48.84;-0.89;11/09/2026;19:00;18.4;0;SOLEIL;3;25.9;0
Vire;48.84;-0.89;11/09/2026;20:00;13.6;0;SOLEIL;1;23.4;0
Vire;48.84;-0.89;11/09/2026;21:00;13.6;0;SOLEIL;1;16.6;0
Vire;48.84;-0.89;11/09/2026;22:00;13.6;0;SOLEIL;1;9.7;0
Vire;48.84;-0.89;11/09/2026;23:00;11.9;0;SOLEIL;2;6.5;0
Vire;48.84;-0.89;12/09/2026;00:00;11.9;0;SOLEIL;2;5.8;0
Vire;48.84;-0.89;12/09/2026;01:00;11.9;0;SOLEIL;2;6.8;0
Vire;48.84;-0.89;12/09/2026;02:00;11.1;3;TRÈS NUAGEUX;2;7.2;0
Vire;48.84;-0.89;12/09/2026;03:00;11.1;3;TRÈS NUAGEUX;2;8.3;0
Vire;48.84;-0.89;12/09/2026;04:00;11.1;3;TRÈS NUAGEUX;2;7.9;0
Vire;48.84;-0.89;12/09/2026;05:00;9.9;3;TRÈS NUAGEUX;2;6.1;0
Vire;48.84;-0.89;12/09/2026;06:00;9.9;3;TRÈS NUAGEUX;2;6.5;0
Vire;48.84;-0.89;12/09/2026;07:00;9.9;3;TRÈS NUAGEUX;2;7.2;0
Vire;48.84;-0.89;12/09/2026;08:00;16.6;3;TRÈS NUAGEUX;2;6.8;0
Vire;48.84;-0.89;12/09/2026;09:00;16.6;3;TRÈS NUAGEUX;2;10.4;0
Vire;48.84;-0.89;12/09/2026;10:00;16.6;3;TRÈS NUAGEUX;2;15.1;0
Vire;48.84;-0.89;12/09/2026;11:00;21.1;0;SOLEIL;2;18.7;0
Vire;48.84;-0.89;12/09/2026;12:00;21.1;0;SOLEIL;2;20.5;0
Vire;48.84;-0.89;12/09/2026;13:00;21.1;0;SOLEIL;2;21.2;0
Vire;48.84;-0.89;12/09/2026;14:00;22.2;0;SOLEIL;2;21.2;0
Vire;48.84;-0.89;12/09/2026;15:00;22.2;0;SOLEIL;2;20.9;0
Vire;48.84;-0.89;12/09/2026;16:00;22.2;0;SOLEIL;2;19.8;0
Vire;48.84;-0.89;12/09/2026;17:00;20.1;0;SOLEIL;2;18.7;0
Vire;48.84;-0.89;12/09/2026;18:00;20.1;0;SOLEIL;2;17.6;0
Vire;48.84;-0.89;12/09/2026;19:00;20.1;0;SOLEIL;2;15.8;0
Vire;48.84;-0.89;12/09/2026;20:00;15.4;3;TRÈS NUAGEUX;5;13.7;0
Vire;48.84;-0.89;12/09/2026;21:00;13.9;3;TRÈS NUAGEUX;5;9.7;0
Vire;48.84;-0.89;12/09/2026;22:00;12.4;3;TRÈS NUAGEUX;5;4.7;0
Vire;48.84;-0.89;12/09/2026;23:00;12.7;2;NUAGEUX;2;1.8;0
Vire;48.84;-0.89;13/09/2026;00:00;12.7;2;NUAGEUX;2;2.2;0
Vire;48.84;-0.89;13/09/2026;01:00;12.7;2;NUAGEUX;2;4.3;0
Vire;48.84;-0.89;13/09/2026;02:00;12.7;6;AVERSES;5;6.1;0
Vire;48.84;-0.89;13/09/2026;03:00;12.7;6;AVERSES;5;6.5;0
Vire;48.84;-0.89;13/09/2026;04:00;12.7;6;AVERSES;5;6.5;0
Vire;48.84;-0.89;13/09/2026;05:00;14.4;2;NUAGEUX;4;6.1;0
Vire;48.84;-0.89;13/09/2026;06:00;14.4;2;NUAGEUX;4;5.8;0
Vire;48.84;-0.89;13/09/2026;07:00;14.4;2;NUAGEUX;4;5.4;0
Vire;48.84;-0.89;13/09/2026;08:00;14.9;6;AVERSES;5;5.8;0
Vire;48.84;-0.89;13/09/2026;09:00;16.0;6;AVERSES;5;6.5;0
Vire;48.84;-0.89;13/09/2026;10:00;17.1;6;AVERSES;5;7.6;0
Vire;48.84;-0.89;13/09/2026;11:00;21;6;AVERSES;5;9.7;0
Vire;48.84;-0.89;13/09/2026;12:00;21;6;AVERSES;5;13.3;0
Vire;48.84;-0.89;13/09/2026;13:00;21;6;AVERSES;5;18.0;0
Vire;48.84;-0.89;13/09/2026;14:00;21.5;6;AVERSES;5;21.2;0
Vire;48.84;-0.89;13/09/2026;15:00;22.6;6;AVERSES;5;22.3;0
Vire;48.84;-0.89;13/09/2026;16:00;21.5;6;AVERSES;5;22.3;0
Vire;48.84;-0.89;13/09/2026;17:00;19.5;7;PLUIE FAIBLE;3;21.6;0
Vire;48.84;-0.89;13/09/2026;18:00;19.5;7;PLUIE FAIBLE;3;21.2;0
Vire;48.84;-0.89;13/09/2026;19:00;19.5;7;PLUIE FAIBLE;3;20.2;0
Vire;48.84;-0.89;13/09/2026;20:00;17.1;6;AVERSES;5;18.0;0
Vire;48.84;-0.89;13/09/2026;21:00;16.0;6;AVERSES;5;13.0;0
Vire;48.84;-0.89;13/09/2026;22:00;14.9;6;AVERSES;5;6.1;0
Vire;48.84;-0.89;13/09/2026;23:00;15;0;SOLEIL;2;1.8;0
Vire;48.84;-0.89;14/09/2026;00:00;15;0;SOLEIL;2;1.7;0
Vire;48.84;-0.89;14/09/2026;01:00;15;0;SOLEIL;2;3.4;0
Vire;48.84;-0.89;14/09/2026;02:00;11.6;0;SOLEIL;5;5.1;0
Vire;48.84;-0.89;14/09/2026;03:00;11.6;0;SOLEIL;5;5.8;0
Vire;48.84;-0.89;14/09/2026;04:00;11.6;0;SOLEIL;5;6.1;0
Vire;48.84;-0.89;14/09/2026;05:00;12.6;6;AVERSES;2;6.5;0
Vire;48.84;-0.89;14/09/2026;06:00;12.6;6;AVERSES;2;6.5;0
Vire;48.84;-0.89;14/09/2026;07:00;12.6;6;AVERSES;2;6.5;0
Vire;48.84;-0.89;14/09/2026;08:00;14.4;0;SOLEIL;5;6.5;0
Vire;48.84;-0.89;14/09/2026;09:00;15.9;0;SOLEIL;5;6.5;0
Vire;48.84;-0.89;14/09/2026;10:00;17.3;0;SOLEIL;5;6.8;0
Vire;48.84;-0.89;14/09/2026;11:00;22.7;2;NUAGEUX;2;7.9;0
Vire;48.84;-0.89;14/09/2026;12:00;22.7;2;NUAGEUX;2;10.1;0
Vire;48.84;-0.89;14/09/2026;13:00;22.7;2;NUAGEUX;2;12.6;0
Vire;48.84;-0.89;14/09/2026;14:00;23.0;0;SOLEIL;5;14.8;0
Vire;48.84;-0.89;14/09/2026;15:00;24.4;0;SOLEIL;5;16.2;0
Vire;48.84;-0.89;14/09/2026;16:00;23.0;0;SOLEIL;5;16.9;0
Vire;48.84;-0.89;14/09/2026;17:00;22.6;0;SOLEIL;2;18.4;0
Vire;48.84;-0.89;14/09/2026;18:00;22.6;0;SOLEIL;2;22.0;0
Vire;48.84;-0.89;14/09/2026;19:00;22.6;0;SOLEIL;2;25.6;0
Vire;48.84;-0.89;14/09/2026;20:00;17.3;0;SOLEIL;5;26.3;0
Vire;48.84;-0.89;14/09/2026;21:00;15.9;0;SOLEIL;5;20.2;0
Vire;48.84;-0.89;14/09/2026;22:00;14.4;0;SOLEIL;5;10.8;0
Vire;48.84;-0.89;14/09/2026;23:00;15.5;0;SOLEIL;2;4.0;0
Brionne;49.19;0.72;10/09/2026;00:00;11.4;0;SOLEIL;2;7.2;0
Brionne;49.19;0.72;10/09/2026;01:00;11.7;5;SOLEIL VOILÉ;2;7.9;0
Brionne;49.19;0.72;10/09/2026;02:00;12.1;5;SOLEIL VOILÉ;1;8.6;0
Brionne;49.19;0.72;10/09/2026;03:00;11.7;5;SOLEIL VOILÉ;2;9.4;0
Brionne;49.19;0.72;10/09/2026;04:00;12;5;SOLEIL VOILÉ;1;9.4;0
Brionne;49.19;0.72;10/09/2026;05:00;10.6;2;NUAGEUX;1;10.1;0
Brionne;49.19;0.72;10/09/2026;06:00;9.7;2;NUAGEUX;1;10.8;0
Brionne;49.19;0.72;10/09/2026;07:00;11.2;2;NUAGEUX;2;10.8;0
Brionne;49.19;0.72;10/09/2026;08:00;13.1;2;NUAGEUX;2;10.1;0
Brionne;49.19;0.72;10/09/2026;09:00;15.6;2;NUAGEUX;2;9.0;0
Brionne;49.19;0.72;10/09/2026;10:00;17.1;2;NUAGEUX;3;13.7;0
Brionne;49.19;0.72;10/09/2026;11:00;17.7;2;NUAGEUX;3;18.4;0
Brionne;49.19;0.72;10/09/2026;12:00;18.6;2;NUAGEUX;3;21.2;0
Brionne;49.19;0.72;10/09/2026;13:00;19.6;0;SOLEIL;3;23.8;0
Brionne;49.19;0.72;10/09/2026;14:00;20.4;0;SOLEIL;3;25.9;0
Brionne;49.19;0.72;10/09/2026;15:00;20.6;0;SOLEIL;3;27.0;0
Brionne;49.19;0.72;10/09/2026;16:00;19.9;0;SOLEIL;3;27.4;0
Brionne;49.19;0.72;10/09/2026;17:00;19.2;0;SOLEIL;3;26.6;0
Brionne;49.19;0.72;10/09/2026;18:00;18.4;5;SOLEIL VOILÉ;2;24.1;0
Brionne;49.19;0.72;10/09/2026;19:00;16.6;5;SOLEIL VOILÉ;2;19.4;0
Brionne;49.19;0.72;10/09/2026;20:00;15.6;5;SOLEIL VOILÉ;0;14.8;0
Brionne;49.19;0.72;10/09/2026;21:00;15.2;5;SOLEIL VOILÉ;2;5.0;0
Brionne;49.19;0.72;10/09/2026;22:00;15.4;5;SOLEIL VOILÉ;2;11.2;0
Brionne;49.19;0.72;10/09/2026;23:00;15.1;2;NUAGEUX;2;11.9;0
Brionne;49.19;0.72;11/09/2026;00:00;15.6;2;NUAGEUX;3;13.0;0
Brionne;49.19;0.72;11/09/2026;01:00;15.6;2;NUAGEUX;3;19.1;0
Brionne;49.19;0.72;11/09/2026;02:00;15.7;6;AVERSES;4;20.5;0
Brionne;49.19;0.72;11/09/2026;03:00;15.7;6;AVERSES;4;22.6;0
Brionne;49.19;0.72;11/09/2026;04:00;15.7;6;AVERSES;4;23.6;0
Brionne;49.19;0.72;11/09/2026;05:00;15.6;2;NUAGEUX;4;23.1;0
Brionne;49.19;0.72;11/09/2026;06:00;15.6;2;NUAGEUX;4;27.0;0
Brionne;49.19;0.72;11/09/2026;07:00;15.6;2;NUAGEUX;4;30.6;0
Brionne;49.19;0.72;11/09/2026;08:00;18.5;2;NUAGEUX;4;29.5;0
Brionne;49.19;0.72;11/09/2026;09:00;18.5;2;NUAGEUX;4;31.7;0
Brionne;49.19;0.72;11/09/2026;10:00;18.5;2;NUAGEUX;4;36.4;0
Brionne;49.19;0.72;11/09/2026;11:00;20.2;2;NUAGEUX;5;33.8;0
Brionne;49.19;0.72;11/09/2026;12:00;20.2;2;NUAGEUX;5;32.4;0
Brionne;49.19;0.72;11/09/2026;13:00;20.2;2;NUAGEUX;5;30.6;0
Brionne;49.19;0.72;11/09/2026;14:00;21;2;NUAGEUX;5;32.8;0
Brionne;49.19;0.72;11/09/2026;15:00;21;2;NUAGEUX;5;37.1;0
Brionne;49.19;0.72;11/09/2026;16:00;21;2;NUAGEUX;5;37.8;0
Brionne;49.19;0.72;11/09/2026;17:00;18.1;0;SOLEIL;4;35.3;0
Brionne;49.19;0.72;11/09/2026;18:00;18.1;0;SOLEIL;4;32.8;0
Brionne;49.19;0.72;11/09/2026;19:00;18.1;0;SOLEIL;4;30.6;0
Brionne;49.19;0.72;11/09/2026;20:00;14.4;0;SOLEIL;2;26.3;0
Brionne;49.19;0.72;11/09/2026;21:00;14.4;0;SOLEIL;2;19.8;0
Brionne;49.19;0.72;11/09/2026;22:00;14.4;0;SOLEIL;2;20.5;0
Brionne;49.19;0.72;11/09/2026;23:00;12.2;0;SOLEIL;1;13.7;0
Brionne;49.19;0.72;12/09/2026;00:00;12.2;0;SOLEIL;1;6.1;0
Brionne;49.19;0.72;12/09/2026;01:00;12.2;0;SOLEIL;1;5.0;0
Brionne;49.19;0.72;12/09/2026;02:00;12;3;TRÈS NUAGEUX;1;4.7;0
Brionne;49.19;0.72;12/09/2026;03:00;12;3;TRÈS NUAGEUX;1;5.4;0
Brionne;49.19;0.72;12/09/2026;04:00;12;3;TRÈS NUAGEUX;1;6.5;0
Brionne;49.19;0.72;12/09/2026;05:00;11.6;3;TRÈS NUAGEUX;1;6.5;0
Brionne;49.19;0.72;12/09/2026;06:00;11.6;3;TRÈS NUAGEUX;1;6.8;0
Brionne;49.19;0.72;12/09/2026;07:00;11.6;3;TRÈS NUAGEUX;1;7.9;0
Brionne;49.19;0.72;12/09/2026;08:00;18.1;3;TRÈS NUAGEUX;1;8.3;0
Brionne;49.19;0.72;12/09/2026;09:00;18.1;3;TRÈS NUAGEUX;1;10.8;0
Brionne;49.19;0.72;12/09/2026;10:00;18.1;3;TRÈS NUAGEUX;1;13.7;0
Brionne;49.19;0.72;12/09/2026;11:00;21.2;2;NUAGEUX;2;16.6;0
Brionne;49.19;0.72;12/09/2026;12:00;21.2;2;NUAGEUX;2;19.1;0
Brionne;49.19;0.72;12/09/2026;13:00;21.2;2;NUAGEUX;2;20.9;0
Brionne;49.19;0.72;12/09/2026;14:00;22.1;0;SOLEIL;2;22.3;0
Brionne;49.19;0.72;12/09/2026;15:00;22.1;0;SOLEIL;2;22.7;0
Brionne;49.19;0.72;12/09/2026;16:00;22.1;0;SOLEIL;2;22.3;0
Brionne;49.19;0.72;12/09/2026;17:00;19.6;0;SOLEIL;2;21.6;0
Brionne;49.19;0.72;12/09/2026;18:00;19.6;0;SOLEIL;2;20.5;0
Brionne;49.19;0.72;12/09/2026;19:00;19.6;0;SOLEIL;2;18.7;0
Brionne;49.19;0.72;12/09/2026;20:00;16.2;3;TRÈS NUAGEUX;5;16.6;0
Brionne;49.19;0.72;12/09/2026;21:00;14.9;3;TRÈS NUAGEUX;5;13.3;0
Brionne;49.19;0.72;12/09/2026;22:00;13.6;3;TRÈS NUAGEUX;5;9.7;0
Brionne;49.19;0.72;12/09/2026;23:00;14.1;2;NUAGEUX;2;7.2;0
Brionne;49.19;0.72;13/09/2026;00:00;14.1;2;NUAGEUX;2;6.8;0
Brionne;49.19;0.72;13/09/2026;01:00;14.1;2;NUAGEUX;2;7.9;0
Brionne;49.19;0.72;13/09/2026;02:00;13.2;7;PLUIE FAIBLE;5;9.0;0
Brionne;49.19;0.72;13/09/2026;03:00;13.2;7;PLUIE FAIBLE;5;9.7;0
Brionne;49.19;0.72;13/09/2026;04:00;13.2;7;PLUIE FAIBLE;5;10.1;0
Brionne;49.19;0.72;13/09/2026;05:00;14.7;2;NUAGEUX;3;10.4;0
Brionne;49.19;0.72;13/09/2026;06:00;14.7;2;NUAGEUX;3;9.7;0
Brionne;49.19;0.72;13/09/2026;07:00;14.7;2;NUAGEUX;3;9.0;0
Brionne;49.19;0.72;13/09/2026;08:00;15.0;7;PLUIE FAIBLE;5;9.4;0
Brionne;49.19;0.72;13/09/2026;09:00;15.9;7;PLUIE FAIBLE;5;11.9;0
Brionne;49.19;0.72;13/09/2026;10:00;16.8;7;PLUIE FAIBLE;5;15.5;0
Brionne;49.19;0.72;13/09/2026;11:00;19.7;7;PLUIE FAIBLE;4;19.1;0
Brionne;49.19;0.72;13/09/2026;12:00;19.7;7;PLUIE FAIBLE;4;22.3;0
Brionne;49.19;0.72;13/09/2026;13:00;19.7;7;PLUIE FAIBLE;4;25.2;0
Brionne;49.19;0.72;13/09/2026;14:00;20.5;7;PLUIE FAIBLE;5;27.0;0
Brionne;49.19;0.72;13/09/2026;15:00;21.4;7;PLUIE FAIBLE;5;27.4;0
Brionne;49.19;0.72;13/09/2026;16:00;20.5;7;PLUIE FAIBLE;5;26.6;0
Brionne;49.19;0.72;13/09/2026;17:00;18.6;7;PLUIE FAIBLE;3;25.2;0
Brionne;49.19;0.72;13/09/2026;18:00;18.6;7;PLUIE FAIBLE;3;23.4;0
Brionne;49.19;0.72;13/09/2026;19:00;18.6;7;PLUIE FAIBLE;3;20.9;0
Brionne;49.19;0.72;13/09/2026;20:00;16.8;7;PLUIE FAIBLE;5;17.6;0
Brionne;49.19;0.72;13/09/2026;21:00;15.9;7;PLUIE FAIBLE;5;12.6;0
Brionne;49.19;0.72;13/09/2026;22:00;15.0;7;PLUIE FAIBLE;5;6.5;0
Brionne;49.19;0.72;13/09/2026;23:00;14.4;0;SOLEIL;2;2.5;0
Brionne;49.19;0.72;14/09/2026;00:00;14.4;0;SOLEIL;2;1.9;0
Brionne;49.19;0.72;14/09/2026;01:00;14.4;0;SOLEIL;2;2.7;0
Brionne;49.19;0.72;14/09/2026;02:00;12.1;0;SOLEIL;5;3.1;0
Brionne;49.19;0.72;14/09/2026;03:00;12.1;0;SOLEIL;5;2.9;0
Brionne;49.19;0.72;14/09/2026;04:00;12.1;0;SOLEIL;5;2.5;0
Brionne;49.19;0.72;14/09/2026;05:00;13;6;AVERSES;1;2.5;0
Brionne;49.19;0.72;14/09/2026;06:00;13;6;AVERSES;1;2.5;0
Brionne;49.19;0.72;14/09/2026;07:00;13;6;AVERSES;1;2.5;0
Brionne;49.19;0.72;14/09/2026;08:00;14.6;0;SOLEIL;5;2.9;0
Brionne;49.19;0.72;14/09/2026;09:00;15.9;0;SOLEIL;5;3.2;0
Brionne;49.19;0.72;14/09/2026;10:00;17.2;0;SOLEIL;5;4.3;0
Brionne;49.19;0.72;14/09/2026;11:00;22.2;2;NUAGEUX;3;6.1;0
Brionne;49.19;0.72;14/09/2026;12:00;22.2;2;NUAGEUX;3;10.1;0
Brionne;49.19;0.72;14/09/2026;13:00;22.2;2;NUAGEUX;3;15.5;0
Brionne;49.19;0.72;14/09/2026;14:00;22.2;0;SOLEIL;5;19.8;0
Brionne;49.19;0.72;14/09/2026;15:00;23.5;0;SOLEIL;5;22.7;0
Brionne;49.19;0.72;14/09/2026;16:00;22.2;0;SOLEIL;5;24.8;0
Brionne;49.19;0.72;14/09/2026;17:00;21.6;0;SOLEIL;2;25.6;0
Brionne;49.19;0.72;14/09/2026;18:00;21.6;0;SOLEIL;2;25.2;0
Brionne;49.19;0.72;14/09/2026;19:00;21.6;0;SOLEIL;2;23.8;0
Brionne;49.19;0.72;14/09/2026;20:00;17.2;0;SOLEIL;5;20.5;0
Brionne;49.19;0.72;14/09/2026;21:00;15.9;0;SOLEIL;5;14.4;0
Brionne;49.19;0.72;14/09/2026;22:00;14.6;0;SOLEIL;5;6.8;0
Brionne;49.19;0.72;14/09/2026;23:00;15.5;0;SOLEIL;2;1.8;0
Étrépagny;49.3;1.61;10/09/2026;00:00;8.9;0;SOLEIL;1;3.6;0
Étrépagny;49.3;1.61;10/09/2026;01:00;9.1;0;SOLEIL;1;4.3;0
Étrépagny;49.3;1.61;10/09/2026;02:00;8.4;0;SOLEIL;1;7.6;0
Étrépagny;49.3;1.61;10/09/2026;03:00;8.1;0;SOLEIL;1;8.6;0
Étrépagny;49.3;1.61;10/09/2026;04:00;7.2;5;SOLEIL VOILÉ;2;8.6;0
Étrépagny;49.3;1.61;10/09/2026;05:00;7;5;SOLEIL VOILÉ;2;8.6;0
Étrépagny;49.3;1.61;10/09/2026;06:00;7;5;SOLEIL VOILÉ;1;10.4;0
Étrépagny;49.3;1.61;10/09/2026;07:00;9.9;5;SOLEIL VOILÉ;1;8.3;0
Étrépagny;49.3;1.61;10/09/2026;08:00;13.5;5;SOLEIL VOILÉ;1;9.0;0
Étrépagny;49.3;1.61;10/09/2026;09:00;16.1;5;SOLEIL VOILÉ;2;9.0;0
Étrépagny;49.3;1.61;10/09/2026;10:00;17.4;5;SOLEIL VOILÉ;2;9.0;0
Étrépagny;49.3;1.61;10/09/2026;11:00;18.5;2;NUAGEUX;3;8.3;0
Étrépagny;49.3;1.61;10/09/2026;12:00;19.1;2;NUAGEUX;3;15.1;0
Étrépagny;49.3;1.61;10/09/2026;13:00;19.6;0;SOLEIL;3;20.5;0
Étrépagny;49.3;1.61;10/09/2026;14:00;20.1;0;SOLEIL;3;23.0;0
Étrépagny;49.3;1.61;10/09/2026;15:00;20.4;0;SOLEIL;3;23.8;0
Étrépagny;49.3;1.61;10/09/2026;16:00;20.2;0;SOLEIL;2;21.2;0
Étrépagny;49.3;1.61;10/09/2026;17:00;19.6;0;SOLEIL;2;21.2;0
Étrépagny;49.3;1.61;10/09/2026;18:00;18.6;0;SOLEIL;2;20.9;0
Étrépagny;49.3;1.61;10/09/2026;19:00;16.1;0;SOLEIL;2;15.1;0
Étrépagny;49.3;1.61;10/09/2026;20:00;14.2;5;SOLEIL VOILÉ;0;6.1;0
Étrépagny;49.3;1.61;10/09/2026;21:00;13;5;SOLEIL VOILÉ;1;7.9;0
Étrépagny;49.3;1.61;10/09/2026;22:00;12.2;5;SOLEIL VOILÉ;1;1.4;0
Étrépagny;49.3;1.61;10/09/2026;23:00;12.5;5;SOLEIL VOILÉ;1;5.4;0
Étrépagny;49.3;1.61;11/09/2026;00:00;12.2;5;SOLEIL VOILÉ;1;6.8;0
Étrépagny;49.3;1.61;11/09/2026;01:00;12.2;5;SOLEIL VOILÉ;1;10.8;0
Étrépagny;49.3;1.61;11/09/2026;02:00;13.2;6;AVERSES;3;10.4;0
Étrépagny;49.3;1.61;11/09/2026;03:00;13.2;6;AVERSES;3;7.7;0
Étrépagny;49.3;1.61;11/09/2026;04:00;13.2;6;AVERSES;3;6.7;0
Étrépagny;49.3;1.61;11/09/2026;05:00;13.7;2;NUAGEUX;4;9.5;0
Étrépagny;49.3;1.61;11/09/2026;06:00;13.7;2;NUAGEUX;4;9.7;0
Étrépagny;49.3;1.61;11/09/2026;07:00;13.7;2;NUAGEUX;4;9.7;0
Étrépagny;49.3;1.61;11/09/2026;08:00;17.4;2;NUAGEUX;5;11.2;0
Étrépagny;49.3;1.61;11/09/2026;09:00;17.4;2;NUAGEUX;5;13.3;0
Étrépagny;49.3;1.61;11/09/2026;10:00;17.4;2;NUAGEUX;5;14.4;0
Étrépagny;49.3;1.61;11/09/2026;11:00;20.6;2;NUAGEUX;5;18.7;0
Étrépagny;49.3;1.61;11/09/2026;12:00;20.6;2;NUAGEUX;5;19.8;0
Étrépagny;49.3;1.61;11/09/2026;13:00;20.6;2;NUAGEUX;5;26.3;0
Étrépagny;49.3;1.61;11/09/2026;14:00;21.1;0;SOLEIL;4;23.4;0
Étrépagny;49.3;1.61;11/09/2026;15:00;21.1;0;SOLEIL;4;29.9;0
Étrépagny;49.3;1.61;11/09/2026;16:00;21.1;0;SOLEIL;4;32.0;0
Étrépagny;49.3;1.61;11/09/2026;17:00;18.2;0;SOLEIL;3;33.1;0
Étrépagny;49.3;1.61;11/09/2026;18:00;18.2;0;SOLEIL;3;31.3;0
Étrépagny;49.3;1.61;11/09/2026;19:00;18.2;0;SOLEIL;3;27.4;0
Étrépagny;49.3;1.61;11/09/2026;20:00;13.1;0;SOLEIL;2;24.8;0
Étrépagny;49.3;1.61;11/09/2026;21:00;13.1;0;SOLEIL;2;17.6;0
Étrépagny;49.3;1.61;11/09/2026;22:00;13.1;0;SOLEIL;2;13.0;0
Étrépagny;49.3;1.61;11/09/2026;23:00;11.4;0;SOLEIL;2;7.2;0
Étrépagny;49.3;1.61;12/09/2026;00:00;11.4;0;SOLEIL;2;6.1;0
Étrépagny;49.3;1.61;12/09/2026;01:00;11.4;0;SOLEIL;2;5.4;0
Étrépagny;49.3;1.61;12/09/2026;02:00;10.1;3;TRÈS NUAGEUX;2;5.8;0
Étrépagny;49.3;1.61;12/09/2026;03:00;10.1;3;TRÈS NUAGEUX;2;5.4;0
Étrépagny;49.3;1.61;12/09/2026;04:00;10.1;3;TRÈS NUAGEUX;2;5.0;0
Étrépagny;49.3;1.61;12/09/2026;05:00;8.6;3;TRÈS NUAGEUX;2;5.0;0
Étrépagny;49.3;1.61;12/09/2026;06:00;8.6;3;TRÈS NUAGEUX;2;4.3;0
Étrépagny;49.3;1.61;12/09/2026;07:00;8.6;3;TRÈS NUAGEUX;2;4.7;0
Étrépagny;49.3;1.61;12/09/2026;08:00;17.1;3;TRÈS NUAGEUX;2;4.7;0
Étrépagny;49.3;1.61;12/09/2026;09:00;17.1;3;TRÈS NUAGEUX;2;8.6;0
Étrépagny;49.3;1.61;12/09/2026;10:00;17.1;3;TRÈS NUAGEUX;2;14.0;0
Étrépagny;49.3;1.61;12/09/2026;11:00;21.4;0;SOLEIL;2;18.4;0
Étrépagny;49.3;1.61;12/09/2026;12:00;21.4;0;SOLEIL;2;20.2;0
Étrépagny;49.3;1.61;12/09/2026;13:00;21.4;0;SOLEIL;2;21.2;0
Étrépagny;49.3;1.61;12/09/2026;14:00;21.9;0;SOLEIL;2;21.6;0
Étrépagny;49.3;1.61;12/09/2026;15:00;21.9;0;SOLEIL;2;22.3;0
Étrépagny;49.3;1.61;12/09/2026;16:00;21.9;0;SOLEIL;2;22.7;0
Étrépagny;49.3;1.61;12/09/2026;17:00;19.6;0;SOLEIL;2;22.3;0
Étrépagny;49.3;1.61;12/09/2026;18:00;19.6;0;SOLEIL;2;20.5;0
Étrépagny;49.3;1.61;12/09/2026;19:00;19.6;0;SOLEIL;2;18.0;0
Étrépagny;49.3;1.61;12/09/2026;20:00;14.4;3;TRÈS NUAGEUX;5;14.8;0
Étrépagny;49.3;1.61;12/09/2026;21:00;12.8;3;TRÈS NUAGEUX;5;10.4;0
Étrépagny;49.3;1.61;12/09/2026;22:00;11.1;3;TRÈS NUAGEUX;5;5.4;0
Étrépagny;49.3;1.61;12/09/2026;23:00;11.2;0;SOLEIL;2;2.2;0
Étrépagny;49.3;1.61;13/09/2026;00:00;11.2;0;SOLEIL;2;2.2;0
Étrépagny;49.3;1.61;13/09/2026;01:00;11.2;0;SOLEIL;2;4.3;0
Étrépagny;49.3;1.61;13/09/2026;02:00;12.2;6;AVERSES;5;5.8;0
Étrépagny;49.3;1.61;13/09/2026;03:00;12.2;6;AVERSES;5;6.5;0
Étrépagny;49.3;1.61;13/09/2026;04:00;12.2;6;AVERSES;5;6.8;0
Étrépagny;49.3;1.61;13/09/2026;05:00;13.6;2;NUAGEUX;3;6.8;0
Étrépagny;49.3;1.61;13/09/2026;06:00;13.6;2;NUAGEUX;3;6.1;0
Étrépagny;49.3;1.61;13/09/2026;07:00;13.6;2;NUAGEUX;3;5.0;0
Étrépagny;49.3;1.61;13/09/2026;08:00;14.4;6;AVERSES;5;4.7;0
Étrépagny;49.3;1.61;13/09/2026;09:00;15.5;6;AVERSES;5;5.8;0
Étrépagny;49.3;1.61;13/09/2026;10:00;16.6;6;AVERSES;5;7.9;0
Étrépagny;49.3;1.61;13/09/2026;11:00;20.6;6;AVERSES;5;10.4;0
Étrépagny;49.3;1.61;13/09/2026;12:00;20.6;6;AVERSES;5;13.7;0
Étrépagny;49.3;1.61;13/09/2026;13:00;20.6;6;AVERSES;5;17.3;0
Étrépagny;49.3;1.61;13/09/2026;14:00;21.0;6;AVERSES;5;20.2;0
Étrépagny;49.3;1.61;13/09/2026;15:00;22.1;6;AVERSES;5;22.0;0
Étrépagny;49.3;1.61;13/09/2026;16:00;21.0;6;AVERSES;5;22.7;0
Étrépagny;49.3;1.61;13/09/2026;17:00;19.1;7;PLUIE FAIBLE;3;23.0;0
Étrépagny;49.3;1.61;13/09/2026;18:00;19.1;7;PLUIE FAIBLE;3;23.0;0
Étrépagny;49.3;1.61;13/09/2026;19:00;19.1;7;PLUIE FAIBLE;3;22.3;0
Étrépagny;49.3;1.61;13/09/2026;20:00;16.6;6;AVERSES;5;20.2;0
Étrépagny;49.3;1.61;13/09/2026;21:00;15.5;6;AVERSES;5;15.1;0
Étrépagny;49.3;1.61;13/09/2026;22:00;14.4;6;AVERSES;5;8.3;0
Étrépagny;49.3;1.61;13/09/2026;23:00;14.1;0;SOLEIL;2;3.6;0
Étrépagny;49.3;1.61;14/09/2026;00:00;14.1;0;SOLEIL;2;2.9;0
Étrépagny;49.3;1.61;14/09/2026;01:00;14.1;0;SOLEIL;2;3.6;0
Étrépagny;49.3;1.61;14/09/2026;02:00;11.7;2;NUAGEUX;5;4.4;0
Étrépagny;49.3;1.61;14/09/2026;03:00;11.7;2;NUAGEUX;5;4.7;0
Étrépagny;49.3;1.61;14/09/2026;04:00;11.7;2;NUAGEUX;5;5.0;0
Étrépagny;49.3;1.61;14/09/2026;05:00;12.6;6;AVERSES;2;5.0;0
Étrépagny;49.3;1.61;14/09/2026;06:00;12.6;6;AVERSES;2;5.0;0
Étrépagny;49.3;1.61;14/09/2026;07:00;12.6;6;AVERSES;2;4.7;0
Étrépagny;49.3;1.61;14/09/2026;08:00;14.4;2;NUAGEUX;5;5.0;0
Étrépagny;49.3;1.61;14/09/2026;09:00;15.8;2;NUAGEUX;5;5.8;0
Étrépagny;49.3;1.61;14/09/2026;10:00;17.1;2;NUAGEUX;5;7.2;0
Étrépagny;49.3;1.61;14/09/2026;11:00;22.5;2;NUAGEUX;3;8.6;0
Étrépagny;49.3;1.61;14/09/2026;12:00;22.5;2;NUAGEUX;3;10.4;0
Étrépagny;49.3;1.61;14/09/2026;13:00;22.5;2;NUAGEUX;3;12.6;0
Étrépagny;49.3;1.61;14/09/2026;14:00;22.5;2;NUAGEUX;5;14.8;0
Étrépagny;49.3;1.61;14/09/2026;15:00;23.9;2;NUAGEUX;5;16.9;0
Étrépagny;49.3;1.61;14/09/2026;16:00;22.5;2;NUAGEUX;5;19.1;0
Étrépagny;49.3;1.61;14/09/2026;17:00;21.4;2;NUAGEUX;2;20.2;0
Étrépagny;49.3;1.61;14/09/2026;18:00;21.4;2;NUAGEUX;2;19.8;0
Étrépagny;49.3;1.61;14/09/2026;19:00;21.4;2;NUAGEUX;2;18.4;0
Étrépagny;49.3;1.61;14/09/2026;20:00;17.1;2;NUAGEUX;5;16.9;0
Étrépagny;49.3;1.61;14/09/2026;21:00;15.8;2;NUAGEUX;5;15.1;0
Étrépagny;49.3;1.61;14/09/2026;22:00;14.4;2;NUAGEUX;5;13.0;0
Étrépagny;49.3;1.61;14/09/2026;23:00;14.5;0;SOLEIL;2;10.8;0
Évreux;49.02;1.15;10/09/2026;00:00;9.1;0;SOLEIL;1;3.6;0
Évreux;49.02;1.15;10/09/2026;01:00;8.4;0;SOLEIL;1;3.6;0
Évreux;49.02;1.15;10/09/2026;02:00;8.1;0;SOLEIL;0;2.2;0
Évreux;49.02;1.15;10/09/2026;03:00;7.6;0;SOLEIL;0;1.1;0
Évreux;49.02;1.15;10/09/2026;04:00;7.6;0;SOLEIL;0;2.5;0
Évreux;49.02;1.15;10/09/2026;05:00;7.2;0;SOLEIL;1;3.2;0
Évreux;49.02;1.15;10/09/2026;06:00;7.1;0;SOLEIL;0;2.2;0
Évreux;49.02;1.15;10/09/2026;07:00;9.1;0;SOLEIL;0;1.8;0
Évreux;49.02;1.15;10/09/2026;08:00;12.6;5;SOLEIL VOILÉ;0;5.0;0
Évreux;49.02;1.15;10/09/2026;09:00;15.9;5;SOLEIL VOILÉ;1;5.0;0
Évreux;49.02;1.15;10/09/2026;10:00;17.6;5;SOLEIL VOILÉ;3;3.6;0
Évreux;49.02;1.15;10/09/2026;11:00;18.5;5;SOLEIL VOILÉ;3;4.3;0
Évreux;49.02;1.15;10/09/2026;12:00;19;5;SOLEIL VOILÉ;3;6.8;0
Évreux;49.02;1.15;10/09/2026;13:00;19.5;0;SOLEIL;3;14.8;0
Évreux;49.02;1.15;10/09/2026;14:00;20;0;SOLEIL;3;18.0;0
Évreux;49.02;1.15;10/09/2026;15:00;20.1;0;SOLEIL;3;20.2;0
Évreux;49.02;1.15;10/09/2026;16:00;19.7;0;SOLEIL;3;21.6;0
Évreux;49.02;1.15;10/09/2026;17:00;19.2;0;SOLEIL;2;20.5;0
Évreux;49.02;1.15;10/09/2026;18:00;18.1;0;SOLEIL;2;19.8;0
Évreux;49.02;1.15;10/09/2026;19:00;16.1;0;SOLEIL;2;17.6;0
Évreux;49.02;1.15;10/09/2026;20:00;14.9;5;SOLEIL VOILÉ;2;9.7;0
Évreux;49.02;1.15;10/09/2026;21:00;14.1;5;SOLEIL VOILÉ;2;3.2;0
Évreux;49.02;1.15;10/09/2026;22:00;13.6;5;SOLEIL VOILÉ;1;1.4;0
Évreux;49.02;1.15;10/09/2026;23:00;13.4;5;SOLEIL VOILÉ;1;2.2;0
Évreux;49.02;1.15;11/09/2026;00:00;12.7;5;SOLEIL VOILÉ;0;2.2;0
Évreux;49.02;1.15;11/09/2026;01:00;12.7;5;SOLEIL VOILÉ;0;2.5;0
Évreux;49.02;1.15;11/09/2026;02:00;12.2;2;NUAGEUX;2;2.2;0
Évreux;49.02;1.15;11/09/2026;03:00;12.2;2;NUAGEUX;2;4.0;0
Évreux;49.02;1.15;11/09/2026;04:00;12.2;2;NUAGEUX;2;4.1;0
Évreux;49.02;1.15;11/09/2026;05:00;13;6;AVERSES;3;4.5;0
Évreux;49.02;1.15;11/09/2026;06:00;13;6;AVERSES;3;5.0;0
Évreux;49.02;1.15;11/09/2026;07:00;13;6;AVERSES;3;5.8;0
Évreux;49.02;1.15;11/09/2026;08:00;17;2;NUAGEUX;3;6.8;0
Évreux;49.02;1.15;11/09/2026;09:00;17;2;NUAGEUX;3;10.8;0
Évreux;49.02;1.15;11/09/2026;10:00;17;2;NUAGEUX;3;16.9;0
Évreux;49.02;1.15;11/09/2026;11:00;20.1;2;NUAGEUX;5;19.4;0
Évreux;49.02;1.15;11/09/2026;12:00;20.1;2;NUAGEUX;5;25.9;0
Évreux;49.02;1.15;11/09/2026;13:00;20.1;2;NUAGEUX;5;27.4;0
Évreux;49.02;1.15;11/09/2026;14:00;21.7;2;NUAGEUX;5;24.8;0
Évreux;49.02;1.15;11/09/2026;15:00;21.7;2;NUAGEUX;5;24.5;0
Évreux;49.02;1.15;11/09/2026;16:00;21.7;2;NUAGEUX;5;25.2;0
Évreux;49.02;1.15;11/09/2026;17:00;18.6;0;SOLEIL;3;20.2;0
Évreux;49.02;1.15;11/09/2026;18:00;18.6;0;SOLEIL;3;24.1;0
Évreux;49.02;1.15;11/09/2026;19:00;18.6;0;SOLEIL;3;25.6;0
Évreux;49.02;1.15;11/09/2026;20:00;13.6;0;SOLEIL;2;20.9;0
Évreux;49.02;1.15;11/09/2026;21:00;13.6;0;SOLEIL;2;15.8;0
Évreux;49.02;1.15;11/09/2026;22:00;13.6;0;SOLEIL;2;11.5;0
Évreux;49.02;1.15;11/09/2026;23:00;12.1;0;SOLEIL;1;9.7;0
Évreux;49.02;1.15;12/09/2026;00:00;12.1;0;SOLEIL;1;7.2;0
Évreux;49.02;1.15;12/09/2026;01:00;12.1;0;SOLEIL;1;7.2;0
Évreux;49.02;1.15;12/09/2026;02:00;11.2;3;TRÈS NUAGEUX;1;5.8;0
Évreux;49.02;1.15;12/09/2026;03:00;11.2;3;TRÈS NUAGEUX;1;4.7;0
Évreux;49.02;1.15;12/09/2026;04:00;11.2;3;TRÈS NUAGEUX;1;5.4;0
Évreux;49.02;1.15;12/09/2026;05:00;10.1;3;TRÈS NUAGEUX;1;5.0;0
Évreux;49.02;1.15;12/09/2026;06:00;10.1;3;TRÈS NUAGEUX;1;4.3;0
Évreux;49.02;1.15;12/09/2026;07:00;10.1;3;TRÈS NUAGEUX;1;4.7;0
Évreux;49.02;1.15;12/09/2026;08:00;16.6;2;NUAGEUX;0;6.8;0
Évreux;49.02;1.15;12/09/2026;09:00;16.6;2;NUAGEUX;0;9.4;0
Évreux;49.02;1.15;12/09/2026;10:00;16.6;2;NUAGEUX;0;13.0;0
Évreux;49.02;1.15;12/09/2026;11:00;21;0;SOLEIL;2;15.8;0
Évreux;49.02;1.15;12/09/2026;12:00;21;0;SOLEIL;2;18.0;0
Évreux;49.02;1.15;12/09/2026;13:00;21;0;SOLEIL;2;19.8;0
Évreux;49.02;1.15;12/09/2026;14:00;22.6;0;SOLEIL;2;21.2;0
Évreux;49.02;1.15;12/09/2026;15:00;22.6;0;SOLEIL;2;22.0;0
Évreux;49.02;1.15;12/09/2026;16:00;22.6;0;SOLEIL;2;22.0;0
Évreux;49.02;1.15;12/09/2026;17:00;19.9;0;SOLEIL;2;22.0;0
Évreux;49.02;1.15;12/09/2026;18:00;19.9;0;SOLEIL;2;22.0;0
Évreux;49.02;1.15;12/09/2026;19:00;19.9;0;SOLEIL;2;21.6;0
Évreux;49.02;1.15;12/09/2026;20:00;15.5;3;TRÈS NUAGEUX;5;19.8;0
Évreux;49.02;1.15;12/09/2026;21:00;14.0;3;TRÈS NUAGEUX;5;15.8;0
Évreux;49.02;1.15;12/09/2026;22:00;12.6;3;TRÈS NUAGEUX;5;10.4;0
Évreux;49.02;1.15;12/09/2026;23:00;12.6;0;SOLEIL;1;6.1;0
Évreux;49.02;1.15;13/09/2026;00:00;12.6;0;SOLEIL;1;4.3;0
Évreux;49.02;1.15;13/09/2026;01:00;12.6;0;SOLEIL;1;3.6;0
Évreux;49.02;1.15;13/09/2026;02:00;12;6;AVERSES;5;3.2;0
Évreux;49.02;1.15;13/09/2026;03:00;12;6;AVERSES;5;3.2;0
Évreux;49.02;1.15;13/09/2026;04:00;12;6;AVERSES;5;3.2;0
Évreux;49.02;1.15;13/09/2026;05:00;13.4;2;NUAGEUX;2;3.6;0
Évreux;49.02;1.15;13/09/2026;06:00;13.4;2;NUAGEUX;2;3.2;0
Évreux;49.02;1.15;13/09/2026;07:00;13.4;2;NUAGEUX;2;2.9;0
Évreux;49.02;1.15;13/09/2026;08:00;14.4;6;AVERSES;5;3.6;0
Évreux;49.02;1.15;13/09/2026;09:00;15.6;6;AVERSES;5;5.8;0
Évreux;49.02;1.15;13/09/2026;10:00;16.8;6;AVERSES;5;9.0;0
Évreux;49.02;1.15;13/09/2026;11:00;21.4;6;AVERSES;4;12.2;0
Évreux;49.02;1.15;13/09/2026;12:00;21.4;6;AVERSES;4;15.1;0
Évreux;49.02;1.15;13/09/2026;13:00;21.4;6;AVERSES;4;17.6;0
Évreux;49.02;1.15;13/09/2026;14:00;21.7;6;AVERSES;5;19.8;0
Évreux;49.02;1.15;13/09/2026;15:00;22.9;6;AVERSES;5;21.6;0
Évreux;49.02;1.15;13/09/2026;16:00;21.7;6;AVERSES;5;22.7;0
Évreux;49.02;1.15;13/09/2026;17:00;19.4;7;PLUIE FAIBLE;3;23.0;0
Évreux;49.02;1.15;13/09/2026;18:00;19.4;7;PLUIE FAIBLE;3;22.7;0
Évreux;49.02;1.15;13/09/2026;19:00;19.4;7;PLUIE FAIBLE;3;22.0;0
Évreux;49.02;1.15;13/09/2026;20:00;16.8;6;AVERSES;5;19.8;0
Évreux;49.02;1.15;13/09/2026;21:00;15.6;6;AVERSES;5;15.5;0
Évreux;49.02;1.15;13/09/2026;22:00;14.4;6;AVERSES;5;10.4;0
Évreux;49.02;1.15;13/09/2026;23:00;14.1;0;SOLEIL;2;6.1;0
Évreux;49.02;1.15;14/09/2026;00:00;14.1;0;SOLEIL;2;4.0;0
Évreux;49.02;1.15;14/09/2026;01:00;14.1;0;SOLEIL;2;2.7;0
Évreux;49.02;1.15;14/09/2026;02:00;12.1;2;NUAGEUX;5;2.1;0
Évreux;49.02;1.15;14/09/2026;03:00;12.1;2;NUAGEUX;5;1.8;0
Évreux;49.02;1.15;14/09/2026;04:00;12.1;2;NUAGEUX;5;2.2;0
Évreux;49.02;1.15;14/09/2026;05:00;13.1;6;AVERSES;1;2.5;0
Évreux;49.02;1.15;14/09/2026;06:00;13.1;6;AVERSES;1;2.2;0
Évreux;49.02;1.15;14/09/2026;07:00;13.1;6;AVERSES;1;1.8;0
Évreux;49.02;1.15;14/09/2026;08:00;14.8;2;NUAGEUX;5;1.8;0
Évreux;49.02;1.15;14/09/2026;09:00;16.1;2;NUAGEUX;5;2.5;0
Évreux;49.02;1.15;14/09/2026;10:00;17.4;2;NUAGEUX;5;3.6;0
Évreux;49.02;1.15;14/09/2026;11:00;22.7;2;NUAGEUX;2;5.4;0
Évreux;49.02;1.15;14/09/2026;12:00;22.7;2;NUAGEUX;2;8.6;0
Évreux;49.02;1.15;14/09/2026;13:00;22.7;2;NUAGEUX;2;13.0;0
Évreux;49.02;1.15;14/09/2026;14:00;22.8;2;NUAGEUX;5;16.6;0
Évreux;49.02;1.15;14/09/2026;15:00;24.1;2;NUAGEUX;5;19.1;0
Évreux;49.02;1.15;14/09/2026;16:00;22.8;2;NUAGEUX;5;20.9;0
Évreux;49.02;1.15;14/09/2026;17:00;21.1;2;NUAGEUX;1;20.9;0
Évreux;49.02;1.15;14/09/2026;18:00;21.1;2;NUAGEUX;1;18.4;0
Évreux;49.02;1.15;14/09/2026;19:00;21.1;2;NUAGEUX;1;13.7;0
Évreux;49.02;1.15;14/09/2026;20:00;17.4;2;NUAGEUX;5;10.4;0
Évreux;49.02;1.15;14/09/2026;21:00;16.1;2;NUAGEUX;5;9.0;0
Évreux;49.02;1.15;14/09/2026;22:00;14.8;2;NUAGEUX;5;8.6;0
Évreux;49.02;1.15;14/09/2026;23:00;14.1;0;SOLEIL;2;8.3;0
Giverny;49.07;1.53;10/09/2026;00:00;10.4;0;SOLEIL;1;3.6;0
Giverny;49.07;1.53;10/09/2026;01:00;10.1;0;SOLEIL;1;5.4;0
Giverny;49.07;1.53;10/09/2026;02:00;9.6;0;SOLEIL;1;3.6;0
Giverny;49.07;1.53;10/09/2026;03:00;9.2;0;SOLEIL;1;4.0;0
Giverny;49.07;1.53;10/09/2026;04:00;8.5;0;SOLEIL;1;4.3;0
Giverny;49.07;1.53;10/09/2026;05:00;8.1;0;SOLEIL;1;4.3;0
Giverny;49.07;1.53;10/09/2026;06:00;8.1;5;SOLEIL VOILÉ;0;5.4;0
Giverny;49.07;1.53;10/09/2026;07:00;10.4;5;SOLEIL VOILÉ;0;5.4;0
Giverny;49.07;1.53;10/09/2026;08:00;14.1;5;SOLEIL VOILÉ;1;5.4;0
Giverny;49.07;1.53;10/09/2026;09:00;16.5;5;SOLEIL VOILÉ;1;5.0;0
Giverny;49.07;1.53;10/09/2026;10:00;18;5;SOLEIL VOILÉ;2;4.7;0
Giverny;49.07;1.53;10/09/2026;11:00;19;2;NUAGEUX;2;6.1;0
Giverny;49.07;1.53;10/09/2026;12:00;19.6;2;NUAGEUX;2;9.7;0
Giverny;49.07;1.53;10/09/2026;13:00;20.1;0;SOLEIL;2;21.2;0
Giverny;49.07;1.53;10/09/2026;14:00;20.6;0;SOLEIL;2;23.0;0
Giverny;49.07;1.53;10/09/2026;15:00;21;0;SOLEIL;2;24.8;0
Giverny;49.07;1.53;10/09/2026;16:00;20.6;0;SOLEIL;2;24.8;0
Giverny;49.07;1.53;10/09/2026;17:00;20.2;0;SOLEIL;2;21.6;0
Giverny;49.07;1.53;10/09/2026;18:00;19.6;0;SOLEIL;2;23.0;0
Giverny;49.07;1.53;10/09/2026;19:00;17.4;0;SOLEIL;2;19.8;0
Giverny;49.07;1.53;10/09/2026;20:00;16;5;SOLEIL VOILÉ;1;12.6;0
Giverny;49.07;1.53;10/09/2026;21:00;14.7;5;SOLEIL VOILÉ;0;5.0;0
Giverny;49.07;1.53;10/09/2026;22:00;13.7;5;SOLEIL VOILÉ;0;3.6;0
Giverny;49.07;1.53;10/09/2026;23:00;13.4;5;SOLEIL VOILÉ;1;4.3;0
Giverny;49.07;1.53;11/09/2026;00:00;13.1;5;SOLEIL VOILÉ;1;4.0;0
Giverny;49.07;1.53;11/09/2026;01:00;13.1;5;SOLEIL VOILÉ;1;4.7;0
Giverny;49.07;1.53;11/09/2026;02:00;14.2;2;NUAGEUX;3;6.5;0
Giverny;49.07;1.53;11/09/2026;03:00;14.2;2;NUAGEUX;3;6.8;0
Giverny;49.07;1.53;11/09/2026;04:00;14.2;2;NUAGEUX;3;7.2;0
Giverny;49.07;1.53;11/09/2026;05:00;14.1;6;AVERSES;3;6.7;0
Giverny;49.07;1.53;11/09/2026;06:00;14.1;6;AVERSES;3;8.6;0
Giverny;49.07;1.53;11/09/2026;07:00;14.1;6;AVERSES;3;11.2;0
Giverny;49.07;1.53;11/09/2026;08:00;17.1;2;NUAGEUX;4;12.6;0
Giverny;49.07;1.53;11/09/2026;09:00;17.1;2;NUAGEUX;4;14.8;0
Giverny;49.07;1.53;11/09/2026;10:00;17.1;2;NUAGEUX;4;17.6;0
Giverny;49.07;1.53;11/09/2026;11:00;20.9;2;NUAGEUX;4;20.2;0
Giverny;49.07;1.53;11/09/2026;12:00;20.9;2;NUAGEUX;4;22.3;0
Giverny;49.07;1.53;11/09/2026;13:00;20.9;2;NUAGEUX;4;22.3;0
Giverny;49.07;1.53;11/09/2026;14:00;21.6;2;NUAGEUX;4;20.2;0
Giverny;49.07;1.53;11/09/2026;15:00;21.6;2;NUAGEUX;4;29.9;0
Giverny;49.07;1.53;11/09/2026;16:00;21.6;2;NUAGEUX;4;31.0;0
Giverny;49.07;1.53;11/09/2026;17:00;19.2;0;SOLEIL;3;28.1;0
Giverny;49.07;1.53;11/09/2026;18:00;19.2;0;SOLEIL;3;27.7;0
Giverny;49.07;1.53;11/09/2026;19:00;19.2;0;SOLEIL;3;27.0;0
Giverny;49.07;1.53;11/09/2026;20:00;14.7;0;SOLEIL;2;23.4;0
Giverny;49.07;1.53;11/09/2026;21:00;14.7;0;SOLEIL;2;20.9;0
Giverny;49.07;1.53;11/09/2026;22:00;14.7;0;SOLEIL;2;14.4;0
Giverny;49.07;1.53;11/09/2026;23:00;13.1;0;SOLEIL;2;9.4;0
Giverny;49.07;1.53;12/09/2026;00:00;13.1;0;SOLEIL;2;7.6;0
Giverny;49.07;1.53;12/09/2026;01:00;13.1;0;SOLEIL;2;5.8;0
Giverny;49.07;1.53;12/09/2026;02:00;11.9;2;NUAGEUX;1;6.1;0
Giverny;49.07;1.53;12/09/2026;03:00;11.9;2;NUAGEUX;1;6.8;0
Giverny;49.07;1.53;12/09/2026;04:00;11.9;2;NUAGEUX;1;6.5;0
Giverny;49.07;1.53;12/09/2026;05:00;11;3;TRÈS NUAGEUX;1;5.0;0
Giverny;49.07;1.53;12/09/2026;06:00;11;3;TRÈS NUAGEUX;1;5.4;0
Giverny;49.07;1.53;12/09/2026;07:00;11;3;TRÈS NUAGEUX;1;5.4;0
Giverny;49.07;1.53;12/09/2026;08:00;17.6;0;SOLEIL;1;5.8;0
Giverny;49.07;1.53;12/09/2026;09:00;17.6;0;SOLEIL;1;8.3;0
Giverny;49.07;1.53;12/09/2026;10:00;17.6;0;SOLEIL;1;12.2;0
Giverny;49.07;1.53;12/09/2026;11:00;21.6;0;SOLEIL;2;15.1;0
Giverny;49.07;1.53;12/09/2026;12:00;21.6;0;SOLEIL;2;16.9;0
Giverny;49.07;1.53;12/09/2026;13:00;21.6;0;SOLEIL;2;18.0;0
Giverny;49.07;1.53;12/09/2026;14:00;22.6;0;SOLEIL;2;18.7;0
Giverny;49.07;1.53;12/09/2026;15:00;22.6;0;SOLEIL;2;19.4;0
Giverny;49.07;1.53;12/09/2026;16:00;22.6;0;SOLEIL;2;20.2;0
Giverny;49.07;1.53;12/09/2026;17:00;20.9;0;SOLEIL;2;20.2;0
Giverny;49.07;1.53;12/09/2026;18:00;20.9;0;SOLEIL;2;19.1;0
Giverny;49.07;1.53;12/09/2026;19:00;20.9;0;SOLEIL;2;17.3;0
Giverny;49.07;1.53;12/09/2026;20:00;16.2;3;TRÈS NUAGEUX;5;14.8;0
Giverny;49.07;1.53;12/09/2026;21:00;14.7;3;TRÈS NUAGEUX;5;11.2;0
Giverny;49.07;1.53;12/09/2026;22:00;13.2;3;TRÈS NUAGEUX;5;6.5;0
Giverny;49.07;1.53;12/09/2026;23:00;13.7;0;SOLEIL;2;3.6;0
Giverny;49.07;1.53;13/09/2026;00:00;13.7;0;SOLEIL;2;3.2;0
Giverny;49.07;1.53;13/09/2026;01:00;13.7;0;SOLEIL;2;4.0;0
Giverny;49.07;1.53;13/09/2026;02:00;12.6;2;NUAGEUX;5;4.7;0
Giverny;49.07;1.53;13/09/2026;03:00;12.6;2;NUAGEUX;5;5.0;0
Giverny;49.07;1.53;13/09/2026;04:00;12.6;2;NUAGEUX;5;5.4;0
Giverny;49.07;1.53;13/09/2026;05:00;14;2;NUAGEUX;2;5.4;0
Giverny;49.07;1.53;13/09/2026;06:00;14;2;NUAGEUX;2;4.7;0
Giverny;49.07;1.53;13/09/2026;07:00;14;2;NUAGEUX;2;3.2;0
Giverny;49.07;1.53;13/09/2026;08:00;15.0;2;NUAGEUX;5;3.2;0
Giverny;49.07;1.53;13/09/2026;09:00;16.2;2;NUAGEUX;5;5.0;0
Giverny;49.07;1.53;13/09/2026;10:00;17.4;2;NUAGEUX;5;7.9;0
Giverny;49.07;1.53;13/09/2026;11:00;22;2;NUAGEUX;4;11.2;0
Giverny;49.07;1.53;13/09/2026;12:00;22;2;NUAGEUX;4;14.4;0
Giverny;49.07;1.53;13/09/2026;13:00;22;2;NUAGEUX;4;18.0;0
Giverny;49.07;1.53;13/09/2026;14:00;22.2;2;NUAGEUX;5;20.9;0
Giverny;49.07;1.53;13/09/2026;15:00;23.4;2;NUAGEUX;5;22.3;0
Giverny;49.07;1.53;13/09/2026;16:00;22.2;2;NUAGEUX;5;23.0;0
Giverny;49.07;1.53;13/09/2026;17:00;20.6;2;NUAGEUX;3;22.7;0
Giverny;49.07;1.53;13/09/2026;18:00;20.6;2;NUAGEUX;3;20.9;0
Giverny;49.07;1.53;13/09/2026;19:00;20.6;2;NUAGEUX;3;17.6;0
Giverny;49.07;1.53;13/09/2026;20:00;17.4;2;NUAGEUX;5;14.4;0
Giverny;49.07;1.53;13/09/2026;21:00;16.2;2;NUAGEUX;5;10.8;0
Giverny;49.07;1.53;13/09/2026;22:00;15.0;2;NUAGEUX;5;7.2;0
Giverny;49.07;1.53;13/09/2026;23:00;15.4;0;SOLEIL;2;4.3;0
Giverny;49.07;1.53;14/09/2026;00:00;15.4;0;SOLEIL;2;3.4;0
Giverny;49.07;1.53;14/09/2026;01:00;15.4;0;SOLEIL;2;3.6;0
Giverny;49.07;1.53;14/09/2026;02:00;12.6;2;NUAGEUX;5;3.8;0
Giverny;49.07;1.53;14/09/2026;03:00;12.6;2;NUAGEUX;5;4.0;0
Giverny;49.07;1.53;14/09/2026;04:00;12.6;2;NUAGEUX;5;4.3;0
Giverny;49.07;1.53;14/09/2026;05:00;13.5;6;AVERSES;2;4.7;0
Giverny;49.07;1.53;14/09/2026;06:00;13.5;6;AVERSES;2;4.7;0
Giverny;49.07;1.53;14/09/2026;07:00;13.5;6;AVERSES;2;4.3;0
Giverny;49.07;1.53;14/09/2026;08:00;15.3;2;NUAGEUX;5;4.7;0
Giverny;49.07;1.53;14/09/2026;09:00;16.6;2;NUAGEUX;5;5.8;0
Giverny;49.07;1.53;14/09/2026;10:00;17.9;2;NUAGEUX;5;6.8;0
Giverny;49.07;1.53;14/09/2026;11:00;23;2;NUAGEUX;2;9.0;0
Giverny;49.07;1.53;14/09/2026;12:00;23;2;NUAGEUX;2;12.2;0
Giverny;49.07;1.53;14/09/2026;13:00;23;2;NUAGEUX;2;15.8;0
Giverny;49.07;1.53;14/09/2026;14:00;23.3;2;NUAGEUX;5;19.1;0
Giverny;49.07;1.53;14/09/2026;15:00;24.6;2;NUAGEUX;5;22.0;0
Giverny;49.07;1.53;14/09/2026;16:00;23.3;2;NUAGEUX;5;24.1;0
Giverny;49.07;1.53;14/09/2026;17:00;22.9;2;NUAGEUX;2;24.5;0
Giverny;49.07;1.53;14/09/2026;18:00;22.9;2;NUAGEUX;2;22.0;0
Giverny;49.07;1.53;14/09/2026;19:00;22.9;2;NUAGEUX;2;18.0;0
Giverny;49.07;1.53;14/09/2026;20:00;17.9;2;NUAGEUX;5;14.8;0
Giverny;49.07;1.53;14/09/2026;21:00;16.6;2;NUAGEUX;5;13.7;0
Giverny;49.07;1.53;14/09/2026;22:00;15.3;2;NUAGEUX;5;13.3;0
Giverny;49.07;1.53;14/09/2026;23:00;16;0;SOLEIL;2;12.6;0
Vesly;49.24;1.65;10/09/2026;00:00;10.1;0;SOLEIL;1;5.4;0
Vesly;49.24;1.65;10/09/2026;01:00;9.6;0;SOLEIL;1;3.6;0
Vesly;49.24;1.65;10/09/2026;02:00;9.2;0;SOLEIL;0;2.2;0
Vesly;49.24;1.65;10/09/2026;03:00;9.1;0;SOLEIL;1;0.7;0
Vesly;49.24;1.65;10/09/2026;04:00;9;0;SOLEIL;0;1.8;0
Vesly;49.24;1.65;10/09/2026;05:00;8.4;0;SOLEIL;0;2.5;0
Vesly;49.24;1.65;10/09/2026;06:00;8.5;0;SOLEIL;0;1.8;0
Vesly;49.24;1.65;10/09/2026;07:00;10.4;5;SOLEIL VOILÉ;0;2.2;0
Vesly;49.24;1.65;10/09/2026;08:00;13.9;5;SOLEIL VOILÉ;1;2.2;0
Vesly;49.24;1.65;10/09/2026;09:00;16.5;5;SOLEIL VOILÉ;1;3.6;0
Vesly;49.24;1.65;10/09/2026;10:00;18.1;5;SOLEIL VOILÉ;1;5.4;0
Vesly;49.24;1.65;10/09/2026;11:00;19;5;SOLEIL VOILÉ;2;4.7;0
Vesly;49.24;1.65;10/09/2026;12:00;19.6;5;SOLEIL VOILÉ;2;7.6;0
Vesly;49.24;1.65;10/09/2026;13:00;20.1;0;SOLEIL;2;14.8;0
Vesly;49.24;1.65;10/09/2026;14:00;20.6;0;SOLEIL;2;20.2;0
Vesly;49.24;1.65;10/09/2026;15:00;20.9;0;SOLEIL;2;22.7;0
Vesly;49.24;1.65;10/09/2026;16:00;20.5;0;SOLEIL;2;22.7;0
Vesly;49.24;1.65;10/09/2026;17:00;19.9;0;SOLEIL;2;22.3;0
Vesly;49.24;1.65;10/09/2026;18:00;18.9;0;SOLEIL;1;19.4;0
Vesly;49.24;1.65;10/09/2026;19:00;16.9;0;SOLEIL;1;17.3;0
Vesly;49.24;1.65;10/09/2026;20:00;15.5;5;SOLEIL VOILÉ;1;11.2;0
Vesly;49.24;1.65;10/09/2026;21:00;14.4;5;SOLEIL VOILÉ;0;6.5;0
Vesly;49.24;1.65;10/09/2026;22:00;13.7;5;SOLEIL VOILÉ;1;2.9;0
Vesly;49.24;1.65;10/09/2026;23:00;13.1;5;SOLEIL VOILÉ;1;5.0;0
Vesly;49.24;1.65;11/09/2026;00:00;12.6;5;SOLEIL VOILÉ;1;4.7;0
Vesly;49.24;1.65;11/09/2026;01:00;12.6;5;SOLEIL VOILÉ;1;3.6;0
Vesly;49.24;1.65;11/09/2026;02:00;14;2;NUAGEUX;2;2.9;0
Vesly;49.24;1.65;11/09/2026;03:00;14;2;NUAGEUX;2;2.2;0
Vesly;49.24;1.65;11/09/2026;04:00;14;2;NUAGEUX;2;5.8;0
Vesly;49.24;1.65;11/09/2026;05:00;13.6;6;AVERSES;3;6.8;0
Vesly;49.24;1.65;11/09/2026;06:00;13.6;6;AVERSES;3;7.9;0
Vesly;49.24;1.65;11/09/2026;07:00;13.6;6;AVERSES;3;7.9;0
Vesly;49.24;1.65;11/09/2026;08:00;17.1;2;NUAGEUX;3;10.4;0
Vesly;49.24;1.65;11/09/2026;09:00;17.1;2;NUAGEUX;3;12.2;0
Vesly;49.24;1.65;11/09/2026;10:00;17.1;2;NUAGEUX;3;18.0;0
Vesly;49.24;1.65;11/09/2026;11:00;21.1;2;NUAGEUX;4;22.3;0
Vesly;49.24;1.65;11/09/2026;12:00;21.1;2;NUAGEUX;4;23.8;0
Vesly;49.24;1.65;11/09/2026;13:00;21.1;2;NUAGEUX;4;25.6;0
Vesly;49.24;1.65;11/09/2026;14:00;22.6;2;NUAGEUX;4;26.3;0
Vesly;49.24;1.65;11/09/2026;15:00;22.6;2;NUAGEUX;4;25.2;0
Vesly;49.24;1.65;11/09/2026;16:00;22.6;2;NUAGEUX;4;25.2;0
Vesly;49.24;1.65;11/09/2026;17:00;20;0;SOLEIL;3;28.8;0
Vesly;49.24;1.65;11/09/2026;18:00;20;0;SOLEIL;3;23.8;0
Vesly;49.24;1.65;11/09/2026;19:00;20;0;SOLEIL;3;24.1;0
Vesly;49.24;1.65;11/09/2026;20:00;15.6;0;SOLEIL;2;24.1;0
Vesly;49.24;1.65;11/09/2026;21:00;15.6;0;SOLEIL;2;19.4;0
Vesly;49.24;1.65;11/09/2026;22:00;15.6;0;SOLEIL;2;16.2;0
Vesly;49.24;1.65;11/09/2026;23:00;13.7;0;SOLEIL;2;13.3;0
Vesly;49.24;1.65;12/09/2026;00:00;13.7;0;SOLEIL;2;9.0;0
Vesly;49.24;1.65;12/09/2026;01:00;13.7;0;SOLEIL;2;7.2;0
Vesly;49.24;1.65;12/09/2026;02:00;12.5;2;NUAGEUX;1;7.6;0
Vesly;49.24;1.65;12/09/2026;03:00;12.5;2;NUAGEUX;1;7.2;0
Vesly;49.24;1.65;12/09/2026;04:00;12.5;2;NUAGEUX;1;7.6;0
Vesly;49.24;1.65;12/09/2026;05:00;12;3;TRÈS NUAGEUX;1;6.5;0
Vesly;49.24;1.65;12/09/2026;06:00;12;3;TRÈS NUAGEUX;1;6.5;0
Vesly;49.24;1.65;12/09/2026;07:00;12;3;TRÈS NUAGEUX;1;6.5;0
Vesly;49.24;1.65;12/09/2026;08:00;17.6;0;SOLEIL;0;7.2;0
Vesly;49.24;1.65;12/09/2026;09:00;17.6;0;SOLEIL;0;9.4;0
Vesly;49.24;1.65;12/09/2026;10:00;17.6;0;SOLEIL;0;12.6;0
Vesly;49.24;1.65;12/09/2026;11:00;22;0;SOLEIL;1;15.5;0
Vesly;49.24;1.65;12/09/2026;12:00;22;0;SOLEIL;1;17.6;0
Vesly;49.24;1.65;12/09/2026;13:00;22;0;SOLEIL;1;19.8;0
Vesly;49.24;1.65;12/09/2026;14:00;23.1;0;SOLEIL;1;21.2;0
Vesly;49.24;1.65;12/09/2026;15:00;23.1;0;SOLEIL;1;22.0;0
Vesly;49.24;1.65;12/09/2026;16:00;23.1;0;SOLEIL;1;22.0;0
Vesly;49.24;1.65;12/09/2026;17:00;20.9;0;SOLEIL;2;21.6;0
Vesly;49.24;1.65;12/09/2026;18:00;20.9;0;SOLEIL;2;20.5;0
Vesly;49.24;1.65;12/09/2026;19:00;20.9;0;SOLEIL;2;19.1;0
Vesly;49.24;1.65;12/09/2026;20:00;16.9;3;TRÈS NUAGEUX;5;16.9;0
Vesly;49.24;1.65;12/09/2026;21:00;15.6;3;TRÈS NUAGEUX;5;13.0;0
Vesly;49.24;1.65;12/09/2026;22:00;14.2;3;TRÈS NUAGEUX;5;8.6;0
Vesly;49.24;1.65;12/09/2026;23:00;14.2;0;SOLEIL;1;5.4;0
Vesly;49.24;1.65;13/09/2026;00:00;14.2;0;SOLEIL;1;4.7;0
Vesly;49.24;1.65;13/09/2026;01:00;14.2;0;SOLEIL;1;5.8;0
Vesly;49.24;1.65;13/09/2026;02:00;12.4;2;NUAGEUX;5;6.5;0
Vesly;49.24;1.65;13/09/2026;03:00;12.4;2;NUAGEUX;5;7.2;0
Vesly;49.24;1.65;13/09/2026;04:00;12.4;2;NUAGEUX;5;7.9;0
Vesly;49.24;1.65;13/09/2026;05:00;13.6;2;NUAGEUX;2;8.3;0
Vesly;49.24;1.65;13/09/2026;06:00;13.6;2;NUAGEUX;2;7.9;0
Vesly;49.24;1.65;13/09/2026;07:00;13.6;2;NUAGEUX;2;6.8;0
Vesly;49.24;1.65;13/09/2026;08:00;15.0;2;NUAGEUX;5;6.8;0
Vesly;49.24;1.65;13/09/2026;09:00;16.3;2;NUAGEUX;5;7.9;0
Vesly;49.24;1.65;13/09/2026;10:00;17.6;2;NUAGEUX;5;9.7;0
Vesly;49.24;1.65;13/09/2026;11:00;22.6;2;NUAGEUX;4;11.9;0
Vesly;49.24;1.65;13/09/2026;12:00;22.6;2;NUAGEUX;4;15.1;0
Vesly;49.24;1.65;13/09/2026;13:00;22.6;2;NUAGEUX;4;18.7;0
Vesly;49.24;1.65;13/09/2026;14:00;22.8;2;NUAGEUX;5;21.6;0
Vesly;49.24;1.65;13/09/2026;15:00;24.1;2;NUAGEUX;5;23.4;0
Vesly;49.24;1.65;13/09/2026;16:00;22.8;2;NUAGEUX;5;24.8;0
Vesly;49.24;1.65;13/09/2026;17:00;20.7;2;NUAGEUX;3;24.5;0
Vesly;49.24;1.65;13/09/2026;18:00;20.7;2;NUAGEUX;3;22.3;0
Vesly;49.24;1.65;13/09/2026;19:00;20.7;2;NUAGEUX;3;18.7;0
Vesly;49.24;1.65;13/09/2026;20:00;17.6;2;NUAGEUX;5;15.1;0
Vesly;49.24;1.65;13/09/2026;21:00;16.3;2;NUAGEUX;5;11.5;0
Vesly;49.24;1.65;13/09/2026;22:00;15.0;2;NUAGEUX;5;7.9;0
Vesly;49.24;1.65;13/09/2026;23:00;15.5;0;SOLEIL;2;5.4;0
Vesly;49.24;1.65;14/09/2026;00:00;15.5;0;SOLEIL;2;4.0;0
Vesly;49.24;1.65;14/09/2026;01:00;15.5;0;SOLEIL;2;3.6;0
Vesly;49.24;1.65;14/09/2026;02:00;12.7;2;NUAGEUX;5;2.8;0
Vesly;49.24;1.65;14/09/2026;03:00;12.7;2;NUAGEUX;5;2.2;0
Vesly;49.24;1.65;14/09/2026;04:00;12.7;2;NUAGEUX;5;2.2;0
Vesly;49.24;1.65;14/09/2026;05:00;13.6;6;AVERSES;1;2.5;0
Vesly;49.24;1.65;14/09/2026;06:00;13.6;6;AVERSES;1;2.2;0
Vesly;49.24;1.65;14/09/2026;07:00;13.6;6;AVERSES;1;2.2;0
Vesly;49.24;1.65;14/09/2026;08:00;15.4;2;NUAGEUX;5;2.2;0
Vesly;49.24;1.65;14/09/2026;09:00;16.8;2;NUAGEUX;5;2.5;0
Vesly;49.24;1.65;14/09/2026;10:00;18.2;2;NUAGEUX;5;3.6;0
Vesly;49.24;1.65;14/09/2026;11:00;23.2;2;NUAGEUX;2;5.4;0
Vesly;49.24;1.65;14/09/2026;12:00;23.2;2;NUAGEUX;2;9.0;0
Vesly;49.24;1.65;14/09/2026;13:00;23.2;2;NUAGEUX;2;13.3;0
Vesly;49.24;1.65;14/09/2026;14:00;23.6;2;NUAGEUX;5;16.9;0
Vesly;49.24;1.65;14/09/2026;15:00;25.0;2;NUAGEUX;5;19.8;0
Vesly;49.24;1.65;14/09/2026;16:00;23.6;2;NUAGEUX;5;21.6;0
Vesly;49.24;1.65;14/09/2026;17:00;22.6;2;NUAGEUX;2;22.0;0
Vesly;49.24;1.65;14/09/2026;18:00;22.6;2;NUAGEUX;2;19.4;0
Vesly;49.24;1.65;14/09/2026;19:00;22.6;2;NUAGEUX;2;15.5;0
Vesly;49.24;1.65;14/09/2026;20:00;18.2;2;NUAGEUX;5;11.9;0
Vesly;49.24;1.65;14/09/2026;21:00;16.8;2;NUAGEUX;5;10.1;0
Vesly;49.24;1.65;14/09/2026;22:00;15.4;2;NUAGEUX;5;9.4;0
Vesly;49.24;1.65;14/09/2026;23:00;15.6;0;SOLEIL;1;8.3;0
Verneuil-sur-Avre;48.74;0.93;10/09/2026;00:00;9.5;0;SOLEIL;1;6.1;0
Verneuil-sur-Avre;48.74;0.93;10/09/2026;01:00;8.7;0;SOLEIL;1;6.5;0
Verneuil-sur-Avre;48.74;0.93;10/09/2026;02:00;8.9;0;SOLEIL;0;4.3;0
Verneuil-sur-Avre;48.74;0.93;10/09/2026;03:00;8.5;0;SOLEIL;0;2.2;0
Verneuil-sur-Avre;48.74;0.93;10/09/2026;04:00;8.9;0;SOLEIL;1;1.8;0
Verneuil-sur-Avre;48.74;0.93;10/09/2026;05:00;8.5;0;SOLEIL;0;1.4;0
Verneuil-sur-Avre;48.74;0.93;10/09/2026;06:00;8.4;0;SOLEIL;0;2.2;0
Verneuil-sur-Avre;48.74;0.93;10/09/2026;07:00;10.6;0;SOLEIL;0;2.5;0
Verneuil-sur-Avre;48.74;0.93;10/09/2026;08:00;13.7;5;SOLEIL VOILÉ;0;2.9;0
Verneuil-sur-Avre;48.74;0.93;10/09/2026;09:00;16.1;5;SOLEIL VOILÉ;1;5.0;0
Verneuil-sur-Avre;48.74;0.93;10/09/2026;10:00;17.6;5;SOLEIL VOILÉ;2;4.0;0
Verneuil-sur-Avre;48.74;0.93;10/09/2026;11:00;18.2;5;SOLEIL VOILÉ;3;4.0;0
Verneuil-sur-Avre;48.74;0.93;10/09/2026;12:00;18.6;5;SOLEIL VOILÉ;3;8.3;0
Verneuil-sur-Avre;48.74;0.93;10/09/2026;13:00;19.2;0;SOLEIL;3;14.8;0
Verneuil-sur-Avre;48.74;0.93;10/09/2026;14:00;19.7;0;SOLEIL;2;19.8;0
Verneuil-sur-Avre;48.74;0.93;10/09/2026;15:00;20.1;0;SOLEIL;3;21.2;0
Verneuil-sur-Avre;48.74;0.93;10/09/2026;16:00;19.6;0;SOLEIL;3;22.0;0
Verneuil-sur-Avre;48.74;0.93;10/09/2026;17:00;19.4;0;SOLEIL;2;21.2;0
Verneuil-sur-Avre;48.74;0.93;10/09/2026;18:00;18.2;0;SOLEIL;2;20.5;0
Verneuil-sur-Avre;48.74;0.93;10/09/2026;19:00;16.6;0;SOLEIL;2;19.8;0
Verneuil-sur-Avre;48.74;0.93;10/09/2026;20:00;15.5;5;SOLEIL VOILÉ;2;13.0;0
Verneuil-sur-Avre;48.74;0.93;10/09/2026;21:00;14.7;5;SOLEIL VOILÉ;2;2.5;0
Verneuil-sur-Avre;48.74;0.93;10/09/2026;22:00;14.4;5;SOLEIL VOILÉ;1;2.5;0
Verneuil-sur-Avre;48.74;0.93;10/09/2026;23:00;14.1;5;SOLEIL VOILÉ;1;3.2;0
Verneuil-sur-Avre;48.74;0.93;11/09/2026;00:00;13.6;5;SOLEIL VOILÉ;1;2.9;0
Verneuil-sur-Avre;48.74;0.93;11/09/2026;01:00;13.6;5;SOLEIL VOILÉ;1;3.6;0
Verneuil-sur-Avre;48.74;0.93;11/09/2026;02:00;13;2;NUAGEUX;2;4.3;0
Verneuil-sur-Avre;48.74;0.93;11/09/2026;03:00;13;2;NUAGEUX;2;5.0;0
Verneuil-sur-Avre;48.74;0.93;11/09/2026;04:00;13;2;NUAGEUX;2;5.4;0
Verneuil-sur-Avre;48.74;0.93;11/09/2026;05:00;13.2;6;AVERSES;3;5.8;0
Verneuil-sur-Avre;48.74;0.93;11/09/2026;06:00;13.2;6;AVERSES;3;6.5;0
Verneuil-sur-Avre;48.74;0.93;11/09/2026;07:00;13.2;6;AVERSES;3;5.8;0
Verneuil-sur-Avre;48.74;0.93;11/09/2026;08:00;16.7;2;NUAGEUX;4;8.3;0
Verneuil-sur-Avre;48.74;0.93;11/09/2026;09:00;16.7;2;NUAGEUX;4;12.6;0
Verneuil-sur-Avre;48.74;0.93;11/09/2026;10:00;16.7;2;NUAGEUX;4;18.4;0
Verneuil-sur-Avre;48.74;0.93;11/09/2026;11:00;20.1;2;NUAGEUX;4;22.0;0
Verneuil-sur-Avre;48.74;0.93;11/09/2026;12:00;20.1;2;NUAGEUX;4;27.4;0
Verneuil-sur-Avre;48.74;0.93;11/09/2026;13:00;20.1;2;NUAGEUX;4;28.4;0
Verneuil-sur-Avre;48.74;0.93;11/09/2026;14:00;21.6;2;NUAGEUX;5;24.8;0
Verneuil-sur-Avre;48.74;0.93;11/09/2026;15:00;21.6;2;NUAGEUX;5;24.8;0
Verneuil-sur-Avre;48.74;0.93;11/09/2026;16:00;21.6;2;NUAGEUX;5;20.9;0
Verneuil-sur-Avre;48.74;0.93;11/09/2026;17:00;18.7;0;SOLEIL;3;20.9;0
Verneuil-sur-Avre;48.74;0.93;11/09/2026;18:00;18.7;0;SOLEIL;3;22.3;0
Verneuil-sur-Avre;48.74;0.93;11/09/2026;19:00;18.7;0;SOLEIL;3;24.1;0
Verneuil-sur-Avre;48.74;0.93;11/09/2026;20:00;14.1;0;SOLEIL;2;22.0;0
Verneuil-sur-Avre;48.74;0.93;11/09/2026;21:00;14.1;0;SOLEIL;2;17.3;0
Verneuil-sur-Avre;48.74;0.93;11/09/2026;22:00;14.1;0;SOLEIL;2;11.2;0
Verneuil-sur-Avre;48.74;0.93;11/09/2026;23:00;12.5;0;SOLEIL;1;10.4;0
Verneuil-sur-Avre;48.74;0.93;12/09/2026;00:00;12.5;0;SOLEIL;1;7.2;0
Verneuil-sur-Avre;48.74;0.93;12/09/2026;01:00;12.5;0;SOLEIL;1;7.2;0
Verneuil-sur-Avre;48.74;0.93;12/09/2026;02:00;11.7;3;TRÈS NUAGEUX;1;6.5;0
Verneuil-sur-Avre;48.74;0.93;12/09/2026;03:00;11.7;3;TRÈS NUAGEUX;1;5.8;0
Verneuil-sur-Avre;48.74;0.93;12/09/2026;04:00;11.7;3;TRÈS NUAGEUX;1;6.1;0
Verneuil-sur-Avre;48.74;0.93;12/09/2026;05:00;10.7;3;TRÈS NUAGEUX;1;6.1;0
Verneuil-sur-Avre;48.74;0.93;12/09/2026;06:00;10.7;3;TRÈS NUAGEUX;1;5.4;0
Verneuil-sur-Avre;48.74;0.93;12/09/2026;07:00;10.7;3;TRÈS NUAGEUX;1;5.4;0
Verneuil-sur-Avre;48.74;0.93;12/09/2026;08:00;16.7;3;TRÈS NUAGEUX;0;6.8;0
Verneuil-sur-Avre;48.74;0.93;12/09/2026;09:00;16.7;3;TRÈS NUAGEUX;0;9.7;0
Verneuil-sur-Avre;48.74;0.93;12/09/2026;10:00;16.7;3;TRÈS NUAGEUX;0;13.3;0
Verneuil-sur-Avre;48.74;0.93;12/09/2026;11:00;20.7;0;SOLEIL;2;16.6;0
Verneuil-sur-Avre;48.74;0.93;12/09/2026;12:00;20.7;0;SOLEIL;2;18.7;0
Verneuil-sur-Avre;48.74;0.93;12/09/2026;13:00;20.7;0;SOLEIL;2;20.5;0
Verneuil-sur-Avre;48.74;0.93;12/09/2026;14:00;22.4;0;SOLEIL;2;21.6;0
Verneuil-sur-Avre;48.74;0.93;12/09/2026;15:00;22.4;0;SOLEIL;2;22.3;0
Verneuil-sur-Avre;48.74;0.93;12/09/2026;16:00;22.4;0;SOLEIL;2;22.3;0
Verneuil-sur-Avre;48.74;0.93;12/09/2026;17:00;20.1;0;SOLEIL;2;22.0;0
Verneuil-sur-Avre;48.74;0.93;12/09/2026;18:00;20.1;0;SOLEIL;2;21.6;0
Verneuil-sur-Avre;48.74;0.93;12/09/2026;19:00;20.1;0;SOLEIL;2;20.9;0
Verneuil-sur-Avre;48.74;0.93;12/09/2026;20:00;15.7;3;TRÈS NUAGEUX;5;19.1;0
Verneuil-sur-Avre;48.74;0.93;12/09/2026;21:00;14.3;3;TRÈS NUAGEUX;5;15.5;0
Verneuil-sur-Avre;48.74;0.93;12/09/2026;22:00;13.0;3;TRÈS NUAGEUX;5;10.4;0
Verneuil-sur-Avre;48.74;0.93;12/09/2026;23:00;13.2;0;SOLEIL;2;6.8;0
Verneuil-sur-Avre;48.74;0.93;13/09/2026;00:00;13.2;0;SOLEIL;2;5.4;0
Verneuil-sur-Avre;48.74;0.93;13/09/2026;01:00;13.2;0;SOLEIL;2;4.7;0
Verneuil-sur-Avre;48.74;0.93;13/09/2026;02:00;12;2;NUAGEUX;5;4.7;0
Verneuil-sur-Avre;48.74;0.93;13/09/2026;03:00;12;2;NUAGEUX;5;4.7;0
Verneuil-sur-Avre;48.74;0.93;13/09/2026;04:00;12;2;NUAGEUX;5;5.0;0
Verneuil-sur-Avre;48.74;0.93;13/09/2026;05:00;13.2;2;NUAGEUX;3;5.4;0
Verneuil-sur-Avre;48.74;0.93;13/09/2026;06:00;13.2;2;NUAGEUX;3;5.0;0
Verneuil-sur-Avre;48.74;0.93;13/09/2026;07:00;13.2;2;NUAGEUX;3;5.0;0
Verneuil-sur-Avre;48.74;0.93;13/09/2026;08:00;14.4;2;NUAGEUX;5;5.4;0
Verneuil-sur-Avre;48.74;0.93;13/09/2026;09:00;15.6;2;NUAGEUX;5;7.2;0
Verneuil-sur-Avre;48.74;0.93;13/09/2026;10:00;16.8;2;NUAGEUX;5;10.1;0
Verneuil-sur-Avre;48.74;0.93;13/09/2026;11:00;21.2;2;NUAGEUX;4;12.6;0
Verneuil-sur-Avre;48.74;0.93;13/09/2026;12:00;21.2;2;NUAGEUX;4;15.1;0
Verneuil-sur-Avre;48.74;0.93;13/09/2026;13:00;21.2;2;NUAGEUX;4;17.6;0
Verneuil-sur-Avre;48.74;0.93;13/09/2026;14:00;21.5;2;NUAGEUX;5;19.8;0
Verneuil-sur-Avre;48.74;0.93;13/09/2026;15:00;22.7;2;NUAGEUX;5;21.6;0
Verneuil-sur-Avre;48.74;0.93;13/09/2026;16:00;21.5;2;NUAGEUX;5;22.7;0
Verneuil-sur-Avre;48.74;0.93;13/09/2026;17:00;19.5;7;PLUIE FAIBLE;3;23.0;0
Verneuil-sur-Avre;48.74;0.93;13/09/2026;18:00;19.5;7;PLUIE FAIBLE;3;22.7;0
Verneuil-sur-Avre;48.74;0.93;13/09/2026;19:00;19.5;7;PLUIE FAIBLE;3;21.6;0
Verneuil-sur-Avre;48.74;0.93;13/09/2026;20:00;16.8;2;NUAGEUX;5;19.4;0
Verneuil-sur-Avre;48.74;0.93;13/09/2026;21:00;15.6;2;NUAGEUX;5;15.1;0
Verneuil-sur-Avre;48.74;0.93;13/09/2026;22:00;14.4;2;NUAGEUX;5;9.7;0
Verneuil-sur-Avre;48.74;0.93;13/09/2026;23:00;14.2;0;SOLEIL;2;5.8;0
Verneuil-sur-Avre;48.74;0.93;14/09/2026;00:00;14.2;0;SOLEIL;2;3.8;0
Verneuil-sur-Avre;48.74;0.93;14/09/2026;01:00;14.2;0;SOLEIL;2;2.7;0
Verneuil-sur-Avre;48.74;0.93;14/09/2026;02:00;12.5;2;NUAGEUX;5;2.1;0
Verneuil-sur-Avre;48.74;0.93;14/09/2026;03:00;12.5;2;NUAGEUX;5;1.8;0
Verneuil-sur-Avre;48.74;0.93;14/09/2026;04:00;12.5;2;NUAGEUX;5;2.2;0
Verneuil-sur-Avre;48.74;0.93;14/09/2026;05:00;13.2;6;AVERSES;2;2.5;0
Verneuil-sur-Avre;48.74;0.93;14/09/2026;06:00;13.2;6;AVERSES;2;2.2;0
Verneuil-sur-Avre;48.74;0.93;14/09/2026;07:00;13.2;6;AVERSES;2;1.8;0
Verneuil-sur-Avre;48.74;0.93;14/09/2026;08:00;15.0;2;NUAGEUX;5;1.8;0
Verneuil-sur-Avre;48.74;0.93;14/09/2026;09:00;16.3;2;NUAGEUX;5;2.5;0
Verneuil-sur-Avre;48.74;0.93;14/09/2026;10:00;17.6;2;NUAGEUX;5;3.6;0
Verneuil-sur-Avre;48.74;0.93;14/09/2026;11:00;22.5;2;NUAGEUX;2;5.4;0
Verneuil-sur-Avre;48.74;0.93;14/09/2026;12:00;22.5;2;NUAGEUX;2;8.6;0
Verneuil-sur-Avre;48.74;0.93;14/09/2026;13:00;22.5;2;NUAGEUX;2;13.0;0
Verneuil-sur-Avre;48.74;0.93;14/09/2026;14:00;22.6;2;NUAGEUX;5;16.6;0
Verneuil-sur-Avre;48.74;0.93;14/09/2026;15:00;23.9;2;NUAGEUX;5;19.1;0
Verneuil-sur-Avre;48.74;0.93;14/09/2026;16:00;22.6;2;NUAGEUX;5;20.9;0
Verneuil-sur-Avre;48.74;0.93;14/09/2026;17:00;21.2;2;NUAGEUX;1;20.9;0
Verneuil-sur-Avre;48.74;0.93;14/09/2026;18:00;21.2;2;NUAGEUX;1;18.4;0
Verneuil-sur-Avre;48.74;0.93;14/09/2026;19:00;21.2;2;NUAGEUX;1;13.7;0
Verneuil-sur-Avre;48.74;0.93;14/09/2026;20:00;17.6;2;NUAGEUX;5;10.4;0
Verneuil-sur-Avre;48.74;0.93;14/09/2026;21:00;16.3;2;NUAGEUX;5;9.0;0
Verneuil-sur-Avre;48.74;0.93;14/09/2026;22:00;15.0;2;NUAGEUX;5;8.6;0
Verneuil-sur-Avre;48.74;0.93;14/09/2026;23:00;14.6;0;SOLEIL;2;8.3;0
Avranches;48.68;-1.36;10/09/2026;00:00;7.2;0;SOLEIL;2;4.3;0
Avranches;48.68;-1.36;10/09/2026;01:00;6.9;0;SOLEIL;1;4.3;0
Avranches;48.68;-1.36;10/09/2026;02:00;6;0;SOLEIL;2;3.6;0
Avranches;48.68;-1.36;10/09/2026;03:00;5.1;0;SOLEIL;1;3.2;0
Avranches;48.68;-1.36;10/09/2026;04:00;5;0;SOLEIL;1;4.0;0
Avranches;48.68;-1.36;10/09/2026;05:00;4.4;5;SOLEIL VOILÉ;1;3.6;0
Avranches;48.68;-1.36;10/09/2026;06:00;4.9;5;SOLEIL VOILÉ;2;3.2;0
Avranches;48.68;-1.36;10/09/2026;07:00;7.4;5;SOLEIL VOILÉ;1;4.0;0
Avranches;48.68;-1.36;10/09/2026;08:00;12.5;5;SOLEIL VOILÉ;1;3.2;0
Avranches;48.68;-1.36;10/09/2026;09:00;16.1;5;SOLEIL VOILÉ;2;3.6;0
Avranches;48.68;-1.36;10/09/2026;10:00;16.7;5;SOLEIL VOILÉ;3;4.7;0
Avranches;48.68;-1.36;10/09/2026;11:00;19.1;5;SOLEIL VOILÉ;3;4.3;0
Avranches;48.68;-1.36;10/09/2026;12:00;19.6;0;SOLEIL;3;10.1;0
Avranches;48.68;-1.36;10/09/2026;13:00;20.5;0;SOLEIL;3;17.3;0
Avranches;48.68;-1.36;10/09/2026;14:00;20.9;0;SOLEIL;3;21.2;0
Avranches;48.68;-1.36;10/09/2026;15:00;21.5;0;SOLEIL;3;22.7;0
Avranches;48.68;-1.36;10/09/2026;16:00;21.6;0;SOLEIL;3;22.3;0
Avranches;48.68;-1.36;10/09/2026;17:00;21.1;0;SOLEIL;3;21.2;0
Avranches;48.68;-1.36;10/09/2026;18:00;19.6;0;SOLEIL;3;20.9;0
Avranches;48.68;-1.36;10/09/2026;19:00;16.4;0;SOLEIL;2;19.4;0
Avranches;48.68;-1.36;10/09/2026;20:00;13.6;5;SOLEIL VOILÉ;1;13.7;0
Avranches;48.68;-1.36;10/09/2026;21:00;11.4;5;SOLEIL VOILÉ;0;7.2;0
Avranches;48.68;-1.36;10/09/2026;22:00;10.4;5;SOLEIL VOILÉ;2;5.4;0
Avranches;48.68;-1.36;10/09/2026;23:00;10.1;5;SOLEIL VOILÉ;1;4.3;0
Avranches;48.68;-1.36;11/09/2026;00:00;10.4;5;SOLEIL VOILÉ;2;5.0;0
Avranches;48.68;-1.36;11/09/2026;01:00;10.4;5;SOLEIL VOILÉ;2;4.3;0
Avranches;48.68;-1.36;11/09/2026;02:00;13.1;2;NUAGEUX;3;4.0;0
Avranches;48.68;-1.36;11/09/2026;03:00;13.1;2;NUAGEUX;3;6.8;0
Avranches;48.68;-1.36;11/09/2026;04:00;13.1;2;NUAGEUX;3;6.3;0
Avranches;48.68;-1.36;11/09/2026;05:00;13.1;2;NUAGEUX;3;6.9;0
Avranches;48.68;-1.36;11/09/2026;06:00;13.1;2;NUAGEUX;3;9.7;0
Avranches;48.68;-1.36;11/09/2026;07:00;13.1;2;NUAGEUX;3;13.0;0
Avranches;48.68;-1.36;11/09/2026;08:00;16.7;2;NUAGEUX;4;14.8;0
Avranches;48.68;-1.36;11/09/2026;09:00;16.7;2;NUAGEUX;4;17.3;0
Avranches;48.68;-1.36;11/09/2026;10:00;16.7;2;NUAGEUX;4;23.0;0
Avranches;48.68;-1.36;11/09/2026;11:00;20.2;2;NUAGEUX;4;25.6;0
Avranches;48.68;-1.36;11/09/2026;12:00;20.2;2;NUAGEUX;4;32.0;0
Avranches;48.68;-1.36;11/09/2026;13:00;20.2;2;NUAGEUX;4;30.6;0
Avranches;48.68;-1.36;11/09/2026;14:00;21.9;2;NUAGEUX;4;29.2;0
Avranches;48.68;-1.36;11/09/2026;15:00;21.9;2;NUAGEUX;4;31.7;0
Avranches;48.68;-1.36;11/09/2026;16:00;21.9;2;NUAGEUX;4;33.1;0
Avranches;48.68;-1.36;11/09/2026;17:00;17.9;0;SOLEIL;3;32.8;0
Avranches;48.68;-1.36;11/09/2026;18:00;17.9;0;SOLEIL;3;24.8;0
Avranches;48.68;-1.36;11/09/2026;19:00;17.9;0;SOLEIL;3;25.2;0
Avranches;48.68;-1.36;11/09/2026;20:00;13.2;0;SOLEIL;2;23.4;0
Avranches;48.68;-1.36;11/09/2026;21:00;13.2;0;SOLEIL;2;20.5;0
Avranches;48.68;-1.36;11/09/2026;22:00;13.2;0;SOLEIL;2;15.8;0
Avranches;48.68;-1.36;11/09/2026;23:00;10.1;0;SOLEIL;2;12.6;0
Avranches;48.68;-1.36;12/09/2026;00:00;10.1;0;SOLEIL;2;7.2;0
Avranches;48.68;-1.36;12/09/2026;01:00;10.1;0;SOLEIL;2;6.8;0
Avranches;48.68;-1.36;12/09/2026;02:00;10;2;NUAGEUX;1;6.5;0
Avranches;48.68;-1.36;12/09/2026;03:00;10;2;NUAGEUX;1;6.1;0
Avranches;48.68;-1.36;12/09/2026;04:00;10;2;NUAGEUX;1;4.7;0
Avranches;48.68;-1.36;12/09/2026;05:00;9.2;3;TRÈS NUAGEUX;1;5.4;0
Avranches;48.68;-1.36;12/09/2026;06:00;9.2;3;TRÈS NUAGEUX;1;5.4;0
Avranches;48.68;-1.36;12/09/2026;07:00;9.2;3;TRÈS NUAGEUX;1;5.8;0
Avranches;48.68;-1.36;12/09/2026;08:00;17.7;0;SOLEIL;0;6.1;0
Avranches;48.68;-1.36;12/09/2026;09:00;17.7;0;SOLEIL;0;7.9;0
Avranches;48.68;-1.36;12/09/2026;10:00;17.7;0;SOLEIL;0;10.1;0
Avranches;48.68;-1.36;12/09/2026;11:00;21.4;0;SOLEIL;1;12.2;0
Avranches;48.68;-1.36;12/09/2026;12:00;21.4;0;SOLEIL;1;14.4;0
Avranches;48.68;-1.36;12/09/2026;13:00;21.4;0;SOLEIL;1;16.2;0
Avranches;48.68;-1.36;12/09/2026;14:00;22.6;0;SOLEIL;2;17.6;0
Avranches;48.68;-1.36;12/09/2026;15:00;22.6;0;SOLEIL;2;18.4;0
Avranches;48.68;-1.36;12/09/2026;16:00;22.6;0;SOLEIL;2;18.4;0
Avranches;48.68;-1.36;12/09/2026;17:00;20;0;SOLEIL;2;18.0;0
Avranches;48.68;-1.36;12/09/2026;18:00;20;0;SOLEIL;2;16.9;0
Avranches;48.68;-1.36;12/09/2026;19:00;20;0;SOLEIL;2;15.5;0
Avranches;48.68;-1.36;12/09/2026;20:00;15.0;3;TRÈS NUAGEUX;5;13.3;0
Avranches;48.68;-1.36;12/09/2026;21:00;13.4;3;TRÈS NUAGEUX;5;9.7;0
Avranches;48.68;-1.36;12/09/2026;22:00;11.8;3;TRÈS NUAGEUX;5;5.8;0
Avranches;48.68;-1.36;12/09/2026;23:00;10.5;0;SOLEIL;1;2.9;0
Avranches;48.68;-1.36;13/09/2026;00:00;10.5;0;SOLEIL;1;2.5;0
Avranches;48.68;-1.36;13/09/2026;01:00;10.5;0;SOLEIL;1;3.6;0
Avranches;48.68;-1.36;13/09/2026;02:00;10.6;2;NUAGEUX;5;4.7;0
Avranches;48.68;-1.36;13/09/2026;03:00;10.6;2;NUAGEUX;5;4.7;0
Avranches;48.68;-1.36;13/09/2026;04:00;10.6;2;NUAGEUX;5;4.7;0
Avranches;48.68;-1.36;13/09/2026;05:00;12.7;2;NUAGEUX;3;4.7;0
Avranches;48.68;-1.36;13/09/2026;06:00;12.7;2;NUAGEUX;3;4.7;0
Avranches;48.68;-1.36;13/09/2026;07:00;12.7;2;NUAGEUX;3;5.0;0
Avranches;48.68;-1.36;13/09/2026;08:00;13.4;2;NUAGEUX;5;5.8;0
Avranches;48.68;-1.36;13/09/2026;09:00;14.9;2;NUAGEUX;5;7.6;0
Avranches;48.68;-1.36;13/09/2026;10:00;16.3;2;NUAGEUX;5;9.7;0
Avranches;48.68;-1.36;13/09/2026;11:00;21.2;2;NUAGEUX;4;12.6;0
Avranches;48.68;-1.36;13/09/2026;12:00;21.2;2;NUAGEUX;4;16.6;0
Avranches;48.68;-1.36;13/09/2026;13:00;21.2;2;NUAGEUX;4;20.5;0
Avranches;48.68;-1.36;13/09/2026;14:00;22.0;2;NUAGEUX;5;23.8;0
Avranches;48.68;-1.36;13/09/2026;15:00;23.4;2;NUAGEUX;5;25.2;0
Avranches;48.68;-1.36;13/09/2026;16:00;22.0;2;NUAGEUX;5;25.6;0
Avranches;48.68;-1.36;13/09/2026;17:00;19.9;2;NUAGEUX;3;24.5;0
Avranches;48.68;-1.36;13/09/2026;18:00;19.9;2;NUAGEUX;3;22.0;0
Avranches;48.68;-1.36;13/09/2026;19:00;19.9;2;NUAGEUX;3;18.0;0
Avranches;48.68;-1.36;13/09/2026;20:00;16.3;2;NUAGEUX;5;14.8;0
Avranches;48.68;-1.36;13/09/2026;21:00;14.9;2;NUAGEUX;5;12.6;0
Avranches;48.68;-1.36;13/09/2026;22:00;13.4;2;NUAGEUX;5;11.2;0
Avranches;48.68;-1.36;13/09/2026;23:00;13.6;0;SOLEIL;2;9.4;0
Avranches;48.68;-1.36;14/09/2026;00:00;13.6;0;SOLEIL;2;7.1;0
Avranches;48.68;-1.36;14/09/2026;01:00;13.6;0;SOLEIL;2;5.0;0
Avranches;48.68;-1.36;14/09/2026;02:00;11;2;NUAGEUX;5;3.9;0
Avranches;48.68;-1.36;14/09/2026;03:00;11;2;NUAGEUX;5;3.6;0
Avranches;48.68;-1.36;14/09/2026;04:00;11;2;NUAGEUX;5;3.6;0
Avranches;48.68;-1.36;14/09/2026;05:00;12.5;2;NUAGEUX;1;3.6;0
Avranches;48.68;-1.36;14/09/2026;06:00;12.5;2;NUAGEUX;1;3.6;0
Avranches;48.68;-1.36;14/09/2026;07:00;12.5;2;NUAGEUX;1;3.6;0
Avranches;48.68;-1.36;14/09/2026;08:00;14.0;2;NUAGEUX;5;4.0;0
Avranches;48.68;-1.36;14/09/2026;09:00;15.5;2;NUAGEUX;5;5.0;0
Avranches;48.68;-1.36;14/09/2026;10:00;17.0;2;NUAGEUX;5;6.5;0
Avranches;48.68;-1.36;14/09/2026;11:00;23.1;2;NUAGEUX;2;9.4;0
Avranches;48.68;-1.36;14/09/2026;12:00;23.1;2;NUAGEUX;2;14.0;0
Avranches;48.68;-1.36;14/09/2026;13:00;23.1;2;NUAGEUX;2;20.2;0
Avranches;48.68;-1.36;14/09/2026;14:00;23.0;2;NUAGEUX;5;24.5;0
Avranches;48.68;-1.36;14/09/2026;15:00;24.5;2;NUAGEUX;5;26.6;0
Avranches;48.68;-1.36;14/09/2026;16:00;23.0;2;NUAGEUX;5;27.4;0
Avranches;48.68;-1.36;14/09/2026;17:00;21.6;0;SOLEIL;2;27.0;0
Avranches;48.68;-1.36;14/09/2026;18:00;21.6;0;SOLEIL;2;24.8;0
Avranches;48.68;-1.36;14/09/2026;19:00;21.6;0;SOLEIL;2;21.6;0
Avranches;48.68;-1.36;14/09/2026;20:00;17.0;2;NUAGEUX;5;18.4;0
Avranches;48.68;-1.36;14/09/2026;21:00;15.5;2;NUAGEUX;5;15.8;0
Avranches;48.68;-1.36;14/09/2026;22:00;14.0;2;NUAGEUX;5;13.0;0
Avranches;48.68;-1.36;14/09/2026;23:00;13.9;0;SOLEIL;2;10.8;0
Cherbourg-Octeville;49.63;-1.62;10/09/2026;00:00;14;2;NUAGEUX;2;3.2;0
Cherbourg-Octeville;49.63;-1.62;10/09/2026;01:00;13.4;2;NUAGEUX;2;5.0;0
Cherbourg-Octeville;49.63;-1.62;10/09/2026;02:00;13.6;2;NUAGEUX;2;6.5;0
Cherbourg-Octeville;49.63;-1.62;10/09/2026;03:00;12.6;2;NUAGEUX;2;6.8;0
Cherbourg-Octeville;49.63;-1.62;10/09/2026;04:00;11.7;2;NUAGEUX;2;7.2;0
Cherbourg-Octeville;49.63;-1.62;10/09/2026;05:00;11.5;2;NUAGEUX;2;7.2;0
Cherbourg-Octeville;49.63;-1.62;10/09/2026;06:00;12.1;2;NUAGEUX;3;7.6;0
Cherbourg-Octeville;49.63;-1.62;10/09/2026;07:00;13;2;NUAGEUX;2;7.9;0
Cherbourg-Octeville;49.63;-1.62;10/09/2026;08:00;14.6;2;NUAGEUX;2;8.3;0
Cherbourg-Octeville;49.63;-1.62;10/09/2026;09:00;15.7;2;NUAGEUX;2;8.3;0
Cherbourg-Octeville;49.63;-1.62;10/09/2026;10:00;17.2;0;SOLEIL;2;6.8;0
Cherbourg-Octeville;49.63;-1.62;10/09/2026;11:00;18.5;0;SOLEIL;3;11.9;0
Cherbourg-Octeville;49.63;-1.62;10/09/2026;12:00;19.1;0;SOLEIL;3;16.6;0
Cherbourg-Octeville;49.63;-1.62;10/09/2026;13:00;19.7;0;SOLEIL;3;20.5;0
Cherbourg-Octeville;49.63;-1.62;10/09/2026;14:00;20.1;0;SOLEIL;2;20.5;0
Cherbourg-Octeville;49.63;-1.62;10/09/2026;15:00;20.2;0;SOLEIL;2;21.6;0
Cherbourg-Octeville;49.63;-1.62;10/09/2026;16:00;20.1;0;SOLEIL;2;21.2;0
Cherbourg-Octeville;49.63;-1.62;10/09/2026;17:00;19.4;5;SOLEIL VOILÉ;3;23.4;0
Cherbourg-Octeville;49.63;-1.62;10/09/2026;18:00;18.6;5;SOLEIL VOILÉ;2;23.0;0
Cherbourg-Octeville;49.63;-1.62;10/09/2026;19:00;18.6;5;SOLEIL VOILÉ;2;12.6;0
Cherbourg-Octeville;49.63;-1.62;10/09/2026;20:00;17.4;5;SOLEIL VOILÉ;2;11.2;0
Cherbourg-Octeville;49.63;-1.62;10/09/2026;21:00;16.7;5;SOLEIL VOILÉ;2;4.3;0
Cherbourg-Octeville;49.63;-1.62;10/09/2026;22:00;16.4;2;NUAGEUX;2;6.5;0
Cherbourg-Octeville;49.63;-1.62;10/09/2026;23:00;16.1;2;NUAGEUX;3;10.8;0
Cherbourg-Octeville;49.63;-1.62;11/09/2026;00:00;16.1;2;NUAGEUX;2;14.4;0
Cherbourg-Octeville;49.63;-1.62;11/09/2026;01:00;16.1;2;NUAGEUX;2;14.4;0
Cherbourg-Octeville;49.63;-1.62;11/09/2026;02:00;16.6;6;AVERSES;4;16.6;0
Cherbourg-Octeville;49.63;-1.62;11/09/2026;03:00;16.6;6;AVERSES;4;17.9;0
Cherbourg-Octeville;49.63;-1.62;11/09/2026;04:00;16.6;6;AVERSES;4;18.2;0
Cherbourg-Octeville;49.63;-1.62;11/09/2026;05:00;16.7;6;AVERSES;4;16.2;0
Cherbourg-Octeville;49.63;-1.62;11/09/2026;06:00;16.7;6;AVERSES;4;18.7;0
Cherbourg-Octeville;49.63;-1.62;11/09/2026;07:00;16.7;6;AVERSES;4;19.4;0
Cherbourg-Octeville;49.63;-1.62;11/09/2026;08:00;17.7;2;NUAGEUX;4;21.6;0
Cherbourg-Octeville;49.63;-1.62;11/09/2026;09:00;17.7;2;NUAGEUX;4;23.8;0
Cherbourg-Octeville;49.63;-1.62;11/09/2026;10:00;17.7;2;NUAGEUX;4;24.8;0
Cherbourg-Octeville;49.63;-1.62;11/09/2026;11:00;19.5;2;NUAGEUX;5;29.5;0
Cherbourg-Octeville;49.63;-1.62;11/09/2026;12:00;19.5;2;NUAGEUX;5;27.4;0
Cherbourg-Octeville;49.63;-1.62;11/09/2026;13:00;19.5;2;NUAGEUX;5;29.5;0
Cherbourg-Octeville;49.63;-1.62;11/09/2026;14:00;19.1;0;SOLEIL;5;32.0;0
Cherbourg-Octeville;49.63;-1.62;11/09/2026;15:00;19.1;0;SOLEIL;5;33.5;0
Cherbourg-Octeville;49.63;-1.62;11/09/2026;16:00;19.1;0;SOLEIL;5;32.4;0
Cherbourg-Octeville;49.63;-1.62;11/09/2026;17:00;17;0;SOLEIL;3;31.3;0
Cherbourg-Octeville;49.63;-1.62;11/09/2026;18:00;17;0;SOLEIL;3;27.7;0
Cherbourg-Octeville;49.63;-1.62;11/09/2026;19:00;17;0;SOLEIL;3;27.4;0
Cherbourg-Octeville;49.63;-1.62;11/09/2026;20:00;13.6;0;SOLEIL;2;25.6;0
Cherbourg-Octeville;49.63;-1.62;11/09/2026;21:00;13.6;0;SOLEIL;2;22.3;0
Cherbourg-Octeville;49.63;-1.62;11/09/2026;22:00;13.6;0;SOLEIL;2;13.7;0
Cherbourg-Octeville;49.63;-1.62;11/09/2026;23:00;11.7;0;SOLEIL;1;8.3;0
Cherbourg-Octeville;49.63;-1.62;12/09/2026;00:00;11.7;0;SOLEIL;1;5.4;0
Cherbourg-Octeville;49.63;-1.62;12/09/2026;01:00;11.7;0;SOLEIL;1;6.5;0
Cherbourg-Octeville;49.63;-1.62;12/09/2026;02:00;12.2;3;TRÈS NUAGEUX;1;6.8;0
Cherbourg-Octeville;49.63;-1.62;12/09/2026;03:00;12.2;3;TRÈS NUAGEUX;1;7.2;0
Cherbourg-Octeville;49.63;-1.62;12/09/2026;04:00;12.2;3;TRÈS NUAGEUX;1;7.2;0
Cherbourg-Octeville;49.63;-1.62;12/09/2026;05:00;12;3;TRÈS NUAGEUX;1;6.8;0
Cherbourg-Octeville;49.63;-1.62;12/09/2026;06:00;12;3;TRÈS NUAGEUX;1;6.1;0
Cherbourg-Octeville;49.63;-1.62;12/09/2026;07:00;12;3;TRÈS NUAGEUX;1;6.5;0
Cherbourg-Octeville;49.63;-1.62;12/09/2026;08:00;16.6;3;TRÈS NUAGEUX;1;7.2;0
Cherbourg-Octeville;49.63;-1.62;12/09/2026;09:00;16.6;3;TRÈS NUAGEUX;1;7.9;0
Cherbourg-Octeville;49.63;-1.62;12/09/2026;10:00;16.6;3;TRÈS NUAGEUX;1;8.6;0
Cherbourg-Octeville;49.63;-1.62;12/09/2026;11:00;20.1;0;SOLEIL;2;10.1;0
Cherbourg-Octeville;49.63;-1.62;12/09/2026;12:00;20.1;0;SOLEIL;2;12.2;0
Cherbourg-Octeville;49.63;-1.62;12/09/2026;13:00;20.1;0;SOLEIL;2;14.8;0
Cherbourg-Octeville;49.63;-1.62;12/09/2026;14:00;21.1;0;SOLEIL;2;16.6;0
Cherbourg-Octeville;49.63;-1.62;12/09/2026;15:00;21.1;0;SOLEIL;2;16.9;0
Cherbourg-Octeville;49.63;-1.62;12/09/2026;16:00;21.1;0;SOLEIL;2;16.6;0
Cherbourg-Octeville;49.63;-1.62;12/09/2026;17:00;17.9;0;SOLEIL;2;15.8;0
Cherbourg-Octeville;49.63;-1.62;12/09/2026;18:00;17.9;0;SOLEIL;2;15.5;0
Cherbourg-Octeville;49.63;-1.62;12/09/2026;19:00;17.9;0;SOLEIL;2;14.8;0
Cherbourg-Octeville;49.63;-1.62;12/09/2026;20:00;15.9;3;TRÈS NUAGEUX;5;13.7;0
Cherbourg-Octeville;49.63;-1.62;12/09/2026;21:00;14.7;3;TRÈS NUAGEUX;5;11.5;0
Cherbourg-Octeville;49.63;-1.62;12/09/2026;22:00;13.5;3;TRÈS NUAGEUX;5;9.4;0
Cherbourg-Octeville;49.63;-1.62;12/09/2026;23:00;15.2;2;NUAGEUX;0;7.6;0
Cherbourg-Octeville;49.63;-1.62;13/09/2026;00:00;15.2;2;NUAGEUX;0;7.2;0
Cherbourg-Octeville;49.63;-1.62;13/09/2026;01:00;15.2;2;NUAGEUX;0;7.6;0
Cherbourg-Octeville;49.63;-1.62;13/09/2026;02:00;13.4;6;AVERSES;5;7.9;0
Cherbourg-Octeville;49.63;-1.62;13/09/2026;03:00;13.4;6;AVERSES;5;7.9;0
Cherbourg-Octeville;49.63;-1.62;13/09/2026;04:00;13.4;6;AVERSES;5;7.9;0
Cherbourg-Octeville;49.63;-1.62;13/09/2026;05:00;14.1;2;NUAGEUX;3;7.9;0
Cherbourg-Octeville;49.63;-1.62;13/09/2026;06:00;14.1;2;NUAGEUX;3;7.9;0
Cherbourg-Octeville;49.63;-1.62;13/09/2026;07:00;14.1;2;NUAGEUX;3;8.3;0
Cherbourg-Octeville;49.63;-1.62;13/09/2026;08:00;15.3;6;AVERSES;5;8.6;0
Cherbourg-Octeville;49.63;-1.62;13/09/2026;09:00;16.3;6;AVERSES;5;9.4;0
Cherbourg-Octeville;49.63;-1.62;13/09/2026;10:00;17.3;6;AVERSES;5;10.4;0
Cherbourg-Octeville;49.63;-1.62;13/09/2026;11:00;20.1;7;PLUIE FAIBLE;5;11.5;0
Cherbourg-Octeville;49.63;-1.62;13/09/2026;12:00;20.1;7;PLUIE FAIBLE;5;12.6;0
Cherbourg-Octeville;49.63;-1.62;13/09/2026;13:00;20.1;7;PLUIE FAIBLE;5;13.7;0
Cherbourg-Octeville;49.63;-1.62;13/09/2026;14:00;21.1;6;AVERSES;5;15.5;0
Cherbourg-Octeville;49.63;-1.62;13/09/2026;15:00;22.1;6;AVERSES;5;18.4;0
Cherbourg-Octeville;49.63;-1.62;13/09/2026;16:00;21.1;6;AVERSES;5;21.2;0
Cherbourg-Octeville;49.63;-1.62;13/09/2026;17:00;19.1;6;AVERSES;3;23.0;0
Cherbourg-Octeville;49.63;-1.62;13/09/2026;18:00;19.1;6;AVERSES;3;22.7;0
Cherbourg-Octeville;49.63;-1.62;13/09/2026;19:00;19.1;6;AVERSES;3;20.9;0
Cherbourg-Octeville;49.63;-1.62;13/09/2026;20:00;17.3;6;AVERSES;5;18.4;0
Cherbourg-Octeville;49.63;-1.62;13/09/2026;21:00;16.3;6;AVERSES;5;14.0;0
Cherbourg-Octeville;49.63;-1.62;13/09/2026;22:00;15.3;6;AVERSES;5;8.3;0
Cherbourg-Octeville;49.63;-1.62;13/09/2026;23:00;15.5;0;SOLEIL;1;4.7;0
Cherbourg-Octeville;49.63;-1.62;14/09/2026;00:00;15.5;0;SOLEIL;1;4.1;0
Cherbourg-Octeville;49.63;-1.62;14/09/2026;01:00;15.5;0;SOLEIL;1;4.5;0
Cherbourg-Octeville;49.63;-1.62;14/09/2026;02:00;13.6;0;SOLEIL;5;4.0;0
Cherbourg-Octeville;49.63;-1.62;14/09/2026;03:00;13.6;0;SOLEIL;5;3.6;0
Cherbourg-Octeville;49.63;-1.62;14/09/2026;04:00;13.6;0;SOLEIL;5;5.0;0
Cherbourg-Octeville;49.63;-1.62;14/09/2026;05:00;14.1;6;AVERSES;1;6.1;0
Cherbourg-Octeville;49.63;-1.62;14/09/2026;06:00;14.1;6;AVERSES;1;6.8;0
Cherbourg-Octeville;49.63;-1.62;14/09/2026;07:00;14.1;6;AVERSES;1;7.2;0
Cherbourg-Octeville;49.63;-1.62;14/09/2026;08:00;15.8;0;SOLEIL;5;7.2;0
Cherbourg-Octeville;49.63;-1.62;14/09/2026;09:00;16.9;0;SOLEIL;5;6.8;0
Cherbourg-Octeville;49.63;-1.62;14/09/2026;10:00;18.0;0;SOLEIL;5;6.1;0
Cherbourg-Octeville;49.63;-1.62;14/09/2026;11:00;22.1;2;NUAGEUX;2;6.5;0
Cherbourg-Octeville;49.63;-1.62;14/09/2026;12:00;22.1;2;NUAGEUX;2;8.6;0
Cherbourg-Octeville;49.63;-1.62;14/09/2026;13:00;22.1;2;NUAGEUX;2;12.2;0
Cherbourg-Octeville;49.63;-1.62;14/09/2026;14:00;22.3;0;SOLEIL;5;15.1;0
Cherbourg-Octeville;49.63;-1.62;14/09/2026;15:00;23.4;0;SOLEIL;5;17.6;0
Cherbourg-Octeville;49.63;-1.62;14/09/2026;16:00;22.3;0;SOLEIL;5;19.8;0
Cherbourg-Octeville;49.63;-1.62;14/09/2026;17:00;21.5;0;SOLEIL;2;21.2;0
Cherbourg-Octeville;49.63;-1.62;14/09/2026;18:00;21.5;0;SOLEIL;2;22.3;0
Cherbourg-Octeville;49.63;-1.62;14/09/2026;19:00;21.5;0;SOLEIL;2;22.3;0
Cherbourg-Octeville;49.63;-1.62;14/09/2026;20:00;18.0;0;SOLEIL;5;20.5;0
Cherbourg-Octeville;49.63;-1.62;14/09/2026;21:00;16.9;0;SOLEIL;5;15.1;0
Cherbourg-Octeville;49.63;-1.62;14/09/2026;22:00;15.8;0;SOLEIL;5;7.9;0
Cherbourg-Octeville;49.63;-1.62;14/09/2026;23:00;16.5;0;SOLEIL;2;2.5;0
Coutances;49.05;-1.44;10/09/2026;00:00;11.5;5;SOLEIL VOILÉ;2;10.8;0
Coutances;49.05;-1.44;10/09/2026;01:00;11.4;5;SOLEIL VOILÉ;2;12.2;0
Coutances;49.05;-1.44;10/09/2026;02:00;13;5;SOLEIL VOILÉ;2;12.6;0
Coutances;49.05;-1.44;10/09/2026;03:00;12.1;5;SOLEIL VOILÉ;3;12.6;0
Coutances;49.05;-1.44;10/09/2026;04:00;12.5;5;SOLEIL VOILÉ;2;12.6;0
Coutances;49.05;-1.44;10/09/2026;05:00;12.4;5;SOLEIL VOILÉ;2;12.6;0
Coutances;49.05;-1.44;10/09/2026;06:00;11.6;5;SOLEIL VOILÉ;2;12.6;0
Coutances;49.05;-1.44;10/09/2026;07:00;13.9;5;SOLEIL VOILÉ;2;11.9;0
Coutances;49.05;-1.44;10/09/2026;08:00;16.1;2;NUAGEUX;2;11.5;0
Coutances;49.05;-1.44;10/09/2026;09:00;17.9;2;NUAGEUX;3;10.8;0
Coutances;49.05;-1.44;10/09/2026;10:00;19;2;NUAGEUX;3;10.1;0
Coutances;49.05;-1.44;10/09/2026;11:00;19.9;2;NUAGEUX;4;15.1;0
Coutances;49.05;-1.44;10/09/2026;12:00;20;2;NUAGEUX;4;24.1;0
Coutances;49.05;-1.44;10/09/2026;13:00;19.9;2;NUAGEUX;4;29.5;0
Coutances;49.05;-1.44;10/09/2026;14:00;19.6;2;NUAGEUX;4;29.5;0
Coutances;49.05;-1.44;10/09/2026;15:00;19.4;0;SOLEIL;4;32.4;0
Coutances;49.05;-1.44;10/09/2026;16:00;18.6;5;SOLEIL VOILÉ;4;34.2;0
Coutances;49.05;-1.44;10/09/2026;17:00;17.7;5;SOLEIL VOILÉ;3;34.2;0
Coutances;49.05;-1.44;10/09/2026;18:00;16.6;2;NUAGEUX;3;32.0;0
Coutances;49.05;-1.44;10/09/2026;19:00;16.5;5;SOLEIL VOILÉ;2;28.1;0
Coutances;49.05;-1.44;10/09/2026;20:00;16.4;2;NUAGEUX;2;20.2;0
Coutances;49.05;-1.44;10/09/2026;21:00;15.9;2;NUAGEUX;3;15.5;0
Coutances;49.05;-1.44;10/09/2026;22:00;16.6;6;AVERSES;3;17.3;0.1
Coutances;49.05;-1.44;10/09/2026;23:00;15.7;2;NUAGEUX;4;17.6;0
Coutances;49.05;-1.44;11/09/2026;00:00;16.1;2;NUAGEUX;3;20.9;0
Coutances;49.05;-1.44;11/09/2026;01:00;16.1;2;NUAGEUX;3;22.0;0
Coutances;49.05;-1.44;11/09/2026;02:00;16.9;6;AVERSES;7;29.9;0
Coutances;49.05;-1.44;11/09/2026;03:00;16.9;6;AVERSES;7;35.9;0
Coutances;49.05;-1.44;11/09/2026;04:00;16.9;6;AVERSES;7;36.7;0
Coutances;49.05;-1.44;11/09/2026;05:00;17.9;2;NUAGEUX;6;29.5;0
Coutances;49.05;-1.44;11/09/2026;06:00;17.9;2;NUAGEUX;6;25.2;0
Coutances;49.05;-1.44;11/09/2026;07:00;17.9;2;NUAGEUX;6;16.2;0
Coutances;49.05;-1.44;11/09/2026;08:00;19.1;0;SOLEIL;6;22.7;0
Coutances;49.05;-1.44;11/09/2026;09:00;19.1;0;SOLEIL;6;23.4;0
Coutances;49.05;-1.44;11/09/2026;10:00;19.1;0;SOLEIL;6;25.9;0
Coutances;49.05;-1.44;11/09/2026;11:00;21;0;SOLEIL;6;29.2;0
Coutances;49.05;-1.44;11/09/2026;12:00;21;0;SOLEIL;6;32.0;0
Coutances;49.05;-1.44;11/09/2026;13:00;21;0;SOLEIL;6;35.3;0
Coutances;49.05;-1.44;11/09/2026;14:00;20.7;0;SOLEIL;5;38.2;0
Coutances;49.05;-1.44;11/09/2026;15:00;20.7;0;SOLEIL;5;38.5;0
Coutances;49.05;-1.44;11/09/2026;16:00;20.7;0;SOLEIL;5;37.1;0
Coutances;49.05;-1.44;11/09/2026;17:00;18.6;0;SOLEIL;4;34.6;0
Coutances;49.05;-1.44;11/09/2026;18:00;18.6;0;SOLEIL;4;30.2;0
Coutances;49.05;-1.44;11/09/2026;19:00;18.6;0;SOLEIL;4;29.5;0
Coutances;49.05;-1.44;11/09/2026;20:00;15.6;0;SOLEIL;4;25.6;0
Coutances;49.05;-1.44;11/09/2026;21:00;15.6;0;SOLEIL;4;19.1;0
Coutances;49.05;-1.44;11/09/2026;22:00;15.6;0;SOLEIL;4;15.1;0
Coutances;49.05;-1.44;11/09/2026;23:00;14.1;0;SOLEIL;3;13.0;0
Coutances;49.05;-1.44;12/09/2026;00:00;14.1;0;SOLEIL;3;11.9;0
Coutances;49.05;-1.44;12/09/2026;01:00;14.1;0;SOLEIL;3;11.2;0
Coutances;49.05;-1.44;12/09/2026;02:00;13.2;0;SOLEIL;1;10.8;0
Coutances;49.05;-1.44;12/09/2026;03:00;13.2;0;SOLEIL;1;10.4;0
Coutances;49.05;-1.44;12/09/2026;04:00;13.2;0;SOLEIL;1;10.8;0
Coutances;49.05;-1.44;12/09/2026;05:00;12.4;0;SOLEIL;2;11.5;0
Coutances;49.05;-1.44;12/09/2026;06:00;12.4;0;SOLEIL;2;12.6;0
Coutances;49.05;-1.44;12/09/2026;07:00;12.4;0;SOLEIL;2;13.3;0
Coutances;49.05;-1.44;12/09/2026;08:00;18.6;0;SOLEIL;3;12.6;0
Coutances;49.05;-1.44;12/09/2026;09:00;18.6;0;SOLEIL;3;16.9;0
Coutances;49.05;-1.44;12/09/2026;10:00;18.6;0;SOLEIL;3;23.0;0
Coutances;49.05;-1.44;12/09/2026;11:00;21.2;0;SOLEIL;5;28.1;0
Coutances;49.05;-1.44;12/09/2026;12:00;21.2;0;SOLEIL;5;31.3;0
Coutances;49.05;-1.44;12/09/2026;13:00;21.2;0;SOLEIL;5;33.5;0
Coutances;49.05;-1.44;12/09/2026;14:00;21.2;0;SOLEIL;6;35.3;0
Coutances;49.05;-1.44;12/09/2026;15:00;21.2;0;SOLEIL;6;36.4;0
Coutances;49.05;-1.44;12/09/2026;16:00;21.2;0;SOLEIL;6;37.1;0
Coutances;49.05;-1.44;12/09/2026;17:00;18.1;0;SOLEIL;5;36.7;0
Coutances;49.05;-1.44;12/09/2026;18:00;18.1;0;SOLEIL;5;35.3;0
Coutances;49.05;-1.44;12/09/2026;19:00;18.1;0;SOLEIL;5;32.8;0
Coutances;49.05;-1.44;12/09/2026;20:00;16.6;0;SOLEIL;5;29.5;0
Coutances;49.05;-1.44;12/09/2026;21:00;15.5;0;SOLEIL;5;25.2;0
Coutances;49.05;-1.44;12/09/2026;22:00;14.4;0;SOLEIL;5;19.8;0
Coutances;49.05;-1.44;12/09/2026;23:00;12.5;2;NUAGEUX;7;16.6;0
Coutances;49.05;-1.44;13/09/2026;00:00;12.5;2;NUAGEUX;7;16.2;0
Coutances;49.05;-1.44;13/09/2026;01:00;12.5;2;NUAGEUX;7;17.3;0
Coutances;49.05;-1.44;13/09/2026;02:00;15.4;0;SOLEIL;5;18.7;0
Coutances;49.05;-1.44;13/09/2026;03:00;15.4;0;SOLEIL;5;20.5;0
Coutances;49.05;-1.44;13/09/2026;04:00;15.4;0;SOLEIL;5;23.0;0
Coutances;49.05;-1.44;13/09/2026;05:00;17.4;6;AVERSES;7;24.5;0
Coutances;49.05;-1.44;13/09/2026;06:00;17.4;6;AVERSES;7;24.1;0
Coutances;49.05;-1.44;13/09/2026;07:00;17.4;6;AVERSES;7;22.7;0
Coutances;49.05;-1.44;13/09/2026;08:00;16.6;0;SOLEIL;5;22.7;0
Coutances;49.05;-1.44;13/09/2026;09:00;17.3;0;SOLEIL;5;24.8;0
Coutances;49.05;-1.44;13/09/2026;10:00;17.9;0;SOLEIL;5;28.1;0
Coutances;49.05;-1.44;13/09/2026;11:00;20.2;7;PLUIE FAIBLE;7;31.3;0
Coutances;49.05;-1.44;13/09/2026;12:00;20.2;7;PLUIE FAIBLE;7;33.8;0
Coutances;49.05;-1.44;13/09/2026;13:00;20.2;7;PLUIE FAIBLE;7;36.4;0
Coutances;49.05;-1.44;13/09/2026;14:00;20.4;0;SOLEIL;5;37.8;0
Coutances;49.05;-1.44;13/09/2026;15:00;21.0;0;SOLEIL;5;38.2;0
Coutances;49.05;-1.44;13/09/2026;16:00;20.4;0;SOLEIL;5;37.4;0
Coutances;49.05;-1.44;13/09/2026;17:00;18.6;0;SOLEIL;6;35.6;0
Coutances;49.05;-1.44;13/09/2026;18:00;18.6;0;SOLEIL;6;32.8;0
Coutances;49.05;-1.44;13/09/2026;19:00;18.6;0;SOLEIL;6;29.2;0
Coutances;49.05;-1.44;13/09/2026;20:00;17.9;0;SOLEIL;5;25.6;0
Coutances;49.05;-1.44;13/09/2026;21:00;17.3;0;SOLEIL;5;22.7;0
Coutances;49.05;-1.44;13/09/2026;22:00;16.6;0;SOLEIL;5;19.8;0
Coutances;49.05;-1.44;13/09/2026;23:00;15.4;0;SOLEIL;4;18.0;0
Coutances;49.05;-1.44;14/09/2026;00:00;15.4;0;SOLEIL;4;17.2;0
Coutances;49.05;-1.44;14/09/2026;01:00;15.4;0;SOLEIL;4;16.9;0
Coutances;49.05;-1.44;14/09/2026;02:00;13.6;2;NUAGEUX;5;16.7;0
Coutances;49.05;-1.44;14/09/2026;03:00;13.6;2;NUAGEUX;5;16.6;0
Coutances;49.05;-1.44;14/09/2026;04:00;13.6;2;NUAGEUX;5;16.9;0
Coutances;49.05;-1.44;14/09/2026;05:00;14.6;2;NUAGEUX;3;17.6;0
Coutances;49.05;-1.44;14/09/2026;06:00;14.6;2;NUAGEUX;3;18.0;0
Coutances;49.05;-1.44;14/09/2026;07:00;14.6;2;NUAGEUX;3;18.7;0
Coutances;49.05;-1.44;14/09/2026;08:00;15.4;2;NUAGEUX;5;19.8;0
Coutances;49.05;-1.44;14/09/2026;09:00;16.2;2;NUAGEUX;5;22.0;0
Coutances;49.05;-1.44;14/09/2026;10:00;17.1;2;NUAGEUX;5;24.8;0
Coutances;49.05;-1.44;14/09/2026;11:00;21.1;2;NUAGEUX;5;27.4;0
Coutances;49.05;-1.44;14/09/2026;12:00;21.1;2;NUAGEUX;5;29.5;0
Coutances;49.05;-1.44;14/09/2026;13:00;21.1;2;NUAGEUX;5;31.0;0
Coutances;49.05;-1.44;14/09/2026;14:00;20.6;2;NUAGEUX;5;32.4;0
Coutances;49.05;-1.44;14/09/2026;15:00;21.5;2;NUAGEUX;5;33.5;0
Coutances;49.05;-1.44;14/09/2026;16:00;20.6;2;NUAGEUX;5;34.6;0
Coutances;49.05;-1.44;14/09/2026;17:00;19.1;0;SOLEIL;4;33.8;0
Coutances;49.05;-1.44;14/09/2026;18:00;19.1;0;SOLEIL;4;31.0;0
Coutances;49.05;-1.44;14/09/2026;19:00;19.1;0;SOLEIL;4;26.3;0
Coutances;49.05;-1.44;14/09/2026;20:00;17.1;2;NUAGEUX;5;22.7;0
Coutances;49.05;-1.44;14/09/2026;21:00;16.2;2;NUAGEUX;5;20.2;0
Coutances;49.05;-1.44;14/09/2026;22:00;15.4;2;NUAGEUX;5;18.7;0
Coutances;49.05;-1.44;14/09/2026;23:00;16.4;0;SOLEIL;5;18.4;0
Saint-Lô;49.11;-1.09;10/09/2026;00:00;12.1;2;NUAGEUX;1;0.7;0
Saint-Lô;49.11;-1.09;10/09/2026;01:00;12.6;2;NUAGEUX;1;1.4;0
Saint-Lô;49.11;-1.09;10/09/2026;02:00;12.4;2;NUAGEUX;1;2.2;0
Saint-Lô;49.11;-1.09;10/09/2026;03:00;12.4;2;NUAGEUX;1;2.2;0
Saint-Lô;49.11;-1.09;10/09/2026;04:00;12.1;2;NUAGEUX;1;2.9;0
Saint-Lô;49.11;-1.09;10/09/2026;05:00;12;2;NUAGEUX;1;4.7;0
Saint-Lô;49.11;-1.09;10/09/2026;06:00;12.6;2;NUAGEUX;1;5.8;0
Saint-Lô;49.11;-1.09;10/09/2026;07:00;13.4;2;NUAGEUX;1;5.8;0
Saint-Lô;49.11;-1.09;10/09/2026;08:00;15;2;NUAGEUX;1;6.5;0
Saint-Lô;49.11;-1.09;10/09/2026;09:00;16;2;NUAGEUX;3;7.2;0
Saint-Lô;49.11;-1.09;10/09/2026;10:00;18;2;NUAGEUX;3;13.7;0
Saint-Lô;49.11;-1.09;10/09/2026;11:00;18.2;2;NUAGEUX;4;21.2;0
Saint-Lô;49.11;-1.09;10/09/2026;12:00;18.7;2;NUAGEUX;4;23.8;0
Saint-Lô;49.11;-1.09;10/09/2026;13:00;19.4;0;SOLEIL;4;24.1;0
Saint-Lô;49.11;-1.09;10/09/2026;14:00;20;0;SOLEIL;3;23.8;0
Saint-Lô;49.11;-1.09;10/09/2026;15:00;20.2;0;SOLEIL;3;24.8;0
Saint-Lô;49.11;-1.09;10/09/2026;16:00;20;0;SOLEIL;3;24.8;0
Saint-Lô;49.11;-1.09;10/09/2026;17:00;19.5;5;SOLEIL VOILÉ;2;20.5;0
Saint-Lô;49.11;-1.09;10/09/2026;18:00;18.6;5;SOLEIL VOILÉ;1;19.4;0
Saint-Lô;49.11;-1.09;10/09/2026;19:00;16.7;5;SOLEIL VOILÉ;1;13.0;0
Saint-Lô;49.11;-1.09;10/09/2026;20:00;16.1;5;SOLEIL VOILÉ;1;8.6;0
Saint-Lô;49.11;-1.09;10/09/2026;21:00;17.1;2;NUAGEUX;1;3.6;0
Saint-Lô;49.11;-1.09;10/09/2026;22:00;18;2;NUAGEUX;1;5.4;0
Saint-Lô;49.11;-1.09;10/09/2026;23:00;17.9;2;NUAGEUX;4;6.1;0
Saint-Lô;49.11;-1.09;11/09/2026;00:00;17.5;2;NUAGEUX;3;12.2;0
Saint-Lô;49.11;-1.09;11/09/2026;01:00;17.5;2;NUAGEUX;3;17.3;0
Saint-Lô;49.11;-1.09;11/09/2026;02:00;16.6;6;AVERSES;5;21.2;0
Saint-Lô;49.11;-1.09;11/09/2026;03:00;16.6;6;AVERSES;5;22.6;0
Saint-Lô;49.11;-1.09;11/09/2026;04:00;16.6;6;AVERSES;5;25.0;0
Saint-Lô;49.11;-1.09;11/09/2026;05:00;16.6;6;AVERSES;4;26.2;0
Saint-Lô;49.11;-1.09;11/09/2026;06:00;16.6;6;AVERSES;4;27.0;0
Saint-Lô;49.11;-1.09;11/09/2026;07:00;16.6;6;AVERSES;4;26.6;0
Saint-Lô;49.11;-1.09;11/09/2026;08:00;18.6;2;NUAGEUX;4;26.6;0
Saint-Lô;49.11;-1.09;11/09/2026;09:00;18.6;2;NUAGEUX;4;24.1;0
Saint-Lô;49.11;-1.09;11/09/2026;10:00;18.6;2;NUAGEUX;4;26.3;0
Saint-Lô;49.11;-1.09;11/09/2026;11:00;20.2;0;SOLEIL;5;23.8;0
Saint-Lô;49.11;-1.09;11/09/2026;12:00;20.2;0;SOLEIL;5;31.7;0
Saint-Lô;49.11;-1.09;11/09/2026;13:00;20.2;0;SOLEIL;5;31.0;0
Saint-Lô;49.11;-1.09;11/09/2026;14:00;19.9;0;SOLEIL;5;31.7;0
Saint-Lô;49.11;-1.09;11/09/2026;15:00;19.9;0;SOLEIL;5;32.0;0
Saint-Lô;49.11;-1.09;11/09/2026;16:00;19.9;0;SOLEIL;5;31.3;0
Saint-Lô;49.11;-1.09;11/09/2026;17:00;17.7;0;SOLEIL;3;30.2;0
Saint-Lô;49.11;-1.09;11/09/2026;18:00;17.7;0;SOLEIL;3;28.8;0
Saint-Lô;49.11;-1.09;11/09/2026;19:00;17.7;0;SOLEIL;3;28.4;0
Saint-Lô;49.11;-1.09;11/09/2026;20:00;14.7;0;SOLEIL;2;25.6;0
Saint-Lô;49.11;-1.09;11/09/2026;21:00;14.7;0;SOLEIL;2;19.4;0
Saint-Lô;49.11;-1.09;11/09/2026;22:00;14.7;0;SOLEIL;2;11.9;0
Saint-Lô;49.11;-1.09;11/09/2026;23:00;13.2;0;SOLEIL;0;5.4;0
Saint-Lô;49.11;-1.09;12/09/2026;00:00;13.2;0;SOLEIL;0;5.8;0
Saint-Lô;49.11;-1.09;12/09/2026;01:00;13.2;0;SOLEIL;0;3.6;0
Saint-Lô;49.11;-1.09;12/09/2026;02:00;11.5;0;SOLEIL;1;3.6;0
Saint-Lô;49.11;-1.09;12/09/2026;03:00;11.5;0;SOLEIL;1;3.6;0
Saint-Lô;49.11;-1.09;12/09/2026;04:00;11.5;0;SOLEIL;1;4.3;0
Saint-Lô;49.11;-1.09;12/09/2026;05:00;11.5;3;TRÈS NUAGEUX;2;5.4;0
Saint-Lô;49.11;-1.09;12/09/2026;06:00;11.5;3;TRÈS NUAGEUX;2;6.1;0
Saint-Lô;49.11;-1.09;12/09/2026;07:00;11.5;3;TRÈS NUAGEUX;2;6.8;0
Saint-Lô;49.11;-1.09;12/09/2026;08:00;17.9;3;TRÈS NUAGEUX;2;6.5;0
Saint-Lô;49.11;-1.09;12/09/2026;09:00;17.9;3;TRÈS NUAGEUX;2;8.6;0
Saint-Lô;49.11;-1.09;12/09/2026;10:00;17.9;3;TRÈS NUAGEUX;2;11.9;0
Saint-Lô;49.11;-1.09;12/09/2026;11:00;20.6;0;SOLEIL;3;15.5;0
Saint-Lô;49.11;-1.09;12/09/2026;12:00;20.6;0;SOLEIL;3;20.5;0
Saint-Lô;49.11;-1.09;12/09/2026;13:00;20.6;0;SOLEIL;3;25.9;0
Saint-Lô;49.11;-1.09;12/09/2026;14:00;20.7;0;SOLEIL;3;29.5;0
Saint-Lô;49.11;-1.09;12/09/2026;15:00;20.7;0;SOLEIL;3;29.2;0
Saint-Lô;49.11;-1.09;12/09/2026;16:00;20.7;0;SOLEIL;3;27.0;0
Saint-Lô;49.11;-1.09;12/09/2026;17:00;18.2;0;SOLEIL;2;24.5;0
Saint-Lô;49.11;-1.09;12/09/2026;18:00;18.2;0;SOLEIL;2;22.3;0
Saint-Lô;49.11;-1.09;12/09/2026;19:00;18.2;0;SOLEIL;2;20.2;0
Saint-Lô;49.11;-1.09;12/09/2026;20:00;15.7;0;SOLEIL;5;17.3;0
Saint-Lô;49.11;-1.09;12/09/2026;21:00;14.5;0;SOLEIL;5;13.0;0
Saint-Lô;49.11;-1.09;12/09/2026;22:00;13.3;0;SOLEIL;5;8.3;0
Saint-Lô;49.11;-1.09;12/09/2026;23:00;14.1;2;NUAGEUX;3;5.0;0
Saint-Lô;49.11;-1.09;13/09/2026;00:00;14.1;2;NUAGEUX;3;4.7;0
Saint-Lô;49.11;-1.09;13/09/2026;01:00;14.1;2;NUAGEUX;3;5.4;0
Saint-Lô;49.11;-1.09;13/09/2026;02:00;14.4;7;PLUIE FAIBLE;5;6.5;0
Saint-Lô;49.11;-1.09;13/09/2026;03:00;14.4;7;PLUIE FAIBLE;5;7.2;0
Saint-Lô;49.11;-1.09;13/09/2026;04:00;14.4;7;PLUIE FAIBLE;5;7.6;0
Saint-Lô;49.11;-1.09;13/09/2026;05:00;16;7;PLUIE FAIBLE;4;7.9;0
Saint-Lô;49.11;-1.09;13/09/2026;06:00;16;7;PLUIE FAIBLE;4;7.2;0
Saint-Lô;49.11;-1.09;13/09/2026;07:00;16;7;PLUIE FAIBLE;4;6.1;0
Saint-Lô;49.11;-1.09;13/09/2026;08:00;16.0;7;PLUIE FAIBLE;5;6.5;0
Saint-Lô;49.11;-1.09;13/09/2026;09:00;16.8;7;PLUIE FAIBLE;5;9.4;0
Saint-Lô;49.11;-1.09;13/09/2026;10:00;17.6;7;PLUIE FAIBLE;5;14.0;0
Saint-Lô;49.11;-1.09;13/09/2026;11:00;20.1;7;PLUIE FAIBLE;5;18.0;0
Saint-Lô;49.11;-1.09;13/09/2026;12:00;20.1;7;PLUIE FAIBLE;5;20.9;0
Saint-Lô;49.11;-1.09;13/09/2026;13:00;20.1;7;PLUIE FAIBLE;5;23.4;0
Saint-Lô;49.11;-1.09;13/09/2026;14:00;20.7;7;PLUIE FAIBLE;5;25.6;0
Saint-Lô;49.11;-1.09;13/09/2026;15:00;21.5;7;PLUIE FAIBLE;5;27.4;0
Saint-Lô;49.11;-1.09;13/09/2026;16:00;20.7;7;PLUIE FAIBLE;5;28.8;0
Saint-Lô;49.11;-1.09;13/09/2026;17:00;18.9;6;AVERSES;3;28.4;0
Saint-Lô;49.11;-1.09;13/09/2026;18:00;18.9;6;AVERSES;3;25.6;0
Saint-Lô;49.11;-1.09;13/09/2026;19:00;18.9;6;AVERSES;3;21.2;0
Saint-Lô;49.11;-1.09;13/09/2026;20:00;17.6;7;PLUIE FAIBLE;5;16.6;0
Saint-Lô;49.11;-1.09;13/09/2026;21:00;16.8;7;PLUIE FAIBLE;5;12.2;0
Saint-Lô;49.11;-1.09;13/09/2026;22:00;16.0;7;PLUIE FAIBLE;5;7.6;0
Saint-Lô;49.11;-1.09;13/09/2026;23:00;15.4;0;SOLEIL;2;4.7;0
Saint-Lô;49.11;-1.09;14/09/2026;00:00;15.4;0;SOLEIL;2;4.2;0
Saint-Lô;49.11;-1.09;14/09/2026;01:00;15.4;0;SOLEIL;2;5.6;0
Saint-Lô;49.11;-1.09;14/09/2026;02:00;13.2;0;SOLEIL;5;6.6;0
Saint-Lô;49.11;-1.09;14/09/2026;03:00;13.2;0;SOLEIL;5;6.5;0
Saint-Lô;49.11;-1.09;14/09/2026;04:00;13.2;0;SOLEIL;5;6.1;0
Saint-Lô;49.11;-1.09;14/09/2026;05:00;14.1;6;AVERSES;2;5.8;0
Saint-Lô;49.11;-1.09;14/09/2026;06:00;14.1;6;AVERSES;2;5.8;0
Saint-Lô;49.11;-1.09;14/09/2026;07:00;14.1;6;AVERSES;2;6.1;0
Saint-Lô;49.11;-1.09;14/09/2026;08:00;15.2;0;SOLEIL;5;7.2;0
Saint-Lô;49.11;-1.09;14/09/2026;09:00;16.3;0;SOLEIL;5;9.4;0
Saint-Lô;49.11;-1.09;14/09/2026;10:00;17.3;0;SOLEIL;5;12.6;0
Saint-Lô;49.11;-1.09;14/09/2026;11:00;21.6;2;NUAGEUX;3;15.1;0
Saint-Lô;49.11;-1.09;14/09/2026;12:00;21.6;2;NUAGEUX;3;16.9;0
Saint-Lô;49.11;-1.09;14/09/2026;13:00;21.6;2;NUAGEUX;3;18.7;0
Saint-Lô;49.11;-1.09;14/09/2026;14:00;21.4;0;SOLEIL;5;20.2;0
Saint-Lô;49.11;-1.09;14/09/2026;15:00;22.4;0;SOLEIL;5;22.0;0
Saint-Lô;49.11;-1.09;14/09/2026;16:00;21.4;0;SOLEIL;5;23.4;0
Saint-Lô;49.11;-1.09;14/09/2026;17:00;20.4;0;SOLEIL;2;23.4;0
Saint-Lô;49.11;-1.09;14/09/2026;18:00;20.4;0;SOLEIL;2;20.2;0
Saint-Lô;49.11;-1.09;14/09/2026;19:00;20.4;0;SOLEIL;2;15.5;0
Saint-Lô;49.11;-1.09;14/09/2026;20:00;17.3;0;SOLEIL;5;11.2;0
Saint-Lô;49.11;-1.09;14/09/2026;21:00;16.3;0;SOLEIL;5;7.9;0
Saint-Lô;49.11;-1.09;14/09/2026;22:00;15.2;0;SOLEIL;5;4.7;0
Saint-Lô;49.11;-1.09;14/09/2026;23:00;16.1;0;SOLEIL;2;3.6;0
Alençon;48.43;0.09;10/09/2026;00:00;11.2;0;SOLEIL;1;4.3;0
Alençon;48.43;0.09;10/09/2026;01:00;11.6;5;SOLEIL VOILÉ;1;4.7;0
Alençon;48.43;0.09;10/09/2026;02:00;12;5;SOLEIL VOILÉ;1;6.5;0
Alençon;48.43;0.09;10/09/2026;03:00;11.7;5;SOLEIL VOILÉ;1;6.5;0
Alençon;48.43;0.09;10/09/2026;04:00;11;5;SOLEIL VOILÉ;1;6.8;0
Alençon;48.43;0.09;10/09/2026;05:00;10.6;2;NUAGEUX;2;6.5;0
Alençon;48.43;0.09;10/09/2026;06:00;11;2;NUAGEUX;2;6.5;0
Alençon;48.43;0.09;10/09/2026;07:00;12.6;2;NUAGEUX;2;6.8;0
Alençon;48.43;0.09;10/09/2026;08:00;15;2;NUAGEUX;2;7.6;0
Alençon;48.43;0.09;10/09/2026;09:00;17.1;2;NUAGEUX;2;7.9;0
Alençon;48.43;0.09;10/09/2026;10:00;16.6;2;NUAGEUX;3;11.9;0
Alençon;48.43;0.09;10/09/2026;11:00;18;2;NUAGEUX;3;20.5;0
Alençon;48.43;0.09;10/09/2026;12:00;19;2;NUAGEUX;4;25.6;0
Alençon;48.43;0.09;10/09/2026;13:00;19.5;2;NUAGEUX;4;27.0;0
Alençon;48.43;0.09;10/09/2026;14:00;20.1;0;SOLEIL;3;27.4;0
Alençon;48.43;0.09;10/09/2026;15:00;20.2;0;SOLEIL;3;27.4;0
Alençon;48.43;0.09;10/09/2026;16:00;19.6;0;SOLEIL;3;28.1;0
Alençon;48.43;0.09;10/09/2026;17:00;19.1;5;SOLEIL VOILÉ;3;28.8;0
Alençon;48.43;0.09;10/09/2026;18:00;17.6;5;SOLEIL VOILÉ;1;29.5;0
Alençon;48.43;0.09;10/09/2026;19:00;16.5;5;SOLEIL VOILÉ;0;23.4;0
Alençon;48.43;0.09;10/09/2026;20:00;15.6;5;SOLEIL VOILÉ;1;16.6;0
Alençon;48.43;0.09;10/09/2026;21:00;15.7;5;SOLEIL VOILÉ;1;6.5;0
Alençon;48.43;0.09;10/09/2026;22:00;15.9;2;NUAGEUX;2;6.8;0
Alençon;48.43;0.09;10/09/2026;23:00;15.6;2;NUAGEUX;2;6.5;0
Alençon;48.43;0.09;11/09/2026;00:00;15.4;2;NUAGEUX;2;7.9;0
Alençon;48.43;0.09;11/09/2026;01:00;15.4;2;NUAGEUX;2;14.0;0
Alençon;48.43;0.09;11/09/2026;02:00;15.6;6;AVERSES;5;18.7;0
Alençon;48.43;0.09;11/09/2026;03:00;15.6;6;AVERSES;5;20.7;0
Alençon;48.43;0.09;11/09/2026;04:00;15.6;6;AVERSES;5;22.3;0
Alençon;48.43;0.09;11/09/2026;05:00;15.6;2;NUAGEUX;3;23.1;0
Alençon;48.43;0.09;11/09/2026;06:00;15.6;2;NUAGEUX;3;25.6;0
Alençon;48.43;0.09;11/09/2026;07:00;15.6;2;NUAGEUX;3;29.9;0
Alençon;48.43;0.09;11/09/2026;08:00;19;2;NUAGEUX;4;29.9;0
Alençon;48.43;0.09;11/09/2026;09:00;19;2;NUAGEUX;4;26.6;0
Alençon;48.43;0.09;11/09/2026;10:00;19;2;NUAGEUX;4;27.0;0
Alençon;48.43;0.09;11/09/2026;11:00;21.5;2;NUAGEUX;4;27.0;0
Alençon;48.43;0.09;11/09/2026;12:00;21.5;2;NUAGEUX;4;24.1;0
Alençon;48.43;0.09;11/09/2026;13:00;21.5;2;NUAGEUX;4;27.0;0
Alençon;48.43;0.09;11/09/2026;14:00;20.6;2;NUAGEUX;4;32.0;0
Alençon;48.43;0.09;11/09/2026;15:00;20.6;2;NUAGEUX;4;32.4;0
Alençon;48.43;0.09;11/09/2026;16:00;20.6;2;NUAGEUX;4;30.6;0
Alençon;48.43;0.09;11/09/2026;17:00;17.6;0;SOLEIL;4;28.8;0
Alençon;48.43;0.09;11/09/2026;18:00;17.6;0;SOLEIL;4;26.3;0
Alençon;48.43;0.09;11/09/2026;19:00;17.6;0;SOLEIL;4;23.4;0
Alençon;48.43;0.09;11/09/2026;20:00;13.9;0;SOLEIL;2;24.1;0
Alençon;48.43;0.09;11/09/2026;21:00;13.9;0;SOLEIL;2;19.8;0
Alençon;48.43;0.09;11/09/2026;22:00;13.9;0;SOLEIL;2;14.0;0
Alençon;48.43;0.09;11/09/2026;23:00;11.9;0;SOLEIL;1;7.6;0
Alençon;48.43;0.09;12/09/2026;00:00;11.9;0;SOLEIL;1;6.1;0
Alençon;48.43;0.09;12/09/2026;01:00;11.9;0;SOLEIL;1;5.8;0
Alençon;48.43;0.09;12/09/2026;02:00;10.6;3;TRÈS NUAGEUX;1;5.8;0
Alençon;48.43;0.09;12/09/2026;03:00;10.6;3;TRÈS NUAGEUX;1;6.1;0
Alençon;48.43;0.09;12/09/2026;04:00;10.6;3;TRÈS NUAGEUX;1;6.5;0
Alençon;48.43;0.09;12/09/2026;05:00;10.6;3;TRÈS NUAGEUX;2;6.5;0
Alençon;48.43;0.09;12/09/2026;06:00;10.6;3;TRÈS NUAGEUX;2;7.6;0
Alençon;48.43;0.09;12/09/2026;07:00;10.6;3;TRÈS NUAGEUX;2;7.6;0
Alençon;48.43;0.09;12/09/2026;08:00;17.1;3;TRÈS NUAGEUX;2;7.2;0
Alençon;48.43;0.09;12/09/2026;09:00;17.1;3;TRÈS NUAGEUX;2;9.4;0
Alençon;48.43;0.09;12/09/2026;10:00;17.1;3;TRÈS NUAGEUX;2;12.6;0
Alençon;48.43;0.09;12/09/2026;11:00;21;2;NUAGEUX;3;15.8;0
Alençon;48.43;0.09;12/09/2026;12:00;21;2;NUAGEUX;3;19.4;0
Alençon;48.43;0.09;12/09/2026;13:00;21;2;NUAGEUX;3;23.0;0
Alençon;48.43;0.09;12/09/2026;14:00;21.9;0;SOLEIL;3;25.6;0
Alençon;48.43;0.09;12/09/2026;15:00;21.9;0;SOLEIL;3;26.3;0
Alençon;48.43;0.09;12/09/2026;16:00;21.9;0;SOLEIL;3;25.6;0
Alençon;48.43;0.09;12/09/2026;17:00;18.6;0;SOLEIL;2;24.5;0
Alençon;48.43;0.09;12/09/2026;18:00;18.6;0;SOLEIL;2;23.0;0
Alençon;48.43;0.09;12/09/2026;19:00;18.6;0;SOLEIL;2;21.2;0
Alençon;48.43;0.09;12/09/2026;20:00;15.4;3;TRÈS NUAGEUX;5;18.4;0
Alençon;48.43;0.09;12/09/2026;21:00;14.0;3;TRÈS NUAGEUX;5;14.0;0
Alençon;48.43;0.09;12/09/2026;22:00;12.5;3;TRÈS NUAGEUX;5;9.0;0
Alençon;48.43;0.09;12/09/2026;23:00;12.6;2;NUAGEUX;2;5.4;0
Alençon;48.43;0.09;13/09/2026;00:00;12.6;2;NUAGEUX;2;4.7;0
Alençon;48.43;0.09;13/09/2026;01:00;12.6;2;NUAGEUX;2;5.4;0
Alençon;48.43;0.09;13/09/2026;02:00;13.1;7;PLUIE FAIBLE;5;6.1;0
Alençon;48.43;0.09;13/09/2026;03:00;13.1;7;PLUIE FAIBLE;5;6.8;0
Alençon;48.43;0.09;13/09/2026;04:00;13.1;7;PLUIE FAIBLE;5;7.9;0
Alençon;48.43;0.09;13/09/2026;05:00;15.1;7;PLUIE FAIBLE;4;8.3;0
Alençon;48.43;0.09;13/09/2026;06:00;15.1;7;PLUIE FAIBLE;4;7.9;0
Alençon;48.43;0.09;13/09/2026;07:00;15.1;7;PLUIE FAIBLE;4;7.2;0
Alençon;48.43;0.09;13/09/2026;08:00;15.1;7;PLUIE FAIBLE;5;7.2;0
Alençon;48.43;0.09;13/09/2026;09:00;16.1;7;PLUIE FAIBLE;5;7.6;0
Alençon;48.43;0.09;13/09/2026;10:00;17.1;7;PLUIE FAIBLE;5;8.3;0
Alençon;48.43;0.09;13/09/2026;11:00;20.9;7;PLUIE FAIBLE;5;10.4;0
Alençon;48.43;0.09;13/09/2026;12:00;20.9;7;PLUIE FAIBLE;5;15.5;0
Alençon;48.43;0.09;13/09/2026;13:00;20.9;7;PLUIE FAIBLE;5;21.6;0
Alençon;48.43;0.09;13/09/2026;14:00;21.2;7;PLUIE FAIBLE;5;26.3;0
Alençon;48.43;0.09;13/09/2026;15:00;22.2;7;PLUIE FAIBLE;5;28.4;0
Alençon;48.43;0.09;13/09/2026;16:00;21.2;7;PLUIE FAIBLE;5;28.8;0
Alençon;48.43;0.09;13/09/2026;17:00;19.4;7;PLUIE FAIBLE;3;28.1;0
Alençon;48.43;0.09;13/09/2026;18:00;19.4;7;PLUIE FAIBLE;3;25.2;0
Alençon;48.43;0.09;13/09/2026;19:00;19.4;7;PLUIE FAIBLE;3;21.2;0
Alençon;48.43;0.09;13/09/2026;20:00;17.1;7;PLUIE FAIBLE;5;16.9;0
Alençon;48.43;0.09;13/09/2026;21:00;16.1;7;PLUIE FAIBLE;5;12.2;0
Alençon;48.43;0.09;13/09/2026;22:00;15.1;7;PLUIE FAIBLE;5;7.6;0
Alençon;48.43;0.09;13/09/2026;23:00;13.9;0;SOLEIL;2;4.3;0
Alençon;48.43;0.09;14/09/2026;00:00;13.9;0;SOLEIL;2;4.4;0
Alençon;48.43;0.09;14/09/2026;01:00;13.9;0;SOLEIL;2;5.9;0
Alençon;48.43;0.09;14/09/2026;02:00;11.7;0;SOLEIL;5;7.0;0
Alençon;48.43;0.09;14/09/2026;03:00;11.7;0;SOLEIL;5;7.2;0
Alençon;48.43;0.09;14/09/2026;04:00;11.7;0;SOLEIL;5;6.8;0
Alençon;48.43;0.09;14/09/2026;05:00;12.6;6;AVERSES;2;6.8;0
Alençon;48.43;0.09;14/09/2026;06:00;12.6;6;AVERSES;2;6.8;0
Alençon;48.43;0.09;14/09/2026;07:00;12.6;6;AVERSES;2;7.2;0
Alençon;48.43;0.09;14/09/2026;08:00;14.3;0;SOLEIL;5;7.9;0
Alençon;48.43;0.09;14/09/2026;09:00;15.6;0;SOLEIL;5;9.0;0
Alençon;48.43;0.09;14/09/2026;10:00;16.9;0;SOLEIL;5;10.8;0
Alençon;48.43;0.09;14/09/2026;11:00;22.5;2;NUAGEUX;3;12.6;0
Alençon;48.43;0.09;14/09/2026;12:00;22.5;2;NUAGEUX;3;14.8;0
Alençon;48.43;0.09;14/09/2026;13:00;22.5;2;NUAGEUX;3;17.3;0
Alençon;48.43;0.09;14/09/2026;14:00;22.1;0;SOLEIL;5;19.8;0
Alençon;48.43;0.09;14/09/2026;15:00;23.4;0;SOLEIL;5;22.3;0
Alençon;48.43;0.09;14/09/2026;16:00;22.1;0;SOLEIL;5;24.8;0
Alençon;48.43;0.09;14/09/2026;17:00;21.1;0;SOLEIL;2;25.2;0
Alençon;48.43;0.09;14/09/2026;18:00;21.1;0;SOLEIL;2;22.3;0
Alençon;48.43;0.09;14/09/2026;19:00;21.1;0;SOLEIL;2;17.3;0
Alençon;48.43;0.09;14/09/2026;20:00;16.9;0;SOLEIL;5;13.0;0
Alençon;48.43;0.09;14/09/2026;21:00;15.6;0;SOLEIL;5;9.4;0
Alençon;48.43;0.09;14/09/2026;22:00;14.3;0;SOLEIL;5;6.5;0
Alençon;48.43;0.09;14/09/2026;23:00;14.7;0;SOLEIL;3;4.7;0
Argentan;48.74;-0.02;10/09/2026;00:00;11.6;0;SOLEIL;1;5.0;0
Argentan;48.74;-0.02;10/09/2026;01:00;10.6;0;SOLEIL;1;4.7;0
Argentan;48.74;-0.02;10/09/2026;02:00;10.2;0;SOLEIL;1;5.4;0
Argentan;48.74;-0.02;10/09/2026;03:00;11.1;5;SOLEIL VOILÉ;1;4.7;0
Argentan;48.74;-0.02;10/09/2026;04:00;10.9;5;SOLEIL VOILÉ;1;4.3;0
Argentan;48.74;-0.02;10/09/2026;05:00;11.1;5;SOLEIL VOILÉ;1;2.5;0
Argentan;48.74;-0.02;10/09/2026;06:00;10.9;2;NUAGEUX;0;3.2;0
Argentan;48.74;-0.02;10/09/2026;07:00;13;5;SOLEIL VOILÉ;0;3.6;0
Argentan;48.74;-0.02;10/09/2026;08:00;14.6;5;SOLEIL VOILÉ;0;5.4;0
Argentan;48.74;-0.02;10/09/2026;09:00;16.1;5;SOLEIL VOILÉ;1;5.4;0
Argentan;48.74;-0.02;10/09/2026;10:00;17.6;5;SOLEIL VOILÉ;2;5.0;0
Argentan;48.74;-0.02;10/09/2026;11:00;18.6;2;NUAGEUX;2;4.3;0
Argentan;48.74;-0.02;10/09/2026;12:00;19.9;2;NUAGEUX;3;11.2;0
Argentan;48.74;-0.02;10/09/2026;13:00;21.4;0;SOLEIL;3;19.4;0
Argentan;48.74;-0.02;10/09/2026;14:00;21.9;0;SOLEIL;3;22.0;0
Argentan;48.74;-0.02;10/09/2026;15:00;21.6;0;SOLEIL;3;22.7;0
Argentan;48.74;-0.02;10/09/2026;16:00;21.6;0;SOLEIL;3;24.1;0
Argentan;48.74;-0.02;10/09/2026;17:00;21.2;0;SOLEIL;3;23.4;0
Argentan;48.74;-0.02;10/09/2026;18:00;21;0;SOLEIL;2;22.7;0
Argentan;48.74;-0.02;10/09/2026;19:00;18.7;0;SOLEIL;2;21.2;0
Argentan;48.74;-0.02;10/09/2026;20:00;16.9;5;SOLEIL VOILÉ;0;13.3;0
Argentan;48.74;-0.02;10/09/2026;21:00;15.4;5;SOLEIL VOILÉ;2;5.8;0
Argentan;48.74;-0.02;10/09/2026;22:00;14.6;5;SOLEIL VOILÉ;2;1.8;0
Argentan;48.74;-0.02;10/09/2026;23:00;14.5;5;SOLEIL VOILÉ;2;4.3;0
Argentan;48.74;-0.02;11/09/2026;00:00;15.4;5;SOLEIL VOILÉ;0;5.0;0
Argentan;48.74;-0.02;11/09/2026;01:00;15.4;5;SOLEIL VOILÉ;0;6.1;0
Argentan;48.74;-0.02;11/09/2026;02:00;15.1;2;NUAGEUX;3;5.0;0
Argentan;48.74;-0.02;11/09/2026;03:00;15.1;2;NUAGEUX;3;6.4;0
Argentan;48.74;-0.02;11/09/2026;04:00;15.1;2;NUAGEUX;3;7.9;0
Argentan;48.74;-0.02;11/09/2026;05:00;15.5;2;NUAGEUX;3;7.9;0
Argentan;48.74;-0.02;11/09/2026;06:00;15.5;2;NUAGEUX;3;7.9;0
Argentan;48.74;-0.02;11/09/2026;07:00;15.5;2;NUAGEUX;3;9.7;0
Argentan;48.74;-0.02;11/09/2026;08:00;16.5;2;NUAGEUX;3;9.7;0
Argentan;48.74;-0.02;11/09/2026;09:00;16.5;2;NUAGEUX;3;11.2;0
Argentan;48.74;-0.02;11/09/2026;10:00;16.5;2;NUAGEUX;3;20.5;0
Argentan;48.74;-0.02;11/09/2026;11:00;20;2;NUAGEUX;4;29.9;0
Argentan;48.74;-0.02;11/09/2026;12:00;20;2;NUAGEUX;4;26.6;0
Argentan;48.74;-0.02;11/09/2026;13:00;20;2;NUAGEUX;4;25.2;0
Argentan;48.74;-0.02;11/09/2026;14:00;22.1;2;NUAGEUX;4;27.0;0
Argentan;48.74;-0.02;11/09/2026;15:00;22.1;2;NUAGEUX;4;29.9;0
Argentan;48.74;-0.02;11/09/2026;16:00;22.1;2;NUAGEUX;4;29.2;0
Argentan;48.74;-0.02;11/09/2026;17:00;19.2;0;SOLEIL;4;25.6;0
Argentan;48.74;-0.02;11/09/2026;18:00;19.2;0;SOLEIL;4;28.1;0
Argentan;48.74;-0.02;11/09/2026;19:00;19.2;0;SOLEIL;4;24.8;0
Argentan;48.74;-0.02;11/09/2026;20:00;16.1;0;SOLEIL;3;24.8;0
Argentan;48.74;-0.02;11/09/2026;21:00;16.1;0;SOLEIL;3;24.8;0
Argentan;48.74;-0.02;11/09/2026;22:00;16.1;0;SOLEIL;3;13.3;0
Argentan;48.74;-0.02;11/09/2026;23:00;14.4;0;SOLEIL;2;10.4;0
Argentan;48.74;-0.02;12/09/2026;00:00;14.4;0;SOLEIL;2;8.3;0
Argentan;48.74;-0.02;12/09/2026;01:00;14.4;0;SOLEIL;2;6.5;0
Argentan;48.74;-0.02;12/09/2026;02:00;12.1;0;SOLEIL;2;6.1;0
Argentan;48.74;-0.02;12/09/2026;03:00;12.1;0;SOLEIL;2;5.8;0
Argentan;48.74;-0.02;12/09/2026;04:00;12.1;0;SOLEIL;2;5.8;0
Argentan;48.74;-0.02;12/09/2026;05:00;10.9;3;TRÈS NUAGEUX;1;5.4;0
Argentan;48.74;-0.02;12/09/2026;06:00;10.9;3;TRÈS NUAGEUX;1;6.5;0
Argentan;48.74;-0.02;12/09/2026;07:00;10.9;3;TRÈS NUAGEUX;1;5.4;0
Argentan;48.74;-0.02;12/09/2026;08:00;16.9;0;SOLEIL;1;5.4;0
Argentan;48.74;-0.02;12/09/2026;09:00;16.9;0;SOLEIL;1;5.8;0
Argentan;48.74;-0.02;12/09/2026;10:00;16.9;0;SOLEIL;1;6.1;0
Argentan;48.74;-0.02;12/09/2026;11:00;21.9;0;SOLEIL;2;7.2;0
Argentan;48.74;-0.02;12/09/2026;12:00;21.9;0;SOLEIL;2;10.1;0
Argentan;48.74;-0.02;12/09/2026;13:00;21.9;0;SOLEIL;2;13.3;0
Argentan;48.74;-0.02;12/09/2026;14:00;23.6;0;SOLEIL;2;15.8;0
Argentan;48.74;-0.02;12/09/2026;15:00;23.6;0;SOLEIL;2;16.6;0
Argentan;48.74;-0.02;12/09/2026;16:00;23.6;0;SOLEIL;2;16.2;0
Argentan;48.74;-0.02;12/09/2026;17:00;23;0;SOLEIL;2;15.5;0
Argentan;48.74;-0.02;12/09/2026;18:00;23;0;SOLEIL;2;14.0;0
Argentan;48.74;-0.02;12/09/2026;19:00;23;0;SOLEIL;2;12.2;0
Argentan;48.74;-0.02;12/09/2026;20:00;16.5;3;TRÈS NUAGEUX;5;10.8;0
Argentan;48.74;-0.02;12/09/2026;21:00;15.0;3;TRÈS NUAGEUX;5;9.7;0
Argentan;48.74;-0.02;12/09/2026;22:00;13.5;3;TRÈS NUAGEUX;5;9.0;0
Argentan;48.74;-0.02;12/09/2026;23:00;14.6;0;SOLEIL;1;8.3;0
Argentan;48.74;-0.02;13/09/2026;00:00;14.6;0;SOLEIL;1;7.6;0
Argentan;48.74;-0.02;13/09/2026;01:00;14.6;0;SOLEIL;1;7.2;0
Argentan;48.74;-0.02;13/09/2026;02:00;12.1;7;PLUIE FAIBLE;5;6.5;0
Argentan;48.74;-0.02;13/09/2026;03:00;12.1;7;PLUIE FAIBLE;5;5.0;0
Argentan;48.74;-0.02;13/09/2026;04:00;12.1;7;PLUIE FAIBLE;5;3.2;0
Argentan;48.74;-0.02;13/09/2026;05:00;13.2;2;NUAGEUX;3;2.2;0
Argentan;48.74;-0.02;13/09/2026;06:00;13.2;2;NUAGEUX;3;1.4;0
Argentan;48.74;-0.02;13/09/2026;07:00;13.2;2;NUAGEUX;3;1.4;0
Argentan;48.74;-0.02;13/09/2026;08:00;14.7;7;PLUIE FAIBLE;5;2.2;0
Argentan;48.74;-0.02;13/09/2026;09:00;15.9;7;PLUIE FAIBLE;5;4.3;0
Argentan;48.74;-0.02;13/09/2026;10:00;17.2;7;PLUIE FAIBLE;5;7.6;0
Argentan;48.74;-0.02;13/09/2026;11:00;22;7;PLUIE FAIBLE;4;10.8;0
Argentan;48.74;-0.02;13/09/2026;12:00;22;7;PLUIE FAIBLE;4;14.8;0
Argentan;48.74;-0.02;13/09/2026;13:00;22;7;PLUIE FAIBLE;4;18.7;0
Argentan;48.74;-0.02;13/09/2026;14:00;22.3;7;PLUIE FAIBLE;5;22.0;0
Argentan;48.74;-0.02;13/09/2026;15:00;23.6;7;PLUIE FAIBLE;5;24.1;0
Argentan;48.74;-0.02;13/09/2026;16:00;22.3;7;PLUIE FAIBLE;5;24.8;0
Argentan;48.74;-0.02;13/09/2026;17:00;21.5;7;PLUIE FAIBLE;3;24.5;0
Argentan;48.74;-0.02;13/09/2026;18:00;21.5;7;PLUIE FAIBLE;3;21.2;0
Argentan;48.74;-0.02;13/09/2026;19:00;21.5;7;PLUIE FAIBLE;3;16.6;0
Argentan;48.74;-0.02;13/09/2026;20:00;17.2;7;PLUIE FAIBLE;5;13.0;0
Argentan;48.74;-0.02;13/09/2026;21:00;15.9;7;PLUIE FAIBLE;5;11.5;0
Argentan;48.74;-0.02;13/09/2026;22:00;14.7;7;PLUIE FAIBLE;5;11.2;0
Argentan;48.74;-0.02;13/09/2026;23:00;15.6;0;SOLEIL;2;10.4;0
Argentan;48.74;-0.02;14/09/2026;00:00;15.6;0;SOLEIL;2;9.2;0
Argentan;48.74;-0.02;14/09/2026;01:00;15.6;0;SOLEIL;2;7.9;0
Argentan;48.74;-0.02;14/09/2026;02:00;12.6;0;SOLEIL;5;7.2;0
Argentan;48.74;-0.02;14/09/2026;03:00;12.6;0;SOLEIL;5;6.8;0
Argentan;48.74;-0.02;14/09/2026;04:00;12.6;0;SOLEIL;5;7.2;0
Argentan;48.74;-0.02;14/09/2026;05:00;13.5;6;AVERSES;1;7.2;0
Argentan;48.74;-0.02;14/09/2026;06:00;13.5;6;AVERSES;1;7.2;0
Argentan;48.74;-0.02;14/09/2026;07:00;13.5;6;AVERSES;1;6.8;0
Argentan;48.74;-0.02;14/09/2026;08:00;15.3;0;SOLEIL;5;7.2;0
Argentan;48.74;-0.02;14/09/2026;09:00;16.6;0;SOLEIL;5;7.6;0
Argentan;48.74;-0.02;14/09/2026;10:00;17.9;0;SOLEIL;5;7.9;0
Argentan;48.74;-0.02;14/09/2026;11:00;22.9;0;SOLEIL;2;10.1;0
Argentan;48.74;-0.02;14/09/2026;12:00;22.9;0;SOLEIL;2;15.1;0
Argentan;48.74;-0.02;14/09/2026;13:00;22.9;0;SOLEIL;2;21.6;0
Argentan;48.74;-0.02;14/09/2026;14:00;23.3;0;SOLEIL;5;26.3;0
Argentan;48.74;-0.02;14/09/2026;15:00;24.6;0;SOLEIL;5;28.1;0
Argentan;48.74;-0.02;14/09/2026;16:00;23.3;0;SOLEIL;5;28.4;0
Argentan;48.74;-0.02;14/09/2026;17:00;23.1;0;SOLEIL;1;27.7;0
Argentan;48.74;-0.02;14/09/2026;18:00;23.1;0;SOLEIL;1;25.2;0
Argentan;48.74;-0.02;14/09/2026;19:00;23.1;0;SOLEIL;1;21.6;0
Argentan;48.74;-0.02;14/09/2026;20:00;17.9;0;SOLEIL;5;18.4;0
Argentan;48.74;-0.02;14/09/2026;21:00;16.6;0;SOLEIL;5;15.8;0
Argentan;48.74;-0.02;14/09/2026;22:00;15.3;0;SOLEIL;5;13.3;0
Argentan;48.74;-0.02;14/09/2026;23:00;16.9;0;SOLEIL;2;11.2;0
Domfront;48.59;-0.65;10/09/2026;00:00;11.1;0;SOLEIL;0;3.2;0
Domfront;48.59;-0.65;10/09/2026;01:00;11.4;0;SOLEIL;0;7.2;0
Domfront;48.59;-0.65;10/09/2026;02:00;10.7;0;SOLEIL;0;6.1;0
Domfront;48.59;-0.65;10/09/2026;03:00;11.2;5;SOLEIL VOILÉ;1;4.7;0
Domfront;48.59;-0.65;10/09/2026;04:00;10.4;5;SOLEIL VOILÉ;0;3.2;0
Domfront;48.59;-0.65;10/09/2026;05:00;10.6;2;NUAGEUX;0;3.6;0
Domfront;48.59;-0.65;10/09/2026;06:00;10.2;2;NUAGEUX;1;4.3;0
Domfront;48.59;-0.65;10/09/2026;07:00;11.6;5;SOLEIL VOILÉ;0;3.2;0
Domfront;48.59;-0.65;10/09/2026;08:00;13.5;5;SOLEIL VOILÉ;1;4.0;0
Domfront;48.59;-0.65;10/09/2026;09:00;15.7;5;SOLEIL VOILÉ;1;5.4;0
Domfront;48.59;-0.65;10/09/2026;10:00;17.1;5;SOLEIL VOILÉ;2;5.4;0
Domfront;48.59;-0.65;10/09/2026;11:00;19.1;2;NUAGEUX;2;5.4;0
Domfront;48.59;-0.65;10/09/2026;12:00;19.4;2;NUAGEUX;3;11.5;0
Domfront;48.59;-0.65;10/09/2026;13:00;20.1;0;SOLEIL;3;21.2;0
Domfront;48.59;-0.65;10/09/2026;14:00;21.1;0;SOLEIL;3;28.8;0
Domfront;48.59;-0.65;10/09/2026;15:00;21.4;0;SOLEIL;3;28.4;0
Domfront;48.59;-0.65;10/09/2026;16:00;22;0;SOLEIL;3;28.4;0
Domfront;48.59;-0.65;10/09/2026;17:00;21;0;SOLEIL;3;27.4;0
Domfront;48.59;-0.65;10/09/2026;18:00;19.9;0;SOLEIL;3;27.0;0
Domfront;48.59;-0.65;10/09/2026;19:00;17.9;0;SOLEIL;2;23.4;0
Domfront;48.59;-0.65;10/09/2026;20:00;16.2;5;SOLEIL VOILÉ;2;25.2;0
Domfront;48.59;-0.65;10/09/2026;21:00;15.1;5;SOLEIL VOILÉ;1;13.0;0
Domfront;48.59;-0.65;10/09/2026;22:00;14.6;5;SOLEIL VOILÉ;1;4.7;0
Domfront;48.59;-0.65;10/09/2026;23:00;14.6;5;SOLEIL VOILÉ;1;3.6;0
Domfront;48.59;-0.65;11/09/2026;00:00;15.1;2;NUAGEUX;2;6.1;0
Domfront;48.59;-0.65;11/09/2026;01:00;15.1;2;NUAGEUX;2;5.0;0
Domfront;48.59;-0.65;11/09/2026;02:00;14.5;2;NUAGEUX;3;5.8;0
Domfront;48.59;-0.65;11/09/2026;03:00;14.5;2;NUAGEUX;3;14.1;0
Domfront;48.59;-0.65;11/09/2026;04:00;14.5;2;NUAGEUX;3;13.3;0
Domfront;48.59;-0.65;11/09/2026;05:00;15.2;6;AVERSES;4;13.1;0
Domfront;48.59;-0.65;11/09/2026;06:00;15.2;6;AVERSES;4;12.6;0
Domfront;48.59;-0.65;11/09/2026;07:00;15.2;6;AVERSES;4;12.6;0
Domfront;48.59;-0.65;11/09/2026;08:00;16.9;2;NUAGEUX;4;16.9;0
Domfront;48.59;-0.65;11/09/2026;09:00;16.9;2;NUAGEUX;4;20.5;0
Domfront;48.59;-0.65;11/09/2026;10:00;16.9;2;NUAGEUX;4;36.0;0
Domfront;48.59;-0.65;11/09/2026;11:00;21.1;2;NUAGEUX;4;34.9;0
Domfront;48.59;-0.65;11/09/2026;12:00;21.1;2;NUAGEUX;4;31.7;0
Domfront;48.59;-0.65;11/09/2026;13:00;21.1;2;NUAGEUX;4;32.0;0
Domfront;48.59;-0.65;11/09/2026;14:00;21.1;2;NUAGEUX;4;31.3;0
Domfront;48.59;-0.65;11/09/2026;15:00;21.1;2;NUAGEUX;4;32.0;0
Domfront;48.59;-0.65;11/09/2026;16:00;21.1;2;NUAGEUX;4;28.8;0
Domfront;48.59;-0.65;11/09/2026;17:00;18.1;0;SOLEIL;4;30.2;0
Domfront;48.59;-0.65;11/09/2026;18:00;18.1;0;SOLEIL;4;30.2;0
Domfront;48.59;-0.65;11/09/2026;19:00;18.1;0;SOLEIL;4;27.0;0
Domfront;48.59;-0.65;11/09/2026;20:00;14.2;0;SOLEIL;2;24.1;0
Domfront;48.59;-0.65;11/09/2026;21:00;14.2;0;SOLEIL;2;16.6;0
Domfront;48.59;-0.65;11/09/2026;22:00;14.2;0;SOLEIL;2;16.6;0
Domfront;48.59;-0.65;11/09/2026;23:00;12.4;0;SOLEIL;1;12.6;0
Domfront;48.59;-0.65;12/09/2026;00:00;12.4;0;SOLEIL;1;7.6;0
Domfront;48.59;-0.65;12/09/2026;01:00;12.4;0;SOLEIL;1;5.8;0
Domfront;48.59;-0.65;12/09/2026;02:00;10.7;3;TRÈS NUAGEUX;1;5.4;0
Domfront;48.59;-0.65;12/09/2026;03:00;10.7;3;TRÈS NUAGEUX;1;6.8;0
Domfront;48.59;-0.65;12/09/2026;04:00;10.7;3;TRÈS NUAGEUX;1;6.1;0
Domfront;48.59;-0.65;12/09/2026;05:00;10.2;3;TRÈS NUAGEUX;1;6.1;0
Domfront;48.59;-0.65;12/09/2026;06:00;10.2;3;TRÈS NUAGEUX;1;7.2;0
Domfront;48.59;-0.65;12/09/2026;07:00;10.2;3;TRÈS NUAGEUX;1;6.8;0
Domfront;48.59;-0.65;12/09/2026;08:00;16.6;3;TRÈS NUAGEUX;0;6.8;0
Domfront;48.59;-0.65;12/09/2026;09:00;16.6;3;TRÈS NUAGEUX;0;8.3;0
Domfront;48.59;-0.65;12/09/2026;10:00;16.6;3;TRÈS NUAGEUX;0;10.1;0
Domfront;48.59;-0.65;12/09/2026;11:00;21;0;SOLEIL;2;11.9;0
Domfront;48.59;-0.65;12/09/2026;12:00;21;0;SOLEIL;2;14.0;0
Domfront;48.59;-0.65;12/09/2026;13:00;21;0;SOLEIL;2;15.8;0
Domfront;48.59;-0.65;12/09/2026;14:00;22.6;0;SOLEIL;2;17.3;0
Domfront;48.59;-0.65;12/09/2026;15:00;22.6;0;SOLEIL;2;17.6;0
Domfront;48.59;-0.65;12/09/2026;16:00;22.6;0;SOLEIL;2;17.6;0
Domfront;48.59;-0.65;12/09/2026;17:00;20.6;0;SOLEIL;2;16.9;0
Domfront;48.59;-0.65;12/09/2026;18:00;20.6;0;SOLEIL;2;15.8;0
Domfront;48.59;-0.65;12/09/2026;19:00;20.6;0;SOLEIL;2;14.8;0
Domfront;48.59;-0.65;12/09/2026;20:00;15.6;3;TRÈS NUAGEUX;5;13.3;0
Domfront;48.59;-0.65;12/09/2026;21:00;14.1;3;TRÈS NUAGEUX;5;11.9;0
Domfront;48.59;-0.65;12/09/2026;22:00;12.6;3;TRÈS NUAGEUX;5;10.1;0
Domfront;48.59;-0.65;12/09/2026;23:00;13.6;0;SOLEIL;1;8.6;0
Domfront;48.59;-0.65;13/09/2026;00:00;13.6;0;SOLEIL;1;7.6;0
Domfront;48.59;-0.65;13/09/2026;01:00;13.6;0;SOLEIL;1;6.5;0
Domfront;48.59;-0.65;13/09/2026;02:00;12.5;2;NUAGEUX;5;5.8;0
Domfront;48.59;-0.65;13/09/2026;03:00;12.5;2;NUAGEUX;5;5.4;0
Domfront;48.59;-0.65;13/09/2026;04:00;12.5;2;NUAGEUX;5;5.4;0
Domfront;48.59;-0.65;13/09/2026;05:00;13.7;2;NUAGEUX;2;5.4;0
Domfront;48.59;-0.65;13/09/2026;06:00;13.7;2;NUAGEUX;2;5.0;0
Domfront;48.59;-0.65;13/09/2026;07:00;13.7;2;NUAGEUX;2;4.7;0
Domfront;48.59;-0.65;13/09/2026;08:00;14.8;2;NUAGEUX;5;4.7;0
Domfront;48.59;-0.65;13/09/2026;09:00;15.9;2;NUAGEUX;5;5.4;0
Domfront;48.59;-0.65;13/09/2026;10:00;17.0;2;NUAGEUX;5;6.8;0
Domfront;48.59;-0.65;13/09/2026;11:00;21.1;2;NUAGEUX;4;9.0;0
Domfront;48.59;-0.65;13/09/2026;12:00;21.1;2;NUAGEUX;4;13.0;0
Domfront;48.59;-0.65;13/09/2026;13:00;21.1;2;NUAGEUX;4;17.6;0
Domfront;48.59;-0.65;13/09/2026;14:00;21.6;2;NUAGEUX;5;21.2;0
Domfront;48.59;-0.65;13/09/2026;15:00;22.7;2;NUAGEUX;5;22.7;0
Domfront;48.59;-0.65;13/09/2026;16:00;21.6;2;NUAGEUX;5;23.0;0
Domfront;48.59;-0.65;13/09/2026;17:00;20.5;7;PLUIE FAIBLE;3;22.3;0
Domfront;48.59;-0.65;13/09/2026;18:00;20.5;7;PLUIE FAIBLE;3;21.2;0
Domfront;48.59;-0.65;13/09/2026;19:00;20.5;7;PLUIE FAIBLE;3;19.1;0
Domfront;48.59;-0.65;13/09/2026;20:00;17.0;2;NUAGEUX;5;16.6;0
Domfront;48.59;-0.65;13/09/2026;21:00;15.9;2;NUAGEUX;5;13.3;0
Domfront;48.59;-0.65;13/09/2026;22:00;14.8;2;NUAGEUX;5;9.4;0
Domfront;48.59;-0.65;13/09/2026;23:00;14.6;0;SOLEIL;2;6.5;0
Domfront;48.59;-0.65;14/09/2026;00:00;14.6;0;SOLEIL;2;4.5;0
Domfront;48.59;-0.65;14/09/2026;01:00;14.6;0;SOLEIL;2;3.1;0
Domfront;48.59;-0.65;14/09/2026;02:00;12.6;0;SOLEIL;5;2.3;0
Domfront;48.59;-0.65;14/09/2026;03:00;12.6;0;SOLEIL;5;2.2;0
Domfront;48.59;-0.65;14/09/2026;04:00;12.6;0;SOLEIL;5;2.9;0
Domfront;48.59;-0.65;14/09/2026;05:00;13.5;6;AVERSES;1;3.2;0
Domfront;48.59;-0.65;14/09/2026;06:00;13.5;6;AVERSES;1;2.5;0
Domfront;48.59;-0.65;14/09/2026;07:00;13.5;6;AVERSES;1;1.8;0
Domfront;48.59;-0.65;14/09/2026;08:00;15.2;0;SOLEIL;5;1.8;0
Domfront;48.59;-0.65;14/09/2026;09:00;16.4;0;SOLEIL;5;2.9;0
Domfront;48.59;-0.65;14/09/2026;10:00;17.7;0;SOLEIL;5;4.7;0
Domfront;48.59;-0.65;14/09/2026;11:00;22.1;2;NUAGEUX;3;7.9;0
Domfront;48.59;-0.65;14/09/2026;12:00;22.1;2;NUAGEUX;3;13.7;0
Domfront;48.59;-0.65;14/09/2026;13:00;22.1;2;NUAGEUX;3;20.5;0
Domfront;48.59;-0.65;14/09/2026;14:00;22.8;0;SOLEIL;5;25.9;0
Domfront;48.59;-0.65;14/09/2026;15:00;24.1;0;SOLEIL;5;28.4;0
Domfront;48.59;-0.65;14/09/2026;16:00;22.8;0;SOLEIL;5;28.8;0
Domfront;48.59;-0.65;14/09/2026;17:00;22.5;0;SOLEIL;2;28.1;0
Domfront;48.59;-0.65;14/09/2026;18:00;22.5;0;SOLEIL;2;25.6;0
Domfront;48.59;-0.65;14/09/2026;19:00;22.5;0;SOLEIL;2;21.6;0
Domfront;48.59;-0.65;14/09/2026;20:00;17.7;0;SOLEIL;5;18.0;0
Domfront;48.59;-0.65;14/09/2026;21:00;16.4;0;SOLEIL;5;14.8;0
Domfront;48.59;-0.65;14/09/2026;22:00;15.2;0;SOLEIL;5;11.5;0
Domfront;48.59;-0.65;14/09/2026;23:00;15.6;0;SOLEIL;0;8.6;0
Mortagne-au-Perche;48.52;0.54;10/09/2026;00:00;10.7;0;SOLEIL;1;4.7;0
Mortagne-au-Perche;48.52;0.54;10/09/2026;01:00;10.1;5;SOLEIL VOILÉ;1;3.6;0
Mortagne-au-Perche;48.52;0.54;10/09/2026;02:00;10.2;5;SOLEIL VOILÉ;2;2.5;0
Mortagne-au-Perche;48.52;0.54;10/09/2026;03:00;9.4;5;SOLEIL VOILÉ;1;2.5;0
Mortagne-au-Perche;48.52;0.54;10/09/2026;04:00;8.9;5;SOLEIL VOILÉ;1;4.0;0
Mortagne-au-Perche;48.52;0.54;10/09/2026;05:00;9.1;5;SOLEIL VOILÉ;1;4.7;0
Mortagne-au-Perche;48.52;0.54;10/09/2026;06:00;8.7;2;NUAGEUX;1;6.1;0
Mortagne-au-Perche;48.52;0.54;10/09/2026;07:00;10.6;2;NUAGEUX;1;0.7;0
Mortagne-au-Perche;48.52;0.54;10/09/2026;08:00;12.4;5;SOLEIL VOILÉ;1;3.6;0
Mortagne-au-Perche;48.52;0.54;10/09/2026;09:00;15.1;5;SOLEIL VOILÉ;1;4.0;0
Mortagne-au-Perche;48.52;0.54;10/09/2026;10:00;17.9;2;NUAGEUX;2;4.0;0
Mortagne-au-Perche;48.52;0.54;10/09/2026;11:00;18.6;2;NUAGEUX;2;6.5;0
Mortagne-au-Perche;48.52;0.54;10/09/2026;12:00;20.1;2;NUAGEUX;4;11.9;0
Mortagne-au-Perche;48.52;0.54;10/09/2026;13:00;21.6;2;NUAGEUX;4;17.6;0
Mortagne-au-Perche;48.52;0.54;10/09/2026;14:00;21.9;0;SOLEIL;3;23.8;0
Mortagne-au-Perche;48.52;0.54;10/09/2026;15:00;21.9;0;SOLEIL;3;24.8;0
Mortagne-au-Perche;48.52;0.54;10/09/2026;16:00;21.5;0;SOLEIL;3;25.9;0
Mortagne-au-Perche;48.52;0.54;10/09/2026;17:00;20.5;0;SOLEIL;3;24.5;0
Mortagne-au-Perche;48.52;0.54;10/09/2026;18:00;19.5;5;SOLEIL VOILÉ;2;25.6;0
Mortagne-au-Perche;48.52;0.54;10/09/2026;19:00;17.5;5;SOLEIL VOILÉ;2;20.5;0
Mortagne-au-Perche;48.52;0.54;10/09/2026;20:00;15.7;5;SOLEIL VOILÉ;2;19.8;0
Mortagne-au-Perche;48.52;0.54;10/09/2026;21:00;14.6;5;SOLEIL VOILÉ;2;12.6;0
Mortagne-au-Perche;48.52;0.54;10/09/2026;22:00;15.1;5;SOLEIL VOILÉ;1;2.9;0
Mortagne-au-Perche;48.52;0.54;10/09/2026;23:00;15;2;NUAGEUX;2;2.5;0
Mortagne-au-Perche;48.52;0.54;11/09/2026;00:00;14.4;2;NUAGEUX;1;4.3;0
Mortagne-au-Perche;48.52;0.54;11/09/2026;01:00;14.4;2;NUAGEUX;1;6.1;0
Mortagne-au-Perche;48.52;0.54;11/09/2026;02:00;14.4;2;NUAGEUX;3;8.3;0
Mortagne-au-Perche;48.52;0.54;11/09/2026;03:00;14.4;2;NUAGEUX;3;11.7;0
Mortagne-au-Perche;48.52;0.54;11/09/2026;04:00;14.4;2;NUAGEUX;3;12.2;0
Mortagne-au-Perche;48.52;0.54;11/09/2026;05:00;15.1;6;AVERSES;4;12.9;0
Mortagne-au-Perche;48.52;0.54;11/09/2026;06:00;15.1;6;AVERSES;4;13.0;0
Mortagne-au-Perche;48.52;0.54;11/09/2026;07:00;15.1;6;AVERSES;4;13.7;0
Mortagne-au-Perche;48.52;0.54;11/09/2026;08:00;17.2;2;NUAGEUX;4;15.1;0
Mortagne-au-Perche;48.52;0.54;11/09/2026;09:00;17.2;2;NUAGEUX;4;20.2;0
Mortagne-au-Perche;48.52;0.54;11/09/2026;10:00;17.2;2;NUAGEUX;4;31.0;0
Mortagne-au-Perche;48.52;0.54;11/09/2026;11:00;21.4;2;NUAGEUX;5;31.0;0
Mortagne-au-Perche;48.52;0.54;11/09/2026;12:00;21.4;2;NUAGEUX;5;27.7;0
Mortagne-au-Perche;48.52;0.54;11/09/2026;13:00;21.4;2;NUAGEUX;5;29.9;0
Mortagne-au-Perche;48.52;0.54;11/09/2026;14:00;22.1;2;NUAGEUX;5;26.6;0
Mortagne-au-Perche;48.52;0.54;11/09/2026;15:00;22.1;2;NUAGEUX;5;28.8;0
Mortagne-au-Perche;48.52;0.54;11/09/2026;16:00;22.1;2;NUAGEUX;5;35.6;0
Mortagne-au-Perche;48.52;0.54;11/09/2026;17:00;18.6;0;SOLEIL;4;36.0;0
Mortagne-au-Perche;48.52;0.54;11/09/2026;18:00;18.6;0;SOLEIL;4;31.0;0
Mortagne-au-Perche;48.52;0.54;11/09/2026;19:00;18.6;0;SOLEIL;4;28.4;0
Mortagne-au-Perche;48.52;0.54;11/09/2026;20:00;16.1;0;SOLEIL;2;26.6;0
Mortagne-au-Perche;48.52;0.54;11/09/2026;21:00;16.1;0;SOLEIL;2;19.8;0
Mortagne-au-Perche;48.52;0.54;11/09/2026;22:00;16.1;0;SOLEIL;2;11.5;0
Mortagne-au-Perche;48.52;0.54;11/09/2026;23:00;13.4;0;SOLEIL;1;10.1;0
Mortagne-au-Perche;48.52;0.54;12/09/2026;00:00;13.4;0;SOLEIL;1;5.8;0
Mortagne-au-Perche;48.52;0.54;12/09/2026;01:00;13.4;0;SOLEIL;1;4.3;0
Mortagne-au-Perche;48.52;0.54;12/09/2026;02:00;11.6;2;NUAGEUX;1;4.3;0
Mortagne-au-Perche;48.52;0.54;12/09/2026;03:00;11.6;2;NUAGEUX;1;4.3;0
Mortagne-au-Perche;48.52;0.54;12/09/2026;04:00;11.6;2;NUAGEUX;1;4.0;0
Mortagne-au-Perche;48.52;0.54;12/09/2026;05:00;10.6;3;TRÈS NUAGEUX;1;4.0;0
Mortagne-au-Perche;48.52;0.54;12/09/2026;06:00;10.6;3;TRÈS NUAGEUX;1;2.2;0
Mortagne-au-Perche;48.52;0.54;12/09/2026;07:00;10.6;3;TRÈS NUAGEUX;1;2.2;0
Mortagne-au-Perche;48.52;0.54;12/09/2026;08:00;17.4;3;TRÈS NUAGEUX;0;5.0;0
Mortagne-au-Perche;48.52;0.54;12/09/2026;09:00;17.4;3;TRÈS NUAGEUX;0;4.7;0
Mortagne-au-Perche;48.52;0.54;12/09/2026;10:00;17.4;3;TRÈS NUAGEUX;0;4.0;0
Mortagne-au-Perche;48.52;0.54;12/09/2026;11:00;21.5;0;SOLEIL;2;4.7;0
Mortagne-au-Perche;48.52;0.54;12/09/2026;12:00;21.5;0;SOLEIL;2;7.6;0
Mortagne-au-Perche;48.52;0.54;12/09/2026;13:00;21.5;0;SOLEIL;2;11.9;0
Mortagne-au-Perche;48.52;0.54;12/09/2026;14:00;23;0;SOLEIL;2;14.8;0
Mortagne-au-Perche;48.52;0.54;12/09/2026;15:00;23;0;SOLEIL;2;15.8;0
Mortagne-au-Perche;48.52;0.54;12/09/2026;16:00;23;0;SOLEIL;2;15.8;0
Mortagne-au-Perche;48.52;0.54;12/09/2026;17:00;21.1;0;SOLEIL;2;15.5;0
Mortagne-au-Perche;48.52;0.54;12/09/2026;18:00;21.1;0;SOLEIL;2;15.5;0
Mortagne-au-Perche;48.52;0.54;12/09/2026;19:00;21.1;0;SOLEIL;2;15.5;0
Mortagne-au-Perche;48.52;0.54;12/09/2026;20:00;16.1;3;TRÈS NUAGEUX;5;14.4;0
Mortagne-au-Perche;48.52;0.54;12/09/2026;21:00;14.6;3;TRÈS NUAGEUX;5;11.5;0
Mortagne-au-Perche;48.52;0.54;12/09/2026;22:00;13.1;3;TRÈS NUAGEUX;5;7.6;0
Mortagne-au-Perche;48.52;0.54;12/09/2026;23:00;14.4;0;SOLEIL;0;4.7;0
Mortagne-au-Perche;48.52;0.54;13/09/2026;00:00;14.4;0;SOLEIL;0;4.0;0
Mortagne-au-Perche;48.52;0.54;13/09/2026;01:00;14.4;0;SOLEIL;0;4.3;0
Mortagne-au-Perche;48.52;0.54;13/09/2026;02:00;12;7;PLUIE FAIBLE;5;4.7;0
Mortagne-au-Perche;48.52;0.54;13/09/2026;03:00;12;7;PLUIE FAIBLE;5;4.0;0
Mortagne-au-Perche;48.52;0.54;13/09/2026;04:00;12;7;PLUIE FAIBLE;5;3.2;0
Mortagne-au-Perche;48.52;0.54;13/09/2026;05:00;12.7;2;NUAGEUX;3;2.9;0
Mortagne-au-Perche;48.52;0.54;13/09/2026;06:00;12.7;2;NUAGEUX;3;3.2;0
Mortagne-au-Perche;48.52;0.54;13/09/2026;07:00;12.7;2;NUAGEUX;3;4.0;0
Mortagne-au-Perche;48.52;0.54;13/09/2026;08:00;14.4;7;PLUIE FAIBLE;5;5.4;0
Mortagne-au-Perche;48.52;0.54;13/09/2026;09:00;15.5;7;PLUIE FAIBLE;5;7.9;0
Mortagne-au-Perche;48.52;0.54;13/09/2026;10:00;16.7;7;PLUIE FAIBLE;5;11.5;0
Mortagne-au-Perche;48.52;0.54;13/09/2026;11:00;21.1;7;PLUIE FAIBLE;4;14.4;0
Mortagne-au-Perche;48.52;0.54;13/09/2026;12:00;21.1;7;PLUIE FAIBLE;4;16.9;0
Mortagne-au-Perche;48.52;0.54;13/09/2026;13:00;21.1;7;PLUIE FAIBLE;4;19.1;0
Mortagne-au-Perche;48.52;0.54;13/09/2026;14:00;21.4;7;PLUIE FAIBLE;5;20.9;0
Mortagne-au-Perche;48.52;0.54;13/09/2026;15:00;22.6;7;PLUIE FAIBLE;5;22.0;0
Mortagne-au-Perche;48.52;0.54;13/09/2026;16:00;21.4;7;PLUIE FAIBLE;5;22.3;0
Mortagne-au-Perche;48.52;0.54;13/09/2026;17:00;20.1;7;PLUIE FAIBLE;4;22.0;0
Mortagne-au-Perche;48.52;0.54;13/09/2026;18:00;20.1;7;PLUIE FAIBLE;4;21.2;0
Mortagne-au-Perche;48.52;0.54;13/09/2026;19:00;20.1;7;PLUIE FAIBLE;4;19.8;0
Mortagne-au-Perche;48.52;0.54;13/09/2026;20:00;16.7;7;PLUIE FAIBLE;5;18.0;0
Mortagne-au-Perche;48.52;0.54;13/09/2026;21:00;15.5;7;PLUIE FAIBLE;5;14.8;0
Mortagne-au-Perche;48.52;0.54;13/09/2026;22:00;14.4;7;PLUIE FAIBLE;5;11.2;0
Mortagne-au-Perche;48.52;0.54;13/09/2026;23:00;14.4;0;SOLEIL;2;8.3;0
Mortagne-au-Perche;48.52;0.54;14/09/2026;00:00;14.4;0;SOLEIL;2;7.0;0
Mortagne-au-Perche;48.52;0.54;14/09/2026;01:00;14.4;0;SOLEIL;2;6.3;0
Mortagne-au-Perche;48.52;0.54;14/09/2026;02:00;12.2;0;SOLEIL;5;6.2;0
Mortagne-au-Perche;48.52;0.54;14/09/2026;03:00;12.2;0;SOLEIL;5;6.5;0
Mortagne-au-Perche;48.52;0.54;14/09/2026;04:00;12.2;0;SOLEIL;5;6.8;0
Mortagne-au-Perche;48.52;0.54;14/09/2026;05:00;13;6;AVERSES;1;7.2;0
Mortagne-au-Perche;48.52;0.54;14/09/2026;06:00;13;6;AVERSES;1;7.6;0
Mortagne-au-Perche;48.52;0.54;14/09/2026;07:00;13;6;AVERSES;1;7.6;0
Mortagne-au-Perche;48.52;0.54;14/09/2026;08:00;15.2;0;SOLEIL;5;7.9;0
Mortagne-au-Perche;48.52;0.54;14/09/2026;09:00;16.7;0;SOLEIL;5;7.9;0
Mortagne-au-Perche;48.52;0.54;14/09/2026;10:00;18.2;0;SOLEIL;5;8.3;0
Mortagne-au-Perche;48.52;0.54;14/09/2026;11:00;23.6;0;SOLEIL;3;10.1;0
Mortagne-au-Perche;48.52;0.54;14/09/2026;12:00;23.6;0;SOLEIL;3;15.1;0
Mortagne-au-Perche;48.52;0.54;14/09/2026;13:00;23.6;0;SOLEIL;3;22.0;0
Mortagne-au-Perche;48.52;0.54;14/09/2026;14:00;24.1;0;SOLEIL;5;27.0;0
Mortagne-au-Perche;48.52;0.54;14/09/2026;15:00;25.6;0;SOLEIL;5;29.5;0
Mortagne-au-Perche;48.52;0.54;14/09/2026;16:00;24.1;0;SOLEIL;5;30.6;0
Mortagne-au-Perche;48.52;0.54;14/09/2026;17:00;23.4;0;SOLEIL;2;29.5;0
Mortagne-au-Perche;48.52;0.54;14/09/2026;18:00;23.4;0;SOLEIL;2;25.9;0
Mortagne-au-Perche;48.52;0.54;14/09/2026;19:00;23.4;0;SOLEIL;2;20.2;0
Mortagne-au-Perche;48.52;0.54;14/09/2026;20:00;18.2;0;SOLEIL;5;15.5;0
Mortagne-au-Perche;48.52;0.54;14/09/2026;21:00;16.7;0;SOLEIL;5;12.2;0
Mortagne-au-Perche;48.52;0.54;14/09/2026;22:00;15.2;0;SOLEIL;5;10.1;0
Mortagne-au-Perche;48.52;0.54;14/09/2026;23:00;16.1;0;SOLEIL;1;8.3;0
Villers-en-Ouche;48.86;0.57;10/09/2026;00:00;12.4;0;SOLEIL;2;7.9;0
Villers-en-Ouche;48.86;0.57;10/09/2026;01:00;11.6;0;SOLEIL;2;7.2;0
Villers-en-Ouche;48.86;0.57;10/09/2026;02:00;11.1;0;SOLEIL;2;6.1;0
Villers-en-Ouche;48.86;0.57;10/09/2026;03:00;11.1;0;SOLEIL;2;3.2;0
Villers-en-Ouche;48.86;0.57;10/09/2026;04:00;11.1;5;SOLEIL VOILÉ;1;4.0;0
Villers-en-Ouche;48.86;0.57;10/09/2026;05:00;11.5;5;SOLEIL VOILÉ;1;4.0;0
Villers-en-Ouche;48.86;0.57;10/09/2026;06:00;10.6;5;SOLEIL VOILÉ;2;2.9;0
Villers-en-Ouche;48.86;0.57;10/09/2026;07:00;12.6;5;SOLEIL VOILÉ;2;2.9;0
Villers-en-Ouche;48.86;0.57;10/09/2026;08:00;14.9;5;SOLEIL VOILÉ;1;2.2;0
Villers-en-Ouche;48.86;0.57;10/09/2026;09:00;15.6;5;SOLEIL VOILÉ;2;2.2;0
Villers-en-Ouche;48.86;0.57;10/09/2026;10:00;16.1;5;SOLEIL VOILÉ;2;4.7;0
Villers-en-Ouche;48.86;0.57;10/09/2026;11:00;17;2;NUAGEUX;3;7.9;0
Villers-en-Ouche;48.86;0.57;10/09/2026;12:00;18.1;0;SOLEIL;3;11.5;0
Villers-en-Ouche;48.86;0.57;10/09/2026;13:00;19.4;0;SOLEIL;3;19.4;0
Villers-en-Ouche;48.86;0.57;10/09/2026;14:00;20;0;SOLEIL;3;22.0;0
Villers-en-Ouche;48.86;0.57;10/09/2026;15:00;20.5;0;SOLEIL;4;22.7;0
Villers-en-Ouche;48.86;0.57;10/09/2026;16:00;21;0;SOLEIL;3;22.7;0
Villers-en-Ouche;48.86;0.57;10/09/2026;17:00;19.7;0;SOLEIL;3;23.0;0
Villers-en-Ouche;48.86;0.57;10/09/2026;18:00;19;0;SOLEIL;2;23.4;0
Villers-en-Ouche;48.86;0.57;10/09/2026;19:00;18;0;SOLEIL;2;20.2;0
Villers-en-Ouche;48.86;0.57;10/09/2026;20:00;17.2;5;SOLEIL VOILÉ;2;13.3;0
Villers-en-Ouche;48.86;0.57;10/09/2026;21:00;16.7;5;SOLEIL VOILÉ;2;4.0;0
Villers-en-Ouche;48.86;0.57;10/09/2026;22:00;16.1;5;SOLEIL VOILÉ;2;2.5;0
Villers-en-Ouche;48.86;0.57;10/09/2026;23:00;15.6;5;SOLEIL VOILÉ;2;1.4;0
Villers-en-Ouche;48.86;0.57;11/09/2026;00:00;15.5;5;SOLEIL VOILÉ;0;1.4;0
Villers-en-Ouche;48.86;0.57;11/09/2026;01:00;15.5;5;SOLEIL VOILÉ;0;1.4;0
Villers-en-Ouche;48.86;0.57;11/09/2026;02:00;15;2;NUAGEUX;2;4.0;0
Villers-en-Ouche;48.86;0.57;11/09/2026;03:00;15;2;NUAGEUX;2;2.8;0
Villers-en-Ouche;48.86;0.57;11/09/2026;04:00;15;2;NUAGEUX;2;5.8;0
Villers-en-Ouche;48.86;0.57;11/09/2026;05:00;14.1;2;NUAGEUX;3;6.6;0
Villers-en-Ouche;48.86;0.57;11/09/2026;06:00;14.1;2;NUAGEUX;3;9.4;0
Villers-en-Ouche;48.86;0.57;11/09/2026;07:00;14.1;2;NUAGEUX;3;9.4;0
Villers-en-Ouche;48.86;0.57;11/09/2026;08:00;15.6;2;NUAGEUX;3;13.3;0
Villers-en-Ouche;48.86;0.57;11/09/2026;09:00;15.6;2;NUAGEUX;3;15.5;0
Villers-en-Ouche;48.86;0.57;11/09/2026;10:00;15.6;2;NUAGEUX;3;21.2;0
Villers-en-Ouche;48.86;0.57;11/09/2026;11:00;19;2;NUAGEUX;4;33.1;0
Villers-en-Ouche;48.86;0.57;11/09/2026;12:00;19;2;NUAGEUX;4;33.1;0
Villers-en-Ouche;48.86;0.57;11/09/2026;13:00;19;2;NUAGEUX;4;29.5;0
Villers-en-Ouche;48.86;0.57;11/09/2026;14:00;20.9;2;NUAGEUX;4;28.4;0
Villers-en-Ouche;48.86;0.57;11/09/2026;15:00;20.9;2;NUAGEUX;4;30.2;0
Villers-en-Ouche;48.86;0.57;11/09/2026;16:00;20.9;2;NUAGEUX;4;32.0;0
Villers-en-Ouche;48.86;0.57;11/09/2026;17:00;19;0;SOLEIL;4;31.3;0
Villers-en-Ouche;48.86;0.57;11/09/2026;18:00;19;0;SOLEIL;4;25.6;0
Villers-en-Ouche;48.86;0.57;11/09/2026;19:00;19;0;SOLEIL;4;27.4;0
Villers-en-Ouche;48.86;0.57;11/09/2026;20:00;15.2;0;SOLEIL;3;25.6;0
Villers-en-Ouche;48.86;0.57;11/09/2026;21:00;15.2;0;SOLEIL;3;21.6;0
Villers-en-Ouche;48.86;0.57;11/09/2026;22:00;15.2;0;SOLEIL;3;16.9;0
Villers-en-Ouche;48.86;0.57;11/09/2026;23:00;14;0;SOLEIL;2;14.0;0
Villers-en-Ouche;48.86;0.57;12/09/2026;00:00;14;0;SOLEIL;2;11.2;0
Villers-en-Ouche;48.86;0.57;12/09/2026;01:00;14;0;SOLEIL;2;9.0;0
Villers-en-Ouche;48.86;0.57;12/09/2026;02:00;12.9;0;SOLEIL;2;9.4;0
Villers-en-Ouche;48.86;0.57;12/09/2026;03:00;12.9;0;SOLEIL;2;9.7;0
Villers-en-Ouche;48.86;0.57;12/09/2026;04:00;12.9;0;SOLEIL;2;8.3;0
Villers-en-Ouche;48.86;0.57;12/09/2026;05:00;13;3;TRÈS NUAGEUX;1;6.1;0
Villers-en-Ouche;48.86;0.57;12/09/2026;06:00;13;3;TRÈS NUAGEUX;1;5.0;0
Villers-en-Ouche;48.86;0.57;12/09/2026;07:00;13;3;TRÈS NUAGEUX;1;6.8;0
Villers-en-Ouche;48.86;0.57;12/09/2026;08:00;16.6;0;SOLEIL;1;6.8;0
Villers-en-Ouche;48.86;0.57;12/09/2026;09:00;16.6;0;SOLEIL;1;7.6;0
Villers-en-Ouche;48.86;0.57;12/09/2026;10:00;16.6;0;SOLEIL;1;8.3;0
Villers-en-Ouche;48.86;0.57;12/09/2026;11:00;20.9;0;SOLEIL;2;9.7;0
Villers-en-Ouche;48.86;0.57;12/09/2026;12:00;20.9;0;SOLEIL;2;12.2;0
Villers-en-Ouche;48.86;0.57;12/09/2026;13:00;20.9;0;SOLEIL;2;15.1;0
Villers-en-Ouche;48.86;0.57;12/09/2026;14:00;22.1;0;SOLEIL;2;16.9;0
Villers-en-Ouche;48.86;0.57;12/09/2026;15:00;22.1;0;SOLEIL;2;17.3;0
Villers-en-Ouche;48.86;0.57;12/09/2026;16:00;22.1;0;SOLEIL;2;16.9;0
Villers-en-Ouche;48.86;0.57;12/09/2026;17:00;20.5;0;SOLEIL;2;16.2;0
Villers-en-Ouche;48.86;0.57;12/09/2026;18:00;20.5;0;SOLEIL;2;15.1;0
Villers-en-Ouche;48.86;0.57;12/09/2026;19:00;20.5;0;SOLEIL;2;13.3;0
Villers-en-Ouche;48.86;0.57;12/09/2026;20:00;17.0;3;TRÈS NUAGEUX;5;11.5;0
Villers-en-Ouche;48.86;0.57;12/09/2026;21:00;15.9;3;TRÈS NUAGEUX;5;9.7;0
Villers-en-Ouche;48.86;0.57;12/09/2026;22:00;14.7;3;TRÈS NUAGEUX;5;7.9;0
Villers-en-Ouche;48.86;0.57;12/09/2026;23:00;15.2;0;SOLEIL;2;6.5;0
Villers-en-Ouche;48.86;0.57;13/09/2026;00:00;15.2;0;SOLEIL;2;5.8;0
Villers-en-Ouche;48.86;0.57;13/09/2026;01:00;15.2;0;SOLEIL;2;5.0;0
Villers-en-Ouche;48.86;0.57;13/09/2026;02:00;13;2;NUAGEUX;5;4.7;0
Villers-en-Ouche;48.86;0.57;13/09/2026;03:00;13;2;NUAGEUX;5;4.0;0
Villers-en-Ouche;48.86;0.57;13/09/2026;04:00;13;2;NUAGEUX;5;3.2;0
Villers-en-Ouche;48.86;0.57;13/09/2026;05:00;13.6;2;NUAGEUX;2;2.9;0
Villers-en-Ouche;48.86;0.57;13/09/2026;06:00;13.6;2;NUAGEUX;2;2.2;0
Villers-en-Ouche;48.86;0.57;13/09/2026;07:00;13.6;2;NUAGEUX;2;1.4;0
Villers-en-Ouche;48.86;0.57;13/09/2026;08:00;15.1;2;NUAGEUX;5;2.2;0
Villers-en-Ouche;48.86;0.57;13/09/2026;09:00;16.2;2;NUAGEUX;5;4.7;0
Villers-en-Ouche;48.86;0.57;13/09/2026;10:00;17.3;2;NUAGEUX;5;8.3;0
Villers-en-Ouche;48.86;0.57;13/09/2026;11:00;20.4;2;NUAGEUX;4;12.2;0
Villers-en-Ouche;48.86;0.57;13/09/2026;12:00;20.4;2;NUAGEUX;4;16.9;0
Villers-en-Ouche;48.86;0.57;13/09/2026;13:00;20.4;2;NUAGEUX;4;22.0;0
Villers-en-Ouche;48.86;0.57;13/09/2026;14:00;21.5;2;NUAGEUX;5;25.2;0
Villers-en-Ouche;48.86;0.57;13/09/2026;15:00;22.6;2;NUAGEUX;5;26.3;0
Villers-en-Ouche;48.86;0.57;13/09/2026;16:00;21.5;2;NUAGEUX;5;25.9;0
Villers-en-Ouche;48.86;0.57;13/09/2026;17:00;20;2;NUAGEUX;3;24.5;0
Villers-en-Ouche;48.86;0.57;13/09/2026;18:00;20;2;NUAGEUX;3;21.6;0
Villers-en-Ouche;48.86;0.57;13/09/2026;19:00;20;2;NUAGEUX;3;18.0;0
Villers-en-Ouche;48.86;0.57;13/09/2026;20:00;17.3;2;NUAGEUX;5;14.8;0
Villers-en-Ouche;48.86;0.57;13/09/2026;21:00;16.2;2;NUAGEUX;5;12.2;0
Villers-en-Ouche;48.86;0.57;13/09/2026;22:00;15.1;2;NUAGEUX;5;10.1;0
Villers-en-Ouche;48.86;0.57;13/09/2026;23:00;15.7;0;SOLEIL;2;8.6;0
Villers-en-Ouche;48.86;0.57;14/09/2026;00:00;15.7;0;SOLEIL;2;7.5;0
Villers-en-Ouche;48.86;0.57;14/09/2026;01:00;15.7;0;SOLEIL;2;7.0;0
Villers-en-Ouche;48.86;0.57;14/09/2026;02:00;13.9;0;SOLEIL;5;6.6;0
Villers-en-Ouche;48.86;0.57;14/09/2026;03:00;13.9;0;SOLEIL;5;6.5;0
Villers-en-Ouche;48.86;0.57;14/09/2026;04:00;13.9;0;SOLEIL;5;6.8;0
Villers-en-Ouche;48.86;0.57;14/09/2026;05:00;14.6;2;NUAGEUX;2;6.8;0
Villers-en-Ouche;48.86;0.57;14/09/2026;06:00;14.6;2;NUAGEUX;2;6.8;0
Villers-en-Ouche;48.86;0.57;14/09/2026;07:00;14.6;2;NUAGEUX;2;6.5;0
Villers-en-Ouche;48.86;0.57;14/09/2026;08:00;15.9;0;SOLEIL;5;6.8;0
Villers-en-Ouche;48.86;0.57;14/09/2026;09:00;17.0;0;SOLEIL;5;7.2;0
Villers-en-Ouche;48.86;0.57;14/09/2026;10:00;18.0;0;SOLEIL;5;7.9;0
Villers-en-Ouche;48.86;0.57;14/09/2026;11:00;21.6;0;SOLEIL;2;9.7;0
Villers-en-Ouche;48.86;0.57;14/09/2026;12:00;21.6;0;SOLEIL;2;14.4;0
Villers-en-Ouche;48.86;0.57;14/09/2026;13:00;21.6;0;SOLEIL;2;20.2;0
Villers-en-Ouche;48.86;0.57;14/09/2026;14:00;22.1;0;SOLEIL;5;24.8;0
Villers-en-Ouche;48.86;0.57;14/09/2026;15:00;23.1;0;SOLEIL;5;27.0;0
Villers-en-Ouche;48.86;0.57;14/09/2026;16:00;22.1;0;SOLEIL;5;27.4;0
Villers-en-Ouche;48.86;0.57;14/09/2026;17:00;21.5;0;SOLEIL;1;26.6;0
Villers-en-Ouche;48.86;0.57;14/09/2026;18:00;21.5;0;SOLEIL;1;24.5;0
Villers-en-Ouche;48.86;0.57;14/09/2026;19:00;21.5;0;SOLEIL;1;20.9;0
Villers-en-Ouche;48.86;0.57;14/09/2026;20:00;18.0;0;SOLEIL;5;17.6;0
Villers-en-Ouche;48.86;0.57;14/09/2026;21:00;17.0;0;SOLEIL;5;14.8;0
Villers-en-Ouche;48.86;0.57;14/09/2026;22:00;15.9;0;SOLEIL;5;12.2;0
Villers-en-Ouche;48.86;0.57;14/09/2026;23:00;17;0;SOLEIL;2;10.1;0
Dieppe;49.92;1.07;10/09/2026;00:00;8.7;0;SOLEIL;2;5.0;0
Dieppe;49.92;1.07;10/09/2026;01:00;8.9;0;SOLEIL;2;4.3;0
Dieppe;49.92;1.07;10/09/2026;02:00;8.7;0;SOLEIL;2;3.6;0
Dieppe;49.92;1.07;10/09/2026;03:00;8.6;0;SOLEIL;2;4.3;0
Dieppe;49.92;1.07;10/09/2026;04:00;7.9;5;SOLEIL VOILÉ;2;4.3;0
Dieppe;49.92;1.07;10/09/2026;05:00;7.2;5;SOLEIL VOILÉ;2;4.0;0
Dieppe;49.92;1.07;10/09/2026;06:00;7.6;5;SOLEIL VOILÉ;2;5.0;0
Dieppe;49.92;1.07;10/09/2026;07:00;10.1;5;SOLEIL VOILÉ;2;5.0;0
Dieppe;49.92;1.07;10/09/2026;08:00;13.4;5;SOLEIL VOILÉ;2;4.3;0
Dieppe;49.92;1.07;10/09/2026;09:00;15.6;5;SOLEIL VOILÉ;3;4.3;0
Dieppe;49.92;1.07;10/09/2026;10:00;16.6;2;NUAGEUX;3;4.3;0
Dieppe;49.92;1.07;10/09/2026;11:00;17.4;2;NUAGEUX;3;9.0;0
Dieppe;49.92;1.07;10/09/2026;12:00;18;0;SOLEIL;3;17.6;0
Dieppe;49.92;1.07;10/09/2026;13:00;18.6;0;SOLEIL;3;19.4;0
Dieppe;49.92;1.07;10/09/2026;14:00;19.2;0;SOLEIL;3;22.0;0
Dieppe;49.92;1.07;10/09/2026;15:00;19.9;0;SOLEIL;3;22.3;0
Dieppe;49.92;1.07;10/09/2026;16:00;19.9;0;SOLEIL;3;24.5;0
Dieppe;49.92;1.07;10/09/2026;17:00;19.1;0;SOLEIL;3;26.3;0
Dieppe;49.92;1.07;10/09/2026;18:00;18.1;0;SOLEIL;3;23.0;0
Dieppe;49.92;1.07;10/09/2026;19:00;16.1;0;SOLEIL;2;19.4;0
Dieppe;49.92;1.07;10/09/2026;20:00;14.4;5;SOLEIL VOILÉ;2;15.1;0
Dieppe;49.92;1.07;10/09/2026;21:00;13.2;5;SOLEIL VOILÉ;2;5.8;0
Dieppe;49.92;1.07;10/09/2026;22:00;12.6;5;SOLEIL VOILÉ;2;5.4;0
Dieppe;49.92;1.07;10/09/2026;23:00;12.6;5;SOLEIL VOILÉ;2;3.6;0
Dieppe;49.92;1.07;11/09/2026;00:00;13.1;5;SOLEIL VOILÉ;3;4.3;0
Dieppe;49.92;1.07;11/09/2026;01:00;13.1;5;SOLEIL VOILÉ;3;6.5;0
Dieppe;49.92;1.07;11/09/2026;02:00;13.7;2;NUAGEUX;3;7.9;0
Dieppe;49.92;1.07;11/09/2026;03:00;13.7;2;NUAGEUX;3;9.7;0
Dieppe;49.92;1.07;11/09/2026;04:00;13.7;2;NUAGEUX;3;13.0;0
Dieppe;49.92;1.07;11/09/2026;05:00;14.4;6;AVERSES;4;14.9;0
Dieppe;49.92;1.07;11/09/2026;06:00;14.4;6;AVERSES;4;16.9;0
Dieppe;49.92;1.07;11/09/2026;07:00;14.4;6;AVERSES;4;18.4;0
Dieppe;49.92;1.07;11/09/2026;08:00;16.2;2;NUAGEUX;4;19.1;0
Dieppe;49.92;1.07;11/09/2026;09:00;16.2;2;NUAGEUX;4;21.6;0
Dieppe;49.92;1.07;11/09/2026;10:00;16.2;2;NUAGEUX;4;24.8;0
Dieppe;49.92;1.07;11/09/2026;11:00;20;2;NUAGEUX;4;28.4;0
Dieppe;49.92;1.07;11/09/2026;12:00;20;2;NUAGEUX;4;34.6;0
Dieppe;49.92;1.07;11/09/2026;13:00;20;2;NUAGEUX;4;34.2;0
Dieppe;49.92;1.07;11/09/2026;14:00;20.7;2;NUAGEUX;5;31.7;0
Dieppe;49.92;1.07;11/09/2026;15:00;20.7;2;NUAGEUX;5;34.2;0
Dieppe;49.92;1.07;11/09/2026;16:00;20.7;2;NUAGEUX;5;34.6;0
Dieppe;49.92;1.07;11/09/2026;17:00;17.6;0;SOLEIL;3;31.3;0
Dieppe;49.92;1.07;11/09/2026;18:00;17.6;0;SOLEIL;3;30.6;0
Dieppe;49.92;1.07;11/09/2026;19:00;17.6;0;SOLEIL;3;29.9;0
Dieppe;49.92;1.07;11/09/2026;20:00;13.7;0;SOLEIL;3;26.3;0
Dieppe;49.92;1.07;11/09/2026;21:00;13.7;0;SOLEIL;3;19.8;0
Dieppe;49.92;1.07;11/09/2026;22:00;13.7;0;SOLEIL;3;14.4;0
Dieppe;49.92;1.07;11/09/2026;23:00;11.7;0;SOLEIL;2;9.4;0
Dieppe;49.92;1.07;12/09/2026;00:00;11.7;0;SOLEIL;2;6.8;0
Dieppe;49.92;1.07;12/09/2026;01:00;11.7;0;SOLEIL;2;6.8;0
Dieppe;49.92;1.07;12/09/2026;02:00;11.1;3;TRÈS NUAGEUX;2;7.2;0
Dieppe;49.92;1.07;12/09/2026;03:00;11.1;3;TRÈS NUAGEUX;2;7.2;0
Dieppe;49.92;1.07;12/09/2026;04:00;11.1;3;TRÈS NUAGEUX;2;6.8;0
Dieppe;49.92;1.07;12/09/2026;05:00;10.1;3;TRÈS NUAGEUX;1;6.5;0
Dieppe;49.92;1.07;12/09/2026;06:00;10.1;3;TRÈS NUAGEUX;1;7.2;0
Dieppe;49.92;1.07;12/09/2026;07:00;10.1;3;TRÈS NUAGEUX;1;8.3;0
Dieppe;49.92;1.07;12/09/2026;08:00;16.7;3;TRÈS NUAGEUX;1;9.7;0
Dieppe;49.92;1.07;12/09/2026;09:00;16.7;3;TRÈS NUAGEUX;1;11.5;0
Dieppe;49.92;1.07;12/09/2026;10:00;16.7;3;TRÈS NUAGEUX;1;13.3;0
Dieppe;49.92;1.07;12/09/2026;11:00;20.4;0;SOLEIL;2;15.1;0
Dieppe;49.92;1.07;12/09/2026;12:00;20.4;0;SOLEIL;2;16.6;0
Dieppe;49.92;1.07;12/09/2026;13:00;20.4;0;SOLEIL;2;18.0;0
Dieppe;49.92;1.07;12/09/2026;14:00;21.4;0;SOLEIL;2;19.1;0
Dieppe;49.92;1.07;12/09/2026;15:00;21.4;0;SOLEIL;2;19.8;0
Dieppe;49.92;1.07;12/09/2026;16:00;21.4;0;SOLEIL;2;20.2;0
Dieppe;49.92;1.07;12/09/2026;17:00;19.1;0;SOLEIL;3;19.8;0
Dieppe;49.92;1.07;12/09/2026;18:00;19.1;0;SOLEIL;3;18.4;0
Dieppe;49.92;1.07;12/09/2026;19:00;19.1;0;SOLEIL;3;15.8;0
Dieppe;49.92;1.07;12/09/2026;20:00;15.0;3;TRÈS NUAGEUX;5;13.7;0
Dieppe;49.92;1.07;12/09/2026;21:00;13.6;3;TRÈS NUAGEUX;5;11.2;0
Dieppe;49.92;1.07;12/09/2026;22:00;12.3;3;TRÈS NUAGEUX;5;8.6;0
Dieppe;49.92;1.07;12/09/2026;23:00;12.4;0;SOLEIL;2;7.2;0
Dieppe;49.92;1.07;13/09/2026;00:00;12.4;0;SOLEIL;2;7.2;0
Dieppe;49.92;1.07;13/09/2026;01:00;12.4;0;SOLEIL;2;7.9;0
Dieppe;49.92;1.07;13/09/2026;02:00;11.7;2;NUAGEUX;5;8.6;0
Dieppe;49.92;1.07;13/09/2026;03:00;11.7;2;NUAGEUX;5;9.0;0
Dieppe;49.92;1.07;13/09/2026;04:00;11.7;2;NUAGEUX;5;9.4;0
Dieppe;49.92;1.07;13/09/2026;05:00;13;2;NUAGEUX;3;9.4;0
Dieppe;49.92;1.07;13/09/2026;06:00;13;2;NUAGEUX;3;9.0;0
Dieppe;49.92;1.07;13/09/2026;07:00;13;2;NUAGEUX;3;8.3;0
Dieppe;49.92;1.07;13/09/2026;08:00;14.0;2;NUAGEUX;5;8.6;0
Dieppe;49.92;1.07;13/09/2026;09:00;15.2;2;NUAGEUX;5;10.8;0
Dieppe;49.92;1.07;13/09/2026;10:00;16.3;2;NUAGEUX;5;14.0;0
Dieppe;49.92;1.07;13/09/2026;11:00;20.6;2;NUAGEUX;4;16.9;0
Dieppe;49.92;1.07;13/09/2026;12:00;20.6;2;NUAGEUX;4;19.8;0
Dieppe;49.92;1.07;13/09/2026;13:00;20.6;2;NUAGEUX;4;22.3;0
Dieppe;49.92;1.07;13/09/2026;14:00;20.9;2;NUAGEUX;5;24.1;0
Dieppe;49.92;1.07;13/09/2026;15:00;22.1;2;NUAGEUX;5;24.8;0
Dieppe;49.92;1.07;13/09/2026;16:00;20.9;2;NUAGEUX;5;24.8;0
Dieppe;49.92;1.07;13/09/2026;17:00;19.4;2;NUAGEUX;3;23.8;0
Dieppe;49.92;1.07;13/09/2026;18:00;19.4;2;NUAGEUX;3;21.2;0
Dieppe;49.92;1.07;13/09/2026;19:00;19.4;2;NUAGEUX;3;18.0;0
Dieppe;49.92;1.07;13/09/2026;20:00;16.3;2;NUAGEUX;5;14.8;0
Dieppe;49.92;1.07;13/09/2026;21:00;15.2;2;NUAGEUX;5;11.5;0
Dieppe;49.92;1.07;13/09/2026;22:00;14.0;2;NUAGEUX;5;8.3;0
Dieppe;49.92;1.07;13/09/2026;23:00;14.1;0;SOLEIL;2;5.8;0
Dieppe;49.92;1.07;14/09/2026;00:00;14.1;0;SOLEIL;2;4.6;0
Dieppe;49.92;1.07;14/09/2026;01:00;14.1;0;SOLEIL;2;3.4;0
Dieppe;49.92;1.07;14/09/2026;02:00;11.6;0;SOLEIL;5;2.4;0
Dieppe;49.92;1.07;14/09/2026;03:00;11.6;0;SOLEIL;5;2.5;0
Dieppe;49.92;1.07;14/09/2026;04:00;11.6;0;SOLEIL;5;4.0;0
Dieppe;49.92;1.07;14/09/2026;05:00;12.7;6;AVERSES;2;5.0;0
Dieppe;49.92;1.07;14/09/2026;06:00;12.7;6;AVERSES;2;4.7;0
Dieppe;49.92;1.07;14/09/2026;07:00;12.7;6;AVERSES;2;4.0;0
Dieppe;49.92;1.07;14/09/2026;08:00;14.3;0;SOLEIL;5;4.3;0
Dieppe;49.92;1.07;14/09/2026;09:00;15.6;0;SOLEIL;5;5.8;0
Dieppe;49.92;1.07;14/09/2026;10:00;17.0;0;SOLEIL;5;8.3;0
Dieppe;49.92;1.07;14/09/2026;11:00;22.4;2;NUAGEUX;3;11.5;0
Dieppe;49.92;1.07;14/09/2026;12:00;22.4;2;NUAGEUX;3;16.2;0
Dieppe;49.92;1.07;14/09/2026;13:00;22.4;2;NUAGEUX;3;21.6;0
Dieppe;49.92;1.07;14/09/2026;14:00;22.4;0;SOLEIL;5;25.9;0
Dieppe;49.92;1.07;14/09/2026;15:00;23.7;0;SOLEIL;5;28.1;0
Dieppe;49.92;1.07;14/09/2026;16:00;22.4;0;SOLEIL;5;28.8;0
Dieppe;49.92;1.07;14/09/2026;17:00;21.6;0;SOLEIL;2;28.4;0
Dieppe;49.92;1.07;14/09/2026;18:00;21.6;0;SOLEIL;2;25.9;0
Dieppe;49.92;1.07;14/09/2026;19:00;21.6;0;SOLEIL;2;22.3;0
Dieppe;49.92;1.07;14/09/2026;20:00;17.0;0;SOLEIL;5;18.7;0
Dieppe;49.92;1.07;14/09/2026;21:00;15.6;0;SOLEIL;5;16.6;0
Dieppe;49.92;1.07;14/09/2026;22:00;14.3;0;SOLEIL;5;14.8;0
Dieppe;49.92;1.07;14/09/2026;23:00;15;0;SOLEIL;2;12.6;0
Fécamp;49.75;0.37;10/09/2026;00:00;12;0;SOLEIL;3;12.2;0
Fécamp;49.75;0.37;10/09/2026;01:00;11.6;0;SOLEIL;3;14.0;0
Fécamp;49.75;0.37;10/09/2026;02:00;11.7;0;SOLEIL;3;15.1;0
Fécamp;49.75;0.37;10/09/2026;03:00;11.4;0;SOLEIL;3;15.5;0
Fécamp;49.75;0.37;10/09/2026;04:00;11.1;0;SOLEIL;3;16.6;0
Fécamp;49.75;0.37;10/09/2026;05:00;10.6;5;SOLEIL VOILÉ;3;17.3;0
Fécamp;49.75;0.37;10/09/2026;06:00;10.5;5;SOLEIL VOILÉ;3;17.6;0
Fécamp;49.75;0.37;10/09/2026;07:00;12.5;5;SOLEIL VOILÉ;3;17.3;0
Fécamp;49.75;0.37;10/09/2026;08:00;14.2;5;SOLEIL VOILÉ;3;17.6;0
Fécamp;49.75;0.37;10/09/2026;09:00;16.5;5;SOLEIL VOILÉ;3;18.4;0
Fécamp;49.75;0.37;10/09/2026;10:00;18.1;5;SOLEIL VOILÉ;3;20.9;0
Fécamp;49.75;0.37;10/09/2026;11:00;18.4;5;SOLEIL VOILÉ;3;23.0;0
Fécamp;49.75;0.37;10/09/2026;12:00;18.7;2;NUAGEUX;3;23.8;0
Fécamp;49.75;0.37;10/09/2026;13:00;19.1;2;NUAGEUX;3;24.8;0
Fécamp;49.75;0.37;10/09/2026;14:00;19;0;SOLEIL;3;27.0;0
Fécamp;49.75;0.37;10/09/2026;15:00;18.6;0;SOLEIL;4;27.4;0
Fécamp;49.75;0.37;10/09/2026;16:00;18.1;0;SOLEIL;3;25.2;0
Fécamp;49.75;0.37;10/09/2026;17:00;18.2;0;SOLEIL;3;27.4;0
Fécamp;49.75;0.37;10/09/2026;18:00;18.1;0;SOLEIL;2;26.6;0
Fécamp;49.75;0.37;10/09/2026;19:00;17.2;0;SOLEIL;2;26.6;0
Fécamp;49.75;0.37;10/09/2026;20:00;15.7;5;SOLEIL VOILÉ;2;22.3;0
Fécamp;49.75;0.37;10/09/2026;21:00;15;5;SOLEIL VOILÉ;2;15.1;0
Fécamp;49.75;0.37;10/09/2026;22:00;13.9;5;SOLEIL VOILÉ;2;12.2;0
Fécamp;49.75;0.37;10/09/2026;23:00;13.6;2;NUAGEUX;2;13.7;0
Fécamp;49.75;0.37;11/09/2026;00:00;14.1;2;NUAGEUX;3;16.6;0
Fécamp;49.75;0.37;11/09/2026;01:00;14.1;2;NUAGEUX;3;17.3;0
Fécamp;49.75;0.37;11/09/2026;02:00;14.6;6;AVERSES;6;17.3;0
Fécamp;49.75;0.37;11/09/2026;03:00;14.6;6;AVERSES;6;19.1;0
Fécamp;49.75;0.37;11/09/2026;04:00;14.6;6;AVERSES;6;20.2;0
Fécamp;49.75;0.37;11/09/2026;05:00;15;2;NUAGEUX;6;21.2;0
Fécamp;49.75;0.37;11/09/2026;06:00;15;2;NUAGEUX;6;23.0;0
Fécamp;49.75;0.37;11/09/2026;07:00;15;2;NUAGEUX;6;22.7;0
Fécamp;49.75;0.37;11/09/2026;08:00;17.5;2;NUAGEUX;6;24.1;0
Fécamp;49.75;0.37;11/09/2026;09:00;17.5;2;NUAGEUX;6;26.3;0
Fécamp;49.75;0.37;11/09/2026;10:00;17.5;2;NUAGEUX;6;27.7;0
Fécamp;49.75;0.37;11/09/2026;11:00;18.7;2;NUAGEUX;5;28.1;0
Fécamp;49.75;0.37;11/09/2026;12:00;18.7;2;NUAGEUX;5;32.8;0
Fécamp;49.75;0.37;11/09/2026;13:00;18.7;2;NUAGEUX;5;27.4;0
Fécamp;49.75;0.37;11/09/2026;14:00;18.6;0;SOLEIL;5;30.2;0
Fécamp;49.75;0.37;11/09/2026;15:00;18.6;0;SOLEIL;5;29.9;0
Fécamp;49.75;0.37;11/09/2026;16:00;18.6;0;SOLEIL;5;29.9;0
Fécamp;49.75;0.37;11/09/2026;17:00;18.1;0;SOLEIL;4;29.9;0
Fécamp;49.75;0.37;11/09/2026;18:00;18.1;0;SOLEIL;4;24.5;0
Fécamp;49.75;0.37;11/09/2026;19:00;18.1;0;SOLEIL;4;24.5;0
Fécamp;49.75;0.37;11/09/2026;20:00;17;0;SOLEIL;3;23.8;0
Fécamp;49.75;0.37;11/09/2026;21:00;17;0;SOLEIL;3;16.6;0
Fécamp;49.75;0.37;11/09/2026;22:00;17;0;SOLEIL;3;9.7;0
Fécamp;49.75;0.37;11/09/2026;23:00;15.6;0;SOLEIL;4;9.0;0
Fécamp;49.75;0.37;12/09/2026;00:00;15.6;0;SOLEIL;4;9.7;0
Fécamp;49.75;0.37;12/09/2026;01:00;15.6;0;SOLEIL;4;11.9;0
Fécamp;49.75;0.37;12/09/2026;02:00;13.5;0;SOLEIL;2;12.2;0
Fécamp;49.75;0.37;12/09/2026;03:00;13.5;0;SOLEIL;2;12.6;0
Fécamp;49.75;0.37;12/09/2026;04:00;13.5;0;SOLEIL;2;12.2;0
Fécamp;49.75;0.37;12/09/2026;05:00;12.9;0;SOLEIL;2;11.5;0
Fécamp;49.75;0.37;12/09/2026;06:00;12.9;0;SOLEIL;2;12.2;0
Fécamp;49.75;0.37;12/09/2026;07:00;12.9;0;SOLEIL;2;12.6;0
Fécamp;49.75;0.37;12/09/2026;08:00;17.6;0;SOLEIL;4;13.0;0
Fécamp;49.75;0.37;12/09/2026;09:00;17.6;0;SOLEIL;4;15.5;0
Fécamp;49.75;0.37;12/09/2026;10:00;17.6;0;SOLEIL;4;19.1;0
Fécamp;49.75;0.37;12/09/2026;11:00;19.6;2;NUAGEUX;5;22.3;0
Fécamp;49.75;0.37;12/09/2026;12:00;19.6;2;NUAGEUX;5;24.8;0
Fécamp;49.75;0.37;12/09/2026;13:00;19.6;2;NUAGEUX;5;27.4;0
Fécamp;49.75;0.37;12/09/2026;14:00;19.1;0;SOLEIL;4;28.8;0
Fécamp;49.75;0.37;12/09/2026;15:00;19.1;0;SOLEIL;4;29.2;0
Fécamp;49.75;0.37;12/09/2026;16:00;19.1;0;SOLEIL;4;28.4;0
Fécamp;49.75;0.37;12/09/2026;17:00;18.2;0;SOLEIL;3;27.0;0
Fécamp;49.75;0.37;12/09/2026;18:00;18.2;0;SOLEIL;3;24.8;0
Fécamp;49.75;0.37;12/09/2026;19:00;18.2;0;SOLEIL;3;22.0;0
Fécamp;49.75;0.37;12/09/2026;20:00;15.7;0;SOLEIL;5;19.4;0
Fécamp;49.75;0.37;12/09/2026;21:00;14.8;0;SOLEIL;5;16.9;0
Fécamp;49.75;0.37;12/09/2026;22:00;14.0;0;SOLEIL;5;14.8;0
Fécamp;49.75;0.37;12/09/2026;23:00;13.7;2;NUAGEUX;6;13.3;0
Fécamp;49.75;0.37;13/09/2026;00:00;13.7;2;NUAGEUX;6;12.6;0
Fécamp;49.75;0.37;13/09/2026;01:00;13.7;2;NUAGEUX;6;13.0;0
Fécamp;49.75;0.37;13/09/2026;02:00;15.2;6;AVERSES;5;13.3;0
Fécamp;49.75;0.37;13/09/2026;03:00;15.2;6;AVERSES;5;14.4;0
Fécamp;49.75;0.37;13/09/2026;04:00;15.2;6;AVERSES;5;15.5;0
Fécamp;49.75;0.37;13/09/2026;05:00;16;6;AVERSES;7;16.6;0
Fécamp;49.75;0.37;13/09/2026;06:00;16;6;AVERSES;7;16.6;0
Fécamp;49.75;0.37;13/09/2026;07:00;16;6;AVERSES;7;16.2;0
Fécamp;49.75;0.37;13/09/2026;08:00;16.3;6;AVERSES;5;16.2;0
Fécamp;49.75;0.37;13/09/2026;09:00;16.8;6;AVERSES;5;17.3;0
Fécamp;49.75;0.37;13/09/2026;10:00;17.4;6;AVERSES;5;19.1;0
Fécamp;49.75;0.37;13/09/2026;11:00;19.1;6;AVERSES;8;20.9;0
Fécamp;49.75;0.37;13/09/2026;12:00;19.1;6;AVERSES;8;23.4;0
Fécamp;49.75;0.37;13/09/2026;13:00;19.1;6;AVERSES;8;25.9;0
Fécamp;49.75;0.37;13/09/2026;14:00;19.6;6;AVERSES;5;27.7;0
Fécamp;49.75;0.37;13/09/2026;15:00;20.1;6;AVERSES;5;28.8;0
Fécamp;49.75;0.37;13/09/2026;16:00;19.6;6;AVERSES;5;28.8;0
Fécamp;49.75;0.37;13/09/2026;17:00;18.9;7;PLUIE FAIBLE;7;28.1;0
Fécamp;49.75;0.37;13/09/2026;18:00;18.9;7;PLUIE FAIBLE;7;25.9;0
Fécamp;49.75;0.37;13/09/2026;19:00;18.9;7;PLUIE FAIBLE;7;22.7;0
Fécamp;49.75;0.37;13/09/2026;20:00;17.4;6;AVERSES;5;19.1;0
Fécamp;49.75;0.37;13/09/2026;21:00;16.8;6;AVERSES;5;15.5;0
Fécamp;49.75;0.37;13/09/2026;22:00;16.3;6;AVERSES;5;11.5;0
Fécamp;49.75;0.37;13/09/2026;23:00;16.6;0;SOLEIL;5;9.0;0
Fécamp;49.75;0.37;14/09/2026;00:00;16.6;0;SOLEIL;5;8.6;0
Fécamp;49.75;0.37;14/09/2026;01:00;16.6;0;SOLEIL;5;9.5;0
Fécamp;49.75;0.37;14/09/2026;02:00;14;2;NUAGEUX;5;10.2;0
Fécamp;49.75;0.37;14/09/2026;03:00;14;2;NUAGEUX;5;10.4;0
Fécamp;49.75;0.37;14/09/2026;04:00;14;2;NUAGEUX;5;10.4;0
Fécamp;49.75;0.37;14/09/2026;05:00;14.6;6;AVERSES;4;10.4;0
Fécamp;49.75;0.37;14/09/2026;06:00;14.6;6;AVERSES;4;10.4;0
Fécamp;49.75;0.37;14/09/2026;07:00;14.6;6;AVERSES;4;10.4;0
Fécamp;49.75;0.37;14/09/2026;08:00;15.6;2;NUAGEUX;5;11.2;0
Fécamp;49.75;0.37;14/09/2026;09:00;16.4;2;NUAGEUX;5;13.3;0
Fécamp;49.75;0.37;14/09/2026;10:00;17.2;2;NUAGEUX;5;15.8;0
Fécamp;49.75;0.37;14/09/2026;11:00;20.4;2;NUAGEUX;3;18.0;0
Fécamp;49.75;0.37;14/09/2026;12:00;20.4;2;NUAGEUX;3;18.7;0
Fécamp;49.75;0.37;14/09/2026;13:00;20.4;2;NUAGEUX;3;18.7;0
Fécamp;49.75;0.37;14/09/2026;14:00;20.3;2;NUAGEUX;5;18.7;0
Fécamp;49.75;0.37;14/09/2026;15:00;21.1;2;NUAGEUX;5;18.4;0
Fécamp;49.75;0.37;14/09/2026;16:00;20.3;2;NUAGEUX;5;18.0;0
Fécamp;49.75;0.37;14/09/2026;17:00;19.1;2;NUAGEUX;4;18.0;0
Fécamp;49.75;0.37;14/09/2026;18:00;19.1;2;NUAGEUX;4;18.7;0
Fécamp;49.75;0.37;14/09/2026;19:00;19.1;2;NUAGEUX;4;19.4;0
Fécamp;49.75;0.37;14/09/2026;20:00;17.2;2;NUAGEUX;5;19.1;0
Fécamp;49.75;0.37;14/09/2026;21:00;16.4;2;NUAGEUX;5;15.8;0
Fécamp;49.75;0.37;14/09/2026;22:00;15.6;2;NUAGEUX;5;11.2;0
Fécamp;49.75;0.37;14/09/2026;23:00;16.2;0;SOLEIL;3;7.9;0
Le Havre;49.49;0.1;10/09/2026;00:00;11.7;0;SOLEIL;2;11.5;0
Le Havre;49.49;0.1;10/09/2026;01:00;11.2;0;SOLEIL;2;12.6;0
Le Havre;49.49;0.1;10/09/2026;02:00;11.6;0;SOLEIL;3;13.3;0
Le Havre;49.49;0.1;10/09/2026;03:00;10.9;5;SOLEIL VOILÉ;3;14.4;0
Le Havre;49.49;0.1;10/09/2026;04:00;10.9;5;SOLEIL VOILÉ;3;14.4;0
Le Havre;49.49;0.1;10/09/2026;05:00;10.9;2;NUAGEUX;3;15.1;0
Le Havre;49.49;0.1;10/09/2026;06:00;10.6;2;NUAGEUX;3;16.2;0
Le Havre;49.49;0.1;10/09/2026;07:00;12.4;2;NUAGEUX;3;16.2;0
Le Havre;49.49;0.1;10/09/2026;08:00;15.1;2;NUAGEUX;3;14.8;0
Le Havre;49.49;0.1;10/09/2026;09:00;16.5;5;SOLEIL VOILÉ;3;16.6;0
Le Havre;49.49;0.1;10/09/2026;10:00;17.5;5;SOLEIL VOILÉ;3;20.9;0
Le Havre;49.49;0.1;10/09/2026;11:00;17.9;2;NUAGEUX;3;24.8;0
Le Havre;49.49;0.1;10/09/2026;12:00;18;2;NUAGEUX;3;24.5;0
Le Havre;49.49;0.1;10/09/2026;13:00;18.1;2;NUAGEUX;4;21.2;0
Le Havre;49.49;0.1;10/09/2026;14:00;18.6;0;SOLEIL;4;24.5;0
Le Havre;49.49;0.1;10/09/2026;15:00;18.9;0;SOLEIL;3;28.1;0
Le Havre;49.49;0.1;10/09/2026;16:00;19;0;SOLEIL;3;29.5;0
Le Havre;49.49;0.1;10/09/2026;17:00;18.5;0;SOLEIL;2;30.2;0
Le Havre;49.49;0.1;10/09/2026;18:00;17.9;0;SOLEIL;2;28.4;0
Le Havre;49.49;0.1;10/09/2026;19:00;17.2;5;SOLEIL VOILÉ;2;25.9;0
Le Havre;49.49;0.1;10/09/2026;20:00;14;5;SOLEIL VOILÉ;2;20.2;0
Le Havre;49.49;0.1;10/09/2026;21:00;13.1;5;SOLEIL VOILÉ;3;12.2;0
Le Havre;49.49;0.1;10/09/2026;22:00;12.6;5;SOLEIL VOILÉ;3;10.4;0
Le Havre;49.49;0.1;10/09/2026;23:00;12.6;2;NUAGEUX;3;11.9;0
Le Havre;49.49;0.1;11/09/2026;00:00;13.1;2;NUAGEUX;3;12.6;0
Le Havre;49.49;0.1;11/09/2026;01:00;13.1;2;NUAGEUX;3;15.1;0
Le Havre;49.49;0.1;11/09/2026;02:00;16.2;6;AVERSES;6;18.4;0
Le Havre;49.49;0.1;11/09/2026;03:00;16.2;6;AVERSES;6;21.1;0
Le Havre;49.49;0.1;11/09/2026;04:00;16.2;6;AVERSES;6;23.4;0
Le Havre;49.49;0.1;11/09/2026;05:00;14.6;6;AVERSES;7;25.0;0
Le Havre;49.49;0.1;11/09/2026;06:00;14.6;6;AVERSES;7;25.9;0
Le Havre;49.49;0.1;11/09/2026;07:00;14.6;6;AVERSES;7;26.3;0
Le Havre;49.49;0.1;11/09/2026;08:00;18.1;6;AVERSES;6;26.3;0
Le Havre;49.49;0.1;11/09/2026;09:00;18.1;6;AVERSES;6;28.1;0
Le Havre;49.49;0.1;11/09/2026;10:00;18.1;6;AVERSES;6;28.8;0
Le Havre;49.49;0.1;11/09/2026;11:00;18.1;2;NUAGEUX;6;30.2;0
Le Havre;49.49;0.1;11/09/2026;12:00;18.1;2;NUAGEUX;6;24.8;0
Le Havre;49.49;0.1;11/09/2026;13:00;18.1;2;NUAGEUX;6;22.3;0
Le Havre;49.49;0.1;11/09/2026;14:00;18.6;0;SOLEIL;5;26.3;0
Le Havre;49.49;0.1;11/09/2026;15:00;18.6;0;SOLEIL;5;31.3;0
Le Havre;49.49;0.1;11/09/2026;16:00;18.6;0;SOLEIL;5;30.6;0
Le Havre;49.49;0.1;11/09/2026;17:00;18.1;0;SOLEIL;4;28.8;0
Le Havre;49.49;0.1;11/09/2026;18:00;18.1;0;SOLEIL;4;27.0;0
Le Havre;49.49;0.1;11/09/2026;19:00;18.1;0;SOLEIL;4;28.8;0
Le Havre;49.49;0.1;11/09/2026;20:00;17.5;0;SOLEIL;4;26.6;0
Le Havre;49.49;0.1;11/09/2026;21:00;17.5;0;SOLEIL;4;22.0;0
Le Havre;49.49;0.1;11/09/2026;22:00;17.5;0;SOLEIL;4;20.5;0
Le Havre;49.49;0.1;11/09/2026;23:00;15;0;SOLEIL;3;17.3;0
Le Havre;49.49;0.1;12/09/2026;00:00;15;0;SOLEIL;3;16.2;0
Le Havre;49.49;0.1;12/09/2026;01:00;15;0;SOLEIL;3;14.4;0
Le Havre;49.49;0.1;12/09/2026;02:00;12.1;0;SOLEIL;2;13.0;0
Le Havre;49.49;0.1;12/09/2026;03:00;12.1;0;SOLEIL;2;14.0;0
Le Havre;49.49;0.1;12/09/2026;04:00;12.1;0;SOLEIL;2;14.0;0
Le Havre;49.49;0.1;12/09/2026;05:00;12.7;0;SOLEIL;3;13.0;0
Le Havre;49.49;0.1;12/09/2026;06:00;12.7;0;SOLEIL;3;13.0;0
Le Havre;49.49;0.1;12/09/2026;07:00;12.7;0;SOLEIL;3;13.0;0
Le Havre;49.49;0.1;12/09/2026;08:00;18.2;0;SOLEIL;4;14.8;0
Le Havre;49.49;0.1;12/09/2026;09:00;18.2;0;SOLEIL;4;17.3;0
Le Havre;49.49;0.1;12/09/2026;10:00;18.2;0;SOLEIL;4;20.9;0
Le Havre;49.49;0.1;12/09/2026;11:00;19.1;0;SOLEIL;5;24.5;0
Le Havre;49.49;0.1;12/09/2026;12:00;19.1;0;SOLEIL;5;28.1;0
Le Havre;49.49;0.1;12/09/2026;13:00;19.1;0;SOLEIL;5;31.3;0
Le Havre;49.49;0.1;12/09/2026;14:00;19.2;0;SOLEIL;4;33.5;0
Le Havre;49.49;0.1;12/09/2026;15:00;19.2;0;SOLEIL;4;33.5;0
Le Havre;49.49;0.1;12/09/2026;16:00;19.2;0;SOLEIL;4;31.7;0
Le Havre;49.49;0.1;12/09/2026;17:00;18.5;0;SOLEIL;4;30.2;0
Le Havre;49.49;0.1;12/09/2026;18:00;18.5;0;SOLEIL;4;29.2;0
Le Havre;49.49;0.1;12/09/2026;19:00;18.5;0;SOLEIL;4;27.7;0
Le Havre;49.49;0.1;12/09/2026;20:00;15.6;0;SOLEIL;5;25.9;0
Le Havre;49.49;0.1;12/09/2026;21:00;14.7;0;SOLEIL;5;23.0;0
Le Havre;49.49;0.1;12/09/2026;22:00;13.8;0;SOLEIL;5;19.4;0
Le Havre;49.49;0.1;12/09/2026;23:00;13.5;2;NUAGEUX;5;16.9;0
Le Havre;49.49;0.1;13/09/2026;00:00;13.5;2;NUAGEUX;5;16.6;0
Le Havre;49.49;0.1;13/09/2026;01:00;13.5;2;NUAGEUX;5;17.6;0
Le Havre;49.49;0.1;13/09/2026;02:00;14.5;6;AVERSES;5;18.4;0
Le Havre;49.49;0.1;13/09/2026;03:00;14.5;6;AVERSES;5;18.7;0
Le Havre;49.49;0.1;13/09/2026;04:00;14.5;6;AVERSES;5;19.4;0
Le Havre;49.49;0.1;13/09/2026;05:00;15.6;7;PLUIE FAIBLE;6;20.2;0
Le Havre;49.49;0.1;13/09/2026;06:00;15.6;7;PLUIE FAIBLE;6;21.2;0
Le Havre;49.49;0.1;13/09/2026;07:00;15.6;7;PLUIE FAIBLE;6;22.7;0
Le Havre;49.49;0.1;13/09/2026;08:00;15.8;6;AVERSES;5;23.8;0
Le Havre;49.49;0.1;13/09/2026;09:00;16.4;6;AVERSES;5;23.8;0
Le Havre;49.49;0.1;13/09/2026;10:00;17.0;6;AVERSES;5;23.4;0
Le Havre;49.49;0.1;13/09/2026;11:00;19.4;6;AVERSES;7;24.1;0
Le Havre;49.49;0.1;13/09/2026;12:00;19.4;6;AVERSES;7;26.6;0
Le Havre;49.49;0.1;13/09/2026;13:00;19.4;6;AVERSES;7;29.9;0
Le Havre;49.49;0.1;13/09/2026;14:00;19.6;6;AVERSES;5;32.0;0
Le Havre;49.49;0.1;13/09/2026;15:00;20.2;6;AVERSES;5;32.0;0
Le Havre;49.49;0.1;13/09/2026;16:00;19.6;6;AVERSES;5;31.0;0
Le Havre;49.49;0.1;13/09/2026;17:00;17.7;6;AVERSES;5;29.2;0
Le Havre;49.49;0.1;13/09/2026;18:00;17.7;6;AVERSES;5;25.9;0
Le Havre;49.49;0.1;13/09/2026;19:00;17.7;6;AVERSES;5;22.0;0
Le Havre;49.49;0.1;13/09/2026;20:00;17.0;6;AVERSES;5;18.4;0
Le Havre;49.49;0.1;13/09/2026;21:00;16.4;6;AVERSES;5;15.5;0
Le Havre;49.49;0.1;13/09/2026;22:00;15.8;6;AVERSES;5;13.0;0
Le Havre;49.49;0.1;13/09/2026;23:00;15.9;0;SOLEIL;3;11.5;0
Le Havre;49.49;0.1;14/09/2026;00:00;15.9;0;SOLEIL;3;10.6;0
Le Havre;49.49;0.1;14/09/2026;01:00;15.9;0;SOLEIL;3;11.0;0
Le Havre;49.49;0.1;14/09/2026;02:00;13.9;2;NUAGEUX;5;11.3;0
Le Havre;49.49;0.1;14/09/2026;03:00;13.9;2;NUAGEUX;5;11.2;0
Le Havre;49.49;0.1;14/09/2026;04:00;13.9;2;NUAGEUX;5;11.2;0
Le Havre;49.49;0.1;14/09/2026;05:00;14.5;2;NUAGEUX;3;11.2;0
Le Havre;49.49;0.1;14/09/2026;06:00;14.5;2;NUAGEUX;3;11.2;0
Le Havre;49.49;0.1;14/09/2026;07:00;14.5;2;NUAGEUX;3;11.5;0
Le Havre;49.49;0.1;14/09/2026;08:00;15.7;2;NUAGEUX;5;12.2;0
Le Havre;49.49;0.1;14/09/2026;09:00;16.6;2;NUAGEUX;5;14.4;0
Le Havre;49.49;0.1;14/09/2026;10:00;17.5;2;NUAGEUX;5;16.9;0
Le Havre;49.49;0.1;14/09/2026;11:00;21.1;7;PLUIE FAIBLE;4;19.1;0
Le Havre;49.49;0.1;14/09/2026;12:00;21.1;7;PLUIE FAIBLE;4;20.2;0
Le Havre;49.49;0.1;14/09/2026;13:00;21.1;7;PLUIE FAIBLE;4;20.5;0
Le Havre;49.49;0.1;14/09/2026;14:00;21.0;2;NUAGEUX;5;20.9;0
Le Havre;49.49;0.1;14/09/2026;15:00;21.9;2;NUAGEUX;5;21.2;0
Le Havre;49.49;0.1;14/09/2026;16:00;21.0;2;NUAGEUX;5;21.2;0
Le Havre;49.49;0.1;14/09/2026;17:00;18.1;2;NUAGEUX;3;20.9;0
Le Havre;49.49;0.1;14/09/2026;18:00;18.1;2;NUAGEUX;3;19.4;0
Le Havre;49.49;0.1;14/09/2026;19:00;18.1;2;NUAGEUX;3;17.3;0
Le Havre;49.49;0.1;14/09/2026;20:00;17.5;2;NUAGEUX;5;15.1;0
Le Havre;49.49;0.1;14/09/2026;21:00;16.6;2;NUAGEUX;5;12.6;0
Le Havre;49.49;0.1;14/09/2026;22:00;15.7;2;NUAGEUX;5;10.1;0
Le Havre;49.49;0.1;14/09/2026;23:00;15.7;0;SOLEIL;3;8.6;0
Neufchâtel-en-Bray;49.73;1.44;10/09/2026;00:00;14;2;NUAGEUX;2;7.2;0
Neufchâtel-en-Bray;49.73;1.44;10/09/2026;01:00;13.6;2;NUAGEUX;2;10.4;0
Neufchâtel-en-Bray;49.73;1.44;10/09/2026;02:00;13.1;2;NUAGEUX;2;13.7;0
Neufchâtel-en-Bray;49.73;1.44;10/09/2026;03:00;14.7;2;NUAGEUX;2;22.3;0
Neufchâtel-en-Bray;49.73;1.44;10/09/2026;04:00;13.6;2;NUAGEUX;4;32.8;0
Neufchâtel-en-Bray;49.73;1.44;10/09/2026;05:00;13.2;2;NUAGEUX;4;32.4;0
Neufchâtel-en-Bray;49.73;1.44;10/09/2026;06:00;13.6;5;SOLEIL VOILÉ;4;26.3;0
Neufchâtel-en-Bray;49.73;1.44;10/09/2026;07:00;14.1;5;SOLEIL VOILÉ;3;23.4;0
Neufchâtel-en-Bray;49.73;1.44;10/09/2026;08:00;15.4;5;SOLEIL VOILÉ;3;19.1;0
Neufchâtel-en-Bray;49.73;1.44;10/09/2026;09:00;16.5;5;SOLEIL VOILÉ;3;22.3;0
Neufchâtel-en-Bray;49.73;1.44;10/09/2026;10:00;17.4;5;SOLEIL VOILÉ;3;22.0;0
Neufchâtel-en-Bray;49.73;1.44;10/09/2026;11:00;18.4;0;SOLEIL;3;22.3;0
Neufchâtel-en-Bray;49.73;1.44;10/09/2026;12:00;18.2;0;SOLEIL;3;22.3;0
Neufchâtel-en-Bray;49.73;1.44;10/09/2026;13:00;18.4;0;SOLEIL;3;25.9;0
Neufchâtel-en-Bray;49.73;1.44;10/09/2026;14:00;18.6;0;SOLEIL;2;28.4;0
Neufchâtel-en-Bray;49.73;1.44;10/09/2026;15:00;18.7;0;SOLEIL;2;27.4;0
Neufchâtel-en-Bray;49.73;1.44;10/09/2026;16:00;18.9;0;SOLEIL;2;25.9;0
Neufchâtel-en-Bray;49.73;1.44;10/09/2026;17:00;18.6;0;SOLEIL;2;28.1;0
Neufchâtel-en-Bray;49.73;1.44;10/09/2026;18:00;18.1;5;SOLEIL VOILÉ;2;24.5;0
Neufchâtel-en-Bray;49.73;1.44;10/09/2026;19:00;17.6;5;SOLEIL VOILÉ;1;22.0;0
Neufchâtel-en-Bray;49.73;1.44;10/09/2026;20:00;17.4;5;SOLEIL VOILÉ;2;23.0;0
Neufchâtel-en-Bray;49.73;1.44;10/09/2026;21:00;16.9;5;SOLEIL VOILÉ;2;20.2;0
Neufchâtel-en-Bray;49.73;1.44;10/09/2026;22:00;16.1;5;SOLEIL VOILÉ;3;16.9;0
Neufchâtel-en-Bray;49.73;1.44;10/09/2026;23:00;16.2;2;NUAGEUX;3;17.3;0
Neufchâtel-en-Bray;49.73;1.44;11/09/2026;00:00;17.1;2;NUAGEUX;3;17.3;0
Neufchâtel-en-Bray;49.73;1.44;11/09/2026;01:00;17.1;2;NUAGEUX;3;18.0;0
Neufchâtel-en-Bray;49.73;1.44;11/09/2026;02:00;16.6;6;AVERSES;7;15.5;0
Neufchâtel-en-Bray;49.73;1.44;11/09/2026;03:00;16.6;6;AVERSES;7;17.4;0
Neufchâtel-en-Bray;49.73;1.44;11/09/2026;04:00;16.6;6;AVERSES;7;20.5;0
Neufchâtel-en-Bray;49.73;1.44;11/09/2026;05:00;17.1;6;AVERSES;7;20.9;0
Neufchâtel-en-Bray;49.73;1.44;11/09/2026;06:00;17.1;6;AVERSES;7;23.0;0
Neufchâtel-en-Bray;49.73;1.44;11/09/2026;07:00;17.1;6;AVERSES;7;27.0;0
Neufchâtel-en-Bray;49.73;1.44;11/09/2026;08:00;18.5;6;AVERSES;7;27.0;0
Neufchâtel-en-Bray;49.73;1.44;11/09/2026;09:00;18.5;6;AVERSES;7;24.5;0
Neufchâtel-en-Bray;49.73;1.44;11/09/2026;10:00;18.5;6;AVERSES;7;27.0;0
Neufchâtel-en-Bray;49.73;1.44;11/09/2026;11:00;19.5;0;SOLEIL;6;27.0;0
Neufchâtel-en-Bray;49.73;1.44;11/09/2026;12:00;19.5;0;SOLEIL;6;25.6;0
Neufchâtel-en-Bray;49.73;1.44;11/09/2026;13:00;19.5;0;SOLEIL;6;29.9;0
Neufchâtel-en-Bray;49.73;1.44;11/09/2026;14:00;18.9;0;SOLEIL;5;33.1;0
Neufchâtel-en-Bray;49.73;1.44;11/09/2026;15:00;18.9;0;SOLEIL;5;37.4;0
Neufchâtel-en-Bray;49.73;1.44;11/09/2026;16:00;18.9;0;SOLEIL;5;36.0;0
Neufchâtel-en-Bray;49.73;1.44;11/09/2026;17:00;18.1;0;SOLEIL;4;33.5;0
Neufchâtel-en-Bray;49.73;1.44;11/09/2026;18:00;18.1;0;SOLEIL;4;30.2;0
Neufchâtel-en-Bray;49.73;1.44;11/09/2026;19:00;18.1;0;SOLEIL;4;29.9;0
Neufchâtel-en-Bray;49.73;1.44;11/09/2026;20:00;16.7;0;SOLEIL;4;26.3;0
Neufchâtel-en-Bray;49.73;1.44;11/09/2026;21:00;16.7;0;SOLEIL;4;24.5;0
Neufchâtel-en-Bray;49.73;1.44;11/09/2026;22:00;16.7;0;SOLEIL;4;18.0;0
Neufchâtel-en-Bray;49.73;1.44;11/09/2026;23:00;16.4;0;SOLEIL;3;16.6;0
Neufchâtel-en-Bray;49.73;1.44;12/09/2026;00:00;16.4;0;SOLEIL;3;14.4;0
Neufchâtel-en-Bray;49.73;1.44;12/09/2026;01:00;16.4;0;SOLEIL;3;14.4;0
Neufchâtel-en-Bray;49.73;1.44;12/09/2026;02:00;15;0;SOLEIL;1;12.6;0
Neufchâtel-en-Bray;49.73;1.44;12/09/2026;03:00;15;0;SOLEIL;1;12.2;0
Neufchâtel-en-Bray;49.73;1.44;12/09/2026;04:00;15;0;SOLEIL;1;11.2;0
Neufchâtel-en-Bray;49.73;1.44;12/09/2026;05:00;14.6;0;SOLEIL;3;9.7;0
Neufchâtel-en-Bray;49.73;1.44;12/09/2026;06:00;14.6;0;SOLEIL;3;8.6;0
Neufchâtel-en-Bray;49.73;1.44;12/09/2026;07:00;14.6;0;SOLEIL;3;8.6;0
Neufchâtel-en-Bray;49.73;1.44;12/09/2026;08:00;17.6;3;TRÈS NUAGEUX;4;14.4;0
Neufchâtel-en-Bray;49.73;1.44;12/09/2026;09:00;17.6;3;TRÈS NUAGEUX;4;18.7;0
Neufchâtel-en-Bray;49.73;1.44;12/09/2026;10:00;17.6;3;TRÈS NUAGEUX;4;23.8;0
Neufchâtel-en-Bray;49.73;1.44;12/09/2026;11:00;19.4;0;SOLEIL;3;28.1;0
Neufchâtel-en-Bray;49.73;1.44;12/09/2026;12:00;19.4;0;SOLEIL;3;30.6;0
Neufchâtel-en-Bray;49.73;1.44;12/09/2026;13:00;19.4;0;SOLEIL;3;32.4;0
Neufchâtel-en-Bray;49.73;1.44;12/09/2026;14:00;19.9;0;SOLEIL;3;33.1;0
Neufchâtel-en-Bray;49.73;1.44;12/09/2026;15:00;19.9;0;SOLEIL;3;32.4;0
Neufchâtel-en-Bray;49.73;1.44;12/09/2026;16:00;19.9;0;SOLEIL;3;31.0;0
Neufchâtel-en-Bray;49.73;1.44;12/09/2026;17:00;18.5;0;SOLEIL;2;28.8;0
Neufchâtel-en-Bray;49.73;1.44;12/09/2026;18:00;18.5;0;SOLEIL;2;25.9;0
Neufchâtel-en-Bray;49.73;1.44;12/09/2026;19:00;18.5;0;SOLEIL;2;22.7;0
Neufchâtel-en-Bray;49.73;1.44;12/09/2026;20:00;16.6;0;SOLEIL;5;20.2;0
Neufchâtel-en-Bray;49.73;1.44;12/09/2026;21:00;15.9;0;SOLEIL;5;18.7;0
Neufchâtel-en-Bray;49.73;1.44;12/09/2026;22:00;15.1;0;SOLEIL;5;17.6;0
Neufchâtel-en-Bray;49.73;1.44;12/09/2026;23:00;15.5;2;NUAGEUX;5;16.6;0
Neufchâtel-en-Bray;49.73;1.44;13/09/2026;00:00;15.5;2;NUAGEUX;5;15.1;0
Neufchâtel-en-Bray;49.73;1.44;13/09/2026;01:00;15.5;2;NUAGEUX;5;13.7;0
Neufchâtel-en-Bray;49.73;1.44;13/09/2026;02:00;16.2;7;PLUIE FAIBLE;5;13.0;0
Neufchâtel-en-Bray;49.73;1.44;13/09/2026;03:00;16.2;7;PLUIE FAIBLE;5;13.3;0
Neufchâtel-en-Bray;49.73;1.44;13/09/2026;04:00;16.2;7;PLUIE FAIBLE;5;14.0;0
Neufchâtel-en-Bray;49.73;1.44;13/09/2026;05:00;17.5;7;PLUIE FAIBLE;6;14.8;0
Neufchâtel-en-Bray;49.73;1.44;13/09/2026;06:00;17.5;7;PLUIE FAIBLE;6;15.1;0
Neufchâtel-en-Bray;49.73;1.44;13/09/2026;07:00;17.5;7;PLUIE FAIBLE;6;15.1;0
Neufchâtel-en-Bray;49.73;1.44;13/09/2026;08:00;17.3;7;PLUIE FAIBLE;5;15.5;0
Neufchâtel-en-Bray;49.73;1.44;13/09/2026;09:00;17.9;7;PLUIE FAIBLE;5;16.2;0
Neufchâtel-en-Bray;49.73;1.44;13/09/2026;10:00;18.4;7;PLUIE FAIBLE;5;17.3;0
Neufchâtel-en-Bray;49.73;1.44;13/09/2026;11:00;20.1;6;AVERSES;7;18.4;0
Neufchâtel-en-Bray;49.73;1.44;13/09/2026;12:00;20.1;6;AVERSES;7;19.4;0
Neufchâtel-en-Bray;49.73;1.44;13/09/2026;13:00;20.1;6;AVERSES;7;20.9;0
Neufchâtel-en-Bray;49.73;1.44;13/09/2026;14:00;20.6;7;PLUIE FAIBLE;5;22.0;0
Neufchâtel-en-Bray;49.73;1.44;13/09/2026;15:00;21.2;7;PLUIE FAIBLE;5;22.7;0
Neufchâtel-en-Bray;49.73;1.44;13/09/2026;16:00;20.6;7;PLUIE FAIBLE;5;23.4;0
Neufchâtel-en-Bray;49.73;1.44;13/09/2026;17:00;19.5;7;PLUIE FAIBLE;5;23.0;0
Neufchâtel-en-Bray;49.73;1.44;13/09/2026;18:00;19.5;7;PLUIE FAIBLE;5;22.0;0
Neufchâtel-en-Bray;49.73;1.44;13/09/2026;19:00;19.5;7;PLUIE FAIBLE;5;19.8;0
Neufchâtel-en-Bray;49.73;1.44;13/09/2026;20:00;18.4;7;PLUIE FAIBLE;5;17.3;0
Neufchâtel-en-Bray;49.73;1.44;13/09/2026;21:00;17.9;7;PLUIE FAIBLE;5;13.3;0
Neufchâtel-en-Bray;49.73;1.44;13/09/2026;22:00;17.3;7;PLUIE FAIBLE;5;8.6;0
Neufchâtel-en-Bray;49.73;1.44;13/09/2026;23:00;17.5;0;SOLEIL;4;5.8;0
Neufchâtel-en-Bray;49.73;1.44;14/09/2026;00:00;17.5;0;SOLEIL;4;6.2;0
Neufchâtel-en-Bray;49.73;1.44;14/09/2026;01:00;17.5;0;SOLEIL;4;8.5;0
Neufchâtel-en-Bray;49.73;1.44;14/09/2026;02:00;15.6;0;SOLEIL;5;10.3;0
Neufchâtel-en-Bray;49.73;1.44;14/09/2026;03:00;15.6;0;SOLEIL;5;10.4;0
Neufchâtel-en-Bray;49.73;1.44;14/09/2026;04:00;15.6;0;SOLEIL;5;9.7;0
Neufchâtel-en-Bray;49.73;1.44;14/09/2026;05:00;16.5;2;NUAGEUX;4;9.4;0
Neufchâtel-en-Bray;49.73;1.44;14/09/2026;06:00;16.5;2;NUAGEUX;4;9.0;0
Neufchâtel-en-Bray;49.73;1.44;14/09/2026;07:00;16.5;2;NUAGEUX;4;8.3;0
Neufchâtel-en-Bray;49.73;1.44;14/09/2026;08:00;17.0;0;SOLEIL;5;8.6;0
Neufchâtel-en-Bray;49.73;1.44;14/09/2026;09:00;17.8;0;SOLEIL;5;10.1;0
Neufchâtel-en-Bray;49.73;1.44;14/09/2026;10:00;18.5;0;SOLEIL;5;12.2;0
Neufchâtel-en-Bray;49.73;1.44;14/09/2026;11:00;21.4;6;AVERSES;3;14.0;0
Neufchâtel-en-Bray;49.73;1.44;14/09/2026;12:00;21.4;6;AVERSES;3;15.1;0
Neufchâtel-en-Bray;49.73;1.44;14/09/2026;13:00;21.4;6;AVERSES;3;15.8;0
Neufchâtel-en-Bray;49.73;1.44;14/09/2026;14:00;21.4;0;SOLEIL;5;16.2;0
Neufchâtel-en-Bray;49.73;1.44;14/09/2026;15:00;22.1;0;SOLEIL;5;16.6;0
Neufchâtel-en-Bray;49.73;1.44;14/09/2026;16:00;21.4;0;SOLEIL;5;16.6;0
Neufchâtel-en-Bray;49.73;1.44;14/09/2026;17:00;20.6;0;SOLEIL;2;16.9;0
Neufchâtel-en-Bray;49.73;1.44;14/09/2026;18:00;20.6;0;SOLEIL;2;17.6;0
Neufchâtel-en-Bray;49.73;1.44;14/09/2026;19:00;20.6;0;SOLEIL;2;18.4;0
Neufchâtel-en-Bray;49.73;1.44;14/09/2026;20:00;18.5;0;SOLEIL;5;17.6;0
Neufchâtel-en-Bray;49.73;1.44;14/09/2026;21:00;17.8;0;SOLEIL;5;13.7;0
Neufchâtel-en-Bray;49.73;1.44;14/09/2026;22:00;17.0;0;SOLEIL;5;7.9;0
Neufchâtel-en-Bray;49.73;1.44;14/09/2026;23:00;17.1;0;SOLEIL;3;4.3;0
Rouen;49.44;1.09;10/09/2026;00:00;8.6;0;SOLEIL;1;2.2;0
Rouen;49.44;1.09;10/09/2026;01:00;8.1;0;SOLEIL;2;4.7;0
Rouen;49.44;1.09;10/09/2026;02:00;7.9;0;SOLEIL;1;5.8;0
Rouen;49.44;1.09;10/09/2026;03:00;7.7;0;SOLEIL;2;5.4;0
Rouen;49.44;1.09;10/09/2026;04:00;7.1;0;SOLEIL;2;4.7;0
Rouen;49.44;1.09;10/09/2026;05:00;7.1;0;SOLEIL;2;4.3;0
Rouen;49.44;1.09;10/09/2026;06:00;7.1;2;NUAGEUX;2;4.7;0
Rouen;49.44;1.09;10/09/2026;07:00;9.9;5;SOLEIL VOILÉ;2;5.4;0
Rouen;49.44;1.09;10/09/2026;08:00;12.6;5;SOLEIL VOILÉ;2;6.1;0
Rouen;49.44;1.09;10/09/2026;09:00;15.9;5;SOLEIL VOILÉ;1;6.5;0
Rouen;49.44;1.09;10/09/2026;10:00;17.9;5;SOLEIL VOILÉ;3;6.8;0
Rouen;49.44;1.09;10/09/2026;11:00;19.1;5;SOLEIL VOILÉ;3;7.9;0
Rouen;49.44;1.09;10/09/2026;12:00;19.6;2;NUAGEUX;3;17.6;0
Rouen;49.44;1.09;10/09/2026;13:00;19.9;0;SOLEIL;3;19.8;0
Rouen;49.44;1.09;10/09/2026;14:00;20;0;SOLEIL;3;22.7;0
Rouen;49.44;1.09;10/09/2026;15:00;20.1;0;SOLEIL;3;23.4;0
Rouen;49.44;1.09;10/09/2026;16:00;19.1;0;SOLEIL;3;24.8;0
Rouen;49.44;1.09;10/09/2026;17:00;18.1;0;SOLEIL;3;24.8;0
Rouen;49.44;1.09;10/09/2026;18:00;16.7;0;SOLEIL;3;25.6;0
Rouen;49.44;1.09;10/09/2026;19:00;14.4;0;SOLEIL;2;19.4;0
Rouen;49.44;1.09;10/09/2026;20:00;12.9;5;SOLEIL VOILÉ;0;10.8;0
Rouen;49.44;1.09;10/09/2026;21:00;11.6;5;SOLEIL VOILÉ;1;11.2;0
Rouen;49.44;1.09;10/09/2026;22:00;10.7;5;SOLEIL VOILÉ;1;6.5;0
Rouen;49.44;1.09;10/09/2026;23:00;10.2;5;SOLEIL VOILÉ;2;6.5;0
Rouen;49.44;1.09;11/09/2026;00:00;10.4;5;SOLEIL VOILÉ;2;5.8;0
Rouen;49.44;1.09;11/09/2026;01:00;10.4;5;SOLEIL VOILÉ;2;6.5;0
Rouen;49.44;1.09;11/09/2026;02:00;12.6;6;AVERSES;3;6.8;0
Rouen;49.44;1.09;11/09/2026;03:00;12.6;6;AVERSES;3;7.4;0
Rouen;49.44;1.09;11/09/2026;04:00;12.6;6;AVERSES;3;8.6;0
Rouen;49.44;1.09;11/09/2026;05:00;13;2;NUAGEUX;3;9.0;0
Rouen;49.44;1.09;11/09/2026;06:00;13;2;NUAGEUX;3;13.0;0
Rouen;49.44;1.09;11/09/2026;07:00;13;2;NUAGEUX;3;14.0;0
Rouen;49.44;1.09;11/09/2026;08:00;17;2;NUAGEUX;4;14.0;0
Rouen;49.44;1.09;11/09/2026;09:00;17;2;NUAGEUX;4;17.3;0
Rouen;49.44;1.09;11/09/2026;10:00;17;2;NUAGEUX;4;21.2;0
Rouen;49.44;1.09;11/09/2026;11:00;19.9;2;NUAGEUX;5;26.3;0
Rouen;49.44;1.09;11/09/2026;12:00;19.9;2;NUAGEUX;5;30.2;0
Rouen;49.44;1.09;11/09/2026;13:00;19.9;2;NUAGEUX;5;29.2;0
Rouen;49.44;1.09;11/09/2026;14:00;20.2;0;SOLEIL;4;26.3;0
Rouen;49.44;1.09;11/09/2026;15:00;20.2;0;SOLEIL;4;25.9;0
Rouen;49.44;1.09;11/09/2026;16:00;20.2;0;SOLEIL;4;28.1;0
Rouen;49.44;1.09;11/09/2026;17:00;17.6;0;SOLEIL;3;28.8;0
Rouen;49.44;1.09;11/09/2026;18:00;17.6;0;SOLEIL;3;26.6;0
Rouen;49.44;1.09;11/09/2026;19:00;17.6;0;SOLEIL;3;22.3;0
Rouen;49.44;1.09;11/09/2026;20:00;12.6;0;SOLEIL;2;20.9;0
Rouen;49.44;1.09;11/09/2026;21:00;12.6;0;SOLEIL;2;18.4;0
Rouen;49.44;1.09;11/09/2026;22:00;12.6;0;SOLEIL;2;10.1;0
Rouen;49.44;1.09;11/09/2026;23:00;11.2;0;SOLEIL;1;6.1;0
Rouen;49.44;1.09;12/09/2026;00:00;11.2;0;SOLEIL;1;6.5;0
Rouen;49.44;1.09;12/09/2026;01:00;11.2;0;SOLEIL;1;6.1;0
Rouen;49.44;1.09;12/09/2026;02:00;10.1;3;TRÈS NUAGEUX;2;7.2;0
Rouen;49.44;1.09;12/09/2026;03:00;10.1;3;TRÈS NUAGEUX;2;7.2;0
Rouen;49.44;1.09;12/09/2026;04:00;10.1;3;TRÈS NUAGEUX;2;6.8;0
Rouen;49.44;1.09;12/09/2026;05:00;8.4;3;TRÈS NUAGEUX;2;6.8;0
Rouen;49.44;1.09;12/09/2026;06:00;8.4;3;TRÈS NUAGEUX;2;6.5;0
Rouen;49.44;1.09;12/09/2026;07:00;8.4;3;TRÈS NUAGEUX;2;6.8;0
Rouen;49.44;1.09;12/09/2026;08:00;16.9;3;TRÈS NUAGEUX;2;6.8;0
Rouen;49.44;1.09;12/09/2026;09:00;16.9;3;TRÈS NUAGEUX;2;10.1;0
Rouen;49.44;1.09;12/09/2026;10:00;16.9;3;TRÈS NUAGEUX;2;15.1;0
Rouen;49.44;1.09;12/09/2026;11:00;21;2;NUAGEUX;3;19.4;0
Rouen;49.44;1.09;12/09/2026;12:00;21;2;NUAGEUX;3;23.0;0
Rouen;49.44;1.09;12/09/2026;13:00;21;2;NUAGEUX;3;26.3;0
Rouen;49.44;1.09;12/09/2026;14:00;20.9;0;SOLEIL;3;28.1;0
Rouen;49.44;1.09;12/09/2026;15:00;20.9;0;SOLEIL;3;27.7;0
Rouen;49.44;1.09;12/09/2026;16:00;20.9;0;SOLEIL;3;25.6;0
Rouen;49.44;1.09;12/09/2026;17:00;17.9;0;SOLEIL;2;23.8;0
Rouen;49.44;1.09;12/09/2026;18:00;17.9;0;SOLEIL;2;22.3;0
Rouen;49.44;1.09;12/09/2026;19:00;17.9;0;SOLEIL;2;21.2;0
Rouen;49.44;1.09;12/09/2026;20:00;14.1;3;TRÈS NUAGEUX;5;19.1;0
Rouen;49.44;1.09;12/09/2026;21:00;12.5;3;TRÈS NUAGEUX;5;15.1;0
Rouen;49.44;1.09;12/09/2026;22:00;10.9;3;TRÈS NUAGEUX;5;10.4;0
Rouen;49.44;1.09;12/09/2026;23:00;10.6;2;NUAGEUX;2;7.2;0
Rouen;49.44;1.09;13/09/2026;00:00;10.6;2;NUAGEUX;2;6.5;0
Rouen;49.44;1.09;13/09/2026;01:00;10.6;2;NUAGEUX;2;6.8;0
Rouen;49.44;1.09;13/09/2026;02:00;13;6;AVERSES;5;7.6;0
Rouen;49.44;1.09;13/09/2026;03:00;13;6;AVERSES;5;7.9;0
Rouen;49.44;1.09;13/09/2026;04:00;13;6;AVERSES;5;8.3;0
Rouen;49.44;1.09;13/09/2026;05:00;14.2;7;PLUIE FAIBLE;4;8.6;0
Rouen;49.44;1.09;13/09/2026;06:00;14.2;7;PLUIE FAIBLE;4;8.3;0
Rouen;49.44;1.09;13/09/2026;07:00;14.2;7;PLUIE FAIBLE;4;7.6;0
Rouen;49.44;1.09;13/09/2026;08:00;14.9;6;AVERSES;5;8.3;0
Rouen;49.44;1.09;13/09/2026;09:00;15.9;6;AVERSES;5;11.5;0
Rouen;49.44;1.09;13/09/2026;10:00;16.9;6;AVERSES;5;16.6;0
Rouen;49.44;1.09;13/09/2026;11:00;20.1;6;AVERSES;5;20.5;0
Rouen;49.44;1.09;13/09/2026;12:00;20.1;6;AVERSES;5;23.0;0
Rouen;49.44;1.09;13/09/2026;13:00;20.1;6;AVERSES;5;25.2;0
Rouen;49.44;1.09;13/09/2026;14:00;20.7;6;AVERSES;5;26.3;0
Rouen;49.44;1.09;13/09/2026;15:00;21.7;6;AVERSES;5;27.0;0
Rouen;49.44;1.09;13/09/2026;16:00;20.7;6;AVERSES;5;27.0;0
Rouen;49.44;1.09;13/09/2026;17:00;18.6;6;AVERSES;3;26.3;0
Rouen;49.44;1.09;13/09/2026;18:00;18.6;6;AVERSES;3;24.1;0
Rouen;49.44;1.09;13/09/2026;19:00;18.6;6;AVERSES;3;20.9;0
Rouen;49.44;1.09;13/09/2026;20:00;16.9;6;AVERSES;5;17.3;0
Rouen;49.44;1.09;13/09/2026;21:00;15.9;6;AVERSES;5;12.6;0
Rouen;49.44;1.09;13/09/2026;22:00;14.9;6;AVERSES;5;7.6;0
Rouen;49.44;1.09;13/09/2026;23:00;14.4;0;SOLEIL;2;4.3;0
Rouen;49.44;1.09;14/09/2026;00:00;14.4;0;SOLEIL;2;3.9;0
Rouen;49.44;1.09;14/09/2026;01:00;14.4;0;SOLEIL;2;5.0;0
Rouen;49.44;1.09;14/09/2026;02:00;12.5;6;AVERSES;5;5.9;0
Rouen;49.44;1.09;14/09/2026;03:00;12.5;6;AVERSES;5;6.1;0
Rouen;49.44;1.09;14/09/2026;04:00;12.5;6;AVERSES;5;6.5;0
Rouen;49.44;1.09;14/09/2026;05:00;13.4;6;AVERSES;2;6.5;0
Rouen;49.44;1.09;14/09/2026;06:00;13.4;6;AVERSES;2;6.1;0
Rouen;49.44;1.09;14/09/2026;07:00;13.4;6;AVERSES;2;5.8;0
Rouen;49.44;1.09;14/09/2026;08:00;14.9;6;AVERSES;5;6.5;0
Rouen;49.44;1.09;14/09/2026;09:00;16.1;6;AVERSES;5;8.6;0
Rouen;49.44;1.09;14/09/2026;10:00;17.3;6;AVERSES;5;11.5;0
Rouen;49.44;1.09;14/09/2026;11:00;21.9;6;AVERSES;3;14.4;0
Rouen;49.44;1.09;14/09/2026;12:00;21.9;6;AVERSES;3;17.6;0
Rouen;49.44;1.09;14/09/2026;13:00;21.9;6;AVERSES;3;20.9;0
Rouen;49.44;1.09;14/09/2026;14:00;22.0;6;AVERSES;5;23.4;0
Rouen;49.44;1.09;14/09/2026;15:00;23.2;6;AVERSES;5;24.5;0
Rouen;49.44;1.09;14/09/2026;16:00;22.0;6;AVERSES;5;24.5;0
Rouen;49.44;1.09;14/09/2026;17:00;20.2;2;NUAGEUX;2;23.8;0
Rouen;49.44;1.09;14/09/2026;18:00;20.2;2;NUAGEUX;2;21.6;0
Rouen;49.44;1.09;14/09/2026;19:00;20.2;2;NUAGEUX;2;18.7;0
Rouen;49.44;1.09;14/09/2026;20:00;17.3;6;AVERSES;5;15.5;0
Rouen;49.44;1.09;14/09/2026;21:00;16.1;6;AVERSES;5;12.6;0
Rouen;49.44;1.09;14/09/2026;22:00;14.9;6;AVERSES;5;9.7;0
Rouen;49.44;1.09;14/09/2026;23:00;14.6;0;SOLEIL;2;7.2;0
Le Tréport;50.06;1.37;10/09/2026;00:00;14.5;0;SOLEIL;3;10.1;0
Le Tréport;50.06;1.37;10/09/2026;01:00;13.9;0;SOLEIL;3;10.8;0
Le Tréport;50.06;1.37;10/09/2026;02:00;13.5;0;SOLEIL;3;10.8;0
Le Tréport;50.06;1.37;10/09/2026;03:00;12.6;0;SOLEIL;3;10.8;0
Le Tréport;50.06;1.37;10/09/2026;04:00;11.6;0;SOLEIL;3;11.5;0
Le Tréport;50.06;1.37;10/09/2026;05:00;12.1;2;NUAGEUX;4;12.2;0
Le Tréport;50.06;1.37;10/09/2026;06:00;11.4;2;NUAGEUX;4;11.5;0
Le Tréport;50.06;1.37;10/09/2026;07:00;12.2;2;NUAGEUX;4;11.5;0
Le Tréport;50.06;1.37;10/09/2026;08:00;13.6;5;SOLEIL VOILÉ;4;11.5;0
Le Tréport;50.06;1.37;10/09/2026;09:00;16.4;5;SOLEIL VOILÉ;3;12.2;0
Le Tréport;50.06;1.37;10/09/2026;10:00;16.7;5;SOLEIL VOILÉ;3;20.5;0
Le Tréport;50.06;1.37;10/09/2026;11:00;17.6;5;SOLEIL VOILÉ;3;23.0;0
Le Tréport;50.06;1.37;10/09/2026;12:00;18.5;2;NUAGEUX;3;23.0;0
Le Tréport;50.06;1.37;10/09/2026;13:00;19;2;NUAGEUX;3;22.7;0
Le Tréport;50.06;1.37;10/09/2026;14:00;19;0;SOLEIL;3;20.5;0
Le Tréport;50.06;1.37;10/09/2026;15:00;18.6;0;SOLEIL;3;23.8;0
Le Tréport;50.06;1.37;10/09/2026;16:00;18.2;0;SOLEIL;3;25.2;0
Le Tréport;50.06;1.37;10/09/2026;17:00;17.4;0;SOLEIL;3;26.6;0
Le Tréport;50.06;1.37;10/09/2026;18:00;16.6;0;SOLEIL;3;26.3;0
Le Tréport;50.06;1.37;10/09/2026;19:00;15.6;0;SOLEIL;3;23.0;0
Le Tréport;50.06;1.37;10/09/2026;20:00;16.7;5;SOLEIL VOILÉ;2;20.2;0
Le Tréport;50.06;1.37;10/09/2026;21:00;15.6;5;SOLEIL VOILÉ;3;11.2;0
Le Tréport;50.06;1.37;10/09/2026;22:00;14.9;5;SOLEIL VOILÉ;3;8.6;0
Le Tréport;50.06;1.37;10/09/2026;23:00;15.1;5;SOLEIL VOILÉ;3;9.7;0
Le Tréport;50.06;1.37;11/09/2026;00:00;14.6;2;NUAGEUX;3;11.2;0
Le Tréport;50.06;1.37;11/09/2026;01:00;14.6;2;NUAGEUX;3;14.0;0
Le Tréport;50.06;1.37;11/09/2026;02:00;14.1;6;AVERSES;4;14.0;0
Le Tréport;50.06;1.37;11/09/2026;03:00;14.1;6;AVERSES;4;20.4;0
Le Tréport;50.06;1.37;11/09/2026;04:00;14.1;6;AVERSES;4;22.3;0
Le Tréport;50.06;1.37;11/09/2026;05:00;15.6;6;AVERSES;5;22.7;0
Le Tréport;50.06;1.37;11/09/2026;06:00;15.6;6;AVERSES;5;25.6;0
Le Tréport;50.06;1.37;11/09/2026;07:00;15.6;6;AVERSES;5;28.4;0
Le Tréport;50.06;1.37;11/09/2026;08:00;17;2;NUAGEUX;5;28.8;0
Le Tréport;50.06;1.37;11/09/2026;09:00;17;2;NUAGEUX;5;31.3;0
Le Tréport;50.06;1.37;11/09/2026;10:00;17;2;NUAGEUX;5;34.2;0
Le Tréport;50.06;1.37;11/09/2026;11:00;18.7;2;NUAGEUX;6;34.9;0
Le Tréport;50.06;1.37;11/09/2026;12:00;18.7;2;NUAGEUX;6;37.8;0
Le Tréport;50.06;1.37;11/09/2026;13:00;18.7;2;NUAGEUX;6;33.8;0
Le Tréport;50.06;1.37;11/09/2026;14:00;18.6;0;SOLEIL;5;24.8;0
Le Tréport;50.06;1.37;11/09/2026;15:00;18.6;0;SOLEIL;5;24.5;0
Le Tréport;50.06;1.37;11/09/2026;16:00;18.6;0;SOLEIL;5;22.3;0
Le Tréport;50.06;1.37;11/09/2026;17:00;17.6;0;SOLEIL;3;22.3;0
Le Tréport;50.06;1.37;11/09/2026;18:00;17.6;0;SOLEIL;3;21.2;0
Le Tréport;50.06;1.37;11/09/2026;19:00;17.6;0;SOLEIL;3;22.3;0
Le Tréport;50.06;1.37;11/09/2026;20:00;14.6;0;SOLEIL;2;24.5;0
Le Tréport;50.06;1.37;11/09/2026;21:00;14.6;0;SOLEIL;2;23.8;0
Le Tréport;50.06;1.37;11/09/2026;22:00;14.6;0;SOLEIL;2;16.2;0
Le Tréport;50.06;1.37;11/09/2026;23:00;15.6;0;SOLEIL;2;12.6;0
Le Tréport;50.06;1.37;12/09/2026;00:00;15.6;0;SOLEIL;2;10.8;0
Le Tréport;50.06;1.37;12/09/2026;01:00;15.6;0;SOLEIL;2;14.0;0
Le Tréport;50.06;1.37;12/09/2026;02:00;12.6;0;SOLEIL;2;15.1;0
Le Tréport;50.06;1.37;12/09/2026;03:00;12.6;0;SOLEIL;2;15.5;0
Le Tréport;50.06;1.37;12/09/2026;04:00;12.6;0;SOLEIL;2;16.6;0
Le Tréport;50.06;1.37;12/09/2026;05:00;12.6;2;NUAGEUX;3;18.0;0
Le Tréport;50.06;1.37;12/09/2026;06:00;12.6;2;NUAGEUX;3;19.1;0
Le Tréport;50.06;1.37;12/09/2026;07:00;12.6;2;NUAGEUX;3;19.4;0
Le Tréport;50.06;1.37;12/09/2026;08:00;18.1;0;SOLEIL;3;19.1;0
Le Tréport;50.06;1.37;12/09/2026;09:00;18.1;0;SOLEIL;3;21.6;0
Le Tréport;50.06;1.37;12/09/2026;10:00;18.1;0;SOLEIL;3;25.2;0
Le Tréport;50.06;1.37;12/09/2026;11:00;20.2;2;NUAGEUX;4;28.4;0
Le Tréport;50.06;1.37;12/09/2026;12:00;20.2;2;NUAGEUX;4;31.3;0
Le Tréport;50.06;1.37;12/09/2026;13:00;20.2;2;NUAGEUX;4;33.5;0
Le Tréport;50.06;1.37;12/09/2026;14:00;19.1;0;SOLEIL;4;35.3;0
Le Tréport;50.06;1.37;12/09/2026;15:00;19.1;0;SOLEIL;4;36.0;0
Le Tréport;50.06;1.37;12/09/2026;16:00;19.1;0;SOLEIL;4;36.0;0
Le Tréport;50.06;1.37;12/09/2026;17:00;17.9;0;SOLEIL;3;35.3;0
Le Tréport;50.06;1.37;12/09/2026;18:00;17.9;0;SOLEIL;3;33.5;0
Le Tréport;50.06;1.37;12/09/2026;19:00;17.9;0;SOLEIL;3;31.0;0
Le Tréport;50.06;1.37;12/09/2026;20:00;15.8;0;SOLEIL;5;28.8;0
Le Tréport;50.06;1.37;12/09/2026;21:00;14.8;0;SOLEIL;5;27.0;0
Le Tréport;50.06;1.37;12/09/2026;22:00;13.8;0;SOLEIL;5;25.2;0
Le Tréport;50.06;1.37;12/09/2026;23:00;14.7;2;NUAGEUX;3;23.8;0
Le Tréport;50.06;1.37;13/09/2026;00:00;14.7;2;NUAGEUX;3;22.3;0
Le Tréport;50.06;1.37;13/09/2026;01:00;14.7;2;NUAGEUX;3;20.9;0
Le Tréport;50.06;1.37;13/09/2026;02:00;16.1;6;AVERSES;5;20.2;0
Le Tréport;50.06;1.37;13/09/2026;03:00;16.1;6;AVERSES;5;20.9;0
Le Tréport;50.06;1.37;13/09/2026;04:00;16.1;6;AVERSES;5;22.7;0
Le Tréport;50.06;1.37;13/09/2026;05:00;17;6;AVERSES;4;24.1;0
Le Tréport;50.06;1.37;13/09/2026;06:00;17;6;AVERSES;4;25.2;0
Le Tréport;50.06;1.37;13/09/2026;07:00;17;6;AVERSES;4;25.9;0
Le Tréport;50.06;1.37;13/09/2026;08:00;17.1;6;AVERSES;5;26.6;0
Le Tréport;50.06;1.37;13/09/2026;09:00;17.6;6;AVERSES;5;26.6;0
Le Tréport;50.06;1.37;13/09/2026;10:00;18.1;6;AVERSES;5;26.6;0
Le Tréport;50.06;1.37;13/09/2026;11:00;19.7;6;AVERSES;5;27.4;0
Le Tréport;50.06;1.37;13/09/2026;12:00;19.7;6;AVERSES;5;29.9;0
Le Tréport;50.06;1.37;13/09/2026;13:00;19.7;6;AVERSES;5;32.8;0
Le Tréport;50.06;1.37;13/09/2026;14:00;20.1;6;AVERSES;5;34.9;0
Le Tréport;50.06;1.37;13/09/2026;15:00;20.6;6;AVERSES;5;35.3;0
Le Tréport;50.06;1.37;13/09/2026;16:00;20.1;6;AVERSES;5;34.9;0
Le Tréport;50.06;1.37;13/09/2026;17:00;19.6;6;AVERSES;4;33.5;0
Le Tréport;50.06;1.37;13/09/2026;18:00;19.6;6;AVERSES;4;31.3;0
Le Tréport;50.06;1.37;13/09/2026;19:00;19.6;6;AVERSES;4;28.8;0
Le Tréport;50.06;1.37;13/09/2026;20:00;18.1;6;AVERSES;5;25.9;0
Le Tréport;50.06;1.37;13/09/2026;21:00;17.6;6;AVERSES;5;22.7;0
Le Tréport;50.06;1.37;13/09/2026;22:00;17.1;6;AVERSES;5;19.8;0
Le Tréport;50.06;1.37;13/09/2026;23:00;17.5;0;SOLEIL;2;17.6;0
Le Tréport;50.06;1.37;14/09/2026;00:00;17.5;0;SOLEIL;2;15.7;0
Le Tréport;50.06;1.37;14/09/2026;01:00;17.5;0;SOLEIL;2;15.1;0
Le Tréport;50.06;1.37;14/09/2026;02:00;14.6;6;AVERSES;5;14.2;0
Le Tréport;50.06;1.37;14/09/2026;03:00;14.6;6;AVERSES;5;12.6;0
Le Tréport;50.06;1.37;14/09/2026;04:00;14.6;6;AVERSES;5;12.2;0
Le Tréport;50.06;1.37;14/09/2026;05:00;15.4;6;AVERSES;3;11.9;0
Le Tréport;50.06;1.37;14/09/2026;06:00;15.4;6;AVERSES;3;11.9;0
Le Tréport;50.06;1.37;14/09/2026;07:00;15.4;6;AVERSES;3;11.9;0
Le Tréport;50.06;1.37;14/09/2026;08:00;16.2;6;AVERSES;5;12.6;0
Le Tréport;50.06;1.37;14/09/2026;09:00;17.0;6;AVERSES;5;14.8;0
Le Tréport;50.06;1.37;14/09/2026;10:00;17.8;6;AVERSES;5;17.3;0
Le Tréport;50.06;1.37;14/09/2026;11:00;20.9;6;AVERSES;3;19.4;0
Le Tréport;50.06;1.37;14/09/2026;12:00;20.9;6;AVERSES;3;20.5;0
Le Tréport;50.06;1.37;14/09/2026;13:00;20.9;6;AVERSES;3;20.9;0
Le Tréport;50.06;1.37;14/09/2026;14:00;20.9;6;AVERSES;5;21.2;0
Le Tréport;50.06;1.37;14/09/2026;15:00;21.7;6;AVERSES;5;21.2;0
Le Tréport;50.06;1.37;14/09/2026;16:00;20.9;6;AVERSES;5;21.2;0
Le Tréport;50.06;1.37;14/09/2026;17:00;19.7;2;NUAGEUX;2;20.9;0
Le Tréport;50.06;1.37;14/09/2026;18:00;19.7;2;NUAGEUX;2;20.2;0
Le Tréport;50.06;1.37;14/09/2026;19:00;19.7;2;NUAGEUX;2;19.4;0
Le Tréport;50.06;1.37;14/09/2026;20:00;17.8;6;AVERSES;5;18.0;0
Le Tréport;50.06;1.37;14/09/2026;21:00;17.0;6;AVERSES;5;15.1;0
Le Tréport;50.06;1.37;14/09/2026;22:00;16.2;6;AVERSES;5;11.5;0
Le Tréport;50.06;1.37;14/09/2026;23:00;17.4;0;SOLEIL;2;9.4;0
