Ville;Latitude;Longitude;Date;Heure;temperature_2m;weathercode;Temps_Label;windspeed_10m;wind_gusts_10m;precipitation
Blain;47.47;-1.76;08/09/2026;00:00;19.4;2;NUAGEUX;2;22.7;0
Blain;47.47;-1.76;08/09/2026;01:00;18.7;2;NUAGEUX;2;20.5;0
Blain;47.47;-1.76;08/09/2026;02:00;18.7;2;NUAGEUX;2;20.9;0
Blain;47.47;-1.76;08/09/2026;03:00;19;2;NUAGEUX;3;16.6;0
Blain;47.47;-1.76;08/09/2026;04:00;18.7;2;NUAGEUX;3;15.8;0
Blain;47.47;-1.76;08/09/2026;05:00;18.1;2;NUAGEUX;3;17.6;0
Blain;47.47;-1.76;08/09/2026;06:00;18.7;2;NUAGEUX;3;23.0;0
Blain;47.47;-1.76;08/09/2026;07:00;19.1;2;NUAGEUX;4;28.1;0
Blain;47.47;-1.76;08/09/2026;08:00;21;2;NUAGEUX;5;27.0;0
Blain;47.47;-1.76;08/09/2026;09:00;22.2;2;NUAGEUX;6;27.4;0
Blain;47.47;-1.76;08/09/2026;10:00;23.4;6;AVERSES;7;31.3;0.2
Blain;47.47;-1.76;08/09/2026;11:00;23.4;6;AVERSES;7;46.4;0.7
Blain;47.47;-1.76;08/09/2026;12:00;21.9;6;AVERSES;7;49.7;1.3
Blain;47.47;-1.76;08/09/2026;13:00;20.2;6;AVERSES;7;55.8;0.7
Blain;47.47;-1.76;08/09/2026;14:00;20.9;2;NUAGEUX;6;55.8;0
Blain;47.47;-1.76;08/09/2026;15:00;20.9;2;NUAGEUX;5;54.4;0
Blain;47.47;-1.76;08/09/2026;16:00;23.2;6;AVERSES;5;56.9;0.1
Blain;47.47;-1.76;08/09/2026;17:00;20.1;2;NUAGEUX;5;51.5;0
Blain;47.47;-1.76;08/09/2026;18:00;19.1;2;NUAGEUX;5;47.9;0
Blain;47.47;-1.76;08/09/2026;19:00;17.9;6;AVERSES;5;41.8;0.1
Blain;47.47;-1.76;08/09/2026;20:00;17;2;NUAGEUX;4;40.0;0
Blain;47.47;-1.76;08/09/2026;21:00;16.2;0;SOLEIL;4;34.9;0
Blain;47.47;-1.76;08/09/2026;22:00;15.5;0;SOLEIL;3;30.2;0
Blain;47.47;-1.76;08/09/2026;23:00;15.5;0;SOLEIL;3;22.3;0
Blain;47.47;-1.76;09/09/2026;00:00;14.6;0;SOLEIL;4;28.1;0
Blain;47.47;-1.76;09/09/2026;01:00;14.6;0;SOLEIL;4;27.0;0
Blain;47.47;-1.76;09/09/2026;02:00;13.2;0;SOLEIL;3;23.8;0
Blain;47.47;-1.76;09/09/2026;03:00;13.2;0;SOLEIL;3;23.0;0
Blain;47.47;-1.76;09/09/2026;04:00;13.2;0;SOLEIL;3;18.7;0
Blain;47.47;-1.76;09/09/2026;05:00;13.6;0;SOLEIL;3;16.9;0
Blain;47.47;-1.76;09/09/2026;06:00;13.6;0;SOLEIL;3;20.2;0
Blain;47.47;-1.76;09/09/2026;07:00;13.6;0;SOLEIL;3;17.3;0
Blain;47.47;-1.76;09/09/2026;08:00;18.6;0;SOLEIL;3;14.0;0
Blain;47.47;-1.76;09/09/2026;09:00;18.6;0;SOLEIL;3;20.9;0
Blain;47.47;-1.76;09/09/2026;10:00;18.6;0;SOLEIL;3;21.6;0
Blain;47.47;-1.76;09/09/2026;11:00;22;2;NUAGEUX;3;24.8;0
Blain;47.47;-1.76;09/09/2026;12:00;22;2;NUAGEUX;3;24.5;0
Blain;47.47;-1.76;09/09/2026;13:00;22;2;NUAGEUX;3;23.6;0
Blain;47.47;-1.76;09/09/2026;14:00;22.6;2;NUAGEUX;3;23.8;0
Blain;47.47;-1.76;09/09/2026;15:00;22.6;2;NUAGEUX;3;29.2;0
Blain;47.47;-1.76;09/09/2026;16:00;22.6;2;NUAGEUX;3;30.6;0
Blain;47.47;-1.76;09/09/2026;17:00;20.5;0;SOLEIL;4;29.9;0
Blain;47.47;-1.76;09/09/2026;18:00;20.5;0;SOLEIL;4;29.2;0
Blain;47.47;-1.76;09/09/2026;19:00;20.5;0;SOLEIL;4;26.3;0
Blain;47.47;-1.76;09/09/2026;20:00;17.5;0;SOLEIL;2;28.4;0
Blain;47.47;-1.76;09/09/2026;21:00;17.5;0;SOLEIL;2;27.7;0
Blain;47.47;-1.76;09/09/2026;22:00;17.5;0;SOLEIL;2;16.6;0
Blain;47.47;-1.76;09/09/2026;23:00;15.4;5;SOLEIL VOILÉ;2;17.6;0
Blain;47.47;-1.76;10/09/2026;00:00;15.4;5;SOLEIL VOILÉ;2;26.3;0
Blain;47.47;-1.76;10/09/2026;01:00;15.4;5;SOLEIL VOILÉ;2;23.0;0
Blain;47.47;-1.76;10/09/2026;02:00;14.2;5;SOLEIL VOILÉ;2;17.3;0
Blain;47.47;-1.76;10/09/2026;03:00;14.2;5;SOLEIL VOILÉ;2;12.2;0
Blain;47.47;-1.76;10/09/2026;04:00;14.2;5;SOLEIL VOILÉ;2;9.7;0
Blain;47.47;-1.76;10/09/2026;05:00;13.7;5;SOLEIL VOILÉ;1;10.1;0
Blain;47.47;-1.76;10/09/2026;06:00;13.7;5;SOLEIL VOILÉ;1;10.1;0
Blain;47.47;-1.76;10/09/2026;07:00;13.7;5;SOLEIL VOILÉ;1;8.6;0
Blain;47.47;-1.76;10/09/2026;08:00;19.2;5;SOLEIL VOILÉ;1;11.5;0
Blain;47.47;-1.76;10/09/2026;09:00;19.2;5;SOLEIL VOILÉ;1;13.0;0
Blain;47.47;-1.76;10/09/2026;10:00;19.2;5;SOLEIL VOILÉ;1;12.6;0
Blain;47.47;-1.76;10/09/2026;11:00;22;2;NUAGEUX;2;14.0;0
Blain;47.47;-1.76;10/09/2026;12:00;22;2;NUAGEUX;2;14.8;0
Blain;47.47;-1.76;10/09/2026;13:00;22;2;NUAGEUX;2;16.2;0
Blain;47.47;-1.76;10/09/2026;14:00;22.6;2;NUAGEUX;3;18.4;0
Blain;47.47;-1.76;10/09/2026;15:00;22.6;2;NUAGEUX;3;18.0;0
Blain;47.47;-1.76;10/09/2026;16:00;22.6;2;NUAGEUX;3;18.4;0
Blain;47.47;-1.76;10/09/2026;17:00;21.2;0;SOLEIL;3;13.7;0
Blain;47.47;-1.76;10/09/2026;18:00;21.2;0;SOLEIL;3;18.7;0
Blain;47.47;-1.76;10/09/2026;19:00;21.2;0;SOLEIL;3;18.4;0
Blain;47.47;-1.76;10/09/2026;20:00;17.8;2;NUAGEUX;5;28.4;0
Blain;47.47;-1.76;10/09/2026;21:00;16.6;2;NUAGEUX;5;29.9;0
Blain;47.47;-1.76;10/09/2026;22:00;15.5;2;NUAGEUX;5;25.2;0
Blain;47.47;-1.76;10/09/2026;23:00;16.4;2;NUAGEUX;2;18.7;0
Blain;47.47;-1.76;11/09/2026;00:00;16.4;2;NUAGEUX;2;17.3;0
Blain;47.47;-1.76;11/09/2026;01:00;16.4;2;NUAGEUX;2;15.5;0
Blain;47.47;-1.76;11/09/2026;02:00;15.5;7;PLUIE FAIBLE;5;11.9;0
Blain;47.47;-1.76;11/09/2026;03:00;15.5;7;PLUIE FAIBLE;5;7.9;0
Blain;47.47;-1.76;11/09/2026;04:00;15.5;7;PLUIE FAIBLE;5;5.4;0
Blain;47.47;-1.76;11/09/2026;05:00;16.6;7;PLUIE FAIBLE;3;5.0;0
Blain;47.47;-1.76;11/09/2026;06:00;16.6;7;PLUIE FAIBLE;3;4.3;0
Blain;47.47;-1.76;11/09/2026;07:00;16.6;7;PLUIE FAIBLE;3;5.8;0
Blain;47.47;-1.76;11/09/2026;08:00;17.4;7;PLUIE FAIBLE;5;5.4;0
Blain;47.47;-1.76;11/09/2026;09:00;18.4;7;PLUIE FAIBLE;5;5.8;0
Blain;47.47;-1.76;11/09/2026;10:00;19.3;7;PLUIE FAIBLE;5;14.0;0
Blain;47.47;-1.76;11/09/2026;11:00;21.7;7;PLUIE FAIBLE;3;13.3;0
Blain;47.47;-1.76;11/09/2026;12:00;21.7;7;PLUIE FAIBLE;3;18.5;0
Blain;47.47;-1.76;11/09/2026;13:00;21.7;7;PLUIE FAIBLE;3;23.0;0
Blain;47.47;-1.76;11/09/2026;14:00;23.1;7;PLUIE FAIBLE;5;25.7;0
Blain;47.47;-1.76;11/09/2026;15:00;24.1;7;PLUIE FAIBLE;5;28.4;0
Blain;47.47;-1.76;11/09/2026;16:00;23.1;7;PLUIE FAIBLE;5;29.2;0
Blain;47.47;-1.76;11/09/2026;17:00;21.9;7;PLUIE FAIBLE;4;29.5;0
Blain;47.47;-1.76;11/09/2026;18:00;21.9;7;PLUIE FAIBLE;4;29.5;0
Blain;47.47;-1.76;11/09/2026;19:00;21.9;7;PLUIE FAIBLE;4;29.5;0
Blain;47.47;-1.76;11/09/2026;20:00;19.3;7;PLUIE FAIBLE;5;29.5;0
Blain;47.47;-1.76;11/09/2026;21:00;18.4;7;PLUIE FAIBLE;5;29.9;0
Blain;47.47;-1.76;11/09/2026;22:00;17.4;7;PLUIE FAIBLE;5;30.2;0
Blain;47.47;-1.76;11/09/2026;23:00;16.4;0;SOLEIL;2;30.2;0
Blain;47.47;-1.76;12/09/2026;00:00;16.4;0;SOLEIL;2;29.5;0
Blain;47.47;-1.76;12/09/2026;01:00;16.4;0;SOLEIL;2;28.8;0
Blain;47.47;-1.76;12/09/2026;02:00;13.2;0;SOLEIL;5;27.0;0
Blain;47.47;-1.76;12/09/2026;03:00;13.2;0;SOLEIL;5;24.1;0
Blain;47.47;-1.76;12/09/2026;04:00;13.2;0;SOLEIL;5;20.9;0
Blain;47.47;-1.76;12/09/2026;05:00;13.9;0;SOLEIL;2;18.4;0
Blain;47.47;-1.76;12/09/2026;06:00;13.9;0;SOLEIL;2;17.3;0
Blain;47.47;-1.76;12/09/2026;07:00;13.9;0;SOLEIL;2;17.3;0
Blain;47.47;-1.76;12/09/2026;08:00;15.7;0;SOLEIL;5;17.3;0
Blain;47.47;-1.76;12/09/2026;09:00;17.0;0;SOLEIL;5;17.3;0
Blain;47.47;-1.76;12/09/2026;10:00;18.2;0;SOLEIL;5;17.3;0
Blain;47.47;-1.76;12/09/2026;11:00;22.4;2;NUAGEUX;2;17.6;0
Blain;47.47;-1.76;12/09/2026;12:00;22.4;2;NUAGEUX;2;18.4;0
Blain;47.47;-1.76;12/09/2026;13:00;22.4;2;NUAGEUX;2;19.1;0
Blain;47.47;-1.76;12/09/2026;14:00;23.2;0;SOLEIL;5;19.8;0
Blain;47.47;-1.76;12/09/2026;15:00;24.5;0;SOLEIL;5;20.2;0
Blain;47.47;-1.76;12/09/2026;16:00;23.2;0;SOLEIL;5;20.2;0
Blain;47.47;-1.76;12/09/2026;17:00;22.4;0;SOLEIL;2;19.8;0
Blain;47.47;-1.76;12/09/2026;18:00;22.4;0;SOLEIL;2;18.7;0
Blain;47.47;-1.76;12/09/2026;19:00;22.4;0;SOLEIL;2;17.6;0
Blain;47.47;-1.76;12/09/2026;20:00;18.2;0;SOLEIL;5;16.6;0
Blain;47.47;-1.76;12/09/2026;21:00;17.0;0;SOLEIL;5;16.6;0
Blain;47.47;-1.76;12/09/2026;22:00;15.7;0;SOLEIL;5;16.9;0
Blain;47.47;-1.76;12/09/2026;23:00;15.9;0;SOLEIL;2;17.3;0
Châteaubriant;47.71;-1.37;08/09/2026;00:00;17.9;2;NUAGEUX;2;16.6;0
Châteaubriant;47.71;-1.37;08/09/2026;01:00;17.6;2;NUAGEUX;3;19.8;0
Châteaubriant;47.71;-1.37;08/09/2026;02:00;18.1;4;COUVERT;2;18.7;0
Châteaubriant;47.71;-1.37;08/09/2026;03:00;18.4;4;COUVERT;3;10.4;0
Châteaubriant;47.71;-1.37;08/09/2026;04:00;19.1;6;AVERSES;3;16.6;0.2
Châteaubriant;47.71;-1.37;08/09/2026;05:00;18.2;2;NUAGEUX;3;19.1;0
Châteaubriant;47.71;-1.37;08/09/2026;06:00;18.6;2;NUAGEUX;4;22.0;0
Châteaubriant;47.71;-1.37;08/09/2026;07:00;18.5;6;AVERSES;5;22.0;0.2
Châteaubriant;47.71;-1.37;08/09/2026;08:00;19.9;6;AVERSES;6;16.2;0.2
Châteaubriant;47.71;-1.37;08/09/2026;09:00;21.6;6;AVERSES;7;18.7;0.2
Châteaubriant;47.71;-1.37;08/09/2026;10:00;23.6;6;AVERSES;7;31.7;0.2
Châteaubriant;47.71;-1.37;08/09/2026;11:00;22.5;6;AVERSES;7;43.2;1.4
Châteaubriant;47.71;-1.37;08/09/2026;12:00;21.5;7;PLUIE FAIBLE;8;51.5;4.1
Châteaubriant;47.71;-1.37;08/09/2026;13:00;20.7;6;AVERSES;7;60.1;0.7
Châteaubriant;47.71;-1.37;08/09/2026;14:00;21.1;2;NUAGEUX;8;57.6;0
Châteaubriant;47.71;-1.37;08/09/2026;15:00;21.1;6;AVERSES;5;67.7;0.1
Châteaubriant;47.71;-1.37;08/09/2026;16:00;19.5;2;NUAGEUX;6;57.2;0
Châteaubriant;47.71;-1.37;08/09/2026;17:00;18.2;2;NUAGEUX;5;58.7;0
Châteaubriant;47.71;-1.37;08/09/2026;18:00;18.5;2;NUAGEUX;5;46.8;0
Châteaubriant;47.71;-1.37;08/09/2026;19:00;16.7;2;NUAGEUX;5;47.9;0
Châteaubriant;47.71;-1.37;08/09/2026;20:00;16.1;0;SOLEIL;5;38.2;0
Châteaubriant;47.71;-1.37;08/09/2026;21:00;15.1;0;SOLEIL;4;31.3;0
Châteaubriant;47.71;-1.37;08/09/2026;22:00;14.4;0;SOLEIL;3;24.1;0
Châteaubriant;47.71;-1.37;08/09/2026;23:00;14.1;0;SOLEIL;3;26.3;0
Châteaubriant;47.71;-1.37;09/09/2026;00:00;13.1;0;SOLEIL;3;24.5;0
Châteaubriant;47.71;-1.37;09/09/2026;01:00;13.1;0;SOLEIL;3;18.4;0
Châteaubriant;47.71;-1.37;09/09/2026;02:00;11.7;0;SOLEIL;3;16.9;0
Châteaubriant;47.71;-1.37;09/09/2026;03:00;11.7;0;SOLEIL;3;13.7;0
Châteaubriant;47.71;-1.37;09/09/2026;04:00;11.7;0;SOLEIL;3;11.9;0
Châteaubriant;47.71;-1.37;09/09/2026;05:00;11.6;0;SOLEIL;3;9.7;0
Châteaubriant;47.71;-1.37;09/09/2026;06:00;11.6;0;SOLEIL;3;10.1;0
Châteaubriant;47.71;-1.37;09/09/2026;07:00;11.6;0;SOLEIL;3;8.6;0
Châteaubriant;47.71;-1.37;09/09/2026;08:00;18.1;0;SOLEIL;3;10.4;0
Châteaubriant;47.71;-1.37;09/09/2026;09:00;18.1;0;SOLEIL;3;9.7;0
Châteaubriant;47.71;-1.37;09/09/2026;10:00;18.1;0;SOLEIL;3;14.0;0
Châteaubriant;47.71;-1.37;09/09/2026;11:00;21.6;2;NUAGEUX;3;24.5;0
Châteaubriant;47.71;-1.37;09/09/2026;12:00;21.6;2;NUAGEUX;3;27.3;0
Châteaubriant;47.71;-1.37;09/09/2026;13:00;21.6;2;NUAGEUX;3;27.4;0
Châteaubriant;47.71;-1.37;09/09/2026;14:00;21.7;2;NUAGEUX;3;26.4;0
Châteaubriant;47.71;-1.37;09/09/2026;15:00;21.7;2;NUAGEUX;3;27.4;0
Châteaubriant;47.71;-1.37;09/09/2026;16:00;21.7;2;NUAGEUX;3;27.0;0
Châteaubriant;47.71;-1.37;09/09/2026;17:00;20.2;0;SOLEIL;3;24.5;0
Châteaubriant;47.71;-1.37;09/09/2026;18:00;20.2;0;SOLEIL;3;28.4;0
Châteaubriant;47.71;-1.37;09/09/2026;19:00;20.2;0;SOLEIL;3;31.3;0
Châteaubriant;47.71;-1.37;09/09/2026;20:00;16.1;0;SOLEIL;3;20.9;0
Châteaubriant;47.71;-1.37;09/09/2026;21:00;16.1;0;SOLEIL;3;12.2;0
Châteaubriant;47.71;-1.37;09/09/2026;22:00;16.1;0;SOLEIL;3;23.4;0
Châteaubriant;47.71;-1.37;09/09/2026;23:00;13;5;SOLEIL VOILÉ;1;25.6;0
Châteaubriant;47.71;-1.37;10/09/2026;00:00;13;5;SOLEIL VOILÉ;1;25.2;0
Châteaubriant;47.71;-1.37;10/09/2026;01:00;13;5;SOLEIL VOILÉ;1;17.3;0
Châteaubriant;47.71;-1.37;10/09/2026;02:00;11.6;5;SOLEIL VOILÉ;1;13.3;0
Châteaubriant;47.71;-1.37;10/09/2026;03:00;11.6;5;SOLEIL VOILÉ;1;13.7;0
Châteaubriant;47.71;-1.37;10/09/2026;04:00;11.6;5;SOLEIL VOILÉ;1;9.0;0
Châteaubriant;47.71;-1.37;10/09/2026;05:00;11.6;5;SOLEIL VOILÉ;0;10.4;0
Châteaubriant;47.71;-1.37;10/09/2026;06:00;11.6;5;SOLEIL VOILÉ;0;10.4;0
Châteaubriant;47.71;-1.37;10/09/2026;07:00;11.6;5;SOLEIL VOILÉ;0;8.3;0
Châteaubriant;47.71;-1.37;10/09/2026;08:00;17.9;5;SOLEIL VOILÉ;1;6.8;0
Châteaubriant;47.71;-1.37;10/09/2026;09:00;17.9;5;SOLEIL VOILÉ;1;9.4;0
Châteaubriant;47.71;-1.37;10/09/2026;10:00;17.9;5;SOLEIL VOILÉ;1;8.3;0
Châteaubriant;47.71;-1.37;10/09/2026;11:00;22.1;2;NUAGEUX;3;12.2;0
Châteaubriant;47.71;-1.37;10/09/2026;12:00;22.1;2;NUAGEUX;3;15.1;0
Châteaubriant;47.71;-1.37;10/09/2026;13:00;22.1;2;NUAGEUX;3;18.7;0
Châteaubriant;47.71;-1.37;10/09/2026;14:00;22.1;2;NUAGEUX;3;18.7;0
Châteaubriant;47.71;-1.37;10/09/2026;15:00;22.1;2;NUAGEUX;3;20.2;0
Châteaubriant;47.71;-1.37;10/09/2026;16:00;22.1;2;NUAGEUX;3;23.0;0
Châteaubriant;47.71;-1.37;10/09/2026;17:00;19.6;2;NUAGEUX;3;22.3;0
Châteaubriant;47.71;-1.37;10/09/2026;18:00;19.6;2;NUAGEUX;3;22.3;0
Châteaubriant;47.71;-1.37;10/09/2026;19:00;19.6;2;NUAGEUX;3;20.5;0
Châteaubriant;47.71;-1.37;10/09/2026;20:00;16.5;2;NUAGEUX;5;26.3;0
Châteaubriant;47.71;-1.37;10/09/2026;21:00;15.1;2;NUAGEUX;5;27.0;0
Châteaubriant;47.71;-1.37;10/09/2026;22:00;13.7;2;NUAGEUX;5;23.0;0
Châteaubriant;47.71;-1.37;10/09/2026;23:00;15.7;2;NUAGEUX;2;19.8;0
Châteaubriant;47.71;-1.37;11/09/2026;00:00;15.7;2;NUAGEUX;2;19.1;0
Châteaubriant;47.71;-1.37;11/09/2026;01:00;15.7;2;NUAGEUX;2;13.7;0
Châteaubriant;47.71;-1.37;11/09/2026;02:00;14.1;7;PLUIE FAIBLE;5;12.2;0
Châteaubriant;47.71;-1.37;11/09/2026;03:00;14.1;7;PLUIE FAIBLE;5;10.8;0
Châteaubriant;47.71;-1.37;11/09/2026;04:00;14.1;7;PLUIE FAIBLE;5;10.8;0
Châteaubriant;47.71;-1.37;11/09/2026;05:00;15.7;7;PLUIE FAIBLE;3;9.4;0
Châteaubriant;47.71;-1.37;11/09/2026;06:00;15.7;7;PLUIE FAIBLE;3;2.9;0
Châteaubriant;47.71;-1.37;11/09/2026;07:00;15.7;7;PLUIE FAIBLE;3;4.0;0
Châteaubriant;47.71;-1.37;11/09/2026;08:00;16.4;7;PLUIE FAIBLE;5;2.9;0
Châteaubriant;47.71;-1.37;11/09/2026;09:00;17.6;7;PLUIE FAIBLE;5;9.4;0
Châteaubriant;47.71;-1.37;11/09/2026;10:00;18.7;7;PLUIE FAIBLE;5;14.4;0
Châteaubriant;47.71;-1.37;11/09/2026;11:00;22.9;7;PLUIE FAIBLE;4;13.3;0
Châteaubriant;47.71;-1.37;11/09/2026;12:00;22.9;7;PLUIE FAIBLE;4;16.2;0
Châteaubriant;47.71;-1.37;11/09/2026;13:00;22.9;7;PLUIE FAIBLE;4;21.1;0
Châteaubriant;47.71;-1.37;11/09/2026;14:00;23.3;7;PLUIE FAIBLE;5;24.0;0
Châteaubriant;47.71;-1.37;11/09/2026;15:00;24.5;7;PLUIE FAIBLE;5;28.1;0
Châteaubriant;47.71;-1.37;11/09/2026;16:00;23.3;7;PLUIE FAIBLE;5;29.2;0
Châteaubriant;47.71;-1.37;11/09/2026;17:00;20.6;7;PLUIE FAIBLE;4;29.9;0
Châteaubriant;47.71;-1.37;11/09/2026;18:00;20.6;7;PLUIE FAIBLE;4;30.2;0
Châteaubriant;47.71;-1.37;11/09/2026;19:00;20.6;7;PLUIE FAIBLE;4;29.9;0
Châteaubriant;47.71;-1.37;11/09/2026;20:00;18.7;7;PLUIE FAIBLE;5;29.9;0
Châteaubriant;47.71;-1.37;11/09/2026;21:00;17.6;7;PLUIE FAIBLE;5;29.9;0
Châteaubriant;47.71;-1.37;11/09/2026;22:00;16.4;7;PLUIE FAIBLE;5;29.9;0
Châteaubriant;47.71;-1.37;11/09/2026;23:00;14.1;0;SOLEIL;2;29.2;0
Châteaubriant;47.71;-1.37;12/09/2026;00:00;14.1;0;SOLEIL;2;27.7;0
Châteaubriant;47.71;-1.37;12/09/2026;01:00;14.1;0;SOLEIL;2;25.2;0
Châteaubriant;47.71;-1.37;12/09/2026;02:00;10.6;2;NUAGEUX;5;23.0;0
Châteaubriant;47.71;-1.37;12/09/2026;03:00;10.6;2;NUAGEUX;5;20.5;0
Châteaubriant;47.71;-1.37;12/09/2026;04:00;10.6;2;NUAGEUX;5;18.0;0
Châteaubriant;47.71;-1.37;12/09/2026;05:00;11.5;2;NUAGEUX;2;15.8;0
Châteaubriant;47.71;-1.37;12/09/2026;06:00;11.5;2;NUAGEUX;2;14.4;0
Châteaubriant;47.71;-1.37;12/09/2026;07:00;11.5;2;NUAGEUX;2;13.3;0
Châteaubriant;47.71;-1.37;12/09/2026;08:00;13.8;2;NUAGEUX;5;13.0;0
Châteaubriant;47.71;-1.37;12/09/2026;09:00;15.4;2;NUAGEUX;5;13.7;0
Châteaubriant;47.71;-1.37;12/09/2026;10:00;17.0;2;NUAGEUX;5;15.5;0
Châteaubriant;47.71;-1.37;12/09/2026;11:00;23.2;2;NUAGEUX;2;16.9;0
Châteaubriant;47.71;-1.37;12/09/2026;12:00;23.2;2;NUAGEUX;2;18.4;0
Châteaubriant;47.71;-1.37;12/09/2026;13:00;23.2;2;NUAGEUX;2;19.8;0
Châteaubriant;47.71;-1.37;12/09/2026;14:00;23.5;2;NUAGEUX;5;20.5;0
Châteaubriant;47.71;-1.37;12/09/2026;15:00;25.1;2;NUAGEUX;5;20.9;0
Châteaubriant;47.71;-1.37;12/09/2026;16:00;23.5;2;NUAGEUX;5;20.5;0
Châteaubriant;47.71;-1.37;12/09/2026;17:00;20.5;2;NUAGEUX;3;20.2;0
Châteaubriant;47.71;-1.37;12/09/2026;18:00;20.5;2;NUAGEUX;3;19.1;0
Châteaubriant;47.71;-1.37;12/09/2026;19:00;20.5;2;NUAGEUX;3;18.0;0
Châteaubriant;47.71;-1.37;12/09/2026;20:00;17.0;2;NUAGEUX;5;16.6;0
Châteaubriant;47.71;-1.37;12/09/2026;21:00;15.4;2;NUAGEUX;5;14.8;0
Châteaubriant;47.71;-1.37;12/09/2026;22:00;13.8;2;NUAGEUX;5;12.6;0
Châteaubriant;47.71;-1.37;12/09/2026;23:00;13.4;0;SOLEIL;2;11.5;0
NANTES;47.21;-1.55;08/09/2026;00:00;18.1;2;NUAGEUX;3;25.2;0
NANTES;47.21;-1.55;08/09/2026;01:00;17.9;4;COUVERT;2;23.4;0
NANTES;47.21;-1.55;08/09/2026;02:00;17.7;4;COUVERT;3;20.5;0
NANTES;47.21;-1.55;08/09/2026;03:00;18;4;COUVERT;3;18.4;0
NANTES;47.21;-1.55;08/09/2026;04:00;18.2;4;COUVERT;3;18.0;0
NANTES;47.21;-1.55;08/09/2026;05:00;18.5;4;COUVERT;3;20.2;0
NANTES;47.21;-1.55;08/09/2026;06:00;18.2;2;NUAGEUX;4;23.0;0
NANTES;47.21;-1.55;08/09/2026;07:00;18.7;2;NUAGEUX;5;25.6;0
NANTES;47.21;-1.55;08/09/2026;08:00;19.2;2;NUAGEUX;5;25.2;0
NANTES;47.21;-1.55;08/09/2026;09:00;20.4;2;NUAGEUX;6;28.8;0
NANTES;47.21;-1.55;08/09/2026;10:00;22.1;6;AVERSES;7;31.7;0.2
NANTES;47.21;-1.55;08/09/2026;11:00;22.6;6;AVERSES;7;40.3;0.5
NANTES;47.21;-1.55;08/09/2026;12:00;21.1;6;AVERSES;7;43.2;2.3
NANTES;47.21;-1.55;08/09/2026;13:00;19.7;6;AVERSES;7;56.5;0.5
NANTES;47.21;-1.55;08/09/2026;14:00;19.7;2;NUAGEUX;8;56.9;0
NANTES;47.21;-1.55;08/09/2026;15:00;20.1;2;NUAGEUX;5;58.0;0
NANTES;47.21;-1.55;08/09/2026;16:00;18.9;2;NUAGEUX;5;65.2;0
NANTES;47.21;-1.55;08/09/2026;17:00;17.1;2;NUAGEUX;5;59.4;0
NANTES;47.21;-1.55;08/09/2026;18:00;17.4;2;NUAGEUX;5;52.9;0
NANTES;47.21;-1.55;08/09/2026;19:00;15.6;2;NUAGEUX;5;49.0;0
NANTES;47.21;-1.55;08/09/2026;20:00;15.5;0;SOLEIL;4;46.4;0
NANTES;47.21;-1.55;08/09/2026;21:00;14.7;0;SOLEIL;4;37.8;0
NANTES;47.21;-1.55;08/09/2026;22:00;14.4;0;SOLEIL;3;32.0;0
NANTES;47.21;-1.55;08/09/2026;23:00;13.6;0;SOLEIL;3;32.4;0
NANTES;47.21;-1.55;09/09/2026;00:00;12.7;0;SOLEIL;3;24.5;0
NANTES;47.21;-1.55;09/09/2026;01:00;12.7;0;SOLEIL;3;23.4;0
NANTES;47.21;-1.55;09/09/2026;02:00;12;0;SOLEIL;4;16.9;0
NANTES;47.21;-1.55;09/09/2026;03:00;12;0;SOLEIL;4;15.8;0
NANTES;47.21;-1.55;09/09/2026;04:00;12;0;SOLEIL;4;15.5;0
NANTES;47.21;-1.55;09/09/2026;05:00;12.1;0;SOLEIL;3;17.3;0
NANTES;47.21;-1.55;09/09/2026;06:00;12.1;0;SOLEIL;3;18.4;0
NANTES;47.21;-1.55;09/09/2026;07:00;12.1;0;SOLEIL;3;17.6;0
NANTES;47.21;-1.55;09/09/2026;08:00;18;0;SOLEIL;4;18.0;0
NANTES;47.21;-1.55;09/09/2026;09:00;18;0;SOLEIL;4;15.8;0
NANTES;47.21;-1.55;09/09/2026;10:00;18;0;SOLEIL;4;17.6;0
NANTES;47.21;-1.55;09/09/2026;11:00;21.6;2;NUAGEUX;4;23.0;0
NANTES;47.21;-1.55;09/09/2026;12:00;21.6;2;NUAGEUX;4;24.9;0
NANTES;47.21;-1.55;09/09/2026;13:00;21.6;2;NUAGEUX;4;25.0;0
NANTES;47.21;-1.55;09/09/2026;14:00;21.5;2;NUAGEUX;4;30.0;0
NANTES;47.21;-1.55;09/09/2026;15:00;21.5;2;NUAGEUX;4;26.6;0
NANTES;47.21;-1.55;09/09/2026;16:00;21.5;2;NUAGEUX;4;26.3;0
NANTES;47.21;-1.55;09/09/2026;17:00;19.7;0;SOLEIL;4;28.1;0
NANTES;47.21;-1.55;09/09/2026;18:00;19.7;0;SOLEIL;4;27.7;0
NANTES;47.21;-1.55;09/09/2026;19:00;19.7;0;SOLEIL;4;27.0;0
NANTES;47.21;-1.55;09/09/2026;20:00;15.6;0;SOLEIL;3;24.8;0
NANTES;47.21;-1.55;09/09/2026;21:00;15.6;0;SOLEIL;3;27.7;0
NANTES;47.21;-1.55;09/09/2026;22:00;15.6;0;SOLEIL;3;31.0;0
NANTES;47.21;-1.55;09/09/2026;23:00;13.9;5;SOLEIL VOILÉ;1;30.6;0
NANTES;47.21;-1.55;10/09/2026;00:00;13.9;5;SOLEIL VOILÉ;1;23.8;0
NANTES;47.21;-1.55;10/09/2026;01:00;13.9;5;SOLEIL VOILÉ;1;16.9;0
NANTES;47.21;-1.55;10/09/2026;02:00;12.6;5;SOLEIL VOILÉ;0;14.4;0
NANTES;47.21;-1.55;10/09/2026;03:00;12.6;5;SOLEIL VOILÉ;0;7.2;0
NANTES;47.21;-1.55;10/09/2026;04:00;12.6;5;SOLEIL VOILÉ;0;8.3;0
NANTES;47.21;-1.55;10/09/2026;05:00;12.5;5;SOLEIL VOILÉ;0;8.3;0
NANTES;47.21;-1.55;10/09/2026;06:00;12.5;5;SOLEIL VOILÉ;0;8.3;0
NANTES;47.21;-1.55;10/09/2026;07:00;12.5;5;SOLEIL VOILÉ;0;6.8;0
NANTES;47.21;-1.55;10/09/2026;08:00;17.4;5;SOLEIL VOILÉ;2;6.5;0
NANTES;47.21;-1.55;10/09/2026;09:00;17.4;5;SOLEIL VOILÉ;2;6.1;0
NANTES;47.21;-1.55;10/09/2026;10:00;17.4;5;SOLEIL VOILÉ;2;11.9;0
NANTES;47.21;-1.55;10/09/2026;11:00;21.2;2;NUAGEUX;2;10.4;0
NANTES;47.21;-1.55;10/09/2026;12:00;21.2;2;NUAGEUX;2;13.3;0
NANTES;47.21;-1.55;10/09/2026;13:00;21.2;2;NUAGEUX;2;17.3;0
NANTES;47.21;-1.55;10/09/2026;14:00;21.4;2;NUAGEUX;3;17.3;0
NANTES;47.21;-1.55;10/09/2026;15:00;21.4;2;NUAGEUX;3;19.1;0
NANTES;47.21;-1.55;10/09/2026;16:00;21.4;2;NUAGEUX;3;20.2;0
NANTES;47.21;-1.55;10/09/2026;17:00;20.1;2;NUAGEUX;3;20.5;0
NANTES;47.21;-1.55;10/09/2026;18:00;20.1;2;NUAGEUX;3;21.6;0
NANTES;47.21;-1.55;10/09/2026;19:00;20.1;2;NUAGEUX;3;20.9;0
NANTES;47.21;-1.55;10/09/2026;20:00;16.7;2;NUAGEUX;5;15.1;0
NANTES;47.21;-1.55;10/09/2026;21:00;15.5;2;NUAGEUX;5;9.7;0
NANTES;47.21;-1.55;10/09/2026;22:00;14.3;2;NUAGEUX;5;5.8;0
NANTES;47.21;-1.55;10/09/2026;23:00;15.6;2;NUAGEUX;2;19.8;0
NANTES;47.21;-1.55;11/09/2026;00:00;15.6;2;NUAGEUX;2;18.0;0
NANTES;47.21;-1.55;11/09/2026;01:00;15.6;2;NUAGEUX;2;15.8;0
NANTES;47.21;-1.55;11/09/2026;02:00;14.4;7;PLUIE FAIBLE;5;13.3;0
NANTES;47.21;-1.55;11/09/2026;03:00;14.4;7;PLUIE FAIBLE;5;13.7;0
NANTES;47.21;-1.55;11/09/2026;04:00;14.4;7;PLUIE FAIBLE;5;12.6;0
NANTES;47.21;-1.55;11/09/2026;05:00;15.5;7;PLUIE FAIBLE;3;12.2;0
NANTES;47.21;-1.55;11/09/2026;06:00;15.5;7;PLUIE FAIBLE;3;11.2;0
NANTES;47.21;-1.55;11/09/2026;07:00;15.5;7;PLUIE FAIBLE;3;6.8;0
NANTES;47.21;-1.55;11/09/2026;08:00;16.4;7;PLUIE FAIBLE;5;5.4;0
NANTES;47.21;-1.55;11/09/2026;09:00;17.3;7;PLUIE FAIBLE;5;11.9;0
NANTES;47.21;-1.55;11/09/2026;10:00;18.3;7;PLUIE FAIBLE;5;12.2;0
NANTES;47.21;-1.55;11/09/2026;11:00;21.6;6;AVERSES;4;12.2;0
NANTES;47.21;-1.55;11/09/2026;12:00;21.6;6;AVERSES;4;15.8;0
NANTES;47.21;-1.55;11/09/2026;13:00;21.6;6;AVERSES;4;20.5;0
NANTES;47.21;-1.55;11/09/2026;14:00;22.2;7;PLUIE FAIBLE;5;23.0;0
NANTES;47.21;-1.55;11/09/2026;15:00;23.2;7;PLUIE FAIBLE;5;25.9;0
NANTES;47.21;-1.55;11/09/2026;16:00;22.2;7;PLUIE FAIBLE;5;27.7;0
NANTES;47.21;-1.55;11/09/2026;17:00;20.5;7;PLUIE FAIBLE;4;29.2;0
NANTES;47.21;-1.55;11/09/2026;18:00;20.5;7;PLUIE FAIBLE;4;30.2;0
NANTES;47.21;-1.55;11/09/2026;19:00;20.5;7;PLUIE FAIBLE;4;30.6;0
NANTES;47.21;-1.55;11/09/2026;20:00;18.3;7;PLUIE FAIBLE;5;30.6;0
NANTES;47.21;-1.55;11/09/2026;21:00;17.3;7;PLUIE FAIBLE;5;29.5;0
NANTES;47.21;-1.55;11/09/2026;22:00;16.4;7;PLUIE FAIBLE;5;27.7;0
NANTES;47.21;-1.55;11/09/2026;23:00;14.6;0;SOLEIL;2;25.9;0
NANTES;47.21;-1.55;12/09/2026;00:00;14.6;0;SOLEIL;2;25.2;0
NANTES;47.21;-1.55;12/09/2026;01:00;14.6;0;SOLEIL;2;24.5;0
NANTES;47.21;-1.55;12/09/2026;02:00;11.6;2;NUAGEUX;5;23.4;0
NANTES;47.21;-1.55;12/09/2026;03:00;11.6;2;NUAGEUX;5;20.9;0
NANTES;47.21;-1.55;12/09/2026;04:00;11.6;2;NUAGEUX;5;17.6;0
NANTES;47.21;-1.55;12/09/2026;05:00;12.4;2;NUAGEUX;2;15.1;0
NANTES;47.21;-1.55;12/09/2026;06:00;12.4;2;NUAGEUX;2;13.3;0
NANTES;47.21;-1.55;12/09/2026;07:00;12.4;2;NUAGEUX;2;11.9;0
NANTES;47.21;-1.55;12/09/2026;08:00;14.3;2;NUAGEUX;5;11.5;0
NANTES;47.21;-1.55;12/09/2026;09:00;15.6;2;NUAGEUX;5;12.2;0
NANTES;47.21;-1.55;12/09/2026;10:00;16.9;2;NUAGEUX;5;14.0;0
NANTES;47.21;-1.55;12/09/2026;11:00;21.9;2;NUAGEUX;2;15.5;0
NANTES;47.21;-1.55;12/09/2026;12:00;21.9;2;NUAGEUX;2;16.6;0
NANTES;47.21;-1.55;12/09/2026;13:00;21.9;2;NUAGEUX;2;18.0;0
NANTES;47.21;-1.55;12/09/2026;14:00;22.3;2;NUAGEUX;5;18.7;0
NANTES;47.21;-1.55;12/09/2026;15:00;23.6;2;NUAGEUX;5;19.1;0
NANTES;47.21;-1.55;12/09/2026;16:00;22.3;2;NUAGEUX;5;19.4;0
NANTES;47.21;-1.55;12/09/2026;17:00;21.1;2;NUAGEUX;2;19.1;0
NANTES;47.21;-1.55;12/09/2026;18:00;21.1;2;NUAGEUX;2;18.0;0
NANTES;47.21;-1.55;12/09/2026;19:00;21.1;2;NUAGEUX;2;16.6;0
NANTES;47.21;-1.55;12/09/2026;20:00;16.9;2;NUAGEUX;5;15.1;0
NANTES;47.21;-1.55;12/09/2026;21:00;15.6;2;NUAGEUX;5;13.0;0
NANTES;47.21;-1.55;12/09/2026;22:00;14.3;2;NUAGEUX;5;10.8;0
NANTES;47.21;-1.55;12/09/2026;23:00;14.5;0;SOLEIL;2;9.4;0
Saint-Nazaire;47.27;-2.21;08/09/2026;00:00;18.5;2;NUAGEUX;5;19.4;0
Saint-Nazaire;47.27;-2.21;08/09/2026;01:00;17.9;2;NUAGEUX;5;18.7;0
Saint-Nazaire;47.27;-2.21;08/09/2026;02:00;18.1;2;NUAGEUX;7;18.4;0
Saint-Nazaire;47.27;-2.21;08/09/2026;03:00;18.1;2;NUAGEUX;6;22.7;0
Saint-Nazaire;47.27;-2.21;08/09/2026;04:00;18.6;6;AVERSES;5;24.8;0.1
Saint-Nazaire;47.27;-2.21;08/09/2026;05:00;19.6;2;NUAGEUX;6;36.4;0
Saint-Nazaire;47.27;-2.21;08/09/2026;06:00;19.1;2;NUAGEUX;7;31.3;0
Saint-Nazaire;47.27;-2.21;08/09/2026;07:00;19.1;6;AVERSES;9;24.5;0.2
Saint-Nazaire;47.27;-2.21;08/09/2026;08:00;19.2;6;AVERSES;9;27.4;0.2
Saint-Nazaire;47.27;-2.21;08/09/2026;09:00;20.2;6;AVERSES;10;36.7;0.2
Saint-Nazaire;47.27;-2.21;08/09/2026;10:00;20.7;6;AVERSES;11;46.8;0.2
Saint-Nazaire;47.27;-2.21;08/09/2026;11:00;20.2;7;PLUIE FAIBLE;11;51.8;4.9
Saint-Nazaire;47.27;-2.21;08/09/2026;12:00;19.4;6;AVERSES;12;59.8;2.2
Saint-Nazaire;47.27;-2.21;08/09/2026;13:00;21.1;6;AVERSES;12;63.0;0.2
Saint-Nazaire;47.27;-2.21;08/09/2026;14:00;20.4;2;NUAGEUX;6;69.1;0
Saint-Nazaire;47.27;-2.21;08/09/2026;15:00;21.5;2;NUAGEUX;6;80.3;0
Saint-Nazaire;47.27;-2.21;08/09/2026;16:00;19.2;2;NUAGEUX;7;64.1;0
Saint-Nazaire;47.27;-2.21;08/09/2026;17:00;18.7;2;NUAGEUX;6;58.3;0
Saint-Nazaire;47.27;-2.21;08/09/2026;18:00;18.5;2;NUAGEUX;6;48.2;0
Saint-Nazaire;47.27;-2.21;08/09/2026;19:00;17.7;0;SOLEIL;6;45.4;0
Saint-Nazaire;47.27;-2.21;08/09/2026;20:00;17.1;0;SOLEIL;5;36.7;0
Saint-Nazaire;47.27;-2.21;08/09/2026;21:00;15.1;0;SOLEIL;5;34.6;0
Saint-Nazaire;47.27;-2.21;08/09/2026;22:00;15.1;0;SOLEIL;4;24.5;0
Saint-Nazaire;47.27;-2.21;08/09/2026;23:00;13.6;0;SOLEIL;4;22.7;0
Saint-Nazaire;47.27;-2.21;09/09/2026;00:00;13.2;0;SOLEIL;4;22.3;0
Saint-Nazaire;47.27;-2.21;09/09/2026;01:00;13.2;0;SOLEIL;4;18.7;0
Saint-Nazaire;47.27;-2.21;09/09/2026;02:00;13.1;0;SOLEIL;4;15.5;0
Saint-Nazaire;47.27;-2.21;09/09/2026;03:00;13.1;0;SOLEIL;4;12.2;0
Saint-Nazaire;47.27;-2.21;09/09/2026;04:00;13.1;0;SOLEIL;4;10.1;0
Saint-Nazaire;47.27;-2.21;09/09/2026;05:00;13.4;0;SOLEIL;4;11.5;0
Saint-Nazaire;47.27;-2.21;09/09/2026;06:00;13.4;0;SOLEIL;4;12.6;0
Saint-Nazaire;47.27;-2.21;09/09/2026;07:00;13.4;0;SOLEIL;4;10.4;0
Saint-Nazaire;47.27;-2.21;09/09/2026;08:00;18;0;SOLEIL;4;9.4;0
Saint-Nazaire;47.27;-2.21;09/09/2026;09:00;18;0;SOLEIL;4;15.5;0
Saint-Nazaire;47.27;-2.21;09/09/2026;10:00;18;0;SOLEIL;4;20.5;0
Saint-Nazaire;47.27;-2.21;09/09/2026;11:00;20.4;2;NUAGEUX;4;25.6;0
Saint-Nazaire;47.27;-2.21;09/09/2026;12:00;20.4;2;NUAGEUX;4;24.8;0
Saint-Nazaire;47.27;-2.21;09/09/2026;13:00;20.4;2;NUAGEUX;4;24.1;0
Saint-Nazaire;47.27;-2.21;09/09/2026;14:00;20.9;0;SOLEIL;5;25.4;0
Saint-Nazaire;47.27;-2.21;09/09/2026;15:00;20.9;0;SOLEIL;5;24.1;0
Saint-Nazaire;47.27;-2.21;09/09/2026;16:00;20.9;0;SOLEIL;5;21.2;0
Saint-Nazaire;47.27;-2.21;09/09/2026;17:00;18.2;0;SOLEIL;5;27.0;0
Saint-Nazaire;47.27;-2.21;09/09/2026;18:00;18.2;0;SOLEIL;5;32.0;0
Saint-Nazaire;47.27;-2.21;09/09/2026;19:00;18.2;0;SOLEIL;5;32.4;0
Saint-Nazaire;47.27;-2.21;09/09/2026;20:00;16.1;0;SOLEIL;3;31.3;0
Saint-Nazaire;47.27;-2.21;09/09/2026;21:00;16.1;0;SOLEIL;3;29.5;0
Saint-Nazaire;47.27;-2.21;09/09/2026;22:00;16.1;0;SOLEIL;3;28.1;0
Saint-Nazaire;47.27;-2.21;09/09/2026;23:00;14.2;5;SOLEIL VOILÉ;3;28.8;0
Saint-Nazaire;47.27;-2.21;10/09/2026;00:00;14.2;5;SOLEIL VOILÉ;3;27.4;0
Saint-Nazaire;47.27;-2.21;10/09/2026;01:00;14.2;5;SOLEIL VOILÉ;3;27.4;0
Saint-Nazaire;47.27;-2.21;10/09/2026;02:00;12.7;5;SOLEIL VOILÉ;2;20.9;0
Saint-Nazaire;47.27;-2.21;10/09/2026;03:00;12.7;5;SOLEIL VOILÉ;2;17.6;0
Saint-Nazaire;47.27;-2.21;10/09/2026;04:00;12.7;5;SOLEIL VOILÉ;2;15.5;0
Saint-Nazaire;47.27;-2.21;10/09/2026;05:00;12.1;5;SOLEIL VOILÉ;1;13.3;0
Saint-Nazaire;47.27;-2.21;10/09/2026;06:00;12.1;5;SOLEIL VOILÉ;1;8.3;0
Saint-Nazaire;47.27;-2.21;10/09/2026;07:00;12.1;5;SOLEIL VOILÉ;1;11.5;0
Saint-Nazaire;47.27;-2.21;10/09/2026;08:00;17.6;5;SOLEIL VOILÉ;2;13.7;0
Saint-Nazaire;47.27;-2.21;10/09/2026;09:00;17.6;5;SOLEIL VOILÉ;2;11.5;0
Saint-Nazaire;47.27;-2.21;10/09/2026;10:00;17.6;5;SOLEIL VOILÉ;2;11.9;0
Saint-Nazaire;47.27;-2.21;10/09/2026;11:00;20.2;2;NUAGEUX;3;13.3;0
Saint-Nazaire;47.27;-2.21;10/09/2026;12:00;20.2;2;NUAGEUX;3;16.9;0
Saint-Nazaire;47.27;-2.21;10/09/2026;13:00;20.2;2;NUAGEUX;3;18.4;0
Saint-Nazaire;47.27;-2.21;10/09/2026;14:00;19.7;0;SOLEIL;4;18.4;0
Saint-Nazaire;47.27;-2.21;10/09/2026;15:00;19.7;0;SOLEIL;4;15.8;0
Saint-Nazaire;47.27;-2.21;10/09/2026;16:00;19.7;0;SOLEIL;4;24.8;0
Saint-Nazaire;47.27;-2.21;10/09/2026;17:00;18.2;2;NUAGEUX;3;26.6;0
Saint-Nazaire;47.27;-2.21;10/09/2026;18:00;18.2;2;NUAGEUX;3;25.9;0
Saint-Nazaire;47.27;-2.21;10/09/2026;19:00;18.2;2;NUAGEUX;3;25.2;0
Saint-Nazaire;47.27;-2.21;10/09/2026;20:00;15.7;2;NUAGEUX;5;24.1;0
Saint-Nazaire;47.27;-2.21;10/09/2026;21:00;14.6;2;NUAGEUX;5;19.1;0
Saint-Nazaire;47.27;-2.21;10/09/2026;22:00;13.5;2;NUAGEUX;5;16.9;0
Saint-Nazaire;47.27;-2.21;10/09/2026;23:00;16.7;2;NUAGEUX;3;15.5;0
Saint-Nazaire;47.27;-2.21;11/09/2026;00:00;16.7;2;NUAGEUX;3;11.9;0
Saint-Nazaire;47.27;-2.21;11/09/2026;01:00;16.7;2;NUAGEUX;3;7.9;0
Saint-Nazaire;47.27;-2.21;11/09/2026;02:00;16.1;7;PLUIE FAIBLE;5;6.1;0
Saint-Nazaire;47.27;-2.21;11/09/2026;03:00;16.1;7;PLUIE FAIBLE;5;6.8;0
Saint-Nazaire;47.27;-2.21;11/09/2026;04:00;16.1;7;PLUIE FAIBLE;5;6.1;0
Saint-Nazaire;47.27;-2.21;11/09/2026;05:00;17.5;7;PLUIE FAIBLE;5;5.0;0
Saint-Nazaire;47.27;-2.21;11/09/2026;06:00;17.5;7;PLUIE FAIBLE;5;2.2;0
Saint-Nazaire;47.27;-2.21;11/09/2026;07:00;17.5;7;PLUIE FAIBLE;5;11.2;0
Saint-Nazaire;47.27;-2.21;11/09/2026;08:00;17.8;7;PLUIE FAIBLE;5;13.0;0
Saint-Nazaire;47.27;-2.21;11/09/2026;09:00;18.6;7;PLUIE FAIBLE;5;16.6;0
Saint-Nazaire;47.27;-2.21;11/09/2026;10:00;19.4;7;PLUIE FAIBLE;5;22.7;0
Saint-Nazaire;47.27;-2.21;11/09/2026;11:00;22.1;7;PLUIE FAIBLE;4;22.0;0
Saint-Nazaire;47.27;-2.21;11/09/2026;12:00;22.1;7;PLUIE FAIBLE;4;21.7;0
Saint-Nazaire;47.27;-2.21;11/09/2026;13:00;22.1;7;PLUIE FAIBLE;4;26.3;0
Saint-Nazaire;47.27;-2.21;11/09/2026;14:00;22.8;7;PLUIE FAIBLE;5;28.9;0
Saint-Nazaire;47.27;-2.21;11/09/2026;15:00;23.6;7;PLUIE FAIBLE;5;30.6;0
Saint-Nazaire;47.27;-2.21;11/09/2026;16:00;22.8;7;PLUIE FAIBLE;5;30.2;0
Saint-Nazaire;47.27;-2.21;11/09/2026;17:00;20.9;7;PLUIE FAIBLE;4;30.2;0
Saint-Nazaire;47.27;-2.21;11/09/2026;18:00;20.9;7;PLUIE FAIBLE;4;30.2;0
Saint-Nazaire;47.27;-2.21;11/09/2026;19:00;20.9;7;PLUIE FAIBLE;4;30.2;0
Saint-Nazaire;47.27;-2.21;11/09/2026;20:00;19.4;7;PLUIE FAIBLE;5;30.2;0
Saint-Nazaire;47.27;-2.21;11/09/2026;21:00;18.6;7;PLUIE FAIBLE;5;29.9;0
Saint-Nazaire;47.27;-2.21;11/09/2026;22:00;17.8;7;PLUIE FAIBLE;5;29.2;0
Saint-Nazaire;47.27;-2.21;11/09/2026;23:00;15.2;0;SOLEIL;3;28.4;0
Saint-Nazaire;47.27;-2.21;12/09/2026;00:00;15.2;0;SOLEIL;3;28.4;0
Saint-Nazaire;47.27;-2.21;12/09/2026;01:00;15.2;0;SOLEIL;3;28.8;0
Saint-Nazaire;47.27;-2.21;12/09/2026;02:00;12.4;0;SOLEIL;5;28.1;0
Saint-Nazaire;47.27;-2.21;12/09/2026;03:00;12.4;0;SOLEIL;5;25.2;0
Saint-Nazaire;47.27;-2.21;12/09/2026;04:00;12.4;0;SOLEIL;5;21.2;0
Saint-Nazaire;47.27;-2.21;12/09/2026;05:00;13.1;0;SOLEIL;2;18.4;0
Saint-Nazaire;47.27;-2.21;12/09/2026;06:00;13.1;0;SOLEIL;2;16.9;0
Saint-Nazaire;47.27;-2.21;12/09/2026;07:00;13.1;0;SOLEIL;2;16.6;0
Saint-Nazaire;47.27;-2.21;12/09/2026;08:00;14.8;0;SOLEIL;5;16.6;0
Saint-Nazaire;47.27;-2.21;12/09/2026;09:00;16.0;0;SOLEIL;5;16.9;0
Saint-Nazaire;47.27;-2.21;12/09/2026;10:00;17.2;0;SOLEIL;5;17.6;0
Saint-Nazaire;47.27;-2.21;12/09/2026;11:00;21.6;2;NUAGEUX;2;18.4;0
Saint-Nazaire;47.27;-2.21;12/09/2026;12:00;21.6;2;NUAGEUX;2;18.7;0
Saint-Nazaire;47.27;-2.21;12/09/2026;13:00;21.6;2;NUAGEUX;2;19.1;0
Saint-Nazaire;47.27;-2.21;12/09/2026;14:00;21.9;0;SOLEIL;5;19.1;0
Saint-Nazaire;47.27;-2.21;12/09/2026;15:00;23.1;0;SOLEIL;5;18.4;0
Saint-Nazaire;47.27;-2.21;12/09/2026;16:00;21.9;0;SOLEIL;5;17.6;0
Saint-Nazaire;47.27;-2.21;12/09/2026;17:00;19.9;0;SOLEIL;4;17.6;0
Saint-Nazaire;47.27;-2.21;12/09/2026;18:00;19.9;0;SOLEIL;4;19.8;0
Saint-Nazaire;47.27;-2.21;12/09/2026;19:00;19.9;0;SOLEIL;4;23.4;0
Saint-Nazaire;47.27;-2.21;12/09/2026;20:00;17.2;0;SOLEIL;5;25.6;0
Saint-Nazaire;47.27;-2.21;12/09/2026;21:00;16.0;0;SOLEIL;5;26.3;0
Saint-Nazaire;47.27;-2.21;12/09/2026;22:00;14.8;0;SOLEIL;5;25.6;0
Saint-Nazaire;47.27;-2.21;12/09/2026;23:00;15.2;0;SOLEIL;3;24.5;0
Angers;47.47;-0.55;08/09/2026;00:00;18.5;0;SOLEIL;3;21.2;0
Angers;47.47;-0.55;08/09/2026;01:00;18.4;2;NUAGEUX;3;20.2;0
Angers;47.47;-0.55;08/09/2026;02:00;18.2;2;NUAGEUX;3;19.1;0
Angers;47.47;-0.55;08/09/2026;03:00;18.2;2;NUAGEUX;2;16.9;0
Angers;47.47;-0.55;08/09/2026;04:00;18.9;2;NUAGEUX;2;14.8;0
Angers;47.47;-0.55;08/09/2026;05:00;18.4;2;NUAGEUX;2;16.9;0
Angers;47.47;-0.55;08/09/2026;06:00;18.4;2;NUAGEUX;2;17.6;0
Angers;47.47;-0.55;08/09/2026;07:00;19.1;2;NUAGEUX;4;17.3;0
Angers;47.47;-0.55;08/09/2026;08:00;20.6;2;NUAGEUX;5;17.3;0
Angers;47.47;-0.55;08/09/2026;09:00;21.4;2;NUAGEUX;6;22.3;0
Angers;47.47;-0.55;08/09/2026;10:00;23.4;6;AVERSES;6;28.8;0.1
Angers;47.47;-0.55;08/09/2026;11:00;24.5;6;AVERSES;6;32.4;0.1
Angers;47.47;-0.55;08/09/2026;12:00;24.1;6;AVERSES;7;36.4;0.1
Angers;47.47;-0.55;08/09/2026;13:00;22.9;6;AVERSES;6;42.8;0.3
Angers;47.47;-0.55;08/09/2026;14:00;22.1;2;NUAGEUX;7;44.3;0
Angers;47.47;-0.55;08/09/2026;15:00;21.6;2;NUAGEUX;6;43.6;0
Angers;47.47;-0.55;08/09/2026;16:00;21.7;2;NUAGEUX;6;53.3;0
Angers;47.47;-0.55;08/09/2026;17:00;22.7;6;AVERSES;5;52.9;0.3
Angers;47.47;-0.55;08/09/2026;18:00;18.7;2;NUAGEUX;4;38.2;0
Angers;47.47;-0.55;08/09/2026;19:00;18.5;2;NUAGEUX;4;45.0;0
Angers;47.47;-0.55;08/09/2026;20:00;17.2;2;NUAGEUX;5;40.0;0
Angers;47.47;-0.55;08/09/2026;21:00;16.6;0;SOLEIL;4;36.0;0
Angers;47.47;-0.55;08/09/2026;22:00;16.2;0;SOLEIL;4;34.6;0
Angers;47.47;-0.55;08/09/2026;23:00;15.9;0;SOLEIL;4;29.5;0
Angers;47.47;-0.55;09/09/2026;00:00;14.4;0;SOLEIL;4;21.2;0
Angers;47.47;-0.55;09/09/2026;01:00;14.4;0;SOLEIL;4;19.4;0
Angers;47.47;-0.55;09/09/2026;02:00;13.4;0;SOLEIL;4;20.2;0
Angers;47.47;-0.55;09/09/2026;03:00;13.4;0;SOLEIL;4;19.4;0
Angers;47.47;-0.55;09/09/2026;04:00;13.4;0;SOLEIL;4;17.3;0
Angers;47.47;-0.55;09/09/2026;05:00;12.5;0;SOLEIL;3;15.8;0
Angers;47.47;-0.55;09/09/2026;06:00;12.5;0;SOLEIL;3;15.5;0
Angers;47.47;-0.55;09/09/2026;07:00;12.5;0;SOLEIL;3;14.0;0
Angers;47.47;-0.55;09/09/2026;08:00;17.6;0;SOLEIL;3;13.0;0
Angers;47.47;-0.55;09/09/2026;09:00;17.6;0;SOLEIL;3;15.5;0
Angers;47.47;-0.55;09/09/2026;10:00;17.6;0;SOLEIL;3;16.6;0
Angers;47.47;-0.55;09/09/2026;11:00;21;2;NUAGEUX;4;18.4;0
Angers;47.47;-0.55;09/09/2026;12:00;21;2;NUAGEUX;4;22.1;0
Angers;47.47;-0.55;09/09/2026;13:00;21;2;NUAGEUX;4;24.1;0
Angers;47.47;-0.55;09/09/2026;14:00;22.1;2;NUAGEUX;4;24.8;0
Angers;47.47;-0.55;09/09/2026;15:00;22.1;2;NUAGEUX;4;28.1;0
Angers;47.47;-0.55;09/09/2026;16:00;22.1;2;NUAGEUX;4;28.4;0
Angers;47.47;-0.55;09/09/2026;17:00;19.9;0;SOLEIL;4;29.5;0
Angers;47.47;-0.55;09/09/2026;18:00;19.9;0;SOLEIL;4;28.8;0
Angers;47.47;-0.55;09/09/2026;19:00;19.9;0;SOLEIL;4;28.1;0
Angers;47.47;-0.55;09/09/2026;20:00;16.5;0;SOLEIL;3;28.1;0
Angers;47.47;-0.55;09/09/2026;21:00;16.5;0;SOLEIL;3;24.5;0
Angers;47.47;-0.55;09/09/2026;22:00;16.5;0;SOLEIL;3;19.4;0
Angers;47.47;-0.55;09/09/2026;23:00;14.1;0;SOLEIL;2;15.5;0
Angers;47.47;-0.55;10/09/2026;00:00;14.1;0;SOLEIL;2;13.7;0
Angers;47.47;-0.55;10/09/2026;01:00;14.1;0;SOLEIL;2;10.1;0
Angers;47.47;-0.55;10/09/2026;02:00;13.1;5;SOLEIL VOILÉ;1;7.9;0
Angers;47.47;-0.55;10/09/2026;03:00;13.1;5;SOLEIL VOILÉ;1;7.2;0
Angers;47.47;-0.55;10/09/2026;04:00;13.1;5;SOLEIL VOILÉ;1;6.8;0
Angers;47.47;-0.55;10/09/2026;05:00;13.1;5;SOLEIL VOILÉ;1;6.1;0
Angers;47.47;-0.55;10/09/2026;06:00;13.1;5;SOLEIL VOILÉ;1;4.7;0
Angers;47.47;-0.55;10/09/2026;07:00;13.1;5;SOLEIL VOILÉ;1;4.7;0
Angers;47.47;-0.55;10/09/2026;08:00;18;5;SOLEIL VOILÉ;1;3.6;0
Angers;47.47;-0.55;10/09/2026;09:00;18;5;SOLEIL VOILÉ;1;3.6;0
Angers;47.47;-0.55;10/09/2026;10:00;18;5;SOLEIL VOILÉ;1;5.4;0
Angers;47.47;-0.55;10/09/2026;11:00;21;2;NUAGEUX;2;10.1;0
Angers;47.47;-0.55;10/09/2026;12:00;21;2;NUAGEUX;2;9.7;0
Angers;47.47;-0.55;10/09/2026;13:00;21;2;NUAGEUX;2;9.4;0
Angers;47.47;-0.55;10/09/2026;14:00;22.7;0;SOLEIL;2;10.8;0
Angers;47.47;-0.55;10/09/2026;15:00;22.7;0;SOLEIL;2;13.7;0
Angers;47.47;-0.55;10/09/2026;16:00;22.7;0;SOLEIL;2;17.6;0
Angers;47.47;-0.55;10/09/2026;17:00;20.5;0;SOLEIL;2;19.8;0
Angers;47.47;-0.55;10/09/2026;18:00;20.5;0;SOLEIL;2;19.1;0
Angers;47.47;-0.55;10/09/2026;19:00;20.5;0;SOLEIL;2;16.6;0
Angers;47.47;-0.55;10/09/2026;20:00;17.3;2;NUAGEUX;5;14.8;0
Angers;47.47;-0.55;10/09/2026;21:00;16.1;2;NUAGEUX;5;15.1;0
Angers;47.47;-0.55;10/09/2026;22:00;14.8;2;NUAGEUX;5;15.8;0
Angers;47.47;-0.55;10/09/2026;23:00;15.9;0;SOLEIL;2;16.6;0
Angers;47.47;-0.55;11/09/2026;00:00;15.9;0;SOLEIL;2;16.6;0
Angers;47.47;-0.55;11/09/2026;01:00;15.9;0;SOLEIL;2;15.8;0
Angers;47.47;-0.55;11/09/2026;02:00;14.4;7;PLUIE FAIBLE;5;14.8;0
Angers;47.47;-0.55;11/09/2026;03:00;14.4;7;PLUIE FAIBLE;5;12.6;0
Angers;47.47;-0.55;11/09/2026;04:00;14.4;7;PLUIE FAIBLE;5;10.1;0
Angers;47.47;-0.55;11/09/2026;05:00;15.5;7;PLUIE FAIBLE;3;8.6;0
Angers;47.47;-0.55;11/09/2026;06:00;15.5;7;PLUIE FAIBLE;3;9.0;0
Angers;47.47;-0.55;11/09/2026;07:00;15.5;7;PLUIE FAIBLE;3;10.8;0
Angers;47.47;-0.55;11/09/2026;08:00;16.5;7;PLUIE FAIBLE;5;12.2;0
Angers;47.47;-0.55;11/09/2026;09:00;17.6;7;PLUIE FAIBLE;5;13.3;0
Angers;47.47;-0.55;11/09/2026;10:00;18.6;7;PLUIE FAIBLE;5;14.8;0
Angers;47.47;-0.55;11/09/2026;11:00;21.6;7;PLUIE FAIBLE;3;15.8;0
Angers;47.47;-0.55;11/09/2026;12:00;21.6;7;PLUIE FAIBLE;3;17.3;0
Angers;47.47;-0.55;11/09/2026;13:00;21.6;7;PLUIE FAIBLE;3;18.4;0
Angers;47.47;-0.55;11/09/2026;14:00;22.8;7;PLUIE FAIBLE;5;19.4;0
Angers;47.47;-0.55;11/09/2026;15:00;23.9;7;PLUIE FAIBLE;5;19.4;0
Angers;47.47;-0.55;11/09/2026;16:00;22.8;7;PLUIE FAIBLE;5;19.4;0
Angers;47.47;-0.55;11/09/2026;17:00;21.4;7;PLUIE FAIBLE;4;20.2;0
Angers;47.47;-0.55;11/09/2026;18:00;21.4;7;PLUIE FAIBLE;4;23.0;0
Angers;47.47;-0.55;11/09/2026;19:00;21.4;7;PLUIE FAIBLE;4;26.6;0
Angers;47.47;-0.55;11/09/2026;20:00;18.6;7;PLUIE FAIBLE;5;28.4;0
Angers;47.47;-0.55;11/09/2026;21:00;17.6;7;PLUIE FAIBLE;5;27.7;0
Angers;47.47;-0.55;11/09/2026;22:00;16.5;7;PLUIE FAIBLE;5;25.2;0
Angers;47.47;-0.55;11/09/2026;23:00;15.6;0;SOLEIL;2;22.3;0
Angers;47.47;-0.55;12/09/2026;00:00;15.6;0;SOLEIL;2;19.4;0
Angers;47.47;-0.55;12/09/2026;01:00;15.6;0;SOLEIL;2;16.2;0
Angers;47.47;-0.55;12/09/2026;02:00;12.1;2;NUAGEUX;5;13.7;0
Angers;47.47;-0.55;12/09/2026;03:00;12.1;2;NUAGEUX;5;13.0;0
Angers;47.47;-0.55;12/09/2026;04:00;12.1;2;NUAGEUX;5;13.3;0
Angers;47.47;-0.55;12/09/2026;05:00;12.9;0;SOLEIL;2;13.3;0
Angers;47.47;-0.55;12/09/2026;06:00;12.9;0;SOLEIL;2;11.6;0
Angers;47.47;-0.55;12/09/2026;07:00;12.9;0;SOLEIL;2;9.9;0
Angers;47.47;-0.55;12/09/2026;08:00;15.0;2;NUAGEUX;5;8.2;0
Angers;47.47;-0.55;12/09/2026;09:00;16.4;2;NUAGEUX;5;7.9;0
Angers;47.47;-0.55;12/09/2026;10:00;17.9;2;NUAGEUX;5;9.7;0
Angers;47.47;-0.55;12/09/2026;11:00;23.1;2;NUAGEUX;2;11.5;0
Angers;47.47;-0.55;12/09/2026;12:00;23.1;2;NUAGEUX;2;12.6;0
Angers;47.47;-0.55;12/09/2026;13:00;23.1;2;NUAGEUX;2;13.7;0
Angers;47.47;-0.55;12/09/2026;14:00;23.7;2;NUAGEUX;5;14.0;0
Angers;47.47;-0.55;12/09/2026;15:00;25.1;2;NUAGEUX;5;13.7;0
Angers;47.47;-0.55;12/09/2026;16:00;23.7;2;NUAGEUX;5;13.0;0
Angers;47.47;-0.55;12/09/2026;17:00;22.2;2;NUAGEUX;2;12.2;0
Angers;47.47;-0.55;12/09/2026;18:00;22.2;2;NUAGEUX;2;11.5;0
Angers;47.47;-0.55;12/09/2026;19:00;22.2;2;NUAGEUX;2;10.8;0
Angers;47.47;-0.55;12/09/2026;20:00;17.9;2;NUAGEUX;5;9.7;0
Angers;47.47;-0.55;12/09/2026;21:00;16.4;2;NUAGEUX;5;7.9;0
Angers;47.47;-0.55;12/09/2026;22:00;15.0;2;NUAGEUX;5;5.8;0
Angers;47.47;-0.55;12/09/2026;23:00;15.2;0;SOLEIL;2;4.3;0
Cholet;47.06;-0.87;08/09/2026;00:00;18.6;2;NUAGEUX;2;17.6;0
Cholet;47.06;-0.87;08/09/2026;01:00;18.1;2;NUAGEUX;2;17.6;0
Cholet;47.06;-0.87;08/09/2026;02:00;17.7;2;NUAGEUX;2;18.0;0
Cholet;47.06;-0.87;08/09/2026;03:00;18.2;2;NUAGEUX;2;18.4;0
Cholet;47.06;-0.87;08/09/2026;04:00;18.1;2;NUAGEUX;3;15.1;0
Cholet;47.06;-0.87;08/09/2026;05:00;18;2;NUAGEUX;3;12.6;0
Cholet;47.06;-0.87;08/09/2026;06:00;18.2;2;NUAGEUX;3;13.0;0
Cholet;47.06;-0.87;08/09/2026;07:00;19.6;2;NUAGEUX;4;15.1;0
Cholet;47.06;-0.87;08/09/2026;08:00;21;2;NUAGEUX;5;17.6;0
Cholet;47.06;-0.87;08/09/2026;09:00;21.4;2;NUAGEUX;6;22.3;0
Cholet;47.06;-0.87;08/09/2026;10:00;23.9;2;NUAGEUX;6;34.9;0
Cholet;47.06;-0.87;08/09/2026;11:00;24.6;2;NUAGEUX;6;40.7;0
Cholet;47.06;-0.87;08/09/2026;12:00;23.5;2;NUAGEUX;7;46.8;0
Cholet;47.06;-0.87;08/09/2026;13:00;23.1;6;AVERSES;6;48.6;0.5
Cholet;47.06;-0.87;08/09/2026;14:00;20.1;6;AVERSES;6;50.0;0.6
Cholet;47.06;-0.87;08/09/2026;15:00;20.7;6;AVERSES;6;49.7;0.1
Cholet;47.06;-0.87;08/09/2026;16:00;20.9;6;AVERSES;5;52.6;0.1
Cholet;47.06;-0.87;08/09/2026;17:00;20.4;6;AVERSES;4;54.4;0.1
Cholet;47.06;-0.87;08/09/2026;18:00;18.9;2;NUAGEUX;4;43.6;0
Cholet;47.06;-0.87;08/09/2026;19:00;17.9;2;NUAGEUX;4;39.6;0
Cholet;47.06;-0.87;08/09/2026;20:00;16.7;2;NUAGEUX;5;41.4;0
Cholet;47.06;-0.87;08/09/2026;21:00;16;2;NUAGEUX;5;32.4;0
Cholet;47.06;-0.87;08/09/2026;22:00;15.1;0;SOLEIL;4;29.9;0
Cholet;47.06;-0.87;08/09/2026;23:00;15;0;SOLEIL;3;30.6;0
Cholet;47.06;-0.87;09/09/2026;00:00;13.2;0;SOLEIL;3;23.0;0
Cholet;47.06;-0.87;09/09/2026;01:00;13.2;0;SOLEIL;3;18.4;0
Cholet;47.06;-0.87;09/09/2026;02:00;11.9;0;SOLEIL;3;16.9;0
Cholet;47.06;-0.87;09/09/2026;03:00;11.9;0;SOLEIL;3;15.1;0
Cholet;47.06;-0.87;09/09/2026;04:00;11.9;0;SOLEIL;3;11.9;0
Cholet;47.06;-0.87;09/09/2026;05:00;11;0;SOLEIL;2;8.6;0
Cholet;47.06;-0.87;09/09/2026;06:00;11;0;SOLEIL;2;7.6;0
Cholet;47.06;-0.87;09/09/2026;07:00;11;0;SOLEIL;2;7.6;0
Cholet;47.06;-0.87;09/09/2026;08:00;17;0;SOLEIL;3;6.8;0
Cholet;47.06;-0.87;09/09/2026;09:00;17;0;SOLEIL;3;9.7;0
Cholet;47.06;-0.87;09/09/2026;10:00;17;0;SOLEIL;3;16.6;0
Cholet;47.06;-0.87;09/09/2026;11:00;21;2;NUAGEUX;4;19.8;0
Cholet;47.06;-0.87;09/09/2026;12:00;21;2;NUAGEUX;4;24.1;0
Cholet;47.06;-0.87;09/09/2026;13:00;21;2;NUAGEUX;4;25.4;0
Cholet;47.06;-0.87;09/09/2026;14:00;21.6;2;NUAGEUX;3;25.7;0
Cholet;47.06;-0.87;09/09/2026;15:00;21.6;2;NUAGEUX;3;24.5;0
Cholet;47.06;-0.87;09/09/2026;16:00;21.6;2;NUAGEUX;3;25.9;0
Cholet;47.06;-0.87;09/09/2026;17:00;20.5;0;SOLEIL;3;26.6;0
Cholet;47.06;-0.87;09/09/2026;18:00;20.5;0;SOLEIL;3;26.3;0
Cholet;47.06;-0.87;09/09/2026;19:00;20.5;0;SOLEIL;3;24.1;0
Cholet;47.06;-0.87;09/09/2026;20:00;16;0;SOLEIL;2;21.2;0
Cholet;47.06;-0.87;09/09/2026;21:00;16;0;SOLEIL;2;13.3;0
Cholet;47.06;-0.87;09/09/2026;22:00;16;0;SOLEIL;2;8.3;0
Cholet;47.06;-0.87;09/09/2026;23:00;13.6;0;SOLEIL;2;8.3;0
Cholet;47.06;-0.87;10/09/2026;00:00;13.6;0;SOLEIL;2;9.4;0
Cholet;47.06;-0.87;10/09/2026;01:00;13.6;0;SOLEIL;2;9.0;0
Cholet;47.06;-0.87;10/09/2026;02:00;12;5;SOLEIL VOILÉ;2;5.4;0
Cholet;47.06;-0.87;10/09/2026;03:00;12;5;SOLEIL VOILÉ;2;4.7;0
Cholet;47.06;-0.87;10/09/2026;04:00;12;5;SOLEIL VOILÉ;2;4.7;0
Cholet;47.06;-0.87;10/09/2026;05:00;11;5;SOLEIL VOILÉ;2;5.0;0
Cholet;47.06;-0.87;10/09/2026;06:00;11;5;SOLEIL VOILÉ;2;5.4;0
Cholet;47.06;-0.87;10/09/2026;07:00;11;5;SOLEIL VOILÉ;2;4.7;0
Cholet;47.06;-0.87;10/09/2026;08:00;18.5;5;SOLEIL VOILÉ;2;4.7;0
Cholet;47.06;-0.87;10/09/2026;09:00;18.5;5;SOLEIL VOILÉ;2;6.5;0
Cholet;47.06;-0.87;10/09/2026;10:00;18.5;5;SOLEIL VOILÉ;2;7.9;0
Cholet;47.06;-0.87;10/09/2026;11:00;21.7;2;NUAGEUX;2;9.0;0
Cholet;47.06;-0.87;10/09/2026;12:00;21.7;2;NUAGEUX;2;9.0;0
Cholet;47.06;-0.87;10/09/2026;13:00;21.7;2;NUAGEUX;2;8.6;0
Cholet;47.06;-0.87;10/09/2026;14:00;23.2;0;SOLEIL;2;12.6;0
Cholet;47.06;-0.87;10/09/2026;15:00;23.2;0;SOLEIL;2;15.5;0
Cholet;47.06;-0.87;10/09/2026;16:00;23.2;0;SOLEIL;2;18.4;0
Cholet;47.06;-0.87;10/09/2026;17:00;21.5;0;SOLEIL;2;20.2;0
Cholet;47.06;-0.87;10/09/2026;18:00;21.5;0;SOLEIL;2;19.1;0
Cholet;47.06;-0.87;10/09/2026;19:00;21.5;0;SOLEIL;2;16.9;0
Cholet;47.06;-0.87;10/09/2026;20:00;16.5;2;NUAGEUX;5;14.8;0
Cholet;47.06;-0.87;10/09/2026;21:00;15.0;2;NUAGEUX;5;14.0;0
Cholet;47.06;-0.87;10/09/2026;22:00;13.4;2;NUAGEUX;5;13.7;0
Cholet;47.06;-0.87;10/09/2026;23:00;15.6;0;SOLEIL;1;13.0;0
Cholet;47.06;-0.87;11/09/2026;00:00;15.6;0;SOLEIL;1;11.2;0
Cholet;47.06;-0.87;11/09/2026;01:00;15.6;0;SOLEIL;1;9.4;0
Cholet;47.06;-0.87;11/09/2026;02:00;13.7;6;AVERSES;5;7.6;0
Cholet;47.06;-0.87;11/09/2026;03:00;13.7;6;AVERSES;5;6.1;0
Cholet;47.06;-0.87;11/09/2026;04:00;13.7;6;AVERSES;5;5.4;0
Cholet;47.06;-0.87;11/09/2026;05:00;15.1;2;NUAGEUX;3;5.4;0
Cholet;47.06;-0.87;11/09/2026;06:00;15.1;2;NUAGEUX;3;7.2;0
Cholet;47.06;-0.87;11/09/2026;07:00;15.1;2;NUAGEUX;3;10.1;0
Cholet;47.06;-0.87;11/09/2026;08:00;15.9;6;AVERSES;5;13.0;0
Cholet;47.06;-0.87;11/09/2026;09:00;16.9;6;AVERSES;5;15.8;0
Cholet;47.06;-0.87;11/09/2026;10:00;18.0;6;AVERSES;5;19.1;0
Cholet;47.06;-0.87;11/09/2026;11:00;21.6;7;PLUIE FAIBLE;3;21.2;0
Cholet;47.06;-0.87;11/09/2026;12:00;21.6;7;PLUIE FAIBLE;3;22.7;0
Cholet;47.06;-0.87;11/09/2026;13:00;21.6;7;PLUIE FAIBLE;3;23.4;0
Cholet;47.06;-0.87;11/09/2026;14:00;22.3;6;AVERSES;5;23.0;0
Cholet;47.06;-0.87;11/09/2026;15:00;23.4;6;AVERSES;5;20.5;0
Cholet;47.06;-0.87;11/09/2026;16:00;22.3;6;AVERSES;5;16.9;0
Cholet;47.06;-0.87;11/09/2026;17:00;21.2;6;AVERSES;3;14.8;0
Cholet;47.06;-0.87;11/09/2026;18:00;21.2;6;AVERSES;3;14.8;0
Cholet;47.06;-0.87;11/09/2026;19:00;21.2;6;AVERSES;3;16.2;0
Cholet;47.06;-0.87;11/09/2026;20:00;18.0;6;AVERSES;5;17.6;0
Cholet;47.06;-0.87;11/09/2026;21:00;16.9;6;AVERSES;5;19.4;0
Cholet;47.06;-0.87;11/09/2026;22:00;15.9;6;AVERSES;5;21.2;0
Cholet;47.06;-0.87;11/09/2026;23:00;14.7;0;SOLEIL;2;21.6;0
Cholet;47.06;-0.87;12/09/2026;00:00;14.7;0;SOLEIL;2;19.4;0
Cholet;47.06;-0.87;12/09/2026;01:00;14.7;0;SOLEIL;2;15.5;0
Cholet;47.06;-0.87;12/09/2026;02:00;11.2;0;SOLEIL;5;12.6;0
Cholet;47.06;-0.87;12/09/2026;03:00;11.2;0;SOLEIL;5;11.5;0
Cholet;47.06;-0.87;12/09/2026;04:00;11.2;0;SOLEIL;5;11.5;0
Cholet;47.06;-0.87;12/09/2026;05:00;12.1;0;SOLEIL;2;11.5;0
Cholet;47.06;-0.87;12/09/2026;06:00;12.1;0;SOLEIL;2;12.2;0
Cholet;47.06;-0.87;12/09/2026;07:00;12.1;0;SOLEIL;2;13.3;0
Cholet;47.06;-0.87;12/09/2026;08:00;14.2;0;SOLEIL;5;14.4;0
Cholet;47.06;-0.87;12/09/2026;09:00;15.7;0;SOLEIL;5;8.6;0
Cholet;47.06;-0.87;12/09/2026;10:00;17.2;0;SOLEIL;5;12.2;0
Cholet;47.06;-0.87;12/09/2026;11:00;23.1;2;NUAGEUX;2;15.1;0
Cholet;47.06;-0.87;12/09/2026;12:00;23.1;2;NUAGEUX;2;16.6;0
Cholet;47.06;-0.87;12/09/2026;13:00;23.1;2;NUAGEUX;2;16.9;0
Cholet;47.06;-0.87;12/09/2026;14:00;23.2;0;SOLEIL;5;17.3;0
Cholet;47.06;-0.87;12/09/2026;15:00;24.7;0;SOLEIL;5;17.3;0
Cholet;47.06;-0.87;12/09/2026;16:00;23.2;0;SOLEIL;5;16.6;0
Cholet;47.06;-0.87;12/09/2026;17:00;22.4;0;SOLEIL;2;15.8;0
Cholet;47.06;-0.87;12/09/2026;18:00;22.4;0;SOLEIL;2;15.5;0
Cholet;47.06;-0.87;12/09/2026;19:00;22.4;0;SOLEIL;2;14.8;0
Cholet;47.06;-0.87;12/09/2026;20:00;17.2;0;SOLEIL;5;13.3;0
Cholet;47.06;-0.87;12/09/2026;21:00;15.7;0;SOLEIL;5;10.1;0
Cholet;47.06;-0.87;12/09/2026;22:00;14.2;0;SOLEIL;5;5.8;0
Cholet;47.06;-0.87;12/09/2026;23:00;14.6;0;SOLEIL;2;3.2;0
Nyoiseau;47.71;-0.91;08/09/2026;00:00;18.1;5;SOLEIL VOILÉ;3;19.8;0
Nyoiseau;47.71;-0.91;08/09/2026;01:00;17.4;2;NUAGEUX;3;18.4;0
Nyoiseau;47.71;-0.91;08/09/2026;02:00;17.1;2;NUAGEUX;3;17.6;0
Nyoiseau;47.71;-0.91;08/09/2026;03:00;17.6;2;NUAGEUX;2;16.2;0
Nyoiseau;47.71;-0.91;08/09/2026;04:00;17.2;2;NUAGEUX;3;14.4;0
Nyoiseau;47.71;-0.91;08/09/2026;05:00;18.1;2;NUAGEUX;3;15.5;0
Nyoiseau;47.71;-0.91;08/09/2026;06:00;18.2;2;NUAGEUX;3;15.5;0
Nyoiseau;47.71;-0.91;08/09/2026;07:00;18.9;2;NUAGEUX;4;17.6;0
Nyoiseau;47.71;-0.91;08/09/2026;08:00;19.6;2;NUAGEUX;5;18.4;0
Nyoiseau;47.71;-0.91;08/09/2026;09:00;21.2;2;NUAGEUX;6;23.0;0
Nyoiseau;47.71;-0.91;08/09/2026;10:00;21;6;AVERSES;7;26.6;0.2
Nyoiseau;47.71;-0.91;08/09/2026;11:00;21.1;6;AVERSES;7;30.6;0.2
Nyoiseau;47.71;-0.91;08/09/2026;12:00;21.1;6;AVERSES;6;34.9;0.7
Nyoiseau;47.71;-0.91;08/09/2026;13:00;20.1;6;AVERSES;7;43.6;0.7
Nyoiseau;47.71;-0.91;08/09/2026;14:00;19.9;6;AVERSES;7;44.6;0.1
Nyoiseau;47.71;-0.91;08/09/2026;15:00;20.1;2;NUAGEUX;6;44.3;0
Nyoiseau;47.71;-0.91;08/09/2026;16:00;20.1;2;NUAGEUX;6;46.1;0
Nyoiseau;47.71;-0.91;08/09/2026;17:00;18.1;2;NUAGEUX;5;45.7;0
Nyoiseau;47.71;-0.91;08/09/2026;18:00;17.5;2;NUAGEUX;5;42.8;0
Nyoiseau;47.71;-0.91;08/09/2026;19:00;16.6;2;NUAGEUX;6;44.6;0
Nyoiseau;47.71;-0.91;08/09/2026;20:00;15.1;2;NUAGEUX;5;38.9;0
Nyoiseau;47.71;-0.91;08/09/2026;21:00;15.1;0;SOLEIL;4;34.6;0
Nyoiseau;47.71;-0.91;08/09/2026;22:00;14.6;0;SOLEIL;4;27.0;0
Nyoiseau;47.71;-0.91;08/09/2026;23:00;14.6;0;SOLEIL;4;17.3;0
Nyoiseau;47.71;-0.91;09/09/2026;00:00;13.6;0;SOLEIL;4;20.5;0
Nyoiseau;47.71;-0.91;09/09/2026;01:00;13.6;0;SOLEIL;4;20.9;0
Nyoiseau;47.71;-0.91;09/09/2026;02:00;12.6;0;SOLEIL;4;20.5;0
Nyoiseau;47.71;-0.91;09/09/2026;03:00;12.6;0;SOLEIL;4;19.4;0
Nyoiseau;47.71;-0.91;09/09/2026;04:00;12.6;0;SOLEIL;4;16.6;0
Nyoiseau;47.71;-0.91;09/09/2026;05:00;12.1;0;SOLEIL;3;16.2;0
Nyoiseau;47.71;-0.91;09/09/2026;06:00;12.1;0;SOLEIL;3;14.4;0
Nyoiseau;47.71;-0.91;09/09/2026;07:00;12.1;0;SOLEIL;3;13.7;0
Nyoiseau;47.71;-0.91;09/09/2026;08:00;17.5;0;SOLEIL;4;13.7;0
Nyoiseau;47.71;-0.91;09/09/2026;09:00;17.5;0;SOLEIL;4;15.5;0
Nyoiseau;47.71;-0.91;09/09/2026;10:00;17.5;0;SOLEIL;4;19.1;0
Nyoiseau;47.71;-0.91;09/09/2026;11:00;20.9;2;NUAGEUX;4;20.9;0
Nyoiseau;47.71;-0.91;09/09/2026;12:00;20.9;2;NUAGEUX;4;23.2;0
Nyoiseau;47.71;-0.91;09/09/2026;13:00;20.9;2;NUAGEUX;4;23.2;0
Nyoiseau;47.71;-0.91;09/09/2026;14:00;21.4;2;NUAGEUX;4;27.2;0
Nyoiseau;47.71;-0.91;09/09/2026;15:00;21.4;2;NUAGEUX;4;28.1;0
Nyoiseau;47.71;-0.91;09/09/2026;16:00;21.4;2;NUAGEUX;4;28.4;0
Nyoiseau;47.71;-0.91;09/09/2026;17:00;18.9;0;SOLEIL;4;28.1;0
Nyoiseau;47.71;-0.91;09/09/2026;18:00;18.9;0;SOLEIL;4;30.2;0
Nyoiseau;47.71;-0.91;09/09/2026;19:00;18.9;0;SOLEIL;4;29.5;0
Nyoiseau;47.71;-0.91;09/09/2026;20:00;14.6;0;SOLEIL;3;27.0;0
Nyoiseau;47.71;-0.91;09/09/2026;21:00;14.6;0;SOLEIL;3;24.8;0
Nyoiseau;47.71;-0.91;09/09/2026;22:00;14.6;0;SOLEIL;3;16.9;0
Nyoiseau;47.71;-0.91;09/09/2026;23:00;12.4;5;SOLEIL VOILÉ;2;11.9;0
Nyoiseau;47.71;-0.91;10/09/2026;00:00;12.4;5;SOLEIL VOILÉ;2;8.6;0
Nyoiseau;47.71;-0.91;10/09/2026;01:00;12.4;5;SOLEIL VOILÉ;2;6.8;0
Nyoiseau;47.71;-0.91;10/09/2026;02:00;11.9;5;SOLEIL VOILÉ;1;6.1;0
Nyoiseau;47.71;-0.91;10/09/2026;03:00;11.9;5;SOLEIL VOILÉ;1;4.7;0
Nyoiseau;47.71;-0.91;10/09/2026;04:00;11.9;5;SOLEIL VOILÉ;1;4.7;0
Nyoiseau;47.71;-0.91;10/09/2026;05:00;11.9;5;SOLEIL VOILÉ;1;4.3;0
Nyoiseau;47.71;-0.91;10/09/2026;06:00;11.9;5;SOLEIL VOILÉ;1;4.0;0
Nyoiseau;47.71;-0.91;10/09/2026;07:00;11.9;5;SOLEIL VOILÉ;1;4.0;0
Nyoiseau;47.71;-0.91;10/09/2026;08:00;17.1;5;SOLEIL VOILÉ;1;3.2;0
Nyoiseau;47.71;-0.91;10/09/2026;09:00;17.1;5;SOLEIL VOILÉ;1;2.5;0
Nyoiseau;47.71;-0.91;10/09/2026;10:00;17.1;5;SOLEIL VOILÉ;1;7.2;0
Nyoiseau;47.71;-0.91;10/09/2026;11:00;20.2;2;NUAGEUX;2;9.4;0
Nyoiseau;47.71;-0.91;10/09/2026;12:00;20.2;2;NUAGEUX;2;11.9;0
Nyoiseau;47.71;-0.91;10/09/2026;13:00;20.2;2;NUAGEUX;2;11.2;0
Nyoiseau;47.71;-0.91;10/09/2026;14:00;21.4;2;NUAGEUX;2;13.0;0
Nyoiseau;47.71;-0.91;10/09/2026;15:00;21.4;2;NUAGEUX;2;14.8;0
Nyoiseau;47.71;-0.91;10/09/2026;16:00;21.4;2;NUAGEUX;2;16.9;0
Nyoiseau;47.71;-0.91;10/09/2026;17:00;18.9;2;NUAGEUX;2;18.0;0
Nyoiseau;47.71;-0.91;10/09/2026;18:00;18.9;2;NUAGEUX;2;16.9;0
Nyoiseau;47.71;-0.91;10/09/2026;19:00;18.9;2;NUAGEUX;2;15.1;0
Nyoiseau;47.71;-0.91;10/09/2026;20:00;15.8;2;NUAGEUX;5;14.0;0
Nyoiseau;47.71;-0.91;10/09/2026;21:00;14.6;2;NUAGEUX;5;15.5;0
Nyoiseau;47.71;-0.91;10/09/2026;22:00;13.4;2;NUAGEUX;5;18.0;0
Nyoiseau;47.71;-0.91;10/09/2026;23:00;14.2;0;SOLEIL;2;19.4;0
Nyoiseau;47.71;-0.91;11/09/2026;00:00;14.2;0;SOLEIL;2;18.4;0
Nyoiseau;47.71;-0.91;11/09/2026;01:00;14.2;0;SOLEIL;2;15.8;0
Nyoiseau;47.71;-0.91;11/09/2026;02:00;13.2;7;PLUIE FAIBLE;5;14.0;0
Nyoiseau;47.71;-0.91;11/09/2026;03:00;13.2;7;PLUIE FAIBLE;5;13.0;0
Nyoiseau;47.71;-0.91;11/09/2026;04:00;13.2;7;PLUIE FAIBLE;5;12.6;0
Nyoiseau;47.71;-0.91;11/09/2026;05:00;14.6;7;PLUIE FAIBLE;3;12.2;0
Nyoiseau;47.71;-0.91;11/09/2026;06:00;14.6;7;PLUIE FAIBLE;3;12.6;0
Nyoiseau;47.71;-0.91;11/09/2026;07:00;14.6;7;PLUIE FAIBLE;3;13.0;0
Nyoiseau;47.71;-0.91;11/09/2026;08:00;15.4;7;PLUIE FAIBLE;5;13.7;0
Nyoiseau;47.71;-0.91;11/09/2026;09:00;16.5;7;PLUIE FAIBLE;5;14.0;0
Nyoiseau;47.71;-0.91;11/09/2026;10:00;17.6;7;PLUIE FAIBLE;5;14.4;0
Nyoiseau;47.71;-0.91;11/09/2026;11:00;21.1;7;PLUIE FAIBLE;4;15.5;0
Nyoiseau;47.71;-0.91;11/09/2026;12:00;21.1;7;PLUIE FAIBLE;4;17.6;0
Nyoiseau;47.71;-0.91;11/09/2026;13:00;21.1;7;PLUIE FAIBLE;4;20.5;0
Nyoiseau;47.71;-0.91;11/09/2026;14:00;21.9;7;PLUIE FAIBLE;5;22.7;0
Nyoiseau;47.71;-0.91;11/09/2026;15:00;23.0;7;PLUIE FAIBLE;5;23.0;0
Nyoiseau;47.71;-0.91;11/09/2026;16:00;21.9;7;PLUIE FAIBLE;5;22.3;0
Nyoiseau;47.71;-0.91;11/09/2026;17:00;19.7;7;PLUIE FAIBLE;4;22.7;0
Nyoiseau;47.71;-0.91;11/09/2026;18:00;19.7;7;PLUIE FAIBLE;4;25.6;0
Nyoiseau;47.71;-0.91;11/09/2026;19:00;19.7;7;PLUIE FAIBLE;4;29.2;0
Nyoiseau;47.71;-0.91;11/09/2026;20:00;17.6;7;PLUIE FAIBLE;5;31.0;0
Nyoiseau;47.71;-0.91;11/09/2026;21:00;16.5;7;PLUIE FAIBLE;5;28.8;0
Nyoiseau;47.71;-0.91;11/09/2026;22:00;15.4;7;PLUIE FAIBLE;5;24.8;0
Nyoiseau;47.71;-0.91;11/09/2026;23:00;13.4;0;SOLEIL;2;21.2;0
Nyoiseau;47.71;-0.91;12/09/2026;00:00;13.4;0;SOLEIL;2;19.1;0
Nyoiseau;47.71;-0.91;12/09/2026;01:00;13.4;0;SOLEIL;2;17.3;0
Nyoiseau;47.71;-0.91;12/09/2026;02:00;10.5;2;NUAGEUX;5;15.5;0
Nyoiseau;47.71;-0.91;12/09/2026;03:00;10.5;2;NUAGEUX;5;13.3;0
Nyoiseau;47.71;-0.91;12/09/2026;04:00;10.5;2;NUAGEUX;5;11.5;0
Nyoiseau;47.71;-0.91;12/09/2026;05:00;11.4;0;SOLEIL;2;9.7;0
Nyoiseau;47.71;-0.91;12/09/2026;06:00;11.4;0;SOLEIL;2;8.2;0
Nyoiseau;47.71;-0.91;12/09/2026;07:00;11.4;0;SOLEIL;2;7.2;0
Nyoiseau;47.71;-0.91;12/09/2026;08:00;13.4;2;NUAGEUX;5;6.5;0
Nyoiseau;47.71;-0.91;12/09/2026;09:00;14.9;2;NUAGEUX;5;8.3;0
Nyoiseau;47.71;-0.91;12/09/2026;10:00;16.4;2;NUAGEUX;5;11.9;0
Nyoiseau;47.71;-0.91;12/09/2026;11:00;22;2;NUAGEUX;2;14.0;0
Nyoiseau;47.71;-0.91;12/09/2026;12:00;22;2;NUAGEUX;2;14.0;0
Nyoiseau;47.71;-0.91;12/09/2026;13:00;22;2;NUAGEUX;2;12.6;0
Nyoiseau;47.71;-0.91;12/09/2026;14:00;22.2;2;NUAGEUX;5;11.9;0
Nyoiseau;47.71;-0.91;12/09/2026;15:00;23.7;2;NUAGEUX;5;12.6;0
Nyoiseau;47.71;-0.91;12/09/2026;16:00;22.2;2;NUAGEUX;5;13.7;0
Nyoiseau;47.71;-0.91;12/09/2026;17:00;20.6;2;NUAGEUX;1;14.8;0
Nyoiseau;47.71;-0.91;12/09/2026;18:00;20.6;2;NUAGEUX;1;14.8;0
Nyoiseau;47.71;-0.91;12/09/2026;19:00;20.6;2;NUAGEUX;1;14.8;0
Nyoiseau;47.71;-0.91;12/09/2026;20:00;16.4;2;NUAGEUX;5;14.8;0
Nyoiseau;47.71;-0.91;12/09/2026;21:00;14.9;2;NUAGEUX;5;15.8;0
Nyoiseau;47.71;-0.91;12/09/2026;22:00;13.4;2;NUAGEUX;5;17.3;0
Nyoiseau;47.71;-0.91;12/09/2026;23:00;13.1;0;SOLEIL;2;16.9;0
Saumur;47.26;-0.07;08/09/2026;00:00;19.7;0;SOLEIL;2;14.8;0
Saumur;47.26;-0.07;08/09/2026;01:00;19.1;0;SOLEIL;2;14.4;0
Saumur;47.26;-0.07;08/09/2026;02:00;18;2;NUAGEUX;2;13.0;0
Saumur;47.26;-0.07;08/09/2026;03:00;17.7;2;NUAGEUX;2;13.3;0
Saumur;47.26;-0.07;08/09/2026;04:00;17.7;2;NUAGEUX;2;16.2;0
Saumur;47.26;-0.07;08/09/2026;05:00;18;2;NUAGEUX;2;16.6;0
Saumur;47.26;-0.07;08/09/2026;06:00;17.7;2;NUAGEUX;2;13.3;0
Saumur;47.26;-0.07;08/09/2026;07:00;19;2;NUAGEUX;2;9.7;0
Saumur;47.26;-0.07;08/09/2026;08:00;20.4;2;NUAGEUX;3;7.6;0
Saumur;47.26;-0.07;08/09/2026;09:00;21.6;2;NUAGEUX;5;11.5;0
Saumur;47.26;-0.07;08/09/2026;10:00;23;2;NUAGEUX;6;28.4;0
Saumur;47.26;-0.07;08/09/2026;11:00;25;2;NUAGEUX;6;33.1;0
Saumur;47.26;-0.07;08/09/2026;12:00;25.6;2;NUAGEUX;6;40.3;0
Saumur;47.26;-0.07;08/09/2026;13:00;25.2;6;AVERSES;6;46.4;0.1
Saumur;47.26;-0.07;08/09/2026;14:00;24.5;2;NUAGEUX;7;49.0;0
Saumur;47.26;-0.07;08/09/2026;15:00;23.1;6;AVERSES;6;49.3;0.3
Saumur;47.26;-0.07;08/09/2026;16:00;22.7;2;NUAGEUX;6;45.7;0
Saumur;47.26;-0.07;08/09/2026;17:00;21.6;2;NUAGEUX;5;50.8;0
Saumur;47.26;-0.07;08/09/2026;18:00;19.2;6;AVERSES;4;42.8;0.1
Saumur;47.26;-0.07;08/09/2026;19:00;17.5;2;NUAGEUX;4;36.7;0
Saumur;47.26;-0.07;08/09/2026;20:00;16;2;NUAGEUX;5;45.4;0
Saumur;47.26;-0.07;08/09/2026;21:00;16.5;2;NUAGEUX;5;40.0;0
Saumur;47.26;-0.07;08/09/2026;22:00;17;2;NUAGEUX;5;36.0;0
Saumur;47.26;-0.07;08/09/2026;23:00;16.5;0;SOLEIL;4;36.0;0
Saumur;47.26;-0.07;09/09/2026;00:00;15.2;0;SOLEIL;4;30.2;0
Saumur;47.26;-0.07;09/09/2026;01:00;15.2;0;SOLEIL;4;22.3;0
Saumur;47.26;-0.07;09/09/2026;02:00;13.4;0;SOLEIL;3;19.1;0
Saumur;47.26;-0.07;09/09/2026;03:00;13.4;0;SOLEIL;3;19.4;0
Saumur;47.26;-0.07;09/09/2026;04:00;13.4;0;SOLEIL;3;16.2;0
Saumur;47.26;-0.07;09/09/2026;05:00;13.1;0;SOLEIL;3;11.5;0
Saumur;47.26;-0.07;09/09/2026;06:00;13.1;0;SOLEIL;3;9.7;0
Saumur;47.26;-0.07;09/09/2026;07:00;13.1;0;SOLEIL;3;9.4;0
Saumur;47.26;-0.07;09/09/2026;08:00;17.7;0;SOLEIL;3;9.4;0
Saumur;47.26;-0.07;09/09/2026;09:00;17.7;0;SOLEIL;3;12.2;0
Saumur;47.26;-0.07;09/09/2026;10:00;17.7;0;SOLEIL;3;17.3;0
Saumur;47.26;-0.07;09/09/2026;11:00;22.2;2;NUAGEUX;4;22.0;0
Saumur;47.26;-0.07;09/09/2026;12:00;22.2;2;NUAGEUX;4;26.6;0
Saumur;47.26;-0.07;09/09/2026;13:00;22.2;2;NUAGEUX;4;27.7;0
Saumur;47.26;-0.07;09/09/2026;14:00;23.5;2;NUAGEUX;4;27.9;0
Saumur;47.26;-0.07;09/09/2026;15:00;23.5;2;NUAGEUX;4;26.3;0
Saumur;47.26;-0.07;09/09/2026;16:00;23.5;2;NUAGEUX;4;26.3;0
Saumur;47.26;-0.07;09/09/2026;17:00;20;0;SOLEIL;3;27.0;0
Saumur;47.26;-0.07;09/09/2026;18:00;20;0;SOLEIL;3;26.6;0
Saumur;47.26;-0.07;09/09/2026;19:00;20;0;SOLEIL;3;27.0;0
Saumur;47.26;-0.07;09/09/2026;20:00;17;0;SOLEIL;3;23.8;0
Saumur;47.26;-0.07;09/09/2026;21:00;17;0;SOLEIL;3;12.2;0
Saumur;47.26;-0.07;09/09/2026;22:00;17;0;SOLEIL;3;13.7;0
Saumur;47.26;-0.07;09/09/2026;23:00;15.4;0;SOLEIL;2;13.7;0
Saumur;47.26;-0.07;10/09/2026;00:00;15.4;0;SOLEIL;2;11.9;0
Saumur;47.26;-0.07;10/09/2026;01:00;15.4;0;SOLEIL;2;11.9;0
Saumur;47.26;-0.07;10/09/2026;02:00;13.1;5;SOLEIL VOILÉ;1;10.1;0
Saumur;47.26;-0.07;10/09/2026;03:00;13.1;5;SOLEIL VOILÉ;1;9.4;0
Saumur;47.26;-0.07;10/09/2026;04:00;13.1;5;SOLEIL VOILÉ;1;6.8;0
Saumur;47.26;-0.07;10/09/2026;05:00;13.2;5;SOLEIL VOILÉ;1;6.8;0
Saumur;47.26;-0.07;10/09/2026;06:00;13.2;5;SOLEIL VOILÉ;1;5.4;0
Saumur;47.26;-0.07;10/09/2026;07:00;13.2;5;SOLEIL VOILÉ;1;7.2;0
Saumur;47.26;-0.07;10/09/2026;08:00;18.2;5;SOLEIL VOILÉ;1;4.3;0
Saumur;47.26;-0.07;10/09/2026;09:00;18.2;5;SOLEIL VOILÉ;1;3.2;0
Saumur;47.26;-0.07;10/09/2026;10:00;18.2;5;SOLEIL VOILÉ;1;4.3;0
Saumur;47.26;-0.07;10/09/2026;11:00;22.5;2;NUAGEUX;1;7.9;0
Saumur;47.26;-0.07;10/09/2026;12:00;22.5;2;NUAGEUX;1;9.0;0
Saumur;47.26;-0.07;10/09/2026;13:00;22.5;2;NUAGEUX;1;8.6;0
Saumur;47.26;-0.07;10/09/2026;14:00;24.2;0;SOLEIL;2;8.6;0
Saumur;47.26;-0.07;10/09/2026;15:00;24.2;0;SOLEIL;2;11.5;0
Saumur;47.26;-0.07;10/09/2026;16:00;24.2;0;SOLEIL;2;15.5;0
Saumur;47.26;-0.07;10/09/2026;17:00;21.1;0;SOLEIL;1;18.0;0
Saumur;47.26;-0.07;10/09/2026;18:00;21.1;0;SOLEIL;1;17.3;0
Saumur;47.26;-0.07;10/09/2026;19:00;21.1;0;SOLEIL;1;15.1;0
Saumur;47.26;-0.07;10/09/2026;20:00;17.8;2;NUAGEUX;5;13.0;0
Saumur;47.26;-0.07;10/09/2026;21:00;16.5;2;NUAGEUX;5;11.2;0
Saumur;47.26;-0.07;10/09/2026;22:00;15.1;2;NUAGEUX;5;9.0;0
Saumur;47.26;-0.07;10/09/2026;23:00;15.9;0;SOLEIL;2;7.9;0
Saumur;47.26;-0.07;11/09/2026;00:00;15.9;0;SOLEIL;2;7.9;0
Saumur;47.26;-0.07;11/09/2026;01:00;15.9;0;SOLEIL;2;8.6;0
Saumur;47.26;-0.07;11/09/2026;02:00;13.4;7;PLUIE FAIBLE;5;9.0;0
Saumur;47.26;-0.07;11/09/2026;03:00;13.4;7;PLUIE FAIBLE;5;8.3;0
Saumur;47.26;-0.07;11/09/2026;04:00;13.4;7;PLUIE FAIBLE;5;7.6;0
Saumur;47.26;-0.07;11/09/2026;05:00;14.4;2;NUAGEUX;3;6.8;0
Saumur;47.26;-0.07;11/09/2026;06:00;14.4;2;NUAGEUX;3;6.1;0
Saumur;47.26;-0.07;11/09/2026;07:00;14.4;2;NUAGEUX;3;6.1;0
Saumur;47.26;-0.07;11/09/2026;08:00;15.7;7;PLUIE FAIBLE;5;6.8;0
Saumur;47.26;-0.07;11/09/2026;09:00;16.8;7;PLUIE FAIBLE;5;10.1;0
Saumur;47.26;-0.07;11/09/2026;10:00;18.0;7;PLUIE FAIBLE;5;14.4;0
Saumur;47.26;-0.07;11/09/2026;11:00;21.9;7;PLUIE FAIBLE;3;17.6;0
Saumur;47.26;-0.07;11/09/2026;12:00;21.9;7;PLUIE FAIBLE;3;19.1;0
Saumur;47.26;-0.07;11/09/2026;13:00;21.9;7;PLUIE FAIBLE;3;19.1;0
Saumur;47.26;-0.07;11/09/2026;14:00;22.6;7;PLUIE FAIBLE;5;18.4;0
Saumur;47.26;-0.07;11/09/2026;15:00;23.7;7;PLUIE FAIBLE;5;15.5;0
Saumur;47.26;-0.07;11/09/2026;16:00;22.6;7;PLUIE FAIBLE;5;11.9;0
Saumur;47.26;-0.07;11/09/2026;17:00;20.9;7;PLUIE FAIBLE;3;9.4;0
Saumur;47.26;-0.07;11/09/2026;18:00;20.9;7;PLUIE FAIBLE;3;9.7;0
Saumur;47.26;-0.07;11/09/2026;19:00;20.9;7;PLUIE FAIBLE;3;11.5;0
Saumur;47.26;-0.07;11/09/2026;20:00;18.0;7;PLUIE FAIBLE;5;11.9;0
Saumur;47.26;-0.07;11/09/2026;21:00;16.8;7;PLUIE FAIBLE;5;9.4;0
Saumur;47.26;-0.07;11/09/2026;22:00;15.7;7;PLUIE FAIBLE;5;5.4;0
Saumur;47.26;-0.07;11/09/2026;23:00;15.7;0;SOLEIL;2;3.6;0
Saumur;47.26;-0.07;12/09/2026;00:00;15.7;0;SOLEIL;2;5.8;0
Saumur;47.26;-0.07;12/09/2026;01:00;15.7;0;SOLEIL;2;9.7;0
Saumur;47.26;-0.07;12/09/2026;02:00;12.1;0;SOLEIL;5;12.6;0
Saumur;47.26;-0.07;12/09/2026;03:00;12.1;0;SOLEIL;5;13.7;0
Saumur;47.26;-0.07;12/09/2026;04:00;12.1;0;SOLEIL;5;13.3;0
Saumur;47.26;-0.07;12/09/2026;05:00;12.6;0;SOLEIL;1;13.0;0
Saumur;47.26;-0.07;12/09/2026;06:00;12.6;0;SOLEIL;1;11.9;0
Saumur;47.26;-0.07;12/09/2026;07:00;12.6;0;SOLEIL;1;10.4;0
Saumur;47.26;-0.07;12/09/2026;08:00;15.1;0;SOLEIL;5;9.4;0
Saumur;47.26;-0.07;12/09/2026;09:00;16.6;0;SOLEIL;5;8.6;0
Saumur;47.26;-0.07;12/09/2026;10:00;18.1;0;SOLEIL;5;10.8;0
Saumur;47.26;-0.07;12/09/2026;11:00;23.4;2;NUAGEUX;1;12.6;0
Saumur;47.26;-0.07;12/09/2026;12:00;23.4;2;NUAGEUX;1;14.0;0
Saumur;47.26;-0.07;12/09/2026;13:00;23.4;2;NUAGEUX;1;15.1;0
Saumur;47.26;-0.07;12/09/2026;14:00;24.2;0;SOLEIL;5;15.8;0
Saumur;47.26;-0.07;12/09/2026;15:00;25.7;0;SOLEIL;5;15.5;0
Saumur;47.26;-0.07;12/09/2026;16:00;24.2;0;SOLEIL;5;14.0;0
Saumur;47.26;-0.07;12/09/2026;17:00;22.6;0;SOLEIL;1;13.0;0
Saumur;47.26;-0.07;12/09/2026;18:00;22.6;0;SOLEIL;1;12.2;0
Saumur;47.26;-0.07;12/09/2026;19:00;22.6;0;SOLEIL;1;11.2;0
Saumur;47.26;-0.07;12/09/2026;20:00;18.1;0;SOLEIL;5;10.1;0
Saumur;47.26;-0.07;12/09/2026;21:00;16.6;0;SOLEIL;5;8.3;0
Saumur;47.26;-0.07;12/09/2026;22:00;15.1;0;SOLEIL;5;6.1;0
Saumur;47.26;-0.07;12/09/2026;23:00;15.5;0;SOLEIL;2;4.7;0
Ernée;48.3;-0.93;08/09/2026;00:00;17.4;2;NUAGEUX;2;4.0;0
Ernée;48.3;-0.93;08/09/2026;01:00;17;2;NUAGEUX;2;3.6;0
Ernée;48.3;-0.93;08/09/2026;02:00;16.4;2;NUAGEUX;2;10.8;0
Ernée;48.3;-0.93;08/09/2026;03:00;16.1;2;NUAGEUX;1;15.1;0
Ernée;48.3;-0.93;08/09/2026;04:00;16.1;2;NUAGEUX;2;15.5;0
Ernée;48.3;-0.93;08/09/2026;05:00;16.2;2;NUAGEUX;3;15.5;0
Ernée;48.3;-0.93;08/09/2026;06:00;15.7;4;COUVERT;3;14.4;0
Ernée;48.3;-0.93;08/09/2026;07:00;16.7;6;AVERSES;4;12.6;0.2
Ernée;48.3;-0.93;08/09/2026;08:00;17.5;6;AVERSES;4;14.0;0.2
Ernée;48.3;-0.93;08/09/2026;09:00;18.5;6;AVERSES;5;19.4;0.2
Ernée;48.3;-0.93;08/09/2026;10:00;18.6;6;AVERSES;6;25.9;0.4
Ernée;48.3;-0.93;08/09/2026;11:00;19.5;6;AVERSES;7;27.0;1.4
Ernée;48.3;-0.93;08/09/2026;12:00;20.5;7;PLUIE FAIBLE;7;31.7;2.9
Ernée;48.3;-0.93;08/09/2026;13:00;19;6;AVERSES;7;41.0;0.4
Ernée;48.3;-0.93;08/09/2026;14:00;18.4;6;AVERSES;7;41.4;0.2
Ernée;48.3;-0.93;08/09/2026;15:00;19.1;6;AVERSES;7;55.4;0.4
Ernée;48.3;-0.93;08/09/2026;16:00;20.6;6;AVERSES;7;46.4;0.5
Ernée;48.3;-0.93;08/09/2026;17:00;16.7;2;NUAGEUX;6;40.3;0
Ernée;48.3;-0.93;08/09/2026;18:00;16.2;2;NUAGEUX;6;41.4;0
Ernée;48.3;-0.93;08/09/2026;19:00;16;2;NUAGEUX;5;39.2;0
Ernée;48.3;-0.93;08/09/2026;20:00;14.6;2;NUAGEUX;4;36.7;0
Ernée;48.3;-0.93;08/09/2026;21:00;14.4;2;NUAGEUX;4;34.9;0
Ernée;48.3;-0.93;08/09/2026;22:00;14.4;2;NUAGEUX;4;24.8;0
Ernée;48.3;-0.93;08/09/2026;23:00;14;2;NUAGEUX;3;17.3;0
Ernée;48.3;-0.93;09/09/2026;00:00;12.7;2;NUAGEUX;3;16.9;0
Ernée;48.3;-0.93;09/09/2026;01:00;12.7;2;NUAGEUX;3;16.2;0
Ernée;48.3;-0.93;09/09/2026;02:00;12;0;SOLEIL;4;15.5;0
Ernée;48.3;-0.93;09/09/2026;03:00;12;0;SOLEIL;4;13.0;0
Ernée;48.3;-0.93;09/09/2026;04:00;12;0;SOLEIL;4;14.0;0
Ernée;48.3;-0.93;09/09/2026;05:00;11.6;0;SOLEIL;4;14.0;0
Ernée;48.3;-0.93;09/09/2026;06:00;11.6;0;SOLEIL;4;11.5;0
Ernée;48.3;-0.93;09/09/2026;07:00;11.6;0;SOLEIL;4;10.8;0
Ernée;48.3;-0.93;09/09/2026;08:00;15.9;0;SOLEIL;5;10.1;0
Ernée;48.3;-0.93;09/09/2026;09:00;15.9;0;SOLEIL;5;13.3;0
Ernée;48.3;-0.93;09/09/2026;10:00;15.9;0;SOLEIL;5;18.7;0
Ernée;48.3;-0.93;09/09/2026;11:00;20;0;SOLEIL;5;20.5;0
Ernée;48.3;-0.93;09/09/2026;12:00;20;0;SOLEIL;5;22.4;0
Ernée;48.3;-0.93;09/09/2026;13:00;20;0;SOLEIL;5;25.9;0
Ernée;48.3;-0.93;09/09/2026;14:00;19.7;0;SOLEIL;5;32.0;0
Ernée;48.3;-0.93;09/09/2026;15:00;19.7;0;SOLEIL;5;34.9;0
Ernée;48.3;-0.93;09/09/2026;16:00;19.7;0;SOLEIL;5;34.6;0
Ernée;48.3;-0.93;09/09/2026;17:00;17.1;0;SOLEIL;4;34.9;0
Ernée;48.3;-0.93;09/09/2026;18:00;17.1;0;SOLEIL;4;34.2;0
Ernée;48.3;-0.93;09/09/2026;19:00;17.1;0;SOLEIL;4;33.5;0
Ernée;48.3;-0.93;09/09/2026;20:00;13;0;SOLEIL;2;32.8;0
Ernée;48.3;-0.93;09/09/2026;21:00;13;0;SOLEIL;2;25.6;0
Ernée;48.3;-0.93;09/09/2026;22:00;13;0;SOLEIL;2;15.8;0
Ernée;48.3;-0.93;09/09/2026;23:00;10.9;5;SOLEIL VOILÉ;1;12.2;0
Ernée;48.3;-0.93;10/09/2026;00:00;10.9;5;SOLEIL VOILÉ;1;7.9;0
Ernée;48.3;-0.93;10/09/2026;01:00;10.9;5;SOLEIL VOILÉ;1;6.5;0
Ernée;48.3;-0.93;10/09/2026;02:00;10.1;5;SOLEIL VOILÉ;1;4.3;0
Ernée;48.3;-0.93;10/09/2026;03:00;10.1;5;SOLEIL VOILÉ;1;4.7;0
Ernée;48.3;-0.93;10/09/2026;04:00;10.1;5;SOLEIL VOILÉ;1;5.0;0
Ernée;48.3;-0.93;10/09/2026;05:00;9.9;5;SOLEIL VOILÉ;1;4.0;0
Ernée;48.3;-0.93;10/09/2026;06:00;9.9;5;SOLEIL VOILÉ;1;4.7;0
Ernée;48.3;-0.93;10/09/2026;07:00;9.9;5;SOLEIL VOILÉ;1;4.0;0
Ernée;48.3;-0.93;10/09/2026;08:00;16.2;5;SOLEIL VOILÉ;2;3.6;0
Ernée;48.3;-0.93;10/09/2026;09:00;16.2;5;SOLEIL VOILÉ;2;1.8;0
Ernée;48.3;-0.93;10/09/2026;10:00;16.2;5;SOLEIL VOILÉ;2;4.3;0
Ernée;48.3;-0.93;10/09/2026;11:00;19.2;2;NUAGEUX;3;9.0;0
Ernée;48.3;-0.93;10/09/2026;12:00;19.2;2;NUAGEUX;3;13.0;0
Ernée;48.3;-0.93;10/09/2026;13:00;19.2;2;NUAGEUX;3;14.4;0
Ernée;48.3;-0.93;10/09/2026;14:00;20.2;2;NUAGEUX;3;16.9;0
Ernée;48.3;-0.93;10/09/2026;15:00;20.2;2;NUAGEUX;3;19.1;0
Ernée;48.3;-0.93;10/09/2026;16:00;20.2;2;NUAGEUX;3;20.9;0
Ernée;48.3;-0.93;10/09/2026;17:00;18.6;2;NUAGEUX;2;21.6;0
Ernée;48.3;-0.93;10/09/2026;18:00;18.6;2;NUAGEUX;2;20.5;0
Ernée;48.3;-0.93;10/09/2026;19:00;18.6;2;NUAGEUX;2;18.4;0
Ernée;48.3;-0.93;10/09/2026;20:00;14.3;2;NUAGEUX;5;15.8;0
Ernée;48.3;-0.93;10/09/2026;21:00;13.0;2;NUAGEUX;5;12.6;0
Ernée;48.3;-0.93;10/09/2026;22:00;11.7;2;NUAGEUX;5;8.6;0
Ernée;48.3;-0.93;10/09/2026;23:00;13.6;2;NUAGEUX;3;6.5;0
Ernée;48.3;-0.93;11/09/2026;00:00;13.6;2;NUAGEUX;3;7.6;0
Ernée;48.3;-0.93;11/09/2026;01:00;13.6;2;NUAGEUX;3;10.1;0
Ernée;48.3;-0.93;11/09/2026;02:00;13.1;7;PLUIE FAIBLE;5;11.9;0
Ernée;48.3;-0.93;11/09/2026;03:00;13.1;7;PLUIE FAIBLE;5;11.2;0
Ernée;48.3;-0.93;11/09/2026;04:00;13.1;7;PLUIE FAIBLE;5;9.4;0
Ernée;48.3;-0.93;11/09/2026;05:00;14.1;7;PLUIE FAIBLE;3;8.6;0
Ernée;48.3;-0.93;11/09/2026;06:00;14.1;7;PLUIE FAIBLE;3;9.0;0
Ernée;48.3;-0.93;11/09/2026;07:00;14.1;7;PLUIE FAIBLE;3;10.1;0
Ernée;48.3;-0.93;11/09/2026;08:00;15.0;7;PLUIE FAIBLE;5;12.2;0
Ernée;48.3;-0.93;11/09/2026;09:00;15.9;7;PLUIE FAIBLE;5;16.9;0
Ernée;48.3;-0.93;11/09/2026;10:00;16.9;7;PLUIE FAIBLE;5;23.0;0
Ernée;48.3;-0.93;11/09/2026;11:00;20;6;AVERSES;5;27.0;0
Ernée;48.3;-0.93;11/09/2026;12:00;20;6;AVERSES;5;27.0;0
Ernée;48.3;-0.93;11/09/2026;13:00;20;6;AVERSES;5;25.2;0
Ernée;48.3;-0.93;11/09/2026;14:00;20.7;7;PLUIE FAIBLE;5;25.2;0
Ernée;48.3;-0.93;11/09/2026;15:00;21.6;7;PLUIE FAIBLE;5;28.8;0
Ernée;48.3;-0.93;11/09/2026;16:00;20.7;7;PLUIE FAIBLE;5;34.2;0
Ernée;48.3;-0.93;11/09/2026;17:00;18.1;7;PLUIE FAIBLE;4;37.8;0
Ernée;48.3;-0.93;11/09/2026;18:00;18.1;7;PLUIE FAIBLE;4;39.2;0
Ernée;48.3;-0.93;11/09/2026;19:00;18.1;7;PLUIE FAIBLE;4;39.2;0
Ernée;48.3;-0.93;11/09/2026;20:00;16.9;7;PLUIE FAIBLE;5;37.4;0
Ernée;48.3;-0.93;11/09/2026;21:00;15.9;7;PLUIE FAIBLE;5;32.8;0
Ernée;48.3;-0.93;11/09/2026;22:00;15.0;7;PLUIE FAIBLE;5;25.9;0
Ernée;48.3;-0.93;11/09/2026;23:00;13.2;0;SOLEIL;2;20.2;0
Ernée;48.3;-0.93;12/09/2026;00:00;13.2;0;SOLEIL;2;15.5;0
Ernée;48.3;-0.93;12/09/2026;01:00;13.2;0;SOLEIL;2;11.5;0
Ernée;48.3;-0.93;12/09/2026;02:00;10.1;2;NUAGEUX;5;9.0;0
Ernée;48.3;-0.93;12/09/2026;03:00;10.1;2;NUAGEUX;5;8.6;0
Ernée;48.3;-0.93;12/09/2026;04:00;10.1;2;NUAGEUX;5;9.7;0
Ernée;48.3;-0.93;12/09/2026;05:00;11.1;2;NUAGEUX;2;10.4;0
Ernée;48.3;-0.93;12/09/2026;06:00;11.1;2;NUAGEUX;2;9.5;0
Ernée;48.3;-0.93;12/09/2026;07:00;11.1;2;NUAGEUX;2;7.9;0
Ernée;48.3;-0.93;12/09/2026;08:00;12.9;2;NUAGEUX;5;6.8;0
Ernée;48.3;-0.93;12/09/2026;09:00;14.3;2;NUAGEUX;5;9.4;0
Ernée;48.3;-0.93;12/09/2026;10:00;15.7;2;NUAGEUX;5;12.6;0
Ernée;48.3;-0.93;12/09/2026;11:00;21.1;2;NUAGEUX;2;15.1;0
Ernée;48.3;-0.93;12/09/2026;12:00;21.1;2;NUAGEUX;2;15.5;0
Ernée;48.3;-0.93;12/09/2026;13:00;21.1;2;NUAGEUX;2;14.4;0
Ernée;48.3;-0.93;12/09/2026;14:00;21.2;2;NUAGEUX;5;14.4;0
Ernée;48.3;-0.93;12/09/2026;15:00;22.6;2;NUAGEUX;5;15.8;0
Ernée;48.3;-0.93;12/09/2026;16:00;21.2;2;NUAGEUX;5;17.6;0
Ernée;48.3;-0.93;12/09/2026;17:00;19.6;2;NUAGEUX;3;19.1;0
Ernée;48.3;-0.93;12/09/2026;18:00;19.6;2;NUAGEUX;3;19.8;0
Ernée;48.3;-0.93;12/09/2026;19:00;19.6;2;NUAGEUX;3;20.2;0
Ernée;48.3;-0.93;12/09/2026;20:00;15.7;2;NUAGEUX;5;19.4;0
Ernée;48.3;-0.93;12/09/2026;21:00;14.3;2;NUAGEUX;5;17.3;0
Ernée;48.3;-0.93;12/09/2026;22:00;12.9;2;NUAGEUX;5;14.0;0
Ernée;48.3;-0.93;12/09/2026;23:00;13.6;0;SOLEIL;2;11.2;0
Javron-les-Chapelles;48.41;-0.34;08/09/2026;00:00;15.1;2;NUAGEUX;2;6.8;0
Javron-les-Chapelles;48.41;-0.34;08/09/2026;01:00;15;2;NUAGEUX;2;4.7;0
Javron-les-Chapelles;48.41;-0.34;08/09/2026;02:00;15.2;2;NUAGEUX;2;4.7;0
Javron-les-Chapelles;48.41;-0.34;08/09/2026;03:00;14.2;2;NUAGEUX;2;11.9;0
Javron-les-Chapelles;48.41;-0.34;08/09/2026;04:00;14.1;4;COUVERT;2;16.9;0
Javron-les-Chapelles;48.41;-0.34;08/09/2026;05:00;14.5;4;COUVERT;3;18.7;0
Javron-les-Chapelles;48.41;-0.34;08/09/2026;06:00;15.6;4;COUVERT;3;17.6;0
Javron-les-Chapelles;48.41;-0.34;08/09/2026;07:00;16.6;4;COUVERT;4;13.7;0
Javron-les-Chapelles;48.41;-0.34;08/09/2026;08:00;17.9;4;COUVERT;5;17.6;0
Javron-les-Chapelles;48.41;-0.34;08/09/2026;09:00;18.2;2;NUAGEUX;6;27.4;0
Javron-les-Chapelles;48.41;-0.34;08/09/2026;10:00;19.4;6;AVERSES;6;33.5;0.2
Javron-les-Chapelles;48.41;-0.34;08/09/2026;11:00;19.9;6;AVERSES;7;35.6;0.5
Javron-les-Chapelles;48.41;-0.34;08/09/2026;12:00;20.1;6;AVERSES;7;30.2;1.4
Javron-les-Chapelles;48.41;-0.34;08/09/2026;13:00;20.5;6;AVERSES;8;38.9;0.5
Javron-les-Chapelles;48.41;-0.34;08/09/2026;14:00;20.2;6;AVERSES;7;42.8;0.5
Javron-les-Chapelles;48.41;-0.34;08/09/2026;15:00;19.6;2;NUAGEUX;7;45.7;0
Javron-les-Chapelles;48.41;-0.34;08/09/2026;16:00;20.1;6;AVERSES;6;48.6;0.1
Javron-les-Chapelles;48.41;-0.34;08/09/2026;17:00;19.9;6;AVERSES;6;42.1;1.2
Javron-les-Chapelles;48.41;-0.34;08/09/2026;18:00;16;6;AVERSES;5;41.0;0.2
Javron-les-Chapelles;48.41;-0.34;08/09/2026;19:00;14.9;2;NUAGEUX;5;38.9;0
Javron-les-Chapelles;48.41;-0.34;08/09/2026;20:00;14.1;2;NUAGEUX;4;33.5;0
Javron-les-Chapelles;48.41;-0.34;08/09/2026;21:00;13.9;2;NUAGEUX;3;32.0;0
Javron-les-Chapelles;48.41;-0.34;08/09/2026;22:00;12.5;0;SOLEIL;3;25.6;0
Javron-les-Chapelles;48.41;-0.34;08/09/2026;23:00;11.1;0;SOLEIL;3;18.4;0
Javron-les-Chapelles;48.41;-0.34;09/09/2026;00:00;11.1;0;SOLEIL;3;18.7;0
Javron-les-Chapelles;48.41;-0.34;09/09/2026;01:00;11.1;0;SOLEIL;3;18.7;0
Javron-les-Chapelles;48.41;-0.34;09/09/2026;02:00;10.1;0;SOLEIL;3;18.4;0
Javron-les-Chapelles;48.41;-0.34;09/09/2026;03:00;10.1;0;SOLEIL;3;17.6;0
Javron-les-Chapelles;48.41;-0.34;09/09/2026;04:00;10.1;0;SOLEIL;3;13.0;0
Javron-les-Chapelles;48.41;-0.34;09/09/2026;05:00;9.6;0;SOLEIL;3;7.9;0
Javron-les-Chapelles;48.41;-0.34;09/09/2026;06:00;9.6;0;SOLEIL;3;6.8;0
Javron-les-Chapelles;48.41;-0.34;09/09/2026;07:00;9.6;0;SOLEIL;3;4.0;0
Javron-les-Chapelles;48.41;-0.34;09/09/2026;08:00;16.6;0;SOLEIL;5;4.3;0
Javron-les-Chapelles;48.41;-0.34;09/09/2026;09:00;16.6;0;SOLEIL;5;4.0;0
Javron-les-Chapelles;48.41;-0.34;09/09/2026;10:00;16.6;0;SOLEIL;5;12.6;0
Javron-les-Chapelles;48.41;-0.34;09/09/2026;11:00;19.4;2;NUAGEUX;5;20.9;0
Javron-les-Chapelles;48.41;-0.34;09/09/2026;12:00;19.4;2;NUAGEUX;5;24.1;0
Javron-les-Chapelles;48.41;-0.34;09/09/2026;13:00;19.4;2;NUAGEUX;5;25.2;0
Javron-les-Chapelles;48.41;-0.34;09/09/2026;14:00;20.1;2;NUAGEUX;5;30.0;0
Javron-les-Chapelles;48.41;-0.34;09/09/2026;15:00;20.1;2;NUAGEUX;5;32.8;0
Javron-les-Chapelles;48.41;-0.34;09/09/2026;16:00;20.1;2;NUAGEUX;5;33.1;0
Javron-les-Chapelles;48.41;-0.34;09/09/2026;17:00;17;0;SOLEIL;4;35.3;0
Javron-les-Chapelles;48.41;-0.34;09/09/2026;18:00;17;0;SOLEIL;4;35.3;0
Javron-les-Chapelles;48.41;-0.34;09/09/2026;19:00;17;0;SOLEIL;4;27.0;0
Javron-les-Chapelles;48.41;-0.34;09/09/2026;20:00;12;0;SOLEIL;2;27.7;0
Javron-les-Chapelles;48.41;-0.34;09/09/2026;21:00;12;0;SOLEIL;2;25.9;0
Javron-les-Chapelles;48.41;-0.34;09/09/2026;22:00;12;0;SOLEIL;2;15.5;0
Javron-les-Chapelles;48.41;-0.34;09/09/2026;23:00;10.1;0;SOLEIL;1;10.4;0
Javron-les-Chapelles;48.41;-0.34;10/09/2026;00:00;10.1;0;SOLEIL;1;8.3;0
Javron-les-Chapelles;48.41;-0.34;10/09/2026;01:00;10.1;0;SOLEIL;1;5.0;0
Javron-les-Chapelles;48.41;-0.34;10/09/2026;02:00;9.1;5;SOLEIL VOILÉ;1;4.7;0
Javron-les-Chapelles;48.41;-0.34;10/09/2026;03:00;9.1;5;SOLEIL VOILÉ;1;4.3;0
Javron-les-Chapelles;48.41;-0.34;10/09/2026;04:00;9.1;5;SOLEIL VOILÉ;1;3.2;0
Javron-les-Chapelles;48.41;-0.34;10/09/2026;05:00;9.9;5;SOLEIL VOILÉ;1;2.5;0
Javron-les-Chapelles;48.41;-0.34;10/09/2026;06:00;9.9;5;SOLEIL VOILÉ;1;2.9;0
Javron-les-Chapelles;48.41;-0.34;10/09/2026;07:00;9.9;5;SOLEIL VOILÉ;1;3.2;0
Javron-les-Chapelles;48.41;-0.34;10/09/2026;08:00;15.9;5;SOLEIL VOILÉ;2;3.2;0
Javron-les-Chapelles;48.41;-0.34;10/09/2026;09:00;15.9;5;SOLEIL VOILÉ;2;4.0;0
Javron-les-Chapelles;48.41;-0.34;10/09/2026;10:00;15.9;5;SOLEIL VOILÉ;2;4.3;0
Javron-les-Chapelles;48.41;-0.34;10/09/2026;11:00;17.5;2;NUAGEUX;3;4.3;0
Javron-les-Chapelles;48.41;-0.34;10/09/2026;12:00;17.5;2;NUAGEUX;3;12.2;0
Javron-les-Chapelles;48.41;-0.34;10/09/2026;13:00;17.5;2;NUAGEUX;3;12.6;0
Javron-les-Chapelles;48.41;-0.34;10/09/2026;14:00;19.9;2;NUAGEUX;3;15.5;0
Javron-les-Chapelles;48.41;-0.34;10/09/2026;15:00;19.9;2;NUAGEUX;3;17.6;0
Javron-les-Chapelles;48.41;-0.34;10/09/2026;16:00;19.9;2;NUAGEUX;3;19.1;0
Javron-les-Chapelles;48.41;-0.34;10/09/2026;17:00;17.4;0;SOLEIL;2;19.1;0
Javron-les-Chapelles;48.41;-0.34;10/09/2026;18:00;17.4;0;SOLEIL;2;17.6;0
Javron-les-Chapelles;48.41;-0.34;10/09/2026;19:00;17.4;0;SOLEIL;2;14.8;0
Javron-les-Chapelles;48.41;-0.34;10/09/2026;20:00;13.6;2;NUAGEUX;5;12.6;0
Javron-les-Chapelles;48.41;-0.34;10/09/2026;21:00;12.3;2;NUAGEUX;5;11.2;0
Javron-les-Chapelles;48.41;-0.34;10/09/2026;22:00;11.0;2;NUAGEUX;5;9.7;0
Javron-les-Chapelles;48.41;-0.34;10/09/2026;23:00;12.1;2;NUAGEUX;3;9.0;0
Javron-les-Chapelles;48.41;-0.34;11/09/2026;00:00;12.1;2;NUAGEUX;3;9.0;0
Javron-les-Chapelles;48.41;-0.34;11/09/2026;01:00;12.1;2;NUAGEUX;3;9.0;0
Javron-les-Chapelles;48.41;-0.34;11/09/2026;02:00;11.7;7;PLUIE FAIBLE;5;9.4;0
Javron-les-Chapelles;48.41;-0.34;11/09/2026;03:00;11.7;7;PLUIE FAIBLE;5;9.4;0
Javron-les-Chapelles;48.41;-0.34;11/09/2026;04:00;11.7;7;PLUIE FAIBLE;5;9.0;0
Javron-les-Chapelles;48.41;-0.34;11/09/2026;05:00;13.1;7;PLUIE FAIBLE;4;9.0;0
Javron-les-Chapelles;48.41;-0.34;11/09/2026;06:00;13.1;7;PLUIE FAIBLE;4;9.4;0
Javron-les-Chapelles;48.41;-0.34;11/09/2026;07:00;13.1;7;PLUIE FAIBLE;4;10.1;0
Javron-les-Chapelles;48.41;-0.34;11/09/2026;08:00;13.8;7;PLUIE FAIBLE;5;11.2;0
Javron-les-Chapelles;48.41;-0.34;11/09/2026;09:00;14.8;7;PLUIE FAIBLE;5;13.0;0
Javron-les-Chapelles;48.41;-0.34;11/09/2026;10:00;15.9;7;PLUIE FAIBLE;5;15.5;0
Javron-les-Chapelles;48.41;-0.34;11/09/2026;11:00;19.6;7;PLUIE FAIBLE;5;17.6;0
Javron-les-Chapelles;48.41;-0.34;11/09/2026;12:00;19.6;7;PLUIE FAIBLE;5;19.8;0
Javron-les-Chapelles;48.41;-0.34;11/09/2026;13:00;19.6;7;PLUIE FAIBLE;5;22.0;0
Javron-les-Chapelles;48.41;-0.34;11/09/2026;14:00;20.1;7;PLUIE FAIBLE;5;23.4;0
Javron-les-Chapelles;48.41;-0.34;11/09/2026;15:00;21.1;7;PLUIE FAIBLE;5;23.4;0
Javron-les-Chapelles;48.41;-0.34;11/09/2026;16:00;20.1;7;PLUIE FAIBLE;5;22.7;0
Javron-les-Chapelles;48.41;-0.34;11/09/2026;17:00;18;7;PLUIE FAIBLE;4;22.7;0
Javron-les-Chapelles;48.41;-0.34;11/09/2026;18:00;18;7;PLUIE FAIBLE;4;25.2;0
Javron-les-Chapelles;48.41;-0.34;11/09/2026;19:00;18;7;PLUIE FAIBLE;4;28.8;0
Javron-les-Chapelles;48.41;-0.34;11/09/2026;20:00;15.9;7;PLUIE FAIBLE;5;29.5;0
Javron-les-Chapelles;48.41;-0.34;11/09/2026;21:00;14.8;7;PLUIE FAIBLE;5;24.8;0
Javron-les-Chapelles;48.41;-0.34;11/09/2026;22:00;13.8;7;PLUIE FAIBLE;5;17.3;0
Javron-les-Chapelles;48.41;-0.34;11/09/2026;23:00;12.2;0;SOLEIL;2;11.2;0
Javron-les-Chapelles;48.41;-0.34;12/09/2026;00:00;12.2;0;SOLEIL;2;8.3;0
Javron-les-Chapelles;48.41;-0.34;12/09/2026;01:00;12.2;0;SOLEIL;2;6.8;0
Javron-les-Chapelles;48.41;-0.34;12/09/2026;02:00;9.6;2;NUAGEUX;5;5.8;0
Javron-les-Chapelles;48.41;-0.34;12/09/2026;03:00;9.6;2;NUAGEUX;5;5.0;0
Javron-les-Chapelles;48.41;-0.34;12/09/2026;04:00;9.6;2;NUAGEUX;5;4.7;0
Javron-les-Chapelles;48.41;-0.34;12/09/2026;05:00;10.6;0;SOLEIL;2;4.7;0
Javron-les-Chapelles;48.41;-0.34;12/09/2026;06:00;10.6;0;SOLEIL;2;5.2;0
Javron-les-Chapelles;48.41;-0.34;12/09/2026;07:00;10.6;0;SOLEIL;2;6.1;0
Javron-les-Chapelles;48.41;-0.34;12/09/2026;08:00;12.4;2;NUAGEUX;5;6.8;0
Javron-les-Chapelles;48.41;-0.34;12/09/2026;09:00;13.8;2;NUAGEUX;5;7.2;0
Javron-les-Chapelles;48.41;-0.34;12/09/2026;10:00;15.2;2;NUAGEUX;5;9.7;0
Javron-les-Chapelles;48.41;-0.34;12/09/2026;11:00;20.5;2;NUAGEUX;2;11.5;0
Javron-les-Chapelles;48.41;-0.34;12/09/2026;12:00;20.5;2;NUAGEUX;2;12.6;0
Javron-les-Chapelles;48.41;-0.34;12/09/2026;13:00;20.5;2;NUAGEUX;2;13.3;0
Javron-les-Chapelles;48.41;-0.34;12/09/2026;14:00;20.7;2;NUAGEUX;5;13.7;0
Javron-les-Chapelles;48.41;-0.34;12/09/2026;15:00;22.1;2;NUAGEUX;5;14.4;0
Javron-les-Chapelles;48.41;-0.34;12/09/2026;16:00;20.7;2;NUAGEUX;5;14.8;0
Javron-les-Chapelles;48.41;-0.34;12/09/2026;17:00;18.9;2;NUAGEUX;2;15.1;0
Javron-les-Chapelles;48.41;-0.34;12/09/2026;18:00;18.9;2;NUAGEUX;2;15.5;0
Javron-les-Chapelles;48.41;-0.34;12/09/2026;19:00;18.9;2;NUAGEUX;2;15.5;0
Javron-les-Chapelles;48.41;-0.34;12/09/2026;20:00;15.2;2;NUAGEUX;5;15.1;0
Javron-les-Chapelles;48.41;-0.34;12/09/2026;21:00;13.8;2;NUAGEUX;5;13.7;0
Javron-les-Chapelles;48.41;-0.34;12/09/2026;22:00;12.4;2;NUAGEUX;5;11.5;0
Javron-les-Chapelles;48.41;-0.34;12/09/2026;23:00;13;0;SOLEIL;2;9.4;0
Laval;48.07;-0.77;08/09/2026;00:00;18.5;5;SOLEIL VOILÉ;3;20.2;0
Laval;48.07;-0.77;08/09/2026;01:00;17.5;2;NUAGEUX;3;19.8;0
Laval;48.07;-0.77;08/09/2026;02:00;16.4;2;NUAGEUX;3;19.4;0
Laval;48.07;-0.77;08/09/2026;03:00;16.9;2;NUAGEUX;2;18.0;0
Laval;48.07;-0.77;08/09/2026;04:00;16.9;4;COUVERT;3;14.0;0
Laval;48.07;-0.77;08/09/2026;05:00;17.1;4;COUVERT;3;16.2;0
Laval;48.07;-0.77;08/09/2026;06:00;17.6;4;COUVERT;3;15.8;0
Laval;48.07;-0.77;08/09/2026;07:00;18.2;2;NUAGEUX;3;15.5;0
Laval;48.07;-0.77;08/09/2026;08:00;19.6;2;NUAGEUX;5;16.9;0
Laval;48.07;-0.77;08/09/2026;09:00;20.5;2;NUAGEUX;5;22.3;0
Laval;48.07;-0.77;08/09/2026;10:00;21.6;6;AVERSES;6;26.3;0.2
Laval;48.07;-0.77;08/09/2026;11:00;21.2;6;AVERSES;6;30.6;0.4
Laval;48.07;-0.77;08/09/2026;12:00;21.9;6;AVERSES;6;33.5;1.8
Laval;48.07;-0.77;08/09/2026;13:00;20.7;6;AVERSES;6;44.6;0.6
Laval;48.07;-0.77;08/09/2026;14:00;20.7;6;AVERSES;6;47.5;0.1
Laval;48.07;-0.77;08/09/2026;15:00;20.1;6;AVERSES;6;46.4;0.2
Laval;48.07;-0.77;08/09/2026;16:00;21.2;6;AVERSES;6;45.0;0.5
Laval;48.07;-0.77;08/09/2026;17:00;18.6;2;NUAGEUX;6;37.8;0
Laval;48.07;-0.77;08/09/2026;18:00;17.2;2;NUAGEUX;5;41.0;0
Laval;48.07;-0.77;08/09/2026;19:00;16.1;2;NUAGEUX;5;41.0;0
Laval;48.07;-0.77;08/09/2026;20:00;15.2;0;SOLEIL;4;38.9;0
Laval;48.07;-0.77;08/09/2026;21:00;15.4;0;SOLEIL;4;37.1;0
Laval;48.07;-0.77;08/09/2026;22:00;14.4;0;SOLEIL;4;29.2;0
Laval;48.07;-0.77;08/09/2026;23:00;14.1;0;SOLEIL;4;22.0;0
Laval;48.07;-0.77;09/09/2026;00:00;13.7;2;NUAGEUX;3;21.2;0
Laval;48.07;-0.77;09/09/2026;01:00;13.7;2;NUAGEUX;3;21.6;0
Laval;48.07;-0.77;09/09/2026;02:00;12.7;0;SOLEIL;4;20.9;0
Laval;48.07;-0.77;09/09/2026;03:00;12.7;0;SOLEIL;4;19.8;0
Laval;48.07;-0.77;09/09/2026;04:00;12.7;0;SOLEIL;4;17.6;0
Laval;48.07;-0.77;09/09/2026;05:00;12.1;0;SOLEIL;4;18.4;0
Laval;48.07;-0.77;09/09/2026;06:00;12.1;0;SOLEIL;4;18.0;0
Laval;48.07;-0.77;09/09/2026;07:00;12.1;0;SOLEIL;4;15.8;0
Laval;48.07;-0.77;09/09/2026;08:00;16.6;0;SOLEIL;4;14.8;0
Laval;48.07;-0.77;09/09/2026;09:00;16.6;0;SOLEIL;4;16.9;0
Laval;48.07;-0.77;09/09/2026;10:00;16.6;0;SOLEIL;4;19.1;0
Laval;48.07;-0.77;09/09/2026;11:00;20.1;2;NUAGEUX;5;23.8;0
Laval;48.07;-0.77;09/09/2026;12:00;20.1;2;NUAGEUX;5;24.4;0
Laval;48.07;-0.77;09/09/2026;13:00;20.1;2;NUAGEUX;5;24.8;0
Laval;48.07;-0.77;09/09/2026;14:00;20.2;0;SOLEIL;5;29.1;0
Laval;48.07;-0.77;09/09/2026;15:00;20.2;0;SOLEIL;5;36.0;0
Laval;48.07;-0.77;09/09/2026;16:00;20.2;0;SOLEIL;5;37.1;0
Laval;48.07;-0.77;09/09/2026;17:00;18.5;0;SOLEIL;4;36.7;0
Laval;48.07;-0.77;09/09/2026;18:00;18.5;0;SOLEIL;4;36.0;0
Laval;48.07;-0.77;09/09/2026;19:00;18.5;0;SOLEIL;4;34.6;0
Laval;48.07;-0.77;09/09/2026;20:00;14.1;0;SOLEIL;2;32.0;0
Laval;48.07;-0.77;09/09/2026;21:00;14.1;0;SOLEIL;2;27.0;0
Laval;48.07;-0.77;09/09/2026;22:00;14.1;0;SOLEIL;2;15.5;0
Laval;48.07;-0.77;09/09/2026;23:00;11.6;5;SOLEIL VOILÉ;1;11.2;0
Laval;48.07;-0.77;10/09/2026;00:00;11.6;5;SOLEIL VOILÉ;1;7.9;0
Laval;48.07;-0.77;10/09/2026;01:00;11.6;5;SOLEIL VOILÉ;1;7.9;0
Laval;48.07;-0.77;10/09/2026;02:00;10.6;5;SOLEIL VOILÉ;1;6.1;0
Laval;48.07;-0.77;10/09/2026;03:00;10.6;5;SOLEIL VOILÉ;1;6.1;0
Laval;48.07;-0.77;10/09/2026;04:00;10.6;5;SOLEIL VOILÉ;1;6.1;0
Laval;48.07;-0.77;10/09/2026;05:00;10.6;5;SOLEIL VOILÉ;0;5.4;0
Laval;48.07;-0.77;10/09/2026;06:00;10.6;5;SOLEIL VOILÉ;0;6.1;0
Laval;48.07;-0.77;10/09/2026;07:00;10.6;5;SOLEIL VOILÉ;0;5.8;0
Laval;48.07;-0.77;10/09/2026;08:00;17.1;5;SOLEIL VOILÉ;2;4.7;0
Laval;48.07;-0.77;10/09/2026;09:00;17.1;5;SOLEIL VOILÉ;2;4.7;0
Laval;48.07;-0.77;10/09/2026;10:00;17.1;5;SOLEIL VOILÉ;2;4.7;0
Laval;48.07;-0.77;10/09/2026;11:00;19.5;2;NUAGEUX;3;4.7;0
Laval;48.07;-0.77;10/09/2026;12:00;19.5;2;NUAGEUX;3;9.4;0
Laval;48.07;-0.77;10/09/2026;13:00;19.5;2;NUAGEUX;3;9.7;0
Laval;48.07;-0.77;10/09/2026;14:00;21;2;NUAGEUX;2;15.5;0
Laval;48.07;-0.77;10/09/2026;15:00;21;2;NUAGEUX;2;18.0;0
Laval;48.07;-0.77;10/09/2026;16:00;21;2;NUAGEUX;2;20.2;0
Laval;48.07;-0.77;10/09/2026;17:00;19.7;2;NUAGEUX;2;20.9;0
Laval;48.07;-0.77;10/09/2026;18:00;19.7;2;NUAGEUX;2;20.2;0
Laval;48.07;-0.77;10/09/2026;19:00;19.7;2;NUAGEUX;2;18.0;0
Laval;48.07;-0.77;10/09/2026;20:00;15.1;2;NUAGEUX;5;15.5;0
Laval;48.07;-0.77;10/09/2026;21:00;13.8;2;NUAGEUX;5;12.6;0
Laval;48.07;-0.77;10/09/2026;22:00;12.5;2;NUAGEUX;5;9.0;0
Laval;48.07;-0.77;10/09/2026;23:00;14.6;2;NUAGEUX;3;7.2;0
Laval;48.07;-0.77;11/09/2026;00:00;14.6;2;NUAGEUX;3;8.3;0
Laval;48.07;-0.77;11/09/2026;01:00;14.6;2;NUAGEUX;3;10.8;0
Laval;48.07;-0.77;11/09/2026;02:00;14;7;PLUIE FAIBLE;5;12.2;0
Laval;48.07;-0.77;11/09/2026;03:00;14;7;PLUIE FAIBLE;5;11.2;0
Laval;48.07;-0.77;11/09/2026;04:00;14;7;PLUIE FAIBLE;5;9.0;0
Laval;48.07;-0.77;11/09/2026;05:00;14.9;7;PLUIE FAIBLE;3;7.6;0
Laval;48.07;-0.77;11/09/2026;06:00;14.9;7;PLUIE FAIBLE;3;7.9;0
Laval;48.07;-0.77;11/09/2026;07:00;14.9;7;PLUIE FAIBLE;3;9.4;0
Laval;48.07;-0.77;11/09/2026;08:00;16.0;7;PLUIE FAIBLE;5;11.5;0
Laval;48.07;-0.77;11/09/2026;09:00;17.0;7;PLUIE FAIBLE;5;14.8;0
Laval;48.07;-0.77;11/09/2026;10:00;18.0;7;PLUIE FAIBLE;5;18.7;0
Laval;48.07;-0.77;11/09/2026;11:00;21.2;7;PLUIE FAIBLE;4;22.0;0
Laval;48.07;-0.77;11/09/2026;12:00;21.2;7;PLUIE FAIBLE;4;23.4;0
Laval;48.07;-0.77;11/09/2026;13:00;21.2;7;PLUIE FAIBLE;4;24.5;0
Laval;48.07;-0.77;11/09/2026;14:00;22.0;7;PLUIE FAIBLE;5;25.2;0
Laval;48.07;-0.77;11/09/2026;15:00;23.0;7;PLUIE FAIBLE;5;26.3;0
Laval;48.07;-0.77;11/09/2026;16:00;22.0;7;PLUIE FAIBLE;5;27.7;0
Laval;48.07;-0.77;11/09/2026;17:00;20.1;7;PLUIE FAIBLE;4;29.2;0
Laval;48.07;-0.77;11/09/2026;18:00;20.1;7;PLUIE FAIBLE;4;32.0;0
Laval;48.07;-0.77;11/09/2026;19:00;20.1;7;PLUIE FAIBLE;4;34.9;0
Laval;48.07;-0.77;11/09/2026;20:00;18.0;7;PLUIE FAIBLE;5;35.3;0
Laval;48.07;-0.77;11/09/2026;21:00;17.0;7;PLUIE FAIBLE;5;31.3;0
Laval;48.07;-0.77;11/09/2026;22:00;16.0;7;PLUIE FAIBLE;5;24.8;0
Laval;48.07;-0.77;11/09/2026;23:00;14.2;0;SOLEIL;2;19.1;0
Laval;48.07;-0.77;12/09/2026;00:00;14.2;0;SOLEIL;2;15.5;0
Laval;48.07;-0.77;12/09/2026;01:00;14.2;0;SOLEIL;2;13.0;0
Laval;48.07;-0.77;12/09/2026;02:00;10.9;2;NUAGEUX;5;10.8;0
Laval;48.07;-0.77;12/09/2026;03:00;10.9;2;NUAGEUX;5;9.7;0
Laval;48.07;-0.77;12/09/2026;04:00;10.9;2;NUAGEUX;5;9.0;0
Laval;48.07;-0.77;12/09/2026;05:00;11.6;0;SOLEIL;2;8.6;0
Laval;48.07;-0.77;12/09/2026;06:00;11.6;0;SOLEIL;2;7.3;0
Laval;48.07;-0.77;12/09/2026;07:00;11.6;0;SOLEIL;2;6.1;0
Laval;48.07;-0.77;12/09/2026;08:00;13.8;2;NUAGEUX;5;5.0;0
Laval;48.07;-0.77;12/09/2026;09:00;15.2;2;NUAGEUX;5;7.9;0
Laval;48.07;-0.77;12/09/2026;10:00;16.7;2;NUAGEUX;5;11.2;0
Laval;48.07;-0.77;12/09/2026;11:00;22.2;2;NUAGEUX;1;13.7;0
Laval;48.07;-0.77;12/09/2026;12:00;22.2;2;NUAGEUX;1;13.7;0
Laval;48.07;-0.77;12/09/2026;13:00;22.2;2;NUAGEUX;1;12.2;0
Laval;48.07;-0.77;12/09/2026;14:00;22.5;2;NUAGEUX;5;11.5;0
Laval;48.07;-0.77;12/09/2026;15:00;23.9;2;NUAGEUX;5;12.2;0
Laval;48.07;-0.77;12/09/2026;16:00;22.5;2;NUAGEUX;5;13.7;0
Laval;48.07;-0.77;12/09/2026;17:00;21.5;2;NUAGEUX;2;14.8;0
Laval;48.07;-0.77;12/09/2026;18:00;21.5;2;NUAGEUX;2;15.5;0
Laval;48.07;-0.77;12/09/2026;19:00;21.5;2;NUAGEUX;2;16.2;0
Laval;48.07;-0.77;12/09/2026;20:00;16.7;2;NUAGEUX;5;16.6;0
Laval;48.07;-0.77;12/09/2026;21:00;15.2;2;NUAGEUX;5;16.2;0
Laval;48.07;-0.77;12/09/2026;22:00;13.8;2;NUAGEUX;5;15.5;0
Laval;48.07;-0.77;12/09/2026;23:00;14.6;0;SOLEIL;2;14.0;0
La Ferté-Bernard;48.18;0.65;08/09/2026;00:00;18.4;5;SOLEIL VOILÉ;3;16.6;0
La Ferté-Bernard;48.18;0.65;08/09/2026;01:00;17.9;5;SOLEIL VOILÉ;3;15.5;0
La Ferté-Bernard;48.18;0.65;08/09/2026;02:00;17.1;5;SOLEIL VOILÉ;3;13.7;0
La Ferté-Bernard;48.18;0.65;08/09/2026;03:00;16.5;2;NUAGEUX;3;13.3;0
La Ferté-Bernard;48.18;0.65;08/09/2026;04:00;16;2;NUAGEUX;3;12.6;0
La Ferté-Bernard;48.18;0.65;08/09/2026;05:00;15.7;4;COUVERT;3;14.4;0
La Ferté-Bernard;48.18;0.65;08/09/2026;06:00;16.5;4;COUVERT;2;13.7;0
La Ferté-Bernard;48.18;0.65;08/09/2026;07:00;17.9;2;NUAGEUX;3;13.3;0
La Ferté-Bernard;48.18;0.65;08/09/2026;08:00;18.9;2;NUAGEUX;4;14.4;0
La Ferté-Bernard;48.18;0.65;08/09/2026;09:00;20.6;2;NUAGEUX;5;26.6;0
La Ferté-Bernard;48.18;0.65;08/09/2026;10:00;21.7;2;NUAGEUX;6;28.8;0
La Ferté-Bernard;48.18;0.65;08/09/2026;11:00;22.7;2;NUAGEUX;6;36.4;0
La Ferté-Bernard;48.18;0.65;08/09/2026;12:00;24.5;2;NUAGEUX;7;38.2;0
La Ferté-Bernard;48.18;0.65;08/09/2026;13:00;24.4;6;AVERSES;7;38.5;0.1
La Ferté-Bernard;48.18;0.65;08/09/2026;14:00;22.5;2;NUAGEUX;7;38.5;0
La Ferté-Bernard;48.18;0.65;08/09/2026;15:00;20.6;2;NUAGEUX;7;47.2;0
La Ferté-Bernard;48.18;0.65;08/09/2026;16:00;19.6;6;AVERSES;7;52.6;0.2
La Ferté-Bernard;48.18;0.65;08/09/2026;17:00;19.7;2;NUAGEUX;6;42.1;0
La Ferté-Bernard;48.18;0.65;08/09/2026;18:00;19.2;2;NUAGEUX;5;43.9;0
La Ferté-Bernard;48.18;0.65;08/09/2026;19:00;18.7;6;AVERSES;5;39.2;1.1
La Ferté-Bernard;48.18;0.65;08/09/2026;20:00;16.4;2;NUAGEUX;4;42.1;0
La Ferté-Bernard;48.18;0.65;08/09/2026;21:00;15.7;2;NUAGEUX;4;26.3;0
La Ferté-Bernard;48.18;0.65;08/09/2026;22:00;14.7;0;SOLEIL;3;29.9;0
La Ferté-Bernard;48.18;0.65;08/09/2026;23:00;14;0;SOLEIL;3;24.5;0
La Ferté-Bernard;48.18;0.65;09/09/2026;00:00;13.6;0;SOLEIL;3;15.1;0
La Ferté-Bernard;48.18;0.65;09/09/2026;01:00;13.6;0;SOLEIL;3;12.2;0
La Ferté-Bernard;48.18;0.65;09/09/2026;02:00;11.6;0;SOLEIL;3;10.8;0
La Ferté-Bernard;48.18;0.65;09/09/2026;03:00;11.6;0;SOLEIL;3;9.0;0
La Ferté-Bernard;48.18;0.65;09/09/2026;04:00;11.6;0;SOLEIL;3;6.8;0
La Ferté-Bernard;48.18;0.65;09/09/2026;05:00;11.5;0;SOLEIL;3;5.4;0
La Ferté-Bernard;48.18;0.65;09/09/2026;06:00;11.5;0;SOLEIL;3;4.3;0
La Ferté-Bernard;48.18;0.65;09/09/2026;07:00;11.5;0;SOLEIL;3;4.7;0
La Ferté-Bernard;48.18;0.65;09/09/2026;08:00;16.9;0;SOLEIL;4;3.6;0
La Ferté-Bernard;48.18;0.65;09/09/2026;09:00;16.9;0;SOLEIL;4;3.2;0
La Ferté-Bernard;48.18;0.65;09/09/2026;10:00;16.9;0;SOLEIL;4;13.0;0
La Ferté-Bernard;48.18;0.65;09/09/2026;11:00;20.4;2;NUAGEUX;5;16.9;0
La Ferté-Bernard;48.18;0.65;09/09/2026;12:00;20.4;2;NUAGEUX;5;21.9;0
La Ferté-Bernard;48.18;0.65;09/09/2026;13:00;20.4;2;NUAGEUX;5;24.7;0
La Ferté-Bernard;48.18;0.65;09/09/2026;14:00;21.1;0;SOLEIL;4;26.5;0
La Ferté-Bernard;48.18;0.65;09/09/2026;15:00;21.1;0;SOLEIL;4;28.4;0
La Ferté-Bernard;48.18;0.65;09/09/2026;16:00;21.1;0;SOLEIL;4;29.5;0
La Ferté-Bernard;48.18;0.65;09/09/2026;17:00;18.7;0;SOLEIL;4;29.5;0
La Ferté-Bernard;48.18;0.65;09/09/2026;18:00;18.7;0;SOLEIL;4;27.7;0
La Ferté-Bernard;48.18;0.65;09/09/2026;19:00;18.7;0;SOLEIL;4;26.6;0
La Ferté-Bernard;48.18;0.65;09/09/2026;20:00;14;0;SOLEIL;2;25.2;0
La Ferté-Bernard;48.18;0.65;09/09/2026;21:00;14;0;SOLEIL;2;16.9;0
La Ferté-Bernard;48.18;0.65;09/09/2026;22:00;14;0;SOLEIL;2;11.5;0
La Ferté-Bernard;48.18;0.65;09/09/2026;23:00;12.2;0;SOLEIL;1;8.3;0
La Ferté-Bernard;48.18;0.65;10/09/2026;00:00;12.2;0;SOLEIL;1;7.2;0
La Ferté-Bernard;48.18;0.65;10/09/2026;01:00;12.2;0;SOLEIL;1;6.5;0
La Ferté-Bernard;48.18;0.65;10/09/2026;02:00;10.1;5;SOLEIL VOILÉ;0;5.8;0
La Ferté-Bernard;48.18;0.65;10/09/2026;03:00;10.1;5;SOLEIL VOILÉ;0;5.0;0
La Ferté-Bernard;48.18;0.65;10/09/2026;04:00;10.1;5;SOLEIL VOILÉ;0;4.7;0
La Ferté-Bernard;48.18;0.65;10/09/2026;05:00;9.9;5;SOLEIL VOILÉ;0;4.7;0
La Ferté-Bernard;48.18;0.65;10/09/2026;06:00;9.9;5;SOLEIL VOILÉ;0;4.0;0
La Ferté-Bernard;48.18;0.65;10/09/2026;07:00;9.9;5;SOLEIL VOILÉ;0;4.3;0
La Ferté-Bernard;48.18;0.65;10/09/2026;08:00;16.5;5;SOLEIL VOILÉ;1;3.6;0
La Ferté-Bernard;48.18;0.65;10/09/2026;09:00;16.5;5;SOLEIL VOILÉ;1;4.3;0
La Ferté-Bernard;48.18;0.65;10/09/2026;10:00;16.5;5;SOLEIL VOILÉ;1;3.6;0
La Ferté-Bernard;48.18;0.65;10/09/2026;11:00;19.6;2;NUAGEUX;2;3.2;0
La Ferté-Bernard;48.18;0.65;10/09/2026;12:00;19.6;2;NUAGEUX;2;6.8;0
La Ferté-Bernard;48.18;0.65;10/09/2026;13:00;19.6;2;NUAGEUX;2;7.9;0
La Ferté-Bernard;48.18;0.65;10/09/2026;14:00;21.2;0;SOLEIL;2;11.9;0
La Ferté-Bernard;48.18;0.65;10/09/2026;15:00;21.2;0;SOLEIL;2;12.6;0
La Ferté-Bernard;48.18;0.65;10/09/2026;16:00;21.2;0;SOLEIL;2;12.2;0
La Ferté-Bernard;48.18;0.65;10/09/2026;17:00;19.2;0;SOLEIL;2;12.2;0
La Ferté-Bernard;48.18;0.65;10/09/2026;18:00;19.2;0;SOLEIL;2;14.0;0
La Ferté-Bernard;48.18;0.65;10/09/2026;19:00;19.2;0;SOLEIL;2;16.2;0
La Ferté-Bernard;48.18;0.65;10/09/2026;20:00;14.5;2;NUAGEUX;5;16.6;0
La Ferté-Bernard;48.18;0.65;10/09/2026;21:00;13.0;2;NUAGEUX;5;13.7;0
La Ferté-Bernard;48.18;0.65;10/09/2026;22:00;11.6;2;NUAGEUX;5;9.0;0
La Ferté-Bernard;48.18;0.65;10/09/2026;23:00;12;0;SOLEIL;3;5.4;0
La Ferté-Bernard;48.18;0.65;11/09/2026;00:00;12;0;SOLEIL;3;4.0;0
La Ferté-Bernard;48.18;0.65;11/09/2026;01:00;12;0;SOLEIL;3;4.0;0
La Ferté-Bernard;48.18;0.65;11/09/2026;02:00;11.5;7;PLUIE FAIBLE;5;4.3;0
La Ferté-Bernard;48.18;0.65;11/09/2026;03:00;11.5;7;PLUIE FAIBLE;5;5.4;0
La Ferté-Bernard;48.18;0.65;11/09/2026;04:00;11.5;7;PLUIE FAIBLE;5;6.5;0
La Ferté-Bernard;48.18;0.65;11/09/2026;05:00;13.2;7;PLUIE FAIBLE;3;7.6;0
La Ferté-Bernard;48.18;0.65;11/09/2026;06:00;13.2;7;PLUIE FAIBLE;3;7.2;0
La Ferté-Bernard;48.18;0.65;11/09/2026;07:00;13.2;7;PLUIE FAIBLE;3;6.5;0
La Ferté-Bernard;48.18;0.65;11/09/2026;08:00;13.7;7;PLUIE FAIBLE;5;6.8;0
La Ferté-Bernard;48.18;0.65;11/09/2026;09:00;14.9;7;PLUIE FAIBLE;5;9.4;0
La Ferté-Bernard;48.18;0.65;11/09/2026;10:00;16.0;7;PLUIE FAIBLE;5;13.0;0
La Ferté-Bernard;48.18;0.65;11/09/2026;11:00;19.6;6;AVERSES;4;15.8;0
La Ferté-Bernard;48.18;0.65;11/09/2026;12:00;19.6;6;AVERSES;4;18.0;0
La Ferté-Bernard;48.18;0.65;11/09/2026;13:00;19.6;6;AVERSES;4;19.4;0
La Ferté-Bernard;48.18;0.65;11/09/2026;14:00;20.5;7;PLUIE FAIBLE;5;19.8;0
La Ferté-Bernard;48.18;0.65;11/09/2026;15:00;21.6;7;PLUIE FAIBLE;5;18.4;0
La Ferté-Bernard;48.18;0.65;11/09/2026;16:00;20.5;7;PLUIE FAIBLE;5;15.8;0
La Ferté-Bernard;48.18;0.65;11/09/2026;17:00;18.7;7;PLUIE FAIBLE;3;13.7;0
La Ferté-Bernard;48.18;0.65;11/09/2026;18:00;18.7;7;PLUIE FAIBLE;3;12.2;0
La Ferté-Bernard;48.18;0.65;11/09/2026;19:00;18.7;7;PLUIE FAIBLE;3;11.2;0
La Ferté-Bernard;48.18;0.65;11/09/2026;20:00;16.0;7;PLUIE FAIBLE;5;10.8;0
La Ferté-Bernard;48.18;0.65;11/09/2026;21:00;14.9;7;PLUIE FAIBLE;5;12.2;0
La Ferté-Bernard;48.18;0.65;11/09/2026;22:00;13.7;7;PLUIE FAIBLE;5;14.8;0
La Ferté-Bernard;48.18;0.65;11/09/2026;23:00;12.1;0;SOLEIL;2;15.8;0
La Ferté-Bernard;48.18;0.65;12/09/2026;00:00;12.1;0;SOLEIL;2;14.8;0
La Ferté-Bernard;48.18;0.65;12/09/2026;01:00;12.1;0;SOLEIL;2;12.2;0
La Ferté-Bernard;48.18;0.65;12/09/2026;02:00;9.6;2;NUAGEUX;5;10.1;0
La Ferté-Bernard;48.18;0.65;12/09/2026;03:00;9.6;2;NUAGEUX;5;8.6;0
La Ferté-Bernard;48.18;0.65;12/09/2026;04:00;9.6;2;NUAGEUX;5;7.6;0
La Ferté-Bernard;48.18;0.65;12/09/2026;05:00;10.9;0;SOLEIL;1;6.8;0
La Ferté-Bernard;48.18;0.65;12/09/2026;06:00;10.9;0;SOLEIL;1;6.0;0
La Ferté-Bernard;48.18;0.65;12/09/2026;07:00;10.9;0;SOLEIL;1;5.8;0
La Ferté-Bernard;48.18;0.65;12/09/2026;08:00;12.5;2;NUAGEUX;5;5.5;0
La Ferté-Bernard;48.18;0.65;12/09/2026;09:00;14.0;2;NUAGEUX;5;7.2;0
La Ferté-Bernard;48.18;0.65;12/09/2026;10:00;15.4;2;NUAGEUX;5;9.4;0
La Ferté-Bernard;48.18;0.65;12/09/2026;11:00;21.1;2;NUAGEUX;2;11.5;0
La Ferté-Bernard;48.18;0.65;12/09/2026;12:00;21.1;2;NUAGEUX;2;13.0;0
La Ferté-Bernard;48.18;0.65;12/09/2026;13:00;21.1;2;NUAGEUX;2;14.0;0
La Ferté-Bernard;48.18;0.65;12/09/2026;14:00;21.2;2;NUAGEUX;5;14.8;0
La Ferté-Bernard;48.18;0.65;12/09/2026;15:00;22.7;2;NUAGEUX;5;14.8;0
La Ferté-Bernard;48.18;0.65;12/09/2026;16:00;21.2;2;NUAGEUX;5;14.4;0
La Ferté-Bernard;48.18;0.65;12/09/2026;17:00;19.2;2;NUAGEUX;1;14.0;0
La Ferté-Bernard;48.18;0.65;12/09/2026;18:00;19.2;2;NUAGEUX;1;14.0;0
La Ferté-Bernard;48.18;0.65;12/09/2026;19:00;19.2;2;NUAGEUX;1;14.0;0
La Ferté-Bernard;48.18;0.65;12/09/2026;20:00;15.4;2;NUAGEUX;5;13.3;0
La Ferté-Bernard;48.18;0.65;12/09/2026;21:00;14.0;2;NUAGEUX;5;10.4;0
La Ferté-Bernard;48.18;0.65;12/09/2026;22:00;12.5;2;NUAGEUX;5;6.8;0
La Ferté-Bernard;48.18;0.65;12/09/2026;23:00;12.7;0;SOLEIL;2;4.0;0
La Flèche;47.7;-0.07;08/09/2026;00:00;18.6;5;SOLEIL VOILÉ;2;14.0;0
La Flèche;47.7;-0.07;08/09/2026;01:00;18;0;SOLEIL;2;13.3;0
La Flèche;47.7;-0.07;08/09/2026;02:00;17.2;2;NUAGEUX;2;11.2;0
La Flèche;47.7;-0.07;08/09/2026;03:00;17.5;2;NUAGEUX;2;10.1;0
La Flèche;47.7;-0.07;08/09/2026;04:00;17.2;2;NUAGEUX;2;11.2;0
La Flèche;47.7;-0.07;08/09/2026;05:00;17.5;2;NUAGEUX;2;12.2;0
La Flèche;47.7;-0.07;08/09/2026;06:00;17.1;2;NUAGEUX;2;13.0;0
La Flèche;47.7;-0.07;08/09/2026;07:00;18.4;2;NUAGEUX;3;13.0;0
La Flèche;47.7;-0.07;08/09/2026;08:00;19.7;2;NUAGEUX;4;11.9;0
La Flèche;47.7;-0.07;08/09/2026;09:00;21.2;2;NUAGEUX;4;15.8;0
La Flèche;47.7;-0.07;08/09/2026;10:00;22.5;2;NUAGEUX;5;25.2;0
La Flèche;47.7;-0.07;08/09/2026;11:00;23.1;2;NUAGEUX;6;31.3;0
La Flèche;47.7;-0.07;08/09/2026;12:00;23.5;2;NUAGEUX;7;33.5;0
La Flèche;47.7;-0.07;08/09/2026;13:00;23.4;6;AVERSES;6;40.3;0.3
La Flèche;47.7;-0.07;08/09/2026;14:00;21.7;2;NUAGEUX;6;43.2;0
La Flèche;47.7;-0.07;08/09/2026;15:00;22.5;2;NUAGEUX;6;45.4;0
La Flèche;47.7;-0.07;08/09/2026;16:00;22.4;2;NUAGEUX;6;37.1;0
La Flèche;47.7;-0.07;08/09/2026;17:00;21.5;2;NUAGEUX;5;45.4;0
La Flèche;47.7;-0.07;08/09/2026;18:00;19.5;2;NUAGEUX;4;37.8;0
La Flèche;47.7;-0.07;08/09/2026;19:00;17.7;2;NUAGEUX;3;36.0;0
La Flèche;47.7;-0.07;08/09/2026;20:00;17.4;2;NUAGEUX;4;32.4;0
La Flèche;47.7;-0.07;08/09/2026;21:00;17;2;NUAGEUX;4;27.0;0
La Flèche;47.7;-0.07;08/09/2026;22:00;16.4;2;NUAGEUX;4;28.4;0
La Flèche;47.7;-0.07;08/09/2026;23:00;15.7;0;SOLEIL;3;26.6;0
La Flèche;47.7;-0.07;09/09/2026;00:00;14.6;0;SOLEIL;3;20.2;0
La Flèche;47.7;-0.07;09/09/2026;01:00;14.6;0;SOLEIL;3;12.6;0
La Flèche;47.7;-0.07;09/09/2026;02:00;14.1;0;SOLEIL;3;14.0;0
La Flèche;47.7;-0.07;09/09/2026;03:00;14.1;0;SOLEIL;3;13.0;0
La Flèche;47.7;-0.07;09/09/2026;04:00;14.1;0;SOLEIL;3;9.7;0
La Flèche;47.7;-0.07;09/09/2026;05:00;13.5;0;SOLEIL;3;7.2;0
La Flèche;47.7;-0.07;09/09/2026;06:00;13.5;0;SOLEIL;3;7.9;0
La Flèche;47.7;-0.07;09/09/2026;07:00;13.5;0;SOLEIL;3;7.2;0
La Flèche;47.7;-0.07;09/09/2026;08:00;17.5;0;SOLEIL;3;6.8;0
La Flèche;47.7;-0.07;09/09/2026;09:00;17.5;0;SOLEIL;3;8.6;0
La Flèche;47.7;-0.07;09/09/2026;10:00;17.5;0;SOLEIL;3;14.0;0
La Flèche;47.7;-0.07;09/09/2026;11:00;20.5;2;NUAGEUX;4;16.6;0
La Flèche;47.7;-0.07;09/09/2026;12:00;20.5;2;NUAGEUX;4;20.6;0
La Flèche;47.7;-0.07;09/09/2026;13:00;20.5;2;NUAGEUX;4;21.8;0
La Flèche;47.7;-0.07;09/09/2026;14:00;21.5;2;NUAGEUX;4;23.9;0
La Flèche;47.7;-0.07;09/09/2026;15:00;21.5;2;NUAGEUX;4;27.7;0
La Flèche;47.7;-0.07;09/09/2026;16:00;21.5;2;NUAGEUX;4;26.6;0
La Flèche;47.7;-0.07;09/09/2026;17:00;20.1;0;SOLEIL;3;27.4;0
La Flèche;47.7;-0.07;09/09/2026;18:00;20.1;0;SOLEIL;3;27.7;0
La Flèche;47.7;-0.07;09/09/2026;19:00;20.1;0;SOLEIL;3;26.6;0
La Flèche;47.7;-0.07;09/09/2026;20:00;16.1;0;SOLEIL;3;24.8;0
La Flèche;47.7;-0.07;09/09/2026;21:00;16.1;0;SOLEIL;3;18.7;0
La Flèche;47.7;-0.07;09/09/2026;22:00;16.1;0;SOLEIL;3;14.4;0
La Flèche;47.7;-0.07;09/09/2026;23:00;13.1;0;SOLEIL;2;11.2;0
La Flèche;47.7;-0.07;10/09/2026;00:00;13.1;0;SOLEIL;2;9.7;0
La Flèche;47.7;-0.07;10/09/2026;01:00;13.1;0;SOLEIL;2;8.6;0
La Flèche;47.7;-0.07;10/09/2026;02:00;11.6;5;SOLEIL VOILÉ;1;6.8;0
La Flèche;47.7;-0.07;10/09/2026;03:00;11.6;5;SOLEIL VOILÉ;1;6.1;0
La Flèche;47.7;-0.07;10/09/2026;04:00;11.6;5;SOLEIL VOILÉ;1;5.8;0
La Flèche;47.7;-0.07;10/09/2026;05:00;11.6;5;SOLEIL VOILÉ;1;5.0;0
La Flèche;47.7;-0.07;10/09/2026;06:00;11.6;5;SOLEIL VOILÉ;1;4.0;0
La Flèche;47.7;-0.07;10/09/2026;07:00;11.6;5;SOLEIL VOILÉ;1;4.3;0
La Flèche;47.7;-0.07;10/09/2026;08:00;17.4;5;SOLEIL VOILÉ;1;3.6;0
La Flèche;47.7;-0.07;10/09/2026;09:00;17.4;5;SOLEIL VOILÉ;1;3.2;0
La Flèche;47.7;-0.07;10/09/2026;10:00;17.4;5;SOLEIL VOILÉ;1;5.8;0
La Flèche;47.7;-0.07;10/09/2026;11:00;20.5;2;NUAGEUX;2;6.5;0
La Flèche;47.7;-0.07;10/09/2026;12:00;20.5;2;NUAGEUX;2;7.6;0
La Flèche;47.7;-0.07;10/09/2026;13:00;20.5;2;NUAGEUX;2;13.3;0
La Flèche;47.7;-0.07;10/09/2026;14:00;22.2;0;SOLEIL;2;14.0;0
La Flèche;47.7;-0.07;10/09/2026;15:00;22.2;0;SOLEIL;2;15.8;0
La Flèche;47.7;-0.07;10/09/2026;16:00;22.2;0;SOLEIL;2;17.3;0
La Flèche;47.7;-0.07;10/09/2026;17:00;20.6;0;SOLEIL;2;17.6;0
La Flèche;47.7;-0.07;10/09/2026;18:00;20.6;0;SOLEIL;2;15.8;0
La Flèche;47.7;-0.07;10/09/2026;19:00;20.6;0;SOLEIL;2;13.0;0
La Flèche;47.7;-0.07;10/09/2026;20:00;16.4;2;NUAGEUX;5;10.4;0
La Flèche;47.7;-0.07;10/09/2026;21:00;15.1;2;NUAGEUX;5;9.0;0
La Flèche;47.7;-0.07;10/09/2026;22:00;13.7;2;NUAGEUX;5;7.6;0
La Flèche;47.7;-0.07;10/09/2026;23:00;14.6;0;SOLEIL;2;7.2;0
La Flèche;47.7;-0.07;11/09/2026;00:00;14.6;0;SOLEIL;2;7.9;0
La Flèche;47.7;-0.07;11/09/2026;01:00;14.6;0;SOLEIL;2;9.4;0
La Flèche;47.7;-0.07;11/09/2026;02:00;12.9;7;PLUIE FAIBLE;5;10.4;0
La Flèche;47.7;-0.07;11/09/2026;03:00;12.9;7;PLUIE FAIBLE;5;10.4;0
La Flèche;47.7;-0.07;11/09/2026;04:00;12.9;7;PLUIE FAIBLE;5;9.7;0
La Flèche;47.7;-0.07;11/09/2026;05:00;14.4;7;PLUIE FAIBLE;3;9.0;0
La Flèche;47.7;-0.07;11/09/2026;06:00;14.4;7;PLUIE FAIBLE;3;7.9;0
La Flèche;47.7;-0.07;11/09/2026;07:00;14.4;7;PLUIE FAIBLE;3;7.2;0
La Flèche;47.7;-0.07;11/09/2026;08:00;15.4;7;PLUIE FAIBLE;5;7.6;0
La Flèche;47.7;-0.07;11/09/2026;09:00;16.7;7;PLUIE FAIBLE;5;10.8;0
La Flèche;47.7;-0.07;11/09/2026;10:00;17.9;7;PLUIE FAIBLE;5;15.1;0
La Flèche;47.7;-0.07;11/09/2026;11:00;21.6;7;PLUIE FAIBLE;3;17.6;0
La Flèche;47.7;-0.07;11/09/2026;12:00;21.6;7;PLUIE FAIBLE;3;16.9;0
La Flèche;47.7;-0.07;11/09/2026;13:00;21.6;7;PLUIE FAIBLE;3;14.0;0
La Flèche;47.7;-0.07;11/09/2026;14:00;22.9;7;PLUIE FAIBLE;5;11.5;0
La Flèche;47.7;-0.07;11/09/2026;15:00;24.2;7;PLUIE FAIBLE;5;9.7;0
La Flèche;47.7;-0.07;11/09/2026;16:00;22.9;7;PLUIE FAIBLE;5;7.9;0
La Flèche;47.7;-0.07;11/09/2026;17:00;20.4;7;PLUIE FAIBLE;3;6.8;0
La Flèche;47.7;-0.07;11/09/2026;18:00;20.4;7;PLUIE FAIBLE;3;5.8;0
La Flèche;47.7;-0.07;11/09/2026;19:00;20.4;7;PLUIE FAIBLE;3;5.0;0
La Flèche;47.7;-0.07;11/09/2026;20:00;17.9;7;PLUIE FAIBLE;5;6.1;0
La Flèche;47.7;-0.07;11/09/2026;21:00;16.7;7;PLUIE FAIBLE;5;10.8;0
La Flèche;47.7;-0.07;11/09/2026;22:00;15.4;7;PLUIE FAIBLE;5;17.6;0
La Flèche;47.7;-0.07;11/09/2026;23:00;14;0;SOLEIL;2;22.0;0
La Flèche;47.7;-0.07;12/09/2026;00:00;14;0;SOLEIL;2;22.3;0
La Flèche;47.7;-0.07;12/09/2026;01:00;14;0;SOLEIL;2;20.2;0
La Flèche;47.7;-0.07;12/09/2026;02:00;10.7;2;NUAGEUX;5;17.6;0
La Flèche;47.7;-0.07;12/09/2026;03:00;10.7;2;NUAGEUX;5;15.1;0
La Flèche;47.7;-0.07;12/09/2026;04:00;10.7;2;NUAGEUX;5;12.2;0
La Flèche;47.7;-0.07;12/09/2026;05:00;11.7;0;SOLEIL;2;9.7;0
La Flèche;47.7;-0.07;12/09/2026;06:00;11.7;0;SOLEIL;2;7.9;0
La Flèche;47.7;-0.07;12/09/2026;07:00;11.7;0;SOLEIL;2;6.5;0
La Flèche;47.7;-0.07;12/09/2026;08:00;13.9;2;NUAGEUX;5;5.7;0
La Flèche;47.7;-0.07;12/09/2026;09:00;15.5;2;NUAGEUX;5;6.5;0
La Flèche;47.7;-0.07;12/09/2026;10:00;17.1;2;NUAGEUX;5;8.6;0
La Flèche;47.7;-0.07;12/09/2026;11:00;23.1;2;NUAGEUX;1;10.4;0
La Flèche;47.7;-0.07;12/09/2026;12:00;23.1;2;NUAGEUX;1;11.2;0
La Flèche;47.7;-0.07;12/09/2026;13:00;23.1;2;NUAGEUX;1;11.5;0
La Flèche;47.7;-0.07;12/09/2026;14:00;23.5;2;NUAGEUX;5;11.5;0
La Flèche;47.7;-0.07;12/09/2026;15:00;25.1;2;NUAGEUX;5;11.5;0
La Flèche;47.7;-0.07;12/09/2026;16:00;23.5;2;NUAGEUX;5;11.2;0
La Flèche;47.7;-0.07;12/09/2026;17:00;20.6;2;NUAGEUX;2;10.8;0
La Flèche;47.7;-0.07;12/09/2026;18:00;20.6;2;NUAGEUX;2;10.4;0
La Flèche;47.7;-0.07;12/09/2026;19:00;20.6;2;NUAGEUX;2;9.7;0
La Flèche;47.7;-0.07;12/09/2026;20:00;17.1;2;NUAGEUX;5;9.4;0
La Flèche;47.7;-0.07;12/09/2026;21:00;15.5;2;NUAGEUX;5;9.0;0
La Flèche;47.7;-0.07;12/09/2026;22:00;13.9;2;NUAGEUX;5;8.6;0
La Flèche;47.7;-0.07;12/09/2026;23:00;13.6;0;SOLEIL;2;7.9;0
Le Mans;48.0;0.19;08/09/2026;00:00;19.1;5;SOLEIL VOILÉ;3;22.7;0
Le Mans;48.0;0.19;08/09/2026;01:00;18.2;5;SOLEIL VOILÉ;3;22.3;0
Le Mans;48.0;0.19;08/09/2026;02:00;17.5;2;NUAGEUX;3;20.2;0
Le Mans;48.0;0.19;08/09/2026;03:00;17.4;2;NUAGEUX;3;18.0;0
Le Mans;48.0;0.19;08/09/2026;04:00;16.9;2;NUAGEUX;2;19.1;0
Le Mans;48.0;0.19;08/09/2026;05:00;16.9;2;NUAGEUX;3;17.6;0
Le Mans;48.0;0.19;08/09/2026;06:00;17.6;2;NUAGEUX;3;19.8;0
Le Mans;48.0;0.19;08/09/2026;07:00;18.4;2;NUAGEUX;3;18.7;0
Le Mans;48.0;0.19;08/09/2026;08:00;19.2;2;NUAGEUX;4;21.6;0
Le Mans;48.0;0.19;08/09/2026;09:00;20.7;2;NUAGEUX;5;22.7;0
Le Mans;48.0;0.19;08/09/2026;10:00;21.5;2;NUAGEUX;5;29.5;0
Le Mans;48.0;0.19;08/09/2026;11:00;22.4;2;NUAGEUX;6;34.6;0
Le Mans;48.0;0.19;08/09/2026;12:00;22.9;6;AVERSES;6;36.4;0.1
Le Mans;48.0;0.19;08/09/2026;13:00;22.4;6;AVERSES;6;37.4;0.5
Le Mans;48.0;0.19;08/09/2026;14:00;20.7;6;AVERSES;6;42.5;0.1
Le Mans;48.0;0.19;08/09/2026;15:00;21.2;2;NUAGEUX;7;48.6;0
Le Mans;48.0;0.19;08/09/2026;16:00;21;2;NUAGEUX;6;47.2;0
Le Mans;48.0;0.19;08/09/2026;17:00;21.4;2;NUAGEUX;5;45.0;0
Le Mans;48.0;0.19;08/09/2026;18:00;21.1;6;AVERSES;4;47.9;0.1
Le Mans;48.0;0.19;08/09/2026;19:00;19.6;6;AVERSES;4;40.0;0.1
Le Mans;48.0;0.19;08/09/2026;20:00;16.6;2;NUAGEUX;4;40.7;0
Le Mans;48.0;0.19;08/09/2026;21:00;16.1;2;NUAGEUX;4;30.2;0
Le Mans;48.0;0.19;08/09/2026;22:00;16;2;NUAGEUX;3;32.0;0
Le Mans;48.0;0.19;08/09/2026;23:00;15.1;0;SOLEIL;3;32.8;0
Le Mans;48.0;0.19;09/09/2026;00:00;14.5;0;SOLEIL;3;20.5;0
Le Mans;48.0;0.19;09/09/2026;01:00;14.5;0;SOLEIL;3;17.3;0
Le Mans;48.0;0.19;09/09/2026;02:00;12.9;0;SOLEIL;3;18.0;0
Le Mans;48.0;0.19;09/09/2026;03:00;12.9;0;SOLEIL;3;16.6;0
Le Mans;48.0;0.19;09/09/2026;04:00;12.9;0;SOLEIL;3;13.3;0
Le Mans;48.0;0.19;09/09/2026;05:00;12.6;0;SOLEIL;3;10.8;0
Le Mans;48.0;0.19;09/09/2026;06:00;12.6;0;SOLEIL;3;9.7;0
Le Mans;48.0;0.19;09/09/2026;07:00;12.6;0;SOLEIL;3;9.0;0
Le Mans;48.0;0.19;09/09/2026;08:00;17.1;0;SOLEIL;4;7.6;0
Le Mans;48.0;0.19;09/09/2026;09:00;17.1;0;SOLEIL;4;11.9;0
Le Mans;48.0;0.19;09/09/2026;10:00;17.1;0;SOLEIL;4;15.1;0
Le Mans;48.0;0.19;09/09/2026;11:00;20.6;2;NUAGEUX;4;15.8;0
Le Mans;48.0;0.19;09/09/2026;12:00;20.6;2;NUAGEUX;4;20.2;0
Le Mans;48.0;0.19;09/09/2026;13:00;20.6;2;NUAGEUX;4;23.2;0
Le Mans;48.0;0.19;09/09/2026;14:00;22;0;SOLEIL;4;26.1;0
Le Mans;48.0;0.19;09/09/2026;15:00;22;0;SOLEIL;4;30.2;0
Le Mans;48.0;0.19;09/09/2026;16:00;22;0;SOLEIL;4;31.0;0
Le Mans;48.0;0.19;09/09/2026;17:00;20;0;SOLEIL;3;29.9;0
Le Mans;48.0;0.19;09/09/2026;18:00;20;0;SOLEIL;3;29.5;0
Le Mans;48.0;0.19;09/09/2026;19:00;20;0;SOLEIL;3;27.7;0
Le Mans;48.0;0.19;09/09/2026;20:00;16.5;0;SOLEIL;2;29.5;0
Le Mans;48.0;0.19;09/09/2026;21:00;16.5;0;SOLEIL;2;26.6;0
Le Mans;48.0;0.19;09/09/2026;22:00;16.5;0;SOLEIL;2;14.4;0
Le Mans;48.0;0.19;09/09/2026;23:00;13.6;0;SOLEIL;1;10.8;0
Le Mans;48.0;0.19;10/09/2026;00:00;13.6;0;SOLEIL;1;9.0;0
Le Mans;48.0;0.19;10/09/2026;01:00;13.6;0;SOLEIL;1;8.3;0
Le Mans;48.0;0.19;10/09/2026;02:00;11.1;5;SOLEIL VOILÉ;0;6.5;0
Le Mans;48.0;0.19;10/09/2026;03:00;11.1;5;SOLEIL VOILÉ;0;6.1;0
Le Mans;48.0;0.19;10/09/2026;04:00;11.1;5;SOLEIL VOILÉ;0;6.5;0
Le Mans;48.0;0.19;10/09/2026;05:00;10.4;5;SOLEIL VOILÉ;1;6.1;0
Le Mans;48.0;0.19;10/09/2026;06:00;10.4;5;SOLEIL VOILÉ;1;5.8;0
Le Mans;48.0;0.19;10/09/2026;07:00;10.4;5;SOLEIL VOILÉ;1;6.1;0
Le Mans;48.0;0.19;10/09/2026;08:00;17.2;5;SOLEIL VOILÉ;1;5.4;0
Le Mans;48.0;0.19;10/09/2026;09:00;17.2;5;SOLEIL VOILÉ;1;5.4;0
Le Mans;48.0;0.19;10/09/2026;10:00;17.2;5;SOLEIL VOILÉ;1;8.3;0
Le Mans;48.0;0.19;10/09/2026;11:00;20.5;2;NUAGEUX;2;7.9;0
Le Mans;48.0;0.19;10/09/2026;12:00;20.5;2;NUAGEUX;2;5.4;0
Le Mans;48.0;0.19;10/09/2026;13:00;20.5;2;NUAGEUX;2;12.2;0
Le Mans;48.0;0.19;10/09/2026;14:00;22;0;SOLEIL;2;13.7;0
Le Mans;48.0;0.19;10/09/2026;15:00;22;0;SOLEIL;2;15.8;0
Le Mans;48.0;0.19;10/09/2026;16:00;22;0;SOLEIL;2;18.4;0
Le Mans;48.0;0.19;10/09/2026;17:00;20.9;0;SOLEIL;2;19.4;0
Le Mans;48.0;0.19;10/09/2026;18:00;20.9;0;SOLEIL;2;18.7;0
Le Mans;48.0;0.19;10/09/2026;19:00;20.9;0;SOLEIL;2;16.6;0
Le Mans;48.0;0.19;10/09/2026;20:00;15.5;2;NUAGEUX;5;14.4;0
Le Mans;48.0;0.19;10/09/2026;21:00;14.0;2;NUAGEUX;5;11.5;0
Le Mans;48.0;0.19;10/09/2026;22:00;12.5;2;NUAGEUX;5;7.9;0
Le Mans;48.0;0.19;10/09/2026;23:00;13.9;0;SOLEIL;3;6.1;0
Le Mans;48.0;0.19;11/09/2026;00:00;13.9;0;SOLEIL;3;6.5;0
Le Mans;48.0;0.19;11/09/2026;01:00;13.9;0;SOLEIL;3;8.3;0
Le Mans;48.0;0.19;11/09/2026;02:00;13.4;7;PLUIE FAIBLE;5;10.1;0
Le Mans;48.0;0.19;11/09/2026;03:00;13.4;7;PLUIE FAIBLE;5;11.9;0
Le Mans;48.0;0.19;11/09/2026;04:00;13.4;7;PLUIE FAIBLE;5;13.7;0
Le Mans;48.0;0.19;11/09/2026;05:00;14.4;7;PLUIE FAIBLE;3;14.4;0
Le Mans;48.0;0.19;11/09/2026;06:00;14.4;7;PLUIE FAIBLE;3;13.3;0
Le Mans;48.0;0.19;11/09/2026;07:00;14.4;7;PLUIE FAIBLE;3;11.2;0
Le Mans;48.0;0.19;11/09/2026;08:00;15.5;7;PLUIE FAIBLE;5;10.1;0
Le Mans;48.0;0.19;11/09/2026;09:00;16.5;7;PLUIE FAIBLE;5;11.5;0
Le Mans;48.0;0.19;11/09/2026;10:00;17.5;7;PLUIE FAIBLE;5;13.7;0
Le Mans;48.0;0.19;11/09/2026;11:00;21.1;6;AVERSES;3;15.8;0
Le Mans;48.0;0.19;11/09/2026;12:00;21.1;6;AVERSES;3;17.3;0
Le Mans;48.0;0.19;11/09/2026;13:00;21.1;6;AVERSES;3;18.4;0
Le Mans;48.0;0.19;11/09/2026;14:00;21.7;7;PLUIE FAIBLE;5;18.7;0
Le Mans;48.0;0.19;11/09/2026;15:00;22.7;7;PLUIE FAIBLE;5;18.4;0
Le Mans;48.0;0.19;11/09/2026;16:00;21.7;7;PLUIE FAIBLE;5;17.6;0
Le Mans;48.0;0.19;11/09/2026;17:00;20.9;7;PLUIE FAIBLE;3;16.2;0
Le Mans;48.0;0.19;11/09/2026;18:00;20.9;7;PLUIE FAIBLE;3;13.0;0
Le Mans;48.0;0.19;11/09/2026;19:00;20.9;7;PLUIE FAIBLE;3;9.4;0
Le Mans;48.0;0.19;11/09/2026;20:00;17.5;7;PLUIE FAIBLE;5;8.6;0
Le Mans;48.0;0.19;11/09/2026;21:00;16.5;7;PLUIE FAIBLE;5;14.0;0
Le Mans;48.0;0.19;11/09/2026;22:00;15.5;7;PLUIE FAIBLE;5;22.0;0
Le Mans;48.0;0.19;11/09/2026;23:00;14.2;0;SOLEIL;2;27.0;0
Le Mans;48.0;0.19;12/09/2026;00:00;14.2;0;SOLEIL;2;25.2;0
Le Mans;48.0;0.19;12/09/2026;01:00;14.2;0;SOLEIL;2;20.2;0
Le Mans;48.0;0.19;12/09/2026;02:00;11.1;2;NUAGEUX;5;15.5;0
Le Mans;48.0;0.19;12/09/2026;03:00;11.1;2;NUAGEUX;5;12.6;0
Le Mans;48.0;0.19;12/09/2026;04:00;11.1;2;NUAGEUX;5;10.4;0
Le Mans;48.0;0.19;12/09/2026;05:00;12;6;AVERSES;0;8.6;0
Le Mans;48.0;0.19;12/09/2026;06:00;12;6;AVERSES;0;7.2;0
Le Mans;48.0;0.19;12/09/2026;07:00;12;6;AVERSES;0;6.3;0
Le Mans;48.0;0.19;12/09/2026;08:00;14.0;2;NUAGEUX;5;5.5;0
Le Mans;48.0;0.19;12/09/2026;09:00;15.4;2;NUAGEUX;5;7.2;0
Le Mans;48.0;0.19;12/09/2026;10:00;16.9;2;NUAGEUX;5;10.1;0
Le Mans;48.0;0.19;12/09/2026;11:00;22.1;2;NUAGEUX;1;12.2;0
Le Mans;48.0;0.19;12/09/2026;12:00;22.1;2;NUAGEUX;1;13.0;0
Le Mans;48.0;0.19;12/09/2026;13:00;22.1;2;NUAGEUX;1;13.0;0
Le Mans;48.0;0.19;12/09/2026;14:00;22.7;2;NUAGEUX;5;13.0;0
Le Mans;48.0;0.19;12/09/2026;15:00;24.1;2;NUAGEUX;5;12.6;0
Le Mans;48.0;0.19;12/09/2026;16:00;22.7;2;NUAGEUX;5;12.2;0
Le Mans;48.0;0.19;12/09/2026;17:00;21.4;2;NUAGEUX;2;11.5;0
Le Mans;48.0;0.19;12/09/2026;18:00;21.4;2;NUAGEUX;2;11.2;0
Le Mans;48.0;0.19;12/09/2026;19:00;21.4;2;NUAGEUX;2;10.8;0
Le Mans;48.0;0.19;12/09/2026;20:00;16.9;2;NUAGEUX;5;10.1;0
Le Mans;48.0;0.19;12/09/2026;21:00;15.4;2;NUAGEUX;5;8.6;0
Le Mans;48.0;0.19;12/09/2026;22:00;14.0;2;NUAGEUX;5;6.8;0
Le Mans;48.0;0.19;12/09/2026;23:00;14.6;0;SOLEIL;2;5.8;0
Mamers;48.35;0.37;08/09/2026;00:00;17.9;5;SOLEIL VOILÉ;3;16.2;0
Mamers;48.35;0.37;08/09/2026;01:00;17.5;5;SOLEIL VOILÉ;3;14.8;0
Mamers;48.35;0.37;08/09/2026;02:00;16.9;5;SOLEIL VOILÉ;2;11.2;0
Mamers;48.35;0.37;08/09/2026;03:00;16.1;4;COUVERT;3;8.3;0
Mamers;48.35;0.37;08/09/2026;04:00;15.6;4;COUVERT;2;7.9;0
Mamers;48.35;0.37;08/09/2026;05:00;15.5;4;COUVERT;2;12.2;0
Mamers;48.35;0.37;08/09/2026;06:00;16.4;4;COUVERT;2;12.6;0
Mamers;48.35;0.37;08/09/2026;07:00;17.4;4;COUVERT;3;11.9;0
Mamers;48.35;0.37;08/09/2026;08:00;18.6;4;COUVERT;4;15.5;0
Mamers;48.35;0.37;08/09/2026;09:00;20.1;2;NUAGEUX;5;25.2;0
Mamers;48.35;0.37;08/09/2026;10:00;20.7;6;AVERSES;6;27.7;0.2
Mamers;48.35;0.37;08/09/2026;11:00;22.6;6;AVERSES;6;35.3;0.2
Mamers;48.35;0.37;08/09/2026;12:00;22.5;6;AVERSES;7;36.7;0.2
Mamers;48.35;0.37;08/09/2026;13:00;23;6;AVERSES;7;37.4;0.4
Mamers;48.35;0.37;08/09/2026;14:00;21.7;2;NUAGEUX;7;40.3;0
Mamers;48.35;0.37;08/09/2026;15:00;21.1;6;AVERSES;7;42.1;0.1
Mamers;48.35;0.37;08/09/2026;16:00;20.1;6;AVERSES;7;38.5;0.2
Mamers;48.35;0.37;08/09/2026;17:00;19.4;6;AVERSES;5;40.3;1.2
Mamers;48.35;0.37;08/09/2026;18:00;17.9;6;AVERSES;5;33.8;1.4
Mamers;48.35;0.37;08/09/2026;19:00;15.1;2;NUAGEUX;5;40.7;0
Mamers;48.35;0.37;08/09/2026;20:00;15.6;2;NUAGEUX;4;36.7;0
Mamers;48.35;0.37;08/09/2026;21:00;15.6;0;SOLEIL;4;30.6;0
Mamers;48.35;0.37;08/09/2026;22:00;15.6;0;SOLEIL;3;25.9;0
Mamers;48.35;0.37;08/09/2026;23:00;14.1;0;SOLEIL;3;14.4;0
Mamers;48.35;0.37;09/09/2026;00:00;13.2;0;SOLEIL;3;13.3;0
Mamers;48.35;0.37;09/09/2026;01:00;13.2;0;SOLEIL;3;13.3;0
Mamers;48.35;0.37;09/09/2026;02:00;11.9;0;SOLEIL;3;13.0;0
Mamers;48.35;0.37;09/09/2026;03:00;11.9;0;SOLEIL;3;12.2;0
Mamers;48.35;0.37;09/09/2026;04:00;11.9;0;SOLEIL;3;10.4;0
Mamers;48.35;0.37;09/09/2026;05:00;11.4;0;SOLEIL;3;7.9;0
Mamers;48.35;0.37;09/09/2026;06:00;11.4;0;SOLEIL;3;5.0;0
Mamers;48.35;0.37;09/09/2026;07:00;11.4;0;SOLEIL;3;4.3;0
Mamers;48.35;0.37;09/09/2026;08:00;17.1;0;SOLEIL;4;4.3;0
Mamers;48.35;0.37;09/09/2026;09:00;17.1;0;SOLEIL;4;4.0;0
Mamers;48.35;0.37;09/09/2026;10:00;17.1;0;SOLEIL;4;11.9;0
Mamers;48.35;0.37;09/09/2026;11:00;19.9;2;NUAGEUX;5;13.3;0
Mamers;48.35;0.37;09/09/2026;12:00;19.9;2;NUAGEUX;5;20.5;0
Mamers;48.35;0.37;09/09/2026;13:00;19.9;2;NUAGEUX;5;23.9;0
Mamers;48.35;0.37;09/09/2026;14:00;20.9;0;SOLEIL;4;27.9;0
Mamers;48.35;0.37;09/09/2026;15:00;20.9;0;SOLEIL;4;31.0;0
Mamers;48.35;0.37;09/09/2026;16:00;20.9;0;SOLEIL;4;31.0;0
Mamers;48.35;0.37;09/09/2026;17:00;18.5;0;SOLEIL;4;31.7;0
Mamers;48.35;0.37;09/09/2026;18:00;18.5;0;SOLEIL;4;31.0;0
Mamers;48.35;0.37;09/09/2026;19:00;18.5;0;SOLEIL;4;27.4;0
Mamers;48.35;0.37;09/09/2026;20:00;14.1;0;SOLEIL;2;24.5;0
Mamers;48.35;0.37;09/09/2026;21:00;14.1;0;SOLEIL;2;20.2;0
Mamers;48.35;0.37;09/09/2026;22:00;14.1;0;SOLEIL;2;13.7;0
Mamers;48.35;0.37;09/09/2026;23:00;11.2;0;SOLEIL;1;12.6;0
Mamers;48.35;0.37;10/09/2026;00:00;11.2;0;SOLEIL;1;10.1;0
Mamers;48.35;0.37;10/09/2026;01:00;11.2;0;SOLEIL;1;8.3;0
Mamers;48.35;0.37;10/09/2026;02:00;9.4;5;SOLEIL VOILÉ;0;7.2;0
Mamers;48.35;0.37;10/09/2026;03:00;9.4;5;SOLEIL VOILÉ;0;6.5;0
Mamers;48.35;0.37;10/09/2026;04:00;9.4;5;SOLEIL VOILÉ;0;6.8;0
Mamers;48.35;0.37;10/09/2026;05:00;9.1;5;SOLEIL VOILÉ;0;6.5;0
Mamers;48.35;0.37;10/09/2026;06:00;9.1;5;SOLEIL VOILÉ;0;6.8;0
Mamers;48.35;0.37;10/09/2026;07:00;9.1;5;SOLEIL VOILÉ;0;6.5;0
Mamers;48.35;0.37;10/09/2026;08:00;16.6;5;SOLEIL VOILÉ;1;6.8;0
Mamers;48.35;0.37;10/09/2026;09:00;16.6;5;SOLEIL VOILÉ;1;6.8;0
Mamers;48.35;0.37;10/09/2026;10:00;16.6;5;SOLEIL VOILÉ;1;4.7;0
Mamers;48.35;0.37;10/09/2026;11:00;19.1;2;NUAGEUX;2;5.4;0
Mamers;48.35;0.37;10/09/2026;12:00;19.1;2;NUAGEUX;2;6.1;0
Mamers;48.35;0.37;10/09/2026;13:00;19.1;2;NUAGEUX;2;6.8;0
Mamers;48.35;0.37;10/09/2026;14:00;20.7;0;SOLEIL;3;9.7;0
Mamers;48.35;0.37;10/09/2026;15:00;20.7;0;SOLEIL;3;12.6;0
Mamers;48.35;0.37;10/09/2026;16:00;20.7;0;SOLEIL;3;15.5;0
Mamers;48.35;0.37;10/09/2026;17:00;19.7;0;SOLEIL;2;17.3;0
Mamers;48.35;0.37;10/09/2026;18:00;19.7;0;SOLEIL;2;16.9;0
Mamers;48.35;0.37;10/09/2026;19:00;19.7;0;SOLEIL;2;15.1;0
Mamers;48.35;0.37;10/09/2026;20:00;14.0;2;NUAGEUX;5;13.0;0
Mamers;48.35;0.37;10/09/2026;21:00;12.5;2;NUAGEUX;5;10.1;0
Mamers;48.35;0.37;10/09/2026;22:00;11.0;2;NUAGEUX;5;6.8;0
Mamers;48.35;0.37;10/09/2026;23:00;12.6;0;SOLEIL;0;4.7;0
Mamers;48.35;0.37;11/09/2026;00:00;12.6;0;SOLEIL;0;4.0;0
Mamers;48.35;0.37;11/09/2026;01:00;12.6;0;SOLEIL;0;4.0;0
Mamers;48.35;0.37;11/09/2026;02:00;12.6;7;PLUIE FAIBLE;5;4.3;0
Mamers;48.35;0.37;11/09/2026;03:00;12.6;7;PLUIE FAIBLE;5;4.7;0
Mamers;48.35;0.37;11/09/2026;04:00;12.6;7;PLUIE FAIBLE;5;5.8;0
Mamers;48.35;0.37;11/09/2026;05:00;13.9;7;PLUIE FAIBLE;3;6.5;0
Mamers;48.35;0.37;11/09/2026;06:00;13.9;7;PLUIE FAIBLE;3;7.2;0
Mamers;48.35;0.37;11/09/2026;07:00;13.9;7;PLUIE FAIBLE;3;7.6;0
Mamers;48.35;0.37;11/09/2026;08:00;14.6;7;PLUIE FAIBLE;5;9.0;0
Mamers;48.35;0.37;11/09/2026;09:00;15.6;7;PLUIE FAIBLE;5;11.5;0
Mamers;48.35;0.37;11/09/2026;10:00;16.6;7;PLUIE FAIBLE;5;15.1;0
Mamers;48.35;0.37;11/09/2026;11:00;20.1;6;AVERSES;4;17.6;0
Mamers;48.35;0.37;11/09/2026;12:00;20.1;6;AVERSES;4;19.4;0
Mamers;48.35;0.37;11/09/2026;13:00;20.1;6;AVERSES;4;20.5;0
Mamers;48.35;0.37;11/09/2026;14:00;20.7;7;PLUIE FAIBLE;5;20.2;0
Mamers;48.35;0.37;11/09/2026;15:00;21.7;7;PLUIE FAIBLE;5;16.9;0
Mamers;48.35;0.37;11/09/2026;16:00;20.7;7;PLUIE FAIBLE;5;12.2;0
Mamers;48.35;0.37;11/09/2026;17:00;19.1;7;PLUIE FAIBLE;3;10.8;0
Mamers;48.35;0.37;11/09/2026;18:00;19.1;7;PLUIE FAIBLE;3;16.6;0
Mamers;48.35;0.37;11/09/2026;19:00;19.1;7;PLUIE FAIBLE;3;25.2;0
Mamers;48.35;0.37;11/09/2026;20:00;16.6;7;PLUIE FAIBLE;5;30.6;0
Mamers;48.35;0.37;11/09/2026;21:00;15.6;7;PLUIE FAIBLE;5;28.8;0
Mamers;48.35;0.37;11/09/2026;22:00;14.6;7;PLUIE FAIBLE;5;23.4;0
Mamers;48.35;0.37;11/09/2026;23:00;13.6;0;SOLEIL;2;18.4;0
Mamers;48.35;0.37;12/09/2026;00:00;13.6;0;SOLEIL;2;15.5;0
Mamers;48.35;0.37;12/09/2026;01:00;13.6;0;SOLEIL;2;13.0;0
Mamers;48.35;0.37;12/09/2026;02:00;10.9;2;NUAGEUX;5;11.2;0
Mamers;48.35;0.37;12/09/2026;03:00;10.9;2;NUAGEUX;5;10.4;0
Mamers;48.35;0.37;12/09/2026;04:00;10.9;2;NUAGEUX;5;10.8;0
Mamers;48.35;0.37;12/09/2026;05:00;11.9;0;SOLEIL;1;10.8;0
Mamers;48.35;0.37;12/09/2026;06:00;11.9;0;SOLEIL;1;9.3;0
Mamers;48.35;0.37;12/09/2026;07:00;11.9;0;SOLEIL;1;7.9;0
Mamers;48.35;0.37;12/09/2026;08:00;13.5;2;NUAGEUX;5;7.1;0
Mamers;48.35;0.37;12/09/2026;09:00;14.8;2;NUAGEUX;5;8.6;0
Mamers;48.35;0.37;12/09/2026;10:00;16.1;2;NUAGEUX;5;11.2;0
Mamers;48.35;0.37;12/09/2026;11:00;20.9;2;NUAGEUX;2;12.6;0
Mamers;48.35;0.37;12/09/2026;12:00;20.9;2;NUAGEUX;2;12.6;0
Mamers;48.35;0.37;12/09/2026;13:00;20.9;2;NUAGEUX;2;11.5;0
Mamers;48.35;0.37;12/09/2026;14:00;21.4;2;NUAGEUX;5;11.2;0
Mamers;48.35;0.37;12/09/2026;15:00;22.7;2;NUAGEUX;5;11.9;0
Mamers;48.35;0.37;12/09/2026;16:00;21.4;2;NUAGEUX;5;13.0;0
Mamers;48.35;0.37;12/09/2026;17:00;20;2;NUAGEUX;3;13.3;0
Mamers;48.35;0.37;12/09/2026;18:00;20;2;NUAGEUX;3;13.0;0
Mamers;48.35;0.37;12/09/2026;19:00;20;2;NUAGEUX;3;11.9;0
Mamers;48.35;0.37;12/09/2026;20:00;16.1;2;NUAGEUX;5;10.8;0
Mamers;48.35;0.37;12/09/2026;21:00;14.8;2;NUAGEUX;5;9.7;0
Mamers;48.35;0.37;12/09/2026;22:00;13.5;2;NUAGEUX;5;8.6;0
Mamers;48.35;0.37;12/09/2026;23:00;13.6;0;SOLEIL;2;7.9;0
Challans;46.84;-1.88;08/09/2026;00:00;18.9;2;NUAGEUX;2;13.3;0
Challans;46.84;-1.88;08/09/2026;01:00;19;2;NUAGEUX;2;9.7;0
Challans;46.84;-1.88;08/09/2026;02:00;19.1;2;NUAGEUX;3;9.7;0
Challans;46.84;-1.88;08/09/2026;03:00;19.5;2;NUAGEUX;3;10.1;0
Challans;46.84;-1.88;08/09/2026;04:00;19.9;2;NUAGEUX;4;11.2;0
Challans;46.84;-1.88;08/09/2026;05:00;19.4;2;NUAGEUX;4;19.1;0
Challans;46.84;-1.88;08/09/2026;06:00;19.1;2;NUAGEUX;4;19.4;0
Challans;46.84;-1.88;08/09/2026;07:00;21.4;2;NUAGEUX;5;25.2;0
Challans;46.84;-1.88;08/09/2026;08:00;22.7;2;NUAGEUX;6;23.4;0
Challans;46.84;-1.88;08/09/2026;09:00;23.5;2;NUAGEUX;7;28.4;0
Challans;46.84;-1.88;08/09/2026;10:00;24.2;6;AVERSES;8;38.2;0.2
Challans;46.84;-1.88;08/09/2026;11:00;24.1;6;AVERSES;8;47.5;0.2
Challans;46.84;-1.88;08/09/2026;12:00;22.1;6;AVERSES;7;56.2;1.4
Challans;46.84;-1.88;08/09/2026;13:00;21;6;AVERSES;8;56.2;1.2
Challans;46.84;-1.88;08/09/2026;14:00;21.1;6;AVERSES;7;55.1;0.2
Challans;46.84;-1.88;08/09/2026;15:00;22;2;NUAGEUX;6;56.5;0
Challans;46.84;-1.88;08/09/2026;16:00;22.4;2;NUAGEUX;6;50.8;0
Challans;46.84;-1.88;08/09/2026;17:00;21.1;2;NUAGEUX;6;62.6;0
Challans;46.84;-1.88;08/09/2026;18:00;19.6;2;NUAGEUX;6;61.9;0
Challans;46.84;-1.88;08/09/2026;19:00;19.1;2;NUAGEUX;6;43.2;0
Challans;46.84;-1.88;08/09/2026;20:00;17;2;NUAGEUX;5;42.5;0
Challans;46.84;-1.88;08/09/2026;21:00;15.1;0;SOLEIL;4;38.9;0
Challans;46.84;-1.88;08/09/2026;22:00;14.2;0;SOLEIL;4;31.7;0
Challans;46.84;-1.88;08/09/2026;23:00;12.7;0;SOLEIL;4;26.6;0
Challans;46.84;-1.88;09/09/2026;00:00;12.4;0;SOLEIL;3;21.6;0
Challans;46.84;-1.88;09/09/2026;01:00;12.4;0;SOLEIL;3;22.3;0
Challans;46.84;-1.88;09/09/2026;02:00;11;0;SOLEIL;4;22.0;0
Challans;46.84;-1.88;09/09/2026;03:00;11;0;SOLEIL;4;14.0;0
Challans;46.84;-1.88;09/09/2026;04:00;11;0;SOLEIL;4;13.7;0
Challans;46.84;-1.88;09/09/2026;05:00;11.9;0;SOLEIL;3;5.0;0
Challans;46.84;-1.88;09/09/2026;06:00;11.9;0;SOLEIL;3;2.5;0
Challans;46.84;-1.88;09/09/2026;07:00;11.9;0;SOLEIL;3;3.2;0
Challans;46.84;-1.88;09/09/2026;08:00;18;0;SOLEIL;4;2.5;0
Challans;46.84;-1.88;09/09/2026;09:00;18;0;SOLEIL;4;13.0;0
Challans;46.84;-1.88;09/09/2026;10:00;18;0;SOLEIL;4;24.5;0
Challans;46.84;-1.88;09/09/2026;11:00;21.5;2;NUAGEUX;5;28.8;0
Challans;46.84;-1.88;09/09/2026;12:00;21.5;2;NUAGEUX;5;28.4;0
Challans;46.84;-1.88;09/09/2026;13:00;21.5;2;NUAGEUX;5;28.1;0
Challans;46.84;-1.88;09/09/2026;14:00;22.2;0;SOLEIL;5;30.4;0
Challans;46.84;-1.88;09/09/2026;15:00;22.2;0;SOLEIL;5;33.5;0
Challans;46.84;-1.88;09/09/2026;16:00;22.2;0;SOLEIL;5;34.2;0
Challans;46.84;-1.88;09/09/2026;17:00;19.5;0;SOLEIL;5;34.9;0
Challans;46.84;-1.88;09/09/2026;18:00;19.5;0;SOLEIL;5;35.3;0
Challans;46.84;-1.88;09/09/2026;19:00;19.5;0;SOLEIL;5;33.1;0
Challans;46.84;-1.88;09/09/2026;20:00;17.1;0;SOLEIL;3;29.9;0
Challans;46.84;-1.88;09/09/2026;21:00;17.1;0;SOLEIL;3;27.0;0
Challans;46.84;-1.88;09/09/2026;22:00;17.1;0;SOLEIL;3;22.3;0
Challans;46.84;-1.88;09/09/2026;23:00;13.1;5;SOLEIL VOILÉ;3;16.9;0
Challans;46.84;-1.88;10/09/2026;00:00;13.1;5;SOLEIL VOILÉ;3;16.6;0
Challans;46.84;-1.88;10/09/2026;01:00;13.1;5;SOLEIL VOILÉ;3;16.2;0
Challans;46.84;-1.88;10/09/2026;02:00;11.6;5;SOLEIL VOILÉ;2;23.8;0
Challans;46.84;-1.88;10/09/2026;03:00;11.6;5;SOLEIL VOILÉ;2;23.4;0
Challans;46.84;-1.88;10/09/2026;04:00;11.6;5;SOLEIL VOILÉ;2;16.9;0
Challans;46.84;-1.88;10/09/2026;05:00;10.4;5;SOLEIL VOILÉ;2;19.1;0
Challans;46.84;-1.88;10/09/2026;06:00;10.4;5;SOLEIL VOILÉ;2;18.4;0
Challans;46.84;-1.88;10/09/2026;07:00;10.4;5;SOLEIL VOILÉ;2;13.7;0
Challans;46.84;-1.88;10/09/2026;08:00;20;5;SOLEIL VOILÉ;2;13.0;0
Challans;46.84;-1.88;10/09/2026;09:00;20;5;SOLEIL VOILÉ;2;14.0;0
Challans;46.84;-1.88;10/09/2026;10:00;20;5;SOLEIL VOILÉ;2;13.7;0
Challans;46.84;-1.88;10/09/2026;11:00;22.9;2;NUAGEUX;3;13.7;0
Challans;46.84;-1.88;10/09/2026;12:00;22.9;2;NUAGEUX;3;15.1;0
Challans;46.84;-1.88;10/09/2026;13:00;22.9;2;NUAGEUX;3;17.3;0
Challans;46.84;-1.88;10/09/2026;14:00;23.1;0;SOLEIL;3;15.5;0
Challans;46.84;-1.88;10/09/2026;15:00;23.1;0;SOLEIL;3;22.7;0
Challans;46.84;-1.88;10/09/2026;16:00;23.1;0;SOLEIL;3;29.2;0
Challans;46.84;-1.88;10/09/2026;17:00;20.2;0;SOLEIL;3;31.3;0
Challans;46.84;-1.88;10/09/2026;18:00;20.2;0;SOLEIL;3;29.5;0
Challans;46.84;-1.88;10/09/2026;19:00;20.2;0;SOLEIL;3;27.7;0
Challans;46.84;-1.88;10/09/2026;20:00;16.2;2;NUAGEUX;5;24.8;0
Challans;46.84;-1.88;10/09/2026;21:00;14.6;2;NUAGEUX;5;20.2;0
Challans;46.84;-1.88;10/09/2026;22:00;13.0;2;NUAGEUX;5;15.1;0
Challans;46.84;-1.88;10/09/2026;23:00;15.5;0;SOLEIL;3;13.0;0
Challans;46.84;-1.88;11/09/2026;00:00;15.5;0;SOLEIL;3;10.4;0
Challans;46.84;-1.88;11/09/2026;01:00;15.5;0;SOLEIL;3;9.0;0
Challans;46.84;-1.88;11/09/2026;02:00;15.5;7;PLUIE FAIBLE;5;5.4;0
Challans;46.84;-1.88;11/09/2026;03:00;15.5;7;PLUIE FAIBLE;5;4.0;0
Challans;46.84;-1.88;11/09/2026;04:00;15.5;7;PLUIE FAIBLE;5;4.3;0
Challans;46.84;-1.88;11/09/2026;05:00;17.1;7;PLUIE FAIBLE;4;4.7;0
Challans;46.84;-1.88;11/09/2026;06:00;17.1;7;PLUIE FAIBLE;4;5.0;0
Challans;46.84;-1.88;11/09/2026;07:00;17.1;7;PLUIE FAIBLE;4;6.5;0
Challans;46.84;-1.88;11/09/2026;08:00;17.3;7;PLUIE FAIBLE;5;6.5;0
Challans;46.84;-1.88;11/09/2026;09:00;18.2;7;PLUIE FAIBLE;5;6.1;0
Challans;46.84;-1.88;11/09/2026;10:00;19.1;7;PLUIE FAIBLE;5;9.0;0
Challans;46.84;-1.88;11/09/2026;11:00;22.2;7;PLUIE FAIBLE;5;18.0;0
Challans;46.84;-1.88;11/09/2026;12:00;22.2;7;PLUIE FAIBLE;5;20.3;0
Challans;46.84;-1.88;11/09/2026;13:00;22.2;7;PLUIE FAIBLE;5;25.0;0
Challans;46.84;-1.88;11/09/2026;14:00;22.6;7;PLUIE FAIBLE;5;28.6;0
Challans;46.84;-1.88;11/09/2026;15:00;23.5;7;PLUIE FAIBLE;5;33.5;0
Challans;46.84;-1.88;11/09/2026;16:00;22.6;7;PLUIE FAIBLE;5;34.6;0
Challans;46.84;-1.88;11/09/2026;17:00;20.7;7;PLUIE FAIBLE;5;35.6;0
Challans;46.84;-1.88;11/09/2026;18:00;20.7;7;PLUIE FAIBLE;5;36.4;0
Challans;46.84;-1.88;11/09/2026;19:00;20.7;7;PLUIE FAIBLE;5;37.1;0
Challans;46.84;-1.88;11/09/2026;20:00;19.1;7;PLUIE FAIBLE;5;36.7;0
Challans;46.84;-1.88;11/09/2026;21:00;18.2;7;PLUIE FAIBLE;5;34.6;0
Challans;46.84;-1.88;11/09/2026;22:00;17.3;7;PLUIE FAIBLE;5;31.0;0
Challans;46.84;-1.88;11/09/2026;23:00;15;0;SOLEIL;4;28.4;0
Challans;46.84;-1.88;12/09/2026;00:00;15;0;SOLEIL;4;27.7;0
Challans;46.84;-1.88;12/09/2026;01:00;15;0;SOLEIL;4;27.7;0
Challans;46.84;-1.88;12/09/2026;02:00;11.7;0;SOLEIL;5;27.0;0
Challans;46.84;-1.88;12/09/2026;03:00;11.7;0;SOLEIL;5;24.5;0
Challans;46.84;-1.88;12/09/2026;04:00;11.7;0;SOLEIL;5;20.9;0
Challans;46.84;-1.88;12/09/2026;05:00;12.6;0;SOLEIL;3;18.4;0
Challans;46.84;-1.88;12/09/2026;06:00;12.6;0;SOLEIL;3;16.9;0
Challans;46.84;-1.88;12/09/2026;07:00;12.6;0;SOLEIL;3;15.8;0
Challans;46.84;-1.88;12/09/2026;08:00;14.4;0;SOLEIL;5;15.8;0
Challans;46.84;-1.88;12/09/2026;09:00;15.8;0;SOLEIL;5;16.6;0
Challans;46.84;-1.88;12/09/2026;10:00;17.1;0;SOLEIL;5;18.0;0
Challans;46.84;-1.88;12/09/2026;11:00;22.7;0;SOLEIL;3;19.4;0
Challans;46.84;-1.88;12/09/2026;12:00;22.7;0;SOLEIL;3;20.2;0
Challans;46.84;-1.88;12/09/2026;13:00;22.7;0;SOLEIL;3;20.9;0
Challans;46.84;-1.88;12/09/2026;14:00;22.5;0;SOLEIL;5;21.6;0
Challans;46.84;-1.88;12/09/2026;15:00;23.9;0;SOLEIL;5;22.7;0
Challans;46.84;-1.88;12/09/2026;16:00;22.5;0;SOLEIL;5;23.8;0
Challans;46.84;-1.88;12/09/2026;17:00;20.1;0;SOLEIL;4;24.8;0
Challans;46.84;-1.88;12/09/2026;18:00;20.1;0;SOLEIL;4;26.6;0
Challans;46.84;-1.88;12/09/2026;19:00;20.1;0;SOLEIL;4;28.8;0
Challans;46.84;-1.88;12/09/2026;20:00;17.1;0;SOLEIL;5;29.5;0
Challans;46.84;-1.88;12/09/2026;21:00;15.8;0;SOLEIL;5;28.4;0
Challans;46.84;-1.88;12/09/2026;22:00;14.4;0;SOLEIL;5;25.9;0
Challans;46.84;-1.88;12/09/2026;23:00;14.6;0;SOLEIL;2;23.4;0
Fontenay-le-Comte;46.46;-0.8;08/09/2026;00:00;19;3;TRÈS NUAGEUX;2;10.1;0
Fontenay-le-Comte;46.46;-0.8;08/09/2026;01:00;18.6;2;NUAGEUX;2;8.6;0
Fontenay-le-Comte;46.46;-0.8;08/09/2026;02:00;19.6;2;NUAGEUX;1;6.5;0
Fontenay-le-Comte;46.46;-0.8;08/09/2026;03:00;19.4;2;NUAGEUX;1;9.4;0
Fontenay-le-Comte;46.46;-0.8;08/09/2026;04:00;20.1;2;NUAGEUX;1;10.4;0
Fontenay-le-Comte;46.46;-0.8;08/09/2026;05:00;19.2;2;NUAGEUX;2;10.8;0
Fontenay-le-Comte;46.46;-0.8;08/09/2026;06:00;19.1;4;COUVERT;2;10.1;0
Fontenay-le-Comte;46.46;-0.8;08/09/2026;07:00;20.1;4;COUVERT;3;10.4;0
Fontenay-le-Comte;46.46;-0.8;08/09/2026;08:00;20.7;4;COUVERT;4;11.5;0
Fontenay-le-Comte;46.46;-0.8;08/09/2026;09:00;22.2;2;NUAGEUX;5;18.4;0
Fontenay-le-Comte;46.46;-0.8;08/09/2026;10:00;22.9;2;NUAGEUX;6;29.9;0
Fontenay-le-Comte;46.46;-0.8;08/09/2026;11:00;23;2;NUAGEUX;6;38.2;0
Fontenay-le-Comte;46.46;-0.8;08/09/2026;12:00;23.5;2;NUAGEUX;7;42.5;0
Fontenay-le-Comte;46.46;-0.8;08/09/2026;13:00;24.1;6;AVERSES;7;53.6;0.1
Fontenay-le-Comte;46.46;-0.8;08/09/2026;14:00;22.7;6;AVERSES;6;58.3;0.2
Fontenay-le-Comte;46.46;-0.8;08/09/2026;15:00;21.1;6;AVERSES;6;58.3;2
Fontenay-le-Comte;46.46;-0.8;08/09/2026;16:00;21.2;6;AVERSES;5;53.3;0.6
Fontenay-le-Comte;46.46;-0.8;08/09/2026;17:00;21.2;2;NUAGEUX;4;52.2;0
Fontenay-le-Comte;46.46;-0.8;08/09/2026;18:00;19.6;2;NUAGEUX;4;43.6;0
Fontenay-le-Comte;46.46;-0.8;08/09/2026;19:00;19.4;2;NUAGEUX;3;40.7;0
Fontenay-le-Comte;46.46;-0.8;08/09/2026;20:00;18.1;2;NUAGEUX;4;30.6;0
Fontenay-le-Comte;46.46;-0.8;08/09/2026;21:00;17.2;2;NUAGEUX;4;33.8;0
Fontenay-le-Comte;46.46;-0.8;08/09/2026;22:00;16.4;2;NUAGEUX;4;26.6;0
Fontenay-le-Comte;46.46;-0.8;08/09/2026;23:00;15.6;0;SOLEIL;4;20.2;0
Fontenay-le-Comte;46.46;-0.8;09/09/2026;00:00;14.1;0;SOLEIL;3;22.3;0
Fontenay-le-Comte;46.46;-0.8;09/09/2026;01:00;14.1;0;SOLEIL;3;22.3;0
Fontenay-le-Comte;46.46;-0.8;09/09/2026;02:00;12.1;0;SOLEIL;3;16.2;0
Fontenay-le-Comte;46.46;-0.8;09/09/2026;03:00;12.1;0;SOLEIL;3;11.9;0
Fontenay-le-Comte;46.46;-0.8;09/09/2026;04:00;12.1;0;SOLEIL;3;9.7;0
Fontenay-le-Comte;46.46;-0.8;09/09/2026;05:00;11.1;0;SOLEIL;3;7.6;0
Fontenay-le-Comte;46.46;-0.8;09/09/2026;06:00;11.1;0;SOLEIL;3;9.0;0
Fontenay-le-Comte;46.46;-0.8;09/09/2026;07:00;11.1;0;SOLEIL;3;9.0;0
Fontenay-le-Comte;46.46;-0.8;09/09/2026;08:00;18.6;0;SOLEIL;3;8.6;0
Fontenay-le-Comte;46.46;-0.8;09/09/2026;09:00;18.6;0;SOLEIL;3;9.0;0
Fontenay-le-Comte;46.46;-0.8;09/09/2026;10:00;18.6;0;SOLEIL;3;16.2;0
Fontenay-le-Comte;46.46;-0.8;09/09/2026;11:00;21.7;2;NUAGEUX;3;22.0;0
Fontenay-le-Comte;46.46;-0.8;09/09/2026;12:00;21.7;2;NUAGEUX;3;24.7;0
Fontenay-le-Comte;46.46;-0.8;09/09/2026;13:00;21.7;2;NUAGEUX;3;27.0;0
Fontenay-le-Comte;46.46;-0.8;09/09/2026;14:00;22;2;NUAGEUX;3;27.2;0
Fontenay-le-Comte;46.46;-0.8;09/09/2026;15:00;22;2;NUAGEUX;3;27.7;0
Fontenay-le-Comte;46.46;-0.8;09/09/2026;16:00;22;2;NUAGEUX;3;27.4;0
Fontenay-le-Comte;46.46;-0.8;09/09/2026;17:00;20.4;0;SOLEIL;3;25.6;0
Fontenay-le-Comte;46.46;-0.8;09/09/2026;18:00;20.4;0;SOLEIL;3;22.3;0
Fontenay-le-Comte;46.46;-0.8;09/09/2026;19:00;20.4;0;SOLEIL;3;21.2;0
Fontenay-le-Comte;46.46;-0.8;09/09/2026;20:00;16.5;0;SOLEIL;3;18.4;0
Fontenay-le-Comte;46.46;-0.8;09/09/2026;21:00;16.5;0;SOLEIL;3;13.7;0
Fontenay-le-Comte;46.46;-0.8;09/09/2026;22:00;16.5;0;SOLEIL;3;13.3;0
Fontenay-le-Comte;46.46;-0.8;09/09/2026;23:00;13.5;0;SOLEIL;3;13.3;0
Fontenay-le-Comte;46.46;-0.8;10/09/2026;00:00;13.5;0;SOLEIL;3;13.7;0
Fontenay-le-Comte;46.46;-0.8;10/09/2026;01:00;13.5;0;SOLEIL;3;13.7;0
Fontenay-le-Comte;46.46;-0.8;10/09/2026;02:00;12.2;5;SOLEIL VOILÉ;3;12.2;0
Fontenay-le-Comte;46.46;-0.8;10/09/2026;03:00;12.2;5;SOLEIL VOILÉ;3;9.0;0
Fontenay-le-Comte;46.46;-0.8;10/09/2026;04:00;12.2;5;SOLEIL VOILÉ;3;9.4;0
Fontenay-le-Comte;46.46;-0.8;10/09/2026;05:00;12.9;5;SOLEIL VOILÉ;2;9.4;0
Fontenay-le-Comte;46.46;-0.8;10/09/2026;06:00;12.9;5;SOLEIL VOILÉ;2;4.7;0
Fontenay-le-Comte;46.46;-0.8;10/09/2026;07:00;12.9;5;SOLEIL VOILÉ;2;5.8;0
Fontenay-le-Comte;46.46;-0.8;10/09/2026;08:00;19.9;5;SOLEIL VOILÉ;1;5.4;0
Fontenay-le-Comte;46.46;-0.8;10/09/2026;09:00;19.9;5;SOLEIL VOILÉ;1;5.4;0
Fontenay-le-Comte;46.46;-0.8;10/09/2026;10:00;19.9;5;SOLEIL VOILÉ;1;5.0;0
Fontenay-le-Comte;46.46;-0.8;10/09/2026;11:00;22.9;0;SOLEIL;2;7.2;0
Fontenay-le-Comte;46.46;-0.8;10/09/2026;12:00;22.9;0;SOLEIL;2;7.6;0
Fontenay-le-Comte;46.46;-0.8;10/09/2026;13:00;22.9;0;SOLEIL;2;9.4;0
Fontenay-le-Comte;46.46;-0.8;10/09/2026;14:00;23.1;0;SOLEIL;2;9.4;0
Fontenay-le-Comte;46.46;-0.8;10/09/2026;15:00;23.1;0;SOLEIL;2;10.8;0
Fontenay-le-Comte;46.46;-0.8;10/09/2026;16:00;23.1;0;SOLEIL;2;12.6;0
Fontenay-le-Comte;46.46;-0.8;10/09/2026;17:00;21.6;0;SOLEIL;3;14.8;0
Fontenay-le-Comte;46.46;-0.8;10/09/2026;18:00;21.6;0;SOLEIL;3;18.0;0
Fontenay-le-Comte;46.46;-0.8;10/09/2026;19:00;21.6;0;SOLEIL;3;21.2;0
Fontenay-le-Comte;46.46;-0.8;10/09/2026;20:00;16.9;2;NUAGEUX;5;22.7;0
Fontenay-le-Comte;46.46;-0.8;10/09/2026;21:00;15.6;2;NUAGEUX;5;20.5;0
Fontenay-le-Comte;46.46;-0.8;10/09/2026;22:00;14.3;2;NUAGEUX;5;16.6;0
Fontenay-le-Comte;46.46;-0.8;10/09/2026;23:00;14.4;0;SOLEIL;2;12.6;0
Fontenay-le-Comte;46.46;-0.8;11/09/2026;00:00;14.4;0;SOLEIL;2;9.4;0
Fontenay-le-Comte;46.46;-0.8;11/09/2026;01:00;14.4;0;SOLEIL;2;6.1;0
Fontenay-le-Comte;46.46;-0.8;11/09/2026;02:00;12.7;2;NUAGEUX;5;4.0;0
Fontenay-le-Comte;46.46;-0.8;11/09/2026;03:00;12.7;2;NUAGEUX;5;3.2;0
Fontenay-le-Comte;46.46;-0.8;11/09/2026;04:00;12.7;2;NUAGEUX;5;3.2;0
Fontenay-le-Comte;46.46;-0.8;11/09/2026;05:00;14.1;2;NUAGEUX;1;4.0;0
Fontenay-le-Comte;46.46;-0.8;11/09/2026;06:00;14.1;2;NUAGEUX;1;5.4;0
Fontenay-le-Comte;46.46;-0.8;11/09/2026;07:00;14.1;2;NUAGEUX;1;7.2;0
Fontenay-le-Comte;46.46;-0.8;11/09/2026;08:00;15.3;2;NUAGEUX;5;9.0;0
Fontenay-le-Comte;46.46;-0.8;11/09/2026;09:00;16.5;2;NUAGEUX;5;10.8;0
Fontenay-le-Comte;46.46;-0.8;11/09/2026;10:00;17.8;2;NUAGEUX;5;13.0;0
Fontenay-le-Comte;46.46;-0.8;11/09/2026;11:00;22.4;2;NUAGEUX;4;15.1;0
Fontenay-le-Comte;46.46;-0.8;11/09/2026;12:00;22.4;2;NUAGEUX;4;18.7;0
Fontenay-le-Comte;46.46;-0.8;11/09/2026;13:00;22.4;2;NUAGEUX;4;22.7;0
Fontenay-le-Comte;46.46;-0.8;11/09/2026;14:00;22.9;2;NUAGEUX;5;24.5;0
Fontenay-le-Comte;46.46;-0.8;11/09/2026;15:00;24.2;2;NUAGEUX;5;23.0;0
Fontenay-le-Comte;46.46;-0.8;11/09/2026;16:00;22.9;2;NUAGEUX;5;19.8;0
Fontenay-le-Comte;46.46;-0.8;11/09/2026;17:00;21.7;7;PLUIE FAIBLE;3;16.6;0
Fontenay-le-Comte;46.46;-0.8;11/09/2026;18:00;21.7;7;PLUIE FAIBLE;3;13.7;0
Fontenay-le-Comte;46.46;-0.8;11/09/2026;19:00;21.7;7;PLUIE FAIBLE;3;11.2;0
Fontenay-le-Comte;46.46;-0.8;11/09/2026;20:00;17.8;2;NUAGEUX;5;9.4;0
Fontenay-le-Comte;46.46;-0.8;11/09/2026;21:00;16.5;2;NUAGEUX;5;9.0;0
Fontenay-le-Comte;46.46;-0.8;11/09/2026;22:00;15.3;2;NUAGEUX;5;9.0;0
Fontenay-le-Comte;46.46;-0.8;11/09/2026;23:00;16.1;0;SOLEIL;3;9.4;0
Fontenay-le-Comte;46.46;-0.8;12/09/2026;00:00;16.1;0;SOLEIL;3;8.6;0
Fontenay-le-Comte;46.46;-0.8;12/09/2026;01:00;16.1;0;SOLEIL;3;8.3;0
Fontenay-le-Comte;46.46;-0.8;12/09/2026;02:00;12.2;0;SOLEIL;5;8.3;0
Fontenay-le-Comte;46.46;-0.8;12/09/2026;03:00;12.2;0;SOLEIL;5;10.1;0
Fontenay-le-Comte;46.46;-0.8;12/09/2026;04:00;12.2;0;SOLEIL;5;12.6;0
Fontenay-le-Comte;46.46;-0.8;12/09/2026;05:00;13.4;0;SOLEIL;2;14.4;0
Fontenay-le-Comte;46.46;-0.8;12/09/2026;06:00;13.4;0;SOLEIL;2;13.7;0
Fontenay-le-Comte;46.46;-0.8;12/09/2026;07:00;13.4;0;SOLEIL;2;13.0;0
Fontenay-le-Comte;46.46;-0.8;12/09/2026;08:00;15.2;0;SOLEIL;5;12.8;0
Fontenay-le-Comte;46.46;-0.8;12/09/2026;09:00;16.8;0;SOLEIL;5;10.8;0
Fontenay-le-Comte;46.46;-0.8;12/09/2026;10:00;18.3;0;SOLEIL;5;14.8;0
Fontenay-le-Comte;46.46;-0.8;12/09/2026;11:00;24.1;2;NUAGEUX;2;17.3;0
Fontenay-le-Comte;46.46;-0.8;12/09/2026;12:00;24.1;2;NUAGEUX;2;18.0;0
Fontenay-le-Comte;46.46;-0.8;12/09/2026;13:00;24.1;2;NUAGEUX;2;17.3;0
Fontenay-le-Comte;46.46;-0.8;12/09/2026;14:00;24.4;0;SOLEIL;5;16.9;0
Fontenay-le-Comte;46.46;-0.8;12/09/2026;15:00;25.9;0;SOLEIL;5;16.6;0
Fontenay-le-Comte;46.46;-0.8;12/09/2026;16:00;24.4;0;SOLEIL;5;16.2;0
Fontenay-le-Comte;46.46;-0.8;12/09/2026;17:00;23.1;0;SOLEIL;2;15.5;0
Fontenay-le-Comte;46.46;-0.8;12/09/2026;18:00;23.1;0;SOLEIL;2;15.1;0
Fontenay-le-Comte;46.46;-0.8;12/09/2026;19:00;23.1;0;SOLEIL;2;14.8;0
Fontenay-le-Comte;46.46;-0.8;12/09/2026;20:00;18.3;0;SOLEIL;5;13.7;0
Fontenay-le-Comte;46.46;-0.8;12/09/2026;21:00;16.8;0;SOLEIL;5;11.5;0
Fontenay-le-Comte;46.46;-0.8;12/09/2026;22:00;15.2;0;SOLEIL;5;8.6;0
Fontenay-le-Comte;46.46;-0.8;12/09/2026;23:00;15.6;0;SOLEIL;3;6.8;0
La Roche-sur-Yon;46.67;-1.42;08/09/2026;00:00;19.2;2;NUAGEUX;2;14.8;0
La Roche-sur-Yon;46.67;-1.42;08/09/2026;01:00;18.6;2;NUAGEUX;2;19.4;0
La Roche-sur-Yon;46.67;-1.42;08/09/2026;02:00;18.6;2;NUAGEUX;2;18.4;0
La Roche-sur-Yon;46.67;-1.42;08/09/2026;03:00;18.6;2;NUAGEUX;2;15.8;0
La Roche-sur-Yon;46.67;-1.42;08/09/2026;04:00;18.5;2;NUAGEUX;3;13.3;0
La Roche-sur-Yon;46.67;-1.42;08/09/2026;05:00;18.5;2;NUAGEUX;3;15.5;0
La Roche-sur-Yon;46.67;-1.42;08/09/2026;06:00;18.5;2;NUAGEUX;3;14.0;0
La Roche-sur-Yon;46.67;-1.42;08/09/2026;07:00;19.6;2;NUAGEUX;4;12.6;0
La Roche-sur-Yon;46.67;-1.42;08/09/2026;08:00;21.1;2;NUAGEUX;5;13.3;0
La Roche-sur-Yon;46.67;-1.42;08/09/2026;09:00;22.1;2;NUAGEUX;5;19.4;0
La Roche-sur-Yon;46.67;-1.42;08/09/2026;10:00;22.6;6;AVERSES;6;28.4;0.1
La Roche-sur-Yon;46.67;-1.42;08/09/2026;11:00;22.7;6;AVERSES;7;34.9;0.1
La Roche-sur-Yon;46.67;-1.42;08/09/2026;12:00;22.1;6;AVERSES;6;44.3;0.1
La Roche-sur-Yon;46.67;-1.42;08/09/2026;13:00;20.5;6;AVERSES;6;54.7;1
La Roche-sur-Yon;46.67;-1.42;08/09/2026;14:00;20.4;6;AVERSES;6;50.8;2.5
La Roche-sur-Yon;46.67;-1.42;08/09/2026;15:00;20.2;6;AVERSES;6;51.8;0.2
La Roche-sur-Yon;46.67;-1.42;08/09/2026;16:00;20.5;2;NUAGEUX;5;48.2;0
La Roche-sur-Yon;46.67;-1.42;08/09/2026;17:00;20.6;2;NUAGEUX;5;42.8;0
La Roche-sur-Yon;46.67;-1.42;08/09/2026;18:00;19.1;2;NUAGEUX;4;47.5;0
La Roche-sur-Yon;46.67;-1.42;08/09/2026;19:00;18.2;2;NUAGEUX;4;47.2;0
La Roche-sur-Yon;46.67;-1.42;08/09/2026;20:00;17.6;2;NUAGEUX;4;32.4;0
La Roche-sur-Yon;46.67;-1.42;08/09/2026;21:00;16.5;2;NUAGEUX;4;33.8;0
La Roche-sur-Yon;46.67;-1.42;08/09/2026;22:00;15.7;0;SOLEIL;4;30.2;0
La Roche-sur-Yon;46.67;-1.42;08/09/2026;23:00;14.4;0;SOLEIL;4;33.1;0
La Roche-sur-Yon;46.67;-1.42;09/09/2026;00:00;13.1;0;SOLEIL;3;30.6;0
La Roche-sur-Yon;46.67;-1.42;09/09/2026;01:00;13.1;0;SOLEIL;3;20.9;0
La Roche-sur-Yon;46.67;-1.42;09/09/2026;02:00;12.9;0;SOLEIL;3;18.4;0
La Roche-sur-Yon;46.67;-1.42;09/09/2026;03:00;12.9;0;SOLEIL;3;17.3;0
La Roche-sur-Yon;46.67;-1.42;09/09/2026;04:00;12.9;0;SOLEIL;3;15.5;0
La Roche-sur-Yon;46.67;-1.42;09/09/2026;05:00;11.9;0;SOLEIL;2;14.8;0
La Roche-sur-Yon;46.67;-1.42;09/09/2026;06:00;11.9;0;SOLEIL;2;17.3;0
La Roche-sur-Yon;46.67;-1.42;09/09/2026;07:00;11.9;0;SOLEIL;2;16.6;0
La Roche-sur-Yon;46.67;-1.42;09/09/2026;08:00;17.9;0;SOLEIL;4;16.6;0
La Roche-sur-Yon;46.67;-1.42;09/09/2026;09:00;17.9;0;SOLEIL;4;19.1;0
La Roche-sur-Yon;46.67;-1.42;09/09/2026;10:00;17.9;0;SOLEIL;4;20.9;0
La Roche-sur-Yon;46.67;-1.42;09/09/2026;11:00;21;2;NUAGEUX;4;24.8;0
La Roche-sur-Yon;46.67;-1.42;09/09/2026;12:00;21;2;NUAGEUX;4;25.5;0
La Roche-sur-Yon;46.67;-1.42;09/09/2026;13:00;21;2;NUAGEUX;4;27.2;0
La Roche-sur-Yon;46.67;-1.42;09/09/2026;14:00;21.6;2;NUAGEUX;4;28.5;0
La Roche-sur-Yon;46.67;-1.42;09/09/2026;15:00;21.6;2;NUAGEUX;4;29.2;0
La Roche-sur-Yon;46.67;-1.42;09/09/2026;16:00;21.6;2;NUAGEUX;4;29.2;0
La Roche-sur-Yon;46.67;-1.42;09/09/2026;17:00;19.1;0;SOLEIL;4;29.5;0
La Roche-sur-Yon;46.67;-1.42;09/09/2026;18:00;19.1;0;SOLEIL;4;29.5;0
La Roche-sur-Yon;46.67;-1.42;09/09/2026;19:00;19.1;0;SOLEIL;4;30.2;0
La Roche-sur-Yon;46.67;-1.42;09/09/2026;20:00;16.1;0;SOLEIL;3;30.2;0
La Roche-sur-Yon;46.67;-1.42;09/09/2026;21:00;16.1;0;SOLEIL;3;29.5;0
La Roche-sur-Yon;46.67;-1.42;09/09/2026;22:00;16.1;0;SOLEIL;3;29.5;0
La Roche-sur-Yon;46.67;-1.42;09/09/2026;23:00;13.5;5;SOLEIL VOILÉ;2;26.6;0
La Roche-sur-Yon;46.67;-1.42;10/09/2026;00:00;13.5;5;SOLEIL VOILÉ;2;22.3;0
La Roche-sur-Yon;46.67;-1.42;10/09/2026;01:00;13.5;5;SOLEIL VOILÉ;2;16.6;0
La Roche-sur-Yon;46.67;-1.42;10/09/2026;02:00;12.1;5;SOLEIL VOILÉ;2;14.4;0
La Roche-sur-Yon;46.67;-1.42;10/09/2026;03:00;12.1;5;SOLEIL VOILÉ;2;16.2;0
La Roche-sur-Yon;46.67;-1.42;10/09/2026;04:00;12.1;5;SOLEIL VOILÉ;2;16.9;0
La Roche-sur-Yon;46.67;-1.42;10/09/2026;05:00;12.1;5;SOLEIL VOILÉ;2;16.2;0
La Roche-sur-Yon;46.67;-1.42;10/09/2026;06:00;12.1;5;SOLEIL VOILÉ;2;14.8;0
La Roche-sur-Yon;46.67;-1.42;10/09/2026;07:00;12.1;5;SOLEIL VOILÉ;2;11.9;0
La Roche-sur-Yon;46.67;-1.42;10/09/2026;08:00;19.1;5;SOLEIL VOILÉ;2;10.4;0
La Roche-sur-Yon;46.67;-1.42;10/09/2026;09:00;19.1;5;SOLEIL VOILÉ;2;9.4;0
La Roche-sur-Yon;46.67;-1.42;10/09/2026;10:00;19.1;5;SOLEIL VOILÉ;2;15.1;0
La Roche-sur-Yon;46.67;-1.42;10/09/2026;11:00;22.2;2;NUAGEUX;2;15.5;0
La Roche-sur-Yon;46.67;-1.42;10/09/2026;12:00;22.2;2;NUAGEUX;2;16.6;0
La Roche-sur-Yon;46.67;-1.42;10/09/2026;13:00;22.2;2;NUAGEUX;2;12.6;0
La Roche-sur-Yon;46.67;-1.42;10/09/2026;14:00;22.5;0;SOLEIL;3;15.1;0
La Roche-sur-Yon;46.67;-1.42;10/09/2026;15:00;22.5;0;SOLEIL;3;17.3;0
La Roche-sur-Yon;46.67;-1.42;10/09/2026;16:00;22.5;0;SOLEIL;3;17.6;0
La Roche-sur-Yon;46.67;-1.42;10/09/2026;17:00;19.6;0;SOLEIL;4;10.4;0
La Roche-sur-Yon;46.67;-1.42;10/09/2026;18:00;19.6;0;SOLEIL;4;23.4;0
La Roche-sur-Yon;46.67;-1.42;10/09/2026;19:00;19.6;0;SOLEIL;4;31.3;0
La Roche-sur-Yon;46.67;-1.42;10/09/2026;20:00;17.0;2;NUAGEUX;5;29.5;0
La Roche-sur-Yon;46.67;-1.42;10/09/2026;21:00;15.6;2;NUAGEUX;5;27.4;0
La Roche-sur-Yon;46.67;-1.42;10/09/2026;22:00;14.2;2;NUAGEUX;5;21.2;0
La Roche-sur-Yon;46.67;-1.42;10/09/2026;23:00;16.2;0;SOLEIL;1;15.1;0
La Roche-sur-Yon;46.67;-1.42;11/09/2026;00:00;16.2;0;SOLEIL;1;11.9;0
La Roche-sur-Yon;46.67;-1.42;11/09/2026;01:00;16.2;0;SOLEIL;1;10.4;0
La Roche-sur-Yon;46.67;-1.42;11/09/2026;02:00;14.4;7;PLUIE FAIBLE;5;10.1;0
La Roche-sur-Yon;46.67;-1.42;11/09/2026;03:00;14.4;7;PLUIE FAIBLE;5;6.1;0
La Roche-sur-Yon;46.67;-1.42;11/09/2026;04:00;14.4;7;PLUIE FAIBLE;5;1.1;0
La Roche-sur-Yon;46.67;-1.42;11/09/2026;05:00;15.6;2;NUAGEUX;2;1.8;0
La Roche-sur-Yon;46.67;-1.42;11/09/2026;06:00;15.6;2;NUAGEUX;2;1.4;0
La Roche-sur-Yon;46.67;-1.42;11/09/2026;07:00;15.6;2;NUAGEUX;2;3.2;0
La Roche-sur-Yon;46.67;-1.42;11/09/2026;08:00;16.5;7;PLUIE FAIBLE;5;3.2;0
La Roche-sur-Yon;46.67;-1.42;11/09/2026;09:00;17.6;7;PLUIE FAIBLE;5;3.6;0
La Roche-sur-Yon;46.67;-1.42;11/09/2026;10:00;18.6;7;PLUIE FAIBLE;5;3.6;0
La Roche-sur-Yon;46.67;-1.42;11/09/2026;11:00;22.1;7;PLUIE FAIBLE;4;5.8;0
La Roche-sur-Yon;46.67;-1.42;11/09/2026;12:00;22.1;7;PLUIE FAIBLE;4;15.9;0
La Roche-sur-Yon;46.67;-1.42;11/09/2026;13:00;22.1;7;PLUIE FAIBLE;4;22.5;0
La Roche-sur-Yon;46.67;-1.42;11/09/2026;14:00;22.8;7;PLUIE FAIBLE;5;30.2;0
La Roche-sur-Yon;46.67;-1.42;11/09/2026;15:00;23.9;7;PLUIE FAIBLE;5;34.2;0
La Roche-sur-Yon;46.67;-1.42;11/09/2026;16:00;22.8;7;PLUIE FAIBLE;5;32.4;0
La Roche-sur-Yon;46.67;-1.42;11/09/2026;17:00;21.1;7;PLUIE FAIBLE;4;30.2;0
La Roche-sur-Yon;46.67;-1.42;11/09/2026;18:00;21.1;7;PLUIE FAIBLE;4;29.2;0
La Roche-sur-Yon;46.67;-1.42;11/09/2026;19:00;21.1;7;PLUIE FAIBLE;4;28.1;0
La Roche-sur-Yon;46.67;-1.42;11/09/2026;20:00;18.6;7;PLUIE FAIBLE;5;27.0;0
La Roche-sur-Yon;46.67;-1.42;11/09/2026;21:00;17.6;7;PLUIE FAIBLE;5;25.6;0
La Roche-sur-Yon;46.67;-1.42;11/09/2026;22:00;16.5;7;PLUIE FAIBLE;5;23.8;0
La Roche-sur-Yon;46.67;-1.42;11/09/2026;23:00;15.6;0;SOLEIL;3;23.0;0
La Roche-sur-Yon;46.67;-1.42;12/09/2026;00:00;15.6;0;SOLEIL;3;23.8;0
La Roche-sur-Yon;46.67;-1.42;12/09/2026;01:00;15.6;0;SOLEIL;3;25.6;0
La Roche-sur-Yon;46.67;-1.42;12/09/2026;02:00;12.7;0;SOLEIL;5;26.3;0
La Roche-sur-Yon;46.67;-1.42;12/09/2026;03:00;12.7;0;SOLEIL;5;24.8;0
La Roche-sur-Yon;46.67;-1.42;12/09/2026;04:00;12.7;0;SOLEIL;5;22.7;0
La Roche-sur-Yon;46.67;-1.42;12/09/2026;05:00;13.6;0;SOLEIL;2;20.9;0
La Roche-sur-Yon;46.67;-1.42;12/09/2026;06:00;13.6;0;SOLEIL;2;19.8;0
La Roche-sur-Yon;46.67;-1.42;12/09/2026;07:00;13.6;0;SOLEIL;2;19.4;0
La Roche-sur-Yon;46.67;-1.42;12/09/2026;08:00;15.5;0;SOLEIL;5;19.1;0
La Roche-sur-Yon;46.67;-1.42;12/09/2026;09:00;16.9;0;SOLEIL;5;19.1;0
La Roche-sur-Yon;46.67;-1.42;12/09/2026;10:00;18.3;0;SOLEIL;5;19.1;0
La Roche-sur-Yon;46.67;-1.42;12/09/2026;11:00;23.5;0;SOLEIL;2;19.4;0
La Roche-sur-Yon;46.67;-1.42;12/09/2026;12:00;23.5;0;SOLEIL;2;19.4;0
La Roche-sur-Yon;46.67;-1.42;12/09/2026;13:00;23.5;0;SOLEIL;2;19.8;0
La Roche-sur-Yon;46.67;-1.42;12/09/2026;14:00;23.8;0;SOLEIL;5;19.8;0
La Roche-sur-Yon;46.67;-1.42;12/09/2026;15:00;25.2;0;SOLEIL;5;20.2;0
La Roche-sur-Yon;46.67;-1.42;12/09/2026;16:00;23.8;0;SOLEIL;5;20.2;0
La Roche-sur-Yon;46.67;-1.42;12/09/2026;17:00;22;0;SOLEIL;4;20.5;0
La Roche-sur-Yon;46.67;-1.42;12/09/2026;18:00;22;0;SOLEIL;4;20.5;0
La Roche-sur-Yon;46.67;-1.42;12/09/2026;19:00;22;0;SOLEIL;4;20.5;0
La Roche-sur-Yon;46.67;-1.42;12/09/2026;20:00;18.3;0;SOLEIL;5;20.5;0
La Roche-sur-Yon;46.67;-1.42;12/09/2026;21:00;16.9;0;SOLEIL;5;20.9;0
La Roche-sur-Yon;46.67;-1.42;12/09/2026;22:00;15.5;0;SOLEIL;5;20.9;0
La Roche-sur-Yon;46.67;-1.42;12/09/2026;23:00;14.9;0;SOLEIL;2;20.9;0
La Tranche-sur-Mer;46.34;-1.43;08/09/2026;00:00;20.4;2;NUAGEUX;2;14.0;0
La Tranche-sur-Mer;46.34;-1.43;08/09/2026;01:00;20.1;2;NUAGEUX;3;18.4;0
La Tranche-sur-Mer;46.34;-1.43;08/09/2026;02:00;20.1;2;NUAGEUX;3;21.6;0
La Tranche-sur-Mer;46.34;-1.43;08/09/2026;03:00;20.4;2;NUAGEUX;3;22.0;0
La Tranche-sur-Mer;46.34;-1.43;08/09/2026;04:00;20.5;2;NUAGEUX;4;18.4;0
La Tranche-sur-Mer;46.34;-1.43;08/09/2026;05:00;20.2;2;NUAGEUX;4;17.6;0
La Tranche-sur-Mer;46.34;-1.43;08/09/2026;06:00;20;2;NUAGEUX;4;18.0;0
La Tranche-sur-Mer;46.34;-1.43;08/09/2026;07:00;20.6;2;NUAGEUX;4;19.1;0
La Tranche-sur-Mer;46.34;-1.43;08/09/2026;08:00;21;2;NUAGEUX;5;21.2;0
La Tranche-sur-Mer;46.34;-1.43;08/09/2026;09:00;21.6;2;NUAGEUX;5;29.2;0
La Tranche-sur-Mer;46.34;-1.43;08/09/2026;10:00;22;2;NUAGEUX;6;37.1;0
La Tranche-sur-Mer;46.34;-1.43;08/09/2026;11:00;22.2;2;NUAGEUX;6;38.5;0
La Tranche-sur-Mer;46.34;-1.43;08/09/2026;12:00;21.9;2;NUAGEUX;7;38.9;0
La Tranche-sur-Mer;46.34;-1.43;08/09/2026;13:00;21.1;6;AVERSES;7;53.6;0.1
La Tranche-sur-Mer;46.34;-1.43;08/09/2026;14:00;19.6;7;PLUIE FAIBLE;7;55.8;2.6
La Tranche-sur-Mer;46.34;-1.43;08/09/2026;15:00;20;6;AVERSES;7;57.6;1.2
La Tranche-sur-Mer;46.34;-1.43;08/09/2026;16:00;19.9;2;NUAGEUX;6;60.8;0
La Tranche-sur-Mer;46.34;-1.43;08/09/2026;17:00;19.9;5;SOLEIL VOILÉ;5;51.8;0
La Tranche-sur-Mer;46.34;-1.43;08/09/2026;18:00;19.2;5;SOLEIL VOILÉ;5;52.9;0
La Tranche-sur-Mer;46.34;-1.43;08/09/2026;19:00;18.6;2;NUAGEUX;5;49.7;0
La Tranche-sur-Mer;46.34;-1.43;08/09/2026;20:00;18.9;2;NUAGEUX;4;40.7;0
La Tranche-sur-Mer;46.34;-1.43;08/09/2026;21:00;17.4;2;NUAGEUX;4;36.7;0
La Tranche-sur-Mer;46.34;-1.43;08/09/2026;22:00;16.9;0;SOLEIL;4;35.6;0
La Tranche-sur-Mer;46.34;-1.43;08/09/2026;23:00;15.6;0;SOLEIL;4;30.6;0
La Tranche-sur-Mer;46.34;-1.43;09/09/2026;00:00;14.7;0;SOLEIL;3;28.8;0
La Tranche-sur-Mer;46.34;-1.43;09/09/2026;01:00;14.7;0;SOLEIL;3;23.8;0
La Tranche-sur-Mer;46.34;-1.43;09/09/2026;02:00;13.4;0;SOLEIL;6;18.4;0
La Tranche-sur-Mer;46.34;-1.43;09/09/2026;03:00;13.4;0;SOLEIL;6;19.1;0
La Tranche-sur-Mer;46.34;-1.43;09/09/2026;04:00;13.4;0;SOLEIL;6;14.0;0
La Tranche-sur-Mer;46.34;-1.43;09/09/2026;05:00;13.6;0;SOLEIL;5;13.3;0
La Tranche-sur-Mer;46.34;-1.43;09/09/2026;06:00;13.6;0;SOLEIL;5;10.4;0
La Tranche-sur-Mer;46.34;-1.43;09/09/2026;07:00;13.6;0;SOLEIL;5;11.5;0
La Tranche-sur-Mer;46.34;-1.43;09/09/2026;08:00;18.9;0;SOLEIL;4;10.1;0
La Tranche-sur-Mer;46.34;-1.43;09/09/2026;09:00;18.9;0;SOLEIL;4;10.1;0
La Tranche-sur-Mer;46.34;-1.43;09/09/2026;10:00;18.9;0;SOLEIL;4;15.1;0
La Tranche-sur-Mer;46.34;-1.43;09/09/2026;11:00;20.9;2;NUAGEUX;5;30.2;0
La Tranche-sur-Mer;46.34;-1.43;09/09/2026;12:00;20.9;2;NUAGEUX;5;30.2;0
La Tranche-sur-Mer;46.34;-1.43;09/09/2026;13:00;20.9;2;NUAGEUX;5;27.7;0
La Tranche-sur-Mer;46.34;-1.43;09/09/2026;14:00;20.6;0;SOLEIL;8;27.7;0
La Tranche-sur-Mer;46.34;-1.43;09/09/2026;15:00;20.6;0;SOLEIL;8;29.9;0
La Tranche-sur-Mer;46.34;-1.43;09/09/2026;16:00;20.6;0;SOLEIL;8;31.7;0
La Tranche-sur-Mer;46.34;-1.43;09/09/2026;17:00;18.5;0;SOLEIL;8;31.0;0
La Tranche-sur-Mer;46.34;-1.43;09/09/2026;18:00;18.5;0;SOLEIL;8;25.6;0
La Tranche-sur-Mer;46.34;-1.43;09/09/2026;19:00;18.5;0;SOLEIL;8;27.7;0
La Tranche-sur-Mer;46.34;-1.43;09/09/2026;20:00;16.4;0;SOLEIL;6;32.4;0
La Tranche-sur-Mer;46.34;-1.43;09/09/2026;21:00;16.4;0;SOLEIL;6;32.4;0
La Tranche-sur-Mer;46.34;-1.43;09/09/2026;22:00;16.4;0;SOLEIL;6;29.5;0
La Tranche-sur-Mer;46.34;-1.43;09/09/2026;23:00;15.1;5;SOLEIL VOILÉ;4;27.4;0
La Tranche-sur-Mer;46.34;-1.43;10/09/2026;00:00;15.1;5;SOLEIL VOILÉ;4;23.0;0
La Tranche-sur-Mer;46.34;-1.43;10/09/2026;01:00;15.1;5;SOLEIL VOILÉ;4;18.7;0
La Tranche-sur-Mer;46.34;-1.43;10/09/2026;02:00;13.7;5;SOLEIL VOILÉ;4;17.6;0
La Tranche-sur-Mer;46.34;-1.43;10/09/2026;03:00;13.7;5;SOLEIL VOILÉ;4;19.8;0
La Tranche-sur-Mer;46.34;-1.43;10/09/2026;04:00;13.7;5;SOLEIL VOILÉ;4;19.8;0
La Tranche-sur-Mer;46.34;-1.43;10/09/2026;05:00;13.5;5;SOLEIL VOILÉ;3;17.3;0
La Tranche-sur-Mer;46.34;-1.43;10/09/2026;06:00;13.5;5;SOLEIL VOILÉ;3;15.8;0
La Tranche-sur-Mer;46.34;-1.43;10/09/2026;07:00;13.5;5;SOLEIL VOILÉ;3;14.8;0
La Tranche-sur-Mer;46.34;-1.43;10/09/2026;08:00;18.4;5;SOLEIL VOILÉ;3;15.1;0
La Tranche-sur-Mer;46.34;-1.43;10/09/2026;09:00;18.4;5;SOLEIL VOILÉ;3;15.5;0
La Tranche-sur-Mer;46.34;-1.43;10/09/2026;10:00;18.4;5;SOLEIL VOILÉ;3;16.2;0
La Tranche-sur-Mer;46.34;-1.43;10/09/2026;11:00;20.6;0;SOLEIL;2;15.1;0
La Tranche-sur-Mer;46.34;-1.43;10/09/2026;12:00;20.6;0;SOLEIL;2;16.2;0
La Tranche-sur-Mer;46.34;-1.43;10/09/2026;13:00;20.6;0;SOLEIL;2;18.7;0
La Tranche-sur-Mer;46.34;-1.43;10/09/2026;14:00;20.7;0;SOLEIL;4;21.2;0
La Tranche-sur-Mer;46.34;-1.43;10/09/2026;15:00;20.7;0;SOLEIL;4;22.0;0
La Tranche-sur-Mer;46.34;-1.43;10/09/2026;16:00;20.7;0;SOLEIL;4;25.6;0
La Tranche-sur-Mer;46.34;-1.43;10/09/2026;17:00;19.1;0;SOLEIL;5;28.1;0
La Tranche-sur-Mer;46.34;-1.43;10/09/2026;18:00;19.1;0;SOLEIL;5;28.1;0
La Tranche-sur-Mer;46.34;-1.43;10/09/2026;19:00;19.1;0;SOLEIL;5;25.6;0
La Tranche-sur-Mer;46.34;-1.43;10/09/2026;20:00;16.6;2;NUAGEUX;5;24.1;0
La Tranche-sur-Mer;46.34;-1.43;10/09/2026;21:00;15.6;2;NUAGEUX;5;22.0;0
La Tranche-sur-Mer;46.34;-1.43;10/09/2026;22:00;14.7;2;NUAGEUX;5;16.6;0
La Tranche-sur-Mer;46.34;-1.43;10/09/2026;23:00;16.5;0;SOLEIL;3;13.3;0
La Tranche-sur-Mer;46.34;-1.43;11/09/2026;00:00;16.5;0;SOLEIL;3;13.0;0
La Tranche-sur-Mer;46.34;-1.43;11/09/2026;01:00;16.5;0;SOLEIL;3;10.1;0
La Tranche-sur-Mer;46.34;-1.43;11/09/2026;02:00;16;0;SOLEIL;5;6.8;0
La Tranche-sur-Mer;46.34;-1.43;11/09/2026;03:00;16;0;SOLEIL;5;6.5;0
La Tranche-sur-Mer;46.34;-1.43;11/09/2026;04:00;16;0;SOLEIL;5;7.2;0
La Tranche-sur-Mer;46.34;-1.43;11/09/2026;05:00;17.7;2;NUAGEUX;6;4.3;0
La Tranche-sur-Mer;46.34;-1.43;11/09/2026;06:00;17.7;2;NUAGEUX;6;3.2;0
La Tranche-sur-Mer;46.34;-1.43;11/09/2026;07:00;17.7;2;NUAGEUX;6;3.2;0
La Tranche-sur-Mer;46.34;-1.43;11/09/2026;08:00;17.6;0;SOLEIL;5;1.1;0
La Tranche-sur-Mer;46.34;-1.43;11/09/2026;09:00;18.4;0;SOLEIL;5;1.8;0
La Tranche-sur-Mer;46.34;-1.43;11/09/2026;10:00;19.2;0;SOLEIL;5;1.4;0
La Tranche-sur-Mer;46.34;-1.43;11/09/2026;11:00;22.4;7;PLUIE FAIBLE;5;4.3;0
La Tranche-sur-Mer;46.34;-1.43;11/09/2026;12:00;22.4;7;PLUIE FAIBLE;5;11.7;0
La Tranche-sur-Mer;46.34;-1.43;11/09/2026;13:00;22.4;7;PLUIE FAIBLE;5;23.4;0
La Tranche-sur-Mer;46.34;-1.43;11/09/2026;14:00;22.3;0;SOLEIL;5;32.5;0
La Tranche-sur-Mer;46.34;-1.43;11/09/2026;15:00;23.1;0;SOLEIL;5;40.0;0
La Tranche-sur-Mer;46.34;-1.43;11/09/2026;16:00;22.3;0;SOLEIL;5;39.6;0
La Tranche-sur-Mer;46.34;-1.43;11/09/2026;17:00;20.7;0;SOLEIL;7;39.2;0
La Tranche-sur-Mer;46.34;-1.43;11/09/2026;18:00;20.7;0;SOLEIL;7;39.2;0
La Tranche-sur-Mer;46.34;-1.43;11/09/2026;19:00;20.7;0;SOLEIL;7;39.6;0
La Tranche-sur-Mer;46.34;-1.43;11/09/2026;20:00;19.2;0;SOLEIL;5;38.5;0
La Tranche-sur-Mer;46.34;-1.43;11/09/2026;21:00;18.4;0;SOLEIL;5;35.6;0
La Tranche-sur-Mer;46.34;-1.43;11/09/2026;22:00;17.6;0;SOLEIL;5;31.7;0
La Tranche-sur-Mer;46.34;-1.43;11/09/2026;23:00;16.2;0;SOLEIL;6;28.8;0
La Tranche-sur-Mer;46.34;-1.43;12/09/2026;00:00;16.2;0;SOLEIL;6;28.8;0
La Tranche-sur-Mer;46.34;-1.43;12/09/2026;01:00;16.2;0;SOLEIL;6;30.2;0
La Tranche-sur-Mer;46.34;-1.43;12/09/2026;02:00;12.7;0;SOLEIL;5;30.6;0
La Tranche-sur-Mer;46.34;-1.43;12/09/2026;03:00;12.7;0;SOLEIL;5;29.2;0
La Tranche-sur-Mer;46.34;-1.43;12/09/2026;04:00;12.7;0;SOLEIL;5;26.6;0
La Tranche-sur-Mer;46.34;-1.43;12/09/2026;05:00;13.6;0;SOLEIL;4;24.5;0
La Tranche-sur-Mer;46.34;-1.43;12/09/2026;06:00;13.6;0;SOLEIL;4;22.7;0
La Tranche-sur-Mer;46.34;-1.43;12/09/2026;07:00;13.6;0;SOLEIL;4;21.2;0
La Tranche-sur-Mer;46.34;-1.43;12/09/2026;08:00;15.1;0;SOLEIL;5;20.5;0
La Tranche-sur-Mer;46.34;-1.43;12/09/2026;09:00;16.3;0;SOLEIL;5;20.5;0
La Tranche-sur-Mer;46.34;-1.43;12/09/2026;10:00;17.5;0;SOLEIL;5;20.9;0
La Tranche-sur-Mer;46.34;-1.43;12/09/2026;11:00;23;0;SOLEIL;3;21.2;0
La Tranche-sur-Mer;46.34;-1.43;12/09/2026;12:00;23;0;SOLEIL;3;20.5;0
La Tranche-sur-Mer;46.34;-1.43;12/09/2026;13:00;23;0;SOLEIL;3;19.4;0
La Tranche-sur-Mer;46.34;-1.43;12/09/2026;14:00;22.4;0;SOLEIL;5;20.9;0
La Tranche-sur-Mer;46.34;-1.43;12/09/2026;15:00;23.6;0;SOLEIL;5;26.6;0
La Tranche-sur-Mer;46.34;-1.43;12/09/2026;16:00;22.4;0;SOLEIL;5;34.9;0
La Tranche-sur-Mer;46.34;-1.43;12/09/2026;17:00;20.7;0;SOLEIL;6;40.7;0
La Tranche-sur-Mer;46.34;-1.43;12/09/2026;18:00;20.7;0;SOLEIL;6;42.1;0
La Tranche-sur-Mer;46.34;-1.43;12/09/2026;19:00;20.7;0;SOLEIL;6;41.4;0
La Tranche-sur-Mer;46.34;-1.43;12/09/2026;20:00;17.5;0;SOLEIL;5;40.0;0
La Tranche-sur-Mer;46.34;-1.43;12/09/2026;21:00;16.3;0;SOLEIL;5;37.8;0
La Tranche-sur-Mer;46.34;-1.43;12/09/2026;22:00;15.1;0;SOLEIL;5;34.6;0
La Tranche-sur-Mer;46.34;-1.43;12/09/2026;23:00;15.6;0;SOLEIL;4;31.7;0
