Ville;Latitude;Longitude;Date;Heure;temperature_2m;weathercode;Temps_Label;windspeed_10m;wind_gusts_10m;precipitation
Angoulême;45.65;0.15;04/09/2026;00:00;20.6;0;SOLEIL;2;0;0
Angoulême;45.65;0.15;04/09/2026;01:00;19.7;0;SOLEIL;2;0;0
Angoulême;45.65;0.15;04/09/2026;02:00;19;0;SOLEIL;2;0;0
Angoulême;45.65;0.15;04/09/2026;03:00;18.6;0;SOLEIL;2;0;0
Angoulême;45.65;0.15;04/09/2026;04:00;18.2;0;SOLEIL;1;0;0
Angoulême;45.65;0.15;04/09/2026;05:00;18.1;0;SOLEIL;1;0;0
Angoulême;45.65;0.15;04/09/2026;06:00;17.6;0;SOLEIL;1;0;0
Angoulême;45.65;0.15;04/09/2026;07:00;20.4;0;SOLEIL;1;0;0
Angoulême;45.65;0.15;04/09/2026;08:00;24.2;0;SOLEIL;1;0;0
Angoulême;45.65;0.15;04/09/2026;09:00;26.7;0;SOLEIL;1;0;0
Angoulême;45.65;0.15;04/09/2026;10:00;30.2;0;SOLEIL;1;0;0
Angoulême;45.65;0.15;04/09/2026;11:00;32.1;0;SOLEIL;2;0;0
Angoulême;45.65;0.15;04/09/2026;12:00;32.7;0;SOLEIL;0;0;0
Angoulême;45.65;0.15;04/09/2026;13:00;34.7;0;SOLEIL;2;0;0
Angoulême;45.65;0.15;04/09/2026;14:00;35.9;0;SOLEIL;2;0;0
Angoulême;45.65;0.15;04/09/2026;15:00;36.6;0;SOLEIL;2;0;0
Angoulême;45.65;0.15;04/09/2026;16:00;37.6;0;SOLEIL;4;0;0
Angoulême;45.65;0.15;04/09/2026;17:00;35.2;0;SOLEIL;4;0;0
Angoulême;45.65;0.15;04/09/2026;18:00;31.2;0;SOLEIL;4;0;0
Angoulême;45.65;0.15;04/09/2026;19:00;28.1;0;SOLEIL;3;0;0
Angoulême;45.65;0.15;04/09/2026;20:00;26.1;0;SOLEIL;3;0;0
Angoulême;45.65;0.15;04/09/2026;21:00;24.9;0;SOLEIL;3;0;0
Angoulême;45.65;0.15;04/09/2026;22:00;24.4;0;SOLEIL;3;0;0
Angoulême;45.65;0.15;04/09/2026;23:00;23.1;0;SOLEIL;3;0;0
Angoulême;45.65;0.15;05/09/2026;00:00;21.1;0;SOLEIL;3;0;0
Angoulême;45.65;0.15;05/09/2026;01:00;21.1;0;SOLEIL;3;0;0
Angoulême;45.65;0.15;05/09/2026;02:00;19.4;0;SOLEIL;2;0;0
Angoulême;45.65;0.15;05/09/2026;03:00;19.4;0;SOLEIL;2;0;0
Angoulême;45.65;0.15;05/09/2026;04:00;19.4;0;SOLEIL;2;0;0
Angoulême;45.65;0.15;05/09/2026;05:00;19;0;SOLEIL;2;0;0
Angoulême;45.65;0.15;05/09/2026;06:00;19;0;SOLEIL;2;0;0
Angoulême;45.65;0.15;05/09/2026;07:00;19;0;SOLEIL;2;0;0
Angoulême;45.65;0.15;05/09/2026;08:00;25;0;SOLEIL;1;0;0
Angoulême;45.65;0.15;05/09/2026;09:00;25;0;SOLEIL;1;0;0
Angoulême;45.65;0.15;05/09/2026;10:00;25;0;SOLEIL;1;0;0
Angoulême;45.65;0.15;05/09/2026;11:00;32.1;0;SOLEIL;2;0;0
Angoulême;45.65;0.15;05/09/2026;12:00;32.1;0;SOLEIL;2;0;0
Angoulême;45.65;0.15;05/09/2026;13:00;32.1;0;SOLEIL;2;0;0
Angoulême;45.65;0.15;05/09/2026;14:00;36;0;SOLEIL;3;0;0
Angoulême;45.65;0.15;05/09/2026;15:00;36;0;SOLEIL;3;0;0
Angoulême;45.65;0.15;05/09/2026;16:00;36;0;SOLEIL;3;0;0
Angoulême;45.65;0.15;05/09/2026;17:00;34.5;0;SOLEIL;2;0;0
Angoulême;45.65;0.15;05/09/2026;18:00;34.5;0;SOLEIL;2;0;0
Angoulême;45.65;0.15;05/09/2026;19:00;34.5;0;SOLEIL;2;0;0
Angoulême;45.65;0.15;05/09/2026;20:00;26.4;0;SOLEIL;3;0;0
Angoulême;45.65;0.15;05/09/2026;21:00;26.4;0;SOLEIL;3;0;0
Angoulême;45.65;0.15;05/09/2026;22:00;26.4;0;SOLEIL;3;0;0
Angoulême;45.65;0.15;05/09/2026;23:00;25.1;0;SOLEIL;3;0;0
Angoulême;45.65;0.15;06/09/2026;00:00;25.1;0;SOLEIL;3;0;0
Angoulême;45.65;0.15;06/09/2026;01:00;25.1;0;SOLEIL;3;0;0
Angoulême;45.65;0.15;06/09/2026;02:00;23;0;SOLEIL;3;0;0
Angoulême;45.65;0.15;06/09/2026;03:00;23;0;SOLEIL;3;0;0
Angoulême;45.65;0.15;06/09/2026;04:00;23;0;SOLEIL;3;0;0
Angoulême;45.65;0.15;06/09/2026;05:00;23.9;5;SOLEIL VOILÉ;3;0;0
Angoulême;45.65;0.15;06/09/2026;06:00;23.9;5;SOLEIL VOILÉ;3;0;0
Angoulême;45.65;0.15;06/09/2026;07:00;23.9;5;SOLEIL VOILÉ;3;0;0
Angoulême;45.65;0.15;06/09/2026;08:00;30.6;0;SOLEIL;3;0;0
Angoulême;45.65;0.15;06/09/2026;09:00;30.6;0;SOLEIL;3;0;0
Angoulême;45.65;0.15;06/09/2026;10:00;30.6;0;SOLEIL;3;0;0
Angoulême;45.65;0.15;06/09/2026;11:00;37.6;0;SOLEIL;3;0;0
Angoulême;45.65;0.15;06/09/2026;12:00;37.6;0;SOLEIL;3;0;0
Angoulême;45.65;0.15;06/09/2026;13:00;37.6;0;SOLEIL;3;0;0
Angoulême;45.65;0.15;06/09/2026;14:00;37.9;0;SOLEIL;4;0;0
Angoulême;45.65;0.15;06/09/2026;15:00;37.9;0;SOLEIL;4;0;0
Angoulême;45.65;0.15;06/09/2026;16:00;37.9;0;SOLEIL;4;0;0
Angoulême;45.65;0.15;06/09/2026;17:00;33.1;0;SOLEIL;4;0;0
Angoulême;45.65;0.15;06/09/2026;18:00;33.1;0;SOLEIL;4;0;0
Angoulême;45.65;0.15;06/09/2026;19:00;33.1;0;SOLEIL;4;0;0
Angoulême;45.65;0.15;06/09/2026;20:00;30.3;0;SOLEIL;5;0;0
Angoulême;45.65;0.15;06/09/2026;21:00;28.3;0;SOLEIL;5;0;0
Angoulême;45.65;0.15;06/09/2026;22:00;26.3;0;SOLEIL;5;0;0
Angoulême;45.65;0.15;06/09/2026;23:00;23.7;0;SOLEIL;3;0;0
Angoulême;45.65;0.15;07/09/2026;00:00;23.7;0;SOLEIL;3;0;0
Angoulême;45.65;0.15;07/09/2026;01:00;23.7;0;SOLEIL;3;0;0
Angoulême;45.65;0.15;07/09/2026;02:00;20.1;2;NUAGEUX;5;0;0
Angoulême;45.65;0.15;07/09/2026;03:00;20.1;2;NUAGEUX;5;0;0
Angoulême;45.65;0.15;07/09/2026;04:00;20.1;2;NUAGEUX;5;0;0
Angoulême;45.65;0.15;07/09/2026;05:00;20.7;2;NUAGEUX;2;0;0
Angoulême;45.65;0.15;07/09/2026;06:00;20.7;2;NUAGEUX;2;0;0
Angoulême;45.65;0.15;07/09/2026;07:00;20.7;2;NUAGEUX;2;0;0
Angoulême;45.65;0.15;07/09/2026;08:00;22.1;2;NUAGEUX;5;0;0
Angoulême;45.65;0.15;07/09/2026;09:00;23.1;2;NUAGEUX;5;0;0
Angoulême;45.65;0.15;07/09/2026;10:00;24.1;2;NUAGEUX;5;0;0
Angoulême;45.65;0.15;07/09/2026;11:00;27.6;2;NUAGEUX;3;0;0
Angoulême;45.65;0.15;07/09/2026;12:00;27.6;2;NUAGEUX;3;0;0
Angoulême;45.65;0.15;07/09/2026;13:00;27.6;2;NUAGEUX;3;0;0
Angoulême;45.65;0.15;07/09/2026;14:00;28.1;2;NUAGEUX;5;0;0
Angoulême;45.65;0.15;07/09/2026;15:00;29.1;2;NUAGEUX;5;0;0
Angoulême;45.65;0.15;07/09/2026;16:00;28.1;2;NUAGEUX;5;0;0
Angoulême;45.65;0.15;07/09/2026;17:00;25.6;0;SOLEIL;4;0;0
Angoulême;45.65;0.15;07/09/2026;18:00;25.6;0;SOLEIL;4;0;0
Angoulême;45.65;0.15;07/09/2026;19:00;25.6;0;SOLEIL;4;0;0
Angoulême;45.65;0.15;07/09/2026;20:00;24.1;2;NUAGEUX;5;0;0
Angoulême;45.65;0.15;07/09/2026;21:00;23.1;2;NUAGEUX;5;0;0
Angoulême;45.65;0.15;07/09/2026;22:00;22.1;2;NUAGEUX;5;0;0
Angoulême;45.65;0.15;07/09/2026;23:00;19.6;0;SOLEIL;2;0;0
Angoulême;45.65;0.15;08/09/2026;00:00;19.6;0;SOLEIL;2;0;0
Angoulême;45.65;0.15;08/09/2026;01:00;19.6;0;SOLEIL;2;0;0
Angoulême;45.65;0.15;08/09/2026;02:00;17.5;2;NUAGEUX;5;0;0
Angoulême;45.65;0.15;08/09/2026;03:00;17.5;2;NUAGEUX;5;0;0
Angoulême;45.65;0.15;08/09/2026;04:00;17.5;2;NUAGEUX;5;0;0
Angoulême;45.65;0.15;08/09/2026;05:00;18;2;NUAGEUX;2;0;0
Angoulême;45.65;0.15;08/09/2026;06:00;18;2;NUAGEUX;2;0;0
Angoulême;45.65;0.15;08/09/2026;07:00;18;2;NUAGEUX;2;0;0
Angoulême;45.65;0.15;08/09/2026;08:00;19.4;2;NUAGEUX;5;0;0
Angoulême;45.65;0.15;08/09/2026;09:00;20.3;2;NUAGEUX;5;0;0
Angoulême;45.65;0.15;08/09/2026;10:00;21.3;2;NUAGEUX;5;0;0
Angoulême;45.65;0.15;08/09/2026;11:00;24.6;2;NUAGEUX;3;0;0
Angoulême;45.65;0.15;08/09/2026;12:00;24.6;2;NUAGEUX;3;0;0
Angoulême;45.65;0.15;08/09/2026;13:00;24.6;2;NUAGEUX;3;0;0
Angoulême;45.65;0.15;08/09/2026;14:00;25.1;2;NUAGEUX;5;0;0
Angoulême;45.65;0.15;08/09/2026;15:00;26.0;2;NUAGEUX;5;0;0
Angoulême;45.65;0.15;08/09/2026;16:00;25.1;2;NUAGEUX;5;0;0
Angoulême;45.65;0.15;08/09/2026;17:00;22.6;2;NUAGEUX;4;0;0
Angoulême;45.65;0.15;08/09/2026;18:00;22.6;2;NUAGEUX;4;0;0
Angoulême;45.65;0.15;08/09/2026;19:00;22.6;2;NUAGEUX;4;0;0
Angoulême;45.65;0.15;08/09/2026;20:00;21.3;2;NUAGEUX;5;0;0
Angoulême;45.65;0.15;08/09/2026;21:00;20.3;2;NUAGEUX;5;0;0
Angoulême;45.65;0.15;08/09/2026;22:00;19.4;2;NUAGEUX;5;0;0
Angoulême;45.65;0.15;08/09/2026;23:00;18.7;0;SOLEIL;3;0;0
La Rochelle;46.16;-1.15;04/09/2026;00:00;18.1;0;SOLEIL;1;0;0
La Rochelle;46.16;-1.15;04/09/2026;01:00;18.1;0;SOLEIL;1;0;0
La Rochelle;46.16;-1.15;04/09/2026;02:00;17.1;0;SOLEIL;1;0;0
La Rochelle;46.16;-1.15;04/09/2026;03:00;15.7;0;SOLEIL;1;0;0
La Rochelle;46.16;-1.15;04/09/2026;04:00;16;0;SOLEIL;1;0;0
La Rochelle;46.16;-1.15;04/09/2026;05:00;15.5;0;SOLEIL;0;0;0
La Rochelle;46.16;-1.15;04/09/2026;06:00;15.4;0;SOLEIL;1;0;0
La Rochelle;46.16;-1.15;04/09/2026;07:00;18.9;0;SOLEIL;1;0;0
La Rochelle;46.16;-1.15;04/09/2026;08:00;22.6;0;SOLEIL;1;0;0
La Rochelle;46.16;-1.15;04/09/2026;09:00;25.7;0;SOLEIL;1;0;0
La Rochelle;46.16;-1.15;04/09/2026;10:00;28.1;0;SOLEIL;2;0;0
La Rochelle;46.16;-1.15;04/09/2026;11:00;30.1;0;SOLEIL;2;0;0
La Rochelle;46.16;-1.15;04/09/2026;12:00;31.7;0;SOLEIL;2;0;0
La Rochelle;46.16;-1.15;04/09/2026;13:00;32.7;0;SOLEIL;3;0;0
La Rochelle;46.16;-1.15;04/09/2026;14:00;33.1;0;SOLEIL;3;0;0
La Rochelle;46.16;-1.15;04/09/2026;15:00;33.1;0;SOLEIL;3;0;0
La Rochelle;46.16;-1.15;04/09/2026;16:00;33.4;0;SOLEIL;3;0;0
La Rochelle;46.16;-1.15;04/09/2026;17:00;32.4;0;SOLEIL;3;0;0
La Rochelle;46.16;-1.15;04/09/2026;18:00;31.1;0;SOLEIL;3;0;0
La Rochelle;46.16;-1.15;04/09/2026;19:00;28;0;SOLEIL;2;0;0
La Rochelle;46.16;-1.15;04/09/2026;20:00;26.1;0;SOLEIL;2;0;0
La Rochelle;46.16;-1.15;04/09/2026;21:00;23.1;0;SOLEIL;1;0;0
La Rochelle;46.16;-1.15;04/09/2026;22:00;22.6;0;SOLEIL;1;0;0
La Rochelle;46.16;-1.15;04/09/2026;23:00;21.6;0;SOLEIL;2;0;0
La Rochelle;46.16;-1.15;05/09/2026;00:00;19.1;0;SOLEIL;1;0;0
La Rochelle;46.16;-1.15;05/09/2026;01:00;19.1;0;SOLEIL;1;0;0
La Rochelle;46.16;-1.15;05/09/2026;02:00;16.1;0;SOLEIL;2;0;0
La Rochelle;46.16;-1.15;05/09/2026;03:00;16.1;0;SOLEIL;2;0;0
La Rochelle;46.16;-1.15;05/09/2026;04:00;16.1;0;SOLEIL;2;0;0
La Rochelle;46.16;-1.15;05/09/2026;05:00;16.4;0;SOLEIL;2;0;0
La Rochelle;46.16;-1.15;05/09/2026;06:00;16.4;0;SOLEIL;2;0;0
La Rochelle;46.16;-1.15;05/09/2026;07:00;16.4;0;SOLEIL;2;0;0
La Rochelle;46.16;-1.15;05/09/2026;08:00;23.4;0;SOLEIL;2;0;0
La Rochelle;46.16;-1.15;05/09/2026;09:00;23.4;0;SOLEIL;2;0;0
La Rochelle;46.16;-1.15;05/09/2026;10:00;23.4;0;SOLEIL;2;0;0
La Rochelle;46.16;-1.15;05/09/2026;11:00;30.2;0;SOLEIL;2;0;0
La Rochelle;46.16;-1.15;05/09/2026;12:00;30.2;0;SOLEIL;2;0;0
La Rochelle;46.16;-1.15;05/09/2026;13:00;30.2;0;SOLEIL;2;0;0
La Rochelle;46.16;-1.15;05/09/2026;14:00;32.6;0;SOLEIL;2;0;0
La Rochelle;46.16;-1.15;05/09/2026;15:00;32.6;0;SOLEIL;2;0;0
La Rochelle;46.16;-1.15;05/09/2026;16:00;32.6;0;SOLEIL;2;0;0
La Rochelle;46.16;-1.15;05/09/2026;17:00;31.9;0;SOLEIL;3;0;0
La Rochelle;46.16;-1.15;05/09/2026;18:00;31.9;0;SOLEIL;3;0;0
La Rochelle;46.16;-1.15;05/09/2026;19:00;31.9;0;SOLEIL;3;0;0
La Rochelle;46.16;-1.15;05/09/2026;20:00;25.2;0;SOLEIL;3;0;0
La Rochelle;46.16;-1.15;05/09/2026;21:00;25.2;0;SOLEIL;3;0;0
La Rochelle;46.16;-1.15;05/09/2026;22:00;25.2;0;SOLEIL;3;0;0
La Rochelle;46.16;-1.15;05/09/2026;23:00;22.4;0;SOLEIL;3;0;0
La Rochelle;46.16;-1.15;06/09/2026;00:00;22.4;0;SOLEIL;3;0;0
La Rochelle;46.16;-1.15;06/09/2026;01:00;22.4;0;SOLEIL;3;0;0
La Rochelle;46.16;-1.15;06/09/2026;02:00;19.1;0;SOLEIL;3;0;0
La Rochelle;46.16;-1.15;06/09/2026;03:00;19.1;0;SOLEIL;3;0;0
La Rochelle;46.16;-1.15;06/09/2026;04:00;19.1;0;SOLEIL;3;0;0
La Rochelle;46.16;-1.15;06/09/2026;05:00;19;0;SOLEIL;2;0;0
La Rochelle;46.16;-1.15;06/09/2026;06:00;19;0;SOLEIL;2;0;0
La Rochelle;46.16;-1.15;06/09/2026;07:00;19;0;SOLEIL;2;0;0
La Rochelle;46.16;-1.15;06/09/2026;08:00;28.6;0;SOLEIL;2;0;0
La Rochelle;46.16;-1.15;06/09/2026;09:00;28.6;0;SOLEIL;2;0;0
La Rochelle;46.16;-1.15;06/09/2026;10:00;28.6;0;SOLEIL;2;0;0
La Rochelle;46.16;-1.15;06/09/2026;11:00;35.4;0;SOLEIL;3;0;0
La Rochelle;46.16;-1.15;06/09/2026;12:00;35.4;0;SOLEIL;3;0;0
La Rochelle;46.16;-1.15;06/09/2026;13:00;35.4;0;SOLEIL;3;0;0
La Rochelle;46.16;-1.15;06/09/2026;14:00;36.9;0;SOLEIL;3;0;0
La Rochelle;46.16;-1.15;06/09/2026;15:00;36.9;0;SOLEIL;3;0;0
La Rochelle;46.16;-1.15;06/09/2026;16:00;36.9;0;SOLEIL;3;0;0
La Rochelle;46.16;-1.15;06/09/2026;17:00;34;0;SOLEIL;3;0;0
La Rochelle;46.16;-1.15;06/09/2026;18:00;34;0;SOLEIL;3;0;0
La Rochelle;46.16;-1.15;06/09/2026;19:00;34;0;SOLEIL;3;0;0
La Rochelle;46.16;-1.15;06/09/2026;20:00;26.8;0;SOLEIL;5;0;0
La Rochelle;46.16;-1.15;06/09/2026;21:00;24.5;0;SOLEIL;5;0;0
La Rochelle;46.16;-1.15;06/09/2026;22:00;22.2;0;SOLEIL;5;0;0
La Rochelle;46.16;-1.15;06/09/2026;23:00;22.5;0;SOLEIL;3;0;0
La Rochelle;46.16;-1.15;07/09/2026;00:00;22.5;0;SOLEIL;3;0;0
La Rochelle;46.16;-1.15;07/09/2026;01:00;22.5;0;SOLEIL;3;0;0
La Rochelle;46.16;-1.15;07/09/2026;02:00;19.1;2;NUAGEUX;5;0;0
La Rochelle;46.16;-1.15;07/09/2026;03:00;19.1;2;NUAGEUX;5;0;0
La Rochelle;46.16;-1.15;07/09/2026;04:00;19.1;2;NUAGEUX;5;0;0
La Rochelle;46.16;-1.15;07/09/2026;05:00;20.1;2;NUAGEUX;3;0;0
La Rochelle;46.16;-1.15;07/09/2026;06:00;20.1;2;NUAGEUX;3;0;0
La Rochelle;46.16;-1.15;07/09/2026;07:00;20.1;2;NUAGEUX;3;0;0
La Rochelle;46.16;-1.15;07/09/2026;08:00;21.9;2;NUAGEUX;5;0;0
La Rochelle;46.16;-1.15;07/09/2026;09:00;23.3;2;NUAGEUX;5;0;0
La Rochelle;46.16;-1.15;07/09/2026;10:00;24.7;2;NUAGEUX;5;0;0
La Rochelle;46.16;-1.15;07/09/2026;11:00;29;2;NUAGEUX;3;0;0
La Rochelle;46.16;-1.15;07/09/2026;12:00;29;2;NUAGEUX;3;0;0
La Rochelle;46.16;-1.15;07/09/2026;13:00;29;2;NUAGEUX;3;0;0
La Rochelle;46.16;-1.15;07/09/2026;14:00;30.3;2;NUAGEUX;5;0;0
La Rochelle;46.16;-1.15;07/09/2026;15:00;31.7;2;NUAGEUX;5;0;0
La Rochelle;46.16;-1.15;07/09/2026;16:00;30.3;2;NUAGEUX;5;0;0
La Rochelle;46.16;-1.15;07/09/2026;17:00;28.2;0;SOLEIL;4;0;0
La Rochelle;46.16;-1.15;07/09/2026;18:00;28.2;0;SOLEIL;4;0;0
La Rochelle;46.16;-1.15;07/09/2026;19:00;28.2;0;SOLEIL;4;0;0
La Rochelle;46.16;-1.15;07/09/2026;20:00;24.7;2;NUAGEUX;5;0;0
La Rochelle;46.16;-1.15;07/09/2026;21:00;23.3;2;NUAGEUX;5;0;0
La Rochelle;46.16;-1.15;07/09/2026;22:00;21.9;2;NUAGEUX;5;0;0
La Rochelle;46.16;-1.15;07/09/2026;23:00;18.7;0;SOLEIL;2;0;0
La Rochelle;46.16;-1.15;08/09/2026;00:00;18.7;0;SOLEIL;2;0;0
La Rochelle;46.16;-1.15;08/09/2026;01:00;18.7;0;SOLEIL;2;0;0
La Rochelle;46.16;-1.15;08/09/2026;02:00;15.5;2;NUAGEUX;5;0;0
La Rochelle;46.16;-1.15;08/09/2026;03:00;15.5;2;NUAGEUX;5;0;0
La Rochelle;46.16;-1.15;08/09/2026;04:00;15.5;2;NUAGEUX;5;0;0
La Rochelle;46.16;-1.15;08/09/2026;05:00;16.5;2;NUAGEUX;2;0;0
La Rochelle;46.16;-1.15;08/09/2026;06:00;16.5;2;NUAGEUX;2;0;0
La Rochelle;46.16;-1.15;08/09/2026;07:00;16.5;2;NUAGEUX;2;0;0
La Rochelle;46.16;-1.15;08/09/2026;08:00;18.0;2;NUAGEUX;5;0;0
La Rochelle;46.16;-1.15;08/09/2026;09:00;19.3;2;NUAGEUX;5;0;0
La Rochelle;46.16;-1.15;08/09/2026;10:00;20.6;2;NUAGEUX;5;0;0
La Rochelle;46.16;-1.15;08/09/2026;11:00;25.2;2;NUAGEUX;4;0;0
La Rochelle;46.16;-1.15;08/09/2026;12:00;25.2;2;NUAGEUX;4;0;0
La Rochelle;46.16;-1.15;08/09/2026;13:00;25.2;2;NUAGEUX;4;0;0
La Rochelle;46.16;-1.15;08/09/2026;14:00;25.6;2;NUAGEUX;5;0;0
La Rochelle;46.16;-1.15;08/09/2026;15:00;26.9;2;NUAGEUX;5;0;0
La Rochelle;46.16;-1.15;08/09/2026;16:00;25.6;2;NUAGEUX;5;0;0
La Rochelle;46.16;-1.15;08/09/2026;17:00;23.1;2;NUAGEUX;4;0;0
La Rochelle;46.16;-1.15;08/09/2026;18:00;23.1;2;NUAGEUX;4;0;0
La Rochelle;46.16;-1.15;08/09/2026;19:00;23.1;2;NUAGEUX;4;0;0
La Rochelle;46.16;-1.15;08/09/2026;20:00;20.6;2;NUAGEUX;5;0;0
La Rochelle;46.16;-1.15;08/09/2026;21:00;19.3;2;NUAGEUX;5;0;0
La Rochelle;46.16;-1.15;08/09/2026;22:00;18.0;2;NUAGEUX;5;0;0
La Rochelle;46.16;-1.15;08/09/2026;23:00;17.5;0;SOLEIL;3;0;0
Pons;45.58;-0.55;04/09/2026;00:00;17.9;0;SOLEIL;2;0;0
Pons;45.58;-0.55;04/09/2026;01:00;17.6;0;SOLEIL;2;0;0
Pons;45.58;-0.55;04/09/2026;02:00;17.7;0;SOLEIL;2;0;0
Pons;45.58;-0.55;04/09/2026;03:00;17.4;0;SOLEIL;2;0;0
Pons;45.58;-0.55;04/09/2026;04:00;16.6;0;SOLEIL;2;0;0
Pons;45.58;-0.55;04/09/2026;05:00;16.9;0;SOLEIL;2;0;0
Pons;45.58;-0.55;04/09/2026;06:00;16.7;2;NUAGEUX;2;0;0
Pons;45.58;-0.55;04/09/2026;07:00;18;2;NUAGEUX;2;0;0
Pons;45.58;-0.55;04/09/2026;08:00;20.4;0;SOLEIL;2;0;0
Pons;45.58;-0.55;04/09/2026;09:00;22.1;0;SOLEIL;2;0;0
Pons;45.58;-0.55;04/09/2026;10:00;25.2;0;SOLEIL;3;0;0
Pons;45.58;-0.55;04/09/2026;11:00;25.4;0;SOLEIL;3;0;0
Pons;45.58;-0.55;04/09/2026;12:00;24.6;0;SOLEIL;3;0;0
Pons;45.58;-0.55;04/09/2026;13:00;26;0;SOLEIL;3;0;0
Pons;45.58;-0.55;04/09/2026;14:00;26.2;0;SOLEIL;3;0;0
Pons;45.58;-0.55;04/09/2026;15:00;24;0;SOLEIL;4;0;0
Pons;45.58;-0.55;04/09/2026;16:00;24.6;0;SOLEIL;4;0;0
Pons;45.58;-0.55;04/09/2026;17:00;23.4;0;SOLEIL;4;0;0
Pons;45.58;-0.55;04/09/2026;18:00;21.6;0;SOLEIL;4;0;0
Pons;45.58;-0.55;04/09/2026;19:00;21.2;0;SOLEIL;4;0;0
Pons;45.58;-0.55;04/09/2026;20:00;20.6;0;SOLEIL;4;0;0
Pons;45.58;-0.55;04/09/2026;21:00;20.1;0;SOLEIL;4;0;0
Pons;45.58;-0.55;04/09/2026;22:00;20.1;0;SOLEIL;4;0;0
Pons;45.58;-0.55;04/09/2026;23:00;19.5;0;SOLEIL;4;0;0
Pons;45.58;-0.55;05/09/2026;00:00;19.1;0;SOLEIL;3;0;0
Pons;45.58;-0.55;05/09/2026;01:00;19.1;0;SOLEIL;3;0;0
Pons;45.58;-0.55;05/09/2026;02:00;18.1;0;SOLEIL;3;0;0
Pons;45.58;-0.55;05/09/2026;03:00;18.1;0;SOLEIL;3;0;0
Pons;45.58;-0.55;05/09/2026;04:00;18.1;0;SOLEIL;3;0;0
Pons;45.58;-0.55;05/09/2026;05:00;18.2;0;SOLEIL;3;0;0
Pons;45.58;-0.55;05/09/2026;06:00;18.2;0;SOLEIL;3;0;0
Pons;45.58;-0.55;05/09/2026;07:00;18.2;0;SOLEIL;3;0;0
Pons;45.58;-0.55;05/09/2026;08:00;22.6;0;SOLEIL;3;0;0
Pons;45.58;-0.55;05/09/2026;09:00;22.6;0;SOLEIL;3;0;0
Pons;45.58;-0.55;05/09/2026;10:00;22.6;0;SOLEIL;3;0;0
Pons;45.58;-0.55;05/09/2026;11:00;26.1;0;SOLEIL;3;0;0
Pons;45.58;-0.55;05/09/2026;12:00;26.1;0;SOLEIL;3;0;0
Pons;45.58;-0.55;05/09/2026;13:00;26.1;0;SOLEIL;3;0;0
Pons;45.58;-0.55;05/09/2026;14:00;27.6;0;SOLEIL;3;0;0
Pons;45.58;-0.55;05/09/2026;15:00;27.6;0;SOLEIL;3;0;0
Pons;45.58;-0.55;05/09/2026;16:00;27.6;0;SOLEIL;3;0;0
Pons;45.58;-0.55;05/09/2026;17:00;25.9;0;SOLEIL;4;0;0
Pons;45.58;-0.55;05/09/2026;18:00;25.9;0;SOLEIL;4;0;0
Pons;45.58;-0.55;05/09/2026;19:00;25.9;0;SOLEIL;4;0;0
Pons;45.58;-0.55;05/09/2026;20:00;22.6;0;SOLEIL;4;0;0
Pons;45.58;-0.55;05/09/2026;21:00;22.6;0;SOLEIL;4;0;0
Pons;45.58;-0.55;05/09/2026;22:00;22.6;0;SOLEIL;4;0;0
Pons;45.58;-0.55;05/09/2026;23:00;20.6;0;SOLEIL;5;0;0
Pons;45.58;-0.55;06/09/2026;00:00;20.6;0;SOLEIL;5;0;0
Pons;45.58;-0.55;06/09/2026;01:00;20.6;0;SOLEIL;5;0;0
Pons;45.58;-0.55;06/09/2026;02:00;19.9;0;SOLEIL;5;0;0
Pons;45.58;-0.55;06/09/2026;03:00;19.9;0;SOLEIL;5;0;0
Pons;45.58;-0.55;06/09/2026;04:00;19.9;0;SOLEIL;5;0;0
Pons;45.58;-0.55;06/09/2026;05:00;20.4;0;SOLEIL;5;0;0
Pons;45.58;-0.55;06/09/2026;06:00;20.4;0;SOLEIL;5;0;0
Pons;45.58;-0.55;06/09/2026;07:00;20.4;0;SOLEIL;5;0;0
Pons;45.58;-0.55;06/09/2026;08:00;25.6;5;SOLEIL VOILÉ;5;0;0
Pons;45.58;-0.55;06/09/2026;09:00;25.6;5;SOLEIL VOILÉ;5;0;0
Pons;45.58;-0.55;06/09/2026;10:00;25.6;5;SOLEIL VOILÉ;5;0;0
Pons;45.58;-0.55;06/09/2026;11:00;30.7;0;SOLEIL;3;0;0
Pons;45.58;-0.55;06/09/2026;12:00;30.7;0;SOLEIL;3;0;0
Pons;45.58;-0.55;06/09/2026;13:00;30.7;0;SOLEIL;3;0;0
Pons;45.58;-0.55;06/09/2026;14:00;28.9;0;SOLEIL;5;0;0
Pons;45.58;-0.55;06/09/2026;15:00;28.9;0;SOLEIL;5;0;0
Pons;45.58;-0.55;06/09/2026;16:00;28.9;0;SOLEIL;5;0;0
Pons;45.58;-0.55;06/09/2026;17:00;24.7;0;SOLEIL;5;0;0
Pons;45.58;-0.55;06/09/2026;18:00;24.7;0;SOLEIL;5;0;0
Pons;45.58;-0.55;06/09/2026;19:00;24.7;0;SOLEIL;5;0;0
Pons;45.58;-0.55;06/09/2026;20:00;24.9;0;SOLEIL;5;0;0
Pons;45.58;-0.55;06/09/2026;21:00;23.4;0;SOLEIL;5;0;0
Pons;45.58;-0.55;06/09/2026;22:00;22.0;0;SOLEIL;5;0;0
Pons;45.58;-0.55;06/09/2026;23:00;21.4;0;SOLEIL;5;0;0
Pons;45.58;-0.55;07/09/2026;00:00;21.4;0;SOLEIL;5;0;0
Pons;45.58;-0.55;07/09/2026;01:00;21.4;0;SOLEIL;5;0;0
Pons;45.58;-0.55;07/09/2026;02:00;19.4;2;NUAGEUX;5;0;0
Pons;45.58;-0.55;07/09/2026;03:00;19.4;2;NUAGEUX;5;0;0
Pons;45.58;-0.55;07/09/2026;04:00;19.4;2;NUAGEUX;5;0;0
Pons;45.58;-0.55;07/09/2026;05:00;20.2;2;NUAGEUX;4;0;0
Pons;45.58;-0.55;07/09/2026;06:00;20.2;2;NUAGEUX;4;0;0
Pons;45.58;-0.55;07/09/2026;07:00;20.2;2;NUAGEUX;4;0;0
Pons;45.58;-0.55;07/09/2026;08:00;20.6;2;NUAGEUX;5;0;0
Pons;45.58;-0.55;07/09/2026;09:00;21.3;2;NUAGEUX;5;0;0
Pons;45.58;-0.55;07/09/2026;10:00;21.9;2;NUAGEUX;5;0;0
Pons;45.58;-0.55;07/09/2026;11:00;23.9;2;NUAGEUX;6;0;0
Pons;45.58;-0.55;07/09/2026;12:00;23.9;2;NUAGEUX;6;0;0
Pons;45.58;-0.55;07/09/2026;13:00;23.9;2;NUAGEUX;6;0;0
Pons;45.58;-0.55;07/09/2026;14:00;24.4;2;NUAGEUX;5;0;0
Pons;45.58;-0.55;07/09/2026;15:00;25.0;2;NUAGEUX;5;0;0
Pons;45.58;-0.55;07/09/2026;16:00;24.4;2;NUAGEUX;5;0;0
Pons;45.58;-0.55;07/09/2026;17:00;21.5;0;SOLEIL;6;0;0
Pons;45.58;-0.55;07/09/2026;18:00;21.5;0;SOLEIL;6;0;0
Pons;45.58;-0.55;07/09/2026;19:00;21.5;0;SOLEIL;6;0;0
Pons;45.58;-0.55;07/09/2026;20:00;21.9;2;NUAGEUX;5;0;0
Pons;45.58;-0.55;07/09/2026;21:00;21.3;2;NUAGEUX;5;0;0
Pons;45.58;-0.55;07/09/2026;22:00;20.6;2;NUAGEUX;5;0;0
Pons;45.58;-0.55;07/09/2026;23:00;19.6;2;NUAGEUX;4;0;0
Pons;45.58;-0.55;08/09/2026;00:00;19.6;2;NUAGEUX;4;0;0
Pons;45.58;-0.55;08/09/2026;01:00;19.6;2;NUAGEUX;4;0;0
Pons;45.58;-0.55;08/09/2026;02:00;16.9;7;PLUIE FAIBLE;5;0;0
Pons;45.58;-0.55;08/09/2026;03:00;16.9;7;PLUIE FAIBLE;5;0;0
Pons;45.58;-0.55;08/09/2026;04:00;16.9;7;PLUIE FAIBLE;5;0;0
Pons;45.58;-0.55;08/09/2026;05:00;17.5;2;NUAGEUX;4;0;0
Pons;45.58;-0.55;08/09/2026;06:00;17.5;2;NUAGEUX;4;0;0
Pons;45.58;-0.55;08/09/2026;07:00;17.5;2;NUAGEUX;4;0;0
Pons;45.58;-0.55;08/09/2026;08:00;18.2;7;PLUIE FAIBLE;5;0;0
Pons;45.58;-0.55;08/09/2026;09:00;18.8;7;PLUIE FAIBLE;5;0;0
Pons;45.58;-0.55;08/09/2026;10:00;19.5;7;PLUIE FAIBLE;5;0;0
Pons;45.58;-0.55;08/09/2026;11:00;22.1;2;NUAGEUX;6;0;0
Pons;45.58;-0.55;08/09/2026;12:00;22.1;2;NUAGEUX;6;0;0
Pons;45.58;-0.55;08/09/2026;13:00;22.1;2;NUAGEUX;6;0;0
Pons;45.58;-0.55;08/09/2026;14:00;22.1;7;PLUIE FAIBLE;5;0;0
Pons;45.58;-0.55;08/09/2026;15:00;22.7;7;PLUIE FAIBLE;5;0;0
Pons;45.58;-0.55;08/09/2026;16:00;22.1;7;PLUIE FAIBLE;5;0;0
Pons;45.58;-0.55;08/09/2026;17:00;20.5;7;PLUIE FAIBLE;6;0;0
Pons;45.58;-0.55;08/09/2026;18:00;20.5;7;PLUIE FAIBLE;6;0;0
Pons;45.58;-0.55;08/09/2026;19:00;20.5;7;PLUIE FAIBLE;6;0;0
Pons;45.58;-0.55;08/09/2026;20:00;19.5;7;PLUIE FAIBLE;5;0;0
Pons;45.58;-0.55;08/09/2026;21:00;18.8;7;PLUIE FAIBLE;5;0;0
Pons;45.58;-0.55;08/09/2026;22:00;18.2;7;PLUIE FAIBLE;5;0;0
Pons;45.58;-0.55;08/09/2026;23:00;19;7;PLUIE FAIBLE;7;11;0
Brive-la-Gaillarde;45.15;1.53;04/09/2026;00:00;18.4;0;SOLEIL;2;0;0
Brive-la-Gaillarde;45.15;1.53;04/09/2026;01:00;17.6;0;SOLEIL;1;0;0
Brive-la-Gaillarde;45.15;1.53;04/09/2026;02:00;17;0;SOLEIL;2;0;0
Brive-la-Gaillarde;45.15;1.53;04/09/2026;03:00;16.4;0;SOLEIL;1;0;0
Brive-la-Gaillarde;45.15;1.53;04/09/2026;04:00;15.9;0;SOLEIL;1;0;0
Brive-la-Gaillarde;45.15;1.53;04/09/2026;05:00;15.6;0;SOLEIL;1;0;0
Brive-la-Gaillarde;45.15;1.53;04/09/2026;06:00;15.6;0;SOLEIL;1;0;0
Brive-la-Gaillarde;45.15;1.53;04/09/2026;07:00;17.7;0;SOLEIL;1;0;0
Brive-la-Gaillarde;45.15;1.53;04/09/2026;08:00;20.6;0;SOLEIL;1;0;0
Brive-la-Gaillarde;45.15;1.53;04/09/2026;09:00;24.2;0;SOLEIL;0;0;0
Brive-la-Gaillarde;45.15;1.53;04/09/2026;10:00;28.1;0;SOLEIL;1;0;0
Brive-la-Gaillarde;45.15;1.53;04/09/2026;11:00;30;0;SOLEIL;2;0;0
Brive-la-Gaillarde;45.15;1.53;04/09/2026;12:00;31.5;0;SOLEIL;2;0;0
Brive-la-Gaillarde;45.15;1.53;04/09/2026;13:00;32.6;0;SOLEIL;3;0;0
Brive-la-Gaillarde;45.15;1.53;04/09/2026;14:00;33;0;SOLEIL;4;0;0
Brive-la-Gaillarde;45.15;1.53;04/09/2026;15:00;32.6;0;SOLEIL;4;0;0
Brive-la-Gaillarde;45.15;1.53;04/09/2026;16:00;31.7;0;SOLEIL;4;0;0
Brive-la-Gaillarde;45.15;1.53;04/09/2026;17:00;30.5;0;SOLEIL;4;0;0
Brive-la-Gaillarde;45.15;1.53;04/09/2026;18:00;27.9;0;SOLEIL;4;0;0
Brive-la-Gaillarde;45.15;1.53;04/09/2026;19:00;25;0;SOLEIL;3;0;0
Brive-la-Gaillarde;45.15;1.53;04/09/2026;20:00;23;0;SOLEIL;3;0;0
Brive-la-Gaillarde;45.15;1.53;04/09/2026;21:00;21.1;0;SOLEIL;3;0;0
Brive-la-Gaillarde;45.15;1.53;04/09/2026;22:00;20.1;0;SOLEIL;3;0;0
Brive-la-Gaillarde;45.15;1.53;04/09/2026;23:00;19.4;0;SOLEIL;3;0;0
Brive-la-Gaillarde;45.15;1.53;05/09/2026;00:00;18.4;0;SOLEIL;3;0;0
Brive-la-Gaillarde;45.15;1.53;05/09/2026;01:00;18.4;0;SOLEIL;3;0;0
Brive-la-Gaillarde;45.15;1.53;05/09/2026;02:00;17.1;0;SOLEIL;2;0;0
Brive-la-Gaillarde;45.15;1.53;05/09/2026;03:00;17.1;0;SOLEIL;2;0;0
Brive-la-Gaillarde;45.15;1.53;05/09/2026;04:00;17.1;0;SOLEIL;2;0;0
Brive-la-Gaillarde;45.15;1.53;05/09/2026;05:00;17;0;SOLEIL;2;0;0
Brive-la-Gaillarde;45.15;1.53;05/09/2026;06:00;17;0;SOLEIL;2;0;0
Brive-la-Gaillarde;45.15;1.53;05/09/2026;07:00;17;0;SOLEIL;2;0;0
Brive-la-Gaillarde;45.15;1.53;05/09/2026;08:00;23.4;0;SOLEIL;2;0;0
Brive-la-Gaillarde;45.15;1.53;05/09/2026;09:00;23.4;0;SOLEIL;2;0;0
Brive-la-Gaillarde;45.15;1.53;05/09/2026;10:00;23.4;0;SOLEIL;2;0;0
Brive-la-Gaillarde;45.15;1.53;05/09/2026;11:00;29.4;0;SOLEIL;2;0;0
Brive-la-Gaillarde;45.15;1.53;05/09/2026;12:00;29.4;0;SOLEIL;2;0;0
Brive-la-Gaillarde;45.15;1.53;05/09/2026;13:00;29.4;0;SOLEIL;2;0;0
Brive-la-Gaillarde;45.15;1.53;05/09/2026;14:00;31.4;0;SOLEIL;3;0;0
Brive-la-Gaillarde;45.15;1.53;05/09/2026;15:00;31.4;0;SOLEIL;3;0;0
Brive-la-Gaillarde;45.15;1.53;05/09/2026;16:00;31.4;0;SOLEIL;3;0;0
Brive-la-Gaillarde;45.15;1.53;05/09/2026;17:00;29.1;0;SOLEIL;3;0;0
Brive-la-Gaillarde;45.15;1.53;05/09/2026;18:00;29.1;0;SOLEIL;3;0;0
Brive-la-Gaillarde;45.15;1.53;05/09/2026;19:00;29.1;0;SOLEIL;3;0;0
Brive-la-Gaillarde;45.15;1.53;05/09/2026;20:00;23.9;0;SOLEIL;4;0;0
Brive-la-Gaillarde;45.15;1.53;05/09/2026;21:00;23.9;0;SOLEIL;4;0;0
Brive-la-Gaillarde;45.15;1.53;05/09/2026;22:00;23.9;0;SOLEIL;4;0;0
Brive-la-Gaillarde;45.15;1.53;05/09/2026;23:00;21.4;0;SOLEIL;4;0;0
Brive-la-Gaillarde;45.15;1.53;06/09/2026;00:00;21.4;0;SOLEIL;4;0;0
Brive-la-Gaillarde;45.15;1.53;06/09/2026;01:00;21.4;0;SOLEIL;4;0;0
Brive-la-Gaillarde;45.15;1.53;06/09/2026;02:00;19.6;0;SOLEIL;4;0;0
Brive-la-Gaillarde;45.15;1.53;06/09/2026;03:00;19.6;0;SOLEIL;4;0;0
Brive-la-Gaillarde;45.15;1.53;06/09/2026;04:00;19.6;0;SOLEIL;4;0;0
Brive-la-Gaillarde;45.15;1.53;06/09/2026;05:00;20.4;0;SOLEIL;4;0;0
Brive-la-Gaillarde;45.15;1.53;06/09/2026;06:00;20.4;0;SOLEIL;4;0;0
Brive-la-Gaillarde;45.15;1.53;06/09/2026;07:00;20.4;0;SOLEIL;4;0;0
Brive-la-Gaillarde;45.15;1.53;06/09/2026;08:00;26.7;5;SOLEIL VOILÉ;3;0;0
Brive-la-Gaillarde;45.15;1.53;06/09/2026;09:00;26.7;5;SOLEIL VOILÉ;3;0;0
Brive-la-Gaillarde;45.15;1.53;06/09/2026;10:00;26.7;5;SOLEIL VOILÉ;3;0;0
Brive-la-Gaillarde;45.15;1.53;06/09/2026;11:00;34.6;0;SOLEIL;3;0;0
Brive-la-Gaillarde;45.15;1.53;06/09/2026;12:00;34.6;0;SOLEIL;3;0;0
Brive-la-Gaillarde;45.15;1.53;06/09/2026;13:00;34.6;0;SOLEIL;3;0;0
Brive-la-Gaillarde;45.15;1.53;06/09/2026;14:00;35.1;0;SOLEIL;4;0;0
Brive-la-Gaillarde;45.15;1.53;06/09/2026;15:00;35.1;0;SOLEIL;4;0;0
Brive-la-Gaillarde;45.15;1.53;06/09/2026;16:00;35.1;0;SOLEIL;4;0;0
Brive-la-Gaillarde;45.15;1.53;06/09/2026;17:00;27.7;0;SOLEIL;4;0;0
Brive-la-Gaillarde;45.15;1.53;06/09/2026;18:00;27.7;0;SOLEIL;4;0;0
Brive-la-Gaillarde;45.15;1.53;06/09/2026;19:00;27.7;0;SOLEIL;4;0;0
Brive-la-Gaillarde;45.15;1.53;06/09/2026;20:00;26.9;0;SOLEIL;5;0;0
Brive-la-Gaillarde;45.15;1.53;06/09/2026;21:00;24.9;0;SOLEIL;5;0;0
Brive-la-Gaillarde;45.15;1.53;06/09/2026;22:00;22.8;0;SOLEIL;5;0;0
Brive-la-Gaillarde;45.15;1.53;06/09/2026;23:00;21.6;0;SOLEIL;3;0;0
Brive-la-Gaillarde;45.15;1.53;07/09/2026;00:00;21.6;0;SOLEIL;3;0;0
Brive-la-Gaillarde;45.15;1.53;07/09/2026;01:00;21.6;0;SOLEIL;3;0;0
Brive-la-Gaillarde;45.15;1.53;07/09/2026;02:00;18.5;2;NUAGEUX;5;0;0
Brive-la-Gaillarde;45.15;1.53;07/09/2026;03:00;18.5;2;NUAGEUX;5;0;0
Brive-la-Gaillarde;45.15;1.53;07/09/2026;04:00;18.5;2;NUAGEUX;5;0;0
Brive-la-Gaillarde;45.15;1.53;07/09/2026;05:00;19.2;2;NUAGEUX;2;0;0
Brive-la-Gaillarde;45.15;1.53;07/09/2026;06:00;19.2;2;NUAGEUX;2;0;0
Brive-la-Gaillarde;45.15;1.53;07/09/2026;07:00;19.2;2;NUAGEUX;2;0;0
Brive-la-Gaillarde;45.15;1.53;07/09/2026;08:00;20.7;2;NUAGEUX;5;0;0
Brive-la-Gaillarde;45.15;1.53;07/09/2026;09:00;21.9;2;NUAGEUX;5;0;0
Brive-la-Gaillarde;45.15;1.53;07/09/2026;10:00;23.0;2;NUAGEUX;5;0;0
Brive-la-Gaillarde;45.15;1.53;07/09/2026;11:00;26.9;2;NUAGEUX;4;0;0
Brive-la-Gaillarde;45.15;1.53;07/09/2026;12:00;26.9;2;NUAGEUX;4;0;0
Brive-la-Gaillarde;45.15;1.53;07/09/2026;13:00;26.9;2;NUAGEUX;4;0;0
Brive-la-Gaillarde;45.15;1.53;07/09/2026;14:00;27.5;2;NUAGEUX;5;0;0
Brive-la-Gaillarde;45.15;1.53;07/09/2026;15:00;28.6;2;NUAGEUX;5;0;0
Brive-la-Gaillarde;45.15;1.53;07/09/2026;16:00;27.5;2;NUAGEUX;5;0;0
Brive-la-Gaillarde;45.15;1.53;07/09/2026;17:00;24.1;0;SOLEIL;4;0;0
Brive-la-Gaillarde;45.15;1.53;07/09/2026;18:00;24.1;0;SOLEIL;4;0;0
Brive-la-Gaillarde;45.15;1.53;07/09/2026;19:00;24.1;0;SOLEIL;4;0;0
Brive-la-Gaillarde;45.15;1.53;07/09/2026;20:00;23.0;2;NUAGEUX;5;0;0
Brive-la-Gaillarde;45.15;1.53;07/09/2026;21:00;21.9;2;NUAGEUX;5;0;0
Brive-la-Gaillarde;45.15;1.53;07/09/2026;22:00;20.7;2;NUAGEUX;5;0;0
Brive-la-Gaillarde;45.15;1.53;07/09/2026;23:00;17.7;0;SOLEIL;2;0;0
Brive-la-Gaillarde;45.15;1.53;08/09/2026;00:00;17.7;0;SOLEIL;2;0;0
Brive-la-Gaillarde;45.15;1.53;08/09/2026;01:00;17.7;0;SOLEIL;2;0;0
Brive-la-Gaillarde;45.15;1.53;08/09/2026;02:00;15.2;2;NUAGEUX;5;0;0
Brive-la-Gaillarde;45.15;1.53;08/09/2026;03:00;15.2;2;NUAGEUX;5;0;0
Brive-la-Gaillarde;45.15;1.53;08/09/2026;04:00;15.2;2;NUAGEUX;5;0;0
Brive-la-Gaillarde;45.15;1.53;08/09/2026;05:00;16.1;2;NUAGEUX;2;0;0
Brive-la-Gaillarde;45.15;1.53;08/09/2026;06:00;16.1;2;NUAGEUX;2;0;0
Brive-la-Gaillarde;45.15;1.53;08/09/2026;07:00;16.1;2;NUAGEUX;2;0;0
Brive-la-Gaillarde;45.15;1.53;08/09/2026;08:00;17.4;2;NUAGEUX;5;0;0
Brive-la-Gaillarde;45.15;1.53;08/09/2026;09:00;18.5;2;NUAGEUX;5;0;0
Brive-la-Gaillarde;45.15;1.53;08/09/2026;10:00;19.6;2;NUAGEUX;5;0;0
Brive-la-Gaillarde;45.15;1.53;08/09/2026;11:00;24.1;2;NUAGEUX;4;0;0
Brive-la-Gaillarde;45.15;1.53;08/09/2026;12:00;24.1;2;NUAGEUX;4;0;0
Brive-la-Gaillarde;45.15;1.53;08/09/2026;13:00;24.1;2;NUAGEUX;4;0;0
Brive-la-Gaillarde;45.15;1.53;08/09/2026;14:00;24.1;2;NUAGEUX;5;0;0
Brive-la-Gaillarde;45.15;1.53;08/09/2026;15:00;25.2;2;NUAGEUX;5;0;0
Brive-la-Gaillarde;45.15;1.53;08/09/2026;16:00;24.1;2;NUAGEUX;5;0;0
Brive-la-Gaillarde;45.15;1.53;08/09/2026;17:00;21.5;2;NUAGEUX;4;0;0
Brive-la-Gaillarde;45.15;1.53;08/09/2026;18:00;21.5;2;NUAGEUX;4;0;0
Brive-la-Gaillarde;45.15;1.53;08/09/2026;19:00;21.5;2;NUAGEUX;4;0;0
Brive-la-Gaillarde;45.15;1.53;08/09/2026;20:00;19.6;2;NUAGEUX;5;0;0
Brive-la-Gaillarde;45.15;1.53;08/09/2026;21:00;18.5;2;NUAGEUX;5;0;0
Brive-la-Gaillarde;45.15;1.53;08/09/2026;22:00;17.4;2;NUAGEUX;5;0;0
Brive-la-Gaillarde;45.15;1.53;08/09/2026;23:00;17.1;0;SOLEIL;3;0;0
Tulle;45.26;1.77;04/09/2026;00:00;18.1;0;SOLEIL;1;0;0
Tulle;45.26;1.77;04/09/2026;01:00;17.6;0;SOLEIL;1;0;0
Tulle;45.26;1.77;04/09/2026;02:00;16.5;0;SOLEIL;0;0;0
Tulle;45.26;1.77;04/09/2026;03:00;15.9;0;SOLEIL;1;0;0
Tulle;45.26;1.77;04/09/2026;04:00;15.1;0;SOLEIL;0;0;0
Tulle;45.26;1.77;04/09/2026;05:00;14.4;0;SOLEIL;0;0;0
Tulle;45.26;1.77;04/09/2026;06:00;14.9;0;SOLEIL;0;0;0
Tulle;45.26;1.77;04/09/2026;07:00;17.6;0;SOLEIL;0;0;0
Tulle;45.26;1.77;04/09/2026;08:00;20.9;0;SOLEIL;0;0;0
Tulle;45.26;1.77;04/09/2026;09:00;24.2;0;SOLEIL;0;0;0
Tulle;45.26;1.77;04/09/2026;10:00;27.6;0;SOLEIL;1;0;0
Tulle;45.26;1.77;04/09/2026;11:00;29.4;0;SOLEIL;2;0;0
Tulle;45.26;1.77;04/09/2026;12:00;31.2;0;SOLEIL;2;0;0
Tulle;45.26;1.77;04/09/2026;13:00;33.2;0;SOLEIL;2;0;0
Tulle;45.26;1.77;04/09/2026;14:00;34.1;0;SOLEIL;3;0;0
Tulle;45.26;1.77;04/09/2026;15:00;35.1;0;SOLEIL;2;0;0
Tulle;45.26;1.77;04/09/2026;16:00;35.9;0;SOLEIL;3;0;0
Tulle;45.26;1.77;04/09/2026;17:00;34.7;0;SOLEIL;3;0;0
Tulle;45.26;1.77;04/09/2026;18:00;30.9;0;SOLEIL;3;0;0
Tulle;45.26;1.77;04/09/2026;19:00;28.1;0;SOLEIL;2;0;0
Tulle;45.26;1.77;04/09/2026;20:00;25;0;SOLEIL;1;0;0
Tulle;45.26;1.77;04/09/2026;21:00;22.9;0;SOLEIL;0;0;0
Tulle;45.26;1.77;04/09/2026;22:00;21.6;0;SOLEIL;0;0;0
Tulle;45.26;1.77;04/09/2026;23:00;20.6;0;SOLEIL;1;0;0
Tulle;45.26;1.77;05/09/2026;00:00;19;0;SOLEIL;0;0;0
Tulle;45.26;1.77;05/09/2026;01:00;19;0;SOLEIL;0;0;0
Tulle;45.26;1.77;05/09/2026;02:00;16.5;0;SOLEIL;1;0;0
Tulle;45.26;1.77;05/09/2026;03:00;16.5;0;SOLEIL;1;0;0
Tulle;45.26;1.77;05/09/2026;04:00;16.5;0;SOLEIL;1;0;0
Tulle;45.26;1.77;05/09/2026;05:00;15.9;0;SOLEIL;1;0;0
Tulle;45.26;1.77;05/09/2026;06:00;15.9;0;SOLEIL;1;0;0
Tulle;45.26;1.77;05/09/2026;07:00;15.9;0;SOLEIL;1;0;0
Tulle;45.26;1.77;05/09/2026;08:00;24.6;0;SOLEIL;0;0;0
Tulle;45.26;1.77;05/09/2026;09:00;24.6;0;SOLEIL;0;0;0
Tulle;45.26;1.77;05/09/2026;10:00;24.6;0;SOLEIL;0;0;0
Tulle;45.26;1.77;05/09/2026;11:00;30.9;0;SOLEIL;1;0;0
Tulle;45.26;1.77;05/09/2026;12:00;30.9;0;SOLEIL;1;0;0
Tulle;45.26;1.77;05/09/2026;13:00;30.9;0;SOLEIL;1;0;0
Tulle;45.26;1.77;05/09/2026;14:00;34;0;SOLEIL;1;0;0
Tulle;45.26;1.77;05/09/2026;15:00;34;0;SOLEIL;1;0;0
Tulle;45.26;1.77;05/09/2026;16:00;34;0;SOLEIL;1;0;0
Tulle;45.26;1.77;05/09/2026;17:00;32.9;0;SOLEIL;1;0;0
Tulle;45.26;1.77;05/09/2026;18:00;32.9;0;SOLEIL;1;0;0
Tulle;45.26;1.77;05/09/2026;19:00;32.9;0;SOLEIL;1;0;0
Tulle;45.26;1.77;05/09/2026;20:00;23.7;0;SOLEIL;2;0;0
Tulle;45.26;1.77;05/09/2026;21:00;23.7;0;SOLEIL;2;0;0
Tulle;45.26;1.77;05/09/2026;22:00;23.7;0;SOLEIL;2;0;0
Tulle;45.26;1.77;05/09/2026;23:00;20.4;0;SOLEIL;2;0;0
Tulle;45.26;1.77;06/09/2026;00:00;20.4;0;SOLEIL;2;0;0
Tulle;45.26;1.77;06/09/2026;01:00;20.4;0;SOLEIL;2;0;0
Tulle;45.26;1.77;06/09/2026;02:00;17.6;0;SOLEIL;2;0;0
Tulle;45.26;1.77;06/09/2026;03:00;17.6;0;SOLEIL;2;0;0
Tulle;45.26;1.77;06/09/2026;04:00;17.6;0;SOLEIL;2;0;0
Tulle;45.26;1.77;06/09/2026;05:00;17.2;0;SOLEIL;2;0;0
Tulle;45.26;1.77;06/09/2026;06:00;17.2;0;SOLEIL;2;0;0
Tulle;45.26;1.77;06/09/2026;07:00;17.2;0;SOLEIL;2;0;0
Tulle;45.26;1.77;06/09/2026;08:00;26.6;0;SOLEIL;1;0;0
Tulle;45.26;1.77;06/09/2026;09:00;26.6;0;SOLEIL;1;0;0
Tulle;45.26;1.77;06/09/2026;10:00;26.6;0;SOLEIL;1;0;0
Tulle;45.26;1.77;06/09/2026;11:00;36;0;SOLEIL;2;0;0
Tulle;45.26;1.77;06/09/2026;12:00;36;0;SOLEIL;2;0;0
Tulle;45.26;1.77;06/09/2026;13:00;36;0;SOLEIL;2;0;0
Tulle;45.26;1.77;06/09/2026;14:00;36.2;0;SOLEIL;2;0;0
Tulle;45.26;1.77;06/09/2026;15:00;36.2;0;SOLEIL;2;0;0
Tulle;45.26;1.77;06/09/2026;16:00;36.2;0;SOLEIL;2;0;0
Tulle;45.26;1.77;06/09/2026;17:00;34.1;0;SOLEIL;1;0;0
Tulle;45.26;1.77;06/09/2026;18:00;34.1;0;SOLEIL;1;0;0
Tulle;45.26;1.77;06/09/2026;19:00;34.1;0;SOLEIL;1;0;0
Tulle;45.26;1.77;06/09/2026;20:00;25.5;0;SOLEIL;5;0;0
Tulle;45.26;1.77;06/09/2026;21:00;23.2;0;SOLEIL;5;0;0
Tulle;45.26;1.77;06/09/2026;22:00;20.8;0;SOLEIL;5;0;0
Tulle;45.26;1.77;06/09/2026;23:00;22;0;SOLEIL;2;0;0
Tulle;45.26;1.77;07/09/2026;00:00;22;0;SOLEIL;2;0;0
Tulle;45.26;1.77;07/09/2026;01:00;22;0;SOLEIL;2;0;0
Tulle;45.26;1.77;07/09/2026;02:00;19.4;0;SOLEIL;5;0;0
Tulle;45.26;1.77;07/09/2026;03:00;19.4;0;SOLEIL;5;0;0
Tulle;45.26;1.77;07/09/2026;04:00;19.4;0;SOLEIL;5;0;0
Tulle;45.26;1.77;07/09/2026;05:00;20.4;0;SOLEIL;1;0;0
Tulle;45.26;1.77;07/09/2026;06:00;20.4;0;SOLEIL;1;0;0
Tulle;45.26;1.77;07/09/2026;07:00;20.4;0;SOLEIL;1;0;0
Tulle;45.26;1.77;07/09/2026;08:00;22.7;0;SOLEIL;5;0;0
Tulle;45.26;1.77;07/09/2026;09:00;24.3;0;SOLEIL;5;0;0
Tulle;45.26;1.77;07/09/2026;10:00;25.9;0;SOLEIL;5;0;0
Tulle;45.26;1.77;07/09/2026;11:00;30.6;0;SOLEIL;2;0;0
Tulle;45.26;1.77;07/09/2026;12:00;30.6;0;SOLEIL;2;0;0
Tulle;45.26;1.77;07/09/2026;13:00;30.6;0;SOLEIL;2;0;0
Tulle;45.26;1.77;07/09/2026;14:00;32.5;0;SOLEIL;5;0;0
Tulle;45.26;1.77;07/09/2026;15:00;34.1;0;SOLEIL;5;0;0
Tulle;45.26;1.77;07/09/2026;16:00;32.5;0;SOLEIL;5;0;0
Tulle;45.26;1.77;07/09/2026;17:00;31.1;0;SOLEIL;2;0;0
Tulle;45.26;1.77;07/09/2026;18:00;31.1;0;SOLEIL;2;0;0
Tulle;45.26;1.77;07/09/2026;19:00;31.1;0;SOLEIL;2;0;0
Tulle;45.26;1.77;07/09/2026;20:00;25.9;0;SOLEIL;5;0;0
Tulle;45.26;1.77;07/09/2026;21:00;24.3;0;SOLEIL;5;0;0
Tulle;45.26;1.77;07/09/2026;22:00;22.7;0;SOLEIL;5;0;0
Tulle;45.26;1.77;07/09/2026;23:00;20.5;0;SOLEIL;1;0;0
Tulle;45.26;1.77;08/09/2026;00:00;20.5;0;SOLEIL;1;0;0
Tulle;45.26;1.77;08/09/2026;01:00;20.5;0;SOLEIL;1;0;0
Tulle;45.26;1.77;08/09/2026;02:00;18.1;2;NUAGEUX;5;0;0
Tulle;45.26;1.77;08/09/2026;03:00;18.1;2;NUAGEUX;5;0;0
Tulle;45.26;1.77;08/09/2026;04:00;18.1;2;NUAGEUX;5;0;0
Tulle;45.26;1.77;08/09/2026;05:00;19.1;0;SOLEIL;1;0;0
Tulle;45.26;1.77;08/09/2026;06:00;19.1;0;SOLEIL;1;0;0
Tulle;45.26;1.77;08/09/2026;07:00;19.1;0;SOLEIL;1;0;0
Tulle;45.26;1.77;08/09/2026;08:00;20.7;2;NUAGEUX;5;0;0
Tulle;45.26;1.77;08/09/2026;09:00;22.1;2;NUAGEUX;5;0;0
Tulle;45.26;1.77;08/09/2026;10:00;23.4;2;NUAGEUX;5;0;0
Tulle;45.26;1.77;08/09/2026;11:00;28;2;NUAGEUX;3;0;0
Tulle;45.26;1.77;08/09/2026;12:00;28;2;NUAGEUX;3;0;0
Tulle;45.26;1.77;08/09/2026;13:00;28;2;NUAGEUX;3;0;0
Tulle;45.26;1.77;08/09/2026;14:00;28.7;2;NUAGEUX;5;0;0
Tulle;45.26;1.77;08/09/2026;15:00;30.0;2;NUAGEUX;5;0;0
Tulle;45.26;1.77;08/09/2026;16:00;28.7;2;NUAGEUX;5;0;0
Tulle;45.26;1.77;08/09/2026;17:00;26.4;2;NUAGEUX;3;0;0
Tulle;45.26;1.77;08/09/2026;18:00;26.4;2;NUAGEUX;3;0;0
Tulle;45.26;1.77;08/09/2026;19:00;26.4;2;NUAGEUX;3;0;0
Tulle;45.26;1.77;08/09/2026;20:00;23.4;2;NUAGEUX;5;0;0
Tulle;45.26;1.77;08/09/2026;21:00;22.1;2;NUAGEUX;5;0;0
Tulle;45.26;1.77;08/09/2026;22:00;20.7;2;NUAGEUX;5;0;0
Tulle;45.26;1.77;08/09/2026;23:00;18.9;0;SOLEIL;2;0;0
Guéret;46.17;1.87;04/09/2026;00:00;15.5;0;SOLEIL;1;0;0
Guéret;46.17;1.87;04/09/2026;01:00;15.1;0;SOLEIL;0;0;0
Guéret;46.17;1.87;04/09/2026;02:00;14.6;0;SOLEIL;1;0;0
Guéret;46.17;1.87;04/09/2026;03:00;13.6;0;SOLEIL;1;0;0
Guéret;46.17;1.87;04/09/2026;04:00;13.2;0;SOLEIL;1;0;0
Guéret;46.17;1.87;04/09/2026;05:00;12.5;0;SOLEIL;1;0;0
Guéret;46.17;1.87;04/09/2026;06:00;12.6;0;SOLEIL;1;0;0
Guéret;46.17;1.87;04/09/2026;07:00;15.6;0;SOLEIL;1;0;0
Guéret;46.17;1.87;04/09/2026;08:00;19.9;0;SOLEIL;1;0;0
Guéret;46.17;1.87;04/09/2026;09:00;25;0;SOLEIL;0;0;0
Guéret;46.17;1.87;04/09/2026;10:00;29.1;0;SOLEIL;1;0;0
Guéret;46.17;1.87;04/09/2026;11:00;31;0;SOLEIL;2;0;0
Guéret;46.17;1.87;04/09/2026;12:00;32.6;0;SOLEIL;2;0;0
Guéret;46.17;1.87;04/09/2026;13:00;32.6;0;SOLEIL;2;0;0
Guéret;46.17;1.87;04/09/2026;14:00;33.1;0;SOLEIL;2;0;0
Guéret;46.17;1.87;04/09/2026;15:00;33.1;0;SOLEIL;2;0;0
Guéret;46.17;1.87;04/09/2026;16:00;32.9;0;SOLEIL;2;0;0
Guéret;46.17;1.87;04/09/2026;17:00;30.7;0;SOLEIL;2;0;0
Guéret;46.17;1.87;04/09/2026;18:00;27.4;0;SOLEIL;2;0;0
Guéret;46.17;1.87;04/09/2026;19:00;23.5;0;SOLEIL;1;0;0
Guéret;46.17;1.87;04/09/2026;20:00;21.1;0;SOLEIL;1;0;0
Guéret;46.17;1.87;04/09/2026;21:00;18.7;0;SOLEIL;1;0;0
Guéret;46.17;1.87;04/09/2026;22:00;17.9;0;SOLEIL;1;0;0
Guéret;46.17;1.87;04/09/2026;23:00;16.4;0;SOLEIL;1;0;0
Guéret;46.17;1.87;05/09/2026;00:00;15.6;0;SOLEIL;1;0;0
Guéret;46.17;1.87;05/09/2026;01:00;15.6;0;SOLEIL;1;0;0
Guéret;46.17;1.87;05/09/2026;02:00;13.6;0;SOLEIL;2;0;0
Guéret;46.17;1.87;05/09/2026;03:00;13.6;0;SOLEIL;2;0;0
Guéret;46.17;1.87;05/09/2026;04:00;13.6;0;SOLEIL;2;0;0
Guéret;46.17;1.87;05/09/2026;05:00;13.7;0;SOLEIL;2;0;0
Guéret;46.17;1.87;05/09/2026;06:00;13.7;0;SOLEIL;2;0;0
Guéret;46.17;1.87;05/09/2026;07:00;13.7;0;SOLEIL;2;0;0
Guéret;46.17;1.87;05/09/2026;08:00;25.4;0;SOLEIL;1;0;0
Guéret;46.17;1.87;05/09/2026;09:00;25.4;0;SOLEIL;1;0;0
Guéret;46.17;1.87;05/09/2026;10:00;25.4;0;SOLEIL;1;0;0
Guéret;46.17;1.87;05/09/2026;11:00;31.4;0;SOLEIL;1;0;0
Guéret;46.17;1.87;05/09/2026;12:00;31.4;0;SOLEIL;1;0;0
Guéret;46.17;1.87;05/09/2026;13:00;31.4;0;SOLEIL;1;0;0
Guéret;46.17;1.87;05/09/2026;14:00;33.5;0;SOLEIL;2;0;0
Guéret;46.17;1.87;05/09/2026;15:00;33.5;0;SOLEIL;2;0;0
Guéret;46.17;1.87;05/09/2026;16:00;33.5;0;SOLEIL;2;0;0
Guéret;46.17;1.87;05/09/2026;17:00;28.1;0;SOLEIL;1;0;0
Guéret;46.17;1.87;05/09/2026;18:00;28.1;0;SOLEIL;1;0;0
Guéret;46.17;1.87;05/09/2026;19:00;28.1;0;SOLEIL;1;0;0
Guéret;46.17;1.87;05/09/2026;20:00;19.2;0;SOLEIL;2;0;0
Guéret;46.17;1.87;05/09/2026;21:00;19.2;0;SOLEIL;2;0;0
Guéret;46.17;1.87;05/09/2026;22:00;19.2;0;SOLEIL;2;0;0
Guéret;46.17;1.87;05/09/2026;23:00;16.6;0;SOLEIL;3;0;0
Guéret;46.17;1.87;06/09/2026;00:00;16.6;0;SOLEIL;3;0;0
Guéret;46.17;1.87;06/09/2026;01:00;16.6;0;SOLEIL;3;0;0
Guéret;46.17;1.87;06/09/2026;02:00;15.7;0;SOLEIL;3;0;0
Guéret;46.17;1.87;06/09/2026;03:00;15.7;0;SOLEIL;3;0;0
Guéret;46.17;1.87;06/09/2026;04:00;15.7;0;SOLEIL;3;0;0
Guéret;46.17;1.87;06/09/2026;05:00;15.5;0;SOLEIL;3;0;0
Guéret;46.17;1.87;06/09/2026;06:00;15.5;0;SOLEIL;3;0;0
Guéret;46.17;1.87;06/09/2026;07:00;15.5;0;SOLEIL;3;0;0
Guéret;46.17;1.87;06/09/2026;08:00;27.4;0;SOLEIL;2;0;0
Guéret;46.17;1.87;06/09/2026;09:00;27.4;0;SOLEIL;2;0;0
Guéret;46.17;1.87;06/09/2026;10:00;27.4;0;SOLEIL;2;0;0
Guéret;46.17;1.87;06/09/2026;11:00;34.5;0;SOLEIL;2;0;0
Guéret;46.17;1.87;06/09/2026;12:00;34.5;0;SOLEIL;2;0;0
Guéret;46.17;1.87;06/09/2026;13:00;34.5;0;SOLEIL;2;0;0
Guéret;46.17;1.87;06/09/2026;14:00;35.6;0;SOLEIL;2;0;0
Guéret;46.17;1.87;06/09/2026;15:00;35.6;0;SOLEIL;2;0;0
Guéret;46.17;1.87;06/09/2026;16:00;35.6;0;SOLEIL;2;0;0
Guéret;46.17;1.87;06/09/2026;17:00;30.4;0;SOLEIL;1;0;0
Guéret;46.17;1.87;06/09/2026;18:00;30.4;0;SOLEIL;1;0;0
Guéret;46.17;1.87;06/09/2026;19:00;30.4;0;SOLEIL;1;0;0
Guéret;46.17;1.87;06/09/2026;20:00;24.1;0;SOLEIL;5;0;0
Guéret;46.17;1.87;06/09/2026;21:00;21.6;0;SOLEIL;5;0;0
Guéret;46.17;1.87;06/09/2026;22:00;19.1;0;SOLEIL;5;0;0
Guéret;46.17;1.87;06/09/2026;23:00;19.2;0;SOLEIL;2;0;0
Guéret;46.17;1.87;07/09/2026;00:00;19.2;0;SOLEIL;2;0;0
Guéret;46.17;1.87;07/09/2026;01:00;19.2;0;SOLEIL;2;0;0
Guéret;46.17;1.87;07/09/2026;02:00;17.2;0;SOLEIL;5;0;0
Guéret;46.17;1.87;07/09/2026;03:00;17.2;0;SOLEIL;5;0;0
Guéret;46.17;1.87;07/09/2026;04:00;17.2;0;SOLEIL;5;0;0
Guéret;46.17;1.87;07/09/2026;05:00;18.5;0;SOLEIL;2;0;0
Guéret;46.17;1.87;07/09/2026;06:00;18.5;0;SOLEIL;2;0;0
Guéret;46.17;1.87;07/09/2026;07:00;18.5;0;SOLEIL;2;0;0
Guéret;46.17;1.87;07/09/2026;08:00;20.7;0;SOLEIL;5;0;0
Guéret;46.17;1.87;07/09/2026;09:00;22.5;0;SOLEIL;5;0;0
Guéret;46.17;1.87;07/09/2026;10:00;24.3;0;SOLEIL;5;0;0
Guéret;46.17;1.87;07/09/2026;11:00;30.1;0;SOLEIL;3;0;0
Guéret;46.17;1.87;07/09/2026;12:00;30.1;0;SOLEIL;3;0;0
Guéret;46.17;1.87;07/09/2026;13:00;30.1;0;SOLEIL;3;0;0
Guéret;46.17;1.87;07/09/2026;14:00;31.3;0;SOLEIL;5;0;0
Guéret;46.17;1.87;07/09/2026;15:00;33.1;0;SOLEIL;5;0;0
Guéret;46.17;1.87;07/09/2026;16:00;31.3;0;SOLEIL;5;0;0
Guéret;46.17;1.87;07/09/2026;17:00;26.1;0;SOLEIL;2;0;0
Guéret;46.17;1.87;07/09/2026;18:00;26.1;0;SOLEIL;2;0;0
Guéret;46.17;1.87;07/09/2026;19:00;26.1;0;SOLEIL;2;0;0
Guéret;46.17;1.87;07/09/2026;20:00;24.3;0;SOLEIL;5;0;0
Guéret;46.17;1.87;07/09/2026;21:00;22.5;0;SOLEIL;5;0;0
Guéret;46.17;1.87;07/09/2026;22:00;20.7;0;SOLEIL;5;0;0
Guéret;46.17;1.87;07/09/2026;23:00;18.4;0;SOLEIL;2;0;0
Guéret;46.17;1.87;08/09/2026;00:00;18.4;0;SOLEIL;2;0;0
Guéret;46.17;1.87;08/09/2026;01:00;18.4;0;SOLEIL;2;0;0
Guéret;46.17;1.87;08/09/2026;02:00;15.2;2;NUAGEUX;5;0;0
Guéret;46.17;1.87;08/09/2026;03:00;15.2;2;NUAGEUX;5;0;0
Guéret;46.17;1.87;08/09/2026;04:00;15.2;2;NUAGEUX;5;0;0
Guéret;46.17;1.87;08/09/2026;05:00;16.5;0;SOLEIL;1;0;0
Guéret;46.17;1.87;08/09/2026;06:00;16.5;0;SOLEIL;1;0;0
Guéret;46.17;1.87;08/09/2026;07:00;16.5;0;SOLEIL;1;0;0
Guéret;46.17;1.87;08/09/2026;08:00;18.2;2;NUAGEUX;5;0;0
Guéret;46.17;1.87;08/09/2026;09:00;19.6;2;NUAGEUX;5;0;0
Guéret;46.17;1.87;08/09/2026;10:00;21.1;2;NUAGEUX;5;0;0
Guéret;46.17;1.87;08/09/2026;11:00;26.7;2;NUAGEUX;3;0;0
Guéret;46.17;1.87;08/09/2026;12:00;26.7;2;NUAGEUX;3;0;0
Guéret;46.17;1.87;08/09/2026;13:00;26.7;2;NUAGEUX;3;0;0
Guéret;46.17;1.87;08/09/2026;14:00;27.0;2;NUAGEUX;5;0;0
Guéret;46.17;1.87;08/09/2026;15:00;28.5;2;NUAGEUX;5;0;0
Guéret;46.17;1.87;08/09/2026;16:00;27.0;2;NUAGEUX;5;0;0
Guéret;46.17;1.87;08/09/2026;17:00;23;2;NUAGEUX;3;0;0
Guéret;46.17;1.87;08/09/2026;18:00;23;2;NUAGEUX;3;0;0
Guéret;46.17;1.87;08/09/2026;19:00;23;2;NUAGEUX;3;0;0
Guéret;46.17;1.87;08/09/2026;20:00;21.1;2;NUAGEUX;5;0;0
Guéret;46.17;1.87;08/09/2026;21:00;19.6;2;NUAGEUX;5;0;0
Guéret;46.17;1.87;08/09/2026;22:00;18.2;2;NUAGEUX;5;0;0
Guéret;46.17;1.87;08/09/2026;23:00;16.4;0;SOLEIL;2;0;0
Périgueux;45.18;0.72;04/09/2026;00:00;17.1;5;SOLEIL VOILÉ;1;0;0
Périgueux;45.18;0.72;04/09/2026;01:00;17.5;0;SOLEIL;2;0;0
Périgueux;45.18;0.72;04/09/2026;02:00;16.1;0;SOLEIL;1;0;0
Périgueux;45.18;0.72;04/09/2026;03:00;16.1;0;SOLEIL;2;0;0
Périgueux;45.18;0.72;04/09/2026;04:00;15.6;0;SOLEIL;1;0;0
Périgueux;45.18;0.72;04/09/2026;05:00;15.2;0;SOLEIL;0;0;0
Périgueux;45.18;0.72;04/09/2026;06:00;17;0;SOLEIL;0;0;0
Périgueux;45.18;0.72;04/09/2026;07:00;19.1;0;SOLEIL;1;0;0
Périgueux;45.18;0.72;04/09/2026;08:00;22.4;0;SOLEIL;1;0;0
Périgueux;45.18;0.72;04/09/2026;09:00;26.4;0;SOLEIL;1;0;0
Périgueux;45.18;0.72;04/09/2026;10:00;29.1;0;SOLEIL;3;0;0
Périgueux;45.18;0.72;04/09/2026;11:00;29.4;0;SOLEIL;3;0;0
Périgueux;45.18;0.72;04/09/2026;12:00;30.6;0;SOLEIL;3;0;0
Périgueux;45.18;0.72;04/09/2026;13:00;31.4;0;SOLEIL;4;0;0
Périgueux;45.18;0.72;04/09/2026;14:00;32.1;0;SOLEIL;4;0;0
Périgueux;45.18;0.72;04/09/2026;15:00;31.2;0;SOLEIL;4;0;0
Périgueux;45.18;0.72;04/09/2026;16:00;30.7;0;SOLEIL;4;0;0
Périgueux;45.18;0.72;04/09/2026;17:00;29.7;0;SOLEIL;4;0;0
Périgueux;45.18;0.72;04/09/2026;18:00;27.4;0;SOLEIL;3;0;0
Périgueux;45.18;0.72;04/09/2026;19:00;24.7;0;SOLEIL;3;0;0
Périgueux;45.18;0.72;04/09/2026;20:00;22.9;0;SOLEIL;2;0;0
Périgueux;45.18;0.72;04/09/2026;21:00;20;0;SOLEIL;2;0;0
Périgueux;45.18;0.72;04/09/2026;22:00;20.1;0;SOLEIL;2;0;0
Périgueux;45.18;0.72;04/09/2026;23:00;19.6;0;SOLEIL;2;0;0
Périgueux;45.18;0.72;05/09/2026;00:00;17.6;0;SOLEIL;1;0;0
Périgueux;45.18;0.72;05/09/2026;01:00;17.6;0;SOLEIL;1;0;0
Périgueux;45.18;0.72;05/09/2026;02:00;16;0;SOLEIL;1;0;0
Périgueux;45.18;0.72;05/09/2026;03:00;16;0;SOLEIL;1;0;0
Périgueux;45.18;0.72;05/09/2026;04:00;16;0;SOLEIL;1;0;0
Périgueux;45.18;0.72;05/09/2026;05:00;16;0;SOLEIL;1;0;0
Périgueux;45.18;0.72;05/09/2026;06:00;16;0;SOLEIL;1;0;0
Périgueux;45.18;0.72;05/09/2026;07:00;16;0;SOLEIL;1;0;0
Périgueux;45.18;0.72;05/09/2026;08:00;23;0;SOLEIL;2;0;0
Périgueux;45.18;0.72;05/09/2026;09:00;23;0;SOLEIL;2;0;0
Périgueux;45.18;0.72;05/09/2026;10:00;23;0;SOLEIL;2;0;0
Périgueux;45.18;0.72;05/09/2026;11:00;28.1;0;SOLEIL;1;0;0
Périgueux;45.18;0.72;05/09/2026;12:00;28.1;0;SOLEIL;1;0;0
Périgueux;45.18;0.72;05/09/2026;13:00;28.1;0;SOLEIL;1;0;0
Périgueux;45.18;0.72;05/09/2026;14:00;28.7;0;SOLEIL;3;0;0
Périgueux;45.18;0.72;05/09/2026;15:00;28.7;0;SOLEIL;3;0;0
Périgueux;45.18;0.72;05/09/2026;16:00;28.7;0;SOLEIL;3;0;0
Périgueux;45.18;0.72;05/09/2026;17:00;26.7;0;SOLEIL;3;0;0
Périgueux;45.18;0.72;05/09/2026;18:00;26.7;0;SOLEIL;3;0;0
Périgueux;45.18;0.72;05/09/2026;19:00;26.7;0;SOLEIL;3;0;0
Périgueux;45.18;0.72;05/09/2026;20:00;21.1;0;SOLEIL;3;0;0
Périgueux;45.18;0.72;05/09/2026;21:00;21.1;0;SOLEIL;3;0;0
Périgueux;45.18;0.72;05/09/2026;22:00;21.1;0;SOLEIL;3;0;0
Périgueux;45.18;0.72;05/09/2026;23:00;19.1;0;SOLEIL;3;0;0
Périgueux;45.18;0.72;06/09/2026;00:00;19.1;0;SOLEIL;3;0;0
Périgueux;45.18;0.72;06/09/2026;01:00;19.1;0;SOLEIL;3;0;0
Périgueux;45.18;0.72;06/09/2026;02:00;17.4;0;SOLEIL;3;0;0
Périgueux;45.18;0.72;06/09/2026;03:00;17.4;0;SOLEIL;3;0;0
Périgueux;45.18;0.72;06/09/2026;04:00;17.4;0;SOLEIL;3;0;0
Périgueux;45.18;0.72;06/09/2026;05:00;16.6;0;SOLEIL;3;0;0
Périgueux;45.18;0.72;06/09/2026;06:00;16.6;0;SOLEIL;3;0;0
Périgueux;45.18;0.72;06/09/2026;07:00;16.6;0;SOLEIL;3;0;0
Périgueux;45.18;0.72;06/09/2026;08:00;26;0;SOLEIL;3;0;0
Périgueux;45.18;0.72;06/09/2026;09:00;26;0;SOLEIL;3;0;0
Périgueux;45.18;0.72;06/09/2026;10:00;26;0;SOLEIL;3;0;0
Périgueux;45.18;0.72;06/09/2026;11:00;33.1;0;SOLEIL;3;0;0
Périgueux;45.18;0.72;06/09/2026;12:00;33.1;0;SOLEIL;3;0;0
Périgueux;45.18;0.72;06/09/2026;13:00;33.1;0;SOLEIL;3;0;0
Périgueux;45.18;0.72;06/09/2026;14:00;36;0;SOLEIL;3;0;0
Périgueux;45.18;0.72;06/09/2026;15:00;36;0;SOLEIL;3;0;0
Périgueux;45.18;0.72;06/09/2026;16:00;36;0;SOLEIL;3;0;0
Périgueux;45.18;0.72;06/09/2026;17:00;30.5;0;SOLEIL;2;0;0
Périgueux;45.18;0.72;06/09/2026;18:00;30.5;0;SOLEIL;2;0;0
Périgueux;45.18;0.72;06/09/2026;19:00;30.5;0;SOLEIL;2;0;0
Périgueux;45.18;0.72;06/09/2026;20:00;25.1;0;SOLEIL;5;0;0
Périgueux;45.18;0.72;06/09/2026;21:00;22.7;0;SOLEIL;5;0;0
Périgueux;45.18;0.72;06/09/2026;22:00;20.3;0;SOLEIL;5;0;0
Périgueux;45.18;0.72;06/09/2026;23:00;20.6;0;SOLEIL;3;0;0
Périgueux;45.18;0.72;07/09/2026;00:00;20.6;0;SOLEIL;3;0;0
Périgueux;45.18;0.72;07/09/2026;01:00;20.6;0;SOLEIL;3;0;0
Périgueux;45.18;0.72;07/09/2026;02:00;19.1;0;SOLEIL;5;0;0
Périgueux;45.18;0.72;07/09/2026;03:00;19.1;0;SOLEIL;5;0;0
Périgueux;45.18;0.72;07/09/2026;04:00;19.1;0;SOLEIL;5;0;0
Périgueux;45.18;0.72;07/09/2026;05:00;20.4;0;SOLEIL;3;0;0
Périgueux;45.18;0.72;07/09/2026;06:00;20.4;0;SOLEIL;3;0;0
Périgueux;45.18;0.72;07/09/2026;07:00;20.4;0;SOLEIL;3;0;0
Périgueux;45.18;0.72;07/09/2026;08:00;21.7;0;SOLEIL;5;0;0
Périgueux;45.18;0.72;07/09/2026;09:00;23.1;0;SOLEIL;5;0;0
Périgueux;45.18;0.72;07/09/2026;10:00;24.4;0;SOLEIL;5;0;0
Périgueux;45.18;0.72;07/09/2026;11:00;29.1;0;SOLEIL;5;0;0
Périgueux;45.18;0.72;07/09/2026;12:00;29.1;0;SOLEIL;5;0;0
Périgueux;45.18;0.72;07/09/2026;13:00;29.1;0;SOLEIL;5;0;0
Périgueux;45.18;0.72;07/09/2026;14:00;29.7;0;SOLEIL;5;0;0
Périgueux;45.18;0.72;07/09/2026;15:00;31.0;0;SOLEIL;5;0;0
Périgueux;45.18;0.72;07/09/2026;16:00;29.7;0;SOLEIL;5;0;0
Périgueux;45.18;0.72;07/09/2026;17:00;26.6;0;SOLEIL;3;0;0
Périgueux;45.18;0.72;07/09/2026;18:00;26.6;0;SOLEIL;3;0;0
Périgueux;45.18;0.72;07/09/2026;19:00;26.6;0;SOLEIL;3;0;0
Périgueux;45.18;0.72;07/09/2026;20:00;24.4;0;SOLEIL;5;0;0
Périgueux;45.18;0.72;07/09/2026;21:00;23.1;0;SOLEIL;5;0;0
Périgueux;45.18;0.72;07/09/2026;22:00;21.7;0;SOLEIL;5;0;0
Périgueux;45.18;0.72;07/09/2026;23:00;18.5;0;SOLEIL;3;0;0
Périgueux;45.18;0.72;08/09/2026;00:00;18.5;0;SOLEIL;3;0;0
Périgueux;45.18;0.72;08/09/2026;01:00;18.5;0;SOLEIL;3;0;0
Périgueux;45.18;0.72;08/09/2026;02:00;14.6;2;NUAGEUX;5;0;0
Périgueux;45.18;0.72;08/09/2026;03:00;14.6;2;NUAGEUX;5;0;0
Périgueux;45.18;0.72;08/09/2026;04:00;14.6;2;NUAGEUX;5;0;0
Périgueux;45.18;0.72;08/09/2026;05:00;16.1;2;NUAGEUX;2;0;0
Périgueux;45.18;0.72;08/09/2026;06:00;16.1;2;NUAGEUX;2;0;0
Périgueux;45.18;0.72;08/09/2026;07:00;16.1;2;NUAGEUX;2;0;0
Périgueux;45.18;0.72;08/09/2026;08:00;16.9;2;NUAGEUX;5;0;0
Périgueux;45.18;0.72;08/09/2026;09:00;18.1;2;NUAGEUX;5;0;0
Périgueux;45.18;0.72;08/09/2026;10:00;19.3;2;NUAGEUX;5;0;0
Périgueux;45.18;0.72;08/09/2026;11:00;23.7;2;NUAGEUX;4;0;0
Périgueux;45.18;0.72;08/09/2026;12:00;23.7;2;NUAGEUX;4;0;0
Périgueux;45.18;0.72;08/09/2026;13:00;23.7;2;NUAGEUX;4;0;0
Périgueux;45.18;0.72;08/09/2026;14:00;23.9;2;NUAGEUX;5;0;0
Périgueux;45.18;0.72;08/09/2026;15:00;25.1;2;NUAGEUX;5;0;0
Périgueux;45.18;0.72;08/09/2026;16:00;23.9;2;NUAGEUX;5;0;0
Périgueux;45.18;0.72;08/09/2026;17:00;21.9;2;NUAGEUX;4;0;0
Périgueux;45.18;0.72;08/09/2026;18:00;21.9;2;NUAGEUX;4;0;0
Périgueux;45.18;0.72;08/09/2026;19:00;21.9;2;NUAGEUX;4;0;0
Périgueux;45.18;0.72;08/09/2026;20:00;19.3;2;NUAGEUX;5;0;0
Périgueux;45.18;0.72;08/09/2026;21:00;18.1;2;NUAGEUX;5;0;0
Périgueux;45.18;0.72;08/09/2026;22:00;16.9;2;NUAGEUX;5;0;0
Périgueux;45.18;0.72;08/09/2026;23:00;16.1;2;NUAGEUX;5;0;0
Bordeaux;44.83;-0.57;04/09/2026;00:00;19.1;0;SOLEIL;1;0;0
Bordeaux;44.83;-0.57;04/09/2026;01:00;18.5;0;SOLEIL;1;0;0
Bordeaux;44.83;-0.57;04/09/2026;02:00;17.1;0;SOLEIL;1;0;0
Bordeaux;44.83;-0.57;04/09/2026;03:00;15.7;0;SOLEIL;1;0;0
Bordeaux;44.83;-0.57;04/09/2026;04:00;14.7;0;SOLEIL;1;0;0
Bordeaux;44.83;-0.57;04/09/2026;05:00;14.2;0;SOLEIL;1;0;0
Bordeaux;44.83;-0.57;04/09/2026;06:00;13.9;0;SOLEIL;1;0;0
Bordeaux;44.83;-0.57;04/09/2026;07:00;16.9;0;SOLEIL;1;0;0
Bordeaux;44.83;-0.57;04/09/2026;08:00;20.6;0;SOLEIL;1;0;0
Bordeaux;44.83;-0.57;04/09/2026;09:00;24.6;0;SOLEIL;1;0;0
Bordeaux;44.83;-0.57;04/09/2026;10:00;28.7;0;SOLEIL;1;0;0
Bordeaux;44.83;-0.57;04/09/2026;11:00;30.6;0;SOLEIL;2;0;0
Bordeaux;44.83;-0.57;04/09/2026;12:00;32;0;SOLEIL;2;0;0
Bordeaux;44.83;-0.57;04/09/2026;13:00;33.1;0;SOLEIL;2;0;0
Bordeaux;44.83;-0.57;04/09/2026;14:00;33.7;0;SOLEIL;3;0;0
Bordeaux;44.83;-0.57;04/09/2026;15:00;33.6;0;SOLEIL;3;0;0
Bordeaux;44.83;-0.57;04/09/2026;16:00;33.7;0;SOLEIL;3;0;0
Bordeaux;44.83;-0.57;04/09/2026;17:00;32.9;0;SOLEIL;3;0;0
Bordeaux;44.83;-0.57;04/09/2026;18:00;30.5;0;SOLEIL;2;0;0
Bordeaux;44.83;-0.57;04/09/2026;19:00;28.6;0;SOLEIL;2;0;0
Bordeaux;44.83;-0.57;04/09/2026;20:00;26.7;0;SOLEIL;1;0;0
Bordeaux;44.83;-0.57;04/09/2026;21:00;23.4;0;SOLEIL;2;0;0
Bordeaux;44.83;-0.57;04/09/2026;22:00;22.6;0;SOLEIL;1;0;0
Bordeaux;44.83;-0.57;04/09/2026;23:00;21.2;0;SOLEIL;1;0;0
Bordeaux;44.83;-0.57;05/09/2026;00:00;19.6;0;SOLEIL;1;0;0
Bordeaux;44.83;-0.57;05/09/2026;01:00;19.6;0;SOLEIL;1;0;0
Bordeaux;44.83;-0.57;05/09/2026;02:00;16.9;0;SOLEIL;2;0;0
Bordeaux;44.83;-0.57;05/09/2026;03:00;16.9;0;SOLEIL;2;0;0
Bordeaux;44.83;-0.57;05/09/2026;04:00;16.9;0;SOLEIL;2;0;0
Bordeaux;44.83;-0.57;05/09/2026;05:00;16.1;0;SOLEIL;1;0;0
Bordeaux;44.83;-0.57;05/09/2026;06:00;16.1;0;SOLEIL;1;0;0
Bordeaux;44.83;-0.57;05/09/2026;07:00;16.1;0;SOLEIL;1;0;0
Bordeaux;44.83;-0.57;05/09/2026;08:00;25;0;SOLEIL;1;0;0
Bordeaux;44.83;-0.57;05/09/2026;09:00;25;0;SOLEIL;1;0;0
Bordeaux;44.83;-0.57;05/09/2026;10:00;25;0;SOLEIL;1;0;0
Bordeaux;44.83;-0.57;05/09/2026;11:00;31.5;0;SOLEIL;1;0;0
Bordeaux;44.83;-0.57;05/09/2026;12:00;31.5;0;SOLEIL;1;0;0
Bordeaux;44.83;-0.57;05/09/2026;13:00;31.5;0;SOLEIL;1;0;0
Bordeaux;44.83;-0.57;05/09/2026;14:00;33.6;0;SOLEIL;1;0;0
Bordeaux;44.83;-0.57;05/09/2026;15:00;33.6;0;SOLEIL;1;0;0
Bordeaux;44.83;-0.57;05/09/2026;16:00;33.6;0;SOLEIL;1;0;0
Bordeaux;44.83;-0.57;05/09/2026;17:00;32.6;0;SOLEIL;2;0;0
Bordeaux;44.83;-0.57;05/09/2026;18:00;32.6;0;SOLEIL;2;0;0
Bordeaux;44.83;-0.57;05/09/2026;19:00;32.6;0;SOLEIL;2;0;0
Bordeaux;44.83;-0.57;05/09/2026;20:00;23.4;0;SOLEIL;3;0;0
Bordeaux;44.83;-0.57;05/09/2026;21:00;23.4;0;SOLEIL;3;0;0
Bordeaux;44.83;-0.57;05/09/2026;22:00;23.4;0;SOLEIL;3;0;0
Bordeaux;44.83;-0.57;05/09/2026;23:00;20.7;0;SOLEIL;2;0;0
Bordeaux;44.83;-0.57;06/09/2026;00:00;20.7;0;SOLEIL;2;0;0
Bordeaux;44.83;-0.57;06/09/2026;01:00;20.7;0;SOLEIL;2;0;0
Bordeaux;44.83;-0.57;06/09/2026;02:00;18.1;0;SOLEIL;2;0;0
Bordeaux;44.83;-0.57;06/09/2026;03:00;18.1;0;SOLEIL;2;0;0
Bordeaux;44.83;-0.57;06/09/2026;04:00;18.1;0;SOLEIL;2;0;0
Bordeaux;44.83;-0.57;06/09/2026;05:00;16.9;0;SOLEIL;3;0;0
Bordeaux;44.83;-0.57;06/09/2026;06:00;16.9;0;SOLEIL;3;0;0
Bordeaux;44.83;-0.57;06/09/2026;07:00;16.9;0;SOLEIL;3;0;0
Bordeaux;44.83;-0.57;06/09/2026;08:00;27.4;0;SOLEIL;2;0;0
Bordeaux;44.83;-0.57;06/09/2026;09:00;27.4;0;SOLEIL;2;0;0
Bordeaux;44.83;-0.57;06/09/2026;10:00;27.4;0;SOLEIL;2;0;0
Bordeaux;44.83;-0.57;06/09/2026;11:00;34.6;0;SOLEIL;2;0;0
Bordeaux;44.83;-0.57;06/09/2026;12:00;34.6;0;SOLEIL;2;0;0
Bordeaux;44.83;-0.57;06/09/2026;13:00;34.6;0;SOLEIL;2;0;0
Bordeaux;44.83;-0.57;06/09/2026;14:00;36.9;0;SOLEIL;2;0;0
Bordeaux;44.83;-0.57;06/09/2026;15:00;36.9;0;SOLEIL;2;0;0
Bordeaux;44.83;-0.57;06/09/2026;16:00;36.9;0;SOLEIL;2;0;0
Bordeaux;44.83;-0.57;06/09/2026;17:00;33.6;0;SOLEIL;2;0;0
Bordeaux;44.83;-0.57;06/09/2026;18:00;33.6;0;SOLEIL;2;0;0
Bordeaux;44.83;-0.57;06/09/2026;19:00;33.6;0;SOLEIL;2;0;0
Bordeaux;44.83;-0.57;06/09/2026;20:00;25.8;0;SOLEIL;5;0;0
Bordeaux;44.83;-0.57;06/09/2026;21:00;23.3;0;SOLEIL;5;0;0
Bordeaux;44.83;-0.57;06/09/2026;22:00;20.7;0;SOLEIL;5;0;0
Bordeaux;44.83;-0.57;06/09/2026;23:00;21.7;0;SOLEIL;3;0;0
Bordeaux;44.83;-0.57;07/09/2026;00:00;21.7;0;SOLEIL;3;0;0
Bordeaux;44.83;-0.57;07/09/2026;01:00;21.7;0;SOLEIL;3;0;0
Bordeaux;44.83;-0.57;07/09/2026;02:00;19.1;0;SOLEIL;5;0;0
Bordeaux;44.83;-0.57;07/09/2026;03:00;19.1;0;SOLEIL;5;0;0
Bordeaux;44.83;-0.57;07/09/2026;04:00;19.1;0;SOLEIL;5;0;0
Bordeaux;44.83;-0.57;07/09/2026;05:00;20.2;2;NUAGEUX;2;0;0
Bordeaux;44.83;-0.57;07/09/2026;06:00;20.2;2;NUAGEUX;2;0;0
Bordeaux;44.83;-0.57;07/09/2026;07:00;20.2;2;NUAGEUX;2;0;0
Bordeaux;44.83;-0.57;07/09/2026;08:00;21.9;0;SOLEIL;5;0;0
Bordeaux;44.83;-0.57;07/09/2026;09:00;23.3;0;SOLEIL;5;0;0
Bordeaux;44.83;-0.57;07/09/2026;10:00;24.7;0;SOLEIL;5;0;0
Bordeaux;44.83;-0.57;07/09/2026;11:00;29.1;0;SOLEIL;3;0;0
Bordeaux;44.83;-0.57;07/09/2026;12:00;29.1;0;SOLEIL;3;0;0
Bordeaux;44.83;-0.57;07/09/2026;13:00;29.1;0;SOLEIL;3;0;0
Bordeaux;44.83;-0.57;07/09/2026;14:00;30.2;0;SOLEIL;5;0;0
Bordeaux;44.83;-0.57;07/09/2026;15:00;31.6;0;SOLEIL;5;0;0
Bordeaux;44.83;-0.57;07/09/2026;16:00;30.2;0;SOLEIL;5;0;0
Bordeaux;44.83;-0.57;07/09/2026;17:00;28.6;0;SOLEIL;3;0;0
Bordeaux;44.83;-0.57;07/09/2026;18:00;28.6;0;SOLEIL;3;0;0
Bordeaux;44.83;-0.57;07/09/2026;19:00;28.6;0;SOLEIL;3;0;0
Bordeaux;44.83;-0.57;07/09/2026;20:00;24.7;0;SOLEIL;5;0;0
Bordeaux;44.83;-0.57;07/09/2026;21:00;23.3;0;SOLEIL;5;0;0
Bordeaux;44.83;-0.57;07/09/2026;22:00;21.9;0;SOLEIL;5;0;0
Bordeaux;44.83;-0.57;07/09/2026;23:00;19.2;0;SOLEIL;2;0;0
Bordeaux;44.83;-0.57;08/09/2026;00:00;19.2;0;SOLEIL;2;0;0
Bordeaux;44.83;-0.57;08/09/2026;01:00;19.2;0;SOLEIL;2;0;0
Bordeaux;44.83;-0.57;08/09/2026;02:00;16.4;2;NUAGEUX;5;0;0
Bordeaux;44.83;-0.57;08/09/2026;03:00;16.4;2;NUAGEUX;5;0;0
Bordeaux;44.83;-0.57;08/09/2026;04:00;16.4;2;NUAGEUX;5;0;0
Bordeaux;44.83;-0.57;08/09/2026;05:00;17.5;0;SOLEIL;2;0;0
Bordeaux;44.83;-0.57;08/09/2026;06:00;17.5;0;SOLEIL;2;0;0
Bordeaux;44.83;-0.57;08/09/2026;07:00;17.5;0;SOLEIL;2;0;0
Bordeaux;44.83;-0.57;08/09/2026;08:00;18.9;2;NUAGEUX;5;0;0
Bordeaux;44.83;-0.57;08/09/2026;09:00;20.1;2;NUAGEUX;5;0;0
Bordeaux;44.83;-0.57;08/09/2026;10:00;21.4;2;NUAGEUX;5;0;0
Bordeaux;44.83;-0.57;08/09/2026;11:00;26.5;2;NUAGEUX;3;0;0
Bordeaux;44.83;-0.57;08/09/2026;12:00;26.5;2;NUAGEUX;3;0;0
Bordeaux;44.83;-0.57;08/09/2026;13:00;26.5;2;NUAGEUX;3;0;0
Bordeaux;44.83;-0.57;08/09/2026;14:00;26.4;2;NUAGEUX;5;0;0
Bordeaux;44.83;-0.57;08/09/2026;15:00;27.6;2;NUAGEUX;5;0;0
Bordeaux;44.83;-0.57;08/09/2026;16:00;26.4;2;NUAGEUX;5;0;0
Bordeaux;44.83;-0.57;08/09/2026;17:00;24.1;2;NUAGEUX;4;0;0
Bordeaux;44.83;-0.57;08/09/2026;18:00;24.1;2;NUAGEUX;4;0;0
Bordeaux;44.83;-0.57;08/09/2026;19:00;24.1;2;NUAGEUX;4;0;0
Bordeaux;44.83;-0.57;08/09/2026;20:00;21.4;2;NUAGEUX;5;0;0
Bordeaux;44.83;-0.57;08/09/2026;21:00;20.1;2;NUAGEUX;5;0;0
Bordeaux;44.83;-0.57;08/09/2026;22:00;18.9;2;NUAGEUX;5;0;0
Bordeaux;44.83;-0.57;08/09/2026;23:00;17.9;0;SOLEIL;2;0;0
Mimizan;44.2;-1.23;04/09/2026;00:00;17.7;0;SOLEIL;1;0;0
Mimizan;44.2;-1.23;04/09/2026;01:00;17.9;0;SOLEIL;1;0;0
Mimizan;44.2;-1.23;04/09/2026;02:00;17.4;0;SOLEIL;1;0;0
Mimizan;44.2;-1.23;04/09/2026;03:00;16.1;0;SOLEIL;1;0;0
Mimizan;44.2;-1.23;04/09/2026;04:00;16.6;0;SOLEIL;1;0;0
Mimizan;44.2;-1.23;04/09/2026;05:00;16.1;0;SOLEIL;1;0;0
Mimizan;44.2;-1.23;04/09/2026;06:00;15.1;0;SOLEIL;1;0;0
Mimizan;44.2;-1.23;04/09/2026;07:00;17.9;0;SOLEIL;1;0;0
Mimizan;44.2;-1.23;04/09/2026;08:00;22.6;0;SOLEIL;1;0;0
Mimizan;44.2;-1.23;04/09/2026;09:00;27.2;0;SOLEIL;2;0;0
Mimizan;44.2;-1.23;04/09/2026;10:00;30.4;0;SOLEIL;2;0;0
Mimizan;44.2;-1.23;04/09/2026;11:00;32.6;0;SOLEIL;2;0;0
Mimizan;44.2;-1.23;04/09/2026;12:00;32.6;0;SOLEIL;3;0;0
Mimizan;44.2;-1.23;04/09/2026;13:00;31.7;0;SOLEIL;3;0;0
Mimizan;44.2;-1.23;04/09/2026;14:00;31.4;0;SOLEIL;3;0;0
Mimizan;44.2;-1.23;04/09/2026;15:00;30.9;0;SOLEIL;3;0;0
Mimizan;44.2;-1.23;04/09/2026;16:00;30;0;SOLEIL;3;0;0
Mimizan;44.2;-1.23;04/09/2026;17:00;29.6;0;SOLEIL;2;0;0
Mimizan;44.2;-1.23;04/09/2026;18:00;27.6;0;SOLEIL;2;0;0
Mimizan;44.2;-1.23;04/09/2026;19:00;25;0;SOLEIL;2;0;0
Mimizan;44.2;-1.23;04/09/2026;20:00;22.6;0;SOLEIL;2;0;0
Mimizan;44.2;-1.23;04/09/2026;21:00;21.4;0;SOLEIL;2;0;0
Mimizan;44.2;-1.23;04/09/2026;22:00;20.5;0;SOLEIL;2;0;0
Mimizan;44.2;-1.23;04/09/2026;23:00;19.1;0;SOLEIL;2;0;0
Mimizan;44.2;-1.23;05/09/2026;00:00;18.5;0;SOLEIL;2;0;0
Mimizan;44.2;-1.23;05/09/2026;01:00;18.5;0;SOLEIL;2;0;0
Mimizan;44.2;-1.23;05/09/2026;02:00;17.9;0;SOLEIL;2;0;0
Mimizan;44.2;-1.23;05/09/2026;03:00;17.9;0;SOLEIL;2;0;0
Mimizan;44.2;-1.23;05/09/2026;04:00;17.9;0;SOLEIL;2;0;0
Mimizan;44.2;-1.23;05/09/2026;05:00;17.4;0;SOLEIL;2;0;0
Mimizan;44.2;-1.23;05/09/2026;06:00;17.4;0;SOLEIL;2;0;0
Mimizan;44.2;-1.23;05/09/2026;07:00;17.4;0;SOLEIL;2;0;0
Mimizan;44.2;-1.23;05/09/2026;08:00;24.4;0;SOLEIL;2;0;0
Mimizan;44.2;-1.23;05/09/2026;09:00;24.4;0;SOLEIL;2;0;0
Mimizan;44.2;-1.23;05/09/2026;10:00;24.4;0;SOLEIL;2;0;0
Mimizan;44.2;-1.23;05/09/2026;11:00;29.7;0;SOLEIL;2;0;0
Mimizan;44.2;-1.23;05/09/2026;12:00;29.7;0;SOLEIL;2;0;0
Mimizan;44.2;-1.23;05/09/2026;13:00;29.7;0;SOLEIL;2;0;0
Mimizan;44.2;-1.23;05/09/2026;14:00;32.5;0;SOLEIL;3;0;0
Mimizan;44.2;-1.23;05/09/2026;15:00;32.5;0;SOLEIL;3;0;0
Mimizan;44.2;-1.23;05/09/2026;16:00;32.5;0;SOLEIL;3;0;0
Mimizan;44.2;-1.23;05/09/2026;17:00;31.4;0;SOLEIL;4;0;0
Mimizan;44.2;-1.23;05/09/2026;18:00;31.4;0;SOLEIL;4;0;0
Mimizan;44.2;-1.23;05/09/2026;19:00;31.4;0;SOLEIL;4;0;0
Mimizan;44.2;-1.23;05/09/2026;20:00;26.7;0;SOLEIL;4;0;0
Mimizan;44.2;-1.23;05/09/2026;21:00;26.7;0;SOLEIL;4;0;0
Mimizan;44.2;-1.23;05/09/2026;22:00;26.7;0;SOLEIL;4;0;0
Mimizan;44.2;-1.23;05/09/2026;23:00;24.7;0;SOLEIL;4;0;0
Mimizan;44.2;-1.23;06/09/2026;00:00;24.7;0;SOLEIL;4;0;0
Mimizan;44.2;-1.23;06/09/2026;01:00;24.7;0;SOLEIL;4;0;0
Mimizan;44.2;-1.23;06/09/2026;02:00;22.5;0;SOLEIL;3;0;0
Mimizan;44.2;-1.23;06/09/2026;03:00;22.5;0;SOLEIL;3;0;0
Mimizan;44.2;-1.23;06/09/2026;04:00;22.5;0;SOLEIL;3;0;0
Mimizan;44.2;-1.23;06/09/2026;05:00;22.7;5;SOLEIL VOILÉ;3;0;0
Mimizan;44.2;-1.23;06/09/2026;06:00;22.7;5;SOLEIL VOILÉ;3;0;0
Mimizan;44.2;-1.23;06/09/2026;07:00;22.7;5;SOLEIL VOILÉ;3;0;0
Mimizan;44.2;-1.23;06/09/2026;08:00;27.7;0;SOLEIL;3;0;0
Mimizan;44.2;-1.23;06/09/2026;09:00;27.7;0;SOLEIL;3;0;0
Mimizan;44.2;-1.23;06/09/2026;10:00;27.7;0;SOLEIL;3;0;0
Mimizan;44.2;-1.23;06/09/2026;11:00;33.4;0;SOLEIL;4;0;0
Mimizan;44.2;-1.23;06/09/2026;12:00;33.4;0;SOLEIL;4;0;0
Mimizan;44.2;-1.23;06/09/2026;13:00;33.4;0;SOLEIL;4;0;0
Mimizan;44.2;-1.23;06/09/2026;14:00;31.2;0;SOLEIL;4;0;0
Mimizan;44.2;-1.23;06/09/2026;15:00;31.2;0;SOLEIL;4;0;0
Mimizan;44.2;-1.23;06/09/2026;16:00;31.2;0;SOLEIL;4;0;0
Mimizan;44.2;-1.23;06/09/2026;17:00;27.9;0;SOLEIL;3;0;0
Mimizan;44.2;-1.23;06/09/2026;18:00;27.9;0;SOLEIL;3;0;0
Mimizan;44.2;-1.23;06/09/2026;19:00;27.9;0;SOLEIL;3;0;0
Mimizan;44.2;-1.23;06/09/2026;20:00;28.0;0;SOLEIL;5;0;0
Mimizan;44.2;-1.23;06/09/2026;21:00;26.4;0;SOLEIL;5;0;0
Mimizan;44.2;-1.23;06/09/2026;22:00;24.8;0;SOLEIL;5;0;0
Mimizan;44.2;-1.23;06/09/2026;23:00;22.1;0;SOLEIL;3;0;0
Mimizan;44.2;-1.23;07/09/2026;00:00;22.1;0;SOLEIL;3;0;0
Mimizan;44.2;-1.23;07/09/2026;01:00;22.1;0;SOLEIL;3;0;0
Mimizan;44.2;-1.23;07/09/2026;02:00;19.6;0;SOLEIL;5;0;0
Mimizan;44.2;-1.23;07/09/2026;03:00;19.6;0;SOLEIL;5;0;0
Mimizan;44.2;-1.23;07/09/2026;04:00;19.6;0;SOLEIL;5;0;0
Mimizan;44.2;-1.23;07/09/2026;05:00;20.4;2;NUAGEUX;3;0;0
Mimizan;44.2;-1.23;07/09/2026;06:00;20.4;2;NUAGEUX;3;0;0
Mimizan;44.2;-1.23;07/09/2026;07:00;20.4;2;NUAGEUX;3;0;0
Mimizan;44.2;-1.23;07/09/2026;08:00;21.2;0;SOLEIL;5;0;0
Mimizan;44.2;-1.23;07/09/2026;09:00;22.0;0;SOLEIL;5;0;0
Mimizan;44.2;-1.23;07/09/2026;10:00;22.8;0;SOLEIL;5;0;0
Mimizan;44.2;-1.23;07/09/2026;11:00;25.6;6;AVERSES;3;0;0
Mimizan;44.2;-1.23;07/09/2026;12:00;25.6;6;AVERSES;3;0;0
Mimizan;44.2;-1.23;07/09/2026;13:00;25.6;6;AVERSES;3;0;0
Mimizan;44.2;-1.23;07/09/2026;14:00;26.1;0;SOLEIL;5;0;0
Mimizan;44.2;-1.23;07/09/2026;15:00;26.9;0;SOLEIL;5;0;0
Mimizan;44.2;-1.23;07/09/2026;16:00;26.1;0;SOLEIL;5;0;0
Mimizan;44.2;-1.23;07/09/2026;17:00;23.6;0;SOLEIL;3;0;0
Mimizan;44.2;-1.23;07/09/2026;18:00;23.6;0;SOLEIL;3;0;0
Mimizan;44.2;-1.23;07/09/2026;19:00;23.6;0;SOLEIL;3;0;0
Mimizan;44.2;-1.23;07/09/2026;20:00;22.8;0;SOLEIL;5;0;0
Mimizan;44.2;-1.23;07/09/2026;21:00;22.0;0;SOLEIL;5;0;0
Mimizan;44.2;-1.23;07/09/2026;22:00;21.2;0;SOLEIL;5;0;0
Mimizan;44.2;-1.23;07/09/2026;23:00;19.1;0;SOLEIL;2;0;0
Mimizan;44.2;-1.23;08/09/2026;00:00;19.1;0;SOLEIL;2;0;0
Mimizan;44.2;-1.23;08/09/2026;01:00;19.1;0;SOLEIL;2;0;0
Mimizan;44.2;-1.23;08/09/2026;02:00;17;0;SOLEIL;5;0;0
Mimizan;44.2;-1.23;08/09/2026;03:00;17;0;SOLEIL;5;0;0
Mimizan;44.2;-1.23;08/09/2026;04:00;17;0;SOLEIL;5;0;0
Mimizan;44.2;-1.23;08/09/2026;05:00;17.9;6;AVERSES;2;0;0
Mimizan;44.2;-1.23;08/09/2026;06:00;17.9;6;AVERSES;2;0;0
Mimizan;44.2;-1.23;08/09/2026;07:00;17.9;6;AVERSES;2;0;0
Mimizan;44.2;-1.23;08/09/2026;08:00;18.8;0;SOLEIL;5;0;0
Mimizan;44.2;-1.23;08/09/2026;09:00;19.7;0;SOLEIL;5;0;0
Mimizan;44.2;-1.23;08/09/2026;10:00;20.6;0;SOLEIL;5;0;0
Mimizan;44.2;-1.23;08/09/2026;11:00;24.2;7;PLUIE FAIBLE;3;0;0
Mimizan;44.2;-1.23;08/09/2026;12:00;24.2;7;PLUIE FAIBLE;3;0;0
Mimizan;44.2;-1.23;08/09/2026;13:00;24.2;7;PLUIE FAIBLE;3;0;0
Mimizan;44.2;-1.23;08/09/2026;14:00;24.2;0;SOLEIL;5;0;0
Mimizan;44.2;-1.23;08/09/2026;15:00;25.1;0;SOLEIL;5;0;0
Mimizan;44.2;-1.23;08/09/2026;16:00;24.2;0;SOLEIL;5;0;0
Mimizan;44.2;-1.23;08/09/2026;17:00;21.9;0;SOLEIL;3;0;0
Mimizan;44.2;-1.23;08/09/2026;18:00;21.9;0;SOLEIL;3;0;0
Mimizan;44.2;-1.23;08/09/2026;19:00;21.9;0;SOLEIL;3;0;0
Mimizan;44.2;-1.23;08/09/2026;20:00;20.6;0;SOLEIL;5;0;0
Mimizan;44.2;-1.23;08/09/2026;21:00;19.7;0;SOLEIL;5;0;0
Mimizan;44.2;-1.23;08/09/2026;22:00;18.8;0;SOLEIL;5;0;0
Mimizan;44.2;-1.23;08/09/2026;23:00;18.6;0;SOLEIL;4;0;0
Mont-de-Marsan;43.89;-0.5;04/09/2026;00:00;19.1;0;SOLEIL;1;0;0
Mont-de-Marsan;43.89;-0.5;04/09/2026;01:00;19;0;SOLEIL;1;0;0
Mont-de-Marsan;43.89;-0.5;04/09/2026;02:00;18.1;0;SOLEIL;1;0;0
Mont-de-Marsan;43.89;-0.5;04/09/2026;03:00;16.2;0;SOLEIL;1;0;0
Mont-de-Marsan;43.89;-0.5;04/09/2026;04:00;16.1;0;SOLEIL;1;0;0
Mont-de-Marsan;43.89;-0.5;04/09/2026;05:00;15.5;0;SOLEIL;2;0;0
Mont-de-Marsan;43.89;-0.5;04/09/2026;06:00;14.9;0;SOLEIL;2;0;0
Mont-de-Marsan;43.89;-0.5;04/09/2026;07:00;18.6;0;SOLEIL;2;0;0
Mont-de-Marsan;43.89;-0.5;04/09/2026;08:00;22.9;0;SOLEIL;1;0;0
Mont-de-Marsan;43.89;-0.5;04/09/2026;09:00;26.5;0;SOLEIL;2;0;0
Mont-de-Marsan;43.89;-0.5;04/09/2026;10:00;30.6;0;SOLEIL;2;0;0
Mont-de-Marsan;43.89;-0.5;04/09/2026;11:00;33.2;0;SOLEIL;2;0;0
Mont-de-Marsan;43.89;-0.5;04/09/2026;12:00;34.4;0;SOLEIL;1;0;0
Mont-de-Marsan;43.89;-0.5;04/09/2026;13:00;36.4;0;SOLEIL;2;0;0
Mont-de-Marsan;43.89;-0.5;04/09/2026;14:00;37.4;0;SOLEIL;2;0;0
Mont-de-Marsan;43.89;-0.5;04/09/2026;15:00;36.7;0;SOLEIL;2;0;0
Mont-de-Marsan;43.89;-0.5;04/09/2026;16:00;36.5;0;SOLEIL;2;0;0
Mont-de-Marsan;43.89;-0.5;04/09/2026;17:00;36.5;0;SOLEIL;3;0;0
Mont-de-Marsan;43.89;-0.5;04/09/2026;18:00;34.1;0;SOLEIL;3;0;0
Mont-de-Marsan;43.89;-0.5;04/09/2026;19:00;30.7;0;SOLEIL;2;0;0
Mont-de-Marsan;43.89;-0.5;04/09/2026;20:00;27.7;0;SOLEIL;2;0;0
Mont-de-Marsan;43.89;-0.5;04/09/2026;21:00;26.1;0;SOLEIL;2;0;0
Mont-de-Marsan;43.89;-0.5;04/09/2026;22:00;24.7;0;SOLEIL;2;0;0
Mont-de-Marsan;43.89;-0.5;04/09/2026;23:00;22.7;0;SOLEIL;2;0;0
Mont-de-Marsan;43.89;-0.5;05/09/2026;00:00;22;0;SOLEIL;2;0;0
Mont-de-Marsan;43.89;-0.5;05/09/2026;01:00;22;0;SOLEIL;2;0;0
Mont-de-Marsan;43.89;-0.5;05/09/2026;02:00;18.5;0;SOLEIL;2;0;0
Mont-de-Marsan;43.89;-0.5;05/09/2026;03:00;18.5;0;SOLEIL;2;0;0
Mont-de-Marsan;43.89;-0.5;05/09/2026;04:00;18.5;0;SOLEIL;2;0;0
Mont-de-Marsan;43.89;-0.5;05/09/2026;05:00;17;0;SOLEIL;2;0;0
Mont-de-Marsan;43.89;-0.5;05/09/2026;06:00;17;0;SOLEIL;2;0;0
Mont-de-Marsan;43.89;-0.5;05/09/2026;07:00;17;0;SOLEIL;2;0;0
Mont-de-Marsan;43.89;-0.5;05/09/2026;08:00;23.7;0;SOLEIL;1;0;0
Mont-de-Marsan;43.89;-0.5;05/09/2026;09:00;23.7;0;SOLEIL;1;0;0
Mont-de-Marsan;43.89;-0.5;05/09/2026;10:00;23.7;0;SOLEIL;1;0;0
Mont-de-Marsan;43.89;-0.5;05/09/2026;11:00;30.9;0;SOLEIL;1;0;0
Mont-de-Marsan;43.89;-0.5;05/09/2026;12:00;30.9;0;SOLEIL;1;0;0
Mont-de-Marsan;43.89;-0.5;05/09/2026;13:00;30.9;0;SOLEIL;1;0;0
Mont-de-Marsan;43.89;-0.5;05/09/2026;14:00;34.7;0;SOLEIL;2;0;0
Mont-de-Marsan;43.89;-0.5;05/09/2026;15:00;34.7;0;SOLEIL;2;0;0
Mont-de-Marsan;43.89;-0.5;05/09/2026;16:00;34.7;0;SOLEIL;2;0;0
Mont-de-Marsan;43.89;-0.5;05/09/2026;17:00;34.1;0;SOLEIL;3;0;0
Mont-de-Marsan;43.89;-0.5;05/09/2026;18:00;34.1;0;SOLEIL;3;0;0
Mont-de-Marsan;43.89;-0.5;05/09/2026;19:00;34.1;0;SOLEIL;3;0;0
Mont-de-Marsan;43.89;-0.5;05/09/2026;20:00;26.5;0;SOLEIL;3;0;0
Mont-de-Marsan;43.89;-0.5;05/09/2026;21:00;26.5;0;SOLEIL;3;0;0
Mont-de-Marsan;43.89;-0.5;05/09/2026;22:00;26.5;0;SOLEIL;3;0;0
Mont-de-Marsan;43.89;-0.5;05/09/2026;23:00;24.4;0;SOLEIL;3;0;0
Mont-de-Marsan;43.89;-0.5;06/09/2026;00:00;24.4;0;SOLEIL;3;0;0
Mont-de-Marsan;43.89;-0.5;06/09/2026;01:00;24.4;0;SOLEIL;3;0;0
Mont-de-Marsan;43.89;-0.5;06/09/2026;02:00;23;0;SOLEIL;3;0;0
Mont-de-Marsan;43.89;-0.5;06/09/2026;03:00;23;0;SOLEIL;3;0;0
Mont-de-Marsan;43.89;-0.5;06/09/2026;04:00;23;0;SOLEIL;3;0;0
Mont-de-Marsan;43.89;-0.5;06/09/2026;05:00;22.6;0;SOLEIL;3;0;0
Mont-de-Marsan;43.89;-0.5;06/09/2026;06:00;22.6;0;SOLEIL;3;0;0
Mont-de-Marsan;43.89;-0.5;06/09/2026;07:00;22.6;0;SOLEIL;3;0;0
Mont-de-Marsan;43.89;-0.5;06/09/2026;08:00;30.1;0;SOLEIL;3;0;0
Mont-de-Marsan;43.89;-0.5;06/09/2026;09:00;30.1;0;SOLEIL;3;0;0
Mont-de-Marsan;43.89;-0.5;06/09/2026;10:00;30.1;0;SOLEIL;3;0;0
Mont-de-Marsan;43.89;-0.5;06/09/2026;11:00;36;0;SOLEIL;2;0;0
Mont-de-Marsan;43.89;-0.5;06/09/2026;12:00;36;0;SOLEIL;2;0;0
Mont-de-Marsan;43.89;-0.5;06/09/2026;13:00;36;0;SOLEIL;2;0;0
Mont-de-Marsan;43.89;-0.5;06/09/2026;14:00;38.5;0;SOLEIL;4;0;0
Mont-de-Marsan;43.89;-0.5;06/09/2026;15:00;38.5;0;SOLEIL;4;0;0
Mont-de-Marsan;43.89;-0.5;06/09/2026;16:00;38.5;0;SOLEIL;4;0;0
Mont-de-Marsan;43.89;-0.5;06/09/2026;17:00;33.1;0;SOLEIL;4;0;0
Mont-de-Marsan;43.89;-0.5;06/09/2026;18:00;33.1;0;SOLEIL;4;0;0
Mont-de-Marsan;43.89;-0.5;06/09/2026;19:00;33.1;0;SOLEIL;4;0;0
Mont-de-Marsan;43.89;-0.5;06/09/2026;20:00;29.4;0;SOLEIL;5;0;0
Mont-de-Marsan;43.89;-0.5;06/09/2026;21:00;27.5;0;SOLEIL;5;0;0
Mont-de-Marsan;43.89;-0.5;06/09/2026;22:00;25.6;0;SOLEIL;5;0;0
Mont-de-Marsan;43.89;-0.5;06/09/2026;23:00;23.1;0;SOLEIL;3;0;0
Mont-de-Marsan;43.89;-0.5;07/09/2026;00:00;23.1;0;SOLEIL;3;0;0
Mont-de-Marsan;43.89;-0.5;07/09/2026;01:00;23.1;0;SOLEIL;3;0;0
Mont-de-Marsan;43.89;-0.5;07/09/2026;02:00;20;0;SOLEIL;5;0;0
Mont-de-Marsan;43.89;-0.5;07/09/2026;03:00;20;0;SOLEIL;5;0;0
Mont-de-Marsan;43.89;-0.5;07/09/2026;04:00;20;0;SOLEIL;5;0;0
Mont-de-Marsan;43.89;-0.5;07/09/2026;05:00;21.1;2;NUAGEUX;3;0;0
Mont-de-Marsan;43.89;-0.5;07/09/2026;06:00;21.1;2;NUAGEUX;3;0;0
Mont-de-Marsan;43.89;-0.5;07/09/2026;07:00;21.1;2;NUAGEUX;3;0;0
Mont-de-Marsan;43.89;-0.5;07/09/2026;08:00;22.4;0;SOLEIL;5;0;0
Mont-de-Marsan;43.89;-0.5;07/09/2026;09:00;23.6;0;SOLEIL;5;0;0
Mont-de-Marsan;43.89;-0.5;07/09/2026;10:00;24.8;0;SOLEIL;5;0;0
Mont-de-Marsan;43.89;-0.5;07/09/2026;11:00;27.7;2;NUAGEUX;2;0;0
Mont-de-Marsan;43.89;-0.5;07/09/2026;12:00;27.7;2;NUAGEUX;2;0;0
Mont-de-Marsan;43.89;-0.5;07/09/2026;13:00;27.7;2;NUAGEUX;2;0;0
Mont-de-Marsan;43.89;-0.5;07/09/2026;14:00;29.7;0;SOLEIL;5;0;0
Mont-de-Marsan;43.89;-0.5;07/09/2026;15:00;30.9;0;SOLEIL;5;0;0
Mont-de-Marsan;43.89;-0.5;07/09/2026;16:00;29.7;0;SOLEIL;5;0;0
Mont-de-Marsan;43.89;-0.5;07/09/2026;17:00;26.6;0;SOLEIL;4;0;0
Mont-de-Marsan;43.89;-0.5;07/09/2026;18:00;26.6;0;SOLEIL;4;0;0
Mont-de-Marsan;43.89;-0.5;07/09/2026;19:00;26.6;0;SOLEIL;4;0;0
Mont-de-Marsan;43.89;-0.5;07/09/2026;20:00;24.8;0;SOLEIL;5;0;0
Mont-de-Marsan;43.89;-0.5;07/09/2026;21:00;23.6;0;SOLEIL;5;0;0
Mont-de-Marsan;43.89;-0.5;07/09/2026;22:00;22.4;0;SOLEIL;5;0;0
Mont-de-Marsan;43.89;-0.5;07/09/2026;23:00;19.1;0;SOLEIL;2;0;0
Mont-de-Marsan;43.89;-0.5;08/09/2026;00:00;19.1;0;SOLEIL;2;0;0
Mont-de-Marsan;43.89;-0.5;08/09/2026;01:00;19.1;0;SOLEIL;2;0;0
Mont-de-Marsan;43.89;-0.5;08/09/2026;02:00;17;2;NUAGEUX;5;0;0
Mont-de-Marsan;43.89;-0.5;08/09/2026;03:00;17;2;NUAGEUX;5;0;0
Mont-de-Marsan;43.89;-0.5;08/09/2026;04:00;17;2;NUAGEUX;5;0;0
Mont-de-Marsan;43.89;-0.5;08/09/2026;05:00;18.1;2;NUAGEUX;1;0;0
Mont-de-Marsan;43.89;-0.5;08/09/2026;06:00;18.1;2;NUAGEUX;1;0;0
Mont-de-Marsan;43.89;-0.5;08/09/2026;07:00;18.1;2;NUAGEUX;1;0;0
Mont-de-Marsan;43.89;-0.5;08/09/2026;08:00;19.5;2;NUAGEUX;5;0;0
Mont-de-Marsan;43.89;-0.5;08/09/2026;09:00;20.7;2;NUAGEUX;5;0;0
Mont-de-Marsan;43.89;-0.5;08/09/2026;10:00;21.9;2;NUAGEUX;5;0;0
Mont-de-Marsan;43.89;-0.5;08/09/2026;11:00;24.9;2;NUAGEUX;3;0;0
Mont-de-Marsan;43.89;-0.5;08/09/2026;12:00;24.9;2;NUAGEUX;3;0;0
Mont-de-Marsan;43.89;-0.5;08/09/2026;13:00;24.9;2;NUAGEUX;3;0;0
Mont-de-Marsan;43.89;-0.5;08/09/2026;14:00;26.9;2;NUAGEUX;5;0;0
Mont-de-Marsan;43.89;-0.5;08/09/2026;15:00;28.1;2;NUAGEUX;5;0;0
Mont-de-Marsan;43.89;-0.5;08/09/2026;16:00;26.9;2;NUAGEUX;5;0;0
Mont-de-Marsan;43.89;-0.5;08/09/2026;17:00;23.9;0;SOLEIL;4;0;0
Mont-de-Marsan;43.89;-0.5;08/09/2026;18:00;23.9;0;SOLEIL;4;0;0
Mont-de-Marsan;43.89;-0.5;08/09/2026;19:00;23.9;0;SOLEIL;4;0;0
Mont-de-Marsan;43.89;-0.5;08/09/2026;20:00;21.9;2;NUAGEUX;5;0;0
Mont-de-Marsan;43.89;-0.5;08/09/2026;21:00;20.7;2;NUAGEUX;5;0;0
Mont-de-Marsan;43.89;-0.5;08/09/2026;22:00;19.5;2;NUAGEUX;5;0;0
Mont-de-Marsan;43.89;-0.5;08/09/2026;23:00;18.1;0;SOLEIL;2;0;0
Agen;44.2;0.61;04/09/2026;00:00;16.6;0;SOLEIL;1;0;0
Agen;44.2;0.61;04/09/2026;01:00;17.1;0;SOLEIL;0;0;0
Agen;44.2;0.61;04/09/2026;02:00;16.4;0;SOLEIL;1;0;0
Agen;44.2;0.61;04/09/2026;03:00;15.5;0;SOLEIL;0;0;0
Agen;44.2;0.61;04/09/2026;04:00;16;0;SOLEIL;0;0;0
Agen;44.2;0.61;04/09/2026;05:00;15.1;0;SOLEIL;1;0;0
Agen;44.2;0.61;04/09/2026;06:00;14.6;0;SOLEIL;1;0;0
Agen;44.2;0.61;04/09/2026;07:00;19;0;SOLEIL;2;0;0
Agen;44.2;0.61;04/09/2026;08:00;22.5;0;SOLEIL;2;0;0
Agen;44.2;0.61;04/09/2026;09:00;25.1;0;SOLEIL;2;0;0
Agen;44.2;0.61;04/09/2026;10:00;29.1;0;SOLEIL;2;0;0
Agen;44.2;0.61;04/09/2026;11:00;30.6;0;SOLEIL;2;0;0
Agen;44.2;0.61;04/09/2026;12:00;32.6;0;SOLEIL;0;0;0
Agen;44.2;0.61;04/09/2026;13:00;32.9;0;SOLEIL;2;0;0
Agen;44.2;0.61;04/09/2026;14:00;34.4;0;SOLEIL;3;0;0
Agen;44.2;0.61;04/09/2026;15:00;35.6;0;SOLEIL;3;0;0
Agen;44.2;0.61;04/09/2026;16:00;35.4;0;SOLEIL;3;0;0
Agen;44.2;0.61;04/09/2026;17:00;34.6;0;SOLEIL;3;0;0
Agen;44.2;0.61;04/09/2026;18:00;32.4;0;SOLEIL;2;0;0
Agen;44.2;0.61;04/09/2026;19:00;29.4;0;SOLEIL;2;0;0
Agen;44.2;0.61;04/09/2026;20:00;26.1;0;SOLEIL;0;0;0
Agen;44.2;0.61;04/09/2026;21:00;23;0;SOLEIL;2;0;0
Agen;44.2;0.61;04/09/2026;22:00;21.7;0;SOLEIL;2;0;0
Agen;44.2;0.61;04/09/2026;23:00;20.9;0;SOLEIL;2;0;0
Agen;44.2;0.61;05/09/2026;00:00;18.4;0;SOLEIL;2;0;0
Agen;44.2;0.61;05/09/2026;01:00;18.4;0;SOLEIL;2;0;0
Agen;44.2;0.61;05/09/2026;02:00;17.1;0;SOLEIL;2;0;0
Agen;44.2;0.61;05/09/2026;03:00;17.1;0;SOLEIL;2;0;0
Agen;44.2;0.61;05/09/2026;04:00;17.1;0;SOLEIL;2;0;0
Agen;44.2;0.61;05/09/2026;05:00;16.7;0;SOLEIL;2;0;0
Agen;44.2;0.61;05/09/2026;06:00;16.7;0;SOLEIL;2;0;0
Agen;44.2;0.61;05/09/2026;07:00;16.7;0;SOLEIL;2;0;0
Agen;44.2;0.61;05/09/2026;08:00;24;0;SOLEIL;1;0;0
Agen;44.2;0.61;05/09/2026;09:00;24;0;SOLEIL;1;0;0
Agen;44.2;0.61;05/09/2026;10:00;24;0;SOLEIL;1;0;0
Agen;44.2;0.61;05/09/2026;11:00;31;0;SOLEIL;2;0;0
Agen;44.2;0.61;05/09/2026;12:00;31;0;SOLEIL;2;0;0
Agen;44.2;0.61;05/09/2026;13:00;31;0;SOLEIL;2;0;0
Agen;44.2;0.61;05/09/2026;14:00;35.6;0;SOLEIL;2;0;0
Agen;44.2;0.61;05/09/2026;15:00;35.6;0;SOLEIL;2;0;0
Agen;44.2;0.61;05/09/2026;16:00;35.6;0;SOLEIL;2;0;0
Agen;44.2;0.61;05/09/2026;17:00;32.9;0;SOLEIL;1;0;0
Agen;44.2;0.61;05/09/2026;18:00;32.9;0;SOLEIL;1;0;0
Agen;44.2;0.61;05/09/2026;19:00;32.9;0;SOLEIL;1;0;0
Agen;44.2;0.61;05/09/2026;20:00;23.7;0;SOLEIL;2;0;0
Agen;44.2;0.61;05/09/2026;21:00;23.7;0;SOLEIL;2;0;0
Agen;44.2;0.61;05/09/2026;22:00;23.7;0;SOLEIL;2;0;0
Agen;44.2;0.61;05/09/2026;23:00;22.5;0;SOLEIL;3;0;0
Agen;44.2;0.61;06/09/2026;00:00;22.5;0;SOLEIL;3;0;0
Agen;44.2;0.61;06/09/2026;01:00;22.5;0;SOLEIL;3;0;0
Agen;44.2;0.61;06/09/2026;02:00;20.5;0;SOLEIL;3;0;0
Agen;44.2;0.61;06/09/2026;03:00;20.5;0;SOLEIL;3;0;0
Agen;44.2;0.61;06/09/2026;04:00;20.5;0;SOLEIL;3;0;0
Agen;44.2;0.61;06/09/2026;05:00;20.6;0;SOLEIL;3;0;0
Agen;44.2;0.61;06/09/2026;06:00;20.6;0;SOLEIL;3;0;0
Agen;44.2;0.61;06/09/2026;07:00;20.6;0;SOLEIL;3;0;0
Agen;44.2;0.61;06/09/2026;08:00;28.7;0;SOLEIL;3;0;0
Agen;44.2;0.61;06/09/2026;09:00;28.7;0;SOLEIL;3;0;0
Agen;44.2;0.61;06/09/2026;10:00;28.7;0;SOLEIL;3;0;0
Agen;44.2;0.61;06/09/2026;11:00;35.6;0;SOLEIL;3;0;0
Agen;44.2;0.61;06/09/2026;12:00;35.6;0;SOLEIL;3;0;0
Agen;44.2;0.61;06/09/2026;13:00;35.6;0;SOLEIL;3;0;0
Agen;44.2;0.61;06/09/2026;14:00;38.4;0;SOLEIL;2;0;0
Agen;44.2;0.61;06/09/2026;15:00;38.4;0;SOLEIL;2;0;0
Agen;44.2;0.61;06/09/2026;16:00;38.4;0;SOLEIL;2;0;0
Agen;44.2;0.61;06/09/2026;17:00;34;0;SOLEIL;3;0;0
Agen;44.2;0.61;06/09/2026;18:00;34;0;SOLEIL;3;0;0
Agen;44.2;0.61;06/09/2026;19:00;34;0;SOLEIL;3;0;0
Agen;44.2;0.61;06/09/2026;20:00;28.3;0;SOLEIL;5;0;0
Agen;44.2;0.61;06/09/2026;21:00;26.1;0;SOLEIL;5;0;0
Agen;44.2;0.61;06/09/2026;22:00;24.0;0;SOLEIL;5;0;0
Agen;44.2;0.61;06/09/2026;23:00;22.9;0;SOLEIL;3;0;0
Agen;44.2;0.61;07/09/2026;00:00;22.9;0;SOLEIL;3;0;0
Agen;44.2;0.61;07/09/2026;01:00;22.9;0;SOLEIL;3;0;0
Agen;44.2;0.61;07/09/2026;02:00;19.9;2;NUAGEUX;5;0;0
Agen;44.2;0.61;07/09/2026;03:00;19.9;2;NUAGEUX;5;0;0
Agen;44.2;0.61;07/09/2026;04:00;19.9;2;NUAGEUX;5;0;0
Agen;44.2;0.61;07/09/2026;05:00;20.7;2;NUAGEUX;3;0;0
Agen;44.2;0.61;07/09/2026;06:00;20.7;2;NUAGEUX;3;0;0
Agen;44.2;0.61;07/09/2026;07:00;20.7;2;NUAGEUX;3;0;0
Agen;44.2;0.61;07/09/2026;08:00;22.4;2;NUAGEUX;5;0;0
Agen;44.2;0.61;07/09/2026;09:00;23.7;2;NUAGEUX;5;0;0
Agen;44.2;0.61;07/09/2026;10:00;24.9;2;NUAGEUX;5;0;0
Agen;44.2;0.61;07/09/2026;11:00;28.5;2;NUAGEUX;2;0;0
Agen;44.2;0.61;07/09/2026;12:00;28.5;2;NUAGEUX;2;0;0
Agen;44.2;0.61;07/09/2026;13:00;28.5;2;NUAGEUX;2;0;0
Agen;44.2;0.61;07/09/2026;14:00;29.9;2;NUAGEUX;5;0;0
Agen;44.2;0.61;07/09/2026;15:00;31.2;2;NUAGEUX;5;0;0
Agen;44.2;0.61;07/09/2026;16:00;29.9;2;NUAGEUX;5;0;0
Agen;44.2;0.61;07/09/2026;17:00;29.2;0;SOLEIL;3;0;0
Agen;44.2;0.61;07/09/2026;18:00;29.2;0;SOLEIL;3;0;0
Agen;44.2;0.61;07/09/2026;19:00;29.2;0;SOLEIL;3;0;0
Agen;44.2;0.61;07/09/2026;20:00;24.9;2;NUAGEUX;5;0;0
Agen;44.2;0.61;07/09/2026;21:00;23.7;2;NUAGEUX;5;0;0
Agen;44.2;0.61;07/09/2026;22:00;22.4;2;NUAGEUX;5;0;0
Agen;44.2;0.61;07/09/2026;23:00;20.4;0;SOLEIL;3;0;0
Agen;44.2;0.61;08/09/2026;00:00;20.4;0;SOLEIL;3;0;0
Agen;44.2;0.61;08/09/2026;01:00;20.4;0;SOLEIL;3;0;0
Agen;44.2;0.61;08/09/2026;02:00;17.7;0;SOLEIL;5;0;0
Agen;44.2;0.61;08/09/2026;03:00;17.7;0;SOLEIL;5;0;0
Agen;44.2;0.61;08/09/2026;04:00;17.7;0;SOLEIL;5;0;0
Agen;44.2;0.61;08/09/2026;05:00;18.7;2;NUAGEUX;2;0;0
Agen;44.2;0.61;08/09/2026;06:00;18.7;2;NUAGEUX;2;0;0
Agen;44.2;0.61;08/09/2026;07:00;18.7;2;NUAGEUX;2;0;0
Agen;44.2;0.61;08/09/2026;08:00;20.0;0;SOLEIL;5;0;0
Agen;44.2;0.61;08/09/2026;09:00;21.2;0;SOLEIL;5;0;0
Agen;44.2;0.61;08/09/2026;10:00;22.4;0;SOLEIL;5;0;0
Agen;44.2;0.61;08/09/2026;11:00;25.9;0;SOLEIL;3;0;0
Agen;44.2;0.61;08/09/2026;12:00;25.9;0;SOLEIL;3;0;0
Agen;44.2;0.61;08/09/2026;13:00;25.9;0;SOLEIL;3;0;0
Agen;44.2;0.61;08/09/2026;14:00;27.0;0;SOLEIL;5;0;0
Agen;44.2;0.61;08/09/2026;15:00;28.2;0;SOLEIL;5;0;0
Agen;44.2;0.61;08/09/2026;16:00;27.0;0;SOLEIL;5;0;0
Agen;44.2;0.61;08/09/2026;17:00;25.2;0;SOLEIL;4;0;0
Agen;44.2;0.61;08/09/2026;18:00;25.2;0;SOLEIL;4;0;0
Agen;44.2;0.61;08/09/2026;19:00;25.2;0;SOLEIL;4;0;0
Agen;44.2;0.61;08/09/2026;20:00;22.4;0;SOLEIL;5;0;0
Agen;44.2;0.61;08/09/2026;21:00;21.2;0;SOLEIL;5;0;0
Agen;44.2;0.61;08/09/2026;22:00;20.0;0;SOLEIL;5;0;0
Agen;44.2;0.61;08/09/2026;23:00;18.7;0;SOLEIL;3;0;0
Marmande;44.5;0.16;04/09/2026;00:00;20.4;0;SOLEIL;0;0;0
Marmande;44.5;0.16;04/09/2026;01:00;19.6;0;SOLEIL;1;0;0
Marmande;44.5;0.16;04/09/2026;02:00;18.4;0;SOLEIL;1;0;0
Marmande;44.5;0.16;04/09/2026;03:00;18.1;0;SOLEIL;1;0;0
Marmande;44.5;0.16;04/09/2026;04:00;17.7;0;SOLEIL;0;0;0
Marmande;44.5;0.16;04/09/2026;05:00;16.9;0;SOLEIL;1;0;0
Marmande;44.5;0.16;04/09/2026;06:00;16.1;0;SOLEIL;1;0;0
Marmande;44.5;0.16;04/09/2026;07:00;19.2;0;SOLEIL;1;0;0
Marmande;44.5;0.16;04/09/2026;08:00;21.6;0;SOLEIL;1;0;0
Marmande;44.5;0.16;04/09/2026;09:00;24.9;0;SOLEIL;1;0;0
Marmande;44.5;0.16;04/09/2026;10:00;28.6;0;SOLEIL;2;0;0
Marmande;44.5;0.16;04/09/2026;11:00;30.7;0;SOLEIL;2;0;0
Marmande;44.5;0.16;04/09/2026;12:00;32.7;0;SOLEIL;1;0;0
Marmande;44.5;0.16;04/09/2026;13:00;33.6;0;SOLEIL;1;0;0
Marmande;44.5;0.16;04/09/2026;14:00;35.1;0;SOLEIL;2;0;0
Marmande;44.5;0.16;04/09/2026;15:00;35.1;0;SOLEIL;3;0;0
Marmande;44.5;0.16;04/09/2026;16:00;35.5;0;SOLEIL;3;0;0
Marmande;44.5;0.16;04/09/2026;17:00;35.9;0;SOLEIL;2;0;0
Marmande;44.5;0.16;04/09/2026;18:00;33.1;0;SOLEIL;2;0;0
Marmande;44.5;0.16;04/09/2026;19:00;31.9;0;SOLEIL;2;0;0
Marmande;44.5;0.16;04/09/2026;20:00;28.5;0;SOLEIL;3;0;0
Marmande;44.5;0.16;04/09/2026;21:00;25.2;0;SOLEIL;3;0;0
Marmande;44.5;0.16;04/09/2026;22:00;24.2;0;SOLEIL;2;0;0
Marmande;44.5;0.16;04/09/2026;23:00;23.5;0;SOLEIL;2;0;0
Marmande;44.5;0.16;05/09/2026;00:00;20.2;0;SOLEIL;2;0;0
Marmande;44.5;0.16;05/09/2026;01:00;20.2;0;SOLEIL;2;0;0
Marmande;44.5;0.16;05/09/2026;02:00;18;0;SOLEIL;2;0;0
Marmande;44.5;0.16;05/09/2026;03:00;18;0;SOLEIL;2;0;0
Marmande;44.5;0.16;05/09/2026;04:00;18;0;SOLEIL;2;0;0
Marmande;44.5;0.16;05/09/2026;05:00;18.1;0;SOLEIL;2;0;0
Marmande;44.5;0.16;05/09/2026;06:00;18.1;0;SOLEIL;2;0;0
Marmande;44.5;0.16;05/09/2026;07:00;18.1;0;SOLEIL;2;0;0
Marmande;44.5;0.16;05/09/2026;08:00;24.5;0;SOLEIL;1;0;0
Marmande;44.5;0.16;05/09/2026;09:00;24.5;0;SOLEIL;1;0;0
Marmande;44.5;0.16;05/09/2026;10:00;24.5;0;SOLEIL;1;0;0
Marmande;44.5;0.16;05/09/2026;11:00;30.9;0;SOLEIL;1;0;0
Marmande;44.5;0.16;05/09/2026;12:00;30.9;0;SOLEIL;1;0;0
Marmande;44.5;0.16;05/09/2026;13:00;30.9;0;SOLEIL;1;0;0
Marmande;44.5;0.16;05/09/2026;14:00;34.4;0;SOLEIL;2;0;0
Marmande;44.5;0.16;05/09/2026;15:00;34.4;0;SOLEIL;2;0;0
Marmande;44.5;0.16;05/09/2026;16:00;34.4;0;SOLEIL;2;0;0
Marmande;44.5;0.16;05/09/2026;17:00;34.1;0;SOLEIL;2;0;0
Marmande;44.5;0.16;05/09/2026;18:00;34.1;0;SOLEIL;2;0;0
Marmande;44.5;0.16;05/09/2026;19:00;34.1;0;SOLEIL;2;0;0
Marmande;44.5;0.16;05/09/2026;20:00;27.5;0;SOLEIL;2;0;0
Marmande;44.5;0.16;05/09/2026;21:00;27.5;0;SOLEIL;2;0;0
Marmande;44.5;0.16;05/09/2026;22:00;27.5;0;SOLEIL;2;0;0
Marmande;44.5;0.16;05/09/2026;23:00;23.5;0;SOLEIL;2;0;0
Marmande;44.5;0.16;06/09/2026;00:00;23.5;0;SOLEIL;2;0;0
Marmande;44.5;0.16;06/09/2026;01:00;23.5;0;SOLEIL;2;0;0
Marmande;44.5;0.16;06/09/2026;02:00;21.5;0;SOLEIL;2;0;0
Marmande;44.5;0.16;06/09/2026;03:00;21.5;0;SOLEIL;2;0;0
Marmande;44.5;0.16;06/09/2026;04:00;21.5;0;SOLEIL;2;0;0
Marmande;44.5;0.16;06/09/2026;05:00;19.6;0;SOLEIL;2;0;0
Marmande;44.5;0.16;06/09/2026;06:00;19.6;0;SOLEIL;2;0;0
Marmande;44.5;0.16;06/09/2026;07:00;19.6;0;SOLEIL;2;0;0
Marmande;44.5;0.16;06/09/2026;08:00;28.4;0;SOLEIL;2;0;0
Marmande;44.5;0.16;06/09/2026;09:00;28.4;0;SOLEIL;2;0;0
Marmande;44.5;0.16;06/09/2026;10:00;28.4;0;SOLEIL;2;0;0
Marmande;44.5;0.16;06/09/2026;11:00;34.7;0;SOLEIL;3;0;0
Marmande;44.5;0.16;06/09/2026;12:00;34.7;0;SOLEIL;3;0;0
Marmande;44.5;0.16;06/09/2026;13:00;34.7;0;SOLEIL;3;0;0
Marmande;44.5;0.16;06/09/2026;14:00;38.5;0;SOLEIL;3;0;0
Marmande;44.5;0.16;06/09/2026;15:00;38.5;0;SOLEIL;3;0;0
Marmande;44.5;0.16;06/09/2026;16:00;38.5;0;SOLEIL;3;0;0
Marmande;44.5;0.16;06/09/2026;17:00;34.9;0;SOLEIL;4;0;0
Marmande;44.5;0.16;06/09/2026;18:00;34.9;0;SOLEIL;4;0;0
Marmande;44.5;0.16;06/09/2026;19:00;34.9;0;SOLEIL;4;0;0
Marmande;44.5;0.16;06/09/2026;20:00;28.4;0;SOLEIL;5;0;0
Marmande;44.5;0.16;06/09/2026;21:00;26.1;0;SOLEIL;5;0;0
Marmande;44.5;0.16;06/09/2026;22:00;23.7;0;SOLEIL;5;0;0
Marmande;44.5;0.16;06/09/2026;23:00;22.4;0;SOLEIL;3;0;0
Marmande;44.5;0.16;07/09/2026;00:00;22.4;0;SOLEIL;3;0;0
Marmande;44.5;0.16;07/09/2026;01:00;22.4;0;SOLEIL;3;0;0
Marmande;44.5;0.16;07/09/2026;02:00;20.1;2;NUAGEUX;5;0;0
Marmande;44.5;0.16;07/09/2026;03:00;20.1;2;NUAGEUX;5;0;0
Marmande;44.5;0.16;07/09/2026;04:00;20.1;2;NUAGEUX;5;0;0
Marmande;44.5;0.16;07/09/2026;05:00;21;2;NUAGEUX;3;0;0
Marmande;44.5;0.16;07/09/2026;06:00;21;2;NUAGEUX;3;0;0
Marmande;44.5;0.16;07/09/2026;07:00;21;2;NUAGEUX;3;0;0
Marmande;44.5;0.16;07/09/2026;08:00;22.5;2;NUAGEUX;5;0;0
Marmande;44.5;0.16;07/09/2026;09:00;23.8;2;NUAGEUX;5;0;0
Marmande;44.5;0.16;07/09/2026;10:00;25.0;2;NUAGEUX;5;0;0
Marmande;44.5;0.16;07/09/2026;11:00;28.6;2;NUAGEUX;2;0;0
Marmande;44.5;0.16;07/09/2026;12:00;28.6;2;NUAGEUX;2;0;0
Marmande;44.5;0.16;07/09/2026;13:00;28.6;2;NUAGEUX;2;0;0
Marmande;44.5;0.16;07/09/2026;14:00;29.9;2;NUAGEUX;5;0;0
Marmande;44.5;0.16;07/09/2026;15:00;31.1;2;NUAGEUX;5;0;0
Marmande;44.5;0.16;07/09/2026;16:00;29.9;2;NUAGEUX;5;0;0
Marmande;44.5;0.16;07/09/2026;17:00;27.7;0;SOLEIL;4;0;0
Marmande;44.5;0.16;07/09/2026;18:00;27.7;0;SOLEIL;4;0;0
Marmande;44.5;0.16;07/09/2026;19:00;27.7;0;SOLEIL;4;0;0
Marmande;44.5;0.16;07/09/2026;20:00;25.0;2;NUAGEUX;5;0;0
Marmande;44.5;0.16;07/09/2026;21:00;23.8;2;NUAGEUX;5;0;0
Marmande;44.5;0.16;07/09/2026;22:00;22.5;2;NUAGEUX;5;0;0
Marmande;44.5;0.16;07/09/2026;23:00;20;0;SOLEIL;3;0;0
Marmande;44.5;0.16;08/09/2026;00:00;20;0;SOLEIL;3;0;0
Marmande;44.5;0.16;08/09/2026;01:00;20;0;SOLEIL;3;0;0
Marmande;44.5;0.16;08/09/2026;02:00;17.6;2;NUAGEUX;5;0;0
Marmande;44.5;0.16;08/09/2026;03:00;17.6;2;NUAGEUX;5;0;0
Marmande;44.5;0.16;08/09/2026;04:00;17.6;2;NUAGEUX;5;0;0
Marmande;44.5;0.16;08/09/2026;05:00;18.4;2;NUAGEUX;2;0;0
Marmande;44.5;0.16;08/09/2026;06:00;18.4;2;NUAGEUX;2;0;0
Marmande;44.5;0.16;08/09/2026;07:00;18.4;2;NUAGEUX;2;0;0
Marmande;44.5;0.16;08/09/2026;08:00;19.9;2;NUAGEUX;5;0;0
Marmande;44.5;0.16;08/09/2026;09:00;21.1;2;NUAGEUX;5;0;0
Marmande;44.5;0.16;08/09/2026;10:00;22.3;2;NUAGEUX;5;0;0
Marmande;44.5;0.16;08/09/2026;11:00;25.9;2;NUAGEUX;3;0;0
Marmande;44.5;0.16;08/09/2026;12:00;25.9;2;NUAGEUX;3;0;0
Marmande;44.5;0.16;08/09/2026;13:00;25.9;2;NUAGEUX;3;0;0
Marmande;44.5;0.16;08/09/2026;14:00;26.9;2;NUAGEUX;5;0;0
Marmande;44.5;0.16;08/09/2026;15:00;28.1;2;NUAGEUX;5;0;0
Marmande;44.5;0.16;08/09/2026;16:00;26.9;2;NUAGEUX;5;0;0
Marmande;44.5;0.16;08/09/2026;17:00;24.5;2;NUAGEUX;4;0;0
Marmande;44.5;0.16;08/09/2026;18:00;24.5;2;NUAGEUX;4;0;0
Marmande;44.5;0.16;08/09/2026;19:00;24.5;2;NUAGEUX;4;0;0
Marmande;44.5;0.16;08/09/2026;20:00;22.3;2;NUAGEUX;5;0;0
Marmande;44.5;0.16;08/09/2026;21:00;21.1;2;NUAGEUX;5;0;0
Marmande;44.5;0.16;08/09/2026;22:00;19.9;2;NUAGEUX;5;0;0
Marmande;44.5;0.16;08/09/2026;23:00;19.1;0;SOLEIL;2;0;0
Bayonne;43.49;-1.47;04/09/2026;00:00;18.6;0;SOLEIL;2;0;0
Bayonne;43.49;-1.47;04/09/2026;01:00;18.5;0;SOLEIL;1;0;0
Bayonne;43.49;-1.47;04/09/2026;02:00;17.6;0;SOLEIL;1;0;0
Bayonne;43.49;-1.47;04/09/2026;03:00;17.2;0;SOLEIL;1;0;0
Bayonne;43.49;-1.47;04/09/2026;04:00;17.1;0;SOLEIL;1;0;0
Bayonne;43.49;-1.47;04/09/2026;05:00;16.7;0;SOLEIL;2;0;0
Bayonne;43.49;-1.47;04/09/2026;06:00;16.2;0;SOLEIL;2;0;0
Bayonne;43.49;-1.47;04/09/2026;07:00;17.9;0;SOLEIL;2;0;0
Bayonne;43.49;-1.47;04/09/2026;08:00;21.6;0;SOLEIL;2;0;0
Bayonne;43.49;-1.47;04/09/2026;09:00;25.4;0;SOLEIL;2;0;0
Bayonne;43.49;-1.47;04/09/2026;10:00;29.2;0;SOLEIL;2;0;0
Bayonne;43.49;-1.47;04/09/2026;11:00;30.5;0;SOLEIL;2;0;0
Bayonne;43.49;-1.47;04/09/2026;12:00;30.2;0;SOLEIL;3;0;0
Bayonne;43.49;-1.47;04/09/2026;13:00;30.5;0;SOLEIL;3;0;0
Bayonne;43.49;-1.47;04/09/2026;14:00;30.1;0;SOLEIL;3;0;0
Bayonne;43.49;-1.47;04/09/2026;15:00;29.6;0;SOLEIL;3;0;0
Bayonne;43.49;-1.47;04/09/2026;16:00;27.1;0;SOLEIL;3;0;0
Bayonne;43.49;-1.47;04/09/2026;17:00;25.6;0;SOLEIL;3;0;0
Bayonne;43.49;-1.47;04/09/2026;18:00;24.6;0;SOLEIL;2;0;0
Bayonne;43.49;-1.47;04/09/2026;19:00;22.5;0;SOLEIL;3;0;0
Bayonne;43.49;-1.47;04/09/2026;20:00;21.7;0;SOLEIL;3;0;0
Bayonne;43.49;-1.47;04/09/2026;21:00;22.5;0;SOLEIL;3;0;0
Bayonne;43.49;-1.47;04/09/2026;22:00;22.7;0;SOLEIL;3;0;0
Bayonne;43.49;-1.47;04/09/2026;23:00;22.1;0;SOLEIL;3;0;0
Bayonne;43.49;-1.47;05/09/2026;00:00;21.9;0;SOLEIL;3;0;0
Bayonne;43.49;-1.47;05/09/2026;01:00;21.9;0;SOLEIL;3;0;0
Bayonne;43.49;-1.47;05/09/2026;02:00;21.6;0;SOLEIL;3;0;0
Bayonne;43.49;-1.47;05/09/2026;03:00;21.6;0;SOLEIL;3;0;0
Bayonne;43.49;-1.47;05/09/2026;04:00;21.6;0;SOLEIL;3;0;0
Bayonne;43.49;-1.47;05/09/2026;05:00;20.6;2;NUAGEUX;2;0;0
Bayonne;43.49;-1.47;05/09/2026;06:00;20.6;2;NUAGEUX;2;0;0
Bayonne;43.49;-1.47;05/09/2026;07:00;20.6;2;NUAGEUX;2;0;0
Bayonne;43.49;-1.47;05/09/2026;08:00;24.6;0;SOLEIL;0;0;0
Bayonne;43.49;-1.47;05/09/2026;09:00;24.6;0;SOLEIL;0;0;0
Bayonne;43.49;-1.47;05/09/2026;10:00;24.6;0;SOLEIL;0;0;0
Bayonne;43.49;-1.47;05/09/2026;11:00;28.9;0;SOLEIL;3;0;0
Bayonne;43.49;-1.47;05/09/2026;12:00;28.9;0;SOLEIL;3;0;0
Bayonne;43.49;-1.47;05/09/2026;13:00;28.9;0;SOLEIL;3;0;0
Bayonne;43.49;-1.47;05/09/2026;14:00;31.6;0;SOLEIL;4;0;0
Bayonne;43.49;-1.47;05/09/2026;15:00;31.6;0;SOLEIL;4;0;0
Bayonne;43.49;-1.47;05/09/2026;16:00;31.6;0;SOLEIL;4;0;0
Bayonne;43.49;-1.47;05/09/2026;17:00;33;0;SOLEIL;4;0;0
Bayonne;43.49;-1.47;05/09/2026;18:00;33;0;SOLEIL;4;0;0
Bayonne;43.49;-1.47;05/09/2026;19:00;33;0;SOLEIL;4;0;0
Bayonne;43.49;-1.47;05/09/2026;20:00;27.6;0;SOLEIL;5;0;0
Bayonne;43.49;-1.47;05/09/2026;21:00;27.6;0;SOLEIL;5;0;0
Bayonne;43.49;-1.47;05/09/2026;22:00;27.6;0;SOLEIL;5;0;0
Bayonne;43.49;-1.47;05/09/2026;23:00;22.4;0;SOLEIL;2;0;0
Bayonne;43.49;-1.47;06/09/2026;00:00;22.4;0;SOLEIL;2;0;0
Bayonne;43.49;-1.47;06/09/2026;01:00;22.4;0;SOLEIL;2;0;0
Bayonne;43.49;-1.47;06/09/2026;02:00;21.6;0;SOLEIL;2;0;0
Bayonne;43.49;-1.47;06/09/2026;03:00;21.6;0;SOLEIL;2;0;0
Bayonne;43.49;-1.47;06/09/2026;04:00;21.6;0;SOLEIL;2;0;0
Bayonne;43.49;-1.47;06/09/2026;05:00;23.2;0;SOLEIL;2;0;0
Bayonne;43.49;-1.47;06/09/2026;06:00;23.2;0;SOLEIL;2;0;0
Bayonne;43.49;-1.47;06/09/2026;07:00;23.2;0;SOLEIL;2;0;0
Bayonne;43.49;-1.47;06/09/2026;08:00;28.9;0;SOLEIL;4;0;0
Bayonne;43.49;-1.47;06/09/2026;09:00;28.9;0;SOLEIL;4;0;0
Bayonne;43.49;-1.47;06/09/2026;10:00;28.9;0;SOLEIL;4;0;0
Bayonne;43.49;-1.47;06/09/2026;11:00;29.4;0;SOLEIL;4;0;0
Bayonne;43.49;-1.47;06/09/2026;12:00;29.4;0;SOLEIL;4;0;0
Bayonne;43.49;-1.47;06/09/2026;13:00;29.4;0;SOLEIL;4;0;0
Bayonne;43.49;-1.47;06/09/2026;14:00;27.1;0;SOLEIL;4;11;0
Bayonne;43.49;-1.47;06/09/2026;15:00;27.1;0;SOLEIL;4;11;0
Bayonne;43.49;-1.47;06/09/2026;16:00;27.1;0;SOLEIL;4;11;0
Bayonne;43.49;-1.47;06/09/2026;17:00;24.4;0;SOLEIL;5;0;0
Bayonne;43.49;-1.47;06/09/2026;18:00;24.4;0;SOLEIL;5;0;0
Bayonne;43.49;-1.47;06/09/2026;19:00;24.4;0;SOLEIL;5;0;0
Bayonne;43.49;-1.47;06/09/2026;20:00;25.5;0;SOLEIL;5;0;0
Bayonne;43.49;-1.47;06/09/2026;21:00;24.3;0;SOLEIL;5;0;0
Bayonne;43.49;-1.47;06/09/2026;22:00;23.2;0;SOLEIL;5;0;0
Bayonne;43.49;-1.47;06/09/2026;23:00;22.7;0;SOLEIL;4;0;0
Bayonne;43.49;-1.47;07/09/2026;00:00;22.7;0;SOLEIL;4;0;0
Bayonne;43.49;-1.47;07/09/2026;01:00;22.7;0;SOLEIL;4;0;0
Bayonne;43.49;-1.47;07/09/2026;02:00;21.4;6;AVERSES;5;0;0
Bayonne;43.49;-1.47;07/09/2026;03:00;21.4;6;AVERSES;5;0;0
Bayonne;43.49;-1.47;07/09/2026;04:00;21.4;6;AVERSES;5;0;0
Bayonne;43.49;-1.47;07/09/2026;05:00;22;6;AVERSES;3;0;0
Bayonne;43.49;-1.47;07/09/2026;06:00;22;6;AVERSES;3;0;0
Bayonne;43.49;-1.47;07/09/2026;07:00;22;6;AVERSES;3;0;0
Bayonne;43.49;-1.47;07/09/2026;08:00;22.5;6;AVERSES;5;0;0
Bayonne;43.49;-1.47;07/09/2026;09:00;23.0;6;AVERSES;5;0;0
Bayonne;43.49;-1.47;07/09/2026;10:00;23.5;6;AVERSES;5;0;0
Bayonne;43.49;-1.47;07/09/2026;11:00;25.2;6;AVERSES;3;0;0
Bayonne;43.49;-1.47;07/09/2026;12:00;25.2;6;AVERSES;3;0;0
Bayonne;43.49;-1.47;07/09/2026;13:00;25.2;6;AVERSES;3;0;0
Bayonne;43.49;-1.47;07/09/2026;14:00;25.7;6;AVERSES;5;0;0
Bayonne;43.49;-1.47;07/09/2026;15:00;26.2;6;AVERSES;5;0;0
Bayonne;43.49;-1.47;07/09/2026;16:00;25.7;6;AVERSES;5;0;0
Bayonne;43.49;-1.47;07/09/2026;17:00;23.6;0;SOLEIL;3;0;0
Bayonne;43.49;-1.47;07/09/2026;18:00;23.6;0;SOLEIL;3;0;0
Bayonne;43.49;-1.47;07/09/2026;19:00;23.6;0;SOLEIL;3;0;0
Bayonne;43.49;-1.47;07/09/2026;20:00;23.5;6;AVERSES;5;0;0
Bayonne;43.49;-1.47;07/09/2026;21:00;23.0;6;AVERSES;5;0;0
Bayonne;43.49;-1.47;07/09/2026;22:00;22.5;6;AVERSES;5;0;0
Bayonne;43.49;-1.47;07/09/2026;23:00;22;2;NUAGEUX;2;0;0
Bayonne;43.49;-1.47;08/09/2026;00:00;22;2;NUAGEUX;2;0;0
Bayonne;43.49;-1.47;08/09/2026;01:00;22;2;NUAGEUX;2;0;0
Bayonne;43.49;-1.47;08/09/2026;02:00;20;7;PLUIE FAIBLE;5;0;0
Bayonne;43.49;-1.47;08/09/2026;03:00;20;7;PLUIE FAIBLE;5;0;0
Bayonne;43.49;-1.47;08/09/2026;04:00;20;7;PLUIE FAIBLE;5;0;0
Bayonne;43.49;-1.47;08/09/2026;05:00;20.6;7;PLUIE FAIBLE;2;0;0
Bayonne;43.49;-1.47;08/09/2026;06:00;20.6;7;PLUIE FAIBLE;2;0;0
Bayonne;43.49;-1.47;08/09/2026;07:00;20.6;7;PLUIE FAIBLE;2;0;0
Bayonne;43.49;-1.47;08/09/2026;08:00;21.1;7;PLUIE FAIBLE;5;0;0
Bayonne;43.49;-1.47;08/09/2026;09:00;21.7;7;PLUIE FAIBLE;5;0;0
Bayonne;43.49;-1.47;08/09/2026;10:00;22.2;7;PLUIE FAIBLE;5;0;0
Bayonne;43.49;-1.47;08/09/2026;11:00;24.6;7;PLUIE FAIBLE;3;0;0
Bayonne;43.49;-1.47;08/09/2026;12:00;24.6;7;PLUIE FAIBLE;3;0;0
Bayonne;43.49;-1.47;08/09/2026;13:00;24.6;7;PLUIE FAIBLE;3;0;0
Bayonne;43.49;-1.47;08/09/2026;14:00;24.4;7;PLUIE FAIBLE;5;0;0
Bayonne;43.49;-1.47;08/09/2026;15:00;25.0;7;PLUIE FAIBLE;5;0;0
Bayonne;43.49;-1.47;08/09/2026;16:00;24.4;7;PLUIE FAIBLE;5;0;0
Bayonne;43.49;-1.47;08/09/2026;17:00;22.2;0;SOLEIL;3;0;0
Bayonne;43.49;-1.47;08/09/2026;18:00;22.2;0;SOLEIL;3;0;0
Bayonne;43.49;-1.47;08/09/2026;19:00;22.2;0;SOLEIL;3;0;0
Bayonne;43.49;-1.47;08/09/2026;20:00;22.2;7;PLUIE FAIBLE;5;0;0
Bayonne;43.49;-1.47;08/09/2026;21:00;21.7;7;PLUIE FAIBLE;5;0;0
Bayonne;43.49;-1.47;08/09/2026;22:00;21.1;7;PLUIE FAIBLE;5;0;0
Bayonne;43.49;-1.47;08/09/2026;23:00;20.5;6;AVERSES;3;0;0
Oloron-Sainte-Marie;43.19;-0.6;04/09/2026;00:00;18;0;SOLEIL;1;0;0
Oloron-Sainte-Marie;43.19;-0.6;04/09/2026;01:00;18.5;0;SOLEIL;1;0;0
Oloron-Sainte-Marie;43.19;-0.6;04/09/2026;02:00;17.6;0;SOLEIL;1;0;0
Oloron-Sainte-Marie;43.19;-0.6;04/09/2026;03:00;16;0;SOLEIL;1;0;0
Oloron-Sainte-Marie;43.19;-0.6;04/09/2026;04:00;16.2;0;SOLEIL;1;0;0
Oloron-Sainte-Marie;43.19;-0.6;04/09/2026;05:00;15.7;0;SOLEIL;1;0;0
Oloron-Sainte-Marie;43.19;-0.6;04/09/2026;06:00;14.9;0;SOLEIL;1;0;0
Oloron-Sainte-Marie;43.19;-0.6;04/09/2026;07:00;18.5;0;SOLEIL;1;0;0
Oloron-Sainte-Marie;43.19;-0.6;04/09/2026;08:00;23.5;0;SOLEIL;1;0;0
Oloron-Sainte-Marie;43.19;-0.6;04/09/2026;09:00;28.6;0;SOLEIL;0;0;0
Oloron-Sainte-Marie;43.19;-0.6;04/09/2026;10:00;31.4;0;SOLEIL;1;0;0
Oloron-Sainte-Marie;43.19;-0.6;04/09/2026;11:00;33.6;0;SOLEIL;2;0;0
Oloron-Sainte-Marie;43.19;-0.6;04/09/2026;12:00;35;0;SOLEIL;2;0;0
Oloron-Sainte-Marie;43.19;-0.6;04/09/2026;13:00;36.5;0;SOLEIL;2;0;0
Oloron-Sainte-Marie;43.19;-0.6;04/09/2026;14:00;36.6;0;SOLEIL;3;0;0
Oloron-Sainte-Marie;43.19;-0.6;04/09/2026;15:00;36.4;0;SOLEIL;3;0;0
Oloron-Sainte-Marie;43.19;-0.6;04/09/2026;16:00;35.5;0;SOLEIL;3;0;0
Oloron-Sainte-Marie;43.19;-0.6;04/09/2026;17:00;34.4;0;SOLEIL;3;0;0
Oloron-Sainte-Marie;43.19;-0.6;04/09/2026;18:00;31.6;0;SOLEIL;3;0;0
Oloron-Sainte-Marie;43.19;-0.6;04/09/2026;19:00;29;0;SOLEIL;3;0;0
Oloron-Sainte-Marie;43.19;-0.6;04/09/2026;20:00;26.1;0;SOLEIL;2;0;0
Oloron-Sainte-Marie;43.19;-0.6;04/09/2026;21:00;23.1;0;SOLEIL;2;0;0
Oloron-Sainte-Marie;43.19;-0.6;04/09/2026;22:00;23.7;0;SOLEIL;1;0;0
Oloron-Sainte-Marie;43.19;-0.6;04/09/2026;23:00;22.2;0;SOLEIL;2;0;0
Oloron-Sainte-Marie;43.19;-0.6;05/09/2026;00:00;19.5;0;SOLEIL;1;0;0
Oloron-Sainte-Marie;43.19;-0.6;05/09/2026;01:00;19.5;0;SOLEIL;1;0;0
Oloron-Sainte-Marie;43.19;-0.6;05/09/2026;02:00;18.4;0;SOLEIL;1;0;0
Oloron-Sainte-Marie;43.19;-0.6;05/09/2026;03:00;18.4;0;SOLEIL;1;0;0
Oloron-Sainte-Marie;43.19;-0.6;05/09/2026;04:00;18.4;0;SOLEIL;1;0;0
Oloron-Sainte-Marie;43.19;-0.6;05/09/2026;05:00;18.5;0;SOLEIL;1;0;0
Oloron-Sainte-Marie;43.19;-0.6;05/09/2026;06:00;18.5;0;SOLEIL;1;0;0
Oloron-Sainte-Marie;43.19;-0.6;05/09/2026;07:00;18.5;0;SOLEIL;1;0;0
Oloron-Sainte-Marie;43.19;-0.6;05/09/2026;08:00;24.2;0;SOLEIL;1;0;0
Oloron-Sainte-Marie;43.19;-0.6;05/09/2026;09:00;24.2;0;SOLEIL;1;0;0
Oloron-Sainte-Marie;43.19;-0.6;05/09/2026;10:00;24.2;0;SOLEIL;1;0;0
Oloron-Sainte-Marie;43.19;-0.6;05/09/2026;11:00;30.2;0;SOLEIL;2;0;0
Oloron-Sainte-Marie;43.19;-0.6;05/09/2026;12:00;30.2;0;SOLEIL;2;0;0
Oloron-Sainte-Marie;43.19;-0.6;05/09/2026;13:00;30.2;0;SOLEIL;2;0;0
Oloron-Sainte-Marie;43.19;-0.6;05/09/2026;14:00;34.4;0;SOLEIL;3;0;0
Oloron-Sainte-Marie;43.19;-0.6;05/09/2026;15:00;34.4;0;SOLEIL;3;0;0
Oloron-Sainte-Marie;43.19;-0.6;05/09/2026;16:00;34.4;0;SOLEIL;3;0;0
Oloron-Sainte-Marie;43.19;-0.6;05/09/2026;17:00;30.4;0;SOLEIL;3;0;0
Oloron-Sainte-Marie;43.19;-0.6;05/09/2026;18:00;30.4;0;SOLEIL;3;0;0
Oloron-Sainte-Marie;43.19;-0.6;05/09/2026;19:00;30.4;0;SOLEIL;3;0;0
Oloron-Sainte-Marie;43.19;-0.6;05/09/2026;20:00;25.2;0;SOLEIL;2;0;0
Oloron-Sainte-Marie;43.19;-0.6;05/09/2026;21:00;25.2;0;SOLEIL;2;0;0
Oloron-Sainte-Marie;43.19;-0.6;05/09/2026;22:00;25.2;0;SOLEIL;2;0;0
Oloron-Sainte-Marie;43.19;-0.6;05/09/2026;23:00;22.1;0;SOLEIL;2;0;0
Oloron-Sainte-Marie;43.19;-0.6;06/09/2026;00:00;22.1;0;SOLEIL;2;0;0
Oloron-Sainte-Marie;43.19;-0.6;06/09/2026;01:00;22.1;0;SOLEIL;2;0;0
Oloron-Sainte-Marie;43.19;-0.6;06/09/2026;02:00;22.6;0;SOLEIL;1;0;0
Oloron-Sainte-Marie;43.19;-0.6;06/09/2026;03:00;22.6;0;SOLEIL;1;0;0
Oloron-Sainte-Marie;43.19;-0.6;06/09/2026;04:00;22.6;0;SOLEIL;1;0;0
Oloron-Sainte-Marie;43.19;-0.6;06/09/2026;05:00;23.4;0;SOLEIL;1;0;0
Oloron-Sainte-Marie;43.19;-0.6;06/09/2026;06:00;23.4;0;SOLEIL;1;0;0
Oloron-Sainte-Marie;43.19;-0.6;06/09/2026;07:00;23.4;0;SOLEIL;1;0;0
Oloron-Sainte-Marie;43.19;-0.6;06/09/2026;08:00;31.6;0;SOLEIL;2;0;0
Oloron-Sainte-Marie;43.19;-0.6;06/09/2026;09:00;31.6;0;SOLEIL;2;0;0
Oloron-Sainte-Marie;43.19;-0.6;06/09/2026;10:00;31.6;0;SOLEIL;2;0;0
Oloron-Sainte-Marie;43.19;-0.6;06/09/2026;11:00;39.2;0;SOLEIL;1;0;0
Oloron-Sainte-Marie;43.19;-0.6;06/09/2026;12:00;39.2;0;SOLEIL;1;0;0
Oloron-Sainte-Marie;43.19;-0.6;06/09/2026;13:00;39.2;0;SOLEIL;1;0;0
Oloron-Sainte-Marie;43.19;-0.6;06/09/2026;14:00;39.1;0;SOLEIL;4;0;0
Oloron-Sainte-Marie;43.19;-0.6;06/09/2026;15:00;39.1;0;SOLEIL;4;0;0
Oloron-Sainte-Marie;43.19;-0.6;06/09/2026;16:00;39.1;0;SOLEIL;4;0;0
Oloron-Sainte-Marie;43.19;-0.6;06/09/2026;17:00;30.1;0;SOLEIL;4;0;0
Oloron-Sainte-Marie;43.19;-0.6;06/09/2026;18:00;30.1;0;SOLEIL;4;0;0
Oloron-Sainte-Marie;43.19;-0.6;06/09/2026;19:00;30.1;0;SOLEIL;4;0;0
Oloron-Sainte-Marie;43.19;-0.6;06/09/2026;20:00;29.9;0;SOLEIL;5;0;0
Oloron-Sainte-Marie;43.19;-0.6;06/09/2026;21:00;27.7;0;SOLEIL;5;0;0
Oloron-Sainte-Marie;43.19;-0.6;06/09/2026;22:00;25.4;0;SOLEIL;5;0;0
Oloron-Sainte-Marie;43.19;-0.6;06/09/2026;23:00;20.4;0;SOLEIL;2;0;0
Oloron-Sainte-Marie;43.19;-0.6;07/09/2026;00:00;20.4;0;SOLEIL;2;0;0
Oloron-Sainte-Marie;43.19;-0.6;07/09/2026;01:00;20.4;0;SOLEIL;2;0;0
Oloron-Sainte-Marie;43.19;-0.6;07/09/2026;02:00;18.6;6;AVERSES;5;0;0
Oloron-Sainte-Marie;43.19;-0.6;07/09/2026;03:00;18.6;6;AVERSES;5;0;0
Oloron-Sainte-Marie;43.19;-0.6;07/09/2026;04:00;18.6;6;AVERSES;5;0;0
Oloron-Sainte-Marie;43.19;-0.6;07/09/2026;05:00;19.6;6;AVERSES;2;0;0
Oloron-Sainte-Marie;43.19;-0.6;07/09/2026;06:00;19.6;6;AVERSES;2;0;0
Oloron-Sainte-Marie;43.19;-0.6;07/09/2026;07:00;19.6;6;AVERSES;2;0;0
Oloron-Sainte-Marie;43.19;-0.6;07/09/2026;08:00;20.6;6;AVERSES;5;0;0
Oloron-Sainte-Marie;43.19;-0.6;07/09/2026;09:00;21.6;6;AVERSES;5;0;0
Oloron-Sainte-Marie;43.19;-0.6;07/09/2026;10:00;22.6;6;AVERSES;5;0;0
Oloron-Sainte-Marie;43.19;-0.6;07/09/2026;11:00;25.2;6;AVERSES;2;0;0
Oloron-Sainte-Marie;43.19;-0.6;07/09/2026;12:00;25.2;6;AVERSES;2;0;0
Oloron-Sainte-Marie;43.19;-0.6;07/09/2026;13:00;25.2;6;AVERSES;2;0;0
Oloron-Sainte-Marie;43.19;-0.6;07/09/2026;14:00;26.6;6;AVERSES;5;0;0
Oloron-Sainte-Marie;43.19;-0.6;07/09/2026;15:00;27.6;6;AVERSES;5;0;0
Oloron-Sainte-Marie;43.19;-0.6;07/09/2026;16:00;26.6;6;AVERSES;5;0;0
Oloron-Sainte-Marie;43.19;-0.6;07/09/2026;17:00;24.4;0;SOLEIL;3;0;0
Oloron-Sainte-Marie;43.19;-0.6;07/09/2026;18:00;24.4;0;SOLEIL;3;0;0
Oloron-Sainte-Marie;43.19;-0.6;07/09/2026;19:00;24.4;0;SOLEIL;3;0;0
Oloron-Sainte-Marie;43.19;-0.6;07/09/2026;20:00;22.6;6;AVERSES;5;0;0
Oloron-Sainte-Marie;43.19;-0.6;07/09/2026;21:00;21.6;6;AVERSES;5;0;0
Oloron-Sainte-Marie;43.19;-0.6;07/09/2026;22:00;20.6;6;AVERSES;5;0;0
Oloron-Sainte-Marie;43.19;-0.6;07/09/2026;23:00;20.1;7;PLUIE FAIBLE;2;0;0
Oloron-Sainte-Marie;43.19;-0.6;08/09/2026;00:00;20.1;7;PLUIE FAIBLE;2;0;0
Oloron-Sainte-Marie;43.19;-0.6;08/09/2026;01:00;20.1;7;PLUIE FAIBLE;2;0;0
Oloron-Sainte-Marie;43.19;-0.6;08/09/2026;02:00;18.1;6;AVERSES;5;0;0
Oloron-Sainte-Marie;43.19;-0.6;08/09/2026;03:00;18.1;6;AVERSES;5;0;0
Oloron-Sainte-Marie;43.19;-0.6;08/09/2026;04:00;18.1;6;AVERSES;5;0;0
Oloron-Sainte-Marie;43.19;-0.6;08/09/2026;05:00;18.7;6;AVERSES;2;0;0
Oloron-Sainte-Marie;43.19;-0.6;08/09/2026;06:00;18.7;6;AVERSES;2;0;0
Oloron-Sainte-Marie;43.19;-0.6;08/09/2026;07:00;18.7;6;AVERSES;2;0;0
Oloron-Sainte-Marie;43.19;-0.6;08/09/2026;08:00;19.9;6;AVERSES;5;0;0
Oloron-Sainte-Marie;43.19;-0.6;08/09/2026;09:00;20.8;6;AVERSES;5;0;0
Oloron-Sainte-Marie;43.19;-0.6;08/09/2026;10:00;21.7;6;AVERSES;5;0;0
Oloron-Sainte-Marie;43.19;-0.6;08/09/2026;11:00;23.7;6;AVERSES;2;0;0
Oloron-Sainte-Marie;43.19;-0.6;08/09/2026;12:00;23.7;6;AVERSES;2;0;0
Oloron-Sainte-Marie;43.19;-0.6;08/09/2026;13:00;23.7;6;AVERSES;2;0;0
Oloron-Sainte-Marie;43.19;-0.6;08/09/2026;14:00;25.2;6;AVERSES;5;0;0
Oloron-Sainte-Marie;43.19;-0.6;08/09/2026;15:00;26.1;6;AVERSES;5;0;0
Oloron-Sainte-Marie;43.19;-0.6;08/09/2026;16:00;25.2;6;AVERSES;5;0;0
Oloron-Sainte-Marie;43.19;-0.6;08/09/2026;17:00;22.1;0;SOLEIL;3;0;0
Oloron-Sainte-Marie;43.19;-0.6;08/09/2026;18:00;22.1;0;SOLEIL;3;0;0
Oloron-Sainte-Marie;43.19;-0.6;08/09/2026;19:00;22.1;0;SOLEIL;3;0;0
Oloron-Sainte-Marie;43.19;-0.6;08/09/2026;20:00;21.7;6;AVERSES;5;0;0
Oloron-Sainte-Marie;43.19;-0.6;08/09/2026;21:00;20.8;6;AVERSES;5;0;0
Oloron-Sainte-Marie;43.19;-0.6;08/09/2026;22:00;19.9;6;AVERSES;5;0;0
Oloron-Sainte-Marie;43.19;-0.6;08/09/2026;23:00;18;2;NUAGEUX;2;0;0
Pau;43.3;-0.37;04/09/2026;00:00;21.6;0;SOLEIL;2;0;0
Pau;43.3;-0.37;04/09/2026;01:00;21.6;0;SOLEIL;2;0;0
Pau;43.3;-0.37;04/09/2026;02:00;20.6;0;SOLEIL;2;0;0
Pau;43.3;-0.37;04/09/2026;03:00;18.7;0;SOLEIL;2;0;0
Pau;43.3;-0.37;04/09/2026;04:00;18.9;0;SOLEIL;2;0;0
Pau;43.3;-0.37;04/09/2026;05:00;18.6;0;SOLEIL;2;0;0
Pau;43.3;-0.37;04/09/2026;06:00;17.7;0;SOLEIL;2;0;0
Pau;43.3;-0.37;04/09/2026;07:00;20.7;0;SOLEIL;2;0;0
Pau;43.3;-0.37;04/09/2026;08:00;24.1;0;SOLEIL;2;0;0
Pau;43.3;-0.37;04/09/2026;09:00;28.4;0;SOLEIL;1;0;0
Pau;43.3;-0.37;04/09/2026;10:00;30.4;0;SOLEIL;1;0;0
Pau;43.3;-0.37;04/09/2026;11:00;31.9;0;SOLEIL;2;0;0
Pau;43.3;-0.37;04/09/2026;12:00;34.6;0;SOLEIL;3;0;0
Pau;43.3;-0.37;04/09/2026;13:00;36;0;SOLEIL;3;0;0
Pau;43.3;-0.37;04/09/2026;14:00;37;0;SOLEIL;3;0;0
Pau;43.3;-0.37;04/09/2026;15:00;37.2;0;SOLEIL;3;0;0
Pau;43.3;-0.37;04/09/2026;16:00;36.1;0;SOLEIL;3;0;0
Pau;43.3;-0.37;04/09/2026;17:00;34.6;0;SOLEIL;3;0;0
Pau;43.3;-0.37;04/09/2026;18:00;33.1;0;SOLEIL;3;0;0
Pau;43.3;-0.37;04/09/2026;19:00;30.5;0;SOLEIL;3;0;0
Pau;43.3;-0.37;04/09/2026;20:00;28.4;0;SOLEIL;3;0;0
Pau;43.3;-0.37;04/09/2026;21:00;25.9;0;SOLEIL;3;0;0
Pau;43.3;-0.37;04/09/2026;22:00;25.4;0;SOLEIL;2;0;0
Pau;43.3;-0.37;04/09/2026;23:00;24.6;0;SOLEIL;3;0;0
Pau;43.3;-0.37;05/09/2026;00:00;21.9;0;SOLEIL;3;0;0
Pau;43.3;-0.37;05/09/2026;01:00;21.9;0;SOLEIL;3;0;0
Pau;43.3;-0.37;05/09/2026;02:00;19.9;0;SOLEIL;2;0;0
Pau;43.3;-0.37;05/09/2026;03:00;19.9;0;SOLEIL;2;0;0
Pau;43.3;-0.37;05/09/2026;04:00;19.9;0;SOLEIL;2;0;0
Pau;43.3;-0.37;05/09/2026;05:00;20.1;0;SOLEIL;2;0;0
Pau;43.3;-0.37;05/09/2026;06:00;20.1;0;SOLEIL;2;0;0
Pau;43.3;-0.37;05/09/2026;07:00;20.1;0;SOLEIL;2;0;0
Pau;43.3;-0.37;05/09/2026;08:00;23.9;0;SOLEIL;1;0;0
Pau;43.3;-0.37;05/09/2026;09:00;23.9;0;SOLEIL;1;0;0
Pau;43.3;-0.37;05/09/2026;10:00;23.9;0;SOLEIL;1;0;0
Pau;43.3;-0.37;05/09/2026;11:00;30.6;0;SOLEIL;2;0;0
Pau;43.3;-0.37;05/09/2026;12:00;30.6;0;SOLEIL;2;0;0
Pau;43.3;-0.37;05/09/2026;13:00;30.6;0;SOLEIL;2;0;0
Pau;43.3;-0.37;05/09/2026;14:00;34.5;0;SOLEIL;3;0;0
Pau;43.3;-0.37;05/09/2026;15:00;34.5;0;SOLEIL;3;0;0
Pau;43.3;-0.37;05/09/2026;16:00;34.5;0;SOLEIL;3;0;0
Pau;43.3;-0.37;05/09/2026;17:00;33.6;0;SOLEIL;3;0;0
Pau;43.3;-0.37;05/09/2026;18:00;33.6;0;SOLEIL;3;0;0
Pau;43.3;-0.37;05/09/2026;19:00;33.6;0;SOLEIL;3;0;0
Pau;43.3;-0.37;05/09/2026;20:00;28;0;SOLEIL;3;0;0
Pau;43.3;-0.37;05/09/2026;21:00;28;0;SOLEIL;3;0;0
Pau;43.3;-0.37;05/09/2026;22:00;28;0;SOLEIL;3;0;0
Pau;43.3;-0.37;05/09/2026;23:00;25.9;0;SOLEIL;2;0;0
Pau;43.3;-0.37;06/09/2026;00:00;25.9;0;SOLEIL;2;0;0
Pau;43.3;-0.37;06/09/2026;01:00;25.9;0;SOLEIL;2;0;0
Pau;43.3;-0.37;06/09/2026;02:00;23.9;0;SOLEIL;2;0;0
Pau;43.3;-0.37;06/09/2026;03:00;23.9;0;SOLEIL;2;0;0
Pau;43.3;-0.37;06/09/2026;04:00;23.9;0;SOLEIL;2;0;0
Pau;43.3;-0.37;06/09/2026;05:00;22.7;0;SOLEIL;2;0;0
Pau;43.3;-0.37;06/09/2026;06:00;22.7;0;SOLEIL;2;0;0
Pau;43.3;-0.37;06/09/2026;07:00;22.7;0;SOLEIL;2;0;0
Pau;43.3;-0.37;06/09/2026;08:00;30.6;0;SOLEIL;1;0;0
Pau;43.3;-0.37;06/09/2026;09:00;30.6;0;SOLEIL;1;0;0
Pau;43.3;-0.37;06/09/2026;10:00;30.6;0;SOLEIL;1;0;0
Pau;43.3;-0.37;06/09/2026;11:00;40.1;0;SOLEIL;2;0;0
Pau;43.3;-0.37;06/09/2026;12:00;40.1;0;SOLEIL;2;0;0
Pau;43.3;-0.37;06/09/2026;13:00;40.1;0;SOLEIL;2;0;0
Pau;43.3;-0.37;06/09/2026;14:00;41.1;0;SOLEIL;5;0;0
Pau;43.3;-0.37;06/09/2026;15:00;41.1;0;SOLEIL;5;0;0
Pau;43.3;-0.37;06/09/2026;16:00;41.1;0;SOLEIL;5;0;0
Pau;43.3;-0.37;06/09/2026;17:00;32.6;0;SOLEIL;4;0;0
Pau;43.3;-0.37;06/09/2026;18:00;32.6;0;SOLEIL;4;0;0
Pau;43.3;-0.37;06/09/2026;19:00;32.6;0;SOLEIL;4;0;0
Pau;43.3;-0.37;06/09/2026;20:00;31.3;0;SOLEIL;5;0;0
Pau;43.3;-0.37;06/09/2026;21:00;28.9;0;SOLEIL;5;0;0
Pau;43.3;-0.37;06/09/2026;22:00;26.5;0;SOLEIL;5;0;0
Pau;43.3;-0.37;06/09/2026;23:00;22.1;0;SOLEIL;3;0;0
Pau;43.3;-0.37;07/09/2026;00:00;22.1;0;SOLEIL;3;0;0
Pau;43.3;-0.37;07/09/2026;01:00;22.1;0;SOLEIL;3;0;0
Pau;43.3;-0.37;07/09/2026;02:00;19.6;7;PLUIE FAIBLE;5;0;0
Pau;43.3;-0.37;07/09/2026;03:00;19.6;7;PLUIE FAIBLE;5;0;0
Pau;43.3;-0.37;07/09/2026;04:00;19.6;7;PLUIE FAIBLE;5;0;0
Pau;43.3;-0.37;07/09/2026;05:00;20.9;7;PLUIE FAIBLE;2;0;0
Pau;43.3;-0.37;07/09/2026;06:00;20.9;7;PLUIE FAIBLE;2;0;0
Pau;43.3;-0.37;07/09/2026;07:00;20.9;7;PLUIE FAIBLE;2;0;0
Pau;43.3;-0.37;07/09/2026;08:00;21.6;7;PLUIE FAIBLE;5;0;0
Pau;43.3;-0.37;07/09/2026;09:00;22.6;7;PLUIE FAIBLE;5;0;0
Pau;43.3;-0.37;07/09/2026;10:00;23.6;7;PLUIE FAIBLE;5;0;0
Pau;43.3;-0.37;07/09/2026;11:00;25.9;6;AVERSES;2;0;0
Pau;43.3;-0.37;07/09/2026;12:00;25.9;6;AVERSES;2;0;0
Pau;43.3;-0.37;07/09/2026;13:00;25.9;6;AVERSES;2;0;0
Pau;43.3;-0.37;07/09/2026;14:00;27.6;7;PLUIE FAIBLE;5;0;0
Pau;43.3;-0.37;07/09/2026;15:00;28.6;7;PLUIE FAIBLE;5;0;0
Pau;43.3;-0.37;07/09/2026;16:00;27.6;7;PLUIE FAIBLE;5;0;0
Pau;43.3;-0.37;07/09/2026;17:00;27.2;0;SOLEIL;3;0;0
Pau;43.3;-0.37;07/09/2026;18:00;27.2;0;SOLEIL;3;0;0
Pau;43.3;-0.37;07/09/2026;19:00;27.2;0;SOLEIL;3;0;0
Pau;43.3;-0.37;07/09/2026;20:00;23.6;7;PLUIE FAIBLE;5;0;0
Pau;43.3;-0.37;07/09/2026;21:00;22.6;7;PLUIE FAIBLE;5;0;0
Pau;43.3;-0.37;07/09/2026;22:00;21.6;7;PLUIE FAIBLE;5;0;0
Pau;43.3;-0.37;07/09/2026;23:00;21.4;7;PLUIE FAIBLE;2;0;0
Pau;43.3;-0.37;08/09/2026;00:00;21.4;7;PLUIE FAIBLE;2;0;0
Pau;43.3;-0.37;08/09/2026;01:00;21.4;7;PLUIE FAIBLE;2;0;0
Pau;43.3;-0.37;08/09/2026;02:00;19.1;7;PLUIE FAIBLE;5;0;0
Pau;43.3;-0.37;08/09/2026;03:00;19.1;7;PLUIE FAIBLE;5;0;0
Pau;43.3;-0.37;08/09/2026;04:00;19.1;7;PLUIE FAIBLE;5;0;0
Pau;43.3;-0.37;08/09/2026;05:00;20.1;6;AVERSES;1;0;0
Pau;43.3;-0.37;08/09/2026;06:00;20.1;6;AVERSES;1;0;0
Pau;43.3;-0.37;08/09/2026;07:00;20.1;6;AVERSES;1;0;0
Pau;43.3;-0.37;08/09/2026;08:00;20.7;7;PLUIE FAIBLE;5;0;0
Pau;43.3;-0.37;08/09/2026;09:00;21.5;7;PLUIE FAIBLE;5;0;0
Pau;43.3;-0.37;08/09/2026;10:00;22.3;7;PLUIE FAIBLE;5;0;0
Pau;43.3;-0.37;08/09/2026;11:00;24.4;7;PLUIE FAIBLE;2;0;0
Pau;43.3;-0.37;08/09/2026;12:00;24.4;7;PLUIE FAIBLE;2;0;0
Pau;43.3;-0.37;08/09/2026;13:00;24.4;7;PLUIE FAIBLE;2;0;0
Pau;43.3;-0.37;08/09/2026;14:00;25.4;7;PLUIE FAIBLE;5;0;0
Pau;43.3;-0.37;08/09/2026;15:00;26.2;7;PLUIE FAIBLE;5;0;0
Pau;43.3;-0.37;08/09/2026;16:00;25.4;7;PLUIE FAIBLE;5;0;0
Pau;43.3;-0.37;08/09/2026;17:00;24.2;7;PLUIE FAIBLE;3;0;0
Pau;43.3;-0.37;08/09/2026;18:00;24.2;7;PLUIE FAIBLE;3;0;0
Pau;43.3;-0.37;08/09/2026;19:00;24.2;7;PLUIE FAIBLE;3;0;0
Pau;43.3;-0.37;08/09/2026;20:00;22.3;7;PLUIE FAIBLE;5;0;0
Pau;43.3;-0.37;08/09/2026;21:00;21.5;7;PLUIE FAIBLE;5;0;0
Pau;43.3;-0.37;08/09/2026;22:00;20.7;7;PLUIE FAIBLE;5;0;0
Pau;43.3;-0.37;08/09/2026;23:00;19.5;2;NUAGEUX;2;0;0
Saint-Jean-de-Luz;43.38;-1.66;04/09/2026;00:00;18.9;0;SOLEIL;3;0;0
Saint-Jean-de-Luz;43.38;-1.66;04/09/2026;01:00;18.1;0;SOLEIL;2;0;0
Saint-Jean-de-Luz;43.38;-1.66;04/09/2026;02:00;18.1;0;SOLEIL;2;0;0
Saint-Jean-de-Luz;43.38;-1.66;04/09/2026;03:00;17.5;0;SOLEIL;2;0;0
Saint-Jean-de-Luz;43.38;-1.66;04/09/2026;04:00;17.9;0;SOLEIL;2;0;0
Saint-Jean-de-Luz;43.38;-1.66;04/09/2026;05:00;17.2;0;SOLEIL;2;0;0
Saint-Jean-de-Luz;43.38;-1.66;04/09/2026;06:00;16.6;0;SOLEIL;2;0;0
Saint-Jean-de-Luz;43.38;-1.66;04/09/2026;07:00;19.6;0;SOLEIL;2;0;0
Saint-Jean-de-Luz;43.38;-1.66;04/09/2026;08:00;24.4;0;SOLEIL;1;0;0
Saint-Jean-de-Luz;43.38;-1.66;04/09/2026;09:00;25.9;0;SOLEIL;2;0;0
Saint-Jean-de-Luz;43.38;-1.66;04/09/2026;10:00;27.1;0;SOLEIL;2;0;0
Saint-Jean-de-Luz;43.38;-1.66;04/09/2026;11:00;27.7;0;SOLEIL;2;0;0
Saint-Jean-de-Luz;43.38;-1.66;04/09/2026;12:00;28.2;0;SOLEIL;2;0;0
Saint-Jean-de-Luz;43.38;-1.66;04/09/2026;13:00;29.7;0;SOLEIL;3;0;0
Saint-Jean-de-Luz;43.38;-1.66;04/09/2026;14:00;28.6;0;SOLEIL;4;0;0
Saint-Jean-de-Luz;43.38;-1.66;04/09/2026;15:00;27.7;0;SOLEIL;3;0;0
Saint-Jean-de-Luz;43.38;-1.66;04/09/2026;16:00;26;0;SOLEIL;3;0;0
Saint-Jean-de-Luz;43.38;-1.66;04/09/2026;17:00;25;0;SOLEIL;5;0;0
Saint-Jean-de-Luz;43.38;-1.66;04/09/2026;18:00;24.6;0;SOLEIL;4;0;0
Saint-Jean-de-Luz;43.38;-1.66;04/09/2026;19:00;22.6;0;SOLEIL;4;0;0
Saint-Jean-de-Luz;43.38;-1.66;04/09/2026;20:00;22.9;0;SOLEIL;5;0;0
Saint-Jean-de-Luz;43.38;-1.66;04/09/2026;21:00;22.9;0;SOLEIL;4;0;0
Saint-Jean-de-Luz;43.38;-1.66;04/09/2026;22:00;22.4;0;SOLEIL;5;0;0
Saint-Jean-de-Luz;43.38;-1.66;04/09/2026;23:00;22.4;0;SOLEIL;5;0;0
Saint-Jean-de-Luz;43.38;-1.66;05/09/2026;00:00;21.7;0;SOLEIL;5;0;0
Saint-Jean-de-Luz;43.38;-1.66;05/09/2026;01:00;21.7;0;SOLEIL;5;0;0
Saint-Jean-de-Luz;43.38;-1.66;05/09/2026;02:00;21;0;SOLEIL;4;0;0
Saint-Jean-de-Luz;43.38;-1.66;05/09/2026;03:00;21;0;SOLEIL;4;0;0
Saint-Jean-de-Luz;43.38;-1.66;05/09/2026;04:00;21;0;SOLEIL;4;0;0
Saint-Jean-de-Luz;43.38;-1.66;05/09/2026;05:00;20.6;0;SOLEIL;3;0;0
Saint-Jean-de-Luz;43.38;-1.66;05/09/2026;06:00;20.6;0;SOLEIL;3;0;0
Saint-Jean-de-Luz;43.38;-1.66;05/09/2026;07:00;20.6;0;SOLEIL;3;0;0
Saint-Jean-de-Luz;43.38;-1.66;05/09/2026;08:00;24.6;0;SOLEIL;2;0;0
Saint-Jean-de-Luz;43.38;-1.66;05/09/2026;09:00;24.6;0;SOLEIL;2;0;0
Saint-Jean-de-Luz;43.38;-1.66;05/09/2026;10:00;24.6;0;SOLEIL;2;0;0
Saint-Jean-de-Luz;43.38;-1.66;05/09/2026;11:00;26.6;0;SOLEIL;4;0;0
Saint-Jean-de-Luz;43.38;-1.66;05/09/2026;12:00;26.6;0;SOLEIL;4;0;0
Saint-Jean-de-Luz;43.38;-1.66;05/09/2026;13:00;26.6;0;SOLEIL;4;0;0
Saint-Jean-de-Luz;43.38;-1.66;05/09/2026;14:00;30.2;0;SOLEIL;3;0;0
Saint-Jean-de-Luz;43.38;-1.66;05/09/2026;15:00;30.2;0;SOLEIL;3;0;0
Saint-Jean-de-Luz;43.38;-1.66;05/09/2026;16:00;30.2;0;SOLEIL;3;0;0
Saint-Jean-de-Luz;43.38;-1.66;05/09/2026;17:00;27.4;0;SOLEIL;3;0;0
Saint-Jean-de-Luz;43.38;-1.66;05/09/2026;18:00;27.4;0;SOLEIL;3;0;0
Saint-Jean-de-Luz;43.38;-1.66;05/09/2026;19:00;27.4;0;SOLEIL;3;0;0
Saint-Jean-de-Luz;43.38;-1.66;05/09/2026;20:00;25;0;SOLEIL;3;0;0
Saint-Jean-de-Luz;43.38;-1.66;05/09/2026;21:00;25;0;SOLEIL;3;0;0
Saint-Jean-de-Luz;43.38;-1.66;05/09/2026;22:00;25;0;SOLEIL;3;0;0
Saint-Jean-de-Luz;43.38;-1.66;05/09/2026;23:00;22.9;0;SOLEIL;2;0;0
Saint-Jean-de-Luz;43.38;-1.66;06/09/2026;00:00;22.9;0;SOLEIL;2;0;0
Saint-Jean-de-Luz;43.38;-1.66;06/09/2026;01:00;22.9;0;SOLEIL;2;0;0
Saint-Jean-de-Luz;43.38;-1.66;06/09/2026;02:00;22.6;0;SOLEIL;2;0;0
Saint-Jean-de-Luz;43.38;-1.66;06/09/2026;03:00;22.6;0;SOLEIL;2;0;0
Saint-Jean-de-Luz;43.38;-1.66;06/09/2026;04:00;22.6;0;SOLEIL;2;0;0
Saint-Jean-de-Luz;43.38;-1.66;06/09/2026;05:00;23.4;0;SOLEIL;2;0;0
Saint-Jean-de-Luz;43.38;-1.66;06/09/2026;06:00;23.4;0;SOLEIL;2;0;0
Saint-Jean-de-Luz;43.38;-1.66;06/09/2026;07:00;23.4;0;SOLEIL;2;0;0
Saint-Jean-de-Luz;43.38;-1.66;06/09/2026;08:00;29.2;0;SOLEIL;6;0;0
Saint-Jean-de-Luz;43.38;-1.66;06/09/2026;09:00;29.2;0;SOLEIL;6;0;0
Saint-Jean-de-Luz;43.38;-1.66;06/09/2026;10:00;29.2;0;SOLEIL;6;0;0
Saint-Jean-de-Luz;43.38;-1.66;06/09/2026;11:00;29.1;0;SOLEIL;3;0;0
Saint-Jean-de-Luz;43.38;-1.66;06/09/2026;12:00;29.1;0;SOLEIL;3;0;0
Saint-Jean-de-Luz;43.38;-1.66;06/09/2026;13:00;29.1;0;SOLEIL;3;0;0
Saint-Jean-de-Luz;43.38;-1.66;06/09/2026;14:00;28.6;0;SOLEIL;5;0;0
Saint-Jean-de-Luz;43.38;-1.66;06/09/2026;15:00;28.6;0;SOLEIL;5;0;0
Saint-Jean-de-Luz;43.38;-1.66;06/09/2026;16:00;28.6;0;SOLEIL;5;0;0
Saint-Jean-de-Luz;43.38;-1.66;06/09/2026;17:00;25.6;0;SOLEIL;6;0;0
Saint-Jean-de-Luz;43.38;-1.66;06/09/2026;18:00;25.6;0;SOLEIL;6;0;0
Saint-Jean-de-Luz;43.38;-1.66;06/09/2026;19:00;25.6;0;SOLEIL;6;0;0
Saint-Jean-de-Luz;43.38;-1.66;06/09/2026;20:00;25.7;0;SOLEIL;5;0;0
Saint-Jean-de-Luz;43.38;-1.66;06/09/2026;21:00;24.7;0;SOLEIL;5;0;0
Saint-Jean-de-Luz;43.38;-1.66;06/09/2026;22:00;23.8;0;SOLEIL;5;0;0
Saint-Jean-de-Luz;43.38;-1.66;06/09/2026;23:00;22.6;0;SOLEIL;6;0;0
Saint-Jean-de-Luz;43.38;-1.66;07/09/2026;00:00;22.6;0;SOLEIL;6;0;0
Saint-Jean-de-Luz;43.38;-1.66;07/09/2026;01:00;22.6;0;SOLEIL;6;0;0
Saint-Jean-de-Luz;43.38;-1.66;07/09/2026;02:00;19.9;6;AVERSES;5;0;0
Saint-Jean-de-Luz;43.38;-1.66;07/09/2026;03:00;19.9;6;AVERSES;5;0;0
Saint-Jean-de-Luz;43.38;-1.66;07/09/2026;04:00;19.9;6;AVERSES;5;0;0
Saint-Jean-de-Luz;43.38;-1.66;07/09/2026;05:00;20.5;6;AVERSES;5;0;0
Saint-Jean-de-Luz;43.38;-1.66;07/09/2026;06:00;20.5;6;AVERSES;5;0;0
Saint-Jean-de-Luz;43.38;-1.66;07/09/2026;07:00;20.5;6;AVERSES;5;0;0
Saint-Jean-de-Luz;43.38;-1.66;07/09/2026;08:00;21.4;6;AVERSES;5;0;0
Saint-Jean-de-Luz;43.38;-1.66;07/09/2026;09:00;22.2;6;AVERSES;5;0;0
Saint-Jean-de-Luz;43.38;-1.66;07/09/2026;10:00;22.9;6;AVERSES;5;0;0
Saint-Jean-de-Luz;43.38;-1.66;07/09/2026;11:00;26.1;7;PLUIE FAIBLE;4;0;0
Saint-Jean-de-Luz;43.38;-1.66;07/09/2026;12:00;26.1;7;PLUIE FAIBLE;4;0;0
Saint-Jean-de-Luz;43.38;-1.66;07/09/2026;13:00;26.1;7;PLUIE FAIBLE;4;0;0
Saint-Jean-de-Luz;43.38;-1.66;07/09/2026;14:00;25.9;6;AVERSES;5;0;0
Saint-Jean-de-Luz;43.38;-1.66;07/09/2026;15:00;26.7;6;AVERSES;5;0;0
Saint-Jean-de-Luz;43.38;-1.66;07/09/2026;16:00;25.9;6;AVERSES;5;0;0
Saint-Jean-de-Luz;43.38;-1.66;07/09/2026;17:00;23.6;0;SOLEIL;4;0;0
Saint-Jean-de-Luz;43.38;-1.66;07/09/2026;18:00;23.6;0;SOLEIL;4;0;0
Saint-Jean-de-Luz;43.38;-1.66;07/09/2026;19:00;23.6;0;SOLEIL;4;0;0
Saint-Jean-de-Luz;43.38;-1.66;07/09/2026;20:00;22.9;6;AVERSES;5;0;0
Saint-Jean-de-Luz;43.38;-1.66;07/09/2026;21:00;22.2;6;AVERSES;5;0;0
Saint-Jean-de-Luz;43.38;-1.66;07/09/2026;22:00;21.4;6;AVERSES;5;0;0
Saint-Jean-de-Luz;43.38;-1.66;07/09/2026;23:00;20;2;NUAGEUX;3;0;0
Saint-Jean-de-Luz;43.38;-1.66;08/09/2026;00:00;20;2;NUAGEUX;3;0;0
Saint-Jean-de-Luz;43.38;-1.66;08/09/2026;01:00;20;2;NUAGEUX;3;0;0
Saint-Jean-de-Luz;43.38;-1.66;08/09/2026;02:00;18.1;7;PLUIE FAIBLE;5;0;0
Saint-Jean-de-Luz;43.38;-1.66;08/09/2026;03:00;18.1;7;PLUIE FAIBLE;5;0;0
Saint-Jean-de-Luz;43.38;-1.66;08/09/2026;04:00;18.1;7;PLUIE FAIBLE;5;0;0
Saint-Jean-de-Luz;43.38;-1.66;08/09/2026;05:00;18.7;7;PLUIE FAIBLE;3;0;0
Saint-Jean-de-Luz;43.38;-1.66;08/09/2026;06:00;18.7;7;PLUIE FAIBLE;3;0;0
Saint-Jean-de-Luz;43.38;-1.66;08/09/2026;07:00;18.7;7;PLUIE FAIBLE;3;0;0
Saint-Jean-de-Luz;43.38;-1.66;08/09/2026;08:00;19.8;7;PLUIE FAIBLE;5;0;0
Saint-Jean-de-Luz;43.38;-1.66;08/09/2026;09:00;20.7;7;PLUIE FAIBLE;5;0;0
Saint-Jean-de-Luz;43.38;-1.66;08/09/2026;10:00;21.6;7;PLUIE FAIBLE;5;0;0
Saint-Jean-de-Luz;43.38;-1.66;08/09/2026;11:00;25.5;7;PLUIE FAIBLE;4;0;0
Saint-Jean-de-Luz;43.38;-1.66;08/09/2026;12:00;25.5;7;PLUIE FAIBLE;4;0;0
Saint-Jean-de-Luz;43.38;-1.66;08/09/2026;13:00;25.5;7;PLUIE FAIBLE;4;0;0
Saint-Jean-de-Luz;43.38;-1.66;08/09/2026;14:00;25.0;7;PLUIE FAIBLE;5;0;0
Saint-Jean-de-Luz;43.38;-1.66;08/09/2026;15:00;25.9;7;PLUIE FAIBLE;5;0;0
Saint-Jean-de-Luz;43.38;-1.66;08/09/2026;16:00;25.0;7;PLUIE FAIBLE;5;0;0
Saint-Jean-de-Luz;43.38;-1.66;08/09/2026;17:00;22.6;0;SOLEIL;4;0;0
Saint-Jean-de-Luz;43.38;-1.66;08/09/2026;18:00;22.6;0;SOLEIL;4;0;0
Saint-Jean-de-Luz;43.38;-1.66;08/09/2026;19:00;22.6;0;SOLEIL;4;0;0
Saint-Jean-de-Luz;43.38;-1.66;08/09/2026;20:00;21.6;7;PLUIE FAIBLE;5;0;0
Saint-Jean-de-Luz;43.38;-1.66;08/09/2026;21:00;20.7;7;PLUIE FAIBLE;5;0;0
Saint-Jean-de-Luz;43.38;-1.66;08/09/2026;22:00;19.8;7;PLUIE FAIBLE;5;0;0
Saint-Jean-de-Luz;43.38;-1.66;08/09/2026;23:00;18.4;7;PLUIE FAIBLE;5;0;0
Niort;46.32;-0.46;04/09/2026;00:00;18.2;0;SOLEIL;1;0;0
Niort;46.32;-0.46;04/09/2026;01:00;17.2;0;SOLEIL;1;0;0
Niort;46.32;-0.46;04/09/2026;02:00;16.7;0;SOLEIL;1;0;0
Niort;46.32;-0.46;04/09/2026;03:00;16.1;0;SOLEIL;1;0;0
Niort;46.32;-0.46;04/09/2026;04:00;15.9;0;SOLEIL;1;0;0
Niort;46.32;-0.46;04/09/2026;05:00;16.1;0;SOLEIL;2;0;0
Niort;46.32;-0.46;04/09/2026;06:00;16.1;0;SOLEIL;1;0;0
Niort;46.32;-0.46;04/09/2026;07:00;18.5;0;SOLEIL;1;0;0
Niort;46.32;-0.46;04/09/2026;08:00;21.2;0;SOLEIL;1;0;0
Niort;46.32;-0.46;04/09/2026;09:00;24;0;SOLEIL;1;0;0
Niort;46.32;-0.46;04/09/2026;10:00;25.5;0;SOLEIL;2;0;0
Niort;46.32;-0.46;04/09/2026;11:00;26.9;0;SOLEIL;3;0;0
Niort;46.32;-0.46;04/09/2026;12:00;28.4;0;SOLEIL;3;0;0
Niort;46.32;-0.46;04/09/2026;13:00;29.7;0;SOLEIL;3;0;0
Niort;46.32;-0.46;04/09/2026;14:00;30.6;0;SOLEIL;3;0;0
Niort;46.32;-0.46;04/09/2026;15:00;31.2;0;SOLEIL;3;0;0
Niort;46.32;-0.46;04/09/2026;16:00;31.1;0;SOLEIL;3;0;0
Niort;46.32;-0.46;04/09/2026;17:00;30.4;0;SOLEIL;3;0;0
Niort;46.32;-0.46;04/09/2026;18:00;26.7;0;SOLEIL;3;0;0
Niort;46.32;-0.46;04/09/2026;19:00;25.1;0;SOLEIL;3;0;0
Niort;46.32;-0.46;04/09/2026;20:00;23.1;0;SOLEIL;2;0;0
Niort;46.32;-0.46;04/09/2026;21:00;21.1;0;SOLEIL;3;0;0
Niort;46.32;-0.46;04/09/2026;22:00;20.2;0;SOLEIL;3;0;0
Niort;46.32;-0.46;04/09/2026;23:00;19.4;0;SOLEIL;2;0;0
Niort;46.32;-0.46;05/09/2026;00:00;18.2;0;SOLEIL;2;0;0
Niort;46.32;-0.46;05/09/2026;01:00;18.2;0;SOLEIL;2;0;0
Niort;46.32;-0.46;05/09/2026;02:00;16.4;0;SOLEIL;1;0;0
Niort;46.32;-0.46;05/09/2026;03:00;16.4;0;SOLEIL;1;0;0
Niort;46.32;-0.46;05/09/2026;04:00;16.4;0;SOLEIL;1;0;0
Niort;46.32;-0.46;05/09/2026;05:00;16.6;0;SOLEIL;2;0;0
Niort;46.32;-0.46;05/09/2026;06:00;16.6;0;SOLEIL;2;0;0
Niort;46.32;-0.46;05/09/2026;07:00;16.6;0;SOLEIL;2;0;0
Niort;46.32;-0.46;05/09/2026;08:00;23.2;0;SOLEIL;2;0;0
Niort;46.32;-0.46;05/09/2026;09:00;23.2;0;SOLEIL;2;0;0
Niort;46.32;-0.46;05/09/2026;10:00;23.2;0;SOLEIL;2;0;0
Niort;46.32;-0.46;05/09/2026;11:00;27.7;0;SOLEIL;2;0;0
Niort;46.32;-0.46;05/09/2026;12:00;27.7;0;SOLEIL;2;0;0
Niort;46.32;-0.46;05/09/2026;13:00;27.7;0;SOLEIL;2;0;0
Niort;46.32;-0.46;05/09/2026;14:00;29.4;0;SOLEIL;3;0;0
Niort;46.32;-0.46;05/09/2026;15:00;29.4;0;SOLEIL;3;0;0
Niort;46.32;-0.46;05/09/2026;16:00;29.4;0;SOLEIL;3;0;0
Niort;46.32;-0.46;05/09/2026;17:00;28;0;SOLEIL;3;0;0
Niort;46.32;-0.46;05/09/2026;18:00;28;0;SOLEIL;3;0;0
Niort;46.32;-0.46;05/09/2026;19:00;28;0;SOLEIL;3;0;0
Niort;46.32;-0.46;05/09/2026;20:00;24.1;0;SOLEIL;4;0;0
Niort;46.32;-0.46;05/09/2026;21:00;24.1;0;SOLEIL;4;0;0
Niort;46.32;-0.46;05/09/2026;22:00;24.1;0;SOLEIL;4;0;0
Niort;46.32;-0.46;05/09/2026;23:00;21.2;0;SOLEIL;4;0;0
Niort;46.32;-0.46;06/09/2026;00:00;21.2;0;SOLEIL;4;0;0
Niort;46.32;-0.46;06/09/2026;01:00;21.2;0;SOLEIL;4;0;0
Niort;46.32;-0.46;06/09/2026;02:00;19.6;0;SOLEIL;4;0;0
Niort;46.32;-0.46;06/09/2026;03:00;19.6;0;SOLEIL;4;0;0
Niort;46.32;-0.46;06/09/2026;04:00;19.6;0;SOLEIL;4;0;0
Niort;46.32;-0.46;06/09/2026;05:00;19.4;0;SOLEIL;4;0;0
Niort;46.32;-0.46;06/09/2026;06:00;19.4;0;SOLEIL;4;0;0
Niort;46.32;-0.46;06/09/2026;07:00;19.4;0;SOLEIL;4;0;0
Niort;46.32;-0.46;06/09/2026;08:00;26.1;5;SOLEIL VOILÉ;3;0;0
Niort;46.32;-0.46;06/09/2026;09:00;26.1;5;SOLEIL VOILÉ;3;0;0
Niort;46.32;-0.46;06/09/2026;10:00;26.1;5;SOLEIL VOILÉ;3;0;0
Niort;46.32;-0.46;06/09/2026;11:00;32.6;0;SOLEIL;4;0;0
Niort;46.32;-0.46;06/09/2026;12:00;32.6;0;SOLEIL;4;0;0
Niort;46.32;-0.46;06/09/2026;13:00;32.6;0;SOLEIL;4;0;0
Niort;46.32;-0.46;06/09/2026;14:00;35.1;0;SOLEIL;3;0;0
Niort;46.32;-0.46;06/09/2026;15:00;35.1;0;SOLEIL;3;0;0
Niort;46.32;-0.46;06/09/2026;16:00;35.1;0;SOLEIL;3;0;0
Niort;46.32;-0.46;06/09/2026;17:00;28.5;0;SOLEIL;4;0;0
Niort;46.32;-0.46;06/09/2026;18:00;28.5;0;SOLEIL;4;0;0
Niort;46.32;-0.46;06/09/2026;19:00;28.5;0;SOLEIL;4;0;0
Niort;46.32;-0.46;06/09/2026;20:00;26.1;0;SOLEIL;5;0;0
Niort;46.32;-0.46;06/09/2026;21:00;24.1;0;SOLEIL;5;0;0
Niort;46.32;-0.46;06/09/2026;22:00;22.1;0;SOLEIL;5;0;0
Niort;46.32;-0.46;06/09/2026;23:00;21.1;0;SOLEIL;3;0;0
Niort;46.32;-0.46;07/09/2026;00:00;21.1;0;SOLEIL;3;0;0
Niort;46.32;-0.46;07/09/2026;01:00;21.1;0;SOLEIL;3;0;0
Niort;46.32;-0.46;07/09/2026;02:00;18.2;2;NUAGEUX;5;0;0
Niort;46.32;-0.46;07/09/2026;03:00;18.2;2;NUAGEUX;5;0;0
Niort;46.32;-0.46;07/09/2026;04:00;18.2;2;NUAGEUX;5;0;0
Niort;46.32;-0.46;07/09/2026;05:00;19.4;2;NUAGEUX;3;0;0
Niort;46.32;-0.46;07/09/2026;06:00;19.4;2;NUAGEUX;3;0;0
Niort;46.32;-0.46;07/09/2026;07:00;19.4;2;NUAGEUX;3;0;0
Niort;46.32;-0.46;07/09/2026;08:00;20.5;2;NUAGEUX;5;0;0
Niort;46.32;-0.46;07/09/2026;09:00;21.7;2;NUAGEUX;5;0;0
Niort;46.32;-0.46;07/09/2026;10:00;22.8;2;NUAGEUX;5;0;0
Niort;46.32;-0.46;07/09/2026;11:00;26.5;2;NUAGEUX;4;0;0
Niort;46.32;-0.46;07/09/2026;12:00;26.5;2;NUAGEUX;4;0;0
Niort;46.32;-0.46;07/09/2026;13:00;26.5;2;NUAGEUX;4;0;0
Niort;46.32;-0.46;07/09/2026;14:00;27.4;2;NUAGEUX;5;0;0
Niort;46.32;-0.46;07/09/2026;15:00;28.6;2;NUAGEUX;5;0;0
Niort;46.32;-0.46;07/09/2026;16:00;27.4;2;NUAGEUX;5;0;0
Niort;46.32;-0.46;07/09/2026;17:00;24.7;0;SOLEIL;4;0;0
Niort;46.32;-0.46;07/09/2026;18:00;24.7;0;SOLEIL;4;0;0
Niort;46.32;-0.46;07/09/2026;19:00;24.7;0;SOLEIL;4;0;0
Niort;46.32;-0.46;07/09/2026;20:00;22.8;2;NUAGEUX;5;0;0
Niort;46.32;-0.46;07/09/2026;21:00;21.7;2;NUAGEUX;5;0;0
Niort;46.32;-0.46;07/09/2026;22:00;20.5;2;NUAGEUX;5;0;0
Niort;46.32;-0.46;07/09/2026;23:00;18.4;2;NUAGEUX;2;0;0
Niort;46.32;-0.46;08/09/2026;00:00;18.4;2;NUAGEUX;2;0;0
Niort;46.32;-0.46;08/09/2026;01:00;18.4;2;NUAGEUX;2;0;0
Niort;46.32;-0.46;08/09/2026;02:00;15.1;2;NUAGEUX;5;0;0
Niort;46.32;-0.46;08/09/2026;03:00;15.1;2;NUAGEUX;5;0;0
Niort;46.32;-0.46;08/09/2026;04:00;15.1;2;NUAGEUX;5;0;0
Niort;46.32;-0.46;08/09/2026;05:00;16.1;2;NUAGEUX;2;0;0
Niort;46.32;-0.46;08/09/2026;06:00;16.1;2;NUAGEUX;2;0;0
Niort;46.32;-0.46;08/09/2026;07:00;16.1;2;NUAGEUX;2;0;0
Niort;46.32;-0.46;08/09/2026;08:00;17.3;2;NUAGEUX;5;0;0
Niort;46.32;-0.46;08/09/2026;09:00;18.4;2;NUAGEUX;5;0;0
Niort;46.32;-0.46;08/09/2026;10:00;19.5;2;NUAGEUX;5;0;0
Niort;46.32;-0.46;08/09/2026;11:00;23.9;2;NUAGEUX;4;0;0
Niort;46.32;-0.46;08/09/2026;12:00;23.9;2;NUAGEUX;4;0;0
Niort;46.32;-0.46;08/09/2026;13:00;23.9;2;NUAGEUX;4;0;0
Niort;46.32;-0.46;08/09/2026;14:00;23.9;2;NUAGEUX;5;0;0
Niort;46.32;-0.46;08/09/2026;15:00;25.0;2;NUAGEUX;5;0;0
Niort;46.32;-0.46;08/09/2026;16:00;23.9;2;NUAGEUX;5;0;0
Niort;46.32;-0.46;08/09/2026;17:00;21.6;2;NUAGEUX;5;0;0
Niort;46.32;-0.46;08/09/2026;18:00;21.6;2;NUAGEUX;5;0;0
Niort;46.32;-0.46;08/09/2026;19:00;21.6;2;NUAGEUX;5;0;0
Niort;46.32;-0.46;08/09/2026;20:00;19.5;2;NUAGEUX;5;0;0
Niort;46.32;-0.46;08/09/2026;21:00;18.4;2;NUAGEUX;5;0;0
Niort;46.32;-0.46;08/09/2026;22:00;17.3;2;NUAGEUX;5;0;0
Niort;46.32;-0.46;08/09/2026;23:00;17.1;0;SOLEIL;4;0;0
Poitiers;46.58;0.34;04/09/2026;00:00;17.4;0;SOLEIL;1;0;0
Poitiers;46.58;0.34;04/09/2026;01:00;16.6;0;SOLEIL;1;0;0
Poitiers;46.58;0.34;04/09/2026;02:00;16.6;0;SOLEIL;1;0;0
Poitiers;46.58;0.34;04/09/2026;03:00;17.1;0;SOLEIL;1;0;0
Poitiers;46.58;0.34;04/09/2026;04:00;16.1;0;SOLEIL;1;0;0
Poitiers;46.58;0.34;04/09/2026;05:00;16.1;0;SOLEIL;1;0;0
Poitiers;46.58;0.34;04/09/2026;06:00;15.9;0;SOLEIL;1;0;0
Poitiers;46.58;0.34;04/09/2026;07:00;17.5;0;SOLEIL;1;0;0
Poitiers;46.58;0.34;04/09/2026;08:00;20.6;0;SOLEIL;1;0;0
Poitiers;46.58;0.34;04/09/2026;09:00;23.6;0;SOLEIL;1;0;0
Poitiers;46.58;0.34;04/09/2026;10:00;25.9;0;SOLEIL;2;0;0
Poitiers;46.58;0.34;04/09/2026;11:00;27.6;0;SOLEIL;2;0;0
Poitiers;46.58;0.34;04/09/2026;12:00;29.1;0;SOLEIL;3;0;0
Poitiers;46.58;0.34;04/09/2026;13:00;30.6;0;SOLEIL;3;0;0
Poitiers;46.58;0.34;04/09/2026;14:00;30.6;0;SOLEIL;3;0;0
Poitiers;46.58;0.34;04/09/2026;15:00;30.6;0;SOLEIL;3;0;0
Poitiers;46.58;0.34;04/09/2026;16:00;30.9;0;SOLEIL;3;0;0
Poitiers;46.58;0.34;04/09/2026;17:00;29.9;0;SOLEIL;3;0;0
Poitiers;46.58;0.34;04/09/2026;18:00;28.4;0;SOLEIL;3;0;0
Poitiers;46.58;0.34;04/09/2026;19:00;25.7;0;SOLEIL;2;0;0
Poitiers;46.58;0.34;04/09/2026;20:00;24.1;0;SOLEIL;2;0;0
Poitiers;46.58;0.34;04/09/2026;21:00;22;0;SOLEIL;2;0;0
Poitiers;46.58;0.34;04/09/2026;22:00;20.6;0;SOLEIL;3;0;0
Poitiers;46.58;0.34;04/09/2026;23:00;19;0;SOLEIL;2;0;0
Poitiers;46.58;0.34;05/09/2026;00:00;18.2;0;SOLEIL;2;0;0
Poitiers;46.58;0.34;05/09/2026;01:00;18.2;0;SOLEIL;2;0;0
Poitiers;46.58;0.34;05/09/2026;02:00;17.1;0;SOLEIL;2;0;0
Poitiers;46.58;0.34;05/09/2026;03:00;17.1;0;SOLEIL;2;0;0
Poitiers;46.58;0.34;05/09/2026;04:00;17.1;0;SOLEIL;2;0;0
Poitiers;46.58;0.34;05/09/2026;05:00;16.9;0;SOLEIL;2;0;0
Poitiers;46.58;0.34;05/09/2026;06:00;16.9;0;SOLEIL;2;0;0
Poitiers;46.58;0.34;05/09/2026;07:00;16.9;0;SOLEIL;2;0;0
Poitiers;46.58;0.34;05/09/2026;08:00;23.1;0;SOLEIL;2;0;0
Poitiers;46.58;0.34;05/09/2026;09:00;23.1;0;SOLEIL;2;0;0
Poitiers;46.58;0.34;05/09/2026;10:00;23.1;0;SOLEIL;2;0;0
Poitiers;46.58;0.34;05/09/2026;11:00;27.6;0;SOLEIL;2;0;0
Poitiers;46.58;0.34;05/09/2026;12:00;27.6;0;SOLEIL;2;0;0
Poitiers;46.58;0.34;05/09/2026;13:00;27.6;0;SOLEIL;2;0;0
Poitiers;46.58;0.34;05/09/2026;14:00;29;0;SOLEIL;3;0;0
Poitiers;46.58;0.34;05/09/2026;15:00;29;0;SOLEIL;3;0;0
Poitiers;46.58;0.34;05/09/2026;16:00;29;0;SOLEIL;3;0;0
Poitiers;46.58;0.34;05/09/2026;17:00;28.1;0;SOLEIL;3;0;0
Poitiers;46.58;0.34;05/09/2026;18:00;28.1;0;SOLEIL;3;0;0
Poitiers;46.58;0.34;05/09/2026;19:00;28.1;0;SOLEIL;3;0;0
Poitiers;46.58;0.34;05/09/2026;20:00;22.6;0;SOLEIL;3;0;0
Poitiers;46.58;0.34;05/09/2026;21:00;22.6;0;SOLEIL;3;0;0
Poitiers;46.58;0.34;05/09/2026;22:00;22.6;0;SOLEIL;3;0;0
Poitiers;46.58;0.34;05/09/2026;23:00;20.1;0;SOLEIL;3;0;0
Poitiers;46.58;0.34;06/09/2026;00:00;20.1;0;SOLEIL;3;0;0
Poitiers;46.58;0.34;06/09/2026;01:00;20.1;0;SOLEIL;3;0;0
Poitiers;46.58;0.34;06/09/2026;02:00;18.4;0;SOLEIL;3;0;0
Poitiers;46.58;0.34;06/09/2026;03:00;18.4;0;SOLEIL;3;0;0
Poitiers;46.58;0.34;06/09/2026;04:00;18.4;0;SOLEIL;3;0;0
Poitiers;46.58;0.34;06/09/2026;05:00;18.1;0;SOLEIL;3;0;0
Poitiers;46.58;0.34;06/09/2026;06:00;18.1;0;SOLEIL;3;0;0
Poitiers;46.58;0.34;06/09/2026;07:00;18.1;0;SOLEIL;3;0;0
Poitiers;46.58;0.34;06/09/2026;08:00;25.6;0;SOLEIL;3;0;0
Poitiers;46.58;0.34;06/09/2026;09:00;25.6;0;SOLEIL;3;0;0
Poitiers;46.58;0.34;06/09/2026;10:00;25.6;0;SOLEIL;3;0;0
Poitiers;46.58;0.34;06/09/2026;11:00;31.5;5;SOLEIL VOILÉ;3;0;0
Poitiers;46.58;0.34;06/09/2026;12:00;31.5;5;SOLEIL VOILÉ;3;0;0
Poitiers;46.58;0.34;06/09/2026;13:00;31.5;5;SOLEIL VOILÉ;3;0;0
Poitiers;46.58;0.34;06/09/2026;14:00;34.1;0;SOLEIL;3;0;0
Poitiers;46.58;0.34;06/09/2026;15:00;34.1;0;SOLEIL;3;0;0
Poitiers;46.58;0.34;06/09/2026;16:00;34.1;0;SOLEIL;3;0;0
Poitiers;46.58;0.34;06/09/2026;17:00;31.4;0;SOLEIL;2;0;0
Poitiers;46.58;0.34;06/09/2026;18:00;31.4;0;SOLEIL;2;0;0
Poitiers;46.58;0.34;06/09/2026;19:00;31.4;0;SOLEIL;2;0;0
Poitiers;46.58;0.34;06/09/2026;20:00;25.3;0;SOLEIL;5;0;0
Poitiers;46.58;0.34;06/09/2026;21:00;23.2;0;SOLEIL;5;0;0
Poitiers;46.58;0.34;06/09/2026;22:00;21.1;0;SOLEIL;5;0;0
Poitiers;46.58;0.34;06/09/2026;23:00;21.4;0;SOLEIL;4;0;0
Poitiers;46.58;0.34;07/09/2026;00:00;21.4;0;SOLEIL;4;0;0
Poitiers;46.58;0.34;07/09/2026;01:00;21.4;0;SOLEIL;4;0;0
Poitiers;46.58;0.34;07/09/2026;02:00;18.1;2;NUAGEUX;5;0;0
Poitiers;46.58;0.34;07/09/2026;03:00;18.1;2;NUAGEUX;5;0;0
Poitiers;46.58;0.34;07/09/2026;04:00;18.1;2;NUAGEUX;5;0;0
Poitiers;46.58;0.34;07/09/2026;05:00;19;2;NUAGEUX;3;0;0
Poitiers;46.58;0.34;07/09/2026;06:00;19;2;NUAGEUX;3;0;0
Poitiers;46.58;0.34;07/09/2026;07:00;19;2;NUAGEUX;3;0;0
Poitiers;46.58;0.34;07/09/2026;08:00;20.7;2;NUAGEUX;5;0;0
Poitiers;46.58;0.34;07/09/2026;09:00;22.1;2;NUAGEUX;5;0;0
Poitiers;46.58;0.34;07/09/2026;10:00;23.4;2;NUAGEUX;5;0;0
Poitiers;46.58;0.34;07/09/2026;11:00;27.6;2;NUAGEUX;4;0;0
Poitiers;46.58;0.34;07/09/2026;12:00;27.6;2;NUAGEUX;4;0;0
Poitiers;46.58;0.34;07/09/2026;13:00;27.6;2;NUAGEUX;4;0;0
Poitiers;46.58;0.34;07/09/2026;14:00;28.7;2;NUAGEUX;5;0;0
Poitiers;46.58;0.34;07/09/2026;15:00;30.0;2;NUAGEUX;5;0;0
Poitiers;46.58;0.34;07/09/2026;16:00;28.7;2;NUAGEUX;5;0;0
Poitiers;46.58;0.34;07/09/2026;17:00;27.1;0;SOLEIL;4;0;0
Poitiers;46.58;0.34;07/09/2026;18:00;27.1;0;SOLEIL;4;0;0
Poitiers;46.58;0.34;07/09/2026;19:00;27.1;0;SOLEIL;4;0;0
Poitiers;46.58;0.34;07/09/2026;20:00;23.4;2;NUAGEUX;5;0;0
Poitiers;46.58;0.34;07/09/2026;21:00;22.1;2;NUAGEUX;5;0;0
Poitiers;46.58;0.34;07/09/2026;22:00;20.7;2;NUAGEUX;5;0;0
Poitiers;46.58;0.34;07/09/2026;23:00;18.5;0;SOLEIL;3;0;0
Poitiers;46.58;0.34;08/09/2026;00:00;18.5;0;SOLEIL;3;0;0
Poitiers;46.58;0.34;08/09/2026;01:00;18.5;0;SOLEIL;3;0;0
Poitiers;46.58;0.34;08/09/2026;02:00;15.1;2;NUAGEUX;5;0;0
Poitiers;46.58;0.34;08/09/2026;03:00;15.1;2;NUAGEUX;5;0;0
Poitiers;46.58;0.34;08/09/2026;04:00;15.1;2;NUAGEUX;5;0;0
Poitiers;46.58;0.34;08/09/2026;05:00;16;2;NUAGEUX;2;0;0
Poitiers;46.58;0.34;08/09/2026;06:00;16;2;NUAGEUX;2;0;0
Poitiers;46.58;0.34;08/09/2026;07:00;16;2;NUAGEUX;2;0;0
Poitiers;46.58;0.34;08/09/2026;08:00;17.4;2;NUAGEUX;5;0;0
Poitiers;46.58;0.34;08/09/2026;09:00;18.5;2;NUAGEUX;5;0;0
Poitiers;46.58;0.34;08/09/2026;10:00;19.7;2;NUAGEUX;5;0;0
Poitiers;46.58;0.34;08/09/2026;11:00;23.9;2;NUAGEUX;4;0;0
Poitiers;46.58;0.34;08/09/2026;12:00;23.9;2;NUAGEUX;4;0;0
Poitiers;46.58;0.34;08/09/2026;13:00;23.9;2;NUAGEUX;4;0;0
Poitiers;46.58;0.34;08/09/2026;14:00;24.3;2;NUAGEUX;5;0;0
Poitiers;46.58;0.34;08/09/2026;15:00;25.4;2;NUAGEUX;5;0;0
Poitiers;46.58;0.34;08/09/2026;16:00;24.3;2;NUAGEUX;5;0;0
Poitiers;46.58;0.34;08/09/2026;17:00;21.9;2;NUAGEUX;5;0;0
Poitiers;46.58;0.34;08/09/2026;18:00;21.9;2;NUAGEUX;5;0;0
Poitiers;46.58;0.34;08/09/2026;19:00;21.9;2;NUAGEUX;5;0;0
Poitiers;46.58;0.34;08/09/2026;20:00;19.7;2;NUAGEUX;5;0;0
Poitiers;46.58;0.34;08/09/2026;21:00;18.5;2;NUAGEUX;5;0;0
Poitiers;46.58;0.34;08/09/2026;22:00;17.4;2;NUAGEUX;5;0;0
Poitiers;46.58;0.34;08/09/2026;23:00;16.4;0;SOLEIL;4;0;0
Limoges;45.83;1.26;04/09/2026;00:00;19.5;0;SOLEIL;1;0;0
Limoges;45.83;1.26;04/09/2026;01:00;18.5;0;SOLEIL;1;0;0
Limoges;45.83;1.26;04/09/2026;02:00;17.1;0;SOLEIL;1;0;0
Limoges;45.83;1.26;04/09/2026;03:00;15.9;0;SOLEIL;1;0;0
Limoges;45.83;1.26;04/09/2026;04:00;15.5;0;SOLEIL;1;0;0
Limoges;45.83;1.26;04/09/2026;05:00;15;0;SOLEIL;1;0;0
Limoges;45.83;1.26;04/09/2026;06:00;14.6;0;SOLEIL;1;0;0
Limoges;45.83;1.26;04/09/2026;07:00;17.9;0;SOLEIL;1;0;0
Limoges;45.83;1.26;04/09/2026;08:00;20.9;0;SOLEIL;1;0;0
Limoges;45.83;1.26;04/09/2026;09:00;24.6;0;SOLEIL;1;0;0
Limoges;45.83;1.26;04/09/2026;10:00;28.4;0;SOLEIL;2;0;0
Limoges;45.83;1.26;04/09/2026;11:00;30.1;0;SOLEIL;2;0;0
Limoges;45.83;1.26;04/09/2026;12:00;30.6;0;SOLEIL;3;0;0
Limoges;45.83;1.26;04/09/2026;13:00;32;0;SOLEIL;3;0;0
Limoges;45.83;1.26;04/09/2026;14:00;32.4;0;SOLEIL;3;0;0
Limoges;45.83;1.26;04/09/2026;15:00;32.6;0;SOLEIL;4;0;0
Limoges;45.83;1.26;04/09/2026;16:00;32.1;0;SOLEIL;4;0;0
Limoges;45.83;1.26;04/09/2026;17:00;31.5;0;SOLEIL;4;0;0
Limoges;45.83;1.26;04/09/2026;18:00;29.2;0;SOLEIL;3;0;0
Limoges;45.83;1.26;04/09/2026;19:00;27.7;0;SOLEIL;2;0;0
Limoges;45.83;1.26;04/09/2026;20:00;25.6;0;SOLEIL;2;0;0
Limoges;45.83;1.26;04/09/2026;21:00;22.5;0;SOLEIL;2;0;0
Limoges;45.83;1.26;04/09/2026;22:00;22.1;0;SOLEIL;1;0;0
Limoges;45.83;1.26;04/09/2026;23:00;20.9;0;SOLEIL;0;0;0
Limoges;45.83;1.26;05/09/2026;00:00;19.1;0;SOLEIL;1;0;0
Limoges;45.83;1.26;05/09/2026;01:00;19.1;0;SOLEIL;1;0;0
Limoges;45.83;1.26;05/09/2026;02:00;16;0;SOLEIL;1;0;0
Limoges;45.83;1.26;05/09/2026;03:00;16;0;SOLEIL;1;0;0
Limoges;45.83;1.26;05/09/2026;04:00;16;0;SOLEIL;1;0;0
Limoges;45.83;1.26;05/09/2026;05:00;15.1;0;SOLEIL;1;0;0
Limoges;45.83;1.26;05/09/2026;06:00;15.1;0;SOLEIL;1;0;0
Limoges;45.83;1.26;05/09/2026;07:00;15.1;0;SOLEIL;1;0;0
Limoges;45.83;1.26;05/09/2026;08:00;23.6;0;SOLEIL;1;0;0
Limoges;45.83;1.26;05/09/2026;09:00;23.6;0;SOLEIL;1;0;0
Limoges;45.83;1.26;05/09/2026;10:00;23.6;0;SOLEIL;1;0;0
Limoges;45.83;1.26;05/09/2026;11:00;30.2;0;SOLEIL;1;0;0
Limoges;45.83;1.26;05/09/2026;12:00;30.2;0;SOLEIL;1;0;0
Limoges;45.83;1.26;05/09/2026;13:00;30.2;0;SOLEIL;1;0;0
Limoges;45.83;1.26;05/09/2026;14:00;31.9;0;SOLEIL;3;0;0
Limoges;45.83;1.26;05/09/2026;15:00;31.9;0;SOLEIL;3;0;0
Limoges;45.83;1.26;05/09/2026;16:00;31.9;0;SOLEIL;3;0;0
Limoges;45.83;1.26;05/09/2026;17:00;30.9;0;SOLEIL;3;0;0
Limoges;45.83;1.26;05/09/2026;18:00;30.9;0;SOLEIL;3;0;0
Limoges;45.83;1.26;05/09/2026;19:00;30.9;0;SOLEIL;3;0;0
Limoges;45.83;1.26;05/09/2026;20:00;23.7;0;SOLEIL;3;0;0
Limoges;45.83;1.26;05/09/2026;21:00;23.7;0;SOLEIL;3;0;0
Limoges;45.83;1.26;05/09/2026;22:00;23.7;0;SOLEIL;3;0;0
Limoges;45.83;1.26;05/09/2026;23:00;19.9;0;SOLEIL;3;0;0
Limoges;45.83;1.26;06/09/2026;00:00;19.9;0;SOLEIL;3;0;0
Limoges;45.83;1.26;06/09/2026;01:00;19.9;0;SOLEIL;3;0;0
Limoges;45.83;1.26;06/09/2026;02:00;17.6;0;SOLEIL;2;0;0
Limoges;45.83;1.26;06/09/2026;03:00;17.6;0;SOLEIL;2;0;0
Limoges;45.83;1.26;06/09/2026;04:00;17.6;0;SOLEIL;2;0;0
Limoges;45.83;1.26;06/09/2026;05:00;17;0;SOLEIL;2;0;0
Limoges;45.83;1.26;06/09/2026;06:00;17;0;SOLEIL;2;0;0
Limoges;45.83;1.26;06/09/2026;07:00;17;0;SOLEIL;2;0;0
Limoges;45.83;1.26;06/09/2026;08:00;26.6;0;SOLEIL;2;0;0
Limoges;45.83;1.26;06/09/2026;09:00;26.6;0;SOLEIL;2;0;0
Limoges;45.83;1.26;06/09/2026;10:00;26.6;0;SOLEIL;2;0;0
Limoges;45.83;1.26;06/09/2026;11:00;35.1;0;SOLEIL;2;0;0
Limoges;45.83;1.26;06/09/2026;12:00;35.1;0;SOLEIL;2;0;0
Limoges;45.83;1.26;06/09/2026;13:00;35.1;0;SOLEIL;2;0;0
Limoges;45.83;1.26;06/09/2026;14:00;36.1;0;SOLEIL;3;0;0
Limoges;45.83;1.26;06/09/2026;15:00;36.1;0;SOLEIL;3;0;0
Limoges;45.83;1.26;06/09/2026;16:00;36.1;0;SOLEIL;3;0;0
Limoges;45.83;1.26;06/09/2026;17:00;33.5;5;SOLEIL VOILÉ;3;0;0
Limoges;45.83;1.26;06/09/2026;18:00;33.5;5;SOLEIL VOILÉ;3;0;0
Limoges;45.83;1.26;06/09/2026;19:00;33.5;5;SOLEIL VOILÉ;3;0;0
Limoges;45.83;1.26;06/09/2026;20:00;25.8;0;SOLEIL;5;0;0
Limoges;45.83;1.26;06/09/2026;21:00;23.4;0;SOLEIL;5;0;0
Limoges;45.83;1.26;06/09/2026;22:00;21.0;0;SOLEIL;5;0;0
Limoges;45.83;1.26;06/09/2026;23:00;21.9;0;SOLEIL;3;0;0
Limoges;45.83;1.26;07/09/2026;00:00;21.9;0;SOLEIL;3;0;0
Limoges;45.83;1.26;07/09/2026;01:00;21.9;0;SOLEIL;3;0;0
Limoges;45.83;1.26;07/09/2026;02:00;18.1;0;SOLEIL;5;0;0
Limoges;45.83;1.26;07/09/2026;03:00;18.1;0;SOLEIL;5;0;0
Limoges;45.83;1.26;07/09/2026;04:00;18.1;0;SOLEIL;5;0;0
Limoges;45.83;1.26;07/09/2026;05:00;19;0;SOLEIL;2;0;0
Limoges;45.83;1.26;07/09/2026;06:00;19;0;SOLEIL;2;0;0
Limoges;45.83;1.26;07/09/2026;07:00;19;0;SOLEIL;2;0;0
Limoges;45.83;1.26;07/09/2026;08:00;21.2;0;SOLEIL;5;0;0
Limoges;45.83;1.26;07/09/2026;09:00;22.7;0;SOLEIL;5;0;0
Limoges;45.83;1.26;07/09/2026;10:00;24.3;0;SOLEIL;5;0;0
Limoges;45.83;1.26;07/09/2026;11:00;29.1;0;SOLEIL;3;0;0
Limoges;45.83;1.26;07/09/2026;12:00;29.1;0;SOLEIL;3;0;0
Limoges;45.83;1.26;07/09/2026;13:00;29.1;0;SOLEIL;3;0;0
Limoges;45.83;1.26;07/09/2026;14:00;30.5;0;SOLEIL;5;0;0
Limoges;45.83;1.26;07/09/2026;15:00;32.0;0;SOLEIL;5;0;0
Limoges;45.83;1.26;07/09/2026;16:00;30.5;0;SOLEIL;5;0;0
Limoges;45.83;1.26;07/09/2026;17:00;27.6;0;SOLEIL;3;0;0
Limoges;45.83;1.26;07/09/2026;18:00;27.6;0;SOLEIL;3;0;0
Limoges;45.83;1.26;07/09/2026;19:00;27.6;0;SOLEIL;3;0;0
Limoges;45.83;1.26;07/09/2026;20:00;24.3;0;SOLEIL;5;0;0
Limoges;45.83;1.26;07/09/2026;21:00;22.7;0;SOLEIL;5;0;0
Limoges;45.83;1.26;07/09/2026;22:00;21.2;0;SOLEIL;5;0;0
Limoges;45.83;1.26;07/09/2026;23:00;18.9;0;SOLEIL;2;0;0
Limoges;45.83;1.26;08/09/2026;00:00;18.9;0;SOLEIL;2;0;0
Limoges;45.83;1.26;08/09/2026;01:00;18.9;0;SOLEIL;2;0;0
Limoges;45.83;1.26;08/09/2026;02:00;15.6;2;NUAGEUX;5;0;0
Limoges;45.83;1.26;08/09/2026;03:00;15.6;2;NUAGEUX;5;0;0
Limoges;45.83;1.26;08/09/2026;04:00;15.6;2;NUAGEUX;5;0;0
Limoges;45.83;1.26;08/09/2026;05:00;16.9;0;SOLEIL;2;0;0
Limoges;45.83;1.26;08/09/2026;06:00;16.9;0;SOLEIL;2;0;0
Limoges;45.83;1.26;08/09/2026;07:00;16.9;0;SOLEIL;2;0;0
Limoges;45.83;1.26;08/09/2026;08:00;18.1;2;NUAGEUX;5;0;0
Limoges;45.83;1.26;08/09/2026;09:00;19.3;2;NUAGEUX;5;0;0
Limoges;45.83;1.26;08/09/2026;10:00;20.5;2;NUAGEUX;5;0;0
Limoges;45.83;1.26;08/09/2026;11:00;25.1;2;NUAGEUX;4;0;0
Limoges;45.83;1.26;08/09/2026;12:00;25.1;2;NUAGEUX;4;0;0
Limoges;45.83;1.26;08/09/2026;13:00;25.1;2;NUAGEUX;4;0;0
Limoges;45.83;1.26;08/09/2026;14:00;25.5;2;NUAGEUX;5;0;0
Limoges;45.83;1.26;08/09/2026;15:00;26.7;2;NUAGEUX;5;0;0
Limoges;45.83;1.26;08/09/2026;16:00;25.5;2;NUAGEUX;5;0;0
Limoges;45.83;1.26;08/09/2026;17:00;23.1;2;NUAGEUX;4;0;0
Limoges;45.83;1.26;08/09/2026;18:00;23.1;2;NUAGEUX;4;0;0
Limoges;45.83;1.26;08/09/2026;19:00;23.1;2;NUAGEUX;4;0;0
Limoges;45.83;1.26;08/09/2026;20:00;20.5;2;NUAGEUX;5;0;0
Limoges;45.83;1.26;08/09/2026;21:00;19.3;2;NUAGEUX;5;0;0
Limoges;45.83;1.26;08/09/2026;22:00;18.1;2;NUAGEUX;5;0;0
Limoges;45.83;1.26;08/09/2026;23:00;16.9;0;SOLEIL;2;0;0
