Ville;Latitude;Longitude;Date;Heure;temperature_2m;weathercode;Temps_Label;windspeed_10m;wind_gusts_10m;precipitation
Châtillon-sur-Seine;47.86;4.57;16/08/2026;00:00;26.6;2;NUAGEUX;4;19.1;0
Châtillon-sur-Seine;47.86;4.57;16/08/2026;01:00;25.2;2;NUAGEUX;3;9.0;0
Châtillon-sur-Seine;47.86;4.57;16/08/2026;02:00;24.4;2;NUAGEUX;3;13.0;0
Châtillon-sur-Seine;47.86;4.57;16/08/2026;03:00;23.7;2;NUAGEUX;2;11.9;0
Châtillon-sur-Seine;47.86;4.57;16/08/2026;04:00;22.9;2;NUAGEUX;2;13.3;0
Châtillon-sur-Seine;47.86;4.57;16/08/2026;05:00;23.1;2;NUAGEUX;2;22.0;0
Châtillon-sur-Seine;47.86;4.57;16/08/2026;06:00;24.4;2;NUAGEUX;3;31.0;0
Châtillon-sur-Seine;47.86;4.57;16/08/2026;07:00;26.6;2;NUAGEUX;2;33.1;0
Châtillon-sur-Seine;47.86;4.57;16/08/2026;08:00;28;2;NUAGEUX;3;19.4;0
Châtillon-sur-Seine;47.86;4.57;16/08/2026;09:00;28.4;2;NUAGEUX;2;14.0;0
Châtillon-sur-Seine;47.86;4.57;16/08/2026;10:00;28.5;2;NUAGEUX;2;22.7;0
Châtillon-sur-Seine;47.86;4.57;16/08/2026;11:00;30.4;2;NUAGEUX;2;22.0;0
Châtillon-sur-Seine;47.86;4.57;16/08/2026;12:00;31;2;NUAGEUX;4;19.1;0
Châtillon-sur-Seine;47.86;4.57;16/08/2026;13:00;32.1;2;NUAGEUX;4;17.6;0
Châtillon-sur-Seine;47.86;4.57;16/08/2026;14:00;32.1;2;NUAGEUX;4;17.3;0
Châtillon-sur-Seine;47.86;4.57;16/08/2026;15:00;32.1;2;NUAGEUX;3;18.4;0
Châtillon-sur-Seine;47.86;4.57;16/08/2026;16:00;32.1;2;NUAGEUX;3;18.0;0
Châtillon-sur-Seine;47.86;4.57;16/08/2026;17:00;31;10;ORAGEUX;4;17.6;0
Châtillon-sur-Seine;47.86;4.57;16/08/2026;18:00;29.1;10;ORAGEUX;3;17.3;0
Châtillon-sur-Seine;47.86;4.57;16/08/2026;19:00;27.2;5;SOLEIL VOILÉ;3;19.8;0
Châtillon-sur-Seine;47.86;4.57;16/08/2026;20:00;25.6;5;SOLEIL VOILÉ;3;22.7;0
Châtillon-sur-Seine;47.86;4.57;16/08/2026;21:00;24.5;5;SOLEIL VOILÉ;2;14.4;0
Châtillon-sur-Seine;47.86;4.57;16/08/2026;22:00;23.7;5;SOLEIL VOILÉ;2;11.5;0
Châtillon-sur-Seine;47.86;4.57;16/08/2026;23:00;23.5;5;SOLEIL VOILÉ;2;9.7;0
Châtillon-sur-Seine;47.86;4.57;17/08/2026;00:00;22.7;5;SOLEIL VOILÉ;3;10.1;0
Châtillon-sur-Seine;47.86;4.57;17/08/2026;01:00;22.7;5;SOLEIL VOILÉ;3;12.6;0
Châtillon-sur-Seine;47.86;4.57;17/08/2026;02:00;20.2;0;SOLEIL;2;13.7;0
Châtillon-sur-Seine;47.86;4.57;17/08/2026;03:00;20.2;0;SOLEIL;2;11.7;0
Châtillon-sur-Seine;47.86;4.57;17/08/2026;04:00;20.2;0;SOLEIL;2;10.4;0
Châtillon-sur-Seine;47.86;4.57;17/08/2026;05:00;20.7;5;SOLEIL VOILÉ;2;7.0;0
Châtillon-sur-Seine;47.86;4.57;17/08/2026;06:00;20.7;5;SOLEIL VOILÉ;2;4.7;0
Châtillon-sur-Seine;47.86;4.57;17/08/2026;07:00;20.7;5;SOLEIL VOILÉ;2;7.6;0
Châtillon-sur-Seine;47.86;4.57;17/08/2026;08:00;26;5;SOLEIL VOILÉ;2;6.8;0
Châtillon-sur-Seine;47.86;4.57;17/08/2026;09:00;26;5;SOLEIL VOILÉ;2;6.1;0
Châtillon-sur-Seine;47.86;4.57;17/08/2026;10:00;26;5;SOLEIL VOILÉ;2;6.1;0
Châtillon-sur-Seine;47.86;4.57;17/08/2026;11:00;26.7;5;SOLEIL VOILÉ;3;22.3;0
Châtillon-sur-Seine;47.86;4.57;17/08/2026;12:00;26.7;5;SOLEIL VOILÉ;3;29.2;0
Châtillon-sur-Seine;47.86;4.57;17/08/2026;13:00;26.7;5;SOLEIL VOILÉ;3;31.0;0
Châtillon-sur-Seine;47.86;4.57;17/08/2026;14:00;32.5;5;SOLEIL VOILÉ;3;31.3;0
Châtillon-sur-Seine;47.86;4.57;17/08/2026;15:00;32.5;5;SOLEIL VOILÉ;3;32.4;0
Châtillon-sur-Seine;47.86;4.57;17/08/2026;16:00;32.5;5;SOLEIL VOILÉ;3;33.5;0
Châtillon-sur-Seine;47.86;4.57;17/08/2026;17:00;26.7;0;SOLEIL;3;32.4;0
Châtillon-sur-Seine;47.86;4.57;17/08/2026;18:00;26.7;0;SOLEIL;3;32.0;0
Châtillon-sur-Seine;47.86;4.57;17/08/2026;19:00;26.7;0;SOLEIL;3;31.3;0
Châtillon-sur-Seine;47.86;4.57;17/08/2026;20:00;22.2;0;SOLEIL;2;24.8;0
Châtillon-sur-Seine;47.86;4.57;17/08/2026;21:00;22.2;0;SOLEIL;2;22.7;0
Châtillon-sur-Seine;47.86;4.57;17/08/2026;22:00;22.2;0;SOLEIL;2;14.4;0
Châtillon-sur-Seine;47.86;4.57;17/08/2026;23:00;19.1;0;SOLEIL;2;8.3;0
Châtillon-sur-Seine;47.86;4.57;18/08/2026;00:00;19.1;0;SOLEIL;2;9.4;0
Châtillon-sur-Seine;47.86;4.57;18/08/2026;01:00;19.1;0;SOLEIL;2;10.1;0
Châtillon-sur-Seine;47.86;4.57;18/08/2026;02:00;16.6;0;SOLEIL;2;10.4;0
Châtillon-sur-Seine;47.86;4.57;18/08/2026;03:00;16.6;0;SOLEIL;2;9.7;0
Châtillon-sur-Seine;47.86;4.57;18/08/2026;04:00;16.6;0;SOLEIL;2;10.8;0
Châtillon-sur-Seine;47.86;4.57;18/08/2026;05:00;18.6;0;SOLEIL;2;11.5;0
Châtillon-sur-Seine;47.86;4.57;18/08/2026;06:00;18.6;0;SOLEIL;2;10.8;0
Châtillon-sur-Seine;47.86;4.57;18/08/2026;07:00;18.6;0;SOLEIL;2;9.4;0
Châtillon-sur-Seine;47.86;4.57;18/08/2026;08:00;26.5;0;SOLEIL;3;9.0;0
Châtillon-sur-Seine;47.86;4.57;18/08/2026;09:00;26.5;0;SOLEIL;3;10.1;0
Châtillon-sur-Seine;47.86;4.57;18/08/2026;10:00;26.5;0;SOLEIL;3;11.9;0
Châtillon-sur-Seine;47.86;4.57;18/08/2026;11:00;29.6;0;SOLEIL;3;13.7;0
Châtillon-sur-Seine;47.86;4.57;18/08/2026;12:00;29.6;0;SOLEIL;3;15.1;0
Châtillon-sur-Seine;47.86;4.57;18/08/2026;13:00;29.6;0;SOLEIL;3;16.2;0
Châtillon-sur-Seine;47.86;4.57;18/08/2026;14:00;32.6;0;SOLEIL;3;17.6;0
Châtillon-sur-Seine;47.86;4.57;18/08/2026;15:00;32.6;0;SOLEIL;3;19.1;0
Châtillon-sur-Seine;47.86;4.57;18/08/2026;16:00;32.6;0;SOLEIL;3;20.5;0
Châtillon-sur-Seine;47.86;4.57;18/08/2026;17:00;30.7;0;SOLEIL;3;21.2;0
Châtillon-sur-Seine;47.86;4.57;18/08/2026;18:00;30.7;0;SOLEIL;3;21.6;0
Châtillon-sur-Seine;47.86;4.57;18/08/2026;19:00;30.7;0;SOLEIL;3;21.6;0
Châtillon-sur-Seine;47.86;4.57;18/08/2026;20:00;23.7;0;SOLEIL;5;20.5;0
Châtillon-sur-Seine;47.86;4.57;18/08/2026;21:00;21.8;0;SOLEIL;5;17.3;0
Châtillon-sur-Seine;47.86;4.57;18/08/2026;22:00;19.9;0;SOLEIL;5;13.3;0
Châtillon-sur-Seine;47.86;4.57;18/08/2026;23:00;22;0;SOLEIL;2;10.1;0
Châtillon-sur-Seine;47.86;4.57;19/08/2026;00:00;22;0;SOLEIL;2;9.0;0
Châtillon-sur-Seine;47.86;4.57;19/08/2026;01:00;22;0;SOLEIL;2;9.0;0
Châtillon-sur-Seine;47.86;4.57;19/08/2026;02:00;17.9;0;SOLEIL;5;9.4;0
Châtillon-sur-Seine;47.86;4.57;19/08/2026;03:00;17.9;0;SOLEIL;5;9.7;0
Châtillon-sur-Seine;47.86;4.57;19/08/2026;04:00;17.9;0;SOLEIL;5;10.1;0
Châtillon-sur-Seine;47.86;4.57;19/08/2026;05:00;19.2;0;SOLEIL;3;10.1;0
Châtillon-sur-Seine;47.86;4.57;19/08/2026;06:00;19.2;0;SOLEIL;3;9.4;0
Châtillon-sur-Seine;47.86;4.57;19/08/2026;07:00;19.2;0;SOLEIL;3;8.3;0
Châtillon-sur-Seine;47.86;4.57;19/08/2026;08:00;20.2;0;SOLEIL;5;8.3;0
Châtillon-sur-Seine;47.86;4.57;19/08/2026;09:00;21.3;0;SOLEIL;5;9.7;0
Châtillon-sur-Seine;47.86;4.57;19/08/2026;10:00;22.4;0;SOLEIL;5;12.6;0
Châtillon-sur-Seine;47.86;4.57;19/08/2026;11:00;26.4;0;SOLEIL;4;15.5;0
Châtillon-sur-Seine;47.86;4.57;19/08/2026;12:00;26.4;0;SOLEIL;4;19.1;0
Châtillon-sur-Seine;47.86;4.57;19/08/2026;13:00;26.4;0;SOLEIL;4;22.7;0
Châtillon-sur-Seine;47.86;4.57;19/08/2026;14:00;27.0;0;SOLEIL;5;25.9;0
Châtillon-sur-Seine;47.86;4.57;19/08/2026;15:00;28.1;0;SOLEIL;5;28.4;0
Châtillon-sur-Seine;47.86;4.57;19/08/2026;16:00;27.0;0;SOLEIL;5;30.2;0
Châtillon-sur-Seine;47.86;4.57;19/08/2026;17:00;24.6;0;SOLEIL;3;31.0;0
Châtillon-sur-Seine;47.86;4.57;19/08/2026;18:00;24.6;0;SOLEIL;3;30.2;0
Châtillon-sur-Seine;47.86;4.57;19/08/2026;19:00;24.6;0;SOLEIL;3;28.1;0
Châtillon-sur-Seine;47.86;4.57;19/08/2026;20:00;22.4;0;SOLEIL;5;25.6;0
Châtillon-sur-Seine;47.86;4.57;19/08/2026;21:00;21.3;0;SOLEIL;5;22.0;0
Châtillon-sur-Seine;47.86;4.57;19/08/2026;22:00;20.2;0;SOLEIL;5;17.6;0
Châtillon-sur-Seine;47.86;4.57;19/08/2026;23:00;18.1;0;SOLEIL;2;14.4;0
Châtillon-sur-Seine;47.86;4.57;20/08/2026;00:00;18.1;0;SOLEIL;2;13.4;0
Châtillon-sur-Seine;47.86;4.57;20/08/2026;01:00;18.1;0;SOLEIL;2;14.2;0
Châtillon-sur-Seine;47.86;4.57;20/08/2026;02:00;15.6;0;SOLEIL;5;16.7;0
Châtillon-sur-Seine;47.86;4.57;20/08/2026;03:00;15.6;0;SOLEIL;5;21.6;0
Châtillon-sur-Seine;47.86;4.57;20/08/2026;04:00;15.6;0;SOLEIL;5;26.6;0
Châtillon-sur-Seine;47.86;4.57;20/08/2026;05:00;16.6;0;SOLEIL;2;30.6;0
Châtillon-sur-Seine;47.86;4.57;20/08/2026;06:00;16.6;0;SOLEIL;2;34.2;0
Châtillon-sur-Seine;47.86;4.57;20/08/2026;07:00;16.6;0;SOLEIL;2;37.1;0
Châtillon-sur-Seine;47.86;4.57;20/08/2026;08:00;17.9;0;SOLEIL;5;37.4;0
Châtillon-sur-Seine;47.86;4.57;20/08/2026;09:00;19.0;0;SOLEIL;5;33.1;0
Châtillon-sur-Seine;47.86;4.57;20/08/2026;10:00;20.2;0;SOLEIL;5;25.9;0
Châtillon-sur-Seine;47.86;4.57;20/08/2026;11:00;24.9;0;SOLEIL;3;19.8;0
Châtillon-sur-Seine;47.86;4.57;20/08/2026;12:00;24.9;0;SOLEIL;3;15.5;0
Châtillon-sur-Seine;47.86;4.57;20/08/2026;13:00;24.9;0;SOLEIL;3;12.2;0
Châtillon-sur-Seine;47.86;4.57;20/08/2026;14:00;24.8;0;SOLEIL;5;11.5;0
Châtillon-sur-Seine;47.86;4.57;20/08/2026;15:00;25.9;0;SOLEIL;5;15.5;0
Châtillon-sur-Seine;47.86;4.57;20/08/2026;16:00;24.8;0;SOLEIL;5;22.0;0
Châtillon-sur-Seine;47.86;4.57;20/08/2026;17:00;23.9;0;SOLEIL;3;25.6;0
Châtillon-sur-Seine;47.86;4.57;20/08/2026;18:00;23.9;0;SOLEIL;3;22.7;0
Châtillon-sur-Seine;47.86;4.57;20/08/2026;19:00;23.9;0;SOLEIL;3;16.9;0
Châtillon-sur-Seine;47.86;4.57;20/08/2026;20:00;20.2;0;SOLEIL;5;12.2;0
Châtillon-sur-Seine;47.86;4.57;20/08/2026;21:00;19.0;0;SOLEIL;5;10.4;0
Châtillon-sur-Seine;47.86;4.57;20/08/2026;22:00;17.9;0;SOLEIL;5;10.1;0
Châtillon-sur-Seine;47.86;4.57;20/08/2026;23:00;17.6;0;SOLEIL;2;10.4;0
Dijon;47.32;5.04;16/08/2026;00:00;20.7;2;NUAGEUX;2;5.4;0
Dijon;47.32;5.04;16/08/2026;01:00;20.1;2;NUAGEUX;2;4.3;0
Dijon;47.32;5.04;16/08/2026;02:00;20;2;NUAGEUX;2;2.5;0
Dijon;47.32;5.04;16/08/2026;03:00;19.6;2;NUAGEUX;2;3.6;0
Dijon;47.32;5.04;16/08/2026;04:00;19.6;2;NUAGEUX;2;7.2;0
Dijon;47.32;5.04;16/08/2026;05:00;19.2;2;NUAGEUX;2;28.1;0
Dijon;47.32;5.04;16/08/2026;06:00;21.1;2;NUAGEUX;1;24.8;0
Dijon;47.32;5.04;16/08/2026;07:00;24.1;2;NUAGEUX;2;16.9;0
Dijon;47.32;5.04;16/08/2026;08:00;25.7;2;NUAGEUX;2;10.1;0
Dijon;47.32;5.04;16/08/2026;09:00;27;2;NUAGEUX;2;19.1;0
Dijon;47.32;5.04;16/08/2026;10:00;28.2;2;NUAGEUX;2;18.0;0
Dijon;47.32;5.04;16/08/2026;11:00;30.1;2;NUAGEUX;3;21.6;0
Dijon;47.32;5.04;16/08/2026;12:00;31.1;2;NUAGEUX;3;22.0;0
Dijon;47.32;5.04;16/08/2026;13:00;30.1;2;NUAGEUX;4;12.6;0
Dijon;47.32;5.04;16/08/2026;14:00;29.2;6;AVERSES;4;23.0;0.3
Dijon;47.32;5.04;16/08/2026;15:00;29;10;ORAGEUX;4;11.5;0.1
Dijon;47.32;5.04;16/08/2026;16:00;28;6;AVERSES;4;19.4;0.7
Dijon;47.32;5.04;16/08/2026;17:00;27.6;6;AVERSES;4;30.6;0.1
Dijon;47.32;5.04;16/08/2026;18:00;27.1;6;AVERSES;3;9.0;0.1
Dijon;47.32;5.04;16/08/2026;19:00;25.6;5;SOLEIL VOILÉ;1;16.9;0
Dijon;47.32;5.04;16/08/2026;20:00;23.7;5;SOLEIL VOILÉ;1;11.2;0
Dijon;47.32;5.04;16/08/2026;21:00;22.1;5;SOLEIL VOILÉ;1;8.6;0
Dijon;47.32;5.04;16/08/2026;22:00;20.6;5;SOLEIL VOILÉ;2;4.3;0
Dijon;47.32;5.04;16/08/2026;23:00;19.1;5;SOLEIL VOILÉ;2;4.3;0
Dijon;47.32;5.04;17/08/2026;00:00;17.6;5;SOLEIL VOILÉ;2;5.4;0
Dijon;47.32;5.04;17/08/2026;01:00;17.6;5;SOLEIL VOILÉ;2;6.5;0
Dijon;47.32;5.04;17/08/2026;02:00;17.1;0;SOLEIL;1;6.8;0
Dijon;47.32;5.04;17/08/2026;03:00;17.1;0;SOLEIL;1;8.8;0
Dijon;47.32;5.04;17/08/2026;04:00;17.1;0;SOLEIL;1;8.5;0
Dijon;47.32;5.04;17/08/2026;05:00;19.2;5;SOLEIL VOILÉ;2;5.4;0
Dijon;47.32;5.04;17/08/2026;06:00;19.2;5;SOLEIL VOILÉ;2;5.8;0
Dijon;47.32;5.04;17/08/2026;07:00;19.2;5;SOLEIL VOILÉ;2;6.5;0
Dijon;47.32;5.04;17/08/2026;08:00;25.1;5;SOLEIL VOILÉ;2;6.1;0
Dijon;47.32;5.04;17/08/2026;09:00;25.1;5;SOLEIL VOILÉ;2;16.6;0
Dijon;47.32;5.04;17/08/2026;10:00;25.1;5;SOLEIL VOILÉ;2;21.6;0
Dijon;47.32;5.04;17/08/2026;11:00;28;5;SOLEIL VOILÉ;3;23.4;0
Dijon;47.32;5.04;17/08/2026;12:00;28;5;SOLEIL VOILÉ;3;23.4;0
Dijon;47.32;5.04;17/08/2026;13:00;28;5;SOLEIL VOILÉ;3;24.8;0
Dijon;47.32;5.04;17/08/2026;14:00;29.1;5;SOLEIL VOILÉ;4;26.6;0
Dijon;47.32;5.04;17/08/2026;15:00;29.1;5;SOLEIL VOILÉ;4;29.2;0
Dijon;47.32;5.04;17/08/2026;16:00;29.1;5;SOLEIL VOILÉ;4;29.5;0
Dijon;47.32;5.04;17/08/2026;17:00;26.9;0;SOLEIL;3;28.4;0
Dijon;47.32;5.04;17/08/2026;18:00;26.9;0;SOLEIL;3;25.9;0
Dijon;47.32;5.04;17/08/2026;19:00;26.9;0;SOLEIL;3;25.2;0
Dijon;47.32;5.04;17/08/2026;20:00;22.6;0;SOLEIL;2;24.8;0
Dijon;47.32;5.04;17/08/2026;21:00;22.6;0;SOLEIL;2;13.7;0
Dijon;47.32;5.04;17/08/2026;22:00;22.6;0;SOLEIL;2;8.3;0
Dijon;47.32;5.04;17/08/2026;23:00;18.2;0;SOLEIL;2;5.0;0
Dijon;47.32;5.04;18/08/2026;00:00;18.2;0;SOLEIL;2;3.2;0
Dijon;47.32;5.04;18/08/2026;01:00;18.2;0;SOLEIL;2;5.4;0
Dijon;47.32;5.04;18/08/2026;02:00;15;0;SOLEIL;2;5.8;0
Dijon;47.32;5.04;18/08/2026;03:00;15;0;SOLEIL;2;2.9;0
Dijon;47.32;5.04;18/08/2026;04:00;15;0;SOLEIL;2;3.2;0
Dijon;47.32;5.04;18/08/2026;05:00;17.5;0;SOLEIL;2;4.3;0
Dijon;47.32;5.04;18/08/2026;06:00;17.5;0;SOLEIL;2;4.7;0
Dijon;47.32;5.04;18/08/2026;07:00;17.5;0;SOLEIL;2;5.8;0
Dijon;47.32;5.04;18/08/2026;08:00;26.4;0;SOLEIL;3;7.6;0
Dijon;47.32;5.04;18/08/2026;09:00;26.4;0;SOLEIL;3;10.4;0
Dijon;47.32;5.04;18/08/2026;10:00;26.4;0;SOLEIL;3;13.7;0
Dijon;47.32;5.04;18/08/2026;11:00;28.7;0;SOLEIL;4;16.9;0
Dijon;47.32;5.04;18/08/2026;12:00;28.7;0;SOLEIL;4;19.8;0
Dijon;47.32;5.04;18/08/2026;13:00;28.7;0;SOLEIL;4;22.7;0
Dijon;47.32;5.04;18/08/2026;14:00;31.9;0;SOLEIL;4;24.8;0
Dijon;47.32;5.04;18/08/2026;15:00;31.9;0;SOLEIL;4;25.9;0
Dijon;47.32;5.04;18/08/2026;16:00;31.9;0;SOLEIL;4;25.9;0
Dijon;47.32;5.04;18/08/2026;17:00;29.9;0;SOLEIL;3;25.6;0
Dijon;47.32;5.04;18/08/2026;18:00;29.9;0;SOLEIL;3;24.5;0
Dijon;47.32;5.04;18/08/2026;19:00;29.9;0;SOLEIL;3;22.7;0
Dijon;47.32;5.04;18/08/2026;20:00;22.5;0;SOLEIL;5;20.2;0
Dijon;47.32;5.04;18/08/2026;21:00;20.5;0;SOLEIL;5;15.5;0
Dijon;47.32;5.04;18/08/2026;22:00;18.5;0;SOLEIL;5;9.7;0
Dijon;47.32;5.04;18/08/2026;23:00;18.1;0;SOLEIL;2;5.8;0
Dijon;47.32;5.04;19/08/2026;00:00;18.1;0;SOLEIL;2;5.0;0
Dijon;47.32;5.04;19/08/2026;01:00;18.1;0;SOLEIL;2;6.1;0
Dijon;47.32;5.04;19/08/2026;02:00;16.6;0;SOLEIL;5;6.8;0
Dijon;47.32;5.04;19/08/2026;03:00;16.6;0;SOLEIL;5;6.1;0
Dijon;47.32;5.04;19/08/2026;04:00;16.6;0;SOLEIL;5;5.0;0
Dijon;47.32;5.04;19/08/2026;05:00;18;0;SOLEIL;3;4.0;0
Dijon;47.32;5.04;19/08/2026;06:00;18;0;SOLEIL;3;2.9;0
Dijon;47.32;5.04;19/08/2026;07:00;18;0;SOLEIL;3;2.2;0
Dijon;47.32;5.04;19/08/2026;08:00;18.7;0;SOLEIL;5;2.9;0
Dijon;47.32;5.04;19/08/2026;09:00;19.8;0;SOLEIL;5;5.8;0
Dijon;47.32;5.04;19/08/2026;10:00;20.9;0;SOLEIL;5;10.1;0
Dijon;47.32;5.04;19/08/2026;11:00;25.2;7;PLUIE FAIBLE;5;14.8;0
Dijon;47.32;5.04;19/08/2026;12:00;25.2;7;PLUIE FAIBLE;5;20.2;0
Dijon;47.32;5.04;19/08/2026;13:00;25.2;7;PLUIE FAIBLE;5;25.9;0
Dijon;47.32;5.04;19/08/2026;14:00;25.1;0;SOLEIL;5;29.9;0
Dijon;47.32;5.04;19/08/2026;15:00;26.2;0;SOLEIL;5;31.0;0
Dijon;47.32;5.04;19/08/2026;16:00;25.1;0;SOLEIL;5;29.9;0
Dijon;47.32;5.04;19/08/2026;17:00;22.7;0;SOLEIL;3;28.8;0
Dijon;47.32;5.04;19/08/2026;18:00;22.7;0;SOLEIL;3;28.8;0
Dijon;47.32;5.04;19/08/2026;19:00;22.7;0;SOLEIL;3;28.4;0
Dijon;47.32;5.04;19/08/2026;20:00;20.9;0;SOLEIL;5;25.9;0
Dijon;47.32;5.04;19/08/2026;21:00;19.8;0;SOLEIL;5;19.1;0
Dijon;47.32;5.04;19/08/2026;22:00;18.7;0;SOLEIL;5;10.1;0
Dijon;47.32;5.04;19/08/2026;23:00;16.7;0;SOLEIL;3;4.0;0
Dijon;47.32;5.04;20/08/2026;00:00;16.7;0;SOLEIL;3;3.3;0
Dijon;47.32;5.04;20/08/2026;01:00;16.7;0;SOLEIL;3;5.8;0
Dijon;47.32;5.04;20/08/2026;02:00;14.1;0;SOLEIL;5;7.9;0
Dijon;47.32;5.04;20/08/2026;03:00;14.1;0;SOLEIL;5;8.3;0
Dijon;47.32;5.04;20/08/2026;04:00;14.1;0;SOLEIL;5;7.6;0
Dijon;47.32;5.04;20/08/2026;05:00;15.4;0;SOLEIL;3;7.2;0
Dijon;47.32;5.04;20/08/2026;06:00;15.4;0;SOLEIL;3;6.5;0
Dijon;47.32;5.04;20/08/2026;07:00;15.4;0;SOLEIL;3;5.8;0
Dijon;47.32;5.04;20/08/2026;08:00;16.5;0;SOLEIL;5;6.8;0
Dijon;47.32;5.04;20/08/2026;09:00;17.7;0;SOLEIL;5;11.5;0
Dijon;47.32;5.04;20/08/2026;10:00;18.9;0;SOLEIL;5;18.0;0
Dijon;47.32;5.04;20/08/2026;11:00;23.7;0;SOLEIL;5;23.0;0
Dijon;47.32;5.04;20/08/2026;12:00;23.7;0;SOLEIL;5;24.8;0
Dijon;47.32;5.04;20/08/2026;13:00;23.7;0;SOLEIL;5;25.2;0
Dijon;47.32;5.04;20/08/2026;14:00;23.7;0;SOLEIL;5;24.1;0
Dijon;47.32;5.04;20/08/2026;15:00;24.9;0;SOLEIL;5;21.6;0
Dijon;47.32;5.04;20/08/2026;16:00;23.7;0;SOLEIL;5;18.0;0
Dijon;47.32;5.04;20/08/2026;17:00;22.2;0;SOLEIL;3;14.8;0
Dijon;47.32;5.04;20/08/2026;18:00;22.2;0;SOLEIL;3;13.0;0
Dijon;47.32;5.04;20/08/2026;19:00;22.2;0;SOLEIL;3;11.5;0
Dijon;47.32;5.04;20/08/2026;20:00;18.9;0;SOLEIL;5;10.1;0
Dijon;47.32;5.04;20/08/2026;21:00;17.7;0;SOLEIL;5;8.3;0
Dijon;47.32;5.04;20/08/2026;22:00;16.5;0;SOLEIL;5;6.5;0
Dijon;47.32;5.04;20/08/2026;23:00;15.6;0;SOLEIL;3;5.4;0
Pouilly-en-Auxois;47.25;4.55;16/08/2026;00:00;24.4;2;NUAGEUX;4;9.4;0
Pouilly-en-Auxois;47.25;4.55;16/08/2026;01:00;23.6;2;NUAGEUX;4;11.2;0
Pouilly-en-Auxois;47.25;4.55;16/08/2026;02:00;22.1;2;NUAGEUX;3;10.1;0
Pouilly-en-Auxois;47.25;4.55;16/08/2026;03:00;21;2;NUAGEUX;3;10.8;0
Pouilly-en-Auxois;47.25;4.55;16/08/2026;04:00;20.7;2;NUAGEUX;2;14.8;0
Pouilly-en-Auxois;47.25;4.55;16/08/2026;05:00;20.7;2;NUAGEUX;3;31.0;0
Pouilly-en-Auxois;47.25;4.55;16/08/2026;06:00;22.1;2;NUAGEUX;3;28.4;0
Pouilly-en-Auxois;47.25;4.55;16/08/2026;07:00;24.1;2;NUAGEUX;2;21.2;0
Pouilly-en-Auxois;47.25;4.55;16/08/2026;08:00;27;2;NUAGEUX;3;16.9;0
Pouilly-en-Auxois;47.25;4.55;16/08/2026;09:00;27.6;2;NUAGEUX;3;14.8;0
Pouilly-en-Auxois;47.25;4.55;16/08/2026;10:00;29.5;2;NUAGEUX;2;15.5;0
Pouilly-en-Auxois;47.25;4.55;16/08/2026;11:00;29.4;2;NUAGEUX;3;19.1;0
Pouilly-en-Auxois;47.25;4.55;16/08/2026;12:00;29.9;2;NUAGEUX;4;18.7;0
Pouilly-en-Auxois;47.25;4.55;16/08/2026;13:00;30.1;2;NUAGEUX;3;18.0;0
Pouilly-en-Auxois;47.25;4.55;16/08/2026;14:00;28.5;6;AVERSES;4;13.0;0.1
Pouilly-en-Auxois;47.25;4.55;16/08/2026;15:00;28.6;6;AVERSES;4;14.0;0.1
Pouilly-en-Auxois;47.25;4.55;16/08/2026;16:00;29.2;6;AVERSES;4;11.9;0.1
Pouilly-en-Auxois;47.25;4.55;16/08/2026;17:00;29.1;10;ORAGEUX;5;15.1;0.1
Pouilly-en-Auxois;47.25;4.55;16/08/2026;18:00;28.1;10;ORAGEUX;4;15.5;0.1
Pouilly-en-Auxois;47.25;4.55;16/08/2026;19:00;26.1;5;SOLEIL VOILÉ;3;31.0;0
Pouilly-en-Auxois;47.25;4.55;16/08/2026;20:00;24.1;5;SOLEIL VOILÉ;3;31.3;0
Pouilly-en-Auxois;47.25;4.55;16/08/2026;21:00;22.1;5;SOLEIL VOILÉ;2;10.8;0
Pouilly-en-Auxois;47.25;4.55;16/08/2026;22:00;20.6;5;SOLEIL VOILÉ;1;7.2;0
Pouilly-en-Auxois;47.25;4.55;16/08/2026;23:00;19.6;5;SOLEIL VOILÉ;2;3.6;0
Pouilly-en-Auxois;47.25;4.55;17/08/2026;00:00;19.1;5;SOLEIL VOILÉ;3;2.2;0
Pouilly-en-Auxois;47.25;4.55;17/08/2026;01:00;19.1;5;SOLEIL VOILÉ;3;4.3;0
Pouilly-en-Auxois;47.25;4.55;17/08/2026;02:00;19.7;0;SOLEIL;2;8.6;0
Pouilly-en-Auxois;47.25;4.55;17/08/2026;03:00;19.7;0;SOLEIL;2;8.3;0
Pouilly-en-Auxois;47.25;4.55;17/08/2026;04:00;19.7;0;SOLEIL;2;4.5;0
Pouilly-en-Auxois;47.25;4.55;17/08/2026;05:00;20;5;SOLEIL VOILÉ;2;6.3;0
Pouilly-en-Auxois;47.25;4.55;17/08/2026;06:00;20;5;SOLEIL VOILÉ;2;5.8;0
Pouilly-en-Auxois;47.25;4.55;17/08/2026;07:00;20;5;SOLEIL VOILÉ;2;5.4;0
Pouilly-en-Auxois;47.25;4.55;17/08/2026;08:00;25.4;5;SOLEIL VOILÉ;3;4.3;0
Pouilly-en-Auxois;47.25;4.55;17/08/2026;09:00;25.4;5;SOLEIL VOILÉ;3;9.0;0
Pouilly-en-Auxois;47.25;4.55;17/08/2026;10:00;25.4;5;SOLEIL VOILÉ;3;30.6;0
Pouilly-en-Auxois;47.25;4.55;17/08/2026;11:00;27;5;SOLEIL VOILÉ;4;30.2;0
Pouilly-en-Auxois;47.25;4.55;17/08/2026;12:00;27;5;SOLEIL VOILÉ;4;31.3;0
Pouilly-en-Auxois;47.25;4.55;17/08/2026;13:00;27;5;SOLEIL VOILÉ;4;34.9;0
Pouilly-en-Auxois;47.25;4.55;17/08/2026;14:00;30.4;5;SOLEIL VOILÉ;4;35.6;0
Pouilly-en-Auxois;47.25;4.55;17/08/2026;15:00;30.4;5;SOLEIL VOILÉ;4;35.3;0
Pouilly-en-Auxois;47.25;4.55;17/08/2026;16:00;30.4;5;SOLEIL VOILÉ;4;35.3;0
Pouilly-en-Auxois;47.25;4.55;17/08/2026;17:00;28;0;SOLEIL;4;35.6;0
Pouilly-en-Auxois;47.25;4.55;17/08/2026;18:00;28;0;SOLEIL;4;35.6;0
Pouilly-en-Auxois;47.25;4.55;17/08/2026;19:00;28;0;SOLEIL;4;34.6;0
Pouilly-en-Auxois;47.25;4.55;17/08/2026;20:00;22.1;0;SOLEIL;2;29.2;0
Pouilly-en-Auxois;47.25;4.55;17/08/2026;21:00;22.1;0;SOLEIL;2;24.5;0
Pouilly-en-Auxois;47.25;4.55;17/08/2026;22:00;22.1;0;SOLEIL;2;14.4;0
Pouilly-en-Auxois;47.25;4.55;17/08/2026;23:00;19.5;0;SOLEIL;0;6.5;0
Pouilly-en-Auxois;47.25;4.55;18/08/2026;00:00;19.5;0;SOLEIL;0;6.8;0
Pouilly-en-Auxois;47.25;4.55;18/08/2026;01:00;19.5;0;SOLEIL;0;6.5;0
Pouilly-en-Auxois;47.25;4.55;18/08/2026;02:00;17.6;0;SOLEIL;1;5.8;0
Pouilly-en-Auxois;47.25;4.55;18/08/2026;03:00;17.6;0;SOLEIL;1;5.0;0
Pouilly-en-Auxois;47.25;4.55;18/08/2026;04:00;17.6;0;SOLEIL;1;3.6;0
Pouilly-en-Auxois;47.25;4.55;18/08/2026;05:00;18.5;0;SOLEIL;2;3.6;0
Pouilly-en-Auxois;47.25;4.55;18/08/2026;06:00;18.5;0;SOLEIL;2;2.9;0
Pouilly-en-Auxois;47.25;4.55;18/08/2026;07:00;18.5;0;SOLEIL;2;3.6;0
Pouilly-en-Auxois;47.25;4.55;18/08/2026;08:00;24.6;0;SOLEIL;2;3.2;0
Pouilly-en-Auxois;47.25;4.55;18/08/2026;09:00;24.6;0;SOLEIL;2;6.8;0
Pouilly-en-Auxois;47.25;4.55;18/08/2026;10:00;24.6;0;SOLEIL;2;11.5;0
Pouilly-en-Auxois;47.25;4.55;18/08/2026;11:00;28.1;0;SOLEIL;4;15.5;0
Pouilly-en-Auxois;47.25;4.55;18/08/2026;12:00;28.1;0;SOLEIL;4;17.3;0
Pouilly-en-Auxois;47.25;4.55;18/08/2026;13:00;28.1;0;SOLEIL;4;18.4;0
Pouilly-en-Auxois;47.25;4.55;18/08/2026;14:00;32.1;0;SOLEIL;4;19.1;0
Pouilly-en-Auxois;47.25;4.55;18/08/2026;15:00;32.1;0;SOLEIL;4;19.8;0
Pouilly-en-Auxois;47.25;4.55;18/08/2026;16:00;32.1;0;SOLEIL;4;20.2;0
Pouilly-en-Auxois;47.25;4.55;18/08/2026;17:00;29.7;0;SOLEIL;4;20.5;0
Pouilly-en-Auxois;47.25;4.55;18/08/2026;18:00;29.7;0;SOLEIL;4;21.6;0
Pouilly-en-Auxois;47.25;4.55;18/08/2026;19:00;29.7;0;SOLEIL;4;22.7;0
Pouilly-en-Auxois;47.25;4.55;18/08/2026;20:00;24.1;0;SOLEIL;5;21.6;0
Pouilly-en-Auxois;47.25;4.55;18/08/2026;21:00;22.3;0;SOLEIL;5;16.2;0
Pouilly-en-Auxois;47.25;4.55;18/08/2026;22:00;20.6;0;SOLEIL;5;8.6;0
Pouilly-en-Auxois;47.25;4.55;18/08/2026;23:00;20.1;0;SOLEIL;2;3.2;0
Pouilly-en-Auxois;47.25;4.55;19/08/2026;00:00;20.1;0;SOLEIL;2;2.2;0
Pouilly-en-Auxois;47.25;4.55;19/08/2026;01:00;20.1;0;SOLEIL;2;2.9;0
Pouilly-en-Auxois;47.25;4.55;19/08/2026;02:00;17;0;SOLEIL;5;3.6;0
Pouilly-en-Auxois;47.25;4.55;19/08/2026;03:00;17;0;SOLEIL;5;3.2;0
Pouilly-en-Auxois;47.25;4.55;19/08/2026;04:00;17;0;SOLEIL;5;2.5;0
Pouilly-en-Auxois;47.25;4.55;19/08/2026;05:00;18.4;0;SOLEIL;3;2.2;0
Pouilly-en-Auxois;47.25;4.55;19/08/2026;06:00;18.4;0;SOLEIL;3;2.2;0
Pouilly-en-Auxois;47.25;4.55;19/08/2026;07:00;18.4;0;SOLEIL;3;2.2;0
Pouilly-en-Auxois;47.25;4.55;19/08/2026;08:00;19.2;0;SOLEIL;5;3.6;0
Pouilly-en-Auxois;47.25;4.55;19/08/2026;09:00;20.2;0;SOLEIL;5;7.2;0
Pouilly-en-Auxois;47.25;4.55;19/08/2026;10:00;21.3;0;SOLEIL;5;11.9;0
Pouilly-en-Auxois;47.25;4.55;19/08/2026;11:00;25.2;0;SOLEIL;5;16.6;0
Pouilly-en-Auxois;47.25;4.55;19/08/2026;12:00;25.2;0;SOLEIL;5;20.5;0
Pouilly-en-Auxois;47.25;4.55;19/08/2026;13:00;25.2;0;SOLEIL;5;23.8;0
Pouilly-en-Auxois;47.25;4.55;19/08/2026;14:00;25.6;0;SOLEIL;5;26.6;0
Pouilly-en-Auxois;47.25;4.55;19/08/2026;15:00;26.7;0;SOLEIL;5;28.8;0
Pouilly-en-Auxois;47.25;4.55;19/08/2026;16:00;25.6;0;SOLEIL;5;29.9;0
Pouilly-en-Auxois;47.25;4.55;19/08/2026;17:00;23.2;0;SOLEIL;4;30.6;0
Pouilly-en-Auxois;47.25;4.55;19/08/2026;18:00;23.2;0;SOLEIL;4;31.0;0
Pouilly-en-Auxois;47.25;4.55;19/08/2026;19:00;23.2;0;SOLEIL;4;30.6;0
Pouilly-en-Auxois;47.25;4.55;19/08/2026;20:00;21.3;0;SOLEIL;5;28.1;0
Pouilly-en-Auxois;47.25;4.55;19/08/2026;21:00;20.2;0;SOLEIL;5;22.0;0
Pouilly-en-Auxois;47.25;4.55;19/08/2026;22:00;19.2;0;SOLEIL;5;13.7;0
Pouilly-en-Auxois;47.25;4.55;19/08/2026;23:00;17.1;0;SOLEIL;2;7.6;0
Pouilly-en-Auxois;47.25;4.55;20/08/2026;00:00;17.1;0;SOLEIL;2;5.4;0
Pouilly-en-Auxois;47.25;4.55;20/08/2026;01:00;17.1;0;SOLEIL;2;5.8;0
Pouilly-en-Auxois;47.25;4.55;20/08/2026;02:00;14.7;0;SOLEIL;5;7.6;0
Pouilly-en-Auxois;47.25;4.55;20/08/2026;03:00;14.7;0;SOLEIL;5;13.3;0
Pouilly-en-Auxois;47.25;4.55;20/08/2026;04:00;14.7;0;SOLEIL;5;20.5;0
Pouilly-en-Auxois;47.25;4.55;20/08/2026;05:00;15.9;0;SOLEIL;3;25.9;0
Pouilly-en-Auxois;47.25;4.55;20/08/2026;06:00;15.9;0;SOLEIL;3;28.4;0
Pouilly-en-Auxois;47.25;4.55;20/08/2026;07:00;15.9;0;SOLEIL;3;28.8;0
Pouilly-en-Auxois;47.25;4.55;20/08/2026;08:00;17.0;0;SOLEIL;5;27.4;0
Pouilly-en-Auxois;47.25;4.55;20/08/2026;09:00;18.1;0;SOLEIL;5;22.0;0
Pouilly-en-Auxois;47.25;4.55;20/08/2026;10:00;19.2;0;SOLEIL;5;14.8;0
Pouilly-en-Auxois;47.25;4.55;20/08/2026;11:00;24;0;SOLEIL;5;9.7;0
Pouilly-en-Auxois;47.25;4.55;20/08/2026;12:00;24;0;SOLEIL;5;9.4;0
Pouilly-en-Auxois;47.25;4.55;20/08/2026;13:00;24;0;SOLEIL;5;11.5;0
Pouilly-en-Auxois;47.25;4.55;20/08/2026;14:00;23.8;0;SOLEIL;5;14.4;0
Pouilly-en-Auxois;47.25;4.55;20/08/2026;15:00;24.9;0;SOLEIL;5;18.0;0
Pouilly-en-Auxois;47.25;4.55;20/08/2026;16:00;23.8;0;SOLEIL;5;22.3;0
Pouilly-en-Auxois;47.25;4.55;20/08/2026;17:00;22.6;0;SOLEIL;4;24.5;0
Pouilly-en-Auxois;47.25;4.55;20/08/2026;18:00;22.6;0;SOLEIL;4;23.0;0
Pouilly-en-Auxois;47.25;4.55;20/08/2026;19:00;22.6;0;SOLEIL;4;19.8;0
Pouilly-en-Auxois;47.25;4.55;20/08/2026;20:00;19.2;0;SOLEIL;5;16.2;0
Pouilly-en-Auxois;47.25;4.55;20/08/2026;21:00;18.1;0;SOLEIL;5;12.2;0
Pouilly-en-Auxois;47.25;4.55;20/08/2026;22:00;17.0;0;SOLEIL;5;7.9;0
Pouilly-en-Auxois;47.25;4.55;20/08/2026;23:00;16.6;0;SOLEIL;2;6.5;0
Besançon;47.23;6.02;16/08/2026;00:00;25.4;5;SOLEIL VOILÉ;0;10.4;0
Besançon;47.23;6.02;16/08/2026;01:00;25;2;NUAGEUX;2;11.5;0
Besançon;47.23;6.02;16/08/2026;02:00;24;2;NUAGEUX;3;11.9;0
Besançon;47.23;6.02;16/08/2026;03:00;22.9;2;NUAGEUX;2;10.8;0
Besançon;47.23;6.02;16/08/2026;04:00;22.9;2;NUAGEUX;2;10.8;0
Besançon;47.23;6.02;16/08/2026;05:00;23.7;2;NUAGEUX;2;13.3;0
Besançon;47.23;6.02;16/08/2026;06:00;24.1;2;NUAGEUX;1;9.7;0
Besançon;47.23;6.02;16/08/2026;07:00;26.1;2;NUAGEUX;2;9.7;0
Besançon;47.23;6.02;16/08/2026;08:00;27.4;2;NUAGEUX;3;17.6;0
Besançon;47.23;6.02;16/08/2026;09:00;28;2;NUAGEUX;3;20.2;0
Besançon;47.23;6.02;16/08/2026;10:00;28.6;2;NUAGEUX;3;28.8;0
Besançon;47.23;6.02;16/08/2026;11:00;29;2;NUAGEUX;2;29.2;0
Besançon;47.23;6.02;16/08/2026;12:00;31.4;2;NUAGEUX;2;28.4;0
Besançon;47.23;6.02;16/08/2026;13:00;32.1;2;NUAGEUX;3;28.1;0
Besançon;47.23;6.02;16/08/2026;14:00;31.4;2;NUAGEUX;3;24.1;0
Besançon;47.23;6.02;16/08/2026;15:00;30.7;2;NUAGEUX;3;23.4;0
Besançon;47.23;6.02;16/08/2026;16:00;31.2;5;SOLEIL VOILÉ;3;25.6;0
Besançon;47.23;6.02;16/08/2026;17:00;29.9;2;NUAGEUX;3;27.4;0
Besançon;47.23;6.02;16/08/2026;18:00;29.2;2;NUAGEUX;3;26.3;0
Besançon;47.23;6.02;16/08/2026;19:00;27.6;5;SOLEIL VOILÉ;2;20.9;0
Besançon;47.23;6.02;16/08/2026;20:00;25.5;10;ORAGEUX;2;22.0;0
Besançon;47.23;6.02;16/08/2026;21:00;23.6;2;NUAGEUX;2;18.0;0
Besançon;47.23;6.02;16/08/2026;22:00;22.9;5;SOLEIL VOILÉ;2;13.7;0
Besançon;47.23;6.02;16/08/2026;23:00;22.5;5;SOLEIL VOILÉ;2;11.9;0
Besançon;47.23;6.02;17/08/2026;00:00;22;5;SOLEIL VOILÉ;2;11.2;0
Besançon;47.23;6.02;17/08/2026;01:00;22;5;SOLEIL VOILÉ;2;10.8;0
Besançon;47.23;6.02;17/08/2026;02:00;19.6;10;ORAGEUX;2;11.2;0
Besançon;47.23;6.02;17/08/2026;03:00;19.6;10;ORAGEUX;2;18.6;0
Besançon;47.23;6.02;17/08/2026;04:00;19.6;10;ORAGEUX;2;20.3;0
Besançon;47.23;6.02;17/08/2026;05:00;19.9;10;ORAGEUX;2;20.6;0
Besançon;47.23;6.02;17/08/2026;06:00;19.9;10;ORAGEUX;2;20.5;0
Besançon;47.23;6.02;17/08/2026;07:00;19.9;10;ORAGEUX;2;24.1;0
Besançon;47.23;6.02;17/08/2026;08:00;22.7;5;SOLEIL VOILÉ;2;19.8;0
Besançon;47.23;6.02;17/08/2026;09:00;22.7;5;SOLEIL VOILÉ;2;25.9;0
Besançon;47.23;6.02;17/08/2026;10:00;22.7;5;SOLEIL VOILÉ;2;29.9;0
Besançon;47.23;6.02;17/08/2026;11:00;27.4;5;SOLEIL VOILÉ;3;27.0;0
Besançon;47.23;6.02;17/08/2026;12:00;27.4;5;SOLEIL VOILÉ;3;23.0;0
Besançon;47.23;6.02;17/08/2026;13:00;27.4;5;SOLEIL VOILÉ;3;27.0;0
Besançon;47.23;6.02;17/08/2026;14:00;29.9;5;SOLEIL VOILÉ;3;28.4;0
Besançon;47.23;6.02;17/08/2026;15:00;29.9;5;SOLEIL VOILÉ;3;27.7;0
Besançon;47.23;6.02;17/08/2026;16:00;29.9;5;SOLEIL VOILÉ;3;29.2;0
Besançon;47.23;6.02;17/08/2026;17:00;28.1;0;SOLEIL;2;28.8;0
Besançon;47.23;6.02;17/08/2026;18:00;28.1;0;SOLEIL;2;22.3;0
Besançon;47.23;6.02;17/08/2026;19:00;28.1;0;SOLEIL;2;20.5;0
Besançon;47.23;6.02;17/08/2026;20:00;22.5;0;SOLEIL;2;21.2;0
Besançon;47.23;6.02;17/08/2026;21:00;22.5;0;SOLEIL;2;16.6;0
Besançon;47.23;6.02;17/08/2026;22:00;22.5;0;SOLEIL;2;7.2;0
Besançon;47.23;6.02;17/08/2026;23:00;19.2;0;SOLEIL;2;8.6;0
Besançon;47.23;6.02;18/08/2026;00:00;19.2;0;SOLEIL;2;7.9;0
Besançon;47.23;6.02;18/08/2026;01:00;19.2;0;SOLEIL;2;5.0;0
Besançon;47.23;6.02;18/08/2026;02:00;17.1;0;SOLEIL;2;3.6;0
Besançon;47.23;6.02;18/08/2026;03:00;17.1;0;SOLEIL;2;4.7;0
Besançon;47.23;6.02;18/08/2026;04:00;17.1;0;SOLEIL;2;5.8;0
Besançon;47.23;6.02;18/08/2026;05:00;17.1;0;SOLEIL;2;5.0;0
Besançon;47.23;6.02;18/08/2026;06:00;17.1;0;SOLEIL;2;7.9;0
Besançon;47.23;6.02;18/08/2026;07:00;17.1;0;SOLEIL;2;7.9;0
Besançon;47.23;6.02;18/08/2026;08:00;24.6;0;SOLEIL;3;9.4;0
Besançon;47.23;6.02;18/08/2026;09:00;24.6;0;SOLEIL;3;11.9;0
Besançon;47.23;6.02;18/08/2026;10:00;24.6;0;SOLEIL;3;14.8;0
Besançon;47.23;6.02;18/08/2026;11:00;28.9;0;SOLEIL;3;17.6;0
Besançon;47.23;6.02;18/08/2026;12:00;28.9;0;SOLEIL;3;20.2;0
Besançon;47.23;6.02;18/08/2026;13:00;28.9;0;SOLEIL;3;22.0;0
Besançon;47.23;6.02;18/08/2026;14:00;32.1;0;SOLEIL;2;23.4;0
Besançon;47.23;6.02;18/08/2026;15:00;32.1;0;SOLEIL;2;23.4;0
Besançon;47.23;6.02;18/08/2026;16:00;32.1;0;SOLEIL;2;22.7;0
Besançon;47.23;6.02;18/08/2026;17:00;30.1;0;SOLEIL;3;21.6;0
Besançon;47.23;6.02;18/08/2026;18:00;30.1;0;SOLEIL;3;20.5;0
Besançon;47.23;6.02;18/08/2026;19:00;30.1;0;SOLEIL;3;19.4;0
Besançon;47.23;6.02;18/08/2026;20:00;23.1;0;SOLEIL;5;17.6;0
Besançon;47.23;6.02;18/08/2026;21:00;21.2;0;SOLEIL;5;15.1;0
Besançon;47.23;6.02;18/08/2026;22:00;19.4;0;SOLEIL;5;12.6;0
Besançon;47.23;6.02;18/08/2026;23:00;20.6;0;SOLEIL;3;10.4;0
Besançon;47.23;6.02;19/08/2026;00:00;20.6;0;SOLEIL;3;9.7;0
Besançon;47.23;6.02;19/08/2026;01:00;20.6;0;SOLEIL;3;10.1;0
Besançon;47.23;6.02;19/08/2026;02:00;17.2;7;PLUIE FAIBLE;5;10.4;0
Besançon;47.23;6.02;19/08/2026;03:00;17.2;7;PLUIE FAIBLE;5;10.8;0
Besançon;47.23;6.02;19/08/2026;04:00;17.2;7;PLUIE FAIBLE;5;10.8;0
Besançon;47.23;6.02;19/08/2026;05:00;18.6;0;SOLEIL;3;11.2;0
Besançon;47.23;6.02;19/08/2026;06:00;18.6;0;SOLEIL;3;10.8;0
Besançon;47.23;6.02;19/08/2026;07:00;18.6;0;SOLEIL;3;10.1;0
Besançon;47.23;6.02;19/08/2026;08:00;19.6;7;PLUIE FAIBLE;5;10.8;0
Besançon;47.23;6.02;19/08/2026;09:00;20.8;7;PLUIE FAIBLE;5;14.0;0
Besançon;47.23;6.02;19/08/2026;10:00;22.0;7;PLUIE FAIBLE;5;19.1;0
Besançon;47.23;6.02;19/08/2026;11:00;26.7;7;PLUIE FAIBLE;5;23.0;0
Besançon;47.23;6.02;19/08/2026;12:00;26.7;7;PLUIE FAIBLE;5;25.6;0
Besançon;47.23;6.02;19/08/2026;13:00;26.7;7;PLUIE FAIBLE;5;27.4;0
Besançon;47.23;6.02;19/08/2026;14:00;26.8;7;PLUIE FAIBLE;5;28.4;0
Besançon;47.23;6.02;19/08/2026;15:00;28.0;7;PLUIE FAIBLE;5;28.1;0
Besançon;47.23;6.02;19/08/2026;16:00;26.8;7;PLUIE FAIBLE;5;26.6;0
Besançon;47.23;6.02;19/08/2026;17:00;24.1;7;PLUIE FAIBLE;3;25.9;0
Besançon;47.23;6.02;19/08/2026;18:00;24.1;7;PLUIE FAIBLE;3;26.6;0
Besançon;47.23;6.02;19/08/2026;19:00;24.1;7;PLUIE FAIBLE;3;27.7;0
Besançon;47.23;6.02;19/08/2026;20:00;22.0;7;PLUIE FAIBLE;5;27.0;0
Besançon;47.23;6.02;19/08/2026;21:00;20.8;7;PLUIE FAIBLE;5;22.7;0
Besançon;47.23;6.02;19/08/2026;22:00;19.6;7;PLUIE FAIBLE;5;16.2;0
Besançon;47.23;6.02;19/08/2026;23:00;17.6;0;SOLEIL;3;11.9;0
Besançon;47.23;6.02;20/08/2026;00:00;17.6;0;SOLEIL;3;10.4;0
Besançon;47.23;6.02;20/08/2026;01:00;17.6;0;SOLEIL;3;10.8;0
Besançon;47.23;6.02;20/08/2026;02:00;16;0;SOLEIL;5;11.1;0
Besançon;47.23;6.02;20/08/2026;03:00;16;0;SOLEIL;5;10.8;0
Besançon;47.23;6.02;20/08/2026;04:00;16;0;SOLEIL;5;11.9;0
Besançon;47.23;6.02;20/08/2026;05:00;17.1;0;SOLEIL;3;14.0;0
Besançon;47.23;6.02;20/08/2026;06:00;17.1;0;SOLEIL;3;19.8;0
Besançon;47.23;6.02;20/08/2026;07:00;17.1;0;SOLEIL;3;27.4;0
Besançon;47.23;6.02;20/08/2026;08:00;18.1;0;SOLEIL;5;31.7;0
Besançon;47.23;6.02;20/08/2026;09:00;19.1;0;SOLEIL;5;31.0;0
Besançon;47.23;6.02;20/08/2026;10:00;20.2;0;SOLEIL;5;27.4;0
Besançon;47.23;6.02;20/08/2026;11:00;24.5;0;SOLEIL;4;23.0;0
Besançon;47.23;6.02;20/08/2026;12:00;24.5;0;SOLEIL;4;16.9;0
Besançon;47.23;6.02;20/08/2026;13:00;24.5;0;SOLEIL;4;10.4;0
Besançon;47.23;6.02;20/08/2026;14:00;24.4;0;SOLEIL;5;7.9;0
Besançon;47.23;6.02;20/08/2026;15:00;25.4;0;SOLEIL;5;14.0;0
Besançon;47.23;6.02;20/08/2026;16:00;24.4;0;SOLEIL;5;24.1;0
Besançon;47.23;6.02;20/08/2026;17:00;22.5;0;SOLEIL;3;31.0;0
Besançon;47.23;6.02;20/08/2026;18:00;22.5;0;SOLEIL;3;30.2;0
Besançon;47.23;6.02;20/08/2026;19:00;22.5;0;SOLEIL;3;26.3;0
Besançon;47.23;6.02;20/08/2026;20:00;20.2;0;SOLEIL;5;22.3;0
Besançon;47.23;6.02;20/08/2026;21:00;19.1;0;SOLEIL;5;20.5;0
Besançon;47.23;6.02;20/08/2026;22:00;18.1;0;SOLEIL;5;18.7;0
Besançon;47.23;6.02;20/08/2026;23:00;16.9;0;SOLEIL;3;16.2;0
Pontarlier;46.9;6.35;16/08/2026;00:00;19.1;5;SOLEIL VOILÉ;2;18.7;0
Pontarlier;46.9;6.35;16/08/2026;01:00;17.7;2;NUAGEUX;3;18.7;0
Pontarlier;46.9;6.35;16/08/2026;02:00;17.6;2;NUAGEUX;2;16.9;0
Pontarlier;46.9;6.35;16/08/2026;03:00;17.1;2;NUAGEUX;2;12.2;0
Pontarlier;46.9;6.35;16/08/2026;04:00;16.6;2;NUAGEUX;2;11.2;0
Pontarlier;46.9;6.35;16/08/2026;05:00;17;2;NUAGEUX;2;16.6;0
Pontarlier;46.9;6.35;16/08/2026;06:00;19.5;2;NUAGEUX;2;15.8;0
Pontarlier;46.9;6.35;16/08/2026;07:00;22.2;2;NUAGEUX;2;9.0;0
Pontarlier;46.9;6.35;16/08/2026;08:00;24.2;2;NUAGEUX;3;18.4;0
Pontarlier;46.9;6.35;16/08/2026;09:00;26.1;6;AVERSES;3;22.3;0.2
Pontarlier;46.9;6.35;16/08/2026;10:00;27;2;NUAGEUX;3;29.2;0
Pontarlier;46.9;6.35;16/08/2026;11:00;26.6;2;NUAGEUX;3;31.0;0
Pontarlier;46.9;6.35;16/08/2026;12:00;26.7;2;NUAGEUX;3;22.7;0
Pontarlier;46.9;6.35;16/08/2026;13:00;26.9;6;AVERSES;3;28.1;0.1
Pontarlier;46.9;6.35;16/08/2026;14:00;27.7;6;AVERSES;3;14.0;0.1
Pontarlier;46.9;6.35;16/08/2026;15:00;27.7;6;AVERSES;3;10.8;0.1
Pontarlier;46.9;6.35;16/08/2026;16:00;27.6;6;AVERSES;3;17.6;0.1
Pontarlier;46.9;6.35;16/08/2026;17:00;26.5;6;AVERSES;4;9.4;0.1
Pontarlier;46.9;6.35;16/08/2026;18:00;24.5;6;AVERSES;3;10.8;0.1
Pontarlier;46.9;6.35;16/08/2026;19:00;21.7;5;SOLEIL VOILÉ;3;11.5;0
Pontarlier;46.9;6.35;16/08/2026;20:00;19;5;SOLEIL VOILÉ;1;14.8;0
Pontarlier;46.9;6.35;16/08/2026;21:00;17.1;5;SOLEIL VOILÉ;2;20.2;0
Pontarlier;46.9;6.35;16/08/2026;22:00;16.5;6;AVERSES;1;17.6;0.1
Pontarlier;46.9;6.35;16/08/2026;23:00;15.7;6;AVERSES;2;15.1;0.1
Pontarlier;46.9;6.35;17/08/2026;00:00;15.6;6;AVERSES;2;13.0;0.1
Pontarlier;46.9;6.35;17/08/2026;01:00;15.6;6;AVERSES;2;13.0;0.1
Pontarlier;46.9;6.35;17/08/2026;02:00;15.2;6;AVERSES;2;11.9;0
Pontarlier;46.9;6.35;17/08/2026;03:00;15.2;6;AVERSES;2;11.2;0
Pontarlier;46.9;6.35;17/08/2026;04:00;15.2;6;AVERSES;2;13.5;0
Pontarlier;46.9;6.35;17/08/2026;05:00;16.2;6;AVERSES;2;15.4;0
Pontarlier;46.9;6.35;17/08/2026;06:00;16.2;6;AVERSES;2;16.9;0
Pontarlier;46.9;6.35;17/08/2026;07:00;16.2;6;AVERSES;2;17.6;0
Pontarlier;46.9;6.35;17/08/2026;08:00;21.2;6;AVERSES;2;21.2;0
Pontarlier;46.9;6.35;17/08/2026;09:00;21.2;6;AVERSES;2;24.5;0
Pontarlier;46.9;6.35;17/08/2026;10:00;21.2;6;AVERSES;2;23.4;0
Pontarlier;46.9;6.35;17/08/2026;11:00;24.5;5;SOLEIL VOILÉ;3;16.2;0
Pontarlier;46.9;6.35;17/08/2026;12:00;24.5;5;SOLEIL VOILÉ;3;29.9;0
Pontarlier;46.9;6.35;17/08/2026;13:00;24.5;5;SOLEIL VOILÉ;3;24.5;0
Pontarlier;46.9;6.35;17/08/2026;14:00;25.4;5;SOLEIL VOILÉ;3;36.7;0
Pontarlier;46.9;6.35;17/08/2026;15:00;25.4;5;SOLEIL VOILÉ;3;31.0;0
Pontarlier;46.9;6.35;17/08/2026;16:00;25.4;5;SOLEIL VOILÉ;3;33.5;0
Pontarlier;46.9;6.35;17/08/2026;17:00;23.6;0;SOLEIL;2;38.2;0
Pontarlier;46.9;6.35;17/08/2026;18:00;23.6;0;SOLEIL;2;38.2;0
Pontarlier;46.9;6.35;17/08/2026;19:00;23.6;0;SOLEIL;2;31.0;0
Pontarlier;46.9;6.35;17/08/2026;20:00;15.9;0;SOLEIL;2;21.2;0
Pontarlier;46.9;6.35;17/08/2026;21:00;15.9;0;SOLEIL;2;12.6;0
Pontarlier;46.9;6.35;17/08/2026;22:00;15.9;0;SOLEIL;2;6.1;0
Pontarlier;46.9;6.35;17/08/2026;23:00;13;0;SOLEIL;1;4.7;0
Pontarlier;46.9;6.35;18/08/2026;00:00;13;0;SOLEIL;1;4.3;0
Pontarlier;46.9;6.35;18/08/2026;01:00;13;0;SOLEIL;1;5.0;0
Pontarlier;46.9;6.35;18/08/2026;02:00;12;0;SOLEIL;1;4.7;0
Pontarlier;46.9;6.35;18/08/2026;03:00;12;0;SOLEIL;1;4.7;0
Pontarlier;46.9;6.35;18/08/2026;04:00;12;0;SOLEIL;1;6.1;0
Pontarlier;46.9;6.35;18/08/2026;05:00;16.5;0;SOLEIL;2;7.9;0
Pontarlier;46.9;6.35;18/08/2026;06:00;16.5;0;SOLEIL;2;7.2;0
Pontarlier;46.9;6.35;18/08/2026;07:00;16.5;0;SOLEIL;2;7.2;0
Pontarlier;46.9;6.35;18/08/2026;08:00;24.4;0;SOLEIL;2;7.6;0
Pontarlier;46.9;6.35;18/08/2026;09:00;24.4;0;SOLEIL;2;10.4;0
Pontarlier;46.9;6.35;18/08/2026;10:00;24.4;0;SOLEIL;2;14.8;0
Pontarlier;46.9;6.35;18/08/2026;11:00;26.7;0;SOLEIL;3;18.0;0
Pontarlier;46.9;6.35;18/08/2026;12:00;26.7;0;SOLEIL;3;19.8;0
Pontarlier;46.9;6.35;18/08/2026;13:00;26.7;0;SOLEIL;3;20.5;0
Pontarlier;46.9;6.35;18/08/2026;14:00;28.9;0;SOLEIL;3;21.6;0
Pontarlier;46.9;6.35;18/08/2026;15:00;28.9;0;SOLEIL;3;23.4;0
Pontarlier;46.9;6.35;18/08/2026;16:00;28.9;0;SOLEIL;3;25.2;0
Pontarlier;46.9;6.35;18/08/2026;17:00;25;0;SOLEIL;3;25.6;0
Pontarlier;46.9;6.35;18/08/2026;18:00;25;0;SOLEIL;3;24.1;0
Pontarlier;46.9;6.35;18/08/2026;19:00;25;0;SOLEIL;3;21.2;0
Pontarlier;46.9;6.35;18/08/2026;20:00;19.2;0;SOLEIL;5;18.4;0
Pontarlier;46.9;6.35;18/08/2026;21:00;17.2;0;SOLEIL;5;15.1;0
Pontarlier;46.9;6.35;18/08/2026;22:00;15.2;0;SOLEIL;5;11.9;0
Pontarlier;46.9;6.35;18/08/2026;23:00;15.4;0;SOLEIL;4;9.7;0
Pontarlier;46.9;6.35;19/08/2026;00:00;15.4;0;SOLEIL;4;10.1;0
Pontarlier;46.9;6.35;19/08/2026;01:00;15.4;0;SOLEIL;4;11.5;0
Pontarlier;46.9;6.35;19/08/2026;02:00;13.2;0;SOLEIL;5;13.0;0
Pontarlier;46.9;6.35;19/08/2026;03:00;13.2;0;SOLEIL;5;13.3;0
Pontarlier;46.9;6.35;19/08/2026;04:00;13.2;0;SOLEIL;5;13.3;0
Pontarlier;46.9;6.35;19/08/2026;05:00;15.5;0;SOLEIL;4;13.3;0
Pontarlier;46.9;6.35;19/08/2026;06:00;15.5;0;SOLEIL;4;13.0;0
Pontarlier;46.9;6.35;19/08/2026;07:00;15.5;0;SOLEIL;4;12.6;0
Pontarlier;46.9;6.35;19/08/2026;08:00;15.9;0;SOLEIL;5;14.0;0
Pontarlier;46.9;6.35;19/08/2026;09:00;17.3;0;SOLEIL;5;18.4;0
Pontarlier;46.9;6.35;19/08/2026;10:00;18.6;0;SOLEIL;5;24.1;0
Pontarlier;46.9;6.35;19/08/2026;11:00;24.2;0;SOLEIL;5;28.8;0
Pontarlier;46.9;6.35;19/08/2026;12:00;24.2;0;SOLEIL;5;31.3;0
Pontarlier;46.9;6.35;19/08/2026;13:00;24.2;0;SOLEIL;5;32.8;0
Pontarlier;46.9;6.35;19/08/2026;14:00;24.0;0;SOLEIL;5;33.5;0
Pontarlier;46.9;6.35;19/08/2026;15:00;25.4;0;SOLEIL;5;34.2;0
Pontarlier;46.9;6.35;19/08/2026;16:00;24.0;0;SOLEIL;5;34.6;0
Pontarlier;46.9;6.35;19/08/2026;17:00;20.7;0;SOLEIL;3;34.2;0
Pontarlier;46.9;6.35;19/08/2026;18:00;20.7;0;SOLEIL;3;33.8;0
Pontarlier;46.9;6.35;19/08/2026;19:00;20.7;0;SOLEIL;3;32.8;0
Pontarlier;46.9;6.35;19/08/2026;20:00;18.6;0;SOLEIL;5;31.0;0
Pontarlier;46.9;6.35;19/08/2026;21:00;17.3;0;SOLEIL;5;26.6;0
Pontarlier;46.9;6.35;19/08/2026;22:00;15.9;0;SOLEIL;5;21.2;0
Pontarlier;46.9;6.35;19/08/2026;23:00;14.2;0;SOLEIL;3;18.4;0
Pontarlier;46.9;6.35;20/08/2026;00:00;14.2;0;SOLEIL;3;20.1;0
Pontarlier;46.9;6.35;20/08/2026;01:00;14.2;0;SOLEIL;3;23.4;0
Pontarlier;46.9;6.35;20/08/2026;02:00;12.2;7;PLUIE FAIBLE;5;25.8;0
Pontarlier;46.9;6.35;20/08/2026;03:00;12.2;7;PLUIE FAIBLE;5;29.5;0
Pontarlier;46.9;6.35;20/08/2026;04:00;12.2;7;PLUIE FAIBLE;5;34.6;0
Pontarlier;46.9;6.35;20/08/2026;05:00;14.2;0;SOLEIL;3;37.1;0
Pontarlier;46.9;6.35;20/08/2026;06:00;14.2;0;SOLEIL;3;33.8;0
Pontarlier;46.9;6.35;20/08/2026;07:00;14.2;0;SOLEIL;3;27.4;0
Pontarlier;46.9;6.35;20/08/2026;08:00;14.4;7;PLUIE FAIBLE;5;23.8;0
Pontarlier;46.9;6.35;20/08/2026;09:00;15.4;7;PLUIE FAIBLE;5;25.9;0
Pontarlier;46.9;6.35;20/08/2026;10:00;16.5;7;PLUIE FAIBLE;5;31.0;0
Pontarlier;46.9;6.35;20/08/2026;11:00;21.4;7;PLUIE FAIBLE;4;33.5;0
Pontarlier;46.9;6.35;20/08/2026;12:00;21.4;7;PLUIE FAIBLE;4;31.0;0
Pontarlier;46.9;6.35;20/08/2026;13:00;21.4;7;PLUIE FAIBLE;4;26.3;0
Pontarlier;46.9;6.35;20/08/2026;14:00;20.8;7;PLUIE FAIBLE;5;23.4;0
Pontarlier;46.9;6.35;20/08/2026;15:00;21.9;7;PLUIE FAIBLE;5;24.8;0
Pontarlier;46.9;6.35;20/08/2026;16:00;20.8;7;PLUIE FAIBLE;5;28.4;0
Pontarlier;46.9;6.35;20/08/2026;17:00;18.6;7;PLUIE FAIBLE;3;30.6;0
Pontarlier;46.9;6.35;20/08/2026;18:00;18.6;7;PLUIE FAIBLE;3;30.6;0
Pontarlier;46.9;6.35;20/08/2026;19:00;18.6;7;PLUIE FAIBLE;3;29.2;0
Pontarlier;46.9;6.35;20/08/2026;20:00;16.5;7;PLUIE FAIBLE;5;27.4;0
Pontarlier;46.9;6.35;20/08/2026;21:00;15.4;7;PLUIE FAIBLE;5;24.5;0
Pontarlier;46.9;6.35;20/08/2026;22:00;14.4;7;PLUIE FAIBLE;5;20.5;0
Pontarlier;46.9;6.35;20/08/2026;23:00;13.9;0;SOLEIL;3;17.6;0
Sancey-le-Grand;47.29;6.58;16/08/2026;00:00;21.4;5;SOLEIL VOILÉ;1;9.0;0
Sancey-le-Grand;47.29;6.58;16/08/2026;01:00;21.6;5;SOLEIL VOILÉ;1;9.7;0
Sancey-le-Grand;47.29;6.58;16/08/2026;02:00;20.7;2;NUAGEUX;2;9.7;0
Sancey-le-Grand;47.29;6.58;16/08/2026;03:00;19.2;2;NUAGEUX;2;9.4;0
Sancey-le-Grand;47.29;6.58;16/08/2026;04:00;19.4;2;NUAGEUX;1;8.6;0
Sancey-le-Grand;47.29;6.58;16/08/2026;05:00;18.6;2;NUAGEUX;0;7.9;0
Sancey-le-Grand;47.29;6.58;16/08/2026;06:00;20.2;2;NUAGEUX;2;6.1;0
Sancey-le-Grand;47.29;6.58;16/08/2026;07:00;22.1;2;NUAGEUX;2;14.8;0
Sancey-le-Grand;47.29;6.58;16/08/2026;08:00;25.7;2;NUAGEUX;3;9.7;0
Sancey-le-Grand;47.29;6.58;16/08/2026;09:00;27.5;2;NUAGEUX;3;9.0;0
Sancey-le-Grand;47.29;6.58;16/08/2026;10:00;27.6;2;NUAGEUX;3;9.0;0
Sancey-le-Grand;47.29;6.58;16/08/2026;11:00;27.6;2;NUAGEUX;3;15.5;0
Sancey-le-Grand;47.29;6.58;16/08/2026;12:00;27.9;2;NUAGEUX;3;16.2;0
Sancey-le-Grand;47.29;6.58;16/08/2026;13:00;28.9;2;NUAGEUX;3;16.9;0
Sancey-le-Grand;47.29;6.58;16/08/2026;14:00;29.9;2;NUAGEUX;3;10.4;0
Sancey-le-Grand;47.29;6.58;16/08/2026;15:00;29.7;2;NUAGEUX;3;8.6;0
Sancey-le-Grand;47.29;6.58;16/08/2026;16:00;30.4;2;NUAGEUX;2;14.8;0
Sancey-le-Grand;47.29;6.58;16/08/2026;17:00;29.5;2;NUAGEUX;2;13.0;0
Sancey-le-Grand;47.29;6.58;16/08/2026;18:00;26.9;2;NUAGEUX;2;13.3;0
Sancey-le-Grand;47.29;6.58;16/08/2026;19:00;23.9;2;NUAGEUX;2;16.6;0
Sancey-le-Grand;47.29;6.58;16/08/2026;20:00;21.2;2;NUAGEUX;2;13.0;0
Sancey-le-Grand;47.29;6.58;16/08/2026;21:00;19.6;2;NUAGEUX;1;7.2;0
Sancey-le-Grand;47.29;6.58;16/08/2026;22:00;19.9;6;AVERSES;2;7.9;0.1
Sancey-le-Grand;47.29;6.58;16/08/2026;23:00;18.6;6;AVERSES;2;7.6;0.4
Sancey-le-Grand;47.29;6.58;17/08/2026;00:00;18.9;6;AVERSES;2;7.6;0.3
Sancey-le-Grand;47.29;6.58;17/08/2026;01:00;18.9;6;AVERSES;2;7.2;0.3
Sancey-le-Grand;47.29;6.58;17/08/2026;02:00;17.6;10;ORAGEUX;2;7.9;0
Sancey-le-Grand;47.29;6.58;17/08/2026;03:00;17.6;10;ORAGEUX;2;11.4;0
Sancey-le-Grand;47.29;6.58;17/08/2026;04:00;17.6;10;ORAGEUX;2;15.5;0
Sancey-le-Grand;47.29;6.58;17/08/2026;05:00;19.5;6;AVERSES;2;16.8;0
Sancey-le-Grand;47.29;6.58;17/08/2026;06:00;19.5;6;AVERSES;2;23.4;0
Sancey-le-Grand;47.29;6.58;17/08/2026;07:00;19.5;6;AVERSES;2;23.0;0
Sancey-le-Grand;47.29;6.58;17/08/2026;08:00;23.6;6;AVERSES;3;20.9;0
Sancey-le-Grand;47.29;6.58;17/08/2026;09:00;23.6;6;AVERSES;3;22.3;0
Sancey-le-Grand;47.29;6.58;17/08/2026;10:00;23.6;6;AVERSES;3;19.1;0
Sancey-le-Grand;47.29;6.58;17/08/2026;11:00;27.5;5;SOLEIL VOILÉ;4;24.5;0
Sancey-le-Grand;47.29;6.58;17/08/2026;12:00;27.5;5;SOLEIL VOILÉ;4;25.2;0
Sancey-le-Grand;47.29;6.58;17/08/2026;13:00;27.5;5;SOLEIL VOILÉ;4;29.5;0
Sancey-le-Grand;47.29;6.58;17/08/2026;14:00;27.7;5;SOLEIL VOILÉ;4;31.3;0
Sancey-le-Grand;47.29;6.58;17/08/2026;15:00;27.7;5;SOLEIL VOILÉ;4;29.9;0
Sancey-le-Grand;47.29;6.58;17/08/2026;16:00;27.7;5;SOLEIL VOILÉ;4;31.0;0
Sancey-le-Grand;47.29;6.58;17/08/2026;17:00;26.7;0;SOLEIL;2;30.6;0
Sancey-le-Grand;47.29;6.58;17/08/2026;18:00;26.7;0;SOLEIL;2;24.8;0
Sancey-le-Grand;47.29;6.58;17/08/2026;19:00;26.7;0;SOLEIL;2;25.2;0
Sancey-le-Grand;47.29;6.58;17/08/2026;20:00;19.1;0;SOLEIL;1;18.0;0
Sancey-le-Grand;47.29;6.58;17/08/2026;21:00;19.1;0;SOLEIL;1;12.6;0
Sancey-le-Grand;47.29;6.58;17/08/2026;22:00;19.1;0;SOLEIL;1;8.3;0
Sancey-le-Grand;47.29;6.58;17/08/2026;23:00;16.2;0;SOLEIL;2;9.4;0
Sancey-le-Grand;47.29;6.58;18/08/2026;00:00;16.2;0;SOLEIL;2;10.1;0
Sancey-le-Grand;47.29;6.58;18/08/2026;01:00;16.2;0;SOLEIL;2;10.1;0
Sancey-le-Grand;47.29;6.58;18/08/2026;02:00;14.2;0;SOLEIL;2;10.4;0
Sancey-le-Grand;47.29;6.58;18/08/2026;03:00;14.2;0;SOLEIL;2;10.4;0
Sancey-le-Grand;47.29;6.58;18/08/2026;04:00;14.2;0;SOLEIL;2;10.8;0
Sancey-le-Grand;47.29;6.58;18/08/2026;05:00;17.5;0;SOLEIL;2;11.2;0
Sancey-le-Grand;47.29;6.58;18/08/2026;06:00;17.5;0;SOLEIL;2;13.3;0
Sancey-le-Grand;47.29;6.58;18/08/2026;07:00;17.5;0;SOLEIL;2;13.7;0
Sancey-le-Grand;47.29;6.58;18/08/2026;08:00;25.4;0;SOLEIL;3;13.7;0
Sancey-le-Grand;47.29;6.58;18/08/2026;09:00;25.4;0;SOLEIL;3;16.2;0
Sancey-le-Grand;47.29;6.58;18/08/2026;10:00;25.4;0;SOLEIL;3;19.1;0
Sancey-le-Grand;47.29;6.58;18/08/2026;11:00;28.5;0;SOLEIL;3;22.0;0
Sancey-le-Grand;47.29;6.58;18/08/2026;12:00;28.5;0;SOLEIL;3;24.1;0
Sancey-le-Grand;47.29;6.58;18/08/2026;13:00;28.5;0;SOLEIL;3;25.9;0
Sancey-le-Grand;47.29;6.58;18/08/2026;14:00;30.9;0;SOLEIL;4;27.0;0
Sancey-le-Grand;47.29;6.58;18/08/2026;15:00;30.9;0;SOLEIL;4;28.1;0
Sancey-le-Grand;47.29;6.58;18/08/2026;16:00;30.9;0;SOLEIL;4;28.4;0
Sancey-le-Grand;47.29;6.58;18/08/2026;17:00;28.1;0;SOLEIL;4;27.7;0
Sancey-le-Grand;47.29;6.58;18/08/2026;18:00;28.1;0;SOLEIL;4;24.8;0
Sancey-le-Grand;47.29;6.58;18/08/2026;19:00;28.1;0;SOLEIL;4;20.5;0
Sancey-le-Grand;47.29;6.58;18/08/2026;20:00;21.6;0;SOLEIL;5;17.3;0
Sancey-le-Grand;47.29;6.58;18/08/2026;21:00;19.6;0;SOLEIL;5;15.8;0
Sancey-le-Grand;47.29;6.58;18/08/2026;22:00;17.6;0;SOLEIL;5;14.8;0
Sancey-le-Grand;47.29;6.58;18/08/2026;23:00;18.4;0;SOLEIL;4;14.8;0
Sancey-le-Grand;47.29;6.58;19/08/2026;00:00;18.4;0;SOLEIL;4;15.5;0
Sancey-le-Grand;47.29;6.58;19/08/2026;01:00;18.4;0;SOLEIL;4;16.6;0
Sancey-le-Grand;47.29;6.58;19/08/2026;02:00;15.1;0;SOLEIL;5;17.3;0
Sancey-le-Grand;47.29;6.58;19/08/2026;03:00;15.1;0;SOLEIL;5;17.3;0
Sancey-le-Grand;47.29;6.58;19/08/2026;04:00;15.1;0;SOLEIL;5;17.3;0
Sancey-le-Grand;47.29;6.58;19/08/2026;05:00;18.1;0;SOLEIL;4;16.9;0
Sancey-le-Grand;47.29;6.58;19/08/2026;06:00;18.1;0;SOLEIL;4;16.2;0
Sancey-le-Grand;47.29;6.58;19/08/2026;07:00;18.1;0;SOLEIL;4;15.5;0
Sancey-le-Grand;47.29;6.58;19/08/2026;08:00;17.6;0;SOLEIL;5;16.6;0
Sancey-le-Grand;47.29;6.58;19/08/2026;09:00;18.9;0;SOLEIL;5;20.5;0
Sancey-le-Grand;47.29;6.58;19/08/2026;10:00;20.1;0;SOLEIL;5;26.3;0
Sancey-le-Grand;47.29;6.58;19/08/2026;11:00;24.7;0;SOLEIL;6;31.0;0
Sancey-le-Grand;47.29;6.58;19/08/2026;12:00;24.7;0;SOLEIL;6;33.5;0
Sancey-le-Grand;47.29;6.58;19/08/2026;13:00;24.7;0;SOLEIL;6;34.9;0
Sancey-le-Grand;47.29;6.58;19/08/2026;14:00;25.1;0;SOLEIL;5;35.6;0
Sancey-le-Grand;47.29;6.58;19/08/2026;15:00;26.4;0;SOLEIL;5;35.6;0
Sancey-le-Grand;47.29;6.58;19/08/2026;16:00;25.1;0;SOLEIL;5;34.6;0
Sancey-le-Grand;47.29;6.58;19/08/2026;17:00;22.5;0;SOLEIL;3;32.4;0
Sancey-le-Grand;47.29;6.58;19/08/2026;18:00;22.5;0;SOLEIL;3;28.4;0
Sancey-le-Grand;47.29;6.58;19/08/2026;19:00;22.5;0;SOLEIL;3;23.0;0
Sancey-le-Grand;47.29;6.58;19/08/2026;20:00;20.1;0;SOLEIL;5;19.1;0
Sancey-le-Grand;47.29;6.58;19/08/2026;21:00;18.9;0;SOLEIL;5;17.3;0
Sancey-le-Grand;47.29;6.58;19/08/2026;22:00;17.6;0;SOLEIL;5;16.6;0
Sancey-le-Grand;47.29;6.58;19/08/2026;23:00;15.6;0;SOLEIL;3;16.6;0
Sancey-le-Grand;47.29;6.58;20/08/2026;00:00;15.6;0;SOLEIL;3;19.4;0
Sancey-le-Grand;47.29;6.58;20/08/2026;01:00;15.6;0;SOLEIL;3;23.2;0
Sancey-le-Grand;47.29;6.58;20/08/2026;02:00;13.5;0;SOLEIL;5;27.1;0
Sancey-le-Grand;47.29;6.58;20/08/2026;03:00;13.5;0;SOLEIL;5;29.9;0
Sancey-le-Grand;47.29;6.58;20/08/2026;04:00;13.5;0;SOLEIL;5;29.5;0
Sancey-le-Grand;47.29;6.58;20/08/2026;05:00;15.1;0;SOLEIL;4;31.3;0
Sancey-le-Grand;47.29;6.58;20/08/2026;06:00;15.1;0;SOLEIL;4;37.4;0
Sancey-le-Grand;47.29;6.58;20/08/2026;07:00;15.1;0;SOLEIL;4;45.7;0
Sancey-le-Grand;47.29;6.58;20/08/2026;08:00;15.6;0;SOLEIL;5;51.1;0
Sancey-le-Grand;47.29;6.58;20/08/2026;09:00;16.7;0;SOLEIL;5;51.1;0
Sancey-le-Grand;47.29;6.58;20/08/2026;10:00;17.8;0;SOLEIL;5;48.2;0
Sancey-le-Grand;47.29;6.58;20/08/2026;11:00;22.2;0;SOLEIL;5;43.9;0
Sancey-le-Grand;47.29;6.58;20/08/2026;12:00;22.2;0;SOLEIL;5;37.1;0
Sancey-le-Grand;47.29;6.58;20/08/2026;13:00;22.2;0;SOLEIL;5;29.2;0
Sancey-le-Grand;47.29;6.58;20/08/2026;14:00;22.0;0;SOLEIL;5;24.5;0
Sancey-le-Grand;47.29;6.58;20/08/2026;15:00;23.1;0;SOLEIL;5;26.3;0
Sancey-le-Grand;47.29;6.58;20/08/2026;16:00;22.0;0;SOLEIL;5;31.7;0
Sancey-le-Grand;47.29;6.58;20/08/2026;17:00;21.1;7;PLUIE FAIBLE;3;35.6;0
Sancey-le-Grand;47.29;6.58;20/08/2026;18:00;21.1;7;PLUIE FAIBLE;3;37.4;0
Sancey-le-Grand;47.29;6.58;20/08/2026;19:00;21.1;7;PLUIE FAIBLE;3;38.2;0
Sancey-le-Grand;47.29;6.58;20/08/2026;20:00;17.8;0;SOLEIL;5;37.1;0
Sancey-le-Grand;47.29;6.58;20/08/2026;21:00;16.7;0;SOLEIL;5;33.5;0
Sancey-le-Grand;47.29;6.58;20/08/2026;22:00;15.6;0;SOLEIL;5;28.1;0
Sancey-le-Grand;47.29;6.58;20/08/2026;23:00;14.5;0;SOLEIL;4;23.4;0
Dole;47.09;5.49;16/08/2026;00:00;26.1;2;NUAGEUX;4;28.1;0
Dole;47.09;5.49;16/08/2026;01:00;25.6;2;NUAGEUX;3;20.9;0
Dole;47.09;5.49;16/08/2026;02:00;25.1;2;NUAGEUX;3;9.4;0
Dole;47.09;5.49;16/08/2026;03:00;25;2;NUAGEUX;2;11.5;0
Dole;47.09;5.49;16/08/2026;04:00;24.4;2;NUAGEUX;3;9.0;0
Dole;47.09;5.49;16/08/2026;05:00;24.1;2;NUAGEUX;2;7.9;0
Dole;47.09;5.49;16/08/2026;06:00;24.9;2;NUAGEUX;2;10.1;0
Dole;47.09;5.49;16/08/2026;07:00;26.6;2;NUAGEUX;3;37.4;0
Dole;47.09;5.49;16/08/2026;08:00;27;2;NUAGEUX;3;32.4;0
Dole;47.09;5.49;16/08/2026;09:00;27.6;2;NUAGEUX;2;24.8;0
Dole;47.09;5.49;16/08/2026;10:00;28.6;2;NUAGEUX;3;29.2;0
Dole;47.09;5.49;16/08/2026;11:00;30.1;2;NUAGEUX;3;37.8;0
Dole;47.09;5.49;16/08/2026;12:00;31.1;2;NUAGEUX;3;28.8;0
Dole;47.09;5.49;16/08/2026;13:00;33;2;NUAGEUX;3;26.6;0
Dole;47.09;5.49;16/08/2026;14:00;33.2;2;NUAGEUX;3;29.2;0
Dole;47.09;5.49;16/08/2026;15:00;33.4;2;NUAGEUX;3;28.8;0
Dole;47.09;5.49;16/08/2026;16:00;33.2;5;SOLEIL VOILÉ;3;27.4;0
Dole;47.09;5.49;16/08/2026;17:00;31.5;0;SOLEIL;4;25.9;0
Dole;47.09;5.49;16/08/2026;18:00;30.5;2;NUAGEUX;3;24.5;0
Dole;47.09;5.49;16/08/2026;19:00;28;5;SOLEIL VOILÉ;2;20.5;0
Dole;47.09;5.49;16/08/2026;20:00;25.2;2;NUAGEUX;2;18.4;0
Dole;47.09;5.49;16/08/2026;21:00;23.1;5;SOLEIL VOILÉ;2;16.6;0
Dole;47.09;5.49;16/08/2026;22:00;22.2;5;SOLEIL VOILÉ;2;11.5;0
Dole;47.09;5.49;16/08/2026;23:00;22.2;5;SOLEIL VOILÉ;2;9.0;0
Dole;47.09;5.49;17/08/2026;00:00;22.4;5;SOLEIL VOILÉ;2;5.4;0
Dole;47.09;5.49;17/08/2026;01:00;22.4;5;SOLEIL VOILÉ;2;3.2;0
Dole;47.09;5.49;17/08/2026;02:00;19.9;10;ORAGEUX;1;20.2;0
Dole;47.09;5.49;17/08/2026;03:00;19.9;10;ORAGEUX;1;22.1;0
Dole;47.09;5.49;17/08/2026;04:00;19.9;10;ORAGEUX;1;15.5;0
Dole;47.09;5.49;17/08/2026;05:00;19.5;6;AVERSES;2;13.8;0
Dole;47.09;5.49;17/08/2026;06:00;19.5;6;AVERSES;2;15.5;0
Dole;47.09;5.49;17/08/2026;07:00;19.5;6;AVERSES;2;14.4;0
Dole;47.09;5.49;17/08/2026;08:00;23.9;5;SOLEIL VOILÉ;2;15.5;0
Dole;47.09;5.49;17/08/2026;09:00;23.9;5;SOLEIL VOILÉ;2;22.0;0
Dole;47.09;5.49;17/08/2026;10:00;23.9;5;SOLEIL VOILÉ;2;22.7;0
Dole;47.09;5.49;17/08/2026;11:00;30.6;5;SOLEIL VOILÉ;2;20.2;0
Dole;47.09;5.49;17/08/2026;12:00;30.6;5;SOLEIL VOILÉ;2;23.0;0
Dole;47.09;5.49;17/08/2026;13:00;30.6;5;SOLEIL VOILÉ;2;21.2;0
Dole;47.09;5.49;17/08/2026;14:00;29.5;5;SOLEIL VOILÉ;3;23.8;0
Dole;47.09;5.49;17/08/2026;15:00;29.5;5;SOLEIL VOILÉ;3;28.4;0
Dole;47.09;5.49;17/08/2026;16:00;29.5;5;SOLEIL VOILÉ;3;28.1;0
Dole;47.09;5.49;17/08/2026;17:00;30.6;0;SOLEIL;3;33.1;0
Dole;47.09;5.49;17/08/2026;18:00;30.6;0;SOLEIL;3;32.4;0
Dole;47.09;5.49;17/08/2026;19:00;30.6;0;SOLEIL;3;28.1;0
Dole;47.09;5.49;17/08/2026;20:00;20.6;0;SOLEIL;2;26.6;0
Dole;47.09;5.49;17/08/2026;21:00;20.6;0;SOLEIL;2;15.8;0
Dole;47.09;5.49;17/08/2026;22:00;20.6;0;SOLEIL;2;9.7;0
Dole;47.09;5.49;17/08/2026;23:00;18.7;0;SOLEIL;1;10.1;0
Dole;47.09;5.49;18/08/2026;00:00;18.7;0;SOLEIL;1;9.0;0
Dole;47.09;5.49;18/08/2026;01:00;18.7;0;SOLEIL;1;6.1;0
Dole;47.09;5.49;18/08/2026;02:00;18.5;0;SOLEIL;1;6.5;0
Dole;47.09;5.49;18/08/2026;03:00;18.5;0;SOLEIL;1;5.0;0
Dole;47.09;5.49;18/08/2026;04:00;18.5;0;SOLEIL;1;3.2;0
Dole;47.09;5.49;18/08/2026;05:00;19.1;0;SOLEIL;2;1.8;0
Dole;47.09;5.49;18/08/2026;06:00;19.1;0;SOLEIL;2;2.2;0
Dole;47.09;5.49;18/08/2026;07:00;19.1;0;SOLEIL;2;4.3;0
Dole;47.09;5.49;18/08/2026;08:00;26;0;SOLEIL;2;5.0;0
Dole;47.09;5.49;18/08/2026;09:00;26;0;SOLEIL;2;8.3;0
Dole;47.09;5.49;18/08/2026;10:00;26;0;SOLEIL;2;12.2;0
Dole;47.09;5.49;18/08/2026;11:00;29.5;0;SOLEIL;3;15.1;0
Dole;47.09;5.49;18/08/2026;12:00;29.5;0;SOLEIL;3;16.6;0
Dole;47.09;5.49;18/08/2026;13:00;29.5;0;SOLEIL;3;16.9;0
Dole;47.09;5.49;18/08/2026;14:00;33.2;0;SOLEIL;3;16.9;0
Dole;47.09;5.49;18/08/2026;15:00;33.2;0;SOLEIL;3;16.9;0
Dole;47.09;5.49;18/08/2026;16:00;33.2;0;SOLEIL;3;16.9;0
Dole;47.09;5.49;18/08/2026;17:00;31.2;0;SOLEIL;3;16.9;0
Dole;47.09;5.49;18/08/2026;18:00;31.2;0;SOLEIL;3;17.6;0
Dole;47.09;5.49;18/08/2026;19:00;31.2;0;SOLEIL;3;18.0;0
Dole;47.09;5.49;18/08/2026;20:00;25.0;0;SOLEIL;5;17.3;0
Dole;47.09;5.49;18/08/2026;21:00;23.1;0;SOLEIL;5;13.7;0
Dole;47.09;5.49;18/08/2026;22:00;21.3;0;SOLEIL;5;9.0;0
Dole;47.09;5.49;18/08/2026;23:00;21.1;0;SOLEIL;2;5.4;0
Dole;47.09;5.49;19/08/2026;00:00;21.1;0;SOLEIL;2;4.7;0
Dole;47.09;5.49;19/08/2026;01:00;21.1;0;SOLEIL;2;5.4;0
Dole;47.09;5.49;19/08/2026;02:00;17.6;0;SOLEIL;5;6.1;0
Dole;47.09;5.49;19/08/2026;03:00;17.6;0;SOLEIL;5;6.8;0
Dole;47.09;5.49;19/08/2026;04:00;17.6;0;SOLEIL;5;7.6;0
Dole;47.09;5.49;19/08/2026;05:00;19.1;0;SOLEIL;3;7.9;0
Dole;47.09;5.49;19/08/2026;06:00;19.1;0;SOLEIL;3;7.2;0
Dole;47.09;5.49;19/08/2026;07:00;19.1;0;SOLEIL;3;6.1;0
Dole;47.09;5.49;19/08/2026;08:00;20.4;0;SOLEIL;5;6.5;0
Dole;47.09;5.49;19/08/2026;09:00;21.9;0;SOLEIL;5;9.7;0
Dole;47.09;5.49;19/08/2026;10:00;23.3;0;SOLEIL;5;14.8;0
Dole;47.09;5.49;19/08/2026;11:00;29.6;0;SOLEIL;5;18.7;0
Dole;47.09;5.49;19/08/2026;12:00;29.6;0;SOLEIL;5;20.5;0
Dole;47.09;5.49;19/08/2026;13:00;29.6;0;SOLEIL;5;21.2;0
Dole;47.09;5.49;19/08/2026;14:00;29.0;0;SOLEIL;5;22.3;0
Dole;47.09;5.49;19/08/2026;15:00;30.4;0;SOLEIL;5;24.1;0
Dole;47.09;5.49;19/08/2026;16:00;29.0;0;SOLEIL;5;25.9;0
Dole;47.09;5.49;19/08/2026;17:00;24.9;0;SOLEIL;3;26.3;0
Dole;47.09;5.49;19/08/2026;18:00;24.9;0;SOLEIL;3;24.1;0
Dole;47.09;5.49;19/08/2026;19:00;24.9;0;SOLEIL;3;20.2;0
Dole;47.09;5.49;19/08/2026;20:00;23.3;0;SOLEIL;5;16.2;0
Dole;47.09;5.49;19/08/2026;21:00;21.9;0;SOLEIL;5;12.2;0
Dole;47.09;5.49;19/08/2026;22:00;20.4;0;SOLEIL;5;7.9;0
Dole;47.09;5.49;19/08/2026;23:00;18.6;0;SOLEIL;3;5.4;0
Dole;47.09;5.49;20/08/2026;00:00;18.6;0;SOLEIL;3;5.7;0
Dole;47.09;5.49;20/08/2026;01:00;18.6;0;SOLEIL;3;7.4;0
Dole;47.09;5.49;20/08/2026;02:00;16.1;0;SOLEIL;5;9.9;0
Dole;47.09;5.49;20/08/2026;03:00;16.1;0;SOLEIL;5;16.2;0
Dole;47.09;5.49;20/08/2026;04:00;16.1;0;SOLEIL;5;24.1;0
Dole;47.09;5.49;20/08/2026;05:00;17.5;0;SOLEIL;2;29.5;0
Dole;47.09;5.49;20/08/2026;06:00;17.5;0;SOLEIL;2;30.6;0
Dole;47.09;5.49;20/08/2026;07:00;17.5;0;SOLEIL;2;29.5;0
Dole;47.09;5.49;20/08/2026;08:00;18.6;0;SOLEIL;5;26.6;0
Dole;47.09;5.49;20/08/2026;09:00;19.8;0;SOLEIL;5;21.6;0
Dole;47.09;5.49;20/08/2026;10:00;21.0;0;SOLEIL;5;15.5;0
Dole;47.09;5.49;20/08/2026;11:00;26.6;0;SOLEIL;4;10.8;0
Dole;47.09;5.49;20/08/2026;12:00;26.6;0;SOLEIL;4;9.0;0
Dole;47.09;5.49;20/08/2026;13:00;26.6;0;SOLEIL;4;9.0;0
Dole;47.09;5.49;20/08/2026;14:00;26.0;0;SOLEIL;5;9.7;0
Dole;47.09;5.49;20/08/2026;15:00;27.2;0;SOLEIL;5;11.2;0
Dole;47.09;5.49;20/08/2026;16:00;26.0;0;SOLEIL;5;13.7;0
Dole;47.09;5.49;20/08/2026;17:00;23.1;0;SOLEIL;3;15.1;0
Dole;47.09;5.49;20/08/2026;18:00;23.1;0;SOLEIL;3;14.8;0
Dole;47.09;5.49;20/08/2026;19:00;23.1;0;SOLEIL;3;13.3;0
Dole;47.09;5.49;20/08/2026;20:00;21.0;0;SOLEIL;5;12.6;0
Dole;47.09;5.49;20/08/2026;21:00;19.8;0;SOLEIL;5;13.0;0
Dole;47.09;5.49;20/08/2026;22:00;18.6;0;SOLEIL;5;14.0;0
Dole;47.09;5.49;20/08/2026;23:00;17.7;0;SOLEIL;3;13.7;0
Lons-le-Saunier;46.67;5.55;16/08/2026;00:00;27.7;5;SOLEIL VOILÉ;2;15.5;0
Lons-le-Saunier;46.67;5.55;16/08/2026;01:00;26.6;2;NUAGEUX;2;13.0;0
Lons-le-Saunier;46.67;5.55;16/08/2026;02:00;26.1;2;NUAGEUX;2;16.6;0
Lons-le-Saunier;46.67;5.55;16/08/2026;03:00;25.6;2;NUAGEUX;2;17.3;0
Lons-le-Saunier;46.67;5.55;16/08/2026;04:00;24.4;2;NUAGEUX;3;16.9;0
Lons-le-Saunier;46.67;5.55;16/08/2026;05:00;24.7;2;NUAGEUX;2;11.5;0
Lons-le-Saunier;46.67;5.55;16/08/2026;06:00;25.1;2;NUAGEUX;2;14.4;0
Lons-le-Saunier;46.67;5.55;16/08/2026;07:00;25.1;2;NUAGEUX;3;12.6;0
Lons-le-Saunier;46.67;5.55;16/08/2026;08:00;25.7;2;NUAGEUX;3;8.3;0
Lons-le-Saunier;46.67;5.55;16/08/2026;09:00;26.6;2;NUAGEUX;2;16.2;0
Lons-le-Saunier;46.67;5.55;16/08/2026;10:00;28.2;2;NUAGEUX;3;24.1;0
Lons-le-Saunier;46.67;5.55;16/08/2026;11:00;29.6;2;NUAGEUX;3;35.3;0
Lons-le-Saunier;46.67;5.55;16/08/2026;12:00;31.9;2;NUAGEUX;3;32.8;0
Lons-le-Saunier;46.67;5.55;16/08/2026;13:00;33.4;2;NUAGEUX;3;30.2;0
Lons-le-Saunier;46.67;5.55;16/08/2026;14:00;32.2;2;NUAGEUX;4;19.4;0
Lons-le-Saunier;46.67;5.55;16/08/2026;15:00;31.1;5;SOLEIL VOILÉ;4;19.4;0
Lons-le-Saunier;46.67;5.55;16/08/2026;16:00;31.4;5;SOLEIL VOILÉ;4;18.7;0
Lons-le-Saunier;46.67;5.55;16/08/2026;17:00;31;5;SOLEIL VOILÉ;3;14.4;0
Lons-le-Saunier;46.67;5.55;16/08/2026;18:00;30.1;5;SOLEIL VOILÉ;3;30.6;0
Lons-le-Saunier;46.67;5.55;16/08/2026;19:00;28.4;5;SOLEIL VOILÉ;3;30.6;0
Lons-le-Saunier;46.67;5.55;16/08/2026;20:00;27;5;SOLEIL VOILÉ;2;24.5;0
Lons-le-Saunier;46.67;5.55;16/08/2026;21:00;26;5;SOLEIL VOILÉ;2;21.2;0
Lons-le-Saunier;46.67;5.55;16/08/2026;22:00;25.6;5;SOLEIL VOILÉ;2;10.4;0
Lons-le-Saunier;46.67;5.55;16/08/2026;23:00;22.7;5;SOLEIL VOILÉ;2;11.9;0
Lons-le-Saunier;46.67;5.55;17/08/2026;00:00;23;5;SOLEIL VOILÉ;2;17.6;0
Lons-le-Saunier;46.67;5.55;17/08/2026;01:00;23;5;SOLEIL VOILÉ;2;12.6;0
Lons-le-Saunier;46.67;5.55;17/08/2026;02:00;22.4;10;ORAGEUX;1;10.4;0
Lons-le-Saunier;46.67;5.55;17/08/2026;03:00;22.4;10;ORAGEUX;1;8.8;0
Lons-le-Saunier;46.67;5.55;17/08/2026;04:00;22.4;10;ORAGEUX;1;8.6;0
Lons-le-Saunier;46.67;5.55;17/08/2026;05:00;21.6;0;SOLEIL;2;15.1;0
Lons-le-Saunier;46.67;5.55;17/08/2026;06:00;21.6;0;SOLEIL;2;14.0;0
Lons-le-Saunier;46.67;5.55;17/08/2026;07:00;21.6;0;SOLEIL;2;20.9;0
Lons-le-Saunier;46.67;5.55;17/08/2026;08:00;25.4;5;SOLEIL VOILÉ;2;22.3;0
Lons-le-Saunier;46.67;5.55;17/08/2026;09:00;25.4;5;SOLEIL VOILÉ;2;21.2;0
Lons-le-Saunier;46.67;5.55;17/08/2026;10:00;25.4;5;SOLEIL VOILÉ;2;27.4;0
Lons-le-Saunier;46.67;5.55;17/08/2026;11:00;29.5;5;SOLEIL VOILÉ;3;25.9;0
Lons-le-Saunier;46.67;5.55;17/08/2026;12:00;29.5;5;SOLEIL VOILÉ;3;23.8;0
Lons-le-Saunier;46.67;5.55;17/08/2026;13:00;29.5;5;SOLEIL VOILÉ;3;19.1;0
Lons-le-Saunier;46.67;5.55;17/08/2026;14:00;31.1;5;SOLEIL VOILÉ;3;22.7;0
Lons-le-Saunier;46.67;5.55;17/08/2026;15:00;31.1;5;SOLEIL VOILÉ;3;22.0;0
Lons-le-Saunier;46.67;5.55;17/08/2026;16:00;31.1;5;SOLEIL VOILÉ;3;29.9;0
Lons-le-Saunier;46.67;5.55;17/08/2026;17:00;30.1;5;SOLEIL VOILÉ;3;29.2;0
Lons-le-Saunier;46.67;5.55;17/08/2026;18:00;30.1;5;SOLEIL VOILÉ;3;36.4;0
Lons-le-Saunier;46.67;5.55;17/08/2026;19:00;30.1;5;SOLEIL VOILÉ;3;36.7;0
Lons-le-Saunier;46.67;5.55;17/08/2026;20:00;24.9;0;SOLEIL;2;28.8;0
Lons-le-Saunier;46.67;5.55;17/08/2026;21:00;24.9;0;SOLEIL;2;21.2;0
Lons-le-Saunier;46.67;5.55;17/08/2026;22:00;24.9;0;SOLEIL;2;18.4;0
Lons-le-Saunier;46.67;5.55;17/08/2026;23:00;20.5;0;SOLEIL;2;13.0;0
Lons-le-Saunier;46.67;5.55;18/08/2026;00:00;20.5;0;SOLEIL;2;11.5;0
Lons-le-Saunier;46.67;5.55;18/08/2026;01:00;20.5;0;SOLEIL;2;13.3;0
Lons-le-Saunier;46.67;5.55;18/08/2026;02:00;20.6;0;SOLEIL;2;13.3;0
Lons-le-Saunier;46.67;5.55;18/08/2026;03:00;20.6;0;SOLEIL;2;14.4;0
Lons-le-Saunier;46.67;5.55;18/08/2026;04:00;20.6;0;SOLEIL;2;15.1;0
Lons-le-Saunier;46.67;5.55;18/08/2026;05:00;20.1;0;SOLEIL;2;14.0;0
Lons-le-Saunier;46.67;5.55;18/08/2026;06:00;20.1;0;SOLEIL;2;12.6;0
Lons-le-Saunier;46.67;5.55;18/08/2026;07:00;20.1;0;SOLEIL;2;12.2;0
Lons-le-Saunier;46.67;5.55;18/08/2026;08:00;26.2;0;SOLEIL;2;12.2;0
Lons-le-Saunier;46.67;5.55;18/08/2026;09:00;26.2;0;SOLEIL;2;11.9;0
Lons-le-Saunier;46.67;5.55;18/08/2026;10:00;26.2;0;SOLEIL;2;11.9;0
Lons-le-Saunier;46.67;5.55;18/08/2026;11:00;30.6;0;SOLEIL;3;12.2;0
Lons-le-Saunier;46.67;5.55;18/08/2026;12:00;30.6;0;SOLEIL;3;13.7;0
Lons-le-Saunier;46.67;5.55;18/08/2026;13:00;30.6;0;SOLEIL;3;15.1;0
Lons-le-Saunier;46.67;5.55;18/08/2026;14:00;32.9;0;SOLEIL;3;16.2;0
Lons-le-Saunier;46.67;5.55;18/08/2026;15:00;32.9;0;SOLEIL;3;15.5;0
Lons-le-Saunier;46.67;5.55;18/08/2026;16:00;32.9;0;SOLEIL;3;14.0;0
Lons-le-Saunier;46.67;5.55;18/08/2026;17:00;31.1;0;SOLEIL;3;12.6;0
Lons-le-Saunier;46.67;5.55;18/08/2026;18:00;31.1;0;SOLEIL;3;11.2;0
Lons-le-Saunier;46.67;5.55;18/08/2026;19:00;31.1;0;SOLEIL;3;9.4;0
Lons-le-Saunier;46.67;5.55;18/08/2026;20:00;25.5;0;SOLEIL;5;9.4;0
Lons-le-Saunier;46.67;5.55;18/08/2026;21:00;23.9;0;SOLEIL;5;11.9;0
Lons-le-Saunier;46.67;5.55;18/08/2026;22:00;22.3;0;SOLEIL;5;16.2;0
Lons-le-Saunier;46.67;5.55;18/08/2026;23:00;24.4;0;SOLEIL;2;19.4;0
Lons-le-Saunier;46.67;5.55;19/08/2026;00:00;24.4;0;SOLEIL;2;20.5;0
Lons-le-Saunier;46.67;5.55;19/08/2026;01:00;24.4;0;SOLEIL;2;20.9;0
Lons-le-Saunier;46.67;5.55;19/08/2026;02:00;19.6;0;SOLEIL;5;20.9;0
Lons-le-Saunier;46.67;5.55;19/08/2026;03:00;19.6;0;SOLEIL;5;20.9;0
Lons-le-Saunier;46.67;5.55;19/08/2026;04:00;19.6;0;SOLEIL;5;20.9;0
Lons-le-Saunier;46.67;5.55;19/08/2026;05:00;21.5;0;SOLEIL;3;20.5;0
Lons-le-Saunier;46.67;5.55;19/08/2026;06:00;21.5;0;SOLEIL;3;19.8;0
Lons-le-Saunier;46.67;5.55;19/08/2026;07:00;21.5;0;SOLEIL;3;18.7;0
Lons-le-Saunier;46.67;5.55;19/08/2026;08:00;22.0;0;SOLEIL;5;18.0;0
Lons-le-Saunier;46.67;5.55;19/08/2026;09:00;23.2;0;SOLEIL;5;17.3;0
Lons-le-Saunier;46.67;5.55;19/08/2026;10:00;24.4;0;SOLEIL;5;16.9;0
Lons-le-Saunier;46.67;5.55;19/08/2026;11:00;28.2;0;SOLEIL;4;16.9;0
Lons-le-Saunier;46.67;5.55;19/08/2026;12:00;28.2;0;SOLEIL;4;17.3;0
Lons-le-Saunier;46.67;5.55;19/08/2026;13:00;28.2;0;SOLEIL;4;18.0;0
Lons-le-Saunier;46.67;5.55;19/08/2026;14:00;29.2;0;SOLEIL;5;19.4;0
Lons-le-Saunier;46.67;5.55;19/08/2026;15:00;30.4;0;SOLEIL;5;22.3;0
Lons-le-Saunier;46.67;5.55;19/08/2026;16:00;29.2;0;SOLEIL;5;26.3;0
Lons-le-Saunier;46.67;5.55;19/08/2026;17:00;26.1;0;SOLEIL;3;27.7;0
Lons-le-Saunier;46.67;5.55;19/08/2026;18:00;26.1;0;SOLEIL;3;25.2;0
Lons-le-Saunier;46.67;5.55;19/08/2026;19:00;26.1;0;SOLEIL;3;20.9;0
Lons-le-Saunier;46.67;5.55;19/08/2026;20:00;24.4;0;SOLEIL;5;17.3;0
Lons-le-Saunier;46.67;5.55;19/08/2026;21:00;23.2;0;SOLEIL;5;15.1;0
Lons-le-Saunier;46.67;5.55;19/08/2026;22:00;22.0;0;SOLEIL;5;14.0;0
Lons-le-Saunier;46.67;5.55;19/08/2026;23:00;20;0;SOLEIL;3;14.4;0
Lons-le-Saunier;46.67;5.55;20/08/2026;00:00;20;0;SOLEIL;3;16.5;0
Lons-le-Saunier;46.67;5.55;20/08/2026;01:00;20;0;SOLEIL;3;19.6;0
Lons-le-Saunier;46.67;5.55;20/08/2026;02:00;18.1;0;SOLEIL;5;22.0;0
Lons-le-Saunier;46.67;5.55;20/08/2026;03:00;18.1;0;SOLEIL;5;25.6;0
Lons-le-Saunier;46.67;5.55;20/08/2026;04:00;18.1;0;SOLEIL;5;30.2;0
Lons-le-Saunier;46.67;5.55;20/08/2026;05:00;19.5;0;SOLEIL;3;32.0;0
Lons-le-Saunier;46.67;5.55;20/08/2026;06:00;19.5;0;SOLEIL;3;28.1;0
Lons-le-Saunier;46.67;5.55;20/08/2026;07:00;19.5;0;SOLEIL;3;20.9;0
Lons-le-Saunier;46.67;5.55;20/08/2026;08:00;20.1;0;SOLEIL;5;16.6;0
Lons-le-Saunier;46.67;5.55;20/08/2026;09:00;21.1;0;SOLEIL;5;16.9;0
Lons-le-Saunier;46.67;5.55;20/08/2026;10:00;22.1;0;SOLEIL;5;19.8;0
Lons-le-Saunier;46.67;5.55;20/08/2026;11:00;26.1;0;SOLEIL;4;24.5;0
Lons-le-Saunier;46.67;5.55;20/08/2026;12:00;26.1;0;SOLEIL;4;32.4;0
Lons-le-Saunier;46.67;5.55;20/08/2026;13:00;26.1;0;SOLEIL;4;42.5;0
Lons-le-Saunier;46.67;5.55;20/08/2026;14:00;26.1;0;SOLEIL;5;49.0;0
Lons-le-Saunier;46.67;5.55;20/08/2026;15:00;27.1;0;SOLEIL;5;50.0;0
Lons-le-Saunier;46.67;5.55;20/08/2026;16:00;26.1;0;SOLEIL;5;47.9;0
Lons-le-Saunier;46.67;5.55;20/08/2026;17:00;23.9;0;SOLEIL;3;44.3;0
Lons-le-Saunier;46.67;5.55;20/08/2026;18:00;23.9;0;SOLEIL;3;38.9;0
Lons-le-Saunier;46.67;5.55;20/08/2026;19:00;23.9;0;SOLEIL;3;32.4;0
Lons-le-Saunier;46.67;5.55;20/08/2026;20:00;22.1;0;SOLEIL;5;27.4;0
Lons-le-Saunier;46.67;5.55;20/08/2026;21:00;21.1;0;SOLEIL;5;25.9;0
Lons-le-Saunier;46.67;5.55;20/08/2026;22:00;20.1;0;SOLEIL;5;26.6;0
Lons-le-Saunier;46.67;5.55;20/08/2026;23:00;19.6;0;SOLEIL;4;25.2;0
Morez;46.52;6.02;16/08/2026;00:00;17.7;2;NUAGEUX;1;12.2;0
Morez;46.52;6.02;16/08/2026;01:00;17.5;2;NUAGEUX;0;11.2;0
Morez;46.52;6.02;16/08/2026;02:00;17.6;2;NUAGEUX;0;10.4;0
Morez;46.52;6.02;16/08/2026;03:00;15.6;2;NUAGEUX;0;10.8;0
Morez;46.52;6.02;16/08/2026;04:00;16.5;2;NUAGEUX;0;7.2;0
Morez;46.52;6.02;16/08/2026;05:00;16.2;2;NUAGEUX;0;5.8;0
Morez;46.52;6.02;16/08/2026;06:00;17.6;2;NUAGEUX;0;7.6;0
Morez;46.52;6.02;16/08/2026;07:00;21.1;2;NUAGEUX;0;6.8;0
Morez;46.52;6.02;16/08/2026;08:00;24.4;2;NUAGEUX;2;5.0;0
Morez;46.52;6.02;16/08/2026;09:00;25.1;2;NUAGEUX;2;8.6;0
Morez;46.52;6.02;16/08/2026;10:00;26;6;AVERSES;2;11.9;0.1
Morez;46.52;6.02;16/08/2026;11:00;25.2;6;AVERSES;2;18.4;0.1
Morez;46.52;6.02;16/08/2026;12:00;25.5;6;AVERSES;2;18.0;0.1
Morez;46.52;6.02;16/08/2026;13:00;26.4;6;AVERSES;2;12.2;0.1
Morez;46.52;6.02;16/08/2026;14:00;27.1;6;AVERSES;2;11.9;0.1
Morez;46.52;6.02;16/08/2026;15:00;27;6;AVERSES;2;21.6;0.1
Morez;46.52;6.02;16/08/2026;16:00;26.7;6;AVERSES;2;24.8;0.1
Morez;46.52;6.02;16/08/2026;17:00;25.6;6;AVERSES;2;15.5;0.1
Morez;46.52;6.02;16/08/2026;18:00;23.7;6;AVERSES;2;14.0;0.1
Morez;46.52;6.02;16/08/2026;19:00;21.1;5;SOLEIL VOILÉ;1;19.8;0
Morez;46.52;6.02;16/08/2026;20:00;18.6;6;AVERSES;1;17.3;0.1
Morez;46.52;6.02;16/08/2026;21:00;16.6;6;AVERSES;0;7.9;0.2
Morez;46.52;6.02;16/08/2026;22:00;15.7;6;AVERSES;1;11.9;0.2
Morez;46.52;6.02;16/08/2026;23:00;15.4;6;AVERSES;1;11.2;0.3
Morez;46.52;6.02;17/08/2026;00:00;15;5;SOLEIL VOILÉ;0;10.1;0
Morez;46.52;6.02;17/08/2026;01:00;15;5;SOLEIL VOILÉ;0;14.8;0
Morez;46.52;6.02;17/08/2026;02:00;14.7;0;SOLEIL;0;7.6;0
Morez;46.52;6.02;17/08/2026;03:00;14.7;0;SOLEIL;0;7.9;0
Morez;46.52;6.02;17/08/2026;04:00;14.7;0;SOLEIL;0;6.5;0
Morez;46.52;6.02;17/08/2026;05:00;15.2;6;AVERSES;1;9.1;0
Morez;46.52;6.02;17/08/2026;06:00;15.2;6;AVERSES;1;9.0;0
Morez;46.52;6.02;17/08/2026;07:00;15.2;6;AVERSES;1;12.2;0
Morez;46.52;6.02;17/08/2026;08:00;21.9;6;AVERSES;2;13.7;0
Morez;46.52;6.02;17/08/2026;09:00;21.9;6;AVERSES;2;15.5;0
Morez;46.52;6.02;17/08/2026;10:00;21.9;6;AVERSES;2;19.4;0
Morez;46.52;6.02;17/08/2026;11:00;24.7;5;SOLEIL VOILÉ;3;22.7;0
Morez;46.52;6.02;17/08/2026;12:00;24.7;5;SOLEIL VOILÉ;3;36.4;0
Morez;46.52;6.02;17/08/2026;13:00;24.7;5;SOLEIL VOILÉ;3;23.4;0
Morez;46.52;6.02;17/08/2026;14:00;26.2;5;SOLEIL VOILÉ;3;32.4;0
Morez;46.52;6.02;17/08/2026;15:00;26.2;5;SOLEIL VOILÉ;3;32.8;0
Morez;46.52;6.02;17/08/2026;16:00;26.2;5;SOLEIL VOILÉ;3;27.4;0
Morez;46.52;6.02;17/08/2026;17:00;21.9;0;SOLEIL;2;28.1;0
Morez;46.52;6.02;17/08/2026;18:00;21.9;0;SOLEIL;2;28.8;0
Morez;46.52;6.02;17/08/2026;19:00;21.9;0;SOLEIL;2;26.3;0
Morez;46.52;6.02;17/08/2026;20:00;15.9;0;SOLEIL;2;28.4;0
Morez;46.52;6.02;17/08/2026;21:00;15.9;0;SOLEIL;2;16.2;0
Morez;46.52;6.02;17/08/2026;22:00;15.9;0;SOLEIL;2;14.4;0
Morez;46.52;6.02;17/08/2026;23:00;12.6;0;SOLEIL;1;15.5;0
Morez;46.52;6.02;18/08/2026;00:00;12.6;0;SOLEIL;1;16.9;0
Morez;46.52;6.02;18/08/2026;01:00;12.6;0;SOLEIL;1;16.6;0
Morez;46.52;6.02;18/08/2026;02:00;11;0;SOLEIL;1;15.5;0
Morez;46.52;6.02;18/08/2026;03:00;11;0;SOLEIL;1;14.8;0
Morez;46.52;6.02;18/08/2026;04:00;11;0;SOLEIL;1;14.0;0
Morez;46.52;6.02;18/08/2026;05:00;13.1;0;SOLEIL;1;11.9;0
Morez;46.52;6.02;18/08/2026;06:00;13.1;0;SOLEIL;1;11.5;0
Morez;46.52;6.02;18/08/2026;07:00;13.1;0;SOLEIL;1;10.8;0
Morez;46.52;6.02;18/08/2026;08:00;23.2;0;SOLEIL;2;10.1;0
Morez;46.52;6.02;18/08/2026;09:00;23.2;0;SOLEIL;2;12.6;0
Morez;46.52;6.02;18/08/2026;10:00;23.2;0;SOLEIL;2;15.8;0
Morez;46.52;6.02;18/08/2026;11:00;27.1;0;SOLEIL;3;18.7;0
Morez;46.52;6.02;18/08/2026;12:00;27.1;0;SOLEIL;3;19.8;0
Morez;46.52;6.02;18/08/2026;13:00;27.1;0;SOLEIL;3;20.2;0
Morez;46.52;6.02;18/08/2026;14:00;28.5;0;SOLEIL;3;20.5;0
Morez;46.52;6.02;18/08/2026;15:00;28.5;0;SOLEIL;3;21.6;0
Morez;46.52;6.02;18/08/2026;16:00;28.5;0;SOLEIL;3;22.7;0
Morez;46.52;6.02;18/08/2026;17:00;24.5;0;SOLEIL;2;22.7;0
Morez;46.52;6.02;18/08/2026;18:00;24.5;0;SOLEIL;2;20.9;0
Morez;46.52;6.02;18/08/2026;19:00;24.5;0;SOLEIL;2;18.4;0
Morez;46.52;6.02;18/08/2026;20:00;18.2;0;SOLEIL;5;15.8;0
Morez;46.52;6.02;18/08/2026;21:00;16.0;0;SOLEIL;5;13.7;0
Morez;46.52;6.02;18/08/2026;22:00;13.8;0;SOLEIL;5;11.9;0
Morez;46.52;6.02;18/08/2026;23:00;14.2;0;SOLEIL;2;10.4;0
Morez;46.52;6.02;19/08/2026;00:00;14.2;0;SOLEIL;2;10.1;0
Morez;46.52;6.02;19/08/2026;01:00;14.2;0;SOLEIL;2;10.4;0
Morez;46.52;6.02;19/08/2026;02:00;10.7;0;SOLEIL;5;10.4;0
Morez;46.52;6.02;19/08/2026;03:00;10.7;0;SOLEIL;5;9.7;0
Morez;46.52;6.02;19/08/2026;04:00;10.7;0;SOLEIL;5;8.6;0
Morez;46.52;6.02;19/08/2026;05:00;13.2;0;SOLEIL;2;8.3;0
Morez;46.52;6.02;19/08/2026;06:00;13.2;0;SOLEIL;2;8.6;0
Morez;46.52;6.02;19/08/2026;07:00;13.2;0;SOLEIL;2;9.4;0
Morez;46.52;6.02;19/08/2026;08:00;14.1;0;SOLEIL;5;10.8;0
Morez;46.52;6.02;19/08/2026;09:00;15.8;0;SOLEIL;5;12.6;0
Morez;46.52;6.02;19/08/2026;10:00;17.5;0;SOLEIL;5;15.1;0
Morez;46.52;6.02;19/08/2026;11:00;25.1;0;SOLEIL;4;18.0;0
Morez;46.52;6.02;19/08/2026;12:00;25.1;0;SOLEIL;4;21.6;0
Morez;46.52;6.02;19/08/2026;13:00;25.1;0;SOLEIL;4;25.2;0
Morez;46.52;6.02;19/08/2026;14:00;24.3;0;SOLEIL;5;28.4;0
Morez;46.52;6.02;19/08/2026;15:00;26.0;0;SOLEIL;5;30.6;0
Morez;46.52;6.02;19/08/2026;16:00;24.3;0;SOLEIL;5;32.0;0
Morez;46.52;6.02;19/08/2026;17:00;20.6;0;SOLEIL;3;32.0;0
Morez;46.52;6.02;19/08/2026;18:00;20.6;0;SOLEIL;3;30.2;0
Morez;46.52;6.02;19/08/2026;19:00;20.6;0;SOLEIL;3;27.0;0
Morez;46.52;6.02;19/08/2026;20:00;17.5;0;SOLEIL;5;24.1;0
Morez;46.52;6.02;19/08/2026;21:00;15.8;0;SOLEIL;5;22.0;0
Morez;46.52;6.02;19/08/2026;22:00;14.1;0;SOLEIL;5;19.8;0
Morez;46.52;6.02;19/08/2026;23:00;12.7;0;SOLEIL;2;19.4;0
Morez;46.52;6.02;20/08/2026;00:00;12.7;0;SOLEIL;2;23.0;0
Morez;46.52;6.02;20/08/2026;01:00;12.7;0;SOLEIL;2;30.2;0
Morez;46.52;6.02;20/08/2026;02:00;11.6;0;SOLEIL;5;37.9;0
Morez;46.52;6.02;20/08/2026;03:00;11.6;0;SOLEIL;5;45.0;0
Morez;46.52;6.02;20/08/2026;04:00;11.6;0;SOLEIL;5;47.9;0
Morez;46.52;6.02;20/08/2026;05:00;13.1;0;SOLEIL;2;48.2;0
Morez;46.52;6.02;20/08/2026;06:00;13.1;0;SOLEIL;2;43.9;0
Morez;46.52;6.02;20/08/2026;07:00;13.1;0;SOLEIL;2;37.4;0
Morez;46.52;6.02;20/08/2026;08:00;14.0;0;SOLEIL;5;33.8;0
Morez;46.52;6.02;20/08/2026;09:00;15.2;0;SOLEIL;5;36.4;0
Morez;46.52;6.02;20/08/2026;10:00;16.4;0;SOLEIL;5;41.8;0
Morez;46.52;6.02;20/08/2026;11:00;22;0;SOLEIL;4;45.7;0
Morez;46.52;6.02;20/08/2026;12:00;22;0;SOLEIL;4;45.7;0
Morez;46.52;6.02;20/08/2026;13:00;22;0;SOLEIL;4;44.6;0
Morez;46.52;6.02;20/08/2026;14:00;21.3;0;SOLEIL;5;45.4;0
Morez;46.52;6.02;20/08/2026;15:00;22.5;0;SOLEIL;5;51.8;0
Morez;46.52;6.02;20/08/2026;16:00;21.3;0;SOLEIL;5;60.8;0
Morez;46.52;6.02;20/08/2026;17:00;18.6;0;SOLEIL;2;64.8;0
Morez;46.52;6.02;20/08/2026;18:00;18.6;0;SOLEIL;2;59.0;0
Morez;46.52;6.02;20/08/2026;19:00;18.6;0;SOLEIL;2;48.6;0
Morez;46.52;6.02;20/08/2026;20:00;16.4;0;SOLEIL;5;40.7;0
Morez;46.52;6.02;20/08/2026;21:00;15.2;0;SOLEIL;5;39.2;0
Morez;46.52;6.02;20/08/2026;22:00;14.0;0;SOLEIL;5;40.3;0
Morez;46.52;6.02;20/08/2026;23:00;12.2;0;SOLEIL;1;40.0;0
Thoirette;46.27;5.53;16/08/2026;00:00;21.6;2;NUAGEUX;2;9.4;0
Thoirette;46.27;5.53;16/08/2026;01:00;21.2;2;NUAGEUX;2;8.3;0
Thoirette;46.27;5.53;16/08/2026;02:00;20.1;2;NUAGEUX;1;7.6;0
Thoirette;46.27;5.53;16/08/2026;03:00;18.5;2;NUAGEUX;0;11.9;0
Thoirette;46.27;5.53;16/08/2026;04:00;18.4;2;NUAGEUX;0;10.8;0
Thoirette;46.27;5.53;16/08/2026;05:00;19.1;2;NUAGEUX;0;5.8;0
Thoirette;46.27;5.53;16/08/2026;06:00;20.6;2;NUAGEUX;0;6.8;0
Thoirette;46.27;5.53;16/08/2026;07:00;24.1;2;NUAGEUX;0;2.5;0
Thoirette;46.27;5.53;16/08/2026;08:00;26.1;2;NUAGEUX;2;9.4;0
Thoirette;46.27;5.53;16/08/2026;09:00;28;2;NUAGEUX;1;9.0;0
Thoirette;46.27;5.53;16/08/2026;10:00;28.6;2;NUAGEUX;2;10.8;0
Thoirette;46.27;5.53;16/08/2026;11:00;30.5;2;NUAGEUX;2;15.1;0
Thoirette;46.27;5.53;16/08/2026;12:00;31.6;5;SOLEIL VOILÉ;2;18.4;0
Thoirette;46.27;5.53;16/08/2026;13:00;31.6;5;SOLEIL VOILÉ;2;15.5;0
Thoirette;46.27;5.53;16/08/2026;14:00;31.1;5;SOLEIL VOILÉ;3;21.2;0
Thoirette;46.27;5.53;16/08/2026;15:00;30.6;5;SOLEIL VOILÉ;2;27.4;0
Thoirette;46.27;5.53;16/08/2026;16:00;30;5;SOLEIL VOILÉ;2;23.8;0
Thoirette;46.27;5.53;16/08/2026;17:00;29.4;5;SOLEIL VOILÉ;2;22.7;0
Thoirette;46.27;5.53;16/08/2026;18:00;28.1;5;SOLEIL VOILÉ;2;20.9;0
Thoirette;46.27;5.53;16/08/2026;19:00;25.7;5;SOLEIL VOILÉ;2;25.6;0
Thoirette;46.27;5.53;16/08/2026;20:00;23.1;5;SOLEIL VOILÉ;1;20.2;0
Thoirette;46.27;5.53;16/08/2026;21:00;21.6;5;SOLEIL VOILÉ;0;19.8;0
Thoirette;46.27;5.53;16/08/2026;22:00;20.7;5;SOLEIL VOILÉ;2;9.7;0
Thoirette;46.27;5.53;16/08/2026;23:00;19.4;5;SOLEIL VOILÉ;1;20.2;0
Thoirette;46.27;5.53;17/08/2026;00:00;19.1;5;SOLEIL VOILÉ;0;10.4;0
Thoirette;46.27;5.53;17/08/2026;01:00;19.1;5;SOLEIL VOILÉ;0;7.2;0
Thoirette;46.27;5.53;17/08/2026;02:00;18.1;0;SOLEIL;1;5.8;0
Thoirette;46.27;5.53;17/08/2026;03:00;18.1;0;SOLEIL;1;6.7;0
Thoirette;46.27;5.53;17/08/2026;04:00;18.1;0;SOLEIL;1;7.4;0
Thoirette;46.27;5.53;17/08/2026;05:00;18.6;0;SOLEIL;1;12.4;0
Thoirette;46.27;5.53;17/08/2026;06:00;18.6;0;SOLEIL;1;12.6;0
Thoirette;46.27;5.53;17/08/2026;07:00;18.6;0;SOLEIL;1;16.6;0
Thoirette;46.27;5.53;17/08/2026;08:00;25.1;6;AVERSES;2;18.0;0
Thoirette;46.27;5.53;17/08/2026;09:00;25.1;6;AVERSES;2;13.7;0
Thoirette;46.27;5.53;17/08/2026;10:00;25.1;6;AVERSES;2;24.8;0
Thoirette;46.27;5.53;17/08/2026;11:00;27.4;6;AVERSES;3;25.6;0
Thoirette;46.27;5.53;17/08/2026;12:00;27.4;6;AVERSES;3;26.6;0
Thoirette;46.27;5.53;17/08/2026;13:00;27.4;6;AVERSES;3;16.6;0
Thoirette;46.27;5.53;17/08/2026;14:00;28.4;5;SOLEIL VOILÉ;3;33.5;0
Thoirette;46.27;5.53;17/08/2026;15:00;28.4;5;SOLEIL VOILÉ;3;34.2;0
Thoirette;46.27;5.53;17/08/2026;16:00;28.4;5;SOLEIL VOILÉ;3;26.3;0
Thoirette;46.27;5.53;17/08/2026;17:00;26.9;0;SOLEIL;2;39.6;0
Thoirette;46.27;5.53;17/08/2026;18:00;26.9;0;SOLEIL;2;38.5;0
Thoirette;46.27;5.53;17/08/2026;19:00;26.9;0;SOLEIL;2;31.3;0
Thoirette;46.27;5.53;17/08/2026;20:00;20;0;SOLEIL;2;33.5;0
Thoirette;46.27;5.53;17/08/2026;21:00;20;0;SOLEIL;2;41.8;0
Thoirette;46.27;5.53;17/08/2026;22:00;20;0;SOLEIL;2;38.2;0
Thoirette;46.27;5.53;17/08/2026;23:00;15.6;0;SOLEIL;1;31.7;0
Thoirette;46.27;5.53;18/08/2026;00:00;15.6;0;SOLEIL;1;26.6;0
Thoirette;46.27;5.53;18/08/2026;01:00;15.6;0;SOLEIL;1;22.7;0
Thoirette;46.27;5.53;18/08/2026;02:00;12.7;0;SOLEIL;1;19.1;0
Thoirette;46.27;5.53;18/08/2026;03:00;12.7;0;SOLEIL;1;19.4;0
Thoirette;46.27;5.53;18/08/2026;04:00;12.7;0;SOLEIL;1;18.7;0
Thoirette;46.27;5.53;18/08/2026;05:00;16.2;0;SOLEIL;1;16.2;0
Thoirette;46.27;5.53;18/08/2026;06:00;16.2;0;SOLEIL;1;14.0;0
Thoirette;46.27;5.53;18/08/2026;07:00;16.2;0;SOLEIL;1;13.3;0
Thoirette;46.27;5.53;18/08/2026;08:00;26.6;0;SOLEIL;2;13.7;0
Thoirette;46.27;5.53;18/08/2026;09:00;26.6;0;SOLEIL;2;15.5;0
Thoirette;46.27;5.53;18/08/2026;10:00;26.6;0;SOLEIL;2;18.4;0
Thoirette;46.27;5.53;18/08/2026;11:00;30.1;0;SOLEIL;3;20.9;0
Thoirette;46.27;5.53;18/08/2026;12:00;30.1;0;SOLEIL;3;22.3;0
Thoirette;46.27;5.53;18/08/2026;13:00;30.1;0;SOLEIL;3;23.0;0
Thoirette;46.27;5.53;18/08/2026;14:00;32.2;0;SOLEIL;3;24.1;0
Thoirette;46.27;5.53;18/08/2026;15:00;32.2;0;SOLEIL;3;25.6;0
Thoirette;46.27;5.53;18/08/2026;16:00;32.2;0;SOLEIL;3;27.4;0
Thoirette;46.27;5.53;18/08/2026;17:00;28.9;0;SOLEIL;2;27.4;0
Thoirette;46.27;5.53;18/08/2026;18:00;28.9;0;SOLEIL;2;24.8;0
Thoirette;46.27;5.53;18/08/2026;19:00;28.9;0;SOLEIL;2;20.9;0
Thoirette;46.27;5.53;18/08/2026;20:00;21.2;0;SOLEIL;5;17.6;0
Thoirette;46.27;5.53;18/08/2026;21:00;18.8;0;SOLEIL;5;15.8;0
Thoirette;46.27;5.53;18/08/2026;22:00;16.5;0;SOLEIL;5;14.4;0
Thoirette;46.27;5.53;18/08/2026;23:00;17.1;0;SOLEIL;1;13.3;0
Thoirette;46.27;5.53;19/08/2026;00:00;17.1;0;SOLEIL;1;12.6;0
Thoirette;46.27;5.53;19/08/2026;01:00;17.1;0;SOLEIL;1;12.2;0
Thoirette;46.27;5.53;19/08/2026;02:00;14.5;0;SOLEIL;5;11.9;0
Thoirette;46.27;5.53;19/08/2026;03:00;14.5;0;SOLEIL;5;11.9;0
Thoirette;46.27;5.53;19/08/2026;04:00;14.5;0;SOLEIL;5;12.2;0
Thoirette;46.27;5.53;19/08/2026;05:00;16.6;0;SOLEIL;2;12.2;0
Thoirette;46.27;5.53;19/08/2026;06:00;16.6;0;SOLEIL;2;11.9;0
Thoirette;46.27;5.53;19/08/2026;07:00;16.6;0;SOLEIL;2;11.5;0
Thoirette;46.27;5.53;19/08/2026;08:00;18.1;0;SOLEIL;5;11.5;0
Thoirette;46.27;5.53;19/08/2026;09:00;19.9;0;SOLEIL;5;11.5;0
Thoirette;46.27;5.53;19/08/2026;10:00;21.7;0;SOLEIL;5;11.9;0
Thoirette;46.27;5.53;19/08/2026;11:00;29.1;0;SOLEIL;3;13.3;0
Thoirette;46.27;5.53;19/08/2026;12:00;29.1;0;SOLEIL;3;17.3;0
Thoirette;46.27;5.53;19/08/2026;13:00;29.1;0;SOLEIL;3;22.7;0
Thoirette;46.27;5.53;19/08/2026;14:00;28.8;0;SOLEIL;5;27.4;0
Thoirette;46.27;5.53;19/08/2026;15:00;30.6;0;SOLEIL;5;30.6;0
Thoirette;46.27;5.53;19/08/2026;16:00;28.8;0;SOLEIL;5;32.8;0
Thoirette;46.27;5.53;19/08/2026;17:00;24.6;0;SOLEIL;2;33.1;0
Thoirette;46.27;5.53;19/08/2026;18:00;24.6;0;SOLEIL;2;29.5;0
Thoirette;46.27;5.53;19/08/2026;19:00;24.6;0;SOLEIL;2;24.1;0
Thoirette;46.27;5.53;19/08/2026;20:00;21.7;0;SOLEIL;5;20.5;0
Thoirette;46.27;5.53;19/08/2026;21:00;19.9;0;SOLEIL;5;20.2;0
Thoirette;46.27;5.53;19/08/2026;22:00;18.1;0;SOLEIL;5;21.6;0
Thoirette;46.27;5.53;19/08/2026;23:00;16.2;0;SOLEIL;0;25.6;0
Thoirette;46.27;5.53;20/08/2026;00:00;16.2;0;SOLEIL;0;31.4;0
Thoirette;46.27;5.53;20/08/2026;01:00;16.2;0;SOLEIL;0;37.1;0
Thoirette;46.27;5.53;20/08/2026;02:00;14.6;0;SOLEIL;5;37.2;0
Thoirette;46.27;5.53;20/08/2026;03:00;14.6;0;SOLEIL;5;31.3;0
Thoirette;46.27;5.53;20/08/2026;04:00;14.6;0;SOLEIL;5;28.8;0
Thoirette;46.27;5.53;20/08/2026;05:00;16.6;0;SOLEIL;1;25.9;0
Thoirette;46.27;5.53;20/08/2026;06:00;16.6;0;SOLEIL;1;21.2;0
Thoirette;46.27;5.53;20/08/2026;07:00;16.6;0;SOLEIL;1;15.5;0
Thoirette;46.27;5.53;20/08/2026;08:00;17.2;0;SOLEIL;5;14.0;0
Thoirette;46.27;5.53;20/08/2026;09:00;18.5;0;SOLEIL;5;21.6;0
Thoirette;46.27;5.53;20/08/2026;10:00;19.8;0;SOLEIL;5;33.1;0
Thoirette;46.27;5.53;20/08/2026;11:00;25.6;0;SOLEIL;3;39.2;0
Thoirette;46.27;5.53;20/08/2026;12:00;25.6;0;SOLEIL;3;33.1;0
Thoirette;46.27;5.53;20/08/2026;13:00;25.6;0;SOLEIL;3;21.6;0
Thoirette;46.27;5.53;20/08/2026;14:00;25.1;0;SOLEIL;5;16.6;0
Thoirette;46.27;5.53;20/08/2026;15:00;26.4;0;SOLEIL;5;27.4;0
Thoirette;46.27;5.53;20/08/2026;16:00;25.1;0;SOLEIL;5;44.6;0
Thoirette;46.27;5.53;20/08/2026;17:00;23.1;0;SOLEIL;3;53.3;0
Thoirette;46.27;5.53;20/08/2026;18:00;23.1;0;SOLEIL;3;43.6;0
Thoirette;46.27;5.53;20/08/2026;19:00;23.1;0;SOLEIL;3;25.6;0
Thoirette;46.27;5.53;20/08/2026;20:00;19.8;0;SOLEIL;5;13.7;0
Thoirette;46.27;5.53;20/08/2026;21:00;18.5;0;SOLEIL;5;16.2;0
Thoirette;46.27;5.53;20/08/2026;22:00;17.2;0;SOLEIL;5;24.5;0
Thoirette;46.27;5.53;20/08/2026;23:00;15.6;0;SOLEIL;3;29.5;0
Cosne-Cours-sur-Loire;47.41;2.92;16/08/2026;00:00;23;2;NUAGEUX;3;11.5;0
Cosne-Cours-sur-Loire;47.41;2.92;16/08/2026;01:00;23.2;2;NUAGEUX;2;11.5;0
Cosne-Cours-sur-Loire;47.41;2.92;16/08/2026;02:00;22.6;2;NUAGEUX;3;21.6;0
Cosne-Cours-sur-Loire;47.41;2.92;16/08/2026;03:00;20.4;2;NUAGEUX;3;26.3;0
Cosne-Cours-sur-Loire;47.41;2.92;16/08/2026;04:00;21.4;2;NUAGEUX;3;25.6;0
Cosne-Cours-sur-Loire;47.41;2.92;16/08/2026;05:00;20.5;2;NUAGEUX;2;12.6;0
Cosne-Cours-sur-Loire;47.41;2.92;16/08/2026;06:00;20.6;2;NUAGEUX;2;5.4;0
Cosne-Cours-sur-Loire;47.41;2.92;16/08/2026;07:00;22.9;2;NUAGEUX;2;4.0;0
Cosne-Cours-sur-Loire;47.41;2.92;16/08/2026;08:00;24.9;2;NUAGEUX;2;3.6;0
Cosne-Cours-sur-Loire;47.41;2.92;16/08/2026;09:00;27.6;2;NUAGEUX;3;6.5;0
Cosne-Cours-sur-Loire;47.41;2.92;16/08/2026;10:00;31.1;2;NUAGEUX;2;16.6;0
Cosne-Cours-sur-Loire;47.41;2.92;16/08/2026;11:00;32.9;2;NUAGEUX;2;18.4;0
Cosne-Cours-sur-Loire;47.41;2.92;16/08/2026;12:00;32.1;2;NUAGEUX;2;21.6;0
Cosne-Cours-sur-Loire;47.41;2.92;16/08/2026;13:00;30.7;0;SOLEIL;3;20.5;0
Cosne-Cours-sur-Loire;47.41;2.92;16/08/2026;14:00;31;2;NUAGEUX;4;27.4;0
Cosne-Cours-sur-Loire;47.41;2.92;16/08/2026;15:00;30.4;10;ORAGEUX;4;28.1;0
Cosne-Cours-sur-Loire;47.41;2.92;16/08/2026;16:00;30.1;10;ORAGEUX;4;43.6;0.1
Cosne-Cours-sur-Loire;47.41;2.92;16/08/2026;17:00;28.7;10;ORAGEUX;4;44.6;0.1
Cosne-Cours-sur-Loire;47.41;2.92;16/08/2026;18:00;27.1;10;ORAGEUX;4;21.2;0.1
Cosne-Cours-sur-Loire;47.41;2.92;16/08/2026;19:00;25;5;SOLEIL VOILÉ;2;19.4;0
Cosne-Cours-sur-Loire;47.41;2.92;16/08/2026;20:00;22.7;5;SOLEIL VOILÉ;3;18.4;0
Cosne-Cours-sur-Loire;47.41;2.92;16/08/2026;21:00;21.1;5;SOLEIL VOILÉ;2;11.9;0
Cosne-Cours-sur-Loire;47.41;2.92;16/08/2026;22:00;20;5;SOLEIL VOILÉ;2;4.0;0
Cosne-Cours-sur-Loire;47.41;2.92;16/08/2026;23:00;18.9;5;SOLEIL VOILÉ;2;4.0;0
Cosne-Cours-sur-Loire;47.41;2.92;17/08/2026;00:00;18.5;5;SOLEIL VOILÉ;2;4.0;0
Cosne-Cours-sur-Loire;47.41;2.92;17/08/2026;01:00;18.5;5;SOLEIL VOILÉ;2;5.4;0
Cosne-Cours-sur-Loire;47.41;2.92;17/08/2026;02:00;18.7;5;SOLEIL VOILÉ;2;4.7;0
Cosne-Cours-sur-Loire;47.41;2.92;17/08/2026;03:00;18.7;5;SOLEIL VOILÉ;2;8.7;0
Cosne-Cours-sur-Loire;47.41;2.92;17/08/2026;04:00;18.7;5;SOLEIL VOILÉ;2;7.2;0
Cosne-Cours-sur-Loire;47.41;2.92;17/08/2026;05:00;20.1;5;SOLEIL VOILÉ;2;5.0;0
Cosne-Cours-sur-Loire;47.41;2.92;17/08/2026;06:00;20.1;5;SOLEIL VOILÉ;2;7.2;0
Cosne-Cours-sur-Loire;47.41;2.92;17/08/2026;07:00;20.1;5;SOLEIL VOILÉ;2;12.6;0
Cosne-Cours-sur-Loire;47.41;2.92;17/08/2026;08:00;25.7;5;SOLEIL VOILÉ;1;19.4;0
Cosne-Cours-sur-Loire;47.41;2.92;17/08/2026;09:00;25.7;5;SOLEIL VOILÉ;1;24.5;0
Cosne-Cours-sur-Loire;47.41;2.92;17/08/2026;10:00;25.7;5;SOLEIL VOILÉ;1;27.0;0
Cosne-Cours-sur-Loire;47.41;2.92;17/08/2026;11:00;29.7;5;SOLEIL VOILÉ;3;26.3;0
Cosne-Cours-sur-Loire;47.41;2.92;17/08/2026;12:00;29.7;5;SOLEIL VOILÉ;3;25.9;0
Cosne-Cours-sur-Loire;47.41;2.92;17/08/2026;13:00;29.7;5;SOLEIL VOILÉ;3;25.2;0
Cosne-Cours-sur-Loire;47.41;2.92;17/08/2026;14:00;31.1;5;SOLEIL VOILÉ;3;26.6;0
Cosne-Cours-sur-Loire;47.41;2.92;17/08/2026;15:00;31.1;5;SOLEIL VOILÉ;3;28.8;0
Cosne-Cours-sur-Loire;47.41;2.92;17/08/2026;16:00;31.1;5;SOLEIL VOILÉ;3;29.2;0
Cosne-Cours-sur-Loire;47.41;2.92;17/08/2026;17:00;30.2;5;SOLEIL VOILÉ;3;31.0;0
Cosne-Cours-sur-Loire;47.41;2.92;17/08/2026;18:00;30.2;5;SOLEIL VOILÉ;3;31.3;0
Cosne-Cours-sur-Loire;47.41;2.92;17/08/2026;19:00;30.2;5;SOLEIL VOILÉ;3;29.5;0
Cosne-Cours-sur-Loire;47.41;2.92;17/08/2026;20:00;21.7;0;SOLEIL;2;28.8;0
Cosne-Cours-sur-Loire;47.41;2.92;17/08/2026;21:00;21.7;0;SOLEIL;2;22.7;0
Cosne-Cours-sur-Loire;47.41;2.92;17/08/2026;22:00;21.7;0;SOLEIL;2;11.2;0
Cosne-Cours-sur-Loire;47.41;2.92;17/08/2026;23:00;18.2;0;SOLEIL;3;10.4;0
Cosne-Cours-sur-Loire;47.41;2.92;18/08/2026;00:00;18.2;0;SOLEIL;3;10.4;0
Cosne-Cours-sur-Loire;47.41;2.92;18/08/2026;01:00;18.2;0;SOLEIL;3;7.9;0
Cosne-Cours-sur-Loire;47.41;2.92;18/08/2026;02:00;15.5;0;SOLEIL;2;7.9;0
Cosne-Cours-sur-Loire;47.41;2.92;18/08/2026;03:00;15.5;0;SOLEIL;2;6.1;0
Cosne-Cours-sur-Loire;47.41;2.92;18/08/2026;04:00;15.5;0;SOLEIL;2;7.2;0
Cosne-Cours-sur-Loire;47.41;2.92;18/08/2026;05:00;18.1;0;SOLEIL;2;6.1;0
Cosne-Cours-sur-Loire;47.41;2.92;18/08/2026;06:00;18.1;0;SOLEIL;2;5.4;0
Cosne-Cours-sur-Loire;47.41;2.92;18/08/2026;07:00;18.1;0;SOLEIL;2;6.8;0
Cosne-Cours-sur-Loire;47.41;2.92;18/08/2026;08:00;26;0;SOLEIL;2;5.8;0
Cosne-Cours-sur-Loire;47.41;2.92;18/08/2026;09:00;26;0;SOLEIL;2;8.3;0
Cosne-Cours-sur-Loire;47.41;2.92;18/08/2026;10:00;26;0;SOLEIL;2;12.2;0
Cosne-Cours-sur-Loire;47.41;2.92;18/08/2026;11:00;29.7;0;SOLEIL;4;15.5;0
Cosne-Cours-sur-Loire;47.41;2.92;18/08/2026;12:00;29.7;0;SOLEIL;4;18.0;0
Cosne-Cours-sur-Loire;47.41;2.92;18/08/2026;13:00;29.7;0;SOLEIL;4;20.2;0
Cosne-Cours-sur-Loire;47.41;2.92;18/08/2026;14:00;32;0;SOLEIL;4;22.0;0
Cosne-Cours-sur-Loire;47.41;2.92;18/08/2026;15:00;32;0;SOLEIL;4;23.8;0
Cosne-Cours-sur-Loire;47.41;2.92;18/08/2026;16:00;32;0;SOLEIL;4;25.2;0
Cosne-Cours-sur-Loire;47.41;2.92;18/08/2026;17:00;32.4;0;SOLEIL;4;26.3;0
Cosne-Cours-sur-Loire;47.41;2.92;18/08/2026;18:00;32.4;0;SOLEIL;4;27.4;0
Cosne-Cours-sur-Loire;47.41;2.92;18/08/2026;19:00;32.4;0;SOLEIL;4;27.7;0
Cosne-Cours-sur-Loire;47.41;2.92;18/08/2026;20:00;23.4;0;SOLEIL;5;25.9;0
Cosne-Cours-sur-Loire;47.41;2.92;18/08/2026;21:00;21.3;0;SOLEIL;5;20.2;0
Cosne-Cours-sur-Loire;47.41;2.92;18/08/2026;22:00;19.2;0;SOLEIL;5;12.6;0
Cosne-Cours-sur-Loire;47.41;2.92;18/08/2026;23:00;18.1;0;SOLEIL;2;6.5;0
Cosne-Cours-sur-Loire;47.41;2.92;19/08/2026;00:00;18.1;0;SOLEIL;2;4.0;0
Cosne-Cours-sur-Loire;47.41;2.92;19/08/2026;01:00;18.1;0;SOLEIL;2;3.6;0
Cosne-Cours-sur-Loire;47.41;2.92;19/08/2026;02:00;17.5;0;SOLEIL;5;3.2;0
Cosne-Cours-sur-Loire;47.41;2.92;19/08/2026;03:00;17.5;0;SOLEIL;5;2.5;0
Cosne-Cours-sur-Loire;47.41;2.92;19/08/2026;04:00;17.5;0;SOLEIL;5;2.2;0
Cosne-Cours-sur-Loire;47.41;2.92;19/08/2026;05:00;18.6;0;SOLEIL;3;2.2;0
Cosne-Cours-sur-Loire;47.41;2.92;19/08/2026;06:00;18.6;0;SOLEIL;3;2.9;0
Cosne-Cours-sur-Loire;47.41;2.92;19/08/2026;07:00;18.6;0;SOLEIL;3;4.3;0
Cosne-Cours-sur-Loire;47.41;2.92;19/08/2026;08:00;19.6;0;SOLEIL;5;6.8;0
Cosne-Cours-sur-Loire;47.41;2.92;19/08/2026;09:00;20.6;0;SOLEIL;5;10.4;0
Cosne-Cours-sur-Loire;47.41;2.92;19/08/2026;10:00;21.7;0;SOLEIL;5;15.1;0
Cosne-Cours-sur-Loire;47.41;2.92;19/08/2026;11:00;25.2;0;SOLEIL;4;19.4;0
Cosne-Cours-sur-Loire;47.41;2.92;19/08/2026;12:00;25.2;0;SOLEIL;4;24.1;0
Cosne-Cours-sur-Loire;47.41;2.92;19/08/2026;13:00;25.2;0;SOLEIL;4;28.4;0
Cosne-Cours-sur-Loire;47.41;2.92;19/08/2026;14:00;25.9;0;SOLEIL;5;31.7;0
Cosne-Cours-sur-Loire;47.41;2.92;19/08/2026;15:00;26.9;0;SOLEIL;5;32.8;0
Cosne-Cours-sur-Loire;47.41;2.92;19/08/2026;16:00;25.9;0;SOLEIL;5;32.4;0
Cosne-Cours-sur-Loire;47.41;2.92;19/08/2026;17:00;23.7;0;SOLEIL;4;31.7;0
Cosne-Cours-sur-Loire;47.41;2.92;19/08/2026;18:00;23.7;0;SOLEIL;4;31.3;0
Cosne-Cours-sur-Loire;47.41;2.92;19/08/2026;19:00;23.7;0;SOLEIL;4;30.2;0
Cosne-Cours-sur-Loire;47.41;2.92;19/08/2026;20:00;21.7;0;SOLEIL;5;27.7;0
Cosne-Cours-sur-Loire;47.41;2.92;19/08/2026;21:00;20.6;0;SOLEIL;5;21.2;0
Cosne-Cours-sur-Loire;47.41;2.92;19/08/2026;22:00;19.6;0;SOLEIL;5;13.3;0
Cosne-Cours-sur-Loire;47.41;2.92;19/08/2026;23:00;17.9;0;SOLEIL;2;7.6;0
Cosne-Cours-sur-Loire;47.41;2.92;20/08/2026;00:00;17.9;0;SOLEIL;2;7.5;0
Cosne-Cours-sur-Loire;47.41;2.92;20/08/2026;01:00;17.9;0;SOLEIL;2;8.8;0
Cosne-Cours-sur-Loire;47.41;2.92;20/08/2026;02:00;15;0;SOLEIL;5;9.5;0
Cosne-Cours-sur-Loire;47.41;2.92;20/08/2026;03:00;15;0;SOLEIL;5;9.0;0
Cosne-Cours-sur-Loire;47.41;2.92;20/08/2026;04:00;15;0;SOLEIL;5;9.4;0
Cosne-Cours-sur-Loire;47.41;2.92;20/08/2026;05:00;16.1;0;SOLEIL;2;9.0;0
Cosne-Cours-sur-Loire;47.41;2.92;20/08/2026;06:00;16.1;0;SOLEIL;2;7.2;0
Cosne-Cours-sur-Loire;47.41;2.92;20/08/2026;07:00;16.1;0;SOLEIL;2;4.7;0
Cosne-Cours-sur-Loire;47.41;2.92;20/08/2026;08:00;17.5;0;SOLEIL;5;4.3;0
Cosne-Cours-sur-Loire;47.41;2.92;20/08/2026;09:00;18.7;0;SOLEIL;5;7.9;0
Cosne-Cours-sur-Loire;47.41;2.92;20/08/2026;10:00;19.9;0;SOLEIL;5;13.7;0
Cosne-Cours-sur-Loire;47.41;2.92;20/08/2026;11:00;25.2;0;SOLEIL;4;18.4;0
Cosne-Cours-sur-Loire;47.41;2.92;20/08/2026;12:00;25.2;0;SOLEIL;4;21.2;0
Cosne-Cours-sur-Loire;47.41;2.92;20/08/2026;13:00;25.2;0;SOLEIL;4;23.4;0
Cosne-Cours-sur-Loire;47.41;2.92;20/08/2026;14:00;24.9;0;SOLEIL;5;23.8;0
Cosne-Cours-sur-Loire;47.41;2.92;20/08/2026;15:00;26.1;0;SOLEIL;5;21.2;0
Cosne-Cours-sur-Loire;47.41;2.92;20/08/2026;16:00;24.9;0;SOLEIL;5;16.9;0
Cosne-Cours-sur-Loire;47.41;2.92;20/08/2026;17:00;23.4;0;SOLEIL;3;13.3;0
Cosne-Cours-sur-Loire;47.41;2.92;20/08/2026;18:00;23.4;0;SOLEIL;3;11.5;0
Cosne-Cours-sur-Loire;47.41;2.92;20/08/2026;19:00;23.4;0;SOLEIL;3;10.8;0
Cosne-Cours-sur-Loire;47.41;2.92;20/08/2026;20:00;19.9;0;SOLEIL;5;9.7;0
Cosne-Cours-sur-Loire;47.41;2.92;20/08/2026;21:00;18.7;0;SOLEIL;5;8.3;0
Cosne-Cours-sur-Loire;47.41;2.92;20/08/2026;22:00;17.5;0;SOLEIL;5;6.8;0
Cosne-Cours-sur-Loire;47.41;2.92;20/08/2026;23:00;16.5;0;SOLEIL;2;5.4;0
Nevers;46.99;3.15;16/08/2026;00:00;23.1;2;NUAGEUX;3;23.8;0
Nevers;46.99;3.15;16/08/2026;01:00;22.5;2;NUAGEUX;4;23.0;0
Nevers;46.99;3.15;16/08/2026;02:00;22.6;2;NUAGEUX;3;22.3;0
Nevers;46.99;3.15;16/08/2026;03:00;22;2;NUAGEUX;3;27.0;0
Nevers;46.99;3.15;16/08/2026;04:00;22.6;2;NUAGEUX;4;38.2;0
Nevers;46.99;3.15;16/08/2026;05:00;23.2;2;NUAGEUX;2;34.2;0
Nevers;46.99;3.15;16/08/2026;06:00;23.7;2;NUAGEUX;2;23.4;0
Nevers;46.99;3.15;16/08/2026;07:00;26.1;2;NUAGEUX;2;15.1;0
Nevers;46.99;3.15;16/08/2026;08:00;26.6;2;NUAGEUX;3;14.0;0
Nevers;46.99;3.15;16/08/2026;09:00;28.5;2;NUAGEUX;2;15.5;0
Nevers;46.99;3.15;16/08/2026;10:00;30.4;2;NUAGEUX;3;13.7;0
Nevers;46.99;3.15;16/08/2026;11:00;31.1;2;NUAGEUX;2;15.5;0
Nevers;46.99;3.15;16/08/2026;12:00;31.1;2;NUAGEUX;2;23.0;0
Nevers;46.99;3.15;16/08/2026;13:00;31.6;2;NUAGEUX;4;27.4;0
Nevers;46.99;3.15;16/08/2026;14:00;32.1;0;SOLEIL;3;27.4;0
Nevers;46.99;3.15;16/08/2026;15:00;32.6;10;ORAGEUX;4;22.3;0
Nevers;46.99;3.15;16/08/2026;16:00;31.9;10;ORAGEUX;4;14.8;0.1
Nevers;46.99;3.15;16/08/2026;17:00;29.7;6;AVERSES;4;22.0;0.1
Nevers;46.99;3.15;16/08/2026;18:00;27.2;10;ORAGEUX;4;49.0;0.1
Nevers;46.99;3.15;16/08/2026;19:00;24.6;5;SOLEIL VOILÉ;3;31.3;0
Nevers;46.99;3.15;16/08/2026;20:00;22.7;5;SOLEIL VOILÉ;3;25.9;0
Nevers;46.99;3.15;16/08/2026;21:00;21.4;5;SOLEIL VOILÉ;3;18.7;0
Nevers;46.99;3.15;16/08/2026;22:00;20.6;5;SOLEIL VOILÉ;2;13.7;0
Nevers;46.99;3.15;16/08/2026;23:00;20.1;5;SOLEIL VOILÉ;2;12.6;0
Nevers;46.99;3.15;17/08/2026;00:00;19.6;5;SOLEIL VOILÉ;2;15.5;0
Nevers;46.99;3.15;17/08/2026;01:00;19.6;5;SOLEIL VOILÉ;2;7.9;0
Nevers;46.99;3.15;17/08/2026;02:00;18.6;0;SOLEIL;2;6.1;0
Nevers;46.99;3.15;17/08/2026;03:00;18.6;0;SOLEIL;2;5.2;0
Nevers;46.99;3.15;17/08/2026;04:00;18.6;0;SOLEIL;2;7.6;0
Nevers;46.99;3.15;17/08/2026;05:00;21.2;5;SOLEIL VOILÉ;2;7.1;0
Nevers;46.99;3.15;17/08/2026;06:00;21.2;5;SOLEIL VOILÉ;2;7.9;0
Nevers;46.99;3.15;17/08/2026;07:00;21.2;5;SOLEIL VOILÉ;2;8.3;0
Nevers;46.99;3.15;17/08/2026;08:00;26.6;5;SOLEIL VOILÉ;3;10.8;0
Nevers;46.99;3.15;17/08/2026;09:00;26.6;5;SOLEIL VOILÉ;3;21.6;0
Nevers;46.99;3.15;17/08/2026;10:00;26.6;5;SOLEIL VOILÉ;3;22.7;0
Nevers;46.99;3.15;17/08/2026;11:00;29.4;5;SOLEIL VOILÉ;4;23.4;0
Nevers;46.99;3.15;17/08/2026;12:00;29.4;5;SOLEIL VOILÉ;4;24.1;0
Nevers;46.99;3.15;17/08/2026;13:00;29.4;5;SOLEIL VOILÉ;4;28.4;0
Nevers;46.99;3.15;17/08/2026;14:00;32.1;5;SOLEIL VOILÉ;4;29.5;0
Nevers;46.99;3.15;17/08/2026;15:00;32.1;5;SOLEIL VOILÉ;4;30.2;0
Nevers;46.99;3.15;17/08/2026;16:00;32.1;5;SOLEIL VOILÉ;4;29.5;0
Nevers;46.99;3.15;17/08/2026;17:00;29.5;0;SOLEIL;3;30.6;0
Nevers;46.99;3.15;17/08/2026;18:00;29.5;0;SOLEIL;3;30.6;0
Nevers;46.99;3.15;17/08/2026;19:00;29.5;0;SOLEIL;3;29.9;0
Nevers;46.99;3.15;17/08/2026;20:00;22.6;0;SOLEIL;2;28.4;0
Nevers;46.99;3.15;17/08/2026;21:00;22.6;0;SOLEIL;2;19.4;0
Nevers;46.99;3.15;17/08/2026;22:00;22.6;0;SOLEIL;2;10.8;0
Nevers;46.99;3.15;17/08/2026;23:00;18.5;0;SOLEIL;2;9.7;0
Nevers;46.99;3.15;18/08/2026;00:00;18.5;0;SOLEIL;2;6.1;0
Nevers;46.99;3.15;18/08/2026;01:00;18.5;0;SOLEIL;2;8.3;0
Nevers;46.99;3.15;18/08/2026;02:00;16.2;0;SOLEIL;2;8.3;0
Nevers;46.99;3.15;18/08/2026;03:00;16.2;0;SOLEIL;2;5.0;0
Nevers;46.99;3.15;18/08/2026;04:00;16.2;0;SOLEIL;2;4.0;0
Nevers;46.99;3.15;18/08/2026;05:00;18.7;0;SOLEIL;2;4.0;0
Nevers;46.99;3.15;18/08/2026;06:00;18.7;0;SOLEIL;2;4.7;0
Nevers;46.99;3.15;18/08/2026;07:00;18.7;0;SOLEIL;2;3.6;0
Nevers;46.99;3.15;18/08/2026;08:00;25.6;0;SOLEIL;2;2.5;0
Nevers;46.99;3.15;18/08/2026;09:00;25.6;0;SOLEIL;2;6.5;0
Nevers;46.99;3.15;18/08/2026;10:00;25.6;0;SOLEIL;2;12.6;0
Nevers;46.99;3.15;18/08/2026;11:00;29.7;0;SOLEIL;4;17.3;0
Nevers;46.99;3.15;18/08/2026;12:00;29.7;0;SOLEIL;4;19.4;0
Nevers;46.99;3.15;18/08/2026;13:00;29.7;0;SOLEIL;4;20.5;0
Nevers;46.99;3.15;18/08/2026;14:00;33;0;SOLEIL;4;21.6;0
Nevers;46.99;3.15;18/08/2026;15:00;33;0;SOLEIL;4;22.7;0
Nevers;46.99;3.15;18/08/2026;16:00;33;0;SOLEIL;4;23.4;0
Nevers;46.99;3.15;18/08/2026;17:00;31.4;0;SOLEIL;4;24.1;0
Nevers;46.99;3.15;18/08/2026;18:00;31.4;0;SOLEIL;4;24.8;0
Nevers;46.99;3.15;18/08/2026;19:00;31.4;0;SOLEIL;4;25.2;0
Nevers;46.99;3.15;18/08/2026;20:00;23.7;0;SOLEIL;5;23.8;0
Nevers;46.99;3.15;18/08/2026;21:00;21.6;0;SOLEIL;5;18.7;0
Nevers;46.99;3.15;18/08/2026;22:00;19.6;0;SOLEIL;5;11.5;0
Nevers;46.99;3.15;18/08/2026;23:00;20;0;SOLEIL;4;6.1;0
Nevers;46.99;3.15;19/08/2026;00:00;20;0;SOLEIL;4;3.6;0
Nevers;46.99;3.15;19/08/2026;01:00;20;0;SOLEIL;4;2.5;0
Nevers;46.99;3.15;19/08/2026;02:00;17.7;0;SOLEIL;5;2.2;0
Nevers;46.99;3.15;19/08/2026;03:00;17.7;0;SOLEIL;5;2.9;0
Nevers;46.99;3.15;19/08/2026;04:00;17.7;0;SOLEIL;5;4.7;0
Nevers;46.99;3.15;19/08/2026;05:00;19.1;0;SOLEIL;3;6.1;0
Nevers;46.99;3.15;19/08/2026;06:00;19.1;0;SOLEIL;3;6.1;0
Nevers;46.99;3.15;19/08/2026;07:00;19.1;0;SOLEIL;3;5.8;0
Nevers;46.99;3.15;19/08/2026;08:00;20.1;0;SOLEIL;5;6.5;0
Nevers;46.99;3.15;19/08/2026;09:00;21.3;0;SOLEIL;5;9.0;0
Nevers;46.99;3.15;19/08/2026;10:00;22.5;0;SOLEIL;5;12.2;0
Nevers;46.99;3.15;19/08/2026;11:00;26.7;0;SOLEIL;4;15.8;0
Nevers;46.99;3.15;19/08/2026;12:00;26.7;0;SOLEIL;4;19.8;0
Nevers;46.99;3.15;19/08/2026;13:00;26.7;0;SOLEIL;4;24.1;0
Nevers;46.99;3.15;19/08/2026;14:00;27.3;0;SOLEIL;5;27.4;0
Nevers;46.99;3.15;19/08/2026;15:00;28.5;0;SOLEIL;5;28.8;0
Nevers;46.99;3.15;19/08/2026;16:00;27.3;0;SOLEIL;5;29.2;0
Nevers;46.99;3.15;19/08/2026;17:00;25.4;0;SOLEIL;4;29.2;0
Nevers;46.99;3.15;19/08/2026;18:00;25.4;0;SOLEIL;4;29.5;0
Nevers;46.99;3.15;19/08/2026;19:00;25.4;0;SOLEIL;4;29.5;0
Nevers;46.99;3.15;19/08/2026;20:00;22.5;0;SOLEIL;5;27.7;0
Nevers;46.99;3.15;19/08/2026;21:00;21.3;0;SOLEIL;5;22.0;0
Nevers;46.99;3.15;19/08/2026;22:00;20.1;0;SOLEIL;5;14.4;0
Nevers;46.99;3.15;19/08/2026;23:00;19;0;SOLEIL;2;8.6;0
Nevers;46.99;3.15;20/08/2026;00:00;19;0;SOLEIL;2;7.2;0
Nevers;46.99;3.15;20/08/2026;01:00;19;0;SOLEIL;2;6.8;0
Nevers;46.99;3.15;20/08/2026;02:00;16.5;0;SOLEIL;5;7.7;0
Nevers;46.99;3.15;20/08/2026;03:00;16.5;0;SOLEIL;5;14.4;0
Nevers;46.99;3.15;20/08/2026;04:00;16.5;0;SOLEIL;5;23.8;0
Nevers;46.99;3.15;20/08/2026;05:00;17.4;0;SOLEIL;3;29.5;0
Nevers;46.99;3.15;20/08/2026;06:00;17.4;0;SOLEIL;3;28.1;0
Nevers;46.99;3.15;20/08/2026;07:00;17.4;0;SOLEIL;3;23.4;0
Nevers;46.99;3.15;20/08/2026;08:00;19.0;0;SOLEIL;5;19.1;0
Nevers;46.99;3.15;20/08/2026;09:00;20.2;0;SOLEIL;5;17.3;0
Nevers;46.99;3.15;20/08/2026;10:00;21.5;0;SOLEIL;5;16.6;0
Nevers;46.99;3.15;20/08/2026;11:00;26.6;0;SOLEIL;4;15.8;0
Nevers;46.99;3.15;20/08/2026;12:00;26.6;0;SOLEIL;4;14.8;0
Nevers;46.99;3.15;20/08/2026;13:00;26.6;0;SOLEIL;4;14.0;0
Nevers;46.99;3.15;20/08/2026;14:00;26.5;0;SOLEIL;5;13.0;0
Nevers;46.99;3.15;20/08/2026;15:00;27.7;0;SOLEIL;5;11.5;0
Nevers;46.99;3.15;20/08/2026;16:00;26.5;0;SOLEIL;5;10.4;0
Nevers;46.99;3.15;20/08/2026;17:00;24.5;0;SOLEIL;3;9.4;0
Nevers;46.99;3.15;20/08/2026;18:00;24.5;0;SOLEIL;3;9.4;0
Nevers;46.99;3.15;20/08/2026;19:00;24.5;0;SOLEIL;3;10.1;0
Nevers;46.99;3.15;20/08/2026;20:00;21.5;0;SOLEIL;5;10.1;0
Nevers;46.99;3.15;20/08/2026;21:00;20.2;0;SOLEIL;5;8.6;0
Nevers;46.99;3.15;20/08/2026;22:00;19.0;0;SOLEIL;5;6.5;0
Nevers;46.99;3.15;20/08/2026;23:00;18;0;SOLEIL;3;5.0;0
Saint-Honoré-les-Bains;46.9;3.84;16/08/2026;00:00;24.1;2;NUAGEUX;2;9.7;0
Saint-Honoré-les-Bains;46.9;3.84;16/08/2026;01:00;23.9;2;NUAGEUX;3;6.5;0
Saint-Honoré-les-Bains;46.9;3.84;16/08/2026;02:00;22.5;2;NUAGEUX;2;5.8;0
Saint-Honoré-les-Bains;46.9;3.84;16/08/2026;03:00;22.2;2;NUAGEUX;2;9.0;0
Saint-Honoré-les-Bains;46.9;3.84;16/08/2026;04:00;22.1;2;NUAGEUX;2;12.6;0
Saint-Honoré-les-Bains;46.9;3.84;16/08/2026;05:00;22.6;2;NUAGEUX;2;7.2;0
Saint-Honoré-les-Bains;46.9;3.84;16/08/2026;06:00;22.9;2;NUAGEUX;2;16.9;0
Saint-Honoré-les-Bains;46.9;3.84;16/08/2026;07:00;24.5;2;NUAGEUX;3;22.3;0
Saint-Honoré-les-Bains;46.9;3.84;16/08/2026;08:00;26.9;2;NUAGEUX;2;19.8;0
Saint-Honoré-les-Bains;46.9;3.84;16/08/2026;09:00;28.9;2;NUAGEUX;2;10.1;0
Saint-Honoré-les-Bains;46.9;3.84;16/08/2026;10:00;29.7;2;NUAGEUX;2;9.7;0
Saint-Honoré-les-Bains;46.9;3.84;16/08/2026;11:00;30.6;2;NUAGEUX;2;14.0;0
Saint-Honoré-les-Bains;46.9;3.84;16/08/2026;12:00;31.1;2;NUAGEUX;3;19.1;0
Saint-Honoré-les-Bains;46.9;3.84;16/08/2026;13:00;31.5;2;NUAGEUX;3;16.6;0
Saint-Honoré-les-Bains;46.9;3.84;16/08/2026;14:00;32.5;2;NUAGEUX;4;15.8;0
Saint-Honoré-les-Bains;46.9;3.84;16/08/2026;15:00;31.1;0;SOLEIL;4;14.0;0
Saint-Honoré-les-Bains;46.9;3.84;16/08/2026;16:00;30.1;0;SOLEIL;4;13.0;0
Saint-Honoré-les-Bains;46.9;3.84;16/08/2026;17:00;28.1;0;SOLEIL;4;17.3;0
Saint-Honoré-les-Bains;46.9;3.84;16/08/2026;18:00;26.5;2;NUAGEUX;3;13.3;0
Saint-Honoré-les-Bains;46.9;3.84;16/08/2026;19:00;25.5;5;SOLEIL VOILÉ;3;21.2;0
Saint-Honoré-les-Bains;46.9;3.84;16/08/2026;20:00;24;5;SOLEIL VOILÉ;4;40.7;0
Saint-Honoré-les-Bains;46.9;3.84;16/08/2026;21:00;22.6;5;SOLEIL VOILÉ;2;8.3;0
Saint-Honoré-les-Bains;46.9;3.84;16/08/2026;22:00;21.6;6;AVERSES;2;8.6;0.1
Saint-Honoré-les-Bains;46.9;3.84;16/08/2026;23:00;20.7;5;SOLEIL VOILÉ;2;9.0;0
Saint-Honoré-les-Bains;46.9;3.84;17/08/2026;00:00;19.9;5;SOLEIL VOILÉ;0;29.9;0
Saint-Honoré-les-Bains;46.9;3.84;17/08/2026;01:00;19.9;5;SOLEIL VOILÉ;0;27.0;0
Saint-Honoré-les-Bains;46.9;3.84;17/08/2026;02:00;20.6;0;SOLEIL;1;16.2;0
Saint-Honoré-les-Bains;46.9;3.84;17/08/2026;03:00;20.6;0;SOLEIL;1;8.1;0
Saint-Honoré-les-Bains;46.9;3.84;17/08/2026;04:00;20.6;0;SOLEIL;1;4.1;0
Saint-Honoré-les-Bains;46.9;3.84;17/08/2026;05:00;21.5;5;SOLEIL VOILÉ;2;8.9;0
Saint-Honoré-les-Bains;46.9;3.84;17/08/2026;06:00;21.5;5;SOLEIL VOILÉ;2;6.5;0
Saint-Honoré-les-Bains;46.9;3.84;17/08/2026;07:00;21.5;5;SOLEIL VOILÉ;2;6.1;0
Saint-Honoré-les-Bains;46.9;3.84;17/08/2026;08:00;25.6;5;SOLEIL VOILÉ;2;5.8;0
Saint-Honoré-les-Bains;46.9;3.84;17/08/2026;09:00;25.6;5;SOLEIL VOILÉ;2;14.4;0
Saint-Honoré-les-Bains;46.9;3.84;17/08/2026;10:00;25.6;5;SOLEIL VOILÉ;2;20.5;0
Saint-Honoré-les-Bains;46.9;3.84;17/08/2026;11:00;29;5;SOLEIL VOILÉ;3;21.6;0
Saint-Honoré-les-Bains;46.9;3.84;17/08/2026;12:00;29;5;SOLEIL VOILÉ;3;28.1;0
Saint-Honoré-les-Bains;46.9;3.84;17/08/2026;13:00;29;5;SOLEIL VOILÉ;3;32.0;0
Saint-Honoré-les-Bains;46.9;3.84;17/08/2026;14:00;28.6;5;SOLEIL VOILÉ;4;34.6;0
Saint-Honoré-les-Bains;46.9;3.84;17/08/2026;15:00;28.6;5;SOLEIL VOILÉ;4;34.6;0
Saint-Honoré-les-Bains;46.9;3.84;17/08/2026;16:00;28.6;5;SOLEIL VOILÉ;4;34.9;0
Saint-Honoré-les-Bains;46.9;3.84;17/08/2026;17:00;30;0;SOLEIL;4;35.3;0
Saint-Honoré-les-Bains;46.9;3.84;17/08/2026;18:00;30;0;SOLEIL;4;34.9;0
Saint-Honoré-les-Bains;46.9;3.84;17/08/2026;19:00;30;0;SOLEIL;4;34.2;0
Saint-Honoré-les-Bains;46.9;3.84;17/08/2026;20:00;22.5;0;SOLEIL;2;34.2;0
Saint-Honoré-les-Bains;46.9;3.84;17/08/2026;21:00;22.5;0;SOLEIL;2;22.0;0
Saint-Honoré-les-Bains;46.9;3.84;17/08/2026;22:00;22.5;0;SOLEIL;2;13.7;0
Saint-Honoré-les-Bains;46.9;3.84;17/08/2026;23:00;20.9;0;SOLEIL;1;9.0;0
Saint-Honoré-les-Bains;46.9;3.84;18/08/2026;00:00;20.9;0;SOLEIL;1;7.6;0
Saint-Honoré-les-Bains;46.9;3.84;18/08/2026;01:00;20.9;0;SOLEIL;1;6.1;0
Saint-Honoré-les-Bains;46.9;3.84;18/08/2026;02:00;19.1;0;SOLEIL;1;7.2;0
Saint-Honoré-les-Bains;46.9;3.84;18/08/2026;03:00;19.1;0;SOLEIL;1;6.8;0
Saint-Honoré-les-Bains;46.9;3.84;18/08/2026;04:00;19.1;0;SOLEIL;1;6.8;0
Saint-Honoré-les-Bains;46.9;3.84;18/08/2026;05:00;19;0;SOLEIL;1;5.0;0
Saint-Honoré-les-Bains;46.9;3.84;18/08/2026;06:00;19;0;SOLEIL;1;4.3;0
Saint-Honoré-les-Bains;46.9;3.84;18/08/2026;07:00;19;0;SOLEIL;1;4.0;0
Saint-Honoré-les-Bains;46.9;3.84;18/08/2026;08:00;26.1;0;SOLEIL;2;2.5;0
Saint-Honoré-les-Bains;46.9;3.84;18/08/2026;09:00;26.1;0;SOLEIL;2;6.1;0
Saint-Honoré-les-Bains;46.9;3.84;18/08/2026;10:00;26.1;0;SOLEIL;2;11.2;0
Saint-Honoré-les-Bains;46.9;3.84;18/08/2026;11:00;29;0;SOLEIL;4;15.8;0
Saint-Honoré-les-Bains;46.9;3.84;18/08/2026;12:00;29;0;SOLEIL;4;19.4;0
Saint-Honoré-les-Bains;46.9;3.84;18/08/2026;13:00;29;0;SOLEIL;4;22.3;0
Saint-Honoré-les-Bains;46.9;3.84;18/08/2026;14:00;31.2;0;SOLEIL;4;24.5;0
Saint-Honoré-les-Bains;46.9;3.84;18/08/2026;15:00;31.2;0;SOLEIL;4;25.9;0
Saint-Honoré-les-Bains;46.9;3.84;18/08/2026;16:00;31.2;0;SOLEIL;4;26.6;0
Saint-Honoré-les-Bains;46.9;3.84;18/08/2026;17:00;30;0;SOLEIL;3;26.6;0
Saint-Honoré-les-Bains;46.9;3.84;18/08/2026;18:00;30;0;SOLEIL;3;26.3;0
Saint-Honoré-les-Bains;46.9;3.84;18/08/2026;19:00;30;0;SOLEIL;3;24.8;0
Saint-Honoré-les-Bains;46.9;3.84;18/08/2026;20:00;24.5;0;SOLEIL;5;22.0;0
Saint-Honoré-les-Bains;46.9;3.84;18/08/2026;21:00;22.9;0;SOLEIL;5;15.8;0
Saint-Honoré-les-Bains;46.9;3.84;18/08/2026;22:00;21.3;0;SOLEIL;5;8.3;0
Saint-Honoré-les-Bains;46.9;3.84;18/08/2026;23:00;21.1;0;SOLEIL;3;2.9;0
Saint-Honoré-les-Bains;46.9;3.84;19/08/2026;00:00;21.1;0;SOLEIL;3;2.2;0
Saint-Honoré-les-Bains;46.9;3.84;19/08/2026;01:00;21.1;0;SOLEIL;3;3.6;0
Saint-Honoré-les-Bains;46.9;3.84;19/08/2026;02:00;18.4;0;SOLEIL;5;4.7;0
Saint-Honoré-les-Bains;46.9;3.84;19/08/2026;03:00;18.4;0;SOLEIL;5;4.3;0
Saint-Honoré-les-Bains;46.9;3.84;19/08/2026;04:00;18.4;0;SOLEIL;5;4.0;0
Saint-Honoré-les-Bains;46.9;3.84;19/08/2026;05:00;19.2;0;SOLEIL;3;3.6;0
Saint-Honoré-les-Bains;46.9;3.84;19/08/2026;06:00;19.2;0;SOLEIL;3;3.6;0
Saint-Honoré-les-Bains;46.9;3.84;19/08/2026;07:00;19.2;0;SOLEIL;3;4.0;0
Saint-Honoré-les-Bains;46.9;3.84;19/08/2026;08:00;20.6;0;SOLEIL;5;5.4;0
Saint-Honoré-les-Bains;46.9;3.84;19/08/2026;09:00;21.7;0;SOLEIL;5;8.6;0
Saint-Honoré-les-Bains;46.9;3.84;19/08/2026;10:00;22.8;0;SOLEIL;5;12.6;0
Saint-Honoré-les-Bains;46.9;3.84;19/08/2026;11:00;26.4;0;SOLEIL;5;16.2;0
Saint-Honoré-les-Bains;46.9;3.84;19/08/2026;12:00;26.4;0;SOLEIL;5;19.1;0
Saint-Honoré-les-Bains;46.9;3.84;19/08/2026;13:00;26.4;0;SOLEIL;5;21.2;0
Saint-Honoré-les-Bains;46.9;3.84;19/08/2026;14:00;27.3;0;SOLEIL;5;23.4;0
Saint-Honoré-les-Bains;46.9;3.84;19/08/2026;15:00;28.4;0;SOLEIL;5;25.6;0
Saint-Honoré-les-Bains;46.9;3.84;19/08/2026;16:00;27.3;0;SOLEIL;5;27.4;0
Saint-Honoré-les-Bains;46.9;3.84;19/08/2026;17:00;24.5;0;SOLEIL;3;28.4;0
Saint-Honoré-les-Bains;46.9;3.84;19/08/2026;18:00;24.5;0;SOLEIL;3;29.5;0
Saint-Honoré-les-Bains;46.9;3.84;19/08/2026;19:00;24.5;0;SOLEIL;3;29.9;0
Saint-Honoré-les-Bains;46.9;3.84;19/08/2026;20:00;22.8;0;SOLEIL;5;27.7;0
Saint-Honoré-les-Bains;46.9;3.84;19/08/2026;21:00;21.7;0;SOLEIL;5;20.2;0
Saint-Honoré-les-Bains;46.9;3.84;19/08/2026;22:00;20.6;0;SOLEIL;5;10.1;0
Saint-Honoré-les-Bains;46.9;3.84;19/08/2026;23:00;18.4;0;SOLEIL;2;4.7;0
Saint-Honoré-les-Bains;46.9;3.84;20/08/2026;00:00;18.4;0;SOLEIL;2;8.3;0
Saint-Honoré-les-Bains;46.9;3.84;20/08/2026;01:00;18.4;0;SOLEIL;2;15.3;0
Saint-Honoré-les-Bains;46.9;3.84;20/08/2026;02:00;16.1;0;SOLEIL;5;20.2;0
Saint-Honoré-les-Bains;46.9;3.84;20/08/2026;03:00;16.1;0;SOLEIL;5;22.0;0
Saint-Honoré-les-Bains;46.9;3.84;20/08/2026;04:00;16.1;0;SOLEIL;5;23.0;0
Saint-Honoré-les-Bains;46.9;3.84;20/08/2026;05:00;16.7;0;SOLEIL;2;23.0;0
Saint-Honoré-les-Bains;46.9;3.84;20/08/2026;06:00;16.7;0;SOLEIL;2;20.9;0
Saint-Honoré-les-Bains;46.9;3.84;20/08/2026;07:00;16.7;0;SOLEIL;2;17.3;0
Saint-Honoré-les-Bains;46.9;3.84;20/08/2026;08:00;18.3;0;SOLEIL;5;14.4;0
Saint-Honoré-les-Bains;46.9;3.84;20/08/2026;09:00;19.5;0;SOLEIL;5;12.6;0
Saint-Honoré-les-Bains;46.9;3.84;20/08/2026;10:00;20.6;0;SOLEIL;5;11.5;0
Saint-Honoré-les-Bains;46.9;3.84;20/08/2026;11:00;25.2;0;SOLEIL;4;10.8;0
Saint-Honoré-les-Bains;46.9;3.84;20/08/2026;12:00;25.2;0;SOLEIL;4;9.7;0
Saint-Honoré-les-Bains;46.9;3.84;20/08/2026;13:00;25.2;0;SOLEIL;4;9.0;0
Saint-Honoré-les-Bains;46.9;3.84;20/08/2026;14:00;25.1;0;SOLEIL;5;10.1;0
Saint-Honoré-les-Bains;46.9;3.84;20/08/2026;15:00;26.2;0;SOLEIL;5;14.4;0
Saint-Honoré-les-Bains;46.9;3.84;20/08/2026;16:00;25.1;0;SOLEIL;5;20.2;0
Saint-Honoré-les-Bains;46.9;3.84;20/08/2026;17:00;22.9;0;SOLEIL;3;23.8;0
Saint-Honoré-les-Bains;46.9;3.84;20/08/2026;18:00;22.9;0;SOLEIL;3;24.1;0
Saint-Honoré-les-Bains;46.9;3.84;20/08/2026;19:00;22.9;0;SOLEIL;3;22.0;0
Saint-Honoré-les-Bains;46.9;3.84;20/08/2026;20:00;20.6;0;SOLEIL;5;19.1;0
Saint-Honoré-les-Bains;46.9;3.84;20/08/2026;21:00;19.5;0;SOLEIL;5;13.7;0
Saint-Honoré-les-Bains;46.9;3.84;20/08/2026;22:00;18.3;0;SOLEIL;5;7.2;0
Saint-Honoré-les-Bains;46.9;3.84;20/08/2026;23:00;17.9;0;SOLEIL;2;4.0;0
Varzy;47.35;3.39;16/08/2026;00:00;20.9;2;NUAGEUX;3;11.5;0
Varzy;47.35;3.39;16/08/2026;01:00;21.9;2;NUAGEUX;2;8.6;0
Varzy;47.35;3.39;16/08/2026;02:00;22;2;NUAGEUX;3;15.1;0
Varzy;47.35;3.39;16/08/2026;03:00;21.2;2;NUAGEUX;3;16.9;0
Varzy;47.35;3.39;16/08/2026;04:00;21.9;2;NUAGEUX;3;22.7;0
Varzy;47.35;3.39;16/08/2026;05:00;22.1;2;NUAGEUX;3;29.9;0
Varzy;47.35;3.39;16/08/2026;06:00;21;2;NUAGEUX;3;18.0;0
Varzy;47.35;3.39;16/08/2026;07:00;23.4;2;NUAGEUX;1;9.4;0
Varzy;47.35;3.39;16/08/2026;08:00;24.9;2;NUAGEUX;2;9.7;0
Varzy;47.35;3.39;16/08/2026;09:00;28;2;NUAGEUX;3;11.5;0
Varzy;47.35;3.39;16/08/2026;10:00;31.6;2;NUAGEUX;3;8.3;0
Varzy;47.35;3.39;16/08/2026;11:00;32.9;2;NUAGEUX;2;4.7;0
Varzy;47.35;3.39;16/08/2026;12:00;32.9;2;NUAGEUX;3;7.2;0
Varzy;47.35;3.39;16/08/2026;13:00;30.1;2;NUAGEUX;4;17.6;0
Varzy;47.35;3.39;16/08/2026;14:00;28.6;2;NUAGEUX;3;21.2;0
Varzy;47.35;3.39;16/08/2026;15:00;30.2;10;ORAGEUX;3;19.8;0
Varzy;47.35;3.39;16/08/2026;16:00;30;10;ORAGEUX;4;23.0;0.1
Varzy;47.35;3.39;16/08/2026;17:00;29.5;10;ORAGEUX;4;27.0;0.1
Varzy;47.35;3.39;16/08/2026;18:00;28.1;6;AVERSES;4;37.8;0.1
Varzy;47.35;3.39;16/08/2026;19:00;25.6;5;SOLEIL VOILÉ;3;22.0;0
Varzy;47.35;3.39;16/08/2026;20:00;22.5;5;SOLEIL VOILÉ;2;11.2;0
Varzy;47.35;3.39;16/08/2026;21:00;19.9;5;SOLEIL VOILÉ;2;7.2;0
Varzy;47.35;3.39;16/08/2026;22:00;18.1;5;SOLEIL VOILÉ;2;6.1;0
Varzy;47.35;3.39;16/08/2026;23:00;17.1;5;SOLEIL VOILÉ;2;7.9;0
Varzy;47.35;3.39;17/08/2026;00:00;17;5;SOLEIL VOILÉ;2;8.3;0
Varzy;47.35;3.39;17/08/2026;01:00;17;5;SOLEIL VOILÉ;2;9.4;0
Varzy;47.35;3.39;17/08/2026;02:00;17.5;0;SOLEIL;2;9.0;0
Varzy;47.35;3.39;17/08/2026;03:00;17.5;0;SOLEIL;2;12.2;0
Varzy;47.35;3.39;17/08/2026;04:00;17.5;0;SOLEIL;2;9.2;0
Varzy;47.35;3.39;17/08/2026;05:00;19.1;5;SOLEIL VOILÉ;2;8.2;0
Varzy;47.35;3.39;17/08/2026;06:00;19.1;5;SOLEIL VOILÉ;2;8.6;0
Varzy;47.35;3.39;17/08/2026;07:00;19.1;5;SOLEIL VOILÉ;2;10.1;0
Varzy;47.35;3.39;17/08/2026;08:00;26.2;5;SOLEIL VOILÉ;2;19.8;0
Varzy;47.35;3.39;17/08/2026;09:00;26.2;5;SOLEIL VOILÉ;2;20.9;0
Varzy;47.35;3.39;17/08/2026;10:00;26.2;5;SOLEIL VOILÉ;2;22.3;0
Varzy;47.35;3.39;17/08/2026;11:00;28.5;5;SOLEIL VOILÉ;3;22.3;0
Varzy;47.35;3.39;17/08/2026;12:00;28.5;5;SOLEIL VOILÉ;3;23.8;0
Varzy;47.35;3.39;17/08/2026;13:00;28.5;5;SOLEIL VOILÉ;3;28.4;0
Varzy;47.35;3.39;17/08/2026;14:00;29.4;5;SOLEIL VOILÉ;4;28.8;0
Varzy;47.35;3.39;17/08/2026;15:00;29.4;5;SOLEIL VOILÉ;4;28.8;0
Varzy;47.35;3.39;17/08/2026;16:00;29.4;5;SOLEIL VOILÉ;4;29.9;0
Varzy;47.35;3.39;17/08/2026;17:00;30.6;0;SOLEIL;3;31.0;0
Varzy;47.35;3.39;17/08/2026;18:00;30.6;0;SOLEIL;3;32.0;0
Varzy;47.35;3.39;17/08/2026;19:00;30.6;0;SOLEIL;3;27.0;0
Varzy;47.35;3.39;17/08/2026;20:00;19.6;0;SOLEIL;2;22.7;0
Varzy;47.35;3.39;17/08/2026;21:00;19.6;0;SOLEIL;2;21.6;0
Varzy;47.35;3.39;17/08/2026;22:00;19.6;0;SOLEIL;2;13.0;0
Varzy;47.35;3.39;17/08/2026;23:00;16;0;SOLEIL;1;7.6;0
Varzy;47.35;3.39;18/08/2026;00:00;16;0;SOLEIL;1;8.3;0
Varzy;47.35;3.39;18/08/2026;01:00;16;0;SOLEIL;1;5.8;0
Varzy;47.35;3.39;18/08/2026;02:00;14;0;SOLEIL;2;4.7;0
Varzy;47.35;3.39;18/08/2026;03:00;14;0;SOLEIL;2;4.7;0
Varzy;47.35;3.39;18/08/2026;04:00;14;0;SOLEIL;2;4.3;0
Varzy;47.35;3.39;18/08/2026;05:00;16.6;0;SOLEIL;0;6.5;0
Varzy;47.35;3.39;18/08/2026;06:00;16.6;0;SOLEIL;0;7.2;0
Varzy;47.35;3.39;18/08/2026;07:00;16.6;0;SOLEIL;0;7.6;0
Varzy;47.35;3.39;18/08/2026;08:00;26.5;0;SOLEIL;3;7.6;0
Varzy;47.35;3.39;18/08/2026;09:00;26.5;0;SOLEIL;3;11.2;0
Varzy;47.35;3.39;18/08/2026;10:00;26.5;0;SOLEIL;3;15.8;0
Varzy;47.35;3.39;18/08/2026;11:00;28.5;0;SOLEIL;4;19.8;0
Varzy;47.35;3.39;18/08/2026;12:00;28.5;0;SOLEIL;4;21.2;0
Varzy;47.35;3.39;18/08/2026;13:00;28.5;0;SOLEIL;4;22.0;0
Varzy;47.35;3.39;18/08/2026;14:00;32;0;SOLEIL;4;22.7;0
Varzy;47.35;3.39;18/08/2026;15:00;32;0;SOLEIL;4;24.1;0
Varzy;47.35;3.39;18/08/2026;16:00;32;0;SOLEIL;4;25.9;0
Varzy;47.35;3.39;18/08/2026;17:00;31.6;0;SOLEIL;3;27.0;0
Varzy;47.35;3.39;18/08/2026;18:00;31.6;0;SOLEIL;3;27.0;0
Varzy;47.35;3.39;18/08/2026;19:00;31.6;0;SOLEIL;3;25.9;0
Varzy;47.35;3.39;18/08/2026;20:00;22.3;0;SOLEIL;5;23.8;0
Varzy;47.35;3.39;18/08/2026;21:00;20.1;0;SOLEIL;5;19.1;0
Varzy;47.35;3.39;18/08/2026;22:00;17.9;0;SOLEIL;5;12.6;0
Varzy;47.35;3.39;18/08/2026;23:00;16;0;SOLEIL;2;8.3;0
Varzy;47.35;3.39;19/08/2026;00:00;16;0;SOLEIL;2;7.2;0
Varzy;47.35;3.39;19/08/2026;01:00;16;0;SOLEIL;2;8.3;0
Varzy;47.35;3.39;19/08/2026;02:00;16.7;0;SOLEIL;5;9.0;0
Varzy;47.35;3.39;19/08/2026;03:00;16.7;0;SOLEIL;5;9.0;0
Varzy;47.35;3.39;19/08/2026;04:00;16.7;0;SOLEIL;5;8.6;0
Varzy;47.35;3.39;19/08/2026;05:00;18.4;0;SOLEIL;3;8.6;0
Varzy;47.35;3.39;19/08/2026;06:00;18.4;0;SOLEIL;3;7.9;0
Varzy;47.35;3.39;19/08/2026;07:00;18.4;0;SOLEIL;3;7.2;0
Varzy;47.35;3.39;19/08/2026;08:00;18.9;0;SOLEIL;5;8.3;0
Varzy;47.35;3.39;19/08/2026;09:00;20.0;0;SOLEIL;5;12.2;0
Varzy;47.35;3.39;19/08/2026;10:00;21.1;0;SOLEIL;5;18.0;0
Varzy;47.35;3.39;19/08/2026;11:00;24.9;0;SOLEIL;4;23.4;0
Varzy;47.35;3.39;19/08/2026;12:00;24.9;0;SOLEIL;4;27.7;0
Varzy;47.35;3.39;19/08/2026;13:00;24.9;0;SOLEIL;4;31.7;0
Varzy;47.35;3.39;19/08/2026;14:00;25.5;0;SOLEIL;5;34.2;0
Varzy;47.35;3.39;19/08/2026;15:00;26.6;0;SOLEIL;5;34.6;0
Varzy;47.35;3.39;19/08/2026;16:00;25.5;0;SOLEIL;5;33.5;0
Varzy;47.35;3.39;19/08/2026;17:00;23.1;0;SOLEIL;3;32.4;0
Varzy;47.35;3.39;19/08/2026;18:00;23.1;0;SOLEIL;3;32.0;0
Varzy;47.35;3.39;19/08/2026;19:00;23.1;0;SOLEIL;3;31.0;0
Varzy;47.35;3.39;19/08/2026;20:00;21.1;0;SOLEIL;5;28.8;0
Varzy;47.35;3.39;19/08/2026;21:00;20.0;0;SOLEIL;5;23.0;0
Varzy;47.35;3.39;19/08/2026;22:00;18.9;0;SOLEIL;5;15.8;0
Varzy;47.35;3.39;19/08/2026;23:00;16.7;0;SOLEIL;3;10.8;0
Varzy;47.35;3.39;20/08/2026;00:00;16.7;0;SOLEIL;3;8.9;0
Varzy;47.35;3.39;20/08/2026;01:00;16.7;0;SOLEIL;3;9.2;0
Varzy;47.35;3.39;20/08/2026;02:00;14.6;0;SOLEIL;5;9.5;0
Varzy;47.35;3.39;20/08/2026;03:00;14.6;0;SOLEIL;5;9.0;0
Varzy;47.35;3.39;20/08/2026;04:00;14.6;0;SOLEIL;5;9.0;0
Varzy;47.35;3.39;20/08/2026;05:00;15.6;0;SOLEIL;3;10.1;0
Varzy;47.35;3.39;20/08/2026;06:00;15.6;0;SOLEIL;3;12.6;0
Varzy;47.35;3.39;20/08/2026;07:00;15.6;0;SOLEIL;3;16.2;0
Varzy;47.35;3.39;20/08/2026;08:00;17.3;0;SOLEIL;5;19.1;0
Varzy;47.35;3.39;20/08/2026;09:00;18.6;0;SOLEIL;5;21.6;0
Varzy;47.35;3.39;20/08/2026;10:00;20.0;0;SOLEIL;5;24.1;0
Varzy;47.35;3.39;20/08/2026;11:00;25.7;0;SOLEIL;4;24.8;0
Varzy;47.35;3.39;20/08/2026;12:00;25.7;0;SOLEIL;4;23.4;0
Varzy;47.35;3.39;20/08/2026;13:00;25.7;0;SOLEIL;4;20.9;0
Varzy;47.35;3.39;20/08/2026;14:00;25.4;0;SOLEIL;5;18.0;0
Varzy;47.35;3.39;20/08/2026;15:00;26.7;0;SOLEIL;5;15.5;0
Varzy;47.35;3.39;20/08/2026;16:00;25.4;0;SOLEIL;5;12.6;0
Varzy;47.35;3.39;20/08/2026;17:00;23;0;SOLEIL;3;10.8;0
Varzy;47.35;3.39;20/08/2026;18:00;23;0;SOLEIL;3;10.4;0
Varzy;47.35;3.39;20/08/2026;19:00;23;0;SOLEIL;3;10.4;0
Varzy;47.35;3.39;20/08/2026;20:00;20.0;0;SOLEIL;5;10.1;0
Varzy;47.35;3.39;20/08/2026;21:00;18.6;0;SOLEIL;5;7.6;0
Varzy;47.35;3.39;20/08/2026;22:00;17.3;0;SOLEIL;5;4.3;0
Varzy;47.35;3.39;20/08/2026;23:00;15.1;0;SOLEIL;3;2.2;0
Ainvelle;47.84;6.25;16/08/2026;00:00;23.7;5;SOLEIL VOILÉ;3;4.0;0
Ainvelle;47.84;6.25;16/08/2026;01:00;23.6;5;SOLEIL VOILÉ;3;3.2;0
Ainvelle;47.84;6.25;16/08/2026;02:00;24.2;2;NUAGEUX;3;5.4;0
Ainvelle;47.84;6.25;16/08/2026;03:00;23.2;2;NUAGEUX;2;6.1;0
Ainvelle;47.84;6.25;16/08/2026;04:00;23;2;NUAGEUX;3;5.0;0
Ainvelle;47.84;6.25;16/08/2026;05:00;23.2;2;NUAGEUX;2;7.2;0
Ainvelle;47.84;6.25;16/08/2026;06:00;24.1;2;NUAGEUX;2;26.6;0
Ainvelle;47.84;6.25;16/08/2026;07:00;25.1;2;NUAGEUX;2;23.4;0
Ainvelle;47.84;6.25;16/08/2026;08:00;27.4;2;NUAGEUX;2;18.0;0
Ainvelle;47.84;6.25;16/08/2026;09:00;27.9;2;NUAGEUX;2;21.2;0
Ainvelle;47.84;6.25;16/08/2026;10:00;28.4;2;NUAGEUX;2;15.5;0
Ainvelle;47.84;6.25;16/08/2026;11:00;28.9;2;NUAGEUX;2;9.7;0
Ainvelle;47.84;6.25;16/08/2026;12:00;29.6;2;NUAGEUX;3;12.2;0
Ainvelle;47.84;6.25;16/08/2026;13:00;30.6;2;NUAGEUX;2;7.6;0
Ainvelle;47.84;6.25;16/08/2026;14:00;30.6;2;NUAGEUX;3;8.3;0
Ainvelle;47.84;6.25;16/08/2026;15:00;30.7;2;NUAGEUX;4;12.2;0
Ainvelle;47.84;6.25;16/08/2026;16:00;31.4;2;NUAGEUX;3;7.9;0
Ainvelle;47.84;6.25;16/08/2026;17:00;30.5;2;NUAGEUX;3;6.1;0
Ainvelle;47.84;6.25;16/08/2026;18:00;28.6;2;NUAGEUX;3;7.2;0
Ainvelle;47.84;6.25;16/08/2026;19:00;26.6;2;NUAGEUX;1;4.3;0
Ainvelle;47.84;6.25;16/08/2026;20:00;24.9;2;NUAGEUX;2;6.8;0
Ainvelle;47.84;6.25;16/08/2026;21:00;23.4;5;SOLEIL VOILÉ;2;5.8;0
Ainvelle;47.84;6.25;16/08/2026;22:00;22.5;5;SOLEIL VOILÉ;2;5.4;0
Ainvelle;47.84;6.25;16/08/2026;23:00;21.5;5;SOLEIL VOILÉ;0;5.4;0
Ainvelle;47.84;6.25;17/08/2026;00:00;20.1;5;SOLEIL VOILÉ;0;5.8;0
Ainvelle;47.84;6.25;17/08/2026;01:00;20.1;5;SOLEIL VOILÉ;0;5.0;0
Ainvelle;47.84;6.25;17/08/2026;02:00;19.5;6;AVERSES;1;4.3;0
Ainvelle;47.84;6.25;17/08/2026;03:00;19.5;6;AVERSES;1;6.8;0
Ainvelle;47.84;6.25;17/08/2026;04:00;19.5;6;AVERSES;1;10.6;0
Ainvelle;47.84;6.25;17/08/2026;05:00;19.5;5;SOLEIL VOILÉ;1;9.2;0
Ainvelle;47.84;6.25;17/08/2026;06:00;19.5;5;SOLEIL VOILÉ;1;12.2;0
Ainvelle;47.84;6.25;17/08/2026;07:00;19.5;5;SOLEIL VOILÉ;1;11.9;0
Ainvelle;47.84;6.25;17/08/2026;08:00;22.6;5;SOLEIL VOILÉ;2;11.9;0
Ainvelle;47.84;6.25;17/08/2026;09:00;22.6;5;SOLEIL VOILÉ;2;14.8;0
Ainvelle;47.84;6.25;17/08/2026;10:00;22.6;5;SOLEIL VOILÉ;2;20.9;0
Ainvelle;47.84;6.25;17/08/2026;11:00;26.5;5;SOLEIL VOILÉ;3;24.1;0
Ainvelle;47.84;6.25;17/08/2026;12:00;26.5;5;SOLEIL VOILÉ;3;24.5;0
Ainvelle;47.84;6.25;17/08/2026;13:00;26.5;5;SOLEIL VOILÉ;3;21.2;0
Ainvelle;47.84;6.25;17/08/2026;14:00;30;5;SOLEIL VOILÉ;3;22.3;0
Ainvelle;47.84;6.25;17/08/2026;15:00;30;5;SOLEIL VOILÉ;3;22.0;0
Ainvelle;47.84;6.25;17/08/2026;16:00;30;5;SOLEIL VOILÉ;3;20.9;0
Ainvelle;47.84;6.25;17/08/2026;17:00;26.9;0;SOLEIL;3;23.0;0
Ainvelle;47.84;6.25;17/08/2026;18:00;26.9;0;SOLEIL;3;24.1;0
Ainvelle;47.84;6.25;17/08/2026;19:00;26.9;0;SOLEIL;3;23.0;0
Ainvelle;47.84;6.25;17/08/2026;20:00;21.5;0;SOLEIL;2;23.4;0
Ainvelle;47.84;6.25;17/08/2026;21:00;21.5;0;SOLEIL;2;10.1;0
Ainvelle;47.84;6.25;17/08/2026;22:00;21.5;0;SOLEIL;2;8.6;0
Ainvelle;47.84;6.25;17/08/2026;23:00;18;0;SOLEIL;1;8.3;0
Ainvelle;47.84;6.25;18/08/2026;00:00;18;0;SOLEIL;1;6.8;0
Ainvelle;47.84;6.25;18/08/2026;01:00;18;0;SOLEIL;1;6.1;0
Ainvelle;47.84;6.25;18/08/2026;02:00;16.1;0;SOLEIL;0;5.8;0
Ainvelle;47.84;6.25;18/08/2026;03:00;16.1;0;SOLEIL;0;5.0;0
Ainvelle;47.84;6.25;18/08/2026;04:00;16.1;0;SOLEIL;0;3.2;0
Ainvelle;47.84;6.25;18/08/2026;05:00;17.4;0;SOLEIL;1;3.2;0
Ainvelle;47.84;6.25;18/08/2026;06:00;17.4;0;SOLEIL;1;2.9;0
Ainvelle;47.84;6.25;18/08/2026;07:00;17.4;0;SOLEIL;1;1.4;0
Ainvelle;47.84;6.25;18/08/2026;08:00;25.6;0;SOLEIL;2;7.2;0
Ainvelle;47.84;6.25;18/08/2026;09:00;25.6;0;SOLEIL;2;8.6;0
Ainvelle;47.84;6.25;18/08/2026;10:00;25.6;0;SOLEIL;2;10.1;0
Ainvelle;47.84;6.25;18/08/2026;11:00;28.7;0;SOLEIL;3;12.2;0
Ainvelle;47.84;6.25;18/08/2026;12:00;28.7;0;SOLEIL;3;15.5;0
Ainvelle;47.84;6.25;18/08/2026;13:00;28.7;0;SOLEIL;3;19.4;0
Ainvelle;47.84;6.25;18/08/2026;14:00;32.2;0;SOLEIL;4;22.3;0
Ainvelle;47.84;6.25;18/08/2026;15:00;32.2;0;SOLEIL;4;23.4;0
Ainvelle;47.84;6.25;18/08/2026;16:00;32.2;0;SOLEIL;4;23.0;0
Ainvelle;47.84;6.25;18/08/2026;17:00;29.6;0;SOLEIL;4;21.6;0
Ainvelle;47.84;6.25;18/08/2026;18:00;29.6;0;SOLEIL;4;18.4;0
Ainvelle;47.84;6.25;18/08/2026;19:00;29.6;0;SOLEIL;4;14.4;0
Ainvelle;47.84;6.25;18/08/2026;20:00;23.3;0;SOLEIL;5;10.8;0
Ainvelle;47.84;6.25;18/08/2026;21:00;21.3;0;SOLEIL;5;8.6;0
Ainvelle;47.84;6.25;18/08/2026;22:00;19.4;0;SOLEIL;5;7.2;0
Ainvelle;47.84;6.25;18/08/2026;23:00;18.4;0;SOLEIL;3;6.1;0
Ainvelle;47.84;6.25;19/08/2026;00:00;18.4;0;SOLEIL;3;5.4;0
Ainvelle;47.84;6.25;19/08/2026;01:00;18.4;0;SOLEIL;3;5.4;0
Ainvelle;47.84;6.25;19/08/2026;02:00;16.4;0;SOLEIL;5;5.4;0
Ainvelle;47.84;6.25;19/08/2026;03:00;16.4;0;SOLEIL;5;5.4;0
Ainvelle;47.84;6.25;19/08/2026;04:00;16.4;0;SOLEIL;5;5.4;0
Ainvelle;47.84;6.25;19/08/2026;05:00;18.1;0;SOLEIL;3;5.4;0
Ainvelle;47.84;6.25;19/08/2026;06:00;18.1;0;SOLEIL;3;5.0;0
Ainvelle;47.84;6.25;19/08/2026;07:00;18.1;0;SOLEIL;3;4.3;0
Ainvelle;47.84;6.25;19/08/2026;08:00;18.8;0;SOLEIL;5;5.0;0
Ainvelle;47.84;6.25;19/08/2026;09:00;20.0;0;SOLEIL;5;7.2;0
Ainvelle;47.84;6.25;19/08/2026;10:00;21.2;0;SOLEIL;5;10.4;0
Ainvelle;47.84;6.25;19/08/2026;11:00;24.9;0;SOLEIL;5;14.0;0
Ainvelle;47.84;6.25;19/08/2026;12:00;24.9;0;SOLEIL;5;18.4;0
Ainvelle;47.84;6.25;19/08/2026;13:00;24.9;0;SOLEIL;5;23.0;0
Ainvelle;47.84;6.25;19/08/2026;14:00;25.9;0;SOLEIL;5;25.9;0
Ainvelle;47.84;6.25;19/08/2026;15:00;27.1;0;SOLEIL;5;25.2;0
Ainvelle;47.84;6.25;19/08/2026;16:00;25.9;0;SOLEIL;5;22.3;0
Ainvelle;47.84;6.25;19/08/2026;17:00;22.7;0;SOLEIL;3;19.4;0
Ainvelle;47.84;6.25;19/08/2026;18:00;22.7;0;SOLEIL;3;16.9;0
Ainvelle;47.84;6.25;19/08/2026;19:00;22.7;0;SOLEIL;3;14.4;0
Ainvelle;47.84;6.25;19/08/2026;20:00;21.2;0;SOLEIL;5;12.2;0
Ainvelle;47.84;6.25;19/08/2026;21:00;20.0;0;SOLEIL;5;9.7;0
Ainvelle;47.84;6.25;19/08/2026;22:00;18.8;0;SOLEIL;5;7.6;0
Ainvelle;47.84;6.25;19/08/2026;23:00;16.1;0;SOLEIL;2;7.2;0
Ainvelle;47.84;6.25;20/08/2026;00:00;16.1;0;SOLEIL;2;10.3;0
Ainvelle;47.84;6.25;20/08/2026;01:00;16.1;0;SOLEIL;2;11.7;0
Ainvelle;47.84;6.25;20/08/2026;02:00;14.2;0;SOLEIL;5;9.6;0
Ainvelle;47.84;6.25;20/08/2026;03:00;14.2;0;SOLEIL;5;5.8;0
Ainvelle;47.84;6.25;20/08/2026;04:00;14.2;0;SOLEIL;5;6.5;0
Ainvelle;47.84;6.25;20/08/2026;05:00;15.5;0;SOLEIL;2;7.6;0
Ainvelle;47.84;6.25;20/08/2026;06:00;15.5;0;SOLEIL;2;9.0;0
Ainvelle;47.84;6.25;20/08/2026;07:00;15.5;0;SOLEIL;2;10.8;0
Ainvelle;47.84;6.25;20/08/2026;08:00;16.5;0;SOLEIL;5;13.3;0
Ainvelle;47.84;6.25;20/08/2026;09:00;17.7;0;SOLEIL;5;17.6;0
Ainvelle;47.84;6.25;20/08/2026;10:00;18.8;0;SOLEIL;5;22.3;0
Ainvelle;47.84;6.25;20/08/2026;11:00;23.7;7;PLUIE FAIBLE;4;24.8;0
Ainvelle;47.84;6.25;20/08/2026;12:00;23.7;7;PLUIE FAIBLE;4;23.0;0
Ainvelle;47.84;6.25;20/08/2026;13:00;23.7;7;PLUIE FAIBLE;4;19.1;0
Ainvelle;47.84;6.25;20/08/2026;14:00;23.4;0;SOLEIL;5;15.5;0
Ainvelle;47.84;6.25;20/08/2026;15:00;24.6;0;SOLEIL;5;13.3;0
Ainvelle;47.84;6.25;20/08/2026;16:00;23.4;0;SOLEIL;5;11.5;0
Ainvelle;47.84;6.25;20/08/2026;17:00;21.6;0;SOLEIL;2;9.7;0
Ainvelle;47.84;6.25;20/08/2026;18:00;21.6;0;SOLEIL;2;7.9;0
Ainvelle;47.84;6.25;20/08/2026;19:00;21.6;0;SOLEIL;2;6.5;0
Ainvelle;47.84;6.25;20/08/2026;20:00;18.8;0;SOLEIL;5;5.4;0
Ainvelle;47.84;6.25;20/08/2026;21:00;17.7;0;SOLEIL;5;5.4;0
Ainvelle;47.84;6.25;20/08/2026;22:00;16.5;0;SOLEIL;5;5.8;0
Ainvelle;47.84;6.25;20/08/2026;23:00;14.7;0;SOLEIL;3;6.1;0
Nantilly;47.44;5.54;16/08/2026;00:00;25.1;2;NUAGEUX;4;6.1;0
Nantilly;47.44;5.54;16/08/2026;01:00;25.1;2;NUAGEUX;3;6.8;0
Nantilly;47.44;5.54;16/08/2026;02:00;24.9;2;NUAGEUX;3;6.8;0
Nantilly;47.44;5.54;16/08/2026;03:00;24.2;2;NUAGEUX;3;8.6;0
Nantilly;47.44;5.54;16/08/2026;04:00;24.1;2;NUAGEUX;3;8.6;0
Nantilly;47.44;5.54;16/08/2026;05:00;24;2;NUAGEUX;2;7.9;0
Nantilly;47.44;5.54;16/08/2026;06:00;24.7;2;NUAGEUX;3;11.5;0
Nantilly;47.44;5.54;16/08/2026;07:00;25.9;2;NUAGEUX;2;22.7;0
Nantilly;47.44;5.54;16/08/2026;08:00;27.1;2;NUAGEUX;2;11.5;0
Nantilly;47.44;5.54;16/08/2026;09:00;27.9;2;NUAGEUX;3;18.7;0
Nantilly;47.44;5.54;16/08/2026;10:00;28.9;2;NUAGEUX;2;19.1;0
Nantilly;47.44;5.54;16/08/2026;11:00;29.5;2;NUAGEUX;3;18.4;0
Nantilly;47.44;5.54;16/08/2026;12:00;30.6;2;NUAGEUX;3;18.7;0
Nantilly;47.44;5.54;16/08/2026;13:00;31.2;2;NUAGEUX;3;12.6;0
Nantilly;47.44;5.54;16/08/2026;14:00;30.1;2;NUAGEUX;2;18.4;0
Nantilly;47.44;5.54;16/08/2026;15:00;29.6;2;NUAGEUX;4;18.0;0
Nantilly;47.44;5.54;16/08/2026;16:00;29.5;2;NUAGEUX;3;17.6;0
Nantilly;47.44;5.54;16/08/2026;17:00;29;2;NUAGEUX;4;15.5;0
Nantilly;47.44;5.54;16/08/2026;18:00;28.5;2;NUAGEUX;3;14.0;0
Nantilly;47.44;5.54;16/08/2026;19:00;27.2;6;AVERSES;3;7.9;0.1
Nantilly;47.44;5.54;16/08/2026;20:00;25.5;5;SOLEIL VOILÉ;3;9.7;0
Nantilly;47.44;5.54;16/08/2026;21:00;23.9;5;SOLEIL VOILÉ;2;13.7;0
Nantilly;47.44;5.54;16/08/2026;22:00;22.9;5;SOLEIL VOILÉ;2;7.9;0
Nantilly;47.44;5.54;16/08/2026;23:00;22.1;5;SOLEIL VOILÉ;2;4.0;0
Nantilly;47.44;5.54;17/08/2026;00:00;21.6;5;SOLEIL VOILÉ;2;2.2;0
Nantilly;47.44;5.54;17/08/2026;01:00;21.6;5;SOLEIL VOILÉ;2;2.5;0
Nantilly;47.44;5.54;17/08/2026;02:00;20.9;5;SOLEIL VOILÉ;2;4.0;0
Nantilly;47.44;5.54;17/08/2026;03:00;20.9;5;SOLEIL VOILÉ;2;5.8;0
Nantilly;47.44;5.54;17/08/2026;04:00;20.9;5;SOLEIL VOILÉ;2;8.1;0
Nantilly;47.44;5.54;17/08/2026;05:00;20.9;5;SOLEIL VOILÉ;2;7.1;0
Nantilly;47.44;5.54;17/08/2026;06:00;20.9;5;SOLEIL VOILÉ;2;9.4;0
Nantilly;47.44;5.54;17/08/2026;07:00;20.9;5;SOLEIL VOILÉ;2;11.2;0
Nantilly;47.44;5.54;17/08/2026;08:00;24.7;5;SOLEIL VOILÉ;2;15.1;0
Nantilly;47.44;5.54;17/08/2026;09:00;24.7;5;SOLEIL VOILÉ;2;20.5;0
Nantilly;47.44;5.54;17/08/2026;10:00;24.7;5;SOLEIL VOILÉ;2;20.5;0
Nantilly;47.44;5.54;17/08/2026;11:00;28.5;5;SOLEIL VOILÉ;3;21.6;0
Nantilly;47.44;5.54;17/08/2026;12:00;28.5;5;SOLEIL VOILÉ;3;16.2;0
Nantilly;47.44;5.54;17/08/2026;13:00;28.5;5;SOLEIL VOILÉ;3;20.2;0
Nantilly;47.44;5.54;17/08/2026;14:00;29.6;5;SOLEIL VOILÉ;4;23.8;0
Nantilly;47.44;5.54;17/08/2026;15:00;29.6;5;SOLEIL VOILÉ;4;27.0;0
Nantilly;47.44;5.54;17/08/2026;16:00;29.6;5;SOLEIL VOILÉ;4;29.2;0
Nantilly;47.44;5.54;17/08/2026;17:00;27.1;0;SOLEIL;3;29.2;0
Nantilly;47.44;5.54;17/08/2026;18:00;27.1;0;SOLEIL;3;28.1;0
Nantilly;47.44;5.54;17/08/2026;19:00;27.1;0;SOLEIL;3;28.1;0
Nantilly;47.44;5.54;17/08/2026;20:00;21.9;0;SOLEIL;2;23.0;0
Nantilly;47.44;5.54;17/08/2026;21:00;21.9;0;SOLEIL;2;22.3;0
Nantilly;47.44;5.54;17/08/2026;22:00;21.9;0;SOLEIL;2;8.6;0
Nantilly;47.44;5.54;17/08/2026;23:00;19.2;0;SOLEIL;2;6.1;0
Nantilly;47.44;5.54;18/08/2026;00:00;19.2;0;SOLEIL;2;3.2;0
Nantilly;47.44;5.54;18/08/2026;01:00;19.2;0;SOLEIL;2;3.6;0
Nantilly;47.44;5.54;18/08/2026;02:00;17.6;0;SOLEIL;0;4.0;0
Nantilly;47.44;5.54;18/08/2026;03:00;17.6;0;SOLEIL;0;3.6;0
Nantilly;47.44;5.54;18/08/2026;04:00;17.6;0;SOLEIL;0;2.2;0
Nantilly;47.44;5.54;18/08/2026;05:00;19.1;0;SOLEIL;1;2.5;0
Nantilly;47.44;5.54;18/08/2026;06:00;19.1;0;SOLEIL;1;2.5;0
Nantilly;47.44;5.54;18/08/2026;07:00;19.1;0;SOLEIL;1;2.5;0
Nantilly;47.44;5.54;18/08/2026;08:00;25.1;0;SOLEIL;2;4.0;0
Nantilly;47.44;5.54;18/08/2026;09:00;25.1;0;SOLEIL;2;6.5;0
Nantilly;47.44;5.54;18/08/2026;10:00;25.1;0;SOLEIL;2;10.1;0
Nantilly;47.44;5.54;18/08/2026;11:00;28.7;0;SOLEIL;4;13.0;0
Nantilly;47.44;5.54;18/08/2026;12:00;28.7;0;SOLEIL;4;14.8;0
Nantilly;47.44;5.54;18/08/2026;13:00;28.7;0;SOLEIL;4;16.2;0
Nantilly;47.44;5.54;18/08/2026;14:00;32.4;0;SOLEIL;4;17.3;0
Nantilly;47.44;5.54;18/08/2026;15:00;32.4;0;SOLEIL;4;18.7;0
Nantilly;47.44;5.54;18/08/2026;16:00;32.4;0;SOLEIL;4;19.8;0
Nantilly;47.44;5.54;18/08/2026;17:00;30.6;0;SOLEIL;3;19.8;0
Nantilly;47.44;5.54;18/08/2026;18:00;30.6;0;SOLEIL;3;18.4;0
Nantilly;47.44;5.54;18/08/2026;19:00;30.6;0;SOLEIL;3;15.8;0
Nantilly;47.44;5.54;18/08/2026;20:00;24.2;0;SOLEIL;5;13.3;0
Nantilly;47.44;5.54;18/08/2026;21:00;22.4;0;SOLEIL;5;11.5;0
Nantilly;47.44;5.54;18/08/2026;22:00;20.6;0;SOLEIL;5;9.7;0
Nantilly;47.44;5.54;18/08/2026;23:00;21.1;0;SOLEIL;3;8.3;0
Nantilly;47.44;5.54;19/08/2026;00:00;21.1;0;SOLEIL;3;7.2;0
Nantilly;47.44;5.54;19/08/2026;01:00;21.1;0;SOLEIL;3;6.5;0
Nantilly;47.44;5.54;19/08/2026;02:00;17.1;0;SOLEIL;5;5.8;0
Nantilly;47.44;5.54;19/08/2026;03:00;17.1;0;SOLEIL;5;5.4;0
Nantilly;47.44;5.54;19/08/2026;04:00;17.1;0;SOLEIL;5;4.7;0
Nantilly;47.44;5.54;19/08/2026;05:00;18.7;0;SOLEIL;3;4.7;0
Nantilly;47.44;5.54;19/08/2026;06:00;18.7;0;SOLEIL;3;4.3;0
Nantilly;47.44;5.54;19/08/2026;07:00;18.7;0;SOLEIL;3;4.3;0
Nantilly;47.44;5.54;19/08/2026;08:00;19.7;0;SOLEIL;5;5.4;0
Nantilly;47.44;5.54;19/08/2026;09:00;21.0;0;SOLEIL;5;8.3;0
Nantilly;47.44;5.54;19/08/2026;10:00;22.3;0;SOLEIL;5;12.2;0
Nantilly;47.44;5.54;19/08/2026;11:00;26.9;0;SOLEIL;4;15.8;0
Nantilly;47.44;5.54;19/08/2026;12:00;26.9;0;SOLEIL;4;18.0;0
Nantilly;47.44;5.54;19/08/2026;13:00;26.9;0;SOLEIL;4;19.4;0
Nantilly;47.44;5.54;19/08/2026;14:00;27.4;0;SOLEIL;5;21.2;0
Nantilly;47.44;5.54;19/08/2026;15:00;28.7;0;SOLEIL;5;23.8;0
Nantilly;47.44;5.54;19/08/2026;16:00;27.4;0;SOLEIL;5;26.3;0
Nantilly;47.44;5.54;19/08/2026;17:00;24.1;0;SOLEIL;3;27.7;0
Nantilly;47.44;5.54;19/08/2026;18:00;24.1;0;SOLEIL;3;27.0;0
Nantilly;47.44;5.54;19/08/2026;19:00;24.1;0;SOLEIL;3;24.8;0
Nantilly;47.44;5.54;19/08/2026;20:00;22.3;0;SOLEIL;5;22.0;0
Nantilly;47.44;5.54;19/08/2026;21:00;21.0;0;SOLEIL;5;17.3;0
Nantilly;47.44;5.54;19/08/2026;22:00;19.7;0;SOLEIL;5;11.2;0
Nantilly;47.44;5.54;19/08/2026;23:00;17.4;0;SOLEIL;2;7.2;0
Nantilly;47.44;5.54;20/08/2026;00:00;17.4;0;SOLEIL;2;6.3;0
Nantilly;47.44;5.54;20/08/2026;01:00;17.4;0;SOLEIL;2;6.8;0
Nantilly;47.44;5.54;20/08/2026;02:00;15.2;0;SOLEIL;5;8.3;0
Nantilly;47.44;5.54;20/08/2026;03:00;15.2;0;SOLEIL;5;13.3;0
Nantilly;47.44;5.54;20/08/2026;04:00;15.2;0;SOLEIL;5;20.2;0
Nantilly;47.44;5.54;20/08/2026;05:00;16.2;0;SOLEIL;2;25.2;0
Nantilly;47.44;5.54;20/08/2026;06:00;16.2;0;SOLEIL;2;27.0;0
Nantilly;47.44;5.54;20/08/2026;07:00;16.2;0;SOLEIL;2;26.6;0
Nantilly;47.44;5.54;20/08/2026;08:00;17.5;0;SOLEIL;5;25.9;0
Nantilly;47.44;5.54;20/08/2026;09:00;18.7;0;SOLEIL;5;24.8;0
Nantilly;47.44;5.54;20/08/2026;10:00;19.9;0;SOLEIL;5;22.7;0
Nantilly;47.44;5.54;20/08/2026;11:00;25;7;PLUIE FAIBLE;4;20.5;0
Nantilly;47.44;5.54;20/08/2026;12:00;25;7;PLUIE FAIBLE;4;17.3;0
Nantilly;47.44;5.54;20/08/2026;13:00;25;7;PLUIE FAIBLE;4;13.3;0
Nantilly;47.44;5.54;20/08/2026;14:00;24.5;0;SOLEIL;5;11.5;0
Nantilly;47.44;5.54;20/08/2026;15:00;25.7;0;SOLEIL;5;13.3;0
Nantilly;47.44;5.54;20/08/2026;16:00;24.5;0;SOLEIL;5;17.3;0
Nantilly;47.44;5.54;20/08/2026;17:00;23.1;0;SOLEIL;3;18.7;0
Nantilly;47.44;5.54;20/08/2026;18:00;23.1;0;SOLEIL;3;15.5;0
Nantilly;47.44;5.54;20/08/2026;19:00;23.1;0;SOLEIL;3;10.4;0
Nantilly;47.44;5.54;20/08/2026;20:00;19.9;0;SOLEIL;5;6.5;0
Nantilly;47.44;5.54;20/08/2026;21:00;18.7;0;SOLEIL;5;5.4;0
Nantilly;47.44;5.54;20/08/2026;22:00;17.5;0;SOLEIL;5;5.4;0
Nantilly;47.44;5.54;20/08/2026;23:00;16.6;0;SOLEIL;2;5.8;0
Vesoul;47.62;6.15;16/08/2026;00:00;25.7;5;SOLEIL VOILÉ;2;6.1;0
Vesoul;47.62;6.15;16/08/2026;01:00;25.4;5;SOLEIL VOILÉ;2;8.3;0
Vesoul;47.62;6.15;16/08/2026;02:00;25.4;2;NUAGEUX;2;7.2;0
Vesoul;47.62;6.15;16/08/2026;03:00;24.4;2;NUAGEUX;2;5.8;0
Vesoul;47.62;6.15;16/08/2026;04:00;23.9;2;NUAGEUX;2;7.9;0
Vesoul;47.62;6.15;16/08/2026;05:00;23.7;2;NUAGEUX;2;11.5;0
Vesoul;47.62;6.15;16/08/2026;06:00;24.2;2;NUAGEUX;2;18.4;0
Vesoul;47.62;6.15;16/08/2026;07:00;25.7;2;NUAGEUX;2;21.6;0
Vesoul;47.62;6.15;16/08/2026;08:00;27.1;2;NUAGEUX;2;19.1;0
Vesoul;47.62;6.15;16/08/2026;09:00;28.2;2;NUAGEUX;3;27.0;0
Vesoul;47.62;6.15;16/08/2026;10:00;29.1;2;NUAGEUX;3;26.6;0
Vesoul;47.62;6.15;16/08/2026;11:00;28.7;2;NUAGEUX;3;13.3;0
Vesoul;47.62;6.15;16/08/2026;12:00;29.4;2;NUAGEUX;2;14.0;0
Vesoul;47.62;6.15;16/08/2026;13:00;29.6;2;NUAGEUX;3;11.9;0
Vesoul;47.62;6.15;16/08/2026;14:00;30.6;2;NUAGEUX;3;9.4;0
Vesoul;47.62;6.15;16/08/2026;15:00;30.1;2;NUAGEUX;3;15.1;0
Vesoul;47.62;6.15;16/08/2026;16:00;30.9;2;NUAGEUX;5;18.4;0
Vesoul;47.62;6.15;16/08/2026;17:00;30.5;2;NUAGEUX;3;15.1;0
Vesoul;47.62;6.15;16/08/2026;18:00;29;2;NUAGEUX;3;20.5;0
Vesoul;47.62;6.15;16/08/2026;19:00;27.1;2;NUAGEUX;3;20.5;0
Vesoul;47.62;6.15;16/08/2026;20:00;25.6;2;NUAGEUX;2;11.2;0
Vesoul;47.62;6.15;16/08/2026;21:00;24.1;5;SOLEIL VOILÉ;2;8.3;0
Vesoul;47.62;6.15;16/08/2026;22:00;23.1;5;SOLEIL VOILÉ;2;9.4;0
Vesoul;47.62;6.15;16/08/2026;23:00;22.5;5;SOLEIL VOILÉ;1;12.2;0
Vesoul;47.62;6.15;17/08/2026;00:00;21.9;5;SOLEIL VOILÉ;2;12.2;0
Vesoul;47.62;6.15;17/08/2026;01:00;21.9;5;SOLEIL VOILÉ;2;9.0;0
Vesoul;47.62;6.15;17/08/2026;02:00;21.1;6;AVERSES;2;9.0;0
Vesoul;47.62;6.15;17/08/2026;03:00;21.1;6;AVERSES;2;10.4;0
Vesoul;47.62;6.15;17/08/2026;04:00;21.1;6;AVERSES;2;11.3;0
Vesoul;47.62;6.15;17/08/2026;05:00;20.2;5;SOLEIL VOILÉ;2;17.1;0
Vesoul;47.62;6.15;17/08/2026;06:00;20.2;5;SOLEIL VOILÉ;2;16.2;0
Vesoul;47.62;6.15;17/08/2026;07:00;20.2;5;SOLEIL VOILÉ;2;13.3;0
Vesoul;47.62;6.15;17/08/2026;08:00;24.2;5;SOLEIL VOILÉ;2;21.2;0
Vesoul;47.62;6.15;17/08/2026;09:00;24.2;5;SOLEIL VOILÉ;2;25.9;0
Vesoul;47.62;6.15;17/08/2026;10:00;24.2;5;SOLEIL VOILÉ;2;23.0;0
Vesoul;47.62;6.15;17/08/2026;11:00;26.5;5;SOLEIL VOILÉ;3;22.3;0
Vesoul;47.62;6.15;17/08/2026;12:00;26.5;5;SOLEIL VOILÉ;3;22.0;0
Vesoul;47.62;6.15;17/08/2026;13:00;26.5;5;SOLEIL VOILÉ;3;21.6;0
Vesoul;47.62;6.15;17/08/2026;14:00;30.6;5;SOLEIL VOILÉ;3;26.3;0
Vesoul;47.62;6.15;17/08/2026;15:00;30.6;5;SOLEIL VOILÉ;3;26.6;0
Vesoul;47.62;6.15;17/08/2026;16:00;30.6;5;SOLEIL VOILÉ;3;20.5;0
Vesoul;47.62;6.15;17/08/2026;17:00;26.4;0;SOLEIL;3;23.4;0
Vesoul;47.62;6.15;17/08/2026;18:00;26.4;0;SOLEIL;3;26.6;0
Vesoul;47.62;6.15;17/08/2026;19:00;26.4;0;SOLEIL;3;26.3;0
Vesoul;47.62;6.15;17/08/2026;20:00;21.4;0;SOLEIL;2;19.4;0
Vesoul;47.62;6.15;17/08/2026;21:00;21.4;0;SOLEIL;2;15.8;0
Vesoul;47.62;6.15;17/08/2026;22:00;21.4;0;SOLEIL;2;8.6;0
Vesoul;47.62;6.15;17/08/2026;23:00;19.2;0;SOLEIL;1;9.4;0
Vesoul;47.62;6.15;18/08/2026;00:00;19.2;0;SOLEIL;1;6.1;0
Vesoul;47.62;6.15;18/08/2026;01:00;19.2;0;SOLEIL;1;5.4;0
Vesoul;47.62;6.15;18/08/2026;02:00;17.9;0;SOLEIL;1;5.4;0
Vesoul;47.62;6.15;18/08/2026;03:00;17.9;0;SOLEIL;1;4.7;0
Vesoul;47.62;6.15;18/08/2026;04:00;17.9;0;SOLEIL;1;5.0;0
Vesoul;47.62;6.15;18/08/2026;05:00;18.7;0;SOLEIL;1;4.7;0
Vesoul;47.62;6.15;18/08/2026;06:00;18.7;0;SOLEIL;1;6.1;0
Vesoul;47.62;6.15;18/08/2026;07:00;18.7;0;SOLEIL;1;6.1;0
Vesoul;47.62;6.15;18/08/2026;08:00;25;0;SOLEIL;2;6.5;0
Vesoul;47.62;6.15;18/08/2026;09:00;25;0;SOLEIL;2;8.3;0
Vesoul;47.62;6.15;18/08/2026;10:00;25;0;SOLEIL;2;10.8;0
Vesoul;47.62;6.15;18/08/2026;11:00;28;0;SOLEIL;3;13.0;0
Vesoul;47.62;6.15;18/08/2026;12:00;28;0;SOLEIL;3;15.1;0
Vesoul;47.62;6.15;18/08/2026;13:00;28;0;SOLEIL;3;17.6;0
Vesoul;47.62;6.15;18/08/2026;14:00;32.2;0;SOLEIL;3;19.1;0
Vesoul;47.62;6.15;18/08/2026;15:00;32.2;0;SOLEIL;3;19.8;0
Vesoul;47.62;6.15;18/08/2026;16:00;32.2;0;SOLEIL;3;19.8;0
Vesoul;47.62;6.15;18/08/2026;17:00;30.7;0;SOLEIL;4;19.4;0
Vesoul;47.62;6.15;18/08/2026;18:00;30.7;0;SOLEIL;4;18.0;0
Vesoul;47.62;6.15;18/08/2026;19:00;30.7;0;SOLEIL;4;15.8;0
Vesoul;47.62;6.15;18/08/2026;20:00;24.5;0;SOLEIL;5;14.0;0
Vesoul;47.62;6.15;18/08/2026;21:00;22.7;0;SOLEIL;5;12.6;0
Vesoul;47.62;6.15;18/08/2026;22:00;20.9;0;SOLEIL;5;11.2;0
Vesoul;47.62;6.15;18/08/2026;23:00;22;0;SOLEIL;3;10.1;0
Vesoul;47.62;6.15;19/08/2026;00:00;22;0;SOLEIL;3;9.7;0
Vesoul;47.62;6.15;19/08/2026;01:00;22;0;SOLEIL;3;9.7;0
Vesoul;47.62;6.15;19/08/2026;02:00;18.6;0;SOLEIL;5;9.7;0
Vesoul;47.62;6.15;19/08/2026;03:00;18.6;0;SOLEIL;5;9.0;0
Vesoul;47.62;6.15;19/08/2026;04:00;18.6;0;SOLEIL;5;7.9;0
Vesoul;47.62;6.15;19/08/2026;05:00;20.9;0;SOLEIL;3;7.2;0
Vesoul;47.62;6.15;19/08/2026;06:00;20.9;0;SOLEIL;3;7.2;0
Vesoul;47.62;6.15;19/08/2026;07:00;20.9;0;SOLEIL;3;7.9;0
Vesoul;47.62;6.15;19/08/2026;08:00;20.9;0;SOLEIL;5;9.4;0
Vesoul;47.62;6.15;19/08/2026;09:00;22.1;0;SOLEIL;5;11.9;0
Vesoul;47.62;6.15;19/08/2026;10:00;23.3;0;SOLEIL;5;15.5;0
Vesoul;47.62;6.15;19/08/2026;11:00;27.6;0;SOLEIL;5;18.4;0
Vesoul;47.62;6.15;19/08/2026;12:00;27.6;0;SOLEIL;5;21.2;0
Vesoul;47.62;6.15;19/08/2026;13:00;27.6;0;SOLEIL;5;23.8;0
Vesoul;47.62;6.15;19/08/2026;14:00;27.9;0;SOLEIL;5;24.5;0
Vesoul;47.62;6.15;19/08/2026;15:00;29.1;0;SOLEIL;5;22.3;0
Vesoul;47.62;6.15;19/08/2026;16:00;27.9;0;SOLEIL;5;18.7;0
Vesoul;47.62;6.15;19/08/2026;17:00;25.1;0;SOLEIL;3;16.6;0
Vesoul;47.62;6.15;19/08/2026;18:00;25.1;0;SOLEIL;3;17.6;0
Vesoul;47.62;6.15;19/08/2026;19:00;25.1;0;SOLEIL;3;20.5;0
Vesoul;47.62;6.15;19/08/2026;20:00;23.3;0;SOLEIL;5;21.6;0
Vesoul;47.62;6.15;19/08/2026;21:00;22.1;0;SOLEIL;5;19.4;0
Vesoul;47.62;6.15;19/08/2026;22:00;20.9;0;SOLEIL;5;15.5;0
Vesoul;47.62;6.15;19/08/2026;23:00;19.6;0;SOLEIL;2;12.6;0
Vesoul;47.62;6.15;20/08/2026;00:00;19.6;0;SOLEIL;2;12.0;0
Vesoul;47.62;6.15;20/08/2026;01:00;19.6;0;SOLEIL;2;12.4;0
Vesoul;47.62;6.15;20/08/2026;02:00;16.9;0;SOLEIL;5;14.1;0
Vesoul;47.62;6.15;20/08/2026;03:00;16.9;0;SOLEIL;5;19.1;0
Vesoul;47.62;6.15;20/08/2026;04:00;16.9;0;SOLEIL;5;24.8;0
Vesoul;47.62;6.15;20/08/2026;05:00;18;0;SOLEIL;2;29.2;0
Vesoul;47.62;6.15;20/08/2026;06:00;18;0;SOLEIL;2;31.7;0
Vesoul;47.62;6.15;20/08/2026;07:00;18;0;SOLEIL;2;32.8;0
Vesoul;47.62;6.15;20/08/2026;08:00;19.0;0;SOLEIL;5;33.1;0
Vesoul;47.62;6.15;20/08/2026;09:00;20.1;0;SOLEIL;5;32.8;0
Vesoul;47.62;6.15;20/08/2026;10:00;21.1;0;SOLEIL;5;31.7;0
Vesoul;47.62;6.15;20/08/2026;11:00;25.6;7;PLUIE FAIBLE;4;29.2;0
Vesoul;47.62;6.15;20/08/2026;12:00;25.6;7;PLUIE FAIBLE;4;23.8;0
Vesoul;47.62;6.15;20/08/2026;13:00;25.6;7;PLUIE FAIBLE;4;16.9;0
Vesoul;47.62;6.15;20/08/2026;14:00;25.3;0;SOLEIL;5;11.9;0
Vesoul;47.62;6.15;20/08/2026;15:00;26.4;0;SOLEIL;5;10.1;0
Vesoul;47.62;6.15;20/08/2026;16:00;25.3;0;SOLEIL;5;10.1;0
Vesoul;47.62;6.15;20/08/2026;17:00;23.9;0;SOLEIL;2;10.1;0
Vesoul;47.62;6.15;20/08/2026;18:00;23.9;0;SOLEIL;2;9.4;0
Vesoul;47.62;6.15;20/08/2026;19:00;23.9;0;SOLEIL;2;9.0;0
Vesoul;47.62;6.15;20/08/2026;20:00;21.1;0;SOLEIL;5;8.3;0
Vesoul;47.62;6.15;20/08/2026;21:00;20.1;0;SOLEIL;5;7.2;0
Vesoul;47.62;6.15;20/08/2026;22:00;19.0;0;SOLEIL;5;6.1;0
Vesoul;47.62;6.15;20/08/2026;23:00;18.7;0;SOLEIL;3;6.1;0
Autun;46.95;4.29;16/08/2026;00:00;22.2;2;NUAGEUX;2;5.4;0
Autun;46.95;4.29;16/08/2026;01:00;21.7;2;NUAGEUX;3;7.2;0
Autun;46.95;4.29;16/08/2026;02:00;21.1;2;NUAGEUX;2;5.8;0
Autun;46.95;4.29;16/08/2026;03:00;18.7;2;NUAGEUX;2;5.4;0
Autun;46.95;4.29;16/08/2026;04:00;19.9;2;NUAGEUX;2;10.8;0
Autun;46.95;4.29;16/08/2026;05:00;19.6;2;NUAGEUX;2;15.8;0
Autun;46.95;4.29;16/08/2026;06:00;20.5;2;NUAGEUX;1;11.5;0
Autun;46.95;4.29;16/08/2026;07:00;24.4;2;NUAGEUX;2;12.2;0
Autun;46.95;4.29;16/08/2026;08:00;26.9;2;NUAGEUX;2;11.9;0
Autun;46.95;4.29;16/08/2026;09:00;28;2;NUAGEUX;2;14.8;0
Autun;46.95;4.29;16/08/2026;10:00;29.7;2;NUAGEUX;2;15.5;0
Autun;46.95;4.29;16/08/2026;11:00;30.1;2;NUAGEUX;2;13.7;0
Autun;46.95;4.29;16/08/2026;12:00;30.6;2;NUAGEUX;1;21.2;0
Autun;46.95;4.29;16/08/2026;13:00;30.4;2;NUAGEUX;2;19.8;0
Autun;46.95;4.29;16/08/2026;14:00;31;2;NUAGEUX;2;10.4;0
Autun;46.95;4.29;16/08/2026;15:00;31;0;SOLEIL;3;11.9;0
Autun;46.95;4.29;16/08/2026;16:00;30.1;0;SOLEIL;2;11.9;0
Autun;46.95;4.29;16/08/2026;17:00;28.4;10;ORAGEUX;4;15.5;0
Autun;46.95;4.29;16/08/2026;18:00;26.7;10;ORAGEUX;1;15.8;0
Autun;46.95;4.29;16/08/2026;19:00;24.6;5;SOLEIL VOILÉ;3;14.4;0
Autun;46.95;4.29;16/08/2026;20:00;22.2;5;SOLEIL VOILÉ;1;39.6;0
Autun;46.95;4.29;16/08/2026;21:00;20;5;SOLEIL VOILÉ;2;13.3;0
Autun;46.95;4.29;16/08/2026;22:00;18.4;6;AVERSES;2;4.7;0.2
Autun;46.95;4.29;16/08/2026;23:00;17.5;5;SOLEIL VOILÉ;2;2.5;0
Autun;46.95;4.29;17/08/2026;00:00;16.9;5;SOLEIL VOILÉ;2;5.0;0
Autun;46.95;4.29;17/08/2026;01:00;16.9;5;SOLEIL VOILÉ;2;33.8;0
Autun;46.95;4.29;17/08/2026;02:00;18.1;0;SOLEIL;1;22.3;0
Autun;46.95;4.29;17/08/2026;03:00;18.1;0;SOLEIL;1;13.7;0
Autun;46.95;4.29;17/08/2026;04:00;18.1;0;SOLEIL;1;14.2;0
Autun;46.95;4.29;17/08/2026;05:00;19.6;5;SOLEIL VOILÉ;2;17.3;0
Autun;46.95;4.29;17/08/2026;06:00;19.6;5;SOLEIL VOILÉ;2;23.8;0
Autun;46.95;4.29;17/08/2026;07:00;19.6;5;SOLEIL VOILÉ;2;24.5;0
Autun;46.95;4.29;17/08/2026;08:00;25.1;5;SOLEIL VOILÉ;2;24.5;0
Autun;46.95;4.29;17/08/2026;09:00;25.1;5;SOLEIL VOILÉ;2;24.5;0
Autun;46.95;4.29;17/08/2026;10:00;25.1;5;SOLEIL VOILÉ;2;25.6;0
Autun;46.95;4.29;17/08/2026;11:00;29.1;5;SOLEIL VOILÉ;3;31.0;0
Autun;46.95;4.29;17/08/2026;12:00;29.1;5;SOLEIL VOILÉ;3;35.3;0
Autun;46.95;4.29;17/08/2026;13:00;29.1;5;SOLEIL VOILÉ;3;39.6;0
Autun;46.95;4.29;17/08/2026;14:00;31.4;5;SOLEIL VOILÉ;4;39.6;0
Autun;46.95;4.29;17/08/2026;15:00;31.4;5;SOLEIL VOILÉ;4;39.2;0
Autun;46.95;4.29;17/08/2026;16:00;31.4;5;SOLEIL VOILÉ;4;39.2;0
Autun;46.95;4.29;17/08/2026;17:00;29.5;5;SOLEIL VOILÉ;3;41.4;0
Autun;46.95;4.29;17/08/2026;18:00;29.5;5;SOLEIL VOILÉ;3;41.4;0
Autun;46.95;4.29;17/08/2026;19:00;29.5;5;SOLEIL VOILÉ;3;40.0;0
Autun;46.95;4.29;17/08/2026;20:00;20;0;SOLEIL;2;37.1;0
Autun;46.95;4.29;17/08/2026;21:00;20;0;SOLEIL;2;30.6;0
Autun;46.95;4.29;17/08/2026;22:00;20;0;SOLEIL;2;24.8;0
Autun;46.95;4.29;17/08/2026;23:00;16.2;0;SOLEIL;0;16.2;0
Autun;46.95;4.29;18/08/2026;00:00;16.2;0;SOLEIL;0;13.3;0
Autun;46.95;4.29;18/08/2026;01:00;16.2;0;SOLEIL;0;11.2;0
Autun;46.95;4.29;18/08/2026;02:00;14.6;0;SOLEIL;0;11.5;0
Autun;46.95;4.29;18/08/2026;03:00;14.6;0;SOLEIL;0;10.4;0
Autun;46.95;4.29;18/08/2026;04:00;14.6;0;SOLEIL;0;5.0;0
Autun;46.95;4.29;18/08/2026;05:00;16.5;0;SOLEIL;1;5.4;0
Autun;46.95;4.29;18/08/2026;06:00;16.5;0;SOLEIL;1;9.4;0
Autun;46.95;4.29;18/08/2026;07:00;16.5;0;SOLEIL;1;12.6;0
Autun;46.95;4.29;18/08/2026;08:00;26.4;0;SOLEIL;2;13.3;0
Autun;46.95;4.29;18/08/2026;09:00;26.4;0;SOLEIL;2;16.9;0
Autun;46.95;4.29;18/08/2026;10:00;26.4;0;SOLEIL;2;20.5;0
Autun;46.95;4.29;18/08/2026;11:00;28.4;0;SOLEIL;3;23.8;0
Autun;46.95;4.29;18/08/2026;12:00;28.4;0;SOLEIL;3;25.9;0
Autun;46.95;4.29;18/08/2026;13:00;28.4;0;SOLEIL;3;27.4;0
Autun;46.95;4.29;18/08/2026;14:00;33;0;SOLEIL;4;28.8;0
Autun;46.95;4.29;18/08/2026;15:00;33;0;SOLEIL;4;30.6;0
Autun;46.95;4.29;18/08/2026;16:00;33;0;SOLEIL;4;32.4;0
Autun;46.95;4.29;18/08/2026;17:00;30;0;SOLEIL;3;33.1;0
Autun;46.95;4.29;18/08/2026;18:00;30;0;SOLEIL;3;32.8;0
Autun;46.95;4.29;18/08/2026;19:00;30;0;SOLEIL;3;31.7;0
Autun;46.95;4.29;18/08/2026;20:00;22.5;0;SOLEIL;5;29.2;0
Autun;46.95;4.29;18/08/2026;21:00;20.3;0;SOLEIL;5;23.8;0
Autun;46.95;4.29;18/08/2026;22:00;18.0;0;SOLEIL;5;16.9;0
Autun;46.95;4.29;18/08/2026;23:00;17.9;0;SOLEIL;1;12.2;0
Autun;46.95;4.29;19/08/2026;00:00;17.9;0;SOLEIL;1;12.2;0
Autun;46.95;4.29;19/08/2026;01:00;17.9;0;SOLEIL;1;14.4;0
Autun;46.95;4.29;19/08/2026;02:00;16.6;0;SOLEIL;5;15.8;0
Autun;46.95;4.29;19/08/2026;03:00;16.6;0;SOLEIL;5;15.1;0
Autun;46.95;4.29;19/08/2026;04:00;16.6;0;SOLEIL;5;13.3;0
Autun;46.95;4.29;19/08/2026;05:00;18.2;0;SOLEIL;3;12.2;0
Autun;46.95;4.29;19/08/2026;06:00;18.2;0;SOLEIL;3;11.2;0
Autun;46.95;4.29;19/08/2026;07:00;18.2;0;SOLEIL;3;10.4;0
Autun;46.95;4.29;19/08/2026;08:00;19.0;0;SOLEIL;5;11.5;0
Autun;46.95;4.29;19/08/2026;09:00;20.3;0;SOLEIL;5;15.5;0
Autun;46.95;4.29;19/08/2026;10:00;21.5;0;SOLEIL;5;20.9;0
Autun;46.95;4.29;19/08/2026;11:00;25.5;0;SOLEIL;4;25.9;0
Autun;46.95;4.29;19/08/2026;12:00;25.5;0;SOLEIL;4;30.2;0
Autun;46.95;4.29;19/08/2026;13:00;25.5;0;SOLEIL;4;33.8;0
Autun;46.95;4.29;19/08/2026;14:00;26.4;0;SOLEIL;5;36.7;0
Autun;46.95;4.29;19/08/2026;15:00;27.6;0;SOLEIL;5;38.2;0
Autun;46.95;4.29;19/08/2026;16:00;26.4;0;SOLEIL;5;38.9;0
Autun;46.95;4.29;19/08/2026;17:00;24.1;0;SOLEIL;3;38.5;0
Autun;46.95;4.29;19/08/2026;18:00;24.1;0;SOLEIL;3;37.4;0
Autun;46.95;4.29;19/08/2026;19:00;24.1;0;SOLEIL;3;35.3;0
Autun;46.95;4.29;19/08/2026;20:00;21.5;0;SOLEIL;5;32.4;0
Autun;46.95;4.29;19/08/2026;21:00;20.3;0;SOLEIL;5;27.4;0
Autun;46.95;4.29;19/08/2026;22:00;19.0;0;SOLEIL;5;21.6;0
Autun;46.95;4.29;19/08/2026;23:00;17.9;0;SOLEIL;2;17.3;0
Autun;46.95;4.29;20/08/2026;00:00;17.9;0;SOLEIL;2;14.6;0
Autun;46.95;4.29;20/08/2026;01:00;17.9;0;SOLEIL;2;13.7;0
Autun;46.95;4.29;20/08/2026;02:00;15.2;0;SOLEIL;5;13.4;0
Autun;46.95;4.29;20/08/2026;03:00;15.2;0;SOLEIL;5;13.3;0
Autun;46.95;4.29;20/08/2026;04:00;15.2;0;SOLEIL;5;14.4;0
Autun;46.95;4.29;20/08/2026;05:00;16;0;SOLEIL;2;16.2;0
Autun;46.95;4.29;20/08/2026;06:00;16;0;SOLEIL;2;19.4;0
Autun;46.95;4.29;20/08/2026;07:00;16;0;SOLEIL;2;23.4;0
Autun;46.95;4.29;20/08/2026;08:00;17.6;0;SOLEIL;5;24.8;0
Autun;46.95;4.29;20/08/2026;09:00;18.8;0;SOLEIL;5;21.2;0
Autun;46.95;4.29;20/08/2026;10:00;20.0;0;SOLEIL;5;15.1;0
Autun;46.95;4.29;20/08/2026;11:00;25.1;0;SOLEIL;4;11.9;0
Autun;46.95;4.29;20/08/2026;12:00;25.1;0;SOLEIL;4;14.4;0
Autun;46.95;4.29;20/08/2026;13:00;25.1;0;SOLEIL;4;20.2;0
Autun;46.95;4.29;20/08/2026;14:00;24.9;0;SOLEIL;5;23.8;0
Autun;46.95;4.29;20/08/2026;15:00;26.1;0;SOLEIL;5;23.4;0
Autun;46.95;4.29;20/08/2026;16:00;24.9;0;SOLEIL;5;21.6;0
Autun;46.95;4.29;20/08/2026;17:00;22.9;0;SOLEIL;3;20.2;0
Autun;46.95;4.29;20/08/2026;18:00;22.9;0;SOLEIL;3;20.5;0
Autun;46.95;4.29;20/08/2026;19:00;22.9;0;SOLEIL;3;21.6;0
Autun;46.95;4.29;20/08/2026;20:00;20.0;0;SOLEIL;5;20.9;0
Autun;46.95;4.29;20/08/2026;21:00;18.8;0;SOLEIL;5;15.8;0
Autun;46.95;4.29;20/08/2026;22:00;17.6;0;SOLEIL;5;9.0;0
Autun;46.95;4.29;20/08/2026;23:00;16.2;0;SOLEIL;2;5.0;0
Chalon-sur-Saône;46.78;4.85;16/08/2026;00:00;25.9;2;NUAGEUX;3;12.2;0
Chalon-sur-Saône;46.78;4.85;16/08/2026;01:00;25.5;2;NUAGEUX;3;14.0;0
Chalon-sur-Saône;46.78;4.85;16/08/2026;02:00;24.4;2;NUAGEUX;3;11.2;0
Chalon-sur-Saône;46.78;4.85;16/08/2026;03:00;23.4;2;NUAGEUX;2;10.4;0
Chalon-sur-Saône;46.78;4.85;16/08/2026;04:00;23.2;2;NUAGEUX;3;19.1;0
Chalon-sur-Saône;46.78;4.85;16/08/2026;05:00;23.9;2;NUAGEUX;3;28.4;0
Chalon-sur-Saône;46.78;4.85;16/08/2026;06:00;25;2;NUAGEUX;2;27.7;0
Chalon-sur-Saône;46.78;4.85;16/08/2026;07:00;26.7;2;NUAGEUX;2;26.3;0
Chalon-sur-Saône;46.78;4.85;16/08/2026;08:00;27.6;2;NUAGEUX;2;24.5;0
Chalon-sur-Saône;46.78;4.85;16/08/2026;09:00;28.6;2;NUAGEUX;2;27.4;0
Chalon-sur-Saône;46.78;4.85;16/08/2026;10:00;29;2;NUAGEUX;3;33.1;0
Chalon-sur-Saône;46.78;4.85;16/08/2026;11:00;30;2;NUAGEUX;3;24.5;0
Chalon-sur-Saône;46.78;4.85;16/08/2026;12:00;32.5;2;NUAGEUX;2;24.5;0
Chalon-sur-Saône;46.78;4.85;16/08/2026;13:00;33.6;2;NUAGEUX;2;24.8;0
Chalon-sur-Saône;46.78;4.85;16/08/2026;14:00;33.6;2;NUAGEUX;2;22.0;0
Chalon-sur-Saône;46.78;4.85;16/08/2026;15:00;33.1;0;SOLEIL;3;20.9;0
Chalon-sur-Saône;46.78;4.85;16/08/2026;16:00;33.1;0;SOLEIL;3;19.1;0
Chalon-sur-Saône;46.78;4.85;16/08/2026;17:00;31.5;0;SOLEIL;3;21.6;0
Chalon-sur-Saône;46.78;4.85;16/08/2026;18:00;29.7;2;NUAGEUX;3;20.9;0
Chalon-sur-Saône;46.78;4.85;16/08/2026;19:00;27.7;5;SOLEIL VOILÉ;3;20.9;0
Chalon-sur-Saône;46.78;4.85;16/08/2026;20:00;26.2;5;SOLEIL VOILÉ;2;22.0;0
Chalon-sur-Saône;46.78;4.85;16/08/2026;21:00;24.4;5;SOLEIL VOILÉ;2;25.6;0
Chalon-sur-Saône;46.78;4.85;16/08/2026;22:00;23;5;SOLEIL VOILÉ;2;14.0;0
Chalon-sur-Saône;46.78;4.85;16/08/2026;23:00;22.1;5;SOLEIL VOILÉ;2;10.1;0
Chalon-sur-Saône;46.78;4.85;17/08/2026;00:00;21;6;AVERSES;2;9.0;0.1
Chalon-sur-Saône;46.78;4.85;17/08/2026;01:00;21;6;AVERSES;2;13.7;0.1
Chalon-sur-Saône;46.78;4.85;17/08/2026;02:00;21.1;0;SOLEIL;2;32.4;0
Chalon-sur-Saône;46.78;4.85;17/08/2026;03:00;21.1;0;SOLEIL;2;19.4;0
Chalon-sur-Saône;46.78;4.85;17/08/2026;04:00;21.1;0;SOLEIL;2;11.7;0
Chalon-sur-Saône;46.78;4.85;17/08/2026;05:00;21.4;5;SOLEIL VOILÉ;2;9.2;0
Chalon-sur-Saône;46.78;4.85;17/08/2026;06:00;21.4;5;SOLEIL VOILÉ;2;10.1;0
Chalon-sur-Saône;46.78;4.85;17/08/2026;07:00;21.4;5;SOLEIL VOILÉ;2;10.8;0
Chalon-sur-Saône;46.78;4.85;17/08/2026;08:00;27.1;5;SOLEIL VOILÉ;2;11.5;0
Chalon-sur-Saône;46.78;4.85;17/08/2026;09:00;27.1;5;SOLEIL VOILÉ;2;16.9;0
Chalon-sur-Saône;46.78;4.85;17/08/2026;10:00;27.1;5;SOLEIL VOILÉ;2;16.9;0
Chalon-sur-Saône;46.78;4.85;17/08/2026;11:00;30.1;5;SOLEIL VOILÉ;3;24.8;0
Chalon-sur-Saône;46.78;4.85;17/08/2026;12:00;30.1;5;SOLEIL VOILÉ;3;25.2;0
Chalon-sur-Saône;46.78;4.85;17/08/2026;13:00;30.1;5;SOLEIL VOILÉ;3;27.4;0
Chalon-sur-Saône;46.78;4.85;17/08/2026;14:00;33.5;5;SOLEIL VOILÉ;3;30.6;0
Chalon-sur-Saône;46.78;4.85;17/08/2026;15:00;33.5;5;SOLEIL VOILÉ;3;25.6;0
Chalon-sur-Saône;46.78;4.85;17/08/2026;16:00;33.5;5;SOLEIL VOILÉ;3;25.9;0
Chalon-sur-Saône;46.78;4.85;17/08/2026;17:00;31.5;5;SOLEIL VOILÉ;3;29.9;0
Chalon-sur-Saône;46.78;4.85;17/08/2026;18:00;31.5;5;SOLEIL VOILÉ;3;31.0;0
Chalon-sur-Saône;46.78;4.85;17/08/2026;19:00;31.5;5;SOLEIL VOILÉ;3;31.3;0
Chalon-sur-Saône;46.78;4.85;17/08/2026;20:00;23.1;0;SOLEIL;2;27.7;0
Chalon-sur-Saône;46.78;4.85;17/08/2026;21:00;23.1;0;SOLEIL;2;20.2;0
Chalon-sur-Saône;46.78;4.85;17/08/2026;22:00;23.1;0;SOLEIL;2;16.2;0
Chalon-sur-Saône;46.78;4.85;17/08/2026;23:00;18.7;0;SOLEIL;1;7.9;0
Chalon-sur-Saône;46.78;4.85;18/08/2026;00:00;18.7;0;SOLEIL;1;7.6;0
Chalon-sur-Saône;46.78;4.85;18/08/2026;01:00;18.7;0;SOLEIL;1;4.3;0
Chalon-sur-Saône;46.78;4.85;18/08/2026;02:00;18.5;0;SOLEIL;2;6.1;0
Chalon-sur-Saône;46.78;4.85;18/08/2026;03:00;18.5;0;SOLEIL;2;6.1;0
Chalon-sur-Saône;46.78;4.85;18/08/2026;04:00;18.5;0;SOLEIL;2;6.1;0
Chalon-sur-Saône;46.78;4.85;18/08/2026;05:00;20.5;0;SOLEIL;1;5.0;0
Chalon-sur-Saône;46.78;4.85;18/08/2026;06:00;20.5;0;SOLEIL;1;4.7;0
Chalon-sur-Saône;46.78;4.85;18/08/2026;07:00;20.5;0;SOLEIL;1;5.8;0
Chalon-sur-Saône;46.78;4.85;18/08/2026;08:00;28;0;SOLEIL;2;5.4;0
Chalon-sur-Saône;46.78;4.85;18/08/2026;09:00;28;0;SOLEIL;2;7.9;0
Chalon-sur-Saône;46.78;4.85;18/08/2026;10:00;28;0;SOLEIL;2;11.2;0
Chalon-sur-Saône;46.78;4.85;18/08/2026;11:00;31.9;0;SOLEIL;2;13.7;0
Chalon-sur-Saône;46.78;4.85;18/08/2026;12:00;31.9;0;SOLEIL;2;14.0;0
Chalon-sur-Saône;46.78;4.85;18/08/2026;13:00;31.9;0;SOLEIL;2;13.7;0
Chalon-sur-Saône;46.78;4.85;18/08/2026;14:00;33.7;0;SOLEIL;4;13.3;0
Chalon-sur-Saône;46.78;4.85;18/08/2026;15:00;33.7;0;SOLEIL;4;14.0;0
Chalon-sur-Saône;46.78;4.85;18/08/2026;16:00;33.7;0;SOLEIL;4;15.1;0
Chalon-sur-Saône;46.78;4.85;18/08/2026;17:00;32.1;0;SOLEIL;3;15.8;0
Chalon-sur-Saône;46.78;4.85;18/08/2026;18:00;32.1;0;SOLEIL;3;16.9;0
Chalon-sur-Saône;46.78;4.85;18/08/2026;19:00;32.1;0;SOLEIL;3;17.6;0
Chalon-sur-Saône;46.78;4.85;18/08/2026;20:00;24.9;0;SOLEIL;5;16.9;0
Chalon-sur-Saône;46.78;4.85;18/08/2026;21:00;22.8;0;SOLEIL;5;13.7;0
Chalon-sur-Saône;46.78;4.85;18/08/2026;22:00;20.8;0;SOLEIL;5;9.4;0
Chalon-sur-Saône;46.78;4.85;18/08/2026;23:00;22.4;0;SOLEIL;2;6.1;0
Chalon-sur-Saône;46.78;4.85;19/08/2026;00:00;22.4;0;SOLEIL;2;5.4;0
Chalon-sur-Saône;46.78;4.85;19/08/2026;01:00;22.4;0;SOLEIL;2;5.8;0
Chalon-sur-Saône;46.78;4.85;19/08/2026;02:00;18.7;0;SOLEIL;5;6.1;0
Chalon-sur-Saône;46.78;4.85;19/08/2026;03:00;18.7;0;SOLEIL;5;6.1;0
Chalon-sur-Saône;46.78;4.85;19/08/2026;04:00;18.7;0;SOLEIL;5;5.8;0
Chalon-sur-Saône;46.78;4.85;19/08/2026;05:00;20.2;0;SOLEIL;3;5.8;0
Chalon-sur-Saône;46.78;4.85;19/08/2026;06:00;20.2;0;SOLEIL;3;5.8;0
Chalon-sur-Saône;46.78;4.85;19/08/2026;07:00;20.2;0;SOLEIL;3;6.1;0
Chalon-sur-Saône;46.78;4.85;19/08/2026;08:00;21.3;0;SOLEIL;5;6.8;0
Chalon-sur-Saône;46.78;4.85;19/08/2026;09:00;22.7;0;SOLEIL;5;8.6;0
Chalon-sur-Saône;46.78;4.85;19/08/2026;10:00;24.0;0;SOLEIL;5;10.8;0
Chalon-sur-Saône;46.78;4.85;19/08/2026;11:00;29.1;0;SOLEIL;5;13.0;0
Chalon-sur-Saône;46.78;4.85;19/08/2026;12:00;29.1;0;SOLEIL;5;14.4;0
Chalon-sur-Saône;46.78;4.85;19/08/2026;13:00;29.1;0;SOLEIL;5;15.8;0
Chalon-sur-Saône;46.78;4.85;19/08/2026;14:00;29.3;0;SOLEIL;5;18.0;0
Chalon-sur-Saône;46.78;4.85;19/08/2026;15:00;30.6;0;SOLEIL;5;21.6;0
Chalon-sur-Saône;46.78;4.85;19/08/2026;16:00;29.3;0;SOLEIL;5;25.6;0
Chalon-sur-Saône;46.78;4.85;19/08/2026;17:00;26.5;0;SOLEIL;3;28.4;0
Chalon-sur-Saône;46.78;4.85;19/08/2026;18:00;26.5;0;SOLEIL;3;29.2;0
Chalon-sur-Saône;46.78;4.85;19/08/2026;19:00;26.5;0;SOLEIL;3;28.4;0
Chalon-sur-Saône;46.78;4.85;19/08/2026;20:00;24.0;0;SOLEIL;5;25.9;0
Chalon-sur-Saône;46.78;4.85;19/08/2026;21:00;22.7;0;SOLEIL;5;19.8;0
Chalon-sur-Saône;46.78;4.85;19/08/2026;22:00;21.3;0;SOLEIL;5;12.2;0
Chalon-sur-Saône;46.78;4.85;19/08/2026;23:00;20;0;SOLEIL;3;6.8;0
Chalon-sur-Saône;46.78;4.85;20/08/2026;00:00;20;0;SOLEIL;3;6.7;0
Chalon-sur-Saône;46.78;4.85;20/08/2026;01:00;20;0;SOLEIL;3;9.2;0
Chalon-sur-Saône;46.78;4.85;20/08/2026;02:00;17.6;0;SOLEIL;5;12.4;0
Chalon-sur-Saône;46.78;4.85;20/08/2026;03:00;17.6;0;SOLEIL;5;19.4;0
Chalon-sur-Saône;46.78;4.85;20/08/2026;04:00;17.6;0;SOLEIL;5;27.4;0
Chalon-sur-Saône;46.78;4.85;20/08/2026;05:00;18.4;0;SOLEIL;3;32.4;0
Chalon-sur-Saône;46.78;4.85;20/08/2026;06:00;18.4;0;SOLEIL;3;32.0;0
Chalon-sur-Saône;46.78;4.85;20/08/2026;07:00;18.4;0;SOLEIL;3;28.8;0
Chalon-sur-Saône;46.78;4.85;20/08/2026;08:00;19.9;0;SOLEIL;5;25.6;0
Chalon-sur-Saône;46.78;4.85;20/08/2026;09:00;21.0;0;SOLEIL;5;22.0;0
Chalon-sur-Saône;46.78;4.85;20/08/2026;10:00;22.2;0;SOLEIL;5;18.0;0
Chalon-sur-Saône;46.78;4.85;20/08/2026;11:00;26.7;0;SOLEIL;4;16.9;0
Chalon-sur-Saône;46.78;4.85;20/08/2026;12:00;26.7;0;SOLEIL;4;22.7;0
Chalon-sur-Saône;46.78;4.85;20/08/2026;13:00;26.7;0;SOLEIL;4;31.3;0
Chalon-sur-Saône;46.78;4.85;20/08/2026;14:00;26.8;0;SOLEIL;5;35.3;0
Chalon-sur-Saône;46.78;4.85;20/08/2026;15:00;27.9;0;SOLEIL;5;29.9;0
Chalon-sur-Saône;46.78;4.85;20/08/2026;16:00;26.8;0;SOLEIL;5;19.8;0
Chalon-sur-Saône;46.78;4.85;20/08/2026;17:00;24.9;0;SOLEIL;3;13.0;0
Chalon-sur-Saône;46.78;4.85;20/08/2026;18:00;24.9;0;SOLEIL;3;13.0;0
Chalon-sur-Saône;46.78;4.85;20/08/2026;19:00;24.9;0;SOLEIL;3;16.2;0
Chalon-sur-Saône;46.78;4.85;20/08/2026;20:00;22.2;0;SOLEIL;5;19.1;0
Chalon-sur-Saône;46.78;4.85;20/08/2026;21:00;21.0;0;SOLEIL;5;20.9;0
Chalon-sur-Saône;46.78;4.85;20/08/2026;22:00;19.9;0;SOLEIL;5;22.3;0
Chalon-sur-Saône;46.78;4.85;20/08/2026;23:00;18.6;0;SOLEIL;3;22.0;0
Charolles;46.43;4.27;16/08/2026;00:00;24.4;2;NUAGEUX;4;17.3;0
Charolles;46.43;4.27;16/08/2026;01:00;25.1;6;AVERSES;4;15.8;0.1
Charolles;46.43;4.27;16/08/2026;02:00;24.6;2;NUAGEUX;4;17.3;0
Charolles;46.43;4.27;16/08/2026;03:00;22.9;2;NUAGEUX;3;19.8;0
Charolles;46.43;4.27;16/08/2026;04:00;24;2;NUAGEUX;3;32.0;0
Charolles;46.43;4.27;16/08/2026;05:00;23.5;2;NUAGEUX;2;40.3;0
Charolles;46.43;4.27;16/08/2026;06:00;22.9;2;NUAGEUX;2;26.3;0
Charolles;46.43;4.27;16/08/2026;07:00;25.5;2;NUAGEUX;2;15.5;0
Charolles;46.43;4.27;16/08/2026;08:00;28.4;2;NUAGEUX;2;6.1;0
Charolles;46.43;4.27;16/08/2026;09:00;29.2;2;NUAGEUX;3;10.1;0
Charolles;46.43;4.27;16/08/2026;10:00;30.5;2;NUAGEUX;2;15.5;0
Charolles;46.43;4.27;16/08/2026;11:00;30.6;2;NUAGEUX;3;23.4;0
Charolles;46.43;4.27;16/08/2026;12:00;32.1;2;NUAGEUX;3;24.5;0
Charolles;46.43;4.27;16/08/2026;13:00;33.2;2;NUAGEUX;3;29.2;0
Charolles;46.43;4.27;16/08/2026;14:00;33.4;2;NUAGEUX;3;29.2;0
Charolles;46.43;4.27;16/08/2026;15:00;32.5;0;SOLEIL;3;21.6;0
Charolles;46.43;4.27;16/08/2026;16:00;31.1;5;SOLEIL VOILÉ;3;17.6;0
Charolles;46.43;4.27;16/08/2026;17:00;30.2;2;NUAGEUX;4;18.4;0
Charolles;46.43;4.27;16/08/2026;18:00;28.7;2;NUAGEUX;3;15.8;0
Charolles;46.43;4.27;16/08/2026;19:00;27.5;5;SOLEIL VOILÉ;2;15.1;0
Charolles;46.43;4.27;16/08/2026;20:00;26.4;5;SOLEIL VOILÉ;3;10.8;0
Charolles;46.43;4.27;16/08/2026;21:00;24.2;5;SOLEIL VOILÉ;3;29.5;0
Charolles;46.43;4.27;16/08/2026;22:00;22.2;6;AVERSES;4;14.8;0.3
Charolles;46.43;4.27;16/08/2026;23:00;21.1;6;AVERSES;2;15.5;0.1
Charolles;46.43;4.27;17/08/2026;00:00;20.5;5;SOLEIL VOILÉ;2;7.9;0
Charolles;46.43;4.27;17/08/2026;01:00;20.5;5;SOLEIL VOILÉ;2;7.9;0
Charolles;46.43;4.27;17/08/2026;02:00;19.6;0;SOLEIL;3;9.7;0
Charolles;46.43;4.27;17/08/2026;03:00;19.6;0;SOLEIL;3;8.3;0
Charolles;46.43;4.27;17/08/2026;04:00;19.6;0;SOLEIL;3;8.5;0
Charolles;46.43;4.27;17/08/2026;05:00;21.2;5;SOLEIL VOILÉ;3;7.6;0
Charolles;46.43;4.27;17/08/2026;06:00;21.2;5;SOLEIL VOILÉ;3;10.4;0
Charolles;46.43;4.27;17/08/2026;07:00;21.2;5;SOLEIL VOILÉ;3;10.8;0
Charolles;46.43;4.27;17/08/2026;08:00;25.7;6;AVERSES;3;11.2;0
Charolles;46.43;4.27;17/08/2026;09:00;25.7;6;AVERSES;3;24.1;0
Charolles;46.43;4.27;17/08/2026;10:00;25.7;6;AVERSES;3;25.6;0
Charolles;46.43;4.27;17/08/2026;11:00;26.9;5;SOLEIL VOILÉ;4;25.6;0
Charolles;46.43;4.27;17/08/2026;12:00;26.9;5;SOLEIL VOILÉ;4;27.7;0
Charolles;46.43;4.27;17/08/2026;13:00;26.9;5;SOLEIL VOILÉ;4;34.2;0
Charolles;46.43;4.27;17/08/2026;14:00;30.9;5;SOLEIL VOILÉ;5;36.0;0
Charolles;46.43;4.27;17/08/2026;15:00;30.9;5;SOLEIL VOILÉ;5;35.6;0
Charolles;46.43;4.27;17/08/2026;16:00;30.9;5;SOLEIL VOILÉ;5;34.2;0
Charolles;46.43;4.27;17/08/2026;17:00;28.9;5;SOLEIL VOILÉ;4;33.5;0
Charolles;46.43;4.27;17/08/2026;18:00;28.9;5;SOLEIL VOILÉ;4;32.8;0
Charolles;46.43;4.27;17/08/2026;19:00;28.9;5;SOLEIL VOILÉ;4;32.4;0
Charolles;46.43;4.27;17/08/2026;20:00;23.4;0;SOLEIL;2;30.6;0
Charolles;46.43;4.27;17/08/2026;21:00;23.4;0;SOLEIL;2;24.8;0
Charolles;46.43;4.27;17/08/2026;22:00;23.4;0;SOLEIL;2;16.6;0
Charolles;46.43;4.27;17/08/2026;23:00;19;0;SOLEIL;1;9.0;0
Charolles;46.43;4.27;18/08/2026;00:00;19;0;SOLEIL;1;6.1;0
Charolles;46.43;4.27;18/08/2026;01:00;19;0;SOLEIL;1;6.5;0
Charolles;46.43;4.27;18/08/2026;02:00;17.1;0;SOLEIL;1;5.8;0
Charolles;46.43;4.27;18/08/2026;03:00;17.1;0;SOLEIL;1;6.1;0
Charolles;46.43;4.27;18/08/2026;04:00;17.1;0;SOLEIL;1;7.2;0
Charolles;46.43;4.27;18/08/2026;05:00;18.5;0;SOLEIL;2;6.5;0
Charolles;46.43;4.27;18/08/2026;06:00;18.5;0;SOLEIL;2;4.7;0
Charolles;46.43;4.27;18/08/2026;07:00;18.5;0;SOLEIL;2;5.4;0
Charolles;46.43;4.27;18/08/2026;08:00;27.1;0;SOLEIL;3;5.8;0
Charolles;46.43;4.27;18/08/2026;09:00;27.1;0;SOLEIL;3;9.0;0
Charolles;46.43;4.27;18/08/2026;10:00;27.1;0;SOLEIL;3;13.7;0
Charolles;46.43;4.27;18/08/2026;11:00;29.5;0;SOLEIL;4;17.3;0
Charolles;46.43;4.27;18/08/2026;12:00;29.5;0;SOLEIL;4;18.7;0
Charolles;46.43;4.27;18/08/2026;13:00;29.5;0;SOLEIL;4;19.4;0
Charolles;46.43;4.27;18/08/2026;14:00;32.1;0;SOLEIL;4;20.2;0
Charolles;46.43;4.27;18/08/2026;15:00;32.1;0;SOLEIL;4;21.2;0
Charolles;46.43;4.27;18/08/2026;16:00;32.1;0;SOLEIL;4;22.3;0
Charolles;46.43;4.27;18/08/2026;17:00;30.6;0;SOLEIL;3;23.0;0
Charolles;46.43;4.27;18/08/2026;18:00;30.6;0;SOLEIL;3;23.4;0
Charolles;46.43;4.27;18/08/2026;19:00;30.6;0;SOLEIL;3;23.8;0
Charolles;46.43;4.27;18/08/2026;20:00;23.8;0;SOLEIL;5;22.0;0
Charolles;46.43;4.27;18/08/2026;21:00;22.0;0;SOLEIL;5;16.9;0
Charolles;46.43;4.27;18/08/2026;22:00;20.2;0;SOLEIL;5;10.4;0
Charolles;46.43;4.27;18/08/2026;23:00;20.6;0;SOLEIL;2;5.8;0
Charolles;46.43;4.27;19/08/2026;00:00;20.6;0;SOLEIL;2;4.7;0
Charolles;46.43;4.27;19/08/2026;01:00;20.6;0;SOLEIL;2;5.8;0
Charolles;46.43;4.27;19/08/2026;02:00;15.1;0;SOLEIL;5;6.5;0
Charolles;46.43;4.27;19/08/2026;03:00;15.1;0;SOLEIL;5;6.1;0
Charolles;46.43;4.27;19/08/2026;04:00;15.1;0;SOLEIL;5;5.8;0
Charolles;46.43;4.27;19/08/2026;05:00;17.6;0;SOLEIL;3;5.4;0
Charolles;46.43;4.27;19/08/2026;06:00;17.6;0;SOLEIL;3;5.0;0
Charolles;46.43;4.27;19/08/2026;07:00;17.6;0;SOLEIL;3;5.0;0
Charolles;46.43;4.27;19/08/2026;08:00;18.1;0;SOLEIL;5;5.8;0
Charolles;46.43;4.27;19/08/2026;09:00;19.6;0;SOLEIL;5;7.2;0
Charolles;46.43;4.27;19/08/2026;10:00;21.1;0;SOLEIL;5;9.4;0
Charolles;46.43;4.27;19/08/2026;11:00;26.6;0;SOLEIL;5;11.9;0
Charolles;46.43;4.27;19/08/2026;12:00;26.6;0;SOLEIL;5;15.1;0
Charolles;46.43;4.27;19/08/2026;13:00;26.6;0;SOLEIL;5;18.7;0
Charolles;46.43;4.27;19/08/2026;14:00;27.2;0;SOLEIL;5;21.6;0
Charolles;46.43;4.27;19/08/2026;15:00;28.7;0;SOLEIL;5;24.1;0
Charolles;46.43;4.27;19/08/2026;16:00;27.2;0;SOLEIL;5;25.9;0
Charolles;46.43;4.27;19/08/2026;17:00;25.1;0;SOLEIL;4;26.6;0
Charolles;46.43;4.27;19/08/2026;18:00;25.1;0;SOLEIL;4;25.6;0
Charolles;46.43;4.27;19/08/2026;19:00;25.1;0;SOLEIL;4;23.4;0
Charolles;46.43;4.27;19/08/2026;20:00;21.1;0;SOLEIL;5;20.5;0
Charolles;46.43;4.27;19/08/2026;21:00;19.6;0;SOLEIL;5;15.5;0
Charolles;46.43;4.27;19/08/2026;22:00;18.1;0;SOLEIL;5;9.4;0
Charolles;46.43;4.27;19/08/2026;23:00;16.5;0;SOLEIL;3;6.5;0
Charolles;46.43;4.27;20/08/2026;00:00;16.5;0;SOLEIL;3;9.4;0
Charolles;46.43;4.27;20/08/2026;01:00;16.5;0;SOLEIL;3;15.1;0
Charolles;46.43;4.27;20/08/2026;02:00;14.6;0;SOLEIL;5;19.3;0
Charolles;46.43;4.27;20/08/2026;03:00;14.6;0;SOLEIL;5;20.9;0
Charolles;46.43;4.27;20/08/2026;04:00;14.6;0;SOLEIL;5;21.6;0
Charolles;46.43;4.27;20/08/2026;05:00;16.2;0;SOLEIL;3;21.6;0
Charolles;46.43;4.27;20/08/2026;06:00;16.2;0;SOLEIL;3;21.2;0
Charolles;46.43;4.27;20/08/2026;07:00;16.2;0;SOLEIL;3;20.5;0
Charolles;46.43;4.27;20/08/2026;08:00;17.2;0;SOLEIL;5;19.8;0
Charolles;46.43;4.27;20/08/2026;09:00;18.5;0;SOLEIL;5;19.4;0
Charolles;46.43;4.27;20/08/2026;10:00;19.8;0;SOLEIL;5;19.4;0
Charolles;46.43;4.27;20/08/2026;11:00;25.5;0;SOLEIL;4;20.5;0
Charolles;46.43;4.27;20/08/2026;12:00;25.5;0;SOLEIL;4;24.8;0
Charolles;46.43;4.27;20/08/2026;13:00;25.5;0;SOLEIL;4;30.6;0
Charolles;46.43;4.27;20/08/2026;14:00;25.1;0;SOLEIL;5;33.5;0
Charolles;46.43;4.27;20/08/2026;15:00;26.4;0;SOLEIL;5;31.0;0
Charolles;46.43;4.27;20/08/2026;16:00;25.1;0;SOLEIL;5;25.6;0
Charolles;46.43;4.27;20/08/2026;17:00;23.2;0;SOLEIL;4;22.0;0
Charolles;46.43;4.27;20/08/2026;18:00;23.2;0;SOLEIL;4;22.0;0
Charolles;46.43;4.27;20/08/2026;19:00;23.2;0;SOLEIL;4;23.8;0
Charolles;46.43;4.27;20/08/2026;20:00;19.8;0;SOLEIL;5;24.5;0
Charolles;46.43;4.27;20/08/2026;21:00;18.5;0;SOLEIL;5;23.0;0
Charolles;46.43;4.27;20/08/2026;22:00;17.2;0;SOLEIL;5;20.2;0
Charolles;46.43;4.27;20/08/2026;23:00;14.7;0;SOLEIL;3;17.6;0
Mâcon;46.3;4.83;16/08/2026;00:00;25.9;2;NUAGEUX;5;21.6;0
Mâcon;46.3;4.83;16/08/2026;01:00;25.6;2;NUAGEUX;4;13.7;0
Mâcon;46.3;4.83;16/08/2026;02:00;26.1;2;NUAGEUX;4;27.7;0
Mâcon;46.3;4.83;16/08/2026;03:00;25.9;2;NUAGEUX;3;32.8;0
Mâcon;46.3;4.83;16/08/2026;04:00;26.4;2;NUAGEUX;3;37.1;0
Mâcon;46.3;4.83;16/08/2026;05:00;27.1;2;NUAGEUX;3;40.0;0
Mâcon;46.3;4.83;16/08/2026;06:00;27.2;2;NUAGEUX;3;36.0;0
Mâcon;46.3;4.83;16/08/2026;07:00;27.4;2;NUAGEUX;3;36.0;0
Mâcon;46.3;4.83;16/08/2026;08:00;28.5;2;NUAGEUX;3;22.7;0
Mâcon;46.3;4.83;16/08/2026;09:00;29.2;2;NUAGEUX;3;37.8;0
Mâcon;46.3;4.83;16/08/2026;10:00;30.4;2;NUAGEUX;3;38.5;0
Mâcon;46.3;4.83;16/08/2026;11:00;30.6;2;NUAGEUX;3;32.8;0
Mâcon;46.3;4.83;16/08/2026;12:00;32.1;5;SOLEIL VOILÉ;3;35.3;0
Mâcon;46.3;4.83;16/08/2026;13:00;33.1;5;SOLEIL VOILÉ;3;31.7;0
Mâcon;46.3;4.83;16/08/2026;14:00;33.7;5;SOLEIL VOILÉ;3;29.2;0
Mâcon;46.3;4.83;16/08/2026;15:00;33;5;SOLEIL VOILÉ;3;24.5;0
Mâcon;46.3;4.83;16/08/2026;16:00;32;5;SOLEIL VOILÉ;3;24.1;0
Mâcon;46.3;4.83;16/08/2026;17:00;31;5;SOLEIL VOILÉ;3;29.9;0
Mâcon;46.3;4.83;16/08/2026;18:00;29.7;2;NUAGEUX;4;28.8;0
Mâcon;46.3;4.83;16/08/2026;19:00;28.6;5;SOLEIL VOILÉ;4;29.2;0
Mâcon;46.3;4.83;16/08/2026;20:00;27.6;5;SOLEIL VOILÉ;3;18.7;0
Mâcon;46.3;4.83;16/08/2026;21:00;26.1;5;SOLEIL VOILÉ;3;17.6;0
Mâcon;46.3;4.83;16/08/2026;22:00;25.9;5;SOLEIL VOILÉ;3;15.5;0
Mâcon;46.3;4.83;16/08/2026;23:00;24.1;5;SOLEIL VOILÉ;3;14.0;0
Mâcon;46.3;4.83;17/08/2026;00:00;23.2;5;SOLEIL VOILÉ;3;16.6;0
Mâcon;46.3;4.83;17/08/2026;01:00;23.2;5;SOLEIL VOILÉ;3;13.0;0
Mâcon;46.3;4.83;17/08/2026;02:00;22.9;0;SOLEIL;2;10.8;0
Mâcon;46.3;4.83;17/08/2026;03:00;22.9;0;SOLEIL;2;7.2;0
Mâcon;46.3;4.83;17/08/2026;04:00;22.9;0;SOLEIL;2;9.9;0
Mâcon;46.3;4.83;17/08/2026;05:00;22.6;0;SOLEIL;2;7.1;0
Mâcon;46.3;4.83;17/08/2026;06:00;22.6;0;SOLEIL;2;5.0;0
Mâcon;46.3;4.83;17/08/2026;07:00;22.6;0;SOLEIL;2;9.0;0
Mâcon;46.3;4.83;17/08/2026;08:00;27.5;5;SOLEIL VOILÉ;3;10.1;0
Mâcon;46.3;4.83;17/08/2026;09:00;27.5;5;SOLEIL VOILÉ;3;22.3;0
Mâcon;46.3;4.83;17/08/2026;10:00;27.5;5;SOLEIL VOILÉ;3;25.6;0
Mâcon;46.3;4.83;17/08/2026;11:00;29.4;5;SOLEIL VOILÉ;3;30.2;0
Mâcon;46.3;4.83;17/08/2026;12:00;29.4;5;SOLEIL VOILÉ;3;25.6;0
Mâcon;46.3;4.83;17/08/2026;13:00;29.4;5;SOLEIL VOILÉ;3;30.2;0
Mâcon;46.3;4.83;17/08/2026;14:00;32.2;5;SOLEIL VOILÉ;4;35.3;0
Mâcon;46.3;4.83;17/08/2026;15:00;32.2;5;SOLEIL VOILÉ;4;35.3;0
Mâcon;46.3;4.83;17/08/2026;16:00;32.2;5;SOLEIL VOILÉ;4;35.6;0
Mâcon;46.3;4.83;17/08/2026;17:00;29.1;5;SOLEIL VOILÉ;3;34.2;0
Mâcon;46.3;4.83;17/08/2026;18:00;29.1;5;SOLEIL VOILÉ;3;33.1;0
Mâcon;46.3;4.83;17/08/2026;19:00;29.1;5;SOLEIL VOILÉ;3;31.0;0
Mâcon;46.3;4.83;17/08/2026;20:00;25.9;0;SOLEIL;2;28.1;0
Mâcon;46.3;4.83;17/08/2026;21:00;25.9;0;SOLEIL;2;24.1;0
Mâcon;46.3;4.83;17/08/2026;22:00;25.9;0;SOLEIL;2;21.2;0
Mâcon;46.3;4.83;17/08/2026;23:00;22.6;0;SOLEIL;2;11.2;0
Mâcon;46.3;4.83;18/08/2026;00:00;22.6;0;SOLEIL;2;10.1;0
Mâcon;46.3;4.83;18/08/2026;01:00;22.6;0;SOLEIL;2;10.8;0
Mâcon;46.3;4.83;18/08/2026;02:00;21.6;0;SOLEIL;2;11.5;0
Mâcon;46.3;4.83;18/08/2026;03:00;21.6;0;SOLEIL;2;11.5;0
Mâcon;46.3;4.83;18/08/2026;04:00;21.6;0;SOLEIL;2;10.1;0
Mâcon;46.3;4.83;18/08/2026;05:00;21.5;0;SOLEIL;2;9.4;0
Mâcon;46.3;4.83;18/08/2026;06:00;21.5;0;SOLEIL;2;9.7;0
Mâcon;46.3;4.83;18/08/2026;07:00;21.5;0;SOLEIL;2;10.1;0
Mâcon;46.3;4.83;18/08/2026;08:00;27.1;0;SOLEIL;2;7.9;0
Mâcon;46.3;4.83;18/08/2026;09:00;27.1;0;SOLEIL;2;8.3;0
Mâcon;46.3;4.83;18/08/2026;10:00;27.1;0;SOLEIL;2;9.4;0
Mâcon;46.3;4.83;18/08/2026;11:00;31.1;0;SOLEIL;3;10.1;0
Mâcon;46.3;4.83;18/08/2026;12:00;31.1;0;SOLEIL;3;10.1;0
Mâcon;46.3;4.83;18/08/2026;13:00;31.1;0;SOLEIL;3;10.1;0
Mâcon;46.3;4.83;18/08/2026;14:00;33.6;0;SOLEIL;3;10.8;0
Mâcon;46.3;4.83;18/08/2026;15:00;33.6;0;SOLEIL;3;13.7;0
Mâcon;46.3;4.83;18/08/2026;16:00;33.6;0;SOLEIL;3;17.3;0
Mâcon;46.3;4.83;18/08/2026;17:00;31.6;0;SOLEIL;2;19.4;0
Mâcon;46.3;4.83;18/08/2026;18:00;31.6;0;SOLEIL;2;19.1;0
Mâcon;46.3;4.83;18/08/2026;19:00;31.6;0;SOLEIL;2;17.6;0
Mâcon;46.3;4.83;18/08/2026;20:00;26.6;0;SOLEIL;5;15.8;0
Mâcon;46.3;4.83;18/08/2026;21:00;25.0;0;SOLEIL;5;13.7;0
Mâcon;46.3;4.83;18/08/2026;22:00;23.4;0;SOLEIL;5;11.2;0
Mâcon;46.3;4.83;18/08/2026;23:00;23.9;0;SOLEIL;1;9.4;0
Mâcon;46.3;4.83;19/08/2026;00:00;23.9;0;SOLEIL;1;8.6;0
Mâcon;46.3;4.83;19/08/2026;01:00;23.9;0;SOLEIL;1;8.6;0
Mâcon;46.3;4.83;19/08/2026;02:00;19.6;0;SOLEIL;5;8.6;0
Mâcon;46.3;4.83;19/08/2026;03:00;19.6;0;SOLEIL;5;7.9;0
Mâcon;46.3;4.83;19/08/2026;04:00;19.6;0;SOLEIL;5;6.8;0
Mâcon;46.3;4.83;19/08/2026;05:00;21.6;0;SOLEIL;2;6.1;0
Mâcon;46.3;4.83;19/08/2026;06:00;21.6;0;SOLEIL;2;6.1;0
Mâcon;46.3;4.83;19/08/2026;07:00;21.6;0;SOLEIL;2;6.8;0
Mâcon;46.3;4.83;19/08/2026;08:00;22.2;0;SOLEIL;5;7.6;0
Mâcon;46.3;4.83;19/08/2026;09:00;23.5;0;SOLEIL;5;8.3;0
Mâcon;46.3;4.83;19/08/2026;10:00;24.8;0;SOLEIL;5;9.0;0
Mâcon;46.3;4.83;19/08/2026;11:00;29.6;0;SOLEIL;4;10.4;0
Mâcon;46.3;4.83;19/08/2026;12:00;29.6;0;SOLEIL;4;13.3;0
Mâcon;46.3;4.83;19/08/2026;13:00;29.6;0;SOLEIL;4;16.9;0
Mâcon;46.3;4.83;19/08/2026;14:00;30.1;0;SOLEIL;5;20.2;0
Mâcon;46.3;4.83;19/08/2026;15:00;31.4;0;SOLEIL;5;22.7;0
Mâcon;46.3;4.83;19/08/2026;16:00;30.1;0;SOLEIL;5;24.5;0
Mâcon;46.3;4.83;19/08/2026;17:00;27.2;0;SOLEIL;4;24.8;0
Mâcon;46.3;4.83;19/08/2026;18:00;27.2;0;SOLEIL;4;22.0;0
Mâcon;46.3;4.83;19/08/2026;19:00;27.2;0;SOLEIL;4;17.6;0
Mâcon;46.3;4.83;19/08/2026;20:00;24.8;0;SOLEIL;5;14.0;0
Mâcon;46.3;4.83;19/08/2026;21:00;23.5;0;SOLEIL;5;12.2;0
Mâcon;46.3;4.83;19/08/2026;22:00;22.2;0;SOLEIL;5;11.5;0
Mâcon;46.3;4.83;19/08/2026;23:00;21.5;0;SOLEIL;2;11.5;0
Mâcon;46.3;4.83;20/08/2026;00:00;21.5;0;SOLEIL;2;10.3;0
Mâcon;46.3;4.83;20/08/2026;01:00;21.5;0;SOLEIL;2;8.8;0
Mâcon;46.3;4.83;20/08/2026;02:00;19;0;SOLEIL;5;7.8;0
Mâcon;46.3;4.83;20/08/2026;03:00;19;0;SOLEIL;5;9.7;0
Mâcon;46.3;4.83;20/08/2026;04:00;19;0;SOLEIL;5;14.8;0
Mâcon;46.3;4.83;20/08/2026;05:00;19.6;0;SOLEIL;2;18.7;0
Mâcon;46.3;4.83;20/08/2026;06:00;19.6;0;SOLEIL;2;19.4;0
Mâcon;46.3;4.83;20/08/2026;07:00;19.6;0;SOLEIL;2;18.4;0
Mâcon;46.3;4.83;20/08/2026;08:00;21.0;0;SOLEIL;5;18.7;0
Mâcon;46.3;4.83;20/08/2026;09:00;22.0;0;SOLEIL;5;22.3;0
Mâcon;46.3;4.83;20/08/2026;10:00;23.0;0;SOLEIL;5;27.0;0
Mâcon;46.3;4.83;20/08/2026;11:00;27;0;SOLEIL;4;29.2;0
Mâcon;46.3;4.83;20/08/2026;12:00;27;0;SOLEIL;4;25.2;0
Mâcon;46.3;4.83;20/08/2026;13:00;27;0;SOLEIL;4;18.7;0
Mâcon;46.3;4.83;20/08/2026;14:00;26.9;0;SOLEIL;5;15.5;0
Mâcon;46.3;4.83;20/08/2026;15:00;27.9;0;SOLEIL;5;20.2;0
Mâcon;46.3;4.83;20/08/2026;16:00;26.9;0;SOLEIL;5;27.7;0
Mâcon;46.3;4.83;20/08/2026;17:00;24.7;0;SOLEIL;3;31.7;0
Mâcon;46.3;4.83;20/08/2026;18:00;24.7;0;SOLEIL;3;26.3;0
Mâcon;46.3;4.83;20/08/2026;19:00;24.7;0;SOLEIL;3;17.3;0
Mâcon;46.3;4.83;20/08/2026;20:00;23.0;0;SOLEIL;5;12.2;0
Mâcon;46.3;4.83;20/08/2026;21:00;22.0;0;SOLEIL;5;16.9;0
Mâcon;46.3;4.83;20/08/2026;22:00;21.0;0;SOLEIL;5;25.9;0
Mâcon;46.3;4.83;20/08/2026;23:00;20.1;0;SOLEIL;2;30.6;0
Montceau-les-Mines;46.67;4.36;16/08/2026;00:00;24.6;2;NUAGEUX;3;16.2;0
Montceau-les-Mines;46.67;4.36;16/08/2026;01:00;24.2;2;NUAGEUX;3;14.8;0
Montceau-les-Mines;46.67;4.36;16/08/2026;02:00;24.4;2;NUAGEUX;3;18.0;0
Montceau-les-Mines;46.67;4.36;16/08/2026;03:00;23;2;NUAGEUX;3;31.7;0
Montceau-les-Mines;46.67;4.36;16/08/2026;04:00;23.1;2;NUAGEUX;2;30.6;0
Montceau-les-Mines;46.67;4.36;16/08/2026;05:00;23.4;2;NUAGEUX;2;27.7;0
Montceau-les-Mines;46.67;4.36;16/08/2026;06:00;23;2;NUAGEUX;2;31.3;0
Montceau-les-Mines;46.67;4.36;16/08/2026;07:00;25.6;2;NUAGEUX;2;17.6;0
Montceau-les-Mines;46.67;4.36;16/08/2026;08:00;26.6;2;NUAGEUX;2;27.7;0
Montceau-les-Mines;46.67;4.36;16/08/2026;09:00;27.6;2;NUAGEUX;2;25.2;0
Montceau-les-Mines;46.67;4.36;16/08/2026;10:00;28.2;2;NUAGEUX;2;22.7;0
Montceau-les-Mines;46.67;4.36;16/08/2026;11:00;30.1;2;NUAGEUX;2;26.3;0
Montceau-les-Mines;46.67;4.36;16/08/2026;12:00;31.6;2;NUAGEUX;2;29.2;0
Montceau-les-Mines;46.67;4.36;16/08/2026;13:00;33.2;2;NUAGEUX;2;29.9;0
Montceau-les-Mines;46.67;4.36;16/08/2026;14:00;34.1;2;NUAGEUX;3;25.9;0
Montceau-les-Mines;46.67;4.36;16/08/2026;15:00;33;0;SOLEIL;3;22.7;0
Montceau-les-Mines;46.67;4.36;16/08/2026;16:00;32.1;0;SOLEIL;3;21.6;0
Montceau-les-Mines;46.67;4.36;16/08/2026;17:00;30.1;2;NUAGEUX;4;18.4;0
Montceau-les-Mines;46.67;4.36;16/08/2026;18:00;28;2;NUAGEUX;3;11.2;0
Montceau-les-Mines;46.67;4.36;16/08/2026;19:00;25.5;5;SOLEIL VOILÉ;3;15.5;0
Montceau-les-Mines;46.67;4.36;16/08/2026;20:00;24.1;5;SOLEIL VOILÉ;2;23.0;0
Montceau-les-Mines;46.67;4.36;16/08/2026;21:00;23;5;SOLEIL VOILÉ;3;33.8;0
Montceau-les-Mines;46.67;4.36;16/08/2026;22:00;22.2;5;SOLEIL VOILÉ;1;25.9;0
Montceau-les-Mines;46.67;4.36;16/08/2026;23:00;21.6;5;SOLEIL VOILÉ;3;17.3;0
Montceau-les-Mines;46.67;4.36;17/08/2026;00:00;21;5;SOLEIL VOILÉ;3;13.0;0
Montceau-les-Mines;46.67;4.36;17/08/2026;01:00;21;5;SOLEIL VOILÉ;3;24.8;0
Montceau-les-Mines;46.67;4.36;17/08/2026;02:00;18.7;0;SOLEIL;2;19.8;0
Montceau-les-Mines;46.67;4.36;17/08/2026;03:00;18.7;0;SOLEIL;2;15.8;0
Montceau-les-Mines;46.67;4.36;17/08/2026;04:00;18.7;0;SOLEIL;2;12.1;0
Montceau-les-Mines;46.67;4.36;17/08/2026;05:00;20.7;5;SOLEIL VOILÉ;3;19.1;0
Montceau-les-Mines;46.67;4.36;17/08/2026;06:00;20.7;5;SOLEIL VOILÉ;3;21.2;0
Montceau-les-Mines;46.67;4.36;17/08/2026;07:00;20.7;5;SOLEIL VOILÉ;3;21.6;0
Montceau-les-Mines;46.67;4.36;17/08/2026;08:00;24.2;5;SOLEIL VOILÉ;3;23.0;0
Montceau-les-Mines;46.67;4.36;17/08/2026;09:00;24.2;5;SOLEIL VOILÉ;3;28.1;0
Montceau-les-Mines;46.67;4.36;17/08/2026;10:00;24.2;5;SOLEIL VOILÉ;3;28.4;0
Montceau-les-Mines;46.67;4.36;17/08/2026;11:00;27.2;5;SOLEIL VOILÉ;4;29.2;0
Montceau-les-Mines;46.67;4.36;17/08/2026;12:00;27.2;5;SOLEIL VOILÉ;4;33.1;0
Montceau-les-Mines;46.67;4.36;17/08/2026;13:00;27.2;5;SOLEIL VOILÉ;4;36.4;0
Montceau-les-Mines;46.67;4.36;17/08/2026;14:00;31.6;5;SOLEIL VOILÉ;4;36.4;0
Montceau-les-Mines;46.67;4.36;17/08/2026;15:00;31.6;5;SOLEIL VOILÉ;4;33.1;0
Montceau-les-Mines;46.67;4.36;17/08/2026;16:00;31.6;5;SOLEIL VOILÉ;4;32.4;0
Montceau-les-Mines;46.67;4.36;17/08/2026;17:00;28.9;0;SOLEIL;3;33.8;0
Montceau-les-Mines;46.67;4.36;17/08/2026;18:00;28.9;0;SOLEIL;3;34.6;0
Montceau-les-Mines;46.67;4.36;17/08/2026;19:00;28.9;0;SOLEIL;3;35.6;0
Montceau-les-Mines;46.67;4.36;17/08/2026;20:00;22.6;0;SOLEIL;2;32.4;0
Montceau-les-Mines;46.67;4.36;17/08/2026;21:00;22.6;0;SOLEIL;2;34.9;0
Montceau-les-Mines;46.67;4.36;17/08/2026;22:00;22.6;0;SOLEIL;2;22.0;0
Montceau-les-Mines;46.67;4.36;17/08/2026;23:00;19.6;0;SOLEIL;2;11.9;0
Montceau-les-Mines;46.67;4.36;18/08/2026;00:00;19.6;0;SOLEIL;2;5.8;0
Montceau-les-Mines;46.67;4.36;18/08/2026;01:00;19.6;0;SOLEIL;2;5.8;0
Montceau-les-Mines;46.67;4.36;18/08/2026;02:00;18.1;0;SOLEIL;0;4.7;0
Montceau-les-Mines;46.67;4.36;18/08/2026;03:00;18.1;0;SOLEIL;0;4.7;0
Montceau-les-Mines;46.67;4.36;18/08/2026;04:00;18.1;0;SOLEIL;0;4.7;0
Montceau-les-Mines;46.67;4.36;18/08/2026;05:00;18.2;0;SOLEIL;2;4.3;0
Montceau-les-Mines;46.67;4.36;18/08/2026;06:00;18.2;0;SOLEIL;2;2.5;0
Montceau-les-Mines;46.67;4.36;18/08/2026;07:00;18.2;0;SOLEIL;2;4.0;0
Montceau-les-Mines;46.67;4.36;18/08/2026;08:00;26.2;0;SOLEIL;3;4.0;0
Montceau-les-Mines;46.67;4.36;18/08/2026;09:00;26.2;0;SOLEIL;3;9.0;0
Montceau-les-Mines;46.67;4.36;18/08/2026;10:00;26.2;0;SOLEIL;3;15.8;0
Montceau-les-Mines;46.67;4.36;18/08/2026;11:00;30.2;0;SOLEIL;4;21.2;0
Montceau-les-Mines;46.67;4.36;18/08/2026;12:00;30.2;0;SOLEIL;4;23.0;0
Montceau-les-Mines;46.67;4.36;18/08/2026;13:00;30.2;0;SOLEIL;4;23.0;0
Montceau-les-Mines;46.67;4.36;18/08/2026;14:00;32.7;0;SOLEIL;4;23.4;0
Montceau-les-Mines;46.67;4.36;18/08/2026;15:00;32.7;0;SOLEIL;4;24.5;0
Montceau-les-Mines;46.67;4.36;18/08/2026;16:00;32.7;0;SOLEIL;4;25.9;0
Montceau-les-Mines;46.67;4.36;18/08/2026;17:00;31.1;0;SOLEIL;4;26.6;0
Montceau-les-Mines;46.67;4.36;18/08/2026;18:00;31.1;0;SOLEIL;4;27.0;0
Montceau-les-Mines;46.67;4.36;18/08/2026;19:00;31.1;0;SOLEIL;4;27.0;0
Montceau-les-Mines;46.67;4.36;18/08/2026;20:00;24.4;0;SOLEIL;5;25.2;0
Montceau-les-Mines;46.67;4.36;18/08/2026;21:00;22.5;0;SOLEIL;5;19.8;0
Montceau-les-Mines;46.67;4.36;18/08/2026;22:00;20.7;0;SOLEIL;5;12.2;0
Montceau-les-Mines;46.67;4.36;18/08/2026;23:00;20.2;0;SOLEIL;2;6.8;0
Montceau-les-Mines;46.67;4.36;19/08/2026;00:00;20.2;0;SOLEIL;2;5.0;0
Montceau-les-Mines;46.67;4.36;19/08/2026;01:00;20.2;0;SOLEIL;2;5.4;0
Montceau-les-Mines;46.67;4.36;19/08/2026;02:00;16.7;0;SOLEIL;5;5.8;0
Montceau-les-Mines;46.67;4.36;19/08/2026;03:00;16.7;0;SOLEIL;5;6.1;0
Montceau-les-Mines;46.67;4.36;19/08/2026;04:00;16.7;0;SOLEIL;5;6.5;0
Montceau-les-Mines;46.67;4.36;19/08/2026;05:00;18.5;0;SOLEIL;3;6.8;0
Montceau-les-Mines;46.67;4.36;19/08/2026;06:00;18.5;0;SOLEIL;3;6.1;0
Montceau-les-Mines;46.67;4.36;19/08/2026;07:00;18.5;0;SOLEIL;3;5.0;0
Montceau-les-Mines;46.67;4.36;19/08/2026;08:00;19.3;0;SOLEIL;5;5.4;0
Montceau-les-Mines;46.67;4.36;19/08/2026;09:00;20.7;0;SOLEIL;5;7.9;0
Montceau-les-Mines;46.67;4.36;19/08/2026;10:00;22.0;0;SOLEIL;5;11.5;0
Montceau-les-Mines;46.67;4.36;19/08/2026;11:00;26.6;0;SOLEIL;5;15.5;0
Montceau-les-Mines;46.67;4.36;19/08/2026;12:00;26.6;0;SOLEIL;5;19.4;0
Montceau-les-Mines;46.67;4.36;19/08/2026;13:00;26.6;0;SOLEIL;5;23.8;0
Montceau-les-Mines;46.67;4.36;19/08/2026;14:00;27.3;0;SOLEIL;5;27.4;0
Montceau-les-Mines;46.67;4.36;19/08/2026;15:00;28.6;0;SOLEIL;5;29.9;0
Montceau-les-Mines;46.67;4.36;19/08/2026;16:00;27.3;0;SOLEIL;5;31.3;0
Montceau-les-Mines;46.67;4.36;19/08/2026;17:00;24.9;0;SOLEIL;4;32.0;0
Montceau-les-Mines;46.67;4.36;19/08/2026;18:00;24.9;0;SOLEIL;4;31.3;0
Montceau-les-Mines;46.67;4.36;19/08/2026;19:00;24.9;0;SOLEIL;4;29.9;0
Montceau-les-Mines;46.67;4.36;19/08/2026;20:00;22.0;0;SOLEIL;5;26.6;0
Montceau-les-Mines;46.67;4.36;19/08/2026;21:00;20.7;0;SOLEIL;5;20.5;0
Montceau-les-Mines;46.67;4.36;19/08/2026;22:00;19.3;0;SOLEIL;5;12.6;0
Montceau-les-Mines;46.67;4.36;19/08/2026;23:00;18.2;0;SOLEIL;2;7.9;0
Montceau-les-Mines;46.67;4.36;20/08/2026;00:00;18.2;0;SOLEIL;2;9.9;0
Montceau-les-Mines;46.67;4.36;20/08/2026;01:00;18.2;0;SOLEIL;2;14.8;0
Montceau-les-Mines;46.67;4.36;20/08/2026;02:00;15.5;0;SOLEIL;5;19.4;0
Montceau-les-Mines;46.67;4.36;20/08/2026;03:00;15.5;0;SOLEIL;5;24.1;0
Montceau-les-Mines;46.67;4.36;20/08/2026;04:00;15.5;0;SOLEIL;5;28.1;0
Montceau-les-Mines;46.67;4.36;20/08/2026;05:00;16.7;0;SOLEIL;3;30.2;0
Montceau-les-Mines;46.67;4.36;20/08/2026;06:00;16.7;0;SOLEIL;3;29.9;0
Montceau-les-Mines;46.67;4.36;20/08/2026;07:00;16.7;0;SOLEIL;3;28.1;0
Montceau-les-Mines;46.67;4.36;20/08/2026;08:00;17.9;0;SOLEIL;5;25.9;0
Montceau-les-Mines;46.67;4.36;20/08/2026;09:00;19.1;0;SOLEIL;5;23.8;0
Montceau-les-Mines;46.67;4.36;20/08/2026;10:00;20.3;0;SOLEIL;5;21.2;0
Montceau-les-Mines;46.67;4.36;20/08/2026;11:00;25.1;0;SOLEIL;4;19.1;0
Montceau-les-Mines;46.67;4.36;20/08/2026;12:00;25.1;0;SOLEIL;4;18.0;0
Montceau-les-Mines;46.67;4.36;20/08/2026;13:00;25.1;0;SOLEIL;4;17.3;0
Montceau-les-Mines;46.67;4.36;20/08/2026;14:00;25.2;0;SOLEIL;5;16.2;0
Montceau-les-Mines;46.67;4.36;20/08/2026;15:00;26.4;0;SOLEIL;5;13.7;0
Montceau-les-Mines;46.67;4.36;20/08/2026;16:00;25.2;0;SOLEIL;5;10.8;0
Montceau-les-Mines;46.67;4.36;20/08/2026;17:00;23.4;0;SOLEIL;4;10.1;0
Montceau-les-Mines;46.67;4.36;20/08/2026;18:00;23.4;0;SOLEIL;4;13.0;0
Montceau-les-Mines;46.67;4.36;20/08/2026;19:00;23.4;0;SOLEIL;4;17.6;0
Montceau-les-Mines;46.67;4.36;20/08/2026;20:00;20.3;0;SOLEIL;5;21.6;0
Montceau-les-Mines;46.67;4.36;20/08/2026;21:00;19.1;0;SOLEIL;5;23.8;0
Montceau-les-Mines;46.67;4.36;20/08/2026;22:00;17.9;0;SOLEIL;5;25.2;0
Montceau-les-Mines;46.67;4.36;20/08/2026;23:00;16.9;0;SOLEIL;3;25.2;0
Auxerre;47.79;3.57;16/08/2026;00:00;23.1;2;NUAGEUX;2;10.4;0
Auxerre;47.79;3.57;16/08/2026;01:00;22.7;2;NUAGEUX;2;8.3;0
Auxerre;47.79;3.57;16/08/2026;02:00;22.6;2;NUAGEUX;2;10.1;0
Auxerre;47.79;3.57;16/08/2026;03:00;21.4;2;NUAGEUX;3;29.9;0
Auxerre;47.79;3.57;16/08/2026;04:00;21.4;2;NUAGEUX;2;36.7;0
Auxerre;47.79;3.57;16/08/2026;05:00;21.1;2;NUAGEUX;2;23.4;0
Auxerre;47.79;3.57;16/08/2026;06:00;22.6;2;NUAGEUX;2;7.6;0
Auxerre;47.79;3.57;16/08/2026;07:00;24.7;2;NUAGEUX;2;12.6;0
Auxerre;47.79;3.57;16/08/2026;08:00;26.4;2;NUAGEUX;2;12.2;0
Auxerre;47.79;3.57;16/08/2026;09:00;28.1;2;NUAGEUX;2;15.5;0
Auxerre;47.79;3.57;16/08/2026;10:00;30.1;2;NUAGEUX;1;18.7;0
Auxerre;47.79;3.57;16/08/2026;11:00;32.1;2;NUAGEUX;2;23.8;0
Auxerre;47.79;3.57;16/08/2026;12:00;32.2;2;NUAGEUX;3;23.0;0
Auxerre;47.79;3.57;16/08/2026;13:00;31.4;2;NUAGEUX;4;23.0;0
Auxerre;47.79;3.57;16/08/2026;14:00;30.1;0;SOLEIL;4;33.8;0
Auxerre;47.79;3.57;16/08/2026;15:00;31;0;SOLEIL;4;41.4;0
Auxerre;47.79;3.57;16/08/2026;16:00;30.6;6;AVERSES;3;39.2;0.1
Auxerre;47.79;3.57;16/08/2026;17:00;29.4;10;ORAGEUX;3;43.6;0.1
Auxerre;47.79;3.57;16/08/2026;18:00;28.6;6;AVERSES;3;34.6;0.1
Auxerre;47.79;3.57;16/08/2026;19:00;27.1;5;SOLEIL VOILÉ;2;8.3;0
Auxerre;47.79;3.57;16/08/2026;20:00;26.1;5;SOLEIL VOILÉ;2;16.2;0
Auxerre;47.79;3.57;16/08/2026;21:00;24.4;5;SOLEIL VOILÉ;2;14.0;0
Auxerre;47.79;3.57;16/08/2026;22:00;23.1;5;SOLEIL VOILÉ;2;11.2;0
Auxerre;47.79;3.57;16/08/2026;23:00;21.5;5;SOLEIL VOILÉ;2;7.9;0
Auxerre;47.79;3.57;17/08/2026;00:00;20.2;0;SOLEIL;2;6.1;0
Auxerre;47.79;3.57;17/08/2026;01:00;20.2;0;SOLEIL;2;4.0;0
Auxerre;47.79;3.57;17/08/2026;02:00;19.6;5;SOLEIL VOILÉ;2;5.0;0
Auxerre;47.79;3.57;17/08/2026;03:00;19.6;5;SOLEIL VOILÉ;2;4.1;0
Auxerre;47.79;3.57;17/08/2026;04:00;19.6;5;SOLEIL VOILÉ;2;4.7;0
Auxerre;47.79;3.57;17/08/2026;05:00;20.6;5;SOLEIL VOILÉ;2;6.3;0
Auxerre;47.79;3.57;17/08/2026;06:00;20.6;5;SOLEIL VOILÉ;2;5.8;0
Auxerre;47.79;3.57;17/08/2026;07:00;20.6;5;SOLEIL VOILÉ;2;7.9;0
Auxerre;47.79;3.57;17/08/2026;08:00;26.4;5;SOLEIL VOILÉ;2;9.4;0
Auxerre;47.79;3.57;17/08/2026;09:00;26.4;5;SOLEIL VOILÉ;2;15.5;0
Auxerre;47.79;3.57;17/08/2026;10:00;26.4;5;SOLEIL VOILÉ;2;18.0;0
Auxerre;47.79;3.57;17/08/2026;11:00;30.1;5;SOLEIL VOILÉ;3;21.2;0
Auxerre;47.79;3.57;17/08/2026;12:00;30.1;5;SOLEIL VOILÉ;3;22.3;0
Auxerre;47.79;3.57;17/08/2026;13:00;30.1;5;SOLEIL VOILÉ;3;20.9;0
Auxerre;47.79;3.57;17/08/2026;14:00;30.6;5;SOLEIL VOILÉ;4;23.8;0
Auxerre;47.79;3.57;17/08/2026;15:00;30.6;5;SOLEIL VOILÉ;4;25.6;0
Auxerre;47.79;3.57;17/08/2026;16:00;30.6;5;SOLEIL VOILÉ;4;31.0;0
Auxerre;47.79;3.57;17/08/2026;17:00;30.4;0;SOLEIL;3;31.0;0
Auxerre;47.79;3.57;17/08/2026;18:00;30.4;0;SOLEIL;3;28.8;0
Auxerre;47.79;3.57;17/08/2026;19:00;30.4;0;SOLEIL;3;27.0;0
Auxerre;47.79;3.57;17/08/2026;20:00;23.4;0;SOLEIL;2;26.3;0
Auxerre;47.79;3.57;17/08/2026;21:00;23.4;0;SOLEIL;2;19.1;0
Auxerre;47.79;3.57;17/08/2026;22:00;23.4;0;SOLEIL;2;10.4;0
Auxerre;47.79;3.57;17/08/2026;23:00;19.6;0;SOLEIL;1;7.2;0
Auxerre;47.79;3.57;18/08/2026;00:00;19.6;0;SOLEIL;1;5.4;0
Auxerre;47.79;3.57;18/08/2026;01:00;19.6;0;SOLEIL;1;8.6;0
Auxerre;47.79;3.57;18/08/2026;02:00;16.6;0;SOLEIL;2;7.2;0
Auxerre;47.79;3.57;18/08/2026;03:00;16.6;0;SOLEIL;2;4.3;0
Auxerre;47.79;3.57;18/08/2026;04:00;16.6;0;SOLEIL;2;4.7;0
Auxerre;47.79;3.57;18/08/2026;05:00;18.4;0;SOLEIL;2;5.4;0
Auxerre;47.79;3.57;18/08/2026;06:00;18.4;0;SOLEIL;2;3.6;0
Auxerre;47.79;3.57;18/08/2026;07:00;18.4;0;SOLEIL;2;4.0;0
Auxerre;47.79;3.57;18/08/2026;08:00;26.1;0;SOLEIL;3;6.1;0
Auxerre;47.79;3.57;18/08/2026;09:00;26.1;0;SOLEIL;3;9.0;0
Auxerre;47.79;3.57;18/08/2026;10:00;26.1;0;SOLEIL;3;13.0;0
Auxerre;47.79;3.57;18/08/2026;11:00;29.5;0;SOLEIL;4;16.6;0
Auxerre;47.79;3.57;18/08/2026;12:00;29.5;0;SOLEIL;4;19.4;0
Auxerre;47.79;3.57;18/08/2026;13:00;29.5;0;SOLEIL;4;22.3;0
Auxerre;47.79;3.57;18/08/2026;14:00;33;0;SOLEIL;4;24.1;0
Auxerre;47.79;3.57;18/08/2026;15:00;33;0;SOLEIL;4;25.2;0
Auxerre;47.79;3.57;18/08/2026;16:00;33;0;SOLEIL;4;25.2;0
Auxerre;47.79;3.57;18/08/2026;17:00;31.2;0;SOLEIL;4;25.2;0
Auxerre;47.79;3.57;18/08/2026;18:00;31.2;0;SOLEIL;4;25.2;0
Auxerre;47.79;3.57;18/08/2026;19:00;31.2;0;SOLEIL;4;24.8;0
Auxerre;47.79;3.57;18/08/2026;20:00;23.8;0;SOLEIL;5;23.0;0
Auxerre;47.79;3.57;18/08/2026;21:00;21.8;0;SOLEIL;5;18.0;0
Auxerre;47.79;3.57;18/08/2026;22:00;19.8;0;SOLEIL;5;11.2;0
Auxerre;47.79;3.57;18/08/2026;23:00;19.6;0;SOLEIL;2;6.5;0
Auxerre;47.79;3.57;19/08/2026;00:00;19.6;0;SOLEIL;2;6.1;0
Auxerre;47.79;3.57;19/08/2026;01:00;19.6;0;SOLEIL;2;7.6;0
Auxerre;47.79;3.57;19/08/2026;02:00;18.9;0;SOLEIL;5;8.3;0
Auxerre;47.79;3.57;19/08/2026;03:00;18.9;0;SOLEIL;5;7.2;0
Auxerre;47.79;3.57;19/08/2026;04:00;18.9;0;SOLEIL;5;5.0;0
Auxerre;47.79;3.57;19/08/2026;05:00;19.7;0;SOLEIL;3;4.0;0
Auxerre;47.79;3.57;19/08/2026;06:00;19.7;0;SOLEIL;3;4.0;0
Auxerre;47.79;3.57;19/08/2026;07:00;19.7;0;SOLEIL;3;4.7;0
Auxerre;47.79;3.57;19/08/2026;08:00;20.8;0;SOLEIL;5;5.4;0
Auxerre;47.79;3.57;19/08/2026;09:00;21.8;0;SOLEIL;5;5.8;0
Auxerre;47.79;3.57;19/08/2026;10:00;22.8;0;SOLEIL;5;6.5;0
Auxerre;47.79;3.57;19/08/2026;11:00;26.1;0;SOLEIL;4;8.6;0
Auxerre;47.79;3.57;19/08/2026;12:00;26.1;0;SOLEIL;4;14.4;0
Auxerre;47.79;3.57;19/08/2026;13:00;26.1;0;SOLEIL;4;22.0;0
Auxerre;47.79;3.57;19/08/2026;14:00;26.6;0;SOLEIL;5;27.4;0
Auxerre;47.79;3.57;19/08/2026;15:00;27.6;0;SOLEIL;5;29.5;0
Auxerre;47.79;3.57;19/08/2026;16:00;26.6;0;SOLEIL;5;29.5;0
Auxerre;47.79;3.57;19/08/2026;17:00;24.6;0;SOLEIL;4;28.8;0
Auxerre;47.79;3.57;19/08/2026;18:00;24.6;0;SOLEIL;4;28.1;0
Auxerre;47.79;3.57;19/08/2026;19:00;24.6;0;SOLEIL;4;26.6;0
Auxerre;47.79;3.57;19/08/2026;20:00;22.8;0;SOLEIL;5;23.8;0
Auxerre;47.79;3.57;19/08/2026;21:00;21.8;0;SOLEIL;5;17.6;0
Auxerre;47.79;3.57;19/08/2026;22:00;20.8;0;SOLEIL;5;9.7;0
Auxerre;47.79;3.57;19/08/2026;23:00;19.1;0;SOLEIL;3;4.3;0
Auxerre;47.79;3.57;20/08/2026;00:00;19.1;0;SOLEIL;3;4.4;0
Auxerre;47.79;3.57;20/08/2026;01:00;19.1;0;SOLEIL;3;6.5;0
Auxerre;47.79;3.57;20/08/2026;02:00;16.5;0;SOLEIL;5;8.4;0
Auxerre;47.79;3.57;20/08/2026;03:00;16.5;0;SOLEIL;5;9.4;0
Auxerre;47.79;3.57;20/08/2026;04:00;16.5;0;SOLEIL;5;10.1;0
Auxerre;47.79;3.57;20/08/2026;05:00;17.2;0;SOLEIL;3;9.7;0
Auxerre;47.79;3.57;20/08/2026;06:00;17.2;0;SOLEIL;3;7.2;0
Auxerre;47.79;3.57;20/08/2026;07:00;17.2;0;SOLEIL;3;4.0;0
Auxerre;47.79;3.57;20/08/2026;08:00;18.9;0;SOLEIL;5;3.6;0
Auxerre;47.79;3.57;20/08/2026;09:00;20.0;0;SOLEIL;5;8.3;0
Auxerre;47.79;3.57;20/08/2026;10:00;21.2;0;SOLEIL;5;16.2;0
Auxerre;47.79;3.57;20/08/2026;11:00;25.9;0;SOLEIL;4;22.0;0
Auxerre;47.79;3.57;20/08/2026;12:00;25.9;0;SOLEIL;4;24.5;0
Auxerre;47.79;3.57;20/08/2026;13:00;25.9;0;SOLEIL;4;25.6;0
Auxerre;47.79;3.57;20/08/2026;14:00;25.9;0;SOLEIL;5;25.6;0
Auxerre;47.79;3.57;20/08/2026;15:00;27.1;0;SOLEIL;5;24.5;0
Auxerre;47.79;3.57;20/08/2026;16:00;25.9;0;SOLEIL;5;22.7;0
Auxerre;47.79;3.57;20/08/2026;17:00;24.2;0;SOLEIL;3;20.5;0
Auxerre;47.79;3.57;20/08/2026;18:00;24.2;0;SOLEIL;3;18.7;0
Auxerre;47.79;3.57;20/08/2026;19:00;24.2;0;SOLEIL;3;16.6;0
Auxerre;47.79;3.57;20/08/2026;20:00;21.2;0;SOLEIL;5;14.0;0
Auxerre;47.79;3.57;20/08/2026;21:00;20.0;0;SOLEIL;5;10.8;0
Auxerre;47.79;3.57;20/08/2026;22:00;18.9;0;SOLEIL;5;7.6;0
Auxerre;47.79;3.57;20/08/2026;23:00;17.7;0;SOLEIL;3;5.0;0
Sens;48.19;3.28;16/08/2026;00:00;23;2;NUAGEUX;3;13.3;0
Sens;48.19;3.28;16/08/2026;01:00;22.6;2;NUAGEUX;3;21.2;0
Sens;48.19;3.28;16/08/2026;02:00;22.6;2;NUAGEUX;3;18.7;0
Sens;48.19;3.28;16/08/2026;03:00;22.5;2;NUAGEUX;3;38.9;0
Sens;48.19;3.28;16/08/2026;04:00;21.7;5;SOLEIL VOILÉ;3;30.6;0
Sens;48.19;3.28;16/08/2026;05:00;21.1;5;SOLEIL VOILÉ;3;16.9;0
Sens;48.19;3.28;16/08/2026;06:00;22.7;2;NUAGEUX;3;14.4;0
Sens;48.19;3.28;16/08/2026;07:00;24.9;2;NUAGEUX;2;16.6;0
Sens;48.19;3.28;16/08/2026;08:00;26.6;2;NUAGEUX;2;9.4;0
Sens;48.19;3.28;16/08/2026;09:00;28.6;0;SOLEIL;2;11.9;0
Sens;48.19;3.28;16/08/2026;10:00;30.2;0;SOLEIL;3;19.1;0
Sens;48.19;3.28;16/08/2026;11:00;31.2;0;SOLEIL;3;24.1;0
Sens;48.19;3.28;16/08/2026;12:00;32.1;0;SOLEIL;2;23.4;0
Sens;48.19;3.28;16/08/2026;13:00;32.7;0;SOLEIL;3;24.5;0
Sens;48.19;3.28;16/08/2026;14:00;32.6;6;AVERSES;3;29.5;0.2
Sens;48.19;3.28;16/08/2026;15:00;31.6;0;SOLEIL;3;35.6;0
Sens;48.19;3.28;16/08/2026;16:00;30.1;0;SOLEIL;4;21.6;0
Sens;48.19;3.28;16/08/2026;17:00;29;0;SOLEIL;4;56.5;0
Sens;48.19;3.28;16/08/2026;18:00;27.7;0;SOLEIL;4;18.7;0
Sens;48.19;3.28;16/08/2026;19:00;26.1;5;SOLEIL VOILÉ;3;17.3;0
Sens;48.19;3.28;16/08/2026;20:00;24.6;5;SOLEIL VOILÉ;2;18.7;0
Sens;48.19;3.28;16/08/2026;21:00;23.5;5;SOLEIL VOILÉ;3;17.3;0
Sens;48.19;3.28;16/08/2026;22:00;22.6;5;SOLEIL VOILÉ;4;10.1;0
Sens;48.19;3.28;16/08/2026;23:00;22;5;SOLEIL VOILÉ;3;8.3;0
Sens;48.19;3.28;17/08/2026;00:00;21.5;5;SOLEIL VOILÉ;3;5.4;0
Sens;48.19;3.28;17/08/2026;01:00;21.5;5;SOLEIL VOILÉ;3;4.7;0
Sens;48.19;3.28;17/08/2026;02:00;20.5;5;SOLEIL VOILÉ;2;6.1;0
Sens;48.19;3.28;17/08/2026;03:00;20.5;5;SOLEIL VOILÉ;2;11.3;0
Sens;48.19;3.28;17/08/2026;04:00;20.5;5;SOLEIL VOILÉ;2;10.1;0
Sens;48.19;3.28;17/08/2026;05:00;20.6;5;SOLEIL VOILÉ;2;10.3;0
Sens;48.19;3.28;17/08/2026;06:00;20.6;5;SOLEIL VOILÉ;2;11.2;0
Sens;48.19;3.28;17/08/2026;07:00;20.6;5;SOLEIL VOILÉ;2;13.7;0
Sens;48.19;3.28;17/08/2026;08:00;26.4;5;SOLEIL VOILÉ;2;16.9;0
Sens;48.19;3.28;17/08/2026;09:00;26.4;5;SOLEIL VOILÉ;2;20.2;0
Sens;48.19;3.28;17/08/2026;10:00;26.4;5;SOLEIL VOILÉ;2;19.8;0
Sens;48.19;3.28;17/08/2026;11:00;30.6;5;SOLEIL VOILÉ;3;21.2;0
Sens;48.19;3.28;17/08/2026;12:00;30.6;5;SOLEIL VOILÉ;3;23.4;0
Sens;48.19;3.28;17/08/2026;13:00;30.6;5;SOLEIL VOILÉ;3;22.7;0
Sens;48.19;3.28;17/08/2026;14:00;31.2;5;SOLEIL VOILÉ;4;23.0;0
Sens;48.19;3.28;17/08/2026;15:00;31.2;5;SOLEIL VOILÉ;4;26.6;0
Sens;48.19;3.28;17/08/2026;16:00;31.2;5;SOLEIL VOILÉ;4;28.8;0
Sens;48.19;3.28;17/08/2026;17:00;30.9;0;SOLEIL;3;31.7;0
Sens;48.19;3.28;17/08/2026;18:00;30.9;0;SOLEIL;3;32.0;0
Sens;48.19;3.28;17/08/2026;19:00;30.9;0;SOLEIL;3;29.9;0
Sens;48.19;3.28;17/08/2026;20:00;22.1;0;SOLEIL;3;28.8;0
Sens;48.19;3.28;17/08/2026;21:00;22.1;0;SOLEIL;3;20.9;0
Sens;48.19;3.28;17/08/2026;22:00;22.1;0;SOLEIL;3;11.5;0
Sens;48.19;3.28;17/08/2026;23:00;19.1;0;SOLEIL;2;11.9;0
Sens;48.19;3.28;18/08/2026;00:00;19.1;0;SOLEIL;2;9.4;0
Sens;48.19;3.28;18/08/2026;01:00;19.1;0;SOLEIL;2;7.2;0
Sens;48.19;3.28;18/08/2026;02:00;17.7;0;SOLEIL;2;5.4;0
Sens;48.19;3.28;18/08/2026;03:00;17.7;0;SOLEIL;2;4.7;0
Sens;48.19;3.28;18/08/2026;04:00;17.7;0;SOLEIL;2;7.2;0
Sens;48.19;3.28;18/08/2026;05:00;18.7;0;SOLEIL;2;7.2;0
Sens;48.19;3.28;18/08/2026;06:00;18.7;0;SOLEIL;2;7.6;0
Sens;48.19;3.28;18/08/2026;07:00;18.7;0;SOLEIL;2;6.8;0
Sens;48.19;3.28;18/08/2026;08:00;25.2;0;SOLEIL;3;7.9;0
Sens;48.19;3.28;18/08/2026;09:00;25.2;0;SOLEIL;3;10.8;0
Sens;48.19;3.28;18/08/2026;10:00;25.2;0;SOLEIL;3;14.8;0
Sens;48.19;3.28;18/08/2026;11:00;29.5;0;SOLEIL;4;18.7;0
Sens;48.19;3.28;18/08/2026;12:00;29.5;0;SOLEIL;4;23.0;0
Sens;48.19;3.28;18/08/2026;13:00;29.5;0;SOLEIL;4;27.0;0
Sens;48.19;3.28;18/08/2026;14:00;32.1;0;SOLEIL;5;30.2;0
Sens;48.19;3.28;18/08/2026;15:00;32.1;0;SOLEIL;5;31.7;0
Sens;48.19;3.28;18/08/2026;16:00;32.1;0;SOLEIL;5;32.0;0
Sens;48.19;3.28;18/08/2026;17:00;30.6;0;SOLEIL;4;31.7;0
Sens;48.19;3.28;18/08/2026;18:00;30.6;0;SOLEIL;4;31.7;0
Sens;48.19;3.28;18/08/2026;19:00;30.6;0;SOLEIL;4;31.0;0
Sens;48.19;3.28;18/08/2026;20:00;24.1;0;SOLEIL;5;28.8;0
Sens;48.19;3.28;18/08/2026;21:00;22.3;0;SOLEIL;5;23.4;0
Sens;48.19;3.28;18/08/2026;22:00;20.6;0;SOLEIL;5;16.6;0
Sens;48.19;3.28;18/08/2026;23:00;20.1;0;SOLEIL;3;11.5;0
Sens;48.19;3.28;19/08/2026;00:00;20.1;0;SOLEIL;3;9.7;0
Sens;48.19;3.28;19/08/2026;01:00;20.1;0;SOLEIL;3;9.7;0
Sens;48.19;3.28;19/08/2026;02:00;19;0;SOLEIL;5;9.4;0
Sens;48.19;3.28;19/08/2026;03:00;19;0;SOLEIL;5;7.9;0
Sens;48.19;3.28;19/08/2026;04:00;19;0;SOLEIL;5;6.5;0
Sens;48.19;3.28;19/08/2026;05:00;19.5;0;SOLEIL;3;5.0;0
Sens;48.19;3.28;19/08/2026;06:00;19.5;0;SOLEIL;3;4.3;0
Sens;48.19;3.28;19/08/2026;07:00;19.5;0;SOLEIL;3;4.0;0
Sens;48.19;3.28;19/08/2026;08:00;20.9;0;SOLEIL;5;4.0;0
Sens;48.19;3.28;19/08/2026;09:00;21.8;0;SOLEIL;5;4.0;0
Sens;48.19;3.28;19/08/2026;10:00;22.7;0;SOLEIL;5;4.3;0
Sens;48.19;3.28;19/08/2026;11:00;26;0;SOLEIL;5;6.8;0
Sens;48.19;3.28;19/08/2026;12:00;26;0;SOLEIL;5;13.3;0
Sens;48.19;3.28;19/08/2026;13:00;26;0;SOLEIL;5;22.3;0
Sens;48.19;3.28;19/08/2026;14:00;26.5;0;SOLEIL;5;28.4;0
Sens;48.19;3.28;19/08/2026;15:00;27.4;0;SOLEIL;5;29.9;0
Sens;48.19;3.28;19/08/2026;16:00;26.5;0;SOLEIL;5;29.2;0
Sens;48.19;3.28;19/08/2026;17:00;24.9;0;SOLEIL;4;28.1;0
Sens;48.19;3.28;19/08/2026;18:00;24.9;0;SOLEIL;4;28.1;0
Sens;48.19;3.28;19/08/2026;19:00;24.9;0;SOLEIL;4;28.1;0
Sens;48.19;3.28;19/08/2026;20:00;22.7;0;SOLEIL;5;27.0;0
Sens;48.19;3.28;19/08/2026;21:00;21.8;0;SOLEIL;5;23.4;0
Sens;48.19;3.28;19/08/2026;22:00;20.9;0;SOLEIL;5;18.4;0
Sens;48.19;3.28;19/08/2026;23:00;19.1;0;SOLEIL;3;15.5;0
Sens;48.19;3.28;20/08/2026;00:00;19.1;0;SOLEIL;3;16.1;0
Sens;48.19;3.28;20/08/2026;01:00;19.1;0;SOLEIL;3;18.2;0
Sens;48.19;3.28;20/08/2026;02:00;16.4;0;SOLEIL;5;19.0;0
Sens;48.19;3.28;20/08/2026;03:00;16.4;0;SOLEIL;5;15.8;0
Sens;48.19;3.28;20/08/2026;04:00;16.4;0;SOLEIL;5;11.5;0
Sens;48.19;3.28;20/08/2026;05:00;17.1;0;SOLEIL;3;9.4;0
Sens;48.19;3.28;20/08/2026;06:00;17.1;0;SOLEIL;3;10.8;0
Sens;48.19;3.28;20/08/2026;07:00;17.1;0;SOLEIL;3;14.4;0
Sens;48.19;3.28;20/08/2026;08:00;18.7;0;SOLEIL;5;16.9;0
Sens;48.19;3.28;20/08/2026;09:00;19.8;0;SOLEIL;5;17.3;0
Sens;48.19;3.28;20/08/2026;10:00;20.9;0;SOLEIL;5;16.9;0
Sens;48.19;3.28;20/08/2026;11:00;25.6;0;SOLEIL;5;15.8;0
Sens;48.19;3.28;20/08/2026;12:00;25.6;0;SOLEIL;5;14.4;0
Sens;48.19;3.28;20/08/2026;13:00;25.6;0;SOLEIL;5;12.2;0
Sens;48.19;3.28;20/08/2026;14:00;25.5;0;SOLEIL;5;10.1;0
Sens;48.19;3.28;20/08/2026;15:00;26.6;0;SOLEIL;5;7.9;0
Sens;48.19;3.28;20/08/2026;16:00;25.5;0;SOLEIL;5;5.4;0
Sens;48.19;3.28;20/08/2026;17:00;23.6;0;SOLEIL;3;4.7;0
Sens;48.19;3.28;20/08/2026;18:00;23.6;0;SOLEIL;3;6.5;0
Sens;48.19;3.28;20/08/2026;19:00;23.6;0;SOLEIL;3;9.7;0
Sens;48.19;3.28;20/08/2026;20:00;20.9;0;SOLEIL;5;12.6;0
Sens;48.19;3.28;20/08/2026;21:00;19.8;0;SOLEIL;5;15.5;0
Sens;48.19;3.28;20/08/2026;22:00;18.7;0;SOLEIL;5;18.4;0
Sens;48.19;3.28;20/08/2026;23:00;17.6;0;SOLEIL;3;19.1;0
Belfort;47.63;6.86;16/08/2026;00:00;23.2;5;SOLEIL VOILÉ;2;7.9;0
Belfort;47.63;6.86;16/08/2026;01:00;22.5;5;SOLEIL VOILÉ;2;6.5;0
Belfort;47.63;6.86;16/08/2026;02:00;22.4;5;SOLEIL VOILÉ;1;5.4;0
Belfort;47.63;6.86;16/08/2026;03:00;21.4;2;NUAGEUX;2;4.0;0
Belfort;47.63;6.86;16/08/2026;04:00;22.1;2;NUAGEUX;3;5.0;0
Belfort;47.63;6.86;16/08/2026;05:00;22.5;2;NUAGEUX;2;7.2;0
Belfort;47.63;6.86;16/08/2026;06:00;24.1;2;NUAGEUX;1;15.8;0
Belfort;47.63;6.86;16/08/2026;07:00;27.1;2;NUAGEUX;2;38.2;0
Belfort;47.63;6.86;16/08/2026;08:00;27;2;NUAGEUX;2;14.8;0
Belfort;47.63;6.86;16/08/2026;09:00;27.5;2;NUAGEUX;3;14.0;0
Belfort;47.63;6.86;16/08/2026;10:00;27.5;2;NUAGEUX;3;19.1;0
Belfort;47.63;6.86;16/08/2026;11:00;28.2;2;NUAGEUX;3;16.9;0
Belfort;47.63;6.86;16/08/2026;12:00;28.5;2;NUAGEUX;3;17.6;0
Belfort;47.63;6.86;16/08/2026;13:00;28.9;2;NUAGEUX;3;19.1;0
Belfort;47.63;6.86;16/08/2026;14:00;30.6;2;NUAGEUX;4;15.8;0
Belfort;47.63;6.86;16/08/2026;15:00;31.2;2;NUAGEUX;4;19.4;0
Belfort;47.63;6.86;16/08/2026;16:00;30.1;2;NUAGEUX;3;23.4;0
Belfort;47.63;6.86;16/08/2026;17:00;27.7;2;NUAGEUX;4;23.4;0
Belfort;47.63;6.86;16/08/2026;18:00;25.5;2;NUAGEUX;4;20.9;0
Belfort;47.63;6.86;16/08/2026;19:00;23.2;5;SOLEIL VOILÉ;3;19.1;0
Belfort;47.63;6.86;16/08/2026;20:00;21.7;2;NUAGEUX;2;21.2;0
Belfort;47.63;6.86;16/08/2026;21:00;21.2;2;NUAGEUX;2;16.9;0
Belfort;47.63;6.86;16/08/2026;22:00;21.6;6;AVERSES;3;12.6;0.2
Belfort;47.63;6.86;16/08/2026;23:00;19.5;6;AVERSES;2;10.8;0.3
Belfort;47.63;6.86;17/08/2026;00:00;19.2;6;AVERSES;2;11.9;0.1
Belfort;47.63;6.86;17/08/2026;01:00;19.2;6;AVERSES;2;8.3;0.1
Belfort;47.63;6.86;17/08/2026;02:00;18.1;10;ORAGEUX;3;6.5;0
Belfort;47.63;6.86;17/08/2026;03:00;18.1;10;ORAGEUX;3;11.3;0
Belfort;47.63;6.86;17/08/2026;04:00;18.1;10;ORAGEUX;3;14.4;0
Belfort;47.63;6.86;17/08/2026;05:00;19.1;5;SOLEIL VOILÉ;3;22.5;0
Belfort;47.63;6.86;17/08/2026;06:00;19.1;5;SOLEIL VOILÉ;3;25.2;0
Belfort;47.63;6.86;17/08/2026;07:00;19.1;5;SOLEIL VOILÉ;3;25.6;0
Belfort;47.63;6.86;17/08/2026;08:00;23.5;5;SOLEIL VOILÉ;3;20.5;0
Belfort;47.63;6.86;17/08/2026;09:00;23.5;5;SOLEIL VOILÉ;3;27.7;0
Belfort;47.63;6.86;17/08/2026;10:00;23.5;5;SOLEIL VOILÉ;3;29.5;0
Belfort;47.63;6.86;17/08/2026;11:00;25.6;5;SOLEIL VOILÉ;4;30.6;0
Belfort;47.63;6.86;17/08/2026;12:00;25.6;5;SOLEIL VOILÉ;4;31.7;0
Belfort;47.63;6.86;17/08/2026;13:00;25.6;5;SOLEIL VOILÉ;4;31.3;0
Belfort;47.63;6.86;17/08/2026;14:00;28.1;0;SOLEIL;4;32.4;0
Belfort;47.63;6.86;17/08/2026;15:00;28.1;0;SOLEIL;4;34.2;0
Belfort;47.63;6.86;17/08/2026;16:00;28.1;0;SOLEIL;4;34.6;0
Belfort;47.63;6.86;17/08/2026;17:00;26.1;0;SOLEIL;2;31.7;0
Belfort;47.63;6.86;17/08/2026;18:00;26.1;0;SOLEIL;2;31.7;0
Belfort;47.63;6.86;17/08/2026;19:00;26.1;0;SOLEIL;2;31.0;0
Belfort;47.63;6.86;17/08/2026;20:00;19.1;0;SOLEIL;1;26.3;0
Belfort;47.63;6.86;17/08/2026;21:00;19.1;0;SOLEIL;1;18.0;0
Belfort;47.63;6.86;17/08/2026;22:00;19.1;0;SOLEIL;1;9.7;0
Belfort;47.63;6.86;17/08/2026;23:00;16.2;0;SOLEIL;1;8.6;0
Belfort;47.63;6.86;18/08/2026;00:00;16.2;0;SOLEIL;1;7.9;0
Belfort;47.63;6.86;18/08/2026;01:00;16.2;0;SOLEIL;1;7.9;0
Belfort;47.63;6.86;18/08/2026;02:00;15.1;0;SOLEIL;1;7.6;0
Belfort;47.63;6.86;18/08/2026;03:00;15.1;0;SOLEIL;1;7.9;0
Belfort;47.63;6.86;18/08/2026;04:00;15.1;0;SOLEIL;1;6.8;0
Belfort;47.63;6.86;18/08/2026;05:00;18.2;0;SOLEIL;1;7.2;0
Belfort;47.63;6.86;18/08/2026;06:00;18.2;0;SOLEIL;1;7.2;0
Belfort;47.63;6.86;18/08/2026;07:00;18.2;0;SOLEIL;1;7.2;0
Belfort;47.63;6.86;18/08/2026;08:00;24.9;0;SOLEIL;3;6.5;0
Belfort;47.63;6.86;18/08/2026;09:00;24.9;0;SOLEIL;3;12.6;0
Belfort;47.63;6.86;18/08/2026;10:00;24.9;0;SOLEIL;3;20.9;0
Belfort;47.63;6.86;18/08/2026;11:00;28.5;0;SOLEIL;4;27.4;0
Belfort;47.63;6.86;18/08/2026;12:00;28.5;0;SOLEIL;4;30.2;0
Belfort;47.63;6.86;18/08/2026;13:00;28.5;0;SOLEIL;4;31.7;0
Belfort;47.63;6.86;18/08/2026;14:00;30.6;0;SOLEIL;4;32.0;0
Belfort;47.63;6.86;18/08/2026;15:00;30.6;0;SOLEIL;4;32.0;0
Belfort;47.63;6.86;18/08/2026;16:00;30.6;0;SOLEIL;4;31.3;0
Belfort;47.63;6.86;18/08/2026;17:00;29.1;0;SOLEIL;4;29.9;0
Belfort;47.63;6.86;18/08/2026;18:00;29.1;0;SOLEIL;4;28.4;0
Belfort;47.63;6.86;18/08/2026;19:00;29.1;0;SOLEIL;4;26.3;0
Belfort;47.63;6.86;18/08/2026;20:00;22.1;0;SOLEIL;5;23.0;0
Belfort;47.63;6.86;18/08/2026;21:00;20.2;0;SOLEIL;5;17.3;0
Belfort;47.63;6.86;18/08/2026;22:00;18.3;0;SOLEIL;5;10.1;0
Belfort;47.63;6.86;18/08/2026;23:00;19.6;0;SOLEIL;2;4.7;0
Belfort;47.63;6.86;19/08/2026;00:00;19.6;0;SOLEIL;2;3.2;0
Belfort;47.63;6.86;19/08/2026;01:00;19.6;0;SOLEIL;2;3.6;0
Belfort;47.63;6.86;19/08/2026;02:00;15.5;0;SOLEIL;5;4.0;0
Belfort;47.63;6.86;19/08/2026;03:00;15.5;0;SOLEIL;5;3.6;0
Belfort;47.63;6.86;19/08/2026;04:00;15.5;0;SOLEIL;5;2.9;0
Belfort;47.63;6.86;19/08/2026;05:00;17.1;0;SOLEIL;3;2.9;0
Belfort;47.63;6.86;19/08/2026;06:00;17.1;0;SOLEIL;3;2.9;0
Belfort;47.63;6.86;19/08/2026;07:00;17.1;0;SOLEIL;3;2.9;0
Belfort;47.63;6.86;19/08/2026;08:00;17.9;0;SOLEIL;5;5.8;0
Belfort;47.63;6.86;19/08/2026;09:00;19.1;0;SOLEIL;5;13.0;0
Belfort;47.63;6.86;19/08/2026;10:00;20.3;0;SOLEIL;5;23.0;0
Belfort;47.63;6.86;19/08/2026;11:00;24.5;0;SOLEIL;5;30.6;0
Belfort;47.63;6.86;19/08/2026;12:00;24.5;0;SOLEIL;5;34.2;0
Belfort;47.63;6.86;19/08/2026;13:00;24.5;0;SOLEIL;5;35.6;0
Belfort;47.63;6.86;19/08/2026;14:00;25.2;0;SOLEIL;5;36.4;0
Belfort;47.63;6.86;19/08/2026;15:00;26.4;0;SOLEIL;5;36.4;0
Belfort;47.63;6.86;19/08/2026;16:00;25.2;0;SOLEIL;5;35.6;0
Belfort;47.63;6.86;19/08/2026;17:00;22.7;0;SOLEIL;3;33.5;0
Belfort;47.63;6.86;19/08/2026;18:00;22.7;0;SOLEIL;3;29.9;0
Belfort;47.63;6.86;19/08/2026;19:00;22.7;0;SOLEIL;3;24.8;0
Belfort;47.63;6.86;19/08/2026;20:00;20.3;0;SOLEIL;5;19.8;0
Belfort;47.63;6.86;19/08/2026;21:00;19.1;0;SOLEIL;5;14.0;0
Belfort;47.63;6.86;19/08/2026;22:00;17.9;0;SOLEIL;5;8.3;0
Belfort;47.63;6.86;19/08/2026;23:00;16.6;0;SOLEIL;2;4.0;0
Belfort;47.63;6.86;20/08/2026;00:00;16.6;0;SOLEIL;2;3.1;0
Belfort;47.63;6.86;20/08/2026;01:00;16.6;0;SOLEIL;2;3.2;0
Belfort;47.63;6.86;20/08/2026;02:00;14.6;7;PLUIE FAIBLE;5;3.7;0
Belfort;47.63;6.86;20/08/2026;03:00;14.6;7;PLUIE FAIBLE;5;4.3;0
Belfort;47.63;6.86;20/08/2026;04:00;14.6;7;PLUIE FAIBLE;5;5.8;0
Belfort;47.63;6.86;20/08/2026;05:00;16.1;0;SOLEIL;2;7.9;0
Belfort;47.63;6.86;20/08/2026;06:00;16.1;0;SOLEIL;2;10.4;0
Belfort;47.63;6.86;20/08/2026;07:00;16.1;0;SOLEIL;2;13.3;0
Belfort;47.63;6.86;20/08/2026;08:00;16.6;7;PLUIE FAIBLE;5;16.9;0
Belfort;47.63;6.86;20/08/2026;09:00;17.6;7;PLUIE FAIBLE;5;22.7;0
Belfort;47.63;6.86;20/08/2026;10:00;18.6;7;PLUIE FAIBLE;5;28.8;0
Belfort;47.63;6.86;20/08/2026;11:00;23;7;PLUIE FAIBLE;4;32.0;0
Belfort;47.63;6.86;20/08/2026;12:00;23;7;PLUIE FAIBLE;4;28.8;0
Belfort;47.63;6.86;20/08/2026;13:00;23;7;PLUIE FAIBLE;4;22.0;0
Belfort;47.63;6.86;20/08/2026;14:00;22.7;7;PLUIE FAIBLE;5;18.0;0
Belfort;47.63;6.86;20/08/2026;15:00;23.7;7;PLUIE FAIBLE;5;19.8;0
Belfort;47.63;6.86;20/08/2026;16:00;22.7;7;PLUIE FAIBLE;5;24.5;0
Belfort;47.63;6.86;20/08/2026;17:00;21.2;7;PLUIE FAIBLE;3;27.0;0
Belfort;47.63;6.86;20/08/2026;18:00;21.2;7;PLUIE FAIBLE;3;25.2;0
Belfort;47.63;6.86;20/08/2026;19:00;21.2;7;PLUIE FAIBLE;3;21.2;0
Belfort;47.63;6.86;20/08/2026;20:00;18.6;7;PLUIE FAIBLE;5;18.0;0
Belfort;47.63;6.86;20/08/2026;21:00;17.6;7;PLUIE FAIBLE;5;16.9;0
Belfort;47.63;6.86;20/08/2026;22:00;16.6;7;PLUIE FAIBLE;5;16.9;0
Belfort;47.63;6.86;20/08/2026;23:00;15.4;0;SOLEIL;2;15.8;0
