Ville;Latitude;Longitude;Date;Heure;temperature_2m;weathercode;Temps_Label;windspeed_10m;wind_gusts_10m;precipitation
Bourg-en-Bresse;46.2;5.22;09/09/2026;00:00;22.9;2;NUAGEUX;2;7.6;0
Bourg-en-Bresse;46.2;5.22;09/09/2026;01:00;22.1;6;AVERSES;4;5.4;0.1
Bourg-en-Bresse;46.2;5.22;09/09/2026;02:00;21.2;6;AVERSES;3;8.3;0.1
Bourg-en-Bresse;46.2;5.22;09/09/2026;03:00;21.2;6;AVERSES;3;12.6;0.2
Bourg-en-Bresse;46.2;5.22;09/09/2026;04:00;18.6;6;AVERSES;3;21.2;2.2
Bourg-en-Bresse;46.2;5.22;09/09/2026;05:00;16.4;6;AVERSES;4;28.4;5.3
Bourg-en-Bresse;46.2;5.22;09/09/2026;06:00;16.6;6;AVERSES;4;26.6;1.8
Bourg-en-Bresse;46.2;5.22;09/09/2026;07:00;15.7;6;AVERSES;3;23.8;0.7
Bourg-en-Bresse;46.2;5.22;09/09/2026;08:00;16.6;6;AVERSES;3;14.0;0.1
Bourg-en-Bresse;46.2;5.22;09/09/2026;09:00;17.6;6;AVERSES;4;15.1;0.1
Bourg-en-Bresse;46.2;5.22;09/09/2026;10:00;18.6;2;NUAGEUX;3;23.4;0
Bourg-en-Bresse;46.2;5.22;09/09/2026;11:00;20.2;2;NUAGEUX;4;27.0;0
Bourg-en-Bresse;46.2;5.22;09/09/2026;12:00;21.1;2;NUAGEUX;4;31.7;0
Bourg-en-Bresse;46.2;5.22;09/09/2026;13:00;21.6;2;NUAGEUX;4;32.0;0
Bourg-en-Bresse;46.2;5.22;09/09/2026;14:00;21;2;NUAGEUX;4;31.0;0
Bourg-en-Bresse;46.2;5.22;09/09/2026;15:00;21.4;2;NUAGEUX;4;31.7;0
Bourg-en-Bresse;46.2;5.22;09/09/2026;16:00;20.6;5;SOLEIL VOILÉ;4;32.0;0
Bourg-en-Bresse;46.2;5.22;09/09/2026;17:00;19.9;0;SOLEIL;4;33.8;0
Bourg-en-Bresse;46.2;5.22;09/09/2026;18:00;18.6;0;SOLEIL;4;35.3;0
Bourg-en-Bresse;46.2;5.22;09/09/2026;19:00;18.4;0;SOLEIL;3;36.0;0
Bourg-en-Bresse;46.2;5.22;09/09/2026;20:00;17.4;0;SOLEIL;3;27.4;0
Bourg-en-Bresse;46.2;5.22;09/09/2026;21:00;17.2;0;SOLEIL;4;26.3;0
Bourg-en-Bresse;46.2;5.22;09/09/2026;22:00;16.6;0;SOLEIL;4;25.6;0
Bourg-en-Bresse;46.2;5.22;09/09/2026;23:00;16.7;0;SOLEIL;4;22.7;0
Bourg-en-Bresse;46.2;5.22;10/09/2026;00:00;16.6;0;SOLEIL;4;23.0;0
Bourg-en-Bresse;46.2;5.22;10/09/2026;01:00;16.6;0;SOLEIL;4;26.3;0
Bourg-en-Bresse;46.2;5.22;10/09/2026;02:00;15.5;0;SOLEIL;4;26.6;0
Bourg-en-Bresse;46.2;5.22;10/09/2026;03:00;15.5;0;SOLEIL;4;27.7;0
Bourg-en-Bresse;46.2;5.22;10/09/2026;04:00;15.5;0;SOLEIL;4;26.3;0
Bourg-en-Bresse;46.2;5.22;10/09/2026;05:00;14.7;0;SOLEIL;4;28.1;0
Bourg-en-Bresse;46.2;5.22;10/09/2026;06:00;14.7;0;SOLEIL;4;30.2;0
Bourg-en-Bresse;46.2;5.22;10/09/2026;07:00;14.7;0;SOLEIL;4;31.0;0
Bourg-en-Bresse;46.2;5.22;10/09/2026;08:00;18.2;0;SOLEIL;5;31.0;0
Bourg-en-Bresse;46.2;5.22;10/09/2026;09:00;18.2;0;SOLEIL;5;31.7;0
Bourg-en-Bresse;46.2;5.22;10/09/2026;10:00;18.2;0;SOLEIL;5;36.0;0
Bourg-en-Bresse;46.2;5.22;10/09/2026;11:00;22.2;0;SOLEIL;5;36.4;0
Bourg-en-Bresse;46.2;5.22;10/09/2026;12:00;22.2;0;SOLEIL;5;41.0;0
Bourg-en-Bresse;46.2;5.22;10/09/2026;13:00;22.2;0;SOLEIL;5;46.1;0
Bourg-en-Bresse;46.2;5.22;10/09/2026;14:00;23.9;0;SOLEIL;4;47.4;0
Bourg-en-Bresse;46.2;5.22;10/09/2026;15:00;23.9;0;SOLEIL;4;45.7;0
Bourg-en-Bresse;46.2;5.22;10/09/2026;16:00;23.9;0;SOLEIL;4;43.6;0
Bourg-en-Bresse;46.2;5.22;10/09/2026;17:00;21.2;0;SOLEIL;3;41.0;0
Bourg-en-Bresse;46.2;5.22;10/09/2026;18:00;21.2;0;SOLEIL;3;39.6;0
Bourg-en-Bresse;46.2;5.22;10/09/2026;19:00;21.2;0;SOLEIL;3;37.4;0
Bourg-en-Bresse;46.2;5.22;10/09/2026;20:00;17.4;0;SOLEIL;2;34.6;0
Bourg-en-Bresse;46.2;5.22;10/09/2026;21:00;17.4;0;SOLEIL;2;29.5;0
Bourg-en-Bresse;46.2;5.22;10/09/2026;22:00;17.4;0;SOLEIL;2;22.0;0
Bourg-en-Bresse;46.2;5.22;10/09/2026;23:00;15.6;0;SOLEIL;2;14.8;0
Bourg-en-Bresse;46.2;5.22;11/09/2026;00:00;15.6;0;SOLEIL;2;10.8;0
Bourg-en-Bresse;46.2;5.22;11/09/2026;01:00;15.6;0;SOLEIL;2;9.7;0
Bourg-en-Bresse;46.2;5.22;11/09/2026;02:00;14.1;0;SOLEIL;2;9.7;0
Bourg-en-Bresse;46.2;5.22;11/09/2026;03:00;14.1;0;SOLEIL;2;9.7;0
Bourg-en-Bresse;46.2;5.22;11/09/2026;04:00;14.1;0;SOLEIL;2;9.4;0
Bourg-en-Bresse;46.2;5.22;11/09/2026;05:00;13.4;0;SOLEIL;1;9.0;0
Bourg-en-Bresse;46.2;5.22;11/09/2026;06:00;13.4;0;SOLEIL;1;7.6;0
Bourg-en-Bresse;46.2;5.22;11/09/2026;07:00;13.4;0;SOLEIL;1;7.2;0
Bourg-en-Bresse;46.2;5.22;11/09/2026;08:00;20.5;0;SOLEIL;2;7.2;0
Bourg-en-Bresse;46.2;5.22;11/09/2026;09:00;20.5;0;SOLEIL;2;6.8;0
Bourg-en-Bresse;46.2;5.22;11/09/2026;10:00;20.5;0;SOLEIL;2;7.9;0
Bourg-en-Bresse;46.2;5.22;11/09/2026;11:00;23.6;0;SOLEIL;3;15.1;0
Bourg-en-Bresse;46.2;5.22;11/09/2026;12:00;23.6;0;SOLEIL;3;29.5;0
Bourg-en-Bresse;46.2;5.22;11/09/2026;13:00;23.6;0;SOLEIL;3;32.8;0
Bourg-en-Bresse;46.2;5.22;11/09/2026;14:00;25.9;0;SOLEIL;4;33.8;0
Bourg-en-Bresse;46.2;5.22;11/09/2026;15:00;25.9;0;SOLEIL;4;37.1;0
Bourg-en-Bresse;46.2;5.22;11/09/2026;16:00;25.9;0;SOLEIL;4;39.2;0
Bourg-en-Bresse;46.2;5.22;11/09/2026;17:00;22.1;0;SOLEIL;3;40.7;0
Bourg-en-Bresse;46.2;5.22;11/09/2026;18:00;22.1;0;SOLEIL;3;41.8;0
Bourg-en-Bresse;46.2;5.22;11/09/2026;19:00;22.1;0;SOLEIL;3;42.5;0
Bourg-en-Bresse;46.2;5.22;11/09/2026;20:00;18.8;0;SOLEIL;5;40.7;0
Bourg-en-Bresse;46.2;5.22;11/09/2026;21:00;17.2;0;SOLEIL;5;35.3;0
Bourg-en-Bresse;46.2;5.22;11/09/2026;22:00;15.7;0;SOLEIL;5;27.4;0
Bourg-en-Bresse;46.2;5.22;11/09/2026;23:00;17.2;0;SOLEIL;2;21.2;0
Bourg-en-Bresse;46.2;5.22;12/09/2026;00:00;17.2;0;SOLEIL;2;17.6;0
Bourg-en-Bresse;46.2;5.22;12/09/2026;01:00;17.2;0;SOLEIL;2;15.1;0
Bourg-en-Bresse;46.2;5.22;12/09/2026;02:00;15.5;0;SOLEIL;5;14.0;0
Bourg-en-Bresse;46.2;5.22;12/09/2026;03:00;15.5;0;SOLEIL;5;14.4;0
Bourg-en-Bresse;46.2;5.22;12/09/2026;04:00;15.5;0;SOLEIL;5;15.8;0
Bourg-en-Bresse;46.2;5.22;12/09/2026;05:00;16.1;0;SOLEIL;2;16.2;0
Bourg-en-Bresse;46.2;5.22;12/09/2026;06:00;16.1;0;SOLEIL;2;13.7;0
Bourg-en-Bresse;46.2;5.22;12/09/2026;07:00;16.1;0;SOLEIL;2;10.4;0
Bourg-en-Bresse;46.2;5.22;12/09/2026;08:00;18.0;0;SOLEIL;5;10.8;0
Bourg-en-Bresse;46.2;5.22;12/09/2026;09:00;19.2;0;SOLEIL;5;18.4;0
Bourg-en-Bresse;46.2;5.22;12/09/2026;10:00;20.4;0;SOLEIL;5;29.5;0
Bourg-en-Bresse;46.2;5.22;12/09/2026;11:00;24.2;0;SOLEIL;3;38.2;0
Bourg-en-Bresse;46.2;5.22;12/09/2026;12:00;24.2;0;SOLEIL;3;42.1;0
Bourg-en-Bresse;46.2;5.22;12/09/2026;13:00;24.2;0;SOLEIL;3;43.9;0
Bourg-en-Bresse;46.2;5.22;12/09/2026;14:00;25.4;0;SOLEIL;5;44.6;0
Bourg-en-Bresse;46.2;5.22;12/09/2026;15:00;26.6;0;SOLEIL;5;44.6;0
Bourg-en-Bresse;46.2;5.22;12/09/2026;16:00;25.4;0;SOLEIL;5;43.6;0
Bourg-en-Bresse;46.2;5.22;12/09/2026;17:00;23;0;SOLEIL;2;41.8;0
Bourg-en-Bresse;46.2;5.22;12/09/2026;18:00;23;0;SOLEIL;2;40.0;0
Bourg-en-Bresse;46.2;5.22;12/09/2026;19:00;23;0;SOLEIL;2;37.8;0
Bourg-en-Bresse;46.2;5.22;12/09/2026;20:00;20.4;0;SOLEIL;5;33.8;0
Bourg-en-Bresse;46.2;5.22;12/09/2026;21:00;19.2;0;SOLEIL;5;27.0;0
Bourg-en-Bresse;46.2;5.22;12/09/2026;22:00;18.0;0;SOLEIL;5;18.4;0
Bourg-en-Bresse;46.2;5.22;12/09/2026;23:00;18;0;SOLEIL;1;12.2;0
Bourg-en-Bresse;46.2;5.22;13/09/2026;00:00;18;0;SOLEIL;1;10.8;0
Bourg-en-Bresse;46.2;5.22;13/09/2026;01:00;18;0;SOLEIL;1;11.9;0
Bourg-en-Bresse;46.2;5.22;13/09/2026;02:00;14.6;0;SOLEIL;5;12.2;0
Bourg-en-Bresse;46.2;5.22;13/09/2026;03:00;14.6;0;SOLEIL;5;10.1;0
Bourg-en-Bresse;46.2;5.22;13/09/2026;04:00;14.6;0;SOLEIL;5;7.6;0
Bourg-en-Bresse;46.2;5.22;13/09/2026;05:00;15.2;0;SOLEIL;1;5.4;0
Bourg-en-Bresse;46.2;5.22;13/09/2026;06:00;15.2;0;SOLEIL;1;4.9;0
Bourg-en-Bresse;46.2;5.22;13/09/2026;07:00;15.2;0;SOLEIL;1;5.2;0
Bourg-en-Bresse;46.2;5.22;13/09/2026;08:00;17.6;0;SOLEIL;5;5.3;0
Bourg-en-Bresse;46.2;5.22;13/09/2026;09:00;19.1;0;SOLEIL;5;9.0;0
Bourg-en-Bresse;46.2;5.22;13/09/2026;10:00;20.6;0;SOLEIL;5;14.0;0
Bourg-en-Bresse;46.2;5.22;13/09/2026;11:00;25.7;0;SOLEIL;2;19.1;0
Bourg-en-Bresse;46.2;5.22;13/09/2026;12:00;25.7;0;SOLEIL;2;24.8;0
Bourg-en-Bresse;46.2;5.22;13/09/2026;13:00;25.7;0;SOLEIL;2;30.6;0
Bourg-en-Bresse;46.2;5.22;13/09/2026;14:00;26.5;0;SOLEIL;5;34.9;0
Bourg-en-Bresse;46.2;5.22;13/09/2026;15:00;28.0;0;SOLEIL;5;36.4;0
Bourg-en-Bresse;46.2;5.22;13/09/2026;16:00;26.5;0;SOLEIL;5;36.4;0
Bourg-en-Bresse;46.2;5.22;13/09/2026;17:00;24;0;SOLEIL;2;35.6;0
Bourg-en-Bresse;46.2;5.22;13/09/2026;18:00;24;0;SOLEIL;2;34.6;0
Bourg-en-Bresse;46.2;5.22;13/09/2026;19:00;24;0;SOLEIL;2;32.8;0
Bourg-en-Bresse;46.2;5.22;13/09/2026;20:00;20.6;0;SOLEIL;5;29.9;0
Bourg-en-Bresse;46.2;5.22;13/09/2026;21:00;19.1;0;SOLEIL;5;24.5;0
Bourg-en-Bresse;46.2;5.22;13/09/2026;22:00;17.6;0;SOLEIL;5;18.0;0
Bourg-en-Bresse;46.2;5.22;13/09/2026;23:00;19.4;0;SOLEIL;2;13.0;0
Vichy;46.12;3.42;09/09/2026;00:00;20.2;2;NUAGEUX;1;11.2;0
Vichy;46.12;3.42;09/09/2026;01:00;19.6;6;AVERSES;3;10.4;0.1
Vichy;46.12;3.42;09/09/2026;02:00;19.6;6;AVERSES;3;14.8;0.1
Vichy;46.12;3.42;09/09/2026;03:00;18.7;6;AVERSES;3;19.8;1.3
Vichy;46.12;3.42;09/09/2026;04:00;16.2;6;AVERSES;4;28.4;3.2
Vichy;46.12;3.42;09/09/2026;05:00;14.6;6;AVERSES;3;33.5;4.5
Vichy;46.12;3.42;09/09/2026;06:00;14.9;6;AVERSES;3;28.1;2.7
Vichy;46.12;3.42;09/09/2026;07:00;14.7;6;AVERSES;3;20.5;0.8
Vichy;46.12;3.42;09/09/2026;08:00;15.9;6;AVERSES;4;29.2;0.1
Vichy;46.12;3.42;09/09/2026;09:00;17.7;6;AVERSES;3;23.4;0.1
Vichy;46.12;3.42;09/09/2026;10:00;18.9;2;NUAGEUX;4;27.4;0
Vichy;46.12;3.42;09/09/2026;11:00;20.6;2;NUAGEUX;4;30.6;0
Vichy;46.12;3.42;09/09/2026;12:00;20.7;2;NUAGEUX;4;33.5;0
Vichy;46.12;3.42;09/09/2026;13:00;23.1;2;NUAGEUX;4;33.1;0
Vichy;46.12;3.42;09/09/2026;14:00;22.4;5;SOLEIL VOILÉ;4;31.0;0
Vichy;46.12;3.42;09/09/2026;15:00;21.1;5;SOLEIL VOILÉ;4;28.1;0
Vichy;46.12;3.42;09/09/2026;16:00;21.1;5;SOLEIL VOILÉ;4;26.3;0
Vichy;46.12;3.42;09/09/2026;17:00;21.4;0;SOLEIL;3;29.5;0
Vichy;46.12;3.42;09/09/2026;18:00;19.6;0;SOLEIL;3;29.2;0
Vichy;46.12;3.42;09/09/2026;19:00;18.6;0;SOLEIL;3;24.8;0
Vichy;46.12;3.42;09/09/2026;20:00;15.9;0;SOLEIL;3;21.2;0
Vichy;46.12;3.42;09/09/2026;21:00;15.7;0;SOLEIL;3;16.2;0
Vichy;46.12;3.42;09/09/2026;22:00;14.6;0;SOLEIL;3;13.3;0
Vichy;46.12;3.42;09/09/2026;23:00;13.7;0;SOLEIL;3;13.7;0
Vichy;46.12;3.42;10/09/2026;00:00;14;0;SOLEIL;3;13.3;0
Vichy;46.12;3.42;10/09/2026;01:00;14;0;SOLEIL;3;11.9;0
Vichy;46.12;3.42;10/09/2026;02:00;11.1;0;SOLEIL;3;16.6;0
Vichy;46.12;3.42;10/09/2026;03:00;11.1;0;SOLEIL;3;16.2;0
Vichy;46.12;3.42;10/09/2026;04:00;11.1;0;SOLEIL;3;15.1;0
Vichy;46.12;3.42;10/09/2026;05:00;10.9;0;SOLEIL;3;16.9;0
Vichy;46.12;3.42;10/09/2026;06:00;10.9;0;SOLEIL;3;21.6;0
Vichy;46.12;3.42;10/09/2026;07:00;10.9;0;SOLEIL;3;21.6;0
Vichy;46.12;3.42;10/09/2026;08:00;18.4;0;SOLEIL;5;19.8;0
Vichy;46.12;3.42;10/09/2026;09:00;18.4;0;SOLEIL;5;23.8;0
Vichy;46.12;3.42;10/09/2026;10:00;18.4;0;SOLEIL;5;28.8;0
Vichy;46.12;3.42;10/09/2026;11:00;22.1;0;SOLEIL;5;34.6;0
Vichy;46.12;3.42;10/09/2026;12:00;22.1;0;SOLEIL;5;41.7;0
Vichy;46.12;3.42;10/09/2026;13:00;22.1;0;SOLEIL;5;43.4;0
Vichy;46.12;3.42;10/09/2026;14:00;23.4;0;SOLEIL;5;42.3;0
Vichy;46.12;3.42;10/09/2026;15:00;23.4;0;SOLEIL;5;38.5;0
Vichy;46.12;3.42;10/09/2026;16:00;23.4;0;SOLEIL;5;37.4;0
Vichy;46.12;3.42;10/09/2026;17:00;19.1;0;SOLEIL;3;36.0;0
Vichy;46.12;3.42;10/09/2026;18:00;19.1;0;SOLEIL;3;34.2;0
Vichy;46.12;3.42;10/09/2026;19:00;19.1;0;SOLEIL;3;32.0;0
Vichy;46.12;3.42;10/09/2026;20:00;13.9;0;SOLEIL;1;27.7;0
Vichy;46.12;3.42;10/09/2026;21:00;13.9;0;SOLEIL;1;18.0;0
Vichy;46.12;3.42;10/09/2026;22:00;13.9;0;SOLEIL;1;11.9;0
Vichy;46.12;3.42;10/09/2026;23:00;11.9;0;SOLEIL;1;6.1;0
Vichy;46.12;3.42;11/09/2026;00:00;11.9;0;SOLEIL;1;4.0;0
Vichy;46.12;3.42;11/09/2026;01:00;11.9;0;SOLEIL;1;2.2;0
Vichy;46.12;3.42;11/09/2026;02:00;10.7;0;SOLEIL;1;2.5;0
Vichy;46.12;3.42;11/09/2026;03:00;10.7;0;SOLEIL;1;3.6;0
Vichy;46.12;3.42;11/09/2026;04:00;10.7;0;SOLEIL;1;4.3;0
Vichy;46.12;3.42;11/09/2026;05:00;10.6;0;SOLEIL;1;4.3;0
Vichy;46.12;3.42;11/09/2026;06:00;10.6;0;SOLEIL;1;3.2;0
Vichy;46.12;3.42;11/09/2026;07:00;10.6;0;SOLEIL;1;4.7;0
Vichy;46.12;3.42;11/09/2026;08:00;18.6;0;SOLEIL;2;4.7;0
Vichy;46.12;3.42;11/09/2026;09:00;18.6;0;SOLEIL;2;4.7;0
Vichy;46.12;3.42;11/09/2026;10:00;18.6;0;SOLEIL;2;7.9;0
Vichy;46.12;3.42;11/09/2026;11:00;22.6;0;SOLEIL;3;13.3;0
Vichy;46.12;3.42;11/09/2026;12:00;22.6;0;SOLEIL;3;20.5;0
Vichy;46.12;3.42;11/09/2026;13:00;22.6;0;SOLEIL;3;23.0;0
Vichy;46.12;3.42;11/09/2026;14:00;23.6;0;SOLEIL;3;27.7;0
Vichy;46.12;3.42;11/09/2026;15:00;23.6;0;SOLEIL;3;29.9;0
Vichy;46.12;3.42;11/09/2026;16:00;23.6;0;SOLEIL;3;31.3;0
Vichy;46.12;3.42;11/09/2026;17:00;20.7;0;SOLEIL;2;31.0;0
Vichy;46.12;3.42;11/09/2026;18:00;20.7;0;SOLEIL;2;29.2;0
Vichy;46.12;3.42;11/09/2026;19:00;20.7;0;SOLEIL;2;26.3;0
Vichy;46.12;3.42;11/09/2026;20:00;16.1;0;SOLEIL;5;22.7;0
Vichy;46.12;3.42;11/09/2026;21:00;14.5;0;SOLEIL;5;18.7;0
Vichy;46.12;3.42;11/09/2026;22:00;12.9;0;SOLEIL;5;14.8;0
Vichy;46.12;3.42;11/09/2026;23:00;14.1;0;SOLEIL;2;11.2;0
Vichy;46.12;3.42;12/09/2026;00:00;14.1;0;SOLEIL;2;9.0;0
Vichy;46.12;3.42;12/09/2026;01:00;14.1;0;SOLEIL;2;7.6;0
Vichy;46.12;3.42;12/09/2026;02:00;11.1;0;SOLEIL;5;6.8;0
Vichy;46.12;3.42;12/09/2026;03:00;11.1;0;SOLEIL;5;7.2;0
Vichy;46.12;3.42;12/09/2026;04:00;11.1;0;SOLEIL;5;7.9;0
Vichy;46.12;3.42;12/09/2026;05:00;12.5;0;SOLEIL;2;8.6;0
Vichy;46.12;3.42;12/09/2026;06:00;12.5;0;SOLEIL;2;8.3;0
Vichy;46.12;3.42;12/09/2026;07:00;12.5;0;SOLEIL;2;7.6;0
Vichy;46.12;3.42;12/09/2026;08:00;14.3;0;SOLEIL;5;9.0;0
Vichy;46.12;3.42;12/09/2026;09:00;15.9;0;SOLEIL;5;13.7;0
Vichy;46.12;3.42;12/09/2026;10:00;17.5;0;SOLEIL;5;20.5;0
Vichy;46.12;3.42;12/09/2026;11:00;23.6;0;SOLEIL;4;27.0;0
Vichy;46.12;3.42;12/09/2026;12:00;23.6;0;SOLEIL;4;33.1;0
Vichy;46.12;3.42;12/09/2026;13:00;23.6;0;SOLEIL;4;39.2;0
Vichy;46.12;3.42;12/09/2026;14:00;24.0;0;SOLEIL;5;42.8;0
Vichy;46.12;3.42;12/09/2026;15:00;25.6;0;SOLEIL;5;42.5;0
Vichy;46.12;3.42;12/09/2026;16:00;24.0;0;SOLEIL;5;40.0;0
Vichy;46.12;3.42;12/09/2026;17:00;21.5;0;SOLEIL;3;36.7;0
Vichy;46.12;3.42;12/09/2026;18:00;21.5;0;SOLEIL;3;33.8;0
Vichy;46.12;3.42;12/09/2026;19:00;21.5;0;SOLEIL;3;30.2;0
Vichy;46.12;3.42;12/09/2026;20:00;17.5;0;SOLEIL;5;25.9;0
Vichy;46.12;3.42;12/09/2026;21:00;15.9;0;SOLEIL;5;20.2;0
Vichy;46.12;3.42;12/09/2026;22:00;14.3;0;SOLEIL;5;13.7;0
Vichy;46.12;3.42;12/09/2026;23:00;13.5;0;SOLEIL;1;8.6;0
Vichy;46.12;3.42;13/09/2026;00:00;13.5;0;SOLEIL;1;6.5;0
Vichy;46.12;3.42;13/09/2026;01:00;13.5;0;SOLEIL;1;5.4;0
Vichy;46.12;3.42;13/09/2026;02:00;11.1;0;SOLEIL;5;5.0;0
Vichy;46.12;3.42;13/09/2026;03:00;11.1;0;SOLEIL;5;4.7;0
Vichy;46.12;3.42;13/09/2026;04:00;11.1;0;SOLEIL;5;4.3;0
Vichy;46.12;3.42;13/09/2026;05:00;12.9;0;SOLEIL;0;4.3;0
Vichy;46.12;3.42;13/09/2026;06:00;12.9;0;SOLEIL;0;3.9;0
Vichy;46.12;3.42;13/09/2026;07:00;12.9;0;SOLEIL;0;3.1;0
Vichy;46.12;3.42;13/09/2026;08:00;14.6;0;SOLEIL;5;2.2;0
Vichy;46.12;3.42;13/09/2026;09:00;16.3;0;SOLEIL;5;6.1;0
Vichy;46.12;3.42;13/09/2026;10:00;18.0;0;SOLEIL;5;11.2;0
Vichy;46.12;3.42;13/09/2026;11:00;24.9;2;NUAGEUX;3;16.6;0
Vichy;46.12;3.42;13/09/2026;12:00;24.9;2;NUAGEUX;3;22.3;0
Vichy;46.12;3.42;13/09/2026;13:00;24.9;2;NUAGEUX;3;28.4;0
Vichy;46.12;3.42;13/09/2026;14:00;25.0;0;SOLEIL;5;32.8;0
Vichy;46.12;3.42;13/09/2026;15:00;26.7;0;SOLEIL;5;34.2;0
Vichy;46.12;3.42;13/09/2026;16:00;25.0;0;SOLEIL;5;33.8;0
Vichy;46.12;3.42;13/09/2026;17:00;22.4;0;SOLEIL;2;32.8;0
Vichy;46.12;3.42;13/09/2026;18:00;22.4;0;SOLEIL;2;31.0;0
Vichy;46.12;3.42;13/09/2026;19:00;22.4;0;SOLEIL;2;28.1;0
Vichy;46.12;3.42;13/09/2026;20:00;18.0;0;SOLEIL;5;24.1;0
Vichy;46.12;3.42;13/09/2026;21:00;16.3;0;SOLEIL;5;18.4;0
Vichy;46.12;3.42;13/09/2026;22:00;14.6;0;SOLEIL;5;11.9;0
Vichy;46.12;3.42;13/09/2026;23:00;14.9;0;SOLEIL;2;6.8;0
Montluçon;46.34;2.6;09/09/2026;00:00;18.1;6;AVERSES;3;14.8;0.1
Montluçon;46.34;2.6;09/09/2026;01:00;16.6;6;AVERSES;4;33.8;1.8
Montluçon;46.34;2.6;09/09/2026;02:00;15.1;6;AVERSES;3;32.4;5.9
Montluçon;46.34;2.6;09/09/2026;03:00;15.5;6;AVERSES;3;20.9;2.8
Montluçon;46.34;2.6;09/09/2026;04:00;14.9;6;AVERSES;3;19.4;0.4
Montluçon;46.34;2.6;09/09/2026;05:00;14.6;2;NUAGEUX;3;20.9;0
Montluçon;46.34;2.6;09/09/2026;06:00;15;2;NUAGEUX;3;24.1;0
Montluçon;46.34;2.6;09/09/2026;07:00;14.6;2;NUAGEUX;3;22.0;0
Montluçon;46.34;2.6;09/09/2026;08:00;15.2;2;NUAGEUX;3;23.4;0
Montluçon;46.34;2.6;09/09/2026;09:00;17;2;NUAGEUX;3;21.6;0
Montluçon;46.34;2.6;09/09/2026;10:00;17.7;2;NUAGEUX;3;23.4;0
Montluçon;46.34;2.6;09/09/2026;11:00;19.5;2;NUAGEUX;4;24.8;0
Montluçon;46.34;2.6;09/09/2026;12:00;19.4;2;NUAGEUX;3;24.5;0
Montluçon;46.34;2.6;09/09/2026;13:00;19.5;2;NUAGEUX;4;27.7;0
Montluçon;46.34;2.6;09/09/2026;14:00;19.4;2;NUAGEUX;4;27.7;0
Montluçon;46.34;2.6;09/09/2026;15:00;20.1;0;SOLEIL;4;25.6;0
Montluçon;46.34;2.6;09/09/2026;16:00;20.2;0;SOLEIL;4;27.7;0
Montluçon;46.34;2.6;09/09/2026;17:00;18.9;0;SOLEIL;4;29.2;0
Montluçon;46.34;2.6;09/09/2026;18:00;18.6;0;SOLEIL;3;31.3;0
Montluçon;46.34;2.6;09/09/2026;19:00;18;0;SOLEIL;3;26.3;0
Montluçon;46.34;2.6;09/09/2026;20:00;16.7;0;SOLEIL;2;22.7;0
Montluçon;46.34;2.6;09/09/2026;21:00;15.9;0;SOLEIL;2;13.3;0
Montluçon;46.34;2.6;09/09/2026;22:00;15.9;0;SOLEIL;2;6.5;0
Montluçon;46.34;2.6;09/09/2026;23:00;15.5;0;SOLEIL;1;5.0;0
Montluçon;46.34;2.6;10/09/2026;00:00;14.9;0;SOLEIL;1;3.6;0
Montluçon;46.34;2.6;10/09/2026;01:00;14.9;0;SOLEIL;1;2.9;0
Montluçon;46.34;2.6;10/09/2026;02:00;12.9;0;SOLEIL;2;6.1;0
Montluçon;46.34;2.6;10/09/2026;03:00;12.9;0;SOLEIL;2;4.7;0
Montluçon;46.34;2.6;10/09/2026;04:00;12.9;0;SOLEIL;2;4.7;0
Montluçon;46.34;2.6;10/09/2026;05:00;11.6;0;SOLEIL;1;2.9;0
Montluçon;46.34;2.6;10/09/2026;06:00;11.6;0;SOLEIL;1;4.7;0
Montluçon;46.34;2.6;10/09/2026;07:00;11.6;0;SOLEIL;1;4.0;0
Montluçon;46.34;2.6;10/09/2026;08:00;16.9;0;SOLEIL;2;2.5;0
Montluçon;46.34;2.6;10/09/2026;09:00;16.9;0;SOLEIL;2;4.0;0
Montluçon;46.34;2.6;10/09/2026;10:00;16.9;0;SOLEIL;2;10.4;0
Montluçon;46.34;2.6;10/09/2026;11:00;22.1;0;SOLEIL;3;19.8;0
Montluçon;46.34;2.6;10/09/2026;12:00;22.1;0;SOLEIL;3;24.8;0
Montluçon;46.34;2.6;10/09/2026;13:00;22.1;0;SOLEIL;3;31.0;0
Montluçon;46.34;2.6;10/09/2026;14:00;23.2;0;SOLEIL;3;32.3;0
Montluçon;46.34;2.6;10/09/2026;15:00;23.2;0;SOLEIL;3;32.4;0
Montluçon;46.34;2.6;10/09/2026;16:00;23.2;0;SOLEIL;3;31.7;0
Montluçon;46.34;2.6;10/09/2026;17:00;21.1;0;SOLEIL;2;31.3;0
Montluçon;46.34;2.6;10/09/2026;18:00;21.1;0;SOLEIL;2;29.9;0
Montluçon;46.34;2.6;10/09/2026;19:00;21.1;0;SOLEIL;2;28.1;0
Montluçon;46.34;2.6;10/09/2026;20:00;15.6;0;SOLEIL;2;22.7;0
Montluçon;46.34;2.6;10/09/2026;21:00;15.6;0;SOLEIL;2;13.7;0
Montluçon;46.34;2.6;10/09/2026;22:00;15.6;0;SOLEIL;2;8.3;0
Montluçon;46.34;2.6;10/09/2026;23:00;13.1;0;SOLEIL;2;8.3;0
Montluçon;46.34;2.6;11/09/2026;00:00;13.1;0;SOLEIL;2;11.2;0
Montluçon;46.34;2.6;11/09/2026;01:00;13.1;0;SOLEIL;2;11.9;0
Montluçon;46.34;2.6;11/09/2026;02:00;11.1;0;SOLEIL;2;11.9;0
Montluçon;46.34;2.6;11/09/2026;03:00;11.1;0;SOLEIL;2;10.1;0
Montluçon;46.34;2.6;11/09/2026;04:00;11.1;0;SOLEIL;2;10.4;0
Montluçon;46.34;2.6;11/09/2026;05:00;13;0;SOLEIL;2;10.8;0
Montluçon;46.34;2.6;11/09/2026;06:00;13;0;SOLEIL;2;10.8;0
Montluçon;46.34;2.6;11/09/2026;07:00;13;0;SOLEIL;2;11.2;0
Montluçon;46.34;2.6;11/09/2026;08:00;17.4;0;SOLEIL;2;11.9;0
Montluçon;46.34;2.6;11/09/2026;09:00;17.4;0;SOLEIL;2;10.8;0
Montluçon;46.34;2.6;11/09/2026;10:00;17.4;0;SOLEIL;2;10.1;0
Montluçon;46.34;2.6;11/09/2026;11:00;22.5;0;SOLEIL;2;12.2;0
Montluçon;46.34;2.6;11/09/2026;12:00;22.5;0;SOLEIL;2;12.6;0
Montluçon;46.34;2.6;11/09/2026;13:00;22.5;0;SOLEIL;2;10.4;0
Montluçon;46.34;2.6;11/09/2026;14:00;23;0;SOLEIL;3;10.1;0
Montluçon;46.34;2.6;11/09/2026;15:00;23;0;SOLEIL;3;15.8;0
Montluçon;46.34;2.6;11/09/2026;16:00;23;0;SOLEIL;3;23.8;0
Montluçon;46.34;2.6;11/09/2026;17:00;20.1;0;SOLEIL;3;28.4;0
Montluçon;46.34;2.6;11/09/2026;18:00;20.1;0;SOLEIL;3;27.4;0
Montluçon;46.34;2.6;11/09/2026;19:00;20.1;0;SOLEIL;3;23.0;0
Montluçon;46.34;2.6;11/09/2026;20:00;16.7;0;SOLEIL;5;18.4;0
Montluçon;46.34;2.6;11/09/2026;21:00;15.2;0;SOLEIL;5;13.7;0
Montluçon;46.34;2.6;11/09/2026;22:00;13.7;0;SOLEIL;5;8.6;0
Montluçon;46.34;2.6;11/09/2026;23:00;15.7;0;SOLEIL;1;5.4;0
Montluçon;46.34;2.6;12/09/2026;00:00;15.7;0;SOLEIL;1;4.7;0
Montluçon;46.34;2.6;12/09/2026;01:00;15.7;0;SOLEIL;1;5.4;0
Montluçon;46.34;2.6;12/09/2026;02:00;13.6;0;SOLEIL;5;6.5;0
Montluçon;46.34;2.6;12/09/2026;03:00;13.6;0;SOLEIL;5;7.2;0
Montluçon;46.34;2.6;12/09/2026;04:00;13.6;0;SOLEIL;5;7.9;0
Montluçon;46.34;2.6;12/09/2026;05:00;14.5;0;SOLEIL;0;8.3;0
Montluçon;46.34;2.6;12/09/2026;06:00;14.5;0;SOLEIL;0;7.6;0
Montluçon;46.34;2.6;12/09/2026;07:00;14.5;0;SOLEIL;0;6.5;0
Montluçon;46.34;2.6;12/09/2026;08:00;16.7;0;SOLEIL;5;6.5;0
Montluçon;46.34;2.6;12/09/2026;09:00;18.3;0;SOLEIL;5;7.6;0
Montluçon;46.34;2.6;12/09/2026;10:00;19.9;0;SOLEIL;5;9.7;0
Montluçon;46.34;2.6;12/09/2026;11:00;25.1;0;SOLEIL;2;12.6;0
Montluçon;46.34;2.6;12/09/2026;12:00;25.1;0;SOLEIL;2;17.6;0
Montluçon;46.34;2.6;12/09/2026;13:00;25.1;0;SOLEIL;2;24.1;0
Montluçon;46.34;2.6;12/09/2026;14:00;26.1;0;SOLEIL;5;28.4;0
Montluçon;46.34;2.6;12/09/2026;15:00;27.7;0;SOLEIL;5;29.5;0
Montluçon;46.34;2.6;12/09/2026;16:00;26.1;0;SOLEIL;5;29.2;0
Montluçon;46.34;2.6;12/09/2026;17:00;23.7;0;SOLEIL;2;28.1;0
Montluçon;46.34;2.6;12/09/2026;18:00;23.7;0;SOLEIL;2;27.7;0
Montluçon;46.34;2.6;12/09/2026;19:00;23.7;0;SOLEIL;2;27.4;0
Montluçon;46.34;2.6;12/09/2026;20:00;19.9;0;SOLEIL;5;25.2;0
Montluçon;46.34;2.6;12/09/2026;21:00;18.3;0;SOLEIL;5;19.8;0
Montluçon;46.34;2.6;12/09/2026;22:00;16.7;0;SOLEIL;5;13.0;0
Montluçon;46.34;2.6;12/09/2026;23:00;15.9;0;SOLEIL;0;7.6;0
Montluçon;46.34;2.6;13/09/2026;00:00;15.9;0;SOLEIL;0;5.4;0
Montluçon;46.34;2.6;13/09/2026;01:00;15.9;0;SOLEIL;0;5.4;0
Montluçon;46.34;2.6;13/09/2026;02:00;10.7;0;SOLEIL;5;5.4;0
Montluçon;46.34;2.6;13/09/2026;03:00;10.7;0;SOLEIL;5;5.8;0
Montluçon;46.34;2.6;13/09/2026;04:00;10.7;0;SOLEIL;5;6.8;0
Montluçon;46.34;2.6;13/09/2026;05:00;11.6;0;SOLEIL;2;7.6;0
Montluçon;46.34;2.6;13/09/2026;06:00;11.6;0;SOLEIL;2;6.5;0
Montluçon;46.34;2.6;13/09/2026;07:00;11.6;0;SOLEIL;2;5.2;0
Montluçon;46.34;2.6;13/09/2026;08:00;14.9;0;SOLEIL;5;3.8;0
Montluçon;46.34;2.6;13/09/2026;09:00;17.0;0;SOLEIL;5;2.5;0
Montluçon;46.34;2.6;13/09/2026;10:00;19.1;0;SOLEIL;5;3.6;0
Montluçon;46.34;2.6;13/09/2026;11:00;27;0;SOLEIL;2;6.1;0
Montluçon;46.34;2.6;13/09/2026;12:00;27;0;SOLEIL;2;11.5;0
Montluçon;46.34;2.6;13/09/2026;13:00;27;0;SOLEIL;2;18.4;0
Montluçon;46.34;2.6;13/09/2026;14:00;27.5;0;SOLEIL;5;23.4;0
Montluçon;46.34;2.6;13/09/2026;15:00;29.6;0;SOLEIL;5;25.6;0
Montluçon;46.34;2.6;13/09/2026;16:00;27.5;0;SOLEIL;5;26.3;0
Montluçon;46.34;2.6;13/09/2026;17:00;25.5;0;SOLEIL;2;25.9;0
Montluçon;46.34;2.6;13/09/2026;18:00;25.5;0;SOLEIL;2;24.8;0
Montluçon;46.34;2.6;13/09/2026;19:00;25.5;0;SOLEIL;2;22.7;0
Montluçon;46.34;2.6;13/09/2026;20:00;19.1;0;SOLEIL;5;19.4;0
Montluçon;46.34;2.6;13/09/2026;21:00;17.0;0;SOLEIL;5;14.4;0
Montluçon;46.34;2.6;13/09/2026;22:00;14.9;0;SOLEIL;5;8.6;0
Montluçon;46.34;2.6;13/09/2026;23:00;17;0;SOLEIL;0;4.3;0
Moulins;46.56;3.33;09/09/2026;00:00;16;6;AVERSES;4;26.6;0.7
Moulins;46.56;3.33;09/09/2026;01:00;15.9;6;AVERSES;3;17.6;0.9
Moulins;46.56;3.33;09/09/2026;02:00;15.9;6;AVERSES;3;25.9;0.1
Moulins;46.56;3.33;09/09/2026;03:00;15.1;6;AVERSES;3;24.5;0.1
Moulins;46.56;3.33;09/09/2026;04:00;14.1;2;NUAGEUX;3;23.4;0
Moulins;46.56;3.33;09/09/2026;05:00;13.6;2;NUAGEUX;3;20.2;0
Moulins;46.56;3.33;09/09/2026;06:00;14.6;2;NUAGEUX;2;14.8;0
Moulins;46.56;3.33;09/09/2026;07:00;14.7;2;NUAGEUX;3;12.6;0
Moulins;46.56;3.33;09/09/2026;08:00;16.4;2;NUAGEUX;3;10.4;0
Moulins;46.56;3.33;09/09/2026;09:00;16.5;2;NUAGEUX;3;9.7;0
Moulins;46.56;3.33;09/09/2026;10:00;17.7;2;NUAGEUX;3;14.0;0
Moulins;46.56;3.33;09/09/2026;11:00;18.9;2;NUAGEUX;4;18.7;0
Moulins;46.56;3.33;09/09/2026;12:00;19.1;2;NUAGEUX;4;20.9;0
Moulins;46.56;3.33;09/09/2026;13:00;20.1;2;NUAGEUX;4;20.5;0
Moulins;46.56;3.33;09/09/2026;14:00;20.7;0;SOLEIL;4;25.6;0
Moulins;46.56;3.33;09/09/2026;15:00;20.6;0;SOLEIL;4;26.3;0
Moulins;46.56;3.33;09/09/2026;16:00;20;0;SOLEIL;4;25.2;0
Moulins;46.56;3.33;09/09/2026;17:00;20.1;0;SOLEIL;3;26.3;0
Moulins;46.56;3.33;09/09/2026;18:00;19.6;0;SOLEIL;3;26.3;0
Moulins;46.56;3.33;09/09/2026;19:00;17.6;0;SOLEIL;2;32.4;0
Moulins;46.56;3.33;09/09/2026;20:00;16;0;SOLEIL;2;28.4;0
Moulins;46.56;3.33;09/09/2026;21:00;14.6;0;SOLEIL;2;20.2;0
Moulins;46.56;3.33;09/09/2026;22:00;14.2;0;SOLEIL;1;10.4;0
Moulins;46.56;3.33;09/09/2026;23:00;13.6;0;SOLEIL;1;6.1;0
Moulins;46.56;3.33;10/09/2026;00:00;13.1;0;SOLEIL;1;7.2;0
Moulins;46.56;3.33;10/09/2026;01:00;13.1;0;SOLEIL;1;7.2;0
Moulins;46.56;3.33;10/09/2026;02:00;12.7;0;SOLEIL;1;7.2;0
Moulins;46.56;3.33;10/09/2026;03:00;12.7;0;SOLEIL;1;5.4;0
Moulins;46.56;3.33;10/09/2026;04:00;12.7;0;SOLEIL;1;7.2;0
Moulins;46.56;3.33;10/09/2026;05:00;11;0;SOLEIL;1;7.6;0
Moulins;46.56;3.33;10/09/2026;06:00;11;0;SOLEIL;1;7.6;0
Moulins;46.56;3.33;10/09/2026;07:00;11;0;SOLEIL;1;7.2;0
Moulins;46.56;3.33;10/09/2026;08:00;18.1;0;SOLEIL;2;9.0;0
Moulins;46.56;3.33;10/09/2026;09:00;18.1;0;SOLEIL;2;8.3;0
Moulins;46.56;3.33;10/09/2026;10:00;18.1;0;SOLEIL;2;6.1;0
Moulins;46.56;3.33;10/09/2026;11:00;21.1;0;SOLEIL;3;11.2;0
Moulins;46.56;3.33;10/09/2026;12:00;21.1;0;SOLEIL;3;16.4;0
Moulins;46.56;3.33;10/09/2026;13:00;21.1;0;SOLEIL;3;22.1;0
Moulins;46.56;3.33;10/09/2026;14:00;23;0;SOLEIL;3;23.7;0
Moulins;46.56;3.33;10/09/2026;15:00;23;0;SOLEIL;3;23.8;0
Moulins;46.56;3.33;10/09/2026;16:00;23;0;SOLEIL;3;23.4;0
Moulins;46.56;3.33;10/09/2026;17:00;21.6;0;SOLEIL;2;22.3;0
Moulins;46.56;3.33;10/09/2026;18:00;21.6;0;SOLEIL;2;22.3;0
Moulins;46.56;3.33;10/09/2026;19:00;21.6;0;SOLEIL;2;20.2;0
Moulins;46.56;3.33;10/09/2026;20:00;13.6;0;SOLEIL;2;15.5;0
Moulins;46.56;3.33;10/09/2026;21:00;13.6;0;SOLEIL;2;7.9;0
Moulins;46.56;3.33;10/09/2026;22:00;13.6;0;SOLEIL;2;4.7;0
Moulins;46.56;3.33;10/09/2026;23:00;11.7;0;SOLEIL;2;6.8;0
Moulins;46.56;3.33;11/09/2026;00:00;11.7;0;SOLEIL;2;7.9;0
Moulins;46.56;3.33;11/09/2026;01:00;11.7;0;SOLEIL;2;9.4;0
Moulins;46.56;3.33;11/09/2026;02:00;11.6;0;SOLEIL;2;9.0;0
Moulins;46.56;3.33;11/09/2026;03:00;11.6;0;SOLEIL;2;10.1;0
Moulins;46.56;3.33;11/09/2026;04:00;11.6;0;SOLEIL;2;10.4;0
Moulins;46.56;3.33;11/09/2026;05:00;12.6;0;SOLEIL;3;10.1;0
Moulins;46.56;3.33;11/09/2026;06:00;12.6;0;SOLEIL;3;9.4;0
Moulins;46.56;3.33;11/09/2026;07:00;12.6;0;SOLEIL;3;8.6;0
Moulins;46.56;3.33;11/09/2026;08:00;19;0;SOLEIL;2;7.2;0
Moulins;46.56;3.33;11/09/2026;09:00;19;0;SOLEIL;2;9.0;0
Moulins;46.56;3.33;11/09/2026;10:00;19;0;SOLEIL;2;9.0;0
Moulins;46.56;3.33;11/09/2026;11:00;22.2;0;SOLEIL;3;8.6;0
Moulins;46.56;3.33;11/09/2026;12:00;22.2;0;SOLEIL;3;10.4;0
Moulins;46.56;3.33;11/09/2026;13:00;22.2;0;SOLEIL;3;10.1;0
Moulins;46.56;3.33;11/09/2026;14:00;22.7;0;SOLEIL;4;15.1;0
Moulins;46.56;3.33;11/09/2026;15:00;22.7;0;SOLEIL;4;16.9;0
Moulins;46.56;3.33;11/09/2026;16:00;22.7;0;SOLEIL;4;18.7;0
Moulins;46.56;3.33;11/09/2026;17:00;22.1;0;SOLEIL;2;19.1;0
Moulins;46.56;3.33;11/09/2026;18:00;22.1;0;SOLEIL;2;18.0;0
Moulins;46.56;3.33;11/09/2026;19:00;22.1;0;SOLEIL;2;15.8;0
Moulins;46.56;3.33;11/09/2026;20:00;16.3;0;SOLEIL;5;13.3;0
Moulins;46.56;3.33;11/09/2026;21:00;14.7;0;SOLEIL;5;10.8;0
Moulins;46.56;3.33;11/09/2026;22:00;13.2;0;SOLEIL;5;8.3;0
Moulins;46.56;3.33;11/09/2026;23:00;14.5;0;SOLEIL;2;6.5;0
Moulins;46.56;3.33;12/09/2026;00:00;14.5;0;SOLEIL;2;6.1;0
Moulins;46.56;3.33;12/09/2026;01:00;14.5;0;SOLEIL;2;6.1;0
Moulins;46.56;3.33;12/09/2026;02:00;11.7;0;SOLEIL;5;6.5;0
Moulins;46.56;3.33;12/09/2026;03:00;11.7;0;SOLEIL;5;6.5;0
Moulins;46.56;3.33;12/09/2026;04:00;11.7;0;SOLEIL;5;6.1;0
Moulins;46.56;3.33;12/09/2026;05:00;13;0;SOLEIL;1;6.1;0
Moulins;46.56;3.33;12/09/2026;06:00;13;0;SOLEIL;1;6.5;0
Moulins;46.56;3.33;12/09/2026;07:00;13;0;SOLEIL;1;6.5;0
Moulins;46.56;3.33;12/09/2026;08:00;15.0;0;SOLEIL;5;7.2;0
Moulins;46.56;3.33;12/09/2026;09:00;16.7;0;SOLEIL;5;7.9;0
Moulins;46.56;3.33;12/09/2026;10:00;18.3;0;SOLEIL;5;8.6;0
Moulins;46.56;3.33;12/09/2026;11:00;24;0;SOLEIL;2;10.1;0
Moulins;46.56;3.33;12/09/2026;12:00;24;0;SOLEIL;2;13.3;0
Moulins;46.56;3.33;12/09/2026;13:00;24;0;SOLEIL;2;17.3;0
Moulins;46.56;3.33;12/09/2026;14:00;24.9;0;SOLEIL;5;19.8;0
Moulins;46.56;3.33;12/09/2026;15:00;26.6;0;SOLEIL;5;20.2;0
Moulins;46.56;3.33;12/09/2026;16:00;24.9;0;SOLEIL;5;19.4;0
Moulins;46.56;3.33;12/09/2026;17:00;22.9;0;SOLEIL;2;18.4;0
Moulins;46.56;3.33;12/09/2026;18:00;22.9;0;SOLEIL;2;17.3;0
Moulins;46.56;3.33;12/09/2026;19:00;22.9;0;SOLEIL;2;15.5;0
Moulins;46.56;3.33;12/09/2026;20:00;18.3;0;SOLEIL;5;13.7;0
Moulins;46.56;3.33;12/09/2026;21:00;16.7;0;SOLEIL;5;10.8;0
Moulins;46.56;3.33;12/09/2026;22:00;15.0;0;SOLEIL;5;7.6;0
Moulins;46.56;3.33;12/09/2026;23:00;12.1;0;SOLEIL;1;5.4;0
Moulins;46.56;3.33;13/09/2026;00:00;12.1;0;SOLEIL;1;4.7;0
Moulins;46.56;3.33;13/09/2026;01:00;12.1;0;SOLEIL;1;5.4;0
Moulins;46.56;3.33;13/09/2026;02:00;9.7;0;SOLEIL;5;5.8;0
Moulins;46.56;3.33;13/09/2026;03:00;9.7;0;SOLEIL;5;6.1;0
Moulins;46.56;3.33;13/09/2026;04:00;9.7;0;SOLEIL;5;6.5;0
Moulins;46.56;3.33;13/09/2026;05:00;11.6;0;SOLEIL;2;6.8;0
Moulins;46.56;3.33;13/09/2026;06:00;11.6;0;SOLEIL;2;7.5;0
Moulins;46.56;3.33;13/09/2026;07:00;11.6;0;SOLEIL;2;7.9;0
Moulins;46.56;3.33;13/09/2026;08:00;13.8;0;SOLEIL;5;8.2;0
Moulins;46.56;3.33;13/09/2026;09:00;15.8;0;SOLEIL;5;8.3;0
Moulins;46.56;3.33;13/09/2026;10:00;17.9;0;SOLEIL;5;8.6;0
Moulins;46.56;3.33;13/09/2026;11:00;26;0;SOLEIL;2;9.7;0
Moulins;46.56;3.33;13/09/2026;12:00;26;0;SOLEIL;2;11.5;0
Moulins;46.56;3.33;13/09/2026;13:00;26;0;SOLEIL;2;14.0;0
Moulins;46.56;3.33;13/09/2026;14:00;26.1;0;SOLEIL;5;15.8;0
Moulins;46.56;3.33;13/09/2026;15:00;28.1;0;SOLEIL;5;16.6;0
Moulins;46.56;3.33;13/09/2026;16:00;26.1;0;SOLEIL;5;16.6;0
Moulins;46.56;3.33;13/09/2026;17:00;24.5;0;SOLEIL;2;15.8;0
Moulins;46.56;3.33;13/09/2026;18:00;24.5;0;SOLEIL;2;14.0;0
Moulins;46.56;3.33;13/09/2026;19:00;24.5;0;SOLEIL;2;11.2;0
Moulins;46.56;3.33;13/09/2026;20:00;17.9;0;SOLEIL;5;9.0;0
Moulins;46.56;3.33;13/09/2026;21:00;15.8;0;SOLEIL;5;7.9;0
Moulins;46.56;3.33;13/09/2026;22:00;13.8;0;SOLEIL;5;7.2;0
Moulins;46.56;3.33;13/09/2026;23:00;14.1;0;SOLEIL;0;6.8;0
Privas;44.73;4.59;09/09/2026;00:00;16.9;6;AVERSES;4;31.7;2.7
Privas;44.73;4.59;09/09/2026;01:00;14.9;6;AVERSES;4;29.5;3.1
Privas;44.73;4.59;09/09/2026;02:00;14.7;6;AVERSES;3;32.0;0.2
Privas;44.73;4.59;09/09/2026;03:00;15.5;2;NUAGEUX;3;29.2;0
Privas;44.73;4.59;09/09/2026;04:00;14.9;2;NUAGEUX;3;28.4;0
Privas;44.73;4.59;09/09/2026;05:00;14.4;2;NUAGEUX;3;23.4;0
Privas;44.73;4.59;09/09/2026;06:00;14.9;2;NUAGEUX;3;21.6;0
Privas;44.73;4.59;09/09/2026;07:00;14.6;2;NUAGEUX;3;18.7;0
Privas;44.73;4.59;09/09/2026;08:00;16.2;2;NUAGEUX;4;21.6;0
Privas;44.73;4.59;09/09/2026;09:00;17.1;2;NUAGEUX;4;25.6;0
Privas;44.73;4.59;09/09/2026;10:00;18.2;2;NUAGEUX;4;26.3;0
Privas;44.73;4.59;09/09/2026;11:00;19.2;2;NUAGEUX;4;25.6;0
Privas;44.73;4.59;09/09/2026;12:00;19.4;2;NUAGEUX;4;28.1;0
Privas;44.73;4.59;09/09/2026;13:00;20.9;2;NUAGEUX;4;27.7;0
Privas;44.73;4.59;09/09/2026;14:00;22.1;0;SOLEIL;4;28.1;0
Privas;44.73;4.59;09/09/2026;15:00;21;0;SOLEIL;4;29.9;0
Privas;44.73;4.59;09/09/2026;16:00;20.4;0;SOLEIL;4;29.2;0
Privas;44.73;4.59;09/09/2026;17:00;19.9;0;SOLEIL;4;29.5;0
Privas;44.73;4.59;09/09/2026;18:00;18.9;0;SOLEIL;3;31.3;0
Privas;44.73;4.59;09/09/2026;19:00;17.4;0;SOLEIL;2;31.3;0
Privas;44.73;4.59;09/09/2026;20:00;16.1;0;SOLEIL;2;27.7;0
Privas;44.73;4.59;09/09/2026;21:00;14.7;0;SOLEIL;2;19.1;0
Privas;44.73;4.59;09/09/2026;22:00;13.9;0;SOLEIL;2;14.4;0
Privas;44.73;4.59;09/09/2026;23:00;13.1;0;SOLEIL;2;13.0;0
Privas;44.73;4.59;10/09/2026;00:00;12.1;0;SOLEIL;2;10.1;0
Privas;44.73;4.59;10/09/2026;01:00;12.1;0;SOLEIL;2;9.4;0
Privas;44.73;4.59;10/09/2026;02:00;11.1;0;SOLEIL;2;9.0;0
Privas;44.73;4.59;10/09/2026;03:00;11.1;0;SOLEIL;2;10.4;0
Privas;44.73;4.59;10/09/2026;04:00;11.1;0;SOLEIL;2;10.8;0
Privas;44.73;4.59;10/09/2026;05:00;10.6;0;SOLEIL;2;9.4;0
Privas;44.73;4.59;10/09/2026;06:00;10.6;0;SOLEIL;2;7.9;0
Privas;44.73;4.59;10/09/2026;07:00;10.6;0;SOLEIL;2;9.7;0
Privas;44.73;4.59;10/09/2026;08:00;18.9;0;SOLEIL;2;9.7;0
Privas;44.73;4.59;10/09/2026;09:00;18.9;0;SOLEIL;2;10.8;0
Privas;44.73;4.59;10/09/2026;10:00;18.9;0;SOLEIL;2;16.2;0
Privas;44.73;4.59;10/09/2026;11:00;22.1;0;SOLEIL;3;18.7;0
Privas;44.73;4.59;10/09/2026;12:00;22.1;0;SOLEIL;3;24.4;0
Privas;44.73;4.59;10/09/2026;13:00;22.1;0;SOLEIL;3;25.9;0
Privas;44.73;4.59;10/09/2026;14:00;23.2;0;SOLEIL;3;24.5;0
Privas;44.73;4.59;10/09/2026;15:00;23.2;0;SOLEIL;3;24.5;0
Privas;44.73;4.59;10/09/2026;16:00;23.2;0;SOLEIL;3;24.5;0
Privas;44.73;4.59;10/09/2026;17:00;20;0;SOLEIL;2;23.4;0
Privas;44.73;4.59;10/09/2026;18:00;20;0;SOLEIL;2;22.7;0
Privas;44.73;4.59;10/09/2026;19:00;20;0;SOLEIL;2;20.5;0
Privas;44.73;4.59;10/09/2026;20:00;13.6;0;SOLEIL;1;16.2;0
Privas;44.73;4.59;10/09/2026;21:00;13.6;0;SOLEIL;1;8.3;0
Privas;44.73;4.59;10/09/2026;22:00;13.6;0;SOLEIL;1;5.8;0
Privas;44.73;4.59;10/09/2026;23:00;11.1;0;SOLEIL;1;6.1;0
Privas;44.73;4.59;11/09/2026;00:00;11.1;0;SOLEIL;1;6.8;0
Privas;44.73;4.59;11/09/2026;01:00;11.1;0;SOLEIL;1;5.8;0
Privas;44.73;4.59;11/09/2026;02:00;10.1;0;SOLEIL;1;5.4;0
Privas;44.73;4.59;11/09/2026;03:00;10.1;0;SOLEIL;1;6.5;0
Privas;44.73;4.59;11/09/2026;04:00;10.1;0;SOLEIL;1;5.4;0
Privas;44.73;4.59;11/09/2026;05:00;11.4;0;SOLEIL;2;4.3;0
Privas;44.73;4.59;11/09/2026;06:00;11.4;0;SOLEIL;2;5.0;0
Privas;44.73;4.59;11/09/2026;07:00;11.4;0;SOLEIL;2;6.8;0
Privas;44.73;4.59;11/09/2026;08:00;19.4;0;SOLEIL;2;5.4;0
Privas;44.73;4.59;11/09/2026;09:00;19.4;0;SOLEIL;2;14.4;0
Privas;44.73;4.59;11/09/2026;10:00;19.4;0;SOLEIL;2;13.7;0
Privas;44.73;4.59;11/09/2026;11:00;22;0;SOLEIL;3;22.7;0
Privas;44.73;4.59;11/09/2026;12:00;22;0;SOLEIL;3;22.7;0
Privas;44.73;4.59;11/09/2026;13:00;22;0;SOLEIL;3;18.7;0
Privas;44.73;4.59;11/09/2026;14:00;22.6;0;SOLEIL;4;19.4;0
Privas;44.73;4.59;11/09/2026;15:00;22.6;0;SOLEIL;4;21.6;0
Privas;44.73;4.59;11/09/2026;16:00;22.6;0;SOLEIL;4;25.2;0
Privas;44.73;4.59;11/09/2026;17:00;21;0;SOLEIL;3;27.0;0
Privas;44.73;4.59;11/09/2026;18:00;21;0;SOLEIL;3;25.9;0
Privas;44.73;4.59;11/09/2026;19:00;21;0;SOLEIL;3;23.0;0
Privas;44.73;4.59;11/09/2026;20:00;15.6;0;SOLEIL;5;19.4;0
Privas;44.73;4.59;11/09/2026;21:00;14.1;0;SOLEIL;5;15.1;0
Privas;44.73;4.59;11/09/2026;22:00;12.6;0;SOLEIL;5;10.4;0
Privas;44.73;4.59;11/09/2026;23:00;14.4;0;SOLEIL;2;6.8;0
Privas;44.73;4.59;12/09/2026;00:00;14.4;0;SOLEIL;2;6.1;0
Privas;44.73;4.59;12/09/2026;01:00;14.4;0;SOLEIL;2;6.5;0
Privas;44.73;4.59;12/09/2026;02:00;11.9;0;SOLEIL;5;6.8;0
Privas;44.73;4.59;12/09/2026;03:00;11.9;0;SOLEIL;5;6.5;0
Privas;44.73;4.59;12/09/2026;04:00;11.9;0;SOLEIL;5;6.1;0
Privas;44.73;4.59;12/09/2026;05:00;13.1;0;SOLEIL;1;5.8;0
Privas;44.73;4.59;12/09/2026;06:00;13.1;0;SOLEIL;1;5.4;0
Privas;44.73;4.59;12/09/2026;07:00;13.1;0;SOLEIL;1;4.7;0
Privas;44.73;4.59;12/09/2026;08:00;15.1;0;SOLEIL;5;5.8;0
Privas;44.73;4.59;12/09/2026;09:00;16.8;0;SOLEIL;5;9.0;0
Privas;44.73;4.59;12/09/2026;10:00;18.4;0;SOLEIL;5;14.0;0
Privas;44.73;4.59;12/09/2026;11:00;24.5;0;SOLEIL;2;17.6;0
Privas;44.73;4.59;12/09/2026;12:00;24.5;0;SOLEIL;2;19.4;0
Privas;44.73;4.59;12/09/2026;13:00;24.5;0;SOLEIL;2;20.2;0
Privas;44.73;4.59;12/09/2026;14:00;24.9;0;SOLEIL;5;20.9;0
Privas;44.73;4.59;12/09/2026;15:00;26.5;0;SOLEIL;5;22.3;0
Privas;44.73;4.59;12/09/2026;16:00;24.9;0;SOLEIL;5;23.4;0
Privas;44.73;4.59;12/09/2026;17:00;22.4;0;SOLEIL;2;23.8;0
Privas;44.73;4.59;12/09/2026;18:00;22.4;0;SOLEIL;2;22.3;0
Privas;44.73;4.59;12/09/2026;19:00;22.4;0;SOLEIL;2;19.4;0
Privas;44.73;4.59;12/09/2026;20:00;18.4;0;SOLEIL;5;16.6;0
Privas;44.73;4.59;12/09/2026;21:00;16.8;0;SOLEIL;5;13.3;0
Privas;44.73;4.59;12/09/2026;22:00;15.1;0;SOLEIL;5;9.4;0
Privas;44.73;4.59;12/09/2026;23:00;13.1;0;SOLEIL;2;6.8;0
Privas;44.73;4.59;13/09/2026;00:00;13.1;0;SOLEIL;2;6.1;0
Privas;44.73;4.59;13/09/2026;01:00;13.1;0;SOLEIL;2;6.5;0
Privas;44.73;4.59;13/09/2026;02:00;10.4;0;SOLEIL;5;6.8;0
Privas;44.73;4.59;13/09/2026;03:00;10.4;0;SOLEIL;5;6.8;0
Privas;44.73;4.59;13/09/2026;04:00;10.4;0;SOLEIL;5;6.8;0
Privas;44.73;4.59;13/09/2026;05:00;11.6;0;SOLEIL;1;6.8;0
Privas;44.73;4.59;13/09/2026;06:00;11.6;0;SOLEIL;1;6.5;0
Privas;44.73;4.59;13/09/2026;07:00;11.6;0;SOLEIL;1;6.3;0
Privas;44.73;4.59;13/09/2026;08:00;14.3;0;SOLEIL;5;6.6;0
Privas;44.73;4.59;13/09/2026;09:00;16.3;0;SOLEIL;5;8.6;0
Privas;44.73;4.59;13/09/2026;10:00;18.2;0;SOLEIL;5;9.7;0
Privas;44.73;4.59;13/09/2026;11:00;26.1;0;SOLEIL;3;11.2;0
Privas;44.73;4.59;13/09/2026;12:00;26.1;0;SOLEIL;3;12.6;0
Privas;44.73;4.59;13/09/2026;13:00;26.1;0;SOLEIL;3;14.4;0
Privas;44.73;4.59;13/09/2026;14:00;26.0;0;SOLEIL;5;15.5;0
Privas;44.73;4.59;13/09/2026;15:00;28.0;0;SOLEIL;5;16.2;0
Privas;44.73;4.59;13/09/2026;16:00;26.0;0;SOLEIL;5;16.6;0
Privas;44.73;4.59;13/09/2026;17:00;23.5;0;SOLEIL;2;16.2;0
Privas;44.73;4.59;13/09/2026;18:00;23.5;0;SOLEIL;2;15.5;0
Privas;44.73;4.59;13/09/2026;19:00;23.5;0;SOLEIL;2;14.4;0
Privas;44.73;4.59;13/09/2026;20:00;18.2;0;SOLEIL;5;12.6;0
Privas;44.73;4.59;13/09/2026;21:00;16.3;0;SOLEIL;5;10.1;0
Privas;44.73;4.59;13/09/2026;22:00;14.3;0;SOLEIL;5;7.6;0
Privas;44.73;4.59;13/09/2026;23:00;14.4;0;SOLEIL;1;5.4;0
Sablières;44.53;4.07;09/09/2026;00:00;21.6;6;AVERSES;2;18.7;1.2
Sablières;44.53;4.07;09/09/2026;01:00;21.1;6;AVERSES;2;16.9;0.5
Sablières;44.53;4.07;09/09/2026;02:00;20;6;AVERSES;2;14.0;0.1
Sablières;44.53;4.07;09/09/2026;03:00;19.5;6;AVERSES;1;20.5;0.4
Sablières;44.53;4.07;09/09/2026;04:00;19.1;6;AVERSES;1;14.8;1.1
Sablières;44.53;4.07;09/09/2026;05:00;18.6;6;AVERSES;1;12.2;1
Sablières;44.53;4.07;09/09/2026;06:00;18.6;6;AVERSES;1;10.1;0.6
Sablières;44.53;4.07;09/09/2026;07:00;19.2;6;AVERSES;2;9.0;0.6
Sablières;44.53;4.07;09/09/2026;08:00;18.1;6;AVERSES;2;6.8;4
Sablières;44.53;4.07;09/09/2026;09:00;16.1;6;AVERSES;3;13.3;1.1
Sablières;44.53;4.07;09/09/2026;10:00;15.4;6;AVERSES;3;21.6;0.2
Sablières;44.53;4.07;09/09/2026;11:00;16.1;6;AVERSES;3;18.7;0.1
Sablières;44.53;4.07;09/09/2026;12:00;17;6;AVERSES;3;23.4;0.1
Sablières;44.53;4.07;09/09/2026;13:00;18.6;2;NUAGEUX;3;33.8;0
Sablières;44.53;4.07;09/09/2026;14:00;19.1;5;SOLEIL VOILÉ;4;36.0;0
Sablières;44.53;4.07;09/09/2026;15:00;19.5;5;SOLEIL VOILÉ;4;39.6;0
Sablières;44.53;4.07;09/09/2026;16:00;19.9;5;SOLEIL VOILÉ;3;42.8;0
Sablières;44.53;4.07;09/09/2026;17:00;18.4;5;SOLEIL VOILÉ;3;43.6;0
Sablières;44.53;4.07;09/09/2026;18:00;17.9;5;SOLEIL VOILÉ;3;44.3;0
Sablières;44.53;4.07;09/09/2026;19:00;16.2;5;SOLEIL VOILÉ;4;43.2;0
Sablières;44.53;4.07;09/09/2026;20:00;16.6;0;SOLEIL;4;36.0;0
Sablières;44.53;4.07;09/09/2026;21:00;16.6;0;SOLEIL;4;34.2;0
Sablières;44.53;4.07;09/09/2026;22:00;16.2;0;SOLEIL;4;27.7;0
Sablières;44.53;4.07;09/09/2026;23:00;16.1;0;SOLEIL;4;27.0;0
Sablières;44.53;4.07;10/09/2026;00:00;15.7;0;SOLEIL;4;25.9;0
Sablières;44.53;4.07;10/09/2026;01:00;15.7;0;SOLEIL;4;25.6;0
Sablières;44.53;4.07;10/09/2026;02:00;15.5;0;SOLEIL;7;25.6;0
Sablières;44.53;4.07;10/09/2026;03:00;15.5;0;SOLEIL;7;26.6;0
Sablières;44.53;4.07;10/09/2026;04:00;15.5;0;SOLEIL;7;25.9;0
Sablières;44.53;4.07;10/09/2026;05:00;15.2;0;SOLEIL;7;23.8;0
Sablières;44.53;4.07;10/09/2026;06:00;15.2;0;SOLEIL;7;22.0;0
Sablières;44.53;4.07;10/09/2026;07:00;15.2;0;SOLEIL;7;21.6;0
Sablières;44.53;4.07;10/09/2026;08:00;20.5;0;SOLEIL;8;20.9;0
Sablières;44.53;4.07;10/09/2026;09:00;20.5;0;SOLEIL;8;25.2;0
Sablières;44.53;4.07;10/09/2026;10:00;20.5;0;SOLEIL;8;33.1;0
Sablières;44.53;4.07;10/09/2026;11:00;22.6;0;SOLEIL;7;45.4;0
Sablières;44.53;4.07;10/09/2026;12:00;22.6;0;SOLEIL;7;52.1;0
Sablières;44.53;4.07;10/09/2026;13:00;22.6;0;SOLEIL;7;58.1;0
Sablières;44.53;4.07;10/09/2026;14:00;22.5;0;SOLEIL;6;61.9;0
Sablières;44.53;4.07;10/09/2026;15:00;22.5;0;SOLEIL;6;65.2;0
Sablières;44.53;4.07;10/09/2026;16:00;22.5;0;SOLEIL;6;64.1;0
Sablières;44.53;4.07;10/09/2026;17:00;20.1;0;SOLEIL;5;62.6;0
Sablières;44.53;4.07;10/09/2026;18:00;20.1;0;SOLEIL;5;59.8;0
Sablières;44.53;4.07;10/09/2026;19:00;20.1;0;SOLEIL;5;56.9;0
Sablières;44.53;4.07;10/09/2026;20:00;16.1;0;SOLEIL;4;53.3;0
Sablières;44.53;4.07;10/09/2026;21:00;16.1;0;SOLEIL;4;46.1;0
Sablières;44.53;4.07;10/09/2026;22:00;16.1;0;SOLEIL;4;41.8;0
Sablières;44.53;4.07;10/09/2026;23:00;14.7;0;SOLEIL;4;34.9;0
Sablières;44.53;4.07;11/09/2026;00:00;14.7;0;SOLEIL;4;32.8;0
Sablières;44.53;4.07;11/09/2026;01:00;14.7;0;SOLEIL;4;26.3;0
Sablières;44.53;4.07;11/09/2026;02:00;13.1;0;SOLEIL;4;24.5;0
Sablières;44.53;4.07;11/09/2026;03:00;13.1;0;SOLEIL;4;24.5;0
Sablières;44.53;4.07;11/09/2026;04:00;13.1;0;SOLEIL;4;22.7;0
Sablières;44.53;4.07;11/09/2026;05:00;13;0;SOLEIL;4;21.6;0
Sablières;44.53;4.07;11/09/2026;06:00;13;0;SOLEIL;4;22.7;0
Sablières;44.53;4.07;11/09/2026;07:00;13;0;SOLEIL;4;22.3;0
Sablières;44.53;4.07;11/09/2026;08:00;21.7;0;SOLEIL;5;21.6;0
Sablières;44.53;4.07;11/09/2026;09:00;21.7;0;SOLEIL;5;20.9;0
Sablières;44.53;4.07;11/09/2026;10:00;21.7;0;SOLEIL;5;35.3;0
Sablières;44.53;4.07;11/09/2026;11:00;24;0;SOLEIL;4;45.0;0
Sablières;44.53;4.07;11/09/2026;12:00;24;0;SOLEIL;4;51.8;0
Sablières;44.53;4.07;11/09/2026;13:00;24;0;SOLEIL;4;54.7;0
Sablières;44.53;4.07;11/09/2026;14:00;24.6;0;SOLEIL;5;56.2;0
Sablières;44.53;4.07;11/09/2026;15:00;24.6;0;SOLEIL;5;58.0;0
Sablières;44.53;4.07;11/09/2026;16:00;24.6;0;SOLEIL;5;59.0;0
Sablières;44.53;4.07;11/09/2026;17:00;21.9;0;SOLEIL;4;59.0;0
Sablières;44.53;4.07;11/09/2026;18:00;21.9;0;SOLEIL;4;58.3;0
Sablières;44.53;4.07;11/09/2026;19:00;21.9;0;SOLEIL;4;56.5;0
Sablières;44.53;4.07;11/09/2026;20:00;17.8;0;SOLEIL;5;54.7;0
Sablières;44.53;4.07;11/09/2026;21:00;16.4;0;SOLEIL;5;52.9;0
Sablières;44.53;4.07;11/09/2026;22:00;14.9;0;SOLEIL;5;51.1;0
Sablières;44.53;4.07;11/09/2026;23:00;17.5;0;SOLEIL;5;49.0;0
Sablières;44.53;4.07;12/09/2026;00:00;17.5;0;SOLEIL;5;45.7;0
Sablières;44.53;4.07;12/09/2026;01:00;17.5;0;SOLEIL;5;41.8;0
Sablières;44.53;4.07;12/09/2026;02:00;16;0;SOLEIL;5;39.2;0
Sablières;44.53;4.07;12/09/2026;03:00;16;0;SOLEIL;5;38.9;0
Sablières;44.53;4.07;12/09/2026;04:00;16;0;SOLEIL;5;39.6;0
Sablières;44.53;4.07;12/09/2026;05:00;17.1;0;SOLEIL;5;39.2;0
Sablières;44.53;4.07;12/09/2026;06:00;17.1;0;SOLEIL;5;35.6;0
Sablières;44.53;4.07;12/09/2026;07:00;17.1;0;SOLEIL;5;31.0;0
Sablières;44.53;4.07;12/09/2026;08:00;18.4;0;SOLEIL;5;29.9;0
Sablières;44.53;4.07;12/09/2026;09:00;19.5;0;SOLEIL;5;36.0;0
Sablières;44.53;4.07;12/09/2026;10:00;20.7;0;SOLEIL;5;45.7;0
Sablières;44.53;4.07;12/09/2026;11:00;25.1;0;SOLEIL;5;53.6;0
Sablières;44.53;4.07;12/09/2026;12:00;25.1;0;SOLEIL;5;58.3;0
Sablières;44.53;4.07;12/09/2026;13:00;25.1;0;SOLEIL;5;61.2;0
Sablières;44.53;4.07;12/09/2026;14:00;25.4;0;SOLEIL;5;63.0;0
Sablières;44.53;4.07;12/09/2026;15:00;26.6;0;SOLEIL;5;63.4;0
Sablières;44.53;4.07;12/09/2026;16:00;25.4;0;SOLEIL;5;62.3;0
Sablières;44.53;4.07;12/09/2026;17:00;22.1;0;SOLEIL;4;59.8;0
Sablières;44.53;4.07;12/09/2026;18:00;22.1;0;SOLEIL;4;55.8;0
Sablières;44.53;4.07;12/09/2026;19:00;22.1;0;SOLEIL;4;50.8;0
Sablières;44.53;4.07;12/09/2026;20:00;20.7;0;SOLEIL;5;45.7;0
Sablières;44.53;4.07;12/09/2026;21:00;19.5;0;SOLEIL;5;40.7;0
Sablières;44.53;4.07;12/09/2026;22:00;18.4;0;SOLEIL;5;35.6;0
Sablières;44.53;4.07;12/09/2026;23:00;15.7;0;SOLEIL;3;31.0;0
Sablières;44.53;4.07;13/09/2026;00:00;15.7;0;SOLEIL;3;27.4;0
Sablières;44.53;4.07;13/09/2026;01:00;15.7;0;SOLEIL;3;24.1;0
Sablières;44.53;4.07;13/09/2026;02:00;12.7;0;SOLEIL;5;21.6;0
Sablières;44.53;4.07;13/09/2026;03:00;12.7;0;SOLEIL;5;19.8;0
Sablières;44.53;4.07;13/09/2026;04:00;12.7;0;SOLEIL;5;18.7;0
Sablières;44.53;4.07;13/09/2026;05:00;14.1;0;SOLEIL;3;18.0;0
Sablières;44.53;4.07;13/09/2026;06:00;14.1;0;SOLEIL;3;18.4;0
Sablières;44.53;4.07;13/09/2026;07:00;14.1;0;SOLEIL;3;19.1;0
Sablières;44.53;4.07;13/09/2026;08:00;16.1;0;SOLEIL;5;20.3;0
Sablières;44.53;4.07;13/09/2026;09:00;17.8;0;SOLEIL;5;24.8;0
Sablières;44.53;4.07;13/09/2026;10:00;19.5;0;SOLEIL;5;32.8;0
Sablières;44.53;4.07;13/09/2026;11:00;26.6;0;SOLEIL;4;39.6;0
Sablières;44.53;4.07;13/09/2026;12:00;26.6;0;SOLEIL;4;43.9;0
Sablières;44.53;4.07;13/09/2026;13:00;26.6;0;SOLEIL;4;46.8;0
Sablières;44.53;4.07;13/09/2026;14:00;26.3;0;SOLEIL;5;49.0;0
Sablières;44.53;4.07;13/09/2026;15:00;28.0;0;SOLEIL;5;50.0;0
Sablières;44.53;4.07;13/09/2026;16:00;26.3;0;SOLEIL;5;49.7;0
Sablières;44.53;4.07;13/09/2026;17:00;23.6;0;SOLEIL;3;48.6;0
Sablières;44.53;4.07;13/09/2026;18:00;23.6;0;SOLEIL;3;46.4;0
Sablières;44.53;4.07;13/09/2026;19:00;23.6;0;SOLEIL;3;43.6;0
Sablières;44.53;4.07;13/09/2026;20:00;19.5;0;SOLEIL;5;40.0;0
Sablières;44.53;4.07;13/09/2026;21:00;17.8;0;SOLEIL;5;36.0;0
Sablières;44.53;4.07;13/09/2026;22:00;16.1;0;SOLEIL;5;31.7;0
Sablières;44.53;4.07;13/09/2026;23:00;17.6;0;SOLEIL;4;28.1;0
Aurillac;44.93;2.44;09/09/2026;00:00;21;6;AVERSES;3;9.4;0.7
Aurillac;44.93;2.44;09/09/2026;01:00;19.9;6;AVERSES;3;12.2;0.5
Aurillac;44.93;2.44;09/09/2026;02:00;19.2;6;AVERSES;1;11.9;0.4
Aurillac;44.93;2.44;09/09/2026;03:00;18.9;6;AVERSES;1;18.0;0.8
Aurillac;44.93;2.44;09/09/2026;04:00;18;6;AVERSES;2;17.3;0.2
Aurillac;44.93;2.44;09/09/2026;05:00;17.1;6;AVERSES;0;18.7;0.8
Aurillac;44.93;2.44;09/09/2026;06:00;17.9;6;AVERSES;2;22.0;0.2
Aurillac;44.93;2.44;09/09/2026;07:00;18.1;6;AVERSES;2;18.0;0.1
Aurillac;44.93;2.44;09/09/2026;08:00;18.4;6;AVERSES;2;6.5;0.1
Aurillac;44.93;2.44;09/09/2026;09:00;19.1;6;AVERSES;3;9.0;0.1
Aurillac;44.93;2.44;09/09/2026;10:00;19.2;2;NUAGEUX;3;14.4;0
Aurillac;44.93;2.44;09/09/2026;11:00;19.1;2;NUAGEUX;3;13.7;0
Aurillac;44.93;2.44;09/09/2026;12:00;20.1;5;SOLEIL VOILÉ;3;20.5;0
Aurillac;44.93;2.44;09/09/2026;13:00;20.4;5;SOLEIL VOILÉ;3;26.3;0
Aurillac;44.93;2.44;09/09/2026;14:00;21.4;5;SOLEIL VOILÉ;3;29.5;0
Aurillac;44.93;2.44;09/09/2026;15:00;21.4;5;SOLEIL VOILÉ;3;30.6;0
Aurillac;44.93;2.44;09/09/2026;16:00;21;5;SOLEIL VOILÉ;3;31.7;0
Aurillac;44.93;2.44;09/09/2026;17:00;18.9;0;SOLEIL;3;36.4;0
Aurillac;44.93;2.44;09/09/2026;18:00;17.1;0;SOLEIL;3;37.8;0
Aurillac;44.93;2.44;09/09/2026;19:00;16;0;SOLEIL;2;37.8;0
Aurillac;44.93;2.44;09/09/2026;20:00;15.4;0;SOLEIL;2;32.8;0
Aurillac;44.93;2.44;09/09/2026;21:00;14.5;0;SOLEIL;2;28.1;0
Aurillac;44.93;2.44;09/09/2026;22:00;14.1;0;SOLEIL;2;32.0;0
Aurillac;44.93;2.44;09/09/2026;23:00;14.1;0;SOLEIL;3;29.9;0
Aurillac;44.93;2.44;10/09/2026;00:00;12.9;0;SOLEIL;2;22.3;0
Aurillac;44.93;2.44;10/09/2026;01:00;12.9;0;SOLEIL;2;20.2;0
Aurillac;44.93;2.44;10/09/2026;02:00;13.6;0;SOLEIL;6;20.2;0
Aurillac;44.93;2.44;10/09/2026;03:00;13.6;0;SOLEIL;6;20.2;0
Aurillac;44.93;2.44;10/09/2026;04:00;13.6;0;SOLEIL;6;18.4;0
Aurillac;44.93;2.44;10/09/2026;05:00;13;0;SOLEIL;6;14.4;0
Aurillac;44.93;2.44;10/09/2026;06:00;13;0;SOLEIL;6;13.0;0
Aurillac;44.93;2.44;10/09/2026;07:00;13;0;SOLEIL;6;12.6;0
Aurillac;44.93;2.44;10/09/2026;08:00;19.9;0;SOLEIL;5;13.0;0
Aurillac;44.93;2.44;10/09/2026;09:00;19.9;0;SOLEIL;5;19.1;0
Aurillac;44.93;2.44;10/09/2026;10:00;19.9;0;SOLEIL;5;24.5;0
Aurillac;44.93;2.44;10/09/2026;11:00;24.5;0;SOLEIL;3;24.8;0
Aurillac;44.93;2.44;10/09/2026;12:00;24.5;0;SOLEIL;3;33.8;0
Aurillac;44.93;2.44;10/09/2026;13:00;24.5;0;SOLEIL;3;41.4;0
Aurillac;44.93;2.44;10/09/2026;14:00;25;0;SOLEIL;3;45.6;0
Aurillac;44.93;2.44;10/09/2026;15:00;25;0;SOLEIL;3;49.7;0
Aurillac;44.93;2.44;10/09/2026;16:00;25;0;SOLEIL;3;49.7;0
Aurillac;44.93;2.44;10/09/2026;17:00;20.1;0;SOLEIL;2;45.7;0
Aurillac;44.93;2.44;10/09/2026;18:00;20.1;0;SOLEIL;2;44.3;0
Aurillac;44.93;2.44;10/09/2026;19:00;20.1;0;SOLEIL;2;39.6;0
Aurillac;44.93;2.44;10/09/2026;20:00;15;0;SOLEIL;3;33.8;0
Aurillac;44.93;2.44;10/09/2026;21:00;15;0;SOLEIL;3;34.6;0
Aurillac;44.93;2.44;10/09/2026;22:00;15;0;SOLEIL;3;34.9;0
Aurillac;44.93;2.44;10/09/2026;23:00;12.1;0;SOLEIL;4;36.4;0
Aurillac;44.93;2.44;11/09/2026;00:00;12.1;0;SOLEIL;4;38.2;0
Aurillac;44.93;2.44;11/09/2026;01:00;12.1;0;SOLEIL;4;40.0;0
Aurillac;44.93;2.44;11/09/2026;02:00;11.4;0;SOLEIL;3;37.1;0
Aurillac;44.93;2.44;11/09/2026;03:00;11.4;0;SOLEIL;3;37.1;0
Aurillac;44.93;2.44;11/09/2026;04:00;11.4;0;SOLEIL;3;37.1;0
Aurillac;44.93;2.44;11/09/2026;05:00;11;0;SOLEIL;4;40.0;0
Aurillac;44.93;2.44;11/09/2026;06:00;11;0;SOLEIL;4;42.5;0
Aurillac;44.93;2.44;11/09/2026;07:00;11;0;SOLEIL;4;41.0;0
Aurillac;44.93;2.44;11/09/2026;08:00;21.6;0;SOLEIL;3;40.3;0
Aurillac;44.93;2.44;11/09/2026;09:00;21.6;0;SOLEIL;3;40.0;0
Aurillac;44.93;2.44;11/09/2026;10:00;21.6;0;SOLEIL;3;40.0;0
Aurillac;44.93;2.44;11/09/2026;11:00;25.5;0;SOLEIL;2;33.5;0
Aurillac;44.93;2.44;11/09/2026;12:00;25.5;0;SOLEIL;2;36.4;0
Aurillac;44.93;2.44;11/09/2026;13:00;25.5;0;SOLEIL;2;43.2;0
Aurillac;44.93;2.44;11/09/2026;14:00;26.6;0;SOLEIL;3;44.3;0
Aurillac;44.93;2.44;11/09/2026;15:00;26.6;0;SOLEIL;3;46.8;0
Aurillac;44.93;2.44;11/09/2026;16:00;26.6;0;SOLEIL;3;49.0;0
Aurillac;44.93;2.44;11/09/2026;17:00;21.1;0;SOLEIL;3;49.3;0
Aurillac;44.93;2.44;11/09/2026;18:00;21.1;0;SOLEIL;3;47.2;0
Aurillac;44.93;2.44;11/09/2026;19:00;21.1;0;SOLEIL;3;43.6;0
Aurillac;44.93;2.44;11/09/2026;20:00;17.6;0;SOLEIL;5;41.8;0
Aurillac;44.93;2.44;11/09/2026;21:00;15.7;0;SOLEIL;5;43.6;0
Aurillac;44.93;2.44;11/09/2026;22:00;13.8;0;SOLEIL;5;46.8;0
Aurillac;44.93;2.44;11/09/2026;23:00;15.6;0;SOLEIL;4;49.3;0
Aurillac;44.93;2.44;12/09/2026;00:00;15.6;0;SOLEIL;4;50.0;0
Aurillac;44.93;2.44;12/09/2026;01:00;15.6;0;SOLEIL;4;50.0;0
Aurillac;44.93;2.44;12/09/2026;02:00;14.4;0;SOLEIL;5;49.3;0
Aurillac;44.93;2.44;12/09/2026;03:00;14.4;0;SOLEIL;5;47.9;0
Aurillac;44.93;2.44;12/09/2026;04:00;14.4;0;SOLEIL;5;46.1;0
Aurillac;44.93;2.44;12/09/2026;05:00;15.6;0;SOLEIL;5;45.0;0
Aurillac;44.93;2.44;12/09/2026;06:00;15.6;0;SOLEIL;5;46.1;0
Aurillac;44.93;2.44;12/09/2026;07:00;15.6;0;SOLEIL;5;48.2;0
Aurillac;44.93;2.44;12/09/2026;08:00;17.7;0;SOLEIL;5;48.6;0
Aurillac;44.93;2.44;12/09/2026;09:00;19.3;0;SOLEIL;5;45.0;0
Aurillac;44.93;2.44;12/09/2026;10:00;21.0;0;SOLEIL;5;39.2;0
Aurillac;44.93;2.44;12/09/2026;11:00;27.6;0;SOLEIL;3;36.0;0
Aurillac;44.93;2.44;12/09/2026;12:00;27.6;0;SOLEIL;3;37.4;0
Aurillac;44.93;2.44;12/09/2026;13:00;27.6;0;SOLEIL;3;41.4;0
Aurillac;44.93;2.44;12/09/2026;14:00;27.6;0;SOLEIL;5;44.3;0
Aurillac;44.93;2.44;12/09/2026;15:00;29.2;0;SOLEIL;5;45.0;0
Aurillac;44.93;2.44;12/09/2026;16:00;27.6;0;SOLEIL;5;44.3;0
Aurillac;44.93;2.44;12/09/2026;17:00;21.6;0;SOLEIL;3;43.2;0
Aurillac;44.93;2.44;12/09/2026;18:00;21.6;0;SOLEIL;3;41.0;0
Aurillac;44.93;2.44;12/09/2026;19:00;21.6;0;SOLEIL;3;38.5;0
Aurillac;44.93;2.44;12/09/2026;20:00;21.0;0;SOLEIL;5;36.0;0
Aurillac;44.93;2.44;12/09/2026;21:00;19.3;0;SOLEIL;5;33.8;0
Aurillac;44.93;2.44;12/09/2026;22:00;17.7;0;SOLEIL;5;31.7;0
Aurillac;44.93;2.44;12/09/2026;23:00;16.2;0;SOLEIL;4;30.2;0
Aurillac;44.93;2.44;13/09/2026;00:00;16.2;0;SOLEIL;4;30.2;0
Aurillac;44.93;2.44;13/09/2026;01:00;16.2;0;SOLEIL;4;31.3;0
Aurillac;44.93;2.44;13/09/2026;02:00;13.5;0;SOLEIL;5;32.0;0
Aurillac;44.93;2.44;13/09/2026;03:00;13.5;0;SOLEIL;5;31.7;0
Aurillac;44.93;2.44;13/09/2026;04:00;13.5;0;SOLEIL;5;31.3;0
Aurillac;44.93;2.44;13/09/2026;05:00;14.5;0;SOLEIL;4;30.6;0
Aurillac;44.93;2.44;13/09/2026;06:00;14.5;0;SOLEIL;4;27.8;0
Aurillac;44.93;2.44;13/09/2026;07:00;14.5;0;SOLEIL;4;25.0;0
Aurillac;44.93;2.44;13/09/2026;08:00;17.3;0;SOLEIL;5;22.3;0
Aurillac;44.93;2.44;13/09/2026;09:00;19.2;0;SOLEIL;5;19.4;0
Aurillac;44.93;2.44;13/09/2026;10:00;21.1;0;SOLEIL;5;19.1;0
Aurillac;44.93;2.44;13/09/2026;11:00;28.4;0;SOLEIL;2;20.2;0
Aurillac;44.93;2.44;13/09/2026;12:00;28.4;0;SOLEIL;2;23.8;0
Aurillac;44.93;2.44;13/09/2026;13:00;28.4;0;SOLEIL;2;28.4;0
Aurillac;44.93;2.44;13/09/2026;14:00;28.6;0;SOLEIL;5;31.7;0
Aurillac;44.93;2.44;13/09/2026;15:00;30.5;0;SOLEIL;5;32.4;0
Aurillac;44.93;2.44;13/09/2026;16:00;28.6;0;SOLEIL;5;31.3;0
Aurillac;44.93;2.44;13/09/2026;17:00;22.7;0;SOLEIL;2;30.2;0
Aurillac;44.93;2.44;13/09/2026;18:00;22.7;0;SOLEIL;2;29.2;0
Aurillac;44.93;2.44;13/09/2026;19:00;22.7;0;SOLEIL;2;27.7;0
Aurillac;44.93;2.44;13/09/2026;20:00;21.1;0;SOLEIL;5;25.9;0
Aurillac;44.93;2.44;13/09/2026;21:00;19.2;0;SOLEIL;5;23.4;0
Aurillac;44.93;2.44;13/09/2026;22:00;17.3;0;SOLEIL;5;20.9;0
Aurillac;44.93;2.44;13/09/2026;23:00;17.2;0;SOLEIL;4;19.1;0
Saint-Flour;45.03;3.09;09/09/2026;00:00;17.9;2;NUAGEUX;2;10.8;0
Saint-Flour;45.03;3.09;09/09/2026;01:00;17.4;6;AVERSES;3;7.9;0.1
Saint-Flour;45.03;3.09;09/09/2026;02:00;15.2;6;AVERSES;3;13.0;1.1
Saint-Flour;45.03;3.09;09/09/2026;03:00;14.5;6;AVERSES;3;34.6;0.9
Saint-Flour;45.03;3.09;09/09/2026;04:00;14.1;6;AVERSES;3;31.0;0.9
Saint-Flour;45.03;3.09;09/09/2026;05:00;13.6;6;AVERSES;3;22.3;0.2
Saint-Flour;45.03;3.09;09/09/2026;06:00;13.6;6;AVERSES;3;17.6;0.1
Saint-Flour;45.03;3.09;09/09/2026;07:00;13.7;2;NUAGEUX;3;16.9;0
Saint-Flour;45.03;3.09;09/09/2026;08:00;14.5;2;NUAGEUX;3;19.8;0
Saint-Flour;45.03;3.09;09/09/2026;09:00;15.6;2;NUAGEUX;3;23.0;0
Saint-Flour;45.03;3.09;09/09/2026;10:00;16.4;2;NUAGEUX;4;28.4;0
Saint-Flour;45.03;3.09;09/09/2026;11:00;17.7;2;NUAGEUX;4;29.9;0
Saint-Flour;45.03;3.09;09/09/2026;12:00;17.7;2;NUAGEUX;4;30.2;0
Saint-Flour;45.03;3.09;09/09/2026;13:00;19.1;2;NUAGEUX;4;28.8;0
Saint-Flour;45.03;3.09;09/09/2026;14:00;18.7;0;SOLEIL;4;27.7;0
Saint-Flour;45.03;3.09;09/09/2026;15:00;18.7;0;SOLEIL;4;32.0;0
Saint-Flour;45.03;3.09;09/09/2026;16:00;18.6;0;SOLEIL;4;35.6;0
Saint-Flour;45.03;3.09;09/09/2026;17:00;17.7;0;SOLEIL;4;36.4;0
Saint-Flour;45.03;3.09;09/09/2026;18:00;16.2;0;SOLEIL;4;36.0;0
Saint-Flour;45.03;3.09;09/09/2026;19:00;15.1;0;SOLEIL;3;37.4;0
Saint-Flour;45.03;3.09;09/09/2026;20:00;14.4;0;SOLEIL;3;34.2;0
Saint-Flour;45.03;3.09;09/09/2026;21:00;13.6;0;SOLEIL;2;27.0;0
Saint-Flour;45.03;3.09;09/09/2026;22:00;12.6;0;SOLEIL;2;20.9;0
Saint-Flour;45.03;3.09;09/09/2026;23:00;11.6;0;SOLEIL;2;16.6;0
Saint-Flour;45.03;3.09;10/09/2026;00:00;11.1;0;SOLEIL;2;15.1;0
Saint-Flour;45.03;3.09;10/09/2026;01:00;11.1;0;SOLEIL;2;14.0;0
Saint-Flour;45.03;3.09;10/09/2026;02:00;10.6;0;SOLEIL;2;12.6;0
Saint-Flour;45.03;3.09;10/09/2026;03:00;10.6;0;SOLEIL;2;13.0;0
Saint-Flour;45.03;3.09;10/09/2026;04:00;10.6;0;SOLEIL;2;12.6;0
Saint-Flour;45.03;3.09;10/09/2026;05:00;9.6;0;SOLEIL;2;12.2;0
Saint-Flour;45.03;3.09;10/09/2026;06:00;9.6;0;SOLEIL;2;13.3;0
Saint-Flour;45.03;3.09;10/09/2026;07:00;9.6;0;SOLEIL;2;13.0;0
Saint-Flour;45.03;3.09;10/09/2026;08:00;16.5;0;SOLEIL;4;10.8;0
Saint-Flour;45.03;3.09;10/09/2026;09:00;16.5;0;SOLEIL;4;9.7;0
Saint-Flour;45.03;3.09;10/09/2026;10:00;16.5;0;SOLEIL;4;13.7;0
Saint-Flour;45.03;3.09;10/09/2026;11:00;20;0;SOLEIL;4;31.3;0
Saint-Flour;45.03;3.09;10/09/2026;12:00;20;0;SOLEIL;4;32.6;0
Saint-Flour;45.03;3.09;10/09/2026;13:00;20;0;SOLEIL;4;32.2;0
Saint-Flour;45.03;3.09;10/09/2026;14:00;22.2;0;SOLEIL;4;32.6;0
Saint-Flour;45.03;3.09;10/09/2026;15:00;22.2;0;SOLEIL;4;34.6;0
Saint-Flour;45.03;3.09;10/09/2026;16:00;22.2;0;SOLEIL;4;35.3;0
Saint-Flour;45.03;3.09;10/09/2026;17:00;19.2;0;SOLEIL;3;34.6;0
Saint-Flour;45.03;3.09;10/09/2026;18:00;19.2;0;SOLEIL;3;33.1;0
Saint-Flour;45.03;3.09;10/09/2026;19:00;19.2;0;SOLEIL;3;31.3;0
Saint-Flour;45.03;3.09;10/09/2026;20:00;14.9;0;SOLEIL;2;26.6;0
Saint-Flour;45.03;3.09;10/09/2026;21:00;14.9;0;SOLEIL;2;19.1;0
Saint-Flour;45.03;3.09;10/09/2026;22:00;14.9;0;SOLEIL;2;10.4;0
Saint-Flour;45.03;3.09;10/09/2026;23:00;11.4;0;SOLEIL;1;14.4;0
Saint-Flour;45.03;3.09;11/09/2026;00:00;11.4;0;SOLEIL;1;14.8;0
Saint-Flour;45.03;3.09;11/09/2026;01:00;11.4;0;SOLEIL;1;14.4;0
Saint-Flour;45.03;3.09;11/09/2026;02:00;10.6;0;SOLEIL;1;14.4;0
Saint-Flour;45.03;3.09;11/09/2026;03:00;10.6;0;SOLEIL;1;13.7;0
Saint-Flour;45.03;3.09;11/09/2026;04:00;10.6;0;SOLEIL;1;13.3;0
Saint-Flour;45.03;3.09;11/09/2026;05:00;11.5;0;SOLEIL;1;12.6;0
Saint-Flour;45.03;3.09;11/09/2026;06:00;11.5;0;SOLEIL;1;13.3;0
Saint-Flour;45.03;3.09;11/09/2026;07:00;11.5;0;SOLEIL;1;13.7;0
Saint-Flour;45.03;3.09;11/09/2026;08:00;17.2;0;SOLEIL;2;10.8;0
Saint-Flour;45.03;3.09;11/09/2026;09:00;17.2;0;SOLEIL;2;8.6;0
Saint-Flour;45.03;3.09;11/09/2026;10:00;17.2;0;SOLEIL;2;8.3;0
Saint-Flour;45.03;3.09;11/09/2026;11:00;20.2;0;SOLEIL;4;13.3;0
Saint-Flour;45.03;3.09;11/09/2026;12:00;20.2;0;SOLEIL;4;27.0;0
Saint-Flour;45.03;3.09;11/09/2026;13:00;20.2;0;SOLEIL;4;28.8;0
Saint-Flour;45.03;3.09;11/09/2026;14:00;21.2;0;SOLEIL;4;30.2;0
Saint-Flour;45.03;3.09;11/09/2026;15:00;21.2;0;SOLEIL;4;32.8;0
Saint-Flour;45.03;3.09;11/09/2026;16:00;21.2;0;SOLEIL;4;33.8;0
Saint-Flour;45.03;3.09;11/09/2026;17:00;18.2;0;SOLEIL;3;33.8;0
Saint-Flour;45.03;3.09;11/09/2026;18:00;18.2;0;SOLEIL;3;33.5;0
Saint-Flour;45.03;3.09;11/09/2026;19:00;18.2;0;SOLEIL;3;32.4;0
Saint-Flour;45.03;3.09;11/09/2026;20:00;15.4;0;SOLEIL;5;29.9;0
Saint-Flour;45.03;3.09;11/09/2026;21:00;14.0;0;SOLEIL;5;24.5;0
Saint-Flour;45.03;3.09;11/09/2026;22:00;12.7;0;SOLEIL;5;18.0;0
Saint-Flour;45.03;3.09;11/09/2026;23:00;12.6;0;SOLEIL;2;12.6;0
Saint-Flour;45.03;3.09;12/09/2026;00:00;12.6;0;SOLEIL;2;10.1;0
Saint-Flour;45.03;3.09;12/09/2026;01:00;12.6;0;SOLEIL;2;8.6;0
Saint-Flour;45.03;3.09;12/09/2026;02:00;10.6;0;SOLEIL;5;8.3;0
Saint-Flour;45.03;3.09;12/09/2026;03:00;10.6;0;SOLEIL;5;8.3;0
Saint-Flour;45.03;3.09;12/09/2026;04:00;10.6;0;SOLEIL;5;9.0;0
Saint-Flour;45.03;3.09;12/09/2026;05:00;11.9;0;SOLEIL;2;9.7;0
Saint-Flour;45.03;3.09;12/09/2026;06:00;11.9;0;SOLEIL;2;9.7;0
Saint-Flour;45.03;3.09;12/09/2026;07:00;11.9;0;SOLEIL;2;9.7;0
Saint-Flour;45.03;3.09;12/09/2026;08:00;14.0;0;SOLEIL;5;10.1;0
Saint-Flour;45.03;3.09;12/09/2026;09:00;15.8;0;SOLEIL;5;10.8;0
Saint-Flour;45.03;3.09;12/09/2026;10:00;17.5;0;SOLEIL;5;11.5;0
Saint-Flour;45.03;3.09;12/09/2026;11:00;24.2;0;SOLEIL;3;13.0;0
Saint-Flour;45.03;3.09;12/09/2026;12:00;24.2;0;SOLEIL;3;15.5;0
Saint-Flour;45.03;3.09;12/09/2026;13:00;24.2;0;SOLEIL;3;18.4;0
Saint-Flour;45.03;3.09;12/09/2026;14:00;24.4;0;SOLEIL;5;20.9;0
Saint-Flour;45.03;3.09;12/09/2026;15:00;26.1;0;SOLEIL;5;23.4;0
Saint-Flour;45.03;3.09;12/09/2026;16:00;24.4;0;SOLEIL;5;25.6;0
Saint-Flour;45.03;3.09;12/09/2026;17:00;21.6;0;SOLEIL;2;26.6;0
Saint-Flour;45.03;3.09;12/09/2026;18:00;21.6;0;SOLEIL;2;25.6;0
Saint-Flour;45.03;3.09;12/09/2026;19:00;21.6;0;SOLEIL;2;23.4;0
Saint-Flour;45.03;3.09;12/09/2026;20:00;17.5;0;SOLEIL;5;21.2;0
Saint-Flour;45.03;3.09;12/09/2026;21:00;15.8;0;SOLEIL;5;19.4;0
Saint-Flour;45.03;3.09;12/09/2026;22:00;14.0;0;SOLEIL;5;17.3;0
Saint-Flour;45.03;3.09;12/09/2026;23:00;14;0;SOLEIL;2;15.8;0
Saint-Flour;45.03;3.09;13/09/2026;00:00;14;0;SOLEIL;2;14.8;0
Saint-Flour;45.03;3.09;13/09/2026;01:00;14;0;SOLEIL;2;14.0;0
Saint-Flour;45.03;3.09;13/09/2026;02:00;11.1;0;SOLEIL;5;13.3;0
Saint-Flour;45.03;3.09;13/09/2026;03:00;11.1;0;SOLEIL;5;13.0;0
Saint-Flour;45.03;3.09;13/09/2026;04:00;11.1;0;SOLEIL;5;13.3;0
Saint-Flour;45.03;3.09;13/09/2026;05:00;12.6;0;SOLEIL;1;13.3;0
Saint-Flour;45.03;3.09;13/09/2026;06:00;12.6;0;SOLEIL;1;13.1;0
Saint-Flour;45.03;3.09;13/09/2026;07:00;12.6;0;SOLEIL;1;13.1;0
Saint-Flour;45.03;3.09;13/09/2026;08:00;14.8;0;SOLEIL;5;13.3;0
Saint-Flour;45.03;3.09;13/09/2026;09:00;16.6;0;SOLEIL;5;11.5;0
Saint-Flour;45.03;3.09;13/09/2026;10:00;18.5;0;SOLEIL;5;11.2;0
Saint-Flour;45.03;3.09;13/09/2026;11:00;25.6;0;SOLEIL;3;11.9;0
Saint-Flour;45.03;3.09;13/09/2026;12:00;25.6;0;SOLEIL;3;14.0;0
Saint-Flour;45.03;3.09;13/09/2026;13:00;25.6;0;SOLEIL;3;16.9;0
Saint-Flour;45.03;3.09;13/09/2026;14:00;25.9;0;SOLEIL;5;19.4;0
Saint-Flour;45.03;3.09;13/09/2026;15:00;27.7;0;SOLEIL;5;20.9;0
Saint-Flour;45.03;3.09;13/09/2026;16:00;25.9;0;SOLEIL;5;22.3;0
Saint-Flour;45.03;3.09;13/09/2026;17:00;22.5;0;SOLEIL;2;23.0;0
Saint-Flour;45.03;3.09;13/09/2026;18:00;22.5;0;SOLEIL;2;23.8;0
Saint-Flour;45.03;3.09;13/09/2026;19:00;22.5;0;SOLEIL;2;24.1;0
Saint-Flour;45.03;3.09;13/09/2026;20:00;18.5;0;SOLEIL;5;23.8;0
Saint-Flour;45.03;3.09;13/09/2026;21:00;16.6;0;SOLEIL;5;21.6;0
Saint-Flour;45.03;3.09;13/09/2026;22:00;14.8;0;SOLEIL;5;18.7;0
Saint-Flour;45.03;3.09;13/09/2026;23:00;15.6;0;SOLEIL;2;16.2;0
Dieulefit;44.52;5.06;09/09/2026;00:00;16.6;2;NUAGEUX;3;11.5;0
Dieulefit;44.52;5.06;09/09/2026;01:00;15.6;6;AVERSES;3;11.5;0.1
Dieulefit;44.52;5.06;09/09/2026;02:00;14.6;6;AVERSES;4;16.6;0.1
Dieulefit;44.52;5.06;09/09/2026;03:00;14.6;6;AVERSES;3;19.4;0.1
Dieulefit;44.52;5.06;09/09/2026;04:00;13.6;6;AVERSES;3;24.1;0.2
Dieulefit;44.52;5.06;09/09/2026;05:00;12.4;6;AVERSES;3;23.8;0.3
Dieulefit;44.52;5.06;09/09/2026;06:00;12.2;6;AVERSES;3;19.1;0.1
Dieulefit;44.52;5.06;09/09/2026;07:00;12;2;NUAGEUX;3;19.1;0
Dieulefit;44.52;5.06;09/09/2026;08:00;11.1;2;NUAGEUX;3;19.1;0
Dieulefit;44.52;5.06;09/09/2026;09:00;12.2;2;NUAGEUX;3;20.9;0
Dieulefit;44.52;5.06;09/09/2026;10:00;12.7;2;NUAGEUX;4;29.5;0
Dieulefit;44.52;5.06;09/09/2026;11:00;14;2;NUAGEUX;4;28.1;0
Dieulefit;44.52;5.06;09/09/2026;12:00;16.1;2;NUAGEUX;4;23.0;0
Dieulefit;44.52;5.06;09/09/2026;13:00;16.4;2;NUAGEUX;4;23.4;0
Dieulefit;44.52;5.06;09/09/2026;14:00;15.1;2;NUAGEUX;4;23.8;0
Dieulefit;44.52;5.06;09/09/2026;15:00;16.2;2;NUAGEUX;4;28.1;0
Dieulefit;44.52;5.06;09/09/2026;16:00;15.4;2;NUAGEUX;5;36.0;0
Dieulefit;44.52;5.06;09/09/2026;17:00;14.1;0;SOLEIL;5;39.6;0
Dieulefit;44.52;5.06;09/09/2026;18:00;12.9;0;SOLEIL;4;40.0;0
Dieulefit;44.52;5.06;09/09/2026;19:00;12.1;0;SOLEIL;4;40.7;0
Dieulefit;44.52;5.06;09/09/2026;20:00;11.9;0;SOLEIL;4;36.7;0
Dieulefit;44.52;5.06;09/09/2026;21:00;11;0;SOLEIL;4;29.9;0
Dieulefit;44.52;5.06;09/09/2026;22:00;10.2;0;SOLEIL;4;18.7;0
Dieulefit;44.52;5.06;09/09/2026;23:00;10;0;SOLEIL;4;9.7;0
Dieulefit;44.52;5.06;10/09/2026;00:00;9.5;0;SOLEIL;4;10.1;0
Dieulefit;44.52;5.06;10/09/2026;01:00;9.5;0;SOLEIL;4;10.8;0
Dieulefit;44.52;5.06;10/09/2026;02:00;9.1;0;SOLEIL;4;10.1;0
Dieulefit;44.52;5.06;10/09/2026;03:00;9.1;0;SOLEIL;4;10.8;0
Dieulefit;44.52;5.06;10/09/2026;04:00;9.1;0;SOLEIL;4;11.2;0
Dieulefit;44.52;5.06;10/09/2026;05:00;9.5;0;SOLEIL;4;13.0;0
Dieulefit;44.52;5.06;10/09/2026;06:00;9.5;0;SOLEIL;4;13.7;0
Dieulefit;44.52;5.06;10/09/2026;07:00;9.5;0;SOLEIL;4;12.6;0
Dieulefit;44.52;5.06;10/09/2026;08:00;13.2;0;SOLEIL;5;13.0;0
Dieulefit;44.52;5.06;10/09/2026;09:00;13.2;0;SOLEIL;5;23.8;0
Dieulefit;44.52;5.06;10/09/2026;10:00;13.2;0;SOLEIL;5;34.9;0
Dieulefit;44.52;5.06;10/09/2026;11:00;16.7;0;SOLEIL;5;41.4;0
Dieulefit;44.52;5.06;10/09/2026;12:00;16.7;0;SOLEIL;5;49.9;0
Dieulefit;44.52;5.06;10/09/2026;13:00;16.7;0;SOLEIL;5;51.5;0
Dieulefit;44.52;5.06;10/09/2026;14:00;18;0;SOLEIL;4;51.7;0
Dieulefit;44.52;5.06;10/09/2026;15:00;18;0;SOLEIL;4;49.0;0
Dieulefit;44.52;5.06;10/09/2026;16:00;18;0;SOLEIL;4;45.7;0
Dieulefit;44.52;5.06;10/09/2026;17:00;14.9;0;SOLEIL;3;44.6;0
Dieulefit;44.52;5.06;10/09/2026;18:00;14.9;0;SOLEIL;3;42.5;0
Dieulefit;44.52;5.06;10/09/2026;19:00;14.9;0;SOLEIL;3;40.7;0
Dieulefit;44.52;5.06;10/09/2026;20:00;11.1;0;SOLEIL;2;36.7;0
Dieulefit;44.52;5.06;10/09/2026;21:00;11.1;0;SOLEIL;2;27.0;0
Dieulefit;44.52;5.06;10/09/2026;22:00;11.1;0;SOLEIL;2;19.4;0
Dieulefit;44.52;5.06;10/09/2026;23:00;8.7;0;SOLEIL;1;14.8;0
Dieulefit;44.52;5.06;11/09/2026;00:00;8.7;0;SOLEIL;1;14.0;0
Dieulefit;44.52;5.06;11/09/2026;01:00;8.7;0;SOLEIL;1;14.4;0
Dieulefit;44.52;5.06;11/09/2026;02:00;7.4;0;SOLEIL;0;14.8;0
Dieulefit;44.52;5.06;11/09/2026;03:00;7.4;0;SOLEIL;0;13.0;0
Dieulefit;44.52;5.06;11/09/2026;04:00;7.4;0;SOLEIL;0;14.8;0
Dieulefit;44.52;5.06;11/09/2026;05:00;7.1;0;SOLEIL;0;14.4;0
Dieulefit;44.52;5.06;11/09/2026;06:00;7.1;0;SOLEIL;0;13.0;0
Dieulefit;44.52;5.06;11/09/2026;07:00;7.1;0;SOLEIL;0;12.6;0
Dieulefit;44.52;5.06;11/09/2026;08:00;15.1;0;SOLEIL;1;13.7;0
Dieulefit;44.52;5.06;11/09/2026;09:00;15.1;0;SOLEIL;1;10.8;0
Dieulefit;44.52;5.06;11/09/2026;10:00;15.1;0;SOLEIL;1;9.0;0
Dieulefit;44.52;5.06;11/09/2026;11:00;20;0;SOLEIL;3;23.0;0
Dieulefit;44.52;5.06;11/09/2026;12:00;20;0;SOLEIL;3;28.8;0
Dieulefit;44.52;5.06;11/09/2026;13:00;20;0;SOLEIL;3;28.1;0
Dieulefit;44.52;5.06;11/09/2026;14:00;20.1;0;SOLEIL;4;30.2;0
Dieulefit;44.52;5.06;11/09/2026;15:00;20.1;0;SOLEIL;4;32.4;0
Dieulefit;44.52;5.06;11/09/2026;16:00;20.1;0;SOLEIL;4;34.6;0
Dieulefit;44.52;5.06;11/09/2026;17:00;16.6;0;SOLEIL;4;36.0;0
Dieulefit;44.52;5.06;11/09/2026;18:00;16.6;0;SOLEIL;4;36.7;0
Dieulefit;44.52;5.06;11/09/2026;19:00;16.6;0;SOLEIL;4;36.7;0
Dieulefit;44.52;5.06;11/09/2026;20:00;13.2;0;SOLEIL;5;35.3;0
Dieulefit;44.52;5.06;11/09/2026;21:00;11.5;0;SOLEIL;5;31.7;0
Dieulefit;44.52;5.06;11/09/2026;22:00;9.8;0;SOLEIL;5;27.0;0
Dieulefit;44.52;5.06;11/09/2026;23:00;11.5;0;SOLEIL;2;22.7;0
Dieulefit;44.52;5.06;12/09/2026;00:00;11.5;0;SOLEIL;2;19.1;0
Dieulefit;44.52;5.06;12/09/2026;01:00;11.5;0;SOLEIL;2;15.8;0
Dieulefit;44.52;5.06;12/09/2026;02:00;9.2;0;SOLEIL;5;13.7;0
Dieulefit;44.52;5.06;12/09/2026;03:00;9.2;0;SOLEIL;5;12.6;0
Dieulefit;44.52;5.06;12/09/2026;04:00;9.2;0;SOLEIL;5;12.6;0
Dieulefit;44.52;5.06;12/09/2026;05:00;10;0;SOLEIL;2;13.0;0
Dieulefit;44.52;5.06;12/09/2026;06:00;10;0;SOLEIL;2;12.6;0
Dieulefit;44.52;5.06;12/09/2026;07:00;10;0;SOLEIL;2;13.0;0
Dieulefit;44.52;5.06;12/09/2026;08:00;12.2;0;SOLEIL;5;15.1;0
Dieulefit;44.52;5.06;12/09/2026;09:00;13.7;0;SOLEIL;5;21.6;0
Dieulefit;44.52;5.06;12/09/2026;10:00;15.2;0;SOLEIL;5;30.2;0
Dieulefit;44.52;5.06;12/09/2026;11:00;20.5;0;SOLEIL;3;37.1;0
Dieulefit;44.52;5.06;12/09/2026;12:00;20.5;0;SOLEIL;3;41.0;0
Dieulefit;44.52;5.06;12/09/2026;13:00;20.5;0;SOLEIL;3;43.2;0
Dieulefit;44.52;5.06;12/09/2026;14:00;21.1;0;SOLEIL;5;43.9;0
Dieulefit;44.52;5.06;12/09/2026;15:00;22.6;0;SOLEIL;5;43.2;0
Dieulefit;44.52;5.06;12/09/2026;16:00;21.1;0;SOLEIL;5;41.0;0
Dieulefit;44.52;5.06;12/09/2026;17:00;18.4;0;SOLEIL;3;39.2;0
Dieulefit;44.52;5.06;12/09/2026;18:00;18.4;0;SOLEIL;3;38.5;0
Dieulefit;44.52;5.06;12/09/2026;19:00;18.4;0;SOLEIL;3;37.8;0
Dieulefit;44.52;5.06;12/09/2026;20:00;15.2;0;SOLEIL;5;35.3;0
Dieulefit;44.52;5.06;12/09/2026;21:00;13.7;0;SOLEIL;5;29.5;0
Dieulefit;44.52;5.06;12/09/2026;22:00;12.2;0;SOLEIL;5;22.3;0
Dieulefit;44.52;5.06;12/09/2026;23:00;11.4;0;SOLEIL;1;16.6;0
Dieulefit;44.52;5.06;13/09/2026;00:00;11.4;0;SOLEIL;1;14.4;0
Dieulefit;44.52;5.06;13/09/2026;01:00;11.4;0;SOLEIL;1;14.0;0
Dieulefit;44.52;5.06;13/09/2026;02:00;6.9;0;SOLEIL;5;14.0;0
Dieulefit;44.52;5.06;13/09/2026;03:00;6.9;0;SOLEIL;5;13.3;0
Dieulefit;44.52;5.06;13/09/2026;04:00;6.9;0;SOLEIL;5;13.0;0
Dieulefit;44.52;5.06;13/09/2026;05:00;8;0;SOLEIL;0;12.6;0
Dieulefit;44.52;5.06;13/09/2026;06:00;8;0;SOLEIL;0;10.7;0
Dieulefit;44.52;5.06;13/09/2026;07:00;8;0;SOLEIL;0;9.0;0
Dieulefit;44.52;5.06;13/09/2026;08:00;10.9;0;SOLEIL;5;7.5;0
Dieulefit;44.52;5.06;13/09/2026;09:00;13.0;0;SOLEIL;5;10.8;0
Dieulefit;44.52;5.06;13/09/2026;10:00;15.0;0;SOLEIL;5;19.8;0
Dieulefit;44.52;5.06;13/09/2026;11:00;22.6;0;SOLEIL;2;27.0;0
Dieulefit;44.52;5.06;13/09/2026;12:00;22.6;0;SOLEIL;2;30.6;0
Dieulefit;44.52;5.06;13/09/2026;13:00;22.6;0;SOLEIL;2;32.8;0
Dieulefit;44.52;5.06;13/09/2026;14:00;23.1;0;SOLEIL;5;33.5;0
Dieulefit;44.52;5.06;13/09/2026;15:00;25.1;0;SOLEIL;5;33.1;0
Dieulefit;44.52;5.06;13/09/2026;16:00;23.1;0;SOLEIL;5;32.0;0
Dieulefit;44.52;5.06;13/09/2026;17:00;19.5;0;SOLEIL;3;31.0;0
Dieulefit;44.52;5.06;13/09/2026;18:00;19.5;0;SOLEIL;3;31.0;0
Dieulefit;44.52;5.06;13/09/2026;19:00;19.5;0;SOLEIL;3;31.3;0
Dieulefit;44.52;5.06;13/09/2026;20:00;15.0;0;SOLEIL;5;29.5;0
Dieulefit;44.52;5.06;13/09/2026;21:00;13.0;0;SOLEIL;5;24.1;0
Dieulefit;44.52;5.06;13/09/2026;22:00;10.9;0;SOLEIL;5;16.9;0
Dieulefit;44.52;5.06;13/09/2026;23:00;13.1;0;SOLEIL;1;11.2;0
Montélimar;44.56;4.75;09/09/2026;00:00;20;10;ORAGEUX;2;11.9;0.5
Montélimar;44.56;4.75;09/09/2026;01:00;19.6;10;ORAGEUX;2;10.1;5.7
Montélimar;44.56;4.75;09/09/2026;02:00;19.1;6;AVERSES;1;9.7;0.4
Montélimar;44.56;4.75;09/09/2026;03:00;19.5;6;AVERSES;2;4.0;1.7
Montélimar;44.56;4.75;09/09/2026;04:00;18.4;6;AVERSES;1;2.5;1.7
Montélimar;44.56;4.75;09/09/2026;05:00;17.6;6;AVERSES;1;6.8;1.5
Montélimar;44.56;4.75;09/09/2026;06:00;18;6;AVERSES;2;7.6;1.1
Montélimar;44.56;4.75;09/09/2026;07:00;17.5;6;AVERSES;0;9.0;0.7
Montélimar;44.56;4.75;09/09/2026;08:00;18.1;6;AVERSES;4;10.4;0.7
Montélimar;44.56;4.75;09/09/2026;09:00;16.9;6;AVERSES;4;10.4;0.6
Montélimar;44.56;4.75;09/09/2026;10:00;17.1;6;AVERSES;4;24.5;0.2
Montélimar;44.56;4.75;09/09/2026;11:00;18.6;2;NUAGEUX;4;27.4;0
Montélimar;44.56;4.75;09/09/2026;12:00;18.7;2;NUAGEUX;4;26.3;0
Montélimar;44.56;4.75;09/09/2026;13:00;19.6;5;SOLEIL VOILÉ;5;33.5;0
Montélimar;44.56;4.75;09/09/2026;14:00;19.9;5;SOLEIL VOILÉ;5;39.2;0
Montélimar;44.56;4.75;09/09/2026;15:00;19.4;5;SOLEIL VOILÉ;5;42.8;0
Montélimar;44.56;4.75;09/09/2026;16:00;18.7;5;SOLEIL VOILÉ;5;45.7;0
Montélimar;44.56;4.75;09/09/2026;17:00;18;5;SOLEIL VOILÉ;4;44.3;0
Montélimar;44.56;4.75;09/09/2026;18:00;17;5;SOLEIL VOILÉ;4;45.0;0
Montélimar;44.56;4.75;09/09/2026;19:00;16.7;5;SOLEIL VOILÉ;4;44.3;0
Montélimar;44.56;4.75;09/09/2026;20:00;16.5;5;SOLEIL VOILÉ;4;41.8;0
Montélimar;44.56;4.75;09/09/2026;21:00;16.1;5;SOLEIL VOILÉ;4;38.9;0
Montélimar;44.56;4.75;09/09/2026;22:00;15.9;0;SOLEIL;4;38.5;0
Montélimar;44.56;4.75;09/09/2026;23:00;14.9;0;SOLEIL;4;33.5;0
Montélimar;44.56;4.75;10/09/2026;00:00;15.1;0;SOLEIL;4;36.7;0
Montélimar;44.56;4.75;10/09/2026;01:00;15.1;0;SOLEIL;4;33.5;0
Montélimar;44.56;4.75;10/09/2026;02:00;14;0;SOLEIL;8;28.4;0
Montélimar;44.56;4.75;10/09/2026;03:00;14;0;SOLEIL;8;25.2;0
Montélimar;44.56;4.75;10/09/2026;04:00;14;0;SOLEIL;8;22.0;0
Montélimar;44.56;4.75;10/09/2026;05:00;13.1;0;SOLEIL;8;12.2;0
Montélimar;44.56;4.75;10/09/2026;06:00;13.1;0;SOLEIL;8;6.8;0
Montélimar;44.56;4.75;10/09/2026;07:00;13.1;0;SOLEIL;8;6.5;0
Montélimar;44.56;4.75;10/09/2026;08:00;19.1;0;SOLEIL;8;5.0;0
Montélimar;44.56;4.75;10/09/2026;09:00;19.1;0;SOLEIL;8;18.4;0
Montélimar;44.56;4.75;10/09/2026;10:00;19.1;0;SOLEIL;8;29.9;0
Montélimar;44.56;4.75;10/09/2026;11:00;22.6;0;SOLEIL;7;34.9;0
Montélimar;44.56;4.75;10/09/2026;12:00;22.6;0;SOLEIL;7;47.8;0
Montélimar;44.56;4.75;10/09/2026;13:00;22.6;0;SOLEIL;7;56.9;0
Montélimar;44.56;4.75;10/09/2026;14:00;21.9;0;SOLEIL;7;60.9;0
Montélimar;44.56;4.75;10/09/2026;15:00;21.9;0;SOLEIL;7;65.5;0
Montélimar;44.56;4.75;10/09/2026;16:00;21.9;0;SOLEIL;7;65.5;0
Montélimar;44.56;4.75;10/09/2026;17:00;17.7;0;SOLEIL;6;65.5;0
Montélimar;44.56;4.75;10/09/2026;18:00;17.7;0;SOLEIL;6;64.8;0
Montélimar;44.56;4.75;10/09/2026;19:00;17.7;0;SOLEIL;6;62.6;0
Montélimar;44.56;4.75;10/09/2026;20:00;15.1;0;SOLEIL;5;60.1;0
Montélimar;44.56;4.75;10/09/2026;21:00;15.1;0;SOLEIL;5;58.7;0
Montélimar;44.56;4.75;10/09/2026;22:00;15.1;0;SOLEIL;5;55.4;0
Montélimar;44.56;4.75;10/09/2026;23:00;12.6;0;SOLEIL;4;47.2;0
Montélimar;44.56;4.75;11/09/2026;00:00;12.6;0;SOLEIL;4;38.2;0
Montélimar;44.56;4.75;11/09/2026;01:00;12.6;0;SOLEIL;4;36.7;0
Montélimar;44.56;4.75;11/09/2026;02:00;11.1;0;SOLEIL;4;36.4;0
Montélimar;44.56;4.75;11/09/2026;03:00;11.1;0;SOLEIL;4;36.4;0
Montélimar;44.56;4.75;11/09/2026;04:00;11.1;0;SOLEIL;4;34.2;0
Montélimar;44.56;4.75;11/09/2026;05:00;12.1;0;SOLEIL;4;33.8;0
Montélimar;44.56;4.75;11/09/2026;06:00;12.1;0;SOLEIL;4;34.2;0
Montélimar;44.56;4.75;11/09/2026;07:00;12.1;0;SOLEIL;4;33.1;0
Montélimar;44.56;4.75;11/09/2026;08:00;20.1;0;SOLEIL;5;33.5;0
Montélimar;44.56;4.75;11/09/2026;09:00;20.1;0;SOLEIL;5;38.9;0
Montélimar;44.56;4.75;11/09/2026;10:00;20.1;0;SOLEIL;5;42.5;0
Montélimar;44.56;4.75;11/09/2026;11:00;23.6;0;SOLEIL;6;57.6;0
Montélimar;44.56;4.75;11/09/2026;12:00;23.6;0;SOLEIL;6;67.0;0
Montélimar;44.56;4.75;11/09/2026;13:00;23.6;0;SOLEIL;6;74.5;0
Montélimar;44.56;4.75;11/09/2026;14:00;22.6;0;SOLEIL;6;74.5;0
Montélimar;44.56;4.75;11/09/2026;15:00;22.6;0;SOLEIL;6;77.8;0
Montélimar;44.56;4.75;11/09/2026;16:00;22.6;0;SOLEIL;6;79.6;0
Montélimar;44.56;4.75;11/09/2026;17:00;19.1;0;SOLEIL;6;80.3;0
Montélimar;44.56;4.75;11/09/2026;18:00;19.1;0;SOLEIL;6;79.2;0
Montélimar;44.56;4.75;11/09/2026;19:00;19.1;0;SOLEIL;6;77.0;0
Montélimar;44.56;4.75;11/09/2026;20:00;16.5;0;SOLEIL;5;74.9;0
Montélimar;44.56;4.75;11/09/2026;21:00;14.9;0;SOLEIL;5;73.4;0
Montélimar;44.56;4.75;11/09/2026;22:00;13.4;0;SOLEIL;5;72.0;0
Montélimar;44.56;4.75;11/09/2026;23:00;15.6;0;SOLEIL;6;71.6;0
Montélimar;44.56;4.75;12/09/2026;00:00;15.6;0;SOLEIL;6;74.2;0
Montélimar;44.56;4.75;12/09/2026;01:00;15.6;0;SOLEIL;6;77.4;0
Montélimar;44.56;4.75;12/09/2026;02:00;13.4;0;SOLEIL;5;77.4;0
Montélimar;44.56;4.75;12/09/2026;03:00;13.4;0;SOLEIL;5;70.2;0
Montélimar;44.56;4.75;12/09/2026;04:00;13.4;0;SOLEIL;5;59.0;0
Montélimar;44.56;4.75;12/09/2026;05:00;14;0;SOLEIL;6;50.8;0
Montélimar;44.56;4.75;12/09/2026;06:00;14;0;SOLEIL;6;47.2;0
Montélimar;44.56;4.75;12/09/2026;07:00;14;0;SOLEIL;6;45.7;0
Montélimar;44.56;4.75;12/09/2026;08:00;16.4;0;SOLEIL;5;46.8;0
Montélimar;44.56;4.75;12/09/2026;09:00;17.9;0;SOLEIL;5;51.5;0
Montélimar;44.56;4.75;12/09/2026;10:00;19.4;0;SOLEIL;5;58.7;0
Montélimar;44.56;4.75;12/09/2026;11:00;25;0;SOLEIL;6;63.7;0
Montélimar;44.56;4.75;12/09/2026;12:00;25;0;SOLEIL;6;64.8;0
Montélimar;44.56;4.75;12/09/2026;13:00;25;0;SOLEIL;6;63.7;0
Montélimar;44.56;4.75;12/09/2026;14:00;25.5;0;SOLEIL;5;62.6;0
Montélimar;44.56;4.75;12/09/2026;15:00;27.0;0;SOLEIL;5;62.6;0
Montélimar;44.56;4.75;12/09/2026;16:00;25.5;0;SOLEIL;5;63.0;0
Montélimar;44.56;4.75;12/09/2026;17:00;21.6;0;SOLEIL;5;62.6;0
Montélimar;44.56;4.75;12/09/2026;18:00;21.6;0;SOLEIL;5;61.6;0
Montélimar;44.56;4.75;12/09/2026;19:00;21.6;0;SOLEIL;5;59.4;0
Montélimar;44.56;4.75;12/09/2026;20:00;19.4;0;SOLEIL;5;56.5;0
Montélimar;44.56;4.75;12/09/2026;21:00;17.9;0;SOLEIL;5;51.8;0
Montélimar;44.56;4.75;12/09/2026;22:00;16.4;0;SOLEIL;5;45.7;0
Montélimar;44.56;4.75;12/09/2026;23:00;15.2;0;SOLEIL;3;40.3;0
Montélimar;44.56;4.75;13/09/2026;00:00;15.2;0;SOLEIL;3;35.6;0
Montélimar;44.56;4.75;13/09/2026;01:00;15.2;0;SOLEIL;3;31.3;0
Montélimar;44.56;4.75;13/09/2026;02:00;12.5;0;SOLEIL;5;28.4;0
Montélimar;44.56;4.75;13/09/2026;03:00;12.5;0;SOLEIL;5;28.4;0
Montélimar;44.56;4.75;13/09/2026;04:00;12.5;0;SOLEIL;5;30.2;0
Montélimar;44.56;4.75;13/09/2026;05:00;13.5;0;SOLEIL;4;31.0;0
Montélimar;44.56;4.75;13/09/2026;06:00;13.5;0;SOLEIL;4;29.5;0
Montélimar;44.56;4.75;13/09/2026;07:00;13.5;0;SOLEIL;4;28.1;0
Montélimar;44.56;4.75;13/09/2026;08:00;16.1;0;SOLEIL;5;27.9;0
Montélimar;44.56;4.75;13/09/2026;09:00;17.8;0;SOLEIL;5;29.2;0
Montélimar;44.56;4.75;13/09/2026;10:00;19.6;0;SOLEIL;5;29.9;0
Montélimar;44.56;4.75;13/09/2026;11:00;26.4;0;SOLEIL;5;31.0;0
Montélimar;44.56;4.75;13/09/2026;12:00;26.4;0;SOLEIL;5;32.4;0
Montélimar;44.56;4.75;13/09/2026;13:00;26.4;0;SOLEIL;5;33.8;0
Montélimar;44.56;4.75;13/09/2026;14:00;26.7;0;SOLEIL;5;35.6;0
Montélimar;44.56;4.75;13/09/2026;15:00;28.5;0;SOLEIL;5;37.8;0
Montélimar;44.56;4.75;13/09/2026;16:00;26.7;0;SOLEIL;5;40.3;0
Montélimar;44.56;4.75;13/09/2026;17:00;22.5;0;SOLEIL;5;41.8;0
Montélimar;44.56;4.75;13/09/2026;18:00;22.5;0;SOLEIL;5;42.1;0
Montélimar;44.56;4.75;13/09/2026;19:00;22.5;0;SOLEIL;5;41.4;0
Montélimar;44.56;4.75;13/09/2026;20:00;19.6;0;SOLEIL;5;40.0;0
Montélimar;44.56;4.75;13/09/2026;21:00;17.8;0;SOLEIL;5;36.7;0
Montélimar;44.56;4.75;13/09/2026;22:00;16.1;0;SOLEIL;5;32.4;0
Montélimar;44.56;4.75;13/09/2026;23:00;16.6;0;SOLEIL;5;29.2;0
Valence;44.93;4.89;09/09/2026;00:00;22.4;6;AVERSES;2;7.9;1.6
Valence;44.93;4.89;09/09/2026;01:00;22.1;6;AVERSES;3;9.7;4.1
Valence;44.93;4.89;09/09/2026;02:00;21.6;6;AVERSES;3;9.0;0.5
Valence;44.93;4.89;09/09/2026;03:00;21.1;6;AVERSES;3;7.9;1
Valence;44.93;4.89;09/09/2026;04:00;20.2;6;AVERSES;3;11.9;0.6
Valence;44.93;4.89;09/09/2026;05:00;20;6;AVERSES;3;10.4;0.6
Valence;44.93;4.89;09/09/2026;06:00;19.9;6;AVERSES;3;7.2;0.8
Valence;44.93;4.89;09/09/2026;07:00;20;6;AVERSES;6;12.6;0.3
Valence;44.93;4.89;09/09/2026;08:00;16.9;6;AVERSES;6;17.6;0.7
Valence;44.93;4.89;09/09/2026;09:00;16.4;6;AVERSES;7;38.2;2.3
Valence;44.93;4.89;09/09/2026;10:00;17.1;6;AVERSES;7;50.4;0.2
Valence;44.93;4.89;09/09/2026;11:00;18;6;AVERSES;7;47.2;0.1
Valence;44.93;4.89;09/09/2026;12:00;19.1;6;AVERSES;8;46.8;0.1
Valence;44.93;4.89;09/09/2026;13:00;19.5;5;SOLEIL VOILÉ;8;44.6;0
Valence;44.93;4.89;09/09/2026;14:00;20.2;5;SOLEIL VOILÉ;8;55.1;0
Valence;44.93;4.89;09/09/2026;15:00;20.1;5;SOLEIL VOILÉ;8;54.7;0
Valence;44.93;4.89;09/09/2026;16:00;19.1;5;SOLEIL VOILÉ;8;54.7;0
Valence;44.93;4.89;09/09/2026;17:00;19.2;5;SOLEIL VOILÉ;7;57.2;0
Valence;44.93;4.89;09/09/2026;18:00;19;5;SOLEIL VOILÉ;7;56.5;0
Valence;44.93;4.89;09/09/2026;19:00;17.6;5;SOLEIL VOILÉ;7;54.0;0
Valence;44.93;4.89;09/09/2026;20:00;17.1;5;SOLEIL VOILÉ;7;48.2;0
Valence;44.93;4.89;09/09/2026;21:00;18.2;0;SOLEIL;7;42.5;0
Valence;44.93;4.89;09/09/2026;22:00;17.6;0;SOLEIL;7;43.9;0
Valence;44.93;4.89;09/09/2026;23:00;17.6;0;SOLEIL;7;39.2;0
Valence;44.93;4.89;10/09/2026;00:00;17.6;0;SOLEIL;7;32.0;0
Valence;44.93;4.89;10/09/2026;01:00;17.6;0;SOLEIL;7;34.9;0
Valence;44.93;4.89;10/09/2026;02:00;16.1;0;SOLEIL;8;32.4;0
Valence;44.93;4.89;10/09/2026;03:00;16.1;0;SOLEIL;8;38.5;0
Valence;44.93;4.89;10/09/2026;04:00;16.1;0;SOLEIL;8;42.5;0
Valence;44.93;4.89;10/09/2026;05:00;14.6;0;SOLEIL;9;42.5;0
Valence;44.93;4.89;10/09/2026;06:00;14.6;0;SOLEIL;9;40.7;0
Valence;44.93;4.89;10/09/2026;07:00;14.6;0;SOLEIL;9;42.1;0
Valence;44.93;4.89;10/09/2026;08:00;19.5;0;SOLEIL;9;45.0;0
Valence;44.93;4.89;10/09/2026;09:00;19.5;0;SOLEIL;9;51.1;0
Valence;44.93;4.89;10/09/2026;10:00;19.5;0;SOLEIL;9;59.4;0
Valence;44.93;4.89;10/09/2026;11:00;23.1;0;SOLEIL;9;63.7;0
Valence;44.93;4.89;10/09/2026;12:00;23.1;0;SOLEIL;9;70.9;0
Valence;44.93;4.89;10/09/2026;13:00;23.1;0;SOLEIL;9;74.9;0
Valence;44.93;4.89;10/09/2026;14:00;23.6;0;SOLEIL;8;76.0;0
Valence;44.93;4.89;10/09/2026;15:00;23.6;0;SOLEIL;8;75.2;0
Valence;44.93;4.89;10/09/2026;16:00;23.6;0;SOLEIL;8;73.1;0
Valence;44.93;4.89;10/09/2026;17:00;21.5;0;SOLEIL;7;70.6;0
Valence;44.93;4.89;10/09/2026;18:00;21.5;0;SOLEIL;7;67.3;0
Valence;44.93;4.89;10/09/2026;19:00;21.5;0;SOLEIL;7;62.6;0
Valence;44.93;4.89;10/09/2026;20:00;19;0;SOLEIL;5;57.6;0
Valence;44.93;4.89;10/09/2026;21:00;19;0;SOLEIL;5;50.8;0
Valence;44.93;4.89;10/09/2026;22:00;19;0;SOLEIL;5;43.9;0
Valence;44.93;4.89;10/09/2026;23:00;16.9;0;SOLEIL;5;37.1;0
Valence;44.93;4.89;11/09/2026;00:00;16.9;0;SOLEIL;5;30.2;0
Valence;44.93;4.89;11/09/2026;01:00;16.9;0;SOLEIL;5;25.9;0
Valence;44.93;4.89;11/09/2026;02:00;15.1;0;SOLEIL;4;24.1;0
Valence;44.93;4.89;11/09/2026;03:00;15.1;0;SOLEIL;4;22.7;0
Valence;44.93;4.89;11/09/2026;04:00;15.1;0;SOLEIL;4;21.2;0
Valence;44.93;4.89;11/09/2026;05:00;14.6;0;SOLEIL;5;18.7;0
Valence;44.93;4.89;11/09/2026;06:00;14.6;0;SOLEIL;5;18.7;0
Valence;44.93;4.89;11/09/2026;07:00;14.6;0;SOLEIL;5;18.4;0
Valence;44.93;4.89;11/09/2026;08:00;21.1;0;SOLEIL;6;18.4;0
Valence;44.93;4.89;11/09/2026;09:00;21.1;0;SOLEIL;6;27.4;0
Valence;44.93;4.89;11/09/2026;10:00;21.1;0;SOLEIL;6;37.4;0
Valence;44.93;4.89;11/09/2026;11:00;24.9;0;SOLEIL;7;43.9;0
Valence;44.93;4.89;11/09/2026;12:00;24.9;0;SOLEIL;7;54.4;0
Valence;44.93;4.89;11/09/2026;13:00;24.9;0;SOLEIL;7;58.3;0
Valence;44.93;4.89;11/09/2026;14:00;25.6;0;SOLEIL;7;59.0;0
Valence;44.93;4.89;11/09/2026;15:00;25.6;0;SOLEIL;7;60.8;0
Valence;44.93;4.89;11/09/2026;16:00;25.6;0;SOLEIL;7;61.2;0
Valence;44.93;4.89;11/09/2026;17:00;23.4;0;SOLEIL;6;60.8;0
Valence;44.93;4.89;11/09/2026;18:00;23.4;0;SOLEIL;6;60.5;0
Valence;44.93;4.89;11/09/2026;19:00;23.4;0;SOLEIL;6;59.4;0
Valence;44.93;4.89;11/09/2026;20:00;19.5;0;SOLEIL;5;57.2;0
Valence;44.93;4.89;11/09/2026;21:00;18.2;0;SOLEIL;5;52.9;0
Valence;44.93;4.89;11/09/2026;22:00;17.0;0;SOLEIL;5;47.5;0
Valence;44.93;4.89;11/09/2026;23:00;18.4;0;SOLEIL;6;43.9;0
Valence;44.93;4.89;12/09/2026;00:00;18.4;0;SOLEIL;6;43.2;0
Valence;44.93;4.89;12/09/2026;01:00;18.4;0;SOLEIL;6;43.9;0
Valence;44.93;4.89;12/09/2026;02:00;16.5;0;SOLEIL;5;44.6;0
Valence;44.93;4.89;12/09/2026;03:00;16.5;0;SOLEIL;5;45.7;0
Valence;44.93;4.89;12/09/2026;04:00;16.5;0;SOLEIL;5;47.2;0
Valence;44.93;4.89;12/09/2026;05:00;17.1;0;SOLEIL;6;47.2;0
Valence;44.93;4.89;12/09/2026;06:00;17.1;0;SOLEIL;6;43.6;0
Valence;44.93;4.89;12/09/2026;07:00;17.1;0;SOLEIL;6;38.9;0
Valence;44.93;4.89;12/09/2026;08:00;19.0;0;SOLEIL;5;37.4;0
Valence;44.93;4.89;12/09/2026;09:00;20.3;0;SOLEIL;5;42.8;0
Valence;44.93;4.89;12/09/2026;10:00;21.6;0;SOLEIL;5;51.8;0
Valence;44.93;4.89;12/09/2026;11:00;26.2;0;SOLEIL;7;59.0;0
Valence;44.93;4.89;12/09/2026;12:00;26.2;0;SOLEIL;7;62.6;0
Valence;44.93;4.89;12/09/2026;13:00;26.2;0;SOLEIL;7;64.4;0
Valence;44.93;4.89;12/09/2026;14:00;26.6;0;SOLEIL;5;65.2;0
Valence;44.93;4.89;12/09/2026;15:00;27.9;0;SOLEIL;5;64.8;0
Valence;44.93;4.89;12/09/2026;16:00;26.6;0;SOLEIL;5;63.4;0
Valence;44.93;4.89;12/09/2026;17:00;24.4;0;SOLEIL;5;60.8;0
Valence;44.93;4.89;12/09/2026;18:00;24.4;0;SOLEIL;5;56.5;0
Valence;44.93;4.89;12/09/2026;19:00;24.4;0;SOLEIL;5;50.8;0
Valence;44.93;4.89;12/09/2026;20:00;21.6;0;SOLEIL;5;45.0;0
Valence;44.93;4.89;12/09/2026;21:00;20.3;0;SOLEIL;5;39.6;0
Valence;44.93;4.89;12/09/2026;22:00;19.0;0;SOLEIL;5;34.2;0
Valence;44.93;4.89;12/09/2026;23:00;18.5;0;SOLEIL;3;29.5;0
Valence;44.93;4.89;13/09/2026;00:00;18.5;0;SOLEIL;3;25.2;0
Valence;44.93;4.89;13/09/2026;01:00;18.5;0;SOLEIL;3;20.9;0
Valence;44.93;4.89;13/09/2026;02:00;15.2;0;SOLEIL;5;18.0;0
Valence;44.93;4.89;13/09/2026;03:00;15.2;0;SOLEIL;5;16.2;0
Valence;44.93;4.89;13/09/2026;04:00;15.2;0;SOLEIL;5;15.8;0
Valence;44.93;4.89;13/09/2026;05:00;16.4;0;SOLEIL;4;15.1;0
Valence;44.93;4.89;13/09/2026;06:00;16.4;0;SOLEIL;4;18.0;0
Valence;44.93;4.89;13/09/2026;07:00;16.4;0;SOLEIL;4;21.1;0
Valence;44.93;4.89;13/09/2026;08:00;18.4;0;SOLEIL;5;24.7;0
Valence;44.93;4.89;13/09/2026;09:00;20.0;0;SOLEIL;5;36.0;0
Valence;44.93;4.89;13/09/2026;10:00;21.6;0;SOLEIL;5;43.9;0
Valence;44.93;4.89;13/09/2026;11:00;27.6;0;SOLEIL;5;49.7;0
Valence;44.93;4.89;13/09/2026;12:00;27.6;0;SOLEIL;5;51.8;0
Valence;44.93;4.89;13/09/2026;13:00;27.6;0;SOLEIL;5;51.8;0
Valence;44.93;4.89;13/09/2026;14:00;28.0;0;SOLEIL;5;51.5;0
Valence;44.93;4.89;13/09/2026;15:00;29.6;0;SOLEIL;5;51.5;0
Valence;44.93;4.89;13/09/2026;16:00;28.0;0;SOLEIL;5;51.5;0
Valence;44.93;4.89;13/09/2026;17:00;25.6;0;SOLEIL;5;51.1;0
Valence;44.93;4.89;13/09/2026;18:00;25.6;0;SOLEIL;5;50.4;0
Valence;44.93;4.89;13/09/2026;19:00;25.6;0;SOLEIL;5;49.0;0
Valence;44.93;4.89;13/09/2026;20:00;21.6;0;SOLEIL;5;47.2;0
Valence;44.93;4.89;13/09/2026;21:00;20.0;0;SOLEIL;5;44.3;0
Valence;44.93;4.89;13/09/2026;22:00;18.4;0;SOLEIL;5;40.7;0
Valence;44.93;4.89;13/09/2026;23:00;20;0;SOLEIL;4;37.1;0
Bourgoin-Jallieu;45.59;5.28;09/09/2026;00:00;22.6;10;ORAGEUX;3;18.7;0.2
Bourgoin-Jallieu;45.59;5.28;09/09/2026;01:00;21;6;AVERSES;3;9.7;1.2
Bourgoin-Jallieu;45.59;5.28;09/09/2026;02:00;20.6;6;AVERSES;3;11.5;0.4
Bourgoin-Jallieu;45.59;5.28;09/09/2026;03:00;20.4;6;AVERSES;3;9.4;0.6
Bourgoin-Jallieu;45.59;5.28;09/09/2026;04:00;20.9;6;AVERSES;3;8.6;0.7
Bourgoin-Jallieu;45.59;5.28;09/09/2026;05:00;20.1;6;AVERSES;3;6.5;0.4
Bourgoin-Jallieu;45.59;5.28;09/09/2026;06:00;20.5;6;AVERSES;4;13.0;0.1
Bourgoin-Jallieu;45.59;5.28;09/09/2026;07:00;17.1;6;AVERSES;5;24.1;1.8
Bourgoin-Jallieu;45.59;5.28;09/09/2026;08:00;16.6;6;AVERSES;5;36.0;2.8
Bourgoin-Jallieu;45.59;5.28;09/09/2026;09:00;17.6;6;AVERSES;5;35.6;1.4
Bourgoin-Jallieu;45.59;5.28;09/09/2026;10:00;17.7;6;AVERSES;6;34.9;0.1
Bourgoin-Jallieu;45.59;5.28;09/09/2026;11:00;18.5;6;AVERSES;6;31.0;0.1
Bourgoin-Jallieu;45.59;5.28;09/09/2026;12:00;18.6;6;AVERSES;6;29.5;0.1
Bourgoin-Jallieu;45.59;5.28;09/09/2026;13:00;19.4;2;NUAGEUX;6;38.5;0
Bourgoin-Jallieu;45.59;5.28;09/09/2026;14:00;20.1;2;NUAGEUX;7;40.7;0
Bourgoin-Jallieu;45.59;5.28;09/09/2026;15:00;20.5;2;NUAGEUX;7;46.8;0
Bourgoin-Jallieu;45.59;5.28;09/09/2026;16:00;20;5;SOLEIL VOILÉ;7;45.4;0
Bourgoin-Jallieu;45.59;5.28;09/09/2026;17:00;19.5;5;SOLEIL VOILÉ;6;46.8;0
Bourgoin-Jallieu;45.59;5.28;09/09/2026;18:00;18.9;5;SOLEIL VOILÉ;6;47.5;0
Bourgoin-Jallieu;45.59;5.28;09/09/2026;19:00;18.5;5;SOLEIL VOILÉ;5;48.6;0
Bourgoin-Jallieu;45.59;5.28;09/09/2026;20:00;18.5;5;SOLEIL VOILÉ;5;41.0;0
Bourgoin-Jallieu;45.59;5.28;09/09/2026;21:00;18.6;0;SOLEIL;5;37.4;0
Bourgoin-Jallieu;45.59;5.28;09/09/2026;22:00;17.6;0;SOLEIL;6;30.6;0
Bourgoin-Jallieu;45.59;5.28;09/09/2026;23:00;17;0;SOLEIL;6;29.9;0
Bourgoin-Jallieu;45.59;5.28;10/09/2026;00:00;17;0;SOLEIL;7;32.4;0
Bourgoin-Jallieu;45.59;5.28;10/09/2026;01:00;17;0;SOLEIL;7;32.4;0
Bourgoin-Jallieu;45.59;5.28;10/09/2026;02:00;15.7;0;SOLEIL;7;35.6;0
Bourgoin-Jallieu;45.59;5.28;10/09/2026;03:00;15.7;0;SOLEIL;7;34.9;0
Bourgoin-Jallieu;45.59;5.28;10/09/2026;04:00;15.7;0;SOLEIL;7;31.0;0
Bourgoin-Jallieu;45.59;5.28;10/09/2026;05:00;14.7;0;SOLEIL;7;29.5;0
Bourgoin-Jallieu;45.59;5.28;10/09/2026;06:00;14.7;0;SOLEIL;7;29.9;0
Bourgoin-Jallieu;45.59;5.28;10/09/2026;07:00;14.7;0;SOLEIL;7;30.2;0
Bourgoin-Jallieu;45.59;5.28;10/09/2026;08:00;19.1;0;SOLEIL;8;33.1;0
Bourgoin-Jallieu;45.59;5.28;10/09/2026;09:00;19.1;0;SOLEIL;8;40.0;0
Bourgoin-Jallieu;45.59;5.28;10/09/2026;10:00;19.1;0;SOLEIL;8;49.0;0
Bourgoin-Jallieu;45.59;5.28;10/09/2026;11:00;23.1;0;SOLEIL;8;51.1;0
Bourgoin-Jallieu;45.59;5.28;10/09/2026;12:00;23.1;0;SOLEIL;8;55.8;0
Bourgoin-Jallieu;45.59;5.28;10/09/2026;13:00;23.1;0;SOLEIL;8;61.6;0
Bourgoin-Jallieu;45.59;5.28;10/09/2026;14:00;24.1;0;SOLEIL;7;65.3;0
Bourgoin-Jallieu;45.59;5.28;10/09/2026;15:00;24.1;0;SOLEIL;7;67.0;0
Bourgoin-Jallieu;45.59;5.28;10/09/2026;16:00;24.1;0;SOLEIL;7;64.8;0
Bourgoin-Jallieu;45.59;5.28;10/09/2026;17:00;21.2;0;SOLEIL;5;63.0;0
Bourgoin-Jallieu;45.59;5.28;10/09/2026;18:00;21.2;0;SOLEIL;5;61.2;0
Bourgoin-Jallieu;45.59;5.28;10/09/2026;19:00;21.2;0;SOLEIL;5;58.7;0
Bourgoin-Jallieu;45.59;5.28;10/09/2026;20:00;17.7;0;SOLEIL;4;55.1;0
Bourgoin-Jallieu;45.59;5.28;10/09/2026;21:00;17.7;0;SOLEIL;4;47.2;0
Bourgoin-Jallieu;45.59;5.28;10/09/2026;22:00;17.7;0;SOLEIL;4;41.8;0
Bourgoin-Jallieu;45.59;5.28;10/09/2026;23:00;16;0;SOLEIL;4;36.0;0
Bourgoin-Jallieu;45.59;5.28;11/09/2026;00:00;16;0;SOLEIL;4;30.2;0
Bourgoin-Jallieu;45.59;5.28;11/09/2026;01:00;16;0;SOLEIL;4;25.9;0
Bourgoin-Jallieu;45.59;5.28;11/09/2026;02:00;13.4;0;SOLEIL;4;23.4;0
Bourgoin-Jallieu;45.59;5.28;11/09/2026;03:00;13.4;0;SOLEIL;4;20.2;0
Bourgoin-Jallieu;45.59;5.28;11/09/2026;04:00;13.4;0;SOLEIL;4;18.0;0
Bourgoin-Jallieu;45.59;5.28;11/09/2026;05:00;14.1;0;SOLEIL;4;18.7;0
Bourgoin-Jallieu;45.59;5.28;11/09/2026;06:00;14.1;0;SOLEIL;4;19.4;0
Bourgoin-Jallieu;45.59;5.28;11/09/2026;07:00;14.1;0;SOLEIL;4;19.8;0
Bourgoin-Jallieu;45.59;5.28;11/09/2026;08:00;21.4;0;SOLEIL;5;20.5;0
Bourgoin-Jallieu;45.59;5.28;11/09/2026;09:00;21.4;0;SOLEIL;5;25.2;0
Bourgoin-Jallieu;45.59;5.28;11/09/2026;10:00;21.4;0;SOLEIL;5;31.3;0
Bourgoin-Jallieu;45.59;5.28;11/09/2026;11:00;24.7;0;SOLEIL;6;41.8;0
Bourgoin-Jallieu;45.59;5.28;11/09/2026;12:00;24.7;0;SOLEIL;6;51.8;0
Bourgoin-Jallieu;45.59;5.28;11/09/2026;13:00;24.7;0;SOLEIL;6;58.3;0
Bourgoin-Jallieu;45.59;5.28;11/09/2026;14:00;26.1;0;SOLEIL;6;59.4;0
Bourgoin-Jallieu;45.59;5.28;11/09/2026;15:00;26.1;0;SOLEIL;6;62.3;0
Bourgoin-Jallieu;45.59;5.28;11/09/2026;16:00;26.1;0;SOLEIL;6;64.1;0
Bourgoin-Jallieu;45.59;5.28;11/09/2026;17:00;22.5;0;SOLEIL;5;64.4;0
Bourgoin-Jallieu;45.59;5.28;11/09/2026;18:00;22.5;0;SOLEIL;5;63.7;0
Bourgoin-Jallieu;45.59;5.28;11/09/2026;19:00;22.5;0;SOLEIL;5;61.6;0
Bourgoin-Jallieu;45.59;5.28;11/09/2026;20:00;18.8;0;SOLEIL;5;59.8;0
Bourgoin-Jallieu;45.59;5.28;11/09/2026;21:00;17.2;0;SOLEIL;5;58.3;0
Bourgoin-Jallieu;45.59;5.28;11/09/2026;22:00;15.7;0;SOLEIL;5;56.9;0
Bourgoin-Jallieu;45.59;5.28;11/09/2026;23:00;17.5;0;SOLEIL;5;54.7;0
Bourgoin-Jallieu;45.59;5.28;12/09/2026;00:00;17.5;0;SOLEIL;5;51.8;0
Bourgoin-Jallieu;45.59;5.28;12/09/2026;01:00;17.5;0;SOLEIL;5;48.6;0
Bourgoin-Jallieu;45.59;5.28;12/09/2026;02:00;15.1;0;SOLEIL;5;45.4;0
Bourgoin-Jallieu;45.59;5.28;12/09/2026;03:00;15.1;0;SOLEIL;5;42.5;0
Bourgoin-Jallieu;45.59;5.28;12/09/2026;04:00;15.1;0;SOLEIL;5;40.0;0
Bourgoin-Jallieu;45.59;5.28;12/09/2026;05:00;16.1;0;SOLEIL;4;37.4;0
Bourgoin-Jallieu;45.59;5.28;12/09/2026;06:00;16.1;0;SOLEIL;4;33.5;0
Bourgoin-Jallieu;45.59;5.28;12/09/2026;07:00;16.1;0;SOLEIL;4;29.2;0
Bourgoin-Jallieu;45.59;5.28;12/09/2026;08:00;17.9;0;SOLEIL;5;29.2;0
Bourgoin-Jallieu;45.59;5.28;12/09/2026;09:00;19.3;0;SOLEIL;5;36.7;0
Bourgoin-Jallieu;45.59;5.28;12/09/2026;10:00;20.7;0;SOLEIL;5;48.2;0
Bourgoin-Jallieu;45.59;5.28;12/09/2026;11:00;26;0;SOLEIL;6;57.2;0
Bourgoin-Jallieu;45.59;5.28;12/09/2026;12:00;26;0;SOLEIL;6;60.5;0
Bourgoin-Jallieu;45.59;5.28;12/09/2026;13:00;26;0;SOLEIL;6;61.6;0
Bourgoin-Jallieu;45.59;5.28;12/09/2026;14:00;26.2;0;SOLEIL;5;61.2;0
Bourgoin-Jallieu;45.59;5.28;12/09/2026;15:00;27.6;0;SOLEIL;5;60.5;0
Bourgoin-Jallieu;45.59;5.28;12/09/2026;16:00;26.2;0;SOLEIL;5;59.0;0
Bourgoin-Jallieu;45.59;5.28;12/09/2026;17:00;23.6;0;SOLEIL;4;56.9;0
Bourgoin-Jallieu;45.59;5.28;12/09/2026;18:00;23.6;0;SOLEIL;4;53.6;0
Bourgoin-Jallieu;45.59;5.28;12/09/2026;19:00;23.6;0;SOLEIL;4;49.3;0
Bourgoin-Jallieu;45.59;5.28;12/09/2026;20:00;20.7;0;SOLEIL;5;45.0;0
Bourgoin-Jallieu;45.59;5.28;12/09/2026;21:00;19.3;0;SOLEIL;5;40.3;0
Bourgoin-Jallieu;45.59;5.28;12/09/2026;22:00;17.9;0;SOLEIL;5;35.3;0
Bourgoin-Jallieu;45.59;5.28;12/09/2026;23:00;17.1;0;SOLEIL;2;31.0;0
Bourgoin-Jallieu;45.59;5.28;13/09/2026;00:00;17.1;0;SOLEIL;2;27.0;0
Bourgoin-Jallieu;45.59;5.28;13/09/2026;01:00;17.1;0;SOLEIL;2;23.4;0
Bourgoin-Jallieu;45.59;5.28;13/09/2026;02:00;14.2;0;SOLEIL;5;20.5;0
Bourgoin-Jallieu;45.59;5.28;13/09/2026;03:00;14.2;0;SOLEIL;5;18.7;0
Bourgoin-Jallieu;45.59;5.28;13/09/2026;04:00;14.2;0;SOLEIL;5;18.0;0
Bourgoin-Jallieu;45.59;5.28;13/09/2026;05:00;15.5;0;SOLEIL;2;17.6;0
Bourgoin-Jallieu;45.59;5.28;13/09/2026;06:00;15.5;0;SOLEIL;2;17.7;0
Bourgoin-Jallieu;45.59;5.28;13/09/2026;07:00;15.5;0;SOLEIL;2;18.0;0
Bourgoin-Jallieu;45.59;5.28;13/09/2026;08:00;17.5;0;SOLEIL;5;18.1;0
Bourgoin-Jallieu;45.59;5.28;13/09/2026;09:00;19.2;0;SOLEIL;5;22.3;0
Bourgoin-Jallieu;45.59;5.28;13/09/2026;10:00;20.8;0;SOLEIL;5;31.0;0
Bourgoin-Jallieu;45.59;5.28;13/09/2026;11:00;27.4;0;SOLEIL;5;38.5;0
Bourgoin-Jallieu;45.59;5.28;13/09/2026;12:00;27.4;0;SOLEIL;5;43.2;0
Bourgoin-Jallieu;45.59;5.28;13/09/2026;13:00;27.4;0;SOLEIL;5;46.8;0
Bourgoin-Jallieu;45.59;5.28;13/09/2026;14:00;27.4;0;SOLEIL;5;49.0;0
Bourgoin-Jallieu;45.59;5.28;13/09/2026;15:00;29.1;0;SOLEIL;5;49.7;0
Bourgoin-Jallieu;45.59;5.28;13/09/2026;16:00;27.4;0;SOLEIL;5;49.3;0
Bourgoin-Jallieu;45.59;5.28;13/09/2026;17:00;25;0;SOLEIL;4;48.2;0
Bourgoin-Jallieu;45.59;5.28;13/09/2026;18:00;25;0;SOLEIL;4;46.8;0
Bourgoin-Jallieu;45.59;5.28;13/09/2026;19:00;25;0;SOLEIL;4;44.6;0
Bourgoin-Jallieu;45.59;5.28;13/09/2026;20:00;20.8;0;SOLEIL;5;41.4;0
Bourgoin-Jallieu;45.59;5.28;13/09/2026;21:00;19.2;0;SOLEIL;5;35.6;0
Bourgoin-Jallieu;45.59;5.28;13/09/2026;22:00;17.5;0;SOLEIL;5;28.4;0
Bourgoin-Jallieu;45.59;5.28;13/09/2026;23:00;19;0;SOLEIL;3;22.7;0
Grenoble;45.18;5.72;09/09/2026;00:00;22.1;6;AVERSES;1;6.5;0.1
Grenoble;45.18;5.72;09/09/2026;01:00;21.9;6;AVERSES;2;11.5;0.1
Grenoble;45.18;5.72;09/09/2026;02:00;20.7;6;AVERSES;2;11.9;0.5
Grenoble;45.18;5.72;09/09/2026;03:00;20.9;6;AVERSES;2;9.4;0.5
Grenoble;45.18;5.72;09/09/2026;04:00;20.5;6;AVERSES;3;11.5;2.3
Grenoble;45.18;5.72;09/09/2026;05:00;15.4;6;AVERSES;3;20.9;0.8
Grenoble;45.18;5.72;09/09/2026;06:00;16;6;AVERSES;3;24.1;5.8
Grenoble;45.18;5.72;09/09/2026;07:00;15.4;6;AVERSES;3;29.9;1.9
Grenoble;45.18;5.72;09/09/2026;08:00;15.9;6;AVERSES;3;34.9;1.2
Grenoble;45.18;5.72;09/09/2026;09:00;17.6;6;AVERSES;3;19.8;0.1
Grenoble;45.18;5.72;09/09/2026;10:00;17.6;6;AVERSES;3;30.2;0.1
Grenoble;45.18;5.72;09/09/2026;11:00;18.5;6;AVERSES;3;25.2;0.1
Grenoble;45.18;5.72;09/09/2026;12:00;19.2;6;AVERSES;3;29.2;0.1
Grenoble;45.18;5.72;09/09/2026;13:00;20;2;NUAGEUX;4;31.3;0
Grenoble;45.18;5.72;09/09/2026;14:00;19.7;2;NUAGEUX;4;32.8;0
Grenoble;45.18;5.72;09/09/2026;15:00;19.6;2;NUAGEUX;4;35.3;0
Grenoble;45.18;5.72;09/09/2026;16:00;19.7;5;SOLEIL VOILÉ;4;33.1;0
Grenoble;45.18;5.72;09/09/2026;17:00;19.6;5;SOLEIL VOILÉ;3;32.8;0
Grenoble;45.18;5.72;09/09/2026;18:00;19.2;5;SOLEIL VOILÉ;3;34.6;0
Grenoble;45.18;5.72;09/09/2026;19:00;17.7;0;SOLEIL;2;34.9;0
Grenoble;45.18;5.72;09/09/2026;20:00;17.9;0;SOLEIL;2;28.8;0
Grenoble;45.18;5.72;09/09/2026;21:00;16.9;0;SOLEIL;2;17.3;0
Grenoble;45.18;5.72;09/09/2026;22:00;16.4;0;SOLEIL;2;15.1;0
Grenoble;45.18;5.72;09/09/2026;23:00;16.1;0;SOLEIL;2;18.4;0
Grenoble;45.18;5.72;10/09/2026;00:00;15.2;0;SOLEIL;2;18.0;0
Grenoble;45.18;5.72;10/09/2026;01:00;15.2;0;SOLEIL;2;18.7;0
Grenoble;45.18;5.72;10/09/2026;02:00;12.6;0;SOLEIL;4;17.3;0
Grenoble;45.18;5.72;10/09/2026;03:00;12.6;0;SOLEIL;4;19.8;0
Grenoble;45.18;5.72;10/09/2026;04:00;12.6;0;SOLEIL;4;20.2;0
Grenoble;45.18;5.72;10/09/2026;05:00;12.5;0;SOLEIL;3;17.6;0
Grenoble;45.18;5.72;10/09/2026;06:00;12.5;0;SOLEIL;3;16.9;0
Grenoble;45.18;5.72;10/09/2026;07:00;12.5;0;SOLEIL;3;19.4;0
Grenoble;45.18;5.72;10/09/2026;08:00;17.9;0;SOLEIL;4;19.1;0
Grenoble;45.18;5.72;10/09/2026;09:00;17.9;0;SOLEIL;4;21.6;0
Grenoble;45.18;5.72;10/09/2026;10:00;17.9;0;SOLEIL;4;24.5;0
Grenoble;45.18;5.72;10/09/2026;11:00;22.1;0;SOLEIL;5;25.2;0
Grenoble;45.18;5.72;10/09/2026;12:00;22.1;0;SOLEIL;5;26.2;0
Grenoble;45.18;5.72;10/09/2026;13:00;22.1;0;SOLEIL;5;28.8;0
Grenoble;45.18;5.72;10/09/2026;14:00;23.1;0;SOLEIL;5;29.1;0
Grenoble;45.18;5.72;10/09/2026;15:00;23.1;0;SOLEIL;5;33.8;0
Grenoble;45.18;5.72;10/09/2026;16:00;23.1;0;SOLEIL;5;36.0;0
Grenoble;45.18;5.72;10/09/2026;17:00;20.4;0;SOLEIL;4;37.8;0
Grenoble;45.18;5.72;10/09/2026;18:00;20.4;0;SOLEIL;4;39.6;0
Grenoble;45.18;5.72;10/09/2026;19:00;20.4;0;SOLEIL;4;40.0;0
Grenoble;45.18;5.72;10/09/2026;20:00;17.1;0;SOLEIL;3;33.5;0
Grenoble;45.18;5.72;10/09/2026;21:00;17.1;0;SOLEIL;3;28.1;0
Grenoble;45.18;5.72;10/09/2026;22:00;17.1;0;SOLEIL;3;19.1;0
Grenoble;45.18;5.72;10/09/2026;23:00;14.6;0;SOLEIL;1;11.9;0
Grenoble;45.18;5.72;11/09/2026;00:00;14.6;0;SOLEIL;1;9.7;0
Grenoble;45.18;5.72;11/09/2026;01:00;14.6;0;SOLEIL;1;8.3;0
Grenoble;45.18;5.72;11/09/2026;02:00;12.7;0;SOLEIL;1;7.9;0
Grenoble;45.18;5.72;11/09/2026;03:00;12.7;0;SOLEIL;1;7.6;0
Grenoble;45.18;5.72;11/09/2026;04:00;12.7;0;SOLEIL;1;6.1;0
Grenoble;45.18;5.72;11/09/2026;05:00;13.1;0;SOLEIL;1;4.3;0
Grenoble;45.18;5.72;11/09/2026;06:00;13.1;0;SOLEIL;1;4.0;0
Grenoble;45.18;5.72;11/09/2026;07:00;13.1;0;SOLEIL;1;4.0;0
Grenoble;45.18;5.72;11/09/2026;08:00;18;0;SOLEIL;1;2.5;0
Grenoble;45.18;5.72;11/09/2026;09:00;18;0;SOLEIL;1;4.0;0
Grenoble;45.18;5.72;11/09/2026;10:00;18;0;SOLEIL;1;3.6;0
Grenoble;45.18;5.72;11/09/2026;11:00;22.2;0;SOLEIL;4;10.4;0
Grenoble;45.18;5.72;11/09/2026;12:00;22.2;0;SOLEIL;4;16.6;0
Grenoble;45.18;5.72;11/09/2026;13:00;22.2;0;SOLEIL;4;28.1;0
Grenoble;45.18;5.72;11/09/2026;14:00;23.5;0;SOLEIL;4;37.8;0
Grenoble;45.18;5.72;11/09/2026;15:00;23.5;0;SOLEIL;4;40.7;0
Grenoble;45.18;5.72;11/09/2026;16:00;23.5;0;SOLEIL;4;40.7;0
Grenoble;45.18;5.72;11/09/2026;17:00;22.1;0;SOLEIL;3;40.0;0
Grenoble;45.18;5.72;11/09/2026;18:00;22.1;0;SOLEIL;3;39.6;0
Grenoble;45.18;5.72;11/09/2026;19:00;22.1;0;SOLEIL;3;38.2;0
Grenoble;45.18;5.72;11/09/2026;20:00;17.4;0;SOLEIL;5;35.6;0
Grenoble;45.18;5.72;11/09/2026;21:00;16.1;0;SOLEIL;5;30.6;0
Grenoble;45.18;5.72;11/09/2026;22:00;14.8;0;SOLEIL;5;23.8;0
Grenoble;45.18;5.72;11/09/2026;23:00;16;0;SOLEIL;3;18.4;0
Grenoble;45.18;5.72;12/09/2026;00:00;16;0;SOLEIL;3;14.8;0
Grenoble;45.18;5.72;12/09/2026;01:00;16;0;SOLEIL;3;12.2;0
Grenoble;45.18;5.72;12/09/2026;02:00;12.9;0;SOLEIL;5;10.4;0
Grenoble;45.18;5.72;12/09/2026;03:00;12.9;0;SOLEIL;5;9.0;0
Grenoble;45.18;5.72;12/09/2026;04:00;12.9;0;SOLEIL;5;8.3;0
Grenoble;45.18;5.72;12/09/2026;05:00;13.9;0;SOLEIL;3;7.9;0
Grenoble;45.18;5.72;12/09/2026;06:00;13.9;0;SOLEIL;3;7.2;0
Grenoble;45.18;5.72;12/09/2026;07:00;13.9;0;SOLEIL;3;6.5;0
Grenoble;45.18;5.72;12/09/2026;08:00;15.9;0;SOLEIL;5;7.2;0
Grenoble;45.18;5.72;12/09/2026;09:00;17.4;0;SOLEIL;5;9.4;0
Grenoble;45.18;5.72;12/09/2026;10:00;18.9;0;SOLEIL;5;13.0;0
Grenoble;45.18;5.72;12/09/2026;11:00;24.4;0;SOLEIL;4;16.9;0
Grenoble;45.18;5.72;12/09/2026;12:00;24.4;0;SOLEIL;4;21.2;0
Grenoble;45.18;5.72;12/09/2026;13:00;24.4;0;SOLEIL;4;25.9;0
Grenoble;45.18;5.72;12/09/2026;14:00;24.9;0;SOLEIL;5;30.2;0
Grenoble;45.18;5.72;12/09/2026;15:00;26.4;0;SOLEIL;5;33.8;0
Grenoble;45.18;5.72;12/09/2026;16:00;24.9;0;SOLEIL;5;37.4;0
Grenoble;45.18;5.72;12/09/2026;17:00;21.9;0;SOLEIL;3;39.2;0
Grenoble;45.18;5.72;12/09/2026;18:00;21.9;0;SOLEIL;3;40.0;0
Grenoble;45.18;5.72;12/09/2026;19:00;21.9;0;SOLEIL;3;39.6;0
Grenoble;45.18;5.72;12/09/2026;20:00;18.9;0;SOLEIL;5;36.0;0
Grenoble;45.18;5.72;12/09/2026;21:00;17.4;0;SOLEIL;5;27.0;0
Grenoble;45.18;5.72;12/09/2026;22:00;15.9;0;SOLEIL;5;15.5;0
Grenoble;45.18;5.72;12/09/2026;23:00;16.6;0;SOLEIL;1;6.8;0
Grenoble;45.18;5.72;13/09/2026;00:00;16.6;0;SOLEIL;1;4.7;0
Grenoble;45.18;5.72;13/09/2026;01:00;16.6;0;SOLEIL;1;6.1;0
Grenoble;45.18;5.72;13/09/2026;02:00;14;0;SOLEIL;5;7.2;0
Grenoble;45.18;5.72;13/09/2026;03:00;14;0;SOLEIL;5;6.8;0
Grenoble;45.18;5.72;13/09/2026;04:00;14;0;SOLEIL;5;6.1;0
Grenoble;45.18;5.72;13/09/2026;05:00;14.9;0;SOLEIL;1;5.4;0
Grenoble;45.18;5.72;13/09/2026;06:00;14.9;0;SOLEIL;1;5.0;0
Grenoble;45.18;5.72;13/09/2026;07:00;14.9;0;SOLEIL;1;5.0;0
Grenoble;45.18;5.72;13/09/2026;08:00;16.9;0;SOLEIL;5;5.4;0
Grenoble;45.18;5.72;13/09/2026;09:00;18.4;0;SOLEIL;5;6.8;0
Grenoble;45.18;5.72;13/09/2026;10:00;19.8;0;SOLEIL;5;9.4;0
Grenoble;45.18;5.72;13/09/2026;11:00;25.2;0;SOLEIL;3;11.9;0
Grenoble;45.18;5.72;13/09/2026;12:00;25.2;0;SOLEIL;3;15.1;0
Grenoble;45.18;5.72;13/09/2026;13:00;25.2;0;SOLEIL;3;18.7;0
Grenoble;45.18;5.72;13/09/2026;14:00;25.6;0;SOLEIL;5;21.6;0
Grenoble;45.18;5.72;13/09/2026;15:00;27.1;0;SOLEIL;5;23.8;0
Grenoble;45.18;5.72;13/09/2026;16:00;25.6;0;SOLEIL;5;24.8;0
Grenoble;45.18;5.72;13/09/2026;17:00;23;0;SOLEIL;3;25.9;0
Grenoble;45.18;5.72;13/09/2026;18:00;23;0;SOLEIL;3;27.0;0
Grenoble;45.18;5.72;13/09/2026;19:00;23;0;SOLEIL;3;27.4;0
Grenoble;45.18;5.72;13/09/2026;20:00;19.8;0;SOLEIL;5;26.3;0
Grenoble;45.18;5.72;13/09/2026;21:00;18.4;0;SOLEIL;5;22.7;0
Grenoble;45.18;5.72;13/09/2026;22:00;16.9;0;SOLEIL;5;17.6;0
Grenoble;45.18;5.72;13/09/2026;23:00;17.9;0;SOLEIL;2;13.3;0
Lalley;44.76;5.67;09/09/2026;00:00;21.1;10;ORAGEUX;2;21.6;2.3
Lalley;44.76;5.67;09/09/2026;01:00;19.1;10;ORAGEUX;2;10.4;7.7
Lalley;44.76;5.67;09/09/2026;02:00;18.9;10;ORAGEUX;2;11.5;8.2
Lalley;44.76;5.67;09/09/2026;03:00;18.7;6;AVERSES;2;9.4;2.3
Lalley;44.76;5.67;09/09/2026;04:00;18.4;6;AVERSES;2;8.3;0.8
Lalley;44.76;5.67;09/09/2026;05:00;18.9;6;AVERSES;2;19.1;0.3
Lalley;44.76;5.67;09/09/2026;06:00;19.2;6;AVERSES;2;10.4;1.3
Lalley;44.76;5.67;09/09/2026;07:00;17.9;6;AVERSES;5;28.1;2.8
Lalley;44.76;5.67;09/09/2026;08:00;15.4;6;AVERSES;5;38.5;2.7
Lalley;44.76;5.67;09/09/2026;09:00;15.4;7;PLUIE FAIBLE;5;44.6;3.7
Lalley;44.76;5.67;09/09/2026;10:00;15.5;6;AVERSES;5;43.2;1.1
Lalley;44.76;5.67;09/09/2026;11:00;16.5;6;AVERSES;5;46.1;0.4
Lalley;44.76;5.67;09/09/2026;12:00;17.1;6;AVERSES;5;40.7;0.4
Lalley;44.76;5.67;09/09/2026;13:00;17.7;6;AVERSES;5;37.1;0.4
Lalley;44.76;5.67;09/09/2026;14:00;18.5;6;AVERSES;4;35.3;0.1
Lalley;44.76;5.67;09/09/2026;15:00;18.6;6;AVERSES;4;33.5;0.1
Lalley;44.76;5.67;09/09/2026;16:00;19.6;2;NUAGEUX;4;28.1;0
Lalley;44.76;5.67;09/09/2026;17:00;18.6;2;NUAGEUX;4;26.3;0
Lalley;44.76;5.67;09/09/2026;18:00;17.6;2;NUAGEUX;4;22.0;0
Lalley;44.76;5.67;09/09/2026;19:00;17.6;2;NUAGEUX;3;16.6;0
Lalley;44.76;5.67;09/09/2026;20:00;16.9;2;NUAGEUX;3;15.5;0
Lalley;44.76;5.67;09/09/2026;21:00;16.1;2;NUAGEUX;3;16.9;0
Lalley;44.76;5.67;09/09/2026;22:00;15.6;0;SOLEIL;3;18.7;0
Lalley;44.76;5.67;09/09/2026;23:00;15.6;0;SOLEIL;3;19.1;0
Lalley;44.76;5.67;10/09/2026;00:00;15.5;0;SOLEIL;3;20.5;0
Lalley;44.76;5.67;10/09/2026;01:00;15.5;0;SOLEIL;3;22.3;0
Lalley;44.76;5.67;10/09/2026;02:00;14.1;0;SOLEIL;2;22.7;0
Lalley;44.76;5.67;10/09/2026;03:00;14.1;0;SOLEIL;2;22.7;0
Lalley;44.76;5.67;10/09/2026;04:00;14.1;0;SOLEIL;2;19.1;0
Lalley;44.76;5.67;10/09/2026;05:00;14.1;0;SOLEIL;2;15.5;0
Lalley;44.76;5.67;10/09/2026;06:00;14.1;0;SOLEIL;2;14.0;0
Lalley;44.76;5.67;10/09/2026;07:00;14.1;0;SOLEIL;2;13.7;0
Lalley;44.76;5.67;10/09/2026;08:00;18.2;0;SOLEIL;2;10.1;0
Lalley;44.76;5.67;10/09/2026;09:00;18.2;0;SOLEIL;2;11.2;0
Lalley;44.76;5.67;10/09/2026;10:00;18.2;0;SOLEIL;2;17.6;0
Lalley;44.76;5.67;10/09/2026;11:00;21.7;0;SOLEIL;2;18.7;0
Lalley;44.76;5.67;10/09/2026;12:00;21.7;0;SOLEIL;2;16.8;0
Lalley;44.76;5.67;10/09/2026;13:00;21.7;0;SOLEIL;2;16.6;0
Lalley;44.76;5.67;10/09/2026;14:00;23.1;0;SOLEIL;3;16.8;0
Lalley;44.76;5.67;10/09/2026;15:00;23.1;0;SOLEIL;3;15.5;0
Lalley;44.76;5.67;10/09/2026;16:00;23.1;0;SOLEIL;3;21.6;0
Lalley;44.76;5.67;10/09/2026;17:00;19.1;0;SOLEIL;2;20.5;0
Lalley;44.76;5.67;10/09/2026;18:00;19.1;0;SOLEIL;2;20.9;0
Lalley;44.76;5.67;10/09/2026;19:00;19.1;0;SOLEIL;2;21.6;0
Lalley;44.76;5.67;10/09/2026;20:00;17.1;0;SOLEIL;2;18.0;0
Lalley;44.76;5.67;10/09/2026;21:00;17.1;0;SOLEIL;2;13.7;0
Lalley;44.76;5.67;10/09/2026;22:00;17.1;0;SOLEIL;2;15.8;0
Lalley;44.76;5.67;10/09/2026;23:00;14.7;0;SOLEIL;2;12.2;0
Lalley;44.76;5.67;11/09/2026;00:00;14.7;0;SOLEIL;2;8.6;0
Lalley;44.76;5.67;11/09/2026;01:00;14.7;0;SOLEIL;2;6.5;0
Lalley;44.76;5.67;11/09/2026;02:00;13.1;0;SOLEIL;2;5.8;0
Lalley;44.76;5.67;11/09/2026;03:00;13.1;0;SOLEIL;2;4.7;0
Lalley;44.76;5.67;11/09/2026;04:00;13.1;0;SOLEIL;2;5.0;0
Lalley;44.76;5.67;11/09/2026;05:00;13.6;0;SOLEIL;2;2.9;0
Lalley;44.76;5.67;11/09/2026;06:00;13.6;0;SOLEIL;2;1.8;0
Lalley;44.76;5.67;11/09/2026;07:00;13.6;0;SOLEIL;2;2.5;0
Lalley;44.76;5.67;11/09/2026;08:00;19.9;0;SOLEIL;2;1.4;0
Lalley;44.76;5.67;11/09/2026;09:00;19.9;0;SOLEIL;2;4.0;0
Lalley;44.76;5.67;11/09/2026;10:00;19.9;0;SOLEIL;2;6.1;0
Lalley;44.76;5.67;11/09/2026;11:00;23.4;0;SOLEIL;3;9.7;0
Lalley;44.76;5.67;11/09/2026;12:00;23.4;0;SOLEIL;3;13.0;0
Lalley;44.76;5.67;11/09/2026;13:00;23.4;0;SOLEIL;3;18.4;0
Lalley;44.76;5.67;11/09/2026;14:00;25;0;SOLEIL;3;23.8;0
Lalley;44.76;5.67;11/09/2026;15:00;25;0;SOLEIL;3;26.3;0
Lalley;44.76;5.67;11/09/2026;16:00;25;0;SOLEIL;3;28.1;0
Lalley;44.76;5.67;11/09/2026;17:00;21;0;SOLEIL;3;28.4;0
Lalley;44.76;5.67;11/09/2026;18:00;21;0;SOLEIL;3;27.7;0
Lalley;44.76;5.67;11/09/2026;19:00;21;0;SOLEIL;3;25.9;0
Lalley;44.76;5.67;11/09/2026;20:00;18.2;0;SOLEIL;5;23.4;0
Lalley;44.76;5.67;11/09/2026;21:00;16.8;0;SOLEIL;5;19.8;0
Lalley;44.76;5.67;11/09/2026;22:00;15.4;0;SOLEIL;5;15.5;0
Lalley;44.76;5.67;11/09/2026;23:00;16.2;0;SOLEIL;2;12.2;0
Lalley;44.76;5.67;12/09/2026;00:00;16.2;0;SOLEIL;2;10.4;0
Lalley;44.76;5.67;12/09/2026;01:00;16.2;0;SOLEIL;2;9.7;0
Lalley;44.76;5.67;12/09/2026;02:00;12;0;SOLEIL;5;8.6;0
Lalley;44.76;5.67;12/09/2026;03:00;12;0;SOLEIL;5;7.6;0
Lalley;44.76;5.67;12/09/2026;04:00;12;0;SOLEIL;5;6.1;0
Lalley;44.76;5.67;12/09/2026;05:00;13.4;0;SOLEIL;0;5.0;0
Lalley;44.76;5.67;12/09/2026;06:00;13.4;0;SOLEIL;0;4.0;0
Lalley;44.76;5.67;12/09/2026;07:00;13.4;0;SOLEIL;0;2.9;0
Lalley;44.76;5.67;12/09/2026;08:00;15.2;0;SOLEIL;5;2.5;0
Lalley;44.76;5.67;12/09/2026;09:00;16.8;0;SOLEIL;5;3.2;0
Lalley;44.76;5.67;12/09/2026;10:00;18.4;0;SOLEIL;5;4.7;0
Lalley;44.76;5.67;12/09/2026;11:00;24.5;0;SOLEIL;2;6.8;0
Lalley;44.76;5.67;12/09/2026;12:00;24.5;0;SOLEIL;2;10.4;0
Lalley;44.76;5.67;12/09/2026;13:00;24.5;0;SOLEIL;2;14.4;0
Lalley;44.76;5.67;12/09/2026;14:00;24.9;0;SOLEIL;5;18.0;0
Lalley;44.76;5.67;12/09/2026;15:00;26.5;0;SOLEIL;5;20.9;0
Lalley;44.76;5.67;12/09/2026;16:00;24.9;0;SOLEIL;5;23.0;0
Lalley;44.76;5.67;12/09/2026;17:00;21.1;0;SOLEIL;1;23.4;0
Lalley;44.76;5.67;12/09/2026;18:00;21.1;0;SOLEIL;1;21.2;0
Lalley;44.76;5.67;12/09/2026;19:00;21.1;0;SOLEIL;1;17.6;0
Lalley;44.76;5.67;12/09/2026;20:00;18.4;0;SOLEIL;5;14.0;0
Lalley;44.76;5.67;12/09/2026;21:00;16.8;0;SOLEIL;5;11.2;0
Lalley;44.76;5.67;12/09/2026;22:00;15.2;0;SOLEIL;5;8.3;0
Lalley;44.76;5.67;12/09/2026;23:00;15.6;0;SOLEIL;0;6.1;0
Lalley;44.76;5.67;13/09/2026;00:00;15.6;0;SOLEIL;0;4.7;0
Lalley;44.76;5.67;13/09/2026;01:00;15.6;0;SOLEIL;0;4.0;0
Lalley;44.76;5.67;13/09/2026;02:00;12.7;0;SOLEIL;5;3.2;0
Lalley;44.76;5.67;13/09/2026;03:00;12.7;0;SOLEIL;5;2.9;0
Lalley;44.76;5.67;13/09/2026;04:00;12.7;0;SOLEIL;5;2.5;0
Lalley;44.76;5.67;13/09/2026;05:00;14;0;SOLEIL;0;2.5;0
Lalley;44.76;5.67;13/09/2026;06:00;14;0;SOLEIL;0;3.8;0
Lalley;44.76;5.67;13/09/2026;07:00;14;0;SOLEIL;0;4.9;0
Lalley;44.76;5.67;13/09/2026;08:00;16.0;0;SOLEIL;5;6.0;0
Lalley;44.76;5.67;13/09/2026;09:00;17.7;0;SOLEIL;5;8.3;0
Lalley;44.76;5.67;13/09/2026;10:00;19.3;0;SOLEIL;5;10.4;0
Lalley;44.76;5.67;13/09/2026;11:00;25.4;0;SOLEIL;2;13.0;0
Lalley;44.76;5.67;13/09/2026;12:00;25.4;0;SOLEIL;2;15.5;0
Lalley;44.76;5.67;13/09/2026;13:00;25.4;0;SOLEIL;2;18.4;0
Lalley;44.76;5.67;13/09/2026;14:00;25.9;0;SOLEIL;5;20.5;0
Lalley;44.76;5.67;13/09/2026;15:00;27.6;0;SOLEIL;5;22.3;0
Lalley;44.76;5.67;13/09/2026;16:00;25.9;0;SOLEIL;5;24.1;0
Lalley;44.76;5.67;13/09/2026;17:00;21.5;0;SOLEIL;1;24.5;0
Lalley;44.76;5.67;13/09/2026;18:00;21.5;0;SOLEIL;1;23.4;0
Lalley;44.76;5.67;13/09/2026;19:00;21.5;0;SOLEIL;1;21.2;0
Lalley;44.76;5.67;13/09/2026;20:00;19.3;0;SOLEIL;5;18.4;0
Lalley;44.76;5.67;13/09/2026;21:00;17.7;0;SOLEIL;5;14.8;0
Lalley;44.76;5.67;13/09/2026;22:00;16.0;0;SOLEIL;5;10.4;0
Lalley;44.76;5.67;13/09/2026;23:00;17.1;0;SOLEIL;0;7.9;0
Roanne;46.03;4.07;09/09/2026;00:00;17.4;10;ORAGEUX;1;25.9;0.7
Roanne;46.03;4.07;09/09/2026;01:00;15.9;10;ORAGEUX;1;22.3;1.3
Roanne;46.03;4.07;09/09/2026;02:00;15.1;10;ORAGEUX;1;14.4;4.1
Roanne;46.03;4.07;09/09/2026;03:00;15.4;6;AVERSES;1;10.1;3.7
Roanne;46.03;4.07;09/09/2026;04:00;15.7;6;AVERSES;0;9.7;3
Roanne;46.03;4.07;09/09/2026;05:00;14.4;6;AVERSES;0;11.2;1.8
Roanne;46.03;4.07;09/09/2026;06:00;14.2;6;AVERSES;0;7.6;0.9
Roanne;46.03;4.07;09/09/2026;07:00;13.6;6;AVERSES;1;6.5;0.6
Roanne;46.03;4.07;09/09/2026;08:00;15;6;AVERSES;2;6.5;0.3
Roanne;46.03;4.07;09/09/2026;09:00;14.1;6;AVERSES;1;6.5;0.9
Roanne;46.03;4.07;09/09/2026;10:00;13.4;6;AVERSES;1;13.7;2.3
Roanne;46.03;4.07;09/09/2026;11:00;13.9;6;AVERSES;2;17.3;0.7
Roanne;46.03;4.07;09/09/2026;12:00;13.4;6;AVERSES;2;17.6;0.2
Roanne;46.03;4.07;09/09/2026;13:00;13.6;6;AVERSES;2;13.0;0.1
Roanne;46.03;4.07;09/09/2026;14:00;12.6;6;AVERSES;3;16.2;0.1
Roanne;46.03;4.07;09/09/2026;15:00;12.7;6;AVERSES;3;15.1;0.1
Roanne;46.03;4.07;09/09/2026;16:00;12.9;2;NUAGEUX;3;20.2;0
Roanne;46.03;4.07;09/09/2026;17:00;12.4;2;NUAGEUX;2;21.6;0
Roanne;46.03;4.07;09/09/2026;18:00;12.1;2;NUAGEUX;2;20.5;0
Roanne;46.03;4.07;09/09/2026;19:00;11.7;2;NUAGEUX;2;15.1;0
Roanne;46.03;4.07;09/09/2026;20:00;11.7;2;NUAGEUX;2;15.8;0
Roanne;46.03;4.07;09/09/2026;21:00;12.2;2;NUAGEUX;2;17.6;0
Roanne;46.03;4.07;09/09/2026;22:00;11.6;2;NUAGEUX;2;18.0;0
Roanne;46.03;4.07;09/09/2026;23:00;11.2;2;NUAGEUX;2;18.0;0
Roanne;46.03;4.07;10/09/2026;00:00;11.7;2;NUAGEUX;2;17.3;0
Roanne;46.03;4.07;10/09/2026;01:00;11.7;2;NUAGEUX;2;17.3;0
Roanne;46.03;4.07;10/09/2026;02:00;10.1;2;NUAGEUX;2;16.2;0
Roanne;46.03;4.07;10/09/2026;03:00;10.1;2;NUAGEUX;2;16.9;0
Roanne;46.03;4.07;10/09/2026;04:00;10.1;2;NUAGEUX;2;18.0;0
Roanne;46.03;4.07;10/09/2026;05:00;9.4;2;NUAGEUX;1;18.7;0
Roanne;46.03;4.07;10/09/2026;06:00;9.4;2;NUAGEUX;1;18.0;0
Roanne;46.03;4.07;10/09/2026;07:00;9.4;2;NUAGEUX;1;16.2;0
Roanne;46.03;4.07;10/09/2026;08:00;12.2;0;SOLEIL;2;15.5;0
Roanne;46.03;4.07;10/09/2026;09:00;12.2;0;SOLEIL;2;13.0;0
Roanne;46.03;4.07;10/09/2026;10:00;12.2;0;SOLEIL;2;12.6;0
Roanne;46.03;4.07;10/09/2026;11:00;17.5;0;SOLEIL;3;12.2;0
Roanne;46.03;4.07;10/09/2026;12:00;17.5;0;SOLEIL;3;16.7;0
Roanne;46.03;4.07;10/09/2026;13:00;17.5;0;SOLEIL;3;24.3;0
Roanne;46.03;4.07;10/09/2026;14:00;18.9;0;SOLEIL;3;28.7;0
Roanne;46.03;4.07;10/09/2026;15:00;18.9;0;SOLEIL;3;33.1;0
Roanne;46.03;4.07;10/09/2026;16:00;18.9;0;SOLEIL;3;33.5;0
Roanne;46.03;4.07;10/09/2026;17:00;14.5;0;SOLEIL;2;32.0;0
Roanne;46.03;4.07;10/09/2026;18:00;14.5;0;SOLEIL;2;34.9;0
Roanne;46.03;4.07;10/09/2026;19:00;14.5;0;SOLEIL;2;32.8;0
Roanne;46.03;4.07;10/09/2026;20:00;10.1;0;SOLEIL;1;27.4;0
Roanne;46.03;4.07;10/09/2026;21:00;10.1;0;SOLEIL;1;20.5;0
Roanne;46.03;4.07;10/09/2026;22:00;10.1;0;SOLEIL;1;13.0;0
Roanne;46.03;4.07;10/09/2026;23:00;8.2;0;SOLEIL;0;10.1;0
Roanne;46.03;4.07;11/09/2026;00:00;8.2;0;SOLEIL;0;7.2;0
Roanne;46.03;4.07;11/09/2026;01:00;8.2;0;SOLEIL;0;6.1;0
Roanne;46.03;4.07;11/09/2026;02:00;7.5;0;SOLEIL;1;5.8;0
Roanne;46.03;4.07;11/09/2026;03:00;7.5;0;SOLEIL;1;5.4;0
Roanne;46.03;4.07;11/09/2026;04:00;7.5;0;SOLEIL;1;5.4;0
Roanne;46.03;4.07;11/09/2026;05:00;7.6;0;SOLEIL;1;6.5;0
Roanne;46.03;4.07;11/09/2026;06:00;7.6;0;SOLEIL;1;7.9;0
Roanne;46.03;4.07;11/09/2026;07:00;7.6;0;SOLEIL;1;10.1;0
Roanne;46.03;4.07;11/09/2026;08:00;15.9;0;SOLEIL;2;12.6;0
Roanne;46.03;4.07;11/09/2026;09:00;15.9;0;SOLEIL;2;18.7;0
Roanne;46.03;4.07;11/09/2026;10:00;15.9;0;SOLEIL;2;27.0;0
Roanne;46.03;4.07;11/09/2026;11:00;20;0;SOLEIL;3;32.8;0
Roanne;46.03;4.07;11/09/2026;12:00;20;0;SOLEIL;3;34.2;0
Roanne;46.03;4.07;11/09/2026;13:00;20;0;SOLEIL;3;37.4;0
Roanne;46.03;4.07;11/09/2026;14:00;21;0;SOLEIL;3;41.8;0
Roanne;46.03;4.07;11/09/2026;15:00;21;0;SOLEIL;3;46.8;0
Roanne;46.03;4.07;11/09/2026;16:00;21;0;SOLEIL;3;51.8;0
Roanne;46.03;4.07;11/09/2026;17:00;15.6;0;SOLEIL;2;55.4;0
Roanne;46.03;4.07;11/09/2026;18:00;15.6;0;SOLEIL;2;55.8;0
Roanne;46.03;4.07;11/09/2026;19:00;15.6;0;SOLEIL;2;54.4;0
Roanne;46.03;4.07;11/09/2026;20:00;13.3;0;SOLEIL;5;51.5;0
Roanne;46.03;4.07;11/09/2026;21:00;11.6;0;SOLEIL;5;47.2;0
Roanne;46.03;4.07;11/09/2026;22:00;9.9;0;SOLEIL;5;41.8;0
Roanne;46.03;4.07;11/09/2026;23:00;8.6;0;SOLEIL;1;37.1;0
Roanne;46.03;4.07;12/09/2026;00:00;8.6;0;SOLEIL;1;33.8;0
Roanne;46.03;4.07;12/09/2026;01:00;8.6;0;SOLEIL;1;31.0;0
Roanne;46.03;4.07;12/09/2026;02:00;6.7;0;SOLEIL;5;28.4;0
Roanne;46.03;4.07;12/09/2026;03:00;6.7;0;SOLEIL;5;25.9;0
Roanne;46.03;4.07;12/09/2026;04:00;6.7;0;SOLEIL;5;23.0;0
Roanne;46.03;4.07;12/09/2026;05:00;7.5;6;AVERSES;1;20.9;0
Roanne;46.03;4.07;12/09/2026;06:00;7.5;6;AVERSES;1;18.4;0
Roanne;46.03;4.07;12/09/2026;07:00;7.5;6;AVERSES;1;16.2;0
Roanne;46.03;4.07;12/09/2026;08:00;10.3;0;SOLEIL;5;15.8;0
Roanne;46.03;4.07;12/09/2026;09:00;12.0;0;SOLEIL;5;18.4;0
Roanne;46.03;4.07;12/09/2026;10:00;13.8;0;SOLEIL;5;22.7;0
Roanne;46.03;4.07;12/09/2026;11:00;21.4;0;SOLEIL;2;25.9;0
Roanne;46.03;4.07;12/09/2026;12:00;21.4;0;SOLEIL;2;27.4;0
Roanne;46.03;4.07;12/09/2026;13:00;21.4;0;SOLEIL;2;27.7;0
Roanne;46.03;4.07;12/09/2026;14:00;20.9;0;SOLEIL;5;28.8;0
Roanne;46.03;4.07;12/09/2026;15:00;22.7;0;SOLEIL;5;31.0;0
Roanne;46.03;4.07;12/09/2026;16:00;20.9;0;SOLEIL;5;33.5;0
Roanne;46.03;4.07;12/09/2026;17:00;15;0;SOLEIL;1;35.3;0
Roanne;46.03;4.07;12/09/2026;18:00;15;0;SOLEIL;1;36.4;0
Roanne;46.03;4.07;12/09/2026;19:00;15;0;SOLEIL;1;36.7;0
Roanne;46.03;4.07;12/09/2026;20:00;13.8;0;SOLEIL;5;35.3;0
Roanne;46.03;4.07;12/09/2026;21:00;12.0;0;SOLEIL;5;30.2;0
Roanne;46.03;4.07;12/09/2026;22:00;10.3;0;SOLEIL;5;23.0;0
Roanne;46.03;4.07;12/09/2026;23:00;10.4;0;SOLEIL;0;17.6;0
Roanne;46.03;4.07;13/09/2026;00:00;10.4;0;SOLEIL;0;15.5;0
Roanne;46.03;4.07;13/09/2026;01:00;10.4;0;SOLEIL;0;14.4;0
Roanne;46.03;4.07;13/09/2026;02:00;8.1;0;SOLEIL;5;13.3;0
Roanne;46.03;4.07;13/09/2026;03:00;8.1;0;SOLEIL;5;10.8;0
Roanne;46.03;4.07;13/09/2026;04:00;8.1;0;SOLEIL;5;8.3;0
Roanne;46.03;4.07;13/09/2026;05:00;9;0;SOLEIL;0;6.5;0
Roanne;46.03;4.07;13/09/2026;06:00;9;0;SOLEIL;0;8.0;0
Roanne;46.03;4.07;13/09/2026;07:00;9;0;SOLEIL;0;10.4;0
Roanne;46.03;4.07;13/09/2026;08:00;11.7;0;SOLEIL;5;12.7;0
Roanne;46.03;4.07;13/09/2026;09:00;13.6;0;SOLEIL;5;16.2;0
Roanne;46.03;4.07;13/09/2026;10:00;15.4;0;SOLEIL;5;18.0;0
Roanne;46.03;4.07;13/09/2026;11:00;22.7;0;SOLEIL;3;19.8;0
Roanne;46.03;4.07;13/09/2026;12:00;22.7;0;SOLEIL;3;20.2;0
Roanne;46.03;4.07;13/09/2026;13:00;22.7;0;SOLEIL;3;20.2;0
Roanne;46.03;4.07;13/09/2026;14:00;22.7;0;SOLEIL;5;21.2;0
Roanne;46.03;4.07;13/09/2026;15:00;24.5;0;SOLEIL;5;24.8;0
Roanne;46.03;4.07;13/09/2026;16:00;22.7;0;SOLEIL;5;29.2;0
Roanne;46.03;4.07;13/09/2026;17:00;16.2;0;SOLEIL;1;32.0;0
Roanne;46.03;4.07;13/09/2026;18:00;16.2;0;SOLEIL;1;31.3;0
Roanne;46.03;4.07;13/09/2026;19:00;16.2;0;SOLEIL;1;28.8;0
Roanne;46.03;4.07;13/09/2026;20:00;15.4;0;SOLEIL;5;26.6;0
Roanne;46.03;4.07;13/09/2026;21:00;13.6;0;SOLEIL;5;25.6;0
Roanne;46.03;4.07;13/09/2026;22:00;11.7;0;SOLEIL;5;25.2;0
Roanne;46.03;4.07;13/09/2026;23:00;11.1;0;SOLEIL;1;23.8;0
Saint-Étienne;45.43;4.39;09/09/2026;00:00;21.6;6;AVERSES;5;6.1;0.1
Saint-Étienne;45.43;4.39;09/09/2026;01:00;18.4;6;AVERSES;4;6.5;0.1
Saint-Étienne;45.43;4.39;09/09/2026;02:00;16.6;6;AVERSES;4;19.1;1.4
Saint-Étienne;45.43;4.39;09/09/2026;03:00;15.5;6;AVERSES;4;29.5;2
Saint-Étienne;45.43;4.39;09/09/2026;04:00;14.2;6;AVERSES;4;22.7;2.8
Saint-Étienne;45.43;4.39;09/09/2026;05:00;14.4;6;AVERSES;3;31.3;0.2
Saint-Étienne;45.43;4.39;09/09/2026;06:00;15.9;6;AVERSES;4;15.5;0.1
Saint-Étienne;45.43;4.39;09/09/2026;07:00;15.5;2;NUAGEUX;4;25.6;0
Saint-Étienne;45.43;4.39;09/09/2026;08:00;16.2;2;NUAGEUX;4;28.1;0
Saint-Étienne;45.43;4.39;09/09/2026;09:00;17.7;2;NUAGEUX;4;28.1;0
Saint-Étienne;45.43;4.39;09/09/2026;10:00;18.1;2;NUAGEUX;4;29.9;0
Saint-Étienne;45.43;4.39;09/09/2026;11:00;19.1;2;NUAGEUX;4;30.2;0
Saint-Étienne;45.43;4.39;09/09/2026;12:00;19.1;2;NUAGEUX;5;32.4;0
Saint-Étienne;45.43;4.39;09/09/2026;13:00;19.9;2;NUAGEUX;5;33.5;0
Saint-Étienne;45.43;4.39;09/09/2026;14:00;20.6;2;NUAGEUX;5;32.4;0
Saint-Étienne;45.43;4.39;09/09/2026;15:00;20.6;0;SOLEIL;5;31.7;0
Saint-Étienne;45.43;4.39;09/09/2026;16:00;20.5;0;SOLEIL;4;30.6;0
Saint-Étienne;45.43;4.39;09/09/2026;17:00;20.4;0;SOLEIL;4;31.0;0
Saint-Étienne;45.43;4.39;09/09/2026;18:00;18.2;0;SOLEIL;4;31.3;0
Saint-Étienne;45.43;4.39;09/09/2026;19:00;18.6;0;SOLEIL;3;30.2;0
Saint-Étienne;45.43;4.39;09/09/2026;20:00;17.7;0;SOLEIL;3;25.6;0
Saint-Étienne;45.43;4.39;09/09/2026;21:00;16.2;0;SOLEIL;3;16.6;0
Saint-Étienne;45.43;4.39;09/09/2026;22:00;16.5;0;SOLEIL;3;10.4;0
Saint-Étienne;45.43;4.39;09/09/2026;23:00;16.4;0;SOLEIL;2;7.2;0
Saint-Étienne;45.43;4.39;10/09/2026;00:00;15;0;SOLEIL;2;6.8;0
Saint-Étienne;45.43;4.39;10/09/2026;01:00;15;0;SOLEIL;2;4.3;0
Saint-Étienne;45.43;4.39;10/09/2026;02:00;13.1;0;SOLEIL;2;4.0;0
Saint-Étienne;45.43;4.39;10/09/2026;03:00;13.1;0;SOLEIL;2;1.8;0
Saint-Étienne;45.43;4.39;10/09/2026;04:00;13.1;0;SOLEIL;2;2.9;0
Saint-Étienne;45.43;4.39;10/09/2026;05:00;13.1;0;SOLEIL;2;2.9;0
Saint-Étienne;45.43;4.39;10/09/2026;06:00;13.1;0;SOLEIL;2;2.2;0
Saint-Étienne;45.43;4.39;10/09/2026;07:00;13.1;0;SOLEIL;2;1.8;0
Saint-Étienne;45.43;4.39;10/09/2026;08:00;18.5;0;SOLEIL;3;1.4;0
Saint-Étienne;45.43;4.39;10/09/2026;09:00;18.5;0;SOLEIL;3;1.8;0
Saint-Étienne;45.43;4.39;10/09/2026;10:00;18.5;0;SOLEIL;3;11.5;0
Saint-Étienne;45.43;4.39;10/09/2026;11:00;22;0;SOLEIL;4;22.0;0
Saint-Étienne;45.43;4.39;10/09/2026;12:00;22;0;SOLEIL;4;31.0;0
Saint-Étienne;45.43;4.39;10/09/2026;13:00;22;0;SOLEIL;4;36.0;0
Saint-Étienne;45.43;4.39;10/09/2026;14:00;23.1;0;SOLEIL;4;37.4;0
Saint-Étienne;45.43;4.39;10/09/2026;15:00;23.1;0;SOLEIL;4;36.7;0
Saint-Étienne;45.43;4.39;10/09/2026;16:00;23.1;0;SOLEIL;4;35.6;0
Saint-Étienne;45.43;4.39;10/09/2026;17:00;21.2;0;SOLEIL;3;35.6;0
Saint-Étienne;45.43;4.39;10/09/2026;18:00;21.2;0;SOLEIL;3;34.2;0
Saint-Étienne;45.43;4.39;10/09/2026;19:00;21.2;0;SOLEIL;3;32.0;0
Saint-Étienne;45.43;4.39;10/09/2026;20:00;16.9;0;SOLEIL;2;27.0;0
Saint-Étienne;45.43;4.39;10/09/2026;21:00;16.9;0;SOLEIL;2;18.4;0
Saint-Étienne;45.43;4.39;10/09/2026;22:00;16.9;0;SOLEIL;2;15.5;0
Saint-Étienne;45.43;4.39;10/09/2026;23:00;13.9;0;SOLEIL;1;10.1;0
Saint-Étienne;45.43;4.39;11/09/2026;00:00;13.9;0;SOLEIL;1;6.5;0
Saint-Étienne;45.43;4.39;11/09/2026;01:00;13.9;0;SOLEIL;1;6.5;0
Saint-Étienne;45.43;4.39;11/09/2026;02:00;12;0;SOLEIL;1;6.5;0
Saint-Étienne;45.43;4.39;11/09/2026;03:00;12;0;SOLEIL;1;5.8;0
Saint-Étienne;45.43;4.39;11/09/2026;04:00;12;0;SOLEIL;1;5.0;0
Saint-Étienne;45.43;4.39;11/09/2026;05:00;13.6;0;SOLEIL;2;6.1;0
Saint-Étienne;45.43;4.39;11/09/2026;06:00;13.6;0;SOLEIL;2;5.0;0
Saint-Étienne;45.43;4.39;11/09/2026;07:00;13.6;0;SOLEIL;2;3.6;0
Saint-Étienne;45.43;4.39;11/09/2026;08:00;20.1;0;SOLEIL;2;5.4;0
Saint-Étienne;45.43;4.39;11/09/2026;09:00;20.1;0;SOLEIL;2;6.1;0
Saint-Étienne;45.43;4.39;11/09/2026;10:00;20.1;0;SOLEIL;2;6.5;0
Saint-Étienne;45.43;4.39;11/09/2026;11:00;22.6;0;SOLEIL;3;18.0;0
Saint-Étienne;45.43;4.39;11/09/2026;12:00;22.6;0;SOLEIL;3;24.8;0
Saint-Étienne;45.43;4.39;11/09/2026;13:00;22.6;0;SOLEIL;3;17.6;0
Saint-Étienne;45.43;4.39;11/09/2026;14:00;24.2;0;SOLEIL;4;29.5;0
Saint-Étienne;45.43;4.39;11/09/2026;15:00;24.2;0;SOLEIL;4;31.7;0
Saint-Étienne;45.43;4.39;11/09/2026;16:00;24.2;0;SOLEIL;4;32.8;0
Saint-Étienne;45.43;4.39;11/09/2026;17:00;21.4;0;SOLEIL;3;33.1;0
Saint-Étienne;45.43;4.39;11/09/2026;18:00;21.4;0;SOLEIL;3;33.5;0
Saint-Étienne;45.43;4.39;11/09/2026;19:00;21.4;0;SOLEIL;3;33.1;0
Saint-Étienne;45.43;4.39;11/09/2026;20:00;17.8;0;SOLEIL;5;30.6;0
Saint-Étienne;45.43;4.39;11/09/2026;21:00;16.3;0;SOLEIL;5;24.5;0
Saint-Étienne;45.43;4.39;11/09/2026;22:00;14.8;0;SOLEIL;5;16.6;0
Saint-Étienne;45.43;4.39;11/09/2026;23:00;16.4;0;SOLEIL;2;10.1;0
Saint-Étienne;45.43;4.39;12/09/2026;00:00;16.4;0;SOLEIL;2;7.2;0
Saint-Étienne;45.43;4.39;12/09/2026;01:00;16.4;0;SOLEIL;2;5.8;0
Saint-Étienne;45.43;4.39;12/09/2026;02:00;14.6;0;SOLEIL;5;5.4;0
Saint-Étienne;45.43;4.39;12/09/2026;03:00;14.6;0;SOLEIL;5;5.8;0
Saint-Étienne;45.43;4.39;12/09/2026;04:00;14.6;0;SOLEIL;5;6.8;0
Saint-Étienne;45.43;4.39;12/09/2026;05:00;15.6;0;SOLEIL;1;7.2;0
Saint-Étienne;45.43;4.39;12/09/2026;06:00;15.6;0;SOLEIL;1;5.8;0
Saint-Étienne;45.43;4.39;12/09/2026;07:00;15.6;0;SOLEIL;1;3.6;0
Saint-Étienne;45.43;4.39;12/09/2026;08:00;17.2;0;SOLEIL;5;4.7;0
Saint-Étienne;45.43;4.39;12/09/2026;09:00;18.4;0;SOLEIL;5;11.9;0
Saint-Étienne;45.43;4.39;12/09/2026;10:00;19.7;0;SOLEIL;5;22.0;0
Saint-Étienne;45.43;4.39;12/09/2026;11:00;24.2;0;SOLEIL;3;29.9;0
Saint-Étienne;45.43;4.39;12/09/2026;12:00;24.2;0;SOLEIL;3;32.8;0
Saint-Étienne;45.43;4.39;12/09/2026;13:00;24.2;0;SOLEIL;3;33.5;0
Saint-Étienne;45.43;4.39;12/09/2026;14:00;24.8;0;SOLEIL;5;33.8;0
Saint-Étienne;45.43;4.39;12/09/2026;15:00;26.1;0;SOLEIL;5;34.2;0
Saint-Étienne;45.43;4.39;12/09/2026;16:00;24.8;0;SOLEIL;5;34.2;0
Saint-Étienne;45.43;4.39;12/09/2026;17:00;22.6;0;SOLEIL;2;33.5;0
Saint-Étienne;45.43;4.39;12/09/2026;18:00;22.6;0;SOLEIL;2;32.8;0
Saint-Étienne;45.43;4.39;12/09/2026;19:00;22.6;0;SOLEIL;2;31.3;0
Saint-Étienne;45.43;4.39;12/09/2026;20:00;19.7;0;SOLEIL;5;28.4;0
Saint-Étienne;45.43;4.39;12/09/2026;21:00;18.4;0;SOLEIL;5;22.7;0
Saint-Étienne;45.43;4.39;12/09/2026;22:00;17.2;0;SOLEIL;5;15.1;0
Saint-Étienne;45.43;4.39;12/09/2026;23:00;17.4;0;SOLEIL;1;9.4;0
Saint-Étienne;45.43;4.39;13/09/2026;00:00;17.4;0;SOLEIL;1;6.5;0
Saint-Étienne;45.43;4.39;13/09/2026;01:00;17.4;0;SOLEIL;1;5.0;0
Saint-Étienne;45.43;4.39;13/09/2026;02:00;14.1;0;SOLEIL;5;4.3;0
Saint-Étienne;45.43;4.39;13/09/2026;03:00;14.1;0;SOLEIL;5;3.6;0
Saint-Étienne;45.43;4.39;13/09/2026;04:00;14.1;0;SOLEIL;5;3.2;0
Saint-Étienne;45.43;4.39;13/09/2026;05:00;15.2;0;SOLEIL;0;3.2;0
Saint-Étienne;45.43;4.39;13/09/2026;06:00;15.2;0;SOLEIL;0;3.1;0
Saint-Étienne;45.43;4.39;13/09/2026;07:00;15.2;0;SOLEIL;0;3.4;0
Saint-Étienne;45.43;4.39;13/09/2026;08:00;17.2;0;SOLEIL;5;3.9;0
Saint-Étienne;45.43;4.39;13/09/2026;09:00;18.7;0;SOLEIL;5;6.8;0
Saint-Étienne;45.43;4.39;13/09/2026;10:00;20.2;0;SOLEIL;5;12.2;0
Saint-Étienne;45.43;4.39;13/09/2026;11:00;26.1;0;SOLEIL;3;16.9;0
Saint-Étienne;45.43;4.39;13/09/2026;12:00;26.1;0;SOLEIL;3;20.5;0
Saint-Étienne;45.43;4.39;13/09/2026;13:00;26.1;0;SOLEIL;3;23.8;0
Saint-Étienne;45.43;4.39;13/09/2026;14:00;26.4;0;SOLEIL;5;25.9;0
Saint-Étienne;45.43;4.39;13/09/2026;15:00;27.9;0;SOLEIL;5;27.0;0
Saint-Étienne;45.43;4.39;13/09/2026;16:00;26.4;0;SOLEIL;5;27.4;0
Saint-Étienne;45.43;4.39;13/09/2026;17:00;23.6;0;SOLEIL;2;26.6;0
Saint-Étienne;45.43;4.39;13/09/2026;18:00;23.6;0;SOLEIL;2;24.8;0
Saint-Étienne;45.43;4.39;13/09/2026;19:00;23.6;0;SOLEIL;2;22.0;0
Saint-Étienne;45.43;4.39;13/09/2026;20:00;20.2;0;SOLEIL;5;18.4;0
Saint-Étienne;45.43;4.39;13/09/2026;21:00;18.7;0;SOLEIL;5;13.3;0
Saint-Étienne;45.43;4.39;13/09/2026;22:00;17.2;0;SOLEIL;5;7.6;0
Saint-Étienne;45.43;4.39;13/09/2026;23:00;18.9;0;SOLEIL;1;3.6;0
Le Puy-en-Velay;45.04;3.88;09/09/2026;00:00;21.5;6;AVERSES;3;26.3;0.1
Le Puy-en-Velay;45.04;3.88;09/09/2026;01:00;20.6;6;AVERSES;3;25.9;0.1
Le Puy-en-Velay;45.04;3.88;09/09/2026;02:00;20.9;6;AVERSES;2;23.4;0.1
Le Puy-en-Velay;45.04;3.88;09/09/2026;03:00;19.6;6;AVERSES;3;18.4;0.1
Le Puy-en-Velay;45.04;3.88;09/09/2026;04:00;15.4;6;AVERSES;3;16.9;1.3
Le Puy-en-Velay;45.04;3.88;09/09/2026;05:00;12.9;6;AVERSES;3;29.9;3.9
Le Puy-en-Velay;45.04;3.88;09/09/2026;06:00;13.1;6;AVERSES;3;30.2;1.1
Le Puy-en-Velay;45.04;3.88;09/09/2026;07:00;12.9;6;AVERSES;3;31.0;0.2
Le Puy-en-Velay;45.04;3.88;09/09/2026;08:00;14.2;6;AVERSES;3;13.7;0.1
Le Puy-en-Velay;45.04;3.88;09/09/2026;09:00;14.7;6;AVERSES;3;23.0;0.1
Le Puy-en-Velay;45.04;3.88;09/09/2026;10:00;16.1;2;NUAGEUX;3;23.4;0
Le Puy-en-Velay;45.04;3.88;09/09/2026;11:00;17.2;2;NUAGEUX;3;19.4;0
Le Puy-en-Velay;45.04;3.88;09/09/2026;12:00;16.9;2;NUAGEUX;4;23.4;0
Le Puy-en-Velay;45.04;3.88;09/09/2026;13:00;17.9;2;NUAGEUX;4;25.9;0
Le Puy-en-Velay;45.04;3.88;09/09/2026;14:00;18.6;2;NUAGEUX;4;27.0;0
Le Puy-en-Velay;45.04;3.88;09/09/2026;15:00;18.1;2;NUAGEUX;4;32.4;0
Le Puy-en-Velay;45.04;3.88;09/09/2026;16:00;18.1;2;NUAGEUX;4;35.6;0
Le Puy-en-Velay;45.04;3.88;09/09/2026;17:00;17.1;0;SOLEIL;4;35.6;0
Le Puy-en-Velay;45.04;3.88;09/09/2026;18:00;16.1;0;SOLEIL;4;35.6;0
Le Puy-en-Velay;45.04;3.88;09/09/2026;19:00;15.1;0;SOLEIL;3;37.1;0
Le Puy-en-Velay;45.04;3.88;09/09/2026;20:00;14.4;0;SOLEIL;3;32.4;0
Le Puy-en-Velay;45.04;3.88;09/09/2026;21:00;14.1;0;SOLEIL;3;25.6;0
Le Puy-en-Velay;45.04;3.88;09/09/2026;22:00;13;0;SOLEIL;3;20.2;0
Le Puy-en-Velay;45.04;3.88;09/09/2026;23:00;12.4;0;SOLEIL;3;16.9;0
Le Puy-en-Velay;45.04;3.88;10/09/2026;00:00;11.6;0;SOLEIL;3;10.4;0
Le Puy-en-Velay;45.04;3.88;10/09/2026;01:00;11.6;0;SOLEIL;3;10.1;0
Le Puy-en-Velay;45.04;3.88;10/09/2026;02:00;11.9;0;SOLEIL;3;9.7;0
Le Puy-en-Velay;45.04;3.88;10/09/2026;03:00;11.9;0;SOLEIL;3;9.7;0
Le Puy-en-Velay;45.04;3.88;10/09/2026;04:00;11.9;0;SOLEIL;3;9.7;0
Le Puy-en-Velay;45.04;3.88;10/09/2026;05:00;10.7;0;SOLEIL;3;9.7;0
Le Puy-en-Velay;45.04;3.88;10/09/2026;06:00;10.7;0;SOLEIL;3;10.1;0
Le Puy-en-Velay;45.04;3.88;10/09/2026;07:00;10.7;0;SOLEIL;3;10.1;0
Le Puy-en-Velay;45.04;3.88;10/09/2026;08:00;17.1;0;SOLEIL;4;11.5;0
Le Puy-en-Velay;45.04;3.88;10/09/2026;09:00;17.1;0;SOLEIL;4;14.0;0
Le Puy-en-Velay;45.04;3.88;10/09/2026;10:00;17.1;0;SOLEIL;4;17.3;0
Le Puy-en-Velay;45.04;3.88;10/09/2026;11:00;20.2;0;SOLEIL;4;17.6;0
Le Puy-en-Velay;45.04;3.88;10/09/2026;12:00;20.2;0;SOLEIL;4;29.1;0
Le Puy-en-Velay;45.04;3.88;10/09/2026;13:00;20.2;0;SOLEIL;4;38.3;0
Le Puy-en-Velay;45.04;3.88;10/09/2026;14:00;21.1;0;SOLEIL;4;39.3;0
Le Puy-en-Velay;45.04;3.88;10/09/2026;15:00;21.1;0;SOLEIL;4;39.6;0
Le Puy-en-Velay;45.04;3.88;10/09/2026;16:00;21.1;0;SOLEIL;4;38.5;0
Le Puy-en-Velay;45.04;3.88;10/09/2026;17:00;19;0;SOLEIL;3;37.4;0
Le Puy-en-Velay;45.04;3.88;10/09/2026;18:00;19;0;SOLEIL;3;35.6;0
Le Puy-en-Velay;45.04;3.88;10/09/2026;19:00;19;0;SOLEIL;3;34.2;0
Le Puy-en-Velay;45.04;3.88;10/09/2026;20:00;16.1;0;SOLEIL;2;29.9;0
Le Puy-en-Velay;45.04;3.88;10/09/2026;21:00;16.1;0;SOLEIL;2;18.4;0
Le Puy-en-Velay;45.04;3.88;10/09/2026;22:00;16.1;0;SOLEIL;2;8.6;0
Le Puy-en-Velay;45.04;3.88;10/09/2026;23:00;13.5;0;SOLEIL;1;7.9;0
Le Puy-en-Velay;45.04;3.88;11/09/2026;00:00;13.5;0;SOLEIL;1;5.0;0
Le Puy-en-Velay;45.04;3.88;11/09/2026;01:00;13.5;0;SOLEIL;1;4.0;0
Le Puy-en-Velay;45.04;3.88;11/09/2026;02:00;11.9;0;SOLEIL;1;3.6;0
Le Puy-en-Velay;45.04;3.88;11/09/2026;03:00;11.9;0;SOLEIL;1;2.9;0
Le Puy-en-Velay;45.04;3.88;11/09/2026;04:00;11.9;0;SOLEIL;1;3.6;0
Le Puy-en-Velay;45.04;3.88;11/09/2026;05:00;11.1;0;SOLEIL;2;5.8;0
Le Puy-en-Velay;45.04;3.88;11/09/2026;06:00;11.1;0;SOLEIL;2;6.1;0
Le Puy-en-Velay;45.04;3.88;11/09/2026;07:00;11.1;0;SOLEIL;2;5.8;0
Le Puy-en-Velay;45.04;3.88;11/09/2026;08:00;17.6;0;SOLEIL;2;6.1;0
Le Puy-en-Velay;45.04;3.88;11/09/2026;09:00;17.6;0;SOLEIL;2;7.6;0
Le Puy-en-Velay;45.04;3.88;11/09/2026;10:00;17.6;0;SOLEIL;2;9.0;0
Le Puy-en-Velay;45.04;3.88;11/09/2026;11:00;21.1;0;SOLEIL;3;16.9;0
Le Puy-en-Velay;45.04;3.88;11/09/2026;12:00;21.1;0;SOLEIL;3;23.0;0
Le Puy-en-Velay;45.04;3.88;11/09/2026;13:00;21.1;0;SOLEIL;3;32.0;0
Le Puy-en-Velay;45.04;3.88;11/09/2026;14:00;21.2;0;SOLEIL;4;37.1;0
Le Puy-en-Velay;45.04;3.88;11/09/2026;15:00;21.2;0;SOLEIL;4;40.3;0
Le Puy-en-Velay;45.04;3.88;11/09/2026;16:00;21.2;0;SOLEIL;4;41.8;0
Le Puy-en-Velay;45.04;3.88;11/09/2026;17:00;19.2;0;SOLEIL;3;41.8;0
Le Puy-en-Velay;45.04;3.88;11/09/2026;18:00;19.2;0;SOLEIL;3;40.7;0
Le Puy-en-Velay;45.04;3.88;11/09/2026;19:00;19.2;0;SOLEIL;3;38.2;0
Le Puy-en-Velay;45.04;3.88;11/09/2026;20:00;15.9;0;SOLEIL;5;33.8;0
Le Puy-en-Velay;45.04;3.88;11/09/2026;21:00;14.6;0;SOLEIL;5;26.6;0
Le Puy-en-Velay;45.04;3.88;11/09/2026;22:00;13.3;0;SOLEIL;5;18.0;0
Le Puy-en-Velay;45.04;3.88;11/09/2026;23:00;14.1;0;SOLEIL;2;11.2;0
Le Puy-en-Velay;45.04;3.88;12/09/2026;00:00;14.1;0;SOLEIL;2;7.9;0
Le Puy-en-Velay;45.04;3.88;12/09/2026;01:00;14.1;0;SOLEIL;2;6.5;0
Le Puy-en-Velay;45.04;3.88;12/09/2026;02:00;11.5;0;SOLEIL;5;5.8;0
Le Puy-en-Velay;45.04;3.88;12/09/2026;03:00;11.5;0;SOLEIL;5;5.4;0
Le Puy-en-Velay;45.04;3.88;12/09/2026;04:00;11.5;0;SOLEIL;5;5.8;0
Le Puy-en-Velay;45.04;3.88;12/09/2026;05:00;12.6;0;SOLEIL;2;5.8;0
Le Puy-en-Velay;45.04;3.88;12/09/2026;06:00;12.6;0;SOLEIL;2;5.0;0
Le Puy-en-Velay;45.04;3.88;12/09/2026;07:00;12.6;0;SOLEIL;2;4.0;0
Le Puy-en-Velay;45.04;3.88;12/09/2026;08:00;14.4;0;SOLEIL;5;5.0;0
Le Puy-en-Velay;45.04;3.88;12/09/2026;09:00;15.9;0;SOLEIL;5;9.7;0
Le Puy-en-Velay;45.04;3.88;12/09/2026;10:00;17.3;0;SOLEIL;5;16.6;0
Le Puy-en-Velay;45.04;3.88;12/09/2026;11:00;23;0;SOLEIL;3;23.0;0
Le Puy-en-Velay;45.04;3.88;12/09/2026;12:00;23;0;SOLEIL;3;29.2;0
Le Puy-en-Velay;45.04;3.88;12/09/2026;13:00;23;0;SOLEIL;3;35.3;0
Le Puy-en-Velay;45.04;3.88;12/09/2026;14:00;23.1;0;SOLEIL;5;39.6;0
Le Puy-en-Velay;45.04;3.88;12/09/2026;15:00;24.6;0;SOLEIL;5;41.0;0
Le Puy-en-Velay;45.04;3.88;12/09/2026;16:00;23.1;0;SOLEIL;5;40.7;0
Le Puy-en-Velay;45.04;3.88;12/09/2026;17:00;20.5;0;SOLEIL;2;39.6;0
Le Puy-en-Velay;45.04;3.88;12/09/2026;18:00;20.5;0;SOLEIL;2;38.5;0
Le Puy-en-Velay;45.04;3.88;12/09/2026;19:00;20.5;0;SOLEIL;2;36.4;0
Le Puy-en-Velay;45.04;3.88;12/09/2026;20:00;17.3;0;SOLEIL;5;32.4;0
Le Puy-en-Velay;45.04;3.88;12/09/2026;21:00;15.9;0;SOLEIL;5;24.5;0
Le Puy-en-Velay;45.04;3.88;12/09/2026;22:00;14.4;0;SOLEIL;5;14.8;0
Le Puy-en-Velay;45.04;3.88;12/09/2026;23:00;14.7;0;SOLEIL;1;7.2;0
Le Puy-en-Velay;45.04;3.88;13/09/2026;00:00;14.7;0;SOLEIL;1;3.6;0
Le Puy-en-Velay;45.04;3.88;13/09/2026;01:00;14.7;0;SOLEIL;1;2.5;0
Le Puy-en-Velay;45.04;3.88;13/09/2026;02:00;13.1;0;SOLEIL;5;1.8;0
Le Puy-en-Velay;45.04;3.88;13/09/2026;03:00;13.1;0;SOLEIL;5;1.8;0
Le Puy-en-Velay;45.04;3.88;13/09/2026;04:00;13.1;0;SOLEIL;5;2.5;0
Le Puy-en-Velay;45.04;3.88;13/09/2026;05:00;14.5;0;SOLEIL;1;3.2;0
Le Puy-en-Velay;45.04;3.88;13/09/2026;06:00;14.5;0;SOLEIL;1;5.8;0
Le Puy-en-Velay;45.04;3.88;13/09/2026;07:00;14.5;0;SOLEIL;1;7.9;0
Le Puy-en-Velay;45.04;3.88;13/09/2026;08:00;15.9;0;SOLEIL;5;10.0;0
Le Puy-en-Velay;45.04;3.88;13/09/2026;09:00;17.4;0;SOLEIL;5;18.4;0
Le Puy-en-Velay;45.04;3.88;13/09/2026;10:00;18.8;0;SOLEIL;5;22.3;0
Le Puy-en-Velay;45.04;3.88;13/09/2026;11:00;24.1;0;SOLEIL;2;26.3;0
Le Puy-en-Velay;45.04;3.88;13/09/2026;12:00;24.1;0;SOLEIL;2;30.6;0
Le Puy-en-Velay;45.04;3.88;13/09/2026;13:00;24.1;0;SOLEIL;2;34.9;0
Le Puy-en-Velay;45.04;3.88;13/09/2026;14:00;24.5;0;SOLEIL;5;37.8;0
Le Puy-en-Velay;45.04;3.88;13/09/2026;15:00;25.9;0;SOLEIL;5;38.9;0
Le Puy-en-Velay;45.04;3.88;13/09/2026;16:00;24.5;0;SOLEIL;5;38.2;0
Le Puy-en-Velay;45.04;3.88;13/09/2026;17:00;21.5;0;SOLEIL;2;37.1;0
Le Puy-en-Velay;45.04;3.88;13/09/2026;18:00;21.5;0;SOLEIL;2;35.6;0
Le Puy-en-Velay;45.04;3.88;13/09/2026;19:00;21.5;0;SOLEIL;2;33.5;0
Le Puy-en-Velay;45.04;3.88;13/09/2026;20:00;18.8;0;SOLEIL;5;29.9;0
Le Puy-en-Velay;45.04;3.88;13/09/2026;21:00;17.4;0;SOLEIL;5;23.8;0
Le Puy-en-Velay;45.04;3.88;13/09/2026;22:00;15.9;0;SOLEIL;5;15.8;0
Le Puy-en-Velay;45.04;3.88;13/09/2026;23:00;15.9;0;SOLEIL;1;10.4;0
Ambert;45.55;3.74;09/09/2026;00:00;18.6;6;AVERSES;2;5.4;0.1
Ambert;45.55;3.74;09/09/2026;01:00;18.5;6;AVERSES;1;6.8;0.1
Ambert;45.55;3.74;09/09/2026;02:00;18.4;6;AVERSES;1;6.1;0.1
Ambert;45.55;3.74;09/09/2026;03:00;17.5;6;AVERSES;1;6.8;0.1
Ambert;45.55;3.74;09/09/2026;04:00;16.1;6;AVERSES;2;6.5;0.2
Ambert;45.55;3.74;09/09/2026;05:00;15.2;6;AVERSES;2;5.4;2.4
Ambert;45.55;3.74;09/09/2026;06:00;14.1;6;AVERSES;2;11.9;3.2
Ambert;45.55;3.74;09/09/2026;07:00;13.2;6;AVERSES;3;20.5;0.4
Ambert;45.55;3.74;09/09/2026;08:00;13.4;6;AVERSES;3;12.2;0.1
Ambert;45.55;3.74;09/09/2026;09:00;14.1;6;AVERSES;3;23.8;0.1
Ambert;45.55;3.74;09/09/2026;10:00;14.7;6;AVERSES;3;23.4;0.2
Ambert;45.55;3.74;09/09/2026;11:00;14.6;6;AVERSES;3;23.8;0.1
Ambert;45.55;3.74;09/09/2026;12:00;15.1;6;AVERSES;3;24.8;0.1
Ambert;45.55;3.74;09/09/2026;13:00;14.9;2;NUAGEUX;3;24.5;0
Ambert;45.55;3.74;09/09/2026;14:00;14.5;2;NUAGEUX;3;24.1;0
Ambert;45.55;3.74;09/09/2026;15:00;16.6;2;NUAGEUX;3;28.4;0
Ambert;45.55;3.74;09/09/2026;16:00;16.6;2;NUAGEUX;4;28.1;0
Ambert;45.55;3.74;09/09/2026;17:00;16.2;2;NUAGEUX;4;31.0;0
Ambert;45.55;3.74;09/09/2026;18:00;14.9;2;NUAGEUX;4;35.6;0
Ambert;45.55;3.74;09/09/2026;19:00;14.1;2;NUAGEUX;3;35.3;0
Ambert;45.55;3.74;09/09/2026;20:00;13.7;0;SOLEIL;3;29.2;0
Ambert;45.55;3.74;09/09/2026;21:00;13.1;0;SOLEIL;2;22.7;0
Ambert;45.55;3.74;09/09/2026;22:00;12.6;0;SOLEIL;2;11.9;0
Ambert;45.55;3.74;09/09/2026;23:00;12.4;0;SOLEIL;2;10.8;0
Ambert;45.55;3.74;10/09/2026;00:00;11.5;0;SOLEIL;2;11.5;0
Ambert;45.55;3.74;10/09/2026;01:00;11.5;0;SOLEIL;2;10.8;0
Ambert;45.55;3.74;10/09/2026;02:00;10.1;0;SOLEIL;4;10.8;0
Ambert;45.55;3.74;10/09/2026;03:00;10.1;0;SOLEIL;4;10.1;0
Ambert;45.55;3.74;10/09/2026;04:00;10.1;0;SOLEIL;4;8.6;0
Ambert;45.55;3.74;10/09/2026;05:00;8.7;0;SOLEIL;3;7.6;0
Ambert;45.55;3.74;10/09/2026;06:00;8.7;0;SOLEIL;3;7.2;0
Ambert;45.55;3.74;10/09/2026;07:00;8.7;0;SOLEIL;3;5.4;0
Ambert;45.55;3.74;10/09/2026;08:00;15.1;0;SOLEIL;5;5.4;0
Ambert;45.55;3.74;10/09/2026;09:00;15.1;0;SOLEIL;5;4.3;0
Ambert;45.55;3.74;10/09/2026;10:00;15.1;0;SOLEIL;5;5.8;0
Ambert;45.55;3.74;10/09/2026;11:00;19.1;0;SOLEIL;5;25.9;0
Ambert;45.55;3.74;10/09/2026;12:00;19.1;0;SOLEIL;5;41.8;0
Ambert;45.55;3.74;10/09/2026;13:00;19.1;0;SOLEIL;5;42.5;0
Ambert;45.55;3.74;10/09/2026;14:00;20.1;0;SOLEIL;5;42.3;0
Ambert;45.55;3.74;10/09/2026;15:00;20.1;0;SOLEIL;5;41.0;0
Ambert;45.55;3.74;10/09/2026;16:00;20.1;0;SOLEIL;5;38.9;0
Ambert;45.55;3.74;10/09/2026;17:00;17.4;0;SOLEIL;3;36.7;0
Ambert;45.55;3.74;10/09/2026;18:00;17.4;0;SOLEIL;3;35.3;0
Ambert;45.55;3.74;10/09/2026;19:00;17.4;0;SOLEIL;3;33.8;0
Ambert;45.55;3.74;10/09/2026;20:00;12.4;0;SOLEIL;2;29.5;0
Ambert;45.55;3.74;10/09/2026;21:00;12.4;0;SOLEIL;2;19.8;0
Ambert;45.55;3.74;10/09/2026;22:00;12.4;0;SOLEIL;2;11.5;0
Ambert;45.55;3.74;10/09/2026;23:00;9.2;0;SOLEIL;1;10.8;0
Ambert;45.55;3.74;11/09/2026;00:00;9.2;0;SOLEIL;1;10.8;0
Ambert;45.55;3.74;11/09/2026;01:00;9.2;0;SOLEIL;1;9.0;0
Ambert;45.55;3.74;11/09/2026;02:00;7.6;0;SOLEIL;0;7.6;0
Ambert;45.55;3.74;11/09/2026;03:00;7.6;0;SOLEIL;0;7.6;0
Ambert;45.55;3.74;11/09/2026;04:00;7.6;0;SOLEIL;0;6.8;0
Ambert;45.55;3.74;11/09/2026;05:00;8.1;0;SOLEIL;1;6.5;0
Ambert;45.55;3.74;11/09/2026;06:00;8.1;0;SOLEIL;1;6.5;0
Ambert;45.55;3.74;11/09/2026;07:00;8.1;0;SOLEIL;1;5.8;0
Ambert;45.55;3.74;11/09/2026;08:00;15.2;0;SOLEIL;2;6.1;0
Ambert;45.55;3.74;11/09/2026;09:00;15.2;0;SOLEIL;2;5.4;0
Ambert;45.55;3.74;11/09/2026;10:00;15.2;0;SOLEIL;2;5.4;0
Ambert;45.55;3.74;11/09/2026;11:00;20.7;0;SOLEIL;3;11.2;0
Ambert;45.55;3.74;11/09/2026;12:00;20.7;0;SOLEIL;3;22.0;0
Ambert;45.55;3.74;11/09/2026;13:00;20.7;0;SOLEIL;3;29.5;0
Ambert;45.55;3.74;11/09/2026;14:00;21.9;0;SOLEIL;4;32.8;0
Ambert;45.55;3.74;11/09/2026;15:00;21.9;0;SOLEIL;4;35.3;0
Ambert;45.55;3.74;11/09/2026;16:00;21.9;0;SOLEIL;4;36.0;0
Ambert;45.55;3.74;11/09/2026;17:00;18.4;0;SOLEIL;4;35.6;0
Ambert;45.55;3.74;11/09/2026;18:00;18.4;0;SOLEIL;4;35.6;0
Ambert;45.55;3.74;11/09/2026;19:00;18.4;0;SOLEIL;4;34.9;0
Ambert;45.55;3.74;11/09/2026;20:00;14.2;0;SOLEIL;5;32.4;0
Ambert;45.55;3.74;11/09/2026;21:00;12.4;0;SOLEIL;5;26.3;0
Ambert;45.55;3.74;11/09/2026;22:00;10.6;0;SOLEIL;5;18.7;0
Ambert;45.55;3.74;11/09/2026;23:00;12.2;0;SOLEIL;2;12.6;0
Ambert;45.55;3.74;12/09/2026;00:00;12.2;0;SOLEIL;2;10.1;0
Ambert;45.55;3.74;12/09/2026;01:00;12.2;0;SOLEIL;2;9.4;0
Ambert;45.55;3.74;12/09/2026;02:00;9.6;0;SOLEIL;5;9.0;0
Ambert;45.55;3.74;12/09/2026;03:00;9.6;0;SOLEIL;5;8.6;0
Ambert;45.55;3.74;12/09/2026;04:00;9.6;0;SOLEIL;5;9.0;0
Ambert;45.55;3.74;12/09/2026;05:00;10.6;0;SOLEIL;2;9.0;0
Ambert;45.55;3.74;12/09/2026;06:00;10.6;0;SOLEIL;2;7.6;0
Ambert;45.55;3.74;12/09/2026;07:00;10.6;0;SOLEIL;2;6.1;0
Ambert;45.55;3.74;12/09/2026;08:00;13.0;0;SOLEIL;5;7.2;0
Ambert;45.55;3.74;12/09/2026;09:00;14.7;0;SOLEIL;5;13.0;0
Ambert;45.55;3.74;12/09/2026;10:00;16.4;0;SOLEIL;5;21.6;0
Ambert;45.55;3.74;12/09/2026;11:00;22.6;0;SOLEIL;4;28.8;0
Ambert;45.55;3.74;12/09/2026;12:00;22.6;0;SOLEIL;4;33.5;0
Ambert;45.55;3.74;12/09/2026;13:00;22.6;0;SOLEIL;4;36.4;0
Ambert;45.55;3.74;12/09/2026;14:00;23.3;0;SOLEIL;5;38.5;0
Ambert;45.55;3.74;12/09/2026;15:00;25.0;0;SOLEIL;5;39.2;0
Ambert;45.55;3.74;12/09/2026;16:00;23.3;0;SOLEIL;5;38.9;0
Ambert;45.55;3.74;12/09/2026;17:00;20.9;0;SOLEIL;3;37.8;0
Ambert;45.55;3.74;12/09/2026;18:00;20.9;0;SOLEIL;3;36.0;0
Ambert;45.55;3.74;12/09/2026;19:00;20.9;0;SOLEIL;3;33.8;0
Ambert;45.55;3.74;12/09/2026;20:00;16.4;0;SOLEIL;5;29.9;0
Ambert;45.55;3.74;12/09/2026;21:00;14.7;0;SOLEIL;5;23.4;0
Ambert;45.55;3.74;12/09/2026;22:00;13.0;0;SOLEIL;5;15.5;0
Ambert;45.55;3.74;12/09/2026;23:00;13;0;SOLEIL;0;9.7;0
Ambert;45.55;3.74;13/09/2026;00:00;13;0;SOLEIL;0;7.9;0
Ambert;45.55;3.74;13/09/2026;01:00;13;0;SOLEIL;0;8.3;0
Ambert;45.55;3.74;13/09/2026;02:00;8.1;0;SOLEIL;5;8.3;0
Ambert;45.55;3.74;13/09/2026;03:00;8.1;0;SOLEIL;5;7.2;0
Ambert;45.55;3.74;13/09/2026;04:00;8.1;0;SOLEIL;5;6.1;0
Ambert;45.55;3.74;13/09/2026;05:00;9.1;0;SOLEIL;1;5.4;0
Ambert;45.55;3.74;13/09/2026;06:00;9.1;0;SOLEIL;1;6.7;0
Ambert;45.55;3.74;13/09/2026;07:00;9.1;0;SOLEIL;1;7.9;0
Ambert;45.55;3.74;13/09/2026;08:00;12.3;0;SOLEIL;5;9.5;0
Ambert;45.55;3.74;13/09/2026;09:00;14.4;0;SOLEIL;5;17.3;0
Ambert;45.55;3.74;13/09/2026;10:00;16.5;0;SOLEIL;5;23.4;0
Ambert;45.55;3.74;13/09/2026;11:00;24.1;0;SOLEIL;3;28.8;0
Ambert;45.55;3.74;13/09/2026;12:00;24.1;0;SOLEIL;3;32.4;0
Ambert;45.55;3.74;13/09/2026;13:00;24.1;0;SOLEIL;3;35.3;0
Ambert;45.55;3.74;13/09/2026;14:00;25.0;0;SOLEIL;5;37.1;0
Ambert;45.55;3.74;13/09/2026;15:00;27.1;0;SOLEIL;5;37.1;0
Ambert;45.55;3.74;13/09/2026;16:00;25.0;0;SOLEIL;5;35.6;0
Ambert;45.55;3.74;13/09/2026;17:00;22.2;0;SOLEIL;2;34.2;0
Ambert;45.55;3.74;13/09/2026;18:00;22.2;0;SOLEIL;2;33.1;0
Ambert;45.55;3.74;13/09/2026;19:00;22.2;0;SOLEIL;2;31.7;0
Ambert;45.55;3.74;13/09/2026;20:00;16.5;0;SOLEIL;5;29.2;0
Ambert;45.55;3.74;13/09/2026;21:00;14.4;0;SOLEIL;5;24.5;0
Ambert;45.55;3.74;13/09/2026;22:00;12.3;0;SOLEIL;5;19.1;0
Ambert;45.55;3.74;13/09/2026;23:00;14.2;0;SOLEIL;1;14.8;0
Clermont-Ferrand;45.78;3.08;09/09/2026;00:00;18.4;2;NUAGEUX;2;4.3;0
Clermont-Ferrand;45.78;3.08;09/09/2026;01:00;17.1;6;AVERSES;4;5.8;0.1
Clermont-Ferrand;45.78;3.08;09/09/2026;02:00;14.6;6;AVERSES;4;6.8;0.7
Clermont-Ferrand;45.78;3.08;09/09/2026;03:00;13.9;6;AVERSES;3;8.6;3.3
Clermont-Ferrand;45.78;3.08;09/09/2026;04:00;12.1;6;AVERSES;4;33.5;1.6
Clermont-Ferrand;45.78;3.08;09/09/2026;05:00;11.5;6;AVERSES;4;21.2;0.4
Clermont-Ferrand;45.78;3.08;09/09/2026;06:00;12.4;6;AVERSES;3;18.7;0.1
Clermont-Ferrand;45.78;3.08;09/09/2026;07:00;12.1;2;NUAGEUX;4;18.0;0
Clermont-Ferrand;45.78;3.08;09/09/2026;08:00;12.7;6;AVERSES;4;25.9;0.2
Clermont-Ferrand;45.78;3.08;09/09/2026;09:00;13.7;2;NUAGEUX;4;25.2;0
Clermont-Ferrand;45.78;3.08;09/09/2026;10:00;14;2;NUAGEUX;4;28.8;0
Clermont-Ferrand;45.78;3.08;09/09/2026;11:00;15.2;2;NUAGEUX;5;29.2;0
Clermont-Ferrand;45.78;3.08;09/09/2026;12:00;17;2;NUAGEUX;5;31.7;0
Clermont-Ferrand;45.78;3.08;09/09/2026;13:00;17.2;2;NUAGEUX;5;33.1;0
Clermont-Ferrand;45.78;3.08;09/09/2026;14:00;17.5;2;NUAGEUX;5;33.5;0
Clermont-Ferrand;45.78;3.08;09/09/2026;15:00;17.7;0;SOLEIL;5;36.4;0
Clermont-Ferrand;45.78;3.08;09/09/2026;16:00;17.7;0;SOLEIL;5;36.7;0
Clermont-Ferrand;45.78;3.08;09/09/2026;17:00;17;0;SOLEIL;5;35.3;0
Clermont-Ferrand;45.78;3.08;09/09/2026;18:00;15.6;0;SOLEIL;4;36.7;0
Clermont-Ferrand;45.78;3.08;09/09/2026;19:00;14;0;SOLEIL;3;36.7;0
Clermont-Ferrand;45.78;3.08;09/09/2026;20:00;13.6;0;SOLEIL;3;28.4;0
Clermont-Ferrand;45.78;3.08;09/09/2026;21:00;12.6;0;SOLEIL;3;18.4;0
Clermont-Ferrand;45.78;3.08;09/09/2026;22:00;12.1;0;SOLEIL;2;7.9;0
Clermont-Ferrand;45.78;3.08;09/09/2026;23:00;11.2;0;SOLEIL;2;6.5;0
Clermont-Ferrand;45.78;3.08;10/09/2026;00:00;10.6;0;SOLEIL;3;6.1;0
Clermont-Ferrand;45.78;3.08;10/09/2026;01:00;10.6;0;SOLEIL;3;6.5;0
Clermont-Ferrand;45.78;3.08;10/09/2026;02:00;8.7;0;SOLEIL;2;7.2;0
Clermont-Ferrand;45.78;3.08;10/09/2026;03:00;8.7;0;SOLEIL;2;4.0;0
Clermont-Ferrand;45.78;3.08;10/09/2026;04:00;8.7;0;SOLEIL;2;3.6;0
Clermont-Ferrand;45.78;3.08;10/09/2026;05:00;7.6;0;SOLEIL;2;4.3;0
Clermont-Ferrand;45.78;3.08;10/09/2026;06:00;7.6;0;SOLEIL;2;3.6;0
Clermont-Ferrand;45.78;3.08;10/09/2026;07:00;7.6;0;SOLEIL;2;6.1;0
Clermont-Ferrand;45.78;3.08;10/09/2026;08:00;15.7;0;SOLEIL;3;4.3;0
Clermont-Ferrand;45.78;3.08;10/09/2026;09:00;15.7;0;SOLEIL;3;5.8;0
Clermont-Ferrand;45.78;3.08;10/09/2026;10:00;15.7;0;SOLEIL;3;6.5;0
Clermont-Ferrand;45.78;3.08;10/09/2026;11:00;20.4;0;SOLEIL;3;29.5;0
Clermont-Ferrand;45.78;3.08;10/09/2026;12:00;20.4;0;SOLEIL;3;32.8;0
Clermont-Ferrand;45.78;3.08;10/09/2026;13:00;20.4;0;SOLEIL;3;36.2;0
Clermont-Ferrand;45.78;3.08;10/09/2026;14:00;21;0;SOLEIL;3;37.5;0
Clermont-Ferrand;45.78;3.08;10/09/2026;15:00;21;0;SOLEIL;3;36.4;0
Clermont-Ferrand;45.78;3.08;10/09/2026;16:00;21;0;SOLEIL;3;35.3;0
Clermont-Ferrand;45.78;3.08;10/09/2026;17:00;16.9;0;SOLEIL;2;34.9;0
Clermont-Ferrand;45.78;3.08;10/09/2026;18:00;16.9;0;SOLEIL;2;34.6;0
Clermont-Ferrand;45.78;3.08;10/09/2026;19:00;16.9;0;SOLEIL;2;32.4;0
Clermont-Ferrand;45.78;3.08;10/09/2026;20:00;11.6;0;SOLEIL;1;28.8;0
Clermont-Ferrand;45.78;3.08;10/09/2026;21:00;11.6;0;SOLEIL;1;23.0;0
Clermont-Ferrand;45.78;3.08;10/09/2026;22:00;11.6;0;SOLEIL;1;16.9;0
Clermont-Ferrand;45.78;3.08;10/09/2026;23:00;7.4;0;SOLEIL;2;14.0;0
Clermont-Ferrand;45.78;3.08;11/09/2026;00:00;7.4;0;SOLEIL;2;8.6;0
Clermont-Ferrand;45.78;3.08;11/09/2026;01:00;7.4;0;SOLEIL;2;7.9;0
Clermont-Ferrand;45.78;3.08;11/09/2026;02:00;5;0;SOLEIL;2;7.2;0
Clermont-Ferrand;45.78;3.08;11/09/2026;03:00;5;0;SOLEIL;2;7.9;0
Clermont-Ferrand;45.78;3.08;11/09/2026;04:00;5;0;SOLEIL;2;9.0;0
Clermont-Ferrand;45.78;3.08;11/09/2026;05:00;5.7;0;SOLEIL;1;7.9;0
Clermont-Ferrand;45.78;3.08;11/09/2026;06:00;5.7;0;SOLEIL;1;8.3;0
Clermont-Ferrand;45.78;3.08;11/09/2026;07:00;5.7;0;SOLEIL;1;8.6;0
Clermont-Ferrand;45.78;3.08;11/09/2026;08:00;15.5;0;SOLEIL;2;9.7;0
Clermont-Ferrand;45.78;3.08;11/09/2026;09:00;15.5;0;SOLEIL;2;10.4;0
Clermont-Ferrand;45.78;3.08;11/09/2026;10:00;15.5;0;SOLEIL;2;14.0;0
Clermont-Ferrand;45.78;3.08;11/09/2026;11:00;20.4;0;SOLEIL;3;23.0;0
Clermont-Ferrand;45.78;3.08;11/09/2026;12:00;20.4;0;SOLEIL;3;31.3;0
Clermont-Ferrand;45.78;3.08;11/09/2026;13:00;20.4;0;SOLEIL;3;30.6;0
Clermont-Ferrand;45.78;3.08;11/09/2026;14:00;22.1;0;SOLEIL;4;33.1;0
Clermont-Ferrand;45.78;3.08;11/09/2026;15:00;22.1;0;SOLEIL;4;34.9;0
Clermont-Ferrand;45.78;3.08;11/09/2026;16:00;22.1;0;SOLEIL;4;35.6;0
Clermont-Ferrand;45.78;3.08;11/09/2026;17:00;17.4;0;SOLEIL;2;36.0;0
Clermont-Ferrand;45.78;3.08;11/09/2026;18:00;17.4;0;SOLEIL;2;36.0;0
Clermont-Ferrand;45.78;3.08;11/09/2026;19:00;17.4;0;SOLEIL;2;35.6;0
Clermont-Ferrand;45.78;3.08;11/09/2026;20:00;12.5;0;SOLEIL;5;33.8;0
Clermont-Ferrand;45.78;3.08;11/09/2026;21:00;10.5;0;SOLEIL;5;30.2;0
Clermont-Ferrand;45.78;3.08;11/09/2026;22:00;8.5;0;SOLEIL;5;25.2;0
Clermont-Ferrand;45.78;3.08;11/09/2026;23:00;10.5;0;SOLEIL;1;21.6;0
Clermont-Ferrand;45.78;3.08;12/09/2026;00:00;10.5;0;SOLEIL;1;20.2;0
Clermont-Ferrand;45.78;3.08;12/09/2026;01:00;10.5;0;SOLEIL;1;20.2;0
Clermont-Ferrand;45.78;3.08;12/09/2026;02:00;7.9;0;SOLEIL;5;20.2;0
Clermont-Ferrand;45.78;3.08;12/09/2026;03:00;7.9;0;SOLEIL;5;20.5;0
Clermont-Ferrand;45.78;3.08;12/09/2026;04:00;7.9;0;SOLEIL;5;21.6;0
Clermont-Ferrand;45.78;3.08;12/09/2026;05:00;8.7;0;SOLEIL;0;22.0;0
Clermont-Ferrand;45.78;3.08;12/09/2026;06:00;8.7;0;SOLEIL;0;21.6;0
Clermont-Ferrand;45.78;3.08;12/09/2026;07:00;8.7;0;SOLEIL;0;21.2;0
Clermont-Ferrand;45.78;3.08;12/09/2026;08:00;11.7;0;SOLEIL;5;21.2;0
Clermont-Ferrand;45.78;3.08;12/09/2026;09:00;13.6;0;SOLEIL;5;22.7;0
Clermont-Ferrand;45.78;3.08;12/09/2026;10:00;15.5;0;SOLEIL;5;25.2;0
Clermont-Ferrand;45.78;3.08;12/09/2026;11:00;23.1;0;SOLEIL;2;27.4;0
Clermont-Ferrand;45.78;3.08;12/09/2026;12:00;23.1;0;SOLEIL;2;29.5;0
Clermont-Ferrand;45.78;3.08;12/09/2026;13:00;23.1;0;SOLEIL;2;32.0;0
Clermont-Ferrand;45.78;3.08;12/09/2026;14:00;23.2;0;SOLEIL;5;33.5;0
Clermont-Ferrand;45.78;3.08;12/09/2026;15:00;25.1;0;SOLEIL;5;34.2;0
Clermont-Ferrand;45.78;3.08;12/09/2026;16:00;23.2;0;SOLEIL;5;33.8;0
Clermont-Ferrand;45.78;3.08;12/09/2026;17:00;19.6;0;SOLEIL;1;33.1;0
Clermont-Ferrand;45.78;3.08;12/09/2026;18:00;19.6;0;SOLEIL;1;32.0;0
Clermont-Ferrand;45.78;3.08;12/09/2026;19:00;19.6;0;SOLEIL;1;30.2;0
Clermont-Ferrand;45.78;3.08;12/09/2026;20:00;15.5;0;SOLEIL;5;27.7;0
Clermont-Ferrand;45.78;3.08;12/09/2026;21:00;13.6;0;SOLEIL;5;24.1;0
Clermont-Ferrand;45.78;3.08;12/09/2026;22:00;11.7;0;SOLEIL;5;20.2;0
Clermont-Ferrand;45.78;3.08;12/09/2026;23:00;10.6;0;SOLEIL;0;16.6;0
Clermont-Ferrand;45.78;3.08;13/09/2026;00:00;10.6;0;SOLEIL;0;13.7;0
Clermont-Ferrand;45.78;3.08;13/09/2026;01:00;10.6;0;SOLEIL;0;11.5;0
Clermont-Ferrand;45.78;3.08;13/09/2026;02:00;6.6;0;SOLEIL;5;9.7;0
Clermont-Ferrand;45.78;3.08;13/09/2026;03:00;6.6;0;SOLEIL;5;8.6;0
Clermont-Ferrand;45.78;3.08;13/09/2026;04:00;6.6;0;SOLEIL;5;7.6;0
Clermont-Ferrand;45.78;3.08;13/09/2026;05:00;7.7;0;SOLEIL;0;7.2;0
Clermont-Ferrand;45.78;3.08;13/09/2026;06:00;7.7;0;SOLEIL;0;6.2;0
Clermont-Ferrand;45.78;3.08;13/09/2026;07:00;7.7;0;SOLEIL;0;5.8;0
Clermont-Ferrand;45.78;3.08;13/09/2026;08:00;11.1;0;SOLEIL;5;4.8;0
Clermont-Ferrand;45.78;3.08;13/09/2026;09:00;13.4;0;SOLEIL;5;9.4;0
Clermont-Ferrand;45.78;3.08;13/09/2026;10:00;15.7;0;SOLEIL;5;15.5;0
Clermont-Ferrand;45.78;3.08;13/09/2026;11:00;24.6;0;SOLEIL;2;20.9;0
Clermont-Ferrand;45.78;3.08;13/09/2026;12:00;24.6;0;SOLEIL;2;24.5;0
Clermont-Ferrand;45.78;3.08;13/09/2026;13:00;24.6;0;SOLEIL;2;27.4;0
Clermont-Ferrand;45.78;3.08;13/09/2026;14:00;24.7;0;SOLEIL;5;29.2;0
Clermont-Ferrand;45.78;3.08;13/09/2026;15:00;27.0;0;SOLEIL;5;30.2;0
Clermont-Ferrand;45.78;3.08;13/09/2026;16:00;24.7;0;SOLEIL;5;30.6;0
Clermont-Ferrand;45.78;3.08;13/09/2026;17:00;21.1;0;SOLEIL;1;29.9;0
Clermont-Ferrand;45.78;3.08;13/09/2026;18:00;21.1;0;SOLEIL;1;28.1;0
Clermont-Ferrand;45.78;3.08;13/09/2026;19:00;21.1;0;SOLEIL;1;25.6;0
Clermont-Ferrand;45.78;3.08;13/09/2026;20:00;15.7;0;SOLEIL;5;21.6;0
Clermont-Ferrand;45.78;3.08;13/09/2026;21:00;13.4;0;SOLEIL;5;15.8;0
Clermont-Ferrand;45.78;3.08;13/09/2026;22:00;11.1;0;SOLEIL;5;9.0;0
Clermont-Ferrand;45.78;3.08;13/09/2026;23:00;11.7;0;SOLEIL;0;4.0;0
Vodable;45.5;3.14;09/09/2026;00:00;19.6;6;AVERSES;2;24.1;0.3
Vodable;45.5;3.14;09/09/2026;01:00;17.4;6;AVERSES;3;19.8;1.4
Vodable;45.5;3.14;09/09/2026;02:00;15.5;6;AVERSES;3;27.7;3.6
Vodable;45.5;3.14;09/09/2026;03:00;14.9;6;AVERSES;2;21.2;1.8
Vodable;45.5;3.14;09/09/2026;04:00;14.1;6;AVERSES;2;16.6;0.1
Vodable;45.5;3.14;09/09/2026;05:00;13.9;6;AVERSES;2;17.3;0.1
Vodable;45.5;3.14;09/09/2026;06:00;14.6;6;AVERSES;2;22.7;0.1
Vodable;45.5;3.14;09/09/2026;07:00;15.1;2;NUAGEUX;2;16.9;0
Vodable;45.5;3.14;09/09/2026;08:00;16;2;NUAGEUX;2;18.4;0
Vodable;45.5;3.14;09/09/2026;09:00;17.6;2;NUAGEUX;3;19.4;0
Vodable;45.5;3.14;09/09/2026;10:00;18.6;2;NUAGEUX;3;20.2;0
Vodable;45.5;3.14;09/09/2026;11:00;18.1;2;NUAGEUX;3;20.5;0
Vodable;45.5;3.14;09/09/2026;12:00;18.1;2;NUAGEUX;3;21.6;0
Vodable;45.5;3.14;09/09/2026;13:00;18.1;2;NUAGEUX;3;25.6;0
Vodable;45.5;3.14;09/09/2026;14:00;17.7;2;NUAGEUX;3;27.0;0
Vodable;45.5;3.14;09/09/2026;15:00;19.1;2;NUAGEUX;4;27.4;0
Vodable;45.5;3.14;09/09/2026;16:00;19.6;0;SOLEIL;3;26.6;0
Vodable;45.5;3.14;09/09/2026;17:00;19;0;SOLEIL;3;29.9;0
Vodable;45.5;3.14;09/09/2026;18:00;17.1;0;SOLEIL;3;31.7;0
Vodable;45.5;3.14;09/09/2026;19:00;16.1;0;SOLEIL;3;31.7;0
Vodable;45.5;3.14;09/09/2026;20:00;16.1;0;SOLEIL;2;24.5;0
Vodable;45.5;3.14;09/09/2026;21:00;14.7;0;SOLEIL;3;19.4;0
Vodable;45.5;3.14;09/09/2026;22:00;14.4;0;SOLEIL;3;19.1;0
Vodable;45.5;3.14;09/09/2026;23:00;14.6;2;NUAGEUX;3;17.6;0
Vodable;45.5;3.14;10/09/2026;00:00;14.1;0;SOLEIL;3;17.6;0
Vodable;45.5;3.14;10/09/2026;01:00;14.1;0;SOLEIL;3;16.9;0
Vodable;45.5;3.14;10/09/2026;02:00;12.9;0;SOLEIL;3;18.0;0
Vodable;45.5;3.14;10/09/2026;03:00;12.9;0;SOLEIL;3;11.2;0
Vodable;45.5;3.14;10/09/2026;04:00;12.9;0;SOLEIL;3;4.0;0
Vodable;45.5;3.14;10/09/2026;05:00;11.5;0;SOLEIL;2;7.2;0
Vodable;45.5;3.14;10/09/2026;06:00;11.5;0;SOLEIL;2;7.9;0
Vodable;45.5;3.14;10/09/2026;07:00;11.5;0;SOLEIL;2;5.8;0
Vodable;45.5;3.14;10/09/2026;08:00;18.4;0;SOLEIL;3;5.4;0
Vodable;45.5;3.14;10/09/2026;09:00;18.4;0;SOLEIL;3;4.7;0
Vodable;45.5;3.14;10/09/2026;10:00;18.4;0;SOLEIL;3;10.1;0
Vodable;45.5;3.14;10/09/2026;11:00;21.4;0;SOLEIL;3;15.5;0
Vodable;45.5;3.14;10/09/2026;12:00;21.4;0;SOLEIL;3;29.7;0
Vodable;45.5;3.14;10/09/2026;13:00;21.4;0;SOLEIL;3;37.6;0
Vodable;45.5;3.14;10/09/2026;14:00;22.9;0;SOLEIL;3;39.0;0
Vodable;45.5;3.14;10/09/2026;15:00;22.9;0;SOLEIL;3;40.0;0
Vodable;45.5;3.14;10/09/2026;16:00;22.9;0;SOLEIL;3;39.2;0
Vodable;45.5;3.14;10/09/2026;17:00;19.6;0;SOLEIL;2;38.2;0
Vodable;45.5;3.14;10/09/2026;18:00;19.6;0;SOLEIL;2;37.1;0
Vodable;45.5;3.14;10/09/2026;19:00;19.6;0;SOLEIL;2;34.6;0
Vodable;45.5;3.14;10/09/2026;20:00;15.1;0;SOLEIL;2;29.5;0
Vodable;45.5;3.14;10/09/2026;21:00;15.1;0;SOLEIL;2;20.9;0
Vodable;45.5;3.14;10/09/2026;22:00;15.1;0;SOLEIL;2;20.9;0
Vodable;45.5;3.14;10/09/2026;23:00;12.5;0;SOLEIL;3;20.5;0
Vodable;45.5;3.14;11/09/2026;00:00;12.5;0;SOLEIL;3;21.6;0
Vodable;45.5;3.14;11/09/2026;01:00;12.5;0;SOLEIL;3;22.0;0
Vodable;45.5;3.14;11/09/2026;02:00;10.5;0;SOLEIL;2;21.2;0
Vodable;45.5;3.14;11/09/2026;03:00;10.5;0;SOLEIL;2;20.9;0
Vodable;45.5;3.14;11/09/2026;04:00;10.5;0;SOLEIL;2;21.6;0
Vodable;45.5;3.14;11/09/2026;05:00;11.6;0;SOLEIL;2;20.5;0
Vodable;45.5;3.14;11/09/2026;06:00;11.6;0;SOLEIL;2;19.4;0
Vodable;45.5;3.14;11/09/2026;07:00;11.6;0;SOLEIL;2;18.0;0
Vodable;45.5;3.14;11/09/2026;08:00;19.4;0;SOLEIL;2;17.6;0
Vodable;45.5;3.14;11/09/2026;09:00;19.4;0;SOLEIL;2;14.0;0
Vodable;45.5;3.14;11/09/2026;10:00;19.4;0;SOLEIL;2;10.1;0
Vodable;45.5;3.14;11/09/2026;11:00;22.9;0;SOLEIL;2;13.7;0
Vodable;45.5;3.14;11/09/2026;12:00;22.9;0;SOLEIL;2;14.8;0
Vodable;45.5;3.14;11/09/2026;13:00;22.9;0;SOLEIL;2;22.7;0
Vodable;45.5;3.14;11/09/2026;14:00;22.9;0;SOLEIL;3;23.4;0
Vodable;45.5;3.14;11/09/2026;15:00;22.9;0;SOLEIL;3;26.6;0
Vodable;45.5;3.14;11/09/2026;16:00;22.9;0;SOLEIL;3;30.2;0
Vodable;45.5;3.14;11/09/2026;17:00;20.1;0;SOLEIL;3;32.8;0
Vodable;45.5;3.14;11/09/2026;18:00;20.1;0;SOLEIL;3;35.3;0
Vodable;45.5;3.14;11/09/2026;19:00;20.1;0;SOLEIL;3;37.1;0
Vodable;45.5;3.14;11/09/2026;20:00;16.1;0;SOLEIL;5;36.4;0
Vodable;45.5;3.14;11/09/2026;21:00;14.6;0;SOLEIL;5;30.6;0
Vodable;45.5;3.14;11/09/2026;22:00;13.0;0;SOLEIL;5;22.7;0
Vodable;45.5;3.14;11/09/2026;23:00;15.6;0;SOLEIL;2;16.6;0
Vodable;45.5;3.14;12/09/2026;00:00;15.6;0;SOLEIL;2;15.5;0
Vodable;45.5;3.14;12/09/2026;01:00;15.6;0;SOLEIL;2;16.6;0
Vodable;45.5;3.14;12/09/2026;02:00;11.9;0;SOLEIL;5;17.3;0
Vodable;45.5;3.14;12/09/2026;03:00;11.9;0;SOLEIL;5;17.3;0
Vodable;45.5;3.14;12/09/2026;04:00;11.9;0;SOLEIL;5;16.9;0
Vodable;45.5;3.14;12/09/2026;05:00;13.4;0;SOLEIL;1;16.6;0
Vodable;45.5;3.14;12/09/2026;06:00;13.4;0;SOLEIL;1;15.5;0
Vodable;45.5;3.14;12/09/2026;07:00;13.4;0;SOLEIL;1;14.4;0
Vodable;45.5;3.14;12/09/2026;08:00;14.9;0;SOLEIL;5;14.8;0
Vodable;45.5;3.14;12/09/2026;09:00;16.4;0;SOLEIL;5;17.6;0
Vodable;45.5;3.14;12/09/2026;10:00;17.9;0;SOLEIL;5;21.6;0
Vodable;45.5;3.14;12/09/2026;11:00;23;6;AVERSES;2;25.6;0
Vodable;45.5;3.14;12/09/2026;12:00;23;6;AVERSES;2;29.2;0
Vodable;45.5;3.14;12/09/2026;13:00;23;6;AVERSES;2;32.4;0
Vodable;45.5;3.14;12/09/2026;14:00;24.0;0;SOLEIL;5;34.9;0
Vodable;45.5;3.14;12/09/2026;15:00;25.5;0;SOLEIL;5;36.7;0
Vodable;45.5;3.14;12/09/2026;16:00;24.0;0;SOLEIL;5;37.8;0
Vodable;45.5;3.14;12/09/2026;17:00;21;0;SOLEIL;1;37.4;0
Vodable;45.5;3.14;12/09/2026;18:00;21;0;SOLEIL;1;35.3;0
Vodable;45.5;3.14;12/09/2026;19:00;21;0;SOLEIL;1;32.0;0
Vodable;45.5;3.14;12/09/2026;20:00;17.9;0;SOLEIL;5;28.8;0
Vodable;45.5;3.14;12/09/2026;21:00;16.4;0;SOLEIL;5;25.9;0
Vodable;45.5;3.14;12/09/2026;22:00;14.9;0;SOLEIL;5;23.0;0
Vodable;45.5;3.14;12/09/2026;23:00;14.1;0;SOLEIL;0;21.2;0
Vodable;45.5;3.14;13/09/2026;00:00;14.1;0;SOLEIL;0;20.5;0
Vodable;45.5;3.14;13/09/2026;01:00;14.1;0;SOLEIL;0;20.5;0
Vodable;45.5;3.14;13/09/2026;02:00;11;0;SOLEIL;5;20.5;0
Vodable;45.5;3.14;13/09/2026;03:00;11;0;SOLEIL;5;20.2;0
Vodable;45.5;3.14;13/09/2026;04:00;11;0;SOLEIL;5;19.8;0
Vodable;45.5;3.14;13/09/2026;05:00;12.4;0;SOLEIL;0;19.1;0
Vodable;45.5;3.14;13/09/2026;06:00;12.4;0;SOLEIL;0;17.6;0
Vodable;45.5;3.14;13/09/2026;07:00;12.4;0;SOLEIL;0;16.6;0
Vodable;45.5;3.14;13/09/2026;08:00;14.8;0;SOLEIL;5;15.9;0
Vodable;45.5;3.14;13/09/2026;09:00;16.6;0;SOLEIL;5;16.6;0
Vodable;45.5;3.14;13/09/2026;10:00;18.5;0;SOLEIL;5;16.9;0
Vodable;45.5;3.14;13/09/2026;11:00;25.4;0;SOLEIL;2;18.4;0
Vodable;45.5;3.14;13/09/2026;12:00;25.4;0;SOLEIL;2;22.3;0
Vodable;45.5;3.14;13/09/2026;13:00;25.4;0;SOLEIL;2;27.7;0
Vodable;45.5;3.14;13/09/2026;14:00;26.0;0;SOLEIL;5;31.7;0
Vodable;45.5;3.14;13/09/2026;15:00;27.9;0;SOLEIL;5;32.8;0
Vodable;45.5;3.14;13/09/2026;16:00;26.0;0;SOLEIL;5;32.0;0
Vodable;45.5;3.14;13/09/2026;17:00;22.5;0;SOLEIL;1;31.0;0
Vodable;45.5;3.14;13/09/2026;18:00;22.5;0;SOLEIL;1;29.5;0
Vodable;45.5;3.14;13/09/2026;19:00;22.5;0;SOLEIL;1;27.7;0
Vodable;45.5;3.14;13/09/2026;20:00;18.5;0;SOLEIL;5;25.6;0
Vodable;45.5;3.14;13/09/2026;21:00;16.6;0;SOLEIL;5;22.3;0
Vodable;45.5;3.14;13/09/2026;22:00;14.8;0;SOLEIL;5;18.7;0
Vodable;45.5;3.14;13/09/2026;23:00;15.4;0;SOLEIL;0;15.8;0
Lyon;45.76;4.83;09/09/2026;00:00;17.6;2;NUAGEUX;3;13.7;0
Lyon;45.76;4.83;09/09/2026;01:00;17.1;6;AVERSES;2;20.5;0.1
Lyon;45.76;4.83;09/09/2026;02:00;15.4;6;AVERSES;3;27.4;0.4
Lyon;45.76;4.83;09/09/2026;03:00;13.6;6;AVERSES;3;24.1;2.8
Lyon;45.76;4.83;09/09/2026;04:00;12.1;6;AVERSES;3;30.2;0.1
Lyon;45.76;4.83;09/09/2026;05:00;11.6;6;AVERSES;3;26.6;0.1
Lyon;45.76;4.83;09/09/2026;06:00;12.6;6;AVERSES;3;20.5;0.1
Lyon;45.76;4.83;09/09/2026;07:00;13.1;2;NUAGEUX;3;29.5;0
Lyon;45.76;4.83;09/09/2026;08:00;13.4;2;NUAGEUX;3;32.8;0
Lyon;45.76;4.83;09/09/2026;09:00;13.4;2;NUAGEUX;3;32.0;0
Lyon;45.76;4.83;09/09/2026;10:00;14.5;2;NUAGEUX;3;32.8;0
Lyon;45.76;4.83;09/09/2026;11:00;14.7;2;NUAGEUX;3;28.8;0
Lyon;45.76;4.83;09/09/2026;12:00;16.1;2;NUAGEUX;3;27.7;0
Lyon;45.76;4.83;09/09/2026;13:00;16.5;2;NUAGEUX;3;29.9;0
Lyon;45.76;4.83;09/09/2026;14:00;17;2;NUAGEUX;3;31.7;0
Lyon;45.76;4.83;09/09/2026;15:00;17.6;2;NUAGEUX;4;35.6;0
Lyon;45.76;4.83;09/09/2026;16:00;17.5;0;SOLEIL;4;35.6;0
Lyon;45.76;4.83;09/09/2026;17:00;16;0;SOLEIL;4;39.6;0
Lyon;45.76;4.83;09/09/2026;18:00;14.1;0;SOLEIL;3;40.7;0
Lyon;45.76;4.83;09/09/2026;19:00;13;0;SOLEIL;3;46.1;0
Lyon;45.76;4.83;09/09/2026;20:00;12.9;0;SOLEIL;3;36.4;0
Lyon;45.76;4.83;09/09/2026;21:00;12.5;0;SOLEIL;3;30.2;0
Lyon;45.76;4.83;09/09/2026;22:00;11.7;0;SOLEIL;3;29.5;0
Lyon;45.76;4.83;09/09/2026;23:00;11.1;0;SOLEIL;3;27.0;0
Lyon;45.76;4.83;10/09/2026;00:00;11.1;0;SOLEIL;3;34.6;0
Lyon;45.76;4.83;10/09/2026;01:00;11.1;0;SOLEIL;3;34.2;0
Lyon;45.76;4.83;10/09/2026;02:00;10.6;0;SOLEIL;3;32.8;0
Lyon;45.76;4.83;10/09/2026;03:00;10.6;0;SOLEIL;3;30.6;0
Lyon;45.76;4.83;10/09/2026;04:00;10.6;0;SOLEIL;3;26.6;0
Lyon;45.76;4.83;10/09/2026;05:00;9.5;0;SOLEIL;3;31.3;0
Lyon;45.76;4.83;10/09/2026;06:00;9.5;0;SOLEIL;3;34.9;0
Lyon;45.76;4.83;10/09/2026;07:00;9.5;0;SOLEIL;3;33.1;0
Lyon;45.76;4.83;10/09/2026;08:00;14.2;0;SOLEIL;4;29.2;0
Lyon;45.76;4.83;10/09/2026;09:00;14.2;0;SOLEIL;4;27.4;0
Lyon;45.76;4.83;10/09/2026;10:00;14.2;0;SOLEIL;4;32.0;0
Lyon;45.76;4.83;10/09/2026;11:00;17.9;0;SOLEIL;4;38.2;0
Lyon;45.76;4.83;10/09/2026;12:00;17.9;0;SOLEIL;4;44.4;0
Lyon;45.76;4.83;10/09/2026;13:00;17.9;0;SOLEIL;4;46.4;0
Lyon;45.76;4.83;10/09/2026;14:00;19.6;0;SOLEIL;4;46.8;0
Lyon;45.76;4.83;10/09/2026;15:00;19.6;0;SOLEIL;4;44.6;0
Lyon;45.76;4.83;10/09/2026;16:00;19.6;0;SOLEIL;4;42.8;0
Lyon;45.76;4.83;10/09/2026;17:00;14.5;0;SOLEIL;2;42.1;0
Lyon;45.76;4.83;10/09/2026;18:00;14.5;0;SOLEIL;2;41.0;0
Lyon;45.76;4.83;10/09/2026;19:00;14.5;0;SOLEIL;2;38.5;0
Lyon;45.76;4.83;10/09/2026;20:00;10.9;0;SOLEIL;2;33.8;0
Lyon;45.76;4.83;10/09/2026;21:00;10.9;0;SOLEIL;2;24.5;0
Lyon;45.76;4.83;10/09/2026;22:00;10.9;0;SOLEIL;2;20.5;0
Lyon;45.76;4.83;10/09/2026;23:00;7.2;0;SOLEIL;1;19.4;0
Lyon;45.76;4.83;11/09/2026;00:00;7.2;0;SOLEIL;1;20.5;0
Lyon;45.76;4.83;11/09/2026;01:00;7.2;0;SOLEIL;1;21.6;0
Lyon;45.76;4.83;11/09/2026;02:00;6.9;0;SOLEIL;2;21.6;0
Lyon;45.76;4.83;11/09/2026;03:00;6.9;0;SOLEIL;2;21.2;0
Lyon;45.76;4.83;11/09/2026;04:00;6.9;0;SOLEIL;2;21.2;0
Lyon;45.76;4.83;11/09/2026;05:00;8;0;SOLEIL;2;20.2;0
Lyon;45.76;4.83;11/09/2026;06:00;8;0;SOLEIL;2;19.8;0
Lyon;45.76;4.83;11/09/2026;07:00;8;0;SOLEIL;2;19.4;0
Lyon;45.76;4.83;11/09/2026;08:00;16.5;0;SOLEIL;2;18.7;0
Lyon;45.76;4.83;11/09/2026;09:00;16.5;0;SOLEIL;2;15.5;0
Lyon;45.76;4.83;11/09/2026;10:00;16.5;0;SOLEIL;2;9.0;0
Lyon;45.76;4.83;11/09/2026;11:00;19.5;0;SOLEIL;3;12.2;0
Lyon;45.76;4.83;11/09/2026;12:00;19.5;0;SOLEIL;3;19.1;0
Lyon;45.76;4.83;11/09/2026;13:00;19.5;0;SOLEIL;3;24.1;0
Lyon;45.76;4.83;11/09/2026;14:00;19.6;0;SOLEIL;4;29.5;0
Lyon;45.76;4.83;11/09/2026;15:00;19.6;0;SOLEIL;4;32.0;0
Lyon;45.76;4.83;11/09/2026;16:00;19.6;0;SOLEIL;4;32.8;0
Lyon;45.76;4.83;11/09/2026;17:00;16.9;0;SOLEIL;3;33.8;0
Lyon;45.76;4.83;11/09/2026;18:00;16.9;0;SOLEIL;3;36.4;0
Lyon;45.76;4.83;11/09/2026;19:00;16.9;0;SOLEIL;3;38.9;0
Lyon;45.76;4.83;11/09/2026;20:00;12.6;0;SOLEIL;5;38.5;0
Lyon;45.76;4.83;11/09/2026;21:00;11.1;0;SOLEIL;5;32.4;0
Lyon;45.76;4.83;11/09/2026;22:00;9.5;0;SOLEIL;5;23.0;0
Lyon;45.76;4.83;11/09/2026;23:00;12.4;0;SOLEIL;2;16.2;0
Lyon;45.76;4.83;12/09/2026;00:00;12.4;0;SOLEIL;2;14.8;0
Lyon;45.76;4.83;12/09/2026;01:00;12.4;0;SOLEIL;2;15.5;0
Lyon;45.76;4.83;12/09/2026;02:00;10.5;0;SOLEIL;5;16.2;0
Lyon;45.76;4.83;12/09/2026;03:00;10.5;0;SOLEIL;5;15.8;0
Lyon;45.76;4.83;12/09/2026;04:00;10.5;0;SOLEIL;5;15.1;0
Lyon;45.76;4.83;12/09/2026;05:00;11.4;0;SOLEIL;1;14.8;0
Lyon;45.76;4.83;12/09/2026;06:00;11.4;0;SOLEIL;1;14.4;0
Lyon;45.76;4.83;12/09/2026;07:00;11.4;0;SOLEIL;1;14.0;0
Lyon;45.76;4.83;12/09/2026;08:00;13.4;0;SOLEIL;5;15.5;0
Lyon;45.76;4.83;12/09/2026;09:00;14.8;0;SOLEIL;5;19.8;0
Lyon;45.76;4.83;12/09/2026;10:00;16.3;0;SOLEIL;5;25.2;0
Lyon;45.76;4.83;12/09/2026;11:00;21.4;0;SOLEIL;3;30.2;0
Lyon;45.76;4.83;12/09/2026;12:00;21.4;0;SOLEIL;3;33.5;0
Lyon;45.76;4.83;12/09/2026;13:00;21.4;0;SOLEIL;3;36.0;0
Lyon;45.76;4.83;12/09/2026;14:00;22.1;0;SOLEIL;5;37.8;0
Lyon;45.76;4.83;12/09/2026;15:00;23.5;0;SOLEIL;5;38.9;0
Lyon;45.76;4.83;12/09/2026;16:00;22.1;0;SOLEIL;5;39.6;0
Lyon;45.76;4.83;12/09/2026;17:00;18.6;0;SOLEIL;1;39.2;0
Lyon;45.76;4.83;12/09/2026;18:00;18.6;0;SOLEIL;1;38.2;0
Lyon;45.76;4.83;12/09/2026;19:00;18.6;0;SOLEIL;1;36.0;0
Lyon;45.76;4.83;12/09/2026;20:00;16.3;0;SOLEIL;5;33.1;0
Lyon;45.76;4.83;12/09/2026;21:00;14.8;0;SOLEIL;5;28.8;0
Lyon;45.76;4.83;12/09/2026;22:00;13.4;0;SOLEIL;5;23.4;0
Lyon;45.76;4.83;12/09/2026;23:00;12.1;0;SOLEIL;0;19.4;0
Lyon;45.76;4.83;13/09/2026;00:00;12.1;0;SOLEIL;0;18.4;0
Lyon;45.76;4.83;13/09/2026;01:00;12.1;0;SOLEIL;0;18.4;0
Lyon;45.76;4.83;13/09/2026;02:00;9.2;0;SOLEIL;5;18.7;0
Lyon;45.76;4.83;13/09/2026;03:00;9.2;0;SOLEIL;5;18.4;0
Lyon;45.76;4.83;13/09/2026;04:00;9.2;0;SOLEIL;5;17.6;0
Lyon;45.76;4.83;13/09/2026;05:00;10.2;0;SOLEIL;1;17.3;0
Lyon;45.76;4.83;13/09/2026;06:00;10.2;0;SOLEIL;1;16.5;0
Lyon;45.76;4.83;13/09/2026;07:00;10.2;0;SOLEIL;1;15.8;0
Lyon;45.76;4.83;13/09/2026;08:00;12.8;0;SOLEIL;5;15.4;0
Lyon;45.76;4.83;13/09/2026;09:00;14.7;0;SOLEIL;5;15.1;0
Lyon;45.76;4.83;13/09/2026;10:00;16.5;0;SOLEIL;5;14.8;0
Lyon;45.76;4.83;13/09/2026;11:00;23.5;0;SOLEIL;2;16.2;0
Lyon;45.76;4.83;13/09/2026;12:00;23.5;0;SOLEIL;2;20.9;0
Lyon;45.76;4.83;13/09/2026;13:00;23.5;0;SOLEIL;2;27.0;0
Lyon;45.76;4.83;13/09/2026;14:00;23.8;0;SOLEIL;5;31.7;0
Lyon;45.76;4.83;13/09/2026;15:00;25.6;0;SOLEIL;5;32.8;0
Lyon;45.76;4.83;13/09/2026;16:00;23.8;0;SOLEIL;5;32.4;0
Lyon;45.76;4.83;13/09/2026;17:00;20;0;SOLEIL;1;31.3;0
Lyon;45.76;4.83;13/09/2026;18:00;20;0;SOLEIL;1;29.9;0
Lyon;45.76;4.83;13/09/2026;19:00;20;0;SOLEIL;1;28.1;0
Lyon;45.76;4.83;13/09/2026;20:00;16.5;0;SOLEIL;5;25.6;0
Lyon;45.76;4.83;13/09/2026;21:00;14.7;0;SOLEIL;5;21.6;0
Lyon;45.76;4.83;13/09/2026;22:00;12.8;0;SOLEIL;5;16.9;0
Lyon;45.76;4.83;13/09/2026;23:00;13.1;0;SOLEIL;1;13.7;0
Bonneval-sur-Arc;45.37;7.04;09/09/2026;00:00;13.1;6;AVERSES;1;17.3;1.5
Bonneval-sur-Arc;45.37;7.04;09/09/2026;01:00;13.5;6;AVERSES;2;15.5;0.8
Bonneval-sur-Arc;45.37;7.04;09/09/2026;02:00;12.7;6;AVERSES;2;13.0;0.2
Bonneval-sur-Arc;45.37;7.04;09/09/2026;03:00;11.6;6;AVERSES;2;10.8;0.3
Bonneval-sur-Arc;45.37;7.04;09/09/2026;04:00;12.7;6;AVERSES;1;13.7;0.8
Bonneval-sur-Arc;45.37;7.04;09/09/2026;05:00;12.1;6;AVERSES;2;14.0;1.2
Bonneval-sur-Arc;45.37;7.04;09/09/2026;06:00;11.2;6;AVERSES;2;13.0;0.3
Bonneval-sur-Arc;45.37;7.04;09/09/2026;07:00;11.2;6;AVERSES;2;14.0;0.1
Bonneval-sur-Arc;45.37;7.04;09/09/2026;08:00;11.6;6;AVERSES;2;12.2;0.1
Bonneval-sur-Arc;45.37;7.04;09/09/2026;09:00;11.1;6;AVERSES;2;12.2;0.2
Bonneval-sur-Arc;45.37;7.04;09/09/2026;10:00;12.4;6;AVERSES;3;16.2;0.7
Bonneval-sur-Arc;45.37;7.04;09/09/2026;11:00;13.5;6;AVERSES;3;16.6;0.6
Bonneval-sur-Arc;45.37;7.04;09/09/2026;12:00;13.1;6;AVERSES;2;14.4;1.1
Bonneval-sur-Arc;45.37;7.04;09/09/2026;13:00;12.2;6;AVERSES;3;20.9;0.2
Bonneval-sur-Arc;45.37;7.04;09/09/2026;14:00;12.5;6;AVERSES;2;22.0;0.1
Bonneval-sur-Arc;45.37;7.04;09/09/2026;15:00;11.9;6;AVERSES;2;18.0;0.3
Bonneval-sur-Arc;45.37;7.04;09/09/2026;16:00;11.6;6;AVERSES;2;18.0;0.4
Bonneval-sur-Arc;45.37;7.04;09/09/2026;17:00;10.6;4;COUVERT;2;17.3;0
Bonneval-sur-Arc;45.37;7.04;09/09/2026;18:00;10.2;4;COUVERT;2;10.1;0
Bonneval-sur-Arc;45.37;7.04;09/09/2026;19:00;10.2;2;NUAGEUX;2;13.3;0
Bonneval-sur-Arc;45.37;7.04;09/09/2026;20:00;9.7;2;NUAGEUX;1;14.4;0
Bonneval-sur-Arc;45.37;7.04;09/09/2026;21:00;9.2;2;NUAGEUX;1;13.7;0
Bonneval-sur-Arc;45.37;7.04;09/09/2026;22:00;9.4;2;NUAGEUX;1;12.2;0
Bonneval-sur-Arc;45.37;7.04;09/09/2026;23:00;10;5;SOLEIL VOILÉ;0;5.4;0
Bonneval-sur-Arc;45.37;7.04;10/09/2026;00:00;10.1;3;TRÈS NUAGEUX;0;5.8;0
Bonneval-sur-Arc;45.37;7.04;10/09/2026;01:00;10.1;3;TRÈS NUAGEUX;0;6.1;0
Bonneval-sur-Arc;45.37;7.04;10/09/2026;02:00;10.4;0;SOLEIL;1;6.1;0
Bonneval-sur-Arc;45.37;7.04;10/09/2026;03:00;10.4;0;SOLEIL;1;6.1;0
Bonneval-sur-Arc;45.37;7.04;10/09/2026;04:00;10.4;0;SOLEIL;1;4.7;0
Bonneval-sur-Arc;45.37;7.04;10/09/2026;05:00;10.2;0;SOLEIL;1;5.0;0
Bonneval-sur-Arc;45.37;7.04;10/09/2026;06:00;10.2;0;SOLEIL;1;4.7;0
Bonneval-sur-Arc;45.37;7.04;10/09/2026;07:00;10.2;0;SOLEIL;1;2.9;0
Bonneval-sur-Arc;45.37;7.04;10/09/2026;08:00;14.2;0;SOLEIL;2;3.6;0
Bonneval-sur-Arc;45.37;7.04;10/09/2026;09:00;14.2;0;SOLEIL;2;4.0;0
Bonneval-sur-Arc;45.37;7.04;10/09/2026;10:00;14.2;0;SOLEIL;2;6.1;0
Bonneval-sur-Arc;45.37;7.04;10/09/2026;11:00;18;0;SOLEIL;2;9.7;0
Bonneval-sur-Arc;45.37;7.04;10/09/2026;12:00;18;0;SOLEIL;2;10.3;0
Bonneval-sur-Arc;45.37;7.04;10/09/2026;13:00;18;0;SOLEIL;2;13.0;0
Bonneval-sur-Arc;45.37;7.04;10/09/2026;14:00;17.3;0;SOLEIL;2;15.4;0
Bonneval-sur-Arc;45.37;7.04;10/09/2026;15:00;17.3;0;SOLEIL;2;14.0;0
Bonneval-sur-Arc;45.37;7.04;10/09/2026;16:00;17.3;0;SOLEIL;2;14.4;0
Bonneval-sur-Arc;45.37;7.04;10/09/2026;17:00;12.8;0;SOLEIL;1;19.8;0
Bonneval-sur-Arc;45.37;7.04;10/09/2026;18:00;12.8;0;SOLEIL;1;17.6;0
Bonneval-sur-Arc;45.37;7.04;10/09/2026;19:00;12.8;0;SOLEIL;1;12.2;0
Bonneval-sur-Arc;45.37;7.04;10/09/2026;20:00;11.1;0;SOLEIL;1;8.3;0
Bonneval-sur-Arc;45.37;7.04;10/09/2026;21:00;11.1;0;SOLEIL;1;5.0;0
Bonneval-sur-Arc;45.37;7.04;10/09/2026;22:00;11.1;0;SOLEIL;1;4.7;0
Bonneval-sur-Arc;45.37;7.04;10/09/2026;23:00;10;3;TRÈS NUAGEUX;0;6.8;0
Bonneval-sur-Arc;45.37;7.04;11/09/2026;00:00;10;3;TRÈS NUAGEUX;0;9.7;0
Bonneval-sur-Arc;45.37;7.04;11/09/2026;01:00;10;3;TRÈS NUAGEUX;0;9.4;0
Bonneval-sur-Arc;45.37;7.04;11/09/2026;02:00;8.8;0;SOLEIL;1;6.8;0
Bonneval-sur-Arc;45.37;7.04;11/09/2026;03:00;8.8;0;SOLEIL;1;11.2;0
Bonneval-sur-Arc;45.37;7.04;11/09/2026;04:00;8.8;0;SOLEIL;1;11.9;0
Bonneval-sur-Arc;45.37;7.04;11/09/2026;05:00;7.2;0;SOLEIL;1;10.8;0
Bonneval-sur-Arc;45.37;7.04;11/09/2026;06:00;7.2;0;SOLEIL;1;12.6;0
Bonneval-sur-Arc;45.37;7.04;11/09/2026;07:00;7.2;0;SOLEIL;1;14.0;0
Bonneval-sur-Arc;45.37;7.04;11/09/2026;08:00;13.5;0;SOLEIL;2;13.7;0
Bonneval-sur-Arc;45.37;7.04;11/09/2026;09:00;13.5;0;SOLEIL;2;16.2;0
Bonneval-sur-Arc;45.37;7.04;11/09/2026;10:00;13.5;0;SOLEIL;2;17.6;0
Bonneval-sur-Arc;45.37;7.04;11/09/2026;11:00;18.9;0;SOLEIL;3;19.8;0
Bonneval-sur-Arc;45.37;7.04;11/09/2026;12:00;18.9;0;SOLEIL;3;20.2;0
Bonneval-sur-Arc;45.37;7.04;11/09/2026;13:00;18.9;0;SOLEIL;3;20.9;0
Bonneval-sur-Arc;45.37;7.04;11/09/2026;14:00;17.6;0;SOLEIL;3;22.3;0
Bonneval-sur-Arc;45.37;7.04;11/09/2026;15:00;17.6;0;SOLEIL;3;23.0;0
Bonneval-sur-Arc;45.37;7.04;11/09/2026;16:00;17.6;0;SOLEIL;3;23.8;0
Bonneval-sur-Arc;45.37;7.04;11/09/2026;17:00;13;0;SOLEIL;2;24.5;0
Bonneval-sur-Arc;45.37;7.04;11/09/2026;18:00;13;0;SOLEIL;2;25.2;0
Bonneval-sur-Arc;45.37;7.04;11/09/2026;19:00;13;0;SOLEIL;2;25.6;0
Bonneval-sur-Arc;45.37;7.04;11/09/2026;20:00;12.5;0;SOLEIL;5;25.2;0
Bonneval-sur-Arc;45.37;7.04;11/09/2026;21:00;11.0;0;SOLEIL;5;23.0;0
Bonneval-sur-Arc;45.37;7.04;11/09/2026;22:00;9.6;0;SOLEIL;5;20.2;0
Bonneval-sur-Arc;45.37;7.04;11/09/2026;23:00;9.4;0;SOLEIL;1;17.3;0
Bonneval-sur-Arc;45.37;7.04;12/09/2026;00:00;9.4;0;SOLEIL;1;14.8;0
Bonneval-sur-Arc;45.37;7.04;12/09/2026;01:00;9.4;0;SOLEIL;1;12.6;0
Bonneval-sur-Arc;45.37;7.04;12/09/2026;02:00;5.4;0;SOLEIL;5;11.2;0
Bonneval-sur-Arc;45.37;7.04;12/09/2026;03:00;5.4;0;SOLEIL;5;11.5;0
Bonneval-sur-Arc;45.37;7.04;12/09/2026;04:00;5.4;0;SOLEIL;5;12.6;0
Bonneval-sur-Arc;45.37;7.04;12/09/2026;05:00;6.1;0;SOLEIL;0;13.3;0
Bonneval-sur-Arc;45.37;7.04;12/09/2026;06:00;6.1;0;SOLEIL;0;13.0;0
Bonneval-sur-Arc;45.37;7.04;12/09/2026;07:00;6.1;0;SOLEIL;0;12.6;0
Bonneval-sur-Arc;45.37;7.04;12/09/2026;08:00;8.1;0;SOLEIL;5;12.2;0
Bonneval-sur-Arc;45.37;7.04;12/09/2026;09:00;9.4;0;SOLEIL;5;12.2;0
Bonneval-sur-Arc;45.37;7.04;12/09/2026;10:00;10.7;0;SOLEIL;5;12.6;0
Bonneval-sur-Arc;45.37;7.04;12/09/2026;11:00;16.7;0;SOLEIL;2;13.3;0
Bonneval-sur-Arc;45.37;7.04;12/09/2026;12:00;16.7;0;SOLEIL;2;14.0;0
Bonneval-sur-Arc;45.37;7.04;12/09/2026;13:00;16.7;0;SOLEIL;2;15.1;0
Bonneval-sur-Arc;45.37;7.04;12/09/2026;14:00;16.1;0;SOLEIL;5;16.6;0
Bonneval-sur-Arc;45.37;7.04;12/09/2026;15:00;17.4;0;SOLEIL;5;19.8;0
Bonneval-sur-Arc;45.37;7.04;12/09/2026;16:00;16.1;0;SOLEIL;5;23.4;0
Bonneval-sur-Arc;45.37;7.04;12/09/2026;17:00;10.9;0;SOLEIL;1;25.9;0
Bonneval-sur-Arc;45.37;7.04;12/09/2026;18:00;10.9;0;SOLEIL;1;25.9;0
Bonneval-sur-Arc;45.37;7.04;12/09/2026;19:00;10.9;0;SOLEIL;1;24.5;0
Bonneval-sur-Arc;45.37;7.04;12/09/2026;20:00;10.7;0;SOLEIL;5;22.7;0
Bonneval-sur-Arc;45.37;7.04;12/09/2026;21:00;9.4;0;SOLEIL;5;20.9;0
Bonneval-sur-Arc;45.37;7.04;12/09/2026;22:00;8.1;0;SOLEIL;5;18.4;0
Bonneval-sur-Arc;45.37;7.04;12/09/2026;23:00;8.5;0;SOLEIL;0;16.6;0
Bonneval-sur-Arc;45.37;7.04;13/09/2026;00:00;8.5;0;SOLEIL;0;15.5;0
Bonneval-sur-Arc;45.37;7.04;13/09/2026;01:00;8.5;0;SOLEIL;0;15.1;0
Bonneval-sur-Arc;45.37;7.04;13/09/2026;02:00;6;0;SOLEIL;5;14.4;0
Bonneval-sur-Arc;45.37;7.04;13/09/2026;03:00;6;0;SOLEIL;5;12.6;0
Bonneval-sur-Arc;45.37;7.04;13/09/2026;04:00;6;0;SOLEIL;5;10.4;0
Bonneval-sur-Arc;45.37;7.04;13/09/2026;05:00;6.7;0;SOLEIL;0;9.4;0
Bonneval-sur-Arc;45.37;7.04;13/09/2026;06:00;6.7;0;SOLEIL;0;13.2;0
Bonneval-sur-Arc;45.37;7.04;13/09/2026;07:00;6.7;0;SOLEIL;0;17.8;0
Bonneval-sur-Arc;45.37;7.04;13/09/2026;08:00;9.0;0;SOLEIL;5;21.2;0
Bonneval-sur-Arc;45.37;7.04;13/09/2026;09:00;10.5;0;SOLEIL;5;25.6;0
Bonneval-sur-Arc;45.37;7.04;13/09/2026;10:00;12.0;0;SOLEIL;5;25.6;0
Bonneval-sur-Arc;45.37;7.04;13/09/2026;11:00;18.8;0;SOLEIL;2;25.6;0
Bonneval-sur-Arc;45.37;7.04;13/09/2026;12:00;18.8;0;SOLEIL;2;25.2;0
Bonneval-sur-Arc;45.37;7.04;13/09/2026;13:00;18.8;0;SOLEIL;2;24.5;0
Bonneval-sur-Arc;45.37;7.04;13/09/2026;14:00;17.9;0;SOLEIL;5;24.1;0
Bonneval-sur-Arc;45.37;7.04;13/09/2026;15:00;19.4;0;SOLEIL;5;24.8;0
Bonneval-sur-Arc;45.37;7.04;13/09/2026;16:00;17.9;0;SOLEIL;5;26.3;0
Bonneval-sur-Arc;45.37;7.04;13/09/2026;17:00;12.5;0;SOLEIL;1;26.6;0
Bonneval-sur-Arc;45.37;7.04;13/09/2026;18:00;12.5;0;SOLEIL;1;25.2;0
Bonneval-sur-Arc;45.37;7.04;13/09/2026;19:00;12.5;0;SOLEIL;1;22.7;0
Bonneval-sur-Arc;45.37;7.04;13/09/2026;20:00;12.0;0;SOLEIL;5;20.5;0
Bonneval-sur-Arc;45.37;7.04;13/09/2026;21:00;10.5;0;SOLEIL;5;18.4;0
Bonneval-sur-Arc;45.37;7.04;13/09/2026;22:00;9.0;0;SOLEIL;5;16.6;0
Bonneval-sur-Arc;45.37;7.04;13/09/2026;23:00;9.4;0;SOLEIL;0;15.5;0
Chambéry;45.56;5.91;09/09/2026;00:00;19.6;10;ORAGEUX;3;24.8;3
Chambéry;45.56;5.91;09/09/2026;01:00;19.6;6;AVERSES;4;11.2;3.5
Chambéry;45.56;5.91;09/09/2026;02:00;18.6;6;AVERSES;4;7.9;2.5
Chambéry;45.56;5.91;09/09/2026;03:00;18.7;6;AVERSES;5;8.3;0.8
Chambéry;45.56;5.91;09/09/2026;04:00;19.6;6;AVERSES;5;9.7;0.3
Chambéry;45.56;5.91;09/09/2026;05:00;19.2;6;AVERSES;5;9.0;0.3
Chambéry;45.56;5.91;09/09/2026;06:00;17.7;6;AVERSES;3;11.5;1.7
Chambéry;45.56;5.91;09/09/2026;07:00;15.7;7;PLUIE FAIBLE;4;34.9;4.5
Chambéry;45.56;5.91;09/09/2026;08:00;14.4;7;PLUIE FAIBLE;4;35.6;4.6
Chambéry;45.56;5.91;09/09/2026;09:00;14.1;7;PLUIE FAIBLE;4;36.0;3.3
Chambéry;45.56;5.91;09/09/2026;10:00;13.9;6;AVERSES;4;35.6;0.9
Chambéry;45.56;5.91;09/09/2026;11:00;13.4;6;AVERSES;4;33.1;0.6
Chambéry;45.56;5.91;09/09/2026;12:00;15.1;6;AVERSES;4;24.8;0.2
Chambéry;45.56;5.91;09/09/2026;13:00;15.4;6;AVERSES;4;23.8;0.1
Chambéry;45.56;5.91;09/09/2026;14:00;15.6;6;AVERSES;3;19.1;0.1
Chambéry;45.56;5.91;09/09/2026;15:00;15.6;6;AVERSES;3;21.2;0.1
Chambéry;45.56;5.91;09/09/2026;16:00;15.2;6;AVERSES;3;21.6;0.1
Chambéry;45.56;5.91;09/09/2026;17:00;15.4;6;AVERSES;3;21.6;0.1
Chambéry;45.56;5.91;09/09/2026;18:00;14.7;6;AVERSES;3;17.3;0.1
Chambéry;45.56;5.91;09/09/2026;19:00;14.4;2;NUAGEUX;2;15.1;0
Chambéry;45.56;5.91;09/09/2026;20:00;14.6;2;NUAGEUX;2;10.4;0
Chambéry;45.56;5.91;09/09/2026;21:00;14.6;5;SOLEIL VOILÉ;2;9.7;0
Chambéry;45.56;5.91;09/09/2026;22:00;13.9;0;SOLEIL;2;11.9;0
Chambéry;45.56;5.91;09/09/2026;23:00;13.7;0;SOLEIL;2;19.1;0
Chambéry;45.56;5.91;10/09/2026;00:00;13;0;SOLEIL;2;19.8;0
Chambéry;45.56;5.91;10/09/2026;01:00;13;0;SOLEIL;2;18.4;0
Chambéry;45.56;5.91;10/09/2026;02:00;12.2;0;SOLEIL;2;16.2;0
Chambéry;45.56;5.91;10/09/2026;03:00;12.2;0;SOLEIL;2;13.7;0
Chambéry;45.56;5.91;10/09/2026;04:00;12.2;0;SOLEIL;2;13.0;0
Chambéry;45.56;5.91;10/09/2026;05:00;12.1;0;SOLEIL;2;13.0;0
Chambéry;45.56;5.91;10/09/2026;06:00;12.1;0;SOLEIL;2;13.0;0
Chambéry;45.56;5.91;10/09/2026;07:00;12.1;0;SOLEIL;2;13.7;0
Chambéry;45.56;5.91;10/09/2026;08:00;15.5;0;SOLEIL;3;14.8;0
Chambéry;45.56;5.91;10/09/2026;09:00;15.5;0;SOLEIL;3;13.3;0
Chambéry;45.56;5.91;10/09/2026;10:00;15.5;0;SOLEIL;3;21.2;0
Chambéry;45.56;5.91;10/09/2026;11:00;18.2;0;SOLEIL;3;32.8;0
Chambéry;45.56;5.91;10/09/2026;12:00;18.2;0;SOLEIL;3;34.6;0
Chambéry;45.56;5.91;10/09/2026;13:00;18.2;0;SOLEIL;3;32.4;0
Chambéry;45.56;5.91;10/09/2026;14:00;19.4;0;SOLEIL;3;28.9;0
Chambéry;45.56;5.91;10/09/2026;15:00;19.4;0;SOLEIL;3;27.0;0
Chambéry;45.56;5.91;10/09/2026;16:00;19.4;0;SOLEIL;3;27.0;0
Chambéry;45.56;5.91;10/09/2026;17:00;16.6;0;SOLEIL;2;26.3;0
Chambéry;45.56;5.91;10/09/2026;18:00;16.6;0;SOLEIL;2;25.2;0
Chambéry;45.56;5.91;10/09/2026;19:00;16.6;0;SOLEIL;2;25.2;0
Chambéry;45.56;5.91;10/09/2026;20:00;13.9;0;SOLEIL;1;19.4;0
Chambéry;45.56;5.91;10/09/2026;21:00;13.9;0;SOLEIL;1;12.6;0
Chambéry;45.56;5.91;10/09/2026;22:00;13.9;0;SOLEIL;1;10.1;0
Chambéry;45.56;5.91;10/09/2026;23:00;12.4;0;SOLEIL;0;10.1;0
Chambéry;45.56;5.91;11/09/2026;00:00;12.4;0;SOLEIL;0;10.1;0
Chambéry;45.56;5.91;11/09/2026;01:00;12.4;0;SOLEIL;0;7.6;0
Chambéry;45.56;5.91;11/09/2026;02:00;11.4;0;SOLEIL;0;6.5;0
Chambéry;45.56;5.91;11/09/2026;03:00;11.4;0;SOLEIL;0;5.0;0
Chambéry;45.56;5.91;11/09/2026;04:00;11.4;0;SOLEIL;0;5.0;0
Chambéry;45.56;5.91;11/09/2026;05:00;12.1;0;SOLEIL;0;5.8;0
Chambéry;45.56;5.91;11/09/2026;06:00;12.1;0;SOLEIL;0;6.5;0
Chambéry;45.56;5.91;11/09/2026;07:00;12.1;0;SOLEIL;0;9.0;0
Chambéry;45.56;5.91;11/09/2026;08:00;17.1;0;SOLEIL;2;9.7;0
Chambéry;45.56;5.91;11/09/2026;09:00;17.1;0;SOLEIL;2;9.4;0
Chambéry;45.56;5.91;11/09/2026;10:00;17.1;0;SOLEIL;2;12.6;0
Chambéry;45.56;5.91;11/09/2026;11:00;20.7;0;SOLEIL;3;14.0;0
Chambéry;45.56;5.91;11/09/2026;12:00;20.7;0;SOLEIL;3;16.9;0
Chambéry;45.56;5.91;11/09/2026;13:00;20.7;0;SOLEIL;3;21.6;0
Chambéry;45.56;5.91;11/09/2026;14:00;21.5;0;SOLEIL;2;23.8;0
Chambéry;45.56;5.91;11/09/2026;15:00;21.5;0;SOLEIL;2;24.5;0
Chambéry;45.56;5.91;11/09/2026;16:00;21.5;0;SOLEIL;2;23.8;0
Chambéry;45.56;5.91;11/09/2026;17:00;18.2;0;SOLEIL;2;23.0;0
Chambéry;45.56;5.91;11/09/2026;18:00;18.2;0;SOLEIL;2;22.7;0
Chambéry;45.56;5.91;11/09/2026;19:00;18.2;0;SOLEIL;2;22.0;0
Chambéry;45.56;5.91;11/09/2026;20:00;15.8;0;SOLEIL;5;20.5;0
Chambéry;45.56;5.91;11/09/2026;21:00;14.5;0;SOLEIL;5;18.0;0
Chambéry;45.56;5.91;11/09/2026;22:00;13.2;0;SOLEIL;5;14.8;0
Chambéry;45.56;5.91;11/09/2026;23:00;12.6;0;SOLEIL;0;12.2;0
Chambéry;45.56;5.91;12/09/2026;00:00;12.6;0;SOLEIL;0;10.4;0
Chambéry;45.56;5.91;12/09/2026;01:00;12.6;0;SOLEIL;0;9.4;0
Chambéry;45.56;5.91;12/09/2026;02:00;9.7;0;SOLEIL;5;8.3;0
Chambéry;45.56;5.91;12/09/2026;03:00;9.7;0;SOLEIL;5;7.2;0
Chambéry;45.56;5.91;12/09/2026;04:00;9.7;0;SOLEIL;5;6.5;0
Chambéry;45.56;5.91;12/09/2026;05:00;10.9;0;SOLEIL;0;6.1;0
Chambéry;45.56;5.91;12/09/2026;06:00;10.9;0;SOLEIL;0;6.1;0
Chambéry;45.56;5.91;12/09/2026;07:00;10.9;0;SOLEIL;0;6.1;0
Chambéry;45.56;5.91;12/09/2026;08:00;12.8;0;SOLEIL;5;7.2;0
Chambéry;45.56;5.91;12/09/2026;09:00;14.4;0;SOLEIL;5;9.0;0
Chambéry;45.56;5.91;12/09/2026;10:00;15.9;0;SOLEIL;5;11.9;0
Chambéry;45.56;5.91;12/09/2026;11:00;21.1;0;SOLEIL;3;14.8;0
Chambéry;45.56;5.91;12/09/2026;12:00;21.1;0;SOLEIL;3;18.0;0
Chambéry;45.56;5.91;12/09/2026;13:00;21.1;0;SOLEIL;3;21.6;0
Chambéry;45.56;5.91;12/09/2026;14:00;22.1;0;SOLEIL;5;24.5;0
Chambéry;45.56;5.91;12/09/2026;15:00;23.7;0;SOLEIL;5;27.4;0
Chambéry;45.56;5.91;12/09/2026;16:00;22.1;0;SOLEIL;5;29.5;0
Chambéry;45.56;5.91;12/09/2026;17:00;18.4;0;SOLEIL;0;29.9;0
Chambéry;45.56;5.91;12/09/2026;18:00;18.4;0;SOLEIL;0;27.0;0
Chambéry;45.56;5.91;12/09/2026;19:00;18.4;0;SOLEIL;0;22.0;0
Chambéry;45.56;5.91;12/09/2026;20:00;15.9;0;SOLEIL;5;17.3;0
Chambéry;45.56;5.91;12/09/2026;21:00;14.4;0;SOLEIL;5;13.7;0
Chambéry;45.56;5.91;12/09/2026;22:00;12.8;0;SOLEIL;5;10.8;0
Chambéry;45.56;5.91;12/09/2026;23:00;12.7;0;SOLEIL;0;8.3;0
Chambéry;45.56;5.91;13/09/2026;00:00;12.7;0;SOLEIL;0;6.5;0
Chambéry;45.56;5.91;13/09/2026;01:00;12.7;0;SOLEIL;0;5.4;0
Chambéry;45.56;5.91;13/09/2026;02:00;10.1;0;SOLEIL;5;4.3;0
Chambéry;45.56;5.91;13/09/2026;03:00;10.1;0;SOLEIL;5;3.6;0
Chambéry;45.56;5.91;13/09/2026;04:00;10.1;0;SOLEIL;5;3.2;0
Chambéry;45.56;5.91;13/09/2026;05:00;11.2;0;SOLEIL;1;3.2;0
Chambéry;45.56;5.91;13/09/2026;06:00;11.2;0;SOLEIL;1;3.7;0
Chambéry;45.56;5.91;13/09/2026;07:00;11.2;0;SOLEIL;1;4.3;0
Chambéry;45.56;5.91;13/09/2026;08:00;13.3;0;SOLEIL;5;4.5;0
Chambéry;45.56;5.91;13/09/2026;09:00;14.9;0;SOLEIL;5;6.8;0
Chambéry;45.56;5.91;13/09/2026;10:00;16.5;0;SOLEIL;5;10.4;0
Chambéry;45.56;5.91;13/09/2026;11:00;22.5;0;SOLEIL;2;13.3;0
Chambéry;45.56;5.91;13/09/2026;12:00;22.5;0;SOLEIL;2;15.1;0
Chambéry;45.56;5.91;13/09/2026;13:00;22.5;0;SOLEIL;2;16.2;0
Chambéry;45.56;5.91;13/09/2026;14:00;23.0;0;SOLEIL;5;16.9;0
Chambéry;45.56;5.91;13/09/2026;15:00;24.6;0;SOLEIL;5;17.3;0
Chambéry;45.56;5.91;13/09/2026;16:00;23.0;0;SOLEIL;5;16.9;0
Chambéry;45.56;5.91;13/09/2026;17:00;19.5;0;SOLEIL;0;15.8;0
Chambéry;45.56;5.91;13/09/2026;18:00;19.5;0;SOLEIL;0;13.3;0
Chambéry;45.56;5.91;13/09/2026;19:00;19.5;0;SOLEIL;0;9.7;0
Chambéry;45.56;5.91;13/09/2026;20:00;16.5;0;SOLEIL;5;7.2;0
Chambéry;45.56;5.91;13/09/2026;21:00;14.9;0;SOLEIL;5;6.1;0
Chambéry;45.56;5.91;13/09/2026;22:00;13.3;0;SOLEIL;5;5.4;0
Chambéry;45.56;5.91;13/09/2026;23:00;14.1;0;SOLEIL;0;5.4;0
Moûtiers;45.48;6.53;09/09/2026;00:00;17.7;6;AVERSES;2;21.6;5.5
Moûtiers;45.48;6.53;09/09/2026;01:00;16.2;6;AVERSES;2;13.7;1.3
Moûtiers;45.48;6.53;09/09/2026;02:00;16.1;6;AVERSES;1;8.6;3.5
Moûtiers;45.48;6.53;09/09/2026;03:00;16.7;7;PLUIE FAIBLE;1;10.4;4.5
Moûtiers;45.48;6.53;09/09/2026;04:00;17.2;6;AVERSES;2;6.8;2.3
Moûtiers;45.48;6.53;09/09/2026;05:00;17.4;6;AVERSES;1;9.4;0.8
Moûtiers;45.48;6.53;09/09/2026;06:00;17.2;6;AVERSES;0;9.4;0.3
Moûtiers;45.48;6.53;09/09/2026;07:00;16.5;6;AVERSES;0;6.5;0.5
Moûtiers;45.48;6.53;09/09/2026;08:00;16;6;AVERSES;2;5.8;0.9
Moûtiers;45.48;6.53;09/09/2026;09:00;17;6;AVERSES;2;5.4;1.8
Moûtiers;45.48;6.53;09/09/2026;10:00;16.1;6;AVERSES;3;4.7;1.2
Moûtiers;45.48;6.53;09/09/2026;11:00;17.1;6;AVERSES;3;11.9;0.8
Moûtiers;45.48;6.53;09/09/2026;12:00;18.4;6;AVERSES;3;18.4;0.4
Moûtiers;45.48;6.53;09/09/2026;13:00;18.4;6;AVERSES;4;17.6;0.3
Moûtiers;45.48;6.53;09/09/2026;14:00;17.5;6;AVERSES;3;15.1;0.3
Moûtiers;45.48;6.53;09/09/2026;15:00;17.4;6;AVERSES;4;15.8;0.1
Moûtiers;45.48;6.53;09/09/2026;16:00;17;6;AVERSES;3;8.3;0.1
Moûtiers;45.48;6.53;09/09/2026;17:00;14.4;6;AVERSES;3;5.4;0.1
Moûtiers;45.48;6.53;09/09/2026;18:00;14.5;6;AVERSES;2;4.3;0.1
Moûtiers;45.48;6.53;09/09/2026;19:00;13.1;6;AVERSES;1;4.0;0.1
Moûtiers;45.48;6.53;09/09/2026;20:00;13.9;6;AVERSES;0;5.0;0.1
Moûtiers;45.48;6.53;09/09/2026;21:00;14.4;6;AVERSES;0;5.8;0.1
Moûtiers;45.48;6.53;09/09/2026;22:00;13.7;2;NUAGEUX;0;5.4;0
Moûtiers;45.48;6.53;09/09/2026;23:00;13.4;2;NUAGEUX;0;5.0;0
Moûtiers;45.48;6.53;10/09/2026;00:00;13.7;0;SOLEIL;0;4.0;0
Moûtiers;45.48;6.53;10/09/2026;01:00;13.7;0;SOLEIL;0;1.8;0
Moûtiers;45.48;6.53;10/09/2026;02:00;12;0;SOLEIL;0;2.2;0
Moûtiers;45.48;6.53;10/09/2026;03:00;12;0;SOLEIL;0;2.2;0
Moûtiers;45.48;6.53;10/09/2026;04:00;12;0;SOLEIL;0;1.8;0
Moûtiers;45.48;6.53;10/09/2026;05:00;11.7;0;SOLEIL;0;1.8;0
Moûtiers;45.48;6.53;10/09/2026;06:00;11.7;0;SOLEIL;0;1.4;0
Moûtiers;45.48;6.53;10/09/2026;07:00;11.7;0;SOLEIL;0;1.4;0
Moûtiers;45.48;6.53;10/09/2026;08:00;17.2;0;SOLEIL;0;1.4;0
Moûtiers;45.48;6.53;10/09/2026;09:00;17.2;0;SOLEIL;0;4.0;0
Moûtiers;45.48;6.53;10/09/2026;10:00;17.2;0;SOLEIL;0;5.0;0
Moûtiers;45.48;6.53;10/09/2026;11:00;22.6;0;SOLEIL;2;7.2;0
Moûtiers;45.48;6.53;10/09/2026;12:00;22.6;0;SOLEIL;2;11.5;0
Moûtiers;45.48;6.53;10/09/2026;13:00;22.6;0;SOLEIL;2;16.4;0
Moûtiers;45.48;6.53;10/09/2026;14:00;22.9;0;SOLEIL;0;19.2;0
Moûtiers;45.48;6.53;10/09/2026;15:00;22.9;0;SOLEIL;0;20.5;0
Moûtiers;45.48;6.53;10/09/2026;16:00;22.9;0;SOLEIL;0;22.0;0
Moûtiers;45.48;6.53;10/09/2026;17:00;17.4;0;SOLEIL;0;21.6;0
Moûtiers;45.48;6.53;10/09/2026;18:00;17.4;0;SOLEIL;0;18.4;0
Moûtiers;45.48;6.53;10/09/2026;19:00;17.4;0;SOLEIL;0;15.8;0
Moûtiers;45.48;6.53;10/09/2026;20:00;14.6;0;SOLEIL;0;12.6;0
Moûtiers;45.48;6.53;10/09/2026;21:00;14.6;0;SOLEIL;0;9.7;0
Moûtiers;45.48;6.53;10/09/2026;22:00;14.6;0;SOLEIL;0;5.0;0
Moûtiers;45.48;6.53;10/09/2026;23:00;12.7;0;SOLEIL;0;3.2;0
Moûtiers;45.48;6.53;11/09/2026;00:00;12.7;0;SOLEIL;0;5.0;0
Moûtiers;45.48;6.53;11/09/2026;01:00;12.7;0;SOLEIL;0;5.4;0
Moûtiers;45.48;6.53;11/09/2026;02:00;11.1;0;SOLEIL;0;6.5;0
Moûtiers;45.48;6.53;11/09/2026;03:00;11.1;0;SOLEIL;0;5.8;0
Moûtiers;45.48;6.53;11/09/2026;04:00;11.1;0;SOLEIL;0;5.4;0
Moûtiers;45.48;6.53;11/09/2026;05:00;10.5;0;SOLEIL;0;3.2;0
Moûtiers;45.48;6.53;11/09/2026;06:00;10.5;0;SOLEIL;0;2.9;0
Moûtiers;45.48;6.53;11/09/2026;07:00;10.5;0;SOLEIL;0;1.8;0
Moûtiers;45.48;6.53;11/09/2026;08:00;15.9;0;SOLEIL;0;8.6;0
Moûtiers;45.48;6.53;11/09/2026;09:00;15.9;0;SOLEIL;0;10.1;0
Moûtiers;45.48;6.53;11/09/2026;10:00;15.9;0;SOLEIL;0;11.9;0
Moûtiers;45.48;6.53;11/09/2026;11:00;22.5;0;SOLEIL;1;13.3;0
Moûtiers;45.48;6.53;11/09/2026;12:00;22.5;0;SOLEIL;1;15.8;0
Moûtiers;45.48;6.53;11/09/2026;13:00;22.5;0;SOLEIL;1;19.8;0
Moûtiers;45.48;6.53;11/09/2026;14:00;23.1;0;SOLEIL;1;22.3;0
Moûtiers;45.48;6.53;11/09/2026;15:00;23.1;0;SOLEIL;1;24.1;0
Moûtiers;45.48;6.53;11/09/2026;16:00;23.1;0;SOLEIL;1;25.2;0
Moûtiers;45.48;6.53;11/09/2026;17:00;18.1;0;SOLEIL;1;24.8;0
Moûtiers;45.48;6.53;11/09/2026;18:00;18.1;0;SOLEIL;1;22.7;0
Moûtiers;45.48;6.53;11/09/2026;19:00;18.1;0;SOLEIL;1;19.1;0
Moûtiers;45.48;6.53;11/09/2026;20:00;16.3;0;SOLEIL;5;15.1;0
Moûtiers;45.48;6.53;11/09/2026;21:00;14.7;0;SOLEIL;5;10.4;0
Moûtiers;45.48;6.53;11/09/2026;22:00;13.2;0;SOLEIL;5;5.8;0
Moûtiers;45.48;6.53;11/09/2026;23:00;13;0;SOLEIL;0;2.5;0
Moûtiers;45.48;6.53;12/09/2026;00:00;13;0;SOLEIL;0;2.2;0
Moûtiers;45.48;6.53;12/09/2026;01:00;13;0;SOLEIL;0;3.2;0
Moûtiers;45.48;6.53;12/09/2026;02:00;9.7;0;SOLEIL;5;4.0;0
Moûtiers;45.48;6.53;12/09/2026;03:00;9.7;0;SOLEIL;5;4.0;0
Moûtiers;45.48;6.53;12/09/2026;04:00;9.7;0;SOLEIL;5;4.0;0
Moûtiers;45.48;6.53;12/09/2026;05:00;10.5;0;SOLEIL;1;4.0;0
Moûtiers;45.48;6.53;12/09/2026;06:00;10.5;0;SOLEIL;1;4.3;0
Moûtiers;45.48;6.53;12/09/2026;07:00;10.5;0;SOLEIL;1;4.7;0
Moûtiers;45.48;6.53;12/09/2026;08:00;13.0;0;SOLEIL;5;5.0;0
Moûtiers;45.48;6.53;12/09/2026;09:00;14.7;0;SOLEIL;5;5.4;0
Moûtiers;45.48;6.53;12/09/2026;10:00;16.3;0;SOLEIL;5;5.8;0
Moûtiers;45.48;6.53;12/09/2026;11:00;23.1;0;SOLEIL;2;7.9;0
Moûtiers;45.48;6.53;12/09/2026;12:00;23.1;0;SOLEIL;2;13.0;0
Moûtiers;45.48;6.53;12/09/2026;13:00;23.1;0;SOLEIL;2;19.8;0
Moûtiers;45.48;6.53;12/09/2026;14:00;22.9;0;SOLEIL;5;24.5;0
Moûtiers;45.48;6.53;12/09/2026;15:00;24.6;0;SOLEIL;5;25.6;0
Moûtiers;45.48;6.53;12/09/2026;16:00;22.9;0;SOLEIL;5;24.5;0
Moûtiers;45.48;6.53;12/09/2026;17:00;19.1;0;SOLEIL;1;22.7;0
Moûtiers;45.48;6.53;12/09/2026;18:00;19.1;0;SOLEIL;1;19.8;0
Moûtiers;45.48;6.53;12/09/2026;19:00;19.1;0;SOLEIL;1;15.8;0
Moûtiers;45.48;6.53;12/09/2026;20:00;16.3;0;SOLEIL;5;12.2;0
Moûtiers;45.48;6.53;12/09/2026;21:00;14.7;0;SOLEIL;5;9.7;0
Moûtiers;45.48;6.53;12/09/2026;22:00;13.0;0;SOLEIL;5;7.6;0
Moûtiers;45.48;6.53;12/09/2026;23:00;13.6;0;SOLEIL;0;5.8;0
Moûtiers;45.48;6.53;13/09/2026;00:00;13.6;0;SOLEIL;0;4.7;0
Moûtiers;45.48;6.53;13/09/2026;01:00;13.6;0;SOLEIL;0;4.0;0
Moûtiers;45.48;6.53;13/09/2026;02:00;10.6;0;SOLEIL;5;3.6;0
Moûtiers;45.48;6.53;13/09/2026;03:00;10.6;0;SOLEIL;5;3.6;0
Moûtiers;45.48;6.53;13/09/2026;04:00;10.6;0;SOLEIL;5;3.6;0
Moûtiers;45.48;6.53;13/09/2026;05:00;11.6;0;SOLEIL;1;4.0;0
Moûtiers;45.48;6.53;13/09/2026;06:00;11.6;0;SOLEIL;1;6.5;0
Moûtiers;45.48;6.53;13/09/2026;07:00;11.6;0;SOLEIL;1;9.4;0
Moûtiers;45.48;6.53;13/09/2026;08:00;13.8;0;SOLEIL;5;12.3;0
Moûtiers;45.48;6.53;13/09/2026;09:00;15.4;0;SOLEIL;5;15.1;0
Moûtiers;45.48;6.53;13/09/2026;10:00;17.0;0;SOLEIL;5;17.3;0
Moûtiers;45.48;6.53;13/09/2026;11:00;23;0;SOLEIL;2;19.1;0
Moûtiers;45.48;6.53;13/09/2026;12:00;23;0;SOLEIL;2;20.9;0
Moûtiers;45.48;6.53;13/09/2026;13:00;23;0;SOLEIL;2;22.3;0
Moûtiers;45.48;6.53;13/09/2026;14:00;23.4;0;SOLEIL;5;23.4;0
Moûtiers;45.48;6.53;13/09/2026;15:00;25.0;0;SOLEIL;5;24.1;0
Moûtiers;45.48;6.53;13/09/2026;16:00;23.4;0;SOLEIL;5;24.1;0
Moûtiers;45.48;6.53;13/09/2026;17:00;21.1;0;SOLEIL;1;23.0;0
Moûtiers;45.48;6.53;13/09/2026;18:00;21.1;0;SOLEIL;1;20.5;0
Moûtiers;45.48;6.53;13/09/2026;19:00;21.1;0;SOLEIL;1;16.6;0
Moûtiers;45.48;6.53;13/09/2026;20:00;17.0;0;SOLEIL;5;14.0;0
Moûtiers;45.48;6.53;13/09/2026;21:00;15.4;0;SOLEIL;5;13.3;0
Moûtiers;45.48;6.53;13/09/2026;22:00;13.8;0;SOLEIL;5;13.7;0
Moûtiers;45.48;6.53;13/09/2026;23:00;14.6;0;SOLEIL;1;13.7;0
Annecy;45.9;6.12;09/09/2026;00:00;19.1;10;ORAGEUX;4;24.5;2.5
Annecy;45.9;6.12;09/09/2026;01:00;18.2;6;AVERSES;4;24.8;1.1
Annecy;45.9;6.12;09/09/2026;02:00;18.1;6;AVERSES;4;11.2;0.3
Annecy;45.9;6.12;09/09/2026;03:00;18.2;6;AVERSES;3;8.3;2.2
Annecy;45.9;6.12;09/09/2026;04:00;19.1;6;AVERSES;4;5.8;1.3
Annecy;45.9;6.12;09/09/2026;05:00;19.1;6;AVERSES;4;6.5;1.8
Annecy;45.9;6.12;09/09/2026;06:00;17.4;6;AVERSES;2;8.3;1.9
Annecy;45.9;6.12;09/09/2026;07:00;15.7;7;PLUIE FAIBLE;2;10.8;7.6
Annecy;45.9;6.12;09/09/2026;08:00;15.2;7;PLUIE FAIBLE;2;25.2;4.2
Annecy;45.9;6.12;09/09/2026;09:00;15.4;6;AVERSES;2;18.4;1.9
Annecy;45.9;6.12;09/09/2026;10:00;14.6;6;AVERSES;2;12.6;0.9
Annecy;45.9;6.12;09/09/2026;11:00;14.6;6;AVERSES;3;13.3;0.4
Annecy;45.9;6.12;09/09/2026;12:00;15.9;6;AVERSES;3;13.3;0.3
Annecy;45.9;6.12;09/09/2026;13:00;16.4;6;AVERSES;3;16.6;0.1
Annecy;45.9;6.12;09/09/2026;14:00;16.7;6;AVERSES;2;17.6;0.1
Annecy;45.9;6.12;09/09/2026;15:00;16.7;6;AVERSES;2;16.2;0.1
Annecy;45.9;6.12;09/09/2026;16:00;16.6;2;NUAGEUX;2;13.7;0
Annecy;45.9;6.12;09/09/2026;17:00;16.6;2;NUAGEUX;2;14.4;0
Annecy;45.9;6.12;09/09/2026;18:00;16.1;2;NUAGEUX;2;18.4;0
Annecy;45.9;6.12;09/09/2026;19:00;16.1;2;NUAGEUX;2;14.0;0
Annecy;45.9;6.12;09/09/2026;20:00;15.2;5;SOLEIL VOILÉ;3;14.0;0
Annecy;45.9;6.12;09/09/2026;21:00;14.7;0;SOLEIL;3;12.6;0
Annecy;45.9;6.12;09/09/2026;22:00;14.2;0;SOLEIL;3;23.4;0
Annecy;45.9;6.12;09/09/2026;23:00;13.7;0;SOLEIL;3;21.2;0
Annecy;45.9;6.12;10/09/2026;00:00;13.6;0;SOLEIL;3;20.2;0
Annecy;45.9;6.12;10/09/2026;01:00;13.6;0;SOLEIL;3;18.7;0
Annecy;45.9;6.12;10/09/2026;02:00;12.1;0;SOLEIL;3;15.5;0
Annecy;45.9;6.12;10/09/2026;03:00;12.1;0;SOLEIL;3;11.2;0
Annecy;45.9;6.12;10/09/2026;04:00;12.1;0;SOLEIL;3;7.6;0
Annecy;45.9;6.12;10/09/2026;05:00;12.4;0;SOLEIL;3;4.3;0
Annecy;45.9;6.12;10/09/2026;06:00;12.4;0;SOLEIL;3;4.0;0
Annecy;45.9;6.12;10/09/2026;07:00;12.4;0;SOLEIL;3;6.1;0
Annecy;45.9;6.12;10/09/2026;08:00;17;0;SOLEIL;1;7.2;0
Annecy;45.9;6.12;10/09/2026;09:00;17;0;SOLEIL;1;7.6;0
Annecy;45.9;6.12;10/09/2026;10:00;17;0;SOLEIL;1;7.9;0
Annecy;45.9;6.12;10/09/2026;11:00;19.6;0;SOLEIL;3;18.0;0
Annecy;45.9;6.12;10/09/2026;12:00;19.6;0;SOLEIL;3;23.1;0
Annecy;45.9;6.12;10/09/2026;13:00;19.6;0;SOLEIL;3;24.1;0
Annecy;45.9;6.12;10/09/2026;14:00;20.7;0;SOLEIL;2;24.0;0
Annecy;45.9;6.12;10/09/2026;15:00;20.7;0;SOLEIL;2;27.4;0
Annecy;45.9;6.12;10/09/2026;16:00;20.7;0;SOLEIL;2;29.5;0
Annecy;45.9;6.12;10/09/2026;17:00;17.6;0;SOLEIL;2;30.2;0
Annecy;45.9;6.12;10/09/2026;18:00;17.6;0;SOLEIL;2;30.2;0
Annecy;45.9;6.12;10/09/2026;19:00;17.6;0;SOLEIL;2;30.2;0
Annecy;45.9;6.12;10/09/2026;20:00;14.1;0;SOLEIL;0;26.6;0
Annecy;45.9;6.12;10/09/2026;21:00;14.1;0;SOLEIL;0;14.8;0
Annecy;45.9;6.12;10/09/2026;22:00;14.1;0;SOLEIL;0;8.3;0
Annecy;45.9;6.12;10/09/2026;23:00;12.2;0;SOLEIL;1;5.0;0
Annecy;45.9;6.12;11/09/2026;00:00;12.2;0;SOLEIL;1;5.0;0
Annecy;45.9;6.12;11/09/2026;01:00;12.2;0;SOLEIL;1;3.6;0
Annecy;45.9;6.12;11/09/2026;02:00;11.1;0;SOLEIL;1;2.9;0
Annecy;45.9;6.12;11/09/2026;03:00;11.1;0;SOLEIL;1;2.2;0
Annecy;45.9;6.12;11/09/2026;04:00;11.1;0;SOLEIL;1;1.4;0
Annecy;45.9;6.12;11/09/2026;05:00;11.1;0;SOLEIL;1;2.2;0
Annecy;45.9;6.12;11/09/2026;06:00;11.1;0;SOLEIL;1;3.2;0
Annecy;45.9;6.12;11/09/2026;07:00;11.1;0;SOLEIL;1;6.8;0
Annecy;45.9;6.12;11/09/2026;08:00;17;0;SOLEIL;1;5.0;0
Annecy;45.9;6.12;11/09/2026;09:00;17;0;SOLEIL;1;5.8;0
Annecy;45.9;6.12;11/09/2026;10:00;17;0;SOLEIL;1;11.2;0
Annecy;45.9;6.12;11/09/2026;11:00;21.1;0;SOLEIL;1;12.6;0
Annecy;45.9;6.12;11/09/2026;12:00;21.1;0;SOLEIL;1;18.7;0
Annecy;45.9;6.12;11/09/2026;13:00;21.1;0;SOLEIL;1;24.1;0
Annecy;45.9;6.12;11/09/2026;14:00;22.5;0;SOLEIL;2;25.2;0
Annecy;45.9;6.12;11/09/2026;15:00;22.5;0;SOLEIL;2;28.4;0
Annecy;45.9;6.12;11/09/2026;16:00;22.5;0;SOLEIL;2;31.0;0
Annecy;45.9;6.12;11/09/2026;17:00;19.4;0;SOLEIL;2;32.0;0
Annecy;45.9;6.12;11/09/2026;18:00;19.4;0;SOLEIL;2;31.7;0
Annecy;45.9;6.12;11/09/2026;19:00;19.4;0;SOLEIL;2;30.2;0
Annecy;45.9;6.12;11/09/2026;20:00;15.9;0;SOLEIL;5;27.4;0
Annecy;45.9;6.12;11/09/2026;21:00;14.5;0;SOLEIL;5;22.0;0
Annecy;45.9;6.12;11/09/2026;22:00;13.1;0;SOLEIL;5;14.8;0
Annecy;45.9;6.12;11/09/2026;23:00;13;0;SOLEIL;1;9.4;0
Annecy;45.9;6.12;12/09/2026;00:00;13;0;SOLEIL;1;6.8;0
Annecy;45.9;6.12;12/09/2026;01:00;13;0;SOLEIL;1;6.1;0
Annecy;45.9;6.12;12/09/2026;02:00;9.2;0;SOLEIL;5;5.8;0
Annecy;45.9;6.12;12/09/2026;03:00;9.2;0;SOLEIL;5;6.1;0
Annecy;45.9;6.12;12/09/2026;04:00;9.2;0;SOLEIL;5;7.2;0
Annecy;45.9;6.12;12/09/2026;05:00;10.6;0;SOLEIL;2;7.9;0
Annecy;45.9;6.12;12/09/2026;06:00;10.6;0;SOLEIL;2;8.3;0
Annecy;45.9;6.12;12/09/2026;07:00;10.6;0;SOLEIL;2;8.6;0
Annecy;45.9;6.12;12/09/2026;08:00;12.2;0;SOLEIL;5;9.0;0
Annecy;45.9;6.12;12/09/2026;09:00;13.6;0;SOLEIL;5;9.0;0
Annecy;45.9;6.12;12/09/2026;10:00;15.1;0;SOLEIL;5;9.4;0
Annecy;45.9;6.12;12/09/2026;11:00;20.4;0;SOLEIL;3;11.2;0
Annecy;45.9;6.12;12/09/2026;12:00;20.4;0;SOLEIL;3;16.2;0
Annecy;45.9;6.12;12/09/2026;13:00;20.4;0;SOLEIL;3;22.7;0
Annecy;45.9;6.12;12/09/2026;14:00;21.0;0;SOLEIL;5;28.1;0
Annecy;45.9;6.12;12/09/2026;15:00;22.5;0;SOLEIL;5;32.0;0
Annecy;45.9;6.12;12/09/2026;16:00;21.0;0;SOLEIL;5;34.6;0
Annecy;45.9;6.12;12/09/2026;17:00;17.9;0;SOLEIL;2;35.6;0
Annecy;45.9;6.12;12/09/2026;18:00;17.9;0;SOLEIL;2;34.2;0
Annecy;45.9;6.12;12/09/2026;19:00;17.9;0;SOLEIL;2;31.0;0
Annecy;45.9;6.12;12/09/2026;20:00;15.1;0;SOLEIL;5;26.3;0
Annecy;45.9;6.12;12/09/2026;21:00;13.6;0;SOLEIL;5;19.1;0
Annecy;45.9;6.12;12/09/2026;22:00;12.2;0;SOLEIL;5;10.8;0
Annecy;45.9;6.12;12/09/2026;23:00;13.5;0;SOLEIL;1;4.7;0
Annecy;45.9;6.12;13/09/2026;00:00;13.5;0;SOLEIL;1;2.9;0
Annecy;45.9;6.12;13/09/2026;01:00;13.5;0;SOLEIL;1;3.6;0
Annecy;45.9;6.12;13/09/2026;02:00;10.6;0;SOLEIL;5;4.3;0
Annecy;45.9;6.12;13/09/2026;03:00;10.6;0;SOLEIL;5;4.3;0
Annecy;45.9;6.12;13/09/2026;04:00;10.6;0;SOLEIL;5;4.3;0
Annecy;45.9;6.12;13/09/2026;05:00;12.1;0;SOLEIL;1;4.3;0
Annecy;45.9;6.12;13/09/2026;06:00;12.1;0;SOLEIL;1;4.1;0
Annecy;45.9;6.12;13/09/2026;07:00;12.1;0;SOLEIL;1;4.5;0
Annecy;45.9;6.12;13/09/2026;08:00;13.5;0;SOLEIL;5;4.7;0
Annecy;45.9;6.12;13/09/2026;09:00;14.9;0;SOLEIL;5;8.6;0
Annecy;45.9;6.12;13/09/2026;10:00;16.4;0;SOLEIL;5;13.0;0
Annecy;45.9;6.12;13/09/2026;11:00;21.1;0;SOLEIL;2;16.6;0
Annecy;45.9;6.12;13/09/2026;12:00;21.1;0;SOLEIL;2;18.4;0
Annecy;45.9;6.12;13/09/2026;13:00;21.1;0;SOLEIL;2;19.1;0
Annecy;45.9;6.12;13/09/2026;14:00;22.2;0;SOLEIL;5;19.4;0
Annecy;45.9;6.12;13/09/2026;15:00;23.6;0;SOLEIL;5;19.4;0
Annecy;45.9;6.12;13/09/2026;16:00;22.2;0;SOLEIL;5;19.1;0
Annecy;45.9;6.12;13/09/2026;17:00;19.6;0;SOLEIL;2;18.0;0
Annecy;45.9;6.12;13/09/2026;18:00;19.6;0;SOLEIL;2;15.8;0
Annecy;45.9;6.12;13/09/2026;19:00;19.6;0;SOLEIL;2;12.6;0
Annecy;45.9;6.12;13/09/2026;20:00;16.4;0;SOLEIL;5;10.4;0
Annecy;45.9;6.12;13/09/2026;21:00;14.9;0;SOLEIL;5;9.7;0
Annecy;45.9;6.12;13/09/2026;22:00;13.5;0;SOLEIL;5;9.4;0
Annecy;45.9;6.12;13/09/2026;23:00;14.9;0;SOLEIL;1;9.4;0
Chamonix;45.92;6.86;09/09/2026;00:00;14.9;6;AVERSES;1;30.2;3
Chamonix;45.92;6.86;09/09/2026;01:00;13.9;6;AVERSES;1;34.9;1.9
Chamonix;45.92;6.86;09/09/2026;02:00;14.7;7;PLUIE FAIBLE;1;18.0;2.7
Chamonix;45.92;6.86;09/09/2026;03:00;14.6;7;PLUIE FAIBLE;1;13.7;2.6
Chamonix;45.92;6.86;09/09/2026;04:00;14.7;6;AVERSES;0;10.8;2.4
Chamonix;45.92;6.86;09/09/2026;05:00;14.2;6;AVERSES;0;10.8;0.6
Chamonix;45.92;6.86;09/09/2026;06:00;13.6;6;AVERSES;1;12.6;0.6
Chamonix;45.92;6.86;09/09/2026;07:00;13;6;AVERSES;0;20.2;0.7
Chamonix;45.92;6.86;09/09/2026;08:00;11.2;7;PLUIE FAIBLE;2;17.3;2.8
Chamonix;45.92;6.86;09/09/2026;09:00;13.1;7;PLUIE FAIBLE;1;18.0;2.8
Chamonix;45.92;6.86;09/09/2026;10:00;15.4;6;AVERSES;1;10.4;0.9
Chamonix;45.92;6.86;09/09/2026;11:00;15.2;6;AVERSES;2;25.6;0.6
Chamonix;45.92;6.86;09/09/2026;12:00;15.6;6;AVERSES;2;21.6;0.2
Chamonix;45.92;6.86;09/09/2026;13:00;14.1;6;AVERSES;2;15.5;0.3
Chamonix;45.92;6.86;09/09/2026;14:00;14.2;6;AVERSES;2;13.3;0.2
Chamonix;45.92;6.86;09/09/2026;15:00;13.1;6;AVERSES;2;16.9;0.1
Chamonix;45.92;6.86;09/09/2026;16:00;12.5;6;AVERSES;2;12.6;0.1
Chamonix;45.92;6.86;09/09/2026;17:00;11.4;6;AVERSES;2;13.0;0.1
Chamonix;45.92;6.86;09/09/2026;18:00;11.6;6;AVERSES;1;9.4;0.1
Chamonix;45.92;6.86;09/09/2026;19:00;9.7;2;NUAGEUX;0;5.8;0
Chamonix;45.92;6.86;09/09/2026;20:00;9.9;2;NUAGEUX;0;5.0;0
Chamonix;45.92;6.86;09/09/2026;21:00;10.1;3;TRÈS NUAGEUX;1;3.2;0
Chamonix;45.92;6.86;09/09/2026;22:00;9.6;3;TRÈS NUAGEUX;1;7.9;0
Chamonix;45.92;6.86;09/09/2026;23:00;9.5;0;SOLEIL;1;8.6;0
Chamonix;45.92;6.86;10/09/2026;00:00;10.5;0;SOLEIL;1;8.3;0
Chamonix;45.92;6.86;10/09/2026;01:00;10.5;0;SOLEIL;1;6.8;0
Chamonix;45.92;6.86;10/09/2026;02:00;8.2;0;SOLEIL;2;5.4;0
Chamonix;45.92;6.86;10/09/2026;03:00;8.2;0;SOLEIL;2;6.5;0
Chamonix;45.92;6.86;10/09/2026;04:00;8.2;0;SOLEIL;2;5.8;0
Chamonix;45.92;6.86;10/09/2026;05:00;8.2;0;SOLEIL;2;6.1;0
Chamonix;45.92;6.86;10/09/2026;06:00;8.2;0;SOLEIL;2;6.5;0
Chamonix;45.92;6.86;10/09/2026;07:00;8.2;0;SOLEIL;2;5.0;0
Chamonix;45.92;6.86;10/09/2026;08:00;13.5;0;SOLEIL;0;5.0;0
Chamonix;45.92;6.86;10/09/2026;09:00;13.5;0;SOLEIL;0;3.6;0
Chamonix;45.92;6.86;10/09/2026;10:00;13.5;0;SOLEIL;0;4.7;0
Chamonix;45.92;6.86;10/09/2026;11:00;19.6;0;SOLEIL;2;5.4;0
Chamonix;45.92;6.86;10/09/2026;12:00;19.6;0;SOLEIL;2;11.1;0
Chamonix;45.92;6.86;10/09/2026;13:00;19.6;0;SOLEIL;2;14.0;0
Chamonix;45.92;6.86;10/09/2026;14:00;18.4;0;SOLEIL;2;16.3;0
Chamonix;45.92;6.86;10/09/2026;15:00;18.4;0;SOLEIL;2;18.4;0
Chamonix;45.92;6.86;10/09/2026;16:00;18.4;0;SOLEIL;2;18.7;0
Chamonix;45.92;6.86;10/09/2026;17:00;13.6;0;SOLEIL;2;14.8;0
Chamonix;45.92;6.86;10/09/2026;18:00;13.6;0;SOLEIL;2;13.7;0
Chamonix;45.92;6.86;10/09/2026;19:00;13.6;0;SOLEIL;2;14.4;0
Chamonix;45.92;6.86;10/09/2026;20:00;10.9;0;SOLEIL;3;10.8;0
Chamonix;45.92;6.86;10/09/2026;21:00;10.9;0;SOLEIL;3;8.6;0
Chamonix;45.92;6.86;10/09/2026;22:00;10.9;0;SOLEIL;3;5.8;0
Chamonix;45.92;6.86;10/09/2026;23:00;9.4;0;SOLEIL;0;5.4;0
Chamonix;45.92;6.86;11/09/2026;00:00;9.4;0;SOLEIL;0;5.0;0
Chamonix;45.92;6.86;11/09/2026;01:00;9.4;0;SOLEIL;0;6.1;0
Chamonix;45.92;6.86;11/09/2026;02:00;7.6;0;SOLEIL;1;5.4;0
Chamonix;45.92;6.86;11/09/2026;03:00;7.6;0;SOLEIL;1;9.7;0
Chamonix;45.92;6.86;11/09/2026;04:00;7.6;0;SOLEIL;1;3.6;0
Chamonix;45.92;6.86;11/09/2026;05:00;6.7;0;SOLEIL;0;6.8;0
Chamonix;45.92;6.86;11/09/2026;06:00;6.7;0;SOLEIL;0;14.4;0
Chamonix;45.92;6.86;11/09/2026;07:00;6.7;0;SOLEIL;0;16.2;0
Chamonix;45.92;6.86;11/09/2026;08:00;12.2;0;SOLEIL;1;8.6;0
Chamonix;45.92;6.86;11/09/2026;09:00;12.2;0;SOLEIL;1;8.3;0
Chamonix;45.92;6.86;11/09/2026;10:00;12.2;0;SOLEIL;1;10.1;0
Chamonix;45.92;6.86;11/09/2026;11:00;19.2;0;SOLEIL;2;13.0;0
Chamonix;45.92;6.86;11/09/2026;12:00;19.2;0;SOLEIL;2;19.8;0
Chamonix;45.92;6.86;11/09/2026;13:00;19.2;0;SOLEIL;2;19.1;0
Chamonix;45.92;6.86;11/09/2026;14:00;19.1;0;SOLEIL;2;18.7;0
Chamonix;45.92;6.86;11/09/2026;15:00;19.1;0;SOLEIL;2;20.5;0
Chamonix;45.92;6.86;11/09/2026;16:00;19.1;0;SOLEIL;2;22.3;0
Chamonix;45.92;6.86;11/09/2026;17:00;14.1;0;SOLEIL;1;22.7;0
Chamonix;45.92;6.86;11/09/2026;18:00;14.1;0;SOLEIL;1;20.5;0
Chamonix;45.92;6.86;11/09/2026;19:00;14.1;0;SOLEIL;1;17.3;0
Chamonix;45.92;6.86;11/09/2026;20:00;12.3;0;SOLEIL;5;14.8;0
Chamonix;45.92;6.86;11/09/2026;21:00;10.6;0;SOLEIL;5;14.4;0
Chamonix;45.92;6.86;11/09/2026;22:00;9.0;0;SOLEIL;5;15.1;0
Chamonix;45.92;6.86;11/09/2026;23:00;7.7;0;SOLEIL;1;15.8;0
Chamonix;45.92;6.86;12/09/2026;00:00;7.7;0;SOLEIL;1;16.2;0
Chamonix;45.92;6.86;12/09/2026;01:00;7.7;0;SOLEIL;1;16.9;0
Chamonix;45.92;6.86;12/09/2026;02:00;4.1;6;AVERSES;5;16.9;0
Chamonix;45.92;6.86;12/09/2026;03:00;4.1;6;AVERSES;5;16.6;0
Chamonix;45.92;6.86;12/09/2026;04:00;4.1;6;AVERSES;5;16.2;0
Chamonix;45.92;6.86;12/09/2026;05:00;4.9;6;AVERSES;1;15.1;0
Chamonix;45.92;6.86;12/09/2026;06:00;4.9;6;AVERSES;1;13.3;0
Chamonix;45.92;6.86;12/09/2026;07:00;4.9;6;AVERSES;1;10.8;0
Chamonix;45.92;6.86;12/09/2026;08:00;8.1;6;AVERSES;5;9.4;0
Chamonix;45.92;6.86;12/09/2026;09:00;10.1;6;AVERSES;5;9.4;0
Chamonix;45.92;6.86;12/09/2026;10:00;12.1;6;AVERSES;5;10.4;0
Chamonix;45.92;6.86;12/09/2026;11:00;20.5;0;SOLEIL;2;12.2;0
Chamonix;45.92;6.86;12/09/2026;12:00;20.5;0;SOLEIL;2;15.1;0
Chamonix;45.92;6.86;12/09/2026;13:00;20.5;0;SOLEIL;2;18.4;0
Chamonix;45.92;6.86;12/09/2026;14:00;20.1;6;AVERSES;5;20.5;0
Chamonix;45.92;6.86;12/09/2026;15:00;22.1;6;AVERSES;5;21.2;0
Chamonix;45.92;6.86;12/09/2026;16:00;20.1;6;AVERSES;5;20.9;0
Chamonix;45.92;6.86;12/09/2026;17:00;14.5;0;SOLEIL;0;19.4;0
Chamonix;45.92;6.86;12/09/2026;18:00;14.5;0;SOLEIL;0;16.2;0
Chamonix;45.92;6.86;12/09/2026;19:00;14.5;0;SOLEIL;0;12.2;0
Chamonix;45.92;6.86;12/09/2026;20:00;12.1;6;AVERSES;5;9.4;0
Chamonix;45.92;6.86;12/09/2026;21:00;10.1;6;AVERSES;5;9.7;0
Chamonix;45.92;6.86;12/09/2026;22:00;8.1;6;AVERSES;5;11.2;0
Chamonix;45.92;6.86;12/09/2026;23:00;8.5;6;AVERSES;1;11.5;0
Chamonix;45.92;6.86;13/09/2026;00:00;8.5;6;AVERSES;1;9.0;0
Chamonix;45.92;6.86;13/09/2026;01:00;8.5;6;AVERSES;1;5.8;0
Chamonix;45.92;6.86;13/09/2026;02:00;6.1;6;AVERSES;5;3.6;0
Chamonix;45.92;6.86;13/09/2026;03:00;6.1;6;AVERSES;5;4.3;0
Chamonix;45.92;6.86;13/09/2026;04:00;6.1;6;AVERSES;5;6.5;0
Chamonix;45.92;6.86;13/09/2026;05:00;7.1;6;AVERSES;1;7.9;0
Chamonix;45.92;6.86;13/09/2026;06:00;7.1;6;AVERSES;1;8.0;0
Chamonix;45.92;6.86;13/09/2026;07:00;7.1;6;AVERSES;1;7.7;0
Chamonix;45.92;6.86;13/09/2026;08:00;9.8;6;AVERSES;5;7.7;0
Chamonix;45.92;6.86;13/09/2026;09:00;11.6;6;AVERSES;5;13.0;0
Chamonix;45.92;6.86;13/09/2026;10:00;13.5;6;AVERSES;5;15.8;0
Chamonix;45.92;6.86;13/09/2026;11:00;21.4;0;SOLEIL;2;18.7;0
Chamonix;45.92;6.86;13/09/2026;12:00;21.4;0;SOLEIL;2;20.9;0
Chamonix;45.92;6.86;13/09/2026;13:00;21.4;0;SOLEIL;2;22.7;0
Chamonix;45.92;6.86;13/09/2026;14:00;20.9;6;AVERSES;5;23.8;0
Chamonix;45.92;6.86;13/09/2026;15:00;22.7;6;AVERSES;5;24.5;0
Chamonix;45.92;6.86;13/09/2026;16:00;20.9;6;AVERSES;5;24.5;0
Chamonix;45.92;6.86;13/09/2026;17:00;15.9;0;SOLEIL;0;23.4;0
Chamonix;45.92;6.86;13/09/2026;18:00;15.9;0;SOLEIL;0;20.5;0
Chamonix;45.92;6.86;13/09/2026;19:00;15.9;0;SOLEIL;0;16.6;0
Chamonix;45.92;6.86;13/09/2026;20:00;13.5;6;AVERSES;5;13.0;0
Chamonix;45.92;6.86;13/09/2026;21:00;11.6;6;AVERSES;5;10.8;0
Chamonix;45.92;6.86;13/09/2026;22:00;9.8;6;AVERSES;5;9.4;0
Chamonix;45.92;6.86;13/09/2026;23:00;8.9;6;AVERSES;1;8.3;0
Thonon-les-Bains;46.37;6.48;09/09/2026;00:00;19;6;AVERSES;4;30.6;3.1
Thonon-les-Bains;46.37;6.48;09/09/2026;01:00;18.1;6;AVERSES;2;24.5;4.5
Thonon-les-Bains;46.37;6.48;09/09/2026;02:00;18;6;AVERSES;2;20.2;0.6
Thonon-les-Bains;46.37;6.48;09/09/2026;03:00;17.6;6;AVERSES;2;19.8;0.2
Thonon-les-Bains;46.37;6.48;09/09/2026;04:00;17.5;6;AVERSES;3;19.4;0.8
Thonon-les-Bains;46.37;6.48;09/09/2026;05:00;17.1;6;AVERSES;4;14.8;2
Thonon-les-Bains;46.37;6.48;09/09/2026;06:00;16.7;6;AVERSES;5;13.0;2
Thonon-les-Bains;46.37;6.48;09/09/2026;07:00;16.9;7;PLUIE FAIBLE;5;27.7;7.2
Thonon-les-Bains;46.37;6.48;09/09/2026;08:00;15.9;7;PLUIE FAIBLE;3;17.6;3.2
Thonon-les-Bains;46.37;6.48;09/09/2026;09:00;17;6;AVERSES;3;18.4;2
Thonon-les-Bains;46.37;6.48;09/09/2026;10:00;16.7;6;AVERSES;4;19.4;0.2
Thonon-les-Bains;46.37;6.48;09/09/2026;11:00;16.6;6;AVERSES;3;20.9;0.4
Thonon-les-Bains;46.37;6.48;09/09/2026;12:00;17.2;6;AVERSES;3;19.4;0.1
Thonon-les-Bains;46.37;6.48;09/09/2026;13:00;17.1;6;AVERSES;4;16.9;0.1
Thonon-les-Bains;46.37;6.48;09/09/2026;14:00;17.2;6;AVERSES;4;18.4;0.1
Thonon-les-Bains;46.37;6.48;09/09/2026;15:00;18.1;6;AVERSES;4;13.3;0.1
Thonon-les-Bains;46.37;6.48;09/09/2026;16:00;18.2;2;NUAGEUX;4;13.0;0
Thonon-les-Bains;46.37;6.48;09/09/2026;17:00;17.9;2;NUAGEUX;6;13.3;0
Thonon-les-Bains;46.37;6.48;09/09/2026;18:00;17.4;2;NUAGEUX;7;19.4;0
Thonon-les-Bains;46.37;6.48;09/09/2026;19:00;17.7;2;NUAGEUX;7;38.5;0
Thonon-les-Bains;46.37;6.48;09/09/2026;20:00;16.9;2;NUAGEUX;6;36.7;0
Thonon-les-Bains;46.37;6.48;09/09/2026;21:00;16;0;SOLEIL;6;34.6;0
Thonon-les-Bains;46.37;6.48;09/09/2026;22:00;15.7;0;SOLEIL;6;31.7;0
Thonon-les-Bains;46.37;6.48;09/09/2026;23:00;15.7;0;SOLEIL;7;21.2;0
Thonon-les-Bains;46.37;6.48;10/09/2026;00:00;15;0;SOLEIL;7;26.6;0
Thonon-les-Bains;46.37;6.48;10/09/2026;01:00;15;0;SOLEIL;7;27.0;0
Thonon-les-Bains;46.37;6.48;10/09/2026;02:00;13.2;0;SOLEIL;6;29.9;0
Thonon-les-Bains;46.37;6.48;10/09/2026;03:00;13.2;0;SOLEIL;6;30.2;0
Thonon-les-Bains;46.37;6.48;10/09/2026;04:00;13.2;0;SOLEIL;6;30.2;0
Thonon-les-Bains;46.37;6.48;10/09/2026;05:00;13.5;0;SOLEIL;6;27.4;0
Thonon-les-Bains;46.37;6.48;10/09/2026;06:00;13.5;0;SOLEIL;6;20.9;0
Thonon-les-Bains;46.37;6.48;10/09/2026;07:00;13.5;0;SOLEIL;6;17.6;0
Thonon-les-Bains;46.37;6.48;10/09/2026;08:00;17.1;0;SOLEIL;7;14.8;0
Thonon-les-Bains;46.37;6.48;10/09/2026;09:00;17.1;0;SOLEIL;7;25.9;0
Thonon-les-Bains;46.37;6.48;10/09/2026;10:00;17.1;0;SOLEIL;7;32.0;0
Thonon-les-Bains;46.37;6.48;10/09/2026;11:00;19.2;0;SOLEIL;6;35.6;0
Thonon-les-Bains;46.37;6.48;10/09/2026;12:00;19.2;0;SOLEIL;6;36.9;0
Thonon-les-Bains;46.37;6.48;10/09/2026;13:00;19.2;0;SOLEIL;6;38.0;0
Thonon-les-Bains;46.37;6.48;10/09/2026;14:00;20;0;SOLEIL;5;36.6;0
Thonon-les-Bains;46.37;6.48;10/09/2026;15:00;20;0;SOLEIL;5;36.7;0
Thonon-les-Bains;46.37;6.48;10/09/2026;16:00;20;0;SOLEIL;5;34.9;0
Thonon-les-Bains;46.37;6.48;10/09/2026;17:00;18;0;SOLEIL;4;35.6;0
Thonon-les-Bains;46.37;6.48;10/09/2026;18:00;18;0;SOLEIL;4;36.0;0
Thonon-les-Bains;46.37;6.48;10/09/2026;19:00;18;0;SOLEIL;4;33.5;0
Thonon-les-Bains;46.37;6.48;10/09/2026;20:00;15;0;SOLEIL;3;31.0;0
Thonon-les-Bains;46.37;6.48;10/09/2026;21:00;15;0;SOLEIL;3;24.8;0
Thonon-les-Bains;46.37;6.48;10/09/2026;22:00;15;0;SOLEIL;3;14.0;0
Thonon-les-Bains;46.37;6.48;10/09/2026;23:00;11.6;0;SOLEIL;2;9.0;0
Thonon-les-Bains;46.37;6.48;11/09/2026;00:00;11.6;0;SOLEIL;2;8.3;0
Thonon-les-Bains;46.37;6.48;11/09/2026;01:00;11.6;0;SOLEIL;2;11.2;0
Thonon-les-Bains;46.37;6.48;11/09/2026;02:00;10.6;0;SOLEIL;2;10.1;0
Thonon-les-Bains;46.37;6.48;11/09/2026;03:00;10.6;0;SOLEIL;2;14.0;0
Thonon-les-Bains;46.37;6.48;11/09/2026;04:00;10.6;0;SOLEIL;2;12.2;0
Thonon-les-Bains;46.37;6.48;11/09/2026;05:00;11.2;0;SOLEIL;2;9.4;0
Thonon-les-Bains;46.37;6.48;11/09/2026;06:00;11.2;0;SOLEIL;2;7.9;0
Thonon-les-Bains;46.37;6.48;11/09/2026;07:00;11.2;0;SOLEIL;2;6.8;0
Thonon-les-Bains;46.37;6.48;11/09/2026;08:00;17.7;0;SOLEIL;1;8.6;0
Thonon-les-Bains;46.37;6.48;11/09/2026;09:00;17.7;0;SOLEIL;1;7.6;0
Thonon-les-Bains;46.37;6.48;11/09/2026;10:00;17.7;0;SOLEIL;1;6.8;0
Thonon-les-Bains;46.37;6.48;11/09/2026;11:00;21.6;0;SOLEIL;2;12.6;0
Thonon-les-Bains;46.37;6.48;11/09/2026;12:00;21.6;0;SOLEIL;2;13.0;0
Thonon-les-Bains;46.37;6.48;11/09/2026;13:00;21.6;0;SOLEIL;2;22.0;0
Thonon-les-Bains;46.37;6.48;11/09/2026;14:00;22.2;0;SOLEIL;2;26.3;0
Thonon-les-Bains;46.37;6.48;11/09/2026;15:00;22.2;0;SOLEIL;2;28.8;0
Thonon-les-Bains;46.37;6.48;11/09/2026;16:00;22.2;0;SOLEIL;2;30.2;0
Thonon-les-Bains;46.37;6.48;11/09/2026;17:00;19.1;0;SOLEIL;3;31.0;0
Thonon-les-Bains;46.37;6.48;11/09/2026;18:00;19.1;0;SOLEIL;3;30.2;0
Thonon-les-Bains;46.37;6.48;11/09/2026;19:00;19.1;0;SOLEIL;3;28.4;0
Thonon-les-Bains;46.37;6.48;11/09/2026;20:00;15.2;0;SOLEIL;5;26.6;0
Thonon-les-Bains;46.37;6.48;11/09/2026;21:00;13.7;0;SOLEIL;5;25.2;0
Thonon-les-Bains;46.37;6.48;11/09/2026;22:00;12.2;0;SOLEIL;5;23.8;0
Thonon-les-Bains;46.37;6.48;11/09/2026;23:00;13.1;0;SOLEIL;2;22.0;0
Thonon-les-Bains;46.37;6.48;12/09/2026;00:00;13.1;0;SOLEIL;2;18.7;0
Thonon-les-Bains;46.37;6.48;12/09/2026;01:00;13.1;0;SOLEIL;2;14.8;0
Thonon-les-Bains;46.37;6.48;12/09/2026;02:00;7.7;0;SOLEIL;5;11.9;0
Thonon-les-Bains;46.37;6.48;12/09/2026;03:00;7.7;0;SOLEIL;5;10.8;0
Thonon-les-Bains;46.37;6.48;12/09/2026;04:00;7.7;0;SOLEIL;5;11.2;0
Thonon-les-Bains;46.37;6.48;12/09/2026;05:00;10;0;SOLEIL;4;11.2;0
Thonon-les-Bains;46.37;6.48;12/09/2026;06:00;10;0;SOLEIL;4;10.1;0
Thonon-les-Bains;46.37;6.48;12/09/2026;07:00;10;0;SOLEIL;4;9.4;0
Thonon-les-Bains;46.37;6.48;12/09/2026;08:00;11.2;0;SOLEIL;5;10.1;0
Thonon-les-Bains;46.37;6.48;12/09/2026;09:00;13.0;0;SOLEIL;5;14.0;0
Thonon-les-Bains;46.37;6.48;12/09/2026;10:00;14.8;0;SOLEIL;5;20.2;0
Thonon-les-Bains;46.37;6.48;12/09/2026;11:00;21.5;0;SOLEIL;4;25.9;0
Thonon-les-Bains;46.37;6.48;12/09/2026;12:00;21.5;0;SOLEIL;4;31.3;0
Thonon-les-Bains;46.37;6.48;12/09/2026;13:00;21.5;0;SOLEIL;4;36.4;0
Thonon-les-Bains;46.37;6.48;12/09/2026;14:00;21.8;0;SOLEIL;5;40.3;0
Thonon-les-Bains;46.37;6.48;12/09/2026;15:00;23.6;0;SOLEIL;5;42.8;0
Thonon-les-Bains;46.37;6.48;12/09/2026;16:00;21.8;0;SOLEIL;5;44.3;0
Thonon-les-Bains;46.37;6.48;12/09/2026;17:00;18;0;SOLEIL;3;43.9;0
Thonon-les-Bains;46.37;6.48;12/09/2026;18:00;18;0;SOLEIL;3;41.4;0
Thonon-les-Bains;46.37;6.48;12/09/2026;19:00;18;0;SOLEIL;3;36.7;0
Thonon-les-Bains;46.37;6.48;12/09/2026;20:00;14.8;0;SOLEIL;5;31.3;0
Thonon-les-Bains;46.37;6.48;12/09/2026;21:00;13.0;0;SOLEIL;5;24.1;0
Thonon-les-Bains;46.37;6.48;12/09/2026;22:00;11.2;0;SOLEIL;5;15.8;0
Thonon-les-Bains;46.37;6.48;12/09/2026;23:00;11.9;0;SOLEIL;1;10.4;0
Thonon-les-Bains;46.37;6.48;13/09/2026;00:00;11.9;0;SOLEIL;1;10.4;0
Thonon-les-Bains;46.37;6.48;13/09/2026;01:00;11.9;0;SOLEIL;1;13.3;0
Thonon-les-Bains;46.37;6.48;13/09/2026;02:00;10.1;0;SOLEIL;5;15.1;0
Thonon-les-Bains;46.37;6.48;13/09/2026;03:00;10.1;0;SOLEIL;5;14.8;0
Thonon-les-Bains;46.37;6.48;13/09/2026;04:00;10.1;0;SOLEIL;5;13.7;0
Thonon-les-Bains;46.37;6.48;13/09/2026;05:00;11.7;0;SOLEIL;2;12.6;0
Thonon-les-Bains;46.37;6.48;13/09/2026;06:00;11.7;0;SOLEIL;2;11.7;0
Thonon-les-Bains;46.37;6.48;13/09/2026;07:00;11.7;0;SOLEIL;2;11.0;0
Thonon-les-Bains;46.37;6.48;13/09/2026;08:00;13.4;0;SOLEIL;5;10.8;0
Thonon-les-Bains;46.37;6.48;13/09/2026;09:00;15.1;0;SOLEIL;5;16.9;0
Thonon-les-Bains;46.37;6.48;13/09/2026;10:00;16.8;0;SOLEIL;5;22.3;0
Thonon-les-Bains;46.37;6.48;13/09/2026;11:00;23.4;0;SOLEIL;2;26.3;0
Thonon-les-Bains;46.37;6.48;13/09/2026;12:00;23.4;0;SOLEIL;2;27.4;0
Thonon-les-Bains;46.37;6.48;13/09/2026;13:00;23.4;0;SOLEIL;2;27.0;0
Thonon-les-Bains;46.37;6.48;13/09/2026;14:00;23.4;0;SOLEIL;5;26.3;0
Thonon-les-Bains;46.37;6.48;13/09/2026;15:00;25.1;0;SOLEIL;5;25.9;0
Thonon-les-Bains;46.37;6.48;13/09/2026;16:00;23.4;0;SOLEIL;5;25.6;0
Thonon-les-Bains;46.37;6.48;13/09/2026;17:00;18.4;0;SOLEIL;0;24.8;0
Thonon-les-Bains;46.37;6.48;13/09/2026;18:00;18.4;0;SOLEIL;0;23.8;0
Thonon-les-Bains;46.37;6.48;13/09/2026;19:00;18.4;0;SOLEIL;0;22.3;0
Thonon-les-Bains;46.37;6.48;13/09/2026;20:00;16.8;0;SOLEIL;5;20.9;0
Thonon-les-Bains;46.37;6.48;13/09/2026;21:00;15.1;0;SOLEIL;5;19.1;0
Thonon-les-Bains;46.37;6.48;13/09/2026;22:00;13.4;0;SOLEIL;5;17.3;0
Thonon-les-Bains;46.37;6.48;13/09/2026;23:00;13.6;0;SOLEIL;2;15.5;0
