Ville;Latitude;Longitude;Date;Heure;temperature_2m;weathercode;Temps_Label;windspeed_10m;wind_gusts_10m;precipitation
Charleville-Mézières;49.76;4.71;25/08/2026;00:00;21;2;NUAGEUX;3;26.6;0
Charleville-Mézières;49.76;4.71;25/08/2026;01:00;19.9;6;AVERSES;2;20.5;1.1
Charleville-Mézières;49.76;4.71;25/08/2026;02:00;20.4;6;AVERSES;2;20.2;2.3
Charleville-Mézières;49.76;4.71;25/08/2026;03:00;19.6;6;AVERSES;2;15.5;1.1
Charleville-Mézières;49.76;4.71;25/08/2026;04:00;19.2;6;AVERSES;2;19.1;1.4
Charleville-Mézières;49.76;4.71;25/08/2026;05:00;18.9;6;AVERSES;2;15.8;0.3
Charleville-Mézières;49.76;4.71;25/08/2026;06:00;19.1;2;NUAGEUX;2;11.2;0
Charleville-Mézières;49.76;4.71;25/08/2026;07:00;19;6;AVERSES;2;8.3;0.1
Charleville-Mézières;49.76;4.71;25/08/2026;08:00;20.1;2;NUAGEUX;2;13.0;0
Charleville-Mézières;49.76;4.71;25/08/2026;09:00;22.1;2;NUAGEUX;2;16.6;0
Charleville-Mézières;49.76;4.71;25/08/2026;10:00;23.5;2;NUAGEUX;2;15.1;0
Charleville-Mézières;49.76;4.71;25/08/2026;11:00;24.1;2;NUAGEUX;2;13.3;0
Charleville-Mézières;49.76;4.71;25/08/2026;12:00;25.7;2;NUAGEUX;3;15.1;0
Charleville-Mézières;49.76;4.71;25/08/2026;13:00;26.6;2;NUAGEUX;2;15.8;0
Charleville-Mézières;49.76;4.71;25/08/2026;14:00;27.1;2;NUAGEUX;3;15.5;0
Charleville-Mézières;49.76;4.71;25/08/2026;15:00;27.1;2;NUAGEUX;3;14.4;0
Charleville-Mézières;49.76;4.71;25/08/2026;16:00;26.4;6;AVERSES;3;15.5;0.1
Charleville-Mézières;49.76;4.71;25/08/2026;17:00;25.6;6;AVERSES;3;16.6;0.1
Charleville-Mézières;49.76;4.71;25/08/2026;18:00;24.1;6;AVERSES;3;18.4;0.1
Charleville-Mézières;49.76;4.71;25/08/2026;19:00;23;6;AVERSES;3;20.9;0.1
Charleville-Mézières;49.76;4.71;25/08/2026;20:00;22.5;5;SOLEIL VOILÉ;3;22.3;0
Charleville-Mézières;49.76;4.71;25/08/2026;21:00;22.2;5;SOLEIL VOILÉ;3;23.8;0
Charleville-Mézières;49.76;4.71;25/08/2026;22:00;22.2;5;SOLEIL VOILÉ;3;31.7;0
Charleville-Mézières;49.76;4.71;25/08/2026;23:00;22;2;NUAGEUX;3;24.1;0
Charleville-Mézières;49.76;4.71;26/08/2026;00:00;21.4;6;AVERSES;3;26.3;0.1
Charleville-Mézières;49.76;4.71;26/08/2026;01:00;21.4;6;AVERSES;3;20.2;0.1
Charleville-Mézières;49.76;4.71;26/08/2026;02:00;19.7;0;SOLEIL;3;15.8;0
Charleville-Mézières;49.76;4.71;26/08/2026;03:00;19.7;0;SOLEIL;3;17.6;0
Charleville-Mézières;49.76;4.71;26/08/2026;04:00;19.7;0;SOLEIL;3;18.4;0
Charleville-Mézières;49.76;4.71;26/08/2026;05:00;20;0;SOLEIL;3;19.7;0
Charleville-Mézières;49.76;4.71;26/08/2026;06:00;20;0;SOLEIL;3;22.7;0
Charleville-Mézières;49.76;4.71;26/08/2026;07:00;20;0;SOLEIL;3;21.2;0
Charleville-Mézières;49.76;4.71;26/08/2026;08:00;22.1;5;SOLEIL VOILÉ;3;19.8;0
Charleville-Mézières;49.76;4.71;26/08/2026;09:00;22.1;5;SOLEIL VOILÉ;3;23.0;0
Charleville-Mézières;49.76;4.71;26/08/2026;10:00;22.1;5;SOLEIL VOILÉ;3;24.5;0
Charleville-Mézières;49.76;4.71;26/08/2026;11:00;25.9;5;SOLEIL VOILÉ;3;25.6;0
Charleville-Mézières;49.76;4.71;26/08/2026;12:00;25.9;5;SOLEIL VOILÉ;3;29.2;0
Charleville-Mézières;49.76;4.71;26/08/2026;13:00;25.9;5;SOLEIL VOILÉ;3;28.8;0
Charleville-Mézières;49.76;4.71;26/08/2026;14:00;27.7;5;SOLEIL VOILÉ;3;29.2;0
Charleville-Mézières;49.76;4.71;26/08/2026;15:00;27.7;5;SOLEIL VOILÉ;3;28.8;0
Charleville-Mézières;49.76;4.71;26/08/2026;16:00;27.7;5;SOLEIL VOILÉ;3;25.2;0
Charleville-Mézières;49.76;4.71;26/08/2026;17:00;25;5;SOLEIL VOILÉ;3;24.8;0
Charleville-Mézières;49.76;4.71;26/08/2026;18:00;25;5;SOLEIL VOILÉ;3;22.7;0
Charleville-Mézières;49.76;4.71;26/08/2026;19:00;25;5;SOLEIL VOILÉ;3;24.1;0
Charleville-Mézières;49.76;4.71;26/08/2026;20:00;22.7;10;ORAGEUX;3;24.8;0
Charleville-Mézières;49.76;4.71;26/08/2026;21:00;22.7;10;ORAGEUX;3;21.2;0
Charleville-Mézières;49.76;4.71;26/08/2026;22:00;22.7;10;ORAGEUX;3;14.8;0
Charleville-Mézières;49.76;4.71;26/08/2026;23:00;21.4;10;ORAGEUX;3;14.4;0
Charleville-Mézières;49.76;4.71;27/08/2026;00:00;21.4;10;ORAGEUX;3;20.5;0
Charleville-Mézières;49.76;4.71;27/08/2026;01:00;21.4;10;ORAGEUX;3;19.1;0
Charleville-Mézières;49.76;4.71;27/08/2026;02:00;19.9;10;ORAGEUX;3;34.9;0
Charleville-Mézières;49.76;4.71;27/08/2026;03:00;19.9;10;ORAGEUX;3;28.8;0
Charleville-Mézières;49.76;4.71;27/08/2026;04:00;19.9;10;ORAGEUX;3;12.2;0
Charleville-Mézières;49.76;4.71;27/08/2026;05:00;19.2;10;ORAGEUX;3;16.6;0
Charleville-Mézières;49.76;4.71;27/08/2026;06:00;19.2;10;ORAGEUX;3;16.2;0
Charleville-Mézières;49.76;4.71;27/08/2026;07:00;19.2;10;ORAGEUX;3;11.5;0
Charleville-Mézières;49.76;4.71;27/08/2026;08:00;22.4;10;ORAGEUX;3;17.3;0
Charleville-Mézières;49.76;4.71;27/08/2026;09:00;22.4;10;ORAGEUX;3;20.5;0
Charleville-Mézières;49.76;4.71;27/08/2026;10:00;22.4;10;ORAGEUX;3;24.8;0
Charleville-Mézières;49.76;4.71;27/08/2026;11:00;23.5;10;ORAGEUX;3;27.7;0
Charleville-Mézières;49.76;4.71;27/08/2026;12:00;23.5;10;ORAGEUX;3;27.4;0
Charleville-Mézières;49.76;4.71;27/08/2026;13:00;23.5;10;ORAGEUX;3;25.6;0
Charleville-Mézières;49.76;4.71;27/08/2026;14:00;25.9;10;ORAGEUX;2;24.5;0
Charleville-Mézières;49.76;4.71;27/08/2026;15:00;25.9;10;ORAGEUX;2;25.6;0
Charleville-Mézières;49.76;4.71;27/08/2026;16:00;25.9;10;ORAGEUX;2;27.0;0
Charleville-Mézières;49.76;4.71;27/08/2026;17:00;24.1;10;ORAGEUX;3;27.7;0
Charleville-Mézières;49.76;4.71;27/08/2026;18:00;24.1;10;ORAGEUX;3;26.3;0
Charleville-Mézières;49.76;4.71;27/08/2026;19:00;24.1;10;ORAGEUX;3;23.8;0
Charleville-Mézières;49.76;4.71;27/08/2026;20:00;22.2;10;ORAGEUX;5;22.3;0
Charleville-Mézières;49.76;4.71;27/08/2026;21:00;21.3;10;ORAGEUX;5;22.3;0
Charleville-Mézières;49.76;4.71;27/08/2026;22:00;20.4;10;ORAGEUX;5;23.0;0
Charleville-Mézières;49.76;4.71;27/08/2026;23:00;17.6;0;SOLEIL;4;23.8;0
Charleville-Mézières;49.76;4.71;28/08/2026;00:00;17.6;0;SOLEIL;4;23.8;0
Charleville-Mézières;49.76;4.71;28/08/2026;01:00;17.6;0;SOLEIL;4;23.4;0
Charleville-Mézières;49.76;4.71;28/08/2026;02:00;16.2;6;AVERSES;5;23.0;0
Charleville-Mézières;49.76;4.71;28/08/2026;03:00;16.2;6;AVERSES;5;22.3;0
Charleville-Mézières;49.76;4.71;28/08/2026;04:00;16.2;6;AVERSES;5;21.2;0
Charleville-Mézières;49.76;4.71;28/08/2026;05:00;16.9;6;AVERSES;4;20.9;0
Charleville-Mézières;49.76;4.71;28/08/2026;06:00;16.9;6;AVERSES;4;20.9;0
Charleville-Mézières;49.76;4.71;28/08/2026;07:00;16.9;6;AVERSES;4;21.6;0
Charleville-Mézières;49.76;4.71;28/08/2026;08:00;17.5;6;AVERSES;5;23.0;0
Charleville-Mézières;49.76;4.71;28/08/2026;09:00;18.2;6;AVERSES;5;25.2;0
Charleville-Mézières;49.76;4.71;28/08/2026;10:00;18.8;6;AVERSES;5;28.1;0
Charleville-Mézières;49.76;4.71;28/08/2026;11:00;20.6;6;AVERSES;5;31.3;0
Charleville-Mézières;49.76;4.71;28/08/2026;12:00;20.6;6;AVERSES;5;35.3;0
Charleville-Mézières;49.76;4.71;28/08/2026;13:00;20.6;6;AVERSES;5;40.0;0
Charleville-Mézières;49.76;4.71;28/08/2026;14:00;21.4;6;AVERSES;5;42.8;0
Charleville-Mézières;49.76;4.71;28/08/2026;15:00;22.1;6;AVERSES;5;43.6;0
Charleville-Mézières;49.76;4.71;28/08/2026;16:00;21.4;6;AVERSES;5;43.2;0
Charleville-Mézières;49.76;4.71;28/08/2026;17:00;19.6;6;AVERSES;4;42.1;0
Charleville-Mézières;49.76;4.71;28/08/2026;18:00;19.6;6;AVERSES;4;41.0;0
Charleville-Mézières;49.76;4.71;28/08/2026;19:00;19.6;6;AVERSES;4;39.6;0
Charleville-Mézières;49.76;4.71;28/08/2026;20:00;18.8;6;AVERSES;5;36.4;0
Charleville-Mézières;49.76;4.71;28/08/2026;21:00;18.2;6;AVERSES;5;29.9;0
Charleville-Mézières;49.76;4.71;28/08/2026;22:00;17.5;6;AVERSES;5;22.0;0
Charleville-Mézières;49.76;4.71;28/08/2026;23:00;17.7;7;PLUIE FAIBLE;4;16.6;0
Charleville-Mézières;49.76;4.71;29/08/2026;00:00;17.7;7;PLUIE FAIBLE;4;15.8;0
Charleville-Mézières;49.76;4.71;29/08/2026;01:00;17.7;7;PLUIE FAIBLE;4;16.6;0
Charleville-Mézières;49.76;4.71;29/08/2026;02:00;16.1;6;AVERSES;5;17.1;0
Charleville-Mézières;49.76;4.71;29/08/2026;03:00;16.1;6;AVERSES;5;16.9;0
Charleville-Mézières;49.76;4.71;29/08/2026;04:00;16.1;6;AVERSES;5;17.6;0
Charleville-Mézières;49.76;4.71;29/08/2026;05:00;16.9;2;NUAGEUX;4;18.7;0
Charleville-Mézières;49.76;4.71;29/08/2026;06:00;16.9;2;NUAGEUX;4;20.2;0
Charleville-Mézières;49.76;4.71;29/08/2026;07:00;16.9;2;NUAGEUX;4;21.6;0
Charleville-Mézières;49.76;4.71;29/08/2026;08:00;17.5;6;AVERSES;5;24.5;0
Charleville-Mézières;49.76;4.71;29/08/2026;09:00;18.2;6;AVERSES;5;29.2;0
Charleville-Mézières;49.76;4.71;29/08/2026;10:00;18.9;6;AVERSES;5;35.3;0
Charleville-Mézières;49.76;4.71;29/08/2026;11:00;21.5;6;AVERSES;5;39.6;0
Charleville-Mézières;49.76;4.71;29/08/2026;12:00;21.5;6;AVERSES;5;41.4;0
Charleville-Mézières;49.76;4.71;29/08/2026;13:00;21.5;6;AVERSES;5;42.1;0
Charleville-Mézières;49.76;4.71;29/08/2026;14:00;21.8;6;AVERSES;5;42.5;0
Charleville-Mézières;49.76;4.71;29/08/2026;15:00;22.5;6;AVERSES;5;43.6;0
Charleville-Mézières;49.76;4.71;29/08/2026;16:00;21.8;6;AVERSES;5;45.0;0
Charleville-Mézières;49.76;4.71;29/08/2026;17:00;20.9;6;AVERSES;4;45.4;0
Charleville-Mézières;49.76;4.71;29/08/2026;18:00;20.9;6;AVERSES;4;44.6;0
Charleville-Mézières;49.76;4.71;29/08/2026;19:00;20.9;6;AVERSES;4;43.2;0
Charleville-Mézières;49.76;4.71;29/08/2026;20:00;18.9;6;AVERSES;5;42.5;0
Charleville-Mézières;49.76;4.71;29/08/2026;21:00;18.2;6;AVERSES;5;43.6;0
Charleville-Mézières;49.76;4.71;29/08/2026;22:00;17.5;6;AVERSES;5;45.7;0
Charleville-Mézières;49.76;4.71;29/08/2026;23:00;19.1;7;PLUIE FAIBLE;4;45.7;0
Rethel;49.51;4.36;25/08/2026;00:00;15.1;5;SOLEIL VOILÉ;3;16.6;0
Rethel;49.51;4.36;25/08/2026;01:00;13.5;2;NUAGEUX;3;10.8;0
Rethel;49.51;4.36;25/08/2026;02:00;13.2;2;NUAGEUX;2;14.8;0
Rethel;49.51;4.36;25/08/2026;03:00;13.7;2;NUAGEUX;2;14.0;0
Rethel;49.51;4.36;25/08/2026;04:00;14.9;6;AVERSES;1;13.3;0.1
Rethel;49.51;4.36;25/08/2026;05:00;13.4;6;AVERSES;2;9.4;0.1
Rethel;49.51;4.36;25/08/2026;06:00;15;6;AVERSES;3;3.2;0.1
Rethel;49.51;4.36;25/08/2026;07:00;13.1;6;AVERSES;2;18.0;0.2
Rethel;49.51;4.36;25/08/2026;08:00;13.5;6;AVERSES;3;19.8;0.4
Rethel;49.51;4.36;25/08/2026;09:00;15.1;6;AVERSES;3;20.9;0.4
Rethel;49.51;4.36;25/08/2026;10:00;16.2;6;AVERSES;3;17.3;0.5
Rethel;49.51;4.36;25/08/2026;11:00;17.5;6;AVERSES;3;19.4;0.3
Rethel;49.51;4.36;25/08/2026;12:00;19.6;6;AVERSES;3;19.4;0.1
Rethel;49.51;4.36;25/08/2026;13:00;21.5;2;NUAGEUX;2;17.6;0
Rethel;49.51;4.36;25/08/2026;14:00;21.7;6;AVERSES;2;20.9;0.1
Rethel;49.51;4.36;25/08/2026;15:00;22.6;2;NUAGEUX;2;19.8;0
Rethel;49.51;4.36;25/08/2026;16:00;22.9;2;NUAGEUX;2;17.3;0
Rethel;49.51;4.36;25/08/2026;17:00;22.5;2;NUAGEUX;2;15.5;0
Rethel;49.51;4.36;25/08/2026;18:00;21.1;6;AVERSES;2;14.4;0.1
Rethel;49.51;4.36;25/08/2026;19:00;19.9;0;SOLEIL;2;14.0;0
Rethel;49.51;4.36;25/08/2026;20:00;18.7;5;SOLEIL VOILÉ;2;12.2;0
Rethel;49.51;4.36;25/08/2026;21:00;18.1;5;SOLEIL VOILÉ;2;15.8;0
Rethel;49.51;4.36;25/08/2026;22:00;17.9;5;SOLEIL VOILÉ;2;11.5;0
Rethel;49.51;4.36;25/08/2026;23:00;17.6;5;SOLEIL VOILÉ;2;11.5;0
Rethel;49.51;4.36;26/08/2026;00:00;17.6;5;SOLEIL VOILÉ;2;12.2;0
Rethel;49.51;4.36;26/08/2026;01:00;17.6;5;SOLEIL VOILÉ;2;11.5;0
Rethel;49.51;4.36;26/08/2026;02:00;16.1;2;NUAGEUX;2;15.8;0
Rethel;49.51;4.36;26/08/2026;03:00;16.1;2;NUAGEUX;2;20.2;0
Rethel;49.51;4.36;26/08/2026;04:00;16.1;2;NUAGEUX;2;20.9;0
Rethel;49.51;4.36;26/08/2026;05:00;16.7;6;AVERSES;2;19.8;0
Rethel;49.51;4.36;26/08/2026;06:00;16.7;6;AVERSES;2;13.3;0
Rethel;49.51;4.36;26/08/2026;07:00;16.7;6;AVERSES;2;10.8;0
Rethel;49.51;4.36;26/08/2026;08:00;19.7;6;AVERSES;2;9.4;0
Rethel;49.51;4.36;26/08/2026;09:00;19.7;6;AVERSES;2;11.9;0
Rethel;49.51;4.36;26/08/2026;10:00;19.7;6;AVERSES;2;12.6;0
Rethel;49.51;4.36;26/08/2026;11:00;22.6;5;SOLEIL VOILÉ;3;22.3;0
Rethel;49.51;4.36;26/08/2026;12:00;22.6;5;SOLEIL VOILÉ;3;22.7;0
Rethel;49.51;4.36;26/08/2026;13:00;22.6;5;SOLEIL VOILÉ;3;22.3;0
Rethel;49.51;4.36;26/08/2026;14:00;24.7;5;SOLEIL VOILÉ;2;23.4;0
Rethel;49.51;4.36;26/08/2026;15:00;24.7;5;SOLEIL VOILÉ;2;26.1;0
Rethel;49.51;4.36;26/08/2026;16:00;24.7;5;SOLEIL VOILÉ;2;26.3;0
Rethel;49.51;4.36;26/08/2026;17:00;23.1;5;SOLEIL VOILÉ;2;23.4;0
Rethel;49.51;4.36;26/08/2026;18:00;23.1;5;SOLEIL VOILÉ;2;19.4;0
Rethel;49.51;4.36;26/08/2026;19:00;23.1;5;SOLEIL VOILÉ;2;13.7;0
Rethel;49.51;4.36;26/08/2026;20:00;16.9;5;SOLEIL VOILÉ;3;9.0;0
Rethel;49.51;4.36;26/08/2026;21:00;16.9;5;SOLEIL VOILÉ;3;8.3;0
Rethel;49.51;4.36;26/08/2026;22:00;16.9;5;SOLEIL VOILÉ;3;10.8;0
Rethel;49.51;4.36;26/08/2026;23:00;17.2;5;SOLEIL VOILÉ;4;11.9;0
Rethel;49.51;4.36;27/08/2026;00:00;17.2;5;SOLEIL VOILÉ;4;15.1;0
Rethel;49.51;4.36;27/08/2026;01:00;17.2;5;SOLEIL VOILÉ;4;17.6;0
Rethel;49.51;4.36;27/08/2026;02:00;16.4;10;ORAGEUX;4;19.8;0
Rethel;49.51;4.36;27/08/2026;03:00;16.4;10;ORAGEUX;4;24.8;0
Rethel;49.51;4.36;27/08/2026;04:00;16.4;10;ORAGEUX;4;21.2;0
Rethel;49.51;4.36;27/08/2026;05:00;17.4;5;SOLEIL VOILÉ;3;23.0;0
Rethel;49.51;4.36;27/08/2026;06:00;17.4;5;SOLEIL VOILÉ;3;18.7;0
Rethel;49.51;4.36;27/08/2026;07:00;17.4;5;SOLEIL VOILÉ;3;19.1;0
Rethel;49.51;4.36;27/08/2026;08:00;21.9;5;SOLEIL VOILÉ;3;18.7;0
Rethel;49.51;4.36;27/08/2026;09:00;21.9;5;SOLEIL VOILÉ;3;17.6;0
Rethel;49.51;4.36;27/08/2026;10:00;21.9;5;SOLEIL VOILÉ;3;19.4;0
Rethel;49.51;4.36;27/08/2026;11:00;25.1;5;SOLEIL VOILÉ;3;20.2;0
Rethel;49.51;4.36;27/08/2026;12:00;25.1;5;SOLEIL VOILÉ;3;19.1;0
Rethel;49.51;4.36;27/08/2026;13:00;25.1;5;SOLEIL VOILÉ;3;18.0;0
Rethel;49.51;4.36;27/08/2026;14:00;27.6;5;SOLEIL VOILÉ;2;18.4;0
Rethel;49.51;4.36;27/08/2026;15:00;27.6;5;SOLEIL VOILÉ;2;18.0;0
Rethel;49.51;4.36;27/08/2026;16:00;27.6;5;SOLEIL VOILÉ;2;17.6;0
Rethel;49.51;4.36;27/08/2026;17:00;25.7;10;ORAGEUX;2;18.4;0
Rethel;49.51;4.36;27/08/2026;18:00;25.7;10;ORAGEUX;2;20.9;0
Rethel;49.51;4.36;27/08/2026;19:00;25.7;10;ORAGEUX;2;24.5;0
Rethel;49.51;4.36;27/08/2026;20:00;21.3;10;ORAGEUX;5;27.4;0
Rethel;49.51;4.36;27/08/2026;21:00;19.9;10;ORAGEUX;5;29.2;0
Rethel;49.51;4.36;27/08/2026;22:00;18.4;10;ORAGEUX;5;30.6;0
Rethel;49.51;4.36;27/08/2026;23:00;15.7;10;ORAGEUX;2;30.2;0
Rethel;49.51;4.36;28/08/2026;00:00;15.7;10;ORAGEUX;2;27.4;0
Rethel;49.51;4.36;28/08/2026;01:00;15.7;10;ORAGEUX;2;22.7;0
Rethel;49.51;4.36;28/08/2026;02:00;16.1;6;AVERSES;5;19.1;0
Rethel;49.51;4.36;28/08/2026;03:00;16.1;6;AVERSES;5;17.3;0
Rethel;49.51;4.36;28/08/2026;04:00;16.1;6;AVERSES;5;16.6;0
Rethel;49.51;4.36;28/08/2026;05:00;16.9;6;AVERSES;5;15.8;0
Rethel;49.51;4.36;28/08/2026;06:00;16.9;6;AVERSES;5;14.4;0
Rethel;49.51;4.36;28/08/2026;07:00;16.9;6;AVERSES;5;13.0;0
Rethel;49.51;4.36;28/08/2026;08:00;17.3;6;AVERSES;5;14.0;0
Rethel;49.51;4.36;28/08/2026;09:00;17.9;6;AVERSES;5;19.1;0
Rethel;49.51;4.36;28/08/2026;10:00;18.5;6;AVERSES;5;26.6;0
Rethel;49.51;4.36;28/08/2026;11:00;19.4;6;AVERSES;6;34.2;0
Rethel;49.51;4.36;28/08/2026;12:00;19.4;6;AVERSES;6;41.4;0
Rethel;49.51;4.36;28/08/2026;13:00;19.4;6;AVERSES;6;49.0;0
Rethel;49.51;4.36;28/08/2026;14:00;20.8;6;AVERSES;5;54.4;0
Rethel;49.51;4.36;28/08/2026;15:00;21.4;6;AVERSES;5;57.6;0
Rethel;49.51;4.36;28/08/2026;16:00;20.8;6;AVERSES;5;59.0;0
Rethel;49.51;4.36;28/08/2026;17:00;18.1;6;AVERSES;3;59.0;0
Rethel;49.51;4.36;28/08/2026;18:00;18.1;6;AVERSES;3;57.2;0
Rethel;49.51;4.36;28/08/2026;19:00;18.1;6;AVERSES;3;53.6;0
Rethel;49.51;4.36;28/08/2026;20:00;18.5;6;AVERSES;5;49.0;0
Rethel;49.51;4.36;28/08/2026;21:00;17.9;6;AVERSES;5;42.1;0
Rethel;49.51;4.36;28/08/2026;22:00;17.3;6;AVERSES;5;34.2;0
Rethel;49.51;4.36;28/08/2026;23:00;15;6;AVERSES;4;27.4;0
Rethel;49.51;4.36;29/08/2026;00:00;15;6;AVERSES;4;23.0;0
Rethel;49.51;4.36;29/08/2026;01:00;15;6;AVERSES;4;20.2;0
Rethel;49.51;4.36;29/08/2026;02:00;13.9;6;AVERSES;5;18.0;0
Rethel;49.51;4.36;29/08/2026;03:00;13.9;6;AVERSES;5;16.2;0
Rethel;49.51;4.36;29/08/2026;04:00;13.9;6;AVERSES;5;15.5;0
Rethel;49.51;4.36;29/08/2026;05:00;15.5;6;AVERSES;4;16.2;0
Rethel;49.51;4.36;29/08/2026;06:00;15.5;6;AVERSES;4;19.4;0
Rethel;49.51;4.36;29/08/2026;07:00;15.5;6;AVERSES;4;24.1;0
Rethel;49.51;4.36;29/08/2026;08:00;15.3;6;AVERSES;5;28.8;0
Rethel;49.51;4.36;29/08/2026;09:00;16.0;6;AVERSES;5;33.5;0
Rethel;49.51;4.36;29/08/2026;10:00;16.7;6;AVERSES;5;37.8;0
Rethel;49.51;4.36;29/08/2026;11:00;18.7;6;AVERSES;5;41.0;0
Rethel;49.51;4.36;29/08/2026;12:00;18.7;6;AVERSES;5;42.1;0
Rethel;49.51;4.36;29/08/2026;13:00;18.7;6;AVERSES;5;41.4;0
Rethel;49.51;4.36;29/08/2026;14:00;19.4;6;AVERSES;5;41.0;0
Rethel;49.51;4.36;29/08/2026;15:00;20.1;6;AVERSES;5;41.0;0
Rethel;49.51;4.36;29/08/2026;16:00;19.4;6;AVERSES;5;41.0;0
Rethel;49.51;4.36;29/08/2026;17:00;18.4;6;AVERSES;3;40.7;0
Rethel;49.51;4.36;29/08/2026;18:00;18.4;6;AVERSES;3;40.3;0
Rethel;49.51;4.36;29/08/2026;19:00;18.4;6;AVERSES;3;39.6;0
Rethel;49.51;4.36;29/08/2026;20:00;16.7;6;AVERSES;5;39.2;0
Rethel;49.51;4.36;29/08/2026;21:00;16.0;6;AVERSES;5;37.4;0
Rethel;49.51;4.36;29/08/2026;22:00;15.3;6;AVERSES;5;36.0;0
Rethel;49.51;4.36;29/08/2026;23:00;15.6;6;AVERSES;4;34.2;0
Nogent-sur-Seine;48.49;3.5;25/08/2026;00:00;16;2;NUAGEUX;3;16.9;0
Nogent-sur-Seine;48.49;3.5;25/08/2026;01:00;14.9;2;NUAGEUX;2;18.4;0
Nogent-sur-Seine;48.49;3.5;25/08/2026;02:00;15.1;2;NUAGEUX;3;19.1;0
Nogent-sur-Seine;48.49;3.5;25/08/2026;03:00;14.6;6;AVERSES;3;18.7;0.2
Nogent-sur-Seine;48.49;3.5;25/08/2026;04:00;14.2;6;AVERSES;3;18.4;0.1
Nogent-sur-Seine;48.49;3.5;25/08/2026;05:00;13.1;6;AVERSES;3;22.0;0.5
Nogent-sur-Seine;48.49;3.5;25/08/2026;06:00;14;6;AVERSES;3;21.6;1.8
Nogent-sur-Seine;48.49;3.5;25/08/2026;07:00;14.6;6;AVERSES;3;17.6;1.2
Nogent-sur-Seine;48.49;3.5;25/08/2026;08:00;16.1;6;AVERSES;3;17.3;1.2
Nogent-sur-Seine;48.49;3.5;25/08/2026;09:00;17.2;6;AVERSES;3;15.8;0.8
Nogent-sur-Seine;48.49;3.5;25/08/2026;10:00;17;6;AVERSES;3;17.3;0.9
Nogent-sur-Seine;48.49;3.5;25/08/2026;11:00;18.4;6;AVERSES;2;16.6;0.1
Nogent-sur-Seine;48.49;3.5;25/08/2026;12:00;20.9;2;NUAGEUX;3;16.6;0
Nogent-sur-Seine;48.49;3.5;25/08/2026;13:00;22.9;2;NUAGEUX;2;16.2;0
Nogent-sur-Seine;48.49;3.5;25/08/2026;14:00;23.9;2;NUAGEUX;2;15.8;0
Nogent-sur-Seine;48.49;3.5;25/08/2026;15:00;24.5;2;NUAGEUX;3;10.4;0
Nogent-sur-Seine;48.49;3.5;25/08/2026;16:00;24.7;6;AVERSES;3;6.5;0.1
Nogent-sur-Seine;48.49;3.5;25/08/2026;17:00;23.9;6;AVERSES;3;9.4;0.1
Nogent-sur-Seine;48.49;3.5;25/08/2026;18:00;22.9;6;AVERSES;3;12.2;0.1
Nogent-sur-Seine;48.49;3.5;25/08/2026;19:00;21;0;SOLEIL;3;17.3;0
Nogent-sur-Seine;48.49;3.5;25/08/2026;20:00;19.7;5;SOLEIL VOILÉ;3;18.4;0
Nogent-sur-Seine;48.49;3.5;25/08/2026;21:00;19;5;SOLEIL VOILÉ;2;11.5;0
Nogent-sur-Seine;48.49;3.5;25/08/2026;22:00;18.1;5;SOLEIL VOILÉ;2;8.6;0
Nogent-sur-Seine;48.49;3.5;25/08/2026;23:00;18;5;SOLEIL VOILÉ;2;7.9;0
Nogent-sur-Seine;48.49;3.5;26/08/2026;00:00;18;5;SOLEIL VOILÉ;2;6.5;0
Nogent-sur-Seine;48.49;3.5;26/08/2026;01:00;18;5;SOLEIL VOILÉ;2;7.2;0
Nogent-sur-Seine;48.49;3.5;26/08/2026;02:00;17.2;5;SOLEIL VOILÉ;2;6.8;0
Nogent-sur-Seine;48.49;3.5;26/08/2026;03:00;17.2;5;SOLEIL VOILÉ;2;12.2;0
Nogent-sur-Seine;48.49;3.5;26/08/2026;04:00;17.2;5;SOLEIL VOILÉ;2;12.6;0
Nogent-sur-Seine;48.49;3.5;26/08/2026;05:00;17.4;6;AVERSES;3;11.2;0
Nogent-sur-Seine;48.49;3.5;26/08/2026;06:00;17.4;6;AVERSES;3;11.9;0
Nogent-sur-Seine;48.49;3.5;26/08/2026;07:00;17.4;6;AVERSES;3;12.6;0
Nogent-sur-Seine;48.49;3.5;26/08/2026;08:00;22.2;2;NUAGEUX;3;15.5;0
Nogent-sur-Seine;48.49;3.5;26/08/2026;09:00;22.2;2;NUAGEUX;3;15.5;0
Nogent-sur-Seine;48.49;3.5;26/08/2026;10:00;22.2;2;NUAGEUX;3;21.6;0
Nogent-sur-Seine;48.49;3.5;26/08/2026;11:00;25.6;5;SOLEIL VOILÉ;3;18.4;0
Nogent-sur-Seine;48.49;3.5;26/08/2026;12:00;25.6;5;SOLEIL VOILÉ;3;15.8;0
Nogent-sur-Seine;48.49;3.5;26/08/2026;13:00;25.6;5;SOLEIL VOILÉ;3;18.0;0
Nogent-sur-Seine;48.49;3.5;26/08/2026;14:00;27.4;5;SOLEIL VOILÉ;3;24.8;0
Nogent-sur-Seine;48.49;3.5;26/08/2026;15:00;27.4;5;SOLEIL VOILÉ;3;27.0;0
Nogent-sur-Seine;48.49;3.5;26/08/2026;16:00;27.4;5;SOLEIL VOILÉ;3;24.4;0
Nogent-sur-Seine;48.49;3.5;26/08/2026;17:00;24.7;5;SOLEIL VOILÉ;2;21.2;0
Nogent-sur-Seine;48.49;3.5;26/08/2026;18:00;24.7;5;SOLEIL VOILÉ;2;18.7;0
Nogent-sur-Seine;48.49;3.5;26/08/2026;19:00;24.7;5;SOLEIL VOILÉ;2;16.2;0
Nogent-sur-Seine;48.49;3.5;26/08/2026;20:00;19.9;5;SOLEIL VOILÉ;4;10.8;0
Nogent-sur-Seine;48.49;3.5;26/08/2026;21:00;19.9;5;SOLEIL VOILÉ;4;13.7;0
Nogent-sur-Seine;48.49;3.5;26/08/2026;22:00;19.9;5;SOLEIL VOILÉ;4;14.8;0
Nogent-sur-Seine;48.49;3.5;26/08/2026;23:00;18.4;10;ORAGEUX;4;17.3;0
Nogent-sur-Seine;48.49;3.5;27/08/2026;00:00;18.4;10;ORAGEUX;4;19.4;0
Nogent-sur-Seine;48.49;3.5;27/08/2026;01:00;18.4;10;ORAGEUX;4;19.1;0
Nogent-sur-Seine;48.49;3.5;27/08/2026;02:00;18.1;10;ORAGEUX;4;19.1;0
Nogent-sur-Seine;48.49;3.5;27/08/2026;03:00;18.1;10;ORAGEUX;4;23.4;0
Nogent-sur-Seine;48.49;3.5;27/08/2026;04:00;18.1;10;ORAGEUX;4;17.3;0
Nogent-sur-Seine;48.49;3.5;27/08/2026;05:00;18;5;SOLEIL VOILÉ;3;19.4;0
Nogent-sur-Seine;48.49;3.5;27/08/2026;06:00;18;5;SOLEIL VOILÉ;3;16.2;0
Nogent-sur-Seine;48.49;3.5;27/08/2026;07:00;18;5;SOLEIL VOILÉ;3;16.6;0
Nogent-sur-Seine;48.49;3.5;27/08/2026;08:00;23.1;10;ORAGEUX;3;15.8;0
Nogent-sur-Seine;48.49;3.5;27/08/2026;09:00;23.1;10;ORAGEUX;3;16.2;0
Nogent-sur-Seine;48.49;3.5;27/08/2026;10:00;23.1;10;ORAGEUX;3;16.9;0
Nogent-sur-Seine;48.49;3.5;27/08/2026;11:00;26.7;5;SOLEIL VOILÉ;2;18.4;0
Nogent-sur-Seine;48.49;3.5;27/08/2026;12:00;26.7;5;SOLEIL VOILÉ;2;15.5;0
Nogent-sur-Seine;48.49;3.5;27/08/2026;13:00;26.7;5;SOLEIL VOILÉ;2;15.8;0
Nogent-sur-Seine;48.49;3.5;27/08/2026;14:00;29.6;10;ORAGEUX;3;18.0;0
Nogent-sur-Seine;48.49;3.5;27/08/2026;15:00;29.6;10;ORAGEUX;3;21.2;0
Nogent-sur-Seine;48.49;3.5;27/08/2026;16:00;29.6;10;ORAGEUX;3;25.2;0
Nogent-sur-Seine;48.49;3.5;27/08/2026;17:00;26;10;ORAGEUX;2;28.4;0
Nogent-sur-Seine;48.49;3.5;27/08/2026;18:00;26;10;ORAGEUX;2;29.2;0
Nogent-sur-Seine;48.49;3.5;27/08/2026;19:00;26;10;ORAGEUX;2;28.8;0
Nogent-sur-Seine;48.49;3.5;27/08/2026;20:00;22.8;10;ORAGEUX;5;28.1;0
Nogent-sur-Seine;48.49;3.5;27/08/2026;21:00;21.3;10;ORAGEUX;5;27.4;0
Nogent-sur-Seine;48.49;3.5;27/08/2026;22:00;19.8;10;ORAGEUX;5;25.9;0
Nogent-sur-Seine;48.49;3.5;27/08/2026;23:00;18.9;10;ORAGEUX;3;24.5;0
Nogent-sur-Seine;48.49;3.5;28/08/2026;00:00;18.9;10;ORAGEUX;3;22.3;0
Nogent-sur-Seine;48.49;3.5;28/08/2026;01:00;18.9;10;ORAGEUX;3;19.4;0
Nogent-sur-Seine;48.49;3.5;28/08/2026;02:00;16.6;6;AVERSES;5;17.3;0
Nogent-sur-Seine;48.49;3.5;28/08/2026;03:00;16.6;6;AVERSES;5;16.2;0
Nogent-sur-Seine;48.49;3.5;28/08/2026;04:00;16.6;6;AVERSES;5;15.8;0
Nogent-sur-Seine;48.49;3.5;28/08/2026;05:00;17.1;6;AVERSES;5;15.5;0
Nogent-sur-Seine;48.49;3.5;28/08/2026;06:00;17.1;6;AVERSES;5;14.4;0
Nogent-sur-Seine;48.49;3.5;28/08/2026;07:00;17.1;6;AVERSES;5;13.0;0
Nogent-sur-Seine;48.49;3.5;28/08/2026;08:00;18.1;6;AVERSES;5;14.4;0
Nogent-sur-Seine;48.49;3.5;28/08/2026;09:00;18.9;6;AVERSES;5;19.8;0
Nogent-sur-Seine;48.49;3.5;28/08/2026;10:00;19.7;6;AVERSES;5;27.7;0
Nogent-sur-Seine;48.49;3.5;28/08/2026;11:00;22.2;6;AVERSES;6;35.3;0
Nogent-sur-Seine;48.49;3.5;28/08/2026;12:00;22.2;6;AVERSES;6;42.5;0
Nogent-sur-Seine;48.49;3.5;28/08/2026;13:00;22.2;6;AVERSES;6;49.7;0
Nogent-sur-Seine;48.49;3.5;28/08/2026;14:00;22.7;6;AVERSES;5;54.4;0
Nogent-sur-Seine;48.49;3.5;28/08/2026;15:00;23.5;6;AVERSES;5;55.8;0
Nogent-sur-Seine;48.49;3.5;28/08/2026;16:00;22.7;6;AVERSES;5;55.4;0
Nogent-sur-Seine;48.49;3.5;28/08/2026;17:00;19.5;6;AVERSES;4;54.0;0
Nogent-sur-Seine;48.49;3.5;28/08/2026;18:00;19.5;6;AVERSES;4;52.9;0
Nogent-sur-Seine;48.49;3.5;28/08/2026;19:00;19.5;6;AVERSES;4;51.1;0
Nogent-sur-Seine;48.49;3.5;28/08/2026;20:00;19.7;6;AVERSES;5;47.9;0
Nogent-sur-Seine;48.49;3.5;28/08/2026;21:00;18.9;6;AVERSES;5;41.8;0
Nogent-sur-Seine;48.49;3.5;28/08/2026;22:00;18.1;6;AVERSES;5;33.8;0
Nogent-sur-Seine;48.49;3.5;28/08/2026;23:00;16.5;7;PLUIE FAIBLE;4;27.0;0
Nogent-sur-Seine;48.49;3.5;29/08/2026;00:00;16.5;7;PLUIE FAIBLE;4;22.0;0
Nogent-sur-Seine;48.49;3.5;29/08/2026;01:00;16.5;7;PLUIE FAIBLE;4;18.0;0
Nogent-sur-Seine;48.49;3.5;29/08/2026;02:00;15.4;6;AVERSES;5;15.5;0
Nogent-sur-Seine;48.49;3.5;29/08/2026;03:00;15.4;6;AVERSES;5;14.4;0
Nogent-sur-Seine;48.49;3.5;29/08/2026;04:00;15.4;6;AVERSES;5;14.8;0
Nogent-sur-Seine;48.49;3.5;29/08/2026;05:00;16.1;6;AVERSES;5;16.2;0
Nogent-sur-Seine;48.49;3.5;29/08/2026;06:00;16.1;6;AVERSES;5;18.7;0
Nogent-sur-Seine;48.49;3.5;29/08/2026;07:00;16.1;6;AVERSES;5;22.3;0
Nogent-sur-Seine;48.49;3.5;29/08/2026;08:00;17.0;6;AVERSES;5;25.9;0
Nogent-sur-Seine;48.49;3.5;29/08/2026;09:00;17.8;6;AVERSES;5;29.9;0
Nogent-sur-Seine;48.49;3.5;29/08/2026;10:00;18.6;6;AVERSES;5;33.8;0
Nogent-sur-Seine;48.49;3.5;29/08/2026;11:00;21.7;6;AVERSES;6;37.1;0
Nogent-sur-Seine;48.49;3.5;29/08/2026;12:00;21.7;6;AVERSES;6;38.9;0
Nogent-sur-Seine;48.49;3.5;29/08/2026;13:00;21.7;6;AVERSES;6;40.0;0
Nogent-sur-Seine;48.49;3.5;29/08/2026;14:00;21.9;6;AVERSES;5;40.3;0
Nogent-sur-Seine;48.49;3.5;29/08/2026;15:00;22.7;6;AVERSES;5;40.3;0
Nogent-sur-Seine;48.49;3.5;29/08/2026;16:00;21.9;6;AVERSES;5;40.0;0
Nogent-sur-Seine;48.49;3.5;29/08/2026;17:00;20.1;7;PLUIE FAIBLE;3;39.2;0
Nogent-sur-Seine;48.49;3.5;29/08/2026;18:00;20.1;7;PLUIE FAIBLE;3;38.9;0
Nogent-sur-Seine;48.49;3.5;29/08/2026;19:00;20.1;7;PLUIE FAIBLE;3;38.2;0
Nogent-sur-Seine;48.49;3.5;29/08/2026;20:00;18.6;6;AVERSES;5;37.8;0
Nogent-sur-Seine;48.49;3.5;29/08/2026;21:00;17.8;6;AVERSES;5;35.6;0
Nogent-sur-Seine;48.49;3.5;29/08/2026;22:00;17.0;6;AVERSES;5;34.6;0
Nogent-sur-Seine;48.49;3.5;29/08/2026;23:00;17.6;0;SOLEIL;4;33.5;0
Troyes;48.3;4.07;25/08/2026;00:00;17.4;6;AVERSES;3;22.7;0.7
Troyes;48.3;4.07;25/08/2026;01:00;15.9;6;AVERSES;2;9.0;1.8
Troyes;48.3;4.07;25/08/2026;02:00;15.2;6;AVERSES;2;11.9;2
Troyes;48.3;4.07;25/08/2026;03:00;15.9;7;PLUIE FAIBLE;2;15.8;2.9
Troyes;48.3;4.07;25/08/2026;04:00;15;7;PLUIE FAIBLE;2;17.6;2.5
Troyes;48.3;4.07;25/08/2026;05:00;15.1;6;AVERSES;1;11.9;1.6
Troyes;48.3;4.07;25/08/2026;06:00;16.9;6;AVERSES;1;14.4;0.1
Troyes;48.3;4.07;25/08/2026;07:00;16.9;2;NUAGEUX;1;16.2;0
Troyes;48.3;4.07;25/08/2026;08:00;18.1;2;NUAGEUX;1;15.1;0
Troyes;48.3;4.07;25/08/2026;09:00;20.5;2;NUAGEUX;2;11.5;0
Troyes;48.3;4.07;25/08/2026;10:00;21.2;2;NUAGEUX;2;10.1;0
Troyes;48.3;4.07;25/08/2026;11:00;24;2;NUAGEUX;2;9.7;0
Troyes;48.3;4.07;25/08/2026;12:00;26.1;2;NUAGEUX;2;13.0;0
Troyes;48.3;4.07;25/08/2026;13:00;26.4;2;NUAGEUX;3;15.1;0
Troyes;48.3;4.07;25/08/2026;14:00;26.4;2;NUAGEUX;2;14.4;0
Troyes;48.3;4.07;25/08/2026;15:00;27;0;SOLEIL;2;15.5;0
Troyes;48.3;4.07;25/08/2026;16:00;27.1;6;AVERSES;2;13.0;0.1
Troyes;48.3;4.07;25/08/2026;17:00;26.1;6;AVERSES;2;11.9;0.1
Troyes;48.3;4.07;25/08/2026;18:00;24.2;6;AVERSES;2;9.4;0.1
Troyes;48.3;4.07;25/08/2026;19:00;21.4;5;SOLEIL VOILÉ;2;14.0;0
Troyes;48.3;4.07;25/08/2026;20:00;20.5;5;SOLEIL VOILÉ;2;29.9;0
Troyes;48.3;4.07;25/08/2026;21:00;19.9;5;SOLEIL VOILÉ;2;38.2;0
Troyes;48.3;4.07;25/08/2026;22:00;19.4;5;SOLEIL VOILÉ;2;39.2;0
Troyes;48.3;4.07;25/08/2026;23:00;19;0;SOLEIL;2;17.6;0
Troyes;48.3;4.07;26/08/2026;00:00;18.7;0;SOLEIL;2;14.0;0
Troyes;48.3;4.07;26/08/2026;01:00;18.7;0;SOLEIL;2;8.6;0
Troyes;48.3;4.07;26/08/2026;02:00;17.7;0;SOLEIL;3;7.2;0
Troyes;48.3;4.07;26/08/2026;03:00;17.7;0;SOLEIL;3;15.2;0
Troyes;48.3;4.07;26/08/2026;04:00;17.7;0;SOLEIL;3;19.3;0
Troyes;48.3;4.07;26/08/2026;05:00;17.9;0;SOLEIL;3;23.2;0
Troyes;48.3;4.07;26/08/2026;06:00;17.9;0;SOLEIL;3;24.5;0
Troyes;48.3;4.07;26/08/2026;07:00;17.9;0;SOLEIL;3;25.2;0
Troyes;48.3;4.07;26/08/2026;08:00;23.1;5;SOLEIL VOILÉ;3;23.8;0
Troyes;48.3;4.07;26/08/2026;09:00;23.1;5;SOLEIL VOILÉ;3;27.0;0
Troyes;48.3;4.07;26/08/2026;10:00;23.1;5;SOLEIL VOILÉ;3;28.4;0
Troyes;48.3;4.07;26/08/2026;11:00;27.2;5;SOLEIL VOILÉ;3;27.7;0
Troyes;48.3;4.07;26/08/2026;12:00;27.2;5;SOLEIL VOILÉ;3;25.2;0
Troyes;48.3;4.07;26/08/2026;13:00;27.2;5;SOLEIL VOILÉ;3;24.5;0
Troyes;48.3;4.07;26/08/2026;14:00;29.2;5;SOLEIL VOILÉ;3;26.3;0
Troyes;48.3;4.07;26/08/2026;15:00;29.2;5;SOLEIL VOILÉ;3;21.2;0
Troyes;48.3;4.07;26/08/2026;16:00;29.2;5;SOLEIL VOILÉ;3;17.6;0
Troyes;48.3;4.07;26/08/2026;17:00;26.9;5;SOLEIL VOILÉ;3;16.6;0
Troyes;48.3;4.07;26/08/2026;18:00;26.9;5;SOLEIL VOILÉ;3;17.3;0
Troyes;48.3;4.07;26/08/2026;19:00;26.9;5;SOLEIL VOILÉ;3;18.7;0
Troyes;48.3;4.07;26/08/2026;20:00;20.9;10;ORAGEUX;4;21.6;0
Troyes;48.3;4.07;26/08/2026;21:00;20.9;10;ORAGEUX;4;24.1;0
Troyes;48.3;4.07;26/08/2026;22:00;20.9;10;ORAGEUX;4;24.1;0
Troyes;48.3;4.07;26/08/2026;23:00;18.1;10;ORAGEUX;4;26.3;0
Troyes;48.3;4.07;27/08/2026;00:00;18.1;10;ORAGEUX;4;24.8;0
Troyes;48.3;4.07;27/08/2026;01:00;18.1;10;ORAGEUX;4;33.1;0
Troyes;48.3;4.07;27/08/2026;02:00;17.2;5;SOLEIL VOILÉ;3;32.8;0
Troyes;48.3;4.07;27/08/2026;03:00;17.2;5;SOLEIL VOILÉ;3;27.4;0
Troyes;48.3;4.07;27/08/2026;04:00;17.2;5;SOLEIL VOILÉ;3;17.6;0
Troyes;48.3;4.07;27/08/2026;05:00;17.5;10;ORAGEUX;3;20.5;0
Troyes;48.3;4.07;27/08/2026;06:00;17.5;10;ORAGEUX;3;16.9;0
Troyes;48.3;4.07;27/08/2026;07:00;17.5;10;ORAGEUX;3;15.1;0
Troyes;48.3;4.07;27/08/2026;08:00;23.1;10;ORAGEUX;2;7.9;0
Troyes;48.3;4.07;27/08/2026;09:00;23.1;10;ORAGEUX;2;13.7;0
Troyes;48.3;4.07;27/08/2026;10:00;23.1;10;ORAGEUX;2;23.4;0
Troyes;48.3;4.07;27/08/2026;11:00;25.6;10;ORAGEUX;3;29.9;0
Troyes;48.3;4.07;27/08/2026;12:00;25.6;10;ORAGEUX;3;29.5;0
Troyes;48.3;4.07;27/08/2026;13:00;25.6;10;ORAGEUX;3;25.6;0
Troyes;48.3;4.07;27/08/2026;14:00;27.7;10;ORAGEUX;3;23.0;0
Troyes;48.3;4.07;27/08/2026;15:00;27.7;10;ORAGEUX;3;23.8;0
Troyes;48.3;4.07;27/08/2026;16:00;27.7;10;ORAGEUX;3;25.2;0
Troyes;48.3;4.07;27/08/2026;17:00;25.5;10;ORAGEUX;3;26.6;0
Troyes;48.3;4.07;27/08/2026;18:00;25.5;10;ORAGEUX;3;27.0;0
Troyes;48.3;4.07;27/08/2026;19:00;25.5;10;ORAGEUX;3;27.4;0
Troyes;48.3;4.07;27/08/2026;20:00;22.1;10;ORAGEUX;5;25.9;0
Troyes;48.3;4.07;27/08/2026;21:00;20.6;10;ORAGEUX;5;21.2;0
Troyes;48.3;4.07;27/08/2026;22:00;19.1;10;ORAGEUX;5;15.5;0
Troyes;48.3;4.07;27/08/2026;23:00;17.7;10;ORAGEUX;4;13.3;0
Troyes;48.3;4.07;28/08/2026;00:00;17.7;10;ORAGEUX;4;18.7;0
Troyes;48.3;4.07;28/08/2026;01:00;17.7;10;ORAGEUX;4;28.1;0
Troyes;48.3;4.07;28/08/2026;02:00;15.7;6;AVERSES;5;34.6;0
Troyes;48.3;4.07;28/08/2026;03:00;15.7;6;AVERSES;5;35.6;0
Troyes;48.3;4.07;28/08/2026;04:00;15.7;6;AVERSES;5;34.2;0
Troyes;48.3;4.07;28/08/2026;05:00;16.2;7;PLUIE FAIBLE;5;32.8;0
Troyes;48.3;4.07;28/08/2026;06:00;16.2;7;PLUIE FAIBLE;5;32.8;0
Troyes;48.3;4.07;28/08/2026;07:00;16.2;7;PLUIE FAIBLE;5;32.8;0
Troyes;48.3;4.07;28/08/2026;08:00;17.3;6;AVERSES;5;33.5;0
Troyes;48.3;4.07;28/08/2026;09:00;18.2;6;AVERSES;5;34.9;0
Troyes;48.3;4.07;28/08/2026;10:00;19.0;6;AVERSES;5;36.7;0
Troyes;48.3;4.07;28/08/2026;11:00;21.6;6;AVERSES;6;38.2;0
Troyes;48.3;4.07;28/08/2026;12:00;21.6;6;AVERSES;6;38.9;0
Troyes;48.3;4.07;28/08/2026;13:00;21.6;6;AVERSES;6;38.9;0
Troyes;48.3;4.07;28/08/2026;14:00;22.3;6;AVERSES;5;39.6;0
Troyes;48.3;4.07;28/08/2026;15:00;23.1;6;AVERSES;5;41.8;0
Troyes;48.3;4.07;28/08/2026;16:00;22.3;6;AVERSES;5;43.9;0
Troyes;48.3;4.07;28/08/2026;17:00;19.6;6;AVERSES;4;44.3;0
Troyes;48.3;4.07;28/08/2026;18:00;19.6;6;AVERSES;4;40.3;0
Troyes;48.3;4.07;28/08/2026;19:00;19.6;6;AVERSES;4;34.2;0
Troyes;48.3;4.07;28/08/2026;20:00;19.0;6;AVERSES;5;28.8;0
Troyes;48.3;4.07;28/08/2026;21:00;18.2;6;AVERSES;5;25.2;0
Troyes;48.3;4.07;28/08/2026;22:00;17.3;6;AVERSES;5;22.0;0
Troyes;48.3;4.07;28/08/2026;23:00;16.6;7;PLUIE FAIBLE;5;19.4;0
Troyes;48.3;4.07;29/08/2026;00:00;16.6;7;PLUIE FAIBLE;5;17.5;0
Troyes;48.3;4.07;29/08/2026;01:00;16.6;7;PLUIE FAIBLE;5;15.7;0
Troyes;48.3;4.07;29/08/2026;02:00;15.1;6;AVERSES;5;14.9;0
Troyes;48.3;4.07;29/08/2026;03:00;15.1;6;AVERSES;5;14.8;0
Troyes;48.3;4.07;29/08/2026;04:00;15.1;6;AVERSES;5;14.8;0
Troyes;48.3;4.07;29/08/2026;05:00;16.1;6;AVERSES;5;15.1;0
Troyes;48.3;4.07;29/08/2026;06:00;16.1;6;AVERSES;5;15.1;0
Troyes;48.3;4.07;29/08/2026;07:00;16.1;6;AVERSES;5;15.1;0
Troyes;48.3;4.07;29/08/2026;08:00;16.9;6;AVERSES;5;18.0;0
Troyes;48.3;4.07;29/08/2026;09:00;17.9;6;AVERSES;5;25.6;0
Troyes;48.3;4.07;29/08/2026;10:00;18.8;6;AVERSES;5;36.0;0
Troyes;48.3;4.07;29/08/2026;11:00;22.2;6;AVERSES;6;43.6;0
Troyes;48.3;4.07;29/08/2026;12:00;22.2;6;AVERSES;6;46.1;0
Troyes;48.3;4.07;29/08/2026;13:00;22.2;6;AVERSES;6;46.4;0
Troyes;48.3;4.07;29/08/2026;14:00;22.5;6;AVERSES;5;46.4;0
Troyes;48.3;4.07;29/08/2026;15:00;23.4;6;AVERSES;5;47.9;0
Troyes;48.3;4.07;29/08/2026;16:00;22.5;6;AVERSES;5;49.7;0
Troyes;48.3;4.07;29/08/2026;17:00;20.7;6;AVERSES;4;49.7;0
Troyes;48.3;4.07;29/08/2026;18:00;20.7;6;AVERSES;4;46.4;0
Troyes;48.3;4.07;29/08/2026;19:00;20.7;6;AVERSES;4;41.4;0
Troyes;48.3;4.07;29/08/2026;20:00;18.8;6;AVERSES;5;38.5;0
Troyes;48.3;4.07;29/08/2026;21:00;17.9;6;AVERSES;5;39.2;0
Troyes;48.3;4.07;29/08/2026;22:00;16.9;6;AVERSES;5;42.1;0
Troyes;48.3;4.07;29/08/2026;23:00;17.5;0;SOLEIL;4;44.3;0
Vitry-le-Croisé;48.15;4.65;25/08/2026;00:00;18.6;6;AVERSES;2;15.8;0.3
Vitry-le-Croisé;48.15;4.65;25/08/2026;01:00;17.1;6;AVERSES;2;7.6;1.1
Vitry-le-Croisé;48.15;4.65;25/08/2026;02:00;16.7;6;AVERSES;2;16.2;1.3
Vitry-le-Croisé;48.15;4.65;25/08/2026;03:00;16.1;7;PLUIE FAIBLE;1;19.1;3.1
Vitry-le-Croisé;48.15;4.65;25/08/2026;04:00;15.5;7;PLUIE FAIBLE;2;15.1;3.4
Vitry-le-Croisé;48.15;4.65;25/08/2026;05:00;15.7;6;AVERSES;2;16.2;0.3
Vitry-le-Croisé;48.15;4.65;25/08/2026;06:00;16.9;2;NUAGEUX;2;14.4;0
Vitry-le-Croisé;48.15;4.65;25/08/2026;07:00;18.4;2;NUAGEUX;2;15.8;0
Vitry-le-Croisé;48.15;4.65;25/08/2026;08:00;19.6;2;NUAGEUX;2;16.9;0
Vitry-le-Croisé;48.15;4.65;25/08/2026;09:00;21.6;2;NUAGEUX;3;13.7;0
Vitry-le-Croisé;48.15;4.65;25/08/2026;10:00;23;2;NUAGEUX;3;16.9;0
Vitry-le-Croisé;48.15;4.65;25/08/2026;11:00;24.6;2;NUAGEUX;3;19.1;0
Vitry-le-Croisé;48.15;4.65;25/08/2026;12:00;26.1;2;NUAGEUX;3;22.0;0
Vitry-le-Croisé;48.15;4.65;25/08/2026;13:00;27.1;2;NUAGEUX;3;19.1;0
Vitry-le-Croisé;48.15;4.65;25/08/2026;14:00;27.1;0;SOLEIL;4;25.2;0
Vitry-le-Croisé;48.15;4.65;25/08/2026;15:00;26.6;0;SOLEIL;3;32.8;0
Vitry-le-Croisé;48.15;4.65;25/08/2026;16:00;25.6;6;AVERSES;4;29.5;0.1
Vitry-le-Croisé;48.15;4.65;25/08/2026;17:00;24.2;6;AVERSES;3;27.0;0.1
Vitry-le-Croisé;48.15;4.65;25/08/2026;18:00;22.6;6;AVERSES;3;20.2;0.1
Vitry-le-Croisé;48.15;4.65;25/08/2026;19:00;20.2;5;SOLEIL VOILÉ;2;21.2;0
Vitry-le-Croisé;48.15;4.65;25/08/2026;20:00;20;5;SOLEIL VOILÉ;2;27.0;0
Vitry-le-Croisé;48.15;4.65;25/08/2026;21:00;20.1;5;SOLEIL VOILÉ;2;34.6;0
Vitry-le-Croisé;48.15;4.65;25/08/2026;22:00;19.9;5;SOLEIL VOILÉ;2;32.0;0
Vitry-le-Croisé;48.15;4.65;25/08/2026;23:00;19.4;0;SOLEIL;2;20.9;0
Vitry-le-Croisé;48.15;4.65;26/08/2026;00:00;18.9;6;AVERSES;2;20.5;0.2
Vitry-le-Croisé;48.15;4.65;26/08/2026;01:00;18.9;6;AVERSES;2;19.8;0.2
Vitry-le-Croisé;48.15;4.65;26/08/2026;02:00;18;0;SOLEIL;3;21.6;0
Vitry-le-Croisé;48.15;4.65;26/08/2026;03:00;18;0;SOLEIL;3;21.1;0
Vitry-le-Croisé;48.15;4.65;26/08/2026;04:00;18;0;SOLEIL;3;21.1;0
Vitry-le-Croisé;48.15;4.65;26/08/2026;05:00;17.9;0;SOLEIL;3;20.2;0
Vitry-le-Croisé;48.15;4.65;26/08/2026;06:00;17.9;0;SOLEIL;3;19.1;0
Vitry-le-Croisé;48.15;4.65;26/08/2026;07:00;17.9;0;SOLEIL;3;20.5;0
Vitry-le-Croisé;48.15;4.65;26/08/2026;08:00;22.1;0;SOLEIL;3;19.8;0
Vitry-le-Croisé;48.15;4.65;26/08/2026;09:00;22.1;0;SOLEIL;3;22.3;0
Vitry-le-Croisé;48.15;4.65;26/08/2026;10:00;22.1;0;SOLEIL;3;25.9;0
Vitry-le-Croisé;48.15;4.65;26/08/2026;11:00;26.2;5;SOLEIL VOILÉ;2;25.6;0
Vitry-le-Croisé;48.15;4.65;26/08/2026;12:00;26.2;5;SOLEIL VOILÉ;2;26.3;0
Vitry-le-Croisé;48.15;4.65;26/08/2026;13:00;26.2;5;SOLEIL VOILÉ;2;26.3;0
Vitry-le-Croisé;48.15;4.65;26/08/2026;14:00;29;5;SOLEIL VOILÉ;3;26.6;0
Vitry-le-Croisé;48.15;4.65;26/08/2026;15:00;29;5;SOLEIL VOILÉ;3;24.8;0
Vitry-le-Croisé;48.15;4.65;26/08/2026;16:00;29;5;SOLEIL VOILÉ;3;19.1;0
Vitry-le-Croisé;48.15;4.65;26/08/2026;17:00;26;5;SOLEIL VOILÉ;3;18.4;0
Vitry-le-Croisé;48.15;4.65;26/08/2026;18:00;26;5;SOLEIL VOILÉ;3;20.2;0
Vitry-le-Croisé;48.15;4.65;26/08/2026;19:00;26;5;SOLEIL VOILÉ;3;20.2;0
Vitry-le-Croisé;48.15;4.65;26/08/2026;20:00;21.9;10;ORAGEUX;4;19.8;0
Vitry-le-Croisé;48.15;4.65;26/08/2026;21:00;21.9;10;ORAGEUX;4;21.2;0
Vitry-le-Croisé;48.15;4.65;26/08/2026;22:00;21.9;10;ORAGEUX;4;24.8;0
Vitry-le-Croisé;48.15;4.65;26/08/2026;23:00;19.1;10;ORAGEUX;3;26.3;0
Vitry-le-Croisé;48.15;4.65;27/08/2026;00:00;19.1;10;ORAGEUX;3;22.0;0
Vitry-le-Croisé;48.15;4.65;27/08/2026;01:00;19.1;10;ORAGEUX;3;22.3;0
Vitry-le-Croisé;48.15;4.65;27/08/2026;02:00;18;5;SOLEIL VOILÉ;4;22.3;0
Vitry-le-Croisé;48.15;4.65;27/08/2026;03:00;18;5;SOLEIL VOILÉ;4;17.6;0
Vitry-le-Croisé;48.15;4.65;27/08/2026;04:00;18;5;SOLEIL VOILÉ;4;12.6;0
Vitry-le-Croisé;48.15;4.65;27/08/2026;05:00;18.9;5;SOLEIL VOILÉ;3;28.8;0
Vitry-le-Croisé;48.15;4.65;27/08/2026;06:00;18.9;5;SOLEIL VOILÉ;3;33.5;0
Vitry-le-Croisé;48.15;4.65;27/08/2026;07:00;18.9;5;SOLEIL VOILÉ;3;23.8;0
Vitry-le-Croisé;48.15;4.65;27/08/2026;08:00;24.2;5;SOLEIL VOILÉ;3;14.8;0
Vitry-le-Croisé;48.15;4.65;27/08/2026;09:00;24.2;5;SOLEIL VOILÉ;3;19.4;0
Vitry-le-Croisé;48.15;4.65;27/08/2026;10:00;24.2;5;SOLEIL VOILÉ;3;27.7;0
Vitry-le-Croisé;48.15;4.65;27/08/2026;11:00;25.4;5;SOLEIL VOILÉ;3;33.1;0
Vitry-le-Croisé;48.15;4.65;27/08/2026;12:00;25.4;5;SOLEIL VOILÉ;3;32.8;0
Vitry-le-Croisé;48.15;4.65;27/08/2026;13:00;25.4;5;SOLEIL VOILÉ;3;29.9;0
Vitry-le-Croisé;48.15;4.65;27/08/2026;14:00;29.5;10;ORAGEUX;3;27.0;0
Vitry-le-Croisé;48.15;4.65;27/08/2026;15:00;29.5;10;ORAGEUX;3;24.8;0
Vitry-le-Croisé;48.15;4.65;27/08/2026;16:00;29.5;10;ORAGEUX;3;22.3;0
Vitry-le-Croisé;48.15;4.65;27/08/2026;17:00;24.7;10;ORAGEUX;3;20.9;0
Vitry-le-Croisé;48.15;4.65;27/08/2026;18:00;24.7;10;ORAGEUX;3;20.5;0
Vitry-le-Croisé;48.15;4.65;27/08/2026;19:00;24.7;10;ORAGEUX;3;21.2;0
Vitry-le-Croisé;48.15;4.65;27/08/2026;20:00;23.0;10;ORAGEUX;5;22.0;0
Vitry-le-Croisé;48.15;4.65;27/08/2026;21:00;21.5;10;ORAGEUX;5;22.3;0
Vitry-le-Croisé;48.15;4.65;27/08/2026;22:00;20.1;10;ORAGEUX;5;22.7;0
Vitry-le-Croisé;48.15;4.65;27/08/2026;23:00;19;10;ORAGEUX;4;23.4;0
Vitry-le-Croisé;48.15;4.65;28/08/2026;00:00;19;10;ORAGEUX;4;24.1;0
Vitry-le-Croisé;48.15;4.65;28/08/2026;01:00;19;10;ORAGEUX;4;25.2;0
Vitry-le-Croisé;48.15;4.65;28/08/2026;02:00;17.1;6;AVERSES;5;25.9;0
Vitry-le-Croisé;48.15;4.65;28/08/2026;03:00;17.1;6;AVERSES;5;26.3;0
Vitry-le-Croisé;48.15;4.65;28/08/2026;04:00;17.1;6;AVERSES;5;26.6;0
Vitry-le-Croisé;48.15;4.65;28/08/2026;05:00;17.7;7;PLUIE FAIBLE;5;27.0;0
Vitry-le-Croisé;48.15;4.65;28/08/2026;06:00;17.7;7;PLUIE FAIBLE;5;27.0;0
Vitry-le-Croisé;48.15;4.65;28/08/2026;07:00;17.7;7;PLUIE FAIBLE;5;27.4;0
Vitry-le-Croisé;48.15;4.65;28/08/2026;08:00;18.7;6;AVERSES;5;28.8;0
Vitry-le-Croisé;48.15;4.65;28/08/2026;09:00;19.5;6;AVERSES;5;32.8;0
Vitry-le-Croisé;48.15;4.65;28/08/2026;10:00;20.3;6;AVERSES;5;38.2;0
Vitry-le-Croisé;48.15;4.65;28/08/2026;11:00;23;6;AVERSES;6;42.5;0
Vitry-le-Croisé;48.15;4.65;28/08/2026;12:00;23;6;AVERSES;6;44.6;0
Vitry-le-Croisé;48.15;4.65;28/08/2026;13:00;23;6;AVERSES;6;45.7;0
Vitry-le-Croisé;48.15;4.65;28/08/2026;14:00;23.4;6;AVERSES;5;46.1;0
Vitry-le-Croisé;48.15;4.65;28/08/2026;15:00;24.2;6;AVERSES;5;46.4;0
Vitry-le-Croisé;48.15;4.65;28/08/2026;16:00;23.4;6;AVERSES;5;46.1;0
Vitry-le-Croisé;48.15;4.65;28/08/2026;17:00;19.9;6;AVERSES;4;45.7;0
Vitry-le-Croisé;48.15;4.65;28/08/2026;18:00;19.9;6;AVERSES;4;46.1;0
Vitry-le-Croisé;48.15;4.65;28/08/2026;19:00;19.9;6;AVERSES;4;46.1;0
Vitry-le-Croisé;48.15;4.65;28/08/2026;20:00;20.3;6;AVERSES;5;43.6;0
Vitry-le-Croisé;48.15;4.65;28/08/2026;21:00;19.5;6;AVERSES;5;36.0;0
Vitry-le-Croisé;48.15;4.65;28/08/2026;22:00;18.7;6;AVERSES;5;25.6;0
Vitry-le-Croisé;48.15;4.65;28/08/2026;23:00;17.6;7;PLUIE FAIBLE;4;17.6;0
Vitry-le-Croisé;48.15;4.65;29/08/2026;00:00;17.6;7;PLUIE FAIBLE;4;14.7;0
Vitry-le-Croisé;48.15;4.65;29/08/2026;01:00;17.6;7;PLUIE FAIBLE;4;14.2;0
Vitry-le-Croisé;48.15;4.65;29/08/2026;02:00;16.1;6;AVERSES;5;14.1;0
Vitry-le-Croisé;48.15;4.65;29/08/2026;03:00;16.1;6;AVERSES;5;14.8;0
Vitry-le-Croisé;48.15;4.65;29/08/2026;04:00;16.1;6;AVERSES;5;15.5;0
Vitry-le-Croisé;48.15;4.65;29/08/2026;05:00;17.2;7;PLUIE FAIBLE;4;16.2;0
Vitry-le-Croisé;48.15;4.65;29/08/2026;06:00;17.2;7;PLUIE FAIBLE;4;16.2;0
Vitry-le-Croisé;48.15;4.65;29/08/2026;07:00;17.2;7;PLUIE FAIBLE;4;16.2;0
Vitry-le-Croisé;48.15;4.65;29/08/2026;08:00;17.8;6;AVERSES;5;18.4;0
Vitry-le-Croisé;48.15;4.65;29/08/2026;09:00;18.6;6;AVERSES;5;25.6;0
Vitry-le-Croisé;48.15;4.65;29/08/2026;10:00;19.4;6;AVERSES;5;34.9;0
Vitry-le-Croisé;48.15;4.65;29/08/2026;11:00;22.6;6;AVERSES;5;41.8;0
Vitry-le-Croisé;48.15;4.65;29/08/2026;12:00;22.6;6;AVERSES;5;43.2;0
Vitry-le-Croisé;48.15;4.65;29/08/2026;13:00;22.6;6;AVERSES;5;42.1;0
Vitry-le-Croisé;48.15;4.65;29/08/2026;14:00;22.8;6;AVERSES;5;41.4;0
Vitry-le-Croisé;48.15;4.65;29/08/2026;15:00;23.6;6;AVERSES;5;42.1;0
Vitry-le-Croisé;48.15;4.65;29/08/2026;16:00;22.8;6;AVERSES;5;42.8;0
Vitry-le-Croisé;48.15;4.65;29/08/2026;17:00;21;6;AVERSES;4;43.6;0
Vitry-le-Croisé;48.15;4.65;29/08/2026;18:00;21;6;AVERSES;4;43.6;0
Vitry-le-Croisé;48.15;4.65;29/08/2026;19:00;21;6;AVERSES;4;42.8;0
Vitry-le-Croisé;48.15;4.65;29/08/2026;20:00;19.4;6;AVERSES;5;42.5;0
Vitry-le-Croisé;48.15;4.65;29/08/2026;21:00;18.6;6;AVERSES;5;42.1;0
Vitry-le-Croisé;48.15;4.65;29/08/2026;22:00;17.8;6;AVERSES;5;42.1;0
Vitry-le-Croisé;48.15;4.65;29/08/2026;23:00;18.6;0;SOLEIL;4;42.1;0
Châlons-en-Champagne;48.95;4.36;25/08/2026;00:00;17.6;6;AVERSES;3;24.5;0.9
Châlons-en-Champagne;48.95;4.36;25/08/2026;01:00;16.9;6;AVERSES;3;26.3;0.8
Châlons-en-Champagne;48.95;4.36;25/08/2026;02:00;16.5;6;AVERSES;2;29.9;1.1
Châlons-en-Champagne;48.95;4.36;25/08/2026;03:00;16.6;6;AVERSES;2;24.8;1.8
Châlons-en-Champagne;48.95;4.36;25/08/2026;04:00;16;7;PLUIE FAIBLE;2;9.7;5.7
Châlons-en-Champagne;48.95;4.36;25/08/2026;05:00;15.7;6;AVERSES;2;24.8;1.1
Châlons-en-Champagne;48.95;4.36;25/08/2026;06:00;16.1;6;AVERSES;2;25.9;0.3
Châlons-en-Champagne;48.95;4.36;25/08/2026;07:00;17.4;2;NUAGEUX;3;24.8;0
Châlons-en-Champagne;48.95;4.36;25/08/2026;08:00;19.2;2;NUAGEUX;3;21.2;0
Châlons-en-Champagne;48.95;4.36;25/08/2026;09:00;21.4;2;NUAGEUX;3;28.1;0
Châlons-en-Champagne;48.95;4.36;25/08/2026;10:00;22.2;2;NUAGEUX;3;35.6;0
Châlons-en-Champagne;48.95;4.36;25/08/2026;11:00;23.1;2;NUAGEUX;3;38.2;0
Châlons-en-Champagne;48.95;4.36;25/08/2026;12:00;25.1;2;NUAGEUX;4;39.6;0
Châlons-en-Champagne;48.95;4.36;25/08/2026;13:00;26.6;0;SOLEIL;4;40.3;0
Châlons-en-Champagne;48.95;4.36;25/08/2026;14:00;26.5;0;SOLEIL;4;40.0;0
Châlons-en-Champagne;48.95;4.36;25/08/2026;15:00;25.2;0;SOLEIL;4;31.0;0
Châlons-en-Champagne;48.95;4.36;25/08/2026;16:00;24.2;6;AVERSES;3;35.3;0.1
Châlons-en-Champagne;48.95;4.36;25/08/2026;17:00;23.1;6;AVERSES;3;34.2;0.1
Châlons-en-Champagne;48.95;4.36;25/08/2026;18:00;22.1;6;AVERSES;2;28.4;0.1
Châlons-en-Champagne;48.95;4.36;25/08/2026;19:00;20.2;5;SOLEIL VOILÉ;2;23.0;0
Châlons-en-Champagne;48.95;4.36;25/08/2026;20:00;19.5;5;SOLEIL VOILÉ;2;9.0;0
Châlons-en-Champagne;48.95;4.36;25/08/2026;21:00;18.9;6;AVERSES;1;7.9;0.1
Châlons-en-Champagne;48.95;4.36;25/08/2026;22:00;18.4;5;SOLEIL VOILÉ;1;15.5;0
Châlons-en-Champagne;48.95;4.36;25/08/2026;23:00;18.2;0;SOLEIL;2;24.1;0
Châlons-en-Champagne;48.95;4.36;26/08/2026;00:00;18.1;0;SOLEIL;2;15.1;0
Châlons-en-Champagne;48.95;4.36;26/08/2026;01:00;18.1;0;SOLEIL;2;14.8;0
Châlons-en-Champagne;48.95;4.36;26/08/2026;02:00;17.2;0;SOLEIL;3;15.5;0
Châlons-en-Champagne;48.95;4.36;26/08/2026;03:00;17.2;0;SOLEIL;3;18.7;0
Châlons-en-Champagne;48.95;4.36;26/08/2026;04:00;17.2;0;SOLEIL;3;21.2;0
Châlons-en-Champagne;48.95;4.36;26/08/2026;05:00;17.4;0;SOLEIL;3;23.4;0
Châlons-en-Champagne;48.95;4.36;26/08/2026;06:00;17.4;0;SOLEIL;3;25.9;0
Châlons-en-Champagne;48.95;4.36;26/08/2026;07:00;17.4;0;SOLEIL;3;22.7;0
Châlons-en-Champagne;48.95;4.36;26/08/2026;08:00;22.5;0;SOLEIL;3;18.4;0
Châlons-en-Champagne;48.95;4.36;26/08/2026;09:00;22.5;0;SOLEIL;3;22.3;0
Châlons-en-Champagne;48.95;4.36;26/08/2026;10:00;22.5;0;SOLEIL;3;24.8;0
Châlons-en-Champagne;48.95;4.36;26/08/2026;11:00;26.5;5;SOLEIL VOILÉ;2;25.2;0
Châlons-en-Champagne;48.95;4.36;26/08/2026;12:00;26.5;5;SOLEIL VOILÉ;2;27.7;0
Châlons-en-Champagne;48.95;4.36;26/08/2026;13:00;26.5;5;SOLEIL VOILÉ;2;27.0;0
Châlons-en-Champagne;48.95;4.36;26/08/2026;14:00;28.6;5;SOLEIL VOILÉ;2;22.3;0
Châlons-en-Champagne;48.95;4.36;26/08/2026;15:00;28.6;5;SOLEIL VOILÉ;2;21.6;0
Châlons-en-Champagne;48.95;4.36;26/08/2026;16:00;28.6;5;SOLEIL VOILÉ;2;17.3;0
Châlons-en-Champagne;48.95;4.36;26/08/2026;17:00;25.6;5;SOLEIL VOILÉ;3;17.6;0
Châlons-en-Champagne;48.95;4.36;26/08/2026;18:00;25.6;5;SOLEIL VOILÉ;3;20.2;0
Châlons-en-Champagne;48.95;4.36;26/08/2026;19:00;25.6;5;SOLEIL VOILÉ;3;22.7;0
Châlons-en-Champagne;48.95;4.36;26/08/2026;20:00;21.5;5;SOLEIL VOILÉ;4;22.7;0
Châlons-en-Champagne;48.95;4.36;26/08/2026;21:00;21.5;5;SOLEIL VOILÉ;4;20.5;0
Châlons-en-Champagne;48.95;4.36;26/08/2026;22:00;21.5;5;SOLEIL VOILÉ;4;25.6;0
Châlons-en-Champagne;48.95;4.36;26/08/2026;23:00;19.1;10;ORAGEUX;5;25.9;0
Châlons-en-Champagne;48.95;4.36;27/08/2026;00:00;19.1;10;ORAGEUX;5;25.2;0
Châlons-en-Champagne;48.95;4.36;27/08/2026;01:00;19.1;10;ORAGEUX;5;27.4;0
Châlons-en-Champagne;48.95;4.36;27/08/2026;02:00;19;5;SOLEIL VOILÉ;4;24.5;0
Châlons-en-Champagne;48.95;4.36;27/08/2026;03:00;19;5;SOLEIL VOILÉ;4;22.0;0
Châlons-en-Champagne;48.95;4.36;27/08/2026;04:00;19;5;SOLEIL VOILÉ;4;20.5;0
Châlons-en-Champagne;48.95;4.36;27/08/2026;05:00;19.1;5;SOLEIL VOILÉ;4;31.0;0
Châlons-en-Champagne;48.95;4.36;27/08/2026;06:00;19.1;5;SOLEIL VOILÉ;4;32.4;0
Châlons-en-Champagne;48.95;4.36;27/08/2026;07:00;19.1;5;SOLEIL VOILÉ;4;32.4;0
Châlons-en-Champagne;48.95;4.36;27/08/2026;08:00;25.1;5;SOLEIL VOILÉ;3;11.9;0
Châlons-en-Champagne;48.95;4.36;27/08/2026;09:00;25.1;5;SOLEIL VOILÉ;3;11.9;0
Châlons-en-Champagne;48.95;4.36;27/08/2026;10:00;25.1;5;SOLEIL VOILÉ;3;15.1;0
Châlons-en-Champagne;48.95;4.36;27/08/2026;11:00;26.9;5;SOLEIL VOILÉ;3;19.4;0
Châlons-en-Champagne;48.95;4.36;27/08/2026;12:00;26.9;5;SOLEIL VOILÉ;3;25.6;0
Châlons-en-Champagne;48.95;4.36;27/08/2026;13:00;26.9;5;SOLEIL VOILÉ;3;33.1;0
Châlons-en-Champagne;48.95;4.36;27/08/2026;14:00;29.7;10;ORAGEUX;4;38.2;0
Châlons-en-Champagne;48.95;4.36;27/08/2026;15:00;29.7;10;ORAGEUX;4;38.5;0
Châlons-en-Champagne;48.95;4.36;27/08/2026;16:00;29.7;10;ORAGEUX;4;36.0;0
Châlons-en-Champagne;48.95;4.36;27/08/2026;17:00;25;10;ORAGEUX;4;34.2;0
Châlons-en-Champagne;48.95;4.36;27/08/2026;18:00;25;10;ORAGEUX;4;34.2;0
Châlons-en-Champagne;48.95;4.36;27/08/2026;19:00;25;10;ORAGEUX;4;34.6;0
Châlons-en-Champagne;48.95;4.36;27/08/2026;20:00;23.6;10;ORAGEUX;5;34.6;0
Châlons-en-Champagne;48.95;4.36;27/08/2026;21:00;22.3;10;ORAGEUX;5;33.5;0
Châlons-en-Champagne;48.95;4.36;27/08/2026;22:00;20.9;10;ORAGEUX;5;32.4;0
Châlons-en-Champagne;48.95;4.36;27/08/2026;23:00;17.6;10;ORAGEUX;4;31.0;0
Châlons-en-Champagne;48.95;4.36;28/08/2026;00:00;17.6;10;ORAGEUX;4;29.5;0
Châlons-en-Champagne;48.95;4.36;28/08/2026;01:00;17.6;10;ORAGEUX;4;27.7;0
Châlons-en-Champagne;48.95;4.36;28/08/2026;02:00;15;6;AVERSES;5;27.7;0
Châlons-en-Champagne;48.95;4.36;28/08/2026;03:00;15;6;AVERSES;5;30.6;0
Châlons-en-Champagne;48.95;4.36;28/08/2026;04:00;15;6;AVERSES;5;35.3;0
Châlons-en-Champagne;48.95;4.36;28/08/2026;05:00;15.7;7;PLUIE FAIBLE;5;38.2;0
Châlons-en-Champagne;48.95;4.36;28/08/2026;06:00;15.7;7;PLUIE FAIBLE;5;37.1;0
Châlons-en-Champagne;48.95;4.36;28/08/2026;07:00;15.7;7;PLUIE FAIBLE;5;34.2;0
Châlons-en-Champagne;48.95;4.36;28/08/2026;08:00;16.7;6;AVERSES;5;33.1;0
Châlons-en-Champagne;48.95;4.36;28/08/2026;09:00;17.5;6;AVERSES;5;35.3;0
Châlons-en-Champagne;48.95;4.36;28/08/2026;10:00;18.4;6;AVERSES;5;39.2;0
Châlons-en-Champagne;48.95;4.36;28/08/2026;11:00;21.1;6;AVERSES;6;42.1;0
Châlons-en-Champagne;48.95;4.36;28/08/2026;12:00;21.1;6;AVERSES;6;42.5;0
Châlons-en-Champagne;48.95;4.36;28/08/2026;13:00;21.1;6;AVERSES;6;42.1;0
Châlons-en-Champagne;48.95;4.36;28/08/2026;14:00;21.8;6;AVERSES;5;42.5;0
Châlons-en-Champagne;48.95;4.36;28/08/2026;15:00;22.6;6;AVERSES;5;44.6;0
Châlons-en-Champagne;48.95;4.36;28/08/2026;16:00;21.8;6;AVERSES;5;47.5;0
Châlons-en-Champagne;48.95;4.36;28/08/2026;17:00;18;6;AVERSES;4;49.0;0
Châlons-en-Champagne;48.95;4.36;28/08/2026;18:00;18;6;AVERSES;4;49.0;0
Châlons-en-Champagne;48.95;4.36;28/08/2026;19:00;18;6;AVERSES;4;47.9;0
Châlons-en-Champagne;48.95;4.36;28/08/2026;20:00;18.4;6;AVERSES;5;43.9;0
Châlons-en-Champagne;48.95;4.36;28/08/2026;21:00;17.5;6;AVERSES;5;35.3;0
Châlons-en-Champagne;48.95;4.36;28/08/2026;22:00;16.7;6;AVERSES;5;24.1;0
Châlons-en-Champagne;48.95;4.36;28/08/2026;23:00;15.2;7;PLUIE FAIBLE;4;16.2;0
Châlons-en-Champagne;48.95;4.36;29/08/2026;00:00;15.2;7;PLUIE FAIBLE;4;13.9;0
Châlons-en-Champagne;48.95;4.36;29/08/2026;01:00;15.2;7;PLUIE FAIBLE;4;14.9;0
Châlons-en-Champagne;48.95;4.36;29/08/2026;02:00;13.6;6;AVERSES;5;16.4;0
Châlons-en-Champagne;48.95;4.36;29/08/2026;03:00;13.6;6;AVERSES;5;16.9;0
Châlons-en-Champagne;48.95;4.36;29/08/2026;04:00;13.6;6;AVERSES;5;16.9;0
Châlons-en-Champagne;48.95;4.36;29/08/2026;05:00;14.5;6;AVERSES;4;17.3;0
Châlons-en-Champagne;48.95;4.36;29/08/2026;06:00;14.5;6;AVERSES;4;16.9;0
Châlons-en-Champagne;48.95;4.36;29/08/2026;07:00;14.5;6;AVERSES;4;16.9;0
Châlons-en-Champagne;48.95;4.36;29/08/2026;08:00;15.3;6;AVERSES;5;19.1;0
Châlons-en-Champagne;48.95;4.36;29/08/2026;09:00;16.1;6;AVERSES;5;25.9;0
Châlons-en-Champagne;48.95;4.36;29/08/2026;10:00;16.9;6;AVERSES;5;35.3;0
Châlons-en-Champagne;48.95;4.36;29/08/2026;11:00;20.1;6;AVERSES;5;42.1;0
Châlons-en-Champagne;48.95;4.36;29/08/2026;12:00;20.1;6;AVERSES;5;44.3;0
Châlons-en-Champagne;48.95;4.36;29/08/2026;13:00;20.1;6;AVERSES;5;44.3;0
Châlons-en-Champagne;48.95;4.36;29/08/2026;14:00;20.3;6;AVERSES;5;43.9;0
Châlons-en-Champagne;48.95;4.36;29/08/2026;15:00;21.1;6;AVERSES;5;43.9;0
Châlons-en-Champagne;48.95;4.36;29/08/2026;16:00;20.3;6;AVERSES;5;43.9;0
Châlons-en-Champagne;48.95;4.36;29/08/2026;17:00;18.2;6;AVERSES;3;43.6;0
Châlons-en-Champagne;48.95;4.36;29/08/2026;18:00;18.2;6;AVERSES;3;43.2;0
Châlons-en-Champagne;48.95;4.36;29/08/2026;19:00;18.2;6;AVERSES;3;42.8;0
Châlons-en-Champagne;48.95;4.36;29/08/2026;20:00;16.9;6;AVERSES;5;42.5;0
Châlons-en-Champagne;48.95;4.36;29/08/2026;21:00;16.1;6;AVERSES;5;42.1;0
Châlons-en-Champagne;48.95;4.36;29/08/2026;22:00;15.3;6;AVERSES;5;42.1;0
Châlons-en-Champagne;48.95;4.36;29/08/2026;23:00;15.4;0;SOLEIL;4;42.1;0
Épernay;49.04;3.95;25/08/2026;00:00;17.7;2;NUAGEUX;3;26.6;0
Épernay;49.04;3.95;25/08/2026;01:00;16.7;6;AVERSES;3;25.2;0.1
Épernay;49.04;3.95;25/08/2026;02:00;16.1;6;AVERSES;2;23.8;0.5
Épernay;49.04;3.95;25/08/2026;03:00;15;7;PLUIE FAIBLE;2;18.7;3.5
Épernay;49.04;3.95;25/08/2026;04:00;13.6;7;PLUIE FAIBLE;2;14.4;2.9
Épernay;49.04;3.95;25/08/2026;05:00;14.1;7;PLUIE FAIBLE;2;19.1;3.8
Épernay;49.04;3.95;25/08/2026;06:00;16.1;7;PLUIE FAIBLE;2;20.5;3.3
Épernay;49.04;3.95;25/08/2026;07:00;16.7;6;AVERSES;2;21.6;2.4
Épernay;49.04;3.95;25/08/2026;08:00;18.6;6;AVERSES;2;17.3;2
Épernay;49.04;3.95;25/08/2026;09:00;21.6;6;AVERSES;1;19.1;0.1
Épernay;49.04;3.95;25/08/2026;10:00;22.2;2;NUAGEUX;3;22.7;0
Épernay;49.04;3.95;25/08/2026;11:00;23;2;NUAGEUX;3;22.0;0
Épernay;49.04;3.95;25/08/2026;12:00;24.1;2;NUAGEUX;3;17.6;0
Épernay;49.04;3.95;25/08/2026;13:00;25.1;2;NUAGEUX;3;20.2;0
Épernay;49.04;3.95;25/08/2026;14:00;25.9;2;NUAGEUX;3;20.2;0
Épernay;49.04;3.95;25/08/2026;15:00;26.4;0;SOLEIL;2;15.5;0
Épernay;49.04;3.95;25/08/2026;16:00;26.2;6;AVERSES;2;24.1;0.1
Épernay;49.04;3.95;25/08/2026;17:00;25.4;6;AVERSES;2;24.1;0.1
Épernay;49.04;3.95;25/08/2026;18:00;24;6;AVERSES;3;24.5;0.1
Épernay;49.04;3.95;25/08/2026;19:00;22.4;5;SOLEIL VOILÉ;2;25.2;0
Épernay;49.04;3.95;25/08/2026;20:00;21.9;5;SOLEIL VOILÉ;2;24.5;0
Épernay;49.04;3.95;25/08/2026;21:00;20.9;5;SOLEIL VOILÉ;2;19.4;0
Épernay;49.04;3.95;25/08/2026;22:00;20.1;5;SOLEIL VOILÉ;2;18.0;0
Épernay;49.04;3.95;25/08/2026;23:00;19.6;5;SOLEIL VOILÉ;2;17.3;0
Épernay;49.04;3.95;26/08/2026;00:00;19.5;5;SOLEIL VOILÉ;2;13.3;0
Épernay;49.04;3.95;26/08/2026;01:00;19.5;5;SOLEIL VOILÉ;2;9.7;0
Épernay;49.04;3.95;26/08/2026;02:00;17.6;0;SOLEIL;3;10.8;0
Épernay;49.04;3.95;26/08/2026;03:00;17.6;0;SOLEIL;3;13.7;0
Épernay;49.04;3.95;26/08/2026;04:00;17.6;0;SOLEIL;3;14.0;0
Épernay;49.04;3.95;26/08/2026;05:00;17.6;0;SOLEIL;3;16.5;0
Épernay;49.04;3.95;26/08/2026;06:00;17.6;0;SOLEIL;3;21.6;0
Épernay;49.04;3.95;26/08/2026;07:00;17.6;0;SOLEIL;3;22.0;0
Épernay;49.04;3.95;26/08/2026;08:00;21.4;0;SOLEIL;3;20.9;0
Épernay;49.04;3.95;26/08/2026;09:00;21.4;0;SOLEIL;3;26.6;0
Épernay;49.04;3.95;26/08/2026;10:00;21.4;0;SOLEIL;3;29.9;0
Épernay;49.04;3.95;26/08/2026;11:00;25.7;5;SOLEIL VOILÉ;3;28.8;0
Épernay;49.04;3.95;26/08/2026;12:00;25.7;5;SOLEIL VOILÉ;3;28.8;0
Épernay;49.04;3.95;26/08/2026;13:00;25.7;5;SOLEIL VOILÉ;3;28.4;0
Épernay;49.04;3.95;26/08/2026;14:00;28.4;5;SOLEIL VOILÉ;3;27.7;0
Épernay;49.04;3.95;26/08/2026;15:00;28.4;5;SOLEIL VOILÉ;3;28.1;0
Épernay;49.04;3.95;26/08/2026;16:00;28.4;5;SOLEIL VOILÉ;3;25.9;0
Épernay;49.04;3.95;26/08/2026;17:00;25.5;5;SOLEIL VOILÉ;2;19.4;0
Épernay;49.04;3.95;26/08/2026;18:00;25.5;5;SOLEIL VOILÉ;2;17.6;0
Épernay;49.04;3.95;26/08/2026;19:00;25.5;5;SOLEIL VOILÉ;2;15.5;0
Épernay;49.04;3.95;26/08/2026;20:00;21.9;5;SOLEIL VOILÉ;4;15.1;0
Épernay;49.04;3.95;26/08/2026;21:00;21.9;5;SOLEIL VOILÉ;4;14.0;0
Épernay;49.04;3.95;26/08/2026;22:00;21.9;5;SOLEIL VOILÉ;4;15.5;0
Épernay;49.04;3.95;26/08/2026;23:00;19.6;10;ORAGEUX;4;17.3;0
Épernay;49.04;3.95;27/08/2026;00:00;19.6;10;ORAGEUX;4;14.8;0
Épernay;49.04;3.95;27/08/2026;01:00;19.6;10;ORAGEUX;4;16.9;0
Épernay;49.04;3.95;27/08/2026;02:00;17.4;10;ORAGEUX;3;13.7;0
Épernay;49.04;3.95;27/08/2026;03:00;17.4;10;ORAGEUX;3;16.6;0
Épernay;49.04;3.95;27/08/2026;04:00;17.4;10;ORAGEUX;3;19.8;0
Épernay;49.04;3.95;27/08/2026;05:00;18.5;5;SOLEIL VOILÉ;4;20.2;0
Épernay;49.04;3.95;27/08/2026;06:00;18.5;5;SOLEIL VOILÉ;4;18.7;0
Épernay;49.04;3.95;27/08/2026;07:00;18.5;5;SOLEIL VOILÉ;4;21.2;0
Épernay;49.04;3.95;27/08/2026;08:00;23.7;10;ORAGEUX;3;34.6;0
Épernay;49.04;3.95;27/08/2026;09:00;23.7;10;ORAGEUX;3;36.4;0
Épernay;49.04;3.95;27/08/2026;10:00;23.7;10;ORAGEUX;3;37.1;0
Épernay;49.04;3.95;27/08/2026;11:00;26;5;SOLEIL VOILÉ;3;36.4;0
Épernay;49.04;3.95;27/08/2026;12:00;26;5;SOLEIL VOILÉ;3;33.5;0
Épernay;49.04;3.95;27/08/2026;13:00;26;5;SOLEIL VOILÉ;3;29.5;0
Épernay;49.04;3.95;27/08/2026;14:00;28.6;10;ORAGEUX;3;26.6;0
Épernay;49.04;3.95;27/08/2026;15:00;28.6;10;ORAGEUX;3;26.3;0
Épernay;49.04;3.95;27/08/2026;16:00;28.6;10;ORAGEUX;3;27.0;0
Épernay;49.04;3.95;27/08/2026;17:00;20.5;10;ORAGEUX;3;27.4;0
Épernay;49.04;3.95;27/08/2026;18:00;20.5;10;ORAGEUX;3;26.6;0
Épernay;49.04;3.95;27/08/2026;19:00;20.5;10;ORAGEUX;3;25.6;0
Épernay;49.04;3.95;27/08/2026;20:00;22.3;10;ORAGEUX;5;24.8;0
Épernay;49.04;3.95;27/08/2026;21:00;20.9;10;ORAGEUX;5;25.2;0
Épernay;49.04;3.95;27/08/2026;22:00;19.5;10;ORAGEUX;5;25.9;0
Épernay;49.04;3.95;27/08/2026;23:00;19.1;10;ORAGEUX;5;27.7;0
Épernay;49.04;3.95;28/08/2026;00:00;19.1;10;ORAGEUX;5;31.3;0
Épernay;49.04;3.95;28/08/2026;01:00;19.1;10;ORAGEUX;5;35.6;0
Épernay;49.04;3.95;28/08/2026;02:00;16.5;6;AVERSES;5;38.2;0
Épernay;49.04;3.95;28/08/2026;03:00;16.5;6;AVERSES;5;36.7;0
Épernay;49.04;3.95;28/08/2026;04:00;16.5;6;AVERSES;5;33.5;0
Épernay;49.04;3.95;28/08/2026;05:00;17;6;AVERSES;6;31.3;0
Épernay;49.04;3.95;28/08/2026;06:00;17;6;AVERSES;6;31.0;0
Épernay;49.04;3.95;28/08/2026;07:00;17;6;AVERSES;6;31.7;0
Épernay;49.04;3.95;28/08/2026;08:00;18.1;6;AVERSES;5;33.1;0
Épernay;49.04;3.95;28/08/2026;09:00;18.8;6;AVERSES;5;35.6;0
Épernay;49.04;3.95;28/08/2026;10:00;19.6;6;AVERSES;5;38.5;0
Épernay;49.04;3.95;28/08/2026;11:00;22.6;6;AVERSES;7;41.0;0
Épernay;49.04;3.95;28/08/2026;12:00;22.6;6;AVERSES;7;42.8;0
Épernay;49.04;3.95;28/08/2026;13:00;22.6;6;AVERSES;7;44.3;0
Épernay;49.04;3.95;28/08/2026;14:00;22.7;6;AVERSES;5;44.3;0
Épernay;49.04;3.95;28/08/2026;15:00;23.5;6;AVERSES;5;41.4;0
Épernay;49.04;3.95;28/08/2026;16:00;22.7;6;AVERSES;5;37.4;0
Épernay;49.04;3.95;28/08/2026;17:00;19.1;6;AVERSES;4;34.6;0
Épernay;49.04;3.95;28/08/2026;18:00;19.1;6;AVERSES;4;35.3;0
Épernay;49.04;3.95;28/08/2026;19:00;19.1;6;AVERSES;4;37.8;0
Épernay;49.04;3.95;28/08/2026;20:00;19.6;6;AVERSES;5;37.8;0
Épernay;49.04;3.95;28/08/2026;21:00;18.8;6;AVERSES;5;33.5;0
Épernay;49.04;3.95;28/08/2026;22:00;18.1;6;AVERSES;5;26.6;0
Épernay;49.04;3.95;28/08/2026;23:00;16.5;7;PLUIE FAIBLE;4;21.6;0
Épernay;49.04;3.95;29/08/2026;00:00;16.5;7;PLUIE FAIBLE;4;19.6;0
Épernay;49.04;3.95;29/08/2026;01:00;16.5;7;PLUIE FAIBLE;4;19.6;0
Épernay;49.04;3.95;29/08/2026;02:00;15.1;6;AVERSES;5;19.5;0
Épernay;49.04;3.95;29/08/2026;03:00;15.1;6;AVERSES;5;18.4;0
Épernay;49.04;3.95;29/08/2026;04:00;15.1;6;AVERSES;5;17.6;0
Épernay;49.04;3.95;29/08/2026;05:00;16.1;7;PLUIE FAIBLE;5;17.3;0
Épernay;49.04;3.95;29/08/2026;06:00;16.1;7;PLUIE FAIBLE;5;17.6;0
Épernay;49.04;3.95;29/08/2026;07:00;16.1;7;PLUIE FAIBLE;5;19.1;0
Épernay;49.04;3.95;29/08/2026;08:00;16.8;6;AVERSES;5;22.3;0
Épernay;49.04;3.95;29/08/2026;09:00;17.6;6;AVERSES;5;29.2;0
Épernay;49.04;3.95;29/08/2026;10:00;18.4;6;AVERSES;5;37.4;0
Épernay;49.04;3.95;29/08/2026;11:00;21.6;6;AVERSES;6;43.9;0
Épernay;49.04;3.95;29/08/2026;12:00;21.6;6;AVERSES;6;46.1;0
Épernay;49.04;3.95;29/08/2026;13:00;21.6;6;AVERSES;6;46.1;0
Épernay;49.04;3.95;29/08/2026;14:00;21.8;6;AVERSES;5;46.1;0
Épernay;49.04;3.95;29/08/2026;15:00;22.6;6;AVERSES;5;46.4;0
Épernay;49.04;3.95;29/08/2026;16:00;21.8;6;AVERSES;5;46.4;0
Épernay;49.04;3.95;29/08/2026;17:00;20.1;6;AVERSES;4;46.1;0
Épernay;49.04;3.95;29/08/2026;18:00;20.1;6;AVERSES;4;44.6;0
Épernay;49.04;3.95;29/08/2026;19:00;20.1;6;AVERSES;4;42.5;0
Épernay;49.04;3.95;29/08/2026;20:00;18.4;6;AVERSES;5;41.4;0
Épernay;49.04;3.95;29/08/2026;21:00;17.6;6;AVERSES;5;42.1;0
Épernay;49.04;3.95;29/08/2026;22:00;16.8;6;AVERSES;5;43.9;0
Épernay;49.04;3.95;29/08/2026;23:00;17.1;0;SOLEIL;4;45.4;0
Reims;49.25;4.03;25/08/2026;00:00;17.5;2;NUAGEUX;3;22.3;0
Reims;49.25;4.03;25/08/2026;01:00;15.6;6;AVERSES;3;23.8;0.1
Reims;49.25;4.03;25/08/2026;02:00;15.4;6;AVERSES;2;20.5;0.1
Reims;49.25;4.03;25/08/2026;03:00;15.1;6;AVERSES;2;17.3;0.5
Reims;49.25;4.03;25/08/2026;04:00;14;6;AVERSES;2;9.0;1.9
Reims;49.25;4.03;25/08/2026;05:00;13.9;6;AVERSES;2;11.5;1.9
Reims;49.25;4.03;25/08/2026;06:00;16;7;PLUIE FAIBLE;2;8.3;2.5
Reims;49.25;4.03;25/08/2026;07:00;16.5;6;AVERSES;2;5.8;1.1
Reims;49.25;4.03;25/08/2026;08:00;18.6;6;AVERSES;2;11.5;0.6
Reims;49.25;4.03;25/08/2026;09:00;21.6;6;AVERSES;2;14.4;0.1
Reims;49.25;4.03;25/08/2026;10:00;23.1;2;NUAGEUX;2;11.2;0
Reims;49.25;4.03;25/08/2026;11:00;23;2;NUAGEUX;2;9.7;0
Reims;49.25;4.03;25/08/2026;12:00;24.5;2;NUAGEUX;2;11.2;0
Reims;49.25;4.03;25/08/2026;13:00;25.6;2;NUAGEUX;2;12.2;0
Reims;49.25;4.03;25/08/2026;14:00;26.1;2;NUAGEUX;2;12.6;0
Reims;49.25;4.03;25/08/2026;15:00;26.6;2;NUAGEUX;2;15.1;0
Reims;49.25;4.03;25/08/2026;16:00;26.6;6;AVERSES;3;15.1;0.1
Reims;49.25;4.03;25/08/2026;17:00;25.5;6;AVERSES;3;14.0;0.1
Reims;49.25;4.03;25/08/2026;18:00;23.5;6;AVERSES;2;20.5;0.1
Reims;49.25;4.03;25/08/2026;19:00;22.1;5;SOLEIL VOILÉ;2;22.7;0
Reims;49.25;4.03;25/08/2026;20:00;21.1;5;SOLEIL VOILÉ;2;22.0;0
Reims;49.25;4.03;25/08/2026;21:00;20.2;5;SOLEIL VOILÉ;2;20.2;0
Reims;49.25;4.03;25/08/2026;22:00;19.5;5;SOLEIL VOILÉ;2;18.0;0
Reims;49.25;4.03;25/08/2026;23:00;19.1;5;SOLEIL VOILÉ;1;14.4;0
Reims;49.25;4.03;26/08/2026;00:00;18.6;5;SOLEIL VOILÉ;2;14.8;0
Reims;49.25;4.03;26/08/2026;01:00;18.6;5;SOLEIL VOILÉ;2;12.2;0
Reims;49.25;4.03;26/08/2026;02:00;18.1;0;SOLEIL;3;7.9;0
Reims;49.25;4.03;26/08/2026;03:00;18.1;0;SOLEIL;3;10.3;0
Reims;49.25;4.03;26/08/2026;04:00;18.1;0;SOLEIL;3;13.5;0
Reims;49.25;4.03;26/08/2026;05:00;18.4;2;NUAGEUX;3;15.9;0
Reims;49.25;4.03;26/08/2026;06:00;18.4;2;NUAGEUX;3;20.2;0
Reims;49.25;4.03;26/08/2026;07:00;18.4;2;NUAGEUX;3;19.8;0
Reims;49.25;4.03;26/08/2026;08:00;22.7;5;SOLEIL VOILÉ;3;20.2;0
Reims;49.25;4.03;26/08/2026;09:00;22.7;5;SOLEIL VOILÉ;3;26.3;0
Reims;49.25;4.03;26/08/2026;10:00;22.7;5;SOLEIL VOILÉ;3;27.4;0
Reims;49.25;4.03;26/08/2026;11:00;26.6;5;SOLEIL VOILÉ;3;27.4;0
Reims;49.25;4.03;26/08/2026;12:00;26.6;5;SOLEIL VOILÉ;3;27.4;0
Reims;49.25;4.03;26/08/2026;13:00;26.6;5;SOLEIL VOILÉ;3;29.2;0
Reims;49.25;4.03;26/08/2026;14:00;28.1;5;SOLEIL VOILÉ;2;30.2;0
Reims;49.25;4.03;26/08/2026;15:00;28.1;5;SOLEIL VOILÉ;2;31.0;0
Reims;49.25;4.03;26/08/2026;16:00;28.1;5;SOLEIL VOILÉ;2;30.2;0
Reims;49.25;4.03;26/08/2026;17:00;25.7;5;SOLEIL VOILÉ;2;26.6;0
Reims;49.25;4.03;26/08/2026;18:00;25.7;5;SOLEIL VOILÉ;2;20.5;0
Reims;49.25;4.03;26/08/2026;19:00;25.7;5;SOLEIL VOILÉ;2;17.3;0
Reims;49.25;4.03;26/08/2026;20:00;21.4;5;SOLEIL VOILÉ;3;16.6;0
Reims;49.25;4.03;26/08/2026;21:00;21.4;5;SOLEIL VOILÉ;3;19.8;0
Reims;49.25;4.03;26/08/2026;22:00;21.4;5;SOLEIL VOILÉ;3;19.8;0
Reims;49.25;4.03;26/08/2026;23:00;20;10;ORAGEUX;3;19.4;0
Reims;49.25;4.03;27/08/2026;00:00;20;10;ORAGEUX;3;20.2;0
Reims;49.25;4.03;27/08/2026;01:00;20;10;ORAGEUX;3;25.2;0
Reims;49.25;4.03;27/08/2026;02:00;17.7;10;ORAGEUX;2;24.1;0
Reims;49.25;4.03;27/08/2026;03:00;17.7;10;ORAGEUX;2;24.5;0
Reims;49.25;4.03;27/08/2026;04:00;17.7;10;ORAGEUX;2;25.9;0
Reims;49.25;4.03;27/08/2026;05:00;18.1;5;SOLEIL VOILÉ;2;13.0;0
Reims;49.25;4.03;27/08/2026;06:00;18.1;5;SOLEIL VOILÉ;2;23.0;0
Reims;49.25;4.03;27/08/2026;07:00;18.1;5;SOLEIL VOILÉ;2;29.2;0
Reims;49.25;4.03;27/08/2026;08:00;23.4;10;ORAGEUX;3;18.0;0
Reims;49.25;4.03;27/08/2026;09:00;23.4;10;ORAGEUX;3;20.2;0
Reims;49.25;4.03;27/08/2026;10:00;23.4;10;ORAGEUX;3;22.3;0
Reims;49.25;4.03;27/08/2026;11:00;25.9;5;SOLEIL VOILÉ;3;24.8;0
Reims;49.25;4.03;27/08/2026;12:00;25.9;5;SOLEIL VOILÉ;3;28.8;0
Reims;49.25;4.03;27/08/2026;13:00;25.9;5;SOLEIL VOILÉ;3;32.8;0
Reims;49.25;4.03;27/08/2026;14:00;28.4;10;ORAGEUX;2;35.3;0
Reims;49.25;4.03;27/08/2026;15:00;28.4;10;ORAGEUX;2;34.9;0
Reims;49.25;4.03;27/08/2026;16:00;28.4;10;ORAGEUX;2;32.4;0
Reims;49.25;4.03;27/08/2026;17:00;25.1;10;ORAGEUX;3;29.5;0
Reims;49.25;4.03;27/08/2026;18:00;25.1;10;ORAGEUX;3;25.9;0
Reims;49.25;4.03;27/08/2026;19:00;25.1;10;ORAGEUX;3;22.0;0
Reims;49.25;4.03;27/08/2026;20:00;22.1;10;ORAGEUX;5;18.7;0
Reims;49.25;4.03;27/08/2026;21:00;20.7;10;ORAGEUX;5;15.8;0
Reims;49.25;4.03;27/08/2026;22:00;19.4;10;ORAGEUX;5;13.3;0
Reims;49.25;4.03;27/08/2026;23:00;19;10;ORAGEUX;4;14.0;0
Reims;49.25;4.03;28/08/2026;00:00;19;10;ORAGEUX;4;20.2;0
Reims;49.25;4.03;28/08/2026;01:00;19;10;ORAGEUX;4;29.5;0
Reims;49.25;4.03;28/08/2026;02:00;16.6;6;AVERSES;5;35.3;0
Reims;49.25;4.03;28/08/2026;03:00;16.6;6;AVERSES;5;34.2;0
Reims;49.25;4.03;28/08/2026;04:00;16.6;6;AVERSES;5;29.9;0
Reims;49.25;4.03;28/08/2026;05:00;17.4;7;PLUIE FAIBLE;5;26.3;0
Reims;49.25;4.03;28/08/2026;06:00;17.4;7;PLUIE FAIBLE;5;24.1;0
Reims;49.25;4.03;28/08/2026;07:00;17.4;7;PLUIE FAIBLE;5;23.0;0
Reims;49.25;4.03;28/08/2026;08:00;18.2;6;AVERSES;5;23.4;0
Reims;49.25;4.03;28/08/2026;09:00;19.1;6;AVERSES;5;27.4;0
Reims;49.25;4.03;28/08/2026;10:00;19.9;6;AVERSES;5;33.1;0
Reims;49.25;4.03;28/08/2026;11:00;23.1;6;AVERSES;6;37.4;0
Reims;49.25;4.03;28/08/2026;12:00;23.1;6;AVERSES;6;38.9;0
Reims;49.25;4.03;28/08/2026;13:00;23.1;6;AVERSES;6;39.2;0
Reims;49.25;4.03;28/08/2026;14:00;23.2;6;AVERSES;5;38.5;0
Reims;49.25;4.03;28/08/2026;15:00;24.0;6;AVERSES;5;37.1;0
Reims;49.25;4.03;28/08/2026;16:00;23.2;6;AVERSES;5;35.3;0
Reims;49.25;4.03;28/08/2026;17:00;19.4;6;AVERSES;4;33.8;0
Reims;49.25;4.03;28/08/2026;18:00;19.4;6;AVERSES;4;33.8;0
Reims;49.25;4.03;28/08/2026;19:00;19.4;6;AVERSES;4;33.8;0
Reims;49.25;4.03;28/08/2026;20:00;19.9;6;AVERSES;5;33.1;0
Reims;49.25;4.03;28/08/2026;21:00;19.1;6;AVERSES;5;30.2;0
Reims;49.25;4.03;28/08/2026;22:00;18.2;6;AVERSES;5;25.9;0
Reims;49.25;4.03;28/08/2026;23:00;17.1;7;PLUIE FAIBLE;4;22.7;0
Reims;49.25;4.03;29/08/2026;00:00;17.1;7;PLUIE FAIBLE;4;20.7;0
Reims;49.25;4.03;29/08/2026;01:00;17.1;7;PLUIE FAIBLE;4;19.6;0
Reims;49.25;4.03;29/08/2026;02:00;15.6;6;AVERSES;5;18.7;0
Reims;49.25;4.03;29/08/2026;03:00;15.6;6;AVERSES;5;17.3;0
Reims;49.25;4.03;29/08/2026;04:00;15.6;6;AVERSES;5;16.6;0
Reims;49.25;4.03;29/08/2026;05:00;16.6;2;NUAGEUX;4;16.6;0
Reims;49.25;4.03;29/08/2026;06:00;16.6;2;NUAGEUX;4;17.6;0
Reims;49.25;4.03;29/08/2026;07:00;16.6;2;NUAGEUX;4;19.4;0
Reims;49.25;4.03;29/08/2026;08:00;17.4;6;AVERSES;5;22.7;0
Reims;49.25;4.03;29/08/2026;09:00;18.3;6;AVERSES;5;28.4;0
Reims;49.25;4.03;29/08/2026;10:00;19.2;6;AVERSES;5;35.6;0
Reims;49.25;4.03;29/08/2026;11:00;22.7;6;AVERSES;5;41.0;0
Reims;49.25;4.03;29/08/2026;12:00;22.7;6;AVERSES;5;43.2;0
Reims;49.25;4.03;29/08/2026;13:00;22.7;6;AVERSES;5;43.9;0
Reims;49.25;4.03;29/08/2026;14:00;22.8;6;AVERSES;5;43.9;0
Reims;49.25;4.03;29/08/2026;15:00;23.7;6;AVERSES;5;43.6;0
Reims;49.25;4.03;29/08/2026;16:00;22.8;6;AVERSES;5;42.8;0
Reims;49.25;4.03;29/08/2026;17:00;20.6;6;AVERSES;4;41.4;0
Reims;49.25;4.03;29/08/2026;18:00;20.6;6;AVERSES;4;39.2;0
Reims;49.25;4.03;29/08/2026;19:00;20.6;6;AVERSES;4;36.4;0
Reims;49.25;4.03;29/08/2026;20:00;19.2;6;AVERSES;5;35.3;0
Reims;49.25;4.03;29/08/2026;21:00;18.3;6;AVERSES;5;37.4;0
Reims;49.25;4.03;29/08/2026;22:00;17.4;6;AVERSES;5;41.0;0
Reims;49.25;4.03;29/08/2026;23:00;17.9;0;SOLEIL;4;43.9;0
Vitry-le-François;48.72;4.58;25/08/2026;00:00;17.9;2;NUAGEUX;2;22.7;0
Vitry-le-François;48.72;4.58;25/08/2026;01:00;17.1;6;AVERSES;2;19.1;0.1
Vitry-le-François;48.72;4.58;25/08/2026;02:00;15.7;6;AVERSES;2;14.8;0.1
Vitry-le-François;48.72;4.58;25/08/2026;03:00;15.9;6;AVERSES;2;9.7;0.1
Vitry-le-François;48.72;4.58;25/08/2026;04:00;14.6;6;AVERSES;3;9.4;0.7
Vitry-le-François;48.72;4.58;25/08/2026;05:00;14.2;7;PLUIE FAIBLE;2;12.6;2.5
Vitry-le-François;48.72;4.58;25/08/2026;06:00;15.4;6;AVERSES;2;15.5;2
Vitry-le-François;48.72;4.58;25/08/2026;07:00;16.2;6;AVERSES;2;14.0;2.1
Vitry-le-François;48.72;4.58;25/08/2026;08:00;17.9;6;AVERSES;2;12.6;1.5
Vitry-le-François;48.72;4.58;25/08/2026;09:00;19.6;6;AVERSES;2;15.1;0.6
Vitry-le-François;48.72;4.58;25/08/2026;10:00;21;6;AVERSES;2;15.8;0.1
Vitry-le-François;48.72;4.58;25/08/2026;11:00;23.2;2;NUAGEUX;2;16.9;0
Vitry-le-François;48.72;4.58;25/08/2026;12:00;23.9;2;NUAGEUX;3;15.8;0
Vitry-le-François;48.72;4.58;25/08/2026;13:00;25.2;2;NUAGEUX;2;14.8;0
Vitry-le-François;48.72;4.58;25/08/2026;14:00;25.6;2;NUAGEUX;2;14.4;0
Vitry-le-François;48.72;4.58;25/08/2026;15:00;25.1;2;NUAGEUX;3;11.5;0
Vitry-le-François;48.72;4.58;25/08/2026;16:00;25.5;6;AVERSES;3;11.9;0.1
Vitry-le-François;48.72;4.58;25/08/2026;17:00;25.6;6;AVERSES;3;17.3;0.1
Vitry-le-François;48.72;4.58;25/08/2026;18:00;23.6;6;AVERSES;2;16.9;0.2
Vitry-le-François;48.72;4.58;25/08/2026;19:00;21.7;5;SOLEIL VOILÉ;2;20.9;0
Vitry-le-François;48.72;4.58;25/08/2026;20:00;21.1;6;AVERSES;2;22.0;0.1
Vitry-le-François;48.72;4.58;25/08/2026;21:00;20.4;5;SOLEIL VOILÉ;3;19.8;0
Vitry-le-François;48.72;4.58;25/08/2026;22:00;19.6;5;SOLEIL VOILÉ;3;15.5;0
Vitry-le-François;48.72;4.58;25/08/2026;23:00;19.5;5;SOLEIL VOILÉ;2;15.1;0
Vitry-le-François;48.72;4.58;26/08/2026;00:00;19.2;5;SOLEIL VOILÉ;2;13.7;0
Vitry-le-François;48.72;4.58;26/08/2026;01:00;19.2;5;SOLEIL VOILÉ;2;12.6;0
Vitry-le-François;48.72;4.58;26/08/2026;02:00;18.5;0;SOLEIL;3;6.8;0
Vitry-le-François;48.72;4.58;26/08/2026;03:00;18.5;0;SOLEIL;3;10.0;0
Vitry-le-François;48.72;4.58;26/08/2026;04:00;18.5;0;SOLEIL;3;12.2;0
Vitry-le-François;48.72;4.58;26/08/2026;05:00;18.6;0;SOLEIL;3;14.1;0
Vitry-le-François;48.72;4.58;26/08/2026;06:00;18.6;0;SOLEIL;3;15.1;0
Vitry-le-François;48.72;4.58;26/08/2026;07:00;18.6;0;SOLEIL;3;16.2;0
Vitry-le-François;48.72;4.58;26/08/2026;08:00;22.2;2;NUAGEUX;3;15.1;0
Vitry-le-François;48.72;4.58;26/08/2026;09:00;22.2;2;NUAGEUX;3;21.6;0
Vitry-le-François;48.72;4.58;26/08/2026;10:00;22.2;2;NUAGEUX;3;28.4;0
Vitry-le-François;48.72;4.58;26/08/2026;11:00;26.1;5;SOLEIL VOILÉ;3;32.0;0
Vitry-le-François;48.72;4.58;26/08/2026;12:00;26.1;5;SOLEIL VOILÉ;3;32.4;0
Vitry-le-François;48.72;4.58;26/08/2026;13:00;26.1;5;SOLEIL VOILÉ;3;31.0;0
Vitry-le-François;48.72;4.58;26/08/2026;14:00;27.6;5;SOLEIL VOILÉ;3;29.9;0
Vitry-le-François;48.72;4.58;26/08/2026;15:00;27.6;5;SOLEIL VOILÉ;3;30.6;0
Vitry-le-François;48.72;4.58;26/08/2026;16:00;27.6;5;SOLEIL VOILÉ;3;29.5;0
Vitry-le-François;48.72;4.58;26/08/2026;17:00;25.1;5;SOLEIL VOILÉ;3;29.2;0
Vitry-le-François;48.72;4.58;26/08/2026;18:00;25.1;5;SOLEIL VOILÉ;3;23.8;0
Vitry-le-François;48.72;4.58;26/08/2026;19:00;25.1;5;SOLEIL VOILÉ;3;22.7;0
Vitry-le-François;48.72;4.58;26/08/2026;20:00;21.2;5;SOLEIL VOILÉ;3;19.1;0
Vitry-le-François;48.72;4.58;26/08/2026;21:00;21.2;5;SOLEIL VOILÉ;3;14.8;0
Vitry-le-François;48.72;4.58;26/08/2026;22:00;21.2;5;SOLEIL VOILÉ;3;14.8;0
Vitry-le-François;48.72;4.58;26/08/2026;23:00;20.4;10;ORAGEUX;4;11.9;0
Vitry-le-François;48.72;4.58;27/08/2026;00:00;20.4;10;ORAGEUX;4;10.8;0
Vitry-le-François;48.72;4.58;27/08/2026;01:00;20.4;10;ORAGEUX;4;15.1;0
Vitry-le-François;48.72;4.58;27/08/2026;02:00;19.1;10;ORAGEUX;3;15.1;0
Vitry-le-François;48.72;4.58;27/08/2026;03:00;19.1;10;ORAGEUX;3;14.4;0
Vitry-le-François;48.72;4.58;27/08/2026;04:00;19.1;10;ORAGEUX;3;26.6;0
Vitry-le-François;48.72;4.58;27/08/2026;05:00;19;10;ORAGEUX;3;33.5;0
Vitry-le-François;48.72;4.58;27/08/2026;06:00;19;10;ORAGEUX;3;19.4;0
Vitry-le-François;48.72;4.58;27/08/2026;07:00;19;10;ORAGEUX;3;27.7;0
Vitry-le-François;48.72;4.58;27/08/2026;08:00;22.6;10;ORAGEUX;3;37.1;0
Vitry-le-François;48.72;4.58;27/08/2026;09:00;22.6;10;ORAGEUX;3;35.3;0
Vitry-le-François;48.72;4.58;27/08/2026;10:00;22.6;10;ORAGEUX;3;32.0;0
Vitry-le-François;48.72;4.58;27/08/2026;11:00;25.5;10;ORAGEUX;3;30.2;0
Vitry-le-François;48.72;4.58;27/08/2026;12:00;25.5;10;ORAGEUX;3;31.0;0
Vitry-le-François;48.72;4.58;27/08/2026;13:00;25.5;10;ORAGEUX;3;32.8;0
Vitry-le-François;48.72;4.58;27/08/2026;14:00;28.5;10;ORAGEUX;2;34.2;0
Vitry-le-François;48.72;4.58;27/08/2026;15:00;28.5;10;ORAGEUX;2;34.6;0
Vitry-le-François;48.72;4.58;27/08/2026;16:00;28.5;10;ORAGEUX;2;34.2;0
Vitry-le-François;48.72;4.58;27/08/2026;17:00;23.2;10;ORAGEUX;2;32.4;0
Vitry-le-François;48.72;4.58;27/08/2026;18:00;23.2;10;ORAGEUX;2;27.7;0
Vitry-le-François;48.72;4.58;27/08/2026;19:00;23.2;10;ORAGEUX;2;22.0;0
Vitry-le-François;48.72;4.58;27/08/2026;20:00;22.9;10;ORAGEUX;5;16.9;0
Vitry-le-François;48.72;4.58;27/08/2026;21:00;21.6;10;ORAGEUX;5;13.0;0
Vitry-le-François;48.72;4.58;27/08/2026;22:00;20.4;10;ORAGEUX;5;10.4;0
Vitry-le-François;48.72;4.58;27/08/2026;23:00;19.2;10;ORAGEUX;3;11.5;0
Vitry-le-François;48.72;4.58;28/08/2026;00:00;19.2;10;ORAGEUX;3;19.8;0
Vitry-le-François;48.72;4.58;28/08/2026;01:00;19.2;10;ORAGEUX;3;32.0;0
Vitry-le-François;48.72;4.58;28/08/2026;02:00;16.7;6;AVERSES;5;39.6;0
Vitry-le-François;48.72;4.58;28/08/2026;03:00;16.7;6;AVERSES;5;38.2;0
Vitry-le-François;48.72;4.58;28/08/2026;04:00;16.7;6;AVERSES;5;32.8;0
Vitry-le-François;48.72;4.58;28/08/2026;05:00;17.6;6;AVERSES;5;28.1;0
Vitry-le-François;48.72;4.58;28/08/2026;06:00;17.6;6;AVERSES;5;26.6;0
Vitry-le-François;48.72;4.58;28/08/2026;07:00;17.6;6;AVERSES;5;26.3;0
Vitry-le-François;48.72;4.58;28/08/2026;08:00;18.3;6;AVERSES;5;27.4;0
Vitry-le-François;48.72;4.58;28/08/2026;09:00;19.0;6;AVERSES;5;31.0;0
Vitry-le-François;48.72;4.58;28/08/2026;10:00;19.8;6;AVERSES;5;36.4;0
Vitry-le-François;48.72;4.58;28/08/2026;11:00;22.7;6;AVERSES;6;40.3;0
Vitry-le-François;48.72;4.58;28/08/2026;12:00;22.7;6;AVERSES;6;42.1;0
Vitry-le-François;48.72;4.58;28/08/2026;13:00;22.7;6;AVERSES;6;42.5;0
Vitry-le-François;48.72;4.58;28/08/2026;14:00;22.9;6;AVERSES;5;42.8;0
Vitry-le-François;48.72;4.58;28/08/2026;15:00;23.7;6;AVERSES;5;42.8;0
Vitry-le-François;48.72;4.58;28/08/2026;16:00;22.9;6;AVERSES;5;42.5;0
Vitry-le-François;48.72;4.58;28/08/2026;17:00;19.7;6;AVERSES;4;41.8;0
Vitry-le-François;48.72;4.58;28/08/2026;18:00;19.7;6;AVERSES;4;40.3;0
Vitry-le-François;48.72;4.58;28/08/2026;19:00;19.7;6;AVERSES;4;38.2;0
Vitry-le-François;48.72;4.58;28/08/2026;20:00;19.8;6;AVERSES;5;35.3;0
Vitry-le-François;48.72;4.58;28/08/2026;21:00;19.0;6;AVERSES;5;31.7;0
Vitry-le-François;48.72;4.58;28/08/2026;22:00;18.3;6;AVERSES;5;27.7;0
Vitry-le-François;48.72;4.58;28/08/2026;23:00;17.1;0;SOLEIL;4;24.1;0
Vitry-le-François;48.72;4.58;29/08/2026;00:00;17.1;0;SOLEIL;4;21.1;0
Vitry-le-François;48.72;4.58;29/08/2026;01:00;17.1;0;SOLEIL;4;18.7;0
Vitry-le-François;48.72;4.58;29/08/2026;02:00;15.9;6;AVERSES;5;17.6;0
Vitry-le-François;48.72;4.58;29/08/2026;03:00;15.9;6;AVERSES;5;16.9;0
Vitry-le-François;48.72;4.58;29/08/2026;04:00;15.9;6;AVERSES;5;16.6;0
Vitry-le-François;48.72;4.58;29/08/2026;05:00;16.9;2;NUAGEUX;4;16.9;0
Vitry-le-François;48.72;4.58;29/08/2026;06:00;16.9;2;NUAGEUX;4;17.6;0
Vitry-le-François;48.72;4.58;29/08/2026;07:00;16.9;2;NUAGEUX;4;19.1;0
Vitry-le-François;48.72;4.58;29/08/2026;08:00;17.5;6;AVERSES;5;22.0;0
Vitry-le-François;48.72;4.58;29/08/2026;09:00;18.3;6;AVERSES;5;27.7;0
Vitry-le-François;48.72;4.58;29/08/2026;10:00;19.1;6;AVERSES;5;35.3;0
Vitry-le-François;48.72;4.58;29/08/2026;11:00;22.1;6;AVERSES;5;40.7;0
Vitry-le-François;48.72;4.58;29/08/2026;12:00;22.1;6;AVERSES;5;42.5;0
Vitry-le-François;48.72;4.58;29/08/2026;13:00;22.1;6;AVERSES;5;42.5;0
Vitry-le-François;48.72;4.58;29/08/2026;14:00;22.3;6;AVERSES;5;42.1;0
Vitry-le-François;48.72;4.58;29/08/2026;15:00;23.1;6;AVERSES;5;42.8;0
Vitry-le-François;48.72;4.58;29/08/2026;16:00;22.3;6;AVERSES;5;43.2;0
Vitry-le-François;48.72;4.58;29/08/2026;17:00;20.6;6;AVERSES;3;42.8;0
Vitry-le-François;48.72;4.58;29/08/2026;18:00;20.6;6;AVERSES;3;40.3;0
Vitry-le-François;48.72;4.58;29/08/2026;19:00;20.6;6;AVERSES;3;36.7;0
Vitry-le-François;48.72;4.58;29/08/2026;20:00;19.1;6;AVERSES;5;35.3;0
Vitry-le-François;48.72;4.58;29/08/2026;21:00;18.3;6;AVERSES;5;38.5;0
Vitry-le-François;48.72;4.58;29/08/2026;22:00;17.5;6;AVERSES;5;43.6;0
Vitry-le-François;48.72;4.58;29/08/2026;23:00;18.7;0;SOLEIL;4;47.2;0
Chaumont;48.11;5.14;25/08/2026;00:00;17.4;2;NUAGEUX;3;22.7;0
Chaumont;48.11;5.14;25/08/2026;01:00;16.6;6;AVERSES;2;22.3;0.3
Chaumont;48.11;5.14;25/08/2026;02:00;16;6;AVERSES;2;16.9;0.7
Chaumont;48.11;5.14;25/08/2026;03:00;15.6;7;PLUIE FAIBLE;2;13.7;2.9
Chaumont;48.11;5.14;25/08/2026;04:00;14.5;7;PLUIE FAIBLE;2;16.2;3.5
Chaumont;48.11;5.14;25/08/2026;05:00;14.6;7;PLUIE FAIBLE;2;22.7;3.1
Chaumont;48.11;5.14;25/08/2026;06:00;16;7;PLUIE FAIBLE;2;19.4;3.4
Chaumont;48.11;5.14;25/08/2026;07:00;16.5;6;AVERSES;3;21.6;1.2
Chaumont;48.11;5.14;25/08/2026;08:00;18.2;6;AVERSES;2;19.4;0.2
Chaumont;48.11;5.14;25/08/2026;09:00;21.9;6;AVERSES;3;19.4;0.1
Chaumont;48.11;5.14;25/08/2026;10:00;24;2;NUAGEUX;3;20.2;0
Chaumont;48.11;5.14;25/08/2026;11:00;25.9;2;NUAGEUX;3;25.2;0
Chaumont;48.11;5.14;25/08/2026;12:00;26.4;2;NUAGEUX;3;25.2;0
Chaumont;48.11;5.14;25/08/2026;13:00;26.1;2;NUAGEUX;3;25.6;0
Chaumont;48.11;5.14;25/08/2026;14:00;25.5;2;NUAGEUX;3;26.6;0
Chaumont;48.11;5.14;25/08/2026;15:00;24.6;0;SOLEIL;3;26.6;0
Chaumont;48.11;5.14;25/08/2026;16:00;25;6;AVERSES;2;22.3;0.1
Chaumont;48.11;5.14;25/08/2026;17:00;24.5;6;AVERSES;2;17.6;0.1
Chaumont;48.11;5.14;25/08/2026;18:00;24;6;AVERSES;2;20.2;0.5
Chaumont;48.11;5.14;25/08/2026;19:00;22.2;5;SOLEIL VOILÉ;2;18.7;0
Chaumont;48.11;5.14;25/08/2026;20:00;21.2;5;SOLEIL VOILÉ;2;18.7;0
Chaumont;48.11;5.14;25/08/2026;21:00;19.7;5;SOLEIL VOILÉ;1;18.7;0
Chaumont;48.11;5.14;25/08/2026;22:00;19.1;5;SOLEIL VOILÉ;2;13.7;0
Chaumont;48.11;5.14;25/08/2026;23:00;18.6;6;AVERSES;1;13.0;0.1
Chaumont;48.11;5.14;26/08/2026;00:00;18.6;6;AVERSES;2;10.1;0.1
Chaumont;48.11;5.14;26/08/2026;01:00;18.6;6;AVERSES;2;7.6;0.1
Chaumont;48.11;5.14;26/08/2026;02:00;18;0;SOLEIL;3;7.2;0
Chaumont;48.11;5.14;26/08/2026;03:00;18;0;SOLEIL;3;8.9;0
Chaumont;48.11;5.14;26/08/2026;04:00;18;0;SOLEIL;3;16.0;0
Chaumont;48.11;5.14;26/08/2026;05:00;17.5;0;SOLEIL;3;20.4;0
Chaumont;48.11;5.14;26/08/2026;06:00;17.5;0;SOLEIL;3;19.4;0
Chaumont;48.11;5.14;26/08/2026;07:00;17.5;0;SOLEIL;3;19.4;0
Chaumont;48.11;5.14;26/08/2026;08:00;22.2;0;SOLEIL;3;19.1;0
Chaumont;48.11;5.14;26/08/2026;09:00;22.2;0;SOLEIL;3;26.6;0
Chaumont;48.11;5.14;26/08/2026;10:00;22.2;0;SOLEIL;3;27.0;0
Chaumont;48.11;5.14;26/08/2026;11:00;26.9;5;SOLEIL VOILÉ;3;28.4;0
Chaumont;48.11;5.14;26/08/2026;12:00;26.9;5;SOLEIL VOILÉ;3;28.1;0
Chaumont;48.11;5.14;26/08/2026;13:00;26.9;5;SOLEIL VOILÉ;3;26.6;0
Chaumont;48.11;5.14;26/08/2026;14:00;28.7;5;SOLEIL VOILÉ;2;25.9;0
Chaumont;48.11;5.14;26/08/2026;15:00;28.7;5;SOLEIL VOILÉ;2;23.0;0
Chaumont;48.11;5.14;26/08/2026;16:00;28.7;5;SOLEIL VOILÉ;2;22.0;0
Chaumont;48.11;5.14;26/08/2026;17:00;26.4;5;SOLEIL VOILÉ;3;17.6;0
Chaumont;48.11;5.14;26/08/2026;18:00;26.4;5;SOLEIL VOILÉ;3;17.6;0
Chaumont;48.11;5.14;26/08/2026;19:00;26.4;5;SOLEIL VOILÉ;3;16.9;0
Chaumont;48.11;5.14;26/08/2026;20:00;20.6;5;SOLEIL VOILÉ;3;14.8;0
Chaumont;48.11;5.14;26/08/2026;21:00;20.6;5;SOLEIL VOILÉ;3;12.2;0
Chaumont;48.11;5.14;26/08/2026;22:00;20.6;5;SOLEIL VOILÉ;3;13.3;0
Chaumont;48.11;5.14;26/08/2026;23:00;18.4;10;ORAGEUX;3;14.8;0
Chaumont;48.11;5.14;27/08/2026;00:00;18.4;10;ORAGEUX;3;17.3;0
Chaumont;48.11;5.14;27/08/2026;01:00;18.4;10;ORAGEUX;3;23.0;0
Chaumont;48.11;5.14;27/08/2026;02:00;17.2;5;SOLEIL VOILÉ;3;15.1;0
Chaumont;48.11;5.14;27/08/2026;03:00;17.2;5;SOLEIL VOILÉ;3;14.0;0
Chaumont;48.11;5.14;27/08/2026;04:00;17.2;5;SOLEIL VOILÉ;3;15.5;0
Chaumont;48.11;5.14;27/08/2026;05:00;18.4;5;SOLEIL VOILÉ;3;14.4;0
Chaumont;48.11;5.14;27/08/2026;06:00;18.4;5;SOLEIL VOILÉ;3;21.2;0
Chaumont;48.11;5.14;27/08/2026;07:00;18.4;5;SOLEIL VOILÉ;3;22.0;0
Chaumont;48.11;5.14;27/08/2026;08:00;24.9;5;SOLEIL VOILÉ;3;32.0;0
Chaumont;48.11;5.14;27/08/2026;09:00;24.9;5;SOLEIL VOILÉ;3;36.0;0
Chaumont;48.11;5.14;27/08/2026;10:00;24.9;5;SOLEIL VOILÉ;3;38.9;0
Chaumont;48.11;5.14;27/08/2026;11:00;27.1;5;SOLEIL VOILÉ;3;39.2;0
Chaumont;48.11;5.14;27/08/2026;12:00;27.1;5;SOLEIL VOILÉ;3;34.9;0
Chaumont;48.11;5.14;27/08/2026;13:00;27.1;5;SOLEIL VOILÉ;3;28.1;0
Chaumont;48.11;5.14;27/08/2026;14:00;30.1;10;ORAGEUX;4;23.8;0
Chaumont;48.11;5.14;27/08/2026;15:00;30.1;10;ORAGEUX;4;24.8;0
Chaumont;48.11;5.14;27/08/2026;16:00;30.1;10;ORAGEUX;4;28.4;0
Chaumont;48.11;5.14;27/08/2026;17:00;25.7;10;ORAGEUX;3;30.6;0
Chaumont;48.11;5.14;27/08/2026;18:00;25.7;10;ORAGEUX;3;28.8;0
Chaumont;48.11;5.14;27/08/2026;19:00;25.7;10;ORAGEUX;3;25.2;0
Chaumont;48.11;5.14;27/08/2026;20:00;22.8;10;ORAGEUX;5;23.0;0
Chaumont;48.11;5.14;27/08/2026;21:00;21.3;10;ORAGEUX;5;23.0;0
Chaumont;48.11;5.14;27/08/2026;22:00;19.7;10;ORAGEUX;5;24.5;0
Chaumont;48.11;5.14;27/08/2026;23:00;19.2;10;ORAGEUX;5;25.2;0
Chaumont;48.11;5.14;28/08/2026;00:00;19.2;10;ORAGEUX;5;24.8;0
Chaumont;48.11;5.14;28/08/2026;01:00;19.2;10;ORAGEUX;5;24.5;0
Chaumont;48.11;5.14;28/08/2026;02:00;16.9;6;AVERSES;5;24.8;0
Chaumont;48.11;5.14;28/08/2026;03:00;16.9;6;AVERSES;5;27.7;0
Chaumont;48.11;5.14;28/08/2026;04:00;16.9;6;AVERSES;5;31.7;0
Chaumont;48.11;5.14;28/08/2026;05:00;17.4;7;PLUIE FAIBLE;6;34.2;0
Chaumont;48.11;5.14;28/08/2026;06:00;17.4;7;PLUIE FAIBLE;6;33.8;0
Chaumont;48.11;5.14;28/08/2026;07:00;17.4;7;PLUIE FAIBLE;6;32.0;0
Chaumont;48.11;5.14;28/08/2026;08:00;18.6;6;AVERSES;5;31.7;0
Chaumont;48.11;5.14;28/08/2026;09:00;19.5;6;AVERSES;5;34.6;0
Chaumont;48.11;5.14;28/08/2026;10:00;20.3;6;AVERSES;5;38.9;0
Chaumont;48.11;5.14;28/08/2026;11:00;22.9;6;AVERSES;7;42.1;0
Chaumont;48.11;5.14;28/08/2026;12:00;22.9;6;AVERSES;7;43.9;0
Chaumont;48.11;5.14;28/08/2026;13:00;22.9;6;AVERSES;7;44.6;0
Chaumont;48.11;5.14;28/08/2026;14:00;23.7;6;AVERSES;5;45.0;0
Chaumont;48.11;5.14;28/08/2026;15:00;24.6;6;AVERSES;5;44.6;0
Chaumont;48.11;5.14;28/08/2026;16:00;23.7;6;AVERSES;5;43.9;0
Chaumont;48.11;5.14;28/08/2026;17:00;19.6;6;AVERSES;4;42.5;0
Chaumont;48.11;5.14;28/08/2026;18:00;19.6;6;AVERSES;4;41.0;0
Chaumont;48.11;5.14;28/08/2026;19:00;19.6;6;AVERSES;4;38.9;0
Chaumont;48.11;5.14;28/08/2026;20:00;20.3;6;AVERSES;5;35.6;0
Chaumont;48.11;5.14;28/08/2026;21:00;19.5;6;AVERSES;5;29.9;0
Chaumont;48.11;5.14;28/08/2026;22:00;18.6;6;AVERSES;5;23.0;0
Chaumont;48.11;5.14;28/08/2026;23:00;17;7;PLUIE FAIBLE;5;18.0;0
Chaumont;48.11;5.14;29/08/2026;00:00;17;7;PLUIE FAIBLE;5;16.9;0
Chaumont;48.11;5.14;29/08/2026;01:00;17;7;PLUIE FAIBLE;5;17.8;0
Chaumont;48.11;5.14;29/08/2026;02:00;15.6;6;AVERSES;5;18.7;0
Chaumont;48.11;5.14;29/08/2026;03:00;15.6;6;AVERSES;5;18.0;0
Chaumont;48.11;5.14;29/08/2026;04:00;15.6;6;AVERSES;5;16.6;0
Chaumont;48.11;5.14;29/08/2026;05:00;16.6;6;AVERSES;5;16.2;0
Chaumont;48.11;5.14;29/08/2026;06:00;16.6;6;AVERSES;5;16.9;0
Chaumont;48.11;5.14;29/08/2026;07:00;16.6;6;AVERSES;5;18.7;0
Chaumont;48.11;5.14;29/08/2026;08:00;17.3;6;AVERSES;5;22.0;0
Chaumont;48.11;5.14;29/08/2026;09:00;18.1;6;AVERSES;5;28.4;0
Chaumont;48.11;5.14;29/08/2026;10:00;18.9;6;AVERSES;5;36.7;0
Chaumont;48.11;5.14;29/08/2026;11:00;22.1;6;AVERSES;6;43.2;0
Chaumont;48.11;5.14;29/08/2026;12:00;22.1;6;AVERSES;6;46.4;0
Chaumont;48.11;5.14;29/08/2026;13:00;22.1;6;AVERSES;6;47.5;0
Chaumont;48.11;5.14;29/08/2026;14:00;22.3;6;AVERSES;5;47.9;0
Chaumont;48.11;5.14;29/08/2026;15:00;23.1;6;AVERSES;5;46.8;0
Chaumont;48.11;5.14;29/08/2026;16:00;22.3;6;AVERSES;5;45.0;0
Chaumont;48.11;5.14;29/08/2026;17:00;20.6;7;PLUIE FAIBLE;4;43.6;0
Chaumont;48.11;5.14;29/08/2026;18:00;20.6;7;PLUIE FAIBLE;4;43.6;0
Chaumont;48.11;5.14;29/08/2026;19:00;20.6;7;PLUIE FAIBLE;4;44.3;0
Chaumont;48.11;5.14;29/08/2026;20:00;18.9;6;AVERSES;5;44.6;0
Chaumont;48.11;5.14;29/08/2026;21:00;18.1;6;AVERSES;5;44.3;0
Chaumont;48.11;5.14;29/08/2026;22:00;17.3;6;AVERSES;5;43.6;0
Chaumont;48.11;5.14;29/08/2026;23:00;17.6;0;SOLEIL;4;43.6;0
Langres;47.86;5.33;25/08/2026;00:00;17.4;6;AVERSES;3;19.1;0.3
Langres;47.86;5.33;25/08/2026;01:00;16.6;6;AVERSES;3;49.7;1
Langres;47.86;5.33;25/08/2026;02:00;16.6;6;AVERSES;2;44.3;2.1
Langres;47.86;5.33;25/08/2026;03:00;17.1;7;PLUIE FAIBLE;2;30.2;2.5
Langres;47.86;5.33;25/08/2026;04:00;15.9;7;PLUIE FAIBLE;2;28.8;4.2
Langres;47.86;5.33;25/08/2026;05:00;15.4;7;PLUIE FAIBLE;2;33.8;2.5
Langres;47.86;5.33;25/08/2026;06:00;16.6;6;AVERSES;2;32.0;0.6
Langres;47.86;5.33;25/08/2026;07:00;17.4;2;NUAGEUX;2;22.3;0
Langres;47.86;5.33;25/08/2026;08:00;19.7;2;NUAGEUX;3;22.3;0
Langres;47.86;5.33;25/08/2026;09:00;21.7;2;NUAGEUX;3;29.5;0
Langres;47.86;5.33;25/08/2026;10:00;22.2;2;NUAGEUX;3;29.9;0
Langres;47.86;5.33;25/08/2026;11:00;22.2;2;NUAGEUX;3;32.0;0
Langres;47.86;5.33;25/08/2026;12:00;23.4;2;NUAGEUX;4;39.2;0
Langres;47.86;5.33;25/08/2026;13:00;23.6;6;AVERSES;3;41.8;0.1
Langres;47.86;5.33;25/08/2026;14:00;24.1;6;AVERSES;4;28.8;0.1
Langres;47.86;5.33;25/08/2026;15:00;24.1;6;AVERSES;4;29.2;0.1
Langres;47.86;5.33;25/08/2026;16:00;21.4;6;AVERSES;3;28.8;0.1
Langres;47.86;5.33;25/08/2026;17:00;20.9;6;AVERSES;3;27.4;0.1
Langres;47.86;5.33;25/08/2026;18:00;20.4;6;AVERSES;3;26.6;0.1
Langres;47.86;5.33;25/08/2026;19:00;19.1;5;SOLEIL VOILÉ;2;25.6;0
Langres;47.86;5.33;25/08/2026;20:00;18.6;5;SOLEIL VOILÉ;2;20.9;0
Langres;47.86;5.33;25/08/2026;21:00;18.1;5;SOLEIL VOILÉ;2;9.7;0
Langres;47.86;5.33;25/08/2026;22:00;18.1;5;SOLEIL VOILÉ;2;10.8;0
Langres;47.86;5.33;25/08/2026;23:00;18;2;NUAGEUX;2;22.0;0
Langres;47.86;5.33;26/08/2026;00:00;17.6;0;SOLEIL;2;20.2;0
Langres;47.86;5.33;26/08/2026;01:00;17.6;0;SOLEIL;2;12.6;0
Langres;47.86;5.33;26/08/2026;02:00;17;0;SOLEIL;3;12.6;0
Langres;47.86;5.33;26/08/2026;03:00;17;0;SOLEIL;3;14.9;0
Langres;47.86;5.33;26/08/2026;04:00;17;0;SOLEIL;3;18.4;0
Langres;47.86;5.33;26/08/2026;05:00;16.2;0;SOLEIL;2;21.1;0
Langres;47.86;5.33;26/08/2026;06:00;16.2;0;SOLEIL;2;21.2;0
Langres;47.86;5.33;26/08/2026;07:00;16.2;0;SOLEIL;2;20.5;0
Langres;47.86;5.33;26/08/2026;08:00;21.6;0;SOLEIL;2;14.0;0
Langres;47.86;5.33;26/08/2026;09:00;21.6;0;SOLEIL;2;16.9;0
Langres;47.86;5.33;26/08/2026;10:00;21.6;0;SOLEIL;2;23.8;0
Langres;47.86;5.33;26/08/2026;11:00;25.9;5;SOLEIL VOILÉ;2;23.4;0
Langres;47.86;5.33;26/08/2026;12:00;25.9;5;SOLEIL VOILÉ;2;20.9;0
Langres;47.86;5.33;26/08/2026;13:00;25.9;5;SOLEIL VOILÉ;2;20.9;0
Langres;47.86;5.33;26/08/2026;14:00;26.5;5;SOLEIL VOILÉ;3;20.5;0
Langres;47.86;5.33;26/08/2026;15:00;26.5;5;SOLEIL VOILÉ;3;20.5;0
Langres;47.86;5.33;26/08/2026;16:00;26.5;5;SOLEIL VOILÉ;3;17.6;0
Langres;47.86;5.33;26/08/2026;17:00;24.2;5;SOLEIL VOILÉ;3;20.5;0
Langres;47.86;5.33;26/08/2026;18:00;24.2;5;SOLEIL VOILÉ;3;20.9;0
Langres;47.86;5.33;26/08/2026;19:00;24.2;5;SOLEIL VOILÉ;3;20.9;0
Langres;47.86;5.33;26/08/2026;20:00;20.1;5;SOLEIL VOILÉ;4;22.3;0
Langres;47.86;5.33;26/08/2026;21:00;20.1;5;SOLEIL VOILÉ;4;22.3;0
Langres;47.86;5.33;26/08/2026;22:00;20.1;5;SOLEIL VOILÉ;4;14.8;0
Langres;47.86;5.33;26/08/2026;23:00;17.1;5;SOLEIL VOILÉ;5;15.8;0
Langres;47.86;5.33;27/08/2026;00:00;17.1;5;SOLEIL VOILÉ;5;14.4;0
Langres;47.86;5.33;27/08/2026;01:00;17.1;5;SOLEIL VOILÉ;5;17.3;0
Langres;47.86;5.33;27/08/2026;02:00;16.5;5;SOLEIL VOILÉ;5;16.2;0
Langres;47.86;5.33;27/08/2026;03:00;16.5;5;SOLEIL VOILÉ;5;24.5;0
Langres;47.86;5.33;27/08/2026;04:00;16.5;5;SOLEIL VOILÉ;5;25.6;0
Langres;47.86;5.33;27/08/2026;05:00;17.1;5;SOLEIL VOILÉ;4;24.1;0
Langres;47.86;5.33;27/08/2026;06:00;17.1;5;SOLEIL VOILÉ;4;20.9;0
Langres;47.86;5.33;27/08/2026;07:00;17.1;5;SOLEIL VOILÉ;4;23.8;0
Langres;47.86;5.33;27/08/2026;08:00;23.6;5;SOLEIL VOILÉ;4;16.6;0
Langres;47.86;5.33;27/08/2026;09:00;23.6;5;SOLEIL VOILÉ;4;15.8;0
Langres;47.86;5.33;27/08/2026;10:00;23.6;5;SOLEIL VOILÉ;4;16.6;0
Langres;47.86;5.33;27/08/2026;11:00;25;5;SOLEIL VOILÉ;4;19.4;0
Langres;47.86;5.33;27/08/2026;12:00;25;5;SOLEIL VOILÉ;4;27.0;0
Langres;47.86;5.33;27/08/2026;13:00;25;5;SOLEIL VOILÉ;4;36.7;0
Langres;47.86;5.33;27/08/2026;14:00;29.2;10;ORAGEUX;4;43.6;0
Langres;47.86;5.33;27/08/2026;15:00;29.2;10;ORAGEUX;4;44.6;0
Langres;47.86;5.33;27/08/2026;16:00;29.2;10;ORAGEUX;4;42.5;0
Langres;47.86;5.33;27/08/2026;17:00;24.1;10;ORAGEUX;4;40.7;0
Langres;47.86;5.33;27/08/2026;18:00;24.1;10;ORAGEUX;4;40.0;0
Langres;47.86;5.33;27/08/2026;19:00;24.1;10;ORAGEUX;4;39.6;0
Langres;47.86;5.33;27/08/2026;20:00;21.8;10;ORAGEUX;5;38.2;0
Langres;47.86;5.33;27/08/2026;21:00;20.2;10;ORAGEUX;5;35.6;0
Langres;47.86;5.33;27/08/2026;22:00;18.6;10;ORAGEUX;5;32.4;0
Langres;47.86;5.33;27/08/2026;23:00;17.1;10;ORAGEUX;4;29.2;0
Langres;47.86;5.33;28/08/2026;00:00;17.1;10;ORAGEUX;4;26.3;0
Langres;47.86;5.33;28/08/2026;01:00;17.1;10;ORAGEUX;4;23.4;0
Langres;47.86;5.33;28/08/2026;02:00;15.1;6;AVERSES;5;22.0;0
Langres;47.86;5.33;28/08/2026;03:00;15.1;6;AVERSES;5;23.4;0
Langres;47.86;5.33;28/08/2026;04:00;15.1;6;AVERSES;5;26.3;0
Langres;47.86;5.33;28/08/2026;05:00;15.7;6;AVERSES;5;28.1;0
Langres;47.86;5.33;28/08/2026;06:00;15.7;6;AVERSES;5;26.3;0
Langres;47.86;5.33;28/08/2026;07:00;15.7;6;AVERSES;5;23.0;0
Langres;47.86;5.33;28/08/2026;08:00;16.9;6;AVERSES;5;22.3;0
Langres;47.86;5.33;28/08/2026;09:00;17.8;6;AVERSES;5;26.3;0
Langres;47.86;5.33;28/08/2026;10:00;18.7;6;AVERSES;5;32.4;0
Langres;47.86;5.33;28/08/2026;11:00;21.6;6;AVERSES;6;37.4;0
Langres;47.86;5.33;28/08/2026;12:00;21.6;6;AVERSES;6;40.3;0
Langres;47.86;5.33;28/08/2026;13:00;21.6;6;AVERSES;6;42.1;0
Langres;47.86;5.33;28/08/2026;14:00;22.3;6;AVERSES;5;43.9;0
Langres;47.86;5.33;28/08/2026;15:00;23.2;6;AVERSES;5;46.8;0
Langres;47.86;5.33;28/08/2026;16:00;22.3;6;AVERSES;5;49.3;0
Langres;47.86;5.33;28/08/2026;17:00;18.4;6;AVERSES;4;50.0;0
Langres;47.86;5.33;28/08/2026;18:00;18.4;6;AVERSES;4;47.5;0
Langres;47.86;5.33;28/08/2026;19:00;18.4;6;AVERSES;4;42.8;0
Langres;47.86;5.33;28/08/2026;20:00;18.7;6;AVERSES;5;37.4;0
Langres;47.86;5.33;28/08/2026;21:00;17.8;6;AVERSES;5;30.2;0
Langres;47.86;5.33;28/08/2026;22:00;16.9;6;AVERSES;5;22.0;0
Langres;47.86;5.33;28/08/2026;23:00;15.4;7;PLUIE FAIBLE;5;15.8;0
Langres;47.86;5.33;29/08/2026;00:00;15.4;7;PLUIE FAIBLE;5;13.1;0
Langres;47.86;5.33;29/08/2026;01:00;15.4;7;PLUIE FAIBLE;5;12.4;0
Langres;47.86;5.33;29/08/2026;02:00;13.6;7;PLUIE FAIBLE;5;12.2;0
Langres;47.86;5.33;29/08/2026;03:00;13.6;7;PLUIE FAIBLE;5;11.2;0
Langres;47.86;5.33;29/08/2026;04:00;13.6;7;PLUIE FAIBLE;5;10.4;0
Langres;47.86;5.33;29/08/2026;05:00;14.7;7;PLUIE FAIBLE;5;10.1;0
Langres;47.86;5.33;29/08/2026;06:00;14.7;7;PLUIE FAIBLE;5;9.4;0
Langres;47.86;5.33;29/08/2026;07:00;14.7;7;PLUIE FAIBLE;5;9.4;0
Langres;47.86;5.33;29/08/2026;08:00;15.3;7;PLUIE FAIBLE;5;11.5;0
Langres;47.86;5.33;29/08/2026;09:00;16.2;7;PLUIE FAIBLE;5;18.4;0
Langres;47.86;5.33;29/08/2026;10:00;17.1;7;PLUIE FAIBLE;5;27.7;0
Langres;47.86;5.33;29/08/2026;11:00;20.7;6;AVERSES;5;35.3;0
Langres;47.86;5.33;29/08/2026;12:00;20.7;6;AVERSES;5;38.9;0
Langres;47.86;5.33;29/08/2026;13:00;20.7;6;AVERSES;5;40.3;0
Langres;47.86;5.33;29/08/2026;14:00;20.5;7;PLUIE FAIBLE;5;41.0;0
Langres;47.86;5.33;29/08/2026;15:00;21.4;7;PLUIE FAIBLE;5;41.4;0
Langres;47.86;5.33;29/08/2026;16:00;20.5;7;PLUIE FAIBLE;5;40.7;0
Langres;47.86;5.33;29/08/2026;17:00;18.4;7;PLUIE FAIBLE;3;40.0;0
Langres;47.86;5.33;29/08/2026;18:00;18.4;7;PLUIE FAIBLE;3;38.9;0
Langres;47.86;5.33;29/08/2026;19:00;18.4;7;PLUIE FAIBLE;3;37.8;0
Langres;47.86;5.33;29/08/2026;20:00;17.1;7;PLUIE FAIBLE;5;36.7;0
Langres;47.86;5.33;29/08/2026;21:00;16.2;7;PLUIE FAIBLE;5;36.0;0
Langres;47.86;5.33;29/08/2026;22:00;15.3;7;PLUIE FAIBLE;5;35.3;0
Langres;47.86;5.33;29/08/2026;23:00;15.6;0;SOLEIL;4;34.9;0
Saint-Dizier;48.63;4.95;25/08/2026;00:00;17.1;6;AVERSES;4;40.0;0.3
Saint-Dizier;48.63;4.95;25/08/2026;01:00;16.7;6;AVERSES;3;39.6;1.2
Saint-Dizier;48.63;4.95;25/08/2026;02:00;16.1;7;PLUIE FAIBLE;3;36.0;2.7
Saint-Dizier;48.63;4.95;25/08/2026;03:00;16;7;PLUIE FAIBLE;3;34.2;3
Saint-Dizier;48.63;4.95;25/08/2026;04:00;16;7;PLUIE FAIBLE;3;35.3;3.9
Saint-Dizier;48.63;4.95;25/08/2026;05:00;15.6;6;AVERSES;3;27.7;1.2
Saint-Dizier;48.63;4.95;25/08/2026;06:00;16.1;4;COUVERT;3;24.8;0
Saint-Dizier;48.63;4.95;25/08/2026;07:00;16.6;2;NUAGEUX;3;29.2;0
Saint-Dizier;48.63;4.95;25/08/2026;08:00;17.1;2;NUAGEUX;3;27.0;0
Saint-Dizier;48.63;4.95;25/08/2026;09:00;18.4;2;NUAGEUX;3;24.5;0
Saint-Dizier;48.63;4.95;25/08/2026;10:00;18.9;2;NUAGEUX;3;28.1;0
Saint-Dizier;48.63;4.95;25/08/2026;11:00;21.4;2;NUAGEUX;4;30.6;0
Saint-Dizier;48.63;4.95;25/08/2026;12:00;23.4;2;NUAGEUX;4;32.4;0
Saint-Dizier;48.63;4.95;25/08/2026;13:00;24.1;6;AVERSES;4;33.1;0.1
Saint-Dizier;48.63;4.95;25/08/2026;14:00;24.1;6;AVERSES;4;33.1;0.1
Saint-Dizier;48.63;4.95;25/08/2026;15:00;23.6;6;AVERSES;3;34.6;0.4
Saint-Dizier;48.63;4.95;25/08/2026;16:00;22.6;6;AVERSES;4;33.8;0.4
Saint-Dizier;48.63;4.95;25/08/2026;17:00;21.6;6;AVERSES;3;34.2;0.1
Saint-Dizier;48.63;4.95;25/08/2026;18:00;19.1;6;AVERSES;3;23.0;0.1
Saint-Dizier;48.63;4.95;25/08/2026;19:00;17.6;5;SOLEIL VOILÉ;2;22.7;0
Saint-Dizier;48.63;4.95;25/08/2026;20:00;17.5;5;SOLEIL VOILÉ;1;21.2;0
Saint-Dizier;48.63;4.95;25/08/2026;21:00;17.5;5;SOLEIL VOILÉ;1;23.8;0
Saint-Dizier;48.63;4.95;25/08/2026;22:00;17.4;5;SOLEIL VOILÉ;2;20.2;0
Saint-Dizier;48.63;4.95;25/08/2026;23:00;17.1;0;SOLEIL;2;26.6;0
Saint-Dizier;48.63;4.95;26/08/2026;00:00;17.4;0;SOLEIL;2;25.6;0
Saint-Dizier;48.63;4.95;26/08/2026;01:00;17.4;0;SOLEIL;2;16.6;0
Saint-Dizier;48.63;4.95;26/08/2026;02:00;16.4;0;SOLEIL;2;14.0;0
Saint-Dizier;48.63;4.95;26/08/2026;03:00;16.4;0;SOLEIL;2;15.8;0
Saint-Dizier;48.63;4.95;26/08/2026;04:00;16.4;0;SOLEIL;2;17.1;0
Saint-Dizier;48.63;4.95;26/08/2026;05:00;17.1;0;SOLEIL;2;16.7;0
Saint-Dizier;48.63;4.95;26/08/2026;06:00;17.1;0;SOLEIL;2;16.6;0
Saint-Dizier;48.63;4.95;26/08/2026;07:00;17.1;0;SOLEIL;2;15.8;0
Saint-Dizier;48.63;4.95;26/08/2026;08:00;20.9;0;SOLEIL;2;8.6;0
Saint-Dizier;48.63;4.95;26/08/2026;09:00;20.9;0;SOLEIL;2;11.9;0
Saint-Dizier;48.63;4.95;26/08/2026;10:00;20.9;0;SOLEIL;2;18.7;0
Saint-Dizier;48.63;4.95;26/08/2026;11:00;25.1;5;SOLEIL VOILÉ;3;18.4;0
Saint-Dizier;48.63;4.95;26/08/2026;12:00;25.1;5;SOLEIL VOILÉ;3;21.2;0
Saint-Dizier;48.63;4.95;26/08/2026;13:00;25.1;5;SOLEIL VOILÉ;3;20.9;0
Saint-Dizier;48.63;4.95;26/08/2026;14:00;27.5;5;SOLEIL VOILÉ;3;22.3;0
Saint-Dizier;48.63;4.95;26/08/2026;15:00;27.5;5;SOLEIL VOILÉ;3;20.9;0
Saint-Dizier;48.63;4.95;26/08/2026;16:00;27.5;5;SOLEIL VOILÉ;3;20.2;0
Saint-Dizier;48.63;4.95;26/08/2026;17:00;25;5;SOLEIL VOILÉ;3;20.5;0
Saint-Dizier;48.63;4.95;26/08/2026;18:00;25;5;SOLEIL VOILÉ;3;23.0;0
Saint-Dizier;48.63;4.95;26/08/2026;19:00;25;5;SOLEIL VOILÉ;3;24.1;0
Saint-Dizier;48.63;4.95;26/08/2026;20:00;20.6;5;SOLEIL VOILÉ;4;23.8;0
Saint-Dizier;48.63;4.95;26/08/2026;21:00;20.6;5;SOLEIL VOILÉ;4;22.3;0
Saint-Dizier;48.63;4.95;26/08/2026;22:00;20.6;5;SOLEIL VOILÉ;4;18.7;0
Saint-Dizier;48.63;4.95;26/08/2026;23:00;19.6;5;SOLEIL VOILÉ;4;16.6;0
Saint-Dizier;48.63;4.95;27/08/2026;00:00;19.6;5;SOLEIL VOILÉ;4;26.3;0
Saint-Dizier;48.63;4.95;27/08/2026;01:00;19.6;5;SOLEIL VOILÉ;4;28.1;0
Saint-Dizier;48.63;4.95;27/08/2026;02:00;18.2;5;SOLEIL VOILÉ;4;33.8;0
Saint-Dizier;48.63;4.95;27/08/2026;03:00;18.2;5;SOLEIL VOILÉ;4;35.3;0
Saint-Dizier;48.63;4.95;27/08/2026;04:00;18.2;5;SOLEIL VOILÉ;4;34.2;0
Saint-Dizier;48.63;4.95;27/08/2026;05:00;18.6;5;SOLEIL VOILÉ;4;32.8;0
Saint-Dizier;48.63;4.95;27/08/2026;06:00;18.6;5;SOLEIL VOILÉ;4;25.9;0
Saint-Dizier;48.63;4.95;27/08/2026;07:00;18.6;5;SOLEIL VOILÉ;4;25.6;0
Saint-Dizier;48.63;4.95;27/08/2026;08:00;22.9;5;SOLEIL VOILÉ;4;30.6;0
Saint-Dizier;48.63;4.95;27/08/2026;09:00;22.9;5;SOLEIL VOILÉ;4;30.2;0
Saint-Dizier;48.63;4.95;27/08/2026;10:00;22.9;5;SOLEIL VOILÉ;4;29.9;0
Saint-Dizier;48.63;4.95;27/08/2026;11:00;25.1;5;SOLEIL VOILÉ;5;31.7;0
Saint-Dizier;48.63;4.95;27/08/2026;12:00;25.1;5;SOLEIL VOILÉ;5;37.1;0
Saint-Dizier;48.63;4.95;27/08/2026;13:00;25.1;5;SOLEIL VOILÉ;5;44.6;0
Saint-Dizier;48.63;4.95;27/08/2026;14:00;27.2;10;ORAGEUX;5;49.7;0
Saint-Dizier;48.63;4.95;27/08/2026;15:00;27.2;10;ORAGEUX;5;50.4;0
Saint-Dizier;48.63;4.95;27/08/2026;16:00;27.2;10;ORAGEUX;5;48.6;0
Saint-Dizier;48.63;4.95;27/08/2026;17:00;22.9;10;ORAGEUX;4;47.2;0
Saint-Dizier;48.63;4.95;27/08/2026;18:00;22.9;10;ORAGEUX;4;46.8;0
Saint-Dizier;48.63;4.95;27/08/2026;19:00;22.9;10;ORAGEUX;4;46.8;0
Saint-Dizier;48.63;4.95;27/08/2026;20:00;22.6;10;ORAGEUX;5;45.7;0
Saint-Dizier;48.63;4.95;27/08/2026;21:00;21.3;10;ORAGEUX;5;42.8;0
Saint-Dizier;48.63;4.95;27/08/2026;22:00;20.0;10;ORAGEUX;5;38.9;0
Saint-Dizier;48.63;4.95;27/08/2026;23:00;17.6;10;ORAGEUX;4;34.2;0
Saint-Dizier;48.63;4.95;28/08/2026;00:00;17.6;10;ORAGEUX;4;28.4;0
Saint-Dizier;48.63;4.95;28/08/2026;01:00;17.6;10;ORAGEUX;4;22.7;0
Saint-Dizier;48.63;4.95;28/08/2026;02:00;15;6;AVERSES;5;18.4;0
Saint-Dizier;48.63;4.95;28/08/2026;03:00;15;6;AVERSES;5;17.6;0
Saint-Dizier;48.63;4.95;28/08/2026;04:00;15;6;AVERSES;5;18.4;0
Saint-Dizier;48.63;4.95;28/08/2026;05:00;15.6;6;AVERSES;5;19.8;0
Saint-Dizier;48.63;4.95;28/08/2026;06:00;15.6;6;AVERSES;5;20.5;0
Saint-Dizier;48.63;4.95;28/08/2026;07:00;15.6;6;AVERSES;5;21.6;0
Saint-Dizier;48.63;4.95;28/08/2026;08:00;16.6;6;AVERSES;5;23.4;0
Saint-Dizier;48.63;4.95;28/08/2026;09:00;17.4;6;AVERSES;5;25.9;0
Saint-Dizier;48.63;4.95;28/08/2026;10:00;18.2;6;AVERSES;5;28.8;0
Saint-Dizier;48.63;4.95;28/08/2026;11:00;20.1;7;PLUIE FAIBLE;6;32.0;0
Saint-Dizier;48.63;4.95;28/08/2026;12:00;20.1;7;PLUIE FAIBLE;6;36.0;0
Saint-Dizier;48.63;4.95;28/08/2026;13:00;20.1;7;PLUIE FAIBLE;6;40.7;0
Saint-Dizier;48.63;4.95;28/08/2026;14:00;21.3;6;AVERSES;5;44.3;0
Saint-Dizier;48.63;4.95;28/08/2026;15:00;22.1;6;AVERSES;5;47.5;0
Saint-Dizier;48.63;4.95;28/08/2026;16:00;21.3;6;AVERSES;5;50.0;0
Saint-Dizier;48.63;4.95;28/08/2026;17:00;17.4;6;AVERSES;4;49.7;0
Saint-Dizier;48.63;4.95;28/08/2026;18:00;17.4;6;AVERSES;4;45.0;0
Saint-Dizier;48.63;4.95;28/08/2026;19:00;17.4;6;AVERSES;4;37.8;0
Saint-Dizier;48.63;4.95;28/08/2026;20:00;18.2;6;AVERSES;5;30.6;0
Saint-Dizier;48.63;4.95;28/08/2026;21:00;17.4;6;AVERSES;5;24.5;0
Saint-Dizier;48.63;4.95;28/08/2026;22:00;16.6;6;AVERSES;5;18.7;0
Saint-Dizier;48.63;4.95;28/08/2026;23:00;14.6;0;SOLEIL;4;14.8;0
Saint-Dizier;48.63;4.95;29/08/2026;00:00;14.6;0;SOLEIL;4;13.2;0
Saint-Dizier;48.63;4.95;29/08/2026;01:00;14.6;0;SOLEIL;4;13.3;0
Saint-Dizier;48.63;4.95;29/08/2026;02:00;13.1;6;AVERSES;5;13.3;0
Saint-Dizier;48.63;4.95;29/08/2026;03:00;13.1;6;AVERSES;5;12.2;0
Saint-Dizier;48.63;4.95;29/08/2026;04:00;13.1;6;AVERSES;5;10.8;0
Saint-Dizier;48.63;4.95;29/08/2026;05:00;13.9;7;PLUIE FAIBLE;4;10.1;0
Saint-Dizier;48.63;4.95;29/08/2026;06:00;13.9;7;PLUIE FAIBLE;4;9.4;0
Saint-Dizier;48.63;4.95;29/08/2026;07:00;13.9;7;PLUIE FAIBLE;4;9.0;0
Saint-Dizier;48.63;4.95;29/08/2026;08:00;14.7;6;AVERSES;5;10.4;0
Saint-Dizier;48.63;4.95;29/08/2026;09:00;15.4;6;AVERSES;5;15.8;0
Saint-Dizier;48.63;4.95;29/08/2026;10:00;16.2;6;AVERSES;5;23.0;0
Saint-Dizier;48.63;4.95;29/08/2026;11:00;19.5;6;AVERSES;5;29.2;0
Saint-Dizier;48.63;4.95;29/08/2026;12:00;19.5;6;AVERSES;5;33.1;0
Saint-Dizier;48.63;4.95;29/08/2026;13:00;19.5;6;AVERSES;5;36.0;0
Saint-Dizier;48.63;4.95;29/08/2026;14:00;19.3;6;AVERSES;5;38.2;0
Saint-Dizier;48.63;4.95;29/08/2026;15:00;20.1;6;AVERSES;5;39.2;0
Saint-Dizier;48.63;4.95;29/08/2026;16:00;19.3;6;AVERSES;5;39.6;0
Saint-Dizier;48.63;4.95;29/08/2026;17:00;17.6;6;AVERSES;3;39.2;0
Saint-Dizier;48.63;4.95;29/08/2026;18:00;17.6;6;AVERSES;3;38.2;0
Saint-Dizier;48.63;4.95;29/08/2026;19:00;17.6;6;AVERSES;3;36.7;0
Saint-Dizier;48.63;4.95;29/08/2026;20:00;16.2;6;AVERSES;5;34.9;0
Saint-Dizier;48.63;4.95;29/08/2026;21:00;15.4;6;AVERSES;5;32.0;0
Saint-Dizier;48.63;4.95;29/08/2026;22:00;14.7;6;AVERSES;5;28.8;0
Saint-Dizier;48.63;4.95;29/08/2026;23:00;14.9;0;SOLEIL;3;27.4;0
Longwy;49.52;5.76;25/08/2026;00:00;19;6;AVERSES;3;27.7;0.1
Longwy;49.52;5.76;25/08/2026;01:00;17.5;6;AVERSES;3;31.3;0.3
Longwy;49.52;5.76;25/08/2026;02:00;17.1;6;AVERSES;2;32.4;0.6
Longwy;49.52;5.76;25/08/2026;03:00;17.1;6;AVERSES;3;22.7;2.2
Longwy;49.52;5.76;25/08/2026;04:00;16.6;6;AVERSES;2;19.1;2
Longwy;49.52;5.76;25/08/2026;05:00;16.1;7;PLUIE FAIBLE;2;28.8;4.4
Longwy;49.52;5.76;25/08/2026;06:00;17.5;7;PLUIE FAIBLE;2;34.6;2.7
Longwy;49.52;5.76;25/08/2026;07:00;17.7;7;PLUIE FAIBLE;2;32.8;4.1
Longwy;49.52;5.76;25/08/2026;08:00;18.7;6;AVERSES;2;34.6;0.3
Longwy;49.52;5.76;25/08/2026;09:00;21.7;2;NUAGEUX;3;33.8;0
Longwy;49.52;5.76;25/08/2026;10:00;24;2;NUAGEUX;3;29.2;0
Longwy;49.52;5.76;25/08/2026;11:00;25.6;2;NUAGEUX;3;30.6;0
Longwy;49.52;5.76;25/08/2026;12:00;26.1;2;NUAGEUX;3;32.4;0
Longwy;49.52;5.76;25/08/2026;13:00;24.6;2;NUAGEUX;3;35.3;0
Longwy;49.52;5.76;25/08/2026;14:00;24.5;0;SOLEIL;3;35.3;0
Longwy;49.52;5.76;25/08/2026;15:00;24.6;0;SOLEIL;3;30.6;0
Longwy;49.52;5.76;25/08/2026;16:00;23.9;6;AVERSES;2;27.4;0.1
Longwy;49.52;5.76;25/08/2026;17:00;24.4;6;AVERSES;1;22.0;0.1
Longwy;49.52;5.76;25/08/2026;18:00;24.1;6;AVERSES;2;20.2;0.1
Longwy;49.52;5.76;25/08/2026;19:00;22.6;5;SOLEIL VOILÉ;2;19.8;0
Longwy;49.52;5.76;25/08/2026;20:00;21.2;5;SOLEIL VOILÉ;2;19.1;0
Longwy;49.52;5.76;25/08/2026;21:00;20;5;SOLEIL VOILÉ;2;17.3;0
Longwy;49.52;5.76;25/08/2026;22:00;19.1;5;SOLEIL VOILÉ;2;13.0;0
Longwy;49.52;5.76;25/08/2026;23:00;18.6;5;SOLEIL VOILÉ;2;9.4;0
Longwy;49.52;5.76;26/08/2026;00:00;18.6;0;SOLEIL;2;5.8;0
Longwy;49.52;5.76;26/08/2026;01:00;18.6;0;SOLEIL;2;6.5;0
Longwy;49.52;5.76;26/08/2026;02:00;18.6;6;AVERSES;3;13.7;0
Longwy;49.52;5.76;26/08/2026;03:00;18.6;6;AVERSES;3;16.5;0
Longwy;49.52;5.76;26/08/2026;04:00;18.6;6;AVERSES;3;18.2;0
Longwy;49.52;5.76;26/08/2026;05:00;18.1;6;AVERSES;3;19.3;0
Longwy;49.52;5.76;26/08/2026;06:00;18.1;6;AVERSES;3;20.9;0
Longwy;49.52;5.76;26/08/2026;07:00;18.1;6;AVERSES;3;18.7;0
Longwy;49.52;5.76;26/08/2026;08:00;22.1;0;SOLEIL;3;18.4;0
Longwy;49.52;5.76;26/08/2026;09:00;22.1;0;SOLEIL;3;20.9;0
Longwy;49.52;5.76;26/08/2026;10:00;22.1;0;SOLEIL;3;26.3;0
Longwy;49.52;5.76;26/08/2026;11:00;26.1;5;SOLEIL VOILÉ;2;27.0;0
Longwy;49.52;5.76;26/08/2026;12:00;26.1;5;SOLEIL VOILÉ;2;25.9;0
Longwy;49.52;5.76;26/08/2026;13:00;26.1;5;SOLEIL VOILÉ;2;23.8;0
Longwy;49.52;5.76;26/08/2026;14:00;28.4;5;SOLEIL VOILÉ;2;20.5;0
Longwy;49.52;5.76;26/08/2026;15:00;28.4;5;SOLEIL VOILÉ;2;19.1;0
Longwy;49.52;5.76;26/08/2026;16:00;28.4;5;SOLEIL VOILÉ;2;18.7;0
Longwy;49.52;5.76;26/08/2026;17:00;27.4;5;SOLEIL VOILÉ;3;14.4;0
Longwy;49.52;5.76;26/08/2026;18:00;27.4;5;SOLEIL VOILÉ;3;14.8;0
Longwy;49.52;5.76;26/08/2026;19:00;27.4;5;SOLEIL VOILÉ;3;13.0;0
Longwy;49.52;5.76;26/08/2026;20:00;22.1;5;SOLEIL VOILÉ;4;11.2;0
Longwy;49.52;5.76;26/08/2026;21:00;22.1;5;SOLEIL VOILÉ;4;12.6;0
Longwy;49.52;5.76;26/08/2026;22:00;22.1;5;SOLEIL VOILÉ;4;13.0;0
Longwy;49.52;5.76;26/08/2026;23:00;19.5;10;ORAGEUX;4;16.6;0
Longwy;49.52;5.76;27/08/2026;00:00;19.5;10;ORAGEUX;4;25.6;0
Longwy;49.52;5.76;27/08/2026;01:00;19.5;10;ORAGEUX;4;26.3;0
Longwy;49.52;5.76;27/08/2026;02:00;19;5;SOLEIL VOILÉ;4;17.3;0
Longwy;49.52;5.76;27/08/2026;03:00;19;5;SOLEIL VOILÉ;4;19.4;0
Longwy;49.52;5.76;27/08/2026;04:00;19;5;SOLEIL VOILÉ;4;18.0;0
Longwy;49.52;5.76;27/08/2026;05:00;19.6;5;SOLEIL VOILÉ;3;21.6;0
Longwy;49.52;5.76;27/08/2026;06:00;19.6;5;SOLEIL VOILÉ;3;29.2;0
Longwy;49.52;5.76;27/08/2026;07:00;19.6;5;SOLEIL VOILÉ;3;26.3;0
Longwy;49.52;5.76;27/08/2026;08:00;24.4;5;SOLEIL VOILÉ;3;27.4;0
Longwy;49.52;5.76;27/08/2026;09:00;24.4;5;SOLEIL VOILÉ;3;28.8;0
Longwy;49.52;5.76;27/08/2026;10:00;24.4;5;SOLEIL VOILÉ;3;29.5;0
Longwy;49.52;5.76;27/08/2026;11:00;26.7;5;SOLEIL VOILÉ;4;29.9;0
Longwy;49.52;5.76;27/08/2026;12:00;26.7;5;SOLEIL VOILÉ;4;29.5;0
Longwy;49.52;5.76;27/08/2026;13:00;26.7;5;SOLEIL VOILÉ;4;28.4;0
Longwy;49.52;5.76;27/08/2026;14:00;31;10;ORAGEUX;3;27.0;0
Longwy;49.52;5.76;27/08/2026;15:00;31;10;ORAGEUX;3;25.6;0
Longwy;49.52;5.76;27/08/2026;16:00;31;10;ORAGEUX;3;23.8;0
Longwy;49.52;5.76;27/08/2026;17:00;27.5;10;ORAGEUX;3;22.0;0
Longwy;49.52;5.76;27/08/2026;18:00;27.5;10;ORAGEUX;3;20.2;0
Longwy;49.52;5.76;27/08/2026;19:00;27.5;10;ORAGEUX;3;18.4;0
Longwy;49.52;5.76;27/08/2026;20:00;24.3;10;ORAGEUX;5;18.0;0
Longwy;49.52;5.76;27/08/2026;21:00;22.8;10;ORAGEUX;5;20.5;0
Longwy;49.52;5.76;27/08/2026;22:00;21.4;10;ORAGEUX;5;24.1;0
Longwy;49.52;5.76;27/08/2026;23:00;19.1;10;ORAGEUX;4;26.3;0
Longwy;49.52;5.76;28/08/2026;00:00;19.1;10;ORAGEUX;4;24.8;0
Longwy;49.52;5.76;28/08/2026;01:00;19.1;10;ORAGEUX;4;22.0;0
Longwy;49.52;5.76;28/08/2026;02:00;16.6;6;AVERSES;5;20.9;0
Longwy;49.52;5.76;28/08/2026;03:00;16.6;6;AVERSES;5;23.8;0
Longwy;49.52;5.76;28/08/2026;04:00;16.6;6;AVERSES;5;28.4;0
Longwy;49.52;5.76;28/08/2026;05:00;17.1;6;AVERSES;5;31.3;0
Longwy;49.52;5.76;28/08/2026;06:00;17.1;6;AVERSES;5;30.2;0
Longwy;49.52;5.76;28/08/2026;07:00;17.1;6;AVERSES;5;27.7;0
Longwy;49.52;5.76;28/08/2026;08:00;18.2;6;AVERSES;5;26.6;0
Longwy;49.52;5.76;28/08/2026;09:00;18.9;6;AVERSES;5;29.5;0
Longwy;49.52;5.76;28/08/2026;10:00;19.7;6;AVERSES;5;33.8;0
Longwy;49.52;5.76;28/08/2026;11:00;21.9;6;AVERSES;6;37.8;0
Longwy;49.52;5.76;28/08/2026;12:00;21.9;6;AVERSES;6;40.0;0
Longwy;49.52;5.76;28/08/2026;13:00;21.9;6;AVERSES;6;41.8;0
Longwy;49.52;5.76;28/08/2026;14:00;22.8;6;AVERSES;5;42.8;0
Longwy;49.52;5.76;28/08/2026;15:00;23.6;6;AVERSES;5;43.9;0
Longwy;49.52;5.76;28/08/2026;16:00;22.8;6;AVERSES;5;44.3;0
Longwy;49.52;5.76;28/08/2026;17:00;19.2;6;AVERSES;4;42.8;0
Longwy;49.52;5.76;28/08/2026;18:00;19.2;6;AVERSES;4;38.9;0
Longwy;49.52;5.76;28/08/2026;19:00;19.2;6;AVERSES;4;33.5;0
Longwy;49.52;5.76;28/08/2026;20:00;19.7;6;AVERSES;5;27.7;0
Longwy;49.52;5.76;28/08/2026;21:00;18.9;6;AVERSES;5;22.0;0
Longwy;49.52;5.76;28/08/2026;22:00;18.2;6;AVERSES;5;16.6;0
Longwy;49.52;5.76;28/08/2026;23:00;16.6;6;AVERSES;4;12.6;0
Longwy;49.52;5.76;29/08/2026;00:00;16.6;6;AVERSES;4;12.0;0
Longwy;49.52;5.76;29/08/2026;01:00;16.6;6;AVERSES;4;13.0;0
Longwy;49.52;5.76;29/08/2026;02:00;15.2;6;AVERSES;5;14.2;0
Longwy;49.52;5.76;29/08/2026;03:00;15.2;6;AVERSES;5;14.0;0
Longwy;49.52;5.76;29/08/2026;04:00;15.2;6;AVERSES;5;13.3;0
Longwy;49.52;5.76;29/08/2026;05:00;16.1;6;AVERSES;5;13.3;0
Longwy;49.52;5.76;29/08/2026;06:00;16.1;6;AVERSES;5;13.7;0
Longwy;49.52;5.76;29/08/2026;07:00;16.1;6;AVERSES;5;15.1;0
Longwy;49.52;5.76;29/08/2026;08:00;16.7;6;AVERSES;5;18.0;0
Longwy;49.52;5.76;29/08/2026;09:00;17.5;6;AVERSES;5;24.5;0
Longwy;49.52;5.76;29/08/2026;10:00;18.2;6;AVERSES;5;32.8;0
Longwy;49.52;5.76;29/08/2026;11:00;20.9;6;AVERSES;5;38.9;0
Longwy;49.52;5.76;29/08/2026;12:00;20.9;6;AVERSES;5;41.4;0
Longwy;49.52;5.76;29/08/2026;13:00;20.9;6;AVERSES;5;42.1;0
Longwy;49.52;5.76;29/08/2026;14:00;21.2;6;AVERSES;5;41.8;0
Longwy;49.52;5.76;29/08/2026;15:00;22.0;6;AVERSES;5;40.7;0
Longwy;49.52;5.76;29/08/2026;16:00;21.2;6;AVERSES;5;39.2;0
Longwy;49.52;5.76;29/08/2026;17:00;19.7;6;AVERSES;3;38.2;0
Longwy;49.52;5.76;29/08/2026;18:00;19.7;6;AVERSES;3;39.2;0
Longwy;49.52;5.76;29/08/2026;19:00;19.7;6;AVERSES;3;41.0;0
Longwy;49.52;5.76;29/08/2026;20:00;18.2;6;AVERSES;5;41.4;0
Longwy;49.52;5.76;29/08/2026;21:00;17.5;6;AVERSES;5;38.9;0
Longwy;49.52;5.76;29/08/2026;22:00;16.7;6;AVERSES;5;34.9;0
Longwy;49.52;5.76;29/08/2026;23:00;16.9;0;SOLEIL;4;33.1;0
Lunéville;48.59;6.49;25/08/2026;00:00;15.1;5;SOLEIL VOILÉ;4;26.3;0
Lunéville;48.59;6.49;25/08/2026;01:00;14.5;6;AVERSES;4;23.8;0.1
Lunéville;48.59;6.49;25/08/2026;02:00;14.2;6;AVERSES;4;19.1;0.1
Lunéville;48.59;6.49;25/08/2026;03:00;13;6;AVERSES;4;23.0;0.1
Lunéville;48.59;6.49;25/08/2026;04:00;13.2;6;AVERSES;3;24.5;0.1
Lunéville;48.59;6.49;25/08/2026;05:00;12.1;6;AVERSES;3;20.2;0.1
Lunéville;48.59;6.49;25/08/2026;06:00;12.6;6;AVERSES;3;10.4;0.2
Lunéville;48.59;6.49;25/08/2026;07:00;13.2;6;AVERSES;3;15.8;0.4
Lunéville;48.59;6.49;25/08/2026;08:00;13.4;6;AVERSES;3;18.0;0.5
Lunéville;48.59;6.49;25/08/2026;09:00;14.2;6;AVERSES;2;20.2;0.2
Lunéville;48.59;6.49;25/08/2026;10:00;14.6;6;AVERSES;2;19.8;0.1
Lunéville;48.59;6.49;25/08/2026;11:00;16.1;6;AVERSES;2;22.3;0.2
Lunéville;48.59;6.49;25/08/2026;12:00;17.6;6;AVERSES;2;23.4;0.3
Lunéville;48.59;6.49;25/08/2026;13:00;19.5;6;AVERSES;2;20.9;0.1
Lunéville;48.59;6.49;25/08/2026;14:00;20.6;6;AVERSES;2;16.2;0.1
Lunéville;48.59;6.49;25/08/2026;15:00;21.2;6;AVERSES;2;15.8;0.1
Lunéville;48.59;6.49;25/08/2026;16:00;21.6;6;AVERSES;2;15.1;0.1
Lunéville;48.59;6.49;25/08/2026;17:00;21.2;6;AVERSES;3;18.4;0.1
Lunéville;48.59;6.49;25/08/2026;18:00;20.2;6;AVERSES;2;19.1;0.1
Lunéville;48.59;6.49;25/08/2026;19:00;19.2;2;NUAGEUX;2;20.5;0
Lunéville;48.59;6.49;25/08/2026;20:00;18.7;5;SOLEIL VOILÉ;2;21.2;0
Lunéville;48.59;6.49;25/08/2026;21:00;18.2;5;SOLEIL VOILÉ;3;16.9;0
Lunéville;48.59;6.49;25/08/2026;22:00;17.9;5;SOLEIL VOILÉ;3;15.8;0
Lunéville;48.59;6.49;25/08/2026;23:00;17.1;5;SOLEIL VOILÉ;2;14.0;0
Lunéville;48.59;6.49;26/08/2026;00:00;16.5;5;SOLEIL VOILÉ;2;11.9;0
Lunéville;48.59;6.49;26/08/2026;01:00;16.5;5;SOLEIL VOILÉ;2;10.8;0
Lunéville;48.59;6.49;26/08/2026;02:00;15.2;5;SOLEIL VOILÉ;2;13.3;0
Lunéville;48.59;6.49;26/08/2026;03:00;15.2;5;SOLEIL VOILÉ;2;12.2;0
Lunéville;48.59;6.49;26/08/2026;04:00;15.2;5;SOLEIL VOILÉ;2;9.7;0
Lunéville;48.59;6.49;26/08/2026;05:00;16;6;AVERSES;2;10.8;0
Lunéville;48.59;6.49;26/08/2026;06:00;16;6;AVERSES;2;19.4;0
Lunéville;48.59;6.49;26/08/2026;07:00;16;6;AVERSES;2;20.9;0
Lunéville;48.59;6.49;26/08/2026;08:00;19.1;3;TRÈS NUAGEUX;3;18.4;0
Lunéville;48.59;6.49;26/08/2026;09:00;19.1;3;TRÈS NUAGEUX;3;20.2;0
Lunéville;48.59;6.49;26/08/2026;10:00;19.1;3;TRÈS NUAGEUX;3;22.0;0
Lunéville;48.59;6.49;26/08/2026;11:00;23.1;5;SOLEIL VOILÉ;3;20.2;0
Lunéville;48.59;6.49;26/08/2026;12:00;23.1;5;SOLEIL VOILÉ;3;19.8;0
Lunéville;48.59;6.49;26/08/2026;13:00;23.1;5;SOLEIL VOILÉ;3;22.3;0
Lunéville;48.59;6.49;26/08/2026;14:00;25;5;SOLEIL VOILÉ;2;25.4;0
Lunéville;48.59;6.49;26/08/2026;15:00;25;5;SOLEIL VOILÉ;2;26.6;0
Lunéville;48.59;6.49;26/08/2026;16:00;25;5;SOLEIL VOILÉ;2;27.1;0
Lunéville;48.59;6.49;26/08/2026;17:00;22.5;5;SOLEIL VOILÉ;2;24.5;0
Lunéville;48.59;6.49;26/08/2026;18:00;22.5;5;SOLEIL VOILÉ;2;20.5;0
Lunéville;48.59;6.49;26/08/2026;19:00;22.5;5;SOLEIL VOILÉ;2;14.0;0
Lunéville;48.59;6.49;26/08/2026;20:00;18.7;5;SOLEIL VOILÉ;3;5.0;0
Lunéville;48.59;6.49;26/08/2026;21:00;18.7;5;SOLEIL VOILÉ;3;9.0;0
Lunéville;48.59;6.49;26/08/2026;22:00;18.7;5;SOLEIL VOILÉ;3;15.8;0
Lunéville;48.59;6.49;26/08/2026;23:00;17.6;5;SOLEIL VOILÉ;4;20.2;0
Lunéville;48.59;6.49;27/08/2026;00:00;17.6;5;SOLEIL VOILÉ;4;21.6;0
Lunéville;48.59;6.49;27/08/2026;01:00;17.6;5;SOLEIL VOILÉ;4;24.1;0
Lunéville;48.59;6.49;27/08/2026;02:00;16.6;5;SOLEIL VOILÉ;4;23.4;0
Lunéville;48.59;6.49;27/08/2026;03:00;16.6;5;SOLEIL VOILÉ;4;26.3;0
Lunéville;48.59;6.49;27/08/2026;04:00;16.6;5;SOLEIL VOILÉ;4;27.0;0
Lunéville;48.59;6.49;27/08/2026;05:00;17.4;5;SOLEIL VOILÉ;3;27.4;0
Lunéville;48.59;6.49;27/08/2026;06:00;17.4;5;SOLEIL VOILÉ;3;21.2;0
Lunéville;48.59;6.49;27/08/2026;07:00;17.4;5;SOLEIL VOILÉ;3;21.2;0
Lunéville;48.59;6.49;27/08/2026;08:00;21.7;5;SOLEIL VOILÉ;3;20.2;0
Lunéville;48.59;6.49;27/08/2026;09:00;21.7;5;SOLEIL VOILÉ;3;20.5;0
Lunéville;48.59;6.49;27/08/2026;10:00;21.7;5;SOLEIL VOILÉ;3;18.4;0
Lunéville;48.59;6.49;27/08/2026;11:00;24.9;5;SOLEIL VOILÉ;3;22.7;0
Lunéville;48.59;6.49;27/08/2026;12:00;24.9;5;SOLEIL VOILÉ;3;22.3;0
Lunéville;48.59;6.49;27/08/2026;13:00;24.9;5;SOLEIL VOILÉ;3;22.3;0
Lunéville;48.59;6.49;27/08/2026;14:00;26.2;5;SOLEIL VOILÉ;4;18.4;0
Lunéville;48.59;6.49;27/08/2026;15:00;26.2;5;SOLEIL VOILÉ;4;17.6;0
Lunéville;48.59;6.49;27/08/2026;16:00;26.2;5;SOLEIL VOILÉ;4;16.9;0
Lunéville;48.59;6.49;27/08/2026;17:00;22.5;10;ORAGEUX;3;16.6;0
Lunéville;48.59;6.49;27/08/2026;18:00;22.5;10;ORAGEUX;3;15.5;0
Lunéville;48.59;6.49;27/08/2026;19:00;22.5;10;ORAGEUX;3;14.4;0
Lunéville;48.59;6.49;27/08/2026;20:00;20.5;10;ORAGEUX;5;15.8;0
Lunéville;48.59;6.49;27/08/2026;21:00;19.3;10;ORAGEUX;5;21.6;0
Lunéville;48.59;6.49;27/08/2026;22:00;18.1;10;ORAGEUX;5;29.5;0
Lunéville;48.59;6.49;27/08/2026;23:00;17.1;10;ORAGEUX;3;35.3;0
Lunéville;48.59;6.49;28/08/2026;00:00;17.1;10;ORAGEUX;3;37.8;0
Lunéville;48.59;6.49;28/08/2026;01:00;17.1;10;ORAGEUX;3;38.5;0
Lunéville;48.59;6.49;28/08/2026;02:00;15.4;6;AVERSES;5;36.7;0
Lunéville;48.59;6.49;28/08/2026;03:00;15.4;6;AVERSES;5;29.9;0
Lunéville;48.59;6.49;28/08/2026;04:00;15.4;6;AVERSES;5;20.9;0
Lunéville;48.59;6.49;28/08/2026;05:00;16.2;7;PLUIE FAIBLE;6;15.8;0
Lunéville;48.59;6.49;28/08/2026;06:00;16.2;7;PLUIE FAIBLE;6;19.4;0
Lunéville;48.59;6.49;28/08/2026;07:00;16.2;7;PLUIE FAIBLE;6;27.0;0
Lunéville;48.59;6.49;28/08/2026;08:00;16.7;6;AVERSES;5;33.1;0
Lunéville;48.59;6.49;28/08/2026;09:00;17.3;6;AVERSES;5;34.6;0
Lunéville;48.59;6.49;28/08/2026;10:00;17.9;6;AVERSES;5;34.9;0
Lunéville;48.59;6.49;28/08/2026;11:00;20;6;AVERSES;6;37.1;0
Lunéville;48.59;6.49;28/08/2026;12:00;20;6;AVERSES;6;44.3;0
Lunéville;48.59;6.49;28/08/2026;13:00;20;6;AVERSES;6;53.6;0
Lunéville;48.59;6.49;28/08/2026;14:00;20.5;6;AVERSES;5;60.5;0
Lunéville;48.59;6.49;28/08/2026;15:00;21.1;6;AVERSES;5;62.6;0
Lunéville;48.59;6.49;28/08/2026;16:00;20.5;6;AVERSES;5;62.6;0
Lunéville;48.59;6.49;28/08/2026;17:00;17.1;6;AVERSES;4;61.6;0
Lunéville;48.59;6.49;28/08/2026;18:00;17.1;6;AVERSES;4;60.5;0
Lunéville;48.59;6.49;28/08/2026;19:00;17.1;6;AVERSES;4;58.7;0
Lunéville;48.59;6.49;28/08/2026;20:00;17.9;6;AVERSES;5;55.1;0
Lunéville;48.59;6.49;28/08/2026;21:00;17.3;6;AVERSES;5;48.6;0
Lunéville;48.59;6.49;28/08/2026;22:00;16.7;6;AVERSES;5;40.3;0
Lunéville;48.59;6.49;28/08/2026;23:00;13.6;7;PLUIE FAIBLE;4;33.8;0
Lunéville;48.59;6.49;29/08/2026;00:00;13.6;7;PLUIE FAIBLE;4;30.2;0
Lunéville;48.59;6.49;29/08/2026;01:00;13.6;7;PLUIE FAIBLE;4;28.4;0
Lunéville;48.59;6.49;29/08/2026;02:00;12.7;6;AVERSES;5;27.4;0
Lunéville;48.59;6.49;29/08/2026;03:00;12.7;6;AVERSES;5;27.0;0
Lunéville;48.59;6.49;29/08/2026;04:00;12.7;6;AVERSES;5;27.4;0
Lunéville;48.59;6.49;29/08/2026;05:00;13.9;6;AVERSES;5;27.4;0
Lunéville;48.59;6.49;29/08/2026;06:00;13.9;6;AVERSES;5;26.3;0
Lunéville;48.59;6.49;29/08/2026;07:00;13.9;6;AVERSES;5;25.2;0
Lunéville;48.59;6.49;29/08/2026;08:00;14.1;6;AVERSES;5;26.3;0
Lunéville;48.59;6.49;29/08/2026;09:00;14.8;6;AVERSES;5;32.0;0
Lunéville;48.59;6.49;29/08/2026;10:00;15.5;6;AVERSES;5;40.3;0
Lunéville;48.59;6.49;29/08/2026;11:00;18;6;AVERSES;6;46.4;0
Lunéville;48.59;6.49;29/08/2026;12:00;18;6;AVERSES;6;47.9;0
Lunéville;48.59;6.49;29/08/2026;13:00;18;6;AVERSES;6;47.2;0
Lunéville;48.59;6.49;29/08/2026;14:00;18.4;6;AVERSES;5;46.4;0
Lunéville;48.59;6.49;29/08/2026;15:00;19.1;6;AVERSES;5;46.4;0
Lunéville;48.59;6.49;29/08/2026;16:00;18.4;6;AVERSES;5;46.1;0
Lunéville;48.59;6.49;29/08/2026;17:00;16.7;6;AVERSES;4;45.4;0
Lunéville;48.59;6.49;29/08/2026;18:00;16.7;6;AVERSES;4;43.9;0
Lunéville;48.59;6.49;29/08/2026;19:00;16.7;6;AVERSES;4;42.1;0
Lunéville;48.59;6.49;29/08/2026;20:00;15.5;6;AVERSES;5;41.0;0
Lunéville;48.59;6.49;29/08/2026;21:00;14.8;6;AVERSES;5;42.5;0
Lunéville;48.59;6.49;29/08/2026;22:00;14.1;6;AVERSES;5;39.2;0
Lunéville;48.59;6.49;29/08/2026;23:00;14.2;7;PLUIE FAIBLE;4;36.0;0
Nancy;48.69;6.18;25/08/2026;00:00;16.2;2;NUAGEUX;3;15.5;0
Nancy;48.69;6.18;25/08/2026;01:00;16.5;6;AVERSES;3;16.2;0.1
Nancy;48.69;6.18;25/08/2026;02:00;16.5;6;AVERSES;2;8.6;0.4
Nancy;48.69;6.18;25/08/2026;03:00;15.2;6;AVERSES;1;12.2;1
Nancy;48.69;6.18;25/08/2026;04:00;14.1;6;AVERSES;2;12.2;2
Nancy;48.69;6.18;25/08/2026;05:00;14.1;7;PLUIE FAIBLE;2;10.1;4.9
Nancy;48.69;6.18;25/08/2026;06:00;15.5;7;PLUIE FAIBLE;2;13.3;2.9
Nancy;48.69;6.18;25/08/2026;07:00;16.7;7;PLUIE FAIBLE;2;10.8;2.7
Nancy;48.69;6.18;25/08/2026;08:00;18.9;6;AVERSES;2;8.3;0.9
Nancy;48.69;6.18;25/08/2026;09:00;20.4;6;AVERSES;3;8.6;0.3
Nancy;48.69;6.18;25/08/2026;10:00;21.6;6;AVERSES;4;6.5;0.1
Nancy;48.69;6.18;25/08/2026;11:00;23.4;6;AVERSES;4;7.9;0.1
Nancy;48.69;6.18;25/08/2026;12:00;24.7;6;AVERSES;3;28.8;0.1
Nancy;48.69;6.18;25/08/2026;13:00;25.6;6;AVERSES;3;36.7;0.1
Nancy;48.69;6.18;25/08/2026;14:00;26;6;AVERSES;3;41.0;0.1
Nancy;48.69;6.18;25/08/2026;15:00;25.5;6;AVERSES;3;36.7;0.1
Nancy;48.69;6.18;25/08/2026;16:00;24;6;AVERSES;3;41.0;0.1
Nancy;48.69;6.18;25/08/2026;17:00;23.5;6;AVERSES;2;34.9;0.1
Nancy;48.69;6.18;25/08/2026;18:00;22.5;6;AVERSES;2;27.0;0.1
Nancy;48.69;6.18;25/08/2026;19:00;21.4;6;AVERSES;2;20.9;0.1
Nancy;48.69;6.18;25/08/2026;20:00;20.1;5;SOLEIL VOILÉ;1;18.4;0
Nancy;48.69;6.18;25/08/2026;21:00;19;0;SOLEIL;1;29.2;0
Nancy;48.69;6.18;25/08/2026;22:00;18.4;0;SOLEIL;1;18.7;0
Nancy;48.69;6.18;25/08/2026;23:00;17.9;5;SOLEIL VOILÉ;0;4.7;0
Nancy;48.69;6.18;26/08/2026;00:00;17.6;5;SOLEIL VOILÉ;1;2.5;0
Nancy;48.69;6.18;26/08/2026;01:00;17.6;5;SOLEIL VOILÉ;1;6.5;0
Nancy;48.69;6.18;26/08/2026;02:00;17.2;2;NUAGEUX;3;2.5;0
Nancy;48.69;6.18;26/08/2026;03:00;17.2;2;NUAGEUX;3;9.4;0
Nancy;48.69;6.18;26/08/2026;04:00;17.2;2;NUAGEUX;3;14.0;0
Nancy;48.69;6.18;26/08/2026;05:00;17.9;0;SOLEIL;3;17.2;0
Nancy;48.69;6.18;26/08/2026;06:00;17.9;0;SOLEIL;3;16.9;0
Nancy;48.69;6.18;26/08/2026;07:00;17.9;0;SOLEIL;3;16.2;0
Nancy;48.69;6.18;26/08/2026;08:00;22.6;0;SOLEIL;3;18.4;0
Nancy;48.69;6.18;26/08/2026;09:00;22.6;0;SOLEIL;3;23.0;0
Nancy;48.69;6.18;26/08/2026;10:00;22.6;0;SOLEIL;3;25.6;0
Nancy;48.69;6.18;26/08/2026;11:00;25.2;5;SOLEIL VOILÉ;2;25.2;0
Nancy;48.69;6.18;26/08/2026;12:00;25.2;5;SOLEIL VOILÉ;2;23.0;0
Nancy;48.69;6.18;26/08/2026;13:00;25.2;5;SOLEIL VOILÉ;2;22.0;0
Nancy;48.69;6.18;26/08/2026;14:00;28.4;5;SOLEIL VOILÉ;1;21.6;0
Nancy;48.69;6.18;26/08/2026;15:00;28.4;5;SOLEIL VOILÉ;1;20.2;0
Nancy;48.69;6.18;26/08/2026;16:00;28.4;5;SOLEIL VOILÉ;1;18.4;0
Nancy;48.69;6.18;26/08/2026;17:00;25.9;5;SOLEIL VOILÉ;3;15.5;0
Nancy;48.69;6.18;26/08/2026;18:00;25.9;5;SOLEIL VOILÉ;3;14.4;0
Nancy;48.69;6.18;26/08/2026;19:00;25.9;5;SOLEIL VOILÉ;3;13.0;0
Nancy;48.69;6.18;26/08/2026;20:00;20.1;5;SOLEIL VOILÉ;3;11.5;0
Nancy;48.69;6.18;26/08/2026;21:00;20.1;5;SOLEIL VOILÉ;3;9.7;0
Nancy;48.69;6.18;26/08/2026;22:00;20.1;5;SOLEIL VOILÉ;3;11.5;0
Nancy;48.69;6.18;26/08/2026;23:00;17.9;5;SOLEIL VOILÉ;2;11.2;0
Nancy;48.69;6.18;27/08/2026;00:00;17.9;5;SOLEIL VOILÉ;2;7.6;0
Nancy;48.69;6.18;27/08/2026;01:00;17.9;5;SOLEIL VOILÉ;2;7.2;0
Nancy;48.69;6.18;27/08/2026;02:00;15.6;5;SOLEIL VOILÉ;3;3.2;0
Nancy;48.69;6.18;27/08/2026;03:00;15.6;5;SOLEIL VOILÉ;3;6.5;0
Nancy;48.69;6.18;27/08/2026;04:00;15.6;5;SOLEIL VOILÉ;3;5.8;0
Nancy;48.69;6.18;27/08/2026;05:00;17.1;5;SOLEIL VOILÉ;1;5.0;0
Nancy;48.69;6.18;27/08/2026;06:00;17.1;5;SOLEIL VOILÉ;1;6.1;0
Nancy;48.69;6.18;27/08/2026;07:00;17.1;5;SOLEIL VOILÉ;1;4.0;0
Nancy;48.69;6.18;27/08/2026;08:00;25.4;5;SOLEIL VOILÉ;4;11.5;0
Nancy;48.69;6.18;27/08/2026;09:00;25.4;5;SOLEIL VOILÉ;4;14.0;0
Nancy;48.69;6.18;27/08/2026;10:00;25.4;5;SOLEIL VOILÉ;4;16.6;0
Nancy;48.69;6.18;27/08/2026;11:00;28.5;5;SOLEIL VOILÉ;4;19.4;0
Nancy;48.69;6.18;27/08/2026;12:00;28.5;5;SOLEIL VOILÉ;4;22.7;0
Nancy;48.69;6.18;27/08/2026;13:00;28.5;5;SOLEIL VOILÉ;4;25.9;0
Nancy;48.69;6.18;27/08/2026;14:00;30.1;5;SOLEIL VOILÉ;2;28.8;0
Nancy;48.69;6.18;27/08/2026;15:00;30.1;5;SOLEIL VOILÉ;2;31.0;0
Nancy;48.69;6.18;27/08/2026;16:00;30.1;5;SOLEIL VOILÉ;2;32.4;0
Nancy;48.69;6.18;27/08/2026;17:00;26.6;10;ORAGEUX;2;32.8;0
Nancy;48.69;6.18;27/08/2026;18:00;26.6;10;ORAGEUX;2;30.2;0
Nancy;48.69;6.18;27/08/2026;19:00;26.6;10;ORAGEUX;2;25.9;0
Nancy;48.69;6.18;27/08/2026;20:00;21.9;10;ORAGEUX;5;24.1;0
Nancy;48.69;6.18;27/08/2026;21:00;20.1;10;ORAGEUX;5;27.4;0
Nancy;48.69;6.18;27/08/2026;22:00;18.3;10;ORAGEUX;5;32.8;0
Nancy;48.69;6.18;27/08/2026;23:00;18.6;10;ORAGEUX;5;35.6;0
Nancy;48.69;6.18;28/08/2026;00:00;18.6;10;ORAGEUX;5;33.5;0
Nancy;48.69;6.18;28/08/2026;01:00;18.6;10;ORAGEUX;5;28.8;0
Nancy;48.69;6.18;28/08/2026;02:00;17.1;7;PLUIE FAIBLE;5;24.8;0
Nancy;48.69;6.18;28/08/2026;03:00;17.1;7;PLUIE FAIBLE;5;23.0;0
Nancy;48.69;6.18;28/08/2026;04:00;17.1;7;PLUIE FAIBLE;5;21.6;0
Nancy;48.69;6.18;28/08/2026;05:00;18.1;7;PLUIE FAIBLE;5;21.2;0
Nancy;48.69;6.18;28/08/2026;06:00;18.1;7;PLUIE FAIBLE;5;21.6;0
Nancy;48.69;6.18;28/08/2026;07:00;18.1;7;PLUIE FAIBLE;5;22.3;0
Nancy;48.69;6.18;28/08/2026;08:00;18.7;7;PLUIE FAIBLE;5;23.8;0
Nancy;48.69;6.18;28/08/2026;09:00;19.5;7;PLUIE FAIBLE;5;25.9;0
Nancy;48.69;6.18;28/08/2026;10:00;20.3;7;PLUIE FAIBLE;5;28.8;0
Nancy;48.69;6.18;28/08/2026;11:00;22.6;7;PLUIE FAIBLE;6;31.3;0
Nancy;48.69;6.18;28/08/2026;12:00;22.6;7;PLUIE FAIBLE;6;33.8;0
Nancy;48.69;6.18;28/08/2026;13:00;22.6;7;PLUIE FAIBLE;6;36.0;0
Nancy;48.69;6.18;28/08/2026;14:00;23.4;7;PLUIE FAIBLE;5;37.8;0
Nancy;48.69;6.18;28/08/2026;15:00;24.2;7;PLUIE FAIBLE;5;39.6;0
Nancy;48.69;6.18;28/08/2026;16:00;23.4;7;PLUIE FAIBLE;5;41.4;0
Nancy;48.69;6.18;28/08/2026;17:00;20.5;6;AVERSES;4;41.0;0
Nancy;48.69;6.18;28/08/2026;18:00;20.5;6;AVERSES;4;37.8;0
Nancy;48.69;6.18;28/08/2026;19:00;20.5;6;AVERSES;4;33.1;0
Nancy;48.69;6.18;28/08/2026;20:00;20.3;7;PLUIE FAIBLE;5;28.8;0
Nancy;48.69;6.18;28/08/2026;21:00;19.5;7;PLUIE FAIBLE;5;25.6;0
Nancy;48.69;6.18;28/08/2026;22:00;18.7;7;PLUIE FAIBLE;5;22.7;0
Nancy;48.69;6.18;28/08/2026;23:00;17;7;PLUIE FAIBLE;5;20.2;0
Nancy;48.69;6.18;29/08/2026;00:00;17;7;PLUIE FAIBLE;5;17.7;0
Nancy;48.69;6.18;29/08/2026;01:00;17;7;PLUIE FAIBLE;5;16.0;0
Nancy;48.69;6.18;29/08/2026;02:00;14.9;6;AVERSES;5;15.1;0
Nancy;48.69;6.18;29/08/2026;03:00;14.9;6;AVERSES;5;14.0;0
Nancy;48.69;6.18;29/08/2026;04:00;14.9;6;AVERSES;5;13.3;0
Nancy;48.69;6.18;29/08/2026;05:00;15.9;6;AVERSES;5;13.3;0
Nancy;48.69;6.18;29/08/2026;06:00;15.9;6;AVERSES;5;14.0;0
Nancy;48.69;6.18;29/08/2026;07:00;15.9;6;AVERSES;5;15.1;0
Nancy;48.69;6.18;29/08/2026;08:00;16.5;6;AVERSES;5;18.0;0
Nancy;48.69;6.18;29/08/2026;09:00;17.3;6;AVERSES;5;23.8;0
Nancy;48.69;6.18;29/08/2026;10:00;18.1;6;AVERSES;5;31.0;0
Nancy;48.69;6.18;29/08/2026;11:00;21.1;6;AVERSES;6;36.7;0
Nancy;48.69;6.18;29/08/2026;12:00;21.1;6;AVERSES;6;40.0;0
Nancy;48.69;6.18;29/08/2026;13:00;21.1;6;AVERSES;6;42.1;0
Nancy;48.69;6.18;29/08/2026;14:00;21.4;6;AVERSES;5;42.8;0
Nancy;48.69;6.18;29/08/2026;15:00;22.2;6;AVERSES;5;42.5;0
Nancy;48.69;6.18;29/08/2026;16:00;21.4;6;AVERSES;5;41.0;0
Nancy;48.69;6.18;29/08/2026;17:00;20.1;6;AVERSES;3;38.9;0
Nancy;48.69;6.18;29/08/2026;18:00;20.1;6;AVERSES;3;36.4;0
Nancy;48.69;6.18;29/08/2026;19:00;20.1;6;AVERSES;3;33.1;0
Nancy;48.69;6.18;29/08/2026;20:00;18.1;6;AVERSES;5;29.5;0
Nancy;48.69;6.18;29/08/2026;21:00;17.3;6;AVERSES;5;23.4;0
Nancy;48.69;6.18;29/08/2026;22:00;16.5;6;AVERSES;5;16.6;0
Nancy;48.69;6.18;29/08/2026;23:00;16.6;0;SOLEIL;4;14.4;0
Bar-le-Duc;48.77;5.16;25/08/2026;00:00;17.2;2;NUAGEUX;2;18.4;0
Bar-le-Duc;48.77;5.16;25/08/2026;01:00;16.6;6;AVERSES;2;19.1;0.1
Bar-le-Duc;48.77;5.16;25/08/2026;02:00;16.6;6;AVERSES;1;15.1;0.1
Bar-le-Duc;48.77;5.16;25/08/2026;03:00;15.6;6;AVERSES;1;15.5;0.4
Bar-le-Duc;48.77;5.16;25/08/2026;04:00;14.7;6;AVERSES;1;16.9;1.6
Bar-le-Duc;48.77;5.16;25/08/2026;05:00;15.1;7;PLUIE FAIBLE;2;15.1;4
Bar-le-Duc;48.77;5.16;25/08/2026;06:00;16.1;7;PLUIE FAIBLE;2;11.2;4.1
Bar-le-Duc;48.77;5.16;25/08/2026;07:00;16.7;6;AVERSES;1;12.2;1.6
Bar-le-Duc;48.77;5.16;25/08/2026;08:00;18.1;6;AVERSES;1;13.3;0.2
Bar-le-Duc;48.77;5.16;25/08/2026;09:00;20.1;6;AVERSES;1;13.7;0.3
Bar-le-Duc;48.77;5.16;25/08/2026;10:00;21;6;AVERSES;3;13.0;0.1
Bar-le-Duc;48.77;5.16;25/08/2026;11:00;21.5;6;AVERSES;3;10.8;0.1
Bar-le-Duc;48.77;5.16;25/08/2026;12:00;23;6;AVERSES;3;10.8;0.1
Bar-le-Duc;48.77;5.16;25/08/2026;13:00;24.7;6;AVERSES;3;11.2;0.1
Bar-le-Duc;48.77;5.16;25/08/2026;14:00;24.5;6;AVERSES;3;32.0;0.1
Bar-le-Duc;48.77;5.16;25/08/2026;15:00;23.2;6;AVERSES;2;45.0;0.1
Bar-le-Duc;48.77;5.16;25/08/2026;16:00;23.1;6;AVERSES;2;46.1;0.1
Bar-le-Duc;48.77;5.16;25/08/2026;17:00;23.1;6;AVERSES;2;33.5;0.1
Bar-le-Duc;48.77;5.16;25/08/2026;18:00;22.4;6;AVERSES;2;27.0;0.1
Bar-le-Duc;48.77;5.16;25/08/2026;19:00;21.1;0;SOLEIL;1;24.5;0
Bar-le-Duc;48.77;5.16;25/08/2026;20:00;19.9;5;SOLEIL VOILÉ;1;20.5;0
Bar-le-Duc;48.77;5.16;25/08/2026;21:00;19.2;5;SOLEIL VOILÉ;1;12.6;0
Bar-le-Duc;48.77;5.16;25/08/2026;22:00;18.6;0;SOLEIL;1;15.8;0
Bar-le-Duc;48.77;5.16;25/08/2026;23:00;18.4;5;SOLEIL VOILÉ;1;23.4;0
Bar-le-Duc;48.77;5.16;26/08/2026;00:00;18.4;5;SOLEIL VOILÉ;0;6.8;0
Bar-le-Duc;48.77;5.16;26/08/2026;01:00;18.4;5;SOLEIL VOILÉ;0;8.3;0
Bar-le-Duc;48.77;5.16;26/08/2026;02:00;18.6;5;SOLEIL VOILÉ;3;4.7;0
Bar-le-Duc;48.77;5.16;26/08/2026;03:00;18.6;5;SOLEIL VOILÉ;3;9.2;0
Bar-le-Duc;48.77;5.16;26/08/2026;04:00;18.6;5;SOLEIL VOILÉ;3;12.8;0
Bar-le-Duc;48.77;5.16;26/08/2026;05:00;18.4;0;SOLEIL;3;14.0;0
Bar-le-Duc;48.77;5.16;26/08/2026;06:00;18.4;0;SOLEIL;3;14.8;0
Bar-le-Duc;48.77;5.16;26/08/2026;07:00;18.4;0;SOLEIL;3;14.8;0
Bar-le-Duc;48.77;5.16;26/08/2026;08:00;22.4;0;SOLEIL;3;18.4;0
Bar-le-Duc;48.77;5.16;26/08/2026;09:00;22.4;0;SOLEIL;3;23.4;0
Bar-le-Duc;48.77;5.16;26/08/2026;10:00;22.4;0;SOLEIL;3;25.6;0
Bar-le-Duc;48.77;5.16;26/08/2026;11:00;25.2;5;SOLEIL VOILÉ;2;26.6;0
Bar-le-Duc;48.77;5.16;26/08/2026;12:00;25.2;5;SOLEIL VOILÉ;2;26.3;0
Bar-le-Duc;48.77;5.16;26/08/2026;13:00;25.2;5;SOLEIL VOILÉ;2;24.1;0
Bar-le-Duc;48.77;5.16;26/08/2026;14:00;28.1;5;SOLEIL VOILÉ;2;25.2;0
Bar-le-Duc;48.77;5.16;26/08/2026;15:00;28.1;5;SOLEIL VOILÉ;2;25.2;0
Bar-le-Duc;48.77;5.16;26/08/2026;16:00;28.1;5;SOLEIL VOILÉ;2;24.5;0
Bar-le-Duc;48.77;5.16;26/08/2026;17:00;25.6;5;SOLEIL VOILÉ;2;22.7;0
Bar-le-Duc;48.77;5.16;26/08/2026;18:00;25.6;5;SOLEIL VOILÉ;2;19.4;0
Bar-le-Duc;48.77;5.16;26/08/2026;19:00;25.6;5;SOLEIL VOILÉ;2;17.3;0
Bar-le-Duc;48.77;5.16;26/08/2026;20:00;20.4;5;SOLEIL VOILÉ;3;16.2;0
Bar-le-Duc;48.77;5.16;26/08/2026;21:00;20.4;5;SOLEIL VOILÉ;3;11.2;0
Bar-le-Duc;48.77;5.16;26/08/2026;22:00;20.4;5;SOLEIL VOILÉ;3;11.9;0
Bar-le-Duc;48.77;5.16;26/08/2026;23:00;19.1;5;SOLEIL VOILÉ;2;12.2;0
Bar-le-Duc;48.77;5.16;27/08/2026;00:00;19.1;5;SOLEIL VOILÉ;2;17.3;0
Bar-le-Duc;48.77;5.16;27/08/2026;01:00;19.1;5;SOLEIL VOILÉ;2;9.4;0
Bar-le-Duc;48.77;5.16;27/08/2026;02:00;16.6;5;SOLEIL VOILÉ;1;7.6;0
Bar-le-Duc;48.77;5.16;27/08/2026;03:00;16.6;5;SOLEIL VOILÉ;1;8.3;0
Bar-le-Duc;48.77;5.16;27/08/2026;04:00;16.6;5;SOLEIL VOILÉ;1;9.0;0
Bar-le-Duc;48.77;5.16;27/08/2026;05:00;18.4;5;SOLEIL VOILÉ;1;12.2;0
Bar-le-Duc;48.77;5.16;27/08/2026;06:00;18.4;5;SOLEIL VOILÉ;1;12.6;0
Bar-le-Duc;48.77;5.16;27/08/2026;07:00;18.4;5;SOLEIL VOILÉ;1;13.3;0
Bar-le-Duc;48.77;5.16;27/08/2026;08:00;24.5;5;SOLEIL VOILÉ;3;17.6;0
Bar-le-Duc;48.77;5.16;27/08/2026;09:00;24.5;5;SOLEIL VOILÉ;3;22.0;0
Bar-le-Duc;48.77;5.16;27/08/2026;10:00;24.5;5;SOLEIL VOILÉ;3;27.4;0
Bar-le-Duc;48.77;5.16;27/08/2026;11:00;27.6;5;SOLEIL VOILÉ;3;32.0;0
Bar-le-Duc;48.77;5.16;27/08/2026;12:00;27.6;5;SOLEIL VOILÉ;3;36.0;0
Bar-le-Duc;48.77;5.16;27/08/2026;13:00;27.6;5;SOLEIL VOILÉ;3;39.6;0
Bar-le-Duc;48.77;5.16;27/08/2026;14:00;31.1;5;SOLEIL VOILÉ;4;42.5;0
Bar-le-Duc;48.77;5.16;27/08/2026;15:00;31.1;5;SOLEIL VOILÉ;4;43.9;0
Bar-le-Duc;48.77;5.16;27/08/2026;16:00;31.1;5;SOLEIL VOILÉ;4;45.0;0
Bar-le-Duc;48.77;5.16;27/08/2026;17:00;28.6;10;ORAGEUX;3;45.7;0
Bar-le-Duc;48.77;5.16;27/08/2026;18:00;28.6;10;ORAGEUX;3;47.9;0
Bar-le-Duc;48.77;5.16;27/08/2026;19:00;28.6;10;ORAGEUX;3;49.7;0
Bar-le-Duc;48.77;5.16;27/08/2026;20:00;22.9;10;ORAGEUX;5;49.3;0
Bar-le-Duc;48.77;5.16;27/08/2026;21:00;21.2;10;ORAGEUX;5;43.9;0
Bar-le-Duc;48.77;5.16;27/08/2026;22:00;19.5;10;ORAGEUX;5;36.4;0
Bar-le-Duc;48.77;5.16;27/08/2026;23:00;19.2;10;ORAGEUX;4;30.6;0
Bar-le-Duc;48.77;5.16;28/08/2026;00:00;19.2;10;ORAGEUX;4;29.5;0
Bar-le-Duc;48.77;5.16;28/08/2026;01:00;19.2;10;ORAGEUX;4;31.0;0
Bar-le-Duc;48.77;5.16;28/08/2026;02:00;17.4;10;ORAGEUX;5;31.0;0
Bar-le-Duc;48.77;5.16;28/08/2026;03:00;17.4;10;ORAGEUX;5;28.1;0
Bar-le-Duc;48.77;5.16;28/08/2026;04:00;17.4;10;ORAGEUX;5;24.5;0
Bar-le-Duc;48.77;5.16;28/08/2026;05:00;18.2;10;ORAGEUX;5;22.0;0
Bar-le-Duc;48.77;5.16;28/08/2026;06:00;18.2;10;ORAGEUX;5;22.0;0
Bar-le-Duc;48.77;5.16;28/08/2026;07:00;18.2;10;ORAGEUX;5;23.8;0
Bar-le-Duc;48.77;5.16;28/08/2026;08:00;19.0;10;ORAGEUX;5;26.3;0
Bar-le-Duc;48.77;5.16;28/08/2026;09:00;19.7;10;ORAGEUX;5;30.2;0
Bar-le-Duc;48.77;5.16;28/08/2026;10:00;20.5;10;ORAGEUX;5;34.9;0
Bar-le-Duc;48.77;5.16;28/08/2026;11:00;22.6;6;AVERSES;6;38.9;0
Bar-le-Duc;48.77;5.16;28/08/2026;12:00;22.6;6;AVERSES;6;41.8;0
Bar-le-Duc;48.77;5.16;28/08/2026;13:00;22.6;6;AVERSES;6;43.9;0
Bar-le-Duc;48.77;5.16;28/08/2026;14:00;23.6;10;ORAGEUX;5;45.7;0
Bar-le-Duc;48.77;5.16;28/08/2026;15:00;24.4;10;ORAGEUX;5;47.5;0
Bar-le-Duc;48.77;5.16;28/08/2026;16:00;23.6;10;ORAGEUX;5;49.0;0
Bar-le-Duc;48.77;5.16;28/08/2026;17:00;20.6;7;PLUIE FAIBLE;4;48.6;0
Bar-le-Duc;48.77;5.16;28/08/2026;18:00;20.6;7;PLUIE FAIBLE;4;45.4;0
Bar-le-Duc;48.77;5.16;28/08/2026;19:00;20.6;7;PLUIE FAIBLE;4;40.3;0
Bar-le-Duc;48.77;5.16;28/08/2026;20:00;20.5;10;ORAGEUX;5;35.3;0
Bar-le-Duc;48.77;5.16;28/08/2026;21:00;19.7;10;ORAGEUX;5;30.2;0
Bar-le-Duc;48.77;5.16;28/08/2026;22:00;19.0;10;ORAGEUX;5;24.8;0
Bar-le-Duc;48.77;5.16;28/08/2026;23:00;17.2;0;SOLEIL;4;20.9;0
Bar-le-Duc;48.77;5.16;29/08/2026;00:00;17.2;0;SOLEIL;4;18.2;0
Bar-le-Duc;48.77;5.16;29/08/2026;01:00;17.2;0;SOLEIL;4;17.6;0
Bar-le-Duc;48.77;5.16;29/08/2026;02:00;15.1;6;AVERSES;5;17.4;0
Bar-le-Duc;48.77;5.16;29/08/2026;03:00;15.1;6;AVERSES;5;15.8;0
Bar-le-Duc;48.77;5.16;29/08/2026;04:00;15.1;6;AVERSES;5;13.7;0
Bar-le-Duc;48.77;5.16;29/08/2026;05:00;16.2;7;PLUIE FAIBLE;4;12.2;0
Bar-le-Duc;48.77;5.16;29/08/2026;06:00;16.2;7;PLUIE FAIBLE;4;11.2;0
Bar-le-Duc;48.77;5.16;29/08/2026;07:00;16.2;7;PLUIE FAIBLE;4;11.2;0
Bar-le-Duc;48.77;5.16;29/08/2026;08:00;16.7;6;AVERSES;5;13.7;0
Bar-le-Duc;48.77;5.16;29/08/2026;09:00;17.5;6;AVERSES;5;21.2;0
Bar-le-Duc;48.77;5.16;29/08/2026;10:00;18.3;6;AVERSES;5;31.7;0
Bar-le-Duc;48.77;5.16;29/08/2026;11:00;21.1;6;AVERSES;5;39.6;0
Bar-le-Duc;48.77;5.16;29/08/2026;12:00;21.1;6;AVERSES;5;43.2;0
Bar-le-Duc;48.77;5.16;29/08/2026;13:00;21.1;6;AVERSES;5;44.6;0
Bar-le-Duc;48.77;5.16;29/08/2026;14:00;21.6;6;AVERSES;5;45.0;0
Bar-le-Duc;48.77;5.16;29/08/2026;15:00;22.4;6;AVERSES;5;44.6;0
Bar-le-Duc;48.77;5.16;29/08/2026;16:00;21.6;6;AVERSES;5;43.2;0
Bar-le-Duc;48.77;5.16;29/08/2026;17:00;20.4;6;AVERSES;3;41.0;0
Bar-le-Duc;48.77;5.16;29/08/2026;18:00;20.4;6;AVERSES;3;38.5;0
Bar-le-Duc;48.77;5.16;29/08/2026;19:00;20.4;6;AVERSES;3;35.6;0
Bar-le-Duc;48.77;5.16;29/08/2026;20:00;18.3;6;AVERSES;5;32.0;0
Bar-le-Duc;48.77;5.16;29/08/2026;21:00;17.5;6;AVERSES;5;27.0;0
Bar-le-Duc;48.77;5.16;29/08/2026;22:00;16.7;6;AVERSES;5;21.6;0
Bar-le-Duc;48.77;5.16;29/08/2026;23:00;16.6;0;SOLEIL;3;19.8;0
Commercy;48.76;5.59;25/08/2026;00:00;17.6;2;NUAGEUX;4;35.6;0
Commercy;48.76;5.59;25/08/2026;01:00;16.6;6;AVERSES;3;36.4;0.2
Commercy;48.76;5.59;25/08/2026;02:00;16.1;6;AVERSES;3;37.1;2.2
Commercy;48.76;5.59;25/08/2026;03:00;15.4;6;AVERSES;3;29.2;0.7
Commercy;48.76;5.59;25/08/2026;04:00;15.1;6;AVERSES;2;22.0;1.5
Commercy;48.76;5.59;25/08/2026;05:00;14.7;6;AVERSES;2;22.3;2.4
Commercy;48.76;5.59;25/08/2026;06:00;16.4;6;AVERSES;2;29.2;2.4
Commercy;48.76;5.59;25/08/2026;07:00;16.7;6;AVERSES;2;33.5;1.9
Commercy;48.76;5.59;25/08/2026;08:00;17.1;6;AVERSES;2;40.0;1.8
Commercy;48.76;5.59;25/08/2026;09:00;19.7;6;AVERSES;2;33.5;0.1
Commercy;48.76;5.59;25/08/2026;10:00;21.7;2;NUAGEUX;2;20.9;0
Commercy;48.76;5.59;25/08/2026;11:00;23.7;2;NUAGEUX;2;25.6;0
Commercy;48.76;5.59;25/08/2026;12:00;25.9;2;NUAGEUX;2;31.7;0
Commercy;48.76;5.59;25/08/2026;13:00;24.1;2;NUAGEUX;2;33.5;0
Commercy;48.76;5.59;25/08/2026;14:00;23.5;2;NUAGEUX;3;38.5;0
Commercy;48.76;5.59;25/08/2026;15:00;23.6;2;NUAGEUX;2;37.8;0
Commercy;48.76;5.59;25/08/2026;16:00;23.6;6;AVERSES;2;31.7;0.1
Commercy;48.76;5.59;25/08/2026;17:00;23.7;6;AVERSES;1;24.1;0.1
Commercy;48.76;5.59;25/08/2026;18:00;23.6;6;AVERSES;1;20.2;0.1
Commercy;48.76;5.59;25/08/2026;19:00;22.1;5;SOLEIL VOILÉ;2;18.0;0
Commercy;48.76;5.59;25/08/2026;20:00;20.5;5;SOLEIL VOILÉ;2;15.8;0
Commercy;48.76;5.59;25/08/2026;21:00;19.4;5;SOLEIL VOILÉ;2;13.0;0
Commercy;48.76;5.59;25/08/2026;22:00;19;5;SOLEIL VOILÉ;2;9.0;0
Commercy;48.76;5.59;25/08/2026;23:00;18.5;5;SOLEIL VOILÉ;2;9.7;0
Commercy;48.76;5.59;26/08/2026;00:00;18.5;0;SOLEIL;2;17.3;0
Commercy;48.76;5.59;26/08/2026;01:00;18.5;0;SOLEIL;2;9.7;0
Commercy;48.76;5.59;26/08/2026;02:00;18;6;AVERSES;3;11.2;0
Commercy;48.76;5.59;26/08/2026;03:00;18;6;AVERSES;3;16.3;0
Commercy;48.76;5.59;26/08/2026;04:00;18;6;AVERSES;3;20.7;0
Commercy;48.76;5.59;26/08/2026;05:00;17.9;0;SOLEIL;3;21.4;0
Commercy;48.76;5.59;26/08/2026;06:00;17.9;0;SOLEIL;3;25.9;0
Commercy;48.76;5.59;26/08/2026;07:00;17.9;0;SOLEIL;3;23.8;0
Commercy;48.76;5.59;26/08/2026;08:00;22.5;0;SOLEIL;3;23.8;0
Commercy;48.76;5.59;26/08/2026;09:00;22.5;0;SOLEIL;3;27.0;0
Commercy;48.76;5.59;26/08/2026;10:00;22.5;0;SOLEIL;3;28.8;0
Commercy;48.76;5.59;26/08/2026;11:00;26.6;5;SOLEIL VOILÉ;2;28.8;0
Commercy;48.76;5.59;26/08/2026;12:00;26.6;5;SOLEIL VOILÉ;2;27.7;0
Commercy;48.76;5.59;26/08/2026;13:00;26.6;5;SOLEIL VOILÉ;2;25.9;0
Commercy;48.76;5.59;26/08/2026;14:00;28.6;5;SOLEIL VOILÉ;1;22.0;0
Commercy;48.76;5.59;26/08/2026;15:00;28.6;5;SOLEIL VOILÉ;1;20.9;0
Commercy;48.76;5.59;26/08/2026;16:00;28.6;5;SOLEIL VOILÉ;1;18.7;0
Commercy;48.76;5.59;26/08/2026;17:00;27.1;5;SOLEIL VOILÉ;3;14.8;0
Commercy;48.76;5.59;26/08/2026;18:00;27.1;5;SOLEIL VOILÉ;3;15.8;0
Commercy;48.76;5.59;26/08/2026;19:00;27.1;5;SOLEIL VOILÉ;3;13.0;0
Commercy;48.76;5.59;26/08/2026;20:00;21.1;5;SOLEIL VOILÉ;4;13.0;0
Commercy;48.76;5.59;26/08/2026;21:00;21.1;5;SOLEIL VOILÉ;4;15.1;0
Commercy;48.76;5.59;26/08/2026;22:00;21.1;5;SOLEIL VOILÉ;4;14.0;0
Commercy;48.76;5.59;26/08/2026;23:00;19.2;10;ORAGEUX;5;17.6;0
Commercy;48.76;5.59;27/08/2026;00:00;19.2;10;ORAGEUX;5;21.6;0
Commercy;48.76;5.59;27/08/2026;01:00;19.2;10;ORAGEUX;5;26.3;0
Commercy;48.76;5.59;27/08/2026;02:00;18;5;SOLEIL VOILÉ;4;16.9;0
Commercy;48.76;5.59;27/08/2026;03:00;18;5;SOLEIL VOILÉ;4;18.7;0
Commercy;48.76;5.59;27/08/2026;04:00;18;5;SOLEIL VOILÉ;4;19.8;0
Commercy;48.76;5.59;27/08/2026;05:00;19;5;SOLEIL VOILÉ;4;20.2;0
Commercy;48.76;5.59;27/08/2026;06:00;19;5;SOLEIL VOILÉ;4;18.0;0
Commercy;48.76;5.59;27/08/2026;07:00;19;5;SOLEIL VOILÉ;4;28.1;0
Commercy;48.76;5.59;27/08/2026;08:00;24.5;5;SOLEIL VOILÉ;3;28.8;0
Commercy;48.76;5.59;27/08/2026;09:00;24.5;5;SOLEIL VOILÉ;3;27.7;0
Commercy;48.76;5.59;27/08/2026;10:00;24.5;5;SOLEIL VOILÉ;3;25.6;0
Commercy;48.76;5.59;27/08/2026;11:00;28.1;5;SOLEIL VOILÉ;3;24.5;0
Commercy;48.76;5.59;27/08/2026;12:00;28.1;5;SOLEIL VOILÉ;3;27.0;0
Commercy;48.76;5.59;27/08/2026;13:00;28.1;5;SOLEIL VOILÉ;3;30.6;0
Commercy;48.76;5.59;27/08/2026;14:00;32.2;5;SOLEIL VOILÉ;4;32.8;0
Commercy;48.76;5.59;27/08/2026;15:00;32.2;5;SOLEIL VOILÉ;4;31.0;0
Commercy;48.76;5.59;27/08/2026;16:00;32.2;5;SOLEIL VOILÉ;4;27.4;0
Commercy;48.76;5.59;27/08/2026;17:00;28.4;10;ORAGEUX;3;24.5;0
Commercy;48.76;5.59;27/08/2026;18:00;28.4;10;ORAGEUX;3;23.4;0
Commercy;48.76;5.59;27/08/2026;19:00;28.4;10;ORAGEUX;3;23.4;0
Commercy;48.76;5.59;27/08/2026;20:00;24.2;10;ORAGEUX;5;23.8;0
Commercy;48.76;5.59;27/08/2026;21:00;22.5;10;ORAGEUX;5;25.2;0
Commercy;48.76;5.59;27/08/2026;22:00;20.7;10;ORAGEUX;5;27.4;0
Commercy;48.76;5.59;27/08/2026;23:00;19.1;10;ORAGEUX;4;28.4;0
Commercy;48.76;5.59;28/08/2026;00:00;19.1;10;ORAGEUX;4;27.4;0
Commercy;48.76;5.59;28/08/2026;01:00;19.1;10;ORAGEUX;4;25.2;0
Commercy;48.76;5.59;28/08/2026;02:00;16.7;6;AVERSES;5;24.8;0
Commercy;48.76;5.59;28/08/2026;03:00;16.7;6;AVERSES;5;27.7;0
Commercy;48.76;5.59;28/08/2026;04:00;16.7;6;AVERSES;5;32.4;0
Commercy;48.76;5.59;28/08/2026;05:00;17.2;6;AVERSES;6;35.3;0
Commercy;48.76;5.59;28/08/2026;06:00;17.2;6;AVERSES;6;33.8;0
Commercy;48.76;5.59;28/08/2026;07:00;17.2;6;AVERSES;6;30.2;0
Commercy;48.76;5.59;28/08/2026;08:00;18.3;6;AVERSES;5;29.2;0
Commercy;48.76;5.59;28/08/2026;09:00;19.1;6;AVERSES;5;32.8;0
Commercy;48.76;5.59;28/08/2026;10:00;19.9;6;AVERSES;5;38.5;0
Commercy;48.76;5.59;28/08/2026;11:00;22.2;6;AVERSES;6;42.8;0
Commercy;48.76;5.59;28/08/2026;12:00;22.2;6;AVERSES;6;44.3;0
Commercy;48.76;5.59;28/08/2026;13:00;22.2;6;AVERSES;6;44.6;0
Commercy;48.76;5.59;28/08/2026;14:00;23.1;6;AVERSES;5;45.0;0
Commercy;48.76;5.59;28/08/2026;15:00;23.9;6;AVERSES;5;46.4;0
Commercy;48.76;5.59;28/08/2026;16:00;23.1;6;AVERSES;5;47.5;0
Commercy;48.76;5.59;28/08/2026;17:00;19.1;6;AVERSES;4;46.4;0
Commercy;48.76;5.59;28/08/2026;18:00;19.1;6;AVERSES;4;40.7;0
Commercy;48.76;5.59;28/08/2026;19:00;19.1;6;AVERSES;4;32.8;0
Commercy;48.76;5.59;28/08/2026;20:00;19.9;6;AVERSES;5;25.9;0
Commercy;48.76;5.59;28/08/2026;21:00;19.1;6;AVERSES;5;21.2;0
Commercy;48.76;5.59;28/08/2026;22:00;18.3;6;AVERSES;5;17.6;0
Commercy;48.76;5.59;28/08/2026;23:00;16.7;6;AVERSES;5;15.5;0
Commercy;48.76;5.59;29/08/2026;00:00;16.7;6;AVERSES;5;14.7;0
Commercy;48.76;5.59;29/08/2026;01:00;16.7;6;AVERSES;5;15.1;0
Commercy;48.76;5.59;29/08/2026;02:00;15.1;6;AVERSES;5;15.4;0
Commercy;48.76;5.59;29/08/2026;03:00;15.1;6;AVERSES;5;14.8;0
Commercy;48.76;5.59;29/08/2026;04:00;15.1;6;AVERSES;5;14.4;0
Commercy;48.76;5.59;29/08/2026;05:00;15.6;6;AVERSES;5;14.4;0
Commercy;48.76;5.59;29/08/2026;06:00;15.6;6;AVERSES;5;15.1;0
Commercy;48.76;5.59;29/08/2026;07:00;15.6;6;AVERSES;5;16.6;0
Commercy;48.76;5.59;29/08/2026;08:00;16.6;6;AVERSES;5;19.8;0
Commercy;48.76;5.59;29/08/2026;09:00;17.3;6;AVERSES;5;25.6;0
Commercy;48.76;5.59;29/08/2026;10:00;18.0;6;AVERSES;5;33.1;0
Commercy;48.76;5.59;29/08/2026;11:00;20.7;6;AVERSES;6;39.2;0
Commercy;48.76;5.59;29/08/2026;12:00;20.7;6;AVERSES;6;42.8;0
Commercy;48.76;5.59;29/08/2026;13:00;20.7;6;AVERSES;6;44.6;0
Commercy;48.76;5.59;29/08/2026;14:00;21.0;6;AVERSES;5;45.4;0
Commercy;48.76;5.59;29/08/2026;15:00;21.7;6;AVERSES;5;43.9;0
Commercy;48.76;5.59;29/08/2026;16:00;21.0;6;AVERSES;5;41.4;0
Commercy;48.76;5.59;29/08/2026;17:00;19.5;6;AVERSES;3;40.0;0
Commercy;48.76;5.59;29/08/2026;18:00;19.5;6;AVERSES;3;41.0;0
Commercy;48.76;5.59;29/08/2026;19:00;19.5;6;AVERSES;3;42.8;0
Commercy;48.76;5.59;29/08/2026;20:00;18.0;6;AVERSES;5;43.2;0
Commercy;48.76;5.59;29/08/2026;21:00;17.3;6;AVERSES;5;39.6;0
Commercy;48.76;5.59;29/08/2026;22:00;16.6;6;AVERSES;5;34.2;0
Commercy;48.76;5.59;29/08/2026;23:00;17.1;0;SOLEIL;4;31.7;0
Verdun;49.16;5.38;25/08/2026;00:00;15.6;2;NUAGEUX;3;21.6;0
Verdun;49.16;5.38;25/08/2026;01:00;15.1;6;AVERSES;2;23.0;0.1
Verdun;49.16;5.38;25/08/2026;02:00;14.1;6;AVERSES;2;19.4;0.9
Verdun;49.16;5.38;25/08/2026;03:00;14.1;6;AVERSES;2;23.8;0.3
Verdun;49.16;5.38;25/08/2026;04:00;13.9;6;AVERSES;2;17.3;1.9
Verdun;49.16;5.38;25/08/2026;05:00;14.5;7;PLUIE FAIBLE;2;15.8;2.6
Verdun;49.16;5.38;25/08/2026;06:00;15.6;6;AVERSES;2;15.8;1.7
Verdun;49.16;5.38;25/08/2026;07:00;16.1;6;AVERSES;2;21.2;2.1
Verdun;49.16;5.38;25/08/2026;08:00;16.7;6;AVERSES;2;21.6;2
Verdun;49.16;5.38;25/08/2026;09:00;17.6;6;AVERSES;2;19.1;0.1
Verdun;49.16;5.38;25/08/2026;10:00;18.5;2;NUAGEUX;3;18.7;0
Verdun;49.16;5.38;25/08/2026;11:00;20.5;2;NUAGEUX;3;16.6;0
Verdun;49.16;5.38;25/08/2026;12:00;22;2;NUAGEUX;3;19.4;0
Verdun;49.16;5.38;25/08/2026;13:00;23.4;6;AVERSES;3;36.4;0.1
Verdun;49.16;5.38;25/08/2026;14:00;23.4;6;AVERSES;3;40.7;0.1
Verdun;49.16;5.38;25/08/2026;15:00;23.4;6;AVERSES;3;40.0;0.1
Verdun;49.16;5.38;25/08/2026;16:00;24.7;6;AVERSES;3;36.0;0.1
Verdun;49.16;5.38;25/08/2026;17:00;24.4;6;AVERSES;1;31.3;0.1
Verdun;49.16;5.38;25/08/2026;18:00;22.7;6;AVERSES;3;24.5;0.1
Verdun;49.16;5.38;25/08/2026;19:00;20.6;0;SOLEIL;2;22.3;0
Verdun;49.16;5.38;25/08/2026;20:00;19;5;SOLEIL VOILÉ;1;16.2;0
Verdun;49.16;5.38;25/08/2026;21:00;18;5;SOLEIL VOILÉ;2;11.9;0
Verdun;49.16;5.38;25/08/2026;22:00;17.5;5;SOLEIL VOILÉ;1;6.8;0
Verdun;49.16;5.38;25/08/2026;23:00;17.4;5;SOLEIL VOILÉ;1;7.9;0
Verdun;49.16;5.38;26/08/2026;00:00;17.6;5;SOLEIL VOILÉ;1;11.5;0
Verdun;49.16;5.38;26/08/2026;01:00;17.6;5;SOLEIL VOILÉ;1;5.8;0
Verdun;49.16;5.38;26/08/2026;02:00;16.9;5;SOLEIL VOILÉ;3;6.5;0
Verdun;49.16;5.38;26/08/2026;03:00;16.9;5;SOLEIL VOILÉ;3;10.1;0
Verdun;49.16;5.38;26/08/2026;04:00;16.9;5;SOLEIL VOILÉ;3;15.3;0
Verdun;49.16;5.38;26/08/2026;05:00;17.2;0;SOLEIL;3;19.1;0
Verdun;49.16;5.38;26/08/2026;06:00;17.2;0;SOLEIL;3;23.4;0
Verdun;49.16;5.38;26/08/2026;07:00;17.2;0;SOLEIL;3;23.0;0
Verdun;49.16;5.38;26/08/2026;08:00;22.6;0;SOLEIL;3;21.6;0
Verdun;49.16;5.38;26/08/2026;09:00;22.6;0;SOLEIL;3;25.6;0
Verdun;49.16;5.38;26/08/2026;10:00;22.6;0;SOLEIL;3;29.2;0
Verdun;49.16;5.38;26/08/2026;11:00;26.6;5;SOLEIL VOILÉ;2;30.2;0
Verdun;49.16;5.38;26/08/2026;12:00;26.6;5;SOLEIL VOILÉ;2;29.9;0
Verdun;49.16;5.38;26/08/2026;13:00;26.6;5;SOLEIL VOILÉ;2;27.4;0
Verdun;49.16;5.38;26/08/2026;14:00;28.2;5;SOLEIL VOILÉ;1;25.2;0
Verdun;49.16;5.38;26/08/2026;15:00;28.2;5;SOLEIL VOILÉ;1;23.0;0
Verdun;49.16;5.38;26/08/2026;16:00;28.2;5;SOLEIL VOILÉ;1;20.5;0
Verdun;49.16;5.38;26/08/2026;17:00;25.6;5;SOLEIL VOILÉ;3;17.6;0
Verdun;49.16;5.38;26/08/2026;18:00;25.6;5;SOLEIL VOILÉ;3;18.4;0
Verdun;49.16;5.38;26/08/2026;19:00;25.6;5;SOLEIL VOILÉ;3;16.9;0
Verdun;49.16;5.38;26/08/2026;20:00;18.9;5;SOLEIL VOILÉ;3;15.1;0
Verdun;49.16;5.38;26/08/2026;21:00;18.9;5;SOLEIL VOILÉ;3;12.2;0
Verdun;49.16;5.38;26/08/2026;22:00;18.9;5;SOLEIL VOILÉ;3;11.9;0
Verdun;49.16;5.38;26/08/2026;23:00;17.9;5;SOLEIL VOILÉ;3;14.0;0
Verdun;49.16;5.38;27/08/2026;00:00;17.9;5;SOLEIL VOILÉ;3;16.6;0
Verdun;49.16;5.38;27/08/2026;01:00;17.9;5;SOLEIL VOILÉ;3;11.2;0
Verdun;49.16;5.38;27/08/2026;02:00;15.9;5;SOLEIL VOILÉ;3;10.4;0
Verdun;49.16;5.38;27/08/2026;03:00;15.9;5;SOLEIL VOILÉ;3;11.5;0
Verdun;49.16;5.38;27/08/2026;04:00;15.9;5;SOLEIL VOILÉ;3;10.4;0
Verdun;49.16;5.38;27/08/2026;05:00;17.2;5;SOLEIL VOILÉ;2;20.5;0
Verdun;49.16;5.38;27/08/2026;06:00;17.2;5;SOLEIL VOILÉ;2;19.8;0
Verdun;49.16;5.38;27/08/2026;07:00;17.2;5;SOLEIL VOILÉ;2;29.5;0
Verdun;49.16;5.38;27/08/2026;08:00;24.1;5;SOLEIL VOILÉ;3;33.1;0
Verdun;49.16;5.38;27/08/2026;09:00;24.1;5;SOLEIL VOILÉ;3;33.1;0
Verdun;49.16;5.38;27/08/2026;10:00;24.1;5;SOLEIL VOILÉ;3;31.7;0
Verdun;49.16;5.38;27/08/2026;11:00;26.2;5;SOLEIL VOILÉ;4;31.0;0
Verdun;49.16;5.38;27/08/2026;12:00;26.2;5;SOLEIL VOILÉ;4;32.4;0
Verdun;49.16;5.38;27/08/2026;13:00;26.2;5;SOLEIL VOILÉ;4;34.9;0
Verdun;49.16;5.38;27/08/2026;14:00;31.7;5;SOLEIL VOILÉ;4;36.0;0
Verdun;49.16;5.38;27/08/2026;15:00;31.7;5;SOLEIL VOILÉ;4;34.9;0
Verdun;49.16;5.38;27/08/2026;16:00;31.7;5;SOLEIL VOILÉ;4;33.1;0
Verdun;49.16;5.38;27/08/2026;17:00;28.5;10;ORAGEUX;3;31.7;0
Verdun;49.16;5.38;27/08/2026;18:00;28.5;10;ORAGEUX;3;32.0;0
Verdun;49.16;5.38;27/08/2026;19:00;28.5;10;ORAGEUX;3;33.1;0
Verdun;49.16;5.38;27/08/2026;20:00;22.8;10;ORAGEUX;5;34.2;0
Verdun;49.16;5.38;27/08/2026;21:00;20.9;10;ORAGEUX;5;34.6;0
Verdun;49.16;5.38;27/08/2026;22:00;18.9;10;ORAGEUX;5;34.9;0
Verdun;49.16;5.38;27/08/2026;23:00;18.6;10;ORAGEUX;5;34.9;0
Verdun;49.16;5.38;28/08/2026;00:00;18.6;10;ORAGEUX;5;34.2;0
Verdun;49.16;5.38;28/08/2026;01:00;18.6;10;ORAGEUX;5;33.5;0
Verdun;49.16;5.38;28/08/2026;02:00;16;6;AVERSES;5;33.1;0
Verdun;49.16;5.38;28/08/2026;03:00;16;6;AVERSES;5;33.8;0
Verdun;49.16;5.38;28/08/2026;04:00;16;6;AVERSES;5;34.6;0
Verdun;49.16;5.38;28/08/2026;05:00;16.6;7;PLUIE FAIBLE;6;35.3;0
Verdun;49.16;5.38;28/08/2026;06:00;16.6;7;PLUIE FAIBLE;6;34.2;0
Verdun;49.16;5.38;28/08/2026;07:00;16.6;7;PLUIE FAIBLE;6;32.8;0
Verdun;49.16;5.38;28/08/2026;08:00;17.7;6;AVERSES;5;33.1;0
Verdun;49.16;5.38;28/08/2026;09:00;18.6;6;AVERSES;5;37.1;0
Verdun;49.16;5.38;28/08/2026;10:00;19.4;6;AVERSES;5;42.5;0
Verdun;49.16;5.38;28/08/2026;11:00;22;6;AVERSES;7;46.8;0
Verdun;49.16;5.38;28/08/2026;12:00;22;6;AVERSES;7;47.9;0
Verdun;49.16;5.38;28/08/2026;13:00;22;6;AVERSES;7;47.5;0
Verdun;49.16;5.38;28/08/2026;14:00;22.8;6;AVERSES;5;47.5;0
Verdun;49.16;5.38;28/08/2026;15:00;23.7;6;AVERSES;5;49.0;0
Verdun;49.16;5.38;28/08/2026;16:00;22.8;6;AVERSES;5;50.4;0
Verdun;49.16;5.38;28/08/2026;17:00;19.1;6;AVERSES;5;50.4;0
Verdun;49.16;5.38;28/08/2026;18:00;19.1;6;AVERSES;5;47.5;0
Verdun;49.16;5.38;28/08/2026;19:00;19.1;6;AVERSES;5;42.8;0
Verdun;49.16;5.38;28/08/2026;20:00;19.4;6;AVERSES;5;37.4;0
Verdun;49.16;5.38;28/08/2026;21:00;18.6;6;AVERSES;5;30.2;0
Verdun;49.16;5.38;28/08/2026;22:00;17.7;6;AVERSES;5;22.0;0
Verdun;49.16;5.38;28/08/2026;23:00;15.9;7;PLUIE FAIBLE;5;16.2;0
Verdun;49.16;5.38;29/08/2026;00:00;15.9;7;PLUIE FAIBLE;5;14.9;0
Verdun;49.16;5.38;29/08/2026;01:00;15.9;7;PLUIE FAIBLE;5;16.2;0
Verdun;49.16;5.38;29/08/2026;02:00;14.4;6;AVERSES;5;17.2;0
Verdun;49.16;5.38;29/08/2026;03:00;14.4;6;AVERSES;5;16.6;0
Verdun;49.16;5.38;29/08/2026;04:00;14.4;6;AVERSES;5;15.5;0
Verdun;49.16;5.38;29/08/2026;05:00;15.2;7;PLUIE FAIBLE;5;15.1;0
Verdun;49.16;5.38;29/08/2026;06:00;15.2;7;PLUIE FAIBLE;5;15.1;0
Verdun;49.16;5.38;29/08/2026;07:00;15.2;7;PLUIE FAIBLE;5;15.5;0
Verdun;49.16;5.38;29/08/2026;08:00;16.0;6;AVERSES;5;18.0;0
Verdun;49.16;5.38;29/08/2026;09:00;16.8;6;AVERSES;5;24.1;0
Verdun;49.16;5.38;29/08/2026;10:00;17.6;6;AVERSES;5;32.0;0
Verdun;49.16;5.38;29/08/2026;11:00;20.7;6;AVERSES;6;38.5;0
Verdun;49.16;5.38;29/08/2026;12:00;20.7;6;AVERSES;6;41.8;0
Verdun;49.16;5.38;29/08/2026;13:00;20.7;6;AVERSES;6;43.2;0
Verdun;49.16;5.38;29/08/2026;14:00;20.8;6;AVERSES;5;43.6;0
Verdun;49.16;5.38;29/08/2026;15:00;21.6;6;AVERSES;5;42.5;0
Verdun;49.16;5.38;29/08/2026;16:00;20.8;6;AVERSES;5;40.7;0
Verdun;49.16;5.38;29/08/2026;17:00;19.4;6;AVERSES;3;38.2;0
Verdun;49.16;5.38;29/08/2026;18:00;19.4;6;AVERSES;3;35.6;0
Verdun;49.16;5.38;29/08/2026;19:00;19.4;6;AVERSES;3;32.4;0
Verdun;49.16;5.38;29/08/2026;20:00;17.6;6;AVERSES;5;29.9;0
Verdun;49.16;5.38;29/08/2026;21:00;16.8;6;AVERSES;5;27.0;0
Verdun;49.16;5.38;29/08/2026;22:00;16.0;6;AVERSES;5;24.8;0
Verdun;49.16;5.38;29/08/2026;23:00;16;0;SOLEIL;4;24.5;0
Metz;49.11;6.17;25/08/2026;00:00;16.6;2;NUAGEUX;3;41.0;0
Metz;49.11;6.17;25/08/2026;01:00;15.9;6;AVERSES;3;43.9;0.1
Metz;49.11;6.17;25/08/2026;02:00;14.7;6;AVERSES;3;40.0;0.1
Metz;49.11;6.17;25/08/2026;03:00;13.5;6;AVERSES;3;40.3;0.2
Metz;49.11;6.17;25/08/2026;04:00;13.6;6;AVERSES;3;38.2;0.5
Metz;49.11;6.17;25/08/2026;05:00;13.7;6;AVERSES;2;28.8;1.3
Metz;49.11;6.17;25/08/2026;06:00;14.5;6;AVERSES;2;33.5;1.2
Metz;49.11;6.17;25/08/2026;07:00;15.1;6;AVERSES;2;27.4;1.1
Metz;49.11;6.17;25/08/2026;08:00;15.7;6;AVERSES;2;28.1;1.5
Metz;49.11;6.17;25/08/2026;09:00;18.2;6;AVERSES;2;40.7;0.3
Metz;49.11;6.17;25/08/2026;10:00;20.1;6;AVERSES;2;36.4;0.1
Metz;49.11;6.17;25/08/2026;11:00;21.6;6;AVERSES;2;30.2;0.1
Metz;49.11;6.17;25/08/2026;12:00;23.6;6;AVERSES;3;31.0;0.1
Metz;49.11;6.17;25/08/2026;13:00;24.5;6;AVERSES;3;20.2;0.1
Metz;49.11;6.17;25/08/2026;14:00;24.4;6;AVERSES;3;10.8;0.1
Metz;49.11;6.17;25/08/2026;15:00;23.6;6;AVERSES;3;14.8;0.1
Metz;49.11;6.17;25/08/2026;16:00;21.6;6;AVERSES;3;19.4;0.1
Metz;49.11;6.17;25/08/2026;17:00;21.9;6;AVERSES;1;18.4;0.1
Metz;49.11;6.17;25/08/2026;18:00;21.6;6;AVERSES;2;19.1;0.1
Metz;49.11;6.17;25/08/2026;19:00;20.7;2;NUAGEUX;2;16.9;0
Metz;49.11;6.17;25/08/2026;20:00;19.6;5;SOLEIL VOILÉ;2;16.6;0
Metz;49.11;6.17;25/08/2026;21:00;19.1;5;SOLEIL VOILÉ;2;9.4;0
Metz;49.11;6.17;25/08/2026;22:00;18.4;5;SOLEIL VOILÉ;2;8.6;0
Metz;49.11;6.17;25/08/2026;23:00;18.1;5;SOLEIL VOILÉ;2;5.4;0
Metz;49.11;6.17;26/08/2026;00:00;18.1;5;SOLEIL VOILÉ;2;5.0;0
Metz;49.11;6.17;26/08/2026;01:00;18.1;5;SOLEIL VOILÉ;2;5.0;0
Metz;49.11;6.17;26/08/2026;02:00;17.1;6;AVERSES;3;4.7;0
Metz;49.11;6.17;26/08/2026;03:00;17.1;6;AVERSES;3;9.7;0
Metz;49.11;6.17;26/08/2026;04:00;17.1;6;AVERSES;3;15.3;0
Metz;49.11;6.17;26/08/2026;05:00;18;6;AVERSES;3;15.1;0
Metz;49.11;6.17;26/08/2026;06:00;18;6;AVERSES;3;17.6;0
Metz;49.11;6.17;26/08/2026;07:00;18;6;AVERSES;3;18.7;0
Metz;49.11;6.17;26/08/2026;08:00;21.5;0;SOLEIL;3;20.2;0
Metz;49.11;6.17;26/08/2026;09:00;21.5;0;SOLEIL;3;23.4;0
Metz;49.11;6.17;26/08/2026;10:00;21.5;0;SOLEIL;3;25.6;0
Metz;49.11;6.17;26/08/2026;11:00;24.7;5;SOLEIL VOILÉ;3;28.1;0
Metz;49.11;6.17;26/08/2026;12:00;24.7;5;SOLEIL VOILÉ;3;30.6;0
Metz;49.11;6.17;26/08/2026;13:00;24.7;5;SOLEIL VOILÉ;3;30.2;0
Metz;49.11;6.17;26/08/2026;14:00;27.1;5;SOLEIL VOILÉ;2;27.0;0
Metz;49.11;6.17;26/08/2026;15:00;27.1;5;SOLEIL VOILÉ;2;24.5;0
Metz;49.11;6.17;26/08/2026;16:00;27.1;5;SOLEIL VOILÉ;2;22.3;0
Metz;49.11;6.17;26/08/2026;17:00;24.6;5;SOLEIL VOILÉ;3;17.6;0
Metz;49.11;6.17;26/08/2026;18:00;24.6;5;SOLEIL VOILÉ;3;14.4;0
Metz;49.11;6.17;26/08/2026;19:00;24.6;5;SOLEIL VOILÉ;3;13.7;0
Metz;49.11;6.17;26/08/2026;20:00;20.1;5;SOLEIL VOILÉ;4;12.6;0
Metz;49.11;6.17;26/08/2026;21:00;20.1;5;SOLEIL VOILÉ;4;12.6;0
Metz;49.11;6.17;26/08/2026;22:00;20.1;5;SOLEIL VOILÉ;4;14.0;0
Metz;49.11;6.17;26/08/2026;23:00;18.5;10;ORAGEUX;4;15.8;0
Metz;49.11;6.17;27/08/2026;00:00;18.5;10;ORAGEUX;4;18.4;0
Metz;49.11;6.17;27/08/2026;01:00;18.5;10;ORAGEUX;4;19.1;0
Metz;49.11;6.17;27/08/2026;02:00;16.4;10;ORAGEUX;4;18.7;0
Metz;49.11;6.17;27/08/2026;03:00;16.4;10;ORAGEUX;4;19.4;0
Metz;49.11;6.17;27/08/2026;04:00;16.4;10;ORAGEUX;4;18.7;0
Metz;49.11;6.17;27/08/2026;05:00;17.5;5;SOLEIL VOILÉ;3;17.6;0
Metz;49.11;6.17;27/08/2026;06:00;17.5;5;SOLEIL VOILÉ;3;16.6;0
Metz;49.11;6.17;27/08/2026;07:00;17.5;5;SOLEIL VOILÉ;3;15.5;0
Metz;49.11;6.17;27/08/2026;08:00;23;5;SOLEIL VOILÉ;3;18.7;0
Metz;49.11;6.17;27/08/2026;09:00;23;5;SOLEIL VOILÉ;3;23.8;0
Metz;49.11;6.17;27/08/2026;10:00;23;5;SOLEIL VOILÉ;3;30.2;0
Metz;49.11;6.17;27/08/2026;11:00;26;5;SOLEIL VOILÉ;3;33.8;0
Metz;49.11;6.17;27/08/2026;12:00;26;5;SOLEIL VOILÉ;3;31.7;0
Metz;49.11;6.17;27/08/2026;13:00;26;5;SOLEIL VOILÉ;3;27.0;0
Metz;49.11;6.17;27/08/2026;14:00;29.1;5;SOLEIL VOILÉ;3;23.8;0
Metz;49.11;6.17;27/08/2026;15:00;29.1;5;SOLEIL VOILÉ;3;25.2;0
Metz;49.11;6.17;27/08/2026;16:00;29.1;5;SOLEIL VOILÉ;3;28.8;0
Metz;49.11;6.17;27/08/2026;17:00;26;10;ORAGEUX;2;29.9;0
Metz;49.11;6.17;27/08/2026;18:00;26;10;ORAGEUX;2;26.3;0
Metz;49.11;6.17;27/08/2026;19:00;26;10;ORAGEUX;2;20.5;0
Metz;49.11;6.17;27/08/2026;20:00;21.9;10;ORAGEUX;5;16.9;0
Metz;49.11;6.17;27/08/2026;21:00;20.3;10;ORAGEUX;5;18.4;0
Metz;49.11;6.17;27/08/2026;22:00;18.7;10;ORAGEUX;5;22.0;0
Metz;49.11;6.17;27/08/2026;23:00;18.6;10;ORAGEUX;4;25.2;0
Metz;49.11;6.17;28/08/2026;00:00;18.6;10;ORAGEUX;4;27.4;0
Metz;49.11;6.17;28/08/2026;01:00;18.6;10;ORAGEUX;4;29.2;0
Metz;49.11;6.17;28/08/2026;02:00;16.7;6;AVERSES;5;31.0;0
Metz;49.11;6.17;28/08/2026;03:00;16.7;6;AVERSES;5;33.5;0
Metz;49.11;6.17;28/08/2026;04:00;16.7;6;AVERSES;5;35.6;0
Metz;49.11;6.17;28/08/2026;05:00;17.1;6;AVERSES;6;36.4;0
Metz;49.11;6.17;28/08/2026;06:00;17.1;6;AVERSES;6;33.1;0
Metz;49.11;6.17;28/08/2026;07:00;17.1;6;AVERSES;6;28.1;0
Metz;49.11;6.17;28/08/2026;08:00;18.3;6;AVERSES;5;25.9;0
Metz;49.11;6.17;28/08/2026;09:00;19.2;6;AVERSES;5;29.5;0
Metz;49.11;6.17;28/08/2026;10:00;20.0;6;AVERSES;5;36.0;0
Metz;49.11;6.17;28/08/2026;11:00;22.6;6;AVERSES;6;41.8;0
Metz;49.11;6.17;28/08/2026;12:00;22.6;6;AVERSES;6;45.4;0
Metz;49.11;6.17;28/08/2026;13:00;22.6;6;AVERSES;6;47.9;0
Metz;49.11;6.17;28/08/2026;14:00;23.3;6;AVERSES;5;49.7;0
Metz;49.11;6.17;28/08/2026;15:00;24.1;6;AVERSES;5;50.4;0
Metz;49.11;6.17;28/08/2026;16:00;23.3;6;AVERSES;5;50.0;0
Metz;49.11;6.17;28/08/2026;17:00;18.9;6;AVERSES;4;48.2;0
Metz;49.11;6.17;28/08/2026;18:00;18.9;6;AVERSES;4;45.0;0
Metz;49.11;6.17;28/08/2026;19:00;18.9;6;AVERSES;4;40.3;0
Metz;49.11;6.17;28/08/2026;20:00;20.0;6;AVERSES;5;34.9;0
Metz;49.11;6.17;28/08/2026;21:00;19.2;6;AVERSES;5;27.4;0
Metz;49.11;6.17;28/08/2026;22:00;18.3;6;AVERSES;5;18.7;0
Metz;49.11;6.17;28/08/2026;23:00;16.4;7;PLUIE FAIBLE;4;13.0;0
Metz;49.11;6.17;29/08/2026;00:00;16.4;7;PLUIE FAIBLE;4;12.8;0
Metz;49.11;6.17;29/08/2026;01:00;16.4;7;PLUIE FAIBLE;4;15.5;0
Metz;49.11;6.17;29/08/2026;02:00;14.6;6;AVERSES;5;18.0;0
Metz;49.11;6.17;29/08/2026;03:00;14.6;6;AVERSES;5;18.0;0
Metz;49.11;6.17;29/08/2026;04:00;14.6;6;AVERSES;5;16.6;0
Metz;49.11;6.17;29/08/2026;05:00;15.5;6;AVERSES;5;16.2;0
Metz;49.11;6.17;29/08/2026;06:00;15.5;6;AVERSES;5;16.6;0
Metz;49.11;6.17;29/08/2026;07:00;15.5;6;AVERSES;5;17.3;0
Metz;49.11;6.17;29/08/2026;08:00;16.1;6;AVERSES;5;20.2;0
Metz;49.11;6.17;29/08/2026;09:00;16.9;6;AVERSES;5;27.0;0
Metz;49.11;6.17;29/08/2026;10:00;17.6;6;AVERSES;5;35.6;0
Metz;49.11;6.17;29/08/2026;11:00;20.1;6;AVERSES;6;42.5;0
Metz;49.11;6.17;29/08/2026;12:00;20.1;6;AVERSES;6;46.1;0
Metz;49.11;6.17;29/08/2026;13:00;20.1;6;AVERSES;6;47.5;0
Metz;49.11;6.17;29/08/2026;14:00;20.6;6;AVERSES;5;47.9;0
Metz;49.11;6.17;29/08/2026;15:00;21.4;6;AVERSES;5;46.4;0
Metz;49.11;6.17;29/08/2026;16:00;20.6;6;AVERSES;5;43.9;0
Metz;49.11;6.17;29/08/2026;17:00;19.5;6;AVERSES;4;41.4;0
Metz;49.11;6.17;29/08/2026;18:00;19.5;6;AVERSES;4;39.2;0
Metz;49.11;6.17;29/08/2026;19:00;19.5;6;AVERSES;4;37.4;0
Metz;49.11;6.17;29/08/2026;20:00;17.6;6;AVERSES;5;34.9;0
Metz;49.11;6.17;29/08/2026;21:00;16.9;6;AVERSES;5;31.0;0
Metz;49.11;6.17;29/08/2026;22:00;16.1;6;AVERSES;5;26.3;0
Metz;49.11;6.17;29/08/2026;23:00;17.1;7;PLUIE FAIBLE;4;24.8;0
Sarrebourg;48.73;7.05;25/08/2026;00:00;16.2;2;NUAGEUX;3;22.0;0
Sarrebourg;48.73;7.05;25/08/2026;01:00;15.9;6;AVERSES;3;18.4;0.1
Sarrebourg;48.73;7.05;25/08/2026;02:00;14.9;6;AVERSES;3;19.4;0.1
Sarrebourg;48.73;7.05;25/08/2026;03:00;15;6;AVERSES;2;14.0;0.2
Sarrebourg;48.73;7.05;25/08/2026;04:00;14.6;6;AVERSES;2;16.9;0.2
Sarrebourg;48.73;7.05;25/08/2026;05:00;14.2;6;AVERSES;2;14.4;0.3
Sarrebourg;48.73;7.05;25/08/2026;06:00;14.6;6;AVERSES;1;15.8;1.3
Sarrebourg;48.73;7.05;25/08/2026;07:00;15.1;6;AVERSES;2;15.5;1.9
Sarrebourg;48.73;7.05;25/08/2026;08:00;16;6;AVERSES;2;19.8;1.1
Sarrebourg;48.73;7.05;25/08/2026;09:00;17.6;6;AVERSES;2;19.1;0.2
Sarrebourg;48.73;7.05;25/08/2026;10:00;19.1;6;AVERSES;2;15.5;0.3
Sarrebourg;48.73;7.05;25/08/2026;11:00;21.1;6;AVERSES;1;14.8;0.1
Sarrebourg;48.73;7.05;25/08/2026;12:00;22.4;6;AVERSES;1;19.1;0.1
Sarrebourg;48.73;7.05;25/08/2026;13:00;23.1;6;AVERSES;1;18.0;0.1
Sarrebourg;48.73;7.05;25/08/2026;14:00;23.9;6;AVERSES;2;24.5;0.1
Sarrebourg;48.73;7.05;25/08/2026;15:00;23.2;6;AVERSES;2;27.4;0.1
Sarrebourg;48.73;7.05;25/08/2026;16:00;22.7;6;AVERSES;2;31.0;0.1
Sarrebourg;48.73;7.05;25/08/2026;17:00;21.6;6;AVERSES;2;29.5;0.1
Sarrebourg;48.73;7.05;25/08/2026;18:00;21.1;6;AVERSES;2;27.7;0.1
Sarrebourg;48.73;7.05;25/08/2026;19:00;20.1;0;SOLEIL;2;23.8;0
Sarrebourg;48.73;7.05;25/08/2026;20:00;19.4;2;NUAGEUX;2;18.0;0
Sarrebourg;48.73;7.05;25/08/2026;21:00;18.5;5;SOLEIL VOILÉ;2;14.0;0
Sarrebourg;48.73;7.05;25/08/2026;22:00;18.1;5;SOLEIL VOILÉ;1;8.3;0
Sarrebourg;48.73;7.05;25/08/2026;23:00;17.7;5;SOLEIL VOILÉ;2;7.2;0
Sarrebourg;48.73;7.05;26/08/2026;00:00;17.7;5;SOLEIL VOILÉ;1;5.8;0
Sarrebourg;48.73;7.05;26/08/2026;01:00;17.7;5;SOLEIL VOILÉ;1;4.3;0
Sarrebourg;48.73;7.05;26/08/2026;02:00;17.2;6;AVERSES;3;4.0;0
Sarrebourg;48.73;7.05;26/08/2026;03:00;17.2;6;AVERSES;3;7.5;0
Sarrebourg;48.73;7.05;26/08/2026;04:00;17.2;6;AVERSES;3;7.9;0
Sarrebourg;48.73;7.05;26/08/2026;05:00;17.6;6;AVERSES;3;10.6;0
Sarrebourg;48.73;7.05;26/08/2026;06:00;17.6;6;AVERSES;3;14.4;0
Sarrebourg;48.73;7.05;26/08/2026;07:00;17.6;6;AVERSES;3;15.5;0
Sarrebourg;48.73;7.05;26/08/2026;08:00;21.1;0;SOLEIL;3;15.5;0
Sarrebourg;48.73;7.05;26/08/2026;09:00;21.1;0;SOLEIL;3;24.1;0
Sarrebourg;48.73;7.05;26/08/2026;10:00;21.1;0;SOLEIL;3;25.2;0
Sarrebourg;48.73;7.05;26/08/2026;11:00;24.6;5;SOLEIL VOILÉ;3;30.2;0
Sarrebourg;48.73;7.05;26/08/2026;12:00;24.6;5;SOLEIL VOILÉ;3;31.3;0
Sarrebourg;48.73;7.05;26/08/2026;13:00;24.6;5;SOLEIL VOILÉ;3;33.1;0
Sarrebourg;48.73;7.05;26/08/2026;14:00;26.1;5;SOLEIL VOILÉ;2;29.5;0
Sarrebourg;48.73;7.05;26/08/2026;15:00;26.1;5;SOLEIL VOILÉ;2;28.8;0
Sarrebourg;48.73;7.05;26/08/2026;16:00;26.1;5;SOLEIL VOILÉ;2;25.9;0
Sarrebourg;48.73;7.05;26/08/2026;17:00;25.7;5;SOLEIL VOILÉ;2;20.9;0
Sarrebourg;48.73;7.05;26/08/2026;18:00;25.7;5;SOLEIL VOILÉ;2;18.0;0
Sarrebourg;48.73;7.05;26/08/2026;19:00;25.7;5;SOLEIL VOILÉ;2;15.1;0
Sarrebourg;48.73;7.05;26/08/2026;20:00;19.4;5;SOLEIL VOILÉ;3;14.8;0
Sarrebourg;48.73;7.05;26/08/2026;21:00;19.4;5;SOLEIL VOILÉ;3;14.8;0
Sarrebourg;48.73;7.05;26/08/2026;22:00;19.4;5;SOLEIL VOILÉ;3;14.4;0
Sarrebourg;48.73;7.05;26/08/2026;23:00;18.6;5;SOLEIL VOILÉ;3;12.6;0
Sarrebourg;48.73;7.05;27/08/2026;00:00;18.6;5;SOLEIL VOILÉ;3;12.2;0
Sarrebourg;48.73;7.05;27/08/2026;01:00;18.6;5;SOLEIL VOILÉ;3;8.3;0
Sarrebourg;48.73;7.05;27/08/2026;02:00;16.9;5;SOLEIL VOILÉ;3;10.1;0
Sarrebourg;48.73;7.05;27/08/2026;03:00;16.9;5;SOLEIL VOILÉ;3;8.6;0
Sarrebourg;48.73;7.05;27/08/2026;04:00;16.9;5;SOLEIL VOILÉ;3;9.0;0
Sarrebourg;48.73;7.05;27/08/2026;05:00;17.4;5;SOLEIL VOILÉ;3;7.2;0
Sarrebourg;48.73;7.05;27/08/2026;06:00;17.4;5;SOLEIL VOILÉ;3;8.6;0
Sarrebourg;48.73;7.05;27/08/2026;07:00;17.4;5;SOLEIL VOILÉ;3;9.0;0
Sarrebourg;48.73;7.05;27/08/2026;08:00;22.1;5;SOLEIL VOILÉ;3;20.2;0
Sarrebourg;48.73;7.05;27/08/2026;09:00;22.1;5;SOLEIL VOILÉ;3;25.2;0
Sarrebourg;48.73;7.05;27/08/2026;10:00;22.1;5;SOLEIL VOILÉ;3;30.2;0
Sarrebourg;48.73;7.05;27/08/2026;11:00;26.9;5;SOLEIL VOILÉ;4;33.8;0
Sarrebourg;48.73;7.05;27/08/2026;12:00;26.9;5;SOLEIL VOILÉ;4;34.6;0
Sarrebourg;48.73;7.05;27/08/2026;13:00;26.9;5;SOLEIL VOILÉ;4;33.8;0
Sarrebourg;48.73;7.05;27/08/2026;14:00;30.7;5;SOLEIL VOILÉ;3;33.1;0
Sarrebourg;48.73;7.05;27/08/2026;15:00;30.7;5;SOLEIL VOILÉ;3;33.1;0
Sarrebourg;48.73;7.05;27/08/2026;16:00;30.7;5;SOLEIL VOILÉ;3;33.5;0
Sarrebourg;48.73;7.05;27/08/2026;17:00;25.5;10;ORAGEUX;1;33.1;0
Sarrebourg;48.73;7.05;27/08/2026;18:00;25.5;10;ORAGEUX;1;31.7;0
Sarrebourg;48.73;7.05;27/08/2026;19:00;25.5;10;ORAGEUX;1;29.9;0
Sarrebourg;48.73;7.05;27/08/2026;20:00;23.0;10;ORAGEUX;5;28.8;0
Sarrebourg;48.73;7.05;27/08/2026;21:00;21.3;10;ORAGEUX;5;29.5;0
Sarrebourg;48.73;7.05;27/08/2026;22:00;19.5;10;ORAGEUX;5;31.0;0
Sarrebourg;48.73;7.05;27/08/2026;23:00;19.2;10;ORAGEUX;4;31.7;0
Sarrebourg;48.73;7.05;28/08/2026;00:00;19.2;10;ORAGEUX;4;30.2;0
Sarrebourg;48.73;7.05;28/08/2026;01:00;19.2;10;ORAGEUX;4;28.1;0
Sarrebourg;48.73;7.05;28/08/2026;02:00;17.7;6;AVERSES;5;26.3;0
Sarrebourg;48.73;7.05;28/08/2026;03:00;17.7;6;AVERSES;5;26.3;0
Sarrebourg;48.73;7.05;28/08/2026;04:00;17.7;6;AVERSES;5;26.6;0
Sarrebourg;48.73;7.05;28/08/2026;05:00;18.6;7;PLUIE FAIBLE;5;27.4;0
Sarrebourg;48.73;7.05;28/08/2026;06:00;18.6;7;PLUIE FAIBLE;5;27.7;0
Sarrebourg;48.73;7.05;28/08/2026;07:00;18.6;7;PLUIE FAIBLE;5;27.7;0
Sarrebourg;48.73;7.05;28/08/2026;08:00;19.0;6;AVERSES;5;29.5;0
Sarrebourg;48.73;7.05;28/08/2026;09:00;19.7;6;AVERSES;5;33.8;0
Sarrebourg;48.73;7.05;28/08/2026;10:00;20.4;6;AVERSES;5;39.6;0
Sarrebourg;48.73;7.05;28/08/2026;11:00;22.2;6;AVERSES;6;43.9;0
Sarrebourg;48.73;7.05;28/08/2026;12:00;22.2;6;AVERSES;6;46.1;0
Sarrebourg;48.73;7.05;28/08/2026;13:00;22.2;6;AVERSES;6;46.8;0
Sarrebourg;48.73;7.05;28/08/2026;14:00;23.0;6;AVERSES;5;47.2;0
Sarrebourg;48.73;7.05;28/08/2026;15:00;23.7;6;AVERSES;5;47.9;0
Sarrebourg;48.73;7.05;28/08/2026;16:00;23.0;6;AVERSES;5;47.9;0
Sarrebourg;48.73;7.05;28/08/2026;17:00;20.1;6;AVERSES;4;46.8;0
Sarrebourg;48.73;7.05;28/08/2026;18:00;20.1;6;AVERSES;4;43.9;0
Sarrebourg;48.73;7.05;28/08/2026;19:00;20.1;6;AVERSES;4;40.0;0
Sarrebourg;48.73;7.05;28/08/2026;20:00;20.4;6;AVERSES;5;34.9;0
Sarrebourg;48.73;7.05;28/08/2026;21:00;19.7;6;AVERSES;5;27.7;0
Sarrebourg;48.73;7.05;28/08/2026;22:00;19.0;6;AVERSES;5;19.1;0
Sarrebourg;48.73;7.05;28/08/2026;23:00;16.9;0;SOLEIL;4;13.3;0
Sarrebourg;48.73;7.05;29/08/2026;00:00;16.9;0;SOLEIL;4;12.7;0
Sarrebourg;48.73;7.05;29/08/2026;01:00;16.9;0;SOLEIL;4;15.1;0
Sarrebourg;48.73;7.05;29/08/2026;02:00;15;6;AVERSES;5;17.4;0
Sarrebourg;48.73;7.05;29/08/2026;03:00;15;6;AVERSES;5;18.0;0
Sarrebourg;48.73;7.05;29/08/2026;04:00;15;6;AVERSES;5;17.3;0
Sarrebourg;48.73;7.05;29/08/2026;05:00;15.9;6;AVERSES;4;16.6;0
Sarrebourg;48.73;7.05;29/08/2026;06:00;15.9;6;AVERSES;4;15.8;0
Sarrebourg;48.73;7.05;29/08/2026;07:00;15.9;6;AVERSES;4;15.5;0
Sarrebourg;48.73;7.05;29/08/2026;08:00;16.5;6;AVERSES;5;17.3;0
Sarrebourg;48.73;7.05;29/08/2026;09:00;17.2;6;AVERSES;5;23.0;0
Sarrebourg;48.73;7.05;29/08/2026;10:00;17.9;6;AVERSES;5;31.3;0
Sarrebourg;48.73;7.05;29/08/2026;11:00;20.1;6;AVERSES;6;37.8;0
Sarrebourg;48.73;7.05;29/08/2026;12:00;20.1;6;AVERSES;6;41.4;0
Sarrebourg;48.73;7.05;29/08/2026;13:00;20.1;6;AVERSES;6;43.2;0
Sarrebourg;48.73;7.05;29/08/2026;14:00;20.9;6;AVERSES;5;44.3;0
Sarrebourg;48.73;7.05;29/08/2026;15:00;21.6;6;AVERSES;5;44.6;0
Sarrebourg;48.73;7.05;29/08/2026;16:00;20.9;6;AVERSES;5;44.3;0
Sarrebourg;48.73;7.05;29/08/2026;17:00;20.2;6;AVERSES;3;42.8;0
Sarrebourg;48.73;7.05;29/08/2026;18:00;20.2;6;AVERSES;3;40.0;0
Sarrebourg;48.73;7.05;29/08/2026;19:00;20.2;6;AVERSES;3;35.6;0
Sarrebourg;48.73;7.05;29/08/2026;20:00;17.9;6;AVERSES;5;32.4;0
Sarrebourg;48.73;7.05;29/08/2026;21:00;17.2;6;AVERSES;5;30.2;0
Sarrebourg;48.73;7.05;29/08/2026;22:00;16.5;6;AVERSES;5;28.8;0
Sarrebourg;48.73;7.05;29/08/2026;23:00;16.5;0;SOLEIL;3;28.4;0
Sarreguemines;49.11;7.06;25/08/2026;00:00;15.4;2;NUAGEUX;3;27.0;0
Sarreguemines;49.11;7.06;25/08/2026;01:00;13.5;2;NUAGEUX;3;23.0;0
Sarreguemines;49.11;7.06;25/08/2026;02:00;13.9;6;AVERSES;3;19.8;0.1
Sarreguemines;49.11;7.06;25/08/2026;03:00;14.1;6;AVERSES;3;14.4;0.1
Sarreguemines;49.11;7.06;25/08/2026;04:00;13.5;6;AVERSES;2;18.4;0.1
Sarreguemines;49.11;7.06;25/08/2026;05:00;12.7;6;AVERSES;2;22.7;0.4
Sarreguemines;49.11;7.06;25/08/2026;06:00;13.5;7;PLUIE FAIBLE;2;25.6;3.1
Sarreguemines;49.11;7.06;25/08/2026;07:00;13.2;6;AVERSES;2;21.6;1.5
Sarreguemines;49.11;7.06;25/08/2026;08:00;15.7;6;AVERSES;2;22.7;1.7
Sarreguemines;49.11;7.06;25/08/2026;09:00;17.6;6;AVERSES;2;20.2;0.2
Sarreguemines;49.11;7.06;25/08/2026;10:00;19.5;6;AVERSES;2;14.0;0.1
Sarreguemines;49.11;7.06;25/08/2026;11:00;21.6;6;AVERSES;2;15.5;0.1
Sarreguemines;49.11;7.06;25/08/2026;12:00;22.1;6;AVERSES;3;17.3;0.1
Sarreguemines;49.11;7.06;25/08/2026;13:00;22.6;6;AVERSES;3;15.8;0.1
Sarreguemines;49.11;7.06;25/08/2026;14:00;23.7;6;AVERSES;3;18.4;0.1
Sarreguemines;49.11;7.06;25/08/2026;15:00;24.1;6;AVERSES;3;34.6;0.1
Sarreguemines;49.11;7.06;25/08/2026;16:00;24.9;6;AVERSES;3;29.5;0.1
Sarreguemines;49.11;7.06;25/08/2026;17:00;23.1;6;AVERSES;3;16.2;0.1
Sarreguemines;49.11;7.06;25/08/2026;18:00;21.9;6;AVERSES;3;31.7;0.1
Sarreguemines;49.11;7.06;25/08/2026;19:00;20.4;0;SOLEIL;2;8.3;0
Sarreguemines;49.11;7.06;25/08/2026;20:00;19.5;5;SOLEIL VOILÉ;2;7.2;0
Sarreguemines;49.11;7.06;25/08/2026;21:00;18.2;0;SOLEIL;2;12.6;0
Sarreguemines;49.11;7.06;25/08/2026;22:00;17.4;0;SOLEIL;1;6.8;0
Sarreguemines;49.11;7.06;25/08/2026;23:00;17.1;2;NUAGEUX;1;3.6;0
Sarreguemines;49.11;7.06;26/08/2026;00:00;17.5;6;AVERSES;1;3.6;0.1
Sarreguemines;49.11;7.06;26/08/2026;01:00;17.5;6;AVERSES;1;3.6;0.1
Sarreguemines;49.11;7.06;26/08/2026;02:00;16.4;5;SOLEIL VOILÉ;2;9.7;0
Sarreguemines;49.11;7.06;26/08/2026;03:00;16.4;5;SOLEIL VOILÉ;2;12.6;0
Sarreguemines;49.11;7.06;26/08/2026;04:00;16.4;5;SOLEIL VOILÉ;2;12.2;0
Sarreguemines;49.11;7.06;26/08/2026;05:00;17.4;6;AVERSES;4;9.4;0
Sarreguemines;49.11;7.06;26/08/2026;06:00;17.4;6;AVERSES;4;10.1;0
Sarreguemines;49.11;7.06;26/08/2026;07:00;17.4;6;AVERSES;4;13.3;0
Sarreguemines;49.11;7.06;26/08/2026;08:00;21.4;0;SOLEIL;3;18.4;0
Sarreguemines;49.11;7.06;26/08/2026;09:00;21.4;0;SOLEIL;3;23.4;0
Sarreguemines;49.11;7.06;26/08/2026;10:00;21.4;0;SOLEIL;3;27.0;0
Sarreguemines;49.11;7.06;26/08/2026;11:00;25.5;0;SOLEIL;2;24.8;0
Sarreguemines;49.11;7.06;26/08/2026;12:00;25.5;0;SOLEIL;2;25.9;0
Sarreguemines;49.11;7.06;26/08/2026;13:00;25.5;0;SOLEIL;2;24.8;0
Sarreguemines;49.11;7.06;26/08/2026;14:00;26.1;5;SOLEIL VOILÉ;2;20.9;0
Sarreguemines;49.11;7.06;26/08/2026;15:00;26.1;5;SOLEIL VOILÉ;2;21.2;0
Sarreguemines;49.11;7.06;26/08/2026;16:00;26.1;5;SOLEIL VOILÉ;2;21.2;0
Sarreguemines;49.11;7.06;26/08/2026;17:00;24.1;5;SOLEIL VOILÉ;3;14.4;0
Sarreguemines;49.11;7.06;26/08/2026;18:00;24.1;5;SOLEIL VOILÉ;3;7.2;0
Sarreguemines;49.11;7.06;26/08/2026;19:00;24.1;5;SOLEIL VOILÉ;3;13.3;0
Sarreguemines;49.11;7.06;26/08/2026;20:00;19;5;SOLEIL VOILÉ;4;14.8;0
Sarreguemines;49.11;7.06;26/08/2026;21:00;19;5;SOLEIL VOILÉ;4;14.8;0
Sarreguemines;49.11;7.06;26/08/2026;22:00;19;5;SOLEIL VOILÉ;4;12.2;0
Sarreguemines;49.11;7.06;26/08/2026;23:00;17;5;SOLEIL VOILÉ;4;13.7;0
Sarreguemines;49.11;7.06;27/08/2026;00:00;17;5;SOLEIL VOILÉ;4;13.7;0
Sarreguemines;49.11;7.06;27/08/2026;01:00;17;5;SOLEIL VOILÉ;4;11.5;0
Sarreguemines;49.11;7.06;27/08/2026;02:00;16.1;5;SOLEIL VOILÉ;3;10.8;0
Sarreguemines;49.11;7.06;27/08/2026;03:00;16.1;5;SOLEIL VOILÉ;3;7.2;0
Sarreguemines;49.11;7.06;27/08/2026;04:00;16.1;5;SOLEIL VOILÉ;3;6.5;0
Sarreguemines;49.11;7.06;27/08/2026;05:00;17.1;5;SOLEIL VOILÉ;3;6.5;0
Sarreguemines;49.11;7.06;27/08/2026;06:00;17.1;5;SOLEIL VOILÉ;3;7.2;0
Sarreguemines;49.11;7.06;27/08/2026;07:00;17.1;5;SOLEIL VOILÉ;3;5.4;0
Sarreguemines;49.11;7.06;27/08/2026;08:00;23.5;5;SOLEIL VOILÉ;3;14.4;0
Sarreguemines;49.11;7.06;27/08/2026;09:00;23.5;5;SOLEIL VOILÉ;3;18.7;0
Sarreguemines;49.11;7.06;27/08/2026;10:00;23.5;5;SOLEIL VOILÉ;3;23.4;0
Sarreguemines;49.11;7.06;27/08/2026;11:00;29.5;5;SOLEIL VOILÉ;5;26.3;0
Sarreguemines;49.11;7.06;27/08/2026;12:00;29.5;5;SOLEIL VOILÉ;5;25.6;0
Sarreguemines;49.11;7.06;27/08/2026;13:00;29.5;5;SOLEIL VOILÉ;5;23.0;0
Sarreguemines;49.11;7.06;27/08/2026;14:00;28.1;5;SOLEIL VOILÉ;4;21.6;0
Sarreguemines;49.11;7.06;27/08/2026;15:00;28.1;5;SOLEIL VOILÉ;4;22.7;0
Sarreguemines;49.11;7.06;27/08/2026;16:00;28.1;5;SOLEIL VOILÉ;4;24.8;0
Sarreguemines;49.11;7.06;27/08/2026;17:00;22.7;10;ORAGEUX;4;25.6;0
Sarreguemines;49.11;7.06;27/08/2026;18:00;22.7;10;ORAGEUX;4;22.3;0
Sarreguemines;49.11;7.06;27/08/2026;19:00;22.7;10;ORAGEUX;4;17.6;0
Sarreguemines;49.11;7.06;27/08/2026;20:00;22.2;10;ORAGEUX;5;14.8;0
Sarreguemines;49.11;7.06;27/08/2026;21:00;20.5;10;ORAGEUX;5;15.8;0
Sarreguemines;49.11;7.06;27/08/2026;22:00;18.9;10;ORAGEUX;5;18.7;0
Sarreguemines;49.11;7.06;27/08/2026;23:00;17.1;10;ORAGEUX;5;20.9;0
Sarreguemines;49.11;7.06;28/08/2026;00:00;17.1;10;ORAGEUX;5;20.5;0
Sarreguemines;49.11;7.06;28/08/2026;01:00;17.1;10;ORAGEUX;5;19.4;0
Sarreguemines;49.11;7.06;28/08/2026;02:00;16.6;7;PLUIE FAIBLE;5;18.7;0
Sarreguemines;49.11;7.06;28/08/2026;03:00;16.6;7;PLUIE FAIBLE;5;19.8;0
Sarreguemines;49.11;7.06;28/08/2026;04:00;16.6;7;PLUIE FAIBLE;5;21.6;0
Sarreguemines;49.11;7.06;28/08/2026;05:00;17.6;7;PLUIE FAIBLE;6;23.0;0
Sarreguemines;49.11;7.06;28/08/2026;06:00;17.6;7;PLUIE FAIBLE;6;23.0;0
Sarreguemines;49.11;7.06;28/08/2026;07:00;17.6;7;PLUIE FAIBLE;6;22.3;0
Sarreguemines;49.11;7.06;28/08/2026;08:00;18.1;7;PLUIE FAIBLE;5;22.7;0
Sarreguemines;49.11;7.06;28/08/2026;09:00;18.8;7;PLUIE FAIBLE;5;24.8;0
Sarreguemines;49.11;7.06;28/08/2026;10:00;19.5;7;PLUIE FAIBLE;5;28.1;0
Sarreguemines;49.11;7.06;28/08/2026;11:00;22;7;PLUIE FAIBLE;6;31.3;0
Sarreguemines;49.11;7.06;28/08/2026;12:00;22;7;PLUIE FAIBLE;6;34.6;0
Sarreguemines;49.11;7.06;28/08/2026;13:00;22;7;PLUIE FAIBLE;6;37.4;0
Sarreguemines;49.11;7.06;28/08/2026;14:00;22.5;7;PLUIE FAIBLE;5;39.6;0
Sarreguemines;49.11;7.06;28/08/2026;15:00;23.2;7;PLUIE FAIBLE;5;40.7;0
Sarreguemines;49.11;7.06;28/08/2026;16:00;22.5;7;PLUIE FAIBLE;5;41.0;0
Sarreguemines;49.11;7.06;28/08/2026;17:00;19.2;7;PLUIE FAIBLE;4;40.0;0
Sarreguemines;49.11;7.06;28/08/2026;18:00;19.2;7;PLUIE FAIBLE;4;37.1;0
Sarreguemines;49.11;7.06;28/08/2026;19:00;19.2;7;PLUIE FAIBLE;4;32.8;0
Sarreguemines;49.11;7.06;28/08/2026;20:00;19.5;7;PLUIE FAIBLE;5;28.4;0
Sarreguemines;49.11;7.06;28/08/2026;21:00;18.8;7;PLUIE FAIBLE;5;23.4;0
Sarreguemines;49.11;7.06;28/08/2026;22:00;18.1;7;PLUIE FAIBLE;5;18.0;0
Sarreguemines;49.11;7.06;28/08/2026;23:00;15.9;7;PLUIE FAIBLE;5;14.8;0
Sarreguemines;49.11;7.06;29/08/2026;00:00;15.9;7;PLUIE FAIBLE;5;15.0;0
Sarreguemines;49.11;7.06;29/08/2026;01:00;15.9;7;PLUIE FAIBLE;5;16.9;0
Sarreguemines;49.11;7.06;29/08/2026;02:00;14.1;6;AVERSES;5;18.2;0
Sarreguemines;49.11;7.06;29/08/2026;03:00;14.1;6;AVERSES;5;17.6;0
Sarreguemines;49.11;7.06;29/08/2026;04:00;14.1;6;AVERSES;5;16.9;0
Sarreguemines;49.11;7.06;29/08/2026;05:00;15.1;6;AVERSES;5;16.9;0
Sarreguemines;49.11;7.06;29/08/2026;06:00;15.1;6;AVERSES;5;16.9;0
Sarreguemines;49.11;7.06;29/08/2026;07:00;15.1;6;AVERSES;5;17.3;0
Sarreguemines;49.11;7.06;29/08/2026;08:00;15.7;6;AVERSES;5;19.8;0
Sarreguemines;49.11;7.06;29/08/2026;09:00;16.5;6;AVERSES;5;26.3;0
Sarreguemines;49.11;7.06;29/08/2026;10:00;17.3;6;AVERSES;5;34.9;0
Sarreguemines;49.11;7.06;29/08/2026;11:00;20.2;6;AVERSES;6;41.0;0
Sarreguemines;49.11;7.06;29/08/2026;12:00;20.2;6;AVERSES;6;43.2;0
Sarreguemines;49.11;7.06;29/08/2026;13:00;20.2;6;AVERSES;6;42.8;0
Sarreguemines;49.11;7.06;29/08/2026;14:00;20.4;6;AVERSES;5;42.5;0
Sarreguemines;49.11;7.06;29/08/2026;15:00;21.2;6;AVERSES;5;42.5;0
Sarreguemines;49.11;7.06;29/08/2026;16:00;20.4;6;AVERSES;5;42.1;0
Sarreguemines;49.11;7.06;29/08/2026;17:00;18.7;6;AVERSES;4;40.7;0
Sarreguemines;49.11;7.06;29/08/2026;18:00;18.7;6;AVERSES;4;37.8;0
Sarreguemines;49.11;7.06;29/08/2026;19:00;18.7;6;AVERSES;4;33.8;0
Sarreguemines;49.11;7.06;29/08/2026;20:00;17.3;6;AVERSES;5;29.9;0
Sarreguemines;49.11;7.06;29/08/2026;21:00;16.5;6;AVERSES;5;24.5;0
Sarreguemines;49.11;7.06;29/08/2026;22:00;15.7;6;AVERSES;5;19.4;0
Sarreguemines;49.11;7.06;29/08/2026;23:00;15.4;0;SOLEIL;4;17.6;0
Strasbourg;48.57;7.75;25/08/2026;00:00;17.1;5;SOLEIL VOILÉ;3;27.7;0
Strasbourg;48.57;7.75;25/08/2026;01:00;15.9;2;NUAGEUX;3;25.2;0
Strasbourg;48.57;7.75;25/08/2026;02:00;15.1;2;NUAGEUX;3;16.6;0
Strasbourg;48.57;7.75;25/08/2026;03:00;14.1;2;NUAGEUX;2;14.4;0
Strasbourg;48.57;7.75;25/08/2026;04:00;13;6;AVERSES;2;16.9;0.1
Strasbourg;48.57;7.75;25/08/2026;05:00;13;6;AVERSES;2;18.0;0.1
Strasbourg;48.57;7.75;25/08/2026;06:00;13.6;6;AVERSES;2;19.4;0.4
Strasbourg;48.57;7.75;25/08/2026;07:00;13.6;6;AVERSES;2;18.7;1.1
Strasbourg;48.57;7.75;25/08/2026;08:00;14.1;6;AVERSES;2;16.6;1.3
Strasbourg;48.57;7.75;25/08/2026;09:00;16.1;6;AVERSES;2;19.8;0.3
Strasbourg;48.57;7.75;25/08/2026;10:00;17.7;6;AVERSES;2;18.4;0.2
Strasbourg;48.57;7.75;25/08/2026;11:00;18.7;6;AVERSES;2;19.8;0.1
Strasbourg;48.57;7.75;25/08/2026;12:00;20.9;6;AVERSES;2;18.0;0.1
Strasbourg;48.57;7.75;25/08/2026;13:00;21.7;6;AVERSES;2;16.9;0.1
Strasbourg;48.57;7.75;25/08/2026;14:00;22.9;6;AVERSES;2;17.3;0.1
Strasbourg;48.57;7.75;25/08/2026;15:00;23.1;6;AVERSES;1;19.1;0.1
Strasbourg;48.57;7.75;25/08/2026;16:00;23;2;NUAGEUX;2;30.6;0
Strasbourg;48.57;7.75;25/08/2026;17:00;21.9;2;NUAGEUX;2;23.8;0
Strasbourg;48.57;7.75;25/08/2026;18:00;21.1;2;NUAGEUX;2;35.6;0
Strasbourg;48.57;7.75;25/08/2026;19:00;20;2;NUAGEUX;2;24.8;0
Strasbourg;48.57;7.75;25/08/2026;20:00;19.1;0;SOLEIL;1;9.4;0
Strasbourg;48.57;7.75;25/08/2026;21:00;18.5;2;NUAGEUX;2;5.4;0
Strasbourg;48.57;7.75;25/08/2026;22:00;18;0;SOLEIL;2;6.5;0
Strasbourg;48.57;7.75;25/08/2026;23:00;17.6;2;NUAGEUX;2;5.8;0
Strasbourg;48.57;7.75;26/08/2026;00:00;17.7;5;SOLEIL VOILÉ;1;3.6;0
Strasbourg;48.57;7.75;26/08/2026;01:00;17.7;5;SOLEIL VOILÉ;1;7.2;0
Strasbourg;48.57;7.75;26/08/2026;02:00;16.9;6;AVERSES;2;9.7;0
Strasbourg;48.57;7.75;26/08/2026;03:00;16.9;6;AVERSES;2;3.9;0
Strasbourg;48.57;7.75;26/08/2026;04:00;16.9;6;AVERSES;2;5.6;0
Strasbourg;48.57;7.75;26/08/2026;05:00;17.5;6;AVERSES;3;8.3;0
Strasbourg;48.57;7.75;26/08/2026;06:00;17.5;6;AVERSES;3;13.7;0
Strasbourg;48.57;7.75;26/08/2026;07:00;17.5;6;AVERSES;3;13.7;0
Strasbourg;48.57;7.75;26/08/2026;08:00;21.1;6;AVERSES;3;14.0;0
Strasbourg;48.57;7.75;26/08/2026;09:00;21.1;6;AVERSES;3;20.9;0
Strasbourg;48.57;7.75;26/08/2026;10:00;21.1;6;AVERSES;3;27.7;0
Strasbourg;48.57;7.75;26/08/2026;11:00;25.2;0;SOLEIL;2;27.0;0
Strasbourg;48.57;7.75;26/08/2026;12:00;25.2;0;SOLEIL;2;25.6;0
Strasbourg;48.57;7.75;26/08/2026;13:00;25.2;0;SOLEIL;2;27.7;0
Strasbourg;48.57;7.75;26/08/2026;14:00;27.2;5;SOLEIL VOILÉ;2;27.0;0
Strasbourg;48.57;7.75;26/08/2026;15:00;27.2;5;SOLEIL VOILÉ;2;25.6;0
Strasbourg;48.57;7.75;26/08/2026;16:00;27.2;5;SOLEIL VOILÉ;2;22.3;0
Strasbourg;48.57;7.75;26/08/2026;17:00;24.6;5;SOLEIL VOILÉ;2;19.4;0
Strasbourg;48.57;7.75;26/08/2026;18:00;24.6;5;SOLEIL VOILÉ;2;13.3;0
Strasbourg;48.57;7.75;26/08/2026;19:00;24.6;5;SOLEIL VOILÉ;2;10.8;0
Strasbourg;48.57;7.75;26/08/2026;20:00;19.9;5;SOLEIL VOILÉ;3;10.8;0
Strasbourg;48.57;7.75;26/08/2026;21:00;19.9;5;SOLEIL VOILÉ;3;8.3;0
Strasbourg;48.57;7.75;26/08/2026;22:00;19.9;5;SOLEIL VOILÉ;3;7.6;0
Strasbourg;48.57;7.75;26/08/2026;23:00;18.5;5;SOLEIL VOILÉ;3;9.0;0
Strasbourg;48.57;7.75;27/08/2026;00:00;18.5;5;SOLEIL VOILÉ;3;9.7;0
Strasbourg;48.57;7.75;27/08/2026;01:00;18.5;5;SOLEIL VOILÉ;3;8.6;0
Strasbourg;48.57;7.75;27/08/2026;02:00;17.1;5;SOLEIL VOILÉ;3;9.4;0
Strasbourg;48.57;7.75;27/08/2026;03:00;17.1;5;SOLEIL VOILÉ;3;6.1;0
Strasbourg;48.57;7.75;27/08/2026;04:00;17.1;5;SOLEIL VOILÉ;3;4.7;0
Strasbourg;48.57;7.75;27/08/2026;05:00;18.1;5;SOLEIL VOILÉ;3;6.8;0
Strasbourg;48.57;7.75;27/08/2026;06:00;18.1;5;SOLEIL VOILÉ;3;5.4;0
Strasbourg;48.57;7.75;27/08/2026;07:00;18.1;5;SOLEIL VOILÉ;3;4.3;0
Strasbourg;48.57;7.75;27/08/2026;08:00;23.5;5;SOLEIL VOILÉ;3;5.0;0
Strasbourg;48.57;7.75;27/08/2026;09:00;23.5;5;SOLEIL VOILÉ;3;12.2;0
Strasbourg;48.57;7.75;27/08/2026;10:00;23.5;5;SOLEIL VOILÉ;3;22.3;0
Strasbourg;48.57;7.75;27/08/2026;11:00;28.1;5;SOLEIL VOILÉ;3;29.2;0
Strasbourg;48.57;7.75;27/08/2026;12:00;28.1;5;SOLEIL VOILÉ;3;28.8;0
Strasbourg;48.57;7.75;27/08/2026;13:00;28.1;5;SOLEIL VOILÉ;3;25.6;0
Strasbourg;48.57;7.75;27/08/2026;14:00;30;5;SOLEIL VOILÉ;3;24.1;0
Strasbourg;48.57;7.75;27/08/2026;15:00;30;5;SOLEIL VOILÉ;3;29.2;0
Strasbourg;48.57;7.75;27/08/2026;16:00;30;5;SOLEIL VOILÉ;3;36.7;0
Strasbourg;48.57;7.75;27/08/2026;17:00;25.5;10;ORAGEUX;3;39.2;0
Strasbourg;48.57;7.75;27/08/2026;18:00;25.5;10;ORAGEUX;3;30.6;0
Strasbourg;48.57;7.75;27/08/2026;19:00;25.5;10;ORAGEUX;3;16.6;0
Strasbourg;48.57;7.75;27/08/2026;20:00;23.1;10;ORAGEUX;5;9.4;0
Strasbourg;48.57;7.75;27/08/2026;21:00;21.5;10;ORAGEUX;5;16.2;0
Strasbourg;48.57;7.75;27/08/2026;22:00;19.8;10;ORAGEUX;5;29.5;0
Strasbourg;48.57;7.75;27/08/2026;23:00;18.1;10;ORAGEUX;4;37.4;0
Strasbourg;48.57;7.75;28/08/2026;00:00;18.1;10;ORAGEUX;4;33.8;0
Strasbourg;48.57;7.75;28/08/2026;01:00;18.1;10;ORAGEUX;4;25.2;0
Strasbourg;48.57;7.75;28/08/2026;02:00;17.6;6;AVERSES;5;19.1;0
Strasbourg;48.57;7.75;28/08/2026;03:00;17.6;6;AVERSES;5;19.4;0
Strasbourg;48.57;7.75;28/08/2026;04:00;17.6;6;AVERSES;5;22.7;0
Strasbourg;48.57;7.75;28/08/2026;05:00;18.5;10;ORAGEUX;5;25.6;0
Strasbourg;48.57;7.75;28/08/2026;06:00;18.5;10;ORAGEUX;5;26.3;0
Strasbourg;48.57;7.75;28/08/2026;07:00;18.5;10;ORAGEUX;5;26.3;0
Strasbourg;48.57;7.75;28/08/2026;08:00;19.0;6;AVERSES;5;27.4;0
Strasbourg;48.57;7.75;28/08/2026;09:00;19.8;6;AVERSES;5;30.6;0
Strasbourg;48.57;7.75;28/08/2026;10:00;20.5;6;AVERSES;5;35.3;0
Strasbourg;48.57;7.75;28/08/2026;11:00;22.6;6;AVERSES;6;38.5;0
Strasbourg;48.57;7.75;28/08/2026;12:00;22.6;6;AVERSES;6;39.6;0
Strasbourg;48.57;7.75;28/08/2026;13:00;22.6;6;AVERSES;6;40.0;0
Strasbourg;48.57;7.75;28/08/2026;14:00;23.4;6;AVERSES;5;40.0;0
Strasbourg;48.57;7.75;28/08/2026;15:00;24.1;6;AVERSES;5;41.0;0
Strasbourg;48.57;7.75;28/08/2026;16:00;23.4;6;AVERSES;5;42.1;0
Strasbourg;48.57;7.75;28/08/2026;17:00;20.2;6;AVERSES;4;41.4;0
Strasbourg;48.57;7.75;28/08/2026;18:00;20.2;6;AVERSES;4;38.2;0
Strasbourg;48.57;7.75;28/08/2026;19:00;20.2;6;AVERSES;4;33.5;0
Strasbourg;48.57;7.75;28/08/2026;20:00;20.5;6;AVERSES;5;28.1;0
Strasbourg;48.57;7.75;28/08/2026;21:00;19.8;6;AVERSES;5;21.2;0
Strasbourg;48.57;7.75;28/08/2026;22:00;19.0;6;AVERSES;5;14.0;0
Strasbourg;48.57;7.75;28/08/2026;23:00;16.1;7;PLUIE FAIBLE;4;9.4;0
Strasbourg;48.57;7.75;29/08/2026;00:00;16.1;7;PLUIE FAIBLE;4;9.5;0
Strasbourg;48.57;7.75;29/08/2026;01:00;16.1;7;PLUIE FAIBLE;4;12.4;0
Strasbourg;48.57;7.75;29/08/2026;02:00;14.5;6;AVERSES;5;14.7;0
Strasbourg;48.57;7.75;29/08/2026;03:00;14.5;6;AVERSES;5;15.1;0
Strasbourg;48.57;7.75;29/08/2026;04:00;14.5;6;AVERSES;5;15.8;0
Strasbourg;48.57;7.75;29/08/2026;05:00;15.4;6;AVERSES;4;16.2;0
Strasbourg;48.57;7.75;29/08/2026;06:00;15.4;6;AVERSES;4;16.2;0
Strasbourg;48.57;7.75;29/08/2026;07:00;15.4;6;AVERSES;4;16.2;0
Strasbourg;48.57;7.75;29/08/2026;08:00;16.1;6;AVERSES;5;17.6;0
Strasbourg;48.57;7.75;29/08/2026;09:00;17.0;6;AVERSES;5;22.3;0
Strasbourg;48.57;7.75;29/08/2026;10:00;17.8;6;AVERSES;5;28.8;0
Strasbourg;48.57;7.75;29/08/2026;11:00;21;6;AVERSES;5;33.8;0
Strasbourg;48.57;7.75;29/08/2026;12:00;21;6;AVERSES;5;37.1;0
Strasbourg;48.57;7.75;29/08/2026;13:00;21;6;AVERSES;5;38.9;0
Strasbourg;48.57;7.75;29/08/2026;14:00;21.1;6;AVERSES;5;40.0;0
Strasbourg;48.57;7.75;29/08/2026;15:00;21.9;6;AVERSES;5;40.0;0
Strasbourg;48.57;7.75;29/08/2026;16:00;21.1;6;AVERSES;5;38.9;0
Strasbourg;48.57;7.75;29/08/2026;17:00;19.7;6;AVERSES;3;37.1;0
Strasbourg;48.57;7.75;29/08/2026;18:00;19.7;6;AVERSES;3;34.6;0
Strasbourg;48.57;7.75;29/08/2026;19:00;19.7;6;AVERSES;3;31.3;0
Strasbourg;48.57;7.75;29/08/2026;20:00;17.8;6;AVERSES;5;28.1;0
Strasbourg;48.57;7.75;29/08/2026;21:00;17.0;6;AVERSES;5;24.5;0
Strasbourg;48.57;7.75;29/08/2026;22:00;16.1;6;AVERSES;5;20.9;0
Strasbourg;48.57;7.75;29/08/2026;23:00;16;0;SOLEIL;3;19.1;0
Wissembourg;49.03;7.94;25/08/2026;00:00;17.6;5;SOLEIL VOILÉ;3;16.9;0
Wissembourg;49.03;7.94;25/08/2026;01:00;17.1;2;NUAGEUX;3;16.6;0
Wissembourg;49.03;7.94;25/08/2026;02:00;16.6;2;NUAGEUX;3;14.8;0
Wissembourg;49.03;7.94;25/08/2026;03:00;16.6;2;NUAGEUX;2;17.3;0
Wissembourg;49.03;7.94;25/08/2026;04:00;15.7;6;AVERSES;2;18.4;0.1
Wissembourg;49.03;7.94;25/08/2026;05:00;15.2;6;AVERSES;2;9.4;0.2
Wissembourg;49.03;7.94;25/08/2026;06:00;15;6;AVERSES;1;15.1;0.4
Wissembourg;49.03;7.94;25/08/2026;07:00;14.6;6;AVERSES;1;14.4;2.4
Wissembourg;49.03;7.94;25/08/2026;08:00;16;6;AVERSES;2;11.5;0.5
Wissembourg;49.03;7.94;25/08/2026;09:00;18.5;6;AVERSES;2;5.4;0.3
Wissembourg;49.03;7.94;25/08/2026;10:00;20.4;2;NUAGEUX;2;7.6;0
Wissembourg;49.03;7.94;25/08/2026;11:00;22.4;2;NUAGEUX;2;7.2;0
Wissembourg;49.03;7.94;25/08/2026;12:00;23.1;2;NUAGEUX;2;18.4;0
Wissembourg;49.03;7.94;25/08/2026;13:00;23.7;2;NUAGEUX;3;18.0;0
Wissembourg;49.03;7.94;25/08/2026;14:00;24.6;2;NUAGEUX;2;19.8;0
Wissembourg;49.03;7.94;25/08/2026;15:00;24.6;2;NUAGEUX;3;18.0;0
Wissembourg;49.03;7.94;25/08/2026;16:00;23.7;0;SOLEIL;3;20.2;0
Wissembourg;49.03;7.94;25/08/2026;17:00;22.9;0;SOLEIL;3;27.7;0
Wissembourg;49.03;7.94;25/08/2026;18:00;21.6;0;SOLEIL;2;36.7;0
Wissembourg;49.03;7.94;25/08/2026;19:00;20.4;0;SOLEIL;2;33.5;0
Wissembourg;49.03;7.94;25/08/2026;20:00;19.7;0;SOLEIL;2;24.8;0
Wissembourg;49.03;7.94;25/08/2026;21:00;19.5;0;SOLEIL;2;16.2;0
Wissembourg;49.03;7.94;25/08/2026;22:00;19.1;0;SOLEIL;2;10.4;0
Wissembourg;49.03;7.94;25/08/2026;23:00;18.7;2;NUAGEUX;1;10.1;0
Wissembourg;49.03;7.94;26/08/2026;00:00;18.4;5;SOLEIL VOILÉ;1;7.2;0
Wissembourg;49.03;7.94;26/08/2026;01:00;18.4;5;SOLEIL VOILÉ;1;6.8;0
Wissembourg;49.03;7.94;26/08/2026;02:00;17.4;6;AVERSES;2;8.6;0
Wissembourg;49.03;7.94;26/08/2026;03:00;17.4;6;AVERSES;2;12.5;0
Wissembourg;49.03;7.94;26/08/2026;04:00;17.4;6;AVERSES;2;15.3;0
Wissembourg;49.03;7.94;26/08/2026;05:00;18.4;0;SOLEIL;2;10.1;0
Wissembourg;49.03;7.94;26/08/2026;06:00;18.4;0;SOLEIL;2;3.6;0
Wissembourg;49.03;7.94;26/08/2026;07:00;18.4;0;SOLEIL;2;2.5;0
Wissembourg;49.03;7.94;26/08/2026;08:00;21.7;0;SOLEIL;2;10.1;0
Wissembourg;49.03;7.94;26/08/2026;09:00;21.7;0;SOLEIL;2;10.4;0
Wissembourg;49.03;7.94;26/08/2026;10:00;21.7;0;SOLEIL;2;15.5;0
Wissembourg;49.03;7.94;26/08/2026;11:00;26.1;0;SOLEIL;1;14.4;0
Wissembourg;49.03;7.94;26/08/2026;12:00;26.1;0;SOLEIL;1;19.4;0
Wissembourg;49.03;7.94;26/08/2026;13:00;26.1;0;SOLEIL;1;19.4;0
Wissembourg;49.03;7.94;26/08/2026;14:00;26.9;5;SOLEIL VOILÉ;1;16.9;0
Wissembourg;49.03;7.94;26/08/2026;15:00;26.9;5;SOLEIL VOILÉ;1;15.5;0
Wissembourg;49.03;7.94;26/08/2026;16:00;26.9;5;SOLEIL VOILÉ;1;13.3;0
Wissembourg;49.03;7.94;26/08/2026;17:00;24.6;0;SOLEIL;3;13.7;0
Wissembourg;49.03;7.94;26/08/2026;18:00;24.6;0;SOLEIL;3;16.9;0
Wissembourg;49.03;7.94;26/08/2026;19:00;24.6;0;SOLEIL;3;18.7;0
Wissembourg;49.03;7.94;26/08/2026;20:00;20.4;5;SOLEIL VOILÉ;2;18.7;0
Wissembourg;49.03;7.94;26/08/2026;21:00;20.4;5;SOLEIL VOILÉ;2;18.7;0
Wissembourg;49.03;7.94;26/08/2026;22:00;20.4;5;SOLEIL VOILÉ;2;15.1;0
Wissembourg;49.03;7.94;26/08/2026;23:00;18.6;5;SOLEIL VOILÉ;2;14.0;0
Wissembourg;49.03;7.94;27/08/2026;00:00;18.6;5;SOLEIL VOILÉ;2;11.2;0
Wissembourg;49.03;7.94;27/08/2026;01:00;18.6;5;SOLEIL VOILÉ;2;7.6;0
Wissembourg;49.03;7.94;27/08/2026;02:00;18.2;5;SOLEIL VOILÉ;1;9.4;0
Wissembourg;49.03;7.94;27/08/2026;03:00;18.2;5;SOLEIL VOILÉ;1;7.6;0
Wissembourg;49.03;7.94;27/08/2026;04:00;18.2;5;SOLEIL VOILÉ;1;9.4;0
Wissembourg;49.03;7.94;27/08/2026;05:00;18.6;5;SOLEIL VOILÉ;2;8.3;0
Wissembourg;49.03;7.94;27/08/2026;06:00;18.6;5;SOLEIL VOILÉ;2;5.4;0
Wissembourg;49.03;7.94;27/08/2026;07:00;18.6;5;SOLEIL VOILÉ;2;5.0;0
Wissembourg;49.03;7.94;27/08/2026;08:00;23.1;5;SOLEIL VOILÉ;2;4.0;0
Wissembourg;49.03;7.94;27/08/2026;09:00;23.1;5;SOLEIL VOILÉ;2;9.4;0
Wissembourg;49.03;7.94;27/08/2026;10:00;23.1;5;SOLEIL VOILÉ;2;16.9;0
Wissembourg;49.03;7.94;27/08/2026;11:00;26.9;5;SOLEIL VOILÉ;1;22.3;0
Wissembourg;49.03;7.94;27/08/2026;12:00;26.9;5;SOLEIL VOILÉ;1;22.0;0
Wissembourg;49.03;7.94;27/08/2026;13:00;26.9;5;SOLEIL VOILÉ;1;19.1;0
Wissembourg;49.03;7.94;27/08/2026;14:00;29.6;5;SOLEIL VOILÉ;2;19.1;0
Wissembourg;49.03;7.94;27/08/2026;15:00;29.6;5;SOLEIL VOILÉ;2;25.9;0
Wissembourg;49.03;7.94;27/08/2026;16:00;29.6;5;SOLEIL VOILÉ;2;35.3;0
Wissembourg;49.03;7.94;27/08/2026;17:00;25.4;5;SOLEIL VOILÉ;2;40.7;0
Wissembourg;49.03;7.94;27/08/2026;18:00;25.4;5;SOLEIL VOILÉ;2;37.4;0
Wissembourg;49.03;7.94;27/08/2026;19:00;25.4;5;SOLEIL VOILÉ;2;29.9;0
Wissembourg;49.03;7.94;27/08/2026;20:00;23.1;5;SOLEIL VOILÉ;5;24.1;0
Wissembourg;49.03;7.94;27/08/2026;21:00;21.7;5;SOLEIL VOILÉ;5;21.2;0
Wissembourg;49.03;7.94;27/08/2026;22:00;20.3;5;SOLEIL VOILÉ;5;19.8;0
Wissembourg;49.03;7.94;27/08/2026;23:00;19.4;10;ORAGEUX;4;22.3;0
Wissembourg;49.03;7.94;28/08/2026;00:00;19.4;10;ORAGEUX;4;32.4;0
Wissembourg;49.03;7.94;28/08/2026;01:00;19.4;10;ORAGEUX;4;46.1;0
Wissembourg;49.03;7.94;28/08/2026;02:00;18.4;6;AVERSES;5;53.6;0
Wissembourg;49.03;7.94;28/08/2026;03:00;18.4;6;AVERSES;5;48.6;0
Wissembourg;49.03;7.94;28/08/2026;04:00;18.4;6;AVERSES;5;37.1;0
Wissembourg;49.03;7.94;28/08/2026;05:00;19.4;10;ORAGEUX;4;27.4;0
Wissembourg;49.03;7.94;28/08/2026;06:00;19.4;10;ORAGEUX;4;22.0;0
Wissembourg;49.03;7.94;28/08/2026;07:00;19.4;10;ORAGEUX;4;18.4;0
Wissembourg;49.03;7.94;28/08/2026;08:00;19.7;6;AVERSES;5;17.6;0
Wissembourg;49.03;7.94;28/08/2026;09:00;20.4;6;AVERSES;5;21.6;0
Wissembourg;49.03;7.94;28/08/2026;10:00;21.1;6;AVERSES;5;28.4;0
Wissembourg;49.03;7.94;28/08/2026;11:00;22.9;6;AVERSES;5;33.1;0
Wissembourg;49.03;7.94;28/08/2026;12:00;22.9;6;AVERSES;5;32.0;0
Wissembourg;49.03;7.94;28/08/2026;13:00;22.9;6;AVERSES;5;28.8;0
Wissembourg;49.03;7.94;28/08/2026;14:00;23.7;6;AVERSES;5;28.1;0
Wissembourg;49.03;7.94;28/08/2026;15:00;24.4;6;AVERSES;5;33.1;0
Wissembourg;49.03;7.94;28/08/2026;16:00;23.7;6;AVERSES;5;40.3;0
Wissembourg;49.03;7.94;28/08/2026;17:00;21.1;6;AVERSES;3;44.3;0
Wissembourg;49.03;7.94;28/08/2026;18:00;21.1;6;AVERSES;3;42.5;0
Wissembourg;49.03;7.94;28/08/2026;19:00;21.1;6;AVERSES;3;37.4;0
Wissembourg;49.03;7.94;28/08/2026;20:00;21.1;6;AVERSES;5;31.7;0
Wissembourg;49.03;7.94;28/08/2026;21:00;20.4;6;AVERSES;5;25.2;0
Wissembourg;49.03;7.94;28/08/2026;22:00;19.7;6;AVERSES;5;18.4;0
Wissembourg;49.03;7.94;28/08/2026;23:00;18.1;7;PLUIE FAIBLE;4;13.7;0
Wissembourg;49.03;7.94;29/08/2026;00:00;18.1;7;PLUIE FAIBLE;4;12.1;0
Wissembourg;49.03;7.94;29/08/2026;01:00;18.1;7;PLUIE FAIBLE;4;12.6;0
Wissembourg;49.03;7.94;29/08/2026;02:00;16;7;PLUIE FAIBLE;5;12.7;0
Wissembourg;49.03;7.94;29/08/2026;03:00;16;7;PLUIE FAIBLE;5;11.9;0
Wissembourg;49.03;7.94;29/08/2026;04:00;16;7;PLUIE FAIBLE;5;12.2;0
Wissembourg;49.03;7.94;29/08/2026;05:00;16.6;7;PLUIE FAIBLE;4;13.0;0
Wissembourg;49.03;7.94;29/08/2026;06:00;16.6;7;PLUIE FAIBLE;4;13.7;0
Wissembourg;49.03;7.94;29/08/2026;07:00;16.6;7;PLUIE FAIBLE;4;14.8;0
Wissembourg;49.03;7.94;29/08/2026;08:00;17.6;7;PLUIE FAIBLE;5;17.3;0
Wissembourg;49.03;7.94;29/08/2026;09:00;18.5;7;PLUIE FAIBLE;5;22.0;0
Wissembourg;49.03;7.94;29/08/2026;10:00;19.3;7;PLUIE FAIBLE;5;27.7;0
Wissembourg;49.03;7.94;29/08/2026;11:00;22.4;6;AVERSES;4;32.4;0
Wissembourg;49.03;7.94;29/08/2026;12:00;22.4;6;AVERSES;4;34.6;0
Wissembourg;49.03;7.94;29/08/2026;13:00;22.4;6;AVERSES;4;35.3;0
Wissembourg;49.03;7.94;29/08/2026;14:00;22.6;7;PLUIE FAIBLE;5;35.6;0
Wissembourg;49.03;7.94;29/08/2026;15:00;23.4;7;PLUIE FAIBLE;5;35.3;0
Wissembourg;49.03;7.94;29/08/2026;16:00;22.6;7;PLUIE FAIBLE;5;34.6;0
Wissembourg;49.03;7.94;29/08/2026;17:00;20.6;7;PLUIE FAIBLE;3;33.1;0
Wissembourg;49.03;7.94;29/08/2026;18:00;20.6;7;PLUIE FAIBLE;3;31.0;0
Wissembourg;49.03;7.94;29/08/2026;19:00;20.6;7;PLUIE FAIBLE;3;28.1;0
Wissembourg;49.03;7.94;29/08/2026;20:00;19.3;7;PLUIE FAIBLE;5;25.2;0
Wissembourg;49.03;7.94;29/08/2026;21:00;18.5;7;PLUIE FAIBLE;5;22.3;0
Wissembourg;49.03;7.94;29/08/2026;22:00;17.6;7;PLUIE FAIBLE;5;19.8;0
Wissembourg;49.03;7.94;29/08/2026;23:00;17.9;0;SOLEIL;3;18.4;0
Colmar;48.08;7.35;25/08/2026;00:00;15.5;5;SOLEIL VOILÉ;5;24.5;0
Colmar;48.08;7.35;25/08/2026;01:00;15;5;SOLEIL VOILÉ;5;27.0;0
Colmar;48.08;7.35;25/08/2026;02:00;15;2;NUAGEUX;5;28.4;0
Colmar;48.08;7.35;25/08/2026;03:00;14.6;2;NUAGEUX;5;27.4;0
Colmar;48.08;7.35;25/08/2026;04:00;13.9;2;NUAGEUX;4;27.7;0
Colmar;48.08;7.35;25/08/2026;05:00;14;2;NUAGEUX;4;26.3;0
Colmar;48.08;7.35;25/08/2026;06:00;13.4;2;NUAGEUX;3;22.7;0
Colmar;48.08;7.35;25/08/2026;07:00;15.1;6;AVERSES;3;27.7;0.2
Colmar;48.08;7.35;25/08/2026;08:00;15.6;6;AVERSES;2;25.2;0.4
Colmar;48.08;7.35;25/08/2026;09:00;15.9;6;AVERSES;2;23.0;0.6
Colmar;48.08;7.35;25/08/2026;10:00;15.6;6;AVERSES;2;22.0;0.3
Colmar;48.08;7.35;25/08/2026;11:00;17.4;6;AVERSES;2;15.1;0.2
Colmar;48.08;7.35;25/08/2026;12:00;18.7;6;AVERSES;1;15.1;0.1
Colmar;48.08;7.35;25/08/2026;13:00;19.5;2;NUAGEUX;2;14.0;0
Colmar;48.08;7.35;25/08/2026;14:00;21.5;2;NUAGEUX;2;14.8;0
Colmar;48.08;7.35;25/08/2026;15:00;23.6;2;NUAGEUX;2;14.8;0
Colmar;48.08;7.35;25/08/2026;16:00;24.1;2;NUAGEUX;2;19.4;0
Colmar;48.08;7.35;25/08/2026;17:00;23.1;0;SOLEIL;2;20.2;0
Colmar;48.08;7.35;25/08/2026;18:00;21.6;0;SOLEIL;2;18.0;0
Colmar;48.08;7.35;25/08/2026;19:00;20.1;0;SOLEIL;2;16.2;0
Colmar;48.08;7.35;25/08/2026;20:00;19.2;0;SOLEIL;2;12.2;0
Colmar;48.08;7.35;25/08/2026;21:00;18.6;0;SOLEIL;2;6.5;0
Colmar;48.08;7.35;25/08/2026;22:00;18.1;0;SOLEIL;2;3.6;0
Colmar;48.08;7.35;25/08/2026;23:00;17.5;5;SOLEIL VOILÉ;2;13.3;0
Colmar;48.08;7.35;26/08/2026;00:00;17.6;5;SOLEIL VOILÉ;2;3.2;0
Colmar;48.08;7.35;26/08/2026;01:00;17.6;5;SOLEIL VOILÉ;2;5.4;0
Colmar;48.08;7.35;26/08/2026;02:00;15.5;6;AVERSES;2;5.0;0
Colmar;48.08;7.35;26/08/2026;03:00;15.5;6;AVERSES;2;7.2;0
Colmar;48.08;7.35;26/08/2026;04:00;15.5;6;AVERSES;2;7.2;0
Colmar;48.08;7.35;26/08/2026;05:00;16.7;6;AVERSES;2;5.0;0
Colmar;48.08;7.35;26/08/2026;06:00;16.7;6;AVERSES;2;5.8;0
Colmar;48.08;7.35;26/08/2026;07:00;16.7;6;AVERSES;2;5.8;0
Colmar;48.08;7.35;26/08/2026;08:00;21.2;0;SOLEIL;3;6.1;0
Colmar;48.08;7.35;26/08/2026;09:00;21.2;0;SOLEIL;3;9.0;0
Colmar;48.08;7.35;26/08/2026;10:00;21.2;0;SOLEIL;3;10.8;0
Colmar;48.08;7.35;26/08/2026;11:00;26.6;0;SOLEIL;2;18.7;0
Colmar;48.08;7.35;26/08/2026;12:00;26.6;0;SOLEIL;2;24.5;0
Colmar;48.08;7.35;26/08/2026;13:00;26.6;0;SOLEIL;2;23.8;0
Colmar;48.08;7.35;26/08/2026;14:00;28.4;5;SOLEIL VOILÉ;2;19.8;0
Colmar;48.08;7.35;26/08/2026;15:00;28.4;5;SOLEIL VOILÉ;2;18.7;0
Colmar;48.08;7.35;26/08/2026;16:00;28.4;5;SOLEIL VOILÉ;2;16.6;0
Colmar;48.08;7.35;26/08/2026;17:00;23.7;0;SOLEIL;2;16.2;0
Colmar;48.08;7.35;26/08/2026;18:00;23.7;0;SOLEIL;2;10.1;0
Colmar;48.08;7.35;26/08/2026;19:00;23.7;0;SOLEIL;2;11.2;0
Colmar;48.08;7.35;26/08/2026;20:00;19.1;5;SOLEIL VOILÉ;3;12.2;0
Colmar;48.08;7.35;26/08/2026;21:00;19.1;5;SOLEIL VOILÉ;3;14.4;0
Colmar;48.08;7.35;26/08/2026;22:00;19.1;5;SOLEIL VOILÉ;3;17.3;0
Colmar;48.08;7.35;26/08/2026;23:00;18.1;5;SOLEIL VOILÉ;3;17.3;0
Colmar;48.08;7.35;27/08/2026;00:00;18.1;5;SOLEIL VOILÉ;3;19.8;0
Colmar;48.08;7.35;27/08/2026;01:00;18.1;5;SOLEIL VOILÉ;3;19.8;0
Colmar;48.08;7.35;27/08/2026;02:00;16.6;5;SOLEIL VOILÉ;3;16.2;0
Colmar;48.08;7.35;27/08/2026;03:00;16.6;5;SOLEIL VOILÉ;3;15.1;0
Colmar;48.08;7.35;27/08/2026;04:00;16.6;5;SOLEIL VOILÉ;3;12.6;0
Colmar;48.08;7.35;27/08/2026;05:00;18.2;5;SOLEIL VOILÉ;3;10.4;0
Colmar;48.08;7.35;27/08/2026;06:00;18.2;5;SOLEIL VOILÉ;3;10.1;0
Colmar;48.08;7.35;27/08/2026;07:00;18.2;5;SOLEIL VOILÉ;3;9.7;0
Colmar;48.08;7.35;27/08/2026;08:00;24;5;SOLEIL VOILÉ;2;7.6;0
Colmar;48.08;7.35;27/08/2026;09:00;24;5;SOLEIL VOILÉ;2;7.9;0
Colmar;48.08;7.35;27/08/2026;10:00;24;5;SOLEIL VOILÉ;2;8.6;0
Colmar;48.08;7.35;27/08/2026;11:00;29.6;5;SOLEIL VOILÉ;2;9.7;0
Colmar;48.08;7.35;27/08/2026;12:00;29.6;5;SOLEIL VOILÉ;2;10.8;0
Colmar;48.08;7.35;27/08/2026;13:00;29.6;5;SOLEIL VOILÉ;2;12.2;0
Colmar;48.08;7.35;27/08/2026;14:00;31.4;5;SOLEIL VOILÉ;3;15.5;0
Colmar;48.08;7.35;27/08/2026;15:00;31.4;5;SOLEIL VOILÉ;3;22.3;0
Colmar;48.08;7.35;27/08/2026;16:00;31.4;5;SOLEIL VOILÉ;3;30.6;0
Colmar;48.08;7.35;27/08/2026;17:00;26.5;5;SOLEIL VOILÉ;4;34.9;0
Colmar;48.08;7.35;27/08/2026;18:00;26.5;5;SOLEIL VOILÉ;4;32.0;0
Colmar;48.08;7.35;27/08/2026;19:00;26.5;5;SOLEIL VOILÉ;4;25.2;0
Colmar;48.08;7.35;27/08/2026;20:00;23.6;5;SOLEIL VOILÉ;5;20.2;0
Colmar;48.08;7.35;27/08/2026;21:00;21.8;5;SOLEIL VOILÉ;5;18.0;0
Colmar;48.08;7.35;27/08/2026;22:00;20.0;5;SOLEIL VOILÉ;5;17.6;0
Colmar;48.08;7.35;27/08/2026;23:00;19.2;10;ORAGEUX;3;18.7;0
Colmar;48.08;7.35;28/08/2026;00:00;19.2;10;ORAGEUX;3;23.0;0
Colmar;48.08;7.35;28/08/2026;01:00;19.2;10;ORAGEUX;3;28.8;0
Colmar;48.08;7.35;28/08/2026;02:00;18.2;7;PLUIE FAIBLE;5;32.0;0
Colmar;48.08;7.35;28/08/2026;03:00;18.2;7;PLUIE FAIBLE;5;29.9;0
Colmar;48.08;7.35;28/08/2026;04:00;18.2;7;PLUIE FAIBLE;5;25.2;0
Colmar;48.08;7.35;28/08/2026;05:00;19.4;10;ORAGEUX;5;21.6;0
Colmar;48.08;7.35;28/08/2026;06:00;19.4;10;ORAGEUX;5;20.9;0
Colmar;48.08;7.35;28/08/2026;07:00;19.4;10;ORAGEUX;5;21.6;0
Colmar;48.08;7.35;28/08/2026;08:00;19.5;7;PLUIE FAIBLE;5;23.0;0
Colmar;48.08;7.35;28/08/2026;09:00;20.2;7;PLUIE FAIBLE;5;24.8;0
Colmar;48.08;7.35;28/08/2026;10:00;20.9;7;PLUIE FAIBLE;5;26.6;0
Colmar;48.08;7.35;28/08/2026;11:00;22.7;6;AVERSES;6;29.2;0
Colmar;48.08;7.35;28/08/2026;12:00;22.7;6;AVERSES;6;31.7;0
Colmar;48.08;7.35;28/08/2026;13:00;22.7;6;AVERSES;6;34.9;0
Colmar;48.08;7.35;28/08/2026;14:00;23.5;7;PLUIE FAIBLE;5;37.1;0
Colmar;48.08;7.35;28/08/2026;15:00;24.2;7;PLUIE FAIBLE;5;38.9;0
Colmar;48.08;7.35;28/08/2026;16:00;23.5;7;PLUIE FAIBLE;5;40.0;0
Colmar;48.08;7.35;28/08/2026;17:00;20.4;7;PLUIE FAIBLE;4;40.0;0
Colmar;48.08;7.35;28/08/2026;18:00;20.4;7;PLUIE FAIBLE;4;38.9;0
Colmar;48.08;7.35;28/08/2026;19:00;20.4;7;PLUIE FAIBLE;4;37.1;0
Colmar;48.08;7.35;28/08/2026;20:00;20.9;7;PLUIE FAIBLE;5;33.5;0
Colmar;48.08;7.35;28/08/2026;21:00;20.2;7;PLUIE FAIBLE;5;26.6;0
Colmar;48.08;7.35;28/08/2026;22:00;19.5;7;PLUIE FAIBLE;5;18.4;0
Colmar;48.08;7.35;28/08/2026;23:00;16.7;7;PLUIE FAIBLE;4;12.6;0
Colmar;48.08;7.35;29/08/2026;00:00;16.7;7;PLUIE FAIBLE;4;11.7;0
Colmar;48.08;7.35;29/08/2026;01:00;16.7;7;PLUIE FAIBLE;4;13.1;0
Colmar;48.08;7.35;29/08/2026;02:00;15;6;AVERSES;5;14.2;0
Colmar;48.08;7.35;29/08/2026;03:00;15;6;AVERSES;5;14.0;0
Colmar;48.08;7.35;29/08/2026;04:00;15;6;AVERSES;5;14.0;0
Colmar;48.08;7.35;29/08/2026;05:00;15.6;7;PLUIE FAIBLE;4;14.0;0
Colmar;48.08;7.35;29/08/2026;06:00;15.6;7;PLUIE FAIBLE;4;13.7;0
Colmar;48.08;7.35;29/08/2026;07:00;15.6;7;PLUIE FAIBLE;4;13.3;0
Colmar;48.08;7.35;29/08/2026;08:00;16.6;6;AVERSES;5;14.8;0
Colmar;48.08;7.35;29/08/2026;09:00;17.4;6;AVERSES;5;19.8;0
Colmar;48.08;7.35;29/08/2026;10:00;18.2;6;AVERSES;5;26.3;0
Colmar;48.08;7.35;29/08/2026;11:00;21.5;6;AVERSES;6;32.0;0
Colmar;48.08;7.35;29/08/2026;12:00;21.5;6;AVERSES;6;35.6;0
Colmar;48.08;7.35;29/08/2026;13:00;21.5;6;AVERSES;6;38.2;0
Colmar;48.08;7.35;29/08/2026;14:00;21.4;6;AVERSES;5;39.2;0
Colmar;48.08;7.35;29/08/2026;15:00;22.2;6;AVERSES;5;39.2;0
Colmar;48.08;7.35;29/08/2026;16:00;21.4;6;AVERSES;5;38.2;0
Colmar;48.08;7.35;29/08/2026;17:00;19.6;6;AVERSES;3;36.0;0
Colmar;48.08;7.35;29/08/2026;18:00;19.6;6;AVERSES;3;33.1;0
Colmar;48.08;7.35;29/08/2026;19:00;19.6;6;AVERSES;3;29.5;0
Colmar;48.08;7.35;29/08/2026;20:00;18.2;6;AVERSES;5;25.6;0
Colmar;48.08;7.35;29/08/2026;21:00;17.4;6;AVERSES;5;21.2;0
Colmar;48.08;7.35;29/08/2026;22:00;16.6;6;AVERSES;5;17.3;0
Colmar;48.08;7.35;29/08/2026;23:00;16.2;0;SOLEIL;3;14.4;0
Mulhouse;47.75;7.33;25/08/2026;00:00;19.5;2;NUAGEUX;3;13.3;0
Mulhouse;47.75;7.33;25/08/2026;01:00;18.9;6;AVERSES;2;11.5;0.1
Mulhouse;47.75;7.33;25/08/2026;02:00;17.7;6;AVERSES;2;13.7;0.1
Mulhouse;47.75;7.33;25/08/2026;03:00;17;6;AVERSES;2;14.0;0.1
Mulhouse;47.75;7.33;25/08/2026;04:00;15.6;6;AVERSES;2;13.3;1.8
Mulhouse;47.75;7.33;25/08/2026;05:00;15.1;7;PLUIE FAIBLE;2;16.6;5.3
Mulhouse;47.75;7.33;25/08/2026;06:00;16.1;6;AVERSES;1;12.6;2
Mulhouse;47.75;7.33;25/08/2026;07:00;16.6;6;AVERSES;2;7.9;0.1
Mulhouse;47.75;7.33;25/08/2026;08:00;18.9;6;AVERSES;2;10.4;0.1
Mulhouse;47.75;7.33;25/08/2026;09:00;21.1;6;AVERSES;2;10.8;0.1
Mulhouse;47.75;7.33;25/08/2026;10:00;22.1;0;SOLEIL;2;7.2;0
Mulhouse;47.75;7.33;25/08/2026;11:00;23.2;0;SOLEIL;2;8.6;0
Mulhouse;47.75;7.33;25/08/2026;12:00;24.6;0;SOLEIL;3;14.0;0
Mulhouse;47.75;7.33;25/08/2026;13:00;26.1;0;SOLEIL;2;10.8;0
Mulhouse;47.75;7.33;25/08/2026;14:00;27.1;0;SOLEIL;4;13.3;0
Mulhouse;47.75;7.33;25/08/2026;15:00;27.1;0;SOLEIL;4;24.5;0
Mulhouse;47.75;7.33;25/08/2026;16:00;26.6;6;AVERSES;3;31.3;0.1
Mulhouse;47.75;7.33;25/08/2026;17:00;25.1;6;AVERSES;3;35.3;0.1
Mulhouse;47.75;7.33;25/08/2026;18:00;23.2;6;AVERSES;3;32.8;0.1
Mulhouse;47.75;7.33;25/08/2026;19:00;21.6;0;SOLEIL;2;31.0;0
Mulhouse;47.75;7.33;25/08/2026;20:00;20.6;0;SOLEIL;2;18.7;0
Mulhouse;47.75;7.33;25/08/2026;21:00;20;0;SOLEIL;2;11.2;0
Mulhouse;47.75;7.33;25/08/2026;22:00;19.5;0;SOLEIL;1;11.5;0
Mulhouse;47.75;7.33;25/08/2026;23:00;19;0;SOLEIL;1;13.7;0
Mulhouse;47.75;7.33;26/08/2026;00:00;18.4;5;SOLEIL VOILÉ;1;8.3;0
Mulhouse;47.75;7.33;26/08/2026;01:00;18.4;5;SOLEIL VOILÉ;1;8.6;0
Mulhouse;47.75;7.33;26/08/2026;02:00;17.6;6;AVERSES;0;11.9;0
Mulhouse;47.75;7.33;26/08/2026;03:00;17.6;6;AVERSES;0;14.6;0
Mulhouse;47.75;7.33;26/08/2026;04:00;17.6;6;AVERSES;0;9.2;0
Mulhouse;47.75;7.33;26/08/2026;05:00;18.6;0;SOLEIL;1;6.5;0
Mulhouse;47.75;7.33;26/08/2026;06:00;18.6;0;SOLEIL;1;5.0;0
Mulhouse;47.75;7.33;26/08/2026;07:00;18.6;0;SOLEIL;1;5.4;0
Mulhouse;47.75;7.33;26/08/2026;08:00;22.5;0;SOLEIL;1;6.1;0
Mulhouse;47.75;7.33;26/08/2026;09:00;22.5;0;SOLEIL;1;7.6;0
Mulhouse;47.75;7.33;26/08/2026;10:00;22.5;0;SOLEIL;1;10.8;0
Mulhouse;47.75;7.33;26/08/2026;11:00;26.1;5;SOLEIL VOILÉ;2;14.8;0
Mulhouse;47.75;7.33;26/08/2026;12:00;26.1;5;SOLEIL VOILÉ;2;17.3;0
Mulhouse;47.75;7.33;26/08/2026;13:00;26.1;5;SOLEIL VOILÉ;2;19.4;0
Mulhouse;47.75;7.33;26/08/2026;14:00;27.1;5;SOLEIL VOILÉ;2;19.8;0
Mulhouse;47.75;7.33;26/08/2026;15:00;27.1;5;SOLEIL VOILÉ;2;20.5;0
Mulhouse;47.75;7.33;26/08/2026;16:00;27.1;5;SOLEIL VOILÉ;2;20.5;0
Mulhouse;47.75;7.33;26/08/2026;17:00;25.6;5;SOLEIL VOILÉ;3;17.3;0
Mulhouse;47.75;7.33;26/08/2026;18:00;25.6;5;SOLEIL VOILÉ;3;15.8;0
Mulhouse;47.75;7.33;26/08/2026;19:00;25.6;5;SOLEIL VOILÉ;3;12.6;0
Mulhouse;47.75;7.33;26/08/2026;20:00;21.5;5;SOLEIL VOILÉ;1;12.2;0
Mulhouse;47.75;7.33;26/08/2026;21:00;21.5;5;SOLEIL VOILÉ;1;12.2;0
Mulhouse;47.75;7.33;26/08/2026;22:00;21.5;5;SOLEIL VOILÉ;1;11.5;0
Mulhouse;47.75;7.33;26/08/2026;23:00;19.7;5;SOLEIL VOILÉ;1;11.2;0
Mulhouse;47.75;7.33;27/08/2026;00:00;19.7;5;SOLEIL VOILÉ;1;9.7;0
Mulhouse;47.75;7.33;27/08/2026;01:00;19.7;5;SOLEIL VOILÉ;1;10.4;0
Mulhouse;47.75;7.33;27/08/2026;02:00;18.1;5;SOLEIL VOILÉ;1;6.5;0
Mulhouse;47.75;7.33;27/08/2026;03:00;18.1;5;SOLEIL VOILÉ;1;6.5;0
Mulhouse;47.75;7.33;27/08/2026;04:00;18.1;5;SOLEIL VOILÉ;1;5.8;0
Mulhouse;47.75;7.33;27/08/2026;05:00;18.7;5;SOLEIL VOILÉ;2;7.2;0
Mulhouse;47.75;7.33;27/08/2026;06:00;18.7;5;SOLEIL VOILÉ;2;7.2;0
Mulhouse;47.75;7.33;27/08/2026;07:00;18.7;5;SOLEIL VOILÉ;2;6.8;0
Mulhouse;47.75;7.33;27/08/2026;08:00;23.5;5;SOLEIL VOILÉ;2;13.7;0
Mulhouse;47.75;7.33;27/08/2026;09:00;23.5;5;SOLEIL VOILÉ;2;15.8;0
Mulhouse;47.75;7.33;27/08/2026;10:00;23.5;5;SOLEIL VOILÉ;2;18.0;0
Mulhouse;47.75;7.33;27/08/2026;11:00;27.1;5;SOLEIL VOILÉ;2;20.2;0
Mulhouse;47.75;7.33;27/08/2026;12:00;27.1;5;SOLEIL VOILÉ;2;23.0;0
Mulhouse;47.75;7.33;27/08/2026;13:00;27.1;5;SOLEIL VOILÉ;2;25.9;0
Mulhouse;47.75;7.33;27/08/2026;14:00;28.1;5;SOLEIL VOILÉ;1;28.1;0
Mulhouse;47.75;7.33;27/08/2026;15:00;28.1;5;SOLEIL VOILÉ;1;29.2;0
Mulhouse;47.75;7.33;27/08/2026;16:00;28.1;5;SOLEIL VOILÉ;1;29.5;0
Mulhouse;47.75;7.33;27/08/2026;17:00;25.7;5;SOLEIL VOILÉ;2;28.4;0
Mulhouse;47.75;7.33;27/08/2026;18:00;25.7;5;SOLEIL VOILÉ;2;24.1;0
Mulhouse;47.75;7.33;27/08/2026;19:00;25.7;5;SOLEIL VOILÉ;2;18.0;0
Mulhouse;47.75;7.33;27/08/2026;20:00;22.2;5;SOLEIL VOILÉ;5;15.5;0
Mulhouse;47.75;7.33;27/08/2026;21:00;20.9;5;SOLEIL VOILÉ;5;18.4;0
Mulhouse;47.75;7.33;27/08/2026;22:00;19.7;5;SOLEIL VOILÉ;5;24.8;0
Mulhouse;47.75;7.33;27/08/2026;23:00;21.4;10;ORAGEUX;2;31.7;0
Mulhouse;47.75;7.33;28/08/2026;00:00;21.4;10;ORAGEUX;2;40.3;0
Mulhouse;47.75;7.33;28/08/2026;01:00;21.4;10;ORAGEUX;2;50.0;0
Mulhouse;47.75;7.33;28/08/2026;02:00;17.7;6;AVERSES;5;53.6;0
Mulhouse;47.75;7.33;28/08/2026;03:00;17.7;6;AVERSES;5;46.4;0
Mulhouse;47.75;7.33;28/08/2026;04:00;17.7;6;AVERSES;5;33.8;0
Mulhouse;47.75;7.33;28/08/2026;05:00;18.6;10;ORAGEUX;2;24.8;0
Mulhouse;47.75;7.33;28/08/2026;06:00;18.6;10;ORAGEUX;2;23.8;0
Mulhouse;47.75;7.33;28/08/2026;07:00;18.6;10;ORAGEUX;2;26.3;0
Mulhouse;47.75;7.33;28/08/2026;08:00;19.3;6;AVERSES;5;29.2;0
Mulhouse;47.75;7.33;28/08/2026;09:00;20.1;6;AVERSES;5;31.7;0
Mulhouse;47.75;7.33;28/08/2026;10:00;20.9;6;AVERSES;5;34.2;0
Mulhouse;47.75;7.33;28/08/2026;11:00;23.2;6;AVERSES;4;36.0;0
Mulhouse;47.75;7.33;28/08/2026;12:00;23.2;6;AVERSES;4;36.4;0
Mulhouse;47.75;7.33;28/08/2026;13:00;23.2;6;AVERSES;4;36.0;0
Mulhouse;47.75;7.33;28/08/2026;14:00;24.1;6;AVERSES;5;36.0;0
Mulhouse;47.75;7.33;28/08/2026;15:00;24.9;6;AVERSES;5;37.4;0
Mulhouse;47.75;7.33;28/08/2026;16:00;24.1;6;AVERSES;5;39.2;0
Mulhouse;47.75;7.33;28/08/2026;17:00;20.7;6;AVERSES;2;39.2;0
Mulhouse;47.75;7.33;28/08/2026;18:00;20.7;6;AVERSES;2;36.7;0
Mulhouse;47.75;7.33;28/08/2026;19:00;20.7;6;AVERSES;2;32.4;0
Mulhouse;47.75;7.33;28/08/2026;20:00;20.9;6;AVERSES;5;27.7;0
Mulhouse;47.75;7.33;28/08/2026;21:00;20.1;6;AVERSES;5;22.0;0
Mulhouse;47.75;7.33;28/08/2026;22:00;19.3;6;AVERSES;5;15.1;0
Mulhouse;47.75;7.33;28/08/2026;23:00;16.9;7;PLUIE FAIBLE;3;10.8;0
Mulhouse;47.75;7.33;29/08/2026;00:00;16.9;7;PLUIE FAIBLE;3;10.0;0
Mulhouse;47.75;7.33;29/08/2026;01:00;16.9;7;PLUIE FAIBLE;3;11.0;0
Mulhouse;47.75;7.33;29/08/2026;02:00;15.2;7;PLUIE FAIBLE;5;11.5;0
Mulhouse;47.75;7.33;29/08/2026;03:00;15.2;7;PLUIE FAIBLE;5;11.2;0
Mulhouse;47.75;7.33;29/08/2026;04:00;15.2;7;PLUIE FAIBLE;5;11.5;0
Mulhouse;47.75;7.33;29/08/2026;05:00;16.4;7;PLUIE FAIBLE;3;11.5;0
Mulhouse;47.75;7.33;29/08/2026;06:00;16.4;7;PLUIE FAIBLE;3;10.4;0
Mulhouse;47.75;7.33;29/08/2026;07:00;16.4;7;PLUIE FAIBLE;3;9.4;0
Mulhouse;47.75;7.33;29/08/2026;08:00;17.0;7;PLUIE FAIBLE;5;10.1;0
Mulhouse;47.75;7.33;29/08/2026;09:00;17.9;7;PLUIE FAIBLE;5;13.7;0
Mulhouse;47.75;7.33;29/08/2026;10:00;18.8;7;PLUIE FAIBLE;5;19.4;0
Mulhouse;47.75;7.33;29/08/2026;11:00;22.6;7;PLUIE FAIBLE;4;24.8;0
Mulhouse;47.75;7.33;29/08/2026;12:00;22.6;7;PLUIE FAIBLE;4;30.2;0
Mulhouse;47.75;7.33;29/08/2026;13:00;22.6;7;PLUIE FAIBLE;4;35.6;0
Mulhouse;47.75;7.33;29/08/2026;14:00;22.5;7;PLUIE FAIBLE;5;39.6;0
Mulhouse;47.75;7.33;29/08/2026;15:00;23.4;7;PLUIE FAIBLE;5;41.0;0
Mulhouse;47.75;7.33;29/08/2026;16:00;22.5;7;PLUIE FAIBLE;5;41.0;0
Mulhouse;47.75;7.33;29/08/2026;17:00;20.6;7;PLUIE FAIBLE;2;39.2;0
Mulhouse;47.75;7.33;29/08/2026;18:00;20.6;7;PLUIE FAIBLE;2;35.6;0
Mulhouse;47.75;7.33;29/08/2026;19:00;20.6;7;PLUIE FAIBLE;2;31.0;0
Mulhouse;47.75;7.33;29/08/2026;20:00;18.8;7;PLUIE FAIBLE;5;25.9;0
Mulhouse;47.75;7.33;29/08/2026;21:00;17.9;7;PLUIE FAIBLE;5;20.2;0
Mulhouse;47.75;7.33;29/08/2026;22:00;17.0;7;PLUIE FAIBLE;5;14.0;0
Mulhouse;47.75;7.33;29/08/2026;23:00;16.5;0;SOLEIL;1;11.5;0
Épinal;48.17;6.45;25/08/2026;00:00;17.7;2;NUAGEUX;2;12.6;0
Épinal;48.17;6.45;25/08/2026;01:00;17.1;6;AVERSES;2;14.0;0.1
Épinal;48.17;6.45;25/08/2026;02:00;17;6;AVERSES;2;6.5;0.1
Épinal;48.17;6.45;25/08/2026;03:00;16.4;6;AVERSES;2;9.4;0.4
Épinal;48.17;6.45;25/08/2026;04:00;15.6;7;PLUIE FAIBLE;2;17.6;4.3
Épinal;48.17;6.45;25/08/2026;05:00;15.7;7;PLUIE FAIBLE;2;16.6;3.6
Épinal;48.17;6.45;25/08/2026;06:00;16.4;6;AVERSES;2;9.4;0.1
Épinal;48.17;6.45;25/08/2026;07:00;17;6;AVERSES;2;5.4;0.1
Épinal;48.17;6.45;25/08/2026;08:00;19;6;AVERSES;2;7.9;0.1
Épinal;48.17;6.45;25/08/2026;09:00;21;6;AVERSES;3;9.0;0.1
Épinal;48.17;6.45;25/08/2026;10:00;23.1;0;SOLEIL;3;13.7;0
Épinal;48.17;6.45;25/08/2026;11:00;24.6;0;SOLEIL;4;14.8;0
Épinal;48.17;6.45;25/08/2026;12:00;26.5;0;SOLEIL;4;31.3;0
Épinal;48.17;6.45;25/08/2026;13:00;27.9;0;SOLEIL;4;34.2;0
Épinal;48.17;6.45;25/08/2026;14:00;28.4;0;SOLEIL;4;33.8;0
Épinal;48.17;6.45;25/08/2026;15:00;28.1;0;SOLEIL;4;35.6;0
Épinal;48.17;6.45;25/08/2026;16:00;27.6;0;SOLEIL;4;37.1;0
Épinal;48.17;6.45;25/08/2026;17:00;26.9;0;SOLEIL;4;39.2;0
Épinal;48.17;6.45;25/08/2026;18:00;25.1;0;SOLEIL;3;35.3;0
Épinal;48.17;6.45;25/08/2026;19:00;23;0;SOLEIL;2;45.7;0
Épinal;48.17;6.45;25/08/2026;20:00;21.1;0;SOLEIL;2;18.4;0
Épinal;48.17;6.45;25/08/2026;21:00;19.6;0;SOLEIL;2;14.8;0
Épinal;48.17;6.45;25/08/2026;22:00;18.7;0;SOLEIL;2;7.6;0
Épinal;48.17;6.45;25/08/2026;23:00;18.4;2;NUAGEUX;2;9.0;0
Épinal;48.17;6.45;26/08/2026;00:00;18.2;2;NUAGEUX;2;16.9;0
Épinal;48.17;6.45;26/08/2026;01:00;18.2;2;NUAGEUX;2;18.7;0
Épinal;48.17;6.45;26/08/2026;02:00;17.6;0;SOLEIL;2;19.4;0
Épinal;48.17;6.45;26/08/2026;03:00;17.6;0;SOLEIL;2;18.4;0
Épinal;48.17;6.45;26/08/2026;04:00;17.6;0;SOLEIL;2;15.8;0
Épinal;48.17;6.45;26/08/2026;05:00;18.7;0;SOLEIL;3;19.0;0
Épinal;48.17;6.45;26/08/2026;06:00;18.7;0;SOLEIL;3;20.5;0
Épinal;48.17;6.45;26/08/2026;07:00;18.7;0;SOLEIL;3;20.2;0
Épinal;48.17;6.45;26/08/2026;08:00;22.7;0;SOLEIL;2;19.8;0
Épinal;48.17;6.45;26/08/2026;09:00;22.7;0;SOLEIL;2;24.5;0
Épinal;48.17;6.45;26/08/2026;10:00;22.7;0;SOLEIL;2;28.4;0
Épinal;48.17;6.45;26/08/2026;11:00;26.7;5;SOLEIL VOILÉ;1;29.2;0
Épinal;48.17;6.45;26/08/2026;12:00;26.7;5;SOLEIL VOILÉ;1;29.9;0
Épinal;48.17;6.45;26/08/2026;13:00;26.7;5;SOLEIL VOILÉ;1;27.0;0
Épinal;48.17;6.45;26/08/2026;14:00;28.2;5;SOLEIL VOILÉ;1;20.9;0
Épinal;48.17;6.45;26/08/2026;15:00;28.2;5;SOLEIL VOILÉ;1;19.4;0
Épinal;48.17;6.45;26/08/2026;16:00;28.2;5;SOLEIL VOILÉ;1;10.8;0
Épinal;48.17;6.45;26/08/2026;17:00;26.1;5;SOLEIL VOILÉ;2;10.8;0
Épinal;48.17;6.45;26/08/2026;18:00;26.1;5;SOLEIL VOILÉ;2;12.6;0
Épinal;48.17;6.45;26/08/2026;19:00;26.1;5;SOLEIL VOILÉ;2;15.1;0
Épinal;48.17;6.45;26/08/2026;20:00;20.9;5;SOLEIL VOILÉ;2;14.8;0
Épinal;48.17;6.45;26/08/2026;21:00;20.9;5;SOLEIL VOILÉ;2;9.7;0
Épinal;48.17;6.45;26/08/2026;22:00;20.9;5;SOLEIL VOILÉ;2;11.9;0
Épinal;48.17;6.45;26/08/2026;23:00;19;5;SOLEIL VOILÉ;1;11.2;0
Épinal;48.17;6.45;27/08/2026;00:00;19;5;SOLEIL VOILÉ;1;10.1;0
Épinal;48.17;6.45;27/08/2026;01:00;19;5;SOLEIL VOILÉ;1;6.1;0
Épinal;48.17;6.45;27/08/2026;02:00;17.1;5;SOLEIL VOILÉ;1;6.5;0
Épinal;48.17;6.45;27/08/2026;03:00;17.1;5;SOLEIL VOILÉ;1;7.6;0
Épinal;48.17;6.45;27/08/2026;04:00;17.1;5;SOLEIL VOILÉ;1;5.0;0
Épinal;48.17;6.45;27/08/2026;05:00;19;5;SOLEIL VOILÉ;2;5.4;0
Épinal;48.17;6.45;27/08/2026;06:00;19;5;SOLEIL VOILÉ;2;7.6;0
Épinal;48.17;6.45;27/08/2026;07:00;19;5;SOLEIL VOILÉ;2;9.4;0
Épinal;48.17;6.45;27/08/2026;08:00;24.1;5;SOLEIL VOILÉ;1;18.7;0
Épinal;48.17;6.45;27/08/2026;09:00;24.1;5;SOLEIL VOILÉ;1;17.3;0
Épinal;48.17;6.45;27/08/2026;10:00;24.1;5;SOLEIL VOILÉ;1;13.7;0
Épinal;48.17;6.45;27/08/2026;11:00;27.1;5;SOLEIL VOILÉ;2;13.0;0
Épinal;48.17;6.45;27/08/2026;12:00;27.1;5;SOLEIL VOILÉ;2;18.4;0
Épinal;48.17;6.45;27/08/2026;13:00;27.1;5;SOLEIL VOILÉ;2;26.3;0
Épinal;48.17;6.45;27/08/2026;14:00;28.1;5;SOLEIL VOILÉ;3;31.0;0
Épinal;48.17;6.45;27/08/2026;15:00;28.1;5;SOLEIL VOILÉ;3;29.5;0
Épinal;48.17;6.45;27/08/2026;16:00;28.1;5;SOLEIL VOILÉ;3;25.2;0
Épinal;48.17;6.45;27/08/2026;17:00;27.1;5;SOLEIL VOILÉ;2;21.2;0
Épinal;48.17;6.45;27/08/2026;18:00;27.1;5;SOLEIL VOILÉ;2;18.0;0
Épinal;48.17;6.45;27/08/2026;19:00;27.1;5;SOLEIL VOILÉ;2;15.5;0
Épinal;48.17;6.45;27/08/2026;20:00;22.2;5;SOLEIL VOILÉ;5;15.1;0
Épinal;48.17;6.45;27/08/2026;21:00;20.8;5;SOLEIL VOILÉ;5;19.1;0
Épinal;48.17;6.45;27/08/2026;22:00;19.4;5;SOLEIL VOILÉ;5;25.6;0
Épinal;48.17;6.45;27/08/2026;23:00;18.7;10;ORAGEUX;3;31.3;0
Épinal;48.17;6.45;28/08/2026;00:00;18.7;10;ORAGEUX;3;36.0;0
Épinal;48.17;6.45;28/08/2026;01:00;18.7;10;ORAGEUX;3;40.0;0
Épinal;48.17;6.45;28/08/2026;02:00;17.5;6;AVERSES;5;41.8;0
Épinal;48.17;6.45;28/08/2026;03:00;17.5;6;AVERSES;5;40.3;0
Épinal;48.17;6.45;28/08/2026;04:00;17.5;6;AVERSES;5;36.7;0
Épinal;48.17;6.45;28/08/2026;05:00;18.2;10;ORAGEUX;4;33.5;0
Épinal;48.17;6.45;28/08/2026;06:00;18.2;10;ORAGEUX;4;31.0;0
Épinal;48.17;6.45;28/08/2026;07:00;18.2;10;ORAGEUX;4;28.4;0
Épinal;48.17;6.45;28/08/2026;08:00;19.1;6;AVERSES;5;27.4;0
Épinal;48.17;6.45;28/08/2026;09:00;19.9;6;AVERSES;5;28.4;0
Épinal;48.17;6.45;28/08/2026;10:00;20.7;6;AVERSES;5;31.0;0
Épinal;48.17;6.45;28/08/2026;11:00;23.4;6;AVERSES;5;33.1;0
Épinal;48.17;6.45;28/08/2026;12:00;23.4;6;AVERSES;5;34.9;0
Épinal;48.17;6.45;28/08/2026;13:00;23.4;6;AVERSES;5;36.7;0
Épinal;48.17;6.45;28/08/2026;14:00;23.9;6;AVERSES;5;38.2;0
Épinal;48.17;6.45;28/08/2026;15:00;24.7;6;AVERSES;5;38.9;0
Épinal;48.17;6.45;28/08/2026;16:00;23.9;6;AVERSES;5;38.9;0
Épinal;48.17;6.45;28/08/2026;17:00;20.6;6;AVERSES;4;38.5;0
Épinal;48.17;6.45;28/08/2026;18:00;20.6;6;AVERSES;4;38.5;0
Épinal;48.17;6.45;28/08/2026;19:00;20.6;6;AVERSES;4;38.5;0
Épinal;48.17;6.45;28/08/2026;20:00;20.7;6;AVERSES;5;36.4;0
Épinal;48.17;6.45;28/08/2026;21:00;19.9;6;AVERSES;5;30.2;0
Épinal;48.17;6.45;28/08/2026;22:00;19.1;6;AVERSES;5;22.3;0
Épinal;48.17;6.45;28/08/2026;23:00;16.9;7;PLUIE FAIBLE;4;16.6;0
Épinal;48.17;6.45;29/08/2026;00:00;16.9;7;PLUIE FAIBLE;4;14.0;0
Épinal;48.17;6.45;29/08/2026;01:00;16.9;7;PLUIE FAIBLE;4;13.9;0
Épinal;48.17;6.45;29/08/2026;02:00;15.5;7;PLUIE FAIBLE;5;13.4;0
Épinal;48.17;6.45;29/08/2026;03:00;15.5;7;PLUIE FAIBLE;5;11.9;0
Épinal;48.17;6.45;29/08/2026;04:00;15.5;7;PLUIE FAIBLE;5;11.5;0
Épinal;48.17;6.45;29/08/2026;05:00;16.5;7;PLUIE FAIBLE;4;11.2;0
Épinal;48.17;6.45;29/08/2026;06:00;16.5;7;PLUIE FAIBLE;4;10.4;0
Épinal;48.17;6.45;29/08/2026;07:00;16.5;7;PLUIE FAIBLE;4;9.7;0
Épinal;48.17;6.45;29/08/2026;08:00;17.3;7;PLUIE FAIBLE;5;10.8;0
Épinal;48.17;6.45;29/08/2026;09:00;18.2;7;PLUIE FAIBLE;5;15.5;0
Épinal;48.17;6.45;29/08/2026;10:00;19.1;7;PLUIE FAIBLE;5;22.0;0
Épinal;48.17;6.45;29/08/2026;11:00;22.6;7;PLUIE FAIBLE;5;27.4;0
Épinal;48.17;6.45;29/08/2026;12:00;22.6;7;PLUIE FAIBLE;5;31.0;0
Épinal;48.17;6.45;29/08/2026;13:00;22.6;7;PLUIE FAIBLE;5;33.8;0
Épinal;48.17;6.45;29/08/2026;14:00;22.6;7;PLUIE FAIBLE;5;36.0;0
Épinal;48.17;6.45;29/08/2026;15:00;23.5;7;PLUIE FAIBLE;5;38.2;0
Épinal;48.17;6.45;29/08/2026;16:00;22.6;7;PLUIE FAIBLE;5;39.2;0
Épinal;48.17;6.45;29/08/2026;17:00;20.7;7;PLUIE FAIBLE;3;38.9;0
Épinal;48.17;6.45;29/08/2026;18:00;20.7;7;PLUIE FAIBLE;3;35.6;0
Épinal;48.17;6.45;29/08/2026;19:00;20.7;7;PLUIE FAIBLE;3;30.2;0
Épinal;48.17;6.45;29/08/2026;20:00;19.1;7;PLUIE FAIBLE;5;25.2;0
Épinal;48.17;6.45;29/08/2026;21:00;18.2;7;PLUIE FAIBLE;5;20.5;0
Épinal;48.17;6.45;29/08/2026;22:00;17.3;7;PLUIE FAIBLE;5;16.6;0
Épinal;48.17;6.45;29/08/2026;23:00;15.6;0;SOLEIL;2;13.7;0
Neufchâteau;48.35;5.69;25/08/2026;00:00;17.1;2;NUAGEUX;3;25.2;0
Neufchâteau;48.35;5.69;25/08/2026;01:00;17;6;AVERSES;0;15.8;0.1
Neufchâteau;48.35;5.69;25/08/2026;02:00;17.1;6;AVERSES;0;14.4;1.2
Neufchâteau;48.35;5.69;25/08/2026;03:00;17.2;7;PLUIE FAIBLE;3;12.6;3.3
Neufchâteau;48.35;5.69;25/08/2026;04:00;17;7;PLUIE FAIBLE;3;7.6;5.3
Neufchâteau;48.35;5.69;25/08/2026;05:00;15.9;7;PLUIE FAIBLE;2;7.6;3.2
Neufchâteau;48.35;5.69;25/08/2026;06:00;17.1;7;PLUIE FAIBLE;3;15.5;2.7
Neufchâteau;48.35;5.69;25/08/2026;07:00;18.9;6;AVERSES;3;22.3;0.5
Neufchâteau;48.35;5.69;25/08/2026;08:00;20.5;6;AVERSES;4;24.8;0.4
Neufchâteau;48.35;5.69;25/08/2026;09:00;21.7;6;AVERSES;4;26.6;0.1
Neufchâteau;48.35;5.69;25/08/2026;10:00;22.9;2;NUAGEUX;4;32.4;0
Neufchâteau;48.35;5.69;25/08/2026;11:00;23.4;2;NUAGEUX;4;36.4;0
Neufchâteau;48.35;5.69;25/08/2026;12:00;24.9;2;NUAGEUX;4;36.0;0
Neufchâteau;48.35;5.69;25/08/2026;13:00;25.6;2;NUAGEUX;3;35.3;0
Neufchâteau;48.35;5.69;25/08/2026;14:00;25.9;2;NUAGEUX;4;38.9;0
Neufchâteau;48.35;5.69;25/08/2026;15:00;25.6;0;SOLEIL;3;38.2;0
Neufchâteau;48.35;5.69;25/08/2026;16:00;24.9;6;AVERSES;3;36.4;0.1
Neufchâteau;48.35;5.69;25/08/2026;17:00;24.1;6;AVERSES;3;27.0;0.1
Neufchâteau;48.35;5.69;25/08/2026;18:00;23.4;6;AVERSES;2;31.0;0.1
Neufchâteau;48.35;5.69;25/08/2026;19:00;21.6;2;NUAGEUX;2;28.8;0
Neufchâteau;48.35;5.69;25/08/2026;20:00;20.2;0;SOLEIL;2;17.3;0
Neufchâteau;48.35;5.69;25/08/2026;21:00;18.7;0;SOLEIL;2;7.9;0
Neufchâteau;48.35;5.69;25/08/2026;22:00;17.9;5;SOLEIL VOILÉ;1;10.8;0
Neufchâteau;48.35;5.69;25/08/2026;23:00;17.6;5;SOLEIL VOILÉ;2;12.6;0
Neufchâteau;48.35;5.69;26/08/2026;00:00;18.1;5;SOLEIL VOILÉ;2;12.2;0
Neufchâteau;48.35;5.69;26/08/2026;01:00;18.1;5;SOLEIL VOILÉ;2;12.6;0
Neufchâteau;48.35;5.69;26/08/2026;02:00;17.1;6;AVERSES;3;12.6;0
Neufchâteau;48.35;5.69;26/08/2026;03:00;17.1;6;AVERSES;3;15.8;0
Neufchâteau;48.35;5.69;26/08/2026;04:00;17.1;6;AVERSES;3;19.4;0
Neufchâteau;48.35;5.69;26/08/2026;05:00;17.6;0;SOLEIL;3;24.1;0
Neufchâteau;48.35;5.69;26/08/2026;06:00;17.6;0;SOLEIL;3;22.7;0
Neufchâteau;48.35;5.69;26/08/2026;07:00;17.6;0;SOLEIL;3;20.5;0
Neufchâteau;48.35;5.69;26/08/2026;08:00;21.9;0;SOLEIL;3;21.6;0
Neufchâteau;48.35;5.69;26/08/2026;09:00;21.9;0;SOLEIL;3;24.5;0
Neufchâteau;48.35;5.69;26/08/2026;10:00;21.9;0;SOLEIL;3;25.6;0
Neufchâteau;48.35;5.69;26/08/2026;11:00;25.1;5;SOLEIL VOILÉ;2;26.6;0
Neufchâteau;48.35;5.69;26/08/2026;12:00;25.1;5;SOLEIL VOILÉ;2;23.8;0
Neufchâteau;48.35;5.69;26/08/2026;13:00;25.1;5;SOLEIL VOILÉ;2;24.5;0
Neufchâteau;48.35;5.69;26/08/2026;14:00;28.1;5;SOLEIL VOILÉ;1;24.5;0
Neufchâteau;48.35;5.69;26/08/2026;15:00;28.1;5;SOLEIL VOILÉ;1;25.2;0
Neufchâteau;48.35;5.69;26/08/2026;16:00;28.1;5;SOLEIL VOILÉ;1;20.9;0
Neufchâteau;48.35;5.69;26/08/2026;17:00;25.4;5;SOLEIL VOILÉ;2;15.5;0
Neufchâteau;48.35;5.69;26/08/2026;18:00;25.4;5;SOLEIL VOILÉ;2;14.0;0
Neufchâteau;48.35;5.69;26/08/2026;19:00;25.4;5;SOLEIL VOILÉ;2;12.6;0
Neufchâteau;48.35;5.69;26/08/2026;20:00;19.4;5;SOLEIL VOILÉ;2;12.2;0
Neufchâteau;48.35;5.69;26/08/2026;21:00;19.4;5;SOLEIL VOILÉ;2;7.9;0
Neufchâteau;48.35;5.69;26/08/2026;22:00;19.4;5;SOLEIL VOILÉ;2;8.3;0
Neufchâteau;48.35;5.69;26/08/2026;23:00;18.2;5;SOLEIL VOILÉ;3;7.9;0
Neufchâteau;48.35;5.69;27/08/2026;00:00;18.2;5;SOLEIL VOILÉ;3;7.9;0
Neufchâteau;48.35;5.69;27/08/2026;01:00;18.2;5;SOLEIL VOILÉ;3;9.4;0
Neufchâteau;48.35;5.69;27/08/2026;02:00;17.1;5;SOLEIL VOILÉ;4;8.6;0
Neufchâteau;48.35;5.69;27/08/2026;03:00;17.1;5;SOLEIL VOILÉ;4;8.3;0
Neufchâteau;48.35;5.69;27/08/2026;04:00;17.1;5;SOLEIL VOILÉ;4;8.3;0
Neufchâteau;48.35;5.69;27/08/2026;05:00;19.5;5;SOLEIL VOILÉ;4;9.4;0
Neufchâteau;48.35;5.69;27/08/2026;06:00;19.5;5;SOLEIL VOILÉ;4;9.0;0
Neufchâteau;48.35;5.69;27/08/2026;07:00;19.5;5;SOLEIL VOILÉ;4;9.7;0
Neufchâteau;48.35;5.69;27/08/2026;08:00;24.7;5;SOLEIL VOILÉ;4;10.1;0
Neufchâteau;48.35;5.69;27/08/2026;09:00;24.7;5;SOLEIL VOILÉ;4;14.0;0
Neufchâteau;48.35;5.69;27/08/2026;10:00;24.7;5;SOLEIL VOILÉ;4;19.4;0
Neufchâteau;48.35;5.69;27/08/2026;11:00;28;5;SOLEIL VOILÉ;4;26.3;0
Neufchâteau;48.35;5.69;27/08/2026;12:00;28;5;SOLEIL VOILÉ;4;36.7;0
Neufchâteau;48.35;5.69;27/08/2026;13:00;28;5;SOLEIL VOILÉ;4;48.6;0
Neufchâteau;48.35;5.69;27/08/2026;14:00;29.6;5;SOLEIL VOILÉ;4;55.1;0
Neufchâteau;48.35;5.69;27/08/2026;15:00;29.6;5;SOLEIL VOILÉ;4;51.8;0
Neufchâteau;48.35;5.69;27/08/2026;16:00;29.6;5;SOLEIL VOILÉ;4;43.2;0
Neufchâteau;48.35;5.69;27/08/2026;17:00;28.9;10;ORAGEUX;2;37.4;0
Neufchâteau;48.35;5.69;27/08/2026;18:00;28.9;10;ORAGEUX;2;38.2;0
Neufchâteau;48.35;5.69;27/08/2026;19:00;28.9;10;ORAGEUX;2;41.8;0
Neufchâteau;48.35;5.69;27/08/2026;20:00;22.7;10;ORAGEUX;5;43.9;0
Neufchâteau;48.35;5.69;27/08/2026;21:00;21.2;10;ORAGEUX;5;43.2;0
Neufchâteau;48.35;5.69;27/08/2026;22:00;19.7;10;ORAGEUX;5;41.4;0
Neufchâteau;48.35;5.69;27/08/2026;23:00;16.7;10;ORAGEUX;5;39.6;0
Neufchâteau;48.35;5.69;28/08/2026;00:00;16.7;10;ORAGEUX;5;38.2;0
Neufchâteau;48.35;5.69;28/08/2026;01:00;16.7;10;ORAGEUX;5;36.7;0
Neufchâteau;48.35;5.69;28/08/2026;02:00;16.1;6;AVERSES;5;34.6;0
Neufchâteau;48.35;5.69;28/08/2026;03:00;16.1;6;AVERSES;5;31.0;0
Neufchâteau;48.35;5.69;28/08/2026;04:00;16.1;6;AVERSES;5;27.0;0
Neufchâteau;48.35;5.69;28/08/2026;05:00;17.2;7;PLUIE FAIBLE;6;24.1;0
Neufchâteau;48.35;5.69;28/08/2026;06:00;17.2;7;PLUIE FAIBLE;6;23.8;0
Neufchâteau;48.35;5.69;28/08/2026;07:00;17.2;7;PLUIE FAIBLE;6;24.5;0
Neufchâteau;48.35;5.69;28/08/2026;08:00;17.5;6;AVERSES;5;26.3;0
Neufchâteau;48.35;5.69;28/08/2026;09:00;18.3;6;AVERSES;5;28.8;0
Neufchâteau;48.35;5.69;28/08/2026;10:00;19.0;6;AVERSES;5;32.4;0
Neufchâteau;48.35;5.69;28/08/2026;11:00;20.7;6;AVERSES;6;35.6;0
Neufchâteau;48.35;5.69;28/08/2026;12:00;20.7;6;AVERSES;6;38.2;0
Neufchâteau;48.35;5.69;28/08/2026;13:00;20.7;6;AVERSES;6;40.3;0
Neufchâteau;48.35;5.69;28/08/2026;14:00;21.9;6;AVERSES;5;42.1;0
Neufchâteau;48.35;5.69;28/08/2026;15:00;22.6;6;AVERSES;5;43.9;0
Neufchâteau;48.35;5.69;28/08/2026;16:00;21.9;6;AVERSES;5;45.7;0
Neufchâteau;48.35;5.69;28/08/2026;17:00;19.1;6;AVERSES;4;45.7;0
Neufchâteau;48.35;5.69;28/08/2026;18:00;19.1;6;AVERSES;4;43.6;0
Neufchâteau;48.35;5.69;28/08/2026;19:00;19.1;6;AVERSES;4;39.6;0
Neufchâteau;48.35;5.69;28/08/2026;20:00;19.0;6;AVERSES;5;34.9;0
Neufchâteau;48.35;5.69;28/08/2026;21:00;18.3;6;AVERSES;5;28.8;0
Neufchâteau;48.35;5.69;28/08/2026;22:00;17.5;6;AVERSES;5;22.3;0
Neufchâteau;48.35;5.69;28/08/2026;23:00;15.5;7;PLUIE FAIBLE;5;17.3;0
Neufchâteau;48.35;5.69;29/08/2026;00:00;15.5;7;PLUIE FAIBLE;5;15.3;0
Neufchâteau;48.35;5.69;29/08/2026;01:00;15.5;7;PLUIE FAIBLE;5;15.1;0
Neufchâteau;48.35;5.69;29/08/2026;02:00;14.1;6;AVERSES;5;15.0;0
Neufchâteau;48.35;5.69;29/08/2026;03:00;14.1;6;AVERSES;5;14.8;0
Neufchâteau;48.35;5.69;29/08/2026;04:00;14.1;6;AVERSES;5;14.8;0
Neufchâteau;48.35;5.69;29/08/2026;05:00;15.1;6;AVERSES;5;15.5;0
Neufchâteau;48.35;5.69;29/08/2026;06:00;15.1;6;AVERSES;5;15.8;0
Neufchâteau;48.35;5.69;29/08/2026;07:00;15.1;6;AVERSES;5;16.6;0
Neufchâteau;48.35;5.69;29/08/2026;08:00;15.5;6;AVERSES;5;19.1;0
Neufchâteau;48.35;5.69;29/08/2026;09:00;16.3;6;AVERSES;5;24.8;0
Neufchâteau;48.35;5.69;29/08/2026;10:00;17.0;6;AVERSES;5;32.4;0
Neufchâteau;48.35;5.69;29/08/2026;11:00;19.7;6;AVERSES;5;38.5;0
Neufchâteau;48.35;5.69;29/08/2026;12:00;19.7;6;AVERSES;5;42.5;0
Neufchâteau;48.35;5.69;29/08/2026;13:00;19.7;6;AVERSES;5;45.4;0
Neufchâteau;48.35;5.69;29/08/2026;14:00;19.9;6;AVERSES;5;46.8;0
Neufchâteau;48.35;5.69;29/08/2026;15:00;20.6;6;AVERSES;5;46.8;0
Neufchâteau;48.35;5.69;29/08/2026;16:00;19.9;6;AVERSES;5;45.4;0
Neufchâteau;48.35;5.69;29/08/2026;17:00;18.4;6;AVERSES;3;42.8;0
Neufchâteau;48.35;5.69;29/08/2026;18:00;18.4;6;AVERSES;3;38.9;0
Neufchâteau;48.35;5.69;29/08/2026;19:00;18.4;6;AVERSES;3;34.2;0
Neufchâteau;48.35;5.69;29/08/2026;20:00;17.0;6;AVERSES;5;30.6;0
Neufchâteau;48.35;5.69;29/08/2026;21:00;16.3;6;AVERSES;5;28.1;0
Neufchâteau;48.35;5.69;29/08/2026;22:00;15.5;6;AVERSES;5;26.6;0
Neufchâteau;48.35;5.69;29/08/2026;23:00;15.1;0;SOLEIL;4;27.0;0
Saint-Dié-des-Vosges;48.29;6.95;25/08/2026;00:00;17.1;6;AVERSES;2;17.3;0.1
Saint-Dié-des-Vosges;48.29;6.95;25/08/2026;01:00;16.6;6;AVERSES;2;19.8;0.2
Saint-Dié-des-Vosges;48.29;6.95;25/08/2026;02:00;17.2;6;AVERSES;2;24.8;1.1
Saint-Dié-des-Vosges;48.29;6.95;25/08/2026;03:00;17;6;AVERSES;2;19.4;2.4
Saint-Dié-des-Vosges;48.29;6.95;25/08/2026;04:00;15.7;7;PLUIE FAIBLE;1;24.1;3.8
Saint-Dié-des-Vosges;48.29;6.95;25/08/2026;05:00;16;7;PLUIE FAIBLE;2;17.3;2.7
Saint-Dié-des-Vosges;48.29;6.95;25/08/2026;06:00;16.7;6;AVERSES;3;20.9;1.8
Saint-Dié-des-Vosges;48.29;6.95;25/08/2026;07:00;17.7;6;AVERSES;3;20.5;0.3
Saint-Dié-des-Vosges;48.29;6.95;25/08/2026;08:00;19.1;6;AVERSES;3;23.4;0.1
Saint-Dié-des-Vosges;48.29;6.95;25/08/2026;09:00;20.6;2;NUAGEUX;3;23.8;0
Saint-Dié-des-Vosges;48.29;6.95;25/08/2026;10:00;20.6;2;NUAGEUX;3;25.2;0
Saint-Dié-des-Vosges;48.29;6.95;25/08/2026;11:00;21.4;2;NUAGEUX;4;31.0;0
Saint-Dié-des-Vosges;48.29;6.95;25/08/2026;12:00;22.4;2;NUAGEUX;3;34.9;0
Saint-Dié-des-Vosges;48.29;6.95;25/08/2026;13:00;24;6;AVERSES;4;44.6;0.1
Saint-Dié-des-Vosges;48.29;6.95;25/08/2026;14:00;24.2;6;AVERSES;4;46.4;0.1
Saint-Dié-des-Vosges;48.29;6.95;25/08/2026;15:00;23.7;6;AVERSES;4;33.5;0.1
Saint-Dié-des-Vosges;48.29;6.95;25/08/2026;16:00;24.5;6;AVERSES;3;33.1;0.1
Saint-Dié-des-Vosges;48.29;6.95;25/08/2026;17:00;23.4;6;AVERSES;4;27.4;0.1
Saint-Dié-des-Vosges;48.29;6.95;25/08/2026;18:00;22;6;AVERSES;2;37.1;0.1
Saint-Dié-des-Vosges;48.29;6.95;25/08/2026;19:00;20.1;5;SOLEIL VOILÉ;2;14.0;0
Saint-Dié-des-Vosges;48.29;6.95;25/08/2026;20:00;19;0;SOLEIL;2;10.4;0
Saint-Dié-des-Vosges;48.29;6.95;25/08/2026;21:00;18.1;5;SOLEIL VOILÉ;2;11.9;0
Saint-Dié-des-Vosges;48.29;6.95;25/08/2026;22:00;17.6;5;SOLEIL VOILÉ;2;7.2;0
Saint-Dié-des-Vosges;48.29;6.95;25/08/2026;23:00;17.2;2;NUAGEUX;2;5.8;0
Saint-Dié-des-Vosges;48.29;6.95;26/08/2026;00:00;17.5;2;NUAGEUX;0;2.9;0
Saint-Dié-des-Vosges;48.29;6.95;26/08/2026;01:00;17.5;2;NUAGEUX;0;6.5;0
Saint-Dié-des-Vosges;48.29;6.95;26/08/2026;02:00;17.6;0;SOLEIL;3;10.4;0
Saint-Dié-des-Vosges;48.29;6.95;26/08/2026;03:00;17.6;0;SOLEIL;3;14.0;0
Saint-Dié-des-Vosges;48.29;6.95;26/08/2026;04:00;17.6;0;SOLEIL;3;16.4;0
Saint-Dié-des-Vosges;48.29;6.95;26/08/2026;05:00;17.1;0;SOLEIL;3;18.4;0
Saint-Dié-des-Vosges;48.29;6.95;26/08/2026;06:00;17.1;0;SOLEIL;3;20.5;0
Saint-Dié-des-Vosges;48.29;6.95;26/08/2026;07:00;17.1;0;SOLEIL;3;19.8;0
Saint-Dié-des-Vosges;48.29;6.95;26/08/2026;08:00;21.9;0;SOLEIL;3;21.2;0
Saint-Dié-des-Vosges;48.29;6.95;26/08/2026;09:00;21.9;0;SOLEIL;3;22.0;0
Saint-Dié-des-Vosges;48.29;6.95;26/08/2026;10:00;21.9;0;SOLEIL;3;27.4;0
Saint-Dié-des-Vosges;48.29;6.95;26/08/2026;11:00;25.5;5;SOLEIL VOILÉ;3;26.3;0
Saint-Dié-des-Vosges;48.29;6.95;26/08/2026;12:00;25.5;5;SOLEIL VOILÉ;3;24.5;0
Saint-Dié-des-Vosges;48.29;6.95;26/08/2026;13:00;25.5;5;SOLEIL VOILÉ;3;25.2;0
Saint-Dié-des-Vosges;48.29;6.95;26/08/2026;14:00;27.7;5;SOLEIL VOILÉ;2;23.8;0
Saint-Dié-des-Vosges;48.29;6.95;26/08/2026;15:00;27.7;5;SOLEIL VOILÉ;2;23.4;0
Saint-Dié-des-Vosges;48.29;6.95;26/08/2026;16:00;27.7;5;SOLEIL VOILÉ;2;23.4;0
Saint-Dié-des-Vosges;48.29;6.95;26/08/2026;17:00;25.1;5;SOLEIL VOILÉ;2;19.1;0
Saint-Dié-des-Vosges;48.29;6.95;26/08/2026;18:00;25.1;5;SOLEIL VOILÉ;2;18.7;0
Saint-Dié-des-Vosges;48.29;6.95;26/08/2026;19:00;25.1;5;SOLEIL VOILÉ;2;16.6;0
Saint-Dié-des-Vosges;48.29;6.95;26/08/2026;20:00;19.6;5;SOLEIL VOILÉ;3;15.1;0
Saint-Dié-des-Vosges;48.29;6.95;26/08/2026;21:00;19.6;5;SOLEIL VOILÉ;3;9.4;0
Saint-Dié-des-Vosges;48.29;6.95;26/08/2026;22:00;19.6;5;SOLEIL VOILÉ;3;7.6;0
Saint-Dié-des-Vosges;48.29;6.95;26/08/2026;23:00;17.6;5;SOLEIL VOILÉ;4;8.3;0
Saint-Dié-des-Vosges;48.29;6.95;27/08/2026;00:00;17.6;5;SOLEIL VOILÉ;4;12.2;0
Saint-Dié-des-Vosges;48.29;6.95;27/08/2026;01:00;17.6;5;SOLEIL VOILÉ;4;7.2;0
Saint-Dié-des-Vosges;48.29;6.95;27/08/2026;02:00;17.4;5;SOLEIL VOILÉ;4;11.2;0
Saint-Dié-des-Vosges;48.29;6.95;27/08/2026;03:00;17.4;5;SOLEIL VOILÉ;4;18.0;0
Saint-Dié-des-Vosges;48.29;6.95;27/08/2026;04:00;17.4;5;SOLEIL VOILÉ;4;34.2;0
Saint-Dié-des-Vosges;48.29;6.95;27/08/2026;05:00;18;5;SOLEIL VOILÉ;4;36.4;0
Saint-Dié-des-Vosges;48.29;6.95;27/08/2026;06:00;18;5;SOLEIL VOILÉ;4;37.4;0
Saint-Dié-des-Vosges;48.29;6.95;27/08/2026;07:00;18;5;SOLEIL VOILÉ;4;34.2;0
Saint-Dié-des-Vosges;48.29;6.95;27/08/2026;08:00;23.5;5;SOLEIL VOILÉ;4;25.6;0
Saint-Dié-des-Vosges;48.29;6.95;27/08/2026;09:00;23.5;5;SOLEIL VOILÉ;4;22.0;0
Saint-Dié-des-Vosges;48.29;6.95;27/08/2026;10:00;23.5;5;SOLEIL VOILÉ;4;19.1;0
Saint-Dié-des-Vosges;48.29;6.95;27/08/2026;11:00;25.5;5;SOLEIL VOILÉ;4;19.4;0
Saint-Dié-des-Vosges;48.29;6.95;27/08/2026;12:00;25.5;5;SOLEIL VOILÉ;4;26.3;0
Saint-Dié-des-Vosges;48.29;6.95;27/08/2026;13:00;25.5;5;SOLEIL VOILÉ;4;36.7;0
Saint-Dié-des-Vosges;48.29;6.95;27/08/2026;14:00;29.2;5;SOLEIL VOILÉ;4;43.9;0
Saint-Dié-des-Vosges;48.29;6.95;27/08/2026;15:00;29.2;5;SOLEIL VOILÉ;4;44.3;0
Saint-Dié-des-Vosges;48.29;6.95;27/08/2026;16:00;29.2;5;SOLEIL VOILÉ;4;41.4;0
Saint-Dié-des-Vosges;48.29;6.95;27/08/2026;17:00;26.5;10;ORAGEUX;3;38.9;0
Saint-Dié-des-Vosges;48.29;6.95;27/08/2026;18:00;26.5;10;ORAGEUX;3;38.9;0
Saint-Dié-des-Vosges;48.29;6.95;27/08/2026;19:00;26.5;10;ORAGEUX;3;39.2;0
Saint-Dié-des-Vosges;48.29;6.95;27/08/2026;20:00;22.4;10;ORAGEUX;5;38.5;0
Saint-Dié-des-Vosges;48.29;6.95;27/08/2026;21:00;20.9;10;ORAGEUX;5;35.6;0
Saint-Dié-des-Vosges;48.29;6.95;27/08/2026;22:00;19.4;10;ORAGEUX;5;32.0;0
Saint-Dié-des-Vosges;48.29;6.95;27/08/2026;23:00;18.4;10;ORAGEUX;4;28.4;0
Saint-Dié-des-Vosges;48.29;6.95;28/08/2026;00:00;18.4;10;ORAGEUX;4;25.6;0
Saint-Dié-des-Vosges;48.29;6.95;28/08/2026;01:00;18.4;10;ORAGEUX;4;23.0;0
Saint-Dié-des-Vosges;48.29;6.95;28/08/2026;02:00;16.1;6;AVERSES;5;21.6;0
Saint-Dié-des-Vosges;48.29;6.95;28/08/2026;03:00;16.1;6;AVERSES;5;22.7;0
Saint-Dié-des-Vosges;48.29;6.95;28/08/2026;04:00;16.1;6;AVERSES;5;24.8;0
Saint-Dié-des-Vosges;48.29;6.95;28/08/2026;05:00;16.6;7;PLUIE FAIBLE;5;26.6;0
Saint-Dié-des-Vosges;48.29;6.95;28/08/2026;06:00;16.6;7;PLUIE FAIBLE;5;26.6;0
Saint-Dié-des-Vosges;48.29;6.95;28/08/2026;07:00;16.6;7;PLUIE FAIBLE;5;26.3;0
Saint-Dié-des-Vosges;48.29;6.95;28/08/2026;08:00;17.7;6;AVERSES;5;27.0;0
Saint-Dié-des-Vosges;48.29;6.95;28/08/2026;09:00;18.5;6;AVERSES;5;29.9;0
Saint-Dié-des-Vosges;48.29;6.95;28/08/2026;10:00;19.3;6;AVERSES;5;34.2;0
Saint-Dié-des-Vosges;48.29;6.95;28/08/2026;11:00;21.6;6;AVERSES;7;37.4;0
Saint-Dié-des-Vosges;48.29;6.95;28/08/2026;12:00;21.6;6;AVERSES;7;39.2;0
Saint-Dié-des-Vosges;48.29;6.95;28/08/2026;13:00;21.6;6;AVERSES;7;40.3;0
Saint-Dié-des-Vosges;48.29;6.95;28/08/2026;14:00;22.4;6;AVERSES;5;41.8;0
Saint-Dié-des-Vosges;48.29;6.95;28/08/2026;15:00;23.2;6;AVERSES;5;44.3;0
Saint-Dié-des-Vosges;48.29;6.95;28/08/2026;16:00;22.4;6;AVERSES;5;47.2;0
Saint-Dié-des-Vosges;48.29;6.95;28/08/2026;17:00;18.7;6;AVERSES;4;47.5;0
Saint-Dié-des-Vosges;48.29;6.95;28/08/2026;18:00;18.7;6;AVERSES;4;44.3;0
Saint-Dié-des-Vosges;48.29;6.95;28/08/2026;19:00;18.7;6;AVERSES;4;38.9;0
Saint-Dié-des-Vosges;48.29;6.95;28/08/2026;20:00;19.3;6;AVERSES;5;33.8;0
Saint-Dié-des-Vosges;48.29;6.95;28/08/2026;21:00;18.5;6;AVERSES;5;29.2;0
Saint-Dié-des-Vosges;48.29;6.95;28/08/2026;22:00;17.7;6;AVERSES;5;24.8;0
Saint-Dié-des-Vosges;48.29;6.95;28/08/2026;23:00;15.6;7;PLUIE FAIBLE;5;21.2;0
Saint-Dié-des-Vosges;48.29;6.95;29/08/2026;00:00;15.6;7;PLUIE FAIBLE;5;18.7;0
Saint-Dié-des-Vosges;48.29;6.95;29/08/2026;01:00;15.6;7;PLUIE FAIBLE;5;18.0;0
Saint-Dié-des-Vosges;48.29;6.95;29/08/2026;02:00;14.1;6;AVERSES;5;17.8;0
Saint-Dié-des-Vosges;48.29;6.95;29/08/2026;03:00;14.1;6;AVERSES;5;17.3;0
Saint-Dié-des-Vosges;48.29;6.95;29/08/2026;04:00;14.1;6;AVERSES;5;15.5;0
Saint-Dié-des-Vosges;48.29;6.95;29/08/2026;05:00;15;6;AVERSES;5;14.8;0
Saint-Dié-des-Vosges;48.29;6.95;29/08/2026;06:00;15;6;AVERSES;5;14.4;0
Saint-Dié-des-Vosges;48.29;6.95;29/08/2026;07:00;15;6;AVERSES;5;14.8;0
Saint-Dié-des-Vosges;48.29;6.95;29/08/2026;08:00;15.7;6;AVERSES;5;17.3;0
Saint-Dié-des-Vosges;48.29;6.95;29/08/2026;09:00;16.5;6;AVERSES;5;23.4;0
Saint-Dié-des-Vosges;48.29;6.95;29/08/2026;10:00;17.3;6;AVERSES;5;31.3;0
Saint-Dié-des-Vosges;48.29;6.95;29/08/2026;11:00;20.6;6;AVERSES;5;37.4;0
Saint-Dié-des-Vosges;48.29;6.95;29/08/2026;12:00;20.6;6;AVERSES;5;40.0;0
Saint-Dié-des-Vosges;48.29;6.95;29/08/2026;13:00;20.6;6;AVERSES;5;40.7;0
Saint-Dié-des-Vosges;48.29;6.95;29/08/2026;14:00;20.6;6;AVERSES;5;41.0;0
Saint-Dié-des-Vosges;48.29;6.95;29/08/2026;15:00;21.4;6;AVERSES;5;41.4;0
Saint-Dié-des-Vosges;48.29;6.95;29/08/2026;16:00;20.6;6;AVERSES;5;41.0;0
Saint-Dié-des-Vosges;48.29;6.95;29/08/2026;17:00;18.9;6;AVERSES;3;39.6;0
Saint-Dié-des-Vosges;48.29;6.95;29/08/2026;18:00;18.9;6;AVERSES;3;36.4;0
Saint-Dié-des-Vosges;48.29;6.95;29/08/2026;19:00;18.9;6;AVERSES;3;32.4;0
Saint-Dié-des-Vosges;48.29;6.95;29/08/2026;20:00;17.3;6;AVERSES;5;29.2;0
Saint-Dié-des-Vosges;48.29;6.95;29/08/2026;21:00;16.5;6;AVERSES;5;27.7;0
Saint-Dié-des-Vosges;48.29;6.95;29/08/2026;22:00;15.7;6;AVERSES;5;27.4;0
Saint-Dié-des-Vosges;48.29;6.95;29/08/2026;23:00;15.6;0;SOLEIL;4;28.8;0
