Ville;Latitude;Longitude;Date;Heure;temperature_2m;weathercode;Temps_Label;windspeed_10m;wind_gusts_10m;precipitation
Lannion;48.73;-3.46;08/09/2026;00:00;18.6;5;SOLEIL VOILÉ;2;0;0
Lannion;48.73;-3.46;08/09/2026;01:00;18.6;2;NUAGEUX;3;0;0
Lannion;48.73;-3.46;08/09/2026;02:00;18.1;2;NUAGEUX;2;0;0
Lannion;48.73;-3.46;08/09/2026;03:00;18.1;2;NUAGEUX;3;0;0
Lannion;48.73;-3.46;08/09/2026;04:00;18.1;2;NUAGEUX;3;0;0
Lannion;48.73;-3.46;08/09/2026;05:00;18.7;2;NUAGEUX;3;0;0
Lannion;48.73;-3.46;08/09/2026;06:00;18.6;2;NUAGEUX;3;0;0
Lannion;48.73;-3.46;08/09/2026;07:00;18.7;6;AVERSES;4;0;0.2
Lannion;48.73;-3.46;08/09/2026;08:00;19.1;6;AVERSES;4;0;0.2
Lannion;48.73;-3.46;08/09/2026;09:00;19.9;6;AVERSES;5;12;0.2
Lannion;48.73;-3.46;08/09/2026;10:00;20.6;6;AVERSES;6;14;0.9
Lannion;48.73;-3.46;08/09/2026;11:00;21.4;7;PLUIE FAIBLE;6;14;4.1
Lannion;48.73;-3.46;08/09/2026;12:00;20.5;6;AVERSES;7;14;0.7
Lannion;48.73;-3.46;08/09/2026;13:00;19.6;6;AVERSES;6;13;0.7
Lannion;48.73;-3.46;08/09/2026;14:00;20.9;6;AVERSES;6;11;0.2
Lannion;48.73;-3.46;08/09/2026;15:00;20;6;AVERSES;6;18;0.5
Lannion;48.73;-3.46;08/09/2026;16:00;17.4;2;NUAGEUX;6;16;0
Lannion;48.73;-3.46;08/09/2026;17:00;17.7;2;NUAGEUX;6;14;0
Lannion;48.73;-3.46;08/09/2026;18:00;17.5;2;NUAGEUX;5;13;0
Lannion;48.73;-3.46;08/09/2026;19:00;16.6;0;SOLEIL;4;11;0
Lannion;48.73;-3.46;08/09/2026;20:00;16.1;0;SOLEIL;4;0;0
Lannion;48.73;-3.46;08/09/2026;21:00;15.1;0;SOLEIL;3;0;0
Lannion;48.73;-3.46;08/09/2026;22:00;14.4;0;SOLEIL;3;0;0
Lannion;48.73;-3.46;08/09/2026;23:00;14;0;SOLEIL;3;0;0
Lannion;48.73;-3.46;09/09/2026;00:00;13.7;0;SOLEIL;3;0;0
Lannion;48.73;-3.46;09/09/2026;01:00;13.7;0;SOLEIL;3;0;0
Lannion;48.73;-3.46;09/09/2026;02:00;13.1;0;SOLEIL;4;0;0
Lannion;48.73;-3.46;09/09/2026;03:00;13.1;0;SOLEIL;4;0;0
Lannion;48.73;-3.46;09/09/2026;04:00;13.1;0;SOLEIL;4;0;0
Lannion;48.73;-3.46;09/09/2026;05:00;12.6;0;SOLEIL;3;0;0
Lannion;48.73;-3.46;09/09/2026;06:00;12.6;0;SOLEIL;3;0;0
Lannion;48.73;-3.46;09/09/2026;07:00;12.6;0;SOLEIL;3;0;0
Lannion;48.73;-3.46;09/09/2026;08:00;18;0;SOLEIL;4;0;0
Lannion;48.73;-3.46;09/09/2026;09:00;18;0;SOLEIL;4;0;0
Lannion;48.73;-3.46;09/09/2026;10:00;18;0;SOLEIL;4;0;0
Lannion;48.73;-3.46;09/09/2026;11:00;20.9;2;NUAGEUX;4;0;0
Lannion;48.73;-3.46;09/09/2026;12:00;20.9;2;NUAGEUX;4;0;0
Lannion;48.73;-3.46;09/09/2026;13:00;20.9;2;NUAGEUX;4;0;0
Lannion;48.73;-3.46;09/09/2026;14:00;20.6;2;NUAGEUX;4;0;0
Lannion;48.73;-3.46;09/09/2026;15:00;20.6;2;NUAGEUX;4;0;0
Lannion;48.73;-3.46;09/09/2026;16:00;20.6;2;NUAGEUX;4;0;0
Lannion;48.73;-3.46;09/09/2026;17:00;18.6;0;SOLEIL;4;0;0
Lannion;48.73;-3.46;09/09/2026;18:00;18.6;0;SOLEIL;4;0;0
Lannion;48.73;-3.46;09/09/2026;19:00;18.6;0;SOLEIL;4;0;0
Lannion;48.73;-3.46;09/09/2026;20:00;14.6;0;SOLEIL;2;0;0
Lannion;48.73;-3.46;09/09/2026;21:00;14.6;0;SOLEIL;2;0;0
Lannion;48.73;-3.46;09/09/2026;22:00;14.6;0;SOLEIL;2;0;0
Lannion;48.73;-3.46;09/09/2026;23:00;13.1;5;SOLEIL VOILÉ;1;0;0
Lannion;48.73;-3.46;10/09/2026;00:00;13.1;5;SOLEIL VOILÉ;1;0;0
Lannion;48.73;-3.46;10/09/2026;01:00;13.1;5;SOLEIL VOILÉ;1;0;0
Lannion;48.73;-3.46;10/09/2026;02:00;11.7;5;SOLEIL VOILÉ;1;0;0
Lannion;48.73;-3.46;10/09/2026;03:00;11.7;5;SOLEIL VOILÉ;1;0;0
Lannion;48.73;-3.46;10/09/2026;04:00;11.7;5;SOLEIL VOILÉ;1;0;0
Lannion;48.73;-3.46;10/09/2026;05:00;11.1;5;SOLEIL VOILÉ;1;0;0
Lannion;48.73;-3.46;10/09/2026;06:00;11.1;5;SOLEIL VOILÉ;1;0;0
Lannion;48.73;-3.46;10/09/2026;07:00;11.1;5;SOLEIL VOILÉ;1;0;0
Lannion;48.73;-3.46;10/09/2026;08:00;16.2;5;SOLEIL VOILÉ;2;0;0
Lannion;48.73;-3.46;10/09/2026;09:00;16.2;5;SOLEIL VOILÉ;2;0;0
Lannion;48.73;-3.46;10/09/2026;10:00;16.2;5;SOLEIL VOILÉ;2;0;0
Lannion;48.73;-3.46;10/09/2026;11:00;20;2;NUAGEUX;3;0;0
Lannion;48.73;-3.46;10/09/2026;12:00;20;2;NUAGEUX;3;0;0
Lannion;48.73;-3.46;10/09/2026;13:00;20;2;NUAGEUX;3;0;0
Lannion;48.73;-3.46;10/09/2026;14:00;20.6;2;NUAGEUX;3;0;0
Lannion;48.73;-3.46;10/09/2026;15:00;20.6;2;NUAGEUX;3;0;0
Lannion;48.73;-3.46;10/09/2026;16:00;20.6;2;NUAGEUX;3;0;0
Lannion;48.73;-3.46;10/09/2026;17:00;19.1;2;NUAGEUX;3;0;0
Lannion;48.73;-3.46;10/09/2026;18:00;19.1;2;NUAGEUX;3;0;0
Lannion;48.73;-3.46;10/09/2026;19:00;19.1;2;NUAGEUX;3;0;0
Lannion;48.73;-3.46;10/09/2026;20:00;15.6;2;NUAGEUX;5;0;0
Lannion;48.73;-3.46;10/09/2026;21:00;14.3;2;NUAGEUX;5;0;0
Lannion;48.73;-3.46;10/09/2026;22:00;13.1;2;NUAGEUX;5;0;0
Lannion;48.73;-3.46;10/09/2026;23:00;15;2;NUAGEUX;3;0;0
Lannion;48.73;-3.46;11/09/2026;00:00;15;2;NUAGEUX;3;0;0
Lannion;48.73;-3.46;11/09/2026;01:00;15;2;NUAGEUX;3;0;0
Lannion;48.73;-3.46;11/09/2026;02:00;15;6;AVERSES;5;0;0
Lannion;48.73;-3.46;11/09/2026;03:00;15;6;AVERSES;5;0;0
Lannion;48.73;-3.46;11/09/2026;04:00;15;6;AVERSES;5;0;0
Lannion;48.73;-3.46;11/09/2026;05:00;16;7;PLUIE FAIBLE;3;0;0
Lannion;48.73;-3.46;11/09/2026;06:00;16;7;PLUIE FAIBLE;3;0;0
Lannion;48.73;-3.46;11/09/2026;07:00;16;7;PLUIE FAIBLE;3;0;0
Lannion;48.73;-3.46;11/09/2026;08:00;16.8;6;AVERSES;5;0;0
Lannion;48.73;-3.46;11/09/2026;09:00;17.7;6;AVERSES;5;0;0
Lannion;48.73;-3.46;11/09/2026;10:00;18.6;6;AVERSES;5;0;0
Lannion;48.73;-3.46;11/09/2026;11:00;21.6;6;AVERSES;4;0;0
Lannion;48.73;-3.46;11/09/2026;12:00;21.6;6;AVERSES;4;0;0
Lannion;48.73;-3.46;11/09/2026;13:00;21.6;6;AVERSES;4;0;0
Lannion;48.73;-3.46;11/09/2026;14:00;22.3;6;AVERSES;5;0;0
Lannion;48.73;-3.46;11/09/2026;15:00;23.2;6;AVERSES;5;0;0
Lannion;48.73;-3.46;11/09/2026;16:00;22.3;6;AVERSES;5;0;0
Lannion;48.73;-3.46;11/09/2026;17:00;20.6;2;NUAGEUX;4;0;0
Lannion;48.73;-3.46;11/09/2026;18:00;20.6;2;NUAGEUX;4;0;0
Lannion;48.73;-3.46;11/09/2026;19:00;20.6;2;NUAGEUX;4;0;0
Lannion;48.73;-3.46;11/09/2026;20:00;18.6;6;AVERSES;5;0;0
Lannion;48.73;-3.46;11/09/2026;21:00;17.7;6;AVERSES;5;0;0
Lannion;48.73;-3.46;11/09/2026;22:00;16.8;6;AVERSES;5;0;0
Lannion;48.73;-3.46;11/09/2026;23:00;14.6;0;SOLEIL;2;0;0
Lannion;48.73;-3.46;12/09/2026;00:00;14.6;0;SOLEIL;2;0;0
Lannion;48.73;-3.46;12/09/2026;01:00;14.6;0;SOLEIL;2;0;0
Lannion;48.73;-3.46;12/09/2026;02:00;11.6;2;NUAGEUX;5;0;0
Lannion;48.73;-3.46;12/09/2026;03:00;11.6;2;NUAGEUX;5;0;0
Lannion;48.73;-3.46;12/09/2026;04:00;11.6;2;NUAGEUX;5;0;0
Lannion;48.73;-3.46;12/09/2026;05:00;12.2;2;NUAGEUX;1;0;0
Lannion;48.73;-3.46;12/09/2026;06:00;12.2;2;NUAGEUX;1;0;0
Lannion;48.73;-3.46;12/09/2026;07:00;12.2;2;NUAGEUX;1;0;0
Lannion;48.73;-3.46;12/09/2026;08:00;14.4;2;NUAGEUX;5;0;0
Lannion;48.73;-3.46;12/09/2026;09:00;15.8;2;NUAGEUX;5;0;0
Lannion;48.73;-3.46;12/09/2026;10:00;17.2;2;NUAGEUX;5;0;0
Lannion;48.73;-3.46;12/09/2026;11:00;22.1;2;NUAGEUX;2;0;0
Lannion;48.73;-3.46;12/09/2026;12:00;22.1;2;NUAGEUX;2;0;0
Lannion;48.73;-3.46;12/09/2026;13:00;22.1;2;NUAGEUX;2;0;0
Lannion;48.73;-3.46;12/09/2026;14:00;22.7;2;NUAGEUX;5;0;0
Lannion;48.73;-3.46;12/09/2026;15:00;24.1;2;NUAGEUX;5;0;0
Lannion;48.73;-3.46;12/09/2026;16:00;22.7;2;NUAGEUX;5;0;0
Lannion;48.73;-3.46;12/09/2026;17:00;21.6;2;NUAGEUX;2;0;0
Lannion;48.73;-3.46;12/09/2026;18:00;21.6;2;NUAGEUX;2;0;0
Lannion;48.73;-3.46;12/09/2026;19:00;21.6;2;NUAGEUX;2;0;0
Lannion;48.73;-3.46;12/09/2026;20:00;17.2;2;NUAGEUX;5;0;0
Lannion;48.73;-3.46;12/09/2026;21:00;15.8;2;NUAGEUX;5;0;0
Lannion;48.73;-3.46;12/09/2026;22:00;14.4;2;NUAGEUX;5;0;0
Lannion;48.73;-3.46;12/09/2026;23:00;14.7;0;SOLEIL;2;0;0
Merdrignac;48.19;-2.41;08/09/2026;00:00;15.6;5;SOLEIL VOILÉ;3;0;0
Merdrignac;48.19;-2.41;08/09/2026;01:00;16;5;SOLEIL VOILÉ;3;0;0
Merdrignac;48.19;-2.41;08/09/2026;02:00;16;2;NUAGEUX;3;0;0
Merdrignac;48.19;-2.41;08/09/2026;03:00;16.4;2;NUAGEUX;3;0;0
Merdrignac;48.19;-2.41;08/09/2026;04:00;16.1;6;AVERSES;4;0;0.1
Merdrignac;48.19;-2.41;08/09/2026;05:00;16.4;6;AVERSES;4;0;0.1
Merdrignac;48.19;-2.41;08/09/2026;06:00;16.2;6;AVERSES;3;0;0.7
Merdrignac;48.19;-2.41;08/09/2026;07:00;16.6;7;PLUIE FAIBLE;6;0;5.2
Merdrignac;48.19;-2.41;08/09/2026;08:00;17.4;7;PLUIE FAIBLE;6;0;2.5
Merdrignac;48.19;-2.41;08/09/2026;09:00;18.1;7;PLUIE FAIBLE;7;13;5.4
Merdrignac;48.19;-2.41;08/09/2026;10:00;19;6;AVERSES;7;15;0.9
Merdrignac;48.19;-2.41;08/09/2026;11:00;18.1;6;AVERSES;5;17;1.3
Merdrignac;48.19;-2.41;08/09/2026;12:00;17.5;6;AVERSES;6;13;0.2
Merdrignac;48.19;-2.41;08/09/2026;13:00;17.1;2;NUAGEUX;6;12;0
Merdrignac;48.19;-2.41;08/09/2026;14:00;17.5;2;NUAGEUX;6;13;0
Merdrignac;48.19;-2.41;08/09/2026;15:00;18.6;2;NUAGEUX;6;13;0
Merdrignac;48.19;-2.41;08/09/2026;16:00;18.4;2;NUAGEUX;6;13;0
Merdrignac;48.19;-2.41;08/09/2026;17:00;17.6;2;NUAGEUX;6;13;0
Merdrignac;48.19;-2.41;08/09/2026;18:00;16.9;0;SOLEIL;5;12;0
Merdrignac;48.19;-2.41;08/09/2026;19:00;15.9;0;SOLEIL;5;11;0
Merdrignac;48.19;-2.41;08/09/2026;20:00;15.4;0;SOLEIL;5;0;0
Merdrignac;48.19;-2.41;08/09/2026;21:00;15.1;0;SOLEIL;5;0;0
Merdrignac;48.19;-2.41;08/09/2026;22:00;14.9;0;SOLEIL;4;0;0
Merdrignac;48.19;-2.41;08/09/2026;23:00;14.9;6;AVERSES;4;11;0.1
Merdrignac;48.19;-2.41;09/09/2026;00:00;14.1;2;NUAGEUX;4;0;0
Merdrignac;48.19;-2.41;09/09/2026;01:00;14.1;2;NUAGEUX;4;0;0
Merdrignac;48.19;-2.41;09/09/2026;02:00;14;0;SOLEIL;5;0;0
Merdrignac;48.19;-2.41;09/09/2026;03:00;14;0;SOLEIL;5;0;0
Merdrignac;48.19;-2.41;09/09/2026;04:00;14;0;SOLEIL;5;0;0
Merdrignac;48.19;-2.41;09/09/2026;05:00;14.1;0;SOLEIL;5;0;0
Merdrignac;48.19;-2.41;09/09/2026;06:00;14.1;0;SOLEIL;5;0;0
Merdrignac;48.19;-2.41;09/09/2026;07:00;14.1;0;SOLEIL;5;0;0
Merdrignac;48.19;-2.41;09/09/2026;08:00;17.2;2;NUAGEUX;5;11;0
Merdrignac;48.19;-2.41;09/09/2026;09:00;17.2;2;NUAGEUX;5;11;0
Merdrignac;48.19;-2.41;09/09/2026;10:00;17.2;2;NUAGEUX;5;11;0
Merdrignac;48.19;-2.41;09/09/2026;11:00;18.6;0;SOLEIL;5;11;0
Merdrignac;48.19;-2.41;09/09/2026;12:00;18.6;0;SOLEIL;5;11;0
Merdrignac;48.19;-2.41;09/09/2026;13:00;18.6;0;SOLEIL;5;11;0
Merdrignac;48.19;-2.41;09/09/2026;14:00;18.6;0;SOLEIL;4;0;0
Merdrignac;48.19;-2.41;09/09/2026;15:00;18.6;0;SOLEIL;4;0;0
Merdrignac;48.19;-2.41;09/09/2026;16:00;18.6;0;SOLEIL;4;0;0
Merdrignac;48.19;-2.41;09/09/2026;17:00;16.6;0;SOLEIL;3;0;0
Merdrignac;48.19;-2.41;09/09/2026;18:00;16.6;0;SOLEIL;3;0;0
Merdrignac;48.19;-2.41;09/09/2026;19:00;16.6;0;SOLEIL;3;0;0
Merdrignac;48.19;-2.41;09/09/2026;20:00;14.1;5;SOLEIL VOILÉ;1;0;0
Merdrignac;48.19;-2.41;09/09/2026;21:00;14.1;5;SOLEIL VOILÉ;1;0;0
Merdrignac;48.19;-2.41;09/09/2026;22:00;14.1;5;SOLEIL VOILÉ;1;0;0
Merdrignac;48.19;-2.41;09/09/2026;23:00;11.2;5;SOLEIL VOILÉ;2;0;0
Merdrignac;48.19;-2.41;10/09/2026;00:00;11.2;5;SOLEIL VOILÉ;2;0;0
Merdrignac;48.19;-2.41;10/09/2026;01:00;11.2;5;SOLEIL VOILÉ;2;0;0
Merdrignac;48.19;-2.41;10/09/2026;02:00;10;5;SOLEIL VOILÉ;2;0;0
Merdrignac;48.19;-2.41;10/09/2026;03:00;10;5;SOLEIL VOILÉ;2;0;0
Merdrignac;48.19;-2.41;10/09/2026;04:00;10;5;SOLEIL VOILÉ;2;0;0
Merdrignac;48.19;-2.41;10/09/2026;05:00;10;2;NUAGEUX;3;0;0
Merdrignac;48.19;-2.41;10/09/2026;06:00;10;2;NUAGEUX;3;0;0
Merdrignac;48.19;-2.41;10/09/2026;07:00;10;2;NUAGEUX;3;0;0
Merdrignac;48.19;-2.41;10/09/2026;08:00;16.6;2;NUAGEUX;4;0;0
Merdrignac;48.19;-2.41;10/09/2026;09:00;16.6;2;NUAGEUX;4;0;0
Merdrignac;48.19;-2.41;10/09/2026;10:00;16.6;2;NUAGEUX;4;0;0
Merdrignac;48.19;-2.41;10/09/2026;11:00;19.2;2;NUAGEUX;5;0;0
Merdrignac;48.19;-2.41;10/09/2026;12:00;19.2;2;NUAGEUX;5;0;0
Merdrignac;48.19;-2.41;10/09/2026;13:00;19.2;2;NUAGEUX;5;0;0
Merdrignac;48.19;-2.41;10/09/2026;14:00;19.4;2;NUAGEUX;5;0;0
Merdrignac;48.19;-2.41;10/09/2026;15:00;19.4;2;NUAGEUX;5;0;0
Merdrignac;48.19;-2.41;10/09/2026;16:00;19.4;2;NUAGEUX;5;0;0
Merdrignac;48.19;-2.41;10/09/2026;17:00;17.9;2;NUAGEUX;4;0;0
Merdrignac;48.19;-2.41;10/09/2026;18:00;17.9;2;NUAGEUX;4;0;0
Merdrignac;48.19;-2.41;10/09/2026;19:00;17.9;2;NUAGEUX;4;0;0
Merdrignac;48.19;-2.41;10/09/2026;20:00;13.9;2;NUAGEUX;5;0;0
Merdrignac;48.19;-2.41;10/09/2026;21:00;12.7;2;NUAGEUX;5;0;0
Merdrignac;48.19;-2.41;10/09/2026;22:00;11.5;2;NUAGEUX;5;0;0
Merdrignac;48.19;-2.41;10/09/2026;23:00;15.1;7;PLUIE FAIBLE;6;0;0
Merdrignac;48.19;-2.41;11/09/2026;00:00;15.1;7;PLUIE FAIBLE;6;0;0
Merdrignac;48.19;-2.41;11/09/2026;01:00;15.1;7;PLUIE FAIBLE;6;0;0
Merdrignac;48.19;-2.41;11/09/2026;02:00;14.5;6;AVERSES;5;0;0
Merdrignac;48.19;-2.41;11/09/2026;03:00;14.5;6;AVERSES;5;0;0
Merdrignac;48.19;-2.41;11/09/2026;04:00;14.5;6;AVERSES;5;0;0
Merdrignac;48.19;-2.41;11/09/2026;05:00;15.6;7;PLUIE FAIBLE;4;0;0
Merdrignac;48.19;-2.41;11/09/2026;06:00;15.6;7;PLUIE FAIBLE;4;0;0
Merdrignac;48.19;-2.41;11/09/2026;07:00;15.6;7;PLUIE FAIBLE;4;0;0
Merdrignac;48.19;-2.41;11/09/2026;08:00;15.7;6;AVERSES;5;0;0
Merdrignac;48.19;-2.41;11/09/2026;09:00;16.4;6;AVERSES;5;0;0
Merdrignac;48.19;-2.41;11/09/2026;10:00;17.0;6;AVERSES;5;0;0
Merdrignac;48.19;-2.41;11/09/2026;11:00;19.4;6;AVERSES;5;0;0
Merdrignac;48.19;-2.41;11/09/2026;12:00;19.4;6;AVERSES;5;0;0
Merdrignac;48.19;-2.41;11/09/2026;13:00;19.4;6;AVERSES;5;0;0
Merdrignac;48.19;-2.41;11/09/2026;14:00;19.5;6;AVERSES;5;0;0
Merdrignac;48.19;-2.41;11/09/2026;15:00;20.1;6;AVERSES;5;0;0
Merdrignac;48.19;-2.41;11/09/2026;16:00;19.5;6;AVERSES;5;0;0
Merdrignac;48.19;-2.41;11/09/2026;17:00;17.6;6;AVERSES;4;0;0
Merdrignac;48.19;-2.41;11/09/2026;18:00;17.6;6;AVERSES;4;0;0
Merdrignac;48.19;-2.41;11/09/2026;19:00;17.6;6;AVERSES;4;0;0
Merdrignac;48.19;-2.41;11/09/2026;20:00;17.0;6;AVERSES;5;0;0
Merdrignac;48.19;-2.41;11/09/2026;21:00;16.4;6;AVERSES;5;0;0
Merdrignac;48.19;-2.41;11/09/2026;22:00;15.7;6;AVERSES;5;0;0
Merdrignac;48.19;-2.41;11/09/2026;23:00;13.6;0;SOLEIL;3;0;0
Merdrignac;48.19;-2.41;12/09/2026;00:00;13.6;0;SOLEIL;3;0;0
Merdrignac;48.19;-2.41;12/09/2026;01:00;13.6;0;SOLEIL;3;0;0
Merdrignac;48.19;-2.41;12/09/2026;02:00;10.2;2;NUAGEUX;5;0;0
Merdrignac;48.19;-2.41;12/09/2026;03:00;10.2;2;NUAGEUX;5;0;0
Merdrignac;48.19;-2.41;12/09/2026;04:00;10.2;2;NUAGEUX;5;0;0
Merdrignac;48.19;-2.41;12/09/2026;05:00;11.1;2;NUAGEUX;2;0;0
Merdrignac;48.19;-2.41;12/09/2026;06:00;11.1;2;NUAGEUX;2;0;0
Merdrignac;48.19;-2.41;12/09/2026;07:00;11.1;2;NUAGEUX;2;0;0
Merdrignac;48.19;-2.41;12/09/2026;08:00;12.5;2;NUAGEUX;5;0;0
Merdrignac;48.19;-2.41;12/09/2026;09:00;13.7;2;NUAGEUX;5;0;0
Merdrignac;48.19;-2.41;12/09/2026;10:00;14.9;2;NUAGEUX;5;0;0
Merdrignac;48.19;-2.41;12/09/2026;11:00;20.1;2;NUAGEUX;3;0;0
Merdrignac;48.19;-2.41;12/09/2026;12:00;20.1;2;NUAGEUX;3;0;0
Merdrignac;48.19;-2.41;12/09/2026;13:00;20.1;2;NUAGEUX;3;0;0
Merdrignac;48.19;-2.41;12/09/2026;14:00;19.5;2;NUAGEUX;5;0;0
Merdrignac;48.19;-2.41;12/09/2026;15:00;20.7;2;NUAGEUX;5;0;0
Merdrignac;48.19;-2.41;12/09/2026;16:00;19.5;2;NUAGEUX;5;0;0
Merdrignac;48.19;-2.41;12/09/2026;17:00;18;2;NUAGEUX;2;0;0
Merdrignac;48.19;-2.41;12/09/2026;18:00;18;2;NUAGEUX;2;0;0
Merdrignac;48.19;-2.41;12/09/2026;19:00;18;2;NUAGEUX;2;0;0
Merdrignac;48.19;-2.41;12/09/2026;20:00;14.9;2;NUAGEUX;5;0;0
Merdrignac;48.19;-2.41;12/09/2026;21:00;13.7;2;NUAGEUX;5;0;0
Merdrignac;48.19;-2.41;12/09/2026;22:00;12.5;2;NUAGEUX;5;0;0
Merdrignac;48.19;-2.41;12/09/2026;23:00;13.9;0;SOLEIL;4;0;0
Rostrenen;48.23;-3.31;08/09/2026;00:00;16.6;2;NUAGEUX;2;0;0
Rostrenen;48.23;-3.31;08/09/2026;01:00;17.1;2;NUAGEUX;2;0;0
Rostrenen;48.23;-3.31;08/09/2026;02:00;16.7;2;NUAGEUX;3;0;0
Rostrenen;48.23;-3.31;08/09/2026;03:00;16.5;2;NUAGEUX;3;0;0
Rostrenen;48.23;-3.31;08/09/2026;04:00;15.9;2;NUAGEUX;4;0;0
Rostrenen;48.23;-3.31;08/09/2026;05:00;16;2;NUAGEUX;4;0;0
Rostrenen;48.23;-3.31;08/09/2026;06:00;16.1;2;NUAGEUX;4;0;0
Rostrenen;48.23;-3.31;08/09/2026;07:00;16.4;6;AVERSES;4;0;0.1
Rostrenen;48.23;-3.31;08/09/2026;08:00;17.1;6;AVERSES;5;0;0.1
Rostrenen;48.23;-3.31;08/09/2026;09:00;17.9;6;AVERSES;6;12;2.2
Rostrenen;48.23;-3.31;08/09/2026;10:00;17.9;7;PLUIE FAIBLE;7;14;2.5
Rostrenen;48.23;-3.31;08/09/2026;11:00;17.6;6;AVERSES;7;15;0.8
Rostrenen;48.23;-3.31;08/09/2026;12:00;19.1;7;PLUIE FAIBLE;7;13;3.2
Rostrenen;48.23;-3.31;08/09/2026;13:00;21;6;AVERSES;7;18;0.4
Rostrenen;48.23;-3.31;08/09/2026;14:00;18;2;NUAGEUX;6;20;0
Rostrenen;48.23;-3.31;08/09/2026;15:00;18.1;2;NUAGEUX;6;18;0
Rostrenen;48.23;-3.31;08/09/2026;16:00;17.6;6;AVERSES;6;15;0.1
Rostrenen;48.23;-3.31;08/09/2026;17:00;16.9;2;NUAGEUX;6;13;0
Rostrenen;48.23;-3.31;08/09/2026;18:00;16.1;0;SOLEIL;5;11;0
Rostrenen;48.23;-3.31;08/09/2026;19:00;14.9;0;SOLEIL;5;11;0
Rostrenen;48.23;-3.31;08/09/2026;20:00;14.1;0;SOLEIL;4;0;0
Rostrenen;48.23;-3.31;08/09/2026;21:00;13.4;0;SOLEIL;4;0;0
Rostrenen;48.23;-3.31;08/09/2026;22:00;13.1;0;SOLEIL;3;0;0
Rostrenen;48.23;-3.31;08/09/2026;23:00;12.9;0;SOLEIL;3;0;0
Rostrenen;48.23;-3.31;09/09/2026;00:00;12.1;0;SOLEIL;3;0;0
Rostrenen;48.23;-3.31;09/09/2026;01:00;12.1;0;SOLEIL;3;0;0
Rostrenen;48.23;-3.31;09/09/2026;02:00;11.6;0;SOLEIL;4;0;0
Rostrenen;48.23;-3.31;09/09/2026;03:00;11.6;0;SOLEIL;4;0;0
Rostrenen;48.23;-3.31;09/09/2026;04:00;11.6;0;SOLEIL;4;0;0
Rostrenen;48.23;-3.31;09/09/2026;05:00;11.4;0;SOLEIL;4;0;0
Rostrenen;48.23;-3.31;09/09/2026;06:00;11.4;0;SOLEIL;4;0;0
Rostrenen;48.23;-3.31;09/09/2026;07:00;11.4;0;SOLEIL;4;0;0
Rostrenen;48.23;-3.31;09/09/2026;08:00;17.1;0;SOLEIL;5;0;0
Rostrenen;48.23;-3.31;09/09/2026;09:00;17.1;0;SOLEIL;5;0;0
Rostrenen;48.23;-3.31;09/09/2026;10:00;17.1;0;SOLEIL;5;0;0
Rostrenen;48.23;-3.31;09/09/2026;11:00;19.7;2;NUAGEUX;4;0;0
Rostrenen;48.23;-3.31;09/09/2026;12:00;19.7;2;NUAGEUX;4;0;0
Rostrenen;48.23;-3.31;09/09/2026;13:00;19.7;2;NUAGEUX;4;0;0
Rostrenen;48.23;-3.31;09/09/2026;14:00;20.1;2;NUAGEUX;4;0;0
Rostrenen;48.23;-3.31;09/09/2026;15:00;20.1;2;NUAGEUX;4;0;0
Rostrenen;48.23;-3.31;09/09/2026;16:00;20.1;2;NUAGEUX;4;0;0
Rostrenen;48.23;-3.31;09/09/2026;17:00;16.5;0;SOLEIL;3;0;0
Rostrenen;48.23;-3.31;09/09/2026;18:00;16.5;0;SOLEIL;3;0;0
Rostrenen;48.23;-3.31;09/09/2026;19:00;16.5;0;SOLEIL;3;0;0
Rostrenen;48.23;-3.31;09/09/2026;20:00;12.6;5;SOLEIL VOILÉ;2;0;0
Rostrenen;48.23;-3.31;09/09/2026;21:00;12.6;5;SOLEIL VOILÉ;2;0;0
Rostrenen;48.23;-3.31;09/09/2026;22:00;12.6;5;SOLEIL VOILÉ;2;0;0
Rostrenen;48.23;-3.31;09/09/2026;23:00;11.4;5;SOLEIL VOILÉ;2;0;0
Rostrenen;48.23;-3.31;10/09/2026;00:00;11.4;5;SOLEIL VOILÉ;2;0;0
Rostrenen;48.23;-3.31;10/09/2026;01:00;11.4;5;SOLEIL VOILÉ;2;0;0
Rostrenen;48.23;-3.31;10/09/2026;02:00;10.5;5;SOLEIL VOILÉ;1;0;0
Rostrenen;48.23;-3.31;10/09/2026;03:00;10.5;5;SOLEIL VOILÉ;1;0;0
Rostrenen;48.23;-3.31;10/09/2026;04:00;10.5;5;SOLEIL VOILÉ;1;0;0
Rostrenen;48.23;-3.31;10/09/2026;05:00;9.4;5;SOLEIL VOILÉ;1;0;0
Rostrenen;48.23;-3.31;10/09/2026;06:00;9.4;5;SOLEIL VOILÉ;1;0;0
Rostrenen;48.23;-3.31;10/09/2026;07:00;9.4;5;SOLEIL VOILÉ;1;0;0
Rostrenen;48.23;-3.31;10/09/2026;08:00;15.9;2;NUAGEUX;3;0;0
Rostrenen;48.23;-3.31;10/09/2026;09:00;15.9;2;NUAGEUX;3;0;0
Rostrenen;48.23;-3.31;10/09/2026;10:00;15.9;2;NUAGEUX;3;0;0
Rostrenen;48.23;-3.31;10/09/2026;11:00;19;2;NUAGEUX;3;0;0
Rostrenen;48.23;-3.31;10/09/2026;12:00;19;2;NUAGEUX;3;0;0
Rostrenen;48.23;-3.31;10/09/2026;13:00;19;2;NUAGEUX;3;0;0
Rostrenen;48.23;-3.31;10/09/2026;14:00;19.5;2;NUAGEUX;4;0;0
Rostrenen;48.23;-3.31;10/09/2026;15:00;19.5;2;NUAGEUX;4;0;0
Rostrenen;48.23;-3.31;10/09/2026;16:00;19.5;2;NUAGEUX;4;0;0
Rostrenen;48.23;-3.31;10/09/2026;17:00;17.2;2;NUAGEUX;4;0;0
Rostrenen;48.23;-3.31;10/09/2026;18:00;17.2;2;NUAGEUX;4;0;0
Rostrenen;48.23;-3.31;10/09/2026;19:00;17.2;2;NUAGEUX;4;0;0
Rostrenen;48.23;-3.31;10/09/2026;20:00;13.7;2;NUAGEUX;5;0;0
Rostrenen;48.23;-3.31;10/09/2026;21:00;12.4;2;NUAGEUX;5;0;0
Rostrenen;48.23;-3.31;10/09/2026;22:00;11.2;2;NUAGEUX;5;0;0
Rostrenen;48.23;-3.31;10/09/2026;23:00;14.2;2;NUAGEUX;4;0;0
Rostrenen;48.23;-3.31;11/09/2026;00:00;14.2;2;NUAGEUX;4;0;0
Rostrenen;48.23;-3.31;11/09/2026;01:00;14.2;2;NUAGEUX;4;0;0
Rostrenen;48.23;-3.31;11/09/2026;02:00;13.6;7;PLUIE FAIBLE;5;0;0
Rostrenen;48.23;-3.31;11/09/2026;03:00;13.6;7;PLUIE FAIBLE;5;0;0
Rostrenen;48.23;-3.31;11/09/2026;04:00;13.6;7;PLUIE FAIBLE;5;0;0
Rostrenen;48.23;-3.31;11/09/2026;05:00;15;7;PLUIE FAIBLE;3;0;0
Rostrenen;48.23;-3.31;11/09/2026;06:00;15;7;PLUIE FAIBLE;3;0;0
Rostrenen;48.23;-3.31;11/09/2026;07:00;15;7;PLUIE FAIBLE;3;0;0
Rostrenen;48.23;-3.31;11/09/2026;08:00;15.4;7;PLUIE FAIBLE;5;0;0
Rostrenen;48.23;-3.31;11/09/2026;09:00;16.2;7;PLUIE FAIBLE;5;0;0
Rostrenen;48.23;-3.31;11/09/2026;10:00;17.1;7;PLUIE FAIBLE;5;0;0
Rostrenen;48.23;-3.31;11/09/2026;11:00;20.5;6;AVERSES;4;0;0
Rostrenen;48.23;-3.31;11/09/2026;12:00;20.5;6;AVERSES;4;0;0
Rostrenen;48.23;-3.31;11/09/2026;13:00;20.5;6;AVERSES;4;0;0
Rostrenen;48.23;-3.31;11/09/2026;14:00;20.6;7;PLUIE FAIBLE;5;0;0
Rostrenen;48.23;-3.31;11/09/2026;15:00;21.5;7;PLUIE FAIBLE;5;0;0
Rostrenen;48.23;-3.31;11/09/2026;16:00;20.6;7;PLUIE FAIBLE;5;0;0
Rostrenen;48.23;-3.31;11/09/2026;17:00;17.9;7;PLUIE FAIBLE;4;0;0
Rostrenen;48.23;-3.31;11/09/2026;18:00;17.9;7;PLUIE FAIBLE;4;0;0
Rostrenen;48.23;-3.31;11/09/2026;19:00;17.9;7;PLUIE FAIBLE;4;0;0
Rostrenen;48.23;-3.31;11/09/2026;20:00;17.1;7;PLUIE FAIBLE;5;0;0
Rostrenen;48.23;-3.31;11/09/2026;21:00;16.2;7;PLUIE FAIBLE;5;0;0
Rostrenen;48.23;-3.31;11/09/2026;22:00;15.4;7;PLUIE FAIBLE;5;0;0
Rostrenen;48.23;-3.31;11/09/2026;23:00;12.9;0;SOLEIL;3;0;0
Rostrenen;48.23;-3.31;12/09/2026;00:00;12.9;0;SOLEIL;3;0;0
Rostrenen;48.23;-3.31;12/09/2026;01:00;12.9;0;SOLEIL;3;0;0
Rostrenen;48.23;-3.31;12/09/2026;02:00;10.7;2;NUAGEUX;5;0;0
Rostrenen;48.23;-3.31;12/09/2026;03:00;10.7;2;NUAGEUX;5;0;0
Rostrenen;48.23;-3.31;12/09/2026;04:00;10.7;2;NUAGEUX;5;0;0
Rostrenen;48.23;-3.31;12/09/2026;05:00;11.7;2;NUAGEUX;2;0;0
Rostrenen;48.23;-3.31;12/09/2026;06:00;11.7;2;NUAGEUX;2;0;0
Rostrenen;48.23;-3.31;12/09/2026;07:00;11.7;2;NUAGEUX;2;0;0
Rostrenen;48.23;-3.31;12/09/2026;08:00;13.5;2;NUAGEUX;5;0;0
Rostrenen;48.23;-3.31;12/09/2026;09:00;14.8;2;NUAGEUX;5;0;0
Rostrenen;48.23;-3.31;12/09/2026;10:00;16.2;2;NUAGEUX;5;0;0
Rostrenen;48.23;-3.31;12/09/2026;11:00;21.1;2;NUAGEUX;2;0;0
Rostrenen;48.23;-3.31;12/09/2026;12:00;21.1;2;NUAGEUX;2;0;0
Rostrenen;48.23;-3.31;12/09/2026;13:00;21.1;2;NUAGEUX;2;0;0
Rostrenen;48.23;-3.31;12/09/2026;14:00;21.7;2;NUAGEUX;5;0;0
Rostrenen;48.23;-3.31;12/09/2026;15:00;23.1;2;NUAGEUX;5;0;0
Rostrenen;48.23;-3.31;12/09/2026;16:00;21.7;2;NUAGEUX;5;0;0
Rostrenen;48.23;-3.31;12/09/2026;17:00;19.1;2;NUAGEUX;3;0;0
Rostrenen;48.23;-3.31;12/09/2026;18:00;19.1;2;NUAGEUX;3;0;0
Rostrenen;48.23;-3.31;12/09/2026;19:00;19.1;2;NUAGEUX;3;0;0
Rostrenen;48.23;-3.31;12/09/2026;20:00;16.2;2;NUAGEUX;5;0;0
Rostrenen;48.23;-3.31;12/09/2026;21:00;14.8;2;NUAGEUX;5;0;0
Rostrenen;48.23;-3.31;12/09/2026;22:00;13.5;2;NUAGEUX;5;0;0
Rostrenen;48.23;-3.31;12/09/2026;23:00;12.9;0;SOLEIL;3;0;0
Saint-Brieuc;48.51;-2.76;08/09/2026;00:00;15.7;2;NUAGEUX;3;0;0
Saint-Brieuc;48.51;-2.76;08/09/2026;01:00;15.4;2;NUAGEUX;3;0;0
Saint-Brieuc;48.51;-2.76;08/09/2026;02:00;15.1;2;NUAGEUX;4;0;0
Saint-Brieuc;48.51;-2.76;08/09/2026;03:00;15.2;2;NUAGEUX;4;0;0
Saint-Brieuc;48.51;-2.76;08/09/2026;04:00;15.2;6;AVERSES;4;0;0.1
Saint-Brieuc;48.51;-2.76;08/09/2026;05:00;15.6;6;AVERSES;4;0;0.1
Saint-Brieuc;48.51;-2.76;08/09/2026;06:00;15.7;6;AVERSES;5;0;0.1
Saint-Brieuc;48.51;-2.76;08/09/2026;07:00;16.4;6;AVERSES;6;12;0.4
Saint-Brieuc;48.51;-2.76;08/09/2026;08:00;16.4;7;PLUIE FAIBLE;7;14;3.4
Saint-Brieuc;48.51;-2.76;08/09/2026;09:00;16.7;7;PLUIE FAIBLE;7;15;3.5
Saint-Brieuc;48.51;-2.76;08/09/2026;10:00;16.1;6;AVERSES;8;14;1.4
Saint-Brieuc;48.51;-2.76;08/09/2026;11:00;16.1;7;PLUIE FAIBLE;7;13;3.2
Saint-Brieuc;48.51;-2.76;08/09/2026;12:00;17;6;AVERSES;8;21;0.5
Saint-Brieuc;48.51;-2.76;08/09/2026;13:00;14.6;6;AVERSES;7;17;0.1
Saint-Brieuc;48.51;-2.76;08/09/2026;14:00;16;6;AVERSES;8;15;0.1
Saint-Brieuc;48.51;-2.76;08/09/2026;15:00;17;2;NUAGEUX;7;15;0
Saint-Brieuc;48.51;-2.76;08/09/2026;16:00;17.9;2;NUAGEUX;7;13;0
Saint-Brieuc;48.51;-2.76;08/09/2026;17:00;16.9;2;NUAGEUX;7;13;0
Saint-Brieuc;48.51;-2.76;08/09/2026;18:00;15.2;0;SOLEIL;6;13;0
Saint-Brieuc;48.51;-2.76;08/09/2026;19:00;13.7;0;SOLEIL;5;11;0
Saint-Brieuc;48.51;-2.76;08/09/2026;20:00;13.1;0;SOLEIL;4;11;0
Saint-Brieuc;48.51;-2.76;08/09/2026;21:00;12.6;0;SOLEIL;3;0;0
Saint-Brieuc;48.51;-2.76;08/09/2026;22:00;12.6;0;SOLEIL;3;0;0
Saint-Brieuc;48.51;-2.76;08/09/2026;23:00;11.7;0;SOLEIL;3;0;0
Saint-Brieuc;48.51;-2.76;09/09/2026;00:00;11.5;0;SOLEIL;3;0;0
Saint-Brieuc;48.51;-2.76;09/09/2026;01:00;11.5;0;SOLEIL;3;0;0
Saint-Brieuc;48.51;-2.76;09/09/2026;02:00;10.9;0;SOLEIL;3;0;0
Saint-Brieuc;48.51;-2.76;09/09/2026;03:00;10.9;0;SOLEIL;3;0;0
Saint-Brieuc;48.51;-2.76;09/09/2026;04:00;10.9;0;SOLEIL;3;0;0
Saint-Brieuc;48.51;-2.76;09/09/2026;05:00;10.6;0;SOLEIL;3;0;0
Saint-Brieuc;48.51;-2.76;09/09/2026;06:00;10.6;0;SOLEIL;3;0;0
Saint-Brieuc;48.51;-2.76;09/09/2026;07:00;10.6;0;SOLEIL;3;0;0
Saint-Brieuc;48.51;-2.76;09/09/2026;08:00;15.6;0;SOLEIL;4;0;0
Saint-Brieuc;48.51;-2.76;09/09/2026;09:00;15.6;0;SOLEIL;4;0;0
Saint-Brieuc;48.51;-2.76;09/09/2026;10:00;15.6;0;SOLEIL;4;0;0
Saint-Brieuc;48.51;-2.76;09/09/2026;11:00;18.2;2;NUAGEUX;4;0;0
Saint-Brieuc;48.51;-2.76;09/09/2026;12:00;18.2;2;NUAGEUX;4;0;0
Saint-Brieuc;48.51;-2.76;09/09/2026;13:00;18.2;2;NUAGEUX;4;0;0
Saint-Brieuc;48.51;-2.76;09/09/2026;14:00;18;2;NUAGEUX;4;0;0
Saint-Brieuc;48.51;-2.76;09/09/2026;15:00;18;2;NUAGEUX;4;0;0
Saint-Brieuc;48.51;-2.76;09/09/2026;16:00;18;2;NUAGEUX;4;0;0
Saint-Brieuc;48.51;-2.76;09/09/2026;17:00;15.6;0;SOLEIL;3;0;0
Saint-Brieuc;48.51;-2.76;09/09/2026;18:00;15.6;0;SOLEIL;3;0;0
Saint-Brieuc;48.51;-2.76;09/09/2026;19:00;15.6;0;SOLEIL;3;0;0
Saint-Brieuc;48.51;-2.76;09/09/2026;20:00;12.1;5;SOLEIL VOILÉ;2;0;0
Saint-Brieuc;48.51;-2.76;09/09/2026;21:00;12.1;5;SOLEIL VOILÉ;2;0;0
Saint-Brieuc;48.51;-2.76;09/09/2026;22:00;12.1;5;SOLEIL VOILÉ;2;0;0
Saint-Brieuc;48.51;-2.76;09/09/2026;23:00;10.5;5;SOLEIL VOILÉ;0;0;0
Saint-Brieuc;48.51;-2.76;10/09/2026;00:00;10.5;5;SOLEIL VOILÉ;0;0;0
Saint-Brieuc;48.51;-2.76;10/09/2026;01:00;10.5;5;SOLEIL VOILÉ;0;0;0
Saint-Brieuc;48.51;-2.76;10/09/2026;02:00;9.7;5;SOLEIL VOILÉ;0;0;0
Saint-Brieuc;48.51;-2.76;10/09/2026;03:00;9.7;5;SOLEIL VOILÉ;0;0;0
Saint-Brieuc;48.51;-2.76;10/09/2026;04:00;9.7;5;SOLEIL VOILÉ;0;0;0
Saint-Brieuc;48.51;-2.76;10/09/2026;05:00;9.6;2;NUAGEUX;2;0;0
Saint-Brieuc;48.51;-2.76;10/09/2026;06:00;9.6;2;NUAGEUX;2;0;0
Saint-Brieuc;48.51;-2.76;10/09/2026;07:00;9.6;2;NUAGEUX;2;0;0
Saint-Brieuc;48.51;-2.76;10/09/2026;08:00;14.1;2;NUAGEUX;3;0;0
Saint-Brieuc;48.51;-2.76;10/09/2026;09:00;14.1;2;NUAGEUX;3;0;0
Saint-Brieuc;48.51;-2.76;10/09/2026;10:00;14.1;2;NUAGEUX;3;0;0
Saint-Brieuc;48.51;-2.76;10/09/2026;11:00;17.6;2;NUAGEUX;4;0;0
Saint-Brieuc;48.51;-2.76;10/09/2026;12:00;17.6;2;NUAGEUX;4;0;0
Saint-Brieuc;48.51;-2.76;10/09/2026;13:00;17.6;2;NUAGEUX;4;0;0
Saint-Brieuc;48.51;-2.76;10/09/2026;14:00;17.2;2;NUAGEUX;5;0;0
Saint-Brieuc;48.51;-2.76;10/09/2026;15:00;17.2;2;NUAGEUX;5;0;0
Saint-Brieuc;48.51;-2.76;10/09/2026;16:00;17.2;2;NUAGEUX;5;0;0
Saint-Brieuc;48.51;-2.76;10/09/2026;17:00;16.2;2;NUAGEUX;4;0;0
Saint-Brieuc;48.51;-2.76;10/09/2026;18:00;16.2;2;NUAGEUX;4;0;0
Saint-Brieuc;48.51;-2.76;10/09/2026;19:00;16.2;2;NUAGEUX;4;0;0
Saint-Brieuc;48.51;-2.76;10/09/2026;20:00;13.1;2;NUAGEUX;5;0;0
Saint-Brieuc;48.51;-2.76;10/09/2026;21:00;12.1;2;NUAGEUX;5;0;0
Saint-Brieuc;48.51;-2.76;10/09/2026;22:00;11.1;2;NUAGEUX;5;0;0
Saint-Brieuc;48.51;-2.76;10/09/2026;23:00;13.9;7;PLUIE FAIBLE;4;0;0
Saint-Brieuc;48.51;-2.76;11/09/2026;00:00;13.9;7;PLUIE FAIBLE;4;0;0
Saint-Brieuc;48.51;-2.76;11/09/2026;01:00;13.9;7;PLUIE FAIBLE;4;0;0
Saint-Brieuc;48.51;-2.76;11/09/2026;02:00;13.6;7;PLUIE FAIBLE;5;0;0
Saint-Brieuc;48.51;-2.76;11/09/2026;03:00;13.6;7;PLUIE FAIBLE;5;0;0
Saint-Brieuc;48.51;-2.76;11/09/2026;04:00;13.6;7;PLUIE FAIBLE;5;0;0
Saint-Brieuc;48.51;-2.76;11/09/2026;05:00;14.5;7;PLUIE FAIBLE;4;0;0
Saint-Brieuc;48.51;-2.76;11/09/2026;06:00;14.5;7;PLUIE FAIBLE;4;0;0
Saint-Brieuc;48.51;-2.76;11/09/2026;07:00;14.5;7;PLUIE FAIBLE;4;0;0
Saint-Brieuc;48.51;-2.76;11/09/2026;08:00;15.0;7;PLUIE FAIBLE;5;0;0
Saint-Brieuc;48.51;-2.76;11/09/2026;09:00;15.7;7;PLUIE FAIBLE;5;0;0
Saint-Brieuc;48.51;-2.76;11/09/2026;10:00;16.4;7;PLUIE FAIBLE;5;0;0
Saint-Brieuc;48.51;-2.76;11/09/2026;11:00;18.7;6;AVERSES;4;0;0
Saint-Brieuc;48.51;-2.76;11/09/2026;12:00;18.7;6;AVERSES;4;0;0
Saint-Brieuc;48.51;-2.76;11/09/2026;13:00;18.7;6;AVERSES;4;0;0
Saint-Brieuc;48.51;-2.76;11/09/2026;14:00;19.2;7;PLUIE FAIBLE;5;0;0
Saint-Brieuc;48.51;-2.76;11/09/2026;15:00;19.9;7;PLUIE FAIBLE;5;0;0
Saint-Brieuc;48.51;-2.76;11/09/2026;16:00;19.2;7;PLUIE FAIBLE;5;0;0
Saint-Brieuc;48.51;-2.76;11/09/2026;17:00;16.9;7;PLUIE FAIBLE;4;0;0
Saint-Brieuc;48.51;-2.76;11/09/2026;18:00;16.9;7;PLUIE FAIBLE;4;0;0
Saint-Brieuc;48.51;-2.76;11/09/2026;19:00;16.9;7;PLUIE FAIBLE;4;0;0
Saint-Brieuc;48.51;-2.76;11/09/2026;20:00;16.4;7;PLUIE FAIBLE;5;0;0
Saint-Brieuc;48.51;-2.76;11/09/2026;21:00;15.7;7;PLUIE FAIBLE;5;0;0
Saint-Brieuc;48.51;-2.76;11/09/2026;22:00;15.0;7;PLUIE FAIBLE;5;0;0
Saint-Brieuc;48.51;-2.76;11/09/2026;23:00;12.2;0;SOLEIL;2;0;0
Saint-Brieuc;48.51;-2.76;12/09/2026;00:00;12.2;0;SOLEIL;2;0;0
Saint-Brieuc;48.51;-2.76;12/09/2026;01:00;12.2;0;SOLEIL;2;0;0
Saint-Brieuc;48.51;-2.76;12/09/2026;02:00;9.9;2;NUAGEUX;5;0;0
Saint-Brieuc;48.51;-2.76;12/09/2026;03:00;9.9;2;NUAGEUX;5;0;0
Saint-Brieuc;48.51;-2.76;12/09/2026;04:00;9.9;2;NUAGEUX;5;0;0
Saint-Brieuc;48.51;-2.76;12/09/2026;05:00;10.6;2;NUAGEUX;2;0;0
Saint-Brieuc;48.51;-2.76;12/09/2026;06:00;10.6;2;NUAGEUX;2;0;0
Saint-Brieuc;48.51;-2.76;12/09/2026;07:00;10.6;2;NUAGEUX;2;0;0
Saint-Brieuc;48.51;-2.76;12/09/2026;08:00;12.3;2;NUAGEUX;5;0;0
Saint-Brieuc;48.51;-2.76;12/09/2026;09:00;13.5;2;NUAGEUX;5;0;0
Saint-Brieuc;48.51;-2.76;12/09/2026;10:00;14.7;2;NUAGEUX;5;0;0
Saint-Brieuc;48.51;-2.76;12/09/2026;11:00;19;2;NUAGEUX;2;0;0
Saint-Brieuc;48.51;-2.76;12/09/2026;12:00;19;2;NUAGEUX;2;0;0
Saint-Brieuc;48.51;-2.76;12/09/2026;13:00;19;2;NUAGEUX;2;0;0
Saint-Brieuc;48.51;-2.76;12/09/2026;14:00;19.5;2;NUAGEUX;5;0;0
Saint-Brieuc;48.51;-2.76;12/09/2026;15:00;20.7;2;NUAGEUX;5;0;0
Saint-Brieuc;48.51;-2.76;12/09/2026;16:00;19.5;2;NUAGEUX;5;0;0
Saint-Brieuc;48.51;-2.76;12/09/2026;17:00;18;2;NUAGEUX;3;0;0
Saint-Brieuc;48.51;-2.76;12/09/2026;18:00;18;2;NUAGEUX;3;0;0
Saint-Brieuc;48.51;-2.76;12/09/2026;19:00;18;2;NUAGEUX;3;0;0
Saint-Brieuc;48.51;-2.76;12/09/2026;20:00;14.7;2;NUAGEUX;5;0;0
Saint-Brieuc;48.51;-2.76;12/09/2026;21:00;13.5;2;NUAGEUX;5;0;0
Saint-Brieuc;48.51;-2.76;12/09/2026;22:00;12.3;2;NUAGEUX;5;0;0
Saint-Brieuc;48.51;-2.76;12/09/2026;23:00;13.2;0;SOLEIL;3;0;0
Brest;48.39;-4.48;08/09/2026;00:00;16.6;5;SOLEIL VOILÉ;3;0;0
Brest;48.39;-4.48;08/09/2026;01:00;16.6;5;SOLEIL VOILÉ;3;0;0
Brest;48.39;-4.48;08/09/2026;02:00;16.4;5;SOLEIL VOILÉ;3;0;0
Brest;48.39;-4.48;08/09/2026;03:00;16.6;5;SOLEIL VOILÉ;3;0;0
Brest;48.39;-4.48;08/09/2026;04:00;16.7;6;AVERSES;4;0;0.1
Brest;48.39;-4.48;08/09/2026;05:00;17;6;AVERSES;4;0;0.1
Brest;48.39;-4.48;08/09/2026;06:00;17.1;6;AVERSES;4;0;0.1
Brest;48.39;-4.48;08/09/2026;07:00;17;6;AVERSES;4;0;0.2
Brest;48.39;-4.48;08/09/2026;08:00;17.6;6;AVERSES;6;0;0.9
Brest;48.39;-4.48;08/09/2026;09:00;17.6;7;PLUIE FAIBLE;7;12;4.7
Brest;48.39;-4.48;08/09/2026;10:00;17.6;6;AVERSES;7;15;1.3
Brest;48.39;-4.48;08/09/2026;11:00;17.2;6;AVERSES;7;15;1.3
Brest;48.39;-4.48;08/09/2026;12:00;18.1;6;AVERSES;7;15;1.3
Brest;48.39;-4.48;08/09/2026;13:00;17;6;AVERSES;7;20;0.1
Brest;48.39;-4.48;08/09/2026;14:00;17.5;6;AVERSES;6;14;0.1
Brest;48.39;-4.48;08/09/2026;15:00;18.5;6;AVERSES;6;14;0.1
Brest;48.39;-4.48;08/09/2026;16:00;18.2;2;NUAGEUX;6;14;0
Brest;48.39;-4.48;08/09/2026;17:00;17.5;2;NUAGEUX;6;13;0
Brest;48.39;-4.48;08/09/2026;18:00;16.6;0;SOLEIL;5;12;0
Brest;48.39;-4.48;08/09/2026;19:00;15.6;0;SOLEIL;4;0;0
Brest;48.39;-4.48;08/09/2026;20:00;15;0;SOLEIL;4;0;0
Brest;48.39;-4.48;08/09/2026;21:00;14.1;0;SOLEIL;3;0;0
Brest;48.39;-4.48;08/09/2026;22:00;14.4;0;SOLEIL;3;0;0
Brest;48.39;-4.48;08/09/2026;23:00;13.4;0;SOLEIL;3;0;0
Brest;48.39;-4.48;09/09/2026;00:00;13.7;0;SOLEIL;3;0;0
Brest;48.39;-4.48;09/09/2026;01:00;13.7;0;SOLEIL;3;0;0
Brest;48.39;-4.48;09/09/2026;02:00;13.4;0;SOLEIL;4;0;0
Brest;48.39;-4.48;09/09/2026;03:00;13.4;0;SOLEIL;4;0;0
Brest;48.39;-4.48;09/09/2026;04:00;13.4;0;SOLEIL;4;0;0
Brest;48.39;-4.48;09/09/2026;05:00;12.9;0;SOLEIL;4;0;0
Brest;48.39;-4.48;09/09/2026;06:00;12.9;0;SOLEIL;4;0;0
Brest;48.39;-4.48;09/09/2026;07:00;12.9;0;SOLEIL;4;0;0
Brest;48.39;-4.48;09/09/2026;08:00;17.1;0;SOLEIL;5;0;0
Brest;48.39;-4.48;09/09/2026;09:00;17.1;0;SOLEIL;5;0;0
Brest;48.39;-4.48;09/09/2026;10:00;17.1;0;SOLEIL;5;0;0
Brest;48.39;-4.48;09/09/2026;11:00;18.5;2;NUAGEUX;4;0;0
Brest;48.39;-4.48;09/09/2026;12:00;18.5;2;NUAGEUX;4;0;0
Brest;48.39;-4.48;09/09/2026;13:00;18.5;2;NUAGEUX;4;0;0
Brest;48.39;-4.48;09/09/2026;14:00;19;2;NUAGEUX;4;0;0
Brest;48.39;-4.48;09/09/2026;15:00;19;2;NUAGEUX;4;0;0
Brest;48.39;-4.48;09/09/2026;16:00;19;2;NUAGEUX;4;0;0
Brest;48.39;-4.48;09/09/2026;17:00;16.7;0;SOLEIL;3;0;0
Brest;48.39;-4.48;09/09/2026;18:00;16.7;0;SOLEIL;3;0;0
Brest;48.39;-4.48;09/09/2026;19:00;16.7;0;SOLEIL;3;0;0
Brest;48.39;-4.48;09/09/2026;20:00;13.4;5;SOLEIL VOILÉ;2;0;0
Brest;48.39;-4.48;09/09/2026;21:00;13.4;5;SOLEIL VOILÉ;2;0;0
Brest;48.39;-4.48;09/09/2026;22:00;13.4;5;SOLEIL VOILÉ;2;0;0
Brest;48.39;-4.48;09/09/2026;23:00;13.1;5;SOLEIL VOILÉ;2;0;0
Brest;48.39;-4.48;10/09/2026;00:00;13.1;5;SOLEIL VOILÉ;2;0;0
Brest;48.39;-4.48;10/09/2026;01:00;13.1;5;SOLEIL VOILÉ;2;0;0
Brest;48.39;-4.48;10/09/2026;02:00;12;5;SOLEIL VOILÉ;2;0;0
Brest;48.39;-4.48;10/09/2026;03:00;12;5;SOLEIL VOILÉ;2;0;0
Brest;48.39;-4.48;10/09/2026;04:00;12;5;SOLEIL VOILÉ;2;0;0
Brest;48.39;-4.48;10/09/2026;05:00;11.7;5;SOLEIL VOILÉ;3;0;0
Brest;48.39;-4.48;10/09/2026;06:00;11.7;5;SOLEIL VOILÉ;3;0;0
Brest;48.39;-4.48;10/09/2026;07:00;11.7;5;SOLEIL VOILÉ;3;0;0
Brest;48.39;-4.48;10/09/2026;08:00;16.6;2;NUAGEUX;3;0;0
Brest;48.39;-4.48;10/09/2026;09:00;16.6;2;NUAGEUX;3;0;0
Brest;48.39;-4.48;10/09/2026;10:00;16.6;2;NUAGEUX;3;0;0
Brest;48.39;-4.48;10/09/2026;11:00;19;2;NUAGEUX;4;0;0
Brest;48.39;-4.48;10/09/2026;12:00;19;2;NUAGEUX;4;0;0
Brest;48.39;-4.48;10/09/2026;13:00;19;2;NUAGEUX;4;0;0
Brest;48.39;-4.48;10/09/2026;14:00;19.4;2;NUAGEUX;4;0;0
Brest;48.39;-4.48;10/09/2026;15:00;19.4;2;NUAGEUX;4;0;0
Brest;48.39;-4.48;10/09/2026;16:00;19.4;2;NUAGEUX;4;0;0
Brest;48.39;-4.48;10/09/2026;17:00;17.4;2;NUAGEUX;4;0;0
Brest;48.39;-4.48;10/09/2026;18:00;17.4;2;NUAGEUX;4;0;0
Brest;48.39;-4.48;10/09/2026;19:00;17.4;2;NUAGEUX;4;0;0
Brest;48.39;-4.48;10/09/2026;20:00;15.1;2;NUAGEUX;5;0;0
Brest;48.39;-4.48;10/09/2026;21:00;14.1;2;NUAGEUX;5;0;0
Brest;48.39;-4.48;10/09/2026;22:00;13.1;2;NUAGEUX;5;0;0
Brest;48.39;-4.48;10/09/2026;23:00;15.4;6;AVERSES;5;0;0
Brest;48.39;-4.48;11/09/2026;00:00;15.4;6;AVERSES;5;0;0
Brest;48.39;-4.48;11/09/2026;01:00;15.4;6;AVERSES;5;0;0
Brest;48.39;-4.48;11/09/2026;02:00;15.1;6;AVERSES;5;0;0
Brest;48.39;-4.48;11/09/2026;03:00;15.1;6;AVERSES;5;0;0
Brest;48.39;-4.48;11/09/2026;04:00;15.1;6;AVERSES;5;0;0
Brest;48.39;-4.48;11/09/2026;05:00;16;7;PLUIE FAIBLE;4;0;0
Brest;48.39;-4.48;11/09/2026;06:00;16;7;PLUIE FAIBLE;4;0;0
Brest;48.39;-4.48;11/09/2026;07:00;16;7;PLUIE FAIBLE;4;0;0
Brest;48.39;-4.48;11/09/2026;08:00;16.4;6;AVERSES;5;0;0
Brest;48.39;-4.48;11/09/2026;09:00;17.1;6;AVERSES;5;0;0
Brest;48.39;-4.48;11/09/2026;10:00;17.7;6;AVERSES;5;0;0
Brest;48.39;-4.48;11/09/2026;11:00;20.2;6;AVERSES;4;0;0
Brest;48.39;-4.48;11/09/2026;12:00;20.2;6;AVERSES;4;0;0
Brest;48.39;-4.48;11/09/2026;13:00;20.2;6;AVERSES;4;0;0
Brest;48.39;-4.48;11/09/2026;14:00;20.3;6;AVERSES;5;0;0
Brest;48.39;-4.48;11/09/2026;15:00;21.0;6;AVERSES;5;0;0
Brest;48.39;-4.48;11/09/2026;16:00;20.3;6;AVERSES;5;0;0
Brest;48.39;-4.48;11/09/2026;17:00;18;6;AVERSES;4;0;0
Brest;48.39;-4.48;11/09/2026;18:00;18;6;AVERSES;4;0;0
Brest;48.39;-4.48;11/09/2026;19:00;18;6;AVERSES;4;0;0
Brest;48.39;-4.48;11/09/2026;20:00;17.7;6;AVERSES;5;0;0
Brest;48.39;-4.48;11/09/2026;21:00;17.1;6;AVERSES;5;0;0
Brest;48.39;-4.48;11/09/2026;22:00;16.4;6;AVERSES;5;0;0
Brest;48.39;-4.48;11/09/2026;23:00;14.1;0;SOLEIL;3;0;0
Brest;48.39;-4.48;12/09/2026;00:00;14.1;0;SOLEIL;3;0;0
Brest;48.39;-4.48;12/09/2026;01:00;14.1;0;SOLEIL;3;0;0
Brest;48.39;-4.48;12/09/2026;02:00;12.6;2;NUAGEUX;5;0;0
Brest;48.39;-4.48;12/09/2026;03:00;12.6;2;NUAGEUX;5;0;0
Brest;48.39;-4.48;12/09/2026;04:00;12.6;2;NUAGEUX;5;0;0
Brest;48.39;-4.48;12/09/2026;05:00;13.1;2;NUAGEUX;2;0;0
Brest;48.39;-4.48;12/09/2026;06:00;13.1;2;NUAGEUX;2;0;0
Brest;48.39;-4.48;12/09/2026;07:00;13.1;2;NUAGEUX;2;0;0
Brest;48.39;-4.48;12/09/2026;08:00;14.7;2;NUAGEUX;5;0;0
Brest;48.39;-4.48;12/09/2026;09:00;15.7;2;NUAGEUX;5;0;0
Brest;48.39;-4.48;12/09/2026;10:00;16.7;2;NUAGEUX;5;0;0
Brest;48.39;-4.48;12/09/2026;11:00;20.5;2;NUAGEUX;2;0;0
Brest;48.39;-4.48;12/09/2026;12:00;20.5;2;NUAGEUX;2;0;0
Brest;48.39;-4.48;12/09/2026;13:00;20.5;2;NUAGEUX;2;0;0
Brest;48.39;-4.48;12/09/2026;14:00;20.9;2;NUAGEUX;5;0;0
Brest;48.39;-4.48;12/09/2026;15:00;21.9;2;NUAGEUX;5;0;0
Brest;48.39;-4.48;12/09/2026;16:00;20.9;2;NUAGEUX;5;0;0
Brest;48.39;-4.48;12/09/2026;17:00;18.5;2;NUAGEUX;2;0;0
Brest;48.39;-4.48;12/09/2026;18:00;18.5;2;NUAGEUX;2;0;0
Brest;48.39;-4.48;12/09/2026;19:00;18.5;2;NUAGEUX;2;0;0
Brest;48.39;-4.48;12/09/2026;20:00;16.7;2;NUAGEUX;5;0;0
Brest;48.39;-4.48;12/09/2026;21:00;15.7;2;NUAGEUX;5;0;0
Brest;48.39;-4.48;12/09/2026;22:00;14.7;2;NUAGEUX;5;0;0
Brest;48.39;-4.48;12/09/2026;23:00;14.7;0;SOLEIL;3;0;0
Île-de-Sein;48.03;-4.85;08/09/2026;00:00;16.9;2;NUAGEUX;3;0;0
Île-de-Sein;48.03;-4.85;08/09/2026;01:00;16.7;6;AVERSES;4;0;0.1
Île-de-Sein;48.03;-4.85;08/09/2026;02:00;17;6;AVERSES;4;0;0.1
Île-de-Sein;48.03;-4.85;08/09/2026;03:00;17;6;AVERSES;5;0;0.1
Île-de-Sein;48.03;-4.85;08/09/2026;04:00;17.5;6;AVERSES;5;0;0.1
Île-de-Sein;48.03;-4.85;08/09/2026;05:00;17.5;6;AVERSES;5;11;1.1
Île-de-Sein;48.03;-4.85;08/09/2026;06:00;17.1;7;PLUIE FAIBLE;7;12;4
Île-de-Sein;48.03;-4.85;08/09/2026;07:00;17.4;12;BROUILLARD;8;15;9.2
Île-de-Sein;48.03;-4.85;08/09/2026;08:00;17.2;7;PLUIE FAIBLE;8;18;4.3
Île-de-Sein;48.03;-4.85;08/09/2026;09:00;17.9;7;PLUIE FAIBLE;6;18;2.5
Île-de-Sein;48.03;-4.85;08/09/2026;10:00;17.9;6;AVERSES;7;25;0.7
Île-de-Sein;48.03;-4.85;08/09/2026;11:00;17.1;6;AVERSES;7;23;0.2
Île-de-Sein;48.03;-4.85;08/09/2026;12:00;18.5;6;AVERSES;7;16;0.2
Île-de-Sein;48.03;-4.85;08/09/2026;13:00;19;2;NUAGEUX;7;16;0
Île-de-Sein;48.03;-4.85;08/09/2026;14:00;19.2;0;SOLEIL;7;16;0
Île-de-Sein;48.03;-4.85;08/09/2026;15:00;18.7;2;NUAGEUX;7;15;0
Île-de-Sein;48.03;-4.85;08/09/2026;16:00;18.6;2;NUAGEUX;6;14;0
Île-de-Sein;48.03;-4.85;08/09/2026;17:00;17.5;0;SOLEIL;6;13;0
Île-de-Sein;48.03;-4.85;08/09/2026;18:00;16.6;0;SOLEIL;5;12;0
Île-de-Sein;48.03;-4.85;08/09/2026;19:00;15.7;0;SOLEIL;4;0;0
Île-de-Sein;48.03;-4.85;08/09/2026;20:00;15;0;SOLEIL;4;0;0
Île-de-Sein;48.03;-4.85;08/09/2026;21:00;14.5;0;SOLEIL;3;0;0
Île-de-Sein;48.03;-4.85;08/09/2026;22:00;15;0;SOLEIL;3;0;0
Île-de-Sein;48.03;-4.85;08/09/2026;23:00;14.6;0;SOLEIL;3;0;0
Île-de-Sein;48.03;-4.85;09/09/2026;00:00;14.2;0;SOLEIL;3;0;0
Île-de-Sein;48.03;-4.85;09/09/2026;01:00;14.2;0;SOLEIL;3;0;0
Île-de-Sein;48.03;-4.85;09/09/2026;02:00;13;0;SOLEIL;3;0;0
Île-de-Sein;48.03;-4.85;09/09/2026;03:00;13;0;SOLEIL;3;0;0
Île-de-Sein;48.03;-4.85;09/09/2026;04:00;13;0;SOLEIL;3;0;0
Île-de-Sein;48.03;-4.85;09/09/2026;05:00;13.2;0;SOLEIL;3;0;0
Île-de-Sein;48.03;-4.85;09/09/2026;06:00;13.2;0;SOLEIL;3;0;0
Île-de-Sein;48.03;-4.85;09/09/2026;07:00;13.2;0;SOLEIL;3;0;0
Île-de-Sein;48.03;-4.85;09/09/2026;08:00;17.6;0;SOLEIL;4;0;0
Île-de-Sein;48.03;-4.85;09/09/2026;09:00;17.6;0;SOLEIL;4;0;0
Île-de-Sein;48.03;-4.85;09/09/2026;10:00;17.6;0;SOLEIL;4;0;0
Île-de-Sein;48.03;-4.85;09/09/2026;11:00;19.1;0;SOLEIL;4;0;0
Île-de-Sein;48.03;-4.85;09/09/2026;12:00;19.1;0;SOLEIL;4;0;0
Île-de-Sein;48.03;-4.85;09/09/2026;13:00;19.1;0;SOLEIL;4;0;0
Île-de-Sein;48.03;-4.85;09/09/2026;14:00;19;0;SOLEIL;4;0;0
Île-de-Sein;48.03;-4.85;09/09/2026;15:00;19;0;SOLEIL;4;0;0
Île-de-Sein;48.03;-4.85;09/09/2026;16:00;19;0;SOLEIL;4;0;0
Île-de-Sein;48.03;-4.85;09/09/2026;17:00;16.9;5;SOLEIL VOILÉ;2;0;0
Île-de-Sein;48.03;-4.85;09/09/2026;18:00;16.9;5;SOLEIL VOILÉ;2;0;0
Île-de-Sein;48.03;-4.85;09/09/2026;19:00;16.9;5;SOLEIL VOILÉ;2;0;0
Île-de-Sein;48.03;-4.85;09/09/2026;20:00;14.4;5;SOLEIL VOILÉ;1;0;0
Île-de-Sein;48.03;-4.85;09/09/2026;21:00;14.4;5;SOLEIL VOILÉ;1;0;0
Île-de-Sein;48.03;-4.85;09/09/2026;22:00;14.4;5;SOLEIL VOILÉ;1;0;0
Île-de-Sein;48.03;-4.85;09/09/2026;23:00;13.4;5;SOLEIL VOILÉ;1;0;0
Île-de-Sein;48.03;-4.85;10/09/2026;00:00;13.4;5;SOLEIL VOILÉ;1;0;0
Île-de-Sein;48.03;-4.85;10/09/2026;01:00;13.4;5;SOLEIL VOILÉ;1;0;0
Île-de-Sein;48.03;-4.85;10/09/2026;02:00;12.7;2;NUAGEUX;2;0;0
Île-de-Sein;48.03;-4.85;10/09/2026;03:00;12.7;2;NUAGEUX;2;0;0
Île-de-Sein;48.03;-4.85;10/09/2026;04:00;12.7;2;NUAGEUX;2;0;0
Île-de-Sein;48.03;-4.85;10/09/2026;05:00;13.2;2;NUAGEUX;3;0;0
Île-de-Sein;48.03;-4.85;10/09/2026;06:00;13.2;2;NUAGEUX;3;0;0
Île-de-Sein;48.03;-4.85;10/09/2026;07:00;13.2;2;NUAGEUX;3;0;0
Île-de-Sein;48.03;-4.85;10/09/2026;08:00;16.6;2;NUAGEUX;4;0;0
Île-de-Sein;48.03;-4.85;10/09/2026;09:00;16.6;2;NUAGEUX;4;0;0
Île-de-Sein;48.03;-4.85;10/09/2026;10:00;16.6;2;NUAGEUX;4;0;0
Île-de-Sein;48.03;-4.85;10/09/2026;11:00;18.9;2;NUAGEUX;6;11;0
Île-de-Sein;48.03;-4.85;10/09/2026;12:00;18.9;2;NUAGEUX;6;11;0
Île-de-Sein;48.03;-4.85;10/09/2026;13:00;18.9;2;NUAGEUX;6;11;0
Île-de-Sein;48.03;-4.85;10/09/2026;14:00;19;2;NUAGEUX;6;12;0
Île-de-Sein;48.03;-4.85;10/09/2026;15:00;19;2;NUAGEUX;6;12;0
Île-de-Sein;48.03;-4.85;10/09/2026;16:00;19;2;NUAGEUX;6;12;0
Île-de-Sein;48.03;-4.85;10/09/2026;17:00;18.1;2;NUAGEUX;5;11;0
Île-de-Sein;48.03;-4.85;10/09/2026;18:00;18.1;2;NUAGEUX;5;11;0
Île-de-Sein;48.03;-4.85;10/09/2026;19:00;18.1;2;NUAGEUX;5;11;0
Île-de-Sein;48.03;-4.85;10/09/2026;20:00;15.5;2;NUAGEUX;5;0;0
Île-de-Sein;48.03;-4.85;10/09/2026;21:00;14.6;2;NUAGEUX;5;0;0
Île-de-Sein;48.03;-4.85;10/09/2026;22:00;13.8;2;NUAGEUX;5;0;0
Île-de-Sein;48.03;-4.85;10/09/2026;23:00;16.6;7;PLUIE FAIBLE;5;0;0
Île-de-Sein;48.03;-4.85;11/09/2026;00:00;16.6;7;PLUIE FAIBLE;5;0;0
Île-de-Sein;48.03;-4.85;11/09/2026;01:00;16.6;7;PLUIE FAIBLE;5;0;0
Île-de-Sein;48.03;-4.85;11/09/2026;02:00;14.7;6;AVERSES;5;0;0
Île-de-Sein;48.03;-4.85;11/09/2026;03:00;14.7;6;AVERSES;5;0;0
Île-de-Sein;48.03;-4.85;11/09/2026;04:00;14.7;6;AVERSES;5;0;0
Île-de-Sein;48.03;-4.85;11/09/2026;05:00;15.4;7;PLUIE FAIBLE;3;0;0
Île-de-Sein;48.03;-4.85;11/09/2026;06:00;15.4;7;PLUIE FAIBLE;3;0;0
Île-de-Sein;48.03;-4.85;11/09/2026;07:00;15.4;7;PLUIE FAIBLE;3;0;0
Île-de-Sein;48.03;-4.85;11/09/2026;08:00;16.2;6;AVERSES;5;0;0
Île-de-Sein;48.03;-4.85;11/09/2026;09:00;16.9;6;AVERSES;5;0;0
Île-de-Sein;48.03;-4.85;11/09/2026;10:00;17.7;6;AVERSES;5;0;0
Île-de-Sein;48.03;-4.85;11/09/2026;11:00;20.6;6;AVERSES;5;0;0
Île-de-Sein;48.03;-4.85;11/09/2026;12:00;20.6;6;AVERSES;5;0;0
Île-de-Sein;48.03;-4.85;11/09/2026;13:00;20.6;6;AVERSES;5;0;0
Île-de-Sein;48.03;-4.85;11/09/2026;14:00;20.7;6;AVERSES;5;0;0
Île-de-Sein;48.03;-4.85;11/09/2026;15:00;21.4;6;AVERSES;5;0;0
Île-de-Sein;48.03;-4.85;11/09/2026;16:00;20.7;6;AVERSES;5;0;0
Île-de-Sein;48.03;-4.85;11/09/2026;17:00;17.7;6;AVERSES;3;0;0
Île-de-Sein;48.03;-4.85;11/09/2026;18:00;17.7;6;AVERSES;3;0;0
Île-de-Sein;48.03;-4.85;11/09/2026;19:00;17.7;6;AVERSES;3;0;0
Île-de-Sein;48.03;-4.85;11/09/2026;20:00;17.7;6;AVERSES;5;0;0
Île-de-Sein;48.03;-4.85;11/09/2026;21:00;16.9;6;AVERSES;5;0;0
Île-de-Sein;48.03;-4.85;11/09/2026;22:00;16.2;6;AVERSES;5;0;0
Île-de-Sein;48.03;-4.85;11/09/2026;23:00;13.7;0;SOLEIL;2;0;0
Île-de-Sein;48.03;-4.85;12/09/2026;00:00;13.7;0;SOLEIL;2;0;0
Île-de-Sein;48.03;-4.85;12/09/2026;01:00;13.7;0;SOLEIL;2;0;0
Île-de-Sein;48.03;-4.85;12/09/2026;02:00;11.6;2;NUAGEUX;5;0;0
Île-de-Sein;48.03;-4.85;12/09/2026;03:00;11.6;2;NUAGEUX;5;0;0
Île-de-Sein;48.03;-4.85;12/09/2026;04:00;11.6;2;NUAGEUX;5;0;0
Île-de-Sein;48.03;-4.85;12/09/2026;05:00;12.1;2;NUAGEUX;2;0;0
Île-de-Sein;48.03;-4.85;12/09/2026;06:00;12.1;2;NUAGEUX;2;0;0
Île-de-Sein;48.03;-4.85;12/09/2026;07:00;12.1;2;NUAGEUX;2;0;0
Île-de-Sein;48.03;-4.85;12/09/2026;08:00;13.6;2;NUAGEUX;5;0;0
Île-de-Sein;48.03;-4.85;12/09/2026;09:00;14.6;2;NUAGEUX;5;0;0
Île-de-Sein;48.03;-4.85;12/09/2026;10:00;15.6;2;NUAGEUX;5;0;0
Île-de-Sein;48.03;-4.85;12/09/2026;11:00;20;2;NUAGEUX;3;0;0
Île-de-Sein;48.03;-4.85;12/09/2026;12:00;20;2;NUAGEUX;3;0;0
Île-de-Sein;48.03;-4.85;12/09/2026;13:00;20;2;NUAGEUX;3;0;0
Île-de-Sein;48.03;-4.85;12/09/2026;14:00;19.7;2;NUAGEUX;5;0;0
Île-de-Sein;48.03;-4.85;12/09/2026;15:00;20.7;2;NUAGEUX;5;0;0
Île-de-Sein;48.03;-4.85;12/09/2026;16:00;19.7;2;NUAGEUX;5;0;0
Île-de-Sein;48.03;-4.85;12/09/2026;17:00;17.6;2;NUAGEUX;3;0;0
Île-de-Sein;48.03;-4.85;12/09/2026;18:00;17.6;2;NUAGEUX;3;0;0
Île-de-Sein;48.03;-4.85;12/09/2026;19:00;17.6;2;NUAGEUX;3;0;0
Île-de-Sein;48.03;-4.85;12/09/2026;20:00;15.6;2;NUAGEUX;5;0;0
Île-de-Sein;48.03;-4.85;12/09/2026;21:00;14.6;2;NUAGEUX;5;0;0
Île-de-Sein;48.03;-4.85;12/09/2026;22:00;13.6;2;NUAGEUX;5;0;0
Île-de-Sein;48.03;-4.85;12/09/2026;23:00;14.9;0;SOLEIL;3;0;0
Morlaix;48.57;-3.82;08/09/2026;00:00;18.1;5;SOLEIL VOILÉ;6;0;0
Morlaix;48.57;-3.82;08/09/2026;01:00;17.9;2;NUAGEUX;6;0;0
Morlaix;48.57;-3.82;08/09/2026;02:00;17.9;2;NUAGEUX;7;0;0
Morlaix;48.57;-3.82;08/09/2026;03:00;17.7;2;NUAGEUX;8;0;0
Morlaix;48.57;-3.82;08/09/2026;04:00;17.6;6;AVERSES;8;0;0.1
Morlaix;48.57;-3.82;08/09/2026;05:00;17.7;6;AVERSES;10;12;0.2
Morlaix;48.57;-3.82;08/09/2026;06:00;17.6;7;PLUIE FAIBLE;12;15;2.6
Morlaix;48.57;-3.82;08/09/2026;07:00;17.2;7;PLUIE FAIBLE;12;18;3.6
Morlaix;48.57;-3.82;08/09/2026;08:00;17.1;6;AVERSES;13;18;2.2
Morlaix;48.57;-3.82;08/09/2026;09:00;19;6;AVERSES;12;20;0.4
Morlaix;48.57;-3.82;08/09/2026;10:00;17.5;2;NUAGEUX;11;25;0
Morlaix;48.57;-3.82;08/09/2026;11:00;17.6;2;NUAGEUX;10;23;0
Morlaix;48.57;-3.82;08/09/2026;12:00;18.2;0;SOLEIL;11;19;0
Morlaix;48.57;-3.82;08/09/2026;13:00;18.7;0;SOLEIL;11;18;0
Morlaix;48.57;-3.82;08/09/2026;14:00;19.1;0;SOLEIL;10;16;0
Morlaix;48.57;-3.82;08/09/2026;15:00;19.4;0;SOLEIL;10;15;0
Morlaix;48.57;-3.82;08/09/2026;16:00;19.7;0;SOLEIL;10;13;0
Morlaix;48.57;-3.82;08/09/2026;17:00;18.1;0;SOLEIL;10;13;0
Morlaix;48.57;-3.82;08/09/2026;18:00;17.2;0;SOLEIL;9;12;0
Morlaix;48.57;-3.82;08/09/2026;19:00;16.6;0;SOLEIL;9;13;0
Morlaix;48.57;-3.82;08/09/2026;20:00;16.9;0;SOLEIL;9;12;0
Morlaix;48.57;-3.82;08/09/2026;21:00;17.6;0;SOLEIL;9;11;0
Morlaix;48.57;-3.82;08/09/2026;22:00;17.1;0;SOLEIL;9;16;0
Morlaix;48.57;-3.82;08/09/2026;23:00;17.5;0;SOLEIL;8;13;0
Morlaix;48.57;-3.82;09/09/2026;00:00;16.6;0;SOLEIL;8;11;0
Morlaix;48.57;-3.82;09/09/2026;01:00;16.6;0;SOLEIL;8;11;0
Morlaix;48.57;-3.82;09/09/2026;02:00;15.9;0;SOLEIL;8;11;0
Morlaix;48.57;-3.82;09/09/2026;03:00;15.9;0;SOLEIL;8;11;0
Morlaix;48.57;-3.82;09/09/2026;04:00;15.9;0;SOLEIL;8;11;0
Morlaix;48.57;-3.82;09/09/2026;05:00;15.6;0;SOLEIL;7;0;0
Morlaix;48.57;-3.82;09/09/2026;06:00;15.6;0;SOLEIL;7;0;0
Morlaix;48.57;-3.82;09/09/2026;07:00;15.6;0;SOLEIL;7;0;0
Morlaix;48.57;-3.82;09/09/2026;08:00;17.5;0;SOLEIL;6;0;0
Morlaix;48.57;-3.82;09/09/2026;09:00;17.5;0;SOLEIL;6;0;0
Morlaix;48.57;-3.82;09/09/2026;10:00;17.5;0;SOLEIL;6;0;0
Morlaix;48.57;-3.82;09/09/2026;11:00;18.2;0;SOLEIL;5;0;0
Morlaix;48.57;-3.82;09/09/2026;12:00;18.2;0;SOLEIL;5;0;0
Morlaix;48.57;-3.82;09/09/2026;13:00;18.2;0;SOLEIL;5;0;0
Morlaix;48.57;-3.82;09/09/2026;14:00;18.5;0;SOLEIL;4;0;0
Morlaix;48.57;-3.82;09/09/2026;15:00;18.5;0;SOLEIL;4;0;0
Morlaix;48.57;-3.82;09/09/2026;16:00;18.5;0;SOLEIL;4;0;0
Morlaix;48.57;-3.82;09/09/2026;17:00;17;5;SOLEIL VOILÉ;4;0;0
Morlaix;48.57;-3.82;09/09/2026;18:00;17;5;SOLEIL VOILÉ;4;0;0
Morlaix;48.57;-3.82;09/09/2026;19:00;17;5;SOLEIL VOILÉ;4;0;0
Morlaix;48.57;-3.82;09/09/2026;20:00;16.2;5;SOLEIL VOILÉ;2;0;0
Morlaix;48.57;-3.82;09/09/2026;21:00;16.2;5;SOLEIL VOILÉ;2;0;0
Morlaix;48.57;-3.82;09/09/2026;22:00;16.2;5;SOLEIL VOILÉ;2;0;0
Morlaix;48.57;-3.82;09/09/2026;23:00;16.1;5;SOLEIL VOILÉ;2;0;0
Morlaix;48.57;-3.82;10/09/2026;00:00;16.1;5;SOLEIL VOILÉ;2;0;0
Morlaix;48.57;-3.82;10/09/2026;01:00;16.1;5;SOLEIL VOILÉ;2;0;0
Morlaix;48.57;-3.82;10/09/2026;02:00;15.7;5;SOLEIL VOILÉ;3;0;0
Morlaix;48.57;-3.82;10/09/2026;03:00;15.7;5;SOLEIL VOILÉ;3;0;0
Morlaix;48.57;-3.82;10/09/2026;04:00;15.7;5;SOLEIL VOILÉ;3;0;0
Morlaix;48.57;-3.82;10/09/2026;05:00;16.1;2;NUAGEUX;4;0;0
Morlaix;48.57;-3.82;10/09/2026;06:00;16.1;2;NUAGEUX;4;0;0
Morlaix;48.57;-3.82;10/09/2026;07:00;16.1;2;NUAGEUX;4;0;0
Morlaix;48.57;-3.82;10/09/2026;08:00;17.7;2;NUAGEUX;5;0;0
Morlaix;48.57;-3.82;10/09/2026;09:00;17.7;2;NUAGEUX;5;0;0
Morlaix;48.57;-3.82;10/09/2026;10:00;17.7;2;NUAGEUX;5;0;0
Morlaix;48.57;-3.82;10/09/2026;11:00;18.7;2;NUAGEUX;6;0;0
Morlaix;48.57;-3.82;10/09/2026;12:00;18.7;2;NUAGEUX;6;0;0
Morlaix;48.57;-3.82;10/09/2026;13:00;18.7;2;NUAGEUX;6;0;0
Morlaix;48.57;-3.82;10/09/2026;14:00;19;2;NUAGEUX;6;0;0
Morlaix;48.57;-3.82;10/09/2026;15:00;19;2;NUAGEUX;6;0;0
Morlaix;48.57;-3.82;10/09/2026;16:00;19;2;NUAGEUX;6;0;0
Morlaix;48.57;-3.82;10/09/2026;17:00;17.9;2;NUAGEUX;6;0;0
Morlaix;48.57;-3.82;10/09/2026;18:00;17.9;2;NUAGEUX;6;0;0
Morlaix;48.57;-3.82;10/09/2026;19:00;17.9;2;NUAGEUX;6;0;0
Morlaix;48.57;-3.82;10/09/2026;20:00;17.0;2;NUAGEUX;5;0;0
Morlaix;48.57;-3.82;10/09/2026;21:00;16.5;2;NUAGEUX;5;0;0
Morlaix;48.57;-3.82;10/09/2026;22:00;16.0;2;NUAGEUX;5;0;0
Morlaix;48.57;-3.82;10/09/2026;23:00;17.2;7;PLUIE FAIBLE;7;0;0
Morlaix;48.57;-3.82;11/09/2026;00:00;17.2;7;PLUIE FAIBLE;7;0;0
Morlaix;48.57;-3.82;11/09/2026;01:00;17.2;7;PLUIE FAIBLE;7;0;0
Morlaix;48.57;-3.82;11/09/2026;02:00;15.9;0;SOLEIL;5;0;0
Morlaix;48.57;-3.82;11/09/2026;03:00;15.9;0;SOLEIL;5;0;0
Morlaix;48.57;-3.82;11/09/2026;04:00;15.9;0;SOLEIL;5;0;0
Morlaix;48.57;-3.82;11/09/2026;05:00;16.2;7;PLUIE FAIBLE;6;0;0
Morlaix;48.57;-3.82;11/09/2026;06:00;16.2;7;PLUIE FAIBLE;6;0;0
Morlaix;48.57;-3.82;11/09/2026;07:00;16.2;7;PLUIE FAIBLE;6;0;0
Morlaix;48.57;-3.82;11/09/2026;08:00;16.8;0;SOLEIL;5;0;0
Morlaix;48.57;-3.82;11/09/2026;09:00;17.2;0;SOLEIL;5;0;0
Morlaix;48.57;-3.82;11/09/2026;10:00;17.7;0;SOLEIL;5;0;0
Morlaix;48.57;-3.82;11/09/2026;11:00;19.4;0;SOLEIL;6;0;0
Morlaix;48.57;-3.82;11/09/2026;12:00;19.4;0;SOLEIL;6;0;0
Morlaix;48.57;-3.82;11/09/2026;13:00;19.4;0;SOLEIL;6;0;0
Morlaix;48.57;-3.82;11/09/2026;14:00;19.5;0;SOLEIL;5;0;0
Morlaix;48.57;-3.82;11/09/2026;15:00;19.9;0;SOLEIL;5;0;0
Morlaix;48.57;-3.82;11/09/2026;16:00;19.5;0;SOLEIL;5;0;0
Morlaix;48.57;-3.82;11/09/2026;17:00;17.1;0;SOLEIL;7;0;0
Morlaix;48.57;-3.82;11/09/2026;18:00;17.1;0;SOLEIL;7;0;0
Morlaix;48.57;-3.82;11/09/2026;19:00;17.1;0;SOLEIL;7;0;0
Morlaix;48.57;-3.82;11/09/2026;20:00;17.7;0;SOLEIL;5;0;0
Morlaix;48.57;-3.82;11/09/2026;21:00;17.2;0;SOLEIL;5;0;0
Morlaix;48.57;-3.82;11/09/2026;22:00;16.8;0;SOLEIL;5;0;0
Morlaix;48.57;-3.82;11/09/2026;23:00;15.6;0;SOLEIL;4;0;0
Morlaix;48.57;-3.82;12/09/2026;00:00;15.6;0;SOLEIL;4;0;0
Morlaix;48.57;-3.82;12/09/2026;01:00;15.6;0;SOLEIL;4;0;0
Morlaix;48.57;-3.82;12/09/2026;02:00;14.4;2;NUAGEUX;5;0;0
Morlaix;48.57;-3.82;12/09/2026;03:00;14.4;2;NUAGEUX;5;0;0
Morlaix;48.57;-3.82;12/09/2026;04:00;14.4;2;NUAGEUX;5;0;0
Morlaix;48.57;-3.82;12/09/2026;05:00;14.9;2;NUAGEUX;4;0;0
Morlaix;48.57;-3.82;12/09/2026;06:00;14.9;2;NUAGEUX;4;0;0
Morlaix;48.57;-3.82;12/09/2026;07:00;14.9;2;NUAGEUX;4;0;0
Morlaix;48.57;-3.82;12/09/2026;08:00;15.4;2;NUAGEUX;5;0;0
Morlaix;48.57;-3.82;12/09/2026;09:00;16.0;2;NUAGEUX;5;0;0
Morlaix;48.57;-3.82;12/09/2026;10:00;16.5;2;NUAGEUX;5;0;0
Morlaix;48.57;-3.82;12/09/2026;11:00;18.1;2;NUAGEUX;4;0;0
Morlaix;48.57;-3.82;12/09/2026;12:00;18.1;2;NUAGEUX;4;0;0
Morlaix;48.57;-3.82;12/09/2026;13:00;18.1;2;NUAGEUX;4;0;0
Morlaix;48.57;-3.82;12/09/2026;14:00;18.6;2;NUAGEUX;5;0;0
Morlaix;48.57;-3.82;12/09/2026;15:00;19.1;2;NUAGEUX;5;0;0
Morlaix;48.57;-3.82;12/09/2026;16:00;18.6;2;NUAGEUX;5;0;0
Morlaix;48.57;-3.82;12/09/2026;17:00;17.1;2;NUAGEUX;4;0;0
Morlaix;48.57;-3.82;12/09/2026;18:00;17.1;2;NUAGEUX;4;0;0
Morlaix;48.57;-3.82;12/09/2026;19:00;17.1;2;NUAGEUX;4;0;0
Morlaix;48.57;-3.82;12/09/2026;20:00;16.5;2;NUAGEUX;5;0;0
Morlaix;48.57;-3.82;12/09/2026;21:00;16.0;2;NUAGEUX;5;0;0
Morlaix;48.57;-3.82;12/09/2026;22:00;15.4;2;NUAGEUX;5;0;0
Morlaix;48.57;-3.82;12/09/2026;23:00;16.2;0;SOLEIL;6;0;0
Ouessant;48.45;-5.09;08/09/2026;00:00;17.1;5;SOLEIL VOILÉ;3;0;0
Ouessant;48.45;-5.09;08/09/2026;01:00;17.1;2;NUAGEUX;3;0;0
Ouessant;48.45;-5.09;08/09/2026;02:00;17.5;2;NUAGEUX;3;0;0
Ouessant;48.45;-5.09;08/09/2026;03:00;17;2;NUAGEUX;4;0;0
Ouessant;48.45;-5.09;08/09/2026;04:00;17.1;6;AVERSES;4;0;0.1
Ouessant;48.45;-5.09;08/09/2026;05:00;17;6;AVERSES;4;0;0.1
Ouessant;48.45;-5.09;08/09/2026;06:00;17;6;AVERSES;4;0;0.8
Ouessant;48.45;-5.09;08/09/2026;07:00;16.6;7;PLUIE FAIBLE;6;0;4
Ouessant;48.45;-5.09;08/09/2026;08:00;17.6;7;PLUIE FAIBLE;7;13;4.7
Ouessant;48.45;-5.09;08/09/2026;09:00;18.6;7;PLUIE FAIBLE;6;15;3.8
Ouessant;48.45;-5.09;08/09/2026;10:00;19.6;7;PLUIE FAIBLE;6;14;2.5
Ouessant;48.45;-5.09;08/09/2026;11:00;18.1;6;AVERSES;6;19;0.5
Ouessant;48.45;-5.09;08/09/2026;12:00;18.1;6;AVERSES;5;14;0.4
Ouessant;48.45;-5.09;08/09/2026;13:00;18.4;2;NUAGEUX;6;14;0
Ouessant;48.45;-5.09;08/09/2026;14:00;18.2;2;NUAGEUX;6;13;0
Ouessant;48.45;-5.09;08/09/2026;15:00;18.6;2;NUAGEUX;6;13;0
Ouessant;48.45;-5.09;08/09/2026;16:00;18.9;2;NUAGEUX;6;13;0
Ouessant;48.45;-5.09;08/09/2026;17:00;17.5;2;NUAGEUX;5;12;0
Ouessant;48.45;-5.09;08/09/2026;18:00;16.6;0;SOLEIL;5;11;0
Ouessant;48.45;-5.09;08/09/2026;19:00;15.9;0;SOLEIL;4;0;0
Ouessant;48.45;-5.09;08/09/2026;20:00;14.5;0;SOLEIL;4;0;0
Ouessant;48.45;-5.09;08/09/2026;21:00;13.6;0;SOLEIL;4;0;0
Ouessant;48.45;-5.09;08/09/2026;22:00;12.6;2;NUAGEUX;3;0;0
Ouessant;48.45;-5.09;08/09/2026;23:00;13;6;AVERSES;3;0;0.1
Ouessant;48.45;-5.09;09/09/2026;00:00;13.4;6;AVERSES;3;0;0.1
Ouessant;48.45;-5.09;09/09/2026;01:00;13.4;6;AVERSES;3;0;0.1
Ouessant;48.45;-5.09;09/09/2026;02:00;12.4;0;SOLEIL;3;0;0
Ouessant;48.45;-5.09;09/09/2026;03:00;12.4;0;SOLEIL;3;0;0
Ouessant;48.45;-5.09;09/09/2026;04:00;12.4;0;SOLEIL;3;0;0
Ouessant;48.45;-5.09;09/09/2026;05:00;12.5;0;SOLEIL;3;0;0
Ouessant;48.45;-5.09;09/09/2026;06:00;12.5;0;SOLEIL;3;0;0
Ouessant;48.45;-5.09;09/09/2026;07:00;12.5;0;SOLEIL;3;0;0
Ouessant;48.45;-5.09;09/09/2026;08:00;17.1;2;NUAGEUX;5;0;0
Ouessant;48.45;-5.09;09/09/2026;09:00;17.1;2;NUAGEUX;5;0;0
Ouessant;48.45;-5.09;09/09/2026;10:00;17.1;2;NUAGEUX;5;0;0
Ouessant;48.45;-5.09;09/09/2026;11:00;19.1;2;NUAGEUX;4;0;0
Ouessant;48.45;-5.09;09/09/2026;12:00;19.1;2;NUAGEUX;4;0;0
Ouessant;48.45;-5.09;09/09/2026;13:00;19.1;2;NUAGEUX;4;0;0
Ouessant;48.45;-5.09;09/09/2026;14:00;19;0;SOLEIL;4;0;0
Ouessant;48.45;-5.09;09/09/2026;15:00;19;0;SOLEIL;4;0;0
Ouessant;48.45;-5.09;09/09/2026;16:00;19;0;SOLEIL;4;0;0
Ouessant;48.45;-5.09;09/09/2026;17:00;16.9;0;SOLEIL;3;0;0
Ouessant;48.45;-5.09;09/09/2026;18:00;16.9;0;SOLEIL;3;0;0
Ouessant;48.45;-5.09;09/09/2026;19:00;16.9;0;SOLEIL;3;0;0
Ouessant;48.45;-5.09;09/09/2026;20:00;14.4;5;SOLEIL VOILÉ;1;0;0
Ouessant;48.45;-5.09;09/09/2026;21:00;14.4;5;SOLEIL VOILÉ;1;0;0
Ouessant;48.45;-5.09;09/09/2026;22:00;14.4;5;SOLEIL VOILÉ;1;0;0
Ouessant;48.45;-5.09;09/09/2026;23:00;12.1;5;SOLEIL VOILÉ;2;0;0
Ouessant;48.45;-5.09;10/09/2026;00:00;12.1;5;SOLEIL VOILÉ;2;0;0
Ouessant;48.45;-5.09;10/09/2026;01:00;12.1;5;SOLEIL VOILÉ;2;0;0
Ouessant;48.45;-5.09;10/09/2026;02:00;10.7;5;SOLEIL VOILÉ;2;0;0
Ouessant;48.45;-5.09;10/09/2026;03:00;10.7;5;SOLEIL VOILÉ;2;0;0
Ouessant;48.45;-5.09;10/09/2026;04:00;10.7;5;SOLEIL VOILÉ;2;0;0
Ouessant;48.45;-5.09;10/09/2026;05:00;12;2;NUAGEUX;3;0;0
Ouessant;48.45;-5.09;10/09/2026;06:00;12;2;NUAGEUX;3;0;0
Ouessant;48.45;-5.09;10/09/2026;07:00;12;2;NUAGEUX;3;0;0
Ouessant;48.45;-5.09;10/09/2026;08:00;16.6;2;NUAGEUX;4;0;0
Ouessant;48.45;-5.09;10/09/2026;09:00;16.6;2;NUAGEUX;4;0;0
Ouessant;48.45;-5.09;10/09/2026;10:00;16.6;2;NUAGEUX;4;0;0
Ouessant;48.45;-5.09;10/09/2026;11:00;19.1;2;NUAGEUX;5;0;0
Ouessant;48.45;-5.09;10/09/2026;12:00;19.1;2;NUAGEUX;5;0;0
Ouessant;48.45;-5.09;10/09/2026;13:00;19.1;2;NUAGEUX;5;0;0
Ouessant;48.45;-5.09;10/09/2026;14:00;19.2;2;NUAGEUX;5;0;0
Ouessant;48.45;-5.09;10/09/2026;15:00;19.2;2;NUAGEUX;5;0;0
Ouessant;48.45;-5.09;10/09/2026;16:00;19.2;2;NUAGEUX;5;0;0
Ouessant;48.45;-5.09;10/09/2026;17:00;17.6;2;NUAGEUX;4;0;0
Ouessant;48.45;-5.09;10/09/2026;18:00;17.6;2;NUAGEUX;4;0;0
Ouessant;48.45;-5.09;10/09/2026;19:00;17.6;2;NUAGEUX;4;0;0
Ouessant;48.45;-5.09;10/09/2026;20:00;14.6;2;NUAGEUX;5;0;0
Ouessant;48.45;-5.09;10/09/2026;21:00;13.5;2;NUAGEUX;5;0;0
Ouessant;48.45;-5.09;10/09/2026;22:00;12.4;2;NUAGEUX;5;0;0
Ouessant;48.45;-5.09;10/09/2026;23:00;15.7;7;PLUIE FAIBLE;5;0;0
Ouessant;48.45;-5.09;11/09/2026;00:00;15.7;7;PLUIE FAIBLE;5;0;0
Ouessant;48.45;-5.09;11/09/2026;01:00;15.7;7;PLUIE FAIBLE;5;0;0
Ouessant;48.45;-5.09;11/09/2026;02:00;14.4;6;AVERSES;5;0;0
Ouessant;48.45;-5.09;11/09/2026;03:00;14.4;6;AVERSES;5;0;0
Ouessant;48.45;-5.09;11/09/2026;04:00;14.4;6;AVERSES;5;0;0
Ouessant;48.45;-5.09;11/09/2026;05:00;15.5;7;PLUIE FAIBLE;3;0;0
Ouessant;48.45;-5.09;11/09/2026;06:00;15.5;7;PLUIE FAIBLE;3;0;0
Ouessant;48.45;-5.09;11/09/2026;07:00;15.5;7;PLUIE FAIBLE;3;0;0
Ouessant;48.45;-5.09;11/09/2026;08:00;15.5;6;AVERSES;5;0;0
Ouessant;48.45;-5.09;11/09/2026;09:00;16.1;6;AVERSES;5;0;0
Ouessant;48.45;-5.09;11/09/2026;10:00;16.7;6;AVERSES;5;0;0
Ouessant;48.45;-5.09;11/09/2026;11:00;18.9;6;AVERSES;5;0;0
Ouessant;48.45;-5.09;11/09/2026;12:00;18.9;6;AVERSES;5;0;0
Ouessant;48.45;-5.09;11/09/2026;13:00;18.9;6;AVERSES;5;0;0
Ouessant;48.45;-5.09;11/09/2026;14:00;18.9;6;AVERSES;5;0;0
Ouessant;48.45;-5.09;11/09/2026;15:00;19.5;6;AVERSES;5;0;0
Ouessant;48.45;-5.09;11/09/2026;16:00;18.9;6;AVERSES;5;0;0
Ouessant;48.45;-5.09;11/09/2026;17:00;16.7;6;AVERSES;3;0;0
Ouessant;48.45;-5.09;11/09/2026;18:00;16.7;6;AVERSES;3;0;0
Ouessant;48.45;-5.09;11/09/2026;19:00;16.7;6;AVERSES;3;0;0
Ouessant;48.45;-5.09;11/09/2026;20:00;16.7;6;AVERSES;5;0;0
Ouessant;48.45;-5.09;11/09/2026;21:00;16.1;6;AVERSES;5;0;0
Ouessant;48.45;-5.09;11/09/2026;22:00;15.5;6;AVERSES;5;0;0
Ouessant;48.45;-5.09;11/09/2026;23:00;13.2;0;SOLEIL;2;0;0
Ouessant;48.45;-5.09;12/09/2026;00:00;13.2;0;SOLEIL;2;0;0
Ouessant;48.45;-5.09;12/09/2026;01:00;13.2;0;SOLEIL;2;0;0
Ouessant;48.45;-5.09;12/09/2026;02:00;10.6;2;NUAGEUX;5;0;0
Ouessant;48.45;-5.09;12/09/2026;03:00;10.6;2;NUAGEUX;5;0;0
Ouessant;48.45;-5.09;12/09/2026;04:00;10.6;2;NUAGEUX;5;0;0
Ouessant;48.45;-5.09;12/09/2026;05:00;11.6;2;NUAGEUX;1;0;0
Ouessant;48.45;-5.09;12/09/2026;06:00;11.6;2;NUAGEUX;1;0;0
Ouessant;48.45;-5.09;12/09/2026;07:00;11.6;2;NUAGEUX;1;0;0
Ouessant;48.45;-5.09;12/09/2026;08:00;12.9;2;NUAGEUX;5;0;0
Ouessant;48.45;-5.09;12/09/2026;09:00;14.0;2;NUAGEUX;5;0;0
Ouessant;48.45;-5.09;12/09/2026;10:00;15.2;2;NUAGEUX;5;0;0
Ouessant;48.45;-5.09;12/09/2026;11:00;20.1;2;NUAGEUX;3;0;0
Ouessant;48.45;-5.09;12/09/2026;12:00;20.1;2;NUAGEUX;3;0;0
Ouessant;48.45;-5.09;12/09/2026;13:00;20.1;2;NUAGEUX;3;0;0
Ouessant;48.45;-5.09;12/09/2026;14:00;19.8;2;NUAGEUX;5;0;0
Ouessant;48.45;-5.09;12/09/2026;15:00;20.9;2;NUAGEUX;5;0;0
Ouessant;48.45;-5.09;12/09/2026;16:00;19.8;2;NUAGEUX;5;0;0
Ouessant;48.45;-5.09;12/09/2026;17:00;17.1;2;NUAGEUX;3;0;0
Ouessant;48.45;-5.09;12/09/2026;18:00;17.1;2;NUAGEUX;3;0;0
Ouessant;48.45;-5.09;12/09/2026;19:00;17.1;2;NUAGEUX;3;0;0
Ouessant;48.45;-5.09;12/09/2026;20:00;15.2;2;NUAGEUX;5;0;0
Ouessant;48.45;-5.09;12/09/2026;21:00;14.0;2;NUAGEUX;5;0;0
Ouessant;48.45;-5.09;12/09/2026;22:00;12.9;2;NUAGEUX;5;0;0
Ouessant;48.45;-5.09;12/09/2026;23:00;14.1;0;SOLEIL;4;0;0
Quimper;47.99;-4.09;08/09/2026;00:00;17.4;2;NUAGEUX;6;0;0
Quimper;47.99;-4.09;08/09/2026;01:00;17.4;6;AVERSES;6;0;0.1
Quimper;47.99;-4.09;08/09/2026;02:00;17.4;6;AVERSES;7;0;0.1
Quimper;47.99;-4.09;08/09/2026;03:00;17.6;6;AVERSES;7;0;0.1
Quimper;47.99;-4.09;08/09/2026;04:00;17.1;6;AVERSES;8;0;1.8
Quimper;47.99;-4.09;08/09/2026;05:00;16.6;7;PLUIE FAIBLE;10;12;3.3
Quimper;47.99;-4.09;08/09/2026;06:00;16.6;7;PLUIE FAIBLE;11;15;6.6
Quimper;47.99;-4.09;08/09/2026;07:00;17.6;7;PLUIE FAIBLE;11;21;5.2
Quimper;47.99;-4.09;08/09/2026;08:00;18.9;6;AVERSES;10;21;2.3
Quimper;47.99;-4.09;08/09/2026;09:00;17.6;6;AVERSES;10;25;0.4
Quimper;47.99;-4.09;08/09/2026;10:00;17.5;2;NUAGEUX;9;21;0
Quimper;47.99;-4.09;08/09/2026;11:00;17.9;0;SOLEIL;9;19;0
Quimper;47.99;-4.09;08/09/2026;12:00;18.2;0;SOLEIL;9;18;0
Quimper;47.99;-4.09;08/09/2026;13:00;19;0;SOLEIL;9;16;0
Quimper;47.99;-4.09;08/09/2026;14:00;19;0;SOLEIL;8;15;0
Quimper;47.99;-4.09;08/09/2026;15:00;19;0;SOLEIL;9;14;0
Quimper;47.99;-4.09;08/09/2026;16:00;19.1;0;SOLEIL;9;14;0
Quimper;47.99;-4.09;08/09/2026;17:00;18.4;0;SOLEIL;8;13;0
Quimper;47.99;-4.09;08/09/2026;18:00;17.7;0;SOLEIL;8;13;0
Quimper;47.99;-4.09;08/09/2026;19:00;17.1;0;SOLEIL;8;12;0
Quimper;47.99;-4.09;08/09/2026;20:00;15.6;0;SOLEIL;7;13;0
Quimper;47.99;-4.09;08/09/2026;21:00;15.1;0;SOLEIL;7;11;0
Quimper;47.99;-4.09;08/09/2026;22:00;15.2;0;SOLEIL;7;12;0
Quimper;47.99;-4.09;08/09/2026;23:00;15.6;0;SOLEIL;7;12;0
Quimper;47.99;-4.09;09/09/2026;00:00;15.4;0;SOLEIL;7;12;0
Quimper;47.99;-4.09;09/09/2026;01:00;15.4;0;SOLEIL;7;12;0
Quimper;47.99;-4.09;09/09/2026;02:00;15.4;0;SOLEIL;8;12;0
Quimper;47.99;-4.09;09/09/2026;03:00;15.4;0;SOLEIL;8;12;0
Quimper;47.99;-4.09;09/09/2026;04:00;15.4;0;SOLEIL;8;12;0
Quimper;47.99;-4.09;09/09/2026;05:00;15.5;0;SOLEIL;7;11;0
Quimper;47.99;-4.09;09/09/2026;06:00;15.5;0;SOLEIL;7;11;0
Quimper;47.99;-4.09;09/09/2026;07:00;15.5;0;SOLEIL;7;11;0
Quimper;47.99;-4.09;09/09/2026;08:00;17.2;0;SOLEIL;6;0;0
Quimper;47.99;-4.09;09/09/2026;09:00;17.2;0;SOLEIL;6;0;0
Quimper;47.99;-4.09;09/09/2026;10:00;17.2;0;SOLEIL;6;0;0
Quimper;47.99;-4.09;09/09/2026;11:00;18.9;0;SOLEIL;4;0;0
Quimper;47.99;-4.09;09/09/2026;12:00;18.9;0;SOLEIL;4;0;0
Quimper;47.99;-4.09;09/09/2026;13:00;18.9;0;SOLEIL;4;0;0
Quimper;47.99;-4.09;09/09/2026;14:00;19.5;0;SOLEIL;3;0;0
Quimper;47.99;-4.09;09/09/2026;15:00;19.5;0;SOLEIL;3;0;0
Quimper;47.99;-4.09;09/09/2026;16:00;19.5;0;SOLEIL;3;0;0
Quimper;47.99;-4.09;09/09/2026;17:00;17.5;2;NUAGEUX;3;0;0
Quimper;47.99;-4.09;09/09/2026;18:00;17.5;2;NUAGEUX;3;0;0
Quimper;47.99;-4.09;09/09/2026;19:00;17.5;2;NUAGEUX;3;0;0
Quimper;47.99;-4.09;09/09/2026;20:00;15.6;2;NUAGEUX;2;0;0
Quimper;47.99;-4.09;09/09/2026;21:00;15.6;2;NUAGEUX;2;0;0
Quimper;47.99;-4.09;09/09/2026;22:00;15.6;2;NUAGEUX;2;0;0
Quimper;47.99;-4.09;09/09/2026;23:00;14.7;2;NUAGEUX;3;0;0
Quimper;47.99;-4.09;10/09/2026;00:00;14.7;2;NUAGEUX;3;0;0
Quimper;47.99;-4.09;10/09/2026;01:00;14.7;2;NUAGEUX;3;0;0
Quimper;47.99;-4.09;10/09/2026;02:00;15.1;2;NUAGEUX;4;0;0
Quimper;47.99;-4.09;10/09/2026;03:00;15.1;2;NUAGEUX;4;0;0
Quimper;47.99;-4.09;10/09/2026;04:00;15.1;2;NUAGEUX;4;0;0
Quimper;47.99;-4.09;10/09/2026;05:00;15.1;2;NUAGEUX;6;0;0
Quimper;47.99;-4.09;10/09/2026;06:00;15.1;2;NUAGEUX;6;0;0
Quimper;47.99;-4.09;10/09/2026;07:00;15.1;2;NUAGEUX;6;0;0
Quimper;47.99;-4.09;10/09/2026;08:00;18.1;2;NUAGEUX;6;0;0
Quimper;47.99;-4.09;10/09/2026;09:00;18.1;2;NUAGEUX;6;0;0
Quimper;47.99;-4.09;10/09/2026;10:00;18.1;2;NUAGEUX;6;0;0
Quimper;47.99;-4.09;10/09/2026;11:00;19.4;2;NUAGEUX;7;0;0
Quimper;47.99;-4.09;10/09/2026;12:00;19.4;2;NUAGEUX;7;0;0
Quimper;47.99;-4.09;10/09/2026;13:00;19.4;2;NUAGEUX;7;0;0
Quimper;47.99;-4.09;10/09/2026;14:00;19.5;2;NUAGEUX;8;0;0
Quimper;47.99;-4.09;10/09/2026;15:00;19.5;2;NUAGEUX;8;0;0
Quimper;47.99;-4.09;10/09/2026;16:00;19.5;2;NUAGEUX;8;0;0
Quimper;47.99;-4.09;10/09/2026;17:00;18.1;2;NUAGEUX;8;11;0
Quimper;47.99;-4.09;10/09/2026;18:00;18.1;2;NUAGEUX;8;11;0
Quimper;47.99;-4.09;10/09/2026;19:00;18.1;2;NUAGEUX;8;11;0
Quimper;47.99;-4.09;10/09/2026;20:00;16.6;2;NUAGEUX;5;0;0
Quimper;47.99;-4.09;10/09/2026;21:00;15.9;2;NUAGEUX;5;0;0
Quimper;47.99;-4.09;10/09/2026;22:00;15.3;2;NUAGEUX;5;0;0
Quimper;47.99;-4.09;10/09/2026;23:00;16.9;7;PLUIE FAIBLE;7;13;0
Quimper;47.99;-4.09;11/09/2026;00:00;16.9;7;PLUIE FAIBLE;7;13;0
Quimper;47.99;-4.09;11/09/2026;01:00;16.9;7;PLUIE FAIBLE;7;13;0
Quimper;47.99;-4.09;11/09/2026;02:00;15.6;0;SOLEIL;5;0;0
Quimper;47.99;-4.09;11/09/2026;03:00;15.6;0;SOLEIL;5;0;0
Quimper;47.99;-4.09;11/09/2026;04:00;15.6;0;SOLEIL;5;0;0
Quimper;47.99;-4.09;11/09/2026;05:00;16.2;7;PLUIE FAIBLE;6;0;0
Quimper;47.99;-4.09;11/09/2026;06:00;16.2;7;PLUIE FAIBLE;6;0;0
Quimper;47.99;-4.09;11/09/2026;07:00;16.2;7;PLUIE FAIBLE;6;0;0
Quimper;47.99;-4.09;11/09/2026;08:00;16.5;0;SOLEIL;5;0;0
Quimper;47.99;-4.09;11/09/2026;09:00;16.9;0;SOLEIL;5;0;0
Quimper;47.99;-4.09;11/09/2026;10:00;17.3;0;SOLEIL;5;0;0
Quimper;47.99;-4.09;11/09/2026;11:00;18.9;0;SOLEIL;5;0;0
Quimper;47.99;-4.09;11/09/2026;12:00;18.9;0;SOLEIL;5;0;0
Quimper;47.99;-4.09;11/09/2026;13:00;18.9;0;SOLEIL;5;0;0
Quimper;47.99;-4.09;11/09/2026;14:00;19.1;0;SOLEIL;5;0;0
Quimper;47.99;-4.09;11/09/2026;15:00;19.5;0;SOLEIL;5;0;0
Quimper;47.99;-4.09;11/09/2026;16:00;19.1;0;SOLEIL;5;0;0
Quimper;47.99;-4.09;11/09/2026;17:00;16.4;0;SOLEIL;5;0;0
Quimper;47.99;-4.09;11/09/2026;18:00;16.4;0;SOLEIL;5;0;0
Quimper;47.99;-4.09;11/09/2026;19:00;16.4;0;SOLEIL;5;0;0
Quimper;47.99;-4.09;11/09/2026;20:00;17.3;0;SOLEIL;5;0;0
Quimper;47.99;-4.09;11/09/2026;21:00;16.9;0;SOLEIL;5;0;0
Quimper;47.99;-4.09;11/09/2026;22:00;16.5;0;SOLEIL;5;0;0
Quimper;47.99;-4.09;11/09/2026;23:00;15.1;0;SOLEIL;4;0;0
Quimper;47.99;-4.09;12/09/2026;00:00;15.1;0;SOLEIL;4;0;0
Quimper;47.99;-4.09;12/09/2026;01:00;15.1;0;SOLEIL;4;0;0
Quimper;47.99;-4.09;12/09/2026;02:00;13.6;2;NUAGEUX;5;0;0
Quimper;47.99;-4.09;12/09/2026;03:00;13.6;2;NUAGEUX;5;0;0
Quimper;47.99;-4.09;12/09/2026;04:00;13.6;2;NUAGEUX;5;0;0
Quimper;47.99;-4.09;12/09/2026;05:00;14.4;2;NUAGEUX;3;0;0
Quimper;47.99;-4.09;12/09/2026;06:00;14.4;2;NUAGEUX;3;0;0
Quimper;47.99;-4.09;12/09/2026;07:00;14.4;2;NUAGEUX;3;0;0
Quimper;47.99;-4.09;12/09/2026;08:00;14.8;2;NUAGEUX;5;0;0
Quimper;47.99;-4.09;12/09/2026;09:00;15.4;2;NUAGEUX;5;0;0
Quimper;47.99;-4.09;12/09/2026;10:00;16.0;2;NUAGEUX;5;0;0
Quimper;47.99;-4.09;12/09/2026;11:00;18.4;2;NUAGEUX;5;0;0
Quimper;47.99;-4.09;12/09/2026;12:00;18.4;2;NUAGEUX;5;0;0
Quimper;47.99;-4.09;12/09/2026;13:00;18.4;2;NUAGEUX;5;0;0
Quimper;47.99;-4.09;12/09/2026;14:00;18.3;2;NUAGEUX;5;0;0
Quimper;47.99;-4.09;12/09/2026;15:00;18.9;2;NUAGEUX;5;0;0
Quimper;47.99;-4.09;12/09/2026;16:00;18.3;2;NUAGEUX;5;0;0
Quimper;47.99;-4.09;12/09/2026;17:00;16.6;2;NUAGEUX;5;0;0
Quimper;47.99;-4.09;12/09/2026;18:00;16.6;2;NUAGEUX;5;0;0
Quimper;47.99;-4.09;12/09/2026;19:00;16.6;2;NUAGEUX;5;0;0
Quimper;47.99;-4.09;12/09/2026;20:00;16.0;2;NUAGEUX;5;0;0
Quimper;47.99;-4.09;12/09/2026;21:00;15.4;2;NUAGEUX;5;0;0
Quimper;47.99;-4.09;12/09/2026;22:00;14.8;2;NUAGEUX;5;0;0
Quimper;47.99;-4.09;12/09/2026;23:00;15.7;2;NUAGEUX;6;0;0
Fougères;48.35;-1.2;08/09/2026;00:00;17.2;2;NUAGEUX;2;0;0
Fougères;48.35;-1.2;08/09/2026;01:00;17.1;2;NUAGEUX;2;0;0
Fougères;48.35;-1.2;08/09/2026;02:00;17.2;2;NUAGEUX;2;0;0
Fougères;48.35;-1.2;08/09/2026;03:00;17.1;2;NUAGEUX;2;0;0
Fougères;48.35;-1.2;08/09/2026;04:00;17.5;6;AVERSES;3;0;0.1
Fougères;48.35;-1.2;08/09/2026;05:00;17.2;6;AVERSES;3;0;0.1
Fougères;48.35;-1.2;08/09/2026;06:00;17.7;6;AVERSES;5;0;0.6
Fougères;48.35;-1.2;08/09/2026;07:00;18.2;7;PLUIE FAIBLE;6;11;4.3
Fougères;48.35;-1.2;08/09/2026;08:00;18.9;7;PLUIE FAIBLE;6;13;4.8
Fougères;48.35;-1.2;08/09/2026;09:00;19.6;7;PLUIE FAIBLE;6;14;2.8
Fougères;48.35;-1.2;08/09/2026;10:00;21.1;7;PLUIE FAIBLE;6;13;4.6
Fougères;48.35;-1.2;08/09/2026;11:00;22.4;6;AVERSES;6;25;0.1
Fougères;48.35;-1.2;08/09/2026;12:00;19.2;6;AVERSES;7;22;0.1
Fougères;48.35;-1.2;08/09/2026;13:00;19.2;2;NUAGEUX;7;17;0
Fougères;48.35;-1.2;08/09/2026;14:00;19.9;2;NUAGEUX;6;14;0
Fougères;48.35;-1.2;08/09/2026;15:00;20.4;0;SOLEIL;6;14;0
Fougères;48.35;-1.2;08/09/2026;16:00;20;0;SOLEIL;6;13;0
Fougères;48.35;-1.2;08/09/2026;17:00;18.6;0;SOLEIL;6;12;0
Fougères;48.35;-1.2;08/09/2026;18:00;17.6;0;SOLEIL;5;11;0
Fougères;48.35;-1.2;08/09/2026;19:00;16.1;0;SOLEIL;4;0;0
Fougères;48.35;-1.2;08/09/2026;20:00;15.6;0;SOLEIL;3;0;0
Fougères;48.35;-1.2;08/09/2026;21:00;14.2;0;SOLEIL;3;0;0
Fougères;48.35;-1.2;08/09/2026;22:00;14.1;0;SOLEIL;3;0;0
Fougères;48.35;-1.2;08/09/2026;23:00;14.1;0;SOLEIL;2;0;0
Fougères;48.35;-1.2;09/09/2026;00:00;13.7;0;SOLEIL;2;0;0
Fougères;48.35;-1.2;09/09/2026;01:00;13.7;0;SOLEIL;2;0;0
Fougères;48.35;-1.2;09/09/2026;02:00;12.9;0;SOLEIL;3;0;0
Fougères;48.35;-1.2;09/09/2026;03:00;12.9;0;SOLEIL;3;0;0
Fougères;48.35;-1.2;09/09/2026;04:00;12.9;0;SOLEIL;3;0;0
Fougères;48.35;-1.2;09/09/2026;05:00;12.9;0;SOLEIL;2;0;0
Fougères;48.35;-1.2;09/09/2026;06:00;12.9;0;SOLEIL;2;0;0
Fougères;48.35;-1.2;09/09/2026;07:00;12.9;0;SOLEIL;2;0;0
Fougères;48.35;-1.2;09/09/2026;08:00;17;0;SOLEIL;4;0;0
Fougères;48.35;-1.2;09/09/2026;09:00;17;0;SOLEIL;4;0;0
Fougères;48.35;-1.2;09/09/2026;10:00;17;0;SOLEIL;4;0;0
Fougères;48.35;-1.2;09/09/2026;11:00;19.7;2;NUAGEUX;4;0;0
Fougères;48.35;-1.2;09/09/2026;12:00;19.7;2;NUAGEUX;4;0;0
Fougères;48.35;-1.2;09/09/2026;13:00;19.7;2;NUAGEUX;4;0;0
Fougères;48.35;-1.2;09/09/2026;14:00;20.6;2;NUAGEUX;4;0;0
Fougères;48.35;-1.2;09/09/2026;15:00;20.6;2;NUAGEUX;4;0;0
Fougères;48.35;-1.2;09/09/2026;16:00;20.6;2;NUAGEUX;4;0;0
Fougères;48.35;-1.2;09/09/2026;17:00;17.5;0;SOLEIL;3;0;0
Fougères;48.35;-1.2;09/09/2026;18:00;17.5;0;SOLEIL;3;0;0
Fougères;48.35;-1.2;09/09/2026;19:00;17.5;0;SOLEIL;3;0;0
Fougères;48.35;-1.2;09/09/2026;20:00;14.6;5;SOLEIL VOILÉ;1;0;0
Fougères;48.35;-1.2;09/09/2026;21:00;14.6;5;SOLEIL VOILÉ;1;0;0
Fougères;48.35;-1.2;09/09/2026;22:00;14.6;5;SOLEIL VOILÉ;1;0;0
Fougères;48.35;-1.2;09/09/2026;23:00;11.9;5;SOLEIL VOILÉ;0;0;0
Fougères;48.35;-1.2;10/09/2026;00:00;11.9;5;SOLEIL VOILÉ;0;0;0
Fougères;48.35;-1.2;10/09/2026;01:00;11.9;5;SOLEIL VOILÉ;0;0;0
Fougères;48.35;-1.2;10/09/2026;02:00;11.6;5;SOLEIL VOILÉ;1;0;0
Fougères;48.35;-1.2;10/09/2026;03:00;11.6;5;SOLEIL VOILÉ;1;0;0
Fougères;48.35;-1.2;10/09/2026;04:00;11.6;5;SOLEIL VOILÉ;1;0;0
Fougères;48.35;-1.2;10/09/2026;05:00;13;2;NUAGEUX;2;0;0
Fougères;48.35;-1.2;10/09/2026;06:00;13;2;NUAGEUX;2;0;0
Fougères;48.35;-1.2;10/09/2026;07:00;13;2;NUAGEUX;2;0;0
Fougères;48.35;-1.2;10/09/2026;08:00;16.6;2;NUAGEUX;3;0;0
Fougères;48.35;-1.2;10/09/2026;09:00;16.6;2;NUAGEUX;3;0;0
Fougères;48.35;-1.2;10/09/2026;10:00;16.6;2;NUAGEUX;3;0;0
Fougères;48.35;-1.2;10/09/2026;11:00;19.9;2;NUAGEUX;4;0;0
Fougères;48.35;-1.2;10/09/2026;12:00;19.9;2;NUAGEUX;4;0;0
Fougères;48.35;-1.2;10/09/2026;13:00;19.9;2;NUAGEUX;4;0;0
Fougères;48.35;-1.2;10/09/2026;14:00;19.7;2;NUAGEUX;4;0;0
Fougères;48.35;-1.2;10/09/2026;15:00;19.7;2;NUAGEUX;4;0;0
Fougères;48.35;-1.2;10/09/2026;16:00;19.7;2;NUAGEUX;4;0;0
Fougères;48.35;-1.2;10/09/2026;17:00;18.5;2;NUAGEUX;3;0;0
Fougères;48.35;-1.2;10/09/2026;18:00;18.5;2;NUAGEUX;3;0;0
Fougères;48.35;-1.2;10/09/2026;19:00;18.5;2;NUAGEUX;3;0;0
Fougères;48.35;-1.2;10/09/2026;20:00;15.3;2;NUAGEUX;5;0;0
Fougères;48.35;-1.2;10/09/2026;21:00;14.2;2;NUAGEUX;5;0;0
Fougères;48.35;-1.2;10/09/2026;22:00;13.2;2;NUAGEUX;5;0;0
Fougères;48.35;-1.2;10/09/2026;23:00;16.6;7;PLUIE FAIBLE;4;0;0
Fougères;48.35;-1.2;11/09/2026;00:00;16.6;7;PLUIE FAIBLE;4;0;0
Fougères;48.35;-1.2;11/09/2026;01:00;16.6;7;PLUIE FAIBLE;4;0;0
Fougères;48.35;-1.2;11/09/2026;02:00;14.6;0;SOLEIL;5;0;0
Fougères;48.35;-1.2;11/09/2026;03:00;14.6;0;SOLEIL;5;0;0
Fougères;48.35;-1.2;11/09/2026;04:00;14.6;0;SOLEIL;5;0;0
Fougères;48.35;-1.2;11/09/2026;05:00;15.7;7;PLUIE FAIBLE;3;0;0
Fougères;48.35;-1.2;11/09/2026;06:00;15.7;7;PLUIE FAIBLE;3;0;0
Fougères;48.35;-1.2;11/09/2026;07:00;15.7;7;PLUIE FAIBLE;3;0;0
Fougères;48.35;-1.2;11/09/2026;08:00;16.3;0;SOLEIL;5;0;0
Fougères;48.35;-1.2;11/09/2026;09:00;17.2;0;SOLEIL;5;0;0
Fougères;48.35;-1.2;11/09/2026;10:00;18.1;0;SOLEIL;5;0;0
Fougères;48.35;-1.2;11/09/2026;11:00;21.1;6;AVERSES;4;0;0
Fougères;48.35;-1.2;11/09/2026;12:00;21.1;6;AVERSES;4;0;0
Fougères;48.35;-1.2;11/09/2026;13:00;21.1;6;AVERSES;4;0;0
Fougères;48.35;-1.2;11/09/2026;14:00;21.5;0;SOLEIL;5;0;0
Fougères;48.35;-1.2;11/09/2026;15:00;22.4;0;SOLEIL;5;0;0
Fougères;48.35;-1.2;11/09/2026;16:00;21.5;0;SOLEIL;5;0;0
Fougères;48.35;-1.2;11/09/2026;17:00;18.7;0;SOLEIL;3;0;0
Fougères;48.35;-1.2;11/09/2026;18:00;18.7;0;SOLEIL;3;0;0
Fougères;48.35;-1.2;11/09/2026;19:00;18.7;0;SOLEIL;3;0;0
Fougères;48.35;-1.2;11/09/2026;20:00;18.1;0;SOLEIL;5;0;0
Fougères;48.35;-1.2;11/09/2026;21:00;17.2;0;SOLEIL;5;0;0
Fougères;48.35;-1.2;11/09/2026;22:00;16.3;0;SOLEIL;5;0;0
Fougères;48.35;-1.2;11/09/2026;23:00;13.1;0;SOLEIL;2;0;0
Fougères;48.35;-1.2;12/09/2026;00:00;13.1;0;SOLEIL;2;0;0
Fougères;48.35;-1.2;12/09/2026;01:00;13.1;0;SOLEIL;2;0;0
Fougères;48.35;-1.2;12/09/2026;02:00;10.9;2;NUAGEUX;5;0;0
Fougères;48.35;-1.2;12/09/2026;03:00;10.9;2;NUAGEUX;5;0;0
Fougères;48.35;-1.2;12/09/2026;04:00;10.9;2;NUAGEUX;5;0;0
Fougères;48.35;-1.2;12/09/2026;05:00;11.7;2;NUAGEUX;2;0;0
Fougères;48.35;-1.2;12/09/2026;06:00;11.7;2;NUAGEUX;2;0;0
Fougères;48.35;-1.2;12/09/2026;07:00;11.7;2;NUAGEUX;2;0;0
Fougères;48.35;-1.2;12/09/2026;08:00;13.3;2;NUAGEUX;5;0;0
Fougères;48.35;-1.2;12/09/2026;09:00;14.5;2;NUAGEUX;5;0;0
Fougères;48.35;-1.2;12/09/2026;10:00;15.7;2;NUAGEUX;5;0;0
Fougères;48.35;-1.2;12/09/2026;11:00;20.5;2;NUAGEUX;2;0;0
Fougères;48.35;-1.2;12/09/2026;12:00;20.5;2;NUAGEUX;2;0;0
Fougères;48.35;-1.2;12/09/2026;13:00;20.5;2;NUAGEUX;2;0;0
Fougères;48.35;-1.2;12/09/2026;14:00;20.4;2;NUAGEUX;5;0;0
Fougères;48.35;-1.2;12/09/2026;15:00;21.6;2;NUAGEUX;5;0;0
Fougères;48.35;-1.2;12/09/2026;16:00;20.4;2;NUAGEUX;5;0;0
Fougères;48.35;-1.2;12/09/2026;17:00;18.5;2;NUAGEUX;3;0;0
Fougères;48.35;-1.2;12/09/2026;18:00;18.5;2;NUAGEUX;3;0;0
Fougères;48.35;-1.2;12/09/2026;19:00;18.5;2;NUAGEUX;3;0;0
Fougères;48.35;-1.2;12/09/2026;20:00;15.7;2;NUAGEUX;5;0;0
Fougères;48.35;-1.2;12/09/2026;21:00;14.5;2;NUAGEUX;5;0;0
Fougères;48.35;-1.2;12/09/2026;22:00;13.3;2;NUAGEUX;5;0;0
Fougères;48.35;-1.2;12/09/2026;23:00;14;0;SOLEIL;3;0;0
Redon;47.65;-2.08;08/09/2026;00:00;18.1;2;NUAGEUX;1;0;0
Redon;47.65;-2.08;08/09/2026;01:00;17.4;2;NUAGEUX;1;0;0
Redon;47.65;-2.08;08/09/2026;02:00;16.5;2;NUAGEUX;1;0;0
Redon;47.65;-2.08;08/09/2026;03:00;16.7;2;NUAGEUX;2;0;0
Redon;47.65;-2.08;08/09/2026;04:00;16.4;2;NUAGEUX;2;0;0
Redon;47.65;-2.08;08/09/2026;05:00;16.4;2;NUAGEUX;3;0;0
Redon;47.65;-2.08;08/09/2026;06:00;16.5;2;NUAGEUX;3;0;0
Redon;47.65;-2.08;08/09/2026;07:00;17.5;6;AVERSES;4;0;0.2
Redon;47.65;-2.08;08/09/2026;08:00;18.5;6;AVERSES;4;0;0.2
Redon;47.65;-2.08;08/09/2026;09:00;18.9;6;AVERSES;5;11;0.2
Redon;47.65;-2.08;08/09/2026;10:00;18.4;6;AVERSES;6;13;0.5
Redon;47.65;-2.08;08/09/2026;11:00;19.1;6;AVERSES;6;13;2.2
Redon;47.65;-2.08;08/09/2026;12:00;19.6;6;AVERSES;6;12;1.6
Redon;47.65;-2.08;08/09/2026;13:00;18.7;6;AVERSES;7;12;0.8
Redon;47.65;-2.08;08/09/2026;14:00;19.4;6;AVERSES;7;11;1
Redon;47.65;-2.08;08/09/2026;15:00;19.6;7;PLUIE FAIBLE;6;0;3.5
Redon;47.65;-2.08;08/09/2026;16:00;18.2;6;AVERSES;6;19;0.6
Redon;47.65;-2.08;08/09/2026;17:00;17.1;2;NUAGEUX;6;16;0
Redon;47.65;-2.08;08/09/2026;18:00;16.6;6;AVERSES;6;12;0.2
Redon;47.65;-2.08;08/09/2026;19:00;15.6;2;NUAGEUX;4;11;0
Redon;47.65;-2.08;08/09/2026;20:00;14.4;2;NUAGEUX;4;0;0
Redon;47.65;-2.08;08/09/2026;21:00;14;2;NUAGEUX;4;0;0
Redon;47.65;-2.08;08/09/2026;22:00;13.6;2;NUAGEUX;3;0;0
Redon;47.65;-2.08;08/09/2026;23:00;13.5;2;NUAGEUX;3;0;0
Redon;47.65;-2.08;09/09/2026;00:00;12.6;2;NUAGEUX;3;0;0
Redon;47.65;-2.08;09/09/2026;01:00;12.6;2;NUAGEUX;3;0;0
Redon;47.65;-2.08;09/09/2026;02:00;12.4;0;SOLEIL;4;0;0
Redon;47.65;-2.08;09/09/2026;03:00;12.4;0;SOLEIL;4;0;0
Redon;47.65;-2.08;09/09/2026;04:00;12.4;0;SOLEIL;4;0;0
Redon;47.65;-2.08;09/09/2026;05:00;12.1;0;SOLEIL;3;0;0
Redon;47.65;-2.08;09/09/2026;06:00;12.1;0;SOLEIL;3;0;0
Redon;47.65;-2.08;09/09/2026;07:00;12.1;0;SOLEIL;3;0;0
Redon;47.65;-2.08;09/09/2026;08:00;17;0;SOLEIL;5;0;0
Redon;47.65;-2.08;09/09/2026;09:00;17;0;SOLEIL;5;0;0
Redon;47.65;-2.08;09/09/2026;10:00;17;0;SOLEIL;5;0;0
Redon;47.65;-2.08;09/09/2026;11:00;20.1;2;NUAGEUX;5;0;0
Redon;47.65;-2.08;09/09/2026;12:00;20.1;2;NUAGEUX;5;0;0
Redon;47.65;-2.08;09/09/2026;13:00;20.1;2;NUAGEUX;5;0;0
Redon;47.65;-2.08;09/09/2026;14:00;19.6;2;NUAGEUX;5;0;0
Redon;47.65;-2.08;09/09/2026;15:00;19.6;2;NUAGEUX;5;0;0
Redon;47.65;-2.08;09/09/2026;16:00;19.6;2;NUAGEUX;5;0;0
Redon;47.65;-2.08;09/09/2026;17:00;17.5;0;SOLEIL;4;0;0
Redon;47.65;-2.08;09/09/2026;18:00;17.5;0;SOLEIL;4;0;0
Redon;47.65;-2.08;09/09/2026;19:00;17.5;0;SOLEIL;4;0;0
Redon;47.65;-2.08;09/09/2026;20:00;12.9;0;SOLEIL;2;0;0
Redon;47.65;-2.08;09/09/2026;21:00;12.9;0;SOLEIL;2;0;0
Redon;47.65;-2.08;09/09/2026;22:00;12.9;0;SOLEIL;2;0;0
Redon;47.65;-2.08;09/09/2026;23:00;11.2;5;SOLEIL VOILÉ;2;0;0
Redon;47.65;-2.08;10/09/2026;00:00;11.2;5;SOLEIL VOILÉ;2;0;0
Redon;47.65;-2.08;10/09/2026;01:00;11.2;5;SOLEIL VOILÉ;2;0;0
Redon;47.65;-2.08;10/09/2026;02:00;10.4;5;SOLEIL VOILÉ;1;0;0
Redon;47.65;-2.08;10/09/2026;03:00;10.4;5;SOLEIL VOILÉ;1;0;0
Redon;47.65;-2.08;10/09/2026;04:00;10.4;5;SOLEIL VOILÉ;1;0;0
Redon;47.65;-2.08;10/09/2026;05:00;10;5;SOLEIL VOILÉ;1;0;0
Redon;47.65;-2.08;10/09/2026;06:00;10;5;SOLEIL VOILÉ;1;0;0
Redon;47.65;-2.08;10/09/2026;07:00;10;5;SOLEIL VOILÉ;1;0;0
Redon;47.65;-2.08;10/09/2026;08:00;16.1;5;SOLEIL VOILÉ;2;0;0
Redon;47.65;-2.08;10/09/2026;09:00;16.1;5;SOLEIL VOILÉ;2;0;0
Redon;47.65;-2.08;10/09/2026;10:00;16.1;5;SOLEIL VOILÉ;2;0;0
Redon;47.65;-2.08;10/09/2026;11:00;19.7;2;NUAGEUX;3;0;0
Redon;47.65;-2.08;10/09/2026;12:00;19.7;2;NUAGEUX;3;0;0
Redon;47.65;-2.08;10/09/2026;13:00;19.7;2;NUAGEUX;3;0;0
Redon;47.65;-2.08;10/09/2026;14:00;20.4;2;NUAGEUX;3;0;0
Redon;47.65;-2.08;10/09/2026;15:00;20.4;2;NUAGEUX;3;0;0
Redon;47.65;-2.08;10/09/2026;16:00;20.4;2;NUAGEUX;3;0;0
Redon;47.65;-2.08;10/09/2026;17:00;19.1;2;NUAGEUX;2;0;0
Redon;47.65;-2.08;10/09/2026;18:00;19.1;2;NUAGEUX;2;0;0
Redon;47.65;-2.08;10/09/2026;19:00;19.1;2;NUAGEUX;2;0;0
Redon;47.65;-2.08;10/09/2026;20:00;14.7;2;NUAGEUX;5;0;0
Redon;47.65;-2.08;10/09/2026;21:00;13.4;2;NUAGEUX;5;0;0
Redon;47.65;-2.08;10/09/2026;22:00;12.1;2;NUAGEUX;5;0;0
Redon;47.65;-2.08;10/09/2026;23:00;14.6;2;NUAGEUX;3;0;0
Redon;47.65;-2.08;11/09/2026;00:00;14.6;2;NUAGEUX;3;0;0
Redon;47.65;-2.08;11/09/2026;01:00;14.6;2;NUAGEUX;3;0;0
Redon;47.65;-2.08;11/09/2026;02:00;13.6;7;PLUIE FAIBLE;5;0;0
Redon;47.65;-2.08;11/09/2026;03:00;13.6;7;PLUIE FAIBLE;5;0;0
Redon;47.65;-2.08;11/09/2026;04:00;13.6;7;PLUIE FAIBLE;5;0;0
Redon;47.65;-2.08;11/09/2026;05:00;14.6;7;PLUIE FAIBLE;3;0;0
Redon;47.65;-2.08;11/09/2026;06:00;14.6;7;PLUIE FAIBLE;3;0;0
Redon;47.65;-2.08;11/09/2026;07:00;14.6;7;PLUIE FAIBLE;3;0;0
Redon;47.65;-2.08;11/09/2026;08:00;15.4;7;PLUIE FAIBLE;5;0;0
Redon;47.65;-2.08;11/09/2026;09:00;16.3;7;PLUIE FAIBLE;5;0;0
Redon;47.65;-2.08;11/09/2026;10:00;17.2;7;PLUIE FAIBLE;5;0;0
Redon;47.65;-2.08;11/09/2026;11:00;20.2;6;AVERSES;5;0;0
Redon;47.65;-2.08;11/09/2026;12:00;20.2;6;AVERSES;5;0;0
Redon;47.65;-2.08;11/09/2026;13:00;20.2;6;AVERSES;5;0;0
Redon;47.65;-2.08;11/09/2026;14:00;20.7;7;PLUIE FAIBLE;5;0;0
Redon;47.65;-2.08;11/09/2026;15:00;21.6;7;PLUIE FAIBLE;5;0;0
Redon;47.65;-2.08;11/09/2026;16:00;20.7;7;PLUIE FAIBLE;5;0;0
Redon;47.65;-2.08;11/09/2026;17:00;18.2;7;PLUIE FAIBLE;4;0;0
Redon;47.65;-2.08;11/09/2026;18:00;18.2;7;PLUIE FAIBLE;4;0;0
Redon;47.65;-2.08;11/09/2026;19:00;18.2;7;PLUIE FAIBLE;4;0;0
Redon;47.65;-2.08;11/09/2026;20:00;17.2;7;PLUIE FAIBLE;5;0;0
Redon;47.65;-2.08;11/09/2026;21:00;16.3;7;PLUIE FAIBLE;5;0;0
Redon;47.65;-2.08;11/09/2026;22:00;15.4;7;PLUIE FAIBLE;5;0;0
Redon;47.65;-2.08;11/09/2026;23:00;13.5;0;SOLEIL;2;0;0
Redon;47.65;-2.08;12/09/2026;00:00;13.5;0;SOLEIL;2;0;0
Redon;47.65;-2.08;12/09/2026;01:00;13.5;0;SOLEIL;2;0;0
Redon;47.65;-2.08;12/09/2026;02:00;10.7;2;NUAGEUX;5;0;0
Redon;47.65;-2.08;12/09/2026;03:00;10.7;2;NUAGEUX;5;0;0
Redon;47.65;-2.08;12/09/2026;04:00;10.7;2;NUAGEUX;5;0;0
Redon;47.65;-2.08;12/09/2026;05:00;11.6;2;NUAGEUX;0;0;0
Redon;47.65;-2.08;12/09/2026;06:00;11.6;2;NUAGEUX;0;0;0
Redon;47.65;-2.08;12/09/2026;07:00;11.6;2;NUAGEUX;0;0;0
Redon;47.65;-2.08;12/09/2026;08:00;13.5;2;NUAGEUX;5;0;0
Redon;47.65;-2.08;12/09/2026;09:00;14.8;2;NUAGEUX;5;0;0
Redon;47.65;-2.08;12/09/2026;10:00;16.2;2;NUAGEUX;5;0;0
Redon;47.65;-2.08;12/09/2026;11:00;21.1;2;NUAGEUX;1;0;0
Redon;47.65;-2.08;12/09/2026;12:00;21.1;2;NUAGEUX;1;0;0
Redon;47.65;-2.08;12/09/2026;13:00;21.1;2;NUAGEUX;1;0;0
Redon;47.65;-2.08;12/09/2026;14:00;21.7;2;NUAGEUX;5;0;0
Redon;47.65;-2.08;12/09/2026;15:00;23.1;2;NUAGEUX;5;0;0
Redon;47.65;-2.08;12/09/2026;16:00;21.7;2;NUAGEUX;5;0;0
Redon;47.65;-2.08;12/09/2026;17:00;20;2;NUAGEUX;3;0;0
Redon;47.65;-2.08;12/09/2026;18:00;20;2;NUAGEUX;3;0;0
Redon;47.65;-2.08;12/09/2026;19:00;20;2;NUAGEUX;3;0;0
Redon;47.65;-2.08;12/09/2026;20:00;16.2;2;NUAGEUX;5;0;0
Redon;47.65;-2.08;12/09/2026;21:00;14.8;2;NUAGEUX;5;0;0
Redon;47.65;-2.08;12/09/2026;22:00;13.5;2;NUAGEUX;5;0;0
Redon;47.65;-2.08;12/09/2026;23:00;14.1;0;SOLEIL;2;0;0
Rennes;48.11;-1.67;08/09/2026;00:00;18.7;2;NUAGEUX;2;0;0
Rennes;48.11;-1.67;08/09/2026;01:00;18.6;2;NUAGEUX;2;0;0
Rennes;48.11;-1.67;08/09/2026;02:00;18.9;2;NUAGEUX;2;0;0
Rennes;48.11;-1.67;08/09/2026;03:00;18.7;2;NUAGEUX;3;0;0
Rennes;48.11;-1.67;08/09/2026;04:00;18.9;6;AVERSES;4;0;0.1
Rennes;48.11;-1.67;08/09/2026;05:00;18.6;2;NUAGEUX;4;0;0
Rennes;48.11;-1.67;08/09/2026;06:00;18;2;NUAGEUX;4;0;0
Rennes;48.11;-1.67;08/09/2026;07:00;18.7;6;AVERSES;4;0;0.1
Rennes;48.11;-1.67;08/09/2026;08:00;20.2;6;AVERSES;5;0;0.1
Rennes;48.11;-1.67;08/09/2026;09:00;22.1;6;AVERSES;6;14;0.1
Rennes;48.11;-1.67;08/09/2026;10:00;23.6;6;AVERSES;7;15;1.3
Rennes;48.11;-1.67;08/09/2026;11:00;23.1;7;PLUIE FAIBLE;7;16;3
Rennes;48.11;-1.67;08/09/2026;12:00;21.7;6;AVERSES;7;15;0.8
Rennes;48.11;-1.67;08/09/2026;13:00;21.4;6;AVERSES;8;17;0.6
Rennes;48.11;-1.67;08/09/2026;14:00;21.6;6;AVERSES;5;16;0.1
Rennes;48.11;-1.67;08/09/2026;15:00;20.6;6;AVERSES;6;17;0.3
Rennes;48.11;-1.67;08/09/2026;16:00;18.9;2;NUAGEUX;5;16;0
Rennes;48.11;-1.67;08/09/2026;17:00;18.6;2;NUAGEUX;5;13;0
Rennes;48.11;-1.67;08/09/2026;18:00;18.4;2;NUAGEUX;5;13;0
Rennes;48.11;-1.67;08/09/2026;19:00;17.6;0;SOLEIL;4;11;0
Rennes;48.11;-1.67;08/09/2026;20:00;16.1;0;SOLEIL;4;0;0
Rennes;48.11;-1.67;08/09/2026;21:00;15.1;0;SOLEIL;3;0;0
Rennes;48.11;-1.67;08/09/2026;22:00;14.4;0;SOLEIL;3;0;0
Rennes;48.11;-1.67;08/09/2026;23:00;14;0;SOLEIL;3;0;0
Rennes;48.11;-1.67;09/09/2026;00:00;13.4;0;SOLEIL;3;0;0
Rennes;48.11;-1.67;09/09/2026;01:00;13.4;0;SOLEIL;3;0;0
Rennes;48.11;-1.67;09/09/2026;02:00;12.1;0;SOLEIL;3;0;0
Rennes;48.11;-1.67;09/09/2026;03:00;12.1;0;SOLEIL;3;0;0
Rennes;48.11;-1.67;09/09/2026;04:00;12.1;0;SOLEIL;3;0;0
Rennes;48.11;-1.67;09/09/2026;05:00;12.6;0;SOLEIL;3;0;0
Rennes;48.11;-1.67;09/09/2026;06:00;12.6;0;SOLEIL;3;0;0
Rennes;48.11;-1.67;09/09/2026;07:00;12.6;0;SOLEIL;3;0;0
Rennes;48.11;-1.67;09/09/2026;08:00;18.6;0;SOLEIL;4;0;0
Rennes;48.11;-1.67;09/09/2026;09:00;18.6;0;SOLEIL;4;0;0
Rennes;48.11;-1.67;09/09/2026;10:00;18.6;0;SOLEIL;4;0;0
Rennes;48.11;-1.67;09/09/2026;11:00;22;2;NUAGEUX;4;0;0
Rennes;48.11;-1.67;09/09/2026;12:00;22;2;NUAGEUX;4;0;0
Rennes;48.11;-1.67;09/09/2026;13:00;22;2;NUAGEUX;4;0;0
Rennes;48.11;-1.67;09/09/2026;14:00;22.1;2;NUAGEUX;3;0;0
Rennes;48.11;-1.67;09/09/2026;15:00;22.1;2;NUAGEUX;3;0;0
Rennes;48.11;-1.67;09/09/2026;16:00;22.1;2;NUAGEUX;3;0;0
Rennes;48.11;-1.67;09/09/2026;17:00;20.6;0;SOLEIL;3;0;0
Rennes;48.11;-1.67;09/09/2026;18:00;20.6;0;SOLEIL;3;0;0
Rennes;48.11;-1.67;09/09/2026;19:00;20.6;0;SOLEIL;3;0;0
Rennes;48.11;-1.67;09/09/2026;20:00;15.9;0;SOLEIL;2;0;0
Rennes;48.11;-1.67;09/09/2026;21:00;15.9;0;SOLEIL;2;0;0
Rennes;48.11;-1.67;09/09/2026;22:00;15.9;0;SOLEIL;2;0;0
Rennes;48.11;-1.67;09/09/2026;23:00;13.5;5;SOLEIL VOILÉ;1;0;0
Rennes;48.11;-1.67;10/09/2026;00:00;13.5;5;SOLEIL VOILÉ;1;0;0
Rennes;48.11;-1.67;10/09/2026;01:00;13.5;5;SOLEIL VOILÉ;1;0;0
Rennes;48.11;-1.67;10/09/2026;02:00;12.5;5;SOLEIL VOILÉ;0;0;0
Rennes;48.11;-1.67;10/09/2026;03:00;12.5;5;SOLEIL VOILÉ;0;0;0
Rennes;48.11;-1.67;10/09/2026;04:00;12.5;5;SOLEIL VOILÉ;0;0;0
Rennes;48.11;-1.67;10/09/2026;05:00;12;5;SOLEIL VOILÉ;0;0;0
Rennes;48.11;-1.67;10/09/2026;06:00;12;5;SOLEIL VOILÉ;0;0;0
Rennes;48.11;-1.67;10/09/2026;07:00;12;5;SOLEIL VOILÉ;0;0;0
Rennes;48.11;-1.67;10/09/2026;08:00;18.1;2;NUAGEUX;2;0;0
Rennes;48.11;-1.67;10/09/2026;09:00;18.1;2;NUAGEUX;2;0;0
Rennes;48.11;-1.67;10/09/2026;10:00;18.1;2;NUAGEUX;2;0;0
Rennes;48.11;-1.67;10/09/2026;11:00;22;2;NUAGEUX;3;0;0
Rennes;48.11;-1.67;10/09/2026;12:00;22;2;NUAGEUX;3;0;0
Rennes;48.11;-1.67;10/09/2026;13:00;22;2;NUAGEUX;3;0;0
Rennes;48.11;-1.67;10/09/2026;14:00;22.5;2;NUAGEUX;4;0;0
Rennes;48.11;-1.67;10/09/2026;15:00;22.5;2;NUAGEUX;4;0;0
Rennes;48.11;-1.67;10/09/2026;16:00;22.5;2;NUAGEUX;4;0;0
Rennes;48.11;-1.67;10/09/2026;17:00;20.2;2;NUAGEUX;4;0;0
Rennes;48.11;-1.67;10/09/2026;18:00;20.2;2;NUAGEUX;4;0;0
Rennes;48.11;-1.67;10/09/2026;19:00;20.2;2;NUAGEUX;4;0;0
Rennes;48.11;-1.67;10/09/2026;20:00;16.6;2;NUAGEUX;5;0;0
Rennes;48.11;-1.67;10/09/2026;21:00;15.3;2;NUAGEUX;5;0;0
Rennes;48.11;-1.67;10/09/2026;22:00;13.9;2;NUAGEUX;5;0;0
Rennes;48.11;-1.67;10/09/2026;23:00;15.9;2;NUAGEUX;2;0;0
Rennes;48.11;-1.67;11/09/2026;00:00;15.9;2;NUAGEUX;2;0;0
Rennes;48.11;-1.67;11/09/2026;01:00;15.9;2;NUAGEUX;2;0;0
Rennes;48.11;-1.67;11/09/2026;02:00;14.6;7;PLUIE FAIBLE;5;0;0
Rennes;48.11;-1.67;11/09/2026;03:00;14.6;7;PLUIE FAIBLE;5;0;0
Rennes;48.11;-1.67;11/09/2026;04:00;14.6;7;PLUIE FAIBLE;5;0;0
Rennes;48.11;-1.67;11/09/2026;05:00;16.1;7;PLUIE FAIBLE;3;0;0
Rennes;48.11;-1.67;11/09/2026;06:00;16.1;7;PLUIE FAIBLE;3;0;0
Rennes;48.11;-1.67;11/09/2026;07:00;16.1;7;PLUIE FAIBLE;3;0;0
Rennes;48.11;-1.67;11/09/2026;08:00;16.6;7;PLUIE FAIBLE;5;0;0
Rennes;48.11;-1.67;11/09/2026;09:00;17.6;7;PLUIE FAIBLE;5;0;0
Rennes;48.11;-1.67;11/09/2026;10:00;18.6;7;PLUIE FAIBLE;5;0;0
Rennes;48.11;-1.67;11/09/2026;11:00;21.7;7;PLUIE FAIBLE;4;0;0
Rennes;48.11;-1.67;11/09/2026;12:00;21.7;7;PLUIE FAIBLE;4;0;0
Rennes;48.11;-1.67;11/09/2026;13:00;21.7;7;PLUIE FAIBLE;4;0;0
Rennes;48.11;-1.67;11/09/2026;14:00;22.6;7;PLUIE FAIBLE;5;0;0
Rennes;48.11;-1.67;11/09/2026;15:00;23.6;7;PLUIE FAIBLE;5;0;0
Rennes;48.11;-1.67;11/09/2026;16:00;22.6;7;PLUIE FAIBLE;5;0;0
Rennes;48.11;-1.67;11/09/2026;17:00;20.5;7;PLUIE FAIBLE;4;0;0
Rennes;48.11;-1.67;11/09/2026;18:00;20.5;7;PLUIE FAIBLE;4;0;0
Rennes;48.11;-1.67;11/09/2026;19:00;20.5;7;PLUIE FAIBLE;4;0;0
Rennes;48.11;-1.67;11/09/2026;20:00;18.6;7;PLUIE FAIBLE;5;0;0
Rennes;48.11;-1.67;11/09/2026;21:00;17.6;7;PLUIE FAIBLE;5;0;0
Rennes;48.11;-1.67;11/09/2026;22:00;16.6;7;PLUIE FAIBLE;5;0;0
Rennes;48.11;-1.67;11/09/2026;23:00;14.1;0;SOLEIL;2;0;0
Rennes;48.11;-1.67;12/09/2026;00:00;14.1;0;SOLEIL;2;0;0
Rennes;48.11;-1.67;12/09/2026;01:00;14.1;0;SOLEIL;2;0;0
Rennes;48.11;-1.67;12/09/2026;02:00;10.6;2;NUAGEUX;5;0;0
Rennes;48.11;-1.67;12/09/2026;03:00;10.6;2;NUAGEUX;5;0;0
Rennes;48.11;-1.67;12/09/2026;04:00;10.6;2;NUAGEUX;5;0;0
Rennes;48.11;-1.67;12/09/2026;05:00;11.6;2;NUAGEUX;2;0;0
Rennes;48.11;-1.67;12/09/2026;06:00;11.6;2;NUAGEUX;2;0;0
Rennes;48.11;-1.67;12/09/2026;07:00;11.6;2;NUAGEUX;2;0;0
Rennes;48.11;-1.67;12/09/2026;08:00;13.6;2;NUAGEUX;5;0;0
Rennes;48.11;-1.67;12/09/2026;09:00;15.1;2;NUAGEUX;5;0;0
Rennes;48.11;-1.67;12/09/2026;10:00;16.6;2;NUAGEUX;5;0;0
Rennes;48.11;-1.67;12/09/2026;11:00;22.1;2;NUAGEUX;2;0;0
Rennes;48.11;-1.67;12/09/2026;12:00;22.1;2;NUAGEUX;2;0;0
Rennes;48.11;-1.67;12/09/2026;13:00;22.1;2;NUAGEUX;2;0;0
Rennes;48.11;-1.67;12/09/2026;14:00;22.6;2;NUAGEUX;5;0;0
Rennes;48.11;-1.67;12/09/2026;15:00;24.1;2;NUAGEUX;5;0;0
Rennes;48.11;-1.67;12/09/2026;16:00;22.6;2;NUAGEUX;5;0;0
Rennes;48.11;-1.67;12/09/2026;17:00;20.9;2;NUAGEUX;3;0;0
Rennes;48.11;-1.67;12/09/2026;18:00;20.9;2;NUAGEUX;3;0;0
Rennes;48.11;-1.67;12/09/2026;19:00;20.9;2;NUAGEUX;3;0;0
Rennes;48.11;-1.67;12/09/2026;20:00;16.6;2;NUAGEUX;5;0;0
Rennes;48.11;-1.67;12/09/2026;21:00;15.1;2;NUAGEUX;5;0;0
Rennes;48.11;-1.67;12/09/2026;22:00;13.6;2;NUAGEUX;5;0;0
Rennes;48.11;-1.67;12/09/2026;23:00;13.7;0;SOLEIL;2;0;0
Saint-Malo;48.64;-2.02;08/09/2026;00:00;17.4;5;SOLEIL VOILÉ;2;0;0
Saint-Malo;48.64;-2.02;08/09/2026;01:00;17.1;2;NUAGEUX;3;0;0
Saint-Malo;48.64;-2.02;08/09/2026;02:00;17.6;2;NUAGEUX;3;0;0
Saint-Malo;48.64;-2.02;08/09/2026;03:00;18;2;NUAGEUX;3;0;0
Saint-Malo;48.64;-2.02;08/09/2026;04:00;17.7;2;NUAGEUX;3;0;0
Saint-Malo;48.64;-2.02;08/09/2026;05:00;18.2;2;NUAGEUX;3;0;0
Saint-Malo;48.64;-2.02;08/09/2026;06:00;17.6;6;AVERSES;4;0;0.1
Saint-Malo;48.64;-2.02;08/09/2026;07:00;18;6;AVERSES;4;0;0.2
Saint-Malo;48.64;-2.02;08/09/2026;08:00;18.9;6;AVERSES;4;0;0.9
Saint-Malo;48.64;-2.02;08/09/2026;09:00;19.1;7;PLUIE FAIBLE;4;0;4.5
Saint-Malo;48.64;-2.02;08/09/2026;10:00;18.6;7;PLUIE FAIBLE;6;11;4
Saint-Malo;48.64;-2.02;08/09/2026;11:00;19.4;6;AVERSES;7;14;1.3
Saint-Malo;48.64;-2.02;08/09/2026;12:00;19.5;6;AVERSES;6;14;0.9
Saint-Malo;48.64;-2.02;08/09/2026;13:00;19.9;6;AVERSES;9;11;0.4
Saint-Malo;48.64;-2.02;08/09/2026;14:00;18.6;6;AVERSES;9;17;0.5
Saint-Malo;48.64;-2.02;08/09/2026;15:00;18.7;2;NUAGEUX;8;17;0
Saint-Malo;48.64;-2.02;08/09/2026;16:00;18.6;2;NUAGEUX;9;16;0
Saint-Malo;48.64;-2.02;08/09/2026;17:00;18;2;NUAGEUX;8;16;0
Saint-Malo;48.64;-2.02;08/09/2026;18:00;17.7;2;NUAGEUX;8;15;0
Saint-Malo;48.64;-2.02;08/09/2026;19:00;16.9;0;SOLEIL;8;15;0
Saint-Malo;48.64;-2.02;08/09/2026;20:00;17.1;0;SOLEIL;8;15;0
Saint-Malo;48.64;-2.02;08/09/2026;21:00;16.6;0;SOLEIL;8;15;0
Saint-Malo;48.64;-2.02;08/09/2026;22:00;16.1;2;NUAGEUX;8;15;0
Saint-Malo;48.64;-2.02;08/09/2026;23:00;16;2;NUAGEUX;8;16;0
Saint-Malo;48.64;-2.02;09/09/2026;00:00;16.1;2;NUAGEUX;8;14;0
Saint-Malo;48.64;-2.02;09/09/2026;01:00;16.1;2;NUAGEUX;8;14;0
Saint-Malo;48.64;-2.02;09/09/2026;02:00;15.6;6;AVERSES;9;14;0
Saint-Malo;48.64;-2.02;09/09/2026;03:00;15.6;6;AVERSES;9;14;0
Saint-Malo;48.64;-2.02;09/09/2026;04:00;15.6;6;AVERSES;9;14;0
Saint-Malo;48.64;-2.02;09/09/2026;05:00;14.7;6;AVERSES;9;13;0
Saint-Malo;48.64;-2.02;09/09/2026;06:00;14.7;6;AVERSES;9;13;0
Saint-Malo;48.64;-2.02;09/09/2026;07:00;14.7;6;AVERSES;9;13;0
Saint-Malo;48.64;-2.02;09/09/2026;08:00;18.1;0;SOLEIL;8;13;0
Saint-Malo;48.64;-2.02;09/09/2026;09:00;18.1;0;SOLEIL;8;13;0
Saint-Malo;48.64;-2.02;09/09/2026;10:00;18.1;0;SOLEIL;8;13;0
Saint-Malo;48.64;-2.02;09/09/2026;11:00;19.1;0;SOLEIL;6;11;0
Saint-Malo;48.64;-2.02;09/09/2026;12:00;19.1;0;SOLEIL;6;11;0
Saint-Malo;48.64;-2.02;09/09/2026;13:00;19.1;0;SOLEIL;6;11;0
Saint-Malo;48.64;-2.02;09/09/2026;14:00;19;0;SOLEIL;6;0;0
Saint-Malo;48.64;-2.02;09/09/2026;15:00;19;0;SOLEIL;6;0;0
Saint-Malo;48.64;-2.02;09/09/2026;16:00;19;0;SOLEIL;6;0;0
Saint-Malo;48.64;-2.02;09/09/2026;17:00;17.1;0;SOLEIL;5;0;0
Saint-Malo;48.64;-2.02;09/09/2026;18:00;17.1;0;SOLEIL;5;0;0
Saint-Malo;48.64;-2.02;09/09/2026;19:00;17.1;0;SOLEIL;5;0;0
Saint-Malo;48.64;-2.02;09/09/2026;20:00;15.7;2;NUAGEUX;4;0;0
Saint-Malo;48.64;-2.02;09/09/2026;21:00;15.7;2;NUAGEUX;4;0;0
Saint-Malo;48.64;-2.02;09/09/2026;22:00;15.7;2;NUAGEUX;4;0;0
Saint-Malo;48.64;-2.02;09/09/2026;23:00;14.2;5;SOLEIL VOILÉ;4;0;0
Saint-Malo;48.64;-2.02;10/09/2026;00:00;14.2;5;SOLEIL VOILÉ;4;0;0
Saint-Malo;48.64;-2.02;10/09/2026;01:00;14.2;5;SOLEIL VOILÉ;4;0;0
Saint-Malo;48.64;-2.02;10/09/2026;02:00;13.1;5;SOLEIL VOILÉ;3;0;0
Saint-Malo;48.64;-2.02;10/09/2026;03:00;13.1;5;SOLEIL VOILÉ;3;0;0
Saint-Malo;48.64;-2.02;10/09/2026;04:00;13.1;5;SOLEIL VOILÉ;3;0;0
Saint-Malo;48.64;-2.02;10/09/2026;05:00;13;5;SOLEIL VOILÉ;4;0;0
Saint-Malo;48.64;-2.02;10/09/2026;06:00;13;5;SOLEIL VOILÉ;4;0;0
Saint-Malo;48.64;-2.02;10/09/2026;07:00;13;5;SOLEIL VOILÉ;4;0;0
Saint-Malo;48.64;-2.02;10/09/2026;08:00;17.2;2;NUAGEUX;4;0;0
Saint-Malo;48.64;-2.02;10/09/2026;09:00;17.2;2;NUAGEUX;4;0;0
Saint-Malo;48.64;-2.02;10/09/2026;10:00;17.2;2;NUAGEUX;4;0;0
Saint-Malo;48.64;-2.02;10/09/2026;11:00;19.7;2;NUAGEUX;4;0;0
Saint-Malo;48.64;-2.02;10/09/2026;12:00;19.7;2;NUAGEUX;4;0;0
Saint-Malo;48.64;-2.02;10/09/2026;13:00;19.7;2;NUAGEUX;4;0;0
Saint-Malo;48.64;-2.02;10/09/2026;14:00;20;2;NUAGEUX;2;0;0
Saint-Malo;48.64;-2.02;10/09/2026;15:00;20;2;NUAGEUX;2;0;0
Saint-Malo;48.64;-2.02;10/09/2026;16:00;20;2;NUAGEUX;2;0;0
Saint-Malo;48.64;-2.02;10/09/2026;17:00;18.1;2;NUAGEUX;6;0;0
Saint-Malo;48.64;-2.02;10/09/2026;18:00;18.1;2;NUAGEUX;6;0;0
Saint-Malo;48.64;-2.02;10/09/2026;19:00;18.1;2;NUAGEUX;6;0;0
Saint-Malo;48.64;-2.02;10/09/2026;20:00;15.8;2;NUAGEUX;5;0;0
Saint-Malo;48.64;-2.02;10/09/2026;21:00;14.9;2;NUAGEUX;5;0;0
Saint-Malo;48.64;-2.02;10/09/2026;22:00;13.9;2;NUAGEUX;5;0;0
Saint-Malo;48.64;-2.02;10/09/2026;23:00;15.6;2;NUAGEUX;6;0;0
Saint-Malo;48.64;-2.02;11/09/2026;00:00;15.6;2;NUAGEUX;6;0;0
Saint-Malo;48.64;-2.02;11/09/2026;01:00;15.6;2;NUAGEUX;6;0;0
Saint-Malo;48.64;-2.02;11/09/2026;02:00;15.4;7;PLUIE FAIBLE;5;0;0
Saint-Malo;48.64;-2.02;11/09/2026;03:00;15.4;7;PLUIE FAIBLE;5;0;0
Saint-Malo;48.64;-2.02;11/09/2026;04:00;15.4;7;PLUIE FAIBLE;5;0;0
Saint-Malo;48.64;-2.02;11/09/2026;05:00;16.6;7;PLUIE FAIBLE;9;12;0
Saint-Malo;48.64;-2.02;11/09/2026;06:00;16.6;7;PLUIE FAIBLE;9;12;0
Saint-Malo;48.64;-2.02;11/09/2026;07:00;16.6;7;PLUIE FAIBLE;9;12;0
Saint-Malo;48.64;-2.02;11/09/2026;08:00;16.6;7;PLUIE FAIBLE;5;0;0
Saint-Malo;48.64;-2.02;11/09/2026;09:00;17.1;7;PLUIE FAIBLE;5;0;0
Saint-Malo;48.64;-2.02;11/09/2026;10:00;17.7;7;PLUIE FAIBLE;5;0;0
Saint-Malo;48.64;-2.02;11/09/2026;11:00;20.1;7;PLUIE FAIBLE;7;0;0
Saint-Malo;48.64;-2.02;11/09/2026;12:00;20.1;7;PLUIE FAIBLE;7;0;0
Saint-Malo;48.64;-2.02;11/09/2026;13:00;20.1;7;PLUIE FAIBLE;7;0;0
Saint-Malo;48.64;-2.02;11/09/2026;14:00;20.0;7;PLUIE FAIBLE;5;0;0
Saint-Malo;48.64;-2.02;11/09/2026;15:00;20.6;7;PLUIE FAIBLE;5;0;0
Saint-Malo;48.64;-2.02;11/09/2026;16:00;20.0;7;PLUIE FAIBLE;5;0;0
Saint-Malo;48.64;-2.02;11/09/2026;17:00;18.2;0;SOLEIL;7;0;0
Saint-Malo;48.64;-2.02;11/09/2026;18:00;18.2;0;SOLEIL;7;0;0
Saint-Malo;48.64;-2.02;11/09/2026;19:00;18.2;0;SOLEIL;7;0;0
Saint-Malo;48.64;-2.02;11/09/2026;20:00;17.7;7;PLUIE FAIBLE;5;0;0
Saint-Malo;48.64;-2.02;11/09/2026;21:00;17.1;7;PLUIE FAIBLE;5;0;0
Saint-Malo;48.64;-2.02;11/09/2026;22:00;16.6;7;PLUIE FAIBLE;5;0;0
Saint-Malo;48.64;-2.02;11/09/2026;23:00;15.1;0;SOLEIL;5;0;0
Saint-Malo;48.64;-2.02;12/09/2026;00:00;15.1;0;SOLEIL;5;0;0
Saint-Malo;48.64;-2.02;12/09/2026;01:00;15.1;0;SOLEIL;5;0;0
Saint-Malo;48.64;-2.02;12/09/2026;02:00;13.2;2;NUAGEUX;5;0;0
Saint-Malo;48.64;-2.02;12/09/2026;03:00;13.2;2;NUAGEUX;5;0;0
Saint-Malo;48.64;-2.02;12/09/2026;04:00;13.2;2;NUAGEUX;5;0;0
Saint-Malo;48.64;-2.02;12/09/2026;05:00;14.1;2;NUAGEUX;4;0;0
Saint-Malo;48.64;-2.02;12/09/2026;06:00;14.1;2;NUAGEUX;4;0;0
Saint-Malo;48.64;-2.02;12/09/2026;07:00;14.1;2;NUAGEUX;4;0;0
Saint-Malo;48.64;-2.02;12/09/2026;08:00;15.0;2;NUAGEUX;5;0;0
Saint-Malo;48.64;-2.02;12/09/2026;09:00;15.8;2;NUAGEUX;5;0;0
Saint-Malo;48.64;-2.02;12/09/2026;10:00;16.7;2;NUAGEUX;5;0;0
Saint-Malo;48.64;-2.02;12/09/2026;11:00;20.5;2;NUAGEUX;3;0;0
Saint-Malo;48.64;-2.02;12/09/2026;12:00;20.5;2;NUAGEUX;3;0;0
Saint-Malo;48.64;-2.02;12/09/2026;13:00;20.5;2;NUAGEUX;3;0;0
Saint-Malo;48.64;-2.02;12/09/2026;14:00;20.2;2;NUAGEUX;5;0;0
Saint-Malo;48.64;-2.02;12/09/2026;15:00;21.1;2;NUAGEUX;5;0;0
Saint-Malo;48.64;-2.02;12/09/2026;16:00;20.2;2;NUAGEUX;5;0;0
Saint-Malo;48.64;-2.02;12/09/2026;17:00;19.1;2;NUAGEUX;4;0;0
Saint-Malo;48.64;-2.02;12/09/2026;18:00;19.1;2;NUAGEUX;4;0;0
Saint-Malo;48.64;-2.02;12/09/2026;19:00;19.1;2;NUAGEUX;4;0;0
Saint-Malo;48.64;-2.02;12/09/2026;20:00;16.7;2;NUAGEUX;5;0;0
Saint-Malo;48.64;-2.02;12/09/2026;21:00;15.8;2;NUAGEUX;5;0;0
Saint-Malo;48.64;-2.02;12/09/2026;22:00;15.0;2;NUAGEUX;5;0;0
Saint-Malo;48.64;-2.02;12/09/2026;23:00;14.7;0;SOLEIL;5;0;0
Lorient;47.74;-3.36;08/09/2026;00:00;17.6;2;NUAGEUX;3;0;0
Lorient;47.74;-3.36;08/09/2026;01:00;17.6;2;NUAGEUX;3;0;0
Lorient;47.74;-3.36;08/09/2026;02:00;17.7;2;NUAGEUX;3;0;0
Lorient;47.74;-3.36;08/09/2026;03:00;17.6;2;NUAGEUX;3;0;0
Lorient;47.74;-3.36;08/09/2026;04:00;17.5;6;AVERSES;4;0;0.1
Lorient;47.74;-3.36;08/09/2026;05:00;18.2;6;AVERSES;4;0;0.1
Lorient;47.74;-3.36;08/09/2026;06:00;18.6;6;AVERSES;4;0;0.1
Lorient;47.74;-3.36;08/09/2026;07:00;19;6;AVERSES;6;11;0.1
Lorient;47.74;-3.36;08/09/2026;08:00;20;6;AVERSES;7;14;1.2
Lorient;47.74;-3.36;08/09/2026;09:00;19.1;7;PLUIE FAIBLE;8;15;5.3
Lorient;47.74;-3.36;08/09/2026;10:00;18.4;6;AVERSES;8;17;2.3
Lorient;47.74;-3.36;08/09/2026;11:00;19;6;AVERSES;8;20;0.5
Lorient;47.74;-3.36;08/09/2026;12:00;19.9;6;AVERSES;6;16;0.4
Lorient;47.74;-3.36;08/09/2026;13:00;20.5;2;NUAGEUX;6;21;0
Lorient;47.74;-3.36;08/09/2026;14:00;18.9;2;NUAGEUX;6;19;0
Lorient;47.74;-3.36;08/09/2026;15:00;20.1;2;NUAGEUX;6;15;0
Lorient;47.74;-3.36;08/09/2026;16:00;20.1;2;NUAGEUX;6;13;0
Lorient;47.74;-3.36;08/09/2026;17:00;19.1;0;SOLEIL;6;12;0
Lorient;47.74;-3.36;08/09/2026;18:00;17.6;0;SOLEIL;5;11;0
Lorient;47.74;-3.36;08/09/2026;19:00;16.9;0;SOLEIL;4;0;0
Lorient;47.74;-3.36;08/09/2026;20:00;16;0;SOLEIL;3;0;0
Lorient;47.74;-3.36;08/09/2026;21:00;14.7;0;SOLEIL;3;0;0
Lorient;47.74;-3.36;08/09/2026;22:00;13.7;0;SOLEIL;3;0;0
Lorient;47.74;-3.36;08/09/2026;23:00;13.2;0;SOLEIL;3;0;0
Lorient;47.74;-3.36;09/09/2026;00:00;13.6;0;SOLEIL;3;0;0
Lorient;47.74;-3.36;09/09/2026;01:00;13.6;0;SOLEIL;3;0;0
Lorient;47.74;-3.36;09/09/2026;02:00;12.4;0;SOLEIL;3;0;0
Lorient;47.74;-3.36;09/09/2026;03:00;12.4;0;SOLEIL;3;0;0
Lorient;47.74;-3.36;09/09/2026;04:00;12.4;0;SOLEIL;3;0;0
Lorient;47.74;-3.36;09/09/2026;05:00;12.2;0;SOLEIL;3;0;0
Lorient;47.74;-3.36;09/09/2026;06:00;12.2;0;SOLEIL;3;0;0
Lorient;47.74;-3.36;09/09/2026;07:00;12.2;0;SOLEIL;3;0;0
Lorient;47.74;-3.36;09/09/2026;08:00;17.9;0;SOLEIL;4;0;0
Lorient;47.74;-3.36;09/09/2026;09:00;17.9;0;SOLEIL;4;0;0
Lorient;47.74;-3.36;09/09/2026;10:00;17.9;0;SOLEIL;4;0;0
Lorient;47.74;-3.36;09/09/2026;11:00;19.6;2;NUAGEUX;4;0;0
Lorient;47.74;-3.36;09/09/2026;12:00;19.6;2;NUAGEUX;4;0;0
Lorient;47.74;-3.36;09/09/2026;13:00;19.6;2;NUAGEUX;4;0;0
Lorient;47.74;-3.36;09/09/2026;14:00;20;2;NUAGEUX;4;0;0
Lorient;47.74;-3.36;09/09/2026;15:00;20;2;NUAGEUX;4;0;0
Lorient;47.74;-3.36;09/09/2026;16:00;20;2;NUAGEUX;4;0;0
Lorient;47.74;-3.36;09/09/2026;17:00;18.5;0;SOLEIL;3;0;0
Lorient;47.74;-3.36;09/09/2026;18:00;18.5;0;SOLEIL;3;0;0
Lorient;47.74;-3.36;09/09/2026;19:00;18.5;0;SOLEIL;3;0;0
Lorient;47.74;-3.36;09/09/2026;20:00;15.1;5;SOLEIL VOILÉ;3;0;0
Lorient;47.74;-3.36;09/09/2026;21:00;15.1;5;SOLEIL VOILÉ;3;0;0
Lorient;47.74;-3.36;09/09/2026;22:00;15.1;5;SOLEIL VOILÉ;3;0;0
Lorient;47.74;-3.36;09/09/2026;23:00;12.7;5;SOLEIL VOILÉ;1;0;0
Lorient;47.74;-3.36;10/09/2026;00:00;12.7;5;SOLEIL VOILÉ;1;0;0
Lorient;47.74;-3.36;10/09/2026;01:00;12.7;5;SOLEIL VOILÉ;1;0;0
Lorient;47.74;-3.36;10/09/2026;02:00;11.4;5;SOLEIL VOILÉ;1;0;0
Lorient;47.74;-3.36;10/09/2026;03:00;11.4;5;SOLEIL VOILÉ;1;0;0
Lorient;47.74;-3.36;10/09/2026;04:00;11.4;5;SOLEIL VOILÉ;1;0;0
Lorient;47.74;-3.36;10/09/2026;05:00;12;5;SOLEIL VOILÉ;1;0;0
Lorient;47.74;-3.36;10/09/2026;06:00;12;5;SOLEIL VOILÉ;1;0;0
Lorient;47.74;-3.36;10/09/2026;07:00;12;5;SOLEIL VOILÉ;1;0;0
Lorient;47.74;-3.36;10/09/2026;08:00;16.7;2;NUAGEUX;2;0;0
Lorient;47.74;-3.36;10/09/2026;09:00;16.7;2;NUAGEUX;2;0;0
Lorient;47.74;-3.36;10/09/2026;10:00;16.7;2;NUAGEUX;2;0;0
Lorient;47.74;-3.36;10/09/2026;11:00;18.7;2;NUAGEUX;4;0;0
Lorient;47.74;-3.36;10/09/2026;12:00;18.7;2;NUAGEUX;4;0;0
Lorient;47.74;-3.36;10/09/2026;13:00;18.7;2;NUAGEUX;4;0;0
Lorient;47.74;-3.36;10/09/2026;14:00;19.5;2;NUAGEUX;4;0;0
Lorient;47.74;-3.36;10/09/2026;15:00;19.5;2;NUAGEUX;4;0;0
Lorient;47.74;-3.36;10/09/2026;16:00;19.5;2;NUAGEUX;4;0;0
Lorient;47.74;-3.36;10/09/2026;17:00;17.6;2;NUAGEUX;4;0;0
Lorient;47.74;-3.36;10/09/2026;18:00;17.6;2;NUAGEUX;4;0;0
Lorient;47.74;-3.36;10/09/2026;19:00;17.6;2;NUAGEUX;4;0;0
Lorient;47.74;-3.36;10/09/2026;20:00;14.8;2;NUAGEUX;5;0;0
Lorient;47.74;-3.36;10/09/2026;21:00;13.8;2;NUAGEUX;5;0;0
Lorient;47.74;-3.36;10/09/2026;22:00;12.7;2;NUAGEUX;5;0;0
Lorient;47.74;-3.36;10/09/2026;23:00;16.6;2;NUAGEUX;5;0;0
Lorient;47.74;-3.36;11/09/2026;00:00;16.6;2;NUAGEUX;5;0;0
Lorient;47.74;-3.36;11/09/2026;01:00;16.6;2;NUAGEUX;5;0;0
Lorient;47.74;-3.36;11/09/2026;02:00;15.7;0;SOLEIL;5;0;0
Lorient;47.74;-3.36;11/09/2026;03:00;15.7;0;SOLEIL;5;0;0
Lorient;47.74;-3.36;11/09/2026;04:00;15.7;0;SOLEIL;5;0;0
Lorient;47.74;-3.36;11/09/2026;05:00;17.1;7;PLUIE FAIBLE;4;0;0
Lorient;47.74;-3.36;11/09/2026;06:00;17.1;7;PLUIE FAIBLE;4;0;0
Lorient;47.74;-3.36;11/09/2026;07:00;17.1;7;PLUIE FAIBLE;4;0;0
Lorient;47.74;-3.36;11/09/2026;08:00;17.3;0;SOLEIL;5;0;0
Lorient;47.74;-3.36;11/09/2026;09:00;18.1;0;SOLEIL;5;0;0
Lorient;47.74;-3.36;11/09/2026;10:00;18.9;0;SOLEIL;5;0;0
Lorient;47.74;-3.36;11/09/2026;11:00;21.9;6;AVERSES;4;0;0
Lorient;47.74;-3.36;11/09/2026;12:00;21.9;6;AVERSES;4;0;0
Lorient;47.74;-3.36;11/09/2026;13:00;21.9;6;AVERSES;4;0;0
Lorient;47.74;-3.36;11/09/2026;14:00;22.2;0;SOLEIL;5;0;0
Lorient;47.74;-3.36;11/09/2026;15:00;23.0;0;SOLEIL;5;0;0
Lorient;47.74;-3.36;11/09/2026;16:00;22.2;0;SOLEIL;5;0;0
Lorient;47.74;-3.36;11/09/2026;17:00;20;0;SOLEIL;4;0;0
Lorient;47.74;-3.36;11/09/2026;18:00;20;0;SOLEIL;4;0;0
Lorient;47.74;-3.36;11/09/2026;19:00;20;0;SOLEIL;4;0;0
Lorient;47.74;-3.36;11/09/2026;20:00;18.9;0;SOLEIL;5;0;0
Lorient;47.74;-3.36;11/09/2026;21:00;18.1;0;SOLEIL;5;0;0
Lorient;47.74;-3.36;11/09/2026;22:00;17.3;0;SOLEIL;5;0;0
Lorient;47.74;-3.36;11/09/2026;23:00;13.9;0;SOLEIL;3;0;0
Lorient;47.74;-3.36;12/09/2026;00:00;13.9;0;SOLEIL;3;0;0
Lorient;47.74;-3.36;12/09/2026;01:00;13.9;0;SOLEIL;3;0;0
Lorient;47.74;-3.36;12/09/2026;02:00;11.4;2;NUAGEUX;5;0;0
Lorient;47.74;-3.36;12/09/2026;03:00;11.4;2;NUAGEUX;5;0;0
Lorient;47.74;-3.36;12/09/2026;04:00;11.4;2;NUAGEUX;5;0;0
Lorient;47.74;-3.36;12/09/2026;05:00;12.4;2;NUAGEUX;2;0;0
Lorient;47.74;-3.36;12/09/2026;06:00;12.4;2;NUAGEUX;2;0;0
Lorient;47.74;-3.36;12/09/2026;07:00;12.4;2;NUAGEUX;2;0;0
Lorient;47.74;-3.36;12/09/2026;08:00;13.7;2;NUAGEUX;5;0;0
Lorient;47.74;-3.36;12/09/2026;09:00;14.8;2;NUAGEUX;5;0;0
Lorient;47.74;-3.36;12/09/2026;10:00;16.0;2;NUAGEUX;5;0;0
Lorient;47.74;-3.36;12/09/2026;11:00;21.1;2;NUAGEUX;3;0;0
Lorient;47.74;-3.36;12/09/2026;12:00;21.1;2;NUAGEUX;3;0;0
Lorient;47.74;-3.36;12/09/2026;13:00;21.1;2;NUAGEUX;3;0;0
Lorient;47.74;-3.36;12/09/2026;14:00;20.6;2;NUAGEUX;5;0;0
Lorient;47.74;-3.36;12/09/2026;15:00;21.7;2;NUAGEUX;5;0;0
Lorient;47.74;-3.36;12/09/2026;16:00;20.6;2;NUAGEUX;5;0;0
Lorient;47.74;-3.36;12/09/2026;17:00;18.5;0;SOLEIL;4;0;0
Lorient;47.74;-3.36;12/09/2026;18:00;18.5;0;SOLEIL;4;0;0
Lorient;47.74;-3.36;12/09/2026;19:00;18.5;0;SOLEIL;4;0;0
Lorient;47.74;-3.36;12/09/2026;20:00;16.0;2;NUAGEUX;5;0;0
Lorient;47.74;-3.36;12/09/2026;21:00;14.8;2;NUAGEUX;5;0;0
Lorient;47.74;-3.36;12/09/2026;22:00;13.7;2;NUAGEUX;5;0;0
Lorient;47.74;-3.36;12/09/2026;23:00;14.2;0;SOLEIL;3;0;0
Pontivy;48.06;-2.96;08/09/2026;00:00;16.9;2;NUAGEUX;2;0;0
Pontivy;48.06;-2.96;08/09/2026;01:00;16.4;2;NUAGEUX;2;0;0
Pontivy;48.06;-2.96;08/09/2026;02:00;16;2;NUAGEUX;2;0;0
Pontivy;48.06;-2.96;08/09/2026;03:00;16.6;2;NUAGEUX;3;0;0
Pontivy;48.06;-2.96;08/09/2026;04:00;16.4;2;NUAGEUX;3;0;0
Pontivy;48.06;-2.96;08/09/2026;05:00;16.6;2;NUAGEUX;3;0;0
Pontivy;48.06;-2.96;08/09/2026;06:00;17;2;NUAGEUX;3;0;0
Pontivy;48.06;-2.96;08/09/2026;07:00;17.6;6;AVERSES;5;0;0.1
Pontivy;48.06;-2.96;08/09/2026;08:00;18.6;6;AVERSES;6;11;0.6
Pontivy;48.06;-2.96;08/09/2026;09:00;18.1;7;PLUIE FAIBLE;6;14;4.3
Pontivy;48.06;-2.96;08/09/2026;10:00;17.6;6;AVERSES;7;13;1.6
Pontivy;48.06;-2.96;08/09/2026;11:00;17.4;7;PLUIE FAIBLE;7;13;2.5
Pontivy;48.06;-2.96;08/09/2026;12:00;20.5;6;AVERSES;6;13;0.6
Pontivy;48.06;-2.96;08/09/2026;13:00;20.4;6;AVERSES;6;21;0.1
Pontivy;48.06;-2.96;08/09/2026;14:00;18.6;6;AVERSES;6;15;0.2
Pontivy;48.06;-2.96;08/09/2026;15:00;19.4;6;AVERSES;6;15;0.1
Pontivy;48.06;-2.96;08/09/2026;16:00;19.7;2;NUAGEUX;6;14;0
Pontivy;48.06;-2.96;08/09/2026;17:00;18.5;0;SOLEIL;6;13;0
Pontivy;48.06;-2.96;08/09/2026;18:00;16.9;0;SOLEIL;5;11;0
Pontivy;48.06;-2.96;08/09/2026;19:00;15.2;0;SOLEIL;4;0;0
Pontivy;48.06;-2.96;08/09/2026;20:00;14.4;0;SOLEIL;4;0;0
Pontivy;48.06;-2.96;08/09/2026;21:00;13.9;0;SOLEIL;3;0;0
Pontivy;48.06;-2.96;08/09/2026;22:00;13.1;0;SOLEIL;3;0;0
Pontivy;48.06;-2.96;08/09/2026;23:00;13.1;0;SOLEIL;3;0;0
Pontivy;48.06;-2.96;09/09/2026;00:00;12.1;0;SOLEIL;3;0;0
Pontivy;48.06;-2.96;09/09/2026;01:00;12.1;0;SOLEIL;3;0;0
Pontivy;48.06;-2.96;09/09/2026;02:00;11.6;0;SOLEIL;3;0;0
Pontivy;48.06;-2.96;09/09/2026;03:00;11.6;0;SOLEIL;3;0;0
Pontivy;48.06;-2.96;09/09/2026;04:00;11.6;0;SOLEIL;3;0;0
Pontivy;48.06;-2.96;09/09/2026;05:00;11.5;0;SOLEIL;3;0;0
Pontivy;48.06;-2.96;09/09/2026;06:00;11.5;0;SOLEIL;3;0;0
Pontivy;48.06;-2.96;09/09/2026;07:00;11.5;0;SOLEIL;3;0;0
Pontivy;48.06;-2.96;09/09/2026;08:00;17.6;0;SOLEIL;4;0;0
Pontivy;48.06;-2.96;09/09/2026;09:00;17.6;0;SOLEIL;4;0;0
Pontivy;48.06;-2.96;09/09/2026;10:00;17.6;0;SOLEIL;4;0;0
Pontivy;48.06;-2.96;09/09/2026;11:00;20.1;2;NUAGEUX;4;0;0
Pontivy;48.06;-2.96;09/09/2026;12:00;20.1;2;NUAGEUX;4;0;0
Pontivy;48.06;-2.96;09/09/2026;13:00;20.1;2;NUAGEUX;4;0;0
Pontivy;48.06;-2.96;09/09/2026;14:00;19.4;2;NUAGEUX;3;0;0
Pontivy;48.06;-2.96;09/09/2026;15:00;19.4;2;NUAGEUX;3;0;0
Pontivy;48.06;-2.96;09/09/2026;16:00;19.4;2;NUAGEUX;3;0;0
Pontivy;48.06;-2.96;09/09/2026;17:00;17.6;0;SOLEIL;3;0;0
Pontivy;48.06;-2.96;09/09/2026;18:00;17.6;0;SOLEIL;3;0;0
Pontivy;48.06;-2.96;09/09/2026;19:00;17.6;0;SOLEIL;3;0;0
Pontivy;48.06;-2.96;09/09/2026;20:00;13.2;5;SOLEIL VOILÉ;2;0;0
Pontivy;48.06;-2.96;09/09/2026;21:00;13.2;5;SOLEIL VOILÉ;2;0;0
Pontivy;48.06;-2.96;09/09/2026;22:00;13.2;5;SOLEIL VOILÉ;2;0;0
Pontivy;48.06;-2.96;09/09/2026;23:00;11.1;5;SOLEIL VOILÉ;1;0;0
Pontivy;48.06;-2.96;10/09/2026;00:00;11.1;5;SOLEIL VOILÉ;1;0;0
Pontivy;48.06;-2.96;10/09/2026;01:00;11.1;5;SOLEIL VOILÉ;1;0;0
Pontivy;48.06;-2.96;10/09/2026;02:00;9.4;5;SOLEIL VOILÉ;1;0;0
Pontivy;48.06;-2.96;10/09/2026;03:00;9.4;5;SOLEIL VOILÉ;1;0;0
Pontivy;48.06;-2.96;10/09/2026;04:00;9.4;5;SOLEIL VOILÉ;1;0;0
Pontivy;48.06;-2.96;10/09/2026;05:00;8.9;5;SOLEIL VOILÉ;0;0;0
Pontivy;48.06;-2.96;10/09/2026;06:00;8.9;5;SOLEIL VOILÉ;0;0;0
Pontivy;48.06;-2.96;10/09/2026;07:00;8.9;5;SOLEIL VOILÉ;0;0;0
Pontivy;48.06;-2.96;10/09/2026;08:00;15.6;2;NUAGEUX;2;0;0
Pontivy;48.06;-2.96;10/09/2026;09:00;15.6;2;NUAGEUX;2;0;0
Pontivy;48.06;-2.96;10/09/2026;10:00;15.6;2;NUAGEUX;2;0;0
Pontivy;48.06;-2.96;10/09/2026;11:00;18.6;2;NUAGEUX;3;0;0
Pontivy;48.06;-2.96;10/09/2026;12:00;18.6;2;NUAGEUX;3;0;0
Pontivy;48.06;-2.96;10/09/2026;13:00;18.6;2;NUAGEUX;3;0;0
Pontivy;48.06;-2.96;10/09/2026;14:00;18.5;2;NUAGEUX;4;0;0
Pontivy;48.06;-2.96;10/09/2026;15:00;18.5;2;NUAGEUX;4;0;0
Pontivy;48.06;-2.96;10/09/2026;16:00;18.5;2;NUAGEUX;4;0;0
Pontivy;48.06;-2.96;10/09/2026;17:00;17.1;2;NUAGEUX;4;0;0
Pontivy;48.06;-2.96;10/09/2026;18:00;17.1;2;NUAGEUX;4;0;0
Pontivy;48.06;-2.96;10/09/2026;19:00;17.1;2;NUAGEUX;4;0;0
Pontivy;48.06;-2.96;10/09/2026;20:00;13.2;2;NUAGEUX;5;0;0
Pontivy;48.06;-2.96;10/09/2026;21:00;11.9;2;NUAGEUX;5;0;0
Pontivy;48.06;-2.96;10/09/2026;22:00;10.6;2;NUAGEUX;5;0;0
Pontivy;48.06;-2.96;10/09/2026;23:00;14.2;7;PLUIE FAIBLE;4;0;0
Pontivy;48.06;-2.96;11/09/2026;00:00;14.2;7;PLUIE FAIBLE;4;0;0
Pontivy;48.06;-2.96;11/09/2026;01:00;14.2;7;PLUIE FAIBLE;4;0;0
Pontivy;48.06;-2.96;11/09/2026;02:00;14.2;6;AVERSES;5;0;0
Pontivy;48.06;-2.96;11/09/2026;03:00;14.2;6;AVERSES;5;0;0
Pontivy;48.06;-2.96;11/09/2026;04:00;14.2;6;AVERSES;5;0;0
Pontivy;48.06;-2.96;11/09/2026;05:00;15.4;7;PLUIE FAIBLE;3;0;0
Pontivy;48.06;-2.96;11/09/2026;06:00;15.4;7;PLUIE FAIBLE;3;0;0
Pontivy;48.06;-2.96;11/09/2026;07:00;15.4;7;PLUIE FAIBLE;3;0;0
Pontivy;48.06;-2.96;11/09/2026;08:00;16.0;6;AVERSES;5;0;0
Pontivy;48.06;-2.96;11/09/2026;09:00;16.9;6;AVERSES;5;0;0
Pontivy;48.06;-2.96;11/09/2026;10:00;17.8;6;AVERSES;5;0;0
Pontivy;48.06;-2.96;11/09/2026;11:00;21;6;AVERSES;4;0;0
Pontivy;48.06;-2.96;11/09/2026;12:00;21;6;AVERSES;4;0;0
Pontivy;48.06;-2.96;11/09/2026;13:00;21;6;AVERSES;4;0;0
Pontivy;48.06;-2.96;11/09/2026;14:00;21.5;6;AVERSES;5;0;0
Pontivy;48.06;-2.96;11/09/2026;15:00;22.4;6;AVERSES;5;0;0
Pontivy;48.06;-2.96;11/09/2026;16:00;21.5;6;AVERSES;5;0;0
Pontivy;48.06;-2.96;11/09/2026;17:00;18.7;2;NUAGEUX;4;0;0
Pontivy;48.06;-2.96;11/09/2026;18:00;18.7;2;NUAGEUX;4;0;0
Pontivy;48.06;-2.96;11/09/2026;19:00;18.7;2;NUAGEUX;4;0;0
Pontivy;48.06;-2.96;11/09/2026;20:00;17.8;6;AVERSES;5;0;0
Pontivy;48.06;-2.96;11/09/2026;21:00;16.9;6;AVERSES;5;0;0
Pontivy;48.06;-2.96;11/09/2026;22:00;16.0;6;AVERSES;5;0;0
Pontivy;48.06;-2.96;11/09/2026;23:00;12.6;0;SOLEIL;2;0;0
Pontivy;48.06;-2.96;12/09/2026;00:00;12.6;0;SOLEIL;2;0;0
Pontivy;48.06;-2.96;12/09/2026;01:00;12.6;0;SOLEIL;2;0;0
Pontivy;48.06;-2.96;12/09/2026;02:00;10;2;NUAGEUX;5;0;0
Pontivy;48.06;-2.96;12/09/2026;03:00;10;2;NUAGEUX;5;0;0
Pontivy;48.06;-2.96;12/09/2026;04:00;10;2;NUAGEUX;5;0;0
Pontivy;48.06;-2.96;12/09/2026;05:00;10.6;2;NUAGEUX;2;0;0
Pontivy;48.06;-2.96;12/09/2026;06:00;10.6;2;NUAGEUX;2;0;0
Pontivy;48.06;-2.96;12/09/2026;07:00;10.6;2;NUAGEUX;2;0;0
Pontivy;48.06;-2.96;12/09/2026;08:00;12.8;2;NUAGEUX;5;0;0
Pontivy;48.06;-2.96;12/09/2026;09:00;14.2;2;NUAGEUX;5;0;0
Pontivy;48.06;-2.96;12/09/2026;10:00;15.6;2;NUAGEUX;5;0;0
Pontivy;48.06;-2.96;12/09/2026;11:00;20.6;2;NUAGEUX;2;0;0
Pontivy;48.06;-2.96;12/09/2026;12:00;20.6;2;NUAGEUX;2;0;0
Pontivy;48.06;-2.96;12/09/2026;13:00;20.6;2;NUAGEUX;2;0;0
Pontivy;48.06;-2.96;12/09/2026;14:00;21.1;2;NUAGEUX;5;0;0
Pontivy;48.06;-2.96;12/09/2026;15:00;22.5;2;NUAGEUX;5;0;0
Pontivy;48.06;-2.96;12/09/2026;16:00;21.1;2;NUAGEUX;5;0;0
Pontivy;48.06;-2.96;12/09/2026;17:00;19.5;2;NUAGEUX;3;0;0
Pontivy;48.06;-2.96;12/09/2026;18:00;19.5;2;NUAGEUX;3;0;0
Pontivy;48.06;-2.96;12/09/2026;19:00;19.5;2;NUAGEUX;3;0;0
Pontivy;48.06;-2.96;12/09/2026;20:00;15.6;2;NUAGEUX;5;0;0
Pontivy;48.06;-2.96;12/09/2026;21:00;14.2;2;NUAGEUX;5;0;0
Pontivy;48.06;-2.96;12/09/2026;22:00;12.8;2;NUAGEUX;5;0;0
Pontivy;48.06;-2.96;12/09/2026;23:00;13.2;0;SOLEIL;3;0;0
Vannes;47.65;-2.76;08/09/2026;00:00;18.7;2;NUAGEUX;3;0;0
Vannes;47.65;-2.76;08/09/2026;01:00;18.6;2;NUAGEUX;4;0;0
Vannes;47.65;-2.76;08/09/2026;02:00;18.6;2;NUAGEUX;4;0;0
Vannes;47.65;-2.76;08/09/2026;03:00;18.4;2;NUAGEUX;4;0;0
Vannes;47.65;-2.76;08/09/2026;04:00;18.4;2;NUAGEUX;5;0;0
Vannes;47.65;-2.76;08/09/2026;05:00;18.5;2;NUAGEUX;4;0;0
Vannes;47.65;-2.76;08/09/2026;06:00;18.6;2;NUAGEUX;4;0;0
Vannes;47.65;-2.76;08/09/2026;07:00;19.1;6;AVERSES;5;0;0.1
Vannes;47.65;-2.76;08/09/2026;08:00;20.1;6;AVERSES;6;13;0.1
Vannes;47.65;-2.76;08/09/2026;09:00;20.6;6;AVERSES;7;15;1.2
Vannes;47.65;-2.76;08/09/2026;10:00;19.9;7;PLUIE FAIBLE;8;16;3.1
Vannes;47.65;-2.76;08/09/2026;11:00;20.1;6;AVERSES;8;16;2.2
Vannes;47.65;-2.76;08/09/2026;12:00;21.2;6;AVERSES;7;18;0.2
Vannes;47.65;-2.76;08/09/2026;13:00;21.7;6;AVERSES;6;16;0.2
Vannes;47.65;-2.76;08/09/2026;14:00;22.7;6;AVERSES;6;20;0.1
Vannes;47.65;-2.76;08/09/2026;15:00;20.5;6;AVERSES;6;16;0.1
Vannes;47.65;-2.76;08/09/2026;16:00;20.6;2;NUAGEUX;6;14;0
Vannes;47.65;-2.76;08/09/2026;17:00;19.6;0;SOLEIL;6;12;0
Vannes;47.65;-2.76;08/09/2026;18:00;18.1;0;SOLEIL;5;11;0
Vannes;47.65;-2.76;08/09/2026;19:00;16.9;0;SOLEIL;4;0;0
Vannes;47.65;-2.76;08/09/2026;20:00;16.1;0;SOLEIL;3;0;0
Vannes;47.65;-2.76;08/09/2026;21:00;14.5;0;SOLEIL;3;0;0
Vannes;47.65;-2.76;08/09/2026;22:00;14;0;SOLEIL;3;0;0
Vannes;47.65;-2.76;08/09/2026;23:00;13.1;0;SOLEIL;3;0;0
Vannes;47.65;-2.76;09/09/2026;00:00;12.6;0;SOLEIL;3;0;0
Vannes;47.65;-2.76;09/09/2026;01:00;12.6;0;SOLEIL;3;0;0
Vannes;47.65;-2.76;09/09/2026;02:00;11.6;0;SOLEIL;3;0;0
Vannes;47.65;-2.76;09/09/2026;03:00;11.6;0;SOLEIL;3;0;0
Vannes;47.65;-2.76;09/09/2026;04:00;11.6;0;SOLEIL;3;0;0
Vannes;47.65;-2.76;09/09/2026;05:00;12.1;0;SOLEIL;3;0;0
Vannes;47.65;-2.76;09/09/2026;06:00;12.1;0;SOLEIL;3;0;0
Vannes;47.65;-2.76;09/09/2026;07:00;12.1;0;SOLEIL;3;0;0
Vannes;47.65;-2.76;09/09/2026;08:00;18.4;0;SOLEIL;4;0;0
Vannes;47.65;-2.76;09/09/2026;09:00;18.4;0;SOLEIL;4;0;0
Vannes;47.65;-2.76;09/09/2026;10:00;18.4;0;SOLEIL;4;0;0
Vannes;47.65;-2.76;09/09/2026;11:00;20.9;2;NUAGEUX;4;0;0
Vannes;47.65;-2.76;09/09/2026;12:00;20.9;2;NUAGEUX;4;0;0
Vannes;47.65;-2.76;09/09/2026;13:00;20.9;2;NUAGEUX;4;0;0
Vannes;47.65;-2.76;09/09/2026;14:00;21.6;2;NUAGEUX;7;0;0
Vannes;47.65;-2.76;09/09/2026;15:00;21.6;2;NUAGEUX;7;0;0
Vannes;47.65;-2.76;09/09/2026;16:00;21.6;2;NUAGEUX;7;0;0
Vannes;47.65;-2.76;09/09/2026;17:00;18.9;0;SOLEIL;5;0;0
Vannes;47.65;-2.76;09/09/2026;18:00;18.9;0;SOLEIL;5;0;0
Vannes;47.65;-2.76;09/09/2026;19:00;18.9;0;SOLEIL;5;0;0
Vannes;47.65;-2.76;09/09/2026;20:00;15.1;5;SOLEIL VOILÉ;2;0;0
Vannes;47.65;-2.76;09/09/2026;21:00;15.1;5;SOLEIL VOILÉ;2;0;0
Vannes;47.65;-2.76;09/09/2026;22:00;15.1;5;SOLEIL VOILÉ;2;0;0
Vannes;47.65;-2.76;09/09/2026;23:00;12.6;5;SOLEIL VOILÉ;2;0;0
Vannes;47.65;-2.76;10/09/2026;00:00;12.6;5;SOLEIL VOILÉ;2;0;0
Vannes;47.65;-2.76;10/09/2026;01:00;12.6;5;SOLEIL VOILÉ;2;0;0
Vannes;47.65;-2.76;10/09/2026;02:00;11.2;5;SOLEIL VOILÉ;1;0;0
Vannes;47.65;-2.76;10/09/2026;03:00;11.2;5;SOLEIL VOILÉ;1;0;0
Vannes;47.65;-2.76;10/09/2026;04:00;11.2;5;SOLEIL VOILÉ;1;0;0
Vannes;47.65;-2.76;10/09/2026;05:00;10.2;5;SOLEIL VOILÉ;1;0;0
Vannes;47.65;-2.76;10/09/2026;06:00;10.2;5;SOLEIL VOILÉ;1;0;0
Vannes;47.65;-2.76;10/09/2026;07:00;10.2;5;SOLEIL VOILÉ;1;0;0
Vannes;47.65;-2.76;10/09/2026;08:00;17.4;2;NUAGEUX;2;0;0
Vannes;47.65;-2.76;10/09/2026;09:00;17.4;2;NUAGEUX;2;0;0
Vannes;47.65;-2.76;10/09/2026;10:00;17.4;2;NUAGEUX;2;0;0
Vannes;47.65;-2.76;10/09/2026;11:00;20;2;NUAGEUX;4;0;0
Vannes;47.65;-2.76;10/09/2026;12:00;20;2;NUAGEUX;4;0;0
Vannes;47.65;-2.76;10/09/2026;13:00;20;2;NUAGEUX;4;0;0
Vannes;47.65;-2.76;10/09/2026;14:00;20.4;2;NUAGEUX;4;0;0
Vannes;47.65;-2.76;10/09/2026;15:00;20.4;2;NUAGEUX;4;0;0
Vannes;47.65;-2.76;10/09/2026;16:00;20.4;2;NUAGEUX;4;0;0
Vannes;47.65;-2.76;10/09/2026;17:00;18.1;2;NUAGEUX;4;0;0
Vannes;47.65;-2.76;10/09/2026;18:00;18.1;2;NUAGEUX;4;0;0
Vannes;47.65;-2.76;10/09/2026;19:00;18.1;2;NUAGEUX;4;0;0
Vannes;47.65;-2.76;10/09/2026;20:00;14.7;2;NUAGEUX;5;0;0
Vannes;47.65;-2.76;10/09/2026;21:00;13.4;2;NUAGEUX;5;0;0
Vannes;47.65;-2.76;10/09/2026;22:00;12.1;2;NUAGEUX;5;0;0
Vannes;47.65;-2.76;10/09/2026;23:00;16.2;2;NUAGEUX;3;0;0
Vannes;47.65;-2.76;11/09/2026;00:00;16.2;2;NUAGEUX;3;0;0
Vannes;47.65;-2.76;11/09/2026;01:00;16.2;2;NUAGEUX;3;0;0
Vannes;47.65;-2.76;11/09/2026;02:00;15.6;6;AVERSES;5;0;0
Vannes;47.65;-2.76;11/09/2026;03:00;15.6;6;AVERSES;5;0;0
Vannes;47.65;-2.76;11/09/2026;04:00;15.6;6;AVERSES;5;0;0
Vannes;47.65;-2.76;11/09/2026;05:00;17.2;7;PLUIE FAIBLE;3;0;0
Vannes;47.65;-2.76;11/09/2026;06:00;17.2;7;PLUIE FAIBLE;3;0;0
Vannes;47.65;-2.76;11/09/2026;07:00;17.2;7;PLUIE FAIBLE;3;0;0
Vannes;47.65;-2.76;11/09/2026;08:00;17.4;6;AVERSES;5;0;0
Vannes;47.65;-2.76;11/09/2026;09:00;18.3;6;AVERSES;5;0;0
Vannes;47.65;-2.76;11/09/2026;10:00;19.2;6;AVERSES;5;0;0
Vannes;47.65;-2.76;11/09/2026;11:00;22.6;6;AVERSES;4;0;0
Vannes;47.65;-2.76;11/09/2026;12:00;22.6;6;AVERSES;4;0;0
Vannes;47.65;-2.76;11/09/2026;13:00;22.6;6;AVERSES;4;0;0
Vannes;47.65;-2.76;11/09/2026;14:00;22.8;6;AVERSES;5;0;0
Vannes;47.65;-2.76;11/09/2026;15:00;23.7;6;AVERSES;5;0;0
Vannes;47.65;-2.76;11/09/2026;16:00;22.8;6;AVERSES;5;0;0
Vannes;47.65;-2.76;11/09/2026;17:00;20.5;2;NUAGEUX;3;0;0
Vannes;47.65;-2.76;11/09/2026;18:00;20.5;2;NUAGEUX;3;0;0
Vannes;47.65;-2.76;11/09/2026;19:00;20.5;2;NUAGEUX;3;0;0
Vannes;47.65;-2.76;11/09/2026;20:00;19.2;6;AVERSES;5;0;0
Vannes;47.65;-2.76;11/09/2026;21:00;18.3;6;AVERSES;5;0;0
Vannes;47.65;-2.76;11/09/2026;22:00;17.4;6;AVERSES;5;0;0
Vannes;47.65;-2.76;11/09/2026;23:00;14.2;0;SOLEIL;3;0;0
Vannes;47.65;-2.76;12/09/2026;00:00;14.2;0;SOLEIL;3;0;0
Vannes;47.65;-2.76;12/09/2026;01:00;14.2;0;SOLEIL;3;0;0
Vannes;47.65;-2.76;12/09/2026;02:00;11.5;0;SOLEIL;5;0;0
Vannes;47.65;-2.76;12/09/2026;03:00;11.5;0;SOLEIL;5;0;0
Vannes;47.65;-2.76;12/09/2026;04:00;11.5;0;SOLEIL;5;0;0
Vannes;47.65;-2.76;12/09/2026;05:00;12.2;0;SOLEIL;2;0;0
Vannes;47.65;-2.76;12/09/2026;06:00;12.2;0;SOLEIL;2;0;0
Vannes;47.65;-2.76;12/09/2026;07:00;12.2;0;SOLEIL;2;0;0
Vannes;47.65;-2.76;12/09/2026;08:00;14.2;0;SOLEIL;5;0;0
Vannes;47.65;-2.76;12/09/2026;09:00;15.5;0;SOLEIL;5;0;0
Vannes;47.65;-2.76;12/09/2026;10:00;16.9;0;SOLEIL;5;0;0
Vannes;47.65;-2.76;12/09/2026;11:00;22.2;2;NUAGEUX;2;0;0
Vannes;47.65;-2.76;12/09/2026;12:00;22.2;2;NUAGEUX;2;0;0
Vannes;47.65;-2.76;12/09/2026;13:00;22.2;2;NUAGEUX;2;0;0
Vannes;47.65;-2.76;12/09/2026;14:00;22.3;0;SOLEIL;5;0;0
Vannes;47.65;-2.76;12/09/2026;15:00;23.6;0;SOLEIL;5;0;0
Vannes;47.65;-2.76;12/09/2026;16:00;22.3;0;SOLEIL;5;0;0
Vannes;47.65;-2.76;12/09/2026;17:00;19.7;0;SOLEIL;3;0;0
Vannes;47.65;-2.76;12/09/2026;18:00;19.7;0;SOLEIL;3;0;0
Vannes;47.65;-2.76;12/09/2026;19:00;19.7;0;SOLEIL;3;0;0
Vannes;47.65;-2.76;12/09/2026;20:00;16.9;0;SOLEIL;5;0;0
Vannes;47.65;-2.76;12/09/2026;21:00;15.5;0;SOLEIL;5;0;0
Vannes;47.65;-2.76;12/09/2026;22:00;14.2;0;SOLEIL;5;0;0
Vannes;47.65;-2.76;12/09/2026;23:00;14.1;0;SOLEIL;2;0;0
